classifier_variant,family,arm,pair_id,normalized_entropy,modal_disagreement,unique_actions
char_svm,hard,generic,0,0.792481250360578,0.6666666666666667,3
char_svm,hard,generic,1,0.4955380299191111,0.4444444444444444,2
char_svm,hard,generic,2,0.4591479170272447,0.33333333333333337,2
char_svm,hard,generic,3,0.25162916738782287,0.11111111111111116,2
char_svm,hard,generic,4,0.7177602521413333,0.4444444444444444,3
char_svm,hard,generic,5,0.38210225325431013,0.2222222222222222,2
char_svm,hard,generic,6,0.7652465283787413,0.5555555555555556,3
char_svm,hard,generic,7,0.8763576394898526,0.5555555555555556,4
char_svm,hard,generic,8,0.7652465283787413,0.5555555555555556,3
char_svm,hard,generic,9,0.38210225325431013,0.2222222222222222,2
char_svm,hard,generic,10,0.6960736118322673,0.5555555555555556,3
char_svm,hard,generic,11,0.7652465283787413,0.5555555555555556,3
char_svm,hard,generic,12,0.4591479170272447,0.33333333333333337,2
char_svm,hard,generic,13,0.7652465283787413,0.5555555555555556,3
char_svm,hard,generic,14,0.7177602521413333,0.4444444444444444,3
char_svm,hard,generic,15,0.6121972227029931,0.33333333333333337,3
char_svm,hard,generic,16,0.7652465283787413,0.5555555555555556,3
char_svm,hard,generic,17,0.4955380299191111,0.4444444444444444,2
char_svm,hard,generic,18,0.8763576394898526,0.5555555555555556,4
char_svm,hard,generic,19,0.6758220575766962,0.4444444444444444,3
char_svm,hard,generic,20,0.6121972227029931,0.33333333333333337,3
char_svm,hard,generic,21,0.25162916738782287,0.11111111111111116,2
char_svm,hard,generic,22,0.6960736118322673,0.5555555555555556,3
char_svm,hard,generic,23,0.4932133643654213,0.2222222222222222,3
char_svm,hard,generic,24,0.8288713632524446,0.4444444444444444,4
char_svm,hard,generic,25,0.7652465283787413,0.5555555555555556,3
char_svm,hard,generic,26,0.6121972227029931,0.33333333333333337,3
char_svm,hard,generic,27,0.6758220575766962,0.4444444444444444,3
char_svm,hard,generic,28,0.38210225325431013,0.2222222222222222,2
char_svm,hard,generic,29,0.6758220575766962,0.4444444444444444,3
char_svm,hard,generic,30,0.25162916738782287,0.11111111111111116,2
char_svm,hard,generic,31,0.6960736118322673,0.5555555555555556,3
char_svm,hard,generic,32,0.4591479170272447,0.33333333333333337,2
char_svm,hard,generic,33,0.4591479170272447,0.33333333333333337,2
char_svm,hard,generic,34,0.8763576394898526,0.5555555555555556,4
char_svm,hard,generic,35,0.38210225325431013,0.2222222222222222,2
char_svm,hard,generic,36,0.6121972227029931,0.33333333333333337,3
char_svm,hard,generic,37,0.6758220575766962,0.4444444444444444,3
char_svm,hard,generic,38,0.9455305560363264,0.6666666666666667,4
char_svm,hard,generic,39,0.4955380299191111,0.4444444444444444,2
char_svm,hard,generic,40,0.9182958340544897,0.5555555555555556,4
char_svm,hard,generic,41,0.6758220575766962,0.4444444444444444,3
char_svm,hard,generic,42,0.4591479170272447,0.33333333333333337,2
char_svm,hard,generic,43,0.38210225325431013,0.2222222222222222,2
char_svm,hard,generic,44,0.6960736118322673,0.5555555555555556,3
char_svm,hard,generic,45,0.6121972227029931,0.33333333333333337,3
char_svm,hard,generic,46,0.7652465283787413,0.5555555555555556,3
char_svm,hard,generic,47,0.4955380299191111,0.4444444444444444,2
char_svm,hard,generic,48,0.4955380299191111,0.4444444444444444,2
char_svm,hard,generic,49,0.6121972227029931,0.33333333333333337,3
char_svm,hard,generic,50,0.38210225325431013,0.2222222222222222,2
char_svm,hard,generic,51,0.9182958340544897,0.5555555555555556,4
char_svm,hard,generic,52,0.6758220575766962,0.4444444444444444,3
char_svm,hard,generic,53,0.8288713632524446,0.4444444444444444,4
char_svm,hard,generic,54,0.38210225325431013,0.2222222222222222,2
char_svm,hard,generic,55,0.4932133643654213,0.2222222222222222,3
char_svm,hard,generic,56,0.25162916738782287,0.11111111111111116,2
char_svm,hard,generic,57,0.6121972227029931,0.33333333333333337,3
char_svm,hard,generic,58,0.6121972227029931,0.33333333333333337,3
char_svm,hard,generic,59,0.6758220575766962,0.4444444444444444,3
char_svm,hard,generic,60,0.7652465283787413,0.5555555555555556,3
char_svm,hard,generic,61,0.6758220575766962,0.4444444444444444,3
char_svm,hard,generic,62,0.6758220575766962,0.4444444444444444,3
char_svm,hard,generic,63,0.6121972227029931,0.33333333333333337,3
char_svm,hard,generic,64,0.6121972227029931,0.33333333333333337,3
char_svm,hard,generic,65,0.4591479170272447,0.33333333333333337,2
char_svm,hard,generic,66,0.6960736118322673,0.5555555555555556,3
char_svm,hard,generic,67,0.4591479170272447,0.33333333333333337,2
char_svm,hard,generic,68,0.8288713632524446,0.4444444444444444,4
char_svm,hard,generic,69,0.6121972227029931,0.33333333333333337,3
char_svm,hard,generic,70,0.4591479170272447,0.33333333333333337,2
char_svm,hard,generic,71,0.7177602521413333,0.4444444444444444,3
char_svm,hard,generic,72,0.7177602521413333,0.4444444444444444,3
char_svm,hard,generic,73,0.8288713632524446,0.4444444444444444,4
char_svm,hard,generic,74,0.6121972227029931,0.33333333333333337,3
char_svm,hard,generic,75,0.38210225325431013,0.2222222222222222,2
char_svm,hard,generic,76,0.7652465283787413,0.5555555555555556,3
char_svm,hard,generic,77,0.38210225325431013,0.2222222222222222,2
char_svm,hard,generic,78,0.9182958340544897,0.5555555555555556,4
char_svm,hard,generic,79,0.9182958340544897,0.5555555555555556,4
char_svm,hard,generic,80,0.4591479170272447,0.33333333333333337,2
char_svm,hard,generic,81,0.25162916738782287,0.11111111111111116,2
char_svm,hard,generic,82,0.6758220575766962,0.4444444444444444,3
char_svm,hard,generic,83,0.38210225325431013,0.2222222222222222,2
char_svm,hard,generic,84,0.4955380299191111,0.4444444444444444,2
char_svm,hard,generic,85,0.6758220575766962,0.4444444444444444,3
char_svm,hard,generic,86,0.38210225325431013,0.2222222222222222,2
char_svm,hard,generic,87,0.6960736118322673,0.5555555555555556,3
char_svm,hard,generic,88,0.6121972227029931,0.33333333333333337,3
char_svm,hard,generic,89,0.4955380299191111,0.4444444444444444,2
char_svm,hard,generic,90,0.6960736118322673,0.5555555555555556,3
char_svm,hard,generic,91,0.4932133643654213,0.2222222222222222,3
char_svm,hard,generic,92,0.25162916738782287,0.11111111111111116,2
char_svm,hard,generic,93,0.4955380299191111,0.4444444444444444,2
char_svm,hard,generic,94,0.6121972227029931,0.33333333333333337,3
char_svm,hard,generic,95,0.4932133643654213,0.2222222222222222,3
char_svm,hard,generic,96,0.7177602521413333,0.4444444444444444,3
char_svm,hard,generic,97,-0.0,0.0,1
char_svm,hard,generic,98,0.4932133643654213,0.2222222222222222,3
char_svm,hard,generic,99,0.4932133643654213,0.2222222222222222,3
char_svm,hard,generic,100,0.25162916738782287,0.11111111111111116,2
char_svm,hard,generic,101,0.6121972227029931,0.33333333333333337,3
char_svm,hard,generic,102,0.6758220575766962,0.4444444444444444,3
char_svm,hard,generic,103,0.25162916738782287,0.11111111111111116,2
char_svm,hard,generic,104,0.792481250360578,0.6666666666666667,3
char_svm,hard,generic,105,0.7177602521413333,0.4444444444444444,3
char_svm,hard,generic,106,0.7652465283787413,0.5555555555555556,3
char_svm,hard,generic,107,0.8763576394898526,0.5555555555555556,4
char_svm,hard,generic,108,0.7652465283787413,0.5555555555555556,3
char_svm,hard,generic,109,0.6960736118322673,0.5555555555555556,3
char_svm,hard,generic,110,0.6758220575766962,0.4444444444444444,3
char_svm,hard,generic,111,0.6121972227029931,0.33333333333333337,3
char_svm,hard,generic,112,0.25162916738782287,0.11111111111111116,2
char_svm,hard,generic,113,0.4955380299191111,0.4444444444444444,2
char_svm,hard,generic,114,0.38210225325431013,0.2222222222222222,2
char_svm,hard,generic,115,0.38210225325431013,0.2222222222222222,2
char_svm,hard,generic,116,0.4591479170272447,0.33333333333333337,2
char_svm,hard,generic,117,0.6121972227029931,0.33333333333333337,3
char_svm,hard,generic,118,0.6960736118322673,0.5555555555555556,3
char_svm,hard,generic,119,0.25162916738782287,0.11111111111111116,2
char_svm,hard,generic,120,0.4955380299191111,0.4444444444444444,2
char_svm,hard,generic,121,0.7177602521413333,0.4444444444444444,3
char_svm,hard,generic,122,0.8763576394898526,0.5555555555555556,4
char_svm,hard,generic,123,0.7652465283787413,0.5555555555555556,3
char_svm,hard,generic,124,0.7652465283787413,0.5555555555555556,3
char_svm,hard,generic,125,0.7652465283787413,0.5555555555555556,3
char_svm,hard,generic,126,0.4591479170272447,0.33333333333333337,2
char_svm,hard,generic,127,0.4955380299191111,0.4444444444444444,2
char_svm,hard,generic,128,0.6121972227029931,0.33333333333333337,3
char_svm,hard,generic,129,0.7652465283787413,0.5555555555555556,3
char_svm,hard,generic,130,0.4955380299191111,0.4444444444444444,2
char_svm,hard,generic,131,0.7177602521413333,0.4444444444444444,3
char_svm,hard,generic,132,0.25162916738782287,0.11111111111111116,2
char_svm,hard,generic,133,0.25162916738782287,0.11111111111111116,2
char_svm,hard,generic,134,0.6121972227029931,0.33333333333333337,3
char_svm,hard,generic,135,0.6758220575766962,0.4444444444444444,3
char_svm,hard,generic,136,0.6758220575766962,0.4444444444444444,3
char_svm,hard,generic,137,0.6758220575766962,0.4444444444444444,3
char_svm,hard,generic,138,0.25162916738782287,0.11111111111111116,2
char_svm,hard,generic,139,0.7652465283787413,0.5555555555555556,3
char_svm,hard,generic,140,0.6758220575766962,0.4444444444444444,3
char_svm,hard,generic,141,0.6758220575766962,0.4444444444444444,3
char_svm,hard,generic,142,0.7652465283787413,0.5555555555555556,3
char_svm,hard,generic,143,0.7652465283787413,0.5555555555555556,3
char_svm,hard,generic,144,0.38210225325431013,0.2222222222222222,2
char_svm,hard,generic,145,0.6960736118322673,0.5555555555555556,3
char_svm,hard,generic,146,0.38210225325431013,0.2222222222222222,2
char_svm,hard,generic,147,0.4932133643654213,0.2222222222222222,3
char_svm,hard,generic,148,0.4591479170272447,0.33333333333333337,2
char_svm,hard,generic,149,0.7652465283787413,0.5555555555555556,3
char_svm,hard,generic,150,0.38210225325431013,0.2222222222222222,2
char_svm,hard,generic,151,0.6121972227029931,0.33333333333333337,3
char_svm,hard,generic,152,0.38210225325431013,0.2222222222222222,2
char_svm,hard,generic,153,0.4591479170272447,0.33333333333333337,2
char_svm,hard,generic,154,0.6960736118322673,0.5555555555555556,3
char_svm,hard,generic,155,0.6758220575766962,0.4444444444444444,3
char_svm,hard,generic,156,0.4591479170272447,0.33333333333333337,2
char_svm,hard,generic,157,0.6758220575766962,0.4444444444444444,3
char_svm,hard,generic,158,0.4591479170272447,0.33333333333333337,2
char_svm,hard,generic,159,0.6960736118322673,0.5555555555555556,3
char_svm,hard,generic,160,0.8763576394898526,0.5555555555555556,4
char_svm,hard,generic,161,0.6960736118322673,0.5555555555555556,3
char_svm,hard,generic,162,0.25162916738782287,0.11111111111111116,2
char_svm,hard,generic,163,0.6758220575766962,0.4444444444444444,3
char_svm,hard,generic,164,0.6758220575766962,0.4444444444444444,3
char_svm,hard,generic,165,0.7177602521413333,0.4444444444444444,3
char_svm,hard,generic,166,0.4591479170272447,0.33333333333333337,2
char_svm,hard,generic,167,0.4955380299191111,0.4444444444444444,2
char_svm,hard,generic,168,0.6121972227029931,0.33333333333333337,3
char_svm,hard,generic,169,0.4591479170272447,0.33333333333333337,2
char_svm,hard,generic,170,0.7177602521413333,0.4444444444444444,3
char_svm,hard,generic,171,0.6758220575766962,0.4444444444444444,3
char_svm,hard,generic,172,0.6758220575766962,0.4444444444444444,3
char_svm,hard,generic,173,0.4955380299191111,0.4444444444444444,2
char_svm,hard,generic,174,0.6758220575766962,0.4444444444444444,3
char_svm,hard,generic,175,0.25162916738782287,0.11111111111111116,2
char_svm,hard,generic,176,0.38210225325431013,0.2222222222222222,2
char_svm,hard,generic,177,0.7177602521413333,0.4444444444444444,3
char_svm,hard,generic,178,0.7177602521413333,0.4444444444444444,3
char_svm,hard,generic,179,0.38210225325431013,0.2222222222222222,2
char_svm,hard,generic,180,0.38210225325431013,0.2222222222222222,2
char_svm,hard,generic,181,0.4932133643654213,0.2222222222222222,3
char_svm,hard,generic,182,0.25162916738782287,0.11111111111111116,2
char_svm,hard,generic,183,0.7177602521413333,0.4444444444444444,3
char_svm,hard,generic,184,0.6960736118322673,0.5555555555555556,3
char_svm,hard,generic,185,0.8288713632524446,0.4444444444444444,4
char_svm,hard,generic,186,0.6758220575766962,0.4444444444444444,3
char_svm,hard,generic,187,0.6758220575766962,0.4444444444444444,3
char_svm,hard,generic,188,0.6758220575766962,0.4444444444444444,3
char_svm,hard,generic,189,0.7652465283787413,0.5555555555555556,3
char_svm,hard,generic,190,0.4932133643654213,0.2222222222222222,3
char_svm,hard,generic,191,0.4932133643654213,0.2222222222222222,3
char_svm,hard,generic,192,0.9455305560363264,0.6666666666666667,4
char_svm,hard,generic,193,0.7177602521413333,0.4444444444444444,3
char_svm,hard,generic,194,0.4932133643654213,0.2222222222222222,3
char_svm,hard,generic,195,0.38210225325431013,0.2222222222222222,2
char_svm,hard,generic,196,0.6960736118322673,0.5555555555555556,3
char_svm,hard,generic,197,0.6121972227029931,0.33333333333333337,3
char_svm,hard,generic,198,0.25162916738782287,0.11111111111111116,2
char_svm,hard,generic,199,0.4591479170272447,0.33333333333333337,2
char_svm,hard,generic,200,0.7177602521413333,0.4444444444444444,3
char_svm,hard,generic,201,0.25162916738782287,0.11111111111111116,2
char_svm,hard,generic,202,0.7652465283787413,0.5555555555555556,3
char_svm,hard,generic,203,0.25162916738782287,0.11111111111111116,2
char_svm,hard,generic,204,0.792481250360578,0.6666666666666667,3
char_svm,hard,generic,205,0.4591479170272447,0.33333333333333337,2
char_svm,hard,generic,206,0.4591479170272447,0.33333333333333337,2
char_svm,hard,generic,207,0.6960736118322673,0.5555555555555556,3
char_svm,hard,generic,208,0.7652465283787413,0.5555555555555556,3
char_svm,hard,generic,209,0.6758220575766962,0.4444444444444444,3
char_svm,hard,generic,210,0.4932133643654213,0.2222222222222222,3
char_svm,hard,generic,211,0.7652465283787413,0.5555555555555556,3
char_svm,hard,generic,212,0.4955380299191111,0.4444444444444444,2
char_svm,hard,generic,213,0.4591479170272447,0.33333333333333337,2
char_svm,hard,generic,214,0.25162916738782287,0.11111111111111116,2
char_svm,hard,generic,215,0.25162916738782287,0.11111111111111116,2
char_svm,hard,generic,216,0.6758220575766962,0.4444444444444444,3
char_svm,hard,generic,217,0.38210225325431013,0.2222222222222222,2
char_svm,hard,generic,218,0.7652465283787413,0.5555555555555556,3
char_svm,hard,generic,219,0.6960736118322673,0.5555555555555556,3
char_svm,hard,generic,220,-0.0,0.0,1
char_svm,hard,generic,221,0.7177602521413333,0.4444444444444444,3
char_svm,hard,generic,222,0.4591479170272447,0.33333333333333337,2
char_svm,hard,generic,223,0.38210225325431013,0.2222222222222222,2
char_svm,hard,generic,224,0.38210225325431013,0.2222222222222222,2
char_svm,hard,generic,225,0.38210225325431013,0.2222222222222222,2
char_svm,hard,generic,226,0.4591479170272447,0.33333333333333337,2
char_svm,hard,generic,227,0.4955380299191111,0.4444444444444444,2
char_svm,hard,generic,228,0.6121972227029931,0.33333333333333337,3
char_svm,hard,generic,229,0.4591479170272447,0.33333333333333337,2
char_svm,hard,generic,230,0.4591479170272447,0.33333333333333337,2
char_svm,hard,generic,231,0.25162916738782287,0.11111111111111116,2
char_svm,hard,generic,232,0.4955380299191111,0.4444444444444444,2
char_svm,hard,generic,233,0.7652465283787413,0.5555555555555556,3
char_svm,hard,generic,234,-0.0,0.0,1
char_svm,hard,generic,235,0.7177602521413333,0.4444444444444444,3
char_svm,hard,generic,236,0.6121972227029931,0.33333333333333337,3
char_svm,hard,generic,237,0.6960736118322673,0.5555555555555556,3
char_svm,hard,generic,238,0.4932133643654213,0.2222222222222222,3
char_svm,hard,generic,239,0.6960736118322673,0.5555555555555556,3
char_svm,hard,generic,240,0.25162916738782287,0.11111111111111116,2
char_svm,hard,generic,241,0.792481250360578,0.6666666666666667,3
char_svm,hard,generic,242,0.4591479170272447,0.33333333333333337,2
char_svm,hard,generic,243,0.7652465283787413,0.5555555555555556,3
char_svm,hard,generic,244,0.792481250360578,0.6666666666666667,3
char_svm,hard,generic,245,0.4955380299191111,0.4444444444444444,2
char_svm,hard,generic,246,0.38210225325431013,0.2222222222222222,2
char_svm,hard,generic,247,0.25162916738782287,0.11111111111111116,2
char_svm,hard,generic,248,0.7652465283787413,0.5555555555555556,3
char_svm,hard,generic,249,0.6758220575766962,0.4444444444444444,3
char_svm,hard,generic,250,0.38210225325431013,0.2222222222222222,2
char_svm,hard,generic,251,0.6960736118322673,0.5555555555555556,3
char_svm,hard,generic,252,0.6121972227029931,0.33333333333333337,3
char_svm,hard,generic,253,0.9455305560363264,0.6666666666666667,4
char_svm,hard,generic,254,0.25162916738782287,0.11111111111111116,2
char_svm,hard,generic,255,0.4591479170272447,0.33333333333333337,2
char_svm,hard,generic,256,0.8288713632524446,0.4444444444444444,4
char_svm,hard,generic,257,0.38210225325431013,0.2222222222222222,2
char_svm,hard,generic,258,0.792481250360578,0.6666666666666667,3
char_svm,hard,generic,259,0.7177602521413333,0.4444444444444444,3
char_svm,hard,generic,260,0.7177602521413333,0.4444444444444444,3
char_svm,hard,generic,261,0.6121972227029931,0.33333333333333337,3
char_svm,hard,generic,262,0.25162916738782287,0.11111111111111116,2
char_svm,hard,generic,263,0.4955380299191111,0.4444444444444444,2
char_svm,hard,generic,264,0.38210225325431013,0.2222222222222222,2
char_svm,hard,generic,284,0.9455305560363264,0.6666666666666667,4
char_svm,hard,pedagogy,0,0.4955380299191111,0.4444444444444444,2
char_svm,hard,pedagogy,1,0.4932133643654213,0.2222222222222222,3
char_svm,hard,pedagogy,2,0.7652465283787413,0.5555555555555556,3
char_svm,hard,pedagogy,3,0.4955380299191111,0.4444444444444444,2
char_svm,hard,pedagogy,4,0.4591479170272447,0.33333333333333337,2
char_svm,hard,pedagogy,5,0.38210225325431013,0.2222222222222222,2
char_svm,hard,pedagogy,6,0.792481250360578,0.6666666666666667,3
char_svm,hard,pedagogy,7,0.6121972227029931,0.33333333333333337,3
char_svm,hard,pedagogy,8,0.7177602521413333,0.4444444444444444,3
char_svm,hard,pedagogy,9,0.6758220575766962,0.4444444444444444,3
char_svm,hard,pedagogy,10,0.4932133643654213,0.2222222222222222,3
char_svm,hard,pedagogy,11,0.4955380299191111,0.4444444444444444,2
char_svm,hard,pedagogy,12,0.6960736118322673,0.5555555555555556,3
char_svm,hard,pedagogy,13,0.4591479170272447,0.33333333333333337,2
char_svm,hard,pedagogy,14,0.9182958340544897,0.5555555555555556,4
char_svm,hard,pedagogy,15,0.4591479170272447,0.33333333333333337,2
char_svm,hard,pedagogy,16,0.38210225325431013,0.2222222222222222,2
char_svm,hard,pedagogy,17,0.25162916738782287,0.11111111111111116,2
char_svm,hard,pedagogy,18,0.4591479170272447,0.33333333333333337,2
char_svm,hard,pedagogy,19,0.4955380299191111,0.4444444444444444,2
char_svm,hard,pedagogy,20,0.25162916738782287,0.11111111111111116,2
char_svm,hard,pedagogy,21,0.6960736118322673,0.5555555555555556,3
char_svm,hard,pedagogy,22,0.4591479170272447,0.33333333333333337,2
char_svm,hard,pedagogy,23,0.25162916738782287,0.11111111111111116,2
char_svm,hard,pedagogy,24,0.7652465283787413,0.5555555555555556,3
char_svm,hard,pedagogy,25,0.6758220575766962,0.4444444444444444,3
char_svm,hard,pedagogy,26,0.4591479170272447,0.33333333333333337,2
char_svm,hard,pedagogy,27,0.4591479170272447,0.33333333333333337,2
char_svm,hard,pedagogy,28,0.38210225325431013,0.2222222222222222,2
char_svm,hard,pedagogy,29,0.9182958340544897,0.5555555555555556,4
char_svm,hard,pedagogy,30,0.4932133643654213,0.2222222222222222,3
char_svm,hard,pedagogy,31,0.6960736118322673,0.5555555555555556,3
char_svm,hard,pedagogy,32,0.6758220575766962,0.4444444444444444,3
char_svm,hard,pedagogy,33,0.38210225325431013,0.2222222222222222,2
char_svm,hard,pedagogy,34,0.6960736118322673,0.5555555555555556,3
char_svm,hard,pedagogy,35,0.6758220575766962,0.4444444444444444,3
char_svm,hard,pedagogy,36,0.38210225325431013,0.2222222222222222,2
char_svm,hard,pedagogy,37,0.7652465283787413,0.5555555555555556,3
char_svm,hard,pedagogy,38,0.38210225325431013,0.2222222222222222,2
char_svm,hard,pedagogy,39,0.4932133643654213,0.2222222222222222,3
char_svm,hard,pedagogy,40,0.4955380299191111,0.4444444444444444,2
char_svm,hard,pedagogy,41,0.6121972227029931,0.33333333333333337,3
char_svm,hard,pedagogy,42,0.7652465283787413,0.5555555555555556,3
char_svm,hard,pedagogy,43,0.4955380299191111,0.4444444444444444,2
char_svm,hard,pedagogy,44,0.25162916738782287,0.11111111111111116,2
char_svm,hard,pedagogy,45,-0.0,0.0,1
char_svm,hard,pedagogy,46,0.7177602521413333,0.4444444444444444,3
char_svm,hard,pedagogy,47,0.6758220575766962,0.4444444444444444,3
char_svm,hard,pedagogy,48,0.38210225325431013,0.2222222222222222,2
char_svm,hard,pedagogy,49,0.4955380299191111,0.4444444444444444,2
char_svm,hard,pedagogy,50,0.6758220575766962,0.4444444444444444,3
char_svm,hard,pedagogy,51,0.8288713632524446,0.4444444444444444,4
char_svm,hard,pedagogy,52,0.6121972227029931,0.33333333333333337,3
char_svm,hard,pedagogy,53,0.8288713632524446,0.4444444444444444,4
char_svm,hard,pedagogy,54,0.4591479170272447,0.33333333333333337,2
char_svm,hard,pedagogy,55,0.4932133643654213,0.2222222222222222,3
char_svm,hard,pedagogy,56,0.25162916738782287,0.11111111111111116,2
char_svm,hard,pedagogy,57,0.7177602521413333,0.4444444444444444,3
char_svm,hard,pedagogy,58,0.6121972227029931,0.33333333333333337,3
char_svm,hard,pedagogy,59,0.8288713632524446,0.4444444444444444,4
char_svm,hard,pedagogy,60,0.25162916738782287,0.11111111111111116,2
char_svm,hard,pedagogy,61,0.38210225325431013,0.2222222222222222,2
char_svm,hard,pedagogy,62,0.792481250360578,0.6666666666666667,3
char_svm,hard,pedagogy,63,0.4932133643654213,0.2222222222222222,3
char_svm,hard,pedagogy,64,0.38210225325431013,0.2222222222222222,2
char_svm,hard,pedagogy,65,0.6758220575766962,0.4444444444444444,3
char_svm,hard,pedagogy,66,0.4591479170272447,0.33333333333333337,2
char_svm,hard,pedagogy,67,0.4591479170272447,0.33333333333333337,2
char_svm,hard,pedagogy,68,0.9455305560363264,0.6666666666666667,4
char_svm,hard,pedagogy,69,0.4932133643654213,0.2222222222222222,3
char_svm,hard,pedagogy,70,0.38210225325431013,0.2222222222222222,2
char_svm,hard,pedagogy,71,0.6758220575766962,0.4444444444444444,3
char_svm,hard,pedagogy,72,0.38210225325431013,0.2222222222222222,2
char_svm,hard,pedagogy,73,0.7652465283787413,0.5555555555555556,3
char_svm,hard,pedagogy,74,0.7177602521413333,0.4444444444444444,3
char_svm,hard,pedagogy,75,-0.0,0.0,1
char_svm,hard,pedagogy,76,0.6758220575766962,0.4444444444444444,3
char_svm,hard,pedagogy,77,-0.0,0.0,1
char_svm,hard,pedagogy,78,0.8288713632524446,0.4444444444444444,4
char_svm,hard,pedagogy,79,0.6121972227029931,0.33333333333333337,3
char_svm,hard,pedagogy,80,0.38210225325431013,0.2222222222222222,2
char_svm,hard,pedagogy,81,0.6121972227029931,0.33333333333333337,3
char_svm,hard,pedagogy,82,0.38210225325431013,0.2222222222222222,2
char_svm,hard,pedagogy,83,0.38210225325431013,0.2222222222222222,2
char_svm,hard,pedagogy,84,0.4932133643654213,0.2222222222222222,3
char_svm,hard,pedagogy,85,0.4591479170272447,0.33333333333333337,2
char_svm,hard,pedagogy,86,0.4591479170272447,0.33333333333333337,2
char_svm,hard,pedagogy,87,0.6121972227029931,0.33333333333333337,3
char_svm,hard,pedagogy,88,0.38210225325431013,0.2222222222222222,2
char_svm,hard,pedagogy,89,0.8763576394898526,0.5555555555555556,4
char_svm,hard,pedagogy,90,0.25162916738782287,0.11111111111111116,2
char_svm,hard,pedagogy,91,-0.0,0.0,1
char_svm,hard,pedagogy,92,0.7177602521413333,0.4444444444444444,3
char_svm,hard,pedagogy,93,0.4955380299191111,0.4444444444444444,2
char_svm,hard,pedagogy,94,0.6758220575766962,0.4444444444444444,3
char_svm,hard,pedagogy,95,0.38210225325431013,0.2222222222222222,2
char_svm,hard,pedagogy,96,0.6758220575766962,0.4444444444444444,3
char_svm,hard,pedagogy,97,0.25162916738782287,0.11111111111111116,2
char_svm,hard,pedagogy,98,0.25162916738782287,0.11111111111111116,2
char_svm,hard,pedagogy,99,0.6960736118322673,0.5555555555555556,3
char_svm,hard,pedagogy,100,0.4932133643654213,0.2222222222222222,3
char_svm,hard,pedagogy,101,0.6121972227029931,0.33333333333333337,3
char_svm,hard,pedagogy,102,0.6121972227029931,0.33333333333333337,3
char_svm,hard,pedagogy,103,0.38210225325431013,0.2222222222222222,2
char_svm,hard,pedagogy,104,0.4591479170272447,0.33333333333333337,2
char_svm,hard,pedagogy,105,0.6758220575766962,0.4444444444444444,3
char_svm,hard,pedagogy,106,0.6758220575766962,0.4444444444444444,3
char_svm,hard,pedagogy,107,0.7177602521413333,0.4444444444444444,3
char_svm,hard,pedagogy,108,0.6121972227029931,0.33333333333333337,3
char_svm,hard,pedagogy,109,0.6960736118322673,0.5555555555555556,3
char_svm,hard,pedagogy,110,0.6960736118322673,0.5555555555555556,3
char_svm,hard,pedagogy,111,0.9455305560363264,0.6666666666666667,4
char_svm,hard,pedagogy,112,0.8763576394898526,0.5555555555555556,4
char_svm,hard,pedagogy,113,0.25162916738782287,0.11111111111111116,2
char_svm,hard,pedagogy,114,0.25162916738782287,0.11111111111111116,2
char_svm,hard,pedagogy,115,0.4955380299191111,0.4444444444444444,2
char_svm,hard,pedagogy,116,0.6121972227029931,0.33333333333333337,3
char_svm,hard,pedagogy,117,0.4955380299191111,0.4444444444444444,2
char_svm,hard,pedagogy,118,0.4955380299191111,0.4444444444444444,2
char_svm,hard,pedagogy,119,0.8763576394898526,0.5555555555555556,4
char_svm,hard,pedagogy,120,0.8288713632524446,0.4444444444444444,4
char_svm,hard,pedagogy,121,0.6121972227029931,0.33333333333333337,3
char_svm,hard,pedagogy,122,0.7177602521413333,0.4444444444444444,3
char_svm,hard,pedagogy,123,0.38210225325431013,0.2222222222222222,2
char_svm,hard,pedagogy,124,0.4955380299191111,0.4444444444444444,2
char_svm,hard,pedagogy,125,0.792481250360578,0.6666666666666667,3
char_svm,hard,pedagogy,126,0.4955380299191111,0.4444444444444444,2
char_svm,hard,pedagogy,127,0.9455305560363264,0.6666666666666667,4
char_svm,hard,pedagogy,128,0.4955380299191111,0.4444444444444444,2
char_svm,hard,pedagogy,129,0.792481250360578,0.6666666666666667,3
char_svm,hard,pedagogy,130,0.4955380299191111,0.4444444444444444,2
char_svm,hard,pedagogy,131,0.38210225325431013,0.2222222222222222,2
char_svm,hard,pedagogy,132,0.25162916738782287,0.11111111111111116,2
char_svm,hard,pedagogy,133,0.8288713632524446,0.4444444444444444,4
char_svm,hard,pedagogy,134,0.4591479170272447,0.33333333333333337,2
char_svm,hard,pedagogy,135,0.6960736118322673,0.5555555555555556,3
char_svm,hard,pedagogy,136,0.6758220575766962,0.4444444444444444,3
char_svm,hard,pedagogy,137,0.4955380299191111,0.4444444444444444,2
char_svm,hard,pedagogy,138,-0.0,0.0,1
char_svm,hard,pedagogy,139,0.4591479170272447,0.33333333333333337,2
char_svm,hard,pedagogy,140,0.7177602521413333,0.4444444444444444,3
char_svm,hard,pedagogy,141,-0.0,0.0,1
char_svm,hard,pedagogy,142,0.25162916738782287,0.11111111111111116,2
char_svm,hard,pedagogy,143,0.4591479170272447,0.33333333333333337,2
char_svm,hard,pedagogy,144,0.4932133643654213,0.2222222222222222,3
char_svm,hard,pedagogy,145,0.4955380299191111,0.4444444444444444,2
char_svm,hard,pedagogy,146,0.4591479170272447,0.33333333333333337,2
char_svm,hard,pedagogy,147,0.6121972227029931,0.33333333333333337,3
char_svm,hard,pedagogy,148,0.6121972227029931,0.33333333333333337,3
char_svm,hard,pedagogy,149,0.4932133643654213,0.2222222222222222,3
char_svm,hard,pedagogy,150,-0.0,0.0,1
char_svm,hard,pedagogy,151,0.4955380299191111,0.4444444444444444,2
char_svm,hard,pedagogy,152,-0.0,0.0,1
char_svm,hard,pedagogy,153,0.6758220575766962,0.4444444444444444,3
char_svm,hard,pedagogy,154,0.9874687506009635,0.6666666666666667,4
char_svm,hard,pedagogy,155,0.4955380299191111,0.4444444444444444,2
char_svm,hard,pedagogy,156,0.6960736118322673,0.5555555555555556,3
char_svm,hard,pedagogy,157,0.6960736118322673,0.5555555555555556,3
char_svm,hard,pedagogy,158,0.4932133643654213,0.2222222222222222,3
char_svm,hard,pedagogy,159,0.38210225325431013,0.2222222222222222,2
char_svm,hard,pedagogy,160,0.9874687506009635,0.6666666666666667,4
char_svm,hard,pedagogy,161,0.38210225325431013,0.2222222222222222,2
char_svm,hard,pedagogy,162,0.25162916738782287,0.11111111111111116,2
char_svm,hard,pedagogy,163,0.4955380299191111,0.4444444444444444,2
char_svm,hard,pedagogy,164,0.6758220575766962,0.4444444444444444,3
char_svm,hard,pedagogy,165,0.7652465283787413,0.5555555555555556,3
char_svm,hard,pedagogy,166,0.7177602521413333,0.4444444444444444,3
char_svm,hard,pedagogy,167,0.7177602521413333,0.4444444444444444,3
char_svm,hard,pedagogy,168,0.4955380299191111,0.4444444444444444,2
char_svm,hard,pedagogy,169,0.6121972227029931,0.33333333333333337,3
char_svm,hard,pedagogy,170,0.6758220575766962,0.4444444444444444,3
char_svm,hard,pedagogy,171,0.4591479170272447,0.33333333333333337,2
char_svm,hard,pedagogy,172,0.4955380299191111,0.4444444444444444,2
char_svm,hard,pedagogy,173,0.8763576394898526,0.5555555555555556,4
char_svm,hard,pedagogy,174,0.4591479170272447,0.33333333333333337,2
char_svm,hard,pedagogy,175,0.7177602521413333,0.4444444444444444,3
char_svm,hard,pedagogy,176,0.7177602521413333,0.4444444444444444,3
char_svm,hard,pedagogy,177,0.7652465283787413,0.5555555555555556,3
char_svm,hard,pedagogy,178,0.6121972227029931,0.33333333333333337,3
char_svm,hard,pedagogy,179,0.25162916738782287,0.11111111111111116,2
char_svm,hard,pedagogy,180,0.25162916738782287,0.11111111111111116,2
char_svm,hard,pedagogy,181,0.25162916738782287,0.11111111111111116,2
char_svm,hard,pedagogy,182,0.25162916738782287,0.11111111111111116,2
char_svm,hard,pedagogy,183,0.6758220575766962,0.4444444444444444,3
char_svm,hard,pedagogy,184,0.4955380299191111,0.4444444444444444,2
char_svm,hard,pedagogy,185,0.25162916738782287,0.11111111111111116,2
char_svm,hard,pedagogy,186,0.4955380299191111,0.4444444444444444,2
char_svm,hard,pedagogy,187,-0.0,0.0,1
char_svm,hard,pedagogy,188,0.25162916738782287,0.11111111111111116,2
char_svm,hard,pedagogy,189,0.9455305560363264,0.6666666666666667,4
char_svm,hard,pedagogy,190,0.6121972227029931,0.33333333333333337,3
char_svm,hard,pedagogy,191,0.4955380299191111,0.4444444444444444,2
char_svm,hard,pedagogy,192,0.792481250360578,0.6666666666666667,3
char_svm,hard,pedagogy,193,0.4591479170272447,0.33333333333333337,2
char_svm,hard,pedagogy,194,0.38210225325431013,0.2222222222222222,2
char_svm,hard,pedagogy,195,0.4932133643654213,0.2222222222222222,3
char_svm,hard,pedagogy,196,0.25162916738782287,0.11111111111111116,2
char_svm,hard,pedagogy,197,0.4591479170272447,0.33333333333333337,2
char_svm,hard,pedagogy,198,0.4932133643654213,0.2222222222222222,3
char_svm,hard,pedagogy,199,0.6121972227029931,0.33333333333333337,3
char_svm,hard,pedagogy,200,0.6960736118322673,0.5555555555555556,3
char_svm,hard,pedagogy,201,0.7652465283787413,0.5555555555555556,3
char_svm,hard,pedagogy,202,0.4591479170272447,0.33333333333333337,2
char_svm,hard,pedagogy,203,-0.0,0.0,1
char_svm,hard,pedagogy,204,0.8288713632524446,0.4444444444444444,4
char_svm,hard,pedagogy,205,0.4591479170272447,0.33333333333333337,2
char_svm,hard,pedagogy,206,0.6758220575766962,0.4444444444444444,3
char_svm,hard,pedagogy,207,0.7177602521413333,0.4444444444444444,3
char_svm,hard,pedagogy,208,0.4955380299191111,0.4444444444444444,2
char_svm,hard,pedagogy,209,-0.0,0.0,1
char_svm,hard,pedagogy,210,0.4591479170272447,0.33333333333333337,2
char_svm,hard,pedagogy,211,0.6121972227029931,0.33333333333333337,3
char_svm,hard,pedagogy,212,0.4955380299191111,0.4444444444444444,2
char_svm,hard,pedagogy,213,0.7177602521413333,0.4444444444444444,3
char_svm,hard,pedagogy,214,0.4955380299191111,0.4444444444444444,2
char_svm,hard,pedagogy,215,0.7652465283787413,0.5555555555555556,3
char_svm,hard,pedagogy,216,0.25162916738782287,0.11111111111111116,2
char_svm,hard,pedagogy,217,0.7652465283787413,0.5555555555555556,3
char_svm,hard,pedagogy,218,0.4955380299191111,0.4444444444444444,2
char_svm,hard,pedagogy,219,0.25162916738782287,0.11111111111111116,2
char_svm,hard,pedagogy,220,0.25162916738782287,0.11111111111111116,2
char_svm,hard,pedagogy,221,0.7233083338141042,0.33333333333333337,4
char_svm,hard,pedagogy,222,0.6121972227029931,0.33333333333333337,3
char_svm,hard,pedagogy,223,0.4591479170272447,0.33333333333333337,2
char_svm,hard,pedagogy,224,-0.0,0.0,1
char_svm,hard,pedagogy,225,0.6758220575766962,0.4444444444444444,3
char_svm,hard,pedagogy,226,0.8288713632524446,0.4444444444444444,4
char_svm,hard,pedagogy,227,0.8288713632524446,0.4444444444444444,4
char_svm,hard,pedagogy,228,0.7652465283787413,0.5555555555555556,3
char_svm,hard,pedagogy,229,0.6758220575766962,0.4444444444444444,3
char_svm,hard,pedagogy,230,0.7177602521413333,0.4444444444444444,3
char_svm,hard,pedagogy,231,0.6758220575766962,0.4444444444444444,3
char_svm,hard,pedagogy,232,0.6758220575766962,0.4444444444444444,3
char_svm,hard,pedagogy,233,0.4591479170272447,0.33333333333333337,2
char_svm,hard,pedagogy,234,0.4591479170272447,0.33333333333333337,2
char_svm,hard,pedagogy,235,0.4932133643654213,0.2222222222222222,3
char_svm,hard,pedagogy,236,0.6121972227029931,0.33333333333333337,3
char_svm,hard,pedagogy,237,0.38210225325431013,0.2222222222222222,2
char_svm,hard,pedagogy,238,0.6121972227029931,0.33333333333333337,3
char_svm,hard,pedagogy,239,0.38210225325431013,0.2222222222222222,2
char_svm,hard,pedagogy,240,0.792481250360578,0.6666666666666667,3
char_svm,hard,pedagogy,241,0.6121972227029931,0.33333333333333337,3
char_svm,hard,pedagogy,242,0.6960736118322673,0.5555555555555556,3
char_svm,hard,pedagogy,243,0.4591479170272447,0.33333333333333337,2
char_svm,hard,pedagogy,244,0.4591479170272447,0.33333333333333337,2
char_svm,hard,pedagogy,245,0.38210225325431013,0.2222222222222222,2
char_svm,hard,pedagogy,246,0.7652465283787413,0.5555555555555556,3
char_svm,hard,pedagogy,247,0.25162916738782287,0.11111111111111116,2
char_svm,hard,pedagogy,248,0.4591479170272447,0.33333333333333337,2
char_svm,hard,pedagogy,249,0.4955380299191111,0.4444444444444444,2
char_svm,hard,pedagogy,250,0.6960736118322673,0.5555555555555556,3
char_svm,hard,pedagogy,251,0.4591479170272447,0.33333333333333337,2
char_svm,hard,pedagogy,252,0.9455305560363264,0.6666666666666667,4
char_svm,hard,pedagogy,253,0.6758220575766962,0.4444444444444444,3
char_svm,hard,pedagogy,254,0.25162916738782287,0.11111111111111116,2
char_svm,hard,pedagogy,255,0.25162916738782287,0.11111111111111116,2
char_svm,hard,pedagogy,256,0.6960736118322673,0.5555555555555556,3
char_svm,hard,pedagogy,257,0.6121972227029931,0.33333333333333337,3
char_svm,hard,pedagogy,258,0.25162916738782287,0.11111111111111116,2
char_svm,hard,pedagogy,259,0.7652465283787413,0.5555555555555556,3
char_svm,hard,pedagogy,260,0.6960736118322673,0.5555555555555556,3
char_svm,hard,pedagogy,261,0.8763576394898526,0.5555555555555556,4
char_svm,hard,pedagogy,262,0.6121972227029931,0.33333333333333337,3
char_svm,hard,pedagogy,263,0.38210225325431013,0.2222222222222222,2
char_svm,hard,pedagogy,264,0.4932133643654213,0.2222222222222222,3
char_svm,hard,pedagogy,284,0.9182958340544897,0.5555555555555556,4
char_svm,standard,generic,0,0.4591479170272447,0.33333333333333337,2
char_svm,standard,generic,1,0.7177602521413333,0.4444444444444444,3
char_svm,standard,generic,2,0.4932133643654213,0.2222222222222222,3
char_svm,standard,generic,3,0.6960736118322673,0.5555555555555556,3
char_svm,standard,generic,4,0.7177602521413333,0.4444444444444444,3
char_svm,standard,generic,5,0.38210225325431013,0.2222222222222222,2
char_svm,standard,generic,6,0.7233083338141042,0.33333333333333337,4
char_svm,standard,generic,7,0.7233083338141042,0.33333333333333337,4
char_svm,standard,generic,8,0.9182958340544897,0.5555555555555556,4
char_svm,standard,generic,9,0.7652465283787413,0.5555555555555556,3
char_svm,standard,generic,10,0.9874687506009635,0.6666666666666667,4
char_svm,standard,generic,11,0.8288713632524446,0.4444444444444444,4
char_svm,standard,generic,12,0.8288713632524446,0.4444444444444444,4
char_svm,standard,generic,13,0.6960736118322673,0.5555555555555556,3
char_svm,standard,generic,14,0.38210225325431013,0.2222222222222222,2
char_svm,standard,generic,15,0.4591479170272447,0.33333333333333337,2
char_svm,standard,generic,16,0.25162916738782287,0.11111111111111116,2
char_svm,standard,generic,17,0.6758220575766962,0.4444444444444444,3
char_svm,standard,generic,18,0.4591479170272447,0.33333333333333337,2
char_svm,standard,generic,19,0.38210225325431013,0.2222222222222222,2
char_svm,standard,generic,20,0.7652465283787413,0.5555555555555556,3
char_svm,standard,generic,21,-0.0,0.0,1
char_svm,standard,generic,22,0.6121972227029931,0.33333333333333337,3
char_svm,standard,generic,23,0.6960736118322673,0.5555555555555556,3
char_svm,standard,generic,24,0.38210225325431013,0.2222222222222222,2
char_svm,standard,generic,25,0.7177602521413333,0.4444444444444444,3
char_svm,standard,generic,26,0.38210225325431013,0.2222222222222222,2
char_svm,standard,generic,27,0.6121972227029931,0.33333333333333337,3
char_svm,standard,generic,28,0.7233083338141042,0.33333333333333337,4
char_svm,standard,generic,29,-0.0,0.0,1
char_svm,standard,generic,30,0.6758220575766962,0.4444444444444444,3
char_svm,standard,generic,31,0.9874687506009635,0.6666666666666667,4
char_svm,standard,generic,32,0.792481250360578,0.6666666666666667,3
char_svm,standard,generic,33,0.6121972227029931,0.33333333333333337,3
char_svm,standard,generic,34,0.6758220575766962,0.4444444444444444,3
char_svm,standard,generic,35,0.4955380299191111,0.4444444444444444,2
char_svm,standard,generic,36,0.6121972227029931,0.33333333333333337,3
char_svm,standard,generic,37,0.25162916738782287,0.11111111111111116,2
char_svm,standard,generic,38,0.4955380299191111,0.4444444444444444,2
char_svm,standard,generic,39,0.25162916738782287,0.11111111111111116,2
char_svm,standard,generic,40,0.38210225325431013,0.2222222222222222,2
char_svm,standard,generic,41,0.6121972227029931,0.33333333333333337,3
char_svm,standard,generic,42,0.6960736118322673,0.5555555555555556,3
char_svm,standard,generic,43,0.25162916738782287,0.11111111111111116,2
char_svm,standard,generic,44,-0.0,0.0,1
char_svm,standard,generic,45,0.792481250360578,0.6666666666666667,3
char_svm,standard,generic,46,0.4591479170272447,0.33333333333333337,2
char_svm,standard,generic,47,0.6758220575766962,0.4444444444444444,3
char_svm,standard,generic,48,0.38210225325431013,0.2222222222222222,2
char_svm,standard,generic,49,0.25162916738782287,0.11111111111111116,2
char_svm,standard,generic,50,0.8763576394898526,0.5555555555555556,4
char_svm,standard,generic,51,0.4955380299191111,0.4444444444444444,2
char_svm,standard,generic,52,0.38210225325431013,0.2222222222222222,2
char_svm,standard,generic,53,0.6121972227029931,0.33333333333333337,3
char_svm,standard,generic,54,0.38210225325431013,0.2222222222222222,2
char_svm,standard,generic,55,0.4591479170272447,0.33333333333333337,2
char_svm,standard,generic,56,0.9455305560363264,0.6666666666666667,4
char_svm,standard,generic,57,0.25162916738782287,0.11111111111111116,2
char_svm,standard,generic,58,0.4932133643654213,0.2222222222222222,3
char_svm,standard,generic,59,0.4955380299191111,0.4444444444444444,2
char_svm,standard,generic,60,0.4955380299191111,0.4444444444444444,2
char_svm,standard,generic,61,0.4932133643654213,0.2222222222222222,3
char_svm,standard,generic,62,0.7177602521413333,0.4444444444444444,3
char_svm,standard,generic,63,0.25162916738782287,0.11111111111111116,2
char_svm,standard,generic,64,0.9874687506009635,0.6666666666666667,4
char_svm,standard,generic,65,0.4955380299191111,0.4444444444444444,2
char_svm,standard,generic,66,0.6121972227029931,0.33333333333333337,3
char_svm,standard,generic,67,0.9455305560363264,0.6666666666666667,4
char_svm,standard,generic,68,0.6121972227029931,0.33333333333333337,3
char_svm,standard,generic,69,0.7652465283787413,0.5555555555555556,3
char_svm,standard,generic,70,-0.0,0.0,1
char_svm,standard,generic,71,0.7652465283787413,0.5555555555555556,3
char_svm,standard,generic,72,-0.0,0.0,1
char_svm,standard,generic,73,0.6758220575766962,0.4444444444444444,3
char_svm,standard,generic,74,0.6960736118322673,0.5555555555555556,3
char_svm,standard,generic,75,0.4955380299191111,0.4444444444444444,2
char_svm,standard,generic,76,0.38210225325431013,0.2222222222222222,2
char_svm,standard,generic,77,0.8288713632524446,0.4444444444444444,4
char_svm,standard,generic,78,0.6121972227029931,0.33333333333333337,3
char_svm,standard,generic,79,0.6758220575766962,0.4444444444444444,3
char_svm,standard,generic,80,0.6121972227029931,0.33333333333333337,3
char_svm,standard,generic,81,0.25162916738782287,0.11111111111111116,2
char_svm,standard,generic,82,0.25162916738782287,0.11111111111111116,2
char_svm,standard,generic,83,0.6960736118322673,0.5555555555555556,3
char_svm,standard,generic,84,0.25162916738782287,0.11111111111111116,2
char_svm,standard,generic,85,0.7233083338141042,0.33333333333333337,4
char_svm,standard,generic,86,0.8763576394898526,0.5555555555555556,4
char_svm,standard,generic,87,0.6758220575766962,0.4444444444444444,3
char_svm,standard,generic,88,0.6758220575766962,0.4444444444444444,3
char_svm,standard,generic,89,0.6121972227029931,0.33333333333333337,3
char_svm,standard,generic,90,0.4591479170272447,0.33333333333333337,2
char_svm,standard,generic,91,0.6758220575766962,0.4444444444444444,3
char_svm,standard,generic,92,0.6960736118322673,0.5555555555555556,3
char_svm,standard,generic,93,0.9455305560363264,0.6666666666666667,4
char_svm,standard,generic,94,0.38210225325431013,0.2222222222222222,2
char_svm,standard,generic,95,0.38210225325431013,0.2222222222222222,2
char_svm,standard,generic,96,0.4932133643654213,0.2222222222222222,3
char_svm,standard,generic,97,0.4955380299191111,0.4444444444444444,2
char_svm,standard,generic,98,0.4955380299191111,0.4444444444444444,2
char_svm,standard,generic,99,0.8288713632524446,0.4444444444444444,4
char_svm,standard,generic,100,0.7177602521413333,0.4444444444444444,3
char_svm,standard,generic,101,0.6121972227029931,0.33333333333333337,3
char_svm,standard,generic,102,0.8763576394898526,0.5555555555555556,4
char_svm,standard,generic,103,0.38210225325431013,0.2222222222222222,2
char_svm,standard,generic,104,0.6758220575766962,0.4444444444444444,3
char_svm,standard,generic,105,0.7233083338141042,0.33333333333333337,4
char_svm,standard,generic,106,0.4932133643654213,0.2222222222222222,3
char_svm,standard,generic,107,0.9874687506009635,0.6666666666666667,4
char_svm,standard,generic,108,0.8763576394898526,0.5555555555555556,4
char_svm,standard,generic,109,0.8763576394898526,0.5555555555555556,4
char_svm,standard,generic,110,0.4955380299191111,0.4444444444444444,2
char_svm,standard,generic,111,0.6121972227029931,0.33333333333333337,3
char_svm,standard,generic,112,0.4591479170272447,0.33333333333333337,2
char_svm,standard,generic,113,0.6121972227029931,0.33333333333333337,3
char_svm,standard,generic,114,0.6960736118322673,0.5555555555555556,3
char_svm,standard,generic,115,0.4932133643654213,0.2222222222222222,3
char_svm,standard,generic,116,0.6121972227029931,0.33333333333333337,3
char_svm,standard,generic,117,0.9455305560363264,0.6666666666666667,4
char_svm,standard,generic,118,0.7652465283787413,0.5555555555555556,3
char_svm,standard,generic,119,0.4932133643654213,0.2222222222222222,3
char_svm,standard,generic,120,-0.0,0.0,1
char_svm,standard,generic,121,0.7233083338141042,0.33333333333333337,4
char_svm,standard,generic,122,0.6121972227029931,0.33333333333333337,3
char_svm,standard,generic,123,0.25162916738782287,0.11111111111111116,2
char_svm,standard,generic,124,0.7652465283787413,0.5555555555555556,3
char_svm,standard,generic,125,0.25162916738782287,0.11111111111111116,2
char_svm,standard,generic,126,0.6121972227029931,0.33333333333333337,3
char_svm,standard,generic,127,0.25162916738782287,0.11111111111111116,2
char_svm,standard,generic,128,0.9455305560363264,0.6666666666666667,4
char_svm,standard,generic,129,0.7652465283787413,0.5555555555555556,3
char_svm,standard,generic,130,0.4591479170272447,0.33333333333333337,2
char_svm,standard,generic,131,0.6121972227029931,0.33333333333333337,3
char_svm,standard,generic,132,0.4955380299191111,0.4444444444444444,2
char_svm,standard,generic,133,0.6758220575766962,0.4444444444444444,3
char_svm,standard,generic,134,0.25162916738782287,0.11111111111111116,2
char_svm,standard,generic,135,0.6121972227029931,0.33333333333333337,3
char_svm,standard,generic,136,0.6758220575766962,0.4444444444444444,3
char_svm,standard,generic,137,0.7177602521413333,0.4444444444444444,3
char_svm,standard,generic,138,0.7177602521413333,0.4444444444444444,3
char_svm,standard,generic,139,0.8763576394898526,0.5555555555555556,4
char_svm,standard,generic,140,0.7233083338141042,0.33333333333333337,4
char_svm,standard,generic,141,0.38210225325431013,0.2222222222222222,2
char_svm,standard,generic,142,0.25162916738782287,0.11111111111111116,2
char_svm,standard,generic,143,0.25162916738782287,0.11111111111111116,2
char_svm,standard,generic,144,-0.0,0.0,1
char_svm,standard,generic,145,-0.0,0.0,1
char_svm,standard,generic,146,0.9182958340544897,0.5555555555555556,4
char_svm,standard,generic,147,0.25162916738782287,0.11111111111111116,2
char_svm,standard,generic,148,0.6121972227029931,0.33333333333333337,3
char_svm,standard,generic,149,0.6758220575766962,0.4444444444444444,3
char_svm,standard,generic,150,0.6121972227029931,0.33333333333333337,3
char_svm,standard,generic,151,0.4932133643654213,0.2222222222222222,3
char_svm,standard,generic,152,0.9182958340544897,0.5555555555555556,4
char_svm,standard,generic,153,0.4955380299191111,0.4444444444444444,2
char_svm,standard,generic,154,0.8288713632524446,0.4444444444444444,4
char_svm,standard,generic,155,0.25162916738782287,0.11111111111111116,2
char_svm,standard,generic,156,0.6960736118322673,0.5555555555555556,3
char_svm,standard,generic,157,0.38210225325431013,0.2222222222222222,2
char_svm,standard,generic,158,0.6960736118322673,0.5555555555555556,3
char_svm,standard,generic,159,0.6758220575766962,0.4444444444444444,3
char_svm,standard,generic,160,0.4932133643654213,0.2222222222222222,3
char_svm,standard,generic,161,0.4932133643654213,0.2222222222222222,3
char_svm,standard,generic,162,-0.0,0.0,1
char_svm,standard,generic,163,0.4591479170272447,0.33333333333333337,2
char_svm,standard,generic,164,0.6758220575766962,0.4444444444444444,3
char_svm,standard,generic,165,0.7652465283787413,0.5555555555555556,3
char_svm,standard,generic,166,0.25162916738782287,0.11111111111111116,2
char_svm,standard,generic,167,0.6960736118322673,0.5555555555555556,3
char_svm,standard,generic,168,0.38210225325431013,0.2222222222222222,2
char_svm,standard,generic,169,0.4591479170272447,0.33333333333333337,2
char_svm,standard,generic,170,0.6121972227029931,0.33333333333333337,3
char_svm,standard,generic,171,-0.0,0.0,1
char_svm,standard,generic,172,0.4591479170272447,0.33333333333333337,2
char_svm,standard,generic,173,-0.0,0.0,1
char_svm,standard,generic,174,0.25162916738782287,0.11111111111111116,2
char_svm,standard,generic,175,0.6758220575766962,0.4444444444444444,3
char_svm,standard,generic,176,0.25162916738782287,0.11111111111111116,2
char_svm,standard,generic,177,0.6758220575766962,0.4444444444444444,3
char_svm,standard,generic,178,0.8288713632524446,0.4444444444444444,4
char_svm,standard,generic,179,0.4591479170272447,0.33333333333333337,2
char_svm,standard,generic,180,0.6758220575766962,0.4444444444444444,3
char_svm,standard,generic,181,0.9182958340544897,0.5555555555555556,4
char_svm,standard,generic,182,0.4591479170272447,0.33333333333333337,2
char_svm,standard,generic,183,0.4591479170272447,0.33333333333333337,2
char_svm,standard,generic,184,0.25162916738782287,0.11111111111111116,2
char_svm,standard,generic,185,0.38210225325431013,0.2222222222222222,2
char_svm,standard,generic,186,0.7652465283787413,0.5555555555555556,3
char_svm,standard,generic,187,0.4955380299191111,0.4444444444444444,2
char_svm,standard,generic,188,0.9455305560363264,0.6666666666666667,4
char_svm,standard,generic,189,0.6758220575766962,0.4444444444444444,3
char_svm,standard,generic,190,0.7652465283787413,0.5555555555555556,3
char_svm,standard,generic,191,0.7652465283787413,0.5555555555555556,3
char_svm,standard,generic,192,0.4955380299191111,0.4444444444444444,2
char_svm,standard,generic,193,0.6758220575766962,0.4444444444444444,3
char_svm,standard,generic,194,0.38210225325431013,0.2222222222222222,2
char_svm,standard,generic,195,0.4932133643654213,0.2222222222222222,3
char_svm,standard,generic,196,0.6758220575766962,0.4444444444444444,3
char_svm,standard,generic,197,0.6960736118322673,0.5555555555555556,3
char_svm,standard,generic,198,0.6758220575766962,0.4444444444444444,3
char_svm,standard,generic,199,0.6758220575766962,0.4444444444444444,3
char_svm,standard,generic,200,0.9455305560363264,0.6666666666666667,4
char_svm,standard,generic,201,0.6121972227029931,0.33333333333333337,3
char_svm,standard,generic,202,0.25162916738782287,0.11111111111111116,2
char_svm,standard,generic,203,0.6960736118322673,0.5555555555555556,3
char_svm,standard,generic,204,0.7177602521413333,0.4444444444444444,3
char_svm,standard,generic,205,0.7652465283787413,0.5555555555555556,3
char_svm,standard,generic,206,0.7652465283787413,0.5555555555555556,3
char_svm,standard,generic,207,0.25162916738782287,0.11111111111111116,2
char_svm,standard,generic,208,0.25162916738782287,0.11111111111111116,2
char_svm,standard,generic,209,0.4955380299191111,0.4444444444444444,2
char_svm,standard,generic,210,0.7177602521413333,0.4444444444444444,3
char_svm,standard,generic,211,0.38210225325431013,0.2222222222222222,2
char_svm,standard,generic,212,0.4591479170272447,0.33333333333333337,2
char_svm,standard,generic,213,0.4955380299191111,0.4444444444444444,2
char_svm,standard,generic,214,0.7177602521413333,0.4444444444444444,3
char_svm,standard,generic,215,0.7652465283787413,0.5555555555555556,3
char_svm,standard,generic,216,0.4591479170272447,0.33333333333333337,2
char_svm,standard,generic,217,0.9182958340544897,0.5555555555555556,4
char_svm,standard,generic,218,0.6758220575766962,0.4444444444444444,3
char_svm,standard,generic,219,0.38210225325431013,0.2222222222222222,2
char_svm,standard,generic,220,0.4591479170272447,0.33333333333333337,2
char_svm,standard,generic,221,0.6121972227029931,0.33333333333333337,3
char_svm,standard,generic,222,0.4932133643654213,0.2222222222222222,3
char_svm,standard,generic,223,0.4591479170272447,0.33333333333333337,2
char_svm,standard,generic,224,0.7652465283787413,0.5555555555555556,3
char_svm,standard,generic,225,0.4955380299191111,0.4444444444444444,2
char_svm,standard,generic,226,0.7652465283787413,0.5555555555555556,3
char_svm,standard,generic,227,0.4591479170272447,0.33333333333333337,2
char_svm,standard,generic,228,0.4591479170272447,0.33333333333333337,2
char_svm,standard,generic,229,0.7177602521413333,0.4444444444444444,3
char_svm,standard,generic,230,0.4955380299191111,0.4444444444444444,2
char_svm,standard,generic,231,0.4932133643654213,0.2222222222222222,3
char_svm,standard,generic,232,0.4955380299191111,0.4444444444444444,2
char_svm,standard,generic,233,0.25162916738782287,0.11111111111111116,2
char_svm,standard,generic,234,0.25162916738782287,0.11111111111111116,2
char_svm,standard,generic,235,0.4591479170272447,0.33333333333333337,2
char_svm,standard,generic,236,0.6758220575766962,0.4444444444444444,3
char_svm,standard,generic,237,0.4955380299191111,0.4444444444444444,2
char_svm,standard,generic,238,0.4932133643654213,0.2222222222222222,3
char_svm,standard,generic,239,0.6121972227029931,0.33333333333333337,3
char_svm,standard,generic,240,0.38210225325431013,0.2222222222222222,2
char_svm,standard,generic,241,0.6121972227029931,0.33333333333333337,3
char_svm,standard,generic,242,0.7233083338141042,0.33333333333333337,4
char_svm,standard,generic,243,0.25162916738782287,0.11111111111111116,2
char_svm,standard,generic,244,0.6121972227029931,0.33333333333333337,3
char_svm,standard,generic,245,0.7233083338141042,0.33333333333333337,4
char_svm,standard,generic,246,0.7177602521413333,0.4444444444444444,3
char_svm,standard,generic,247,0.4955380299191111,0.4444444444444444,2
char_svm,standard,generic,248,0.6121972227029931,0.33333333333333337,3
char_svm,standard,generic,249,0.4955380299191111,0.4444444444444444,2
char_svm,standard,generic,250,0.4955380299191111,0.4444444444444444,2
char_svm,standard,generic,251,0.6121972227029931,0.33333333333333337,3
char_svm,standard,generic,252,0.9455305560363264,0.6666666666666667,4
char_svm,standard,generic,253,0.6758220575766962,0.4444444444444444,3
char_svm,standard,generic,254,0.4955380299191111,0.4444444444444444,2
char_svm,standard,generic,255,0.8288713632524446,0.4444444444444444,4
char_svm,standard,generic,256,0.38210225325431013,0.2222222222222222,2
char_svm,standard,generic,257,-0.0,0.0,1
char_svm,standard,generic,258,0.7177602521413333,0.4444444444444444,3
char_svm,standard,generic,259,-0.0,0.0,1
char_svm,standard,generic,260,0.7652465283787413,0.5555555555555556,3
char_svm,standard,generic,261,0.7177602521413333,0.4444444444444444,3
char_svm,standard,generic,262,0.6121972227029931,0.33333333333333337,3
char_svm,standard,generic,263,0.7652465283787413,0.5555555555555556,3
char_svm,standard,generic,264,0.6758220575766962,0.4444444444444444,3
char_svm,standard,generic,265,0.4591479170272447,0.33333333333333337,2
char_svm,standard,generic,266,-0.0,0.0,1
char_svm,standard,generic,267,0.7177602521413333,0.4444444444444444,3
char_svm,standard,generic,268,0.6960736118322673,0.5555555555555556,3
char_svm,standard,generic,269,-0.0,0.0,1
char_svm,standard,generic,270,0.7652465283787413,0.5555555555555556,3
char_svm,standard,generic,271,0.6758220575766962,0.4444444444444444,3
char_svm,standard,generic,272,0.25162916738782287,0.11111111111111116,2
char_svm,standard,generic,273,0.7652465283787413,0.5555555555555556,3
char_svm,standard,generic,274,0.4955380299191111,0.4444444444444444,2
char_svm,standard,generic,275,0.4932133643654213,0.2222222222222222,3
char_svm,standard,generic,276,0.4591479170272447,0.33333333333333337,2
char_svm,standard,generic,277,0.7233083338141042,0.33333333333333337,4
char_svm,standard,generic,278,0.25162916738782287,0.11111111111111116,2
char_svm,standard,generic,279,0.9182958340544897,0.5555555555555556,4
char_svm,standard,generic,280,0.6758220575766962,0.4444444444444444,3
char_svm,standard,generic,281,-0.0,0.0,1
char_svm,standard,generic,282,0.8288713632524446,0.4444444444444444,4
char_svm,standard,generic,283,0.6960736118322673,0.5555555555555556,3
char_svm,standard,generic,284,0.6121972227029931,0.33333333333333337,3
char_svm,standard,generic,285,0.6121972227029931,0.33333333333333337,3
char_svm,standard,generic,286,0.4932133643654213,0.2222222222222222,3
char_svm,standard,generic,287,0.6121972227029931,0.33333333333333337,3
char_svm,standard,generic,288,0.7177602521413333,0.4444444444444444,3
char_svm,standard,generic,289,0.38210225325431013,0.2222222222222222,2
char_svm,standard,generic,290,0.7652465283787413,0.5555555555555556,3
char_svm,standard,generic,291,0.4955380299191111,0.4444444444444444,2
char_svm,standard,generic,292,0.6758220575766962,0.4444444444444444,3
char_svm,standard,generic,293,0.38210225325431013,0.2222222222222222,2
char_svm,standard,generic,294,0.7233083338141042,0.33333333333333337,4
char_svm,standard,generic,295,0.4955380299191111,0.4444444444444444,2
char_svm,standard,generic,296,0.4591479170272447,0.33333333333333337,2
char_svm,standard,generic,297,0.6121972227029931,0.33333333333333337,3
char_svm,standard,generic,298,0.4591479170272447,0.33333333333333337,2
char_svm,standard,generic,299,0.38210225325431013,0.2222222222222222,2
char_svm,standard,generic,300,0.38210225325431013,0.2222222222222222,2
char_svm,standard,generic,301,0.4591479170272447,0.33333333333333337,2
char_svm,standard,generic,302,0.4591479170272447,0.33333333333333337,2
char_svm,standard,generic,303,0.6121972227029931,0.33333333333333337,3
char_svm,standard,generic,304,0.6121972227029931,0.33333333333333337,3
char_svm,standard,generic,305,0.9455305560363264,0.6666666666666667,4
char_svm,standard,generic,306,-0.0,0.0,1
char_svm,standard,generic,307,0.9455305560363264,0.6666666666666667,4
char_svm,standard,generic,308,0.6758220575766962,0.4444444444444444,3
char_svm,standard,generic,309,0.4932133643654213,0.2222222222222222,3
char_svm,standard,generic,310,0.792481250360578,0.6666666666666667,3
char_svm,standard,generic,311,0.6758220575766962,0.4444444444444444,3
char_svm,standard,generic,312,0.7652465283787413,0.5555555555555556,3
char_svm,standard,generic,313,0.25162916738782287,0.11111111111111116,2
char_svm,standard,generic,314,0.4591479170272447,0.33333333333333337,2
char_svm,standard,generic,315,0.4955380299191111,0.4444444444444444,2
char_svm,standard,generic,316,0.6758220575766962,0.4444444444444444,3
char_svm,standard,generic,317,0.4955380299191111,0.4444444444444444,2
char_svm,standard,generic,318,0.6758220575766962,0.4444444444444444,3
char_svm,standard,generic,319,0.4591479170272447,0.33333333333333337,2
char_svm,standard,generic,320,0.7652465283787413,0.5555555555555556,3
char_svm,standard,generic,321,0.38210225325431013,0.2222222222222222,2
char_svm,standard,generic,322,0.25162916738782287,0.11111111111111116,2
char_svm,standard,generic,323,0.6121972227029931,0.33333333333333337,3
char_svm,standard,generic,324,0.8763576394898526,0.5555555555555556,4
char_svm,standard,generic,325,0.6758220575766962,0.4444444444444444,3
char_svm,standard,generic,326,0.6121972227029931,0.33333333333333337,3
char_svm,standard,generic,327,0.6758220575766962,0.4444444444444444,3
char_svm,standard,generic,328,0.4955380299191111,0.4444444444444444,2
char_svm,standard,generic,329,0.7652465283787413,0.5555555555555556,3
char_svm,standard,generic,330,0.6121972227029931,0.33333333333333337,3
char_svm,standard,generic,331,0.38210225325431013,0.2222222222222222,2
char_svm,standard,generic,332,0.38210225325431013,0.2222222222222222,2
char_svm,standard,generic,333,0.7652465283787413,0.5555555555555556,3
char_svm,standard,generic,334,0.25162916738782287,0.11111111111111116,2
char_svm,standard,generic,335,0.4955380299191111,0.4444444444444444,2
char_svm,standard,generic,336,0.6121972227029931,0.33333333333333337,3
char_svm,standard,generic,337,0.8763576394898526,0.5555555555555556,4
char_svm,standard,generic,338,0.6758220575766962,0.4444444444444444,3
char_svm,standard,generic,339,0.4591479170272447,0.33333333333333337,2
char_svm,standard,generic,340,0.25162916738782287,0.11111111111111116,2
char_svm,standard,generic,341,0.8763576394898526,0.5555555555555556,4
char_svm,standard,generic,342,0.6758220575766962,0.4444444444444444,3
char_svm,standard,generic,343,0.7652465283787413,0.5555555555555556,3
char_svm,standard,generic,344,0.25162916738782287,0.11111111111111116,2
char_svm,standard,generic,345,0.4591479170272447,0.33333333333333337,2
char_svm,standard,generic,346,0.25162916738782287,0.11111111111111116,2
char_svm,standard,generic,347,0.38210225325431013,0.2222222222222222,2
char_svm,standard,generic,348,0.7233083338141042,0.33333333333333337,4
char_svm,standard,generic,349,0.6121972227029931,0.33333333333333337,3
char_svm,standard,generic,350,0.6758220575766962,0.4444444444444444,3
char_svm,standard,generic,351,0.792481250360578,0.6666666666666667,3
char_svm,standard,generic,352,0.38210225325431013,0.2222222222222222,2
char_svm,standard,generic,353,0.38210225325431013,0.2222222222222222,2
char_svm,standard,generic,354,0.38210225325431013,0.2222222222222222,2
char_svm,standard,generic,355,0.6960736118322673,0.5555555555555556,3
char_svm,standard,generic,356,0.6121972227029931,0.33333333333333337,3
char_svm,standard,generic,357,0.9182958340544897,0.5555555555555556,4
char_svm,standard,generic,358,0.6121972227029931,0.33333333333333337,3
char_svm,standard,generic,359,0.6758220575766962,0.4444444444444444,3
char_svm,standard,generic,360,0.25162916738782287,0.11111111111111116,2
char_svm,standard,generic,361,0.7652465283787413,0.5555555555555556,3
char_svm,standard,generic,362,0.4591479170272447,0.33333333333333337,2
char_svm,standard,generic,363,0.6758220575766962,0.4444444444444444,3
char_svm,standard,generic,364,-0.0,0.0,1
char_svm,standard,generic,365,0.38210225325431013,0.2222222222222222,2
char_svm,standard,generic,366,0.4932133643654213,0.2222222222222222,3
char_svm,standard,generic,367,0.4955380299191111,0.4444444444444444,2
char_svm,standard,generic,368,0.4932133643654213,0.2222222222222222,3
char_svm,standard,generic,369,0.6121972227029931,0.33333333333333337,3
char_svm,standard,generic,370,0.4955380299191111,0.4444444444444444,2
char_svm,standard,generic,371,0.6758220575766962,0.4444444444444444,3
char_svm,standard,generic,372,0.4932133643654213,0.2222222222222222,3
char_svm,standard,generic,373,-0.0,0.0,1
char_svm,standard,generic,374,0.6758220575766962,0.4444444444444444,3
char_svm,standard,generic,375,0.25162916738782287,0.11111111111111116,2
char_svm,standard,generic,376,0.4955380299191111,0.4444444444444444,2
char_svm,standard,generic,377,0.7177602521413333,0.4444444444444444,3
char_svm,standard,generic,378,0.6758220575766962,0.4444444444444444,3
char_svm,standard,generic,379,0.9455305560363264,0.6666666666666667,4
char_svm,standard,generic,380,0.38210225325431013,0.2222222222222222,2
char_svm,standard,generic,381,0.6758220575766962,0.4444444444444444,3
char_svm,standard,generic,382,0.25162916738782287,0.11111111111111116,2
char_svm,standard,generic,383,0.7177602521413333,0.4444444444444444,3
char_svm,standard,generic,384,0.6960736118322673,0.5555555555555556,3
char_svm,standard,generic,385,0.6121972227029931,0.33333333333333337,3
char_svm,standard,generic,386,0.25162916738782287,0.11111111111111116,2
char_svm,standard,generic,387,0.25162916738782287,0.11111111111111116,2
char_svm,standard,generic,388,0.6121972227029931,0.33333333333333337,3
char_svm,standard,generic,389,0.6121972227029931,0.33333333333333337,3
char_svm,standard,generic,390,0.6758220575766962,0.4444444444444444,3
char_svm,standard,generic,391,0.38210225325431013,0.2222222222222222,2
char_svm,standard,generic,392,0.25162916738782287,0.11111111111111116,2
char_svm,standard,generic,393,0.8288713632524446,0.4444444444444444,4
char_svm,standard,generic,394,0.4955380299191111,0.4444444444444444,2
char_svm,standard,generic,395,0.792481250360578,0.6666666666666667,3
char_svm,standard,generic,396,0.6758220575766962,0.4444444444444444,3
char_svm,standard,generic,397,0.4955380299191111,0.4444444444444444,2
char_svm,standard,generic,398,0.7652465283787413,0.5555555555555556,3
char_svm,standard,generic,399,0.4955380299191111,0.4444444444444444,2
char_svm,standard,generic,400,0.25162916738782287,0.11111111111111116,2
char_svm,standard,generic,401,0.38210225325431013,0.2222222222222222,2
char_svm,standard,generic,402,0.6121972227029931,0.33333333333333337,3
char_svm,standard,generic,403,0.7177602521413333,0.4444444444444444,3
char_svm,standard,generic,404,0.7652465283787413,0.5555555555555556,3
char_svm,standard,generic,405,0.4932133643654213,0.2222222222222222,3
char_svm,standard,generic,406,0.6758220575766962,0.4444444444444444,3
char_svm,standard,generic,407,0.6121972227029931,0.33333333333333337,3
char_svm,standard,generic,408,0.6121972227029931,0.33333333333333337,3
char_svm,standard,generic,409,0.792481250360578,0.6666666666666667,3
char_svm,standard,generic,410,0.9182958340544897,0.5555555555555556,4
char_svm,standard,generic,411,0.6121972227029931,0.33333333333333337,3
char_svm,standard,generic,412,0.6121972227029931,0.33333333333333337,3
char_svm,standard,generic,413,0.792481250360578,0.6666666666666667,3
char_svm,standard,generic,414,0.6960736118322673,0.5555555555555556,3
char_svm,standard,generic,415,0.7652465283787413,0.5555555555555556,3
char_svm,standard,generic,416,0.25162916738782287,0.11111111111111116,2
char_svm,standard,generic,417,0.25162916738782287,0.11111111111111116,2
char_svm,standard,generic,418,0.4591479170272447,0.33333333333333337,2
char_svm,standard,generic,419,0.25162916738782287,0.11111111111111116,2
char_svm,standard,generic,420,0.792481250360578,0.6666666666666667,3
char_svm,standard,generic,421,0.4932133643654213,0.2222222222222222,3
char_svm,standard,generic,422,0.8288713632524446,0.4444444444444444,4
char_svm,standard,generic,423,0.6121972227029931,0.33333333333333337,3
char_svm,standard,generic,424,0.38210225325431013,0.2222222222222222,2
char_svm,standard,generic,425,0.25162916738782287,0.11111111111111116,2
char_svm,standard,generic,426,0.7652465283787413,0.5555555555555556,3
char_svm,standard,generic,427,0.7177602521413333,0.4444444444444444,3
char_svm,standard,generic,428,0.38210225325431013,0.2222222222222222,2
char_svm,standard,generic,429,0.38210225325431013,0.2222222222222222,2
char_svm,standard,generic,430,-0.0,0.0,1
char_svm,standard,generic,431,0.25162916738782287,0.11111111111111116,2
char_svm,standard,generic,432,0.4955380299191111,0.4444444444444444,2
char_svm,standard,generic,433,0.6758220575766962,0.4444444444444444,3
char_svm,standard,generic,434,0.7177602521413333,0.4444444444444444,3
char_svm,standard,generic,435,0.4955380299191111,0.4444444444444444,2
char_svm,standard,generic,436,0.9455305560363264,0.6666666666666667,4
char_svm,standard,generic,437,0.7652465283787413,0.5555555555555556,3
char_svm,standard,generic,438,0.38210225325431013,0.2222222222222222,2
char_svm,standard,generic,439,0.6960736118322673,0.5555555555555556,3
char_svm,standard,generic,440,0.6121972227029931,0.33333333333333337,3
char_svm,standard,generic,441,0.4932133643654213,0.2222222222222222,3
char_svm,standard,generic,442,0.6121972227029931,0.33333333333333337,3
char_svm,standard,generic,443,0.4591479170272447,0.33333333333333337,2
char_svm,standard,generic,444,0.7177602521413333,0.4444444444444444,3
char_svm,standard,generic,445,0.4591479170272447,0.33333333333333337,2
char_svm,standard,generic,446,0.4932133643654213,0.2222222222222222,3
char_svm,standard,generic,447,0.6121972227029931,0.33333333333333337,3
char_svm,standard,generic,448,0.25162916738782287,0.11111111111111116,2
char_svm,standard,generic,449,0.6758220575766962,0.4444444444444444,3
char_svm,standard,generic,450,0.4591479170272447,0.33333333333333337,2
char_svm,standard,generic,451,0.9455305560363264,0.6666666666666667,4
char_svm,standard,generic,452,0.8763576394898526,0.5555555555555556,4
char_svm,standard,generic,453,0.7652465283787413,0.5555555555555556,3
char_svm,standard,generic,454,0.7177602521413333,0.4444444444444444,3
char_svm,standard,generic,455,0.6121972227029931,0.33333333333333337,3
char_svm,standard,generic,456,0.792481250360578,0.6666666666666667,3
char_svm,standard,generic,457,0.6758220575766962,0.4444444444444444,3
char_svm,standard,generic,458,0.6758220575766962,0.4444444444444444,3
char_svm,standard,generic,459,0.6121972227029931,0.33333333333333337,3
char_svm,standard,generic,460,0.4591479170272447,0.33333333333333337,2
char_svm,standard,generic,461,0.6758220575766962,0.4444444444444444,3
char_svm,standard,generic,462,0.4955380299191111,0.4444444444444444,2
char_svm,standard,generic,463,0.25162916738782287,0.11111111111111116,2
char_svm,standard,generic,464,0.7652465283787413,0.5555555555555556,3
char_svm,standard,generic,465,0.7177602521413333,0.4444444444444444,3
char_svm,standard,generic,466,0.6121972227029931,0.33333333333333337,3
char_svm,standard,generic,467,0.25162916738782287,0.11111111111111116,2
char_svm,standard,generic,468,-0.0,0.0,1
char_svm,standard,generic,469,0.6758220575766962,0.4444444444444444,3
char_svm,standard,generic,470,0.4591479170272447,0.33333333333333337,2
char_svm,standard,generic,471,0.6960736118322673,0.5555555555555556,3
char_svm,standard,generic,472,0.6121972227029931,0.33333333333333337,3
char_svm,standard,generic,473,0.6121972227029931,0.33333333333333337,3
char_svm,standard,generic,474,0.4932133643654213,0.2222222222222222,3
char_svm,standard,generic,475,0.6758220575766962,0.4444444444444444,3
char_svm,standard,generic,476,0.9455305560363264,0.6666666666666667,4
char_svm,standard,generic,477,0.25162916738782287,0.11111111111111116,2
char_svm,standard,generic,478,0.4932133643654213,0.2222222222222222,3
char_svm,standard,generic,479,0.38210225325431013,0.2222222222222222,2
char_svm,standard,generic,480,0.6121972227029931,0.33333333333333337,3
char_svm,standard,generic,481,0.8763576394898526,0.5555555555555556,4
char_svm,standard,generic,482,0.4591479170272447,0.33333333333333337,2
char_svm,standard,generic,483,0.4955380299191111,0.4444444444444444,2
char_svm,standard,generic,484,0.8763576394898526,0.5555555555555556,4
char_svm,standard,generic,485,0.38210225325431013,0.2222222222222222,2
char_svm,standard,generic,486,0.7177602521413333,0.4444444444444444,3
char_svm,standard,generic,487,0.7177602521413333,0.4444444444444444,3
char_svm,standard,generic,488,0.4932133643654213,0.2222222222222222,3
char_svm,standard,generic,489,0.4932133643654213,0.2222222222222222,3
char_svm,standard,generic,490,0.6121972227029931,0.33333333333333337,3
char_svm,standard,generic,491,0.4955380299191111,0.4444444444444444,2
char_svm,standard,generic,492,0.7177602521413333,0.4444444444444444,3
char_svm,standard,generic,493,0.6121972227029931,0.33333333333333337,3
char_svm,standard,generic,494,0.4591479170272447,0.33333333333333337,2
char_svm,standard,generic,495,0.7177602521413333,0.4444444444444444,3
char_svm,standard,generic,496,0.4955380299191111,0.4444444444444444,2
char_svm,standard,generic,497,0.6758220575766962,0.4444444444444444,3
char_svm,standard,generic,498,0.25162916738782287,0.11111111111111116,2
char_svm,standard,generic,499,-0.0,0.0,1
char_svm,standard,generic,500,0.6758220575766962,0.4444444444444444,3
char_svm,standard,generic,501,0.6758220575766962,0.4444444444444444,3
char_svm,standard,generic,502,0.6121972227029931,0.33333333333333337,3
char_svm,standard,generic,503,0.38210225325431013,0.2222222222222222,2
char_svm,standard,generic,504,0.792481250360578,0.6666666666666667,3
char_svm,standard,generic,505,0.6960736118322673,0.5555555555555556,3
char_svm,standard,generic,506,0.38210225325431013,0.2222222222222222,2
char_svm,standard,generic,507,0.25162916738782287,0.11111111111111116,2
char_svm,standard,generic,508,0.7652465283787413,0.5555555555555556,3
char_svm,standard,generic,509,0.4955380299191111,0.4444444444444444,2
char_svm,standard,generic,510,0.4955380299191111,0.4444444444444444,2
char_svm,standard,generic,511,0.7652465283787413,0.5555555555555556,3
char_svm,standard,generic,512,0.6758220575766962,0.4444444444444444,3
char_svm,standard,generic,513,0.4932133643654213,0.2222222222222222,3
char_svm,standard,generic,514,0.4955380299191111,0.4444444444444444,2
char_svm,standard,generic,515,-0.0,0.0,1
char_svm,standard,generic,516,0.4591479170272447,0.33333333333333337,2
char_svm,standard,generic,517,0.6121972227029931,0.33333333333333337,3
char_svm,standard,generic,518,0.7652465283787413,0.5555555555555556,3
char_svm,standard,generic,519,0.4591479170272447,0.33333333333333337,2
char_svm,standard,generic,520,0.4591479170272447,0.33333333333333337,2
char_svm,standard,generic,521,0.7652465283787413,0.5555555555555556,3
char_svm,standard,generic,522,0.38210225325431013,0.2222222222222222,2
char_svm,standard,generic,523,0.25162916738782287,0.11111111111111116,2
char_svm,standard,generic,524,0.6758220575766962,0.4444444444444444,3
char_svm,standard,generic,525,-0.0,0.0,1
char_svm,standard,generic,526,0.6758220575766962,0.4444444444444444,3
char_svm,standard,generic,527,0.7652465283787413,0.5555555555555556,3
char_svm,standard,generic,528,0.7652465283787413,0.5555555555555556,3
char_svm,standard,generic,529,0.4591479170272447,0.33333333333333337,2
char_svm,standard,generic,530,0.25162916738782287,0.11111111111111116,2
char_svm,standard,generic,531,0.38210225325431013,0.2222222222222222,2
char_svm,standard,generic,532,0.7652465283787413,0.5555555555555556,3
char_svm,standard,generic,533,0.25162916738782287,0.11111111111111116,2
char_svm,standard,generic,534,0.25162916738782287,0.11111111111111116,2
char_svm,standard,generic,535,0.6121972227029931,0.33333333333333337,3
char_svm,standard,generic,536,0.792481250360578,0.6666666666666667,3
char_svm,standard,generic,537,0.38210225325431013,0.2222222222222222,2
char_svm,standard,generic,538,0.38210225325431013,0.2222222222222222,2
char_svm,standard,generic,539,0.7652465283787413,0.5555555555555556,3
char_svm,standard,generic,540,0.6121972227029931,0.33333333333333337,3
char_svm,standard,generic,541,0.4591479170272447,0.33333333333333337,2
char_svm,standard,generic,542,0.4932133643654213,0.2222222222222222,3
char_svm,standard,generic,543,0.7233083338141042,0.33333333333333337,4
char_svm,standard,generic,544,0.6121972227029931,0.33333333333333337,3
char_svm,standard,generic,545,0.6758220575766962,0.4444444444444444,3
char_svm,standard,generic,546,0.7177602521413333,0.4444444444444444,3
char_svm,standard,generic,547,0.6121972227029931,0.33333333333333337,3
char_svm,standard,generic,548,0.25162916738782287,0.11111111111111116,2
char_svm,standard,generic,549,0.25162916738782287,0.11111111111111116,2
char_svm,standard,generic,550,0.6121972227029931,0.33333333333333337,3
char_svm,standard,generic,551,0.7177602521413333,0.4444444444444444,3
char_svm,standard,generic,552,0.9182958340544897,0.5555555555555556,4
char_svm,standard,generic,553,0.6758220575766962,0.4444444444444444,3
char_svm,standard,generic,554,0.7233083338141042,0.33333333333333337,4
char_svm,standard,generic,555,0.7652465283787413,0.5555555555555556,3
char_svm,standard,generic,556,0.6121972227029931,0.33333333333333337,3
char_svm,standard,generic,557,0.6960736118322673,0.5555555555555556,3
char_svm,standard,generic,558,0.38210225325431013,0.2222222222222222,2
char_svm,standard,generic,559,0.6758220575766962,0.4444444444444444,3
char_svm,standard,generic,560,0.7652465283787413,0.5555555555555556,3
char_svm,standard,generic,561,0.25162916738782287,0.11111111111111116,2
char_svm,standard,generic,562,0.7652465283787413,0.5555555555555556,3
char_svm,standard,generic,563,0.4955380299191111,0.4444444444444444,2
char_svm,standard,generic,564,0.4932133643654213,0.2222222222222222,3
char_svm,standard,generic,565,0.4955380299191111,0.4444444444444444,2
char_svm,standard,generic,566,0.6758220575766962,0.4444444444444444,3
char_svm,standard,generic,567,0.4955380299191111,0.4444444444444444,2
char_svm,standard,generic,568,-0.0,0.0,1
char_svm,standard,generic,569,0.4955380299191111,0.4444444444444444,2
char_svm,standard,generic,570,0.4932133643654213,0.2222222222222222,3
char_svm,standard,generic,571,0.7177602521413333,0.4444444444444444,3
char_svm,standard,generic,572,0.7652465283787413,0.5555555555555556,3
char_svm,standard,generic,573,0.25162916738782287,0.11111111111111116,2
char_svm,standard,generic,574,0.8763576394898526,0.5555555555555556,4
char_svm,standard,generic,575,0.9182958340544897,0.5555555555555556,4
char_svm,standard,generic,576,0.6121972227029931,0.33333333333333337,3
char_svm,standard,generic,577,0.6121972227029931,0.33333333333333337,3
char_svm,standard,generic,578,0.25162916738782287,0.11111111111111116,2
char_svm,standard,generic,579,-0.0,0.0,1
char_svm,standard,generic,580,0.7177602521413333,0.4444444444444444,3
char_svm,standard,generic,581,0.8288713632524446,0.4444444444444444,4
char_svm,standard,generic,582,0.8763576394898526,0.5555555555555556,4
char_svm,standard,generic,583,-0.0,0.0,1
char_svm,standard,generic,584,0.6121972227029931,0.33333333333333337,3
char_svm,standard,generic,585,0.38210225325431013,0.2222222222222222,2
char_svm,standard,generic,586,0.6758220575766962,0.4444444444444444,3
char_svm,standard,generic,587,0.6121972227029931,0.33333333333333337,3
char_svm,standard,generic,588,0.4591479170272447,0.33333333333333337,2
char_svm,standard,generic,589,0.6121972227029931,0.33333333333333337,3
char_svm,standard,generic,590,0.8763576394898526,0.5555555555555556,4
char_svm,standard,generic,591,0.6121972227029931,0.33333333333333337,3
char_svm,standard,generic,592,0.9455305560363264,0.6666666666666667,4
char_svm,standard,generic,593,0.6121972227029931,0.33333333333333337,3
char_svm,standard,generic,594,0.6758220575766962,0.4444444444444444,3
char_svm,standard,generic,595,0.25162916738782287,0.11111111111111116,2
char_svm,standard,generic,596,0.7177602521413333,0.4444444444444444,3
char_svm,standard,generic,597,0.25162916738782287,0.11111111111111116,2
char_svm,standard,generic,598,0.4591479170272447,0.33333333333333337,2
char_svm,standard,generic,599,0.6758220575766962,0.4444444444444444,3
char_svm,standard,generic,600,0.25162916738782287,0.11111111111111116,2
char_svm,standard,generic,601,0.6121972227029931,0.33333333333333337,3
char_svm,standard,generic,602,0.4591479170272447,0.33333333333333337,2
char_svm,standard,generic,603,0.792481250360578,0.6666666666666667,3
char_svm,standard,generic,604,0.6758220575766962,0.4444444444444444,3
char_svm,standard,generic,605,0.25162916738782287,0.11111111111111116,2
char_svm,standard,generic,606,0.4955380299191111,0.4444444444444444,2
char_svm,standard,generic,607,0.38210225325431013,0.2222222222222222,2
char_svm,standard,generic,608,0.8763576394898526,0.5555555555555556,4
char_svm,standard,generic,609,0.7177602521413333,0.4444444444444444,3
char_svm,standard,generic,610,0.4932133643654213,0.2222222222222222,3
char_svm,standard,generic,611,0.7652465283787413,0.5555555555555556,3
char_svm,standard,generic,612,0.6121972227029931,0.33333333333333337,3
char_svm,standard,generic,613,0.4591479170272447,0.33333333333333337,2
char_svm,standard,generic,614,0.25162916738782287,0.11111111111111116,2
char_svm,standard,generic,615,0.9182958340544897,0.5555555555555556,4
char_svm,standard,generic,616,0.4591479170272447,0.33333333333333337,2
char_svm,standard,generic,617,0.4591479170272447,0.33333333333333337,2
char_svm,standard,generic,618,0.38210225325431013,0.2222222222222222,2
char_svm,standard,generic,619,0.6758220575766962,0.4444444444444444,3
char_svm,standard,generic,620,0.25162916738782287,0.11111111111111116,2
char_svm,standard,generic,621,0.6121972227029931,0.33333333333333337,3
char_svm,standard,generic,622,0.4955380299191111,0.4444444444444444,2
char_svm,standard,generic,623,0.6121972227029931,0.33333333333333337,3
char_svm,standard,generic,624,0.9455305560363264,0.6666666666666667,4
char_svm,standard,generic,625,0.8288713632524446,0.4444444444444444,4
char_svm,standard,generic,626,0.4591479170272447,0.33333333333333337,2
char_svm,standard,generic,627,0.4955380299191111,0.4444444444444444,2
char_svm,standard,generic,628,0.6121972227029931,0.33333333333333337,3
char_svm,standard,generic,629,0.25162916738782287,0.11111111111111116,2
char_svm,standard,generic,630,0.8763576394898526,0.5555555555555556,4
char_svm,standard,generic,631,0.4591479170272447,0.33333333333333337,2
char_svm,standard,generic,632,0.4932133643654213,0.2222222222222222,3
char_svm,standard,generic,633,0.8288713632524446,0.4444444444444444,4
char_svm,standard,generic,634,0.8763576394898526,0.5555555555555556,4
char_svm,standard,generic,635,0.6960736118322673,0.5555555555555556,3
char_svm,standard,generic,636,0.25162916738782287,0.11111111111111116,2
char_svm,standard,generic,637,0.6758220575766962,0.4444444444444444,3
char_svm,standard,generic,638,0.4932133643654213,0.2222222222222222,3
char_svm,standard,generic,639,0.4932133643654213,0.2222222222222222,3
char_svm,standard,generic,640,0.38210225325431013,0.2222222222222222,2
char_svm,standard,generic,641,0.6121972227029931,0.33333333333333337,3
char_svm,standard,generic,642,0.4955380299191111,0.4444444444444444,2
char_svm,standard,generic,643,0.7652465283787413,0.5555555555555556,3
char_svm,standard,generic,644,0.38210225325431013,0.2222222222222222,2
char_svm,standard,generic,645,0.25162916738782287,0.11111111111111116,2
char_svm,standard,generic,646,0.7233083338141042,0.33333333333333337,4
char_svm,standard,generic,647,0.6758220575766962,0.4444444444444444,3
char_svm,standard,generic,648,0.6121972227029931,0.33333333333333337,3
char_svm,standard,generic,649,0.9874687506009635,0.6666666666666667,4
char_svm,standard,generic,650,0.4932133643654213,0.2222222222222222,3
char_svm,standard,generic,651,0.4932133643654213,0.2222222222222222,3
char_svm,standard,generic,652,0.6758220575766962,0.4444444444444444,3
char_svm,standard,generic,653,0.6121972227029931,0.33333333333333337,3
char_svm,standard,generic,654,0.7177602521413333,0.4444444444444444,3
char_svm,standard,generic,655,0.6758220575766962,0.4444444444444444,3
char_svm,standard,generic,656,0.25162916738782287,0.11111111111111116,2
char_svm,standard,generic,657,0.7652465283787413,0.5555555555555556,3
char_svm,standard,generic,658,0.8288713632524446,0.4444444444444444,4
char_svm,standard,generic,659,0.6960736118322673,0.5555555555555556,3
char_svm,standard,generic,660,0.7177602521413333,0.4444444444444444,3
char_svm,standard,generic,661,0.7652465283787413,0.5555555555555556,3
char_svm,standard,generic,662,-0.0,0.0,1
char_svm,standard,generic,663,0.4591479170272447,0.33333333333333337,2
char_svm,standard,generic,664,0.25162916738782287,0.11111111111111116,2
char_svm,standard,generic,665,0.7177602521413333,0.4444444444444444,3
char_svm,standard,generic,666,0.7652465283787413,0.5555555555555556,3
char_svm,standard,generic,667,-0.0,0.0,1
char_svm,standard,generic,668,0.4591479170272447,0.33333333333333337,2
char_svm,standard,generic,669,0.6121972227029931,0.33333333333333337,3
char_svm,standard,generic,670,-0.0,0.0,1
char_svm,standard,generic,671,0.6758220575766962,0.4444444444444444,3
char_svm,standard,generic,672,0.6960736118322673,0.5555555555555556,3
char_svm,standard,generic,673,0.4955380299191111,0.4444444444444444,2
char_svm,standard,generic,674,0.6121972227029931,0.33333333333333337,3
char_svm,standard,generic,675,0.38210225325431013,0.2222222222222222,2
char_svm,standard,generic,676,0.25162916738782287,0.11111111111111116,2
char_svm,standard,generic,677,0.6960736118322673,0.5555555555555556,3
char_svm,standard,generic,678,0.7652465283787413,0.5555555555555556,3
char_svm,standard,generic,679,0.6121972227029931,0.33333333333333337,3
char_svm,standard,generic,680,0.6758220575766962,0.4444444444444444,3
char_svm,standard,generic,681,0.4591479170272447,0.33333333333333337,2
char_svm,standard,generic,682,0.6960736118322673,0.5555555555555556,3
char_svm,standard,generic,683,-0.0,0.0,1
char_svm,standard,generic,684,-0.0,0.0,1
char_svm,standard,generic,685,0.38210225325431013,0.2222222222222222,2
char_svm,standard,generic,686,0.7652465283787413,0.5555555555555556,3
char_svm,standard,generic,687,0.4591479170272447,0.33333333333333337,2
char_svm,standard,generic,688,0.7652465283787413,0.5555555555555556,3
char_svm,standard,generic,689,0.38210225325431013,0.2222222222222222,2
char_svm,standard,generic,690,0.6960736118322673,0.5555555555555556,3
char_svm,standard,generic,691,0.7652465283787413,0.5555555555555556,3
char_svm,standard,generic,692,0.6960736118322673,0.5555555555555556,3
char_svm,standard,generic,693,0.25162916738782287,0.11111111111111116,2
char_svm,standard,generic,694,-0.0,0.0,1
char_svm,standard,generic,695,0.8288713632524446,0.4444444444444444,4
char_svm,standard,generic,696,0.4955380299191111,0.4444444444444444,2
char_svm,standard,generic,697,0.4955380299191111,0.4444444444444444,2
char_svm,standard,generic,698,0.25162916738782287,0.11111111111111116,2
char_svm,standard,generic,699,0.6758220575766962,0.4444444444444444,3
char_svm,standard,generic,700,0.6121972227029931,0.33333333333333337,3
char_svm,standard,generic,701,0.6758220575766962,0.4444444444444444,3
char_svm,standard,generic,702,0.6758220575766962,0.4444444444444444,3
char_svm,standard,generic,703,0.4932133643654213,0.2222222222222222,3
char_svm,standard,generic,704,0.8288713632524446,0.4444444444444444,4
char_svm,standard,generic,705,0.25162916738782287,0.11111111111111116,2
char_svm,standard,generic,706,0.6121972227029931,0.33333333333333337,3
char_svm,standard,generic,707,0.38210225325431013,0.2222222222222222,2
char_svm,standard,generic,708,0.7177602521413333,0.4444444444444444,3
char_svm,standard,generic,709,0.6121972227029931,0.33333333333333337,3
char_svm,standard,generic,710,0.6121972227029931,0.33333333333333337,3
char_svm,standard,generic,711,0.792481250360578,0.6666666666666667,3
char_svm,standard,generic,712,-0.0,0.0,1
char_svm,standard,generic,713,0.6121972227029931,0.33333333333333337,3
char_svm,standard,generic,714,0.6121972227029931,0.33333333333333337,3
char_svm,standard,generic,715,0.4955380299191111,0.4444444444444444,2
char_svm,standard,generic,716,0.6758220575766962,0.4444444444444444,3
char_svm,standard,generic,717,0.9874687506009635,0.6666666666666667,4
char_svm,standard,generic,718,0.4955380299191111,0.4444444444444444,2
char_svm,standard,generic,719,0.4591479170272447,0.33333333333333337,2
char_svm,standard,generic,720,0.7177602521413333,0.4444444444444444,3
char_svm,standard,generic,721,0.6960736118322673,0.5555555555555556,3
char_svm,standard,generic,722,0.7652465283787413,0.5555555555555556,3
char_svm,standard,generic,723,0.6960736118322673,0.5555555555555556,3
char_svm,standard,generic,724,0.4591479170272447,0.33333333333333337,2
char_svm,standard,generic,725,0.7652465283787413,0.5555555555555556,3
char_svm,standard,generic,726,0.6960736118322673,0.5555555555555556,3
char_svm,standard,generic,727,0.6758220575766962,0.4444444444444444,3
char_svm,standard,generic,728,0.6758220575766962,0.4444444444444444,3
char_svm,standard,generic,729,0.792481250360578,0.6666666666666667,3
char_svm,standard,generic,730,0.4955380299191111,0.4444444444444444,2
char_svm,standard,generic,731,0.7652465283787413,0.5555555555555556,3
char_svm,standard,generic,732,0.4932133643654213,0.2222222222222222,3
char_svm,standard,generic,733,0.4932133643654213,0.2222222222222222,3
char_svm,standard,generic,734,0.38210225325431013,0.2222222222222222,2
char_svm,standard,generic,735,0.4591479170272447,0.33333333333333337,2
char_svm,standard,generic,736,0.4955380299191111,0.4444444444444444,2
char_svm,standard,generic,737,0.4591479170272447,0.33333333333333337,2
char_svm,standard,generic,738,0.6758220575766962,0.4444444444444444,3
char_svm,standard,generic,739,0.6960736118322673,0.5555555555555556,3
char_svm,standard,generic,740,0.9182958340544897,0.5555555555555556,4
char_svm,standard,generic,741,0.4591479170272447,0.33333333333333337,2
char_svm,standard,generic,742,0.4955380299191111,0.4444444444444444,2
char_svm,standard,generic,743,0.38210225325431013,0.2222222222222222,2
char_svm,standard,generic,744,0.6758220575766962,0.4444444444444444,3
char_svm,standard,generic,745,0.6758220575766962,0.4444444444444444,3
char_svm,standard,generic,746,0.7652465283787413,0.5555555555555556,3
char_svm,standard,generic,747,0.25162916738782287,0.11111111111111116,2
char_svm,standard,generic,748,0.6960736118322673,0.5555555555555556,3
char_svm,standard,generic,749,0.7652465283787413,0.5555555555555556,3
char_svm,standard,generic,750,0.25162916738782287,0.11111111111111116,2
char_svm,standard,generic,751,0.7177602521413333,0.4444444444444444,3
char_svm,standard,generic,752,0.38210225325431013,0.2222222222222222,2
char_svm,standard,generic,753,0.7652465283787413,0.5555555555555556,3
char_svm,standard,generic,754,0.7652465283787413,0.5555555555555556,3
char_svm,standard,generic,755,0.6121972227029931,0.33333333333333337,3
char_svm,standard,generic,756,0.25162916738782287,0.11111111111111116,2
char_svm,standard,generic,757,0.6121972227029931,0.33333333333333337,3
char_svm,standard,generic,758,0.38210225325431013,0.2222222222222222,2
char_svm,standard,generic,759,0.38210225325431013,0.2222222222222222,2
char_svm,standard,generic,760,0.4932133643654213,0.2222222222222222,3
char_svm,standard,generic,761,0.6758220575766962,0.4444444444444444,3
char_svm,standard,generic,762,0.7652465283787413,0.5555555555555556,3
char_svm,standard,generic,763,0.4955380299191111,0.4444444444444444,2
char_svm,standard,generic,764,0.6121972227029931,0.33333333333333337,3
char_svm,standard,generic,765,0.6960736118322673,0.5555555555555556,3
char_svm,standard,generic,766,0.7177602521413333,0.4444444444444444,3
char_svm,standard,generic,767,0.6960736118322673,0.5555555555555556,3
char_svm,standard,generic,768,0.792481250360578,0.6666666666666667,3
char_svm,standard,generic,769,0.25162916738782287,0.11111111111111116,2
char_svm,standard,generic,770,0.6758220575766962,0.4444444444444444,3
char_svm,standard,generic,771,0.6121972227029931,0.33333333333333337,3
char_svm,standard,generic,772,0.7177602521413333,0.4444444444444444,3
char_svm,standard,generic,773,0.6121972227029931,0.33333333333333337,3
char_svm,standard,generic,774,0.6758220575766962,0.4444444444444444,3
char_svm,standard,generic,775,0.7177602521413333,0.4444444444444444,3
char_svm,standard,generic,776,0.38210225325431013,0.2222222222222222,2
char_svm,standard,generic,777,0.6121972227029931,0.33333333333333337,3
char_svm,standard,generic,778,0.6960736118322673,0.5555555555555556,3
char_svm,standard,generic,779,0.7652465283787413,0.5555555555555556,3
char_svm,standard,generic,780,0.7177602521413333,0.4444444444444444,3
char_svm,standard,generic,781,0.7177602521413333,0.4444444444444444,3
char_svm,standard,generic,782,0.6121972227029931,0.33333333333333337,3
char_svm,standard,generic,783,0.4932133643654213,0.2222222222222222,3
char_svm,standard,generic,784,0.25162916738782287,0.11111111111111116,2
char_svm,standard,generic,785,0.6758220575766962,0.4444444444444444,3
char_svm,standard,generic,786,0.6758220575766962,0.4444444444444444,3
char_svm,standard,generic,787,0.4932133643654213,0.2222222222222222,3
char_svm,standard,generic,788,0.6960736118322673,0.5555555555555556,3
char_svm,standard,generic,789,0.6121972227029931,0.33333333333333337,3
char_svm,standard,generic,790,0.6960736118322673,0.5555555555555556,3
char_svm,standard,generic,791,0.6758220575766962,0.4444444444444444,3
char_svm,standard,generic,792,0.38210225325431013,0.2222222222222222,2
char_svm,standard,generic,793,0.25162916738782287,0.11111111111111116,2
char_svm,standard,generic,794,0.6758220575766962,0.4444444444444444,3
char_svm,standard,generic,796,0.6758220575766962,0.4444444444444444,3
char_svm,standard,generic,797,0.4932133643654213,0.2222222222222222,3
char_svm,standard,generic,798,0.38210225325431013,0.2222222222222222,2
char_svm,standard,generic,799,0.8288713632524446,0.4444444444444444,4
char_svm,standard,generic,800,0.7652465283787413,0.5555555555555556,3
char_svm,standard,generic,801,0.4932133643654213,0.2222222222222222,3
char_svm,standard,generic,802,-0.0,0.0,1
char_svm,standard,generic,803,0.7177602521413333,0.4444444444444444,3
char_svm,standard,generic,804,0.6121972227029931,0.33333333333333337,3
char_svm,standard,generic,805,0.8288713632524446,0.4444444444444444,4
char_svm,standard,generic,806,0.7652465283787413,0.5555555555555556,3
char_svm,standard,generic,807,0.6960736118322673,0.5555555555555556,3
char_svm,standard,generic,808,0.4932133643654213,0.2222222222222222,3
char_svm,standard,generic,809,0.7652465283787413,0.5555555555555556,3
char_svm,standard,generic,810,0.25162916738782287,0.11111111111111116,2
char_svm,standard,generic,811,0.25162916738782287,0.11111111111111116,2
char_svm,standard,generic,812,0.4591479170272447,0.33333333333333337,2
char_svm,standard,generic,813,0.6758220575766962,0.4444444444444444,3
char_svm,standard,generic,814,0.6121972227029931,0.33333333333333337,3
char_svm,standard,generic,815,0.25162916738782287,0.11111111111111116,2
char_svm,standard,generic,816,0.4932133643654213,0.2222222222222222,3
char_svm,standard,generic,817,0.7652465283787413,0.5555555555555556,3
char_svm,standard,generic,818,0.4955380299191111,0.4444444444444444,2
char_svm,standard,generic,819,0.8288713632524446,0.4444444444444444,4
char_svm,standard,generic,820,0.6121972227029931,0.33333333333333337,3
char_svm,standard,generic,821,0.6758220575766962,0.4444444444444444,3
char_svm,standard,generic,822,0.4955380299191111,0.4444444444444444,2
char_svm,standard,generic,823,0.6960736118322673,0.5555555555555556,3
char_svm,standard,generic,824,0.4955380299191111,0.4444444444444444,2
char_svm,standard,generic,825,0.7177602521413333,0.4444444444444444,3
char_svm,standard,generic,826,0.4955380299191111,0.4444444444444444,2
char_svm,standard,generic,827,0.6121972227029931,0.33333333333333337,3
char_svm,standard,generic,828,0.6758220575766962,0.4444444444444444,3
char_svm,standard,generic,829,0.4932133643654213,0.2222222222222222,3
char_svm,standard,generic,830,0.6758220575766962,0.4444444444444444,3
char_svm,standard,generic,831,0.6121972227029931,0.33333333333333337,3
char_svm,standard,generic,832,0.38210225325431013,0.2222222222222222,2
char_svm,standard,generic,833,0.6960736118322673,0.5555555555555556,3
char_svm,standard,generic,834,0.4955380299191111,0.4444444444444444,2
char_svm,standard,generic,835,0.8288713632524446,0.4444444444444444,4
char_svm,standard,generic,836,0.4932133643654213,0.2222222222222222,3
char_svm,standard,generic,837,0.7652465283787413,0.5555555555555556,3
char_svm,standard,generic,838,-0.0,0.0,1
char_svm,standard,generic,839,0.7652465283787413,0.5555555555555556,3
char_svm,standard,generic,841,0.8288713632524446,0.4444444444444444,4
char_svm,standard,generic,842,0.6758220575766962,0.4444444444444444,3
char_svm,standard,generic,843,0.7652465283787413,0.5555555555555556,3
char_svm,standard,generic,844,0.4932133643654213,0.2222222222222222,3
char_svm,standard,generic,845,0.4591479170272447,0.33333333333333337,2
char_svm,standard,generic,846,0.9455305560363264,0.6666666666666667,4
char_svm,standard,generic,847,0.7177602521413333,0.4444444444444444,3
char_svm,standard,generic,848,0.792481250360578,0.6666666666666667,3
char_svm,standard,generic,849,0.7233083338141042,0.33333333333333337,4
char_svm,standard,generic,850,0.7652465283787413,0.5555555555555556,3
char_svm,standard,generic,851,0.7652465283787413,0.5555555555555556,3
char_svm,standard,generic,852,0.4955380299191111,0.4444444444444444,2
char_svm,standard,generic,853,0.38210225325431013,0.2222222222222222,2
char_svm,standard,generic,854,0.8288713632524446,0.4444444444444444,4
char_svm,standard,generic,855,0.6960736118322673,0.5555555555555556,3
char_svm,standard,generic,856,0.7652465283787413,0.5555555555555556,3
char_svm,standard,generic,857,0.4932133643654213,0.2222222222222222,3
char_svm,standard,generic,858,0.6121972227029931,0.33333333333333337,3
char_svm,standard,generic,859,0.6121972227029931,0.33333333333333337,3
char_svm,standard,generic,860,0.7177602521413333,0.4444444444444444,3
char_svm,standard,generic,861,0.6960736118322673,0.5555555555555556,3
char_svm,standard,generic,862,0.9455305560363264,0.6666666666666667,4
char_svm,standard,generic,863,0.7652465283787413,0.5555555555555556,3
char_svm,standard,generic,864,0.8763576394898526,0.5555555555555556,4
char_svm,standard,generic,865,0.4955380299191111,0.4444444444444444,2
char_svm,standard,generic,866,0.4591479170272447,0.33333333333333337,2
char_svm,standard,generic,867,0.6758220575766962,0.4444444444444444,3
char_svm,standard,generic,868,0.6758220575766962,0.4444444444444444,3
char_svm,standard,generic,869,0.6758220575766962,0.4444444444444444,3
char_svm,standard,generic,870,0.6121972227029931,0.33333333333333337,3
char_svm,standard,generic,871,-0.0,0.0,1
char_svm,standard,generic,872,0.4932133643654213,0.2222222222222222,3
char_svm,standard,generic,873,0.6960736118322673,0.5555555555555556,3
char_svm,standard,generic,874,0.6121972227029931,0.33333333333333337,3
char_svm,standard,generic,875,0.9182958340544897,0.5555555555555556,4
char_svm,standard,generic,876,0.7652465283787413,0.5555555555555556,3
char_svm,standard,generic,877,0.38210225325431013,0.2222222222222222,2
char_svm,standard,generic,878,0.7652465283787413,0.5555555555555556,3
char_svm,standard,generic,879,0.7177602521413333,0.4444444444444444,3
char_svm,standard,generic,880,0.4932133643654213,0.2222222222222222,3
char_svm,standard,generic,881,0.6960736118322673,0.5555555555555556,3
char_svm,standard,generic,882,0.25162916738782287,0.11111111111111116,2
char_svm,standard,generic,883,0.6960736118322673,0.5555555555555556,3
char_svm,standard,generic,884,0.6121972227029931,0.33333333333333337,3
char_svm,standard,generic,885,0.6758220575766962,0.4444444444444444,3
char_svm,standard,generic,886,0.8288713632524446,0.4444444444444444,4
char_svm,standard,generic,887,0.6758220575766962,0.4444444444444444,3
char_svm,standard,generic,888,0.6121972227029931,0.33333333333333337,3
char_svm,standard,generic,889,0.4955380299191111,0.4444444444444444,2
char_svm,standard,generic,890,0.25162916738782287,0.11111111111111116,2
char_svm,standard,generic,891,0.6121972227029931,0.33333333333333337,3
char_svm,standard,generic,892,0.7177602521413333,0.4444444444444444,3
char_svm,standard,generic,893,0.4932133643654213,0.2222222222222222,3
char_svm,standard,generic,894,0.8763576394898526,0.5555555555555556,4
char_svm,standard,generic,895,0.6960736118322673,0.5555555555555556,3
char_svm,standard,generic,896,0.7652465283787413,0.5555555555555556,3
char_svm,standard,generic,897,0.4955380299191111,0.4444444444444444,2
char_svm,standard,generic,898,0.7177602521413333,0.4444444444444444,3
char_svm,standard,generic,899,0.25162916738782287,0.11111111111111116,2
char_svm,standard,generic,900,0.6121972227029931,0.33333333333333337,3
char_svm,standard,generic,901,0.25162916738782287,0.11111111111111116,2
char_svm,standard,generic,902,0.6960736118322673,0.5555555555555556,3
char_svm,standard,generic,903,0.6758220575766962,0.4444444444444444,3
char_svm,standard,generic,904,0.7177602521413333,0.4444444444444444,3
char_svm,standard,generic,905,0.9455305560363264,0.6666666666666667,4
char_svm,standard,generic,906,0.4955380299191111,0.4444444444444444,2
char_svm,standard,generic,907,0.4955380299191111,0.4444444444444444,2
char_svm,standard,generic,908,0.4591479170272447,0.33333333333333337,2
char_svm,standard,generic,909,0.6121972227029931,0.33333333333333337,3
char_svm,standard,generic,910,0.9182958340544897,0.5555555555555556,4
char_svm,standard,generic,911,0.6758220575766962,0.4444444444444444,3
char_svm,standard,generic,912,0.4591479170272447,0.33333333333333337,2
char_svm,standard,generic,913,0.25162916738782287,0.11111111111111116,2
char_svm,standard,generic,914,0.4591479170272447,0.33333333333333337,2
char_svm,standard,generic,915,0.6121972227029931,0.33333333333333337,3
char_svm,standard,generic,916,0.7652465283787413,0.5555555555555556,3
char_svm,standard,generic,917,0.4955380299191111,0.4444444444444444,2
char_svm,standard,generic,918,0.7177602521413333,0.4444444444444444,3
char_svm,standard,generic,919,0.4955380299191111,0.4444444444444444,2
char_svm,standard,generic,920,0.6121972227029931,0.33333333333333337,3
char_svm,standard,generic,921,0.8288713632524446,0.4444444444444444,4
char_svm,standard,generic,922,0.4955380299191111,0.4444444444444444,2
char_svm,standard,generic,923,0.4955380299191111,0.4444444444444444,2
char_svm,standard,generic,924,0.7177602521413333,0.4444444444444444,3
char_svm,standard,generic,925,0.6121972227029931,0.33333333333333337,3
char_svm,standard,generic,926,0.4591479170272447,0.33333333333333337,2
char_svm,standard,generic,927,0.9455305560363264,0.6666666666666667,4
char_svm,standard,generic,928,0.6758220575766962,0.4444444444444444,3
char_svm,standard,generic,929,0.8288713632524446,0.4444444444444444,4
char_svm,standard,generic,930,0.6758220575766962,0.4444444444444444,3
char_svm,standard,generic,931,0.6121972227029931,0.33333333333333337,3
char_svm,standard,generic,932,0.25162916738782287,0.11111111111111116,2
char_svm,standard,generic,933,0.7177602521413333,0.4444444444444444,3
char_svm,standard,generic,934,0.38210225325431013,0.2222222222222222,2
char_svm,standard,generic,935,0.7233083338141042,0.33333333333333337,4
char_svm,standard,generic,936,0.6758220575766962,0.4444444444444444,3
char_svm,standard,generic,937,0.25162916738782287,0.11111111111111116,2
char_svm,standard,generic,938,0.4591479170272447,0.33333333333333337,2
char_svm,standard,generic,939,0.8763576394898526,0.5555555555555556,4
char_svm,standard,generic,940,0.4932133643654213,0.2222222222222222,3
char_svm,standard,generic,941,0.792481250360578,0.6666666666666667,3
char_svm,standard,generic,942,0.25162916738782287,0.11111111111111116,2
char_svm,standard,generic,943,-0.0,0.0,1
char_svm,standard,generic,944,0.6121972227029931,0.33333333333333337,3
char_svm,standard,generic,945,0.4955380299191111,0.4444444444444444,2
char_svm,standard,generic,946,0.7652465283787413,0.5555555555555556,3
char_svm,standard,generic,947,0.25162916738782287,0.11111111111111116,2
char_svm,standard,generic,948,-0.0,0.0,1
char_svm,standard,generic,949,0.9182958340544897,0.5555555555555556,4
char_svm,standard,generic,950,0.7233083338141042,0.33333333333333337,4
char_svm,standard,generic,951,0.4932133643654213,0.2222222222222222,3
char_svm,standard,generic,952,0.6960736118322673,0.5555555555555556,3
char_svm,standard,generic,953,0.4955380299191111,0.4444444444444444,2
char_svm,standard,generic,954,0.4955380299191111,0.4444444444444444,2
char_svm,standard,generic,955,0.7652465283787413,0.5555555555555556,3
char_svm,standard,generic,956,0.6758220575766962,0.4444444444444444,3
char_svm,standard,generic,957,0.6960736118322673,0.5555555555555556,3
char_svm,standard,generic,958,0.38210225325431013,0.2222222222222222,2
char_svm,standard,generic,959,0.8763576394898526,0.5555555555555556,4
char_svm,standard,generic,960,0.9874687506009635,0.6666666666666667,4
char_svm,standard,generic,961,0.4932133643654213,0.2222222222222222,3
char_svm,standard,generic,962,-0.0,0.0,1
char_svm,standard,generic,963,0.7652465283787413,0.5555555555555556,3
char_svm,standard,generic,964,0.4955380299191111,0.4444444444444444,2
char_svm,standard,generic,965,0.4591479170272447,0.33333333333333337,2
char_svm,standard,generic,966,0.4591479170272447,0.33333333333333337,2
char_svm,standard,generic,967,0.6121972227029931,0.33333333333333337,3
char_svm,standard,generic,968,0.38210225325431013,0.2222222222222222,2
char_svm,standard,generic,969,0.6121972227029931,0.33333333333333337,3
char_svm,standard,generic,970,0.6960736118322673,0.5555555555555556,3
char_svm,standard,generic,971,0.4932133643654213,0.2222222222222222,3
char_svm,standard,generic,972,0.9455305560363264,0.6666666666666667,4
char_svm,standard,generic,973,0.7652465283787413,0.5555555555555556,3
char_svm,standard,generic,974,0.38210225325431013,0.2222222222222222,2
char_svm,standard,generic,975,0.9455305560363264,0.6666666666666667,4
char_svm,standard,generic,976,0.6121972227029931,0.33333333333333337,3
char_svm,standard,generic,977,0.7652465283787413,0.5555555555555556,3
char_svm,standard,generic,978,0.4591479170272447,0.33333333333333337,2
char_svm,standard,generic,979,0.4955380299191111,0.4444444444444444,2
char_svm,standard,generic,980,0.38210225325431013,0.2222222222222222,2
char_svm,standard,generic,981,0.38210225325431013,0.2222222222222222,2
char_svm,standard,generic,982,0.6121972227029931,0.33333333333333337,3
char_svm,standard,generic,983,0.6758220575766962,0.4444444444444444,3
char_svm,standard,generic,984,0.7652465283787413,0.5555555555555556,3
char_svm,standard,generic,985,0.6758220575766962,0.4444444444444444,3
char_svm,standard,generic,986,0.9874687506009635,0.6666666666666667,4
char_svm,standard,generic,987,0.25162916738782287,0.11111111111111116,2
char_svm,standard,generic,988,0.7652465283787413,0.5555555555555556,3
char_svm,standard,generic,989,0.8288713632524446,0.4444444444444444,4
char_svm,standard,generic,990,0.8763576394898526,0.5555555555555556,4
char_svm,standard,generic,991,0.7652465283787413,0.5555555555555556,3
char_svm,standard,generic,992,0.38210225325431013,0.2222222222222222,2
char_svm,standard,generic,993,0.6960736118322673,0.5555555555555556,3
char_svm,standard,generic,994,0.4932133643654213,0.2222222222222222,3
char_svm,standard,generic,995,0.7652465283787413,0.5555555555555556,3
char_svm,standard,generic,996,0.7652465283787413,0.5555555555555556,3
char_svm,standard,generic,997,0.4932133643654213,0.2222222222222222,3
char_svm,standard,generic,998,0.7652465283787413,0.5555555555555556,3
char_svm,standard,generic,999,0.6758220575766962,0.4444444444444444,3
char_svm,standard,generic,1000,0.6758220575766962,0.4444444444444444,3
char_svm,standard,generic,1001,0.6758220575766962,0.4444444444444444,3
char_svm,standard,generic,1009,0.4932133643654213,0.2222222222222222,3
char_svm,standard,generic,1061,0.38210225325431013,0.2222222222222222,2
char_svm,standard,generic,1085,0.6758220575766962,0.4444444444444444,3
char_svm,standard,generic,1125,0.25162916738782287,0.11111111111111116,2
char_svm,standard,pedagogy,0,0.25162916738782287,0.11111111111111116,2
char_svm,standard,pedagogy,1,0.6960736118322673,0.5555555555555556,3
char_svm,standard,pedagogy,2,0.7652465283787413,0.5555555555555556,3
char_svm,standard,pedagogy,3,0.38210225325431013,0.2222222222222222,2
char_svm,standard,pedagogy,4,0.4955380299191111,0.4444444444444444,2
char_svm,standard,pedagogy,5,0.6121972227029931,0.33333333333333337,3
char_svm,standard,pedagogy,6,0.8288713632524446,0.4444444444444444,4
char_svm,standard,pedagogy,7,0.8763576394898526,0.5555555555555556,4
char_svm,standard,pedagogy,8,0.4591479170272447,0.33333333333333337,2
char_svm,standard,pedagogy,9,0.4591479170272447,0.33333333333333337,2
char_svm,standard,pedagogy,10,0.38210225325431013,0.2222222222222222,2
char_svm,standard,pedagogy,11,0.38210225325431013,0.2222222222222222,2
char_svm,standard,pedagogy,12,0.6758220575766962,0.4444444444444444,3
char_svm,standard,pedagogy,13,0.6960736118322673,0.5555555555555556,3
char_svm,standard,pedagogy,14,0.7233083338141042,0.33333333333333337,4
char_svm,standard,pedagogy,15,0.38210225325431013,0.2222222222222222,2
char_svm,standard,pedagogy,16,0.4955380299191111,0.4444444444444444,2
char_svm,standard,pedagogy,17,0.6960736118322673,0.5555555555555556,3
char_svm,standard,pedagogy,18,0.6121972227029931,0.33333333333333337,3
char_svm,standard,pedagogy,19,0.8288713632524446,0.4444444444444444,4
char_svm,standard,pedagogy,20,0.9874687506009635,0.6666666666666667,4
char_svm,standard,pedagogy,21,0.38210225325431013,0.2222222222222222,2
char_svm,standard,pedagogy,22,0.6960736118322673,0.5555555555555556,3
char_svm,standard,pedagogy,23,0.7233083338141042,0.33333333333333337,4
char_svm,standard,pedagogy,24,0.4932133643654213,0.2222222222222222,3
char_svm,standard,pedagogy,25,0.6758220575766962,0.4444444444444444,3
char_svm,standard,pedagogy,26,-0.0,0.0,1
char_svm,standard,pedagogy,27,0.6758220575766962,0.4444444444444444,3
char_svm,standard,pedagogy,28,0.25162916738782287,0.11111111111111116,2
char_svm,standard,pedagogy,29,0.4932133643654213,0.2222222222222222,3
char_svm,standard,pedagogy,30,0.4932133643654213,0.2222222222222222,3
char_svm,standard,pedagogy,31,0.4932133643654213,0.2222222222222222,3
char_svm,standard,pedagogy,32,0.6960736118322673,0.5555555555555556,3
char_svm,standard,pedagogy,33,0.6758220575766962,0.4444444444444444,3
char_svm,standard,pedagogy,34,0.38210225325431013,0.2222222222222222,2
char_svm,standard,pedagogy,35,0.6758220575766962,0.4444444444444444,3
char_svm,standard,pedagogy,36,0.4932133643654213,0.2222222222222222,3
char_svm,standard,pedagogy,37,0.4955380299191111,0.4444444444444444,2
char_svm,standard,pedagogy,38,0.38210225325431013,0.2222222222222222,2
char_svm,standard,pedagogy,39,-0.0,0.0,1
char_svm,standard,pedagogy,40,0.25162916738782287,0.11111111111111116,2
char_svm,standard,pedagogy,41,0.6960736118322673,0.5555555555555556,3
char_svm,standard,pedagogy,42,0.6121972227029931,0.33333333333333337,3
char_svm,standard,pedagogy,43,0.38210225325431013,0.2222222222222222,2
char_svm,standard,pedagogy,44,0.38210225325431013,0.2222222222222222,2
char_svm,standard,pedagogy,45,0.6758220575766962,0.4444444444444444,3
char_svm,standard,pedagogy,46,0.4591479170272447,0.33333333333333337,2
char_svm,standard,pedagogy,47,0.8763576394898526,0.5555555555555556,4
char_svm,standard,pedagogy,48,0.25162916738782287,0.11111111111111116,2
char_svm,standard,pedagogy,49,0.4591479170272447,0.33333333333333337,2
char_svm,standard,pedagogy,50,0.7177602521413333,0.4444444444444444,3
char_svm,standard,pedagogy,51,-0.0,0.0,1
char_svm,standard,pedagogy,52,0.7652465283787413,0.5555555555555556,3
char_svm,standard,pedagogy,53,0.4955380299191111,0.4444444444444444,2
char_svm,standard,pedagogy,54,0.6121972227029931,0.33333333333333337,3
char_svm,standard,pedagogy,55,0.7177602521413333,0.4444444444444444,3
char_svm,standard,pedagogy,56,0.25162916738782287,0.11111111111111116,2
char_svm,standard,pedagogy,57,0.25162916738782287,0.11111111111111116,2
char_svm,standard,pedagogy,58,0.8288713632524446,0.4444444444444444,4
char_svm,standard,pedagogy,59,0.6121972227029931,0.33333333333333337,3
char_svm,standard,pedagogy,60,0.7177602521413333,0.4444444444444444,3
char_svm,standard,pedagogy,61,0.6121972227029931,0.33333333333333337,3
char_svm,standard,pedagogy,62,0.6960736118322673,0.5555555555555556,3
char_svm,standard,pedagogy,63,0.6960736118322673,0.5555555555555556,3
char_svm,standard,pedagogy,64,0.4955380299191111,0.4444444444444444,2
char_svm,standard,pedagogy,65,0.38210225325431013,0.2222222222222222,2
char_svm,standard,pedagogy,66,0.6121972227029931,0.33333333333333337,3
char_svm,standard,pedagogy,67,0.6121972227029931,0.33333333333333337,3
char_svm,standard,pedagogy,68,0.6121972227029931,0.33333333333333337,3
char_svm,standard,pedagogy,69,0.9874687506009635,0.6666666666666667,4
char_svm,standard,pedagogy,70,0.6960736118322673,0.5555555555555556,3
char_svm,standard,pedagogy,71,0.8288713632524446,0.4444444444444444,4
char_svm,standard,pedagogy,72,0.38210225325431013,0.2222222222222222,2
char_svm,standard,pedagogy,73,0.7652465283787413,0.5555555555555556,3
char_svm,standard,pedagogy,74,0.38210225325431013,0.2222222222222222,2
char_svm,standard,pedagogy,75,0.6758220575766962,0.4444444444444444,3
char_svm,standard,pedagogy,76,0.6960736118322673,0.5555555555555556,3
char_svm,standard,pedagogy,77,0.4955380299191111,0.4444444444444444,2
char_svm,standard,pedagogy,78,0.4955380299191111,0.4444444444444444,2
char_svm,standard,pedagogy,79,0.4955380299191111,0.4444444444444444,2
char_svm,standard,pedagogy,80,0.8288713632524446,0.4444444444444444,4
char_svm,standard,pedagogy,81,0.4591479170272447,0.33333333333333337,2
char_svm,standard,pedagogy,82,0.38210225325431013,0.2222222222222222,2
char_svm,standard,pedagogy,83,0.7177602521413333,0.4444444444444444,3
char_svm,standard,pedagogy,84,0.6121972227029931,0.33333333333333337,3
char_svm,standard,pedagogy,85,0.9455305560363264,0.6666666666666667,4
char_svm,standard,pedagogy,86,0.7177602521413333,0.4444444444444444,3
char_svm,standard,pedagogy,87,0.7177602521413333,0.4444444444444444,3
char_svm,standard,pedagogy,88,0.6758220575766962,0.4444444444444444,3
char_svm,standard,pedagogy,89,0.4932133643654213,0.2222222222222222,3
char_svm,standard,pedagogy,90,0.25162916738782287,0.11111111111111116,2
char_svm,standard,pedagogy,91,0.6121972227029931,0.33333333333333337,3
char_svm,standard,pedagogy,92,0.4591479170272447,0.33333333333333337,2
char_svm,standard,pedagogy,93,0.8763576394898526,0.5555555555555556,4
char_svm,standard,pedagogy,94,0.25162916738782287,0.11111111111111116,2
char_svm,standard,pedagogy,95,0.6960736118322673,0.5555555555555556,3
char_svm,standard,pedagogy,96,0.4591479170272447,0.33333333333333337,2
char_svm,standard,pedagogy,97,0.6758220575766962,0.4444444444444444,3
char_svm,standard,pedagogy,98,0.6758220575766962,0.4444444444444444,3
char_svm,standard,pedagogy,99,0.6758220575766962,0.4444444444444444,3
char_svm,standard,pedagogy,100,0.38210225325431013,0.2222222222222222,2
char_svm,standard,pedagogy,101,0.6960736118322673,0.5555555555555556,3
char_svm,standard,pedagogy,102,0.25162916738782287,0.11111111111111116,2
char_svm,standard,pedagogy,103,0.25162916738782287,0.11111111111111116,2
char_svm,standard,pedagogy,104,0.25162916738782287,0.11111111111111116,2
char_svm,standard,pedagogy,105,0.6758220575766962,0.4444444444444444,3
char_svm,standard,pedagogy,106,0.6121972227029931,0.33333333333333337,3
char_svm,standard,pedagogy,107,0.6758220575766962,0.4444444444444444,3
char_svm,standard,pedagogy,108,0.6121972227029931,0.33333333333333337,3
char_svm,standard,pedagogy,109,0.7177602521413333,0.4444444444444444,3
char_svm,standard,pedagogy,110,0.38210225325431013,0.2222222222222222,2
char_svm,standard,pedagogy,111,0.8763576394898526,0.5555555555555556,4
char_svm,standard,pedagogy,112,0.7177602521413333,0.4444444444444444,3
char_svm,standard,pedagogy,113,0.25162916738782287,0.11111111111111116,2
char_svm,standard,pedagogy,114,0.6758220575766962,0.4444444444444444,3
char_svm,standard,pedagogy,115,0.4955380299191111,0.4444444444444444,2
char_svm,standard,pedagogy,116,0.25162916738782287,0.11111111111111116,2
char_svm,standard,pedagogy,117,0.8288713632524446,0.4444444444444444,4
char_svm,standard,pedagogy,118,0.38210225325431013,0.2222222222222222,2
char_svm,standard,pedagogy,119,0.7652465283787413,0.5555555555555556,3
char_svm,standard,pedagogy,120,0.25162916738782287,0.11111111111111116,2
char_svm,standard,pedagogy,121,0.38210225325431013,0.2222222222222222,2
char_svm,standard,pedagogy,122,0.4591479170272447,0.33333333333333337,2
char_svm,standard,pedagogy,123,0.6121972227029931,0.33333333333333337,3
char_svm,standard,pedagogy,124,0.6758220575766962,0.4444444444444444,3
char_svm,standard,pedagogy,125,0.4932133643654213,0.2222222222222222,3
char_svm,standard,pedagogy,126,0.25162916738782287,0.11111111111111116,2
char_svm,standard,pedagogy,127,0.6121972227029931,0.33333333333333337,3
char_svm,standard,pedagogy,128,0.9182958340544897,0.5555555555555556,4
char_svm,standard,pedagogy,129,0.4955380299191111,0.4444444444444444,2
char_svm,standard,pedagogy,130,0.38210225325431013,0.2222222222222222,2
char_svm,standard,pedagogy,131,0.8288713632524446,0.4444444444444444,4
char_svm,standard,pedagogy,132,0.4955380299191111,0.4444444444444444,2
char_svm,standard,pedagogy,133,0.25162916738782287,0.11111111111111116,2
char_svm,standard,pedagogy,134,0.25162916738782287,0.11111111111111116,2
char_svm,standard,pedagogy,135,0.4591479170272447,0.33333333333333337,2
char_svm,standard,pedagogy,136,0.6758220575766962,0.4444444444444444,3
char_svm,standard,pedagogy,137,0.8288713632524446,0.4444444444444444,4
char_svm,standard,pedagogy,138,0.4955380299191111,0.4444444444444444,2
char_svm,standard,pedagogy,139,0.7652465283787413,0.5555555555555556,3
char_svm,standard,pedagogy,140,0.6758220575766962,0.4444444444444444,3
char_svm,standard,pedagogy,141,0.25162916738782287,0.11111111111111116,2
char_svm,standard,pedagogy,142,0.6121972227029931,0.33333333333333337,3
char_svm,standard,pedagogy,143,0.38210225325431013,0.2222222222222222,2
char_svm,standard,pedagogy,144,-0.0,0.0,1
char_svm,standard,pedagogy,145,-0.0,0.0,1
char_svm,standard,pedagogy,146,0.25162916738782287,0.11111111111111116,2
char_svm,standard,pedagogy,147,0.6758220575766962,0.4444444444444444,3
char_svm,standard,pedagogy,148,0.4932133643654213,0.2222222222222222,3
char_svm,standard,pedagogy,149,0.8763576394898526,0.5555555555555556,4
char_svm,standard,pedagogy,150,0.4591479170272447,0.33333333333333337,2
char_svm,standard,pedagogy,151,0.38210225325431013,0.2222222222222222,2
char_svm,standard,pedagogy,152,0.7652465283787413,0.5555555555555556,3
char_svm,standard,pedagogy,153,0.6758220575766962,0.4444444444444444,3
char_svm,standard,pedagogy,154,0.4955380299191111,0.4444444444444444,2
char_svm,standard,pedagogy,155,0.6121972227029931,0.33333333333333337,3
char_svm,standard,pedagogy,156,0.38210225325431013,0.2222222222222222,2
char_svm,standard,pedagogy,157,0.4591479170272447,0.33333333333333337,2
char_svm,standard,pedagogy,158,0.25162916738782287,0.11111111111111116,2
char_svm,standard,pedagogy,159,-0.0,0.0,1
char_svm,standard,pedagogy,160,0.25162916738782287,0.11111111111111116,2
char_svm,standard,pedagogy,161,0.7177602521413333,0.4444444444444444,3
char_svm,standard,pedagogy,162,0.4955380299191111,0.4444444444444444,2
char_svm,standard,pedagogy,163,0.4932133643654213,0.2222222222222222,3
char_svm,standard,pedagogy,164,0.6960736118322673,0.5555555555555556,3
char_svm,standard,pedagogy,165,0.4591479170272447,0.33333333333333337,2
char_svm,standard,pedagogy,166,0.4955380299191111,0.4444444444444444,2
char_svm,standard,pedagogy,167,0.25162916738782287,0.11111111111111116,2
char_svm,standard,pedagogy,168,0.38210225325431013,0.2222222222222222,2
char_svm,standard,pedagogy,169,0.6758220575766962,0.4444444444444444,3
char_svm,standard,pedagogy,170,-0.0,0.0,1
char_svm,standard,pedagogy,171,0.4932133643654213,0.2222222222222222,3
char_svm,standard,pedagogy,172,0.9182958340544897,0.5555555555555556,4
char_svm,standard,pedagogy,173,0.4932133643654213,0.2222222222222222,3
char_svm,standard,pedagogy,174,0.6121972227029931,0.33333333333333337,3
char_svm,standard,pedagogy,175,0.6758220575766962,0.4444444444444444,3
char_svm,standard,pedagogy,176,0.4932133643654213,0.2222222222222222,3
char_svm,standard,pedagogy,177,-0.0,0.0,1
char_svm,standard,pedagogy,178,0.4955380299191111,0.4444444444444444,2
char_svm,standard,pedagogy,179,0.25162916738782287,0.11111111111111116,2
char_svm,standard,pedagogy,180,0.4591479170272447,0.33333333333333337,2
char_svm,standard,pedagogy,181,0.9182958340544897,0.5555555555555556,4
char_svm,standard,pedagogy,182,0.6121972227029931,0.33333333333333337,3
char_svm,standard,pedagogy,183,0.4932133643654213,0.2222222222222222,3
char_svm,standard,pedagogy,184,0.38210225325431013,0.2222222222222222,2
char_svm,standard,pedagogy,185,0.25162916738782287,0.11111111111111116,2
char_svm,standard,pedagogy,186,0.6960736118322673,0.5555555555555556,3
char_svm,standard,pedagogy,187,0.25162916738782287,0.11111111111111116,2
char_svm,standard,pedagogy,188,0.6121972227029931,0.33333333333333337,3
char_svm,standard,pedagogy,189,0.38210225325431013,0.2222222222222222,2
char_svm,standard,pedagogy,190,0.8288713632524446,0.4444444444444444,4
char_svm,standard,pedagogy,191,0.25162916738782287,0.11111111111111116,2
char_svm,standard,pedagogy,192,0.4955380299191111,0.4444444444444444,2
char_svm,standard,pedagogy,193,0.25162916738782287,0.11111111111111116,2
char_svm,standard,pedagogy,194,0.6758220575766962,0.4444444444444444,3
char_svm,standard,pedagogy,195,-0.0,0.0,1
char_svm,standard,pedagogy,196,0.6121972227029931,0.33333333333333337,3
char_svm,standard,pedagogy,197,-0.0,0.0,1
char_svm,standard,pedagogy,198,0.4932133643654213,0.2222222222222222,3
char_svm,standard,pedagogy,199,0.7652465283787413,0.5555555555555556,3
char_svm,standard,pedagogy,200,0.4932133643654213,0.2222222222222222,3
char_svm,standard,pedagogy,201,0.4591479170272447,0.33333333333333337,2
char_svm,standard,pedagogy,202,0.25162916738782287,0.11111111111111116,2
char_svm,standard,pedagogy,203,0.7233083338141042,0.33333333333333337,4
char_svm,standard,pedagogy,204,0.6758220575766962,0.4444444444444444,3
char_svm,standard,pedagogy,205,0.7652465283787413,0.5555555555555556,3
char_svm,standard,pedagogy,206,0.7177602521413333,0.4444444444444444,3
char_svm,standard,pedagogy,207,0.38210225325431013,0.2222222222222222,2
char_svm,standard,pedagogy,208,0.6758220575766962,0.4444444444444444,3
char_svm,standard,pedagogy,209,0.6121972227029931,0.33333333333333337,3
char_svm,standard,pedagogy,210,0.7652465283787413,0.5555555555555556,3
char_svm,standard,pedagogy,211,0.6758220575766962,0.4444444444444444,3
char_svm,standard,pedagogy,212,0.38210225325431013,0.2222222222222222,2
char_svm,standard,pedagogy,213,0.6121972227029931,0.33333333333333337,3
char_svm,standard,pedagogy,214,0.6758220575766962,0.4444444444444444,3
char_svm,standard,pedagogy,215,0.6758220575766962,0.4444444444444444,3
char_svm,standard,pedagogy,216,-0.0,0.0,1
char_svm,standard,pedagogy,217,0.6121972227029931,0.33333333333333337,3
char_svm,standard,pedagogy,218,0.6758220575766962,0.4444444444444444,3
char_svm,standard,pedagogy,219,0.6121972227029931,0.33333333333333337,3
char_svm,standard,pedagogy,220,0.7177602521413333,0.4444444444444444,3
char_svm,standard,pedagogy,221,0.4932133643654213,0.2222222222222222,3
char_svm,standard,pedagogy,222,0.7652465283787413,0.5555555555555556,3
char_svm,standard,pedagogy,223,0.38210225325431013,0.2222222222222222,2
char_svm,standard,pedagogy,224,0.4955380299191111,0.4444444444444444,2
char_svm,standard,pedagogy,225,0.4955380299191111,0.4444444444444444,2
char_svm,standard,pedagogy,226,0.6758220575766962,0.4444444444444444,3
char_svm,standard,pedagogy,227,-0.0,0.0,1
char_svm,standard,pedagogy,228,0.38210225325431013,0.2222222222222222,2
char_svm,standard,pedagogy,229,0.9874687506009635,0.6666666666666667,4
char_svm,standard,pedagogy,230,0.7652465283787413,0.5555555555555556,3
char_svm,standard,pedagogy,231,0.4591479170272447,0.33333333333333337,2
char_svm,standard,pedagogy,232,0.38210225325431013,0.2222222222222222,2
char_svm,standard,pedagogy,233,0.7177602521413333,0.4444444444444444,3
char_svm,standard,pedagogy,234,0.4591479170272447,0.33333333333333337,2
char_svm,standard,pedagogy,235,0.7177602521413333,0.4444444444444444,3
char_svm,standard,pedagogy,236,0.38210225325431013,0.2222222222222222,2
char_svm,standard,pedagogy,237,0.8763576394898526,0.5555555555555556,4
char_svm,standard,pedagogy,238,0.6121972227029931,0.33333333333333337,3
char_svm,standard,pedagogy,239,0.4955380299191111,0.4444444444444444,2
char_svm,standard,pedagogy,240,0.6758220575766962,0.4444444444444444,3
char_svm,standard,pedagogy,241,0.6758220575766962,0.4444444444444444,3
char_svm,standard,pedagogy,242,0.6960736118322673,0.5555555555555556,3
char_svm,standard,pedagogy,243,0.25162916738782287,0.11111111111111116,2
char_svm,standard,pedagogy,244,0.6121972227029931,0.33333333333333337,3
char_svm,standard,pedagogy,245,0.6758220575766962,0.4444444444444444,3
char_svm,standard,pedagogy,246,0.4932133643654213,0.2222222222222222,3
char_svm,standard,pedagogy,247,0.4591479170272447,0.33333333333333337,2
char_svm,standard,pedagogy,248,0.25162916738782287,0.11111111111111116,2
char_svm,standard,pedagogy,249,0.6758220575766962,0.4444444444444444,3
char_svm,standard,pedagogy,250,0.25162916738782287,0.11111111111111116,2
char_svm,standard,pedagogy,251,0.4955380299191111,0.4444444444444444,2
char_svm,standard,pedagogy,252,0.9874687506009635,0.6666666666666667,4
char_svm,standard,pedagogy,253,0.6960736118322673,0.5555555555555556,3
char_svm,standard,pedagogy,254,0.6758220575766962,0.4444444444444444,3
char_svm,standard,pedagogy,255,0.6960736118322673,0.5555555555555556,3
char_svm,standard,pedagogy,256,0.7652465283787413,0.5555555555555556,3
char_svm,standard,pedagogy,257,0.4591479170272447,0.33333333333333337,2
char_svm,standard,pedagogy,258,0.38210225325431013,0.2222222222222222,2
char_svm,standard,pedagogy,259,0.25162916738782287,0.11111111111111116,2
char_svm,standard,pedagogy,260,0.4591479170272447,0.33333333333333337,2
char_svm,standard,pedagogy,261,0.38210225325431013,0.2222222222222222,2
char_svm,standard,pedagogy,262,0.9455305560363264,0.6666666666666667,4
char_svm,standard,pedagogy,263,0.4955380299191111,0.4444444444444444,2
char_svm,standard,pedagogy,264,0.8763576394898526,0.5555555555555556,4
char_svm,standard,pedagogy,265,0.4932133643654213,0.2222222222222222,3
char_svm,standard,pedagogy,266,0.8763576394898526,0.5555555555555556,4
char_svm,standard,pedagogy,267,0.6960736118322673,0.5555555555555556,3
char_svm,standard,pedagogy,268,0.7652465283787413,0.5555555555555556,3
char_svm,standard,pedagogy,269,0.7652465283787413,0.5555555555555556,3
char_svm,standard,pedagogy,270,0.4932133643654213,0.2222222222222222,3
char_svm,standard,pedagogy,271,0.4932133643654213,0.2222222222222222,3
char_svm,standard,pedagogy,272,0.6121972227029931,0.33333333333333337,3
char_svm,standard,pedagogy,273,0.9455305560363264,0.6666666666666667,4
char_svm,standard,pedagogy,274,-0.0,0.0,1
char_svm,standard,pedagogy,275,0.9182958340544897,0.5555555555555556,4
char_svm,standard,pedagogy,276,0.6121972227029931,0.33333333333333337,3
char_svm,standard,pedagogy,277,0.6121972227029931,0.33333333333333337,3
char_svm,standard,pedagogy,278,0.38210225325431013,0.2222222222222222,2
char_svm,standard,pedagogy,279,0.7652465283787413,0.5555555555555556,3
char_svm,standard,pedagogy,280,0.4591479170272447,0.33333333333333337,2
char_svm,standard,pedagogy,281,-0.0,0.0,1
char_svm,standard,pedagogy,282,0.7652465283787413,0.5555555555555556,3
char_svm,standard,pedagogy,283,0.25162916738782287,0.11111111111111116,2
char_svm,standard,pedagogy,284,0.38210225325431013,0.2222222222222222,2
char_svm,standard,pedagogy,285,0.25162916738782287,0.11111111111111116,2
char_svm,standard,pedagogy,286,0.6121972227029931,0.33333333333333337,3
char_svm,standard,pedagogy,287,0.4955380299191111,0.4444444444444444,2
char_svm,standard,pedagogy,288,0.7652465283787413,0.5555555555555556,3
char_svm,standard,pedagogy,289,0.9455305560363264,0.6666666666666667,4
char_svm,standard,pedagogy,290,0.4591479170272447,0.33333333333333337,2
char_svm,standard,pedagogy,291,0.9455305560363264,0.6666666666666667,4
char_svm,standard,pedagogy,292,0.6960736118322673,0.5555555555555556,3
char_svm,standard,pedagogy,293,0.25162916738782287,0.11111111111111116,2
char_svm,standard,pedagogy,294,0.792481250360578,0.6666666666666667,3
char_svm,standard,pedagogy,295,0.25162916738782287,0.11111111111111116,2
char_svm,standard,pedagogy,296,0.4955380299191111,0.4444444444444444,2
char_svm,standard,pedagogy,297,0.25162916738782287,0.11111111111111116,2
char_svm,standard,pedagogy,298,0.4932133643654213,0.2222222222222222,3
char_svm,standard,pedagogy,299,0.38210225325431013,0.2222222222222222,2
char_svm,standard,pedagogy,300,0.38210225325431013,0.2222222222222222,2
char_svm,standard,pedagogy,301,0.6758220575766962,0.4444444444444444,3
char_svm,standard,pedagogy,302,-0.0,0.0,1
char_svm,standard,pedagogy,303,0.6121972227029931,0.33333333333333337,3
char_svm,standard,pedagogy,304,0.4591479170272447,0.33333333333333337,2
char_svm,standard,pedagogy,305,0.7177602521413333,0.4444444444444444,3
char_svm,standard,pedagogy,306,0.25162916738782287,0.11111111111111116,2
char_svm,standard,pedagogy,307,0.8763576394898526,0.5555555555555556,4
char_svm,standard,pedagogy,308,0.8288713632524446,0.4444444444444444,4
char_svm,standard,pedagogy,309,0.4591479170272447,0.33333333333333337,2
char_svm,standard,pedagogy,310,0.4955380299191111,0.4444444444444444,2
char_svm,standard,pedagogy,311,0.7177602521413333,0.4444444444444444,3
char_svm,standard,pedagogy,312,0.6758220575766962,0.4444444444444444,3
char_svm,standard,pedagogy,313,-0.0,0.0,1
char_svm,standard,pedagogy,314,0.4955380299191111,0.4444444444444444,2
char_svm,standard,pedagogy,315,0.6758220575766962,0.4444444444444444,3
char_svm,standard,pedagogy,316,0.6960736118322673,0.5555555555555556,3
char_svm,standard,pedagogy,317,0.38210225325431013,0.2222222222222222,2
char_svm,standard,pedagogy,318,0.7652465283787413,0.5555555555555556,3
char_svm,standard,pedagogy,319,0.7652465283787413,0.5555555555555556,3
char_svm,standard,pedagogy,320,0.4955380299191111,0.4444444444444444,2
char_svm,standard,pedagogy,321,0.6758220575766962,0.4444444444444444,3
char_svm,standard,pedagogy,322,0.8763576394898526,0.5555555555555556,4
char_svm,standard,pedagogy,323,0.9182958340544897,0.5555555555555556,4
char_svm,standard,pedagogy,324,0.9874687506009635,0.6666666666666667,4
char_svm,standard,pedagogy,325,0.4955380299191111,0.4444444444444444,2
char_svm,standard,pedagogy,326,0.38210225325431013,0.2222222222222222,2
char_svm,standard,pedagogy,327,0.4955380299191111,0.4444444444444444,2
char_svm,standard,pedagogy,328,0.38210225325431013,0.2222222222222222,2
char_svm,standard,pedagogy,329,0.8288713632524446,0.4444444444444444,4
char_svm,standard,pedagogy,330,0.8288713632524446,0.4444444444444444,4
char_svm,standard,pedagogy,331,0.9874687506009635,0.6666666666666667,4
char_svm,standard,pedagogy,332,0.6121972227029931,0.33333333333333337,3
char_svm,standard,pedagogy,333,0.7652465283787413,0.5555555555555556,3
char_svm,standard,pedagogy,334,-0.0,0.0,1
char_svm,standard,pedagogy,335,0.25162916738782287,0.11111111111111116,2
char_svm,standard,pedagogy,336,0.4932133643654213,0.2222222222222222,3
char_svm,standard,pedagogy,337,0.38210225325431013,0.2222222222222222,2
char_svm,standard,pedagogy,338,-0.0,0.0,1
char_svm,standard,pedagogy,339,0.38210225325431013,0.2222222222222222,2
char_svm,standard,pedagogy,340,0.6121972227029931,0.33333333333333337,3
char_svm,standard,pedagogy,341,0.9455305560363264,0.6666666666666667,4
char_svm,standard,pedagogy,342,0.792481250360578,0.6666666666666667,3
char_svm,standard,pedagogy,343,0.6960736118322673,0.5555555555555556,3
char_svm,standard,pedagogy,344,0.6960736118322673,0.5555555555555556,3
char_svm,standard,pedagogy,345,0.4932133643654213,0.2222222222222222,3
char_svm,standard,pedagogy,346,0.38210225325431013,0.2222222222222222,2
char_svm,standard,pedagogy,347,0.38210225325431013,0.2222222222222222,2
char_svm,standard,pedagogy,348,0.38210225325431013,0.2222222222222222,2
char_svm,standard,pedagogy,349,0.9455305560363264,0.6666666666666667,4
char_svm,standard,pedagogy,350,0.4955380299191111,0.4444444444444444,2
char_svm,standard,pedagogy,351,0.4955380299191111,0.4444444444444444,2
char_svm,standard,pedagogy,352,0.25162916738782287,0.11111111111111116,2
char_svm,standard,pedagogy,353,0.25162916738782287,0.11111111111111116,2
char_svm,standard,pedagogy,354,0.25162916738782287,0.11111111111111116,2
char_svm,standard,pedagogy,355,0.4591479170272447,0.33333333333333337,2
char_svm,standard,pedagogy,356,-0.0,0.0,1
char_svm,standard,pedagogy,357,0.7177602521413333,0.4444444444444444,3
char_svm,standard,pedagogy,358,0.25162916738782287,0.11111111111111116,2
char_svm,standard,pedagogy,359,0.6960736118322673,0.5555555555555556,3
char_svm,standard,pedagogy,360,0.7177602521413333,0.4444444444444444,3
char_svm,standard,pedagogy,361,0.38210225325431013,0.2222222222222222,2
char_svm,standard,pedagogy,362,0.25162916738782287,0.11111111111111116,2
char_svm,standard,pedagogy,363,0.7233083338141042,0.33333333333333337,4
char_svm,standard,pedagogy,364,0.9455305560363264,0.6666666666666667,4
char_svm,standard,pedagogy,365,0.6121972227029931,0.33333333333333337,3
char_svm,standard,pedagogy,366,0.9182958340544897,0.5555555555555556,4
char_svm,standard,pedagogy,367,0.25162916738782287,0.11111111111111116,2
char_svm,standard,pedagogy,368,0.4955380299191111,0.4444444444444444,2
char_svm,standard,pedagogy,369,0.6121972227029931,0.33333333333333337,3
char_svm,standard,pedagogy,370,0.25162916738782287,0.11111111111111116,2
char_svm,standard,pedagogy,371,0.6758220575766962,0.4444444444444444,3
char_svm,standard,pedagogy,372,0.8288713632524446,0.4444444444444444,4
char_svm,standard,pedagogy,373,0.25162916738782287,0.11111111111111116,2
char_svm,standard,pedagogy,374,-0.0,0.0,1
char_svm,standard,pedagogy,375,0.25162916738782287,0.11111111111111116,2
char_svm,standard,pedagogy,376,0.25162916738782287,0.11111111111111116,2
char_svm,standard,pedagogy,377,0.4591479170272447,0.33333333333333337,2
char_svm,standard,pedagogy,378,0.4932133643654213,0.2222222222222222,3
char_svm,standard,pedagogy,379,0.8763576394898526,0.5555555555555556,4
char_svm,standard,pedagogy,380,0.25162916738782287,0.11111111111111116,2
char_svm,standard,pedagogy,381,0.4955380299191111,0.4444444444444444,2
char_svm,standard,pedagogy,382,0.25162916738782287,0.11111111111111116,2
char_svm,standard,pedagogy,383,0.4591479170272447,0.33333333333333337,2
char_svm,standard,pedagogy,384,0.38210225325431013,0.2222222222222222,2
char_svm,standard,pedagogy,385,0.4932133643654213,0.2222222222222222,3
char_svm,standard,pedagogy,386,0.4955380299191111,0.4444444444444444,2
char_svm,standard,pedagogy,387,0.4591479170272447,0.33333333333333337,2
char_svm,standard,pedagogy,388,0.9182958340544897,0.5555555555555556,4
char_svm,standard,pedagogy,389,0.6758220575766962,0.4444444444444444,3
char_svm,standard,pedagogy,390,0.9455305560363264,0.6666666666666667,4
char_svm,standard,pedagogy,391,0.4932133643654213,0.2222222222222222,3
char_svm,standard,pedagogy,392,0.38210225325431013,0.2222222222222222,2
char_svm,standard,pedagogy,393,0.6121972227029931,0.33333333333333337,3
char_svm,standard,pedagogy,394,-0.0,0.0,1
char_svm,standard,pedagogy,395,0.25162916738782287,0.11111111111111116,2
char_svm,standard,pedagogy,396,0.38210225325431013,0.2222222222222222,2
char_svm,standard,pedagogy,397,0.4591479170272447,0.33333333333333337,2
char_svm,standard,pedagogy,398,0.4955380299191111,0.4444444444444444,2
char_svm,standard,pedagogy,399,0.25162916738782287,0.11111111111111116,2
char_svm,standard,pedagogy,400,0.7177602521413333,0.4444444444444444,3
char_svm,standard,pedagogy,401,0.6758220575766962,0.4444444444444444,3
char_svm,standard,pedagogy,402,0.4932133643654213,0.2222222222222222,3
char_svm,standard,pedagogy,403,0.38210225325431013,0.2222222222222222,2
char_svm,standard,pedagogy,404,0.4955380299191111,0.4444444444444444,2
char_svm,standard,pedagogy,405,0.7177602521413333,0.4444444444444444,3
char_svm,standard,pedagogy,406,0.8288713632524446,0.4444444444444444,4
char_svm,standard,pedagogy,407,0.4955380299191111,0.4444444444444444,2
char_svm,standard,pedagogy,408,0.9182958340544897,0.5555555555555556,4
char_svm,standard,pedagogy,409,0.4955380299191111,0.4444444444444444,2
char_svm,standard,pedagogy,410,0.7652465283787413,0.5555555555555556,3
char_svm,standard,pedagogy,411,0.4591479170272447,0.33333333333333337,2
char_svm,standard,pedagogy,412,0.7177602521413333,0.4444444444444444,3
char_svm,standard,pedagogy,413,0.25162916738782287,0.11111111111111116,2
char_svm,standard,pedagogy,414,0.7177602521413333,0.4444444444444444,3
char_svm,standard,pedagogy,415,0.6121972227029931,0.33333333333333337,3
char_svm,standard,pedagogy,416,0.25162916738782287,0.11111111111111116,2
char_svm,standard,pedagogy,417,0.6758220575766962,0.4444444444444444,3
char_svm,standard,pedagogy,418,0.7177602521413333,0.4444444444444444,3
char_svm,standard,pedagogy,419,0.25162916738782287,0.11111111111111116,2
char_svm,standard,pedagogy,420,0.7177602521413333,0.4444444444444444,3
char_svm,standard,pedagogy,421,0.4955380299191111,0.4444444444444444,2
char_svm,standard,pedagogy,422,0.7177602521413333,0.4444444444444444,3
char_svm,standard,pedagogy,423,0.8288713632524446,0.4444444444444444,4
char_svm,standard,pedagogy,424,0.4955380299191111,0.4444444444444444,2
char_svm,standard,pedagogy,425,0.4955380299191111,0.4444444444444444,2
char_svm,standard,pedagogy,426,0.25162916738782287,0.11111111111111116,2
char_svm,standard,pedagogy,427,0.7652465283787413,0.5555555555555556,3
char_svm,standard,pedagogy,428,0.9455305560363264,0.6666666666666667,4
char_svm,standard,pedagogy,429,0.8763576394898526,0.5555555555555556,4
char_svm,standard,pedagogy,430,0.9455305560363264,0.6666666666666667,4
char_svm,standard,pedagogy,431,-0.0,0.0,1
char_svm,standard,pedagogy,432,0.4591479170272447,0.33333333333333337,2
char_svm,standard,pedagogy,433,0.4591479170272447,0.33333333333333337,2
char_svm,standard,pedagogy,434,0.4955380299191111,0.4444444444444444,2
char_svm,standard,pedagogy,435,0.4955380299191111,0.4444444444444444,2
char_svm,standard,pedagogy,436,0.38210225325431013,0.2222222222222222,2
char_svm,standard,pedagogy,437,0.7652465283787413,0.5555555555555556,3
char_svm,standard,pedagogy,438,0.25162916738782287,0.11111111111111116,2
char_svm,standard,pedagogy,439,0.25162916738782287,0.11111111111111116,2
char_svm,standard,pedagogy,440,0.6121972227029931,0.33333333333333337,3
char_svm,standard,pedagogy,441,0.4955380299191111,0.4444444444444444,2
char_svm,standard,pedagogy,442,0.6758220575766962,0.4444444444444444,3
char_svm,standard,pedagogy,443,0.25162916738782287,0.11111111111111116,2
char_svm,standard,pedagogy,444,0.6121972227029931,0.33333333333333337,3
char_svm,standard,pedagogy,445,0.6960736118322673,0.5555555555555556,3
char_svm,standard,pedagogy,446,-0.0,0.0,1
char_svm,standard,pedagogy,447,0.25162916738782287,0.11111111111111116,2
char_svm,standard,pedagogy,448,0.6121972227029931,0.33333333333333337,3
char_svm,standard,pedagogy,449,-0.0,0.0,1
char_svm,standard,pedagogy,450,0.7652465283787413,0.5555555555555556,3
char_svm,standard,pedagogy,451,0.8763576394898526,0.5555555555555556,4
char_svm,standard,pedagogy,452,0.7177602521413333,0.4444444444444444,3
char_svm,standard,pedagogy,453,0.6758220575766962,0.4444444444444444,3
char_svm,standard,pedagogy,454,0.7652465283787413,0.5555555555555556,3
char_svm,standard,pedagogy,455,0.7652465283787413,0.5555555555555556,3
char_svm,standard,pedagogy,456,0.38210225325431013,0.2222222222222222,2
char_svm,standard,pedagogy,457,0.38210225325431013,0.2222222222222222,2
char_svm,standard,pedagogy,458,0.7177602521413333,0.4444444444444444,3
char_svm,standard,pedagogy,459,0.6121972227029931,0.33333333333333337,3
char_svm,standard,pedagogy,460,0.9182958340544897,0.5555555555555556,4
char_svm,standard,pedagogy,461,0.6960736118322673,0.5555555555555556,3
char_svm,standard,pedagogy,462,0.38210225325431013,0.2222222222222222,2
char_svm,standard,pedagogy,463,0.25162916738782287,0.11111111111111116,2
char_svm,standard,pedagogy,464,0.6121972227029931,0.33333333333333337,3
char_svm,standard,pedagogy,465,0.4955380299191111,0.4444444444444444,2
char_svm,standard,pedagogy,466,0.6121972227029931,0.33333333333333337,3
char_svm,standard,pedagogy,467,0.38210225325431013,0.2222222222222222,2
char_svm,standard,pedagogy,468,0.4591479170272447,0.33333333333333337,2
char_svm,standard,pedagogy,469,0.38210225325431013,0.2222222222222222,2
char_svm,standard,pedagogy,470,0.38210225325431013,0.2222222222222222,2
char_svm,standard,pedagogy,471,0.4955380299191111,0.4444444444444444,2
char_svm,standard,pedagogy,472,0.38210225325431013,0.2222222222222222,2
char_svm,standard,pedagogy,473,0.4955380299191111,0.4444444444444444,2
char_svm,standard,pedagogy,474,0.4955380299191111,0.4444444444444444,2
char_svm,standard,pedagogy,475,0.8288713632524446,0.4444444444444444,4
char_svm,standard,pedagogy,476,0.6121972227029931,0.33333333333333337,3
char_svm,standard,pedagogy,477,0.8288713632524446,0.4444444444444444,4
char_svm,standard,pedagogy,478,0.6758220575766962,0.4444444444444444,3
char_svm,standard,pedagogy,479,0.38210225325431013,0.2222222222222222,2
char_svm,standard,pedagogy,480,0.25162916738782287,0.11111111111111116,2
char_svm,standard,pedagogy,481,0.7177602521413333,0.4444444444444444,3
char_svm,standard,pedagogy,482,0.6758220575766962,0.4444444444444444,3
char_svm,standard,pedagogy,483,0.7652465283787413,0.5555555555555556,3
char_svm,standard,pedagogy,484,0.7177602521413333,0.4444444444444444,3
char_svm,standard,pedagogy,485,0.25162916738782287,0.11111111111111116,2
char_svm,standard,pedagogy,486,0.6960736118322673,0.5555555555555556,3
char_svm,standard,pedagogy,487,0.38210225325431013,0.2222222222222222,2
char_svm,standard,pedagogy,488,0.4955380299191111,0.4444444444444444,2
char_svm,standard,pedagogy,489,0.25162916738782287,0.11111111111111116,2
char_svm,standard,pedagogy,490,0.25162916738782287,0.11111111111111116,2
char_svm,standard,pedagogy,491,0.8763576394898526,0.5555555555555556,4
char_svm,standard,pedagogy,492,0.7652465283787413,0.5555555555555556,3
char_svm,standard,pedagogy,493,0.7652465283787413,0.5555555555555556,3
char_svm,standard,pedagogy,494,0.6758220575766962,0.4444444444444444,3
char_svm,standard,pedagogy,495,0.38210225325431013,0.2222222222222222,2
char_svm,standard,pedagogy,496,0.8288713632524446,0.4444444444444444,4
char_svm,standard,pedagogy,497,0.38210225325431013,0.2222222222222222,2
char_svm,standard,pedagogy,498,0.25162916738782287,0.11111111111111116,2
char_svm,standard,pedagogy,499,0.25162916738782287,0.11111111111111116,2
char_svm,standard,pedagogy,500,0.4955380299191111,0.4444444444444444,2
char_svm,standard,pedagogy,501,0.25162916738782287,0.11111111111111116,2
char_svm,standard,pedagogy,502,0.4932133643654213,0.2222222222222222,3
char_svm,standard,pedagogy,503,0.25162916738782287,0.11111111111111116,2
char_svm,standard,pedagogy,504,0.4591479170272447,0.33333333333333337,2
char_svm,standard,pedagogy,505,0.4955380299191111,0.4444444444444444,2
char_svm,standard,pedagogy,506,0.38210225325431013,0.2222222222222222,2
char_svm,standard,pedagogy,507,-0.0,0.0,1
char_svm,standard,pedagogy,508,0.6960736118322673,0.5555555555555556,3
char_svm,standard,pedagogy,509,0.6121972227029931,0.33333333333333337,3
char_svm,standard,pedagogy,510,0.38210225325431013,0.2222222222222222,2
char_svm,standard,pedagogy,511,0.4955380299191111,0.4444444444444444,2
char_svm,standard,pedagogy,512,0.4591479170272447,0.33333333333333337,2
char_svm,standard,pedagogy,513,-0.0,0.0,1
char_svm,standard,pedagogy,514,0.6758220575766962,0.4444444444444444,3
char_svm,standard,pedagogy,515,0.25162916738782287,0.11111111111111116,2
char_svm,standard,pedagogy,516,0.4955380299191111,0.4444444444444444,2
char_svm,standard,pedagogy,517,0.7233083338141042,0.33333333333333337,4
char_svm,standard,pedagogy,518,0.6121972227029931,0.33333333333333337,3
char_svm,standard,pedagogy,519,0.7177602521413333,0.4444444444444444,3
char_svm,standard,pedagogy,520,0.8763576394898526,0.5555555555555556,4
char_svm,standard,pedagogy,521,0.4955380299191111,0.4444444444444444,2
char_svm,standard,pedagogy,522,0.25162916738782287,0.11111111111111116,2
char_svm,standard,pedagogy,523,0.4591479170272447,0.33333333333333337,2
char_svm,standard,pedagogy,524,0.6121972227029931,0.33333333333333337,3
char_svm,standard,pedagogy,525,-0.0,0.0,1
char_svm,standard,pedagogy,526,0.4955380299191111,0.4444444444444444,2
char_svm,standard,pedagogy,527,0.4955380299191111,0.4444444444444444,2
char_svm,standard,pedagogy,528,0.25162916738782287,0.11111111111111116,2
char_svm,standard,pedagogy,529,0.6960736118322673,0.5555555555555556,3
char_svm,standard,pedagogy,530,0.6758220575766962,0.4444444444444444,3
char_svm,standard,pedagogy,531,0.7652465283787413,0.5555555555555556,3
char_svm,standard,pedagogy,532,0.8763576394898526,0.5555555555555556,4
char_svm,standard,pedagogy,533,0.8763576394898526,0.5555555555555556,4
char_svm,standard,pedagogy,534,0.8763576394898526,0.5555555555555556,4
char_svm,standard,pedagogy,535,0.38210225325431013,0.2222222222222222,2
char_svm,standard,pedagogy,536,0.6960736118322673,0.5555555555555556,3
char_svm,standard,pedagogy,537,0.8763576394898526,0.5555555555555556,4
char_svm,standard,pedagogy,538,0.6758220575766962,0.4444444444444444,3
char_svm,standard,pedagogy,539,0.38210225325431013,0.2222222222222222,2
char_svm,standard,pedagogy,540,0.6960736118322673,0.5555555555555556,3
char_svm,standard,pedagogy,541,0.6758220575766962,0.4444444444444444,3
char_svm,standard,pedagogy,542,0.6758220575766962,0.4444444444444444,3
char_svm,standard,pedagogy,543,0.4955380299191111,0.4444444444444444,2
char_svm,standard,pedagogy,544,0.7177602521413333,0.4444444444444444,3
char_svm,standard,pedagogy,545,0.9182958340544897,0.5555555555555556,4
char_svm,standard,pedagogy,546,0.38210225325431013,0.2222222222222222,2
char_svm,standard,pedagogy,547,0.7652465283787413,0.5555555555555556,3
char_svm,standard,pedagogy,548,0.6758220575766962,0.4444444444444444,3
char_svm,standard,pedagogy,549,0.25162916738782287,0.11111111111111116,2
char_svm,standard,pedagogy,550,0.4955380299191111,0.4444444444444444,2
char_svm,standard,pedagogy,551,0.25162916738782287,0.11111111111111116,2
char_svm,standard,pedagogy,552,0.4955380299191111,0.4444444444444444,2
char_svm,standard,pedagogy,553,0.6960736118322673,0.5555555555555556,3
char_svm,standard,pedagogy,554,0.8763576394898526,0.5555555555555556,4
char_svm,standard,pedagogy,555,0.38210225325431013,0.2222222222222222,2
char_svm,standard,pedagogy,556,0.7652465283787413,0.5555555555555556,3
char_svm,standard,pedagogy,557,0.6960736118322673,0.5555555555555556,3
char_svm,standard,pedagogy,558,-0.0,0.0,1
char_svm,standard,pedagogy,559,0.6960736118322673,0.5555555555555556,3
char_svm,standard,pedagogy,560,0.6121972227029931,0.33333333333333337,3
char_svm,standard,pedagogy,561,0.38210225325431013,0.2222222222222222,2
char_svm,standard,pedagogy,562,0.4591479170272447,0.33333333333333337,2
char_svm,standard,pedagogy,563,0.7652465283787413,0.5555555555555556,3
char_svm,standard,pedagogy,564,0.38210225325431013,0.2222222222222222,2
char_svm,standard,pedagogy,565,-0.0,0.0,1
char_svm,standard,pedagogy,566,0.4955380299191111,0.4444444444444444,2
char_svm,standard,pedagogy,567,0.4591479170272447,0.33333333333333337,2
char_svm,standard,pedagogy,568,-0.0,0.0,1
char_svm,standard,pedagogy,569,0.38210225325431013,0.2222222222222222,2
char_svm,standard,pedagogy,570,0.38210225325431013,0.2222222222222222,2
char_svm,standard,pedagogy,571,0.6121972227029931,0.33333333333333337,3
char_svm,standard,pedagogy,572,0.6121972227029931,0.33333333333333337,3
char_svm,standard,pedagogy,573,0.6960736118322673,0.5555555555555556,3
char_svm,standard,pedagogy,574,0.9455305560363264,0.6666666666666667,4
char_svm,standard,pedagogy,575,0.9874687506009635,0.6666666666666667,4
char_svm,standard,pedagogy,576,0.4932133643654213,0.2222222222222222,3
char_svm,standard,pedagogy,577,0.4591479170272447,0.33333333333333337,2
char_svm,standard,pedagogy,578,0.6121972227029931,0.33333333333333337,3
char_svm,standard,pedagogy,579,-0.0,0.0,1
char_svm,standard,pedagogy,580,0.6121972227029931,0.33333333333333337,3
char_svm,standard,pedagogy,581,0.4955380299191111,0.4444444444444444,2
char_svm,standard,pedagogy,582,0.6121972227029931,0.33333333333333337,3
char_svm,standard,pedagogy,583,0.6758220575766962,0.4444444444444444,3
char_svm,standard,pedagogy,584,0.6121972227029931,0.33333333333333337,3
char_svm,standard,pedagogy,585,0.4932133643654213,0.2222222222222222,3
char_svm,standard,pedagogy,586,0.25162916738782287,0.11111111111111116,2
char_svm,standard,pedagogy,587,0.6121972227029931,0.33333333333333337,3
char_svm,standard,pedagogy,588,0.4932133643654213,0.2222222222222222,3
char_svm,standard,pedagogy,589,0.9182958340544897,0.5555555555555556,4
char_svm,standard,pedagogy,590,0.9455305560363264,0.6666666666666667,4
char_svm,standard,pedagogy,591,0.6960736118322673,0.5555555555555556,3
char_svm,standard,pedagogy,592,0.6758220575766962,0.4444444444444444,3
char_svm,standard,pedagogy,593,0.4932133643654213,0.2222222222222222,3
char_svm,standard,pedagogy,594,0.9455305560363264,0.6666666666666667,4
char_svm,standard,pedagogy,595,-0.0,0.0,1
char_svm,standard,pedagogy,596,0.6121972227029931,0.33333333333333337,3
char_svm,standard,pedagogy,597,0.4591479170272447,0.33333333333333337,2
char_svm,standard,pedagogy,598,0.7652465283787413,0.5555555555555556,3
char_svm,standard,pedagogy,599,0.25162916738782287,0.11111111111111116,2
char_svm,standard,pedagogy,600,0.6758220575766962,0.4444444444444444,3
char_svm,standard,pedagogy,601,0.6121972227029931,0.33333333333333337,3
char_svm,standard,pedagogy,602,0.4591479170272447,0.33333333333333337,2
char_svm,standard,pedagogy,603,0.6758220575766962,0.4444444444444444,3
char_svm,standard,pedagogy,604,0.38210225325431013,0.2222222222222222,2
char_svm,standard,pedagogy,605,0.6758220575766962,0.4444444444444444,3
char_svm,standard,pedagogy,606,0.25162916738782287,0.11111111111111116,2
char_svm,standard,pedagogy,607,0.4955380299191111,0.4444444444444444,2
char_svm,standard,pedagogy,608,0.25162916738782287,0.11111111111111116,2
char_svm,standard,pedagogy,609,0.4955380299191111,0.4444444444444444,2
char_svm,standard,pedagogy,610,0.4932133643654213,0.2222222222222222,3
char_svm,standard,pedagogy,611,0.6758220575766962,0.4444444444444444,3
char_svm,standard,pedagogy,612,0.38210225325431013,0.2222222222222222,2
char_svm,standard,pedagogy,613,0.7177602521413333,0.4444444444444444,3
char_svm,standard,pedagogy,614,0.6758220575766962,0.4444444444444444,3
char_svm,standard,pedagogy,615,0.25162916738782287,0.11111111111111116,2
char_svm,standard,pedagogy,616,0.38210225325431013,0.2222222222222222,2
char_svm,standard,pedagogy,617,0.25162916738782287,0.11111111111111116,2
char_svm,standard,pedagogy,618,0.6960736118322673,0.5555555555555556,3
char_svm,standard,pedagogy,619,0.6960736118322673,0.5555555555555556,3
char_svm,standard,pedagogy,620,0.8288713632524446,0.4444444444444444,4
char_svm,standard,pedagogy,621,0.4932133643654213,0.2222222222222222,3
char_svm,standard,pedagogy,622,-0.0,0.0,1
char_svm,standard,pedagogy,623,0.4591479170272447,0.33333333333333337,2
char_svm,standard,pedagogy,624,0.8763576394898526,0.5555555555555556,4
char_svm,standard,pedagogy,625,0.6121972227029931,0.33333333333333337,3
char_svm,standard,pedagogy,626,-0.0,0.0,1
char_svm,standard,pedagogy,627,0.38210225325431013,0.2222222222222222,2
char_svm,standard,pedagogy,628,0.25162916738782287,0.11111111111111116,2
char_svm,standard,pedagogy,629,0.6121972227029931,0.33333333333333337,3
char_svm,standard,pedagogy,630,0.6121972227029931,0.33333333333333337,3
char_svm,standard,pedagogy,631,0.4932133643654213,0.2222222222222222,3
char_svm,standard,pedagogy,632,-0.0,0.0,1
char_svm,standard,pedagogy,633,0.7652465283787413,0.5555555555555556,3
char_svm,standard,pedagogy,634,0.25162916738782287,0.11111111111111116,2
char_svm,standard,pedagogy,635,0.6960736118322673,0.5555555555555556,3
char_svm,standard,pedagogy,636,0.4955380299191111,0.4444444444444444,2
char_svm,standard,pedagogy,637,0.25162916738782287,0.11111111111111116,2
char_svm,standard,pedagogy,638,0.4955380299191111,0.4444444444444444,2
char_svm,standard,pedagogy,639,-0.0,0.0,1
char_svm,standard,pedagogy,640,0.8288713632524446,0.4444444444444444,4
char_svm,standard,pedagogy,641,0.8288713632524446,0.4444444444444444,4
char_svm,standard,pedagogy,642,-0.0,0.0,1
char_svm,standard,pedagogy,643,0.25162916738782287,0.11111111111111116,2
char_svm,standard,pedagogy,644,0.4932133643654213,0.2222222222222222,3
char_svm,standard,pedagogy,645,0.6121972227029931,0.33333333333333337,3
char_svm,standard,pedagogy,646,0.4591479170272447,0.33333333333333337,2
char_svm,standard,pedagogy,647,0.6758220575766962,0.4444444444444444,3
char_svm,standard,pedagogy,648,0.4591479170272447,0.33333333333333337,2
char_svm,standard,pedagogy,649,0.6758220575766962,0.4444444444444444,3
char_svm,standard,pedagogy,650,0.7652465283787413,0.5555555555555556,3
char_svm,standard,pedagogy,651,0.4591479170272447,0.33333333333333337,2
char_svm,standard,pedagogy,652,0.4955380299191111,0.4444444444444444,2
char_svm,standard,pedagogy,653,0.6960736118322673,0.5555555555555556,3
char_svm,standard,pedagogy,654,-0.0,0.0,1
char_svm,standard,pedagogy,655,0.4932133643654213,0.2222222222222222,3
char_svm,standard,pedagogy,656,0.7652465283787413,0.5555555555555556,3
char_svm,standard,pedagogy,657,0.25162916738782287,0.11111111111111116,2
char_svm,standard,pedagogy,658,0.4932133643654213,0.2222222222222222,3
char_svm,standard,pedagogy,659,0.7652465283787413,0.5555555555555556,3
char_svm,standard,pedagogy,660,0.4932133643654213,0.2222222222222222,3
char_svm,standard,pedagogy,661,0.38210225325431013,0.2222222222222222,2
char_svm,standard,pedagogy,662,0.38210225325431013,0.2222222222222222,2
char_svm,standard,pedagogy,663,0.8763576394898526,0.5555555555555556,4
char_svm,standard,pedagogy,664,0.4591479170272447,0.33333333333333337,2
char_svm,standard,pedagogy,665,0.9874687506009635,0.6666666666666667,4
char_svm,standard,pedagogy,666,0.4591479170272447,0.33333333333333337,2
char_svm,standard,pedagogy,667,0.4932133643654213,0.2222222222222222,3
char_svm,standard,pedagogy,668,0.25162916738782287,0.11111111111111116,2
char_svm,standard,pedagogy,669,0.4955380299191111,0.4444444444444444,2
char_svm,standard,pedagogy,670,0.25162916738782287,0.11111111111111116,2
char_svm,standard,pedagogy,671,0.8288713632524446,0.4444444444444444,4
char_svm,standard,pedagogy,672,0.38210225325431013,0.2222222222222222,2
char_svm,standard,pedagogy,673,0.7652465283787413,0.5555555555555556,3
char_svm,standard,pedagogy,674,0.4932133643654213,0.2222222222222222,3
char_svm,standard,pedagogy,675,0.4591479170272447,0.33333333333333337,2
char_svm,standard,pedagogy,676,0.6121972227029931,0.33333333333333337,3
char_svm,standard,pedagogy,677,0.38210225325431013,0.2222222222222222,2
char_svm,standard,pedagogy,678,0.9182958340544897,0.5555555555555556,4
char_svm,standard,pedagogy,679,0.25162916738782287,0.11111111111111116,2
char_svm,standard,pedagogy,680,0.4591479170272447,0.33333333333333337,2
char_svm,standard,pedagogy,681,0.6121972227029931,0.33333333333333337,3
char_svm,standard,pedagogy,682,0.6758220575766962,0.4444444444444444,3
char_svm,standard,pedagogy,683,0.25162916738782287,0.11111111111111116,2
char_svm,standard,pedagogy,684,0.4591479170272447,0.33333333333333337,2
char_svm,standard,pedagogy,685,0.4591479170272447,0.33333333333333337,2
char_svm,standard,pedagogy,686,0.7652465283787413,0.5555555555555556,3
char_svm,standard,pedagogy,687,0.4955380299191111,0.4444444444444444,2
char_svm,standard,pedagogy,688,0.6960736118322673,0.5555555555555556,3
char_svm,standard,pedagogy,689,0.6758220575766962,0.4444444444444444,3
char_svm,standard,pedagogy,690,0.8288713632524446,0.4444444444444444,4
char_svm,standard,pedagogy,691,0.6758220575766962,0.4444444444444444,3
char_svm,standard,pedagogy,692,0.7652465283787413,0.5555555555555556,3
char_svm,standard,pedagogy,693,0.38210225325431013,0.2222222222222222,2
char_svm,standard,pedagogy,694,0.7652465283787413,0.5555555555555556,3
char_svm,standard,pedagogy,695,-0.0,0.0,1
char_svm,standard,pedagogy,696,0.25162916738782287,0.11111111111111116,2
char_svm,standard,pedagogy,697,0.4955380299191111,0.4444444444444444,2
char_svm,standard,pedagogy,698,0.25162916738782287,0.11111111111111116,2
char_svm,standard,pedagogy,699,0.8763576394898526,0.5555555555555556,4
char_svm,standard,pedagogy,700,0.4591479170272447,0.33333333333333337,2
char_svm,standard,pedagogy,701,0.4932133643654213,0.2222222222222222,3
char_svm,standard,pedagogy,702,-0.0,0.0,1
char_svm,standard,pedagogy,703,0.38210225325431013,0.2222222222222222,2
char_svm,standard,pedagogy,704,0.6960736118322673,0.5555555555555556,3
char_svm,standard,pedagogy,705,0.7652465283787413,0.5555555555555556,3
char_svm,standard,pedagogy,706,0.25162916738782287,0.11111111111111116,2
char_svm,standard,pedagogy,707,0.38210225325431013,0.2222222222222222,2
char_svm,standard,pedagogy,708,0.7652465283787413,0.5555555555555556,3
char_svm,standard,pedagogy,709,0.6960736118322673,0.5555555555555556,3
char_svm,standard,pedagogy,710,0.4591479170272447,0.33333333333333337,2
char_svm,standard,pedagogy,711,0.7652465283787413,0.5555555555555556,3
char_svm,standard,pedagogy,712,0.6960736118322673,0.5555555555555556,3
char_svm,standard,pedagogy,713,0.6758220575766962,0.4444444444444444,3
char_svm,standard,pedagogy,714,0.4955380299191111,0.4444444444444444,2
char_svm,standard,pedagogy,715,0.4955380299191111,0.4444444444444444,2
char_svm,standard,pedagogy,716,-0.0,0.0,1
char_svm,standard,pedagogy,717,0.9874687506009635,0.6666666666666667,4
char_svm,standard,pedagogy,718,-0.0,0.0,1
char_svm,standard,pedagogy,719,0.4591479170272447,0.33333333333333337,2
char_svm,standard,pedagogy,720,0.6121972227029931,0.33333333333333337,3
char_svm,standard,pedagogy,721,0.8288713632524446,0.4444444444444444,4
char_svm,standard,pedagogy,722,0.9455305560363264,0.6666666666666667,4
char_svm,standard,pedagogy,723,0.8763576394898526,0.5555555555555556,4
char_svm,standard,pedagogy,724,0.4591479170272447,0.33333333333333337,2
char_svm,standard,pedagogy,725,0.38210225325431013,0.2222222222222222,2
char_svm,standard,pedagogy,726,-0.0,0.0,1
char_svm,standard,pedagogy,727,0.4932133643654213,0.2222222222222222,3
char_svm,standard,pedagogy,728,0.6758220575766962,0.4444444444444444,3
char_svm,standard,pedagogy,729,0.6121972227029931,0.33333333333333337,3
char_svm,standard,pedagogy,730,0.4591479170272447,0.33333333333333337,2
char_svm,standard,pedagogy,731,0.4955380299191111,0.4444444444444444,2
char_svm,standard,pedagogy,732,0.6121972227029931,0.33333333333333337,3
char_svm,standard,pedagogy,733,-0.0,0.0,1
char_svm,standard,pedagogy,734,0.4955380299191111,0.4444444444444444,2
char_svm,standard,pedagogy,735,0.25162916738782287,0.11111111111111116,2
char_svm,standard,pedagogy,736,0.4955380299191111,0.4444444444444444,2
char_svm,standard,pedagogy,737,0.25162916738782287,0.11111111111111116,2
char_svm,standard,pedagogy,738,0.38210225325431013,0.2222222222222222,2
char_svm,standard,pedagogy,739,0.8763576394898526,0.5555555555555556,4
char_svm,standard,pedagogy,740,0.9182958340544897,0.5555555555555556,4
char_svm,standard,pedagogy,741,0.6758220575766962,0.4444444444444444,3
char_svm,standard,pedagogy,742,0.4932133643654213,0.2222222222222222,3
char_svm,standard,pedagogy,743,0.38210225325431013,0.2222222222222222,2
char_svm,standard,pedagogy,744,0.4955380299191111,0.4444444444444444,2
char_svm,standard,pedagogy,745,0.4955380299191111,0.4444444444444444,2
char_svm,standard,pedagogy,746,0.7177602521413333,0.4444444444444444,3
char_svm,standard,pedagogy,747,0.8288713632524446,0.4444444444444444,4
char_svm,standard,pedagogy,748,0.25162916738782287,0.11111111111111116,2
char_svm,standard,pedagogy,749,0.6758220575766962,0.4444444444444444,3
char_svm,standard,pedagogy,750,0.8763576394898526,0.5555555555555556,4
char_svm,standard,pedagogy,751,0.8763576394898526,0.5555555555555556,4
char_svm,standard,pedagogy,752,0.38210225325431013,0.2222222222222222,2
char_svm,standard,pedagogy,753,0.38210225325431013,0.2222222222222222,2
char_svm,standard,pedagogy,754,0.8288713632524446,0.4444444444444444,4
char_svm,standard,pedagogy,755,0.6758220575766962,0.4444444444444444,3
char_svm,standard,pedagogy,756,0.8288713632524446,0.4444444444444444,4
char_svm,standard,pedagogy,757,0.4955380299191111,0.4444444444444444,2
char_svm,standard,pedagogy,758,0.38210225325431013,0.2222222222222222,2
char_svm,standard,pedagogy,759,0.6758220575766962,0.4444444444444444,3
char_svm,standard,pedagogy,760,0.4932133643654213,0.2222222222222222,3
char_svm,standard,pedagogy,761,0.38210225325431013,0.2222222222222222,2
char_svm,standard,pedagogy,762,0.6121972227029931,0.33333333333333337,3
char_svm,standard,pedagogy,763,0.4591479170272447,0.33333333333333337,2
char_svm,standard,pedagogy,764,0.38210225325431013,0.2222222222222222,2
char_svm,standard,pedagogy,765,0.6758220575766962,0.4444444444444444,3
char_svm,standard,pedagogy,766,0.6121972227029931,0.33333333333333337,3
char_svm,standard,pedagogy,767,0.6758220575766962,0.4444444444444444,3
char_svm,standard,pedagogy,768,0.4591479170272447,0.33333333333333337,2
char_svm,standard,pedagogy,769,0.25162916738782287,0.11111111111111116,2
char_svm,standard,pedagogy,770,0.6121972227029931,0.33333333333333337,3
char_svm,standard,pedagogy,771,0.25162916738782287,0.11111111111111116,2
char_svm,standard,pedagogy,772,0.6121972227029931,0.33333333333333337,3
char_svm,standard,pedagogy,773,0.792481250360578,0.6666666666666667,3
char_svm,standard,pedagogy,774,0.38210225325431013,0.2222222222222222,2
char_svm,standard,pedagogy,775,0.9455305560363264,0.6666666666666667,4
char_svm,standard,pedagogy,776,0.4591479170272447,0.33333333333333337,2
char_svm,standard,pedagogy,777,0.4591479170272447,0.33333333333333337,2
char_svm,standard,pedagogy,778,0.8288713632524446,0.4444444444444444,4
char_svm,standard,pedagogy,779,0.6960736118322673,0.5555555555555556,3
char_svm,standard,pedagogy,780,0.6121972227029931,0.33333333333333337,3
char_svm,standard,pedagogy,781,0.38210225325431013,0.2222222222222222,2
char_svm,standard,pedagogy,782,0.25162916738782287,0.11111111111111116,2
char_svm,standard,pedagogy,783,0.6758220575766962,0.4444444444444444,3
char_svm,standard,pedagogy,784,0.4591479170272447,0.33333333333333337,2
char_svm,standard,pedagogy,785,0.25162916738782287,0.11111111111111116,2
char_svm,standard,pedagogy,786,-0.0,0.0,1
char_svm,standard,pedagogy,787,0.25162916738782287,0.11111111111111116,2
char_svm,standard,pedagogy,788,0.4955380299191111,0.4444444444444444,2
char_svm,standard,pedagogy,789,0.9874687506009635,0.6666666666666667,4
char_svm,standard,pedagogy,790,0.6121972227029931,0.33333333333333337,3
char_svm,standard,pedagogy,791,0.8288713632524446,0.4444444444444444,4
char_svm,standard,pedagogy,792,0.4955380299191111,0.4444444444444444,2
char_svm,standard,pedagogy,793,0.7652465283787413,0.5555555555555556,3
char_svm,standard,pedagogy,794,0.4591479170272447,0.33333333333333337,2
char_svm,standard,pedagogy,796,0.38210225325431013,0.2222222222222222,2
char_svm,standard,pedagogy,797,0.4591479170272447,0.33333333333333337,2
char_svm,standard,pedagogy,798,0.6121972227029931,0.33333333333333337,3
char_svm,standard,pedagogy,799,0.7177602521413333,0.4444444444444444,3
char_svm,standard,pedagogy,800,0.6758220575766962,0.4444444444444444,3
char_svm,standard,pedagogy,801,0.9455305560363264,0.6666666666666667,4
char_svm,standard,pedagogy,802,0.6758220575766962,0.4444444444444444,3
char_svm,standard,pedagogy,803,-0.0,0.0,1
char_svm,standard,pedagogy,804,0.9182958340544897,0.5555555555555556,4
char_svm,standard,pedagogy,805,0.6121972227029931,0.33333333333333337,3
char_svm,standard,pedagogy,806,0.4932133643654213,0.2222222222222222,3
char_svm,standard,pedagogy,807,0.6121972227029931,0.33333333333333337,3
char_svm,standard,pedagogy,808,0.4591479170272447,0.33333333333333337,2
char_svm,standard,pedagogy,809,0.4932133643654213,0.2222222222222222,3
char_svm,standard,pedagogy,810,-0.0,0.0,1
char_svm,standard,pedagogy,811,0.7652465283787413,0.5555555555555556,3
char_svm,standard,pedagogy,812,0.38210225325431013,0.2222222222222222,2
char_svm,standard,pedagogy,813,0.7177602521413333,0.4444444444444444,3
char_svm,standard,pedagogy,814,0.4955380299191111,0.4444444444444444,2
char_svm,standard,pedagogy,815,0.25162916738782287,0.11111111111111116,2
char_svm,standard,pedagogy,816,0.6960736118322673,0.5555555555555556,3
char_svm,standard,pedagogy,817,0.6121972227029931,0.33333333333333337,3
char_svm,standard,pedagogy,818,0.6121972227029931,0.33333333333333337,3
char_svm,standard,pedagogy,819,-0.0,0.0,1
char_svm,standard,pedagogy,820,-0.0,0.0,1
char_svm,standard,pedagogy,821,0.38210225325431013,0.2222222222222222,2
char_svm,standard,pedagogy,822,0.4591479170272447,0.33333333333333337,2
char_svm,standard,pedagogy,823,0.6121972227029931,0.33333333333333337,3
char_svm,standard,pedagogy,824,0.25162916738782287,0.11111111111111116,2
char_svm,standard,pedagogy,825,0.9455305560363264,0.6666666666666667,4
char_svm,standard,pedagogy,826,0.6121972227029931,0.33333333333333337,3
char_svm,standard,pedagogy,827,0.25162916738782287,0.11111111111111116,2
char_svm,standard,pedagogy,828,0.4591479170272447,0.33333333333333337,2
char_svm,standard,pedagogy,829,0.38210225325431013,0.2222222222222222,2
char_svm,standard,pedagogy,830,0.4955380299191111,0.4444444444444444,2
char_svm,standard,pedagogy,831,0.4591479170272447,0.33333333333333337,2
char_svm,standard,pedagogy,832,0.25162916738782287,0.11111111111111116,2
char_svm,standard,pedagogy,833,0.9455305560363264,0.6666666666666667,4
char_svm,standard,pedagogy,834,-0.0,0.0,1
char_svm,standard,pedagogy,835,0.6121972227029931,0.33333333333333337,3
char_svm,standard,pedagogy,836,0.8288713632524446,0.4444444444444444,4
char_svm,standard,pedagogy,837,0.6121972227029931,0.33333333333333337,3
char_svm,standard,pedagogy,838,0.8763576394898526,0.5555555555555556,4
char_svm,standard,pedagogy,839,-0.0,0.0,1
char_svm,standard,pedagogy,841,0.7177602521413333,0.4444444444444444,3
char_svm,standard,pedagogy,842,0.7233083338141042,0.33333333333333337,4
char_svm,standard,pedagogy,843,0.6758220575766962,0.4444444444444444,3
char_svm,standard,pedagogy,844,0.6121972227029931,0.33333333333333337,3
char_svm,standard,pedagogy,845,0.25162916738782287,0.11111111111111116,2
char_svm,standard,pedagogy,846,0.8763576394898526,0.5555555555555556,4
char_svm,standard,pedagogy,847,0.4955380299191111,0.4444444444444444,2
char_svm,standard,pedagogy,848,0.4955380299191111,0.4444444444444444,2
char_svm,standard,pedagogy,849,0.38210225325431013,0.2222222222222222,2
char_svm,standard,pedagogy,850,0.4591479170272447,0.33333333333333337,2
char_svm,standard,pedagogy,851,0.25162916738782287,0.11111111111111116,2
char_svm,standard,pedagogy,852,0.4955380299191111,0.4444444444444444,2
char_svm,standard,pedagogy,853,0.6758220575766962,0.4444444444444444,3
char_svm,standard,pedagogy,854,0.9182958340544897,0.5555555555555556,4
char_svm,standard,pedagogy,855,0.38210225325431013,0.2222222222222222,2
char_svm,standard,pedagogy,856,0.4932133643654213,0.2222222222222222,3
char_svm,standard,pedagogy,857,0.4932133643654213,0.2222222222222222,3
char_svm,standard,pedagogy,858,0.25162916738782287,0.11111111111111116,2
char_svm,standard,pedagogy,859,0.25162916738782287,0.11111111111111116,2
char_svm,standard,pedagogy,860,0.4591479170272447,0.33333333333333337,2
char_svm,standard,pedagogy,861,0.7177602521413333,0.4444444444444444,3
char_svm,standard,pedagogy,862,0.792481250360578,0.6666666666666667,3
char_svm,standard,pedagogy,863,0.6758220575766962,0.4444444444444444,3
char_svm,standard,pedagogy,864,0.8763576394898526,0.5555555555555556,4
char_svm,standard,pedagogy,865,0.4932133643654213,0.2222222222222222,3
char_svm,standard,pedagogy,866,0.9455305560363264,0.6666666666666667,4
char_svm,standard,pedagogy,867,0.6758220575766962,0.4444444444444444,3
char_svm,standard,pedagogy,868,0.4591479170272447,0.33333333333333337,2
char_svm,standard,pedagogy,869,0.6121972227029931,0.33333333333333337,3
char_svm,standard,pedagogy,870,0.6758220575766962,0.4444444444444444,3
char_svm,standard,pedagogy,871,0.38210225325431013,0.2222222222222222,2
char_svm,standard,pedagogy,872,0.38210225325431013,0.2222222222222222,2
char_svm,standard,pedagogy,873,0.4955380299191111,0.4444444444444444,2
char_svm,standard,pedagogy,874,0.6121972227029931,0.33333333333333337,3
char_svm,standard,pedagogy,875,0.6758220575766962,0.4444444444444444,3
char_svm,standard,pedagogy,876,-0.0,0.0,1
char_svm,standard,pedagogy,877,0.6960736118322673,0.5555555555555556,3
char_svm,standard,pedagogy,878,0.38210225325431013,0.2222222222222222,2
char_svm,standard,pedagogy,879,0.4591479170272447,0.33333333333333337,2
char_svm,standard,pedagogy,880,0.25162916738782287,0.11111111111111116,2
char_svm,standard,pedagogy,881,0.6758220575766962,0.4444444444444444,3
char_svm,standard,pedagogy,882,0.792481250360578,0.6666666666666667,3
char_svm,standard,pedagogy,883,0.9455305560363264,0.6666666666666667,4
char_svm,standard,pedagogy,884,0.38210225325431013,0.2222222222222222,2
char_svm,standard,pedagogy,885,0.4591479170272447,0.33333333333333337,2
char_svm,standard,pedagogy,886,0.4591479170272447,0.33333333333333337,2
char_svm,standard,pedagogy,887,0.6758220575766962,0.4444444444444444,3
char_svm,standard,pedagogy,888,0.8288713632524446,0.4444444444444444,4
char_svm,standard,pedagogy,889,0.4955380299191111,0.4444444444444444,2
char_svm,standard,pedagogy,890,0.25162916738782287,0.11111111111111116,2
char_svm,standard,pedagogy,891,0.6758220575766962,0.4444444444444444,3
char_svm,standard,pedagogy,892,-0.0,0.0,1
char_svm,standard,pedagogy,893,0.792481250360578,0.6666666666666667,3
char_svm,standard,pedagogy,894,0.9182958340544897,0.5555555555555556,4
char_svm,standard,pedagogy,895,0.6121972227029931,0.33333333333333337,3
char_svm,standard,pedagogy,896,0.8763576394898526,0.5555555555555556,4
char_svm,standard,pedagogy,897,0.25162916738782287,0.11111111111111116,2
char_svm,standard,pedagogy,898,0.38210225325431013,0.2222222222222222,2
char_svm,standard,pedagogy,899,0.38210225325431013,0.2222222222222222,2
char_svm,standard,pedagogy,900,0.6960736118322673,0.5555555555555556,3
char_svm,standard,pedagogy,901,0.8763576394898526,0.5555555555555556,4
char_svm,standard,pedagogy,902,-0.0,0.0,1
char_svm,standard,pedagogy,903,0.6121972227029931,0.33333333333333337,3
char_svm,standard,pedagogy,904,0.7177602521413333,0.4444444444444444,3
char_svm,standard,pedagogy,905,0.38210225325431013,0.2222222222222222,2
char_svm,standard,pedagogy,906,0.6758220575766962,0.4444444444444444,3
char_svm,standard,pedagogy,907,0.6121972227029931,0.33333333333333337,3
char_svm,standard,pedagogy,908,0.4955380299191111,0.4444444444444444,2
char_svm,standard,pedagogy,909,0.4955380299191111,0.4444444444444444,2
char_svm,standard,pedagogy,910,0.6758220575766962,0.4444444444444444,3
char_svm,standard,pedagogy,911,0.6960736118322673,0.5555555555555556,3
char_svm,standard,pedagogy,912,0.38210225325431013,0.2222222222222222,2
char_svm,standard,pedagogy,913,0.4591479170272447,0.33333333333333337,2
char_svm,standard,pedagogy,914,0.4932133643654213,0.2222222222222222,3
char_svm,standard,pedagogy,915,0.6758220575766962,0.4444444444444444,3
char_svm,standard,pedagogy,916,0.4955380299191111,0.4444444444444444,2
char_svm,standard,pedagogy,917,0.25162916738782287,0.11111111111111116,2
char_svm,standard,pedagogy,918,0.6758220575766962,0.4444444444444444,3
char_svm,standard,pedagogy,919,0.4591479170272447,0.33333333333333337,2
char_svm,standard,pedagogy,920,0.4591479170272447,0.33333333333333337,2
char_svm,standard,pedagogy,921,0.9455305560363264,0.6666666666666667,4
char_svm,standard,pedagogy,922,0.4591479170272447,0.33333333333333337,2
char_svm,standard,pedagogy,923,0.4955380299191111,0.4444444444444444,2
char_svm,standard,pedagogy,924,0.38210225325431013,0.2222222222222222,2
char_svm,standard,pedagogy,925,0.4955380299191111,0.4444444444444444,2
char_svm,standard,pedagogy,926,0.7177602521413333,0.4444444444444444,3
char_svm,standard,pedagogy,927,0.6758220575766962,0.4444444444444444,3
char_svm,standard,pedagogy,928,0.6121972227029931,0.33333333333333337,3
char_svm,standard,pedagogy,929,0.6960736118322673,0.5555555555555556,3
char_svm,standard,pedagogy,930,-0.0,0.0,1
char_svm,standard,pedagogy,931,0.7652465283787413,0.5555555555555556,3
char_svm,standard,pedagogy,932,0.38210225325431013,0.2222222222222222,2
char_svm,standard,pedagogy,933,0.7233083338141042,0.33333333333333337,4
char_svm,standard,pedagogy,934,0.38210225325431013,0.2222222222222222,2
char_svm,standard,pedagogy,935,0.8288713632524446,0.4444444444444444,4
char_svm,standard,pedagogy,936,0.4932133643654213,0.2222222222222222,3
char_svm,standard,pedagogy,937,0.25162916738782287,0.11111111111111116,2
char_svm,standard,pedagogy,938,0.6121972227029931,0.33333333333333337,3
char_svm,standard,pedagogy,939,0.7233083338141042,0.33333333333333337,4
char_svm,standard,pedagogy,940,0.4955380299191111,0.4444444444444444,2
char_svm,standard,pedagogy,941,0.7177602521413333,0.4444444444444444,3
char_svm,standard,pedagogy,942,-0.0,0.0,1
char_svm,standard,pedagogy,943,-0.0,0.0,1
char_svm,standard,pedagogy,944,0.7652465283787413,0.5555555555555556,3
char_svm,standard,pedagogy,945,-0.0,0.0,1
char_svm,standard,pedagogy,946,0.25162916738782287,0.11111111111111116,2
char_svm,standard,pedagogy,947,0.25162916738782287,0.11111111111111116,2
char_svm,standard,pedagogy,948,0.25162916738782287,0.11111111111111116,2
char_svm,standard,pedagogy,949,0.6758220575766962,0.4444444444444444,3
char_svm,standard,pedagogy,950,0.25162916738782287,0.11111111111111116,2
char_svm,standard,pedagogy,951,-0.0,0.0,1
char_svm,standard,pedagogy,952,0.6758220575766962,0.4444444444444444,3
char_svm,standard,pedagogy,953,0.6758220575766962,0.4444444444444444,3
char_svm,standard,pedagogy,954,0.6121972227029931,0.33333333333333337,3
char_svm,standard,pedagogy,955,0.6758220575766962,0.4444444444444444,3
char_svm,standard,pedagogy,956,0.25162916738782287,0.11111111111111116,2
char_svm,standard,pedagogy,957,0.4932133643654213,0.2222222222222222,3
char_svm,standard,pedagogy,958,0.4932133643654213,0.2222222222222222,3
char_svm,standard,pedagogy,959,0.6121972227029931,0.33333333333333337,3
char_svm,standard,pedagogy,960,0.4591479170272447,0.33333333333333337,2
char_svm,standard,pedagogy,961,0.25162916738782287,0.11111111111111116,2
char_svm,standard,pedagogy,962,-0.0,0.0,1
char_svm,standard,pedagogy,963,0.4591479170272447,0.33333333333333337,2
char_svm,standard,pedagogy,964,0.9455305560363264,0.6666666666666667,4
char_svm,standard,pedagogy,965,0.6121972227029931,0.33333333333333337,3
char_svm,standard,pedagogy,966,0.25162916738782287,0.11111111111111116,2
char_svm,standard,pedagogy,967,0.9455305560363264,0.6666666666666667,4
char_svm,standard,pedagogy,968,0.4591479170272447,0.33333333333333337,2
char_svm,standard,pedagogy,969,0.4591479170272447,0.33333333333333337,2
char_svm,standard,pedagogy,970,0.6121972227029931,0.33333333333333337,3
char_svm,standard,pedagogy,971,0.38210225325431013,0.2222222222222222,2
char_svm,standard,pedagogy,972,0.9182958340544897,0.5555555555555556,4
char_svm,standard,pedagogy,973,0.8763576394898526,0.5555555555555556,4
char_svm,standard,pedagogy,974,-0.0,0.0,1
char_svm,standard,pedagogy,975,0.4955380299191111,0.4444444444444444,2
char_svm,standard,pedagogy,976,0.4932133643654213,0.2222222222222222,3
char_svm,standard,pedagogy,977,0.4932133643654213,0.2222222222222222,3
char_svm,standard,pedagogy,978,0.4955380299191111,0.4444444444444444,2
char_svm,standard,pedagogy,979,0.6960736118322673,0.5555555555555556,3
char_svm,standard,pedagogy,980,0.4955380299191111,0.4444444444444444,2
char_svm,standard,pedagogy,981,0.4591479170272447,0.33333333333333337,2
char_svm,standard,pedagogy,982,0.25162916738782287,0.11111111111111116,2
char_svm,standard,pedagogy,983,0.25162916738782287,0.11111111111111116,2
char_svm,standard,pedagogy,984,0.25162916738782287,0.11111111111111116,2
char_svm,standard,pedagogy,985,0.8288713632524446,0.4444444444444444,4
char_svm,standard,pedagogy,986,0.4591479170272447,0.33333333333333337,2
char_svm,standard,pedagogy,987,-0.0,0.0,1
char_svm,standard,pedagogy,988,0.6758220575766962,0.4444444444444444,3
char_svm,standard,pedagogy,989,-0.0,0.0,1
char_svm,standard,pedagogy,990,0.6758220575766962,0.4444444444444444,3
char_svm,standard,pedagogy,991,0.4591479170272447,0.33333333333333337,2
char_svm,standard,pedagogy,992,0.6121972227029931,0.33333333333333337,3
char_svm,standard,pedagogy,993,0.9182958340544897,0.5555555555555556,4
char_svm,standard,pedagogy,994,0.38210225325431013,0.2222222222222222,2
char_svm,standard,pedagogy,995,0.7652465283787413,0.5555555555555556,3
char_svm,standard,pedagogy,996,0.38210225325431013,0.2222222222222222,2
char_svm,standard,pedagogy,997,0.9874687506009635,0.6666666666666667,4
char_svm,standard,pedagogy,998,0.4955380299191111,0.4444444444444444,2
char_svm,standard,pedagogy,999,0.6960736118322673,0.5555555555555556,3
char_svm,standard,pedagogy,1000,0.7652465283787413,0.5555555555555556,3
char_svm,standard,pedagogy,1001,0.6960736118322673,0.5555555555555556,3
char_svm,standard,pedagogy,1009,0.7177602521413333,0.4444444444444444,3
char_svm,standard,pedagogy,1061,0.4955380299191111,0.4444444444444444,2
char_svm,standard,pedagogy,1085,0.7177602521413333,0.4444444444444444,3
char_svm,standard,pedagogy,1125,0.25162916738782287,0.11111111111111116,2
hybrid_svm,hard,generic,0,0.6121972227029931,0.33333333333333337,3
hybrid_svm,hard,generic,1,0.38210225325431013,0.2222222222222222,2
hybrid_svm,hard,generic,2,0.6121972227029931,0.33333333333333337,3
hybrid_svm,hard,generic,3,0.6758220575766962,0.4444444444444444,3
hybrid_svm,hard,generic,4,0.8288713632524446,0.4444444444444444,4
hybrid_svm,hard,generic,5,-0.0,0.0,1
hybrid_svm,hard,generic,6,0.6960736118322673,0.5555555555555556,3
hybrid_svm,hard,generic,7,0.8288713632524446,0.4444444444444444,4
hybrid_svm,hard,generic,8,0.6758220575766962,0.4444444444444444,3
hybrid_svm,hard,generic,9,0.25162916738782287,0.11111111111111116,2
hybrid_svm,hard,generic,10,0.7652465283787413,0.5555555555555556,3
hybrid_svm,hard,generic,11,0.7652465283787413,0.5555555555555556,3
hybrid_svm,hard,generic,12,0.6121972227029931,0.33333333333333337,3
hybrid_svm,hard,generic,13,0.6121972227029931,0.33333333333333337,3
hybrid_svm,hard,generic,14,0.7652465283787413,0.5555555555555556,3
hybrid_svm,hard,generic,15,0.25162916738782287,0.11111111111111116,2
hybrid_svm,hard,generic,16,0.7652465283787413,0.5555555555555556,3
hybrid_svm,hard,generic,17,0.6758220575766962,0.4444444444444444,3
hybrid_svm,hard,generic,18,0.8763576394898526,0.5555555555555556,4
hybrid_svm,hard,generic,19,0.6121972227029931,0.33333333333333337,3
hybrid_svm,hard,generic,20,0.4932133643654213,0.2222222222222222,3
hybrid_svm,hard,generic,21,0.25162916738782287,0.11111111111111116,2
hybrid_svm,hard,generic,22,0.7652465283787413,0.5555555555555556,3
hybrid_svm,hard,generic,23,0.6121972227029931,0.33333333333333337,3
hybrid_svm,hard,generic,24,0.9182958340544897,0.5555555555555556,4
hybrid_svm,hard,generic,25,0.8288713632524446,0.4444444444444444,4
hybrid_svm,hard,generic,26,0.4932133643654213,0.2222222222222222,3
hybrid_svm,hard,generic,27,0.6758220575766962,0.4444444444444444,3
hybrid_svm,hard,generic,28,0.38210225325431013,0.2222222222222222,2
hybrid_svm,hard,generic,29,0.6758220575766962,0.4444444444444444,3
hybrid_svm,hard,generic,30,0.38210225325431013,0.2222222222222222,2
hybrid_svm,hard,generic,31,0.7652465283787413,0.5555555555555556,3
hybrid_svm,hard,generic,32,0.4591479170272447,0.33333333333333337,2
hybrid_svm,hard,generic,33,0.25162916738782287,0.11111111111111116,2
hybrid_svm,hard,generic,34,0.9455305560363264,0.6666666666666667,4
hybrid_svm,hard,generic,35,0.7652465283787413,0.5555555555555556,3
hybrid_svm,hard,generic,36,0.7177602521413333,0.4444444444444444,3
hybrid_svm,hard,generic,37,0.7652465283787413,0.5555555555555556,3
hybrid_svm,hard,generic,38,0.6121972227029931,0.33333333333333337,3
hybrid_svm,hard,generic,39,0.7652465283787413,0.5555555555555556,3
hybrid_svm,hard,generic,40,0.8763576394898526,0.5555555555555556,4
hybrid_svm,hard,generic,41,0.7177602521413333,0.4444444444444444,3
hybrid_svm,hard,generic,42,0.38210225325431013,0.2222222222222222,2
hybrid_svm,hard,generic,43,0.6758220575766962,0.4444444444444444,3
hybrid_svm,hard,generic,44,0.7652465283787413,0.5555555555555556,3
hybrid_svm,hard,generic,45,0.6121972227029931,0.33333333333333337,3
hybrid_svm,hard,generic,46,0.4955380299191111,0.4444444444444444,2
hybrid_svm,hard,generic,47,0.6960736118322673,0.5555555555555556,3
hybrid_svm,hard,generic,48,0.7652465283787413,0.5555555555555556,3
hybrid_svm,hard,generic,49,0.6758220575766962,0.4444444444444444,3
hybrid_svm,hard,generic,50,0.25162916738782287,0.11111111111111116,2
hybrid_svm,hard,generic,51,0.8288713632524446,0.4444444444444444,4
hybrid_svm,hard,generic,52,0.4591479170272447,0.33333333333333337,2
hybrid_svm,hard,generic,53,0.9874687506009635,0.6666666666666667,4
hybrid_svm,hard,generic,54,0.7652465283787413,0.5555555555555556,3
hybrid_svm,hard,generic,55,0.25162916738782287,0.11111111111111116,2
hybrid_svm,hard,generic,56,0.6121972227029931,0.33333333333333337,3
hybrid_svm,hard,generic,57,0.25162916738782287,0.11111111111111116,2
hybrid_svm,hard,generic,58,0.38210225325431013,0.2222222222222222,2
hybrid_svm,hard,generic,59,0.7652465283787413,0.5555555555555556,3
hybrid_svm,hard,generic,60,0.7652465283787413,0.5555555555555556,3
hybrid_svm,hard,generic,61,0.4591479170272447,0.33333333333333337,2
hybrid_svm,hard,generic,62,0.6758220575766962,0.4444444444444444,3
hybrid_svm,hard,generic,63,0.8763576394898526,0.5555555555555556,4
hybrid_svm,hard,generic,64,0.6758220575766962,0.4444444444444444,3
hybrid_svm,hard,generic,65,0.38210225325431013,0.2222222222222222,2
hybrid_svm,hard,generic,66,0.7652465283787413,0.5555555555555556,3
hybrid_svm,hard,generic,67,0.7177602521413333,0.4444444444444444,3
hybrid_svm,hard,generic,68,0.4591479170272447,0.33333333333333337,2
hybrid_svm,hard,generic,69,0.6758220575766962,0.4444444444444444,3
hybrid_svm,hard,generic,70,0.4955380299191111,0.4444444444444444,2
hybrid_svm,hard,generic,71,0.7652465283787413,0.5555555555555556,3
hybrid_svm,hard,generic,72,0.6960736118322673,0.5555555555555556,3
hybrid_svm,hard,generic,73,0.4932133643654213,0.2222222222222222,3
hybrid_svm,hard,generic,74,0.6960736118322673,0.5555555555555556,3
hybrid_svm,hard,generic,75,-0.0,0.0,1
hybrid_svm,hard,generic,76,0.7177602521413333,0.4444444444444444,3
hybrid_svm,hard,generic,77,0.6121972227029931,0.33333333333333337,3
hybrid_svm,hard,generic,78,0.6121972227029931,0.33333333333333337,3
hybrid_svm,hard,generic,79,0.9455305560363264,0.6666666666666667,4
hybrid_svm,hard,generic,80,0.38210225325431013,0.2222222222222222,2
hybrid_svm,hard,generic,81,0.38210225325431013,0.2222222222222222,2
hybrid_svm,hard,generic,82,0.9182958340544897,0.5555555555555556,4
hybrid_svm,hard,generic,83,0.25162916738782287,0.11111111111111116,2
hybrid_svm,hard,generic,84,0.6960736118322673,0.5555555555555556,3
hybrid_svm,hard,generic,85,0.4932133643654213,0.2222222222222222,3
hybrid_svm,hard,generic,86,0.38210225325431013,0.2222222222222222,2
hybrid_svm,hard,generic,87,0.38210225325431013,0.2222222222222222,2
hybrid_svm,hard,generic,88,-0.0,0.0,1
hybrid_svm,hard,generic,89,0.6758220575766962,0.4444444444444444,3
hybrid_svm,hard,generic,90,0.6121972227029931,0.33333333333333337,3
hybrid_svm,hard,generic,91,0.4591479170272447,0.33333333333333337,2
hybrid_svm,hard,generic,92,0.38210225325431013,0.2222222222222222,2
hybrid_svm,hard,generic,93,-0.0,0.0,1
hybrid_svm,hard,generic,94,0.7177602521413333,0.4444444444444444,3
hybrid_svm,hard,generic,95,0.38210225325431013,0.2222222222222222,2
hybrid_svm,hard,generic,96,0.7652465283787413,0.5555555555555556,3
hybrid_svm,hard,generic,97,-0.0,0.0,1
hybrid_svm,hard,generic,98,-0.0,0.0,1
hybrid_svm,hard,generic,99,0.4932133643654213,0.2222222222222222,3
hybrid_svm,hard,generic,100,0.4591479170272447,0.33333333333333337,2
hybrid_svm,hard,generic,101,0.6960736118322673,0.5555555555555556,3
hybrid_svm,hard,generic,102,0.6121972227029931,0.33333333333333337,3
hybrid_svm,hard,generic,103,0.25162916738782287,0.11111111111111116,2
hybrid_svm,hard,generic,104,0.6960736118322673,0.5555555555555556,3
hybrid_svm,hard,generic,105,0.8763576394898526,0.5555555555555556,4
hybrid_svm,hard,generic,106,0.8763576394898526,0.5555555555555556,4
hybrid_svm,hard,generic,107,0.6960736118322673,0.5555555555555556,3
hybrid_svm,hard,generic,108,0.7177602521413333,0.4444444444444444,3
hybrid_svm,hard,generic,109,0.7177602521413333,0.4444444444444444,3
hybrid_svm,hard,generic,110,0.6121972227029931,0.33333333333333337,3
hybrid_svm,hard,generic,111,0.6121972227029931,0.33333333333333337,3
hybrid_svm,hard,generic,112,0.6121972227029931,0.33333333333333337,3
hybrid_svm,hard,generic,113,0.4955380299191111,0.4444444444444444,2
hybrid_svm,hard,generic,114,0.25162916738782287,0.11111111111111116,2
hybrid_svm,hard,generic,115,0.4932133643654213,0.2222222222222222,3
hybrid_svm,hard,generic,116,0.6758220575766962,0.4444444444444444,3
hybrid_svm,hard,generic,117,0.6121972227029931,0.33333333333333337,3
hybrid_svm,hard,generic,118,0.6960736118322673,0.5555555555555556,3
hybrid_svm,hard,generic,119,0.25162916738782287,0.11111111111111116,2
hybrid_svm,hard,generic,120,0.4591479170272447,0.33333333333333337,2
hybrid_svm,hard,generic,121,0.6121972227029931,0.33333333333333337,3
hybrid_svm,hard,generic,122,0.8763576394898526,0.5555555555555556,4
hybrid_svm,hard,generic,123,0.4955380299191111,0.4444444444444444,2
hybrid_svm,hard,generic,124,0.9182958340544897,0.5555555555555556,4
hybrid_svm,hard,generic,125,0.7177602521413333,0.4444444444444444,3
hybrid_svm,hard,generic,126,0.4591479170272447,0.33333333333333337,2
hybrid_svm,hard,generic,127,0.7652465283787413,0.5555555555555556,3
hybrid_svm,hard,generic,128,0.38210225325431013,0.2222222222222222,2
hybrid_svm,hard,generic,129,0.7652465283787413,0.5555555555555556,3
hybrid_svm,hard,generic,130,0.4591479170272447,0.33333333333333337,2
hybrid_svm,hard,generic,131,0.7652465283787413,0.5555555555555556,3
hybrid_svm,hard,generic,132,0.25162916738782287,0.11111111111111116,2
hybrid_svm,hard,generic,133,0.25162916738782287,0.11111111111111116,2
hybrid_svm,hard,generic,134,0.8763576394898526,0.5555555555555556,4
hybrid_svm,hard,generic,135,0.6960736118322673,0.5555555555555556,3
hybrid_svm,hard,generic,136,0.6121972227029931,0.33333333333333337,3
hybrid_svm,hard,generic,137,0.7177602521413333,0.4444444444444444,3
hybrid_svm,hard,generic,138,0.25162916738782287,0.11111111111111116,2
hybrid_svm,hard,generic,139,0.25162916738782287,0.11111111111111116,2
hybrid_svm,hard,generic,140,0.7652465283787413,0.5555555555555556,3
hybrid_svm,hard,generic,141,0.6121972227029931,0.33333333333333337,3
hybrid_svm,hard,generic,142,0.4955380299191111,0.4444444444444444,2
hybrid_svm,hard,generic,143,0.792481250360578,0.6666666666666667,3
hybrid_svm,hard,generic,144,0.4591479170272447,0.33333333333333337,2
hybrid_svm,hard,generic,145,0.6960736118322673,0.5555555555555556,3
hybrid_svm,hard,generic,146,0.25162916738782287,0.11111111111111116,2
hybrid_svm,hard,generic,147,0.6121972227029931,0.33333333333333337,3
hybrid_svm,hard,generic,148,0.4591479170272447,0.33333333333333337,2
hybrid_svm,hard,generic,149,0.8763576394898526,0.5555555555555556,4
hybrid_svm,hard,generic,150,0.25162916738782287,0.11111111111111116,2
hybrid_svm,hard,generic,151,0.7652465283787413,0.5555555555555556,3
hybrid_svm,hard,generic,152,0.6758220575766962,0.4444444444444444,3
hybrid_svm,hard,generic,153,0.4591479170272447,0.33333333333333337,2
hybrid_svm,hard,generic,154,0.7652465283787413,0.5555555555555556,3
hybrid_svm,hard,generic,155,0.4955380299191111,0.4444444444444444,2
hybrid_svm,hard,generic,156,0.6758220575766962,0.4444444444444444,3
hybrid_svm,hard,generic,157,0.6758220575766962,0.4444444444444444,3
hybrid_svm,hard,generic,158,0.4932133643654213,0.2222222222222222,3
hybrid_svm,hard,generic,159,0.7652465283787413,0.5555555555555556,3
hybrid_svm,hard,generic,160,0.9455305560363264,0.6666666666666667,4
hybrid_svm,hard,generic,161,0.6758220575766962,0.4444444444444444,3
hybrid_svm,hard,generic,162,0.38210225325431013,0.2222222222222222,2
hybrid_svm,hard,generic,163,0.6121972227029931,0.33333333333333337,3
hybrid_svm,hard,generic,164,0.7233083338141042,0.33333333333333337,4
hybrid_svm,hard,generic,165,0.6758220575766962,0.4444444444444444,3
hybrid_svm,hard,generic,166,0.4591479170272447,0.33333333333333337,2
hybrid_svm,hard,generic,167,0.4591479170272447,0.33333333333333337,2
hybrid_svm,hard,generic,168,0.6121972227029931,0.33333333333333337,3
hybrid_svm,hard,generic,169,0.25162916738782287,0.11111111111111116,2
hybrid_svm,hard,generic,170,0.7177602521413333,0.4444444444444444,3
hybrid_svm,hard,generic,171,0.25162916738782287,0.11111111111111116,2
hybrid_svm,hard,generic,172,0.7652465283787413,0.5555555555555556,3
hybrid_svm,hard,generic,173,0.25162916738782287,0.11111111111111116,2
hybrid_svm,hard,generic,174,0.6758220575766962,0.4444444444444444,3
hybrid_svm,hard,generic,175,0.25162916738782287,0.11111111111111116,2
hybrid_svm,hard,generic,176,0.4591479170272447,0.33333333333333337,2
hybrid_svm,hard,generic,177,0.6121972227029931,0.33333333333333337,3
hybrid_svm,hard,generic,178,0.7652465283787413,0.5555555555555556,3
hybrid_svm,hard,generic,179,0.6121972227029931,0.33333333333333337,3
hybrid_svm,hard,generic,180,0.4591479170272447,0.33333333333333337,2
hybrid_svm,hard,generic,181,0.7233083338141042,0.33333333333333337,4
hybrid_svm,hard,generic,182,0.6121972227029931,0.33333333333333337,3
hybrid_svm,hard,generic,183,0.7177602521413333,0.4444444444444444,3
hybrid_svm,hard,generic,184,0.6960736118322673,0.5555555555555556,3
hybrid_svm,hard,generic,185,0.4932133643654213,0.2222222222222222,3
hybrid_svm,hard,generic,186,0.4932133643654213,0.2222222222222222,3
hybrid_svm,hard,generic,187,0.8288713632524446,0.4444444444444444,4
hybrid_svm,hard,generic,188,0.4591479170272447,0.33333333333333337,2
hybrid_svm,hard,generic,189,0.7652465283787413,0.5555555555555556,3
hybrid_svm,hard,generic,190,0.6960736118322673,0.5555555555555556,3
hybrid_svm,hard,generic,191,0.25162916738782287,0.11111111111111116,2
hybrid_svm,hard,generic,192,0.9182958340544897,0.5555555555555556,4
hybrid_svm,hard,generic,193,0.4932133643654213,0.2222222222222222,3
hybrid_svm,hard,generic,194,0.7177602521413333,0.4444444444444444,3
hybrid_svm,hard,generic,195,0.7177602521413333,0.4444444444444444,3
hybrid_svm,hard,generic,196,0.6758220575766962,0.4444444444444444,3
hybrid_svm,hard,generic,197,0.4932133643654213,0.2222222222222222,3
hybrid_svm,hard,generic,198,0.4591479170272447,0.33333333333333337,2
hybrid_svm,hard,generic,199,0.38210225325431013,0.2222222222222222,2
hybrid_svm,hard,generic,200,0.25162916738782287,0.11111111111111116,2
hybrid_svm,hard,generic,201,0.25162916738782287,0.11111111111111116,2
hybrid_svm,hard,generic,202,0.9455305560363264,0.6666666666666667,4
hybrid_svm,hard,generic,203,0.38210225325431013,0.2222222222222222,2
hybrid_svm,hard,generic,204,0.792481250360578,0.6666666666666667,3
hybrid_svm,hard,generic,205,0.38210225325431013,0.2222222222222222,2
hybrid_svm,hard,generic,206,0.4591479170272447,0.33333333333333337,2
hybrid_svm,hard,generic,207,0.7652465283787413,0.5555555555555556,3
hybrid_svm,hard,generic,208,0.7652465283787413,0.5555555555555556,3
hybrid_svm,hard,generic,209,0.6960736118322673,0.5555555555555556,3
hybrid_svm,hard,generic,210,0.6758220575766962,0.4444444444444444,3
hybrid_svm,hard,generic,211,0.6758220575766962,0.4444444444444444,3
hybrid_svm,hard,generic,212,0.6121972227029931,0.33333333333333337,3
hybrid_svm,hard,generic,213,0.792481250360578,0.6666666666666667,3
hybrid_svm,hard,generic,214,0.8763576394898526,0.5555555555555556,4
hybrid_svm,hard,generic,215,0.6121972227029931,0.33333333333333337,3
hybrid_svm,hard,generic,216,0.6121972227029931,0.33333333333333337,3
hybrid_svm,hard,generic,217,0.6121972227029931,0.33333333333333337,3
hybrid_svm,hard,generic,218,0.7652465283787413,0.5555555555555556,3
hybrid_svm,hard,generic,219,0.6121972227029931,0.33333333333333337,3
hybrid_svm,hard,generic,220,-0.0,0.0,1
hybrid_svm,hard,generic,221,0.6758220575766962,0.4444444444444444,3
hybrid_svm,hard,generic,222,0.4932133643654213,0.2222222222222222,3
hybrid_svm,hard,generic,223,0.4591479170272447,0.33333333333333337,2
hybrid_svm,hard,generic,224,0.4955380299191111,0.4444444444444444,2
hybrid_svm,hard,generic,225,0.4932133643654213,0.2222222222222222,3
hybrid_svm,hard,generic,226,0.4955380299191111,0.4444444444444444,2
hybrid_svm,hard,generic,227,0.4932133643654213,0.2222222222222222,3
hybrid_svm,hard,generic,228,0.6121972227029931,0.33333333333333337,3
hybrid_svm,hard,generic,229,0.38210225325431013,0.2222222222222222,2
hybrid_svm,hard,generic,230,0.38210225325431013,0.2222222222222222,2
hybrid_svm,hard,generic,231,0.4932133643654213,0.2222222222222222,3
hybrid_svm,hard,generic,232,0.4591479170272447,0.33333333333333337,2
hybrid_svm,hard,generic,233,0.7652465283787413,0.5555555555555556,3
hybrid_svm,hard,generic,234,0.25162916738782287,0.11111111111111116,2
hybrid_svm,hard,generic,235,0.6121972227029931,0.33333333333333337,3
hybrid_svm,hard,generic,236,0.4591479170272447,0.33333333333333337,2
hybrid_svm,hard,generic,237,0.6121972227029931,0.33333333333333337,3
hybrid_svm,hard,generic,238,0.4932133643654213,0.2222222222222222,3
hybrid_svm,hard,generic,239,0.4591479170272447,0.33333333333333337,2
hybrid_svm,hard,generic,240,0.4591479170272447,0.33333333333333337,2
hybrid_svm,hard,generic,241,0.7652465283787413,0.5555555555555556,3
hybrid_svm,hard,generic,242,0.6758220575766962,0.4444444444444444,3
hybrid_svm,hard,generic,243,0.6758220575766962,0.4444444444444444,3
hybrid_svm,hard,generic,244,0.7652465283787413,0.5555555555555556,3
hybrid_svm,hard,generic,245,0.38210225325431013,0.2222222222222222,2
hybrid_svm,hard,generic,246,0.7652465283787413,0.5555555555555556,3
hybrid_svm,hard,generic,247,0.6121972227029931,0.33333333333333337,3
hybrid_svm,hard,generic,248,0.7652465283787413,0.5555555555555556,3
hybrid_svm,hard,generic,249,0.4955380299191111,0.4444444444444444,2
hybrid_svm,hard,generic,250,0.6121972227029931,0.33333333333333337,3
hybrid_svm,hard,generic,251,0.6960736118322673,0.5555555555555556,3
hybrid_svm,hard,generic,252,0.38210225325431013,0.2222222222222222,2
hybrid_svm,hard,generic,253,0.8288713632524446,0.4444444444444444,4
hybrid_svm,hard,generic,254,0.25162916738782287,0.11111111111111116,2
hybrid_svm,hard,generic,255,0.6121972227029931,0.33333333333333337,3
hybrid_svm,hard,generic,256,0.6121972227029931,0.33333333333333337,3
hybrid_svm,hard,generic,257,0.4591479170272447,0.33333333333333337,2
hybrid_svm,hard,generic,258,0.6758220575766962,0.4444444444444444,3
hybrid_svm,hard,generic,259,0.8288713632524446,0.4444444444444444,4
hybrid_svm,hard,generic,260,0.6960736118322673,0.5555555555555556,3
hybrid_svm,hard,generic,261,0.7652465283787413,0.5555555555555556,3
hybrid_svm,hard,generic,262,0.38210225325431013,0.2222222222222222,2
hybrid_svm,hard,generic,263,0.4591479170272447,0.33333333333333337,2
hybrid_svm,hard,generic,264,-0.0,0.0,1
hybrid_svm,hard,generic,284,0.8763576394898526,0.5555555555555556,4
hybrid_svm,hard,pedagogy,0,0.6121972227029931,0.33333333333333337,3
hybrid_svm,hard,pedagogy,1,0.4932133643654213,0.2222222222222222,3
hybrid_svm,hard,pedagogy,2,0.4591479170272447,0.33333333333333337,2
hybrid_svm,hard,pedagogy,3,0.6960736118322673,0.5555555555555556,3
hybrid_svm,hard,pedagogy,4,0.6121972227029931,0.33333333333333337,3
hybrid_svm,hard,pedagogy,5,0.4591479170272447,0.33333333333333337,2
hybrid_svm,hard,pedagogy,6,0.7177602521413333,0.4444444444444444,3
hybrid_svm,hard,pedagogy,7,0.8763576394898526,0.5555555555555556,4
hybrid_svm,hard,pedagogy,8,0.6758220575766962,0.4444444444444444,3
hybrid_svm,hard,pedagogy,9,0.38210225325431013,0.2222222222222222,2
hybrid_svm,hard,pedagogy,10,0.4932133643654213,0.2222222222222222,3
hybrid_svm,hard,pedagogy,11,0.4955380299191111,0.4444444444444444,2
hybrid_svm,hard,pedagogy,12,0.4591479170272447,0.33333333333333337,2
hybrid_svm,hard,pedagogy,13,0.4591479170272447,0.33333333333333337,2
hybrid_svm,hard,pedagogy,14,0.6960736118322673,0.5555555555555556,3
hybrid_svm,hard,pedagogy,15,0.4591479170272447,0.33333333333333337,2
hybrid_svm,hard,pedagogy,16,0.6121972227029931,0.33333333333333337,3
hybrid_svm,hard,pedagogy,17,-0.0,0.0,1
hybrid_svm,hard,pedagogy,18,0.25162916738782287,0.11111111111111116,2
hybrid_svm,hard,pedagogy,19,0.4955380299191111,0.4444444444444444,2
hybrid_svm,hard,pedagogy,20,0.7652465283787413,0.5555555555555556,3
hybrid_svm,hard,pedagogy,21,0.6121972227029931,0.33333333333333337,3
hybrid_svm,hard,pedagogy,22,0.6758220575766962,0.4444444444444444,3
hybrid_svm,hard,pedagogy,23,0.38210225325431013,0.2222222222222222,2
hybrid_svm,hard,pedagogy,24,0.9182958340544897,0.5555555555555556,4
hybrid_svm,hard,pedagogy,25,0.4955380299191111,0.4444444444444444,2
hybrid_svm,hard,pedagogy,26,0.25162916738782287,0.11111111111111116,2
hybrid_svm,hard,pedagogy,27,0.38210225325431013,0.2222222222222222,2
hybrid_svm,hard,pedagogy,28,0.792481250360578,0.6666666666666667,3
hybrid_svm,hard,pedagogy,29,0.8763576394898526,0.5555555555555556,4
hybrid_svm,hard,pedagogy,30,0.4932133643654213,0.2222222222222222,3
hybrid_svm,hard,pedagogy,31,0.9182958340544897,0.5555555555555556,4
hybrid_svm,hard,pedagogy,32,0.7652465283787413,0.5555555555555556,3
hybrid_svm,hard,pedagogy,33,0.4591479170272447,0.33333333333333337,2
hybrid_svm,hard,pedagogy,34,0.6121972227029931,0.33333333333333337,3
hybrid_svm,hard,pedagogy,35,0.25162916738782287,0.11111111111111116,2
hybrid_svm,hard,pedagogy,36,0.6121972227029931,0.33333333333333337,3
hybrid_svm,hard,pedagogy,37,0.6758220575766962,0.4444444444444444,3
hybrid_svm,hard,pedagogy,38,0.38210225325431013,0.2222222222222222,2
hybrid_svm,hard,pedagogy,39,0.6121972227029931,0.33333333333333337,3
hybrid_svm,hard,pedagogy,40,0.38210225325431013,0.2222222222222222,2
hybrid_svm,hard,pedagogy,41,0.7652465283787413,0.5555555555555556,3
hybrid_svm,hard,pedagogy,42,0.9455305560363264,0.6666666666666667,4
hybrid_svm,hard,pedagogy,43,0.4955380299191111,0.4444444444444444,2
hybrid_svm,hard,pedagogy,44,0.7652465283787413,0.5555555555555556,3
hybrid_svm,hard,pedagogy,45,-0.0,0.0,1
hybrid_svm,hard,pedagogy,46,0.6121972227029931,0.33333333333333337,3
hybrid_svm,hard,pedagogy,47,0.6121972227029931,0.33333333333333337,3
hybrid_svm,hard,pedagogy,48,0.7177602521413333,0.4444444444444444,3
hybrid_svm,hard,pedagogy,49,0.4932133643654213,0.2222222222222222,3
hybrid_svm,hard,pedagogy,50,0.6758220575766962,0.4444444444444444,3
hybrid_svm,hard,pedagogy,51,0.8763576394898526,0.5555555555555556,4
hybrid_svm,hard,pedagogy,52,0.4955380299191111,0.4444444444444444,2
hybrid_svm,hard,pedagogy,53,0.7652465283787413,0.5555555555555556,3
hybrid_svm,hard,pedagogy,54,0.4591479170272447,0.33333333333333337,2
hybrid_svm,hard,pedagogy,55,0.25162916738782287,0.11111111111111116,2
hybrid_svm,hard,pedagogy,56,0.38210225325431013,0.2222222222222222,2
hybrid_svm,hard,pedagogy,57,-0.0,0.0,1
hybrid_svm,hard,pedagogy,58,0.4955380299191111,0.4444444444444444,2
hybrid_svm,hard,pedagogy,59,0.7652465283787413,0.5555555555555556,3
hybrid_svm,hard,pedagogy,60,0.4591479170272447,0.33333333333333337,2
hybrid_svm,hard,pedagogy,61,0.4955380299191111,0.4444444444444444,2
hybrid_svm,hard,pedagogy,62,0.38210225325431013,0.2222222222222222,2
hybrid_svm,hard,pedagogy,63,-0.0,0.0,1
hybrid_svm,hard,pedagogy,64,0.38210225325431013,0.2222222222222222,2
hybrid_svm,hard,pedagogy,65,0.4932133643654213,0.2222222222222222,3
hybrid_svm,hard,pedagogy,66,0.4955380299191111,0.4444444444444444,2
hybrid_svm,hard,pedagogy,67,0.4591479170272447,0.33333333333333337,2
hybrid_svm,hard,pedagogy,68,0.7177602521413333,0.4444444444444444,3
hybrid_svm,hard,pedagogy,69,0.4591479170272447,0.33333333333333337,2
hybrid_svm,hard,pedagogy,70,0.38210225325431013,0.2222222222222222,2
hybrid_svm,hard,pedagogy,71,0.4591479170272447,0.33333333333333337,2
hybrid_svm,hard,pedagogy,72,0.4955380299191111,0.4444444444444444,2
hybrid_svm,hard,pedagogy,73,0.6121972227029931,0.33333333333333337,3
hybrid_svm,hard,pedagogy,74,0.7177602521413333,0.4444444444444444,3
hybrid_svm,hard,pedagogy,75,0.4591479170272447,0.33333333333333337,2
hybrid_svm,hard,pedagogy,76,0.6960736118322673,0.5555555555555556,3
hybrid_svm,hard,pedagogy,77,0.4591479170272447,0.33333333333333337,2
hybrid_svm,hard,pedagogy,78,0.8763576394898526,0.5555555555555556,4
hybrid_svm,hard,pedagogy,79,0.7652465283787413,0.5555555555555556,3
hybrid_svm,hard,pedagogy,80,0.25162916738782287,0.11111111111111116,2
hybrid_svm,hard,pedagogy,81,0.7652465283787413,0.5555555555555556,3
hybrid_svm,hard,pedagogy,82,-0.0,0.0,1
hybrid_svm,hard,pedagogy,83,0.4591479170272447,0.33333333333333337,2
hybrid_svm,hard,pedagogy,84,0.7177602521413333,0.4444444444444444,3
hybrid_svm,hard,pedagogy,85,0.4932133643654213,0.2222222222222222,3
hybrid_svm,hard,pedagogy,86,0.4955380299191111,0.4444444444444444,2
hybrid_svm,hard,pedagogy,87,0.4591479170272447,0.33333333333333337,2
hybrid_svm,hard,pedagogy,88,0.25162916738782287,0.11111111111111116,2
hybrid_svm,hard,pedagogy,89,0.4955380299191111,0.4444444444444444,2
hybrid_svm,hard,pedagogy,90,0.25162916738782287,0.11111111111111116,2
hybrid_svm,hard,pedagogy,91,0.38210225325431013,0.2222222222222222,2
hybrid_svm,hard,pedagogy,92,0.6758220575766962,0.4444444444444444,3
hybrid_svm,hard,pedagogy,93,0.4955380299191111,0.4444444444444444,2
hybrid_svm,hard,pedagogy,94,0.7177602521413333,0.4444444444444444,3
hybrid_svm,hard,pedagogy,95,0.38210225325431013,0.2222222222222222,2
hybrid_svm,hard,pedagogy,96,0.8288713632524446,0.4444444444444444,4
hybrid_svm,hard,pedagogy,97,0.9182958340544897,0.5555555555555556,4
hybrid_svm,hard,pedagogy,98,0.25162916738782287,0.11111111111111116,2
hybrid_svm,hard,pedagogy,99,0.6121972227029931,0.33333333333333337,3
hybrid_svm,hard,pedagogy,100,0.4932133643654213,0.2222222222222222,3
hybrid_svm,hard,pedagogy,101,0.4591479170272447,0.33333333333333337,2
hybrid_svm,hard,pedagogy,102,0.4932133643654213,0.2222222222222222,3
hybrid_svm,hard,pedagogy,103,0.6960736118322673,0.5555555555555556,3
hybrid_svm,hard,pedagogy,104,0.6121972227029931,0.33333333333333337,3
hybrid_svm,hard,pedagogy,105,0.6758220575766962,0.4444444444444444,3
hybrid_svm,hard,pedagogy,106,0.6758220575766962,0.4444444444444444,3
hybrid_svm,hard,pedagogy,107,0.6121972227029931,0.33333333333333337,3
hybrid_svm,hard,pedagogy,108,0.38210225325431013,0.2222222222222222,2
hybrid_svm,hard,pedagogy,109,0.6758220575766962,0.4444444444444444,3
hybrid_svm,hard,pedagogy,110,0.4591479170272447,0.33333333333333337,2
hybrid_svm,hard,pedagogy,111,0.6758220575766962,0.4444444444444444,3
hybrid_svm,hard,pedagogy,112,0.25162916738782287,0.11111111111111116,2
hybrid_svm,hard,pedagogy,113,0.25162916738782287,0.11111111111111116,2
hybrid_svm,hard,pedagogy,114,0.25162916738782287,0.11111111111111116,2
hybrid_svm,hard,pedagogy,115,0.6960736118322673,0.5555555555555556,3
hybrid_svm,hard,pedagogy,116,0.6121972227029931,0.33333333333333337,3
hybrid_svm,hard,pedagogy,117,0.4591479170272447,0.33333333333333337,2
hybrid_svm,hard,pedagogy,118,0.4955380299191111,0.4444444444444444,2
hybrid_svm,hard,pedagogy,119,0.9455305560363264,0.6666666666666667,4
hybrid_svm,hard,pedagogy,120,0.8288713632524446,0.4444444444444444,4
hybrid_svm,hard,pedagogy,121,0.38210225325431013,0.2222222222222222,2
hybrid_svm,hard,pedagogy,122,0.4955380299191111,0.4444444444444444,2
hybrid_svm,hard,pedagogy,123,0.8288713632524446,0.4444444444444444,4
hybrid_svm,hard,pedagogy,124,0.8763576394898526,0.5555555555555556,4
hybrid_svm,hard,pedagogy,125,0.6121972227029931,0.33333333333333337,3
hybrid_svm,hard,pedagogy,126,0.4955380299191111,0.4444444444444444,2
hybrid_svm,hard,pedagogy,127,0.4591479170272447,0.33333333333333337,2
hybrid_svm,hard,pedagogy,128,0.4591479170272447,0.33333333333333337,2
hybrid_svm,hard,pedagogy,129,0.4591479170272447,0.33333333333333337,2
hybrid_svm,hard,pedagogy,130,0.4955380299191111,0.4444444444444444,2
hybrid_svm,hard,pedagogy,131,0.38210225325431013,0.2222222222222222,2
hybrid_svm,hard,pedagogy,132,0.4932133643654213,0.2222222222222222,3
hybrid_svm,hard,pedagogy,133,0.9455305560363264,0.6666666666666667,4
hybrid_svm,hard,pedagogy,134,0.6758220575766962,0.4444444444444444,3
hybrid_svm,hard,pedagogy,135,0.6758220575766962,0.4444444444444444,3
hybrid_svm,hard,pedagogy,136,0.7652465283787413,0.5555555555555556,3
hybrid_svm,hard,pedagogy,137,0.38210225325431013,0.2222222222222222,2
hybrid_svm,hard,pedagogy,138,-0.0,0.0,1
hybrid_svm,hard,pedagogy,139,0.38210225325431013,0.2222222222222222,2
hybrid_svm,hard,pedagogy,140,0.8763576394898526,0.5555555555555556,4
hybrid_svm,hard,pedagogy,141,-0.0,0.0,1
hybrid_svm,hard,pedagogy,142,0.38210225325431013,0.2222222222222222,2
hybrid_svm,hard,pedagogy,143,0.4955380299191111,0.4444444444444444,2
hybrid_svm,hard,pedagogy,144,0.7177602521413333,0.4444444444444444,3
hybrid_svm,hard,pedagogy,145,0.4932133643654213,0.2222222222222222,3
hybrid_svm,hard,pedagogy,146,0.4955380299191111,0.4444444444444444,2
hybrid_svm,hard,pedagogy,147,0.4955380299191111,0.4444444444444444,2
hybrid_svm,hard,pedagogy,148,0.6758220575766962,0.4444444444444444,3
hybrid_svm,hard,pedagogy,149,0.8288713632524446,0.4444444444444444,4
hybrid_svm,hard,pedagogy,150,0.25162916738782287,0.11111111111111116,2
hybrid_svm,hard,pedagogy,151,0.6121972227029931,0.33333333333333337,3
hybrid_svm,hard,pedagogy,152,0.4932133643654213,0.2222222222222222,3
hybrid_svm,hard,pedagogy,153,0.6121972227029931,0.33333333333333337,3
hybrid_svm,hard,pedagogy,154,0.8288713632524446,0.4444444444444444,4
hybrid_svm,hard,pedagogy,155,0.6960736118322673,0.5555555555555556,3
hybrid_svm,hard,pedagogy,156,0.6758220575766962,0.4444444444444444,3
hybrid_svm,hard,pedagogy,157,0.6758220575766962,0.4444444444444444,3
hybrid_svm,hard,pedagogy,158,0.7652465283787413,0.5555555555555556,3
hybrid_svm,hard,pedagogy,159,0.38210225325431013,0.2222222222222222,2
hybrid_svm,hard,pedagogy,160,0.9455305560363264,0.6666666666666667,4
hybrid_svm,hard,pedagogy,161,0.25162916738782287,0.11111111111111116,2
hybrid_svm,hard,pedagogy,162,0.38210225325431013,0.2222222222222222,2
hybrid_svm,hard,pedagogy,163,0.6960736118322673,0.5555555555555556,3
hybrid_svm,hard,pedagogy,164,0.6121972227029931,0.33333333333333337,3
hybrid_svm,hard,pedagogy,165,0.9182958340544897,0.5555555555555556,4
hybrid_svm,hard,pedagogy,166,0.4932133643654213,0.2222222222222222,3
hybrid_svm,hard,pedagogy,167,0.6960736118322673,0.5555555555555556,3
hybrid_svm,hard,pedagogy,168,0.4955380299191111,0.4444444444444444,2
hybrid_svm,hard,pedagogy,169,0.6121972227029931,0.33333333333333337,3
hybrid_svm,hard,pedagogy,170,0.6121972227029931,0.33333333333333337,3
hybrid_svm,hard,pedagogy,171,0.25162916738782287,0.11111111111111116,2
hybrid_svm,hard,pedagogy,172,0.4591479170272447,0.33333333333333337,2
hybrid_svm,hard,pedagogy,173,0.8763576394898526,0.5555555555555556,4
hybrid_svm,hard,pedagogy,174,0.4955380299191111,0.4444444444444444,2
hybrid_svm,hard,pedagogy,175,0.25162916738782287,0.11111111111111116,2
hybrid_svm,hard,pedagogy,176,0.4955380299191111,0.4444444444444444,2
hybrid_svm,hard,pedagogy,177,0.792481250360578,0.6666666666666667,3
hybrid_svm,hard,pedagogy,178,0.4932133643654213,0.2222222222222222,3
hybrid_svm,hard,pedagogy,179,0.38210225325431013,0.2222222222222222,2
hybrid_svm,hard,pedagogy,180,0.25162916738782287,0.11111111111111116,2
hybrid_svm,hard,pedagogy,181,0.38210225325431013,0.2222222222222222,2
hybrid_svm,hard,pedagogy,182,0.4932133643654213,0.2222222222222222,3
hybrid_svm,hard,pedagogy,183,0.25162916738782287,0.11111111111111116,2
hybrid_svm,hard,pedagogy,184,0.38210225325431013,0.2222222222222222,2
hybrid_svm,hard,pedagogy,185,0.25162916738782287,0.11111111111111116,2
hybrid_svm,hard,pedagogy,186,0.4955380299191111,0.4444444444444444,2
hybrid_svm,hard,pedagogy,187,0.25162916738782287,0.11111111111111116,2
hybrid_svm,hard,pedagogy,188,0.4591479170272447,0.33333333333333337,2
hybrid_svm,hard,pedagogy,189,0.7652465283787413,0.5555555555555556,3
hybrid_svm,hard,pedagogy,190,0.6121972227029931,0.33333333333333337,3
hybrid_svm,hard,pedagogy,191,0.4591479170272447,0.33333333333333337,2
hybrid_svm,hard,pedagogy,192,0.7652465283787413,0.5555555555555556,3
hybrid_svm,hard,pedagogy,193,0.38210225325431013,0.2222222222222222,2
hybrid_svm,hard,pedagogy,194,0.38210225325431013,0.2222222222222222,2
hybrid_svm,hard,pedagogy,195,0.6121972227029931,0.33333333333333337,3
hybrid_svm,hard,pedagogy,196,0.38210225325431013,0.2222222222222222,2
hybrid_svm,hard,pedagogy,197,-0.0,0.0,1
hybrid_svm,hard,pedagogy,198,0.4955380299191111,0.4444444444444444,2
hybrid_svm,hard,pedagogy,199,0.4932133643654213,0.2222222222222222,3
hybrid_svm,hard,pedagogy,200,0.4591479170272447,0.33333333333333337,2
hybrid_svm,hard,pedagogy,201,0.6960736118322673,0.5555555555555556,3
hybrid_svm,hard,pedagogy,202,0.792481250360578,0.6666666666666667,3
hybrid_svm,hard,pedagogy,203,-0.0,0.0,1
hybrid_svm,hard,pedagogy,204,0.8288713632524446,0.4444444444444444,4
hybrid_svm,hard,pedagogy,205,0.6121972227029931,0.33333333333333337,3
hybrid_svm,hard,pedagogy,206,0.6758220575766962,0.4444444444444444,3
hybrid_svm,hard,pedagogy,207,0.38210225325431013,0.2222222222222222,2
hybrid_svm,hard,pedagogy,208,0.4955380299191111,0.4444444444444444,2
hybrid_svm,hard,pedagogy,209,0.25162916738782287,0.11111111111111116,2
hybrid_svm,hard,pedagogy,210,0.38210225325431013,0.2222222222222222,2
hybrid_svm,hard,pedagogy,211,0.6758220575766962,0.4444444444444444,3
hybrid_svm,hard,pedagogy,212,0.4591479170272447,0.33333333333333337,2
hybrid_svm,hard,pedagogy,213,0.6758220575766962,0.4444444444444444,3
hybrid_svm,hard,pedagogy,214,0.6960736118322673,0.5555555555555556,3
hybrid_svm,hard,pedagogy,215,0.9182958340544897,0.5555555555555556,4
hybrid_svm,hard,pedagogy,216,0.38210225325431013,0.2222222222222222,2
hybrid_svm,hard,pedagogy,217,0.9455305560363264,0.6666666666666667,4
hybrid_svm,hard,pedagogy,218,0.4591479170272447,0.33333333333333337,2
hybrid_svm,hard,pedagogy,219,0.38210225325431013,0.2222222222222222,2
hybrid_svm,hard,pedagogy,220,0.4932133643654213,0.2222222222222222,3
hybrid_svm,hard,pedagogy,221,0.6758220575766962,0.4444444444444444,3
hybrid_svm,hard,pedagogy,222,0.792481250360578,0.6666666666666667,3
hybrid_svm,hard,pedagogy,223,0.4932133643654213,0.2222222222222222,3
hybrid_svm,hard,pedagogy,224,0.25162916738782287,0.11111111111111116,2
hybrid_svm,hard,pedagogy,225,0.6121972227029931,0.33333333333333337,3
hybrid_svm,hard,pedagogy,226,0.9182958340544897,0.5555555555555556,4
hybrid_svm,hard,pedagogy,227,0.4932133643654213,0.2222222222222222,3
hybrid_svm,hard,pedagogy,228,0.7177602521413333,0.4444444444444444,3
hybrid_svm,hard,pedagogy,229,0.6758220575766962,0.4444444444444444,3
hybrid_svm,hard,pedagogy,230,0.7652465283787413,0.5555555555555556,3
hybrid_svm,hard,pedagogy,231,0.792481250360578,0.6666666666666667,3
hybrid_svm,hard,pedagogy,232,0.7652465283787413,0.5555555555555556,3
hybrid_svm,hard,pedagogy,233,0.6121972227029931,0.33333333333333337,3
hybrid_svm,hard,pedagogy,234,0.4955380299191111,0.4444444444444444,2
hybrid_svm,hard,pedagogy,235,0.4932133643654213,0.2222222222222222,3
hybrid_svm,hard,pedagogy,236,0.6121972227029931,0.33333333333333337,3
hybrid_svm,hard,pedagogy,237,0.38210225325431013,0.2222222222222222,2
hybrid_svm,hard,pedagogy,238,0.4955380299191111,0.4444444444444444,2
hybrid_svm,hard,pedagogy,239,0.4591479170272447,0.33333333333333337,2
hybrid_svm,hard,pedagogy,240,0.6758220575766962,0.4444444444444444,3
hybrid_svm,hard,pedagogy,241,0.6121972227029931,0.33333333333333337,3
hybrid_svm,hard,pedagogy,242,0.9455305560363264,0.6666666666666667,4
hybrid_svm,hard,pedagogy,243,0.38210225325431013,0.2222222222222222,2
hybrid_svm,hard,pedagogy,244,0.38210225325431013,0.2222222222222222,2
hybrid_svm,hard,pedagogy,245,0.6758220575766962,0.4444444444444444,3
hybrid_svm,hard,pedagogy,246,0.6758220575766962,0.4444444444444444,3
hybrid_svm,hard,pedagogy,247,0.4932133643654213,0.2222222222222222,3
hybrid_svm,hard,pedagogy,248,0.4591479170272447,0.33333333333333337,2
hybrid_svm,hard,pedagogy,249,0.38210225325431013,0.2222222222222222,2
hybrid_svm,hard,pedagogy,250,0.7652465283787413,0.5555555555555556,3
hybrid_svm,hard,pedagogy,251,0.4591479170272447,0.33333333333333337,2
hybrid_svm,hard,pedagogy,252,0.8763576394898526,0.5555555555555556,4
hybrid_svm,hard,pedagogy,253,0.6960736118322673,0.5555555555555556,3
hybrid_svm,hard,pedagogy,254,0.4932133643654213,0.2222222222222222,3
hybrid_svm,hard,pedagogy,255,0.6121972227029931,0.33333333333333337,3
hybrid_svm,hard,pedagogy,256,0.7233083338141042,0.33333333333333337,4
hybrid_svm,hard,pedagogy,257,0.38210225325431013,0.2222222222222222,2
hybrid_svm,hard,pedagogy,258,0.25162916738782287,0.11111111111111116,2
hybrid_svm,hard,pedagogy,259,0.4591479170272447,0.33333333333333337,2
hybrid_svm,hard,pedagogy,260,0.6758220575766962,0.4444444444444444,3
hybrid_svm,hard,pedagogy,261,0.8763576394898526,0.5555555555555556,4
hybrid_svm,hard,pedagogy,262,0.25162916738782287,0.11111111111111116,2
hybrid_svm,hard,pedagogy,263,0.38210225325431013,0.2222222222222222,2
hybrid_svm,hard,pedagogy,264,0.6121972227029931,0.33333333333333337,3
hybrid_svm,hard,pedagogy,284,0.8763576394898526,0.5555555555555556,4
hybrid_svm,standard,generic,0,0.6758220575766962,0.4444444444444444,3
hybrid_svm,standard,generic,1,0.6758220575766962,0.4444444444444444,3
hybrid_svm,standard,generic,2,0.4932133643654213,0.2222222222222222,3
hybrid_svm,standard,generic,3,0.6121972227029931,0.33333333333333337,3
hybrid_svm,standard,generic,4,0.7177602521413333,0.4444444444444444,3
hybrid_svm,standard,generic,5,-0.0,0.0,1
hybrid_svm,standard,generic,6,0.7233083338141042,0.33333333333333337,4
hybrid_svm,standard,generic,7,0.7652465283787413,0.5555555555555556,3
hybrid_svm,standard,generic,8,0.38210225325431013,0.2222222222222222,2
hybrid_svm,standard,generic,9,0.4955380299191111,0.4444444444444444,2
hybrid_svm,standard,generic,10,0.9182958340544897,0.5555555555555556,4
hybrid_svm,standard,generic,11,0.8288713632524446,0.4444444444444444,4
hybrid_svm,standard,generic,12,0.7233083338141042,0.33333333333333337,4
hybrid_svm,standard,generic,13,0.792481250360578,0.6666666666666667,3
hybrid_svm,standard,generic,14,0.6121972227029931,0.33333333333333337,3
hybrid_svm,standard,generic,15,0.4591479170272447,0.33333333333333337,2
hybrid_svm,standard,generic,16,0.25162916738782287,0.11111111111111116,2
hybrid_svm,standard,generic,17,0.7652465283787413,0.5555555555555556,3
hybrid_svm,standard,generic,18,0.4955380299191111,0.4444444444444444,2
hybrid_svm,standard,generic,19,0.25162916738782287,0.11111111111111116,2
hybrid_svm,standard,generic,20,0.7652465283787413,0.5555555555555556,3
hybrid_svm,standard,generic,21,-0.0,0.0,1
hybrid_svm,standard,generic,22,0.9182958340544897,0.5555555555555556,4
hybrid_svm,standard,generic,23,0.7177602521413333,0.4444444444444444,3
hybrid_svm,standard,generic,24,0.38210225325431013,0.2222222222222222,2
hybrid_svm,standard,generic,25,0.7652465283787413,0.5555555555555556,3
hybrid_svm,standard,generic,26,0.4932133643654213,0.2222222222222222,3
hybrid_svm,standard,generic,27,0.6121972227029931,0.33333333333333337,3
hybrid_svm,standard,generic,28,0.8763576394898526,0.5555555555555556,4
hybrid_svm,standard,generic,29,-0.0,0.0,1
hybrid_svm,standard,generic,30,0.7652465283787413,0.5555555555555556,3
hybrid_svm,standard,generic,31,0.8288713632524446,0.4444444444444444,4
hybrid_svm,standard,generic,32,0.7652465283787413,0.5555555555555556,3
hybrid_svm,standard,generic,33,0.7652465283787413,0.5555555555555556,3
hybrid_svm,standard,generic,34,0.6121972227029931,0.33333333333333337,3
hybrid_svm,standard,generic,35,0.7652465283787413,0.5555555555555556,3
hybrid_svm,standard,generic,36,0.4955380299191111,0.4444444444444444,2
hybrid_svm,standard,generic,37,-0.0,0.0,1
hybrid_svm,standard,generic,38,0.4955380299191111,0.4444444444444444,2
hybrid_svm,standard,generic,39,0.4932133643654213,0.2222222222222222,3
hybrid_svm,standard,generic,40,-0.0,0.0,1
hybrid_svm,standard,generic,41,-0.0,0.0,1
hybrid_svm,standard,generic,42,0.4955380299191111,0.4444444444444444,2
hybrid_svm,standard,generic,43,-0.0,0.0,1
hybrid_svm,standard,generic,44,-0.0,0.0,1
hybrid_svm,standard,generic,45,0.7652465283787413,0.5555555555555556,3
hybrid_svm,standard,generic,46,0.38210225325431013,0.2222222222222222,2
hybrid_svm,standard,generic,47,0.6758220575766962,0.4444444444444444,3
hybrid_svm,standard,generic,48,0.38210225325431013,0.2222222222222222,2
hybrid_svm,standard,generic,49,0.6758220575766962,0.4444444444444444,3
hybrid_svm,standard,generic,50,0.9455305560363264,0.6666666666666667,4
hybrid_svm,standard,generic,51,0.25162916738782287,0.11111111111111116,2
hybrid_svm,standard,generic,52,0.25162916738782287,0.11111111111111116,2
hybrid_svm,standard,generic,53,0.4932133643654213,0.2222222222222222,3
hybrid_svm,standard,generic,54,0.6960736118322673,0.5555555555555556,3
hybrid_svm,standard,generic,55,0.38210225325431013,0.2222222222222222,2
hybrid_svm,standard,generic,56,0.9182958340544897,0.5555555555555556,4
hybrid_svm,standard,generic,57,0.25162916738782287,0.11111111111111116,2
hybrid_svm,standard,generic,58,0.8763576394898526,0.5555555555555556,4
hybrid_svm,standard,generic,59,0.6758220575766962,0.4444444444444444,3
hybrid_svm,standard,generic,60,0.4955380299191111,0.4444444444444444,2
hybrid_svm,standard,generic,61,0.8288713632524446,0.4444444444444444,4
hybrid_svm,standard,generic,62,0.6758220575766962,0.4444444444444444,3
hybrid_svm,standard,generic,63,-0.0,0.0,1
hybrid_svm,standard,generic,64,0.9182958340544897,0.5555555555555556,4
hybrid_svm,standard,generic,65,0.7233083338141042,0.33333333333333337,4
hybrid_svm,standard,generic,66,0.4955380299191111,0.4444444444444444,2
hybrid_svm,standard,generic,67,0.9455305560363264,0.6666666666666667,4
hybrid_svm,standard,generic,68,0.4591479170272447,0.33333333333333337,2
hybrid_svm,standard,generic,69,0.7177602521413333,0.4444444444444444,3
hybrid_svm,standard,generic,70,-0.0,0.0,1
hybrid_svm,standard,generic,71,0.6121972227029931,0.33333333333333337,3
hybrid_svm,standard,generic,72,0.38210225325431013,0.2222222222222222,2
hybrid_svm,standard,generic,73,0.6121972227029931,0.33333333333333337,3
hybrid_svm,standard,generic,74,0.4932133643654213,0.2222222222222222,3
hybrid_svm,standard,generic,75,0.9182958340544897,0.5555555555555556,4
hybrid_svm,standard,generic,76,0.4591479170272447,0.33333333333333337,2
hybrid_svm,standard,generic,77,0.7233083338141042,0.33333333333333337,4
hybrid_svm,standard,generic,78,0.7652465283787413,0.5555555555555556,3
hybrid_svm,standard,generic,79,0.4591479170272447,0.33333333333333337,2
hybrid_svm,standard,generic,80,0.8763576394898526,0.5555555555555556,4
hybrid_svm,standard,generic,81,-0.0,0.0,1
hybrid_svm,standard,generic,82,0.4932133643654213,0.2222222222222222,3
hybrid_svm,standard,generic,83,0.7652465283787413,0.5555555555555556,3
hybrid_svm,standard,generic,84,0.6121972227029931,0.33333333333333337,3
hybrid_svm,standard,generic,85,0.38210225325431013,0.2222222222222222,2
hybrid_svm,standard,generic,86,0.7652465283787413,0.5555555555555556,3
hybrid_svm,standard,generic,87,0.6121972227029931,0.33333333333333337,3
hybrid_svm,standard,generic,88,0.6960736118322673,0.5555555555555556,3
hybrid_svm,standard,generic,89,0.6121972227029931,0.33333333333333337,3
hybrid_svm,standard,generic,90,0.25162916738782287,0.11111111111111116,2
hybrid_svm,standard,generic,91,0.38210225325431013,0.2222222222222222,2
hybrid_svm,standard,generic,92,0.4591479170272447,0.33333333333333337,2
hybrid_svm,standard,generic,93,0.9182958340544897,0.5555555555555556,4
hybrid_svm,standard,generic,94,0.25162916738782287,0.11111111111111116,2
hybrid_svm,standard,generic,95,0.25162916738782287,0.11111111111111116,2
hybrid_svm,standard,generic,96,0.4932133643654213,0.2222222222222222,3
hybrid_svm,standard,generic,97,0.4955380299191111,0.4444444444444444,2
hybrid_svm,standard,generic,98,0.38210225325431013,0.2222222222222222,2
hybrid_svm,standard,generic,99,0.8763576394898526,0.5555555555555556,4
hybrid_svm,standard,generic,100,0.6121972227029931,0.33333333333333337,3
hybrid_svm,standard,generic,101,0.4955380299191111,0.4444444444444444,2
hybrid_svm,standard,generic,102,0.6121972227029931,0.33333333333333337,3
hybrid_svm,standard,generic,103,0.4955380299191111,0.4444444444444444,2
hybrid_svm,standard,generic,104,0.6758220575766962,0.4444444444444444,3
hybrid_svm,standard,generic,105,0.8763576394898526,0.5555555555555556,4
hybrid_svm,standard,generic,106,0.38210225325431013,0.2222222222222222,2
hybrid_svm,standard,generic,107,0.7177602521413333,0.4444444444444444,3
hybrid_svm,standard,generic,108,0.7233083338141042,0.33333333333333337,4
hybrid_svm,standard,generic,109,0.9455305560363264,0.6666666666666667,4
hybrid_svm,standard,generic,110,0.4955380299191111,0.4444444444444444,2
hybrid_svm,standard,generic,111,0.8288713632524446,0.4444444444444444,4
hybrid_svm,standard,generic,112,0.6758220575766962,0.4444444444444444,3
hybrid_svm,standard,generic,113,0.7233083338141042,0.33333333333333337,4
hybrid_svm,standard,generic,114,0.7177602521413333,0.4444444444444444,3
hybrid_svm,standard,generic,115,0.6121972227029931,0.33333333333333337,3
hybrid_svm,standard,generic,116,0.4955380299191111,0.4444444444444444,2
hybrid_svm,standard,generic,117,0.8288713632524446,0.4444444444444444,4
hybrid_svm,standard,generic,118,0.4591479170272447,0.33333333333333337,2
hybrid_svm,standard,generic,119,0.38210225325431013,0.2222222222222222,2
hybrid_svm,standard,generic,120,-0.0,0.0,1
hybrid_svm,standard,generic,121,0.4955380299191111,0.4444444444444444,2
hybrid_svm,standard,generic,122,0.6758220575766962,0.4444444444444444,3
hybrid_svm,standard,generic,123,0.7652465283787413,0.5555555555555556,3
hybrid_svm,standard,generic,124,0.38210225325431013,0.2222222222222222,2
hybrid_svm,standard,generic,125,0.7177602521413333,0.4444444444444444,3
hybrid_svm,standard,generic,126,0.6758220575766962,0.4444444444444444,3
hybrid_svm,standard,generic,127,0.4591479170272447,0.33333333333333337,2
hybrid_svm,standard,generic,128,0.7652465283787413,0.5555555555555556,3
hybrid_svm,standard,generic,129,0.6121972227029931,0.33333333333333337,3
hybrid_svm,standard,generic,130,0.25162916738782287,0.11111111111111116,2
hybrid_svm,standard,generic,131,0.6121972227029931,0.33333333333333337,3
hybrid_svm,standard,generic,132,0.6758220575766962,0.4444444444444444,3
hybrid_svm,standard,generic,133,0.4932133643654213,0.2222222222222222,3
hybrid_svm,standard,generic,134,0.4932133643654213,0.2222222222222222,3
hybrid_svm,standard,generic,135,0.7652465283787413,0.5555555555555556,3
hybrid_svm,standard,generic,136,0.6121972227029931,0.33333333333333337,3
hybrid_svm,standard,generic,137,0.9182958340544897,0.5555555555555556,4
hybrid_svm,standard,generic,138,0.4932133643654213,0.2222222222222222,3
hybrid_svm,standard,generic,139,0.7652465283787413,0.5555555555555556,3
hybrid_svm,standard,generic,140,0.4932133643654213,0.2222222222222222,3
hybrid_svm,standard,generic,141,0.38210225325431013,0.2222222222222222,2
hybrid_svm,standard,generic,142,0.6121972227029931,0.33333333333333337,3
hybrid_svm,standard,generic,143,0.25162916738782287,0.11111111111111116,2
hybrid_svm,standard,generic,144,-0.0,0.0,1
hybrid_svm,standard,generic,145,-0.0,0.0,1
hybrid_svm,standard,generic,146,0.6758220575766962,0.4444444444444444,3
hybrid_svm,standard,generic,147,0.38210225325431013,0.2222222222222222,2
hybrid_svm,standard,generic,148,0.4955380299191111,0.4444444444444444,2
hybrid_svm,standard,generic,149,0.7233083338141042,0.33333333333333337,4
hybrid_svm,standard,generic,150,0.25162916738782287,0.11111111111111116,2
hybrid_svm,standard,generic,151,0.38210225325431013,0.2222222222222222,2
hybrid_svm,standard,generic,152,0.9874687506009635,0.6666666666666667,4
hybrid_svm,standard,generic,153,0.38210225325431013,0.2222222222222222,2
hybrid_svm,standard,generic,154,0.8763576394898526,0.5555555555555556,4
hybrid_svm,standard,generic,155,0.7177602521413333,0.4444444444444444,3
hybrid_svm,standard,generic,156,0.6121972227029931,0.33333333333333337,3
hybrid_svm,standard,generic,157,0.6121972227029931,0.33333333333333337,3
hybrid_svm,standard,generic,158,0.6758220575766962,0.4444444444444444,3
hybrid_svm,standard,generic,159,0.6758220575766962,0.4444444444444444,3
hybrid_svm,standard,generic,160,0.6960736118322673,0.5555555555555556,3
hybrid_svm,standard,generic,161,0.4932133643654213,0.2222222222222222,3
hybrid_svm,standard,generic,162,0.25162916738782287,0.11111111111111116,2
hybrid_svm,standard,generic,163,0.38210225325431013,0.2222222222222222,2
hybrid_svm,standard,generic,164,-0.0,0.0,1
hybrid_svm,standard,generic,165,0.7652465283787413,0.5555555555555556,3
hybrid_svm,standard,generic,166,-0.0,0.0,1
hybrid_svm,standard,generic,167,0.4955380299191111,0.4444444444444444,2
hybrid_svm,standard,generic,168,0.4955380299191111,0.4444444444444444,2
hybrid_svm,standard,generic,169,0.4591479170272447,0.33333333333333337,2
hybrid_svm,standard,generic,170,0.38210225325431013,0.2222222222222222,2
hybrid_svm,standard,generic,171,0.25162916738782287,0.11111111111111116,2
hybrid_svm,standard,generic,172,0.4955380299191111,0.4444444444444444,2
hybrid_svm,standard,generic,173,0.25162916738782287,0.11111111111111116,2
hybrid_svm,standard,generic,174,0.38210225325431013,0.2222222222222222,2
hybrid_svm,standard,generic,175,0.7652465283787413,0.5555555555555556,3
hybrid_svm,standard,generic,176,0.25162916738782287,0.11111111111111116,2
hybrid_svm,standard,generic,177,0.7177602521413333,0.4444444444444444,3
hybrid_svm,standard,generic,178,0.4932133643654213,0.2222222222222222,3
hybrid_svm,standard,generic,179,0.4955380299191111,0.4444444444444444,2
hybrid_svm,standard,generic,180,0.4955380299191111,0.4444444444444444,2
hybrid_svm,standard,generic,181,0.8763576394898526,0.5555555555555556,4
hybrid_svm,standard,generic,182,0.38210225325431013,0.2222222222222222,2
hybrid_svm,standard,generic,183,0.25162916738782287,0.11111111111111116,2
hybrid_svm,standard,generic,184,0.25162916738782287,0.11111111111111116,2
hybrid_svm,standard,generic,185,0.38210225325431013,0.2222222222222222,2
hybrid_svm,standard,generic,186,0.9455305560363264,0.6666666666666667,4
hybrid_svm,standard,generic,187,0.4955380299191111,0.4444444444444444,2
hybrid_svm,standard,generic,188,0.9182958340544897,0.5555555555555556,4
hybrid_svm,standard,generic,189,0.7652465283787413,0.5555555555555556,3
hybrid_svm,standard,generic,190,0.792481250360578,0.6666666666666667,3
hybrid_svm,standard,generic,191,0.6121972227029931,0.33333333333333337,3
hybrid_svm,standard,generic,192,0.7177602521413333,0.4444444444444444,3
hybrid_svm,standard,generic,193,0.38210225325431013,0.2222222222222222,2
hybrid_svm,standard,generic,194,0.6758220575766962,0.4444444444444444,3
hybrid_svm,standard,generic,195,0.7652465283787413,0.5555555555555556,3
hybrid_svm,standard,generic,196,0.8763576394898526,0.5555555555555556,4
hybrid_svm,standard,generic,197,0.6960736118322673,0.5555555555555556,3
hybrid_svm,standard,generic,198,0.9455305560363264,0.6666666666666667,4
hybrid_svm,standard,generic,199,0.6121972227029931,0.33333333333333337,3
hybrid_svm,standard,generic,200,0.7177602521413333,0.4444444444444444,3
hybrid_svm,standard,generic,201,0.4955380299191111,0.4444444444444444,2
hybrid_svm,standard,generic,202,0.4591479170272447,0.33333333333333337,2
hybrid_svm,standard,generic,203,0.6960736118322673,0.5555555555555556,3
hybrid_svm,standard,generic,204,0.6121972227029931,0.33333333333333337,3
hybrid_svm,standard,generic,205,0.7652465283787413,0.5555555555555556,3
hybrid_svm,standard,generic,206,0.7652465283787413,0.5555555555555556,3
hybrid_svm,standard,generic,207,0.25162916738782287,0.11111111111111116,2
hybrid_svm,standard,generic,208,0.25162916738782287,0.11111111111111116,2
hybrid_svm,standard,generic,209,0.7652465283787413,0.5555555555555556,3
hybrid_svm,standard,generic,210,0.4932133643654213,0.2222222222222222,3
hybrid_svm,standard,generic,211,0.25162916738782287,0.11111111111111116,2
hybrid_svm,standard,generic,212,0.4591479170272447,0.33333333333333337,2
hybrid_svm,standard,generic,213,0.6960736118322673,0.5555555555555556,3
hybrid_svm,standard,generic,214,0.4955380299191111,0.4444444444444444,2
hybrid_svm,standard,generic,215,0.6121972227029931,0.33333333333333337,3
hybrid_svm,standard,generic,216,0.4591479170272447,0.33333333333333337,2
hybrid_svm,standard,generic,217,0.6121972227029931,0.33333333333333337,3
hybrid_svm,standard,generic,218,0.6758220575766962,0.4444444444444444,3
hybrid_svm,standard,generic,219,0.6758220575766962,0.4444444444444444,3
hybrid_svm,standard,generic,220,0.4955380299191111,0.4444444444444444,2
hybrid_svm,standard,generic,221,0.8288713632524446,0.4444444444444444,4
hybrid_svm,standard,generic,222,0.4932133643654213,0.2222222222222222,3
hybrid_svm,standard,generic,223,0.6758220575766962,0.4444444444444444,3
hybrid_svm,standard,generic,224,0.6758220575766962,0.4444444444444444,3
hybrid_svm,standard,generic,225,0.6121972227029931,0.33333333333333337,3
hybrid_svm,standard,generic,226,0.8763576394898526,0.5555555555555556,4
hybrid_svm,standard,generic,227,0.7652465283787413,0.5555555555555556,3
hybrid_svm,standard,generic,228,0.4591479170272447,0.33333333333333337,2
hybrid_svm,standard,generic,229,0.8288713632524446,0.4444444444444444,4
hybrid_svm,standard,generic,230,0.38210225325431013,0.2222222222222222,2
hybrid_svm,standard,generic,231,0.4932133643654213,0.2222222222222222,3
hybrid_svm,standard,generic,232,0.6758220575766962,0.4444444444444444,3
hybrid_svm,standard,generic,233,-0.0,0.0,1
hybrid_svm,standard,generic,234,0.38210225325431013,0.2222222222222222,2
hybrid_svm,standard,generic,235,0.25162916738782287,0.11111111111111116,2
hybrid_svm,standard,generic,236,0.6960736118322673,0.5555555555555556,3
hybrid_svm,standard,generic,237,0.38210225325431013,0.2222222222222222,2
hybrid_svm,standard,generic,238,0.4932133643654213,0.2222222222222222,3
hybrid_svm,standard,generic,239,0.792481250360578,0.6666666666666667,3
hybrid_svm,standard,generic,240,0.6758220575766962,0.4444444444444444,3
hybrid_svm,standard,generic,241,0.4932133643654213,0.2222222222222222,3
hybrid_svm,standard,generic,242,0.6121972227029931,0.33333333333333337,3
hybrid_svm,standard,generic,243,-0.0,0.0,1
hybrid_svm,standard,generic,244,0.25162916738782287,0.11111111111111116,2
hybrid_svm,standard,generic,245,0.6121972227029931,0.33333333333333337,3
hybrid_svm,standard,generic,246,0.38210225325431013,0.2222222222222222,2
hybrid_svm,standard,generic,247,0.6121972227029931,0.33333333333333337,3
hybrid_svm,standard,generic,248,0.7233083338141042,0.33333333333333337,4
hybrid_svm,standard,generic,249,0.6758220575766962,0.4444444444444444,3
hybrid_svm,standard,generic,250,0.4955380299191111,0.4444444444444444,2
hybrid_svm,standard,generic,251,0.7233083338141042,0.33333333333333337,4
hybrid_svm,standard,generic,252,0.9455305560363264,0.6666666666666667,4
hybrid_svm,standard,generic,253,0.6758220575766962,0.4444444444444444,3
hybrid_svm,standard,generic,254,0.4591479170272447,0.33333333333333337,2
hybrid_svm,standard,generic,255,0.9455305560363264,0.6666666666666667,4
hybrid_svm,standard,generic,256,0.25162916738782287,0.11111111111111116,2
hybrid_svm,standard,generic,257,0.6121972227029931,0.33333333333333337,3
hybrid_svm,standard,generic,258,0.7652465283787413,0.5555555555555556,3
hybrid_svm,standard,generic,259,0.25162916738782287,0.11111111111111116,2
hybrid_svm,standard,generic,260,0.7177602521413333,0.4444444444444444,3
hybrid_svm,standard,generic,261,0.7233083338141042,0.33333333333333337,4
hybrid_svm,standard,generic,262,0.4591479170272447,0.33333333333333337,2
hybrid_svm,standard,generic,263,0.7177602521413333,0.4444444444444444,3
hybrid_svm,standard,generic,264,0.7652465283787413,0.5555555555555556,3
hybrid_svm,standard,generic,265,0.7233083338141042,0.33333333333333337,4
hybrid_svm,standard,generic,266,0.4932133643654213,0.2222222222222222,3
hybrid_svm,standard,generic,267,0.8288713632524446,0.4444444444444444,4
hybrid_svm,standard,generic,268,0.6960736118322673,0.5555555555555556,3
hybrid_svm,standard,generic,269,0.25162916738782287,0.11111111111111116,2
hybrid_svm,standard,generic,270,0.6758220575766962,0.4444444444444444,3
hybrid_svm,standard,generic,271,0.4932133643654213,0.2222222222222222,3
hybrid_svm,standard,generic,272,0.4591479170272447,0.33333333333333337,2
hybrid_svm,standard,generic,273,0.7177602521413333,0.4444444444444444,3
hybrid_svm,standard,generic,274,0.4955380299191111,0.4444444444444444,2
hybrid_svm,standard,generic,275,0.6758220575766962,0.4444444444444444,3
hybrid_svm,standard,generic,276,0.4591479170272447,0.33333333333333337,2
hybrid_svm,standard,generic,277,0.6121972227029931,0.33333333333333337,3
hybrid_svm,standard,generic,278,0.25162916738782287,0.11111111111111116,2
hybrid_svm,standard,generic,279,0.9455305560363264,0.6666666666666667,4
hybrid_svm,standard,generic,280,0.4932133643654213,0.2222222222222222,3
hybrid_svm,standard,generic,281,0.4932133643654213,0.2222222222222222,3
hybrid_svm,standard,generic,282,0.6960736118322673,0.5555555555555556,3
hybrid_svm,standard,generic,283,0.6121972227029931,0.33333333333333337,3
hybrid_svm,standard,generic,284,0.7233083338141042,0.33333333333333337,4
hybrid_svm,standard,generic,285,0.4932133643654213,0.2222222222222222,3
hybrid_svm,standard,generic,286,0.6121972227029931,0.33333333333333337,3
hybrid_svm,standard,generic,287,0.6121972227029931,0.33333333333333337,3
hybrid_svm,standard,generic,288,0.8763576394898526,0.5555555555555556,4
hybrid_svm,standard,generic,289,-0.0,0.0,1
hybrid_svm,standard,generic,290,0.6960736118322673,0.5555555555555556,3
hybrid_svm,standard,generic,291,0.6960736118322673,0.5555555555555556,3
hybrid_svm,standard,generic,292,0.6758220575766962,0.4444444444444444,3
hybrid_svm,standard,generic,293,0.6758220575766962,0.4444444444444444,3
hybrid_svm,standard,generic,294,0.25162916738782287,0.11111111111111116,2
hybrid_svm,standard,generic,295,0.8763576394898526,0.5555555555555556,4
hybrid_svm,standard,generic,296,0.4591479170272447,0.33333333333333337,2
hybrid_svm,standard,generic,297,0.8288713632524446,0.4444444444444444,4
hybrid_svm,standard,generic,298,0.38210225325431013,0.2222222222222222,2
hybrid_svm,standard,generic,299,0.4932133643654213,0.2222222222222222,3
hybrid_svm,standard,generic,300,0.6758220575766962,0.4444444444444444,3
hybrid_svm,standard,generic,301,0.6758220575766962,0.4444444444444444,3
hybrid_svm,standard,generic,302,0.25162916738782287,0.11111111111111116,2
hybrid_svm,standard,generic,303,0.6121972227029931,0.33333333333333337,3
hybrid_svm,standard,generic,304,0.38210225325431013,0.2222222222222222,2
hybrid_svm,standard,generic,305,0.7652465283787413,0.5555555555555556,3
hybrid_svm,standard,generic,306,-0.0,0.0,1
hybrid_svm,standard,generic,307,0.9182958340544897,0.5555555555555556,4
hybrid_svm,standard,generic,308,0.38210225325431013,0.2222222222222222,2
hybrid_svm,standard,generic,309,0.6960736118322673,0.5555555555555556,3
hybrid_svm,standard,generic,310,0.7177602521413333,0.4444444444444444,3
hybrid_svm,standard,generic,311,0.8288713632524446,0.4444444444444444,4
hybrid_svm,standard,generic,312,0.6121972227029931,0.33333333333333337,3
hybrid_svm,standard,generic,313,0.25162916738782287,0.11111111111111116,2
hybrid_svm,standard,generic,314,0.7652465283787413,0.5555555555555556,3
hybrid_svm,standard,generic,315,0.38210225325431013,0.2222222222222222,2
hybrid_svm,standard,generic,316,0.6758220575766962,0.4444444444444444,3
hybrid_svm,standard,generic,317,0.4955380299191111,0.4444444444444444,2
hybrid_svm,standard,generic,318,0.9874687506009635,0.6666666666666667,4
hybrid_svm,standard,generic,319,0.4955380299191111,0.4444444444444444,2
hybrid_svm,standard,generic,320,0.6121972227029931,0.33333333333333337,3
hybrid_svm,standard,generic,321,0.25162916738782287,0.11111111111111116,2
hybrid_svm,standard,generic,322,0.6960736118322673,0.5555555555555556,3
hybrid_svm,standard,generic,323,0.6758220575766962,0.4444444444444444,3
hybrid_svm,standard,generic,324,0.8288713632524446,0.4444444444444444,4
hybrid_svm,standard,generic,325,0.6121972227029931,0.33333333333333337,3
hybrid_svm,standard,generic,326,0.38210225325431013,0.2222222222222222,2
hybrid_svm,standard,generic,327,0.38210225325431013,0.2222222222222222,2
hybrid_svm,standard,generic,328,0.4932133643654213,0.2222222222222222,3
hybrid_svm,standard,generic,329,0.6121972227029931,0.33333333333333337,3
hybrid_svm,standard,generic,330,0.4932133643654213,0.2222222222222222,3
hybrid_svm,standard,generic,331,0.38210225325431013,0.2222222222222222,2
hybrid_svm,standard,generic,332,0.25162916738782287,0.11111111111111116,2
hybrid_svm,standard,generic,333,0.7652465283787413,0.5555555555555556,3
hybrid_svm,standard,generic,334,0.6121972227029931,0.33333333333333337,3
hybrid_svm,standard,generic,335,0.4955380299191111,0.4444444444444444,2
hybrid_svm,standard,generic,336,0.25162916738782287,0.11111111111111116,2
hybrid_svm,standard,generic,337,0.6121972227029931,0.33333333333333337,3
hybrid_svm,standard,generic,338,0.6960736118322673,0.5555555555555556,3
hybrid_svm,standard,generic,339,0.25162916738782287,0.11111111111111116,2
hybrid_svm,standard,generic,340,0.25162916738782287,0.11111111111111116,2
hybrid_svm,standard,generic,341,0.8288713632524446,0.4444444444444444,4
hybrid_svm,standard,generic,342,0.7652465283787413,0.5555555555555556,3
hybrid_svm,standard,generic,343,0.9182958340544897,0.5555555555555556,4
hybrid_svm,standard,generic,344,0.25162916738782287,0.11111111111111116,2
hybrid_svm,standard,generic,345,0.4591479170272447,0.33333333333333337,2
hybrid_svm,standard,generic,346,-0.0,0.0,1
hybrid_svm,standard,generic,347,0.25162916738782287,0.11111111111111116,2
hybrid_svm,standard,generic,348,0.25162916738782287,0.11111111111111116,2
hybrid_svm,standard,generic,349,0.8288713632524446,0.4444444444444444,4
hybrid_svm,standard,generic,350,0.6758220575766962,0.4444444444444444,3
hybrid_svm,standard,generic,351,0.7652465283787413,0.5555555555555556,3
hybrid_svm,standard,generic,352,0.6121972227029931,0.33333333333333337,3
hybrid_svm,standard,generic,353,0.4955380299191111,0.4444444444444444,2
hybrid_svm,standard,generic,354,0.6121972227029931,0.33333333333333337,3
hybrid_svm,standard,generic,355,0.6758220575766962,0.4444444444444444,3
hybrid_svm,standard,generic,356,0.4955380299191111,0.4444444444444444,2
hybrid_svm,standard,generic,357,0.7652465283787413,0.5555555555555556,3
hybrid_svm,standard,generic,358,0.6121972227029931,0.33333333333333337,3
hybrid_svm,standard,generic,359,0.7652465283787413,0.5555555555555556,3
hybrid_svm,standard,generic,360,0.4591479170272447,0.33333333333333337,2
hybrid_svm,standard,generic,361,0.6960736118322673,0.5555555555555556,3
hybrid_svm,standard,generic,362,0.4591479170272447,0.33333333333333337,2
hybrid_svm,standard,generic,363,0.25162916738782287,0.11111111111111116,2
hybrid_svm,standard,generic,364,0.25162916738782287,0.11111111111111116,2
hybrid_svm,standard,generic,365,0.4955380299191111,0.4444444444444444,2
hybrid_svm,standard,generic,366,0.25162916738782287,0.11111111111111116,2
hybrid_svm,standard,generic,367,0.38210225325431013,0.2222222222222222,2
hybrid_svm,standard,generic,368,-0.0,0.0,1
hybrid_svm,standard,generic,369,0.4955380299191111,0.4444444444444444,2
hybrid_svm,standard,generic,370,0.38210225325431013,0.2222222222222222,2
hybrid_svm,standard,generic,371,0.4591479170272447,0.33333333333333337,2
hybrid_svm,standard,generic,372,0.25162916738782287,0.11111111111111116,2
hybrid_svm,standard,generic,373,0.25162916738782287,0.11111111111111116,2
hybrid_svm,standard,generic,374,0.4591479170272447,0.33333333333333337,2
hybrid_svm,standard,generic,375,-0.0,0.0,1
hybrid_svm,standard,generic,376,0.6960736118322673,0.5555555555555556,3
hybrid_svm,standard,generic,377,0.7652465283787413,0.5555555555555556,3
hybrid_svm,standard,generic,378,0.4955380299191111,0.4444444444444444,2
hybrid_svm,standard,generic,379,0.8288713632524446,0.4444444444444444,4
hybrid_svm,standard,generic,380,0.6758220575766962,0.4444444444444444,3
hybrid_svm,standard,generic,381,0.6960736118322673,0.5555555555555556,3
hybrid_svm,standard,generic,382,0.38210225325431013,0.2222222222222222,2
hybrid_svm,standard,generic,383,0.792481250360578,0.6666666666666667,3
hybrid_svm,standard,generic,384,0.4591479170272447,0.33333333333333337,2
hybrid_svm,standard,generic,385,0.4932133643654213,0.2222222222222222,3
hybrid_svm,standard,generic,386,0.4591479170272447,0.33333333333333337,2
hybrid_svm,standard,generic,387,0.6121972227029931,0.33333333333333337,3
hybrid_svm,standard,generic,388,0.9182958340544897,0.5555555555555556,4
hybrid_svm,standard,generic,389,0.4955380299191111,0.4444444444444444,2
hybrid_svm,standard,generic,390,0.6960736118322673,0.5555555555555556,3
hybrid_svm,standard,generic,391,0.4955380299191111,0.4444444444444444,2
hybrid_svm,standard,generic,392,0.25162916738782287,0.11111111111111116,2
hybrid_svm,standard,generic,393,0.8288713632524446,0.4444444444444444,4
hybrid_svm,standard,generic,394,0.4955380299191111,0.4444444444444444,2
hybrid_svm,standard,generic,395,0.6960736118322673,0.5555555555555556,3
hybrid_svm,standard,generic,396,0.4932133643654213,0.2222222222222222,3
hybrid_svm,standard,generic,397,0.6960736118322673,0.5555555555555556,3
hybrid_svm,standard,generic,398,0.7652465283787413,0.5555555555555556,3
hybrid_svm,standard,generic,399,0.4955380299191111,0.4444444444444444,2
hybrid_svm,standard,generic,400,0.4591479170272447,0.33333333333333337,2
hybrid_svm,standard,generic,401,-0.0,0.0,1
hybrid_svm,standard,generic,402,0.6758220575766962,0.4444444444444444,3
hybrid_svm,standard,generic,403,0.6758220575766962,0.4444444444444444,3
hybrid_svm,standard,generic,404,0.6121972227029931,0.33333333333333337,3
hybrid_svm,standard,generic,405,0.4932133643654213,0.2222222222222222,3
hybrid_svm,standard,generic,406,0.6960736118322673,0.5555555555555556,3
hybrid_svm,standard,generic,407,0.4591479170272447,0.33333333333333337,2
hybrid_svm,standard,generic,408,0.6758220575766962,0.4444444444444444,3
hybrid_svm,standard,generic,409,0.7652465283787413,0.5555555555555556,3
hybrid_svm,standard,generic,410,0.8763576394898526,0.5555555555555556,4
hybrid_svm,standard,generic,411,0.6758220575766962,0.4444444444444444,3
hybrid_svm,standard,generic,412,0.38210225325431013,0.2222222222222222,2
hybrid_svm,standard,generic,413,0.4955380299191111,0.4444444444444444,2
hybrid_svm,standard,generic,414,0.8288713632524446,0.4444444444444444,4
hybrid_svm,standard,generic,415,0.4591479170272447,0.33333333333333337,2
hybrid_svm,standard,generic,416,0.25162916738782287,0.11111111111111116,2
hybrid_svm,standard,generic,417,0.25162916738782287,0.11111111111111116,2
hybrid_svm,standard,generic,418,0.6758220575766962,0.4444444444444444,3
hybrid_svm,standard,generic,419,0.6758220575766962,0.4444444444444444,3
hybrid_svm,standard,generic,420,0.7652465283787413,0.5555555555555556,3
hybrid_svm,standard,generic,421,0.6758220575766962,0.4444444444444444,3
hybrid_svm,standard,generic,422,0.9455305560363264,0.6666666666666667,4
hybrid_svm,standard,generic,423,0.7652465283787413,0.5555555555555556,3
hybrid_svm,standard,generic,424,0.4591479170272447,0.33333333333333337,2
hybrid_svm,standard,generic,425,0.4591479170272447,0.33333333333333337,2
hybrid_svm,standard,generic,426,0.7652465283787413,0.5555555555555556,3
hybrid_svm,standard,generic,427,0.792481250360578,0.6666666666666667,3
hybrid_svm,standard,generic,428,0.38210225325431013,0.2222222222222222,2
hybrid_svm,standard,generic,429,0.4591479170272447,0.33333333333333337,2
hybrid_svm,standard,generic,430,-0.0,0.0,1
hybrid_svm,standard,generic,431,-0.0,0.0,1
hybrid_svm,standard,generic,432,0.4591479170272447,0.33333333333333337,2
hybrid_svm,standard,generic,433,0.38210225325431013,0.2222222222222222,2
hybrid_svm,standard,generic,434,0.7177602521413333,0.4444444444444444,3
hybrid_svm,standard,generic,435,0.6960736118322673,0.5555555555555556,3
hybrid_svm,standard,generic,436,0.6960736118322673,0.5555555555555556,3
hybrid_svm,standard,generic,437,0.6960736118322673,0.5555555555555556,3
hybrid_svm,standard,generic,438,0.38210225325431013,0.2222222222222222,2
hybrid_svm,standard,generic,439,0.38210225325431013,0.2222222222222222,2
hybrid_svm,standard,generic,440,0.4591479170272447,0.33333333333333337,2
hybrid_svm,standard,generic,441,0.6758220575766962,0.4444444444444444,3
hybrid_svm,standard,generic,442,0.25162916738782287,0.11111111111111116,2
hybrid_svm,standard,generic,443,0.6121972227029931,0.33333333333333337,3
hybrid_svm,standard,generic,444,0.4955380299191111,0.4444444444444444,2
hybrid_svm,standard,generic,445,0.7652465283787413,0.5555555555555556,3
hybrid_svm,standard,generic,446,0.6121972227029931,0.33333333333333337,3
hybrid_svm,standard,generic,447,0.7652465283787413,0.5555555555555556,3
hybrid_svm,standard,generic,448,-0.0,0.0,1
hybrid_svm,standard,generic,449,0.792481250360578,0.6666666666666667,3
hybrid_svm,standard,generic,450,0.4591479170272447,0.33333333333333337,2
hybrid_svm,standard,generic,451,0.9455305560363264,0.6666666666666667,4
hybrid_svm,standard,generic,452,0.8763576394898526,0.5555555555555556,4
hybrid_svm,standard,generic,453,0.7652465283787413,0.5555555555555556,3
hybrid_svm,standard,generic,454,0.7652465283787413,0.5555555555555556,3
hybrid_svm,standard,generic,455,0.7177602521413333,0.4444444444444444,3
hybrid_svm,standard,generic,456,0.7652465283787413,0.5555555555555556,3
hybrid_svm,standard,generic,457,0.7652465283787413,0.5555555555555556,3
hybrid_svm,standard,generic,458,0.7652465283787413,0.5555555555555556,3
hybrid_svm,standard,generic,459,0.4932133643654213,0.2222222222222222,3
hybrid_svm,standard,generic,460,0.6121972227029931,0.33333333333333337,3
hybrid_svm,standard,generic,461,0.6121972227029931,0.33333333333333337,3
hybrid_svm,standard,generic,462,0.6960736118322673,0.5555555555555556,3
hybrid_svm,standard,generic,463,0.7177602521413333,0.4444444444444444,3
hybrid_svm,standard,generic,464,0.7177602521413333,0.4444444444444444,3
hybrid_svm,standard,generic,465,0.7177602521413333,0.4444444444444444,3
hybrid_svm,standard,generic,466,0.38210225325431013,0.2222222222222222,2
hybrid_svm,standard,generic,467,0.6121972227029931,0.33333333333333337,3
hybrid_svm,standard,generic,468,0.4591479170272447,0.33333333333333337,2
hybrid_svm,standard,generic,469,0.4955380299191111,0.4444444444444444,2
hybrid_svm,standard,generic,470,0.6121972227029931,0.33333333333333337,3
hybrid_svm,standard,generic,471,0.4955380299191111,0.4444444444444444,2
hybrid_svm,standard,generic,472,0.6121972227029931,0.33333333333333337,3
hybrid_svm,standard,generic,473,0.38210225325431013,0.2222222222222222,2
hybrid_svm,standard,generic,474,0.6121972227029931,0.33333333333333337,3
hybrid_svm,standard,generic,475,0.7177602521413333,0.4444444444444444,3
hybrid_svm,standard,generic,476,0.9182958340544897,0.5555555555555556,4
hybrid_svm,standard,generic,477,0.25162916738782287,0.11111111111111116,2
hybrid_svm,standard,generic,478,0.4932133643654213,0.2222222222222222,3
hybrid_svm,standard,generic,479,0.4591479170272447,0.33333333333333337,2
hybrid_svm,standard,generic,480,0.6121972227029931,0.33333333333333337,3
hybrid_svm,standard,generic,481,0.7652465283787413,0.5555555555555556,3
hybrid_svm,standard,generic,482,0.7177602521413333,0.4444444444444444,3
hybrid_svm,standard,generic,483,0.8288713632524446,0.4444444444444444,4
hybrid_svm,standard,generic,484,0.6960736118322673,0.5555555555555556,3
hybrid_svm,standard,generic,485,0.25162916738782287,0.11111111111111116,2
hybrid_svm,standard,generic,486,0.8763576394898526,0.5555555555555556,4
hybrid_svm,standard,generic,487,0.6758220575766962,0.4444444444444444,3
hybrid_svm,standard,generic,488,0.7177602521413333,0.4444444444444444,3
hybrid_svm,standard,generic,489,0.25162916738782287,0.11111111111111116,2
hybrid_svm,standard,generic,490,0.6758220575766962,0.4444444444444444,3
hybrid_svm,standard,generic,491,0.4591479170272447,0.33333333333333337,2
hybrid_svm,standard,generic,492,0.6121972227029931,0.33333333333333337,3
hybrid_svm,standard,generic,493,0.6121972227029931,0.33333333333333337,3
hybrid_svm,standard,generic,494,0.38210225325431013,0.2222222222222222,2
hybrid_svm,standard,generic,495,0.38210225325431013,0.2222222222222222,2
hybrid_svm,standard,generic,496,0.7652465283787413,0.5555555555555556,3
hybrid_svm,standard,generic,497,0.6960736118322673,0.5555555555555556,3
hybrid_svm,standard,generic,498,0.25162916738782287,0.11111111111111116,2
hybrid_svm,standard,generic,499,0.25162916738782287,0.11111111111111116,2
hybrid_svm,standard,generic,500,0.6121972227029931,0.33333333333333337,3
hybrid_svm,standard,generic,501,0.6758220575766962,0.4444444444444444,3
hybrid_svm,standard,generic,502,0.38210225325431013,0.2222222222222222,2
hybrid_svm,standard,generic,503,0.4591479170272447,0.33333333333333337,2
hybrid_svm,standard,generic,504,0.7652465283787413,0.5555555555555556,3
hybrid_svm,standard,generic,505,0.4955380299191111,0.4444444444444444,2
hybrid_svm,standard,generic,506,-0.0,0.0,1
hybrid_svm,standard,generic,507,0.38210225325431013,0.2222222222222222,2
hybrid_svm,standard,generic,508,0.6758220575766962,0.4444444444444444,3
hybrid_svm,standard,generic,509,0.38210225325431013,0.2222222222222222,2
hybrid_svm,standard,generic,510,0.4591479170272447,0.33333333333333337,2
hybrid_svm,standard,generic,511,0.6121972227029931,0.33333333333333337,3
hybrid_svm,standard,generic,512,0.38210225325431013,0.2222222222222222,2
hybrid_svm,standard,generic,513,0.25162916738782287,0.11111111111111116,2
hybrid_svm,standard,generic,514,0.4591479170272447,0.33333333333333337,2
hybrid_svm,standard,generic,515,0.6121972227029931,0.33333333333333337,3
hybrid_svm,standard,generic,516,0.6121972227029931,0.33333333333333337,3
hybrid_svm,standard,generic,517,0.792481250360578,0.6666666666666667,3
hybrid_svm,standard,generic,518,0.6121972227029931,0.33333333333333337,3
hybrid_svm,standard,generic,519,0.4932133643654213,0.2222222222222222,3
hybrid_svm,standard,generic,520,0.4591479170272447,0.33333333333333337,2
hybrid_svm,standard,generic,521,0.6121972227029931,0.33333333333333337,3
hybrid_svm,standard,generic,522,0.4591479170272447,0.33333333333333337,2
hybrid_svm,standard,generic,523,0.38210225325431013,0.2222222222222222,2
hybrid_svm,standard,generic,524,0.25162916738782287,0.11111111111111116,2
hybrid_svm,standard,generic,525,-0.0,0.0,1
hybrid_svm,standard,generic,526,0.25162916738782287,0.11111111111111116,2
hybrid_svm,standard,generic,527,0.6758220575766962,0.4444444444444444,3
hybrid_svm,standard,generic,528,0.7177602521413333,0.4444444444444444,3
hybrid_svm,standard,generic,529,0.4591479170272447,0.33333333333333337,2
hybrid_svm,standard,generic,530,0.6121972227029931,0.33333333333333337,3
hybrid_svm,standard,generic,531,0.25162916738782287,0.11111111111111116,2
hybrid_svm,standard,generic,532,0.6960736118322673,0.5555555555555556,3
hybrid_svm,standard,generic,533,0.38210225325431013,0.2222222222222222,2
hybrid_svm,standard,generic,534,0.8288713632524446,0.4444444444444444,4
hybrid_svm,standard,generic,535,0.7177602521413333,0.4444444444444444,3
hybrid_svm,standard,generic,536,0.38210225325431013,0.2222222222222222,2
hybrid_svm,standard,generic,537,0.4591479170272447,0.33333333333333337,2
hybrid_svm,standard,generic,538,0.25162916738782287,0.11111111111111116,2
hybrid_svm,standard,generic,539,0.6121972227029931,0.33333333333333337,3
hybrid_svm,standard,generic,540,0.25162916738782287,0.11111111111111116,2
hybrid_svm,standard,generic,541,0.6758220575766962,0.4444444444444444,3
hybrid_svm,standard,generic,542,0.38210225325431013,0.2222222222222222,2
hybrid_svm,standard,generic,543,0.6121972227029931,0.33333333333333337,3
hybrid_svm,standard,generic,544,0.7177602521413333,0.4444444444444444,3
hybrid_svm,standard,generic,545,0.6121972227029931,0.33333333333333337,3
hybrid_svm,standard,generic,546,0.7652465283787413,0.5555555555555556,3
hybrid_svm,standard,generic,547,0.8763576394898526,0.5555555555555556,4
hybrid_svm,standard,generic,548,-0.0,0.0,1
hybrid_svm,standard,generic,549,-0.0,0.0,1
hybrid_svm,standard,generic,550,0.6121972227029931,0.33333333333333337,3
hybrid_svm,standard,generic,551,0.7177602521413333,0.4444444444444444,3
hybrid_svm,standard,generic,552,0.9455305560363264,0.6666666666666667,4
hybrid_svm,standard,generic,553,0.6121972227029931,0.33333333333333337,3
hybrid_svm,standard,generic,554,0.7233083338141042,0.33333333333333337,4
hybrid_svm,standard,generic,555,0.7233083338141042,0.33333333333333337,4
hybrid_svm,standard,generic,556,0.9182958340544897,0.5555555555555556,4
hybrid_svm,standard,generic,557,0.792481250360578,0.6666666666666667,3
hybrid_svm,standard,generic,558,0.6758220575766962,0.4444444444444444,3
hybrid_svm,standard,generic,559,0.6960736118322673,0.5555555555555556,3
hybrid_svm,standard,generic,560,0.6121972227029931,0.33333333333333337,3
hybrid_svm,standard,generic,561,0.8288713632524446,0.4444444444444444,4
hybrid_svm,standard,generic,562,0.7652465283787413,0.5555555555555556,3
hybrid_svm,standard,generic,563,0.4591479170272447,0.33333333333333337,2
hybrid_svm,standard,generic,564,0.4955380299191111,0.4444444444444444,2
hybrid_svm,standard,generic,565,0.4955380299191111,0.4444444444444444,2
hybrid_svm,standard,generic,566,0.8288713632524446,0.4444444444444444,4
hybrid_svm,standard,generic,567,0.7177602521413333,0.4444444444444444,3
hybrid_svm,standard,generic,568,0.4955380299191111,0.4444444444444444,2
hybrid_svm,standard,generic,569,0.4932133643654213,0.2222222222222222,3
hybrid_svm,standard,generic,570,0.4932133643654213,0.2222222222222222,3
hybrid_svm,standard,generic,571,0.7652465283787413,0.5555555555555556,3
hybrid_svm,standard,generic,572,0.7652465283787413,0.5555555555555556,3
hybrid_svm,standard,generic,573,0.25162916738782287,0.11111111111111116,2
hybrid_svm,standard,generic,574,0.7652465283787413,0.5555555555555556,3
hybrid_svm,standard,generic,575,0.9182958340544897,0.5555555555555556,4
hybrid_svm,standard,generic,576,-0.0,0.0,1
hybrid_svm,standard,generic,577,0.4932133643654213,0.2222222222222222,3
hybrid_svm,standard,generic,578,0.4932133643654213,0.2222222222222222,3
hybrid_svm,standard,generic,579,0.4932133643654213,0.2222222222222222,3
hybrid_svm,standard,generic,580,0.6758220575766962,0.4444444444444444,3
hybrid_svm,standard,generic,581,0.7177602521413333,0.4444444444444444,3
hybrid_svm,standard,generic,582,0.8763576394898526,0.5555555555555556,4
hybrid_svm,standard,generic,583,0.25162916738782287,0.11111111111111116,2
hybrid_svm,standard,generic,584,0.25162916738782287,0.11111111111111116,2
hybrid_svm,standard,generic,585,0.4955380299191111,0.4444444444444444,2
hybrid_svm,standard,generic,586,0.6758220575766962,0.4444444444444444,3
hybrid_svm,standard,generic,587,0.7177602521413333,0.4444444444444444,3
hybrid_svm,standard,generic,588,0.4591479170272447,0.33333333333333337,2
hybrid_svm,standard,generic,589,0.7233083338141042,0.33333333333333337,4
hybrid_svm,standard,generic,590,0.8288713632524446,0.4444444444444444,4
hybrid_svm,standard,generic,591,0.8763576394898526,0.5555555555555556,4
hybrid_svm,standard,generic,592,0.9455305560363264,0.6666666666666667,4
hybrid_svm,standard,generic,593,0.6121972227029931,0.33333333333333337,3
hybrid_svm,standard,generic,594,0.7652465283787413,0.5555555555555556,3
hybrid_svm,standard,generic,595,0.25162916738782287,0.11111111111111116,2
hybrid_svm,standard,generic,596,0.6758220575766962,0.4444444444444444,3
hybrid_svm,standard,generic,597,0.7177602521413333,0.4444444444444444,3
hybrid_svm,standard,generic,598,0.4955380299191111,0.4444444444444444,2
hybrid_svm,standard,generic,599,0.6960736118322673,0.5555555555555556,3
hybrid_svm,standard,generic,600,0.25162916738782287,0.11111111111111116,2
hybrid_svm,standard,generic,601,0.6758220575766962,0.4444444444444444,3
hybrid_svm,standard,generic,602,0.4955380299191111,0.4444444444444444,2
hybrid_svm,standard,generic,603,0.9455305560363264,0.6666666666666667,4
hybrid_svm,standard,generic,604,0.7652465283787413,0.5555555555555556,3
hybrid_svm,standard,generic,605,0.38210225325431013,0.2222222222222222,2
hybrid_svm,standard,generic,606,0.4591479170272447,0.33333333333333337,2
hybrid_svm,standard,generic,607,0.7652465283787413,0.5555555555555556,3
hybrid_svm,standard,generic,608,0.9455305560363264,0.6666666666666667,4
hybrid_svm,standard,generic,609,0.8763576394898526,0.5555555555555556,4
hybrid_svm,standard,generic,610,0.8763576394898526,0.5555555555555556,4
hybrid_svm,standard,generic,611,0.7652465283787413,0.5555555555555556,3
hybrid_svm,standard,generic,612,0.7652465283787413,0.5555555555555556,3
hybrid_svm,standard,generic,613,0.4932133643654213,0.2222222222222222,3
hybrid_svm,standard,generic,614,0.6758220575766962,0.4444444444444444,3
hybrid_svm,standard,generic,615,0.8763576394898526,0.5555555555555556,4
hybrid_svm,standard,generic,616,0.6121972227029931,0.33333333333333337,3
hybrid_svm,standard,generic,617,0.6121972227029931,0.33333333333333337,3
hybrid_svm,standard,generic,618,0.6758220575766962,0.4444444444444444,3
hybrid_svm,standard,generic,619,0.6758220575766962,0.4444444444444444,3
hybrid_svm,standard,generic,620,0.25162916738782287,0.11111111111111116,2
hybrid_svm,standard,generic,621,0.6758220575766962,0.4444444444444444,3
hybrid_svm,standard,generic,622,0.6758220575766962,0.4444444444444444,3
hybrid_svm,standard,generic,623,0.8763576394898526,0.5555555555555556,4
hybrid_svm,standard,generic,624,0.4932133643654213,0.2222222222222222,3
hybrid_svm,standard,generic,625,0.6121972227029931,0.33333333333333337,3
hybrid_svm,standard,generic,626,0.4955380299191111,0.4444444444444444,2
hybrid_svm,standard,generic,627,0.4591479170272447,0.33333333333333337,2
hybrid_svm,standard,generic,628,0.4932133643654213,0.2222222222222222,3
hybrid_svm,standard,generic,629,0.4932133643654213,0.2222222222222222,3
hybrid_svm,standard,generic,630,0.9455305560363264,0.6666666666666667,4
hybrid_svm,standard,generic,631,0.4955380299191111,0.4444444444444444,2
hybrid_svm,standard,generic,632,0.25162916738782287,0.11111111111111116,2
hybrid_svm,standard,generic,633,0.8288713632524446,0.4444444444444444,4
hybrid_svm,standard,generic,634,0.6758220575766962,0.4444444444444444,3
hybrid_svm,standard,generic,635,0.6758220575766962,0.4444444444444444,3
hybrid_svm,standard,generic,636,0.25162916738782287,0.11111111111111116,2
hybrid_svm,standard,generic,637,0.4955380299191111,0.4444444444444444,2
hybrid_svm,standard,generic,638,0.7652465283787413,0.5555555555555556,3
hybrid_svm,standard,generic,639,0.6121972227029931,0.33333333333333337,3
hybrid_svm,standard,generic,640,0.6121972227029931,0.33333333333333337,3
hybrid_svm,standard,generic,641,0.8288713632524446,0.4444444444444444,4
hybrid_svm,standard,generic,642,-0.0,0.0,1
hybrid_svm,standard,generic,643,0.6960736118322673,0.5555555555555556,3
hybrid_svm,standard,generic,644,0.38210225325431013,0.2222222222222222,2
hybrid_svm,standard,generic,645,0.38210225325431013,0.2222222222222222,2
hybrid_svm,standard,generic,646,0.8288713632524446,0.4444444444444444,4
hybrid_svm,standard,generic,647,0.4955380299191111,0.4444444444444444,2
hybrid_svm,standard,generic,648,0.38210225325431013,0.2222222222222222,2
hybrid_svm,standard,generic,649,0.7652465283787413,0.5555555555555556,3
hybrid_svm,standard,generic,650,0.25162916738782287,0.11111111111111116,2
hybrid_svm,standard,generic,651,0.4955380299191111,0.4444444444444444,2
hybrid_svm,standard,generic,652,0.6960736118322673,0.5555555555555556,3
hybrid_svm,standard,generic,653,0.38210225325431013,0.2222222222222222,2
hybrid_svm,standard,generic,654,0.6121972227029931,0.33333333333333337,3
hybrid_svm,standard,generic,655,0.7652465283787413,0.5555555555555556,3
hybrid_svm,standard,generic,656,0.38210225325431013,0.2222222222222222,2
hybrid_svm,standard,generic,657,0.7652465283787413,0.5555555555555556,3
hybrid_svm,standard,generic,658,0.6121972227029931,0.33333333333333337,3
hybrid_svm,standard,generic,659,0.6121972227029931,0.33333333333333337,3
hybrid_svm,standard,generic,660,0.4591479170272447,0.33333333333333337,2
hybrid_svm,standard,generic,661,0.6121972227029931,0.33333333333333337,3
hybrid_svm,standard,generic,662,0.25162916738782287,0.11111111111111116,2
hybrid_svm,standard,generic,663,0.8763576394898526,0.5555555555555556,4
hybrid_svm,standard,generic,664,0.6758220575766962,0.4444444444444444,3
hybrid_svm,standard,generic,665,0.792481250360578,0.6666666666666667,3
hybrid_svm,standard,generic,666,0.7652465283787413,0.5555555555555556,3
hybrid_svm,standard,generic,667,0.25162916738782287,0.11111111111111116,2
hybrid_svm,standard,generic,668,0.7652465283787413,0.5555555555555556,3
hybrid_svm,standard,generic,669,0.4955380299191111,0.4444444444444444,2
hybrid_svm,standard,generic,670,-0.0,0.0,1
hybrid_svm,standard,generic,671,0.8288713632524446,0.4444444444444444,4
hybrid_svm,standard,generic,672,0.6121972227029931,0.33333333333333337,3
hybrid_svm,standard,generic,673,0.4932133643654213,0.2222222222222222,3
hybrid_svm,standard,generic,674,0.7652465283787413,0.5555555555555556,3
hybrid_svm,standard,generic,675,0.6121972227029931,0.33333333333333337,3
hybrid_svm,standard,generic,676,0.25162916738782287,0.11111111111111116,2
hybrid_svm,standard,generic,677,0.6758220575766962,0.4444444444444444,3
hybrid_svm,standard,generic,678,0.7652465283787413,0.5555555555555556,3
hybrid_svm,standard,generic,679,0.4932133643654213,0.2222222222222222,3
hybrid_svm,standard,generic,680,0.25162916738782287,0.11111111111111116,2
hybrid_svm,standard,generic,681,0.6960736118322673,0.5555555555555556,3
hybrid_svm,standard,generic,682,0.7652465283787413,0.5555555555555556,3
hybrid_svm,standard,generic,683,0.25162916738782287,0.11111111111111116,2
hybrid_svm,standard,generic,684,0.38210225325431013,0.2222222222222222,2
hybrid_svm,standard,generic,685,0.6121972227029931,0.33333333333333337,3
hybrid_svm,standard,generic,686,0.7177602521413333,0.4444444444444444,3
hybrid_svm,standard,generic,687,0.6758220575766962,0.4444444444444444,3
hybrid_svm,standard,generic,688,0.4955380299191111,0.4444444444444444,2
hybrid_svm,standard,generic,689,0.6121972227029931,0.33333333333333337,3
hybrid_svm,standard,generic,690,0.4955380299191111,0.4444444444444444,2
hybrid_svm,standard,generic,691,0.4932133643654213,0.2222222222222222,3
hybrid_svm,standard,generic,692,0.6758220575766962,0.4444444444444444,3
hybrid_svm,standard,generic,693,0.38210225325431013,0.2222222222222222,2
hybrid_svm,standard,generic,694,0.25162916738782287,0.11111111111111116,2
hybrid_svm,standard,generic,695,0.792481250360578,0.6666666666666667,3
hybrid_svm,standard,generic,696,0.38210225325431013,0.2222222222222222,2
hybrid_svm,standard,generic,697,0.38210225325431013,0.2222222222222222,2
hybrid_svm,standard,generic,698,0.38210225325431013,0.2222222222222222,2
hybrid_svm,standard,generic,699,0.792481250360578,0.6666666666666667,3
hybrid_svm,standard,generic,700,0.7652465283787413,0.5555555555555556,3
hybrid_svm,standard,generic,701,0.4932133643654213,0.2222222222222222,3
hybrid_svm,standard,generic,702,0.6960736118322673,0.5555555555555556,3
hybrid_svm,standard,generic,703,0.25162916738782287,0.11111111111111116,2
hybrid_svm,standard,generic,704,0.4955380299191111,0.4444444444444444,2
hybrid_svm,standard,generic,705,0.6121972227029931,0.33333333333333337,3
hybrid_svm,standard,generic,706,0.6758220575766962,0.4444444444444444,3
hybrid_svm,standard,generic,707,0.4591479170272447,0.33333333333333337,2
hybrid_svm,standard,generic,708,0.6758220575766962,0.4444444444444444,3
hybrid_svm,standard,generic,709,0.8763576394898526,0.5555555555555556,4
hybrid_svm,standard,generic,710,0.6121972227029931,0.33333333333333337,3
hybrid_svm,standard,generic,711,0.7652465283787413,0.5555555555555556,3
hybrid_svm,standard,generic,712,0.38210225325431013,0.2222222222222222,2
hybrid_svm,standard,generic,713,0.4955380299191111,0.4444444444444444,2
hybrid_svm,standard,generic,714,0.6758220575766962,0.4444444444444444,3
hybrid_svm,standard,generic,715,0.6121972227029931,0.33333333333333337,3
hybrid_svm,standard,generic,716,0.6758220575766962,0.4444444444444444,3
hybrid_svm,standard,generic,717,0.9874687506009635,0.6666666666666667,4
hybrid_svm,standard,generic,718,0.38210225325431013,0.2222222222222222,2
hybrid_svm,standard,generic,719,0.7652465283787413,0.5555555555555556,3
hybrid_svm,standard,generic,720,0.4932133643654213,0.2222222222222222,3
hybrid_svm,standard,generic,721,0.38210225325431013,0.2222222222222222,2
hybrid_svm,standard,generic,722,0.9182958340544897,0.5555555555555556,4
hybrid_svm,standard,generic,723,0.6121972227029931,0.33333333333333337,3
hybrid_svm,standard,generic,724,0.38210225325431013,0.2222222222222222,2
hybrid_svm,standard,generic,725,0.792481250360578,0.6666666666666667,3
hybrid_svm,standard,generic,726,0.8763576394898526,0.5555555555555556,4
hybrid_svm,standard,generic,727,0.4591479170272447,0.33333333333333337,2
hybrid_svm,standard,generic,728,0.4591479170272447,0.33333333333333337,2
hybrid_svm,standard,generic,729,0.6960736118322673,0.5555555555555556,3
hybrid_svm,standard,generic,730,0.38210225325431013,0.2222222222222222,2
hybrid_svm,standard,generic,731,0.9455305560363264,0.6666666666666667,4
hybrid_svm,standard,generic,732,0.6758220575766962,0.4444444444444444,3
hybrid_svm,standard,generic,733,0.4591479170272447,0.33333333333333337,2
hybrid_svm,standard,generic,734,0.4591479170272447,0.33333333333333337,2
hybrid_svm,standard,generic,735,0.25162916738782287,0.11111111111111116,2
hybrid_svm,standard,generic,736,0.7652465283787413,0.5555555555555556,3
hybrid_svm,standard,generic,737,0.4591479170272447,0.33333333333333337,2
hybrid_svm,standard,generic,738,0.6758220575766962,0.4444444444444444,3
hybrid_svm,standard,generic,739,0.4955380299191111,0.4444444444444444,2
hybrid_svm,standard,generic,740,0.6121972227029931,0.33333333333333337,3
hybrid_svm,standard,generic,741,0.38210225325431013,0.2222222222222222,2
hybrid_svm,standard,generic,742,0.6758220575766962,0.4444444444444444,3
hybrid_svm,standard,generic,743,0.4591479170272447,0.33333333333333337,2
hybrid_svm,standard,generic,744,0.6758220575766962,0.4444444444444444,3
hybrid_svm,standard,generic,745,0.38210225325431013,0.2222222222222222,2
hybrid_svm,standard,generic,746,0.6758220575766962,0.4444444444444444,3
hybrid_svm,standard,generic,747,0.25162916738782287,0.11111111111111116,2
hybrid_svm,standard,generic,748,0.6758220575766962,0.4444444444444444,3
hybrid_svm,standard,generic,749,0.7652465283787413,0.5555555555555556,3
hybrid_svm,standard,generic,750,0.4932133643654213,0.2222222222222222,3
hybrid_svm,standard,generic,751,0.6758220575766962,0.4444444444444444,3
hybrid_svm,standard,generic,752,-0.0,0.0,1
hybrid_svm,standard,generic,753,0.6960736118322673,0.5555555555555556,3
hybrid_svm,standard,generic,754,0.9182958340544897,0.5555555555555556,4
hybrid_svm,standard,generic,755,0.4932133643654213,0.2222222222222222,3
hybrid_svm,standard,generic,756,0.25162916738782287,0.11111111111111116,2
hybrid_svm,standard,generic,757,0.4932133643654213,0.2222222222222222,3
hybrid_svm,standard,generic,758,0.6121972227029931,0.33333333333333337,3
hybrid_svm,standard,generic,759,0.4591479170272447,0.33333333333333337,2
hybrid_svm,standard,generic,760,0.4932133643654213,0.2222222222222222,3
hybrid_svm,standard,generic,761,0.4955380299191111,0.4444444444444444,2
hybrid_svm,standard,generic,762,0.7177602521413333,0.4444444444444444,3
hybrid_svm,standard,generic,763,0.4955380299191111,0.4444444444444444,2
hybrid_svm,standard,generic,764,-0.0,0.0,1
hybrid_svm,standard,generic,765,0.7652465283787413,0.5555555555555556,3
hybrid_svm,standard,generic,766,0.4932133643654213,0.2222222222222222,3
hybrid_svm,standard,generic,767,0.6758220575766962,0.4444444444444444,3
hybrid_svm,standard,generic,768,0.25162916738782287,0.11111111111111116,2
hybrid_svm,standard,generic,769,0.4932133643654213,0.2222222222222222,3
hybrid_svm,standard,generic,770,0.6121972227029931,0.33333333333333337,3
hybrid_svm,standard,generic,771,0.7652465283787413,0.5555555555555556,3
hybrid_svm,standard,generic,772,0.7652465283787413,0.5555555555555556,3
hybrid_svm,standard,generic,773,0.7652465283787413,0.5555555555555556,3
hybrid_svm,standard,generic,774,0.8763576394898526,0.5555555555555556,4
hybrid_svm,standard,generic,775,0.6960736118322673,0.5555555555555556,3
hybrid_svm,standard,generic,776,0.6121972227029931,0.33333333333333337,3
hybrid_svm,standard,generic,777,0.6758220575766962,0.4444444444444444,3
hybrid_svm,standard,generic,778,0.4955380299191111,0.4444444444444444,2
hybrid_svm,standard,generic,779,0.7177602521413333,0.4444444444444444,3
hybrid_svm,standard,generic,780,0.6758220575766962,0.4444444444444444,3
hybrid_svm,standard,generic,781,0.7177602521413333,0.4444444444444444,3
hybrid_svm,standard,generic,782,0.4932133643654213,0.2222222222222222,3
hybrid_svm,standard,generic,783,0.25162916738782287,0.11111111111111116,2
hybrid_svm,standard,generic,784,0.38210225325431013,0.2222222222222222,2
hybrid_svm,standard,generic,785,-0.0,0.0,1
hybrid_svm,standard,generic,786,0.6758220575766962,0.4444444444444444,3
hybrid_svm,standard,generic,787,0.8763576394898526,0.5555555555555556,4
hybrid_svm,standard,generic,788,0.8288713632524446,0.4444444444444444,4
hybrid_svm,standard,generic,789,0.9455305560363264,0.6666666666666667,4
hybrid_svm,standard,generic,790,0.6121972227029931,0.33333333333333337,3
hybrid_svm,standard,generic,791,0.6121972227029931,0.33333333333333337,3
hybrid_svm,standard,generic,792,0.25162916738782287,0.11111111111111116,2
hybrid_svm,standard,generic,793,0.38210225325431013,0.2222222222222222,2
hybrid_svm,standard,generic,794,0.7652465283787413,0.5555555555555556,3
hybrid_svm,standard,generic,796,0.7652465283787413,0.5555555555555556,3
hybrid_svm,standard,generic,797,0.4932133643654213,0.2222222222222222,3
hybrid_svm,standard,generic,798,0.4955380299191111,0.4444444444444444,2
hybrid_svm,standard,generic,799,0.9455305560363264,0.6666666666666667,4
hybrid_svm,standard,generic,800,0.6960736118322673,0.5555555555555556,3
hybrid_svm,standard,generic,801,0.4932133643654213,0.2222222222222222,3
hybrid_svm,standard,generic,802,0.4591479170272447,0.33333333333333337,2
hybrid_svm,standard,generic,803,0.25162916738782287,0.11111111111111116,2
hybrid_svm,standard,generic,804,0.25162916738782287,0.11111111111111116,2
hybrid_svm,standard,generic,805,0.8288713632524446,0.4444444444444444,4
hybrid_svm,standard,generic,806,0.9455305560363264,0.6666666666666667,4
hybrid_svm,standard,generic,807,0.7177602521413333,0.4444444444444444,3
hybrid_svm,standard,generic,808,0.38210225325431013,0.2222222222222222,2
hybrid_svm,standard,generic,809,0.7177602521413333,0.4444444444444444,3
hybrid_svm,standard,generic,810,0.38210225325431013,0.2222222222222222,2
hybrid_svm,standard,generic,811,0.25162916738782287,0.11111111111111116,2
hybrid_svm,standard,generic,812,0.25162916738782287,0.11111111111111116,2
hybrid_svm,standard,generic,813,0.6121972227029931,0.33333333333333337,3
hybrid_svm,standard,generic,814,0.25162916738782287,0.11111111111111116,2
hybrid_svm,standard,generic,815,0.38210225325431013,0.2222222222222222,2
hybrid_svm,standard,generic,816,0.6758220575766962,0.4444444444444444,3
hybrid_svm,standard,generic,817,0.8763576394898526,0.5555555555555556,4
hybrid_svm,standard,generic,818,0.6960736118322673,0.5555555555555556,3
hybrid_svm,standard,generic,819,0.9182958340544897,0.5555555555555556,4
hybrid_svm,standard,generic,820,0.6121972227029931,0.33333333333333337,3
hybrid_svm,standard,generic,821,0.8763576394898526,0.5555555555555556,4
hybrid_svm,standard,generic,822,0.25162916738782287,0.11111111111111116,2
hybrid_svm,standard,generic,823,0.25162916738782287,0.11111111111111116,2
hybrid_svm,standard,generic,824,0.4591479170272447,0.33333333333333337,2
hybrid_svm,standard,generic,825,0.7177602521413333,0.4444444444444444,3
hybrid_svm,standard,generic,826,0.6960736118322673,0.5555555555555556,3
hybrid_svm,standard,generic,827,0.4932133643654213,0.2222222222222222,3
hybrid_svm,standard,generic,828,0.7177602521413333,0.4444444444444444,3
hybrid_svm,standard,generic,829,0.4932133643654213,0.2222222222222222,3
hybrid_svm,standard,generic,830,0.38210225325431013,0.2222222222222222,2
hybrid_svm,standard,generic,831,0.6960736118322673,0.5555555555555556,3
hybrid_svm,standard,generic,832,0.4591479170272447,0.33333333333333337,2
hybrid_svm,standard,generic,833,0.7652465283787413,0.5555555555555556,3
hybrid_svm,standard,generic,834,0.4955380299191111,0.4444444444444444,2
hybrid_svm,standard,generic,835,0.6758220575766962,0.4444444444444444,3
hybrid_svm,standard,generic,836,0.6121972227029931,0.33333333333333337,3
hybrid_svm,standard,generic,837,0.7652465283787413,0.5555555555555556,3
hybrid_svm,standard,generic,838,0.4932133643654213,0.2222222222222222,3
hybrid_svm,standard,generic,839,0.7177602521413333,0.4444444444444444,3
hybrid_svm,standard,generic,841,0.792481250360578,0.6666666666666667,3
hybrid_svm,standard,generic,842,0.9874687506009635,0.6666666666666667,4
hybrid_svm,standard,generic,843,0.7652465283787413,0.5555555555555556,3
hybrid_svm,standard,generic,844,0.4955380299191111,0.4444444444444444,2
hybrid_svm,standard,generic,845,0.25162916738782287,0.11111111111111116,2
hybrid_svm,standard,generic,846,0.9455305560363264,0.6666666666666667,4
hybrid_svm,standard,generic,847,0.7652465283787413,0.5555555555555556,3
hybrid_svm,standard,generic,848,0.7652465283787413,0.5555555555555556,3
hybrid_svm,standard,generic,849,0.7233083338141042,0.33333333333333337,4
hybrid_svm,standard,generic,850,0.7177602521413333,0.4444444444444444,3
hybrid_svm,standard,generic,851,0.4955380299191111,0.4444444444444444,2
hybrid_svm,standard,generic,852,0.4591479170272447,0.33333333333333337,2
hybrid_svm,standard,generic,853,0.4591479170272447,0.33333333333333337,2
hybrid_svm,standard,generic,854,0.6121972227029931,0.33333333333333337,3
hybrid_svm,standard,generic,855,0.7652465283787413,0.5555555555555556,3
hybrid_svm,standard,generic,856,0.6960736118322673,0.5555555555555556,3
hybrid_svm,standard,generic,857,0.7652465283787413,0.5555555555555556,3
hybrid_svm,standard,generic,858,0.6121972227029931,0.33333333333333337,3
hybrid_svm,standard,generic,859,0.4932133643654213,0.2222222222222222,3
hybrid_svm,standard,generic,860,0.4591479170272447,0.33333333333333337,2
hybrid_svm,standard,generic,861,0.8288713632524446,0.4444444444444444,4
hybrid_svm,standard,generic,862,0.9455305560363264,0.6666666666666667,4
hybrid_svm,standard,generic,863,0.6121972227029931,0.33333333333333337,3
hybrid_svm,standard,generic,864,0.6121972227029931,0.33333333333333337,3
hybrid_svm,standard,generic,865,0.4955380299191111,0.4444444444444444,2
hybrid_svm,standard,generic,866,0.6121972227029931,0.33333333333333337,3
hybrid_svm,standard,generic,867,0.6758220575766962,0.4444444444444444,3
hybrid_svm,standard,generic,868,0.4955380299191111,0.4444444444444444,2
hybrid_svm,standard,generic,869,0.25162916738782287,0.11111111111111116,2
hybrid_svm,standard,generic,870,0.9182958340544897,0.5555555555555556,4
hybrid_svm,standard,generic,871,0.25162916738782287,0.11111111111111116,2
hybrid_svm,standard,generic,872,0.6121972227029931,0.33333333333333337,3
hybrid_svm,standard,generic,873,0.7652465283787413,0.5555555555555556,3
hybrid_svm,standard,generic,874,0.8288713632524446,0.4444444444444444,4
hybrid_svm,standard,generic,875,0.8763576394898526,0.5555555555555556,4
hybrid_svm,standard,generic,876,-0.0,0.0,1
hybrid_svm,standard,generic,877,0.38210225325431013,0.2222222222222222,2
hybrid_svm,standard,generic,878,0.7652465283787413,0.5555555555555556,3
hybrid_svm,standard,generic,879,0.4932133643654213,0.2222222222222222,3
hybrid_svm,standard,generic,880,0.8288713632524446,0.4444444444444444,4
hybrid_svm,standard,generic,881,0.7652465283787413,0.5555555555555556,3
hybrid_svm,standard,generic,882,0.6121972227029931,0.33333333333333337,3
hybrid_svm,standard,generic,883,0.9182958340544897,0.5555555555555556,4
hybrid_svm,standard,generic,884,0.7177602521413333,0.4444444444444444,3
hybrid_svm,standard,generic,885,0.4955380299191111,0.4444444444444444,2
hybrid_svm,standard,generic,886,0.6758220575766962,0.4444444444444444,3
hybrid_svm,standard,generic,887,0.7652465283787413,0.5555555555555556,3
hybrid_svm,standard,generic,888,0.38210225325431013,0.2222222222222222,2
hybrid_svm,standard,generic,889,0.6121972227029931,0.33333333333333337,3
hybrid_svm,standard,generic,890,0.4591479170272447,0.33333333333333337,2
hybrid_svm,standard,generic,891,0.7652465283787413,0.5555555555555556,3
hybrid_svm,standard,generic,892,0.7177602521413333,0.4444444444444444,3
hybrid_svm,standard,generic,893,0.4932133643654213,0.2222222222222222,3
hybrid_svm,standard,generic,894,0.7652465283787413,0.5555555555555556,3
hybrid_svm,standard,generic,895,0.8763576394898526,0.5555555555555556,4
hybrid_svm,standard,generic,896,0.7652465283787413,0.5555555555555556,3
hybrid_svm,standard,generic,897,0.4591479170272447,0.33333333333333337,2
hybrid_svm,standard,generic,898,0.6121972227029931,0.33333333333333337,3
hybrid_svm,standard,generic,899,0.25162916738782287,0.11111111111111116,2
hybrid_svm,standard,generic,900,0.6121972227029931,0.33333333333333337,3
hybrid_svm,standard,generic,901,0.38210225325431013,0.2222222222222222,2
hybrid_svm,standard,generic,902,0.792481250360578,0.6666666666666667,3
hybrid_svm,standard,generic,903,0.6758220575766962,0.4444444444444444,3
hybrid_svm,standard,generic,904,0.6121972227029931,0.33333333333333337,3
hybrid_svm,standard,generic,905,0.6121972227029931,0.33333333333333337,3
hybrid_svm,standard,generic,906,0.38210225325431013,0.2222222222222222,2
hybrid_svm,standard,generic,907,0.8763576394898526,0.5555555555555556,4
hybrid_svm,standard,generic,908,0.4955380299191111,0.4444444444444444,2
hybrid_svm,standard,generic,909,0.7652465283787413,0.5555555555555556,3
hybrid_svm,standard,generic,910,0.6121972227029931,0.33333333333333337,3
hybrid_svm,standard,generic,911,0.6758220575766962,0.4444444444444444,3
hybrid_svm,standard,generic,912,0.38210225325431013,0.2222222222222222,2
hybrid_svm,standard,generic,913,0.38210225325431013,0.2222222222222222,2
hybrid_svm,standard,generic,914,0.4955380299191111,0.4444444444444444,2
hybrid_svm,standard,generic,915,0.7652465283787413,0.5555555555555556,3
hybrid_svm,standard,generic,916,0.6121972227029931,0.33333333333333337,3
hybrid_svm,standard,generic,917,0.6121972227029931,0.33333333333333337,3
hybrid_svm,standard,generic,918,0.6121972227029931,0.33333333333333337,3
hybrid_svm,standard,generic,919,0.4591479170272447,0.33333333333333337,2
hybrid_svm,standard,generic,920,0.6121972227029931,0.33333333333333337,3
hybrid_svm,standard,generic,921,0.9182958340544897,0.5555555555555556,4
hybrid_svm,standard,generic,922,0.4591479170272447,0.33333333333333337,2
hybrid_svm,standard,generic,923,0.6758220575766962,0.4444444444444444,3
hybrid_svm,standard,generic,924,0.7652465283787413,0.5555555555555556,3
hybrid_svm,standard,generic,925,0.38210225325431013,0.2222222222222222,2
hybrid_svm,standard,generic,926,0.7652465283787413,0.5555555555555556,3
hybrid_svm,standard,generic,927,0.7652465283787413,0.5555555555555556,3
hybrid_svm,standard,generic,928,0.6960736118322673,0.5555555555555556,3
hybrid_svm,standard,generic,929,0.8288713632524446,0.4444444444444444,4
hybrid_svm,standard,generic,930,0.6121972227029931,0.33333333333333337,3
hybrid_svm,standard,generic,931,0.4932133643654213,0.2222222222222222,3
hybrid_svm,standard,generic,932,0.25162916738782287,0.11111111111111116,2
hybrid_svm,standard,generic,933,0.4932133643654213,0.2222222222222222,3
hybrid_svm,standard,generic,934,0.6960736118322673,0.5555555555555556,3
hybrid_svm,standard,generic,935,0.7233083338141042,0.33333333333333337,4
hybrid_svm,standard,generic,936,0.4932133643654213,0.2222222222222222,3
hybrid_svm,standard,generic,937,0.25162916738782287,0.11111111111111116,2
hybrid_svm,standard,generic,938,0.38210225325431013,0.2222222222222222,2
hybrid_svm,standard,generic,939,0.8288713632524446,0.4444444444444444,4
hybrid_svm,standard,generic,940,0.6758220575766962,0.4444444444444444,3
hybrid_svm,standard,generic,941,0.7177602521413333,0.4444444444444444,3
hybrid_svm,standard,generic,942,-0.0,0.0,1
hybrid_svm,standard,generic,943,-0.0,0.0,1
hybrid_svm,standard,generic,944,0.9455305560363264,0.6666666666666667,4
hybrid_svm,standard,generic,945,0.6758220575766962,0.4444444444444444,3
hybrid_svm,standard,generic,946,0.7177602521413333,0.4444444444444444,3
hybrid_svm,standard,generic,947,0.25162916738782287,0.11111111111111116,2
hybrid_svm,standard,generic,948,0.25162916738782287,0.11111111111111116,2
hybrid_svm,standard,generic,949,0.7233083338141042,0.33333333333333337,4
hybrid_svm,standard,generic,950,0.4932133643654213,0.2222222222222222,3
hybrid_svm,standard,generic,951,0.4932133643654213,0.2222222222222222,3
hybrid_svm,standard,generic,952,0.6758220575766962,0.4444444444444444,3
hybrid_svm,standard,generic,953,0.38210225325431013,0.2222222222222222,2
hybrid_svm,standard,generic,954,0.6758220575766962,0.4444444444444444,3
hybrid_svm,standard,generic,955,0.6121972227029931,0.33333333333333337,3
hybrid_svm,standard,generic,956,0.6121972227029931,0.33333333333333337,3
hybrid_svm,standard,generic,957,0.6960736118322673,0.5555555555555556,3
hybrid_svm,standard,generic,958,0.25162916738782287,0.11111111111111116,2
hybrid_svm,standard,generic,959,0.8763576394898526,0.5555555555555556,4
hybrid_svm,standard,generic,960,0.8288713632524446,0.4444444444444444,4
hybrid_svm,standard,generic,961,0.38210225325431013,0.2222222222222222,2
hybrid_svm,standard,generic,962,0.25162916738782287,0.11111111111111116,2
hybrid_svm,standard,generic,963,0.9182958340544897,0.5555555555555556,4
hybrid_svm,standard,generic,964,0.7652465283787413,0.5555555555555556,3
hybrid_svm,standard,generic,965,0.7177602521413333,0.4444444444444444,3
hybrid_svm,standard,generic,966,0.4955380299191111,0.4444444444444444,2
hybrid_svm,standard,generic,967,0.8288713632524446,0.4444444444444444,4
hybrid_svm,standard,generic,968,0.38210225325431013,0.2222222222222222,2
hybrid_svm,standard,generic,969,0.6121972227029931,0.33333333333333337,3
hybrid_svm,standard,generic,970,0.4955380299191111,0.4444444444444444,2
hybrid_svm,standard,generic,971,0.7177602521413333,0.4444444444444444,3
hybrid_svm,standard,generic,972,0.9182958340544897,0.5555555555555556,4
hybrid_svm,standard,generic,973,0.6960736118322673,0.5555555555555556,3
hybrid_svm,standard,generic,974,0.25162916738782287,0.11111111111111116,2
hybrid_svm,standard,generic,975,0.9874687506009635,0.6666666666666667,4
hybrid_svm,standard,generic,976,0.6121972227029931,0.33333333333333337,3
hybrid_svm,standard,generic,977,0.7177602521413333,0.4444444444444444,3
hybrid_svm,standard,generic,978,0.6121972227029931,0.33333333333333337,3
hybrid_svm,standard,generic,979,0.6960736118322673,0.5555555555555556,3
hybrid_svm,standard,generic,980,0.4932133643654213,0.2222222222222222,3
hybrid_svm,standard,generic,981,0.4932133643654213,0.2222222222222222,3
hybrid_svm,standard,generic,982,0.25162916738782287,0.11111111111111116,2
hybrid_svm,standard,generic,983,0.6758220575766962,0.4444444444444444,3
hybrid_svm,standard,generic,984,0.7177602521413333,0.4444444444444444,3
hybrid_svm,standard,generic,985,0.6121972227029931,0.33333333333333337,3
hybrid_svm,standard,generic,986,0.7652465283787413,0.5555555555555556,3
hybrid_svm,standard,generic,987,-0.0,0.0,1
hybrid_svm,standard,generic,988,0.8763576394898526,0.5555555555555556,4
hybrid_svm,standard,generic,989,0.6758220575766962,0.4444444444444444,3
hybrid_svm,standard,generic,990,0.38210225325431013,0.2222222222222222,2
hybrid_svm,standard,generic,991,0.7177602521413333,0.4444444444444444,3
hybrid_svm,standard,generic,992,0.6960736118322673,0.5555555555555556,3
hybrid_svm,standard,generic,993,0.7177602521413333,0.4444444444444444,3
hybrid_svm,standard,generic,994,0.4932133643654213,0.2222222222222222,3
hybrid_svm,standard,generic,995,0.7652465283787413,0.5555555555555556,3
hybrid_svm,standard,generic,996,0.7652465283787413,0.5555555555555556,3
hybrid_svm,standard,generic,997,0.4932133643654213,0.2222222222222222,3
hybrid_svm,standard,generic,998,0.792481250360578,0.6666666666666667,3
hybrid_svm,standard,generic,999,0.25162916738782287,0.11111111111111116,2
hybrid_svm,standard,generic,1000,0.6960736118322673,0.5555555555555556,3
hybrid_svm,standard,generic,1001,0.7652465283787413,0.5555555555555556,3
hybrid_svm,standard,generic,1009,0.4591479170272447,0.33333333333333337,2
hybrid_svm,standard,generic,1061,0.38210225325431013,0.2222222222222222,2
hybrid_svm,standard,generic,1085,0.8763576394898526,0.5555555555555556,4
hybrid_svm,standard,generic,1125,0.38210225325431013,0.2222222222222222,2
hybrid_svm,standard,pedagogy,0,0.4932133643654213,0.2222222222222222,3
hybrid_svm,standard,pedagogy,1,0.4591479170272447,0.33333333333333337,2
hybrid_svm,standard,pedagogy,2,0.6121972227029931,0.33333333333333337,3
hybrid_svm,standard,pedagogy,3,0.4932133643654213,0.2222222222222222,3
hybrid_svm,standard,pedagogy,4,0.38210225325431013,0.2222222222222222,2
hybrid_svm,standard,pedagogy,5,0.4932133643654213,0.2222222222222222,3
hybrid_svm,standard,pedagogy,6,0.4955380299191111,0.4444444444444444,2
hybrid_svm,standard,pedagogy,7,0.8288713632524446,0.4444444444444444,4
hybrid_svm,standard,pedagogy,8,0.4955380299191111,0.4444444444444444,2
hybrid_svm,standard,pedagogy,9,0.25162916738782287,0.11111111111111116,2
hybrid_svm,standard,pedagogy,10,0.25162916738782287,0.11111111111111116,2
hybrid_svm,standard,pedagogy,11,0.6758220575766962,0.4444444444444444,3
hybrid_svm,standard,pedagogy,12,0.6960736118322673,0.5555555555555556,3
hybrid_svm,standard,pedagogy,13,0.4932133643654213,0.2222222222222222,3
hybrid_svm,standard,pedagogy,14,0.9182958340544897,0.5555555555555556,4
hybrid_svm,standard,pedagogy,15,-0.0,0.0,1
hybrid_svm,standard,pedagogy,16,0.8763576394898526,0.5555555555555556,4
hybrid_svm,standard,pedagogy,17,0.6758220575766962,0.4444444444444444,3
hybrid_svm,standard,pedagogy,18,0.25162916738782287,0.11111111111111116,2
hybrid_svm,standard,pedagogy,19,0.8763576394898526,0.5555555555555556,4
hybrid_svm,standard,pedagogy,20,0.9455305560363264,0.6666666666666667,4
hybrid_svm,standard,pedagogy,21,0.6758220575766962,0.4444444444444444,3
hybrid_svm,standard,pedagogy,22,0.7177602521413333,0.4444444444444444,3
hybrid_svm,standard,pedagogy,23,0.792481250360578,0.6666666666666667,3
hybrid_svm,standard,pedagogy,24,-0.0,0.0,1
hybrid_svm,standard,pedagogy,25,0.6758220575766962,0.4444444444444444,3
hybrid_svm,standard,pedagogy,26,-0.0,0.0,1
hybrid_svm,standard,pedagogy,27,0.4932133643654213,0.2222222222222222,3
hybrid_svm,standard,pedagogy,28,0.25162916738782287,0.11111111111111116,2
hybrid_svm,standard,pedagogy,29,0.4932133643654213,0.2222222222222222,3
hybrid_svm,standard,pedagogy,30,0.6960736118322673,0.5555555555555556,3
hybrid_svm,standard,pedagogy,31,0.38210225325431013,0.2222222222222222,2
hybrid_svm,standard,pedagogy,32,0.4591479170272447,0.33333333333333337,2
hybrid_svm,standard,pedagogy,33,0.7652465283787413,0.5555555555555556,3
hybrid_svm,standard,pedagogy,34,0.38210225325431013,0.2222222222222222,2
hybrid_svm,standard,pedagogy,35,0.6960736118322673,0.5555555555555556,3
hybrid_svm,standard,pedagogy,36,0.25162916738782287,0.11111111111111116,2
hybrid_svm,standard,pedagogy,37,-0.0,0.0,1
hybrid_svm,standard,pedagogy,38,0.4591479170272447,0.33333333333333337,2
hybrid_svm,standard,pedagogy,39,0.25162916738782287,0.11111111111111116,2
hybrid_svm,standard,pedagogy,40,0.25162916738782287,0.11111111111111116,2
hybrid_svm,standard,pedagogy,41,0.6121972227029931,0.33333333333333337,3
hybrid_svm,standard,pedagogy,42,0.7233083338141042,0.33333333333333337,4
hybrid_svm,standard,pedagogy,43,0.25162916738782287,0.11111111111111116,2
hybrid_svm,standard,pedagogy,44,0.38210225325431013,0.2222222222222222,2
hybrid_svm,standard,pedagogy,45,0.25162916738782287,0.11111111111111116,2
hybrid_svm,standard,pedagogy,46,0.4955380299191111,0.4444444444444444,2
hybrid_svm,standard,pedagogy,47,0.6121972227029931,0.33333333333333337,3
hybrid_svm,standard,pedagogy,48,0.25162916738782287,0.11111111111111116,2
hybrid_svm,standard,pedagogy,49,0.4955380299191111,0.4444444444444444,2
hybrid_svm,standard,pedagogy,50,0.7652465283787413,0.5555555555555556,3
hybrid_svm,standard,pedagogy,51,-0.0,0.0,1
hybrid_svm,standard,pedagogy,52,0.7652465283787413,0.5555555555555556,3
hybrid_svm,standard,pedagogy,53,0.38210225325431013,0.2222222222222222,2
hybrid_svm,standard,pedagogy,54,0.7177602521413333,0.4444444444444444,3
hybrid_svm,standard,pedagogy,55,0.7652465283787413,0.5555555555555556,3
hybrid_svm,standard,pedagogy,56,0.9455305560363264,0.6666666666666667,4
hybrid_svm,standard,pedagogy,57,0.25162916738782287,0.11111111111111116,2
hybrid_svm,standard,pedagogy,58,0.6758220575766962,0.4444444444444444,3
hybrid_svm,standard,pedagogy,59,0.6758220575766962,0.4444444444444444,3
hybrid_svm,standard,pedagogy,60,0.38210225325431013,0.2222222222222222,2
hybrid_svm,standard,pedagogy,61,0.7652465283787413,0.5555555555555556,3
hybrid_svm,standard,pedagogy,62,0.6960736118322673,0.5555555555555556,3
hybrid_svm,standard,pedagogy,63,0.25162916738782287,0.11111111111111116,2
hybrid_svm,standard,pedagogy,64,0.38210225325431013,0.2222222222222222,2
hybrid_svm,standard,pedagogy,65,0.6960736118322673,0.5555555555555556,3
hybrid_svm,standard,pedagogy,66,0.38210225325431013,0.2222222222222222,2
hybrid_svm,standard,pedagogy,67,0.38210225325431013,0.2222222222222222,2
hybrid_svm,standard,pedagogy,68,0.4591479170272447,0.33333333333333337,2
hybrid_svm,standard,pedagogy,69,0.7233083338141042,0.33333333333333337,4
hybrid_svm,standard,pedagogy,70,0.6121972227029931,0.33333333333333337,3
hybrid_svm,standard,pedagogy,71,0.4932133643654213,0.2222222222222222,3
hybrid_svm,standard,pedagogy,72,0.4591479170272447,0.33333333333333337,2
hybrid_svm,standard,pedagogy,73,0.8763576394898526,0.5555555555555556,4
hybrid_svm,standard,pedagogy,74,0.4591479170272447,0.33333333333333337,2
hybrid_svm,standard,pedagogy,75,0.6758220575766962,0.4444444444444444,3
hybrid_svm,standard,pedagogy,76,0.38210225325431013,0.2222222222222222,2
hybrid_svm,standard,pedagogy,77,0.4591479170272447,0.33333333333333337,2
hybrid_svm,standard,pedagogy,78,0.4955380299191111,0.4444444444444444,2
hybrid_svm,standard,pedagogy,79,0.4955380299191111,0.4444444444444444,2
hybrid_svm,standard,pedagogy,80,0.9182958340544897,0.5555555555555556,4
hybrid_svm,standard,pedagogy,81,0.6121972227029931,0.33333333333333337,3
hybrid_svm,standard,pedagogy,82,0.25162916738782287,0.11111111111111116,2
hybrid_svm,standard,pedagogy,83,0.7177602521413333,0.4444444444444444,3
hybrid_svm,standard,pedagogy,84,0.6758220575766962,0.4444444444444444,3
hybrid_svm,standard,pedagogy,85,0.7177602521413333,0.4444444444444444,3
hybrid_svm,standard,pedagogy,86,0.6758220575766962,0.4444444444444444,3
hybrid_svm,standard,pedagogy,87,0.7177602521413333,0.4444444444444444,3
hybrid_svm,standard,pedagogy,88,0.9182958340544897,0.5555555555555556,4
hybrid_svm,standard,pedagogy,89,0.4955380299191111,0.4444444444444444,2
hybrid_svm,standard,pedagogy,90,0.25162916738782287,0.11111111111111116,2
hybrid_svm,standard,pedagogy,91,0.6758220575766962,0.4444444444444444,3
hybrid_svm,standard,pedagogy,92,0.4591479170272447,0.33333333333333337,2
hybrid_svm,standard,pedagogy,93,0.8763576394898526,0.5555555555555556,4
hybrid_svm,standard,pedagogy,94,0.38210225325431013,0.2222222222222222,2
hybrid_svm,standard,pedagogy,95,0.6758220575766962,0.4444444444444444,3
hybrid_svm,standard,pedagogy,96,0.4955380299191111,0.4444444444444444,2
hybrid_svm,standard,pedagogy,97,0.6960736118322673,0.5555555555555556,3
hybrid_svm,standard,pedagogy,98,0.7177602521413333,0.4444444444444444,3
hybrid_svm,standard,pedagogy,99,0.7652465283787413,0.5555555555555556,3
hybrid_svm,standard,pedagogy,100,0.25162916738782287,0.11111111111111116,2
hybrid_svm,standard,pedagogy,101,0.25162916738782287,0.11111111111111116,2
hybrid_svm,standard,pedagogy,102,0.25162916738782287,0.11111111111111116,2
hybrid_svm,standard,pedagogy,103,-0.0,0.0,1
hybrid_svm,standard,pedagogy,104,-0.0,0.0,1
hybrid_svm,standard,pedagogy,105,0.6121972227029931,0.33333333333333337,3
hybrid_svm,standard,pedagogy,106,0.4932133643654213,0.2222222222222222,3
hybrid_svm,standard,pedagogy,107,0.6758220575766962,0.4444444444444444,3
hybrid_svm,standard,pedagogy,108,0.4591479170272447,0.33333333333333337,2
hybrid_svm,standard,pedagogy,109,0.6758220575766962,0.4444444444444444,3
hybrid_svm,standard,pedagogy,110,0.25162916738782287,0.11111111111111116,2
hybrid_svm,standard,pedagogy,111,0.25162916738782287,0.11111111111111116,2
hybrid_svm,standard,pedagogy,112,0.7177602521413333,0.4444444444444444,3
hybrid_svm,standard,pedagogy,113,0.25162916738782287,0.11111111111111116,2
hybrid_svm,standard,pedagogy,114,0.38210225325431013,0.2222222222222222,2
hybrid_svm,standard,pedagogy,115,0.6758220575766962,0.4444444444444444,3
hybrid_svm,standard,pedagogy,116,0.6121972227029931,0.33333333333333337,3
hybrid_svm,standard,pedagogy,117,0.6960736118322673,0.5555555555555556,3
hybrid_svm,standard,pedagogy,118,0.25162916738782287,0.11111111111111116,2
hybrid_svm,standard,pedagogy,119,0.38210225325431013,0.2222222222222222,2
hybrid_svm,standard,pedagogy,120,0.38210225325431013,0.2222222222222222,2
hybrid_svm,standard,pedagogy,121,0.25162916738782287,0.11111111111111116,2
hybrid_svm,standard,pedagogy,122,-0.0,0.0,1
hybrid_svm,standard,pedagogy,123,0.8763576394898526,0.5555555555555556,4
hybrid_svm,standard,pedagogy,124,0.38210225325431013,0.2222222222222222,2
hybrid_svm,standard,pedagogy,125,0.8288713632524446,0.4444444444444444,4
hybrid_svm,standard,pedagogy,126,-0.0,0.0,1
hybrid_svm,standard,pedagogy,127,0.4591479170272447,0.33333333333333337,2
hybrid_svm,standard,pedagogy,128,0.8288713632524446,0.4444444444444444,4
hybrid_svm,standard,pedagogy,129,0.4591479170272447,0.33333333333333337,2
hybrid_svm,standard,pedagogy,130,0.6121972227029931,0.33333333333333337,3
hybrid_svm,standard,pedagogy,131,0.6758220575766962,0.4444444444444444,3
hybrid_svm,standard,pedagogy,132,0.38210225325431013,0.2222222222222222,2
hybrid_svm,standard,pedagogy,133,0.25162916738782287,0.11111111111111116,2
hybrid_svm,standard,pedagogy,134,0.7652465283787413,0.5555555555555556,3
hybrid_svm,standard,pedagogy,135,0.4955380299191111,0.4444444444444444,2
hybrid_svm,standard,pedagogy,136,0.7652465283787413,0.5555555555555556,3
hybrid_svm,standard,pedagogy,137,0.6121972227029931,0.33333333333333337,3
hybrid_svm,standard,pedagogy,138,0.4955380299191111,0.4444444444444444,2
hybrid_svm,standard,pedagogy,139,0.6758220575766962,0.4444444444444444,3
hybrid_svm,standard,pedagogy,140,0.8763576394898526,0.5555555555555556,4
hybrid_svm,standard,pedagogy,141,-0.0,0.0,1
hybrid_svm,standard,pedagogy,142,-0.0,0.0,1
hybrid_svm,standard,pedagogy,143,0.38210225325431013,0.2222222222222222,2
hybrid_svm,standard,pedagogy,144,-0.0,0.0,1
hybrid_svm,standard,pedagogy,145,0.25162916738782287,0.11111111111111116,2
hybrid_svm,standard,pedagogy,146,0.4955380299191111,0.4444444444444444,2
hybrid_svm,standard,pedagogy,147,0.6960736118322673,0.5555555555555556,3
hybrid_svm,standard,pedagogy,148,0.6758220575766962,0.4444444444444444,3
hybrid_svm,standard,pedagogy,149,0.6758220575766962,0.4444444444444444,3
hybrid_svm,standard,pedagogy,150,0.4955380299191111,0.4444444444444444,2
hybrid_svm,standard,pedagogy,151,0.6758220575766962,0.4444444444444444,3
hybrid_svm,standard,pedagogy,152,0.7652465283787413,0.5555555555555556,3
hybrid_svm,standard,pedagogy,153,0.4932133643654213,0.2222222222222222,3
hybrid_svm,standard,pedagogy,154,0.4591479170272447,0.33333333333333337,2
hybrid_svm,standard,pedagogy,155,0.6121972227029931,0.33333333333333337,3
hybrid_svm,standard,pedagogy,156,0.4955380299191111,0.4444444444444444,2
hybrid_svm,standard,pedagogy,157,0.4955380299191111,0.4444444444444444,2
hybrid_svm,standard,pedagogy,158,0.38210225325431013,0.2222222222222222,2
hybrid_svm,standard,pedagogy,159,0.25162916738782287,0.11111111111111116,2
hybrid_svm,standard,pedagogy,160,0.25162916738782287,0.11111111111111116,2
hybrid_svm,standard,pedagogy,161,0.8763576394898526,0.5555555555555556,4
hybrid_svm,standard,pedagogy,162,0.38210225325431013,0.2222222222222222,2
hybrid_svm,standard,pedagogy,163,0.8288713632524446,0.4444444444444444,4
hybrid_svm,standard,pedagogy,164,0.4932133643654213,0.2222222222222222,3
hybrid_svm,standard,pedagogy,165,0.6960736118322673,0.5555555555555556,3
hybrid_svm,standard,pedagogy,166,0.38210225325431013,0.2222222222222222,2
hybrid_svm,standard,pedagogy,167,0.25162916738782287,0.11111111111111116,2
hybrid_svm,standard,pedagogy,168,0.4591479170272447,0.33333333333333337,2
hybrid_svm,standard,pedagogy,169,0.6960736118322673,0.5555555555555556,3
hybrid_svm,standard,pedagogy,170,-0.0,0.0,1
hybrid_svm,standard,pedagogy,171,0.7233083338141042,0.33333333333333337,4
hybrid_svm,standard,pedagogy,172,0.8763576394898526,0.5555555555555556,4
hybrid_svm,standard,pedagogy,173,0.4932133643654213,0.2222222222222222,3
hybrid_svm,standard,pedagogy,174,0.6758220575766962,0.4444444444444444,3
hybrid_svm,standard,pedagogy,175,0.8763576394898526,0.5555555555555556,4
hybrid_svm,standard,pedagogy,176,0.7233083338141042,0.33333333333333337,4
hybrid_svm,standard,pedagogy,177,0.6121972227029931,0.33333333333333337,3
hybrid_svm,standard,pedagogy,178,0.6758220575766962,0.4444444444444444,3
hybrid_svm,standard,pedagogy,179,0.25162916738782287,0.11111111111111116,2
hybrid_svm,standard,pedagogy,180,0.4591479170272447,0.33333333333333337,2
hybrid_svm,standard,pedagogy,181,0.7177602521413333,0.4444444444444444,3
hybrid_svm,standard,pedagogy,182,0.6121972227029931,0.33333333333333337,3
hybrid_svm,standard,pedagogy,183,0.25162916738782287,0.11111111111111116,2
hybrid_svm,standard,pedagogy,184,0.4591479170272447,0.33333333333333337,2
hybrid_svm,standard,pedagogy,185,0.25162916738782287,0.11111111111111116,2
hybrid_svm,standard,pedagogy,186,0.7652465283787413,0.5555555555555556,3
hybrid_svm,standard,pedagogy,187,0.25162916738782287,0.11111111111111116,2
hybrid_svm,standard,pedagogy,188,0.7652465283787413,0.5555555555555556,3
hybrid_svm,standard,pedagogy,189,0.4591479170272447,0.33333333333333337,2
hybrid_svm,standard,pedagogy,190,0.25162916738782287,0.11111111111111116,2
hybrid_svm,standard,pedagogy,191,0.38210225325431013,0.2222222222222222,2
hybrid_svm,standard,pedagogy,192,0.4955380299191111,0.4444444444444444,2
hybrid_svm,standard,pedagogy,193,0.4932133643654213,0.2222222222222222,3
hybrid_svm,standard,pedagogy,194,0.7652465283787413,0.5555555555555556,3
hybrid_svm,standard,pedagogy,195,0.4955380299191111,0.4444444444444444,2
hybrid_svm,standard,pedagogy,196,0.4955380299191111,0.4444444444444444,2
hybrid_svm,standard,pedagogy,197,0.25162916738782287,0.11111111111111116,2
hybrid_svm,standard,pedagogy,198,0.7652465283787413,0.5555555555555556,3
hybrid_svm,standard,pedagogy,199,0.6121972227029931,0.33333333333333337,3
hybrid_svm,standard,pedagogy,200,0.7652465283787413,0.5555555555555556,3
hybrid_svm,standard,pedagogy,201,0.6758220575766962,0.4444444444444444,3
hybrid_svm,standard,pedagogy,202,0.25162916738782287,0.11111111111111116,2
hybrid_svm,standard,pedagogy,203,0.9874687506009635,0.6666666666666667,4
hybrid_svm,standard,pedagogy,204,0.4955380299191111,0.4444444444444444,2
hybrid_svm,standard,pedagogy,205,0.4932133643654213,0.2222222222222222,3
hybrid_svm,standard,pedagogy,206,0.7233083338141042,0.33333333333333337,4
hybrid_svm,standard,pedagogy,207,-0.0,0.0,1
hybrid_svm,standard,pedagogy,208,0.6758220575766962,0.4444444444444444,3
hybrid_svm,standard,pedagogy,209,0.4591479170272447,0.33333333333333337,2
hybrid_svm,standard,pedagogy,210,0.7652465283787413,0.5555555555555556,3
hybrid_svm,standard,pedagogy,211,0.8763576394898526,0.5555555555555556,4
hybrid_svm,standard,pedagogy,212,0.6121972227029931,0.33333333333333337,3
hybrid_svm,standard,pedagogy,213,0.4955380299191111,0.4444444444444444,2
hybrid_svm,standard,pedagogy,214,0.38210225325431013,0.2222222222222222,2
hybrid_svm,standard,pedagogy,215,0.6758220575766962,0.4444444444444444,3
hybrid_svm,standard,pedagogy,216,0.25162916738782287,0.11111111111111116,2
hybrid_svm,standard,pedagogy,217,0.8288713632524446,0.4444444444444444,4
hybrid_svm,standard,pedagogy,218,0.6121972227029931,0.33333333333333337,3
hybrid_svm,standard,pedagogy,219,0.4591479170272447,0.33333333333333337,2
hybrid_svm,standard,pedagogy,220,0.9182958340544897,0.5555555555555556,4
hybrid_svm,standard,pedagogy,221,0.4591479170272447,0.33333333333333337,2
hybrid_svm,standard,pedagogy,222,0.6121972227029931,0.33333333333333337,3
hybrid_svm,standard,pedagogy,223,0.38210225325431013,0.2222222222222222,2
hybrid_svm,standard,pedagogy,224,0.4955380299191111,0.4444444444444444,2
hybrid_svm,standard,pedagogy,225,0.4591479170272447,0.33333333333333337,2
hybrid_svm,standard,pedagogy,226,0.8763576394898526,0.5555555555555556,4
hybrid_svm,standard,pedagogy,227,0.25162916738782287,0.11111111111111116,2
hybrid_svm,standard,pedagogy,228,0.7177602521413333,0.4444444444444444,3
hybrid_svm,standard,pedagogy,229,0.7177602521413333,0.4444444444444444,3
hybrid_svm,standard,pedagogy,230,0.6960736118322673,0.5555555555555556,3
hybrid_svm,standard,pedagogy,231,0.25162916738782287,0.11111111111111116,2
hybrid_svm,standard,pedagogy,232,0.4591479170272447,0.33333333333333337,2
hybrid_svm,standard,pedagogy,233,0.4591479170272447,0.33333333333333337,2
hybrid_svm,standard,pedagogy,234,0.25162916738782287,0.11111111111111116,2
hybrid_svm,standard,pedagogy,235,0.7652465283787413,0.5555555555555556,3
hybrid_svm,standard,pedagogy,236,0.4955380299191111,0.4444444444444444,2
hybrid_svm,standard,pedagogy,237,0.9182958340544897,0.5555555555555556,4
hybrid_svm,standard,pedagogy,238,0.6758220575766962,0.4444444444444444,3
hybrid_svm,standard,pedagogy,239,0.6758220575766962,0.4444444444444444,3
hybrid_svm,standard,pedagogy,240,0.4932133643654213,0.2222222222222222,3
hybrid_svm,standard,pedagogy,241,0.6121972227029931,0.33333333333333337,3
hybrid_svm,standard,pedagogy,242,0.8288713632524446,0.4444444444444444,4
hybrid_svm,standard,pedagogy,243,0.4591479170272447,0.33333333333333337,2
hybrid_svm,standard,pedagogy,244,0.8763576394898526,0.5555555555555556,4
hybrid_svm,standard,pedagogy,245,0.6960736118322673,0.5555555555555556,3
hybrid_svm,standard,pedagogy,246,0.6758220575766962,0.4444444444444444,3
hybrid_svm,standard,pedagogy,247,0.4932133643654213,0.2222222222222222,3
hybrid_svm,standard,pedagogy,248,0.38210225325431013,0.2222222222222222,2
hybrid_svm,standard,pedagogy,249,0.4591479170272447,0.33333333333333337,2
hybrid_svm,standard,pedagogy,250,0.25162916738782287,0.11111111111111116,2
hybrid_svm,standard,pedagogy,251,0.6960736118322673,0.5555555555555556,3
hybrid_svm,standard,pedagogy,252,0.8763576394898526,0.5555555555555556,4
hybrid_svm,standard,pedagogy,253,0.25162916738782287,0.11111111111111116,2
hybrid_svm,standard,pedagogy,254,0.25162916738782287,0.11111111111111116,2
hybrid_svm,standard,pedagogy,255,0.4591479170272447,0.33333333333333337,2
hybrid_svm,standard,pedagogy,256,0.6960736118322673,0.5555555555555556,3
hybrid_svm,standard,pedagogy,257,0.4955380299191111,0.4444444444444444,2
hybrid_svm,standard,pedagogy,258,0.4955380299191111,0.4444444444444444,2
hybrid_svm,standard,pedagogy,259,0.38210225325431013,0.2222222222222222,2
hybrid_svm,standard,pedagogy,260,0.4955380299191111,0.4444444444444444,2
hybrid_svm,standard,pedagogy,261,0.6121972227029931,0.33333333333333337,3
hybrid_svm,standard,pedagogy,262,0.4591479170272447,0.33333333333333337,2
hybrid_svm,standard,pedagogy,263,0.4955380299191111,0.4444444444444444,2
hybrid_svm,standard,pedagogy,264,0.6758220575766962,0.4444444444444444,3
hybrid_svm,standard,pedagogy,265,0.6758220575766962,0.4444444444444444,3
hybrid_svm,standard,pedagogy,266,0.9874687506009635,0.6666666666666667,4
hybrid_svm,standard,pedagogy,267,0.7177602521413333,0.4444444444444444,3
hybrid_svm,standard,pedagogy,268,0.6121972227029931,0.33333333333333337,3
hybrid_svm,standard,pedagogy,269,0.4591479170272447,0.33333333333333337,2
hybrid_svm,standard,pedagogy,270,0.6121972227029931,0.33333333333333337,3
hybrid_svm,standard,pedagogy,271,0.7652465283787413,0.5555555555555556,3
hybrid_svm,standard,pedagogy,272,0.8288713632524446,0.4444444444444444,4
hybrid_svm,standard,pedagogy,273,0.9455305560363264,0.6666666666666667,4
hybrid_svm,standard,pedagogy,274,-0.0,0.0,1
hybrid_svm,standard,pedagogy,275,0.6758220575766962,0.4444444444444444,3
hybrid_svm,standard,pedagogy,276,0.38210225325431013,0.2222222222222222,2
hybrid_svm,standard,pedagogy,277,0.6121972227029931,0.33333333333333337,3
hybrid_svm,standard,pedagogy,278,0.9455305560363264,0.6666666666666667,4
hybrid_svm,standard,pedagogy,279,0.4591479170272447,0.33333333333333337,2
hybrid_svm,standard,pedagogy,280,0.4591479170272447,0.33333333333333337,2
hybrid_svm,standard,pedagogy,281,0.25162916738782287,0.11111111111111116,2
hybrid_svm,standard,pedagogy,282,0.792481250360578,0.6666666666666667,3
hybrid_svm,standard,pedagogy,283,0.25162916738782287,0.11111111111111116,2
hybrid_svm,standard,pedagogy,284,0.38210225325431013,0.2222222222222222,2
hybrid_svm,standard,pedagogy,285,0.4591479170272447,0.33333333333333337,2
hybrid_svm,standard,pedagogy,286,0.4591479170272447,0.33333333333333337,2
hybrid_svm,standard,pedagogy,287,0.6121972227029931,0.33333333333333337,3
hybrid_svm,standard,pedagogy,288,0.7652465283787413,0.5555555555555556,3
hybrid_svm,standard,pedagogy,289,0.6758220575766962,0.4444444444444444,3
hybrid_svm,standard,pedagogy,290,0.6121972227029931,0.33333333333333337,3
hybrid_svm,standard,pedagogy,291,0.7652465283787413,0.5555555555555556,3
hybrid_svm,standard,pedagogy,292,0.4955380299191111,0.4444444444444444,2
hybrid_svm,standard,pedagogy,293,0.25162916738782287,0.11111111111111116,2
hybrid_svm,standard,pedagogy,294,0.6758220575766962,0.4444444444444444,3
hybrid_svm,standard,pedagogy,295,0.4591479170272447,0.33333333333333337,2
hybrid_svm,standard,pedagogy,296,0.38210225325431013,0.2222222222222222,2
hybrid_svm,standard,pedagogy,297,0.4955380299191111,0.4444444444444444,2
hybrid_svm,standard,pedagogy,298,-0.0,0.0,1
hybrid_svm,standard,pedagogy,299,0.25162916738782287,0.11111111111111116,2
hybrid_svm,standard,pedagogy,300,0.38210225325431013,0.2222222222222222,2
hybrid_svm,standard,pedagogy,301,0.6758220575766962,0.4444444444444444,3
hybrid_svm,standard,pedagogy,302,0.25162916738782287,0.11111111111111116,2
hybrid_svm,standard,pedagogy,303,0.6121972227029931,0.33333333333333337,3
hybrid_svm,standard,pedagogy,304,0.4591479170272447,0.33333333333333337,2
hybrid_svm,standard,pedagogy,305,0.792481250360578,0.6666666666666667,3
hybrid_svm,standard,pedagogy,306,0.6121972227029931,0.33333333333333337,3
hybrid_svm,standard,pedagogy,307,0.8288713632524446,0.4444444444444444,4
hybrid_svm,standard,pedagogy,308,0.8288713632524446,0.4444444444444444,4
hybrid_svm,standard,pedagogy,309,0.38210225325431013,0.2222222222222222,2
hybrid_svm,standard,pedagogy,310,0.4591479170272447,0.33333333333333337,2
hybrid_svm,standard,pedagogy,311,0.9455305560363264,0.6666666666666667,4
hybrid_svm,standard,pedagogy,312,0.6960736118322673,0.5555555555555556,3
hybrid_svm,standard,pedagogy,313,0.25162916738782287,0.11111111111111116,2
hybrid_svm,standard,pedagogy,314,0.4955380299191111,0.4444444444444444,2
hybrid_svm,standard,pedagogy,315,0.6758220575766962,0.4444444444444444,3
hybrid_svm,standard,pedagogy,316,0.6758220575766962,0.4444444444444444,3
hybrid_svm,standard,pedagogy,317,0.25162916738782287,0.11111111111111116,2
hybrid_svm,standard,pedagogy,318,0.6758220575766962,0.4444444444444444,3
hybrid_svm,standard,pedagogy,319,0.7652465283787413,0.5555555555555556,3
hybrid_svm,standard,pedagogy,320,0.6960736118322673,0.5555555555555556,3
hybrid_svm,standard,pedagogy,321,0.792481250360578,0.6666666666666667,3
hybrid_svm,standard,pedagogy,322,0.7652465283787413,0.5555555555555556,3
hybrid_svm,standard,pedagogy,323,0.6960736118322673,0.5555555555555556,3
hybrid_svm,standard,pedagogy,324,0.9182958340544897,0.5555555555555556,4
hybrid_svm,standard,pedagogy,325,0.4591479170272447,0.33333333333333337,2
hybrid_svm,standard,pedagogy,326,0.38210225325431013,0.2222222222222222,2
hybrid_svm,standard,pedagogy,327,0.4591479170272447,0.33333333333333337,2
hybrid_svm,standard,pedagogy,328,0.7652465283787413,0.5555555555555556,3
hybrid_svm,standard,pedagogy,329,0.25162916738782287,0.11111111111111116,2
hybrid_svm,standard,pedagogy,330,0.6960736118322673,0.5555555555555556,3
hybrid_svm,standard,pedagogy,331,0.9874687506009635,0.6666666666666667,4
hybrid_svm,standard,pedagogy,332,0.6121972227029931,0.33333333333333337,3
hybrid_svm,standard,pedagogy,333,0.7177602521413333,0.4444444444444444,3
hybrid_svm,standard,pedagogy,334,0.25162916738782287,0.11111111111111116,2
hybrid_svm,standard,pedagogy,335,-0.0,0.0,1
hybrid_svm,standard,pedagogy,336,0.4932133643654213,0.2222222222222222,3
hybrid_svm,standard,pedagogy,337,0.4932133643654213,0.2222222222222222,3
hybrid_svm,standard,pedagogy,338,-0.0,0.0,1
hybrid_svm,standard,pedagogy,339,0.38210225325431013,0.2222222222222222,2
hybrid_svm,standard,pedagogy,340,0.4932133643654213,0.2222222222222222,3
hybrid_svm,standard,pedagogy,341,0.8288713632524446,0.4444444444444444,4
hybrid_svm,standard,pedagogy,342,0.6121972227029931,0.33333333333333337,3
hybrid_svm,standard,pedagogy,343,0.6121972227029931,0.33333333333333337,3
hybrid_svm,standard,pedagogy,344,0.6758220575766962,0.4444444444444444,3
hybrid_svm,standard,pedagogy,345,0.6121972227029931,0.33333333333333337,3
hybrid_svm,standard,pedagogy,346,0.25162916738782287,0.11111111111111116,2
hybrid_svm,standard,pedagogy,347,-0.0,0.0,1
hybrid_svm,standard,pedagogy,348,0.6121972227029931,0.33333333333333337,3
hybrid_svm,standard,pedagogy,349,0.8763576394898526,0.5555555555555556,4
hybrid_svm,standard,pedagogy,350,0.6758220575766962,0.4444444444444444,3
hybrid_svm,standard,pedagogy,351,0.38210225325431013,0.2222222222222222,2
hybrid_svm,standard,pedagogy,352,0.4591479170272447,0.33333333333333337,2
hybrid_svm,standard,pedagogy,353,0.25162916738782287,0.11111111111111116,2
hybrid_svm,standard,pedagogy,354,-0.0,0.0,1
hybrid_svm,standard,pedagogy,355,0.4955380299191111,0.4444444444444444,2
hybrid_svm,standard,pedagogy,356,0.7177602521413333,0.4444444444444444,3
hybrid_svm,standard,pedagogy,357,0.6121972227029931,0.33333333333333337,3
hybrid_svm,standard,pedagogy,358,0.6758220575766962,0.4444444444444444,3
hybrid_svm,standard,pedagogy,359,0.6960736118322673,0.5555555555555556,3
hybrid_svm,standard,pedagogy,360,0.6121972227029931,0.33333333333333337,3
hybrid_svm,standard,pedagogy,361,0.4955380299191111,0.4444444444444444,2
hybrid_svm,standard,pedagogy,362,0.25162916738782287,0.11111111111111116,2
hybrid_svm,standard,pedagogy,363,0.7233083338141042,0.33333333333333337,4
hybrid_svm,standard,pedagogy,364,0.9182958340544897,0.5555555555555556,4
hybrid_svm,standard,pedagogy,365,0.6121972227029931,0.33333333333333337,3
hybrid_svm,standard,pedagogy,366,0.8763576394898526,0.5555555555555556,4
hybrid_svm,standard,pedagogy,367,0.4591479170272447,0.33333333333333337,2
hybrid_svm,standard,pedagogy,368,0.4591479170272447,0.33333333333333337,2
hybrid_svm,standard,pedagogy,369,0.6960736118322673,0.5555555555555556,3
hybrid_svm,standard,pedagogy,370,0.25162916738782287,0.11111111111111116,2
hybrid_svm,standard,pedagogy,371,0.4591479170272447,0.33333333333333337,2
hybrid_svm,standard,pedagogy,372,0.7652465283787413,0.5555555555555556,3
hybrid_svm,standard,pedagogy,373,0.38210225325431013,0.2222222222222222,2
hybrid_svm,standard,pedagogy,374,0.38210225325431013,0.2222222222222222,2
hybrid_svm,standard,pedagogy,375,0.25162916738782287,0.11111111111111116,2
hybrid_svm,standard,pedagogy,376,0.4932133643654213,0.2222222222222222,3
hybrid_svm,standard,pedagogy,377,0.25162916738782287,0.11111111111111116,2
hybrid_svm,standard,pedagogy,378,-0.0,0.0,1
hybrid_svm,standard,pedagogy,379,0.7652465283787413,0.5555555555555556,3
hybrid_svm,standard,pedagogy,380,0.25162916738782287,0.11111111111111116,2
hybrid_svm,standard,pedagogy,381,0.4955380299191111,0.4444444444444444,2
hybrid_svm,standard,pedagogy,382,0.25162916738782287,0.11111111111111116,2
hybrid_svm,standard,pedagogy,383,0.4932133643654213,0.2222222222222222,3
hybrid_svm,standard,pedagogy,384,0.25162916738782287,0.11111111111111116,2
hybrid_svm,standard,pedagogy,385,0.25162916738782287,0.11111111111111116,2
hybrid_svm,standard,pedagogy,386,0.4955380299191111,0.4444444444444444,2
hybrid_svm,standard,pedagogy,387,0.6960736118322673,0.5555555555555556,3
hybrid_svm,standard,pedagogy,388,0.7652465283787413,0.5555555555555556,3
hybrid_svm,standard,pedagogy,389,0.6121972227029931,0.33333333333333337,3
hybrid_svm,standard,pedagogy,390,0.7177602521413333,0.4444444444444444,3
hybrid_svm,standard,pedagogy,391,0.7177602521413333,0.4444444444444444,3
hybrid_svm,standard,pedagogy,392,0.6758220575766962,0.4444444444444444,3
hybrid_svm,standard,pedagogy,393,0.6960736118322673,0.5555555555555556,3
hybrid_svm,standard,pedagogy,394,-0.0,0.0,1
hybrid_svm,standard,pedagogy,395,0.4955380299191111,0.4444444444444444,2
hybrid_svm,standard,pedagogy,396,0.25162916738782287,0.11111111111111116,2
hybrid_svm,standard,pedagogy,397,0.4955380299191111,0.4444444444444444,2
hybrid_svm,standard,pedagogy,398,0.4955380299191111,0.4444444444444444,2
hybrid_svm,standard,pedagogy,399,0.4932133643654213,0.2222222222222222,3
hybrid_svm,standard,pedagogy,400,0.6121972227029931,0.33333333333333337,3
hybrid_svm,standard,pedagogy,401,0.25162916738782287,0.11111111111111116,2
hybrid_svm,standard,pedagogy,402,0.4932133643654213,0.2222222222222222,3
hybrid_svm,standard,pedagogy,403,0.4955380299191111,0.4444444444444444,2
hybrid_svm,standard,pedagogy,404,0.4591479170272447,0.33333333333333337,2
hybrid_svm,standard,pedagogy,405,0.6758220575766962,0.4444444444444444,3
hybrid_svm,standard,pedagogy,406,0.7652465283787413,0.5555555555555556,3
hybrid_svm,standard,pedagogy,407,0.4591479170272447,0.33333333333333337,2
hybrid_svm,standard,pedagogy,408,0.9182958340544897,0.5555555555555556,4
hybrid_svm,standard,pedagogy,409,0.6758220575766962,0.4444444444444444,3
hybrid_svm,standard,pedagogy,410,0.7177602521413333,0.4444444444444444,3
hybrid_svm,standard,pedagogy,411,0.6758220575766962,0.4444444444444444,3
hybrid_svm,standard,pedagogy,412,0.7177602521413333,0.4444444444444444,3
hybrid_svm,standard,pedagogy,413,0.38210225325431013,0.2222222222222222,2
hybrid_svm,standard,pedagogy,414,0.7652465283787413,0.5555555555555556,3
hybrid_svm,standard,pedagogy,415,0.7177602521413333,0.4444444444444444,3
hybrid_svm,standard,pedagogy,416,0.25162916738782287,0.11111111111111116,2
hybrid_svm,standard,pedagogy,417,0.792481250360578,0.6666666666666667,3
hybrid_svm,standard,pedagogy,418,0.9455305560363264,0.6666666666666667,4
hybrid_svm,standard,pedagogy,419,-0.0,0.0,1
hybrid_svm,standard,pedagogy,420,0.7177602521413333,0.4444444444444444,3
hybrid_svm,standard,pedagogy,421,0.25162916738782287,0.11111111111111116,2
hybrid_svm,standard,pedagogy,422,0.6121972227029931,0.33333333333333337,3
hybrid_svm,standard,pedagogy,423,0.6758220575766962,0.4444444444444444,3
hybrid_svm,standard,pedagogy,424,0.4955380299191111,0.4444444444444444,2
hybrid_svm,standard,pedagogy,425,0.4955380299191111,0.4444444444444444,2
hybrid_svm,standard,pedagogy,426,0.38210225325431013,0.2222222222222222,2
hybrid_svm,standard,pedagogy,427,0.4591479170272447,0.33333333333333337,2
hybrid_svm,standard,pedagogy,428,0.7177602521413333,0.4444444444444444,3
hybrid_svm,standard,pedagogy,429,0.6758220575766962,0.4444444444444444,3
hybrid_svm,standard,pedagogy,430,0.6758220575766962,0.4444444444444444,3
hybrid_svm,standard,pedagogy,431,-0.0,0.0,1
hybrid_svm,standard,pedagogy,432,0.6121972227029931,0.33333333333333337,3
hybrid_svm,standard,pedagogy,433,0.4591479170272447,0.33333333333333337,2
hybrid_svm,standard,pedagogy,434,0.6758220575766962,0.4444444444444444,3
hybrid_svm,standard,pedagogy,435,0.4591479170272447,0.33333333333333337,2
hybrid_svm,standard,pedagogy,436,0.4955380299191111,0.4444444444444444,2
hybrid_svm,standard,pedagogy,437,0.8763576394898526,0.5555555555555556,4
hybrid_svm,standard,pedagogy,438,0.38210225325431013,0.2222222222222222,2
hybrid_svm,standard,pedagogy,439,0.9455305560363264,0.6666666666666667,4
hybrid_svm,standard,pedagogy,440,0.4932133643654213,0.2222222222222222,3
hybrid_svm,standard,pedagogy,441,0.4591479170272447,0.33333333333333337,2
hybrid_svm,standard,pedagogy,442,0.4932133643654213,0.2222222222222222,3
hybrid_svm,standard,pedagogy,443,0.38210225325431013,0.2222222222222222,2
hybrid_svm,standard,pedagogy,444,0.4955380299191111,0.4444444444444444,2
hybrid_svm,standard,pedagogy,445,0.7652465283787413,0.5555555555555556,3
hybrid_svm,standard,pedagogy,446,0.6121972227029931,0.33333333333333337,3
hybrid_svm,standard,pedagogy,447,0.4932133643654213,0.2222222222222222,3
hybrid_svm,standard,pedagogy,448,0.38210225325431013,0.2222222222222222,2
hybrid_svm,standard,pedagogy,449,0.4591479170272447,0.33333333333333337,2
hybrid_svm,standard,pedagogy,450,0.38210225325431013,0.2222222222222222,2
hybrid_svm,standard,pedagogy,451,0.9455305560363264,0.6666666666666667,4
hybrid_svm,standard,pedagogy,452,0.6960736118322673,0.5555555555555556,3
hybrid_svm,standard,pedagogy,453,0.4591479170272447,0.33333333333333337,2
hybrid_svm,standard,pedagogy,454,0.6758220575766962,0.4444444444444444,3
hybrid_svm,standard,pedagogy,455,0.7233083338141042,0.33333333333333337,4
hybrid_svm,standard,pedagogy,456,0.4932133643654213,0.2222222222222222,3
hybrid_svm,standard,pedagogy,457,0.4955380299191111,0.4444444444444444,2
hybrid_svm,standard,pedagogy,458,0.4591479170272447,0.33333333333333337,2
hybrid_svm,standard,pedagogy,459,0.4955380299191111,0.4444444444444444,2
hybrid_svm,standard,pedagogy,460,0.7177602521413333,0.4444444444444444,3
hybrid_svm,standard,pedagogy,461,0.25162916738782287,0.11111111111111116,2
hybrid_svm,standard,pedagogy,462,0.6758220575766962,0.4444444444444444,3
hybrid_svm,standard,pedagogy,463,0.6121972227029931,0.33333333333333337,3
hybrid_svm,standard,pedagogy,464,0.6960736118322673,0.5555555555555556,3
hybrid_svm,standard,pedagogy,465,0.4591479170272447,0.33333333333333337,2
hybrid_svm,standard,pedagogy,466,0.38210225325431013,0.2222222222222222,2
hybrid_svm,standard,pedagogy,467,0.38210225325431013,0.2222222222222222,2
hybrid_svm,standard,pedagogy,468,0.4955380299191111,0.4444444444444444,2
hybrid_svm,standard,pedagogy,469,0.4932133643654213,0.2222222222222222,3
hybrid_svm,standard,pedagogy,470,0.6758220575766962,0.4444444444444444,3
hybrid_svm,standard,pedagogy,471,0.4955380299191111,0.4444444444444444,2
hybrid_svm,standard,pedagogy,472,0.25162916738782287,0.11111111111111116,2
hybrid_svm,standard,pedagogy,473,0.4955380299191111,0.4444444444444444,2
hybrid_svm,standard,pedagogy,474,0.4591479170272447,0.33333333333333337,2
hybrid_svm,standard,pedagogy,475,0.7177602521413333,0.4444444444444444,3
hybrid_svm,standard,pedagogy,476,0.792481250360578,0.6666666666666667,3
hybrid_svm,standard,pedagogy,477,0.8288713632524446,0.4444444444444444,4
hybrid_svm,standard,pedagogy,478,0.6758220575766962,0.4444444444444444,3
hybrid_svm,standard,pedagogy,479,0.4955380299191111,0.4444444444444444,2
hybrid_svm,standard,pedagogy,480,0.4591479170272447,0.33333333333333337,2
hybrid_svm,standard,pedagogy,481,0.7177602521413333,0.4444444444444444,3
hybrid_svm,standard,pedagogy,482,0.6758220575766962,0.4444444444444444,3
hybrid_svm,standard,pedagogy,483,0.4591479170272447,0.33333333333333337,2
hybrid_svm,standard,pedagogy,484,0.6121972227029931,0.33333333333333337,3
hybrid_svm,standard,pedagogy,485,0.6758220575766962,0.4444444444444444,3
hybrid_svm,standard,pedagogy,486,0.6121972227029931,0.33333333333333337,3
hybrid_svm,standard,pedagogy,487,0.4955380299191111,0.4444444444444444,2
hybrid_svm,standard,pedagogy,488,0.6758220575766962,0.4444444444444444,3
hybrid_svm,standard,pedagogy,489,0.6121972227029931,0.33333333333333337,3
hybrid_svm,standard,pedagogy,490,0.4591479170272447,0.33333333333333337,2
hybrid_svm,standard,pedagogy,491,0.6758220575766962,0.4444444444444444,3
hybrid_svm,standard,pedagogy,492,0.7652465283787413,0.5555555555555556,3
hybrid_svm,standard,pedagogy,493,0.7177602521413333,0.4444444444444444,3
hybrid_svm,standard,pedagogy,494,0.6758220575766962,0.4444444444444444,3
hybrid_svm,standard,pedagogy,495,0.25162916738782287,0.11111111111111116,2
hybrid_svm,standard,pedagogy,496,0.7652465283787413,0.5555555555555556,3
hybrid_svm,standard,pedagogy,497,0.7177602521413333,0.4444444444444444,3
hybrid_svm,standard,pedagogy,498,0.4932133643654213,0.2222222222222222,3
hybrid_svm,standard,pedagogy,499,0.25162916738782287,0.11111111111111116,2
hybrid_svm,standard,pedagogy,500,0.6121972227029931,0.33333333333333337,3
hybrid_svm,standard,pedagogy,501,0.38210225325431013,0.2222222222222222,2
hybrid_svm,standard,pedagogy,502,0.7652465283787413,0.5555555555555556,3
hybrid_svm,standard,pedagogy,503,0.6758220575766962,0.4444444444444444,3
hybrid_svm,standard,pedagogy,504,0.4591479170272447,0.33333333333333337,2
hybrid_svm,standard,pedagogy,505,0.38210225325431013,0.2222222222222222,2
hybrid_svm,standard,pedagogy,506,0.38210225325431013,0.2222222222222222,2
hybrid_svm,standard,pedagogy,507,-0.0,0.0,1
hybrid_svm,standard,pedagogy,508,0.7652465283787413,0.5555555555555556,3
hybrid_svm,standard,pedagogy,509,0.6758220575766962,0.4444444444444444,3
hybrid_svm,standard,pedagogy,510,0.6121972227029931,0.33333333333333337,3
hybrid_svm,standard,pedagogy,511,0.25162916738782287,0.11111111111111116,2
hybrid_svm,standard,pedagogy,512,0.6758220575766962,0.4444444444444444,3
hybrid_svm,standard,pedagogy,513,0.7233083338141042,0.33333333333333337,4
hybrid_svm,standard,pedagogy,514,0.38210225325431013,0.2222222222222222,2
hybrid_svm,standard,pedagogy,515,0.4932133643654213,0.2222222222222222,3
hybrid_svm,standard,pedagogy,516,0.38210225325431013,0.2222222222222222,2
hybrid_svm,standard,pedagogy,517,0.6960736118322673,0.5555555555555556,3
hybrid_svm,standard,pedagogy,518,0.8288713632524446,0.4444444444444444,4
hybrid_svm,standard,pedagogy,519,0.7652465283787413,0.5555555555555556,3
hybrid_svm,standard,pedagogy,520,0.4591479170272447,0.33333333333333337,2
hybrid_svm,standard,pedagogy,521,0.6121972227029931,0.33333333333333337,3
hybrid_svm,standard,pedagogy,522,0.6121972227029931,0.33333333333333337,3
hybrid_svm,standard,pedagogy,523,0.38210225325431013,0.2222222222222222,2
hybrid_svm,standard,pedagogy,524,0.4932133643654213,0.2222222222222222,3
hybrid_svm,standard,pedagogy,525,0.25162916738782287,0.11111111111111116,2
hybrid_svm,standard,pedagogy,526,0.38210225325431013,0.2222222222222222,2
hybrid_svm,standard,pedagogy,527,0.4955380299191111,0.4444444444444444,2
hybrid_svm,standard,pedagogy,528,0.25162916738782287,0.11111111111111116,2
hybrid_svm,standard,pedagogy,529,0.6758220575766962,0.4444444444444444,3
hybrid_svm,standard,pedagogy,530,0.6758220575766962,0.4444444444444444,3
hybrid_svm,standard,pedagogy,531,0.6121972227029931,0.33333333333333337,3
hybrid_svm,standard,pedagogy,532,0.8288713632524446,0.4444444444444444,4
hybrid_svm,standard,pedagogy,533,0.6758220575766962,0.4444444444444444,3
hybrid_svm,standard,pedagogy,534,0.6121972227029931,0.33333333333333337,3
hybrid_svm,standard,pedagogy,535,0.4591479170272447,0.33333333333333337,2
hybrid_svm,standard,pedagogy,536,0.38210225325431013,0.2222222222222222,2
hybrid_svm,standard,pedagogy,537,0.4932133643654213,0.2222222222222222,3
hybrid_svm,standard,pedagogy,538,0.6960736118322673,0.5555555555555556,3
hybrid_svm,standard,pedagogy,539,0.38210225325431013,0.2222222222222222,2
hybrid_svm,standard,pedagogy,540,0.38210225325431013,0.2222222222222222,2
hybrid_svm,standard,pedagogy,541,0.6121972227029931,0.33333333333333337,3
hybrid_svm,standard,pedagogy,542,0.38210225325431013,0.2222222222222222,2
hybrid_svm,standard,pedagogy,543,0.4955380299191111,0.4444444444444444,2
hybrid_svm,standard,pedagogy,544,0.8763576394898526,0.5555555555555556,4
hybrid_svm,standard,pedagogy,545,0.9874687506009635,0.6666666666666667,4
hybrid_svm,standard,pedagogy,546,0.4955380299191111,0.4444444444444444,2
hybrid_svm,standard,pedagogy,547,0.6121972227029931,0.33333333333333337,3
hybrid_svm,standard,pedagogy,548,0.6758220575766962,0.4444444444444444,3
hybrid_svm,standard,pedagogy,549,0.25162916738782287,0.11111111111111116,2
hybrid_svm,standard,pedagogy,550,0.38210225325431013,0.2222222222222222,2
hybrid_svm,standard,pedagogy,551,-0.0,0.0,1
hybrid_svm,standard,pedagogy,552,0.6758220575766962,0.4444444444444444,3
hybrid_svm,standard,pedagogy,553,0.38210225325431013,0.2222222222222222,2
hybrid_svm,standard,pedagogy,554,0.6121972227029931,0.33333333333333337,3
hybrid_svm,standard,pedagogy,555,0.4955380299191111,0.4444444444444444,2
hybrid_svm,standard,pedagogy,556,0.6758220575766962,0.4444444444444444,3
hybrid_svm,standard,pedagogy,557,0.6758220575766962,0.4444444444444444,3
hybrid_svm,standard,pedagogy,558,0.6121972227029931,0.33333333333333337,3
hybrid_svm,standard,pedagogy,559,0.792481250360578,0.6666666666666667,3
hybrid_svm,standard,pedagogy,560,0.7652465283787413,0.5555555555555556,3
hybrid_svm,standard,pedagogy,561,-0.0,0.0,1
hybrid_svm,standard,pedagogy,562,0.6960736118322673,0.5555555555555556,3
hybrid_svm,standard,pedagogy,563,0.6758220575766962,0.4444444444444444,3
hybrid_svm,standard,pedagogy,564,0.38210225325431013,0.2222222222222222,2
hybrid_svm,standard,pedagogy,565,0.4932133643654213,0.2222222222222222,3
hybrid_svm,standard,pedagogy,566,0.4591479170272447,0.33333333333333337,2
hybrid_svm,standard,pedagogy,567,0.38210225325431013,0.2222222222222222,2
hybrid_svm,standard,pedagogy,568,-0.0,0.0,1
hybrid_svm,standard,pedagogy,569,0.6960736118322673,0.5555555555555556,3
hybrid_svm,standard,pedagogy,570,0.4932133643654213,0.2222222222222222,3
hybrid_svm,standard,pedagogy,571,0.6121972227029931,0.33333333333333337,3
hybrid_svm,standard,pedagogy,572,0.6960736118322673,0.5555555555555556,3
hybrid_svm,standard,pedagogy,573,0.6758220575766962,0.4444444444444444,3
hybrid_svm,standard,pedagogy,574,0.4932133643654213,0.2222222222222222,3
hybrid_svm,standard,pedagogy,575,0.9455305560363264,0.6666666666666667,4
hybrid_svm,standard,pedagogy,576,0.4932133643654213,0.2222222222222222,3
hybrid_svm,standard,pedagogy,577,0.38210225325431013,0.2222222222222222,2
hybrid_svm,standard,pedagogy,578,0.6960736118322673,0.5555555555555556,3
hybrid_svm,standard,pedagogy,579,-0.0,0.0,1
hybrid_svm,standard,pedagogy,580,0.7233083338141042,0.33333333333333337,4
hybrid_svm,standard,pedagogy,581,0.9455305560363264,0.6666666666666667,4
hybrid_svm,standard,pedagogy,582,0.4932133643654213,0.2222222222222222,3
hybrid_svm,standard,pedagogy,583,-0.0,0.0,1
hybrid_svm,standard,pedagogy,584,0.7233083338141042,0.33333333333333337,4
hybrid_svm,standard,pedagogy,585,0.25162916738782287,0.11111111111111116,2
hybrid_svm,standard,pedagogy,586,0.7233083338141042,0.33333333333333337,4
hybrid_svm,standard,pedagogy,587,0.9455305560363264,0.6666666666666667,4
hybrid_svm,standard,pedagogy,588,-0.0,0.0,1
hybrid_svm,standard,pedagogy,589,0.7652465283787413,0.5555555555555556,3
hybrid_svm,standard,pedagogy,590,0.7177602521413333,0.4444444444444444,3
hybrid_svm,standard,pedagogy,591,0.7652465283787413,0.5555555555555556,3
hybrid_svm,standard,pedagogy,592,0.4955380299191111,0.4444444444444444,2
hybrid_svm,standard,pedagogy,593,0.8763576394898526,0.5555555555555556,4
hybrid_svm,standard,pedagogy,594,0.9182958340544897,0.5555555555555556,4
hybrid_svm,standard,pedagogy,595,0.25162916738782287,0.11111111111111116,2
hybrid_svm,standard,pedagogy,596,0.4955380299191111,0.4444444444444444,2
hybrid_svm,standard,pedagogy,597,0.4955380299191111,0.4444444444444444,2
hybrid_svm,standard,pedagogy,598,0.7652465283787413,0.5555555555555556,3
hybrid_svm,standard,pedagogy,599,0.4591479170272447,0.33333333333333337,2
hybrid_svm,standard,pedagogy,600,0.9455305560363264,0.6666666666666667,4
hybrid_svm,standard,pedagogy,601,0.8763576394898526,0.5555555555555556,4
hybrid_svm,standard,pedagogy,602,0.25162916738782287,0.11111111111111116,2
hybrid_svm,standard,pedagogy,603,0.8288713632524446,0.4444444444444444,4
hybrid_svm,standard,pedagogy,604,0.6121972227029931,0.33333333333333337,3
hybrid_svm,standard,pedagogy,605,0.38210225325431013,0.2222222222222222,2
hybrid_svm,standard,pedagogy,606,0.38210225325431013,0.2222222222222222,2
hybrid_svm,standard,pedagogy,607,0.4955380299191111,0.4444444444444444,2
hybrid_svm,standard,pedagogy,608,0.38210225325431013,0.2222222222222222,2
hybrid_svm,standard,pedagogy,609,0.4955380299191111,0.4444444444444444,2
hybrid_svm,standard,pedagogy,610,0.4591479170272447,0.33333333333333337,2
hybrid_svm,standard,pedagogy,611,0.6758220575766962,0.4444444444444444,3
hybrid_svm,standard,pedagogy,612,0.4591479170272447,0.33333333333333337,2
hybrid_svm,standard,pedagogy,613,0.6960736118322673,0.5555555555555556,3
hybrid_svm,standard,pedagogy,614,0.6758220575766962,0.4444444444444444,3
hybrid_svm,standard,pedagogy,615,0.6121972227029931,0.33333333333333337,3
hybrid_svm,standard,pedagogy,616,0.38210225325431013,0.2222222222222222,2
hybrid_svm,standard,pedagogy,617,0.25162916738782287,0.11111111111111116,2
hybrid_svm,standard,pedagogy,618,0.6121972227029931,0.33333333333333337,3
hybrid_svm,standard,pedagogy,619,0.6121972227029931,0.33333333333333337,3
hybrid_svm,standard,pedagogy,620,0.9182958340544897,0.5555555555555556,4
hybrid_svm,standard,pedagogy,621,0.25162916738782287,0.11111111111111116,2
hybrid_svm,standard,pedagogy,622,0.25162916738782287,0.11111111111111116,2
hybrid_svm,standard,pedagogy,623,0.4591479170272447,0.33333333333333337,2
hybrid_svm,standard,pedagogy,624,0.6121972227029931,0.33333333333333337,3
hybrid_svm,standard,pedagogy,625,0.6758220575766962,0.4444444444444444,3
hybrid_svm,standard,pedagogy,626,0.38210225325431013,0.2222222222222222,2
hybrid_svm,standard,pedagogy,627,0.7652465283787413,0.5555555555555556,3
hybrid_svm,standard,pedagogy,628,0.4932133643654213,0.2222222222222222,3
hybrid_svm,standard,pedagogy,629,0.6121972227029931,0.33333333333333337,3
hybrid_svm,standard,pedagogy,630,0.38210225325431013,0.2222222222222222,2
hybrid_svm,standard,pedagogy,631,0.8763576394898526,0.5555555555555556,4
hybrid_svm,standard,pedagogy,632,-0.0,0.0,1
hybrid_svm,standard,pedagogy,633,0.4955380299191111,0.4444444444444444,2
hybrid_svm,standard,pedagogy,634,0.4932133643654213,0.2222222222222222,3
hybrid_svm,standard,pedagogy,635,0.6758220575766962,0.4444444444444444,3
hybrid_svm,standard,pedagogy,636,0.38210225325431013,0.2222222222222222,2
hybrid_svm,standard,pedagogy,637,0.4932133643654213,0.2222222222222222,3
hybrid_svm,standard,pedagogy,638,0.25162916738782287,0.11111111111111116,2
hybrid_svm,standard,pedagogy,639,0.25162916738782287,0.11111111111111116,2
hybrid_svm,standard,pedagogy,640,0.6758220575766962,0.4444444444444444,3
hybrid_svm,standard,pedagogy,641,0.6121972227029931,0.33333333333333337,3
hybrid_svm,standard,pedagogy,642,0.4955380299191111,0.4444444444444444,2
hybrid_svm,standard,pedagogy,643,0.38210225325431013,0.2222222222222222,2
hybrid_svm,standard,pedagogy,644,0.7233083338141042,0.33333333333333337,4
hybrid_svm,standard,pedagogy,645,0.38210225325431013,0.2222222222222222,2
hybrid_svm,standard,pedagogy,646,0.4591479170272447,0.33333333333333337,2
hybrid_svm,standard,pedagogy,647,0.6121972227029931,0.33333333333333337,3
hybrid_svm,standard,pedagogy,648,0.38210225325431013,0.2222222222222222,2
hybrid_svm,standard,pedagogy,649,0.4955380299191111,0.4444444444444444,2
hybrid_svm,standard,pedagogy,650,0.9455305560363264,0.6666666666666667,4
hybrid_svm,standard,pedagogy,651,0.4955380299191111,0.4444444444444444,2
hybrid_svm,standard,pedagogy,652,0.4955380299191111,0.4444444444444444,2
hybrid_svm,standard,pedagogy,653,0.6121972227029931,0.33333333333333337,3
hybrid_svm,standard,pedagogy,654,0.25162916738782287,0.11111111111111116,2
hybrid_svm,standard,pedagogy,655,0.6960736118322673,0.5555555555555556,3
hybrid_svm,standard,pedagogy,656,0.6121972227029931,0.33333333333333337,3
hybrid_svm,standard,pedagogy,657,0.38210225325431013,0.2222222222222222,2
hybrid_svm,standard,pedagogy,658,0.6121972227029931,0.33333333333333337,3
hybrid_svm,standard,pedagogy,659,0.25162916738782287,0.11111111111111116,2
hybrid_svm,standard,pedagogy,660,0.4955380299191111,0.4444444444444444,2
hybrid_svm,standard,pedagogy,661,-0.0,0.0,1
hybrid_svm,standard,pedagogy,662,-0.0,0.0,1
hybrid_svm,standard,pedagogy,663,0.8288713632524446,0.4444444444444444,4
hybrid_svm,standard,pedagogy,664,0.6121972227029931,0.33333333333333337,3
hybrid_svm,standard,pedagogy,665,0.8763576394898526,0.5555555555555556,4
hybrid_svm,standard,pedagogy,666,0.6960736118322673,0.5555555555555556,3
hybrid_svm,standard,pedagogy,667,-0.0,0.0,1
hybrid_svm,standard,pedagogy,668,0.38210225325431013,0.2222222222222222,2
hybrid_svm,standard,pedagogy,669,0.4955380299191111,0.4444444444444444,2
hybrid_svm,standard,pedagogy,670,0.4932133643654213,0.2222222222222222,3
hybrid_svm,standard,pedagogy,671,0.8763576394898526,0.5555555555555556,4
hybrid_svm,standard,pedagogy,672,0.25162916738782287,0.11111111111111116,2
hybrid_svm,standard,pedagogy,673,0.6960736118322673,0.5555555555555556,3
hybrid_svm,standard,pedagogy,674,0.4955380299191111,0.4444444444444444,2
hybrid_svm,standard,pedagogy,675,0.4591479170272447,0.33333333333333337,2
hybrid_svm,standard,pedagogy,676,0.4932133643654213,0.2222222222222222,3
hybrid_svm,standard,pedagogy,677,0.4591479170272447,0.33333333333333337,2
hybrid_svm,standard,pedagogy,678,0.8763576394898526,0.5555555555555556,4
hybrid_svm,standard,pedagogy,679,0.4591479170272447,0.33333333333333337,2
hybrid_svm,standard,pedagogy,680,0.6121972227029931,0.33333333333333337,3
hybrid_svm,standard,pedagogy,681,0.6960736118322673,0.5555555555555556,3
hybrid_svm,standard,pedagogy,682,0.4955380299191111,0.4444444444444444,2
hybrid_svm,standard,pedagogy,683,0.25162916738782287,0.11111111111111116,2
hybrid_svm,standard,pedagogy,684,0.25162916738782287,0.11111111111111116,2
hybrid_svm,standard,pedagogy,685,0.6960736118322673,0.5555555555555556,3
hybrid_svm,standard,pedagogy,686,0.8288713632524446,0.4444444444444444,4
hybrid_svm,standard,pedagogy,687,0.4955380299191111,0.4444444444444444,2
hybrid_svm,standard,pedagogy,688,0.4955380299191111,0.4444444444444444,2
hybrid_svm,standard,pedagogy,689,0.4591479170272447,0.33333333333333337,2
hybrid_svm,standard,pedagogy,690,0.7652465283787413,0.5555555555555556,3
hybrid_svm,standard,pedagogy,691,0.6758220575766962,0.4444444444444444,3
hybrid_svm,standard,pedagogy,692,0.7652465283787413,0.5555555555555556,3
hybrid_svm,standard,pedagogy,693,0.25162916738782287,0.11111111111111116,2
hybrid_svm,standard,pedagogy,694,0.7177602521413333,0.4444444444444444,3
hybrid_svm,standard,pedagogy,695,0.38210225325431013,0.2222222222222222,2
hybrid_svm,standard,pedagogy,696,0.4955380299191111,0.4444444444444444,2
hybrid_svm,standard,pedagogy,697,0.4955380299191111,0.4444444444444444,2
hybrid_svm,standard,pedagogy,698,-0.0,0.0,1
hybrid_svm,standard,pedagogy,699,0.7652465283787413,0.5555555555555556,3
hybrid_svm,standard,pedagogy,700,0.4955380299191111,0.4444444444444444,2
hybrid_svm,standard,pedagogy,701,0.25162916738782287,0.11111111111111116,2
hybrid_svm,standard,pedagogy,702,-0.0,0.0,1
hybrid_svm,standard,pedagogy,703,0.25162916738782287,0.11111111111111116,2
hybrid_svm,standard,pedagogy,704,0.7177602521413333,0.4444444444444444,3
hybrid_svm,standard,pedagogy,705,0.7177602521413333,0.4444444444444444,3
hybrid_svm,standard,pedagogy,706,0.25162916738782287,0.11111111111111116,2
hybrid_svm,standard,pedagogy,707,0.4591479170272447,0.33333333333333337,2
hybrid_svm,standard,pedagogy,708,0.792481250360578,0.6666666666666667,3
hybrid_svm,standard,pedagogy,709,0.9455305560363264,0.6666666666666667,4
hybrid_svm,standard,pedagogy,710,0.6121972227029931,0.33333333333333337,3
hybrid_svm,standard,pedagogy,711,0.7652465283787413,0.5555555555555556,3
hybrid_svm,standard,pedagogy,712,0.6758220575766962,0.4444444444444444,3
hybrid_svm,standard,pedagogy,713,0.6121972227029931,0.33333333333333337,3
hybrid_svm,standard,pedagogy,714,0.4591479170272447,0.33333333333333337,2
hybrid_svm,standard,pedagogy,715,0.38210225325431013,0.2222222222222222,2
hybrid_svm,standard,pedagogy,716,0.4591479170272447,0.33333333333333337,2
hybrid_svm,standard,pedagogy,717,0.9182958340544897,0.5555555555555556,4
hybrid_svm,standard,pedagogy,718,0.4591479170272447,0.33333333333333337,2
hybrid_svm,standard,pedagogy,719,0.6758220575766962,0.4444444444444444,3
hybrid_svm,standard,pedagogy,720,0.6758220575766962,0.4444444444444444,3
hybrid_svm,standard,pedagogy,721,0.8763576394898526,0.5555555555555556,4
hybrid_svm,standard,pedagogy,722,0.9182958340544897,0.5555555555555556,4
hybrid_svm,standard,pedagogy,723,0.8763576394898526,0.5555555555555556,4
hybrid_svm,standard,pedagogy,724,0.4591479170272447,0.33333333333333337,2
hybrid_svm,standard,pedagogy,725,0.4591479170272447,0.33333333333333337,2
hybrid_svm,standard,pedagogy,726,-0.0,0.0,1
hybrid_svm,standard,pedagogy,727,0.792481250360578,0.6666666666666667,3
hybrid_svm,standard,pedagogy,728,0.6121972227029931,0.33333333333333337,3
hybrid_svm,standard,pedagogy,729,0.38210225325431013,0.2222222222222222,2
hybrid_svm,standard,pedagogy,730,0.4591479170272447,0.33333333333333337,2
hybrid_svm,standard,pedagogy,731,0.6758220575766962,0.4444444444444444,3
hybrid_svm,standard,pedagogy,732,0.4932133643654213,0.2222222222222222,3
hybrid_svm,standard,pedagogy,733,0.25162916738782287,0.11111111111111116,2
hybrid_svm,standard,pedagogy,734,0.7177602521413333,0.4444444444444444,3
hybrid_svm,standard,pedagogy,735,0.25162916738782287,0.11111111111111116,2
hybrid_svm,standard,pedagogy,736,0.6758220575766962,0.4444444444444444,3
hybrid_svm,standard,pedagogy,737,0.6758220575766962,0.4444444444444444,3
hybrid_svm,standard,pedagogy,738,0.25162916738782287,0.11111111111111116,2
hybrid_svm,standard,pedagogy,739,0.6121972227029931,0.33333333333333337,3
hybrid_svm,standard,pedagogy,740,0.7233083338141042,0.33333333333333337,4
hybrid_svm,standard,pedagogy,741,0.4932133643654213,0.2222222222222222,3
hybrid_svm,standard,pedagogy,742,0.7652465283787413,0.5555555555555556,3
hybrid_svm,standard,pedagogy,743,-0.0,0.0,1
hybrid_svm,standard,pedagogy,744,0.6121972227029931,0.33333333333333337,3
hybrid_svm,standard,pedagogy,745,0.4955380299191111,0.4444444444444444,2
hybrid_svm,standard,pedagogy,746,0.6960736118322673,0.5555555555555556,3
hybrid_svm,standard,pedagogy,747,0.25162916738782287,0.11111111111111116,2
hybrid_svm,standard,pedagogy,748,0.25162916738782287,0.11111111111111116,2
hybrid_svm,standard,pedagogy,749,0.6758220575766962,0.4444444444444444,3
hybrid_svm,standard,pedagogy,750,0.8288713632524446,0.4444444444444444,4
hybrid_svm,standard,pedagogy,751,0.4955380299191111,0.4444444444444444,2
hybrid_svm,standard,pedagogy,752,0.4591479170272447,0.33333333333333337,2
hybrid_svm,standard,pedagogy,753,0.4591479170272447,0.33333333333333337,2
hybrid_svm,standard,pedagogy,754,0.4955380299191111,0.4444444444444444,2
hybrid_svm,standard,pedagogy,755,0.6758220575766962,0.4444444444444444,3
hybrid_svm,standard,pedagogy,756,0.6121972227029931,0.33333333333333337,3
hybrid_svm,standard,pedagogy,757,0.38210225325431013,0.2222222222222222,2
hybrid_svm,standard,pedagogy,758,0.6121972227029931,0.33333333333333337,3
hybrid_svm,standard,pedagogy,759,0.8763576394898526,0.5555555555555556,4
hybrid_svm,standard,pedagogy,760,0.4591479170272447,0.33333333333333337,2
hybrid_svm,standard,pedagogy,761,0.7652465283787413,0.5555555555555556,3
hybrid_svm,standard,pedagogy,762,0.38210225325431013,0.2222222222222222,2
hybrid_svm,standard,pedagogy,763,0.6121972227029931,0.33333333333333337,3
hybrid_svm,standard,pedagogy,764,-0.0,0.0,1
hybrid_svm,standard,pedagogy,765,0.792481250360578,0.6666666666666667,3
hybrid_svm,standard,pedagogy,766,0.6121972227029931,0.33333333333333337,3
hybrid_svm,standard,pedagogy,767,0.792481250360578,0.6666666666666667,3
hybrid_svm,standard,pedagogy,768,0.4955380299191111,0.4444444444444444,2
hybrid_svm,standard,pedagogy,769,0.25162916738782287,0.11111111111111116,2
hybrid_svm,standard,pedagogy,770,0.25162916738782287,0.11111111111111116,2
hybrid_svm,standard,pedagogy,771,0.25162916738782287,0.11111111111111116,2
hybrid_svm,standard,pedagogy,772,0.7177602521413333,0.4444444444444444,3
hybrid_svm,standard,pedagogy,773,0.6758220575766962,0.4444444444444444,3
hybrid_svm,standard,pedagogy,774,0.25162916738782287,0.11111111111111116,2
hybrid_svm,standard,pedagogy,775,0.6121972227029931,0.33333333333333337,3
hybrid_svm,standard,pedagogy,776,0.4955380299191111,0.4444444444444444,2
hybrid_svm,standard,pedagogy,777,0.38210225325431013,0.2222222222222222,2
hybrid_svm,standard,pedagogy,778,0.6121972227029931,0.33333333333333337,3
hybrid_svm,standard,pedagogy,779,0.25162916738782287,0.11111111111111116,2
hybrid_svm,standard,pedagogy,780,0.6960736118322673,0.5555555555555556,3
hybrid_svm,standard,pedagogy,781,0.4591479170272447,0.33333333333333337,2
hybrid_svm,standard,pedagogy,782,0.4955380299191111,0.4444444444444444,2
hybrid_svm,standard,pedagogy,783,0.6758220575766962,0.4444444444444444,3
hybrid_svm,standard,pedagogy,784,0.38210225325431013,0.2222222222222222,2
hybrid_svm,standard,pedagogy,785,0.4932133643654213,0.2222222222222222,3
hybrid_svm,standard,pedagogy,786,0.25162916738782287,0.11111111111111116,2
hybrid_svm,standard,pedagogy,787,0.6758220575766962,0.4444444444444444,3
hybrid_svm,standard,pedagogy,788,0.7652465283787413,0.5555555555555556,3
hybrid_svm,standard,pedagogy,789,0.9182958340544897,0.5555555555555556,4
hybrid_svm,standard,pedagogy,790,0.4932133643654213,0.2222222222222222,3
hybrid_svm,standard,pedagogy,791,0.8763576394898526,0.5555555555555556,4
hybrid_svm,standard,pedagogy,792,0.4591479170272447,0.33333333333333337,2
hybrid_svm,standard,pedagogy,793,0.7652465283787413,0.5555555555555556,3
hybrid_svm,standard,pedagogy,794,0.38210225325431013,0.2222222222222222,2
hybrid_svm,standard,pedagogy,796,0.25162916738782287,0.11111111111111116,2
hybrid_svm,standard,pedagogy,797,0.4955380299191111,0.4444444444444444,2
hybrid_svm,standard,pedagogy,798,0.38210225325431013,0.2222222222222222,2
hybrid_svm,standard,pedagogy,799,0.9455305560363264,0.6666666666666667,4
hybrid_svm,standard,pedagogy,800,0.25162916738782287,0.11111111111111116,2
hybrid_svm,standard,pedagogy,801,0.7652465283787413,0.5555555555555556,3
hybrid_svm,standard,pedagogy,802,0.6758220575766962,0.4444444444444444,3
hybrid_svm,standard,pedagogy,803,-0.0,0.0,1
hybrid_svm,standard,pedagogy,804,0.8763576394898526,0.5555555555555556,4
hybrid_svm,standard,pedagogy,805,0.25162916738782287,0.11111111111111116,2
hybrid_svm,standard,pedagogy,806,0.9182958340544897,0.5555555555555556,4
hybrid_svm,standard,pedagogy,807,-0.0,0.0,1
hybrid_svm,standard,pedagogy,808,0.4591479170272447,0.33333333333333337,2
hybrid_svm,standard,pedagogy,809,0.4591479170272447,0.33333333333333337,2
hybrid_svm,standard,pedagogy,810,-0.0,0.0,1
hybrid_svm,standard,pedagogy,811,0.9182958340544897,0.5555555555555556,4
hybrid_svm,standard,pedagogy,812,0.7177602521413333,0.4444444444444444,3
hybrid_svm,standard,pedagogy,813,0.7652465283787413,0.5555555555555556,3
hybrid_svm,standard,pedagogy,814,0.4932133643654213,0.2222222222222222,3
hybrid_svm,standard,pedagogy,815,-0.0,0.0,1
hybrid_svm,standard,pedagogy,816,0.6758220575766962,0.4444444444444444,3
hybrid_svm,standard,pedagogy,817,0.6758220575766962,0.4444444444444444,3
hybrid_svm,standard,pedagogy,818,0.6758220575766962,0.4444444444444444,3
hybrid_svm,standard,pedagogy,819,0.4932133643654213,0.2222222222222222,3
hybrid_svm,standard,pedagogy,820,0.38210225325431013,0.2222222222222222,2
hybrid_svm,standard,pedagogy,821,0.4932133643654213,0.2222222222222222,3
hybrid_svm,standard,pedagogy,822,0.4955380299191111,0.4444444444444444,2
hybrid_svm,standard,pedagogy,823,0.25162916738782287,0.11111111111111116,2
hybrid_svm,standard,pedagogy,824,0.38210225325431013,0.2222222222222222,2
hybrid_svm,standard,pedagogy,825,0.9455305560363264,0.6666666666666667,4
hybrid_svm,standard,pedagogy,826,0.6121972227029931,0.33333333333333337,3
hybrid_svm,standard,pedagogy,827,0.25162916738782287,0.11111111111111116,2
hybrid_svm,standard,pedagogy,828,0.4591479170272447,0.33333333333333337,2
hybrid_svm,standard,pedagogy,829,0.25162916738782287,0.11111111111111116,2
hybrid_svm,standard,pedagogy,830,0.4955380299191111,0.4444444444444444,2
hybrid_svm,standard,pedagogy,831,0.8288713632524446,0.4444444444444444,4
hybrid_svm,standard,pedagogy,832,0.25162916738782287,0.11111111111111116,2
hybrid_svm,standard,pedagogy,833,0.9874687506009635,0.6666666666666667,4
hybrid_svm,standard,pedagogy,834,-0.0,0.0,1
hybrid_svm,standard,pedagogy,835,0.6121972227029931,0.33333333333333337,3
hybrid_svm,standard,pedagogy,836,0.6758220575766962,0.4444444444444444,3
hybrid_svm,standard,pedagogy,837,0.4955380299191111,0.4444444444444444,2
hybrid_svm,standard,pedagogy,838,0.8288713632524446,0.4444444444444444,4
hybrid_svm,standard,pedagogy,839,-0.0,0.0,1
hybrid_svm,standard,pedagogy,841,0.38210225325431013,0.2222222222222222,2
hybrid_svm,standard,pedagogy,842,0.9455305560363264,0.6666666666666667,4
hybrid_svm,standard,pedagogy,843,0.6960736118322673,0.5555555555555556,3
hybrid_svm,standard,pedagogy,844,0.6758220575766962,0.4444444444444444,3
hybrid_svm,standard,pedagogy,845,0.6121972227029931,0.33333333333333337,3
hybrid_svm,standard,pedagogy,846,0.8763576394898526,0.5555555555555556,4
hybrid_svm,standard,pedagogy,847,0.6121972227029931,0.33333333333333337,3
hybrid_svm,standard,pedagogy,848,0.38210225325431013,0.2222222222222222,2
hybrid_svm,standard,pedagogy,849,0.4955380299191111,0.4444444444444444,2
hybrid_svm,standard,pedagogy,850,0.4955380299191111,0.4444444444444444,2
hybrid_svm,standard,pedagogy,851,0.6121972227029931,0.33333333333333337,3
hybrid_svm,standard,pedagogy,852,0.25162916738782287,0.11111111111111116,2
hybrid_svm,standard,pedagogy,853,0.9874687506009635,0.6666666666666667,4
hybrid_svm,standard,pedagogy,854,0.7652465283787413,0.5555555555555556,3
hybrid_svm,standard,pedagogy,855,0.6121972227029931,0.33333333333333337,3
hybrid_svm,standard,pedagogy,856,0.7177602521413333,0.4444444444444444,3
hybrid_svm,standard,pedagogy,857,0.6758220575766962,0.4444444444444444,3
hybrid_svm,standard,pedagogy,858,0.4955380299191111,0.4444444444444444,2
hybrid_svm,standard,pedagogy,859,0.4591479170272447,0.33333333333333337,2
hybrid_svm,standard,pedagogy,860,0.4591479170272447,0.33333333333333337,2
hybrid_svm,standard,pedagogy,861,0.7652465283787413,0.5555555555555556,3
hybrid_svm,standard,pedagogy,862,0.9182958340544897,0.5555555555555556,4
hybrid_svm,standard,pedagogy,863,0.6758220575766962,0.4444444444444444,3
hybrid_svm,standard,pedagogy,864,0.6758220575766962,0.4444444444444444,3
hybrid_svm,standard,pedagogy,865,0.25162916738782287,0.11111111111111116,2
hybrid_svm,standard,pedagogy,866,0.7652465283787413,0.5555555555555556,3
hybrid_svm,standard,pedagogy,867,0.6121972227029931,0.33333333333333337,3
hybrid_svm,standard,pedagogy,868,0.4932133643654213,0.2222222222222222,3
hybrid_svm,standard,pedagogy,869,0.25162916738782287,0.11111111111111116,2
hybrid_svm,standard,pedagogy,870,0.9182958340544897,0.5555555555555556,4
hybrid_svm,standard,pedagogy,871,0.4591479170272447,0.33333333333333337,2
hybrid_svm,standard,pedagogy,872,0.4955380299191111,0.4444444444444444,2
hybrid_svm,standard,pedagogy,873,0.25162916738782287,0.11111111111111116,2
hybrid_svm,standard,pedagogy,874,0.25162916738782287,0.11111111111111116,2
hybrid_svm,standard,pedagogy,875,0.4591479170272447,0.33333333333333337,2
hybrid_svm,standard,pedagogy,876,-0.0,0.0,1
hybrid_svm,standard,pedagogy,877,0.4955380299191111,0.4444444444444444,2
hybrid_svm,standard,pedagogy,878,0.4591479170272447,0.33333333333333337,2
hybrid_svm,standard,pedagogy,879,0.6121972227029931,0.33333333333333337,3
hybrid_svm,standard,pedagogy,880,0.38210225325431013,0.2222222222222222,2
hybrid_svm,standard,pedagogy,881,0.7177602521413333,0.4444444444444444,3
hybrid_svm,standard,pedagogy,882,0.792481250360578,0.6666666666666667,3
hybrid_svm,standard,pedagogy,883,0.9874687506009635,0.6666666666666667,4
hybrid_svm,standard,pedagogy,884,0.38210225325431013,0.2222222222222222,2
hybrid_svm,standard,pedagogy,885,0.9455305560363264,0.6666666666666667,4
hybrid_svm,standard,pedagogy,886,0.4955380299191111,0.4444444444444444,2
hybrid_svm,standard,pedagogy,887,0.9455305560363264,0.6666666666666667,4
hybrid_svm,standard,pedagogy,888,0.4955380299191111,0.4444444444444444,2
hybrid_svm,standard,pedagogy,889,0.4955380299191111,0.4444444444444444,2
hybrid_svm,standard,pedagogy,890,0.4591479170272447,0.33333333333333337,2
hybrid_svm,standard,pedagogy,891,0.6121972227029931,0.33333333333333337,3
hybrid_svm,standard,pedagogy,892,0.4955380299191111,0.4444444444444444,2
hybrid_svm,standard,pedagogy,893,0.6121972227029931,0.33333333333333337,3
hybrid_svm,standard,pedagogy,894,0.7233083338141042,0.33333333333333337,4
hybrid_svm,standard,pedagogy,895,0.7652465283787413,0.5555555555555556,3
hybrid_svm,standard,pedagogy,896,0.9455305560363264,0.6666666666666667,4
hybrid_svm,standard,pedagogy,897,0.4591479170272447,0.33333333333333337,2
hybrid_svm,standard,pedagogy,898,0.25162916738782287,0.11111111111111116,2
hybrid_svm,standard,pedagogy,899,0.4591479170272447,0.33333333333333337,2
hybrid_svm,standard,pedagogy,900,0.4591479170272447,0.33333333333333337,2
hybrid_svm,standard,pedagogy,901,0.8763576394898526,0.5555555555555556,4
hybrid_svm,standard,pedagogy,902,0.4932133643654213,0.2222222222222222,3
hybrid_svm,standard,pedagogy,903,0.8763576394898526,0.5555555555555556,4
hybrid_svm,standard,pedagogy,904,0.7652465283787413,0.5555555555555556,3
hybrid_svm,standard,pedagogy,905,0.7652465283787413,0.5555555555555556,3
hybrid_svm,standard,pedagogy,906,0.6121972227029931,0.33333333333333337,3
hybrid_svm,standard,pedagogy,907,0.6960736118322673,0.5555555555555556,3
hybrid_svm,standard,pedagogy,908,0.4955380299191111,0.4444444444444444,2
hybrid_svm,standard,pedagogy,909,0.4591479170272447,0.33333333333333337,2
hybrid_svm,standard,pedagogy,910,0.6758220575766962,0.4444444444444444,3
hybrid_svm,standard,pedagogy,911,0.4955380299191111,0.4444444444444444,2
hybrid_svm,standard,pedagogy,912,0.4955380299191111,0.4444444444444444,2
hybrid_svm,standard,pedagogy,913,0.4955380299191111,0.4444444444444444,2
hybrid_svm,standard,pedagogy,914,0.4591479170272447,0.33333333333333337,2
hybrid_svm,standard,pedagogy,915,0.7652465283787413,0.5555555555555556,3
hybrid_svm,standard,pedagogy,916,0.38210225325431013,0.2222222222222222,2
hybrid_svm,standard,pedagogy,917,0.4932133643654213,0.2222222222222222,3
hybrid_svm,standard,pedagogy,918,0.4955380299191111,0.4444444444444444,2
hybrid_svm,standard,pedagogy,919,0.38210225325431013,0.2222222222222222,2
hybrid_svm,standard,pedagogy,920,-0.0,0.0,1
hybrid_svm,standard,pedagogy,921,0.6758220575766962,0.4444444444444444,3
hybrid_svm,standard,pedagogy,922,0.38210225325431013,0.2222222222222222,2
hybrid_svm,standard,pedagogy,923,0.4591479170272447,0.33333333333333337,2
hybrid_svm,standard,pedagogy,924,0.38210225325431013,0.2222222222222222,2
hybrid_svm,standard,pedagogy,925,0.4955380299191111,0.4444444444444444,2
hybrid_svm,standard,pedagogy,926,0.7652465283787413,0.5555555555555556,3
hybrid_svm,standard,pedagogy,927,0.6758220575766962,0.4444444444444444,3
hybrid_svm,standard,pedagogy,928,0.7652465283787413,0.5555555555555556,3
hybrid_svm,standard,pedagogy,929,0.6121972227029931,0.33333333333333337,3
hybrid_svm,standard,pedagogy,930,-0.0,0.0,1
hybrid_svm,standard,pedagogy,931,0.8288713632524446,0.4444444444444444,4
hybrid_svm,standard,pedagogy,932,0.25162916738782287,0.11111111111111116,2
hybrid_svm,standard,pedagogy,933,0.8288713632524446,0.4444444444444444,4
hybrid_svm,standard,pedagogy,934,-0.0,0.0,1
hybrid_svm,standard,pedagogy,935,0.38210225325431013,0.2222222222222222,2
hybrid_svm,standard,pedagogy,936,0.6121972227029931,0.33333333333333337,3
hybrid_svm,standard,pedagogy,937,0.25162916738782287,0.11111111111111116,2
hybrid_svm,standard,pedagogy,938,0.38210225325431013,0.2222222222222222,2
hybrid_svm,standard,pedagogy,939,0.38210225325431013,0.2222222222222222,2
hybrid_svm,standard,pedagogy,940,0.38210225325431013,0.2222222222222222,2
hybrid_svm,standard,pedagogy,941,0.7177602521413333,0.4444444444444444,3
hybrid_svm,standard,pedagogy,942,-0.0,0.0,1
hybrid_svm,standard,pedagogy,943,-0.0,0.0,1
hybrid_svm,standard,pedagogy,944,0.9182958340544897,0.5555555555555556,4
hybrid_svm,standard,pedagogy,945,-0.0,0.0,1
hybrid_svm,standard,pedagogy,946,0.6758220575766962,0.4444444444444444,3
hybrid_svm,standard,pedagogy,947,0.4932133643654213,0.2222222222222222,3
hybrid_svm,standard,pedagogy,948,0.25162916738782287,0.11111111111111116,2
hybrid_svm,standard,pedagogy,949,0.6121972227029931,0.33333333333333337,3
hybrid_svm,standard,pedagogy,950,0.25162916738782287,0.11111111111111116,2
hybrid_svm,standard,pedagogy,951,-0.0,0.0,1
hybrid_svm,standard,pedagogy,952,0.6121972227029931,0.33333333333333337,3
hybrid_svm,standard,pedagogy,953,0.4955380299191111,0.4444444444444444,2
hybrid_svm,standard,pedagogy,954,0.6758220575766962,0.4444444444444444,3
hybrid_svm,standard,pedagogy,955,0.6758220575766962,0.4444444444444444,3
hybrid_svm,standard,pedagogy,956,0.38210225325431013,0.2222222222222222,2
hybrid_svm,standard,pedagogy,957,0.25162916738782287,0.11111111111111116,2
hybrid_svm,standard,pedagogy,958,0.25162916738782287,0.11111111111111116,2
hybrid_svm,standard,pedagogy,959,0.8288713632524446,0.4444444444444444,4
hybrid_svm,standard,pedagogy,960,0.6758220575766962,0.4444444444444444,3
hybrid_svm,standard,pedagogy,961,0.6960736118322673,0.5555555555555556,3
hybrid_svm,standard,pedagogy,962,-0.0,0.0,1
hybrid_svm,standard,pedagogy,963,0.8763576394898526,0.5555555555555556,4
hybrid_svm,standard,pedagogy,964,0.9455305560363264,0.6666666666666667,4
hybrid_svm,standard,pedagogy,965,0.6758220575766962,0.4444444444444444,3
hybrid_svm,standard,pedagogy,966,0.7233083338141042,0.33333333333333337,4
hybrid_svm,standard,pedagogy,967,0.9874687506009635,0.6666666666666667,4
hybrid_svm,standard,pedagogy,968,0.6121972227029931,0.33333333333333337,3
hybrid_svm,standard,pedagogy,969,0.6758220575766962,0.4444444444444444,3
hybrid_svm,standard,pedagogy,970,0.6758220575766962,0.4444444444444444,3
hybrid_svm,standard,pedagogy,971,0.4591479170272447,0.33333333333333337,2
hybrid_svm,standard,pedagogy,972,0.7652465283787413,0.5555555555555556,3
hybrid_svm,standard,pedagogy,973,0.6960736118322673,0.5555555555555556,3
hybrid_svm,standard,pedagogy,974,-0.0,0.0,1
hybrid_svm,standard,pedagogy,975,0.4955380299191111,0.4444444444444444,2
hybrid_svm,standard,pedagogy,976,0.4591479170272447,0.33333333333333337,2
hybrid_svm,standard,pedagogy,977,0.25162916738782287,0.11111111111111116,2
hybrid_svm,standard,pedagogy,978,0.4591479170272447,0.33333333333333337,2
hybrid_svm,standard,pedagogy,979,0.4932133643654213,0.2222222222222222,3
hybrid_svm,standard,pedagogy,980,0.6758220575766962,0.4444444444444444,3
hybrid_svm,standard,pedagogy,981,0.4591479170272447,0.33333333333333337,2
hybrid_svm,standard,pedagogy,982,-0.0,0.0,1
hybrid_svm,standard,pedagogy,983,0.25162916738782287,0.11111111111111116,2
hybrid_svm,standard,pedagogy,984,-0.0,0.0,1
hybrid_svm,standard,pedagogy,985,0.6121972227029931,0.33333333333333337,3
hybrid_svm,standard,pedagogy,986,0.792481250360578,0.6666666666666667,3
hybrid_svm,standard,pedagogy,987,-0.0,0.0,1
hybrid_svm,standard,pedagogy,988,0.6121972227029931,0.33333333333333337,3
hybrid_svm,standard,pedagogy,989,-0.0,0.0,1
hybrid_svm,standard,pedagogy,990,0.6758220575766962,0.4444444444444444,3
hybrid_svm,standard,pedagogy,991,0.7652465283787413,0.5555555555555556,3
hybrid_svm,standard,pedagogy,992,0.6960736118322673,0.5555555555555556,3
hybrid_svm,standard,pedagogy,993,0.9874687506009635,0.6666666666666667,4
hybrid_svm,standard,pedagogy,994,0.7177602521413333,0.4444444444444444,3
hybrid_svm,standard,pedagogy,995,0.7652465283787413,0.5555555555555556,3
hybrid_svm,standard,pedagogy,996,0.4955380299191111,0.4444444444444444,2
hybrid_svm,standard,pedagogy,997,0.9455305560363264,0.6666666666666667,4
hybrid_svm,standard,pedagogy,998,0.4955380299191111,0.4444444444444444,2
hybrid_svm,standard,pedagogy,999,0.25162916738782287,0.11111111111111116,2
hybrid_svm,standard,pedagogy,1000,0.6960736118322673,0.5555555555555556,3
hybrid_svm,standard,pedagogy,1001,0.4932133643654213,0.2222222222222222,3
hybrid_svm,standard,pedagogy,1009,0.6121972227029931,0.33333333333333337,3
hybrid_svm,standard,pedagogy,1061,0.6758220575766962,0.4444444444444444,3
hybrid_svm,standard,pedagogy,1085,0.7652465283787413,0.5555555555555556,3
hybrid_svm,standard,pedagogy,1125,0.25162916738782287,0.11111111111111116,2
word_svm,hard,generic,0,0.8288713632524446,0.4444444444444444,4
word_svm,hard,generic,1,0.4591479170272447,0.33333333333333337,2
word_svm,hard,generic,2,0.4591479170272447,0.33333333333333337,2
word_svm,hard,generic,3,0.4955380299191111,0.4444444444444444,2
word_svm,hard,generic,4,0.7233083338141042,0.33333333333333337,4
word_svm,hard,generic,5,0.6121972227029931,0.33333333333333337,3
word_svm,hard,generic,6,0.6960736118322673,0.5555555555555556,3
word_svm,hard,generic,7,0.9455305560363264,0.6666666666666667,4
word_svm,hard,generic,8,0.6121972227029931,0.33333333333333337,3
word_svm,hard,generic,9,0.38210225325431013,0.2222222222222222,2
word_svm,hard,generic,10,0.6960736118322673,0.5555555555555556,3
word_svm,hard,generic,11,0.7652465283787413,0.5555555555555556,3
word_svm,hard,generic,12,0.4932133643654213,0.2222222222222222,3
word_svm,hard,generic,13,0.38210225325431013,0.2222222222222222,2
word_svm,hard,generic,14,0.7652465283787413,0.5555555555555556,3
word_svm,hard,generic,15,0.4932133643654213,0.2222222222222222,3
word_svm,hard,generic,16,0.7652465283787413,0.5555555555555556,3
word_svm,hard,generic,17,0.6960736118322673,0.5555555555555556,3
word_svm,hard,generic,18,0.8763576394898526,0.5555555555555556,4
word_svm,hard,generic,19,0.4591479170272447,0.33333333333333337,2
word_svm,hard,generic,20,0.6121972227029931,0.33333333333333337,3
word_svm,hard,generic,21,0.25162916738782287,0.11111111111111116,2
word_svm,hard,generic,22,0.7652465283787413,0.5555555555555556,3
word_svm,hard,generic,23,0.25162916738782287,0.11111111111111116,2
word_svm,hard,generic,24,0.8288713632524446,0.4444444444444444,4
word_svm,hard,generic,25,0.6758220575766962,0.4444444444444444,3
word_svm,hard,generic,26,0.7233083338141042,0.33333333333333337,4
word_svm,hard,generic,27,0.6121972227029931,0.33333333333333337,3
word_svm,hard,generic,28,0.38210225325431013,0.2222222222222222,2
word_svm,hard,generic,29,0.8288713632524446,0.4444444444444444,4
word_svm,hard,generic,30,0.38210225325431013,0.2222222222222222,2
word_svm,hard,generic,31,0.6960736118322673,0.5555555555555556,3
word_svm,hard,generic,32,0.38210225325431013,0.2222222222222222,2
word_svm,hard,generic,33,0.4932133643654213,0.2222222222222222,3
word_svm,hard,generic,34,0.6121972227029931,0.33333333333333337,3
word_svm,hard,generic,35,0.792481250360578,0.6666666666666667,3
word_svm,hard,generic,36,0.7652465283787413,0.5555555555555556,3
word_svm,hard,generic,37,0.7652465283787413,0.5555555555555556,3
word_svm,hard,generic,38,0.6758220575766962,0.4444444444444444,3
word_svm,hard,generic,39,0.7652465283787413,0.5555555555555556,3
word_svm,hard,generic,40,0.4932133643654213,0.2222222222222222,3
word_svm,hard,generic,41,0.7652465283787413,0.5555555555555556,3
word_svm,hard,generic,42,0.25162916738782287,0.11111111111111116,2
word_svm,hard,generic,43,0.7177602521413333,0.4444444444444444,3
word_svm,hard,generic,44,0.4932133643654213,0.2222222222222222,3
word_svm,hard,generic,45,0.25162916738782287,0.11111111111111116,2
word_svm,hard,generic,46,0.7652465283787413,0.5555555555555556,3
word_svm,hard,generic,47,0.8763576394898526,0.5555555555555556,4
word_svm,hard,generic,48,0.7652465283787413,0.5555555555555556,3
word_svm,hard,generic,49,0.7652465283787413,0.5555555555555556,3
word_svm,hard,generic,50,0.4932133643654213,0.2222222222222222,3
word_svm,hard,generic,51,0.4932133643654213,0.2222222222222222,3
word_svm,hard,generic,52,0.6121972227029931,0.33333333333333337,3
word_svm,hard,generic,53,0.7652465283787413,0.5555555555555556,3
word_svm,hard,generic,54,0.4955380299191111,0.4444444444444444,2
word_svm,hard,generic,55,0.25162916738782287,0.11111111111111116,2
word_svm,hard,generic,56,0.7177602521413333,0.4444444444444444,3
word_svm,hard,generic,57,0.38210225325431013,0.2222222222222222,2
word_svm,hard,generic,58,0.4591479170272447,0.33333333333333337,2
word_svm,hard,generic,59,0.7177602521413333,0.4444444444444444,3
word_svm,hard,generic,60,0.6121972227029931,0.33333333333333337,3
word_svm,hard,generic,61,0.4591479170272447,0.33333333333333337,2
word_svm,hard,generic,62,0.792481250360578,0.6666666666666667,3
word_svm,hard,generic,63,0.6758220575766962,0.4444444444444444,3
word_svm,hard,generic,64,0.6960736118322673,0.5555555555555556,3
word_svm,hard,generic,65,0.25162916738782287,0.11111111111111116,2
word_svm,hard,generic,66,0.7652465283787413,0.5555555555555556,3
word_svm,hard,generic,67,0.4955380299191111,0.4444444444444444,2
word_svm,hard,generic,68,0.4955380299191111,0.4444444444444444,2
word_svm,hard,generic,69,0.4955380299191111,0.4444444444444444,2
word_svm,hard,generic,70,0.6960736118322673,0.5555555555555556,3
word_svm,hard,generic,71,0.7652465283787413,0.5555555555555556,3
word_svm,hard,generic,72,0.6758220575766962,0.4444444444444444,3
word_svm,hard,generic,73,0.25162916738782287,0.11111111111111116,2
word_svm,hard,generic,74,0.6960736118322673,0.5555555555555556,3
word_svm,hard,generic,75,0.6121972227029931,0.33333333333333337,3
word_svm,hard,generic,76,0.8288713632524446,0.4444444444444444,4
word_svm,hard,generic,77,0.38210225325431013,0.2222222222222222,2
word_svm,hard,generic,78,0.6758220575766962,0.4444444444444444,3
word_svm,hard,generic,79,0.8763576394898526,0.5555555555555556,4
word_svm,hard,generic,80,0.6960736118322673,0.5555555555555556,3
word_svm,hard,generic,81,0.6121972227029931,0.33333333333333337,3
word_svm,hard,generic,82,0.7652465283787413,0.5555555555555556,3
word_svm,hard,generic,83,0.4591479170272447,0.33333333333333337,2
word_svm,hard,generic,84,0.7652465283787413,0.5555555555555556,3
word_svm,hard,generic,85,0.25162916738782287,0.11111111111111116,2
word_svm,hard,generic,86,0.4932133643654213,0.2222222222222222,3
word_svm,hard,generic,87,0.38210225325431013,0.2222222222222222,2
word_svm,hard,generic,88,-0.0,0.0,1
word_svm,hard,generic,89,0.6960736118322673,0.5555555555555556,3
word_svm,hard,generic,90,0.38210225325431013,0.2222222222222222,2
word_svm,hard,generic,91,0.4955380299191111,0.4444444444444444,2
word_svm,hard,generic,92,0.4932133643654213,0.2222222222222222,3
word_svm,hard,generic,93,-0.0,0.0,1
word_svm,hard,generic,94,0.7177602521413333,0.4444444444444444,3
word_svm,hard,generic,95,0.4591479170272447,0.33333333333333337,2
word_svm,hard,generic,96,0.7652465283787413,0.5555555555555556,3
word_svm,hard,generic,97,0.8288713632524446,0.4444444444444444,4
word_svm,hard,generic,98,-0.0,0.0,1
word_svm,hard,generic,99,0.6121972227029931,0.33333333333333337,3
word_svm,hard,generic,100,0.4591479170272447,0.33333333333333337,2
word_svm,hard,generic,101,0.4932133643654213,0.2222222222222222,3
word_svm,hard,generic,102,0.4955380299191111,0.4444444444444444,2
word_svm,hard,generic,103,-0.0,0.0,1
word_svm,hard,generic,104,0.38210225325431013,0.2222222222222222,2
word_svm,hard,generic,105,0.6960736118322673,0.5555555555555556,3
word_svm,hard,generic,106,0.7652465283787413,0.5555555555555556,3
word_svm,hard,generic,107,0.6758220575766962,0.4444444444444444,3
word_svm,hard,generic,108,0.6121972227029931,0.33333333333333337,3
word_svm,hard,generic,109,0.7652465283787413,0.5555555555555556,3
word_svm,hard,generic,110,0.4591479170272447,0.33333333333333337,2
word_svm,hard,generic,111,0.6121972227029931,0.33333333333333337,3
word_svm,hard,generic,112,0.6960736118322673,0.5555555555555556,3
word_svm,hard,generic,113,0.4955380299191111,0.4444444444444444,2
word_svm,hard,generic,114,0.38210225325431013,0.2222222222222222,2
word_svm,hard,generic,115,0.38210225325431013,0.2222222222222222,2
word_svm,hard,generic,116,0.6758220575766962,0.4444444444444444,3
word_svm,hard,generic,117,0.6758220575766962,0.4444444444444444,3
word_svm,hard,generic,118,0.6758220575766962,0.4444444444444444,3
word_svm,hard,generic,119,-0.0,0.0,1
word_svm,hard,generic,120,0.38210225325431013,0.2222222222222222,2
word_svm,hard,generic,121,0.7177602521413333,0.4444444444444444,3
word_svm,hard,generic,122,0.9182958340544897,0.5555555555555556,4
word_svm,hard,generic,123,0.4591479170272447,0.33333333333333337,2
word_svm,hard,generic,124,0.6960736118322673,0.5555555555555556,3
word_svm,hard,generic,125,0.6758220575766962,0.4444444444444444,3
word_svm,hard,generic,126,0.4591479170272447,0.33333333333333337,2
word_svm,hard,generic,127,0.7177602521413333,0.4444444444444444,3
word_svm,hard,generic,128,0.38210225325431013,0.2222222222222222,2
word_svm,hard,generic,129,0.7652465283787413,0.5555555555555556,3
word_svm,hard,generic,130,0.4932133643654213,0.2222222222222222,3
word_svm,hard,generic,131,0.4591479170272447,0.33333333333333337,2
word_svm,hard,generic,132,0.25162916738782287,0.11111111111111116,2
word_svm,hard,generic,133,0.4932133643654213,0.2222222222222222,3
word_svm,hard,generic,134,0.7652465283787413,0.5555555555555556,3
word_svm,hard,generic,135,0.4955380299191111,0.4444444444444444,2
word_svm,hard,generic,136,0.6758220575766962,0.4444444444444444,3
word_svm,hard,generic,137,0.7652465283787413,0.5555555555555556,3
word_svm,hard,generic,138,0.6121972227029931,0.33333333333333337,3
word_svm,hard,generic,139,0.4932133643654213,0.2222222222222222,3
word_svm,hard,generic,140,0.7652465283787413,0.5555555555555556,3
word_svm,hard,generic,141,0.4932133643654213,0.2222222222222222,3
word_svm,hard,generic,142,0.4955380299191111,0.4444444444444444,2
word_svm,hard,generic,143,0.6960736118322673,0.5555555555555556,3
word_svm,hard,generic,144,0.4955380299191111,0.4444444444444444,2
word_svm,hard,generic,145,0.792481250360578,0.6666666666666667,3
word_svm,hard,generic,146,0.4932133643654213,0.2222222222222222,3
word_svm,hard,generic,147,0.6758220575766962,0.4444444444444444,3
word_svm,hard,generic,148,0.4955380299191111,0.4444444444444444,2
word_svm,hard,generic,149,0.9182958340544897,0.5555555555555556,4
word_svm,hard,generic,150,0.38210225325431013,0.2222222222222222,2
word_svm,hard,generic,151,0.6121972227029931,0.33333333333333337,3
word_svm,hard,generic,152,0.8288713632524446,0.4444444444444444,4
word_svm,hard,generic,153,0.4955380299191111,0.4444444444444444,2
word_svm,hard,generic,154,0.7652465283787413,0.5555555555555556,3
word_svm,hard,generic,155,0.8288713632524446,0.4444444444444444,4
word_svm,hard,generic,156,0.6121972227029931,0.33333333333333337,3
word_svm,hard,generic,157,0.6121972227029931,0.33333333333333337,3
word_svm,hard,generic,158,0.7652465283787413,0.5555555555555556,3
word_svm,hard,generic,159,0.7652465283787413,0.5555555555555556,3
word_svm,hard,generic,160,0.7652465283787413,0.5555555555555556,3
word_svm,hard,generic,161,0.6121972227029931,0.33333333333333337,3
word_svm,hard,generic,162,0.4955380299191111,0.4444444444444444,2
word_svm,hard,generic,163,0.6758220575766962,0.4444444444444444,3
word_svm,hard,generic,164,0.7233083338141042,0.33333333333333337,4
word_svm,hard,generic,165,0.4955380299191111,0.4444444444444444,2
word_svm,hard,generic,166,0.6758220575766962,0.4444444444444444,3
word_svm,hard,generic,167,0.6121972227029931,0.33333333333333337,3
word_svm,hard,generic,168,0.6960736118322673,0.5555555555555556,3
word_svm,hard,generic,169,0.6960736118322673,0.5555555555555556,3
word_svm,hard,generic,170,0.4955380299191111,0.4444444444444444,2
word_svm,hard,generic,171,0.6121972227029931,0.33333333333333337,3
word_svm,hard,generic,172,0.4955380299191111,0.4444444444444444,2
word_svm,hard,generic,173,0.6121972227029931,0.33333333333333337,3
word_svm,hard,generic,174,0.4591479170272447,0.33333333333333337,2
word_svm,hard,generic,175,-0.0,0.0,1
word_svm,hard,generic,176,0.6758220575766962,0.4444444444444444,3
word_svm,hard,generic,177,0.4591479170272447,0.33333333333333337,2
word_svm,hard,generic,178,0.7177602521413333,0.4444444444444444,3
word_svm,hard,generic,179,0.7177602521413333,0.4444444444444444,3
word_svm,hard,generic,180,0.25162916738782287,0.11111111111111116,2
word_svm,hard,generic,181,0.6121972227029931,0.33333333333333337,3
word_svm,hard,generic,182,0.4932133643654213,0.2222222222222222,3
word_svm,hard,generic,183,0.4591479170272447,0.33333333333333337,2
word_svm,hard,generic,184,0.4955380299191111,0.4444444444444444,2
word_svm,hard,generic,185,0.25162916738782287,0.11111111111111116,2
word_svm,hard,generic,186,0.38210225325431013,0.2222222222222222,2
word_svm,hard,generic,187,0.38210225325431013,0.2222222222222222,2
word_svm,hard,generic,188,0.4955380299191111,0.4444444444444444,2
word_svm,hard,generic,189,0.792481250360578,0.6666666666666667,3
word_svm,hard,generic,190,0.6121972227029931,0.33333333333333337,3
word_svm,hard,generic,191,0.25162916738782287,0.11111111111111116,2
word_svm,hard,generic,192,0.7652465283787413,0.5555555555555556,3
word_svm,hard,generic,193,0.6121972227029931,0.33333333333333337,3
word_svm,hard,generic,194,0.7177602521413333,0.4444444444444444,3
word_svm,hard,generic,195,0.7177602521413333,0.4444444444444444,3
word_svm,hard,generic,196,0.6960736118322673,0.5555555555555556,3
word_svm,hard,generic,197,0.4932133643654213,0.2222222222222222,3
word_svm,hard,generic,198,0.7652465283787413,0.5555555555555556,3
word_svm,hard,generic,199,0.4932133643654213,0.2222222222222222,3
word_svm,hard,generic,200,0.25162916738782287,0.11111111111111116,2
word_svm,hard,generic,201,0.38210225325431013,0.2222222222222222,2
word_svm,hard,generic,202,0.9455305560363264,0.6666666666666667,4
word_svm,hard,generic,203,0.25162916738782287,0.11111111111111116,2
word_svm,hard,generic,204,0.7652465283787413,0.5555555555555556,3
word_svm,hard,generic,205,0.25162916738782287,0.11111111111111116,2
word_svm,hard,generic,206,0.6121972227029931,0.33333333333333337,3
word_svm,hard,generic,207,0.7652465283787413,0.5555555555555556,3
word_svm,hard,generic,208,0.7177602521413333,0.4444444444444444,3
word_svm,hard,generic,209,0.7652465283787413,0.5555555555555556,3
word_svm,hard,generic,210,0.8763576394898526,0.5555555555555556,4
word_svm,hard,generic,211,0.7652465283787413,0.5555555555555556,3
word_svm,hard,generic,212,0.38210225325431013,0.2222222222222222,2
word_svm,hard,generic,213,0.4591479170272447,0.33333333333333337,2
word_svm,hard,generic,214,0.7652465283787413,0.5555555555555556,3
word_svm,hard,generic,215,0.6758220575766962,0.4444444444444444,3
word_svm,hard,generic,216,0.7652465283787413,0.5555555555555556,3
word_svm,hard,generic,217,0.7652465283787413,0.5555555555555556,3
word_svm,hard,generic,218,0.7652465283787413,0.5555555555555556,3
word_svm,hard,generic,219,0.38210225325431013,0.2222222222222222,2
word_svm,hard,generic,220,0.25162916738782287,0.11111111111111116,2
word_svm,hard,generic,221,0.6121972227029931,0.33333333333333337,3
word_svm,hard,generic,222,0.6121972227029931,0.33333333333333337,3
word_svm,hard,generic,223,0.4955380299191111,0.4444444444444444,2
word_svm,hard,generic,224,0.4591479170272447,0.33333333333333337,2
word_svm,hard,generic,225,0.7177602521413333,0.4444444444444444,3
word_svm,hard,generic,226,0.4591479170272447,0.33333333333333337,2
word_svm,hard,generic,227,0.4932133643654213,0.2222222222222222,3
word_svm,hard,generic,228,0.6121972227029931,0.33333333333333337,3
word_svm,hard,generic,229,0.38210225325431013,0.2222222222222222,2
word_svm,hard,generic,230,0.25162916738782287,0.11111111111111116,2
word_svm,hard,generic,231,0.7652465283787413,0.5555555555555556,3
word_svm,hard,generic,232,0.38210225325431013,0.2222222222222222,2
word_svm,hard,generic,233,0.4955380299191111,0.4444444444444444,2
word_svm,hard,generic,234,0.7652465283787413,0.5555555555555556,3
word_svm,hard,generic,235,0.6121972227029931,0.33333333333333337,3
word_svm,hard,generic,236,0.38210225325431013,0.2222222222222222,2
word_svm,hard,generic,237,0.6121972227029931,0.33333333333333337,3
word_svm,hard,generic,238,0.6121972227029931,0.33333333333333337,3
word_svm,hard,generic,239,0.6960736118322673,0.5555555555555556,3
word_svm,hard,generic,240,0.4955380299191111,0.4444444444444444,2
word_svm,hard,generic,241,0.8288713632524446,0.4444444444444444,4
word_svm,hard,generic,242,0.4932133643654213,0.2222222222222222,3
word_svm,hard,generic,243,0.6121972227029931,0.33333333333333337,3
word_svm,hard,generic,244,0.7652465283787413,0.5555555555555556,3
word_svm,hard,generic,245,0.7177602521413333,0.4444444444444444,3
word_svm,hard,generic,246,0.7652465283787413,0.5555555555555556,3
word_svm,hard,generic,247,0.4955380299191111,0.4444444444444444,2
word_svm,hard,generic,248,0.7652465283787413,0.5555555555555556,3
word_svm,hard,generic,249,0.6960736118322673,0.5555555555555556,3
word_svm,hard,generic,250,0.6121972227029931,0.33333333333333337,3
word_svm,hard,generic,251,0.792481250360578,0.6666666666666667,3
word_svm,hard,generic,252,0.38210225325431013,0.2222222222222222,2
word_svm,hard,generic,253,0.8288713632524446,0.4444444444444444,4
word_svm,hard,generic,254,0.25162916738782287,0.11111111111111116,2
word_svm,hard,generic,255,0.6758220575766962,0.4444444444444444,3
word_svm,hard,generic,256,0.7177602521413333,0.4444444444444444,3
word_svm,hard,generic,257,0.25162916738782287,0.11111111111111116,2
word_svm,hard,generic,258,0.7177602521413333,0.4444444444444444,3
word_svm,hard,generic,259,0.6758220575766962,0.4444444444444444,3
word_svm,hard,generic,260,0.7652465283787413,0.5555555555555556,3
word_svm,hard,generic,261,0.9182958340544897,0.5555555555555556,4
word_svm,hard,generic,262,0.4932133643654213,0.2222222222222222,3
word_svm,hard,generic,263,0.38210225325431013,0.2222222222222222,2
word_svm,hard,generic,264,-0.0,0.0,1
word_svm,hard,generic,284,0.9455305560363264,0.6666666666666667,4
word_svm,hard,pedagogy,0,0.6121972227029931,0.33333333333333337,3
word_svm,hard,pedagogy,1,0.4591479170272447,0.33333333333333337,2
word_svm,hard,pedagogy,2,0.38210225325431013,0.2222222222222222,2
word_svm,hard,pedagogy,3,0.6758220575766962,0.4444444444444444,3
word_svm,hard,pedagogy,4,0.7177602521413333,0.4444444444444444,3
word_svm,hard,pedagogy,5,0.4955380299191111,0.4444444444444444,2
word_svm,hard,pedagogy,6,0.6758220575766962,0.4444444444444444,3
word_svm,hard,pedagogy,7,0.6121972227029931,0.33333333333333337,3
word_svm,hard,pedagogy,8,0.7177602521413333,0.4444444444444444,3
word_svm,hard,pedagogy,9,0.4591479170272447,0.33333333333333337,2
word_svm,hard,pedagogy,10,0.38210225325431013,0.2222222222222222,2
word_svm,hard,pedagogy,11,0.4955380299191111,0.4444444444444444,2
word_svm,hard,pedagogy,12,0.6758220575766962,0.4444444444444444,3
word_svm,hard,pedagogy,13,0.4932133643654213,0.2222222222222222,3
word_svm,hard,pedagogy,14,0.6758220575766962,0.4444444444444444,3
word_svm,hard,pedagogy,15,0.4955380299191111,0.4444444444444444,2
word_svm,hard,pedagogy,16,0.6758220575766962,0.4444444444444444,3
word_svm,hard,pedagogy,17,-0.0,0.0,1
word_svm,hard,pedagogy,18,0.4932133643654213,0.2222222222222222,3
word_svm,hard,pedagogy,19,0.4591479170272447,0.33333333333333337,2
word_svm,hard,pedagogy,20,0.4955380299191111,0.4444444444444444,2
word_svm,hard,pedagogy,21,0.7652465283787413,0.5555555555555556,3
word_svm,hard,pedagogy,22,0.38210225325431013,0.2222222222222222,2
word_svm,hard,pedagogy,23,0.25162916738782287,0.11111111111111116,2
word_svm,hard,pedagogy,24,0.9182958340544897,0.5555555555555556,4
word_svm,hard,pedagogy,25,0.8288713632524446,0.4444444444444444,4
word_svm,hard,pedagogy,26,-0.0,0.0,1
word_svm,hard,pedagogy,27,0.4591479170272447,0.33333333333333337,2
word_svm,hard,pedagogy,28,0.6758220575766962,0.4444444444444444,3
word_svm,hard,pedagogy,29,0.6758220575766962,0.4444444444444444,3
word_svm,hard,pedagogy,30,0.6121972227029931,0.33333333333333337,3
word_svm,hard,pedagogy,31,0.9182958340544897,0.5555555555555556,4
word_svm,hard,pedagogy,32,0.6960736118322673,0.5555555555555556,3
word_svm,hard,pedagogy,33,0.4955380299191111,0.4444444444444444,2
word_svm,hard,pedagogy,34,0.8288713632524446,0.4444444444444444,4
word_svm,hard,pedagogy,35,0.25162916738782287,0.11111111111111116,2
word_svm,hard,pedagogy,36,0.6960736118322673,0.5555555555555556,3
word_svm,hard,pedagogy,37,0.6758220575766962,0.4444444444444444,3
word_svm,hard,pedagogy,38,0.6960736118322673,0.5555555555555556,3
word_svm,hard,pedagogy,39,0.6960736118322673,0.5555555555555556,3
word_svm,hard,pedagogy,40,0.25162916738782287,0.11111111111111116,2
word_svm,hard,pedagogy,41,0.7652465283787413,0.5555555555555556,3
word_svm,hard,pedagogy,42,0.9182958340544897,0.5555555555555556,4
word_svm,hard,pedagogy,43,0.4591479170272447,0.33333333333333337,2
word_svm,hard,pedagogy,44,0.4955380299191111,0.4444444444444444,2
word_svm,hard,pedagogy,45,-0.0,0.0,1
word_svm,hard,pedagogy,46,0.6121972227029931,0.33333333333333337,3
word_svm,hard,pedagogy,47,0.4932133643654213,0.2222222222222222,3
word_svm,hard,pedagogy,48,0.6121972227029931,0.33333333333333337,3
word_svm,hard,pedagogy,49,0.6960736118322673,0.5555555555555556,3
word_svm,hard,pedagogy,50,0.6121972227029931,0.33333333333333337,3
word_svm,hard,pedagogy,51,0.4955380299191111,0.4444444444444444,2
word_svm,hard,pedagogy,52,0.4955380299191111,0.4444444444444444,2
word_svm,hard,pedagogy,53,0.7177602521413333,0.4444444444444444,3
word_svm,hard,pedagogy,54,0.4955380299191111,0.4444444444444444,2
word_svm,hard,pedagogy,55,0.38210225325431013,0.2222222222222222,2
word_svm,hard,pedagogy,56,0.25162916738782287,0.11111111111111116,2
word_svm,hard,pedagogy,57,0.4932133643654213,0.2222222222222222,3
word_svm,hard,pedagogy,58,0.8763576394898526,0.5555555555555556,4
word_svm,hard,pedagogy,59,0.6758220575766962,0.4444444444444444,3
word_svm,hard,pedagogy,60,0.38210225325431013,0.2222222222222222,2
word_svm,hard,pedagogy,61,0.4955380299191111,0.4444444444444444,2
word_svm,hard,pedagogy,62,-0.0,0.0,1
word_svm,hard,pedagogy,63,0.4932133643654213,0.2222222222222222,3
word_svm,hard,pedagogy,64,-0.0,0.0,1
word_svm,hard,pedagogy,65,0.6121972227029931,0.33333333333333337,3
word_svm,hard,pedagogy,66,0.6960736118322673,0.5555555555555556,3
word_svm,hard,pedagogy,67,0.25162916738782287,0.11111111111111116,2
word_svm,hard,pedagogy,68,-0.0,0.0,1
word_svm,hard,pedagogy,69,0.6758220575766962,0.4444444444444444,3
word_svm,hard,pedagogy,70,0.25162916738782287,0.11111111111111116,2
word_svm,hard,pedagogy,71,0.4955380299191111,0.4444444444444444,2
word_svm,hard,pedagogy,72,0.4955380299191111,0.4444444444444444,2
word_svm,hard,pedagogy,73,0.38210225325431013,0.2222222222222222,2
word_svm,hard,pedagogy,74,0.7652465283787413,0.5555555555555556,3
word_svm,hard,pedagogy,75,0.4591479170272447,0.33333333333333337,2
word_svm,hard,pedagogy,76,0.8763576394898526,0.5555555555555556,4
word_svm,hard,pedagogy,77,0.4591479170272447,0.33333333333333337,2
word_svm,hard,pedagogy,78,0.7177602521413333,0.4444444444444444,3
word_svm,hard,pedagogy,79,0.8763576394898526,0.5555555555555556,4
word_svm,hard,pedagogy,80,0.25162916738782287,0.11111111111111116,2
word_svm,hard,pedagogy,81,0.792481250360578,0.6666666666666667,3
word_svm,hard,pedagogy,82,0.4932133643654213,0.2222222222222222,3
word_svm,hard,pedagogy,83,0.4591479170272447,0.33333333333333337,2
word_svm,hard,pedagogy,84,0.7177602521413333,0.4444444444444444,3
word_svm,hard,pedagogy,85,0.25162916738782287,0.11111111111111116,2
word_svm,hard,pedagogy,86,0.4955380299191111,0.4444444444444444,2
word_svm,hard,pedagogy,87,0.4591479170272447,0.33333333333333337,2
word_svm,hard,pedagogy,88,0.38210225325431013,0.2222222222222222,2
word_svm,hard,pedagogy,89,0.6758220575766962,0.4444444444444444,3
word_svm,hard,pedagogy,90,0.25162916738782287,0.11111111111111116,2
word_svm,hard,pedagogy,91,0.4955380299191111,0.4444444444444444,2
word_svm,hard,pedagogy,92,0.7177602521413333,0.4444444444444444,3
word_svm,hard,pedagogy,93,0.4955380299191111,0.4444444444444444,2
word_svm,hard,pedagogy,94,0.6121972227029931,0.33333333333333337,3
word_svm,hard,pedagogy,95,0.4591479170272447,0.33333333333333337,2
word_svm,hard,pedagogy,96,0.6121972227029931,0.33333333333333337,3
word_svm,hard,pedagogy,97,0.7652465283787413,0.5555555555555556,3
word_svm,hard,pedagogy,98,0.6121972227029931,0.33333333333333337,3
word_svm,hard,pedagogy,99,0.6121972227029931,0.33333333333333337,3
word_svm,hard,pedagogy,100,0.4932133643654213,0.2222222222222222,3
word_svm,hard,pedagogy,101,0.4591479170272447,0.33333333333333337,2
word_svm,hard,pedagogy,102,0.4932133643654213,0.2222222222222222,3
word_svm,hard,pedagogy,103,0.6758220575766962,0.4444444444444444,3
word_svm,hard,pedagogy,104,0.38210225325431013,0.2222222222222222,2
word_svm,hard,pedagogy,105,0.8763576394898526,0.5555555555555556,4
word_svm,hard,pedagogy,106,0.4591479170272447,0.33333333333333337,2
word_svm,hard,pedagogy,107,0.8288713632524446,0.4444444444444444,4
word_svm,hard,pedagogy,108,0.25162916738782287,0.11111111111111116,2
word_svm,hard,pedagogy,109,0.6758220575766962,0.4444444444444444,3
word_svm,hard,pedagogy,110,0.4591479170272447,0.33333333333333337,2
word_svm,hard,pedagogy,111,0.9874687506009635,0.6666666666666667,4
word_svm,hard,pedagogy,112,0.38210225325431013,0.2222222222222222,2
word_svm,hard,pedagogy,113,0.25162916738782287,0.11111111111111116,2
word_svm,hard,pedagogy,114,0.25162916738782287,0.11111111111111116,2
word_svm,hard,pedagogy,115,0.7652465283787413,0.5555555555555556,3
word_svm,hard,pedagogy,116,0.4932133643654213,0.2222222222222222,3
word_svm,hard,pedagogy,117,0.38210225325431013,0.2222222222222222,2
word_svm,hard,pedagogy,118,0.4591479170272447,0.33333333333333337,2
word_svm,hard,pedagogy,119,0.4932133643654213,0.2222222222222222,3
word_svm,hard,pedagogy,120,0.6121972227029931,0.33333333333333337,3
word_svm,hard,pedagogy,121,0.6121972227029931,0.33333333333333337,3
word_svm,hard,pedagogy,122,0.4955380299191111,0.4444444444444444,2
word_svm,hard,pedagogy,123,0.7177602521413333,0.4444444444444444,3
word_svm,hard,pedagogy,124,0.4932133643654213,0.2222222222222222,3
word_svm,hard,pedagogy,125,0.38210225325431013,0.2222222222222222,2
word_svm,hard,pedagogy,126,0.6121972227029931,0.33333333333333337,3
word_svm,hard,pedagogy,127,0.4955380299191111,0.4444444444444444,2
word_svm,hard,pedagogy,128,0.25162916738782287,0.11111111111111116,2
word_svm,hard,pedagogy,129,0.38210225325431013,0.2222222222222222,2
word_svm,hard,pedagogy,130,0.4955380299191111,0.4444444444444444,2
word_svm,hard,pedagogy,131,0.4591479170272447,0.33333333333333337,2
word_svm,hard,pedagogy,132,0.25162916738782287,0.11111111111111116,2
word_svm,hard,pedagogy,133,0.9455305560363264,0.6666666666666667,4
word_svm,hard,pedagogy,134,0.8763576394898526,0.5555555555555556,4
word_svm,hard,pedagogy,135,0.6758220575766962,0.4444444444444444,3
word_svm,hard,pedagogy,136,0.6758220575766962,0.4444444444444444,3
word_svm,hard,pedagogy,137,0.25162916738782287,0.11111111111111116,2
word_svm,hard,pedagogy,138,-0.0,0.0,1
word_svm,hard,pedagogy,139,-0.0,0.0,1
word_svm,hard,pedagogy,140,0.9182958340544897,0.5555555555555556,4
word_svm,hard,pedagogy,141,-0.0,0.0,1
word_svm,hard,pedagogy,142,0.38210225325431013,0.2222222222222222,2
word_svm,hard,pedagogy,143,0.4955380299191111,0.4444444444444444,2
word_svm,hard,pedagogy,144,0.6121972227029931,0.33333333333333337,3
word_svm,hard,pedagogy,145,0.6121972227029931,0.33333333333333337,3
word_svm,hard,pedagogy,146,0.4955380299191111,0.4444444444444444,2
word_svm,hard,pedagogy,147,0.6758220575766962,0.4444444444444444,3
word_svm,hard,pedagogy,148,0.7177602521413333,0.4444444444444444,3
word_svm,hard,pedagogy,149,0.9874687506009635,0.6666666666666667,4
word_svm,hard,pedagogy,150,0.25162916738782287,0.11111111111111116,2
word_svm,hard,pedagogy,151,0.6121972227029931,0.33333333333333337,3
word_svm,hard,pedagogy,152,0.6758220575766962,0.4444444444444444,3
word_svm,hard,pedagogy,153,0.7177602521413333,0.4444444444444444,3
word_svm,hard,pedagogy,154,0.8288713632524446,0.4444444444444444,4
word_svm,hard,pedagogy,155,0.6758220575766962,0.4444444444444444,3
word_svm,hard,pedagogy,156,0.6758220575766962,0.4444444444444444,3
word_svm,hard,pedagogy,157,0.6758220575766962,0.4444444444444444,3
word_svm,hard,pedagogy,158,0.7652465283787413,0.5555555555555556,3
word_svm,hard,pedagogy,159,0.6960736118322673,0.5555555555555556,3
word_svm,hard,pedagogy,160,0.9182958340544897,0.5555555555555556,4
word_svm,hard,pedagogy,161,0.25162916738782287,0.11111111111111116,2
word_svm,hard,pedagogy,162,0.25162916738782287,0.11111111111111116,2
word_svm,hard,pedagogy,163,0.6960736118322673,0.5555555555555556,3
word_svm,hard,pedagogy,164,0.6121972227029931,0.33333333333333337,3
word_svm,hard,pedagogy,165,0.8288713632524446,0.4444444444444444,4
word_svm,hard,pedagogy,166,0.4932133643654213,0.2222222222222222,3
word_svm,hard,pedagogy,167,0.38210225325431013,0.2222222222222222,2
word_svm,hard,pedagogy,168,0.6121972227029931,0.33333333333333337,3
word_svm,hard,pedagogy,169,-0.0,0.0,1
word_svm,hard,pedagogy,170,0.25162916738782287,0.11111111111111116,2
word_svm,hard,pedagogy,171,0.38210225325431013,0.2222222222222222,2
word_svm,hard,pedagogy,172,-0.0,0.0,1
word_svm,hard,pedagogy,173,0.6121972227029931,0.33333333333333337,3
word_svm,hard,pedagogy,174,0.4591479170272447,0.33333333333333337,2
word_svm,hard,pedagogy,175,0.7177602521413333,0.4444444444444444,3
word_svm,hard,pedagogy,176,0.4932133643654213,0.2222222222222222,3
word_svm,hard,pedagogy,177,0.7652465283787413,0.5555555555555556,3
word_svm,hard,pedagogy,178,0.38210225325431013,0.2222222222222222,2
word_svm,hard,pedagogy,179,0.4591479170272447,0.33333333333333337,2
word_svm,hard,pedagogy,180,0.25162916738782287,0.11111111111111116,2
word_svm,hard,pedagogy,181,0.6121972227029931,0.33333333333333337,3
word_svm,hard,pedagogy,182,0.25162916738782287,0.11111111111111116,2
word_svm,hard,pedagogy,183,0.25162916738782287,0.11111111111111116,2
word_svm,hard,pedagogy,184,-0.0,0.0,1
word_svm,hard,pedagogy,185,0.25162916738782287,0.11111111111111116,2
word_svm,hard,pedagogy,186,0.6121972227029931,0.33333333333333337,3
word_svm,hard,pedagogy,187,0.6121972227029931,0.33333333333333337,3
word_svm,hard,pedagogy,188,0.25162916738782287,0.11111111111111116,2
word_svm,hard,pedagogy,189,0.7177602521413333,0.4444444444444444,3
word_svm,hard,pedagogy,190,0.4932133643654213,0.2222222222222222,3
word_svm,hard,pedagogy,191,0.38210225325431013,0.2222222222222222,2
word_svm,hard,pedagogy,192,0.6758220575766962,0.4444444444444444,3
word_svm,hard,pedagogy,193,0.25162916738782287,0.11111111111111116,2
word_svm,hard,pedagogy,194,0.25162916738782287,0.11111111111111116,2
word_svm,hard,pedagogy,195,0.6121972227029931,0.33333333333333337,3
word_svm,hard,pedagogy,196,0.4932133643654213,0.2222222222222222,3
word_svm,hard,pedagogy,197,-0.0,0.0,1
word_svm,hard,pedagogy,198,0.6758220575766962,0.4444444444444444,3
word_svm,hard,pedagogy,199,0.4591479170272447,0.33333333333333337,2
word_svm,hard,pedagogy,200,0.6758220575766962,0.4444444444444444,3
word_svm,hard,pedagogy,201,0.7652465283787413,0.5555555555555556,3
word_svm,hard,pedagogy,202,0.9455305560363264,0.6666666666666667,4
word_svm,hard,pedagogy,203,-0.0,0.0,1
word_svm,hard,pedagogy,204,0.6960736118322673,0.5555555555555556,3
word_svm,hard,pedagogy,205,0.6960736118322673,0.5555555555555556,3
word_svm,hard,pedagogy,206,0.6758220575766962,0.4444444444444444,3
word_svm,hard,pedagogy,207,0.4955380299191111,0.4444444444444444,2
word_svm,hard,pedagogy,208,0.4955380299191111,0.4444444444444444,2
word_svm,hard,pedagogy,209,0.4932133643654213,0.2222222222222222,3
word_svm,hard,pedagogy,210,0.4591479170272447,0.33333333333333337,2
word_svm,hard,pedagogy,211,0.7652465283787413,0.5555555555555556,3
word_svm,hard,pedagogy,212,0.4955380299191111,0.4444444444444444,2
word_svm,hard,pedagogy,213,0.6758220575766962,0.4444444444444444,3
word_svm,hard,pedagogy,214,0.6960736118322673,0.5555555555555556,3
word_svm,hard,pedagogy,215,0.7652465283787413,0.5555555555555556,3
word_svm,hard,pedagogy,216,0.38210225325431013,0.2222222222222222,2
word_svm,hard,pedagogy,217,0.8763576394898526,0.5555555555555556,4
word_svm,hard,pedagogy,218,0.38210225325431013,0.2222222222222222,2
word_svm,hard,pedagogy,219,0.25162916738782287,0.11111111111111116,2
word_svm,hard,pedagogy,220,0.4932133643654213,0.2222222222222222,3
word_svm,hard,pedagogy,221,0.4955380299191111,0.4444444444444444,2
word_svm,hard,pedagogy,222,0.7652465283787413,0.5555555555555556,3
word_svm,hard,pedagogy,223,0.4932133643654213,0.2222222222222222,3
word_svm,hard,pedagogy,224,0.25162916738782287,0.11111111111111116,2
word_svm,hard,pedagogy,225,0.7177602521413333,0.4444444444444444,3
word_svm,hard,pedagogy,226,0.9182958340544897,0.5555555555555556,4
word_svm,hard,pedagogy,227,0.4932133643654213,0.2222222222222222,3
word_svm,hard,pedagogy,228,0.7177602521413333,0.4444444444444444,3
word_svm,hard,pedagogy,229,0.6758220575766962,0.4444444444444444,3
word_svm,hard,pedagogy,230,0.6960736118322673,0.5555555555555556,3
word_svm,hard,pedagogy,231,0.7177602521413333,0.4444444444444444,3
word_svm,hard,pedagogy,232,0.6758220575766962,0.4444444444444444,3
word_svm,hard,pedagogy,233,0.38210225325431013,0.2222222222222222,2
word_svm,hard,pedagogy,234,0.7652465283787413,0.5555555555555556,3
word_svm,hard,pedagogy,235,0.4932133643654213,0.2222222222222222,3
word_svm,hard,pedagogy,236,0.8288713632524446,0.4444444444444444,4
word_svm,hard,pedagogy,237,0.4591479170272447,0.33333333333333337,2
word_svm,hard,pedagogy,238,0.6758220575766962,0.4444444444444444,3
word_svm,hard,pedagogy,239,-0.0,0.0,1
word_svm,hard,pedagogy,240,0.9455305560363264,0.6666666666666667,4
word_svm,hard,pedagogy,241,0.4591479170272447,0.33333333333333337,2
word_svm,hard,pedagogy,242,0.6758220575766962,0.4444444444444444,3
word_svm,hard,pedagogy,243,0.25162916738782287,0.11111111111111116,2
word_svm,hard,pedagogy,244,0.38210225325431013,0.2222222222222222,2
word_svm,hard,pedagogy,245,0.6960736118322673,0.5555555555555556,3
word_svm,hard,pedagogy,246,0.7177602521413333,0.4444444444444444,3
word_svm,hard,pedagogy,247,0.25162916738782287,0.11111111111111116,2
word_svm,hard,pedagogy,248,0.4932133643654213,0.2222222222222222,3
word_svm,hard,pedagogy,249,0.38210225325431013,0.2222222222222222,2
word_svm,hard,pedagogy,250,0.6758220575766962,0.4444444444444444,3
word_svm,hard,pedagogy,251,0.6960736118322673,0.5555555555555556,3
word_svm,hard,pedagogy,252,0.6758220575766962,0.4444444444444444,3
word_svm,hard,pedagogy,253,0.4591479170272447,0.33333333333333337,2
word_svm,hard,pedagogy,254,0.4932133643654213,0.2222222222222222,3
word_svm,hard,pedagogy,255,0.6121972227029931,0.33333333333333337,3
word_svm,hard,pedagogy,256,0.7233083338141042,0.33333333333333337,4
word_svm,hard,pedagogy,257,0.25162916738782287,0.11111111111111116,2
word_svm,hard,pedagogy,258,0.38210225325431013,0.2222222222222222,2
word_svm,hard,pedagogy,259,0.6121972227029931,0.33333333333333337,3
word_svm,hard,pedagogy,260,0.6960736118322673,0.5555555555555556,3
word_svm,hard,pedagogy,261,0.8288713632524446,0.4444444444444444,4
word_svm,hard,pedagogy,262,0.8288713632524446,0.4444444444444444,4
word_svm,hard,pedagogy,263,0.6121972227029931,0.33333333333333337,3
word_svm,hard,pedagogy,264,0.6121972227029931,0.33333333333333337,3
word_svm,hard,pedagogy,284,0.6121972227029931,0.33333333333333337,3
word_svm,standard,generic,0,0.6121972227029931,0.33333333333333337,3
word_svm,standard,generic,1,0.4955380299191111,0.4444444444444444,2
word_svm,standard,generic,2,0.38210225325431013,0.2222222222222222,2
word_svm,standard,generic,3,0.9182958340544897,0.5555555555555556,4
word_svm,standard,generic,4,0.7177602521413333,0.4444444444444444,3
word_svm,standard,generic,5,0.38210225325431013,0.2222222222222222,2
word_svm,standard,generic,6,0.6758220575766962,0.4444444444444444,3
word_svm,standard,generic,7,0.7652465283787413,0.5555555555555556,3
word_svm,standard,generic,8,0.4932133643654213,0.2222222222222222,3
word_svm,standard,generic,9,0.6758220575766962,0.4444444444444444,3
word_svm,standard,generic,10,0.9182958340544897,0.5555555555555556,4
word_svm,standard,generic,11,0.4955380299191111,0.4444444444444444,2
word_svm,standard,generic,12,0.4932133643654213,0.2222222222222222,3
word_svm,standard,generic,13,0.7652465283787413,0.5555555555555556,3
word_svm,standard,generic,14,0.7652465283787413,0.5555555555555556,3
word_svm,standard,generic,15,0.6121972227029931,0.33333333333333337,3
word_svm,standard,generic,16,0.4932133643654213,0.2222222222222222,3
word_svm,standard,generic,17,0.7177602521413333,0.4444444444444444,3
word_svm,standard,generic,18,0.4591479170272447,0.33333333333333337,2
word_svm,standard,generic,19,0.6960736118322673,0.5555555555555556,3
word_svm,standard,generic,20,0.9182958340544897,0.5555555555555556,4
word_svm,standard,generic,21,-0.0,0.0,1
word_svm,standard,generic,22,0.8288713632524446,0.4444444444444444,4
word_svm,standard,generic,23,0.8288713632524446,0.4444444444444444,4
word_svm,standard,generic,24,0.25162916738782287,0.11111111111111116,2
word_svm,standard,generic,25,0.7652465283787413,0.5555555555555556,3
word_svm,standard,generic,26,0.25162916738782287,0.11111111111111116,2
word_svm,standard,generic,27,0.38210225325431013,0.2222222222222222,2
word_svm,standard,generic,28,0.8763576394898526,0.5555555555555556,4
word_svm,standard,generic,29,-0.0,0.0,1
word_svm,standard,generic,30,0.4932133643654213,0.2222222222222222,3
word_svm,standard,generic,31,0.7177602521413333,0.4444444444444444,3
word_svm,standard,generic,32,0.7652465283787413,0.5555555555555556,3
word_svm,standard,generic,33,0.6960736118322673,0.5555555555555556,3
word_svm,standard,generic,34,0.4932133643654213,0.2222222222222222,3
word_svm,standard,generic,35,0.7652465283787413,0.5555555555555556,3
word_svm,standard,generic,36,0.6960736118322673,0.5555555555555556,3
word_svm,standard,generic,37,-0.0,0.0,1
word_svm,standard,generic,38,0.4955380299191111,0.4444444444444444,2
word_svm,standard,generic,39,0.7652465283787413,0.5555555555555556,3
word_svm,standard,generic,40,-0.0,0.0,1
word_svm,standard,generic,41,0.25162916738782287,0.11111111111111116,2
word_svm,standard,generic,42,0.6960736118322673,0.5555555555555556,3
word_svm,standard,generic,43,-0.0,0.0,1
word_svm,standard,generic,44,-0.0,0.0,1
word_svm,standard,generic,45,0.7177602521413333,0.4444444444444444,3
word_svm,standard,generic,46,0.4955380299191111,0.4444444444444444,2
word_svm,standard,generic,47,0.6121972227029931,0.33333333333333337,3
word_svm,standard,generic,48,0.38210225325431013,0.2222222222222222,2
word_svm,standard,generic,49,0.38210225325431013,0.2222222222222222,2
word_svm,standard,generic,50,0.6121972227029931,0.33333333333333337,3
word_svm,standard,generic,51,0.25162916738782287,0.11111111111111116,2
word_svm,standard,generic,52,0.6121972227029931,0.33333333333333337,3
word_svm,standard,generic,53,0.7177602521413333,0.4444444444444444,3
word_svm,standard,generic,54,0.6121972227029931,0.33333333333333337,3
word_svm,standard,generic,55,0.25162916738782287,0.11111111111111116,2
word_svm,standard,generic,56,0.7177602521413333,0.4444444444444444,3
word_svm,standard,generic,57,0.38210225325431013,0.2222222222222222,2
word_svm,standard,generic,58,0.6121972227029931,0.33333333333333337,3
word_svm,standard,generic,59,0.6960736118322673,0.5555555555555556,3
word_svm,standard,generic,60,0.6960736118322673,0.5555555555555556,3
word_svm,standard,generic,61,0.4955380299191111,0.4444444444444444,2
word_svm,standard,generic,62,0.4955380299191111,0.4444444444444444,2
word_svm,standard,generic,63,0.4591479170272447,0.33333333333333337,2
word_svm,standard,generic,64,0.9182958340544897,0.5555555555555556,4
word_svm,standard,generic,65,0.4932133643654213,0.2222222222222222,3
word_svm,standard,generic,66,0.4955380299191111,0.4444444444444444,2
word_svm,standard,generic,67,0.9455305560363264,0.6666666666666667,4
word_svm,standard,generic,68,0.25162916738782287,0.11111111111111116,2
word_svm,standard,generic,69,0.6121972227029931,0.33333333333333337,3
word_svm,standard,generic,70,-0.0,0.0,1
word_svm,standard,generic,71,0.6121972227029931,0.33333333333333337,3
word_svm,standard,generic,72,0.25162916738782287,0.11111111111111116,2
word_svm,standard,generic,73,0.6960736118322673,0.5555555555555556,3
word_svm,standard,generic,74,0.25162916738782287,0.11111111111111116,2
word_svm,standard,generic,75,0.9182958340544897,0.5555555555555556,4
word_svm,standard,generic,76,0.4955380299191111,0.4444444444444444,2
word_svm,standard,generic,77,0.8763576394898526,0.5555555555555556,4
word_svm,standard,generic,78,0.7652465283787413,0.5555555555555556,3
word_svm,standard,generic,79,0.8288713632524446,0.4444444444444444,4
word_svm,standard,generic,80,0.6758220575766962,0.4444444444444444,3
word_svm,standard,generic,81,-0.0,0.0,1
word_svm,standard,generic,82,0.8288713632524446,0.4444444444444444,4
word_svm,standard,generic,83,0.6960736118322673,0.5555555555555556,3
word_svm,standard,generic,84,0.4955380299191111,0.4444444444444444,2
word_svm,standard,generic,85,0.38210225325431013,0.2222222222222222,2
word_svm,standard,generic,86,0.7652465283787413,0.5555555555555556,3
word_svm,standard,generic,87,0.4932133643654213,0.2222222222222222,3
word_svm,standard,generic,88,0.6121972227029931,0.33333333333333337,3
word_svm,standard,generic,89,0.38210225325431013,0.2222222222222222,2
word_svm,standard,generic,90,0.25162916738782287,0.11111111111111116,2
word_svm,standard,generic,91,0.792481250360578,0.6666666666666667,3
word_svm,standard,generic,92,0.38210225325431013,0.2222222222222222,2
word_svm,standard,generic,93,0.8288713632524446,0.4444444444444444,4
word_svm,standard,generic,94,0.4955380299191111,0.4444444444444444,2
word_svm,standard,generic,95,0.38210225325431013,0.2222222222222222,2
word_svm,standard,generic,96,0.6121972227029931,0.33333333333333337,3
word_svm,standard,generic,97,0.4955380299191111,0.4444444444444444,2
word_svm,standard,generic,98,0.4591479170272447,0.33333333333333337,2
word_svm,standard,generic,99,0.8288713632524446,0.4444444444444444,4
word_svm,standard,generic,100,0.4932133643654213,0.2222222222222222,3
word_svm,standard,generic,101,0.4955380299191111,0.4444444444444444,2
word_svm,standard,generic,102,0.7177602521413333,0.4444444444444444,3
word_svm,standard,generic,103,0.4591479170272447,0.33333333333333337,2
word_svm,standard,generic,104,0.6121972227029931,0.33333333333333337,3
word_svm,standard,generic,105,0.792481250360578,0.6666666666666667,3
word_svm,standard,generic,106,0.4932133643654213,0.2222222222222222,3
word_svm,standard,generic,107,0.6121972227029931,0.33333333333333337,3
word_svm,standard,generic,108,0.8763576394898526,0.5555555555555556,4
word_svm,standard,generic,109,0.9455305560363264,0.6666666666666667,4
word_svm,standard,generic,110,0.4591479170272447,0.33333333333333337,2
word_svm,standard,generic,111,0.9455305560363264,0.6666666666666667,4
word_svm,standard,generic,112,0.4955380299191111,0.4444444444444444,2
word_svm,standard,generic,113,0.4932133643654213,0.2222222222222222,3
word_svm,standard,generic,114,0.6121972227029931,0.33333333333333337,3
word_svm,standard,generic,115,0.4591479170272447,0.33333333333333337,2
word_svm,standard,generic,116,0.4955380299191111,0.4444444444444444,2
word_svm,standard,generic,117,0.9182958340544897,0.5555555555555556,4
word_svm,standard,generic,118,0.4955380299191111,0.4444444444444444,2
word_svm,standard,generic,119,0.4932133643654213,0.2222222222222222,3
word_svm,standard,generic,120,-0.0,0.0,1
word_svm,standard,generic,121,0.4955380299191111,0.4444444444444444,2
word_svm,standard,generic,122,0.7177602521413333,0.4444444444444444,3
word_svm,standard,generic,123,0.6758220575766962,0.4444444444444444,3
word_svm,standard,generic,124,0.6121972227029931,0.33333333333333337,3
word_svm,standard,generic,125,0.7177602521413333,0.4444444444444444,3
word_svm,standard,generic,126,0.6121972227029931,0.33333333333333337,3
word_svm,standard,generic,127,0.4955380299191111,0.4444444444444444,2
word_svm,standard,generic,128,0.792481250360578,0.6666666666666667,3
word_svm,standard,generic,129,0.6121972227029931,0.33333333333333337,3
word_svm,standard,generic,130,0.25162916738782287,0.11111111111111116,2
word_svm,standard,generic,131,0.6758220575766962,0.4444444444444444,3
word_svm,standard,generic,132,0.7652465283787413,0.5555555555555556,3
word_svm,standard,generic,133,0.38210225325431013,0.2222222222222222,2
word_svm,standard,generic,134,0.4932133643654213,0.2222222222222222,3
word_svm,standard,generic,135,0.7177602521413333,0.4444444444444444,3
word_svm,standard,generic,136,0.6121972227029931,0.33333333333333337,3
word_svm,standard,generic,137,0.8763576394898526,0.5555555555555556,4
word_svm,standard,generic,138,0.6758220575766962,0.4444444444444444,3
word_svm,standard,generic,139,0.4955380299191111,0.4444444444444444,2
word_svm,standard,generic,140,0.25162916738782287,0.11111111111111116,2
word_svm,standard,generic,141,0.38210225325431013,0.2222222222222222,2
word_svm,standard,generic,142,0.6758220575766962,0.4444444444444444,3
word_svm,standard,generic,143,0.4932133643654213,0.2222222222222222,3
word_svm,standard,generic,144,-0.0,0.0,1
word_svm,standard,generic,145,-0.0,0.0,1
word_svm,standard,generic,146,0.4932133643654213,0.2222222222222222,3
word_svm,standard,generic,147,0.4955380299191111,0.4444444444444444,2
word_svm,standard,generic,148,0.38210225325431013,0.2222222222222222,2
word_svm,standard,generic,149,0.4932133643654213,0.2222222222222222,3
word_svm,standard,generic,150,-0.0,0.0,1
word_svm,standard,generic,151,0.4591479170272447,0.33333333333333337,2
word_svm,standard,generic,152,0.7233083338141042,0.33333333333333337,4
word_svm,standard,generic,153,0.4932133643654213,0.2222222222222222,3
word_svm,standard,generic,154,0.6121972227029931,0.33333333333333337,3
word_svm,standard,generic,155,0.8763576394898526,0.5555555555555556,4
word_svm,standard,generic,156,0.6121972227029931,0.33333333333333337,3
word_svm,standard,generic,157,0.6960736118322673,0.5555555555555556,3
word_svm,standard,generic,158,0.4591479170272447,0.33333333333333337,2
word_svm,standard,generic,159,0.6758220575766962,0.4444444444444444,3
word_svm,standard,generic,160,0.4955380299191111,0.4444444444444444,2
word_svm,standard,generic,161,0.7177602521413333,0.4444444444444444,3
word_svm,standard,generic,162,0.25162916738782287,0.11111111111111116,2
word_svm,standard,generic,163,0.6121972227029931,0.33333333333333337,3
word_svm,standard,generic,164,-0.0,0.0,1
word_svm,standard,generic,165,0.6960736118322673,0.5555555555555556,3
word_svm,standard,generic,166,-0.0,0.0,1
word_svm,standard,generic,167,0.6758220575766962,0.4444444444444444,3
word_svm,standard,generic,168,0.38210225325431013,0.2222222222222222,2
word_svm,standard,generic,169,0.4591479170272447,0.33333333333333337,2
word_svm,standard,generic,170,0.25162916738782287,0.11111111111111116,2
word_svm,standard,generic,171,0.25162916738782287,0.11111111111111116,2
word_svm,standard,generic,172,0.4591479170272447,0.33333333333333337,2
word_svm,standard,generic,173,0.4932133643654213,0.2222222222222222,3
word_svm,standard,generic,174,0.4932133643654213,0.2222222222222222,3
word_svm,standard,generic,175,0.7652465283787413,0.5555555555555556,3
word_svm,standard,generic,176,0.25162916738782287,0.11111111111111116,2
word_svm,standard,generic,177,0.7652465283787413,0.5555555555555556,3
word_svm,standard,generic,178,0.25162916738782287,0.11111111111111116,2
word_svm,standard,generic,179,0.6960736118322673,0.5555555555555556,3
word_svm,standard,generic,180,0.4591479170272447,0.33333333333333337,2
word_svm,standard,generic,181,0.7652465283787413,0.5555555555555556,3
word_svm,standard,generic,182,0.4591479170272447,0.33333333333333337,2
word_svm,standard,generic,183,0.25162916738782287,0.11111111111111116,2
word_svm,standard,generic,184,0.6121972227029931,0.33333333333333337,3
word_svm,standard,generic,185,0.25162916738782287,0.11111111111111116,2
word_svm,standard,generic,186,0.8763576394898526,0.5555555555555556,4
word_svm,standard,generic,187,0.4591479170272447,0.33333333333333337,2
word_svm,standard,generic,188,0.8288713632524446,0.4444444444444444,4
word_svm,standard,generic,189,0.7652465283787413,0.5555555555555556,3
word_svm,standard,generic,190,0.8763576394898526,0.5555555555555556,4
word_svm,standard,generic,191,0.25162916738782287,0.11111111111111116,2
word_svm,standard,generic,192,0.7652465283787413,0.5555555555555556,3
word_svm,standard,generic,193,-0.0,0.0,1
word_svm,standard,generic,194,0.7233083338141042,0.33333333333333337,4
word_svm,standard,generic,195,0.6121972227029931,0.33333333333333337,3
word_svm,standard,generic,196,0.6758220575766962,0.4444444444444444,3
word_svm,standard,generic,197,0.4955380299191111,0.4444444444444444,2
word_svm,standard,generic,198,0.7652465283787413,0.5555555555555556,3
word_svm,standard,generic,199,0.6121972227029931,0.33333333333333337,3
word_svm,standard,generic,200,0.6758220575766962,0.4444444444444444,3
word_svm,standard,generic,201,0.4591479170272447,0.33333333333333337,2
word_svm,standard,generic,202,0.6121972227029931,0.33333333333333337,3
word_svm,standard,generic,203,0.7652465283787413,0.5555555555555556,3
word_svm,standard,generic,204,0.25162916738782287,0.11111111111111116,2
word_svm,standard,generic,205,0.6960736118322673,0.5555555555555556,3
word_svm,standard,generic,206,0.7177602521413333,0.4444444444444444,3
word_svm,standard,generic,207,0.25162916738782287,0.11111111111111116,2
word_svm,standard,generic,208,0.6121972227029931,0.33333333333333337,3
word_svm,standard,generic,209,0.7652465283787413,0.5555555555555556,3
word_svm,standard,generic,210,0.6121972227029931,0.33333333333333337,3
word_svm,standard,generic,211,0.6121972227029931,0.33333333333333337,3
word_svm,standard,generic,212,0.4591479170272447,0.33333333333333337,2
word_svm,standard,generic,213,0.6960736118322673,0.5555555555555556,3
word_svm,standard,generic,214,0.38210225325431013,0.2222222222222222,2
word_svm,standard,generic,215,0.7177602521413333,0.4444444444444444,3
word_svm,standard,generic,216,0.25162916738782287,0.11111111111111116,2
word_svm,standard,generic,217,0.7233083338141042,0.33333333333333337,4
word_svm,standard,generic,218,0.38210225325431013,0.2222222222222222,2
word_svm,standard,generic,219,0.4591479170272447,0.33333333333333337,2
word_svm,standard,generic,220,0.4955380299191111,0.4444444444444444,2
word_svm,standard,generic,221,0.7233083338141042,0.33333333333333337,4
word_svm,standard,generic,222,0.4932133643654213,0.2222222222222222,3
word_svm,standard,generic,223,0.6121972227029931,0.33333333333333337,3
word_svm,standard,generic,224,0.4591479170272447,0.33333333333333337,2
word_svm,standard,generic,225,0.792481250360578,0.6666666666666667,3
word_svm,standard,generic,226,0.9182958340544897,0.5555555555555556,4
word_svm,standard,generic,227,0.38210225325431013,0.2222222222222222,2
word_svm,standard,generic,228,0.4591479170272447,0.33333333333333337,2
word_svm,standard,generic,229,0.8288713632524446,0.4444444444444444,4
word_svm,standard,generic,230,0.6960736118322673,0.5555555555555556,3
word_svm,standard,generic,231,0.8763576394898526,0.5555555555555556,4
word_svm,standard,generic,232,0.7652465283787413,0.5555555555555556,3
word_svm,standard,generic,233,-0.0,0.0,1
word_svm,standard,generic,234,0.38210225325431013,0.2222222222222222,2
word_svm,standard,generic,235,0.4591479170272447,0.33333333333333337,2
word_svm,standard,generic,236,0.7652465283787413,0.5555555555555556,3
word_svm,standard,generic,237,0.6121972227029931,0.33333333333333337,3
word_svm,standard,generic,238,0.6121972227029931,0.33333333333333337,3
word_svm,standard,generic,239,0.6960736118322673,0.5555555555555556,3
word_svm,standard,generic,240,0.6758220575766962,0.4444444444444444,3
word_svm,standard,generic,241,0.4932133643654213,0.2222222222222222,3
word_svm,standard,generic,242,0.6121972227029931,0.33333333333333337,3
word_svm,standard,generic,243,0.25162916738782287,0.11111111111111116,2
word_svm,standard,generic,244,0.25162916738782287,0.11111111111111116,2
word_svm,standard,generic,245,0.792481250360578,0.6666666666666667,3
word_svm,standard,generic,246,0.25162916738782287,0.11111111111111116,2
word_svm,standard,generic,247,0.6121972227029931,0.33333333333333337,3
word_svm,standard,generic,248,0.25162916738782287,0.11111111111111116,2
word_svm,standard,generic,249,0.4955380299191111,0.4444444444444444,2
word_svm,standard,generic,250,0.4955380299191111,0.4444444444444444,2
word_svm,standard,generic,251,0.6121972227029931,0.33333333333333337,3
word_svm,standard,generic,252,0.9182958340544897,0.5555555555555556,4
word_svm,standard,generic,253,0.6121972227029931,0.33333333333333337,3
word_svm,standard,generic,254,0.4955380299191111,0.4444444444444444,2
word_svm,standard,generic,255,0.6960736118322673,0.5555555555555556,3
word_svm,standard,generic,256,0.4591479170272447,0.33333333333333337,2
word_svm,standard,generic,257,0.6121972227029931,0.33333333333333337,3
word_svm,standard,generic,258,0.7177602521413333,0.4444444444444444,3
word_svm,standard,generic,259,-0.0,0.0,1
word_svm,standard,generic,260,0.6758220575766962,0.4444444444444444,3
word_svm,standard,generic,261,0.9182958340544897,0.5555555555555556,4
word_svm,standard,generic,262,0.6758220575766962,0.4444444444444444,3
word_svm,standard,generic,263,0.6121972227029931,0.33333333333333337,3
word_svm,standard,generic,264,0.792481250360578,0.6666666666666667,3
word_svm,standard,generic,265,0.4932133643654213,0.2222222222222222,3
word_svm,standard,generic,266,0.6960736118322673,0.5555555555555556,3
word_svm,standard,generic,267,0.6758220575766962,0.4444444444444444,3
word_svm,standard,generic,268,0.6758220575766962,0.4444444444444444,3
word_svm,standard,generic,269,0.4591479170272447,0.33333333333333337,2
word_svm,standard,generic,270,0.6960736118322673,0.5555555555555556,3
word_svm,standard,generic,271,0.8288713632524446,0.4444444444444444,4
word_svm,standard,generic,272,0.4932133643654213,0.2222222222222222,3
word_svm,standard,generic,273,0.8288713632524446,0.4444444444444444,4
word_svm,standard,generic,274,0.4591479170272447,0.33333333333333337,2
word_svm,standard,generic,275,0.7652465283787413,0.5555555555555556,3
word_svm,standard,generic,276,0.38210225325431013,0.2222222222222222,2
word_svm,standard,generic,277,0.6758220575766962,0.4444444444444444,3
word_svm,standard,generic,278,0.6758220575766962,0.4444444444444444,3
word_svm,standard,generic,279,0.7177602521413333,0.4444444444444444,3
word_svm,standard,generic,280,0.6121972227029931,0.33333333333333337,3
word_svm,standard,generic,281,-0.0,0.0,1
word_svm,standard,generic,282,0.6758220575766962,0.4444444444444444,3
word_svm,standard,generic,283,0.6758220575766962,0.4444444444444444,3
word_svm,standard,generic,284,0.8288713632524446,0.4444444444444444,4
word_svm,standard,generic,285,-0.0,0.0,1
word_svm,standard,generic,286,0.4932133643654213,0.2222222222222222,3
word_svm,standard,generic,287,0.38210225325431013,0.2222222222222222,2
word_svm,standard,generic,288,0.6121972227029931,0.33333333333333337,3
word_svm,standard,generic,289,0.25162916738782287,0.11111111111111116,2
word_svm,standard,generic,290,0.4591479170272447,0.33333333333333337,2
word_svm,standard,generic,291,0.4955380299191111,0.4444444444444444,2
word_svm,standard,generic,292,0.6758220575766962,0.4444444444444444,3
word_svm,standard,generic,293,0.4591479170272447,0.33333333333333337,2
word_svm,standard,generic,294,0.38210225325431013,0.2222222222222222,2
word_svm,standard,generic,295,0.8288713632524446,0.4444444444444444,4
word_svm,standard,generic,296,0.4955380299191111,0.4444444444444444,2
word_svm,standard,generic,297,0.7177602521413333,0.4444444444444444,3
word_svm,standard,generic,298,0.25162916738782287,0.11111111111111116,2
word_svm,standard,generic,299,0.6121972227029931,0.33333333333333337,3
word_svm,standard,generic,300,0.8763576394898526,0.5555555555555556,4
word_svm,standard,generic,301,0.38210225325431013,0.2222222222222222,2
word_svm,standard,generic,302,0.25162916738782287,0.11111111111111116,2
word_svm,standard,generic,303,0.6758220575766962,0.4444444444444444,3
word_svm,standard,generic,304,0.25162916738782287,0.11111111111111116,2
word_svm,standard,generic,305,0.7652465283787413,0.5555555555555556,3
word_svm,standard,generic,306,0.4591479170272447,0.33333333333333337,2
word_svm,standard,generic,307,0.9455305560363264,0.6666666666666667,4
word_svm,standard,generic,308,0.25162916738782287,0.11111111111111116,2
word_svm,standard,generic,309,0.6758220575766962,0.4444444444444444,3
word_svm,standard,generic,310,0.4591479170272447,0.33333333333333337,2
word_svm,standard,generic,311,0.7652465283787413,0.5555555555555556,3
word_svm,standard,generic,312,0.6121972227029931,0.33333333333333337,3
word_svm,standard,generic,313,0.25162916738782287,0.11111111111111116,2
word_svm,standard,generic,314,0.7177602521413333,0.4444444444444444,3
word_svm,standard,generic,315,0.25162916738782287,0.11111111111111116,2
word_svm,standard,generic,316,0.7652465283787413,0.5555555555555556,3
word_svm,standard,generic,317,0.38210225325431013,0.2222222222222222,2
word_svm,standard,generic,318,0.9874687506009635,0.6666666666666667,4
word_svm,standard,generic,319,0.4955380299191111,0.4444444444444444,2
word_svm,standard,generic,320,0.7177602521413333,0.4444444444444444,3
word_svm,standard,generic,321,0.25162916738782287,0.11111111111111116,2
word_svm,standard,generic,322,0.6758220575766962,0.4444444444444444,3
word_svm,standard,generic,323,0.6121972227029931,0.33333333333333337,3
word_svm,standard,generic,324,0.8763576394898526,0.5555555555555556,4
word_svm,standard,generic,325,0.6758220575766962,0.4444444444444444,3
word_svm,standard,generic,326,0.4591479170272447,0.33333333333333337,2
word_svm,standard,generic,327,0.6121972227029931,0.33333333333333337,3
word_svm,standard,generic,328,0.6121972227029931,0.33333333333333337,3
word_svm,standard,generic,329,0.38210225325431013,0.2222222222222222,2
word_svm,standard,generic,330,0.7652465283787413,0.5555555555555556,3
word_svm,standard,generic,331,0.38210225325431013,0.2222222222222222,2
word_svm,standard,generic,332,0.25162916738782287,0.11111111111111116,2
word_svm,standard,generic,333,0.6758220575766962,0.4444444444444444,3
word_svm,standard,generic,334,0.7177602521413333,0.4444444444444444,3
word_svm,standard,generic,335,0.4955380299191111,0.4444444444444444,2
word_svm,standard,generic,336,-0.0,0.0,1
word_svm,standard,generic,337,0.25162916738782287,0.11111111111111116,2
word_svm,standard,generic,338,0.7652465283787413,0.5555555555555556,3
word_svm,standard,generic,339,0.25162916738782287,0.11111111111111116,2
word_svm,standard,generic,340,0.25162916738782287,0.11111111111111116,2
word_svm,standard,generic,341,0.6758220575766962,0.4444444444444444,3
word_svm,standard,generic,342,0.7652465283787413,0.5555555555555556,3
word_svm,standard,generic,343,0.9182958340544897,0.5555555555555556,4
word_svm,standard,generic,344,0.4591479170272447,0.33333333333333337,2
word_svm,standard,generic,345,0.38210225325431013,0.2222222222222222,2
word_svm,standard,generic,346,0.25162916738782287,0.11111111111111116,2
word_svm,standard,generic,347,0.25162916738782287,0.11111111111111116,2
word_svm,standard,generic,348,-0.0,0.0,1
word_svm,standard,generic,349,0.9182958340544897,0.5555555555555556,4
word_svm,standard,generic,350,0.7652465283787413,0.5555555555555556,3
word_svm,standard,generic,351,0.6960736118322673,0.5555555555555556,3
word_svm,standard,generic,352,0.6121972227029931,0.33333333333333337,3
word_svm,standard,generic,353,0.6121972227029931,0.33333333333333337,3
word_svm,standard,generic,354,0.25162916738782287,0.11111111111111116,2
word_svm,standard,generic,355,0.6121972227029931,0.33333333333333337,3
word_svm,standard,generic,356,0.4591479170272447,0.33333333333333337,2
word_svm,standard,generic,357,0.6960736118322673,0.5555555555555556,3
word_svm,standard,generic,358,0.38210225325431013,0.2222222222222222,2
word_svm,standard,generic,359,0.4932133643654213,0.2222222222222222,3
word_svm,standard,generic,360,0.4591479170272447,0.33333333333333337,2
word_svm,standard,generic,361,0.7177602521413333,0.4444444444444444,3
word_svm,standard,generic,362,0.38210225325431013,0.2222222222222222,2
word_svm,standard,generic,363,0.6121972227029931,0.33333333333333337,3
word_svm,standard,generic,364,0.25162916738782287,0.11111111111111116,2
word_svm,standard,generic,365,0.7652465283787413,0.5555555555555556,3
word_svm,standard,generic,366,0.7233083338141042,0.33333333333333337,4
word_svm,standard,generic,367,0.4591479170272447,0.33333333333333337,2
word_svm,standard,generic,368,0.25162916738782287,0.11111111111111116,2
word_svm,standard,generic,369,0.4955380299191111,0.4444444444444444,2
word_svm,standard,generic,370,0.4591479170272447,0.33333333333333337,2
word_svm,standard,generic,371,-0.0,0.0,1
word_svm,standard,generic,372,0.4591479170272447,0.33333333333333337,2
word_svm,standard,generic,373,0.7652465283787413,0.5555555555555556,3
word_svm,standard,generic,374,0.6121972227029931,0.33333333333333337,3
word_svm,standard,generic,375,0.25162916738782287,0.11111111111111116,2
word_svm,standard,generic,376,0.6121972227029931,0.33333333333333337,3
word_svm,standard,generic,377,0.792481250360578,0.6666666666666667,3
word_svm,standard,generic,378,0.4591479170272447,0.33333333333333337,2
word_svm,standard,generic,379,0.8288713632524446,0.4444444444444444,4
word_svm,standard,generic,380,0.6758220575766962,0.4444444444444444,3
word_svm,standard,generic,381,0.6758220575766962,0.4444444444444444,3
word_svm,standard,generic,382,0.6121972227029931,0.33333333333333337,3
word_svm,standard,generic,383,0.7652465283787413,0.5555555555555556,3
word_svm,standard,generic,384,0.6121972227029931,0.33333333333333337,3
word_svm,standard,generic,385,0.38210225325431013,0.2222222222222222,2
word_svm,standard,generic,386,0.6121972227029931,0.33333333333333337,3
word_svm,standard,generic,387,0.4591479170272447,0.33333333333333337,2
word_svm,standard,generic,388,0.6758220575766962,0.4444444444444444,3
word_svm,standard,generic,389,0.4955380299191111,0.4444444444444444,2
word_svm,standard,generic,390,0.4591479170272447,0.33333333333333337,2
word_svm,standard,generic,391,0.4591479170272447,0.33333333333333337,2
word_svm,standard,generic,392,0.4932133643654213,0.2222222222222222,3
word_svm,standard,generic,393,0.6121972227029931,0.33333333333333337,3
word_svm,standard,generic,394,0.4591479170272447,0.33333333333333337,2
word_svm,standard,generic,395,0.4955380299191111,0.4444444444444444,2
word_svm,standard,generic,396,0.25162916738782287,0.11111111111111116,2
word_svm,standard,generic,397,0.38210225325431013,0.2222222222222222,2
word_svm,standard,generic,398,0.7652465283787413,0.5555555555555556,3
word_svm,standard,generic,399,0.4591479170272447,0.33333333333333337,2
word_svm,standard,generic,400,0.8763576394898526,0.5555555555555556,4
word_svm,standard,generic,401,-0.0,0.0,1
word_svm,standard,generic,402,0.6121972227029931,0.33333333333333337,3
word_svm,standard,generic,403,0.6960736118322673,0.5555555555555556,3
word_svm,standard,generic,404,0.25162916738782287,0.11111111111111116,2
word_svm,standard,generic,405,0.25162916738782287,0.11111111111111116,2
word_svm,standard,generic,406,0.38210225325431013,0.2222222222222222,2
word_svm,standard,generic,407,0.4591479170272447,0.33333333333333337,2
word_svm,standard,generic,408,0.8288713632524446,0.4444444444444444,4
word_svm,standard,generic,409,0.7652465283787413,0.5555555555555556,3
word_svm,standard,generic,410,0.6960736118322673,0.5555555555555556,3
word_svm,standard,generic,411,0.8288713632524446,0.4444444444444444,4
word_svm,standard,generic,412,0.38210225325431013,0.2222222222222222,2
word_svm,standard,generic,413,0.6121972227029931,0.33333333333333337,3
word_svm,standard,generic,414,0.9874687506009635,0.6666666666666667,4
word_svm,standard,generic,415,0.4591479170272447,0.33333333333333337,2
word_svm,standard,generic,416,0.38210225325431013,0.2222222222222222,2
word_svm,standard,generic,417,0.7177602521413333,0.4444444444444444,3
word_svm,standard,generic,418,0.6758220575766962,0.4444444444444444,3
word_svm,standard,generic,419,0.4955380299191111,0.4444444444444444,2
word_svm,standard,generic,420,0.4591479170272447,0.33333333333333337,2
word_svm,standard,generic,421,0.8288713632524446,0.4444444444444444,4
word_svm,standard,generic,422,0.6121972227029931,0.33333333333333337,3
word_svm,standard,generic,423,0.7652465283787413,0.5555555555555556,3
word_svm,standard,generic,424,0.6121972227029931,0.33333333333333337,3
word_svm,standard,generic,425,0.38210225325431013,0.2222222222222222,2
word_svm,standard,generic,426,0.6121972227029931,0.33333333333333337,3
word_svm,standard,generic,427,0.6960736118322673,0.5555555555555556,3
word_svm,standard,generic,428,0.6121972227029931,0.33333333333333337,3
word_svm,standard,generic,429,0.4955380299191111,0.4444444444444444,2
word_svm,standard,generic,430,-0.0,0.0,1
word_svm,standard,generic,431,0.25162916738782287,0.11111111111111116,2
word_svm,standard,generic,432,0.4955380299191111,0.4444444444444444,2
word_svm,standard,generic,433,0.6960736118322673,0.5555555555555556,3
word_svm,standard,generic,434,0.6121972227029931,0.33333333333333337,3
word_svm,standard,generic,435,0.7652465283787413,0.5555555555555556,3
word_svm,standard,generic,436,0.8288713632524446,0.4444444444444444,4
word_svm,standard,generic,437,0.6758220575766962,0.4444444444444444,3
word_svm,standard,generic,438,0.25162916738782287,0.11111111111111116,2
word_svm,standard,generic,439,0.4591479170272447,0.33333333333333337,2
word_svm,standard,generic,440,0.6960736118322673,0.5555555555555556,3
word_svm,standard,generic,441,0.8763576394898526,0.5555555555555556,4
word_svm,standard,generic,442,0.25162916738782287,0.11111111111111116,2
word_svm,standard,generic,443,0.4591479170272447,0.33333333333333337,2
word_svm,standard,generic,444,0.38210225325431013,0.2222222222222222,2
word_svm,standard,generic,445,0.7652465283787413,0.5555555555555556,3
word_svm,standard,generic,446,0.6758220575766962,0.4444444444444444,3
word_svm,standard,generic,447,0.792481250360578,0.6666666666666667,3
word_svm,standard,generic,448,-0.0,0.0,1
word_svm,standard,generic,449,0.7652465283787413,0.5555555555555556,3
word_svm,standard,generic,450,0.4955380299191111,0.4444444444444444,2
word_svm,standard,generic,451,0.8288713632524446,0.4444444444444444,4
word_svm,standard,generic,452,0.9182958340544897,0.5555555555555556,4
word_svm,standard,generic,453,0.7652465283787413,0.5555555555555556,3
word_svm,standard,generic,454,0.9455305560363264,0.6666666666666667,4
word_svm,standard,generic,455,0.6758220575766962,0.4444444444444444,3
word_svm,standard,generic,456,0.38210225325431013,0.2222222222222222,2
word_svm,standard,generic,457,0.7652465283787413,0.5555555555555556,3
word_svm,standard,generic,458,0.7177602521413333,0.4444444444444444,3
word_svm,standard,generic,459,0.25162916738782287,0.11111111111111116,2
word_svm,standard,generic,460,0.6960736118322673,0.5555555555555556,3
word_svm,standard,generic,461,0.25162916738782287,0.11111111111111116,2
word_svm,standard,generic,462,0.9455305560363264,0.6666666666666667,4
word_svm,standard,generic,463,0.7652465283787413,0.5555555555555556,3
word_svm,standard,generic,464,0.6121972227029931,0.33333333333333337,3
word_svm,standard,generic,465,0.7177602521413333,0.4444444444444444,3
word_svm,standard,generic,466,0.4591479170272447,0.33333333333333337,2
word_svm,standard,generic,467,0.8288713632524446,0.4444444444444444,4
word_svm,standard,generic,468,0.4591479170272447,0.33333333333333337,2
word_svm,standard,generic,469,0.6121972227029931,0.33333333333333337,3
word_svm,standard,generic,470,0.6758220575766962,0.4444444444444444,3
word_svm,standard,generic,471,0.6960736118322673,0.5555555555555556,3
word_svm,standard,generic,472,0.6121972227029931,0.33333333333333337,3
word_svm,standard,generic,473,0.6121972227029931,0.33333333333333337,3
word_svm,standard,generic,474,0.6758220575766962,0.4444444444444444,3
word_svm,standard,generic,475,0.4955380299191111,0.4444444444444444,2
word_svm,standard,generic,476,0.792481250360578,0.6666666666666667,3
word_svm,standard,generic,477,0.38210225325431013,0.2222222222222222,2
word_svm,standard,generic,478,0.6758220575766962,0.4444444444444444,3
word_svm,standard,generic,479,0.7177602521413333,0.4444444444444444,3
word_svm,standard,generic,480,0.4932133643654213,0.2222222222222222,3
word_svm,standard,generic,481,0.6758220575766962,0.4444444444444444,3
word_svm,standard,generic,482,0.7652465283787413,0.5555555555555556,3
word_svm,standard,generic,483,0.38210225325431013,0.2222222222222222,2
word_svm,standard,generic,484,0.6121972227029931,0.33333333333333337,3
word_svm,standard,generic,485,0.38210225325431013,0.2222222222222222,2
word_svm,standard,generic,486,0.6121972227029931,0.33333333333333337,3
word_svm,standard,generic,487,0.7177602521413333,0.4444444444444444,3
word_svm,standard,generic,488,0.6758220575766962,0.4444444444444444,3
word_svm,standard,generic,489,0.4591479170272447,0.33333333333333337,2
word_svm,standard,generic,490,0.4932133643654213,0.2222222222222222,3
word_svm,standard,generic,491,0.25162916738782287,0.11111111111111116,2
word_svm,standard,generic,492,0.7233083338141042,0.33333333333333337,4
word_svm,standard,generic,493,0.7652465283787413,0.5555555555555556,3
word_svm,standard,generic,494,0.4932133643654213,0.2222222222222222,3
word_svm,standard,generic,495,0.25162916738782287,0.11111111111111116,2
word_svm,standard,generic,496,0.4591479170272447,0.33333333333333337,2
word_svm,standard,generic,497,0.6121972227029931,0.33333333333333337,3
word_svm,standard,generic,498,-0.0,0.0,1
word_svm,standard,generic,499,-0.0,0.0,1
word_svm,standard,generic,500,0.6758220575766962,0.4444444444444444,3
word_svm,standard,generic,501,0.38210225325431013,0.2222222222222222,2
word_svm,standard,generic,502,0.4591479170272447,0.33333333333333337,2
word_svm,standard,generic,503,0.25162916738782287,0.11111111111111116,2
word_svm,standard,generic,504,0.7652465283787413,0.5555555555555556,3
word_svm,standard,generic,505,0.4955380299191111,0.4444444444444444,2
word_svm,standard,generic,506,-0.0,0.0,1
word_svm,standard,generic,507,0.38210225325431013,0.2222222222222222,2
word_svm,standard,generic,508,0.7177602521413333,0.4444444444444444,3
word_svm,standard,generic,509,-0.0,0.0,1
word_svm,standard,generic,510,0.7652465283787413,0.5555555555555556,3
word_svm,standard,generic,511,0.4932133643654213,0.2222222222222222,3
word_svm,standard,generic,512,0.25162916738782287,0.11111111111111116,2
word_svm,standard,generic,513,-0.0,0.0,1
word_svm,standard,generic,514,0.4591479170272447,0.33333333333333337,2
word_svm,standard,generic,515,0.25162916738782287,0.11111111111111116,2
word_svm,standard,generic,516,0.6121972227029931,0.33333333333333337,3
word_svm,standard,generic,517,0.6960736118322673,0.5555555555555556,3
word_svm,standard,generic,518,0.9455305560363264,0.6666666666666667,4
word_svm,standard,generic,519,0.25162916738782287,0.11111111111111116,2
word_svm,standard,generic,520,0.4591479170272447,0.33333333333333337,2
word_svm,standard,generic,521,0.25162916738782287,0.11111111111111116,2
word_svm,standard,generic,522,0.6960736118322673,0.5555555555555556,3
word_svm,standard,generic,523,0.25162916738782287,0.11111111111111116,2
word_svm,standard,generic,524,0.38210225325431013,0.2222222222222222,2
word_svm,standard,generic,525,-0.0,0.0,1
word_svm,standard,generic,526,0.25162916738782287,0.11111111111111116,2
word_svm,standard,generic,527,0.6758220575766962,0.4444444444444444,3
word_svm,standard,generic,528,0.6121972227029931,0.33333333333333337,3
word_svm,standard,generic,529,0.6121972227029931,0.33333333333333337,3
word_svm,standard,generic,530,0.7652465283787413,0.5555555555555556,3
word_svm,standard,generic,531,0.6121972227029931,0.33333333333333337,3
word_svm,standard,generic,532,0.6960736118322673,0.5555555555555556,3
word_svm,standard,generic,533,0.25162916738782287,0.11111111111111116,2
word_svm,standard,generic,534,0.7652465283787413,0.5555555555555556,3
word_svm,standard,generic,535,0.7177602521413333,0.4444444444444444,3
word_svm,standard,generic,536,0.38210225325431013,0.2222222222222222,2
word_svm,standard,generic,537,0.4955380299191111,0.4444444444444444,2
word_svm,standard,generic,538,0.25162916738782287,0.11111111111111116,2
word_svm,standard,generic,539,0.7652465283787413,0.5555555555555556,3
word_svm,standard,generic,540,0.38210225325431013,0.2222222222222222,2
word_svm,standard,generic,541,0.38210225325431013,0.2222222222222222,2
word_svm,standard,generic,542,0.7177602521413333,0.4444444444444444,3
word_svm,standard,generic,543,0.7177602521413333,0.4444444444444444,3
word_svm,standard,generic,544,0.7177602521413333,0.4444444444444444,3
word_svm,standard,generic,545,0.9455305560363264,0.6666666666666667,4
word_svm,standard,generic,546,0.7652465283787413,0.5555555555555556,3
word_svm,standard,generic,547,0.7652465283787413,0.5555555555555556,3
word_svm,standard,generic,548,0.4932133643654213,0.2222222222222222,3
word_svm,standard,generic,549,-0.0,0.0,1
word_svm,standard,generic,550,0.6121972227029931,0.33333333333333337,3
word_svm,standard,generic,551,0.25162916738782287,0.11111111111111116,2
word_svm,standard,generic,552,0.7652465283787413,0.5555555555555556,3
word_svm,standard,generic,553,0.4955380299191111,0.4444444444444444,2
word_svm,standard,generic,554,0.8763576394898526,0.5555555555555556,4
word_svm,standard,generic,555,0.25162916738782287,0.11111111111111116,2
word_svm,standard,generic,556,0.9874687506009635,0.6666666666666667,4
word_svm,standard,generic,557,0.792481250360578,0.6666666666666667,3
word_svm,standard,generic,558,0.8288713632524446,0.4444444444444444,4
word_svm,standard,generic,559,0.6960736118322673,0.5555555555555556,3
word_svm,standard,generic,560,0.4932133643654213,0.2222222222222222,3
word_svm,standard,generic,561,0.6121972227029931,0.33333333333333337,3
word_svm,standard,generic,562,0.7652465283787413,0.5555555555555556,3
word_svm,standard,generic,563,0.4591479170272447,0.33333333333333337,2
word_svm,standard,generic,564,0.4591479170272447,0.33333333333333337,2
word_svm,standard,generic,565,0.4955380299191111,0.4444444444444444,2
word_svm,standard,generic,566,0.9182958340544897,0.5555555555555556,4
word_svm,standard,generic,567,0.6121972227029931,0.33333333333333337,3
word_svm,standard,generic,568,0.4591479170272447,0.33333333333333337,2
word_svm,standard,generic,569,0.6121972227029931,0.33333333333333337,3
word_svm,standard,generic,570,0.38210225325431013,0.2222222222222222,2
word_svm,standard,generic,571,0.792481250360578,0.6666666666666667,3
word_svm,standard,generic,572,0.7652465283787413,0.5555555555555556,3
word_svm,standard,generic,573,0.4591479170272447,0.33333333333333337,2
word_svm,standard,generic,574,0.6121972227029931,0.33333333333333337,3
word_svm,standard,generic,575,0.9455305560363264,0.6666666666666667,4
word_svm,standard,generic,576,0.4591479170272447,0.33333333333333337,2
word_svm,standard,generic,577,0.4591479170272447,0.33333333333333337,2
word_svm,standard,generic,578,0.4932133643654213,0.2222222222222222,3
word_svm,standard,generic,579,0.4932133643654213,0.2222222222222222,3
word_svm,standard,generic,580,0.8288713632524446,0.4444444444444444,4
word_svm,standard,generic,581,0.7177602521413333,0.4444444444444444,3
word_svm,standard,generic,582,0.8288713632524446,0.4444444444444444,4
word_svm,standard,generic,583,0.6121972227029931,0.33333333333333337,3
word_svm,standard,generic,584,0.4932133643654213,0.2222222222222222,3
word_svm,standard,generic,585,0.4591479170272447,0.33333333333333337,2
word_svm,standard,generic,586,0.4955380299191111,0.4444444444444444,2
word_svm,standard,generic,587,0.7652465283787413,0.5555555555555556,3
word_svm,standard,generic,588,0.4955380299191111,0.4444444444444444,2
word_svm,standard,generic,589,0.9455305560363264,0.6666666666666667,4
word_svm,standard,generic,590,0.38210225325431013,0.2222222222222222,2
word_svm,standard,generic,591,0.8763576394898526,0.5555555555555556,4
word_svm,standard,generic,592,0.9455305560363264,0.6666666666666667,4
word_svm,standard,generic,593,0.6121972227029931,0.33333333333333337,3
word_svm,standard,generic,594,0.6121972227029931,0.33333333333333337,3
word_svm,standard,generic,595,0.4932133643654213,0.2222222222222222,3
word_svm,standard,generic,596,0.7652465283787413,0.5555555555555556,3
word_svm,standard,generic,597,0.7177602521413333,0.4444444444444444,3
word_svm,standard,generic,598,0.6758220575766962,0.4444444444444444,3
word_svm,standard,generic,599,0.6758220575766962,0.4444444444444444,3
word_svm,standard,generic,600,0.6960736118322673,0.5555555555555556,3
word_svm,standard,generic,601,0.7652465283787413,0.5555555555555556,3
word_svm,standard,generic,602,0.4591479170272447,0.33333333333333337,2
word_svm,standard,generic,603,0.9455305560363264,0.6666666666666667,4
word_svm,standard,generic,604,0.792481250360578,0.6666666666666667,3
word_svm,standard,generic,605,0.4932133643654213,0.2222222222222222,3
word_svm,standard,generic,606,0.6121972227029931,0.33333333333333337,3
word_svm,standard,generic,607,0.7652465283787413,0.5555555555555556,3
word_svm,standard,generic,608,0.6960736118322673,0.5555555555555556,3
word_svm,standard,generic,609,0.9455305560363264,0.6666666666666667,4
word_svm,standard,generic,610,0.6121972227029931,0.33333333333333337,3
word_svm,standard,generic,611,0.6121972227029931,0.33333333333333337,3
word_svm,standard,generic,612,0.792481250360578,0.6666666666666667,3
word_svm,standard,generic,613,0.6121972227029931,0.33333333333333337,3
word_svm,standard,generic,614,0.4955380299191111,0.4444444444444444,2
word_svm,standard,generic,615,0.9455305560363264,0.6666666666666667,4
word_svm,standard,generic,616,-0.0,0.0,1
word_svm,standard,generic,617,0.7652465283787413,0.5555555555555556,3
word_svm,standard,generic,618,0.4591479170272447,0.33333333333333337,2
word_svm,standard,generic,619,0.6121972227029931,0.33333333333333337,3
word_svm,standard,generic,620,0.25162916738782287,0.11111111111111116,2
word_svm,standard,generic,621,0.7233083338141042,0.33333333333333337,4
word_svm,standard,generic,622,0.7652465283787413,0.5555555555555556,3
word_svm,standard,generic,623,0.792481250360578,0.6666666666666667,3
word_svm,standard,generic,624,0.25162916738782287,0.11111111111111116,2
word_svm,standard,generic,625,0.6758220575766962,0.4444444444444444,3
word_svm,standard,generic,626,0.6960736118322673,0.5555555555555556,3
word_svm,standard,generic,627,0.6121972227029931,0.33333333333333337,3
word_svm,standard,generic,628,0.25162916738782287,0.11111111111111116,2
word_svm,standard,generic,629,0.7177602521413333,0.4444444444444444,3
word_svm,standard,generic,630,0.9455305560363264,0.6666666666666667,4
word_svm,standard,generic,631,0.8288713632524446,0.4444444444444444,4
word_svm,standard,generic,632,0.4932133643654213,0.2222222222222222,3
word_svm,standard,generic,633,0.8763576394898526,0.5555555555555556,4
word_svm,standard,generic,634,0.6758220575766962,0.4444444444444444,3
word_svm,standard,generic,635,0.6758220575766962,0.4444444444444444,3
word_svm,standard,generic,636,0.6121972227029931,0.33333333333333337,3
word_svm,standard,generic,637,0.4591479170272447,0.33333333333333337,2
word_svm,standard,generic,638,0.6758220575766962,0.4444444444444444,3
word_svm,standard,generic,639,0.4932133643654213,0.2222222222222222,3
word_svm,standard,generic,640,0.6960736118322673,0.5555555555555556,3
word_svm,standard,generic,641,0.8288713632524446,0.4444444444444444,4
word_svm,standard,generic,642,0.25162916738782287,0.11111111111111116,2
word_svm,standard,generic,643,0.6121972227029931,0.33333333333333337,3
word_svm,standard,generic,644,0.6121972227029931,0.33333333333333337,3
word_svm,standard,generic,645,0.4955380299191111,0.4444444444444444,2
word_svm,standard,generic,646,0.8288713632524446,0.4444444444444444,4
word_svm,standard,generic,647,0.4591479170272447,0.33333333333333337,2
word_svm,standard,generic,648,0.4932133643654213,0.2222222222222222,3
word_svm,standard,generic,649,0.6121972227029931,0.33333333333333337,3
word_svm,standard,generic,650,-0.0,0.0,1
word_svm,standard,generic,651,0.38210225325431013,0.2222222222222222,2
word_svm,standard,generic,652,0.6758220575766962,0.4444444444444444,3
word_svm,standard,generic,653,0.38210225325431013,0.2222222222222222,2
word_svm,standard,generic,654,0.4955380299191111,0.4444444444444444,2
word_svm,standard,generic,655,0.9455305560363264,0.6666666666666667,4
word_svm,standard,generic,656,0.4955380299191111,0.4444444444444444,2
word_svm,standard,generic,657,0.25162916738782287,0.11111111111111116,2
word_svm,standard,generic,658,0.6121972227029931,0.33333333333333337,3
word_svm,standard,generic,659,0.6121972227029931,0.33333333333333337,3
word_svm,standard,generic,660,0.4591479170272447,0.33333333333333337,2
word_svm,standard,generic,661,0.7652465283787413,0.5555555555555556,3
word_svm,standard,generic,662,0.25162916738782287,0.11111111111111116,2
word_svm,standard,generic,663,0.8763576394898526,0.5555555555555556,4
word_svm,standard,generic,664,0.4932133643654213,0.2222222222222222,3
word_svm,standard,generic,665,0.7652465283787413,0.5555555555555556,3
word_svm,standard,generic,666,0.7652465283787413,0.5555555555555556,3
word_svm,standard,generic,667,0.38210225325431013,0.2222222222222222,2
word_svm,standard,generic,668,0.7652465283787413,0.5555555555555556,3
word_svm,standard,generic,669,0.6121972227029931,0.33333333333333337,3
word_svm,standard,generic,670,0.25162916738782287,0.11111111111111116,2
word_svm,standard,generic,671,0.8288713632524446,0.4444444444444444,4
word_svm,standard,generic,672,0.6758220575766962,0.4444444444444444,3
word_svm,standard,generic,673,0.6121972227029931,0.33333333333333337,3
word_svm,standard,generic,674,0.7177602521413333,0.4444444444444444,3
word_svm,standard,generic,675,0.25162916738782287,0.11111111111111116,2
word_svm,standard,generic,676,0.25162916738782287,0.11111111111111116,2
word_svm,standard,generic,677,0.7652465283787413,0.5555555555555556,3
word_svm,standard,generic,678,0.7177602521413333,0.4444444444444444,3
word_svm,standard,generic,679,0.7177602521413333,0.4444444444444444,3
word_svm,standard,generic,680,0.25162916738782287,0.11111111111111116,2
word_svm,standard,generic,681,0.4932133643654213,0.2222222222222222,3
word_svm,standard,generic,682,0.7177602521413333,0.4444444444444444,3
word_svm,standard,generic,683,0.25162916738782287,0.11111111111111116,2
word_svm,standard,generic,684,0.38210225325431013,0.2222222222222222,2
word_svm,standard,generic,685,0.25162916738782287,0.11111111111111116,2
word_svm,standard,generic,686,0.4955380299191111,0.4444444444444444,2
word_svm,standard,generic,687,0.6960736118322673,0.5555555555555556,3
word_svm,standard,generic,688,0.4955380299191111,0.4444444444444444,2
word_svm,standard,generic,689,0.7652465283787413,0.5555555555555556,3
word_svm,standard,generic,690,0.38210225325431013,0.2222222222222222,2
word_svm,standard,generic,691,0.4932133643654213,0.2222222222222222,3
word_svm,standard,generic,692,0.8288713632524446,0.4444444444444444,4
word_svm,standard,generic,693,0.38210225325431013,0.2222222222222222,2
word_svm,standard,generic,694,0.38210225325431013,0.2222222222222222,2
word_svm,standard,generic,695,0.7652465283787413,0.5555555555555556,3
word_svm,standard,generic,696,0.25162916738782287,0.11111111111111116,2
word_svm,standard,generic,697,0.4932133643654213,0.2222222222222222,3
word_svm,standard,generic,698,0.6121972227029931,0.33333333333333337,3
word_svm,standard,generic,699,0.7652465283787413,0.5555555555555556,3
word_svm,standard,generic,700,0.6121972227029931,0.33333333333333337,3
word_svm,standard,generic,701,0.6121972227029931,0.33333333333333337,3
word_svm,standard,generic,702,0.38210225325431013,0.2222222222222222,2
word_svm,standard,generic,703,0.38210225325431013,0.2222222222222222,2
word_svm,standard,generic,704,0.38210225325431013,0.2222222222222222,2
word_svm,standard,generic,705,0.6758220575766962,0.4444444444444444,3
word_svm,standard,generic,706,0.6758220575766962,0.4444444444444444,3
word_svm,standard,generic,707,0.4591479170272447,0.33333333333333337,2
word_svm,standard,generic,708,0.4955380299191111,0.4444444444444444,2
word_svm,standard,generic,709,0.7652465283787413,0.5555555555555556,3
word_svm,standard,generic,710,0.7177602521413333,0.4444444444444444,3
word_svm,standard,generic,711,0.6121972227029931,0.33333333333333337,3
word_svm,standard,generic,712,0.38210225325431013,0.2222222222222222,2
word_svm,standard,generic,713,0.4591479170272447,0.33333333333333337,2
word_svm,standard,generic,714,0.7652465283787413,0.5555555555555556,3
word_svm,standard,generic,715,0.4932133643654213,0.2222222222222222,3
word_svm,standard,generic,716,0.6758220575766962,0.4444444444444444,3
word_svm,standard,generic,717,0.9182958340544897,0.5555555555555556,4
word_svm,standard,generic,718,0.25162916738782287,0.11111111111111116,2
word_svm,standard,generic,719,0.7177602521413333,0.4444444444444444,3
word_svm,standard,generic,720,0.38210225325431013,0.2222222222222222,2
word_svm,standard,generic,721,0.8288713632524446,0.4444444444444444,4
word_svm,standard,generic,722,0.6121972227029931,0.33333333333333337,3
word_svm,standard,generic,723,0.7652465283787413,0.5555555555555556,3
word_svm,standard,generic,724,0.38210225325431013,0.2222222222222222,2
word_svm,standard,generic,725,0.6121972227029931,0.33333333333333337,3
word_svm,standard,generic,726,0.7652465283787413,0.5555555555555556,3
word_svm,standard,generic,727,0.38210225325431013,0.2222222222222222,2
word_svm,standard,generic,728,0.7177602521413333,0.4444444444444444,3
word_svm,standard,generic,729,0.7652465283787413,0.5555555555555556,3
word_svm,standard,generic,730,0.25162916738782287,0.11111111111111116,2
word_svm,standard,generic,731,0.6758220575766962,0.4444444444444444,3
word_svm,standard,generic,732,0.4591479170272447,0.33333333333333337,2
word_svm,standard,generic,733,0.7652465283787413,0.5555555555555556,3
word_svm,standard,generic,734,0.6121972227029931,0.33333333333333337,3
word_svm,standard,generic,735,0.4932133643654213,0.2222222222222222,3
word_svm,standard,generic,736,0.6960736118322673,0.5555555555555556,3
word_svm,standard,generic,737,0.4591479170272447,0.33333333333333337,2
word_svm,standard,generic,738,0.6758220575766962,0.4444444444444444,3
word_svm,standard,generic,739,0.4955380299191111,0.4444444444444444,2
word_svm,standard,generic,740,0.4932133643654213,0.2222222222222222,3
word_svm,standard,generic,741,0.4591479170272447,0.33333333333333337,2
word_svm,standard,generic,742,0.4955380299191111,0.4444444444444444,2
word_svm,standard,generic,743,0.25162916738782287,0.11111111111111116,2
word_svm,standard,generic,744,0.4955380299191111,0.4444444444444444,2
word_svm,standard,generic,745,0.6121972227029931,0.33333333333333337,3
word_svm,standard,generic,746,0.6758220575766962,0.4444444444444444,3
word_svm,standard,generic,747,0.25162916738782287,0.11111111111111116,2
word_svm,standard,generic,748,0.7177602521413333,0.4444444444444444,3
word_svm,standard,generic,749,0.4955380299191111,0.4444444444444444,2
word_svm,standard,generic,750,0.6121972227029931,0.33333333333333337,3
word_svm,standard,generic,751,0.6121972227029931,0.33333333333333337,3
word_svm,standard,generic,752,0.25162916738782287,0.11111111111111116,2
word_svm,standard,generic,753,0.7177602521413333,0.4444444444444444,3
word_svm,standard,generic,754,0.9874687506009635,0.6666666666666667,4
word_svm,standard,generic,755,0.6121972227029931,0.33333333333333337,3
word_svm,standard,generic,756,0.38210225325431013,0.2222222222222222,2
word_svm,standard,generic,757,0.4932133643654213,0.2222222222222222,3
word_svm,standard,generic,758,0.8288713632524446,0.4444444444444444,4
word_svm,standard,generic,759,0.4591479170272447,0.33333333333333337,2
word_svm,standard,generic,760,0.6121972227029931,0.33333333333333337,3
word_svm,standard,generic,761,0.4591479170272447,0.33333333333333337,2
word_svm,standard,generic,762,0.6121972227029931,0.33333333333333337,3
word_svm,standard,generic,763,0.4955380299191111,0.4444444444444444,2
word_svm,standard,generic,764,0.25162916738782287,0.11111111111111116,2
word_svm,standard,generic,765,0.6960736118322673,0.5555555555555556,3
word_svm,standard,generic,766,0.6121972227029931,0.33333333333333337,3
word_svm,standard,generic,767,0.6758220575766962,0.4444444444444444,3
word_svm,standard,generic,768,0.4591479170272447,0.33333333333333337,2
word_svm,standard,generic,769,0.6758220575766962,0.4444444444444444,3
word_svm,standard,generic,770,0.6121972227029931,0.33333333333333337,3
word_svm,standard,generic,771,0.7652465283787413,0.5555555555555556,3
word_svm,standard,generic,772,0.6121972227029931,0.33333333333333337,3
word_svm,standard,generic,773,0.7652465283787413,0.5555555555555556,3
word_svm,standard,generic,774,0.4591479170272447,0.33333333333333337,2
word_svm,standard,generic,775,0.6121972227029931,0.33333333333333337,3
word_svm,standard,generic,776,0.7177602521413333,0.4444444444444444,3
word_svm,standard,generic,777,0.6960736118322673,0.5555555555555556,3
word_svm,standard,generic,778,0.7652465283787413,0.5555555555555556,3
word_svm,standard,generic,779,0.6121972227029931,0.33333333333333337,3
word_svm,standard,generic,780,0.4955380299191111,0.4444444444444444,2
word_svm,standard,generic,781,0.6121972227029931,0.33333333333333337,3
word_svm,standard,generic,782,0.25162916738782287,0.11111111111111116,2
word_svm,standard,generic,783,0.25162916738782287,0.11111111111111116,2
word_svm,standard,generic,784,0.7652465283787413,0.5555555555555556,3
word_svm,standard,generic,785,-0.0,0.0,1
word_svm,standard,generic,786,0.6960736118322673,0.5555555555555556,3
word_svm,standard,generic,787,0.9182958340544897,0.5555555555555556,4
word_svm,standard,generic,788,0.6121972227029931,0.33333333333333337,3
word_svm,standard,generic,789,0.9182958340544897,0.5555555555555556,4
word_svm,standard,generic,790,0.4932133643654213,0.2222222222222222,3
word_svm,standard,generic,791,0.6758220575766962,0.4444444444444444,3
word_svm,standard,generic,792,0.4932133643654213,0.2222222222222222,3
word_svm,standard,generic,793,0.6758220575766962,0.4444444444444444,3
word_svm,standard,generic,794,0.4591479170272447,0.33333333333333337,2
word_svm,standard,generic,796,0.7652465283787413,0.5555555555555556,3
word_svm,standard,generic,797,0.38210225325431013,0.2222222222222222,2
word_svm,standard,generic,798,0.4955380299191111,0.4444444444444444,2
word_svm,standard,generic,799,0.9455305560363264,0.6666666666666667,4
word_svm,standard,generic,800,0.4955380299191111,0.4444444444444444,2
word_svm,standard,generic,801,0.6121972227029931,0.33333333333333337,3
word_svm,standard,generic,802,0.38210225325431013,0.2222222222222222,2
word_svm,standard,generic,803,-0.0,0.0,1
word_svm,standard,generic,804,0.4955380299191111,0.4444444444444444,2
word_svm,standard,generic,805,0.6121972227029931,0.33333333333333337,3
word_svm,standard,generic,806,0.7652465283787413,0.5555555555555556,3
word_svm,standard,generic,807,0.38210225325431013,0.2222222222222222,2
word_svm,standard,generic,808,0.6121972227029931,0.33333333333333337,3
word_svm,standard,generic,809,-0.0,0.0,1
word_svm,standard,generic,810,0.6121972227029931,0.33333333333333337,3
word_svm,standard,generic,811,0.7652465283787413,0.5555555555555556,3
word_svm,standard,generic,812,0.25162916738782287,0.11111111111111116,2
word_svm,standard,generic,813,0.6121972227029931,0.33333333333333337,3
word_svm,standard,generic,814,-0.0,0.0,1
word_svm,standard,generic,815,0.6758220575766962,0.4444444444444444,3
word_svm,standard,generic,816,0.7177602521413333,0.4444444444444444,3
word_svm,standard,generic,817,0.7652465283787413,0.5555555555555556,3
word_svm,standard,generic,818,0.6960736118322673,0.5555555555555556,3
word_svm,standard,generic,819,0.8288713632524446,0.4444444444444444,4
word_svm,standard,generic,820,0.9455305560363264,0.6666666666666667,4
word_svm,standard,generic,821,0.8763576394898526,0.5555555555555556,4
word_svm,standard,generic,822,0.4932133643654213,0.2222222222222222,3
word_svm,standard,generic,823,0.25162916738782287,0.11111111111111116,2
word_svm,standard,generic,824,0.4591479170272447,0.33333333333333337,2
word_svm,standard,generic,825,0.7177602521413333,0.4444444444444444,3
word_svm,standard,generic,826,0.6758220575766962,0.4444444444444444,3
word_svm,standard,generic,827,0.25162916738782287,0.11111111111111116,2
word_svm,standard,generic,828,0.7177602521413333,0.4444444444444444,3
word_svm,standard,generic,829,0.25162916738782287,0.11111111111111116,2
word_svm,standard,generic,830,0.38210225325431013,0.2222222222222222,2
word_svm,standard,generic,831,0.4955380299191111,0.4444444444444444,2
word_svm,standard,generic,832,0.6758220575766962,0.4444444444444444,3
word_svm,standard,generic,833,0.7652465283787413,0.5555555555555556,3
word_svm,standard,generic,834,0.4955380299191111,0.4444444444444444,2
word_svm,standard,generic,835,0.8763576394898526,0.5555555555555556,4
word_svm,standard,generic,836,0.6121972227029931,0.33333333333333337,3
word_svm,standard,generic,837,0.7652465283787413,0.5555555555555556,3
word_svm,standard,generic,838,0.6960736118322673,0.5555555555555556,3
word_svm,standard,generic,839,0.6758220575766962,0.4444444444444444,3
word_svm,standard,generic,841,0.6758220575766962,0.4444444444444444,3
word_svm,standard,generic,842,0.9874687506009635,0.6666666666666667,4
word_svm,standard,generic,843,0.7652465283787413,0.5555555555555556,3
word_svm,standard,generic,844,0.6758220575766962,0.4444444444444444,3
word_svm,standard,generic,845,0.38210225325431013,0.2222222222222222,2
word_svm,standard,generic,846,0.6758220575766962,0.4444444444444444,3
word_svm,standard,generic,847,0.7652465283787413,0.5555555555555556,3
word_svm,standard,generic,848,0.792481250360578,0.6666666666666667,3
word_svm,standard,generic,849,0.7177602521413333,0.4444444444444444,3
word_svm,standard,generic,850,0.7177602521413333,0.4444444444444444,3
word_svm,standard,generic,851,0.4955380299191111,0.4444444444444444,2
word_svm,standard,generic,852,0.6121972227029931,0.33333333333333337,3
word_svm,standard,generic,853,0.8763576394898526,0.5555555555555556,4
word_svm,standard,generic,854,0.8288713632524446,0.4444444444444444,4
word_svm,standard,generic,855,0.7652465283787413,0.5555555555555556,3
word_svm,standard,generic,856,0.6758220575766962,0.4444444444444444,3
word_svm,standard,generic,857,0.6758220575766962,0.4444444444444444,3
word_svm,standard,generic,858,0.38210225325431013,0.2222222222222222,2
word_svm,standard,generic,859,0.6121972227029931,0.33333333333333337,3
word_svm,standard,generic,860,0.6121972227029931,0.33333333333333337,3
word_svm,standard,generic,861,0.8288713632524446,0.4444444444444444,4
word_svm,standard,generic,862,0.9455305560363264,0.6666666666666667,4
word_svm,standard,generic,863,0.38210225325431013,0.2222222222222222,2
word_svm,standard,generic,864,0.6121972227029931,0.33333333333333337,3
word_svm,standard,generic,865,0.4955380299191111,0.4444444444444444,2
word_svm,standard,generic,866,0.6960736118322673,0.5555555555555556,3
word_svm,standard,generic,867,0.7233083338141042,0.33333333333333337,4
word_svm,standard,generic,868,0.4955380299191111,0.4444444444444444,2
word_svm,standard,generic,869,-0.0,0.0,1
word_svm,standard,generic,870,0.25162916738782287,0.11111111111111116,2
word_svm,standard,generic,871,0.6121972227029931,0.33333333333333337,3
word_svm,standard,generic,872,0.38210225325431013,0.2222222222222222,2
word_svm,standard,generic,873,0.6960736118322673,0.5555555555555556,3
word_svm,standard,generic,874,0.7652465283787413,0.5555555555555556,3
word_svm,standard,generic,875,0.8288713632524446,0.4444444444444444,4
word_svm,standard,generic,876,-0.0,0.0,1
word_svm,standard,generic,877,0.38210225325431013,0.2222222222222222,2
word_svm,standard,generic,878,0.4955380299191111,0.4444444444444444,2
word_svm,standard,generic,879,0.4955380299191111,0.4444444444444444,2
word_svm,standard,generic,880,0.7652465283787413,0.5555555555555556,3
word_svm,standard,generic,881,0.7652465283787413,0.5555555555555556,3
word_svm,standard,generic,882,0.6758220575766962,0.4444444444444444,3
word_svm,standard,generic,883,0.8288713632524446,0.4444444444444444,4
word_svm,standard,generic,884,0.7652465283787413,0.5555555555555556,3
word_svm,standard,generic,885,0.4955380299191111,0.4444444444444444,2
word_svm,standard,generic,886,0.9182958340544897,0.5555555555555556,4
word_svm,standard,generic,887,0.4591479170272447,0.33333333333333337,2
word_svm,standard,generic,888,0.6758220575766962,0.4444444444444444,3
word_svm,standard,generic,889,0.6121972227029931,0.33333333333333337,3
word_svm,standard,generic,890,0.25162916738782287,0.11111111111111116,2
word_svm,standard,generic,891,0.6758220575766962,0.4444444444444444,3
word_svm,standard,generic,892,-0.0,0.0,1
word_svm,standard,generic,893,0.6121972227029931,0.33333333333333337,3
word_svm,standard,generic,894,0.7652465283787413,0.5555555555555556,3
word_svm,standard,generic,895,0.9455305560363264,0.6666666666666667,4
word_svm,standard,generic,896,0.7177602521413333,0.4444444444444444,3
word_svm,standard,generic,897,0.6758220575766962,0.4444444444444444,3
word_svm,standard,generic,898,0.38210225325431013,0.2222222222222222,2
word_svm,standard,generic,899,0.25162916738782287,0.11111111111111116,2
word_svm,standard,generic,900,0.7177602521413333,0.4444444444444444,3
word_svm,standard,generic,901,0.4932133643654213,0.2222222222222222,3
word_svm,standard,generic,902,0.7652465283787413,0.5555555555555556,3
word_svm,standard,generic,903,0.4591479170272447,0.33333333333333337,2
word_svm,standard,generic,904,0.4932133643654213,0.2222222222222222,3
word_svm,standard,generic,905,0.6121972227029931,0.33333333333333337,3
word_svm,standard,generic,906,0.25162916738782287,0.11111111111111116,2
word_svm,standard,generic,907,0.6758220575766962,0.4444444444444444,3
word_svm,standard,generic,908,0.4955380299191111,0.4444444444444444,2
word_svm,standard,generic,909,0.7652465283787413,0.5555555555555556,3
word_svm,standard,generic,910,0.4932133643654213,0.2222222222222222,3
word_svm,standard,generic,911,0.4591479170272447,0.33333333333333337,2
word_svm,standard,generic,912,0.6758220575766962,0.4444444444444444,3
word_svm,standard,generic,913,0.4955380299191111,0.4444444444444444,2
word_svm,standard,generic,914,0.4955380299191111,0.4444444444444444,2
word_svm,standard,generic,915,0.7652465283787413,0.5555555555555556,3
word_svm,standard,generic,916,0.6121972227029931,0.33333333333333337,3
word_svm,standard,generic,917,0.38210225325431013,0.2222222222222222,2
word_svm,standard,generic,918,0.7652465283787413,0.5555555555555556,3
word_svm,standard,generic,919,0.38210225325431013,0.2222222222222222,2
word_svm,standard,generic,920,0.6121972227029931,0.33333333333333337,3
word_svm,standard,generic,921,0.9455305560363264,0.6666666666666667,4
word_svm,standard,generic,922,0.4955380299191111,0.4444444444444444,2
word_svm,standard,generic,923,0.7652465283787413,0.5555555555555556,3
word_svm,standard,generic,924,0.7177602521413333,0.4444444444444444,3
word_svm,standard,generic,925,0.38210225325431013,0.2222222222222222,2
word_svm,standard,generic,926,0.6758220575766962,0.4444444444444444,3
word_svm,standard,generic,927,0.9455305560363264,0.6666666666666667,4
word_svm,standard,generic,928,0.7652465283787413,0.5555555555555556,3
word_svm,standard,generic,929,0.6121972227029931,0.33333333333333337,3
word_svm,standard,generic,930,0.38210225325431013,0.2222222222222222,2
word_svm,standard,generic,931,0.4932133643654213,0.2222222222222222,3
word_svm,standard,generic,932,0.4932133643654213,0.2222222222222222,3
word_svm,standard,generic,933,0.6121972227029931,0.33333333333333337,3
word_svm,standard,generic,934,0.7177602521413333,0.4444444444444444,3
word_svm,standard,generic,935,0.8288713632524446,0.4444444444444444,4
word_svm,standard,generic,936,0.38210225325431013,0.2222222222222222,2
word_svm,standard,generic,937,0.6960736118322673,0.5555555555555556,3
word_svm,standard,generic,938,0.25162916738782287,0.11111111111111116,2
word_svm,standard,generic,939,0.7177602521413333,0.4444444444444444,3
word_svm,standard,generic,940,0.6121972227029931,0.33333333333333337,3
word_svm,standard,generic,941,0.7652465283787413,0.5555555555555556,3
word_svm,standard,generic,942,-0.0,0.0,1
word_svm,standard,generic,943,-0.0,0.0,1
word_svm,standard,generic,944,0.9182958340544897,0.5555555555555556,4
word_svm,standard,generic,945,0.7177602521413333,0.4444444444444444,3
word_svm,standard,generic,946,0.8288713632524446,0.4444444444444444,4
word_svm,standard,generic,947,0.4932133643654213,0.2222222222222222,3
word_svm,standard,generic,948,0.25162916738782287,0.11111111111111116,2
word_svm,standard,generic,949,-0.0,0.0,1
word_svm,standard,generic,950,0.25162916738782287,0.11111111111111116,2
word_svm,standard,generic,951,0.4932133643654213,0.2222222222222222,3
word_svm,standard,generic,952,0.6121972227029931,0.33333333333333337,3
word_svm,standard,generic,953,0.4955380299191111,0.4444444444444444,2
word_svm,standard,generic,954,0.7233083338141042,0.33333333333333337,4
word_svm,standard,generic,955,0.4932133643654213,0.2222222222222222,3
word_svm,standard,generic,956,0.4591479170272447,0.33333333333333337,2
word_svm,standard,generic,957,0.4955380299191111,0.4444444444444444,2
word_svm,standard,generic,958,0.25162916738782287,0.11111111111111116,2
word_svm,standard,generic,959,0.8763576394898526,0.5555555555555556,4
word_svm,standard,generic,960,0.9182958340544897,0.5555555555555556,4
word_svm,standard,generic,961,0.8763576394898526,0.5555555555555556,4
word_svm,standard,generic,962,0.25162916738782287,0.11111111111111116,2
word_svm,standard,generic,963,0.9874687506009635,0.6666666666666667,4
word_svm,standard,generic,964,0.7652465283787413,0.5555555555555556,3
word_svm,standard,generic,965,0.25162916738782287,0.11111111111111116,2
word_svm,standard,generic,966,0.7177602521413333,0.4444444444444444,3
word_svm,standard,generic,967,0.8288713632524446,0.4444444444444444,4
word_svm,standard,generic,968,0.6758220575766962,0.4444444444444444,3
word_svm,standard,generic,969,0.4955380299191111,0.4444444444444444,2
word_svm,standard,generic,970,0.4591479170272447,0.33333333333333337,2
word_svm,standard,generic,971,0.6121972227029931,0.33333333333333337,3
word_svm,standard,generic,972,0.7652465283787413,0.5555555555555556,3
word_svm,standard,generic,973,0.7652465283787413,0.5555555555555556,3
word_svm,standard,generic,974,0.4955380299191111,0.4444444444444444,2
word_svm,standard,generic,975,0.9182958340544897,0.5555555555555556,4
word_svm,standard,generic,976,0.25162916738782287,0.11111111111111116,2
word_svm,standard,generic,977,0.6121972227029931,0.33333333333333337,3
word_svm,standard,generic,978,0.6121972227029931,0.33333333333333337,3
word_svm,standard,generic,979,0.7177602521413333,0.4444444444444444,3
word_svm,standard,generic,980,0.6121972227029931,0.33333333333333337,3
word_svm,standard,generic,981,0.25162916738782287,0.11111111111111116,2
word_svm,standard,generic,982,-0.0,0.0,1
word_svm,standard,generic,983,0.6758220575766962,0.4444444444444444,3
word_svm,standard,generic,984,0.4591479170272447,0.33333333333333337,2
word_svm,standard,generic,985,0.8288713632524446,0.4444444444444444,4
word_svm,standard,generic,986,0.7652465283787413,0.5555555555555556,3
word_svm,standard,generic,987,0.25162916738782287,0.11111111111111116,2
word_svm,standard,generic,988,0.8288713632524446,0.4444444444444444,4
word_svm,standard,generic,989,0.6960736118322673,0.5555555555555556,3
word_svm,standard,generic,990,0.38210225325431013,0.2222222222222222,2
word_svm,standard,generic,991,0.7652465283787413,0.5555555555555556,3
word_svm,standard,generic,992,0.4955380299191111,0.4444444444444444,2
word_svm,standard,generic,993,0.8763576394898526,0.5555555555555556,4
word_svm,standard,generic,994,0.4932133643654213,0.2222222222222222,3
word_svm,standard,generic,995,0.7652465283787413,0.5555555555555556,3
word_svm,standard,generic,996,0.7652465283787413,0.5555555555555556,3
word_svm,standard,generic,997,0.6121972227029931,0.33333333333333337,3
word_svm,standard,generic,998,0.7177602521413333,0.4444444444444444,3
word_svm,standard,generic,999,0.25162916738782287,0.11111111111111116,2
word_svm,standard,generic,1000,0.6960736118322673,0.5555555555555556,3
word_svm,standard,generic,1001,0.7652465283787413,0.5555555555555556,3
word_svm,standard,generic,1009,0.6758220575766962,0.4444444444444444,3
word_svm,standard,generic,1061,0.4591479170272447,0.33333333333333337,2
word_svm,standard,generic,1085,0.4932133643654213,0.2222222222222222,3
word_svm,standard,generic,1125,0.6121972227029931,0.33333333333333337,3
word_svm,standard,pedagogy,0,0.7233083338141042,0.33333333333333337,4
word_svm,standard,pedagogy,1,0.38210225325431013,0.2222222222222222,2
word_svm,standard,pedagogy,2,0.38210225325431013,0.2222222222222222,2
word_svm,standard,pedagogy,3,0.6121972227029931,0.33333333333333337,3
word_svm,standard,pedagogy,4,0.4591479170272447,0.33333333333333337,2
word_svm,standard,pedagogy,5,0.7233083338141042,0.33333333333333337,4
word_svm,standard,pedagogy,6,0.6121972227029931,0.33333333333333337,3
word_svm,standard,pedagogy,7,0.7652465283787413,0.5555555555555556,3
word_svm,standard,pedagogy,8,0.6121972227029931,0.33333333333333337,3
word_svm,standard,pedagogy,9,-0.0,0.0,1
word_svm,standard,pedagogy,10,0.25162916738782287,0.11111111111111116,2
word_svm,standard,pedagogy,11,0.6960736118322673,0.5555555555555556,3
word_svm,standard,pedagogy,12,0.7652465283787413,0.5555555555555556,3
word_svm,standard,pedagogy,13,0.6960736118322673,0.5555555555555556,3
word_svm,standard,pedagogy,14,0.9455305560363264,0.6666666666666667,4
word_svm,standard,pedagogy,15,0.25162916738782287,0.11111111111111116,2
word_svm,standard,pedagogy,16,0.8763576394898526,0.5555555555555556,4
word_svm,standard,pedagogy,17,0.6758220575766962,0.4444444444444444,3
word_svm,standard,pedagogy,18,0.6121972227029931,0.33333333333333337,3
word_svm,standard,pedagogy,19,0.8763576394898526,0.5555555555555556,4
word_svm,standard,pedagogy,20,0.7652465283787413,0.5555555555555556,3
word_svm,standard,pedagogy,21,0.6960736118322673,0.5555555555555556,3
word_svm,standard,pedagogy,22,0.4591479170272447,0.33333333333333337,2
word_svm,standard,pedagogy,23,0.792481250360578,0.6666666666666667,3
word_svm,standard,pedagogy,24,-0.0,0.0,1
word_svm,standard,pedagogy,25,0.6758220575766962,0.4444444444444444,3
word_svm,standard,pedagogy,26,-0.0,0.0,1
word_svm,standard,pedagogy,27,0.6121972227029931,0.33333333333333337,3
word_svm,standard,pedagogy,28,0.8763576394898526,0.5555555555555556,4
word_svm,standard,pedagogy,29,0.25162916738782287,0.11111111111111116,2
word_svm,standard,pedagogy,30,0.6758220575766962,0.4444444444444444,3
word_svm,standard,pedagogy,31,0.4591479170272447,0.33333333333333337,2
word_svm,standard,pedagogy,32,0.4591479170272447,0.33333333333333337,2
word_svm,standard,pedagogy,33,0.6960736118322673,0.5555555555555556,3
word_svm,standard,pedagogy,34,0.38210225325431013,0.2222222222222222,2
word_svm,standard,pedagogy,35,0.6758220575766962,0.4444444444444444,3
word_svm,standard,pedagogy,36,-0.0,0.0,1
word_svm,standard,pedagogy,37,-0.0,0.0,1
word_svm,standard,pedagogy,38,0.4932133643654213,0.2222222222222222,3
word_svm,standard,pedagogy,39,0.25162916738782287,0.11111111111111116,2
word_svm,standard,pedagogy,40,0.25162916738782287,0.11111111111111116,2
word_svm,standard,pedagogy,41,0.6121972227029931,0.33333333333333337,3
word_svm,standard,pedagogy,42,0.6758220575766962,0.4444444444444444,3
word_svm,standard,pedagogy,43,0.38210225325431013,0.2222222222222222,2
word_svm,standard,pedagogy,44,0.38210225325431013,0.2222222222222222,2
word_svm,standard,pedagogy,45,0.4932133643654213,0.2222222222222222,3
word_svm,standard,pedagogy,46,0.4955380299191111,0.4444444444444444,2
word_svm,standard,pedagogy,47,0.6758220575766962,0.4444444444444444,3
word_svm,standard,pedagogy,48,0.25162916738782287,0.11111111111111116,2
word_svm,standard,pedagogy,49,0.4932133643654213,0.2222222222222222,3
word_svm,standard,pedagogy,50,0.6758220575766962,0.4444444444444444,3
word_svm,standard,pedagogy,51,0.25162916738782287,0.11111111111111116,2
word_svm,standard,pedagogy,52,0.4955380299191111,0.4444444444444444,2
word_svm,standard,pedagogy,53,0.4591479170272447,0.33333333333333337,2
word_svm,standard,pedagogy,54,0.7177602521413333,0.4444444444444444,3
word_svm,standard,pedagogy,55,0.7652465283787413,0.5555555555555556,3
word_svm,standard,pedagogy,56,0.8288713632524446,0.4444444444444444,4
word_svm,standard,pedagogy,57,0.25162916738782287,0.11111111111111116,2
word_svm,standard,pedagogy,58,0.6758220575766962,0.4444444444444444,3
word_svm,standard,pedagogy,59,0.7233083338141042,0.33333333333333337,4
word_svm,standard,pedagogy,60,0.38210225325431013,0.2222222222222222,2
word_svm,standard,pedagogy,61,0.6121972227029931,0.33333333333333337,3
word_svm,standard,pedagogy,62,0.6121972227029931,0.33333333333333337,3
word_svm,standard,pedagogy,63,0.7177602521413333,0.4444444444444444,3
word_svm,standard,pedagogy,64,0.4955380299191111,0.4444444444444444,2
word_svm,standard,pedagogy,65,0.6758220575766962,0.4444444444444444,3
word_svm,standard,pedagogy,66,0.38210225325431013,0.2222222222222222,2
word_svm,standard,pedagogy,67,0.4955380299191111,0.4444444444444444,2
word_svm,standard,pedagogy,68,0.38210225325431013,0.2222222222222222,2
word_svm,standard,pedagogy,69,0.38210225325431013,0.2222222222222222,2
word_svm,standard,pedagogy,70,0.4591479170272447,0.33333333333333337,2
word_svm,standard,pedagogy,71,0.25162916738782287,0.11111111111111116,2
word_svm,standard,pedagogy,72,0.6758220575766962,0.4444444444444444,3
word_svm,standard,pedagogy,73,0.7652465283787413,0.5555555555555556,3
word_svm,standard,pedagogy,74,0.6960736118322673,0.5555555555555556,3
word_svm,standard,pedagogy,75,0.6758220575766962,0.4444444444444444,3
word_svm,standard,pedagogy,76,0.7177602521413333,0.4444444444444444,3
word_svm,standard,pedagogy,77,0.4955380299191111,0.4444444444444444,2
word_svm,standard,pedagogy,78,0.4591479170272447,0.33333333333333337,2
word_svm,standard,pedagogy,79,0.6121972227029931,0.33333333333333337,3
word_svm,standard,pedagogy,80,0.792481250360578,0.6666666666666667,3
word_svm,standard,pedagogy,81,0.38210225325431013,0.2222222222222222,2
word_svm,standard,pedagogy,82,0.6121972227029931,0.33333333333333337,3
word_svm,standard,pedagogy,83,0.6758220575766962,0.4444444444444444,3
word_svm,standard,pedagogy,84,0.6758220575766962,0.4444444444444444,3
word_svm,standard,pedagogy,85,0.7177602521413333,0.4444444444444444,3
word_svm,standard,pedagogy,86,0.4955380299191111,0.4444444444444444,2
word_svm,standard,pedagogy,87,0.38210225325431013,0.2222222222222222,2
word_svm,standard,pedagogy,88,0.9182958340544897,0.5555555555555556,4
word_svm,standard,pedagogy,89,0.4955380299191111,0.4444444444444444,2
word_svm,standard,pedagogy,90,0.25162916738782287,0.11111111111111116,2
word_svm,standard,pedagogy,91,0.4955380299191111,0.4444444444444444,2
word_svm,standard,pedagogy,92,0.4955380299191111,0.4444444444444444,2
word_svm,standard,pedagogy,93,0.9455305560363264,0.6666666666666667,4
word_svm,standard,pedagogy,94,0.6121972227029931,0.33333333333333337,3
word_svm,standard,pedagogy,95,0.8288713632524446,0.4444444444444444,4
word_svm,standard,pedagogy,96,0.4955380299191111,0.4444444444444444,2
word_svm,standard,pedagogy,97,0.4591479170272447,0.33333333333333337,2
word_svm,standard,pedagogy,98,0.6121972227029931,0.33333333333333337,3
word_svm,standard,pedagogy,99,0.7652465283787413,0.5555555555555556,3
word_svm,standard,pedagogy,100,0.4932133643654213,0.2222222222222222,3
word_svm,standard,pedagogy,101,0.25162916738782287,0.11111111111111116,2
word_svm,standard,pedagogy,102,0.25162916738782287,0.11111111111111116,2
word_svm,standard,pedagogy,103,0.4591479170272447,0.33333333333333337,2
word_svm,standard,pedagogy,104,-0.0,0.0,1
word_svm,standard,pedagogy,105,0.7177602521413333,0.4444444444444444,3
word_svm,standard,pedagogy,106,0.4932133643654213,0.2222222222222222,3
word_svm,standard,pedagogy,107,0.4591479170272447,0.33333333333333337,2
word_svm,standard,pedagogy,108,0.4591479170272447,0.33333333333333337,2
word_svm,standard,pedagogy,109,0.8763576394898526,0.5555555555555556,4
word_svm,standard,pedagogy,110,-0.0,0.0,1
word_svm,standard,pedagogy,111,0.4932133643654213,0.2222222222222222,3
word_svm,standard,pedagogy,112,0.4591479170272447,0.33333333333333337,2
word_svm,standard,pedagogy,113,0.25162916738782287,0.11111111111111116,2
word_svm,standard,pedagogy,114,0.6121972227029931,0.33333333333333337,3
word_svm,standard,pedagogy,115,0.6960736118322673,0.5555555555555556,3
word_svm,standard,pedagogy,116,0.6121972227029931,0.33333333333333337,3
word_svm,standard,pedagogy,117,0.8288713632524446,0.4444444444444444,4
word_svm,standard,pedagogy,118,0.25162916738782287,0.11111111111111116,2
word_svm,standard,pedagogy,119,0.38210225325431013,0.2222222222222222,2
word_svm,standard,pedagogy,120,0.38210225325431013,0.2222222222222222,2
word_svm,standard,pedagogy,121,0.4955380299191111,0.4444444444444444,2
word_svm,standard,pedagogy,122,-0.0,0.0,1
word_svm,standard,pedagogy,123,0.7652465283787413,0.5555555555555556,3
word_svm,standard,pedagogy,124,0.4591479170272447,0.33333333333333337,2
word_svm,standard,pedagogy,125,0.6121972227029931,0.33333333333333337,3
word_svm,standard,pedagogy,126,0.25162916738782287,0.11111111111111116,2
word_svm,standard,pedagogy,127,0.38210225325431013,0.2222222222222222,2
word_svm,standard,pedagogy,128,0.4932133643654213,0.2222222222222222,3
word_svm,standard,pedagogy,129,0.4955380299191111,0.4444444444444444,2
word_svm,standard,pedagogy,130,0.4932133643654213,0.2222222222222222,3
word_svm,standard,pedagogy,131,0.8288713632524446,0.4444444444444444,4
word_svm,standard,pedagogy,132,0.6121972227029931,0.33333333333333337,3
word_svm,standard,pedagogy,133,0.38210225325431013,0.2222222222222222,2
word_svm,standard,pedagogy,134,0.7652465283787413,0.5555555555555556,3
word_svm,standard,pedagogy,135,0.38210225325431013,0.2222222222222222,2
word_svm,standard,pedagogy,136,0.7652465283787413,0.5555555555555556,3
word_svm,standard,pedagogy,137,0.6121972227029931,0.33333333333333337,3
word_svm,standard,pedagogy,138,0.4955380299191111,0.4444444444444444,2
word_svm,standard,pedagogy,139,0.7177602521413333,0.4444444444444444,3
word_svm,standard,pedagogy,140,0.8288713632524446,0.4444444444444444,4
word_svm,standard,pedagogy,141,0.25162916738782287,0.11111111111111116,2
word_svm,standard,pedagogy,142,0.6121972227029931,0.33333333333333337,3
word_svm,standard,pedagogy,143,0.4591479170272447,0.33333333333333337,2
word_svm,standard,pedagogy,144,-0.0,0.0,1
word_svm,standard,pedagogy,145,-0.0,0.0,1
word_svm,standard,pedagogy,146,0.6960736118322673,0.5555555555555556,3
word_svm,standard,pedagogy,147,0.8288713632524446,0.4444444444444444,4
word_svm,standard,pedagogy,148,0.6758220575766962,0.4444444444444444,3
word_svm,standard,pedagogy,149,0.6758220575766962,0.4444444444444444,3
word_svm,standard,pedagogy,150,0.4591479170272447,0.33333333333333337,2
word_svm,standard,pedagogy,151,0.38210225325431013,0.2222222222222222,2
word_svm,standard,pedagogy,152,0.6121972227029931,0.33333333333333337,3
word_svm,standard,pedagogy,153,0.4591479170272447,0.33333333333333337,2
word_svm,standard,pedagogy,154,0.4591479170272447,0.33333333333333337,2
word_svm,standard,pedagogy,155,0.4591479170272447,0.33333333333333337,2
word_svm,standard,pedagogy,156,0.4591479170272447,0.33333333333333337,2
word_svm,standard,pedagogy,157,0.6121972227029931,0.33333333333333337,3
word_svm,standard,pedagogy,158,0.38210225325431013,0.2222222222222222,2
word_svm,standard,pedagogy,159,0.25162916738782287,0.11111111111111116,2
word_svm,standard,pedagogy,160,0.25162916738782287,0.11111111111111116,2
word_svm,standard,pedagogy,161,0.8763576394898526,0.5555555555555556,4
word_svm,standard,pedagogy,162,0.25162916738782287,0.11111111111111116,2
word_svm,standard,pedagogy,163,0.8763576394898526,0.5555555555555556,4
word_svm,standard,pedagogy,164,0.4932133643654213,0.2222222222222222,3
word_svm,standard,pedagogy,165,0.6960736118322673,0.5555555555555556,3
word_svm,standard,pedagogy,166,0.4591479170272447,0.33333333333333337,2
word_svm,standard,pedagogy,167,0.4591479170272447,0.33333333333333337,2
word_svm,standard,pedagogy,168,0.4591479170272447,0.33333333333333337,2
word_svm,standard,pedagogy,169,0.6758220575766962,0.4444444444444444,3
word_svm,standard,pedagogy,170,-0.0,0.0,1
word_svm,standard,pedagogy,171,0.8288713632524446,0.4444444444444444,4
word_svm,standard,pedagogy,172,0.6758220575766962,0.4444444444444444,3
word_svm,standard,pedagogy,173,0.4932133643654213,0.2222222222222222,3
word_svm,standard,pedagogy,174,0.38210225325431013,0.2222222222222222,2
word_svm,standard,pedagogy,175,0.6758220575766962,0.4444444444444444,3
word_svm,standard,pedagogy,176,0.6758220575766962,0.4444444444444444,3
word_svm,standard,pedagogy,177,0.4955380299191111,0.4444444444444444,2
word_svm,standard,pedagogy,178,0.38210225325431013,0.2222222222222222,2
word_svm,standard,pedagogy,179,0.38210225325431013,0.2222222222222222,2
word_svm,standard,pedagogy,180,0.6121972227029931,0.33333333333333337,3
word_svm,standard,pedagogy,181,0.7652465283787413,0.5555555555555556,3
word_svm,standard,pedagogy,182,0.6121972227029931,0.33333333333333337,3
word_svm,standard,pedagogy,183,0.25162916738782287,0.11111111111111116,2
word_svm,standard,pedagogy,184,0.4955380299191111,0.4444444444444444,2
word_svm,standard,pedagogy,185,-0.0,0.0,1
word_svm,standard,pedagogy,186,0.6758220575766962,0.4444444444444444,3
word_svm,standard,pedagogy,187,0.25162916738782287,0.11111111111111116,2
word_svm,standard,pedagogy,188,0.6758220575766962,0.4444444444444444,3
word_svm,standard,pedagogy,189,0.4955380299191111,0.4444444444444444,2
word_svm,standard,pedagogy,190,0.6121972227029931,0.33333333333333337,3
word_svm,standard,pedagogy,191,0.25162916738782287,0.11111111111111116,2
word_svm,standard,pedagogy,192,0.38210225325431013,0.2222222222222222,2
word_svm,standard,pedagogy,193,0.4932133643654213,0.2222222222222222,3
word_svm,standard,pedagogy,194,0.6121972227029931,0.33333333333333337,3
word_svm,standard,pedagogy,195,0.4591479170272447,0.33333333333333337,2
word_svm,standard,pedagogy,196,0.4591479170272447,0.33333333333333337,2
word_svm,standard,pedagogy,197,0.25162916738782287,0.11111111111111116,2
word_svm,standard,pedagogy,198,0.7652465283787413,0.5555555555555556,3
word_svm,standard,pedagogy,199,0.6121972227029931,0.33333333333333337,3
word_svm,standard,pedagogy,200,0.6758220575766962,0.4444444444444444,3
word_svm,standard,pedagogy,201,0.6121972227029931,0.33333333333333337,3
word_svm,standard,pedagogy,202,0.6121972227029931,0.33333333333333337,3
word_svm,standard,pedagogy,203,0.8288713632524446,0.4444444444444444,4
word_svm,standard,pedagogy,204,0.38210225325431013,0.2222222222222222,2
word_svm,standard,pedagogy,205,0.4591479170272447,0.33333333333333337,2
word_svm,standard,pedagogy,206,0.7233083338141042,0.33333333333333337,4
word_svm,standard,pedagogy,207,0.25162916738782287,0.11111111111111116,2
word_svm,standard,pedagogy,208,0.38210225325431013,0.2222222222222222,2
word_svm,standard,pedagogy,209,0.4955380299191111,0.4444444444444444,2
word_svm,standard,pedagogy,210,0.4955380299191111,0.4444444444444444,2
word_svm,standard,pedagogy,211,0.38210225325431013,0.2222222222222222,2
word_svm,standard,pedagogy,212,0.25162916738782287,0.11111111111111116,2
word_svm,standard,pedagogy,213,0.4591479170272447,0.33333333333333337,2
word_svm,standard,pedagogy,214,0.38210225325431013,0.2222222222222222,2
word_svm,standard,pedagogy,215,0.6758220575766962,0.4444444444444444,3
word_svm,standard,pedagogy,216,0.25162916738782287,0.11111111111111116,2
word_svm,standard,pedagogy,217,0.8763576394898526,0.5555555555555556,4
word_svm,standard,pedagogy,218,0.6121972227029931,0.33333333333333337,3
word_svm,standard,pedagogy,219,0.4955380299191111,0.4444444444444444,2
word_svm,standard,pedagogy,220,0.8763576394898526,0.5555555555555556,4
word_svm,standard,pedagogy,221,0.4955380299191111,0.4444444444444444,2
word_svm,standard,pedagogy,222,0.6121972227029931,0.33333333333333337,3
word_svm,standard,pedagogy,223,0.7652465283787413,0.5555555555555556,3
word_svm,standard,pedagogy,224,0.6960736118322673,0.5555555555555556,3
word_svm,standard,pedagogy,225,0.38210225325431013,0.2222222222222222,2
word_svm,standard,pedagogy,226,0.8288713632524446,0.4444444444444444,4
word_svm,standard,pedagogy,227,0.4591479170272447,0.33333333333333337,2
word_svm,standard,pedagogy,228,0.6758220575766962,0.4444444444444444,3
word_svm,standard,pedagogy,229,0.9455305560363264,0.6666666666666667,4
word_svm,standard,pedagogy,230,0.4955380299191111,0.4444444444444444,2
word_svm,standard,pedagogy,231,-0.0,0.0,1
word_svm,standard,pedagogy,232,0.4591479170272447,0.33333333333333337,2
word_svm,standard,pedagogy,233,0.6960736118322673,0.5555555555555556,3
word_svm,standard,pedagogy,234,0.25162916738782287,0.11111111111111116,2
word_svm,standard,pedagogy,235,0.6121972227029931,0.33333333333333337,3
word_svm,standard,pedagogy,236,0.4955380299191111,0.4444444444444444,2
word_svm,standard,pedagogy,237,0.7233083338141042,0.33333333333333337,4
word_svm,standard,pedagogy,238,0.4591479170272447,0.33333333333333337,2
word_svm,standard,pedagogy,239,0.6758220575766962,0.4444444444444444,3
word_svm,standard,pedagogy,240,0.25162916738782287,0.11111111111111116,2
word_svm,standard,pedagogy,241,0.4955380299191111,0.4444444444444444,2
word_svm,standard,pedagogy,242,0.4955380299191111,0.4444444444444444,2
word_svm,standard,pedagogy,243,0.6121972227029931,0.33333333333333337,3
word_svm,standard,pedagogy,244,0.8763576394898526,0.5555555555555556,4
word_svm,standard,pedagogy,245,0.6758220575766962,0.4444444444444444,3
word_svm,standard,pedagogy,246,0.4591479170272447,0.33333333333333337,2
word_svm,standard,pedagogy,247,0.4932133643654213,0.2222222222222222,3
word_svm,standard,pedagogy,248,0.25162916738782287,0.11111111111111116,2
word_svm,standard,pedagogy,249,0.4591479170272447,0.33333333333333337,2
word_svm,standard,pedagogy,250,0.25162916738782287,0.11111111111111116,2
word_svm,standard,pedagogy,251,0.6121972227029931,0.33333333333333337,3
word_svm,standard,pedagogy,252,0.9455305560363264,0.6666666666666667,4
word_svm,standard,pedagogy,253,0.25162916738782287,0.11111111111111116,2
word_svm,standard,pedagogy,254,0.25162916738782287,0.11111111111111116,2
word_svm,standard,pedagogy,255,0.7233083338141042,0.33333333333333337,4
word_svm,standard,pedagogy,256,0.6758220575766962,0.4444444444444444,3
word_svm,standard,pedagogy,257,0.6121972227029931,0.33333333333333337,3
word_svm,standard,pedagogy,258,0.4591479170272447,0.33333333333333337,2
word_svm,standard,pedagogy,259,0.38210225325431013,0.2222222222222222,2
word_svm,standard,pedagogy,260,0.4955380299191111,0.4444444444444444,2
word_svm,standard,pedagogy,261,0.9182958340544897,0.5555555555555556,4
word_svm,standard,pedagogy,262,0.4955380299191111,0.4444444444444444,2
word_svm,standard,pedagogy,263,0.4955380299191111,0.4444444444444444,2
word_svm,standard,pedagogy,264,0.9182958340544897,0.5555555555555556,4
word_svm,standard,pedagogy,265,0.7652465283787413,0.5555555555555556,3
word_svm,standard,pedagogy,266,0.9874687506009635,0.6666666666666667,4
word_svm,standard,pedagogy,267,0.7177602521413333,0.4444444444444444,3
word_svm,standard,pedagogy,268,0.6121972227029931,0.33333333333333337,3
word_svm,standard,pedagogy,269,0.38210225325431013,0.2222222222222222,2
word_svm,standard,pedagogy,270,0.6960736118322673,0.5555555555555556,3
word_svm,standard,pedagogy,271,0.8763576394898526,0.5555555555555556,4
word_svm,standard,pedagogy,272,0.7177602521413333,0.4444444444444444,3
word_svm,standard,pedagogy,273,0.9455305560363264,0.6666666666666667,4
word_svm,standard,pedagogy,274,0.25162916738782287,0.11111111111111116,2
word_svm,standard,pedagogy,275,0.6758220575766962,0.4444444444444444,3
word_svm,standard,pedagogy,276,0.6758220575766962,0.4444444444444444,3
word_svm,standard,pedagogy,277,0.25162916738782287,0.11111111111111116,2
word_svm,standard,pedagogy,278,0.9182958340544897,0.5555555555555556,4
word_svm,standard,pedagogy,279,0.38210225325431013,0.2222222222222222,2
word_svm,standard,pedagogy,280,0.4955380299191111,0.4444444444444444,2
word_svm,standard,pedagogy,281,0.25162916738782287,0.11111111111111116,2
word_svm,standard,pedagogy,282,0.9874687506009635,0.6666666666666667,4
word_svm,standard,pedagogy,283,0.38210225325431013,0.2222222222222222,2
word_svm,standard,pedagogy,284,0.792481250360578,0.6666666666666667,3
word_svm,standard,pedagogy,285,0.4955380299191111,0.4444444444444444,2
word_svm,standard,pedagogy,286,0.6121972227029931,0.33333333333333337,3
word_svm,standard,pedagogy,287,0.4955380299191111,0.4444444444444444,2
word_svm,standard,pedagogy,288,0.9455305560363264,0.6666666666666667,4
word_svm,standard,pedagogy,289,0.9182958340544897,0.5555555555555556,4
word_svm,standard,pedagogy,290,0.6121972227029931,0.33333333333333337,3
word_svm,standard,pedagogy,291,0.6121972227029931,0.33333333333333337,3
word_svm,standard,pedagogy,292,0.4955380299191111,0.4444444444444444,2
word_svm,standard,pedagogy,293,0.4932133643654213,0.2222222222222222,3
word_svm,standard,pedagogy,294,0.7652465283787413,0.5555555555555556,3
word_svm,standard,pedagogy,295,0.6121972227029931,0.33333333333333337,3
word_svm,standard,pedagogy,296,0.4591479170272447,0.33333333333333337,2
word_svm,standard,pedagogy,297,0.38210225325431013,0.2222222222222222,2
word_svm,standard,pedagogy,298,0.25162916738782287,0.11111111111111116,2
word_svm,standard,pedagogy,299,0.25162916738782287,0.11111111111111116,2
word_svm,standard,pedagogy,300,0.38210225325431013,0.2222222222222222,2
word_svm,standard,pedagogy,301,0.6121972227029931,0.33333333333333337,3
word_svm,standard,pedagogy,302,0.25162916738782287,0.11111111111111116,2
word_svm,standard,pedagogy,303,0.7177602521413333,0.4444444444444444,3
word_svm,standard,pedagogy,304,0.4591479170272447,0.33333333333333337,2
word_svm,standard,pedagogy,305,0.792481250360578,0.6666666666666667,3
word_svm,standard,pedagogy,306,0.4932133643654213,0.2222222222222222,3
word_svm,standard,pedagogy,307,0.8763576394898526,0.5555555555555556,4
word_svm,standard,pedagogy,308,0.4591479170272447,0.33333333333333337,2
word_svm,standard,pedagogy,309,0.4591479170272447,0.33333333333333337,2
word_svm,standard,pedagogy,310,0.4591479170272447,0.33333333333333337,2
word_svm,standard,pedagogy,311,0.9455305560363264,0.6666666666666667,4
word_svm,standard,pedagogy,312,0.6758220575766962,0.4444444444444444,3
word_svm,standard,pedagogy,313,0.25162916738782287,0.11111111111111116,2
word_svm,standard,pedagogy,314,0.4955380299191111,0.4444444444444444,2
word_svm,standard,pedagogy,315,0.4591479170272447,0.33333333333333337,2
word_svm,standard,pedagogy,316,0.4955380299191111,0.4444444444444444,2
word_svm,standard,pedagogy,317,-0.0,0.0,1
word_svm,standard,pedagogy,318,0.8763576394898526,0.5555555555555556,4
word_svm,standard,pedagogy,319,0.7652465283787413,0.5555555555555556,3
word_svm,standard,pedagogy,320,0.6758220575766962,0.4444444444444444,3
word_svm,standard,pedagogy,321,0.7652465283787413,0.5555555555555556,3
word_svm,standard,pedagogy,322,0.7652465283787413,0.5555555555555556,3
word_svm,standard,pedagogy,323,0.4955380299191111,0.4444444444444444,2
word_svm,standard,pedagogy,324,0.9455305560363264,0.6666666666666667,4
word_svm,standard,pedagogy,325,0.4932133643654213,0.2222222222222222,3
word_svm,standard,pedagogy,326,0.38210225325431013,0.2222222222222222,2
word_svm,standard,pedagogy,327,0.6960736118322673,0.5555555555555556,3
word_svm,standard,pedagogy,328,0.6758220575766962,0.4444444444444444,3
word_svm,standard,pedagogy,329,0.25162916738782287,0.11111111111111116,2
word_svm,standard,pedagogy,330,0.6960736118322673,0.5555555555555556,3
word_svm,standard,pedagogy,331,0.6960736118322673,0.5555555555555556,3
word_svm,standard,pedagogy,332,0.9182958340544897,0.5555555555555556,4
word_svm,standard,pedagogy,333,0.6121972227029931,0.33333333333333337,3
word_svm,standard,pedagogy,334,0.25162916738782287,0.11111111111111116,2
word_svm,standard,pedagogy,335,0.4932133643654213,0.2222222222222222,3
word_svm,standard,pedagogy,336,0.25162916738782287,0.11111111111111116,2
word_svm,standard,pedagogy,337,0.25162916738782287,0.11111111111111116,2
word_svm,standard,pedagogy,338,-0.0,0.0,1
word_svm,standard,pedagogy,339,0.38210225325431013,0.2222222222222222,2
word_svm,standard,pedagogy,340,0.6758220575766962,0.4444444444444444,3
word_svm,standard,pedagogy,341,0.8288713632524446,0.4444444444444444,4
word_svm,standard,pedagogy,342,0.6758220575766962,0.4444444444444444,3
word_svm,standard,pedagogy,343,0.6758220575766962,0.4444444444444444,3
word_svm,standard,pedagogy,344,0.4955380299191111,0.4444444444444444,2
word_svm,standard,pedagogy,345,0.7652465283787413,0.5555555555555556,3
word_svm,standard,pedagogy,346,0.38210225325431013,0.2222222222222222,2
word_svm,standard,pedagogy,347,-0.0,0.0,1
word_svm,standard,pedagogy,348,0.4932133643654213,0.2222222222222222,3
word_svm,standard,pedagogy,349,0.8763576394898526,0.5555555555555556,4
word_svm,standard,pedagogy,350,0.6758220575766962,0.4444444444444444,3
word_svm,standard,pedagogy,351,0.25162916738782287,0.11111111111111116,2
word_svm,standard,pedagogy,352,0.4591479170272447,0.33333333333333337,2
word_svm,standard,pedagogy,353,0.25162916738782287,0.11111111111111116,2
word_svm,standard,pedagogy,354,0.25162916738782287,0.11111111111111116,2
word_svm,standard,pedagogy,355,0.4955380299191111,0.4444444444444444,2
word_svm,standard,pedagogy,356,0.4591479170272447,0.33333333333333337,2
word_svm,standard,pedagogy,357,0.6121972227029931,0.33333333333333337,3
word_svm,standard,pedagogy,358,0.8763576394898526,0.5555555555555556,4
word_svm,standard,pedagogy,359,0.6758220575766962,0.4444444444444444,3
word_svm,standard,pedagogy,360,0.38210225325431013,0.2222222222222222,2
word_svm,standard,pedagogy,361,0.38210225325431013,0.2222222222222222,2
word_svm,standard,pedagogy,362,-0.0,0.0,1
word_svm,standard,pedagogy,363,0.7652465283787413,0.5555555555555556,3
word_svm,standard,pedagogy,364,0.4955380299191111,0.4444444444444444,2
word_svm,standard,pedagogy,365,0.6121972227029931,0.33333333333333337,3
word_svm,standard,pedagogy,366,0.8288713632524446,0.4444444444444444,4
word_svm,standard,pedagogy,367,0.4955380299191111,0.4444444444444444,2
word_svm,standard,pedagogy,368,0.4955380299191111,0.4444444444444444,2
word_svm,standard,pedagogy,369,0.4955380299191111,0.4444444444444444,2
word_svm,standard,pedagogy,370,0.25162916738782287,0.11111111111111116,2
word_svm,standard,pedagogy,371,0.4591479170272447,0.33333333333333337,2
word_svm,standard,pedagogy,372,0.9182958340544897,0.5555555555555556,4
word_svm,standard,pedagogy,373,0.4591479170272447,0.33333333333333337,2
word_svm,standard,pedagogy,374,0.6758220575766962,0.4444444444444444,3
word_svm,standard,pedagogy,375,0.25162916738782287,0.11111111111111116,2
word_svm,standard,pedagogy,376,0.25162916738782287,0.11111111111111116,2
word_svm,standard,pedagogy,377,0.25162916738782287,0.11111111111111116,2
word_svm,standard,pedagogy,378,0.4932133643654213,0.2222222222222222,3
word_svm,standard,pedagogy,379,0.792481250360578,0.6666666666666667,3
word_svm,standard,pedagogy,380,0.8288713632524446,0.4444444444444444,4
word_svm,standard,pedagogy,381,0.4955380299191111,0.4444444444444444,2
word_svm,standard,pedagogy,382,0.25162916738782287,0.11111111111111116,2
word_svm,standard,pedagogy,383,0.4932133643654213,0.2222222222222222,3
word_svm,standard,pedagogy,384,0.6121972227029931,0.33333333333333337,3
word_svm,standard,pedagogy,385,0.25162916738782287,0.11111111111111116,2
word_svm,standard,pedagogy,386,0.4955380299191111,0.4444444444444444,2
word_svm,standard,pedagogy,387,0.4932133643654213,0.2222222222222222,3
word_svm,standard,pedagogy,388,0.7652465283787413,0.5555555555555556,3
word_svm,standard,pedagogy,389,0.4955380299191111,0.4444444444444444,2
word_svm,standard,pedagogy,390,0.7233083338141042,0.33333333333333337,4
word_svm,standard,pedagogy,391,0.7177602521413333,0.4444444444444444,3
word_svm,standard,pedagogy,392,0.6121972227029931,0.33333333333333337,3
word_svm,standard,pedagogy,393,0.6758220575766962,0.4444444444444444,3
word_svm,standard,pedagogy,394,0.25162916738782287,0.11111111111111116,2
word_svm,standard,pedagogy,395,0.6758220575766962,0.4444444444444444,3
word_svm,standard,pedagogy,396,-0.0,0.0,1
word_svm,standard,pedagogy,397,0.4955380299191111,0.4444444444444444,2
word_svm,standard,pedagogy,398,0.38210225325431013,0.2222222222222222,2
word_svm,standard,pedagogy,399,0.6758220575766962,0.4444444444444444,3
word_svm,standard,pedagogy,400,0.7652465283787413,0.5555555555555556,3
word_svm,standard,pedagogy,401,0.25162916738782287,0.11111111111111116,2
word_svm,standard,pedagogy,402,0.6121972227029931,0.33333333333333337,3
word_svm,standard,pedagogy,403,0.4955380299191111,0.4444444444444444,2
word_svm,standard,pedagogy,404,0.4591479170272447,0.33333333333333337,2
word_svm,standard,pedagogy,405,0.9455305560363264,0.6666666666666667,4
word_svm,standard,pedagogy,406,0.7652465283787413,0.5555555555555556,3
word_svm,standard,pedagogy,407,0.6121972227029931,0.33333333333333337,3
word_svm,standard,pedagogy,408,0.4932133643654213,0.2222222222222222,3
word_svm,standard,pedagogy,409,0.25162916738782287,0.11111111111111116,2
word_svm,standard,pedagogy,410,0.6121972227029931,0.33333333333333337,3
word_svm,standard,pedagogy,411,0.6758220575766962,0.4444444444444444,3
word_svm,standard,pedagogy,412,0.6758220575766962,0.4444444444444444,3
word_svm,standard,pedagogy,413,0.25162916738782287,0.11111111111111116,2
word_svm,standard,pedagogy,414,0.9182958340544897,0.5555555555555556,4
word_svm,standard,pedagogy,415,0.7177602521413333,0.4444444444444444,3
word_svm,standard,pedagogy,416,0.4932133643654213,0.2222222222222222,3
word_svm,standard,pedagogy,417,0.6960736118322673,0.5555555555555556,3
word_svm,standard,pedagogy,418,0.6758220575766962,0.4444444444444444,3
word_svm,standard,pedagogy,419,-0.0,0.0,1
word_svm,standard,pedagogy,420,0.4591479170272447,0.33333333333333337,2
word_svm,standard,pedagogy,421,0.25162916738782287,0.11111111111111116,2
word_svm,standard,pedagogy,422,0.6121972227029931,0.33333333333333337,3
word_svm,standard,pedagogy,423,0.6758220575766962,0.4444444444444444,3
word_svm,standard,pedagogy,424,0.38210225325431013,0.2222222222222222,2
word_svm,standard,pedagogy,425,0.4955380299191111,0.4444444444444444,2
word_svm,standard,pedagogy,426,0.6121972227029931,0.33333333333333337,3
word_svm,standard,pedagogy,427,0.4955380299191111,0.4444444444444444,2
word_svm,standard,pedagogy,428,0.6121972227029931,0.33333333333333337,3
word_svm,standard,pedagogy,429,0.6758220575766962,0.4444444444444444,3
word_svm,standard,pedagogy,430,0.8288713632524446,0.4444444444444444,4
word_svm,standard,pedagogy,431,-0.0,0.0,1
word_svm,standard,pedagogy,432,0.38210225325431013,0.2222222222222222,2
word_svm,standard,pedagogy,433,0.6121972227029931,0.33333333333333337,3
word_svm,standard,pedagogy,434,0.6758220575766962,0.4444444444444444,3
word_svm,standard,pedagogy,435,0.4955380299191111,0.4444444444444444,2
word_svm,standard,pedagogy,436,0.4932133643654213,0.2222222222222222,3
word_svm,standard,pedagogy,437,0.4591479170272447,0.33333333333333337,2
word_svm,standard,pedagogy,438,0.38210225325431013,0.2222222222222222,2
word_svm,standard,pedagogy,439,0.9455305560363264,0.6666666666666667,4
word_svm,standard,pedagogy,440,0.4591479170272447,0.33333333333333337,2
word_svm,standard,pedagogy,441,0.6121972227029931,0.33333333333333337,3
word_svm,standard,pedagogy,442,0.25162916738782287,0.11111111111111116,2
word_svm,standard,pedagogy,443,0.4932133643654213,0.2222222222222222,3
word_svm,standard,pedagogy,444,0.4955380299191111,0.4444444444444444,2
word_svm,standard,pedagogy,445,0.8288713632524446,0.4444444444444444,4
word_svm,standard,pedagogy,446,0.6121972227029931,0.33333333333333337,3
word_svm,standard,pedagogy,447,0.38210225325431013,0.2222222222222222,2
word_svm,standard,pedagogy,448,0.4591479170272447,0.33333333333333337,2
word_svm,standard,pedagogy,449,0.4591479170272447,0.33333333333333337,2
word_svm,standard,pedagogy,450,0.4591479170272447,0.33333333333333337,2
word_svm,standard,pedagogy,451,0.9182958340544897,0.5555555555555556,4
word_svm,standard,pedagogy,452,0.6758220575766962,0.4444444444444444,3
word_svm,standard,pedagogy,453,0.4591479170272447,0.33333333333333337,2
word_svm,standard,pedagogy,454,0.6758220575766962,0.4444444444444444,3
word_svm,standard,pedagogy,455,0.4932133643654213,0.2222222222222222,3
word_svm,standard,pedagogy,456,0.4932133643654213,0.2222222222222222,3
word_svm,standard,pedagogy,457,0.4955380299191111,0.4444444444444444,2
word_svm,standard,pedagogy,458,0.4591479170272447,0.33333333333333337,2
word_svm,standard,pedagogy,459,0.4591479170272447,0.33333333333333337,2
word_svm,standard,pedagogy,460,0.38210225325431013,0.2222222222222222,2
word_svm,standard,pedagogy,461,-0.0,0.0,1
word_svm,standard,pedagogy,462,0.6758220575766962,0.4444444444444444,3
word_svm,standard,pedagogy,463,0.6758220575766962,0.4444444444444444,3
word_svm,standard,pedagogy,464,0.4955380299191111,0.4444444444444444,2
word_svm,standard,pedagogy,465,0.4591479170272447,0.33333333333333337,2
word_svm,standard,pedagogy,466,0.25162916738782287,0.11111111111111116,2
word_svm,standard,pedagogy,467,0.4955380299191111,0.4444444444444444,2
word_svm,standard,pedagogy,468,0.4955380299191111,0.4444444444444444,2
word_svm,standard,pedagogy,469,0.4932133643654213,0.2222222222222222,3
word_svm,standard,pedagogy,470,0.7177602521413333,0.4444444444444444,3
word_svm,standard,pedagogy,471,0.4955380299191111,0.4444444444444444,2
word_svm,standard,pedagogy,472,0.4932133643654213,0.2222222222222222,3
word_svm,standard,pedagogy,473,0.4591479170272447,0.33333333333333337,2
word_svm,standard,pedagogy,474,0.25162916738782287,0.11111111111111116,2
word_svm,standard,pedagogy,475,0.7652465283787413,0.5555555555555556,3
word_svm,standard,pedagogy,476,0.6121972227029931,0.33333333333333337,3
word_svm,standard,pedagogy,477,0.8763576394898526,0.5555555555555556,4
word_svm,standard,pedagogy,478,0.6758220575766962,0.4444444444444444,3
word_svm,standard,pedagogy,479,0.4591479170272447,0.33333333333333337,2
word_svm,standard,pedagogy,480,0.4591479170272447,0.33333333333333337,2
word_svm,standard,pedagogy,481,0.6960736118322673,0.5555555555555556,3
word_svm,standard,pedagogy,482,0.6758220575766962,0.4444444444444444,3
word_svm,standard,pedagogy,483,0.4955380299191111,0.4444444444444444,2
word_svm,standard,pedagogy,484,0.38210225325431013,0.2222222222222222,2
word_svm,standard,pedagogy,485,0.7652465283787413,0.5555555555555556,3
word_svm,standard,pedagogy,486,0.6121972227029931,0.33333333333333337,3
word_svm,standard,pedagogy,487,0.4955380299191111,0.4444444444444444,2
word_svm,standard,pedagogy,488,0.6758220575766962,0.4444444444444444,3
word_svm,standard,pedagogy,489,0.6758220575766962,0.4444444444444444,3
word_svm,standard,pedagogy,490,0.4955380299191111,0.4444444444444444,2
word_svm,standard,pedagogy,491,0.7652465283787413,0.5555555555555556,3
word_svm,standard,pedagogy,492,0.6758220575766962,0.4444444444444444,3
word_svm,standard,pedagogy,493,0.6758220575766962,0.4444444444444444,3
word_svm,standard,pedagogy,494,0.6960736118322673,0.5555555555555556,3
word_svm,standard,pedagogy,495,0.25162916738782287,0.11111111111111116,2
word_svm,standard,pedagogy,496,0.7652465283787413,0.5555555555555556,3
word_svm,standard,pedagogy,497,0.6121972227029931,0.33333333333333337,3
word_svm,standard,pedagogy,498,0.4932133643654213,0.2222222222222222,3
word_svm,standard,pedagogy,499,0.25162916738782287,0.11111111111111116,2
word_svm,standard,pedagogy,500,0.6121972227029931,0.33333333333333337,3
word_svm,standard,pedagogy,501,0.4591479170272447,0.33333333333333337,2
word_svm,standard,pedagogy,502,0.7652465283787413,0.5555555555555556,3
word_svm,standard,pedagogy,503,0.4591479170272447,0.33333333333333337,2
word_svm,standard,pedagogy,504,0.4955380299191111,0.4444444444444444,2
word_svm,standard,pedagogy,505,0.25162916738782287,0.11111111111111116,2
word_svm,standard,pedagogy,506,0.25162916738782287,0.11111111111111116,2
word_svm,standard,pedagogy,507,0.25162916738782287,0.11111111111111116,2
word_svm,standard,pedagogy,508,0.7652465283787413,0.5555555555555556,3
word_svm,standard,pedagogy,509,0.6960736118322673,0.5555555555555556,3
word_svm,standard,pedagogy,510,0.6121972227029931,0.33333333333333337,3
word_svm,standard,pedagogy,511,0.25162916738782287,0.11111111111111116,2
word_svm,standard,pedagogy,512,0.6758220575766962,0.4444444444444444,3
word_svm,standard,pedagogy,513,0.4932133643654213,0.2222222222222222,3
word_svm,standard,pedagogy,514,0.4932133643654213,0.2222222222222222,3
word_svm,standard,pedagogy,515,0.4932133643654213,0.2222222222222222,3
word_svm,standard,pedagogy,516,0.38210225325431013,0.2222222222222222,2
word_svm,standard,pedagogy,517,0.6758220575766962,0.4444444444444444,3
word_svm,standard,pedagogy,518,0.38210225325431013,0.2222222222222222,2
word_svm,standard,pedagogy,519,0.38210225325431013,0.2222222222222222,2
word_svm,standard,pedagogy,520,0.4591479170272447,0.33333333333333337,2
word_svm,standard,pedagogy,521,0.4591479170272447,0.33333333333333337,2
word_svm,standard,pedagogy,522,0.6758220575766962,0.4444444444444444,3
word_svm,standard,pedagogy,523,0.38210225325431013,0.2222222222222222,2
word_svm,standard,pedagogy,524,0.4955380299191111,0.4444444444444444,2
word_svm,standard,pedagogy,525,0.25162916738782287,0.11111111111111116,2
word_svm,standard,pedagogy,526,0.25162916738782287,0.11111111111111116,2
word_svm,standard,pedagogy,527,0.4591479170272447,0.33333333333333337,2
word_svm,standard,pedagogy,528,0.8288713632524446,0.4444444444444444,4
word_svm,standard,pedagogy,529,0.4591479170272447,0.33333333333333337,2
word_svm,standard,pedagogy,530,0.4955380299191111,0.4444444444444444,2
word_svm,standard,pedagogy,531,0.38210225325431013,0.2222222222222222,2
word_svm,standard,pedagogy,532,0.7177602521413333,0.4444444444444444,3
word_svm,standard,pedagogy,533,0.8288713632524446,0.4444444444444444,4
word_svm,standard,pedagogy,534,0.4932133643654213,0.2222222222222222,3
word_svm,standard,pedagogy,535,0.25162916738782287,0.11111111111111116,2
word_svm,standard,pedagogy,536,0.25162916738782287,0.11111111111111116,2
word_svm,standard,pedagogy,537,0.4932133643654213,0.2222222222222222,3
word_svm,standard,pedagogy,538,0.6758220575766962,0.4444444444444444,3
word_svm,standard,pedagogy,539,0.38210225325431013,0.2222222222222222,2
word_svm,standard,pedagogy,540,-0.0,0.0,1
word_svm,standard,pedagogy,541,0.6121972227029931,0.33333333333333337,3
word_svm,standard,pedagogy,542,0.25162916738782287,0.11111111111111116,2
word_svm,standard,pedagogy,543,0.4591479170272447,0.33333333333333337,2
word_svm,standard,pedagogy,544,0.7652465283787413,0.5555555555555556,3
word_svm,standard,pedagogy,545,0.9182958340544897,0.5555555555555556,4
word_svm,standard,pedagogy,546,0.6960736118322673,0.5555555555555556,3
word_svm,standard,pedagogy,547,0.38210225325431013,0.2222222222222222,2
word_svm,standard,pedagogy,548,0.4591479170272447,0.33333333333333337,2
word_svm,standard,pedagogy,549,0.25162916738782287,0.11111111111111116,2
word_svm,standard,pedagogy,550,0.25162916738782287,0.11111111111111116,2
word_svm,standard,pedagogy,551,0.25162916738782287,0.11111111111111116,2
word_svm,standard,pedagogy,552,0.6960736118322673,0.5555555555555556,3
word_svm,standard,pedagogy,553,0.4591479170272447,0.33333333333333337,2
word_svm,standard,pedagogy,554,0.4591479170272447,0.33333333333333337,2
word_svm,standard,pedagogy,555,0.38210225325431013,0.2222222222222222,2
word_svm,standard,pedagogy,556,0.7177602521413333,0.4444444444444444,3
word_svm,standard,pedagogy,557,0.6121972227029931,0.33333333333333337,3
word_svm,standard,pedagogy,558,0.4591479170272447,0.33333333333333337,2
word_svm,standard,pedagogy,559,0.7652465283787413,0.5555555555555556,3
word_svm,standard,pedagogy,560,0.7652465283787413,0.5555555555555556,3
word_svm,standard,pedagogy,561,0.4591479170272447,0.33333333333333337,2
word_svm,standard,pedagogy,562,0.6960736118322673,0.5555555555555556,3
word_svm,standard,pedagogy,563,0.8763576394898526,0.5555555555555556,4
word_svm,standard,pedagogy,564,0.38210225325431013,0.2222222222222222,2
word_svm,standard,pedagogy,565,0.7652465283787413,0.5555555555555556,3
word_svm,standard,pedagogy,566,0.4591479170272447,0.33333333333333337,2
word_svm,standard,pedagogy,567,0.4955380299191111,0.4444444444444444,2
word_svm,standard,pedagogy,568,0.4591479170272447,0.33333333333333337,2
word_svm,standard,pedagogy,569,0.7652465283787413,0.5555555555555556,3
word_svm,standard,pedagogy,570,0.38210225325431013,0.2222222222222222,2
word_svm,standard,pedagogy,571,0.6758220575766962,0.4444444444444444,3
word_svm,standard,pedagogy,572,0.9182958340544897,0.5555555555555556,4
word_svm,standard,pedagogy,573,0.7233083338141042,0.33333333333333337,4
word_svm,standard,pedagogy,574,0.4932133643654213,0.2222222222222222,3
word_svm,standard,pedagogy,575,0.6960736118322673,0.5555555555555556,3
word_svm,standard,pedagogy,576,0.6121972227029931,0.33333333333333337,3
word_svm,standard,pedagogy,577,0.38210225325431013,0.2222222222222222,2
word_svm,standard,pedagogy,578,0.4591479170272447,0.33333333333333337,2
word_svm,standard,pedagogy,579,-0.0,0.0,1
word_svm,standard,pedagogy,580,0.4932133643654213,0.2222222222222222,3
word_svm,standard,pedagogy,581,0.9182958340544897,0.5555555555555556,4
word_svm,standard,pedagogy,582,0.6960736118322673,0.5555555555555556,3
word_svm,standard,pedagogy,583,0.25162916738782287,0.11111111111111116,2
word_svm,standard,pedagogy,584,0.4932133643654213,0.2222222222222222,3
word_svm,standard,pedagogy,585,0.4932133643654213,0.2222222222222222,3
word_svm,standard,pedagogy,586,0.6121972227029931,0.33333333333333337,3
word_svm,standard,pedagogy,587,0.9455305560363264,0.6666666666666667,4
word_svm,standard,pedagogy,588,0.25162916738782287,0.11111111111111116,2
word_svm,standard,pedagogy,589,0.7652465283787413,0.5555555555555556,3
word_svm,standard,pedagogy,590,0.7652465283787413,0.5555555555555556,3
word_svm,standard,pedagogy,591,0.9455305560363264,0.6666666666666667,4
word_svm,standard,pedagogy,592,0.38210225325431013,0.2222222222222222,2
word_svm,standard,pedagogy,593,0.4955380299191111,0.4444444444444444,2
word_svm,standard,pedagogy,594,0.7652465283787413,0.5555555555555556,3
word_svm,standard,pedagogy,595,0.25162916738782287,0.11111111111111116,2
word_svm,standard,pedagogy,596,0.4591479170272447,0.33333333333333337,2
word_svm,standard,pedagogy,597,0.4955380299191111,0.4444444444444444,2
word_svm,standard,pedagogy,598,0.6758220575766962,0.4444444444444444,3
word_svm,standard,pedagogy,599,0.6960736118322673,0.5555555555555556,3
word_svm,standard,pedagogy,600,0.6758220575766962,0.4444444444444444,3
word_svm,standard,pedagogy,601,0.7652465283787413,0.5555555555555556,3
word_svm,standard,pedagogy,602,-0.0,0.0,1
word_svm,standard,pedagogy,603,0.8288713632524446,0.4444444444444444,4
word_svm,standard,pedagogy,604,0.4955380299191111,0.4444444444444444,2
word_svm,standard,pedagogy,605,0.6121972227029931,0.33333333333333337,3
word_svm,standard,pedagogy,606,0.6960736118322673,0.5555555555555556,3
word_svm,standard,pedagogy,607,0.7177602521413333,0.4444444444444444,3
word_svm,standard,pedagogy,608,0.7233083338141042,0.33333333333333337,4
word_svm,standard,pedagogy,609,0.4955380299191111,0.4444444444444444,2
word_svm,standard,pedagogy,610,0.4955380299191111,0.4444444444444444,2
word_svm,standard,pedagogy,611,0.4932133643654213,0.2222222222222222,3
word_svm,standard,pedagogy,612,0.25162916738782287,0.11111111111111116,2
word_svm,standard,pedagogy,613,0.38210225325431013,0.2222222222222222,2
word_svm,standard,pedagogy,614,0.6121972227029931,0.33333333333333337,3
word_svm,standard,pedagogy,615,0.6758220575766962,0.4444444444444444,3
word_svm,standard,pedagogy,616,0.4955380299191111,0.4444444444444444,2
word_svm,standard,pedagogy,617,0.6121972227029931,0.33333333333333337,3
word_svm,standard,pedagogy,618,0.6121972227029931,0.33333333333333337,3
word_svm,standard,pedagogy,619,0.6121972227029931,0.33333333333333337,3
word_svm,standard,pedagogy,620,0.8763576394898526,0.5555555555555556,4
word_svm,standard,pedagogy,621,0.4932133643654213,0.2222222222222222,3
word_svm,standard,pedagogy,622,0.38210225325431013,0.2222222222222222,2
word_svm,standard,pedagogy,623,0.25162916738782287,0.11111111111111116,2
word_svm,standard,pedagogy,624,0.38210225325431013,0.2222222222222222,2
word_svm,standard,pedagogy,625,0.38210225325431013,0.2222222222222222,2
word_svm,standard,pedagogy,626,0.25162916738782287,0.11111111111111116,2
word_svm,standard,pedagogy,627,0.6960736118322673,0.5555555555555556,3
word_svm,standard,pedagogy,628,0.25162916738782287,0.11111111111111116,2
word_svm,standard,pedagogy,629,0.8288713632524446,0.4444444444444444,4
word_svm,standard,pedagogy,630,0.38210225325431013,0.2222222222222222,2
word_svm,standard,pedagogy,631,0.6758220575766962,0.4444444444444444,3
word_svm,standard,pedagogy,632,-0.0,0.0,1
word_svm,standard,pedagogy,633,0.38210225325431013,0.2222222222222222,2
word_svm,standard,pedagogy,634,0.6121972227029931,0.33333333333333337,3
word_svm,standard,pedagogy,635,0.6758220575766962,0.4444444444444444,3
word_svm,standard,pedagogy,636,0.6121972227029931,0.33333333333333337,3
word_svm,standard,pedagogy,637,0.4591479170272447,0.33333333333333337,2
word_svm,standard,pedagogy,638,0.25162916738782287,0.11111111111111116,2
word_svm,standard,pedagogy,639,0.4955380299191111,0.4444444444444444,2
word_svm,standard,pedagogy,640,0.6960736118322673,0.5555555555555556,3
word_svm,standard,pedagogy,641,0.25162916738782287,0.11111111111111116,2
word_svm,standard,pedagogy,642,0.4955380299191111,0.4444444444444444,2
word_svm,standard,pedagogy,643,0.4955380299191111,0.4444444444444444,2
word_svm,standard,pedagogy,644,0.4932133643654213,0.2222222222222222,3
word_svm,standard,pedagogy,645,0.38210225325431013,0.2222222222222222,2
word_svm,standard,pedagogy,646,0.7652465283787413,0.5555555555555556,3
word_svm,standard,pedagogy,647,0.25162916738782287,0.11111111111111116,2
word_svm,standard,pedagogy,648,0.4591479170272447,0.33333333333333337,2
word_svm,standard,pedagogy,649,0.38210225325431013,0.2222222222222222,2
word_svm,standard,pedagogy,650,0.9182958340544897,0.5555555555555556,4
word_svm,standard,pedagogy,651,0.4591479170272447,0.33333333333333337,2
word_svm,standard,pedagogy,652,0.4955380299191111,0.4444444444444444,2
word_svm,standard,pedagogy,653,0.7177602521413333,0.4444444444444444,3
word_svm,standard,pedagogy,654,0.4932133643654213,0.2222222222222222,3
word_svm,standard,pedagogy,655,0.7652465283787413,0.5555555555555556,3
word_svm,standard,pedagogy,656,0.6758220575766962,0.4444444444444444,3
word_svm,standard,pedagogy,657,0.4591479170272447,0.33333333333333337,2
word_svm,standard,pedagogy,658,0.7177602521413333,0.4444444444444444,3
word_svm,standard,pedagogy,659,0.25162916738782287,0.11111111111111116,2
word_svm,standard,pedagogy,660,0.4955380299191111,0.4444444444444444,2
word_svm,standard,pedagogy,661,0.38210225325431013,0.2222222222222222,2
word_svm,standard,pedagogy,662,0.25162916738782287,0.11111111111111116,2
word_svm,standard,pedagogy,663,0.9182958340544897,0.5555555555555556,4
word_svm,standard,pedagogy,664,0.6121972227029931,0.33333333333333337,3
word_svm,standard,pedagogy,665,0.8288713632524446,0.4444444444444444,4
word_svm,standard,pedagogy,666,0.6758220575766962,0.4444444444444444,3
word_svm,standard,pedagogy,667,-0.0,0.0,1
word_svm,standard,pedagogy,668,0.4932133643654213,0.2222222222222222,3
word_svm,standard,pedagogy,669,0.6960736118322673,0.5555555555555556,3
word_svm,standard,pedagogy,670,0.4932133643654213,0.2222222222222222,3
word_svm,standard,pedagogy,671,0.8763576394898526,0.5555555555555556,4
word_svm,standard,pedagogy,672,-0.0,0.0,1
word_svm,standard,pedagogy,673,0.6121972227029931,0.33333333333333337,3
word_svm,standard,pedagogy,674,0.4591479170272447,0.33333333333333337,2
word_svm,standard,pedagogy,675,0.4955380299191111,0.4444444444444444,2
word_svm,standard,pedagogy,676,-0.0,0.0,1
word_svm,standard,pedagogy,677,0.38210225325431013,0.2222222222222222,2
word_svm,standard,pedagogy,678,0.8763576394898526,0.5555555555555556,4
word_svm,standard,pedagogy,679,0.4591479170272447,0.33333333333333337,2
word_svm,standard,pedagogy,680,0.38210225325431013,0.2222222222222222,2
word_svm,standard,pedagogy,681,0.6960736118322673,0.5555555555555556,3
word_svm,standard,pedagogy,682,0.4591479170272447,0.33333333333333337,2
word_svm,standard,pedagogy,683,0.4932133643654213,0.2222222222222222,3
word_svm,standard,pedagogy,684,0.25162916738782287,0.11111111111111116,2
word_svm,standard,pedagogy,685,0.6960736118322673,0.5555555555555556,3
word_svm,standard,pedagogy,686,0.8763576394898526,0.5555555555555556,4
word_svm,standard,pedagogy,687,0.6758220575766962,0.4444444444444444,3
word_svm,standard,pedagogy,688,0.6960736118322673,0.5555555555555556,3
word_svm,standard,pedagogy,689,0.38210225325431013,0.2222222222222222,2
word_svm,standard,pedagogy,690,0.6121972227029931,0.33333333333333337,3
word_svm,standard,pedagogy,691,0.38210225325431013,0.2222222222222222,2
word_svm,standard,pedagogy,692,0.9455305560363264,0.6666666666666667,4
word_svm,standard,pedagogy,693,0.25162916738782287,0.11111111111111116,2
word_svm,standard,pedagogy,694,0.4955380299191111,0.4444444444444444,2
word_svm,standard,pedagogy,695,0.4932133643654213,0.2222222222222222,3
word_svm,standard,pedagogy,696,0.38210225325431013,0.2222222222222222,2
word_svm,standard,pedagogy,697,0.6758220575766962,0.4444444444444444,3
word_svm,standard,pedagogy,698,-0.0,0.0,1
word_svm,standard,pedagogy,699,0.25162916738782287,0.11111111111111116,2
word_svm,standard,pedagogy,700,0.4955380299191111,0.4444444444444444,2
word_svm,standard,pedagogy,701,0.6758220575766962,0.4444444444444444,3
word_svm,standard,pedagogy,702,-0.0,0.0,1
word_svm,standard,pedagogy,703,0.38210225325431013,0.2222222222222222,2
word_svm,standard,pedagogy,704,0.38210225325431013,0.2222222222222222,2
word_svm,standard,pedagogy,705,0.6758220575766962,0.4444444444444444,3
word_svm,standard,pedagogy,706,-0.0,0.0,1
word_svm,standard,pedagogy,707,0.38210225325431013,0.2222222222222222,2
word_svm,standard,pedagogy,708,0.6960736118322673,0.5555555555555556,3
word_svm,standard,pedagogy,709,0.9874687506009635,0.6666666666666667,4
word_svm,standard,pedagogy,710,0.6121972227029931,0.33333333333333337,3
word_svm,standard,pedagogy,711,0.6960736118322673,0.5555555555555556,3
word_svm,standard,pedagogy,712,0.4955380299191111,0.4444444444444444,2
word_svm,standard,pedagogy,713,0.7233083338141042,0.33333333333333337,4
word_svm,standard,pedagogy,714,0.4955380299191111,0.4444444444444444,2
word_svm,standard,pedagogy,715,0.4955380299191111,0.4444444444444444,2
word_svm,standard,pedagogy,716,0.38210225325431013,0.2222222222222222,2
word_svm,standard,pedagogy,717,0.9182958340544897,0.5555555555555556,4
word_svm,standard,pedagogy,718,0.25162916738782287,0.11111111111111116,2
word_svm,standard,pedagogy,719,0.38210225325431013,0.2222222222222222,2
word_svm,standard,pedagogy,720,0.4955380299191111,0.4444444444444444,2
word_svm,standard,pedagogy,721,0.6758220575766962,0.4444444444444444,3
word_svm,standard,pedagogy,722,0.9182958340544897,0.5555555555555556,4
word_svm,standard,pedagogy,723,0.6758220575766962,0.4444444444444444,3
word_svm,standard,pedagogy,724,0.38210225325431013,0.2222222222222222,2
word_svm,standard,pedagogy,725,0.4955380299191111,0.4444444444444444,2
word_svm,standard,pedagogy,726,0.4932133643654213,0.2222222222222222,3
word_svm,standard,pedagogy,727,0.792481250360578,0.6666666666666667,3
word_svm,standard,pedagogy,728,0.8288713632524446,0.4444444444444444,4
word_svm,standard,pedagogy,729,0.25162916738782287,0.11111111111111116,2
word_svm,standard,pedagogy,730,0.38210225325431013,0.2222222222222222,2
word_svm,standard,pedagogy,731,0.6758220575766962,0.4444444444444444,3
word_svm,standard,pedagogy,732,0.38210225325431013,0.2222222222222222,2
word_svm,standard,pedagogy,733,0.25162916738782287,0.11111111111111116,2
word_svm,standard,pedagogy,734,0.6758220575766962,0.4444444444444444,3
word_svm,standard,pedagogy,735,0.25162916738782287,0.11111111111111116,2
word_svm,standard,pedagogy,736,0.6758220575766962,0.4444444444444444,3
word_svm,standard,pedagogy,737,0.4591479170272447,0.33333333333333337,2
word_svm,standard,pedagogy,738,0.38210225325431013,0.2222222222222222,2
word_svm,standard,pedagogy,739,0.6121972227029931,0.33333333333333337,3
word_svm,standard,pedagogy,740,-0.0,0.0,1
word_svm,standard,pedagogy,741,0.8288713632524446,0.4444444444444444,4
word_svm,standard,pedagogy,742,0.7177602521413333,0.4444444444444444,3
word_svm,standard,pedagogy,743,0.25162916738782287,0.11111111111111116,2
word_svm,standard,pedagogy,744,0.4591479170272447,0.33333333333333337,2
word_svm,standard,pedagogy,745,0.4591479170272447,0.33333333333333337,2
word_svm,standard,pedagogy,746,0.7652465283787413,0.5555555555555556,3
word_svm,standard,pedagogy,747,-0.0,0.0,1
word_svm,standard,pedagogy,748,0.38210225325431013,0.2222222222222222,2
word_svm,standard,pedagogy,749,0.4932133643654213,0.2222222222222222,3
word_svm,standard,pedagogy,750,0.38210225325431013,0.2222222222222222,2
word_svm,standard,pedagogy,751,0.4955380299191111,0.4444444444444444,2
word_svm,standard,pedagogy,752,0.4932133643654213,0.2222222222222222,3
word_svm,standard,pedagogy,753,0.4955380299191111,0.4444444444444444,2
word_svm,standard,pedagogy,754,0.6758220575766962,0.4444444444444444,3
word_svm,standard,pedagogy,755,0.6758220575766962,0.4444444444444444,3
word_svm,standard,pedagogy,756,0.6121972227029931,0.33333333333333337,3
word_svm,standard,pedagogy,757,0.4932133643654213,0.2222222222222222,3
word_svm,standard,pedagogy,758,0.6758220575766962,0.4444444444444444,3
word_svm,standard,pedagogy,759,0.9455305560363264,0.6666666666666667,4
word_svm,standard,pedagogy,760,0.6758220575766962,0.4444444444444444,3
word_svm,standard,pedagogy,761,0.7652465283787413,0.5555555555555556,3
word_svm,standard,pedagogy,762,0.8288713632524446,0.4444444444444444,4
word_svm,standard,pedagogy,763,0.6758220575766962,0.4444444444444444,3
word_svm,standard,pedagogy,764,0.25162916738782287,0.11111111111111116,2
word_svm,standard,pedagogy,765,0.7652465283787413,0.5555555555555556,3
word_svm,standard,pedagogy,766,0.6121972227029931,0.33333333333333337,3
word_svm,standard,pedagogy,767,0.8763576394898526,0.5555555555555556,4
word_svm,standard,pedagogy,768,0.25162916738782287,0.11111111111111116,2
word_svm,standard,pedagogy,769,0.6121972227029931,0.33333333333333337,3
word_svm,standard,pedagogy,770,0.25162916738782287,0.11111111111111116,2
word_svm,standard,pedagogy,771,0.25162916738782287,0.11111111111111116,2
word_svm,standard,pedagogy,772,0.7652465283787413,0.5555555555555556,3
word_svm,standard,pedagogy,773,0.7177602521413333,0.4444444444444444,3
word_svm,standard,pedagogy,774,0.25162916738782287,0.11111111111111116,2
word_svm,standard,pedagogy,775,0.38210225325431013,0.2222222222222222,2
word_svm,standard,pedagogy,776,0.4591479170272447,0.33333333333333337,2
word_svm,standard,pedagogy,777,0.25162916738782287,0.11111111111111116,2
word_svm,standard,pedagogy,778,0.7233083338141042,0.33333333333333337,4
word_svm,standard,pedagogy,779,0.25162916738782287,0.11111111111111116,2
word_svm,standard,pedagogy,780,0.4932133643654213,0.2222222222222222,3
word_svm,standard,pedagogy,781,0.4591479170272447,0.33333333333333337,2
word_svm,standard,pedagogy,782,0.38210225325431013,0.2222222222222222,2
word_svm,standard,pedagogy,783,0.4591479170272447,0.33333333333333337,2
word_svm,standard,pedagogy,784,0.25162916738782287,0.11111111111111116,2
word_svm,standard,pedagogy,785,0.6121972227029931,0.33333333333333337,3
word_svm,standard,pedagogy,786,0.4932133643654213,0.2222222222222222,3
word_svm,standard,pedagogy,787,0.7177602521413333,0.4444444444444444,3
word_svm,standard,pedagogy,788,0.6758220575766962,0.4444444444444444,3
word_svm,standard,pedagogy,789,0.8763576394898526,0.5555555555555556,4
word_svm,standard,pedagogy,790,0.25162916738782287,0.11111111111111116,2
word_svm,standard,pedagogy,791,0.9455305560363264,0.6666666666666667,4
word_svm,standard,pedagogy,792,0.4591479170272447,0.33333333333333337,2
word_svm,standard,pedagogy,793,0.4955380299191111,0.4444444444444444,2
word_svm,standard,pedagogy,794,0.38210225325431013,0.2222222222222222,2
word_svm,standard,pedagogy,796,0.4591479170272447,0.33333333333333337,2
word_svm,standard,pedagogy,797,0.4955380299191111,0.4444444444444444,2
word_svm,standard,pedagogy,798,0.4591479170272447,0.33333333333333337,2
word_svm,standard,pedagogy,799,0.9455305560363264,0.6666666666666667,4
word_svm,standard,pedagogy,800,0.25162916738782287,0.11111111111111116,2
word_svm,standard,pedagogy,801,0.6758220575766962,0.4444444444444444,3
word_svm,standard,pedagogy,802,0.6758220575766962,0.4444444444444444,3
word_svm,standard,pedagogy,803,-0.0,0.0,1
word_svm,standard,pedagogy,804,0.8288713632524446,0.4444444444444444,4
word_svm,standard,pedagogy,805,0.6121972227029931,0.33333333333333337,3
word_svm,standard,pedagogy,806,0.9874687506009635,0.6666666666666667,4
word_svm,standard,pedagogy,807,-0.0,0.0,1
word_svm,standard,pedagogy,808,0.38210225325431013,0.2222222222222222,2
word_svm,standard,pedagogy,809,0.4955380299191111,0.4444444444444444,2
word_svm,standard,pedagogy,810,0.25162916738782287,0.11111111111111116,2
word_svm,standard,pedagogy,811,0.6960736118322673,0.5555555555555556,3
word_svm,standard,pedagogy,812,0.7177602521413333,0.4444444444444444,3
word_svm,standard,pedagogy,813,0.6960736118322673,0.5555555555555556,3
word_svm,standard,pedagogy,814,0.4932133643654213,0.2222222222222222,3
word_svm,standard,pedagogy,815,-0.0,0.0,1
word_svm,standard,pedagogy,816,0.6758220575766962,0.4444444444444444,3
word_svm,standard,pedagogy,817,0.6121972227029931,0.33333333333333337,3
word_svm,standard,pedagogy,818,0.9182958340544897,0.5555555555555556,4
word_svm,standard,pedagogy,819,0.6121972227029931,0.33333333333333337,3
word_svm,standard,pedagogy,820,0.38210225325431013,0.2222222222222222,2
word_svm,standard,pedagogy,821,0.6121972227029931,0.33333333333333337,3
word_svm,standard,pedagogy,822,0.4591479170272447,0.33333333333333337,2
word_svm,standard,pedagogy,823,-0.0,0.0,1
word_svm,standard,pedagogy,824,0.25162916738782287,0.11111111111111116,2
word_svm,standard,pedagogy,825,0.8288713632524446,0.4444444444444444,4
word_svm,standard,pedagogy,826,0.7652465283787413,0.5555555555555556,3
word_svm,standard,pedagogy,827,0.25162916738782287,0.11111111111111116,2
word_svm,standard,pedagogy,828,0.4591479170272447,0.33333333333333337,2
word_svm,standard,pedagogy,829,0.4932133643654213,0.2222222222222222,3
word_svm,standard,pedagogy,830,0.4591479170272447,0.33333333333333337,2
word_svm,standard,pedagogy,831,0.8763576394898526,0.5555555555555556,4
word_svm,standard,pedagogy,832,0.38210225325431013,0.2222222222222222,2
word_svm,standard,pedagogy,833,0.8288713632524446,0.4444444444444444,4
word_svm,standard,pedagogy,834,0.25162916738782287,0.11111111111111116,2
word_svm,standard,pedagogy,835,0.6121972227029931,0.33333333333333337,3
word_svm,standard,pedagogy,836,0.6758220575766962,0.4444444444444444,3
word_svm,standard,pedagogy,837,0.4591479170272447,0.33333333333333337,2
word_svm,standard,pedagogy,838,0.4591479170272447,0.33333333333333337,2
word_svm,standard,pedagogy,839,-0.0,0.0,1
word_svm,standard,pedagogy,841,0.25162916738782287,0.11111111111111116,2
word_svm,standard,pedagogy,842,0.8288713632524446,0.4444444444444444,4
word_svm,standard,pedagogy,843,0.8288713632524446,0.4444444444444444,4
word_svm,standard,pedagogy,844,0.6121972227029931,0.33333333333333337,3
word_svm,standard,pedagogy,845,0.4591479170272447,0.33333333333333337,2
word_svm,standard,pedagogy,846,0.25162916738782287,0.11111111111111116,2
word_svm,standard,pedagogy,847,0.4591479170272447,0.33333333333333337,2
word_svm,standard,pedagogy,848,0.6758220575766962,0.4444444444444444,3
word_svm,standard,pedagogy,849,0.4955380299191111,0.4444444444444444,2
word_svm,standard,pedagogy,850,0.4955380299191111,0.4444444444444444,2
word_svm,standard,pedagogy,851,0.7177602521413333,0.4444444444444444,3
word_svm,standard,pedagogy,852,0.4591479170272447,0.33333333333333337,2
word_svm,standard,pedagogy,853,0.9455305560363264,0.6666666666666667,4
word_svm,standard,pedagogy,854,0.9182958340544897,0.5555555555555556,4
word_svm,standard,pedagogy,855,0.6121972227029931,0.33333333333333337,3
word_svm,standard,pedagogy,856,0.6121972227029931,0.33333333333333337,3
word_svm,standard,pedagogy,857,0.6758220575766962,0.4444444444444444,3
word_svm,standard,pedagogy,858,0.6960736118322673,0.5555555555555556,3
word_svm,standard,pedagogy,859,0.4591479170272447,0.33333333333333337,2
word_svm,standard,pedagogy,860,0.38210225325431013,0.2222222222222222,2
word_svm,standard,pedagogy,861,0.7177602521413333,0.4444444444444444,3
word_svm,standard,pedagogy,862,0.8288713632524446,0.4444444444444444,4
word_svm,standard,pedagogy,863,0.7177602521413333,0.4444444444444444,3
word_svm,standard,pedagogy,864,0.6960736118322673,0.5555555555555556,3
word_svm,standard,pedagogy,865,0.25162916738782287,0.11111111111111116,2
word_svm,standard,pedagogy,866,0.7652465283787413,0.5555555555555556,3
word_svm,standard,pedagogy,867,0.6121972227029931,0.33333333333333337,3
word_svm,standard,pedagogy,868,0.6121972227029931,0.33333333333333337,3
word_svm,standard,pedagogy,869,0.25162916738782287,0.11111111111111116,2
word_svm,standard,pedagogy,870,0.9182958340544897,0.5555555555555556,4
word_svm,standard,pedagogy,871,0.38210225325431013,0.2222222222222222,2
word_svm,standard,pedagogy,872,0.4955380299191111,0.4444444444444444,2
word_svm,standard,pedagogy,873,0.4591479170272447,0.33333333333333337,2
word_svm,standard,pedagogy,874,0.6121972227029931,0.33333333333333337,3
word_svm,standard,pedagogy,875,0.4591479170272447,0.33333333333333337,2
word_svm,standard,pedagogy,876,0.25162916738782287,0.11111111111111116,2
word_svm,standard,pedagogy,877,0.4591479170272447,0.33333333333333337,2
word_svm,standard,pedagogy,878,0.4591479170272447,0.33333333333333337,2
word_svm,standard,pedagogy,879,0.6121972227029931,0.33333333333333337,3
word_svm,standard,pedagogy,880,0.25162916738782287,0.11111111111111116,2
word_svm,standard,pedagogy,881,0.8288713632524446,0.4444444444444444,4
word_svm,standard,pedagogy,882,0.6758220575766962,0.4444444444444444,3
word_svm,standard,pedagogy,883,0.8288713632524446,0.4444444444444444,4
word_svm,standard,pedagogy,884,0.38210225325431013,0.2222222222222222,2
word_svm,standard,pedagogy,885,0.6758220575766962,0.4444444444444444,3
word_svm,standard,pedagogy,886,0.4591479170272447,0.33333333333333337,2
word_svm,standard,pedagogy,887,0.9182958340544897,0.5555555555555556,4
word_svm,standard,pedagogy,888,0.4955380299191111,0.4444444444444444,2
word_svm,standard,pedagogy,889,0.7233083338141042,0.33333333333333337,4
word_svm,standard,pedagogy,890,0.38210225325431013,0.2222222222222222,2
word_svm,standard,pedagogy,891,0.6758220575766962,0.4444444444444444,3
word_svm,standard,pedagogy,892,0.38210225325431013,0.2222222222222222,2
word_svm,standard,pedagogy,893,0.6758220575766962,0.4444444444444444,3
word_svm,standard,pedagogy,894,0.4932133643654213,0.2222222222222222,3
word_svm,standard,pedagogy,895,0.6758220575766962,0.4444444444444444,3
word_svm,standard,pedagogy,896,0.38210225325431013,0.2222222222222222,2
word_svm,standard,pedagogy,897,0.4955380299191111,0.4444444444444444,2
word_svm,standard,pedagogy,898,0.4955380299191111,0.4444444444444444,2
word_svm,standard,pedagogy,899,-0.0,0.0,1
word_svm,standard,pedagogy,900,0.25162916738782287,0.11111111111111116,2
word_svm,standard,pedagogy,901,0.6960736118322673,0.5555555555555556,3
word_svm,standard,pedagogy,902,0.38210225325431013,0.2222222222222222,2
word_svm,standard,pedagogy,903,0.8288713632524446,0.4444444444444444,4
word_svm,standard,pedagogy,904,0.7652465283787413,0.5555555555555556,3
word_svm,standard,pedagogy,905,0.7652465283787413,0.5555555555555556,3
word_svm,standard,pedagogy,906,0.4932133643654213,0.2222222222222222,3
word_svm,standard,pedagogy,907,0.6121972227029931,0.33333333333333337,3
word_svm,standard,pedagogy,908,0.4955380299191111,0.4444444444444444,2
word_svm,standard,pedagogy,909,0.6121972227029931,0.33333333333333337,3
word_svm,standard,pedagogy,910,0.8288713632524446,0.4444444444444444,4
word_svm,standard,pedagogy,911,0.4955380299191111,0.4444444444444444,2
word_svm,standard,pedagogy,912,0.4955380299191111,0.4444444444444444,2
word_svm,standard,pedagogy,913,0.4591479170272447,0.33333333333333337,2
word_svm,standard,pedagogy,914,0.4955380299191111,0.4444444444444444,2
word_svm,standard,pedagogy,915,0.4955380299191111,0.4444444444444444,2
word_svm,standard,pedagogy,916,0.38210225325431013,0.2222222222222222,2
word_svm,standard,pedagogy,917,0.38210225325431013,0.2222222222222222,2
word_svm,standard,pedagogy,918,0.4591479170272447,0.33333333333333337,2
word_svm,standard,pedagogy,919,0.38210225325431013,0.2222222222222222,2
word_svm,standard,pedagogy,920,0.25162916738782287,0.11111111111111116,2
word_svm,standard,pedagogy,921,0.38210225325431013,0.2222222222222222,2
word_svm,standard,pedagogy,922,0.6960736118322673,0.5555555555555556,3
word_svm,standard,pedagogy,923,0.8288713632524446,0.4444444444444444,4
word_svm,standard,pedagogy,924,0.38210225325431013,0.2222222222222222,2
word_svm,standard,pedagogy,925,0.4955380299191111,0.4444444444444444,2
word_svm,standard,pedagogy,926,0.792481250360578,0.6666666666666667,3
word_svm,standard,pedagogy,927,0.6960736118322673,0.5555555555555556,3
word_svm,standard,pedagogy,928,0.6758220575766962,0.4444444444444444,3
word_svm,standard,pedagogy,929,0.7652465283787413,0.5555555555555556,3
word_svm,standard,pedagogy,930,0.25162916738782287,0.11111111111111116,2
word_svm,standard,pedagogy,931,0.6121972227029931,0.33333333333333337,3
word_svm,standard,pedagogy,932,0.4932133643654213,0.2222222222222222,3
word_svm,standard,pedagogy,933,0.9455305560363264,0.6666666666666667,4
word_svm,standard,pedagogy,934,-0.0,0.0,1
word_svm,standard,pedagogy,935,0.9182958340544897,0.5555555555555556,4
word_svm,standard,pedagogy,936,0.4932133643654213,0.2222222222222222,3
word_svm,standard,pedagogy,937,0.4932133643654213,0.2222222222222222,3
word_svm,standard,pedagogy,938,-0.0,0.0,1
word_svm,standard,pedagogy,939,0.38210225325431013,0.2222222222222222,2
word_svm,standard,pedagogy,940,0.25162916738782287,0.11111111111111116,2
word_svm,standard,pedagogy,941,0.6121972227029931,0.33333333333333337,3
word_svm,standard,pedagogy,942,0.25162916738782287,0.11111111111111116,2
word_svm,standard,pedagogy,943,-0.0,0.0,1
word_svm,standard,pedagogy,944,0.8288713632524446,0.4444444444444444,4
word_svm,standard,pedagogy,945,-0.0,0.0,1
word_svm,standard,pedagogy,946,0.4955380299191111,0.4444444444444444,2
word_svm,standard,pedagogy,947,0.25162916738782287,0.11111111111111116,2
word_svm,standard,pedagogy,948,0.25162916738782287,0.11111111111111116,2
word_svm,standard,pedagogy,949,0.38210225325431013,0.2222222222222222,2
word_svm,standard,pedagogy,950,0.25162916738782287,0.11111111111111116,2
word_svm,standard,pedagogy,951,0.25162916738782287,0.11111111111111116,2
word_svm,standard,pedagogy,952,0.4591479170272447,0.33333333333333337,2
word_svm,standard,pedagogy,953,0.4591479170272447,0.33333333333333337,2
word_svm,standard,pedagogy,954,0.6960736118322673,0.5555555555555556,3
word_svm,standard,pedagogy,955,0.6758220575766962,0.4444444444444444,3
word_svm,standard,pedagogy,956,0.25162916738782287,0.11111111111111116,2
word_svm,standard,pedagogy,957,0.38210225325431013,0.2222222222222222,2
word_svm,standard,pedagogy,958,0.38210225325431013,0.2222222222222222,2
word_svm,standard,pedagogy,959,0.7652465283787413,0.5555555555555556,3
word_svm,standard,pedagogy,960,0.4591479170272447,0.33333333333333337,2
word_svm,standard,pedagogy,961,0.6121972227029931,0.33333333333333337,3
word_svm,standard,pedagogy,962,0.25162916738782287,0.11111111111111116,2
word_svm,standard,pedagogy,963,0.6960736118322673,0.5555555555555556,3
word_svm,standard,pedagogy,964,0.9182958340544897,0.5555555555555556,4
word_svm,standard,pedagogy,965,0.6758220575766962,0.4444444444444444,3
word_svm,standard,pedagogy,966,0.25162916738782287,0.11111111111111116,2
word_svm,standard,pedagogy,967,0.9874687506009635,0.6666666666666667,4
word_svm,standard,pedagogy,968,0.7177602521413333,0.4444444444444444,3
word_svm,standard,pedagogy,969,0.6758220575766962,0.4444444444444444,3
word_svm,standard,pedagogy,970,0.6121972227029931,0.33333333333333337,3
word_svm,standard,pedagogy,971,0.6758220575766962,0.4444444444444444,3
word_svm,standard,pedagogy,972,0.7652465283787413,0.5555555555555556,3
word_svm,standard,pedagogy,973,0.4955380299191111,0.4444444444444444,2
word_svm,standard,pedagogy,974,-0.0,0.0,1
word_svm,standard,pedagogy,975,0.8763576394898526,0.5555555555555556,4
word_svm,standard,pedagogy,976,0.4591479170272447,0.33333333333333337,2
word_svm,standard,pedagogy,977,0.7177602521413333,0.4444444444444444,3
word_svm,standard,pedagogy,978,0.4591479170272447,0.33333333333333337,2
word_svm,standard,pedagogy,979,0.4591479170272447,0.33333333333333337,2
word_svm,standard,pedagogy,980,0.6960736118322673,0.5555555555555556,3
word_svm,standard,pedagogy,981,0.4591479170272447,0.33333333333333337,2
word_svm,standard,pedagogy,982,-0.0,0.0,1
word_svm,standard,pedagogy,983,0.25162916738782287,0.11111111111111116,2
word_svm,standard,pedagogy,984,-0.0,0.0,1
word_svm,standard,pedagogy,985,0.4591479170272447,0.33333333333333337,2
word_svm,standard,pedagogy,986,0.7652465283787413,0.5555555555555556,3
word_svm,standard,pedagogy,987,0.25162916738782287,0.11111111111111116,2
word_svm,standard,pedagogy,988,0.6121972227029931,0.33333333333333337,3
word_svm,standard,pedagogy,989,0.25162916738782287,0.11111111111111116,2
word_svm,standard,pedagogy,990,0.6758220575766962,0.4444444444444444,3
word_svm,standard,pedagogy,991,0.7652465283787413,0.5555555555555556,3
word_svm,standard,pedagogy,992,0.4955380299191111,0.4444444444444444,2
word_svm,standard,pedagogy,993,0.9874687506009635,0.6666666666666667,4
word_svm,standard,pedagogy,994,0.7652465283787413,0.5555555555555556,3
word_svm,standard,pedagogy,995,0.9455305560363264,0.6666666666666667,4
word_svm,standard,pedagogy,996,0.4955380299191111,0.4444444444444444,2
word_svm,standard,pedagogy,997,0.6121972227029931,0.33333333333333337,3
word_svm,standard,pedagogy,998,0.4955380299191111,0.4444444444444444,2
word_svm,standard,pedagogy,999,0.25162916738782287,0.11111111111111116,2
word_svm,standard,pedagogy,1000,0.6121972227029931,0.33333333333333337,3
word_svm,standard,pedagogy,1001,0.6121972227029931,0.33333333333333337,3
word_svm,standard,pedagogy,1009,0.8288713632524446,0.4444444444444444,4
word_svm,standard,pedagogy,1061,0.6121972227029931,0.33333333333333337,3
word_svm,standard,pedagogy,1085,0.6121972227029931,0.33333333333333337,3
word_svm,standard,pedagogy,1125,0.25162916738782287,0.11111111111111116,2
