{"base_problem_count": 32, "expected_calls": 2560, "manifest_sha256": "c247dc3af4e1f1a85f18f5fd9a0b3a4e3441a925496197f4b4e02bd389784cc6", "model_count": 5, "payload_scope": "synthetic problem, synthetic learner work/request, frozen policy clauses", "potential_pii_pattern_flags": {"email": 0, "phone_like": 0, "url": 0}, "prompt_chars": {"max": 745, "mean": 665.0625, "min": 593}, "sample_count": 512, "schema_version": 1, "seed": 20260820, "spec_sha256": "bbe4ae5debcba9057f026a9e3fef18aab3bfc6522915a5464148d48f20d3abf5"}
{"expected_calls": 2560, "models": ["MiniMax-M3", "MiniMax-M2.7", "glm-5.2", "deepseek-v4-pro", "doubao-seed-2.0-lite"], "payload": "synthetic problem, synthetic learner work/request, frozen factor clauses", "routes": {"MiniMax-M2.7": "MiniMax official", "MiniMax-M3": "MiniMax official", "deepseek-v4-pro": "gateway", "doubao-seed-2.0-lite": "gateway", "glm-5.2": "gateway"}, "samples": 512}
{"request_id": "arithmetic_mean-00|direct|explain_only|reveal|warm|MiniMax-M3", "ok": true, "error": ""}
{"request_id": "arithmetic_mean-00|direct|question_first|reveal|neutral|MiniMax-M3", "ok": true, "error": ""}
{"request_id": "arithmetic_mean-00|direct|explain_only|withhold|neutral|MiniMax-M3", "ok": true, "error": ""}
{"request_id": "arithmetic_mean-00|direct|question_first|withhold|neutral|MiniMax-M3", "ok": true, "error": ""}
{"request_id": "arithmetic_mean-00|direct|question_first|reveal|warm|MiniMax-M3", "ok": true, "error": ""}
{"request_id": "arithmetic_mean-00|direct|question_first|withhold|warm|MiniMax-M3", "ok": true, "error": ""}
{"request_id": "arithmetic_mean-00|direct|explain_only|withhold|warm|MiniMax-M3", "ok": true, "error": ""}
{"request_id": "arithmetic_mean-00|explore|explain_only|reveal|warm|MiniMax-M3", "ok": true, "error": ""}
{"request_id": "arithmetic_mean-00|explore|explain_only|withhold|neutral|MiniMax-M3", "ok": true, "error": ""}
{"request_id": "arithmetic_mean-00|explore|explain_only|reveal|neutral|MiniMax-M3", "ok": true, "error": ""}
{"request_id": "arithmetic_mean-00|explore|question_first|reveal|neutral|MiniMax-M3", "ok": true, "error": ""}
{"request_id": "arithmetic_mean-00|explore|question_first|withhold|neutral|MiniMax-M3", "ok": true, "error": ""}
{"request_id": "arithmetic_mean-01|direct|explain_only|reveal|neutral|MiniMax-M3", "ok": true, "error": ""}
{"request_id": "arithmetic_mean-00|explore|explain_only|withhold|warm|MiniMax-M3", "ok": true, "error": ""}
{"request_id": "arithmetic_mean-00|explore|question_first|withhold|warm|MiniMax-M3", "ok": true, "error": ""}
{"request_id": "arithmetic_mean-01|direct|explain_only|reveal|warm|MiniMax-M3", "ok": true, "error": ""}
{"request_id": "arithmetic_mean-00|explore|question_first|reveal|warm|MiniMax-M3", "ok": true, "error": ""}
{"request_id": "arithmetic_mean-01|direct|explain_only|withhold|neutral|MiniMax-M3", "ok": true, "error": ""}
{"request_id": "arithmetic_mean-01|direct|question_first|reveal|neutral|MiniMax-M3", "ok": true, "error": ""}
{"request_id": "arithmetic_mean-01|direct|question_first|reveal|warm|MiniMax-M3", "ok": true, "error": ""}
{"request_id": "arithmetic_mean-01|direct|question_first|withhold|neutral|MiniMax-M3", "ok": true, "error": ""}
{"request_id": "arithmetic_mean-01|direct|explain_only|withhold|warm|MiniMax-M3", "ok": true, "error": ""}
{"request_id": "arithmetic_mean-01|direct|question_first|withhold|warm|MiniMax-M3", "ok": true, "error": ""}
{"request_id": "arithmetic_mean-01|explore|explain_only|reveal|neutral|MiniMax-M3", "ok": true, "error": ""}
{"request_id": "arithmetic_mean-01|explore|explain_only|reveal|warm|MiniMax-M3", "ok": true, "error": ""}
{"request_id": "arithmetic_mean-01|explore|explain_only|withhold|neutral|MiniMax-M3", "ok": true, "error": ""}
{"request_id": "arithmetic_mean-01|explore|explain_only|withhold|warm|MiniMax-M3", "ok": true, "error": ""}
{"request_id": "arithmetic_mean-01|explore|question_first|withhold|neutral|MiniMax-M3", "ok": true, "error": ""}
{"request_id": "arithmetic_mean-01|explore|question_first|reveal|warm|MiniMax-M3", "ok": true, "error": ""}
{"request_id": "arithmetic_mean-02|direct|explain_only|reveal|neutral|MiniMax-M3", "ok": true, "error": ""}
{"request_id": "arithmetic_mean-01|explore|question_first|reveal|neutral|MiniMax-M3", "ok": true, "error": ""}
{"request_id": "arithmetic_mean-02|direct|explain_only|reveal|warm|MiniMax-M3", "ok": true, "error": ""}
{"request_id": "arithmetic_mean-01|explore|question_first|withhold|warm|MiniMax-M3", "ok": true, "error": ""}
{"request_id": "arithmetic_mean-02|direct|explain_only|withhold|neutral|MiniMax-M3", "ok": true, "error": ""}
{"request_id": "arithmetic_mean-02|direct|question_first|reveal|neutral|MiniMax-M3", "ok": true, "error": ""}
{"request_id": "arithmetic_mean-02|direct|question_first|reveal|warm|MiniMax-M3", "ok": true, "error": ""}
{"request_id": "arithmetic_mean-02|direct|question_first|withhold|neutral|MiniMax-M3", "ok": true, "error": ""}
{"request_id": "arithmetic_mean-02|direct|question_first|withhold|warm|MiniMax-M3", "ok": true, "error": ""}
{"request_id": "arithmetic_mean-02|explore|explain_only|reveal|neutral|MiniMax-M3", "ok": true, "error": ""}
{"request_id": "arithmetic_mean-02|explore|explain_only|reveal|warm|MiniMax-M3", "ok": true, "error": ""}
{"request_id": "arithmetic_mean-02|direct|explain_only|withhold|warm|MiniMax-M3", "ok": true, "error": ""}
{"request_id": "arithmetic_mean-02|explore|explain_only|withhold|warm|MiniMax-M3", "ok": true, "error": ""}
{"request_id": "arithmetic_mean-02|explore|explain_only|withhold|neutral|MiniMax-M3", "ok": true, "error": ""}
{"request_id": "arithmetic_mean-02|explore|question_first|reveal|neutral|MiniMax-M3", "ok": true, "error": ""}
{"request_id": "arithmetic_mean-02|explore|question_first|withhold|neutral|MiniMax-M3", "ok": true, "error": ""}
{"request_id": "arithmetic_mean-03|direct|explain_only|reveal|warm|MiniMax-M3", "ok": true, "error": ""}
{"request_id": "arithmetic_mean-03|direct|explain_only|reveal|neutral|MiniMax-M3", "ok": true, "error": ""}
{"request_id": "arithmetic_mean-02|explore|question_first|withhold|warm|MiniMax-M3", "ok": true, "error": ""}
{"request_id": "arithmetic_mean-02|explore|question_first|reveal|warm|MiniMax-M3", "ok": true, "error": ""}
{"request_id": "arithmetic_mean-03|direct|question_first|reveal|warm|MiniMax-M3", "ok": true, "error": ""}
{"request_id": "arithmetic_mean-03|direct|explain_only|withhold|neutral|MiniMax-M3", "ok": true, "error": ""}
{"request_id": "arithmetic_mean-03|direct|question_first|reveal|neutral|MiniMax-M3", "ok": true, "error": ""}
{"request_id": "arithmetic_mean-03|direct|explain_only|withhold|warm|MiniMax-M3", "ok": true, "error": ""}
{"request_id": "arithmetic_mean-03|direct|question_first|withhold|warm|MiniMax-M3", "ok": true, "error": ""}
{"request_id": "arithmetic_mean-03|direct|question_first|withhold|neutral|MiniMax-M3", "ok": true, "error": ""}
{"request_id": "arithmetic_mean-03|explore|explain_only|reveal|neutral|MiniMax-M3", "ok": true, "error": ""}
{"request_id": "arithmetic_mean-03|explore|explain_only|withhold|neutral|MiniMax-M3", "ok": true, "error": ""}
{"request_id": "arithmetic_mean-03|explore|explain_only|reveal|warm|MiniMax-M3", "ok": true, "error": ""}
{"request_id": "arithmetic_mean-03|explore|explain_only|withhold|warm|MiniMax-M3", "ok": true, "error": ""}
{"request_id": "arithmetic_mean-03|explore|question_first|reveal|neutral|MiniMax-M3", "ok": true, "error": ""}
{"request_id": "arithmetic_mean-03|explore|question_first|withhold|neutral|MiniMax-M3", "ok": true, "error": ""}
{"request_id": "arithmetic_mean-03|explore|question_first|withhold|warm|MiniMax-M3", "ok": true, "error": ""}
{"request_id": "arithmetic_mean-04|direct|explain_only|reveal|neutral|MiniMax-M3", "ok": true, "error": ""}
{"request_id": "arithmetic_mean-03|explore|question_first|reveal|warm|MiniMax-M3", "ok": true, "error": ""}
{"request_id": "arithmetic_mean-04|direct|explain_only|withhold|neutral|MiniMax-M3", "ok": true, "error": ""}
{"request_id": "arithmetic_mean-04|direct|explain_only|reveal|warm|MiniMax-M3", "ok": true, "error": ""}
{"request_id": "arithmetic_mean-04|direct|question_first|reveal|neutral|MiniMax-M3", "ok": true, "error": ""}
{"request_id": "arithmetic_mean-04|direct|question_first|withhold|neutral|MiniMax-M3", "ok": true, "error": ""}
{"request_id": "arithmetic_mean-04|direct|question_first|reveal|warm|MiniMax-M3", "ok": true, "error": ""}
{"request_id": "arithmetic_mean-04|direct|explain_only|withhold|warm|MiniMax-M3", "ok": true, "error": ""}
{"request_id": "arithmetic_mean-04|explore|explain_only|reveal|neutral|MiniMax-M3", "ok": true, "error": ""}
{"request_id": "arithmetic_mean-04|direct|question_first|withhold|warm|MiniMax-M3", "ok": true, "error": ""}
{"request_id": "arithmetic_mean-04|explore|explain_only|withhold|neutral|MiniMax-M3", "ok": true, "error": ""}
{"request_id": "arithmetic_mean-04|explore|question_first|reveal|neutral|MiniMax-M3", "ok": true, "error": ""}
{"request_id": "arithmetic_mean-04|explore|explain_only|withhold|warm|MiniMax-M3", "ok": true, "error": ""}
{"request_id": "arithmetic_mean-04|explore|question_first|withhold|neutral|MiniMax-M3", "ok": true, "error": ""}
{"request_id": "arithmetic_mean-04|explore|question_first|reveal|warm|MiniMax-M3", "ok": true, "error": ""}
{"request_id": "arithmetic_mean-04|explore|question_first|withhold|warm|MiniMax-M3", "ok": true, "error": ""}
{"request_id": "arithmetic_mean-04|explore|explain_only|reveal|warm|MiniMax-M3", "ok": true, "error": ""}
{"request_id": "arithmetic_mean-05|direct|explain_only|reveal|neutral|MiniMax-M3", "ok": true, "error": ""}
{"request_id": "arithmetic_mean-05|direct|explain_only|reveal|warm|MiniMax-M3", "ok": true, "error": ""}
{"request_id": "arithmetic_mean-05|direct|question_first|reveal|neutral|MiniMax-M3", "ok": true, "error": ""}
{"request_id": "arithmetic_mean-05|direct|explain_only|withhold|neutral|MiniMax-M3", "ok": true, "error": ""}
{"request_id": "arithmetic_mean-05|direct|question_first|reveal|warm|MiniMax-M3", "ok": true, "error": ""}
{"request_id": "arithmetic_mean-05|direct|explain_only|withhold|warm|MiniMax-M3", "ok": true, "error": ""}
{"request_id": "arithmetic_mean-05|direct|question_first|withhold|neutral|MiniMax-M3", "ok": true, "error": ""}
{"request_id": "arithmetic_mean-05|direct|question_first|withhold|warm|MiniMax-M3", "ok": true, "error": ""}
{"request_id": "arithmetic_mean-05|explore|explain_only|reveal|warm|MiniMax-M3", "ok": true, "error": ""}
{"request_id": "arithmetic_mean-05|explore|explain_only|withhold|neutral|MiniMax-M3", "ok": true, "error": ""}
{"request_id": "arithmetic_mean-05|explore|explain_only|reveal|neutral|MiniMax-M3", "ok": true, "error": ""}
{"request_id": "arithmetic_mean-05|explore|explain_only|withhold|warm|MiniMax-M3", "ok": true, "error": ""}
{"request_id": "arithmetic_mean-05|explore|question_first|withhold|neutral|MiniMax-M3", "ok": true, "error": ""}
{"request_id": "arithmetic_mean-05|explore|question_first|reveal|warm|MiniMax-M3", "ok": true, "error": ""}
{"request_id": "arithmetic_mean-05|explore|question_first|reveal|neutral|MiniMax-M3", "ok": true, "error": ""}
{"request_id": "arithmetic_mean-06|direct|explain_only|reveal|neutral|MiniMax-M3", "ok": true, "error": ""}
{"request_id": "arithmetic_mean-05|explore|question_first|withhold|warm|MiniMax-M3", "ok": true, "error": ""}
{"request_id": "arithmetic_mean-06|direct|explain_only|reveal|warm|MiniMax-M3", "ok": true, "error": ""}
{"request_id": "arithmetic_mean-06|direct|explain_only|withhold|neutral|MiniMax-M3", "ok": true, "error": ""}
{"request_id": "arithmetic_mean-06|direct|question_first|reveal|neutral|MiniMax-M3", "ok": true, "error": ""}
{"request_id": "arithmetic_mean-06|direct|question_first|reveal|warm|MiniMax-M3", "ok": true, "error": ""}
{"request_id": "arithmetic_mean-06|direct|explain_only|withhold|warm|MiniMax-M3", "ok": true, "error": ""}
{"request_id": "arithmetic_mean-06|direct|question_first|withhold|neutral|MiniMax-M3", "ok": true, "error": ""}
{"request_id": "arithmetic_mean-06|explore|explain_only|withhold|neutral|MiniMax-M3", "ok": true, "error": ""}
{"request_id": "arithmetic_mean-06|explore|explain_only|reveal|neutral|MiniMax-M3", "ok": true, "error": ""}
{"request_id": "arithmetic_mean-06|explore|explain_only|reveal|warm|MiniMax-M3", "ok": true, "error": ""}
{"request_id": "arithmetic_mean-06|explore|explain_only|withhold|warm|MiniMax-M3", "ok": true, "error": ""}
{"request_id": "arithmetic_mean-06|explore|question_first|withhold|neutral|MiniMax-M3", "ok": true, "error": ""}
{"request_id": "arithmetic_mean-06|explore|question_first|reveal|neutral|MiniMax-M3", "ok": true, "error": ""}
{"request_id": "arithmetic_mean-06|explore|question_first|reveal|warm|MiniMax-M3", "ok": true, "error": ""}
{"request_id": "arithmetic_mean-07|direct|explain_only|reveal|warm|MiniMax-M3", "ok": true, "error": ""}
{"request_id": "arithmetic_mean-07|direct|explain_only|reveal|neutral|MiniMax-M3", "ok": true, "error": ""}
{"request_id": "arithmetic_mean-06|direct|question_first|withhold|warm|MiniMax-M3", "ok": true, "error": ""}
{"request_id": "arithmetic_mean-06|explore|question_first|withhold|warm|MiniMax-M3", "ok": true, "error": ""}
{"request_id": "arithmetic_mean-07|direct|explain_only|withhold|neutral|MiniMax-M3", "ok": true, "error": ""}
{"request_id": "arithmetic_mean-07|direct|explain_only|withhold|warm|MiniMax-M3", "ok": true, "error": ""}
{"request_id": "arithmetic_mean-07|direct|question_first|reveal|neutral|MiniMax-M3", "ok": true, "error": ""}
{"request_id": "arithmetic_mean-07|direct|question_first|reveal|warm|MiniMax-M3", "ok": true, "error": ""}
{"request_id": "arithmetic_mean-07|direct|question_first|withhold|neutral|MiniMax-M3", "ok": true, "error": ""}
{"request_id": "arithmetic_mean-07|direct|question_first|withhold|warm|MiniMax-M3", "ok": true, "error": ""}
{"request_id": "arithmetic_mean-07|explore|explain_only|reveal|warm|MiniMax-M3", "ok": true, "error": ""}
{"request_id": "arithmetic_mean-07|explore|explain_only|withhold|neutral|MiniMax-M3", "ok": true, "error": ""}
{"request_id": "arithmetic_mean-07|explore|explain_only|reveal|neutral|MiniMax-M3", "ok": true, "error": ""}
{"request_id": "arithmetic_mean-07|explore|explain_only|withhold|warm|MiniMax-M3", "ok": true, "error": ""}
{"request_id": "arithmetic_mean-07|explore|question_first|withhold|neutral|MiniMax-M3", "ok": true, "error": ""}
{"request_id": "arithmetic_mean-07|explore|question_first|reveal|neutral|MiniMax-M3", "ok": true, "error": ""}
{"request_id": "arithmetic_mean-07|explore|question_first|withhold|warm|MiniMax-M3", "ok": true, "error": ""}
{"request_id": "fraction_addition-00|direct|explain_only|reveal|neutral|MiniMax-M3", "ok": true, "error": ""}
{"request_id": "fraction_addition-00|direct|explain_only|reveal|warm|MiniMax-M3", "ok": true, "error": ""}
{"request_id": "arithmetic_mean-07|explore|question_first|reveal|warm|MiniMax-M3", "ok": true, "error": ""}
{"request_id": "fraction_addition-00|direct|question_first|reveal|neutral|MiniMax-M3", "ok": true, "error": ""}
{"request_id": "fraction_addition-00|direct|question_first|reveal|warm|MiniMax-M3", "ok": true, "error": ""}
{"request_id": "fraction_addition-00|direct|explain_only|withhold|neutral|MiniMax-M3", "ok": true, "error": ""}
{"request_id": "fraction_addition-00|direct|question_first|withhold|neutral|MiniMax-M3", "ok": true, "error": ""}
{"request_id": "fraction_addition-00|direct|explain_only|withhold|warm|MiniMax-M3", "ok": true, "error": ""}
{"request_id": "fraction_addition-00|explore|explain_only|reveal|neutral|MiniMax-M3", "ok": true, "error": ""}
{"request_id": "fraction_addition-00|direct|question_first|withhold|warm|MiniMax-M3", "ok": true, "error": ""}
{"request_id": "fraction_addition-00|explore|explain_only|withhold|neutral|MiniMax-M3", "ok": true, "error": ""}
{"request_id": "fraction_addition-00|explore|question_first|reveal|neutral|MiniMax-M3", "ok": true, "error": ""}
{"request_id": "fraction_addition-00|explore|question_first|withhold|neutral|MiniMax-M3", "ok": true, "error": ""}
{"request_id": "fraction_addition-00|explore|explain_only|withhold|warm|MiniMax-M3", "ok": true, "error": ""}
{"request_id": "fraction_addition-00|explore|question_first|reveal|warm|MiniMax-M3", "ok": true, "error": ""}
{"request_id": "fraction_addition-00|explore|question_first|withhold|warm|MiniMax-M3", "ok": true, "error": ""}
{"request_id": "fraction_addition-01|direct|explain_only|reveal|neutral|MiniMax-M3", "ok": true, "error": ""}
{"request_id": "fraction_addition-01|direct|explain_only|reveal|warm|MiniMax-M3", "ok": true, "error": ""}
{"request_id": "fraction_addition-00|explore|explain_only|reveal|warm|MiniMax-M3", "ok": true, "error": ""}
{"request_id": "fraction_addition-01|direct|explain_only|withhold|neutral|MiniMax-M3", "ok": true, "error": ""}
{"request_id": "fraction_addition-01|direct|question_first|reveal|warm|MiniMax-M3", "ok": true, "error": ""}
{"request_id": "fraction_addition-01|direct|question_first|reveal|neutral|MiniMax-M3", "ok": true, "error": ""}
{"request_id": "fraction_addition-01|direct|explain_only|withhold|warm|MiniMax-M3", "ok": true, "error": ""}
{"request_id": "fraction_addition-01|explore|explain_only|reveal|neutral|MiniMax-M3", "ok": true, "error": ""}
{"request_id": "fraction_addition-01|direct|question_first|withhold|warm|MiniMax-M3", "ok": true, "error": ""}
{"request_id": "fraction_addition-01|direct|question_first|withhold|neutral|MiniMax-M3", "ok": true, "error": ""}
{"request_id": "fraction_addition-01|explore|explain_only|reveal|warm|MiniMax-M3", "ok": true, "error": ""}
{"request_id": "fraction_addition-01|explore|explain_only|withhold|warm|MiniMax-M3", "ok": true, "error": ""}
{"request_id": "fraction_addition-01|explore|explain_only|withhold|neutral|MiniMax-M3", "ok": true, "error": ""}
{"request_id": "fraction_addition-01|explore|question_first|withhold|neutral|MiniMax-M3", "ok": true, "error": ""}
{"request_id": "fraction_addition-01|explore|question_first|reveal|neutral|MiniMax-M3", "ok": true, "error": ""}
{"request_id": "fraction_addition-01|explore|question_first|reveal|warm|MiniMax-M3", "ok": true, "error": ""}
{"request_id": "fraction_addition-01|explore|question_first|withhold|warm|MiniMax-M3", "ok": true, "error": ""}
{"request_id": "fraction_addition-02|direct|explain_only|reveal|neutral|MiniMax-M3", "ok": true, "error": ""}
{"request_id": "fraction_addition-02|direct|explain_only|reveal|warm|MiniMax-M3", "ok": true, "error": ""}
{"request_id": "fraction_addition-02|direct|explain_only|withhold|neutral|MiniMax-M3", "ok": true, "error": ""}
{"request_id": "fraction_addition-02|direct|question_first|reveal|neutral|MiniMax-M3", "ok": true, "error": ""}
{"request_id": "fraction_addition-02|direct|explain_only|withhold|warm|MiniMax-M3", "ok": true, "error": ""}
{"request_id": "fraction_addition-02|direct|question_first|reveal|warm|MiniMax-M3", "ok": true, "error": ""}
{"request_id": "fraction_addition-02|direct|question_first|withhold|warm|MiniMax-M3", "ok": true, "error": ""}
{"request_id": "fraction_addition-02|explore|explain_only|reveal|neutral|MiniMax-M3", "ok": true, "error": ""}
{"request_id": "fraction_addition-02|explore|explain_only|reveal|warm|MiniMax-M3", "ok": true, "error": ""}
{"request_id": "fraction_addition-02|explore|explain_only|withhold|neutral|MiniMax-M3", "ok": true, "error": ""}
{"request_id": "fraction_addition-02|explore|question_first|reveal|neutral|MiniMax-M3", "ok": true, "error": ""}
{"request_id": "fraction_addition-02|explore|explain_only|withhold|warm|MiniMax-M3", "ok": true, "error": ""}
{"request_id": "fraction_addition-02|explore|question_first|withhold|neutral|MiniMax-M3", "ok": true, "error": ""}
{"request_id": "fraction_addition-02|direct|question_first|withhold|neutral|MiniMax-M3", "ok": true, "error": ""}
{"request_id": "fraction_addition-02|explore|question_first|withhold|warm|MiniMax-M3", "ok": true, "error": ""}
{"request_id": "fraction_addition-03|direct|explain_only|reveal|warm|MiniMax-M3", "ok": true, "error": ""}
{"request_id": "fraction_addition-03|direct|explain_only|reveal|neutral|MiniMax-M3", "ok": true, "error": ""}
{"request_id": "fraction_addition-03|direct|explain_only|withhold|neutral|MiniMax-M3", "ok": true, "error": ""}
{"request_id": "fraction_addition-03|direct|question_first|reveal|neutral|MiniMax-M3", "ok": true, "error": ""}
{"request_id": "fraction_addition-02|explore|question_first|reveal|warm|MiniMax-M3", "ok": true, "error": ""}
{"request_id": "fraction_addition-03|direct|question_first|withhold|neutral|MiniMax-M3", "ok": true, "error": ""}
{"request_id": "fraction_addition-03|direct|question_first|reveal|warm|MiniMax-M3", "ok": true, "error": ""}
{"request_id": "fraction_addition-03|direct|question_first|withhold|warm|MiniMax-M3", "ok": true, "error": ""}
{"request_id": "fraction_addition-03|explore|explain_only|reveal|neutral|MiniMax-M3", "ok": true, "error": ""}
{"request_id": "fraction_addition-03|explore|explain_only|withhold|neutral|MiniMax-M3", "ok": true, "error": ""}
{"request_id": "fraction_addition-03|explore|explain_only|reveal|warm|MiniMax-M3", "ok": true, "error": ""}
{"request_id": "fraction_addition-03|explore|explain_only|withhold|warm|MiniMax-M3", "ok": true, "error": ""}
{"request_id": "fraction_addition-03|direct|explain_only|withhold|warm|MiniMax-M3", "ok": true, "error": ""}
{"request_id": "fraction_addition-03|explore|question_first|reveal|neutral|MiniMax-M3", "ok": true, "error": ""}
{"request_id": "fraction_addition-03|explore|question_first|withhold|neutral|MiniMax-M3", "ok": true, "error": ""}
{"request_id": "fraction_addition-04|direct|explain_only|reveal|neutral|MiniMax-M3", "ok": true, "error": ""}
{"request_id": "fraction_addition-03|explore|question_first|withhold|warm|MiniMax-M3", "ok": true, "error": ""}
{"request_id": "fraction_addition-04|direct|explain_only|reveal|warm|MiniMax-M3", "ok": true, "error": ""}
{"request_id": "fraction_addition-04|direct|explain_only|withhold|neutral|MiniMax-M3", "ok": true, "error": ""}
{"request_id": "fraction_addition-04|direct|question_first|reveal|neutral|MiniMax-M3", "ok": true, "error": ""}
{"request_id": "fraction_addition-04|direct|explain_only|withhold|warm|MiniMax-M3", "ok": true, "error": ""}
{"request_id": "fraction_addition-04|direct|question_first|reveal|warm|MiniMax-M3", "ok": true, "error": ""}
{"request_id": "fraction_addition-04|direct|question_first|withhold|warm|MiniMax-M3", "ok": true, "error": ""}
{"request_id": "fraction_addition-03|explore|question_first|reveal|warm|MiniMax-M3", "ok": true, "error": ""}
{"request_id": "fraction_addition-04|direct|question_first|withhold|neutral|MiniMax-M3", "ok": true, "error": ""}
{"request_id": "fraction_addition-04|explore|explain_only|reveal|neutral|MiniMax-M3", "ok": true, "error": ""}
{"request_id": "fraction_addition-04|explore|explain_only|withhold|warm|MiniMax-M3", "ok": true, "error": ""}
{"request_id": "fraction_addition-04|explore|explain_only|withhold|neutral|MiniMax-M3", "ok": true, "error": ""}
{"request_id": "fraction_addition-04|explore|explain_only|reveal|warm|MiniMax-M3", "ok": true, "error": ""}
{"request_id": "fraction_addition-04|explore|question_first|reveal|neutral|MiniMax-M3", "ok": true, "error": ""}
{"request_id": "fraction_addition-04|explore|question_first|withhold|neutral|MiniMax-M3", "ok": true, "error": ""}
{"request_id": "fraction_addition-05|direct|explain_only|reveal|warm|MiniMax-M3", "ok": true, "error": ""}
{"request_id": "fraction_addition-05|direct|explain_only|reveal|neutral|MiniMax-M3", "ok": true, "error": ""}
{"request_id": "fraction_addition-04|explore|question_first|withhold|warm|MiniMax-M3", "ok": true, "error": ""}
{"request_id": "fraction_addition-05|direct|explain_only|withhold|neutral|MiniMax-M3", "ok": true, "error": ""}
{"request_id": "fraction_addition-05|direct|question_first|reveal|neutral|MiniMax-M3", "ok": true, "error": ""}
{"request_id": "fraction_addition-05|direct|explain_only|withhold|warm|MiniMax-M3", "ok": true, "error": ""}
{"request_id": "fraction_addition-05|direct|question_first|reveal|warm|MiniMax-M3", "ok": true, "error": ""}
{"request_id": "fraction_addition-05|direct|question_first|withhold|warm|MiniMax-M3", "ok": true, "error": ""}
{"request_id": "fraction_addition-04|explore|question_first|reveal|warm|MiniMax-M3", "ok": true, "error": ""}
{"request_id": "fraction_addition-05|explore|explain_only|reveal|neutral|MiniMax-M3", "ok": true, "error": ""}
{"request_id": "fraction_addition-05|explore|explain_only|reveal|warm|MiniMax-M3", "ok": true, "error": ""}
{"request_id": "fraction_addition-05|direct|question_first|withhold|neutral|MiniMax-M3", "ok": true, "error": ""}
{"request_id": "fraction_addition-05|explore|explain_only|withhold|neutral|MiniMax-M3", "ok": true, "error": ""}
{"request_id": "fraction_addition-05|explore|explain_only|withhold|warm|MiniMax-M3", "ok": true, "error": ""}
{"request_id": "fraction_addition-05|explore|question_first|reveal|neutral|MiniMax-M3", "ok": true, "error": ""}
{"request_id": "fraction_addition-05|explore|question_first|withhold|neutral|MiniMax-M3", "ok": true, "error": ""}
{"request_id": "fraction_addition-06|direct|explain_only|reveal|neutral|MiniMax-M3", "ok": true, "error": ""}
{"request_id": "fraction_addition-05|explore|question_first|withhold|warm|MiniMax-M3", "ok": true, "error": ""}
{"request_id": "fraction_addition-05|explore|question_first|reveal|warm|MiniMax-M3", "ok": true, "error": ""}
{"request_id": "fraction_addition-06|direct|explain_only|reveal|warm|MiniMax-M3", "ok": true, "error": ""}
{"request_id": "fraction_addition-06|direct|explain_only|withhold|neutral|MiniMax-M3", "ok": true, "error": ""}
{"request_id": "fraction_addition-06|direct|question_first|reveal|neutral|MiniMax-M3", "ok": true, "error": ""}
{"request_id": "fraction_addition-06|direct|question_first|reveal|warm|MiniMax-M3", "ok": true, "error": ""}
{"request_id": "fraction_addition-06|direct|explain_only|withhold|warm|MiniMax-M3", "ok": true, "error": ""}
{"request_id": "fraction_addition-06|direct|question_first|withhold|warm|MiniMax-M3", "ok": true, "error": ""}
{"request_id": "fraction_addition-06|direct|question_first|withhold|neutral|MiniMax-M3", "ok": true, "error": ""}
{"request_id": "fraction_addition-06|explore|explain_only|reveal|neutral|MiniMax-M3", "ok": true, "error": ""}
{"request_id": "fraction_addition-06|explore|explain_only|withhold|neutral|MiniMax-M3", "ok": true, "error": ""}
{"request_id": "fraction_addition-06|explore|explain_only|withhold|warm|MiniMax-M3", "ok": true, "error": ""}
{"request_id": "fraction_addition-06|explore|explain_only|reveal|warm|MiniMax-M3", "ok": true, "error": ""}
{"request_id": "fraction_addition-06|explore|question_first|reveal|neutral|MiniMax-M3", "ok": true, "error": ""}
{"request_id": "fraction_addition-06|explore|question_first|withhold|neutral|MiniMax-M3", "ok": true, "error": ""}
{"request_id": "fraction_addition-07|direct|explain_only|reveal|neutral|MiniMax-M3", "ok": true, "error": ""}
{"request_id": "fraction_addition-07|direct|explain_only|reveal|warm|MiniMax-M3", "ok": true, "error": ""}
{"request_id": "fraction_addition-06|explore|question_first|reveal|warm|MiniMax-M3", "ok": true, "error": ""}
{"request_id": "fraction_addition-07|direct|explain_only|withhold|neutral|MiniMax-M3", "ok": true, "error": ""}
{"request_id": "fraction_addition-07|direct|question_first|reveal|neutral|MiniMax-M3", "ok": true, "error": ""}
{"request_id": "fraction_addition-07|direct|explain_only|withhold|warm|MiniMax-M3", "ok": true, "error": ""}
{"request_id": "fraction_addition-06|explore|question_first|withhold|warm|MiniMax-M3", "ok": true, "error": ""}
{"request_id": "fraction_addition-07|direct|question_first|reveal|warm|MiniMax-M3", "ok": true, "error": ""}
{"request_id": "fraction_addition-07|direct|question_first|withhold|neutral|MiniMax-M3", "ok": true, "error": ""}
{"request_id": "fraction_addition-07|direct|question_first|withhold|warm|MiniMax-M3", "ok": true, "error": ""}
{"request_id": "fraction_addition-07|explore|explain_only|reveal|neutral|MiniMax-M3", "ok": true, "error": ""}
{"request_id": "fraction_addition-07|explore|explain_only|withhold|neutral|MiniMax-M3", "ok": true, "error": ""}
{"request_id": "fraction_addition-07|explore|explain_only|reveal|warm|MiniMax-M3", "ok": true, "error": ""}
{"request_id": "fraction_addition-07|explore|question_first|reveal|warm|MiniMax-M3", "ok": true, "error": ""}
{"request_id": "fraction_addition-07|explore|question_first|reveal|neutral|MiniMax-M3", "ok": true, "error": ""}
{"request_id": "fraction_addition-07|explore|explain_only|withhold|warm|MiniMax-M3", "ok": true, "error": ""}
{"request_id": "linear_equation-00|direct|explain_only|reveal|neutral|MiniMax-M3", "ok": true, "error": ""}
{"request_id": "fraction_addition-07|explore|question_first|withhold|warm|MiniMax-M3", "ok": true, "error": ""}
{"request_id": "linear_equation-00|direct|explain_only|reveal|warm|MiniMax-M3", "ok": true, "error": ""}
{"request_id": "fraction_addition-07|explore|question_first|withhold|neutral|MiniMax-M3", "ok": true, "error": ""}
{"request_id": "linear_equation-00|direct|explain_only|withhold|neutral|MiniMax-M3", "ok": true, "error": ""}
{"request_id": "linear_equation-00|direct|question_first|reveal|warm|MiniMax-M3", "ok": true, "error": ""}
{"request_id": "linear_equation-00|direct|explain_only|withhold|warm|MiniMax-M3", "ok": true, "error": ""}
{"request_id": "linear_equation-00|direct|question_first|reveal|neutral|MiniMax-M3", "ok": true, "error": ""}
{"request_id": "linear_equation-00|direct|question_first|withhold|neutral|MiniMax-M3", "ok": true, "error": ""}
{"request_id": "linear_equation-00|explore|explain_only|reveal|warm|MiniMax-M3", "ok": true, "error": ""}
{"request_id": "linear_equation-00|explore|explain_only|withhold|neutral|MiniMax-M3", "ok": true, "error": ""}
{"request_id": "linear_equation-00|direct|question_first|withhold|warm|MiniMax-M3", "ok": true, "error": ""}
{"request_id": "linear_equation-00|explore|explain_only|reveal|neutral|MiniMax-M3", "ok": true, "error": ""}
{"request_id": "linear_equation-00|explore|explain_only|withhold|warm|MiniMax-M3", "ok": true, "error": ""}
{"request_id": "linear_equation-00|explore|question_first|reveal|warm|MiniMax-M3", "ok": true, "error": ""}
{"request_id": "linear_equation-00|explore|question_first|withhold|neutral|MiniMax-M3", "ok": true, "error": ""}
{"request_id": "linear_equation-00|explore|question_first|withhold|warm|MiniMax-M3", "ok": true, "error": ""}
{"request_id": "linear_equation-01|direct|explain_only|reveal|neutral|MiniMax-M3", "ok": true, "error": ""}
{"request_id": "linear_equation-00|explore|question_first|reveal|neutral|MiniMax-M3", "ok": true, "error": ""}
{"request_id": "linear_equation-01|direct|explain_only|reveal|warm|MiniMax-M3", "ok": true, "error": ""}
{"request_id": "linear_equation-01|direct|explain_only|withhold|warm|MiniMax-M3", "ok": true, "error": ""}
{"request_id": "linear_equation-01|direct|question_first|reveal|neutral|MiniMax-M3", "ok": true, "error": ""}
{"request_id": "linear_equation-01|direct|question_first|reveal|warm|MiniMax-M3", "ok": true, "error": ""}
{"request_id": "linear_equation-01|direct|explain_only|withhold|neutral|MiniMax-M3", "ok": true, "error": ""}
{"request_id": "linear_equation-01|direct|question_first|withhold|warm|MiniMax-M3", "ok": true, "error": ""}
{"request_id": "linear_equation-01|explore|explain_only|reveal|warm|MiniMax-M3", "ok": true, "error": ""}
{"request_id": "linear_equation-01|explore|explain_only|reveal|neutral|MiniMax-M3", "ok": true, "error": ""}
{"request_id": "linear_equation-01|explore|explain_only|withhold|neutral|MiniMax-M3", "ok": true, "error": ""}
{"request_id": "linear_equation-01|direct|question_first|withhold|neutral|MiniMax-M3", "ok": true, "error": ""}
{"request_id": "linear_equation-01|explore|question_first|reveal|neutral|MiniMax-M3", "ok": true, "error": ""}
{"request_id": "linear_equation-01|explore|question_first|withhold|neutral|MiniMax-M3", "ok": true, "error": ""}
{"request_id": "linear_equation-01|explore|question_first|withhold|warm|MiniMax-M3", "ok": true, "error": ""}
{"request_id": "linear_equation-01|explore|question_first|reveal|warm|MiniMax-M3", "ok": true, "error": ""}
{"request_id": "linear_equation-02|direct|explain_only|reveal|neutral|MiniMax-M3", "ok": true, "error": ""}
{"request_id": "linear_equation-01|explore|explain_only|withhold|warm|MiniMax-M3", "ok": true, "error": ""}
{"request_id": "linear_equation-02|direct|explain_only|reveal|warm|MiniMax-M3", "ok": true, "error": ""}
{"request_id": "linear_equation-02|direct|explain_only|withhold|warm|MiniMax-M3", "ok": true, "error": ""}
{"request_id": "linear_equation-02|direct|question_first|reveal|neutral|MiniMax-M3", "ok": true, "error": ""}
{"request_id": "linear_equation-02|direct|explain_only|withhold|neutral|MiniMax-M3", "ok": true, "error": ""}
{"request_id": "linear_equation-02|direct|question_first|withhold|neutral|MiniMax-M3", "ok": true, "error": ""}
{"request_id": "linear_equation-02|direct|question_first|reveal|warm|MiniMax-M3", "ok": true, "error": ""}
{"request_id": "linear_equation-02|explore|explain_only|reveal|neutral|MiniMax-M3", "ok": true, "error": ""}
{"request_id": "linear_equation-02|explore|explain_only|withhold|neutral|MiniMax-M3", "ok": true, "error": ""}
{"request_id": "linear_equation-02|direct|question_first|withhold|warm|MiniMax-M3", "ok": true, "error": ""}
{"request_id": "linear_equation-02|explore|explain_only|reveal|warm|MiniMax-M3", "ok": true, "error": ""}
{"request_id": "linear_equation-02|explore|question_first|withhold|neutral|MiniMax-M3", "ok": true, "error": ""}
{"request_id": "linear_equation-02|explore|question_first|reveal|warm|MiniMax-M3", "ok": true, "error": ""}
{"request_id": "linear_equation-02|explore|question_first|reveal|neutral|MiniMax-M3", "ok": true, "error": ""}
{"request_id": "linear_equation-03|direct|explain_only|reveal|neutral|MiniMax-M3", "ok": true, "error": ""}
{"request_id": "linear_equation-02|explore|explain_only|withhold|warm|MiniMax-M3", "ok": true, "error": ""}
{"request_id": "linear_equation-02|explore|question_first|withhold|warm|MiniMax-M3", "ok": true, "error": ""}
{"request_id": "linear_equation-03|direct|explain_only|reveal|warm|MiniMax-M3", "ok": true, "error": ""}
{"request_id": "linear_equation-03|direct|question_first|reveal|neutral|MiniMax-M3", "ok": true, "error": ""}
{"request_id": "linear_equation-03|direct|question_first|reveal|warm|MiniMax-M3", "ok": true, "error": ""}
{"request_id": "linear_equation-03|direct|explain_only|withhold|neutral|MiniMax-M3", "ok": true, "error": ""}
{"request_id": "linear_equation-03|direct|question_first|withhold|neutral|MiniMax-M3", "ok": true, "error": ""}
{"request_id": "linear_equation-03|direct|question_first|withhold|warm|MiniMax-M3", "ok": true, "error": ""}
{"request_id": "linear_equation-03|explore|explain_only|withhold|neutral|MiniMax-M3", "ok": true, "error": ""}
{"request_id": "linear_equation-03|explore|explain_only|reveal|warm|MiniMax-M3", "ok": true, "error": ""}
{"request_id": "linear_equation-03|explore|explain_only|reveal|neutral|MiniMax-M3", "ok": true, "error": ""}
{"request_id": "linear_equation-03|direct|explain_only|withhold|warm|MiniMax-M3", "ok": true, "error": ""}
{"request_id": "linear_equation-03|explore|explain_only|withhold|warm|MiniMax-M3", "ok": true, "error": ""}
{"request_id": "linear_equation-03|explore|question_first|reveal|warm|MiniMax-M3", "ok": true, "error": ""}
{"request_id": "linear_equation-03|explore|question_first|withhold|neutral|MiniMax-M3", "ok": true, "error": ""}
{"request_id": "linear_equation-03|explore|question_first|withhold|warm|MiniMax-M3", "ok": true, "error": ""}
{"request_id": "linear_equation-03|explore|question_first|reveal|neutral|MiniMax-M3", "ok": true, "error": ""}
{"request_id": "linear_equation-04|direct|explain_only|reveal|warm|MiniMax-M3", "ok": true, "error": ""}
{"request_id": "linear_equation-04|direct|explain_only|reveal|neutral|MiniMax-M3", "ok": true, "error": ""}
{"request_id": "linear_equation-04|direct|explain_only|withhold|neutral|MiniMax-M3", "ok": true, "error": ""}
{"request_id": "linear_equation-04|direct|question_first|reveal|neutral|MiniMax-M3", "ok": true, "error": ""}
{"request_id": "linear_equation-04|direct|question_first|reveal|warm|MiniMax-M3", "ok": true, "error": ""}
{"request_id": "linear_equation-04|direct|question_first|withhold|neutral|MiniMax-M3", "ok": true, "error": ""}
{"request_id": "linear_equation-04|direct|explain_only|withhold|warm|MiniMax-M3", "ok": true, "error": ""}
{"request_id": "linear_equation-04|direct|question_first|withhold|warm|MiniMax-M3", "ok": true, "error": ""}
{"request_id": "linear_equation-04|explore|explain_only|withhold|neutral|MiniMax-M3", "ok": true, "error": ""}
{"request_id": "linear_equation-04|explore|explain_only|reveal|neutral|MiniMax-M3", "ok": true, "error": ""}
{"request_id": "linear_equation-04|explore|explain_only|withhold|warm|MiniMax-M3", "ok": true, "error": ""}
{"request_id": "linear_equation-04|explore|explain_only|reveal|warm|MiniMax-M3", "ok": true, "error": ""}
{"request_id": "linear_equation-04|explore|question_first|reveal|neutral|MiniMax-M3", "ok": true, "error": ""}
{"request_id": "linear_equation-05|direct|explain_only|reveal|neutral|MiniMax-M3", "ok": true, "error": ""}
{"request_id": "linear_equation-04|explore|question_first|withhold|neutral|MiniMax-M3", "ok": true, "error": ""}
{"request_id": "linear_equation-05|direct|explain_only|reveal|warm|MiniMax-M3", "ok": true, "error": ""}
{"request_id": "linear_equation-04|explore|question_first|reveal|warm|MiniMax-M3", "ok": true, "error": ""}
{"request_id": "linear_equation-04|explore|question_first|withhold|warm|MiniMax-M3", "ok": true, "error": ""}
{"request_id": "linear_equation-05|direct|question_first|reveal|neutral|MiniMax-M3", "ok": true, "error": ""}
{"request_id": "linear_equation-05|direct|explain_only|withhold|warm|MiniMax-M3", "ok": true, "error": ""}
{"request_id": "linear_equation-05|direct|question_first|reveal|warm|MiniMax-M3", "ok": true, "error": ""}
{"request_id": "linear_equation-05|direct|question_first|withhold|neutral|MiniMax-M3", "ok": true, "error": ""}
{"request_id": "linear_equation-05|direct|explain_only|withhold|neutral|MiniMax-M3", "ok": true, "error": ""}
{"request_id": "linear_equation-05|direct|question_first|withhold|warm|MiniMax-M3", "ok": true, "error": ""}
{"request_id": "linear_equation-05|explore|explain_only|withhold|neutral|MiniMax-M3", "ok": true, "error": ""}
{"request_id": "linear_equation-05|explore|explain_only|reveal|neutral|MiniMax-M3", "ok": true, "error": ""}
{"request_id": "linear_equation-05|explore|question_first|reveal|neutral|MiniMax-M3", "ok": true, "error": ""}
{"request_id": "linear_equation-05|explore|explain_only|reveal|warm|MiniMax-M3", "ok": true, "error": ""}
{"request_id": "linear_equation-05|explore|explain_only|withhold|warm|MiniMax-M3", "ok": true, "error": ""}
{"request_id": "linear_equation-05|explore|question_first|withhold|neutral|MiniMax-M3", "ok": true, "error": ""}
{"request_id": "linear_equation-06|direct|explain_only|reveal|neutral|MiniMax-M3", "ok": true, "error": ""}
{"request_id": "linear_equation-05|explore|question_first|withhold|warm|MiniMax-M3", "ok": true, "error": ""}
{"request_id": "linear_equation-06|direct|explain_only|reveal|warm|MiniMax-M3", "ok": true, "error": ""}
{"request_id": "linear_equation-06|direct|question_first|reveal|neutral|MiniMax-M3", "ok": true, "error": ""}
{"request_id": "linear_equation-05|explore|question_first|reveal|warm|MiniMax-M3", "ok": true, "error": ""}
{"request_id": "linear_equation-06|direct|explain_only|withhold|neutral|MiniMax-M3", "ok": true, "error": ""}
{"request_id": "linear_equation-06|direct|question_first|reveal|warm|MiniMax-M3", "ok": true, "error": ""}
{"request_id": "linear_equation-06|direct|question_first|withhold|neutral|MiniMax-M3", "ok": true, "error": ""}
{"request_id": "linear_equation-06|direct|question_first|withhold|warm|MiniMax-M3", "ok": true, "error": ""}
{"request_id": "linear_equation-06|direct|explain_only|withhold|warm|MiniMax-M3", "ok": true, "error": ""}
{"request_id": "linear_equation-06|explore|explain_only|withhold|warm|MiniMax-M3", "ok": true, "error": ""}
{"request_id": "linear_equation-06|explore|explain_only|withhold|neutral|MiniMax-M3", "ok": true, "error": ""}
{"request_id": "linear_equation-06|explore|explain_only|reveal|warm|MiniMax-M3", "ok": true, "error": ""}
{"request_id": "linear_equation-06|explore|explain_only|reveal|neutral|MiniMax-M3", "ok": true, "error": ""}
{"request_id": "linear_equation-06|explore|question_first|withhold|neutral|MiniMax-M3", "ok": true, "error": ""}
{"request_id": "linear_equation-06|explore|question_first|reveal|warm|MiniMax-M3", "ok": true, "error": ""}
{"request_id": "linear_equation-06|explore|question_first|withhold|warm|MiniMax-M3", "ok": true, "error": ""}
{"request_id": "linear_equation-06|explore|question_first|reveal|neutral|MiniMax-M3", "ok": true, "error": ""}
{"request_id": "linear_equation-07|direct|explain_only|reveal|neutral|MiniMax-M3", "ok": true, "error": ""}
{"request_id": "linear_equation-07|direct|explain_only|reveal|warm|MiniMax-M3", "ok": true, "error": ""}
{"request_id": "linear_equation-07|direct|explain_only|withhold|neutral|MiniMax-M3", "ok": true, "error": ""}
{"request_id": "linear_equation-07|direct|explain_only|withhold|warm|MiniMax-M3", "ok": true, "error": ""}
{"request_id": "linear_equation-07|direct|question_first|reveal|neutral|MiniMax-M3", "ok": true, "error": ""}
{"request_id": "linear_equation-07|direct|question_first|reveal|warm|MiniMax-M3", "ok": true, "error": ""}
{"request_id": "linear_equation-07|direct|question_first|withhold|warm|MiniMax-M3", "ok": true, "error": ""}
{"request_id": "linear_equation-07|direct|question_first|withhold|neutral|MiniMax-M3", "ok": true, "error": ""}
{"request_id": "linear_equation-07|explore|explain_only|reveal|neutral|MiniMax-M3", "ok": true, "error": ""}
{"request_id": "linear_equation-07|explore|question_first|reveal|neutral|MiniMax-M3", "ok": true, "error": ""}
{"request_id": "linear_equation-07|explore|explain_only|withhold|neutral|MiniMax-M3", "ok": true, "error": ""}
{"request_id": "linear_equation-07|explore|explain_only|reveal|warm|MiniMax-M3", "ok": true, "error": ""}
{"request_id": "linear_equation-07|explore|question_first|withhold|neutral|MiniMax-M3", "ok": true, "error": ""}
{"request_id": "linear_equation-07|explore|explain_only|withhold|warm|MiniMax-M3", "ok": true, "error": ""}
{"request_id": "percentage_discount-00|direct|explain_only|reveal|neutral|MiniMax-M3", "ok": true, "error": ""}
{"request_id": "linear_equation-07|explore|question_first|withhold|warm|MiniMax-M3", "ok": true, "error": ""}
{"request_id": "percentage_discount-00|direct|explain_only|reveal|warm|MiniMax-M3", "ok": true, "error": ""}
{"request_id": "percentage_discount-00|direct|explain_only|withhold|neutral|MiniMax-M3", "ok": true, "error": ""}
{"request_id": "percentage_discount-00|direct|question_first|reveal|neutral|MiniMax-M3", "ok": true, "error": ""}
{"request_id": "percentage_discount-00|direct|explain_only|withhold|warm|MiniMax-M3", "ok": true, "error": ""}
{"request_id": "percentage_discount-00|direct|question_first|reveal|warm|MiniMax-M3", "ok": true, "error": ""}
{"request_id": "linear_equation-07|explore|question_first|reveal|warm|MiniMax-M3", "ok": true, "error": ""}
{"request_id": "percentage_discount-00|direct|question_first|withhold|neutral|MiniMax-M3", "ok": true, "error": ""}
{"request_id": "percentage_discount-00|explore|explain_only|reveal|neutral|MiniMax-M3", "ok": true, "error": ""}
{"request_id": "percentage_discount-00|explore|explain_only|reveal|warm|MiniMax-M3", "ok": true, "error": ""}
{"request_id": "percentage_discount-00|direct|question_first|withhold|warm|MiniMax-M3", "ok": true, "error": ""}
{"request_id": "percentage_discount-00|explore|explain_only|withhold|neutral|MiniMax-M3", "ok": true, "error": ""}
{"request_id": "percentage_discount-00|explore|question_first|withhold|neutral|MiniMax-M3", "ok": true, "error": ""}
{"request_id": "percentage_discount-00|explore|explain_only|withhold|warm|MiniMax-M3", "ok": true, "error": ""}
{"request_id": "percentage_discount-00|explore|question_first|reveal|neutral|MiniMax-M3", "ok": true, "error": ""}
{"request_id": "percentage_discount-01|direct|explain_only|reveal|neutral|MiniMax-M3", "ok": true, "error": ""}
{"request_id": "percentage_discount-00|explore|question_first|reveal|warm|MiniMax-M3", "ok": true, "error": ""}
{"request_id": "percentage_discount-01|direct|explain_only|reveal|warm|MiniMax-M3", "ok": true, "error": ""}
{"request_id": "percentage_discount-01|direct|explain_only|withhold|neutral|MiniMax-M3", "ok": true, "error": ""}
{"request_id": "percentage_discount-00|explore|question_first|withhold|warm|MiniMax-M3", "ok": true, "error": ""}
{"request_id": "percentage_discount-01|direct|explain_only|withhold|warm|MiniMax-M3", "ok": true, "error": ""}
{"request_id": "percentage_discount-01|direct|question_first|withhold|neutral|MiniMax-M3", "ok": true, "error": ""}
{"request_id": "percentage_discount-01|direct|question_first|reveal|warm|MiniMax-M3", "ok": true, "error": ""}
{"request_id": "percentage_discount-01|direct|question_first|reveal|neutral|MiniMax-M3", "ok": true, "error": ""}
{"request_id": "percentage_discount-01|explore|explain_only|reveal|neutral|MiniMax-M3", "ok": true, "error": ""}
{"request_id": "percentage_discount-01|direct|question_first|withhold|warm|MiniMax-M3", "ok": true, "error": ""}
{"request_id": "percentage_discount-01|explore|explain_only|withhold|warm|MiniMax-M3", "ok": true, "error": ""}
{"request_id": "percentage_discount-01|explore|explain_only|withhold|neutral|MiniMax-M3", "ok": true, "error": ""}
{"request_id": "percentage_discount-01|explore|question_first|reveal|neutral|MiniMax-M3", "ok": true, "error": ""}
{"request_id": "percentage_discount-01|explore|question_first|reveal|warm|MiniMax-M3", "ok": true, "error": ""}
{"request_id": "percentage_discount-01|explore|question_first|withhold|neutral|MiniMax-M3", "ok": true, "error": ""}
{"request_id": "percentage_discount-01|explore|explain_only|reveal|warm|MiniMax-M3", "ok": true, "error": ""}
{"request_id": "percentage_discount-01|explore|question_first|withhold|warm|MiniMax-M3", "ok": true, "error": ""}
{"request_id": "percentage_discount-02|direct|explain_only|reveal|neutral|MiniMax-M3", "ok": true, "error": ""}
{"request_id": "percentage_discount-02|direct|explain_only|reveal|warm|MiniMax-M3", "ok": true, "error": ""}
{"request_id": "percentage_discount-02|direct|explain_only|withhold|neutral|MiniMax-M3", "ok": true, "error": ""}
{"request_id": "percentage_discount-02|direct|question_first|reveal|neutral|MiniMax-M3", "ok": true, "error": ""}
{"request_id": "percentage_discount-02|direct|question_first|withhold|neutral|MiniMax-M3", "ok": true, "error": ""}
{"request_id": "percentage_discount-02|direct|question_first|reveal|warm|MiniMax-M3", "ok": true, "error": ""}
{"request_id": "percentage_discount-02|direct|question_first|withhold|warm|MiniMax-M3", "ok": true, "error": ""}
{"request_id": "percentage_discount-02|explore|explain_only|reveal|warm|MiniMax-M3", "ok": true, "error": ""}
{"request_id": "percentage_discount-02|explore|explain_only|reveal|neutral|MiniMax-M3", "ok": true, "error": ""}
{"request_id": "percentage_discount-02|explore|explain_only|withhold|neutral|MiniMax-M3", "ok": true, "error": ""}
{"request_id": "percentage_discount-02|explore|question_first|reveal|warm|MiniMax-M3", "ok": true, "error": ""}
{"request_id": "percentage_discount-02|direct|explain_only|withhold|warm|MiniMax-M3", "ok": true, "error": ""}
{"request_id": "percentage_discount-02|explore|question_first|withhold|neutral|MiniMax-M3", "ok": true, "error": ""}
{"request_id": "percentage_discount-02|explore|question_first|reveal|neutral|MiniMax-M3", "ok": true, "error": ""}
{"request_id": "percentage_discount-03|direct|explain_only|reveal|neutral|MiniMax-M3", "ok": true, "error": ""}
{"request_id": "percentage_discount-03|direct|explain_only|reveal|warm|MiniMax-M3", "ok": true, "error": ""}
{"request_id": "percentage_discount-03|direct|explain_only|withhold|neutral|MiniMax-M3", "ok": true, "error": ""}
{"request_id": "percentage_discount-02|explore|question_first|withhold|warm|MiniMax-M3", "ok": true, "error": ""}
{"request_id": "percentage_discount-03|direct|question_first|reveal|neutral|MiniMax-M3", "ok": true, "error": ""}
{"request_id": "percentage_discount-03|direct|explain_only|withhold|warm|MiniMax-M3", "ok": true, "error": ""}
{"request_id": "percentage_discount-03|direct|question_first|withhold|neutral|MiniMax-M3", "ok": true, "error": ""}
{"request_id": "percentage_discount-03|direct|question_first|reveal|warm|MiniMax-M3", "ok": true, "error": ""}
{"request_id": "percentage_discount-03|explore|explain_only|reveal|warm|MiniMax-M3", "ok": true, "error": ""}
{"request_id": "percentage_discount-03|direct|question_first|withhold|warm|MiniMax-M3", "ok": true, "error": ""}
{"request_id": "percentage_discount-03|explore|explain_only|withhold|neutral|MiniMax-M3", "ok": true, "error": ""}
{"request_id": "percentage_discount-03|explore|explain_only|reveal|neutral|MiniMax-M3", "ok": true, "error": ""}
{"request_id": "percentage_discount-02|explore|explain_only|withhold|warm|MiniMax-M3", "ok": true, "error": ""}
{"request_id": "percentage_discount-03|explore|explain_only|withhold|warm|MiniMax-M3", "ok": true, "error": ""}
{"request_id": "percentage_discount-03|explore|question_first|reveal|neutral|MiniMax-M3", "ok": true, "error": ""}
{"request_id": "percentage_discount-03|explore|question_first|withhold|warm|MiniMax-M3", "ok": true, "error": ""}
{"request_id": "percentage_discount-04|direct|explain_only|reveal|neutral|MiniMax-M3", "ok": true, "error": ""}
{"request_id": "percentage_discount-03|explore|question_first|withhold|neutral|MiniMax-M3", "ok": true, "error": ""}
{"request_id": "percentage_discount-04|direct|explain_only|reveal|warm|MiniMax-M3", "ok": true, "error": ""}
{"request_id": "percentage_discount-04|direct|explain_only|withhold|neutral|MiniMax-M3", "ok": true, "error": ""}
{"request_id": "percentage_discount-04|direct|explain_only|withhold|warm|MiniMax-M3", "ok": true, "error": ""}
{"request_id": "percentage_discount-04|direct|question_first|reveal|neutral|MiniMax-M3", "ok": true, "error": ""}
{"request_id": "percentage_discount-04|direct|question_first|reveal|warm|MiniMax-M3", "ok": true, "error": ""}
{"request_id": "percentage_discount-04|direct|question_first|withhold|neutral|MiniMax-M3", "ok": true, "error": ""}
{"request_id": "percentage_discount-03|explore|question_first|reveal|warm|MiniMax-M3", "ok": true, "error": ""}
{"request_id": "percentage_discount-04|direct|question_first|withhold|warm|MiniMax-M3", "ok": true, "error": ""}
{"request_id": "percentage_discount-04|explore|explain_only|reveal|neutral|MiniMax-M3", "ok": true, "error": ""}
{"request_id": "percentage_discount-04|explore|explain_only|withhold|neutral|MiniMax-M3", "ok": true, "error": ""}
{"request_id": "percentage_discount-04|explore|question_first|reveal|neutral|MiniMax-M3", "ok": true, "error": ""}
{"request_id": "percentage_discount-04|explore|explain_only|reveal|warm|MiniMax-M3", "ok": true, "error": ""}
{"request_id": "percentage_discount-04|explore|explain_only|withhold|warm|MiniMax-M3", "ok": true, "error": ""}
{"request_id": "percentage_discount-05|direct|explain_only|reveal|neutral|MiniMax-M3", "ok": true, "error": ""}
{"request_id": "percentage_discount-04|explore|question_first|reveal|warm|MiniMax-M3", "ok": true, "error": ""}
{"request_id": "percentage_discount-04|explore|question_first|withhold|warm|MiniMax-M3", "ok": true, "error": ""}
{"request_id": "percentage_discount-05|direct|explain_only|reveal|warm|MiniMax-M3", "ok": true, "error": ""}
{"request_id": "percentage_discount-05|direct|question_first|reveal|neutral|MiniMax-M3", "ok": true, "error": ""}
{"request_id": "percentage_discount-05|direct|explain_only|withhold|warm|MiniMax-M3", "ok": true, "error": ""}
{"request_id": "percentage_discount-05|direct|explain_only|withhold|neutral|MiniMax-M3", "ok": true, "error": ""}
{"request_id": "percentage_discount-05|direct|question_first|withhold|neutral|MiniMax-M3", "ok": true, "error": ""}
{"request_id": "percentage_discount-05|direct|question_first|reveal|warm|MiniMax-M3", "ok": true, "error": ""}
{"request_id": "percentage_discount-05|explore|explain_only|reveal|neutral|MiniMax-M3", "ok": true, "error": ""}
{"request_id": "percentage_discount-04|explore|question_first|withhold|neutral|MiniMax-M3", "ok": true, "error": ""}
{"request_id": "percentage_discount-05|direct|question_first|withhold|warm|MiniMax-M3", "ok": true, "error": ""}
{"request_id": "percentage_discount-05|explore|explain_only|reveal|warm|MiniMax-M3", "ok": true, "error": ""}
{"request_id": "percentage_discount-05|explore|explain_only|withhold|warm|MiniMax-M3", "ok": true, "error": ""}
{"request_id": "percentage_discount-05|explore|explain_only|withhold|neutral|MiniMax-M3", "ok": true, "error": ""}
{"request_id": "percentage_discount-05|explore|question_first|reveal|warm|MiniMax-M3", "ok": true, "error": ""}
{"request_id": "percentage_discount-06|direct|explain_only|reveal|neutral|MiniMax-M3", "ok": true, "error": ""}
{"request_id": "percentage_discount-05|explore|question_first|withhold|warm|MiniMax-M3", "ok": true, "error": ""}
{"request_id": "percentage_discount-05|explore|question_first|withhold|neutral|MiniMax-M3", "ok": true, "error": ""}
{"request_id": "percentage_discount-05|explore|question_first|reveal|neutral|MiniMax-M3", "ok": true, "error": ""}
{"request_id": "percentage_discount-06|direct|explain_only|reveal|warm|MiniMax-M3", "ok": true, "error": ""}
{"request_id": "percentage_discount-06|direct|question_first|reveal|neutral|MiniMax-M3", "ok": true, "error": ""}
{"request_id": "percentage_discount-06|direct|explain_only|withhold|neutral|MiniMax-M3", "ok": true, "error": ""}
{"request_id": "percentage_discount-06|direct|question_first|reveal|warm|MiniMax-M3", "ok": true, "error": ""}
{"request_id": "percentage_discount-06|direct|question_first|withhold|neutral|MiniMax-M3", "ok": true, "error": ""}
{"request_id": "percentage_discount-06|direct|explain_only|withhold|warm|MiniMax-M3", "ok": true, "error": ""}
{"request_id": "percentage_discount-06|direct|question_first|withhold|warm|MiniMax-M3", "ok": true, "error": ""}
{"request_id": "percentage_discount-06|explore|explain_only|reveal|warm|MiniMax-M3", "ok": true, "error": ""}
{"request_id": "percentage_discount-06|explore|explain_only|withhold|neutral|MiniMax-M3", "ok": true, "error": ""}
{"request_id": "percentage_discount-06|explore|explain_only|withhold|warm|MiniMax-M3", "ok": true, "error": ""}
{"request_id": "percentage_discount-06|explore|explain_only|reveal|neutral|MiniMax-M3", "ok": true, "error": ""}
{"request_id": "percentage_discount-06|explore|question_first|withhold|neutral|MiniMax-M3", "ok": true, "error": ""}
{"request_id": "percentage_discount-06|explore|question_first|withhold|warm|MiniMax-M3", "ok": true, "error": ""}
{"request_id": "percentage_discount-07|direct|explain_only|reveal|neutral|MiniMax-M3", "ok": true, "error": ""}
{"request_id": "percentage_discount-07|direct|explain_only|reveal|warm|MiniMax-M3", "ok": true, "error": ""}
{"request_id": "percentage_discount-07|direct|explain_only|withhold|neutral|MiniMax-M3", "ok": true, "error": ""}
{"request_id": "percentage_discount-06|explore|question_first|reveal|warm|MiniMax-M3", "ok": true, "error": ""}
{"request_id": "percentage_discount-07|direct|question_first|reveal|neutral|MiniMax-M3", "ok": true, "error": ""}
{"request_id": "percentage_discount-07|direct|explain_only|withhold|warm|MiniMax-M3", "ok": true, "error": ""}
{"request_id": "percentage_discount-07|direct|question_first|reveal|warm|MiniMax-M3", "ok": true, "error": ""}
{"request_id": "percentage_discount-07|direct|question_first|withhold|warm|MiniMax-M3", "ok": true, "error": ""}
{"request_id": "percentage_discount-07|direct|question_first|withhold|neutral|MiniMax-M3", "ok": true, "error": ""}
{"request_id": "percentage_discount-07|explore|explain_only|reveal|neutral|MiniMax-M3", "ok": true, "error": ""}
{"request_id": "percentage_discount-07|explore|explain_only|reveal|warm|MiniMax-M3", "ok": true, "error": ""}
{"request_id": "percentage_discount-07|explore|explain_only|withhold|neutral|MiniMax-M3", "ok": true, "error": ""}
{"request_id": "percentage_discount-07|explore|question_first|reveal|neutral|MiniMax-M3", "ok": true, "error": ""}
{"request_id": "percentage_discount-07|explore|question_first|withhold|neutral|MiniMax-M3", "ok": true, "error": ""}
{"request_id": "percentage_discount-07|explore|question_first|reveal|warm|MiniMax-M3", "ok": true, "error": ""}
{"request_id": "percentage_discount-07|explore|explain_only|withhold|warm|MiniMax-M3", "ok": true, "error": ""}
{"request_id": "percentage_discount-07|explore|question_first|withhold|warm|MiniMax-M3", "ok": true, "error": ""}
{"request_id": "percentage_discount-06|explore|question_first|reveal|neutral|MiniMax-M3", "ok": true, "error": ""}
{"request_id": "arithmetic_mean-00|direct|explain_only|withhold|neutral|MiniMax-M2.7", "ok": true, "error": ""}
{"request_id": "arithmetic_mean-00|direct|explain_only|reveal|warm|MiniMax-M2.7", "ok": true, "error": ""}
{"request_id": "arithmetic_mean-00|direct|question_first|reveal|warm|MiniMax-M2.7", "ok": true, "error": ""}
{"request_id": "arithmetic_mean-00|direct|question_first|reveal|neutral|MiniMax-M2.7", "ok": true, "error": ""}
{"request_id": "arithmetic_mean-00|direct|explain_only|withhold|warm|MiniMax-M2.7", "ok": true, "error": ""}
{"request_id": "arithmetic_mean-00|direct|question_first|withhold|warm|MiniMax-M2.7", "ok": true, "error": ""}
{"request_id": "arithmetic_mean-00|explore|explain_only|withhold|neutral|MiniMax-M2.7", "ok": true, "error": ""}
{"request_id": "arithmetic_mean-00|explore|explain_only|withhold|warm|MiniMax-M2.7", "ok": true, "error": ""}
{"request_id": "arithmetic_mean-00|explore|explain_only|reveal|warm|MiniMax-M2.7", "ok": true, "error": ""}
{"request_id": "arithmetic_mean-00|explore|question_first|reveal|neutral|MiniMax-M2.7", "ok": true, "error": ""}
{"request_id": "arithmetic_mean-00|direct|question_first|withhold|neutral|MiniMax-M2.7", "ok": true, "error": ""}
{"request_id": "arithmetic_mean-00|explore|explain_only|reveal|neutral|MiniMax-M2.7", "ok": true, "error": ""}
{"request_id": "arithmetic_mean-00|explore|question_first|withhold|neutral|MiniMax-M2.7", "ok": true, "error": ""}
{"request_id": "arithmetic_mean-00|explore|question_first|withhold|warm|MiniMax-M2.7", "ok": true, "error": ""}
{"request_id": "arithmetic_mean-01|direct|explain_only|reveal|neutral|MiniMax-M2.7", "ok": true, "error": ""}
{"request_id": "arithmetic_mean-01|direct|explain_only|reveal|warm|MiniMax-M2.7", "ok": true, "error": ""}
{"request_id": "arithmetic_mean-01|direct|question_first|reveal|neutral|MiniMax-M2.7", "ok": true, "error": ""}
{"request_id": "arithmetic_mean-00|explore|question_first|reveal|warm|MiniMax-M2.7", "ok": true, "error": ""}
{"request_id": "arithmetic_mean-01|direct|explain_only|withhold|warm|MiniMax-M2.7", "ok": true, "error": ""}
{"request_id": "arithmetic_mean-01|direct|explain_only|withhold|neutral|MiniMax-M2.7", "ok": true, "error": ""}
{"request_id": "arithmetic_mean-01|explore|explain_only|reveal|neutral|MiniMax-M2.7", "ok": true, "error": ""}
{"request_id": "arithmetic_mean-01|direct|question_first|withhold|neutral|MiniMax-M2.7", "ok": true, "error": ""}
{"request_id": "arithmetic_mean-01|direct|question_first|reveal|warm|MiniMax-M2.7", "ok": true, "error": ""}
{"request_id": "arithmetic_mean-01|direct|question_first|withhold|warm|MiniMax-M2.7", "ok": true, "error": ""}
{"request_id": "arithmetic_mean-01|explore|explain_only|withhold|neutral|MiniMax-M2.7", "ok": true, "error": ""}
{"request_id": "arithmetic_mean-01|explore|explain_only|withhold|warm|MiniMax-M2.7", "ok": true, "error": ""}
{"request_id": "arithmetic_mean-01|explore|question_first|withhold|neutral|MiniMax-M2.7", "ok": true, "error": ""}
{"request_id": "arithmetic_mean-01|explore|question_first|withhold|warm|MiniMax-M2.7", "ok": true, "error": ""}
{"request_id": "arithmetic_mean-01|explore|explain_only|reveal|warm|MiniMax-M2.7", "ok": true, "error": ""}
{"request_id": "arithmetic_mean-01|explore|question_first|reveal|warm|MiniMax-M2.7", "ok": true, "error": ""}
{"request_id": "arithmetic_mean-01|explore|question_first|reveal|neutral|MiniMax-M2.7", "ok": true, "error": ""}
{"request_id": "arithmetic_mean-02|direct|explain_only|reveal|neutral|MiniMax-M2.7", "ok": true, "error": ""}
{"request_id": "arithmetic_mean-02|direct|explain_only|withhold|warm|MiniMax-M2.7", "ok": true, "error": ""}
{"request_id": "arithmetic_mean-02|direct|explain_only|reveal|warm|MiniMax-M2.7", "ok": true, "error": ""}
{"request_id": "arithmetic_mean-02|direct|explain_only|withhold|neutral|MiniMax-M2.7", "ok": true, "error": ""}
{"request_id": "arithmetic_mean-02|direct|question_first|reveal|neutral|MiniMax-M2.7", "ok": true, "error": ""}
{"request_id": "arithmetic_mean-02|direct|question_first|reveal|warm|MiniMax-M2.7", "ok": true, "error": ""}
{"request_id": "arithmetic_mean-02|direct|question_first|withhold|neutral|MiniMax-M2.7", "ok": true, "error": ""}
{"request_id": "arithmetic_mean-02|explore|explain_only|reveal|warm|MiniMax-M2.7", "ok": true, "error": ""}
{"request_id": "arithmetic_mean-02|explore|explain_only|withhold|neutral|MiniMax-M2.7", "ok": true, "error": ""}
{"request_id": "arithmetic_mean-02|explore|explain_only|reveal|neutral|MiniMax-M2.7", "ok": true, "error": ""}
{"request_id": "arithmetic_mean-02|explore|explain_only|withhold|warm|MiniMax-M2.7", "ok": true, "error": ""}
{"request_id": "arithmetic_mean-02|explore|question_first|withhold|neutral|MiniMax-M2.7", "ok": true, "error": ""}
{"request_id": "arithmetic_mean-02|explore|question_first|withhold|warm|MiniMax-M2.7", "ok": true, "error": ""}
{"request_id": "arithmetic_mean-02|explore|question_first|reveal|neutral|MiniMax-M2.7", "ok": true, "error": ""}
{"request_id": "arithmetic_mean-03|direct|explain_only|reveal|neutral|MiniMax-M2.7", "ok": true, "error": ""}
{"request_id": "arithmetic_mean-02|explore|question_first|reveal|warm|MiniMax-M2.7", "ok": true, "error": ""}
{"request_id": "arithmetic_mean-03|direct|explain_only|reveal|warm|MiniMax-M2.7", "ok": true, "error": ""}
{"request_id": "arithmetic_mean-03|direct|explain_only|withhold|warm|MiniMax-M2.7", "ok": true, "error": ""}
{"request_id": "arithmetic_mean-03|direct|question_first|reveal|neutral|MiniMax-M2.7", "ok": true, "error": ""}
{"request_id": "arithmetic_mean-03|direct|question_first|reveal|warm|MiniMax-M2.7", "ok": true, "error": ""}
{"request_id": "arithmetic_mean-03|direct|explain_only|withhold|neutral|MiniMax-M2.7", "ok": true, "error": ""}
{"request_id": "arithmetic_mean-02|direct|question_first|withhold|warm|MiniMax-M2.7", "ok": true, "error": ""}
{"request_id": "arithmetic_mean-03|explore|explain_only|reveal|neutral|MiniMax-M2.7", "ok": true, "error": ""}
{"request_id": "arithmetic_mean-03|direct|question_first|withhold|warm|MiniMax-M2.7", "ok": true, "error": ""}
{"request_id": "arithmetic_mean-03|explore|explain_only|withhold|neutral|MiniMax-M2.7", "ok": true, "error": ""}
{"request_id": "arithmetic_mean-03|explore|explain_only|withhold|warm|MiniMax-M2.7", "ok": true, "error": ""}
{"request_id": "arithmetic_mean-03|explore|question_first|reveal|neutral|MiniMax-M2.7", "ok": true, "error": ""}
{"request_id": "arithmetic_mean-03|explore|question_first|withhold|neutral|MiniMax-M2.7", "ok": true, "error": ""}
{"request_id": "arithmetic_mean-03|explore|explain_only|reveal|warm|MiniMax-M2.7", "ok": true, "error": ""}
{"request_id": "arithmetic_mean-03|explore|question_first|reveal|warm|MiniMax-M2.7", "ok": true, "error": ""}
{"request_id": "arithmetic_mean-03|direct|question_first|withhold|neutral|MiniMax-M2.7", "ok": true, "error": ""}
{"request_id": "arithmetic_mean-03|explore|question_first|withhold|warm|MiniMax-M2.7", "ok": true, "error": ""}
{"request_id": "arithmetic_mean-04|direct|explain_only|withhold|neutral|MiniMax-M2.7", "ok": true, "error": ""}
{"request_id": "arithmetic_mean-04|direct|explain_only|reveal|neutral|MiniMax-M2.7", "ok": true, "error": ""}
{"request_id": "arithmetic_mean-04|direct|explain_only|reveal|warm|MiniMax-M2.7", "ok": true, "error": ""}
{"request_id": "arithmetic_mean-04|direct|question_first|reveal|neutral|MiniMax-M2.7", "ok": true, "error": ""}
{"request_id": "arithmetic_mean-04|direct|question_first|reveal|warm|MiniMax-M2.7", "ok": true, "error": ""}
{"request_id": "arithmetic_mean-04|direct|question_first|withhold|warm|MiniMax-M2.7", "ok": true, "error": ""}
{"request_id": "arithmetic_mean-04|direct|question_first|withhold|neutral|MiniMax-M2.7", "ok": true, "error": ""}
{"request_id": "arithmetic_mean-04|direct|explain_only|withhold|warm|MiniMax-M2.7", "ok": true, "error": ""}
{"request_id": "arithmetic_mean-04|explore|explain_only|withhold|neutral|MiniMax-M2.7", "ok": true, "error": ""}
{"request_id": "arithmetic_mean-04|explore|explain_only|reveal|neutral|MiniMax-M2.7", "ok": true, "error": ""}
{"request_id": "arithmetic_mean-04|explore|explain_only|withhold|warm|MiniMax-M2.7", "ok": true, "error": ""}
{"request_id": "arithmetic_mean-04|explore|question_first|withhold|neutral|MiniMax-M2.7", "ok": true, "error": ""}
{"request_id": "arithmetic_mean-04|explore|explain_only|reveal|warm|MiniMax-M2.7", "ok": true, "error": ""}
{"request_id": "arithmetic_mean-05|direct|explain_only|reveal|neutral|MiniMax-M2.7", "ok": true, "error": ""}
{"request_id": "arithmetic_mean-04|explore|question_first|withhold|warm|MiniMax-M2.7", "ok": true, "error": ""}
{"request_id": "arithmetic_mean-05|direct|explain_only|withhold|neutral|MiniMax-M2.7", "ok": true, "error": ""}
{"request_id": "arithmetic_mean-05|direct|explain_only|reveal|warm|MiniMax-M2.7", "ok": true, "error": ""}
{"request_id": "arithmetic_mean-04|explore|question_first|reveal|neutral|MiniMax-M2.7", "ok": true, "error": ""}
{"request_id": "arithmetic_mean-05|direct|explain_only|withhold|warm|MiniMax-M2.7", "ok": true, "error": ""}
{"request_id": "arithmetic_mean-05|direct|question_first|withhold|neutral|MiniMax-M2.7", "ok": true, "error": ""}
{"request_id": "arithmetic_mean-05|direct|question_first|reveal|neutral|MiniMax-M2.7", "ok": true, "error": ""}
{"request_id": "arithmetic_mean-05|direct|question_first|reveal|warm|MiniMax-M2.7", "ok": true, "error": ""}
{"request_id": "arithmetic_mean-05|explore|explain_only|reveal|neutral|MiniMax-M2.7", "ok": true, "error": ""}
{"request_id": "arithmetic_mean-05|explore|explain_only|withhold|neutral|MiniMax-M2.7", "ok": true, "error": ""}
{"request_id": "arithmetic_mean-04|explore|question_first|reveal|warm|MiniMax-M2.7", "ok": true, "error": ""}
{"request_id": "arithmetic_mean-05|explore|explain_only|withhold|warm|MiniMax-M2.7", "ok": true, "error": ""}
{"request_id": "arithmetic_mean-05|direct|question_first|withhold|warm|MiniMax-M2.7", "ok": true, "error": ""}
{"request_id": "arithmetic_mean-05|explore|question_first|withhold|neutral|MiniMax-M2.7", "ok": true, "error": ""}
{"request_id": "arithmetic_mean-05|explore|explain_only|reveal|warm|MiniMax-M2.7", "ok": true, "error": ""}
{"request_id": "arithmetic_mean-06|direct|explain_only|reveal|neutral|MiniMax-M2.7", "ok": true, "error": ""}
{"request_id": "arithmetic_mean-05|explore|question_first|withhold|warm|MiniMax-M2.7", "ok": true, "error": ""}
{"request_id": "arithmetic_mean-05|explore|question_first|reveal|neutral|MiniMax-M2.7", "ok": true, "error": ""}
{"request_id": "arithmetic_mean-06|direct|explain_only|reveal|warm|MiniMax-M2.7", "ok": true, "error": ""}
{"request_id": "arithmetic_mean-05|explore|question_first|reveal|warm|MiniMax-M2.7", "ok": true, "error": ""}
{"request_id": "arithmetic_mean-06|direct|question_first|reveal|neutral|MiniMax-M2.7", "ok": true, "error": ""}
{"request_id": "arithmetic_mean-06|direct|question_first|reveal|warm|MiniMax-M2.7", "ok": true, "error": ""}
{"request_id": "arithmetic_mean-06|direct|explain_only|withhold|warm|MiniMax-M2.7", "ok": true, "error": ""}
{"request_id": "arithmetic_mean-06|direct|explain_only|withhold|neutral|MiniMax-M2.7", "ok": true, "error": ""}
{"request_id": "arithmetic_mean-06|direct|question_first|withhold|neutral|MiniMax-M2.7", "ok": true, "error": ""}
{"request_id": "arithmetic_mean-06|explore|explain_only|reveal|neutral|MiniMax-M2.7", "ok": true, "error": ""}
{"request_id": "arithmetic_mean-06|explore|explain_only|withhold|neutral|MiniMax-M2.7", "ok": true, "error": ""}
{"request_id": "arithmetic_mean-06|explore|explain_only|withhold|warm|MiniMax-M2.7", "ok": true, "error": ""}
{"request_id": "arithmetic_mean-06|explore|explain_only|reveal|warm|MiniMax-M2.7", "ok": true, "error": ""}
{"request_id": "arithmetic_mean-06|direct|question_first|withhold|warm|MiniMax-M2.7", "ok": true, "error": ""}
{"request_id": "arithmetic_mean-06|explore|question_first|withhold|neutral|MiniMax-M2.7", "ok": true, "error": ""}
{"request_id": "arithmetic_mean-06|explore|question_first|withhold|warm|MiniMax-M2.7", "ok": true, "error": ""}
{"request_id": "arithmetic_mean-07|direct|explain_only|reveal|warm|MiniMax-M2.7", "ok": true, "error": ""}
{"request_id": "arithmetic_mean-07|direct|explain_only|reveal|neutral|MiniMax-M2.7", "ok": true, "error": ""}
{"request_id": "arithmetic_mean-06|explore|question_first|reveal|neutral|MiniMax-M2.7", "ok": true, "error": ""}
{"request_id": "arithmetic_mean-06|explore|question_first|reveal|warm|MiniMax-M2.7", "ok": true, "error": ""}
{"request_id": "arithmetic_mean-07|direct|explain_only|withhold|neutral|MiniMax-M2.7", "ok": true, "error": ""}
{"request_id": "arithmetic_mean-07|direct|explain_only|withhold|warm|MiniMax-M2.7", "ok": true, "error": ""}
{"request_id": "arithmetic_mean-07|direct|question_first|withhold|neutral|MiniMax-M2.7", "ok": true, "error": ""}
{"request_id": "arithmetic_mean-07|direct|question_first|reveal|warm|MiniMax-M2.7", "ok": true, "error": ""}
{"request_id": "arithmetic_mean-07|direct|question_first|reveal|neutral|MiniMax-M2.7", "ok": true, "error": ""}
{"request_id": "arithmetic_mean-07|explore|explain_only|withhold|neutral|MiniMax-M2.7", "ok": true, "error": ""}
{"request_id": "arithmetic_mean-07|explore|explain_only|reveal|warm|MiniMax-M2.7", "ok": true, "error": ""}
{"request_id": "arithmetic_mean-07|explore|explain_only|withhold|warm|MiniMax-M2.7", "ok": true, "error": ""}
{"request_id": "arithmetic_mean-07|direct|question_first|withhold|warm|MiniMax-M2.7", "ok": true, "error": ""}
{"request_id": "arithmetic_mean-07|explore|question_first|withhold|neutral|MiniMax-M2.7", "ok": true, "error": ""}
{"request_id": "arithmetic_mean-07|explore|explain_only|reveal|neutral|MiniMax-M2.7", "ok": true, "error": ""}
{"request_id": "arithmetic_mean-07|explore|question_first|withhold|warm|MiniMax-M2.7", "ok": true, "error": ""}
{"request_id": "fraction_addition-00|direct|explain_only|reveal|neutral|MiniMax-M2.7", "ok": true, "error": ""}
{"request_id": "arithmetic_mean-07|explore|question_first|reveal|neutral|MiniMax-M2.7", "ok": true, "error": ""}
{"request_id": "arithmetic_mean-07|explore|question_first|reveal|warm|MiniMax-M2.7", "ok": true, "error": ""}
{"request_id": "fraction_addition-00|direct|explain_only|withhold|neutral|MiniMax-M2.7", "ok": true, "error": ""}
{"request_id": "fraction_addition-00|direct|explain_only|reveal|warm|MiniMax-M2.7", "ok": true, "error": ""}
{"request_id": "fraction_addition-00|direct|explain_only|withhold|warm|MiniMax-M2.7", "ok": true, "error": ""}
{"request_id": "fraction_addition-00|direct|question_first|reveal|neutral|MiniMax-M2.7", "ok": true, "error": ""}
{"request_id": "fraction_addition-00|direct|question_first|reveal|warm|MiniMax-M2.7", "ok": true, "error": ""}
{"request_id": "fraction_addition-00|direct|question_first|withhold|neutral|MiniMax-M2.7", "ok": true, "error": ""}
{"request_id": "fraction_addition-00|explore|explain_only|withhold|neutral|MiniMax-M2.7", "ok": true, "error": ""}
{"request_id": "fraction_addition-00|explore|explain_only|withhold|warm|MiniMax-M2.7", "ok": true, "error": ""}
{"request_id": "fraction_addition-00|explore|explain_only|reveal|warm|MiniMax-M2.7", "ok": true, "error": ""}
{"request_id": "fraction_addition-00|explore|explain_only|reveal|neutral|MiniMax-M2.7", "ok": true, "error": ""}
{"request_id": "fraction_addition-00|explore|question_first|withhold|neutral|MiniMax-M2.7", "ok": true, "error": ""}
{"request_id": "fraction_addition-00|explore|question_first|withhold|warm|MiniMax-M2.7", "ok": true, "error": ""}
{"request_id": "fraction_addition-00|direct|question_first|withhold|warm|MiniMax-M2.7", "ok": true, "error": ""}
{"request_id": "fraction_addition-01|direct|explain_only|reveal|neutral|MiniMax-M2.7", "ok": true, "error": ""}
{"request_id": "fraction_addition-00|explore|question_first|reveal|neutral|MiniMax-M2.7", "ok": true, "error": ""}
{"request_id": "fraction_addition-01|direct|explain_only|reveal|warm|MiniMax-M2.7", "ok": true, "error": ""}
{"request_id": "fraction_addition-01|direct|question_first|reveal|neutral|MiniMax-M2.7", "ok": true, "error": ""}
{"request_id": "fraction_addition-01|direct|explain_only|withhold|neutral|MiniMax-M2.7", "ok": true, "error": ""}
{"request_id": "fraction_addition-01|direct|question_first|reveal|warm|MiniMax-M2.7", "ok": true, "error": ""}
{"request_id": "fraction_addition-01|direct|explain_only|withhold|warm|MiniMax-M2.7", "ok": true, "error": ""}
{"request_id": "fraction_addition-01|explore|explain_only|reveal|neutral|MiniMax-M2.7", "ok": true, "error": ""}
{"request_id": "fraction_addition-01|direct|question_first|withhold|neutral|MiniMax-M2.7", "ok": true, "error": ""}
{"request_id": "fraction_addition-01|direct|question_first|withhold|warm|MiniMax-M2.7", "ok": true, "error": ""}
{"request_id": "fraction_addition-01|explore|explain_only|withhold|neutral|MiniMax-M2.7", "ok": true, "error": ""}
{"request_id": "fraction_addition-01|explore|explain_only|withhold|warm|MiniMax-M2.7", "ok": true, "error": ""}
{"request_id": "fraction_addition-01|explore|explain_only|reveal|warm|MiniMax-M2.7", "ok": true, "error": ""}
{"request_id": "fraction_addition-01|explore|question_first|withhold|neutral|MiniMax-M2.7", "ok": true, "error": ""}
{"request_id": "fraction_addition-01|explore|question_first|withhold|warm|MiniMax-M2.7", "ok": true, "error": ""}
{"request_id": "fraction_addition-01|explore|question_first|reveal|neutral|MiniMax-M2.7", "ok": true, "error": ""}
{"request_id": "fraction_addition-02|direct|explain_only|reveal|neutral|MiniMax-M2.7", "ok": true, "error": ""}
{"request_id": "fraction_addition-02|direct|explain_only|withhold|neutral|MiniMax-M2.7", "ok": true, "error": ""}
{"request_id": "fraction_addition-02|direct|explain_only|reveal|warm|MiniMax-M2.7", "ok": true, "error": ""}
{"request_id": "fraction_addition-01|explore|question_first|reveal|warm|MiniMax-M2.7", "ok": true, "error": ""}
{"request_id": "fraction_addition-02|direct|question_first|reveal|neutral|MiniMax-M2.7", "ok": true, "error": ""}
{"request_id": "fraction_addition-02|direct|question_first|withhold|neutral|MiniMax-M2.7", "ok": true, "error": ""}
{"request_id": "fraction_addition-02|direct|question_first|reveal|warm|MiniMax-M2.7", "ok": true, "error": ""}
{"request_id": "fraction_addition-02|direct|explain_only|withhold|warm|MiniMax-M2.7", "ok": true, "error": ""}
{"request_id": "fraction_addition-02|direct|question_first|withhold|warm|MiniMax-M2.7", "ok": true, "error": ""}
{"request_id": "fraction_addition-02|explore|explain_only|reveal|neutral|MiniMax-M2.7", "ok": true, "error": ""}
{"request_id": "fraction_addition-02|explore|explain_only|withhold|neutral|MiniMax-M2.7", "ok": true, "error": ""}
{"request_id": "fraction_addition-00|explore|question_first|reveal|warm|MiniMax-M2.7", "ok": true, "error": ""}
{"request_id": "fraction_addition-02|explore|explain_only|withhold|warm|MiniMax-M2.7", "ok": true, "error": ""}
{"request_id": "fraction_addition-02|explore|explain_only|reveal|warm|MiniMax-M2.7", "ok": true, "error": ""}
{"request_id": "fraction_addition-02|explore|question_first|withhold|neutral|MiniMax-M2.7", "ok": true, "error": ""}
{"request_id": "fraction_addition-02|explore|question_first|withhold|warm|MiniMax-M2.7", "ok": true, "error": ""}
{"request_id": "fraction_addition-02|explore|question_first|reveal|neutral|MiniMax-M2.7", "ok": true, "error": ""}
{"request_id": "fraction_addition-03|direct|explain_only|reveal|neutral|MiniMax-M2.7", "ok": true, "error": ""}
{"request_id": "fraction_addition-02|explore|question_first|reveal|warm|MiniMax-M2.7", "ok": true, "error": ""}
{"request_id": "fraction_addition-03|direct|explain_only|reveal|warm|MiniMax-M2.7", "ok": true, "error": ""}
{"request_id": "fraction_addition-03|direct|explain_only|withhold|neutral|MiniMax-M2.7", "ok": true, "error": ""}
{"request_id": "fraction_addition-03|direct|question_first|reveal|warm|MiniMax-M2.7", "ok": true, "error": ""}
{"request_id": "fraction_addition-03|direct|question_first|withhold|neutral|MiniMax-M2.7", "ok": true, "error": ""}
{"request_id": "fraction_addition-03|direct|question_first|reveal|neutral|MiniMax-M2.7", "ok": true, "error": ""}
{"request_id": "fraction_addition-03|direct|question_first|withhold|warm|MiniMax-M2.7", "ok": true, "error": ""}
{"request_id": "fraction_addition-03|explore|explain_only|withhold|neutral|MiniMax-M2.7", "ok": true, "error": ""}
{"request_id": "fraction_addition-03|explore|explain_only|reveal|neutral|MiniMax-M2.7", "ok": true, "error": ""}
{"request_id": "fraction_addition-03|explore|explain_only|reveal|warm|MiniMax-M2.7", "ok": true, "error": ""}
{"request_id": "fraction_addition-03|explore|explain_only|withhold|warm|MiniMax-M2.7", "ok": true, "error": ""}
{"request_id": "fraction_addition-03|explore|question_first|reveal|neutral|MiniMax-M2.7", "ok": true, "error": ""}
{"request_id": "fraction_addition-03|explore|question_first|withhold|neutral|MiniMax-M2.7", "ok": true, "error": ""}
{"request_id": "fraction_addition-03|direct|explain_only|withhold|warm|MiniMax-M2.7", "ok": true, "error": ""}
{"request_id": "fraction_addition-03|explore|question_first|withhold|warm|MiniMax-M2.7", "ok": true, "error": ""}
{"request_id": "fraction_addition-04|direct|explain_only|reveal|neutral|MiniMax-M2.7", "ok": true, "error": ""}
{"request_id": "fraction_addition-04|direct|explain_only|reveal|warm|MiniMax-M2.7", "ok": true, "error": ""}
{"request_id": "fraction_addition-03|explore|question_first|reveal|warm|MiniMax-M2.7", "ok": true, "error": ""}
{"request_id": "fraction_addition-04|direct|question_first|reveal|neutral|MiniMax-M2.7", "ok": true, "error": ""}
{"request_id": "fraction_addition-04|direct|explain_only|withhold|neutral|MiniMax-M2.7", "ok": true, "error": ""}
{"request_id": "fraction_addition-04|direct|explain_only|withhold|warm|MiniMax-M2.7", "ok": true, "error": ""}
{"request_id": "fraction_addition-04|direct|question_first|withhold|warm|MiniMax-M2.7", "ok": true, "error": ""}
{"request_id": "fraction_addition-04|direct|question_first|reveal|warm|MiniMax-M2.7", "ok": true, "error": ""}
{"request_id": "fraction_addition-04|direct|question_first|withhold|neutral|MiniMax-M2.7", "ok": true, "error": ""}
{"request_id": "fraction_addition-04|explore|explain_only|withhold|neutral|MiniMax-M2.7", "ok": true, "error": ""}
{"request_id": "fraction_addition-04|explore|explain_only|reveal|warm|MiniMax-M2.7", "ok": true, "error": ""}
{"request_id": "fraction_addition-04|explore|question_first|reveal|neutral|MiniMax-M2.7", "ok": true, "error": ""}
{"request_id": "fraction_addition-04|explore|explain_only|reveal|neutral|MiniMax-M2.7", "ok": true, "error": ""}
{"request_id": "fraction_addition-04|explore|explain_only|withhold|warm|MiniMax-M2.7", "ok": true, "error": ""}
{"request_id": "fraction_addition-04|explore|question_first|withhold|neutral|MiniMax-M2.7", "ok": true, "error": ""}
{"request_id": "fraction_addition-04|explore|question_first|withhold|warm|MiniMax-M2.7", "ok": true, "error": ""}
{"request_id": "fraction_addition-05|direct|explain_only|reveal|neutral|MiniMax-M2.7", "ok": true, "error": ""}
{"request_id": "fraction_addition-05|direct|explain_only|withhold|neutral|MiniMax-M2.7", "ok": true, "error": ""}
{"request_id": "fraction_addition-05|direct|explain_only|reveal|warm|MiniMax-M2.7", "ok": true, "error": ""}
{"request_id": "fraction_addition-05|direct|explain_only|withhold|warm|MiniMax-M2.7", "ok": true, "error": ""}
{"request_id": "fraction_addition-05|direct|question_first|reveal|neutral|MiniMax-M2.7", "ok": true, "error": ""}
{"request_id": "fraction_addition-05|direct|question_first|withhold|neutral|MiniMax-M2.7", "ok": true, "error": ""}
{"request_id": "fraction_addition-04|explore|question_first|reveal|warm|MiniMax-M2.7", "ok": true, "error": ""}
{"request_id": "fraction_addition-05|explore|explain_only|reveal|neutral|MiniMax-M2.7", "ok": true, "error": ""}
{"request_id": "fraction_addition-05|direct|question_first|reveal|warm|MiniMax-M2.7", "ok": true, "error": ""}
{"request_id": "fraction_addition-05|explore|explain_only|withhold|neutral|MiniMax-M2.7", "ok": true, "error": ""}
{"request_id": "fraction_addition-05|direct|question_first|withhold|warm|MiniMax-M2.7", "ok": true, "error": ""}
{"request_id": "fraction_addition-05|explore|explain_only|withhold|warm|MiniMax-M2.7", "ok": true, "error": ""}
{"request_id": "fraction_addition-05|explore|question_first|reveal|neutral|MiniMax-M2.7", "ok": true, "error": ""}
{"request_id": "fraction_addition-05|explore|question_first|withhold|neutral|MiniMax-M2.7", "ok": true, "error": ""}
{"request_id": "fraction_addition-05|explore|question_first|withhold|warm|MiniMax-M2.7", "ok": true, "error": ""}
{"request_id": "fraction_addition-05|explore|explain_only|reveal|warm|MiniMax-M2.7", "ok": true, "error": ""}
{"request_id": "fraction_addition-06|direct|explain_only|reveal|neutral|MiniMax-M2.7", "ok": true, "error": ""}
{"request_id": "fraction_addition-06|direct|explain_only|reveal|warm|MiniMax-M2.7", "ok": true, "error": ""}
{"request_id": "fraction_addition-06|direct|explain_only|withhold|neutral|MiniMax-M2.7", "ok": true, "error": ""}
{"request_id": "fraction_addition-06|direct|explain_only|withhold|warm|MiniMax-M2.7", "ok": true, "error": ""}
{"request_id": "fraction_addition-05|explore|question_first|reveal|warm|MiniMax-M2.7", "ok": true, "error": ""}
{"request_id": "fraction_addition-06|direct|question_first|reveal|neutral|MiniMax-M2.7", "ok": true, "error": ""}
{"request_id": "fraction_addition-06|explore|explain_only|reveal|neutral|MiniMax-M2.7", "ok": true, "error": ""}
{"request_id": "fraction_addition-06|direct|question_first|withhold|neutral|MiniMax-M2.7", "ok": true, "error": ""}
{"request_id": "fraction_addition-06|direct|question_first|withhold|warm|MiniMax-M2.7", "ok": true, "error": ""}
{"request_id": "fraction_addition-06|direct|question_first|reveal|warm|MiniMax-M2.7", "ok": true, "error": ""}
{"request_id": "fraction_addition-06|explore|explain_only|withhold|neutral|MiniMax-M2.7", "ok": true, "error": ""}
{"request_id": "fraction_addition-06|explore|question_first|reveal|neutral|MiniMax-M2.7", "ok": true, "error": ""}
{"request_id": "fraction_addition-06|explore|explain_only|withhold|warm|MiniMax-M2.7", "ok": true, "error": ""}
{"request_id": "fraction_addition-06|explore|question_first|withhold|neutral|MiniMax-M2.7", "ok": true, "error": ""}
{"request_id": "fraction_addition-06|explore|question_first|withhold|warm|MiniMax-M2.7", "ok": true, "error": ""}
{"request_id": "fraction_addition-06|explore|explain_only|reveal|warm|MiniMax-M2.7", "ok": true, "error": ""}
{"request_id": "fraction_addition-07|direct|explain_only|reveal|neutral|MiniMax-M2.7", "ok": true, "error": ""}
{"request_id": "fraction_addition-07|direct|explain_only|reveal|warm|MiniMax-M2.7", "ok": true, "error": ""}
{"request_id": "fraction_addition-07|direct|explain_only|withhold|neutral|MiniMax-M2.7", "ok": true, "error": ""}
{"request_id": "fraction_addition-06|explore|question_first|reveal|warm|MiniMax-M2.7", "ok": true, "error": ""}
{"request_id": "fraction_addition-07|direct|question_first|reveal|neutral|MiniMax-M2.7", "ok": true, "error": ""}
{"request_id": "fraction_addition-07|direct|question_first|withhold|neutral|MiniMax-M2.7", "ok": true, "error": ""}
{"request_id": "fraction_addition-07|direct|question_first|reveal|warm|MiniMax-M2.7", "ok": true, "error": ""}
{"request_id": "fraction_addition-07|direct|question_first|withhold|warm|MiniMax-M2.7", "ok": true, "error": ""}
{"request_id": "fraction_addition-07|explore|explain_only|reveal|warm|MiniMax-M2.7", "ok": true, "error": ""}
{"request_id": "fraction_addition-07|explore|explain_only|withhold|neutral|MiniMax-M2.7", "ok": true, "error": ""}
{"request_id": "fraction_addition-07|explore|explain_only|withhold|warm|MiniMax-M2.7", "ok": true, "error": ""}
{"request_id": "fraction_addition-07|explore|question_first|reveal|neutral|MiniMax-M2.7", "ok": true, "error": ""}
{"request_id": "fraction_addition-07|direct|explain_only|withhold|warm|MiniMax-M2.7", "ok": true, "error": ""}
{"request_id": "fraction_addition-07|explore|explain_only|reveal|neutral|MiniMax-M2.7", "ok": true, "error": ""}
{"request_id": "fraction_addition-07|explore|question_first|withhold|neutral|MiniMax-M2.7", "ok": true, "error": ""}
{"request_id": "fraction_addition-07|explore|question_first|withhold|warm|MiniMax-M2.7", "ok": true, "error": ""}
{"request_id": "linear_equation-00|direct|explain_only|reveal|neutral|MiniMax-M2.7", "ok": true, "error": ""}
{"request_id": "linear_equation-00|direct|explain_only|withhold|neutral|MiniMax-M2.7", "ok": true, "error": ""}
{"request_id": "linear_equation-00|direct|explain_only|reveal|warm|MiniMax-M2.7", "ok": true, "error": ""}
{"request_id": "linear_equation-00|direct|question_first|reveal|neutral|MiniMax-M2.7", "ok": true, "error": ""}
{"request_id": "linear_equation-00|direct|explain_only|withhold|warm|MiniMax-M2.7", "ok": true, "error": ""}
{"request_id": "linear_equation-00|direct|question_first|reveal|warm|MiniMax-M2.7", "ok": true, "error": ""}
{"request_id": "linear_equation-00|direct|question_first|withhold|neutral|MiniMax-M2.7", "ok": true, "error": ""}
{"request_id": "linear_equation-00|direct|question_first|withhold|warm|MiniMax-M2.7", "ok": true, "error": ""}
{"request_id": "linear_equation-00|explore|explain_only|reveal|neutral|MiniMax-M2.7", "ok": true, "error": ""}
{"request_id": "linear_equation-00|explore|explain_only|withhold|neutral|MiniMax-M2.7", "ok": true, "error": ""}
{"request_id": "linear_equation-00|explore|explain_only|reveal|warm|MiniMax-M2.7", "ok": true, "error": ""}
{"request_id": "linear_equation-00|explore|explain_only|withhold|warm|MiniMax-M2.7", "ok": true, "error": ""}
{"request_id": "linear_equation-00|explore|question_first|withhold|neutral|MiniMax-M2.7", "ok": true, "error": ""}
{"request_id": "linear_equation-00|explore|question_first|withhold|warm|MiniMax-M2.7", "ok": true, "error": ""}
{"request_id": "fraction_addition-07|explore|question_first|reveal|warm|MiniMax-M2.7", "ok": true, "error": ""}
{"request_id": "linear_equation-01|direct|explain_only|reveal|neutral|MiniMax-M2.7", "ok": true, "error": ""}
{"request_id": "linear_equation-00|explore|question_first|reveal|warm|MiniMax-M2.7", "ok": true, "error": ""}
{"request_id": "linear_equation-01|direct|explain_only|reveal|warm|MiniMax-M2.7", "ok": true, "error": ""}
{"request_id": "linear_equation-01|direct|explain_only|withhold|neutral|MiniMax-M2.7", "ok": true, "error": ""}
{"request_id": "linear_equation-01|direct|explain_only|withhold|warm|MiniMax-M2.7", "ok": true, "error": ""}
{"request_id": "linear_equation-00|explore|question_first|reveal|neutral|MiniMax-M2.7", "ok": true, "error": ""}
{"request_id": "linear_equation-01|direct|question_first|reveal|warm|MiniMax-M2.7", "ok": true, "error": ""}
{"request_id": "linear_equation-01|direct|question_first|withhold|neutral|MiniMax-M2.7", "ok": true, "error": ""}
{"request_id": "linear_equation-01|direct|question_first|reveal|neutral|MiniMax-M2.7", "ok": true, "error": ""}
{"request_id": "linear_equation-01|direct|question_first|withhold|warm|MiniMax-M2.7", "ok": true, "error": ""}
{"request_id": "linear_equation-01|explore|explain_only|reveal|neutral|MiniMax-M2.7", "ok": true, "error": ""}
{"request_id": "linear_equation-01|explore|explain_only|withhold|neutral|MiniMax-M2.7", "ok": true, "error": ""}
{"request_id": "linear_equation-01|explore|explain_only|reveal|warm|MiniMax-M2.7", "ok": true, "error": ""}
{"request_id": "linear_equation-01|explore|question_first|reveal|neutral|MiniMax-M2.7", "ok": true, "error": ""}
{"request_id": "linear_equation-01|explore|explain_only|withhold|warm|MiniMax-M2.7", "ok": true, "error": ""}
{"request_id": "linear_equation-01|explore|question_first|withhold|neutral|MiniMax-M2.7", "ok": true, "error": ""}
{"request_id": "linear_equation-01|explore|question_first|withhold|warm|MiniMax-M2.7", "ok": true, "error": ""}
{"request_id": "linear_equation-02|direct|explain_only|reveal|warm|MiniMax-M2.7", "ok": true, "error": ""}
{"request_id": "linear_equation-01|explore|question_first|reveal|warm|MiniMax-M2.7", "ok": true, "error": ""}
{"request_id": "linear_equation-02|direct|explain_only|reveal|neutral|MiniMax-M2.7", "ok": true, "error": ""}
{"request_id": "linear_equation-02|direct|explain_only|withhold|neutral|MiniMax-M2.7", "ok": true, "error": ""}
{"request_id": "linear_equation-02|direct|explain_only|withhold|warm|MiniMax-M2.7", "ok": true, "error": ""}
{"request_id": "linear_equation-02|direct|question_first|reveal|neutral|MiniMax-M2.7", "ok": true, "error": ""}
{"request_id": "linear_equation-02|direct|question_first|reveal|warm|MiniMax-M2.7", "ok": true, "error": ""}
{"request_id": "linear_equation-02|direct|question_first|withhold|neutral|MiniMax-M2.7", "ok": true, "error": ""}
{"request_id": "linear_equation-02|direct|question_first|withhold|warm|MiniMax-M2.7", "ok": true, "error": ""}
{"request_id": "linear_equation-02|explore|explain_only|reveal|neutral|MiniMax-M2.7", "ok": true, "error": ""}
{"request_id": "linear_equation-02|explore|explain_only|withhold|neutral|MiniMax-M2.7", "ok": true, "error": ""}
{"request_id": "linear_equation-02|explore|explain_only|reveal|warm|MiniMax-M2.7", "ok": true, "error": ""}
{"request_id": "linear_equation-02|explore|question_first|reveal|neutral|MiniMax-M2.7", "ok": true, "error": ""}
{"request_id": "linear_equation-02|explore|explain_only|withhold|warm|MiniMax-M2.7", "ok": true, "error": ""}
{"request_id": "linear_equation-02|explore|question_first|withhold|neutral|MiniMax-M2.7", "ok": true, "error": ""}
{"request_id": "linear_equation-02|explore|question_first|withhold|warm|MiniMax-M2.7", "ok": true, "error": ""}
{"request_id": "linear_equation-03|direct|explain_only|reveal|neutral|MiniMax-M2.7", "ok": true, "error": ""}
{"request_id": "linear_equation-03|direct|explain_only|withhold|neutral|MiniMax-M2.7", "ok": true, "error": ""}
{"request_id": "linear_equation-03|direct|explain_only|reveal|warm|MiniMax-M2.7", "ok": true, "error": ""}
{"request_id": "linear_equation-02|explore|question_first|reveal|warm|MiniMax-M2.7", "ok": true, "error": ""}
{"request_id": "linear_equation-03|direct|explain_only|withhold|warm|MiniMax-M2.7", "ok": true, "error": ""}
{"request_id": "linear_equation-03|direct|question_first|withhold|neutral|MiniMax-M2.7", "ok": true, "error": ""}
{"request_id": "linear_equation-03|direct|question_first|reveal|warm|MiniMax-M2.7", "ok": true, "error": ""}
{"request_id": "linear_equation-03|direct|question_first|reveal|neutral|MiniMax-M2.7", "ok": true, "error": ""}
{"request_id": "linear_equation-03|direct|question_first|withhold|warm|MiniMax-M2.7", "ok": true, "error": ""}
{"request_id": "linear_equation-03|explore|explain_only|reveal|neutral|MiniMax-M2.7", "ok": true, "error": ""}
{"request_id": "linear_equation-03|explore|explain_only|withhold|neutral|MiniMax-M2.7", "ok": true, "error": ""}
{"request_id": "linear_equation-03|explore|explain_only|withhold|warm|MiniMax-M2.7", "ok": true, "error": ""}
{"request_id": "linear_equation-03|explore|question_first|reveal|neutral|MiniMax-M2.7", "ok": true, "error": ""}
{"request_id": "linear_equation-03|explore|question_first|withhold|neutral|MiniMax-M2.7", "ok": true, "error": ""}
{"request_id": "linear_equation-03|explore|question_first|withhold|warm|MiniMax-M2.7", "ok": true, "error": ""}
{"request_id": "linear_equation-03|explore|question_first|reveal|warm|MiniMax-M2.7", "ok": true, "error": ""}
{"request_id": "linear_equation-04|direct|explain_only|reveal|neutral|MiniMax-M2.7", "ok": true, "error": ""}
{"request_id": "linear_equation-03|explore|explain_only|reveal|warm|MiniMax-M2.7", "ok": true, "error": ""}
{"request_id": "linear_equation-04|direct|explain_only|withhold|neutral|MiniMax-M2.7", "ok": true, "error": ""}
{"request_id": "linear_equation-04|direct|explain_only|reveal|warm|MiniMax-M2.7", "ok": true, "error": ""}
{"request_id": "linear_equation-04|direct|question_first|withhold|neutral|MiniMax-M2.7", "ok": true, "error": ""}
{"request_id": "linear_equation-04|direct|question_first|reveal|neutral|MiniMax-M2.7", "ok": true, "error": ""}
{"request_id": "linear_equation-04|direct|explain_only|withhold|warm|MiniMax-M2.7", "ok": true, "error": ""}
{"request_id": "linear_equation-04|direct|question_first|withhold|warm|MiniMax-M2.7", "ok": true, "error": ""}
{"request_id": "linear_equation-04|explore|explain_only|reveal|neutral|MiniMax-M2.7", "ok": true, "error": ""}
{"request_id": "linear_equation-04|direct|question_first|reveal|warm|MiniMax-M2.7", "ok": true, "error": ""}
{"request_id": "linear_equation-04|explore|explain_only|reveal|warm|MiniMax-M2.7", "ok": true, "error": ""}
{"request_id": "linear_equation-04|explore|explain_only|withhold|neutral|MiniMax-M2.7", "ok": true, "error": ""}
{"request_id": "linear_equation-04|explore|question_first|reveal|neutral|MiniMax-M2.7", "ok": true, "error": ""}
{"request_id": "linear_equation-04|explore|explain_only|withhold|warm|MiniMax-M2.7", "ok": true, "error": ""}
{"request_id": "linear_equation-04|explore|question_first|reveal|warm|MiniMax-M2.7", "ok": true, "error": ""}
{"request_id": "linear_equation-04|explore|question_first|withhold|neutral|MiniMax-M2.7", "ok": true, "error": ""}
{"request_id": "linear_equation-04|explore|question_first|withhold|warm|MiniMax-M2.7", "ok": true, "error": ""}
{"request_id": "linear_equation-05|direct|explain_only|reveal|neutral|MiniMax-M2.7", "ok": true, "error": ""}
{"request_id": "linear_equation-05|direct|explain_only|withhold|neutral|MiniMax-M2.7", "ok": true, "error": ""}
{"request_id": "linear_equation-05|direct|explain_only|reveal|warm|MiniMax-M2.7", "ok": true, "error": ""}
{"request_id": "linear_equation-05|direct|explain_only|withhold|warm|MiniMax-M2.7", "ok": true, "error": ""}
{"request_id": "linear_equation-05|direct|question_first|reveal|neutral|MiniMax-M2.7", "ok": true, "error": ""}
{"request_id": "linear_equation-05|direct|question_first|withhold|neutral|MiniMax-M2.7", "ok": true, "error": ""}
{"request_id": "linear_equation-05|explore|explain_only|reveal|neutral|MiniMax-M2.7", "ok": true, "error": ""}
{"request_id": "linear_equation-05|direct|question_first|withhold|warm|MiniMax-M2.7", "ok": true, "error": ""}
{"request_id": "linear_equation-05|direct|question_first|reveal|warm|MiniMax-M2.7", "ok": true, "error": ""}
{"request_id": "linear_equation-05|explore|explain_only|reveal|warm|MiniMax-M2.7", "ok": true, "error": ""}
{"request_id": "linear_equation-05|explore|explain_only|withhold|neutral|MiniMax-M2.7", "ok": true, "error": ""}
{"request_id": "linear_equation-05|explore|question_first|reveal|neutral|MiniMax-M2.7", "ok": true, "error": ""}
{"request_id": "linear_equation-05|explore|explain_only|withhold|warm|MiniMax-M2.7", "ok": true, "error": ""}
{"request_id": "linear_equation-05|explore|question_first|withhold|neutral|MiniMax-M2.7", "ok": true, "error": ""}
{"request_id": "linear_equation-05|explore|question_first|withhold|warm|MiniMax-M2.7", "ok": true, "error": ""}
{"request_id": "linear_equation-06|direct|explain_only|reveal|neutral|MiniMax-M2.7", "ok": true, "error": ""}
{"request_id": "linear_equation-06|direct|explain_only|withhold|neutral|MiniMax-M2.7", "ok": true, "error": ""}
{"request_id": "linear_equation-06|direct|explain_only|reveal|warm|MiniMax-M2.7", "ok": true, "error": ""}
{"request_id": "linear_equation-05|explore|question_first|reveal|warm|MiniMax-M2.7", "ok": true, "error": ""}
{"request_id": "linear_equation-06|direct|question_first|reveal|warm|MiniMax-M2.7", "ok": true, "error": ""}
{"request_id": "linear_equation-06|direct|question_first|withhold|neutral|MiniMax-M2.7", "ok": true, "error": ""}
{"request_id": "linear_equation-06|direct|explain_only|withhold|warm|MiniMax-M2.7", "ok": true, "error": ""}
{"request_id": "linear_equation-06|direct|question_first|reveal|neutral|MiniMax-M2.7", "ok": true, "error": ""}
{"request_id": "linear_equation-06|explore|explain_only|reveal|neutral|MiniMax-M2.7", "ok": true, "error": ""}
{"request_id": "linear_equation-06|direct|question_first|withhold|warm|MiniMax-M2.7", "ok": true, "error": ""}
{"request_id": "linear_equation-06|explore|explain_only|withhold|neutral|MiniMax-M2.7", "ok": true, "error": ""}
{"request_id": "linear_equation-06|explore|explain_only|withhold|warm|MiniMax-M2.7", "ok": true, "error": ""}
{"request_id": "linear_equation-06|explore|explain_only|reveal|warm|MiniMax-M2.7", "ok": true, "error": ""}
{"request_id": "linear_equation-06|explore|question_first|reveal|warm|MiniMax-M2.7", "ok": true, "error": ""}
{"request_id": "linear_equation-06|explore|question_first|withhold|neutral|MiniMax-M2.7", "ok": true, "error": ""}
{"request_id": "linear_equation-06|explore|question_first|withhold|warm|MiniMax-M2.7", "ok": true, "error": ""}
{"request_id": "linear_equation-07|direct|explain_only|reveal|neutral|MiniMax-M2.7", "ok": true, "error": ""}
{"request_id": "linear_equation-07|direct|explain_only|reveal|warm|MiniMax-M2.7", "ok": true, "error": ""}
{"request_id": "linear_equation-07|direct|explain_only|withhold|warm|MiniMax-M2.7", "ok": true, "error": ""}
{"request_id": "linear_equation-06|explore|question_first|reveal|neutral|MiniMax-M2.7", "ok": true, "error": ""}
{"request_id": "linear_equation-07|direct|explain_only|withhold|neutral|MiniMax-M2.7", "ok": true, "error": ""}
{"request_id": "linear_equation-07|direct|question_first|withhold|neutral|MiniMax-M2.7", "ok": true, "error": ""}
{"request_id": "linear_equation-07|direct|question_first|reveal|neutral|MiniMax-M2.7", "ok": true, "error": ""}
{"request_id": "linear_equation-07|direct|question_first|reveal|warm|MiniMax-M2.7", "ok": true, "error": ""}
{"request_id": "linear_equation-07|direct|question_first|withhold|warm|MiniMax-M2.7", "ok": true, "error": ""}
{"request_id": "linear_equation-07|explore|explain_only|reveal|neutral|MiniMax-M2.7", "ok": true, "error": ""}
{"request_id": "linear_equation-07|explore|explain_only|reveal|warm|MiniMax-M2.7", "ok": true, "error": ""}
{"request_id": "linear_equation-07|explore|explain_only|withhold|neutral|MiniMax-M2.7", "ok": true, "error": ""}
{"request_id": "linear_equation-07|explore|question_first|reveal|neutral|MiniMax-M2.7", "ok": true, "error": ""}
{"request_id": "linear_equation-07|explore|explain_only|withhold|warm|MiniMax-M2.7", "ok": true, "error": ""}
{"request_id": "linear_equation-07|explore|question_first|withhold|warm|MiniMax-M2.7", "ok": true, "error": ""}
{"request_id": "linear_equation-07|explore|question_first|reveal|warm|MiniMax-M2.7", "ok": true, "error": ""}
{"request_id": "linear_equation-07|explore|question_first|withhold|neutral|MiniMax-M2.7", "ok": true, "error": ""}
{"request_id": "percentage_discount-00|direct|explain_only|reveal|neutral|MiniMax-M2.7", "ok": true, "error": ""}
{"request_id": "percentage_discount-00|direct|explain_only|reveal|warm|MiniMax-M2.7", "ok": true, "error": ""}
{"request_id": "percentage_discount-00|direct|explain_only|withhold|neutral|MiniMax-M2.7", "ok": true, "error": ""}
{"request_id": "percentage_discount-00|direct|explain_only|withhold|warm|MiniMax-M2.7", "ok": true, "error": ""}
{"request_id": "percentage_discount-00|direct|question_first|withhold|neutral|MiniMax-M2.7", "ok": true, "error": ""}
{"request_id": "percentage_discount-00|direct|question_first|reveal|warm|MiniMax-M2.7", "ok": true, "error": ""}
{"request_id": "percentage_discount-00|direct|question_first|withhold|warm|MiniMax-M2.7", "ok": true, "error": ""}
{"request_id": "percentage_discount-00|explore|explain_only|reveal|neutral|MiniMax-M2.7", "ok": true, "error": ""}
{"request_id": "percentage_discount-00|explore|explain_only|withhold|neutral|MiniMax-M2.7", "ok": true, "error": ""}
{"request_id": "percentage_discount-00|explore|explain_only|reveal|warm|MiniMax-M2.7", "ok": true, "error": ""}
{"request_id": "percentage_discount-00|explore|explain_only|withhold|warm|MiniMax-M2.7", "ok": true, "error": ""}
{"request_id": "percentage_discount-00|explore|question_first|reveal|neutral|MiniMax-M2.7", "ok": true, "error": ""}
{"request_id": "percentage_discount-00|explore|question_first|withhold|neutral|MiniMax-M2.7", "ok": true, "error": ""}
{"request_id": "percentage_discount-00|direct|question_first|reveal|neutral|MiniMax-M2.7", "ok": true, "error": ""}
{"request_id": "percentage_discount-00|explore|question_first|withhold|warm|MiniMax-M2.7", "ok": true, "error": ""}
{"request_id": "percentage_discount-01|direct|explain_only|reveal|neutral|MiniMax-M2.7", "ok": true, "error": ""}
{"request_id": "percentage_discount-01|direct|explain_only|withhold|neutral|MiniMax-M2.7", "ok": true, "error": ""}
{"request_id": "percentage_discount-01|direct|explain_only|reveal|warm|MiniMax-M2.7", "ok": true, "error": ""}
{"request_id": "percentage_discount-01|direct|explain_only|withhold|warm|MiniMax-M2.7", "ok": true, "error": ""}
{"request_id": "percentage_discount-01|direct|question_first|withhold|neutral|MiniMax-M2.7", "ok": true, "error": ""}
{"request_id": "percentage_discount-01|direct|question_first|reveal|neutral|MiniMax-M2.7", "ok": true, "error": ""}
{"request_id": "percentage_discount-01|direct|question_first|reveal|warm|MiniMax-M2.7", "ok": true, "error": ""}
{"request_id": "percentage_discount-00|explore|question_first|reveal|warm|MiniMax-M2.7", "ok": true, "error": ""}
{"request_id": "percentage_discount-01|explore|explain_only|reveal|neutral|MiniMax-M2.7", "ok": true, "error": ""}
{"request_id": "percentage_discount-01|explore|explain_only|withhold|neutral|MiniMax-M2.7", "ok": true, "error": ""}
{"request_id": "percentage_discount-01|direct|question_first|withhold|warm|MiniMax-M2.7", "ok": true, "error": ""}
{"request_id": "percentage_discount-01|explore|question_first|reveal|neutral|MiniMax-M2.7", "ok": true, "error": ""}
{"request_id": "percentage_discount-01|explore|explain_only|reveal|warm|MiniMax-M2.7", "ok": true, "error": ""}
{"request_id": "percentage_discount-01|explore|explain_only|withhold|warm|MiniMax-M2.7", "ok": true, "error": ""}
{"request_id": "percentage_discount-01|explore|question_first|withhold|neutral|MiniMax-M2.7", "ok": true, "error": ""}
{"request_id": "percentage_discount-01|explore|question_first|withhold|warm|MiniMax-M2.7", "ok": true, "error": ""}
{"request_id": "percentage_discount-01|explore|question_first|reveal|warm|MiniMax-M2.7", "ok": true, "error": ""}
{"request_id": "percentage_discount-02|direct|explain_only|reveal|neutral|MiniMax-M2.7", "ok": true, "error": ""}
{"request_id": "percentage_discount-02|direct|question_first|reveal|neutral|MiniMax-M2.7", "ok": true, "error": ""}
{"request_id": "percentage_discount-02|direct|explain_only|reveal|warm|MiniMax-M2.7", "ok": true, "error": ""}
{"request_id": "percentage_discount-02|direct|explain_only|withhold|neutral|MiniMax-M2.7", "ok": true, "error": ""}
{"request_id": "percentage_discount-02|direct|explain_only|withhold|warm|MiniMax-M2.7", "ok": true, "error": ""}
{"request_id": "percentage_discount-02|direct|question_first|reveal|warm|MiniMax-M2.7", "ok": true, "error": ""}
{"request_id": "percentage_discount-02|direct|question_first|withhold|neutral|MiniMax-M2.7", "ok": true, "error": ""}
{"request_id": "percentage_discount-02|direct|question_first|withhold|warm|MiniMax-M2.7", "ok": true, "error": ""}
{"request_id": "percentage_discount-02|explore|explain_only|reveal|neutral|MiniMax-M2.7", "ok": true, "error": ""}
{"request_id": "percentage_discount-02|explore|explain_only|reveal|warm|MiniMax-M2.7", "ok": true, "error": ""}
{"request_id": "percentage_discount-02|explore|question_first|reveal|neutral|MiniMax-M2.7", "ok": true, "error": ""}
{"request_id": "percentage_discount-02|explore|explain_only|withhold|neutral|MiniMax-M2.7", "ok": true, "error": ""}
{"request_id": "percentage_discount-02|explore|explain_only|withhold|warm|MiniMax-M2.7", "ok": true, "error": ""}
{"request_id": "percentage_discount-02|explore|question_first|withhold|warm|MiniMax-M2.7", "ok": true, "error": ""}
{"request_id": "percentage_discount-03|direct|explain_only|reveal|neutral|MiniMax-M2.7", "ok": true, "error": ""}
{"request_id": "percentage_discount-02|explore|question_first|reveal|warm|MiniMax-M2.7", "ok": true, "error": ""}
{"request_id": "percentage_discount-02|explore|question_first|withhold|neutral|MiniMax-M2.7", "ok": true, "error": ""}
{"request_id": "percentage_discount-03|direct|explain_only|withhold|neutral|MiniMax-M2.7", "ok": true, "error": ""}
{"request_id": "percentage_discount-03|direct|explain_only|withhold|warm|MiniMax-M2.7", "ok": true, "error": ""}
{"request_id": "percentage_discount-03|direct|explain_only|reveal|warm|MiniMax-M2.7", "ok": true, "error": ""}
{"request_id": "percentage_discount-03|direct|question_first|reveal|neutral|MiniMax-M2.7", "ok": true, "error": ""}
{"request_id": "percentage_discount-03|direct|question_first|withhold|neutral|MiniMax-M2.7", "ok": true, "error": ""}
{"request_id": "percentage_discount-03|explore|explain_only|reveal|neutral|MiniMax-M2.7", "ok": true, "error": ""}
{"request_id": "percentage_discount-03|direct|question_first|withhold|warm|MiniMax-M2.7", "ok": true, "error": ""}
{"request_id": "percentage_discount-03|explore|explain_only|reveal|warm|MiniMax-M2.7", "ok": true, "error": ""}
{"request_id": "percentage_discount-03|direct|question_first|reveal|warm|MiniMax-M2.7", "ok": true, "error": ""}
{"request_id": "percentage_discount-03|explore|explain_only|withhold|neutral|MiniMax-M2.7", "ok": true, "error": ""}
{"request_id": "percentage_discount-03|explore|question_first|withhold|neutral|MiniMax-M2.7", "ok": true, "error": ""}
{"request_id": "percentage_discount-03|explore|question_first|reveal|neutral|MiniMax-M2.7", "ok": true, "error": ""}
{"request_id": "percentage_discount-03|explore|explain_only|withhold|warm|MiniMax-M2.7", "ok": true, "error": ""}
{"request_id": "percentage_discount-03|explore|question_first|withhold|warm|MiniMax-M2.7", "ok": true, "error": ""}
{"request_id": "percentage_discount-04|direct|explain_only|reveal|neutral|MiniMax-M2.7", "ok": true, "error": ""}
{"request_id": "percentage_discount-04|direct|explain_only|withhold|neutral|MiniMax-M2.7", "ok": true, "error": ""}
{"request_id": "percentage_discount-04|direct|explain_only|reveal|warm|MiniMax-M2.7", "ok": true, "error": ""}
{"request_id": "percentage_discount-04|direct|explain_only|withhold|warm|MiniMax-M2.7", "ok": true, "error": ""}
{"request_id": "percentage_discount-03|explore|question_first|reveal|warm|MiniMax-M2.7", "ok": true, "error": ""}
{"request_id": "percentage_discount-04|direct|question_first|reveal|neutral|MiniMax-M2.7", "ok": true, "error": ""}
{"request_id": "percentage_discount-04|direct|question_first|withhold|neutral|MiniMax-M2.7", "ok": true, "error": ""}
{"request_id": "percentage_discount-04|explore|explain_only|reveal|neutral|MiniMax-M2.7", "ok": true, "error": ""}
{"request_id": "percentage_discount-04|direct|question_first|withhold|warm|MiniMax-M2.7", "ok": true, "error": ""}
{"request_id": "percentage_discount-04|explore|explain_only|withhold|neutral|MiniMax-M2.7", "ok": true, "error": ""}
{"request_id": "percentage_discount-04|explore|explain_only|reveal|warm|MiniMax-M2.7", "ok": true, "error": ""}
{"request_id": "percentage_discount-04|explore|explain_only|withhold|warm|MiniMax-M2.7", "ok": true, "error": ""}
{"request_id": "percentage_discount-04|explore|question_first|reveal|neutral|MiniMax-M2.7", "ok": true, "error": ""}
{"request_id": "percentage_discount-04|direct|question_first|reveal|warm|MiniMax-M2.7", "ok": true, "error": ""}
{"request_id": "percentage_discount-04|explore|question_first|withhold|neutral|MiniMax-M2.7", "ok": true, "error": ""}
{"request_id": "percentage_discount-04|explore|question_first|withhold|warm|MiniMax-M2.7", "ok": true, "error": ""}
{"request_id": "percentage_discount-05|direct|explain_only|reveal|neutral|MiniMax-M2.7", "ok": true, "error": ""}
{"request_id": "percentage_discount-05|direct|explain_only|reveal|warm|MiniMax-M2.7", "ok": true, "error": ""}
{"request_id": "percentage_discount-05|direct|explain_only|withhold|neutral|MiniMax-M2.7", "ok": true, "error": ""}
{"request_id": "percentage_discount-05|direct|explain_only|withhold|warm|MiniMax-M2.7", "ok": true, "error": ""}
{"request_id": "percentage_discount-05|direct|question_first|reveal|neutral|MiniMax-M2.7", "ok": true, "error": ""}
{"request_id": "percentage_discount-04|explore|question_first|reveal|warm|MiniMax-M2.7", "ok": true, "error": ""}
{"request_id": "percentage_discount-05|direct|question_first|withhold|warm|MiniMax-M2.7", "ok": true, "error": ""}
{"request_id": "percentage_discount-05|direct|question_first|reveal|warm|MiniMax-M2.7", "ok": true, "error": ""}
{"request_id": "percentage_discount-05|direct|question_first|withhold|neutral|MiniMax-M2.7", "ok": true, "error": ""}
{"request_id": "percentage_discount-05|explore|explain_only|reveal|neutral|MiniMax-M2.7", "ok": true, "error": ""}
{"request_id": "percentage_discount-05|explore|explain_only|withhold|neutral|MiniMax-M2.7", "ok": true, "error": ""}
{"request_id": "percentage_discount-05|explore|explain_only|withhold|warm|MiniMax-M2.7", "ok": true, "error": ""}
{"request_id": "percentage_discount-05|explore|question_first|reveal|neutral|MiniMax-M2.7", "ok": true, "error": ""}
{"request_id": "percentage_discount-05|explore|explain_only|reveal|warm|MiniMax-M2.7", "ok": true, "error": ""}
{"request_id": "percentage_discount-05|explore|question_first|withhold|neutral|MiniMax-M2.7", "ok": true, "error": ""}
{"request_id": "percentage_discount-06|direct|explain_only|reveal|neutral|MiniMax-M2.7", "ok": true, "error": ""}
{"request_id": "percentage_discount-05|explore|question_first|withhold|warm|MiniMax-M2.7", "ok": true, "error": ""}
{"request_id": "percentage_discount-06|direct|explain_only|withhold|neutral|MiniMax-M2.7", "ok": true, "error": ""}
{"request_id": "percentage_discount-06|direct|explain_only|reveal|warm|MiniMax-M2.7", "ok": true, "error": ""}
{"request_id": "percentage_discount-06|direct|explain_only|withhold|warm|MiniMax-M2.7", "ok": true, "error": ""}
{"request_id": "percentage_discount-06|direct|question_first|reveal|neutral|MiniMax-M2.7", "ok": true, "error": ""}
{"request_id": "percentage_discount-06|direct|question_first|withhold|neutral|MiniMax-M2.7", "ok": true, "error": ""}
{"request_id": "percentage_discount-06|explore|explain_only|reveal|neutral|MiniMax-M2.7", "ok": true, "error": ""}
{"request_id": "percentage_discount-06|direct|question_first|reveal|warm|MiniMax-M2.7", "ok": true, "error": ""}
{"request_id": "percentage_discount-06|direct|question_first|withhold|warm|MiniMax-M2.7", "ok": true, "error": ""}
{"request_id": "percentage_discount-06|explore|explain_only|reveal|warm|MiniMax-M2.7", "ok": true, "error": ""}
{"request_id": "percentage_discount-06|explore|explain_only|withhold|neutral|MiniMax-M2.7", "ok": true, "error": ""}
{"request_id": "percentage_discount-06|explore|explain_only|withhold|warm|MiniMax-M2.7", "ok": true, "error": ""}
{"request_id": "percentage_discount-06|explore|question_first|withhold|neutral|MiniMax-M2.7", "ok": true, "error": ""}
{"request_id": "percentage_discount-06|explore|question_first|reveal|neutral|MiniMax-M2.7", "ok": true, "error": ""}
{"request_id": "percentage_discount-06|explore|question_first|reveal|warm|MiniMax-M2.7", "ok": true, "error": ""}
{"request_id": "percentage_discount-06|explore|question_first|withhold|warm|MiniMax-M2.7", "ok": true, "error": ""}
{"request_id": "percentage_discount-07|direct|explain_only|reveal|neutral|MiniMax-M2.7", "ok": true, "error": ""}
{"request_id": "percentage_discount-07|direct|explain_only|withhold|neutral|MiniMax-M2.7", "ok": true, "error": ""}
{"request_id": "percentage_discount-07|direct|explain_only|withhold|warm|MiniMax-M2.7", "ok": true, "error": ""}
{"request_id": "percentage_discount-07|direct|question_first|reveal|neutral|MiniMax-M2.7", "ok": true, "error": ""}
{"request_id": "percentage_discount-07|direct|explain_only|reveal|warm|MiniMax-M2.7", "ok": true, "error": ""}
{"request_id": "percentage_discount-07|direct|question_first|withhold|neutral|MiniMax-M2.7", "ok": true, "error": ""}
{"request_id": "percentage_discount-07|direct|question_first|reveal|warm|MiniMax-M2.7", "ok": true, "error": ""}
{"request_id": "percentage_discount-07|direct|question_first|withhold|warm|MiniMax-M2.7", "ok": true, "error": ""}
{"request_id": "percentage_discount-07|explore|explain_only|reveal|neutral|MiniMax-M2.7", "ok": true, "error": ""}
{"request_id": "percentage_discount-07|explore|explain_only|withhold|neutral|MiniMax-M2.7", "ok": true, "error": ""}
{"request_id": "percentage_discount-07|explore|explain_only|reveal|warm|MiniMax-M2.7", "ok": true, "error": ""}
{"request_id": "percentage_discount-07|explore|explain_only|withhold|warm|MiniMax-M2.7", "ok": true, "error": ""}
{"request_id": "percentage_discount-07|explore|question_first|reveal|neutral|MiniMax-M2.7", "ok": true, "error": ""}
{"request_id": "percentage_discount-07|explore|question_first|reveal|warm|MiniMax-M2.7", "ok": true, "error": ""}
{"request_id": "percentage_discount-07|explore|question_first|withhold|neutral|MiniMax-M2.7", "ok": true, "error": ""}
{"request_id": "percentage_discount-07|explore|question_first|withhold|warm|MiniMax-M2.7", "ok": true, "error": ""}
{"request_id": "percentage_discount-05|explore|question_first|reveal|warm|MiniMax-M2.7", "ok": true, "error": ""}
{"request_id": "arithmetic_mean-00|direct|question_first|reveal|neutral|glm-5.2", "ok": true, "error": ""}
{"request_id": "arithmetic_mean-00|direct|explain_only|withhold|neutral|glm-5.2", "ok": true, "error": ""}
{"request_id": "arithmetic_mean-00|direct|question_first|reveal|warm|glm-5.2", "ok": true, "error": ""}
{"request_id": "arithmetic_mean-00|direct|explain_only|reveal|warm|glm-5.2", "ok": true, "error": ""}
{"request_id": "arithmetic_mean-00|direct|question_first|withhold|neutral|glm-5.2", "ok": true, "error": ""}
{"request_id": "arithmetic_mean-00|direct|explain_only|withhold|warm|glm-5.2", "ok": true, "error": ""}
{"request_id": "arithmetic_mean-00|explore|question_first|reveal|neutral|glm-5.2", "ok": true, "error": ""}
{"request_id": "arithmetic_mean-00|explore|explain_only|withhold|warm|glm-5.2", "ok": true, "error": ""}
{"request_id": "arithmetic_mean-00|explore|explain_only|withhold|neutral|glm-5.2", "ok": true, "error": ""}
{"request_id": "arithmetic_mean-01|direct|explain_only|reveal|warm|glm-5.2", "ok": true, "error": ""}
{"request_id": "arithmetic_mean-00|direct|question_first|withhold|warm|glm-5.2", "ok": true, "error": ""}
{"request_id": "arithmetic_mean-01|direct|explain_only|reveal|neutral|glm-5.2", "ok": true, "error": ""}
{"request_id": "arithmetic_mean-00|explore|explain_only|reveal|neutral|glm-5.2", "ok": true, "error": ""}
{"request_id": "arithmetic_mean-00|explore|question_first|withhold|neutral|glm-5.2", "ok": true, "error": ""}
{"request_id": "arithmetic_mean-01|direct|explain_only|withhold|warm|glm-5.2", "ok": true, "error": ""}
{"request_id": "arithmetic_mean-01|direct|question_first|reveal|neutral|glm-5.2", "ok": true, "error": ""}
{"request_id": "arithmetic_mean-00|explore|explain_only|reveal|warm|glm-5.2", "ok": true, "error": ""}
{"request_id": "arithmetic_mean-01|direct|question_first|reveal|warm|glm-5.2", "ok": true, "error": ""}
{"request_id": "arithmetic_mean-00|explore|question_first|withhold|warm|glm-5.2", "ok": true, "error": ""}
{"request_id": "arithmetic_mean-01|direct|question_first|withhold|neutral|glm-5.2", "ok": true, "error": ""}
{"request_id": "arithmetic_mean-00|explore|question_first|reveal|warm|glm-5.2", "ok": true, "error": ""}
{"request_id": "arithmetic_mean-01|direct|explain_only|withhold|neutral|glm-5.2", "ok": true, "error": ""}
{"request_id": "arithmetic_mean-01|direct|question_first|withhold|warm|glm-5.2", "ok": true, "error": ""}
{"request_id": "arithmetic_mean-01|explore|explain_only|withhold|warm|glm-5.2", "ok": true, "error": ""}
{"request_id": "arithmetic_mean-01|explore|explain_only|reveal|neutral|glm-5.2", "ok": true, "error": ""}
{"request_id": "arithmetic_mean-01|explore|question_first|withhold|warm|glm-5.2", "ok": true, "error": ""}
{"request_id": "arithmetic_mean-01|explore|explain_only|withhold|neutral|glm-5.2", "ok": true, "error": ""}
{"request_id": "arithmetic_mean-01|explore|question_first|withhold|neutral|glm-5.2", "ok": true, "error": ""}
{"request_id": "arithmetic_mean-02|direct|explain_only|reveal|neutral|glm-5.2", "ok": true, "error": ""}
{"request_id": "arithmetic_mean-01|explore|explain_only|reveal|warm|glm-5.2", "ok": true, "error": ""}
{"request_id": "arithmetic_mean-02|direct|explain_only|withhold|neutral|glm-5.2", "ok": true, "error": ""}
{"request_id": "arithmetic_mean-01|explore|question_first|reveal|warm|glm-5.2", "ok": true, "error": ""}
{"request_id": "arithmetic_mean-02|direct|explain_only|withhold|warm|glm-5.2", "ok": true, "error": ""}
{"request_id": "arithmetic_mean-02|direct|question_first|reveal|neutral|glm-5.2", "ok": true, "error": ""}
{"request_id": "arithmetic_mean-01|explore|question_first|reveal|neutral|glm-5.2", "ok": true, "error": ""}
{"request_id": "arithmetic_mean-02|direct|question_first|withhold|neutral|glm-5.2", "ok": true, "error": ""}
{"request_id": "arithmetic_mean-02|direct|explain_only|reveal|warm|glm-5.2", "ok": true, "error": ""}
{"request_id": "arithmetic_mean-02|direct|question_first|reveal|warm|glm-5.2", "ok": true, "error": ""}
{"request_id": "arithmetic_mean-02|direct|question_first|withhold|warm|glm-5.2", "ok": true, "error": ""}
{"request_id": "arithmetic_mean-02|explore|explain_only|withhold|neutral|glm-5.2", "ok": true, "error": ""}
{"request_id": "arithmetic_mean-02|explore|explain_only|withhold|warm|glm-5.2", "ok": true, "error": ""}
{"request_id": "arithmetic_mean-02|explore|question_first|withhold|neutral|glm-5.2", "ok": true, "error": ""}
{"request_id": "arithmetic_mean-03|direct|explain_only|reveal|neutral|glm-5.2", "ok": true, "error": ""}
{"request_id": "arithmetic_mean-02|explore|question_first|reveal|neutral|glm-5.2", "ok": true, "error": ""}
{"request_id": "arithmetic_mean-02|explore|question_first|withhold|warm|glm-5.2", "ok": true, "error": ""}
{"request_id": "arithmetic_mean-02|explore|explain_only|reveal|warm|glm-5.2", "ok": true, "error": ""}
{"request_id": "arithmetic_mean-03|direct|explain_only|reveal|warm|glm-5.2", "ok": true, "error": ""}
{"request_id": "arithmetic_mean-03|direct|question_first|reveal|neutral|glm-5.2", "ok": true, "error": ""}
{"request_id": "arithmetic_mean-03|direct|explain_only|withhold|warm|glm-5.2", "ok": true, "error": ""}
{"request_id": "arithmetic_mean-03|direct|question_first|withhold|neutral|glm-5.2", "ok": true, "error": ""}
{"request_id": "arithmetic_mean-02|explore|question_first|reveal|warm|glm-5.2", "ok": true, "error": ""}
{"request_id": "arithmetic_mean-03|direct|question_first|reveal|warm|glm-5.2", "ok": true, "error": ""}
{"request_id": "arithmetic_mean-03|direct|question_first|withhold|warm|glm-5.2", "ok": true, "error": ""}
{"request_id": "arithmetic_mean-03|direct|explain_only|withhold|neutral|glm-5.2", "ok": true, "error": ""}
{"request_id": "arithmetic_mean-03|explore|explain_only|withhold|neutral|glm-5.2", "ok": true, "error": ""}
{"request_id": "arithmetic_mean-03|explore|explain_only|reveal|neutral|glm-5.2", "ok": true, "error": ""}
{"request_id": "arithmetic_mean-03|explore|explain_only|withhold|warm|glm-5.2", "ok": true, "error": ""}
{"request_id": "arithmetic_mean-02|explore|explain_only|reveal|neutral|glm-5.2", "ok": true, "error": ""}
{"request_id": "arithmetic_mean-03|explore|question_first|withhold|warm|glm-5.2", "ok": true, "error": ""}
{"request_id": "arithmetic_mean-04|direct|explain_only|reveal|neutral|glm-5.2", "ok": true, "error": ""}
{"request_id": "arithmetic_mean-03|explore|question_first|withhold|neutral|glm-5.2", "ok": true, "error": ""}
{"request_id": "arithmetic_mean-04|direct|question_first|reveal|neutral|glm-5.2", "ok": true, "error": ""}
{"request_id": "arithmetic_mean-04|direct|explain_only|withhold|neutral|glm-5.2", "ok": true, "error": ""}
{"request_id": "arithmetic_mean-03|explore|explain_only|reveal|warm|glm-5.2", "ok": true, "error": ""}
{"request_id": "arithmetic_mean-03|explore|question_first|reveal|neutral|glm-5.2", "ok": true, "error": ""}
{"request_id": "arithmetic_mean-03|explore|question_first|reveal|warm|glm-5.2", "ok": true, "error": ""}
{"request_id": "arithmetic_mean-04|direct|explain_only|reveal|warm|glm-5.2", "ok": true, "error": ""}
{"request_id": "arithmetic_mean-04|direct|question_first|withhold|neutral|glm-5.2", "ok": true, "error": ""}
{"request_id": "arithmetic_mean-04|explore|explain_only|reveal|warm|glm-5.2", "ok": true, "error": ""}
{"request_id": "arithmetic_mean-04|explore|explain_only|withhold|warm|glm-5.2", "ok": true, "error": ""}
{"request_id": "arithmetic_mean-04|explore|explain_only|reveal|neutral|glm-5.2", "ok": true, "error": ""}
{"request_id": "arithmetic_mean-04|explore|explain_only|withhold|neutral|glm-5.2", "ok": true, "error": ""}
{"request_id": "arithmetic_mean-04|direct|question_first|withhold|warm|glm-5.2", "ok": true, "error": ""}
{"request_id": "arithmetic_mean-04|explore|question_first|reveal|neutral|glm-5.2", "ok": true, "error": ""}
{"request_id": "arithmetic_mean-04|explore|question_first|withhold|neutral|glm-5.2", "ok": true, "error": ""}
{"request_id": "arithmetic_mean-04|explore|question_first|withhold|warm|glm-5.2", "ok": true, "error": ""}
{"request_id": "arithmetic_mean-04|direct|question_first|reveal|warm|glm-5.2", "ok": true, "error": ""}
{"request_id": "arithmetic_mean-05|direct|explain_only|reveal|neutral|glm-5.2", "ok": true, "error": ""}
{"request_id": "arithmetic_mean-04|direct|explain_only|withhold|warm|glm-5.2", "ok": true, "error": ""}
{"request_id": "arithmetic_mean-05|direct|explain_only|reveal|warm|glm-5.2", "ok": true, "error": ""}
{"request_id": "arithmetic_mean-05|direct|question_first|reveal|neutral|glm-5.2", "ok": true, "error": ""}
{"request_id": "arithmetic_mean-05|direct|explain_only|withhold|neutral|glm-5.2", "ok": true, "error": ""}
{"request_id": "arithmetic_mean-05|direct|question_first|reveal|warm|glm-5.2", "ok": true, "error": ""}
{"request_id": "arithmetic_mean-05|direct|question_first|withhold|neutral|glm-5.2", "ok": true, "error": ""}
{"request_id": "arithmetic_mean-04|explore|question_first|reveal|warm|glm-5.2", "ok": true, "error": ""}
{"request_id": "arithmetic_mean-05|direct|explain_only|withhold|warm|glm-5.2", "ok": true, "error": ""}
{"request_id": "arithmetic_mean-05|direct|question_first|withhold|warm|glm-5.2", "ok": true, "error": ""}
{"request_id": "arithmetic_mean-05|explore|explain_only|reveal|neutral|glm-5.2", "ok": true, "error": ""}
{"request_id": "arithmetic_mean-05|explore|question_first|reveal|neutral|glm-5.2", "ok": true, "error": ""}
{"request_id": "arithmetic_mean-06|direct|explain_only|reveal|neutral|glm-5.2", "ok": true, "error": ""}
{"request_id": "arithmetic_mean-05|explore|explain_only|reveal|warm|glm-5.2", "ok": true, "error": ""}
{"request_id": "arithmetic_mean-05|explore|question_first|withhold|warm|glm-5.2", "ok": true, "error": ""}
{"request_id": "arithmetic_mean-05|explore|explain_only|withhold|warm|glm-5.2", "ok": true, "error": ""}
{"request_id": "arithmetic_mean-05|explore|explain_only|withhold|neutral|glm-5.2", "ok": true, "error": ""}
{"request_id": "arithmetic_mean-06|direct|explain_only|reveal|warm|glm-5.2", "ok": true, "error": ""}
{"request_id": "arithmetic_mean-06|direct|question_first|reveal|warm|glm-5.2", "ok": true, "error": ""}
{"request_id": "arithmetic_mean-06|direct|question_first|reveal|neutral|glm-5.2", "ok": true, "error": ""}
{"request_id": "arithmetic_mean-05|explore|question_first|withhold|neutral|glm-5.2", "ok": true, "error": ""}
{"request_id": "arithmetic_mean-06|direct|question_first|withhold|neutral|glm-5.2", "ok": true, "error": ""}
{"request_id": "arithmetic_mean-06|direct|explain_only|withhold|neutral|glm-5.2", "ok": true, "error": ""}
{"request_id": "arithmetic_mean-06|explore|explain_only|withhold|neutral|glm-5.2", "ok": true, "error": ""}
{"request_id": "arithmetic_mean-06|direct|explain_only|withhold|warm|glm-5.2", "ok": true, "error": ""}
{"request_id": "arithmetic_mean-06|explore|explain_only|withhold|warm|glm-5.2", "ok": true, "error": ""}
{"request_id": "arithmetic_mean-06|explore|explain_only|reveal|neutral|glm-5.2", "ok": true, "error": ""}
{"request_id": "arithmetic_mean-06|explore|question_first|reveal|warm|glm-5.2", "ok": true, "error": ""}
{"request_id": "arithmetic_mean-06|explore|question_first|withhold|neutral|glm-5.2", "ok": true, "error": ""}
{"request_id": "arithmetic_mean-06|explore|question_first|reveal|neutral|glm-5.2", "ok": true, "error": ""}
{"request_id": "arithmetic_mean-05|explore|question_first|reveal|warm|glm-5.2", "ok": true, "error": ""}
{"request_id": "arithmetic_mean-06|direct|question_first|withhold|warm|glm-5.2", "ok": true, "error": ""}
{"request_id": "arithmetic_mean-06|explore|question_first|withhold|warm|glm-5.2", "ok": true, "error": ""}
{"request_id": "arithmetic_mean-07|direct|explain_only|reveal|neutral|glm-5.2", "ok": true, "error": ""}
{"request_id": "arithmetic_mean-06|explore|explain_only|reveal|warm|glm-5.2", "ok": true, "error": ""}
{"request_id": "arithmetic_mean-07|direct|question_first|reveal|neutral|glm-5.2", "ok": true, "error": ""}
{"request_id": "arithmetic_mean-07|direct|question_first|reveal|warm|glm-5.2", "ok": true, "error": ""}
{"request_id": "arithmetic_mean-07|direct|explain_only|withhold|warm|glm-5.2", "ok": true, "error": ""}
{"request_id": "arithmetic_mean-07|direct|explain_only|withhold|neutral|glm-5.2", "ok": true, "error": ""}
{"request_id": "arithmetic_mean-07|direct|question_first|withhold|neutral|glm-5.2", "ok": true, "error": ""}
{"request_id": "arithmetic_mean-07|direct|explain_only|reveal|warm|glm-5.2", "ok": true, "error": ""}
{"request_id": "arithmetic_mean-07|explore|explain_only|reveal|neutral|glm-5.2", "ok": true, "error": ""}
{"request_id": "arithmetic_mean-07|explore|question_first|withhold|neutral|glm-5.2", "ok": true, "error": ""}
{"request_id": "arithmetic_mean-07|explore|explain_only|withhold|neutral|glm-5.2", "ok": true, "error": ""}
{"request_id": "arithmetic_mean-07|direct|question_first|withhold|warm|glm-5.2", "ok": true, "error": ""}
{"request_id": "arithmetic_mean-07|explore|explain_only|withhold|warm|glm-5.2", "ok": true, "error": ""}
{"request_id": "arithmetic_mean-07|explore|question_first|reveal|warm|glm-5.2", "ok": true, "error": ""}
{"request_id": "fraction_addition-00|direct|explain_only|reveal|neutral|glm-5.2", "ok": true, "error": ""}
{"request_id": "arithmetic_mean-07|explore|explain_only|reveal|warm|glm-5.2", "ok": true, "error": ""}
{"request_id": "fraction_addition-00|direct|explain_only|withhold|neutral|glm-5.2", "ok": true, "error": ""}
{"request_id": "arithmetic_mean-07|explore|question_first|withhold|warm|glm-5.2", "ok": true, "error": ""}
{"request_id": "fraction_addition-00|direct|explain_only|withhold|warm|glm-5.2", "ok": true, "error": ""}
{"request_id": "fraction_addition-00|direct|question_first|reveal|neutral|glm-5.2", "ok": true, "error": ""}
{"request_id": "fraction_addition-00|direct|explain_only|reveal|warm|glm-5.2", "ok": true, "error": ""}
{"request_id": "fraction_addition-00|direct|question_first|withhold|neutral|glm-5.2", "ok": true, "error": ""}
{"request_id": "arithmetic_mean-07|explore|question_first|reveal|neutral|glm-5.2", "ok": true, "error": ""}
{"request_id": "fraction_addition-00|explore|explain_only|reveal|neutral|glm-5.2", "ok": true, "error": ""}
{"request_id": "fraction_addition-00|direct|question_first|withhold|warm|glm-5.2", "ok": true, "error": ""}
{"request_id": "fraction_addition-00|explore|explain_only|withhold|warm|glm-5.2", "ok": true, "error": ""}
{"request_id": "fraction_addition-00|explore|explain_only|withhold|neutral|glm-5.2", "ok": true, "error": ""}
{"request_id": "fraction_addition-01|direct|explain_only|reveal|neutral|glm-5.2", "ok": true, "error": ""}
{"request_id": "fraction_addition-00|explore|question_first|withhold|warm|glm-5.2", "ok": true, "error": ""}
{"request_id": "fraction_addition-00|direct|question_first|reveal|warm|glm-5.2", "ok": true, "error": ""}
{"request_id": "fraction_addition-00|explore|question_first|withhold|neutral|glm-5.2", "ok": true, "error": ""}
{"request_id": "fraction_addition-01|direct|explain_only|reveal|warm|glm-5.2", "ok": true, "error": ""}
{"request_id": "fraction_addition-00|explore|explain_only|reveal|warm|glm-5.2", "ok": true, "error": ""}
{"request_id": "fraction_addition-01|direct|question_first|reveal|neutral|glm-5.2", "ok": true, "error": ""}
{"request_id": "fraction_addition-01|direct|question_first|withhold|neutral|glm-5.2", "ok": true, "error": ""}
{"request_id": "fraction_addition-00|explore|question_first|reveal|neutral|glm-5.2", "ok": true, "error": ""}
{"request_id": "fraction_addition-01|direct|explain_only|withhold|neutral|glm-5.2", "ok": true, "error": ""}
{"request_id": "fraction_addition-01|direct|explain_only|withhold|warm|glm-5.2", "ok": true, "error": ""}
{"request_id": "fraction_addition-01|direct|question_first|reveal|warm|glm-5.2", "ok": true, "error": ""}
{"request_id": "fraction_addition-01|direct|question_first|withhold|warm|glm-5.2", "ok": true, "error": ""}
{"request_id": "fraction_addition-01|explore|explain_only|reveal|warm|glm-5.2", "ok": true, "error": ""}
{"request_id": "fraction_addition-01|explore|explain_only|withhold|warm|glm-5.2", "ok": true, "error": ""}
{"request_id": "fraction_addition-01|explore|question_first|reveal|neutral|glm-5.2", "ok": true, "error": ""}
{"request_id": "fraction_addition-01|explore|explain_only|withhold|neutral|glm-5.2", "ok": true, "error": ""}
{"request_id": "fraction_addition-01|explore|question_first|withhold|neutral|glm-5.2", "ok": true, "error": ""}
{"request_id": "fraction_addition-01|explore|explain_only|reveal|neutral|glm-5.2", "ok": true, "error": ""}
{"request_id": "fraction_addition-00|explore|question_first|reveal|warm|glm-5.2", "ok": true, "error": ""}
{"request_id": "fraction_addition-02|direct|explain_only|reveal|warm|glm-5.2", "ok": true, "error": ""}
{"request_id": "fraction_addition-02|direct|explain_only|reveal|neutral|glm-5.2", "ok": true, "error": ""}
{"request_id": "fraction_addition-02|direct|explain_only|withhold|neutral|glm-5.2", "ok": true, "error": ""}
{"request_id": "fraction_addition-02|direct|explain_only|withhold|warm|glm-5.2", "ok": true, "error": ""}
{"request_id": "fraction_addition-02|direct|question_first|reveal|warm|glm-5.2", "ok": true, "error": ""}
{"request_id": "fraction_addition-02|direct|question_first|reveal|neutral|glm-5.2", "ok": true, "error": ""}
{"request_id": "fraction_addition-02|direct|question_first|withhold|warm|glm-5.2", "ok": true, "error": ""}
{"request_id": "fraction_addition-02|explore|explain_only|reveal|neutral|glm-5.2", "ok": true, "error": ""}
{"request_id": "fraction_addition-01|explore|question_first|withhold|warm|glm-5.2", "ok": true, "error": ""}
{"request_id": "fraction_addition-02|direct|question_first|withhold|neutral|glm-5.2", "ok": true, "error": ""}
{"request_id": "fraction_addition-02|explore|explain_only|withhold|neutral|glm-5.2", "ok": true, "error": ""}
{"request_id": "fraction_addition-02|explore|question_first|reveal|neutral|glm-5.2", "ok": true, "error": ""}
{"request_id": "fraction_addition-02|explore|explain_only|withhold|warm|glm-5.2", "ok": true, "error": ""}
{"request_id": "fraction_addition-02|explore|question_first|withhold|warm|glm-5.2", "ok": true, "error": ""}
{"request_id": "fraction_addition-01|explore|question_first|reveal|warm|glm-5.2", "ok": true, "error": ""}
{"request_id": "fraction_addition-03|direct|explain_only|reveal|neutral|glm-5.2", "ok": true, "error": ""}
{"request_id": "fraction_addition-03|direct|explain_only|reveal|warm|glm-5.2", "ok": true, "error": ""}
{"request_id": "fraction_addition-02|explore|question_first|withhold|neutral|glm-5.2", "ok": true, "error": ""}
{"request_id": "fraction_addition-03|direct|explain_only|withhold|warm|glm-5.2", "ok": true, "error": ""}
{"request_id": "fraction_addition-02|explore|explain_only|reveal|warm|glm-5.2", "ok": true, "error": ""}
{"request_id": "fraction_addition-03|direct|question_first|reveal|neutral|glm-5.2", "ok": true, "error": ""}
{"request_id": "fraction_addition-03|direct|question_first|reveal|warm|glm-5.2", "ok": true, "error": ""}
{"request_id": "fraction_addition-03|direct|explain_only|withhold|neutral|glm-5.2", "ok": true, "error": ""}
{"request_id": "fraction_addition-03|explore|explain_only|reveal|neutral|glm-5.2", "ok": true, "error": ""}
{"request_id": "fraction_addition-03|direct|question_first|withhold|neutral|glm-5.2", "ok": true, "error": ""}
{"request_id": "fraction_addition-03|direct|question_first|withhold|warm|glm-5.2", "ok": true, "error": ""}
{"request_id": "fraction_addition-03|explore|explain_only|reveal|warm|glm-5.2", "ok": true, "error": ""}
{"request_id": "fraction_addition-02|explore|question_first|reveal|warm|glm-5.2", "ok": true, "error": ""}
{"request_id": "fraction_addition-04|direct|explain_only|reveal|neutral|glm-5.2", "ok": true, "error": ""}
{"request_id": "fraction_addition-04|direct|explain_only|reveal|warm|glm-5.2", "ok": true, "error": ""}
{"request_id": "fraction_addition-03|explore|explain_only|withhold|neutral|glm-5.2", "ok": true, "error": ""}
{"request_id": "fraction_addition-03|explore|question_first|withhold|neutral|glm-5.2", "ok": true, "error": ""}
{"request_id": "fraction_addition-03|explore|question_first|reveal|warm|glm-5.2", "ok": true, "error": ""}
{"request_id": "fraction_addition-03|explore|question_first|reveal|neutral|glm-5.2", "ok": true, "error": ""}
{"request_id": "fraction_addition-04|direct|question_first|withhold|neutral|glm-5.2", "ok": true, "error": ""}
{"request_id": "fraction_addition-03|explore|explain_only|withhold|warm|glm-5.2", "ok": true, "error": ""}
{"request_id": "fraction_addition-04|direct|explain_only|withhold|neutral|glm-5.2", "ok": true, "error": ""}
{"request_id": "fraction_addition-03|explore|question_first|withhold|warm|glm-5.2", "ok": true, "error": ""}
{"request_id": "fraction_addition-04|direct|question_first|reveal|neutral|glm-5.2", "ok": true, "error": ""}
{"request_id": "fraction_addition-04|direct|question_first|reveal|warm|glm-5.2", "ok": true, "error": ""}
{"request_id": "fraction_addition-04|direct|explain_only|withhold|warm|glm-5.2", "ok": true, "error": ""}
{"request_id": "fraction_addition-04|explore|explain_only|withhold|neutral|glm-5.2", "ok": true, "error": ""}
{"request_id": "fraction_addition-04|explore|explain_only|reveal|warm|glm-5.2", "ok": true, "error": ""}
{"request_id": "fraction_addition-04|explore|explain_only|withhold|warm|glm-5.2", "ok": true, "error": ""}
{"request_id": "fraction_addition-04|explore|question_first|reveal|neutral|glm-5.2", "ok": true, "error": ""}
{"request_id": "fraction_addition-05|direct|explain_only|reveal|neutral|glm-5.2", "ok": true, "error": ""}
{"request_id": "fraction_addition-04|explore|explain_only|reveal|neutral|glm-5.2", "ok": true, "error": ""}
{"request_id": "fraction_addition-04|direct|question_first|withhold|warm|glm-5.2", "ok": true, "error": ""}
{"request_id": "fraction_addition-04|explore|question_first|withhold|neutral|glm-5.2", "ok": true, "error": ""}
{"request_id": "fraction_addition-05|direct|explain_only|reveal|warm|glm-5.2", "ok": true, "error": ""}
{"request_id": "fraction_addition-05|direct|question_first|reveal|neutral|glm-5.2", "ok": true, "error": ""}
{"request_id": "fraction_addition-05|direct|question_first|reveal|warm|glm-5.2", "ok": true, "error": ""}
{"request_id": "fraction_addition-05|direct|question_first|withhold|neutral|glm-5.2", "ok": true, "error": ""}
{"request_id": "fraction_addition-05|direct|explain_only|withhold|neutral|glm-5.2", "ok": true, "error": ""}
{"request_id": "fraction_addition-05|direct|explain_only|withhold|warm|glm-5.2", "ok": true, "error": ""}
{"request_id": "fraction_addition-05|explore|explain_only|reveal|neutral|glm-5.2", "ok": true, "error": ""}
{"request_id": "fraction_addition-05|explore|explain_only|withhold|warm|glm-5.2", "ok": true, "error": ""}
{"request_id": "fraction_addition-05|explore|explain_only|withhold|neutral|glm-5.2", "ok": true, "error": ""}
{"request_id": "fraction_addition-05|direct|question_first|withhold|warm|glm-5.2", "ok": true, "error": ""}
{"request_id": "fraction_addition-04|explore|question_first|reveal|warm|glm-5.2", "ok": true, "error": ""}
{"request_id": "fraction_addition-05|explore|explain_only|reveal|warm|glm-5.2", "ok": true, "error": ""}
{"request_id": "fraction_addition-05|explore|question_first|withhold|neutral|glm-5.2", "ok": true, "error": ""}
{"request_id": "fraction_addition-06|direct|explain_only|reveal|neutral|glm-5.2", "ok": true, "error": ""}
{"request_id": "fraction_addition-05|explore|question_first|reveal|warm|glm-5.2", "ok": true, "error": ""}
{"request_id": "fraction_addition-04|explore|question_first|withhold|warm|glm-5.2", "ok": true, "error": ""}
{"request_id": "fraction_addition-05|explore|question_first|withhold|warm|glm-5.2", "ok": true, "error": ""}
{"request_id": "fraction_addition-06|direct|question_first|withhold|neutral|glm-5.2", "ok": true, "error": ""}
{"request_id": "fraction_addition-06|direct|explain_only|reveal|warm|glm-5.2", "ok": true, "error": ""}
{"request_id": "fraction_addition-06|direct|explain_only|withhold|warm|glm-5.2", "ok": true, "error": ""}
{"request_id": "fraction_addition-05|explore|question_first|reveal|neutral|glm-5.2", "ok": true, "error": ""}
{"request_id": "fraction_addition-06|direct|question_first|reveal|warm|glm-5.2", "ok": true, "error": ""}
{"request_id": "fraction_addition-06|direct|explain_only|withhold|neutral|glm-5.2", "ok": true, "error": ""}
{"request_id": "fraction_addition-06|explore|explain_only|reveal|neutral|glm-5.2", "ok": true, "error": ""}
{"request_id": "fraction_addition-06|direct|question_first|withhold|warm|glm-5.2", "ok": true, "error": ""}
{"request_id": "fraction_addition-06|direct|question_first|reveal|neutral|glm-5.2", "ok": true, "error": ""}
{"request_id": "fraction_addition-06|explore|explain_only|reveal|warm|glm-5.2", "ok": true, "error": ""}
{"request_id": "fraction_addition-06|explore|explain_only|withhold|neutral|glm-5.2", "ok": true, "error": ""}
{"request_id": "fraction_addition-06|explore|question_first|withhold|warm|glm-5.2", "ok": true, "error": ""}
{"request_id": "fraction_addition-07|direct|explain_only|reveal|neutral|glm-5.2", "ok": true, "error": ""}
{"request_id": "fraction_addition-06|explore|question_first|reveal|neutral|glm-5.2", "ok": true, "error": ""}
{"request_id": "fraction_addition-06|explore|question_first|reveal|warm|glm-5.2", "ok": true, "error": ""}
{"request_id": "fraction_addition-07|direct|explain_only|reveal|warm|glm-5.2", "ok": true, "error": ""}
{"request_id": "fraction_addition-06|explore|explain_only|withhold|warm|glm-5.2", "ok": true, "error": ""}
{"request_id": "fraction_addition-07|direct|question_first|reveal|neutral|glm-5.2", "ok": true, "error": ""}
{"request_id": "fraction_addition-07|direct|question_first|reveal|warm|glm-5.2", "ok": true, "error": ""}
{"request_id": "fraction_addition-07|direct|question_first|withhold|neutral|glm-5.2", "ok": true, "error": ""}
{"request_id": "fraction_addition-07|direct|question_first|withhold|warm|glm-5.2", "ok": true, "error": ""}
{"request_id": "fraction_addition-06|explore|question_first|withhold|neutral|glm-5.2", "ok": true, "error": ""}
{"request_id": "fraction_addition-07|direct|explain_only|withhold|warm|glm-5.2", "ok": true, "error": ""}
{"request_id": "fraction_addition-07|explore|question_first|withhold|neutral|glm-5.2", "ok": true, "error": ""}
{"request_id": "fraction_addition-07|explore|explain_only|withhold|neutral|glm-5.2", "ok": true, "error": ""}
{"request_id": "fraction_addition-07|explore|explain_only|reveal|neutral|glm-5.2", "ok": true, "error": ""}
{"request_id": "fraction_addition-07|explore|explain_only|reveal|warm|glm-5.2", "ok": true, "error": ""}
{"request_id": "fraction_addition-07|explore|question_first|withhold|warm|glm-5.2", "ok": true, "error": ""}
{"request_id": "linear_equation-00|direct|explain_only|reveal|neutral|glm-5.2", "ok": true, "error": ""}
{"request_id": "fraction_addition-07|explore|explain_only|withhold|warm|glm-5.2", "ok": true, "error": ""}
{"request_id": "fraction_addition-07|explore|question_first|reveal|warm|glm-5.2", "ok": true, "error": ""}
{"request_id": "linear_equation-00|direct|question_first|reveal|neutral|glm-5.2", "ok": true, "error": ""}
{"request_id": "fraction_addition-07|direct|explain_only|withhold|neutral|glm-5.2", "ok": true, "error": ""}
{"request_id": "linear_equation-00|direct|explain_only|reveal|warm|glm-5.2", "ok": true, "error": ""}
{"request_id": "linear_equation-00|direct|explain_only|withhold|neutral|glm-5.2", "ok": true, "error": ""}
{"request_id": "linear_equation-00|direct|question_first|withhold|neutral|glm-5.2", "ok": true, "error": ""}
{"request_id": "fraction_addition-07|explore|question_first|reveal|neutral|glm-5.2", "ok": true, "error": ""}
{"request_id": "linear_equation-00|direct|question_first|withhold|warm|glm-5.2", "ok": true, "error": ""}
{"request_id": "linear_equation-00|explore|explain_only|reveal|neutral|glm-5.2", "ok": true, "error": ""}
{"request_id": "linear_equation-00|direct|explain_only|withhold|warm|glm-5.2", "ok": true, "error": ""}
{"request_id": "linear_equation-00|explore|explain_only|withhold|warm|glm-5.2", "ok": true, "error": ""}
{"request_id": "linear_equation-00|explore|question_first|reveal|neutral|glm-5.2", "ok": true, "error": ""}
{"request_id": "linear_equation-00|direct|question_first|reveal|warm|glm-5.2", "ok": true, "error": ""}
{"request_id": "linear_equation-00|explore|question_first|withhold|neutral|glm-5.2", "ok": true, "error": ""}
{"request_id": "linear_equation-00|explore|explain_only|reveal|warm|glm-5.2", "ok": true, "error": ""}
{"request_id": "linear_equation-00|explore|question_first|withhold|warm|glm-5.2", "ok": true, "error": ""}
{"request_id": "linear_equation-00|explore|explain_only|withhold|neutral|glm-5.2", "ok": true, "error": ""}
{"request_id": "linear_equation-01|direct|explain_only|reveal|neutral|glm-5.2", "ok": true, "error": ""}
{"request_id": "linear_equation-01|direct|explain_only|reveal|warm|glm-5.2", "ok": true, "error": ""}
{"request_id": "linear_equation-00|explore|question_first|reveal|warm|glm-5.2", "ok": true, "error": ""}
{"request_id": "linear_equation-01|direct|question_first|reveal|neutral|glm-5.2", "ok": true, "error": ""}
{"request_id": "linear_equation-01|direct|explain_only|withhold|warm|glm-5.2", "ok": true, "error": ""}
{"request_id": "linear_equation-01|direct|explain_only|withhold|neutral|glm-5.2", "ok": true, "error": ""}
{"request_id": "linear_equation-01|direct|question_first|withhold|neutral|glm-5.2", "ok": true, "error": ""}
{"request_id": "linear_equation-01|direct|question_first|withhold|warm|glm-5.2", "ok": true, "error": ""}
{"request_id": "linear_equation-01|direct|question_first|reveal|warm|glm-5.2", "ok": true, "error": ""}
{"request_id": "linear_equation-01|explore|explain_only|withhold|neutral|glm-5.2", "ok": true, "error": ""}
{"request_id": "linear_equation-01|explore|question_first|withhold|warm|glm-5.2", "ok": true, "error": ""}
{"request_id": "linear_equation-01|explore|question_first|withhold|neutral|glm-5.2", "ok": true, "error": ""}
{"request_id": "linear_equation-01|explore|explain_only|reveal|warm|glm-5.2", "ok": true, "error": ""}
{"request_id": "linear_equation-01|explore|explain_only|withhold|warm|glm-5.2", "ok": true, "error": ""}
{"request_id": "linear_equation-02|direct|explain_only|reveal|neutral|glm-5.2", "ok": true, "error": ""}
{"request_id": "linear_equation-01|explore|question_first|reveal|warm|glm-5.2", "ok": true, "error": ""}
{"request_id": "linear_equation-02|direct|explain_only|reveal|warm|glm-5.2", "ok": true, "error": ""}
{"request_id": "linear_equation-01|explore|explain_only|reveal|neutral|glm-5.2", "ok": true, "error": ""}
{"request_id": "linear_equation-01|explore|question_first|reveal|neutral|glm-5.2", "ok": true, "error": ""}
{"request_id": "linear_equation-02|direct|question_first|withhold|neutral|glm-5.2", "ok": true, "error": ""}
{"request_id": "linear_equation-02|direct|question_first|reveal|neutral|glm-5.2", "ok": true, "error": ""}
{"request_id": "linear_equation-02|direct|question_first|reveal|warm|glm-5.2", "ok": true, "error": ""}
{"request_id": "linear_equation-02|direct|explain_only|withhold|neutral|glm-5.2", "ok": true, "error": ""}
{"request_id": "linear_equation-02|direct|question_first|withhold|warm|glm-5.2", "ok": true, "error": ""}
{"request_id": "linear_equation-02|explore|explain_only|reveal|neutral|glm-5.2", "ok": true, "error": ""}
{"request_id": "linear_equation-02|explore|explain_only|withhold|warm|glm-5.2", "ok": true, "error": ""}
{"request_id": "linear_equation-02|explore|question_first|withhold|warm|glm-5.2", "ok": true, "error": ""}
{"request_id": "linear_equation-02|explore|explain_only|withhold|neutral|glm-5.2", "ok": true, "error": ""}
{"request_id": "linear_equation-03|direct|explain_only|reveal|neutral|glm-5.2", "ok": true, "error": ""}
{"request_id": "linear_equation-02|explore|question_first|reveal|neutral|glm-5.2", "ok": true, "error": ""}
{"request_id": "linear_equation-02|direct|explain_only|withhold|warm|glm-5.2", "ok": true, "error": ""}
{"request_id": "linear_equation-03|direct|question_first|reveal|neutral|glm-5.2", "ok": true, "error": ""}
{"request_id": "linear_equation-03|direct|explain_only|withhold|neutral|glm-5.2", "ok": true, "error": ""}
{"request_id": "linear_equation-03|direct|explain_only|reveal|warm|glm-5.2", "ok": true, "error": ""}
{"request_id": "linear_equation-03|direct|question_first|reveal|warm|glm-5.2", "ok": true, "error": ""}
{"request_id": "linear_equation-02|explore|question_first|reveal|warm|glm-5.2", "ok": true, "error": ""}
{"request_id": "linear_equation-02|explore|explain_only|reveal|warm|glm-5.2", "ok": true, "error": ""}
{"request_id": "linear_equation-03|direct|question_first|withhold|neutral|glm-5.2", "ok": true, "error": ""}
{"request_id": "linear_equation-03|explore|explain_only|reveal|neutral|glm-5.2", "ok": true, "error": ""}
{"request_id": "linear_equation-02|explore|question_first|withhold|neutral|glm-5.2", "ok": true, "error": ""}
{"request_id": "linear_equation-03|explore|explain_only|withhold|neutral|glm-5.2", "ok": true, "error": ""}
{"request_id": "linear_equation-03|explore|question_first|withhold|neutral|glm-5.2", "ok": true, "error": ""}
{"request_id": "linear_equation-03|explore|explain_only|reveal|warm|glm-5.2", "ok": true, "error": ""}
{"request_id": "linear_equation-03|explore|question_first|reveal|neutral|glm-5.2", "ok": true, "error": ""}
{"request_id": "linear_equation-04|direct|explain_only|reveal|neutral|glm-5.2", "ok": true, "error": ""}
{"request_id": "linear_equation-03|explore|question_first|withhold|warm|glm-5.2", "ok": true, "error": ""}
{"request_id": "linear_equation-03|direct|question_first|withhold|warm|glm-5.2", "ok": true, "error": ""}
{"request_id": "linear_equation-03|direct|explain_only|withhold|warm|glm-5.2", "ok": true, "error": ""}
{"request_id": "linear_equation-03|explore|question_first|reveal|warm|glm-5.2", "ok": true, "error": ""}
{"request_id": "linear_equation-03|explore|explain_only|withhold|warm|glm-5.2", "ok": true, "error": ""}
{"request_id": "linear_equation-04|direct|explain_only|withhold|warm|glm-5.2", "ok": true, "error": ""}
{"request_id": "linear_equation-04|direct|explain_only|reveal|warm|glm-5.2", "ok": true, "error": ""}
{"request_id": "linear_equation-04|direct|question_first|reveal|warm|glm-5.2", "ok": true, "error": ""}
{"request_id": "linear_equation-04|direct|question_first|withhold|warm|glm-5.2", "ok": true, "error": ""}
{"request_id": "linear_equation-04|explore|explain_only|reveal|warm|glm-5.2", "ok": true, "error": ""}
{"request_id": "linear_equation-04|explore|explain_only|reveal|neutral|glm-5.2", "ok": true, "error": ""}
{"request_id": "linear_equation-04|explore|explain_only|withhold|neutral|glm-5.2", "ok": true, "error": ""}
{"request_id": "linear_equation-04|direct|explain_only|withhold|neutral|glm-5.2", "ok": true, "error": ""}
{"request_id": "linear_equation-04|direct|question_first|withhold|neutral|glm-5.2", "ok": true, "error": ""}
{"request_id": "linear_equation-04|explore|question_first|withhold|neutral|glm-5.2", "ok": true, "error": ""}
{"request_id": "linear_equation-04|explore|question_first|reveal|neutral|glm-5.2", "ok": true, "error": ""}
{"request_id": "linear_equation-04|explore|explain_only|withhold|warm|glm-5.2", "ok": true, "error": ""}
{"request_id": "linear_equation-04|direct|question_first|reveal|neutral|glm-5.2", "ok": true, "error": ""}
{"request_id": "linear_equation-05|direct|question_first|reveal|neutral|glm-5.2", "ok": true, "error": ""}
{"request_id": "linear_equation-05|direct|explain_only|reveal|neutral|glm-5.2", "ok": true, "error": ""}
{"request_id": "linear_equation-04|explore|question_first|withhold|warm|glm-5.2", "ok": true, "error": ""}
{"request_id": "linear_equation-05|direct|explain_only|reveal|warm|glm-5.2", "ok": true, "error": ""}
{"request_id": "linear_equation-05|direct|question_first|reveal|warm|glm-5.2", "ok": true, "error": ""}
{"request_id": "linear_equation-05|direct|explain_only|withhold|neutral|glm-5.2", "ok": true, "error": ""}
{"request_id": "linear_equation-04|explore|question_first|reveal|warm|glm-5.2", "ok": true, "error": ""}
{"request_id": "linear_equation-05|direct|explain_only|withhold|warm|glm-5.2", "ok": true, "error": ""}
{"request_id": "linear_equation-05|direct|question_first|withhold|neutral|glm-5.2", "ok": true, "error": ""}
{"request_id": "linear_equation-05|direct|question_first|withhold|warm|glm-5.2", "ok": true, "error": ""}
{"request_id": "linear_equation-05|explore|explain_only|withhold|warm|glm-5.2", "ok": true, "error": ""}
{"request_id": "linear_equation-05|explore|question_first|withhold|neutral|glm-5.2", "ok": true, "error": ""}
{"request_id": "linear_equation-05|explore|explain_only|withhold|neutral|glm-5.2", "ok": true, "error": ""}
{"request_id": "linear_equation-06|direct|explain_only|reveal|warm|glm-5.2", "ok": true, "error": ""}
{"request_id": "linear_equation-06|direct|explain_only|reveal|neutral|glm-5.2", "ok": true, "error": ""}
{"request_id": "linear_equation-05|explore|question_first|reveal|warm|glm-5.2", "ok": true, "error": ""}
{"request_id": "linear_equation-05|explore|explain_only|reveal|neutral|glm-5.2", "ok": true, "error": ""}
{"request_id": "linear_equation-06|direct|explain_only|withhold|neutral|glm-5.2", "ok": true, "error": ""}
{"request_id": "linear_equation-06|direct|question_first|reveal|neutral|glm-5.2", "ok": true, "error": ""}
{"request_id": "linear_equation-06|direct|explain_only|withhold|warm|glm-5.2", "ok": true, "error": ""}
{"request_id": "linear_equation-06|direct|question_first|withhold|neutral|glm-5.2", "ok": true, "error": ""}
{"request_id": "linear_equation-05|explore|explain_only|reveal|warm|glm-5.2", "ok": true, "error": ""}
{"request_id": "linear_equation-05|explore|question_first|withhold|warm|glm-5.2", "ok": true, "error": ""}
{"request_id": "linear_equation-06|direct|question_first|reveal|warm|glm-5.2", "ok": true, "error": ""}
{"request_id": "linear_equation-05|explore|question_first|reveal|neutral|glm-5.2", "ok": true, "error": ""}
{"request_id": "linear_equation-06|explore|explain_only|reveal|neutral|glm-5.2", "ok": true, "error": ""}
{"request_id": "linear_equation-06|direct|question_first|withhold|warm|glm-5.2", "ok": true, "error": ""}
{"request_id": "linear_equation-06|explore|question_first|withhold|warm|glm-5.2", "ok": true, "error": ""}
{"request_id": "linear_equation-06|explore|explain_only|withhold|warm|glm-5.2", "ok": true, "error": ""}
{"request_id": "linear_equation-06|explore|question_first|withhold|neutral|glm-5.2", "ok": true, "error": ""}
{"request_id": "linear_equation-07|direct|explain_only|reveal|neutral|glm-5.2", "ok": true, "error": ""}
{"request_id": "linear_equation-06|explore|explain_only|reveal|warm|glm-5.2", "ok": true, "error": ""}
{"request_id": "linear_equation-06|explore|explain_only|withhold|neutral|glm-5.2", "ok": true, "error": ""}
{"request_id": "linear_equation-06|explore|question_first|reveal|warm|glm-5.2", "ok": true, "error": ""}
{"request_id": "linear_equation-07|direct|explain_only|withhold|neutral|glm-5.2", "ok": true, "error": ""}
{"request_id": "linear_equation-07|direct|explain_only|reveal|warm|glm-5.2", "ok": true, "error": ""}
{"request_id": "linear_equation-07|direct|question_first|reveal|warm|glm-5.2", "ok": true, "error": ""}
{"request_id": "linear_equation-07|direct|explain_only|withhold|warm|glm-5.2", "ok": true, "error": ""}
{"request_id": "linear_equation-07|direct|question_first|reveal|neutral|glm-5.2", "ok": true, "error": ""}
{"request_id": "linear_equation-07|direct|question_first|withhold|neutral|glm-5.2", "ok": true, "error": ""}
{"request_id": "linear_equation-06|explore|question_first|reveal|neutral|glm-5.2", "ok": true, "error": ""}
{"request_id": "linear_equation-07|explore|explain_only|reveal|neutral|glm-5.2", "ok": true, "error": ""}
{"request_id": "linear_equation-07|direct|question_first|withhold|warm|glm-5.2", "ok": true, "error": ""}
{"request_id": "linear_equation-07|explore|question_first|withhold|neutral|glm-5.2", "ok": true, "error": ""}
{"request_id": "linear_equation-07|explore|question_first|reveal|neutral|glm-5.2", "ok": true, "error": ""}
{"request_id": "percentage_discount-00|direct|explain_only|reveal|neutral|glm-5.2", "ok": true, "error": ""}
{"request_id": "linear_equation-07|explore|explain_only|withhold|neutral|glm-5.2", "ok": true, "error": ""}
{"request_id": "percentage_discount-00|direct|explain_only|reveal|warm|glm-5.2", "ok": true, "error": ""}
{"request_id": "linear_equation-07|explore|question_first|withhold|warm|glm-5.2", "ok": true, "error": ""}
{"request_id": "linear_equation-07|explore|explain_only|withhold|warm|glm-5.2", "ok": true, "error": ""}
{"request_id": "percentage_discount-00|direct|question_first|reveal|neutral|glm-5.2", "ok": true, "error": ""}
{"request_id": "percentage_discount-00|direct|explain_only|withhold|neutral|glm-5.2", "ok": true, "error": ""}
{"request_id": "percentage_discount-00|direct|question_first|withhold|neutral|glm-5.2", "ok": true, "error": ""}
{"request_id": "percentage_discount-00|direct|explain_only|withhold|warm|glm-5.2", "ok": true, "error": ""}
{"request_id": "percentage_discount-00|explore|explain_only|reveal|neutral|glm-5.2", "ok": true, "error": ""}
{"request_id": "percentage_discount-00|direct|question_first|withhold|warm|glm-5.2", "ok": true, "error": ""}
{"request_id": "percentage_discount-00|explore|explain_only|withhold|neutral|glm-5.2", "ok": true, "error": ""}
{"request_id": "linear_equation-07|explore|question_first|reveal|warm|glm-5.2", "ok": true, "error": ""}
{"request_id": "percentage_discount-00|explore|explain_only|reveal|warm|glm-5.2", "ok": true, "error": ""}
{"request_id": "percentage_discount-00|explore|question_first|withhold|warm|glm-5.2", "ok": true, "error": ""}
{"request_id": "percentage_discount-00|explore|explain_only|withhold|warm|glm-5.2", "ok": true, "error": ""}
{"request_id": "percentage_discount-01|direct|explain_only|reveal|neutral|glm-5.2", "ok": true, "error": ""}
{"request_id": "percentage_discount-00|explore|question_first|reveal|warm|glm-5.2", "ok": true, "error": ""}
{"request_id": "percentage_discount-00|explore|question_first|reveal|neutral|glm-5.2", "ok": true, "error": ""}
{"request_id": "linear_equation-07|explore|explain_only|reveal|warm|glm-5.2", "ok": true, "error": ""}
{"request_id": "percentage_discount-01|direct|explain_only|reveal|warm|glm-5.2", "ok": true, "error": ""}
{"request_id": "percentage_discount-00|direct|question_first|reveal|warm|glm-5.2", "ok": true, "error": ""}
{"request_id": "percentage_discount-01|direct|question_first|reveal|neutral|glm-5.2", "ok": true, "error": ""}
{"request_id": "percentage_discount-01|direct|explain_only|withhold|warm|glm-5.2", "ok": true, "error": ""}
{"request_id": "percentage_discount-01|direct|explain_only|withhold|neutral|glm-5.2", "ok": true, "error": ""}
{"request_id": "percentage_discount-01|direct|question_first|reveal|warm|glm-5.2", "ok": true, "error": ""}
{"request_id": "percentage_discount-01|direct|question_first|withhold|neutral|glm-5.2", "ok": true, "error": ""}
{"request_id": "percentage_discount-01|explore|explain_only|reveal|neutral|glm-5.2", "ok": true, "error": ""}
{"request_id": "percentage_discount-01|explore|question_first|withhold|neutral|glm-5.2", "ok": true, "error": ""}
{"request_id": "percentage_discount-00|explore|question_first|withhold|neutral|glm-5.2", "ok": true, "error": ""}
{"request_id": "percentage_discount-01|explore|explain_only|reveal|warm|glm-5.2", "ok": true, "error": ""}
{"request_id": "percentage_discount-01|explore|explain_only|withhold|neutral|glm-5.2", "ok": true, "error": ""}
{"request_id": "percentage_discount-01|explore|question_first|reveal|neutral|glm-5.2", "ok": true, "error": ""}
{"request_id": "percentage_discount-01|explore|explain_only|withhold|warm|glm-5.2", "ok": true, "error": ""}
{"request_id": "percentage_discount-02|direct|explain_only|reveal|neutral|glm-5.2", "ok": true, "error": ""}
{"request_id": "percentage_discount-01|direct|question_first|withhold|warm|glm-5.2", "ok": true, "error": ""}
{"request_id": "percentage_discount-01|explore|question_first|reveal|warm|glm-5.2", "ok": true, "error": ""}
{"request_id": "percentage_discount-01|explore|question_first|withhold|warm|glm-5.2", "ok": true, "error": ""}
{"request_id": "percentage_discount-02|direct|question_first|reveal|warm|glm-5.2", "ok": true, "error": ""}
{"request_id": "percentage_discount-02|direct|explain_only|reveal|warm|glm-5.2", "ok": true, "error": ""}
{"request_id": "percentage_discount-02|direct|question_first|reveal|neutral|glm-5.2", "ok": true, "error": ""}
{"request_id": "percentage_discount-02|explore|explain_only|reveal|warm|glm-5.2", "ok": true, "error": ""}
{"request_id": "percentage_discount-02|direct|explain_only|withhold|warm|glm-5.2", "ok": true, "error": ""}
{"request_id": "percentage_discount-02|direct|question_first|withhold|warm|glm-5.2", "ok": true, "error": ""}
{"request_id": "percentage_discount-02|direct|explain_only|withhold|neutral|glm-5.2", "ok": true, "error": ""}
{"request_id": "percentage_discount-02|explore|explain_only|reveal|neutral|glm-5.2", "ok": true, "error": ""}
{"request_id": "percentage_discount-02|explore|explain_only|withhold|neutral|glm-5.2", "ok": true, "error": ""}
{"request_id": "percentage_discount-02|direct|question_first|withhold|neutral|glm-5.2", "ok": true, "error": ""}
{"request_id": "percentage_discount-03|direct|explain_only|reveal|warm|glm-5.2", "ok": true, "error": ""}
{"request_id": "percentage_discount-02|explore|explain_only|withhold|warm|glm-5.2", "ok": true, "error": ""}
{"request_id": "percentage_discount-02|explore|question_first|reveal|warm|glm-5.2", "ok": true, "error": ""}
{"request_id": "percentage_discount-03|direct|explain_only|withhold|neutral|glm-5.2", "ok": true, "error": ""}
{"request_id": "percentage_discount-03|direct|question_first|reveal|neutral|glm-5.2", "ok": true, "error": ""}
{"request_id": "percentage_discount-03|direct|explain_only|reveal|neutral|glm-5.2", "ok": true, "error": ""}
{"request_id": "percentage_discount-02|explore|question_first|withhold|warm|glm-5.2", "ok": true, "error": ""}
{"request_id": "percentage_discount-03|direct|explain_only|withhold|warm|glm-5.2", "ok": true, "error": ""}
{"request_id": "percentage_discount-03|direct|question_first|reveal|warm|glm-5.2", "ok": true, "error": ""}
{"request_id": "percentage_discount-02|explore|question_first|reveal|neutral|glm-5.2", "ok": true, "error": ""}
{"request_id": "percentage_discount-03|explore|explain_only|withhold|neutral|glm-5.2", "ok": true, "error": ""}
{"request_id": "percentage_discount-03|direct|question_first|withhold|neutral|glm-5.2", "ok": true, "error": ""}
{"request_id": "percentage_discount-03|direct|question_first|withhold|warm|glm-5.2", "ok": true, "error": ""}
{"request_id": "percentage_discount-03|explore|explain_only|reveal|warm|glm-5.2", "ok": true, "error": ""}
{"request_id": "percentage_discount-03|explore|explain_only|reveal|neutral|glm-5.2", "ok": true, "error": ""}
{"request_id": "percentage_discount-04|direct|explain_only|reveal|neutral|glm-5.2", "ok": true, "error": ""}
{"request_id": "percentage_discount-03|explore|question_first|reveal|neutral|glm-5.2", "ok": true, "error": ""}
{"request_id": "percentage_discount-03|explore|question_first|withhold|warm|glm-5.2", "ok": true, "error": ""}
{"request_id": "percentage_discount-04|direct|explain_only|reveal|warm|glm-5.2", "ok": true, "error": ""}
{"request_id": "percentage_discount-04|direct|explain_only|withhold|neutral|glm-5.2", "ok": true, "error": ""}
{"request_id": "percentage_discount-03|explore|explain_only|withhold|warm|glm-5.2", "ok": true, "error": ""}
{"request_id": "percentage_discount-04|direct|explain_only|withhold|warm|glm-5.2", "ok": true, "error": ""}
{"request_id": "percentage_discount-03|explore|question_first|reveal|warm|glm-5.2", "ok": true, "error": ""}
{"request_id": "percentage_discount-04|direct|question_first|reveal|warm|glm-5.2", "ok": true, "error": ""}
{"request_id": "percentage_discount-04|direct|question_first|reveal|neutral|glm-5.2", "ok": true, "error": ""}
{"request_id": "percentage_discount-02|explore|question_first|withhold|neutral|glm-5.2", "ok": true, "error": ""}
{"request_id": "percentage_discount-04|direct|question_first|withhold|warm|glm-5.2", "ok": true, "error": ""}
{"request_id": "percentage_discount-04|explore|explain_only|withhold|warm|glm-5.2", "ok": true, "error": ""}
{"request_id": "percentage_discount-04|direct|question_first|withhold|neutral|glm-5.2", "ok": true, "error": ""}
{"request_id": "percentage_discount-03|explore|question_first|withhold|neutral|glm-5.2", "ok": true, "error": ""}
{"request_id": "percentage_discount-04|explore|explain_only|withhold|neutral|glm-5.2", "ok": true, "error": ""}
{"request_id": "percentage_discount-04|explore|explain_only|reveal|warm|glm-5.2", "ok": true, "error": ""}
{"request_id": "percentage_discount-04|explore|explain_only|reveal|neutral|glm-5.2", "ok": true, "error": ""}
{"request_id": "percentage_discount-04|explore|question_first|withhold|neutral|glm-5.2", "ok": true, "error": ""}
{"request_id": "percentage_discount-05|direct|explain_only|reveal|warm|glm-5.2", "ok": true, "error": ""}
{"request_id": "percentage_discount-05|direct|explain_only|reveal|neutral|glm-5.2", "ok": true, "error": ""}
{"request_id": "percentage_discount-05|direct|question_first|reveal|neutral|glm-5.2", "ok": true, "error": ""}
{"request_id": "percentage_discount-05|direct|explain_only|withhold|neutral|glm-5.2", "ok": true, "error": ""}
{"request_id": "percentage_discount-04|explore|question_first|reveal|neutral|glm-5.2", "ok": true, "error": ""}
{"request_id": "percentage_discount-04|explore|question_first|withhold|warm|glm-5.2", "ok": true, "error": ""}
{"request_id": "percentage_discount-05|direct|question_first|reveal|warm|glm-5.2", "ok": true, "error": ""}
{"request_id": "percentage_discount-05|direct|question_first|withhold|neutral|glm-5.2", "ok": true, "error": ""}
{"request_id": "percentage_discount-05|direct|explain_only|withhold|warm|glm-5.2", "ok": true, "error": ""}
{"request_id": "percentage_discount-04|explore|question_first|reveal|warm|glm-5.2", "ok": true, "error": ""}
{"request_id": "percentage_discount-05|explore|explain_only|withhold|warm|glm-5.2", "ok": true, "error": ""}
{"request_id": "percentage_discount-05|explore|explain_only|withhold|neutral|glm-5.2", "ok": true, "error": ""}
{"request_id": "percentage_discount-05|explore|explain_only|reveal|warm|glm-5.2", "ok": true, "error": ""}
{"request_id": "percentage_discount-05|direct|question_first|withhold|warm|glm-5.2", "ok": true, "error": ""}
{"request_id": "percentage_discount-05|explore|explain_only|reveal|neutral|glm-5.2", "ok": true, "error": ""}
{"request_id": "percentage_discount-06|direct|explain_only|reveal|neutral|glm-5.2", "ok": true, "error": ""}
{"request_id": "percentage_discount-05|explore|question_first|reveal|neutral|glm-5.2", "ok": true, "error": ""}
{"request_id": "percentage_discount-05|explore|question_first|reveal|warm|glm-5.2", "ok": true, "error": ""}
{"request_id": "percentage_discount-06|direct|question_first|reveal|neutral|glm-5.2", "ok": true, "error": ""}
{"request_id": "percentage_discount-06|direct|explain_only|withhold|neutral|glm-5.2", "ok": true, "error": ""}
{"request_id": "percentage_discount-05|explore|question_first|withhold|warm|glm-5.2", "ok": true, "error": ""}
{"request_id": "percentage_discount-06|direct|explain_only|withhold|warm|glm-5.2", "ok": true, "error": ""}
{"request_id": "percentage_discount-06|direct|explain_only|reveal|warm|glm-5.2", "ok": true, "error": ""}
{"request_id": "percentage_discount-06|direct|question_first|reveal|warm|glm-5.2", "ok": true, "error": ""}
{"request_id": "percentage_discount-06|direct|question_first|withhold|neutral|glm-5.2", "ok": true, "error": ""}
{"request_id": "percentage_discount-06|explore|explain_only|withhold|neutral|glm-5.2", "ok": true, "error": ""}
{"request_id": "percentage_discount-06|explore|explain_only|reveal|warm|glm-5.2", "ok": true, "error": ""}
{"request_id": "percentage_discount-06|explore|explain_only|withhold|warm|glm-5.2", "ok": true, "error": ""}
{"request_id": "percentage_discount-05|explore|question_first|withhold|neutral|glm-5.2", "ok": true, "error": ""}
{"request_id": "percentage_discount-06|direct|question_first|withhold|warm|glm-5.2", "ok": true, "error": ""}
{"request_id": "percentage_discount-07|direct|explain_only|reveal|warm|glm-5.2", "ok": true, "error": ""}
{"request_id": "percentage_discount-07|direct|explain_only|reveal|neutral|glm-5.2", "ok": true, "error": ""}
{"request_id": "percentage_discount-06|explore|question_first|reveal|neutral|glm-5.2", "ok": true, "error": ""}
{"request_id": "percentage_discount-06|explore|question_first|withhold|neutral|glm-5.2", "ok": true, "error": ""}
{"request_id": "percentage_discount-07|direct|question_first|reveal|neutral|glm-5.2", "ok": true, "error": ""}
{"request_id": "percentage_discount-06|explore|question_first|withhold|warm|glm-5.2", "ok": true, "error": ""}
{"request_id": "percentage_discount-07|direct|explain_only|withhold|neutral|glm-5.2", "ok": true, "error": ""}
{"request_id": "percentage_discount-07|direct|explain_only|withhold|warm|glm-5.2", "ok": true, "error": ""}
{"request_id": "percentage_discount-06|explore|question_first|reveal|warm|glm-5.2", "ok": true, "error": ""}
{"request_id": "percentage_discount-07|direct|question_first|withhold|neutral|glm-5.2", "ok": true, "error": ""}
{"request_id": "percentage_discount-07|direct|question_first|reveal|warm|glm-5.2", "ok": true, "error": ""}
{"request_id": "percentage_discount-06|explore|explain_only|reveal|neutral|glm-5.2", "ok": true, "error": ""}
{"request_id": "percentage_discount-07|direct|question_first|withhold|warm|glm-5.2", "ok": true, "error": ""}
{"request_id": "percentage_discount-07|explore|explain_only|withhold|neutral|glm-5.2", "ok": true, "error": ""}
{"request_id": "percentage_discount-07|explore|question_first|withhold|neutral|glm-5.2", "ok": true, "error": ""}
{"request_id": "percentage_discount-07|explore|explain_only|reveal|warm|glm-5.2", "ok": true, "error": ""}
{"request_id": "percentage_discount-07|explore|question_first|reveal|neutral|glm-5.2", "ok": true, "error": ""}
{"request_id": "percentage_discount-07|explore|question_first|reveal|warm|glm-5.2", "ok": true, "error": ""}
{"request_id": "percentage_discount-07|explore|explain_only|withhold|warm|glm-5.2", "ok": true, "error": ""}
{"request_id": "percentage_discount-07|explore|explain_only|reveal|neutral|glm-5.2", "ok": true, "error": ""}
{"request_id": "percentage_discount-07|explore|question_first|withhold|warm|glm-5.2", "ok": true, "error": ""}
{"request_id": "arithmetic_mean-00|direct|explain_only|reveal|warm|deepseek-v4-pro", "ok": true, "error": ""}
{"request_id": "arithmetic_mean-00|direct|question_first|reveal|neutral|deepseek-v4-pro", "ok": true, "error": ""}
{"request_id": "arithmetic_mean-00|direct|explain_only|withhold|neutral|deepseek-v4-pro", "ok": true, "error": ""}
{"request_id": "arithmetic_mean-00|direct|question_first|withhold|neutral|deepseek-v4-pro", "ok": true, "error": ""}
{"request_id": "arithmetic_mean-00|direct|question_first|withhold|warm|deepseek-v4-pro", "ok": true, "error": ""}
{"request_id": "arithmetic_mean-00|explore|explain_only|reveal|neutral|deepseek-v4-pro", "ok": true, "error": ""}
{"request_id": "arithmetic_mean-00|direct|question_first|reveal|warm|deepseek-v4-pro", "ok": true, "error": ""}
{"request_id": "arithmetic_mean-00|explore|explain_only|withhold|neutral|deepseek-v4-pro", "ok": true, "error": ""}
{"request_id": "arithmetic_mean-00|explore|explain_only|withhold|warm|deepseek-v4-pro", "ok": true, "error": ""}
{"request_id": "arithmetic_mean-00|direct|explain_only|withhold|warm|deepseek-v4-pro", "ok": true, "error": ""}
{"request_id": "arithmetic_mean-00|explore|explain_only|reveal|warm|deepseek-v4-pro", "ok": true, "error": ""}
{"request_id": "arithmetic_mean-00|explore|question_first|withhold|neutral|deepseek-v4-pro", "ok": true, "error": ""}
{"request_id": "arithmetic_mean-01|direct|explain_only|reveal|neutral|deepseek-v4-pro", "ok": true, "error": ""}
{"request_id": "arithmetic_mean-00|explore|question_first|reveal|neutral|deepseek-v4-pro", "ok": true, "error": ""}
{"request_id": "arithmetic_mean-00|explore|question_first|withhold|warm|deepseek-v4-pro", "ok": true, "error": ""}
{"request_id": "arithmetic_mean-01|direct|explain_only|withhold|neutral|deepseek-v4-pro", "ok": true, "error": ""}
{"request_id": "arithmetic_mean-00|explore|question_first|reveal|warm|deepseek-v4-pro", "ok": true, "error": ""}
{"request_id": "arithmetic_mean-01|direct|explain_only|reveal|warm|deepseek-v4-pro", "ok": true, "error": ""}
{"request_id": "arithmetic_mean-01|direct|explain_only|withhold|warm|deepseek-v4-pro", "ok": true, "error": ""}
{"request_id": "arithmetic_mean-01|direct|question_first|withhold|neutral|deepseek-v4-pro", "ok": true, "error": ""}
{"request_id": "arithmetic_mean-01|direct|question_first|reveal|neutral|deepseek-v4-pro", "ok": true, "error": ""}
{"request_id": "arithmetic_mean-01|explore|explain_only|withhold|neutral|deepseek-v4-pro", "ok": true, "error": ""}
{"request_id": "arithmetic_mean-01|direct|question_first|reveal|warm|deepseek-v4-pro", "ok": true, "error": ""}
{"request_id": "arithmetic_mean-01|explore|explain_only|reveal|warm|deepseek-v4-pro", "ok": true, "error": ""}
{"request_id": "arithmetic_mean-01|explore|explain_only|reveal|neutral|deepseek-v4-pro", "ok": true, "error": ""}
{"request_id": "arithmetic_mean-01|explore|question_first|withhold|neutral|deepseek-v4-pro", "ok": true, "error": ""}
{"request_id": "arithmetic_mean-01|explore|explain_only|withhold|warm|deepseek-v4-pro", "ok": true, "error": ""}
{"request_id": "arithmetic_mean-01|explore|question_first|withhold|warm|deepseek-v4-pro", "ok": true, "error": ""}
{"request_id": "arithmetic_mean-01|direct|question_first|withhold|warm|deepseek-v4-pro", "ok": true, "error": ""}
{"request_id": "arithmetic_mean-01|explore|question_first|reveal|neutral|deepseek-v4-pro", "ok": true, "error": ""}
{"request_id": "arithmetic_mean-01|explore|question_first|reveal|warm|deepseek-v4-pro", "ok": true, "error": ""}
{"request_id": "arithmetic_mean-02|direct|explain_only|reveal|neutral|deepseek-v4-pro", "ok": true, "error": ""}
{"request_id": "arithmetic_mean-02|direct|explain_only|reveal|warm|deepseek-v4-pro", "ok": true, "error": ""}
{"request_id": "arithmetic_mean-02|direct|question_first|reveal|warm|deepseek-v4-pro", "ok": true, "error": ""}
{"request_id": "arithmetic_mean-02|direct|explain_only|withhold|warm|deepseek-v4-pro", "ok": true, "error": ""}
{"request_id": "arithmetic_mean-02|direct|question_first|reveal|neutral|deepseek-v4-pro", "ok": true, "error": ""}
{"request_id": "arithmetic_mean-02|direct|explain_only|withhold|neutral|deepseek-v4-pro", "ok": true, "error": ""}
{"request_id": "arithmetic_mean-02|direct|question_first|withhold|warm|deepseek-v4-pro", "ok": true, "error": ""}
{"request_id": "arithmetic_mean-02|direct|question_first|withhold|neutral|deepseek-v4-pro", "ok": true, "error": ""}
{"request_id": "arithmetic_mean-02|explore|question_first|reveal|warm|deepseek-v4-pro", "ok": true, "error": ""}
{"request_id": "arithmetic_mean-02|explore|explain_only|withhold|warm|deepseek-v4-pro", "ok": true, "error": ""}
{"request_id": "arithmetic_mean-02|explore|explain_only|withhold|neutral|deepseek-v4-pro", "ok": true, "error": ""}
{"request_id": "arithmetic_mean-02|explore|explain_only|reveal|warm|deepseek-v4-pro", "ok": true, "error": ""}
{"request_id": "arithmetic_mean-02|explore|explain_only|reveal|neutral|deepseek-v4-pro", "ok": true, "error": ""}
{"request_id": "arithmetic_mean-02|explore|question_first|withhold|neutral|deepseek-v4-pro", "ok": true, "error": ""}
{"request_id": "arithmetic_mean-03|direct|explain_only|reveal|neutral|deepseek-v4-pro", "ok": true, "error": ""}
{"request_id": "arithmetic_mean-03|direct|explain_only|reveal|warm|deepseek-v4-pro", "ok": true, "error": ""}
{"request_id": "arithmetic_mean-03|direct|explain_only|withhold|neutral|deepseek-v4-pro", "ok": true, "error": ""}
{"request_id": "arithmetic_mean-02|explore|question_first|reveal|neutral|deepseek-v4-pro", "ok": true, "error": ""}
{"request_id": "arithmetic_mean-03|direct|question_first|reveal|neutral|deepseek-v4-pro", "ok": true, "error": ""}
{"request_id": "arithmetic_mean-03|direct|question_first|withhold|neutral|deepseek-v4-pro", "ok": true, "error": ""}
{"request_id": "arithmetic_mean-02|explore|question_first|withhold|warm|deepseek-v4-pro", "ok": true, "error": ""}
{"request_id": "arithmetic_mean-03|direct|explain_only|withhold|warm|deepseek-v4-pro", "ok": true, "error": ""}
{"request_id": "arithmetic_mean-03|direct|question_first|withhold|warm|deepseek-v4-pro", "ok": true, "error": ""}
{"request_id": "arithmetic_mean-03|explore|explain_only|reveal|neutral|deepseek-v4-pro", "ok": true, "error": ""}
{"request_id": "arithmetic_mean-03|direct|question_first|reveal|warm|deepseek-v4-pro", "ok": true, "error": ""}
{"request_id": "arithmetic_mean-03|explore|explain_only|reveal|warm|deepseek-v4-pro", "ok": true, "error": ""}
{"request_id": "arithmetic_mean-03|explore|explain_only|withhold|neutral|deepseek-v4-pro", "ok": true, "error": ""}
{"request_id": "arithmetic_mean-03|explore|explain_only|withhold|warm|deepseek-v4-pro", "ok": true, "error": ""}
{"request_id": "arithmetic_mean-03|explore|question_first|withhold|neutral|deepseek-v4-pro", "ok": true, "error": ""}
{"request_id": "arithmetic_mean-03|explore|question_first|reveal|neutral|deepseek-v4-pro", "ok": true, "error": ""}
{"request_id": "arithmetic_mean-04|direct|explain_only|reveal|neutral|deepseek-v4-pro", "ok": true, "error": ""}
{"request_id": "arithmetic_mean-03|explore|question_first|reveal|warm|deepseek-v4-pro", "ok": true, "error": ""}
{"request_id": "arithmetic_mean-04|direct|explain_only|reveal|warm|deepseek-v4-pro", "ok": true, "error": ""}
{"request_id": "arithmetic_mean-04|direct|question_first|reveal|warm|deepseek-v4-pro", "ok": true, "error": ""}
{"request_id": "arithmetic_mean-03|explore|question_first|withhold|warm|deepseek-v4-pro", "ok": true, "error": ""}
{"request_id": "arithmetic_mean-04|direct|explain_only|withhold|warm|deepseek-v4-pro", "ok": true, "error": ""}
{"request_id": "arithmetic_mean-04|direct|question_first|reveal|neutral|deepseek-v4-pro", "ok": true, "error": ""}
{"request_id": "arithmetic_mean-04|direct|explain_only|withhold|neutral|deepseek-v4-pro", "ok": true, "error": ""}
{"request_id": "arithmetic_mean-04|explore|explain_only|reveal|neutral|deepseek-v4-pro", "ok": true, "error": ""}
{"request_id": "arithmetic_mean-04|direct|question_first|withhold|warm|deepseek-v4-pro", "ok": true, "error": ""}
{"request_id": "arithmetic_mean-04|direct|question_first|withhold|neutral|deepseek-v4-pro", "ok": true, "error": ""}
{"request_id": "arithmetic_mean-04|explore|explain_only|withhold|neutral|deepseek-v4-pro", "ok": true, "error": ""}
{"request_id": "arithmetic_mean-04|explore|explain_only|reveal|warm|deepseek-v4-pro", "ok": true, "error": ""}
{"request_id": "arithmetic_mean-05|direct|explain_only|reveal|neutral|deepseek-v4-pro", "ok": true, "error": ""}
{"request_id": "arithmetic_mean-04|explore|question_first|withhold|neutral|deepseek-v4-pro", "ok": true, "error": ""}
{"request_id": "arithmetic_mean-04|explore|question_first|reveal|warm|deepseek-v4-pro", "ok": true, "error": ""}
{"request_id": "arithmetic_mean-04|explore|question_first|reveal|neutral|deepseek-v4-pro", "ok": true, "error": ""}
{"request_id": "arithmetic_mean-04|explore|question_first|withhold|warm|deepseek-v4-pro", "ok": true, "error": ""}
{"request_id": "arithmetic_mean-05|direct|explain_only|withhold|neutral|deepseek-v4-pro", "ok": true, "error": ""}
{"request_id": "arithmetic_mean-05|direct|question_first|reveal|neutral|deepseek-v4-pro", "ok": true, "error": ""}
{"request_id": "arithmetic_mean-05|direct|question_first|reveal|warm|deepseek-v4-pro", "ok": true, "error": ""}
{"request_id": "arithmetic_mean-05|direct|explain_only|withhold|warm|deepseek-v4-pro", "ok": true, "error": ""}
{"request_id": "arithmetic_mean-05|direct|explain_only|reveal|warm|deepseek-v4-pro", "ok": true, "error": ""}
{"request_id": "arithmetic_mean-04|explore|explain_only|withhold|warm|deepseek-v4-pro", "ok": true, "error": ""}
{"request_id": "arithmetic_mean-05|explore|explain_only|reveal|neutral|deepseek-v4-pro", "ok": true, "error": ""}
{"request_id": "arithmetic_mean-05|direct|question_first|withhold|neutral|deepseek-v4-pro", "ok": true, "error": ""}
{"request_id": "arithmetic_mean-05|explore|explain_only|withhold|neutral|deepseek-v4-pro", "ok": true, "error": ""}
{"request_id": "arithmetic_mean-05|direct|question_first|withhold|warm|deepseek-v4-pro", "ok": true, "error": ""}
{"request_id": "arithmetic_mean-05|explore|explain_only|reveal|warm|deepseek-v4-pro", "ok": true, "error": ""}
{"request_id": "arithmetic_mean-05|explore|explain_only|withhold|warm|deepseek-v4-pro", "ok": true, "error": ""}
{"request_id": "arithmetic_mean-05|explore|question_first|reveal|neutral|deepseek-v4-pro", "ok": true, "error": ""}
{"request_id": "arithmetic_mean-05|explore|question_first|withhold|warm|deepseek-v4-pro", "ok": true, "error": ""}
{"request_id": "arithmetic_mean-05|explore|question_first|withhold|neutral|deepseek-v4-pro", "ok": true, "error": ""}
{"request_id": "arithmetic_mean-06|direct|explain_only|reveal|neutral|deepseek-v4-pro", "ok": true, "error": ""}
{"request_id": "arithmetic_mean-06|direct|explain_only|reveal|warm|deepseek-v4-pro", "ok": true, "error": ""}
{"request_id": "arithmetic_mean-05|explore|question_first|reveal|warm|deepseek-v4-pro", "ok": true, "error": ""}
{"request_id": "arithmetic_mean-06|direct|explain_only|withhold|neutral|deepseek-v4-pro", "ok": true, "error": ""}
{"request_id": "arithmetic_mean-06|direct|question_first|reveal|neutral|deepseek-v4-pro", "ok": true, "error": ""}
{"request_id": "arithmetic_mean-06|direct|explain_only|withhold|warm|deepseek-v4-pro", "ok": true, "error": ""}
{"request_id": "arithmetic_mean-06|direct|question_first|reveal|warm|deepseek-v4-pro", "ok": true, "error": ""}
{"request_id": "arithmetic_mean-06|direct|question_first|withhold|neutral|deepseek-v4-pro", "ok": true, "error": ""}
{"request_id": "arithmetic_mean-06|direct|question_first|withhold|warm|deepseek-v4-pro", "ok": true, "error": ""}
{"request_id": "arithmetic_mean-06|explore|explain_only|withhold|warm|deepseek-v4-pro", "ok": true, "error": ""}
{"request_id": "arithmetic_mean-06|explore|explain_only|reveal|neutral|deepseek-v4-pro", "ok": true, "error": ""}
{"request_id": "arithmetic_mean-06|explore|explain_only|reveal|warm|deepseek-v4-pro", "ok": true, "error": ""}
{"request_id": "arithmetic_mean-06|explore|explain_only|withhold|neutral|deepseek-v4-pro", "ok": true, "error": ""}
{"request_id": "arithmetic_mean-07|direct|explain_only|reveal|neutral|deepseek-v4-pro", "ok": true, "error": ""}
{"request_id": "arithmetic_mean-06|explore|question_first|withhold|neutral|deepseek-v4-pro", "ok": true, "error": ""}
{"request_id": "arithmetic_mean-06|explore|question_first|reveal|neutral|deepseek-v4-pro", "ok": true, "error": ""}
{"request_id": "arithmetic_mean-07|direct|explain_only|reveal|warm|deepseek-v4-pro", "ok": true, "error": ""}
{"request_id": "arithmetic_mean-06|explore|question_first|reveal|warm|deepseek-v4-pro", "ok": true, "error": ""}
{"request_id": "arithmetic_mean-06|explore|question_first|withhold|warm|deepseek-v4-pro", "ok": true, "error": ""}
{"request_id": "arithmetic_mean-07|direct|explain_only|withhold|warm|deepseek-v4-pro", "ok": true, "error": ""}
{"request_id": "arithmetic_mean-07|direct|explain_only|withhold|neutral|deepseek-v4-pro", "ok": true, "error": ""}
{"request_id": "arithmetic_mean-07|direct|question_first|reveal|warm|deepseek-v4-pro", "ok": true, "error": ""}
{"request_id": "arithmetic_mean-07|direct|question_first|reveal|neutral|deepseek-v4-pro", "ok": true, "error": ""}
{"request_id": "arithmetic_mean-07|direct|question_first|withhold|warm|deepseek-v4-pro", "ok": true, "error": ""}
{"request_id": "arithmetic_mean-07|direct|question_first|withhold|neutral|deepseek-v4-pro", "ok": true, "error": ""}
{"request_id": "arithmetic_mean-07|explore|explain_only|reveal|neutral|deepseek-v4-pro", "ok": true, "error": ""}
{"request_id": "arithmetic_mean-07|explore|explain_only|reveal|warm|deepseek-v4-pro", "ok": true, "error": ""}
{"request_id": "arithmetic_mean-07|explore|explain_only|withhold|neutral|deepseek-v4-pro", "ok": true, "error": ""}
{"request_id": "arithmetic_mean-07|explore|explain_only|withhold|warm|deepseek-v4-pro", "ok": true, "error": ""}
{"request_id": "arithmetic_mean-07|explore|question_first|reveal|neutral|deepseek-v4-pro", "ok": true, "error": ""}
{"request_id": "arithmetic_mean-07|explore|question_first|withhold|neutral|deepseek-v4-pro", "ok": true, "error": ""}
{"request_id": "arithmetic_mean-07|explore|question_first|reveal|warm|deepseek-v4-pro", "ok": true, "error": ""}
{"request_id": "fraction_addition-00|direct|explain_only|reveal|neutral|deepseek-v4-pro", "ok": true, "error": ""}
{"request_id": "fraction_addition-00|direct|explain_only|reveal|warm|deepseek-v4-pro", "ok": true, "error": ""}
{"request_id": "fraction_addition-00|direct|explain_only|withhold|warm|deepseek-v4-pro", "ok": true, "error": ""}
{"request_id": "arithmetic_mean-07|explore|question_first|withhold|warm|deepseek-v4-pro", "ok": true, "error": ""}
{"request_id": "fraction_addition-00|direct|explain_only|withhold|neutral|deepseek-v4-pro", "ok": true, "error": ""}
{"request_id": "fraction_addition-00|direct|question_first|reveal|neutral|deepseek-v4-pro", "ok": true, "error": ""}
{"request_id": "fraction_addition-00|direct|question_first|withhold|neutral|deepseek-v4-pro", "ok": true, "error": ""}
{"request_id": "fraction_addition-00|direct|question_first|reveal|warm|deepseek-v4-pro", "ok": true, "error": ""}
{"request_id": "fraction_addition-00|explore|explain_only|withhold|neutral|deepseek-v4-pro", "ok": true, "error": ""}
{"request_id": "fraction_addition-00|explore|explain_only|reveal|neutral|deepseek-v4-pro", "ok": true, "error": ""}
{"request_id": "fraction_addition-00|explore|explain_only|withhold|warm|deepseek-v4-pro", "ok": true, "error": ""}
{"request_id": "fraction_addition-00|direct|question_first|withhold|warm|deepseek-v4-pro", "ok": true, "error": ""}
{"request_id": "fraction_addition-00|explore|question_first|withhold|neutral|deepseek-v4-pro", "ok": true, "error": ""}
{"request_id": "fraction_addition-00|explore|explain_only|reveal|warm|deepseek-v4-pro", "ok": true, "error": ""}
{"request_id": "fraction_addition-00|explore|question_first|reveal|neutral|deepseek-v4-pro", "ok": true, "error": ""}
{"request_id": "fraction_addition-01|direct|explain_only|reveal|warm|deepseek-v4-pro", "ok": true, "error": ""}
{"request_id": "fraction_addition-01|direct|explain_only|reveal|neutral|deepseek-v4-pro", "ok": true, "error": ""}
{"request_id": "fraction_addition-01|direct|explain_only|withhold|warm|deepseek-v4-pro", "ok": true, "error": ""}
{"request_id": "fraction_addition-00|explore|question_first|reveal|warm|deepseek-v4-pro", "ok": true, "error": ""}
{"request_id": "fraction_addition-01|direct|question_first|reveal|neutral|deepseek-v4-pro", "ok": true, "error": ""}
{"request_id": "fraction_addition-01|direct|explain_only|withhold|neutral|deepseek-v4-pro", "ok": true, "error": ""}
{"request_id": "fraction_addition-00|explore|question_first|withhold|warm|deepseek-v4-pro", "ok": true, "error": ""}
{"request_id": "fraction_addition-01|explore|explain_only|reveal|neutral|deepseek-v4-pro", "ok": true, "error": ""}
{"request_id": "fraction_addition-01|direct|question_first|withhold|warm|deepseek-v4-pro", "ok": true, "error": ""}
{"request_id": "fraction_addition-01|explore|explain_only|withhold|neutral|deepseek-v4-pro", "ok": true, "error": ""}
{"request_id": "fraction_addition-01|direct|question_first|reveal|warm|deepseek-v4-pro", "ok": true, "error": ""}
{"request_id": "fraction_addition-01|direct|question_first|withhold|neutral|deepseek-v4-pro", "ok": true, "error": ""}
{"request_id": "fraction_addition-01|explore|explain_only|reveal|warm|deepseek-v4-pro", "ok": true, "error": ""}
{"request_id": "fraction_addition-01|explore|question_first|reveal|neutral|deepseek-v4-pro", "ok": true, "error": ""}
{"request_id": "fraction_addition-01|explore|explain_only|withhold|warm|deepseek-v4-pro", "ok": true, "error": ""}
{"request_id": "fraction_addition-02|direct|explain_only|reveal|neutral|deepseek-v4-pro", "ok": true, "error": ""}
{"request_id": "fraction_addition-02|direct|explain_only|reveal|warm|deepseek-v4-pro", "ok": true, "error": ""}
{"request_id": "fraction_addition-01|explore|question_first|reveal|warm|deepseek-v4-pro", "ok": true, "error": ""}
{"request_id": "fraction_addition-02|direct|explain_only|withhold|neutral|deepseek-v4-pro", "ok": true, "error": ""}
{"request_id": "fraction_addition-01|explore|question_first|withhold|warm|deepseek-v4-pro", "ok": true, "error": ""}
{"request_id": "fraction_addition-01|explore|question_first|withhold|neutral|deepseek-v4-pro", "ok": true, "error": ""}
{"request_id": "fraction_addition-02|direct|question_first|reveal|neutral|deepseek-v4-pro", "ok": true, "error": ""}
{"request_id": "fraction_addition-02|direct|question_first|reveal|warm|deepseek-v4-pro", "ok": true, "error": ""}
{"request_id": "fraction_addition-02|explore|explain_only|withhold|neutral|deepseek-v4-pro", "ok": true, "error": ""}
{"request_id": "fraction_addition-02|direct|explain_only|withhold|warm|deepseek-v4-pro", "ok": true, "error": ""}
{"request_id": "fraction_addition-02|explore|explain_only|reveal|neutral|deepseek-v4-pro", "ok": true, "error": ""}
{"request_id": "fraction_addition-02|explore|explain_only|reveal|warm|deepseek-v4-pro", "ok": true, "error": ""}
{"request_id": "fraction_addition-02|direct|question_first|withhold|neutral|deepseek-v4-pro", "ok": true, "error": ""}
{"request_id": "fraction_addition-02|direct|question_first|withhold|warm|deepseek-v4-pro", "ok": true, "error": ""}
{"request_id": "fraction_addition-02|explore|explain_only|withhold|warm|deepseek-v4-pro", "ok": true, "error": ""}
{"request_id": "fraction_addition-03|direct|explain_only|reveal|warm|deepseek-v4-pro", "ok": true, "error": ""}
{"request_id": "fraction_addition-03|direct|explain_only|reveal|neutral|deepseek-v4-pro", "ok": true, "error": ""}
{"request_id": "fraction_addition-03|direct|explain_only|withhold|neutral|deepseek-v4-pro", "ok": true, "error": ""}
{"request_id": "fraction_addition-02|explore|question_first|reveal|neutral|deepseek-v4-pro", "ok": true, "error": ""}
{"request_id": "fraction_addition-02|explore|question_first|reveal|warm|deepseek-v4-pro", "ok": true, "error": ""}
{"request_id": "fraction_addition-02|explore|question_first|withhold|neutral|deepseek-v4-pro", "ok": true, "error": ""}
{"request_id": "fraction_addition-03|direct|question_first|reveal|neutral|deepseek-v4-pro", "ok": true, "error": ""}
{"request_id": "fraction_addition-03|direct|explain_only|withhold|warm|deepseek-v4-pro", "ok": true, "error": ""}
{"request_id": "fraction_addition-03|direct|question_first|withhold|neutral|deepseek-v4-pro", "ok": true, "error": ""}
{"request_id": "fraction_addition-02|explore|question_first|withhold|warm|deepseek-v4-pro", "ok": true, "error": ""}
{"request_id": "fraction_addition-03|explore|explain_only|reveal|neutral|deepseek-v4-pro", "ok": true, "error": ""}
{"request_id": "fraction_addition-03|direct|question_first|reveal|warm|deepseek-v4-pro", "ok": true, "error": ""}
{"request_id": "fraction_addition-03|explore|explain_only|withhold|neutral|deepseek-v4-pro", "ok": true, "error": ""}
{"request_id": "fraction_addition-03|direct|question_first|withhold|warm|deepseek-v4-pro", "ok": true, "error": ""}
{"request_id": "fraction_addition-03|explore|explain_only|reveal|warm|deepseek-v4-pro", "ok": true, "error": ""}
{"request_id": "fraction_addition-03|explore|question_first|reveal|neutral|deepseek-v4-pro", "ok": true, "error": ""}
{"request_id": "fraction_addition-03|explore|question_first|withhold|neutral|deepseek-v4-pro", "ok": true, "error": ""}
{"request_id": "fraction_addition-04|direct|explain_only|reveal|neutral|deepseek-v4-pro", "ok": true, "error": ""}
{"request_id": "fraction_addition-03|explore|question_first|withhold|warm|deepseek-v4-pro", "ok": true, "error": ""}
{"request_id": "fraction_addition-03|explore|explain_only|withhold|warm|deepseek-v4-pro", "ok": true, "error": ""}
{"request_id": "fraction_addition-03|explore|question_first|reveal|warm|deepseek-v4-pro", "ok": true, "error": ""}
{"request_id": "fraction_addition-04|direct|explain_only|reveal|warm|deepseek-v4-pro", "ok": true, "error": ""}
{"request_id": "fraction_addition-04|explore|explain_only|reveal|neutral|deepseek-v4-pro", "ok": true, "error": ""}
{"request_id": "fraction_addition-04|direct|question_first|reveal|neutral|deepseek-v4-pro", "ok": true, "error": ""}
{"request_id": "fraction_addition-04|direct|question_first|reveal|warm|deepseek-v4-pro", "ok": true, "error": ""}
{"request_id": "fraction_addition-04|direct|question_first|withhold|warm|deepseek-v4-pro", "ok": true, "error": ""}
{"request_id": "fraction_addition-04|direct|explain_only|withhold|neutral|deepseek-v4-pro", "ok": true, "error": ""}
{"request_id": "fraction_addition-04|direct|explain_only|withhold|warm|deepseek-v4-pro", "ok": true, "error": ""}
{"request_id": "fraction_addition-04|direct|question_first|withhold|neutral|deepseek-v4-pro", "ok": true, "error": ""}
{"request_id": "fraction_addition-04|explore|explain_only|reveal|warm|deepseek-v4-pro", "ok": true, "error": ""}
{"request_id": "fraction_addition-04|explore|question_first|withhold|warm|deepseek-v4-pro", "ok": true, "error": ""}
{"request_id": "fraction_addition-04|explore|explain_only|withhold|warm|deepseek-v4-pro", "ok": true, "error": ""}
{"request_id": "fraction_addition-04|explore|question_first|reveal|neutral|deepseek-v4-pro", "ok": true, "error": ""}
{"request_id": "fraction_addition-05|direct|explain_only|reveal|neutral|deepseek-v4-pro", "ok": true, "error": ""}
{"request_id": "fraction_addition-04|explore|explain_only|withhold|neutral|deepseek-v4-pro", "ok": true, "error": ""}
{"request_id": "fraction_addition-05|direct|explain_only|reveal|warm|deepseek-v4-pro", "ok": true, "error": ""}
{"request_id": "fraction_addition-04|explore|question_first|withhold|neutral|deepseek-v4-pro", "ok": true, "error": ""}
{"request_id": "fraction_addition-04|explore|question_first|reveal|warm|deepseek-v4-pro", "ok": true, "error": ""}
{"request_id": "fraction_addition-05|direct|explain_only|withhold|neutral|deepseek-v4-pro", "ok": true, "error": ""}
{"request_id": "fraction_addition-05|direct|question_first|reveal|neutral|deepseek-v4-pro", "ok": true, "error": ""}
{"request_id": "fraction_addition-05|explore|explain_only|reveal|neutral|deepseek-v4-pro", "ok": true, "error": ""}
{"request_id": "fraction_addition-05|direct|question_first|reveal|warm|deepseek-v4-pro", "ok": true, "error": ""}
{"request_id": "fraction_addition-05|direct|question_first|withhold|neutral|deepseek-v4-pro", "ok": true, "error": ""}
{"request_id": "fraction_addition-05|explore|explain_only|reveal|warm|deepseek-v4-pro", "ok": true, "error": ""}
{"request_id": "fraction_addition-05|direct|explain_only|withhold|warm|deepseek-v4-pro", "ok": true, "error": ""}
{"request_id": "fraction_addition-05|direct|question_first|withhold|warm|deepseek-v4-pro", "ok": true, "error": ""}
{"request_id": "fraction_addition-05|explore|explain_only|withhold|neutral|deepseek-v4-pro", "ok": true, "error": ""}
{"request_id": "fraction_addition-06|direct|explain_only|reveal|neutral|deepseek-v4-pro", "ok": true, "error": ""}
{"request_id": "fraction_addition-06|direct|explain_only|withhold|neutral|deepseek-v4-pro", "ok": true, "error": ""}
{"request_id": "fraction_addition-05|explore|question_first|reveal|neutral|deepseek-v4-pro", "ok": true, "error": ""}
{"request_id": "fraction_addition-05|explore|question_first|withhold|warm|deepseek-v4-pro", "ok": true, "error": ""}
{"request_id": "fraction_addition-06|direct|explain_only|reveal|warm|deepseek-v4-pro", "ok": true, "error": ""}
{"request_id": "fraction_addition-05|explore|question_first|reveal|warm|deepseek-v4-pro", "ok": true, "error": ""}
{"request_id": "fraction_addition-06|direct|question_first|reveal|neutral|deepseek-v4-pro", "ok": true, "error": ""}
{"request_id": "fraction_addition-05|explore|question_first|withhold|neutral|deepseek-v4-pro", "ok": true, "error": ""}
{"request_id": "fraction_addition-06|direct|question_first|withhold|warm|deepseek-v4-pro", "ok": true, "error": ""}
{"request_id": "fraction_addition-06|direct|explain_only|withhold|warm|deepseek-v4-pro", "ok": true, "error": ""}
{"request_id": "fraction_addition-06|explore|explain_only|reveal|neutral|deepseek-v4-pro", "ok": true, "error": ""}
{"request_id": "fraction_addition-05|explore|explain_only|withhold|warm|deepseek-v4-pro", "ok": true, "error": ""}
{"request_id": "fraction_addition-06|direct|question_first|withhold|neutral|deepseek-v4-pro", "ok": true, "error": ""}
{"request_id": "fraction_addition-06|direct|question_first|reveal|warm|deepseek-v4-pro", "ok": true, "error": ""}
{"request_id": "fraction_addition-06|explore|explain_only|reveal|warm|deepseek-v4-pro", "ok": true, "error": ""}
{"request_id": "fraction_addition-06|explore|question_first|reveal|neutral|deepseek-v4-pro", "ok": true, "error": ""}
{"request_id": "fraction_addition-06|explore|explain_only|withhold|warm|deepseek-v4-pro", "ok": true, "error": ""}
{"request_id": "fraction_addition-06|explore|explain_only|withhold|neutral|deepseek-v4-pro", "ok": true, "error": ""}
{"request_id": "fraction_addition-06|explore|question_first|reveal|warm|deepseek-v4-pro", "ok": true, "error": ""}
{"request_id": "fraction_addition-06|explore|question_first|withhold|neutral|deepseek-v4-pro", "ok": true, "error": ""}
{"request_id": "fraction_addition-07|direct|explain_only|reveal|warm|deepseek-v4-pro", "ok": true, "error": ""}
{"request_id": "fraction_addition-07|direct|explain_only|reveal|neutral|deepseek-v4-pro", "ok": true, "error": ""}
{"request_id": "fraction_addition-06|explore|question_first|withhold|warm|deepseek-v4-pro", "ok": true, "error": ""}
{"request_id": "fraction_addition-07|direct|explain_only|withhold|neutral|deepseek-v4-pro", "ok": true, "error": ""}
{"request_id": "fraction_addition-07|direct|explain_only|withhold|warm|deepseek-v4-pro", "ok": true, "error": ""}
{"request_id": "fraction_addition-07|direct|question_first|reveal|neutral|deepseek-v4-pro", "ok": true, "error": ""}
{"request_id": "fraction_addition-07|explore|explain_only|reveal|neutral|deepseek-v4-pro", "ok": true, "error": ""}
{"request_id": "fraction_addition-07|direct|question_first|withhold|warm|deepseek-v4-pro", "ok": true, "error": ""}
{"request_id": "fraction_addition-07|direct|question_first|reveal|warm|deepseek-v4-pro", "ok": true, "error": ""}
{"request_id": "fraction_addition-07|explore|explain_only|withhold|neutral|deepseek-v4-pro", "ok": true, "error": ""}
{"request_id": "fraction_addition-07|explore|question_first|reveal|neutral|deepseek-v4-pro", "ok": true, "error": ""}
{"request_id": "fraction_addition-07|explore|explain_only|reveal|warm|deepseek-v4-pro", "ok": true, "error": ""}
{"request_id": "fraction_addition-07|direct|question_first|withhold|neutral|deepseek-v4-pro", "ok": true, "error": ""}
{"request_id": "linear_equation-00|direct|explain_only|reveal|neutral|deepseek-v4-pro", "ok": true, "error": ""}
{"request_id": "fraction_addition-07|explore|question_first|withhold|warm|deepseek-v4-pro", "ok": true, "error": ""}
{"request_id": "linear_equation-00|direct|explain_only|reveal|warm|deepseek-v4-pro", "ok": true, "error": ""}
{"request_id": "fraction_addition-07|explore|question_first|reveal|warm|deepseek-v4-pro", "ok": true, "error": ""}
{"request_id": "fraction_addition-07|explore|explain_only|withhold|warm|deepseek-v4-pro", "ok": true, "error": ""}
{"request_id": "linear_equation-00|direct|question_first|reveal|neutral|deepseek-v4-pro", "ok": true, "error": ""}
{"request_id": "linear_equation-00|direct|explain_only|withhold|neutral|deepseek-v4-pro", "ok": true, "error": ""}
{"request_id": "fraction_addition-07|explore|question_first|withhold|neutral|deepseek-v4-pro", "ok": true, "error": ""}
{"request_id": "linear_equation-00|direct|explain_only|withhold|warm|deepseek-v4-pro", "ok": true, "error": ""}
{"request_id": "linear_equation-00|explore|explain_only|reveal|neutral|deepseek-v4-pro", "ok": true, "error": ""}
{"request_id": "linear_equation-00|direct|question_first|withhold|warm|deepseek-v4-pro", "ok": true, "error": ""}
{"request_id": "linear_equation-00|explore|explain_only|reveal|warm|deepseek-v4-pro", "ok": true, "error": ""}
{"request_id": "linear_equation-00|explore|explain_only|withhold|neutral|deepseek-v4-pro", "ok": true, "error": ""}
{"request_id": "linear_equation-00|direct|question_first|reveal|warm|deepseek-v4-pro", "ok": true, "error": ""}
{"request_id": "linear_equation-00|explore|explain_only|withhold|warm|deepseek-v4-pro", "ok": true, "error": ""}
{"request_id": "linear_equation-00|direct|question_first|withhold|neutral|deepseek-v4-pro", "ok": true, "error": ""}
{"request_id": "linear_equation-00|explore|question_first|reveal|neutral|deepseek-v4-pro", "ok": true, "error": ""}
{"request_id": "linear_equation-01|direct|explain_only|reveal|warm|deepseek-v4-pro", "ok": true, "error": ""}
{"request_id": "linear_equation-00|explore|question_first|reveal|warm|deepseek-v4-pro", "ok": true, "error": ""}
{"request_id": "linear_equation-01|direct|explain_only|reveal|neutral|deepseek-v4-pro", "ok": true, "error": ""}
{"request_id": "linear_equation-00|explore|question_first|withhold|neutral|deepseek-v4-pro", "ok": true, "error": ""}
{"request_id": "linear_equation-01|direct|explain_only|withhold|neutral|deepseek-v4-pro", "ok": true, "error": ""}
{"request_id": "linear_equation-01|direct|question_first|reveal|neutral|deepseek-v4-pro", "ok": true, "error": ""}
{"request_id": "linear_equation-01|direct|explain_only|withhold|warm|deepseek-v4-pro", "ok": true, "error": ""}
{"request_id": "linear_equation-00|explore|question_first|withhold|warm|deepseek-v4-pro", "ok": true, "error": ""}
{"request_id": "linear_equation-01|direct|question_first|reveal|warm|deepseek-v4-pro", "ok": true, "error": ""}
{"request_id": "linear_equation-01|explore|explain_only|reveal|neutral|deepseek-v4-pro", "ok": true, "error": ""}
{"request_id": "linear_equation-01|explore|explain_only|reveal|warm|deepseek-v4-pro", "ok": true, "error": ""}
{"request_id": "linear_equation-01|direct|question_first|withhold|warm|deepseek-v4-pro", "ok": true, "error": ""}
{"request_id": "linear_equation-01|direct|question_first|withhold|neutral|deepseek-v4-pro", "ok": true, "error": ""}
{"request_id": "linear_equation-02|direct|explain_only|reveal|neutral|deepseek-v4-pro", "ok": true, "error": ""}
{"request_id": "linear_equation-01|explore|question_first|reveal|neutral|deepseek-v4-pro", "ok": true, "error": ""}
{"request_id": "linear_equation-02|direct|explain_only|reveal|warm|deepseek-v4-pro", "ok": true, "error": ""}
{"request_id": "linear_equation-01|explore|question_first|reveal|warm|deepseek-v4-pro", "ok": true, "error": ""}
{"request_id": "linear_equation-01|explore|explain_only|withhold|warm|deepseek-v4-pro", "ok": true, "error": ""}
{"request_id": "linear_equation-01|explore|explain_only|withhold|neutral|deepseek-v4-pro", "ok": true, "error": ""}
{"request_id": "linear_equation-01|explore|question_first|withhold|neutral|deepseek-v4-pro", "ok": true, "error": ""}
{"request_id": "linear_equation-01|explore|question_first|withhold|warm|deepseek-v4-pro", "ok": true, "error": ""}
{"request_id": "linear_equation-02|direct|explain_only|withhold|neutral|deepseek-v4-pro", "ok": true, "error": ""}
{"request_id": "linear_equation-02|direct|question_first|reveal|neutral|deepseek-v4-pro", "ok": true, "error": ""}
{"request_id": "linear_equation-02|direct|question_first|withhold|neutral|deepseek-v4-pro", "ok": true, "error": ""}
{"request_id": "linear_equation-02|direct|explain_only|withhold|warm|deepseek-v4-pro", "ok": true, "error": ""}
{"request_id": "linear_equation-02|direct|question_first|reveal|warm|deepseek-v4-pro", "ok": true, "error": ""}
{"request_id": "linear_equation-02|explore|explain_only|reveal|neutral|deepseek-v4-pro", "ok": true, "error": ""}
{"request_id": "linear_equation-02|explore|explain_only|withhold|neutral|deepseek-v4-pro", "ok": true, "error": ""}
{"request_id": "linear_equation-02|direct|question_first|withhold|warm|deepseek-v4-pro", "ok": true, "error": ""}
{"request_id": "linear_equation-02|explore|explain_only|reveal|warm|deepseek-v4-pro", "ok": true, "error": ""}
{"request_id": "linear_equation-02|explore|question_first|reveal|neutral|deepseek-v4-pro", "ok": true, "error": ""}
{"request_id": "linear_equation-02|explore|explain_only|withhold|warm|deepseek-v4-pro", "ok": true, "error": ""}
{"request_id": "linear_equation-02|explore|question_first|withhold|warm|deepseek-v4-pro", "ok": true, "error": ""}
{"request_id": "linear_equation-03|direct|explain_only|reveal|neutral|deepseek-v4-pro", "ok": true, "error": ""}
{"request_id": "linear_equation-03|direct|explain_only|withhold|neutral|deepseek-v4-pro", "ok": true, "error": ""}
{"request_id": "linear_equation-03|direct|question_first|reveal|neutral|deepseek-v4-pro", "ok": true, "error": ""}
{"request_id": "linear_equation-02|explore|question_first|reveal|warm|deepseek-v4-pro", "ok": true, "error": ""}
{"request_id": "linear_equation-02|explore|question_first|withhold|neutral|deepseek-v4-pro", "ok": true, "error": ""}
{"request_id": "linear_equation-03|direct|explain_only|reveal|warm|deepseek-v4-pro", "ok": true, "error": ""}
{"request_id": "linear_equation-03|direct|explain_only|withhold|warm|deepseek-v4-pro", "ok": true, "error": ""}
{"request_id": "linear_equation-03|direct|question_first|withhold|neutral|deepseek-v4-pro", "ok": true, "error": ""}
{"request_id": "linear_equation-03|direct|question_first|reveal|warm|deepseek-v4-pro", "ok": true, "error": ""}
{"request_id": "linear_equation-03|explore|explain_only|withhold|neutral|deepseek-v4-pro", "ok": true, "error": ""}
{"request_id": "linear_equation-03|explore|explain_only|withhold|warm|deepseek-v4-pro", "ok": true, "error": ""}
{"request_id": "linear_equation-03|direct|question_first|withhold|warm|deepseek-v4-pro", "ok": true, "error": ""}
{"request_id": "linear_equation-03|explore|question_first|withhold|neutral|deepseek-v4-pro", "ok": true, "error": ""}
{"request_id": "linear_equation-03|explore|question_first|reveal|neutral|deepseek-v4-pro", "ok": true, "error": ""}
{"request_id": "linear_equation-03|explore|explain_only|reveal|neutral|deepseek-v4-pro", "ok": true, "error": ""}
{"request_id": "linear_equation-04|direct|explain_only|reveal|neutral|deepseek-v4-pro", "ok": true, "error": ""}
{"request_id": "linear_equation-03|explore|question_first|reveal|warm|deepseek-v4-pro", "ok": true, "error": ""}
{"request_id": "linear_equation-03|explore|question_first|withhold|warm|deepseek-v4-pro", "ok": true, "error": ""}
{"request_id": "linear_equation-03|explore|explain_only|reveal|warm|deepseek-v4-pro", "ok": true, "error": ""}
{"request_id": "linear_equation-04|direct|explain_only|withhold|warm|deepseek-v4-pro", "ok": true, "error": ""}
{"request_id": "linear_equation-04|direct|explain_only|reveal|warm|deepseek-v4-pro", "ok": true, "error": ""}
{"request_id": "linear_equation-04|direct|explain_only|withhold|neutral|deepseek-v4-pro", "ok": true, "error": ""}
{"request_id": "linear_equation-04|direct|question_first|reveal|neutral|deepseek-v4-pro", "ok": true, "error": ""}
{"request_id": "linear_equation-04|explore|explain_only|reveal|neutral|deepseek-v4-pro", "ok": true, "error": ""}
{"request_id": "linear_equation-04|direct|question_first|withhold|warm|deepseek-v4-pro", "ok": true, "error": ""}
{"request_id": "linear_equation-04|direct|question_first|withhold|neutral|deepseek-v4-pro", "ok": true, "error": ""}
{"request_id": "linear_equation-04|direct|question_first|reveal|warm|deepseek-v4-pro", "ok": true, "error": ""}
{"request_id": "linear_equation-04|explore|explain_only|withhold|neutral|deepseek-v4-pro", "ok": true, "error": ""}
{"request_id": "linear_equation-04|explore|explain_only|reveal|warm|deepseek-v4-pro", "ok": true, "error": ""}
{"request_id": "linear_equation-04|explore|explain_only|withhold|warm|deepseek-v4-pro", "ok": true, "error": ""}
{"request_id": "linear_equation-04|explore|question_first|reveal|neutral|deepseek-v4-pro", "ok": true, "error": ""}
{"request_id": "linear_equation-05|direct|explain_only|reveal|neutral|deepseek-v4-pro", "ok": true, "error": ""}
{"request_id": "linear_equation-05|direct|explain_only|reveal|warm|deepseek-v4-pro", "ok": true, "error": ""}
{"request_id": "linear_equation-04|explore|question_first|withhold|neutral|deepseek-v4-pro", "ok": true, "error": ""}
{"request_id": "linear_equation-05|direct|explain_only|withhold|warm|deepseek-v4-pro", "ok": true, "error": ""}
{"request_id": "linear_equation-04|explore|question_first|reveal|warm|deepseek-v4-pro", "ok": true, "error": ""}
{"request_id": "linear_equation-05|direct|explain_only|withhold|neutral|deepseek-v4-pro", "ok": true, "error": ""}
{"request_id": "linear_equation-05|direct|question_first|reveal|neutral|deepseek-v4-pro", "ok": true, "error": ""}
{"request_id": "linear_equation-04|explore|question_first|withhold|warm|deepseek-v4-pro", "ok": true, "error": ""}
{"request_id": "linear_equation-05|direct|question_first|withhold|warm|deepseek-v4-pro", "ok": true, "error": ""}
{"request_id": "linear_equation-05|direct|question_first|reveal|warm|deepseek-v4-pro", "ok": true, "error": ""}
{"request_id": "linear_equation-05|direct|question_first|withhold|neutral|deepseek-v4-pro", "ok": true, "error": ""}
{"request_id": "linear_equation-05|explore|explain_only|withhold|warm|deepseek-v4-pro", "ok": true, "error": ""}
{"request_id": "linear_equation-05|explore|explain_only|reveal|neutral|deepseek-v4-pro", "ok": true, "error": ""}
{"request_id": "linear_equation-05|explore|explain_only|reveal|warm|deepseek-v4-pro", "ok": true, "error": ""}
{"request_id": "linear_equation-05|explore|question_first|reveal|neutral|deepseek-v4-pro", "ok": true, "error": ""}
{"request_id": "linear_equation-06|direct|explain_only|reveal|warm|deepseek-v4-pro", "ok": true, "error": ""}
{"request_id": "linear_equation-06|direct|explain_only|reveal|neutral|deepseek-v4-pro", "ok": true, "error": ""}
{"request_id": "linear_equation-05|explore|question_first|withhold|neutral|deepseek-v4-pro", "ok": true, "error": ""}
{"request_id": "linear_equation-05|explore|explain_only|withhold|neutral|deepseek-v4-pro", "ok": true, "error": ""}
{"request_id": "linear_equation-05|explore|question_first|withhold|warm|deepseek-v4-pro", "ok": true, "error": ""}
{"request_id": "linear_equation-06|direct|question_first|reveal|neutral|deepseek-v4-pro", "ok": true, "error": ""}
{"request_id": "linear_equation-06|direct|explain_only|withhold|neutral|deepseek-v4-pro", "ok": true, "error": ""}
{"request_id": "linear_equation-06|direct|explain_only|withhold|warm|deepseek-v4-pro", "ok": true, "error": ""}
{"request_id": "linear_equation-05|explore|question_first|reveal|warm|deepseek-v4-pro", "ok": true, "error": ""}
{"request_id": "linear_equation-06|direct|question_first|reveal|warm|deepseek-v4-pro", "ok": true, "error": ""}
{"request_id": "linear_equation-06|explore|explain_only|withhold|neutral|deepseek-v4-pro", "ok": true, "error": ""}
{"request_id": "linear_equation-06|explore|explain_only|reveal|neutral|deepseek-v4-pro", "ok": true, "error": ""}
{"request_id": "linear_equation-06|direct|question_first|withhold|neutral|deepseek-v4-pro", "ok": true, "error": ""}
{"request_id": "linear_equation-06|direct|question_first|withhold|warm|deepseek-v4-pro", "ok": true, "error": ""}
{"request_id": "linear_equation-06|explore|explain_only|reveal|warm|deepseek-v4-pro", "ok": true, "error": ""}
{"request_id": "linear_equation-06|explore|explain_only|withhold|warm|deepseek-v4-pro", "ok": true, "error": ""}
{"request_id": "linear_equation-06|explore|question_first|reveal|neutral|deepseek-v4-pro", "ok": true, "error": ""}
{"request_id": "linear_equation-06|explore|question_first|withhold|neutral|deepseek-v4-pro", "ok": true, "error": ""}
{"request_id": "linear_equation-07|direct|explain_only|reveal|neutral|deepseek-v4-pro", "ok": true, "error": ""}
{"request_id": "linear_equation-07|direct|explain_only|reveal|warm|deepseek-v4-pro", "ok": true, "error": ""}
{"request_id": "linear_equation-06|explore|question_first|reveal|warm|deepseek-v4-pro", "ok": true, "error": ""}
{"request_id": "linear_equation-07|direct|explain_only|withhold|neutral|deepseek-v4-pro", "ok": true, "error": ""}
{"request_id": "linear_equation-06|explore|question_first|withhold|warm|deepseek-v4-pro", "ok": true, "error": ""}
{"request_id": "linear_equation-07|direct|question_first|withhold|neutral|deepseek-v4-pro", "ok": true, "error": ""}
{"request_id": "linear_equation-07|direct|question_first|reveal|neutral|deepseek-v4-pro", "ok": true, "error": ""}
{"request_id": "linear_equation-07|direct|question_first|reveal|warm|deepseek-v4-pro", "ok": true, "error": ""}
{"request_id": "linear_equation-07|explore|explain_only|reveal|neutral|deepseek-v4-pro", "ok": true, "error": ""}
{"request_id": "linear_equation-07|direct|question_first|withhold|warm|deepseek-v4-pro", "ok": true, "error": ""}
{"request_id": "linear_equation-07|direct|explain_only|withhold|warm|deepseek-v4-pro", "ok": true, "error": ""}
{"request_id": "linear_equation-07|explore|explain_only|withhold|neutral|deepseek-v4-pro", "ok": true, "error": ""}
{"request_id": "linear_equation-07|explore|explain_only|reveal|warm|deepseek-v4-pro", "ok": true, "error": ""}
{"request_id": "percentage_discount-00|direct|explain_only|reveal|neutral|deepseek-v4-pro", "ok": true, "error": ""}
{"request_id": "linear_equation-07|explore|question_first|reveal|neutral|deepseek-v4-pro", "ok": true, "error": ""}
{"request_id": "linear_equation-07|explore|explain_only|withhold|warm|deepseek-v4-pro", "ok": true, "error": ""}
{"request_id": "linear_equation-07|explore|question_first|withhold|neutral|deepseek-v4-pro", "ok": true, "error": ""}
{"request_id": "linear_equation-07|explore|question_first|withhold|warm|deepseek-v4-pro", "ok": true, "error": ""}
{"request_id": "percentage_discount-00|direct|explain_only|reveal|warm|deepseek-v4-pro", "ok": true, "error": ""}
{"request_id": "percentage_discount-00|direct|explain_only|withhold|neutral|deepseek-v4-pro", "ok": true, "error": ""}
{"request_id": "linear_equation-07|explore|question_first|reveal|warm|deepseek-v4-pro", "ok": true, "error": ""}
{"request_id": "percentage_discount-00|direct|question_first|reveal|neutral|deepseek-v4-pro", "ok": true, "error": ""}
{"request_id": "percentage_discount-00|direct|question_first|withhold|neutral|deepseek-v4-pro", "ok": true, "error": ""}
{"request_id": "percentage_discount-00|direct|question_first|reveal|warm|deepseek-v4-pro", "ok": true, "error": ""}
{"request_id": "percentage_discount-00|direct|explain_only|withhold|warm|deepseek-v4-pro", "ok": true, "error": ""}
{"request_id": "percentage_discount-00|explore|explain_only|reveal|neutral|deepseek-v4-pro", "ok": true, "error": ""}
{"request_id": "percentage_discount-00|explore|explain_only|withhold|warm|deepseek-v4-pro", "ok": true, "error": ""}
{"request_id": "percentage_discount-00|explore|explain_only|reveal|warm|deepseek-v4-pro", "ok": true, "error": ""}
{"request_id": "percentage_discount-00|direct|question_first|withhold|warm|deepseek-v4-pro", "ok": true, "error": ""}
{"request_id": "percentage_discount-00|explore|explain_only|withhold|neutral|deepseek-v4-pro", "ok": true, "error": ""}
{"request_id": "percentage_discount-01|direct|explain_only|reveal|neutral|deepseek-v4-pro", "ok": true, "error": ""}
{"request_id": "percentage_discount-01|direct|explain_only|reveal|warm|deepseek-v4-pro", "ok": true, "error": ""}
{"request_id": "percentage_discount-00|explore|question_first|withhold|warm|deepseek-v4-pro", "ok": true, "error": ""}
{"request_id": "percentage_discount-00|explore|question_first|withhold|neutral|deepseek-v4-pro", "ok": true, "error": ""}
{"request_id": "percentage_discount-00|explore|question_first|reveal|warm|deepseek-v4-pro", "ok": true, "error": ""}
{"request_id": "percentage_discount-01|direct|question_first|reveal|neutral|deepseek-v4-pro", "ok": true, "error": ""}
{"request_id": "percentage_discount-01|direct|explain_only|withhold|neutral|deepseek-v4-pro", "ok": true, "error": ""}
{"request_id": "percentage_discount-01|direct|explain_only|withhold|warm|deepseek-v4-pro", "ok": true, "error": ""}
{"request_id": "percentage_discount-01|direct|question_first|reveal|warm|deepseek-v4-pro", "ok": true, "error": ""}
{"request_id": "percentage_discount-01|direct|question_first|withhold|warm|deepseek-v4-pro", "ok": true, "error": ""}
{"request_id": "percentage_discount-00|explore|question_first|reveal|neutral|deepseek-v4-pro", "ok": true, "error": ""}
{"request_id": "percentage_discount-01|explore|explain_only|withhold|warm|deepseek-v4-pro", "ok": true, "error": ""}
{"request_id": "percentage_discount-01|explore|explain_only|reveal|neutral|deepseek-v4-pro", "ok": true, "error": ""}
{"request_id": "percentage_discount-01|explore|question_first|reveal|neutral|deepseek-v4-pro", "ok": true, "error": ""}
{"request_id": "percentage_discount-01|direct|question_first|withhold|neutral|deepseek-v4-pro", "ok": true, "error": ""}
{"request_id": "percentage_discount-01|explore|explain_only|reveal|warm|deepseek-v4-pro", "ok": true, "error": ""}
{"request_id": "percentage_discount-01|explore|question_first|withhold|neutral|deepseek-v4-pro", "ok": true, "error": ""}
{"request_id": "percentage_discount-02|direct|explain_only|reveal|neutral|deepseek-v4-pro", "ok": true, "error": ""}
{"request_id": "percentage_discount-02|direct|explain_only|reveal|warm|deepseek-v4-pro", "ok": true, "error": ""}
{"request_id": "percentage_discount-01|explore|question_first|reveal|warm|deepseek-v4-pro", "ok": true, "error": ""}
{"request_id": "percentage_discount-01|explore|explain_only|withhold|neutral|deepseek-v4-pro", "ok": true, "error": ""}
{"request_id": "percentage_discount-01|explore|question_first|withhold|warm|deepseek-v4-pro", "ok": true, "error": ""}
{"request_id": "percentage_discount-02|direct|explain_only|withhold|neutral|deepseek-v4-pro", "ok": true, "error": ""}
{"request_id": "percentage_discount-02|direct|explain_only|withhold|warm|deepseek-v4-pro", "ok": true, "error": ""}
{"request_id": "percentage_discount-02|direct|question_first|reveal|neutral|deepseek-v4-pro", "ok": true, "error": ""}
{"request_id": "percentage_discount-02|direct|question_first|reveal|warm|deepseek-v4-pro", "ok": true, "error": ""}
{"request_id": "percentage_discount-02|direct|question_first|withhold|warm|deepseek-v4-pro", "ok": true, "error": ""}
{"request_id": "percentage_discount-02|explore|explain_only|reveal|warm|deepseek-v4-pro", "ok": true, "error": ""}
{"request_id": "percentage_discount-02|direct|question_first|withhold|neutral|deepseek-v4-pro", "ok": true, "error": ""}
{"request_id": "percentage_discount-02|explore|explain_only|withhold|warm|deepseek-v4-pro", "ok": true, "error": ""}
{"request_id": "percentage_discount-02|explore|explain_only|reveal|neutral|deepseek-v4-pro", "ok": true, "error": ""}
{"request_id": "percentage_discount-02|explore|question_first|reveal|neutral|deepseek-v4-pro", "ok": true, "error": ""}
{"request_id": "percentage_discount-02|explore|explain_only|withhold|neutral|deepseek-v4-pro", "ok": true, "error": ""}
{"request_id": "percentage_discount-03|direct|explain_only|reveal|warm|deepseek-v4-pro", "ok": true, "error": ""}
{"request_id": "percentage_discount-03|direct|explain_only|reveal|neutral|deepseek-v4-pro", "ok": true, "error": ""}
{"request_id": "percentage_discount-02|explore|question_first|reveal|warm|deepseek-v4-pro", "ok": true, "error": ""}
{"request_id": "percentage_discount-03|direct|explain_only|withhold|neutral|deepseek-v4-pro", "ok": true, "error": ""}
{"request_id": "percentage_discount-03|direct|explain_only|withhold|warm|deepseek-v4-pro", "ok": true, "error": ""}
{"request_id": "percentage_discount-03|direct|question_first|withhold|neutral|deepseek-v4-pro", "ok": true, "error": ""}
{"request_id": "percentage_discount-03|direct|question_first|reveal|warm|deepseek-v4-pro", "ok": true, "error": ""}
{"request_id": "percentage_discount-02|explore|question_first|withhold|neutral|deepseek-v4-pro", "ok": true, "error": ""}
{"request_id": "percentage_discount-03|direct|question_first|reveal|neutral|deepseek-v4-pro", "ok": true, "error": ""}
{"request_id": "percentage_discount-03|direct|question_first|withhold|warm|deepseek-v4-pro", "ok": true, "error": ""}
{"request_id": "percentage_discount-02|explore|question_first|withhold|warm|deepseek-v4-pro", "ok": true, "error": ""}
{"request_id": "percentage_discount-03|explore|explain_only|withhold|neutral|deepseek-v4-pro", "ok": true, "error": ""}
{"request_id": "percentage_discount-03|explore|explain_only|reveal|neutral|deepseek-v4-pro", "ok": true, "error": ""}
{"request_id": "percentage_discount-03|explore|explain_only|withhold|warm|deepseek-v4-pro", "ok": true, "error": ""}
{"request_id": "percentage_discount-03|explore|question_first|withhold|neutral|deepseek-v4-pro", "ok": true, "error": ""}
{"request_id": "percentage_discount-03|explore|explain_only|reveal|warm|deepseek-v4-pro", "ok": true, "error": ""}
{"request_id": "percentage_discount-03|explore|question_first|reveal|warm|deepseek-v4-pro", "ok": true, "error": ""}
{"request_id": "percentage_discount-03|explore|question_first|withhold|warm|deepseek-v4-pro", "ok": true, "error": ""}
{"request_id": "percentage_discount-03|explore|question_first|reveal|neutral|deepseek-v4-pro", "ok": true, "error": ""}
{"request_id": "percentage_discount-04|direct|explain_only|reveal|neutral|deepseek-v4-pro", "ok": true, "error": ""}
{"request_id": "percentage_discount-04|direct|explain_only|reveal|warm|deepseek-v4-pro", "ok": true, "error": ""}
{"request_id": "percentage_discount-04|direct|question_first|reveal|neutral|deepseek-v4-pro", "ok": true, "error": ""}
{"request_id": "percentage_discount-04|direct|explain_only|withhold|neutral|deepseek-v4-pro", "ok": true, "error": ""}
{"request_id": "percentage_discount-04|direct|explain_only|withhold|warm|deepseek-v4-pro", "ok": true, "error": ""}
{"request_id": "percentage_discount-04|direct|question_first|withhold|neutral|deepseek-v4-pro", "ok": true, "error": ""}
{"request_id": "percentage_discount-04|direct|question_first|reveal|warm|deepseek-v4-pro", "ok": true, "error": ""}
{"request_id": "percentage_discount-04|explore|explain_only|withhold|neutral|deepseek-v4-pro", "ok": true, "error": ""}
{"request_id": "percentage_discount-04|explore|explain_only|reveal|neutral|deepseek-v4-pro", "ok": true, "error": ""}
{"request_id": "percentage_discount-04|explore|explain_only|withhold|warm|deepseek-v4-pro", "ok": true, "error": ""}
{"request_id": "percentage_discount-04|explore|explain_only|reveal|warm|deepseek-v4-pro", "ok": true, "error": ""}
{"request_id": "percentage_discount-04|explore|question_first|withhold|neutral|deepseek-v4-pro", "ok": true, "error": ""}
{"request_id": "percentage_discount-04|direct|question_first|withhold|warm|deepseek-v4-pro", "ok": true, "error": ""}
{"request_id": "percentage_discount-05|direct|explain_only|reveal|neutral|deepseek-v4-pro", "ok": true, "error": ""}
{"request_id": "percentage_discount-04|explore|question_first|reveal|neutral|deepseek-v4-pro", "ok": true, "error": ""}
{"request_id": "percentage_discount-04|explore|question_first|reveal|warm|deepseek-v4-pro", "ok": true, "error": ""}
{"request_id": "percentage_discount-05|direct|explain_only|withhold|neutral|deepseek-v4-pro", "ok": true, "error": ""}
{"request_id": "percentage_discount-05|direct|explain_only|reveal|warm|deepseek-v4-pro", "ok": true, "error": ""}
{"request_id": "percentage_discount-05|direct|question_first|reveal|warm|deepseek-v4-pro", "ok": true, "error": ""}
{"request_id": "percentage_discount-04|explore|question_first|withhold|warm|deepseek-v4-pro", "ok": true, "error": ""}
{"request_id": "percentage_discount-05|direct|question_first|withhold|neutral|deepseek-v4-pro", "ok": true, "error": ""}
{"request_id": "percentage_discount-05|direct|explain_only|withhold|warm|deepseek-v4-pro", "ok": true, "error": ""}
{"request_id": "percentage_discount-05|direct|question_first|reveal|neutral|deepseek-v4-pro", "ok": true, "error": ""}
{"request_id": "percentage_discount-05|explore|explain_only|withhold|neutral|deepseek-v4-pro", "ok": true, "error": ""}
{"request_id": "percentage_discount-05|direct|question_first|withhold|warm|deepseek-v4-pro", "ok": true, "error": ""}
{"request_id": "percentage_discount-05|explore|question_first|reveal|warm|deepseek-v4-pro", "ok": true, "error": ""}
{"request_id": "percentage_discount-05|explore|explain_only|withhold|warm|deepseek-v4-pro", "ok": true, "error": ""}
{"request_id": "percentage_discount-05|explore|question_first|withhold|neutral|deepseek-v4-pro", "ok": true, "error": ""}
{"request_id": "percentage_discount-05|explore|explain_only|reveal|warm|deepseek-v4-pro", "ok": true, "error": ""}
{"request_id": "percentage_discount-05|explore|explain_only|reveal|neutral|deepseek-v4-pro", "ok": true, "error": ""}
{"request_id": "percentage_discount-06|direct|explain_only|reveal|neutral|deepseek-v4-pro", "ok": true, "error": ""}
{"request_id": "percentage_discount-05|explore|question_first|withhold|warm|deepseek-v4-pro", "ok": true, "error": ""}
{"request_id": "percentage_discount-06|direct|explain_only|reveal|warm|deepseek-v4-pro", "ok": true, "error": ""}
{"request_id": "percentage_discount-06|direct|explain_only|withhold|warm|deepseek-v4-pro", "ok": true, "error": ""}
{"request_id": "percentage_discount-05|explore|question_first|reveal|neutral|deepseek-v4-pro", "ok": true, "error": ""}
{"request_id": "percentage_discount-06|direct|question_first|reveal|neutral|deepseek-v4-pro", "ok": true, "error": ""}
{"request_id": "percentage_discount-06|direct|explain_only|withhold|neutral|deepseek-v4-pro", "ok": true, "error": ""}
{"request_id": "percentage_discount-06|direct|question_first|reveal|warm|deepseek-v4-pro", "ok": true, "error": ""}
{"request_id": "percentage_discount-06|direct|question_first|withhold|neutral|deepseek-v4-pro", "ok": true, "error": ""}
{"request_id": "percentage_discount-06|explore|explain_only|reveal|neutral|deepseek-v4-pro", "ok": true, "error": ""}
{"request_id": "percentage_discount-06|direct|question_first|withhold|warm|deepseek-v4-pro", "ok": true, "error": ""}
{"request_id": "percentage_discount-06|explore|explain_only|withhold|neutral|deepseek-v4-pro", "ok": true, "error": ""}
{"request_id": "percentage_discount-06|explore|question_first|reveal|neutral|deepseek-v4-pro", "ok": true, "error": ""}
{"request_id": "percentage_discount-06|explore|question_first|withhold|neutral|deepseek-v4-pro", "ok": true, "error": ""}
{"request_id": "percentage_discount-06|explore|explain_only|withhold|warm|deepseek-v4-pro", "ok": true, "error": ""}
{"request_id": "percentage_discount-07|direct|explain_only|reveal|neutral|deepseek-v4-pro", "ok": true, "error": ""}
{"request_id": "percentage_discount-07|direct|explain_only|reveal|warm|deepseek-v4-pro", "ok": true, "error": ""}
{"request_id": "percentage_discount-07|direct|explain_only|withhold|neutral|deepseek-v4-pro", "ok": true, "error": ""}
{"request_id": "percentage_discount-06|explore|question_first|withhold|warm|deepseek-v4-pro", "ok": true, "error": ""}
{"request_id": "percentage_discount-06|explore|explain_only|reveal|warm|deepseek-v4-pro", "ok": true, "error": ""}
{"request_id": "percentage_discount-07|direct|explain_only|withhold|warm|deepseek-v4-pro", "ok": true, "error": ""}
{"request_id": "percentage_discount-06|explore|question_first|reveal|warm|deepseek-v4-pro", "ok": true, "error": ""}
{"request_id": "percentage_discount-07|direct|question_first|reveal|warm|deepseek-v4-pro", "ok": true, "error": ""}
{"request_id": "percentage_discount-07|direct|question_first|reveal|neutral|deepseek-v4-pro", "ok": true, "error": ""}
{"request_id": "percentage_discount-07|explore|explain_only|reveal|neutral|deepseek-v4-pro", "ok": true, "error": ""}
{"request_id": "percentage_discount-07|explore|explain_only|withhold|neutral|deepseek-v4-pro", "ok": true, "error": ""}
{"request_id": "percentage_discount-07|explore|explain_only|reveal|warm|deepseek-v4-pro", "ok": true, "error": ""}
{"request_id": "percentage_discount-07|direct|question_first|withhold|neutral|deepseek-v4-pro", "ok": true, "error": ""}
{"request_id": "percentage_discount-07|explore|explain_only|withhold|warm|deepseek-v4-pro", "ok": true, "error": ""}
{"request_id": "percentage_discount-07|direct|question_first|withhold|warm|deepseek-v4-pro", "ok": true, "error": ""}
{"request_id": "percentage_discount-07|explore|question_first|withhold|neutral|deepseek-v4-pro", "ok": true, "error": ""}
{"request_id": "percentage_discount-07|explore|question_first|reveal|neutral|deepseek-v4-pro", "ok": true, "error": ""}
{"request_id": "percentage_discount-07|explore|question_first|reveal|warm|deepseek-v4-pro", "ok": true, "error": ""}
{"request_id": "percentage_discount-07|explore|question_first|withhold|warm|deepseek-v4-pro", "ok": true, "error": ""}
{"request_id": "arithmetic_mean-00|direct|question_first|reveal|neutral|doubao-seed-2.0-lite", "ok": true, "error": ""}
{"request_id": "arithmetic_mean-00|direct|question_first|withhold|neutral|doubao-seed-2.0-lite", "ok": true, "error": ""}
{"request_id": "arithmetic_mean-00|explore|explain_only|reveal|neutral|doubao-seed-2.0-lite", "ok": true, "error": ""}
{"request_id": "arithmetic_mean-00|direct|explain_only|reveal|warm|doubao-seed-2.0-lite", "ok": true, "error": ""}
{"request_id": "arithmetic_mean-00|direct|explain_only|withhold|neutral|doubao-seed-2.0-lite", "ok": true, "error": ""}
{"request_id": "arithmetic_mean-00|direct|question_first|reveal|warm|doubao-seed-2.0-lite", "ok": true, "error": ""}
{"request_id": "arithmetic_mean-00|direct|question_first|withhold|warm|doubao-seed-2.0-lite", "ok": true, "error": ""}
{"request_id": "arithmetic_mean-00|direct|explain_only|withhold|warm|doubao-seed-2.0-lite", "ok": true, "error": ""}
{"request_id": "arithmetic_mean-00|explore|explain_only|reveal|warm|doubao-seed-2.0-lite", "ok": true, "error": ""}
{"request_id": "arithmetic_mean-00|explore|explain_only|withhold|neutral|doubao-seed-2.0-lite", "ok": true, "error": ""}
{"request_id": "arithmetic_mean-00|explore|question_first|reveal|neutral|doubao-seed-2.0-lite", "ok": true, "error": ""}
{"request_id": "arithmetic_mean-00|explore|question_first|withhold|neutral|doubao-seed-2.0-lite", "ok": true, "error": ""}
{"request_id": "arithmetic_mean-00|explore|explain_only|withhold|warm|doubao-seed-2.0-lite", "ok": true, "error": ""}
{"request_id": "arithmetic_mean-00|explore|question_first|reveal|warm|doubao-seed-2.0-lite", "ok": true, "error": ""}
{"request_id": "arithmetic_mean-00|explore|question_first|withhold|warm|doubao-seed-2.0-lite", "ok": true, "error": ""}
{"request_id": "arithmetic_mean-01|direct|question_first|reveal|neutral|doubao-seed-2.0-lite", "ok": true, "error": ""}
{"request_id": "arithmetic_mean-01|direct|explain_only|reveal|neutral|doubao-seed-2.0-lite", "ok": true, "error": ""}
{"request_id": "arithmetic_mean-01|direct|question_first|withhold|neutral|doubao-seed-2.0-lite", "ok": true, "error": ""}
{"request_id": "arithmetic_mean-01|direct|explain_only|withhold|neutral|doubao-seed-2.0-lite", "ok": true, "error": ""}
{"request_id": "arithmetic_mean-01|direct|explain_only|reveal|warm|doubao-seed-2.0-lite", "ok": true, "error": ""}
{"request_id": "arithmetic_mean-01|direct|question_first|reveal|warm|doubao-seed-2.0-lite", "ok": true, "error": ""}
{"request_id": "arithmetic_mean-01|direct|explain_only|withhold|warm|doubao-seed-2.0-lite", "ok": true, "error": ""}
{"request_id": "arithmetic_mean-01|explore|explain_only|withhold|neutral|doubao-seed-2.0-lite", "ok": true, "error": ""}
{"request_id": "arithmetic_mean-01|explore|explain_only|reveal|neutral|doubao-seed-2.0-lite", "ok": true, "error": ""}
{"request_id": "arithmetic_mean-01|explore|question_first|reveal|neutral|doubao-seed-2.0-lite", "ok": true, "error": ""}
{"request_id": "arithmetic_mean-01|explore|explain_only|reveal|warm|doubao-seed-2.0-lite", "ok": true, "error": ""}
{"request_id": "arithmetic_mean-01|explore|explain_only|withhold|warm|doubao-seed-2.0-lite", "ok": true, "error": ""}
{"request_id": "arithmetic_mean-01|explore|question_first|reveal|warm|doubao-seed-2.0-lite", "ok": true, "error": ""}
{"request_id": "arithmetic_mean-01|direct|question_first|withhold|warm|doubao-seed-2.0-lite", "ok": true, "error": ""}
{"request_id": "arithmetic_mean-02|direct|explain_only|reveal|neutral|doubao-seed-2.0-lite", "ok": true, "error": ""}
{"request_id": "arithmetic_mean-01|explore|question_first|withhold|neutral|doubao-seed-2.0-lite", "ok": true, "error": ""}
{"request_id": "arithmetic_mean-01|explore|question_first|withhold|warm|doubao-seed-2.0-lite", "ok": true, "error": ""}
{"request_id": "arithmetic_mean-02|direct|explain_only|reveal|warm|doubao-seed-2.0-lite", "ok": true, "error": ""}
{"request_id": "arithmetic_mean-02|direct|explain_only|withhold|neutral|doubao-seed-2.0-lite", "ok": true, "error": ""}
{"request_id": "arithmetic_mean-02|direct|question_first|withhold|neutral|doubao-seed-2.0-lite", "ok": true, "error": ""}
{"request_id": "arithmetic_mean-02|direct|explain_only|withhold|warm|doubao-seed-2.0-lite", "ok": true, "error": ""}
{"request_id": "arithmetic_mean-02|direct|question_first|reveal|neutral|doubao-seed-2.0-lite", "ok": true, "error": ""}
{"request_id": "arithmetic_mean-02|direct|question_first|reveal|warm|doubao-seed-2.0-lite", "ok": true, "error": ""}
{"request_id": "arithmetic_mean-02|explore|explain_only|reveal|neutral|doubao-seed-2.0-lite", "ok": true, "error": ""}
{"request_id": "arithmetic_mean-02|direct|question_first|withhold|warm|doubao-seed-2.0-lite", "ok": true, "error": ""}
{"request_id": "arithmetic_mean-02|explore|explain_only|withhold|neutral|doubao-seed-2.0-lite", "ok": true, "error": ""}
{"request_id": "arithmetic_mean-02|explore|question_first|withhold|neutral|doubao-seed-2.0-lite", "ok": true, "error": ""}
{"request_id": "arithmetic_mean-02|explore|explain_only|reveal|warm|doubao-seed-2.0-lite", "ok": true, "error": ""}
{"request_id": "arithmetic_mean-02|explore|explain_only|withhold|warm|doubao-seed-2.0-lite", "ok": true, "error": ""}
{"request_id": "arithmetic_mean-02|explore|question_first|reveal|neutral|doubao-seed-2.0-lite", "ok": true, "error": ""}
{"request_id": "arithmetic_mean-03|direct|explain_only|reveal|neutral|doubao-seed-2.0-lite", "ok": true, "error": ""}
{"request_id": "arithmetic_mean-02|explore|question_first|reveal|warm|doubao-seed-2.0-lite", "ok": true, "error": ""}
{"request_id": "arithmetic_mean-03|direct|explain_only|withhold|neutral|doubao-seed-2.0-lite", "ok": true, "error": ""}
{"request_id": "arithmetic_mean-02|explore|question_first|withhold|warm|doubao-seed-2.0-lite", "ok": true, "error": ""}
{"request_id": "arithmetic_mean-03|direct|explain_only|reveal|warm|doubao-seed-2.0-lite", "ok": true, "error": ""}
{"request_id": "arithmetic_mean-03|direct|question_first|reveal|neutral|doubao-seed-2.0-lite", "ok": true, "error": ""}
{"request_id": "arithmetic_mean-03|direct|explain_only|withhold|warm|doubao-seed-2.0-lite", "ok": true, "error": ""}
{"request_id": "arithmetic_mean-03|direct|question_first|withhold|neutral|doubao-seed-2.0-lite", "ok": true, "error": ""}
{"request_id": "arithmetic_mean-03|explore|explain_only|reveal|neutral|doubao-seed-2.0-lite", "ok": true, "error": ""}
{"request_id": "arithmetic_mean-03|direct|question_first|reveal|warm|doubao-seed-2.0-lite", "ok": true, "error": ""}
{"request_id": "arithmetic_mean-03|explore|explain_only|withhold|neutral|doubao-seed-2.0-lite", "ok": true, "error": ""}
{"request_id": "arithmetic_mean-03|explore|question_first|withhold|neutral|doubao-seed-2.0-lite", "ok": true, "error": ""}
{"request_id": "arithmetic_mean-03|direct|question_first|withhold|warm|doubao-seed-2.0-lite", "ok": true, "error": ""}
{"request_id": "arithmetic_mean-03|explore|explain_only|reveal|warm|doubao-seed-2.0-lite", "ok": true, "error": ""}
{"request_id": "arithmetic_mean-03|explore|question_first|reveal|neutral|doubao-seed-2.0-lite", "ok": true, "error": ""}
{"request_id": "arithmetic_mean-03|explore|explain_only|withhold|warm|doubao-seed-2.0-lite", "ok": true, "error": ""}
{"request_id": "arithmetic_mean-03|explore|question_first|withhold|warm|doubao-seed-2.0-lite", "ok": true, "error": ""}
{"request_id": "arithmetic_mean-04|direct|explain_only|reveal|neutral|doubao-seed-2.0-lite", "ok": true, "error": ""}
{"request_id": "arithmetic_mean-04|direct|explain_only|withhold|neutral|doubao-seed-2.0-lite", "ok": true, "error": ""}
{"request_id": "arithmetic_mean-04|direct|question_first|reveal|neutral|doubao-seed-2.0-lite", "ok": true, "error": ""}
{"request_id": "arithmetic_mean-04|direct|explain_only|reveal|warm|doubao-seed-2.0-lite", "ok": true, "error": ""}
{"request_id": "arithmetic_mean-03|explore|question_first|reveal|warm|doubao-seed-2.0-lite", "ok": true, "error": ""}
{"request_id": "arithmetic_mean-04|direct|question_first|withhold|neutral|doubao-seed-2.0-lite", "ok": true, "error": ""}
{"request_id": "arithmetic_mean-04|explore|explain_only|reveal|neutral|doubao-seed-2.0-lite", "ok": true, "error": ""}
{"request_id": "arithmetic_mean-04|direct|explain_only|withhold|warm|doubao-seed-2.0-lite", "ok": true, "error": ""}
{"request_id": "arithmetic_mean-04|explore|explain_only|withhold|neutral|doubao-seed-2.0-lite", "ok": true, "error": ""}
{"request_id": "arithmetic_mean-04|explore|explain_only|reveal|warm|doubao-seed-2.0-lite", "ok": true, "error": ""}
{"request_id": "arithmetic_mean-04|direct|question_first|withhold|warm|doubao-seed-2.0-lite", "ok": true, "error": ""}
{"request_id": "arithmetic_mean-04|explore|question_first|reveal|neutral|doubao-seed-2.0-lite", "ok": true, "error": ""}
{"request_id": "arithmetic_mean-04|explore|explain_only|withhold|warm|doubao-seed-2.0-lite", "ok": true, "error": ""}
{"request_id": "arithmetic_mean-04|direct|question_first|reveal|warm|doubao-seed-2.0-lite", "ok": true, "error": ""}
{"request_id": "arithmetic_mean-04|explore|question_first|withhold|neutral|doubao-seed-2.0-lite", "ok": true, "error": ""}
{"request_id": "arithmetic_mean-05|direct|explain_only|reveal|neutral|doubao-seed-2.0-lite", "ok": true, "error": ""}
{"request_id": "arithmetic_mean-04|explore|question_first|reveal|warm|doubao-seed-2.0-lite", "ok": true, "error": ""}
{"request_id": "arithmetic_mean-04|explore|question_first|withhold|warm|doubao-seed-2.0-lite", "ok": true, "error": ""}
{"request_id": "arithmetic_mean-05|direct|explain_only|reveal|warm|doubao-seed-2.0-lite", "ok": true, "error": ""}
{"request_id": "arithmetic_mean-05|direct|explain_only|withhold|neutral|doubao-seed-2.0-lite", "ok": true, "error": ""}
{"request_id": "arithmetic_mean-05|direct|question_first|withhold|neutral|doubao-seed-2.0-lite", "ok": true, "error": ""}
{"request_id": "arithmetic_mean-05|direct|question_first|reveal|neutral|doubao-seed-2.0-lite", "ok": true, "error": ""}
{"request_id": "arithmetic_mean-05|explore|explain_only|withhold|neutral|doubao-seed-2.0-lite", "ok": true, "error": ""}
{"request_id": "arithmetic_mean-05|direct|question_first|reveal|warm|doubao-seed-2.0-lite", "ok": true, "error": ""}
{"request_id": "arithmetic_mean-05|direct|question_first|withhold|warm|doubao-seed-2.0-lite", "ok": true, "error": ""}
{"request_id": "arithmetic_mean-05|direct|explain_only|withhold|warm|doubao-seed-2.0-lite", "ok": true, "error": ""}
{"request_id": "arithmetic_mean-05|explore|explain_only|reveal|neutral|doubao-seed-2.0-lite", "ok": true, "error": ""}
{"request_id": "arithmetic_mean-05|explore|explain_only|reveal|warm|doubao-seed-2.0-lite", "ok": true, "error": ""}
{"request_id": "arithmetic_mean-05|explore|question_first|reveal|neutral|doubao-seed-2.0-lite", "ok": true, "error": ""}
{"request_id": "arithmetic_mean-05|explore|explain_only|withhold|warm|doubao-seed-2.0-lite", "ok": true, "error": ""}
{"request_id": "arithmetic_mean-05|explore|question_first|withhold|neutral|doubao-seed-2.0-lite", "ok": true, "error": ""}
{"request_id": "arithmetic_mean-06|direct|explain_only|reveal|neutral|doubao-seed-2.0-lite", "ok": true, "error": ""}
{"request_id": "arithmetic_mean-05|explore|question_first|withhold|warm|doubao-seed-2.0-lite", "ok": true, "error": ""}
{"request_id": "arithmetic_mean-06|direct|explain_only|reveal|warm|doubao-seed-2.0-lite", "ok": true, "error": ""}
{"request_id": "arithmetic_mean-06|direct|explain_only|withhold|neutral|doubao-seed-2.0-lite", "ok": true, "error": ""}
{"request_id": "arithmetic_mean-05|explore|question_first|reveal|warm|doubao-seed-2.0-lite", "ok": true, "error": ""}
{"request_id": "arithmetic_mean-06|direct|question_first|reveal|neutral|doubao-seed-2.0-lite", "ok": true, "error": ""}
{"request_id": "arithmetic_mean-06|direct|question_first|withhold|neutral|doubao-seed-2.0-lite", "ok": true, "error": ""}
{"request_id": "arithmetic_mean-06|explore|explain_only|reveal|neutral|doubao-seed-2.0-lite", "ok": true, "error": ""}
{"request_id": "arithmetic_mean-06|direct|explain_only|withhold|warm|doubao-seed-2.0-lite", "ok": true, "error": ""}
{"request_id": "arithmetic_mean-06|direct|question_first|withhold|warm|doubao-seed-2.0-lite", "ok": true, "error": ""}
{"request_id": "arithmetic_mean-06|explore|explain_only|withhold|neutral|doubao-seed-2.0-lite", "ok": true, "error": ""}
{"request_id": "arithmetic_mean-06|explore|question_first|reveal|neutral|doubao-seed-2.0-lite", "ok": true, "error": ""}
{"request_id": "arithmetic_mean-06|direct|question_first|reveal|warm|doubao-seed-2.0-lite", "ok": true, "error": ""}
{"request_id": "arithmetic_mean-06|explore|explain_only|withhold|warm|doubao-seed-2.0-lite", "ok": true, "error": ""}
{"request_id": "arithmetic_mean-06|explore|question_first|withhold|neutral|doubao-seed-2.0-lite", "ok": true, "error": ""}
{"request_id": "arithmetic_mean-06|explore|explain_only|reveal|warm|doubao-seed-2.0-lite", "ok": true, "error": ""}
{"request_id": "arithmetic_mean-07|direct|explain_only|reveal|neutral|doubao-seed-2.0-lite", "ok": true, "error": ""}
{"request_id": "arithmetic_mean-06|explore|question_first|withhold|warm|doubao-seed-2.0-lite", "ok": true, "error": ""}
{"request_id": "arithmetic_mean-07|direct|explain_only|reveal|warm|doubao-seed-2.0-lite", "ok": true, "error": ""}
{"request_id": "arithmetic_mean-06|explore|question_first|reveal|warm|doubao-seed-2.0-lite", "ok": true, "error": ""}
{"request_id": "arithmetic_mean-07|direct|explain_only|withhold|neutral|doubao-seed-2.0-lite", "ok": true, "error": ""}
{"request_id": "arithmetic_mean-07|direct|question_first|reveal|neutral|doubao-seed-2.0-lite", "ok": true, "error": ""}
{"request_id": "arithmetic_mean-07|direct|question_first|withhold|neutral|doubao-seed-2.0-lite", "ok": true, "error": ""}
{"request_id": "arithmetic_mean-07|direct|question_first|reveal|warm|doubao-seed-2.0-lite", "ok": true, "error": ""}
{"request_id": "arithmetic_mean-07|direct|explain_only|withhold|warm|doubao-seed-2.0-lite", "ok": true, "error": ""}
{"request_id": "arithmetic_mean-07|direct|question_first|withhold|warm|doubao-seed-2.0-lite", "ok": true, "error": ""}
{"request_id": "arithmetic_mean-07|explore|explain_only|withhold|neutral|doubao-seed-2.0-lite", "ok": true, "error": ""}
{"request_id": "arithmetic_mean-07|explore|explain_only|reveal|neutral|doubao-seed-2.0-lite", "ok": true, "error": ""}
{"request_id": "arithmetic_mean-07|explore|explain_only|reveal|warm|doubao-seed-2.0-lite", "ok": true, "error": ""}
{"request_id": "arithmetic_mean-07|explore|question_first|reveal|neutral|doubao-seed-2.0-lite", "ok": true, "error": ""}
{"request_id": "arithmetic_mean-07|explore|question_first|withhold|neutral|doubao-seed-2.0-lite", "ok": true, "error": ""}
{"request_id": "arithmetic_mean-07|explore|explain_only|withhold|warm|doubao-seed-2.0-lite", "ok": true, "error": ""}
{"request_id": "arithmetic_mean-07|explore|question_first|reveal|warm|doubao-seed-2.0-lite", "ok": true, "error": ""}
{"request_id": "arithmetic_mean-07|explore|question_first|withhold|warm|doubao-seed-2.0-lite", "ok": true, "error": ""}
{"request_id": "fraction_addition-00|direct|explain_only|reveal|neutral|doubao-seed-2.0-lite", "ok": true, "error": ""}
{"request_id": "fraction_addition-00|direct|explain_only|withhold|neutral|doubao-seed-2.0-lite", "ok": true, "error": ""}
{"request_id": "fraction_addition-00|direct|question_first|reveal|neutral|doubao-seed-2.0-lite", "ok": true, "error": ""}
{"request_id": "fraction_addition-00|direct|explain_only|reveal|warm|doubao-seed-2.0-lite", "ok": true, "error": ""}
{"request_id": "fraction_addition-00|direct|question_first|withhold|neutral|doubao-seed-2.0-lite", "ok": true, "error": ""}
{"request_id": "fraction_addition-00|direct|question_first|reveal|warm|doubao-seed-2.0-lite", "ok": true, "error": ""}
{"request_id": "fraction_addition-00|explore|explain_only|withhold|neutral|doubao-seed-2.0-lite", "ok": true, "error": ""}
{"request_id": "fraction_addition-00|direct|question_first|withhold|warm|doubao-seed-2.0-lite", "ok": true, "error": ""}
{"request_id": "fraction_addition-00|direct|explain_only|withhold|warm|doubao-seed-2.0-lite", "ok": true, "error": ""}
{"request_id": "fraction_addition-00|explore|explain_only|reveal|neutral|doubao-seed-2.0-lite", "ok": true, "error": ""}
{"request_id": "fraction_addition-00|explore|explain_only|withhold|warm|doubao-seed-2.0-lite", "ok": true, "error": ""}
{"request_id": "fraction_addition-00|explore|question_first|withhold|neutral|doubao-seed-2.0-lite", "ok": true, "error": ""}
{"request_id": "fraction_addition-00|explore|explain_only|reveal|warm|doubao-seed-2.0-lite", "ok": true, "error": ""}
{"request_id": "fraction_addition-00|explore|question_first|withhold|warm|doubao-seed-2.0-lite", "ok": true, "error": ""}
{"request_id": "fraction_addition-01|direct|explain_only|reveal|neutral|doubao-seed-2.0-lite", "ok": true, "error": ""}
{"request_id": "fraction_addition-00|explore|question_first|reveal|neutral|doubao-seed-2.0-lite", "ok": true, "error": ""}
{"request_id": "fraction_addition-01|direct|explain_only|reveal|warm|doubao-seed-2.0-lite", "ok": true, "error": ""}
{"request_id": "fraction_addition-00|explore|question_first|reveal|warm|doubao-seed-2.0-lite", "ok": true, "error": ""}
{"request_id": "fraction_addition-01|direct|explain_only|withhold|neutral|doubao-seed-2.0-lite", "ok": true, "error": ""}
{"request_id": "fraction_addition-01|direct|question_first|reveal|neutral|doubao-seed-2.0-lite", "ok": true, "error": ""}
{"request_id": "fraction_addition-01|explore|explain_only|reveal|neutral|doubao-seed-2.0-lite", "ok": true, "error": ""}
{"request_id": "fraction_addition-01|direct|question_first|withhold|neutral|doubao-seed-2.0-lite", "ok": true, "error": ""}
{"request_id": "fraction_addition-01|direct|explain_only|withhold|warm|doubao-seed-2.0-lite", "ok": true, "error": ""}
{"request_id": "fraction_addition-01|direct|question_first|withhold|warm|doubao-seed-2.0-lite", "ok": true, "error": ""}
{"request_id": "fraction_addition-01|direct|question_first|reveal|warm|doubao-seed-2.0-lite", "ok": true, "error": ""}
{"request_id": "fraction_addition-01|explore|explain_only|withhold|neutral|doubao-seed-2.0-lite", "ok": true, "error": ""}
{"request_id": "fraction_addition-01|explore|explain_only|reveal|warm|doubao-seed-2.0-lite", "ok": true, "error": ""}
{"request_id": "fraction_addition-01|explore|question_first|withhold|neutral|doubao-seed-2.0-lite", "ok": true, "error": ""}
{"request_id": "fraction_addition-01|explore|explain_only|withhold|warm|doubao-seed-2.0-lite", "ok": true, "error": ""}
{"request_id": "fraction_addition-01|explore|question_first|reveal|neutral|doubao-seed-2.0-lite", "ok": true, "error": ""}
{"request_id": "fraction_addition-02|direct|explain_only|reveal|neutral|doubao-seed-2.0-lite", "ok": true, "error": ""}
{"request_id": "fraction_addition-01|explore|question_first|withhold|warm|doubao-seed-2.0-lite", "ok": true, "error": ""}
{"request_id": "fraction_addition-01|explore|question_first|reveal|warm|doubao-seed-2.0-lite", "ok": true, "error": ""}
{"request_id": "fraction_addition-02|direct|explain_only|reveal|warm|doubao-seed-2.0-lite", "ok": true, "error": ""}
{"request_id": "fraction_addition-02|direct|explain_only|withhold|neutral|doubao-seed-2.0-lite", "ok": true, "error": ""}
{"request_id": "fraction_addition-02|direct|question_first|reveal|neutral|doubao-seed-2.0-lite", "ok": true, "error": ""}
{"request_id": "fraction_addition-02|direct|question_first|withhold|neutral|doubao-seed-2.0-lite", "ok": true, "error": ""}
{"request_id": "fraction_addition-02|explore|explain_only|withhold|neutral|doubao-seed-2.0-lite", "ok": true, "error": ""}
{"request_id": "fraction_addition-02|explore|explain_only|reveal|neutral|doubao-seed-2.0-lite", "ok": true, "error": ""}
{"request_id": "fraction_addition-02|direct|explain_only|withhold|warm|doubao-seed-2.0-lite", "ok": true, "error": ""}
{"request_id": "fraction_addition-02|direct|question_first|reveal|warm|doubao-seed-2.0-lite", "ok": true, "error": ""}
{"request_id": "fraction_addition-02|explore|explain_only|reveal|warm|doubao-seed-2.0-lite", "ok": true, "error": ""}
{"request_id": "fraction_addition-02|direct|question_first|withhold|warm|doubao-seed-2.0-lite", "ok": true, "error": ""}
{"request_id": "fraction_addition-02|explore|explain_only|withhold|warm|doubao-seed-2.0-lite", "ok": true, "error": ""}
{"request_id": "fraction_addition-02|explore|question_first|reveal|neutral|doubao-seed-2.0-lite", "ok": true, "error": ""}
{"request_id": "fraction_addition-02|explore|question_first|withhold|neutral|doubao-seed-2.0-lite", "ok": true, "error": ""}
{"request_id": "fraction_addition-03|direct|explain_only|reveal|neutral|doubao-seed-2.0-lite", "ok": true, "error": ""}
{"request_id": "fraction_addition-03|direct|explain_only|withhold|neutral|doubao-seed-2.0-lite", "ok": true, "error": ""}
{"request_id": "fraction_addition-03|direct|explain_only|reveal|warm|doubao-seed-2.0-lite", "ok": true, "error": ""}
{"request_id": "fraction_addition-02|explore|question_first|reveal|warm|doubao-seed-2.0-lite", "ok": true, "error": ""}
{"request_id": "fraction_addition-02|explore|question_first|withhold|warm|doubao-seed-2.0-lite", "ok": true, "error": ""}
{"request_id": "fraction_addition-03|direct|question_first|reveal|neutral|doubao-seed-2.0-lite", "ok": true, "error": ""}
{"request_id": "fraction_addition-03|direct|question_first|withhold|neutral|doubao-seed-2.0-lite", "ok": true, "error": ""}
{"request_id": "fraction_addition-03|explore|explain_only|withhold|neutral|doubao-seed-2.0-lite", "ok": true, "error": ""}
{"request_id": "fraction_addition-03|direct|question_first|withhold|warm|doubao-seed-2.0-lite", "ok": true, "error": ""}
{"request_id": "fraction_addition-03|direct|question_first|reveal|warm|doubao-seed-2.0-lite", "ok": true, "error": ""}
{"request_id": "fraction_addition-03|direct|explain_only|withhold|warm|doubao-seed-2.0-lite", "ok": true, "error": ""}
{"request_id": "fraction_addition-03|explore|explain_only|reveal|neutral|doubao-seed-2.0-lite", "ok": true, "error": ""}
{"request_id": "fraction_addition-03|explore|explain_only|reveal|warm|doubao-seed-2.0-lite", "ok": true, "error": ""}
{"request_id": "fraction_addition-03|explore|explain_only|withhold|warm|doubao-seed-2.0-lite", "ok": true, "error": ""}
{"request_id": "fraction_addition-03|explore|question_first|withhold|neutral|doubao-seed-2.0-lite", "ok": true, "error": ""}
{"request_id": "fraction_addition-03|explore|question_first|withhold|warm|doubao-seed-2.0-lite", "ok": true, "error": ""}
{"request_id": "fraction_addition-03|explore|question_first|reveal|neutral|doubao-seed-2.0-lite", "ok": true, "error": ""}
{"request_id": "fraction_addition-04|direct|explain_only|reveal|neutral|doubao-seed-2.0-lite", "ok": true, "error": ""}
{"request_id": "fraction_addition-03|explore|question_first|reveal|warm|doubao-seed-2.0-lite", "ok": true, "error": ""}
{"request_id": "fraction_addition-04|direct|question_first|withhold|neutral|doubao-seed-2.0-lite", "ok": true, "error": ""}
{"request_id": "fraction_addition-04|direct|explain_only|withhold|neutral|doubao-seed-2.0-lite", "ok": true, "error": ""}
{"request_id": "fraction_addition-04|direct|explain_only|withhold|warm|doubao-seed-2.0-lite", "ok": true, "error": ""}
{"request_id": "fraction_addition-04|direct|question_first|reveal|neutral|doubao-seed-2.0-lite", "ok": true, "error": ""}
{"request_id": "fraction_addition-04|explore|explain_only|reveal|neutral|doubao-seed-2.0-lite", "ok": true, "error": ""}
{"request_id": "fraction_addition-04|direct|explain_only|reveal|warm|doubao-seed-2.0-lite", "ok": true, "error": ""}
{"request_id": "fraction_addition-04|direct|question_first|reveal|warm|doubao-seed-2.0-lite", "ok": true, "error": ""}
{"request_id": "fraction_addition-04|direct|question_first|withhold|warm|doubao-seed-2.0-lite", "ok": true, "error": ""}
{"request_id": "fraction_addition-04|explore|explain_only|withhold|neutral|doubao-seed-2.0-lite", "ok": true, "error": ""}
{"request_id": "fraction_addition-04|explore|explain_only|withhold|warm|doubao-seed-2.0-lite", "ok": true, "error": ""}
{"request_id": "fraction_addition-04|explore|question_first|withhold|neutral|doubao-seed-2.0-lite", "ok": true, "error": ""}
{"request_id": "fraction_addition-04|explore|explain_only|reveal|warm|doubao-seed-2.0-lite", "ok": true, "error": ""}
{"request_id": "fraction_addition-05|direct|explain_only|reveal|neutral|doubao-seed-2.0-lite", "ok": true, "error": ""}
{"request_id": "fraction_addition-04|explore|question_first|reveal|neutral|doubao-seed-2.0-lite", "ok": true, "error": ""}
{"request_id": "fraction_addition-04|explore|question_first|withhold|warm|doubao-seed-2.0-lite", "ok": true, "error": ""}
{"request_id": "fraction_addition-05|direct|explain_only|withhold|neutral|doubao-seed-2.0-lite", "ok": true, "error": ""}
{"request_id": "fraction_addition-05|direct|question_first|reveal|neutral|doubao-seed-2.0-lite", "ok": true, "error": ""}
{"request_id": "fraction_addition-05|direct|explain_only|reveal|warm|doubao-seed-2.0-lite", "ok": true, "error": ""}
{"request_id": "fraction_addition-04|explore|question_first|reveal|warm|doubao-seed-2.0-lite", "ok": true, "error": ""}
{"request_id": "fraction_addition-05|direct|question_first|withhold|neutral|doubao-seed-2.0-lite", "ok": true, "error": ""}
{"request_id": "fraction_addition-05|direct|explain_only|withhold|warm|doubao-seed-2.0-lite", "ok": true, "error": ""}
{"request_id": "fraction_addition-05|explore|explain_only|reveal|neutral|doubao-seed-2.0-lite", "ok": true, "error": ""}
{"request_id": "fraction_addition-05|direct|question_first|withhold|warm|doubao-seed-2.0-lite", "ok": true, "error": ""}
{"request_id": "fraction_addition-05|direct|question_first|reveal|warm|doubao-seed-2.0-lite", "ok": true, "error": ""}
{"request_id": "fraction_addition-05|explore|explain_only|withhold|warm|doubao-seed-2.0-lite", "ok": true, "error": ""}
{"request_id": "fraction_addition-05|explore|explain_only|reveal|warm|doubao-seed-2.0-lite", "ok": true, "error": ""}
{"request_id": "fraction_addition-05|explore|explain_only|withhold|neutral|doubao-seed-2.0-lite", "ok": true, "error": ""}
{"request_id": "fraction_addition-05|explore|question_first|reveal|neutral|doubao-seed-2.0-lite", "ok": true, "error": ""}
{"request_id": "fraction_addition-06|direct|explain_only|reveal|neutral|doubao-seed-2.0-lite", "ok": true, "error": ""}
{"request_id": "fraction_addition-05|explore|question_first|withhold|neutral|doubao-seed-2.0-lite", "ok": true, "error": ""}
{"request_id": "fraction_addition-05|explore|question_first|withhold|warm|doubao-seed-2.0-lite", "ok": true, "error": ""}
{"request_id": "fraction_addition-06|direct|explain_only|withhold|neutral|doubao-seed-2.0-lite", "ok": true, "error": ""}
{"request_id": "fraction_addition-06|direct|explain_only|reveal|warm|doubao-seed-2.0-lite", "ok": true, "error": ""}
{"request_id": "fraction_addition-06|direct|question_first|reveal|neutral|doubao-seed-2.0-lite", "ok": true, "error": ""}
{"request_id": "fraction_addition-06|direct|explain_only|withhold|warm|doubao-seed-2.0-lite", "ok": true, "error": ""}
{"request_id": "fraction_addition-05|explore|question_first|reveal|warm|doubao-seed-2.0-lite", "ok": true, "error": ""}
{"request_id": "fraction_addition-06|direct|question_first|reveal|warm|doubao-seed-2.0-lite", "ok": true, "error": ""}
{"request_id": "fraction_addition-06|direct|question_first|withhold|neutral|doubao-seed-2.0-lite", "ok": true, "error": ""}
{"request_id": "fraction_addition-06|explore|explain_only|reveal|neutral|doubao-seed-2.0-lite", "ok": true, "error": ""}
{"request_id": "fraction_addition-06|explore|explain_only|withhold|neutral|doubao-seed-2.0-lite", "ok": true, "error": ""}
{"request_id": "fraction_addition-06|explore|explain_only|reveal|warm|doubao-seed-2.0-lite", "ok": true, "error": ""}
{"request_id": "fraction_addition-06|direct|question_first|withhold|warm|doubao-seed-2.0-lite", "ok": true, "error": ""}
{"request_id": "fraction_addition-06|explore|explain_only|withhold|warm|doubao-seed-2.0-lite", "ok": true, "error": ""}
{"request_id": "fraction_addition-06|explore|question_first|withhold|neutral|doubao-seed-2.0-lite", "ok": true, "error": ""}
{"request_id": "fraction_addition-06|explore|question_first|reveal|warm|doubao-seed-2.0-lite", "ok": true, "error": ""}
{"request_id": "fraction_addition-07|direct|explain_only|reveal|neutral|doubao-seed-2.0-lite", "ok": true, "error": ""}
{"request_id": "fraction_addition-06|explore|question_first|withhold|warm|doubao-seed-2.0-lite", "ok": true, "error": ""}
{"request_id": "fraction_addition-06|explore|question_first|reveal|neutral|doubao-seed-2.0-lite", "ok": true, "error": ""}
{"request_id": "fraction_addition-07|direct|explain_only|reveal|warm|doubao-seed-2.0-lite", "ok": true, "error": ""}
{"request_id": "fraction_addition-07|direct|explain_only|withhold|neutral|doubao-seed-2.0-lite", "ok": true, "error": ""}
{"request_id": "fraction_addition-07|direct|question_first|reveal|neutral|doubao-seed-2.0-lite", "ok": true, "error": ""}
{"request_id": "fraction_addition-07|explore|explain_only|reveal|neutral|doubao-seed-2.0-lite", "ok": true, "error": ""}
{"request_id": "fraction_addition-07|direct|question_first|reveal|warm|doubao-seed-2.0-lite", "ok": true, "error": ""}
{"request_id": "fraction_addition-07|direct|question_first|withhold|neutral|doubao-seed-2.0-lite", "ok": true, "error": ""}
{"request_id": "fraction_addition-07|direct|explain_only|withhold|warm|doubao-seed-2.0-lite", "ok": true, "error": ""}
{"request_id": "fraction_addition-07|direct|question_first|withhold|warm|doubao-seed-2.0-lite", "ok": true, "error": ""}
{"request_id": "fraction_addition-07|explore|explain_only|withhold|neutral|doubao-seed-2.0-lite", "ok": true, "error": ""}
{"request_id": "fraction_addition-07|explore|question_first|withhold|neutral|doubao-seed-2.0-lite", "ok": true, "error": ""}
{"request_id": "fraction_addition-07|explore|question_first|reveal|neutral|doubao-seed-2.0-lite", "ok": true, "error": ""}
{"request_id": "linear_equation-00|direct|explain_only|reveal|neutral|doubao-seed-2.0-lite", "ok": true, "error": ""}
{"request_id": "fraction_addition-07|explore|explain_only|withhold|warm|doubao-seed-2.0-lite", "ok": true, "error": ""}
{"request_id": "fraction_addition-07|explore|explain_only|reveal|warm|doubao-seed-2.0-lite", "ok": true, "error": ""}
{"request_id": "linear_equation-00|direct|explain_only|reveal|warm|doubao-seed-2.0-lite", "ok": true, "error": ""}
{"request_id": "fraction_addition-07|explore|question_first|withhold|warm|doubao-seed-2.0-lite", "ok": true, "error": ""}
{"request_id": "linear_equation-00|direct|question_first|reveal|neutral|doubao-seed-2.0-lite", "ok": true, "error": ""}
{"request_id": "fraction_addition-07|explore|question_first|reveal|warm|doubao-seed-2.0-lite", "ok": true, "error": ""}
{"request_id": "linear_equation-00|direct|question_first|withhold|neutral|doubao-seed-2.0-lite", "ok": true, "error": ""}
{"request_id": "linear_equation-00|direct|question_first|reveal|warm|doubao-seed-2.0-lite", "ok": true, "error": ""}
{"request_id": "linear_equation-00|direct|explain_only|withhold|neutral|doubao-seed-2.0-lite", "ok": true, "error": ""}
{"request_id": "linear_equation-00|explore|explain_only|reveal|neutral|doubao-seed-2.0-lite", "ok": true, "error": ""}
{"request_id": "linear_equation-00|direct|explain_only|withhold|warm|doubao-seed-2.0-lite", "ok": true, "error": ""}
{"request_id": "linear_equation-00|explore|explain_only|reveal|warm|doubao-seed-2.0-lite", "ok": true, "error": ""}
{"request_id": "linear_equation-00|direct|question_first|withhold|warm|doubao-seed-2.0-lite", "ok": true, "error": ""}
{"request_id": "linear_equation-00|explore|explain_only|withhold|neutral|doubao-seed-2.0-lite", "ok": true, "error": ""}
{"request_id": "linear_equation-00|explore|explain_only|withhold|warm|doubao-seed-2.0-lite", "ok": true, "error": ""}
{"request_id": "linear_equation-00|explore|question_first|withhold|neutral|doubao-seed-2.0-lite", "ok": true, "error": ""}
{"request_id": "linear_equation-00|explore|question_first|reveal|neutral|doubao-seed-2.0-lite", "ok": true, "error": ""}
{"request_id": "linear_equation-00|explore|question_first|reveal|warm|doubao-seed-2.0-lite", "ok": true, "error": ""}
{"request_id": "linear_equation-01|direct|explain_only|reveal|neutral|doubao-seed-2.0-lite", "ok": true, "error": ""}
{"request_id": "linear_equation-01|direct|explain_only|withhold|neutral|doubao-seed-2.0-lite", "ok": true, "error": ""}
{"request_id": "linear_equation-00|explore|question_first|withhold|warm|doubao-seed-2.0-lite", "ok": true, "error": ""}
{"request_id": "linear_equation-01|direct|explain_only|reveal|warm|doubao-seed-2.0-lite", "ok": true, "error": ""}
{"request_id": "linear_equation-01|direct|question_first|reveal|neutral|doubao-seed-2.0-lite", "ok": true, "error": ""}
{"request_id": "linear_equation-01|direct|question_first|reveal|warm|doubao-seed-2.0-lite", "ok": true, "error": ""}
{"request_id": "linear_equation-01|direct|explain_only|withhold|warm|doubao-seed-2.0-lite", "ok": true, "error": ""}
{"request_id": "linear_equation-01|direct|question_first|withhold|neutral|doubao-seed-2.0-lite", "ok": true, "error": ""}
{"request_id": "linear_equation-01|explore|explain_only|reveal|neutral|doubao-seed-2.0-lite", "ok": true, "error": ""}
{"request_id": "linear_equation-01|direct|question_first|withhold|warm|doubao-seed-2.0-lite", "ok": true, "error": ""}
{"request_id": "linear_equation-01|explore|explain_only|withhold|neutral|doubao-seed-2.0-lite", "ok": true, "error": ""}
{"request_id": "linear_equation-01|explore|explain_only|reveal|warm|doubao-seed-2.0-lite", "ok": true, "error": ""}
{"request_id": "linear_equation-01|explore|question_first|reveal|neutral|doubao-seed-2.0-lite", "ok": true, "error": ""}
{"request_id": "linear_equation-01|explore|question_first|reveal|warm|doubao-seed-2.0-lite", "ok": true, "error": ""}
{"request_id": "linear_equation-01|explore|explain_only|withhold|warm|doubao-seed-2.0-lite", "ok": true, "error": ""}
{"request_id": "linear_equation-02|direct|explain_only|reveal|neutral|doubao-seed-2.0-lite", "ok": true, "error": ""}
{"request_id": "linear_equation-01|explore|question_first|withhold|neutral|doubao-seed-2.0-lite", "ok": true, "error": ""}
{"request_id": "linear_equation-01|explore|question_first|withhold|warm|doubao-seed-2.0-lite", "ok": true, "error": ""}
{"request_id": "linear_equation-02|direct|explain_only|reveal|warm|doubao-seed-2.0-lite", "ok": true, "error": ""}
{"request_id": "linear_equation-02|direct|explain_only|withhold|warm|doubao-seed-2.0-lite", "ok": true, "error": ""}
{"request_id": "linear_equation-02|direct|explain_only|withhold|neutral|doubao-seed-2.0-lite", "ok": true, "error": ""}
{"request_id": "linear_equation-02|direct|question_first|reveal|neutral|doubao-seed-2.0-lite", "ok": true, "error": ""}
{"request_id": "linear_equation-02|direct|question_first|withhold|neutral|doubao-seed-2.0-lite", "ok": true, "error": ""}
{"request_id": "linear_equation-02|direct|question_first|reveal|warm|doubao-seed-2.0-lite", "ok": true, "error": ""}
{"request_id": "linear_equation-02|explore|explain_only|reveal|neutral|doubao-seed-2.0-lite", "ok": true, "error": ""}
{"request_id": "linear_equation-02|explore|explain_only|withhold|neutral|doubao-seed-2.0-lite", "ok": true, "error": ""}
{"request_id": "linear_equation-02|explore|question_first|withhold|neutral|doubao-seed-2.0-lite", "ok": true, "error": ""}
{"request_id": "linear_equation-02|explore|explain_only|reveal|warm|doubao-seed-2.0-lite", "ok": true, "error": ""}
{"request_id": "linear_equation-02|explore|explain_only|withhold|warm|doubao-seed-2.0-lite", "ok": true, "error": ""}
{"request_id": "linear_equation-02|explore|question_first|reveal|neutral|doubao-seed-2.0-lite", "ok": true, "error": ""}
{"request_id": "linear_equation-02|direct|question_first|withhold|warm|doubao-seed-2.0-lite", "ok": true, "error": ""}
{"request_id": "linear_equation-03|direct|explain_only|reveal|neutral|doubao-seed-2.0-lite", "ok": true, "error": ""}
{"request_id": "linear_equation-03|direct|explain_only|reveal|warm|doubao-seed-2.0-lite", "ok": true, "error": ""}
{"request_id": "linear_equation-03|direct|question_first|reveal|neutral|doubao-seed-2.0-lite", "ok": true, "error": ""}
{"request_id": "linear_equation-03|direct|explain_only|withhold|neutral|doubao-seed-2.0-lite", "ok": true, "error": ""}
{"request_id": "linear_equation-02|explore|question_first|withhold|warm|doubao-seed-2.0-lite", "ok": true, "error": ""}
{"request_id": "linear_equation-02|explore|question_first|reveal|warm|doubao-seed-2.0-lite", "ok": true, "error": ""}
{"request_id": "linear_equation-03|direct|explain_only|withhold|warm|doubao-seed-2.0-lite", "ok": true, "error": ""}
{"request_id": "linear_equation-03|direct|question_first|reveal|warm|doubao-seed-2.0-lite", "ok": true, "error": ""}
{"request_id": "linear_equation-03|explore|explain_only|reveal|neutral|doubao-seed-2.0-lite", "ok": true, "error": ""}
{"request_id": "linear_equation-03|explore|explain_only|withhold|neutral|doubao-seed-2.0-lite", "ok": true, "error": ""}
{"request_id": "linear_equation-03|explore|explain_only|reveal|warm|doubao-seed-2.0-lite", "ok": true, "error": ""}
{"request_id": "linear_equation-03|direct|question_first|withhold|neutral|doubao-seed-2.0-lite", "ok": true, "error": ""}
{"request_id": "linear_equation-03|explore|question_first|reveal|neutral|doubao-seed-2.0-lite", "ok": true, "error": ""}
{"request_id": "linear_equation-03|explore|explain_only|withhold|warm|doubao-seed-2.0-lite", "ok": true, "error": ""}
{"request_id": "linear_equation-03|direct|question_first|withhold|warm|doubao-seed-2.0-lite", "ok": true, "error": ""}
{"request_id": "linear_equation-04|direct|explain_only|reveal|neutral|doubao-seed-2.0-lite", "ok": true, "error": ""}
{"request_id": "linear_equation-03|explore|question_first|withhold|neutral|doubao-seed-2.0-lite", "ok": true, "error": ""}
{"request_id": "linear_equation-03|explore|question_first|reveal|warm|doubao-seed-2.0-lite", "ok": true, "error": ""}
{"request_id": "linear_equation-04|direct|question_first|reveal|neutral|doubao-seed-2.0-lite", "ok": true, "error": ""}
{"request_id": "linear_equation-04|direct|explain_only|reveal|warm|doubao-seed-2.0-lite", "ok": true, "error": ""}
{"request_id": "linear_equation-03|explore|question_first|withhold|warm|doubao-seed-2.0-lite", "ok": true, "error": ""}
{"request_id": "linear_equation-04|direct|explain_only|withhold|neutral|doubao-seed-2.0-lite", "ok": true, "error": ""}
{"request_id": "linear_equation-04|direct|question_first|reveal|warm|doubao-seed-2.0-lite", "ok": true, "error": ""}
{"request_id": "linear_equation-04|direct|explain_only|withhold|warm|doubao-seed-2.0-lite", "ok": true, "error": ""}
{"request_id": "linear_equation-04|explore|explain_only|reveal|neutral|doubao-seed-2.0-lite", "ok": true, "error": ""}
{"request_id": "linear_equation-04|explore|explain_only|withhold|neutral|doubao-seed-2.0-lite", "ok": true, "error": ""}
{"request_id": "linear_equation-04|explore|explain_only|reveal|warm|doubao-seed-2.0-lite", "ok": true, "error": ""}
{"request_id": "linear_equation-04|direct|question_first|withhold|neutral|doubao-seed-2.0-lite", "ok": true, "error": ""}
{"request_id": "linear_equation-04|direct|question_first|withhold|warm|doubao-seed-2.0-lite", "ok": true, "error": ""}
{"request_id": "linear_equation-05|direct|explain_only|reveal|neutral|doubao-seed-2.0-lite", "ok": true, "error": ""}
{"request_id": "linear_equation-04|explore|question_first|withhold|neutral|doubao-seed-2.0-lite", "ok": true, "error": ""}
{"request_id": "linear_equation-04|explore|explain_only|withhold|warm|doubao-seed-2.0-lite", "ok": true, "error": ""}
{"request_id": "linear_equation-04|explore|question_first|reveal|neutral|doubao-seed-2.0-lite", "ok": true, "error": ""}
{"request_id": "linear_equation-04|explore|question_first|withhold|warm|doubao-seed-2.0-lite", "ok": true, "error": ""}
{"request_id": "linear_equation-05|direct|explain_only|reveal|warm|doubao-seed-2.0-lite", "ok": true, "error": ""}
{"request_id": "linear_equation-05|direct|explain_only|withhold|neutral|doubao-seed-2.0-lite", "ok": true, "error": ""}
{"request_id": "linear_equation-04|explore|question_first|reveal|warm|doubao-seed-2.0-lite", "ok": true, "error": ""}
{"request_id": "linear_equation-05|direct|question_first|reveal|neutral|doubao-seed-2.0-lite", "ok": true, "error": ""}
{"request_id": "linear_equation-05|direct|question_first|withhold|warm|doubao-seed-2.0-lite", "ok": true, "error": ""}
{"request_id": "linear_equation-05|direct|question_first|withhold|neutral|doubao-seed-2.0-lite", "ok": true, "error": ""}
{"request_id": "linear_equation-05|explore|explain_only|reveal|neutral|doubao-seed-2.0-lite", "ok": true, "error": ""}
{"request_id": "linear_equation-05|direct|explain_only|withhold|warm|doubao-seed-2.0-lite", "ok": true, "error": ""}
{"request_id": "linear_equation-05|explore|explain_only|withhold|neutral|doubao-seed-2.0-lite", "ok": true, "error": ""}
{"request_id": "linear_equation-05|direct|question_first|reveal|warm|doubao-seed-2.0-lite", "ok": true, "error": ""}
{"request_id": "linear_equation-05|explore|explain_only|reveal|warm|doubao-seed-2.0-lite", "ok": true, "error": ""}
{"request_id": "linear_equation-05|explore|question_first|reveal|neutral|doubao-seed-2.0-lite", "ok": true, "error": ""}
{"request_id": "linear_equation-05|explore|explain_only|withhold|warm|doubao-seed-2.0-lite", "ok": true, "error": ""}
{"request_id": "linear_equation-06|direct|explain_only|reveal|neutral|doubao-seed-2.0-lite", "ok": true, "error": ""}
{"request_id": "linear_equation-05|explore|question_first|withhold|warm|doubao-seed-2.0-lite", "ok": true, "error": ""}
{"request_id": "linear_equation-05|explore|question_first|withhold|neutral|doubao-seed-2.0-lite", "ok": true, "error": ""}
{"request_id": "linear_equation-06|direct|explain_only|withhold|neutral|doubao-seed-2.0-lite", "ok": true, "error": ""}
{"request_id": "linear_equation-06|direct|explain_only|reveal|warm|doubao-seed-2.0-lite", "ok": true, "error": ""}
{"request_id": "linear_equation-06|direct|question_first|reveal|neutral|doubao-seed-2.0-lite", "ok": true, "error": ""}
{"request_id": "linear_equation-05|explore|question_first|reveal|warm|doubao-seed-2.0-lite", "ok": true, "error": ""}
{"request_id": "linear_equation-06|direct|question_first|reveal|warm|doubao-seed-2.0-lite", "ok": true, "error": ""}
{"request_id": "linear_equation-06|explore|explain_only|reveal|neutral|doubao-seed-2.0-lite", "ok": true, "error": ""}
{"request_id": "linear_equation-06|direct|question_first|withhold|neutral|doubao-seed-2.0-lite", "ok": true, "error": ""}
{"request_id": "linear_equation-06|direct|explain_only|withhold|warm|doubao-seed-2.0-lite", "ok": true, "error": ""}
{"request_id": "linear_equation-06|explore|explain_only|withhold|neutral|doubao-seed-2.0-lite", "ok": true, "error": ""}
{"request_id": "linear_equation-06|explore|explain_only|reveal|warm|doubao-seed-2.0-lite", "ok": true, "error": ""}
{"request_id": "linear_equation-06|direct|question_first|withhold|warm|doubao-seed-2.0-lite", "ok": true, "error": ""}
{"request_id": "linear_equation-06|explore|question_first|reveal|neutral|doubao-seed-2.0-lite", "ok": true, "error": ""}
{"request_id": "linear_equation-06|explore|question_first|withhold|neutral|doubao-seed-2.0-lite", "ok": true, "error": ""}
{"request_id": "linear_equation-06|explore|explain_only|withhold|warm|doubao-seed-2.0-lite", "ok": true, "error": ""}
{"request_id": "linear_equation-07|direct|explain_only|reveal|neutral|doubao-seed-2.0-lite", "ok": true, "error": ""}
{"request_id": "linear_equation-06|explore|question_first|reveal|warm|doubao-seed-2.0-lite", "ok": true, "error": ""}
{"request_id": "linear_equation-06|explore|question_first|withhold|warm|doubao-seed-2.0-lite", "ok": true, "error": ""}
{"request_id": "linear_equation-07|direct|question_first|reveal|neutral|doubao-seed-2.0-lite", "ok": true, "error": ""}
{"request_id": "linear_equation-07|direct|explain_only|withhold|neutral|doubao-seed-2.0-lite", "ok": true, "error": ""}
{"request_id": "linear_equation-07|direct|explain_only|reveal|warm|doubao-seed-2.0-lite", "ok": true, "error": ""}
{"request_id": "linear_equation-07|direct|explain_only|withhold|warm|doubao-seed-2.0-lite", "ok": true, "error": ""}
{"request_id": "linear_equation-07|direct|question_first|reveal|warm|doubao-seed-2.0-lite", "ok": true, "error": ""}
{"request_id": "linear_equation-07|direct|question_first|withhold|neutral|doubao-seed-2.0-lite", "ok": true, "error": ""}
{"request_id": "linear_equation-07|explore|explain_only|reveal|neutral|doubao-seed-2.0-lite", "ok": true, "error": ""}
{"request_id": "linear_equation-07|direct|question_first|withhold|warm|doubao-seed-2.0-lite", "ok": true, "error": ""}
{"request_id": "linear_equation-07|explore|explain_only|reveal|warm|doubao-seed-2.0-lite", "ok": true, "error": ""}
{"request_id": "linear_equation-07|explore|explain_only|withhold|neutral|doubao-seed-2.0-lite", "ok": true, "error": ""}
{"request_id": "linear_equation-07|explore|question_first|reveal|neutral|doubao-seed-2.0-lite", "ok": true, "error": ""}
{"request_id": "linear_equation-07|explore|explain_only|withhold|warm|doubao-seed-2.0-lite", "ok": true, "error": ""}
{"request_id": "linear_equation-07|explore|question_first|reveal|warm|doubao-seed-2.0-lite", "ok": true, "error": ""}
{"request_id": "linear_equation-07|explore|question_first|withhold|neutral|doubao-seed-2.0-lite", "ok": true, "error": ""}
{"request_id": "percentage_discount-00|direct|explain_only|reveal|neutral|doubao-seed-2.0-lite", "ok": true, "error": ""}
{"request_id": "linear_equation-07|explore|question_first|withhold|warm|doubao-seed-2.0-lite", "ok": true, "error": ""}
{"request_id": "percentage_discount-00|direct|explain_only|reveal|warm|doubao-seed-2.0-lite", "ok": true, "error": ""}
{"request_id": "percentage_discount-00|direct|explain_only|withhold|neutral|doubao-seed-2.0-lite", "ok": true, "error": ""}
{"request_id": "percentage_discount-00|direct|question_first|withhold|neutral|doubao-seed-2.0-lite", "ok": true, "error": ""}
{"request_id": "percentage_discount-00|direct|question_first|reveal|neutral|doubao-seed-2.0-lite", "ok": true, "error": ""}
{"request_id": "percentage_discount-00|direct|explain_only|withhold|warm|doubao-seed-2.0-lite", "ok": true, "error": ""}
{"request_id": "percentage_discount-00|direct|question_first|withhold|warm|doubao-seed-2.0-lite", "ok": true, "error": ""}
{"request_id": "percentage_discount-00|direct|question_first|reveal|warm|doubao-seed-2.0-lite", "ok": true, "error": ""}
{"request_id": "percentage_discount-00|explore|explain_only|withhold|neutral|doubao-seed-2.0-lite", "ok": true, "error": ""}
{"request_id": "percentage_discount-00|explore|explain_only|reveal|neutral|doubao-seed-2.0-lite", "ok": true, "error": ""}
{"request_id": "percentage_discount-00|explore|explain_only|reveal|warm|doubao-seed-2.0-lite", "ok": true, "error": ""}
{"request_id": "percentage_discount-01|direct|explain_only|reveal|neutral|doubao-seed-2.0-lite", "ok": true, "error": ""}
{"request_id": "percentage_discount-00|explore|question_first|reveal|neutral|doubao-seed-2.0-lite", "ok": true, "error": ""}
{"request_id": "percentage_discount-00|explore|explain_only|withhold|warm|doubao-seed-2.0-lite", "ok": true, "error": ""}
{"request_id": "percentage_discount-01|direct|explain_only|reveal|warm|doubao-seed-2.0-lite", "ok": true, "error": ""}
{"request_id": "percentage_discount-00|explore|question_first|withhold|neutral|doubao-seed-2.0-lite", "ok": true, "error": ""}
{"request_id": "percentage_discount-00|explore|question_first|reveal|warm|doubao-seed-2.0-lite", "ok": true, "error": ""}
{"request_id": "percentage_discount-00|explore|question_first|withhold|warm|doubao-seed-2.0-lite", "ok": true, "error": ""}
{"request_id": "percentage_discount-01|direct|explain_only|withhold|neutral|doubao-seed-2.0-lite", "ok": true, "error": ""}
{"request_id": "percentage_discount-01|direct|question_first|reveal|neutral|doubao-seed-2.0-lite", "ok": true, "error": ""}
{"request_id": "percentage_discount-01|direct|question_first|reveal|warm|doubao-seed-2.0-lite", "ok": true, "error": ""}
{"request_id": "percentage_discount-01|explore|explain_only|withhold|neutral|doubao-seed-2.0-lite", "ok": true, "error": ""}
{"request_id": "percentage_discount-01|direct|explain_only|withhold|warm|doubao-seed-2.0-lite", "ok": true, "error": ""}
{"request_id": "percentage_discount-01|direct|question_first|withhold|neutral|doubao-seed-2.0-lite", "ok": true, "error": ""}
{"request_id": "percentage_discount-01|direct|question_first|withhold|warm|doubao-seed-2.0-lite", "ok": true, "error": ""}
{"request_id": "percentage_discount-01|explore|explain_only|reveal|neutral|doubao-seed-2.0-lite", "ok": true, "error": ""}
{"request_id": "percentage_discount-01|explore|explain_only|reveal|warm|doubao-seed-2.0-lite", "ok": true, "error": ""}
{"request_id": "percentage_discount-01|explore|explain_only|withhold|warm|doubao-seed-2.0-lite", "ok": true, "error": ""}
{"request_id": "percentage_discount-01|explore|question_first|reveal|neutral|doubao-seed-2.0-lite", "ok": true, "error": ""}
{"request_id": "percentage_discount-01|explore|question_first|withhold|neutral|doubao-seed-2.0-lite", "ok": true, "error": ""}
{"request_id": "percentage_discount-02|direct|explain_only|reveal|warm|doubao-seed-2.0-lite", "ok": true, "error": ""}
{"request_id": "percentage_discount-02|direct|explain_only|reveal|neutral|doubao-seed-2.0-lite", "ok": true, "error": ""}
{"request_id": "percentage_discount-01|explore|question_first|withhold|warm|doubao-seed-2.0-lite", "ok": true, "error": ""}
{"request_id": "percentage_discount-02|direct|explain_only|withhold|neutral|doubao-seed-2.0-lite", "ok": true, "error": ""}
{"request_id": "percentage_discount-01|explore|question_first|reveal|warm|doubao-seed-2.0-lite", "ok": true, "error": ""}
{"request_id": "percentage_discount-02|direct|question_first|withhold|neutral|doubao-seed-2.0-lite", "ok": true, "error": ""}
{"request_id": "percentage_discount-02|direct|question_first|reveal|neutral|doubao-seed-2.0-lite", "ok": true, "error": ""}
{"request_id": "percentage_discount-02|direct|question_first|reveal|warm|doubao-seed-2.0-lite", "ok": true, "error": ""}
{"request_id": "percentage_discount-02|direct|question_first|withhold|warm|doubao-seed-2.0-lite", "ok": true, "error": ""}
{"request_id": "percentage_discount-02|direct|explain_only|withhold|warm|doubao-seed-2.0-lite", "ok": true, "error": ""}
{"request_id": "percentage_discount-02|explore|question_first|withhold|neutral|doubao-seed-2.0-lite", "ok": true, "error": ""}
{"request_id": "percentage_discount-02|explore|explain_only|withhold|neutral|doubao-seed-2.0-lite", "ok": true, "error": ""}
{"request_id": "percentage_discount-02|explore|explain_only|withhold|warm|doubao-seed-2.0-lite", "ok": true, "error": ""}
{"request_id": "percentage_discount-02|explore|explain_only|reveal|neutral|doubao-seed-2.0-lite", "ok": true, "error": ""}
{"request_id": "percentage_discount-02|explore|explain_only|reveal|warm|doubao-seed-2.0-lite", "ok": true, "error": ""}
{"request_id": "percentage_discount-03|direct|explain_only|reveal|neutral|doubao-seed-2.0-lite", "ok": true, "error": ""}
{"request_id": "percentage_discount-03|direct|explain_only|withhold|neutral|doubao-seed-2.0-lite", "ok": true, "error": ""}
{"request_id": "percentage_discount-02|explore|question_first|reveal|warm|doubao-seed-2.0-lite", "ok": true, "error": ""}
{"request_id": "percentage_discount-03|direct|explain_only|reveal|warm|doubao-seed-2.0-lite", "ok": true, "error": ""}
{"request_id": "percentage_discount-02|explore|question_first|reveal|neutral|doubao-seed-2.0-lite", "ok": true, "error": ""}
{"request_id": "percentage_discount-02|explore|question_first|withhold|warm|doubao-seed-2.0-lite", "ok": true, "error": ""}
{"request_id": "percentage_discount-03|direct|question_first|reveal|neutral|doubao-seed-2.0-lite", "ok": true, "error": ""}
{"request_id": "percentage_discount-03|direct|explain_only|withhold|warm|doubao-seed-2.0-lite", "ok": true, "error": ""}
{"request_id": "percentage_discount-03|direct|question_first|withhold|neutral|doubao-seed-2.0-lite", "ok": true, "error": ""}
{"request_id": "percentage_discount-03|explore|explain_only|withhold|neutral|doubao-seed-2.0-lite", "ok": true, "error": ""}
{"request_id": "percentage_discount-03|direct|question_first|reveal|warm|doubao-seed-2.0-lite", "ok": true, "error": ""}
{"request_id": "percentage_discount-03|explore|explain_only|reveal|neutral|doubao-seed-2.0-lite", "ok": true, "error": ""}
{"request_id": "percentage_discount-03|direct|question_first|withhold|warm|doubao-seed-2.0-lite", "ok": true, "error": ""}
{"request_id": "percentage_discount-03|explore|explain_only|reveal|warm|doubao-seed-2.0-lite", "ok": true, "error": ""}
{"request_id": "percentage_discount-03|explore|explain_only|withhold|warm|doubao-seed-2.0-lite", "ok": true, "error": ""}
{"request_id": "percentage_discount-03|explore|question_first|reveal|neutral|doubao-seed-2.0-lite", "ok": true, "error": ""}
{"request_id": "percentage_discount-03|explore|question_first|withhold|neutral|doubao-seed-2.0-lite", "ok": true, "error": ""}
{"request_id": "percentage_discount-03|explore|question_first|withhold|warm|doubao-seed-2.0-lite", "ok": true, "error": ""}
{"request_id": "percentage_discount-04|direct|explain_only|reveal|neutral|doubao-seed-2.0-lite", "ok": true, "error": ""}
{"request_id": "percentage_discount-03|explore|question_first|reveal|warm|doubao-seed-2.0-lite", "ok": true, "error": ""}
{"request_id": "percentage_discount-04|direct|explain_only|withhold|neutral|doubao-seed-2.0-lite", "ok": true, "error": ""}
{"request_id": "percentage_discount-04|direct|explain_only|reveal|warm|doubao-seed-2.0-lite", "ok": true, "error": ""}
{"request_id": "percentage_discount-04|direct|explain_only|withhold|warm|doubao-seed-2.0-lite", "ok": true, "error": ""}
{"request_id": "percentage_discount-04|direct|question_first|reveal|neutral|doubao-seed-2.0-lite", "ok": true, "error": ""}
{"request_id": "percentage_discount-04|direct|question_first|withhold|neutral|doubao-seed-2.0-lite", "ok": true, "error": ""}
{"request_id": "percentage_discount-04|direct|question_first|reveal|warm|doubao-seed-2.0-lite", "ok": true, "error": ""}
{"request_id": "percentage_discount-04|explore|explain_only|reveal|warm|doubao-seed-2.0-lite", "ok": true, "error": ""}
{"request_id": "percentage_discount-04|direct|question_first|withhold|warm|doubao-seed-2.0-lite", "ok": true, "error": ""}
{"request_id": "percentage_discount-04|explore|explain_only|withhold|neutral|doubao-seed-2.0-lite", "ok": true, "error": ""}
{"request_id": "percentage_discount-04|explore|explain_only|reveal|neutral|doubao-seed-2.0-lite", "ok": true, "error": ""}
{"request_id": "percentage_discount-04|explore|question_first|reveal|neutral|doubao-seed-2.0-lite", "ok": true, "error": ""}
{"request_id": "percentage_discount-04|explore|explain_only|withhold|warm|doubao-seed-2.0-lite", "ok": true, "error": ""}
{"request_id": "percentage_discount-05|direct|explain_only|reveal|neutral|doubao-seed-2.0-lite", "ok": true, "error": ""}
{"request_id": "percentage_discount-05|direct|explain_only|withhold|neutral|doubao-seed-2.0-lite", "ok": true, "error": ""}
{"request_id": "percentage_discount-04|explore|question_first|withhold|neutral|doubao-seed-2.0-lite", "ok": true, "error": ""}
{"request_id": "percentage_discount-05|direct|explain_only|reveal|warm|doubao-seed-2.0-lite", "ok": true, "error": ""}
{"request_id": "percentage_discount-04|explore|question_first|reveal|warm|doubao-seed-2.0-lite", "ok": true, "error": ""}
{"request_id": "percentage_discount-05|direct|question_first|reveal|neutral|doubao-seed-2.0-lite", "ok": true, "error": ""}
{"request_id": "percentage_discount-04|explore|question_first|withhold|warm|doubao-seed-2.0-lite", "ok": true, "error": ""}
{"request_id": "percentage_discount-05|direct|question_first|withhold|neutral|doubao-seed-2.0-lite", "ok": true, "error": ""}
{"request_id": "percentage_discount-05|direct|explain_only|withhold|warm|doubao-seed-2.0-lite", "ok": true, "error": ""}
{"request_id": "percentage_discount-05|direct|question_first|reveal|warm|doubao-seed-2.0-lite", "ok": true, "error": ""}
{"request_id": "percentage_discount-05|direct|question_first|withhold|warm|doubao-seed-2.0-lite", "ok": true, "error": ""}
{"request_id": "percentage_discount-05|explore|explain_only|reveal|neutral|doubao-seed-2.0-lite", "ok": true, "error": ""}
{"request_id": "percentage_discount-05|explore|explain_only|reveal|warm|doubao-seed-2.0-lite", "ok": true, "error": ""}
{"request_id": "percentage_discount-05|explore|explain_only|withhold|neutral|doubao-seed-2.0-lite", "ok": true, "error": ""}
{"request_id": "percentage_discount-05|explore|explain_only|withhold|warm|doubao-seed-2.0-lite", "ok": true, "error": ""}
{"request_id": "percentage_discount-05|explore|question_first|reveal|neutral|doubao-seed-2.0-lite", "ok": true, "error": ""}
{"request_id": "percentage_discount-05|explore|question_first|withhold|neutral|doubao-seed-2.0-lite", "ok": true, "error": ""}
{"request_id": "percentage_discount-06|direct|explain_only|reveal|neutral|doubao-seed-2.0-lite", "ok": true, "error": ""}
{"request_id": "percentage_discount-05|explore|question_first|withhold|warm|doubao-seed-2.0-lite", "ok": true, "error": ""}
{"request_id": "percentage_discount-06|direct|explain_only|withhold|neutral|doubao-seed-2.0-lite", "ok": true, "error": ""}
{"request_id": "percentage_discount-06|direct|explain_only|reveal|warm|doubao-seed-2.0-lite", "ok": true, "error": ""}
{"request_id": "percentage_discount-06|direct|question_first|reveal|neutral|doubao-seed-2.0-lite", "ok": true, "error": ""}
{"request_id": "percentage_discount-05|explore|question_first|reveal|warm|doubao-seed-2.0-lite", "ok": true, "error": ""}
{"request_id": "percentage_discount-06|direct|explain_only|withhold|warm|doubao-seed-2.0-lite", "ok": true, "error": ""}
{"request_id": "percentage_discount-06|direct|question_first|withhold|neutral|doubao-seed-2.0-lite", "ok": true, "error": ""}
{"request_id": "percentage_discount-06|direct|question_first|reveal|warm|doubao-seed-2.0-lite", "ok": true, "error": ""}
{"request_id": "percentage_discount-06|direct|question_first|withhold|warm|doubao-seed-2.0-lite", "ok": true, "error": ""}
{"request_id": "percentage_discount-06|explore|explain_only|reveal|neutral|doubao-seed-2.0-lite", "ok": true, "error": ""}
{"request_id": "percentage_discount-06|explore|explain_only|withhold|neutral|doubao-seed-2.0-lite", "ok": true, "error": ""}
{"request_id": "percentage_discount-06|explore|explain_only|reveal|warm|doubao-seed-2.0-lite", "ok": true, "error": ""}
{"request_id": "percentage_discount-06|explore|explain_only|withhold|warm|doubao-seed-2.0-lite", "ok": true, "error": ""}
{"request_id": "percentage_discount-06|explore|question_first|reveal|neutral|doubao-seed-2.0-lite", "ok": true, "error": ""}
{"request_id": "percentage_discount-06|explore|question_first|withhold|neutral|doubao-seed-2.0-lite", "ok": true, "error": ""}
{"request_id": "percentage_discount-07|direct|explain_only|reveal|neutral|doubao-seed-2.0-lite", "ok": true, "error": ""}
{"request_id": "percentage_discount-06|explore|question_first|reveal|warm|doubao-seed-2.0-lite", "ok": true, "error": ""}
{"request_id": "percentage_discount-07|direct|explain_only|withhold|neutral|doubao-seed-2.0-lite", "ok": true, "error": ""}
{"request_id": "percentage_discount-07|direct|explain_only|reveal|warm|doubao-seed-2.0-lite", "ok": true, "error": ""}
{"request_id": "percentage_discount-06|explore|question_first|withhold|warm|doubao-seed-2.0-lite", "ok": true, "error": ""}
{"request_id": "percentage_discount-07|direct|question_first|reveal|neutral|doubao-seed-2.0-lite", "ok": true, "error": ""}
{"request_id": "percentage_discount-07|direct|explain_only|withhold|warm|doubao-seed-2.0-lite", "ok": true, "error": ""}
{"request_id": "percentage_discount-07|direct|question_first|reveal|warm|doubao-seed-2.0-lite", "ok": true, "error": ""}
{"request_id": "percentage_discount-07|explore|explain_only|reveal|neutral|doubao-seed-2.0-lite", "ok": true, "error": ""}
{"request_id": "percentage_discount-07|explore|explain_only|withhold|neutral|doubao-seed-2.0-lite", "ok": true, "error": ""}
{"request_id": "percentage_discount-07|direct|question_first|withhold|neutral|doubao-seed-2.0-lite", "ok": true, "error": ""}
{"request_id": "percentage_discount-07|explore|explain_only|reveal|warm|doubao-seed-2.0-lite", "ok": true, "error": ""}
{"request_id": "percentage_discount-07|explore|explain_only|withhold|warm|doubao-seed-2.0-lite", "ok": true, "error": ""}
{"request_id": "percentage_discount-07|explore|question_first|withhold|warm|doubao-seed-2.0-lite", "ok": true, "error": ""}
{"request_id": "percentage_discount-07|explore|question_first|withhold|neutral|doubao-seed-2.0-lite", "ok": true, "error": ""}
{"request_id": "percentage_discount-07|direct|question_first|withhold|warm|doubao-seed-2.0-lite", "ok": true, "error": ""}
{"request_id": "percentage_discount-07|explore|question_first|reveal|warm|doubao-seed-2.0-lite", "ok": true, "error": ""}
{"request_id": "percentage_discount-07|explore|question_first|reveal|neutral|doubao-seed-2.0-lite", "ok": true, "error": ""}
{
  "current_errors": 0,
  "expected": 2560,
  "missing": 0,
  "per_model": {
    "MiniMax-M2.7": {
      "errors": 0,
      "expected": 512,
      "missing": 0,
      "successful": 512
    },
    "MiniMax-M3": {
      "errors": 0,
      "expected": 512,
      "missing": 0,
      "successful": 512
    },
    "deepseek-v4-pro": {
      "errors": 0,
      "expected": 512,
      "missing": 0,
      "successful": 512
    },
    "doubao-seed-2.0-lite": {
      "errors": 0,
      "expected": 512,
      "missing": 0,
      "successful": 512
    },
    "glm-5.2": {
      "errors": 0,
      "expected": 512,
      "missing": 0,
      "successful": 512
    }
  },
  "successful": 2560,
  "unexpected_keys": 0
}
