request_id,judge,valid,error
4b62202be5551b7ef487:MiniMax-M3,MiniMax-M3,False,"Prompt, payload or response hash differs"
f28c9252792c30444a87:deepseek-v4-pro,deepseek-v4-pro,False,"Prompt, payload or response hash differs"
0f1e44bf01d071f4b56c:MiniMax-M3,MiniMax-M3,False,"Prompt, payload or response hash differs"
105b3da1ad69c5a6284f:MiniMax-M3,MiniMax-M3,False,"Prompt, payload or response hash differs"
d63e9320eb415e6c4479:MiniMax-M3,MiniMax-M3,False,"Prompt, payload or response hash differs"
276af237fe3ba045964f:deepseek-v4-pro,deepseek-v4-pro,False,"Prompt, payload or response hash differs"
f3422474fbc4b5161432:MiniMax-M3,MiniMax-M3,False,"Prompt, payload or response hash differs"
0d6a8b8bea035362d467:deepseek-v4-pro,deepseek-v4-pro,False,"Prompt, payload or response hash differs"
c24e288219094bdadb4f:deepseek-v4-pro,deepseek-v4-pro,False,"Prompt, payload or response hash differs"
54c798a19dba13e982ca:deepseek-v4-pro,deepseek-v4-pro,False,"Prompt, payload or response hash differs"
957d5645f05c9c297dbf:deepseek-v4-pro,deepseek-v4-pro,False,"Prompt, payload or response hash differs"
69311ad1934a9fa98065:deepseek-v4-pro,deepseek-v4-pro,False,"Prompt, payload or response hash differs"
75b59ed8b09b11069a23:deepseek-v4-pro,deepseek-v4-pro,False,"Prompt, payload or response hash differs"
b2223ff9d134b3da09ef:deepseek-v4-pro,deepseek-v4-pro,False,"Prompt, payload or response hash differs"
14d6bcd96791a193a141:MiniMax-M3,MiniMax-M3,False,"Prompt, payload or response hash differs"
aba8902b3684fa6da29f:deepseek-v4-pro,deepseek-v4-pro,False,"Prompt, payload or response hash differs"
c45afb15167c76f53211:MiniMax-M3,MiniMax-M3,False,"Prompt, payload or response hash differs"
ef5e8a2e9073b2de8f05:deepseek-v4-pro,deepseek-v4-pro,False,"Prompt, payload or response hash differs"
174262e9a57e5687b2c4:deepseek-v4-pro,deepseek-v4-pro,False,"Prompt, payload or response hash differs"
2adbe376e88e52cbc912:deepseek-v4-pro,deepseek-v4-pro,False,"Prompt, payload or response hash differs"
b8a9f82971af0f322b0f:MiniMax-M3,MiniMax-M3,False,"Prompt, payload or response hash differs"
4a0686cde3cf527a95ed:deepseek-v4-pro,deepseek-v4-pro,False,"Prompt, payload or response hash differs"
9da25448cacef21bcdbb:deepseek-v4-pro,deepseek-v4-pro,False,"Prompt, payload or response hash differs"
f07688ea975b0e5de563:MiniMax-M3,MiniMax-M3,False,"Prompt, payload or response hash differs"
91db39a3b63a0c1dbdf6:deepseek-v4-pro,deepseek-v4-pro,False,"Prompt, payload or response hash differs"
407a1c5d6971e0cd0739:MiniMax-M3,MiniMax-M3,False,"Prompt, payload or response hash differs"
cbf6aa54b88cd899d987:MiniMax-M3,MiniMax-M3,False,"Prompt, payload or response hash differs"
b92393408986b35d3e35:deepseek-v4-pro,deepseek-v4-pro,False,"Prompt, payload or response hash differs"
3a2ed5ce9528f3331056:deepseek-v4-pro,deepseek-v4-pro,False,"Prompt, payload or response hash differs"
a02573c7192a0f969d85:MiniMax-M3,MiniMax-M3,False,"Prompt, payload or response hash differs"
b7e86a60ac3a295ae45e:deepseek-v4-pro,deepseek-v4-pro,False,"Prompt, payload or response hash differs"
81a641d50b1ab4395be1:deepseek-v4-pro,deepseek-v4-pro,False,"Prompt, payload or response hash differs"
e616a3f5c613aa8ef5b0:deepseek-v4-pro,deepseek-v4-pro,False,"Prompt, payload or response hash differs"
b53ebef2f3280933af9a:deepseek-v4-pro,deepseek-v4-pro,False,"Prompt, payload or response hash differs"
6985ad041e3e5bad855c:MiniMax-M3,MiniMax-M3,False,"Prompt, payload or response hash differs"
967200129caea21053d5:MiniMax-M3,MiniMax-M3,False,"Prompt, payload or response hash differs"
ab3f819fdfee96513ffb:MiniMax-M3,MiniMax-M3,False,"Prompt, payload or response hash differs"
47f27efbdb2f379c728b:MiniMax-M3,MiniMax-M3,False,"Prompt, payload or response hash differs"
178a04b90e2c92dacb34:MiniMax-M3,MiniMax-M3,False,"Prompt, payload or response hash differs"
3448f5bee1103e213bd8:deepseek-v4-pro,deepseek-v4-pro,False,"Prompt, payload or response hash differs"
f2c962695dedc9d20009:MiniMax-M3,MiniMax-M3,False,"Prompt, payload or response hash differs"
c1ebacc474712951229d:deepseek-v4-pro,deepseek-v4-pro,False,"Prompt, payload or response hash differs"
a0e6146493d94ff5aacd:MiniMax-M3,MiniMax-M3,False,"Prompt, payload or response hash differs"
b6363d4af5f6a9a9414a:deepseek-v4-pro,deepseek-v4-pro,False,"Prompt, payload or response hash differs"
200cfbe949123379d0cf:deepseek-v4-pro,deepseek-v4-pro,False,"Prompt, payload or response hash differs"
11db45ee2622e1ad2170:deepseek-v4-pro,deepseek-v4-pro,False,"Prompt, payload or response hash differs"
62334a45f0f836d78084:deepseek-v4-pro,deepseek-v4-pro,False,"Prompt, payload or response hash differs"
c20d08d1ce2a77aebdc4:deepseek-v4-pro,deepseek-v4-pro,False,"Prompt, payload or response hash differs"
6b4ac244d86478f67ff0:MiniMax-M3,MiniMax-M3,False,"Prompt, payload or response hash differs"
e14f7ef51178d3d48b46:MiniMax-M3,MiniMax-M3,False,"Prompt, payload or response hash differs"
27d67222ec74299e74cb:MiniMax-M3,MiniMax-M3,False,"Prompt, payload or response hash differs"
a0e85da7a1e859ae5dea:MiniMax-M3,MiniMax-M3,False,"Prompt, payload or response hash differs"
8d0a500eb342d6d7604f:deepseek-v4-pro,deepseek-v4-pro,False,"Prompt, payload or response hash differs"
1bcaeca16ac71c98a2bc:MiniMax-M3,MiniMax-M3,False,"Prompt, payload or response hash differs"
9c4f7a808b6e7ec2201e:deepseek-v4-pro,deepseek-v4-pro,False,"Prompt, payload or response hash differs"
5989883e4e5bcd867a61:deepseek-v4-pro,deepseek-v4-pro,False,"Prompt, payload or response hash differs"
010097419c7a7ce37165:MiniMax-M3,MiniMax-M3,False,"Prompt, payload or response hash differs"
465967de7c0ea388cfb2:MiniMax-M3,MiniMax-M3,False,"Prompt, payload or response hash differs"
e67fa95f281b87484824:deepseek-v4-pro,deepseek-v4-pro,False,"Prompt, payload or response hash differs"
7cc44c1147e0eb676aee:deepseek-v4-pro,deepseek-v4-pro,False,"Prompt, payload or response hash differs"
b506428305f665a9ae69:MiniMax-M3,MiniMax-M3,False,"Prompt, payload or response hash differs"
307bf399ae4789f2dd83:deepseek-v4-pro,deepseek-v4-pro,False,"Prompt, payload or response hash differs"
6baa8da8fef826ffda0e:MiniMax-M3,MiniMax-M3,False,"Prompt, payload or response hash differs"
83ce394ffb5571202943:MiniMax-M3,MiniMax-M3,False,"Prompt, payload or response hash differs"
ee2e76598e0219db9e57:deepseek-v4-pro,deepseek-v4-pro,False,"Prompt, payload or response hash differs"
82515d01837c4f60ce85:MiniMax-M3,MiniMax-M3,False,"Prompt, payload or response hash differs"
341bb5f090e4e0b9e489:MiniMax-M3,MiniMax-M3,False,"Prompt, payload or response hash differs"
15d13f7717b170616547:MiniMax-M3,MiniMax-M3,False,"Prompt, payload or response hash differs"
04c6048c96d3296f36a4:deepseek-v4-pro,deepseek-v4-pro,False,"Prompt, payload or response hash differs"
292e0ae08ffe403e39ed:MiniMax-M3,MiniMax-M3,False,"Prompt, payload or response hash differs"
2af7289b1dc9d687dcc6:MiniMax-M3,MiniMax-M3,False,"Prompt, payload or response hash differs"
105b3da1ad69c5a6284f:deepseek-v4-pro,deepseek-v4-pro,False,"Prompt, payload or response hash differs"
92adce0bd755d0b0016e:deepseek-v4-pro,deepseek-v4-pro,False,"Prompt, payload or response hash differs"
bb5fb56e27085a8de1b5:deepseek-v4-pro,deepseek-v4-pro,False,"Prompt, payload or response hash differs"
c3d1cb2f2506c93468b5:MiniMax-M3,MiniMax-M3,False,"Prompt, payload or response hash differs"
3030550811e977753114:deepseek-v4-pro,deepseek-v4-pro,False,"Prompt, payload or response hash differs"
ed55525771444eedde3f:MiniMax-M3,MiniMax-M3,False,"Prompt, payload or response hash differs"
c18b882bf0f145eb227c:MiniMax-M3,MiniMax-M3,False,"Prompt, payload or response hash differs"
769bba7c97163404e069:deepseek-v4-pro,deepseek-v4-pro,False,"Prompt, payload or response hash differs"
8a023a4d7a8d4e5a78e1:MiniMax-M3,MiniMax-M3,False,"Prompt, payload or response hash differs"
812a027af5d4b6cdf6df:MiniMax-M3,MiniMax-M3,False,"Prompt, payload or response hash differs"
cd23a97ef1cad00b7b81:deepseek-v4-pro,deepseek-v4-pro,False,"Prompt, payload or response hash differs"
70073de41a4b4d02372a:MiniMax-M3,MiniMax-M3,False,"Prompt, payload or response hash differs"
11c8a53705298fcf9e42:MiniMax-M3,MiniMax-M3,False,"Prompt, payload or response hash differs"
842a1a3fb1fe4a486d4c:MiniMax-M3,MiniMax-M3,False,"Prompt, payload or response hash differs"
44f293103bbab814b971:deepseek-v4-pro,deepseek-v4-pro,False,"Prompt, payload or response hash differs"
7520a86751939a1b743f:MiniMax-M3,MiniMax-M3,False,"Prompt, payload or response hash differs"
74fd0e444457e20452f9:deepseek-v4-pro,deepseek-v4-pro,False,"Prompt, payload or response hash differs"
a2fcfb8eb83a28d780e1:deepseek-v4-pro,deepseek-v4-pro,False,"Prompt, payload or response hash differs"
90542c3f39ac20a0264b:deepseek-v4-pro,deepseek-v4-pro,False,"Prompt, payload or response hash differs"
5a79cde131a32752cc86:deepseek-v4-pro,deepseek-v4-pro,False,"Prompt, payload or response hash differs"
99746e479f0d52a97dca:deepseek-v4-pro,deepseek-v4-pro,False,"Prompt, payload or response hash differs"
632d3e78b0e470f865fc:deepseek-v4-pro,deepseek-v4-pro,False,"Prompt, payload or response hash differs"
9c4f7a808b6e7ec2201e:MiniMax-M3,MiniMax-M3,False,"Prompt, payload or response hash differs"
ae7c0b5673744138c0ad:MiniMax-M3,MiniMax-M3,False,"Prompt, payload or response hash differs"
2589618aa70f9ceedc4e:deepseek-v4-pro,deepseek-v4-pro,False,"Prompt, payload or response hash differs"
36eae3d8781b60c9fa4c:deepseek-v4-pro,deepseek-v4-pro,False,"Prompt, payload or response hash differs"
50c9264c63a333bc9de9:deepseek-v4-pro,deepseek-v4-pro,False,"Prompt, payload or response hash differs"
e2cbb8dbe5be4862a2c1:MiniMax-M3,MiniMax-M3,False,"Prompt, payload or response hash differs"
0350c20d66b0dcca7d23:deepseek-v4-pro,deepseek-v4-pro,False,"Prompt, payload or response hash differs"
6985ad041e3e5bad855c:deepseek-v4-pro,deepseek-v4-pro,False,"Prompt, payload or response hash differs"
eff4999ce08c7e2778ec:deepseek-v4-pro,deepseek-v4-pro,False,"Prompt, payload or response hash differs"
5a8112cdfaf11a66eaa6:deepseek-v4-pro,deepseek-v4-pro,False,"Prompt, payload or response hash differs"
56443f97d1f220345639:MiniMax-M3,MiniMax-M3,False,"Prompt, payload or response hash differs"
1993525a881f7237702b:deepseek-v4-pro,deepseek-v4-pro,False,"Prompt, payload or response hash differs"
8a25a4766776268225fc:MiniMax-M3,MiniMax-M3,False,"Prompt, payload or response hash differs"
e32d2f68f76e35f6bb5b:deepseek-v4-pro,deepseek-v4-pro,False,"Prompt, payload or response hash differs"
ab1ed3fde2765582e214:MiniMax-M3,MiniMax-M3,False,"Prompt, payload or response hash differs"
62e9945a004d38975a02:MiniMax-M3,MiniMax-M3,False,"Prompt, payload or response hash differs"
8c7003e325c254fde0a6:MiniMax-M3,MiniMax-M3,False,"Prompt, payload or response hash differs"
69788a098c97970012b1:deepseek-v4-pro,deepseek-v4-pro,False,"Prompt, payload or response hash differs"
5674f46f0bb1b313813b:MiniMax-M3,MiniMax-M3,False,"Prompt, payload or response hash differs"
f2a221eeda4e72403203:MiniMax-M3,MiniMax-M3,False,"Prompt, payload or response hash differs"
ee2e76598e0219db9e57:MiniMax-M3,MiniMax-M3,False,"Prompt, payload or response hash differs"
0f2706430bd9104f80b3:deepseek-v4-pro,deepseek-v4-pro,False,"Prompt, payload or response hash differs"
5492219920c46b8cf69b:deepseek-v4-pro,deepseek-v4-pro,False,"Prompt, payload or response hash differs"
9ffe749518afd1f21061:MiniMax-M3,MiniMax-M3,False,"Prompt, payload or response hash differs"
5fb9a07d5155eb6231cf:deepseek-v4-pro,deepseek-v4-pro,False,"Prompt, payload or response hash differs"
d8e1f757a7e8973c6d8a:MiniMax-M3,MiniMax-M3,False,"Prompt, payload or response hash differs"
889cab3ec82614b86c22:deepseek-v4-pro,deepseek-v4-pro,False,"Prompt, payload or response hash differs"
ed59d34de43ea03f546d:MiniMax-M3,MiniMax-M3,False,"Prompt, payload or response hash differs"
f263edabe0215b1df527:deepseek-v4-pro,deepseek-v4-pro,False,"Prompt, payload or response hash differs"
334b58699e9b1266b914:deepseek-v4-pro,deepseek-v4-pro,False,"Prompt, payload or response hash differs"
f9dfe504742694f782ae:deepseek-v4-pro,deepseek-v4-pro,False,"Prompt, payload or response hash differs"
c45afb15167c76f53211:deepseek-v4-pro,deepseek-v4-pro,False,"Prompt, payload or response hash differs"
d469f7642bbe10008250:MiniMax-M3,MiniMax-M3,False,"Prompt, payload or response hash differs"
dfc760fa2baa7cfdda1a:deepseek-v4-pro,deepseek-v4-pro,False,"Prompt, payload or response hash differs"
b5a4a5ac21b4af8e120e:MiniMax-M3,MiniMax-M3,False,"Prompt, payload or response hash differs"
800312525709af74ac74:deepseek-v4-pro,deepseek-v4-pro,False,"Prompt, payload or response hash differs"
662d7c6ff901e9ba22d3:deepseek-v4-pro,deepseek-v4-pro,False,"Prompt, payload or response hash differs"
7e15b4dd6d76f32c82c2:MiniMax-M3,MiniMax-M3,False,"Prompt, payload or response hash differs"
1d36774399c59306435a:MiniMax-M3,MiniMax-M3,False,"Prompt, payload or response hash differs"
69cdc5b7bf919af508cd:deepseek-v4-pro,deepseek-v4-pro,False,"Prompt, payload or response hash differs"
d8b7d3ecb0bb847a0967:MiniMax-M3,MiniMax-M3,False,"Prompt, payload or response hash differs"
1bb571120e2254097821:MiniMax-M3,MiniMax-M3,False,"Prompt, payload or response hash differs"
5efa856f0979bb453c7f:MiniMax-M3,MiniMax-M3,False,"Prompt, payload or response hash differs"
47addb731ccd27cbfb93:MiniMax-M3,MiniMax-M3,False,"Prompt, payload or response hash differs"
80b510a951d09da2614c:MiniMax-M3,MiniMax-M3,False,"Prompt, payload or response hash differs"
d47e52df2ee719151400:deepseek-v4-pro,deepseek-v4-pro,False,"Prompt, payload or response hash differs"
a9f581c8703a59e38d30:MiniMax-M3,MiniMax-M3,False,"Prompt, payload or response hash differs"
ce912e8d85bc9cab96a0:deepseek-v4-pro,deepseek-v4-pro,False,"Prompt, payload or response hash differs"
b4e955f86df528bfdc0f:MiniMax-M3,MiniMax-M3,False,"Prompt, payload or response hash differs"
a50b68cc96a1ee1c7266:deepseek-v4-pro,deepseek-v4-pro,False,"Prompt, payload or response hash differs"
d44d46d80e7863acb982:deepseek-v4-pro,deepseek-v4-pro,False,"Prompt, payload or response hash differs"
9cc95183061050c29059:deepseek-v4-pro,deepseek-v4-pro,False,"Prompt, payload or response hash differs"
f850629d6f91612df29f:MiniMax-M3,MiniMax-M3,False,"Prompt, payload or response hash differs"
c54064bd5f3959b4042d:deepseek-v4-pro,deepseek-v4-pro,False,"Prompt, payload or response hash differs"
273e8a32aa55002422ec:MiniMax-M3,MiniMax-M3,False,"Prompt, payload or response hash differs"
803633716e1d0ffca88c:deepseek-v4-pro,deepseek-v4-pro,False,"Prompt, payload or response hash differs"
28d2af7c755e28885841:MiniMax-M3,MiniMax-M3,False,"Prompt, payload or response hash differs"
d75aa5757bdbe4708b44:MiniMax-M3,MiniMax-M3,False,"Prompt, payload or response hash differs"
985d9078cedbea9168ed:deepseek-v4-pro,deepseek-v4-pro,False,"Prompt, payload or response hash differs"
b4336d0daafa92cb4bc4:deepseek-v4-pro,deepseek-v4-pro,False,"Prompt, payload or response hash differs"
7742978faed632e73f8d:MiniMax-M3,MiniMax-M3,False,"Prompt, payload or response hash differs"
3448f5bee1103e213bd8:MiniMax-M3,MiniMax-M3,False,"Prompt, payload or response hash differs"
b11b196a5b9b182723f4:deepseek-v4-pro,deepseek-v4-pro,False,"Prompt, payload or response hash differs"
2f2cecde8e6423e9c24c:deepseek-v4-pro,deepseek-v4-pro,False,"Prompt, payload or response hash differs"
cd6661fc3242d57687c0:deepseek-v4-pro,deepseek-v4-pro,False,"Prompt, payload or response hash differs"
51219e9fb57ffd6fdb26:MiniMax-M3,MiniMax-M3,False,"Prompt, payload or response hash differs"
3cec917e04bf3ffa845a:MiniMax-M3,MiniMax-M3,False,"Prompt, payload or response hash differs"
347d89082efa018e4a54:deepseek-v4-pro,deepseek-v4-pro,False,"Prompt, payload or response hash differs"
d2c4b8c64da6d29e6243:MiniMax-M3,MiniMax-M3,False,"Prompt, payload or response hash differs"
224e4ffc9db042a93f5b:MiniMax-M3,MiniMax-M3,False,"Prompt, payload or response hash differs"
4e3a1329e8dc8342b598:deepseek-v4-pro,deepseek-v4-pro,False,"Prompt, payload or response hash differs"
444327bf638a35997ecf:MiniMax-M3,MiniMax-M3,False,"Prompt, payload or response hash differs"
a94b615b761c8e71a2b0:deepseek-v4-pro,deepseek-v4-pro,False,"Prompt, payload or response hash differs"
da38cfcbb386456168c6:MiniMax-M3,MiniMax-M3,False,"Prompt, payload or response hash differs"
e95940f805065d27d0bf:MiniMax-M3,MiniMax-M3,False,"Prompt, payload or response hash differs"
74d5e5bce9f8981a44cf:deepseek-v4-pro,deepseek-v4-pro,False,"Prompt, payload or response hash differs"
92c9ecc0f0acac8c9e3c:deepseek-v4-pro,deepseek-v4-pro,False,"Prompt, payload or response hash differs"
dfe91bb4f12d6f3834e3:MiniMax-M3,MiniMax-M3,False,"Prompt, payload or response hash differs"
a57f6524f23ab5b6796e:deepseek-v4-pro,deepseek-v4-pro,False,"Prompt, payload or response hash differs"
425f8b555144d59c7d70:deepseek-v4-pro,deepseek-v4-pro,False,"Prompt, payload or response hash differs"
8ab866f2b11e4906265b:deepseek-v4-pro,deepseek-v4-pro,False,"Prompt, payload or response hash differs"
0f778881809158bdbbb4:deepseek-v4-pro,deepseek-v4-pro,False,"Prompt, payload or response hash differs"
e32d2f68f76e35f6bb5b:MiniMax-M3,MiniMax-M3,False,"Prompt, payload or response hash differs"
7a3c9c2bc45237911fe2:MiniMax-M3,MiniMax-M3,False,"Prompt, payload or response hash differs"
7cc44e7c136e34ac488f:deepseek-v4-pro,deepseek-v4-pro,False,"Prompt, payload or response hash differs"
36a45862e02d48dc14d1:deepseek-v4-pro,deepseek-v4-pro,False,"Prompt, payload or response hash differs"
e2b0eb59f84535625f4c:MiniMax-M3,MiniMax-M3,False,"Prompt, payload or response hash differs"
709f05f28529710e24db:MiniMax-M3,MiniMax-M3,False,"Prompt, payload or response hash differs"
62d5e8d4e573f3ecb6e7:MiniMax-M3,MiniMax-M3,False,"Prompt, payload or response hash differs"
e2c9bc82fdc10ba04b66:MiniMax-M3,MiniMax-M3,False,"Prompt, payload or response hash differs"
6c52125ffb2c3424f2e4:deepseek-v4-pro,deepseek-v4-pro,False,"Prompt, payload or response hash differs"
882f7cc707032ebbadb8:MiniMax-M3,MiniMax-M3,False,"Prompt, payload or response hash differs"
96075aa20e762075cd36:deepseek-v4-pro,deepseek-v4-pro,False,"Prompt, payload or response hash differs"
7520a86751939a1b743f:deepseek-v4-pro,deepseek-v4-pro,False,"Prompt, payload or response hash differs"
e00b247a150dd19c7451:deepseek-v4-pro,deepseek-v4-pro,False,"Prompt, payload or response hash differs"
17c6291c4978b4bfac94:MiniMax-M3,MiniMax-M3,False,"Prompt, payload or response hash differs"
ac81b6e60fc9f3034dbc:deepseek-v4-pro,deepseek-v4-pro,False,"Prompt, payload or response hash differs"
844feaf66109455e5509:MiniMax-M3,MiniMax-M3,False,"Prompt, payload or response hash differs"
6c3a252561905a9617f2:MiniMax-M3,MiniMax-M3,False,"Prompt, payload or response hash differs"
5c4a060ebd245f8fd6b0:MiniMax-M3,MiniMax-M3,False,"Prompt, payload or response hash differs"
9db4f5b732f62a0e76cb:deepseek-v4-pro,deepseek-v4-pro,False,"Prompt, payload or response hash differs"
c75c45036443b29d6384:deepseek-v4-pro,deepseek-v4-pro,False,"Prompt, payload or response hash differs"
692c20eb0c256b8c1138:deepseek-v4-pro,deepseek-v4-pro,False,"Prompt, payload or response hash differs"
b48f3389b7e5a2934426:MiniMax-M3,MiniMax-M3,False,"Prompt, payload or response hash differs"
6cc4230d678d7cd90832:deepseek-v4-pro,deepseek-v4-pro,False,"Prompt, payload or response hash differs"
0a1c22046c21d811d5ca:MiniMax-M3,MiniMax-M3,False,"Prompt, payload or response hash differs"
a2b6587909bbdf205660:MiniMax-M3,MiniMax-M3,False,"Prompt, payload or response hash differs"
ff08ca4cc23f2891b71d:deepseek-v4-pro,deepseek-v4-pro,False,"Prompt, payload or response hash differs"
212a5a49d77e0d4ded58:MiniMax-M3,MiniMax-M3,False,"Prompt, payload or response hash differs"
f89aecf7a25b7ef6d68e:MiniMax-M3,MiniMax-M3,False,"Prompt, payload or response hash differs"
46d15c50a36d95f13cf2:MiniMax-M3,MiniMax-M3,False,"Prompt, payload or response hash differs"
189cb83149f1bcd74f82:deepseek-v4-pro,deepseek-v4-pro,False,"Prompt, payload or response hash differs"
c265e53ac859a1a186d1:deepseek-v4-pro,deepseek-v4-pro,False,"Prompt, payload or response hash differs"
d72be73efb1463d11eaa:deepseek-v4-pro,deepseek-v4-pro,False,"Prompt, payload or response hash differs"
29c2e96649410e07bbf4:deepseek-v4-pro,deepseek-v4-pro,False,"Prompt, payload or response hash differs"
c2167c14fa3c440526d4:MiniMax-M3,MiniMax-M3,False,"Prompt, payload or response hash differs"
5808fbf02916de54a0ea:MiniMax-M3,MiniMax-M3,False,"Prompt, payload or response hash differs"
b51c3d4e0cbc86e94920:MiniMax-M3,MiniMax-M3,False,"Prompt, payload or response hash differs"
6b650d5661311cf6aaa2:deepseek-v4-pro,deepseek-v4-pro,False,"Prompt, payload or response hash differs"
97665277354ed3f5d4bf:deepseek-v4-pro,deepseek-v4-pro,False,"Prompt, payload or response hash differs"
92b6c81eb15689dba57d:MiniMax-M3,MiniMax-M3,False,"Prompt, payload or response hash differs"
a7df23dcdbd5c751d2ee:deepseek-v4-pro,deepseek-v4-pro,False,"Prompt, payload or response hash differs"
6505ba00f2085768f8a3:MiniMax-M3,MiniMax-M3,False,"Prompt, payload or response hash differs"
004f85a412228a03d667:MiniMax-M3,MiniMax-M3,False,"Prompt, payload or response hash differs"
df93bacfe71d330a2bcb:MiniMax-M3,MiniMax-M3,False,"Prompt, payload or response hash differs"
8bcfff105a7d29c8b5d3:MiniMax-M3,MiniMax-M3,False,"Prompt, payload or response hash differs"
7f1eccde0141d135a338:MiniMax-M3,MiniMax-M3,False,"Prompt, payload or response hash differs"
2e90c0ec15242cfe5c45:deepseek-v4-pro,deepseek-v4-pro,False,"Prompt, payload or response hash differs"
3d776e0a98e43f8e3801:MiniMax-M3,MiniMax-M3,False,"Prompt, payload or response hash differs"
00d6c65950ffb7eb066d:deepseek-v4-pro,deepseek-v4-pro,False,"Prompt, payload or response hash differs"
d72be73efb1463d11eaa:MiniMax-M3,MiniMax-M3,False,"Prompt, payload or response hash differs"
200cfbe949123379d0cf:MiniMax-M3,MiniMax-M3,False,"Prompt, payload or response hash differs"
cc1757cc608df6a82131:deepseek-v4-pro,deepseek-v4-pro,False,"Prompt, payload or response hash differs"
b6c73ec8d278eec8d14b:deepseek-v4-pro,deepseek-v4-pro,False,"Prompt, payload or response hash differs"
f2ab8d34ee7fdea7b914:MiniMax-M3,MiniMax-M3,False,"Prompt, payload or response hash differs"
87e9856baa47c650d987:MiniMax-M3,MiniMax-M3,False,"Prompt, payload or response hash differs"
cc64b9386d2bffb223c8:deepseek-v4-pro,deepseek-v4-pro,False,"Prompt, payload or response hash differs"
a020a92328e891cdffbf:deepseek-v4-pro,deepseek-v4-pro,False,"Prompt, payload or response hash differs"
d7a265b118ccdd4d22ce:MiniMax-M3,MiniMax-M3,False,"Prompt, payload or response hash differs"
27d3de15ffc583b65f0e:deepseek-v4-pro,deepseek-v4-pro,False,"Prompt, payload or response hash differs"
7af551639e7253c80d8a:MiniMax-M3,MiniMax-M3,False,"Prompt, payload or response hash differs"
9814c8d59698a7b67d87:MiniMax-M3,MiniMax-M3,False,"Prompt, payload or response hash differs"
f5c5704210c144fa5d27:deepseek-v4-pro,deepseek-v4-pro,False,"Prompt, payload or response hash differs"
4365ca1e25a9510860f3:MiniMax-M3,MiniMax-M3,False,"Prompt, payload or response hash differs"
22e0ad9b1d2916aead69:MiniMax-M3,MiniMax-M3,False,"Prompt, payload or response hash differs"
b1d612cdc9d588dd5667:deepseek-v4-pro,deepseek-v4-pro,False,"Prompt, payload or response hash differs"
b06c174be120a5146729:deepseek-v4-pro,deepseek-v4-pro,False,"Prompt, payload or response hash differs"
b92393408986b35d3e35:MiniMax-M3,MiniMax-M3,False,"Prompt, payload or response hash differs"
ed22f38975e06e5761f2:MiniMax-M3,MiniMax-M3,False,"Prompt, payload or response hash differs"
f08257b2fc980cf037fe:deepseek-v4-pro,deepseek-v4-pro,False,"Prompt, payload or response hash differs"
b67095c2e6756a508585:deepseek-v4-pro,deepseek-v4-pro,False,"Prompt, payload or response hash differs"
50c07e56f2261d19d267:MiniMax-M3,MiniMax-M3,False,"Prompt, payload or response hash differs"
447870182a4427d7398d:deepseek-v4-pro,deepseek-v4-pro,False,"Prompt, payload or response hash differs"
3cba992ebf9675df56b8:deepseek-v4-pro,deepseek-v4-pro,False,"Prompt, payload or response hash differs"
d4a43a6d5242f5251ab8:MiniMax-M3,MiniMax-M3,False,"Prompt, payload or response hash differs"
8c36dc86a6a16d9ce3f4:MiniMax-M3,MiniMax-M3,False,"Prompt, payload or response hash differs"
dc124f53cd6f944aee85:deepseek-v4-pro,deepseek-v4-pro,False,"Prompt, payload or response hash differs"
ae772d52550e2e8a4eb3:deepseek-v4-pro,deepseek-v4-pro,False,"Prompt, payload or response hash differs"
8c0c508537cb4f6773fe:MiniMax-M3,MiniMax-M3,False,"Prompt, payload or response hash differs"
b506428305f665a9ae69:deepseek-v4-pro,deepseek-v4-pro,False,"Prompt, payload or response hash differs"
d2d1ce188c576964163a:MiniMax-M3,MiniMax-M3,False,"Prompt, payload or response hash differs"
40f585d176e10c36d604:deepseek-v4-pro,deepseek-v4-pro,False,"Prompt, payload or response hash differs"
d469f7642bbe10008250:deepseek-v4-pro,deepseek-v4-pro,False,"Prompt, payload or response hash differs"
f9bc7abfb31cc940e924:MiniMax-M3,MiniMax-M3,False,"Prompt, payload or response hash differs"
71f9c87590b6e4d1e658:MiniMax-M3,MiniMax-M3,False,"Prompt, payload or response hash differs"
82564ee6ebfa97fd1bab:deepseek-v4-pro,deepseek-v4-pro,False,"Prompt, payload or response hash differs"
bfdf71bfa04a457506af:MiniMax-M3,MiniMax-M3,False,"Prompt, payload or response hash differs"
5b0e7e7160e871c54151:MiniMax-M3,MiniMax-M3,False,"Prompt, payload or response hash differs"
eb92a2bb46af7ad24ad0:MiniMax-M3,MiniMax-M3,False,"Prompt, payload or response hash differs"
6b650d5661311cf6aaa2:MiniMax-M3,MiniMax-M3,False,"Prompt, payload or response hash differs"
41ed0256755f4666f315:deepseek-v4-pro,deepseek-v4-pro,False,"Prompt, payload or response hash differs"
ae046657a25e38b34e18:MiniMax-M3,MiniMax-M3,False,"Prompt, payload or response hash differs"
742bc6b2c400089c56c4:deepseek-v4-pro,deepseek-v4-pro,False,"Prompt, payload or response hash differs"
8448f7e1f1dd37ad25aa:MiniMax-M3,MiniMax-M3,False,"Prompt, payload or response hash differs"
083b97fbadabd9e5d8d4:deepseek-v4-pro,deepseek-v4-pro,False,"Prompt, payload or response hash differs"
2e5b1df763c1311b79d8:MiniMax-M3,MiniMax-M3,False,"Prompt, payload or response hash differs"
7af551639e7253c80d8a:deepseek-v4-pro,deepseek-v4-pro,False,"Prompt, payload or response hash differs"
994496a55b90e594a6f4:MiniMax-M3,MiniMax-M3,False,"Prompt, payload or response hash differs"
97badf0ae2c80e46a6b8:deepseek-v4-pro,deepseek-v4-pro,False,"Prompt, payload or response hash differs"
87b015e20231a9447362:deepseek-v4-pro,deepseek-v4-pro,False,"Prompt, payload or response hash differs"
11551ef93ce42ece9a4b:deepseek-v4-pro,deepseek-v4-pro,False,"Prompt, payload or response hash differs"
b76cb0b46e39953dc8aa:MiniMax-M3,MiniMax-M3,False,"Prompt, payload or response hash differs"
c18b882bf0f145eb227c:deepseek-v4-pro,deepseek-v4-pro,False,"Prompt, payload or response hash differs"
c7192bce8db0f1d2a88b:deepseek-v4-pro,deepseek-v4-pro,False,"Prompt, payload or response hash differs"
ed22f38975e06e5761f2:deepseek-v4-pro,deepseek-v4-pro,False,"Prompt, payload or response hash differs"
17e1f358059e67fe4fee:deepseek-v4-pro,deepseek-v4-pro,False,"Prompt, payload or response hash differs"
a6c5b6bd24aedd5828ea:MiniMax-M3,MiniMax-M3,False,"Prompt, payload or response hash differs"
beabc723bab1c3a18afc:MiniMax-M3,MiniMax-M3,False,"Prompt, payload or response hash differs"
1336590a800d89158f21:deepseek-v4-pro,deepseek-v4-pro,False,"Prompt, payload or response hash differs"
ba45d37ea54c12a2c2ea:MiniMax-M3,MiniMax-M3,False,"Prompt, payload or response hash differs"
b76cb0b46e39953dc8aa:deepseek-v4-pro,deepseek-v4-pro,False,"Prompt, payload or response hash differs"
e12b582ae3bf556c9a40:deepseek-v4-pro,deepseek-v4-pro,False,"Prompt, payload or response hash differs"
3b949c03e4502918f630:MiniMax-M3,MiniMax-M3,False,"Prompt, payload or response hash differs"
ed59d34de43ea03f546d:deepseek-v4-pro,deepseek-v4-pro,False,"Prompt, payload or response hash differs"
15775d817588cd0847dd:deepseek-v4-pro,deepseek-v4-pro,False,"Prompt, payload or response hash differs"
4f5070eb507cb3b57fe3:deepseek-v4-pro,deepseek-v4-pro,False,"Prompt, payload or response hash differs"
26ed3fdce925947a4ce4:MiniMax-M3,MiniMax-M3,False,"Prompt, payload or response hash differs"
72ae1b57661789cb6dca:MiniMax-M3,MiniMax-M3,False,"Prompt, payload or response hash differs"
df765dd53b268014dc38:MiniMax-M3,MiniMax-M3,False,"Prompt, payload or response hash differs"
dd77fa53ae0493d390ed:MiniMax-M3,MiniMax-M3,False,"Prompt, payload or response hash differs"
55599d978dadbf9c6549:MiniMax-M3,MiniMax-M3,False,"Prompt, payload or response hash differs"
9945c2b1b873c178861f:MiniMax-M3,MiniMax-M3,False,"Prompt, payload or response hash differs"
fb3f76a3f72d3a27fdf9:MiniMax-M3,MiniMax-M3,False,"Prompt, payload or response hash differs"
774489bb0750989c5b51:MiniMax-M3,MiniMax-M3,False,"Prompt, payload or response hash differs"
fb3f76a3f72d3a27fdf9:deepseek-v4-pro,deepseek-v4-pro,False,"Prompt, payload or response hash differs"
b2a272ae8b3b0e520217:MiniMax-M3,MiniMax-M3,False,"Prompt, payload or response hash differs"
56f9491a56d85708ff20:deepseek-v4-pro,deepseek-v4-pro,False,"Prompt, payload or response hash differs"
8c02b612b7be388b91c7:deepseek-v4-pro,deepseek-v4-pro,False,"Prompt, payload or response hash differs"
1c4aee5cfdfdb27705ea:MiniMax-M3,MiniMax-M3,False,"Prompt, payload or response hash differs"
5761ebbde9905b582187:deepseek-v4-pro,deepseek-v4-pro,False,"Prompt, payload or response hash differs"
81ddd85eecda1ac7a4e6:deepseek-v4-pro,deepseek-v4-pro,False,"Prompt, payload or response hash differs"
a030f81279a1faa9bf82:MiniMax-M3,MiniMax-M3,False,"Prompt, payload or response hash differs"
09781f3981a2185314e3:MiniMax-M3,MiniMax-M3,False,"Prompt, payload or response hash differs"
5995d306c865d77b6c4e:MiniMax-M3,MiniMax-M3,False,"Prompt, payload or response hash differs"
7813a8c597f5ed2141ab:deepseek-v4-pro,deepseek-v4-pro,False,"Prompt, payload or response hash differs"
c1ebacc474712951229d:MiniMax-M3,MiniMax-M3,False,"Prompt, payload or response hash differs"
fd001b5c7c7d0e03e677:MiniMax-M3,MiniMax-M3,False,"Prompt, payload or response hash differs"
ad4cd373a499e5b57cda:deepseek-v4-pro,deepseek-v4-pro,False,"Prompt, payload or response hash differs"
3f79ce0194004f334950:MiniMax-M3,MiniMax-M3,False,"Prompt, payload or response hash differs"
e93361388b91f0bed1c4:MiniMax-M3,MiniMax-M3,False,"Prompt, payload or response hash differs"
f5f522fe5849ec848c94:MiniMax-M3,MiniMax-M3,False,"Prompt, payload or response hash differs"
8ea5cd6e51d618949ec5:MiniMax-M3,MiniMax-M3,False,"Prompt, payload or response hash differs"
5a51df8d40d9df0733d9:deepseek-v4-pro,deepseek-v4-pro,False,"Prompt, payload or response hash differs"
bd8a823bede1e8b3e198:deepseek-v4-pro,deepseek-v4-pro,False,"Prompt, payload or response hash differs"
4095e5530bd88db7ae47:MiniMax-M3,MiniMax-M3,False,"Prompt, payload or response hash differs"
d75aa5757bdbe4708b44:deepseek-v4-pro,deepseek-v4-pro,False,"Prompt, payload or response hash differs"
316af2114419a2a44e56:deepseek-v4-pro,deepseek-v4-pro,False,"Prompt, payload or response hash differs"
bc1e27cae199da0c0476:MiniMax-M3,MiniMax-M3,False,"Prompt, payload or response hash differs"
093df7dab40a8b49d8eb:MiniMax-M3,MiniMax-M3,False,"Prompt, payload or response hash differs"
5ce6d6f0c23719a638e7:MiniMax-M3,MiniMax-M3,False,"Prompt, payload or response hash differs"
c044fbe60eae50e3d198:deepseek-v4-pro,deepseek-v4-pro,False,"Prompt, payload or response hash differs"
67cde12c2422112396fa:MiniMax-M3,MiniMax-M3,False,"Prompt, payload or response hash differs"
0969127c7b6e91085590:MiniMax-M3,MiniMax-M3,False,"Prompt, payload or response hash differs"
e9b25dedc1c19e864437:MiniMax-M3,MiniMax-M3,False,"Prompt, payload or response hash differs"
137448da24436b7a47e2:deepseek-v4-pro,deepseek-v4-pro,False,"Prompt, payload or response hash differs"
9707c6b992831ebbe52c:deepseek-v4-pro,deepseek-v4-pro,False,"Prompt, payload or response hash differs"
e37b98c3be4707742619:MiniMax-M3,MiniMax-M3,False,"Prompt, payload or response hash differs"
524d9b425b6dba4f1862:MiniMax-M3,MiniMax-M3,False,"Prompt, payload or response hash differs"
5d246b9b7226d1cdb912:deepseek-v4-pro,deepseek-v4-pro,False,"Prompt, payload or response hash differs"
eb2afa41289db1949707:deepseek-v4-pro,deepseek-v4-pro,False,"Prompt, payload or response hash differs"
309bb778abc15abe2c7d:MiniMax-M3,MiniMax-M3,False,"Prompt, payload or response hash differs"
b58556eb104649cbd076:deepseek-v4-pro,deepseek-v4-pro,False,"Prompt, payload or response hash differs"
d2af38196043e4878022:MiniMax-M3,MiniMax-M3,False,"Prompt, payload or response hash differs"
7d8d8057e9bf9c54a932:deepseek-v4-pro,deepseek-v4-pro,False,"Prompt, payload or response hash differs"
89c85efa75d583aa81f9:MiniMax-M3,MiniMax-M3,False,"Prompt, payload or response hash differs"
c00670446f58d7955149:MiniMax-M3,MiniMax-M3,False,"Prompt, payload or response hash differs"
91db39a3b63a0c1dbdf6:MiniMax-M3,MiniMax-M3,False,"Prompt, payload or response hash differs"
568dea609c8859935561:MiniMax-M3,MiniMax-M3,False,"Prompt, payload or response hash differs"
ff2cc65a59460e6b6aea:deepseek-v4-pro,deepseek-v4-pro,False,"Prompt, payload or response hash differs"
1f10078b16ff1b13a5a5:deepseek-v4-pro,deepseek-v4-pro,False,"Prompt, payload or response hash differs"
a5ce0988645ed10b8a09:MiniMax-M3,MiniMax-M3,False,"Prompt, payload or response hash differs"
a5ec500e5a8bd6f3146c:MiniMax-M3,MiniMax-M3,False,"Prompt, payload or response hash differs"
93adec5330355eb04b69:deepseek-v4-pro,deepseek-v4-pro,False,"Prompt, payload or response hash differs"
14b6aa6b8fd4ea4383b7:MiniMax-M3,MiniMax-M3,False,"Prompt, payload or response hash differs"
514d172928d63937fd41:MiniMax-M3,MiniMax-M3,False,"Prompt, payload or response hash differs"
1b3df7e4791cc16d579f:MiniMax-M3,MiniMax-M3,False,"Prompt, payload or response hash differs"
b2efc1462f50a23a297f:MiniMax-M3,MiniMax-M3,False,"Prompt, payload or response hash differs"
2546607cd032e219ecdf:MiniMax-M3,MiniMax-M3,False,"Prompt, payload or response hash differs"
ce8f7da036d46a5148e2:deepseek-v4-pro,deepseek-v4-pro,False,"Prompt, payload or response hash differs"
e9887ff2395c840df13b:MiniMax-M3,MiniMax-M3,False,"Prompt, payload or response hash differs"
e67fa95f281b87484824:MiniMax-M3,MiniMax-M3,False,"Prompt, payload or response hash differs"
2f21409342d851b89d06:deepseek-v4-pro,deepseek-v4-pro,False,"Prompt, payload or response hash differs"
8ec1e93540f039fb4216:deepseek-v4-pro,deepseek-v4-pro,False,"Prompt, payload or response hash differs"
da8542a957028f2e6364:MiniMax-M3,MiniMax-M3,False,"Prompt, payload or response hash differs"
8d0a500eb342d6d7604f:MiniMax-M3,MiniMax-M3,False,"Prompt, payload or response hash differs"
02b4eefcc7f5574f24bd:MiniMax-M3,MiniMax-M3,False,"Prompt, payload or response hash differs"
e3514964ee4fd4c00407:deepseek-v4-pro,deepseek-v4-pro,False,"Prompt, payload or response hash differs"
307ef7afadd5000c98a9:MiniMax-M3,MiniMax-M3,False,"Prompt, payload or response hash differs"
1b3402307917b3beea32:deepseek-v4-pro,deepseek-v4-pro,False,"Prompt, payload or response hash differs"
6b4ac244d86478f67ff0:deepseek-v4-pro,deepseek-v4-pro,False,"Prompt, payload or response hash differs"
478821ab58b505d5b9c5:MiniMax-M3,MiniMax-M3,False,"Prompt, payload or response hash differs"
bfcfd50b756c66a66bc4:MiniMax-M3,MiniMax-M3,False,"Prompt, payload or response hash differs"
8310a3b33c441155c3ba:MiniMax-M3,MiniMax-M3,False,"Prompt, payload or response hash differs"
f28c9252792c30444a87:MiniMax-M3,MiniMax-M3,False,"Prompt, payload or response hash differs"
8d5fbb5603b428a0be85:deepseek-v4-pro,deepseek-v4-pro,False,"Prompt, payload or response hash differs"
f75bc8fb2631c8a97310:MiniMax-M3,MiniMax-M3,False,"Prompt, payload or response hash differs"
9cf6517f774afe1d277a:deepseek-v4-pro,deepseek-v4-pro,False,"Prompt, payload or response hash differs"
3c0891889269935ae6bd:MiniMax-M3,MiniMax-M3,False,"Prompt, payload or response hash differs"
d7c19edc13dffd85a95c:deepseek-v4-pro,deepseek-v4-pro,False,"Prompt, payload or response hash differs"
af39cc257ccc8acf60c8:deepseek-v4-pro,deepseek-v4-pro,False,"Prompt, payload or response hash differs"
886b32b6052fbab0a3a0:MiniMax-M3,MiniMax-M3,False,"Prompt, payload or response hash differs"
6efc041f6011bbd577b9:deepseek-v4-pro,deepseek-v4-pro,False,"Prompt, payload or response hash differs"
cec37481da9feee16f68:deepseek-v4-pro,deepseek-v4-pro,False,"Prompt, payload or response hash differs"
2f50120b0591dfdceada:deepseek-v4-pro,deepseek-v4-pro,False,"Prompt, payload or response hash differs"
42c8c03c5ef060c3580b:deepseek-v4-pro,deepseek-v4-pro,False,"Prompt, payload or response hash differs"
0674bc09d638a799c2d2:deepseek-v4-pro,deepseek-v4-pro,False,"Prompt, payload or response hash differs"
5cf912c43c5f5a379ba7:deepseek-v4-pro,deepseek-v4-pro,False,"Prompt, payload or response hash differs"
c8c7031af386d43070bc:MiniMax-M3,MiniMax-M3,False,"Prompt, payload or response hash differs"
c582e43f8bb64e865662:deepseek-v4-pro,deepseek-v4-pro,False,"Prompt, payload or response hash differs"
c0b6ecba71ddf1eeffb8:MiniMax-M3,MiniMax-M3,False,"Prompt, payload or response hash differs"
37d3c7c485866bfb7fe1:deepseek-v4-pro,deepseek-v4-pro,False,"Prompt, payload or response hash differs"
5585709373e4c341c3b2:deepseek-v4-pro,deepseek-v4-pro,False,"Prompt, payload or response hash differs"
faa4321fdc1cb4403142:MiniMax-M3,MiniMax-M3,False,"Prompt, payload or response hash differs"
ee7a08eef475e86718e2:deepseek-v4-pro,deepseek-v4-pro,False,"Prompt, payload or response hash differs"
e2b0eb59f84535625f4c:deepseek-v4-pro,deepseek-v4-pro,False,"Prompt, payload or response hash differs"
333f1b7538af037a466f:deepseek-v4-pro,deepseek-v4-pro,False,"Prompt, payload or response hash differs"
011bb572f99935ad85e0:MiniMax-M3,MiniMax-M3,False,"Prompt, payload or response hash differs"
ac3440be03db0069d243:deepseek-v4-pro,deepseek-v4-pro,False,"Prompt, payload or response hash differs"
f07698553eeb2f6bbf6b:deepseek-v4-pro,deepseek-v4-pro,False,"Prompt, payload or response hash differs"
5989effff6b738b78fd9:deepseek-v4-pro,deepseek-v4-pro,False,"Prompt, payload or response hash differs"
8604cf0e7a1dfca77c12:MiniMax-M3,MiniMax-M3,False,"Prompt, payload or response hash differs"
3cb2db7e2827f18e0211:MiniMax-M3,MiniMax-M3,False,"Prompt, payload or response hash differs"
f65d7250e294c977ed13:deepseek-v4-pro,deepseek-v4-pro,False,"Prompt, payload or response hash differs"
50311c67dea745b3b59c:MiniMax-M3,MiniMax-M3,False,"Prompt, payload or response hash differs"
c6acf64398f545f9e1a4:deepseek-v4-pro,deepseek-v4-pro,False,"Prompt, payload or response hash differs"
5fe6219e62134b529479:MiniMax-M3,MiniMax-M3,False,"Prompt, payload or response hash differs"
1e0a5f48cfd1a7ad9ca6:MiniMax-M3,MiniMax-M3,False,"Prompt, payload or response hash differs"
ad42c9e19f387fda8beb:MiniMax-M3,MiniMax-M3,False,"Prompt, payload or response hash differs"
2168a57f8a950fc342a5:MiniMax-M3,MiniMax-M3,False,"Prompt, payload or response hash differs"
6065d7291914a7982981:MiniMax-M3,MiniMax-M3,False,"Prompt, payload or response hash differs"
4024cd533d774dc16d23:MiniMax-M3,MiniMax-M3,False,"Prompt, payload or response hash differs"
efd77b8abd56d14abdca:deepseek-v4-pro,deepseek-v4-pro,False,"Prompt, payload or response hash differs"
82515d01837c4f60ce85:deepseek-v4-pro,deepseek-v4-pro,False,"Prompt, payload or response hash differs"
934e9657be5952d4c39f:deepseek-v4-pro,deepseek-v4-pro,False,"Prompt, payload or response hash differs"
31dd1a9016ee1e48ea85:MiniMax-M3,MiniMax-M3,False,"Prompt, payload or response hash differs"
df765dd53b268014dc38:deepseek-v4-pro,deepseek-v4-pro,False,"Prompt, payload or response hash differs"
20a441653e8fcffcd4f3:deepseek-v4-pro,deepseek-v4-pro,False,"Prompt, payload or response hash differs"
e4cc530b7fee9dbae2a6:deepseek-v4-pro,deepseek-v4-pro,False,"Prompt, payload or response hash differs"
3c175018dee5c79a3b66:MiniMax-M3,MiniMax-M3,False,"Prompt, payload or response hash differs"
7870bc46b5cf6d9eb0bf:MiniMax-M3,MiniMax-M3,False,"Prompt, payload or response hash differs"
cce7b79c1c95cdc74d5a:MiniMax-M3,MiniMax-M3,False,"Prompt, payload or response hash differs"
894a1437a8e27504dd89:MiniMax-M3,MiniMax-M3,False,"Prompt, payload or response hash differs"
dc3cc773ed3494e69e1e:deepseek-v4-pro,deepseek-v4-pro,False,"Prompt, payload or response hash differs"
a9f90c90e6b2b80cf440:deepseek-v4-pro,deepseek-v4-pro,False,"Prompt, payload or response hash differs"
138faf0ea87477f3d646:MiniMax-M3,MiniMax-M3,False,"Prompt, payload or response hash differs"
c8c7031af386d43070bc:deepseek-v4-pro,deepseek-v4-pro,False,"Prompt, payload or response hash differs"
97984d74b85756b58380:deepseek-v4-pro,deepseek-v4-pro,False,"Prompt, payload or response hash differs"
383829ec9411c8112235:deepseek-v4-pro,deepseek-v4-pro,False,"Prompt, payload or response hash differs"
24c86d26012a700bd630:MiniMax-M3,MiniMax-M3,False,"Prompt, payload or response hash differs"
4e0920085910c8db44a8:MiniMax-M3,MiniMax-M3,False,"Prompt, payload or response hash differs"
4173b040c7ed2dbf0013:deepseek-v4-pro,deepseek-v4-pro,False,"Prompt, payload or response hash differs"
c20d08d1ce2a77aebdc4:MiniMax-M3,MiniMax-M3,False,"Prompt, payload or response hash differs"
70e1febdf3501cbfb457:MiniMax-M3,MiniMax-M3,False,"Prompt, payload or response hash differs"
ad42c9e19f387fda8beb:deepseek-v4-pro,deepseek-v4-pro,False,"Prompt, payload or response hash differs"
2bf63491870fad6fa7c0:MiniMax-M3,MiniMax-M3,False,"Prompt, payload or response hash differs"
0f756ba298a7d6b3b281:MiniMax-M3,MiniMax-M3,False,"Prompt, payload or response hash differs"
a98c5ae58605293ba987:MiniMax-M3,MiniMax-M3,False,"Prompt, payload or response hash differs"
1654e7a69485d6c299da:deepseek-v4-pro,deepseek-v4-pro,False,"Prompt, payload or response hash differs"
d8b18f56274eec2d1b2e:MiniMax-M3,MiniMax-M3,False,"Prompt, payload or response hash differs"
f850629d6f91612df29f:deepseek-v4-pro,deepseek-v4-pro,False,"Prompt, payload or response hash differs"
704e3175f7c98f33440f:deepseek-v4-pro,deepseek-v4-pro,False,"Prompt, payload or response hash differs"
5368bd7692d4f55ad4ef:MiniMax-M3,MiniMax-M3,False,"Prompt, payload or response hash differs"
4218d15a87b3ccba7912:deepseek-v4-pro,deepseek-v4-pro,False,"Prompt, payload or response hash differs"
0f2706430bd9104f80b3:MiniMax-M3,MiniMax-M3,False,"Prompt, payload or response hash differs"
766e00508a6765709713:MiniMax-M3,MiniMax-M3,False,"Prompt, payload or response hash differs"
b53ebef2f3280933af9a:MiniMax-M3,MiniMax-M3,False,"Prompt, payload or response hash differs"
2619fa13a27ee12083e9:deepseek-v4-pro,deepseek-v4-pro,False,"Prompt, payload or response hash differs"
0cd7db2510e8aa37ddcb:MiniMax-M3,MiniMax-M3,False,"Prompt, payload or response hash differs"
809cebd5621c4f3c54d7:deepseek-v4-pro,deepseek-v4-pro,False,"Prompt, payload or response hash differs"
e31dce3a847bbeb19905:MiniMax-M3,MiniMax-M3,False,"Prompt, payload or response hash differs"
92adce0bd755d0b0016e:MiniMax-M3,MiniMax-M3,False,"Prompt, payload or response hash differs"
d076f7830c2dc2df85d5:deepseek-v4-pro,deepseek-v4-pro,False,"Prompt, payload or response hash differs"
ffb92eb1d5e9d41bd55d:deepseek-v4-pro,deepseek-v4-pro,False,"Prompt, payload or response hash differs"
6fc7fed3697aad544c7b:MiniMax-M3,MiniMax-M3,False,"Prompt, payload or response hash differs"
56f9491a56d85708ff20:MiniMax-M3,MiniMax-M3,False,"Prompt, payload or response hash differs"
46ea0bcb85a374c5af88:deepseek-v4-pro,deepseek-v4-pro,False,"Prompt, payload or response hash differs"
407a1c5d6971e0cd0739:deepseek-v4-pro,deepseek-v4-pro,False,"Prompt, payload or response hash differs"
e8a64541224a751654a6:MiniMax-M3,MiniMax-M3,False,"Prompt, payload or response hash differs"
9a33d2b80a4d265f6a6d:deepseek-v4-pro,deepseek-v4-pro,False,"Prompt, payload or response hash differs"
df54016301596ae4b389:MiniMax-M3,MiniMax-M3,False,"Prompt, payload or response hash differs"
0f778881809158bdbbb4:MiniMax-M3,MiniMax-M3,False,"Prompt, payload or response hash differs"
40b7010793754906dafb:deepseek-v4-pro,deepseek-v4-pro,False,"Prompt, payload or response hash differs"
e4cc530b7fee9dbae2a6:MiniMax-M3,MiniMax-M3,False,"Prompt, payload or response hash differs"
e227cc295edf43734a4e:MiniMax-M3,MiniMax-M3,False,"Prompt, payload or response hash differs"
c71b36a02911f44e6f3f:deepseek-v4-pro,deepseek-v4-pro,False,"Prompt, payload or response hash differs"
d8b32c9168afa69f00a1:deepseek-v4-pro,deepseek-v4-pro,False,"Prompt, payload or response hash differs"
ff08ca4cc23f2891b71d:MiniMax-M3,MiniMax-M3,False,"Prompt, payload or response hash differs"
e6899e909434f25fd8ed:deepseek-v4-pro,deepseek-v4-pro,False,"Prompt, payload or response hash differs"
62cd53f650afd0aa841d:deepseek-v4-pro,deepseek-v4-pro,False,"Prompt, payload or response hash differs"
1b7c3282c6441a27e21f:deepseek-v4-pro,deepseek-v4-pro,False,"Prompt, payload or response hash differs"
fd6ef6dd43895fb5b818:MiniMax-M3,MiniMax-M3,False,"Prompt, payload or response hash differs"
ae606fa8bc33f088e65d:deepseek-v4-pro,deepseek-v4-pro,False,"Prompt, payload or response hash differs"
202e49037b4f5647f7ff:MiniMax-M3,MiniMax-M3,False,"Prompt, payload or response hash differs"
33b67e97a4afd38e669a:MiniMax-M3,MiniMax-M3,False,"Prompt, payload or response hash differs"
5485db48ce1ac42f45f1:deepseek-v4-pro,deepseek-v4-pro,False,"Prompt, payload or response hash differs"
b1b8fbf01ae81208b7f5:deepseek-v4-pro,deepseek-v4-pro,False,"Prompt, payload or response hash differs"
45beb2be58de0319a79d:deepseek-v4-pro,deepseek-v4-pro,False,"Prompt, payload or response hash differs"
a7df23dcdbd5c751d2ee:MiniMax-M3,MiniMax-M3,False,"Prompt, payload or response hash differs"
de6afc83abf939e75205:MiniMax-M3,MiniMax-M3,False,"Prompt, payload or response hash differs"
23e6f95e1bb00856d181:MiniMax-M3,MiniMax-M3,False,"Prompt, payload or response hash differs"
9e1f2a4b4f0d94c06437:MiniMax-M3,MiniMax-M3,False,"Prompt, payload or response hash differs"
2546607cd032e219ecdf:deepseek-v4-pro,deepseek-v4-pro,False,"Prompt, payload or response hash differs"
c9cd6eb802b550f686ea:deepseek-v4-pro,deepseek-v4-pro,False,"Prompt, payload or response hash differs"
8ce4111409007655f35c:MiniMax-M3,MiniMax-M3,False,"Prompt, payload or response hash differs"
a68d645261e127aabe48:MiniMax-M3,MiniMax-M3,False,"Prompt, payload or response hash differs"
80b969d8c311ca5319a6:MiniMax-M3,MiniMax-M3,False,"Prompt, payload or response hash differs"
0350c20d66b0dcca7d23:MiniMax-M3,MiniMax-M3,False,"Prompt, payload or response hash differs"
b90a1a55236f681f50f6:deepseek-v4-pro,deepseek-v4-pro,False,"Prompt, payload or response hash differs"
066e685849802b0ca747:deepseek-v4-pro,deepseek-v4-pro,False,"Prompt, payload or response hash differs"
023d81c3f2bf12e739f9:deepseek-v4-pro,deepseek-v4-pro,False,"Prompt, payload or response hash differs"
668cab5fbe2a263333c4:deepseek-v4-pro,deepseek-v4-pro,False,"Prompt, payload or response hash differs"
a0e85da7a1e859ae5dea:deepseek-v4-pro,deepseek-v4-pro,False,"Prompt, payload or response hash differs"
24e716d6d60765851dd2:MiniMax-M3,MiniMax-M3,False,"Prompt, payload or response hash differs"
650515b447021c60e1e2:deepseek-v4-pro,deepseek-v4-pro,False,"Prompt, payload or response hash differs"
53b6fb67d3d2f9a0b526:deepseek-v4-pro,deepseek-v4-pro,False,"Prompt, payload or response hash differs"
c6acf64398f545f9e1a4:MiniMax-M3,MiniMax-M3,False,"Prompt, payload or response hash differs"
c7192bce8db0f1d2a88b:MiniMax-M3,MiniMax-M3,False,"Prompt, payload or response hash differs"
bf09384709ae52130baa:MiniMax-M3,MiniMax-M3,False,"Prompt, payload or response hash differs"
8d2b5e3c854217c0f61d:deepseek-v4-pro,deepseek-v4-pro,False,"Prompt, payload or response hash differs"
bf3dffe6fa75746c22d0:deepseek-v4-pro,deepseek-v4-pro,False,"Prompt, payload or response hash differs"
4c62d9dfd4d7a8d6d442:deepseek-v4-pro,deepseek-v4-pro,False,"Prompt, payload or response hash differs"
c9965d5f42124e04d301:MiniMax-M3,MiniMax-M3,False,"Prompt, payload or response hash differs"
bf84e8264aa34eae6490:deepseek-v4-pro,deepseek-v4-pro,False,"Prompt, payload or response hash differs"
52fa67ffc911903e0f00:deepseek-v4-pro,deepseek-v4-pro,False,"Prompt, payload or response hash differs"
ad2a4c6c617bd7fefab4:MiniMax-M3,MiniMax-M3,False,"Prompt, payload or response hash differs"
2f38c6814ea5c03353e3:MiniMax-M3,MiniMax-M3,False,"Prompt, payload or response hash differs"
197ae1819e0ea29e89f2:MiniMax-M3,MiniMax-M3,False,"Prompt, payload or response hash differs"
b1034e64ec1047a349ed:deepseek-v4-pro,deepseek-v4-pro,False,"Prompt, payload or response hash differs"
16fc311fac30ec8b0208:MiniMax-M3,MiniMax-M3,False,"Prompt, payload or response hash differs"
84e56f46fe2511ccfc20:deepseek-v4-pro,deepseek-v4-pro,False,"Prompt, payload or response hash differs"
1d36774399c59306435a:deepseek-v4-pro,deepseek-v4-pro,False,"Prompt, payload or response hash differs"
709f05f28529710e24db:deepseek-v4-pro,deepseek-v4-pro,False,"Prompt, payload or response hash differs"
6799b868a16c508e9fd0:MiniMax-M3,MiniMax-M3,False,"Prompt, payload or response hash differs"
1a5070991b14e57510ba:MiniMax-M3,MiniMax-M3,False,"Prompt, payload or response hash differs"
6c43e108127c9658d8b1:deepseek-v4-pro,deepseek-v4-pro,False,"Prompt, payload or response hash differs"
601e42a43d319e4e1446:deepseek-v4-pro,deepseek-v4-pro,False,"Prompt, payload or response hash differs"
9b07bd4b4924e390e050:MiniMax-M3,MiniMax-M3,False,"Prompt, payload or response hash differs"
aa8d209a1bdcaa521636:MiniMax-M3,MiniMax-M3,False,"Prompt, payload or response hash differs"
eb46498f2fe43a81559e:deepseek-v4-pro,deepseek-v4-pro,False,"Prompt, payload or response hash differs"
8c48636016cb2d6a8304:deepseek-v4-pro,deepseek-v4-pro,False,"Prompt, payload or response hash differs"
d5bf392d1eae0aa3c13a:MiniMax-M3,MiniMax-M3,False,"Prompt, payload or response hash differs"
da12efad2b59af852fed:deepseek-v4-pro,deepseek-v4-pro,False,"Prompt, payload or response hash differs"
4c81739827742235c9bc:deepseek-v4-pro,deepseek-v4-pro,False,"Prompt, payload or response hash differs"
7291f30c5ea35cc44137:deepseek-v4-pro,deepseek-v4-pro,False,"Prompt, payload or response hash differs"
0382e27b3de595b9559d:deepseek-v4-pro,deepseek-v4-pro,False,"Prompt, payload or response hash differs"
8d5013fec06fc276c88e:deepseek-v4-pro,deepseek-v4-pro,False,"Prompt, payload or response hash differs"
a818af835ab783d246a1:MiniMax-M3,MiniMax-M3,False,"Prompt, payload or response hash differs"
09e87d331ff1bdd7cbed:deepseek-v4-pro,deepseek-v4-pro,False,"Prompt, payload or response hash differs"
197ae1819e0ea29e89f2:deepseek-v4-pro,deepseek-v4-pro,False,"Prompt, payload or response hash differs"
922de402f8dcd9675d17:deepseek-v4-pro,deepseek-v4-pro,False,"Prompt, payload or response hash differs"
a9f90c90e6b2b80cf440:MiniMax-M3,MiniMax-M3,False,"Prompt, payload or response hash differs"
e5eddd24f290c8e65d7b:MiniMax-M3,MiniMax-M3,False,"Prompt, payload or response hash differs"
e24d33865f2a07725dee:MiniMax-M3,MiniMax-M3,False,"Prompt, payload or response hash differs"
495c37cf2d073b42f019:MiniMax-M3,MiniMax-M3,False,"Prompt, payload or response hash differs"
2ad2cf090a95f817fbec:MiniMax-M3,MiniMax-M3,False,"Prompt, payload or response hash differs"
45fe29195cfd092bea5b:MiniMax-M3,MiniMax-M3,False,"Prompt, payload or response hash differs"
e8057b138e4bbcc4d43b:MiniMax-M3,MiniMax-M3,False,"Prompt, payload or response hash differs"
3fc8f5d63ea7bdaf67d8:deepseek-v4-pro,deepseek-v4-pro,False,"Prompt, payload or response hash differs"
f5c16d3a94521a534792:deepseek-v4-pro,deepseek-v4-pro,False,"Prompt, payload or response hash differs"
a891cd4b185f9af571ab:MiniMax-M3,MiniMax-M3,False,"Prompt, payload or response hash differs"
a88a9d96607111c9c158:deepseek-v4-pro,deepseek-v4-pro,False,"Prompt, payload or response hash differs"
6799b868a16c508e9fd0:deepseek-v4-pro,deepseek-v4-pro,False,"Prompt, payload or response hash differs"
b4336d0daafa92cb4bc4:MiniMax-M3,MiniMax-M3,False,"Prompt, payload or response hash differs"
91401bc50fd4479bc9cb:deepseek-v4-pro,deepseek-v4-pro,False,"Prompt, payload or response hash differs"
ac88551c181c51e641bd:MiniMax-M3,MiniMax-M3,False,"Prompt, payload or response hash differs"
4c3d788f0cc1b45d04ab:deepseek-v4-pro,deepseek-v4-pro,False,"Prompt, payload or response hash differs"
c265e53ac859a1a186d1:MiniMax-M3,MiniMax-M3,False,"Prompt, payload or response hash differs"
1db8a27728abf8b3024b:deepseek-v4-pro,deepseek-v4-pro,False,"Prompt, payload or response hash differs"
b184b7891ed7b967139d:MiniMax-M3,MiniMax-M3,False,"Prompt, payload or response hash differs"
6c7d5741d794c21cc31f:deepseek-v4-pro,deepseek-v4-pro,False,"Prompt, payload or response hash differs"
3390831431e335345e81:deepseek-v4-pro,deepseek-v4-pro,False,"Prompt, payload or response hash differs"
6e0df98e8399660f6c19:deepseek-v4-pro,deepseek-v4-pro,False,"Prompt, payload or response hash differs"
aecf286ca3bb6f5f3001:deepseek-v4-pro,deepseek-v4-pro,False,"Prompt, payload or response hash differs"
83446931beb281d71b7e:MiniMax-M3,MiniMax-M3,False,"Prompt, payload or response hash differs"
e06714b3b7c7c4d5e5ab:deepseek-v4-pro,deepseek-v4-pro,False,"Prompt, payload or response hash differs"
2aa68495fe096b0f4f01:deepseek-v4-pro,deepseek-v4-pro,False,"Prompt, payload or response hash differs"
47f27efbdb2f379c728b:deepseek-v4-pro,deepseek-v4-pro,False,"Prompt, payload or response hash differs"
b0a7887a958116a75685:MiniMax-M3,MiniMax-M3,False,"Prompt, payload or response hash differs"
a962d563e36353ab8715:MiniMax-M3,MiniMax-M3,False,"Prompt, payload or response hash differs"
4c81739827742235c9bc:MiniMax-M3,MiniMax-M3,False,"Prompt, payload or response hash differs"
2cbd5af02c3269699a90:deepseek-v4-pro,deepseek-v4-pro,False,"Prompt, payload or response hash differs"
40f585d176e10c36d604:MiniMax-M3,MiniMax-M3,False,"Prompt, payload or response hash differs"
20131fd414250c3861d3:deepseek-v4-pro,deepseek-v4-pro,False,"Prompt, payload or response hash differs"
e8a64541224a751654a6:deepseek-v4-pro,deepseek-v4-pro,False,"Prompt, payload or response hash differs"
277b50d27626c4b2e5ef:deepseek-v4-pro,deepseek-v4-pro,False,"Prompt, payload or response hash differs"
28e0487fa4b5ab85e484:deepseek-v4-pro,deepseek-v4-pro,False,"Prompt, payload or response hash differs"
da12efad2b59af852fed:MiniMax-M3,MiniMax-M3,False,"Prompt, payload or response hash differs"
c9a50bf38b25782c00c3:MiniMax-M3,MiniMax-M3,False,"Prompt, payload or response hash differs"
46f040999edcc50f1e2d:MiniMax-M3,MiniMax-M3,False,"Prompt, payload or response hash differs"
00d3750966ff5613fb5a:MiniMax-M3,MiniMax-M3,False,"Prompt, payload or response hash differs"
e72b4bfefab85cdc1eb0:deepseek-v4-pro,deepseek-v4-pro,False,"Prompt, payload or response hash differs"
da1ae7c6c953126b3e0e:MiniMax-M3,MiniMax-M3,False,"Prompt, payload or response hash differs"
701043bcd9f9b3fa3055:deepseek-v4-pro,deepseek-v4-pro,False,"Prompt, payload or response hash differs"
c00f4d4fd46adf797230:MiniMax-M3,MiniMax-M3,False,"Prompt, payload or response hash differs"
1f8b1b82d0f227655cc0:deepseek-v4-pro,deepseek-v4-pro,False,"Prompt, payload or response hash differs"
6cc4230d678d7cd90832:MiniMax-M3,MiniMax-M3,False,"Prompt, payload or response hash differs"
15239b5bf95827637d26:MiniMax-M3,MiniMax-M3,False,"Prompt, payload or response hash differs"
0d7622ab6b9ca3026dee:deepseek-v4-pro,deepseek-v4-pro,False,"Prompt, payload or response hash differs"
b1d612cdc9d588dd5667:MiniMax-M3,MiniMax-M3,False,"Prompt, payload or response hash differs"
256d1e74f3f66348c163:MiniMax-M3,MiniMax-M3,False,"Prompt, payload or response hash differs"
e34d49e78e844f9100fc:deepseek-v4-pro,deepseek-v4-pro,False,"Prompt, payload or response hash differs"
896f86f959c31f9ff822:MiniMax-M3,MiniMax-M3,False,"Prompt, payload or response hash differs"
e090e96d718ade06ef3b:deepseek-v4-pro,deepseek-v4-pro,False,"Prompt, payload or response hash differs"
e5eddd24f290c8e65d7b:deepseek-v4-pro,deepseek-v4-pro,False,"Prompt, payload or response hash differs"
d3afb753b2abebb25ab5:deepseek-v4-pro,deepseek-v4-pro,False,"Prompt, payload or response hash differs"
4fc195e54b0712487f14:MiniMax-M3,MiniMax-M3,False,"Prompt, payload or response hash differs"
39730502ccbbeb88dbd5:MiniMax-M3,MiniMax-M3,False,"Prompt, payload or response hash differs"
26fd68f4325aaaa73cdb:MiniMax-M3,MiniMax-M3,False,"Prompt, payload or response hash differs"
f902d27af6a46d587f8c:deepseek-v4-pro,deepseek-v4-pro,False,"Prompt, payload or response hash differs"
50311c67dea745b3b59c:deepseek-v4-pro,deepseek-v4-pro,False,"Prompt, payload or response hash differs"
b1b8fbf01ae81208b7f5:MiniMax-M3,MiniMax-M3,False,"Prompt, payload or response hash differs"
8589ef96c8d0c9b2bd0a:deepseek-v4-pro,deepseek-v4-pro,False,"Prompt, payload or response hash differs"
1d916d2cf9cf475434f5:MiniMax-M3,MiniMax-M3,False,"Prompt, payload or response hash differs"
203083b784f480120c1b:MiniMax-M3,MiniMax-M3,False,"Prompt, payload or response hash differs"
1da855524c85b86b1140:MiniMax-M3,MiniMax-M3,False,"Prompt, payload or response hash differs"
d3afb753b2abebb25ab5:MiniMax-M3,MiniMax-M3,False,"Prompt, payload or response hash differs"
be38ca491d9bb65f6c5f:MiniMax-M3,MiniMax-M3,False,"Prompt, payload or response hash differs"
fd77c7cee94db29f6f47:MiniMax-M3,MiniMax-M3,False,"Prompt, payload or response hash differs"
2b59b4fdad8d8fbdb573:MiniMax-M3,MiniMax-M3,False,"Prompt, payload or response hash differs"
7669d19af24812ad8198:deepseek-v4-pro,deepseek-v4-pro,False,"Prompt, payload or response hash differs"
bf307f0d6283639d0e57:MiniMax-M3,MiniMax-M3,False,"Prompt, payload or response hash differs"
ab76f63b3b0b0a25b78b:MiniMax-M3,MiniMax-M3,False,"Prompt, payload or response hash differs"
47c8bb105e3c3d202e60:deepseek-v4-pro,deepseek-v4-pro,False,"Prompt, payload or response hash differs"
5808fbf02916de54a0ea:deepseek-v4-pro,deepseek-v4-pro,False,"Prompt, payload or response hash differs"
119d3a94cffd61b2756a:deepseek-v4-pro,deepseek-v4-pro,False,"Prompt, payload or response hash differs"
387df839a01c2b4a5ebd:MiniMax-M3,MiniMax-M3,False,"Prompt, payload or response hash differs"
32467c70a076d2bb8adf:MiniMax-M3,MiniMax-M3,False,"Prompt, payload or response hash differs"
1107f62fe858ce256fac:MiniMax-M3,MiniMax-M3,False,"Prompt, payload or response hash differs"
7c6cc23a5c327440ddb8:MiniMax-M3,MiniMax-M3,False,"Prompt, payload or response hash differs"
3f79ce0194004f334950:deepseek-v4-pro,deepseek-v4-pro,False,"Prompt, payload or response hash differs"
5a62349c600034d067b5:deepseek-v4-pro,deepseek-v4-pro,False,"Prompt, payload or response hash differs"
49009651f44069a41c8d:deepseek-v4-pro,deepseek-v4-pro,False,"Prompt, payload or response hash differs"
b3aba12b13ee16af56ae:MiniMax-M3,MiniMax-M3,False,"Prompt, payload or response hash differs"
d44ee29d9e1de37050a8:deepseek-v4-pro,deepseek-v4-pro,False,"Prompt, payload or response hash differs"
a8405923ae5ce97b01ae:MiniMax-M3,MiniMax-M3,False,"Prompt, payload or response hash differs"
ae046657a25e38b34e18:deepseek-v4-pro,deepseek-v4-pro,False,"Prompt, payload or response hash differs"
367b02723d3c68e462d3:deepseek-v4-pro,deepseek-v4-pro,False,"Prompt, payload or response hash differs"
1ebd758ebc4d24906666:deepseek-v4-pro,deepseek-v4-pro,False,"Prompt, payload or response hash differs"
39e10849b8e690b5e103:deepseek-v4-pro,deepseek-v4-pro,False,"Prompt, payload or response hash differs"
50c9264c63a333bc9de9:MiniMax-M3,MiniMax-M3,False,"Prompt, payload or response hash differs"
21866bf657fe435722a7:deepseek-v4-pro,deepseek-v4-pro,False,"Prompt, payload or response hash differs"
dcc5f6fc727bcae1321a:MiniMax-M3,MiniMax-M3,False,"Prompt, payload or response hash differs"
167ebd67044dadb2bcf4:deepseek-v4-pro,deepseek-v4-pro,False,"Prompt, payload or response hash differs"
2b059509d15dc56d6525:deepseek-v4-pro,deepseek-v4-pro,False,"Prompt, payload or response hash differs"
b66e6be68ee553f79fc4:MiniMax-M3,MiniMax-M3,False,"Prompt, payload or response hash differs"
e688f51ea31214e0a56e:deepseek-v4-pro,deepseek-v4-pro,False,"Prompt, payload or response hash differs"
c79a08d769cd4d4e4365:deepseek-v4-pro,deepseek-v4-pro,False,"Prompt, payload or response hash differs"
1bb571120e2254097821:deepseek-v4-pro,deepseek-v4-pro,False,"Prompt, payload or response hash differs"
9ff48c5c4a878f3aacbc:MiniMax-M3,MiniMax-M3,False,"Prompt, payload or response hash differs"
be1b70c5d06501e88adb:MiniMax-M3,MiniMax-M3,False,"Prompt, payload or response hash differs"
2b059509d15dc56d6525:MiniMax-M3,MiniMax-M3,False,"Prompt, payload or response hash differs"
37d08168dca1f6c6fb95:MiniMax-M3,MiniMax-M3,False,"Prompt, payload or response hash differs"
ce5039c55e346fcc144c:deepseek-v4-pro,deepseek-v4-pro,False,"Prompt, payload or response hash differs"
212a5a49d77e0d4ded58:deepseek-v4-pro,deepseek-v4-pro,False,"Prompt, payload or response hash differs"
bd8a823bede1e8b3e198:MiniMax-M3,MiniMax-M3,False,"Prompt, payload or response hash differs"
8ab866f2b11e4906265b:MiniMax-M3,MiniMax-M3,False,"Prompt, payload or response hash differs"
d45b4a15f3a50d74f0aa:MiniMax-M3,MiniMax-M3,False,"Prompt, payload or response hash differs"
32f85134103a6744d948:MiniMax-M3,MiniMax-M3,False,"Prompt, payload or response hash differs"
a8c606366123a3800732:deepseek-v4-pro,deepseek-v4-pro,False,"Prompt, payload or response hash differs"
cc286f45e158fd4aeeb0:deepseek-v4-pro,deepseek-v4-pro,False,"Prompt, payload or response hash differs"
c582e43f8bb64e865662:MiniMax-M3,MiniMax-M3,False,"Prompt, payload or response hash differs"
b596c05f33d1a75064d6:deepseek-v4-pro,deepseek-v4-pro,False,"Prompt, payload or response hash differs"
9ffe749518afd1f21061:deepseek-v4-pro,deepseek-v4-pro,False,"Prompt, payload or response hash differs"
7516b5de509674b7e63e:MiniMax-M3,MiniMax-M3,False,"Prompt, payload or response hash differs"
a93fe2adea5e710f10f9:MiniMax-M3,MiniMax-M3,False,"Prompt, payload or response hash differs"
f252500aed54144dd5b5:deepseek-v4-pro,deepseek-v4-pro,False,"Prompt, payload or response hash differs"
15eedb40da3934789b27:MiniMax-M3,MiniMax-M3,False,"Prompt, payload or response hash differs"
2f20c9c64f7c1a16bb9f:MiniMax-M3,MiniMax-M3,False,"Prompt, payload or response hash differs"
ca6fc98b87103345d52f:MiniMax-M3,MiniMax-M3,False,"Prompt, payload or response hash differs"
c6213a0d68d98ad2b8f1:MiniMax-M3,MiniMax-M3,False,"Prompt, payload or response hash differs"
e22496242a45b17f642c:deepseek-v4-pro,deepseek-v4-pro,False,"Prompt, payload or response hash differs"
458650131b60c022b847:MiniMax-M3,MiniMax-M3,False,"Prompt, payload or response hash differs"
7f1eccde0141d135a338:deepseek-v4-pro,deepseek-v4-pro,False,"Prompt, payload or response hash differs"
97e9a31b9a6a46d0e26a:deepseek-v4-pro,deepseek-v4-pro,False,"Prompt, payload or response hash differs"
f792e8c7d553ccb1321c:MiniMax-M3,MiniMax-M3,False,"Prompt, payload or response hash differs"
8a8d92f6ae930d0479ff:MiniMax-M3,MiniMax-M3,False,"Prompt, payload or response hash differs"
030a9b61caf6713e7003:MiniMax-M3,MiniMax-M3,False,"Prompt, payload or response hash differs"
100aca9045b5dd006fd1:deepseek-v4-pro,deepseek-v4-pro,False,"Prompt, payload or response hash differs"
9ceea5359ce2d3a36592:MiniMax-M3,MiniMax-M3,False,"Prompt, payload or response hash differs"
4c3d788f0cc1b45d04ab:MiniMax-M3,MiniMax-M3,False,"Prompt, payload or response hash differs"
5efa856f0979bb453c7f:deepseek-v4-pro,deepseek-v4-pro,False,"Prompt, payload or response hash differs"
580f4e46e2efd7b8de54:deepseek-v4-pro,deepseek-v4-pro,False,"Prompt, payload or response hash differs"
daad2b9f0095a9dc69e9:deepseek-v4-pro,deepseek-v4-pro,False,"Prompt, payload or response hash differs"
0e9d6c0b9359c1c2c867:MiniMax-M3,MiniMax-M3,False,"Prompt, payload or response hash differs"
ff1ee866b304a201b15f:MiniMax-M3,MiniMax-M3,False,"Prompt, payload or response hash differs"
dfe6a5a670d0cc6008f1:MiniMax-M3,MiniMax-M3,False,"Prompt, payload or response hash differs"
42eeff7610960bbbaa3e:MiniMax-M3,MiniMax-M3,False,"Prompt, payload or response hash differs"
dfcf6569dce0cbb1a5c7:deepseek-v4-pro,deepseek-v4-pro,False,"Prompt, payload or response hash differs"
b596c05f33d1a75064d6:MiniMax-M3,MiniMax-M3,False,"Prompt, payload or response hash differs"
27455562238142de7832:deepseek-v4-pro,deepseek-v4-pro,False,"Prompt, payload or response hash differs"
34d3abbf1b17ff5ded9b:MiniMax-M3,MiniMax-M3,False,"Prompt, payload or response hash differs"
eafa05d6cb93fab80fe9:deepseek-v4-pro,deepseek-v4-pro,False,"Prompt, payload or response hash differs"
bc704069ddf2e5b52f9a:deepseek-v4-pro,deepseek-v4-pro,False,"Prompt, payload or response hash differs"
18882d4c2ad9bce3f7e2:MiniMax-M3,MiniMax-M3,False,"Prompt, payload or response hash differs"
7738963c4ef190309f3c:deepseek-v4-pro,deepseek-v4-pro,False,"Prompt, payload or response hash differs"
65ceee4d0166249deb61:deepseek-v4-pro,deepseek-v4-pro,False,"Prompt, payload or response hash differs"
bb9e96ef0bf246f27e50:MiniMax-M3,MiniMax-M3,False,"Prompt, payload or response hash differs"
65ed13351e4a342ae779:MiniMax-M3,MiniMax-M3,False,"Prompt, payload or response hash differs"
7c6235162b74ce9f2d19:MiniMax-M3,MiniMax-M3,False,"Prompt, payload or response hash differs"
6e04b5dd84de438f3c44:MiniMax-M3,MiniMax-M3,False,"Prompt, payload or response hash differs"
4a0686cde3cf527a95ed:MiniMax-M3,MiniMax-M3,False,"Prompt, payload or response hash differs"
bf84e8264aa34eae6490:MiniMax-M3,MiniMax-M3,False,"Prompt, payload or response hash differs"
adb8639f0d43526c19eb:MiniMax-M3,MiniMax-M3,False,"Prompt, payload or response hash differs"
a68d645261e127aabe48:deepseek-v4-pro,deepseek-v4-pro,False,"Prompt, payload or response hash differs"
72d0e3f6731d8abcad5e:MiniMax-M3,MiniMax-M3,False,"Prompt, payload or response hash differs"
3cba992ebf9675df56b8:MiniMax-M3,MiniMax-M3,False,"Prompt, payload or response hash differs"
307bf399ae4789f2dd83:MiniMax-M3,MiniMax-M3,False,"Prompt, payload or response hash differs"
ce315a0599ac717c3dad:MiniMax-M3,MiniMax-M3,False,"Prompt, payload or response hash differs"
f78f1ad5a9d17f8713e2:MiniMax-M3,MiniMax-M3,False,"Prompt, payload or response hash differs"
768a1c28886feb82e013:MiniMax-M3,MiniMax-M3,False,"Prompt, payload or response hash differs"
dfe6a5a670d0cc6008f1:deepseek-v4-pro,deepseek-v4-pro,False,"Prompt, payload or response hash differs"
53d7bd34ccb528c9f5c0:deepseek-v4-pro,deepseek-v4-pro,False,"Prompt, payload or response hash differs"
768a1c28886feb82e013:deepseek-v4-pro,deepseek-v4-pro,False,"Prompt, payload or response hash differs"
2f50120b0591dfdceada:MiniMax-M3,MiniMax-M3,False,"Prompt, payload or response hash differs"
54944470367e6f07df49:MiniMax-M3,MiniMax-M3,False,"Prompt, payload or response hash differs"
852b77977c94f642522e:deepseek-v4-pro,deepseek-v4-pro,False,"Prompt, payload or response hash differs"
c7fd1461e6aae801775a:MiniMax-M3,MiniMax-M3,False,"Prompt, payload or response hash differs"
14b6aa6b8fd4ea4383b7:deepseek-v4-pro,deepseek-v4-pro,False,"Prompt, payload or response hash differs"
0d9d7da2b89e1a129bfe:MiniMax-M3,MiniMax-M3,False,"Prompt, payload or response hash differs"
70e1febdf3501cbfb457:deepseek-v4-pro,deepseek-v4-pro,False,"Prompt, payload or response hash differs"
c95c1600b659cea061cc:deepseek-v4-pro,deepseek-v4-pro,False,"Prompt, payload or response hash differs"
3d776e0a98e43f8e3801:deepseek-v4-pro,deepseek-v4-pro,False,"Prompt, payload or response hash differs"
f597186e3e69674824d8:deepseek-v4-pro,deepseek-v4-pro,False,"Prompt, payload or response hash differs"
00f4ce542eab5ee2679b:deepseek-v4-pro,deepseek-v4-pro,False,"Prompt, payload or response hash differs"
a2e873578925e193ef22:deepseek-v4-pro,deepseek-v4-pro,False,"Prompt, payload or response hash differs"
93adec5330355eb04b69:MiniMax-M3,MiniMax-M3,False,"Prompt, payload or response hash differs"
a0542c5015742e54278f:deepseek-v4-pro,deepseek-v4-pro,False,"Prompt, payload or response hash differs"
44f293103bbab814b971:MiniMax-M3,MiniMax-M3,False,"Prompt, payload or response hash differs"
071210e98a4b94dc1133:deepseek-v4-pro,deepseek-v4-pro,False,"Prompt, payload or response hash differs"
b5b8a419e605579cd3c8:MiniMax-M3,MiniMax-M3,False,"Prompt, payload or response hash differs"
69461349dacb56425bc9:deepseek-v4-pro,deepseek-v4-pro,False,"Prompt, payload or response hash differs"
48c01615436ba44b877b:MiniMax-M3,MiniMax-M3,False,"Prompt, payload or response hash differs"
17133e3ff0f3e6ff4a18:MiniMax-M3,MiniMax-M3,False,"Prompt, payload or response hash differs"
23e6f95e1bb00856d181:deepseek-v4-pro,deepseek-v4-pro,False,"Prompt, payload or response hash differs"
7e15b4dd6d76f32c82c2:deepseek-v4-pro,deepseek-v4-pro,False,"Prompt, payload or response hash differs"
224e4ffc9db042a93f5b:deepseek-v4-pro,deepseek-v4-pro,False,"Prompt, payload or response hash differs"
4e0920085910c8db44a8:deepseek-v4-pro,deepseek-v4-pro,False,"Prompt, payload or response hash differs"
7f9b88c6d19bc9406105:MiniMax-M3,MiniMax-M3,False,"Prompt, payload or response hash differs"
3c298ceca7749d90dc62:MiniMax-M3,MiniMax-M3,False,"Prompt, payload or response hash differs"
aa166a1a0cf9ea33fbc3:deepseek-v4-pro,deepseek-v4-pro,False,"Prompt, payload or response hash differs"
8d031117ad36655f69be:deepseek-v4-pro,deepseek-v4-pro,False,"Prompt, payload or response hash differs"
defddd2c92106a029fe8:deepseek-v4-pro,deepseek-v4-pro,False,"Prompt, payload or response hash differs"
efea35fb74196feb5438:MiniMax-M3,MiniMax-M3,False,"Prompt, payload or response hash differs"
b6200c3d8a640a331b38:deepseek-v4-pro,deepseek-v4-pro,False,"Prompt, payload or response hash differs"
193e3e9fe7844e6475da:MiniMax-M3,MiniMax-M3,False,"Prompt, payload or response hash differs"
7e07619d892684fe0379:MiniMax-M3,MiniMax-M3,False,"Prompt, payload or response hash differs"
7c61d76705b3068f372d:deepseek-v4-pro,deepseek-v4-pro,False,"Prompt, payload or response hash differs"
f7c0d6bf3b50eefa3fad:MiniMax-M3,MiniMax-M3,False,"Prompt, payload or response hash differs"
c56efaf5bbfd08277b04:MiniMax-M3,MiniMax-M3,False,"Prompt, payload or response hash differs"
50eb487299dde7314f69:deepseek-v4-pro,deepseek-v4-pro,False,"Prompt, payload or response hash differs"
3e061d4d524180c5be72:MiniMax-M3,MiniMax-M3,False,"Prompt, payload or response hash differs"
d4a43a6d5242f5251ab8:deepseek-v4-pro,deepseek-v4-pro,False,"Prompt, payload or response hash differs"
444327bf638a35997ecf:deepseek-v4-pro,deepseek-v4-pro,False,"Prompt, payload or response hash differs"
5c0885807525cf9df2c4:MiniMax-M3,MiniMax-M3,False,"Prompt, payload or response hash differs"
31854085491e7256d3dc:deepseek-v4-pro,deepseek-v4-pro,False,"Prompt, payload or response hash differs"
db21d6a7852914783951:deepseek-v4-pro,deepseek-v4-pro,False,"Prompt, payload or response hash differs"
d538bed0600c046bb00d:MiniMax-M3,MiniMax-M3,False,"Prompt, payload or response hash differs"
011bb572f99935ad85e0:deepseek-v4-pro,deepseek-v4-pro,False,"Prompt, payload or response hash differs"
852c2daa0424fd550f11:MiniMax-M3,MiniMax-M3,False,"Prompt, payload or response hash differs"
e898db3932f9ef94a5cb:deepseek-v4-pro,deepseek-v4-pro,False,"Prompt, payload or response hash differs"
f3582e295d790961f134:deepseek-v4-pro,deepseek-v4-pro,False,"Prompt, payload or response hash differs"
798d628f733d6b5e348d:MiniMax-M3,MiniMax-M3,False,"Prompt, payload or response hash differs"
02b4eefcc7f5574f24bd:deepseek-v4-pro,deepseek-v4-pro,False,"Prompt, payload or response hash differs"
6db355102897d3d44997:deepseek-v4-pro,deepseek-v4-pro,False,"Prompt, payload or response hash differs"
78881e92e994bcb2356c:MiniMax-M3,MiniMax-M3,False,"Prompt, payload or response hash differs"
a48f4e0aef7035c7a08f:MiniMax-M3,MiniMax-M3,False,"Prompt, payload or response hash differs"
33b67e97a4afd38e669a:deepseek-v4-pro,deepseek-v4-pro,False,"Prompt, payload or response hash differs"
ab219655a30fb17280c8:MiniMax-M3,MiniMax-M3,False,"Prompt, payload or response hash differs"
f9772e5f25ac54da7f4c:deepseek-v4-pro,deepseek-v4-pro,False,"Prompt, payload or response hash differs"
8b6ffb6e06e2fc50ed80:deepseek-v4-pro,deepseek-v4-pro,False,"Prompt, payload or response hash differs"
960c5beafffde54c5e8d:MiniMax-M3,MiniMax-M3,False,"Prompt, payload or response hash differs"
fc6ecd25dbe0fefbf48e:MiniMax-M3,MiniMax-M3,False,"Prompt, payload or response hash differs"
5931661963db3e5c1b1a:MiniMax-M3,MiniMax-M3,False,"Prompt, payload or response hash differs"
f3422474fbc4b5161432:deepseek-v4-pro,deepseek-v4-pro,False,"Prompt, payload or response hash differs"
cfa81ad37538d77f2298:MiniMax-M3,MiniMax-M3,False,"Prompt, payload or response hash differs"
4c62d9dfd4d7a8d6d442:MiniMax-M3,MiniMax-M3,False,"Prompt, payload or response hash differs"
a9a589e45842cb8242a9:MiniMax-M3,MiniMax-M3,False,"Prompt, payload or response hash differs"
b6d7451e040b80650d0c:MiniMax-M3,MiniMax-M3,False,"Prompt, payload or response hash differs"
69e2512c83a51b1b1b12:deepseek-v4-pro,deepseek-v4-pro,False,"Prompt, payload or response hash differs"
9c2c01fcc109a2e9fdc5:deepseek-v4-pro,deepseek-v4-pro,False,"Prompt, payload or response hash differs"
37bcda0a9ae64bad52be:deepseek-v4-pro,deepseek-v4-pro,False,"Prompt, payload or response hash differs"
bb95c92c2bcf7525a81d:deepseek-v4-pro,deepseek-v4-pro,False,"Prompt, payload or response hash differs"
d44ee29d9e1de37050a8:MiniMax-M3,MiniMax-M3,False,"Prompt, payload or response hash differs"
7516b5de509674b7e63e:deepseek-v4-pro,deepseek-v4-pro,False,"Prompt, payload or response hash differs"
bde8e20b7e49daf52439:deepseek-v4-pro,deepseek-v4-pro,False,"Prompt, payload or response hash differs"
97665277354ed3f5d4bf:MiniMax-M3,MiniMax-M3,False,"Prompt, payload or response hash differs"
8b116872d8a6f6910c57:deepseek-v4-pro,deepseek-v4-pro,False,"Prompt, payload or response hash differs"
60a561863704c888e02b:MiniMax-M3,MiniMax-M3,False,"Prompt, payload or response hash differs"
6e0df98e8399660f6c19:MiniMax-M3,MiniMax-M3,False,"Prompt, payload or response hash differs"
e616a3f5c613aa8ef5b0:MiniMax-M3,MiniMax-M3,False,"Prompt, payload or response hash differs"
5fb9a07d5155eb6231cf:MiniMax-M3,MiniMax-M3,False,"Prompt, payload or response hash differs"
f93bffbdb7db295c7bc8:MiniMax-M3,MiniMax-M3,False,"Prompt, payload or response hash differs"
26a7b151fbf4ed0c8f24:MiniMax-M3,MiniMax-M3,False,"Prompt, payload or response hash differs"
3f155e93b84d3d203b62:MiniMax-M3,MiniMax-M3,False,"Prompt, payload or response hash differs"
b1d7d6779687891e6791:MiniMax-M3,MiniMax-M3,False,"Prompt, payload or response hash differs"
4b64657b21e2be23f443:MiniMax-M3,MiniMax-M3,False,"Prompt, payload or response hash differs"
b81fc82409edfc3cd047:deepseek-v4-pro,deepseek-v4-pro,False,"Prompt, payload or response hash differs"
6e8d39fba27a64483833:MiniMax-M3,MiniMax-M3,False,"Prompt, payload or response hash differs"
6b3272dcf54ec16be2a5:MiniMax-M3,MiniMax-M3,False,"Prompt, payload or response hash differs"
47595049df1bb1e4eddb:MiniMax-M3,MiniMax-M3,False,"Prompt, payload or response hash differs"
fa5842beb054c2a054ab:MiniMax-M3,MiniMax-M3,False,"Prompt, payload or response hash differs"
319c979b4c4934c889d5:deepseek-v4-pro,deepseek-v4-pro,False,"Prompt, payload or response hash differs"
26fd68f4325aaaa73cdb:deepseek-v4-pro,deepseek-v4-pro,False,"Prompt, payload or response hash differs"
11db45ee2622e1ad2170:MiniMax-M3,MiniMax-M3,False,"Prompt, payload or response hash differs"
e88fba615059332569d0:MiniMax-M3,MiniMax-M3,False,"Prompt, payload or response hash differs"
69e2512c83a51b1b1b12:MiniMax-M3,MiniMax-M3,False,"Prompt, payload or response hash differs"
6c17b7dc790e5e71ed7e:MiniMax-M3,MiniMax-M3,False,"Prompt, payload or response hash differs"
477977efb921a78268e6:deepseek-v4-pro,deepseek-v4-pro,False,"Prompt, payload or response hash differs"
13e136e29daeb862b0aa:MiniMax-M3,MiniMax-M3,False,"Prompt, payload or response hash differs"
6c0a38716f0eed72dd21:MiniMax-M3,MiniMax-M3,False,"Prompt, payload or response hash differs"
daad2b9f0095a9dc69e9:MiniMax-M3,MiniMax-M3,False,"Prompt, payload or response hash differs"
5dddf512d5837980489a:deepseek-v4-pro,deepseek-v4-pro,False,"Prompt, payload or response hash differs"
a5ed374e04e0c34096df:MiniMax-M3,MiniMax-M3,False,"Prompt, payload or response hash differs"
4f5070eb507cb3b57fe3:MiniMax-M3,MiniMax-M3,False,"Prompt, payload or response hash differs"
eb5ac36c4470c928faf7:deepseek-v4-pro,deepseek-v4-pro,False,"Prompt, payload or response hash differs"
5d0db22139802c6dba35:deepseek-v4-pro,deepseek-v4-pro,False,"Prompt, payload or response hash differs"
c24e288219094bdadb4f:MiniMax-M3,MiniMax-M3,False,"Prompt, payload or response hash differs"
3e061d4d524180c5be72:deepseek-v4-pro,deepseek-v4-pro,False,"Prompt, payload or response hash differs"
ef63a4ee7430a5155120:deepseek-v4-pro,deepseek-v4-pro,False,"Prompt, payload or response hash differs"
eb37f72a3987fc48b016:MiniMax-M3,MiniMax-M3,False,"Prompt, payload or response hash differs"
f813473fc4d64c039cd8:MiniMax-M3,MiniMax-M3,False,"Prompt, payload or response hash differs"
5988c6d02b50deb1cc65:MiniMax-M3,MiniMax-M3,False,"Prompt, payload or response hash differs"
f3bfd7a67eed67a6645e:deepseek-v4-pro,deepseek-v4-pro,False,"Prompt, payload or response hash differs"
4f606f7a941a0a934ad4:deepseek-v4-pro,deepseek-v4-pro,False,"Prompt, payload or response hash differs"
62334a45f0f836d78084:MiniMax-M3,MiniMax-M3,False,"Prompt, payload or response hash differs"
a81955c525d043deaa96:MiniMax-M3,MiniMax-M3,False,"Prompt, payload or response hash differs"
5a1aa49301dec5076150:deepseek-v4-pro,deepseek-v4-pro,False,"Prompt, payload or response hash differs"
a5ec500e5a8bd6f3146c:deepseek-v4-pro,deepseek-v4-pro,False,"Prompt, payload or response hash differs"
9dafb60c7646c75ae16b:MiniMax-M3,MiniMax-M3,False,"Prompt, payload or response hash differs"
a539a4528e969d5dbd93:MiniMax-M3,MiniMax-M3,False,"Prompt, payload or response hash differs"
e8de61a47c21eeb78c08:deepseek-v4-pro,deepseek-v4-pro,False,"Prompt, payload or response hash differs"
5a8112cdfaf11a66eaa6:MiniMax-M3,MiniMax-M3,False,"Prompt, payload or response hash differs"
0f73f75c809f5bd3abd6:deepseek-v4-pro,deepseek-v4-pro,False,"Prompt, payload or response hash differs"
5cc96a70968ee457a6d8:MiniMax-M3,MiniMax-M3,False,"Prompt, payload or response hash differs"
e2867b10bd012ca09dd7:MiniMax-M3,MiniMax-M3,False,"Prompt, payload or response hash differs"
b35c0d8346c2dc801334:deepseek-v4-pro,deepseek-v4-pro,False,"Prompt, payload or response hash differs"
972338d2038b42e2bab5:deepseek-v4-pro,deepseek-v4-pro,False,"Prompt, payload or response hash differs"
a4dbb362c7f75ce3b659:deepseek-v4-pro,deepseek-v4-pro,False,"Prompt, payload or response hash differs"
25f8ad8ba5954832f57d:MiniMax-M3,MiniMax-M3,False,"Prompt, payload or response hash differs"
d45b4a15f3a50d74f0aa:deepseek-v4-pro,deepseek-v4-pro,False,"Prompt, payload or response hash differs"
9437e4b7399a67988c46:deepseek-v4-pro,deepseek-v4-pro,False,"Prompt, payload or response hash differs"
f985a65a251a1cabfae3:MiniMax-M3,MiniMax-M3,False,"Prompt, payload or response hash differs"
88ca2d5e795958bb26a8:MiniMax-M3,MiniMax-M3,False,"Prompt, payload or response hash differs"
228f50239bd18f0a15b8:deepseek-v4-pro,deepseek-v4-pro,False,"Prompt, payload or response hash differs"
692c20eb0c256b8c1138:MiniMax-M3,MiniMax-M3,False,"Prompt, payload or response hash differs"
69e509dcf91480895a10:MiniMax-M3,MiniMax-M3,False,"Prompt, payload or response hash differs"
da6eedec872a3ad81aa0:deepseek-v4-pro,deepseek-v4-pro,False,"Prompt, payload or response hash differs"
796b81eed9a2055a5a56:deepseek-v4-pro,deepseek-v4-pro,False,"Prompt, payload or response hash differs"
3e09bbcc367958f854d3:deepseek-v4-pro,deepseek-v4-pro,False,"Prompt, payload or response hash differs"
5afc0783ca1ae5043a84:MiniMax-M3,MiniMax-M3,False,"Prompt, payload or response hash differs"
c3184f9c34e1d8736816:deepseek-v4-pro,deepseek-v4-pro,False,"Prompt, payload or response hash differs"
26a7b151fbf4ed0c8f24:deepseek-v4-pro,deepseek-v4-pro,False,"Prompt, payload or response hash differs"
67e40cbe2ef393b5629d:deepseek-v4-pro,deepseek-v4-pro,False,"Prompt, payload or response hash differs"
5931661963db3e5c1b1a:deepseek-v4-pro,deepseek-v4-pro,False,"Prompt, payload or response hash differs"
c460bc8767baddc6ba3b:deepseek-v4-pro,deepseek-v4-pro,False,"Prompt, payload or response hash differs"
eb68223505cfc6be5cd2:MiniMax-M3,MiniMax-M3,False,"Prompt, payload or response hash differs"
ca55f0a2104097b0deca:deepseek-v4-pro,deepseek-v4-pro,False,"Prompt, payload or response hash differs"
985d9078cedbea9168ed:MiniMax-M3,MiniMax-M3,False,"Prompt, payload or response hash differs"
3ae5f12141fd75fe7f58:deepseek-v4-pro,deepseek-v4-pro,False,"Prompt, payload or response hash differs"
7e3ef7b0ac9d0ffdaf54:MiniMax-M3,MiniMax-M3,False,"Prompt, payload or response hash differs"
af2ffd9b87213d3e7b22:MiniMax-M3,MiniMax-M3,False,"Prompt, payload or response hash differs"
6c52125ffb2c3424f2e4:MiniMax-M3,MiniMax-M3,False,"Prompt, payload or response hash differs"
591dc49883033cb22629:deepseek-v4-pro,deepseek-v4-pro,False,"Prompt, payload or response hash differs"
47994d6b833da79776d3:MiniMax-M3,MiniMax-M3,False,"Prompt, payload or response hash differs"
9a3184e2e03b12bdf38d:deepseek-v4-pro,deepseek-v4-pro,False,"Prompt, payload or response hash differs"
e8de61a47c21eeb78c08:MiniMax-M3,MiniMax-M3,False,"Prompt, payload or response hash differs"
a8405923ae5ce97b01ae:deepseek-v4-pro,deepseek-v4-pro,False,"Prompt, payload or response hash differs"
d204ea050fbf29cda3cf:deepseek-v4-pro,deepseek-v4-pro,False,"Prompt, payload or response hash differs"
14d6bcd96791a193a141:deepseek-v4-pro,deepseek-v4-pro,False,"Prompt, payload or response hash differs"
9fd23f41e19f91ca4f9d:MiniMax-M3,MiniMax-M3,False,"Prompt, payload or response hash differs"
909c646a825b77476b60:deepseek-v4-pro,deepseek-v4-pro,False,"Prompt, payload or response hash differs"
a4dbb362c7f75ce3b659:MiniMax-M3,MiniMax-M3,False,"Prompt, payload or response hash differs"
3ae5f12141fd75fe7f58:MiniMax-M3,MiniMax-M3,False,"Prompt, payload or response hash differs"
5670e3be817ec8c4f817:MiniMax-M3,MiniMax-M3,False,"Prompt, payload or response hash differs"
4afb9bb547f11b0f25bd:MiniMax-M3,MiniMax-M3,False,"Prompt, payload or response hash differs"
5c0885807525cf9df2c4:deepseek-v4-pro,deepseek-v4-pro,False,"Prompt, payload or response hash differs"
8c7003e325c254fde0a6:deepseek-v4-pro,deepseek-v4-pro,False,"Prompt, payload or response hash differs"
1e34fcf43788707158ed:MiniMax-M3,MiniMax-M3,False,"Prompt, payload or response hash differs"
1815ff4eca1e100ba5af:deepseek-v4-pro,deepseek-v4-pro,False,"Prompt, payload or response hash differs"
878efb239ccfac1a6766:deepseek-v4-pro,deepseek-v4-pro,False,"Prompt, payload or response hash differs"
b1034e64ec1047a349ed:MiniMax-M3,MiniMax-M3,False,"Prompt, payload or response hash differs"
92c9ecc0f0acac8c9e3c:MiniMax-M3,MiniMax-M3,False,"Prompt, payload or response hash differs"
3f371ead197f0c759e2e:MiniMax-M3,MiniMax-M3,False,"Prompt, payload or response hash differs"
a8c16d8de389e33af3d9:MiniMax-M3,MiniMax-M3,False,"Prompt, payload or response hash differs"
203083b784f480120c1b:deepseek-v4-pro,deepseek-v4-pro,False,"Prompt, payload or response hash differs"
b3f7a0fd8f64dc59fbba:deepseek-v4-pro,deepseek-v4-pro,False,"Prompt, payload or response hash differs"
b2223ff9d134b3da09ef:MiniMax-M3,MiniMax-M3,False,"Prompt, payload or response hash differs"
021c08e1e0ec00dc3cb6:deepseek-v4-pro,deepseek-v4-pro,False,"Prompt, payload or response hash differs"
3af98773165084c69dd5:deepseek-v4-pro,deepseek-v4-pro,False,"Prompt, payload or response hash differs"
be6bc61d9fb09354e677:deepseek-v4-pro,deepseek-v4-pro,False,"Prompt, payload or response hash differs"
5670e3be817ec8c4f817:deepseek-v4-pro,deepseek-v4-pro,False,"Prompt, payload or response hash differs"
a020a92328e891cdffbf:MiniMax-M3,MiniMax-M3,False,"Prompt, payload or response hash differs"
da6eedec872a3ad81aa0:MiniMax-M3,MiniMax-M3,False,"Prompt, payload or response hash differs"
f28dc7d251120ade0e88:MiniMax-M3,MiniMax-M3,False,"Prompt, payload or response hash differs"
cb1022a69e165a5b1bef:MiniMax-M3,MiniMax-M3,False,"Prompt, payload or response hash differs"
5b0e7e7160e871c54151:deepseek-v4-pro,deepseek-v4-pro,False,"Prompt, payload or response hash differs"
999a1bbf48cdc9e97eff:MiniMax-M3,MiniMax-M3,False,"Prompt, payload or response hash differs"
aa166a1a0cf9ea33fbc3:MiniMax-M3,MiniMax-M3,False,"Prompt, payload or response hash differs"
74a489178668c1979cd6:MiniMax-M3,MiniMax-M3,False,"Prompt, payload or response hash differs"
852b77977c94f642522e:MiniMax-M3,MiniMax-M3,False,"Prompt, payload or response hash differs"
37ed13c34907e790138a:deepseek-v4-pro,deepseek-v4-pro,False,"Prompt, payload or response hash differs"
1336590a800d89158f21:MiniMax-M3,MiniMax-M3,False,"Prompt, payload or response hash differs"
9543d52ed85269f2554c:MiniMax-M3,MiniMax-M3,False,"Prompt, payload or response hash differs"
5798d833c474b20f78d9:MiniMax-M3,MiniMax-M3,False,"Prompt, payload or response hash differs"
bc5bead8485e5dc59441:deepseek-v4-pro,deepseek-v4-pro,False,"Prompt, payload or response hash differs"
023d81c3f2bf12e739f9:MiniMax-M3,MiniMax-M3,False,"Prompt, payload or response hash differs"
9a33d2b80a4d265f6a6d:MiniMax-M3,MiniMax-M3,False,"Prompt, payload or response hash differs"
808625874f605d02708a:MiniMax-M3,MiniMax-M3,False,"Prompt, payload or response hash differs"
c75c45036443b29d6384:MiniMax-M3,MiniMax-M3,False,"Prompt, payload or response hash differs"
ab1ed3fde2765582e214:deepseek-v4-pro,deepseek-v4-pro,False,"Prompt, payload or response hash differs"
1364989cac0ffebae41b:MiniMax-M3,MiniMax-M3,False,"Prompt, payload or response hash differs"
b51c3d4e0cbc86e94920:deepseek-v4-pro,deepseek-v4-pro,False,"Prompt, payload or response hash differs"
1dc02a77d0561490d9fe:deepseek-v4-pro,deepseek-v4-pro,False,"Prompt, payload or response hash differs"
de6afc83abf939e75205:deepseek-v4-pro,deepseek-v4-pro,False,"Prompt, payload or response hash differs"
88a7028945a342a1ec25:MiniMax-M3,MiniMax-M3,False,"Prompt, payload or response hash differs"
51219e9fb57ffd6fdb26:deepseek-v4-pro,deepseek-v4-pro,False,"Prompt, payload or response hash differs"
309bb778abc15abe2c7d:deepseek-v4-pro,deepseek-v4-pro,False,"Prompt, payload or response hash differs"
b6132e8887aa0976666f:MiniMax-M3,MiniMax-M3,False,"Prompt, payload or response hash differs"
c792994727879c16b03e:MiniMax-M3,MiniMax-M3,False,"Prompt, payload or response hash differs"
818c7cc6c9adbf11ee1c:deepseek-v4-pro,deepseek-v4-pro,False,"Prompt, payload or response hash differs"
c0619db4c1c734ea1e57:deepseek-v4-pro,deepseek-v4-pro,False,"Prompt, payload or response hash differs"
e296c105c3ec6781f892:MiniMax-M3,MiniMax-M3,False,"Prompt, payload or response hash differs"
2a4f780711169ca59d09:deepseek-v4-pro,deepseek-v4-pro,False,"Prompt, payload or response hash differs"
fb011a071441956cd656:deepseek-v4-pro,deepseek-v4-pro,False,"Prompt, payload or response hash differs"
fbedfa84fe52be99bfd5:MiniMax-M3,MiniMax-M3,False,"Prompt, payload or response hash differs"
84cd458eebf2bc46c72e:MiniMax-M3,MiniMax-M3,False,"Prompt, payload or response hash differs"
1b9525ae437c1d12692d:MiniMax-M3,MiniMax-M3,False,"Prompt, payload or response hash differs"
4b64c2055ed1aeb8c61d:deepseek-v4-pro,deepseek-v4-pro,False,"Prompt, payload or response hash differs"
db21d6a7852914783951:MiniMax-M3,MiniMax-M3,False,"Prompt, payload or response hash differs"
632d3e78b0e470f865fc:MiniMax-M3,MiniMax-M3,False,"Prompt, payload or response hash differs"
28d2af7c755e28885841:deepseek-v4-pro,deepseek-v4-pro,False,"Prompt, payload or response hash differs"
cc1757cc608df6a82131:MiniMax-M3,MiniMax-M3,False,"Prompt, payload or response hash differs"
7870bc46b5cf6d9eb0bf:deepseek-v4-pro,deepseek-v4-pro,False,"Prompt, payload or response hash differs"
916221819ebd3d9d1bba:MiniMax-M3,MiniMax-M3,False,"Prompt, payload or response hash differs"
50c83cca7c322e39f3e7:MiniMax-M3,MiniMax-M3,False,"Prompt, payload or response hash differs"
495ab7b295e2a77b4387:deepseek-v4-pro,deepseek-v4-pro,False,"Prompt, payload or response hash differs"
e9b25dedc1c19e864437:deepseek-v4-pro,deepseek-v4-pro,False,"Prompt, payload or response hash differs"
cf87b0b25cad3a23e2be:deepseek-v4-pro,deepseek-v4-pro,False,"Prompt, payload or response hash differs"
2a777e55e3e7a1981a67:deepseek-v4-pro,deepseek-v4-pro,False,"Prompt, payload or response hash differs"
a0542c5015742e54278f:MiniMax-M3,MiniMax-M3,False,"Prompt, payload or response hash differs"
e2867b10bd012ca09dd7:deepseek-v4-pro,deepseek-v4-pro,False,"Prompt, payload or response hash differs"
b7e86a60ac3a295ae45e:MiniMax-M3,MiniMax-M3,False,"Prompt, payload or response hash differs"
f90ad286ef5ade08ed0c:deepseek-v4-pro,deepseek-v4-pro,False,"Prompt, payload or response hash differs"
219884de1e3f2da5d946:MiniMax-M3,MiniMax-M3,False,"Prompt, payload or response hash differs"
ab3f819fdfee96513ffb:deepseek-v4-pro,deepseek-v4-pro,False,"Prompt, payload or response hash differs"
deeb83cfdaa0237e04da:deepseek-v4-pro,deepseek-v4-pro,False,"Prompt, payload or response hash differs"
ac3440be03db0069d243:MiniMax-M3,MiniMax-M3,False,"Prompt, payload or response hash differs"
5485db48ce1ac42f45f1:MiniMax-M3,MiniMax-M3,False,"Prompt, payload or response hash differs"
004f85a412228a03d667:deepseek-v4-pro,deepseek-v4-pro,False,"Prompt, payload or response hash differs"
9256650676984fef8d0d:deepseek-v4-pro,deepseek-v4-pro,False,"Prompt, payload or response hash differs"
af561ecfabe19df8a156:deepseek-v4-pro,deepseek-v4-pro,False,"Prompt, payload or response hash differs"
5988c6d02b50deb1cc65:deepseek-v4-pro,deepseek-v4-pro,False,"Prompt, payload or response hash differs"
b2e148a39bb49ac72da5:deepseek-v4-pro,deepseek-v4-pro,False,"Prompt, payload or response hash differs"
34d3abbf1b17ff5ded9b:deepseek-v4-pro,deepseek-v4-pro,False,"Prompt, payload or response hash differs"
e3f141391c95f6c771f6:MiniMax-M3,MiniMax-M3,False,"Prompt, payload or response hash differs"
5fafa11c06f1dc8b2285:deepseek-v4-pro,deepseek-v4-pro,False,"Prompt, payload or response hash differs"
8f68a9252b6e0d52448b:MiniMax-M3,MiniMax-M3,False,"Prompt, payload or response hash differs"
5c951e0e8d77cdb58e2a:MiniMax-M3,MiniMax-M3,False,"Prompt, payload or response hash differs"
14a634451b34518fff84:MiniMax-M3,MiniMax-M3,False,"Prompt, payload or response hash differs"
0d7622ab6b9ca3026dee:MiniMax-M3,MiniMax-M3,False,"Prompt, payload or response hash differs"
6088c2b475f551190065:deepseek-v4-pro,deepseek-v4-pro,False,"Prompt, payload or response hash differs"
24d69c488291545c7d3d:MiniMax-M3,MiniMax-M3,False,"Prompt, payload or response hash differs"
5a62349c600034d067b5:MiniMax-M3,MiniMax-M3,False,"Prompt, payload or response hash differs"
425f8b555144d59c7d70:MiniMax-M3,MiniMax-M3,False,"Prompt, payload or response hash differs"
ed995a4a14d19a8bb67b:MiniMax-M3,MiniMax-M3,False,"Prompt, payload or response hash differs"
99b141ff7f5e8c3ad7dc:MiniMax-M3,MiniMax-M3,False,"Prompt, payload or response hash differs"
01dda374bc7b8b3ec479:deepseek-v4-pro,deepseek-v4-pro,False,"Prompt, payload or response hash differs"
61b0af7d6c18237b88bf:MiniMax-M3,MiniMax-M3,False,"Prompt, payload or response hash differs"
b84a954d8608356e93ff:deepseek-v4-pro,deepseek-v4-pro,False,"Prompt, payload or response hash differs"
6fcbab0be70d31ade48e:MiniMax-M3,MiniMax-M3,False,"Prompt, payload or response hash differs"
ca55f0a2104097b0deca:MiniMax-M3,MiniMax-M3,False,"Prompt, payload or response hash differs"
3390831431e335345e81:MiniMax-M3,MiniMax-M3,False,"Prompt, payload or response hash differs"
91c56a896f840c4a70a2:deepseek-v4-pro,deepseek-v4-pro,False,"Prompt, payload or response hash differs"
8d2b5e3c854217c0f61d:MiniMax-M3,MiniMax-M3,False,"Prompt, payload or response hash differs"
42eeff7610960bbbaa3e:deepseek-v4-pro,deepseek-v4-pro,False,"Prompt, payload or response hash differs"
17672ca6adf5084055de:deepseek-v4-pro,deepseek-v4-pro,False,"Prompt, payload or response hash differs"
67e40cbe2ef393b5629d:MiniMax-M3,MiniMax-M3,False,"Prompt, payload or response hash differs"
243577fe45d2bd8757a1:MiniMax-M3,MiniMax-M3,False,"Prompt, payload or response hash differs"
20ffac69724e00510d35:deepseek-v4-pro,deepseek-v4-pro,False,"Prompt, payload or response hash differs"
886b32b6052fbab0a3a0:deepseek-v4-pro,deepseek-v4-pro,False,"Prompt, payload or response hash differs"
ce9835509d93f916de25:deepseek-v4-pro,deepseek-v4-pro,False,"Prompt, payload or response hash differs"
5531d9c424a1aad1ff20:deepseek-v4-pro,deepseek-v4-pro,False,"Prompt, payload or response hash differs"
808625874f605d02708a:deepseek-v4-pro,deepseek-v4-pro,False,"Prompt, payload or response hash differs"
8a62bf0d04ad226c0c72:MiniMax-M3,MiniMax-M3,False,"Prompt, payload or response hash differs"
b6200c3d8a640a331b38:MiniMax-M3,MiniMax-M3,False,"Prompt, payload or response hash differs"
b2e148a39bb49ac72da5:MiniMax-M3,MiniMax-M3,False,"Prompt, payload or response hash differs"
0f73f75c809f5bd3abd6:MiniMax-M3,MiniMax-M3,False,"Prompt, payload or response hash differs"
760b918e959bcfb3ea03:MiniMax-M3,MiniMax-M3,False,"Prompt, payload or response hash differs"
957d5645f05c9c297dbf:MiniMax-M3,MiniMax-M3,False,"Prompt, payload or response hash differs"
a539a4528e969d5dbd93:deepseek-v4-pro,deepseek-v4-pro,False,"Prompt, payload or response hash differs"
aaf29c5f0c516ecbd900:deepseek-v4-pro,deepseek-v4-pro,False,"Prompt, payload or response hash differs"
5ac9225120d9158cfa34:deepseek-v4-pro,deepseek-v4-pro,False,"Prompt, payload or response hash differs"
f096f46124de05434a3d:MiniMax-M3,MiniMax-M3,False,"Prompt, payload or response hash differs"
798d628f733d6b5e348d:deepseek-v4-pro,deepseek-v4-pro,False,"Prompt, payload or response hash differs"
c4e9cb81a2387a774607:MiniMax-M3,MiniMax-M3,False,"Prompt, payload or response hash differs"
9ff77459b32c175ed5ab:MiniMax-M3,MiniMax-M3,False,"Prompt, payload or response hash differs"
c91e199d31bb13082103:MiniMax-M3,MiniMax-M3,False,"Prompt, payload or response hash differs"
9bd235862f03203795dc:deepseek-v4-pro,deepseek-v4-pro,False,"Prompt, payload or response hash differs"
774489bb0750989c5b51:deepseek-v4-pro,deepseek-v4-pro,False,"Prompt, payload or response hash differs"
ed5349bae40346de9224:deepseek-v4-pro,deepseek-v4-pro,False,"Prompt, payload or response hash differs"
ab0045e09ca9d05b571b:MiniMax-M3,MiniMax-M3,False,"Prompt, payload or response hash differs"
72d0e3f6731d8abcad5e:deepseek-v4-pro,deepseek-v4-pro,False,"Prompt, payload or response hash differs"
17672ca6adf5084055de:MiniMax-M3,MiniMax-M3,False,"Prompt, payload or response hash differs"
2adbe376e88e52cbc912:MiniMax-M3,MiniMax-M3,False,"Prompt, payload or response hash differs"
ba20ccb996fd19b35446:MiniMax-M3,MiniMax-M3,False,"Prompt, payload or response hash differs"
9a3184e2e03b12bdf38d:MiniMax-M3,MiniMax-M3,False,"Prompt, payload or response hash differs"
7c61d76705b3068f372d:MiniMax-M3,MiniMax-M3,False,"Prompt, payload or response hash differs"
e6d313d630d4bb3d9911:deepseek-v4-pro,deepseek-v4-pro,False,"Prompt, payload or response hash differs"
7936660bb9b3e44dac6f:deepseek-v4-pro,deepseek-v4-pro,False,"Prompt, payload or response hash differs"
0fee92dd5640e80cbc2d:MiniMax-M3,MiniMax-M3,False,"Prompt, payload or response hash differs"
1d916d2cf9cf475434f5:deepseek-v4-pro,deepseek-v4-pro,False,"Prompt, payload or response hash differs"
b66e6be68ee553f79fc4:deepseek-v4-pro,deepseek-v4-pro,False,"Prompt, payload or response hash differs"
4cfd62999ef902fb7cdb:MiniMax-M3,MiniMax-M3,False,"Prompt, payload or response hash differs"
c2717371baf8803c01f8:deepseek-v4-pro,deepseek-v4-pro,False,"Prompt, payload or response hash differs"
3b949c03e4502918f630:deepseek-v4-pro,deepseek-v4-pro,False,"Prompt, payload or response hash differs"
30be5677f64600ca37c4:MiniMax-M3,MiniMax-M3,False,"Prompt, payload or response hash differs"
a5e6cb4a7edb16db3093:deepseek-v4-pro,deepseek-v4-pro,False,"Prompt, payload or response hash differs"
da6eff00520d43189ad6:deepseek-v4-pro,deepseek-v4-pro,False,"Prompt, payload or response hash differs"
62cd53f650afd0aa841d:MiniMax-M3,MiniMax-M3,False,"Prompt, payload or response hash differs"
6081a3b528a9e2e97d04:deepseek-v4-pro,deepseek-v4-pro,False,"Prompt, payload or response hash differs"
0bc4e5e56241db50d60e:deepseek-v4-pro,deepseek-v4-pro,False,"Prompt, payload or response hash differs"
f7c0d6bf3b50eefa3fad:deepseek-v4-pro,deepseek-v4-pro,False,"Prompt, payload or response hash differs"
16e219e25d498d650b42:deepseek-v4-pro,deepseek-v4-pro,False,"Prompt, payload or response hash differs"
db26718d55f077669d53:deepseek-v4-pro,deepseek-v4-pro,False,"Prompt, payload or response hash differs"
75eaaed042a7e99596a0:MiniMax-M3,MiniMax-M3,False,"Prompt, payload or response hash differs"
0674bc09d638a799c2d2:MiniMax-M3,MiniMax-M3,False,"Prompt, payload or response hash differs"
6da0035a548c701737b7:deepseek-v4-pro,deepseek-v4-pro,False,"Prompt, payload or response hash differs"
cb37a94425b129e9a600:deepseek-v4-pro,deepseek-v4-pro,False,"Prompt, payload or response hash differs"
7738963c4ef190309f3c:MiniMax-M3,MiniMax-M3,False,"Prompt, payload or response hash differs"
00d3750966ff5613fb5a:deepseek-v4-pro,deepseek-v4-pro,False,"Prompt, payload or response hash differs"
50eb487299dde7314f69:MiniMax-M3,MiniMax-M3,False,"Prompt, payload or response hash differs"
fbcaae7ef8401ee1896e:MiniMax-M3,MiniMax-M3,False,"Prompt, payload or response hash differs"
728431f178c296123a8b:MiniMax-M3,MiniMax-M3,False,"Prompt, payload or response hash differs"
800312525709af74ac74:MiniMax-M3,MiniMax-M3,False,"Prompt, payload or response hash differs"
6c43e108127c9658d8b1:MiniMax-M3,MiniMax-M3,False,"Prompt, payload or response hash differs"
7c9995f92522621d2ed1:deepseek-v4-pro,deepseek-v4-pro,False,"Prompt, payload or response hash differs"
da1ae7c6c953126b3e0e:deepseek-v4-pro,deepseek-v4-pro,False,"Prompt, payload or response hash differs"
056e0a6d161ddda24be1:deepseek-v4-pro,deepseek-v4-pro,False,"Prompt, payload or response hash differs"
adb573a522e81cb19dc9:deepseek-v4-pro,deepseek-v4-pro,False,"Prompt, payload or response hash differs"
9672838bdfc20bf3a97c:MiniMax-M3,MiniMax-M3,False,"Prompt, payload or response hash differs"
da0bbf5412de7254093b:MiniMax-M3,MiniMax-M3,False,"Prompt, payload or response hash differs"
c7fd1461e6aae801775a:deepseek-v4-pro,deepseek-v4-pro,False,"Prompt, payload or response hash differs"
6088c2b475f551190065:MiniMax-M3,MiniMax-M3,False,"Prompt, payload or response hash differs"
b09cbb8c134fac160fdd:deepseek-v4-pro,deepseek-v4-pro,False,"Prompt, payload or response hash differs"
fcf5c437f28fc9ea666f:MiniMax-M3,MiniMax-M3,False,"Prompt, payload or response hash differs"
69cdc5b7bf919af508cd:MiniMax-M3,MiniMax-M3,False,"Prompt, payload or response hash differs"
701043bcd9f9b3fa3055:MiniMax-M3,MiniMax-M3,False,"Prompt, payload or response hash differs"
862a32bea516f8ca98eb:deepseek-v4-pro,deepseek-v4-pro,False,"Prompt, payload or response hash differs"
f8ecebb126d20c47627f:MiniMax-M3,MiniMax-M3,False,"Prompt, payload or response hash differs"
a04472cea8d7b3b2a13b:deepseek-v4-pro,deepseek-v4-pro,False,"Prompt, payload or response hash differs"
710064b7398092fe3d93:MiniMax-M3,MiniMax-M3,False,"Prompt, payload or response hash differs"
fd6ef6dd43895fb5b818:deepseek-v4-pro,deepseek-v4-pro,False,"Prompt, payload or response hash differs"
7c9995f92522621d2ed1:MiniMax-M3,MiniMax-M3,False,"Prompt, payload or response hash differs"
b3f7a0fd8f64dc59fbba:MiniMax-M3,MiniMax-M3,False,"Prompt, payload or response hash differs"
5798d833c474b20f78d9:deepseek-v4-pro,deepseek-v4-pro,False,"Prompt, payload or response hash differs"
9ce0bd86788b92285c8b:deepseek-v4-pro,deepseek-v4-pro,False,"Prompt, payload or response hash differs"
9ceea5359ce2d3a36592:deepseek-v4-pro,deepseek-v4-pro,False,"Prompt, payload or response hash differs"
505395969a58a04b4d8c:deepseek-v4-pro,deepseek-v4-pro,False,"Prompt, payload or response hash differs"
cd0329b43846aa2ed1ab:deepseek-v4-pro,deepseek-v4-pro,False,"Prompt, payload or response hash differs"
adf6db9c70d4795bd9ec:MiniMax-M3,MiniMax-M3,False,"Prompt, payload or response hash differs"
ad4cd373a499e5b57cda:MiniMax-M3,MiniMax-M3,False,"Prompt, payload or response hash differs"
67580cd6c9f07bb1ceab:deepseek-v4-pro,deepseek-v4-pro,False,"Prompt, payload or response hash differs"
881fe1eee1083c05f482:MiniMax-M3,MiniMax-M3,False,"Prompt, payload or response hash differs"
87b015e20231a9447362:MiniMax-M3,MiniMax-M3,False,"Prompt, payload or response hash differs"
8a806bcbe3439fca2a23:MiniMax-M3,MiniMax-M3,False,"Prompt, payload or response hash differs"
45e7c7f81324b4645d6a:deepseek-v4-pro,deepseek-v4-pro,False,"Prompt, payload or response hash differs"
19ed815f2486b11c46b2:deepseek-v4-pro,deepseek-v4-pro,False,"Prompt, payload or response hash differs"
5cc96a70968ee457a6d8:deepseek-v4-pro,deepseek-v4-pro,False,"Prompt, payload or response hash differs"
cd0329b43846aa2ed1ab:MiniMax-M3,MiniMax-M3,False,"Prompt, payload or response hash differs"
a73f6a157c4da46ffccf:deepseek-v4-pro,deepseek-v4-pro,False,"Prompt, payload or response hash differs"
72ae1b57661789cb6dca:deepseek-v4-pro,deepseek-v4-pro,False,"Prompt, payload or response hash differs"
cba1aecb927b10de0d73:MiniMax-M3,MiniMax-M3,False,"Prompt, payload or response hash differs"
c6213a0d68d98ad2b8f1:deepseek-v4-pro,deepseek-v4-pro,False,"Prompt, payload or response hash differs"
a1ac0dc876afd970c865:MiniMax-M3,MiniMax-M3,False,"Prompt, payload or response hash differs"
0b16c63250219e03b615:MiniMax-M3,MiniMax-M3,False,"Prompt, payload or response hash differs"
cc7891343ddc201ef15e:MiniMax-M3,MiniMax-M3,False,"Prompt, payload or response hash differs"
030a9b61caf6713e7003:deepseek-v4-pro,deepseek-v4-pro,False,"Prompt, payload or response hash differs"
b243a059861dba3a08e0:deepseek-v4-pro,deepseek-v4-pro,False,"Prompt, payload or response hash differs"
36e6dad7f1870e75c1e9:MiniMax-M3,MiniMax-M3,False,"Prompt, payload or response hash differs"
c3a072a90b5a2a23c7b8:MiniMax-M3,MiniMax-M3,False,"Prompt, payload or response hash differs"
62673b755b737b07903a:deepseek-v4-pro,deepseek-v4-pro,False,"Prompt, payload or response hash differs"
e5512343d80c07302ea9:MiniMax-M3,MiniMax-M3,False,"Prompt, payload or response hash differs"
dab102c530f3ed242ec8:MiniMax-M3,MiniMax-M3,False,"Prompt, payload or response hash differs"
b714840c4959abd27ab4:MiniMax-M3,MiniMax-M3,False,"Prompt, payload or response hash differs"
5f5f04cdefa75f7ba19e:MiniMax-M3,MiniMax-M3,False,"Prompt, payload or response hash differs"
a508433f12600ab2faf8:deepseek-v4-pro,deepseek-v4-pro,False,"Prompt, payload or response hash differs"
100aca9045b5dd006fd1:MiniMax-M3,MiniMax-M3,False,"Prompt, payload or response hash differs"
728431f178c296123a8b:deepseek-v4-pro,deepseek-v4-pro,False,"Prompt, payload or response hash differs"
878efb239ccfac1a6766:MiniMax-M3,MiniMax-M3,False,"Prompt, payload or response hash differs"
38d2e53f525a5bc17982:deepseek-v4-pro,deepseek-v4-pro,False,"Prompt, payload or response hash differs"
8b6c9d1d1bcb44675e13:deepseek-v4-pro,deepseek-v4-pro,False,"Prompt, payload or response hash differs"
7a88c5e909509d5f01a7:MiniMax-M3,MiniMax-M3,False,"Prompt, payload or response hash differs"
b1d7d6779687891e6791:deepseek-v4-pro,deepseek-v4-pro,False,"Prompt, payload or response hash differs"
e12b582ae3bf556c9a40:MiniMax-M3,MiniMax-M3,False,"Prompt, payload or response hash differs"
842a1a3fb1fe4a486d4c:deepseek-v4-pro,deepseek-v4-pro,False,"Prompt, payload or response hash differs"
84f2af0ff3b21e22a13a:MiniMax-M3,MiniMax-M3,False,"Prompt, payload or response hash differs"
a030f81279a1faa9bf82:deepseek-v4-pro,deepseek-v4-pro,False,"Prompt, payload or response hash differs"
fcff177a911403f1d098:deepseek-v4-pro,deepseek-v4-pro,False,"Prompt, payload or response hash differs"
9c2c01fcc109a2e9fdc5:MiniMax-M3,MiniMax-M3,False,"Prompt, payload or response hash differs"
341bb5f090e4e0b9e489:deepseek-v4-pro,deepseek-v4-pro,False,"Prompt, payload or response hash differs"
6cdc24859f8c84fc25bf:deepseek-v4-pro,deepseek-v4-pro,False,"Prompt, payload or response hash differs"
6da0035a548c701737b7:MiniMax-M3,MiniMax-M3,False,"Prompt, payload or response hash differs"
9bf8ce9ae6ec37e1c1b9:MiniMax-M3,MiniMax-M3,False,"Prompt, payload or response hash differs"
fd001b5c7c7d0e03e677:deepseek-v4-pro,deepseek-v4-pro,False,"Prompt, payload or response hash differs"
ed55525771444eedde3f:deepseek-v4-pro,deepseek-v4-pro,False,"Prompt, payload or response hash differs"
e31dce3a847bbeb19905:deepseek-v4-pro,deepseek-v4-pro,False,"Prompt, payload or response hash differs"
81a641d50b1ab4395be1:MiniMax-M3,MiniMax-M3,False,"Prompt, payload or response hash differs"
54ab3835e946137678d6:MiniMax-M3,MiniMax-M3,False,"Prompt, payload or response hash differs"
f08257b2fc980cf037fe:MiniMax-M3,MiniMax-M3,False,"Prompt, payload or response hash differs"
8c36dc86a6a16d9ce3f4:deepseek-v4-pro,deepseek-v4-pro,False,"Prompt, payload or response hash differs"
a76fc880ea4d732f839c:deepseek-v4-pro,deepseek-v4-pro,False,"Prompt, payload or response hash differs"
7936660bb9b3e44dac6f:MiniMax-M3,MiniMax-M3,False,"Prompt, payload or response hash differs"
af39cc257ccc8acf60c8:MiniMax-M3,MiniMax-M3,False,"Prompt, payload or response hash differs"
b4e746efba71e4047bec:deepseek-v4-pro,deepseek-v4-pro,False,"Prompt, payload or response hash differs"
994496a55b90e594a6f4:deepseek-v4-pro,deepseek-v4-pro,False,"Prompt, payload or response hash differs"
243577fe45d2bd8757a1:deepseek-v4-pro,deepseek-v4-pro,False,"Prompt, payload or response hash differs"
9837f743e949b39b7f84:deepseek-v4-pro,deepseek-v4-pro,False,"Prompt, payload or response hash differs"
1170895d2dc398475a72:MiniMax-M3,MiniMax-M3,False,"Prompt, payload or response hash differs"
717669a1a77d483c33cd:MiniMax-M3,MiniMax-M3,False,"Prompt, payload or response hash differs"
6b024497b5b8f2cd6a42:deepseek-v4-pro,deepseek-v4-pro,False,"Prompt, payload or response hash differs"
a78bc8f7ad78a32c16fa:MiniMax-M3,MiniMax-M3,False,"Prompt, payload or response hash differs"
46f040999edcc50f1e2d:deepseek-v4-pro,deepseek-v4-pro,False,"Prompt, payload or response hash differs"
17e1f358059e67fe4fee:MiniMax-M3,MiniMax-M3,False,"Prompt, payload or response hash differs"
7c2b27d33b2993b00ba1:MiniMax-M3,MiniMax-M3,False,"Prompt, payload or response hash differs"
5cf912c43c5f5a379ba7:MiniMax-M3,MiniMax-M3,False,"Prompt, payload or response hash differs"
4cd824d3a9d46c189953:MiniMax-M3,MiniMax-M3,False,"Prompt, payload or response hash differs"
7e7d99c13d06be969b07:MiniMax-M3,MiniMax-M3,False,"Prompt, payload or response hash differs"
bde8e20b7e49daf52439:MiniMax-M3,MiniMax-M3,False,"Prompt, payload or response hash differs"
d44d46d80e7863acb982:MiniMax-M3,MiniMax-M3,False,"Prompt, payload or response hash differs"
085a34cfd3ce44372b6f:deepseek-v4-pro,deepseek-v4-pro,False,"Prompt, payload or response hash differs"
1710274f51a3cf625f33:MiniMax-M3,MiniMax-M3,False,"Prompt, payload or response hash differs"
f2ab8d34ee7fdea7b914:deepseek-v4-pro,deepseek-v4-pro,False,"Prompt, payload or response hash differs"
d076f7830c2dc2df85d5:MiniMax-M3,MiniMax-M3,False,"Prompt, payload or response hash differs"
5d998248fee4b148b813:deepseek-v4-pro,deepseek-v4-pro,False,"Prompt, payload or response hash differs"
367b02723d3c68e462d3:MiniMax-M3,MiniMax-M3,False,"Prompt, payload or response hash differs"
ea042cd1d716d9bcf490:deepseek-v4-pro,deepseek-v4-pro,False,"Prompt, payload or response hash differs"
87f2abd7cc3f09f130b6:MiniMax-M3,MiniMax-M3,False,"Prompt, payload or response hash differs"
093df7dab40a8b49d8eb:deepseek-v4-pro,deepseek-v4-pro,False,"Prompt, payload or response hash differs"
ab415654c0080b3ad8c8:MiniMax-M3,MiniMax-M3,False,"Prompt, payload or response hash differs"
69788a098c97970012b1:MiniMax-M3,MiniMax-M3,False,"Prompt, payload or response hash differs"
c3a072a90b5a2a23c7b8:deepseek-v4-pro,deepseek-v4-pro,False,"Prompt, payload or response hash differs"
0e93bd27db5a59be5211:deepseek-v4-pro,deepseek-v4-pro,False,"Prompt, payload or response hash differs"
9fd23f41e19f91ca4f9d:deepseek-v4-pro,deepseek-v4-pro,False,"Prompt, payload or response hash differs"
5236101df160f5b2d540:deepseek-v4-pro,deepseek-v4-pro,False,"Prompt, payload or response hash differs"
d0ca5962a45762bc129f:MiniMax-M3,MiniMax-M3,False,"Prompt, payload or response hash differs"
f3582e295d790961f134:MiniMax-M3,MiniMax-M3,False,"Prompt, payload or response hash differs"
ff1ee866b304a201b15f:deepseek-v4-pro,deepseek-v4-pro,False,"Prompt, payload or response hash differs"
1be4121d82277527bd23:MiniMax-M3,MiniMax-M3,False,"Prompt, payload or response hash differs"
beabc723bab1c3a18afc:deepseek-v4-pro,deepseek-v4-pro,False,"Prompt, payload or response hash differs"
62a9595eaaa6490dae40:deepseek-v4-pro,deepseek-v4-pro,False,"Prompt, payload or response hash differs"
b5815156f35aab33ae0a:MiniMax-M3,MiniMax-M3,False,"Prompt, payload or response hash differs"
eb5ac36c4470c928faf7:MiniMax-M3,MiniMax-M3,False,"Prompt, payload or response hash differs"
80b510a951d09da2614c:deepseek-v4-pro,deepseek-v4-pro,False,"Prompt, payload or response hash differs"
2e5b1df763c1311b79d8:deepseek-v4-pro,deepseek-v4-pro,False,"Prompt, payload or response hash differs"
0969127c7b6e91085590:deepseek-v4-pro,deepseek-v4-pro,False,"Prompt, payload or response hash differs"
cd23a97ef1cad00b7b81:MiniMax-M3,MiniMax-M3,False,"Prompt, payload or response hash differs"
870e1372cabc1eec25d6:deepseek-v4-pro,deepseek-v4-pro,False,"Prompt, payload or response hash differs"
4d07f3d1d0f9afc65698:deepseek-v4-pro,deepseek-v4-pro,False,"Prompt, payload or response hash differs"
36eae3d8781b60c9fa4c:MiniMax-M3,MiniMax-M3,False,"Prompt, payload or response hash differs"
4ea22ca8418399cc575e:deepseek-v4-pro,deepseek-v4-pro,False,"Prompt, payload or response hash differs"
13ad7ba9a1c090c69a21:deepseek-v4-pro,deepseek-v4-pro,False,"Prompt, payload or response hash differs"
df93bacfe71d330a2bcb:deepseek-v4-pro,deepseek-v4-pro,False,"Prompt, payload or response hash differs"
1be4121d82277527bd23:deepseek-v4-pro,deepseek-v4-pro,False,"Prompt, payload or response hash differs"
67580cd6c9f07bb1ceab:MiniMax-M3,MiniMax-M3,False,"Prompt, payload or response hash differs"
5cb3bd040bb81fc1662e:deepseek-v4-pro,deepseek-v4-pro,False,"Prompt, payload or response hash differs"
12fdae669530708bf7e6:deepseek-v4-pro,deepseek-v4-pro,False,"Prompt, payload or response hash differs"
0d6a8b8bea035362d467:MiniMax-M3,MiniMax-M3,False,"Prompt, payload or response hash differs"
d8b7d3ecb0bb847a0967:deepseek-v4-pro,deepseek-v4-pro,False,"Prompt, payload or response hash differs"
9313816510512294f3e9:deepseek-v4-pro,deepseek-v4-pro,False,"Prompt, payload or response hash differs"
c76aa7f32997cce102d6:deepseek-v4-pro,deepseek-v4-pro,False,"Prompt, payload or response hash differs"
39e10849b8e690b5e103:MiniMax-M3,MiniMax-M3,False,"Prompt, payload or response hash differs"
624c33b2fa00a0915cda:MiniMax-M3,MiniMax-M3,False,"Prompt, payload or response hash differs"
9ac57bc116e8acfe4d54:deepseek-v4-pro,deepseek-v4-pro,False,"Prompt, payload or response hash differs"
16e219e25d498d650b42:MiniMax-M3,MiniMax-M3,False,"Prompt, payload or response hash differs"
7bef5ce8a0becd5d9515:MiniMax-M3,MiniMax-M3,False,"Prompt, payload or response hash differs"
b966090f1d3133b7c349:MiniMax-M3,MiniMax-M3,False,"Prompt, payload or response hash differs"
53d7bd34ccb528c9f5c0:MiniMax-M3,MiniMax-M3,False,"Prompt, payload or response hash differs"
0c2f35adf2b2fd60250f:MiniMax-M3,MiniMax-M3,False,"Prompt, payload or response hash differs"
f42b9d3f68ab34ba42c4:MiniMax-M3,MiniMax-M3,False,"Prompt, payload or response hash differs"
f813473fc4d64c039cd8:deepseek-v4-pro,deepseek-v4-pro,False,"Prompt, payload or response hash differs"
4cd824d3a9d46c189953:deepseek-v4-pro,deepseek-v4-pro,False,"Prompt, payload or response hash differs"
d83d3853f5c7bc77b08d:deepseek-v4-pro,deepseek-v4-pro,False,"Prompt, payload or response hash differs"
3e8b7b03abdad190c524:MiniMax-M3,MiniMax-M3,False,"Prompt, payload or response hash differs"
2bf63491870fad6fa7c0:deepseek-v4-pro,deepseek-v4-pro,False,"Prompt, payload or response hash differs"
3fd00541a706fbfbe110:MiniMax-M3,MiniMax-M3,False,"Prompt, payload or response hash differs"
966958c95335a8d6480e:MiniMax-M3,MiniMax-M3,False,"Prompt, payload or response hash differs"
dbdd3d703ea2c1c8a0ee:deepseek-v4-pro,deepseek-v4-pro,False,"Prompt, payload or response hash differs"
0e9d6c0b9359c1c2c867:deepseek-v4-pro,deepseek-v4-pro,False,"Prompt, payload or response hash differs"
b6e09353223a20ed6d9d:MiniMax-M3,MiniMax-M3,False,"Prompt, payload or response hash differs"
17c6291c4978b4bfac94:deepseek-v4-pro,deepseek-v4-pro,False,"Prompt, payload or response hash differs"
a3a1bb7a05e2a3521446:MiniMax-M3,MiniMax-M3,False,"Prompt, payload or response hash differs"
0fee92dd5640e80cbc2d:deepseek-v4-pro,deepseek-v4-pro,False,"Prompt, payload or response hash differs"
a97d8c8a2ef424a9981f:deepseek-v4-pro,deepseek-v4-pro,False,"Prompt, payload or response hash differs"
852c2daa0424fd550f11:deepseek-v4-pro,deepseek-v4-pro,False,"Prompt, payload or response hash differs"
7350c174153a450aa7ab:MiniMax-M3,MiniMax-M3,False,"Prompt, payload or response hash differs"
5a1aa49301dec5076150:MiniMax-M3,MiniMax-M3,False,"Prompt, payload or response hash differs"
05edf28f2932852e988f:MiniMax-M3,MiniMax-M3,False,"Prompt, payload or response hash differs"
13ad7ba9a1c090c69a21:MiniMax-M3,MiniMax-M3,False,"Prompt, payload or response hash differs"
e688f51ea31214e0a56e:MiniMax-M3,MiniMax-M3,False,"Prompt, payload or response hash differs"
a3ef344d43ceba76d283:deepseek-v4-pro,deepseek-v4-pro,False,"Prompt, payload or response hash differs"
e80553c0e3856d952994:MiniMax-M3,MiniMax-M3,False,"Prompt, payload or response hash differs"
1e7b659e42050bd70001:deepseek-v4-pro,deepseek-v4-pro,False,"Prompt, payload or response hash differs"
c01673383d3838be235e:deepseek-v4-pro,deepseek-v4-pro,False,"Prompt, payload or response hash differs"
40c4d2dc9202c6b508ba:deepseek-v4-pro,deepseek-v4-pro,False,"Prompt, payload or response hash differs"
528a8d59ec4f3a60aff6:MiniMax-M3,MiniMax-M3,False,"Prompt, payload or response hash differs"
aabb865f782213748665:deepseek-v4-pro,deepseek-v4-pro,False,"Prompt, payload or response hash differs"
9fe5c2752051440b6f18:deepseek-v4-pro,deepseek-v4-pro,False,"Prompt, payload or response hash differs"
4bcb1723c052dd70c96a:MiniMax-M3,MiniMax-M3,False,"Prompt, payload or response hash differs"
b6057310c43c9a274373:MiniMax-M3,MiniMax-M3,False,"Prompt, payload or response hash differs"
11c8a53705298fcf9e42:deepseek-v4-pro,deepseek-v4-pro,False,"Prompt, payload or response hash differs"
b6363d4af5f6a9a9414a:MiniMax-M3,MiniMax-M3,False,"Prompt, payload or response hash differs"
a962d563e36353ab8715:deepseek-v4-pro,deepseek-v4-pro,False,"Prompt, payload or response hash differs"
803633716e1d0ffca88c:MiniMax-M3,MiniMax-M3,False,"Prompt, payload or response hash differs"
acf002180a8ceb99e37d:MiniMax-M3,MiniMax-M3,False,"Prompt, payload or response hash differs"
083b97fbadabd9e5d8d4:MiniMax-M3,MiniMax-M3,False,"Prompt, payload or response hash differs"
31936eb0c2b1a76c2db5:deepseek-v4-pro,deepseek-v4-pro,False,"Prompt, payload or response hash differs"
ff93cc4ab4ab2664a794:deepseek-v4-pro,deepseek-v4-pro,False,"Prompt, payload or response hash differs"
e0bc1ca4726c1e5ebce0:MiniMax-M3,MiniMax-M3,False,"Prompt, payload or response hash differs"
8c0c508537cb4f6773fe:deepseek-v4-pro,deepseek-v4-pro,False,"Prompt, payload or response hash differs"
eff4999ce08c7e2778ec:MiniMax-M3,MiniMax-M3,False,"Prompt, payload or response hash differs"
4fea0c9a70154b80d0f7:deepseek-v4-pro,deepseek-v4-pro,False,"Prompt, payload or response hash differs"
3c298ceca7749d90dc62:deepseek-v4-pro,deepseek-v4-pro,False,"Prompt, payload or response hash differs"
39d12409902467d150ae:deepseek-v4-pro,deepseek-v4-pro,False,"Prompt, payload or response hash differs"
9e1f2a4b4f0d94c06437:deepseek-v4-pro,deepseek-v4-pro,False,"Prompt, payload or response hash differs"
daf8aedbc5dfefff0071:deepseek-v4-pro,deepseek-v4-pro,False,"Prompt, payload or response hash differs"
ce315a0599ac717c3dad:deepseek-v4-pro,deepseek-v4-pro,False,"Prompt, payload or response hash differs"
cce7b79c1c95cdc74d5a:deepseek-v4-pro,deepseek-v4-pro,False,"Prompt, payload or response hash differs"
8855890d120f1625e5f8:deepseek-v4-pro,deepseek-v4-pro,False,"Prompt, payload or response hash differs"
47c8bb105e3c3d202e60:MiniMax-M3,MiniMax-M3,False,"Prompt, payload or response hash differs"
a29e6bebbede6f36f4f5:deepseek-v4-pro,deepseek-v4-pro,False,"Prompt, payload or response hash differs"
7e8c54c5e5952a9d8286:MiniMax-M3,MiniMax-M3,False,"Prompt, payload or response hash differs"
1b705e48580240124e4b:deepseek-v4-pro,deepseek-v4-pro,False,"Prompt, payload or response hash differs"
e2cf6cb49e9ef4e70ef9:deepseek-v4-pro,deepseek-v4-pro,False,"Prompt, payload or response hash differs"
3c334a3ae690f33c62cc:deepseek-v4-pro,deepseek-v4-pro,False,"Prompt, payload or response hash differs"
ff62dc8ef65b3e9da1d6:MiniMax-M3,MiniMax-M3,False,"Prompt, payload or response hash differs"
922de402f8dcd9675d17:MiniMax-M3,MiniMax-M3,False,"Prompt, payload or response hash differs"
c91e199d31bb13082103:deepseek-v4-pro,deepseek-v4-pro,False,"Prompt, payload or response hash differs"
a5e6cb4a7edb16db3093:MiniMax-M3,MiniMax-M3,False,"Prompt, payload or response hash differs"
eb92a2bb46af7ad24ad0:deepseek-v4-pro,deepseek-v4-pro,False,"Prompt, payload or response hash differs"
f9772e5f25ac54da7f4c:MiniMax-M3,MiniMax-M3,False,"Prompt, payload or response hash differs"
6d21521550c923ee9d7f:deepseek-v4-pro,deepseek-v4-pro,False,"Prompt, payload or response hash differs"
9bbfc713a7052c97109c:deepseek-v4-pro,deepseek-v4-pro,False,"Prompt, payload or response hash differs"
aeb281c44cc637fcef63:MiniMax-M3,MiniMax-M3,False,"Prompt, payload or response hash differs"
24d69c488291545c7d3d:deepseek-v4-pro,deepseek-v4-pro,False,"Prompt, payload or response hash differs"
8f68a9252b6e0d52448b:deepseek-v4-pro,deepseek-v4-pro,False,"Prompt, payload or response hash differs"
c4ec6f8b59fcc56f0d93:MiniMax-M3,MiniMax-M3,False,"Prompt, payload or response hash differs"
f9dfe504742694f782ae:MiniMax-M3,MiniMax-M3,False,"Prompt, payload or response hash differs"
97bbdba3df50cb2981f0:deepseek-v4-pro,deepseek-v4-pro,False,"Prompt, payload or response hash differs"
83ce394ffb5571202943:deepseek-v4-pro,deepseek-v4-pro,False,"Prompt, payload or response hash differs"
de1c8cecc2d02ff28e10:MiniMax-M3,MiniMax-M3,False,"Prompt, payload or response hash differs"
288466fd3659809c2019:deepseek-v4-pro,deepseek-v4-pro,False,"Prompt, payload or response hash differs"
3f371ead197f0c759e2e:deepseek-v4-pro,deepseek-v4-pro,False,"Prompt, payload or response hash differs"
8a2eba7e2d98379ec298:MiniMax-M3,MiniMax-M3,False,"Prompt, payload or response hash differs"
e3e5a0341210b5bd1fc0:MiniMax-M3,MiniMax-M3,False,"Prompt, payload or response hash differs"
ef8170d1e724927e81ac:deepseek-v4-pro,deepseek-v4-pro,False,"Prompt, payload or response hash differs"
650515b447021c60e1e2:MiniMax-M3,MiniMax-M3,False,"Prompt, payload or response hash differs"
9b2af566186d894c1991:MiniMax-M3,MiniMax-M3,False,"Prompt, payload or response hash differs"
65253611d55a24ef9acd:MiniMax-M3,MiniMax-M3,False,"Prompt, payload or response hash differs"
b67095c2e6756a508585:MiniMax-M3,MiniMax-M3,False,"Prompt, payload or response hash differs"
15775d817588cd0847dd:MiniMax-M3,MiniMax-M3,False,"Prompt, payload or response hash differs"
1da855524c85b86b1140:deepseek-v4-pro,deepseek-v4-pro,False,"Prompt, payload or response hash differs"
f65d7250e294c977ed13:MiniMax-M3,MiniMax-M3,False,"Prompt, payload or response hash differs"
2eec933058823347f714:deepseek-v4-pro,deepseek-v4-pro,False,"Prompt, payload or response hash differs"
0c0b5304e0cf4284e5b3:deepseek-v4-pro,deepseek-v4-pro,False,"Prompt, payload or response hash differs"
6e04b5dd84de438f3c44:deepseek-v4-pro,deepseek-v4-pro,False,"Prompt, payload or response hash differs"
99b141ff7f5e8c3ad7dc:deepseek-v4-pro,deepseek-v4-pro,False,"Prompt, payload or response hash differs"
a0e6146493d94ff5aacd:deepseek-v4-pro,deepseek-v4-pro,False,"Prompt, payload or response hash differs"
717669a1a77d483c33cd:deepseek-v4-pro,deepseek-v4-pro,False,"Prompt, payload or response hash differs"
dbdd3d703ea2c1c8a0ee:MiniMax-M3,MiniMax-M3,False,"Prompt, payload or response hash differs"
18a51bc2c03cd40d2a85:deepseek-v4-pro,deepseek-v4-pro,False,"Prompt, payload or response hash differs"
c17fee2b4c7b59b7210d:deepseek-v4-pro,deepseek-v4-pro,False,"Prompt, payload or response hash differs"
ff538884f116fbc4921c:MiniMax-M3,MiniMax-M3,False,"Prompt, payload or response hash differs"
896f86f959c31f9ff822:deepseek-v4-pro,deepseek-v4-pro,False,"Prompt, payload or response hash differs"
901ef49af44981deae42:deepseek-v4-pro,deepseek-v4-pro,False,"Prompt, payload or response hash differs"
f09badc8c5d55dd931e1:deepseek-v4-pro,deepseek-v4-pro,False,"Prompt, payload or response hash differs"
fb011a071441956cd656:MiniMax-M3,MiniMax-M3,False,"Prompt, payload or response hash differs"
ed5349bae40346de9224:MiniMax-M3,MiniMax-M3,False,"Prompt, payload or response hash differs"
f2c962695dedc9d20009:deepseek-v4-pro,deepseek-v4-pro,False,"Prompt, payload or response hash differs"
cfc4e9b27d605964e0ab:deepseek-v4-pro,deepseek-v4-pro,False,"Prompt, payload or response hash differs"
f78f1ad5a9d17f8713e2:deepseek-v4-pro,deepseek-v4-pro,False,"Prompt, payload or response hash differs"
a8c16d8de389e33af3d9:deepseek-v4-pro,deepseek-v4-pro,False,"Prompt, payload or response hash differs"
5125daa75cbdee7d7143:MiniMax-M3,MiniMax-M3,False,"Prompt, payload or response hash differs"
c56efaf5bbfd08277b04:deepseek-v4-pro,deepseek-v4-pro,False,"Prompt, payload or response hash differs"
5afc0783ca1ae5043a84:deepseek-v4-pro,deepseek-v4-pro,False,"Prompt, payload or response hash differs"
f62ee0848740a6f961c1:MiniMax-M3,MiniMax-M3,False,"Prompt, payload or response hash differs"
45e7c7f81324b4645d6a:MiniMax-M3,MiniMax-M3,False,"Prompt, payload or response hash differs"
ef5e8a2e9073b2de8f05:MiniMax-M3,MiniMax-M3,False,"Prompt, payload or response hash differs"
4ed63494e2e316491c93:MiniMax-M3,MiniMax-M3,False,"Prompt, payload or response hash differs"
54c798a19dba13e982ca:MiniMax-M3,MiniMax-M3,False,"Prompt, payload or response hash differs"
32f0bad6dd365f1cba47:deepseek-v4-pro,deepseek-v4-pro,False,"Prompt, payload or response hash differs"
3030550811e977753114:MiniMax-M3,MiniMax-M3,False,"Prompt, payload or response hash differs"
29f72988c2335c70ca2b:deepseek-v4-pro,deepseek-v4-pro,False,"Prompt, payload or response hash differs"
a8c606366123a3800732:MiniMax-M3,MiniMax-M3,False,"Prompt, payload or response hash differs"
0e93bd27db5a59be5211:MiniMax-M3,MiniMax-M3,False,"Prompt, payload or response hash differs"
de33d89805e3ebc0db80:deepseek-v4-pro,deepseek-v4-pro,False,"Prompt, payload or response hash differs"
c9cd6eb802b550f686ea:MiniMax-M3,MiniMax-M3,False,"Prompt, payload or response hash differs"
8c48636016cb2d6a8304:MiniMax-M3,MiniMax-M3,False,"Prompt, payload or response hash differs"
6fc7fed3697aad544c7b:deepseek-v4-pro,deepseek-v4-pro,False,"Prompt, payload or response hash differs"
a3a1bb7a05e2a3521446:deepseek-v4-pro,deepseek-v4-pro,False,"Prompt, payload or response hash differs"
af9002627543ee0bc302:deepseek-v4-pro,deepseek-v4-pro,False,"Prompt, payload or response hash differs"
20a441653e8fcffcd4f3:MiniMax-M3,MiniMax-M3,False,"Prompt, payload or response hash differs"
da069ca50b51d0adee45:MiniMax-M3,MiniMax-M3,False,"Prompt, payload or response hash differs"
4cfd62999ef902fb7cdb:deepseek-v4-pro,deepseek-v4-pro,False,"Prompt, payload or response hash differs"
b81fc82409edfc3cd047:MiniMax-M3,MiniMax-M3,False,"Prompt, payload or response hash differs"
ae7c0b5673744138c0ad:deepseek-v4-pro,deepseek-v4-pro,False,"Prompt, payload or response hash differs"
6210aedde827b9ff100a:deepseek-v4-pro,deepseek-v4-pro,False,"Prompt, payload or response hash differs"
92a5ea181bc9629c5e33:deepseek-v4-pro,deepseek-v4-pro,False,"Prompt, payload or response hash differs"
de1c8cecc2d02ff28e10:deepseek-v4-pro,deepseek-v4-pro,False,"Prompt, payload or response hash differs"
31936eb0c2b1a76c2db5:MiniMax-M3,MiniMax-M3,False,"Prompt, payload or response hash differs"
ef8170d1e724927e81ac:MiniMax-M3,MiniMax-M3,False,"Prompt, payload or response hash differs"
d8e1f757a7e8973c6d8a:deepseek-v4-pro,deepseek-v4-pro,False,"Prompt, payload or response hash differs"
e80553c0e3856d952994:deepseek-v4-pro,deepseek-v4-pro,False,"Prompt, payload or response hash differs"
7fe810f5dc14c80fd71a:MiniMax-M3,MiniMax-M3,False,"Prompt, payload or response hash differs"
6c3a252561905a9617f2:deepseek-v4-pro,deepseek-v4-pro,False,"Prompt, payload or response hash differs"
f94ab5d36f76d606bc05:MiniMax-M3,MiniMax-M3,False,"Prompt, payload or response hash differs"
f57e017ffa0a2a4b7541:deepseek-v4-pro,deepseek-v4-pro,False,"Prompt, payload or response hash differs"
35fbfb9c8db47fb4918e:deepseek-v4-pro,deepseek-v4-pro,False,"Prompt, payload or response hash differs"
772356154aaeae8af5bb:deepseek-v4-pro,deepseek-v4-pro,False,"Prompt, payload or response hash differs"
f44b5181cab245e3219c:deepseek-v4-pro,deepseek-v4-pro,False,"Prompt, payload or response hash differs"
e1d1352e6452bad9607d:MiniMax-M3,MiniMax-M3,False,"Prompt, payload or response hash differs"
311186e144769116918b:deepseek-v4-pro,deepseek-v4-pro,False,"Prompt, payload or response hash differs"
8cd8d7afc191d3d58f93:MiniMax-M3,MiniMax-M3,False,"Prompt, payload or response hash differs"
cd6661fc3242d57687c0:MiniMax-M3,MiniMax-M3,False,"Prompt, payload or response hash differs"
41ed0256755f4666f315:MiniMax-M3,MiniMax-M3,False,"Prompt, payload or response hash differs"
383829ec9411c8112235:MiniMax-M3,MiniMax-M3,False,"Prompt, payload or response hash differs"
7669d19af24812ad8198:MiniMax-M3,MiniMax-M3,False,"Prompt, payload or response hash differs"
17ff15f234aa565b0378:deepseek-v4-pro,deepseek-v4-pro,False,"Prompt, payload or response hash differs"
960c5beafffde54c5e8d:deepseek-v4-pro,deepseek-v4-pro,False,"Prompt, payload or response hash differs"
9ac57bc116e8acfe4d54:MiniMax-M3,MiniMax-M3,False,"Prompt, payload or response hash differs"
deaa49060345d7e1464c:deepseek-v4-pro,deepseek-v4-pro,False,"Prompt, payload or response hash differs"
54ab3835e946137678d6:deepseek-v4-pro,deepseek-v4-pro,False,"Prompt, payload or response hash differs"
f8ecebb126d20c47627f:deepseek-v4-pro,deepseek-v4-pro,False,"Prompt, payload or response hash differs"
1a5070991b14e57510ba:deepseek-v4-pro,deepseek-v4-pro,False,"Prompt, payload or response hash differs"
76f99df44f7ea54e6f51:MiniMax-M3,MiniMax-M3,False,"Prompt, payload or response hash differs"
be5b7666bd76cc048760:deepseek-v4-pro,deepseek-v4-pro,False,"Prompt, payload or response hash differs"
e7e82f03f98a83bb763f:deepseek-v4-pro,deepseek-v4-pro,False,"Prompt, payload or response hash differs"
ea042cd1d716d9bcf490:MiniMax-M3,MiniMax-M3,False,"Prompt, payload or response hash differs"
22e853200c0cb2c00f99:deepseek-v4-pro,deepseek-v4-pro,False,"Prompt, payload or response hash differs"
402175eef1fa75849da1:MiniMax-M3,MiniMax-M3,False,"Prompt, payload or response hash differs"
c64b6e958dbab6974a59:MiniMax-M3,MiniMax-M3,False,"Prompt, payload or response hash differs"
9672838bdfc20bf3a97c:deepseek-v4-pro,deepseek-v4-pro,False,"Prompt, payload or response hash differs"
e5512343d80c07302ea9:deepseek-v4-pro,deepseek-v4-pro,False,"Prompt, payload or response hash differs"
c01673383d3838be235e:MiniMax-M3,MiniMax-M3,False,"Prompt, payload or response hash differs"
a69111a31c797aa9afe1:MiniMax-M3,MiniMax-M3,False,"Prompt, payload or response hash differs"
ac9fe2faff91f3b7c5a7:MiniMax-M3,MiniMax-M3,False,"Prompt, payload or response hash differs"
fb93451910e4c592f638:MiniMax-M3,MiniMax-M3,False,"Prompt, payload or response hash differs"
ab7ccaf2adb2cf10975e:deepseek-v4-pro,deepseek-v4-pro,False,"Prompt, payload or response hash differs"
5674f46f0bb1b313813b:deepseek-v4-pro,deepseek-v4-pro,False,"Prompt, payload or response hash differs"
2a777e55e3e7a1981a67:MiniMax-M3,MiniMax-M3,False,"Prompt, payload or response hash differs"
881fe1eee1083c05f482:deepseek-v4-pro,deepseek-v4-pro,False,"Prompt, payload or response hash differs"
bf236c8391caf8c7bfa0:MiniMax-M3,MiniMax-M3,False,"Prompt, payload or response hash differs"
624c33b2fa00a0915cda:deepseek-v4-pro,deepseek-v4-pro,False,"Prompt, payload or response hash differs"
12893be3891e3a33c26a:deepseek-v4-pro,deepseek-v4-pro,False,"Prompt, payload or response hash differs"
68766f9a118145d0ff2d:MiniMax-M3,MiniMax-M3,False,"Prompt, payload or response hash differs"
b40a97c3cf2f81a9da07:deepseek-v4-pro,deepseek-v4-pro,False,"Prompt, payload or response hash differs"
9e6fa942ae118a5d8dce:MiniMax-M3,MiniMax-M3,False,"Prompt, payload or response hash differs"
18882d4c2ad9bce3f7e2:deepseek-v4-pro,deepseek-v4-pro,False,"Prompt, payload or response hash differs"
ff93cc4ab4ab2664a794:MiniMax-M3,MiniMax-M3,False,"Prompt, payload or response hash differs"
1cdedb5e66168f8a07f8:deepseek-v4-pro,deepseek-v4-pro,False,"Prompt, payload or response hash differs"
7fe810f5dc14c80fd71a:deepseek-v4-pro,deepseek-v4-pro,False,"Prompt, payload or response hash differs"
1815ff4eca1e100ba5af:MiniMax-M3,MiniMax-M3,False,"Prompt, payload or response hash differs"
7dd988dbb5c65bd31ede:deepseek-v4-pro,deepseek-v4-pro,False,"Prompt, payload or response hash differs"
40b7010793754906dafb:MiniMax-M3,MiniMax-M3,False,"Prompt, payload or response hash differs"
028c96a2d5cd918d3053:MiniMax-M3,MiniMax-M3,False,"Prompt, payload or response hash differs"
96075aa20e762075cd36:MiniMax-M3,MiniMax-M3,False,"Prompt, payload or response hash differs"
a45dc3bd49d6787c782e:deepseek-v4-pro,deepseek-v4-pro,False,"Prompt, payload or response hash differs"
bb9e96ef0bf246f27e50:deepseek-v4-pro,deepseek-v4-pro,False,"Prompt, payload or response hash differs"
885506699f3e663d0f04:deepseek-v4-pro,deepseek-v4-pro,False,"Prompt, payload or response hash differs"
889cab3ec82614b86c22:MiniMax-M3,MiniMax-M3,False,"Prompt, payload or response hash differs"
a888724dac164a756613:deepseek-v4-pro,deepseek-v4-pro,False,"Prompt, payload or response hash differs"
85ab86d954de1a972bdf:MiniMax-M3,MiniMax-M3,False,"Prompt, payload or response hash differs"
aeb281c44cc637fcef63:deepseek-v4-pro,deepseek-v4-pro,False,"Prompt, payload or response hash differs"
b1742b7b86e007a403ee:MiniMax-M3,MiniMax-M3,False,"Prompt, payload or response hash differs"
7a005e773aa1f2078093:deepseek-v4-pro,deepseek-v4-pro,False,"Prompt, payload or response hash differs"
b52158dbd798fd6325aa:deepseek-v4-pro,deepseek-v4-pro,False,"Prompt, payload or response hash differs"
37d08168dca1f6c6fb95:deepseek-v4-pro,deepseek-v4-pro,False,"Prompt, payload or response hash differs"
844feaf66109455e5509:deepseek-v4-pro,deepseek-v4-pro,False,"Prompt, payload or response hash differs"
0dc1e10d1c5f2794ccb0:MiniMax-M3,MiniMax-M3,False,"Prompt, payload or response hash differs"
e0191379c937d304744a:MiniMax-M3,MiniMax-M3,False,"Prompt, payload or response hash differs"
32467c70a076d2bb8adf:deepseek-v4-pro,deepseek-v4-pro,False,"Prompt, payload or response hash differs"
0781a66341cb22c9f936:MiniMax-M3,MiniMax-M3,False,"Prompt, payload or response hash differs"
ae8b0e4dfb41f60fe8b0:deepseek-v4-pro,deepseek-v4-pro,False,"Prompt, payload or response hash differs"
87f2abd7cc3f09f130b6:deepseek-v4-pro,deepseek-v4-pro,False,"Prompt, payload or response hash differs"
2ad2cf090a95f817fbec:deepseek-v4-pro,deepseek-v4-pro,False,"Prompt, payload or response hash differs"
5fba13757d3dcf423b89:deepseek-v4-pro,deepseek-v4-pro,False,"Prompt, payload or response hash differs"
bc5bead8485e5dc59441:MiniMax-M3,MiniMax-M3,False,"Prompt, payload or response hash differs"
972338d2038b42e2bab5:MiniMax-M3,MiniMax-M3,False,"Prompt, payload or response hash differs"
5ba94a4a1e66c235ecbf:deepseek-v4-pro,deepseek-v4-pro,False,"Prompt, payload or response hash differs"
5ba94a4a1e66c235ecbf:MiniMax-M3,MiniMax-M3,False,"Prompt, payload or response hash differs"
ba33b00964474c87d61f:deepseek-v4-pro,deepseek-v4-pro,False,"Prompt, payload or response hash differs"
5d998248fee4b148b813:MiniMax-M3,MiniMax-M3,False,"Prompt, payload or response hash differs"
152a5769668bd4a74086:MiniMax-M3,MiniMax-M3,False,"Prompt, payload or response hash differs"
47595049df1bb1e4eddb:deepseek-v4-pro,deepseek-v4-pro,False,"Prompt, payload or response hash differs"
b5ea2aecae2d43bfb206:deepseek-v4-pro,deepseek-v4-pro,False,"Prompt, payload or response hash differs"
5042f6f819a8c2c7af6f:deepseek-v4-pro,deepseek-v4-pro,False,"Prompt, payload or response hash differs"
bfdf71bfa04a457506af:deepseek-v4-pro,deepseek-v4-pro,False,"Prompt, payload or response hash differs"
447870182a4427d7398d:MiniMax-M3,MiniMax-M3,False,"Prompt, payload or response hash differs"
6baa8da8fef826ffda0e:deepseek-v4-pro,deepseek-v4-pro,False,"Prompt, payload or response hash differs"
4173b040c7ed2dbf0013:MiniMax-M3,MiniMax-M3,False,"Prompt, payload or response hash differs"
35b9805972ca7650bb32:deepseek-v4-pro,deepseek-v4-pro,False,"Prompt, payload or response hash differs"
b58556eb104649cbd076:MiniMax-M3,MiniMax-M3,False,"Prompt, payload or response hash differs"
0057b95c9aa11cc4f3d8:MiniMax-M3,MiniMax-M3,False,"Prompt, payload or response hash differs"
64bbb52577ae4201e070:deepseek-v4-pro,deepseek-v4-pro,False,"Prompt, payload or response hash differs"
5585709373e4c341c3b2:MiniMax-M3,MiniMax-M3,False,"Prompt, payload or response hash differs"
4b64657b21e2be23f443:deepseek-v4-pro,deepseek-v4-pro,False,"Prompt, payload or response hash differs"
afec1e37b38e89187cc4:MiniMax-M3,MiniMax-M3,False,"Prompt, payload or response hash differs"
40b7a305d192b1981d4f:MiniMax-M3,MiniMax-M3,False,"Prompt, payload or response hash differs"
c17fee2b4c7b59b7210d:MiniMax-M3,MiniMax-M3,False,"Prompt, payload or response hash differs"
5d0db22139802c6dba35:MiniMax-M3,MiniMax-M3,False,"Prompt, payload or response hash differs"
c2903bcc31737848e415:MiniMax-M3,MiniMax-M3,False,"Prompt, payload or response hash differs"
be1b70c5d06501e88adb:deepseek-v4-pro,deepseek-v4-pro,False,"Prompt, payload or response hash differs"
9bc5bd6cf973e10ab864:deepseek-v4-pro,deepseek-v4-pro,False,"Prompt, payload or response hash differs"
9e6fa942ae118a5d8dce:deepseek-v4-pro,deepseek-v4-pro,False,"Prompt, payload or response hash differs"
137448da24436b7a47e2:MiniMax-M3,MiniMax-M3,False,"Prompt, payload or response hash differs"
9cb47864c1e1f50a9baf:MiniMax-M3,MiniMax-M3,False,"Prompt, payload or response hash differs"
62673b755b737b07903a:MiniMax-M3,MiniMax-M3,False,"Prompt, payload or response hash differs"
e296c105c3ec6781f892:deepseek-v4-pro,deepseek-v4-pro,False,"Prompt, payload or response hash differs"
a28cc086d673622868db:MiniMax-M3,MiniMax-M3,False,"Prompt, payload or response hash differs"
50cc4e5f2b97beb975ec:MiniMax-M3,MiniMax-M3,False,"Prompt, payload or response hash differs"
a119047ca49b5d8d228e:deepseek-v4-pro,deepseek-v4-pro,False,"Prompt, payload or response hash differs"
7787e74beeae8d84f4e3:MiniMax-M3,MiniMax-M3,False,"Prompt, payload or response hash differs"
a818af835ab783d246a1:deepseek-v4-pro,deepseek-v4-pro,False,"Prompt, payload or response hash differs"
62d5e8d4e573f3ecb6e7:deepseek-v4-pro,deepseek-v4-pro,False,"Prompt, payload or response hash differs"
4863709450bd77a1c41a:MiniMax-M3,MiniMax-M3,False,"Prompt, payload or response hash differs"
ab76f63b3b0b0a25b78b:deepseek-v4-pro,deepseek-v4-pro,False,"Prompt, payload or response hash differs"
2a7157f5fdc7f8b287ca:deepseek-v4-pro,deepseek-v4-pro,False,"Prompt, payload or response hash differs"
30dcef4f54784ac6a6ce:deepseek-v4-pro,deepseek-v4-pro,False,"Prompt, payload or response hash differs"
ab219655a30fb17280c8:deepseek-v4-pro,deepseek-v4-pro,False,"Prompt, payload or response hash differs"
495c37cf2d073b42f019:deepseek-v4-pro,deepseek-v4-pro,False,"Prompt, payload or response hash differs"
313cdee540dd4592e87e:deepseek-v4-pro,deepseek-v4-pro,False,"Prompt, payload or response hash differs"
0590ec1a4037c62f4958:MiniMax-M3,MiniMax-M3,False,"Prompt, payload or response hash differs"
50092bc9469345dd196a:deepseek-v4-pro,deepseek-v4-pro,False,"Prompt, payload or response hash differs"
4938a09d8a0d9d7debb5:deepseek-v4-pro,deepseek-v4-pro,False,"Prompt, payload or response hash differs"
3f155e93b84d3d203b62:deepseek-v4-pro,deepseek-v4-pro,False,"Prompt, payload or response hash differs"
dab102c530f3ed242ec8:deepseek-v4-pro,deepseek-v4-pro,False,"Prompt, payload or response hash differs"
a2e873578925e193ef22:MiniMax-M3,MiniMax-M3,False,"Prompt, payload or response hash differs"
901ef49af44981deae42:MiniMax-M3,MiniMax-M3,False,"Prompt, payload or response hash differs"
9b2af566186d894c1991:deepseek-v4-pro,deepseek-v4-pro,False,"Prompt, payload or response hash differs"
14a634451b34518fff84:deepseek-v4-pro,deepseek-v4-pro,False,"Prompt, payload or response hash differs"
d8d1a7bd3fae0f4a44a4:MiniMax-M3,MiniMax-M3,False,"Prompt, payload or response hash differs"
a36560a46b4e45faf003:deepseek-v4-pro,deepseek-v4-pro,False,"Prompt, payload or response hash differs"
010097419c7a7ce37165:deepseek-v4-pro,deepseek-v4-pro,False,"Prompt, payload or response hash differs"
0590ec1a4037c62f4958:deepseek-v4-pro,deepseek-v4-pro,False,"Prompt, payload or response hash differs"
15eedb40da3934789b27:deepseek-v4-pro,deepseek-v4-pro,False,"Prompt, payload or response hash differs"
eb68223505cfc6be5cd2:deepseek-v4-pro,deepseek-v4-pro,False,"Prompt, payload or response hash differs"
e331105a93d8a62918f0:MiniMax-M3,MiniMax-M3,False,"Prompt, payload or response hash differs"
7e8c54c5e5952a9d8286:deepseek-v4-pro,deepseek-v4-pro,False,"Prompt, payload or response hash differs"
ede62fbed12519e9d324:deepseek-v4-pro,deepseek-v4-pro,False,"Prompt, payload or response hash differs"
1b3222d363b76b3da70c:deepseek-v4-pro,deepseek-v4-pro,False,"Prompt, payload or response hash differs"
e0e1bba3e5155ae45672:deepseek-v4-pro,deepseek-v4-pro,False,"Prompt, payload or response hash differs"
9147bbf1c8e782e6536d:MiniMax-M3,MiniMax-M3,False,"Prompt, payload or response hash differs"
3bdb0914d1351d345352:MiniMax-M3,MiniMax-M3,False,"Prompt, payload or response hash differs"
2a4f780711169ca59d09:MiniMax-M3,MiniMax-M3,False,"Prompt, payload or response hash differs"
119c6bb1172ae6db7c69:MiniMax-M3,MiniMax-M3,False,"Prompt, payload or response hash differs"
bfcfd50b756c66a66bc4:deepseek-v4-pro,deepseek-v4-pro,False,"Prompt, payload or response hash differs"
119edf4c8772abf5c338:deepseek-v4-pro,deepseek-v4-pro,False,"Prompt, payload or response hash differs"
99746e479f0d52a97dca:MiniMax-M3,MiniMax-M3,False,"Prompt, payload or response hash differs"
9814c8d59698a7b67d87:deepseek-v4-pro,deepseek-v4-pro,False,"Prompt, payload or response hash differs"
b243a059861dba3a08e0:MiniMax-M3,MiniMax-M3,False,"Prompt, payload or response hash differs"
c3c5bc7ce0f710f693a3:deepseek-v4-pro,deepseek-v4-pro,False,"Prompt, payload or response hash differs"
127ef92d7bcca24d9087:MiniMax-M3,MiniMax-M3,False,"Prompt, payload or response hash differs"
dd688b2964726bc778c7:MiniMax-M3,MiniMax-M3,False,"Prompt, payload or response hash differs"
c3c5bc7ce0f710f693a3:MiniMax-M3,MiniMax-M3,False,"Prompt, payload or response hash differs"
60f744fee24a6fe2cd9c:MiniMax-M3,MiniMax-M3,False,"Prompt, payload or response hash differs"
eafa05d6cb93fab80fe9:MiniMax-M3,MiniMax-M3,False,"Prompt, payload or response hash differs"
3212143dcbf7361d0376:MiniMax-M3,MiniMax-M3,False,"Prompt, payload or response hash differs"
3b69e4b802aab438634a:deepseek-v4-pro,deepseek-v4-pro,False,"Prompt, payload or response hash differs"
1aef2c7c33d90f7a4990:MiniMax-M3,MiniMax-M3,False,"Prompt, payload or response hash differs"
fd8d86242f8c706566b8:MiniMax-M3,MiniMax-M3,False,"Prompt, payload or response hash differs"
defddd2c92106a029fe8:MiniMax-M3,MiniMax-M3,False,"Prompt, payload or response hash differs"
488400c257434342ed57:MiniMax-M3,MiniMax-M3,False,"Prompt, payload or response hash differs"
563627a0283255f2cb12:MiniMax-M3,MiniMax-M3,False,"Prompt, payload or response hash differs"
fe4a285e4f184532a441:deepseek-v4-pro,deepseek-v4-pro,False,"Prompt, payload or response hash differs"
48e3aa25ca420544451c:deepseek-v4-pro,deepseek-v4-pro,False,"Prompt, payload or response hash differs"
38d2e53f525a5bc17982:MiniMax-M3,MiniMax-M3,False,"Prompt, payload or response hash differs"
8d4a0ee38dd5883ed446:MiniMax-M3,MiniMax-M3,False,"Prompt, payload or response hash differs"
9e5e47366b684a1aff71:deepseek-v4-pro,deepseek-v4-pro,False,"Prompt, payload or response hash differs"
e93361388b91f0bed1c4:deepseek-v4-pro,deepseek-v4-pro,False,"Prompt, payload or response hash differs"
f096f46124de05434a3d:deepseek-v4-pro,deepseek-v4-pro,False,"Prompt, payload or response hash differs"
1f33d24eb079482614d6:MiniMax-M3,MiniMax-M3,False,"Prompt, payload or response hash differs"
65ed13351e4a342ae779:deepseek-v4-pro,deepseek-v4-pro,False,"Prompt, payload or response hash differs"
b1dc739803dcbb4c6bd9:MiniMax-M3,MiniMax-M3,False,"Prompt, payload or response hash differs"
140cda6a9fc95d1639b1:MiniMax-M3,MiniMax-M3,False,"Prompt, payload or response hash differs"
80b969d8c311ca5319a6:deepseek-v4-pro,deepseek-v4-pro,False,"Prompt, payload or response hash differs"
812a027af5d4b6cdf6df:deepseek-v4-pro,deepseek-v4-pro,False,"Prompt, payload or response hash differs"
e2679492822f4146b9e0:deepseek-v4-pro,deepseek-v4-pro,False,"Prompt, payload or response hash differs"
cbfb6d719c48d5d51018:MiniMax-M3,MiniMax-M3,False,"Prompt, payload or response hash differs"
2589618aa70f9ceedc4e:MiniMax-M3,MiniMax-M3,False,"Prompt, payload or response hash differs"
4fc195e54b0712487f14:deepseek-v4-pro,deepseek-v4-pro,False,"Prompt, payload or response hash differs"
aeac8b617a9951f68d70:MiniMax-M3,MiniMax-M3,False,"Prompt, payload or response hash differs"
699578f49705a14dd2b0:deepseek-v4-pro,deepseek-v4-pro,False,"Prompt, payload or response hash differs"
b09cbb8c134fac160fdd:MiniMax-M3,MiniMax-M3,False,"Prompt, payload or response hash differs"
43709a0c0f547a4ddf90:MiniMax-M3,MiniMax-M3,False,"Prompt, payload or response hash differs"
e33d8dcf6fdd957ff8a8:deepseek-v4-pro,deepseek-v4-pro,False,"Prompt, payload or response hash differs"
72d6a71794c015b0d9a8:MiniMax-M3,MiniMax-M3,False,"Prompt, payload or response hash differs"
114baee2737e36b91f4b:MiniMax-M3,MiniMax-M3,False,"Prompt, payload or response hash differs"
288466fd3659809c2019:MiniMax-M3,MiniMax-M3,False,"Prompt, payload or response hash differs"
05edf28f2932852e988f:deepseek-v4-pro,deepseek-v4-pro,False,"Prompt, payload or response hash differs"
62799b7147bbc3fd2bc0:deepseek-v4-pro,deepseek-v4-pro,False,"Prompt, payload or response hash differs"
174262e9a57e5687b2c4:MiniMax-M3,MiniMax-M3,False,"Prompt, payload or response hash differs"
87e9856baa47c650d987:deepseek-v4-pro,deepseek-v4-pro,False,"Prompt, payload or response hash differs"
b3aba12b13ee16af56ae:deepseek-v4-pro,deepseek-v4-pro,False,"Prompt, payload or response hash differs"
dd60860204423d1e2b83:deepseek-v4-pro,deepseek-v4-pro,False,"Prompt, payload or response hash differs"
2619fa13a27ee12083e9:MiniMax-M3,MiniMax-M3,False,"Prompt, payload or response hash differs"
e090e96d718ade06ef3b:MiniMax-M3,MiniMax-M3,False,"Prompt, payload or response hash differs"
45fe29195cfd092bea5b:deepseek-v4-pro,deepseek-v4-pro,False,"Prompt, payload or response hash differs"
c3d1cb2f2506c93468b5:deepseek-v4-pro,deepseek-v4-pro,False,"Prompt, payload or response hash differs"
7d2bb1373c7dc78dacdf:MiniMax-M3,MiniMax-M3,False,"Prompt, payload or response hash differs"
9dafb60c7646c75ae16b:deepseek-v4-pro,deepseek-v4-pro,False,"Prompt, payload or response hash differs"
50092bc9469345dd196a:MiniMax-M3,MiniMax-M3,False,"Prompt, payload or response hash differs"
5989effff6b738b78fd9:MiniMax-M3,MiniMax-M3,False,"Prompt, payload or response hash differs"
1ebd758ebc4d24906666:MiniMax-M3,MiniMax-M3,False,"Prompt, payload or response hash differs"
8a4ad678c69c8ebb3142:deepseek-v4-pro,deepseek-v4-pro,False,"Prompt, payload or response hash differs"
37ed13c34907e790138a:MiniMax-M3,MiniMax-M3,False,"Prompt, payload or response hash differs"
8604cf0e7a1dfca77c12:deepseek-v4-pro,deepseek-v4-pro,False,"Prompt, payload or response hash differs"
fce19642517ca42ad335:MiniMax-M3,MiniMax-M3,False,"Prompt, payload or response hash differs"
60640da054bfa94d9b32:MiniMax-M3,MiniMax-M3,False,"Prompt, payload or response hash differs"
5cad05b8242976fd74bb:MiniMax-M3,MiniMax-M3,False,"Prompt, payload or response hash differs"
dd60860204423d1e2b83:MiniMax-M3,MiniMax-M3,False,"Prompt, payload or response hash differs"
63cec060b74ef911ca3c:MiniMax-M3,MiniMax-M3,False,"Prompt, payload or response hash differs"
c0619db4c1c734ea1e57:MiniMax-M3,MiniMax-M3,False,"Prompt, payload or response hash differs"
1b22e1b3500f40709158:MiniMax-M3,MiniMax-M3,False,"Prompt, payload or response hash differs"
cbf6aa54b88cd899d987:deepseek-v4-pro,deepseek-v4-pro,False,"Prompt, payload or response hash differs"
63cec060b74ef911ca3c:deepseek-v4-pro,deepseek-v4-pro,False,"Prompt, payload or response hash differs"
5c906ad4fd815030c4dc:MiniMax-M3,MiniMax-M3,False,"Prompt, payload or response hash differs"
f16b10e6769c5d4d6cbe:MiniMax-M3,MiniMax-M3,False,"Prompt, payload or response hash differs"
3af98773165084c69dd5:MiniMax-M3,MiniMax-M3,False,"Prompt, payload or response hash differs"
e24d33865f2a07725dee:deepseek-v4-pro,deepseek-v4-pro,False,"Prompt, payload or response hash differs"
8b6ffb6e06e2fc50ed80:MiniMax-M3,MiniMax-M3,False,"Prompt, payload or response hash differs"
ae772d52550e2e8a4eb3:MiniMax-M3,MiniMax-M3,False,"Prompt, payload or response hash differs"
88ca2d5e795958bb26a8:deepseek-v4-pro,deepseek-v4-pro,False,"Prompt, payload or response hash differs"
fce19642517ca42ad335:deepseek-v4-pro,deepseek-v4-pro,False,"Prompt, payload or response hash differs"
b6d7451e040b80650d0c:deepseek-v4-pro,deepseek-v4-pro,False,"Prompt, payload or response hash differs"
aaf29c5f0c516ecbd900:MiniMax-M3,MiniMax-M3,False,"Prompt, payload or response hash differs"
4938a09d8a0d9d7debb5:MiniMax-M3,MiniMax-M3,False,"Prompt, payload or response hash differs"
f44b5181cab245e3219c:MiniMax-M3,MiniMax-M3,False,"Prompt, payload or response hash differs"
65253611d55a24ef9acd:deepseek-v4-pro,deepseek-v4-pro,False,"Prompt, payload or response hash differs"
e37b98c3be4707742619:deepseek-v4-pro,deepseek-v4-pro,False,"Prompt, payload or response hash differs"
7104212226fd8e9340cd:deepseek-v4-pro,deepseek-v4-pro,False,"Prompt, payload or response hash differs"
46a639eda3428bcce000:MiniMax-M3,MiniMax-M3,False,"Prompt, payload or response hash differs"
884860b39af93027c2f5:deepseek-v4-pro,deepseek-v4-pro,False,"Prompt, payload or response hash differs"
86bee6ccb9ad2a1b4925:deepseek-v4-pro,deepseek-v4-pro,False,"Prompt, payload or response hash differs"
eda60ca916d2ad7eb1e4:MiniMax-M3,MiniMax-M3,False,"Prompt, payload or response hash differs"
c50bd60537eb236f2331:MiniMax-M3,MiniMax-M3,False,"Prompt, payload or response hash differs"
8d5013fec06fc276c88e:MiniMax-M3,MiniMax-M3,False,"Prompt, payload or response hash differs"
3bdb0914d1351d345352:deepseek-v4-pro,deepseek-v4-pro,False,"Prompt, payload or response hash differs"
5cb3bd040bb81fc1662e:MiniMax-M3,MiniMax-M3,False,"Prompt, payload or response hash differs"
0c6963bf0da6b246e20e:MiniMax-M3,MiniMax-M3,False,"Prompt, payload or response hash differs"
1710274f51a3cf625f33:deepseek-v4-pro,deepseek-v4-pro,False,"Prompt, payload or response hash differs"
da8542a957028f2e6364:deepseek-v4-pro,deepseek-v4-pro,False,"Prompt, payload or response hash differs"
feb4ba510601a62eedb7:deepseek-v4-pro,deepseek-v4-pro,False,"Prompt, payload or response hash differs"
f75bc8fb2631c8a97310:deepseek-v4-pro,deepseek-v4-pro,False,"Prompt, payload or response hash differs"
b97bf3c8e933f5690d28:MiniMax-M3,MiniMax-M3,False,"Prompt, payload or response hash differs"
e66c04a158e258048116:MiniMax-M3,MiniMax-M3,False,"Prompt, payload or response hash differs"
3cec917e04bf3ffa845a:deepseek-v4-pro,deepseek-v4-pro,False,"Prompt, payload or response hash differs"
968e2be3ef56a1b2318a:deepseek-v4-pro,deepseek-v4-pro,False,"Prompt, payload or response hash differs"
30be5677f64600ca37c4:deepseek-v4-pro,deepseek-v4-pro,False,"Prompt, payload or response hash differs"
e898db3932f9ef94a5cb:MiniMax-M3,MiniMax-M3,False,"Prompt, payload or response hash differs"
a9a589e45842cb8242a9:deepseek-v4-pro,deepseek-v4-pro,False,"Prompt, payload or response hash differs"
50c07e56f2261d19d267:deepseek-v4-pro,deepseek-v4-pro,False,"Prompt, payload or response hash differs"
6e8d39fba27a64483833:deepseek-v4-pro,deepseek-v4-pro,False,"Prompt, payload or response hash differs"
152e0bddc42c91b0f7fb:deepseek-v4-pro,deepseek-v4-pro,False,"Prompt, payload or response hash differs"
ba20ccb996fd19b35446:deepseek-v4-pro,deepseek-v4-pro,False,"Prompt, payload or response hash differs"
24c86d26012a700bd630:deepseek-v4-pro,deepseek-v4-pro,False,"Prompt, payload or response hash differs"
95cc22b16d2cf9882a07:MiniMax-M3,MiniMax-M3,False,"Prompt, payload or response hash differs"
b90a1a55236f681f50f6:MiniMax-M3,MiniMax-M3,False,"Prompt, payload or response hash differs"
be6bc61d9fb09354e677:MiniMax-M3,MiniMax-M3,False,"Prompt, payload or response hash differs"
d7c19edc13dffd85a95c:MiniMax-M3,MiniMax-M3,False,"Prompt, payload or response hash differs"
5390ba8b8f23755a7e49:deepseek-v4-pro,deepseek-v4-pro,False,"Prompt, payload or response hash differs"
9bf8ce9ae6ec37e1c1b9:deepseek-v4-pro,deepseek-v4-pro,False,"Prompt, payload or response hash differs"
5ac9225120d9158cfa34:MiniMax-M3,MiniMax-M3,False,"Prompt, payload or response hash differs"
17ff15f234aa565b0378:MiniMax-M3,MiniMax-M3,False,"Prompt, payload or response hash differs"
60a561863704c888e02b:deepseek-v4-pro,deepseek-v4-pro,False,"Prompt, payload or response hash differs"
ba2fa33d0137daf67a16:MiniMax-M3,MiniMax-M3,False,"Prompt, payload or response hash differs"
eb37f72a3987fc48b016:deepseek-v4-pro,deepseek-v4-pro,False,"Prompt, payload or response hash differs"
748a7335abb2e785041f:MiniMax-M3,MiniMax-M3,False,"Prompt, payload or response hash differs"
f90ad286ef5ade08ed0c:MiniMax-M3,MiniMax-M3,False,"Prompt, payload or response hash differs"
0c7c386e13f34326b9b4:MiniMax-M3,MiniMax-M3,False,"Prompt, payload or response hash differs"
efd77b8abd56d14abdca:MiniMax-M3,MiniMax-M3,False,"Prompt, payload or response hash differs"
e00b247a150dd19c7451:MiniMax-M3,MiniMax-M3,False,"Prompt, payload or response hash differs"
a891cd4b185f9af571ab:deepseek-v4-pro,deepseek-v4-pro,False,"Prompt, payload or response hash differs"
da069ca50b51d0adee45:deepseek-v4-pro,deepseek-v4-pro,False,"Prompt, payload or response hash differs"
fcff177a911403f1d098:MiniMax-M3,MiniMax-M3,False,"Prompt, payload or response hash differs"
2aa68495fe096b0f4f01:MiniMax-M3,MiniMax-M3,False,"Prompt, payload or response hash differs"
bd2038ec32609f97acc8:MiniMax-M3,MiniMax-M3,False,"Prompt, payload or response hash differs"
ba45d37ea54c12a2c2ea:deepseek-v4-pro,deepseek-v4-pro,False,"Prompt, payload or response hash differs"
d65051e9f22e508f6eca:MiniMax-M3,MiniMax-M3,False,"Prompt, payload or response hash differs"
11551ef93ce42ece9a4b:MiniMax-M3,MiniMax-M3,False,"Prompt, payload or response hash differs"
52edd6cb8299b6f84d61:MiniMax-M3,MiniMax-M3,False,"Prompt, payload or response hash differs"
a9f581c8703a59e38d30:deepseek-v4-pro,deepseek-v4-pro,False,"Prompt, payload or response hash differs"
01398f58281bacc2cd04:MiniMax-M3,MiniMax-M3,False,"Prompt, payload or response hash differs"
75eaaed042a7e99596a0:deepseek-v4-pro,deepseek-v4-pro,False,"Prompt, payload or response hash differs"
a508433f12600ab2faf8:MiniMax-M3,MiniMax-M3,False,"Prompt, payload or response hash differs"
9c7ccc73058337451cb8:deepseek-v4-pro,deepseek-v4-pro,False,"Prompt, payload or response hash differs"
d83d3853f5c7bc77b08d:MiniMax-M3,MiniMax-M3,False,"Prompt, payload or response hash differs"
b966090f1d3133b7c349:deepseek-v4-pro,deepseek-v4-pro,False,"Prompt, payload or response hash differs"
a888724dac164a756613:MiniMax-M3,MiniMax-M3,False,"Prompt, payload or response hash differs"
67cde12c2422112396fa:deepseek-v4-pro,deepseek-v4-pro,False,"Prompt, payload or response hash differs"
219884de1e3f2da5d946:deepseek-v4-pro,deepseek-v4-pro,False,"Prompt, payload or response hash differs"
6505ba00f2085768f8a3:deepseek-v4-pro,deepseek-v4-pro,False,"Prompt, payload or response hash differs"
949a039d2aa3c6e069d7:deepseek-v4-pro,deepseek-v4-pro,False,"Prompt, payload or response hash differs"
83446931beb281d71b7e:deepseek-v4-pro,deepseek-v4-pro,False,"Prompt, payload or response hash differs"
12aa331706713bdc2e5b:MiniMax-M3,MiniMax-M3,False,"Prompt, payload or response hash differs"
e2c9bc82fdc10ba04b66:deepseek-v4-pro,deepseek-v4-pro,False,"Prompt, payload or response hash differs"
0cd7db2510e8aa37ddcb:deepseek-v4-pro,deepseek-v4-pro,False,"Prompt, payload or response hash differs"
b5815156f35aab33ae0a:deepseek-v4-pro,deepseek-v4-pro,False,"Prompt, payload or response hash differs"
ac88551c181c51e641bd:deepseek-v4-pro,deepseek-v4-pro,False,"Prompt, payload or response hash differs"
59e2c4019f2fc4be1ed1:MiniMax-M3,MiniMax-M3,False,"Prompt, payload or response hash differs"
862a32bea516f8ca98eb:MiniMax-M3,MiniMax-M3,False,"Prompt, payload or response hash differs"
9aa7fade8290489559b0:deepseek-v4-pro,deepseek-v4-pro,False,"Prompt, payload or response hash differs"
a119047ca49b5d8d228e:MiniMax-M3,MiniMax-M3,False,"Prompt, payload or response hash differs"
7492efb6579ed908f93a:deepseek-v4-pro,deepseek-v4-pro,False,"Prompt, payload or response hash differs"
e231520820a0701dae26:deepseek-v4-pro,deepseek-v4-pro,False,"Prompt, payload or response hash differs"
43709a0c0f547a4ddf90:deepseek-v4-pro,deepseek-v4-pro,False,"Prompt, payload or response hash differs"
9945c2b1b873c178861f:deepseek-v4-pro,deepseek-v4-pro,False,"Prompt, payload or response hash differs"
a0dfbebd61f7d55d282f:deepseek-v4-pro,deepseek-v4-pro,False,"Prompt, payload or response hash differs"
75b59ed8b09b11069a23:MiniMax-M3,MiniMax-M3,False,"Prompt, payload or response hash differs"
574776e0e61439f0f049:MiniMax-M3,MiniMax-M3,False,"Prompt, payload or response hash differs"
9cb47864c1e1f50a9baf:deepseek-v4-pro,deepseek-v4-pro,False,"Prompt, payload or response hash differs"
39d12409902467d150ae:MiniMax-M3,MiniMax-M3,False,"Prompt, payload or response hash differs"
bdc11a31d9a22a6476ff:deepseek-v4-pro,deepseek-v4-pro,False,"Prompt, payload or response hash differs"
16fc311fac30ec8b0208:deepseek-v4-pro,deepseek-v4-pro,False,"Prompt, payload or response hash differs"
316b2c2a6a37ef191fb4:deepseek-v4-pro,deepseek-v4-pro,False,"Prompt, payload or response hash differs"
6c17b7dc790e5e71ed7e:deepseek-v4-pro,deepseek-v4-pro,False,"Prompt, payload or response hash differs"
40c4d2dc9202c6b508ba:MiniMax-M3,MiniMax-M3,False,"Prompt, payload or response hash differs"
dfc760fa2baa7cfdda1a:MiniMax-M3,MiniMax-M3,False,"Prompt, payload or response hash differs"
447cbba2dcc9498fa656:deepseek-v4-pro,deepseek-v4-pro,False,"Prompt, payload or response hash differs"
93fa5f12f81cbf2fa691:deepseek-v4-pro,deepseek-v4-pro,False,"Prompt, payload or response hash differs"
020e9f469c837156b9ec:deepseek-v4-pro,deepseek-v4-pro,False,"Prompt, payload or response hash differs"
13e136e29daeb862b0aa:deepseek-v4-pro,deepseek-v4-pro,False,"Prompt, payload or response hash differs"
62f22017bdf14b44c67d:deepseek-v4-pro,deepseek-v4-pro,False,"Prompt, payload or response hash differs"
cfc4e9b27d605964e0ab:MiniMax-M3,MiniMax-M3,False,"Prompt, payload or response hash differs"
b52158dbd798fd6325aa:MiniMax-M3,MiniMax-M3,False,"Prompt, payload or response hash differs"
0057b95c9aa11cc4f3d8:deepseek-v4-pro,deepseek-v4-pro,False,"Prompt, payload or response hash differs"
b84a954d8608356e93ff:MiniMax-M3,MiniMax-M3,False,"Prompt, payload or response hash differs"
46ea0bcb85a374c5af88:MiniMax-M3,MiniMax-M3,False,"Prompt, payload or response hash differs"
2d7308434133b2e75504:MiniMax-M3,MiniMax-M3,False,"Prompt, payload or response hash differs"
1b9525ae437c1d12692d:deepseek-v4-pro,deepseek-v4-pro,False,"Prompt, payload or response hash differs"
56443f97d1f220345639:deepseek-v4-pro,deepseek-v4-pro,False,"Prompt, payload or response hash differs"
ca3fd38f1d5555dc5c94:MiniMax-M3,MiniMax-M3,False,"Prompt, payload or response hash differs"
8cd8d7afc191d3d58f93:deepseek-v4-pro,deepseek-v4-pro,False,"Prompt, payload or response hash differs"
39c40048661f52265272:MiniMax-M3,MiniMax-M3,False,"Prompt, payload or response hash differs"
21866bf657fe435722a7:MiniMax-M3,MiniMax-M3,False,"Prompt, payload or response hash differs"
afec1e37b38e89187cc4:deepseek-v4-pro,deepseek-v4-pro,False,"Prompt, payload or response hash differs"
1cbed978308e5232d30b:deepseek-v4-pro,deepseek-v4-pro,False,"Prompt, payload or response hash differs"
c2167c14fa3c440526d4:deepseek-v4-pro,deepseek-v4-pro,False,"Prompt, payload or response hash differs"
d28d940842589a9f94d1:MiniMax-M3,MiniMax-M3,False,"Prompt, payload or response hash differs"
da7a17fb842928a67a50:MiniMax-M3,MiniMax-M3,False,"Prompt, payload or response hash differs"
c54f2e850e775c8b3fe8:deepseek-v4-pro,deepseek-v4-pro,False,"Prompt, payload or response hash differs"
15239b5bf95827637d26:deepseek-v4-pro,deepseek-v4-pro,False,"Prompt, payload or response hash differs"
b06c174be120a5146729:MiniMax-M3,MiniMax-M3,False,"Prompt, payload or response hash differs"
de8cd9cdbd7a288790ba:MiniMax-M3,MiniMax-M3,False,"Prompt, payload or response hash differs"
1843dcdc8cb0fe568ac2:MiniMax-M3,MiniMax-M3,False,"Prompt, payload or response hash differs"
4e90167542536b23365f:MiniMax-M3,MiniMax-M3,False,"Prompt, payload or response hash differs"
87dd0051f9feb1e6860c:deepseek-v4-pro,deepseek-v4-pro,False,"Prompt, payload or response hash differs"
4ed63494e2e316491c93:deepseek-v4-pro,deepseek-v4-pro,False,"Prompt, payload or response hash differs"
e9887ff2395c840df13b:deepseek-v4-pro,deepseek-v4-pro,False,"Prompt, payload or response hash differs"
dd5b7c13ad07a3c107be:MiniMax-M3,MiniMax-M3,False,"Prompt, payload or response hash differs"
3a2ed5ce9528f3331056:MiniMax-M3,MiniMax-M3,False,"Prompt, payload or response hash differs"
70288b521c9f2daffbc2:deepseek-v4-pro,deepseek-v4-pro,False,"Prompt, payload or response hash differs"
5da7487e380a3f55f8ae:MiniMax-M3,MiniMax-M3,False,"Prompt, payload or response hash differs"
3cb2db7e2827f18e0211:deepseek-v4-pro,deepseek-v4-pro,False,"Prompt, payload or response hash differs"
2d7308434133b2e75504:deepseek-v4-pro,deepseek-v4-pro,False,"Prompt, payload or response hash differs"
41a414a43c5448af8b4c:MiniMax-M3,MiniMax-M3,False,"Prompt, payload or response hash differs"
5cad05b8242976fd74bb:deepseek-v4-pro,deepseek-v4-pro,False,"Prompt, payload or response hash differs"
90542c3f39ac20a0264b:MiniMax-M3,MiniMax-M3,False,"Prompt, payload or response hash differs"
da62e015a8fb8db4206a:MiniMax-M3,MiniMax-M3,False,"Prompt, payload or response hash differs"
68505fb6926578ee93fb:deepseek-v4-pro,deepseek-v4-pro,False,"Prompt, payload or response hash differs"
742bc6b2c400089c56c4:MiniMax-M3,MiniMax-M3,False,"Prompt, payload or response hash differs"
970e819e1dc0dc87b259:deepseek-v4-pro,deepseek-v4-pro,False,"Prompt, payload or response hash differs"
458650131b60c022b847:deepseek-v4-pro,deepseek-v4-pro,False,"Prompt, payload or response hash differs"
b7b75856aa5d3e085a65:MiniMax-M3,MiniMax-M3,False,"Prompt, payload or response hash differs"
4024cd533d774dc16d23:deepseek-v4-pro,deepseek-v4-pro,False,"Prompt, payload or response hash differs"
e3f141391c95f6c771f6:deepseek-v4-pro,deepseek-v4-pro,False,"Prompt, payload or response hash differs"
909c646a825b77476b60:MiniMax-M3,MiniMax-M3,False,"Prompt, payload or response hash differs"
c76aa7f32997cce102d6:MiniMax-M3,MiniMax-M3,False,"Prompt, payload or response hash differs"
52b83876bb7593d7956f:MiniMax-M3,MiniMax-M3,False,"Prompt, payload or response hash differs"
e5227799197a8cc966b3:deepseek-v4-pro,deepseek-v4-pro,False,"Prompt, payload or response hash differs"
818c7cc6c9adbf11ee1c:MiniMax-M3,MiniMax-M3,False,"Prompt, payload or response hash differs"
feb4ba510601a62eedb7:MiniMax-M3,MiniMax-M3,False,"Prompt, payload or response hash differs"
591dc49883033cb22629:MiniMax-M3,MiniMax-M3,False,"Prompt, payload or response hash differs"
2039b1133c248ee84947:deepseek-v4-pro,deepseek-v4-pro,False,"Prompt, payload or response hash differs"
277b50d27626c4b2e5ef:MiniMax-M3,MiniMax-M3,False,"Prompt, payload or response hash differs"
6fcbab0be70d31ade48e:deepseek-v4-pro,deepseek-v4-pro,False,"Prompt, payload or response hash differs"
cc64b9386d2bffb223c8:MiniMax-M3,MiniMax-M3,False,"Prompt, payload or response hash differs"
4f606f7a941a0a934ad4:MiniMax-M3,MiniMax-M3,False,"Prompt, payload or response hash differs"
fbcaae7ef8401ee1896e:deepseek-v4-pro,deepseek-v4-pro,False,"Prompt, payload or response hash differs"
202e49037b4f5647f7ff:deepseek-v4-pro,deepseek-v4-pro,False,"Prompt, payload or response hash differs"
6065d7291914a7982981:deepseek-v4-pro,deepseek-v4-pro,False,"Prompt, payload or response hash differs"
de8cd9cdbd7a288790ba:deepseek-v4-pro,deepseek-v4-pro,False,"Prompt, payload or response hash differs"
ccaff29acfed2e9421fc:MiniMax-M3,MiniMax-M3,False,"Prompt, payload or response hash differs"
3766f7ea7714053a0f24:deepseek-v4-pro,deepseek-v4-pro,False,"Prompt, payload or response hash differs"
16afc2af4c06f97219f6:deepseek-v4-pro,deepseek-v4-pro,False,"Prompt, payload or response hash differs"
76f99df44f7ea54e6f51:deepseek-v4-pro,deepseek-v4-pro,False,"Prompt, payload or response hash differs"
3e6ee238727142e6cd7a:deepseek-v4-pro,deepseek-v4-pro,False,"Prompt, payload or response hash differs"
bb3115798fe842b77853:deepseek-v4-pro,deepseek-v4-pro,False,"Prompt, payload or response hash differs"
230a537a30dfa972ab32:deepseek-v4-pro,deepseek-v4-pro,False,"Prompt, payload or response hash differs"
00f4ce542eab5ee2679b:MiniMax-M3,MiniMax-M3,False,"Prompt, payload or response hash differs"
9b07bd4b4924e390e050:deepseek-v4-pro,deepseek-v4-pro,False,"Prompt, payload or response hash differs"
5989883e4e5bcd867a61:MiniMax-M3,MiniMax-M3,False,"Prompt, payload or response hash differs"
9c7ccc73058337451cb8:MiniMax-M3,MiniMax-M3,False,"Prompt, payload or response hash differs"
74a489178668c1979cd6:deepseek-v4-pro,deepseek-v4-pro,False,"Prompt, payload or response hash differs"
fd8d86242f8c706566b8:deepseek-v4-pro,deepseek-v4-pro,False,"Prompt, payload or response hash differs"
fb93451910e4c592f638:deepseek-v4-pro,deepseek-v4-pro,False,"Prompt, payload or response hash differs"
df54016301596ae4b389:deepseek-v4-pro,deepseek-v4-pro,False,"Prompt, payload or response hash differs"
e14f7ef51178d3d48b46:deepseek-v4-pro,deepseek-v4-pro,False,"Prompt, payload or response hash differs"
97badf0ae2c80e46a6b8:MiniMax-M3,MiniMax-M3,False,"Prompt, payload or response hash differs"
b48f3389b7e5a2934426:deepseek-v4-pro,deepseek-v4-pro,False,"Prompt, payload or response hash differs"
35b9805972ca7650bb32:MiniMax-M3,MiniMax-M3,False,"Prompt, payload or response hash differs"
1ae2a6cac9ec0bcb758f:MiniMax-M3,MiniMax-M3,False,"Prompt, payload or response hash differs"
2f2cecde8e6423e9c24c:MiniMax-M3,MiniMax-M3,False,"Prompt, payload or response hash differs"
ccaff29acfed2e9421fc:deepseek-v4-pro,deepseek-v4-pro,False,"Prompt, payload or response hash differs"
cc7891343ddc201ef15e:deepseek-v4-pro,deepseek-v4-pro,False,"Prompt, payload or response hash differs"
cba1aecb927b10de0d73:deepseek-v4-pro,deepseek-v4-pro,False,"Prompt, payload or response hash differs"
aabb865f782213748665:MiniMax-M3,MiniMax-M3,False,"Prompt, payload or response hash differs"
ba2fa33d0137daf67a16:deepseek-v4-pro,deepseek-v4-pro,False,"Prompt, payload or response hash differs"
1b22e1b3500f40709158:deepseek-v4-pro,deepseek-v4-pro,False,"Prompt, payload or response hash differs"
a2b6587909bbdf205660:deepseek-v4-pro,deepseek-v4-pro,False,"Prompt, payload or response hash differs"
3c58ca9e815ea28a7dd6:MiniMax-M3,MiniMax-M3,False,"Prompt, payload or response hash differs"
058a4e108925db71f987:MiniMax-M3,MiniMax-M3,False,"Prompt, payload or response hash differs"
4e3a1329e8dc8342b598:MiniMax-M3,MiniMax-M3,False,"Prompt, payload or response hash differs"
a2fcfb8eb83a28d780e1:MiniMax-M3,MiniMax-M3,False,"Prompt, payload or response hash differs"
00d6c65950ffb7eb066d:MiniMax-M3,MiniMax-M3,False,"Prompt, payload or response hash differs"
e231520820a0701dae26:MiniMax-M3,MiniMax-M3,False,"Prompt, payload or response hash differs"
766e00508a6765709713:deepseek-v4-pro,deepseek-v4-pro,False,"Prompt, payload or response hash differs"
9437e4b7399a67988c46:MiniMax-M3,MiniMax-M3,False,"Prompt, payload or response hash differs"
74d5e5bce9f8981a44cf:MiniMax-M3,MiniMax-M3,False,"Prompt, payload or response hash differs"
fa5842beb054c2a054ab:deepseek-v4-pro,deepseek-v4-pro,False,"Prompt, payload or response hash differs"
1170895d2dc398475a72:deepseek-v4-pro,deepseek-v4-pro,False,"Prompt, payload or response hash differs"
193e3e9fe7844e6475da:deepseek-v4-pro,deepseek-v4-pro,False,"Prompt, payload or response hash differs"
330af4f75e2ad3dd82d0:deepseek-v4-pro,deepseek-v4-pro,False,"Prompt, payload or response hash differs"
31dd1a9016ee1e48ea85:deepseek-v4-pro,deepseek-v4-pro,False,"Prompt, payload or response hash differs"
ba7100c092512fa90f78:MiniMax-M3,MiniMax-M3,False,"Prompt, payload or response hash differs"
da7a17fb842928a67a50:deepseek-v4-pro,deepseek-v4-pro,False,"Prompt, payload or response hash differs"
447cbba2dcc9498fa656:MiniMax-M3,MiniMax-M3,False,"Prompt, payload or response hash differs"
52edd6cb8299b6f84d61:deepseek-v4-pro,deepseek-v4-pro,False,"Prompt, payload or response hash differs"
0382e27b3de595b9559d:MiniMax-M3,MiniMax-M3,False,"Prompt, payload or response hash differs"
870e1372cabc1eec25d6:MiniMax-M3,MiniMax-M3,False,"Prompt, payload or response hash differs"
6b024497b5b8f2cd6a42:MiniMax-M3,MiniMax-M3,False,"Prompt, payload or response hash differs"
1e7b659e42050bd70001:MiniMax-M3,MiniMax-M3,False,"Prompt, payload or response hash differs"
5a79cde131a32752cc86:MiniMax-M3,MiniMax-M3,False,"Prompt, payload or response hash differs"
563627a0283255f2cb12:deepseek-v4-pro,deepseek-v4-pro,False,"Prompt, payload or response hash differs"
36a45862e02d48dc14d1:MiniMax-M3,MiniMax-M3,False,"Prompt, payload or response hash differs"
3a40ad09d4727b0a0daa:MiniMax-M3,MiniMax-M3,False,"Prompt, payload or response hash differs"
8448f7e1f1dd37ad25aa:deepseek-v4-pro,deepseek-v4-pro,False,"Prompt, payload or response hash differs"
b4e746efba71e4047bec:MiniMax-M3,MiniMax-M3,False,"Prompt, payload or response hash differs"
8ea5cd6e51d618949ec5:deepseek-v4-pro,deepseek-v4-pro,False,"Prompt, payload or response hash differs"
273e8a32aa55002422ec:deepseek-v4-pro,deepseek-v4-pro,False,"Prompt, payload or response hash differs"
992bc20710aa61ad92d2:deepseek-v4-pro,deepseek-v4-pro,False,"Prompt, payload or response hash differs"
cec37481da9feee16f68:MiniMax-M3,MiniMax-M3,False,"Prompt, payload or response hash differs"
aaf5e713a2fb8ae27afc:deepseek-v4-pro,deepseek-v4-pro,False,"Prompt, payload or response hash differs"
62e9945a004d38975a02:deepseek-v4-pro,deepseek-v4-pro,False,"Prompt, payload or response hash differs"
8f33dc1705a932ab2720:MiniMax-M3,MiniMax-M3,False,"Prompt, payload or response hash differs"
6efc041f6011bbd577b9:MiniMax-M3,MiniMax-M3,False,"Prompt, payload or response hash differs"
2168a57f8a950fc342a5:deepseek-v4-pro,deepseek-v4-pro,False,"Prompt, payload or response hash differs"
4095e5530bd88db7ae47:deepseek-v4-pro,deepseek-v4-pro,False,"Prompt, payload or response hash differs"
5042f6f819a8c2c7af6f:MiniMax-M3,MiniMax-M3,False,"Prompt, payload or response hash differs"
af9002627543ee0bc302:MiniMax-M3,MiniMax-M3,False,"Prompt, payload or response hash differs"
fdea4f68db3babde6ce4:MiniMax-M3,MiniMax-M3,False,"Prompt, payload or response hash differs"
59b1485cdcdbb72166a7:MiniMax-M3,MiniMax-M3,False,"Prompt, payload or response hash differs"
1a3525f3059b221ba5e2:deepseek-v4-pro,deepseek-v4-pro,False,"Prompt, payload or response hash differs"
c4e9cb81a2387a774607:deepseek-v4-pro,deepseek-v4-pro,False,"Prompt, payload or response hash differs"
bb5fb56e27085a8de1b5:MiniMax-M3,MiniMax-M3,False,"Prompt, payload or response hash differs"
d714c40c3e8de5563e11:deepseek-v4-pro,deepseek-v4-pro,False,"Prompt, payload or response hash differs"
dead306a7504dec571c0:MiniMax-M3,MiniMax-M3,False,"Prompt, payload or response hash differs"
5d7232c4d573727ccd97:deepseek-v4-pro,deepseek-v4-pro,False,"Prompt, payload or response hash differs"
3c175018dee5c79a3b66:deepseek-v4-pro,deepseek-v4-pro,False,"Prompt, payload or response hash differs"
27d3de15ffc583b65f0e:MiniMax-M3,MiniMax-M3,False,"Prompt, payload or response hash differs"
7813a8c597f5ed2141ab:MiniMax-M3,MiniMax-M3,False,"Prompt, payload or response hash differs"
f14aeb60dfcaeb9ff7ec:MiniMax-M3,MiniMax-M3,False,"Prompt, payload or response hash differs"
0760ddb2856d018a1b1f:deepseek-v4-pro,deepseek-v4-pro,False,"Prompt, payload or response hash differs"
140cda6a9fc95d1639b1:deepseek-v4-pro,deepseek-v4-pro,False,"Prompt, payload or response hash differs"
f252500aed54144dd5b5:MiniMax-M3,MiniMax-M3,False,"Prompt, payload or response hash differs"
6a49032e4e5d0aa8e3e9:deepseek-v4-pro,deepseek-v4-pro,False,"Prompt, payload or response hash differs"
7d8d8057e9bf9c54a932:MiniMax-M3,MiniMax-M3,False,"Prompt, payload or response hash differs"
c93e45e5a9dd9b5801b3:MiniMax-M3,MiniMax-M3,False,"Prompt, payload or response hash differs"
99d6e25a401fb754cc42:MiniMax-M3,MiniMax-M3,False,"Prompt, payload or response hash differs"
86bee6ccb9ad2a1b4925:MiniMax-M3,MiniMax-M3,False,"Prompt, payload or response hash differs"
5ce6d6f0c23719a638e7:deepseek-v4-pro,deepseek-v4-pro,False,"Prompt, payload or response hash differs"
1c6ffdd9f287aa4be860:deepseek-v4-pro,deepseek-v4-pro,False,"Prompt, payload or response hash differs"
0b16c63250219e03b615:deepseek-v4-pro,deepseek-v4-pro,False,"Prompt, payload or response hash differs"
09e87d331ff1bdd7cbed:MiniMax-M3,MiniMax-M3,False,"Prompt, payload or response hash differs"
3f17e349ac98877ef780:deepseek-v4-pro,deepseek-v4-pro,False,"Prompt, payload or response hash differs"
47994d6b833da79776d3:deepseek-v4-pro,deepseek-v4-pro,False,"Prompt, payload or response hash differs"
cdfbb86b98def74d7797:MiniMax-M3,MiniMax-M3,False,"Prompt, payload or response hash differs"
8887b7b0adcaf75a3ef3:MiniMax-M3,MiniMax-M3,False,"Prompt, payload or response hash differs"
ede62fbed12519e9d324:MiniMax-M3,MiniMax-M3,False,"Prompt, payload or response hash differs"
42716dc6d2bddc0dd479:deepseek-v4-pro,deepseek-v4-pro,False,"Prompt, payload or response hash differs"
5eb9604e6d26683cfa3d:deepseek-v4-pro,deepseek-v4-pro,False,"Prompt, payload or response hash differs"
276af237fe3ba045964f:MiniMax-M3,MiniMax-M3,False,"Prompt, payload or response hash differs"
6cd6ddfb27cb82aabc7d:MiniMax-M3,MiniMax-M3,False,"Prompt, payload or response hash differs"
2b59b4fdad8d8fbdb573:deepseek-v4-pro,deepseek-v4-pro,False,"Prompt, payload or response hash differs"
0c4f871388ed9df06002:MiniMax-M3,MiniMax-M3,False,"Prompt, payload or response hash differs"
9bd235862f03203795dc:MiniMax-M3,MiniMax-M3,False,"Prompt, payload or response hash differs"
3c0891889269935ae6bd:deepseek-v4-pro,deepseek-v4-pro,False,"Prompt, payload or response hash differs"
3dc90cabca4b45c953dd:deepseek-v4-pro,deepseek-v4-pro,False,"Prompt, payload or response hash differs"
42716dc6d2bddc0dd479:MiniMax-M3,MiniMax-M3,False,"Prompt, payload or response hash differs"
ae935b44e42bf5f643a9:MiniMax-M3,MiniMax-M3,False,"Prompt, payload or response hash differs"
a86f3f5afdf3eefc048c:deepseek-v4-pro,deepseek-v4-pro,False,"Prompt, payload or response hash differs"
383599584b5d1f501a7c:deepseek-v4-pro,deepseek-v4-pro,False,"Prompt, payload or response hash differs"
600efac0e2f5bf317bf1:MiniMax-M3,MiniMax-M3,False,"Prompt, payload or response hash differs"
ed995a4a14d19a8bb67b:deepseek-v4-pro,deepseek-v4-pro,False,"Prompt, payload or response hash differs"
8a023a4d7a8d4e5a78e1:deepseek-v4-pro,deepseek-v4-pro,False,"Prompt, payload or response hash differs"
ab0045e09ca9d05b571b:deepseek-v4-pro,deepseek-v4-pro,False,"Prompt, payload or response hash differs"
46a639eda3428bcce000:deepseek-v4-pro,deepseek-v4-pro,False,"Prompt, payload or response hash differs"
adb573a522e81cb19dc9:MiniMax-M3,MiniMax-M3,False,"Prompt, payload or response hash differs"
03cbf4092569255bd465:deepseek-v4-pro,deepseek-v4-pro,False,"Prompt, payload or response hash differs"
5d7232c4d573727ccd97:MiniMax-M3,MiniMax-M3,False,"Prompt, payload or response hash differs"
bf3dffe6fa75746c22d0:MiniMax-M3,MiniMax-M3,False,"Prompt, payload or response hash differs"
7aa731e77b2548c0edf5:deepseek-v4-pro,deepseek-v4-pro,False,"Prompt, payload or response hash differs"
cbe3a31b1c1753ddb863:deepseek-v4-pro,deepseek-v4-pro,False,"Prompt, payload or response hash differs"
574776e0e61439f0f049:deepseek-v4-pro,deepseek-v4-pro,False,"Prompt, payload or response hash differs"
7493d53446f2726b5f45:deepseek-v4-pro,deepseek-v4-pro,False,"Prompt, payload or response hash differs"
b130a6fc5fe055d37b0a:MiniMax-M3,MiniMax-M3,False,"Prompt, payload or response hash differs"
72bf0237e7bef0e2aea4:deepseek-v4-pro,deepseek-v4-pro,False,"Prompt, payload or response hash differs"
2d3a05ef7f2034d352ab:MiniMax-M3,MiniMax-M3,False,"Prompt, payload or response hash differs"
c3184f9c34e1d8736816:MiniMax-M3,MiniMax-M3,False,"Prompt, payload or response hash differs"
da0bbf5412de7254093b:deepseek-v4-pro,deepseek-v4-pro,False,"Prompt, payload or response hash differs"
f09badc8c5d55dd931e1:MiniMax-M3,MiniMax-M3,False,"Prompt, payload or response hash differs"
52b83876bb7593d7956f:deepseek-v4-pro,deepseek-v4-pro,False,"Prompt, payload or response hash differs"
ba3459d2e744ccd5274e:deepseek-v4-pro,deepseek-v4-pro,False,"Prompt, payload or response hash differs"
1a922eb87d5fe9247aba:deepseek-v4-pro,deepseek-v4-pro,False,"Prompt, payload or response hash differs"
601e42a43d319e4e1446:MiniMax-M3,MiniMax-M3,False,"Prompt, payload or response hash differs"
e0e1bba3e5155ae45672:MiniMax-M3,MiniMax-M3,False,"Prompt, payload or response hash differs"
05ea881e15d7609a3af8:MiniMax-M3,MiniMax-M3,False,"Prompt, payload or response hash differs"
7104212226fd8e9340cd:MiniMax-M3,MiniMax-M3,False,"Prompt, payload or response hash differs"
cf87b0b25cad3a23e2be:MiniMax-M3,MiniMax-M3,False,"Prompt, payload or response hash differs"
0bc4e5e56241db50d60e:MiniMax-M3,MiniMax-M3,False,"Prompt, payload or response hash differs"
a57f6524f23ab5b6796e:MiniMax-M3,MiniMax-M3,False,"Prompt, payload or response hash differs"
b7b75856aa5d3e085a65:deepseek-v4-pro,deepseek-v4-pro,False,"Prompt, payload or response hash differs"
be38ca491d9bb65f6c5f:deepseek-v4-pro,deepseek-v4-pro,False,"Prompt, payload or response hash differs"
a48f4e0aef7035c7a08f:deepseek-v4-pro,deepseek-v4-pro,False,"Prompt, payload or response hash differs"
1e34fcf43788707158ed:deepseek-v4-pro,deepseek-v4-pro,False,"Prompt, payload or response hash differs"
48c01615436ba44b877b:deepseek-v4-pro,deepseek-v4-pro,False,"Prompt, payload or response hash differs"
32fb2b1d4c831046fde0:deepseek-v4-pro,deepseek-v4-pro,False,"Prompt, payload or response hash differs"
e5ddca70d0d3abeae57c:MiniMax-M3,MiniMax-M3,False,"Prompt, payload or response hash differs"
4cce99a5492db8eb758a:MiniMax-M3,MiniMax-M3,False,"Prompt, payload or response hash differs"
eef721d3f5a306c8df69:MiniMax-M3,MiniMax-M3,False,"Prompt, payload or response hash differs"
d8b3405d624dd5bfcf3f:deepseek-v4-pro,deepseek-v4-pro,False,"Prompt, payload or response hash differs"
402175eef1fa75849da1:deepseek-v4-pro,deepseek-v4-pro,False,"Prompt, payload or response hash differs"
d0ca5962a45762bc129f:deepseek-v4-pro,deepseek-v4-pro,False,"Prompt, payload or response hash differs"
967200129caea21053d5:deepseek-v4-pro,deepseek-v4-pro,False,"Prompt, payload or response hash differs"
020e9f469c837156b9ec:MiniMax-M3,MiniMax-M3,False,"Prompt, payload or response hash differs"
97bbdba3df50cb2981f0:MiniMax-M3,MiniMax-M3,False,"Prompt, payload or response hash differs"
30dcef4f54784ac6a6ce:MiniMax-M3,MiniMax-M3,False,"Prompt, payload or response hash differs"
1b4c951a20af2f865c71:deepseek-v4-pro,deepseek-v4-pro,False,"Prompt, payload or response hash differs"
c4ec6f8b59fcc56f0d93:deepseek-v4-pro,deepseek-v4-pro,False,"Prompt, payload or response hash differs"
2e61030eefc5ec2a6339:MiniMax-M3,MiniMax-M3,False,"Prompt, payload or response hash differs"
8d5fbb5603b428a0be85:MiniMax-M3,MiniMax-M3,False,"Prompt, payload or response hash differs"
d204ea050fbf29cda3cf:MiniMax-M3,MiniMax-M3,False,"Prompt, payload or response hash differs"
d63e9320eb415e6c4479:deepseek-v4-pro,deepseek-v4-pro,False,"Prompt, payload or response hash differs"
066e685849802b0ca747:MiniMax-M3,MiniMax-M3,False,"Prompt, payload or response hash differs"
a02573c7192a0f969d85:deepseek-v4-pro,deepseek-v4-pro,False,"Prompt, payload or response hash differs"
f66262c5a7e3d68c251e:MiniMax-M3,MiniMax-M3,False,"Prompt, payload or response hash differs"
fdea4f68db3babde6ce4:deepseek-v4-pro,deepseek-v4-pro,False,"Prompt, payload or response hash differs"
d5bf392d1eae0aa3c13a:deepseek-v4-pro,deepseek-v4-pro,False,"Prompt, payload or response hash differs"
f625b6e3560f7fbd5541:MiniMax-M3,MiniMax-M3,False,"Prompt, payload or response hash differs"
376640509e8282fb0c9d:deepseek-v4-pro,deepseek-v4-pro,False,"Prompt, payload or response hash differs"
528a8d59ec4f3a60aff6:deepseek-v4-pro,deepseek-v4-pro,False,"Prompt, payload or response hash differs"
25f8ad8ba5954832f57d:deepseek-v4-pro,deepseek-v4-pro,False,"Prompt, payload or response hash differs"
992bc20710aa61ad92d2:MiniMax-M3,MiniMax-M3,False,"Prompt, payload or response hash differs"
b2a272ae8b3b0e520217:deepseek-v4-pro,deepseek-v4-pro,False,"Prompt, payload or response hash differs"
be5b7666bd76cc048760:MiniMax-M3,MiniMax-M3,False,"Prompt, payload or response hash differs"
ae606fa8bc33f088e65d:MiniMax-M3,MiniMax-M3,False,"Prompt, payload or response hash differs"
1f33d24eb079482614d6:deepseek-v4-pro,deepseek-v4-pro,False,"Prompt, payload or response hash differs"
4cce99a5492db8eb758a:deepseek-v4-pro,deepseek-v4-pro,False,"Prompt, payload or response hash differs"
adb8639f0d43526c19eb:deepseek-v4-pro,deepseek-v4-pro,False,"Prompt, payload or response hash differs"
3d47f81b15957e799d40:deepseek-v4-pro,deepseek-v4-pro,False,"Prompt, payload or response hash differs"
44d0719ef9e95251fe34:MiniMax-M3,MiniMax-M3,False,"Prompt, payload or response hash differs"
071210e98a4b94dc1133:MiniMax-M3,MiniMax-M3,False,"Prompt, payload or response hash differs"
ccb7bbdce203937daef9:MiniMax-M3,MiniMax-M3,False,"Prompt, payload or response hash differs"
7a005e773aa1f2078093:MiniMax-M3,MiniMax-M3,False,"Prompt, payload or response hash differs"
eb46498f2fe43a81559e:MiniMax-M3,MiniMax-M3,False,"Prompt, payload or response hash differs"
17133e3ff0f3e6ff4a18:deepseek-v4-pro,deepseek-v4-pro,False,"Prompt, payload or response hash differs"
ac9fe2faff91f3b7c5a7:deepseek-v4-pro,deepseek-v4-pro,False,"Prompt, payload or response hash differs"
22e0ad9b1d2916aead69:deepseek-v4-pro,deepseek-v4-pro,False,"Prompt, payload or response hash differs"
c9965d5f42124e04d301:deepseek-v4-pro,deepseek-v4-pro,False,"Prompt, payload or response hash differs"
b6132e8887aa0976666f:deepseek-v4-pro,deepseek-v4-pro,False,"Prompt, payload or response hash differs"
e88fba615059332569d0:deepseek-v4-pro,deepseek-v4-pro,False,"Prompt, payload or response hash differs"
a29e6bebbede6f36f4f5:MiniMax-M3,MiniMax-M3,False,"Prompt, payload or response hash differs"
256d1e74f3f66348c163:deepseek-v4-pro,deepseek-v4-pro,False,"Prompt, payload or response hash differs"
a28cc086d673622868db:deepseek-v4-pro,deepseek-v4-pro,False,"Prompt, payload or response hash differs"
7354d76bfebc0a305cbe:deepseek-v4-pro,deepseek-v4-pro,False,"Prompt, payload or response hash differs"
dfcf6569dce0cbb1a5c7:MiniMax-M3,MiniMax-M3,False,"Prompt, payload or response hash differs"
f985a65a251a1cabfae3:deepseek-v4-pro,deepseek-v4-pro,False,"Prompt, payload or response hash differs"
d9fd0619ec3ce4c88e3e:MiniMax-M3,MiniMax-M3,False,"Prompt, payload or response hash differs"
934e9657be5952d4c39f:MiniMax-M3,MiniMax-M3,False,"Prompt, payload or response hash differs"
c2717371baf8803c01f8:MiniMax-M3,MiniMax-M3,False,"Prompt, payload or response hash differs"
1654e7a69485d6c299da:MiniMax-M3,MiniMax-M3,False,"Prompt, payload or response hash differs"
24e716d6d60765851dd2:deepseek-v4-pro,deepseek-v4-pro,False,"Prompt, payload or response hash differs"
1b3df7e4791cc16d579f:deepseek-v4-pro,deepseek-v4-pro,False,"Prompt, payload or response hash differs"
49daca19274c08ff63e8:MiniMax-M3,MiniMax-M3,False,"Prompt, payload or response hash differs"
ce7c290f895831e5254c:deepseek-v4-pro,deepseek-v4-pro,False,"Prompt, payload or response hash differs"
f89aecf7a25b7ef6d68e:deepseek-v4-pro,deepseek-v4-pro,False,"Prompt, payload or response hash differs"
e33d8dcf6fdd957ff8a8:MiniMax-M3,MiniMax-M3,False,"Prompt, payload or response hash differs"
1b3402307917b3beea32:MiniMax-M3,MiniMax-M3,False,"Prompt, payload or response hash differs"
ba3459d2e744ccd5274e:MiniMax-M3,MiniMax-M3,False,"Prompt, payload or response hash differs"
505395969a58a04b4d8c:MiniMax-M3,MiniMax-M3,False,"Prompt, payload or response hash differs"
a98c5ae58605293ba987:deepseek-v4-pro,deepseek-v4-pro,False,"Prompt, payload or response hash differs"
4c910af908493acc18cc:deepseek-v4-pro,deepseek-v4-pro,False,"Prompt, payload or response hash differs"
01d5625406a4c61a1944:MiniMax-M3,MiniMax-M3,False,"Prompt, payload or response hash differs"
1ae2a6cac9ec0bcb758f:deepseek-v4-pro,deepseek-v4-pro,False,"Prompt, payload or response hash differs"
a5ce0988645ed10b8a09:deepseek-v4-pro,deepseek-v4-pro,False,"Prompt, payload or response hash differs"
87dd0051f9feb1e6860c:MiniMax-M3,MiniMax-M3,False,"Prompt, payload or response hash differs"
5390ba8b8f23755a7e49:MiniMax-M3,MiniMax-M3,False,"Prompt, payload or response hash differs"
59bf3d4aceabe0a1cf9d:MiniMax-M3,MiniMax-M3,False,"Prompt, payload or response hash differs"
68766f9a118145d0ff2d:deepseek-v4-pro,deepseek-v4-pro,False,"Prompt, payload or response hash differs"
95e8b31c43ea4d02347c:MiniMax-M3,MiniMax-M3,False,"Prompt, payload or response hash differs"
7f9b88c6d19bc9406105:deepseek-v4-pro,deepseek-v4-pro,False,"Prompt, payload or response hash differs"
231e9cb164431d57613a:deepseek-v4-pro,deepseek-v4-pro,False,"Prompt, payload or response hash differs"
231e9cb164431d57613a:MiniMax-M3,MiniMax-M3,False,"Prompt, payload or response hash differs"
f5c5704210c144fa5d27:MiniMax-M3,MiniMax-M3,False,"Prompt, payload or response hash differs"
311186e144769116918b:MiniMax-M3,MiniMax-M3,False,"Prompt, payload or response hash differs"
a69111a31c797aa9afe1:deepseek-v4-pro,deepseek-v4-pro,False,"Prompt, payload or response hash differs"
ded806eded1dbd9e41b1:MiniMax-M3,MiniMax-M3,False,"Prompt, payload or response hash differs"
73a89799259b80508bcb:deepseek-v4-pro,deepseek-v4-pro,False,"Prompt, payload or response hash differs"
477977efb921a78268e6:MiniMax-M3,MiniMax-M3,False,"Prompt, payload or response hash differs"
1a332b56cbe3d06120e2:deepseek-v4-pro,deepseek-v4-pro,False,"Prompt, payload or response hash differs"
9f5d8ca27cf36a7f4594:deepseek-v4-pro,deepseek-v4-pro,False,"Prompt, payload or response hash differs"
8887b7b0adcaf75a3ef3:deepseek-v4-pro,deepseek-v4-pro,False,"Prompt, payload or response hash differs"
949a039d2aa3c6e069d7:MiniMax-M3,MiniMax-M3,False,"Prompt, payload or response hash differs"
44ab3f17d4cfa90dfaa0:MiniMax-M3,MiniMax-M3,False,"Prompt, payload or response hash differs"
68505fb6926578ee93fb:MiniMax-M3,MiniMax-M3,False,"Prompt, payload or response hash differs"
a86f3f5afdf3eefc048c:MiniMax-M3,MiniMax-M3,False,"Prompt, payload or response hash differs"
12347cdbae33be52fec5:MiniMax-M3,MiniMax-M3,False,"Prompt, payload or response hash differs"
19ed815f2486b11c46b2:MiniMax-M3,MiniMax-M3,False,"Prompt, payload or response hash differs"
ab415654c0080b3ad8c8:deepseek-v4-pro,deepseek-v4-pro,False,"Prompt, payload or response hash differs"
a93fe2adea5e710f10f9:deepseek-v4-pro,deepseek-v4-pro,False,"Prompt, payload or response hash differs"
f75b08eaaccfd0c7ed6a:deepseek-v4-pro,deepseek-v4-pro,False,"Prompt, payload or response hash differs"
29f72988c2335c70ca2b:MiniMax-M3,MiniMax-M3,False,"Prompt, payload or response hash differs"
bd1d0ddcc55263c30abe:MiniMax-M3,MiniMax-M3,False,"Prompt, payload or response hash differs"
aa148eca579c1b567fc1:MiniMax-M3,MiniMax-M3,False,"Prompt, payload or response hash differs"
37d3c7c485866bfb7fe1:MiniMax-M3,MiniMax-M3,False,"Prompt, payload or response hash differs"
faa4321fdc1cb4403142:deepseek-v4-pro,deepseek-v4-pro,False,"Prompt, payload or response hash differs"
d9fd0619ec3ce4c88e3e:deepseek-v4-pro,deepseek-v4-pro,False,"Prompt, payload or response hash differs"
9f5d8ca27cf36a7f4594:MiniMax-M3,MiniMax-M3,False,"Prompt, payload or response hash differs"
f8782a6aba99553f95cf:MiniMax-M3,MiniMax-M3,False,"Prompt, payload or response hash differs"
101195358deeafdee0d7:deepseek-v4-pro,deepseek-v4-pro,False,"Prompt, payload or response hash differs"
d8c7e95894f258db02b5:deepseek-v4-pro,deepseek-v4-pro,False,"Prompt, payload or response hash differs"
2305c4d6425fee16bfb1:MiniMax-M3,MiniMax-M3,False,"Prompt, payload or response hash differs"
05ea881e15d7609a3af8:deepseek-v4-pro,deepseek-v4-pro,False,"Prompt, payload or response hash differs"
3f898f28bdb818c49edb:MiniMax-M3,MiniMax-M3,False,"Prompt, payload or response hash differs"
a50b68cc96a1ee1c7266:MiniMax-M3,MiniMax-M3,False,"Prompt, payload or response hash differs"
e227cc295edf43734a4e:deepseek-v4-pro,deepseek-v4-pro,False,"Prompt, payload or response hash differs"
ded806eded1dbd9e41b1:deepseek-v4-pro,deepseek-v4-pro,False,"Prompt, payload or response hash differs"
1aef2c7c33d90f7a4990:deepseek-v4-pro,deepseek-v4-pro,False,"Prompt, payload or response hash differs"
45beb2be58de0319a79d:MiniMax-M3,MiniMax-M3,False,"Prompt, payload or response hash differs"
d714c40c3e8de5563e11:MiniMax-M3,MiniMax-M3,False,"Prompt, payload or response hash differs"
7cc44e7c136e34ac488f:MiniMax-M3,MiniMax-M3,False,"Prompt, payload or response hash differs"
3ea3bdc1b8004bd899fa:MiniMax-M3,MiniMax-M3,False,"Prompt, payload or response hash differs"
e3e5a0341210b5bd1fc0:deepseek-v4-pro,deepseek-v4-pro,False,"Prompt, payload or response hash differs"
de355b29ce9cc8be9fca:MiniMax-M3,MiniMax-M3,False,"Prompt, payload or response hash differs"
cbe3a31b1c1753ddb863:MiniMax-M3,MiniMax-M3,False,"Prompt, payload or response hash differs"
eb2afa41289db1949707:MiniMax-M3,MiniMax-M3,False,"Prompt, payload or response hash differs"
e46d7d2e3f4d041e9716:deepseek-v4-pro,deepseek-v4-pro,False,"Prompt, payload or response hash differs"
65ceee4d0166249deb61:MiniMax-M3,MiniMax-M3,False,"Prompt, payload or response hash differs"
7354d76bfebc0a305cbe:MiniMax-M3,MiniMax-M3,False,"Prompt, payload or response hash differs"
9ce0bd86788b92285c8b:MiniMax-M3,MiniMax-M3,False,"Prompt, payload or response hash differs"
93fa5f12f81cbf2fa691:MiniMax-M3,MiniMax-M3,False,"Prompt, payload or response hash differs"
8ec1e93540f039fb4216:MiniMax-M3,MiniMax-M3,False,"Prompt, payload or response hash differs"
748a7335abb2e785041f:deepseek-v4-pro,deepseek-v4-pro,False,"Prompt, payload or response hash differs"
ff2cc65a59460e6b6aea:MiniMax-M3,MiniMax-M3,False,"Prompt, payload or response hash differs"
8a806bcbe3439fca2a23:deepseek-v4-pro,deepseek-v4-pro,False,"Prompt, payload or response hash differs"
f5f522fe5849ec848c94:deepseek-v4-pro,deepseek-v4-pro,False,"Prompt, payload or response hash differs"
7b5af9ccfe8c3ba91c86:deepseek-v4-pro,deepseek-v4-pro,False,"Prompt, payload or response hash differs"
de33d89805e3ebc0db80:MiniMax-M3,MiniMax-M3,False,"Prompt, payload or response hash differs"
99d6e25a401fb754cc42:deepseek-v4-pro,deepseek-v4-pro,False,"Prompt, payload or response hash differs"
37d32399f68b3301a3cb:deepseek-v4-pro,deepseek-v4-pro,False,"Prompt, payload or response hash differs"
af561ecfabe19df8a156:MiniMax-M3,MiniMax-M3,False,"Prompt, payload or response hash differs"
f62ee0848740a6f961c1:deepseek-v4-pro,deepseek-v4-pro,False,"Prompt, payload or response hash differs"
85ab86d954de1a972bdf:deepseek-v4-pro,deepseek-v4-pro,False,"Prompt, payload or response hash differs"
7d351ee3e69c938da9bd:deepseek-v4-pro,deepseek-v4-pro,False,"Prompt, payload or response hash differs"
cb1e0efaff5ed91d8dcf:deepseek-v4-pro,deepseek-v4-pro,False,"Prompt, payload or response hash differs"
43be903850f8b5cdc7fd:deepseek-v4-pro,deepseek-v4-pro,False,"Prompt, payload or response hash differs"
c64b6e958dbab6974a59:deepseek-v4-pro,deepseek-v4-pro,False,"Prompt, payload or response hash differs"
9da25448cacef21bcdbb:MiniMax-M3,MiniMax-M3,False,"Prompt, payload or response hash differs"
26a754be3230bbf9eed8:MiniMax-M3,MiniMax-M3,False,"Prompt, payload or response hash differs"
398a21f905d173890e70:MiniMax-M3,MiniMax-M3,False,"Prompt, payload or response hash differs"
ff538884f116fbc4921c:deepseek-v4-pro,deepseek-v4-pro,False,"Prompt, payload or response hash differs"
92b6c81eb15689dba57d:deepseek-v4-pro,deepseek-v4-pro,False,"Prompt, payload or response hash differs"
f902d27af6a46d587f8c:MiniMax-M3,MiniMax-M3,False,"Prompt, payload or response hash differs"
d8c7e95894f258db02b5:MiniMax-M3,MiniMax-M3,False,"Prompt, payload or response hash differs"
1bcaeca16ac71c98a2bc:deepseek-v4-pro,deepseek-v4-pro,False,"Prompt, payload or response hash differs"
92a5ea181bc9629c5e33:MiniMax-M3,MiniMax-M3,False,"Prompt, payload or response hash differs"
55599d978dadbf9c6549:deepseek-v4-pro,deepseek-v4-pro,False,"Prompt, payload or response hash differs"
028c96a2d5cd918d3053:deepseek-v4-pro,deepseek-v4-pro,False,"Prompt, payload or response hash differs"
72d6a71794c015b0d9a8:deepseek-v4-pro,deepseek-v4-pro,False,"Prompt, payload or response hash differs"
88a7028945a342a1ec25:deepseek-v4-pro,deepseek-v4-pro,False,"Prompt, payload or response hash differs"
36e6dad7f1870e75c1e9:deepseek-v4-pro,deepseek-v4-pro,False,"Prompt, payload or response hash differs"
5236101df160f5b2d540:MiniMax-M3,MiniMax-M3,False,"Prompt, payload or response hash differs"
a73a949a1f09edfb3a6a:deepseek-v4-pro,deepseek-v4-pro,False,"Prompt, payload or response hash differs"
6e59b5c9688d5c0b2a0b:deepseek-v4-pro,deepseek-v4-pro,False,"Prompt, payload or response hash differs"
ee7a08eef475e86718e2:MiniMax-M3,MiniMax-M3,False,"Prompt, payload or response hash differs"
3ceecc0f4efb192838d1:deepseek-v4-pro,deepseek-v4-pro,False,"Prompt, payload or response hash differs"
d8b3405d624dd5bfcf3f:MiniMax-M3,MiniMax-M3,False,"Prompt, payload or response hash differs"
2305c4d6425fee16bfb1:deepseek-v4-pro,deepseek-v4-pro,False,"Prompt, payload or response hash differs"
119c6bb1172ae6db7c69:deepseek-v4-pro,deepseek-v4-pro,False,"Prompt, payload or response hash differs"
95e8b31c43ea4d02347c:deepseek-v4-pro,deepseek-v4-pro,False,"Prompt, payload or response hash differs"
c0d77dad5bf0979aabe5:deepseek-v4-pro,deepseek-v4-pro,False,"Prompt, payload or response hash differs"
1b705e48580240124e4b:MiniMax-M3,MiniMax-M3,False,"Prompt, payload or response hash differs"
69311ad1934a9fa98065:MiniMax-M3,MiniMax-M3,False,"Prompt, payload or response hash differs"
fab8f1379acf169fb1c9:deepseek-v4-pro,deepseek-v4-pro,False,"Prompt, payload or response hash differs"
9313816510512294f3e9:MiniMax-M3,MiniMax-M3,False,"Prompt, payload or response hash differs"
c3c9288561b856b8dd5d:deepseek-v4-pro,deepseek-v4-pro,False,"Prompt, payload or response hash differs"
a052455a4ba1628204ed:MiniMax-M3,MiniMax-M3,False,"Prompt, payload or response hash differs"
b11b196a5b9b182723f4:MiniMax-M3,MiniMax-M3,False,"Prompt, payload or response hash differs"
7492efb6579ed908f93a:MiniMax-M3,MiniMax-M3,False,"Prompt, payload or response hash differs"
8310a3b33c441155c3ba:deepseek-v4-pro,deepseek-v4-pro,False,"Prompt, payload or response hash differs"
c97e31275f197c1dd7f2:MiniMax-M3,MiniMax-M3,False,"Prompt, payload or response hash differs"
47addb731ccd27cbfb93:deepseek-v4-pro,deepseek-v4-pro,False,"Prompt, payload or response hash differs"
6e59b5c9688d5c0b2a0b:MiniMax-M3,MiniMax-M3,False,"Prompt, payload or response hash differs"
e06714b3b7c7c4d5e5ab:MiniMax-M3,MiniMax-M3,False,"Prompt, payload or response hash differs"
70663dba9a687cd7a9db:deepseek-v4-pro,deepseek-v4-pro,False,"Prompt, payload or response hash differs"
9256650676984fef8d0d:MiniMax-M3,MiniMax-M3,False,"Prompt, payload or response hash differs"
206387d6c12572fb8fb6:deepseek-v4-pro,deepseek-v4-pro,False,"Prompt, payload or response hash differs"
21d84e3532816440e3e5:deepseek-v4-pro,deepseek-v4-pro,False,"Prompt, payload or response hash differs"
a88a9d96607111c9c158:MiniMax-M3,MiniMax-M3,False,"Prompt, payload or response hash differs"
9543d52ed85269f2554c:deepseek-v4-pro,deepseek-v4-pro,False,"Prompt, payload or response hash differs"
376640509e8282fb0c9d:MiniMax-M3,MiniMax-M3,False,"Prompt, payload or response hash differs"
5d69e11ae9c427f2d090:MiniMax-M3,MiniMax-M3,False,"Prompt, payload or response hash differs"
307ef7afadd5000c98a9:deepseek-v4-pro,deepseek-v4-pro,False,"Prompt, payload or response hash differs"
e8cb96667240e05c786a:deepseek-v4-pro,deepseek-v4-pro,False,"Prompt, payload or response hash differs"
27d67222ec74299e74cb:deepseek-v4-pro,deepseek-v4-pro,False,"Prompt, payload or response hash differs"
81381f3aa0dbc8cc2b86:deepseek-v4-pro,deepseek-v4-pro,False,"Prompt, payload or response hash differs"
e22496242a45b17f642c:MiniMax-M3,MiniMax-M3,False,"Prompt, payload or response hash differs"
8d031117ad36655f69be:MiniMax-M3,MiniMax-M3,False,"Prompt, payload or response hash differs"
73a89799259b80508bcb:MiniMax-M3,MiniMax-M3,False,"Prompt, payload or response hash differs"
6cd6ddfb27cb82aabc7d:deepseek-v4-pro,deepseek-v4-pro,False,"Prompt, payload or response hash differs"
1107f62fe858ce256fac:deepseek-v4-pro,deepseek-v4-pro,False,"Prompt, payload or response hash differs"
62799b7147bbc3fd2bc0:MiniMax-M3,MiniMax-M3,False,"Prompt, payload or response hash differs"
9bc5bd6cf973e10ab864:MiniMax-M3,MiniMax-M3,False,"Prompt, payload or response hash differs"
12893be3891e3a33c26a:MiniMax-M3,MiniMax-M3,False,"Prompt, payload or response hash differs"
568dea609c8859935561:deepseek-v4-pro,deepseek-v4-pro,False,"Prompt, payload or response hash differs"
84cd458eebf2bc46c72e:deepseek-v4-pro,deepseek-v4-pro,False,"Prompt, payload or response hash differs"
81381f3aa0dbc8cc2b86:MiniMax-M3,MiniMax-M3,False,"Prompt, payload or response hash differs"
bc1e27cae199da0c0476:deepseek-v4-pro,deepseek-v4-pro,False,"Prompt, payload or response hash differs"
e95940f805065d27d0bf:deepseek-v4-pro,deepseek-v4-pro,False,"Prompt, payload or response hash differs"
a7cad00e32c3b3f1d5a3:MiniMax-M3,MiniMax-M3,False,"Prompt, payload or response hash differs"
29c2e96649410e07bbf4:MiniMax-M3,MiniMax-M3,False,"Prompt, payload or response hash differs"
81ddd85eecda1ac7a4e6:MiniMax-M3,MiniMax-M3,False,"Prompt, payload or response hash differs"
ae935b44e42bf5f643a9:deepseek-v4-pro,deepseek-v4-pro,False,"Prompt, payload or response hash differs"
704e3175f7c98f33440f:MiniMax-M3,MiniMax-M3,False,"Prompt, payload or response hash differs"
1b7c3282c6441a27e21f:MiniMax-M3,MiniMax-M3,False,"Prompt, payload or response hash differs"
fc6ecd25dbe0fefbf48e:deepseek-v4-pro,deepseek-v4-pro,False,"Prompt, payload or response hash differs"
e8cb96667240e05c786a:MiniMax-M3,MiniMax-M3,False,"Prompt, payload or response hash differs"
7ccf84fcf9aba832a0bc:deepseek-v4-pro,deepseek-v4-pro,False,"Prompt, payload or response hash differs"
419592f97365f8c2c303:MiniMax-M3,MiniMax-M3,False,"Prompt, payload or response hash differs"
fab8f1379acf169fb1c9:MiniMax-M3,MiniMax-M3,False,"Prompt, payload or response hash differs"
3c58ca9e815ea28a7dd6:deepseek-v4-pro,deepseek-v4-pro,False,"Prompt, payload or response hash differs"
44484f71f2fb1d230448:MiniMax-M3,MiniMax-M3,False,"Prompt, payload or response hash differs"
383599584b5d1f501a7c:MiniMax-M3,MiniMax-M3,False,"Prompt, payload or response hash differs"
662d7c6ff901e9ba22d3:MiniMax-M3,MiniMax-M3,False,"Prompt, payload or response hash differs"
62fd091875fb176bda07:deepseek-v4-pro,deepseek-v4-pro,False,"Prompt, payload or response hash differs"
ecf4c12e389946b9c954:deepseek-v4-pro,deepseek-v4-pro,False,"Prompt, payload or response hash differs"
d447becb8f92b4844a10:MiniMax-M3,MiniMax-M3,False,"Prompt, payload or response hash differs"
7cec9c5019a9a3373689:deepseek-v4-pro,deepseek-v4-pro,False,"Prompt, payload or response hash differs"
f263edabe0215b1df527:MiniMax-M3,MiniMax-M3,False,"Prompt, payload or response hash differs"
97e9a31b9a6a46d0e26a:MiniMax-M3,MiniMax-M3,False,"Prompt, payload or response hash differs"
85d210b0e67fcbaa7bf6:deepseek-v4-pro,deepseek-v4-pro,False,"Prompt, payload or response hash differs"
5823a8d46e8707c240b7:MiniMax-M3,MiniMax-M3,False,"Prompt, payload or response hash differs"
a94b615b761c8e71a2b0:MiniMax-M3,MiniMax-M3,False,"Prompt, payload or response hash differs"
4b8e110809c95e774cfb:deepseek-v4-pro,deepseek-v4-pro,False,"Prompt, payload or response hash differs"
8a4ad678c69c8ebb3142:MiniMax-M3,MiniMax-M3,False,"Prompt, payload or response hash differs"
7787e74beeae8d84f4e3:deepseek-v4-pro,deepseek-v4-pro,False,"Prompt, payload or response hash differs"
12aa331706713bdc2e5b:deepseek-v4-pro,deepseek-v4-pro,False,"Prompt, payload or response hash differs"
5125daa75cbdee7d7143:deepseek-v4-pro,deepseek-v4-pro,False,"Prompt, payload or response hash differs"
f07688ea975b0e5de563:deepseek-v4-pro,deepseek-v4-pro,False,"Prompt, payload or response hash differs"
1fc6c6e14bca2c535bec:MiniMax-M3,MiniMax-M3,False,"Prompt, payload or response hash differs"
e3514964ee4fd4c00407:MiniMax-M3,MiniMax-M3,False,"Prompt, payload or response hash differs"
a73f6a157c4da46ffccf:MiniMax-M3,MiniMax-M3,False,"Prompt, payload or response hash differs"
9ff77459b32c175ed5ab:deepseek-v4-pro,deepseek-v4-pro,False,"Prompt, payload or response hash differs"
31854085491e7256d3dc:MiniMax-M3,MiniMax-M3,False,"Prompt, payload or response hash differs"
21d84e3532816440e3e5:MiniMax-M3,MiniMax-M3,False,"Prompt, payload or response hash differs"
e7e82f03f98a83bb763f:MiniMax-M3,MiniMax-M3,False,"Prompt, payload or response hash differs"
4b8e110809c95e774cfb:MiniMax-M3,MiniMax-M3,False,"Prompt, payload or response hash differs"
710064b7398092fe3d93:deepseek-v4-pro,deepseek-v4-pro,False,"Prompt, payload or response hash differs"
e9bf25f5b733c1af1cd4:deepseek-v4-pro,deepseek-v4-pro,False,"Prompt, payload or response hash differs"
387df839a01c2b4a5ebd:deepseek-v4-pro,deepseek-v4-pro,False,"Prompt, payload or response hash differs"
2cbd5af02c3269699a90:MiniMax-M3,MiniMax-M3,False,"Prompt, payload or response hash differs"
55c20f4fb72ff9990256:deepseek-v4-pro,deepseek-v4-pro,False,"Prompt, payload or response hash differs"
69461349dacb56425bc9:MiniMax-M3,MiniMax-M3,False,"Prompt, payload or response hash differs"
db26718d55f077669d53:MiniMax-M3,MiniMax-M3,False,"Prompt, payload or response hash differs"
fffbc835409d29493d15:deepseek-v4-pro,deepseek-v4-pro,False,"Prompt, payload or response hash differs"
a97d8c8a2ef424a9981f:MiniMax-M3,MiniMax-M3,False,"Prompt, payload or response hash differs"
1fc6c6e14bca2c535bec:deepseek-v4-pro,deepseek-v4-pro,False,"Prompt, payload or response hash differs"
a45dc3bd49d6787c782e:MiniMax-M3,MiniMax-M3,False,"Prompt, payload or response hash differs"
a78bc8f7ad78a32c16fa:deepseek-v4-pro,deepseek-v4-pro,False,"Prompt, payload or response hash differs"
42c8c03c5ef060c3580b:MiniMax-M3,MiniMax-M3,False,"Prompt, payload or response hash differs"
3e8b7b03abdad190c524:deepseek-v4-pro,deepseek-v4-pro,False,"Prompt, payload or response hash differs"
5dddf512d5837980489a:MiniMax-M3,MiniMax-M3,False,"Prompt, payload or response hash differs"
d65051e9f22e508f6eca:deepseek-v4-pro,deepseek-v4-pro,False,"Prompt, payload or response hash differs"
c54064bd5f3959b4042d:MiniMax-M3,MiniMax-M3,False,"Prompt, payload or response hash differs"
50cc4e5f2b97beb975ec:deepseek-v4-pro,deepseek-v4-pro,False,"Prompt, payload or response hash differs"
ce912e8d85bc9cab96a0:MiniMax-M3,MiniMax-M3,False,"Prompt, payload or response hash differs"
cf79b785159e34343827:deepseek-v4-pro,deepseek-v4-pro,False,"Prompt, payload or response hash differs"
aaf5e713a2fb8ae27afc:MiniMax-M3,MiniMax-M3,False,"Prompt, payload or response hash differs"
319c979b4c4934c889d5:MiniMax-M3,MiniMax-M3,False,"Prompt, payload or response hash differs"
8ce4111409007655f35c:deepseek-v4-pro,deepseek-v4-pro,False,"Prompt, payload or response hash differs"
1e0a5f48cfd1a7ad9ca6:deepseek-v4-pro,deepseek-v4-pro,False,"Prompt, payload or response hash differs"
7cc44c1147e0eb676aee:MiniMax-M3,MiniMax-M3,False,"Prompt, payload or response hash differs"
39730502ccbbeb88dbd5:deepseek-v4-pro,deepseek-v4-pro,False,"Prompt, payload or response hash differs"
e1d1352e6452bad9607d:deepseek-v4-pro,deepseek-v4-pro,False,"Prompt, payload or response hash differs"
fcf5c437f28fc9ea666f:deepseek-v4-pro,deepseek-v4-pro,False,"Prompt, payload or response hash differs"
9bbfc713a7052c97109c:MiniMax-M3,MiniMax-M3,False,"Prompt, payload or response hash differs"
e5227799197a8cc966b3:MiniMax-M3,MiniMax-M3,False,"Prompt, payload or response hash differs"
3e09bbcc367958f854d3:MiniMax-M3,MiniMax-M3,False,"Prompt, payload or response hash differs"
e0191379c937d304744a:deepseek-v4-pro,deepseek-v4-pro,False,"Prompt, payload or response hash differs"
885506699f3e663d0f04:MiniMax-M3,MiniMax-M3,False,"Prompt, payload or response hash differs"
c3c9288561b856b8dd5d:MiniMax-M3,MiniMax-M3,False,"Prompt, payload or response hash differs"
5761ebbde9905b582187:MiniMax-M3,MiniMax-M3,False,"Prompt, payload or response hash differs"
aa148eca579c1b567fc1:deepseek-v4-pro,deepseek-v4-pro,False,"Prompt, payload or response hash differs"
0c7c386e13f34326b9b4:deepseek-v4-pro,deepseek-v4-pro,False,"Prompt, payload or response hash differs"
0c0b5304e0cf4284e5b3:MiniMax-M3,MiniMax-M3,False,"Prompt, payload or response hash differs"
bb3115798fe842b77853:MiniMax-M3,MiniMax-M3,False,"Prompt, payload or response hash differs"
de355b29ce9cc8be9fca:deepseek-v4-pro,deepseek-v4-pro,False,"Prompt, payload or response hash differs"
6de9c554dcf59bfe3241:deepseek-v4-pro,deepseek-v4-pro,False,"Prompt, payload or response hash differs"
89c85efa75d583aa81f9:deepseek-v4-pro,deepseek-v4-pro,False,"Prompt, payload or response hash differs"
b9efb14e8c9f01dd7bb8:deepseek-v4-pro,deepseek-v4-pro,False,"Prompt, payload or response hash differs"
4fea0c9a70154b80d0f7:MiniMax-M3,MiniMax-M3,False,"Prompt, payload or response hash differs"
6081a3b528a9e2e97d04:MiniMax-M3,MiniMax-M3,False,"Prompt, payload or response hash differs"
056e0a6d161ddda24be1:MiniMax-M3,MiniMax-M3,False,"Prompt, payload or response hash differs"
668cab5fbe2a263333c4:MiniMax-M3,MiniMax-M3,False,"Prompt, payload or response hash differs"
3f17e349ac98877ef780:MiniMax-M3,MiniMax-M3,False,"Prompt, payload or response hash differs"
e66c04a158e258048116:deepseek-v4-pro,deepseek-v4-pro,False,"Prompt, payload or response hash differs"
b5a4a5ac21b4af8e120e:deepseek-v4-pro,deepseek-v4-pro,False,"Prompt, payload or response hash differs"
6f908c662359349b8a61:deepseek-v4-pro,deepseek-v4-pro,False,"Prompt, payload or response hash differs"
8bcfff105a7d29c8b5d3:deepseek-v4-pro,deepseek-v4-pro,False,"Prompt, payload or response hash differs"
796b81eed9a2055a5a56:MiniMax-M3,MiniMax-M3,False,"Prompt, payload or response hash differs"
bd1d0ddcc55263c30abe:deepseek-v4-pro,deepseek-v4-pro,False,"Prompt, payload or response hash differs"
a429482e1109df841f04:deepseek-v4-pro,deepseek-v4-pro,False,"Prompt, payload or response hash differs"
09781f3981a2185314e3:deepseek-v4-pro,deepseek-v4-pro,False,"Prompt, payload or response hash differs"
7350c174153a450aa7ab:deepseek-v4-pro,deepseek-v4-pro,False,"Prompt, payload or response hash differs"
b184b7891ed7b967139d:deepseek-v4-pro,deepseek-v4-pro,False,"Prompt, payload or response hash differs"
5d246b9b7226d1cdb912:MiniMax-M3,MiniMax-M3,False,"Prompt, payload or response hash differs"
1a922eb87d5fe9247aba:MiniMax-M3,MiniMax-M3,False,"Prompt, payload or response hash differs"
1860370ae1e0cc295279:MiniMax-M3,MiniMax-M3,False,"Prompt, payload or response hash differs"
3c334a3ae690f33c62cc:MiniMax-M3,MiniMax-M3,False,"Prompt, payload or response hash differs"
b130a6fc5fe055d37b0a:deepseek-v4-pro,deepseek-v4-pro,False,"Prompt, payload or response hash differs"
c71b36a02911f44e6f3f:MiniMax-M3,MiniMax-M3,False,"Prompt, payload or response hash differs"
870ce9d9afb5caabe13c:MiniMax-M3,MiniMax-M3,False,"Prompt, payload or response hash differs"
4b62202be5551b7ef487:deepseek-v4-pro,deepseek-v4-pro,False,"Prompt, payload or response hash differs"
b6057310c43c9a274373:deepseek-v4-pro,deepseek-v4-pro,False,"Prompt, payload or response hash differs"
1a3525f3059b221ba5e2:MiniMax-M3,MiniMax-M3,False,"Prompt, payload or response hash differs"
230a537a30dfa972ab32:MiniMax-M3,MiniMax-M3,False,"Prompt, payload or response hash differs"
8090b43e69de88aba961:deepseek-v4-pro,deepseek-v4-pro,False,"Prompt, payload or response hash differs"
7291f30c5ea35cc44137:MiniMax-M3,MiniMax-M3,False,"Prompt, payload or response hash differs"
e5ddca70d0d3abeae57c:deepseek-v4-pro,deepseek-v4-pro,False,"Prompt, payload or response hash differs"
8d4a0ee38dd5883ed446:deepseek-v4-pro,deepseek-v4-pro,False,"Prompt, payload or response hash differs"
50c83cca7c322e39f3e7:deepseek-v4-pro,deepseek-v4-pro,False,"Prompt, payload or response hash differs"
8a0108e823440eefbae6:MiniMax-M3,MiniMax-M3,False,"Prompt, payload or response hash differs"
58a7475ac140b98faf72:MiniMax-M3,MiniMax-M3,False,"Prompt, payload or response hash differs"
2d3a05ef7f2034d352ab:deepseek-v4-pro,deepseek-v4-pro,False,"Prompt, payload or response hash differs"
0d9d7da2b89e1a129bfe:deepseek-v4-pro,deepseek-v4-pro,False,"Prompt, payload or response hash differs"
7e07619d892684fe0379:deepseek-v4-pro,deepseek-v4-pro,False,"Prompt, payload or response hash differs"
f42b9d3f68ab34ba42c4:deepseek-v4-pro,deepseek-v4-pro,False,"Prompt, payload or response hash differs"
fec29d23162955c0de3a:deepseek-v4-pro,deepseek-v4-pro,False,"Prompt, payload or response hash differs"
35fbfb9c8db47fb4918e:MiniMax-M3,MiniMax-M3,False,"Prompt, payload or response hash differs"
59b1485cdcdbb72166a7:deepseek-v4-pro,deepseek-v4-pro,False,"Prompt, payload or response hash differs"
b1dc739803dcbb4c6bd9:deepseek-v4-pro,deepseek-v4-pro,False,"Prompt, payload or response hash differs"
4d07f3d1d0f9afc65698:MiniMax-M3,MiniMax-M3,False,"Prompt, payload or response hash differs"
ff62dc8ef65b3e9da1d6:deepseek-v4-pro,deepseek-v4-pro,False,"Prompt, payload or response hash differs"
46d15c50a36d95f13cf2:deepseek-v4-pro,deepseek-v4-pro,False,"Prompt, payload or response hash differs"
335efa58fcf9825f7ba0:deepseek-v4-pro,deepseek-v4-pro,False,"Prompt, payload or response hash differs"
8a0108e823440eefbae6:deepseek-v4-pro,deepseek-v4-pro,False,"Prompt, payload or response hash differs"
9fe5c2752051440b6f18:MiniMax-M3,MiniMax-M3,False,"Prompt, payload or response hash differs"
c044fbe60eae50e3d198:MiniMax-M3,MiniMax-M3,False,"Prompt, payload or response hash differs"
b4e955f86df528bfdc0f:deepseek-v4-pro,deepseek-v4-pro,False,"Prompt, payload or response hash differs"
0c2f35adf2b2fd60250f:deepseek-v4-pro,deepseek-v4-pro,False,"Prompt, payload or response hash differs"
6719be639a7494dac323:deepseek-v4-pro,deepseek-v4-pro,False,"Prompt, payload or response hash differs"
60640da054bfa94d9b32:deepseek-v4-pro,deepseek-v4-pro,False,"Prompt, payload or response hash differs"
5eb9604e6d26683cfa3d:MiniMax-M3,MiniMax-M3,False,"Prompt, payload or response hash differs"
60f744fee24a6fe2cd9c:deepseek-v4-pro,deepseek-v4-pro,False,"Prompt, payload or response hash differs"
55c20f4fb72ff9990256:MiniMax-M3,MiniMax-M3,False,"Prompt, payload or response hash differs"
f14aeb60dfcaeb9ff7ec:deepseek-v4-pro,deepseek-v4-pro,False,"Prompt, payload or response hash differs"
bc704069ddf2e5b52f9a:MiniMax-M3,MiniMax-M3,False,"Prompt, payload or response hash differs"
0f1e44bf01d071f4b56c:deepseek-v4-pro,deepseek-v4-pro,False,"Prompt, payload or response hash differs"
b97bf3c8e933f5690d28:deepseek-v4-pro,deepseek-v4-pro,False,"Prompt, payload or response hash differs"
c0b6ecba71ddf1eeffb8:deepseek-v4-pro,deepseek-v4-pro,False,"Prompt, payload or response hash differs"
c50bd60537eb236f2331:deepseek-v4-pro,deepseek-v4-pro,False,"Prompt, payload or response hash differs"
78881e92e994bcb2356c:deepseek-v4-pro,deepseek-v4-pro,False,"Prompt, payload or response hash differs"
3dc90cabca4b45c953dd:MiniMax-M3,MiniMax-M3,False,"Prompt, payload or response hash differs"
8855890d120f1625e5f8:MiniMax-M3,MiniMax-M3,False,"Prompt, payload or response hash differs"
101195358deeafdee0d7:MiniMax-M3,MiniMax-M3,False,"Prompt, payload or response hash differs"
ce7c290f895831e5254c:MiniMax-M3,MiniMax-M3,False,"Prompt, payload or response hash differs"
f2a221eeda4e72403203:deepseek-v4-pro,deepseek-v4-pro,False,"Prompt, payload or response hash differs"
bdc11a31d9a22a6476ff:MiniMax-M3,MiniMax-M3,False,"Prompt, payload or response hash differs"
da930cb84756783d3d03:deepseek-v4-pro,deepseek-v4-pro,False,"Prompt, payload or response hash differs"
11dd15e9954b4fcc471f:deepseek-v4-pro,deepseek-v4-pro,False,"Prompt, payload or response hash differs"
bf307f0d6283639d0e57:deepseek-v4-pro,deepseek-v4-pro,False,"Prompt, payload or response hash differs"
a1ac0dc876afd970c865:deepseek-v4-pro,deepseek-v4-pro,False,"Prompt, payload or response hash differs"
3fc8f5d63ea7bdaf67d8:MiniMax-M3,MiniMax-M3,False,"Prompt, payload or response hash differs"
3f898f28bdb818c49edb:deepseek-v4-pro,deepseek-v4-pro,False,"Prompt, payload or response hash differs"
7e3ef7b0ac9d0ffdaf54:deepseek-v4-pro,deepseek-v4-pro,False,"Prompt, payload or response hash differs"
e9187931e71f458ab60c:MiniMax-M3,MiniMax-M3,False,"Prompt, payload or response hash differs"
ffb92eb1d5e9d41bd55d:MiniMax-M3,MiniMax-M3,False,"Prompt, payload or response hash differs"
5c951e0e8d77cdb58e2a:deepseek-v4-pro,deepseek-v4-pro,False,"Prompt, payload or response hash differs"
4508fcb172cb4b9db6da:MiniMax-M3,MiniMax-M3,False,"Prompt, payload or response hash differs"
ce9835509d93f916de25:MiniMax-M3,MiniMax-M3,False,"Prompt, payload or response hash differs"
6db355102897d3d44997:MiniMax-M3,MiniMax-M3,False,"Prompt, payload or response hash differs"
c9a50bf38b25782c00c3:deepseek-v4-pro,deepseek-v4-pro,False,"Prompt, payload or response hash differs"
acf002180a8ceb99e37d:deepseek-v4-pro,deepseek-v4-pro,False,"Prompt, payload or response hash differs"
44aaef5e71e470b4cdc7:deepseek-v4-pro,deepseek-v4-pro,False,"Prompt, payload or response hash differs"
a6c5b6bd24aedd5828ea:deepseek-v4-pro,deepseek-v4-pro,False,"Prompt, payload or response hash differs"
20131fd414250c3861d3:MiniMax-M3,MiniMax-M3,False,"Prompt, payload or response hash differs"
01398f58281bacc2cd04:deepseek-v4-pro,deepseek-v4-pro,False,"Prompt, payload or response hash differs"
bf236c8391caf8c7bfa0:deepseek-v4-pro,deepseek-v4-pro,False,"Prompt, payload or response hash differs"
4cfac11d2eeb399475e8:MiniMax-M3,MiniMax-M3,False,"Prompt, payload or response hash differs"
9757cd9fc7980d00cfe5:MiniMax-M3,MiniMax-M3,False,"Prompt, payload or response hash differs"
313cdee540dd4592e87e:MiniMax-M3,MiniMax-M3,False,"Prompt, payload or response hash differs"
6b3272dcf54ec16be2a5:deepseek-v4-pro,deepseek-v4-pro,False,"Prompt, payload or response hash differs"
4365ca1e25a9510860f3:deepseek-v4-pro,deepseek-v4-pro,False,"Prompt, payload or response hash differs"
f792e8c7d553ccb1321c:deepseek-v4-pro,deepseek-v4-pro,False,"Prompt, payload or response hash differs"
6cdc24859f8c84fc25bf:MiniMax-M3,MiniMax-M3,False,"Prompt, payload or response hash differs"
2f21409342d851b89d06:MiniMax-M3,MiniMax-M3,False,"Prompt, payload or response hash differs"
43be903850f8b5cdc7fd:MiniMax-M3,MiniMax-M3,False,"Prompt, payload or response hash differs"
119d3a94cffd61b2756a:MiniMax-M3,MiniMax-M3,False,"Prompt, payload or response hash differs"
1993525a881f7237702b:MiniMax-M3,MiniMax-M3,False,"Prompt, payload or response hash differs"
5634253da12286a91ed0:MiniMax-M3,MiniMax-M3,False,"Prompt, payload or response hash differs"
8a25a4766776268225fc:deepseek-v4-pro,deepseek-v4-pro,False,"Prompt, payload or response hash differs"
419592f97365f8c2c303:deepseek-v4-pro,deepseek-v4-pro,False,"Prompt, payload or response hash differs"
ad2a4c6c617bd7fefab4:deepseek-v4-pro,deepseek-v4-pro,False,"Prompt, payload or response hash differs"
c00f4d4fd46adf797230:deepseek-v4-pro,deepseek-v4-pro,False,"Prompt, payload or response hash differs"
c792994727879c16b03e:deepseek-v4-pro,deepseek-v4-pro,False,"Prompt, payload or response hash differs"
efea35fb74196feb5438:deepseek-v4-pro,deepseek-v4-pro,False,"Prompt, payload or response hash differs"
3766f7ea7714053a0f24:MiniMax-M3,MiniMax-M3,False,"Prompt, payload or response hash differs"
f5c16d3a94521a534792:MiniMax-M3,MiniMax-M3,False,"Prompt, payload or response hash differs"
4bcb1723c052dd70c96a:deepseek-v4-pro,deepseek-v4-pro,False,"Prompt, payload or response hash differs"
84f2af0ff3b21e22a13a:deepseek-v4-pro,deepseek-v4-pro,False,"Prompt, payload or response hash differs"
2f20c9c64f7c1a16bb9f:deepseek-v4-pro,deepseek-v4-pro,False,"Prompt, payload or response hash differs"
dd688b2964726bc778c7:deepseek-v4-pro,deepseek-v4-pro,False,"Prompt, payload or response hash differs"
127ef92d7bcca24d9087:deepseek-v4-pro,deepseek-v4-pro,False,"Prompt, payload or response hash differs"
5d69e11ae9c427f2d090:deepseek-v4-pro,deepseek-v4-pro,False,"Prompt, payload or response hash differs"
79193933607b9e771ea1:deepseek-v4-pro,deepseek-v4-pro,False,"Prompt, payload or response hash differs"
f597186e3e69674824d8:MiniMax-M3,MiniMax-M3,False,"Prompt, payload or response hash differs"
3a40ad09d4727b0a0daa:deepseek-v4-pro,deepseek-v4-pro,False,"Prompt, payload or response hash differs"
7aa731e77b2548c0edf5:MiniMax-M3,MiniMax-M3,False,"Prompt, payload or response hash differs"
0760ddb2856d018a1b1f:MiniMax-M3,MiniMax-M3,False,"Prompt, payload or response hash differs"
daf8aedbc5dfefff0071:MiniMax-M3,MiniMax-M3,False,"Prompt, payload or response hash differs"
699578f49705a14dd2b0:MiniMax-M3,MiniMax-M3,False,"Prompt, payload or response hash differs"
b2efc1462f50a23a297f:deepseek-v4-pro,deepseek-v4-pro,False,"Prompt, payload or response hash differs"
dc124f53cd6f944aee85:MiniMax-M3,MiniMax-M3,False,"Prompt, payload or response hash differs"
9cc95183061050c29059:MiniMax-M3,MiniMax-M3,False,"Prompt, payload or response hash differs"
4ea22ca8418399cc575e:MiniMax-M3,MiniMax-M3,False,"Prompt, payload or response hash differs"
e6899e909434f25fd8ed:MiniMax-M3,MiniMax-M3,False,"Prompt, payload or response hash differs"
a5ed374e04e0c34096df:deepseek-v4-pro,deepseek-v4-pro,False,"Prompt, payload or response hash differs"
5634253da12286a91ed0:deepseek-v4-pro,deepseek-v4-pro,False,"Prompt, payload or response hash differs"
01dda374bc7b8b3ec479:MiniMax-M3,MiniMax-M3,False,"Prompt, payload or response hash differs"
61b0af7d6c18237b88bf:deepseek-v4-pro,deepseek-v4-pro,False,"Prompt, payload or response hash differs"
7cec9c5019a9a3373689:MiniMax-M3,MiniMax-M3,False,"Prompt, payload or response hash differs"
5531d9c424a1aad1ff20:MiniMax-M3,MiniMax-M3,False,"Prompt, payload or response hash differs"
2572622b3817b92c4b53:deepseek-v4-pro,deepseek-v4-pro,False,"Prompt, payload or response hash differs"
1b4c951a20af2f865c71:MiniMax-M3,MiniMax-M3,False,"Prompt, payload or response hash differs"
20ffac69724e00510d35:MiniMax-M3,MiniMax-M3,False,"Prompt, payload or response hash differs"
30760f8f896aaced450e:MiniMax-M3,MiniMax-M3,False,"Prompt, payload or response hash differs"
e2679492822f4146b9e0:MiniMax-M3,MiniMax-M3,False,"Prompt, payload or response hash differs"
8b116872d8a6f6910c57:MiniMax-M3,MiniMax-M3,False,"Prompt, payload or response hash differs"
278e7892b0890467b7e2:deepseek-v4-pro,deepseek-v4-pro,False,"Prompt, payload or response hash differs"
bb411e38262e81e5c28b:deepseek-v4-pro,deepseek-v4-pro,False,"Prompt, payload or response hash differs"
9aa7fade8290489559b0:MiniMax-M3,MiniMax-M3,False,"Prompt, payload or response hash differs"
c460bc8767baddc6ba3b:MiniMax-M3,MiniMax-M3,False,"Prompt, payload or response hash differs"
5fe6219e62134b529479:deepseek-v4-pro,deepseek-v4-pro,False,"Prompt, payload or response hash differs"
884860b39af93027c2f5:MiniMax-M3,MiniMax-M3,False,"Prompt, payload or response hash differs"
809cebd5621c4f3c54d7:MiniMax-M3,MiniMax-M3,False,"Prompt, payload or response hash differs"
5bef5c2d7e7eba22460f:MiniMax-M3,MiniMax-M3,False,"Prompt, payload or response hash differs"
9707c6b992831ebbe52c:MiniMax-M3,MiniMax-M3,False,"Prompt, payload or response hash differs"
70663dba9a687cd7a9db:MiniMax-M3,MiniMax-M3,False,"Prompt, payload or response hash differs"
82564ee6ebfa97fd1bab:MiniMax-M3,MiniMax-M3,False,"Prompt, payload or response hash differs"
837e00cc68c58bb3a0a4:deepseek-v4-pro,deepseek-v4-pro,False,"Prompt, payload or response hash differs"
5bef5c2d7e7eba22460f:deepseek-v4-pro,deepseek-v4-pro,False,"Prompt, payload or response hash differs"
e34d49e78e844f9100fc:MiniMax-M3,MiniMax-M3,False,"Prompt, payload or response hash differs"
a7cad00e32c3b3f1d5a3:deepseek-v4-pro,deepseek-v4-pro,False,"Prompt, payload or response hash differs"
8a62bf0d04ad226c0c72:deepseek-v4-pro,deepseek-v4-pro,False,"Prompt, payload or response hash differs"
1a332b56cbe3d06120e2:MiniMax-M3,MiniMax-M3,False,"Prompt, payload or response hash differs"
b714840c4959abd27ab4:deepseek-v4-pro,deepseek-v4-pro,False,"Prompt, payload or response hash differs"
5c4a060ebd245f8fd6b0:deepseek-v4-pro,deepseek-v4-pro,False,"Prompt, payload or response hash differs"
1a5f78f51465ad7a63fa:deepseek-v4-pro,deepseek-v4-pro,False,"Prompt, payload or response hash differs"
a81955c525d043deaa96:deepseek-v4-pro,deepseek-v4-pro,False,"Prompt, payload or response hash differs"
e331105a93d8a62918f0:deepseek-v4-pro,deepseek-v4-pro,False,"Prompt, payload or response hash differs"
058a4e108925db71f987:deepseek-v4-pro,deepseek-v4-pro,False,"Prompt, payload or response hash differs"
9837f743e949b39b7f84:MiniMax-M3,MiniMax-M3,False,"Prompt, payload or response hash differs"
bf09384709ae52130baa:deepseek-v4-pro,deepseek-v4-pro,False,"Prompt, payload or response hash differs"
c2903bcc31737848e415:deepseek-v4-pro,deepseek-v4-pro,False,"Prompt, payload or response hash differs"
6a49032e4e5d0aa8e3e9:MiniMax-M3,MiniMax-M3,False,"Prompt, payload or response hash differs"
bdf4d9933e68e5485375:deepseek-v4-pro,deepseek-v4-pro,False,"Prompt, payload or response hash differs"
a429482e1109df841f04:MiniMax-M3,MiniMax-M3,False,"Prompt, payload or response hash differs"
adf6db9c70d4795bd9ec:deepseek-v4-pro,deepseek-v4-pro,False,"Prompt, payload or response hash differs"
9e5e47366b684a1aff71:MiniMax-M3,MiniMax-M3,False,"Prompt, payload or response hash differs"
26ed3fdce925947a4ce4:deepseek-v4-pro,deepseek-v4-pro,False,"Prompt, payload or response hash differs"
18a51bc2c03cd40d2a85:MiniMax-M3,MiniMax-M3,False,"Prompt, payload or response hash differs"
2254a7de1802bbbd42df:deepseek-v4-pro,deepseek-v4-pro,False,"Prompt, payload or response hash differs"
c54f2e850e775c8b3fe8:MiniMax-M3,MiniMax-M3,False,"Prompt, payload or response hash differs"
cdfbb86b98def74d7797:deepseek-v4-pro,deepseek-v4-pro,False,"Prompt, payload or response hash differs"
b0a7887a958116a75685:deepseek-v4-pro,deepseek-v4-pro,False,"Prompt, payload or response hash differs"
4afb9bb547f11b0f25bd:deepseek-v4-pro,deepseek-v4-pro,False,"Prompt, payload or response hash differs"
ce5039c55e346fcc144c:MiniMax-M3,MiniMax-M3,False,"Prompt, payload or response hash differs"
926f178ae73d5c23b743:MiniMax-M3,MiniMax-M3,False,"Prompt, payload or response hash differs"
da62e015a8fb8db4206a:deepseek-v4-pro,deepseek-v4-pro,False,"Prompt, payload or response hash differs"
a36560a46b4e45faf003:MiniMax-M3,MiniMax-M3,False,"Prompt, payload or response hash differs"
2e90c0ec15242cfe5c45:MiniMax-M3,MiniMax-M3,False,"Prompt, payload or response hash differs"
4863709450bd77a1c41a:deepseek-v4-pro,deepseek-v4-pro,False,"Prompt, payload or response hash differs"
5995d306c865d77b6c4e:deepseek-v4-pro,deepseek-v4-pro,False,"Prompt, payload or response hash differs"
1c6ffdd9f287aa4be860:MiniMax-M3,MiniMax-M3,False,"Prompt, payload or response hash differs"
7bef5ce8a0becd5d9515:deepseek-v4-pro,deepseek-v4-pro,False,"Prompt, payload or response hash differs"
514d172928d63937fd41:deepseek-v4-pro,deepseek-v4-pro,False,"Prompt, payload or response hash differs"
37bcda0a9ae64bad52be:MiniMax-M3,MiniMax-M3,False,"Prompt, payload or response hash differs"
44aaef5e71e470b4cdc7:MiniMax-M3,MiniMax-M3,False,"Prompt, payload or response hash differs"
95cc22b16d2cf9882a07:deepseek-v4-pro,deepseek-v4-pro,False,"Prompt, payload or response hash differs"
dfe91bb4f12d6f3834e3:deepseek-v4-pro,deepseek-v4-pro,False,"Prompt, payload or response hash differs"
1843dcdc8cb0fe568ac2:deepseek-v4-pro,deepseek-v4-pro,False,"Prompt, payload or response hash differs"
167ebd67044dadb2bcf4:MiniMax-M3,MiniMax-M3,False,"Prompt, payload or response hash differs"
3ea3bdc1b8004bd899fa:deepseek-v4-pro,deepseek-v4-pro,False,"Prompt, payload or response hash differs"
b1742b7b86e007a403ee:deepseek-v4-pro,deepseek-v4-pro,False,"Prompt, payload or response hash differs"
b8a9f82971af0f322b0f:deepseek-v4-pro,deepseek-v4-pro,False,"Prompt, payload or response hash differs"
2eec933058823347f714:MiniMax-M3,MiniMax-M3,False,"Prompt, payload or response hash differs"
d2c4b8c64da6d29e6243:deepseek-v4-pro,deepseek-v4-pro,False,"Prompt, payload or response hash differs"
44484f71f2fb1d230448:deepseek-v4-pro,deepseek-v4-pro,False,"Prompt, payload or response hash differs"
b9fde2c1f49dcba0bb9e:MiniMax-M3,MiniMax-M3,False,"Prompt, payload or response hash differs"
3d1f51fc7321254f26cb:MiniMax-M3,MiniMax-M3,False,"Prompt, payload or response hash differs"
478821ab58b505d5b9c5:deepseek-v4-pro,deepseek-v4-pro,False,"Prompt, payload or response hash differs"
bd2038ec32609f97acc8:deepseek-v4-pro,deepseek-v4-pro,False,"Prompt, payload or response hash differs"
e9187931e71f458ab60c:deepseek-v4-pro,deepseek-v4-pro,False,"Prompt, payload or response hash differs"
152e0bddc42c91b0f7fb:MiniMax-M3,MiniMax-M3,False,"Prompt, payload or response hash differs"
7c6235162b74ce9f2d19:deepseek-v4-pro,deepseek-v4-pro,False,"Prompt, payload or response hash differs"
58a7475ac140b98faf72:deepseek-v4-pro,deepseek-v4-pro,False,"Prompt, payload or response hash differs"
2039b1133c248ee84947:MiniMax-M3,MiniMax-M3,False,"Prompt, payload or response hash differs"
347d89082efa018e4a54:MiniMax-M3,MiniMax-M3,False,"Prompt, payload or response hash differs"
eda60ca916d2ad7eb1e4:deepseek-v4-pro,deepseek-v4-pro,False,"Prompt, payload or response hash differs"
6719be639a7494dac323:MiniMax-M3,MiniMax-M3,False,"Prompt, payload or response hash differs"
316b2c2a6a37ef191fb4:MiniMax-M3,MiniMax-M3,False,"Prompt, payload or response hash differs"
d1f723ccfc7fbc418c15:MiniMax-M3,MiniMax-M3,False,"Prompt, payload or response hash differs"
114baee2737e36b91f4b:deepseek-v4-pro,deepseek-v4-pro,False,"Prompt, payload or response hash differs"
49009651f44069a41c8d:MiniMax-M3,MiniMax-M3,False,"Prompt, payload or response hash differs"
71f9c87590b6e4d1e658:deepseek-v4-pro,deepseek-v4-pro,False,"Prompt, payload or response hash differs"
91c56a896f840c4a70a2:MiniMax-M3,MiniMax-M3,False,"Prompt, payload or response hash differs"
deeb83cfdaa0237e04da:MiniMax-M3,MiniMax-M3,False,"Prompt, payload or response hash differs"
ac685613e16d46813c46:MiniMax-M3,MiniMax-M3,False,"Prompt, payload or response hash differs"
a76fc880ea4d732f839c:MiniMax-M3,MiniMax-M3,False,"Prompt, payload or response hash differs"
dcc5f6fc727bcae1321a:deepseek-v4-pro,deepseek-v4-pro,False,"Prompt, payload or response hash differs"
70288b521c9f2daffbc2:MiniMax-M3,MiniMax-M3,False,"Prompt, payload or response hash differs"
5f5f04cdefa75f7ba19e:deepseek-v4-pro,deepseek-v4-pro,False,"Prompt, payload or response hash differs"
e6d313d630d4bb3d9911:MiniMax-M3,MiniMax-M3,False,"Prompt, payload or response hash differs"
70073de41a4b4d02372a:deepseek-v4-pro,deepseek-v4-pro,False,"Prompt, payload or response hash differs"
d01ea47026838b7d5266:deepseek-v4-pro,deepseek-v4-pro,False,"Prompt, payload or response hash differs"
ae8b0e4dfb41f60fe8b0:MiniMax-M3,MiniMax-M3,False,"Prompt, payload or response hash differs"
916221819ebd3d9d1bba:deepseek-v4-pro,deepseek-v4-pro,False,"Prompt, payload or response hash differs"
970e819e1dc0dc87b259:MiniMax-M3,MiniMax-M3,False,"Prompt, payload or response hash differs"
aeac8b617a9951f68d70:deepseek-v4-pro,deepseek-v4-pro,False,"Prompt, payload or response hash differs"
1dc02a77d0561490d9fe:MiniMax-M3,MiniMax-M3,False,"Prompt, payload or response hash differs"
a18e1f87434539a0d6d1:MiniMax-M3,MiniMax-M3,False,"Prompt, payload or response hash differs"
91401bc50fd4479bc9cb:MiniMax-M3,MiniMax-M3,False,"Prompt, payload or response hash differs"
a052455a4ba1628204ed:deepseek-v4-pro,deepseek-v4-pro,False,"Prompt, payload or response hash differs"
bdf4d9933e68e5485375:MiniMax-M3,MiniMax-M3,False,"Prompt, payload or response hash differs"
dd5b7c13ad07a3c107be:deepseek-v4-pro,deepseek-v4-pro,False,"Prompt, payload or response hash differs"
7d351ee3e69c938da9bd:MiniMax-M3,MiniMax-M3,False,"Prompt, payload or response hash differs"
5fba13757d3dcf423b89:MiniMax-M3,MiniMax-M3,False,"Prompt, payload or response hash differs"
43681b0eb9e9d5f6f826:MiniMax-M3,MiniMax-M3,False,"Prompt, payload or response hash differs"
26a754be3230bbf9eed8:deepseek-v4-pro,deepseek-v4-pro,False,"Prompt, payload or response hash differs"
b6e09353223a20ed6d9d:deepseek-v4-pro,deepseek-v4-pro,False,"Prompt, payload or response hash differs"
c97e31275f197c1dd7f2:deepseek-v4-pro,deepseek-v4-pro,False,"Prompt, payload or response hash differs"
d8d1a7bd3fae0f4a44a4:deepseek-v4-pro,deepseek-v4-pro,False,"Prompt, payload or response hash differs"
5da7487e380a3f55f8ae:deepseek-v4-pro,deepseek-v4-pro,False,"Prompt, payload or response hash differs"
334b58699e9b1266b914:MiniMax-M3,MiniMax-M3,False,"Prompt, payload or response hash differs"
9147bbf1c8e782e6536d:deepseek-v4-pro,deepseek-v4-pro,False,"Prompt, payload or response hash differs"
1f8b1b82d0f227655cc0:MiniMax-M3,MiniMax-M3,False,"Prompt, payload or response hash differs"
ef63a4ee7430a5155120:MiniMax-M3,MiniMax-M3,False,"Prompt, payload or response hash differs"
4cfac11d2eeb399475e8:deepseek-v4-pro,deepseek-v4-pro,False,"Prompt, payload or response hash differs"
22e853200c0cb2c00f99:MiniMax-M3,MiniMax-M3,False,"Prompt, payload or response hash differs"
228f50239bd18f0a15b8:MiniMax-M3,MiniMax-M3,False,"Prompt, payload or response hash differs"
54944470367e6f07df49:deepseek-v4-pro,deepseek-v4-pro,False,"Prompt, payload or response hash differs"
6c0a38716f0eed72dd21:deepseek-v4-pro,deepseek-v4-pro,False,"Prompt, payload or response hash differs"
f3bfd7a67eed67a6645e:MiniMax-M3,MiniMax-M3,False,"Prompt, payload or response hash differs"
c93e45e5a9dd9b5801b3:deepseek-v4-pro,deepseek-v4-pro,False,"Prompt, payload or response hash differs"
11dd15e9954b4fcc471f:MiniMax-M3,MiniMax-M3,False,"Prompt, payload or response hash differs"
465967de7c0ea388cfb2:deepseek-v4-pro,deepseek-v4-pro,False,"Prompt, payload or response hash differs"
021c08e1e0ec00dc3cb6:MiniMax-M3,MiniMax-M3,False,"Prompt, payload or response hash differs"
0dc1e10d1c5f2794ccb0:deepseek-v4-pro,deepseek-v4-pro,False,"Prompt, payload or response hash differs"
53b6fb67d3d2f9a0b526:MiniMax-M3,MiniMax-M3,False,"Prompt, payload or response hash differs"
32f0bad6dd365f1cba47:MiniMax-M3,MiniMax-M3,False,"Prompt, payload or response hash differs"
7493d53446f2726b5f45:MiniMax-M3,MiniMax-M3,False,"Prompt, payload or response hash differs"
fe4a285e4f184532a441:MiniMax-M3,MiniMax-M3,False,"Prompt, payload or response hash differs"
59bf3d4aceabe0a1cf9d:deepseek-v4-pro,deepseek-v4-pro,False,"Prompt, payload or response hash differs"
7c2b27d33b2993b00ba1:deepseek-v4-pro,deepseek-v4-pro,False,"Prompt, payload or response hash differs"
d8b32c9168afa69f00a1:MiniMax-M3,MiniMax-M3,False,"Prompt, payload or response hash differs"
12fdae669530708bf7e6:MiniMax-M3,MiniMax-M3,False,"Prompt, payload or response hash differs"
44d0719ef9e95251fe34:deepseek-v4-pro,deepseek-v4-pro,False,"Prompt, payload or response hash differs"
1860370ae1e0cc295279:deepseek-v4-pro,deepseek-v4-pro,False,"Prompt, payload or response hash differs"
12347cdbae33be52fec5:deepseek-v4-pro,deepseek-v4-pro,False,"Prompt, payload or response hash differs"
524d9b425b6dba4f1862:deepseek-v4-pro,deepseek-v4-pro,False,"Prompt, payload or response hash differs"
138faf0ea87477f3d646:deepseek-v4-pro,deepseek-v4-pro,False,"Prompt, payload or response hash differs"
d01ea47026838b7d5266:MiniMax-M3,MiniMax-M3,False,"Prompt, payload or response hash differs"
43681b0eb9e9d5f6f826:deepseek-v4-pro,deepseek-v4-pro,False,"Prompt, payload or response hash differs"
da6eff00520d43189ad6:MiniMax-M3,MiniMax-M3,False,"Prompt, payload or response hash differs"
fd77c7cee94db29f6f47:deepseek-v4-pro,deepseek-v4-pro,False,"Prompt, payload or response hash differs"
f625b6e3560f7fbd5541:deepseek-v4-pro,deepseek-v4-pro,False,"Prompt, payload or response hash differs"
3b69e4b802aab438634a:MiniMax-M3,MiniMax-M3,False,"Prompt, payload or response hash differs"
40b7a305d192b1981d4f:deepseek-v4-pro,deepseek-v4-pro,False,"Prompt, payload or response hash differs"
1c4aee5cfdfdb27705ea:deepseek-v4-pro,deepseek-v4-pro,False,"Prompt, payload or response hash differs"
8a2eba7e2d98379ec298:deepseek-v4-pro,deepseek-v4-pro,False,"Prompt, payload or response hash differs"
e9bf25f5b733c1af1cd4:MiniMax-M3,MiniMax-M3,False,"Prompt, payload or response hash differs"
bb95c92c2bcf7525a81d:MiniMax-M3,MiniMax-M3,False,"Prompt, payload or response hash differs"
3636c3d17dfc992ef2c8:deepseek-v4-pro,deepseek-v4-pro,False,"Prompt, payload or response hash differs"
52fa67ffc911903e0f00:MiniMax-M3,MiniMax-M3,False,"Prompt, payload or response hash differs"
2f38c6814ea5c03353e3:deepseek-v4-pro,deepseek-v4-pro,False,"Prompt, payload or response hash differs"
72bf0237e7bef0e2aea4:MiniMax-M3,MiniMax-M3,False,"Prompt, payload or response hash differs"
1f10078b16ff1b13a5a5:MiniMax-M3,MiniMax-M3,False,"Prompt, payload or response hash differs"
a04472cea8d7b3b2a13b:MiniMax-M3,MiniMax-M3,False,"Prompt, payload or response hash differs"
6d21521550c923ee9d7f:MiniMax-M3,MiniMax-M3,False,"Prompt, payload or response hash differs"
62a9595eaaa6490dae40:MiniMax-M3,MiniMax-M3,False,"Prompt, payload or response hash differs"
1b8131dd882590a7771e:deepseek-v4-pro,deepseek-v4-pro,False,"Prompt, payload or response hash differs"
926f178ae73d5c23b743:deepseek-v4-pro,deepseek-v4-pro,False,"Prompt, payload or response hash differs"
cb1e0efaff5ed91d8dcf:MiniMax-M3,MiniMax-M3,False,"Prompt, payload or response hash differs"
f94ab5d36f76d606bc05:deepseek-v4-pro,deepseek-v4-pro,False,"Prompt, payload or response hash differs"
5fafa11c06f1dc8b2285:MiniMax-M3,MiniMax-M3,False,"Prompt, payload or response hash differs"
5492219920c46b8cf69b:MiniMax-M3,MiniMax-M3,False,"Prompt, payload or response hash differs"
dead306a7504dec571c0:deepseek-v4-pro,deepseek-v4-pro,False,"Prompt, payload or response hash differs"
cf79b785159e34343827:MiniMax-M3,MiniMax-M3,False,"Prompt, payload or response hash differs"
fec29d23162955c0de3a:MiniMax-M3,MiniMax-M3,False,"Prompt, payload or response hash differs"
1cbed978308e5232d30b:MiniMax-M3,MiniMax-M3,False,"Prompt, payload or response hash differs"
7c6cc23a5c327440ddb8:deepseek-v4-pro,deepseek-v4-pro,False,"Prompt, payload or response hash differs"
c0d77dad5bf0979aabe5:MiniMax-M3,MiniMax-M3,False,"Prompt, payload or response hash differs"
32fb2b1d4c831046fde0:MiniMax-M3,MiniMax-M3,False,"Prompt, payload or response hash differs"
64bbb52577ae4201e070:MiniMax-M3,MiniMax-M3,False,"Prompt, payload or response hash differs"
30760f8f896aaced450e:deepseek-v4-pro,deepseek-v4-pro,False,"Prompt, payload or response hash differs"
b9fde2c1f49dcba0bb9e:deepseek-v4-pro,deepseek-v4-pro,False,"Prompt, payload or response hash differs"
5823a8d46e8707c240b7:deepseek-v4-pro,deepseek-v4-pro,False,"Prompt, payload or response hash differs"
01d5625406a4c61a1944:deepseek-v4-pro,deepseek-v4-pro,False,"Prompt, payload or response hash differs"
c95c1600b659cea061cc:MiniMax-M3,MiniMax-M3,False,"Prompt, payload or response hash differs"
772356154aaeae8af5bb:MiniMax-M3,MiniMax-M3,False,"Prompt, payload or response hash differs"
8589ef96c8d0c9b2bd0a:MiniMax-M3,MiniMax-M3,False,"Prompt, payload or response hash differs"
119edf4c8772abf5c338:MiniMax-M3,MiniMax-M3,False,"Prompt, payload or response hash differs"
398a21f905d173890e70:deepseek-v4-pro,deepseek-v4-pro,False,"Prompt, payload or response hash differs"
488400c257434342ed57:deepseek-v4-pro,deepseek-v4-pro,False,"Prompt, payload or response hash differs"
f9bc7abfb31cc940e924:deepseek-v4-pro,deepseek-v4-pro,False,"Prompt, payload or response hash differs"
69e509dcf91480895a10:deepseek-v4-pro,deepseek-v4-pro,False,"Prompt, payload or response hash differs"
085a34cfd3ce44372b6f:MiniMax-M3,MiniMax-M3,False,"Prompt, payload or response hash differs"
4e90167542536b23365f:deepseek-v4-pro,deepseek-v4-pro,False,"Prompt, payload or response hash differs"
bb411e38262e81e5c28b:MiniMax-M3,MiniMax-M3,False,"Prompt, payload or response hash differs"
85d210b0e67fcbaa7bf6:MiniMax-M3,MiniMax-M3,False,"Prompt, payload or response hash differs"
7e7d99c13d06be969b07:deepseek-v4-pro,deepseek-v4-pro,False,"Prompt, payload or response hash differs"
f66262c5a7e3d68c251e:deepseek-v4-pro,deepseek-v4-pro,False,"Prompt, payload or response hash differs"
2254a7de1802bbbd42df:MiniMax-M3,MiniMax-M3,False,"Prompt, payload or response hash differs"
189cb83149f1bcd74f82:MiniMax-M3,MiniMax-M3,False,"Prompt, payload or response hash differs"
999a1bbf48cdc9e97eff:deepseek-v4-pro,deepseek-v4-pro,False,"Prompt, payload or response hash differs"
48e3aa25ca420544451c:MiniMax-M3,MiniMax-M3,False,"Prompt, payload or response hash differs"
af2ffd9b87213d3e7b22:deepseek-v4-pro,deepseek-v4-pro,False,"Prompt, payload or response hash differs"
39c40048661f52265272:deepseek-v4-pro,deepseek-v4-pro,False,"Prompt, payload or response hash differs"
d2d1ce188c576964163a:deepseek-v4-pro,deepseek-v4-pro,False,"Prompt, payload or response hash differs"
e0bc1ca4726c1e5ebce0:deepseek-v4-pro,deepseek-v4-pro,False,"Prompt, payload or response hash differs"
870ce9d9afb5caabe13c:deepseek-v4-pro,deepseek-v4-pro,False,"Prompt, payload or response hash differs"
152a5769668bd4a74086:deepseek-v4-pro,deepseek-v4-pro,False,"Prompt, payload or response hash differs"
32ee68269dc56a4320a2:MiniMax-M3,MiniMax-M3,False,"Prompt, payload or response hash differs"
7742978faed632e73f8d:deepseek-v4-pro,deepseek-v4-pro,False,"Prompt, payload or response hash differs"
2e61030eefc5ec2a6339:deepseek-v4-pro,deepseek-v4-pro,False,"Prompt, payload or response hash differs"
894a1437a8e27504dd89:deepseek-v4-pro,deepseek-v4-pro,False,"Prompt, payload or response hash differs"
eb1ee6a9a45045897bc1:MiniMax-M3,MiniMax-M3,False,"Prompt, payload or response hash differs"
3d47f81b15957e799d40:MiniMax-M3,MiniMax-M3,False,"Prompt, payload or response hash differs"
1cdedb5e66168f8a07f8:MiniMax-M3,MiniMax-M3,False,"Prompt, payload or response hash differs"
3fd00541a706fbfbe110:deepseek-v4-pro,deepseek-v4-pro,False,"Prompt, payload or response hash differs"
5c906ad4fd815030c4dc:deepseek-v4-pro,deepseek-v4-pro,False,"Prompt, payload or response hash differs"
bdb3554d7cbfb8790b7f:MiniMax-M3,MiniMax-M3,False,"Prompt, payload or response hash differs"
b5b8a419e605579cd3c8:deepseek-v4-pro,deepseek-v4-pro,False,"Prompt, payload or response hash differs"
333f1b7538af037a466f:MiniMax-M3,MiniMax-M3,False,"Prompt, payload or response hash differs"
f75b08eaaccfd0c7ed6a:MiniMax-M3,MiniMax-M3,False,"Prompt, payload or response hash differs"
dc3cc773ed3494e69e1e:MiniMax-M3,MiniMax-M3,False,"Prompt, payload or response hash differs"
d538bed0600c046bb00d:deepseek-v4-pro,deepseek-v4-pro,False,"Prompt, payload or response hash differs"
3e6ee238727142e6cd7a:MiniMax-M3,MiniMax-M3,False,"Prompt, payload or response hash differs"
ba33b00964474c87d61f:MiniMax-M3,MiniMax-M3,False,"Prompt, payload or response hash differs"
316af2114419a2a44e56:MiniMax-M3,MiniMax-M3,False,"Prompt, payload or response hash differs"
968e2be3ef56a1b2318a:MiniMax-M3,MiniMax-M3,False,"Prompt, payload or response hash differs"
bdb3554d7cbfb8790b7f:deepseek-v4-pro,deepseek-v4-pro,False,"Prompt, payload or response hash differs"
eb1ee6a9a45045897bc1:deepseek-v4-pro,deepseek-v4-pro,False,"Prompt, payload or response hash differs"
7d2bb1373c7dc78dacdf:deepseek-v4-pro,deepseek-v4-pro,False,"Prompt, payload or response hash differs"
74fd0e444457e20452f9:MiniMax-M3,MiniMax-M3,False,"Prompt, payload or response hash differs"
6c7d5741d794c21cc31f:MiniMax-M3,MiniMax-M3,False,"Prompt, payload or response hash differs"
1b4384ac42499b44481c:deepseek-v4-pro,deepseek-v4-pro,False,"Prompt, payload or response hash differs"
600efac0e2f5bf317bf1:deepseek-v4-pro,deepseek-v4-pro,False,"Prompt, payload or response hash differs"
ab7ccaf2adb2cf10975e:MiniMax-M3,MiniMax-M3,False,"Prompt, payload or response hash differs"
cfa81ad37538d77f2298:deepseek-v4-pro,deepseek-v4-pro,False,"Prompt, payload or response hash differs"
3212143dcbf7361d0376:deepseek-v4-pro,deepseek-v4-pro,False,"Prompt, payload or response hash differs"
ce8f7da036d46a5148e2:MiniMax-M3,MiniMax-M3,False,"Prompt, payload or response hash differs"
41a414a43c5448af8b4c:deepseek-v4-pro,deepseek-v4-pro,False,"Prompt, payload or response hash differs"
e2cf6cb49e9ef4e70ef9:MiniMax-M3,MiniMax-M3,False,"Prompt, payload or response hash differs"
495ab7b295e2a77b4387:MiniMax-M3,MiniMax-M3,False,"Prompt, payload or response hash differs"
44ab3f17d4cfa90dfaa0:deepseek-v4-pro,deepseek-v4-pro,False,"Prompt, payload or response hash differs"
9db4f5b732f62a0e76cb:MiniMax-M3,MiniMax-M3,False,"Prompt, payload or response hash differs"
7a3c9c2bc45237911fe2:deepseek-v4-pro,deepseek-v4-pro,False,"Prompt, payload or response hash differs"
a3ef344d43ceba76d283:MiniMax-M3,MiniMax-M3,False,"Prompt, payload or response hash differs"
580f4e46e2efd7b8de54:MiniMax-M3,MiniMax-M3,False,"Prompt, payload or response hash differs"
6210aedde827b9ff100a:MiniMax-M3,MiniMax-M3,False,"Prompt, payload or response hash differs"
4b64c2055ed1aeb8c61d:MiniMax-M3,MiniMax-M3,False,"Prompt, payload or response hash differs"
2a7157f5fdc7f8b287ca:MiniMax-M3,MiniMax-M3,False,"Prompt, payload or response hash differs"
2af7289b1dc9d687dcc6:deepseek-v4-pro,deepseek-v4-pro,False,"Prompt, payload or response hash differs"
769bba7c97163404e069:MiniMax-M3,MiniMax-M3,False,"Prompt, payload or response hash differs"
27455562238142de7832:MiniMax-M3,MiniMax-M3,False,"Prompt, payload or response hash differs"
f6935a8c4999a92c4acf:deepseek-v4-pro,deepseek-v4-pro,False,"Prompt, payload or response hash differs"
e2cbb8dbe5be4862a2c1:deepseek-v4-pro,deepseek-v4-pro,False,"Prompt, payload or response hash differs"
a0dfbebd61f7d55d282f:MiniMax-M3,MiniMax-M3,False,"Prompt, payload or response hash differs"
5368bd7692d4f55ad4ef:deepseek-v4-pro,deepseek-v4-pro,False,"Prompt, payload or response hash differs"
ecf4c12e389946b9c954:MiniMax-M3,MiniMax-M3,False,"Prompt, payload or response hash differs"
4c910af908493acc18cc:MiniMax-M3,MiniMax-M3,False,"Prompt, payload or response hash differs"
cc286f45e158fd4aeeb0:MiniMax-M3,MiniMax-M3,False,"Prompt, payload or response hash differs"
e192b234fb05e4e17fef:deepseek-v4-pro,deepseek-v4-pro,False,"Prompt, payload or response hash differs"
6d566d7bd25dedc704b6:deepseek-v4-pro,deepseek-v4-pro,False,"Prompt, payload or response hash differs"
292e0ae08ffe403e39ed:deepseek-v4-pro,deepseek-v4-pro,False,"Prompt, payload or response hash differs"
b6c73ec8d278eec8d14b:MiniMax-M3,MiniMax-M3,False,"Prompt, payload or response hash differs"
8090b43e69de88aba961:MiniMax-M3,MiniMax-M3,False,"Prompt, payload or response hash differs"
4508fcb172cb4b9db6da:deepseek-v4-pro,deepseek-v4-pro,False,"Prompt, payload or response hash differs"
d2af38196043e4878022:deepseek-v4-pro,deepseek-v4-pro,False,"Prompt, payload or response hash differs"
dd77fa53ae0493d390ed:deepseek-v4-pro,deepseek-v4-pro,False,"Prompt, payload or response hash differs"
da930cb84756783d3d03:MiniMax-M3,MiniMax-M3,False,"Prompt, payload or response hash differs"
7a88c5e909509d5f01a7:deepseek-v4-pro,deepseek-v4-pro,False,"Prompt, payload or response hash differs"
6de9c554dcf59bfe3241:MiniMax-M3,MiniMax-M3,False,"Prompt, payload or response hash differs"
760b918e959bcfb3ea03:deepseek-v4-pro,deepseek-v4-pro,False,"Prompt, payload or response hash differs"
ac685613e16d46813c46:deepseek-v4-pro,deepseek-v4-pro,False,"Prompt, payload or response hash differs"
aba8902b3684fa6da29f:MiniMax-M3,MiniMax-M3,False,"Prompt, payload or response hash differs"
9757cd9fc7980d00cfe5:deepseek-v4-pro,deepseek-v4-pro,False,"Prompt, payload or response hash differs"
0c6963bf0da6b246e20e:deepseek-v4-pro,deepseek-v4-pro,False,"Prompt, payload or response hash differs"
a18e1f87434539a0d6d1:deepseek-v4-pro,deepseek-v4-pro,False,"Prompt, payload or response hash differs"
d7a265b118ccdd4d22ce:deepseek-v4-pro,deepseek-v4-pro,False,"Prompt, payload or response hash differs"
49daca19274c08ff63e8:deepseek-v4-pro,deepseek-v4-pro,False,"Prompt, payload or response hash differs"
278e7892b0890467b7e2:MiniMax-M3,MiniMax-M3,False,"Prompt, payload or response hash differs"
d8b18f56274eec2d1b2e:deepseek-v4-pro,deepseek-v4-pro,False,"Prompt, payload or response hash differs"
03cbf4092569255bd465:MiniMax-M3,MiniMax-M3,False,"Prompt, payload or response hash differs"
8c02b612b7be388b91c7:MiniMax-M3,MiniMax-M3,False,"Prompt, payload or response hash differs"
c79a08d769cd4d4e4365:MiniMax-M3,MiniMax-M3,False,"Prompt, payload or response hash differs"
4218d15a87b3ccba7912:MiniMax-M3,MiniMax-M3,False,"Prompt, payload or response hash differs"
b35c0d8346c2dc801334:MiniMax-M3,MiniMax-M3,False,"Prompt, payload or response hash differs"
f8782a6aba99553f95cf:deepseek-v4-pro,deepseek-v4-pro,False,"Prompt, payload or response hash differs"
f16b10e6769c5d4d6cbe:deepseek-v4-pro,deepseek-v4-pro,False,"Prompt, payload or response hash differs"
1364989cac0ffebae41b:deepseek-v4-pro,deepseek-v4-pro,False,"Prompt, payload or response hash differs"
e8057b138e4bbcc4d43b:deepseek-v4-pro,deepseek-v4-pro,False,"Prompt, payload or response hash differs"
f28dc7d251120ade0e88:deepseek-v4-pro,deepseek-v4-pro,False,"Prompt, payload or response hash differs"
ca6fc98b87103345d52f:deepseek-v4-pro,deepseek-v4-pro,False,"Prompt, payload or response hash differs"
84e56f46fe2511ccfc20:MiniMax-M3,MiniMax-M3,False,"Prompt, payload or response hash differs"
882f7cc707032ebbadb8:deepseek-v4-pro,deepseek-v4-pro,False,"Prompt, payload or response hash differs"
0f756ba298a7d6b3b281:deepseek-v4-pro,deepseek-v4-pro,False,"Prompt, payload or response hash differs"
fbedfa84fe52be99bfd5:deepseek-v4-pro,deepseek-v4-pro,False,"Prompt, payload or response hash differs"
3ceecc0f4efb192838d1:MiniMax-M3,MiniMax-M3,False,"Prompt, payload or response hash differs"
d47e52df2ee719151400:MiniMax-M3,MiniMax-M3,False,"Prompt, payload or response hash differs"
f6935a8c4999a92c4acf:MiniMax-M3,MiniMax-M3,False,"Prompt, payload or response hash differs"
97984d74b85756b58380:MiniMax-M3,MiniMax-M3,False,"Prompt, payload or response hash differs"
a73a949a1f09edfb3a6a:MiniMax-M3,MiniMax-M3,False,"Prompt, payload or response hash differs"
eef721d3f5a306c8df69:deepseek-v4-pro,deepseek-v4-pro,False,"Prompt, payload or response hash differs"
0a1c22046c21d811d5ca:deepseek-v4-pro,deepseek-v4-pro,False,"Prompt, payload or response hash differs"
1b4384ac42499b44481c:MiniMax-M3,MiniMax-M3,False,"Prompt, payload or response hash differs"
62f22017bdf14b44c67d:MiniMax-M3,MiniMax-M3,False,"Prompt, payload or response hash differs"
e72b4bfefab85cdc1eb0:MiniMax-M3,MiniMax-M3,False,"Prompt, payload or response hash differs"
b9efb14e8c9f01dd7bb8:MiniMax-M3,MiniMax-M3,False,"Prompt, payload or response hash differs"
8b6c9d1d1bcb44675e13:MiniMax-M3,MiniMax-M3,False,"Prompt, payload or response hash differs"
28e0487fa4b5ab85e484:MiniMax-M3,MiniMax-M3,False,"Prompt, payload or response hash differs"
f57e017ffa0a2a4b7541:MiniMax-M3,MiniMax-M3,False,"Prompt, payload or response hash differs"
cb37a94425b129e9a600:MiniMax-M3,MiniMax-M3,False,"Prompt, payload or response hash differs"
8f33dc1705a932ab2720:deepseek-v4-pro,deepseek-v4-pro,False,"Prompt, payload or response hash differs"
32f85134103a6744d948:deepseek-v4-pro,deepseek-v4-pro,False,"Prompt, payload or response hash differs"
f93bffbdb7db295c7bc8:deepseek-v4-pro,deepseek-v4-pro,False,"Prompt, payload or response hash differs"
0e887a5468fc0405e16b:MiniMax-M3,MiniMax-M3,False,"Prompt, payload or response hash differs"
ac81b6e60fc9f3034dbc:MiniMax-M3,MiniMax-M3,False,"Prompt, payload or response hash differs"
04c6048c96d3296f36a4:MiniMax-M3,MiniMax-M3,False,"Prompt, payload or response hash differs"
fffbc835409d29493d15:MiniMax-M3,MiniMax-M3,False,"Prompt, payload or response hash differs"
37d32399f68b3301a3cb:MiniMax-M3,MiniMax-M3,False,"Prompt, payload or response hash differs"
6f908c662359349b8a61:MiniMax-M3,MiniMax-M3,False,"Prompt, payload or response hash differs"
f07698553eeb2f6bbf6b:MiniMax-M3,MiniMax-M3,False,"Prompt, payload or response hash differs"
837e00cc68c58bb3a0a4:MiniMax-M3,MiniMax-M3,False,"Prompt, payload or response hash differs"
178a04b90e2c92dacb34:deepseek-v4-pro,deepseek-v4-pro,False,"Prompt, payload or response hash differs"
b5ea2aecae2d43bfb206:MiniMax-M3,MiniMax-M3,False,"Prompt, payload or response hash differs"
deaa49060345d7e1464c:MiniMax-M3,MiniMax-M3,False,"Prompt, payload or response hash differs"
335efa58fcf9825f7ba0:MiniMax-M3,MiniMax-M3,False,"Prompt, payload or response hash differs"
97d25d049d2cc89b7ec7:deepseek-v4-pro,deepseek-v4-pro,False,"Prompt, payload or response hash differs"
d447becb8f92b4844a10:deepseek-v4-pro,deepseek-v4-pro,False,"Prompt, payload or response hash differs"
1b3222d363b76b3da70c:MiniMax-M3,MiniMax-M3,False,"Prompt, payload or response hash differs"
3d1f51fc7321254f26cb:deepseek-v4-pro,deepseek-v4-pro,False,"Prompt, payload or response hash differs"
62fd091875fb176bda07:MiniMax-M3,MiniMax-M3,False,"Prompt, payload or response hash differs"
206387d6c12572fb8fb6:MiniMax-M3,MiniMax-M3,False,"Prompt, payload or response hash differs"
aa8d209a1bdcaa521636:deepseek-v4-pro,deepseek-v4-pro,False,"Prompt, payload or response hash differs"
0781a66341cb22c9f936:deepseek-v4-pro,deepseek-v4-pro,False,"Prompt, payload or response hash differs"
7b5af9ccfe8c3ba91c86:MiniMax-M3,MiniMax-M3,False,"Prompt, payload or response hash differs"
e46d7d2e3f4d041e9716:MiniMax-M3,MiniMax-M3,False,"Prompt, payload or response hash differs"
9cf6517f774afe1d277a:MiniMax-M3,MiniMax-M3,False,"Prompt, payload or response hash differs"
1b8131dd882590a7771e:MiniMax-M3,MiniMax-M3,False,"Prompt, payload or response hash differs"
e192b234fb05e4e17fef:MiniMax-M3,MiniMax-M3,False,"Prompt, payload or response hash differs"
330af4f75e2ad3dd82d0:MiniMax-M3,MiniMax-M3,False,"Prompt, payload or response hash differs"
8a8d92f6ae930d0479ff:deepseek-v4-pro,deepseek-v4-pro,False,"Prompt, payload or response hash differs"
aecf286ca3bb6f5f3001:MiniMax-M3,MiniMax-M3,False,"Prompt, payload or response hash differs"
6d566d7bd25dedc704b6:MiniMax-M3,MiniMax-M3,False,"Prompt, payload or response hash differs"
79193933607b9e771ea1:MiniMax-M3,MiniMax-M3,False,"Prompt, payload or response hash differs"
d1f723ccfc7fbc418c15:deepseek-v4-pro,deepseek-v4-pro,False,"Prompt, payload or response hash differs"
5a51df8d40d9df0733d9:MiniMax-M3,MiniMax-M3,False,"Prompt, payload or response hash differs"
d28d940842589a9f94d1:deepseek-v4-pro,deepseek-v4-pro,False,"Prompt, payload or response hash differs"
ccb7bbdce203937daef9:deepseek-v4-pro,deepseek-v4-pro,False,"Prompt, payload or response hash differs"
0c4f871388ed9df06002:deepseek-v4-pro,deepseek-v4-pro,False,"Prompt, payload or response hash differs"
0e887a5468fc0405e16b:deepseek-v4-pro,deepseek-v4-pro,False,"Prompt, payload or response hash differs"
966958c95335a8d6480e:deepseek-v4-pro,deepseek-v4-pro,False,"Prompt, payload or response hash differs"
cb1022a69e165a5b1bef:deepseek-v4-pro,deepseek-v4-pro,False,"Prompt, payload or response hash differs"
ba7100c092512fa90f78:deepseek-v4-pro,deepseek-v4-pro,False,"Prompt, payload or response hash differs"
ca3fd38f1d5555dc5c94:deepseek-v4-pro,deepseek-v4-pro,False,"Prompt, payload or response hash differs"
1a5f78f51465ad7a63fa:MiniMax-M3,MiniMax-M3,False,"Prompt, payload or response hash differs"
16afc2af4c06f97219f6:MiniMax-M3,MiniMax-M3,False,"Prompt, payload or response hash differs"
59e2c4019f2fc4be1ed1:deepseek-v4-pro,deepseek-v4-pro,False,"Prompt, payload or response hash differs"
da38cfcbb386456168c6:deepseek-v4-pro,deepseek-v4-pro,False,"Prompt, payload or response hash differs"
1db8a27728abf8b3024b:MiniMax-M3,MiniMax-M3,False,"Prompt, payload or response hash differs"
7ccf84fcf9aba832a0bc:MiniMax-M3,MiniMax-M3,False,"Prompt, payload or response hash differs"
15d13f7717b170616547:deepseek-v4-pro,deepseek-v4-pro,False,"Prompt, payload or response hash differs"
9ff48c5c4a878f3aacbc:deepseek-v4-pro,deepseek-v4-pro,False,"Prompt, payload or response hash differs"
32ee68269dc56a4320a2:deepseek-v4-pro,deepseek-v4-pro,False,"Prompt, payload or response hash differs"
c00670446f58d7955149:deepseek-v4-pro,deepseek-v4-pro,False,"Prompt, payload or response hash differs"
2572622b3817b92c4b53:MiniMax-M3,MiniMax-M3,False,"Prompt, payload or response hash differs"
b40a97c3cf2f81a9da07:MiniMax-M3,MiniMax-M3,False,"Prompt, payload or response hash differs"
97d25d049d2cc89b7ec7:MiniMax-M3,MiniMax-M3,False,"Prompt, payload or response hash differs"
7dd988dbb5c65bd31ede:MiniMax-M3,MiniMax-M3,False,"Prompt, payload or response hash differs"
cbfb6d719c48d5d51018:deepseek-v4-pro,deepseek-v4-pro,False,"Prompt, payload or response hash differs"
3636c3d17dfc992ef2c8:MiniMax-M3,MiniMax-M3,False,"Prompt, payload or response hash differs"
