{"context_count": 96, "contexts_by_target": {"probing": 48, "telling": 48}, "exact_eight_stratum_block_balance": true, "expected_calls": 1920, "manifest_sha256": "4c7b11e64e2e9963b9632aeefe63791f71a2964b3a61eab9aa2524bc4ea4283f", "model_count": 5, "nonoracle_system_prompt_counts_by_arm": {"adaptive_router": 1, "generic": 1, "uniform_scaffold": 1}, "nonoracle_system_prompts_are_target_invariant": true, "order_plan_sha256": "21bb71e599cac0cf91ecefda98cc565284fab56fe6508ee3082fe405edf30659", "payload_scope": "public MathDial-derived benchmark problem and conversation contexts; no private user logs, archived model responses, or held-out teacher text", "prompt_hashes_unique": true, "release_scope": "public manifest contains IDs, labels, hashes, and design metadata only; the generated request manifest with benchmark text is gitignored", "sample_count": 384, "samples_per_model": 384, "schema_version": 1, "source_bridge_sha256": "96609c808383eea57d16bb24a49f302a9d84ffa323571c5989e57638bbaf2066", "source_target_audit_sha256": "e88b66557e42ed23f8121695b6c86fa5d24a0b2ec9ebbc8e7256edfe028081fe"}
{"expected_calls": 1920, "models": ["MiniMax-M3", "MiniMax-M2.7", "glm-5.2", "deepseek-v4-pro", "doubao-seed-2.0-lite"], "order": "model-specific SHA-256 order in exact eight-stratum blocks", "payload": "public MathDial-derived contexts only; no private logs, archived model responses, or held-out teacher text", "samples": 384}
{"request_id": "routing-v1|scaffolding-266|adaptive_router|MiniMax-M3", "queue_rank": 3, "arm": "adaptive_router", "target_act": "probing", "ok": true, "error": ""}
{"request_id": "routing-v1|scaffolding-491|generic|MiniMax-M3", "queue_rank": 0, "arm": "generic", "target_act": "probing", "ok": true, "error": ""}
{"request_id": "routing-v1|scaffolding-602|oracle_action|MiniMax-M3", "queue_rank": 1, "arm": "oracle_action", "target_act": "probing", "ok": true, "error": ""}
{"request_id": "routing-v1|scaffolding-176|oracle_action|MiniMax-M3", "queue_rank": 2, "arm": "oracle_action", "target_act": "telling", "ok": true, "error": ""}
{"request_id": "routing-v1|scaffolding-176|adaptive_router|MiniMax-M3", "queue_rank": 5, "arm": "adaptive_router", "target_act": "telling", "ok": true, "error": ""}
{"request_id": "routing-v1|scaffolding-121|uniform_scaffold|MiniMax-M3", "queue_rank": 7, "arm": "uniform_scaffold", "target_act": "probing", "ok": true, "error": ""}
{"request_id": "routing-v1|scaffolding-57|uniform_scaffold|MiniMax-M3", "queue_rank": 6, "arm": "uniform_scaffold", "target_act": "telling", "ok": true, "error": ""}
{"request_id": "routing-v1|scaffolding-968|generic|MiniMax-M3", "queue_rank": 4, "arm": "generic", "target_act": "telling", "ok": true, "error": ""}
{"request_id": "routing-v1|scaffolding-55|generic|MiniMax-M3", "queue_rank": 9, "arm": "generic", "target_act": "telling", "ok": true, "error": ""}
{"request_id": "routing-v1|scaffolding-968|uniform_scaffold|MiniMax-M3", "queue_rank": 8, "arm": "uniform_scaffold", "target_act": "telling", "ok": true, "error": ""}
{"request_id": "routing-v1|scaffolding-703|generic|MiniMax-M3", "queue_rank": 12, "arm": "generic", "target_act": "probing", "ok": true, "error": ""}
{"request_id": "routing-v1|scaffolding-196|uniform_scaffold|MiniMax-M3", "queue_rank": 11, "arm": "uniform_scaffold", "target_act": "probing", "ok": true, "error": ""}
{"request_id": "routing-v1|scaffolding-780|adaptive_router|MiniMax-M3", "queue_rank": 10, "arm": "adaptive_router", "target_act": "probing", "ok": true, "error": ""}
{"request_id": "routing-v1|scaffolding-268|oracle_action|MiniMax-M3", "queue_rank": 13, "arm": "oracle_action", "target_act": "probing", "ok": true, "error": ""}
{"request_id": "routing-v1|scaffolding-11|oracle_action|MiniMax-M3", "queue_rank": 15, "arm": "oracle_action", "target_act": "telling", "ok": true, "error": ""}
{"request_id": "routing-v1|scaffolding-324|adaptive_router|MiniMax-M3", "queue_rank": 14, "arm": "adaptive_router", "target_act": "telling", "ok": true, "error": ""}
{"request_id": "routing-v1|scaffolding-15|uniform_scaffold|MiniMax-M3", "queue_rank": 16, "arm": "uniform_scaffold", "target_act": "telling", "ok": true, "error": ""}
{"request_id": "routing-v1|scaffolding-793|generic|MiniMax-M3", "queue_rank": 17, "arm": "generic", "target_act": "telling", "ok": true, "error": ""}
{"request_id": "routing-v1|scaffolding-8|adaptive_router|MiniMax-M3", "queue_rank": 20, "arm": "adaptive_router", "target_act": "telling", "ok": true, "error": ""}
{"request_id": "routing-v1|scaffolding-879|generic|MiniMax-M3", "queue_rank": 18, "arm": "generic", "target_act": "probing", "ok": true, "error": ""}
{"request_id": "routing-v1|scaffolding-157|uniform_scaffold|MiniMax-M3", "queue_rank": 21, "arm": "uniform_scaffold", "target_act": "probing", "ok": true, "error": ""}
{"request_id": "routing-v1|scaffolding-903|oracle_action|MiniMax-M3", "queue_rank": 19, "arm": "oracle_action", "target_act": "probing", "ok": true, "error": ""}
{"request_id": "routing-v1|scaffolding-307|adaptive_router|MiniMax-M3", "queue_rank": 22, "arm": "adaptive_router", "target_act": "probing", "ok": true, "error": ""}
{"request_id": "routing-v1|scaffolding-59|oracle_action|MiniMax-M3", "queue_rank": 23, "arm": "oracle_action", "target_act": "telling", "ok": true, "error": ""}
{"request_id": "routing-v1|scaffolding-577|oracle_action|MiniMax-M3", "queue_rank": 24, "arm": "oracle_action", "target_act": "probing", "ok": true, "error": ""}
{"request_id": "routing-v1|scaffolding-915|adaptive_router|MiniMax-M3", "queue_rank": 25, "arm": "adaptive_router", "target_act": "telling", "ok": true, "error": ""}
{"request_id": "routing-v1|scaffolding-974|oracle_action|MiniMax-M3", "queue_rank": 27, "arm": "oracle_action", "target_act": "telling", "ok": true, "error": ""}
{"request_id": "routing-v1|scaffolding-721|generic|MiniMax-M3", "queue_rank": 28, "arm": "generic", "target_act": "telling", "ok": true, "error": ""}
{"request_id": "routing-v1|scaffolding-804|adaptive_router|MiniMax-M3", "queue_rank": 26, "arm": "adaptive_router", "target_act": "probing", "ok": true, "error": ""}
{"request_id": "routing-v1|scaffolding-446|generic|MiniMax-M3", "queue_rank": 29, "arm": "generic", "target_act": "probing", "ok": true, "error": ""}
{"request_id": "routing-v1|scaffolding-338|uniform_scaffold|MiniMax-M3", "queue_rank": 30, "arm": "uniform_scaffold", "target_act": "probing", "ok": true, "error": ""}
{"request_id": "routing-v1|scaffolding-1085|uniform_scaffold|MiniMax-M3", "queue_rank": 31, "arm": "uniform_scaffold", "target_act": "telling", "ok": true, "error": ""}
{"request_id": "routing-v1|scaffolding-56|oracle_action|MiniMax-M3", "queue_rank": 32, "arm": "oracle_action", "target_act": "telling", "ok": true, "error": ""}
{"request_id": "routing-v1|scaffolding-338|generic|MiniMax-M3", "queue_rank": 34, "arm": "generic", "target_act": "probing", "ok": true, "error": ""}
{"request_id": "routing-v1|scaffolding-919|adaptive_router|MiniMax-M3", "queue_rank": 33, "arm": "adaptive_router", "target_act": "telling", "ok": true, "error": ""}
{"request_id": "routing-v1|scaffolding-915|generic|MiniMax-M3", "queue_rank": 35, "arm": "generic", "target_act": "telling", "ok": true, "error": ""}
{"request_id": "routing-v1|scaffolding-500|uniform_scaffold|MiniMax-M3", "queue_rank": 36, "arm": "uniform_scaffold", "target_act": "telling", "ok": true, "error": ""}
{"request_id": "routing-v1|scaffolding-953|adaptive_router|MiniMax-M3", "queue_rank": 40, "arm": "adaptive_router", "target_act": "probing", "ok": true, "error": ""}
{"request_id": "routing-v1|scaffolding-953|uniform_scaffold|MiniMax-M3", "queue_rank": 37, "arm": "uniform_scaffold", "target_act": "probing", "ok": true, "error": ""}
{"request_id": "routing-v1|scaffolding-451|adaptive_router|MiniMax-M3", "queue_rank": 39, "arm": "adaptive_router", "target_act": "probing", "ok": true, "error": ""}
{"request_id": "routing-v1|scaffolding-363|oracle_action|MiniMax-M3", "queue_rank": 38, "arm": "oracle_action", "target_act": "probing", "ok": true, "error": ""}
{"request_id": "routing-v1|scaffolding-196|generic|MiniMax-M3", "queue_rank": 44, "arm": "generic", "target_act": "probing", "ok": true, "error": ""}
{"request_id": "routing-v1|scaffolding-845|generic|MiniMax-M3", "queue_rank": 43, "arm": "generic", "target_act": "telling", "ok": true, "error": ""}
{"request_id": "routing-v1|scaffolding-722|uniform_scaffold|MiniMax-M3", "queue_rank": 45, "arm": "uniform_scaffold", "target_act": "telling", "ok": true, "error": ""}
{"request_id": "routing-v1|scaffolding-193|uniform_scaffold|MiniMax-M3", "queue_rank": 41, "arm": "uniform_scaffold", "target_act": "probing", "ok": true, "error": ""}
{"request_id": "routing-v1|scaffolding-623|oracle_action|MiniMax-M3", "queue_rank": 42, "arm": "oracle_action", "target_act": "probing", "ok": true, "error": ""}
{"request_id": "routing-v1|scaffolding-477|generic|MiniMax-M3", "queue_rank": 48, "arm": "generic", "target_act": "probing", "ok": true, "error": ""}
{"request_id": "routing-v1|scaffolding-799|oracle_action|MiniMax-M3", "queue_rank": 46, "arm": "oracle_action", "target_act": "telling", "ok": true, "error": ""}
{"request_id": "routing-v1|scaffolding-755|adaptive_router|MiniMax-M3", "queue_rank": 47, "arm": "adaptive_router", "target_act": "telling", "ok": true, "error": ""}
{"request_id": "routing-v1|scaffolding-251|oracle_action|MiniMax-M3", "queue_rank": 49, "arm": "oracle_action", "target_act": "probing", "ok": true, "error": ""}
{"request_id": "routing-v1|scaffolding-55|uniform_scaffold|MiniMax-M3", "queue_rank": 50, "arm": "uniform_scaffold", "target_act": "telling", "ok": true, "error": ""}
{"request_id": "routing-v1|scaffolding-610|uniform_scaffold|MiniMax-M3", "queue_rank": 51, "arm": "uniform_scaffold", "target_act": "probing", "ok": true, "error": ""}
{"request_id": "routing-v1|scaffolding-47|generic|MiniMax-M3", "queue_rank": 52, "arm": "generic", "target_act": "telling", "ok": true, "error": ""}
{"request_id": "routing-v1|scaffolding-60|adaptive_router|MiniMax-M3", "queue_rank": 53, "arm": "adaptive_router", "target_act": "telling", "ok": true, "error": ""}
{"request_id": "routing-v1|scaffolding-193|oracle_action|MiniMax-M3", "queue_rank": 56, "arm": "oracle_action", "target_act": "probing", "ok": true, "error": ""}
{"request_id": "routing-v1|scaffolding-216|oracle_action|MiniMax-M3", "queue_rank": 55, "arm": "oracle_action", "target_act": "telling", "ok": true, "error": ""}
{"request_id": "routing-v1|scaffolding-137|adaptive_router|MiniMax-M3", "queue_rank": 57, "arm": "adaptive_router", "target_act": "probing", "ok": true, "error": ""}
{"request_id": "routing-v1|scaffolding-909|adaptive_router|MiniMax-M3", "queue_rank": 59, "arm": "adaptive_router", "target_act": "telling", "ok": true, "error": ""}
{"request_id": "routing-v1|scaffolding-148|adaptive_router|MiniMax-M3", "queue_rank": 54, "arm": "adaptive_router", "target_act": "probing", "ok": true, "error": ""}
{"request_id": "routing-v1|scaffolding-146|generic|MiniMax-M3", "queue_rank": 60, "arm": "generic", "target_act": "probing", "ok": true, "error": ""}
{"request_id": "routing-v1|scaffolding-60|oracle_action|MiniMax-M3", "queue_rank": 62, "arm": "oracle_action", "target_act": "telling", "ok": true, "error": ""}
{"request_id": "routing-v1|scaffolding-686|generic|MiniMax-M3", "queue_rank": 61, "arm": "generic", "target_act": "telling", "ok": true, "error": ""}
{"request_id": "routing-v1|scaffolding-8|uniform_scaffold|MiniMax-M3", "queue_rank": 63, "arm": "uniform_scaffold", "target_act": "telling", "ok": true, "error": ""}
{"request_id": "routing-v1|scaffolding-760|generic|MiniMax-M3", "queue_rank": 64, "arm": "generic", "target_act": "telling", "ok": true, "error": ""}
{"request_id": "routing-v1|scaffolding-196|oracle_action|MiniMax-M3", "queue_rank": 66, "arm": "oracle_action", "target_act": "probing", "ok": true, "error": ""}
{"request_id": "routing-v1|scaffolding-9|adaptive_router|MiniMax-M3", "queue_rank": 65, "arm": "adaptive_router", "target_act": "telling", "ok": true, "error": ""}
{"request_id": "routing-v1|scaffolding-915|uniform_scaffold|MiniMax-M3", "queue_rank": 67, "arm": "uniform_scaffold", "target_act": "telling", "ok": true, "error": ""}
{"request_id": "routing-v1|scaffolding-835|uniform_scaffold|MiniMax-M3", "queue_rank": 58, "arm": "uniform_scaffold", "target_act": "probing", "ok": true, "error": ""}
{"request_id": "routing-v1|scaffolding-602|uniform_scaffold|MiniMax-M3", "queue_rank": 69, "arm": "uniform_scaffold", "target_act": "probing", "ok": true, "error": ""}
{"request_id": "routing-v1|scaffolding-749|adaptive_router|MiniMax-M3", "queue_rank": 68, "arm": "adaptive_router", "target_act": "probing", "ok": true, "error": ""}
{"request_id": "routing-v1|scaffolding-686|oracle_action|MiniMax-M3", "queue_rank": 70, "arm": "oracle_action", "target_act": "telling", "ok": true, "error": ""}
{"request_id": "routing-v1|scaffolding-991|generic|MiniMax-M3", "queue_rank": 74, "arm": "generic", "target_act": "probing", "ok": true, "error": ""}
{"request_id": "routing-v1|scaffolding-703|adaptive_router|MiniMax-M3", "queue_rank": 73, "arm": "adaptive_router", "target_act": "probing", "ok": true, "error": ""}
{"request_id": "routing-v1|scaffolding-704|generic|MiniMax-M3", "queue_rank": 71, "arm": "generic", "target_act": "probing", "ok": true, "error": ""}
{"request_id": "routing-v1|scaffolding-232|uniform_scaffold|MiniMax-M3", "queue_rank": 72, "arm": "uniform_scaffold", "target_act": "probing", "ok": true, "error": ""}
{"request_id": "routing-v1|scaffolding-322|oracle_action|MiniMax-M3", "queue_rank": 77, "arm": "oracle_action", "target_act": "telling", "ok": true, "error": ""}
{"request_id": "routing-v1|scaffolding-909|uniform_scaffold|MiniMax-M3", "queue_rank": 76, "arm": "uniform_scaffold", "target_act": "telling", "ok": true, "error": ""}
{"request_id": "routing-v1|scaffolding-176|generic|MiniMax-M3", "queue_rank": 79, "arm": "generic", "target_act": "telling", "ok": true, "error": ""}
{"request_id": "routing-v1|scaffolding-55|adaptive_router|MiniMax-M3", "queue_rank": 78, "arm": "adaptive_router", "target_act": "telling", "ok": true, "error": ""}
{"request_id": "routing-v1|scaffolding-674|oracle_action|MiniMax-M3", "queue_rank": 75, "arm": "oracle_action", "target_act": "probing", "ok": true, "error": ""}
{"request_id": "routing-v1|scaffolding-193|adaptive_router|MiniMax-M3", "queue_rank": 80, "arm": "adaptive_router", "target_act": "probing", "ok": true, "error": ""}
{"request_id": "routing-v1|scaffolding-698|adaptive_router|MiniMax-M3", "queue_rank": 82, "arm": "adaptive_router", "target_act": "telling", "ok": true, "error": ""}
{"request_id": "routing-v1|scaffolding-610|generic|MiniMax-M3", "queue_rank": 85, "arm": "generic", "target_act": "probing", "ok": true, "error": ""}
{"request_id": "routing-v1|scaffolding-780|oracle_action|MiniMax-M3", "queue_rank": 83, "arm": "oracle_action", "target_act": "probing", "ok": true, "error": ""}
{"request_id": "routing-v1|scaffolding-9|oracle_action|MiniMax-M3", "queue_rank": 81, "arm": "oracle_action", "target_act": "telling", "ok": true, "error": ""}
{"request_id": "routing-v1|scaffolding-736|uniform_scaffold|MiniMax-M3", "queue_rank": 86, "arm": "uniform_scaffold", "target_act": "probing", "ok": true, "error": ""}
{"request_id": "routing-v1|scaffolding-12|uniform_scaffold|MiniMax-M3", "queue_rank": 84, "arm": "uniform_scaffold", "target_act": "telling", "ok": true, "error": ""}
{"request_id": "routing-v1|scaffolding-919|generic|MiniMax-M3", "queue_rank": 87, "arm": "generic", "target_act": "telling", "ok": true, "error": ""}
{"request_id": "routing-v1|scaffolding-324|generic|MiniMax-M3", "queue_rank": 89, "arm": "generic", "target_act": "telling", "ok": true, "error": ""}
{"request_id": "routing-v1|scaffolding-793|adaptive_router|MiniMax-M3", "queue_rank": 90, "arm": "adaptive_router", "target_act": "telling", "ok": true, "error": ""}
{"request_id": "routing-v1|scaffolding-59|uniform_scaffold|MiniMax-M3", "queue_rank": 88, "arm": "uniform_scaffold", "target_act": "telling", "ok": true, "error": ""}
{"request_id": "routing-v1|scaffolding-446|uniform_scaffold|MiniMax-M3", "queue_rank": 94, "arm": "uniform_scaffold", "target_act": "probing", "ok": true, "error": ""}
{"request_id": "routing-v1|scaffolding-769|oracle_action|MiniMax-M3", "queue_rank": 91, "arm": "oracle_action", "target_act": "probing", "ok": true, "error": ""}
{"request_id": "routing-v1|scaffolding-799|adaptive_router|MiniMax-M3", "queue_rank": 96, "arm": "adaptive_router", "target_act": "telling", "ok": true, "error": ""}
{"request_id": "routing-v1|scaffolding-757|oracle_action|MiniMax-M3", "queue_rank": 92, "arm": "oracle_action", "target_act": "telling", "ok": true, "error": ""}
{"request_id": "routing-v1|scaffolding-193|generic|MiniMax-M3", "queue_rank": 95, "arm": "generic", "target_act": "probing", "ok": true, "error": ""}
{"request_id": "routing-v1|scaffolding-11|generic|MiniMax-M3", "queue_rank": 98, "arm": "generic", "target_act": "telling", "ok": true, "error": ""}
{"request_id": "routing-v1|scaffolding-137|uniform_scaffold|MiniMax-M3", "queue_rank": 97, "arm": "uniform_scaffold", "target_act": "probing", "ok": true, "error": ""}
{"request_id": "routing-v1|scaffolding-602|generic|MiniMax-M3", "queue_rank": 100, "arm": "generic", "target_act": "probing", "ok": true, "error": ""}
{"request_id": "routing-v1|scaffolding-266|oracle_action|MiniMax-M3", "queue_rank": 102, "arm": "oracle_action", "target_act": "probing", "ok": true, "error": ""}
{"request_id": "routing-v1|scaffolding-704|adaptive_router|MiniMax-M3", "queue_rank": 101, "arm": "adaptive_router", "target_act": "probing", "ok": true, "error": ""}
{"request_id": "routing-v1|scaffolding-721|oracle_action|MiniMax-M3", "queue_rank": 103, "arm": "oracle_action", "target_act": "telling", "ok": true, "error": ""}
{"request_id": "routing-v1|scaffolding-921|uniform_scaffold|MiniMax-M3", "queue_rank": 99, "arm": "uniform_scaffold", "target_act": "telling", "ok": true, "error": ""}
{"request_id": "routing-v1|scaffolding-729|adaptive_router|MiniMax-M3", "queue_rank": 93, "arm": "adaptive_router", "target_act": "probing", "ok": true, "error": ""}
{"request_id": "routing-v1|scaffolding-756|uniform_scaffold|MiniMax-M3", "queue_rank": 107, "arm": "uniform_scaffold", "target_act": "telling", "ok": true, "error": ""}
{"request_id": "routing-v1|scaffolding-309|oracle_action|MiniMax-M3", "queue_rank": 105, "arm": "oracle_action", "target_act": "probing", "ok": true, "error": ""}
{"request_id": "routing-v1|scaffolding-909|oracle_action|MiniMax-M3", "queue_rank": 104, "arm": "oracle_action", "target_act": "telling", "ok": true, "error": ""}
{"request_id": "routing-v1|scaffolding-322|adaptive_router|MiniMax-M3", "queue_rank": 108, "arm": "adaptive_router", "target_act": "telling", "ok": true, "error": ""}
{"request_id": "routing-v1|scaffolding-921|generic|MiniMax-M3", "queue_rank": 106, "arm": "generic", "target_act": "telling", "ok": true, "error": ""}
{"request_id": "routing-v1|scaffolding-453|uniform_scaffold|MiniMax-M3", "queue_rank": 110, "arm": "uniform_scaffold", "target_act": "probing", "ok": true, "error": ""}
{"request_id": "routing-v1|scaffolding-619|adaptive_router|MiniMax-M3", "queue_rank": 109, "arm": "adaptive_router", "target_act": "probing", "ok": true, "error": ""}
{"request_id": "routing-v1|scaffolding-953|generic|MiniMax-M3", "queue_rank": 111, "arm": "generic", "target_act": "probing", "ok": true, "error": ""}
{"request_id": "routing-v1|scaffolding-736|adaptive_router|MiniMax-M3", "queue_rank": 112, "arm": "adaptive_router", "target_act": "probing", "ok": true, "error": ""}
{"request_id": "routing-v1|scaffolding-240|uniform_scaffold|MiniMax-M3", "queue_rank": 113, "arm": "uniform_scaffold", "target_act": "probing", "ok": true, "error": ""}
{"request_id": "routing-v1|scaffolding-757|uniform_scaffold|MiniMax-M3", "queue_rank": 116, "arm": "uniform_scaffold", "target_act": "telling", "ok": true, "error": ""}
{"request_id": "routing-v1|scaffolding-685|oracle_action|MiniMax-M3", "queue_rank": 117, "arm": "oracle_action", "target_act": "telling", "ok": true, "error": ""}
{"request_id": "routing-v1|scaffolding-309|generic|MiniMax-M3", "queue_rank": 115, "arm": "generic", "target_act": "probing", "ok": true, "error": ""}
{"request_id": "routing-v1|scaffolding-477|oracle_action|MiniMax-M3", "queue_rank": 114, "arm": "oracle_action", "target_act": "probing", "ok": true, "error": ""}
{"request_id": "routing-v1|scaffolding-1085|generic|MiniMax-M3", "queue_rank": 119, "arm": "generic", "target_act": "telling", "ok": true, "error": ""}
{"request_id": "routing-v1|scaffolding-974|adaptive_router|MiniMax-M3", "queue_rank": 118, "arm": "adaptive_router", "target_act": "telling", "ok": true, "error": ""}
{"request_id": "routing-v1|scaffolding-251|generic|MiniMax-M3", "queue_rank": 120, "arm": "generic", "target_act": "probing", "ok": true, "error": ""}
{"request_id": "routing-v1|scaffolding-47|adaptive_router|MiniMax-M3", "queue_rank": 121, "arm": "adaptive_router", "target_act": "telling", "ok": true, "error": ""}
{"request_id": "routing-v1|scaffolding-919|uniform_scaffold|MiniMax-M3", "queue_rank": 122, "arm": "uniform_scaffold", "target_act": "telling", "ok": true, "error": ""}
{"request_id": "routing-v1|scaffolding-799|generic|MiniMax-M3", "queue_rank": 124, "arm": "generic", "target_act": "telling", "ok": true, "error": ""}
{"request_id": "routing-v1|scaffolding-619|oracle_action|MiniMax-M3", "queue_rank": 126, "arm": "oracle_action", "target_act": "probing", "ok": true, "error": ""}
{"request_id": "routing-v1|scaffolding-146|uniform_scaffold|MiniMax-M3", "queue_rank": 125, "arm": "uniform_scaffold", "target_act": "probing", "ok": true, "error": ""}
{"request_id": "routing-v1|scaffolding-124|adaptive_router|MiniMax-M3", "queue_rank": 127, "arm": "adaptive_router", "target_act": "probing", "ok": true, "error": ""}
{"request_id": "routing-v1|scaffolding-749|uniform_scaffold|MiniMax-M3", "queue_rank": 128, "arm": "uniform_scaffold", "target_act": "probing", "ok": true, "error": ""}
{"request_id": "routing-v1|scaffolding-324|uniform_scaffold|MiniMax-M3", "queue_rank": 131, "arm": "uniform_scaffold", "target_act": "telling", "ok": true, "error": ""}
{"request_id": "routing-v1|scaffolding-12|oracle_action|MiniMax-M3", "queue_rank": 129, "arm": "oracle_action", "target_act": "telling", "ok": true, "error": ""}
{"request_id": "routing-v1|scaffolding-99|generic|MiniMax-M3", "queue_rank": 130, "arm": "generic", "target_act": "telling", "ok": true, "error": ""}
{"request_id": "routing-v1|scaffolding-15|oracle_action|MiniMax-M3", "queue_rank": 123, "arm": "oracle_action", "target_act": "telling", "ok": true, "error": ""}
{"request_id": "routing-v1|scaffolding-589|generic|MiniMax-M3", "queue_rank": 133, "arm": "generic", "target_act": "probing", "ok": true, "error": ""}
{"request_id": "routing-v1|scaffolding-998|adaptive_router|MiniMax-M3", "queue_rank": 135, "arm": "adaptive_router", "target_act": "telling", "ok": true, "error": ""}
{"request_id": "routing-v1|scaffolding-736|generic|MiniMax-M3", "queue_rank": 136, "arm": "generic", "target_act": "probing", "ok": true, "error": ""}
{"request_id": "routing-v1|scaffolding-721|adaptive_router|MiniMax-M3", "queue_rank": 137, "arm": "adaptive_router", "target_act": "telling", "ok": true, "error": ""}
{"request_id": "routing-v1|scaffolding-307|oracle_action|MiniMax-M3", "queue_rank": 132, "arm": "oracle_action", "target_act": "probing", "ok": true, "error": ""}
{"request_id": "routing-v1|scaffolding-446|adaptive_router|MiniMax-M3", "queue_rank": 138, "arm": "adaptive_router", "target_act": "probing", "ok": true, "error": ""}
{"request_id": "routing-v1|scaffolding-309|adaptive_router|MiniMax-M3", "queue_rank": 134, "arm": "adaptive_router", "target_act": "probing", "ok": true, "error": ""}
{"request_id": "routing-v1|scaffolding-57|generic|MiniMax-M3", "queue_rank": 139, "arm": "generic", "target_act": "telling", "ok": true, "error": ""}
{"request_id": "routing-v1|scaffolding-640|oracle_action|MiniMax-M3", "queue_rank": 143, "arm": "oracle_action", "target_act": "telling", "ok": true, "error": ""}
{"request_id": "routing-v1|scaffolding-477|uniform_scaffold|MiniMax-M3", "queue_rank": 142, "arm": "uniform_scaffold", "target_act": "probing", "ok": true, "error": ""}
{"request_id": "routing-v1|scaffolding-729|oracle_action|MiniMax-M3", "queue_rank": 140, "arm": "oracle_action", "target_act": "probing", "ok": true, "error": ""}
{"request_id": "routing-v1|scaffolding-800|uniform_scaffold|MiniMax-M3", "queue_rank": 141, "arm": "uniform_scaffold", "target_act": "telling", "ok": true, "error": ""}
{"request_id": "routing-v1|scaffolding-500|oracle_action|MiniMax-M3", "queue_rank": 146, "arm": "oracle_action", "target_act": "telling", "ok": true, "error": ""}
{"request_id": "routing-v1|scaffolding-2|generic|MiniMax-M3", "queue_rank": 144, "arm": "generic", "target_act": "telling", "ok": true, "error": ""}
{"request_id": "routing-v1|scaffolding-686|uniform_scaffold|MiniMax-M3", "queue_rank": 149, "arm": "uniform_scaffold", "target_act": "telling", "ok": true, "error": ""}
{"request_id": "routing-v1|scaffolding-769|adaptive_router|MiniMax-M3", "queue_rank": 148, "arm": "adaptive_router", "target_act": "probing", "ok": true, "error": ""}
{"request_id": "routing-v1|scaffolding-448|oracle_action|MiniMax-M3", "queue_rank": 147, "arm": "oracle_action", "target_act": "probing", "ok": true, "error": ""}
{"request_id": "routing-v1|scaffolding-56|uniform_scaffold|MiniMax-M3", "queue_rank": 152, "arm": "uniform_scaffold", "target_act": "telling", "ok": true, "error": ""}
{"request_id": "routing-v1|scaffolding-491|uniform_scaffold|MiniMax-M3", "queue_rank": 151, "arm": "uniform_scaffold", "target_act": "probing", "ok": true, "error": ""}
{"request_id": "routing-v1|scaffolding-240|generic|MiniMax-M3", "queue_rank": 150, "arm": "generic", "target_act": "probing", "ok": true, "error": ""}
{"request_id": "routing-v1|scaffolding-623|adaptive_router|MiniMax-M3", "queue_rank": 154, "arm": "adaptive_router", "target_act": "probing", "ok": true, "error": ""}
{"request_id": "routing-v1|scaffolding-903|generic|MiniMax-M3", "queue_rank": 153, "arm": "generic", "target_act": "probing", "ok": true, "error": ""}
{"request_id": "routing-v1|scaffolding-801|adaptive_router|MiniMax-M3", "queue_rank": 155, "arm": "adaptive_router", "target_act": "telling", "ok": true, "error": ""}
{"request_id": "routing-v1|scaffolding-7|generic|MiniMax-M3", "queue_rank": 156, "arm": "generic", "target_act": "telling", "ok": true, "error": ""}
{"request_id": "routing-v1|scaffolding-146|oracle_action|MiniMax-M3", "queue_rank": 158, "arm": "oracle_action", "target_act": "probing", "ok": true, "error": ""}
{"request_id": "routing-v1|scaffolding-722|oracle_action|MiniMax-M3", "queue_rank": 157, "arm": "oracle_action", "target_act": "telling", "ok": true, "error": ""}
{"request_id": "routing-v1|scaffolding-251|uniform_scaffold|MiniMax-M3", "queue_rank": 159, "arm": "uniform_scaffold", "target_act": "probing", "ok": true, "error": ""}
{"request_id": "routing-v1|scaffolding-216|generic|MiniMax-M3", "queue_rank": 160, "arm": "generic", "target_act": "telling", "ok": true, "error": ""}
{"request_id": "routing-v1|scaffolding-793|oracle_action|MiniMax-M3", "queue_rank": 161, "arm": "oracle_action", "target_act": "telling", "ok": true, "error": ""}
{"request_id": "routing-v1|scaffolding-793|uniform_scaffold|MiniMax-M3", "queue_rank": 164, "arm": "uniform_scaffold", "target_act": "telling", "ok": true, "error": ""}
{"request_id": "routing-v1|scaffolding-268|adaptive_router|MiniMax-M3", "queue_rank": 162, "arm": "adaptive_router", "target_act": "probing", "ok": true, "error": ""}
{"request_id": "routing-v1|scaffolding-577|generic|MiniMax-M3", "queue_rank": 163, "arm": "generic", "target_act": "probing", "ok": true, "error": ""}
{"request_id": "routing-v1|scaffolding-121|oracle_action|MiniMax-M3", "queue_rank": 165, "arm": "oracle_action", "target_act": "probing", "ok": true, "error": ""}
{"request_id": "routing-v1|scaffolding-169|adaptive_router|MiniMax-M3", "queue_rank": 166, "arm": "adaptive_router", "target_act": "telling", "ok": true, "error": ""}
{"request_id": "routing-v1|scaffolding-307|uniform_scaffold|MiniMax-M3", "queue_rank": 167, "arm": "uniform_scaffold", "target_act": "probing", "ok": true, "error": ""}
{"request_id": "routing-v1|scaffolding-146|adaptive_router|MiniMax-M3", "queue_rank": 168, "arm": "adaptive_router", "target_act": "probing", "ok": true, "error": ""}
{"request_id": "routing-v1|scaffolding-678|uniform_scaffold|MiniMax-M3", "queue_rank": 169, "arm": "uniform_scaffold", "target_act": "probing", "ok": true, "error": ""}
{"request_id": "routing-v1|scaffolding-157|generic|MiniMax-M3", "queue_rank": 170, "arm": "generic", "target_act": "probing", "ok": true, "error": ""}
{"request_id": "routing-v1|scaffolding-47|oracle_action|MiniMax-M3", "queue_rank": 172, "arm": "oracle_action", "target_act": "telling", "ok": true, "error": ""}
{"request_id": "routing-v1|scaffolding-703|oracle_action|MiniMax-M3", "queue_rank": 171, "arm": "oracle_action", "target_act": "probing", "ok": true, "error": ""}
{"request_id": "routing-v1|scaffolding-500|adaptive_router|MiniMax-M3", "queue_rank": 175, "arm": "adaptive_router", "target_act": "telling", "ok": true, "error": ""}
{"request_id": "routing-v1|scaffolding-719|uniform_scaffold|MiniMax-M3", "queue_rank": 174, "arm": "uniform_scaffold", "target_act": "telling", "ok": true, "error": ""}
{"request_id": "routing-v1|scaffolding-322|generic|MiniMax-M3", "queue_rank": 173, "arm": "generic", "target_act": "telling", "ok": true, "error": ""}
{"request_id": "routing-v1|scaffolding-715|adaptive_router|MiniMax-M3", "queue_rank": 176, "arm": "adaptive_router", "target_act": "probing", "ok": true, "error": ""}
{"request_id": "routing-v1|scaffolding-678|oracle_action|MiniMax-M3", "queue_rank": 177, "arm": "oracle_action", "target_act": "probing", "ok": true, "error": ""}
{"request_id": "routing-v1|scaffolding-991|uniform_scaffold|MiniMax-M3", "queue_rank": 179, "arm": "uniform_scaffold", "target_act": "probing", "ok": true, "error": ""}
{"request_id": "routing-v1|scaffolding-968|adaptive_router|MiniMax-M3", "queue_rank": 145, "arm": "adaptive_router", "target_act": "telling", "ok": true, "error": ""}
{"request_id": "routing-v1|scaffolding-755|generic|MiniMax-M3", "queue_rank": 180, "arm": "generic", "target_act": "telling", "ok": true, "error": ""}
{"request_id": "routing-v1|scaffolding-799|uniform_scaffold|MiniMax-M3", "queue_rank": 181, "arm": "uniform_scaffold", "target_act": "telling", "ok": true, "error": ""}
{"request_id": "routing-v1|scaffolding-729|generic|MiniMax-M3", "queue_rank": 178, "arm": "generic", "target_act": "probing", "ok": true, "error": ""}
{"request_id": "routing-v1|scaffolding-59|adaptive_router|MiniMax-M3", "queue_rank": 183, "arm": "adaptive_router", "target_act": "telling", "ok": true, "error": ""}
{"request_id": "routing-v1|scaffolding-919|oracle_action|MiniMax-M3", "queue_rank": 182, "arm": "oracle_action", "target_act": "telling", "ok": true, "error": ""}
{"request_id": "routing-v1|scaffolding-903|uniform_scaffold|MiniMax-M3", "queue_rank": 184, "arm": "uniform_scaffold", "target_act": "probing", "ok": true, "error": ""}
{"request_id": "routing-v1|scaffolding-157|adaptive_router|MiniMax-M3", "queue_rank": 186, "arm": "adaptive_router", "target_act": "probing", "ok": true, "error": ""}
{"request_id": "routing-v1|scaffolding-11|adaptive_router|MiniMax-M3", "queue_rank": 185, "arm": "adaptive_router", "target_act": "telling", "ok": true, "error": ""}
{"request_id": "routing-v1|scaffolding-157|oracle_action|MiniMax-M3", "queue_rank": 187, "arm": "oracle_action", "target_act": "probing", "ok": true, "error": ""}
{"request_id": "routing-v1|scaffolding-137|generic|MiniMax-M3", "queue_rank": 190, "arm": "generic", "target_act": "probing", "ok": true, "error": ""}
{"request_id": "routing-v1|scaffolding-169|oracle_action|MiniMax-M3", "queue_rank": 191, "arm": "oracle_action", "target_act": "telling", "ok": true, "error": ""}
{"request_id": "routing-v1|scaffolding-123|generic|MiniMax-M3", "queue_rank": 188, "arm": "generic", "target_act": "telling", "ok": true, "error": ""}
{"request_id": "routing-v1|scaffolding-524|uniform_scaffold|MiniMax-M3", "queue_rank": 189, "arm": "uniform_scaffold", "target_act": "telling", "ok": true, "error": ""}
{"request_id": "routing-v1|scaffolding-56|generic|MiniMax-M3", "queue_rank": 193, "arm": "generic", "target_act": "telling", "ok": true, "error": ""}
{"request_id": "routing-v1|scaffolding-640|adaptive_router|MiniMax-M3", "queue_rank": 192, "arm": "adaptive_router", "target_act": "telling", "ok": true, "error": ""}
{"request_id": "routing-v1|scaffolding-623|uniform_scaffold|MiniMax-M3", "queue_rank": 195, "arm": "uniform_scaffold", "target_act": "probing", "ok": true, "error": ""}
{"request_id": "routing-v1|scaffolding-7|oracle_action|MiniMax-M3", "queue_rank": 194, "arm": "oracle_action", "target_act": "telling", "ok": true, "error": ""}
{"request_id": "routing-v1|scaffolding-363|generic|MiniMax-M3", "queue_rank": 197, "arm": "generic", "target_act": "probing", "ok": true, "error": ""}
{"request_id": "routing-v1|scaffolding-123|uniform_scaffold|MiniMax-M3", "queue_rank": 196, "arm": "uniform_scaffold", "target_act": "telling", "ok": true, "error": ""}
{"request_id": "routing-v1|scaffolding-453|oracle_action|MiniMax-M3", "queue_rank": 198, "arm": "oracle_action", "target_act": "probing", "ok": true, "error": ""}
{"request_id": "routing-v1|scaffolding-774|uniform_scaffold|MiniMax-M3", "queue_rank": 200, "arm": "uniform_scaffold", "target_act": "probing", "ok": true, "error": ""}
{"request_id": "routing-v1|scaffolding-903|adaptive_router|MiniMax-M3", "queue_rank": 199, "arm": "adaptive_router", "target_act": "probing", "ok": true, "error": ""}
{"request_id": "routing-v1|scaffolding-755|oracle_action|MiniMax-M3", "queue_rank": 201, "arm": "oracle_action", "target_act": "telling", "ok": true, "error": ""}
{"request_id": "routing-v1|scaffolding-719|generic|MiniMax-M3", "queue_rank": 205, "arm": "generic", "target_act": "telling", "ok": true, "error": ""}
{"request_id": "routing-v1|scaffolding-491|adaptive_router|MiniMax-M3", "queue_rank": 202, "arm": "adaptive_router", "target_act": "probing", "ok": true, "error": ""}
{"request_id": "routing-v1|scaffolding-715|oracle_action|MiniMax-M3", "queue_rank": 203, "arm": "oracle_action", "target_act": "probing", "ok": true, "error": ""}
{"request_id": "routing-v1|scaffolding-760|uniform_scaffold|MiniMax-M3", "queue_rank": 204, "arm": "uniform_scaffold", "target_act": "telling", "ok": true, "error": ""}
{"request_id": "routing-v1|scaffolding-757|adaptive_router|MiniMax-M3", "queue_rank": 207, "arm": "adaptive_router", "target_act": "telling", "ok": true, "error": ""}
{"request_id": "routing-v1|scaffolding-124|generic|MiniMax-M3", "queue_rank": 206, "arm": "generic", "target_act": "probing", "ok": true, "error": ""}
{"request_id": "routing-v1|scaffolding-453|adaptive_router|MiniMax-M3", "queue_rank": 210, "arm": "adaptive_router", "target_act": "probing", "ok": true, "error": ""}
{"request_id": "routing-v1|scaffolding-909|generic|MiniMax-M3", "queue_rank": 211, "arm": "generic", "target_act": "telling", "ok": true, "error": ""}
{"request_id": "routing-v1|scaffolding-835|generic|MiniMax-M3", "queue_rank": 209, "arm": "generic", "target_act": "probing", "ok": true, "error": ""}
{"request_id": "routing-v1|scaffolding-177|uniform_scaffold|MiniMax-M3", "queue_rank": 208, "arm": "uniform_scaffold", "target_act": "telling", "ok": true, "error": ""}
{"request_id": "routing-v1|scaffolding-491|oracle_action|MiniMax-M3", "queue_rank": 212, "arm": "oracle_action", "target_act": "probing", "ok": true, "error": ""}
{"request_id": "routing-v1|scaffolding-577|uniform_scaffold|MiniMax-M3", "queue_rank": 215, "arm": "uniform_scaffold", "target_act": "probing", "ok": true, "error": ""}
{"request_id": "routing-v1|scaffolding-307|generic|MiniMax-M3", "queue_rank": 216, "arm": "generic", "target_act": "probing", "ok": true, "error": ""}
{"request_id": "routing-v1|scaffolding-879|uniform_scaffold|MiniMax-M3", "queue_rank": 217, "arm": "uniform_scaffold", "target_act": "probing", "ok": true, "error": ""}
{"request_id": "routing-v1|scaffolding-756|oracle_action|MiniMax-M3", "queue_rank": 213, "arm": "oracle_action", "target_act": "telling", "ok": true, "error": ""}
{"request_id": "routing-v1|scaffolding-57|adaptive_router|MiniMax-M3", "queue_rank": 214, "arm": "adaptive_router", "target_act": "telling", "ok": true, "error": ""}
{"request_id": "routing-v1|scaffolding-686|adaptive_router|MiniMax-M3", "queue_rank": 221, "arm": "adaptive_router", "target_act": "telling", "ok": true, "error": ""}
{"request_id": "routing-v1|scaffolding-47|uniform_scaffold|MiniMax-M3", "queue_rank": 220, "arm": "uniform_scaffold", "target_act": "telling", "ok": true, "error": ""}
{"request_id": "routing-v1|scaffolding-8|oracle_action|MiniMax-M3", "queue_rank": 222, "arm": "oracle_action", "target_act": "telling", "ok": true, "error": ""}
{"request_id": "routing-v1|scaffolding-124|oracle_action|MiniMax-M3", "queue_rank": 219, "arm": "oracle_action", "target_act": "probing", "ok": true, "error": ""}
{"request_id": "routing-v1|scaffolding-757|generic|MiniMax-M3", "queue_rank": 218, "arm": "generic", "target_act": "telling", "ok": true, "error": ""}
{"request_id": "routing-v1|scaffolding-758|generic|MiniMax-M3", "queue_rank": 224, "arm": "generic", "target_act": "telling", "ok": true, "error": ""}
{"request_id": "routing-v1|scaffolding-722|adaptive_router|MiniMax-M3", "queue_rank": 226, "arm": "adaptive_router", "target_act": "telling", "ok": true, "error": ""}
{"request_id": "routing-v1|scaffolding-481|adaptive_router|MiniMax-M3", "queue_rank": 223, "arm": "adaptive_router", "target_act": "probing", "ok": true, "error": ""}
{"request_id": "routing-v1|scaffolding-780|generic|MiniMax-M3", "queue_rank": 225, "arm": "generic", "target_act": "probing", "ok": true, "error": ""}
{"request_id": "routing-v1|scaffolding-685|uniform_scaffold|MiniMax-M3", "queue_rank": 229, "arm": "uniform_scaffold", "target_act": "telling", "ok": true, "error": ""}
{"request_id": "routing-v1|scaffolding-232|oracle_action|MiniMax-M3", "queue_rank": 227, "arm": "oracle_action", "target_act": "probing", "ok": true, "error": ""}
{"request_id": "routing-v1|scaffolding-835|adaptive_router|MiniMax-M3", "queue_rank": 228, "arm": "adaptive_router", "target_act": "probing", "ok": true, "error": ""}
{"request_id": "routing-v1|scaffolding-232|adaptive_router|MiniMax-M3", "queue_rank": 232, "arm": "adaptive_router", "target_act": "probing", "ok": true, "error": ""}
{"request_id": "routing-v1|scaffolding-451|uniform_scaffold|MiniMax-M3", "queue_rank": 231, "arm": "uniform_scaffold", "target_act": "probing", "ok": true, "error": ""}
{"request_id": "routing-v1|scaffolding-640|uniform_scaffold|MiniMax-M3", "queue_rank": 234, "arm": "uniform_scaffold", "target_act": "telling", "ok": true, "error": ""}
{"request_id": "routing-v1|scaffolding-446|oracle_action|MiniMax-M3", "queue_rank": 233, "arm": "oracle_action", "target_act": "probing", "ok": true, "error": ""}
{"request_id": "routing-v1|scaffolding-324|oracle_action|MiniMax-M3", "queue_rank": 230, "arm": "oracle_action", "target_act": "telling", "ok": true, "error": ""}
{"request_id": "routing-v1|scaffolding-998|oracle_action|MiniMax-M3", "queue_rank": 235, "arm": "oracle_action", "target_act": "telling", "ok": true, "error": ""}
{"request_id": "routing-v1|scaffolding-148|generic|MiniMax-M3", "queue_rank": 237, "arm": "generic", "target_act": "probing", "ok": true, "error": ""}
{"request_id": "routing-v1|scaffolding-169|generic|MiniMax-M3", "queue_rank": 236, "arm": "generic", "target_act": "telling", "ok": true, "error": ""}
{"request_id": "routing-v1|scaffolding-123|adaptive_router|MiniMax-M3", "queue_rank": 240, "arm": "adaptive_router", "target_act": "telling", "ok": true, "error": ""}
{"request_id": "routing-v1|scaffolding-804|uniform_scaffold|MiniMax-M3", "queue_rank": 238, "arm": "uniform_scaffold", "target_act": "probing", "ok": true, "error": ""}
{"request_id": "routing-v1|scaffolding-196|adaptive_router|MiniMax-M3", "queue_rank": 241, "arm": "adaptive_router", "target_act": "probing", "ok": true, "error": ""}
{"request_id": "routing-v1|scaffolding-1085|oracle_action|MiniMax-M3", "queue_rank": 242, "arm": "oracle_action", "target_act": "telling", "ok": true, "error": ""}
{"request_id": "routing-v1|scaffolding-760|adaptive_router|MiniMax-M3", "queue_rank": 239, "arm": "adaptive_router", "target_act": "telling", "ok": true, "error": ""}
{"request_id": "routing-v1|scaffolding-2|uniform_scaffold|MiniMax-M3", "queue_rank": 244, "arm": "uniform_scaffold", "target_act": "telling", "ok": true, "error": ""}
{"request_id": "routing-v1|scaffolding-698|generic|MiniMax-M3", "queue_rank": 246, "arm": "generic", "target_act": "telling", "ok": true, "error": ""}
{"request_id": "routing-v1|scaffolding-774|generic|MiniMax-M3", "queue_rank": 247, "arm": "generic", "target_act": "probing", "ok": true, "error": ""}
{"request_id": "routing-v1|scaffolding-704|uniform_scaffold|MiniMax-M3", "queue_rank": 243, "arm": "uniform_scaffold", "target_act": "probing", "ok": true, "error": ""}
{"request_id": "routing-v1|scaffolding-148|oracle_action|MiniMax-M3", "queue_rank": 245, "arm": "oracle_action", "target_act": "probing", "ok": true, "error": ""}
{"request_id": "routing-v1|scaffolding-268|uniform_scaffold|MiniMax-M3", "queue_rank": 249, "arm": "uniform_scaffold", "target_act": "probing", "ok": true, "error": ""}
{"request_id": "routing-v1|scaffolding-99|adaptive_router|MiniMax-M3", "queue_rank": 248, "arm": "adaptive_router", "target_act": "telling", "ok": true, "error": ""}
{"request_id": "routing-v1|scaffolding-974|generic|MiniMax-M3", "queue_rank": 250, "arm": "generic", "target_act": "telling", "ok": true, "error": ""}
{"request_id": "routing-v1|scaffolding-998|uniform_scaffold|MiniMax-M3", "queue_rank": 252, "arm": "uniform_scaffold", "target_act": "telling", "ok": true, "error": ""}
{"request_id": "routing-v1|scaffolding-715|generic|MiniMax-M3", "queue_rank": 251, "arm": "generic", "target_act": "probing", "ok": true, "error": ""}
{"request_id": "routing-v1|scaffolding-991|adaptive_router|MiniMax-M3", "queue_rank": 256, "arm": "adaptive_router", "target_act": "probing", "ok": true, "error": ""}
{"request_id": "routing-v1|scaffolding-338|adaptive_router|MiniMax-M3", "queue_rank": 254, "arm": "adaptive_router", "target_act": "probing", "ok": true, "error": ""}
{"request_id": "routing-v1|scaffolding-801|oracle_action|MiniMax-M3", "queue_rank": 255, "arm": "oracle_action", "target_act": "telling", "ok": true, "error": ""}
{"request_id": "routing-v1|scaffolding-216|adaptive_router|MiniMax-M3", "queue_rank": 257, "arm": "adaptive_router", "target_act": "telling", "ok": true, "error": ""}
{"request_id": "routing-v1|scaffolding-216|uniform_scaffold|MiniMax-M3", "queue_rank": 258, "arm": "uniform_scaffold", "target_act": "telling", "ok": true, "error": ""}
{"request_id": "routing-v1|scaffolding-59|generic|MiniMax-M3", "queue_rank": 260, "arm": "generic", "target_act": "telling", "ok": true, "error": ""}
{"request_id": "routing-v1|scaffolding-266|uniform_scaffold|MiniMax-M3", "queue_rank": 261, "arm": "uniform_scaffold", "target_act": "probing", "ok": true, "error": ""}
{"request_id": "routing-v1|scaffolding-481|oracle_action|MiniMax-M3", "queue_rank": 259, "arm": "oracle_action", "target_act": "probing", "ok": true, "error": ""}
{"request_id": "routing-v1|scaffolding-268|generic|MiniMax-M3", "queue_rank": 263, "arm": "generic", "target_act": "probing", "ok": true, "error": ""}
{"request_id": "routing-v1|scaffolding-451|oracle_action|MiniMax-M3", "queue_rank": 253, "arm": "oracle_action", "target_act": "probing", "ok": true, "error": ""}
{"request_id": "routing-v1|scaffolding-845|oracle_action|MiniMax-M3", "queue_rank": 262, "arm": "oracle_action", "target_act": "telling", "ok": true, "error": ""}
{"request_id": "routing-v1|scaffolding-448|generic|MiniMax-M3", "queue_rank": 264, "arm": "generic", "target_act": "probing", "ok": true, "error": ""}
{"request_id": "routing-v1|scaffolding-589|oracle_action|MiniMax-M3", "queue_rank": 267, "arm": "oracle_action", "target_act": "probing", "ok": true, "error": ""}
{"request_id": "routing-v1|scaffolding-481|uniform_scaffold|MiniMax-M3", "queue_rank": 266, "arm": "uniform_scaffold", "target_act": "probing", "ok": true, "error": ""}
{"request_id": "routing-v1|scaffolding-2|oracle_action|MiniMax-M3", "queue_rank": 265, "arm": "oracle_action", "target_act": "telling", "ok": true, "error": ""}
{"request_id": "routing-v1|scaffolding-674|adaptive_router|MiniMax-M3", "queue_rank": 269, "arm": "adaptive_router", "target_act": "probing", "ok": true, "error": ""}
{"request_id": "routing-v1|scaffolding-99|uniform_scaffold|MiniMax-M3", "queue_rank": 268, "arm": "uniform_scaffold", "target_act": "telling", "ok": true, "error": ""}
{"request_id": "routing-v1|scaffolding-7|adaptive_router|MiniMax-M3", "queue_rank": 270, "arm": "adaptive_router", "target_act": "telling", "ok": true, "error": ""}
{"request_id": "routing-v1|scaffolding-74|uniform_scaffold|MiniMax-M3", "queue_rank": 274, "arm": "uniform_scaffold", "target_act": "probing", "ok": true, "error": ""}
{"request_id": "routing-v1|scaffolding-15|adaptive_router|MiniMax-M3", "queue_rank": 272, "arm": "adaptive_router", "target_act": "telling", "ok": true, "error": ""}
{"request_id": "routing-v1|scaffolding-524|generic|MiniMax-M3", "queue_rank": 273, "arm": "generic", "target_act": "telling", "ok": true, "error": ""}
{"request_id": "routing-v1|scaffolding-177|generic|MiniMax-M3", "queue_rank": 271, "arm": "generic", "target_act": "telling", "ok": true, "error": ""}
{"request_id": "routing-v1|scaffolding-577|adaptive_router|MiniMax-M3", "queue_rank": 275, "arm": "adaptive_router", "target_act": "probing", "ok": true, "error": ""}
{"request_id": "routing-v1|scaffolding-845|uniform_scaffold|MiniMax-M3", "queue_rank": 276, "arm": "uniform_scaffold", "target_act": "telling", "ok": true, "error": ""}
{"request_id": "routing-v1|scaffolding-57|oracle_action|MiniMax-M3", "queue_rank": 279, "arm": "oracle_action", "target_act": "telling", "ok": true, "error": ""}
{"request_id": "routing-v1|scaffolding-240|oracle_action|MiniMax-M3", "queue_rank": 278, "arm": "oracle_action", "target_act": "probing", "ok": true, "error": ""}
{"request_id": "routing-v1|scaffolding-921|oracle_action|MiniMax-M3", "queue_rank": 281, "arm": "oracle_action", "target_act": "telling", "ok": true, "error": ""}
{"request_id": "routing-v1|scaffolding-704|oracle_action|MiniMax-M3", "queue_rank": 280, "arm": "oracle_action", "target_act": "probing", "ok": true, "error": ""}
{"request_id": "routing-v1|scaffolding-7|uniform_scaffold|MiniMax-M3", "queue_rank": 282, "arm": "uniform_scaffold", "target_act": "telling", "ok": true, "error": ""}
{"request_id": "routing-v1|scaffolding-619|generic|MiniMax-M3", "queue_rank": 284, "arm": "generic", "target_act": "probing", "ok": true, "error": ""}
{"request_id": "routing-v1|scaffolding-719|adaptive_router|MiniMax-M3", "queue_rank": 285, "arm": "adaptive_router", "target_act": "telling", "ok": true, "error": ""}
{"request_id": "routing-v1|scaffolding-756|generic|MiniMax-M3", "queue_rank": 286, "arm": "generic", "target_act": "telling", "ok": true, "error": ""}
{"request_id": "routing-v1|scaffolding-729|uniform_scaffold|MiniMax-M3", "queue_rank": 283, "arm": "uniform_scaffold", "target_act": "probing", "ok": true, "error": ""}
{"request_id": "routing-v1|scaffolding-481|generic|MiniMax-M3", "queue_rank": 277, "arm": "generic", "target_act": "probing", "ok": true, "error": ""}
{"request_id": "routing-v1|scaffolding-60|generic|MiniMax-M3", "queue_rank": 288, "arm": "generic", "target_act": "telling", "ok": true, "error": ""}
{"request_id": "routing-v1|scaffolding-755|uniform_scaffold|MiniMax-M3", "queue_rank": 289, "arm": "uniform_scaffold", "target_act": "telling", "ok": true, "error": ""}
{"request_id": "routing-v1|scaffolding-448|adaptive_router|MiniMax-M3", "queue_rank": 287, "arm": "adaptive_router", "target_act": "probing", "ok": true, "error": ""}
{"request_id": "routing-v1|scaffolding-749|oracle_action|MiniMax-M3", "queue_rank": 290, "arm": "oracle_action", "target_act": "probing", "ok": true, "error": ""}
{"request_id": "routing-v1|scaffolding-758|oracle_action|MiniMax-M3", "queue_rank": 292, "arm": "oracle_action", "target_act": "telling", "ok": true, "error": ""}
{"request_id": "routing-v1|scaffolding-2|adaptive_router|MiniMax-M3", "queue_rank": 291, "arm": "adaptive_router", "target_act": "telling", "ok": true, "error": ""}
{"request_id": "routing-v1|scaffolding-121|generic|MiniMax-M3", "queue_rank": 293, "arm": "generic", "target_act": "probing", "ok": true, "error": ""}
{"request_id": "routing-v1|scaffolding-251|adaptive_router|MiniMax-M3", "queue_rank": 294, "arm": "adaptive_router", "target_act": "probing", "ok": true, "error": ""}
{"request_id": "routing-v1|scaffolding-363|uniform_scaffold|MiniMax-M3", "queue_rank": 295, "arm": "uniform_scaffold", "target_act": "probing", "ok": true, "error": ""}
{"request_id": "routing-v1|scaffolding-756|adaptive_router|MiniMax-M3", "queue_rank": 297, "arm": "adaptive_router", "target_act": "telling", "ok": true, "error": ""}
{"request_id": "routing-v1|scaffolding-266|generic|MiniMax-M3", "queue_rank": 298, "arm": "generic", "target_act": "probing", "ok": true, "error": ""}
{"request_id": "routing-v1|scaffolding-123|oracle_action|MiniMax-M3", "queue_rank": 296, "arm": "oracle_action", "target_act": "telling", "ok": true, "error": ""}
{"request_id": "routing-v1|scaffolding-15|generic|MiniMax-M3", "queue_rank": 300, "arm": "generic", "target_act": "telling", "ok": true, "error": ""}
{"request_id": "routing-v1|scaffolding-736|oracle_action|MiniMax-M3", "queue_rank": 302, "arm": "oracle_action", "target_act": "probing", "ok": true, "error": ""}
{"request_id": "routing-v1|scaffolding-974|uniform_scaffold|MiniMax-M3", "queue_rank": 301, "arm": "uniform_scaffold", "target_act": "telling", "ok": true, "error": ""}
{"request_id": "routing-v1|scaffolding-477|adaptive_router|MiniMax-M3", "queue_rank": 299, "arm": "adaptive_router", "target_act": "probing", "ok": true, "error": ""}
{"request_id": "routing-v1|scaffolding-703|uniform_scaffold|MiniMax-M3", "queue_rank": 303, "arm": "uniform_scaffold", "target_act": "probing", "ok": true, "error": ""}
{"request_id": "routing-v1|scaffolding-12|adaptive_router|MiniMax-M3", "queue_rank": 305, "arm": "adaptive_router", "target_act": "telling", "ok": true, "error": ""}
{"request_id": "routing-v1|scaffolding-619|uniform_scaffold|MiniMax-M3", "queue_rank": 304, "arm": "uniform_scaffold", "target_act": "probing", "ok": true, "error": ""}
{"request_id": "routing-v1|scaffolding-685|generic|MiniMax-M3", "queue_rank": 308, "arm": "generic", "target_act": "telling", "ok": true, "error": ""}
{"request_id": "routing-v1|scaffolding-698|uniform_scaffold|MiniMax-M3", "queue_rank": 306, "arm": "uniform_scaffold", "target_act": "telling", "ok": true, "error": ""}
{"request_id": "routing-v1|scaffolding-453|generic|MiniMax-M3", "queue_rank": 307, "arm": "generic", "target_act": "probing", "ok": true, "error": ""}
{"request_id": "routing-v1|scaffolding-74|adaptive_router|MiniMax-M3", "queue_rank": 310, "arm": "adaptive_router", "target_act": "probing", "ok": true, "error": ""}
{"request_id": "routing-v1|scaffolding-137|oracle_action|MiniMax-M3", "queue_rank": 309, "arm": "oracle_action", "target_act": "probing", "ok": true, "error": ""}
{"request_id": "routing-v1|scaffolding-169|uniform_scaffold|MiniMax-M3", "queue_rank": 312, "arm": "uniform_scaffold", "target_act": "telling", "ok": true, "error": ""}
{"request_id": "routing-v1|scaffolding-177|oracle_action|MiniMax-M3", "queue_rank": 311, "arm": "oracle_action", "target_act": "telling", "ok": true, "error": ""}
{"request_id": "routing-v1|scaffolding-879|oracle_action|MiniMax-M3", "queue_rank": 314, "arm": "oracle_action", "target_act": "probing", "ok": true, "error": ""}
{"request_id": "routing-v1|scaffolding-845|adaptive_router|MiniMax-M3", "queue_rank": 316, "arm": "adaptive_router", "target_act": "telling", "ok": true, "error": ""}
{"request_id": "routing-v1|scaffolding-749|generic|MiniMax-M3", "queue_rank": 315, "arm": "generic", "target_act": "probing", "ok": true, "error": ""}
{"request_id": "routing-v1|scaffolding-12|generic|MiniMax-M3", "queue_rank": 313, "arm": "generic", "target_act": "telling", "ok": true, "error": ""}
{"request_id": "routing-v1|scaffolding-715|uniform_scaffold|MiniMax-M3", "queue_rank": 317, "arm": "uniform_scaffold", "target_act": "probing", "ok": true, "error": ""}
{"request_id": "routing-v1|scaffolding-879|adaptive_router|MiniMax-M3", "queue_rank": 318, "arm": "adaptive_router", "target_act": "probing", "ok": true, "error": ""}
{"request_id": "routing-v1|scaffolding-915|oracle_action|MiniMax-M3", "queue_rank": 320, "arm": "oracle_action", "target_act": "telling", "ok": true, "error": ""}
{"request_id": "routing-v1|scaffolding-500|generic|MiniMax-M3", "queue_rank": 321, "arm": "generic", "target_act": "telling", "ok": true, "error": ""}
{"request_id": "routing-v1|scaffolding-774|oracle_action|MiniMax-M3", "queue_rank": 322, "arm": "oracle_action", "target_act": "probing", "ok": true, "error": ""}
{"request_id": "routing-v1|scaffolding-674|uniform_scaffold|MiniMax-M3", "queue_rank": 324, "arm": "uniform_scaffold", "target_act": "probing", "ok": true, "error": ""}
{"request_id": "routing-v1|scaffolding-760|oracle_action|MiniMax-M3", "queue_rank": 319, "arm": "oracle_action", "target_act": "telling", "ok": true, "error": ""}
{"request_id": "routing-v1|scaffolding-678|generic|MiniMax-M3", "queue_rank": 327, "arm": "generic", "target_act": "probing", "ok": true, "error": ""}
{"request_id": "routing-v1|scaffolding-801|uniform_scaffold|MiniMax-M3", "queue_rank": 325, "arm": "uniform_scaffold", "target_act": "telling", "ok": true, "error": ""}
{"request_id": "routing-v1|scaffolding-800|adaptive_router|MiniMax-M3", "queue_rank": 326, "arm": "adaptive_router", "target_act": "telling", "ok": true, "error": ""}
{"request_id": "routing-v1|scaffolding-121|adaptive_router|MiniMax-M3", "queue_rank": 323, "arm": "adaptive_router", "target_act": "probing", "ok": true, "error": ""}
{"request_id": "routing-v1|scaffolding-60|uniform_scaffold|MiniMax-M3", "queue_rank": 328, "arm": "uniform_scaffold", "target_act": "telling", "ok": true, "error": ""}
{"request_id": "routing-v1|scaffolding-1085|adaptive_router|MiniMax-M3", "queue_rank": 329, "arm": "adaptive_router", "target_act": "telling", "ok": true, "error": ""}
{"request_id": "routing-v1|scaffolding-640|generic|MiniMax-M3", "queue_rank": 330, "arm": "generic", "target_act": "telling", "ok": true, "error": ""}
{"request_id": "routing-v1|scaffolding-774|adaptive_router|MiniMax-M3", "queue_rank": 332, "arm": "adaptive_router", "target_act": "probing", "ok": true, "error": ""}
{"request_id": "routing-v1|scaffolding-623|generic|MiniMax-M3", "queue_rank": 333, "arm": "generic", "target_act": "probing", "ok": true, "error": ""}
{"request_id": "routing-v1|scaffolding-804|oracle_action|MiniMax-M3", "queue_rank": 334, "arm": "oracle_action", "target_act": "probing", "ok": true, "error": ""}
{"request_id": "routing-v1|scaffolding-309|uniform_scaffold|MiniMax-M3", "queue_rank": 335, "arm": "uniform_scaffold", "target_act": "probing", "ok": true, "error": ""}
{"request_id": "routing-v1|scaffolding-240|adaptive_router|MiniMax-M3", "queue_rank": 336, "arm": "adaptive_router", "target_act": "probing", "ok": true, "error": ""}
{"request_id": "routing-v1|scaffolding-758|uniform_scaffold|MiniMax-M3", "queue_rank": 339, "arm": "uniform_scaffold", "target_act": "telling", "ok": true, "error": ""}
{"request_id": "routing-v1|scaffolding-524|oracle_action|MiniMax-M3", "queue_rank": 337, "arm": "oracle_action", "target_act": "telling", "ok": true, "error": ""}
{"request_id": "routing-v1|scaffolding-124|uniform_scaffold|MiniMax-M3", "queue_rank": 338, "arm": "uniform_scaffold", "target_act": "probing", "ok": true, "error": ""}
{"request_id": "routing-v1|scaffolding-998|generic|MiniMax-M3", "queue_rank": 342, "arm": "generic", "target_act": "telling", "ok": true, "error": ""}
{"request_id": "routing-v1|scaffolding-56|adaptive_router|MiniMax-M3", "queue_rank": 340, "arm": "adaptive_router", "target_act": "telling", "ok": true, "error": ""}
{"request_id": "routing-v1|scaffolding-991|oracle_action|MiniMax-M3", "queue_rank": 341, "arm": "oracle_action", "target_act": "probing", "ok": true, "error": ""}
{"request_id": "routing-v1|scaffolding-99|oracle_action|MiniMax-M3", "queue_rank": 344, "arm": "oracle_action", "target_act": "telling", "ok": true, "error": ""}
{"request_id": "routing-v1|scaffolding-801|generic|MiniMax-M3", "queue_rank": 345, "arm": "generic", "target_act": "telling", "ok": true, "error": ""}
{"request_id": "routing-v1|scaffolding-232|generic|MiniMax-M3", "queue_rank": 343, "arm": "generic", "target_act": "probing", "ok": true, "error": ""}
{"request_id": "routing-v1|scaffolding-176|uniform_scaffold|MiniMax-M3", "queue_rank": 346, "arm": "uniform_scaffold", "target_act": "telling", "ok": true, "error": ""}
{"request_id": "routing-v1|scaffolding-148|uniform_scaffold|MiniMax-M3", "queue_rank": 349, "arm": "uniform_scaffold", "target_act": "probing", "ok": true, "error": ""}
{"request_id": "routing-v1|scaffolding-338|oracle_action|MiniMax-M3", "queue_rank": 348, "arm": "oracle_action", "target_act": "probing", "ok": true, "error": ""}
{"request_id": "routing-v1|scaffolding-685|adaptive_router|MiniMax-M3", "queue_rank": 350, "arm": "adaptive_router", "target_act": "telling", "ok": true, "error": ""}
{"request_id": "routing-v1|scaffolding-363|adaptive_router|MiniMax-M3", "queue_rank": 347, "arm": "adaptive_router", "target_act": "probing", "ok": true, "error": ""}
{"request_id": "routing-v1|scaffolding-674|generic|MiniMax-M3", "queue_rank": 351, "arm": "generic", "target_act": "probing", "ok": true, "error": ""}
{"request_id": "routing-v1|scaffolding-719|oracle_action|MiniMax-M3", "queue_rank": 352, "arm": "oracle_action", "target_act": "telling", "ok": true, "error": ""}
{"request_id": "routing-v1|scaffolding-921|adaptive_router|MiniMax-M3", "queue_rank": 354, "arm": "adaptive_router", "target_act": "telling", "ok": true, "error": ""}
{"request_id": "routing-v1|scaffolding-9|uniform_scaffold|MiniMax-M3", "queue_rank": 353, "arm": "uniform_scaffold", "target_act": "telling", "ok": true, "error": ""}
{"request_id": "routing-v1|scaffolding-953|oracle_action|MiniMax-M3", "queue_rank": 355, "arm": "oracle_action", "target_act": "probing", "ok": true, "error": ""}
{"request_id": "routing-v1|scaffolding-722|generic|MiniMax-M3", "queue_rank": 356, "arm": "generic", "target_act": "telling", "ok": true, "error": ""}
{"request_id": "routing-v1|scaffolding-780|uniform_scaffold|MiniMax-M3", "queue_rank": 357, "arm": "uniform_scaffold", "target_act": "probing", "ok": true, "error": ""}
{"request_id": "routing-v1|scaffolding-804|generic|MiniMax-M3", "queue_rank": 358, "arm": "generic", "target_act": "probing", "ok": true, "error": ""}
{"request_id": "routing-v1|scaffolding-610|adaptive_router|MiniMax-M3", "queue_rank": 359, "arm": "adaptive_router", "target_act": "probing", "ok": true, "error": ""}
{"request_id": "routing-v1|scaffolding-968|oracle_action|MiniMax-M3", "queue_rank": 331, "arm": "oracle_action", "target_act": "telling", "ok": true, "error": ""}
{"request_id": "routing-v1|scaffolding-177|adaptive_router|MiniMax-M3", "queue_rank": 360, "arm": "adaptive_router", "target_act": "telling", "ok": true, "error": ""}
{"request_id": "routing-v1|scaffolding-800|oracle_action|MiniMax-M3", "queue_rank": 361, "arm": "oracle_action", "target_act": "telling", "ok": true, "error": ""}
{"request_id": "routing-v1|scaffolding-589|uniform_scaffold|MiniMax-M3", "queue_rank": 362, "arm": "uniform_scaffold", "target_act": "probing", "ok": true, "error": ""}
{"request_id": "routing-v1|scaffolding-9|generic|MiniMax-M3", "queue_rank": 363, "arm": "generic", "target_act": "telling", "ok": true, "error": ""}
{"request_id": "routing-v1|scaffolding-74|generic|MiniMax-M3", "queue_rank": 366, "arm": "generic", "target_act": "probing", "ok": true, "error": ""}
{"request_id": "routing-v1|scaffolding-74|oracle_action|MiniMax-M3", "queue_rank": 364, "arm": "oracle_action", "target_act": "probing", "ok": true, "error": ""}
{"request_id": "routing-v1|scaffolding-602|adaptive_router|MiniMax-M3", "queue_rank": 367, "arm": "adaptive_router", "target_act": "probing", "ok": true, "error": ""}
{"request_id": "routing-v1|scaffolding-589|adaptive_router|MiniMax-M3", "queue_rank": 369, "arm": "adaptive_router", "target_act": "probing", "ok": true, "error": ""}
{"request_id": "routing-v1|scaffolding-721|uniform_scaffold|MiniMax-M3", "queue_rank": 365, "arm": "uniform_scaffold", "target_act": "telling", "ok": true, "error": ""}
{"request_id": "routing-v1|scaffolding-610|oracle_action|MiniMax-M3", "queue_rank": 370, "arm": "oracle_action", "target_act": "probing", "ok": true, "error": ""}
{"request_id": "routing-v1|scaffolding-524|adaptive_router|MiniMax-M3", "queue_rank": 368, "arm": "adaptive_router", "target_act": "telling", "ok": true, "error": ""}
{"request_id": "routing-v1|scaffolding-55|oracle_action|MiniMax-M3", "queue_rank": 373, "arm": "oracle_action", "target_act": "telling", "ok": true, "error": ""}
{"request_id": "routing-v1|scaffolding-8|generic|MiniMax-M3", "queue_rank": 371, "arm": "generic", "target_act": "telling", "ok": true, "error": ""}
{"request_id": "routing-v1|scaffolding-11|uniform_scaffold|MiniMax-M3", "queue_rank": 372, "arm": "uniform_scaffold", "target_act": "telling", "ok": true, "error": ""}
{"request_id": "routing-v1|scaffolding-769|uniform_scaffold|MiniMax-M3", "queue_rank": 374, "arm": "uniform_scaffold", "target_act": "probing", "ok": true, "error": ""}
{"request_id": "routing-v1|scaffolding-769|generic|MiniMax-M3", "queue_rank": 375, "arm": "generic", "target_act": "probing", "ok": true, "error": ""}
{"request_id": "routing-v1|scaffolding-758|adaptive_router|MiniMax-M3", "queue_rank": 378, "arm": "adaptive_router", "target_act": "telling", "ok": true, "error": ""}
{"request_id": "routing-v1|scaffolding-800|generic|MiniMax-M3", "queue_rank": 377, "arm": "generic", "target_act": "telling", "ok": true, "error": ""}
{"request_id": "routing-v1|scaffolding-322|uniform_scaffold|MiniMax-M3", "queue_rank": 376, "arm": "uniform_scaffold", "target_act": "telling", "ok": true, "error": ""}
{"request_id": "routing-v1|scaffolding-698|oracle_action|MiniMax-M3", "queue_rank": 379, "arm": "oracle_action", "target_act": "telling", "ok": true, "error": ""}
{"request_id": "routing-v1|scaffolding-451|generic|MiniMax-M3", "queue_rank": 380, "arm": "generic", "target_act": "probing", "ok": true, "error": ""}
{"request_id": "routing-v1|scaffolding-448|uniform_scaffold|MiniMax-M3", "queue_rank": 381, "arm": "uniform_scaffold", "target_act": "probing", "ok": true, "error": ""}
{"request_id": "routing-v1|scaffolding-678|adaptive_router|MiniMax-M3", "queue_rank": 383, "arm": "adaptive_router", "target_act": "probing", "ok": true, "error": ""}
{"request_id": "routing-v1|scaffolding-835|oracle_action|MiniMax-M3", "queue_rank": 382, "arm": "oracle_action", "target_act": "probing", "ok": true, "error": ""}
{"request_id": "routing-v1|scaffolding-623|generic|MiniMax-M2.7", "queue_rank": 2, "arm": "generic", "target_act": "probing", "ok": true, "error": ""}
{"request_id": "routing-v1|scaffolding-123|adaptive_router|MiniMax-M2.7", "queue_rank": 3, "arm": "adaptive_router", "target_act": "telling", "ok": true, "error": ""}
{"request_id": "routing-v1|scaffolding-729|adaptive_router|MiniMax-M2.7", "queue_rank": 0, "arm": "adaptive_router", "target_act": "probing", "ok": true, "error": ""}
{"request_id": "routing-v1|scaffolding-15|generic|MiniMax-M2.7", "queue_rank": 5, "arm": "generic", "target_act": "telling", "ok": true, "error": ""}
{"request_id": "routing-v1|scaffolding-251|uniform_scaffold|MiniMax-M2.7", "queue_rank": 1, "arm": "uniform_scaffold", "target_act": "probing", "ok": true, "error": ""}
{"request_id": "routing-v1|scaffolding-845|oracle_action|MiniMax-M2.7", "queue_rank": 7, "arm": "oracle_action", "target_act": "telling", "ok": true, "error": ""}
{"request_id": "routing-v1|scaffolding-749|adaptive_router|MiniMax-M2.7", "queue_rank": 8, "arm": "adaptive_router", "target_act": "probing", "ok": true, "error": ""}
{"request_id": "routing-v1|scaffolding-698|generic|MiniMax-M2.7", "queue_rank": 10, "arm": "generic", "target_act": "telling", "ok": true, "error": ""}
{"request_id": "routing-v1|scaffolding-322|oracle_action|MiniMax-M2.7", "queue_rank": 9, "arm": "oracle_action", "target_act": "telling", "ok": true, "error": ""}
{"request_id": "routing-v1|scaffolding-55|uniform_scaffold|MiniMax-M2.7", "queue_rank": 11, "arm": "uniform_scaffold", "target_act": "telling", "ok": true, "error": ""}
{"request_id": "routing-v1|scaffolding-500|uniform_scaffold|MiniMax-M2.7", "queue_rank": 4, "arm": "uniform_scaffold", "target_act": "telling", "ok": true, "error": ""}
{"request_id": "routing-v1|scaffolding-678|oracle_action|MiniMax-M2.7", "queue_rank": 12, "arm": "oracle_action", "target_act": "probing", "ok": true, "error": ""}
{"request_id": "routing-v1|scaffolding-619|generic|MiniMax-M2.7", "queue_rank": 14, "arm": "generic", "target_act": "probing", "ok": true, "error": ""}
{"request_id": "routing-v1|scaffolding-251|oracle_action|MiniMax-M2.7", "queue_rank": 6, "arm": "oracle_action", "target_act": "probing", "ok": true, "error": ""}
{"request_id": "routing-v1|scaffolding-678|uniform_scaffold|MiniMax-M2.7", "queue_rank": 13, "arm": "uniform_scaffold", "target_act": "probing", "ok": true, "error": ""}
{"request_id": "routing-v1|scaffolding-59|oracle_action|MiniMax-M2.7", "queue_rank": 16, "arm": "oracle_action", "target_act": "telling", "ok": true, "error": ""}
{"request_id": "routing-v1|scaffolding-11|generic|MiniMax-M2.7", "queue_rank": 17, "arm": "generic", "target_act": "telling", "ok": true, "error": ""}
{"request_id": "routing-v1|scaffolding-524|adaptive_router|MiniMax-M2.7", "queue_rank": 15, "arm": "adaptive_router", "target_act": "telling", "ok": true, "error": ""}
{"request_id": "routing-v1|scaffolding-804|adaptive_router|MiniMax-M2.7", "queue_rank": 18, "arm": "adaptive_router", "target_act": "probing", "ok": true, "error": ""}
{"request_id": "routing-v1|scaffolding-123|uniform_scaffold|MiniMax-M2.7", "queue_rank": 19, "arm": "uniform_scaffold", "target_act": "telling", "ok": true, "error": ""}
{"request_id": "routing-v1|scaffolding-157|generic|MiniMax-M2.7", "queue_rank": 21, "arm": "generic", "target_act": "probing", "ok": true, "error": ""}
{"request_id": "routing-v1|scaffolding-640|adaptive_router|MiniMax-M2.7", "queue_rank": 20, "arm": "adaptive_router", "target_act": "telling", "ok": true, "error": ""}
{"request_id": "routing-v1|scaffolding-769|generic|MiniMax-M2.7", "queue_rank": 24, "arm": "generic", "target_act": "probing", "ok": true, "error": ""}
{"request_id": "routing-v1|scaffolding-266|uniform_scaffold|MiniMax-M2.7", "queue_rank": 23, "arm": "uniform_scaffold", "target_act": "probing", "ok": true, "error": ""}
{"request_id": "routing-v1|scaffolding-9|generic|MiniMax-M2.7", "queue_rank": 25, "arm": "generic", "target_act": "telling", "ok": true, "error": ""}
{"request_id": "routing-v1|scaffolding-909|adaptive_router|MiniMax-M2.7", "queue_rank": 26, "arm": "adaptive_router", "target_act": "telling", "ok": true, "error": ""}
{"request_id": "routing-v1|scaffolding-363|uniform_scaffold|MiniMax-M2.7", "queue_rank": 27, "arm": "uniform_scaffold", "target_act": "probing", "ok": true, "error": ""}
{"request_id": "routing-v1|scaffolding-307|oracle_action|MiniMax-M2.7", "queue_rank": 29, "arm": "oracle_action", "target_act": "probing", "ok": true, "error": ""}
{"request_id": "routing-v1|scaffolding-99|uniform_scaffold|MiniMax-M2.7", "queue_rank": 28, "arm": "uniform_scaffold", "target_act": "telling", "ok": true, "error": ""}
{"request_id": "routing-v1|scaffolding-736|adaptive_router|MiniMax-M2.7", "queue_rank": 30, "arm": "adaptive_router", "target_act": "probing", "ok": true, "error": ""}
{"request_id": "routing-v1|scaffolding-755|generic|MiniMax-M2.7", "queue_rank": 32, "arm": "generic", "target_act": "telling", "ok": true, "error": ""}
{"request_id": "routing-v1|scaffolding-60|adaptive_router|MiniMax-M2.7", "queue_rank": 33, "arm": "adaptive_router", "target_act": "telling", "ok": true, "error": ""}
{"request_id": "routing-v1|scaffolding-755|oracle_action|MiniMax-M2.7", "queue_rank": 31, "arm": "oracle_action", "target_act": "telling", "ok": true, "error": ""}
{"request_id": "routing-v1|scaffolding-453|oracle_action|MiniMax-M2.7", "queue_rank": 34, "arm": "oracle_action", "target_act": "probing", "ok": true, "error": ""}
{"request_id": "routing-v1|scaffolding-9|uniform_scaffold|MiniMax-M2.7", "queue_rank": 36, "arm": "uniform_scaffold", "target_act": "telling", "ok": true, "error": ""}
{"request_id": "routing-v1|scaffolding-8|oracle_action|MiniMax-M2.7", "queue_rank": 37, "arm": "oracle_action", "target_act": "telling", "ok": true, "error": ""}
{"request_id": "routing-v1|scaffolding-481|oracle_action|MiniMax-M2.7", "queue_rank": 22, "arm": "oracle_action", "target_act": "probing", "ok": true, "error": ""}
{"request_id": "routing-v1|scaffolding-232|adaptive_router|MiniMax-M2.7", "queue_rank": 35, "arm": "adaptive_router", "target_act": "probing", "ok": true, "error": ""}
{"request_id": "routing-v1|scaffolding-769|uniform_scaffold|MiniMax-M2.7", "queue_rank": 38, "arm": "uniform_scaffold", "target_act": "probing", "ok": true, "error": ""}
{"request_id": "routing-v1|scaffolding-7|generic|MiniMax-M2.7", "queue_rank": 40, "arm": "generic", "target_act": "telling", "ok": true, "error": ""}
{"request_id": "routing-v1|scaffolding-453|generic|MiniMax-M2.7", "queue_rank": 39, "arm": "generic", "target_act": "probing", "ok": true, "error": ""}
{"request_id": "routing-v1|scaffolding-146|generic|MiniMax-M2.7", "queue_rank": 44, "arm": "generic", "target_act": "probing", "ok": true, "error": ""}
{"request_id": "routing-v1|scaffolding-446|uniform_scaffold|MiniMax-M2.7", "queue_rank": 43, "arm": "uniform_scaffold", "target_act": "probing", "ok": true, "error": ""}
{"request_id": "routing-v1|scaffolding-216|adaptive_router|MiniMax-M2.7", "queue_rank": 41, "arm": "adaptive_router", "target_act": "telling", "ok": true, "error": ""}
{"request_id": "routing-v1|scaffolding-793|oracle_action|MiniMax-M2.7", "queue_rank": 42, "arm": "oracle_action", "target_act": "telling", "ok": true, "error": ""}
{"request_id": "routing-v1|scaffolding-7|uniform_scaffold|MiniMax-M2.7", "queue_rank": 46, "arm": "uniform_scaffold", "target_act": "telling", "ok": true, "error": ""}
{"request_id": "routing-v1|scaffolding-774|adaptive_router|MiniMax-M2.7", "queue_rank": 48, "arm": "adaptive_router", "target_act": "probing", "ok": true, "error": ""}
{"request_id": "routing-v1|scaffolding-309|generic|MiniMax-M2.7", "queue_rank": 50, "arm": "generic", "target_act": "probing", "ok": true, "error": ""}
{"request_id": "routing-v1|scaffolding-774|oracle_action|MiniMax-M2.7", "queue_rank": 47, "arm": "oracle_action", "target_act": "probing", "ok": true, "error": ""}
{"request_id": "routing-v1|scaffolding-448|adaptive_router|MiniMax-M2.7", "queue_rank": 45, "arm": "adaptive_router", "target_act": "probing", "ok": true, "error": ""}
{"request_id": "routing-v1|scaffolding-481|uniform_scaffold|MiniMax-M2.7", "queue_rank": 52, "arm": "uniform_scaffold", "target_act": "probing", "ok": true, "error": ""}
{"request_id": "routing-v1|scaffolding-55|adaptive_router|MiniMax-M2.7", "queue_rank": 53, "arm": "adaptive_router", "target_act": "telling", "ok": true, "error": ""}
{"request_id": "routing-v1|scaffolding-324|generic|MiniMax-M2.7", "queue_rank": 49, "arm": "generic", "target_act": "telling", "ok": true, "error": ""}
{"request_id": "routing-v1|scaffolding-968|uniform_scaffold|MiniMax-M2.7", "queue_rank": 51, "arm": "uniform_scaffold", "target_act": "telling", "ok": true, "error": ""}
{"request_id": "routing-v1|scaffolding-686|oracle_action|MiniMax-M2.7", "queue_rank": 54, "arm": "oracle_action", "target_act": "telling", "ok": true, "error": ""}
{"request_id": "routing-v1|scaffolding-800|uniform_scaffold|MiniMax-M2.7", "queue_rank": 56, "arm": "uniform_scaffold", "target_act": "telling", "ok": true, "error": ""}
{"request_id": "routing-v1|scaffolding-47|oracle_action|MiniMax-M2.7", "queue_rank": 58, "arm": "oracle_action", "target_act": "telling", "ok": true, "error": ""}
{"request_id": "routing-v1|scaffolding-251|generic|MiniMax-M2.7", "queue_rank": 57, "arm": "generic", "target_act": "probing", "ok": true, "error": ""}
{"request_id": "routing-v1|scaffolding-491|oracle_action|MiniMax-M2.7", "queue_rank": 60, "arm": "oracle_action", "target_act": "probing", "ok": true, "error": ""}
{"request_id": "routing-v1|scaffolding-240|uniform_scaffold|MiniMax-M2.7", "queue_rank": 59, "arm": "uniform_scaffold", "target_act": "probing", "ok": true, "error": ""}
{"request_id": "routing-v1|scaffolding-123|generic|MiniMax-M2.7", "queue_rank": 62, "arm": "generic", "target_act": "telling", "ok": true, "error": ""}
{"request_id": "routing-v1|scaffolding-491|adaptive_router|MiniMax-M2.7", "queue_rank": 61, "arm": "adaptive_router", "target_act": "probing", "ok": true, "error": ""}
{"request_id": "routing-v1|scaffolding-148|generic|MiniMax-M2.7", "queue_rank": 64, "arm": "generic", "target_act": "probing", "ok": true, "error": ""}
{"request_id": "routing-v1|scaffolding-998|adaptive_router|MiniMax-M2.7", "queue_rank": 63, "arm": "adaptive_router", "target_act": "telling", "ok": true, "error": ""}
{"request_id": "routing-v1|scaffolding-169|oracle_action|MiniMax-M2.7", "queue_rank": 65, "arm": "oracle_action", "target_act": "telling", "ok": true, "error": ""}
{"request_id": "routing-v1|scaffolding-309|oracle_action|MiniMax-M2.7", "queue_rank": 66, "arm": "oracle_action", "target_act": "probing", "ok": true, "error": ""}
{"request_id": "routing-v1|scaffolding-157|adaptive_router|MiniMax-M2.7", "queue_rank": 69, "arm": "adaptive_router", "target_act": "probing", "ok": true, "error": ""}
{"request_id": "routing-v1|scaffolding-758|generic|MiniMax-M2.7", "queue_rank": 70, "arm": "generic", "target_act": "telling", "ok": true, "error": ""}
{"request_id": "routing-v1|scaffolding-157|uniform_scaffold|MiniMax-M2.7", "queue_rank": 67, "arm": "uniform_scaffold", "target_act": "probing", "ok": true, "error": ""}
{"request_id": "routing-v1|scaffolding-800|adaptive_router|MiniMax-M2.7", "queue_rank": 68, "arm": "adaptive_router", "target_act": "telling", "ok": true, "error": ""}
{"request_id": "routing-v1|scaffolding-756|uniform_scaffold|MiniMax-M2.7", "queue_rank": 71, "arm": "uniform_scaffold", "target_act": "telling", "ok": true, "error": ""}
{"request_id": "routing-v1|scaffolding-703|adaptive_router|MiniMax-M2.7", "queue_rank": 73, "arm": "adaptive_router", "target_act": "probing", "ok": true, "error": ""}
{"request_id": "routing-v1|scaffolding-137|generic|MiniMax-M2.7", "queue_rank": 72, "arm": "generic", "target_act": "probing", "ok": true, "error": ""}
{"request_id": "routing-v1|scaffolding-729|oracle_action|MiniMax-M2.7", "queue_rank": 55, "arm": "oracle_action", "target_act": "probing", "ok": true, "error": ""}
{"request_id": "routing-v1|scaffolding-685|generic|MiniMax-M2.7", "queue_rank": 74, "arm": "generic", "target_act": "telling", "ok": true, "error": ""}
{"request_id": "routing-v1|scaffolding-974|uniform_scaffold|MiniMax-M2.7", "queue_rank": 75, "arm": "uniform_scaffold", "target_act": "telling", "ok": true, "error": ""}
{"request_id": "routing-v1|scaffolding-722|adaptive_router|MiniMax-M2.7", "queue_rank": 77, "arm": "adaptive_router", "target_act": "telling", "ok": true, "error": ""}
{"request_id": "routing-v1|scaffolding-363|oracle_action|MiniMax-M2.7", "queue_rank": 76, "arm": "oracle_action", "target_act": "probing", "ok": true, "error": ""}
{"request_id": "routing-v1|scaffolding-903|oracle_action|MiniMax-M2.7", "queue_rank": 80, "arm": "oracle_action", "target_act": "probing", "ok": true, "error": ""}
{"request_id": "routing-v1|scaffolding-589|uniform_scaffold|MiniMax-M2.7", "queue_rank": 81, "arm": "uniform_scaffold", "target_act": "probing", "ok": true, "error": ""}
{"request_id": "routing-v1|scaffolding-11|oracle_action|MiniMax-M2.7", "queue_rank": 79, "arm": "oracle_action", "target_act": "telling", "ok": true, "error": ""}
{"request_id": "routing-v1|scaffolding-56|adaptive_router|MiniMax-M2.7", "queue_rank": 82, "arm": "adaptive_router", "target_act": "telling", "ok": true, "error": ""}
{"request_id": "routing-v1|scaffolding-780|adaptive_router|MiniMax-M2.7", "queue_rank": 83, "arm": "adaptive_router", "target_act": "probing", "ok": true, "error": ""}
{"request_id": "routing-v1|scaffolding-1085|uniform_scaffold|MiniMax-M2.7", "queue_rank": 84, "arm": "uniform_scaffold", "target_act": "telling", "ok": true, "error": ""}
{"request_id": "routing-v1|scaffolding-915|oracle_action|MiniMax-M2.7", "queue_rank": 85, "arm": "oracle_action", "target_act": "telling", "ok": true, "error": ""}
{"request_id": "routing-v1|scaffolding-124|generic|MiniMax-M2.7", "queue_rank": 87, "arm": "generic", "target_act": "probing", "ok": true, "error": ""}
{"request_id": "routing-v1|scaffolding-998|generic|MiniMax-M2.7", "queue_rank": 86, "arm": "generic", "target_act": "telling", "ok": true, "error": ""}
{"request_id": "routing-v1|scaffolding-602|adaptive_router|MiniMax-M2.7", "queue_rank": 88, "arm": "adaptive_router", "target_act": "probing", "ok": true, "error": ""}
{"request_id": "routing-v1|scaffolding-915|uniform_scaffold|MiniMax-M2.7", "queue_rank": 90, "arm": "uniform_scaffold", "target_act": "telling", "ok": true, "error": ""}
{"request_id": "routing-v1|scaffolding-196|uniform_scaffold|MiniMax-M2.7", "queue_rank": 91, "arm": "uniform_scaffold", "target_act": "probing", "ok": true, "error": ""}
{"request_id": "routing-v1|scaffolding-953|uniform_scaffold|MiniMax-M2.7", "queue_rank": 78, "arm": "uniform_scaffold", "target_act": "probing", "ok": true, "error": ""}
{"request_id": "routing-v1|scaffolding-363|generic|MiniMax-M2.7", "queue_rank": 89, "arm": "generic", "target_act": "probing", "ok": true, "error": ""}
{"request_id": "routing-v1|scaffolding-1085|oracle_action|MiniMax-M2.7", "queue_rank": 94, "arm": "oracle_action", "target_act": "telling", "ok": true, "error": ""}
{"request_id": "routing-v1|scaffolding-801|generic|MiniMax-M2.7", "queue_rank": 96, "arm": "generic", "target_act": "telling", "ok": true, "error": ""}
{"request_id": "routing-v1|scaffolding-121|oracle_action|MiniMax-M2.7", "queue_rank": 92, "arm": "oracle_action", "target_act": "probing", "ok": true, "error": ""}
{"request_id": "routing-v1|scaffolding-500|adaptive_router|MiniMax-M2.7", "queue_rank": 95, "arm": "adaptive_router", "target_act": "telling", "ok": true, "error": ""}
{"request_id": "routing-v1|scaffolding-736|generic|MiniMax-M2.7", "queue_rank": 98, "arm": "generic", "target_act": "probing", "ok": true, "error": ""}
{"request_id": "routing-v1|scaffolding-758|oracle_action|MiniMax-M2.7", "queue_rank": 97, "arm": "oracle_action", "target_act": "telling", "ok": true, "error": ""}
{"request_id": "routing-v1|scaffolding-704|uniform_scaffold|MiniMax-M2.7", "queue_rank": 100, "arm": "uniform_scaffold", "target_act": "probing", "ok": true, "error": ""}
{"request_id": "routing-v1|scaffolding-453|adaptive_router|MiniMax-M2.7", "queue_rank": 99, "arm": "adaptive_router", "target_act": "probing", "ok": true, "error": ""}
{"request_id": "routing-v1|scaffolding-919|generic|MiniMax-M2.7", "queue_rank": 93, "arm": "generic", "target_act": "telling", "ok": true, "error": ""}
{"request_id": "routing-v1|scaffolding-15|adaptive_router|MiniMax-M2.7", "queue_rank": 102, "arm": "adaptive_router", "target_act": "telling", "ok": true, "error": ""}
{"request_id": "routing-v1|scaffolding-835|oracle_action|MiniMax-M2.7", "queue_rank": 101, "arm": "oracle_action", "target_act": "probing", "ok": true, "error": ""}
{"request_id": "routing-v1|scaffolding-1085|adaptive_router|MiniMax-M2.7", "queue_rank": 105, "arm": "adaptive_router", "target_act": "telling", "ok": true, "error": ""}
{"request_id": "routing-v1|scaffolding-919|uniform_scaffold|MiniMax-M2.7", "queue_rank": 103, "arm": "uniform_scaffold", "target_act": "telling", "ok": true, "error": ""}
{"request_id": "routing-v1|scaffolding-59|uniform_scaffold|MiniMax-M2.7", "queue_rank": 106, "arm": "uniform_scaffold", "target_act": "telling", "ok": true, "error": ""}
{"request_id": "routing-v1|scaffolding-451|uniform_scaffold|MiniMax-M2.7", "queue_rank": 104, "arm": "uniform_scaffold", "target_act": "probing", "ok": true, "error": ""}
{"request_id": "routing-v1|scaffolding-879|generic|MiniMax-M2.7", "queue_rank": 107, "arm": "generic", "target_act": "probing", "ok": true, "error": ""}
{"request_id": "routing-v1|scaffolding-686|generic|MiniMax-M2.7", "queue_rank": 110, "arm": "generic", "target_act": "telling", "ok": true, "error": ""}
{"request_id": "routing-v1|scaffolding-589|adaptive_router|MiniMax-M2.7", "queue_rank": 109, "arm": "adaptive_router", "target_act": "probing", "ok": true, "error": ""}
{"request_id": "routing-v1|scaffolding-619|oracle_action|MiniMax-M2.7", "queue_rank": 108, "arm": "oracle_action", "target_act": "probing", "ok": true, "error": ""}
{"request_id": "routing-v1|scaffolding-232|oracle_action|MiniMax-M2.7", "queue_rank": 113, "arm": "oracle_action", "target_act": "probing", "ok": true, "error": ""}
{"request_id": "routing-v1|scaffolding-56|generic|MiniMax-M2.7", "queue_rank": 114, "arm": "generic", "target_act": "telling", "ok": true, "error": ""}
{"request_id": "routing-v1|scaffolding-446|adaptive_router|MiniMax-M2.7", "queue_rank": 112, "arm": "adaptive_router", "target_act": "probing", "ok": true, "error": ""}
{"request_id": "routing-v1|scaffolding-268|uniform_scaffold|MiniMax-M2.7", "queue_rank": 115, "arm": "uniform_scaffold", "target_act": "probing", "ok": true, "error": ""}
{"request_id": "routing-v1|scaffolding-919|oracle_action|MiniMax-M2.7", "queue_rank": 111, "arm": "oracle_action", "target_act": "telling", "ok": true, "error": ""}
{"request_id": "routing-v1|scaffolding-322|uniform_scaffold|MiniMax-M2.7", "queue_rank": 116, "arm": "uniform_scaffold", "target_act": "telling", "ok": true, "error": ""}
{"request_id": "routing-v1|scaffolding-176|adaptive_router|MiniMax-M2.7", "queue_rank": 117, "arm": "adaptive_router", "target_act": "telling", "ok": true, "error": ""}
{"request_id": "routing-v1|scaffolding-879|oracle_action|MiniMax-M2.7", "queue_rank": 121, "arm": "oracle_action", "target_act": "probing", "ok": true, "error": ""}
{"request_id": "routing-v1|scaffolding-760|oracle_action|MiniMax-M2.7", "queue_rank": 118, "arm": "oracle_action", "target_act": "telling", "ok": true, "error": ""}
{"request_id": "routing-v1|scaffolding-780|generic|MiniMax-M2.7", "queue_rank": 119, "arm": "generic", "target_act": "probing", "ok": true, "error": ""}
{"request_id": "routing-v1|scaffolding-721|generic|MiniMax-M2.7", "queue_rank": 122, "arm": "generic", "target_act": "telling", "ok": true, "error": ""}
{"request_id": "routing-v1|scaffolding-453|uniform_scaffold|MiniMax-M2.7", "queue_rank": 123, "arm": "uniform_scaffold", "target_act": "probing", "ok": true, "error": ""}
{"request_id": "routing-v1|scaffolding-719|uniform_scaffold|MiniMax-M2.7", "queue_rank": 120, "arm": "uniform_scaffold", "target_act": "telling", "ok": true, "error": ""}
{"request_id": "routing-v1|scaffolding-12|oracle_action|MiniMax-M2.7", "queue_rank": 125, "arm": "oracle_action", "target_act": "telling", "ok": true, "error": ""}
{"request_id": "routing-v1|scaffolding-729|generic|MiniMax-M2.7", "queue_rank": 124, "arm": "generic", "target_act": "probing", "ok": true, "error": ""}
{"request_id": "routing-v1|scaffolding-148|adaptive_router|MiniMax-M2.7", "queue_rank": 128, "arm": "adaptive_router", "target_act": "probing", "ok": true, "error": ""}
{"request_id": "routing-v1|scaffolding-2|adaptive_router|MiniMax-M2.7", "queue_rank": 126, "arm": "adaptive_router", "target_act": "telling", "ok": true, "error": ""}
{"request_id": "routing-v1|scaffolding-909|uniform_scaffold|MiniMax-M2.7", "queue_rank": 129, "arm": "uniform_scaffold", "target_act": "telling", "ok": true, "error": ""}
{"request_id": "routing-v1|scaffolding-137|oracle_action|MiniMax-M2.7", "queue_rank": 132, "arm": "oracle_action", "target_act": "probing", "ok": true, "error": ""}
{"request_id": "routing-v1|scaffolding-491|generic|MiniMax-M2.7", "queue_rank": 130, "arm": "generic", "target_act": "probing", "ok": true, "error": ""}
{"request_id": "routing-v1|scaffolding-801|adaptive_router|MiniMax-M2.7", "queue_rank": 133, "arm": "adaptive_router", "target_act": "telling", "ok": true, "error": ""}
{"request_id": "routing-v1|scaffolding-491|uniform_scaffold|MiniMax-M2.7", "queue_rank": 134, "arm": "uniform_scaffold", "target_act": "probing", "ok": true, "error": ""}
{"request_id": "routing-v1|scaffolding-500|generic|MiniMax-M2.7", "queue_rank": 131, "arm": "generic", "target_act": "telling", "ok": true, "error": ""}
{"request_id": "routing-v1|scaffolding-974|adaptive_router|MiniMax-M2.7", "queue_rank": 136, "arm": "adaptive_router", "target_act": "telling", "ok": true, "error": ""}
{"request_id": "routing-v1|scaffolding-193|adaptive_router|MiniMax-M2.7", "queue_rank": 137, "arm": "adaptive_router", "target_act": "probing", "ok": true, "error": ""}
{"request_id": "routing-v1|scaffolding-176|oracle_action|MiniMax-M2.7", "queue_rank": 138, "arm": "oracle_action", "target_act": "telling", "ok": true, "error": ""}
{"request_id": "routing-v1|scaffolding-749|oracle_action|MiniMax-M2.7", "queue_rank": 139, "arm": "oracle_action", "target_act": "probing", "ok": true, "error": ""}
{"request_id": "routing-v1|scaffolding-640|oracle_action|MiniMax-M2.7", "queue_rank": 135, "arm": "oracle_action", "target_act": "telling", "ok": true, "error": ""}
{"request_id": "routing-v1|scaffolding-991|uniform_scaffold|MiniMax-M2.7", "queue_rank": 140, "arm": "uniform_scaffold", "target_act": "probing", "ok": true, "error": ""}
{"request_id": "routing-v1|scaffolding-1085|generic|MiniMax-M2.7", "queue_rank": 142, "arm": "generic", "target_act": "telling", "ok": true, "error": ""}
{"request_id": "routing-v1|scaffolding-266|generic|MiniMax-M2.7", "queue_rank": 144, "arm": "generic", "target_act": "probing", "ok": true, "error": ""}
{"request_id": "routing-v1|scaffolding-640|uniform_scaffold|MiniMax-M2.7", "queue_rank": 141, "arm": "uniform_scaffold", "target_act": "telling", "ok": true, "error": ""}
{"request_id": "routing-v1|scaffolding-921|generic|MiniMax-M2.7", "queue_rank": 145, "arm": "generic", "target_act": "telling", "ok": true, "error": ""}
{"request_id": "routing-v1|scaffolding-322|adaptive_router|MiniMax-M2.7", "queue_rank": 146, "arm": "adaptive_router", "target_act": "telling", "ok": true, "error": ""}
{"request_id": "routing-v1|scaffolding-324|uniform_scaffold|MiniMax-M2.7", "queue_rank": 147, "arm": "uniform_scaffold", "target_act": "telling", "ok": true, "error": ""}
{"request_id": "routing-v1|scaffolding-998|oracle_action|MiniMax-M2.7", "queue_rank": 148, "arm": "oracle_action", "target_act": "telling", "ok": true, "error": ""}
{"request_id": "routing-v1|scaffolding-74|adaptive_router|MiniMax-M2.7", "queue_rank": 149, "arm": "adaptive_router", "target_act": "probing", "ok": true, "error": ""}
{"request_id": "routing-v1|scaffolding-879|uniform_scaffold|MiniMax-M2.7", "queue_rank": 150, "arm": "uniform_scaffold", "target_act": "probing", "ok": true, "error": ""}
{"request_id": "routing-v1|scaffolding-124|oracle_action|MiniMax-M2.7", "queue_rank": 151, "arm": "oracle_action", "target_act": "probing", "ok": true, "error": ""}
{"request_id": "routing-v1|scaffolding-8|uniform_scaffold|MiniMax-M2.7", "queue_rank": 152, "arm": "uniform_scaffold", "target_act": "telling", "ok": true, "error": ""}
{"request_id": "routing-v1|scaffolding-774|generic|MiniMax-M2.7", "queue_rank": 143, "arm": "generic", "target_act": "probing", "ok": true, "error": ""}
{"request_id": "routing-v1|scaffolding-903|uniform_scaffold|MiniMax-M2.7", "queue_rank": 153, "arm": "uniform_scaffold", "target_act": "probing", "ok": true, "error": ""}
{"request_id": "routing-v1|scaffolding-756|generic|MiniMax-M2.7", "queue_rank": 154, "arm": "generic", "target_act": "telling", "ok": true, "error": ""}
{"request_id": "routing-v1|scaffolding-835|generic|MiniMax-M2.7", "queue_rank": 157, "arm": "generic", "target_act": "probing", "ok": true, "error": ""}
{"request_id": "routing-v1|scaffolding-685|oracle_action|MiniMax-M2.7", "queue_rank": 156, "arm": "oracle_action", "target_act": "telling", "ok": true, "error": ""}
{"request_id": "routing-v1|scaffolding-477|oracle_action|MiniMax-M2.7", "queue_rank": 158, "arm": "oracle_action", "target_act": "probing", "ok": true, "error": ""}
{"request_id": "routing-v1|scaffolding-674|adaptive_router|MiniMax-M2.7", "queue_rank": 159, "arm": "adaptive_router", "target_act": "probing", "ok": true, "error": ""}
{"request_id": "routing-v1|scaffolding-8|generic|MiniMax-M2.7", "queue_rank": 160, "arm": "generic", "target_act": "telling", "ok": true, "error": ""}
{"request_id": "routing-v1|scaffolding-324|adaptive_router|MiniMax-M2.7", "queue_rank": 161, "arm": "adaptive_router", "target_act": "telling", "ok": true, "error": ""}
{"request_id": "routing-v1|scaffolding-974|oracle_action|MiniMax-M2.7", "queue_rank": 162, "arm": "oracle_action", "target_act": "telling", "ok": true, "error": ""}
{"request_id": "routing-v1|scaffolding-232|generic|MiniMax-M2.7", "queue_rank": 164, "arm": "generic", "target_act": "probing", "ok": true, "error": ""}
{"request_id": "routing-v1|scaffolding-804|oracle_action|MiniMax-M2.7", "queue_rank": 163, "arm": "oracle_action", "target_act": "probing", "ok": true, "error": ""}
{"request_id": "routing-v1|scaffolding-698|uniform_scaffold|MiniMax-M2.7", "queue_rank": 165, "arm": "uniform_scaffold", "target_act": "telling", "ok": true, "error": ""}
{"request_id": "routing-v1|scaffolding-968|adaptive_router|MiniMax-M2.7", "queue_rank": 155, "arm": "adaptive_router", "target_act": "telling", "ok": true, "error": ""}
{"request_id": "routing-v1|scaffolding-804|uniform_scaffold|MiniMax-M2.7", "queue_rank": 166, "arm": "uniform_scaffold", "target_act": "probing", "ok": true, "error": ""}
{"request_id": "routing-v1|scaffolding-903|adaptive_router|MiniMax-M2.7", "queue_rank": 167, "arm": "adaptive_router", "target_act": "probing", "ok": true, "error": ""}
{"request_id": "routing-v1|scaffolding-124|adaptive_router|MiniMax-M2.7", "queue_rank": 170, "arm": "adaptive_router", "target_act": "probing", "ok": true, "error": ""}
{"request_id": "routing-v1|scaffolding-703|uniform_scaffold|MiniMax-M2.7", "queue_rank": 171, "arm": "uniform_scaffold", "target_act": "probing", "ok": true, "error": ""}
{"request_id": "routing-v1|scaffolding-968|generic|MiniMax-M2.7", "queue_rank": 169, "arm": "generic", "target_act": "telling", "ok": true, "error": ""}
{"request_id": "routing-v1|scaffolding-756|oracle_action|MiniMax-M2.7", "queue_rank": 168, "arm": "oracle_action", "target_act": "telling", "ok": true, "error": ""}
{"request_id": "routing-v1|scaffolding-736|oracle_action|MiniMax-M2.7", "queue_rank": 173, "arm": "oracle_action", "target_act": "probing", "ok": true, "error": ""}
{"request_id": "routing-v1|scaffolding-338|generic|MiniMax-M2.7", "queue_rank": 174, "arm": "generic", "target_act": "probing", "ok": true, "error": ""}
{"request_id": "routing-v1|scaffolding-919|adaptive_router|MiniMax-M2.7", "queue_rank": 172, "arm": "adaptive_router", "target_act": "telling", "ok": true, "error": ""}
{"request_id": "routing-v1|scaffolding-11|uniform_scaffold|MiniMax-M2.7", "queue_rank": 175, "arm": "uniform_scaffold", "target_act": "telling", "ok": true, "error": ""}
{"request_id": "routing-v1|scaffolding-74|uniform_scaffold|MiniMax-M2.7", "queue_rank": 177, "arm": "uniform_scaffold", "target_act": "probing", "ok": true, "error": ""}
{"request_id": "routing-v1|scaffolding-715|generic|MiniMax-M2.7", "queue_rank": 179, "arm": "generic", "target_act": "probing", "ok": true, "error": ""}
{"request_id": "routing-v1|scaffolding-47|adaptive_router|MiniMax-M2.7", "queue_rank": 180, "arm": "adaptive_router", "target_act": "telling", "ok": true, "error": ""}
{"request_id": "routing-v1|scaffolding-801|oracle_action|MiniMax-M2.7", "queue_rank": 178, "arm": "oracle_action", "target_act": "telling", "ok": true, "error": ""}
{"request_id": "routing-v1|scaffolding-715|adaptive_router|MiniMax-M2.7", "queue_rank": 181, "arm": "adaptive_router", "target_act": "probing", "ok": true, "error": ""}
{"request_id": "routing-v1|scaffolding-446|oracle_action|MiniMax-M2.7", "queue_rank": 176, "arm": "oracle_action", "target_act": "probing", "ok": true, "error": ""}
{"request_id": "routing-v1|scaffolding-176|generic|MiniMax-M2.7", "queue_rank": 182, "arm": "generic", "target_act": "telling", "ok": true, "error": ""}
{"request_id": "routing-v1|scaffolding-124|uniform_scaffold|MiniMax-M2.7", "queue_rank": 184, "arm": "uniform_scaffold", "target_act": "probing", "ok": true, "error": ""}
{"request_id": "routing-v1|scaffolding-722|uniform_scaffold|MiniMax-M2.7", "queue_rank": 183, "arm": "uniform_scaffold", "target_act": "telling", "ok": true, "error": ""}
{"request_id": "routing-v1|scaffolding-57|generic|MiniMax-M2.7", "queue_rank": 186, "arm": "generic", "target_act": "telling", "ok": true, "error": ""}
{"request_id": "routing-v1|scaffolding-307|adaptive_router|MiniMax-M2.7", "queue_rank": 187, "arm": "adaptive_router", "target_act": "probing", "ok": true, "error": ""}
{"request_id": "routing-v1|scaffolding-451|oracle_action|MiniMax-M2.7", "queue_rank": 189, "arm": "oracle_action", "target_act": "probing", "ok": true, "error": ""}
{"request_id": "routing-v1|scaffolding-56|uniform_scaffold|MiniMax-M2.7", "queue_rank": 190, "arm": "uniform_scaffold", "target_act": "telling", "ok": true, "error": ""}
{"request_id": "routing-v1|scaffolding-674|generic|MiniMax-M2.7", "queue_rank": 191, "arm": "generic", "target_act": "probing", "ok": true, "error": ""}
{"request_id": "routing-v1|scaffolding-12|uniform_scaffold|MiniMax-M2.7", "queue_rank": 192, "arm": "uniform_scaffold", "target_act": "telling", "ok": true, "error": ""}
{"request_id": "routing-v1|scaffolding-722|oracle_action|MiniMax-M2.7", "queue_rank": 188, "arm": "oracle_action", "target_act": "telling", "ok": true, "error": ""}
{"request_id": "routing-v1|scaffolding-619|adaptive_router|MiniMax-M2.7", "queue_rank": 193, "arm": "adaptive_router", "target_act": "probing", "ok": true, "error": ""}
{"request_id": "routing-v1|scaffolding-619|uniform_scaffold|MiniMax-M2.7", "queue_rank": 194, "arm": "uniform_scaffold", "target_act": "probing", "ok": true, "error": ""}
{"request_id": "routing-v1|scaffolding-610|oracle_action|MiniMax-M2.7", "queue_rank": 196, "arm": "oracle_action", "target_act": "probing", "ok": true, "error": ""}
{"request_id": "routing-v1|scaffolding-2|oracle_action|MiniMax-M2.7", "queue_rank": 195, "arm": "oracle_action", "target_act": "telling", "ok": true, "error": ""}
{"request_id": "routing-v1|scaffolding-99|adaptive_router|MiniMax-M2.7", "queue_rank": 198, "arm": "adaptive_router", "target_act": "telling", "ok": true, "error": ""}
{"request_id": "routing-v1|scaffolding-953|generic|MiniMax-M2.7", "queue_rank": 197, "arm": "generic", "target_act": "probing", "ok": true, "error": ""}
{"request_id": "routing-v1|scaffolding-719|generic|MiniMax-M2.7", "queue_rank": 199, "arm": "generic", "target_act": "telling", "ok": true, "error": ""}
{"request_id": "routing-v1|scaffolding-169|adaptive_router|MiniMax-M2.7", "queue_rank": 201, "arm": "adaptive_router", "target_act": "telling", "ok": true, "error": ""}
{"request_id": "routing-v1|scaffolding-240|adaptive_router|MiniMax-M2.7", "queue_rank": 202, "arm": "adaptive_router", "target_act": "probing", "ok": true, "error": ""}
{"request_id": "routing-v1|scaffolding-338|oracle_action|MiniMax-M2.7", "queue_rank": 200, "arm": "oracle_action", "target_act": "probing", "ok": true, "error": ""}
{"request_id": "routing-v1|scaffolding-57|uniform_scaffold|MiniMax-M2.7", "queue_rank": 203, "arm": "uniform_scaffold", "target_act": "telling", "ok": true, "error": ""}
{"request_id": "routing-v1|scaffolding-799|adaptive_router|MiniMax-M2.7", "queue_rank": 185, "arm": "adaptive_router", "target_act": "telling", "ok": true, "error": ""}
{"request_id": "routing-v1|scaffolding-698|oracle_action|MiniMax-M2.7", "queue_rank": 205, "arm": "oracle_action", "target_act": "telling", "ok": true, "error": ""}
{"request_id": "routing-v1|scaffolding-448|uniform_scaffold|MiniMax-M2.7", "queue_rank": 204, "arm": "uniform_scaffold", "target_act": "probing", "ok": true, "error": ""}
{"request_id": "routing-v1|scaffolding-640|generic|MiniMax-M2.7", "queue_rank": 206, "arm": "generic", "target_act": "telling", "ok": true, "error": ""}
{"request_id": "routing-v1|scaffolding-757|oracle_action|MiniMax-M2.7", "queue_rank": 208, "arm": "oracle_action", "target_act": "telling", "ok": true, "error": ""}
{"request_id": "routing-v1|scaffolding-835|adaptive_router|MiniMax-M2.7", "queue_rank": 209, "arm": "adaptive_router", "target_act": "probing", "ok": true, "error": ""}
{"request_id": "routing-v1|scaffolding-477|generic|MiniMax-M2.7", "queue_rank": 207, "arm": "generic", "target_act": "probing", "ok": true, "error": ""}
{"request_id": "routing-v1|scaffolding-146|uniform_scaffold|MiniMax-M2.7", "queue_rank": 212, "arm": "uniform_scaffold", "target_act": "probing", "ok": true, "error": ""}
{"request_id": "routing-v1|scaffolding-177|generic|MiniMax-M2.7", "queue_rank": 211, "arm": "generic", "target_act": "telling", "ok": true, "error": ""}
{"request_id": "routing-v1|scaffolding-177|adaptive_router|MiniMax-M2.7", "queue_rank": 210, "arm": "adaptive_router", "target_act": "telling", "ok": true, "error": ""}
{"request_id": "routing-v1|scaffolding-804|generic|MiniMax-M2.7", "queue_rank": 214, "arm": "generic", "target_act": "probing", "ok": true, "error": ""}
{"request_id": "routing-v1|scaffolding-47|uniform_scaffold|MiniMax-M2.7", "queue_rank": 213, "arm": "uniform_scaffold", "target_act": "telling", "ok": true, "error": ""}
{"request_id": "routing-v1|scaffolding-991|oracle_action|MiniMax-M2.7", "queue_rank": 215, "arm": "oracle_action", "target_act": "probing", "ok": true, "error": ""}
{"request_id": "routing-v1|scaffolding-193|oracle_action|MiniMax-M2.7", "queue_rank": 216, "arm": "oracle_action", "target_act": "probing", "ok": true, "error": ""}
{"request_id": "routing-v1|scaffolding-602|uniform_scaffold|MiniMax-M2.7", "queue_rank": 218, "arm": "uniform_scaffold", "target_act": "probing", "ok": true, "error": ""}
{"request_id": "routing-v1|scaffolding-760|adaptive_router|MiniMax-M2.7", "queue_rank": 219, "arm": "adaptive_router", "target_act": "telling", "ok": true, "error": ""}
{"request_id": "routing-v1|scaffolding-451|generic|MiniMax-M2.7", "queue_rank": 217, "arm": "generic", "target_act": "probing", "ok": true, "error": ""}
{"request_id": "routing-v1|scaffolding-915|generic|MiniMax-M2.7", "queue_rank": 220, "arm": "generic", "target_act": "telling", "ok": true, "error": ""}
{"request_id": "routing-v1|scaffolding-169|uniform_scaffold|MiniMax-M2.7", "queue_rank": 223, "arm": "uniform_scaffold", "target_act": "telling", "ok": true, "error": ""}
{"request_id": "routing-v1|scaffolding-268|adaptive_router|MiniMax-M2.7", "queue_rank": 221, "arm": "adaptive_router", "target_act": "probing", "ok": true, "error": ""}
{"request_id": "routing-v1|scaffolding-749|uniform_scaffold|MiniMax-M2.7", "queue_rank": 225, "arm": "uniform_scaffold", "target_act": "probing", "ok": true, "error": ""}
{"request_id": "routing-v1|scaffolding-2|uniform_scaffold|MiniMax-M2.7", "queue_rank": 224, "arm": "uniform_scaffold", "target_act": "telling", "ok": true, "error": ""}
{"request_id": "routing-v1|scaffolding-157|oracle_action|MiniMax-M2.7", "queue_rank": 226, "arm": "oracle_action", "target_act": "probing", "ok": true, "error": ""}
{"request_id": "routing-v1|scaffolding-99|oracle_action|MiniMax-M2.7", "queue_rank": 222, "arm": "oracle_action", "target_act": "telling", "ok": true, "error": ""}
{"request_id": "routing-v1|scaffolding-704|adaptive_router|MiniMax-M2.7", "queue_rank": 227, "arm": "adaptive_router", "target_act": "probing", "ok": true, "error": ""}
{"request_id": "routing-v1|scaffolding-678|generic|MiniMax-M2.7", "queue_rank": 228, "arm": "generic", "target_act": "probing", "ok": true, "error": ""}
{"request_id": "routing-v1|scaffolding-909|generic|MiniMax-M2.7", "queue_rank": 230, "arm": "generic", "target_act": "telling", "ok": true, "error": ""}
{"request_id": "routing-v1|scaffolding-363|adaptive_router|MiniMax-M2.7", "queue_rank": 232, "arm": "adaptive_router", "target_act": "probing", "ok": true, "error": ""}
{"request_id": "routing-v1|scaffolding-921|adaptive_router|MiniMax-M2.7", "queue_rank": 231, "arm": "adaptive_router", "target_act": "telling", "ok": true, "error": ""}
{"request_id": "routing-v1|scaffolding-757|generic|MiniMax-M2.7", "queue_rank": 234, "arm": "generic", "target_act": "telling", "ok": true, "error": ""}
{"request_id": "routing-v1|scaffolding-11|adaptive_router|MiniMax-M2.7", "queue_rank": 233, "arm": "adaptive_router", "target_act": "telling", "ok": true, "error": ""}
{"request_id": "routing-v1|scaffolding-704|oracle_action|MiniMax-M2.7", "queue_rank": 235, "arm": "oracle_action", "target_act": "probing", "ok": true, "error": ""}
{"request_id": "routing-v1|scaffolding-721|uniform_scaffold|MiniMax-M2.7", "queue_rank": 236, "arm": "uniform_scaffold", "target_act": "telling", "ok": true, "error": ""}
{"request_id": "routing-v1|scaffolding-74|generic|MiniMax-M2.7", "queue_rank": 237, "arm": "generic", "target_act": "probing", "ok": true, "error": ""}
{"request_id": "routing-v1|scaffolding-721|oracle_action|MiniMax-M2.7", "queue_rank": 239, "arm": "oracle_action", "target_act": "telling", "ok": true, "error": ""}
{"request_id": "routing-v1|scaffolding-722|generic|MiniMax-M2.7", "queue_rank": 240, "arm": "generic", "target_act": "telling", "ok": true, "error": ""}
{"request_id": "routing-v1|scaffolding-774|uniform_scaffold|MiniMax-M2.7", "queue_rank": 238, "arm": "uniform_scaffold", "target_act": "probing", "ok": true, "error": ""}
{"request_id": "routing-v1|scaffolding-921|oracle_action|MiniMax-M2.7", "queue_rank": 241, "arm": "oracle_action", "target_act": "telling", "ok": true, "error": ""}
{"request_id": "routing-v1|scaffolding-193|generic|MiniMax-M2.7", "queue_rank": 242, "arm": "generic", "target_act": "probing", "ok": true, "error": ""}
{"request_id": "routing-v1|scaffolding-721|adaptive_router|MiniMax-M2.7", "queue_rank": 243, "arm": "adaptive_router", "target_act": "telling", "ok": true, "error": ""}
{"request_id": "routing-v1|scaffolding-998|uniform_scaffold|MiniMax-M2.7", "queue_rank": 244, "arm": "uniform_scaffold", "target_act": "telling", "ok": true, "error": ""}
{"request_id": "routing-v1|scaffolding-610|uniform_scaffold|MiniMax-M2.7", "queue_rank": 245, "arm": "uniform_scaffold", "target_act": "probing", "ok": true, "error": ""}
{"request_id": "routing-v1|scaffolding-602|oracle_action|MiniMax-M2.7", "queue_rank": 246, "arm": "oracle_action", "target_act": "probing", "ok": true, "error": ""}
{"request_id": "routing-v1|scaffolding-169|generic|MiniMax-M2.7", "queue_rank": 248, "arm": "generic", "target_act": "telling", "ok": true, "error": ""}
{"request_id": "routing-v1|scaffolding-121|adaptive_router|MiniMax-M2.7", "queue_rank": 247, "arm": "adaptive_router", "target_act": "probing", "ok": true, "error": ""}
{"request_id": "routing-v1|scaffolding-703|generic|MiniMax-M2.7", "queue_rank": 250, "arm": "generic", "target_act": "probing", "ok": true, "error": ""}
{"request_id": "routing-v1|scaffolding-9|oracle_action|MiniMax-M2.7", "queue_rank": 249, "arm": "oracle_action", "target_act": "telling", "ok": true, "error": ""}
{"request_id": "routing-v1|scaffolding-623|oracle_action|MiniMax-M2.7", "queue_rank": 251, "arm": "oracle_action", "target_act": "probing", "ok": true, "error": ""}
{"request_id": "routing-v1|scaffolding-756|adaptive_router|MiniMax-M2.7", "queue_rank": 252, "arm": "adaptive_router", "target_act": "telling", "ok": true, "error": ""}
{"request_id": "routing-v1|scaffolding-137|adaptive_router|MiniMax-M2.7", "queue_rank": 253, "arm": "adaptive_router", "target_act": "probing", "ok": true, "error": ""}
{"request_id": "routing-v1|scaffolding-232|uniform_scaffold|MiniMax-M2.7", "queue_rank": 254, "arm": "uniform_scaffold", "target_act": "probing", "ok": true, "error": ""}
{"request_id": "routing-v1|scaffolding-177|uniform_scaffold|MiniMax-M2.7", "queue_rank": 255, "arm": "uniform_scaffold", "target_act": "telling", "ok": true, "error": ""}
{"request_id": "routing-v1|scaffolding-477|uniform_scaffold|MiniMax-M2.7", "queue_rank": 256, "arm": "uniform_scaffold", "target_act": "probing", "ok": true, "error": ""}
{"request_id": "routing-v1|scaffolding-589|generic|MiniMax-M2.7", "queue_rank": 257, "arm": "generic", "target_act": "probing", "ok": true, "error": ""}
{"request_id": "routing-v1|scaffolding-60|uniform_scaffold|MiniMax-M2.7", "queue_rank": 258, "arm": "uniform_scaffold", "target_act": "telling", "ok": true, "error": ""}
{"request_id": "routing-v1|scaffolding-953|adaptive_router|MiniMax-M2.7", "queue_rank": 260, "arm": "adaptive_router", "target_act": "probing", "ok": true, "error": ""}
{"request_id": "routing-v1|scaffolding-12|generic|MiniMax-M2.7", "queue_rank": 261, "arm": "generic", "target_act": "telling", "ok": true, "error": ""}
{"request_id": "routing-v1|scaffolding-799|oracle_action|MiniMax-M2.7", "queue_rank": 259, "arm": "oracle_action", "target_act": "telling", "ok": true, "error": ""}
{"request_id": "routing-v1|scaffolding-9|adaptive_router|MiniMax-M2.7", "queue_rank": 262, "arm": "adaptive_router", "target_act": "telling", "ok": true, "error": ""}
{"request_id": "routing-v1|scaffolding-268|oracle_action|MiniMax-M2.7", "queue_rank": 263, "arm": "oracle_action", "target_act": "probing", "ok": true, "error": ""}
{"request_id": "routing-v1|scaffolding-196|generic|MiniMax-M2.7", "queue_rank": 264, "arm": "generic", "target_act": "probing", "ok": true, "error": ""}
{"request_id": "routing-v1|scaffolding-524|uniform_scaffold|MiniMax-M2.7", "queue_rank": 265, "arm": "uniform_scaffold", "target_act": "telling", "ok": true, "error": ""}
{"request_id": "routing-v1|scaffolding-799|generic|MiniMax-M2.7", "queue_rank": 267, "arm": "generic", "target_act": "telling", "ok": true, "error": ""}
{"request_id": "routing-v1|scaffolding-55|oracle_action|MiniMax-M2.7", "queue_rank": 266, "arm": "oracle_action", "target_act": "telling", "ok": true, "error": ""}
{"request_id": "routing-v1|scaffolding-991|adaptive_router|MiniMax-M2.7", "queue_rank": 268, "arm": "adaptive_router", "target_act": "probing", "ok": true, "error": ""}
{"request_id": "routing-v1|scaffolding-338|uniform_scaffold|MiniMax-M2.7", "queue_rank": 269, "arm": "uniform_scaffold", "target_act": "probing", "ok": true, "error": ""}
{"request_id": "routing-v1|scaffolding-686|adaptive_router|MiniMax-M2.7", "queue_rank": 270, "arm": "adaptive_router", "target_act": "telling", "ok": true, "error": ""}
{"request_id": "routing-v1|scaffolding-196|oracle_action|MiniMax-M2.7", "queue_rank": 271, "arm": "oracle_action", "target_act": "probing", "ok": true, "error": ""}
{"request_id": "routing-v1|scaffolding-845|uniform_scaffold|MiniMax-M2.7", "queue_rank": 273, "arm": "uniform_scaffold", "target_act": "telling", "ok": true, "error": ""}
{"request_id": "routing-v1|scaffolding-674|oracle_action|MiniMax-M2.7", "queue_rank": 274, "arm": "oracle_action", "target_act": "probing", "ok": true, "error": ""}
{"request_id": "routing-v1|scaffolding-322|generic|MiniMax-M2.7", "queue_rank": 272, "arm": "generic", "target_act": "telling", "ok": true, "error": ""}
{"request_id": "routing-v1|scaffolding-309|adaptive_router|MiniMax-M2.7", "queue_rank": 276, "arm": "adaptive_router", "target_act": "probing", "ok": true, "error": ""}
{"request_id": "routing-v1|scaffolding-800|oracle_action|MiniMax-M2.7", "queue_rank": 275, "arm": "oracle_action", "target_act": "telling", "ok": true, "error": ""}
{"request_id": "routing-v1|scaffolding-991|generic|MiniMax-M2.7", "queue_rank": 278, "arm": "generic", "target_act": "probing", "ok": true, "error": ""}
{"request_id": "routing-v1|scaffolding-845|adaptive_router|MiniMax-M2.7", "queue_rank": 277, "arm": "adaptive_router", "target_act": "telling", "ok": true, "error": ""}
{"request_id": "routing-v1|scaffolding-137|uniform_scaffold|MiniMax-M2.7", "queue_rank": 279, "arm": "uniform_scaffold", "target_act": "probing", "ok": true, "error": ""}
{"request_id": "routing-v1|scaffolding-146|oracle_action|MiniMax-M2.7", "queue_rank": 280, "arm": "oracle_action", "target_act": "probing", "ok": true, "error": ""}
{"request_id": "routing-v1|scaffolding-121|generic|MiniMax-M2.7", "queue_rank": 281, "arm": "generic", "target_act": "probing", "ok": true, "error": ""}
{"request_id": "routing-v1|scaffolding-266|adaptive_router|MiniMax-M2.7", "queue_rank": 282, "arm": "adaptive_router", "target_act": "probing", "ok": true, "error": ""}
{"request_id": "routing-v1|scaffolding-216|uniform_scaffold|MiniMax-M2.7", "queue_rank": 283, "arm": "uniform_scaffold", "target_act": "telling", "ok": true, "error": ""}
{"request_id": "routing-v1|scaffolding-715|uniform_scaffold|MiniMax-M2.7", "queue_rank": 285, "arm": "uniform_scaffold", "target_act": "probing", "ok": true, "error": ""}
{"request_id": "routing-v1|scaffolding-757|adaptive_router|MiniMax-M2.7", "queue_rank": 284, "arm": "adaptive_router", "target_act": "telling", "ok": true, "error": ""}
{"request_id": "routing-v1|scaffolding-59|generic|MiniMax-M2.7", "queue_rank": 287, "arm": "generic", "target_act": "telling", "ok": true, "error": ""}
{"request_id": "routing-v1|scaffolding-324|oracle_action|MiniMax-M2.7", "queue_rank": 286, "arm": "oracle_action", "target_act": "telling", "ok": true, "error": ""}
{"request_id": "routing-v1|scaffolding-309|uniform_scaffold|MiniMax-M2.7", "queue_rank": 288, "arm": "uniform_scaffold", "target_act": "probing", "ok": true, "error": ""}
{"request_id": "routing-v1|scaffolding-715|oracle_action|MiniMax-M2.7", "queue_rank": 289, "arm": "oracle_action", "target_act": "probing", "ok": true, "error": ""}
{"request_id": "routing-v1|scaffolding-146|adaptive_router|MiniMax-M2.7", "queue_rank": 290, "arm": "adaptive_router", "target_act": "probing", "ok": true, "error": ""}
{"request_id": "routing-v1|scaffolding-481|generic|MiniMax-M2.7", "queue_rank": 291, "arm": "generic", "target_act": "probing", "ok": true, "error": ""}
{"request_id": "routing-v1|scaffolding-47|generic|MiniMax-M2.7", "queue_rank": 292, "arm": "generic", "target_act": "telling", "ok": true, "error": ""}
{"request_id": "routing-v1|scaffolding-758|uniform_scaffold|MiniMax-M2.7", "queue_rank": 293, "arm": "uniform_scaffold", "target_act": "telling", "ok": true, "error": ""}
{"request_id": "routing-v1|scaffolding-123|oracle_action|MiniMax-M2.7", "queue_rank": 294, "arm": "oracle_action", "target_act": "telling", "ok": true, "error": ""}
{"request_id": "routing-v1|scaffolding-769|oracle_action|MiniMax-M2.7", "queue_rank": 296, "arm": "oracle_action", "target_act": "probing", "ok": true, "error": ""}
{"request_id": "routing-v1|scaffolding-59|adaptive_router|MiniMax-M2.7", "queue_rank": 295, "arm": "adaptive_router", "target_act": "telling", "ok": true, "error": ""}
{"request_id": "routing-v1|scaffolding-451|adaptive_router|MiniMax-M2.7", "queue_rank": 127, "arm": "adaptive_router", "target_act": "probing", "ok": true, "error": ""}
{"request_id": "routing-v1|scaffolding-193|uniform_scaffold|MiniMax-M2.7", "queue_rank": 297, "arm": "uniform_scaffold", "target_act": "probing", "ok": true, "error": ""}
{"request_id": "routing-v1|scaffolding-7|adaptive_router|MiniMax-M2.7", "queue_rank": 298, "arm": "adaptive_router", "target_act": "telling", "ok": true, "error": ""}
{"request_id": "routing-v1|scaffolding-524|generic|MiniMax-M2.7", "queue_rank": 299, "arm": "generic", "target_act": "telling", "ok": true, "error": ""}
{"request_id": "routing-v1|scaffolding-602|generic|MiniMax-M2.7", "queue_rank": 301, "arm": "generic", "target_act": "probing", "ok": true, "error": ""}
{"request_id": "routing-v1|scaffolding-685|uniform_scaffold|MiniMax-M2.7", "queue_rank": 302, "arm": "uniform_scaffold", "target_act": "telling", "ok": true, "error": ""}
{"request_id": "routing-v1|scaffolding-769|adaptive_router|MiniMax-M2.7", "queue_rank": 303, "arm": "adaptive_router", "target_act": "probing", "ok": true, "error": ""}
{"request_id": "routing-v1|scaffolding-268|generic|MiniMax-M2.7", "queue_rank": 305, "arm": "generic", "target_act": "probing", "ok": true, "error": ""}
{"request_id": "routing-v1|scaffolding-678|adaptive_router|MiniMax-M2.7", "queue_rank": 304, "arm": "adaptive_router", "target_act": "probing", "ok": true, "error": ""}
{"request_id": "routing-v1|scaffolding-500|oracle_action|MiniMax-M2.7", "queue_rank": 300, "arm": "oracle_action", "target_act": "telling", "ok": true, "error": ""}
{"request_id": "routing-v1|scaffolding-60|generic|MiniMax-M2.7", "queue_rank": 307, "arm": "generic", "target_act": "telling", "ok": true, "error": ""}
{"request_id": "routing-v1|scaffolding-589|oracle_action|MiniMax-M2.7", "queue_rank": 308, "arm": "oracle_action", "target_act": "probing", "ok": true, "error": ""}
{"request_id": "routing-v1|scaffolding-623|uniform_scaffold|MiniMax-M2.7", "queue_rank": 306, "arm": "uniform_scaffold", "target_act": "probing", "ok": true, "error": ""}
{"request_id": "routing-v1|scaffolding-758|adaptive_router|MiniMax-M2.7", "queue_rank": 309, "arm": "adaptive_router", "target_act": "telling", "ok": true, "error": ""}
{"request_id": "routing-v1|scaffolding-909|oracle_action|MiniMax-M2.7", "queue_rank": 310, "arm": "oracle_action", "target_act": "telling", "ok": true, "error": ""}
{"request_id": "routing-v1|scaffolding-760|uniform_scaffold|MiniMax-M2.7", "queue_rank": 311, "arm": "uniform_scaffold", "target_act": "telling", "ok": true, "error": ""}
{"request_id": "routing-v1|scaffolding-755|uniform_scaffold|MiniMax-M2.7", "queue_rank": 314, "arm": "uniform_scaffold", "target_act": "telling", "ok": true, "error": ""}
{"request_id": "routing-v1|scaffolding-968|oracle_action|MiniMax-M2.7", "queue_rank": 229, "arm": "oracle_action", "target_act": "telling", "ok": true, "error": ""}
{"request_id": "routing-v1|scaffolding-448|generic|MiniMax-M2.7", "queue_rank": 313, "arm": "generic", "target_act": "probing", "ok": true, "error": ""}
{"request_id": "routing-v1|scaffolding-845|generic|MiniMax-M2.7", "queue_rank": 315, "arm": "generic", "target_act": "telling", "ok": true, "error": ""}
{"request_id": "routing-v1|scaffolding-524|oracle_action|MiniMax-M2.7", "queue_rank": 312, "arm": "oracle_action", "target_act": "telling", "ok": true, "error": ""}
{"request_id": "routing-v1|scaffolding-879|adaptive_router|MiniMax-M2.7", "queue_rank": 316, "arm": "adaptive_router", "target_act": "probing", "ok": true, "error": ""}
{"request_id": "routing-v1|scaffolding-266|oracle_action|MiniMax-M2.7", "queue_rank": 318, "arm": "oracle_action", "target_act": "probing", "ok": true, "error": ""}
{"request_id": "routing-v1|scaffolding-148|uniform_scaffold|MiniMax-M2.7", "queue_rank": 317, "arm": "uniform_scaffold", "target_act": "probing", "ok": true, "error": ""}
{"request_id": "routing-v1|scaffolding-749|generic|MiniMax-M2.7", "queue_rank": 320, "arm": "generic", "target_act": "probing", "ok": true, "error": ""}
{"request_id": "routing-v1|scaffolding-755|adaptive_router|MiniMax-M2.7", "queue_rank": 319, "arm": "adaptive_router", "target_act": "telling", "ok": true, "error": ""}
{"request_id": "routing-v1|scaffolding-577|uniform_scaffold|MiniMax-M2.7", "queue_rank": 323, "arm": "uniform_scaffold", "target_act": "probing", "ok": true, "error": ""}
{"request_id": "routing-v1|scaffolding-55|generic|MiniMax-M2.7", "queue_rank": 324, "arm": "generic", "target_act": "telling", "ok": true, "error": ""}
{"request_id": "routing-v1|scaffolding-799|uniform_scaffold|MiniMax-M2.7", "queue_rank": 322, "arm": "uniform_scaffold", "target_act": "telling", "ok": true, "error": ""}
{"request_id": "routing-v1|scaffolding-610|adaptive_router|MiniMax-M2.7", "queue_rank": 325, "arm": "adaptive_router", "target_act": "probing", "ok": true, "error": ""}
{"request_id": "routing-v1|scaffolding-60|oracle_action|MiniMax-M2.7", "queue_rank": 326, "arm": "oracle_action", "target_act": "telling", "ok": true, "error": ""}
{"request_id": "routing-v1|scaffolding-903|generic|MiniMax-M2.7", "queue_rank": 328, "arm": "generic", "target_act": "probing", "ok": true, "error": ""}
{"request_id": "routing-v1|scaffolding-698|adaptive_router|MiniMax-M2.7", "queue_rank": 327, "arm": "adaptive_router", "target_act": "telling", "ok": true, "error": ""}
{"request_id": "routing-v1|scaffolding-793|generic|MiniMax-M2.7", "queue_rank": 330, "arm": "generic", "target_act": "telling", "ok": true, "error": ""}
{"request_id": "routing-v1|scaffolding-74|oracle_action|MiniMax-M2.7", "queue_rank": 331, "arm": "oracle_action", "target_act": "probing", "ok": true, "error": ""}
{"request_id": "routing-v1|scaffolding-57|adaptive_router|MiniMax-M2.7", "queue_rank": 329, "arm": "adaptive_router", "target_act": "telling", "ok": true, "error": ""}
{"request_id": "routing-v1|scaffolding-121|uniform_scaffold|MiniMax-M2.7", "queue_rank": 332, "arm": "uniform_scaffold", "target_act": "probing", "ok": true, "error": ""}
{"request_id": "routing-v1|scaffolding-719|oracle_action|MiniMax-M2.7", "queue_rank": 334, "arm": "oracle_action", "target_act": "telling", "ok": true, "error": ""}
{"request_id": "routing-v1|scaffolding-793|uniform_scaffold|MiniMax-M2.7", "queue_rank": 335, "arm": "uniform_scaffold", "target_act": "telling", "ok": true, "error": ""}
{"request_id": "routing-v1|scaffolding-240|oracle_action|MiniMax-M2.7", "queue_rank": 321, "arm": "oracle_action", "target_act": "probing", "ok": true, "error": ""}
{"request_id": "routing-v1|scaffolding-757|uniform_scaffold|MiniMax-M2.7", "queue_rank": 337, "arm": "uniform_scaffold", "target_act": "telling", "ok": true, "error": ""}
{"request_id": "routing-v1|scaffolding-12|adaptive_router|MiniMax-M2.7", "queue_rank": 338, "arm": "adaptive_router", "target_act": "telling", "ok": true, "error": ""}
{"request_id": "routing-v1|scaffolding-216|oracle_action|MiniMax-M2.7", "queue_rank": 336, "arm": "oracle_action", "target_act": "telling", "ok": true, "error": ""}
{"request_id": "routing-v1|scaffolding-338|adaptive_router|MiniMax-M2.7", "queue_rank": 339, "arm": "adaptive_router", "target_act": "probing", "ok": true, "error": ""}
{"request_id": "routing-v1|scaffolding-448|oracle_action|MiniMax-M2.7", "queue_rank": 341, "arm": "oracle_action", "target_act": "probing", "ok": true, "error": ""}
{"request_id": "routing-v1|scaffolding-307|generic|MiniMax-M2.7", "queue_rank": 342, "arm": "generic", "target_act": "probing", "ok": true, "error": ""}
{"request_id": "routing-v1|scaffolding-760|generic|MiniMax-M2.7", "queue_rank": 343, "arm": "generic", "target_act": "telling", "ok": true, "error": ""}
{"request_id": "routing-v1|scaffolding-15|uniform_scaffold|MiniMax-M2.7", "queue_rank": 344, "arm": "uniform_scaffold", "target_act": "telling", "ok": true, "error": ""}
{"request_id": "routing-v1|scaffolding-729|uniform_scaffold|MiniMax-M2.7", "queue_rank": 340, "arm": "uniform_scaffold", "target_act": "probing", "ok": true, "error": ""}
{"request_id": "routing-v1|scaffolding-685|adaptive_router|MiniMax-M2.7", "queue_rank": 345, "arm": "adaptive_router", "target_act": "telling", "ok": true, "error": ""}
{"request_id": "routing-v1|scaffolding-953|oracle_action|MiniMax-M2.7", "queue_rank": 346, "arm": "oracle_action", "target_act": "probing", "ok": true, "error": ""}
{"request_id": "routing-v1|scaffolding-7|oracle_action|MiniMax-M2.7", "queue_rank": 349, "arm": "oracle_action", "target_act": "telling", "ok": true, "error": ""}
{"request_id": "routing-v1|scaffolding-974|generic|MiniMax-M2.7", "queue_rank": 347, "arm": "generic", "target_act": "telling", "ok": true, "error": ""}
{"request_id": "routing-v1|scaffolding-704|generic|MiniMax-M2.7", "queue_rank": 348, "arm": "generic", "target_act": "probing", "ok": true, "error": ""}
{"request_id": "routing-v1|scaffolding-196|adaptive_router|MiniMax-M2.7", "queue_rank": 350, "arm": "adaptive_router", "target_act": "probing", "ok": true, "error": ""}
{"request_id": "routing-v1|scaffolding-835|uniform_scaffold|MiniMax-M2.7", "queue_rank": 351, "arm": "uniform_scaffold", "target_act": "probing", "ok": true, "error": ""}
{"request_id": "routing-v1|scaffolding-577|oracle_action|MiniMax-M2.7", "queue_rank": 352, "arm": "oracle_action", "target_act": "probing", "ok": true, "error": ""}
{"request_id": "routing-v1|scaffolding-446|generic|MiniMax-M2.7", "queue_rank": 354, "arm": "generic", "target_act": "probing", "ok": true, "error": ""}
{"request_id": "routing-v1|scaffolding-15|oracle_action|MiniMax-M2.7", "queue_rank": 353, "arm": "oracle_action", "target_act": "telling", "ok": true, "error": ""}
{"request_id": "routing-v1|scaffolding-176|uniform_scaffold|MiniMax-M2.7", "queue_rank": 356, "arm": "uniform_scaffold", "target_act": "telling", "ok": true, "error": ""}
{"request_id": "routing-v1|scaffolding-915|adaptive_router|MiniMax-M2.7", "queue_rank": 357, "arm": "adaptive_router", "target_act": "telling", "ok": true, "error": ""}
{"request_id": "routing-v1|scaffolding-577|adaptive_router|MiniMax-M2.7", "queue_rank": 359, "arm": "adaptive_router", "target_act": "probing", "ok": true, "error": ""}
{"request_id": "routing-v1|scaffolding-736|uniform_scaffold|MiniMax-M2.7", "queue_rank": 358, "arm": "uniform_scaffold", "target_act": "probing", "ok": true, "error": ""}
{"request_id": "routing-v1|scaffolding-99|generic|MiniMax-M2.7", "queue_rank": 355, "arm": "generic", "target_act": "telling", "ok": true, "error": ""}
{"request_id": "routing-v1|scaffolding-148|oracle_action|MiniMax-M2.7", "queue_rank": 360, "arm": "oracle_action", "target_act": "probing", "ok": true, "error": ""}
{"request_id": "routing-v1|scaffolding-216|generic|MiniMax-M2.7", "queue_rank": 361, "arm": "generic", "target_act": "telling", "ok": true, "error": ""}
{"request_id": "routing-v1|scaffolding-481|adaptive_router|MiniMax-M2.7", "queue_rank": 333, "arm": "adaptive_router", "target_act": "probing", "ok": true, "error": ""}
{"request_id": "routing-v1|scaffolding-57|oracle_action|MiniMax-M2.7", "queue_rank": 364, "arm": "oracle_action", "target_act": "telling", "ok": true, "error": ""}
{"request_id": "routing-v1|scaffolding-674|uniform_scaffold|MiniMax-M2.7", "queue_rank": 365, "arm": "uniform_scaffold", "target_act": "probing", "ok": true, "error": ""}
{"request_id": "routing-v1|scaffolding-251|adaptive_router|MiniMax-M2.7", "queue_rank": 362, "arm": "adaptive_router", "target_act": "probing", "ok": true, "error": ""}
{"request_id": "routing-v1|scaffolding-793|adaptive_router|MiniMax-M2.7", "queue_rank": 363, "arm": "adaptive_router", "target_act": "telling", "ok": true, "error": ""}
{"request_id": "routing-v1|scaffolding-801|uniform_scaffold|MiniMax-M2.7", "queue_rank": 366, "arm": "uniform_scaffold", "target_act": "telling", "ok": true, "error": ""}
{"request_id": "routing-v1|scaffolding-240|generic|MiniMax-M2.7", "queue_rank": 367, "arm": "generic", "target_act": "probing", "ok": true, "error": ""}
{"request_id": "routing-v1|scaffolding-610|generic|MiniMax-M2.7", "queue_rank": 369, "arm": "generic", "target_act": "probing", "ok": true, "error": ""}
{"request_id": "routing-v1|scaffolding-307|uniform_scaffold|MiniMax-M2.7", "queue_rank": 370, "arm": "uniform_scaffold", "target_act": "probing", "ok": true, "error": ""}
{"request_id": "routing-v1|scaffolding-477|adaptive_router|MiniMax-M2.7", "queue_rank": 371, "arm": "adaptive_router", "target_act": "probing", "ok": true, "error": ""}
{"request_id": "routing-v1|scaffolding-719|adaptive_router|MiniMax-M2.7", "queue_rank": 372, "arm": "adaptive_router", "target_act": "telling", "ok": true, "error": ""}
{"request_id": "routing-v1|scaffolding-686|uniform_scaffold|MiniMax-M2.7", "queue_rank": 375, "arm": "uniform_scaffold", "target_act": "telling", "ok": true, "error": ""}
{"request_id": "routing-v1|scaffolding-780|oracle_action|MiniMax-M2.7", "queue_rank": 373, "arm": "oracle_action", "target_act": "probing", "ok": true, "error": ""}
{"request_id": "routing-v1|scaffolding-780|uniform_scaffold|MiniMax-M2.7", "queue_rank": 377, "arm": "uniform_scaffold", "target_act": "probing", "ok": true, "error": ""}
{"request_id": "routing-v1|scaffolding-8|adaptive_router|MiniMax-M2.7", "queue_rank": 376, "arm": "adaptive_router", "target_act": "telling", "ok": true, "error": ""}
{"request_id": "routing-v1|scaffolding-800|generic|MiniMax-M2.7", "queue_rank": 368, "arm": "generic", "target_act": "telling", "ok": true, "error": ""}
{"request_id": "routing-v1|scaffolding-577|generic|MiniMax-M2.7", "queue_rank": 378, "arm": "generic", "target_act": "probing", "ok": true, "error": ""}
{"request_id": "routing-v1|scaffolding-177|oracle_action|MiniMax-M2.7", "queue_rank": 374, "arm": "oracle_action", "target_act": "telling", "ok": true, "error": ""}
{"request_id": "routing-v1|scaffolding-703|oracle_action|MiniMax-M2.7", "queue_rank": 380, "arm": "oracle_action", "target_act": "probing", "ok": true, "error": ""}
{"request_id": "routing-v1|scaffolding-56|oracle_action|MiniMax-M2.7", "queue_rank": 379, "arm": "oracle_action", "target_act": "telling", "ok": true, "error": ""}
{"request_id": "routing-v1|scaffolding-623|adaptive_router|MiniMax-M2.7", "queue_rank": 381, "arm": "adaptive_router", "target_act": "probing", "ok": true, "error": ""}
{"request_id": "routing-v1|scaffolding-921|uniform_scaffold|MiniMax-M2.7", "queue_rank": 383, "arm": "uniform_scaffold", "target_act": "telling", "ok": true, "error": ""}
{"request_id": "routing-v1|scaffolding-2|generic|MiniMax-M2.7", "queue_rank": 382, "arm": "generic", "target_act": "telling", "ok": true, "error": ""}
{"request_id": "routing-v1|scaffolding-56|adaptive_router|glm-5.2", "queue_rank": 7, "arm": "adaptive_router", "target_act": "telling", "ok": true, "error": ""}
{"request_id": "routing-v1|scaffolding-845|generic|glm-5.2", "queue_rank": 5, "arm": "generic", "target_act": "telling", "ok": true, "error": ""}
{"request_id": "routing-v1|scaffolding-915|uniform_scaffold|glm-5.2", "queue_rank": 4, "arm": "uniform_scaffold", "target_act": "telling", "ok": true, "error": ""}
{"request_id": "routing-v1|scaffolding-602|adaptive_router|glm-5.2", "queue_rank": 3, "arm": "adaptive_router", "target_act": "probing", "ok": true, "error": ""}
{"request_id": "routing-v1|scaffolding-176|generic|glm-5.2", "queue_rank": 9, "arm": "generic", "target_act": "telling", "ok": true, "error": ""}
{"request_id": "routing-v1|scaffolding-835|uniform_scaffold|glm-5.2", "queue_rank": 0, "arm": "uniform_scaffold", "target_act": "probing", "ok": true, "error": ""}
{"request_id": "routing-v1|scaffolding-121|generic|glm-5.2", "queue_rank": 6, "arm": "generic", "target_act": "probing", "ok": true, "error": ""}
{"request_id": "routing-v1|scaffolding-919|oracle_action|glm-5.2", "queue_rank": 1, "arm": "oracle_action", "target_act": "telling", "ok": true, "error": ""}
{"request_id": "routing-v1|scaffolding-266|oracle_action|glm-5.2", "queue_rank": 2, "arm": "oracle_action", "target_act": "probing", "ok": true, "error": ""}
{"request_id": "routing-v1|scaffolding-196|uniform_scaffold|glm-5.2", "queue_rank": 11, "arm": "uniform_scaffold", "target_act": "probing", "ok": true, "error": ""}
{"request_id": "routing-v1|scaffolding-686|adaptive_router|glm-5.2", "queue_rank": 10, "arm": "adaptive_router", "target_act": "telling", "ok": true, "error": ""}
{"request_id": "routing-v1|scaffolding-74|generic|glm-5.2", "queue_rank": 12, "arm": "generic", "target_act": "probing", "ok": true, "error": ""}
{"request_id": "routing-v1|scaffolding-491|oracle_action|glm-5.2", "queue_rank": 13, "arm": "oracle_action", "target_act": "probing", "ok": true, "error": ""}
{"request_id": "routing-v1|scaffolding-47|oracle_action|glm-5.2", "queue_rank": 8, "arm": "oracle_action", "target_act": "telling", "ok": true, "error": ""}
{"request_id": "routing-v1|scaffolding-799|uniform_scaffold|glm-5.2", "queue_rank": 14, "arm": "uniform_scaffold", "target_act": "telling", "ok": true, "error": ""}
{"request_id": "routing-v1|scaffolding-703|adaptive_router|glm-5.2", "queue_rank": 15, "arm": "adaptive_router", "target_act": "probing", "ok": true, "error": ""}
{"request_id": "routing-v1|scaffolding-968|adaptive_router|glm-5.2", "queue_rank": 16, "arm": "adaptive_router", "target_act": "telling", "ok": true, "error": ""}
{"request_id": "routing-v1|scaffolding-998|generic|glm-5.2", "queue_rank": 18, "arm": "generic", "target_act": "telling", "ok": true, "error": ""}
{"request_id": "routing-v1|scaffolding-137|uniform_scaffold|glm-5.2", "queue_rank": 17, "arm": "uniform_scaffold", "target_act": "probing", "ok": true, "error": ""}
{"request_id": "routing-v1|scaffolding-121|adaptive_router|glm-5.2", "queue_rank": 19, "arm": "adaptive_router", "target_act": "probing", "ok": true, "error": ""}
{"request_id": "routing-v1|scaffolding-240|oracle_action|glm-5.2", "queue_rank": 20, "arm": "oracle_action", "target_act": "probing", "ok": true, "error": ""}
{"request_id": "routing-v1|scaffolding-715|generic|glm-5.2", "queue_rank": 21, "arm": "generic", "target_act": "probing", "ok": true, "error": ""}
{"request_id": "routing-v1|scaffolding-919|uniform_scaffold|glm-5.2", "queue_rank": 22, "arm": "uniform_scaffold", "target_act": "telling", "ok": true, "error": ""}
{"request_id": "routing-v1|scaffolding-623|oracle_action|glm-5.2", "queue_rank": 24, "arm": "oracle_action", "target_act": "probing", "ok": true, "error": ""}
{"request_id": "routing-v1|scaffolding-9|oracle_action|glm-5.2", "queue_rank": 23, "arm": "oracle_action", "target_act": "telling", "ok": true, "error": ""}
{"request_id": "routing-v1|scaffolding-722|uniform_scaffold|glm-5.2", "queue_rank": 30, "arm": "uniform_scaffold", "target_act": "telling", "ok": true, "error": ""}
{"request_id": "routing-v1|scaffolding-703|generic|glm-5.2", "queue_rank": 32, "arm": "generic", "target_act": "probing", "ok": true, "error": ""}
{"request_id": "routing-v1|scaffolding-921|generic|glm-5.2", "queue_rank": 25, "arm": "generic", "target_act": "telling", "ok": true, "error": ""}
{"request_id": "routing-v1|scaffolding-11|adaptive_router|glm-5.2", "queue_rank": 26, "arm": "adaptive_router", "target_act": "telling", "ok": true, "error": ""}
{"request_id": "routing-v1|scaffolding-157|uniform_scaffold|glm-5.2", "queue_rank": 27, "arm": "uniform_scaffold", "target_act": "probing", "ok": true, "error": ""}
{"request_id": "routing-v1|scaffolding-879|adaptive_router|glm-5.2", "queue_rank": 34, "arm": "adaptive_router", "target_act": "probing", "ok": true, "error": ""}
{"request_id": "routing-v1|scaffolding-998|uniform_scaffold|glm-5.2", "queue_rank": 36, "arm": "uniform_scaffold", "target_act": "telling", "ok": true, "error": ""}
{"request_id": "routing-v1|scaffolding-921|oracle_action|glm-5.2", "queue_rank": 31, "arm": "oracle_action", "target_act": "telling", "ok": true, "error": ""}
{"request_id": "routing-v1|scaffolding-363|generic|glm-5.2", "queue_rank": 28, "arm": "generic", "target_act": "probing", "ok": true, "error": ""}
{"request_id": "routing-v1|scaffolding-268|uniform_scaffold|glm-5.2", "queue_rank": 37, "arm": "uniform_scaffold", "target_act": "probing", "ok": true, "error": ""}
{"request_id": "routing-v1|scaffolding-59|generic|glm-5.2", "queue_rank": 33, "arm": "generic", "target_act": "telling", "ok": true, "error": ""}
{"request_id": "routing-v1|scaffolding-448|oracle_action|glm-5.2", "queue_rank": 35, "arm": "oracle_action", "target_act": "probing", "ok": true, "error": ""}
{"request_id": "routing-v1|scaffolding-974|adaptive_router|glm-5.2", "queue_rank": 38, "arm": "adaptive_router", "target_act": "telling", "ok": true, "error": ""}
{"request_id": "routing-v1|scaffolding-755|oracle_action|glm-5.2", "queue_rank": 39, "arm": "oracle_action", "target_act": "telling", "ok": true, "error": ""}
{"request_id": "routing-v1|scaffolding-55|uniform_scaffold|glm-5.2", "queue_rank": 41, "arm": "uniform_scaffold", "target_act": "telling", "ok": true, "error": ""}
{"request_id": "routing-v1|scaffolding-769|uniform_scaffold|glm-5.2", "queue_rank": 44, "arm": "uniform_scaffold", "target_act": "probing", "ok": true, "error": ""}
{"request_id": "routing-v1|scaffolding-577|oracle_action|glm-5.2", "queue_rank": 43, "arm": "oracle_action", "target_act": "probing", "ok": true, "error": ""}
{"request_id": "routing-v1|scaffolding-12|generic|glm-5.2", "queue_rank": 47, "arm": "generic", "target_act": "telling", "ok": true, "error": ""}
{"request_id": "routing-v1|scaffolding-674|generic|glm-5.2", "queue_rank": 46, "arm": "generic", "target_act": "probing", "ok": true, "error": ""}
{"request_id": "routing-v1|scaffolding-760|oracle_action|glm-5.2", "queue_rank": 45, "arm": "oracle_action", "target_act": "telling", "ok": true, "error": ""}
{"request_id": "routing-v1|scaffolding-123|adaptive_router|glm-5.2", "queue_rank": 48, "arm": "adaptive_router", "target_act": "telling", "ok": true, "error": ""}
{"request_id": "routing-v1|scaffolding-232|uniform_scaffold|glm-5.2", "queue_rank": 49, "arm": "uniform_scaffold", "target_act": "probing", "ok": true, "error": ""}
{"request_id": "routing-v1|scaffolding-685|oracle_action|glm-5.2", "queue_rank": 52, "arm": "oracle_action", "target_act": "telling", "ok": true, "error": ""}
{"request_id": "routing-v1|scaffolding-704|generic|glm-5.2", "queue_rank": 54, "arm": "generic", "target_act": "probing", "ok": true, "error": ""}
{"request_id": "routing-v1|scaffolding-758|generic|glm-5.2", "queue_rank": 55, "arm": "generic", "target_act": "telling", "ok": true, "error": ""}
{"request_id": "routing-v1|scaffolding-240|adaptive_router|glm-5.2", "queue_rank": 29, "arm": "adaptive_router", "target_act": "probing", "ok": true, "error": ""}
{"request_id": "routing-v1|scaffolding-756|adaptive_router|glm-5.2", "queue_rank": 42, "arm": "adaptive_router", "target_act": "telling", "ok": true, "error": ""}
{"request_id": "routing-v1|scaffolding-623|generic|glm-5.2", "queue_rank": 56, "arm": "generic", "target_act": "probing", "ok": true, "error": ""}
{"request_id": "routing-v1|scaffolding-169|generic|glm-5.2", "queue_rank": 58, "arm": "generic", "target_act": "telling", "ok": true, "error": ""}
{"request_id": "routing-v1|scaffolding-12|oracle_action|glm-5.2", "queue_rank": 59, "arm": "oracle_action", "target_act": "telling", "ok": true, "error": ""}
{"request_id": "routing-v1|scaffolding-758|uniform_scaffold|glm-5.2", "queue_rank": 60, "arm": "uniform_scaffold", "target_act": "telling", "ok": true, "error": ""}
{"request_id": "routing-v1|scaffolding-146|oracle_action|glm-5.2", "queue_rank": 51, "arm": "oracle_action", "target_act": "probing", "ok": true, "error": ""}
{"request_id": "routing-v1|scaffolding-193|uniform_scaffold|glm-5.2", "queue_rank": 57, "arm": "uniform_scaffold", "target_act": "probing", "ok": true, "error": ""}
{"request_id": "routing-v1|scaffolding-309|adaptive_router|glm-5.2", "queue_rank": 50, "arm": "adaptive_router", "target_act": "probing", "ok": true, "error": ""}
{"request_id": "routing-v1|scaffolding-453|oracle_action|glm-5.2", "queue_rank": 62, "arm": "oracle_action", "target_act": "probing", "ok": true, "error": ""}
{"request_id": "routing-v1|scaffolding-7|adaptive_router|glm-5.2", "queue_rank": 63, "arm": "adaptive_router", "target_act": "telling", "ok": true, "error": ""}
{"request_id": "routing-v1|scaffolding-903|adaptive_router|glm-5.2", "queue_rank": 61, "arm": "adaptive_router", "target_act": "probing", "ok": true, "error": ""}
{"request_id": "routing-v1|scaffolding-953|generic|glm-5.2", "queue_rank": 65, "arm": "generic", "target_act": "probing", "ok": true, "error": ""}
{"request_id": "routing-v1|scaffolding-47|generic|glm-5.2", "queue_rank": 66, "arm": "generic", "target_act": "telling", "ok": true, "error": ""}
{"request_id": "routing-v1|scaffolding-148|uniform_scaffold|glm-5.2", "queue_rank": 64, "arm": "uniform_scaffold", "target_act": "probing", "ok": true, "error": ""}
{"request_id": "routing-v1|scaffolding-8|uniform_scaffold|glm-5.2", "queue_rank": 68, "arm": "uniform_scaffold", "target_act": "telling", "ok": true, "error": ""}
{"request_id": "routing-v1|scaffolding-55|oracle_action|glm-5.2", "queue_rank": 69, "arm": "oracle_action", "target_act": "telling", "ok": true, "error": ""}
{"request_id": "routing-v1|scaffolding-909|adaptive_router|glm-5.2", "queue_rank": 71, "arm": "adaptive_router", "target_act": "telling", "ok": true, "error": ""}
{"request_id": "routing-v1|scaffolding-7|generic|glm-5.2", "queue_rank": 73, "arm": "generic", "target_act": "telling", "ok": true, "error": ""}
{"request_id": "routing-v1|scaffolding-74|uniform_scaffold|glm-5.2", "queue_rank": 74, "arm": "uniform_scaffold", "target_act": "probing", "ok": true, "error": ""}
{"request_id": "routing-v1|scaffolding-758|oracle_action|glm-5.2", "queue_rank": 76, "arm": "oracle_action", "target_act": "telling", "ok": true, "error": ""}
{"request_id": "routing-v1|scaffolding-704|adaptive_router|glm-5.2", "queue_rank": 72, "arm": "adaptive_router", "target_act": "probing", "ok": true, "error": ""}
{"request_id": "routing-v1|scaffolding-251|adaptive_router|glm-5.2", "queue_rank": 67, "arm": "adaptive_router", "target_act": "probing", "ok": true, "error": ""}
{"request_id": "routing-v1|scaffolding-774|oracle_action|glm-5.2", "queue_rank": 70, "arm": "oracle_action", "target_act": "probing", "ok": true, "error": ""}
{"request_id": "routing-v1|scaffolding-57|adaptive_router|glm-5.2", "queue_rank": 75, "arm": "adaptive_router", "target_act": "telling", "ok": true, "error": ""}
{"request_id": "routing-v1|scaffolding-124|oracle_action|glm-5.2", "queue_rank": 77, "arm": "oracle_action", "target_act": "probing", "ok": true, "error": ""}
{"request_id": "routing-v1|scaffolding-137|generic|glm-5.2", "queue_rank": 78, "arm": "generic", "target_act": "probing", "ok": true, "error": ""}
{"request_id": "routing-v1|scaffolding-446|uniform_scaffold|glm-5.2", "queue_rank": 80, "arm": "uniform_scaffold", "target_act": "probing", "ok": true, "error": ""}
{"request_id": "routing-v1|scaffolding-640|generic|glm-5.2", "queue_rank": 81, "arm": "generic", "target_act": "telling", "ok": true, "error": ""}
{"request_id": "routing-v1|scaffolding-674|oracle_action|glm-5.2", "queue_rank": 83, "arm": "oracle_action", "target_act": "probing", "ok": true, "error": ""}
{"request_id": "routing-v1|scaffolding-721|adaptive_router|glm-5.2", "queue_rank": 84, "arm": "adaptive_router", "target_act": "telling", "ok": true, "error": ""}
{"request_id": "routing-v1|scaffolding-177|uniform_scaffold|glm-5.2", "queue_rank": 79, "arm": "uniform_scaffold", "target_act": "telling", "ok": true, "error": ""}
{"request_id": "routing-v1|scaffolding-322|uniform_scaffold|glm-5.2", "queue_rank": 85, "arm": "uniform_scaffold", "target_act": "telling", "ok": true, "error": ""}
{"request_id": "routing-v1|scaffolding-804|generic|glm-5.2", "queue_rank": 88, "arm": "generic", "target_act": "probing", "ok": true, "error": ""}
{"request_id": "routing-v1|scaffolding-998|oracle_action|glm-5.2", "queue_rank": 86, "arm": "oracle_action", "target_act": "telling", "ok": true, "error": ""}
{"request_id": "routing-v1|scaffolding-232|generic|glm-5.2", "queue_rank": 87, "arm": "generic", "target_act": "probing", "ok": true, "error": ""}
{"request_id": "routing-v1|scaffolding-610|oracle_action|glm-5.2", "queue_rank": 91, "arm": "oracle_action", "target_act": "probing", "ok": true, "error": ""}
{"request_id": "routing-v1|scaffolding-338|adaptive_router|glm-5.2", "queue_rank": 93, "arm": "adaptive_router", "target_act": "probing", "ok": true, "error": ""}
{"request_id": "routing-v1|scaffolding-55|generic|glm-5.2", "queue_rank": 92, "arm": "generic", "target_act": "telling", "ok": true, "error": ""}
{"request_id": "routing-v1|scaffolding-176|uniform_scaffold|glm-5.2", "queue_rank": 89, "arm": "uniform_scaffold", "target_act": "telling", "ok": true, "error": ""}
{"request_id": "routing-v1|scaffolding-481|uniform_scaffold|glm-5.2", "queue_rank": 90, "arm": "uniform_scaffold", "target_act": "probing", "ok": true, "error": ""}
{"request_id": "routing-v1|scaffolding-719|uniform_scaffold|glm-5.2", "queue_rank": 97, "arm": "uniform_scaffold", "target_act": "telling", "ok": true, "error": ""}
{"request_id": "routing-v1|scaffolding-11|oracle_action|glm-5.2", "queue_rank": 94, "arm": "oracle_action", "target_act": "telling", "ok": true, "error": ""}
{"request_id": "routing-v1|scaffolding-799|adaptive_router|glm-5.2", "queue_rank": 95, "arm": "adaptive_router", "target_act": "telling", "ok": true, "error": ""}
{"request_id": "routing-v1|scaffolding-760|generic|glm-5.2", "queue_rank": 98, "arm": "generic", "target_act": "telling", "ok": true, "error": ""}
{"request_id": "routing-v1|scaffolding-769|adaptive_router|glm-5.2", "queue_rank": 101, "arm": "adaptive_router", "target_act": "probing", "ok": true, "error": ""}
{"request_id": "routing-v1|scaffolding-55|adaptive_router|glm-5.2", "queue_rank": 96, "arm": "adaptive_router", "target_act": "telling", "ok": true, "error": ""}
{"request_id": "routing-v1|scaffolding-640|oracle_action|glm-5.2", "queue_rank": 103, "arm": "oracle_action", "target_act": "telling", "ok": true, "error": ""}
{"request_id": "routing-v1|scaffolding-729|uniform_scaffold|glm-5.2", "queue_rank": 99, "arm": "uniform_scaffold", "target_act": "probing", "ok": true, "error": ""}
{"request_id": "routing-v1|scaffolding-953|adaptive_router|glm-5.2", "queue_rank": 104, "arm": "adaptive_router", "target_act": "probing", "ok": true, "error": ""}
{"request_id": "routing-v1|scaffolding-309|oracle_action|glm-5.2", "queue_rank": 102, "arm": "oracle_action", "target_act": "probing", "ok": true, "error": ""}
{"request_id": "routing-v1|scaffolding-974|oracle_action|glm-5.2", "queue_rank": 107, "arm": "oracle_action", "target_act": "telling", "ok": true, "error": ""}
{"request_id": "routing-v1|scaffolding-157|oracle_action|glm-5.2", "queue_rank": 106, "arm": "oracle_action", "target_act": "probing", "ok": true, "error": ""}
{"request_id": "routing-v1|scaffolding-99|generic|glm-5.2", "queue_rank": 105, "arm": "generic", "target_act": "telling", "ok": true, "error": ""}
{"request_id": "routing-v1|scaffolding-216|uniform_scaffold|glm-5.2", "queue_rank": 108, "arm": "uniform_scaffold", "target_act": "telling", "ok": true, "error": ""}
{"request_id": "routing-v1|scaffolding-991|uniform_scaffold|glm-5.2", "queue_rank": 111, "arm": "uniform_scaffold", "target_act": "probing", "ok": true, "error": ""}
{"request_id": "routing-v1|scaffolding-640|adaptive_router|glm-5.2", "queue_rank": 110, "arm": "adaptive_router", "target_act": "telling", "ok": true, "error": ""}
{"request_id": "routing-v1|scaffolding-477|oracle_action|glm-5.2", "queue_rank": 112, "arm": "oracle_action", "target_act": "probing", "ok": true, "error": ""}
{"request_id": "routing-v1|scaffolding-991|generic|glm-5.2", "queue_rank": 109, "arm": "generic", "target_act": "probing", "ok": true, "error": ""}
{"request_id": "routing-v1|scaffolding-481|generic|glm-5.2", "queue_rank": 100, "arm": "generic", "target_act": "probing", "ok": true, "error": ""}
{"request_id": "routing-v1|scaffolding-11|uniform_scaffold|glm-5.2", "queue_rank": 114, "arm": "uniform_scaffold", "target_act": "telling", "ok": true, "error": ""}
{"request_id": "routing-v1|scaffolding-15|adaptive_router|glm-5.2", "queue_rank": 115, "arm": "adaptive_router", "target_act": "telling", "ok": true, "error": ""}
{"request_id": "routing-v1|scaffolding-124|generic|glm-5.2", "queue_rank": 113, "arm": "generic", "target_act": "probing", "ok": true, "error": ""}
{"request_id": "routing-v1|scaffolding-968|uniform_scaffold|glm-5.2", "queue_rank": 53, "arm": "uniform_scaffold", "target_act": "telling", "ok": true, "error": ""}
{"request_id": "routing-v1|scaffolding-60|generic|glm-5.2", "queue_rank": 119, "arm": "generic", "target_act": "telling", "ok": true, "error": ""}
{"request_id": "routing-v1|scaffolding-804|adaptive_router|glm-5.2", "queue_rank": 117, "arm": "adaptive_router", "target_act": "probing", "ok": true, "error": ""}
{"request_id": "routing-v1|scaffolding-338|uniform_scaffold|glm-5.2", "queue_rank": 118, "arm": "uniform_scaffold", "target_act": "probing", "ok": true, "error": ""}
{"request_id": "routing-v1|scaffolding-500|oracle_action|glm-5.2", "queue_rank": 120, "arm": "oracle_action", "target_act": "telling", "ok": true, "error": ""}
{"request_id": "routing-v1|scaffolding-451|adaptive_router|glm-5.2", "queue_rank": 82, "arm": "adaptive_router", "target_act": "probing", "ok": true, "error": ""}
{"request_id": "routing-v1|scaffolding-721|uniform_scaffold|glm-5.2", "queue_rank": 123, "arm": "uniform_scaffold", "target_act": "telling", "ok": true, "error": ""}
{"request_id": "routing-v1|scaffolding-968|oracle_action|glm-5.2", "queue_rank": 116, "arm": "oracle_action", "target_act": "telling", "ok": true, "error": ""}
{"request_id": "routing-v1|scaffolding-176|adaptive_router|glm-5.2", "queue_rank": 121, "arm": "adaptive_router", "target_act": "telling", "ok": true, "error": ""}
{"request_id": "routing-v1|scaffolding-589|oracle_action|glm-5.2", "queue_rank": 122, "arm": "oracle_action", "target_act": "probing", "ok": true, "error": ""}
{"request_id": "routing-v1|scaffolding-453|uniform_scaffold|glm-5.2", "queue_rank": 125, "arm": "uniform_scaffold", "target_act": "probing", "ok": true, "error": ""}
{"request_id": "routing-v1|scaffolding-800|oracle_action|glm-5.2", "queue_rank": 128, "arm": "oracle_action", "target_act": "telling", "ok": true, "error": ""}
{"request_id": "routing-v1|scaffolding-909|uniform_scaffold|glm-5.2", "queue_rank": 131, "arm": "uniform_scaffold", "target_act": "telling", "ok": true, "error": ""}
{"request_id": "routing-v1|scaffolding-137|adaptive_router|glm-5.2", "queue_rank": 126, "arm": "adaptive_router", "target_act": "probing", "ok": true, "error": ""}
{"request_id": "routing-v1|scaffolding-146|uniform_scaffold|glm-5.2", "queue_rank": 129, "arm": "uniform_scaffold", "target_act": "probing", "ok": true, "error": ""}
{"request_id": "routing-v1|scaffolding-307|generic|glm-5.2", "queue_rank": 130, "arm": "generic", "target_act": "probing", "ok": true, "error": ""}
{"request_id": "routing-v1|scaffolding-685|generic|glm-5.2", "queue_rank": 134, "arm": "generic", "target_act": "telling", "ok": true, "error": ""}
{"request_id": "routing-v1|scaffolding-623|adaptive_router|glm-5.2", "queue_rank": 135, "arm": "adaptive_router", "target_act": "probing", "ok": true, "error": ""}
{"request_id": "routing-v1|scaffolding-758|adaptive_router|glm-5.2", "queue_rank": 136, "arm": "adaptive_router", "target_act": "telling", "ok": true, "error": ""}
{"request_id": "routing-v1|scaffolding-755|adaptive_router|glm-5.2", "queue_rank": 132, "arm": "adaptive_router", "target_act": "telling", "ok": true, "error": ""}
{"request_id": "routing-v1|scaffolding-909|generic|glm-5.2", "queue_rank": 137, "arm": "generic", "target_act": "telling", "ok": true, "error": ""}
{"request_id": "routing-v1|scaffolding-307|oracle_action|glm-5.2", "queue_rank": 133, "arm": "oracle_action", "target_act": "probing", "ok": true, "error": ""}
{"request_id": "routing-v1|scaffolding-903|generic|glm-5.2", "queue_rank": 127, "arm": "generic", "target_act": "probing", "ok": true, "error": ""}
{"request_id": "routing-v1|scaffolding-59|oracle_action|glm-5.2", "queue_rank": 138, "arm": "oracle_action", "target_act": "telling", "ok": true, "error": ""}
{"request_id": "routing-v1|scaffolding-678|generic|glm-5.2", "queue_rank": 144, "arm": "generic", "target_act": "probing", "ok": true, "error": ""}
{"request_id": "routing-v1|scaffolding-477|uniform_scaffold|glm-5.2", "queue_rank": 140, "arm": "uniform_scaffold", "target_act": "probing", "ok": true, "error": ""}
{"request_id": "routing-v1|scaffolding-169|uniform_scaffold|glm-5.2", "queue_rank": 143, "arm": "uniform_scaffold", "target_act": "telling", "ok": true, "error": ""}
{"request_id": "routing-v1|scaffolding-448|adaptive_router|glm-5.2", "queue_rank": 141, "arm": "adaptive_router", "target_act": "probing", "ok": true, "error": ""}
{"request_id": "routing-v1|scaffolding-477|generic|glm-5.2", "queue_rank": 142, "arm": "generic", "target_act": "probing", "ok": true, "error": ""}
{"request_id": "routing-v1|scaffolding-686|generic|glm-5.2", "queue_rank": 145, "arm": "generic", "target_act": "telling", "ok": true, "error": ""}
{"request_id": "routing-v1|scaffolding-12|uniform_scaffold|glm-5.2", "queue_rank": 149, "arm": "uniform_scaffold", "target_act": "telling", "ok": true, "error": ""}
{"request_id": "routing-v1|scaffolding-577|uniform_scaffold|glm-5.2", "queue_rank": 150, "arm": "uniform_scaffold", "target_act": "probing", "ok": true, "error": ""}
{"request_id": "routing-v1|scaffolding-685|adaptive_router|glm-5.2", "queue_rank": 148, "arm": "adaptive_router", "target_act": "telling", "ok": true, "error": ""}
{"request_id": "routing-v1|scaffolding-674|adaptive_router|glm-5.2", "queue_rank": 147, "arm": "adaptive_router", "target_act": "probing", "ok": true, "error": ""}
{"request_id": "routing-v1|scaffolding-953|oracle_action|glm-5.2", "queue_rank": 146, "arm": "oracle_action", "target_act": "probing", "ok": true, "error": ""}
{"request_id": "routing-v1|scaffolding-363|oracle_action|glm-5.2", "queue_rank": 139, "arm": "oracle_action", "target_act": "probing", "ok": true, "error": ""}
{"request_id": "routing-v1|scaffolding-736|oracle_action|glm-5.2", "queue_rank": 153, "arm": "oracle_action", "target_act": "probing", "ok": true, "error": ""}
{"request_id": "routing-v1|scaffolding-909|oracle_action|glm-5.2", "queue_rank": 156, "arm": "oracle_action", "target_act": "telling", "ok": true, "error": ""}
{"request_id": "routing-v1|scaffolding-721|oracle_action|glm-5.2", "queue_rank": 151, "arm": "oracle_action", "target_act": "telling", "ok": true, "error": ""}
{"request_id": "routing-v1|scaffolding-196|adaptive_router|glm-5.2", "queue_rank": 154, "arm": "adaptive_router", "target_act": "probing", "ok": true, "error": ""}
{"request_id": "routing-v1|scaffolding-268|generic|glm-5.2", "queue_rank": 157, "arm": "generic", "target_act": "probing", "ok": true, "error": ""}
{"request_id": "routing-v1|scaffolding-216|generic|glm-5.2", "queue_rank": 152, "arm": "generic", "target_act": "telling", "ok": true, "error": ""}
{"request_id": "routing-v1|scaffolding-719|adaptive_router|glm-5.2", "queue_rank": 155, "arm": "adaptive_router", "target_act": "telling", "ok": true, "error": ""}
{"request_id": "routing-v1|scaffolding-769|generic|glm-5.2", "queue_rank": 160, "arm": "generic", "target_act": "probing", "ok": true, "error": ""}
{"request_id": "routing-v1|scaffolding-703|uniform_scaffold|glm-5.2", "queue_rank": 159, "arm": "uniform_scaffold", "target_act": "probing", "ok": true, "error": ""}
{"request_id": "routing-v1|scaffolding-500|uniform_scaffold|glm-5.2", "queue_rank": 158, "arm": "uniform_scaffold", "target_act": "telling", "ok": true, "error": ""}
{"request_id": "routing-v1|scaffolding-719|generic|glm-5.2", "queue_rank": 163, "arm": "generic", "target_act": "telling", "ok": true, "error": ""}
{"request_id": "routing-v1|scaffolding-715|uniform_scaffold|glm-5.2", "queue_rank": 165, "arm": "uniform_scaffold", "target_act": "probing", "ok": true, "error": ""}
{"request_id": "routing-v1|scaffolding-60|oracle_action|glm-5.2", "queue_rank": 162, "arm": "oracle_action", "target_act": "telling", "ok": true, "error": ""}
{"request_id": "routing-v1|scaffolding-915|adaptive_router|glm-5.2", "queue_rank": 161, "arm": "adaptive_router", "target_act": "telling", "ok": true, "error": ""}
{"request_id": "routing-v1|scaffolding-755|uniform_scaffold|glm-5.2", "queue_rank": 169, "arm": "uniform_scaffold", "target_act": "telling", "ok": true, "error": ""}
{"request_id": "routing-v1|scaffolding-729|adaptive_router|glm-5.2", "queue_rank": 40, "arm": "adaptive_router", "target_act": "probing", "ok": true, "error": ""}
{"request_id": "routing-v1|scaffolding-240|generic|glm-5.2", "queue_rank": 168, "arm": "generic", "target_act": "probing", "ok": true, "error": ""}
{"request_id": "routing-v1|scaffolding-157|adaptive_router|glm-5.2", "queue_rank": 166, "arm": "adaptive_router", "target_act": "probing", "ok": true, "error": ""}
{"request_id": "routing-v1|scaffolding-698|uniform_scaffold|glm-5.2", "queue_rank": 167, "arm": "uniform_scaffold", "target_act": "telling", "ok": true, "error": ""}
{"request_id": "routing-v1|scaffolding-500|generic|glm-5.2", "queue_rank": 171, "arm": "generic", "target_act": "telling", "ok": true, "error": ""}
{"request_id": "routing-v1|scaffolding-193|oracle_action|glm-5.2", "queue_rank": 164, "arm": "oracle_action", "target_act": "probing", "ok": true, "error": ""}
{"request_id": "routing-v1|scaffolding-169|oracle_action|glm-5.2", "queue_rank": 175, "arm": "oracle_action", "target_act": "telling", "ok": true, "error": ""}
{"request_id": "routing-v1|scaffolding-8|adaptive_router|glm-5.2", "queue_rank": 174, "arm": "adaptive_router", "target_act": "telling", "ok": true, "error": ""}
{"request_id": "routing-v1|scaffolding-704|uniform_scaffold|glm-5.2", "queue_rank": 173, "arm": "uniform_scaffold", "target_act": "probing", "ok": true, "error": ""}
{"request_id": "routing-v1|scaffolding-722|oracle_action|glm-5.2", "queue_rank": 177, "arm": "oracle_action", "target_act": "telling", "ok": true, "error": ""}
{"request_id": "routing-v1|scaffolding-324|generic|glm-5.2", "queue_rank": 176, "arm": "generic", "target_act": "telling", "ok": true, "error": ""}
{"request_id": "routing-v1|scaffolding-146|generic|glm-5.2", "queue_rank": 180, "arm": "generic", "target_act": "probing", "ok": true, "error": ""}
{"request_id": "routing-v1|scaffolding-804|oracle_action|glm-5.2", "queue_rank": 172, "arm": "oracle_action", "target_act": "probing", "ok": true, "error": ""}
{"request_id": "routing-v1|scaffolding-453|adaptive_router|glm-5.2", "queue_rank": 178, "arm": "adaptive_router", "target_act": "probing", "ok": true, "error": ""}
{"request_id": "routing-v1|scaffolding-610|uniform_scaffold|glm-5.2", "queue_rank": 183, "arm": "uniform_scaffold", "target_act": "probing", "ok": true, "error": ""}
{"request_id": "routing-v1|scaffolding-800|uniform_scaffold|glm-5.2", "queue_rank": 182, "arm": "uniform_scaffold", "target_act": "telling", "ok": true, "error": ""}
{"request_id": "routing-v1|scaffolding-903|oracle_action|glm-5.2", "queue_rank": 181, "arm": "oracle_action", "target_act": "probing", "ok": true, "error": ""}
{"request_id": "routing-v1|scaffolding-193|adaptive_router|glm-5.2", "queue_rank": 170, "arm": "adaptive_router", "target_act": "probing", "ok": true, "error": ""}
{"request_id": "routing-v1|scaffolding-756|generic|glm-5.2", "queue_rank": 184, "arm": "generic", "target_act": "telling", "ok": true, "error": ""}
{"request_id": "routing-v1|scaffolding-619|oracle_action|glm-5.2", "queue_rank": 185, "arm": "oracle_action", "target_act": "probing", "ok": true, "error": ""}
{"request_id": "routing-v1|scaffolding-801|uniform_scaffold|glm-5.2", "queue_rank": 187, "arm": "uniform_scaffold", "target_act": "telling", "ok": true, "error": ""}
{"request_id": "routing-v1|scaffolding-780|generic|glm-5.2", "queue_rank": 186, "arm": "generic", "target_act": "probing", "ok": true, "error": ""}
{"request_id": "routing-v1|scaffolding-1085|adaptive_router|glm-5.2", "queue_rank": 189, "arm": "adaptive_router", "target_act": "telling", "ok": true, "error": ""}
{"request_id": "routing-v1|scaffolding-15|oracle_action|glm-5.2", "queue_rank": 190, "arm": "oracle_action", "target_act": "telling", "ok": true, "error": ""}
{"request_id": "routing-v1|scaffolding-448|uniform_scaffold|glm-5.2", "queue_rank": 188, "arm": "uniform_scaffold", "target_act": "probing", "ok": true, "error": ""}
{"request_id": "routing-v1|scaffolding-736|uniform_scaffold|glm-5.2", "queue_rank": 195, "arm": "uniform_scaffold", "target_act": "probing", "ok": true, "error": ""}
{"request_id": "routing-v1|scaffolding-60|uniform_scaffold|glm-5.2", "queue_rank": 194, "arm": "uniform_scaffold", "target_act": "telling", "ok": true, "error": ""}
{"request_id": "routing-v1|scaffolding-11|generic|glm-5.2", "queue_rank": 193, "arm": "generic", "target_act": "telling", "ok": true, "error": ""}
{"request_id": "routing-v1|scaffolding-780|oracle_action|glm-5.2", "queue_rank": 197, "arm": "oracle_action", "target_act": "probing", "ok": true, "error": ""}
{"request_id": "routing-v1|scaffolding-232|adaptive_router|glm-5.2", "queue_rank": 191, "arm": "adaptive_router", "target_act": "probing", "ok": true, "error": ""}
{"request_id": "routing-v1|scaffolding-749|adaptive_router|glm-5.2", "queue_rank": 198, "arm": "adaptive_router", "target_act": "probing", "ok": true, "error": ""}
{"request_id": "routing-v1|scaffolding-698|adaptive_router|glm-5.2", "queue_rank": 196, "arm": "adaptive_router", "target_act": "telling", "ok": true, "error": ""}
{"request_id": "routing-v1|scaffolding-749|uniform_scaffold|glm-5.2", "queue_rank": 202, "arm": "uniform_scaffold", "target_act": "probing", "ok": true, "error": ""}
{"request_id": "routing-v1|scaffolding-324|oracle_action|glm-5.2", "queue_rank": 192, "arm": "oracle_action", "target_act": "telling", "ok": true, "error": ""}
{"request_id": "routing-v1|scaffolding-9|uniform_scaffold|glm-5.2", "queue_rank": 200, "arm": "uniform_scaffold", "target_act": "telling", "ok": true, "error": ""}
{"request_id": "routing-v1|scaffolding-451|generic|glm-5.2", "queue_rank": 199, "arm": "generic", "target_act": "probing", "ok": true, "error": ""}
{"request_id": "routing-v1|scaffolding-998|adaptive_router|glm-5.2", "queue_rank": 203, "arm": "adaptive_router", "target_act": "telling", "ok": true, "error": ""}
{"request_id": "routing-v1|scaffolding-15|generic|glm-5.2", "queue_rank": 206, "arm": "generic", "target_act": "telling", "ok": true, "error": ""}
{"request_id": "routing-v1|scaffolding-477|adaptive_router|glm-5.2", "queue_rank": 201, "arm": "adaptive_router", "target_act": "probing", "ok": true, "error": ""}
{"request_id": "routing-v1|scaffolding-446|generic|glm-5.2", "queue_rank": 204, "arm": "generic", "target_act": "probing", "ok": true, "error": ""}
{"request_id": "routing-v1|scaffolding-703|oracle_action|glm-5.2", "queue_rank": 208, "arm": "oracle_action", "target_act": "probing", "ok": true, "error": ""}
{"request_id": "routing-v1|scaffolding-2|oracle_action|glm-5.2", "queue_rank": 207, "arm": "oracle_action", "target_act": "telling", "ok": true, "error": ""}
{"request_id": "routing-v1|scaffolding-481|oracle_action|glm-5.2", "queue_rank": 205, "arm": "oracle_action", "target_act": "probing", "ok": true, "error": ""}
{"request_id": "routing-v1|scaffolding-674|uniform_scaffold|glm-5.2", "queue_rank": 212, "arm": "uniform_scaffold", "target_act": "probing", "ok": true, "error": ""}
{"request_id": "routing-v1|scaffolding-1085|oracle_action|glm-5.2", "queue_rank": 214, "arm": "oracle_action", "target_act": "telling", "ok": true, "error": ""}
{"request_id": "routing-v1|scaffolding-251|generic|glm-5.2", "queue_rank": 210, "arm": "generic", "target_act": "probing", "ok": true, "error": ""}
{"request_id": "routing-v1|scaffolding-338|oracle_action|glm-5.2", "queue_rank": 216, "arm": "oracle_action", "target_act": "probing", "ok": true, "error": ""}
{"request_id": "routing-v1|scaffolding-678|adaptive_router|glm-5.2", "queue_rank": 215, "arm": "adaptive_router", "target_act": "probing", "ok": true, "error": ""}
{"request_id": "routing-v1|scaffolding-686|uniform_scaffold|glm-5.2", "queue_rank": 217, "arm": "uniform_scaffold", "target_act": "telling", "ok": true, "error": ""}
{"request_id": "routing-v1|scaffolding-801|generic|glm-5.2", "queue_rank": 213, "arm": "generic", "target_act": "telling", "ok": true, "error": ""}
{"request_id": "routing-v1|scaffolding-719|oracle_action|glm-5.2", "queue_rank": 218, "arm": "oracle_action", "target_act": "telling", "ok": true, "error": ""}
{"request_id": "routing-v1|scaffolding-619|generic|glm-5.2", "queue_rank": 219, "arm": "generic", "target_act": "probing", "ok": true, "error": ""}
{"request_id": "routing-v1|scaffolding-755|generic|glm-5.2", "queue_rank": 223, "arm": "generic", "target_act": "telling", "ok": true, "error": ""}
{"request_id": "routing-v1|scaffolding-216|adaptive_router|glm-5.2", "queue_rank": 209, "arm": "adaptive_router", "target_act": "telling", "ok": true, "error": ""}
{"request_id": "routing-v1|scaffolding-921|adaptive_router|glm-5.2", "queue_rank": 179, "arm": "adaptive_router", "target_act": "telling", "ok": true, "error": ""}
{"request_id": "routing-v1|scaffolding-57|uniform_scaffold|glm-5.2", "queue_rank": 211, "arm": "uniform_scaffold", "target_act": "telling", "ok": true, "error": ""}
{"request_id": "routing-v1|scaffolding-793|adaptive_router|glm-5.2", "queue_rank": 221, "arm": "adaptive_router", "target_act": "telling", "ok": true, "error": ""}
{"request_id": "routing-v1|scaffolding-577|generic|glm-5.2", "queue_rank": 228, "arm": "generic", "target_act": "probing", "ok": true, "error": ""}
{"request_id": "routing-v1|scaffolding-704|oracle_action|glm-5.2", "queue_rank": 224, "arm": "oracle_action", "target_act": "probing", "ok": true, "error": ""}
{"request_id": "routing-v1|scaffolding-309|uniform_scaffold|glm-5.2", "queue_rank": 222, "arm": "uniform_scaffold", "target_act": "probing", "ok": true, "error": ""}
{"request_id": "routing-v1|scaffolding-446|adaptive_router|glm-5.2", "queue_rank": 220, "arm": "adaptive_router", "target_act": "probing", "ok": true, "error": ""}
{"request_id": "routing-v1|scaffolding-915|oracle_action|glm-5.2", "queue_rank": 226, "arm": "oracle_action", "target_act": "telling", "ok": true, "error": ""}
{"request_id": "routing-v1|scaffolding-8|generic|glm-5.2", "queue_rank": 230, "arm": "generic", "target_act": "telling", "ok": true, "error": ""}
{"request_id": "routing-v1|scaffolding-524|uniform_scaffold|glm-5.2", "queue_rank": 229, "arm": "uniform_scaffold", "target_act": "telling", "ok": true, "error": ""}
{"request_id": "routing-v1|scaffolding-363|uniform_scaffold|glm-5.2", "queue_rank": 227, "arm": "uniform_scaffold", "target_act": "probing", "ok": true, "error": ""}
{"request_id": "routing-v1|scaffolding-124|adaptive_router|glm-5.2", "queue_rank": 225, "arm": "adaptive_router", "target_act": "probing", "ok": true, "error": ""}
{"request_id": "routing-v1|scaffolding-177|adaptive_router|glm-5.2", "queue_rank": 232, "arm": "adaptive_router", "target_act": "telling", "ok": true, "error": ""}
{"request_id": "routing-v1|scaffolding-879|uniform_scaffold|glm-5.2", "queue_rank": 237, "arm": "uniform_scaffold", "target_act": "probing", "ok": true, "error": ""}
{"request_id": "routing-v1|scaffolding-686|oracle_action|glm-5.2", "queue_rank": 238, "arm": "oracle_action", "target_act": "telling", "ok": true, "error": ""}
{"request_id": "routing-v1|scaffolding-99|uniform_scaffold|glm-5.2", "queue_rank": 236, "arm": "uniform_scaffold", "target_act": "telling", "ok": true, "error": ""}
{"request_id": "routing-v1|scaffolding-2|generic|glm-5.2", "queue_rank": 235, "arm": "generic", "target_act": "telling", "ok": true, "error": ""}
{"request_id": "routing-v1|scaffolding-451|oracle_action|glm-5.2", "queue_rank": 234, "arm": "oracle_action", "target_act": "probing", "ok": true, "error": ""}
{"request_id": "routing-v1|scaffolding-749|oracle_action|glm-5.2", "queue_rank": 242, "arm": "oracle_action", "target_act": "probing", "ok": true, "error": ""}
{"request_id": "routing-v1|scaffolding-757|adaptive_router|glm-5.2", "queue_rank": 231, "arm": "adaptive_router", "target_act": "telling", "ok": true, "error": ""}
{"request_id": "routing-v1|scaffolding-7|oracle_action|glm-5.2", "queue_rank": 241, "arm": "oracle_action", "target_act": "telling", "ok": true, "error": ""}
{"request_id": "routing-v1|scaffolding-481|adaptive_router|glm-5.2", "queue_rank": 239, "arm": "adaptive_router", "target_act": "probing", "ok": true, "error": ""}
{"request_id": "routing-v1|scaffolding-845|adaptive_router|glm-5.2", "queue_rank": 244, "arm": "adaptive_router", "target_act": "telling", "ok": true, "error": ""}
{"request_id": "routing-v1|scaffolding-148|generic|glm-5.2", "queue_rank": 240, "arm": "generic", "target_act": "probing", "ok": true, "error": ""}
{"request_id": "routing-v1|scaffolding-736|adaptive_router|glm-5.2", "queue_rank": 248, "arm": "adaptive_router", "target_act": "probing", "ok": true, "error": ""}
{"request_id": "routing-v1|scaffolding-721|generic|glm-5.2", "queue_rank": 249, "arm": "generic", "target_act": "telling", "ok": true, "error": ""}
{"request_id": "routing-v1|scaffolding-56|generic|glm-5.2", "queue_rank": 246, "arm": "generic", "target_act": "telling", "ok": true, "error": ""}
{"request_id": "routing-v1|scaffolding-7|uniform_scaffold|glm-5.2", "queue_rank": 243, "arm": "uniform_scaffold", "target_act": "telling", "ok": true, "error": ""}
{"request_id": "routing-v1|scaffolding-124|uniform_scaffold|glm-5.2", "queue_rank": 247, "arm": "uniform_scaffold", "target_act": "probing", "ok": true, "error": ""}
{"request_id": "routing-v1|scaffolding-60|adaptive_router|glm-5.2", "queue_rank": 251, "arm": "adaptive_router", "target_act": "telling", "ok": true, "error": ""}
{"request_id": "routing-v1|scaffolding-99|oracle_action|glm-5.2", "queue_rank": 250, "arm": "oracle_action", "target_act": "telling", "ok": true, "error": ""}
{"request_id": "routing-v1|scaffolding-685|uniform_scaffold|glm-5.2", "queue_rank": 252, "arm": "uniform_scaffold", "target_act": "telling", "ok": true, "error": ""}
{"request_id": "routing-v1|scaffolding-780|uniform_scaffold|glm-5.2", "queue_rank": 257, "arm": "uniform_scaffold", "target_act": "probing", "ok": true, "error": ""}
{"request_id": "routing-v1|scaffolding-769|oracle_action|glm-5.2", "queue_rank": 255, "arm": "oracle_action", "target_act": "probing", "ok": true, "error": ""}
{"request_id": "routing-v1|scaffolding-879|generic|glm-5.2", "queue_rank": 253, "arm": "generic", "target_act": "probing", "ok": true, "error": ""}
{"request_id": "routing-v1|scaffolding-307|uniform_scaffold|glm-5.2", "queue_rank": 254, "arm": "uniform_scaffold", "target_act": "probing", "ok": true, "error": ""}
{"request_id": "routing-v1|scaffolding-919|generic|glm-5.2", "queue_rank": 256, "arm": "generic", "target_act": "telling", "ok": true, "error": ""}
{"request_id": "routing-v1|scaffolding-919|adaptive_router|glm-5.2", "queue_rank": 258, "arm": "adaptive_router", "target_act": "telling", "ok": true, "error": ""}
{"request_id": "routing-v1|scaffolding-74|oracle_action|glm-5.2", "queue_rank": 261, "arm": "oracle_action", "target_act": "probing", "ok": true, "error": ""}
{"request_id": "routing-v1|scaffolding-799|generic|glm-5.2", "queue_rank": 264, "arm": "generic", "target_act": "telling", "ok": true, "error": ""}
{"request_id": "routing-v1|scaffolding-757|uniform_scaffold|glm-5.2", "queue_rank": 262, "arm": "uniform_scaffold", "target_act": "telling", "ok": true, "error": ""}
{"request_id": "routing-v1|scaffolding-589|generic|glm-5.2", "queue_rank": 233, "arm": "generic", "target_act": "probing", "ok": true, "error": ""}
{"request_id": "routing-v1|scaffolding-774|generic|glm-5.2", "queue_rank": 260, "arm": "generic", "target_act": "probing", "ok": true, "error": ""}
{"request_id": "routing-v1|scaffolding-953|uniform_scaffold|glm-5.2", "queue_rank": 266, "arm": "uniform_scaffold", "target_act": "probing", "ok": true, "error": ""}
{"request_id": "routing-v1|scaffolding-678|oracle_action|glm-5.2", "queue_rank": 265, "arm": "oracle_action", "target_act": "probing", "ok": true, "error": ""}
{"request_id": "routing-v1|scaffolding-801|oracle_action|glm-5.2", "queue_rank": 263, "arm": "oracle_action", "target_act": "telling", "ok": true, "error": ""}
{"request_id": "routing-v1|scaffolding-157|generic|glm-5.2", "queue_rank": 269, "arm": "generic", "target_act": "probing", "ok": true, "error": ""}
{"request_id": "routing-v1|scaffolding-801|adaptive_router|glm-5.2", "queue_rank": 267, "arm": "adaptive_router", "target_act": "telling", "ok": true, "error": ""}
{"request_id": "routing-v1|scaffolding-619|adaptive_router|glm-5.2", "queue_rank": 271, "arm": "adaptive_router", "target_act": "probing", "ok": true, "error": ""}
{"request_id": "routing-v1|scaffolding-363|adaptive_router|glm-5.2", "queue_rank": 245, "arm": "adaptive_router", "target_act": "probing", "ok": true, "error": ""}
{"request_id": "routing-v1|scaffolding-500|adaptive_router|glm-5.2", "queue_rank": 272, "arm": "adaptive_router", "target_act": "telling", "ok": true, "error": ""}
{"request_id": "routing-v1|scaffolding-196|oracle_action|glm-5.2", "queue_rank": 275, "arm": "oracle_action", "target_act": "probing", "ok": true, "error": ""}
{"request_id": "routing-v1|scaffolding-774|uniform_scaffold|glm-5.2", "queue_rank": 274, "arm": "uniform_scaffold", "target_act": "probing", "ok": true, "error": ""}
{"request_id": "routing-v1|scaffolding-760|uniform_scaffold|glm-5.2", "queue_rank": 273, "arm": "uniform_scaffold", "target_act": "telling", "ok": true, "error": ""}
{"request_id": "routing-v1|scaffolding-722|generic|glm-5.2", "queue_rank": 278, "arm": "generic", "target_act": "telling", "ok": true, "error": ""}
{"request_id": "routing-v1|scaffolding-193|generic|glm-5.2", "queue_rank": 277, "arm": "generic", "target_act": "probing", "ok": true, "error": ""}
{"request_id": "routing-v1|scaffolding-757|oracle_action|glm-5.2", "queue_rank": 279, "arm": "oracle_action", "target_act": "telling", "ok": true, "error": ""}
{"request_id": "routing-v1|scaffolding-698|generic|glm-5.2", "queue_rank": 281, "arm": "generic", "target_act": "telling", "ok": true, "error": ""}
{"request_id": "routing-v1|scaffolding-793|oracle_action|glm-5.2", "queue_rank": 268, "arm": "oracle_action", "target_act": "telling", "ok": true, "error": ""}
{"request_id": "routing-v1|scaffolding-59|uniform_scaffold|glm-5.2", "queue_rank": 270, "arm": "uniform_scaffold", "target_act": "telling", "ok": true, "error": ""}
{"request_id": "routing-v1|scaffolding-602|oracle_action|glm-5.2", "queue_rank": 282, "arm": "oracle_action", "target_act": "probing", "ok": true, "error": ""}
{"request_id": "routing-v1|scaffolding-845|uniform_scaffold|glm-5.2", "queue_rank": 283, "arm": "uniform_scaffold", "target_act": "telling", "ok": true, "error": ""}
{"request_id": "routing-v1|scaffolding-146|adaptive_router|glm-5.2", "queue_rank": 259, "arm": "adaptive_router", "target_act": "probing", "ok": true, "error": ""}
{"request_id": "routing-v1|scaffolding-602|uniform_scaffold|glm-5.2", "queue_rank": 284, "arm": "uniform_scaffold", "target_act": "probing", "ok": true, "error": ""}
{"request_id": "routing-v1|scaffolding-448|generic|glm-5.2", "queue_rank": 280, "arm": "generic", "target_act": "probing", "ok": true, "error": ""}
{"request_id": "routing-v1|scaffolding-698|oracle_action|glm-5.2", "queue_rank": 286, "arm": "oracle_action", "target_act": "telling", "ok": true, "error": ""}
{"request_id": "routing-v1|scaffolding-338|generic|glm-5.2", "queue_rank": 288, "arm": "generic", "target_act": "probing", "ok": true, "error": ""}
{"request_id": "routing-v1|scaffolding-915|generic|glm-5.2", "queue_rank": 289, "arm": "generic", "target_act": "telling", "ok": true, "error": ""}
{"request_id": "routing-v1|scaffolding-491|adaptive_router|glm-5.2", "queue_rank": 287, "arm": "adaptive_router", "target_act": "probing", "ok": true, "error": ""}
{"request_id": "routing-v1|scaffolding-216|oracle_action|glm-5.2", "queue_rank": 290, "arm": "oracle_action", "target_act": "telling", "ok": true, "error": ""}
{"request_id": "routing-v1|scaffolding-2|uniform_scaffold|glm-5.2", "queue_rank": 294, "arm": "uniform_scaffold", "target_act": "telling", "ok": true, "error": ""}
{"request_id": "routing-v1|scaffolding-266|adaptive_router|glm-5.2", "queue_rank": 291, "arm": "adaptive_router", "target_act": "probing", "ok": true, "error": ""}
{"request_id": "routing-v1|scaffolding-610|adaptive_router|glm-5.2", "queue_rank": 296, "arm": "adaptive_router", "target_act": "probing", "ok": true, "error": ""}
{"request_id": "routing-v1|scaffolding-729|oracle_action|glm-5.2", "queue_rank": 292, "arm": "oracle_action", "target_act": "probing", "ok": true, "error": ""}
{"request_id": "routing-v1|scaffolding-589|adaptive_router|glm-5.2", "queue_rank": 276, "arm": "adaptive_router", "target_act": "probing", "ok": true, "error": ""}
{"request_id": "routing-v1|scaffolding-196|generic|glm-5.2", "queue_rank": 297, "arm": "generic", "target_act": "probing", "ok": true, "error": ""}
{"request_id": "routing-v1|scaffolding-99|adaptive_router|glm-5.2", "queue_rank": 285, "arm": "adaptive_router", "target_act": "telling", "ok": true, "error": ""}
{"request_id": "routing-v1|scaffolding-251|uniform_scaffold|glm-5.2", "queue_rank": 299, "arm": "uniform_scaffold", "target_act": "probing", "ok": true, "error": ""}
{"request_id": "routing-v1|scaffolding-793|uniform_scaffold|glm-5.2", "queue_rank": 301, "arm": "uniform_scaffold", "target_act": "telling", "ok": true, "error": ""}
{"request_id": "routing-v1|scaffolding-57|generic|glm-5.2", "queue_rank": 298, "arm": "generic", "target_act": "telling", "ok": true, "error": ""}
{"request_id": "routing-v1|scaffolding-8|oracle_action|glm-5.2", "queue_rank": 302, "arm": "oracle_action", "target_act": "telling", "ok": true, "error": ""}
{"request_id": "routing-v1|scaffolding-991|oracle_action|glm-5.2", "queue_rank": 303, "arm": "oracle_action", "target_act": "probing", "ok": true, "error": ""}
{"request_id": "routing-v1|scaffolding-491|uniform_scaffold|glm-5.2", "queue_rank": 305, "arm": "uniform_scaffold", "target_act": "probing", "ok": true, "error": ""}
{"request_id": "routing-v1|scaffolding-59|adaptive_router|glm-5.2", "queue_rank": 295, "arm": "adaptive_router", "target_act": "telling", "ok": true, "error": ""}
{"request_id": "routing-v1|scaffolding-974|generic|glm-5.2", "queue_rank": 308, "arm": "generic", "target_act": "telling", "ok": true, "error": ""}
{"request_id": "routing-v1|scaffolding-307|adaptive_router|glm-5.2", "queue_rank": 307, "arm": "adaptive_router", "target_act": "probing", "ok": true, "error": ""}
{"request_id": "routing-v1|scaffolding-446|oracle_action|glm-5.2", "queue_rank": 309, "arm": "oracle_action", "target_act": "probing", "ok": true, "error": ""}
{"request_id": "routing-v1|scaffolding-749|generic|glm-5.2", "queue_rank": 310, "arm": "generic", "target_act": "probing", "ok": true, "error": ""}
{"request_id": "routing-v1|scaffolding-176|oracle_action|glm-5.2", "queue_rank": 311, "arm": "oracle_action", "target_act": "telling", "ok": true, "error": ""}
{"request_id": "routing-v1|scaffolding-524|adaptive_router|glm-5.2", "queue_rank": 304, "arm": "adaptive_router", "target_act": "telling", "ok": true, "error": ""}
{"request_id": "routing-v1|scaffolding-451|uniform_scaffold|glm-5.2", "queue_rank": 293, "arm": "uniform_scaffold", "target_act": "probing", "ok": true, "error": ""}
{"request_id": "routing-v1|scaffolding-268|oracle_action|glm-5.2", "queue_rank": 312, "arm": "oracle_action", "target_act": "probing", "ok": true, "error": ""}
{"request_id": "routing-v1|scaffolding-177|oracle_action|glm-5.2", "queue_rank": 313, "arm": "oracle_action", "target_act": "telling", "ok": true, "error": ""}
{"request_id": "routing-v1|scaffolding-322|generic|glm-5.2", "queue_rank": 316, "arm": "generic", "target_act": "telling", "ok": true, "error": ""}
{"request_id": "routing-v1|scaffolding-921|uniform_scaffold|glm-5.2", "queue_rank": 306, "arm": "uniform_scaffold", "target_act": "telling", "ok": true, "error": ""}
{"request_id": "routing-v1|scaffolding-12|adaptive_router|glm-5.2", "queue_rank": 315, "arm": "adaptive_router", "target_act": "telling", "ok": true, "error": ""}
{"request_id": "routing-v1|scaffolding-991|adaptive_router|glm-5.2", "queue_rank": 319, "arm": "adaptive_router", "target_act": "probing", "ok": true, "error": ""}
{"request_id": "routing-v1|scaffolding-678|uniform_scaffold|glm-5.2", "queue_rank": 320, "arm": "uniform_scaffold", "target_act": "probing", "ok": true, "error": ""}
{"request_id": "routing-v1|scaffolding-15|uniform_scaffold|glm-5.2", "queue_rank": 318, "arm": "uniform_scaffold", "target_act": "telling", "ok": true, "error": ""}
{"request_id": "routing-v1|scaffolding-780|adaptive_router|glm-5.2", "queue_rank": 322, "arm": "adaptive_router", "target_act": "probing", "ok": true, "error": ""}
{"request_id": "routing-v1|scaffolding-56|uniform_scaffold|glm-5.2", "queue_rank": 323, "arm": "uniform_scaffold", "target_act": "telling", "ok": true, "error": ""}
{"request_id": "routing-v1|scaffolding-602|generic|glm-5.2", "queue_rank": 324, "arm": "generic", "target_act": "probing", "ok": true, "error": ""}
{"request_id": "routing-v1|scaffolding-232|oracle_action|glm-5.2", "queue_rank": 321, "arm": "oracle_action", "target_act": "probing", "ok": true, "error": ""}
{"request_id": "routing-v1|scaffolding-309|generic|glm-5.2", "queue_rank": 317, "arm": "generic", "target_act": "probing", "ok": true, "error": ""}
{"request_id": "routing-v1|scaffolding-903|uniform_scaffold|glm-5.2", "queue_rank": 314, "arm": "uniform_scaffold", "target_act": "probing", "ok": true, "error": ""}
{"request_id": "routing-v1|scaffolding-845|oracle_action|glm-5.2", "queue_rank": 329, "arm": "oracle_action", "target_act": "telling", "ok": true, "error": ""}
{"request_id": "routing-v1|scaffolding-715|adaptive_router|glm-5.2", "queue_rank": 330, "arm": "adaptive_router", "target_act": "probing", "ok": true, "error": ""}
{"request_id": "routing-v1|scaffolding-123|generic|glm-5.2", "queue_rank": 327, "arm": "generic", "target_act": "telling", "ok": true, "error": ""}
{"request_id": "routing-v1|scaffolding-324|adaptive_router|glm-5.2", "queue_rank": 333, "arm": "adaptive_router", "target_act": "telling", "ok": true, "error": ""}
{"request_id": "routing-v1|scaffolding-524|oracle_action|glm-5.2", "queue_rank": 326, "arm": "oracle_action", "target_act": "telling", "ok": true, "error": ""}
{"request_id": "routing-v1|scaffolding-322|adaptive_router|glm-5.2", "queue_rank": 325, "arm": "adaptive_router", "target_act": "telling", "ok": true, "error": ""}
{"request_id": "routing-v1|scaffolding-1085|uniform_scaffold|glm-5.2", "queue_rank": 335, "arm": "uniform_scaffold", "target_act": "telling", "ok": true, "error": ""}
{"request_id": "routing-v1|scaffolding-177|generic|glm-5.2", "queue_rank": 328, "arm": "generic", "target_act": "telling", "ok": true, "error": ""}
{"request_id": "routing-v1|scaffolding-619|uniform_scaffold|glm-5.2", "queue_rank": 332, "arm": "uniform_scaffold", "target_act": "probing", "ok": true, "error": ""}
{"request_id": "routing-v1|scaffolding-757|generic|glm-5.2", "queue_rank": 338, "arm": "generic", "target_act": "telling", "ok": true, "error": ""}
{"request_id": "routing-v1|scaffolding-148|oracle_action|glm-5.2", "queue_rank": 336, "arm": "oracle_action", "target_act": "probing", "ok": true, "error": ""}
{"request_id": "routing-v1|scaffolding-121|uniform_scaffold|glm-5.2", "queue_rank": 337, "arm": "uniform_scaffold", "target_act": "probing", "ok": true, "error": ""}
{"request_id": "routing-v1|scaffolding-610|generic|glm-5.2", "queue_rank": 339, "arm": "generic", "target_act": "probing", "ok": true, "error": ""}
{"request_id": "routing-v1|scaffolding-879|oracle_action|glm-5.2", "queue_rank": 334, "arm": "oracle_action", "target_act": "probing", "ok": true, "error": ""}
{"request_id": "routing-v1|scaffolding-799|oracle_action|glm-5.2", "queue_rank": 341, "arm": "oracle_action", "target_act": "telling", "ok": true, "error": ""}
{"request_id": "routing-v1|scaffolding-800|adaptive_router|glm-5.2", "queue_rank": 340, "arm": "adaptive_router", "target_act": "telling", "ok": true, "error": ""}
{"request_id": "routing-v1|scaffolding-266|generic|glm-5.2", "queue_rank": 331, "arm": "generic", "target_act": "probing", "ok": true, "error": ""}
{"request_id": "routing-v1|scaffolding-268|adaptive_router|glm-5.2", "queue_rank": 342, "arm": "adaptive_router", "target_act": "probing", "ok": true, "error": ""}
{"request_id": "routing-v1|scaffolding-74|adaptive_router|glm-5.2", "queue_rank": 346, "arm": "adaptive_router", "target_act": "probing", "ok": true, "error": ""}
{"request_id": "routing-v1|scaffolding-793|generic|glm-5.2", "queue_rank": 344, "arm": "generic", "target_act": "telling", "ok": true, "error": ""}
{"request_id": "routing-v1|scaffolding-640|uniform_scaffold|glm-5.2", "queue_rank": 343, "arm": "uniform_scaffold", "target_act": "telling", "ok": true, "error": ""}
{"request_id": "routing-v1|scaffolding-47|uniform_scaffold|glm-5.2", "queue_rank": 345, "arm": "uniform_scaffold", "target_act": "telling", "ok": true, "error": ""}
{"request_id": "routing-v1|scaffolding-169|adaptive_router|glm-5.2", "queue_rank": 347, "arm": "adaptive_router", "target_act": "telling", "ok": true, "error": ""}
{"request_id": "routing-v1|scaffolding-240|uniform_scaffold|glm-5.2", "queue_rank": 349, "arm": "uniform_scaffold", "target_act": "probing", "ok": true, "error": ""}
{"request_id": "routing-v1|scaffolding-729|generic|glm-5.2", "queue_rank": 350, "arm": "generic", "target_act": "probing", "ok": true, "error": ""}
{"request_id": "routing-v1|scaffolding-56|oracle_action|glm-5.2", "queue_rank": 348, "arm": "oracle_action", "target_act": "telling", "ok": true, "error": ""}
{"request_id": "routing-v1|scaffolding-736|generic|glm-5.2", "queue_rank": 354, "arm": "generic", "target_act": "probing", "ok": true, "error": ""}
{"request_id": "routing-v1|scaffolding-137|oracle_action|glm-5.2", "queue_rank": 351, "arm": "oracle_action", "target_act": "probing", "ok": true, "error": ""}
{"request_id": "routing-v1|scaffolding-121|oracle_action|glm-5.2", "queue_rank": 357, "arm": "oracle_action", "target_act": "probing", "ok": true, "error": ""}
{"request_id": "routing-v1|scaffolding-756|oracle_action|glm-5.2", "queue_rank": 352, "arm": "oracle_action", "target_act": "telling", "ok": true, "error": ""}
{"request_id": "routing-v1|scaffolding-756|uniform_scaffold|glm-5.2", "queue_rank": 353, "arm": "uniform_scaffold", "target_act": "telling", "ok": true, "error": ""}
{"request_id": "routing-v1|scaffolding-47|adaptive_router|glm-5.2", "queue_rank": 355, "arm": "adaptive_router", "target_act": "telling", "ok": true, "error": ""}
{"request_id": "routing-v1|scaffolding-774|adaptive_router|glm-5.2", "queue_rank": 358, "arm": "adaptive_router", "target_act": "probing", "ok": true, "error": ""}
{"request_id": "routing-v1|scaffolding-623|uniform_scaffold|glm-5.2", "queue_rank": 359, "arm": "uniform_scaffold", "target_act": "probing", "ok": true, "error": ""}
{"request_id": "routing-v1|scaffolding-9|generic|glm-5.2", "queue_rank": 362, "arm": "generic", "target_act": "telling", "ok": true, "error": ""}
{"request_id": "routing-v1|scaffolding-1085|generic|glm-5.2", "queue_rank": 356, "arm": "generic", "target_act": "telling", "ok": true, "error": ""}
{"request_id": "routing-v1|scaffolding-123|uniform_scaffold|glm-5.2", "queue_rank": 366, "arm": "uniform_scaffold", "target_act": "telling", "ok": true, "error": ""}
{"request_id": "routing-v1|scaffolding-835|generic|glm-5.2", "queue_rank": 361, "arm": "generic", "target_act": "probing", "ok": true, "error": ""}
{"request_id": "routing-v1|scaffolding-57|oracle_action|glm-5.2", "queue_rank": 363, "arm": "oracle_action", "target_act": "telling", "ok": true, "error": ""}
{"request_id": "routing-v1|scaffolding-804|uniform_scaffold|glm-5.2", "queue_rank": 360, "arm": "uniform_scaffold", "target_act": "probing", "ok": true, "error": ""}
{"request_id": "routing-v1|scaffolding-491|generic|glm-5.2", "queue_rank": 368, "arm": "generic", "target_act": "probing", "ok": true, "error": ""}
{"request_id": "routing-v1|scaffolding-524|generic|glm-5.2", "queue_rank": 369, "arm": "generic", "target_act": "telling", "ok": true, "error": ""}
{"request_id": "routing-v1|scaffolding-9|adaptive_router|glm-5.2", "queue_rank": 367, "arm": "adaptive_router", "target_act": "telling", "ok": true, "error": ""}
{"request_id": "routing-v1|scaffolding-835|adaptive_router|glm-5.2", "queue_rank": 364, "arm": "adaptive_router", "target_act": "probing", "ok": true, "error": ""}
{"request_id": "routing-v1|scaffolding-324|uniform_scaffold|glm-5.2", "queue_rank": 372, "arm": "uniform_scaffold", "target_act": "telling", "ok": true, "error": ""}
{"request_id": "routing-v1|scaffolding-123|oracle_action|glm-5.2", "queue_rank": 371, "arm": "oracle_action", "target_act": "telling", "ok": true, "error": ""}
{"request_id": "routing-v1|scaffolding-251|oracle_action|glm-5.2", "queue_rank": 373, "arm": "oracle_action", "target_act": "probing", "ok": true, "error": ""}
{"request_id": "routing-v1|scaffolding-800|generic|glm-5.2", "queue_rank": 376, "arm": "generic", "target_act": "telling", "ok": true, "error": ""}
{"request_id": "routing-v1|scaffolding-835|oracle_action|glm-5.2", "queue_rank": 365, "arm": "oracle_action", "target_act": "probing", "ok": true, "error": ""}
{"request_id": "routing-v1|scaffolding-760|adaptive_router|glm-5.2", "queue_rank": 374, "arm": "adaptive_router", "target_act": "telling", "ok": true, "error": ""}
{"request_id": "routing-v1|scaffolding-974|uniform_scaffold|glm-5.2", "queue_rank": 378, "arm": "uniform_scaffold", "target_act": "telling", "ok": true, "error": ""}
{"request_id": "routing-v1|scaffolding-322|oracle_action|glm-5.2", "queue_rank": 377, "arm": "oracle_action", "target_act": "telling", "ok": true, "error": ""}
{"request_id": "routing-v1|scaffolding-577|adaptive_router|glm-5.2", "queue_rank": 380, "arm": "adaptive_router", "target_act": "probing", "ok": true, "error": ""}
{"request_id": "routing-v1|scaffolding-148|adaptive_router|glm-5.2", "queue_rank": 370, "arm": "adaptive_router", "target_act": "probing", "ok": true, "error": ""}
{"request_id": "routing-v1|scaffolding-453|generic|glm-5.2", "queue_rank": 379, "arm": "generic", "target_act": "probing", "ok": true, "error": ""}
{"request_id": "routing-v1|scaffolding-722|adaptive_router|glm-5.2", "queue_rank": 381, "arm": "adaptive_router", "target_act": "telling", "ok": true, "error": ""}
{"request_id": "routing-v1|scaffolding-715|oracle_action|glm-5.2", "queue_rank": 382, "arm": "oracle_action", "target_act": "probing", "ok": true, "error": ""}
{"request_id": "routing-v1|scaffolding-589|uniform_scaffold|glm-5.2", "queue_rank": 375, "arm": "uniform_scaffold", "target_act": "probing", "ok": true, "error": ""}
{"request_id": "routing-v1|scaffolding-266|uniform_scaffold|glm-5.2", "queue_rank": 383, "arm": "uniform_scaffold", "target_act": "probing", "ok": true, "error": ""}
{"request_id": "routing-v1|scaffolding-2|adaptive_router|glm-5.2", "queue_rank": 300, "arm": "adaptive_router", "target_act": "telling", "ok": true, "error": ""}
{"request_id": "routing-v1|scaffolding-968|generic|glm-5.2", "queue_rank": 124, "arm": "generic", "target_act": "telling", "ok": true, "error": ""}
{"request_id": "routing-v1|scaffolding-324|oracle_action|deepseek-v4-pro", "queue_rank": 5, "arm": "oracle_action", "target_act": "telling", "ok": true, "error": ""}
{"request_id": "routing-v1|scaffolding-623|generic|deepseek-v4-pro", "queue_rank": 2, "arm": "generic", "target_act": "probing", "ok": true, "error": ""}
{"request_id": "routing-v1|scaffolding-703|adaptive_router|deepseek-v4-pro", "queue_rank": 3, "arm": "adaptive_router", "target_act": "probing", "ok": true, "error": ""}
{"request_id": "routing-v1|scaffolding-7|generic|deepseek-v4-pro", "queue_rank": 0, "arm": "generic", "target_act": "telling", "ok": true, "error": ""}
{"request_id": "routing-v1|scaffolding-148|oracle_action|deepseek-v4-pro", "queue_rank": 4, "arm": "oracle_action", "target_act": "probing", "ok": true, "error": ""}
{"request_id": "routing-v1|scaffolding-974|uniform_scaffold|deepseek-v4-pro", "queue_rank": 6, "arm": "uniform_scaffold", "target_act": "telling", "ok": true, "error": ""}
{"request_id": "routing-v1|scaffolding-121|uniform_scaffold|deepseek-v4-pro", "queue_rank": 1, "arm": "uniform_scaffold", "target_act": "probing", "ok": true, "error": ""}
{"request_id": "routing-v1|scaffolding-55|generic|deepseek-v4-pro", "queue_rank": 8, "arm": "generic", "target_act": "telling", "ok": true, "error": ""}
{"request_id": "routing-v1|scaffolding-491|generic|deepseek-v4-pro", "queue_rank": 9, "arm": "generic", "target_act": "probing", "ok": true, "error": ""}
{"request_id": "routing-v1|scaffolding-729|oracle_action|deepseek-v4-pro", "queue_rank": 10, "arm": "oracle_action", "target_act": "probing", "ok": true, "error": ""}
{"request_id": "routing-v1|scaffolding-678|uniform_scaffold|deepseek-v4-pro", "queue_rank": 13, "arm": "uniform_scaffold", "target_act": "probing", "ok": true, "error": ""}
{"request_id": "routing-v1|scaffolding-698|adaptive_router|deepseek-v4-pro", "queue_rank": 7, "arm": "adaptive_router", "target_act": "telling", "ok": true, "error": ""}
{"request_id": "routing-v1|scaffolding-11|oracle_action|deepseek-v4-pro", "queue_rank": 15, "arm": "oracle_action", "target_act": "telling", "ok": true, "error": ""}
{"request_id": "routing-v1|scaffolding-322|adaptive_router|deepseek-v4-pro", "queue_rank": 12, "arm": "adaptive_router", "target_act": "telling", "ok": true, "error": ""}
{"request_id": "routing-v1|scaffolding-757|uniform_scaffold|deepseek-v4-pro", "queue_rank": 11, "arm": "uniform_scaffold", "target_act": "telling", "ok": true, "error": ""}
{"request_id": "routing-v1|scaffolding-793|adaptive_router|deepseek-v4-pro", "queue_rank": 16, "arm": "adaptive_router", "target_act": "telling", "ok": true, "error": ""}
{"request_id": "routing-v1|scaffolding-322|generic|deepseek-v4-pro", "queue_rank": 18, "arm": "generic", "target_act": "telling", "ok": true, "error": ""}
{"request_id": "routing-v1|scaffolding-721|uniform_scaffold|deepseek-v4-pro", "queue_rank": 22, "arm": "uniform_scaffold", "target_act": "telling", "ok": true, "error": ""}
{"request_id": "routing-v1|scaffolding-338|uniform_scaffold|deepseek-v4-pro", "queue_rank": 21, "arm": "uniform_scaffold", "target_act": "probing", "ok": true, "error": ""}
{"request_id": "routing-v1|scaffolding-610|adaptive_router|deepseek-v4-pro", "queue_rank": 19, "arm": "adaptive_router", "target_act": "probing", "ok": true, "error": ""}
{"request_id": "routing-v1|scaffolding-678|generic|deepseek-v4-pro", "queue_rank": 23, "arm": "generic", "target_act": "probing", "ok": true, "error": ""}
{"request_id": "routing-v1|scaffolding-453|adaptive_router|deepseek-v4-pro", "queue_rank": 14, "arm": "adaptive_router", "target_act": "probing", "ok": true, "error": ""}
{"request_id": "routing-v1|scaffolding-577|generic|deepseek-v4-pro", "queue_rank": 25, "arm": "generic", "target_act": "probing", "ok": true, "error": ""}
{"request_id": "routing-v1|scaffolding-774|oracle_action|deepseek-v4-pro", "queue_rank": 20, "arm": "oracle_action", "target_act": "probing", "ok": true, "error": ""}
{"request_id": "routing-v1|scaffolding-758|generic|deepseek-v4-pro", "queue_rank": 26, "arm": "generic", "target_act": "telling", "ok": true, "error": ""}
{"request_id": "routing-v1|scaffolding-124|uniform_scaffold|deepseek-v4-pro", "queue_rank": 24, "arm": "uniform_scaffold", "target_act": "probing", "ok": true, "error": ""}
{"request_id": "routing-v1|scaffolding-919|adaptive_router|deepseek-v4-pro", "queue_rank": 27, "arm": "adaptive_router", "target_act": "telling", "ok": true, "error": ""}
{"request_id": "routing-v1|scaffolding-47|oracle_action|deepseek-v4-pro", "queue_rank": 28, "arm": "oracle_action", "target_act": "telling", "ok": true, "error": ""}
{"request_id": "routing-v1|scaffolding-11|uniform_scaffold|deepseek-v4-pro", "queue_rank": 29, "arm": "uniform_scaffold", "target_act": "telling", "ok": true, "error": ""}
{"request_id": "routing-v1|scaffolding-755|adaptive_router|deepseek-v4-pro", "queue_rank": 32, "arm": "adaptive_router", "target_act": "telling", "ok": true, "error": ""}
{"request_id": "routing-v1|scaffolding-589|adaptive_router|deepseek-v4-pro", "queue_rank": 30, "arm": "adaptive_router", "target_act": "probing", "ok": true, "error": ""}
{"request_id": "routing-v1|scaffolding-879|oracle_action|deepseek-v4-pro", "queue_rank": 31, "arm": "oracle_action", "target_act": "probing", "ok": true, "error": ""}
{"request_id": "routing-v1|scaffolding-845|uniform_scaffold|deepseek-v4-pro", "queue_rank": 36, "arm": "uniform_scaffold", "target_act": "telling", "ok": true, "error": ""}
{"request_id": "routing-v1|scaffolding-11|generic|deepseek-v4-pro", "queue_rank": 39, "arm": "generic", "target_act": "telling", "ok": true, "error": ""}
{"request_id": "routing-v1|scaffolding-491|adaptive_router|deepseek-v4-pro", "queue_rank": 34, "arm": "adaptive_router", "target_act": "probing", "ok": true, "error": ""}
{"request_id": "routing-v1|scaffolding-2|oracle_action|deepseek-v4-pro", "queue_rank": 17, "arm": "oracle_action", "target_act": "telling", "ok": true, "error": ""}
{"request_id": "routing-v1|scaffolding-804|generic|deepseek-v4-pro", "queue_rank": 38, "arm": "generic", "target_act": "probing", "ok": true, "error": ""}
{"request_id": "routing-v1|scaffolding-835|uniform_scaffold|deepseek-v4-pro", "queue_rank": 35, "arm": "uniform_scaffold", "target_act": "probing", "ok": true, "error": ""}
{"request_id": "routing-v1|scaffolding-755|generic|deepseek-v4-pro", "queue_rank": 44, "arm": "generic", "target_act": "telling", "ok": true, "error": ""}
{"request_id": "routing-v1|scaffolding-500|oracle_action|deepseek-v4-pro", "queue_rank": 43, "arm": "oracle_action", "target_act": "telling", "ok": true, "error": ""}
{"request_id": "routing-v1|scaffolding-251|uniform_scaffold|deepseek-v4-pro", "queue_rank": 42, "arm": "uniform_scaffold", "target_act": "probing", "ok": true, "error": ""}
{"request_id": "routing-v1|scaffolding-59|uniform_scaffold|deepseek-v4-pro", "queue_rank": 41, "arm": "uniform_scaffold", "target_act": "telling", "ok": true, "error": ""}
{"request_id": "routing-v1|scaffolding-451|oracle_action|deepseek-v4-pro", "queue_rank": 37, "arm": "oracle_action", "target_act": "probing", "ok": true, "error": ""}
{"request_id": "routing-v1|scaffolding-124|generic|deepseek-v4-pro", "queue_rank": 40, "arm": "generic", "target_act": "probing", "ok": true, "error": ""}
{"request_id": "routing-v1|scaffolding-56|uniform_scaffold|deepseek-v4-pro", "queue_rank": 48, "arm": "uniform_scaffold", "target_act": "telling", "ok": true, "error": ""}
{"request_id": "routing-v1|scaffolding-674|oracle_action|deepseek-v4-pro", "queue_rank": 45, "arm": "oracle_action", "target_act": "probing", "ok": true, "error": ""}
{"request_id": "routing-v1|scaffolding-799|adaptive_router|deepseek-v4-pro", "queue_rank": 47, "arm": "adaptive_router", "target_act": "telling", "ok": true, "error": ""}
{"request_id": "routing-v1|scaffolding-619|adaptive_router|deepseek-v4-pro", "queue_rank": 46, "arm": "adaptive_router", "target_act": "probing", "ok": true, "error": ""}
{"request_id": "routing-v1|scaffolding-698|oracle_action|deepseek-v4-pro", "queue_rank": 33, "arm": "oracle_action", "target_act": "telling", "ok": true, "error": ""}
{"request_id": "routing-v1|scaffolding-577|uniform_scaffold|deepseek-v4-pro", "queue_rank": 54, "arm": "uniform_scaffold", "target_act": "probing", "ok": true, "error": ""}
{"request_id": "routing-v1|scaffolding-602|oracle_action|deepseek-v4-pro", "queue_rank": 49, "arm": "oracle_action", "target_act": "probing", "ok": true, "error": ""}
{"request_id": "routing-v1|scaffolding-729|adaptive_router|deepseek-v4-pro", "queue_rank": 51, "arm": "adaptive_router", "target_act": "probing", "ok": true, "error": ""}
{"request_id": "routing-v1|scaffolding-57|generic|deepseek-v4-pro", "queue_rank": 52, "arm": "generic", "target_act": "telling", "ok": true, "error": ""}
{"request_id": "routing-v1|scaffolding-177|adaptive_router|deepseek-v4-pro", "queue_rank": 53, "arm": "adaptive_router", "target_act": "telling", "ok": true, "error": ""}
{"request_id": "routing-v1|scaffolding-9|oracle_action|deepseek-v4-pro", "queue_rank": 55, "arm": "oracle_action", "target_act": "telling", "ok": true, "error": ""}
{"request_id": "routing-v1|scaffolding-47|uniform_scaffold|deepseek-v4-pro", "queue_rank": 57, "arm": "uniform_scaffold", "target_act": "telling", "ok": true, "error": ""}
{"request_id": "routing-v1|scaffolding-8|generic|deepseek-v4-pro", "queue_rank": 61, "arm": "generic", "target_act": "telling", "ok": true, "error": ""}
{"request_id": "routing-v1|scaffolding-266|generic|deepseek-v4-pro", "queue_rank": 60, "arm": "generic", "target_act": "probing", "ok": true, "error": ""}
{"request_id": "routing-v1|scaffolding-193|uniform_scaffold|deepseek-v4-pro", "queue_rank": 59, "arm": "uniform_scaffold", "target_act": "probing", "ok": true, "error": ""}
{"request_id": "routing-v1|scaffolding-157|adaptive_router|deepseek-v4-pro", "queue_rank": 56, "arm": "adaptive_router", "target_act": "probing", "ok": true, "error": ""}
{"request_id": "routing-v1|scaffolding-15|generic|deepseek-v4-pro", "queue_rank": 65, "arm": "generic", "target_act": "telling", "ok": true, "error": ""}
{"request_id": "routing-v1|scaffolding-251|oracle_action|deepseek-v4-pro", "queue_rank": 58, "arm": "oracle_action", "target_act": "probing", "ok": true, "error": ""}
{"request_id": "routing-v1|scaffolding-1085|uniform_scaffold|deepseek-v4-pro", "queue_rank": 67, "arm": "uniform_scaffold", "target_act": "telling", "ok": true, "error": ""}
{"request_id": "routing-v1|scaffolding-760|oracle_action|deepseek-v4-pro", "queue_rank": 63, "arm": "oracle_action", "target_act": "telling", "ok": true, "error": ""}
{"request_id": "routing-v1|scaffolding-59|adaptive_router|deepseek-v4-pro", "queue_rank": 62, "arm": "adaptive_router", "target_act": "telling", "ok": true, "error": ""}
{"request_id": "routing-v1|scaffolding-74|uniform_scaffold|deepseek-v4-pro", "queue_rank": 66, "arm": "uniform_scaffold", "target_act": "probing", "ok": true, "error": ""}
{"request_id": "routing-v1|scaffolding-722|uniform_scaffold|deepseek-v4-pro", "queue_rank": 73, "arm": "uniform_scaffold", "target_act": "telling", "ok": true, "error": ""}
{"request_id": "routing-v1|scaffolding-216|adaptive_router|deepseek-v4-pro", "queue_rank": 64, "arm": "adaptive_router", "target_act": "telling", "ok": true, "error": ""}
{"request_id": "routing-v1|scaffolding-448|generic|deepseek-v4-pro", "queue_rank": 68, "arm": "generic", "target_act": "probing", "ok": true, "error": ""}
{"request_id": "routing-v1|scaffolding-589|oracle_action|deepseek-v4-pro", "queue_rank": 70, "arm": "oracle_action", "target_act": "probing", "ok": true, "error": ""}
{"request_id": "routing-v1|scaffolding-60|oracle_action|deepseek-v4-pro", "queue_rank": 71, "arm": "oracle_action", "target_act": "telling", "ok": true, "error": ""}
{"request_id": "routing-v1|scaffolding-446|adaptive_router|deepseek-v4-pro", "queue_rank": 69, "arm": "adaptive_router", "target_act": "probing", "ok": true, "error": ""}
{"request_id": "routing-v1|scaffolding-774|generic|deepseek-v4-pro", "queue_rank": 74, "arm": "generic", "target_act": "probing", "ok": true, "error": ""}
{"request_id": "routing-v1|scaffolding-903|uniform_scaffold|deepseek-v4-pro", "queue_rank": 72, "arm": "uniform_scaffold", "target_act": "probing", "ok": true, "error": ""}
{"request_id": "routing-v1|scaffolding-324|generic|deepseek-v4-pro", "queue_rank": 75, "arm": "generic", "target_act": "telling", "ok": true, "error": ""}
{"request_id": "routing-v1|scaffolding-704|generic|deepseek-v4-pro", "queue_rank": 50, "arm": "generic", "target_act": "probing", "ok": true, "error": ""}
{"request_id": "routing-v1|scaffolding-240|oracle_action|deepseek-v4-pro", "queue_rank": 76, "arm": "oracle_action", "target_act": "probing", "ok": true, "error": ""}
{"request_id": "routing-v1|scaffolding-55|oracle_action|deepseek-v4-pro", "queue_rank": 79, "arm": "oracle_action", "target_act": "telling", "ok": true, "error": ""}
{"request_id": "routing-v1|scaffolding-909|adaptive_router|deepseek-v4-pro", "queue_rank": 77, "arm": "adaptive_router", "target_act": "telling", "ok": true, "error": ""}
{"request_id": "routing-v1|scaffolding-491|oracle_action|deepseek-v4-pro", "queue_rank": 82, "arm": "oracle_action", "target_act": "probing", "ok": true, "error": ""}
{"request_id": "routing-v1|scaffolding-121|adaptive_router|deepseek-v4-pro", "queue_rank": 78, "arm": "adaptive_router", "target_act": "probing", "ok": true, "error": ""}
{"request_id": "routing-v1|scaffolding-47|adaptive_router|deepseek-v4-pro", "queue_rank": 84, "arm": "adaptive_router", "target_act": "telling", "ok": true, "error": ""}
{"request_id": "routing-v1|scaffolding-835|adaptive_router|deepseek-v4-pro", "queue_rank": 80, "arm": "adaptive_router", "target_act": "probing", "ok": true, "error": ""}
{"request_id": "routing-v1|scaffolding-953|uniform_scaffold|deepseek-v4-pro", "queue_rank": 86, "arm": "uniform_scaffold", "target_act": "probing", "ok": true, "error": ""}
{"request_id": "routing-v1|scaffolding-919|oracle_action|deepseek-v4-pro", "queue_rank": 85, "arm": "oracle_action", "target_act": "telling", "ok": true, "error": ""}
{"request_id": "routing-v1|scaffolding-338|generic|deepseek-v4-pro", "queue_rank": 89, "arm": "generic", "target_act": "probing", "ok": true, "error": ""}
{"request_id": "routing-v1|scaffolding-176|oracle_action|deepseek-v4-pro", "queue_rank": 88, "arm": "oracle_action", "target_act": "telling", "ok": true, "error": ""}
{"request_id": "routing-v1|scaffolding-477|generic|deepseek-v4-pro", "queue_rank": 83, "arm": "generic", "target_act": "probing", "ok": true, "error": ""}
{"request_id": "routing-v1|scaffolding-758|uniform_scaffold|deepseek-v4-pro", "queue_rank": 87, "arm": "uniform_scaffold", "target_act": "telling", "ok": true, "error": ""}
{"request_id": "routing-v1|scaffolding-800|generic|deepseek-v4-pro", "queue_rank": 92, "arm": "generic", "target_act": "telling", "ok": true, "error": ""}
{"request_id": "routing-v1|scaffolding-2|generic|deepseek-v4-pro", "queue_rank": 81, "arm": "generic", "target_act": "telling", "ok": true, "error": ""}
{"request_id": "routing-v1|scaffolding-719|adaptive_router|deepseek-v4-pro", "queue_rank": 90, "arm": "adaptive_router", "target_act": "telling", "ok": true, "error": ""}
{"request_id": "routing-v1|scaffolding-610|uniform_scaffold|deepseek-v4-pro", "queue_rank": 94, "arm": "uniform_scaffold", "target_act": "probing", "ok": true, "error": ""}
{"request_id": "routing-v1|scaffolding-55|uniform_scaffold|deepseek-v4-pro", "queue_rank": 93, "arm": "uniform_scaffold", "target_act": "telling", "ok": true, "error": ""}
{"request_id": "routing-v1|scaffolding-780|oracle_action|deepseek-v4-pro", "queue_rank": 95, "arm": "oracle_action", "target_act": "probing", "ok": true, "error": ""}
{"request_id": "routing-v1|scaffolding-919|uniform_scaffold|deepseek-v4-pro", "queue_rank": 97, "arm": "uniform_scaffold", "target_act": "telling", "ok": true, "error": ""}
{"request_id": "routing-v1|scaffolding-757|oracle_action|deepseek-v4-pro", "queue_rank": 100, "arm": "oracle_action", "target_act": "telling", "ok": true, "error": ""}
{"request_id": "routing-v1|scaffolding-121|oracle_action|deepseek-v4-pro", "queue_rank": 98, "arm": "oracle_action", "target_act": "probing", "ok": true, "error": ""}
{"request_id": "routing-v1|scaffolding-196|uniform_scaffold|deepseek-v4-pro", "queue_rank": 103, "arm": "uniform_scaffold", "target_act": "probing", "ok": true, "error": ""}
{"request_id": "routing-v1|scaffolding-60|adaptive_router|deepseek-v4-pro", "queue_rank": 102, "arm": "adaptive_router", "target_act": "telling", "ok": true, "error": ""}
{"request_id": "routing-v1|scaffolding-453|generic|deepseek-v4-pro", "queue_rank": 101, "arm": "generic", "target_act": "probing", "ok": true, "error": ""}
{"request_id": "routing-v1|scaffolding-998|uniform_scaffold|deepseek-v4-pro", "queue_rank": 105, "arm": "uniform_scaffold", "target_act": "telling", "ok": true, "error": ""}
{"request_id": "routing-v1|scaffolding-704|adaptive_router|deepseek-v4-pro", "queue_rank": 91, "arm": "adaptive_router", "target_act": "probing", "ok": true, "error": ""}
{"request_id": "routing-v1|scaffolding-8|oracle_action|deepseek-v4-pro", "queue_rank": 107, "arm": "oracle_action", "target_act": "telling", "ok": true, "error": ""}
{"request_id": "routing-v1|scaffolding-477|adaptive_router|deepseek-v4-pro", "queue_rank": 96, "arm": "adaptive_router", "target_act": "probing", "ok": true, "error": ""}
{"request_id": "routing-v1|scaffolding-446|generic|deepseek-v4-pro", "queue_rank": 110, "arm": "generic", "target_act": "probing", "ok": true, "error": ""}
{"request_id": "routing-v1|scaffolding-769|oracle_action|deepseek-v4-pro", "queue_rank": 106, "arm": "oracle_action", "target_act": "probing", "ok": true, "error": ""}
{"request_id": "routing-v1|scaffolding-757|generic|deepseek-v4-pro", "queue_rank": 99, "arm": "generic", "target_act": "telling", "ok": true, "error": ""}
{"request_id": "routing-v1|scaffolding-919|generic|deepseek-v4-pro", "queue_rank": 109, "arm": "generic", "target_act": "telling", "ok": true, "error": ""}
{"request_id": "routing-v1|scaffolding-451|uniform_scaffold|deepseek-v4-pro", "queue_rank": 104, "arm": "uniform_scaffold", "target_act": "probing", "ok": true, "error": ""}
{"request_id": "routing-v1|scaffolding-524|adaptive_router|deepseek-v4-pro", "queue_rank": 108, "arm": "adaptive_router", "target_act": "telling", "ok": true, "error": ""}
{"request_id": "routing-v1|scaffolding-953|adaptive_router|deepseek-v4-pro", "queue_rank": 111, "arm": "adaptive_router", "target_act": "probing", "ok": true, "error": ""}
{"request_id": "routing-v1|scaffolding-879|uniform_scaffold|deepseek-v4-pro", "queue_rank": 113, "arm": "uniform_scaffold", "target_act": "probing", "ok": true, "error": ""}
{"request_id": "routing-v1|scaffolding-686|generic|deepseek-v4-pro", "queue_rank": 118, "arm": "generic", "target_act": "telling", "ok": true, "error": ""}
{"request_id": "routing-v1|scaffolding-909|uniform_scaffold|deepseek-v4-pro", "queue_rank": 116, "arm": "uniform_scaffold", "target_act": "telling", "ok": true, "error": ""}
{"request_id": "routing-v1|scaffolding-953|generic|deepseek-v4-pro", "queue_rank": 112, "arm": "generic", "target_act": "probing", "ok": true, "error": ""}
{"request_id": "routing-v1|scaffolding-196|adaptive_router|deepseek-v4-pro", "queue_rank": 115, "arm": "adaptive_router", "target_act": "probing", "ok": true, "error": ""}
{"request_id": "routing-v1|scaffolding-324|adaptive_router|deepseek-v4-pro", "queue_rank": 117, "arm": "adaptive_router", "target_act": "telling", "ok": true, "error": ""}
{"request_id": "routing-v1|scaffolding-266|adaptive_router|deepseek-v4-pro", "queue_rank": 120, "arm": "adaptive_router", "target_act": "probing", "ok": true, "error": ""}
{"request_id": "routing-v1|scaffolding-793|oracle_action|deepseek-v4-pro", "queue_rank": 119, "arm": "oracle_action", "target_act": "telling", "ok": true, "error": ""}
{"request_id": "routing-v1|scaffolding-769|uniform_scaffold|deepseek-v4-pro", "queue_rank": 123, "arm": "uniform_scaffold", "target_act": "probing", "ok": true, "error": ""}
{"request_id": "routing-v1|scaffolding-801|adaptive_router|deepseek-v4-pro", "queue_rank": 122, "arm": "adaptive_router", "target_act": "telling", "ok": true, "error": ""}
{"request_id": "routing-v1|scaffolding-99|generic|deepseek-v4-pro", "queue_rank": 124, "arm": "generic", "target_act": "telling", "ok": true, "error": ""}
{"request_id": "routing-v1|scaffolding-756|oracle_action|deepseek-v4-pro", "queue_rank": 125, "arm": "oracle_action", "target_act": "telling", "ok": true, "error": ""}
{"request_id": "routing-v1|scaffolding-703|generic|deepseek-v4-pro", "queue_rank": 126, "arm": "generic", "target_act": "probing", "ok": true, "error": ""}
{"request_id": "routing-v1|scaffolding-804|oracle_action|deepseek-v4-pro", "queue_rank": 114, "arm": "oracle_action", "target_act": "probing", "ok": true, "error": ""}
{"request_id": "routing-v1|scaffolding-1085|generic|deepseek-v4-pro", "queue_rank": 129, "arm": "generic", "target_act": "telling", "ok": true, "error": ""}
{"request_id": "routing-v1|scaffolding-2|uniform_scaffold|deepseek-v4-pro", "queue_rank": 121, "arm": "uniform_scaffold", "target_act": "telling", "ok": true, "error": ""}
{"request_id": "routing-v1|scaffolding-703|uniform_scaffold|deepseek-v4-pro", "queue_rank": 132, "arm": "uniform_scaffold", "target_act": "probing", "ok": true, "error": ""}
{"request_id": "routing-v1|scaffolding-307|oracle_action|deepseek-v4-pro", "queue_rank": 127, "arm": "oracle_action", "target_act": "probing", "ok": true, "error": ""}
{"request_id": "routing-v1|scaffolding-74|generic|deepseek-v4-pro", "queue_rank": 133, "arm": "generic", "target_act": "probing", "ok": true, "error": ""}
{"request_id": "routing-v1|scaffolding-446|oracle_action|deepseek-v4-pro", "queue_rank": 131, "arm": "oracle_action", "target_act": "probing", "ok": true, "error": ""}
{"request_id": "routing-v1|scaffolding-8|adaptive_router|deepseek-v4-pro", "queue_rank": 128, "arm": "adaptive_router", "target_act": "telling", "ok": true, "error": ""}
{"request_id": "routing-v1|scaffolding-769|adaptive_router|deepseek-v4-pro", "queue_rank": 136, "arm": "adaptive_router", "target_act": "probing", "ok": true, "error": ""}
{"request_id": "routing-v1|scaffolding-736|oracle_action|deepseek-v4-pro", "queue_rank": 140, "arm": "oracle_action", "target_act": "probing", "ok": true, "error": ""}
{"request_id": "routing-v1|scaffolding-845|oracle_action|deepseek-v4-pro", "queue_rank": 137, "arm": "oracle_action", "target_act": "telling", "ok": true, "error": ""}
{"request_id": "routing-v1|scaffolding-268|adaptive_router|deepseek-v4-pro", "queue_rank": 135, "arm": "adaptive_router", "target_act": "probing", "ok": true, "error": ""}
{"request_id": "routing-v1|scaffolding-268|uniform_scaffold|deepseek-v4-pro", "queue_rank": 142, "arm": "uniform_scaffold", "target_act": "probing", "ok": true, "error": ""}
{"request_id": "routing-v1|scaffolding-757|adaptive_router|deepseek-v4-pro", "queue_rank": 139, "arm": "adaptive_router", "target_act": "telling", "ok": true, "error": ""}
{"request_id": "routing-v1|scaffolding-7|uniform_scaffold|deepseek-v4-pro", "queue_rank": 138, "arm": "uniform_scaffold", "target_act": "telling", "ok": true, "error": ""}
{"request_id": "routing-v1|scaffolding-968|generic|deepseek-v4-pro", "queue_rank": 141, "arm": "generic", "target_act": "telling", "ok": true, "error": ""}
{"request_id": "routing-v1|scaffolding-307|generic|deepseek-v4-pro", "queue_rank": 143, "arm": "generic", "target_act": "probing", "ok": true, "error": ""}
{"request_id": "routing-v1|scaffolding-793|generic|deepseek-v4-pro", "queue_rank": 146, "arm": "generic", "target_act": "telling", "ok": true, "error": ""}
{"request_id": "routing-v1|scaffolding-177|oracle_action|deepseek-v4-pro", "queue_rank": 148, "arm": "oracle_action", "target_act": "telling", "ok": true, "error": ""}
{"request_id": "routing-v1|scaffolding-148|adaptive_router|deepseek-v4-pro", "queue_rank": 145, "arm": "adaptive_router", "target_act": "probing", "ok": true, "error": ""}
{"request_id": "routing-v1|scaffolding-722|oracle_action|deepseek-v4-pro", "queue_rank": 130, "arm": "oracle_action", "target_act": "telling", "ok": true, "error": ""}
{"request_id": "routing-v1|scaffolding-363|generic|deepseek-v4-pro", "queue_rank": 147, "arm": "generic", "target_act": "probing", "ok": true, "error": ""}
{"request_id": "routing-v1|scaffolding-577|oracle_action|deepseek-v4-pro", "queue_rank": 149, "arm": "oracle_action", "target_act": "probing", "ok": true, "error": ""}
{"request_id": "routing-v1|scaffolding-974|adaptive_router|deepseek-v4-pro", "queue_rank": 150, "arm": "adaptive_router", "target_act": "telling", "ok": true, "error": ""}
{"request_id": "routing-v1|scaffolding-240|generic|deepseek-v4-pro", "queue_rank": 152, "arm": "generic", "target_act": "probing", "ok": true, "error": ""}
{"request_id": "routing-v1|scaffolding-804|adaptive_router|deepseek-v4-pro", "queue_rank": 153, "arm": "adaptive_router", "target_act": "probing", "ok": true, "error": ""}
{"request_id": "routing-v1|scaffolding-363|uniform_scaffold|deepseek-v4-pro", "queue_rank": 154, "arm": "uniform_scaffold", "target_act": "probing", "ok": true, "error": ""}
{"request_id": "routing-v1|scaffolding-74|oracle_action|deepseek-v4-pro", "queue_rank": 156, "arm": "oracle_action", "target_act": "probing", "ok": true, "error": ""}
{"request_id": "routing-v1|scaffolding-804|uniform_scaffold|deepseek-v4-pro", "queue_rank": 151, "arm": "uniform_scaffold", "target_act": "probing", "ok": true, "error": ""}
{"request_id": "routing-v1|scaffolding-698|generic|deepseek-v4-pro", "queue_rank": 158, "arm": "generic", "target_act": "telling", "ok": true, "error": ""}
{"request_id": "routing-v1|scaffolding-57|oracle_action|deepseek-v4-pro", "queue_rank": 157, "arm": "oracle_action", "target_act": "telling", "ok": true, "error": ""}
{"request_id": "routing-v1|scaffolding-749|adaptive_router|deepseek-v4-pro", "queue_rank": 160, "arm": "adaptive_router", "target_act": "probing", "ok": true, "error": ""}
{"request_id": "routing-v1|scaffolding-640|oracle_action|deepseek-v4-pro", "queue_rank": 161, "arm": "oracle_action", "target_act": "telling", "ok": true, "error": ""}
{"request_id": "routing-v1|scaffolding-2|adaptive_router|deepseek-v4-pro", "queue_rank": 155, "arm": "adaptive_router", "target_act": "telling", "ok": true, "error": ""}
{"request_id": "routing-v1|scaffolding-801|uniform_scaffold|deepseek-v4-pro", "queue_rank": 159, "arm": "uniform_scaffold", "target_act": "telling", "ok": true, "error": ""}
{"request_id": "routing-v1|scaffolding-968|adaptive_router|deepseek-v4-pro", "queue_rank": 162, "arm": "adaptive_router", "target_act": "telling", "ok": true, "error": ""}
{"request_id": "routing-v1|scaffolding-240|uniform_scaffold|deepseek-v4-pro", "queue_rank": 164, "arm": "uniform_scaffold", "target_act": "probing", "ok": true, "error": ""}
{"request_id": "routing-v1|scaffolding-15|uniform_scaffold|deepseek-v4-pro", "queue_rank": 166, "arm": "uniform_scaffold", "target_act": "telling", "ok": true, "error": ""}
{"request_id": "routing-v1|scaffolding-756|uniform_scaffold|deepseek-v4-pro", "queue_rank": 144, "arm": "uniform_scaffold", "target_act": "telling", "ok": true, "error": ""}
{"request_id": "routing-v1|scaffolding-9|generic|deepseek-v4-pro", "queue_rank": 163, "arm": "generic", "target_act": "telling", "ok": true, "error": ""}
{"request_id": "routing-v1|scaffolding-137|oracle_action|deepseek-v4-pro", "queue_rank": 165, "arm": "oracle_action", "target_act": "probing", "ok": true, "error": ""}
{"request_id": "routing-v1|scaffolding-338|adaptive_router|deepseek-v4-pro", "queue_rank": 168, "arm": "adaptive_router", "target_act": "probing", "ok": true, "error": ""}
{"request_id": "routing-v1|scaffolding-268|generic|deepseek-v4-pro", "queue_rank": 167, "arm": "generic", "target_act": "probing", "ok": true, "error": ""}
{"request_id": "routing-v1|scaffolding-602|uniform_scaffold|deepseek-v4-pro", "queue_rank": 169, "arm": "uniform_scaffold", "target_act": "probing", "ok": true, "error": ""}
{"request_id": "routing-v1|scaffolding-15|adaptive_router|deepseek-v4-pro", "queue_rank": 172, "arm": "adaptive_router", "target_act": "telling", "ok": true, "error": ""}
{"request_id": "routing-v1|scaffolding-678|oracle_action|deepseek-v4-pro", "queue_rank": 171, "arm": "oracle_action", "target_act": "probing", "ok": true, "error": ""}
{"request_id": "routing-v1|scaffolding-800|oracle_action|deepseek-v4-pro", "queue_rank": 173, "arm": "oracle_action", "target_act": "telling", "ok": true, "error": ""}
{"request_id": "routing-v1|scaffolding-760|uniform_scaffold|deepseek-v4-pro", "queue_rank": 170, "arm": "uniform_scaffold", "target_act": "telling", "ok": true, "error": ""}
{"request_id": "routing-v1|scaffolding-589|generic|deepseek-v4-pro", "queue_rank": 174, "arm": "generic", "target_act": "probing", "ok": true, "error": ""}
{"request_id": "routing-v1|scaffolding-59|generic|deepseek-v4-pro", "queue_rank": 175, "arm": "generic", "target_act": "telling", "ok": true, "error": ""}
{"request_id": "routing-v1|scaffolding-915|adaptive_router|deepseek-v4-pro", "queue_rank": 180, "arm": "adaptive_router", "target_act": "telling", "ok": true, "error": ""}
{"request_id": "routing-v1|scaffolding-448|adaptive_router|deepseek-v4-pro", "queue_rank": 182, "arm": "adaptive_router", "target_act": "probing", "ok": true, "error": ""}
{"request_id": "routing-v1|scaffolding-760|generic|deepseek-v4-pro", "queue_rank": 178, "arm": "generic", "target_act": "telling", "ok": true, "error": ""}
{"request_id": "routing-v1|scaffolding-800|uniform_scaffold|deepseek-v4-pro", "queue_rank": 181, "arm": "uniform_scaffold", "target_act": "telling", "ok": true, "error": ""}
{"request_id": "routing-v1|scaffolding-193|oracle_action|deepseek-v4-pro", "queue_rank": 177, "arm": "oracle_action", "target_act": "probing", "ok": true, "error": ""}
{"request_id": "routing-v1|scaffolding-477|uniform_scaffold|deepseek-v4-pro", "queue_rank": 179, "arm": "uniform_scaffold", "target_act": "probing", "ok": true, "error": ""}
{"request_id": "routing-v1|scaffolding-715|adaptive_router|deepseek-v4-pro", "queue_rank": 184, "arm": "adaptive_router", "target_act": "probing", "ok": true, "error": ""}
{"request_id": "routing-v1|scaffolding-169|oracle_action|deepseek-v4-pro", "queue_rank": 183, "arm": "oracle_action", "target_act": "telling", "ok": true, "error": ""}
{"request_id": "routing-v1|scaffolding-921|uniform_scaffold|deepseek-v4-pro", "queue_rank": 189, "arm": "uniform_scaffold", "target_act": "telling", "ok": true, "error": ""}
{"request_id": "routing-v1|scaffolding-7|adaptive_router|deepseek-v4-pro", "queue_rank": 185, "arm": "adaptive_router", "target_act": "telling", "ok": true, "error": ""}
{"request_id": "routing-v1|scaffolding-232|uniform_scaffold|deepseek-v4-pro", "queue_rank": 190, "arm": "uniform_scaffold", "target_act": "probing", "ok": true, "error": ""}
{"request_id": "routing-v1|scaffolding-799|oracle_action|deepseek-v4-pro", "queue_rank": 186, "arm": "oracle_action", "target_act": "telling", "ok": true, "error": ""}
{"request_id": "routing-v1|scaffolding-453|oracle_action|deepseek-v4-pro", "queue_rank": 187, "arm": "oracle_action", "target_act": "probing", "ok": true, "error": ""}
{"request_id": "routing-v1|scaffolding-148|uniform_scaffold|deepseek-v4-pro", "queue_rank": 193, "arm": "uniform_scaffold", "target_act": "probing", "ok": true, "error": ""}
{"request_id": "routing-v1|scaffolding-451|generic|deepseek-v4-pro", "queue_rank": 176, "arm": "generic", "target_act": "probing", "ok": true, "error": ""}
{"request_id": "routing-v1|scaffolding-801|generic|deepseek-v4-pro", "queue_rank": 191, "arm": "generic", "target_act": "telling", "ok": true, "error": ""}
{"request_id": "routing-v1|scaffolding-903|generic|deepseek-v4-pro", "queue_rank": 188, "arm": "generic", "target_act": "probing", "ok": true, "error": ""}
{"request_id": "routing-v1|scaffolding-448|oracle_action|deepseek-v4-pro", "queue_rank": 192, "arm": "oracle_action", "target_act": "probing", "ok": true, "error": ""}
{"request_id": "routing-v1|scaffolding-998|adaptive_router|deepseek-v4-pro", "queue_rank": 195, "arm": "adaptive_router", "target_act": "telling", "ok": true, "error": ""}
{"request_id": "routing-v1|scaffolding-915|generic|deepseek-v4-pro", "queue_rank": 198, "arm": "generic", "target_act": "telling", "ok": true, "error": ""}
{"request_id": "routing-v1|scaffolding-524|oracle_action|deepseek-v4-pro", "queue_rank": 194, "arm": "oracle_action", "target_act": "telling", "ok": true, "error": ""}
{"request_id": "routing-v1|scaffolding-146|generic|deepseek-v4-pro", "queue_rank": 196, "arm": "generic", "target_act": "probing", "ok": true, "error": ""}
{"request_id": "routing-v1|scaffolding-749|generic|deepseek-v4-pro", "queue_rank": 200, "arm": "generic", "target_act": "probing", "ok": true, "error": ""}
{"request_id": "routing-v1|scaffolding-9|uniform_scaffold|deepseek-v4-pro", "queue_rank": 199, "arm": "uniform_scaffold", "target_act": "telling", "ok": true, "error": ""}
{"request_id": "routing-v1|scaffolding-240|adaptive_router|deepseek-v4-pro", "queue_rank": 197, "arm": "adaptive_router", "target_act": "probing", "ok": true, "error": ""}
{"request_id": "routing-v1|scaffolding-845|adaptive_router|deepseek-v4-pro", "queue_rank": 202, "arm": "adaptive_router", "target_act": "telling", "ok": true, "error": ""}
{"request_id": "routing-v1|scaffolding-736|uniform_scaffold|deepseek-v4-pro", "queue_rank": 205, "arm": "uniform_scaffold", "target_act": "probing", "ok": true, "error": ""}
{"request_id": "routing-v1|scaffolding-678|adaptive_router|deepseek-v4-pro", "queue_rank": 206, "arm": "adaptive_router", "target_act": "probing", "ok": true, "error": ""}
{"request_id": "routing-v1|scaffolding-845|generic|deepseek-v4-pro", "queue_rank": 204, "arm": "generic", "target_act": "telling", "ok": true, "error": ""}
{"request_id": "routing-v1|scaffolding-715|oracle_action|deepseek-v4-pro", "queue_rank": 203, "arm": "oracle_action", "target_act": "probing", "ok": true, "error": ""}
{"request_id": "routing-v1|scaffolding-524|uniform_scaffold|deepseek-v4-pro", "queue_rank": 201, "arm": "uniform_scaffold", "target_act": "telling", "ok": true, "error": ""}
{"request_id": "routing-v1|scaffolding-974|oracle_action|deepseek-v4-pro", "queue_rank": 207, "arm": "oracle_action", "target_act": "telling", "ok": true, "error": ""}
{"request_id": "routing-v1|scaffolding-11|adaptive_router|deepseek-v4-pro", "queue_rank": 208, "arm": "adaptive_router", "target_act": "telling", "ok": true, "error": ""}
{"request_id": "routing-v1|scaffolding-780|adaptive_router|deepseek-v4-pro", "queue_rank": 210, "arm": "adaptive_router", "target_act": "probing", "ok": true, "error": ""}
{"request_id": "routing-v1|scaffolding-909|generic|deepseek-v4-pro", "queue_rank": 215, "arm": "generic", "target_act": "telling", "ok": true, "error": ""}
{"request_id": "routing-v1|scaffolding-157|uniform_scaffold|deepseek-v4-pro", "queue_rank": 209, "arm": "uniform_scaffold", "target_act": "probing", "ok": true, "error": ""}
{"request_id": "routing-v1|scaffolding-8|uniform_scaffold|deepseek-v4-pro", "queue_rank": 214, "arm": "uniform_scaffold", "target_act": "telling", "ok": true, "error": ""}
{"request_id": "routing-v1|scaffolding-232|generic|deepseek-v4-pro", "queue_rank": 212, "arm": "generic", "target_act": "probing", "ok": true, "error": ""}
{"request_id": "routing-v1|scaffolding-124|oracle_action|deepseek-v4-pro", "queue_rank": 213, "arm": "oracle_action", "target_act": "probing", "ok": true, "error": ""}
{"request_id": "routing-v1|scaffolding-446|uniform_scaffold|deepseek-v4-pro", "queue_rank": 216, "arm": "uniform_scaffold", "target_act": "probing", "ok": true, "error": ""}
{"request_id": "routing-v1|scaffolding-719|oracle_action|deepseek-v4-pro", "queue_rank": 211, "arm": "oracle_action", "target_act": "telling", "ok": true, "error": ""}
{"request_id": "routing-v1|scaffolding-59|oracle_action|deepseek-v4-pro", "queue_rank": 217, "arm": "oracle_action", "target_act": "telling", "ok": true, "error": ""}
{"request_id": "routing-v1|scaffolding-121|generic|deepseek-v4-pro", "queue_rank": 221, "arm": "generic", "target_act": "probing", "ok": true, "error": ""}
{"request_id": "routing-v1|scaffolding-176|generic|deepseek-v4-pro", "queue_rank": 222, "arm": "generic", "target_act": "telling", "ok": true, "error": ""}
{"request_id": "routing-v1|scaffolding-703|oracle_action|deepseek-v4-pro", "queue_rank": 219, "arm": "oracle_action", "target_act": "probing", "ok": true, "error": ""}
{"request_id": "routing-v1|scaffolding-74|adaptive_router|deepseek-v4-pro", "queue_rank": 218, "arm": "adaptive_router", "target_act": "probing", "ok": true, "error": ""}
{"request_id": "routing-v1|scaffolding-991|generic|deepseek-v4-pro", "queue_rank": 225, "arm": "generic", "target_act": "probing", "ok": true, "error": ""}
{"request_id": "routing-v1|scaffolding-56|adaptive_router|deepseek-v4-pro", "queue_rank": 224, "arm": "adaptive_router", "target_act": "telling", "ok": true, "error": ""}
{"request_id": "routing-v1|scaffolding-799|uniform_scaffold|deepseek-v4-pro", "queue_rank": 223, "arm": "uniform_scaffold", "target_act": "telling", "ok": true, "error": ""}
{"request_id": "routing-v1|scaffolding-921|adaptive_router|deepseek-v4-pro", "queue_rank": 220, "arm": "adaptive_router", "target_act": "telling", "ok": true, "error": ""}
{"request_id": "routing-v1|scaffolding-755|oracle_action|deepseek-v4-pro", "queue_rank": 228, "arm": "oracle_action", "target_act": "telling", "ok": true, "error": ""}
{"request_id": "routing-v1|scaffolding-974|generic|deepseek-v4-pro", "queue_rank": 231, "arm": "generic", "target_act": "telling", "ok": true, "error": ""}
{"request_id": "routing-v1|scaffolding-998|oracle_action|deepseek-v4-pro", "queue_rank": 232, "arm": "oracle_action", "target_act": "telling", "ok": true, "error": ""}
{"request_id": "routing-v1|scaffolding-793|uniform_scaffold|deepseek-v4-pro", "queue_rank": 227, "arm": "uniform_scaffold", "target_act": "telling", "ok": true, "error": ""}
{"request_id": "routing-v1|scaffolding-749|uniform_scaffold|deepseek-v4-pro", "queue_rank": 226, "arm": "uniform_scaffold", "target_act": "probing", "ok": true, "error": ""}
{"request_id": "routing-v1|scaffolding-921|generic|deepseek-v4-pro", "queue_rank": 235, "arm": "generic", "target_act": "telling", "ok": true, "error": ""}
{"request_id": "routing-v1|scaffolding-623|uniform_scaffold|deepseek-v4-pro", "queue_rank": 234, "arm": "uniform_scaffold", "target_act": "probing", "ok": true, "error": ""}
{"request_id": "routing-v1|scaffolding-55|adaptive_router|deepseek-v4-pro", "queue_rank": 238, "arm": "adaptive_router", "target_act": "telling", "ok": true, "error": ""}
{"request_id": "routing-v1|scaffolding-623|adaptive_router|deepseek-v4-pro", "queue_rank": 233, "arm": "adaptive_router", "target_act": "probing", "ok": true, "error": ""}
{"request_id": "routing-v1|scaffolding-193|adaptive_router|deepseek-v4-pro", "queue_rank": 230, "arm": "adaptive_router", "target_act": "probing", "ok": true, "error": ""}
{"request_id": "routing-v1|scaffolding-619|generic|deepseek-v4-pro", "queue_rank": 239, "arm": "generic", "target_act": "probing", "ok": true, "error": ""}
{"request_id": "routing-v1|scaffolding-309|oracle_action|deepseek-v4-pro", "queue_rank": 229, "arm": "oracle_action", "target_act": "probing", "ok": true, "error": ""}
{"request_id": "routing-v1|scaffolding-216|uniform_scaffold|deepseek-v4-pro", "queue_rank": 236, "arm": "uniform_scaffold", "target_act": "telling", "ok": true, "error": ""}
{"request_id": "routing-v1|scaffolding-524|generic|deepseek-v4-pro", "queue_rank": 241, "arm": "generic", "target_act": "telling", "ok": true, "error": ""}
{"request_id": "routing-v1|scaffolding-686|uniform_scaffold|deepseek-v4-pro", "queue_rank": 245, "arm": "uniform_scaffold", "target_act": "telling", "ok": true, "error": ""}
{"request_id": "routing-v1|scaffolding-749|oracle_action|deepseek-v4-pro", "queue_rank": 237, "arm": "oracle_action", "target_act": "probing", "ok": true, "error": ""}
{"request_id": "routing-v1|scaffolding-477|oracle_action|deepseek-v4-pro", "queue_rank": 242, "arm": "oracle_action", "target_act": "probing", "ok": true, "error": ""}
{"request_id": "routing-v1|scaffolding-481|adaptive_router|deepseek-v4-pro", "queue_rank": 240, "arm": "adaptive_router", "target_act": "probing", "ok": true, "error": ""}
{"request_id": "routing-v1|scaffolding-500|adaptive_router|deepseek-v4-pro", "queue_rank": 243, "arm": "adaptive_router", "target_act": "telling", "ok": true, "error": ""}
{"request_id": "routing-v1|scaffolding-12|oracle_action|deepseek-v4-pro", "queue_rank": 246, "arm": "oracle_action", "target_act": "telling", "ok": true, "error": ""}
{"request_id": "routing-v1|scaffolding-915|uniform_scaffold|deepseek-v4-pro", "queue_rank": 250, "arm": "uniform_scaffold", "target_act": "telling", "ok": true, "error": ""}
{"request_id": "routing-v1|scaffolding-610|generic|deepseek-v4-pro", "queue_rank": 249, "arm": "generic", "target_act": "probing", "ok": true, "error": ""}
{"request_id": "routing-v1|scaffolding-968|uniform_scaffold|deepseek-v4-pro", "queue_rank": 134, "arm": "uniform_scaffold", "target_act": "telling", "ok": true, "error": ""}
{"request_id": "routing-v1|scaffolding-1085|oracle_action|deepseek-v4-pro", "queue_rank": 251, "arm": "oracle_action", "target_act": "telling", "ok": true, "error": ""}
{"request_id": "routing-v1|scaffolding-251|generic|deepseek-v4-pro", "queue_rank": 247, "arm": "generic", "target_act": "probing", "ok": true, "error": ""}
{"request_id": "routing-v1|scaffolding-903|adaptive_router|deepseek-v4-pro", "queue_rank": 248, "arm": "adaptive_router", "target_act": "probing", "ok": true, "error": ""}
{"request_id": "routing-v1|scaffolding-780|uniform_scaffold|deepseek-v4-pro", "queue_rank": 253, "arm": "uniform_scaffold", "target_act": "probing", "ok": true, "error": ""}
{"request_id": "routing-v1|scaffolding-758|adaptive_router|deepseek-v4-pro", "queue_rank": 254, "arm": "adaptive_router", "target_act": "telling", "ok": true, "error": ""}
{"request_id": "routing-v1|scaffolding-704|uniform_scaffold|deepseek-v4-pro", "queue_rank": 244, "arm": "uniform_scaffold", "target_act": "probing", "ok": true, "error": ""}
{"request_id": "routing-v1|scaffolding-60|uniform_scaffold|deepseek-v4-pro", "queue_rank": 257, "arm": "uniform_scaffold", "target_act": "telling", "ok": true, "error": ""}
{"request_id": "routing-v1|scaffolding-991|adaptive_router|deepseek-v4-pro", "queue_rank": 258, "arm": "adaptive_router", "target_act": "probing", "ok": true, "error": ""}
{"request_id": "routing-v1|scaffolding-903|oracle_action|deepseek-v4-pro", "queue_rank": 252, "arm": "oracle_action", "target_act": "probing", "ok": true, "error": ""}
{"request_id": "routing-v1|scaffolding-686|oracle_action|deepseek-v4-pro", "queue_rank": 261, "arm": "oracle_action", "target_act": "telling", "ok": true, "error": ""}
{"request_id": "routing-v1|scaffolding-12|generic|deepseek-v4-pro", "queue_rank": 255, "arm": "generic", "target_act": "telling", "ok": true, "error": ""}
{"request_id": "routing-v1|scaffolding-123|generic|deepseek-v4-pro", "queue_rank": 256, "arm": "generic", "target_act": "telling", "ok": true, "error": ""}
{"request_id": "routing-v1|scaffolding-953|oracle_action|deepseek-v4-pro", "queue_rank": 260, "arm": "oracle_action", "target_act": "probing", "ok": true, "error": ""}
{"request_id": "routing-v1|scaffolding-338|oracle_action|deepseek-v4-pro", "queue_rank": 264, "arm": "oracle_action", "target_act": "probing", "ok": true, "error": ""}
{"request_id": "routing-v1|scaffolding-968|oracle_action|deepseek-v4-pro", "queue_rank": 265, "arm": "oracle_action", "target_act": "telling", "ok": true, "error": ""}
{"request_id": "routing-v1|scaffolding-589|uniform_scaffold|deepseek-v4-pro", "queue_rank": 263, "arm": "uniform_scaffold", "target_act": "probing", "ok": true, "error": ""}
{"request_id": "routing-v1|scaffolding-57|adaptive_router|deepseek-v4-pro", "queue_rank": 262, "arm": "adaptive_router", "target_act": "telling", "ok": true, "error": ""}
{"request_id": "routing-v1|scaffolding-216|generic|deepseek-v4-pro", "queue_rank": 266, "arm": "generic", "target_act": "telling", "ok": true, "error": ""}
{"request_id": "routing-v1|scaffolding-602|adaptive_router|deepseek-v4-pro", "queue_rank": 270, "arm": "adaptive_router", "target_act": "probing", "ok": true, "error": ""}
{"request_id": "routing-v1|scaffolding-715|uniform_scaffold|deepseek-v4-pro", "queue_rank": 269, "arm": "uniform_scaffold", "target_act": "probing", "ok": true, "error": ""}
{"request_id": "routing-v1|scaffolding-835|generic|deepseek-v4-pro", "queue_rank": 259, "arm": "generic", "target_act": "probing", "ok": true, "error": ""}
{"request_id": "routing-v1|scaffolding-123|adaptive_router|deepseek-v4-pro", "queue_rank": 267, "arm": "adaptive_router", "target_act": "telling", "ok": true, "error": ""}
{"request_id": "routing-v1|scaffolding-137|generic|deepseek-v4-pro", "queue_rank": 268, "arm": "generic", "target_act": "probing", "ok": true, "error": ""}
{"request_id": "routing-v1|scaffolding-176|uniform_scaffold|deepseek-v4-pro", "queue_rank": 271, "arm": "uniform_scaffold", "target_act": "telling", "ok": true, "error": ""}
{"request_id": "routing-v1|scaffolding-991|oracle_action|deepseek-v4-pro", "queue_rank": 274, "arm": "oracle_action", "target_act": "probing", "ok": true, "error": ""}
{"request_id": "routing-v1|scaffolding-769|generic|deepseek-v4-pro", "queue_rank": 278, "arm": "generic", "target_act": "probing", "ok": true, "error": ""}
{"request_id": "routing-v1|scaffolding-232|adaptive_router|deepseek-v4-pro", "queue_rank": 273, "arm": "adaptive_router", "target_act": "probing", "ok": true, "error": ""}
{"request_id": "routing-v1|scaffolding-998|generic|deepseek-v4-pro", "queue_rank": 279, "arm": "generic", "target_act": "telling", "ok": true, "error": ""}
{"request_id": "routing-v1|scaffolding-99|oracle_action|deepseek-v4-pro", "queue_rank": 276, "arm": "oracle_action", "target_act": "telling", "ok": true, "error": ""}
{"request_id": "routing-v1|scaffolding-640|uniform_scaffold|deepseek-v4-pro", "queue_rank": 281, "arm": "uniform_scaffold", "target_act": "telling", "ok": true, "error": ""}
{"request_id": "routing-v1|scaffolding-909|oracle_action|deepseek-v4-pro", "queue_rank": 282, "arm": "oracle_action", "target_act": "telling", "ok": true, "error": ""}
{"request_id": "routing-v1|scaffolding-123|uniform_scaffold|deepseek-v4-pro", "queue_rank": 277, "arm": "uniform_scaffold", "target_act": "telling", "ok": true, "error": ""}
{"request_id": "routing-v1|scaffolding-500|generic|deepseek-v4-pro", "queue_rank": 283, "arm": "generic", "target_act": "telling", "ok": true, "error": ""}
{"request_id": "routing-v1|scaffolding-774|uniform_scaffold|deepseek-v4-pro", "queue_rank": 275, "arm": "uniform_scaffold", "target_act": "probing", "ok": true, "error": ""}
{"request_id": "routing-v1|scaffolding-148|generic|deepseek-v4-pro", "queue_rank": 285, "arm": "generic", "target_act": "probing", "ok": true, "error": ""}
{"request_id": "routing-v1|scaffolding-722|adaptive_router|deepseek-v4-pro", "queue_rank": 272, "arm": "adaptive_router", "target_act": "telling", "ok": true, "error": ""}
{"request_id": "routing-v1|scaffolding-721|adaptive_router|deepseek-v4-pro", "queue_rank": 287, "arm": "adaptive_router", "target_act": "telling", "ok": true, "error": ""}
{"request_id": "routing-v1|scaffolding-991|uniform_scaffold|deepseek-v4-pro", "queue_rank": 291, "arm": "uniform_scaffold", "target_act": "probing", "ok": true, "error": ""}
{"request_id": "routing-v1|scaffolding-453|uniform_scaffold|deepseek-v4-pro", "queue_rank": 284, "arm": "uniform_scaffold", "target_act": "probing", "ok": true, "error": ""}
{"request_id": "routing-v1|scaffolding-56|oracle_action|deepseek-v4-pro", "queue_rank": 289, "arm": "oracle_action", "target_act": "telling", "ok": true, "error": ""}
{"request_id": "routing-v1|scaffolding-157|oracle_action|deepseek-v4-pro", "queue_rank": 290, "arm": "oracle_action", "target_act": "probing", "ok": true, "error": ""}
{"request_id": "routing-v1|scaffolding-481|oracle_action|deepseek-v4-pro", "queue_rank": 280, "arm": "oracle_action", "target_act": "probing", "ok": true, "error": ""}
{"request_id": "routing-v1|scaffolding-309|adaptive_router|deepseek-v4-pro", "queue_rank": 286, "arm": "adaptive_router", "target_act": "probing", "ok": true, "error": ""}
{"request_id": "routing-v1|scaffolding-322|uniform_scaffold|deepseek-v4-pro", "queue_rank": 294, "arm": "uniform_scaffold", "target_act": "telling", "ok": true, "error": ""}
{"request_id": "routing-v1|scaffolding-799|generic|deepseek-v4-pro", "queue_rank": 293, "arm": "generic", "target_act": "telling", "ok": true, "error": ""}
{"request_id": "routing-v1|scaffolding-736|generic|deepseek-v4-pro", "queue_rank": 292, "arm": "generic", "target_act": "probing", "ok": true, "error": ""}
{"request_id": "routing-v1|scaffolding-879|generic|deepseek-v4-pro", "queue_rank": 297, "arm": "generic", "target_act": "probing", "ok": true, "error": ""}
{"request_id": "routing-v1|scaffolding-698|uniform_scaffold|deepseek-v4-pro", "queue_rank": 301, "arm": "uniform_scaffold", "target_act": "telling", "ok": true, "error": ""}
{"request_id": "routing-v1|scaffolding-722|generic|deepseek-v4-pro", "queue_rank": 300, "arm": "generic", "target_act": "telling", "ok": true, "error": ""}
{"request_id": "routing-v1|scaffolding-760|adaptive_router|deepseek-v4-pro", "queue_rank": 295, "arm": "adaptive_router", "target_act": "telling", "ok": true, "error": ""}
{"request_id": "routing-v1|scaffolding-9|adaptive_router|deepseek-v4-pro", "queue_rank": 303, "arm": "adaptive_router", "target_act": "telling", "ok": true, "error": ""}
{"request_id": "routing-v1|scaffolding-674|uniform_scaffold|deepseek-v4-pro", "queue_rank": 298, "arm": "uniform_scaffold", "target_act": "probing", "ok": true, "error": ""}
{"request_id": "routing-v1|scaffolding-7|oracle_action|deepseek-v4-pro", "queue_rank": 302, "arm": "oracle_action", "target_act": "telling", "ok": true, "error": ""}
{"request_id": "routing-v1|scaffolding-322|oracle_action|deepseek-v4-pro", "queue_rank": 304, "arm": "oracle_action", "target_act": "telling", "ok": true, "error": ""}
{"request_id": "routing-v1|scaffolding-774|adaptive_router|deepseek-v4-pro", "queue_rank": 299, "arm": "adaptive_router", "target_act": "probing", "ok": true, "error": ""}
{"request_id": "routing-v1|scaffolding-451|adaptive_router|deepseek-v4-pro", "queue_rank": 288, "arm": "adaptive_router", "target_act": "probing", "ok": true, "error": ""}
{"request_id": "routing-v1|scaffolding-266|oracle_action|deepseek-v4-pro", "queue_rank": 296, "arm": "oracle_action", "target_act": "probing", "ok": true, "error": ""}
{"request_id": "routing-v1|scaffolding-835|oracle_action|deepseek-v4-pro", "queue_rank": 307, "arm": "oracle_action", "target_act": "probing", "ok": true, "error": ""}
{"request_id": "routing-v1|scaffolding-196|generic|deepseek-v4-pro", "queue_rank": 311, "arm": "generic", "target_act": "probing", "ok": true, "error": ""}
{"request_id": "routing-v1|scaffolding-47|generic|deepseek-v4-pro", "queue_rank": 306, "arm": "generic", "target_act": "telling", "ok": true, "error": ""}
{"request_id": "routing-v1|scaffolding-1085|adaptive_router|deepseek-v4-pro", "queue_rank": 305, "arm": "adaptive_router", "target_act": "telling", "ok": true, "error": ""}
{"request_id": "routing-v1|scaffolding-674|adaptive_router|deepseek-v4-pro", "queue_rank": 310, "arm": "adaptive_router", "target_act": "probing", "ok": true, "error": ""}
{"request_id": "routing-v1|scaffolding-721|oracle_action|deepseek-v4-pro", "queue_rank": 312, "arm": "oracle_action", "target_act": "telling", "ok": true, "error": ""}
{"request_id": "routing-v1|scaffolding-719|uniform_scaffold|deepseek-v4-pro", "queue_rank": 315, "arm": "uniform_scaffold", "target_act": "telling", "ok": true, "error": ""}
{"request_id": "routing-v1|scaffolding-169|generic|deepseek-v4-pro", "queue_rank": 314, "arm": "generic", "target_act": "telling", "ok": true, "error": ""}
{"request_id": "routing-v1|scaffolding-169|uniform_scaffold|deepseek-v4-pro", "queue_rank": 309, "arm": "uniform_scaffold", "target_act": "telling", "ok": true, "error": ""}
{"request_id": "routing-v1|scaffolding-491|uniform_scaffold|deepseek-v4-pro", "queue_rank": 313, "arm": "uniform_scaffold", "target_act": "probing", "ok": true, "error": ""}
{"request_id": "routing-v1|scaffolding-193|generic|deepseek-v4-pro", "queue_rank": 317, "arm": "generic", "target_act": "probing", "ok": true, "error": ""}
{"request_id": "routing-v1|scaffolding-196|oracle_action|deepseek-v4-pro", "queue_rank": 316, "arm": "oracle_action", "target_act": "probing", "ok": true, "error": ""}
{"request_id": "routing-v1|scaffolding-879|adaptive_router|deepseek-v4-pro", "queue_rank": 318, "arm": "adaptive_router", "target_act": "probing", "ok": true, "error": ""}
{"request_id": "routing-v1|scaffolding-216|oracle_action|deepseek-v4-pro", "queue_rank": 320, "arm": "oracle_action", "target_act": "telling", "ok": true, "error": ""}
{"request_id": "routing-v1|scaffolding-577|adaptive_router|deepseek-v4-pro", "queue_rank": 322, "arm": "adaptive_router", "target_act": "probing", "ok": true, "error": ""}
{"request_id": "routing-v1|scaffolding-686|adaptive_router|deepseek-v4-pro", "queue_rank": 321, "arm": "adaptive_router", "target_act": "telling", "ok": true, "error": ""}
{"request_id": "routing-v1|scaffolding-146|oracle_action|deepseek-v4-pro", "queue_rank": 323, "arm": "oracle_action", "target_act": "probing", "ok": true, "error": ""}
{"request_id": "routing-v1|scaffolding-715|generic|deepseek-v4-pro", "queue_rank": 325, "arm": "generic", "target_act": "probing", "ok": true, "error": ""}
{"request_id": "routing-v1|scaffolding-800|adaptive_router|deepseek-v4-pro", "queue_rank": 319, "arm": "adaptive_router", "target_act": "telling", "ok": true, "error": ""}
{"request_id": "routing-v1|scaffolding-57|uniform_scaffold|deepseek-v4-pro", "queue_rank": 324, "arm": "uniform_scaffold", "target_act": "telling", "ok": true, "error": ""}
{"request_id": "routing-v1|scaffolding-146|uniform_scaffold|deepseek-v4-pro", "queue_rank": 327, "arm": "uniform_scaffold", "target_act": "probing", "ok": true, "error": ""}
{"request_id": "routing-v1|scaffolding-481|uniform_scaffold|deepseek-v4-pro", "queue_rank": 308, "arm": "uniform_scaffold", "target_act": "probing", "ok": true, "error": ""}
{"request_id": "routing-v1|scaffolding-448|uniform_scaffold|deepseek-v4-pro", "queue_rank": 331, "arm": "uniform_scaffold", "target_act": "probing", "ok": true, "error": ""}
{"request_id": "routing-v1|scaffolding-756|generic|deepseek-v4-pro", "queue_rank": 326, "arm": "generic", "target_act": "telling", "ok": true, "error": ""}
{"request_id": "routing-v1|scaffolding-915|oracle_action|deepseek-v4-pro", "queue_rank": 329, "arm": "oracle_action", "target_act": "telling", "ok": true, "error": ""}
{"request_id": "routing-v1|scaffolding-307|adaptive_router|deepseek-v4-pro", "queue_rank": 330, "arm": "adaptive_router", "target_act": "probing", "ok": true, "error": ""}
{"request_id": "routing-v1|scaffolding-56|generic|deepseek-v4-pro", "queue_rank": 334, "arm": "generic", "target_act": "telling", "ok": true, "error": ""}
{"request_id": "routing-v1|scaffolding-623|oracle_action|deepseek-v4-pro", "queue_rank": 335, "arm": "oracle_action", "target_act": "probing", "ok": true, "error": ""}
{"request_id": "routing-v1|scaffolding-736|adaptive_router|deepseek-v4-pro", "queue_rank": 338, "arm": "adaptive_router", "target_act": "probing", "ok": true, "error": ""}
{"request_id": "routing-v1|scaffolding-123|oracle_action|deepseek-v4-pro", "queue_rank": 336, "arm": "oracle_action", "target_act": "telling", "ok": true, "error": ""}
{"request_id": "routing-v1|scaffolding-177|uniform_scaffold|deepseek-v4-pro", "queue_rank": 332, "arm": "uniform_scaffold", "target_act": "telling", "ok": true, "error": ""}
{"request_id": "routing-v1|scaffolding-619|uniform_scaffold|deepseek-v4-pro", "queue_rank": 339, "arm": "uniform_scaffold", "target_act": "probing", "ok": true, "error": ""}
{"request_id": "routing-v1|scaffolding-309|generic|deepseek-v4-pro", "queue_rank": 333, "arm": "generic", "target_act": "probing", "ok": true, "error": ""}
{"request_id": "routing-v1|scaffolding-157|generic|deepseek-v4-pro", "queue_rank": 337, "arm": "generic", "target_act": "probing", "ok": true, "error": ""}
{"request_id": "routing-v1|scaffolding-619|oracle_action|deepseek-v4-pro", "queue_rank": 340, "arm": "oracle_action", "target_act": "probing", "ok": true, "error": ""}
{"request_id": "routing-v1|scaffolding-719|generic|deepseek-v4-pro", "queue_rank": 343, "arm": "generic", "target_act": "telling", "ok": true, "error": ""}
{"request_id": "routing-v1|scaffolding-685|oracle_action|deepseek-v4-pro", "queue_rank": 344, "arm": "oracle_action", "target_act": "telling", "ok": true, "error": ""}
{"request_id": "routing-v1|scaffolding-169|adaptive_router|deepseek-v4-pro", "queue_rank": 328, "arm": "adaptive_router", "target_act": "telling", "ok": true, "error": ""}
{"request_id": "routing-v1|scaffolding-99|uniform_scaffold|deepseek-v4-pro", "queue_rank": 341, "arm": "uniform_scaffold", "target_act": "telling", "ok": true, "error": ""}
{"request_id": "routing-v1|scaffolding-307|uniform_scaffold|deepseek-v4-pro", "queue_rank": 347, "arm": "uniform_scaffold", "target_act": "probing", "ok": true, "error": ""}
{"request_id": "routing-v1|scaffolding-685|generic|deepseek-v4-pro", "queue_rank": 345, "arm": "generic", "target_act": "telling", "ok": true, "error": ""}
{"request_id": "routing-v1|scaffolding-176|adaptive_router|deepseek-v4-pro", "queue_rank": 342, "arm": "adaptive_router", "target_act": "telling", "ok": true, "error": ""}
{"request_id": "routing-v1|scaffolding-12|uniform_scaffold|deepseek-v4-pro", "queue_rank": 348, "arm": "uniform_scaffold", "target_act": "telling", "ok": true, "error": ""}
{"request_id": "routing-v1|scaffolding-729|generic|deepseek-v4-pro", "queue_rank": 351, "arm": "generic", "target_act": "probing", "ok": true, "error": ""}
{"request_id": "routing-v1|scaffolding-12|adaptive_router|deepseek-v4-pro", "queue_rank": 349, "arm": "adaptive_router", "target_act": "telling", "ok": true, "error": ""}
{"request_id": "routing-v1|scaffolding-640|adaptive_router|deepseek-v4-pro", "queue_rank": 354, "arm": "adaptive_router", "target_act": "telling", "ok": true, "error": ""}
{"request_id": "routing-v1|scaffolding-602|generic|deepseek-v4-pro", "queue_rank": 355, "arm": "generic", "target_act": "probing", "ok": true, "error": ""}
{"request_id": "routing-v1|scaffolding-137|uniform_scaffold|deepseek-v4-pro", "queue_rank": 353, "arm": "uniform_scaffold", "target_act": "probing", "ok": true, "error": ""}
{"request_id": "routing-v1|scaffolding-324|uniform_scaffold|deepseek-v4-pro", "queue_rank": 352, "arm": "uniform_scaffold", "target_act": "telling", "ok": true, "error": ""}
{"request_id": "routing-v1|scaffolding-363|adaptive_router|deepseek-v4-pro", "queue_rank": 346, "arm": "adaptive_router", "target_act": "probing", "ok": true, "error": ""}
{"request_id": "routing-v1|scaffolding-232|oracle_action|deepseek-v4-pro", "queue_rank": 357, "arm": "oracle_action", "target_act": "probing", "ok": true, "error": ""}
{"request_id": "routing-v1|scaffolding-704|oracle_action|deepseek-v4-pro", "queue_rank": 350, "arm": "oracle_action", "target_act": "probing", "ok": true, "error": ""}
{"request_id": "routing-v1|scaffolding-801|oracle_action|deepseek-v4-pro", "queue_rank": 358, "arm": "oracle_action", "target_act": "telling", "ok": true, "error": ""}
{"request_id": "routing-v1|scaffolding-177|generic|deepseek-v4-pro", "queue_rank": 359, "arm": "generic", "target_act": "telling", "ok": true, "error": ""}
{"request_id": "routing-v1|scaffolding-363|oracle_action|deepseek-v4-pro", "queue_rank": 361, "arm": "oracle_action", "target_act": "probing", "ok": true, "error": ""}
{"request_id": "routing-v1|scaffolding-146|adaptive_router|deepseek-v4-pro", "queue_rank": 356, "arm": "adaptive_router", "target_act": "probing", "ok": true, "error": ""}
{"request_id": "routing-v1|scaffolding-721|generic|deepseek-v4-pro", "queue_rank": 363, "arm": "generic", "target_act": "telling", "ok": true, "error": ""}
{"request_id": "routing-v1|scaffolding-729|uniform_scaffold|deepseek-v4-pro", "queue_rank": 362, "arm": "uniform_scaffold", "target_act": "probing", "ok": true, "error": ""}
{"request_id": "routing-v1|scaffolding-780|generic|deepseek-v4-pro", "queue_rank": 364, "arm": "generic", "target_act": "probing", "ok": true, "error": ""}
{"request_id": "routing-v1|scaffolding-755|uniform_scaffold|deepseek-v4-pro", "queue_rank": 367, "arm": "uniform_scaffold", "target_act": "telling", "ok": true, "error": ""}
{"request_id": "routing-v1|scaffolding-251|adaptive_router|deepseek-v4-pro", "queue_rank": 360, "arm": "adaptive_router", "target_act": "probing", "ok": true, "error": ""}
{"request_id": "routing-v1|scaffolding-921|oracle_action|deepseek-v4-pro", "queue_rank": 368, "arm": "oracle_action", "target_act": "telling", "ok": true, "error": ""}
{"request_id": "routing-v1|scaffolding-99|adaptive_router|deepseek-v4-pro", "queue_rank": 365, "arm": "adaptive_router", "target_act": "telling", "ok": true, "error": ""}
{"request_id": "routing-v1|scaffolding-685|adaptive_router|deepseek-v4-pro", "queue_rank": 369, "arm": "adaptive_router", "target_act": "telling", "ok": true, "error": ""}
{"request_id": "routing-v1|scaffolding-758|oracle_action|deepseek-v4-pro", "queue_rank": 366, "arm": "oracle_action", "target_act": "telling", "ok": true, "error": ""}
{"request_id": "routing-v1|scaffolding-674|generic|deepseek-v4-pro", "queue_rank": 372, "arm": "generic", "target_act": "probing", "ok": true, "error": ""}
{"request_id": "routing-v1|scaffolding-640|generic|deepseek-v4-pro", "queue_rank": 374, "arm": "generic", "target_act": "telling", "ok": true, "error": ""}
{"request_id": "routing-v1|scaffolding-610|oracle_action|deepseek-v4-pro", "queue_rank": 370, "arm": "oracle_action", "target_act": "probing", "ok": true, "error": ""}
{"request_id": "routing-v1|scaffolding-15|oracle_action|deepseek-v4-pro", "queue_rank": 376, "arm": "oracle_action", "target_act": "telling", "ok": true, "error": ""}
{"request_id": "routing-v1|scaffolding-268|oracle_action|deepseek-v4-pro", "queue_rank": 377, "arm": "oracle_action", "target_act": "probing", "ok": true, "error": ""}
{"request_id": "routing-v1|scaffolding-685|uniform_scaffold|deepseek-v4-pro", "queue_rank": 371, "arm": "uniform_scaffold", "target_act": "telling", "ok": true, "error": ""}
{"request_id": "routing-v1|scaffolding-137|adaptive_router|deepseek-v4-pro", "queue_rank": 378, "arm": "adaptive_router", "target_act": "probing", "ok": true, "error": ""}
{"request_id": "routing-v1|scaffolding-266|uniform_scaffold|deepseek-v4-pro", "queue_rank": 382, "arm": "uniform_scaffold", "target_act": "probing", "ok": true, "error": ""}
{"request_id": "routing-v1|scaffolding-60|generic|deepseek-v4-pro", "queue_rank": 381, "arm": "generic", "target_act": "telling", "ok": true, "error": ""}
{"request_id": "routing-v1|scaffolding-309|uniform_scaffold|deepseek-v4-pro", "queue_rank": 375, "arm": "uniform_scaffold", "target_act": "probing", "ok": true, "error": ""}
{"request_id": "routing-v1|scaffolding-500|uniform_scaffold|deepseek-v4-pro", "queue_rank": 380, "arm": "uniform_scaffold", "target_act": "telling", "ok": true, "error": ""}
{"request_id": "routing-v1|scaffolding-124|adaptive_router|deepseek-v4-pro", "queue_rank": 373, "arm": "adaptive_router", "target_act": "probing", "ok": true, "error": ""}
{"request_id": "routing-v1|scaffolding-481|generic|deepseek-v4-pro", "queue_rank": 379, "arm": "generic", "target_act": "probing", "ok": true, "error": ""}
{"request_id": "routing-v1|scaffolding-756|adaptive_router|deepseek-v4-pro", "queue_rank": 383, "arm": "adaptive_router", "target_act": "telling", "ok": true, "error": ""}
{"request_id": "routing-v1|scaffolding-338|adaptive_router|doubao-seed-2.0-lite", "queue_rank": 4, "arm": "adaptive_router", "target_act": "probing", "ok": true, "error": ""}
{"request_id": "routing-v1|scaffolding-577|oracle_action|doubao-seed-2.0-lite", "queue_rank": 3, "arm": "oracle_action", "target_act": "probing", "ok": true, "error": ""}
{"request_id": "routing-v1|scaffolding-232|uniform_scaffold|doubao-seed-2.0-lite", "queue_rank": 6, "arm": "uniform_scaffold", "target_act": "probing", "ok": true, "error": ""}
{"request_id": "routing-v1|scaffolding-324|uniform_scaffold|doubao-seed-2.0-lite", "queue_rank": 2, "arm": "uniform_scaffold", "target_act": "telling", "ok": true, "error": ""}
{"request_id": "routing-v1|scaffolding-123|generic|doubao-seed-2.0-lite", "queue_rank": 5, "arm": "generic", "target_act": "telling", "ok": true, "error": ""}
{"request_id": "routing-v1|scaffolding-9|oracle_action|doubao-seed-2.0-lite", "queue_rank": 7, "arm": "oracle_action", "target_act": "telling", "ok": true, "error": ""}
{"request_id": "routing-v1|scaffolding-148|generic|doubao-seed-2.0-lite", "queue_rank": 1, "arm": "generic", "target_act": "probing", "ok": true, "error": ""}
{"request_id": "routing-v1|scaffolding-577|generic|doubao-seed-2.0-lite", "queue_rank": 14, "arm": "generic", "target_act": "probing", "ok": true, "error": ""}
{"request_id": "routing-v1|scaffolding-491|adaptive_router|doubao-seed-2.0-lite", "queue_rank": 11, "arm": "adaptive_router", "target_act": "probing", "ok": true, "error": ""}
{"request_id": "routing-v1|scaffolding-500|adaptive_router|doubao-seed-2.0-lite", "queue_rank": 0, "arm": "adaptive_router", "target_act": "telling", "ok": true, "error": ""}
{"request_id": "routing-v1|scaffolding-240|oracle_action|doubao-seed-2.0-lite", "queue_rank": 13, "arm": "oracle_action", "target_act": "probing", "ok": true, "error": ""}
{"request_id": "routing-v1|scaffolding-804|uniform_scaffold|doubao-seed-2.0-lite", "queue_rank": 8, "arm": "uniform_scaffold", "target_act": "probing", "ok": true, "error": ""}
{"request_id": "routing-v1|scaffolding-57|adaptive_router|doubao-seed-2.0-lite", "queue_rank": 12, "arm": "adaptive_router", "target_act": "telling", "ok": true, "error": ""}
{"request_id": "routing-v1|scaffolding-524|uniform_scaffold|doubao-seed-2.0-lite", "queue_rank": 9, "arm": "uniform_scaffold", "target_act": "telling", "ok": true, "error": ""}
{"request_id": "routing-v1|scaffolding-915|uniform_scaffold|doubao-seed-2.0-lite", "queue_rank": 20, "arm": "uniform_scaffold", "target_act": "telling", "ok": true, "error": ""}
{"request_id": "routing-v1|scaffolding-610|generic|doubao-seed-2.0-lite", "queue_rank": 18, "arm": "generic", "target_act": "probing", "ok": true, "error": ""}
{"request_id": "routing-v1|scaffolding-124|uniform_scaffold|doubao-seed-2.0-lite", "queue_rank": 19, "arm": "uniform_scaffold", "target_act": "probing", "ok": true, "error": ""}
{"request_id": "routing-v1|scaffolding-919|oracle_action|doubao-seed-2.0-lite", "queue_rank": 15, "arm": "oracle_action", "target_act": "telling", "ok": true, "error": ""}
{"request_id": "routing-v1|scaffolding-169|generic|doubao-seed-2.0-lite", "queue_rank": 21, "arm": "generic", "target_act": "telling", "ok": true, "error": ""}
{"request_id": "routing-v1|scaffolding-2|generic|doubao-seed-2.0-lite", "queue_rank": 10, "arm": "generic", "target_act": "telling", "ok": true, "error": ""}
{"request_id": "routing-v1|scaffolding-804|adaptive_router|doubao-seed-2.0-lite", "queue_rank": 16, "arm": "adaptive_router", "target_act": "probing", "ok": true, "error": ""}
{"request_id": "routing-v1|scaffolding-363|oracle_action|doubao-seed-2.0-lite", "queue_rank": 17, "arm": "oracle_action", "target_act": "probing", "ok": true, "error": ""}
{"request_id": "routing-v1|scaffolding-722|adaptive_router|doubao-seed-2.0-lite", "queue_rank": 22, "arm": "adaptive_router", "target_act": "telling", "ok": true, "error": ""}
{"request_id": "routing-v1|scaffolding-719|generic|doubao-seed-2.0-lite", "queue_rank": 27, "arm": "generic", "target_act": "telling", "ok": true, "error": ""}
{"request_id": "routing-v1|scaffolding-55|uniform_scaffold|doubao-seed-2.0-lite", "queue_rank": 26, "arm": "uniform_scaffold", "target_act": "telling", "ok": true, "error": ""}
{"request_id": "routing-v1|scaffolding-756|oracle_action|doubao-seed-2.0-lite", "queue_rank": 23, "arm": "oracle_action", "target_act": "telling", "ok": true, "error": ""}
{"request_id": "routing-v1|scaffolding-909|adaptive_router|doubao-seed-2.0-lite", "queue_rank": 24, "arm": "adaptive_router", "target_act": "telling", "ok": true, "error": ""}
{"request_id": "routing-v1|scaffolding-769|generic|doubao-seed-2.0-lite", "queue_rank": 31, "arm": "generic", "target_act": "probing", "ok": true, "error": ""}
{"request_id": "routing-v1|scaffolding-11|oracle_action|doubao-seed-2.0-lite", "queue_rank": 25, "arm": "oracle_action", "target_act": "telling", "ok": true, "error": ""}
{"request_id": "routing-v1|scaffolding-879|uniform_scaffold|doubao-seed-2.0-lite", "queue_rank": 28, "arm": "uniform_scaffold", "target_act": "probing", "ok": true, "error": ""}
{"request_id": "routing-v1|scaffolding-903|uniform_scaffold|doubao-seed-2.0-lite", "queue_rank": 33, "arm": "uniform_scaffold", "target_act": "probing", "ok": true, "error": ""}
{"request_id": "routing-v1|scaffolding-266|generic|doubao-seed-2.0-lite", "queue_rank": 36, "arm": "generic", "target_act": "probing", "ok": true, "error": ""}
{"request_id": "routing-v1|scaffolding-719|adaptive_router|doubao-seed-2.0-lite", "queue_rank": 32, "arm": "adaptive_router", "target_act": "telling", "ok": true, "error": ""}
{"request_id": "routing-v1|scaffolding-721|uniform_scaffold|doubao-seed-2.0-lite", "queue_rank": 34, "arm": "uniform_scaffold", "target_act": "telling", "ok": true, "error": ""}
{"request_id": "routing-v1|scaffolding-338|oracle_action|doubao-seed-2.0-lite", "queue_rank": 30, "arm": "oracle_action", "target_act": "probing", "ok": true, "error": ""}
{"request_id": "routing-v1|scaffolding-729|adaptive_router|doubao-seed-2.0-lite", "queue_rank": 35, "arm": "adaptive_router", "target_act": "probing", "ok": true, "error": ""}
{"request_id": "routing-v1|scaffolding-602|oracle_action|doubao-seed-2.0-lite", "queue_rank": 37, "arm": "oracle_action", "target_act": "probing", "ok": true, "error": ""}
{"request_id": "routing-v1|scaffolding-322|generic|doubao-seed-2.0-lite", "queue_rank": 38, "arm": "generic", "target_act": "telling", "ok": true, "error": ""}
{"request_id": "routing-v1|scaffolding-193|oracle_action|doubao-seed-2.0-lite", "queue_rank": 41, "arm": "oracle_action", "target_act": "probing", "ok": true, "error": ""}
{"request_id": "routing-v1|scaffolding-232|adaptive_router|doubao-seed-2.0-lite", "queue_rank": 29, "arm": "adaptive_router", "target_act": "probing", "ok": true, "error": ""}
{"request_id": "routing-v1|scaffolding-968|oracle_action|doubao-seed-2.0-lite", "queue_rank": 39, "arm": "oracle_action", "target_act": "telling", "ok": true, "error": ""}
{"request_id": "routing-v1|scaffolding-793|uniform_scaffold|doubao-seed-2.0-lite", "queue_rank": 43, "arm": "uniform_scaffold", "target_act": "telling", "ok": true, "error": ""}
{"request_id": "routing-v1|scaffolding-169|adaptive_router|doubao-seed-2.0-lite", "queue_rank": 42, "arm": "adaptive_router", "target_act": "telling", "ok": true, "error": ""}
{"request_id": "routing-v1|scaffolding-736|adaptive_router|doubao-seed-2.0-lite", "queue_rank": 44, "arm": "adaptive_router", "target_act": "probing", "ok": true, "error": ""}
{"request_id": "routing-v1|scaffolding-845|generic|doubao-seed-2.0-lite", "queue_rank": 45, "arm": "generic", "target_act": "telling", "ok": true, "error": ""}
{"request_id": "routing-v1|scaffolding-704|generic|doubao-seed-2.0-lite", "queue_rank": 40, "arm": "generic", "target_act": "probing", "ok": true, "error": ""}
{"request_id": "routing-v1|scaffolding-623|generic|doubao-seed-2.0-lite", "queue_rank": 48, "arm": "generic", "target_act": "probing", "ok": true, "error": ""}
{"request_id": "routing-v1|scaffolding-363|uniform_scaffold|doubao-seed-2.0-lite", "queue_rank": 46, "arm": "uniform_scaffold", "target_act": "probing", "ok": true, "error": ""}
{"request_id": "routing-v1|scaffolding-74|oracle_action|doubao-seed-2.0-lite", "queue_rank": 49, "arm": "oracle_action", "target_act": "probing", "ok": true, "error": ""}
{"request_id": "routing-v1|scaffolding-324|oracle_action|doubao-seed-2.0-lite", "queue_rank": 47, "arm": "oracle_action", "target_act": "telling", "ok": true, "error": ""}
{"request_id": "routing-v1|scaffolding-722|uniform_scaffold|doubao-seed-2.0-lite", "queue_rank": 52, "arm": "uniform_scaffold", "target_act": "telling", "ok": true, "error": ""}
{"request_id": "routing-v1|scaffolding-74|adaptive_router|doubao-seed-2.0-lite", "queue_rank": 51, "arm": "adaptive_router", "target_act": "probing", "ok": true, "error": ""}
{"request_id": "routing-v1|scaffolding-55|oracle_action|doubao-seed-2.0-lite", "queue_rank": 54, "arm": "oracle_action", "target_act": "telling", "ok": true, "error": ""}
{"request_id": "routing-v1|scaffolding-685|adaptive_router|doubao-seed-2.0-lite", "queue_rank": 55, "arm": "adaptive_router", "target_act": "telling", "ok": true, "error": ""}
{"request_id": "routing-v1|scaffolding-704|uniform_scaffold|doubao-seed-2.0-lite", "queue_rank": 58, "arm": "uniform_scaffold", "target_act": "probing", "ok": true, "error": ""}
{"request_id": "routing-v1|scaffolding-623|oracle_action|doubao-seed-2.0-lite", "queue_rank": 56, "arm": "oracle_action", "target_act": "probing", "ok": true, "error": ""}
{"request_id": "routing-v1|scaffolding-757|generic|doubao-seed-2.0-lite", "queue_rank": 50, "arm": "generic", "target_act": "telling", "ok": true, "error": ""}
{"request_id": "routing-v1|scaffolding-719|oracle_action|doubao-seed-2.0-lite", "queue_rank": 61, "arm": "oracle_action", "target_act": "telling", "ok": true, "error": ""}
{"request_id": "routing-v1|scaffolding-799|adaptive_router|doubao-seed-2.0-lite", "queue_rank": 57, "arm": "adaptive_router", "target_act": "telling", "ok": true, "error": ""}
{"request_id": "routing-v1|scaffolding-589|uniform_scaffold|doubao-seed-2.0-lite", "queue_rank": 53, "arm": "uniform_scaffold", "target_act": "probing", "ok": true, "error": ""}
{"request_id": "routing-v1|scaffolding-196|uniform_scaffold|doubao-seed-2.0-lite", "queue_rank": 67, "arm": "uniform_scaffold", "target_act": "probing", "ok": true, "error": ""}
{"request_id": "routing-v1|scaffolding-137|oracle_action|doubao-seed-2.0-lite", "queue_rank": 64, "arm": "oracle_action", "target_act": "probing", "ok": true, "error": ""}
{"request_id": "routing-v1|scaffolding-232|generic|doubao-seed-2.0-lite", "queue_rank": 63, "arm": "generic", "target_act": "probing", "ok": true, "error": ""}
{"request_id": "routing-v1|scaffolding-640|adaptive_router|doubao-seed-2.0-lite", "queue_rank": 66, "arm": "adaptive_router", "target_act": "telling", "ok": true, "error": ""}
{"request_id": "routing-v1|scaffolding-453|generic|doubao-seed-2.0-lite", "queue_rank": 65, "arm": "generic", "target_act": "probing", "ok": true, "error": ""}
{"request_id": "routing-v1|scaffolding-500|generic|doubao-seed-2.0-lite", "queue_rank": 62, "arm": "generic", "target_act": "telling", "ok": true, "error": ""}
{"request_id": "routing-v1|scaffolding-921|uniform_scaffold|doubao-seed-2.0-lite", "queue_rank": 59, "arm": "uniform_scaffold", "target_act": "telling", "ok": true, "error": ""}
{"request_id": "routing-v1|scaffolding-801|generic|doubao-seed-2.0-lite", "queue_rank": 68, "arm": "generic", "target_act": "telling", "ok": true, "error": ""}
{"request_id": "routing-v1|scaffolding-919|uniform_scaffold|doubao-seed-2.0-lite", "queue_rank": 70, "arm": "uniform_scaffold", "target_act": "telling", "ok": true, "error": ""}
{"request_id": "routing-v1|scaffolding-769|adaptive_router|doubao-seed-2.0-lite", "queue_rank": 71, "arm": "adaptive_router", "target_act": "probing", "ok": true, "error": ""}
{"request_id": "routing-v1|scaffolding-758|oracle_action|doubao-seed-2.0-lite", "queue_rank": 69, "arm": "oracle_action", "target_act": "telling", "ok": true, "error": ""}
{"request_id": "routing-v1|scaffolding-909|generic|doubao-seed-2.0-lite", "queue_rank": 72, "arm": "generic", "target_act": "telling", "ok": true, "error": ""}
{"request_id": "routing-v1|scaffolding-481|adaptive_router|doubao-seed-2.0-lite", "queue_rank": 60, "arm": "adaptive_router", "target_act": "probing", "ok": true, "error": ""}
{"request_id": "routing-v1|scaffolding-774|uniform_scaffold|doubao-seed-2.0-lite", "queue_rank": 75, "arm": "uniform_scaffold", "target_act": "probing", "ok": true, "error": ""}
{"request_id": "routing-v1|scaffolding-176|uniform_scaffold|doubao-seed-2.0-lite", "queue_rank": 79, "arm": "uniform_scaffold", "target_act": "telling", "ok": true, "error": ""}
{"request_id": "routing-v1|scaffolding-755|adaptive_router|doubao-seed-2.0-lite", "queue_rank": 78, "arm": "adaptive_router", "target_act": "telling", "ok": true, "error": ""}
{"request_id": "routing-v1|scaffolding-879|generic|doubao-seed-2.0-lite", "queue_rank": 81, "arm": "generic", "target_act": "probing", "ok": true, "error": ""}
{"request_id": "routing-v1|scaffolding-524|oracle_action|doubao-seed-2.0-lite", "queue_rank": 73, "arm": "oracle_action", "target_act": "telling", "ok": true, "error": ""}
{"request_id": "routing-v1|scaffolding-177|adaptive_router|doubao-seed-2.0-lite", "queue_rank": 80, "arm": "adaptive_router", "target_act": "telling", "ok": true, "error": ""}
{"request_id": "routing-v1|scaffolding-715|oracle_action|doubao-seed-2.0-lite", "queue_rank": 74, "arm": "oracle_action", "target_act": "probing", "ok": true, "error": ""}
{"request_id": "routing-v1|scaffolding-757|uniform_scaffold|doubao-seed-2.0-lite", "queue_rank": 83, "arm": "uniform_scaffold", "target_act": "telling", "ok": true, "error": ""}
{"request_id": "routing-v1|scaffolding-998|oracle_action|doubao-seed-2.0-lite", "queue_rank": 82, "arm": "oracle_action", "target_act": "telling", "ok": true, "error": ""}
{"request_id": "routing-v1|scaffolding-307|generic|doubao-seed-2.0-lite", "queue_rank": 76, "arm": "generic", "target_act": "probing", "ok": true, "error": ""}
{"request_id": "routing-v1|scaffolding-703|adaptive_router|doubao-seed-2.0-lite", "queue_rank": 85, "arm": "adaptive_router", "target_act": "probing", "ok": true, "error": ""}
{"request_id": "routing-v1|scaffolding-736|uniform_scaffold|doubao-seed-2.0-lite", "queue_rank": 84, "arm": "uniform_scaffold", "target_act": "probing", "ok": true, "error": ""}
{"request_id": "routing-v1|scaffolding-903|adaptive_router|doubao-seed-2.0-lite", "queue_rank": 77, "arm": "adaptive_router", "target_act": "probing", "ok": true, "error": ""}
{"request_id": "routing-v1|scaffolding-12|generic|doubao-seed-2.0-lite", "queue_rank": 87, "arm": "generic", "target_act": "telling", "ok": true, "error": ""}
{"request_id": "routing-v1|scaffolding-678|adaptive_router|doubao-seed-2.0-lite", "queue_rank": 90, "arm": "adaptive_router", "target_act": "probing", "ok": true, "error": ""}
{"request_id": "routing-v1|scaffolding-121|generic|doubao-seed-2.0-lite", "queue_rank": 91, "arm": "generic", "target_act": "probing", "ok": true, "error": ""}
{"request_id": "routing-v1|scaffolding-640|uniform_scaffold|doubao-seed-2.0-lite", "queue_rank": 92, "arm": "uniform_scaffold", "target_act": "telling", "ok": true, "error": ""}
{"request_id": "routing-v1|scaffolding-196|oracle_action|doubao-seed-2.0-lite", "queue_rank": 93, "arm": "oracle_action", "target_act": "probing", "ok": true, "error": ""}
{"request_id": "routing-v1|scaffolding-749|oracle_action|doubao-seed-2.0-lite", "queue_rank": 86, "arm": "oracle_action", "target_act": "probing", "ok": true, "error": ""}
{"request_id": "routing-v1|scaffolding-9|generic|doubao-seed-2.0-lite", "queue_rank": 88, "arm": "generic", "target_act": "telling", "ok": true, "error": ""}
{"request_id": "routing-v1|scaffolding-169|oracle_action|doubao-seed-2.0-lite", "queue_rank": 96, "arm": "oracle_action", "target_act": "telling", "ok": true, "error": ""}
{"request_id": "routing-v1|scaffolding-47|oracle_action|doubao-seed-2.0-lite", "queue_rank": 89, "arm": "oracle_action", "target_act": "telling", "ok": true, "error": ""}
{"request_id": "routing-v1|scaffolding-757|adaptive_router|doubao-seed-2.0-lite", "queue_rank": 97, "arm": "adaptive_router", "target_act": "telling", "ok": true, "error": ""}
{"request_id": "routing-v1|scaffolding-749|uniform_scaffold|doubao-seed-2.0-lite", "queue_rank": 94, "arm": "uniform_scaffold", "target_act": "probing", "ok": true, "error": ""}
{"request_id": "routing-v1|scaffolding-216|generic|doubao-seed-2.0-lite", "queue_rank": 100, "arm": "generic", "target_act": "telling", "ok": true, "error": ""}
{"request_id": "routing-v1|scaffolding-268|oracle_action|doubao-seed-2.0-lite", "queue_rank": 99, "arm": "oracle_action", "target_act": "probing", "ok": true, "error": ""}
{"request_id": "routing-v1|scaffolding-448|uniform_scaffold|doubao-seed-2.0-lite", "queue_rank": 101, "arm": "uniform_scaffold", "target_act": "probing", "ok": true, "error": ""}
{"request_id": "routing-v1|scaffolding-758|uniform_scaffold|doubao-seed-2.0-lite", "queue_rank": 103, "arm": "uniform_scaffold", "target_act": "telling", "ok": true, "error": ""}
{"request_id": "routing-v1|scaffolding-251|adaptive_router|doubao-seed-2.0-lite", "queue_rank": 102, "arm": "adaptive_router", "target_act": "probing", "ok": true, "error": ""}
{"request_id": "routing-v1|scaffolding-363|generic|doubao-seed-2.0-lite", "queue_rank": 98, "arm": "generic", "target_act": "probing", "ok": true, "error": ""}
{"request_id": "routing-v1|scaffolding-758|generic|doubao-seed-2.0-lite", "queue_rank": 105, "arm": "generic", "target_act": "telling", "ok": true, "error": ""}
{"request_id": "routing-v1|scaffolding-602|generic|doubao-seed-2.0-lite", "queue_rank": 107, "arm": "generic", "target_act": "probing", "ok": true, "error": ""}
{"request_id": "routing-v1|scaffolding-1085|adaptive_router|doubao-seed-2.0-lite", "queue_rank": 106, "arm": "adaptive_router", "target_act": "telling", "ok": true, "error": ""}
{"request_id": "routing-v1|scaffolding-674|uniform_scaffold|doubao-seed-2.0-lite", "queue_rank": 108, "arm": "uniform_scaffold", "target_act": "probing", "ok": true, "error": ""}
{"request_id": "routing-v1|scaffolding-909|oracle_action|doubao-seed-2.0-lite", "queue_rank": 109, "arm": "oracle_action", "target_act": "telling", "ok": true, "error": ""}
{"request_id": "routing-v1|scaffolding-157|adaptive_router|doubao-seed-2.0-lite", "queue_rank": 104, "arm": "adaptive_router", "target_act": "probing", "ok": true, "error": ""}
{"request_id": "routing-v1|scaffolding-577|uniform_scaffold|doubao-seed-2.0-lite", "queue_rank": 114, "arm": "uniform_scaffold", "target_act": "probing", "ok": true, "error": ""}
{"request_id": "routing-v1|scaffolding-919|adaptive_router|doubao-seed-2.0-lite", "queue_rank": 95, "arm": "adaptive_router", "target_act": "telling", "ok": true, "error": ""}
{"request_id": "routing-v1|scaffolding-7|uniform_scaffold|doubao-seed-2.0-lite", "queue_rank": 111, "arm": "uniform_scaffold", "target_act": "telling", "ok": true, "error": ""}
{"request_id": "routing-v1|scaffolding-99|uniform_scaffold|doubao-seed-2.0-lite", "queue_rank": 115, "arm": "uniform_scaffold", "target_act": "telling", "ok": true, "error": ""}
{"request_id": "routing-v1|scaffolding-903|generic|doubao-seed-2.0-lite", "queue_rank": 112, "arm": "generic", "target_act": "probing", "ok": true, "error": ""}
{"request_id": "routing-v1|scaffolding-121|oracle_action|doubao-seed-2.0-lite", "queue_rank": 110, "arm": "oracle_action", "target_act": "probing", "ok": true, "error": ""}
{"request_id": "routing-v1|scaffolding-968|adaptive_router|doubao-seed-2.0-lite", "queue_rank": 113, "arm": "adaptive_router", "target_act": "telling", "ok": true, "error": ""}
{"request_id": "routing-v1|scaffolding-57|oracle_action|doubao-seed-2.0-lite", "queue_rank": 119, "arm": "oracle_action", "target_act": "telling", "ok": true, "error": ""}
{"request_id": "routing-v1|scaffolding-674|oracle_action|doubao-seed-2.0-lite", "queue_rank": 122, "arm": "oracle_action", "target_act": "probing", "ok": true, "error": ""}
{"request_id": "routing-v1|scaffolding-602|adaptive_router|doubao-seed-2.0-lite", "queue_rank": 117, "arm": "adaptive_router", "target_act": "probing", "ok": true, "error": ""}
{"request_id": "routing-v1|scaffolding-998|generic|doubao-seed-2.0-lite", "queue_rank": 123, "arm": "generic", "target_act": "telling", "ok": true, "error": ""}
{"request_id": "routing-v1|scaffolding-749|adaptive_router|doubao-seed-2.0-lite", "queue_rank": 121, "arm": "adaptive_router", "target_act": "probing", "ok": true, "error": ""}
{"request_id": "routing-v1|scaffolding-1085|generic|doubao-seed-2.0-lite", "queue_rank": 116, "arm": "generic", "target_act": "telling", "ok": true, "error": ""}
{"request_id": "routing-v1|scaffolding-56|adaptive_router|doubao-seed-2.0-lite", "queue_rank": 120, "arm": "adaptive_router", "target_act": "telling", "ok": true, "error": ""}
{"request_id": "routing-v1|scaffolding-124|oracle_action|doubao-seed-2.0-lite", "queue_rank": 118, "arm": "oracle_action", "target_act": "probing", "ok": true, "error": ""}
{"request_id": "routing-v1|scaffolding-60|uniform_scaffold|doubao-seed-2.0-lite", "queue_rank": 124, "arm": "uniform_scaffold", "target_act": "telling", "ok": true, "error": ""}
{"request_id": "routing-v1|scaffolding-674|generic|doubao-seed-2.0-lite", "queue_rank": 127, "arm": "generic", "target_act": "probing", "ok": true, "error": ""}
{"request_id": "routing-v1|scaffolding-177|uniform_scaffold|doubao-seed-2.0-lite", "queue_rank": 129, "arm": "uniform_scaffold", "target_act": "telling", "ok": true, "error": ""}
{"request_id": "routing-v1|scaffolding-974|generic|doubao-seed-2.0-lite", "queue_rank": 133, "arm": "generic", "target_act": "telling", "ok": true, "error": ""}
{"request_id": "routing-v1|scaffolding-721|oracle_action|doubao-seed-2.0-lite", "queue_rank": 126, "arm": "oracle_action", "target_act": "telling", "ok": true, "error": ""}
{"request_id": "routing-v1|scaffolding-715|generic|doubao-seed-2.0-lite", "queue_rank": 131, "arm": "generic", "target_act": "probing", "ok": true, "error": ""}
{"request_id": "routing-v1|scaffolding-685|oracle_action|doubao-seed-2.0-lite", "queue_rank": 134, "arm": "oracle_action", "target_act": "telling", "ok": true, "error": ""}
{"request_id": "routing-v1|scaffolding-74|uniform_scaffold|doubao-seed-2.0-lite", "queue_rank": 135, "arm": "uniform_scaffold", "target_act": "probing", "ok": true, "error": ""}
{"request_id": "routing-v1|scaffolding-60|adaptive_router|doubao-seed-2.0-lite", "queue_rank": 128, "arm": "adaptive_router", "target_act": "telling", "ok": true, "error": ""}
{"request_id": "routing-v1|scaffolding-991|adaptive_router|doubao-seed-2.0-lite", "queue_rank": 137, "arm": "adaptive_router", "target_act": "probing", "ok": true, "error": ""}
{"request_id": "routing-v1|scaffolding-15|generic|doubao-seed-2.0-lite", "queue_rank": 139, "arm": "generic", "target_act": "telling", "ok": true, "error": ""}
{"request_id": "routing-v1|scaffolding-736|oracle_action|doubao-seed-2.0-lite", "queue_rank": 130, "arm": "oracle_action", "target_act": "probing", "ok": true, "error": ""}
{"request_id": "routing-v1|scaffolding-481|uniform_scaffold|doubao-seed-2.0-lite", "queue_rank": 125, "arm": "uniform_scaffold", "target_act": "probing", "ok": true, "error": ""}
{"request_id": "routing-v1|scaffolding-500|uniform_scaffold|doubao-seed-2.0-lite", "queue_rank": 138, "arm": "uniform_scaffold", "target_act": "telling", "ok": true, "error": ""}
{"request_id": "routing-v1|scaffolding-309|adaptive_router|doubao-seed-2.0-lite", "queue_rank": 132, "arm": "adaptive_router", "target_act": "probing", "ok": true, "error": ""}
{"request_id": "routing-v1|scaffolding-7|adaptive_router|doubao-seed-2.0-lite", "queue_rank": 140, "arm": "adaptive_router", "target_act": "telling", "ok": true, "error": ""}
{"request_id": "routing-v1|scaffolding-678|generic|doubao-seed-2.0-lite", "queue_rank": 145, "arm": "generic", "target_act": "probing", "ok": true, "error": ""}
{"request_id": "routing-v1|scaffolding-686|oracle_action|doubao-seed-2.0-lite", "queue_rank": 146, "arm": "oracle_action", "target_act": "telling", "ok": true, "error": ""}
{"request_id": "routing-v1|scaffolding-903|oracle_action|doubao-seed-2.0-lite", "queue_rank": 142, "arm": "oracle_action", "target_act": "probing", "ok": true, "error": ""}
{"request_id": "routing-v1|scaffolding-232|oracle_action|doubao-seed-2.0-lite", "queue_rank": 144, "arm": "oracle_action", "target_act": "probing", "ok": true, "error": ""}
{"request_id": "routing-v1|scaffolding-451|generic|doubao-seed-2.0-lite", "queue_rank": 136, "arm": "generic", "target_act": "probing", "ok": true, "error": ""}
{"request_id": "routing-v1|scaffolding-686|generic|doubao-seed-2.0-lite", "queue_rank": 147, "arm": "generic", "target_act": "telling", "ok": true, "error": ""}
{"request_id": "routing-v1|scaffolding-799|oracle_action|doubao-seed-2.0-lite", "queue_rank": 141, "arm": "oracle_action", "target_act": "telling", "ok": true, "error": ""}
{"request_id": "routing-v1|scaffolding-193|uniform_scaffold|doubao-seed-2.0-lite", "queue_rank": 143, "arm": "uniform_scaffold", "target_act": "probing", "ok": true, "error": ""}
{"request_id": "routing-v1|scaffolding-953|adaptive_router|doubao-seed-2.0-lite", "queue_rank": 152, "arm": "adaptive_router", "target_act": "probing", "ok": true, "error": ""}
{"request_id": "routing-v1|scaffolding-176|oracle_action|doubao-seed-2.0-lite", "queue_rank": 153, "arm": "oracle_action", "target_act": "telling", "ok": true, "error": ""}
{"request_id": "routing-v1|scaffolding-322|adaptive_router|doubao-seed-2.0-lite", "queue_rank": 151, "arm": "adaptive_router", "target_act": "telling", "ok": true, "error": ""}
{"request_id": "routing-v1|scaffolding-47|uniform_scaffold|doubao-seed-2.0-lite", "queue_rank": 149, "arm": "uniform_scaffold", "target_act": "telling", "ok": true, "error": ""}
{"request_id": "routing-v1|scaffolding-755|generic|doubao-seed-2.0-lite", "queue_rank": 154, "arm": "generic", "target_act": "telling", "ok": true, "error": ""}
{"request_id": "routing-v1|scaffolding-148|uniform_scaffold|doubao-seed-2.0-lite", "queue_rank": 155, "arm": "uniform_scaffold", "target_act": "probing", "ok": true, "error": ""}
{"request_id": "routing-v1|scaffolding-453|oracle_action|doubao-seed-2.0-lite", "queue_rank": 157, "arm": "oracle_action", "target_act": "probing", "ok": true, "error": ""}
{"request_id": "routing-v1|scaffolding-123|uniform_scaffold|doubao-seed-2.0-lite", "queue_rank": 159, "arm": "uniform_scaffold", "target_act": "telling", "ok": true, "error": ""}
{"request_id": "routing-v1|scaffolding-491|uniform_scaffold|doubao-seed-2.0-lite", "queue_rank": 160, "arm": "uniform_scaffold", "target_act": "probing", "ok": true, "error": ""}
{"request_id": "routing-v1|scaffolding-845|adaptive_router|doubao-seed-2.0-lite", "queue_rank": 158, "arm": "adaptive_router", "target_act": "telling", "ok": true, "error": ""}
{"request_id": "routing-v1|scaffolding-124|generic|doubao-seed-2.0-lite", "queue_rank": 156, "arm": "generic", "target_act": "probing", "ok": true, "error": ""}
{"request_id": "routing-v1|scaffolding-324|adaptive_router|doubao-seed-2.0-lite", "queue_rank": 161, "arm": "adaptive_router", "target_act": "telling", "ok": true, "error": ""}
{"request_id": "routing-v1|scaffolding-451|adaptive_router|doubao-seed-2.0-lite", "queue_rank": 150, "arm": "adaptive_router", "target_act": "probing", "ok": true, "error": ""}
{"request_id": "routing-v1|scaffolding-451|uniform_scaffold|doubao-seed-2.0-lite", "queue_rank": 148, "arm": "uniform_scaffold", "target_act": "probing", "ok": true, "error": ""}
{"request_id": "routing-v1|scaffolding-755|oracle_action|doubao-seed-2.0-lite", "queue_rank": 166, "arm": "oracle_action", "target_act": "telling", "ok": true, "error": ""}
{"request_id": "routing-v1|scaffolding-240|generic|doubao-seed-2.0-lite", "queue_rank": 162, "arm": "generic", "target_act": "probing", "ok": true, "error": ""}
{"request_id": "routing-v1|scaffolding-12|uniform_scaffold|doubao-seed-2.0-lite", "queue_rank": 164, "arm": "uniform_scaffold", "target_act": "telling", "ok": true, "error": ""}
{"request_id": "routing-v1|scaffolding-974|uniform_scaffold|doubao-seed-2.0-lite", "queue_rank": 169, "arm": "uniform_scaffold", "target_act": "telling", "ok": true, "error": ""}
{"request_id": "routing-v1|scaffolding-59|generic|doubao-seed-2.0-lite", "queue_rank": 167, "arm": "generic", "target_act": "telling", "ok": true, "error": ""}
{"request_id": "routing-v1|scaffolding-623|adaptive_router|doubao-seed-2.0-lite", "queue_rank": 163, "arm": "adaptive_router", "target_act": "probing", "ok": true, "error": ""}
{"request_id": "routing-v1|scaffolding-610|uniform_scaffold|doubao-seed-2.0-lite", "queue_rank": 171, "arm": "uniform_scaffold", "target_act": "probing", "ok": true, "error": ""}
{"request_id": "routing-v1|scaffolding-268|adaptive_router|doubao-seed-2.0-lite", "queue_rank": 170, "arm": "adaptive_router", "target_act": "probing", "ok": true, "error": ""}
{"request_id": "routing-v1|scaffolding-991|oracle_action|doubao-seed-2.0-lite", "queue_rank": 165, "arm": "oracle_action", "target_act": "probing", "ok": true, "error": ""}
{"request_id": "routing-v1|scaffolding-12|adaptive_router|doubao-seed-2.0-lite", "queue_rank": 172, "arm": "adaptive_router", "target_act": "telling", "ok": true, "error": ""}
{"request_id": "routing-v1|scaffolding-146|oracle_action|doubao-seed-2.0-lite", "queue_rank": 168, "arm": "oracle_action", "target_act": "probing", "ok": true, "error": ""}
{"request_id": "routing-v1|scaffolding-251|generic|doubao-seed-2.0-lite", "queue_rank": 173, "arm": "generic", "target_act": "probing", "ok": true, "error": ""}
{"request_id": "routing-v1|scaffolding-800|oracle_action|doubao-seed-2.0-lite", "queue_rank": 174, "arm": "oracle_action", "target_act": "telling", "ok": true, "error": ""}
{"request_id": "routing-v1|scaffolding-9|uniform_scaffold|doubao-seed-2.0-lite", "queue_rank": 176, "arm": "uniform_scaffold", "target_act": "telling", "ok": true, "error": ""}
{"request_id": "routing-v1|scaffolding-123|adaptive_router|doubao-seed-2.0-lite", "queue_rank": 179, "arm": "adaptive_router", "target_act": "telling", "ok": true, "error": ""}
{"request_id": "routing-v1|scaffolding-640|oracle_action|doubao-seed-2.0-lite", "queue_rank": 180, "arm": "oracle_action", "target_act": "telling", "ok": true, "error": ""}
{"request_id": "routing-v1|scaffolding-477|adaptive_router|doubao-seed-2.0-lite", "queue_rank": 177, "arm": "adaptive_router", "target_act": "probing", "ok": true, "error": ""}
{"request_id": "routing-v1|scaffolding-703|uniform_scaffold|doubao-seed-2.0-lite", "queue_rank": 185, "arm": "uniform_scaffold", "target_act": "probing", "ok": true, "error": ""}
{"request_id": "routing-v1|scaffolding-157|uniform_scaffold|doubao-seed-2.0-lite", "queue_rank": 182, "arm": "uniform_scaffold", "target_act": "probing", "ok": true, "error": ""}
{"request_id": "routing-v1|scaffolding-477|generic|doubao-seed-2.0-lite", "queue_rank": 181, "arm": "generic", "target_act": "probing", "ok": true, "error": ""}
{"request_id": "routing-v1|scaffolding-309|oracle_action|doubao-seed-2.0-lite", "queue_rank": 178, "arm": "oracle_action", "target_act": "probing", "ok": true, "error": ""}
{"request_id": "routing-v1|scaffolding-800|generic|doubao-seed-2.0-lite", "queue_rank": 183, "arm": "generic", "target_act": "telling", "ok": true, "error": ""}
{"request_id": "routing-v1|scaffolding-921|generic|doubao-seed-2.0-lite", "queue_rank": 175, "arm": "generic", "target_act": "telling", "ok": true, "error": ""}
{"request_id": "routing-v1|scaffolding-60|generic|doubao-seed-2.0-lite", "queue_rank": 191, "arm": "generic", "target_act": "telling", "ok": true, "error": ""}
{"request_id": "routing-v1|scaffolding-146|generic|doubao-seed-2.0-lite", "queue_rank": 186, "arm": "generic", "target_act": "probing", "ok": true, "error": ""}
{"request_id": "routing-v1|scaffolding-915|oracle_action|doubao-seed-2.0-lite", "queue_rank": 190, "arm": "oracle_action", "target_act": "telling", "ok": true, "error": ""}
{"request_id": "routing-v1|scaffolding-240|adaptive_router|doubao-seed-2.0-lite", "queue_rank": 184, "arm": "adaptive_router", "target_act": "probing", "ok": true, "error": ""}
{"request_id": "routing-v1|scaffolding-756|adaptive_router|doubao-seed-2.0-lite", "queue_rank": 187, "arm": "adaptive_router", "target_act": "telling", "ok": true, "error": ""}
{"request_id": "routing-v1|scaffolding-448|oracle_action|doubao-seed-2.0-lite", "queue_rank": 189, "arm": "oracle_action", "target_act": "probing", "ok": true, "error": ""}
{"request_id": "routing-v1|scaffolding-2|uniform_scaffold|doubao-seed-2.0-lite", "queue_rank": 188, "arm": "uniform_scaffold", "target_act": "telling", "ok": true, "error": ""}
{"request_id": "routing-v1|scaffolding-793|generic|doubao-seed-2.0-lite", "queue_rank": 193, "arm": "generic", "target_act": "telling", "ok": true, "error": ""}
{"request_id": "routing-v1|scaffolding-524|adaptive_router|doubao-seed-2.0-lite", "queue_rank": 192, "arm": "adaptive_router", "target_act": "telling", "ok": true, "error": ""}
{"request_id": "routing-v1|scaffolding-7|oracle_action|doubao-seed-2.0-lite", "queue_rank": 194, "arm": "oracle_action", "target_act": "telling", "ok": true, "error": ""}
{"request_id": "routing-v1|scaffolding-446|uniform_scaffold|doubao-seed-2.0-lite", "queue_rank": 197, "arm": "uniform_scaffold", "target_act": "probing", "ok": true, "error": ""}
{"request_id": "routing-v1|scaffolding-953|oracle_action|doubao-seed-2.0-lite", "queue_rank": 196, "arm": "oracle_action", "target_act": "probing", "ok": true, "error": ""}
{"request_id": "routing-v1|scaffolding-216|uniform_scaffold|doubao-seed-2.0-lite", "queue_rank": 198, "arm": "uniform_scaffold", "target_act": "telling", "ok": true, "error": ""}
{"request_id": "routing-v1|scaffolding-121|adaptive_router|doubao-seed-2.0-lite", "queue_rank": 199, "arm": "adaptive_router", "target_act": "probing", "ok": true, "error": ""}
{"request_id": "routing-v1|scaffolding-729|generic|doubao-seed-2.0-lite", "queue_rank": 195, "arm": "generic", "target_act": "probing", "ok": true, "error": ""}
{"request_id": "routing-v1|scaffolding-619|adaptive_router|doubao-seed-2.0-lite", "queue_rank": 200, "arm": "adaptive_router", "target_act": "probing", "ok": true, "error": ""}
{"request_id": "routing-v1|scaffolding-491|generic|doubao-seed-2.0-lite", "queue_rank": 203, "arm": "generic", "target_act": "probing", "ok": true, "error": ""}
{"request_id": "routing-v1|scaffolding-177|generic|doubao-seed-2.0-lite", "queue_rank": 202, "arm": "generic", "target_act": "telling", "ok": true, "error": ""}
{"request_id": "routing-v1|scaffolding-968|uniform_scaffold|doubao-seed-2.0-lite", "queue_rank": 206, "arm": "uniform_scaffold", "target_act": "telling", "ok": true, "error": ""}
{"request_id": "routing-v1|scaffolding-481|oracle_action|doubao-seed-2.0-lite", "queue_rank": 205, "arm": "oracle_action", "target_act": "probing", "ok": true, "error": ""}
{"request_id": "routing-v1|scaffolding-307|uniform_scaffold|doubao-seed-2.0-lite", "queue_rank": 201, "arm": "uniform_scaffold", "target_act": "probing", "ok": true, "error": ""}
{"request_id": "routing-v1|scaffolding-974|adaptive_router|doubao-seed-2.0-lite", "queue_rank": 204, "arm": "adaptive_router", "target_act": "telling", "ok": true, "error": ""}
{"request_id": "routing-v1|scaffolding-915|adaptive_router|doubao-seed-2.0-lite", "queue_rank": 210, "arm": "adaptive_router", "target_act": "telling", "ok": true, "error": ""}
{"request_id": "routing-v1|scaffolding-974|oracle_action|doubao-seed-2.0-lite", "queue_rank": 207, "arm": "oracle_action", "target_act": "telling", "ok": true, "error": ""}
{"request_id": "routing-v1|scaffolding-640|generic|doubao-seed-2.0-lite", "queue_rank": 208, "arm": "generic", "target_act": "telling", "ok": true, "error": ""}
{"request_id": "routing-v1|scaffolding-800|uniform_scaffold|doubao-seed-2.0-lite", "queue_rank": 213, "arm": "uniform_scaffold", "target_act": "telling", "ok": true, "error": ""}
{"request_id": "routing-v1|scaffolding-678|oracle_action|doubao-seed-2.0-lite", "queue_rank": 212, "arm": "oracle_action", "target_act": "probing", "ok": true, "error": ""}
{"request_id": "routing-v1|scaffolding-804|generic|doubao-seed-2.0-lite", "queue_rank": 211, "arm": "generic", "target_act": "probing", "ok": true, "error": ""}
{"request_id": "routing-v1|scaffolding-1085|oracle_action|doubao-seed-2.0-lite", "queue_rank": 216, "arm": "oracle_action", "target_act": "telling", "ok": true, "error": ""}
{"request_id": "routing-v1|scaffolding-715|adaptive_router|doubao-seed-2.0-lite", "queue_rank": 217, "arm": "adaptive_router", "target_act": "probing", "ok": true, "error": ""}
{"request_id": "routing-v1|scaffolding-722|oracle_action|doubao-seed-2.0-lite", "queue_rank": 215, "arm": "oracle_action", "target_act": "telling", "ok": true, "error": ""}
{"request_id": "routing-v1|scaffolding-453|uniform_scaffold|doubao-seed-2.0-lite", "queue_rank": 214, "arm": "uniform_scaffold", "target_act": "probing", "ok": true, "error": ""}
{"request_id": "routing-v1|scaffolding-11|generic|doubao-seed-2.0-lite", "queue_rank": 219, "arm": "generic", "target_act": "telling", "ok": true, "error": ""}
{"request_id": "routing-v1|scaffolding-446|generic|doubao-seed-2.0-lite", "queue_rank": 218, "arm": "generic", "target_act": "probing", "ok": true, "error": ""}
{"request_id": "routing-v1|scaffolding-363|adaptive_router|doubao-seed-2.0-lite", "queue_rank": 209, "arm": "adaptive_router", "target_act": "probing", "ok": true, "error": ""}
{"request_id": "routing-v1|scaffolding-991|uniform_scaffold|doubao-seed-2.0-lite", "queue_rank": 222, "arm": "uniform_scaffold", "target_act": "probing", "ok": true, "error": ""}
{"request_id": "routing-v1|scaffolding-756|uniform_scaffold|doubao-seed-2.0-lite", "queue_rank": 220, "arm": "uniform_scaffold", "target_act": "telling", "ok": true, "error": ""}
{"request_id": "routing-v1|scaffolding-780|oracle_action|doubao-seed-2.0-lite", "queue_rank": 223, "arm": "oracle_action", "target_act": "probing", "ok": true, "error": ""}
{"request_id": "routing-v1|scaffolding-324|generic|doubao-seed-2.0-lite", "queue_rank": 226, "arm": "generic", "target_act": "telling", "ok": true, "error": ""}
{"request_id": "routing-v1|scaffolding-146|uniform_scaffold|doubao-seed-2.0-lite", "queue_rank": 225, "arm": "uniform_scaffold", "target_act": "probing", "ok": true, "error": ""}
{"request_id": "routing-v1|scaffolding-9|adaptive_router|doubao-seed-2.0-lite", "queue_rank": 221, "arm": "adaptive_router", "target_act": "telling", "ok": true, "error": ""}
{"request_id": "routing-v1|scaffolding-698|uniform_scaffold|doubao-seed-2.0-lite", "queue_rank": 231, "arm": "uniform_scaffold", "target_act": "telling", "ok": true, "error": ""}
{"request_id": "routing-v1|scaffolding-157|oracle_action|doubao-seed-2.0-lite", "queue_rank": 224, "arm": "oracle_action", "target_act": "probing", "ok": true, "error": ""}
{"request_id": "routing-v1|scaffolding-157|generic|doubao-seed-2.0-lite", "queue_rank": 227, "arm": "generic", "target_act": "probing", "ok": true, "error": ""}
{"request_id": "routing-v1|scaffolding-322|oracle_action|doubao-seed-2.0-lite", "queue_rank": 232, "arm": "oracle_action", "target_act": "telling", "ok": true, "error": ""}
{"request_id": "routing-v1|scaffolding-703|generic|doubao-seed-2.0-lite", "queue_rank": 236, "arm": "generic", "target_act": "probing", "ok": true, "error": ""}
{"request_id": "routing-v1|scaffolding-619|uniform_scaffold|doubao-seed-2.0-lite", "queue_rank": 235, "arm": "uniform_scaffold", "target_act": "probing", "ok": true, "error": ""}
{"request_id": "routing-v1|scaffolding-57|generic|doubao-seed-2.0-lite", "queue_rank": 234, "arm": "generic", "target_act": "telling", "ok": true, "error": ""}
{"request_id": "routing-v1|scaffolding-307|oracle_action|doubao-seed-2.0-lite", "queue_rank": 233, "arm": "oracle_action", "target_act": "probing", "ok": true, "error": ""}
{"request_id": "routing-v1|scaffolding-59|adaptive_router|doubao-seed-2.0-lite", "queue_rank": 230, "arm": "adaptive_router", "target_act": "telling", "ok": true, "error": ""}
{"request_id": "routing-v1|scaffolding-879|adaptive_router|doubao-seed-2.0-lite", "queue_rank": 229, "arm": "adaptive_router", "target_act": "probing", "ok": true, "error": ""}
{"request_id": "routing-v1|scaffolding-251|uniform_scaffold|doubao-seed-2.0-lite", "queue_rank": 240, "arm": "uniform_scaffold", "target_act": "probing", "ok": true, "error": ""}
{"request_id": "routing-v1|scaffolding-2|oracle_action|doubao-seed-2.0-lite", "queue_rank": 228, "arm": "oracle_action", "target_act": "telling", "ok": true, "error": ""}
{"request_id": "routing-v1|scaffolding-909|uniform_scaffold|doubao-seed-2.0-lite", "queue_rank": 237, "arm": "uniform_scaffold", "target_act": "telling", "ok": true, "error": ""}
{"request_id": "routing-v1|scaffolding-698|adaptive_router|doubao-seed-2.0-lite", "queue_rank": 238, "arm": "adaptive_router", "target_act": "telling", "ok": true, "error": ""}
{"request_id": "routing-v1|scaffolding-56|generic|doubao-seed-2.0-lite", "queue_rank": 243, "arm": "generic", "target_act": "telling", "ok": true, "error": ""}
{"request_id": "routing-v1|scaffolding-610|adaptive_router|doubao-seed-2.0-lite", "queue_rank": 239, "arm": "adaptive_router", "target_act": "probing", "ok": true, "error": ""}
{"request_id": "routing-v1|scaffolding-674|adaptive_router|doubao-seed-2.0-lite", "queue_rank": 242, "arm": "adaptive_router", "target_act": "probing", "ok": true, "error": ""}
{"request_id": "routing-v1|scaffolding-74|generic|doubao-seed-2.0-lite", "queue_rank": 246, "arm": "generic", "target_act": "probing", "ok": true, "error": ""}
{"request_id": "routing-v1|scaffolding-59|uniform_scaffold|doubao-seed-2.0-lite", "queue_rank": 247, "arm": "uniform_scaffold", "target_act": "telling", "ok": true, "error": ""}
{"request_id": "routing-v1|scaffolding-123|oracle_action|doubao-seed-2.0-lite", "queue_rank": 249, "arm": "oracle_action", "target_act": "telling", "ok": true, "error": ""}
{"request_id": "routing-v1|scaffolding-698|generic|doubao-seed-2.0-lite", "queue_rank": 250, "arm": "generic", "target_act": "telling", "ok": true, "error": ""}
{"request_id": "routing-v1|scaffolding-619|oracle_action|doubao-seed-2.0-lite", "queue_rank": 245, "arm": "oracle_action", "target_act": "probing", "ok": true, "error": ""}
{"request_id": "routing-v1|scaffolding-715|uniform_scaffold|doubao-seed-2.0-lite", "queue_rank": 252, "arm": "uniform_scaffold", "target_act": "probing", "ok": true, "error": ""}
{"request_id": "routing-v1|scaffolding-921|oracle_action|doubao-seed-2.0-lite", "queue_rank": 241, "arm": "oracle_action", "target_act": "telling", "ok": true, "error": ""}
{"request_id": "routing-v1|scaffolding-804|oracle_action|doubao-seed-2.0-lite", "queue_rank": 248, "arm": "oracle_action", "target_act": "probing", "ok": true, "error": ""}
{"request_id": "routing-v1|scaffolding-11|uniform_scaffold|doubao-seed-2.0-lite", "queue_rank": 254, "arm": "uniform_scaffold", "target_act": "telling", "ok": true, "error": ""}
{"request_id": "routing-v1|scaffolding-196|adaptive_router|doubao-seed-2.0-lite", "queue_rank": 251, "arm": "adaptive_router", "target_act": "probing", "ok": true, "error": ""}
{"request_id": "routing-v1|scaffolding-921|adaptive_router|doubao-seed-2.0-lite", "queue_rank": 244, "arm": "adaptive_router", "target_act": "telling", "ok": true, "error": ""}
{"request_id": "routing-v1|scaffolding-216|adaptive_router|doubao-seed-2.0-lite", "queue_rank": 253, "arm": "adaptive_router", "target_act": "telling", "ok": true, "error": ""}
{"request_id": "routing-v1|scaffolding-8|oracle_action|doubao-seed-2.0-lite", "queue_rank": 256, "arm": "oracle_action", "target_act": "telling", "ok": true, "error": ""}
{"request_id": "routing-v1|scaffolding-446|oracle_action|doubao-seed-2.0-lite", "queue_rank": 257, "arm": "oracle_action", "target_act": "probing", "ok": true, "error": ""}
{"request_id": "routing-v1|scaffolding-835|generic|doubao-seed-2.0-lite", "queue_rank": 255, "arm": "generic", "target_act": "probing", "ok": true, "error": ""}
{"request_id": "routing-v1|scaffolding-760|generic|doubao-seed-2.0-lite", "queue_rank": 259, "arm": "generic", "target_act": "telling", "ok": true, "error": ""}
{"request_id": "routing-v1|scaffolding-11|adaptive_router|doubao-seed-2.0-lite", "queue_rank": 258, "arm": "adaptive_router", "target_act": "telling", "ok": true, "error": ""}
{"request_id": "routing-v1|scaffolding-755|uniform_scaffold|doubao-seed-2.0-lite", "queue_rank": 263, "arm": "uniform_scaffold", "target_act": "telling", "ok": true, "error": ""}
{"request_id": "routing-v1|scaffolding-307|adaptive_router|doubao-seed-2.0-lite", "queue_rank": 260, "arm": "adaptive_router", "target_act": "probing", "ok": true, "error": ""}
{"request_id": "routing-v1|scaffolding-137|uniform_scaffold|doubao-seed-2.0-lite", "queue_rank": 262, "arm": "uniform_scaffold", "target_act": "probing", "ok": true, "error": ""}
{"request_id": "routing-v1|scaffolding-8|uniform_scaffold|doubao-seed-2.0-lite", "queue_rank": 265, "arm": "uniform_scaffold", "target_act": "telling", "ok": true, "error": ""}
{"request_id": "routing-v1|scaffolding-780|adaptive_router|doubao-seed-2.0-lite", "queue_rank": 266, "arm": "adaptive_router", "target_act": "probing", "ok": true, "error": ""}
{"request_id": "routing-v1|scaffolding-953|uniform_scaffold|doubao-seed-2.0-lite", "queue_rank": 270, "arm": "uniform_scaffold", "target_act": "probing", "ok": true, "error": ""}
{"request_id": "routing-v1|scaffolding-216|oracle_action|doubao-seed-2.0-lite", "queue_rank": 264, "arm": "oracle_action", "target_act": "telling", "ok": true, "error": ""}
{"request_id": "routing-v1|scaffolding-685|generic|doubao-seed-2.0-lite", "queue_rank": 271, "arm": "generic", "target_act": "telling", "ok": true, "error": ""}
{"request_id": "routing-v1|scaffolding-749|generic|doubao-seed-2.0-lite", "queue_rank": 267, "arm": "generic", "target_act": "probing", "ok": true, "error": ""}
{"request_id": "routing-v1|scaffolding-799|generic|doubao-seed-2.0-lite", "queue_rank": 272, "arm": "generic", "target_act": "telling", "ok": true, "error": ""}
{"request_id": "routing-v1|scaffolding-845|oracle_action|doubao-seed-2.0-lite", "queue_rank": 274, "arm": "oracle_action", "target_act": "telling", "ok": true, "error": ""}
{"request_id": "routing-v1|scaffolding-729|oracle_action|doubao-seed-2.0-lite", "queue_rank": 269, "arm": "oracle_action", "target_act": "probing", "ok": true, "error": ""}
{"request_id": "routing-v1|scaffolding-266|uniform_scaffold|doubao-seed-2.0-lite", "queue_rank": 276, "arm": "uniform_scaffold", "target_act": "probing", "ok": true, "error": ""}
{"request_id": "routing-v1|scaffolding-169|uniform_scaffold|doubao-seed-2.0-lite", "queue_rank": 275, "arm": "uniform_scaffold", "target_act": "telling", "ok": true, "error": ""}
{"request_id": "routing-v1|scaffolding-448|adaptive_router|doubao-seed-2.0-lite", "queue_rank": 273, "arm": "adaptive_router", "target_act": "probing", "ok": true, "error": ""}
{"request_id": "routing-v1|scaffolding-2|adaptive_router|doubao-seed-2.0-lite", "queue_rank": 268, "arm": "adaptive_router", "target_act": "telling", "ok": true, "error": ""}
{"request_id": "routing-v1|scaffolding-481|generic|doubao-seed-2.0-lite", "queue_rank": 261, "arm": "generic", "target_act": "probing", "ok": true, "error": ""}
{"request_id": "routing-v1|scaffolding-998|uniform_scaffold|doubao-seed-2.0-lite", "queue_rank": 282, "arm": "uniform_scaffold", "target_act": "telling", "ok": true, "error": ""}
{"request_id": "routing-v1|scaffolding-774|generic|doubao-seed-2.0-lite", "queue_rank": 279, "arm": "generic", "target_act": "probing", "ok": true, "error": ""}
{"request_id": "routing-v1|scaffolding-99|generic|doubao-seed-2.0-lite", "queue_rank": 281, "arm": "generic", "target_act": "telling", "ok": true, "error": ""}
{"request_id": "routing-v1|scaffolding-780|uniform_scaffold|doubao-seed-2.0-lite", "queue_rank": 287, "arm": "uniform_scaffold", "target_act": "probing", "ok": true, "error": ""}
{"request_id": "routing-v1|scaffolding-577|adaptive_router|doubao-seed-2.0-lite", "queue_rank": 280, "arm": "adaptive_router", "target_act": "probing", "ok": true, "error": ""}
{"request_id": "routing-v1|scaffolding-801|adaptive_router|doubao-seed-2.0-lite", "queue_rank": 277, "arm": "adaptive_router", "target_act": "telling", "ok": true, "error": ""}
{"request_id": "routing-v1|scaffolding-774|oracle_action|doubao-seed-2.0-lite", "queue_rank": 278, "arm": "oracle_action", "target_act": "probing", "ok": true, "error": ""}
{"request_id": "routing-v1|scaffolding-736|generic|doubao-seed-2.0-lite", "queue_rank": 286, "arm": "generic", "target_act": "probing", "ok": true, "error": ""}
{"request_id": "routing-v1|scaffolding-99|adaptive_router|doubao-seed-2.0-lite", "queue_rank": 283, "arm": "adaptive_router", "target_act": "telling", "ok": true, "error": ""}
{"request_id": "routing-v1|scaffolding-835|oracle_action|doubao-seed-2.0-lite", "queue_rank": 285, "arm": "oracle_action", "target_act": "probing", "ok": true, "error": ""}
{"request_id": "routing-v1|scaffolding-780|generic|doubao-seed-2.0-lite", "queue_rank": 291, "arm": "generic", "target_act": "probing", "ok": true, "error": ""}
{"request_id": "routing-v1|scaffolding-758|adaptive_router|doubao-seed-2.0-lite", "queue_rank": 292, "arm": "adaptive_router", "target_act": "telling", "ok": true, "error": ""}
{"request_id": "routing-v1|scaffolding-769|uniform_scaffold|doubao-seed-2.0-lite", "queue_rank": 290, "arm": "uniform_scaffold", "target_act": "probing", "ok": true, "error": ""}
{"request_id": "routing-v1|scaffolding-703|oracle_action|doubao-seed-2.0-lite", "queue_rank": 289, "arm": "oracle_action", "target_act": "probing", "ok": true, "error": ""}
{"request_id": "routing-v1|scaffolding-793|oracle_action|doubao-seed-2.0-lite", "queue_rank": 293, "arm": "oracle_action", "target_act": "telling", "ok": true, "error": ""}
{"request_id": "routing-v1|scaffolding-757|oracle_action|doubao-seed-2.0-lite", "queue_rank": 284, "arm": "oracle_action", "target_act": "telling", "ok": true, "error": ""}
{"request_id": "routing-v1|scaffolding-56|uniform_scaffold|doubao-seed-2.0-lite", "queue_rank": 294, "arm": "uniform_scaffold", "target_act": "telling", "ok": true, "error": ""}
{"request_id": "routing-v1|scaffolding-59|oracle_action|doubao-seed-2.0-lite", "queue_rank": 296, "arm": "oracle_action", "target_act": "telling", "ok": true, "error": ""}
{"request_id": "routing-v1|scaffolding-121|uniform_scaffold|doubao-seed-2.0-lite", "queue_rank": 297, "arm": "uniform_scaffold", "target_act": "probing", "ok": true, "error": ""}
{"request_id": "routing-v1|scaffolding-799|uniform_scaffold|doubao-seed-2.0-lite", "queue_rank": 298, "arm": "uniform_scaffold", "target_act": "telling", "ok": true, "error": ""}
{"request_id": "routing-v1|scaffolding-524|generic|doubao-seed-2.0-lite", "queue_rank": 288, "arm": "generic", "target_act": "telling", "ok": true, "error": ""}
{"request_id": "routing-v1|scaffolding-8|generic|doubao-seed-2.0-lite", "queue_rank": 300, "arm": "generic", "target_act": "telling", "ok": true, "error": ""}
{"request_id": "routing-v1|scaffolding-800|adaptive_router|doubao-seed-2.0-lite", "queue_rank": 303, "arm": "adaptive_router", "target_act": "telling", "ok": true, "error": ""}
{"request_id": "routing-v1|scaffolding-774|adaptive_router|doubao-seed-2.0-lite", "queue_rank": 299, "arm": "adaptive_router", "target_act": "probing", "ok": true, "error": ""}
{"request_id": "routing-v1|scaffolding-240|uniform_scaffold|doubao-seed-2.0-lite", "queue_rank": 305, "arm": "uniform_scaffold", "target_act": "probing", "ok": true, "error": ""}
{"request_id": "routing-v1|scaffolding-879|oracle_action|doubao-seed-2.0-lite", "queue_rank": 301, "arm": "oracle_action", "target_act": "probing", "ok": true, "error": ""}
{"request_id": "routing-v1|scaffolding-448|generic|doubao-seed-2.0-lite", "queue_rank": 302, "arm": "generic", "target_act": "probing", "ok": true, "error": ""}
{"request_id": "routing-v1|scaffolding-137|generic|doubao-seed-2.0-lite", "queue_rank": 306, "arm": "generic", "target_act": "probing", "ok": true, "error": ""}
{"request_id": "routing-v1|scaffolding-915|generic|doubao-seed-2.0-lite", "queue_rank": 308, "arm": "generic", "target_act": "telling", "ok": true, "error": ""}
{"request_id": "routing-v1|scaffolding-845|uniform_scaffold|doubao-seed-2.0-lite", "queue_rank": 310, "arm": "uniform_scaffold", "target_act": "telling", "ok": true, "error": ""}
{"request_id": "routing-v1|scaffolding-589|adaptive_router|doubao-seed-2.0-lite", "queue_rank": 295, "arm": "adaptive_router", "target_act": "probing", "ok": true, "error": ""}
{"request_id": "routing-v1|scaffolding-12|oracle_action|doubao-seed-2.0-lite", "queue_rank": 309, "arm": "oracle_action", "target_act": "telling", "ok": true, "error": ""}
{"request_id": "routing-v1|scaffolding-338|uniform_scaffold|doubao-seed-2.0-lite", "queue_rank": 316, "arm": "uniform_scaffold", "target_act": "probing", "ok": true, "error": ""}
{"request_id": "routing-v1|scaffolding-148|adaptive_router|doubao-seed-2.0-lite", "queue_rank": 307, "arm": "adaptive_router", "target_act": "probing", "ok": true, "error": ""}
{"request_id": "routing-v1|scaffolding-919|generic|doubao-seed-2.0-lite", "queue_rank": 314, "arm": "generic", "target_act": "telling", "ok": true, "error": ""}
{"request_id": "routing-v1|scaffolding-177|oracle_action|doubao-seed-2.0-lite", "queue_rank": 313, "arm": "oracle_action", "target_act": "telling", "ok": true, "error": ""}
{"request_id": "routing-v1|scaffolding-760|adaptive_router|doubao-seed-2.0-lite", "queue_rank": 304, "arm": "adaptive_router", "target_act": "telling", "ok": true, "error": ""}
{"request_id": "routing-v1|scaffolding-55|adaptive_router|doubao-seed-2.0-lite", "queue_rank": 315, "arm": "adaptive_router", "target_act": "telling", "ok": true, "error": ""}
{"request_id": "routing-v1|scaffolding-322|uniform_scaffold|doubao-seed-2.0-lite", "queue_rank": 317, "arm": "uniform_scaffold", "target_act": "telling", "ok": true, "error": ""}
{"request_id": "routing-v1|scaffolding-477|oracle_action|doubao-seed-2.0-lite", "queue_rank": 312, "arm": "oracle_action", "target_act": "probing", "ok": true, "error": ""}
{"request_id": "routing-v1|scaffolding-451|oracle_action|doubao-seed-2.0-lite", "queue_rank": 311, "arm": "oracle_action", "target_act": "probing", "ok": true, "error": ""}
{"request_id": "routing-v1|scaffolding-338|generic|doubao-seed-2.0-lite", "queue_rank": 321, "arm": "generic", "target_act": "probing", "ok": true, "error": ""}
{"request_id": "routing-v1|scaffolding-309|generic|doubao-seed-2.0-lite", "queue_rank": 319, "arm": "generic", "target_act": "probing", "ok": true, "error": ""}
{"request_id": "routing-v1|scaffolding-760|uniform_scaffold|doubao-seed-2.0-lite", "queue_rank": 324, "arm": "uniform_scaffold", "target_act": "telling", "ok": true, "error": ""}
{"request_id": "routing-v1|scaffolding-686|adaptive_router|doubao-seed-2.0-lite", "queue_rank": 323, "arm": "adaptive_router", "target_act": "telling", "ok": true, "error": ""}
{"request_id": "routing-v1|scaffolding-55|generic|doubao-seed-2.0-lite", "queue_rank": 322, "arm": "generic", "target_act": "telling", "ok": true, "error": ""}
{"request_id": "routing-v1|scaffolding-268|uniform_scaffold|doubao-seed-2.0-lite", "queue_rank": 325, "arm": "uniform_scaffold", "target_act": "probing", "ok": true, "error": ""}
{"request_id": "routing-v1|scaffolding-610|oracle_action|doubao-seed-2.0-lite", "queue_rank": 326, "arm": "oracle_action", "target_act": "probing", "ok": true, "error": ""}
{"request_id": "routing-v1|scaffolding-453|adaptive_router|doubao-seed-2.0-lite", "queue_rank": 318, "arm": "adaptive_router", "target_act": "probing", "ok": true, "error": ""}
{"request_id": "routing-v1|scaffolding-704|adaptive_router|doubao-seed-2.0-lite", "queue_rank": 320, "arm": "adaptive_router", "target_act": "probing", "ok": true, "error": ""}
{"request_id": "routing-v1|scaffolding-137|adaptive_router|doubao-seed-2.0-lite", "queue_rank": 329, "arm": "adaptive_router", "target_act": "probing", "ok": true, "error": ""}
{"request_id": "routing-v1|scaffolding-99|oracle_action|doubao-seed-2.0-lite", "queue_rank": 328, "arm": "oracle_action", "target_act": "telling", "ok": true, "error": ""}
{"request_id": "routing-v1|scaffolding-491|oracle_action|doubao-seed-2.0-lite", "queue_rank": 330, "arm": "oracle_action", "target_act": "probing", "ok": true, "error": ""}
{"request_id": "routing-v1|scaffolding-698|oracle_action|doubao-seed-2.0-lite", "queue_rank": 327, "arm": "oracle_action", "target_act": "telling", "ok": true, "error": ""}
{"request_id": "routing-v1|scaffolding-1085|uniform_scaffold|doubao-seed-2.0-lite", "queue_rank": 331, "arm": "uniform_scaffold", "target_act": "telling", "ok": true, "error": ""}
{"request_id": "routing-v1|scaffolding-722|generic|doubao-seed-2.0-lite", "queue_rank": 335, "arm": "generic", "target_act": "telling", "ok": true, "error": ""}
{"request_id": "routing-v1|scaffolding-619|generic|doubao-seed-2.0-lite", "queue_rank": 334, "arm": "generic", "target_act": "probing", "ok": true, "error": ""}
{"request_id": "routing-v1|scaffolding-623|uniform_scaffold|doubao-seed-2.0-lite", "queue_rank": 332, "arm": "uniform_scaffold", "target_act": "probing", "ok": true, "error": ""}
{"request_id": "routing-v1|scaffolding-678|uniform_scaffold|doubao-seed-2.0-lite", "queue_rank": 339, "arm": "uniform_scaffold", "target_act": "probing", "ok": true, "error": ""}
{"request_id": "routing-v1|scaffolding-47|adaptive_router|doubao-seed-2.0-lite", "queue_rank": 333, "arm": "adaptive_router", "target_act": "telling", "ok": true, "error": ""}
{"request_id": "routing-v1|scaffolding-8|adaptive_router|doubao-seed-2.0-lite", "queue_rank": 336, "arm": "adaptive_router", "target_act": "telling", "ok": true, "error": ""}
{"request_id": "routing-v1|scaffolding-953|generic|doubao-seed-2.0-lite", "queue_rank": 340, "arm": "generic", "target_act": "probing", "ok": true, "error": ""}
{"request_id": "routing-v1|scaffolding-968|generic|doubao-seed-2.0-lite", "queue_rank": 338, "arm": "generic", "target_act": "telling", "ok": true, "error": ""}
{"request_id": "routing-v1|scaffolding-685|uniform_scaffold|doubao-seed-2.0-lite", "queue_rank": 342, "arm": "uniform_scaffold", "target_act": "telling", "ok": true, "error": ""}
{"request_id": "routing-v1|scaffolding-477|uniform_scaffold|doubao-seed-2.0-lite", "queue_rank": 344, "arm": "uniform_scaffold", "target_act": "probing", "ok": true, "error": ""}
{"request_id": "routing-v1|scaffolding-704|oracle_action|doubao-seed-2.0-lite", "queue_rank": 337, "arm": "oracle_action", "target_act": "probing", "ok": true, "error": ""}
{"request_id": "routing-v1|scaffolding-15|uniform_scaffold|doubao-seed-2.0-lite", "queue_rank": 347, "arm": "uniform_scaffold", "target_act": "telling", "ok": true, "error": ""}
{"request_id": "routing-v1|scaffolding-268|generic|doubao-seed-2.0-lite", "queue_rank": 346, "arm": "generic", "target_act": "probing", "ok": true, "error": ""}
{"request_id": "routing-v1|scaffolding-56|oracle_action|doubao-seed-2.0-lite", "queue_rank": 343, "arm": "oracle_action", "target_act": "telling", "ok": true, "error": ""}
{"request_id": "routing-v1|scaffolding-266|adaptive_router|doubao-seed-2.0-lite", "queue_rank": 341, "arm": "adaptive_router", "target_act": "probing", "ok": true, "error": ""}
{"request_id": "routing-v1|scaffolding-589|oracle_action|doubao-seed-2.0-lite", "queue_rank": 349, "arm": "oracle_action", "target_act": "probing", "ok": true, "error": ""}
{"request_id": "routing-v1|scaffolding-998|adaptive_router|doubao-seed-2.0-lite", "queue_rank": 350, "arm": "adaptive_router", "target_act": "telling", "ok": true, "error": ""}
{"request_id": "routing-v1|scaffolding-801|oracle_action|doubao-seed-2.0-lite", "queue_rank": 353, "arm": "oracle_action", "target_act": "telling", "ok": true, "error": ""}
{"request_id": "routing-v1|scaffolding-47|generic|doubao-seed-2.0-lite", "queue_rank": 345, "arm": "generic", "target_act": "telling", "ok": true, "error": ""}
{"request_id": "routing-v1|scaffolding-793|adaptive_router|doubao-seed-2.0-lite", "queue_rank": 352, "arm": "adaptive_router", "target_act": "telling", "ok": true, "error": ""}
{"request_id": "routing-v1|scaffolding-446|adaptive_router|doubao-seed-2.0-lite", "queue_rank": 348, "arm": "adaptive_router", "target_act": "probing", "ok": true, "error": ""}
{"request_id": "routing-v1|scaffolding-176|generic|doubao-seed-2.0-lite", "queue_rank": 358, "arm": "generic", "target_act": "telling", "ok": true, "error": ""}
{"request_id": "routing-v1|scaffolding-801|uniform_scaffold|doubao-seed-2.0-lite", "queue_rank": 357, "arm": "uniform_scaffold", "target_act": "telling", "ok": true, "error": ""}
{"request_id": "routing-v1|scaffolding-500|oracle_action|doubao-seed-2.0-lite", "queue_rank": 351, "arm": "oracle_action", "target_act": "telling", "ok": true, "error": ""}
{"request_id": "routing-v1|scaffolding-146|adaptive_router|doubao-seed-2.0-lite", "queue_rank": 354, "arm": "adaptive_router", "target_act": "probing", "ok": true, "error": ""}
{"request_id": "routing-v1|scaffolding-729|uniform_scaffold|doubao-seed-2.0-lite", "queue_rank": 356, "arm": "uniform_scaffold", "target_act": "probing", "ok": true, "error": ""}
{"request_id": "routing-v1|scaffolding-719|uniform_scaffold|doubao-seed-2.0-lite", "queue_rank": 361, "arm": "uniform_scaffold", "target_act": "telling", "ok": true, "error": ""}
{"request_id": "routing-v1|scaffolding-721|generic|doubao-seed-2.0-lite", "queue_rank": 362, "arm": "generic", "target_act": "telling", "ok": true, "error": ""}
{"request_id": "routing-v1|scaffolding-266|oracle_action|doubao-seed-2.0-lite", "queue_rank": 355, "arm": "oracle_action", "target_act": "probing", "ok": true, "error": ""}
{"request_id": "routing-v1|scaffolding-251|oracle_action|doubao-seed-2.0-lite", "queue_rank": 360, "arm": "oracle_action", "target_act": "probing", "ok": true, "error": ""}
{"request_id": "routing-v1|scaffolding-309|uniform_scaffold|doubao-seed-2.0-lite", "queue_rank": 366, "arm": "uniform_scaffold", "target_act": "probing", "ok": true, "error": ""}
{"request_id": "routing-v1|scaffolding-193|generic|doubao-seed-2.0-lite", "queue_rank": 359, "arm": "generic", "target_act": "probing", "ok": true, "error": ""}
{"request_id": "routing-v1|scaffolding-196|generic|doubao-seed-2.0-lite", "queue_rank": 369, "arm": "generic", "target_act": "probing", "ok": true, "error": ""}
{"request_id": "routing-v1|scaffolding-589|generic|doubao-seed-2.0-lite", "queue_rank": 364, "arm": "generic", "target_act": "probing", "ok": true, "error": ""}
{"request_id": "routing-v1|scaffolding-15|adaptive_router|doubao-seed-2.0-lite", "queue_rank": 370, "arm": "adaptive_router", "target_act": "telling", "ok": true, "error": ""}
{"request_id": "routing-v1|scaffolding-176|adaptive_router|doubao-seed-2.0-lite", "queue_rank": 367, "arm": "adaptive_router", "target_act": "telling", "ok": true, "error": ""}
{"request_id": "routing-v1|scaffolding-835|adaptive_router|doubao-seed-2.0-lite", "queue_rank": 368, "arm": "adaptive_router", "target_act": "probing", "ok": true, "error": ""}
{"request_id": "routing-v1|scaffolding-193|adaptive_router|doubao-seed-2.0-lite", "queue_rank": 365, "arm": "adaptive_router", "target_act": "probing", "ok": true, "error": ""}
{"request_id": "routing-v1|scaffolding-760|oracle_action|doubao-seed-2.0-lite", "queue_rank": 363, "arm": "oracle_action", "target_act": "telling", "ok": true, "error": ""}
{"request_id": "routing-v1|scaffolding-602|uniform_scaffold|doubao-seed-2.0-lite", "queue_rank": 372, "arm": "uniform_scaffold", "target_act": "probing", "ok": true, "error": ""}
{"request_id": "routing-v1|scaffolding-686|uniform_scaffold|doubao-seed-2.0-lite", "queue_rank": 376, "arm": "uniform_scaffold", "target_act": "telling", "ok": true, "error": ""}
{"request_id": "routing-v1|scaffolding-769|oracle_action|doubao-seed-2.0-lite", "queue_rank": 371, "arm": "oracle_action", "target_act": "probing", "ok": true, "error": ""}
{"request_id": "routing-v1|scaffolding-60|oracle_action|doubao-seed-2.0-lite", "queue_rank": 375, "arm": "oracle_action", "target_act": "telling", "ok": true, "error": ""}
{"request_id": "routing-v1|scaffolding-57|uniform_scaffold|doubao-seed-2.0-lite", "queue_rank": 374, "arm": "uniform_scaffold", "target_act": "telling", "ok": true, "error": ""}
{"request_id": "routing-v1|scaffolding-7|generic|doubao-seed-2.0-lite", "queue_rank": 373, "arm": "generic", "target_act": "telling", "ok": true, "error": ""}
{"request_id": "routing-v1|scaffolding-15|oracle_action|doubao-seed-2.0-lite", "queue_rank": 378, "arm": "oracle_action", "target_act": "telling", "ok": true, "error": ""}
{"request_id": "routing-v1|scaffolding-124|adaptive_router|doubao-seed-2.0-lite", "queue_rank": 377, "arm": "adaptive_router", "target_act": "probing", "ok": true, "error": ""}
{"request_id": "routing-v1|scaffolding-835|uniform_scaffold|doubao-seed-2.0-lite", "queue_rank": 379, "arm": "uniform_scaffold", "target_act": "probing", "ok": true, "error": ""}
{"request_id": "routing-v1|scaffolding-991|generic|doubao-seed-2.0-lite", "queue_rank": 383, "arm": "generic", "target_act": "probing", "ok": true, "error": ""}
{"request_id": "routing-v1|scaffolding-756|generic|doubao-seed-2.0-lite", "queue_rank": 380, "arm": "generic", "target_act": "telling", "ok": true, "error": ""}
{"request_id": "routing-v1|scaffolding-721|adaptive_router|doubao-seed-2.0-lite", "queue_rank": 381, "arm": "adaptive_router", "target_act": "telling", "ok": true, "error": ""}
{"request_id": "routing-v1|scaffolding-148|oracle_action|doubao-seed-2.0-lite", "queue_rank": 382, "arm": "oracle_action", "target_act": "probing", "ok": true, "error": ""}
{
  "current_errors": 0,
  "expected": 1920,
  "missing": 0,
  "per_model": {
    "MiniMax-M2.7": {
      "errors": 0,
      "expected": 384,
      "missing": 0,
      "successful": 384
    },
    "MiniMax-M3": {
      "errors": 0,
      "expected": 384,
      "missing": 0,
      "successful": 384
    },
    "deepseek-v4-pro": {
      "errors": 0,
      "expected": 384,
      "missing": 0,
      "successful": 384
    },
    "doubao-seed-2.0-lite": {
      "errors": 0,
      "expected": 384,
      "missing": 0,
      "successful": 384
    },
    "glm-5.2": {
      "errors": 0,
      "expected": 384,
      "missing": 0,
      "successful": 384
    }
  },
  "successful": 1920,
  "unexpected_keys": 0
}
