event,replicate,comparison,gain,training_rows,unique_original_training_sources,default_minus_style_risk
answer_reveal,0,default_vs_context,0.08995259543696804,1320,19,-0.08178732540833428
answer_reveal,0,student_state_vs_domain,0.00032022885949953284,1320,19,-0.08178732540833428
answer_reveal,1,default_vs_context,0.0918053789177606,1280,21,-0.06901638519531557
answer_reveal,1,student_state_vs_domain,-0.0002644820648122215,1280,21,-0.06901638519531557
answer_reveal,2,default_vs_context,0.09272786663147674,1280,19,-0.0749076821884594
answer_reveal,2,student_state_vs_domain,0.0001808929609553936,1280,19,-0.0749076821884594
answer_reveal,3,default_vs_context,0.09099340482652732,1280,17,-0.06931221376860897
answer_reveal,3,student_state_vs_domain,0.00032805521417550443,1280,17,-0.06931221376860897
answer_reveal,4,default_vs_context,0.09057174709860429,1240,20,-0.07743356679259876
answer_reveal,4,student_state_vs_domain,0.00042885177642573713,1240,20,-0.07743356679259876
answer_reveal,5,default_vs_context,0.08872043181285871,1320,19,-0.08100560286321784
answer_reveal,5,student_state_vs_domain,0.0002000967319448349,1320,19,-0.08100560286321784
answer_reveal,6,default_vs_context,0.08915388206812046,1320,22,-0.07099281044067944
answer_reveal,6,student_state_vs_domain,-0.000117850588067403,1320,22,-0.07099281044067944
answer_reveal,7,default_vs_context,0.09096953403221551,1240,20,-0.07860402341010846
answer_reveal,7,student_state_vs_domain,6.646336995133617e-05,1240,20,-0.07860402341010846
answer_reveal,8,default_vs_context,0.09242445879798233,1200,22,-0.07526212829756954
answer_reveal,8,student_state_vs_domain,0.00019183109381549351,1200,22,-0.07526212829756954
answer_reveal,9,default_vs_context,0.08972586491027819,1320,18,-0.07490872360627866
answer_reveal,9,student_state_vs_domain,0.00039747297519229785,1320,18,-0.07490872360627866
answer_reveal,10,default_vs_context,0.09188996479569617,1200,18,-0.07286591539808701
answer_reveal,10,student_state_vs_domain,-7.348435036294565e-05,1200,18,-0.07286591539808701
answer_reveal,11,default_vs_context,0.09062287554467982,1360,17,-0.07247059196538078
answer_reveal,11,student_state_vs_domain,-0.0015696281907522647,1360,17,-0.07247059196538078
answer_reveal,12,default_vs_context,0.08966438325498104,1360,18,-0.07869364738333486
answer_reveal,12,student_state_vs_domain,-0.000187413147796342,1360,18,-0.07869364738333486
answer_reveal,13,default_vs_context,0.09009965400839409,1320,20,-0.07157527744941608
answer_reveal,13,student_state_vs_domain,-0.00023717854458846221,1320,20,-0.07157527744941608
answer_reveal,14,default_vs_context,0.09141596145458768,1320,18,-0.07905937940092521
answer_reveal,14,student_state_vs_domain,0.0005915879019410403,1320,18,-0.07905937940092521
answer_reveal,15,default_vs_context,0.09004688334603073,1280,20,-0.066731187412986
answer_reveal,15,student_state_vs_domain,0.0005482271354109308,1280,20,-0.066731187412986
answer_reveal,16,default_vs_context,0.08505488800814415,1240,17,-0.07899415175067293
answer_reveal,16,student_state_vs_domain,-0.00024053904181764452,1240,17,-0.07899415175067293
answer_reveal,17,default_vs_context,0.0895861346194487,1240,21,-0.08358622916454228
answer_reveal,17,student_state_vs_domain,5.325460306848662e-06,1240,21,-0.08358622916454228
answer_reveal,18,default_vs_context,0.08885577621963328,1320,17,-0.0783173572999532
answer_reveal,18,student_state_vs_domain,0.0008454686195825123,1320,17,-0.0783173572999532
answer_reveal,19,default_vs_context,0.09091560802146297,1240,18,-0.06439550519604768
answer_reveal,19,student_state_vs_domain,-0.00011180445475964668,1240,18,-0.06439550519604768
answer_reveal,20,default_vs_context,0.09233501707809808,1280,21,-0.07178267460723134
answer_reveal,20,student_state_vs_domain,9.914974736335846e-05,1280,21,-0.07178267460723134
answer_reveal,21,default_vs_context,0.08907781765151893,1240,20,-0.06775465685205564
answer_reveal,21,student_state_vs_domain,0.0002168477057362811,1240,20,-0.06775465685205564
answer_reveal,22,default_vs_context,0.08903211675409914,1360,16,-0.07862282987025423
answer_reveal,22,student_state_vs_domain,-0.00023016326836157452,1360,16,-0.07862282987025423
answer_reveal,23,default_vs_context,0.08721022692631528,1320,18,-0.07674323093176161
answer_reveal,23,student_state_vs_domain,0.0001449302617228393,1320,18,-0.07674323093176161
answer_reveal,24,default_vs_context,0.08829390611039799,1360,20,-0.07643313936757969
answer_reveal,24,student_state_vs_domain,0.00022891726057108763,1360,20,-0.07643313936757969
answer_reveal,25,default_vs_context,0.09044348696567822,1280,20,-0.07997991391570375
answer_reveal,25,student_state_vs_domain,0.00041516928138823905,1280,20,-0.07997991391570375
answer_reveal,26,default_vs_context,0.09190575178686508,1240,21,-0.07918217560773305
answer_reveal,26,student_state_vs_domain,-0.0004396207466464061,1240,21,-0.07918217560773305
answer_reveal,27,default_vs_context,0.08672704548492612,1400,15,-0.06991528117802799
answer_reveal,27,student_state_vs_domain,-0.0007847691193436923,1400,15,-0.06991528117802799
answer_reveal,28,default_vs_context,0.08742509626726597,1240,17,-0.07857697312561912
answer_reveal,28,student_state_vs_domain,-0.00014550214316931542,1240,17,-0.07857697312561912
answer_reveal,29,default_vs_context,0.08654222127951335,1280,18,-0.07485584013835127
answer_reveal,29,student_state_vs_domain,-0.0002143599312712796,1280,18,-0.07485584013835127
answer_reveal,30,default_vs_context,0.08785865155734623,1320,18,-0.06513206041728473
answer_reveal,30,student_state_vs_domain,0.00026178626592977816,1320,18,-0.06513206041728473
answer_reveal,31,default_vs_context,0.09090821006693094,1320,20,-0.07849088030035024
answer_reveal,31,student_state_vs_domain,0.00017795732015678245,1320,20,-0.07849088030035024
answer_reveal,32,default_vs_context,0.0911864183997027,1240,19,-0.0815083560271477
answer_reveal,32,student_state_vs_domain,-0.0004911486309411781,1240,19,-0.0815083560271477
answer_reveal,33,default_vs_context,0.09027678411393565,1280,18,-0.06884520072500956
answer_reveal,33,student_state_vs_domain,-2.1419492925903172e-05,1280,18,-0.06884520072500956
answer_reveal,34,default_vs_context,0.09083060284762182,1240,17,-0.07524366056927517
answer_reveal,34,student_state_vs_domain,-0.00033066242629831155,1240,17,-0.07524366056927517
answer_reveal,35,default_vs_context,0.08931361215650607,1280,18,-0.07903699939518313
answer_reveal,35,student_state_vs_domain,0.00022455217773954816,1280,18,-0.07903699939518313
answer_reveal,36,default_vs_context,0.08949840117398815,1360,21,-0.07437434274270617
answer_reveal,36,student_state_vs_domain,-0.000659809743194531,1360,21,-0.07437434274270617
answer_reveal,37,default_vs_context,0.09004196058136828,1320,18,-0.07174739210734667
answer_reveal,37,student_state_vs_domain,-0.0009831018044350048,1320,18,-0.07174739210734667
answer_reveal,38,default_vs_context,0.09072270556687055,1360,22,-0.07790659458219994
answer_reveal,38,student_state_vs_domain,-0.00018283401408289435,1360,22,-0.07790659458219994
answer_reveal,39,default_vs_context,0.09002663899529526,1280,21,-0.07354385296223839
answer_reveal,39,student_state_vs_domain,0.00027511469640859043,1280,21,-0.07354385296223839
answer_reveal,40,default_vs_context,0.0890702637224136,1320,19,-0.06206724823682068
answer_reveal,40,student_state_vs_domain,-0.00025434257349249423,1320,19,-0.06206724823682068
answer_reveal,41,default_vs_context,0.08882705874103816,1280,18,-0.06511128944641037
answer_reveal,41,student_state_vs_domain,-0.0007877412165154946,1280,18,-0.06511128944641037
answer_reveal,42,default_vs_context,0.09086118578071914,1280,21,-0.08021858223421893
answer_reveal,42,student_state_vs_domain,0.00017383655526236053,1280,21,-0.08021858223421893
answer_reveal,43,default_vs_context,0.0924150003809675,1240,19,-0.08121765729308522
answer_reveal,43,student_state_vs_domain,-0.0008222931231087749,1240,19,-0.08121765729308522
answer_reveal,44,default_vs_context,0.08983415264074712,1280,20,-0.0733215756957718
answer_reveal,44,student_state_vs_domain,-0.00019783109354580553,1280,20,-0.0733215756957718
answer_reveal,45,default_vs_context,0.08595490719163741,1400,15,-0.07859835884487894
answer_reveal,45,student_state_vs_domain,0.0006407412025146719,1400,15,-0.07859835884487894
answer_reveal,46,default_vs_context,0.09071950259412158,1320,18,-0.06200234983331217
answer_reveal,46,student_state_vs_domain,-0.00021402176684665736,1320,18,-0.06200234983331217
answer_reveal,47,default_vs_context,0.09081039313313043,1240,24,-0.07643124530770261
answer_reveal,47,student_state_vs_domain,0.0005643222564159014,1240,24,-0.07643124530770261
answer_reveal,48,default_vs_context,0.08666876217279972,1240,17,-0.05896974851906424
answer_reveal,48,student_state_vs_domain,-0.0006061345472664348,1240,17,-0.05896974851906424
answer_reveal,49,default_vs_context,0.0918656322736702,1320,17,-0.07921378363320183
answer_reveal,49,student_state_vs_domain,1.646540815983949e-05,1320,17,-0.07921378363320183
answer_reveal,50,default_vs_context,0.0902692728349676,1280,18,-0.08015264293983765
answer_reveal,50,student_state_vs_domain,0.0004499327053402169,1280,18,-0.08015264293983765
answer_reveal,51,default_vs_context,0.09119535081032923,1280,20,-0.07632136286819191
answer_reveal,51,student_state_vs_domain,0.00024979014854813186,1280,20,-0.07632136286819191
answer_reveal,52,default_vs_context,0.08982998078868787,1240,20,-0.07548588006844537
answer_reveal,52,student_state_vs_domain,-0.00017497948887253145,1240,20,-0.07548588006844537
answer_reveal,53,default_vs_context,0.09257306275772623,1280,23,-0.0714100962389517
answer_reveal,53,student_state_vs_domain,9.186123779592742e-05,1280,23,-0.0714100962389517
answer_reveal,54,default_vs_context,0.09001779960702647,1280,17,-0.07682524585016434
answer_reveal,54,student_state_vs_domain,-0.0002402213459692104,1280,17,-0.07682524585016434
answer_reveal,55,default_vs_context,0.08979030378786687,1240,21,-0.07408723331101588
answer_reveal,55,student_state_vs_domain,1.2803782715981038e-05,1240,21,-0.07408723331101588
answer_reveal,56,default_vs_context,0.0895917908699306,1320,20,-0.07388402607739272
answer_reveal,56,student_state_vs_domain,0.0002093838349956495,1320,20,-0.07388402607739272
answer_reveal,57,default_vs_context,0.08888664098078661,1320,22,-0.07462498855761615
answer_reveal,57,student_state_vs_domain,-0.0003734175945597912,1320,22,-0.07462498855761615
answer_reveal,58,default_vs_context,0.08992835967648313,1400,21,-0.07356419659829785
answer_reveal,58,student_state_vs_domain,-0.0008983521775120101,1400,21,-0.07356419659829785
answer_reveal,59,default_vs_context,0.09079252501201045,1280,22,-0.059990263373175576
answer_reveal,59,student_state_vs_domain,5.1449855337067085e-05,1280,22,-0.059990263373175576
answer_reveal,60,default_vs_context,0.08961291532418579,1320,15,-0.07490094465224874
answer_reveal,60,student_state_vs_domain,-0.00027685376927914784,1320,15,-0.07490094465224874
answer_reveal,61,default_vs_context,0.09023601312108263,1240,17,-0.0687583146839361
answer_reveal,61,student_state_vs_domain,-0.0005781436562948272,1240,17,-0.0687583146839361
answer_reveal,62,default_vs_context,0.08838968797509035,1280,19,-0.07933574612912907
answer_reveal,62,student_state_vs_domain,-0.00013755859238290258,1280,19,-0.07933574612912907
answer_reveal,63,default_vs_context,0.09084767504956465,1240,20,-0.07166054767260932
answer_reveal,63,student_state_vs_domain,0.00022460788065824244,1240,20,-0.07166054767260932
answer_reveal,64,default_vs_context,0.09075720722854842,1240,19,-0.07041271670223968
answer_reveal,64,student_state_vs_domain,-0.00012991677755149617,1240,19,-0.07041271670223968
answer_reveal,65,default_vs_context,0.0918096369749605,1240,18,-0.08076428884260126
answer_reveal,65,student_state_vs_domain,-0.00018514019602490495,1240,18,-0.08076428884260126
answer_reveal,66,default_vs_context,0.09093616426176093,1280,22,-0.07089128971359951
answer_reveal,66,student_state_vs_domain,0.00012670935215468304,1280,22,-0.07089128971359951
answer_reveal,67,default_vs_context,0.08799141974161276,1280,19,-0.0803164590142981
answer_reveal,67,student_state_vs_domain,-0.0016973125608189532,1280,19,-0.0803164590142981
answer_reveal,68,default_vs_context,0.08696079852930408,1360,18,-0.07882161804954252
answer_reveal,68,student_state_vs_domain,-7.83037773120221e-05,1360,18,-0.07882161804954252
answer_reveal,69,default_vs_context,0.09105916302204914,1240,20,-0.07210810021379419
answer_reveal,69,student_state_vs_domain,-2.011700410093492e-05,1240,20,-0.07210810021379419
answer_reveal,70,default_vs_context,0.08742180847056236,1360,19,-0.0790263491271132
answer_reveal,70,student_state_vs_domain,-0.0006485992968594673,1360,19,-0.0790263491271132
answer_reveal,71,default_vs_context,0.08897120771918553,1320,19,-0.07007062663072476
answer_reveal,71,student_state_vs_domain,-0.00013720586078629082,1320,19,-0.07007062663072476
answer_reveal,72,default_vs_context,0.08826319107137423,1280,18,-0.07547202556687127
answer_reveal,72,student_state_vs_domain,-0.0005674469517223252,1280,18,-0.07547202556687127
answer_reveal,73,default_vs_context,0.09050003043978021,1200,22,-0.0745137195915762
answer_reveal,73,student_state_vs_domain,5.225891053728393e-05,1200,22,-0.0745137195915762
answer_reveal,74,default_vs_context,0.09043838879326659,1280,20,-0.08041132718090839
answer_reveal,74,student_state_vs_domain,-1.638472902895649e-05,1280,20,-0.08041132718090839
answer_reveal,75,default_vs_context,0.08457676973595196,1280,17,-0.06997307978215855
answer_reveal,75,student_state_vs_domain,0.0005084726029513098,1280,17,-0.06997307978215855
answer_reveal,76,default_vs_context,0.08975192775431066,1200,18,-0.07755498356240724
answer_reveal,76,student_state_vs_domain,0.00032741450365458835,1200,18,-0.07755498356240724
answer_reveal,77,default_vs_context,0.09069425080875954,1400,19,-0.08049049414093537
answer_reveal,77,student_state_vs_domain,-1.8398158541377274e-05,1400,19,-0.08049049414093537
answer_reveal,78,default_vs_context,0.09095127062362313,1440,20,-0.07950161774610148
answer_reveal,78,student_state_vs_domain,0.0008277237177618801,1440,20,-0.07950161774610148
answer_reveal,79,default_vs_context,0.08767034957047212,1280,21,-0.07464756618883836
answer_reveal,79,student_state_vs_domain,-0.0003874341222027955,1280,21,-0.07464756618883836
answer_reveal,80,default_vs_context,0.08976310031602008,1400,20,-0.07998685836215527
answer_reveal,80,student_state_vs_domain,0.0005356828406254677,1400,20,-0.07998685836215527
answer_reveal,81,default_vs_context,0.09055907108458497,1320,21,-0.07477607501570785
answer_reveal,81,student_state_vs_domain,5.697794439868398e-05,1320,21,-0.07477607501570785
answer_reveal,82,default_vs_context,0.08836314201606635,1240,17,-0.06541540518513958
answer_reveal,82,student_state_vs_domain,-1.7276263598847708e-05,1240,17,-0.06541540518513958
answer_reveal,83,default_vs_context,0.09222359649966361,1200,18,-0.07479601216614964
answer_reveal,83,student_state_vs_domain,-0.0004097867559147844,1200,18,-0.07479601216614964
answer_reveal,84,default_vs_context,0.08803197648615993,1360,17,-0.07094392416858938
answer_reveal,84,student_state_vs_domain,-9.827037502545266e-05,1360,17,-0.07094392416858938
answer_reveal,85,default_vs_context,0.08656773575813692,1320,14,-0.058965845783691184
answer_reveal,85,student_state_vs_domain,-0.00021349125779056288,1320,14,-0.058965845783691184
answer_reveal,86,default_vs_context,0.08980722237846732,1280,19,-0.07613502281816943
answer_reveal,86,student_state_vs_domain,0.000691384550407334,1280,19,-0.07613502281816943
answer_reveal,87,default_vs_context,0.08854171876635844,1240,19,-0.07442784210833489
answer_reveal,87,student_state_vs_domain,0.00036106696115636994,1240,19,-0.07442784210833489
answer_reveal,88,default_vs_context,0.0897648643220543,1240,17,-0.07876332408768041
answer_reveal,88,student_state_vs_domain,0.0005991451805220926,1240,17,-0.07876332408768041
answer_reveal,89,default_vs_context,0.08845130588912004,1280,22,-0.06938898612182157
answer_reveal,89,student_state_vs_domain,0.00010123530030628491,1280,22,-0.06938898612182157
answer_reveal,90,default_vs_context,0.08915326814033198,1240,18,-0.07823229652123323
answer_reveal,90,student_state_vs_domain,0.00027177165624775457,1240,18,-0.07823229652123323
answer_reveal,91,default_vs_context,0.09060532510146727,1240,21,-0.07235702367806629
answer_reveal,91,student_state_vs_domain,0.00011826824978949241,1240,21,-0.07235702367806629
answer_reveal,92,default_vs_context,0.09142799053354184,1280,18,-0.07123048937916612
answer_reveal,92,student_state_vs_domain,-0.0003718959739460667,1280,18,-0.07123048937916612
answer_reveal,93,default_vs_context,0.08864737248371893,1240,23,-0.07771805197508463
answer_reveal,93,student_state_vs_domain,0.00022328686450567847,1240,23,-0.07771805197508463
answer_reveal,94,default_vs_context,0.08926775270704232,1200,21,-0.07464096500981843
answer_reveal,94,student_state_vs_domain,-0.00012043337540210142,1200,21,-0.07464096500981843
answer_reveal,95,default_vs_context,0.09148306141585175,1320,23,-0.07911999788113103
answer_reveal,95,student_state_vs_domain,0.0004224978687583786,1320,23,-0.07911999788113103
answer_reveal,96,default_vs_context,0.091723039263522,1280,21,-0.07068624791988766
answer_reveal,96,student_state_vs_domain,-0.00015618538822903538,1280,21,-0.07068624791988766
answer_reveal,97,default_vs_context,0.08939184007904409,1200,16,-0.05916327366148261
answer_reveal,97,student_state_vs_domain,-0.0006999344966050342,1200,16,-0.05916327366148261
answer_reveal,98,default_vs_context,0.08973297595669952,1320,23,-0.07970728505859345
answer_reveal,98,student_state_vs_domain,0.0006595592157187524,1320,23,-0.07970728505859345
answer_reveal,99,default_vs_context,0.09099985599510794,1280,21,-0.08038642822993346
answer_reveal,99,student_state_vs_domain,6.166592440513124e-05,1280,21,-0.08038642822993346
answer_reveal,100,default_vs_context,0.08905585755322057,1280,17,-0.07203522249579725
answer_reveal,100,student_state_vs_domain,-0.002720472766152157,1280,17,-0.07203522249579725
answer_reveal,101,default_vs_context,0.08903058764283149,1400,20,-0.07700557061599038
answer_reveal,101,student_state_vs_domain,0.00031878189212100616,1400,20,-0.07700557061599038
answer_reveal,102,default_vs_context,0.08764861079674013,1240,18,-0.07275163959496486
answer_reveal,102,student_state_vs_domain,-0.0005913694796205737,1240,18,-0.07275163959496486
answer_reveal,103,default_vs_context,0.0899980088902475,1280,21,-0.07356194420755599
answer_reveal,103,student_state_vs_domain,0.00022636955928086178,1280,21,-0.07356194420755599
answer_reveal,104,default_vs_context,0.08942853202309368,1320,21,-0.0752903064935815
answer_reveal,104,student_state_vs_domain,9.736422174015658e-05,1320,21,-0.0752903064935815
answer_reveal,105,default_vs_context,0.09009922440971035,1320,19,-0.07247580054280087
answer_reveal,105,student_state_vs_domain,0.0001096991944690151,1320,19,-0.07247580054280087
answer_reveal,106,default_vs_context,0.0871594508834754,1240,21,-0.08021878415308684
answer_reveal,106,student_state_vs_domain,1.196941502676352e-06,1240,21,-0.08021878415308684
answer_reveal,107,default_vs_context,0.08953173460022548,1360,22,-0.07185894433313697
answer_reveal,107,student_state_vs_domain,0.00016122039436031188,1360,22,-0.07185894433313697
answer_reveal,108,default_vs_context,0.09128943995165545,1280,20,-0.06775440763841628
answer_reveal,108,student_state_vs_domain,0.00036850268773491734,1280,20,-0.06775440763841628
answer_reveal,109,default_vs_context,0.08941437150721901,1200,19,-0.07389788827780061
answer_reveal,109,student_state_vs_domain,-0.0009180306969348295,1200,19,-0.07389788827780061
answer_reveal,110,default_vs_context,0.08721084556109421,1280,20,-0.07250782687676374
answer_reveal,110,student_state_vs_domain,0.00016400820652966164,1280,20,-0.07250782687676374
answer_reveal,111,default_vs_context,0.08812596325973217,1240,20,-0.07515081634384109
answer_reveal,111,student_state_vs_domain,0.0002441193010705861,1240,20,-0.07515081634384109
answer_reveal,112,default_vs_context,0.09092745117820479,1280,20,-0.07005274864659784
answer_reveal,112,student_state_vs_domain,0.000399233037838731,1280,20,-0.07005274864659784
answer_reveal,113,default_vs_context,0.08866010081482992,1280,19,-0.08139055508765192
answer_reveal,113,student_state_vs_domain,-0.0004454241310655055,1280,19,-0.08139055508765192
answer_reveal,114,default_vs_context,0.09038414396637985,1280,19,-0.06579091287099846
answer_reveal,114,student_state_vs_domain,0.00010474634473075367,1280,19,-0.06579091287099846
answer_reveal,115,default_vs_context,0.09044445161384718,1200,18,-0.07395692555838951
answer_reveal,115,student_state_vs_domain,0.00017137720228663222,1200,18,-0.07395692555838951
answer_reveal,116,default_vs_context,0.09004955614426982,1200,21,-0.07454727026360372
answer_reveal,116,student_state_vs_domain,0.00011706099164821016,1200,21,-0.07454727026360372
answer_reveal,117,default_vs_context,0.08734938263749722,1280,20,-0.0779403364869376
answer_reveal,117,student_state_vs_domain,-0.0003604658133993799,1280,20,-0.0779403364869376
answer_reveal,118,default_vs_context,0.09069672622859028,1200,20,-0.06958128568559009
answer_reveal,118,student_state_vs_domain,-0.00024230812946991753,1200,20,-0.06958128568559009
answer_reveal,119,default_vs_context,0.08788834025561815,1280,17,-0.08338898725790314
answer_reveal,119,student_state_vs_domain,-0.000525185642300946,1280,17,-0.08338898725790314
answer_reveal,120,default_vs_context,0.08979607714357887,1240,19,-0.06988285436678338
answer_reveal,120,student_state_vs_domain,-0.0005545573888020988,1240,19,-0.06988285436678338
answer_reveal,121,default_vs_context,0.08834201515887208,1200,21,-0.07725764917220249
answer_reveal,121,student_state_vs_domain,-0.0003024040735017941,1200,21,-0.07725764917220249
answer_reveal,122,default_vs_context,0.09011340774282797,1240,18,-0.07915068594590643
answer_reveal,122,student_state_vs_domain,-6.583109763920458e-05,1240,18,-0.07915068594590643
answer_reveal,123,default_vs_context,0.08643008454731875,1280,20,-0.07668342861835352
answer_reveal,123,student_state_vs_domain,-0.00021829491024442926,1280,20,-0.07668342861835352
answer_reveal,124,default_vs_context,0.09129463511884525,1240,21,-0.08003522220501288
answer_reveal,124,student_state_vs_domain,-0.00022898636069899891,1240,21,-0.08003522220501288
answer_reveal,125,default_vs_context,0.09210292813752635,1280,19,-0.0629646375951878
answer_reveal,125,student_state_vs_domain,-1.5887843480860697e-05,1280,19,-0.0629646375951878
answer_reveal,126,default_vs_context,0.08849453359389182,1280,18,-0.07460491001992021
answer_reveal,126,student_state_vs_domain,0.00022339991613308519,1280,18,-0.07460491001992021
answer_reveal,127,default_vs_context,0.09244711591221472,1240,18,-0.07844355142357506
answer_reveal,127,student_state_vs_domain,6.49654263175023e-05,1240,18,-0.07844355142357506
answer_reveal,128,default_vs_context,0.08862313860797444,1280,16,-0.061479333379130474
answer_reveal,128,student_state_vs_domain,0.00036500365117261846,1280,16,-0.061479333379130474
answer_reveal,129,default_vs_context,0.08817108456949611,1280,20,-0.0817688328005551
answer_reveal,129,student_state_vs_domain,-0.00017807956912818668,1280,20,-0.0817688328005551
answer_reveal,130,default_vs_context,0.08900910277260715,1240,21,-0.07430068775625076
answer_reveal,130,student_state_vs_domain,-0.00020768626508280152,1240,21,-0.07430068775625076
answer_reveal,131,default_vs_context,0.08953182654293368,1360,22,-0.07090878565930608
answer_reveal,131,student_state_vs_domain,0.00022406362681558212,1360,22,-0.07090878565930608
answer_reveal,132,default_vs_context,0.09038954915092103,1240,19,-0.07107618462836561
answer_reveal,132,student_state_vs_domain,6.315861713192261e-05,1240,19,-0.07107618462836561
answer_reveal,133,default_vs_context,0.09160150779311059,1400,19,-0.08114969451521849
answer_reveal,133,student_state_vs_domain,0.00017542612885873554,1400,19,-0.08114969451521849
answer_reveal,134,default_vs_context,0.08875623217550857,1240,18,-0.07388551264829518
answer_reveal,134,student_state_vs_domain,0.0005259492851901748,1240,18,-0.07388551264829518
answer_reveal,135,default_vs_context,0.0919615178402044,1280,17,-0.07256492326068331
answer_reveal,135,student_state_vs_domain,-6.966297858595344e-05,1280,17,-0.07256492326068331
answer_reveal,136,default_vs_context,0.09028438227271071,1320,21,-0.0718273182027247
answer_reveal,136,student_state_vs_domain,-0.0003027082157693872,1320,21,-0.0718273182027247
answer_reveal,137,default_vs_context,0.08991725783634572,1240,19,-0.07059567703095149
answer_reveal,137,student_state_vs_domain,-0.00011031276020909142,1240,19,-0.07059567703095149
answer_reveal,138,default_vs_context,0.090168561046088,1280,21,-0.06801053391877224
answer_reveal,138,student_state_vs_domain,-0.00025423543849797947,1280,21,-0.06801053391877224
answer_reveal,139,default_vs_context,0.09323145139940585,1320,19,-0.07630655293563075
answer_reveal,139,student_state_vs_domain,0.0002903542077245663,1320,19,-0.07630655293563075
answer_reveal,140,default_vs_context,0.08907581379722972,1320,19,-0.0692196470017895
answer_reveal,140,student_state_vs_domain,-0.0001800060110361823,1320,19,-0.0692196470017895
answer_reveal,141,default_vs_context,0.08735070807409899,1200,17,-0.07083894595544525
answer_reveal,141,student_state_vs_domain,-0.00013114957881307787,1200,17,-0.07083894595544525
answer_reveal,142,default_vs_context,0.09198982623757034,1240,21,-0.08002254945516728
answer_reveal,142,student_state_vs_domain,0.00032000895306771165,1240,21,-0.08002254945516728
answer_reveal,143,default_vs_context,0.09069422818437825,1360,19,-0.07782895970319667
answer_reveal,143,student_state_vs_domain,-0.0008763541135013708,1360,19,-0.07782895970319667
answer_reveal,144,default_vs_context,0.09013974791595705,1240,18,-0.07634819557116271
answer_reveal,144,student_state_vs_domain,-0.0002131330225356859,1240,18,-0.07634819557116271
answer_reveal,145,default_vs_context,0.08988712148408676,1240,20,-0.0708088749323049
answer_reveal,145,student_state_vs_domain,0.00043342726194559034,1240,20,-0.0708088749323049
answer_reveal,146,default_vs_context,0.09143073028224233,1200,19,-0.06947770320123367
answer_reveal,146,student_state_vs_domain,-0.0001464679192009835,1200,19,-0.06947770320123367
answer_reveal,147,default_vs_context,0.0896114746304188,1320,21,-0.0816415323642132
answer_reveal,147,student_state_vs_domain,0.0003557818863256512,1320,21,-0.0816415323642132
answer_reveal,148,default_vs_context,0.09145894710614252,1280,20,-0.08229440420016498
answer_reveal,148,student_state_vs_domain,0.00012036630592487246,1280,20,-0.08229440420016498
answer_reveal,149,default_vs_context,0.09104091871822241,1360,20,-0.07529404314417477
answer_reveal,149,student_state_vs_domain,0.0006024417833852824,1360,20,-0.07529404314417477
answer_reveal,150,default_vs_context,0.08932025596507502,1280,19,-0.07653006410515904
answer_reveal,150,student_state_vs_domain,-0.00025093372228329747,1280,19,-0.07653006410515904
answer_reveal,151,default_vs_context,0.0888097392617063,1240,19,-0.07716427728693381
answer_reveal,151,student_state_vs_domain,0.00018760943365554728,1240,19,-0.07716427728693381
answer_reveal,152,default_vs_context,0.09080431326439287,1280,20,-0.0781572044768235
answer_reveal,152,student_state_vs_domain,0.00040264554404432357,1280,20,-0.0781572044768235
answer_reveal,153,default_vs_context,0.08875884780905231,1240,18,-0.08182903902922135
answer_reveal,153,student_state_vs_domain,0.00011493922882464813,1240,18,-0.08182903902922135
answer_reveal,154,default_vs_context,0.09220246073654165,1240,19,-0.08070038803924973
answer_reveal,154,student_state_vs_domain,-0.0011942387334954105,1240,19,-0.08070038803924973
answer_reveal,155,default_vs_context,0.08803216209808573,1440,16,-0.04589278006158848
answer_reveal,155,student_state_vs_domain,5.0121944469599944e-05,1440,16,-0.04589278006158848
answer_reveal,156,default_vs_context,0.09128423378195001,1320,18,-0.07547718666904092
answer_reveal,156,student_state_vs_domain,-4.551915812188445e-05,1320,18,-0.07547718666904092
answer_reveal,157,default_vs_context,0.08947499263462458,1200,21,-0.07905547323850695
answer_reveal,157,student_state_vs_domain,0.0002927535691851224,1200,21,-0.07905547323850695
answer_reveal,158,default_vs_context,0.09091615010086238,1200,18,-0.07535686702752736
answer_reveal,158,student_state_vs_domain,-4.11741894697365e-05,1200,18,-0.07535686702752736
answer_reveal,159,default_vs_context,0.08470639229114933,1200,17,-0.07950800491111291
answer_reveal,159,student_state_vs_domain,-0.0002107722017843372,1200,17,-0.07950800491111291
answer_reveal,160,default_vs_context,0.0911872307647999,1280,21,-0.08110189912912832
answer_reveal,160,student_state_vs_domain,0.0002159576696988269,1280,21,-0.08110189912912832
answer_reveal,161,default_vs_context,0.09023359570565972,1320,21,-0.06945830869365174
answer_reveal,161,student_state_vs_domain,0.00035657987392849477,1320,21,-0.06945830869365174
answer_reveal,162,default_vs_context,0.08806287210776112,1240,18,-0.07944236119695475
answer_reveal,162,student_state_vs_domain,-4.024723596256219e-05,1240,18,-0.07944236119695475
answer_reveal,163,default_vs_context,0.09182326138509801,1200,22,-0.06723166394065185
answer_reveal,163,student_state_vs_domain,-0.0005238763039271052,1200,22,-0.06723166394065185
answer_reveal,164,default_vs_context,0.0911998158649826,1200,21,-0.0826298232886892
answer_reveal,164,student_state_vs_domain,-0.00037129320815246225,1200,21,-0.0826298232886892
answer_reveal,165,default_vs_context,0.09058831872204591,1240,20,-0.06614597584791433
answer_reveal,165,student_state_vs_domain,-0.00018124547418521542,1240,20,-0.06614597584791433
answer_reveal,166,default_vs_context,0.09118415062343452,1320,17,-0.06938993903789681
answer_reveal,166,student_state_vs_domain,-0.00038271070793191586,1320,17,-0.06938993903789681
answer_reveal,167,default_vs_context,0.09150750685645032,1320,20,-0.07778008695824079
answer_reveal,167,student_state_vs_domain,-0.00033611232143464925,1320,20,-0.07778008695824079
answer_reveal,168,default_vs_context,0.09172040881787502,1320,23,-0.07603817189822071
answer_reveal,168,student_state_vs_domain,-1.851580148445886e-05,1320,23,-0.07603817189822071
answer_reveal,169,default_vs_context,0.09035872979085445,1280,19,-0.0747299970361026
answer_reveal,169,student_state_vs_domain,-0.0009700519139004549,1280,19,-0.0747299970361026
answer_reveal,170,default_vs_context,0.0907866101306138,1280,19,-0.0816404169539393
answer_reveal,170,student_state_vs_domain,0.00030352900508188313,1280,19,-0.0816404169539393
answer_reveal,171,default_vs_context,0.09044029802248156,1200,18,-0.07618049811041604
answer_reveal,171,student_state_vs_domain,8.461894161634897e-06,1200,18,-0.07618049811041604
answer_reveal,172,default_vs_context,0.0868429918594969,1280,16,-0.07271955085056872
answer_reveal,172,student_state_vs_domain,-0.0008594794437698089,1280,16,-0.07271955085056872
answer_reveal,173,default_vs_context,0.09048966240159341,1360,19,-0.07285314173523642
answer_reveal,173,student_state_vs_domain,0.0005554610327204584,1360,19,-0.07285314173523642
answer_reveal,174,default_vs_context,0.08898880031896134,1320,18,-0.06866817104274903
answer_reveal,174,student_state_vs_domain,-0.0004572688957074078,1320,18,-0.06866817104274903
answer_reveal,175,default_vs_context,0.08854969536378277,1200,16,-0.08210058393317665
answer_reveal,175,student_state_vs_domain,-0.0010642002796727723,1200,16,-0.08210058393317665
answer_reveal,176,default_vs_context,0.0897592189183193,1240,17,-0.07235569514393604
answer_reveal,176,student_state_vs_domain,-2.1974907620792017e-05,1240,17,-0.07235569514393604
answer_reveal,177,default_vs_context,0.08994034471050748,1240,18,-0.08389813118064397
answer_reveal,177,student_state_vs_domain,-0.00012946835909612153,1240,18,-0.08389813118064397
answer_reveal,178,default_vs_context,0.08796165828533738,1320,20,-0.06966647750593015
answer_reveal,178,student_state_vs_domain,-0.000667385588228056,1320,20,-0.06966647750593015
answer_reveal,179,default_vs_context,0.0918579327572111,1240,21,-0.07566604890869827
answer_reveal,179,student_state_vs_domain,-0.00027957844944669075,1240,21,-0.07566604890869827
answer_reveal,180,default_vs_context,0.08997371089829909,1320,20,-0.07730622253573152
answer_reveal,180,student_state_vs_domain,0.0004010737943667131,1320,20,-0.07730622253573152
answer_reveal,181,default_vs_context,0.09116175547181365,1240,19,-0.07986709771226169
answer_reveal,181,student_state_vs_domain,-0.0008489300613854361,1240,19,-0.07986709771226169
answer_reveal,182,default_vs_context,0.08789241366105148,1280,18,-0.0697303292086784
answer_reveal,182,student_state_vs_domain,-0.00015664332480977428,1280,18,-0.0697303292086784
answer_reveal,183,default_vs_context,0.08873683804696866,1320,18,-0.07873880460958418
answer_reveal,183,student_state_vs_domain,-0.0008668321455830158,1320,18,-0.07873880460958418
answer_reveal,184,default_vs_context,0.08850596304045268,1240,19,-0.07737604454463619
answer_reveal,184,student_state_vs_domain,0.0003396666019055833,1240,19,-0.07737604454463619
answer_reveal,185,default_vs_context,0.08773702018065427,1200,19,-0.08037487710996918
answer_reveal,185,student_state_vs_domain,-0.00047827051715994273,1200,19,-0.08037487710996918
answer_reveal,186,default_vs_context,0.09321058261693835,1200,21,-0.07928903827774869
answer_reveal,186,student_state_vs_domain,1.4188091125827418e-05,1200,21,-0.07928903827774869
answer_reveal,187,default_vs_context,0.08968694653678,1200,18,-0.08035187955399781
answer_reveal,187,student_state_vs_domain,0.00010826304437355772,1200,18,-0.08035187955399781
answer_reveal,188,default_vs_context,0.09002003673121359,1360,18,-0.07387792856311978
answer_reveal,188,student_state_vs_domain,0.00025633946809734687,1360,18,-0.07387792856311978
answer_reveal,189,default_vs_context,0.09175271755273674,1320,17,-0.08360806210945597
answer_reveal,189,student_state_vs_domain,-0.0013890064333525742,1320,17,-0.08360806210945597
answer_reveal,190,default_vs_context,0.08957683733797239,1280,18,-0.07102221395860459
answer_reveal,190,student_state_vs_domain,-0.0005146412511323056,1280,18,-0.07102221395860459
answer_reveal,191,default_vs_context,0.08945259716226396,1280,19,-0.08357356016235191
answer_reveal,191,student_state_vs_domain,0.0008496869235050247,1280,19,-0.08357356016235191
answer_reveal,192,default_vs_context,0.08976061916654385,1200,18,-0.07665868226125858
answer_reveal,192,student_state_vs_domain,0.00040888810688675947,1200,18,-0.07665868226125858
answer_reveal,193,default_vs_context,0.0879784255241004,1320,21,-0.07940542793082114
answer_reveal,193,student_state_vs_domain,-0.0006052914691888761,1320,21,-0.07940542793082114
answer_reveal,194,default_vs_context,0.09231535806283876,1200,21,-0.07497216146251294
answer_reveal,194,student_state_vs_domain,4.428987205127438e-05,1200,21,-0.07497216146251294
answer_reveal,195,default_vs_context,0.09189949170446843,1200,19,-0.07678321873028923
answer_reveal,195,student_state_vs_domain,0.0003371589197370961,1200,19,-0.07678321873028923
answer_reveal,196,default_vs_context,0.08771007383465952,1280,19,-0.07584124372368327
answer_reveal,196,student_state_vs_domain,-0.000876927511564915,1280,19,-0.07584124372368327
answer_reveal,197,default_vs_context,0.08807151644475832,1280,20,-0.08281498431735772
answer_reveal,197,student_state_vs_domain,-0.0007115258312294925,1280,20,-0.08281498431735772
answer_reveal,198,default_vs_context,0.09062612827250714,1320,22,-0.07213127598193907
answer_reveal,198,student_state_vs_domain,0.00011355912493390963,1320,22,-0.07213127598193907
answer_reveal,199,default_vs_context,0.09052402334022146,1280,19,-0.07211774130496963
answer_reveal,199,student_state_vs_domain,-0.00026727259302945783,1280,19,-0.07211774130496963
reasoning_elicitation,0,default_vs_context,0.13030176804438173,1320,19,-0.09437333000531659
reasoning_elicitation,0,student_state_vs_domain,-9.693140681751866e-05,1320,19,-0.09437333000531659
reasoning_elicitation,1,default_vs_context,0.13028649553322474,1280,21,-0.08317407936883915
reasoning_elicitation,1,student_state_vs_domain,-0.0010853348730838763,1280,21,-0.08317407936883915
reasoning_elicitation,2,default_vs_context,0.12903808853548993,1280,19,-0.0876458171722661
reasoning_elicitation,2,student_state_vs_domain,-0.0002767805937169132,1280,19,-0.0876458171722661
reasoning_elicitation,3,default_vs_context,0.12942207385319893,1280,17,-0.08288311572782739
reasoning_elicitation,3,student_state_vs_domain,-0.0005705471390826389,1280,17,-0.08288311572782739
reasoning_elicitation,4,default_vs_context,0.12834964733425083,1240,20,-0.08744854479840966
reasoning_elicitation,4,student_state_vs_domain,-0.0003266033325761697,1240,20,-0.08744854479840966
reasoning_elicitation,5,default_vs_context,0.12736852806418283,1320,19,-0.09742438443024573
reasoning_elicitation,5,student_state_vs_domain,-0.0010230798375287092,1320,19,-0.09742438443024573
reasoning_elicitation,6,default_vs_context,0.12949298407892182,1320,22,-0.08594148639941332
reasoning_elicitation,6,student_state_vs_domain,-0.000609024662111185,1320,22,-0.08594148639941332
reasoning_elicitation,7,default_vs_context,0.1256633793082826,1240,20,-0.09235688461936353
reasoning_elicitation,7,student_state_vs_domain,-0.0016912146161771058,1240,20,-0.09235688461936353
reasoning_elicitation,8,default_vs_context,0.13057407696906878,1200,22,-0.08896493691789759
reasoning_elicitation,8,student_state_vs_domain,-0.0010879529331638271,1200,22,-0.08896493691789759
reasoning_elicitation,9,default_vs_context,0.12734985175341956,1320,18,-0.08975670132269917
reasoning_elicitation,9,student_state_vs_domain,-0.001178102153111163,1320,18,-0.08975670132269917
reasoning_elicitation,10,default_vs_context,0.1292229393851164,1200,18,-0.08396290385458274
reasoning_elicitation,10,student_state_vs_domain,-0.00044433128260210064,1200,18,-0.08396290385458274
reasoning_elicitation,11,default_vs_context,0.1288085019116873,1360,17,-0.08530307500998274
reasoning_elicitation,11,student_state_vs_domain,-0.0013514654202620852,1360,17,-0.08530307500998274
reasoning_elicitation,12,default_vs_context,0.12812211864007936,1360,18,-0.09124538924660072
reasoning_elicitation,12,student_state_vs_domain,-9.81893610466078e-05,1360,18,-0.09124538924660072
reasoning_elicitation,13,default_vs_context,0.1272250759756982,1320,20,-0.08534871636005555
reasoning_elicitation,13,student_state_vs_domain,-0.0006047662564513112,1320,20,-0.08534871636005555
reasoning_elicitation,14,default_vs_context,0.12844413815648228,1320,18,-0.09374766984654748
reasoning_elicitation,14,student_state_vs_domain,-0.0005098305778513113,1320,18,-0.09374766984654748
reasoning_elicitation,15,default_vs_context,0.12787715060467125,1280,20,-0.07966332431223344
reasoning_elicitation,15,student_state_vs_domain,-0.0018488266713918983,1280,20,-0.07966332431223344
reasoning_elicitation,16,default_vs_context,0.12664952144815694,1240,17,-0.09013738568751425
reasoning_elicitation,16,student_state_vs_domain,-0.0007100077932709475,1240,17,-0.09013738568751425
reasoning_elicitation,17,default_vs_context,0.13031753818181124,1240,21,-0.10619479957560551
reasoning_elicitation,17,student_state_vs_domain,-5.785029969924971e-05,1240,21,-0.10619479957560551
reasoning_elicitation,18,default_vs_context,0.12763269553198384,1320,17,-0.09212734496850566
reasoning_elicitation,18,student_state_vs_domain,-0.0018524275349014602,1320,17,-0.09212734496850566
reasoning_elicitation,19,default_vs_context,0.12977592961605294,1240,18,-0.07590974671815293
reasoning_elicitation,19,student_state_vs_domain,-0.0007822960764900522,1240,18,-0.07590974671815293
reasoning_elicitation,20,default_vs_context,0.1298010967768412,1280,21,-0.08720599463732998
reasoning_elicitation,20,student_state_vs_domain,-0.0005038359068391673,1280,21,-0.08720599463732998
reasoning_elicitation,21,default_vs_context,0.12919571823522846,1240,20,-0.07890699516948041
reasoning_elicitation,21,student_state_vs_domain,-0.00011652846908360992,1240,20,-0.07890699516948041
reasoning_elicitation,22,default_vs_context,0.12735605433105812,1360,16,-0.09222509216918467
reasoning_elicitation,22,student_state_vs_domain,-0.0019814182629501187,1360,16,-0.09222509216918467
reasoning_elicitation,23,default_vs_context,0.1293076716783683,1320,18,-0.09026295240459209
reasoning_elicitation,23,student_state_vs_domain,-0.0002826701652729191,1320,18,-0.09026295240459209
reasoning_elicitation,24,default_vs_context,0.1270795446107738,1360,20,-0.09037120610551279
reasoning_elicitation,24,student_state_vs_domain,-0.0015254889316226317,1360,20,-0.09037120610551279
reasoning_elicitation,25,default_vs_context,0.1287919376655755,1280,20,-0.09644162002401578
reasoning_elicitation,25,student_state_vs_domain,-0.00043200061716851257,1280,20,-0.09644162002401578
reasoning_elicitation,26,default_vs_context,0.1266769279919952,1240,21,-0.09063094750114019
reasoning_elicitation,26,student_state_vs_domain,-0.0012786503650041026,1240,21,-0.09063094750114019
reasoning_elicitation,27,default_vs_context,0.12267651572133428,1400,15,-0.08132246120780168
reasoning_elicitation,27,student_state_vs_domain,-0.0009603492058430085,1400,15,-0.08132246120780168
reasoning_elicitation,28,default_vs_context,0.12942514927227133,1240,17,-0.09819493891369317
reasoning_elicitation,28,student_state_vs_domain,-0.0007775041408100147,1240,17,-0.09819493891369317
reasoning_elicitation,29,default_vs_context,0.12810631650471302,1280,18,-0.08503224474253171
reasoning_elicitation,29,student_state_vs_domain,-0.0009634280409219348,1280,18,-0.08503224474253171
reasoning_elicitation,30,default_vs_context,0.129003919802026,1320,18,-0.0770622066073898
reasoning_elicitation,30,student_state_vs_domain,-0.00020417258147785444,1320,18,-0.0770622066073898
reasoning_elicitation,31,default_vs_context,0.12801404910036518,1320,20,-0.09494963706467136
reasoning_elicitation,31,student_state_vs_domain,-0.0005801248497914746,1320,20,-0.09494963706467136
reasoning_elicitation,32,default_vs_context,0.12971671826440434,1240,19,-0.09803405038352715
reasoning_elicitation,32,student_state_vs_domain,-0.00047083615756027264,1240,19,-0.09803405038352715
reasoning_elicitation,33,default_vs_context,0.12658111669239996,1280,18,-0.08342223206709214
reasoning_elicitation,33,student_state_vs_domain,-0.0013280145433615526,1280,18,-0.08342223206709214
reasoning_elicitation,34,default_vs_context,0.12714520610096208,1240,17,-0.08612358138726307
reasoning_elicitation,34,student_state_vs_domain,-0.001867771495158821,1240,17,-0.08612358138726307
reasoning_elicitation,35,default_vs_context,0.12800469566008751,1280,18,-0.09207392508656931
reasoning_elicitation,35,student_state_vs_domain,-0.003819784169023982,1280,18,-0.09207392508656931
reasoning_elicitation,36,default_vs_context,0.1275552783241788,1360,21,-0.08629955838030845
reasoning_elicitation,36,student_state_vs_domain,-0.0013717535160646943,1360,21,-0.08629955838030845
reasoning_elicitation,37,default_vs_context,0.1278653897937744,1320,18,-0.08895359986329168
reasoning_elicitation,37,student_state_vs_domain,-0.0009591960913365588,1320,18,-0.08895359986329168
reasoning_elicitation,38,default_vs_context,0.12984103419790935,1360,22,-0.0897857677304085
reasoning_elicitation,38,student_state_vs_domain,-0.0004735110944000809,1360,22,-0.0897857677304085
reasoning_elicitation,39,default_vs_context,0.12897577559759915,1280,21,-0.0842069974897183
reasoning_elicitation,39,student_state_vs_domain,-0.0003452295138547806,1280,21,-0.0842069974897183
reasoning_elicitation,40,default_vs_context,0.13004318144643512,1320,19,-0.07622025246592071
reasoning_elicitation,40,student_state_vs_domain,-0.0010768484917826754,1320,19,-0.07622025246592071
reasoning_elicitation,41,default_vs_context,0.1272626808476865,1280,18,-0.08217495661598018
reasoning_elicitation,41,student_state_vs_domain,-0.0012340797816059457,1280,18,-0.08217495661598018
reasoning_elicitation,42,default_vs_context,0.12863378457498797,1280,21,-0.09282449512060646
reasoning_elicitation,42,student_state_vs_domain,-0.0006254006037129944,1280,21,-0.09282449512060646
reasoning_elicitation,43,default_vs_context,0.13098156150658197,1240,19,-0.09480675121563475
reasoning_elicitation,43,student_state_vs_domain,-0.0004962221630183672,1240,19,-0.09480675121563475
reasoning_elicitation,44,default_vs_context,0.12720407386748797,1280,20,-0.08804854434627049
reasoning_elicitation,44,student_state_vs_domain,-0.0012359108710728178,1280,20,-0.08804854434627049
reasoning_elicitation,45,default_vs_context,0.12831571174891798,1400,15,-0.08750369036061381
reasoning_elicitation,45,student_state_vs_domain,-0.0013545818388820685,1400,15,-0.08750369036061381
reasoning_elicitation,46,default_vs_context,0.12894879383087002,1320,18,-0.07733862495013355
reasoning_elicitation,46,student_state_vs_domain,-0.0002795981515637813,1320,18,-0.07733862495013355
reasoning_elicitation,47,default_vs_context,0.12943596847488936,1240,24,-0.08512485546088394
reasoning_elicitation,47,student_state_vs_domain,-4.3258937740237036e-05,1240,24,-0.08512485546088394
reasoning_elicitation,48,default_vs_context,0.12876037452373743,1240,17,-0.07416005073209542
reasoning_elicitation,48,student_state_vs_domain,-0.0011024652602491247,1240,17,-0.07416005073209542
reasoning_elicitation,49,default_vs_context,0.1264896179895802,1320,17,-0.09030551243042487
reasoning_elicitation,49,student_state_vs_domain,-0.0018139434009987188,1320,17,-0.09030551243042487
reasoning_elicitation,50,default_vs_context,0.12688549445834732,1280,18,-0.0901205844070441
reasoning_elicitation,50,student_state_vs_domain,-0.000955168152150479,1280,18,-0.0901205844070441
reasoning_elicitation,51,default_vs_context,0.1286877242196201,1280,20,-0.0853129586206562
reasoning_elicitation,51,student_state_vs_domain,-0.0018445167096351328,1280,20,-0.0853129586206562
reasoning_elicitation,52,default_vs_context,0.12936693299279084,1240,20,-0.08788510181177077
reasoning_elicitation,52,student_state_vs_domain,-0.0007375651183485488,1240,20,-0.08788510181177077
reasoning_elicitation,53,default_vs_context,0.13058098035300797,1280,23,-0.08301040613497683
reasoning_elicitation,53,student_state_vs_domain,-0.00015220747235199228,1280,23,-0.08301040613497683
reasoning_elicitation,54,default_vs_context,0.12831071717462908,1280,17,-0.09392336178560637
reasoning_elicitation,54,student_state_vs_domain,-0.0007793003144354604,1280,17,-0.09392336178560637
reasoning_elicitation,55,default_vs_context,0.12870379565967138,1240,21,-0.0870249483689515
reasoning_elicitation,55,student_state_vs_domain,-0.0008752176822672819,1240,21,-0.0870249483689515
reasoning_elicitation,56,default_vs_context,0.12878175700868041,1320,20,-0.09038447197953814
reasoning_elicitation,56,student_state_vs_domain,-0.0009744055163421056,1320,20,-0.09038447197953814
reasoning_elicitation,57,default_vs_context,0.12840936453189053,1320,22,-0.09010996222641374
reasoning_elicitation,57,student_state_vs_domain,-0.0011456534538929336,1320,22,-0.09010996222641374
reasoning_elicitation,58,default_vs_context,0.12856509747982645,1400,21,-0.08804649844580584
reasoning_elicitation,58,student_state_vs_domain,-0.0018581372454619244,1400,21,-0.08804649844580584
reasoning_elicitation,59,default_vs_context,0.1278096817450764,1280,22,-0.07314505294500374
reasoning_elicitation,59,student_state_vs_domain,-8.070608140461899e-05,1280,22,-0.07314505294500374
reasoning_elicitation,60,default_vs_context,0.1274833548620393,1320,15,-0.08390030333138468
reasoning_elicitation,60,student_state_vs_domain,-0.0012412690169571194,1320,15,-0.08390030333138468
reasoning_elicitation,61,default_vs_context,0.12937578479196385,1240,17,-0.08056127059780932
reasoning_elicitation,61,student_state_vs_domain,-0.001497147911102295,1240,17,-0.08056127059780932
reasoning_elicitation,62,default_vs_context,0.1278485075318576,1280,19,-0.09409893545631456
reasoning_elicitation,62,student_state_vs_domain,-0.0010450228730673056,1280,19,-0.09409893545631456
reasoning_elicitation,63,default_vs_context,0.1297097220405461,1240,20,-0.08333168254658258
reasoning_elicitation,63,student_state_vs_domain,-0.0005027537469249332,1240,20,-0.08333168254658258
reasoning_elicitation,64,default_vs_context,0.1309402113199611,1240,19,-0.08304358773197545
reasoning_elicitation,64,student_state_vs_domain,-0.001581253125607196,1240,19,-0.08304358773197545
reasoning_elicitation,65,default_vs_context,0.13079746330965414,1240,18,-0.09851059220251081
reasoning_elicitation,65,student_state_vs_domain,-0.0004890788694675713,1240,18,-0.09851059220251081
reasoning_elicitation,66,default_vs_context,0.1282454180024975,1280,22,-0.0822267144631539
reasoning_elicitation,66,student_state_vs_domain,-0.000447023989374587,1280,22,-0.0822267144631539
reasoning_elicitation,67,default_vs_context,0.1291132903323994,1280,19,-0.09584455395467253
reasoning_elicitation,67,student_state_vs_domain,-0.0021002581836641193,1280,19,-0.09584455395467253
reasoning_elicitation,68,default_vs_context,0.12752342165570074,1360,18,-0.09543337251035594
reasoning_elicitation,68,student_state_vs_domain,-0.0010713490314160912,1360,18,-0.09543337251035594
reasoning_elicitation,69,default_vs_context,0.12822402484478734,1240,20,-0.08341659649078104
reasoning_elicitation,69,student_state_vs_domain,-0.0004195821548786116,1240,20,-0.08341659649078104
reasoning_elicitation,70,default_vs_context,0.1297341893091476,1360,19,-0.08996059888966468
reasoning_elicitation,70,student_state_vs_domain,-0.0003745547392838555,1360,19,-0.08996059888966468
reasoning_elicitation,71,default_vs_context,0.1281762928053346,1320,19,-0.08339985782966602
reasoning_elicitation,71,student_state_vs_domain,-0.0007615871796431695,1320,19,-0.08339985782966602
reasoning_elicitation,72,default_vs_context,0.12718462112465345,1280,18,-0.0894781196070358
reasoning_elicitation,72,student_state_vs_domain,-0.0023990367885563108,1280,18,-0.0894781196070358
reasoning_elicitation,73,default_vs_context,0.12864939151862106,1200,22,-0.09054184260931628
reasoning_elicitation,73,student_state_vs_domain,-0.0004389300336707369,1200,22,-0.09054184260931628
reasoning_elicitation,74,default_vs_context,0.12977002107016192,1280,20,-0.09574977293310846
reasoning_elicitation,74,student_state_vs_domain,-0.0008563106607058085,1280,20,-0.09574977293310846
reasoning_elicitation,75,default_vs_context,0.1289683933543809,1280,17,-0.08349807527499134
reasoning_elicitation,75,student_state_vs_domain,-0.00038541362353279596,1280,17,-0.08349807527499134
reasoning_elicitation,76,default_vs_context,0.1292293936365665,1200,18,-0.09027914848545515
reasoning_elicitation,76,student_state_vs_domain,-0.00023073092969862208,1200,18,-0.09027914848545515
reasoning_elicitation,77,default_vs_context,0.1290463896595595,1400,19,-0.09385715850279104
reasoning_elicitation,77,student_state_vs_domain,-0.0007033635381858139,1400,19,-0.09385715850279104
reasoning_elicitation,78,default_vs_context,0.12939857127790588,1440,20,-0.09558038217757717
reasoning_elicitation,78,student_state_vs_domain,-0.00019267031144891422,1440,20,-0.09558038217757717
reasoning_elicitation,79,default_vs_context,0.12690346346143475,1280,21,-0.08149785091662196
reasoning_elicitation,79,student_state_vs_domain,-0.0003630640253989431,1280,21,-0.08149785091662196
reasoning_elicitation,80,default_vs_context,0.126932819207392,1400,20,-0.09506625847868885
reasoning_elicitation,80,student_state_vs_domain,-0.0007008591874518716,1400,20,-0.09506625847868885
reasoning_elicitation,81,default_vs_context,0.12904264838942608,1320,21,-0.08902226914137605
reasoning_elicitation,81,student_state_vs_domain,-0.00034444332913556586,1320,21,-0.08902226914137605
reasoning_elicitation,82,default_vs_context,0.12754297238973675,1240,17,-0.08299313047162496
reasoning_elicitation,82,student_state_vs_domain,-0.0015906322257253636,1240,17,-0.08299313047162496
reasoning_elicitation,83,default_vs_context,0.13047712240299786,1200,18,-0.08746343237805881
reasoning_elicitation,83,student_state_vs_domain,-0.00023762979101964177,1200,18,-0.08746343237805881
reasoning_elicitation,84,default_vs_context,0.12827728735206928,1360,17,-0.08237918053853255
reasoning_elicitation,84,student_state_vs_domain,-0.0006694425328612474,1360,17,-0.08237918053853255
reasoning_elicitation,85,default_vs_context,0.12889304491691578,1320,14,-0.07677688022303789
reasoning_elicitation,85,student_state_vs_domain,-0.0032633670703181294,1320,14,-0.07677688022303789
reasoning_elicitation,86,default_vs_context,0.1280366984396505,1280,19,-0.08685785231745359
reasoning_elicitation,86,student_state_vs_domain,-2.1573151048462358e-05,1280,19,-0.08685785231745359
reasoning_elicitation,87,default_vs_context,0.12880279535841785,1240,19,-0.0904994294951311
reasoning_elicitation,87,student_state_vs_domain,-0.0013603400796498855,1240,19,-0.0904994294951311
reasoning_elicitation,88,default_vs_context,0.12664117704645667,1240,17,-0.08928442263147415
reasoning_elicitation,88,student_state_vs_domain,-0.0022085424425077743,1240,17,-0.08928442263147415
reasoning_elicitation,89,default_vs_context,0.12894880433945177,1280,22,-0.08281140184281026
reasoning_elicitation,89,student_state_vs_domain,-0.001334315982645523,1280,22,-0.08281140184281026
reasoning_elicitation,90,default_vs_context,0.13001985016482792,1240,18,-0.09596761694758804
reasoning_elicitation,90,student_state_vs_domain,-0.00029451576797949464,1240,18,-0.09596761694758804
reasoning_elicitation,91,default_vs_context,0.12682507191088316,1240,21,-0.08722655615401516
reasoning_elicitation,91,student_state_vs_domain,-0.0019062494598253016,1240,21,-0.08722655615401516
reasoning_elicitation,92,default_vs_context,0.1301732906203777,1280,18,-0.08273263129402311
reasoning_elicitation,92,student_state_vs_domain,-0.00011727376379828958,1280,18,-0.08273263129402311
reasoning_elicitation,93,default_vs_context,0.13014736549840908,1240,23,-0.09280043006534874
reasoning_elicitation,93,student_state_vs_domain,-0.0002963954843083344,1240,23,-0.09280043006534874
reasoning_elicitation,94,default_vs_context,0.1300561098514802,1200,21,-0.09074097386718187
reasoning_elicitation,94,student_state_vs_domain,-0.00019229267273010442,1200,21,-0.09074097386718187
reasoning_elicitation,95,default_vs_context,0.12917334149301057,1320,23,-0.09112488783590261
reasoning_elicitation,95,student_state_vs_domain,-0.0006451653518891459,1320,23,-0.09112488783590261
reasoning_elicitation,96,default_vs_context,0.12895314343639797,1280,21,-0.08614623228552624
reasoning_elicitation,96,student_state_vs_domain,-0.0006381128032768024,1280,21,-0.08614623228552624
reasoning_elicitation,97,default_vs_context,0.13069733897398497,1200,16,-0.07417207389150676
reasoning_elicitation,97,student_state_vs_domain,-0.001300051793812096,1200,16,-0.07417207389150676
reasoning_elicitation,98,default_vs_context,0.1288415136065563,1320,23,-0.09279405951287914
reasoning_elicitation,98,student_state_vs_domain,-0.0004325679295365953,1320,23,-0.09279405951287914
reasoning_elicitation,99,default_vs_context,0.1282466729092246,1280,21,-0.09292389004090049
reasoning_elicitation,99,student_state_vs_domain,-0.0012166447349583331,1280,21,-0.09292389004090049
reasoning_elicitation,100,default_vs_context,0.12974593710883653,1280,17,-0.08798438143831996
reasoning_elicitation,100,student_state_vs_domain,-0.001928147903010019,1280,17,-0.08798438143831996
reasoning_elicitation,101,default_vs_context,0.12960268954874993,1400,20,-0.09044574552007517
reasoning_elicitation,101,student_state_vs_domain,-0.0007441432317012581,1400,20,-0.09044574552007517
reasoning_elicitation,102,default_vs_context,0.12698109983445555,1240,18,-0.0873589260687182
reasoning_elicitation,102,student_state_vs_domain,-0.0008726503805756292,1240,18,-0.0873589260687182
reasoning_elicitation,103,default_vs_context,0.12870279769155396,1280,21,-0.08408255036052063
reasoning_elicitation,103,student_state_vs_domain,-0.0004128795130097507,1280,21,-0.08408255036052063
reasoning_elicitation,104,default_vs_context,0.1280872909598854,1320,21,-0.09165665047165361
reasoning_elicitation,104,student_state_vs_domain,-0.001158436578700503,1320,21,-0.09165665047165361
reasoning_elicitation,105,default_vs_context,0.12837123360374006,1320,19,-0.08359345581508545
reasoning_elicitation,105,student_state_vs_domain,-0.0001797782328538805,1320,19,-0.08359345581508545
reasoning_elicitation,106,default_vs_context,0.1280068187144306,1240,21,-0.09494714933292075
reasoning_elicitation,106,student_state_vs_domain,-0.0013460850182729078,1240,21,-0.09494714933292075
reasoning_elicitation,107,default_vs_context,0.12952126107061404,1360,22,-0.08543842313112662
reasoning_elicitation,107,student_state_vs_domain,-0.0009145806327957029,1360,22,-0.08543842313112662
reasoning_elicitation,108,default_vs_context,0.1292949068446651,1280,20,-0.08210572346184952
reasoning_elicitation,108,student_state_vs_domain,-0.00012404369377817803,1280,20,-0.08210572346184952
reasoning_elicitation,109,default_vs_context,0.13025878254159295,1200,19,-0.082489137758428
reasoning_elicitation,109,student_state_vs_domain,-0.00034267648436468734,1200,19,-0.082489137758428
reasoning_elicitation,110,default_vs_context,0.12715140064150487,1280,20,-0.08810630199117728
reasoning_elicitation,110,student_state_vs_domain,-0.0014192063159016305,1280,20,-0.08810630199117728
reasoning_elicitation,111,default_vs_context,0.12864682869526736,1240,20,-0.08835051541368363
reasoning_elicitation,111,student_state_vs_domain,-0.0001603280985876948,1240,20,-0.08835051541368363
reasoning_elicitation,112,default_vs_context,0.12861581215798168,1280,20,-0.08115920762203477
reasoning_elicitation,112,student_state_vs_domain,-0.0010087705755793402,1280,20,-0.08115920762203477
reasoning_elicitation,113,default_vs_context,0.1272541994872513,1280,19,-0.09470454315318293
reasoning_elicitation,113,student_state_vs_domain,-0.0018604691837329629,1280,19,-0.09470454315318293
reasoning_elicitation,114,default_vs_context,0.12767873978534677,1280,19,-0.07760004176524492
reasoning_elicitation,114,student_state_vs_domain,-0.001146570255323956,1280,19,-0.07760004176524492
reasoning_elicitation,115,default_vs_context,0.1289160698417649,1200,18,-0.08406005060822076
reasoning_elicitation,115,student_state_vs_domain,-0.00012059208815062838,1200,18,-0.08406005060822076
reasoning_elicitation,116,default_vs_context,0.1278550999021001,1200,21,-0.08256486939879086
reasoning_elicitation,116,student_state_vs_domain,-0.0013569787886732187,1200,21,-0.08256486939879086
reasoning_elicitation,117,default_vs_context,0.12835774891253104,1280,20,-0.09130657708373553
reasoning_elicitation,117,student_state_vs_domain,-0.0008199118138890876,1280,20,-0.09130657708373553
reasoning_elicitation,118,default_vs_context,0.12962577262708302,1200,20,-0.08274798106540679
reasoning_elicitation,118,student_state_vs_domain,-0.0014007021886143223,1200,20,-0.08274798106540679
reasoning_elicitation,119,default_vs_context,0.13138836125542366,1280,17,-0.1050365805258254
reasoning_elicitation,119,student_state_vs_domain,-1.9191443264385266e-05,1280,17,-0.1050365805258254
reasoning_elicitation,120,default_vs_context,0.12804025480043546,1240,19,-0.08291580745276855
reasoning_elicitation,120,student_state_vs_domain,-0.0010034294821396617,1240,19,-0.08291580745276855
reasoning_elicitation,121,default_vs_context,0.12978793531642993,1200,21,-0.09213311451991812
reasoning_elicitation,121,student_state_vs_domain,-0.0011618503769607463,1200,21,-0.09213311451991812
reasoning_elicitation,122,default_vs_context,0.13086542460809308,1240,18,-0.09397562232244881
reasoning_elicitation,122,student_state_vs_domain,-0.00022769189608795593,1240,18,-0.09397562232244881
reasoning_elicitation,123,default_vs_context,0.12875157477118968,1280,20,-0.0917158413873781
reasoning_elicitation,123,student_state_vs_domain,-0.0009370149402904426,1280,20,-0.0917158413873781
reasoning_elicitation,124,default_vs_context,0.12832081584998353,1240,21,-0.09174541563857064
reasoning_elicitation,124,student_state_vs_domain,-0.0007487659090587157,1240,21,-0.09174541563857064
reasoning_elicitation,125,default_vs_context,0.12730429661450998,1280,19,-0.07527476493641583
reasoning_elicitation,125,student_state_vs_domain,-0.0010104498412420448,1280,19,-0.07527476493641583
reasoning_elicitation,126,default_vs_context,0.128575701777358,1280,18,-0.09248877055659877
reasoning_elicitation,126,student_state_vs_domain,-0.00043745572475646644,1280,18,-0.09248877055659877
reasoning_elicitation,127,default_vs_context,0.12983327916854898,1240,18,-0.09347649399210872
reasoning_elicitation,127,student_state_vs_domain,-0.001092759740550578,1240,18,-0.09347649399210872
reasoning_elicitation,128,default_vs_context,0.1310289353748632,1280,16,-0.07593649553341282
reasoning_elicitation,128,student_state_vs_domain,-0.0001442729733356629,1280,16,-0.07593649553341282
reasoning_elicitation,129,default_vs_context,0.1280507800791241,1280,20,-0.09836403203763103
reasoning_elicitation,129,student_state_vs_domain,-0.0018782278429981397,1280,20,-0.09836403203763103
reasoning_elicitation,130,default_vs_context,0.12890590098943056,1240,21,-0.08614363761749766
reasoning_elicitation,130,student_state_vs_domain,-0.0008995523168334602,1240,21,-0.08614363761749766
reasoning_elicitation,131,default_vs_context,0.12924124936198247,1360,22,-0.0833700376808637
reasoning_elicitation,131,student_state_vs_domain,-0.0007026549901275464,1360,22,-0.0833700376808637
reasoning_elicitation,132,default_vs_context,0.12669686274486433,1240,19,-0.08257752711450905
reasoning_elicitation,132,student_state_vs_domain,-0.0006978808196829028,1240,19,-0.08257752711450905
reasoning_elicitation,133,default_vs_context,0.12871170152106162,1400,19,-0.09393260821733615
reasoning_elicitation,133,student_state_vs_domain,-0.0012141671028559342,1400,19,-0.09393260821733615
reasoning_elicitation,134,default_vs_context,0.1258267192107269,1240,18,-0.08322543980159111
reasoning_elicitation,134,student_state_vs_domain,-0.001378703409928253,1240,18,-0.08322543980159111
reasoning_elicitation,135,default_vs_context,0.12773437191071482,1280,17,-0.08329652660467882
reasoning_elicitation,135,student_state_vs_domain,-0.0015597362202988269,1280,17,-0.08329652660467882
reasoning_elicitation,136,default_vs_context,0.1293176296931577,1320,21,-0.0896448801510859
reasoning_elicitation,136,student_state_vs_domain,-0.0005400351820993438,1320,21,-0.0896448801510859
reasoning_elicitation,137,default_vs_context,0.13108848245622554,1240,19,-0.08360995786939349
reasoning_elicitation,137,student_state_vs_domain,-0.00043498690034016185,1240,19,-0.08360995786939349
reasoning_elicitation,138,default_vs_context,0.1283886172908622,1280,21,-0.08138734481344335
reasoning_elicitation,138,student_state_vs_domain,-0.0016768877652646175,1280,21,-0.08138734481344335
reasoning_elicitation,139,default_vs_context,0.12839710064364396,1320,19,-0.08639132082216364
reasoning_elicitation,139,student_state_vs_domain,-0.00047780067489673617,1320,19,-0.08639132082216364
reasoning_elicitation,140,default_vs_context,0.12881015001161078,1320,19,-0.08227615778238574
reasoning_elicitation,140,student_state_vs_domain,-0.0011477405569833288,1320,19,-0.08227615778238574
reasoning_elicitation,141,default_vs_context,0.12930729820888354,1200,17,-0.0858888422279752
reasoning_elicitation,141,student_state_vs_domain,-0.00026512257299196595,1200,17,-0.0858888422279752
reasoning_elicitation,142,default_vs_context,0.12879878171511303,1240,21,-0.09477596784763365
reasoning_elicitation,142,student_state_vs_domain,-0.0006084441086602332,1240,21,-0.09477596784763365
reasoning_elicitation,143,default_vs_context,0.12842195153071145,1360,19,-0.09066038984072922
reasoning_elicitation,143,student_state_vs_domain,-0.0020481081910627558,1360,19,-0.09066038984072922
reasoning_elicitation,144,default_vs_context,0.12750043436746414,1240,18,-0.08980098233126235
reasoning_elicitation,144,student_state_vs_domain,-0.0007515089095864735,1240,18,-0.08980098233126235
reasoning_elicitation,145,default_vs_context,0.13076071889720584,1240,20,-0.08433090094951662
reasoning_elicitation,145,student_state_vs_domain,-0.0008328855850978367,1240,20,-0.08433090094951662
reasoning_elicitation,146,default_vs_context,0.12859397709946666,1200,19,-0.08252749865973916
reasoning_elicitation,146,student_state_vs_domain,-0.0011359389535482156,1200,19,-0.08252749865973916
reasoning_elicitation,147,default_vs_context,0.12756550449878923,1320,21,-0.09550582621851317
reasoning_elicitation,147,student_state_vs_domain,-0.0002537673896239878,1320,21,-0.09550582621851317
reasoning_elicitation,148,default_vs_context,0.12901047602276822,1280,20,-0.09597474408611137
reasoning_elicitation,148,student_state_vs_domain,-0.001036210197700213,1280,20,-0.09597474408611137
reasoning_elicitation,149,default_vs_context,0.12795187780084988,1360,20,-0.08856099305741676
reasoning_elicitation,149,student_state_vs_domain,-0.0006981530555085769,1360,20,-0.08856099305741676
reasoning_elicitation,150,default_vs_context,0.128922666390987,1280,19,-0.0903953535789426
reasoning_elicitation,150,student_state_vs_domain,-0.0011879703984760681,1280,19,-0.0903953535789426
reasoning_elicitation,151,default_vs_context,0.13079895410942893,1240,19,-0.09163276211387174
reasoning_elicitation,151,student_state_vs_domain,-0.0003796130162524447,1240,19,-0.09163276211387174
reasoning_elicitation,152,default_vs_context,0.12880442061602168,1280,20,-0.0945668001187675
reasoning_elicitation,152,student_state_vs_domain,-0.0011327296093154027,1280,20,-0.0945668001187675
reasoning_elicitation,153,default_vs_context,0.1281734252328196,1240,18,-0.0899758880217766
reasoning_elicitation,153,student_state_vs_domain,-0.0006552524974334784,1240,18,-0.0899758880217766
reasoning_elicitation,154,default_vs_context,0.1297507085894254,1240,19,-0.09596696497803292
reasoning_elicitation,154,student_state_vs_domain,-0.001532698395417642,1240,19,-0.09596696497803292
reasoning_elicitation,155,default_vs_context,0.12825296145113368,1440,16,-0.0661053516729166
reasoning_elicitation,155,student_state_vs_domain,-0.0007951032606254571,1440,16,-0.0661053516729166
reasoning_elicitation,156,default_vs_context,0.13126451265893763,1320,18,-0.08867779079908464
reasoning_elicitation,156,student_state_vs_domain,-0.0008804412298536318,1320,18,-0.08867779079908464
reasoning_elicitation,157,default_vs_context,0.12723612202571627,1200,21,-0.09052969792908842
reasoning_elicitation,157,student_state_vs_domain,-0.0003780667912437613,1200,21,-0.09052969792908842
reasoning_elicitation,158,default_vs_context,0.12736761667009722,1200,18,-0.09040068218998222
reasoning_elicitation,158,student_state_vs_domain,-0.0017044200432627943,1200,18,-0.09040068218998222
reasoning_elicitation,159,default_vs_context,0.12562870686805905,1200,17,-0.09011504190917097
reasoning_elicitation,159,student_state_vs_domain,-0.0014517185438222557,1200,17,-0.09011504190917097
reasoning_elicitation,160,default_vs_context,0.12837080804931858,1280,21,-0.0929693278693812
reasoning_elicitation,160,student_state_vs_domain,-0.0008882275280673868,1280,21,-0.0929693278693812
reasoning_elicitation,161,default_vs_context,0.12860073871417968,1320,21,-0.08308942965969057
reasoning_elicitation,161,student_state_vs_domain,-0.0006275271097538754,1320,21,-0.08308942965969057
reasoning_elicitation,162,default_vs_context,0.12812774285622203,1240,18,-0.09238597299235138
reasoning_elicitation,162,student_state_vs_domain,-0.0008573643078608889,1240,18,-0.09238597299235138
reasoning_elicitation,163,default_vs_context,0.12865819899206998,1200,22,-0.0793274124435589
reasoning_elicitation,163,student_state_vs_domain,-0.0006876789007717876,1200,22,-0.0793274124435589
reasoning_elicitation,164,default_vs_context,0.13081001422355318,1200,21,-0.09910833891121648
reasoning_elicitation,164,student_state_vs_domain,-0.0005148178253769758,1200,21,-0.09910833891121648
reasoning_elicitation,165,default_vs_context,0.12933406461806485,1240,20,-0.08121565019521486
reasoning_elicitation,165,student_state_vs_domain,-0.0005525832206141612,1240,20,-0.08121565019521486
reasoning_elicitation,166,default_vs_context,0.12876014597066665,1320,17,-0.08468169047251187
reasoning_elicitation,166,student_state_vs_domain,-0.0005692266946673852,1320,17,-0.08468169047251187
reasoning_elicitation,167,default_vs_context,0.1287261082591162,1320,20,-0.09447794483472158
reasoning_elicitation,167,student_state_vs_domain,-0.0008272176250523067,1320,20,-0.09447794483472158
reasoning_elicitation,168,default_vs_context,0.1290538387943031,1320,23,-0.08798481652365196
reasoning_elicitation,168,student_state_vs_domain,-0.0009449225259746952,1320,23,-0.08798481652365196
reasoning_elicitation,169,default_vs_context,0.13233498523635906,1280,19,-0.08516370400812828
reasoning_elicitation,169,student_state_vs_domain,-0.0006645991685072933,1280,19,-0.08516370400812828
reasoning_elicitation,170,default_vs_context,0.12973504242318484,1280,19,-0.09582567200522549
reasoning_elicitation,170,student_state_vs_domain,-0.00039214773115055224,1280,19,-0.09582567200522549
reasoning_elicitation,171,default_vs_context,0.12886053986498286,1200,18,-0.09247511698136673
reasoning_elicitation,171,student_state_vs_domain,-0.001186729080252899,1200,18,-0.09247511698136673
reasoning_elicitation,172,default_vs_context,0.12548446968223004,1280,16,-0.08465923624443741
reasoning_elicitation,172,student_state_vs_domain,-0.002088087070913125,1280,16,-0.08465923624443741
reasoning_elicitation,173,default_vs_context,0.12813929439429522,1360,19,-0.08430193964341705
reasoning_elicitation,173,student_state_vs_domain,-0.0007198899837833755,1360,19,-0.08430193964341705
reasoning_elicitation,174,default_vs_context,0.1276818779685583,1320,18,-0.08188691240951033
reasoning_elicitation,174,student_state_vs_domain,-0.0007572098179779024,1320,18,-0.08188691240951033
reasoning_elicitation,175,default_vs_context,0.12847424024181478,1200,16,-0.10491723039391629
reasoning_elicitation,175,student_state_vs_domain,-0.002277475510335053,1200,16,-0.10491723039391629
reasoning_elicitation,176,default_vs_context,0.13015248353839365,1240,17,-0.08504003828276724
reasoning_elicitation,176,student_state_vs_domain,-0.0015999462378968599,1240,17,-0.08504003828276724
reasoning_elicitation,177,default_vs_context,0.13031823560649003,1240,18,-0.0977617169097613
reasoning_elicitation,177,student_state_vs_domain,-0.0005360645379328677,1240,18,-0.0977617169097613
reasoning_elicitation,178,default_vs_context,0.1309034234813981,1320,20,-0.08395437493855377
reasoning_elicitation,178,student_state_vs_domain,-0.0009842566431247646,1320,20,-0.08395437493855377
reasoning_elicitation,179,default_vs_context,0.13116615446351698,1240,21,-0.09183555840331707
reasoning_elicitation,179,student_state_vs_domain,-0.00022811739164935174,1240,21,-0.09183555840331707
reasoning_elicitation,180,default_vs_context,0.12997633758471033,1320,20,-0.08789440062290849
reasoning_elicitation,180,student_state_vs_domain,-0.002123498538017368,1320,20,-0.08789440062290849
reasoning_elicitation,181,default_vs_context,0.12716522355019005,1240,19,-0.09095178174044626
reasoning_elicitation,181,student_state_vs_domain,-0.001618529439932237,1240,19,-0.09095178174044626
reasoning_elicitation,182,default_vs_context,0.1282970969193519,1280,18,-0.08402980036987043
reasoning_elicitation,182,student_state_vs_domain,-0.0013798154196187906,1280,18,-0.08402980036987043
reasoning_elicitation,183,default_vs_context,0.1305647765186021,1320,18,-0.0925695385071667
reasoning_elicitation,183,student_state_vs_domain,-0.00035325162628944973,1320,18,-0.0925695385071667
reasoning_elicitation,184,default_vs_context,0.12967717175379087,1240,19,-0.09647065010931621
reasoning_elicitation,184,student_state_vs_domain,-0.000889136338382196,1240,19,-0.09647065010931621
reasoning_elicitation,185,default_vs_context,0.12751730268729813,1200,19,-0.09431896720552535
reasoning_elicitation,185,student_state_vs_domain,-0.0008789586918372672,1200,19,-0.09431896720552535
reasoning_elicitation,186,default_vs_context,0.12891744709966768,1200,21,-0.0942103686624285
reasoning_elicitation,186,student_state_vs_domain,-0.0018913619496178369,1200,21,-0.0942103686624285
reasoning_elicitation,187,default_vs_context,0.13065242786392522,1200,18,-0.09687096040540583
reasoning_elicitation,187,student_state_vs_domain,-0.00026038197022405785,1200,18,-0.09687096040540583
reasoning_elicitation,188,default_vs_context,0.12960018570355186,1360,18,-0.08579776275401191
reasoning_elicitation,188,student_state_vs_domain,-0.00012685678261867284,1360,18,-0.08579776275401191
reasoning_elicitation,189,default_vs_context,0.130657200844285,1320,17,-0.10451397935391121
reasoning_elicitation,189,student_state_vs_domain,-0.0015036084630654922,1320,17,-0.10451397935391121
reasoning_elicitation,190,default_vs_context,0.12983293441907898,1280,18,-0.08490656092427268
reasoning_elicitation,190,student_state_vs_domain,-0.0007591216651723076,1280,18,-0.08490656092427268
reasoning_elicitation,191,default_vs_context,0.13008760941253006,1280,19,-0.10204138670504481
reasoning_elicitation,191,student_state_vs_domain,-5.286843150958953e-05,1280,19,-0.10204138670504481
reasoning_elicitation,192,default_vs_context,0.1297644534077885,1200,18,-0.08770618605397801
reasoning_elicitation,192,student_state_vs_domain,5.204363837688075e-05,1200,18,-0.08770618605397801
reasoning_elicitation,193,default_vs_context,0.12951365957474223,1320,21,-0.0959667956687772
reasoning_elicitation,193,student_state_vs_domain,-0.0013891594201598245,1320,21,-0.0959667956687772
reasoning_elicitation,194,default_vs_context,0.130406654936982,1200,21,-0.089643323237818
reasoning_elicitation,194,student_state_vs_domain,-0.0010458164164594275,1200,21,-0.089643323237818
reasoning_elicitation,195,default_vs_context,0.13013298355168687,1200,19,-0.09038333456354886
reasoning_elicitation,195,student_state_vs_domain,-8.890007303732905e-05,1200,19,-0.09038333456354886
reasoning_elicitation,196,default_vs_context,0.13040451828050892,1280,19,-0.08808933306144479
reasoning_elicitation,196,student_state_vs_domain,-0.0006745807361908801,1280,19,-0.08808933306144479
reasoning_elicitation,197,default_vs_context,0.1294888063491587,1280,20,-0.10316893152880609
reasoning_elicitation,197,student_state_vs_domain,-0.0005811378057767602,1280,20,-0.10316893152880609
reasoning_elicitation,198,default_vs_context,0.12986257176488689,1320,22,-0.0871157528992714
reasoning_elicitation,198,student_state_vs_domain,-0.0006288184028529764,1320,22,-0.0871157528992714
reasoning_elicitation,199,default_vs_context,0.13003366479123657,1280,19,-0.08737982814422139
reasoning_elicitation,199,student_state_vs_domain,-0.00102140914092487,1280,19,-0.08737982814422139
affect_acknowledgement,0,default_vs_context,0.019723218075278104,1320,19,-0.016828288195954777
affect_acknowledgement,0,student_state_vs_domain,0.007478386297847334,1320,19,-0.016828288195954777
affect_acknowledgement,1,default_vs_context,0.016783258311137278,1280,21,-0.013727934573350392
affect_acknowledgement,1,student_state_vs_domain,0.007876440267410523,1280,21,-0.013727934573350392
affect_acknowledgement,2,default_vs_context,0.01854057592270822,1280,19,-0.01610387566054608
affect_acknowledgement,2,student_state_vs_domain,0.009897956740223146,1280,19,-0.01610387566054608
affect_acknowledgement,3,default_vs_context,0.01789476371524612,1280,17,-0.013696804916242034
affect_acknowledgement,3,student_state_vs_domain,0.00883846653122125,1280,17,-0.013696804916242034
affect_acknowledgement,4,default_vs_context,0.020386778134560468,1240,20,-0.014062404224869207
affect_acknowledgement,4,student_state_vs_domain,0.00965989556124619,1240,20,-0.014062404224869207
affect_acknowledgement,5,default_vs_context,0.0213666539794366,1320,19,-0.017397500833999158
affect_acknowledgement,5,student_state_vs_domain,0.008094133225893113,1320,19,-0.017397500833999158
affect_acknowledgement,6,default_vs_context,0.018761385128870905,1320,22,-0.015698456864580018
affect_acknowledgement,6,student_state_vs_domain,0.009003406902726413,1320,22,-0.015698456864580018
affect_acknowledgement,7,default_vs_context,0.018560126546409067,1240,20,-0.015548567319527001
affect_acknowledgement,7,student_state_vs_domain,0.009331546819176528,1240,20,-0.015548567319527001
affect_acknowledgement,8,default_vs_context,0.019590810727864588,1200,22,-0.0171640663916256
affect_acknowledgement,8,student_state_vs_domain,0.009236408718582972,1200,22,-0.0171640663916256
affect_acknowledgement,9,default_vs_context,0.019963978534438237,1320,18,-0.015025858203747494
affect_acknowledgement,9,student_state_vs_domain,0.00773391892971842,1320,18,-0.015025858203747494
affect_acknowledgement,10,default_vs_context,0.017875327089288073,1200,18,-0.014997497883983218
affect_acknowledgement,10,student_state_vs_domain,0.008310283222093484,1200,18,-0.014997497883983218
affect_acknowledgement,11,default_vs_context,0.01982015554529551,1360,17,-0.015775342476126164
affect_acknowledgement,11,student_state_vs_domain,0.010291484544755869,1360,17,-0.015775342476126164
affect_acknowledgement,12,default_vs_context,0.020208444363150363,1360,18,-0.015348254625449864
affect_acknowledgement,12,student_state_vs_domain,0.009867300631788145,1360,18,-0.015348254625449864
affect_acknowledgement,13,default_vs_context,0.020160047283558413,1320,20,-0.013763219401350973
affect_acknowledgement,13,student_state_vs_domain,0.009158004873136616,1320,20,-0.013763219401350973
affect_acknowledgement,14,default_vs_context,0.020824605441235128,1320,18,-0.015140575778731846
affect_acknowledgement,14,student_state_vs_domain,0.007762926285718924,1320,18,-0.015140575778731846
affect_acknowledgement,15,default_vs_context,0.021397581013746114,1280,20,-0.018809251950043016
affect_acknowledgement,15,student_state_vs_domain,0.008805636249088172,1280,20,-0.018809251950043016
affect_acknowledgement,16,default_vs_context,0.018192160311573613,1240,17,-0.011303555366477036
affect_acknowledgement,16,student_state_vs_domain,0.0034424195822015946,1240,17,-0.011303555366477036
affect_acknowledgement,17,default_vs_context,0.01952779749452757,1240,21,-0.016748908009218272
affect_acknowledgement,17,student_state_vs_domain,0.009315022421317404,1240,21,-0.016748908009218272
affect_acknowledgement,18,default_vs_context,0.020458728073800753,1320,17,-0.017032563680031754
affect_acknowledgement,18,student_state_vs_domain,0.008257837920575328,1320,17,-0.017032563680031754
affect_acknowledgement,19,default_vs_context,0.01668470302149641,1240,18,-0.013598122720979072
affect_acknowledgement,19,student_state_vs_domain,0.004877091853082688,1240,18,-0.013598122720979072
affect_acknowledgement,20,default_vs_context,0.018939218821907855,1280,21,-0.015603394062565806
affect_acknowledgement,20,student_state_vs_domain,0.008650091261222598,1280,21,-0.015603394062565806
affect_acknowledgement,21,default_vs_context,0.019217234797363203,1240,20,-0.015274819852849064
affect_acknowledgement,21,student_state_vs_domain,0.008223899019361075,1240,20,-0.015274819852849064
affect_acknowledgement,22,default_vs_context,0.01908613616742333,1360,16,-0.01617698207326676
affect_acknowledgement,22,student_state_vs_domain,0.007668192441386723,1360,16,-0.01617698207326676
affect_acknowledgement,23,default_vs_context,0.020562224794842376,1320,18,-0.014722433847530247
affect_acknowledgement,23,student_state_vs_domain,0.008165666397532634,1320,18,-0.014722433847530247
affect_acknowledgement,24,default_vs_context,0.019528359019505892,1360,20,-0.0169068119290616
affect_acknowledgement,24,student_state_vs_domain,0.006200018144152802,1360,20,-0.0169068119290616
affect_acknowledgement,25,default_vs_context,0.021363693250172205,1280,20,-0.01529399606039955
affect_acknowledgement,25,student_state_vs_domain,0.00912243559137288,1280,20,-0.01529399606039955
affect_acknowledgement,26,default_vs_context,0.018361451568933068,1240,21,-0.013411237926327868
affect_acknowledgement,26,student_state_vs_domain,0.007626739963888629,1240,21,-0.013411237926327868
affect_acknowledgement,27,default_vs_context,0.020901892608047923,1400,15,-0.01593548506350939
affect_acknowledgement,27,student_state_vs_domain,0.005698042156801586,1400,15,-0.01593548506350939
affect_acknowledgement,28,default_vs_context,0.019454433722693315,1240,17,-0.01601082779655147
affect_acknowledgement,28,student_state_vs_domain,0.0074727909734043085,1240,17,-0.01601082779655147
affect_acknowledgement,29,default_vs_context,0.01871948797432424,1280,18,-0.014444859639895807
affect_acknowledgement,29,student_state_vs_domain,0.006499302131180662,1280,18,-0.014444859639895807
affect_acknowledgement,30,default_vs_context,0.020730490293423665,1320,18,-0.016176261312038753
affect_acknowledgement,30,student_state_vs_domain,0.008683920000802592,1320,18,-0.016176261312038753
affect_acknowledgement,31,default_vs_context,0.021236090894857146,1320,20,-0.016094715090106848
affect_acknowledgement,31,student_state_vs_domain,0.006924899207622903,1320,20,-0.016094715090106848
affect_acknowledgement,32,default_vs_context,0.018613635058981448,1240,19,-0.013356773948771772
affect_acknowledgement,32,student_state_vs_domain,0.00885592855627823,1240,19,-0.013356773948771772
affect_acknowledgement,33,default_vs_context,0.018649488054959806,1280,18,-0.014902778947926215
affect_acknowledgement,33,student_state_vs_domain,0.008453775311747291,1280,18,-0.014902778947926215
affect_acknowledgement,34,default_vs_context,0.018459132788347765,1240,17,-0.01663867306005193
affect_acknowledgement,34,student_state_vs_domain,0.010346013601741921,1240,17,-0.01663867306005193
affect_acknowledgement,35,default_vs_context,0.019543474205845984,1280,18,-0.017267001396512466
affect_acknowledgement,35,student_state_vs_domain,0.006597897080891368,1280,18,-0.017267001396512466
affect_acknowledgement,36,default_vs_context,0.021405094510124373,1360,21,-0.01698216472919467
affect_acknowledgement,36,student_state_vs_domain,0.007933990337422592,1360,21,-0.01698216472919467
affect_acknowledgement,37,default_vs_context,0.019411609563401683,1320,18,-0.01501899512171509
affect_acknowledgement,37,student_state_vs_domain,0.007825590451389308,1320,18,-0.01501899512171509
affect_acknowledgement,38,default_vs_context,0.018775558471402137,1360,22,-0.014841847413537834
affect_acknowledgement,38,student_state_vs_domain,0.009805680355276125,1360,22,-0.014841847413537834
affect_acknowledgement,39,default_vs_context,0.017117579709636843,1280,21,-0.014610854473951163
affect_acknowledgement,39,student_state_vs_domain,0.008053509100016537,1280,21,-0.014610854473951163
affect_acknowledgement,40,default_vs_context,0.017343461258921167,1320,19,-0.015120152546988508
affect_acknowledgement,40,student_state_vs_domain,0.008032762263831095,1320,19,-0.015120152546988508
affect_acknowledgement,41,default_vs_context,0.01984003484889038,1280,18,-0.017846041413492802
affect_acknowledgement,41,student_state_vs_domain,0.008840202096372513,1280,18,-0.017846041413492802
affect_acknowledgement,42,default_vs_context,0.018476133776678477,1280,21,-0.013212668698742963
affect_acknowledgement,42,student_state_vs_domain,0.009910228387446707,1280,21,-0.013212668698742963
affect_acknowledgement,43,default_vs_context,0.017893502635306424,1240,19,-0.014925084918464976
affect_acknowledgement,43,student_state_vs_domain,0.008615718685102247,1240,19,-0.014925084918464976
affect_acknowledgement,44,default_vs_context,0.01903379202213712,1280,20,-0.014845580699442612
affect_acknowledgement,44,student_state_vs_domain,0.007868391047489598,1280,20,-0.014845580699442612
affect_acknowledgement,45,default_vs_context,0.017532933174834897,1400,15,-0.014066823747758861
affect_acknowledgement,45,student_state_vs_domain,0.006026605337805385,1400,15,-0.014066823747758861
affect_acknowledgement,46,default_vs_context,0.017307264722745574,1320,18,-0.014937608934428137
affect_acknowledgement,46,student_state_vs_domain,0.007418145787509739,1320,18,-0.014937608934428137
affect_acknowledgement,47,default_vs_context,0.019190622618679987,1240,24,-0.015345953020295178
affect_acknowledgement,47,student_state_vs_domain,0.00891468769132392,1240,24,-0.015345953020295178
affect_acknowledgement,48,default_vs_context,0.017301989126159573,1240,17,-0.013929418638861851
affect_acknowledgement,48,student_state_vs_domain,0.005435767762743987,1240,17,-0.013929418638861851
affect_acknowledgement,49,default_vs_context,0.0207038334907077,1320,17,-0.01524440859046855
affect_acknowledgement,49,student_state_vs_domain,0.009014932115113589,1320,17,-0.01524440859046855
affect_acknowledgement,50,default_vs_context,0.01915686571170211,1280,18,-0.015275109751767907
affect_acknowledgement,50,student_state_vs_domain,0.00615240273157433,1280,18,-0.015275109751767907
affect_acknowledgement,51,default_vs_context,0.01885953732877496,1280,20,-0.014044469990723868
affect_acknowledgement,51,student_state_vs_domain,0.007995331260379906,1280,20,-0.014044469990723868
affect_acknowledgement,52,default_vs_context,0.01953959211829981,1240,20,-0.015143598324226154
affect_acknowledgement,52,student_state_vs_domain,0.00914613936370931,1240,20,-0.015143598324226154
affect_acknowledgement,53,default_vs_context,0.018804292024624303,1280,23,-0.0169359524808545
affect_acknowledgement,53,student_state_vs_domain,0.01034161685365409,1280,23,-0.0169359524808545
affect_acknowledgement,54,default_vs_context,0.020123363869734928,1280,17,-0.015456189546064786
affect_acknowledgement,54,student_state_vs_domain,0.007331670736570289,1280,17,-0.015456189546064786
affect_acknowledgement,55,default_vs_context,0.019389571345413914,1240,21,-0.017500870656190493
affect_acknowledgement,55,student_state_vs_domain,0.008278538054030143,1240,21,-0.017500870656190493
affect_acknowledgement,56,default_vs_context,0.020407620995155556,1320,20,-0.016717845651530505
affect_acknowledgement,56,student_state_vs_domain,0.008971160673443612,1320,20,-0.016717845651530505
affect_acknowledgement,57,default_vs_context,0.019762239994573327,1320,22,-0.016756259553089015
affect_acknowledgement,57,student_state_vs_domain,0.008782600878620511,1320,22,-0.016756259553089015
affect_acknowledgement,58,default_vs_context,0.02024611124324091,1400,21,-0.016210954436032737
affect_acknowledgement,58,student_state_vs_domain,0.007920829958814074,1400,21,-0.016210954436032737
affect_acknowledgement,59,default_vs_context,0.019752305116362612,1280,22,-0.01625933901285312
affect_acknowledgement,59,student_state_vs_domain,0.007443653219798146,1280,22,-0.01625933901285312
affect_acknowledgement,60,default_vs_context,0.020524180246002,1320,15,-0.01627924180844892
affect_acknowledgement,60,student_state_vs_domain,0.007237967318166005,1320,15,-0.01627924180844892
affect_acknowledgement,61,default_vs_context,0.015561769569434863,1240,17,-0.01384678951694876
affect_acknowledgement,61,student_state_vs_domain,0.008480958004453837,1240,17,-0.01384678951694876
affect_acknowledgement,62,default_vs_context,0.019164070737539285,1280,19,-0.014019715863623716
affect_acknowledgement,62,student_state_vs_domain,0.006995189971697818,1280,19,-0.014019715863623716
affect_acknowledgement,63,default_vs_context,0.018225855516154382,1240,20,-0.013738096531538124
affect_acknowledgement,63,student_state_vs_domain,0.008275830710654658,1240,20,-0.013738096531538124
affect_acknowledgement,64,default_vs_context,0.01728356438703238,1240,19,-0.01452502243401907
affect_acknowledgement,64,student_state_vs_domain,0.006455870799872976,1240,19,-0.01452502243401907
affect_acknowledgement,65,default_vs_context,0.020973715215848066,1240,18,-0.016297664909267234
affect_acknowledgement,65,student_state_vs_domain,0.0097073125962506,1240,18,-0.016297664909267234
affect_acknowledgement,66,default_vs_context,0.019508686480807252,1280,22,-0.015231023169489821
affect_acknowledgement,66,student_state_vs_domain,0.008705961238898607,1280,22,-0.015231023169489821
affect_acknowledgement,67,default_vs_context,0.01854041442659715,1280,19,-0.01553102349719182
affect_acknowledgement,67,student_state_vs_domain,0.009754949737247609,1280,19,-0.01553102349719182
affect_acknowledgement,68,default_vs_context,0.021499563643397168,1360,18,-0.016134417303813653
affect_acknowledgement,68,student_state_vs_domain,0.008822137145375858,1360,18,-0.016134417303813653
affect_acknowledgement,69,default_vs_context,0.02012565107422301,1240,20,-0.015541841836398729
affect_acknowledgement,69,student_state_vs_domain,0.009942165091479022,1240,20,-0.015541841836398729
affect_acknowledgement,70,default_vs_context,0.018302222962185782,1360,19,-0.013521776807534663
affect_acknowledgement,70,student_state_vs_domain,0.007623767274476917,1360,19,-0.013521776807534663
affect_acknowledgement,71,default_vs_context,0.019686744514738147,1320,19,-0.014749068338302918
affect_acknowledgement,71,student_state_vs_domain,0.008957134916357412,1320,19,-0.014749068338302918
affect_acknowledgement,72,default_vs_context,0.021626874451169315,1280,18,-0.015655618755287287
affect_acknowledgement,72,student_state_vs_domain,0.005763056361441754,1280,18,-0.015655618755287287
affect_acknowledgement,73,default_vs_context,0.019747493764986412,1200,22,-0.014995096091693444
affect_acknowledgement,73,student_state_vs_domain,0.00851537799231869,1200,22,-0.014995096091693444
affect_acknowledgement,74,default_vs_context,0.01986128940405643,1280,20,-0.016589076935996927
affect_acknowledgement,74,student_state_vs_domain,0.00831426212841363,1280,20,-0.016589076935996927
affect_acknowledgement,75,default_vs_context,0.01933885427046378,1280,17,-0.017031583905916553
affect_acknowledgement,75,student_state_vs_domain,0.01043532391177815,1280,17,-0.017031583905916553
affect_acknowledgement,76,default_vs_context,0.01900198401892772,1200,18,-0.016203352230427764
affect_acknowledgement,76,student_state_vs_domain,0.00826302832803838,1200,18,-0.016203352230427764
affect_acknowledgement,77,default_vs_context,0.0190503668507761,1400,19,-0.015503847465984238
affect_acknowledgement,77,student_state_vs_domain,0.010387932329862348,1400,19,-0.015503847465984238
affect_acknowledgement,78,default_vs_context,0.020713681340216616,1440,20,-0.017273470843399807
affect_acknowledgement,78,student_state_vs_domain,0.009968229029915454,1440,20,-0.017273470843399807
affect_acknowledgement,79,default_vs_context,0.01926773614850283,1280,21,-0.013698009384425752
affect_acknowledgement,79,student_state_vs_domain,0.007525870406483198,1280,21,-0.013698009384425752
affect_acknowledgement,80,default_vs_context,0.02133522978783653,1400,20,-0.015504236201984878
affect_acknowledgement,80,student_state_vs_domain,0.008678050219839112,1400,20,-0.015504236201984878
affect_acknowledgement,81,default_vs_context,0.01902842724983586,1320,21,-0.014871905165003224
affect_acknowledgement,81,student_state_vs_domain,0.007699490008237719,1320,21,-0.014871905165003224
affect_acknowledgement,82,default_vs_context,0.021039899439586174,1240,17,-0.016535589478446466
affect_acknowledgement,82,student_state_vs_domain,0.006464923551725954,1240,17,-0.016535589478446466
affect_acknowledgement,83,default_vs_context,0.017873014192011677,1200,18,-0.014636238245511551
affect_acknowledgement,83,student_state_vs_domain,0.007320004406960401,1200,18,-0.014636238245511551
affect_acknowledgement,84,default_vs_context,0.01989631931149327,1360,17,-0.01715060170372995
affect_acknowledgement,84,student_state_vs_domain,0.008313271463155691,1360,17,-0.01715060170372995
affect_acknowledgement,85,default_vs_context,0.018310966413530833,1320,14,-0.01589688669284456
affect_acknowledgement,85,student_state_vs_domain,0.004838157068505294,1320,14,-0.01589688669284456
affect_acknowledgement,86,default_vs_context,0.01875012136525961,1280,19,-0.013702151320574563
affect_acknowledgement,86,student_state_vs_domain,0.00760019583143412,1280,19,-0.013702151320574563
affect_acknowledgement,87,default_vs_context,0.019741962888927544,1240,19,-0.015479369969606666
affect_acknowledgement,87,student_state_vs_domain,0.006410540636339446,1240,19,-0.015479369969606666
affect_acknowledgement,88,default_vs_context,0.020017950866640655,1240,17,-0.015232131509998886
affect_acknowledgement,88,student_state_vs_domain,0.007123317285592429,1240,17,-0.015232131509998886
affect_acknowledgement,89,default_vs_context,0.019732938525752697,1280,22,-0.015962204060812557
affect_acknowledgement,89,student_state_vs_domain,0.008289744774851199,1280,22,-0.015962204060812557
affect_acknowledgement,90,default_vs_context,0.019962070921101832,1240,18,-0.01873184114316112
affect_acknowledgement,90,student_state_vs_domain,0.009872071250545456,1240,18,-0.01873184114316112
affect_acknowledgement,91,default_vs_context,0.019016887228895996,1240,21,-0.015394295174482875
affect_acknowledgement,91,student_state_vs_domain,0.007015248211468095,1240,21,-0.015394295174482875
affect_acknowledgement,92,default_vs_context,0.01697825958610444,1280,18,-0.01320504550514201
affect_acknowledgement,92,student_state_vs_domain,0.00767620048796841,1280,18,-0.01320504550514201
affect_acknowledgement,93,default_vs_context,0.019830861380147752,1240,23,-0.018007356611475955
affect_acknowledgement,93,student_state_vs_domain,0.010100027811462964,1240,23,-0.018007356611475955
affect_acknowledgement,94,default_vs_context,0.01996762968271129,1200,21,-0.015739936662908516
affect_acknowledgement,94,student_state_vs_domain,0.007807981257855423,1200,21,-0.015739936662908516
affect_acknowledgement,95,default_vs_context,0.017879797477122816,1320,23,-0.01569831779206518
affect_acknowledgement,95,student_state_vs_domain,0.008902342584466344,1320,23,-0.01569831779206518
affect_acknowledgement,96,default_vs_context,0.01959794469216769,1280,21,-0.016790731522518143
affect_acknowledgement,96,student_state_vs_domain,0.007793682407317509,1280,21,-0.016790731522518143
affect_acknowledgement,97,default_vs_context,0.0195839325375127,1200,16,-0.016717314090739427
affect_acknowledgement,97,student_state_vs_domain,0.009320269593016739,1200,16,-0.016717314090739427
affect_acknowledgement,98,default_vs_context,0.019884751308276438,1320,23,-0.015703673139827345
affect_acknowledgement,98,student_state_vs_domain,0.007551773739841283,1320,23,-0.015703673139827345
affect_acknowledgement,99,default_vs_context,0.019711613864134586,1280,21,-0.017978717890480334
affect_acknowledgement,99,student_state_vs_domain,0.007771620954270697,1280,21,-0.017978717890480334
affect_acknowledgement,100,default_vs_context,0.017810916432834528,1280,17,-0.013913007239274328
affect_acknowledgement,100,student_state_vs_domain,0.009176472118095524,1280,17,-0.013913007239274328
affect_acknowledgement,101,default_vs_context,0.0197884222358736,1400,20,-0.016430872167137844
affect_acknowledgement,101,student_state_vs_domain,0.00937919174685306,1400,20,-0.016430872167137844
affect_acknowledgement,102,default_vs_context,0.019681133076880047,1240,18,-0.012572782091893692
affect_acknowledgement,102,student_state_vs_domain,0.006882890940705572,1240,18,-0.012572782091893692
affect_acknowledgement,103,default_vs_context,0.020382462162423787,1280,21,-0.01716474386584199
affect_acknowledgement,103,student_state_vs_domain,0.008934098919584188,1280,21,-0.01716474386584199
affect_acknowledgement,104,default_vs_context,0.02010832711828467,1320,21,-0.01726733339232775
affect_acknowledgement,104,student_state_vs_domain,0.009165801657797318,1320,21,-0.01726733339232775
affect_acknowledgement,105,default_vs_context,0.01725131376687547,1320,19,-0.015689767029001128
affect_acknowledgement,105,student_state_vs_domain,0.007741837787528266,1320,19,-0.015689767029001128
affect_acknowledgement,106,default_vs_context,0.017977585435885818,1240,21,-0.013723452321297541
affect_acknowledgement,106,student_state_vs_domain,0.005910966524012268,1240,21,-0.013723452321297541
affect_acknowledgement,107,default_vs_context,0.017667293426365,1360,22,-0.015997846017220346
affect_acknowledgement,107,student_state_vs_domain,0.009439906520882307,1360,22,-0.015997846017220346
affect_acknowledgement,108,default_vs_context,0.017455230979090852,1280,20,-0.014275023270214182
affect_acknowledgement,108,student_state_vs_domain,0.008684808216496004,1280,20,-0.014275023270214182
affect_acknowledgement,109,default_vs_context,0.017817080358454862,1200,19,-0.01344051134606869
affect_acknowledgement,109,student_state_vs_domain,0.00750028357117305,1200,19,-0.01344051134606869
affect_acknowledgement,110,default_vs_context,0.02174586854321786,1280,20,-0.016155995585361987
affect_acknowledgement,110,student_state_vs_domain,0.009128919078607356,1280,20,-0.016155995585361987
affect_acknowledgement,111,default_vs_context,0.019911357573153127,1240,20,-0.01559937495647512
affect_acknowledgement,111,student_state_vs_domain,0.007472459332237336,1240,20,-0.01559937495647512
affect_acknowledgement,112,default_vs_context,0.01808049373843526,1280,20,-0.01586221090134407
affect_acknowledgement,112,student_state_vs_domain,0.009432811734224472,1280,20,-0.01586221090134407
affect_acknowledgement,113,default_vs_context,0.01968317979131967,1280,19,-0.014293550970636393
affect_acknowledgement,113,student_state_vs_domain,0.010735948841717885,1280,19,-0.014293550970636393
affect_acknowledgement,114,default_vs_context,0.017473477693833644,1280,19,-0.013987932068255021
affect_acknowledgement,114,student_state_vs_domain,0.008600827744164763,1280,19,-0.013987932068255021
affect_acknowledgement,115,default_vs_context,0.018822752392157666,1200,18,-0.014873384229921294
affect_acknowledgement,115,student_state_vs_domain,0.008832573771036634,1200,18,-0.014873384229921294
affect_acknowledgement,116,default_vs_context,0.018002249734870635,1200,21,-0.014958568388905746
affect_acknowledgement,116,student_state_vs_domain,0.008044714138866954,1200,21,-0.014958568388905746
affect_acknowledgement,117,default_vs_context,0.020396394507249116,1280,20,-0.015546654031527718
affect_acknowledgement,117,student_state_vs_domain,0.007690360208811975,1280,20,-0.015546654031527718
affect_acknowledgement,118,default_vs_context,0.01928083800548766,1200,20,-0.0144723164601539
affect_acknowledgement,118,student_state_vs_domain,0.008667718679273767,1200,20,-0.0144723164601539
affect_acknowledgement,119,default_vs_context,0.01834150639630444,1280,17,-0.013809205869320412
affect_acknowledgement,119,student_state_vs_domain,0.0065880965590126295,1280,17,-0.013809205869320412
affect_acknowledgement,120,default_vs_context,0.01672001098411255,1240,19,-0.013404808842973931
affect_acknowledgement,120,student_state_vs_domain,0.008537673491297859,1240,19,-0.013404808842973931
affect_acknowledgement,121,default_vs_context,0.018913085789110495,1200,21,-0.014893009456766443
affect_acknowledgement,121,student_state_vs_domain,0.007501357162548766,1200,21,-0.014893009456766443
affect_acknowledgement,122,default_vs_context,0.018259031037017648,1240,18,-0.014460437873310777
affect_acknowledgement,122,student_state_vs_domain,0.009420092829457855,1240,18,-0.014460437873310777
affect_acknowledgement,123,default_vs_context,0.01969247833768012,1280,20,-0.014389381956564667
affect_acknowledgement,123,student_state_vs_domain,0.007580695793481335,1280,20,-0.014389381956564667
affect_acknowledgement,124,default_vs_context,0.017567693450171812,1240,21,-0.014113943151809222
affect_acknowledgement,124,student_state_vs_domain,0.008694385909572666,1240,21,-0.014113943151809222
affect_acknowledgement,125,default_vs_context,0.020203068705427207,1280,19,-0.015558225865236086
affect_acknowledgement,125,student_state_vs_domain,0.007755993381147769,1280,19,-0.015558225865236086
affect_acknowledgement,126,default_vs_context,0.02133207083419761,1280,18,-0.01836345604860981
affect_acknowledgement,126,student_state_vs_domain,0.009029374331959744,1280,18,-0.01836345604860981
affect_acknowledgement,127,default_vs_context,0.01817924252534142,1240,18,-0.015161660800355192
affect_acknowledgement,127,student_state_vs_domain,0.007794696255799538,1240,18,-0.015161660800355192
affect_acknowledgement,128,default_vs_context,0.015392053138449213,1280,16,-0.013600367866366425
affect_acknowledgement,128,student_state_vs_domain,0.00810946733869472,1280,16,-0.013600367866366425
affect_acknowledgement,129,default_vs_context,0.020191305066361853,1280,20,-0.012682726207924183
affect_acknowledgement,129,student_state_vs_domain,0.00739110294207454,1280,20,-0.012682726207924183
affect_acknowledgement,130,default_vs_context,0.018576370714907586,1240,21,-0.014930354989951183
affect_acknowledgement,130,student_state_vs_domain,0.007113674781100393,1240,21,-0.014930354989951183
affect_acknowledgement,131,default_vs_context,0.020547831798259947,1360,22,-0.01644634952527041
affect_acknowledgement,131,student_state_vs_domain,0.010543768301107537,1360,22,-0.01644634952527041
affect_acknowledgement,132,default_vs_context,0.019987540592568215,1240,19,-0.015017658554531466
affect_acknowledgement,132,student_state_vs_domain,0.0035673491634671817,1240,19,-0.015017658554531466
affect_acknowledgement,133,default_vs_context,0.018263850686627003,1400,19,-0.015483621785439744
affect_acknowledgement,133,student_state_vs_domain,0.008965440031417332,1400,19,-0.015483621785439744
affect_acknowledgement,134,default_vs_context,0.017029860137622616,1240,18,-0.012222561527543141
affect_acknowledgement,134,student_state_vs_domain,0.004782799583326253,1240,18,-0.012222561527543141
affect_acknowledgement,135,default_vs_context,0.017083471085766577,1280,17,-0.012984308825628676
affect_acknowledgement,135,student_state_vs_domain,0.008311386610581478,1280,17,-0.012984308825628676
affect_acknowledgement,136,default_vs_context,0.019279429867728515,1320,21,-0.015168772233687566
affect_acknowledgement,136,student_state_vs_domain,0.009247426351546406,1320,21,-0.015168772233687566
affect_acknowledgement,137,default_vs_context,0.015289169360527266,1240,19,-0.016119647458888664
affect_acknowledgement,137,student_state_vs_domain,0.009267186240024372,1240,19,-0.016119647458888664
affect_acknowledgement,138,default_vs_context,0.019128553315389984,1280,21,-0.015614220063704831
affect_acknowledgement,138,student_state_vs_domain,0.0072448759466818835,1280,21,-0.015614220063704831
affect_acknowledgement,139,default_vs_context,0.019931807318020356,1320,19,-0.015800725489333783
affect_acknowledgement,139,student_state_vs_domain,0.008834821000932885,1320,19,-0.015800725489333783
affect_acknowledgement,140,default_vs_context,0.019432693894206432,1320,19,-0.014424070986558735
affect_acknowledgement,140,student_state_vs_domain,0.005877839589967265,1320,19,-0.014424070986558735
affect_acknowledgement,141,default_vs_context,0.017055912912631477,1200,17,-0.013739486778107657
affect_acknowledgement,141,student_state_vs_domain,0.00705271541345287,1200,17,-0.013739486778107657
affect_acknowledgement,142,default_vs_context,0.020685873131382593,1240,21,-0.017545075868938775
affect_acknowledgement,142,student_state_vs_domain,0.009142908339220795,1240,21,-0.017545075868938775
affect_acknowledgement,143,default_vs_context,0.019220072072250516,1360,19,-0.016863217197553237
affect_acknowledgement,143,student_state_vs_domain,0.00858500224045683,1360,19,-0.016863217197553237
affect_acknowledgement,144,default_vs_context,0.01994724624643754,1240,18,-0.014104520092851763
affect_acknowledgement,144,student_state_vs_domain,0.00837655951243152,1240,18,-0.014104520092851763
affect_acknowledgement,145,default_vs_context,0.02056940326116602,1240,20,-0.016528901273234448
affect_acknowledgement,145,student_state_vs_domain,0.008257735638088487,1240,20,-0.016528901273234448
affect_acknowledgement,146,default_vs_context,0.018373083610286195,1200,19,-0.016671490420507973
affect_acknowledgement,146,student_state_vs_domain,0.008807881188986288,1200,19,-0.016671490420507973
affect_acknowledgement,147,default_vs_context,0.02115879031589174,1320,21,-0.014781748384937676
affect_acknowledgement,147,student_state_vs_domain,0.007124605890891811,1320,21,-0.014781748384937676
affect_acknowledgement,148,default_vs_context,0.019603157471043436,1280,20,-0.016669112301809452
affect_acknowledgement,148,student_state_vs_domain,0.01034365105161042,1280,20,-0.016669112301809452
affect_acknowledgement,149,default_vs_context,0.020969507310303115,1360,20,-0.015859222661343264
affect_acknowledgement,149,student_state_vs_domain,0.006866528180920817,1360,20,-0.015859222661343264
affect_acknowledgement,150,default_vs_context,0.01825608866945333,1280,19,-0.016176219289986193
affect_acknowledgement,150,student_state_vs_domain,0.008111917636240584,1280,19,-0.016176219289986193
affect_acknowledgement,151,default_vs_context,0.018588093111775783,1240,19,-0.016253242062610446
affect_acknowledgement,151,student_state_vs_domain,0.009793936235153428,1240,19,-0.016253242062610446
affect_acknowledgement,152,default_vs_context,0.022319472689620812,1280,20,-0.017116557253270742
affect_acknowledgement,152,student_state_vs_domain,0.0068076934620305285,1280,20,-0.017116557253270742
affect_acknowledgement,153,default_vs_context,0.019622749404343942,1240,18,-0.01505192910560127
affect_acknowledgement,153,student_state_vs_domain,0.007603077367060007,1240,18,-0.01505192910560127
affect_acknowledgement,154,default_vs_context,0.018880490365787844,1240,19,-0.016105436292729453
affect_acknowledgement,154,student_state_vs_domain,0.009783727870915748,1240,19,-0.016105436292729453
affect_acknowledgement,155,default_vs_context,0.019854628349190495,1440,16,-0.016184032367949353
affect_acknowledgement,155,student_state_vs_domain,0.0060502632861459404,1440,16,-0.016184032367949353
affect_acknowledgement,156,default_vs_context,0.018237493902978352,1320,18,-0.016075676092351388
affect_acknowledgement,156,student_state_vs_domain,0.008825497997135723,1320,18,-0.016075676092351388
affect_acknowledgement,157,default_vs_context,0.018118800115357603,1200,21,-0.013057981306511035
affect_acknowledgement,157,student_state_vs_domain,0.00813661622952691,1200,21,-0.013057981306511035
affect_acknowledgement,158,default_vs_context,0.020128335729382607,1200,18,-0.017245450751209757
affect_acknowledgement,158,student_state_vs_domain,0.009570897682713936,1200,18,-0.017245450751209757
affect_acknowledgement,159,default_vs_context,0.019822632984943134,1200,17,-0.016040358341671
affect_acknowledgement,159,student_state_vs_domain,0.008709462260733963,1200,17,-0.016040358341671
affect_acknowledgement,160,default_vs_context,0.018328985433328254,1280,21,-0.014660513318294655
affect_acknowledgement,160,student_state_vs_domain,0.008010138587431187,1280,21,-0.014660513318294655
affect_acknowledgement,161,default_vs_context,0.01960031351792857,1320,21,-0.01603299235316641
affect_acknowledgement,161,student_state_vs_domain,0.006916450000573282,1320,21,-0.01603299235316641
affect_acknowledgement,162,default_vs_context,0.017853385945060668,1240,18,-0.01338154812694492
affect_acknowledgement,162,student_state_vs_domain,0.008209070235154048,1240,18,-0.01338154812694492
affect_acknowledgement,163,default_vs_context,0.017582684871142923,1200,22,-0.015098644232652919
affect_acknowledgement,163,student_state_vs_domain,0.00844731060608675,1200,22,-0.015098644232652919
affect_acknowledgement,164,default_vs_context,0.01912292098429244,1200,21,-0.016172497139179787
affect_acknowledgement,164,student_state_vs_domain,0.011134980354393142,1200,21,-0.016172497139179787
affect_acknowledgement,165,default_vs_context,0.020893037199990083,1240,20,-0.016740776486714626
affect_acknowledgement,165,student_state_vs_domain,0.010140243843179936,1240,20,-0.016740776486714626
affect_acknowledgement,166,default_vs_context,0.016673567928699062,1320,17,-0.015560925553803756
affect_acknowledgement,166,student_state_vs_domain,0.008975733576554984,1320,17,-0.015560925553803756
affect_acknowledgement,167,default_vs_context,0.018494062211536877,1320,20,-0.013385681335632449
affect_acknowledgement,167,student_state_vs_domain,0.007199512569074307,1320,20,-0.013385681335632449
affect_acknowledgement,168,default_vs_context,0.018751712940777265,1320,23,-0.015837180552129293
affect_acknowledgement,168,student_state_vs_domain,0.007604405716908513,1320,23,-0.015837180552129293
affect_acknowledgement,169,default_vs_context,0.01666404961307688,1280,19,-0.013444631030200493
affect_acknowledgement,169,student_state_vs_domain,0.007375064922826913,1280,19,-0.013444631030200493
affect_acknowledgement,170,default_vs_context,0.020138574022508654,1280,19,-0.015371040459137841
affect_acknowledgement,170,student_state_vs_domain,0.0075127309297205735,1280,19,-0.015371040459137841
affect_acknowledgement,171,default_vs_context,0.020985137396600934,1200,18,-0.018454418489932428
affect_acknowledgement,171,student_state_vs_domain,0.01017615879328393,1200,18,-0.018454418489932428
affect_acknowledgement,172,default_vs_context,0.020383803960895258,1280,16,-0.015514979668068946
affect_acknowledgement,172,student_state_vs_domain,0.008337411001874157,1280,16,-0.015514979668068946
affect_acknowledgement,173,default_vs_context,0.019716847657471087,1360,19,-0.015957888620681676
affect_acknowledgement,173,student_state_vs_domain,0.007773472914334056,1360,19,-0.015957888620681676
affect_acknowledgement,174,default_vs_context,0.0200182949407976,1320,18,-0.01696039943956107
affect_acknowledgement,174,student_state_vs_domain,0.0062912335406790365,1320,18,-0.01696039943956107
affect_acknowledgement,175,default_vs_context,0.018149659557158332,1200,16,-0.012620369292059286
affect_acknowledgement,175,student_state_vs_domain,0.008107099975960264,1200,16,-0.012620369292059286
affect_acknowledgement,176,default_vs_context,0.018762112210078064,1240,17,-0.016799518273879682
affect_acknowledgement,176,student_state_vs_domain,0.007326362446313711,1240,17,-0.016799518273879682
affect_acknowledgement,177,default_vs_context,0.017071110539255863,1240,18,-0.014698153685983234
affect_acknowledgement,177,student_state_vs_domain,0.010133440892039991,1240,18,-0.014698153685983234
affect_acknowledgement,178,default_vs_context,0.016893913448321862,1320,20,-0.014244379664802853
affect_acknowledgement,178,student_state_vs_domain,0.007802142049634503,1320,20,-0.014244379664802853
affect_acknowledgement,179,default_vs_context,0.018370000630170774,1240,21,-0.01665480207056705
affect_acknowledgement,179,student_state_vs_domain,0.00892347609040467,1240,21,-0.01665480207056705
affect_acknowledgement,180,default_vs_context,0.018465177351143697,1320,20,-0.015248036044200802
affect_acknowledgement,180,student_state_vs_domain,0.008326919251007175,1320,20,-0.015248036044200802
affect_acknowledgement,181,default_vs_context,0.019788264658771204,1240,19,-0.013739729594772737
affect_acknowledgement,181,student_state_vs_domain,0.00967498638000891,1240,19,-0.013739729594772737
affect_acknowledgement,182,default_vs_context,0.01737324520316824,1280,18,-0.012909592578796425
affect_acknowledgement,182,student_state_vs_domain,0.0061994121392762724,1280,18,-0.012909592578796425
affect_acknowledgement,183,default_vs_context,0.016203927892852688,1320,18,-0.012440324368680311
affect_acknowledgement,183,student_state_vs_domain,0.008123348149812748,1320,18,-0.012440324368680311
affect_acknowledgement,184,default_vs_context,0.01974123425323282,1240,19,-0.016492702357195188
affect_acknowledgement,184,student_state_vs_domain,0.008283967683406918,1240,19,-0.016492702357195188
affect_acknowledgement,185,default_vs_context,0.018744918539114974,1200,19,-0.013558167989152492
affect_acknowledgement,185,student_state_vs_domain,0.007682668530509029,1200,19,-0.013558167989152492
affect_acknowledgement,186,default_vs_context,0.019312032629527576,1200,21,-0.017006511847651617
affect_acknowledgement,186,student_state_vs_domain,0.008367071425650019,1200,21,-0.017006511847651617
affect_acknowledgement,187,default_vs_context,0.020849906614670233,1200,18,-0.017032596397343808
affect_acknowledgement,187,student_state_vs_domain,0.008293376001372949,1200,18,-0.017032596397343808
affect_acknowledgement,188,default_vs_context,0.017776676552448356,1360,18,-0.016482823678144964
affect_acknowledgement,188,student_state_vs_domain,0.009498314325629698,1360,18,-0.016482823678144964
affect_acknowledgement,189,default_vs_context,0.01761406984770894,1320,17,-0.014121428861459673
affect_acknowledgement,189,student_state_vs_domain,0.006338179952473655,1320,17,-0.014121428861459673
affect_acknowledgement,190,default_vs_context,0.01842661344989399,1280,18,-0.01596287026384438
affect_acknowledgement,190,student_state_vs_domain,0.01082230554774824,1280,18,-0.01596287026384438
affect_acknowledgement,191,default_vs_context,0.02086213525847469,1280,19,-0.015145296155860744
affect_acknowledgement,191,student_state_vs_domain,0.010086422021220037,1280,19,-0.015145296155860744
affect_acknowledgement,192,default_vs_context,0.02037647137395379,1200,18,-0.01623518107668942
affect_acknowledgement,192,student_state_vs_domain,0.007317657020867979,1200,18,-0.01623518107668942
affect_acknowledgement,193,default_vs_context,0.017492272445230078,1320,21,-0.013681773468845082
affect_acknowledgement,193,student_state_vs_domain,0.007680357911077962,1320,21,-0.013681773468845082
affect_acknowledgement,194,default_vs_context,0.018157427420673944,1200,21,-0.0142970011262257
affect_acknowledgement,194,student_state_vs_domain,0.009070015321916286,1200,21,-0.0142970011262257
affect_acknowledgement,195,default_vs_context,0.01835996353487243,1200,19,-0.015619422609516681
affect_acknowledgement,195,student_state_vs_domain,0.009570778800528645,1200,19,-0.015619422609516681
affect_acknowledgement,196,default_vs_context,0.018157587393598185,1280,19,-0.012748075647010054
affect_acknowledgement,196,student_state_vs_domain,0.00925863258374443,1280,19,-0.012748075647010054
affect_acknowledgement,197,default_vs_context,0.019242423283458432,1280,20,-0.01579508217044573
affect_acknowledgement,197,student_state_vs_domain,0.00906195168914703,1280,20,-0.01579508217044573
affect_acknowledgement,198,default_vs_context,0.01725014918547771,1320,22,-0.01492244134519033
affect_acknowledgement,198,student_state_vs_domain,0.009639903580776626,1320,22,-0.01492244134519033
affect_acknowledgement,199,default_vs_context,0.020368465753320242,1280,19,-0.016370128028220077
affect_acknowledgement,199,student_state_vs_domain,0.008426991685873297,1280,19,-0.016370128028220077
