sample_id,base_id,problem_family,learner_need,question_policy,answer_policy,tone_policy,model,prompt_sha256,response_sha256,question_first,question_any,answer_reveal_any,answer_reveal_correct,warmth_marker,word_count,char_count,sentence_count,wording_set,paraphrase_queue_rank
paraphrase-v1|arithmetic_mean-01|direct|explain_only|reveal|neutral|paraphrase_a,arithmetic_mean-01,arithmetic_mean,direct,explain_only,reveal,neutral,MiniMax-M2.7,e6cf70e27e85d838515023f34f7ddd96636a07a9777b7a0d601bf76e35e3d6d5,e248a17988923bb5397352218e85b2025b9fdaf60ef1cfae26a03cb2ba8355b3,0,0,1,1,0,35,187,3,paraphrase_a,176
paraphrase-v1|arithmetic_mean-01|direct|explain_only|reveal|neutral|paraphrase_a,arithmetic_mean-01,arithmetic_mean,direct,explain_only,reveal,neutral,MiniMax-M3,e6cf70e27e85d838515023f34f7ddd96636a07a9777b7a0d601bf76e35e3d6d5,1e9e997612dde791201af7d7c1802d9c6646fe2672dbe7c40241d012d3124010,0,0,1,1,0,49,240,4,paraphrase_a,75
paraphrase-v1|arithmetic_mean-01|direct|explain_only|reveal|neutral|paraphrase_a,arithmetic_mean-01,arithmetic_mean,direct,explain_only,reveal,neutral,deepseek-v4-pro,e6cf70e27e85d838515023f34f7ddd96636a07a9777b7a0d601bf76e35e3d6d5,003ac950afc4ed70fe47ff9bec491e99cd465dd2cca9f7d45da199d5077ccf71,0,0,1,1,0,54,280,4,paraphrase_a,59
paraphrase-v1|arithmetic_mean-01|direct|explain_only|reveal|neutral|paraphrase_a,arithmetic_mean-01,arithmetic_mean,direct,explain_only,reveal,neutral,doubao-seed-2.0-lite,e6cf70e27e85d838515023f34f7ddd96636a07a9777b7a0d601bf76e35e3d6d5,b527e56ed96ad007c564b02c81cef6ecd9171f1fb3e85c0c6e1588b0988fe745,0,0,1,1,0,62,310,5,paraphrase_a,178
paraphrase-v1|arithmetic_mean-01|direct|explain_only|reveal|neutral|paraphrase_a,arithmetic_mean-01,arithmetic_mean,direct,explain_only,reveal,neutral,glm-5.2,e6cf70e27e85d838515023f34f7ddd96636a07a9777b7a0d601bf76e35e3d6d5,f9f4c3fe371a171bad86c1715ad632d8555e952c4f478616ca8eff4529aa6fcb,0,0,1,1,0,43,215,4,paraphrase_a,135
paraphrase-v1|arithmetic_mean-01|direct|explain_only|reveal|neutral|paraphrase_b,arithmetic_mean-01,arithmetic_mean,direct,explain_only,reveal,neutral,MiniMax-M2.7,5484e14205d4c867b2d4818a0c45ea2da7024e17391eefd1f3fc0cb1241ab7b4,5c2a717daef9bddccc4413e7e353fd98ef2e0c9193351317874401bc08dbeb6b,0,0,1,1,0,34,174,5,paraphrase_b,39
paraphrase-v1|arithmetic_mean-01|direct|explain_only|reveal|neutral|paraphrase_b,arithmetic_mean-01,arithmetic_mean,direct,explain_only,reveal,neutral,MiniMax-M3,5484e14205d4c867b2d4818a0c45ea2da7024e17391eefd1f3fc0cb1241ab7b4,44af450c7ea7beb2a7084303f4c158027336c4c82767359c73f96708ea252bbf,0,0,1,1,0,62,315,5,paraphrase_b,93
paraphrase-v1|arithmetic_mean-01|direct|explain_only|reveal|neutral|paraphrase_b,arithmetic_mean-01,arithmetic_mean,direct,explain_only,reveal,neutral,deepseek-v4-pro,5484e14205d4c867b2d4818a0c45ea2da7024e17391eefd1f3fc0cb1241ab7b4,7323ac337272e28e43998f578e1889b10f9ec5578c39a600e9c9ee019eae9afc,0,0,1,1,0,44,227,6,paraphrase_b,81
paraphrase-v1|arithmetic_mean-01|direct|explain_only|reveal|neutral|paraphrase_b,arithmetic_mean-01,arithmetic_mean,direct,explain_only,reveal,neutral,doubao-seed-2.0-lite,5484e14205d4c867b2d4818a0c45ea2da7024e17391eefd1f3fc0cb1241ab7b4,b5bc28517fe79c07db7eb7aa1d1a1480fb5e1df8b265877695784dd3ea937889,0,0,1,1,0,60,277,5,paraphrase_b,36
paraphrase-v1|arithmetic_mean-01|direct|explain_only|reveal|neutral|paraphrase_b,arithmetic_mean-01,arithmetic_mean,direct,explain_only,reveal,neutral,glm-5.2,5484e14205d4c867b2d4818a0c45ea2da7024e17391eefd1f3fc0cb1241ab7b4,e244955fcb40a6bae499145d9c8d20c1618685fceaab9c16633e2a5cccb25f6f,0,0,1,1,0,39,182,5,paraphrase_b,208
paraphrase-v1|arithmetic_mean-01|direct|explain_only|reveal|warm|paraphrase_a,arithmetic_mean-01,arithmetic_mean,direct,explain_only,reveal,warm,MiniMax-M2.7,514219333736f1140cafac80e29306e4ef4eac0b703c06a147074ce7f743e4b0,3abfaadedc52ec7fbd34f386110c9f570cfbe233b116aaaca31a282d91271568,0,0,1,1,1,53,295,5,paraphrase_a,249
paraphrase-v1|arithmetic_mean-01|direct|explain_only|reveal|warm|paraphrase_a,arithmetic_mean-01,arithmetic_mean,direct,explain_only,reveal,warm,MiniMax-M3,514219333736f1140cafac80e29306e4ef4eac0b703c06a147074ce7f743e4b0,eb7f6d99238dbf6bacf984790fd8aba836c61c8c6b851e767a296659c5d2ee2f,0,0,1,1,1,59,319,4,paraphrase_a,78
paraphrase-v1|arithmetic_mean-01|direct|explain_only|reveal|warm|paraphrase_a,arithmetic_mean-01,arithmetic_mean,direct,explain_only,reveal,warm,deepseek-v4-pro,514219333736f1140cafac80e29306e4ef4eac0b703c06a147074ce7f743e4b0,c4a6a72d476f7df33f59aa316a7e07ee419fb77757e143cb4072c90fffba62d0,0,0,1,0,0,60,336,4,paraphrase_a,112
paraphrase-v1|arithmetic_mean-01|direct|explain_only|reveal|warm|paraphrase_a,arithmetic_mean-01,arithmetic_mean,direct,explain_only,reveal,warm,doubao-seed-2.0-lite,514219333736f1140cafac80e29306e4ef4eac0b703c06a147074ce7f743e4b0,de825de46eb4784ae840d1153865bddeccbcc10e3cbd8c98261187b6682ccfc0,0,0,1,1,0,102,536,5,paraphrase_a,91
paraphrase-v1|arithmetic_mean-01|direct|explain_only|reveal|warm|paraphrase_a,arithmetic_mean-01,arithmetic_mean,direct,explain_only,reveal,warm,glm-5.2,514219333736f1140cafac80e29306e4ef4eac0b703c06a147074ce7f743e4b0,25702badcf093784656616b000be59381a7abc4c6470b9e7c207674cc6d33abf,0,0,1,1,0,53,253,4,paraphrase_a,239
paraphrase-v1|arithmetic_mean-01|direct|explain_only|reveal|warm|paraphrase_b,arithmetic_mean-01,arithmetic_mean,direct,explain_only,reveal,warm,MiniMax-M2.7,0b8493e9ab96a697c401bd2881e1488f61da05eb6b293467f6baa6d78ab1f64c,bc03069448457873dc01a8afafcf41125200829b3d92c97d138190263b91a476,0,0,1,1,0,34,170,3,paraphrase_b,124
paraphrase-v1|arithmetic_mean-01|direct|explain_only|reveal|warm|paraphrase_b,arithmetic_mean-01,arithmetic_mean,direct,explain_only,reveal,warm,MiniMax-M3,0b8493e9ab96a697c401bd2881e1488f61da05eb6b293467f6baa6d78ab1f64c,711d3e90d1f1f9bb497934f571e04277e203e2905df72650ba055e2d6b391694,0,0,1,1,0,60,304,5,paraphrase_b,148
paraphrase-v1|arithmetic_mean-01|direct|explain_only|reveal|warm|paraphrase_b,arithmetic_mean-01,arithmetic_mean,direct,explain_only,reveal,warm,deepseek-v4-pro,0b8493e9ab96a697c401bd2881e1488f61da05eb6b293467f6baa6d78ab1f64c,abd060d23bd824d2ce57a728204f6535c430a0a0f186104fb61befe1ebe67f75,0,0,1,1,0,42,217,4,paraphrase_b,13
paraphrase-v1|arithmetic_mean-01|direct|explain_only|reveal|warm|paraphrase_b,arithmetic_mean-01,arithmetic_mean,direct,explain_only,reveal,warm,doubao-seed-2.0-lite,0b8493e9ab96a697c401bd2881e1488f61da05eb6b293467f6baa6d78ab1f64c,ce3b8a2fe8a00c021c68800c9dcd3a2b1de8cc7fb7252edcd6bc52ccd8f86bf5,0,0,1,1,0,64,310,5,paraphrase_b,134
paraphrase-v1|arithmetic_mean-01|direct|explain_only|reveal|warm|paraphrase_b,arithmetic_mean-01,arithmetic_mean,direct,explain_only,reveal,warm,glm-5.2,0b8493e9ab96a697c401bd2881e1488f61da05eb6b293467f6baa6d78ab1f64c,3986fe3089ad9889ed614b973188813af21da66dcdbeb91a6aa7637fa6a40753,0,0,1,1,0,53,285,5,paraphrase_b,27
paraphrase-v1|arithmetic_mean-01|direct|explain_only|withhold|neutral|paraphrase_a,arithmetic_mean-01,arithmetic_mean,direct,explain_only,withhold,neutral,MiniMax-M2.7,d9a1791427a81e0709251caef9bf0a1464f0749fc98fced23b0681ab575f23c4,2f9fc0bd0ba1ce3fb18a6dfe4e8d85af71ba258a5fbb387a64361ad78e2216cf,0,0,0,0,0,49,259,4,paraphrase_a,246
paraphrase-v1|arithmetic_mean-01|direct|explain_only|withhold|neutral|paraphrase_a,arithmetic_mean-01,arithmetic_mean,direct,explain_only,withhold,neutral,MiniMax-M3,d9a1791427a81e0709251caef9bf0a1464f0749fc98fced23b0681ab575f23c4,e804fc53c456538920a7b5f97630fa35003b1c3eabde2c90d28d4c34a7419199,0,0,0,0,0,80,422,6,paraphrase_a,143
paraphrase-v1|arithmetic_mean-01|direct|explain_only|withhold|neutral|paraphrase_a,arithmetic_mean-01,arithmetic_mean,direct,explain_only,withhold,neutral,deepseek-v4-pro,d9a1791427a81e0709251caef9bf0a1464f0749fc98fced23b0681ab575f23c4,137c05983ee6eaed3e31a1bcb1ac0a64b56bba80082b0c98425ea78680a70850,0,0,0,0,0,54,260,3,paraphrase_a,7
paraphrase-v1|arithmetic_mean-01|direct|explain_only|withhold|neutral|paraphrase_a,arithmetic_mean-01,arithmetic_mean,direct,explain_only,withhold,neutral,doubao-seed-2.0-lite,d9a1791427a81e0709251caef9bf0a1464f0749fc98fced23b0681ab575f23c4,1f1a81ee3d5797f5c207b9778eed86334a52e092136f7f2d9b81fa9143f746c5,0,0,0,0,0,82,431,4,paraphrase_a,251
paraphrase-v1|arithmetic_mean-01|direct|explain_only|withhold|neutral|paraphrase_a,arithmetic_mean-01,arithmetic_mean,direct,explain_only,withhold,neutral,glm-5.2,d9a1791427a81e0709251caef9bf0a1464f0749fc98fced23b0681ab575f23c4,8ed17e9aa12c5dbb54d8ac44e7a326dd47c2d4cb325ac903c9edf04649fbbf5a,0,0,0,0,0,64,318,5,paraphrase_a,138
paraphrase-v1|arithmetic_mean-01|direct|explain_only|withhold|neutral|paraphrase_b,arithmetic_mean-01,arithmetic_mean,direct,explain_only,withhold,neutral,MiniMax-M2.7,5252ababd5d7aff151c1703fe9808fa488a7c9872ea7a0bb335c361216de8524,39c41ae4dfb0ae754a041e2b2f8937ca6c147f792c404a5aacf446d1054d5588,0,0,0,0,0,37,182,4,paraphrase_b,128
paraphrase-v1|arithmetic_mean-01|direct|explain_only|withhold|neutral|paraphrase_b,arithmetic_mean-01,arithmetic_mean,direct,explain_only,withhold,neutral,MiniMax-M3,5252ababd5d7aff151c1703fe9808fa488a7c9872ea7a0bb335c361216de8524,629c01f3d688ebe62c3273a023e18af1ff984c6a04de29d73285645b83d171b2,0,0,0,0,0,47,245,3,paraphrase_b,224
paraphrase-v1|arithmetic_mean-01|direct|explain_only|withhold|neutral|paraphrase_b,arithmetic_mean-01,arithmetic_mean,direct,explain_only,withhold,neutral,deepseek-v4-pro,5252ababd5d7aff151c1703fe9808fa488a7c9872ea7a0bb335c361216de8524,1850b2ef2172b57174901970111d7ae17287c0eba3b7648c8f978b0d079229db,0,0,0,0,0,34,165,4,paraphrase_b,26
paraphrase-v1|arithmetic_mean-01|direct|explain_only|withhold|neutral|paraphrase_b,arithmetic_mean-01,arithmetic_mean,direct,explain_only,withhold,neutral,doubao-seed-2.0-lite,5252ababd5d7aff151c1703fe9808fa488a7c9872ea7a0bb335c361216de8524,a089fbddcb24cd03dc335c53c51279a2578c8c39b8fe1e25f6325cfe41ed59f7,0,0,0,0,0,63,330,3,paraphrase_b,74
paraphrase-v1|arithmetic_mean-01|direct|explain_only|withhold|neutral|paraphrase_b,arithmetic_mean-01,arithmetic_mean,direct,explain_only,withhold,neutral,glm-5.2,5252ababd5d7aff151c1703fe9808fa488a7c9872ea7a0bb335c361216de8524,cdc4848abadd9d235d94b1d67969a6983c093b0a0cfc7a84f78e1ab252d83c66,0,0,0,0,0,32,148,3,paraphrase_b,80
paraphrase-v1|arithmetic_mean-01|direct|explain_only|withhold|warm|paraphrase_a,arithmetic_mean-01,arithmetic_mean,direct,explain_only,withhold,warm,MiniMax-M2.7,15a977e5b01f48f02a6dcce43db9c13a8c77383d3c6d85aa34b92b900152fc08,5243bc780f4d2cc014a1122d8341313635c5a01021a25d3fe431183611183b81,0,0,0,0,0,79,422,6,paraphrase_a,58
paraphrase-v1|arithmetic_mean-01|direct|explain_only|withhold|warm|paraphrase_a,arithmetic_mean-01,arithmetic_mean,direct,explain_only,withhold,warm,MiniMax-M3,15a977e5b01f48f02a6dcce43db9c13a8c77383d3c6d85aa34b92b900152fc08,4a940f1dcaa4d856674581d33410da3b93f37430620f1bce64900d9b831cd2b1,0,0,0,0,0,82,428,6,paraphrase_a,71
paraphrase-v1|arithmetic_mean-01|direct|explain_only|withhold|warm|paraphrase_a,arithmetic_mean-01,arithmetic_mean,direct,explain_only,withhold,warm,deepseek-v4-pro,15a977e5b01f48f02a6dcce43db9c13a8c77383d3c6d85aa34b92b900152fc08,cb8b3a18172d8842be5b73cc18fa925af5f5382384061ddb30399f7e4d8b0bd9,0,0,0,0,0,66,350,4,paraphrase_a,241
paraphrase-v1|arithmetic_mean-01|direct|explain_only|withhold|warm|paraphrase_a,arithmetic_mean-01,arithmetic_mean,direct,explain_only,withhold,warm,doubao-seed-2.0-lite,15a977e5b01f48f02a6dcce43db9c13a8c77383d3c6d85aa34b92b900152fc08,682bd8e4f3e245e3045f3224c9e846b4f458605de26897ee9befcc80d771abf4,0,0,0,0,0,103,558,4,paraphrase_a,120
paraphrase-v1|arithmetic_mean-01|direct|explain_only|withhold|warm|paraphrase_a,arithmetic_mean-01,arithmetic_mean,direct,explain_only,withhold,warm,glm-5.2,15a977e5b01f48f02a6dcce43db9c13a8c77383d3c6d85aa34b92b900152fc08,64f64ae40016fa7f67b06433ad6f276092857e4b323c275b2e8681cfa9a9d798,0,0,0,0,0,85,438,5,paraphrase_a,204
paraphrase-v1|arithmetic_mean-01|direct|explain_only|withhold|warm|paraphrase_b,arithmetic_mean-01,arithmetic_mean,direct,explain_only,withhold,warm,MiniMax-M2.7,66ee968c6a2041565548eb0e363c160191058830268a316b862b707466694b35,7a204cde7119b47c3183000fb072e85e80ab7d9800f792a843b593b97be339ce,0,0,0,0,0,46,263,4,paraphrase_b,126
paraphrase-v1|arithmetic_mean-01|direct|explain_only|withhold|warm|paraphrase_b,arithmetic_mean-01,arithmetic_mean,direct,explain_only,withhold,warm,MiniMax-M3,66ee968c6a2041565548eb0e363c160191058830268a316b862b707466694b35,cab55c24008b9762364a1f087bf5f795ddeb334080049f896ddf049e8d0d91a9,0,0,0,0,0,53,284,3,paraphrase_b,49
paraphrase-v1|arithmetic_mean-01|direct|explain_only|withhold|warm|paraphrase_b,arithmetic_mean-01,arithmetic_mean,direct,explain_only,withhold,warm,deepseek-v4-pro,66ee968c6a2041565548eb0e363c160191058830268a316b862b707466694b35,cf8acbb9474a3b947d08b66e2bc3cf45706ba9823ec74371c287da1bcb7063ff,0,0,0,0,0,37,209,4,paraphrase_b,124
paraphrase-v1|arithmetic_mean-01|direct|explain_only|withhold|warm|paraphrase_b,arithmetic_mean-01,arithmetic_mean,direct,explain_only,withhold,warm,doubao-seed-2.0-lite,66ee968c6a2041565548eb0e363c160191058830268a316b862b707466694b35,05932d8d782364fd3a1f15ed50db521a1fb4764210bf375d39c3c4c1c45f58d2,0,0,0,0,0,79,460,6,paraphrase_b,114
paraphrase-v1|arithmetic_mean-01|direct|explain_only|withhold|warm|paraphrase_b,arithmetic_mean-01,arithmetic_mean,direct,explain_only,withhold,warm,glm-5.2,66ee968c6a2041565548eb0e363c160191058830268a316b862b707466694b35,7a10818ae8582d459670254888ce332283f48d57377919326a354c7130bdc67e,0,0,0,0,0,46,255,4,paraphrase_b,66
paraphrase-v1|arithmetic_mean-01|direct|question_first|reveal|neutral|paraphrase_a,arithmetic_mean-01,arithmetic_mean,direct,question_first,reveal,neutral,MiniMax-M2.7,3cd769c20364ca22a09205fafc7b1837756f119f7301f5d9c5af0de083f1db31,5641cde78f8499b4390e42ee358ae158dfff9bc81984ca19be63bebbd18680c6,0,1,1,1,0,59,292,5,paraphrase_a,0
paraphrase-v1|arithmetic_mean-01|direct|question_first|reveal|neutral|paraphrase_a,arithmetic_mean-01,arithmetic_mean,direct,question_first,reveal,neutral,MiniMax-M3,3cd769c20364ca22a09205fafc7b1837756f119f7301f5d9c5af0de083f1db31,6225196f7e3f80e3d80439368162a86d6cf37de7d125e4a2a386670342c10499,1,1,1,1,0,63,303,4,paraphrase_a,188
paraphrase-v1|arithmetic_mean-01|direct|question_first|reveal|neutral|paraphrase_a,arithmetic_mean-01,arithmetic_mean,direct,question_first,reveal,neutral,deepseek-v4-pro,3cd769c20364ca22a09205fafc7b1837756f119f7301f5d9c5af0de083f1db31,7b3f62a77f191777dbb3291f083ce5869531359a48a13172cf1e85a8e6343d82,1,1,1,1,0,52,259,6,paraphrase_a,64
paraphrase-v1|arithmetic_mean-01|direct|question_first|reveal|neutral|paraphrase_a,arithmetic_mean-01,arithmetic_mean,direct,question_first,reveal,neutral,doubao-seed-2.0-lite,3cd769c20364ca22a09205fafc7b1837756f119f7301f5d9c5af0de083f1db31,cffc873ce166605c901aee626f7295b769c8bdb448d988f94212db4c09e81d2d,1,1,1,1,0,81,407,6,paraphrase_a,190
paraphrase-v1|arithmetic_mean-01|direct|question_first|reveal|neutral|paraphrase_a,arithmetic_mean-01,arithmetic_mean,direct,question_first,reveal,neutral,glm-5.2,3cd769c20364ca22a09205fafc7b1837756f119f7301f5d9c5af0de083f1db31,edb8fe02746b14d604efc14034072a04cd6c654ad1b6398dadcef170dc685775,1,1,1,1,0,48,232,4,paraphrase_a,216
paraphrase-v1|arithmetic_mean-01|direct|question_first|reveal|neutral|paraphrase_b,arithmetic_mean-01,arithmetic_mean,direct,question_first,reveal,neutral,MiniMax-M2.7,a4c0b9eb2c967eecb964bc745413bd015a041034b87286826a2a531d1644c7b2,4896c463f12325076b17c9f8daef9a61172e757bea75ead85f3b3d8bc56ac115,1,1,1,1,0,50,246,5,paraphrase_b,69
paraphrase-v1|arithmetic_mean-01|direct|question_first|reveal|neutral|paraphrase_b,arithmetic_mean-01,arithmetic_mean,direct,question_first,reveal,neutral,MiniMax-M3,a4c0b9eb2c967eecb964bc745413bd015a041034b87286826a2a531d1644c7b2,b3d49e2c5aab94693023d93b2efa6a16f67f064442b7d6ddeeabcd7abc9dfe61,1,1,1,1,0,45,219,5,paraphrase_b,150
paraphrase-v1|arithmetic_mean-01|direct|question_first|reveal|neutral|paraphrase_b,arithmetic_mean-01,arithmetic_mean,direct,question_first,reveal,neutral,deepseek-v4-pro,a4c0b9eb2c967eecb964bc745413bd015a041034b87286826a2a531d1644c7b2,2539e36754d3358915925462f8fd1a8a7aa43b271439bad0a121af5c5b260ac1,1,1,1,1,0,44,222,6,paraphrase_b,226
paraphrase-v1|arithmetic_mean-01|direct|question_first|reveal|neutral|paraphrase_b,arithmetic_mean-01,arithmetic_mean,direct,question_first,reveal,neutral,doubao-seed-2.0-lite,a4c0b9eb2c967eecb964bc745413bd015a041034b87286826a2a531d1644c7b2,cc76a257ee0db833743fa76a555a2b1254af1a82ec9cb6bb2287ef835801de0f,1,1,1,1,0,84,458,6,paraphrase_b,104
paraphrase-v1|arithmetic_mean-01|direct|question_first|reveal|neutral|paraphrase_b,arithmetic_mean-01,arithmetic_mean,direct,question_first,reveal,neutral,glm-5.2,a4c0b9eb2c967eecb964bc745413bd015a041034b87286826a2a531d1644c7b2,a04b353f847928fad6b7ec95f130cf5b665157c854cae3b2d8a9d46dee52b835,1,1,1,1,0,58,292,5,paraphrase_b,47
paraphrase-v1|arithmetic_mean-01|direct|question_first|reveal|warm|paraphrase_a,arithmetic_mean-01,arithmetic_mean,direct,question_first,reveal,warm,MiniMax-M2.7,60ffd45f2b15fd4e33c20fcd5d4d071aa907797886da8ab395b1b414387cc8d0,3cc1badf21df6e9f6b16a93c97c52c48ba37ec8f0cf9825744d551baf7ac4e7c,1,1,1,1,1,70,388,6,paraphrase_a,11
paraphrase-v1|arithmetic_mean-01|direct|question_first|reveal|warm|paraphrase_a,arithmetic_mean-01,arithmetic_mean,direct,question_first,reveal,warm,MiniMax-M3,60ffd45f2b15fd4e33c20fcd5d4d071aa907797886da8ab395b1b414387cc8d0,2eae3bdc65bfb3994dfa8a63d434d539b80242e4d210fb5bd8ae71d9048091d7,1,1,1,1,0,61,299,5,paraphrase_a,58
paraphrase-v1|arithmetic_mean-01|direct|question_first|reveal|warm|paraphrase_a,arithmetic_mean-01,arithmetic_mean,direct,question_first,reveal,warm,deepseek-v4-pro,60ffd45f2b15fd4e33c20fcd5d4d071aa907797886da8ab395b1b414387cc8d0,3a11938105cd356b81dcdc218d17434cecea25ddc8ad05e6543a1c69f47f5d87,1,1,1,1,0,72,385,7,paraphrase_a,15
paraphrase-v1|arithmetic_mean-01|direct|question_first|reveal|warm|paraphrase_a,arithmetic_mean-01,arithmetic_mean,direct,question_first,reveal,warm,doubao-seed-2.0-lite,60ffd45f2b15fd4e33c20fcd5d4d071aa907797886da8ab395b1b414387cc8d0,2f16ce44ff0b0a83753a9dceae71635603afe32bb21a744acdea2ff960e28d2c,1,1,1,1,1,99,510,6,paraphrase_a,93
paraphrase-v1|arithmetic_mean-01|direct|question_first|reveal|warm|paraphrase_a,arithmetic_mean-01,arithmetic_mean,direct,question_first,reveal,warm,glm-5.2,60ffd45f2b15fd4e33c20fcd5d4d071aa907797886da8ab395b1b414387cc8d0,00f07f69290b8d5eab1758991fdb17d0d95c1a9ae11d2f1ecc95a2076f600a68,1,1,1,1,0,76,381,5,paraphrase_a,64
paraphrase-v1|arithmetic_mean-01|direct|question_first|reveal|warm|paraphrase_b,arithmetic_mean-01,arithmetic_mean,direct,question_first,reveal,warm,MiniMax-M2.7,9f945424b874e0ddc21a7a44c4a652784a7e2a20faa62462e83b0daf6cfb4784,6e7e886cec7002decaf2b58e52f041b792d0a3f228d86513bdc82c1d4dbf3825,1,1,1,1,0,55,300,5,paraphrase_b,219
paraphrase-v1|arithmetic_mean-01|direct|question_first|reveal|warm|paraphrase_b,arithmetic_mean-01,arithmetic_mean,direct,question_first,reveal,warm,MiniMax-M3,9f945424b874e0ddc21a7a44c4a652784a7e2a20faa62462e83b0daf6cfb4784,12d2ae438d98450c18f2b00090a5a3ecdd7b2868135cab1953dbb3a0ece47e6c,1,1,1,1,1,59,287,5,paraphrase_b,145
paraphrase-v1|arithmetic_mean-01|direct|question_first|reveal|warm|paraphrase_b,arithmetic_mean-01,arithmetic_mean,direct,question_first,reveal,warm,deepseek-v4-pro,9f945424b874e0ddc21a7a44c4a652784a7e2a20faa62462e83b0daf6cfb4784,4ef965342d77d04a45285ddeba45805171b2ffa2ab2ca11b85802196cb0c0b2d,1,1,1,1,1,62,307,5,paraphrase_b,5
paraphrase-v1|arithmetic_mean-01|direct|question_first|reveal|warm|paraphrase_b,arithmetic_mean-01,arithmetic_mean,direct,question_first,reveal,warm,doubao-seed-2.0-lite,9f945424b874e0ddc21a7a44c4a652784a7e2a20faa62462e83b0daf6cfb4784,c41a6b28c5dbbcf253ba125e1f1b8a8479a51bc604c05f84fcdf139aafb2e72e,1,1,1,1,0,101,527,5,paraphrase_b,161
paraphrase-v1|arithmetic_mean-01|direct|question_first|reveal|warm|paraphrase_b,arithmetic_mean-01,arithmetic_mean,direct,question_first,reveal,warm,glm-5.2,9f945424b874e0ddc21a7a44c4a652784a7e2a20faa62462e83b0daf6cfb4784,0ac26df95b260cbdf6b2eb24ef0d8db6e5b1ea1bab355aa0d2af67f418a56472,1,1,1,1,0,84,418,6,paraphrase_b,109
paraphrase-v1|arithmetic_mean-01|direct|question_first|withhold|neutral|paraphrase_a,arithmetic_mean-01,arithmetic_mean,direct,question_first,withhold,neutral,MiniMax-M2.7,3a1ce1d84768c3be763628fc110c918fe22a5bc506e06a2dca1e706151724df4,150bb581034ba47bac855622fd445e04ed3e7e27e2f5ce5ea2bbc8633621f204,1,1,0,0,0,65,326,5,paraphrase_a,26
paraphrase-v1|arithmetic_mean-01|direct|question_first|withhold|neutral|paraphrase_a,arithmetic_mean-01,arithmetic_mean,direct,question_first,withhold,neutral,MiniMax-M3,3a1ce1d84768c3be763628fc110c918fe22a5bc506e06a2dca1e706151724df4,659ca9e273ae57ee390a0f249014203cf81852152cab38ee846ffdf857c37ae1,1,1,0,0,0,140,734,11,paraphrase_a,168
paraphrase-v1|arithmetic_mean-01|direct|question_first|withhold|neutral|paraphrase_a,arithmetic_mean-01,arithmetic_mean,direct,question_first,withhold,neutral,deepseek-v4-pro,3a1ce1d84768c3be763628fc110c918fe22a5bc506e06a2dca1e706151724df4,24985e687bd47b2075c8b1d2f8d0a19db65ec285355e5284e0ef20643e211699,1,1,0,0,0,43,201,5,paraphrase_a,205
paraphrase-v1|arithmetic_mean-01|direct|question_first|withhold|neutral|paraphrase_a,arithmetic_mean-01,arithmetic_mean,direct,question_first,withhold,neutral,doubao-seed-2.0-lite,3a1ce1d84768c3be763628fc110c918fe22a5bc506e06a2dca1e706151724df4,635010ee953880114c501c85b2cf19532d460d522a89addca10a6d0b58d87b8e,1,1,0,0,0,98,537,4,paraphrase_a,62
paraphrase-v1|arithmetic_mean-01|direct|question_first|withhold|neutral|paraphrase_a,arithmetic_mean-01,arithmetic_mean,direct,question_first,withhold,neutral,glm-5.2,3a1ce1d84768c3be763628fc110c918fe22a5bc506e06a2dca1e706151724df4,ce2d24605e881a6e5d02f5748578a53310d1bc0269fc8d55968ee71269e4430e,1,1,0,0,0,52,269,4,paraphrase_a,0
paraphrase-v1|arithmetic_mean-01|direct|question_first|withhold|neutral|paraphrase_b,arithmetic_mean-01,arithmetic_mean,direct,question_first,withhold,neutral,MiniMax-M2.7,d0abd4136f308dfc41b9fc6a348f21d73586c619f4d672b58259a1e950de92fa,5bffd79d8799a646b4667351093700daa9a4b4278d3b04f54843b3656a9f8c7e,1,1,0,0,0,64,326,5,paraphrase_b,88
paraphrase-v1|arithmetic_mean-01|direct|question_first|withhold|neutral|paraphrase_b,arithmetic_mean-01,arithmetic_mean,direct,question_first,withhold,neutral,MiniMax-M3,d0abd4136f308dfc41b9fc6a348f21d73586c619f4d672b58259a1e950de92fa,349609738308cd467c62305c68f157662a6f4b6f44b7d45adfb6d178ee8a97e5,1,1,0,0,0,20,95,1,paraphrase_b,123
paraphrase-v1|arithmetic_mean-01|direct|question_first|withhold|neutral|paraphrase_b,arithmetic_mean-01,arithmetic_mean,direct,question_first,withhold,neutral,deepseek-v4-pro,d0abd4136f308dfc41b9fc6a348f21d73586c619f4d672b58259a1e950de92fa,88745aeaca852f16d8f6f60095c41e8ed531f1879ea360e1348639c2b8d59958,1,1,0,0,0,46,231,5,paraphrase_b,238
paraphrase-v1|arithmetic_mean-01|direct|question_first|withhold|neutral|paraphrase_b,arithmetic_mean-01,arithmetic_mean,direct,question_first,withhold,neutral,doubao-seed-2.0-lite,d0abd4136f308dfc41b9fc6a348f21d73586c619f4d672b58259a1e950de92fa,79ae3f90a3f5f9365b3d30aa41fa737298c7a3a8cc3cddd953b77a50e5c54ddd,1,1,0,0,0,94,513,4,paraphrase_b,85
paraphrase-v1|arithmetic_mean-01|direct|question_first|withhold|neutral|paraphrase_b,arithmetic_mean-01,arithmetic_mean,direct,question_first,withhold,neutral,glm-5.2,d0abd4136f308dfc41b9fc6a348f21d73586c619f4d672b58259a1e950de92fa,244e076404171d981ac14f898e9ab2bac444372e1fe07d35c7b28ba4bc31a56a,1,1,0,0,0,74,393,5,paraphrase_b,206
paraphrase-v1|arithmetic_mean-01|direct|question_first|withhold|warm|paraphrase_a,arithmetic_mean-01,arithmetic_mean,direct,question_first,withhold,warm,MiniMax-M2.7,6d048b01545ebd2546876d1d16188d7fbbb750518a460a57d8f8333065ee08d5,2922128909838ed491e698f932dbd753324cc9c075257a30f0296cb67e71dac8,1,1,0,0,1,83,455,6,paraphrase_a,163
paraphrase-v1|arithmetic_mean-01|direct|question_first|withhold|warm|paraphrase_a,arithmetic_mean-01,arithmetic_mean,direct,question_first,withhold,warm,MiniMax-M3,6d048b01545ebd2546876d1d16188d7fbbb750518a460a57d8f8333065ee08d5,016e280d68274235758ca4371b1a291d4eb61cab496eea02a2578bf0186b10f9,0,1,0,0,1,70,381,5,paraphrase_a,66
paraphrase-v1|arithmetic_mean-01|direct|question_first|withhold|warm|paraphrase_a,arithmetic_mean-01,arithmetic_mean,direct,question_first,withhold,warm,deepseek-v4-pro,6d048b01545ebd2546876d1d16188d7fbbb750518a460a57d8f8333065ee08d5,7a35f931d22d4f6f9f54a2db16db1c4aee10351c3c6a3405a22eabfa1a522e34,1,1,0,0,0,91,444,6,paraphrase_a,21
paraphrase-v1|arithmetic_mean-01|direct|question_first|withhold|warm|paraphrase_a,arithmetic_mean-01,arithmetic_mean,direct,question_first,withhold,warm,doubao-seed-2.0-lite,6d048b01545ebd2546876d1d16188d7fbbb750518a460a57d8f8333065ee08d5,43b85d5183bcb8c200265fbfdcaf3ee68ea8759a248c7733d1ec72655e407fb0,1,1,0,0,0,127,707,7,paraphrase_a,152
paraphrase-v1|arithmetic_mean-01|direct|question_first|withhold|warm|paraphrase_a,arithmetic_mean-01,arithmetic_mean,direct,question_first,withhold,warm,glm-5.2,6d048b01545ebd2546876d1d16188d7fbbb750518a460a57d8f8333065ee08d5,24858adaba5fddcd861d51a3ad2c4f89d0fc9f833ab4ea19dc0bd47ae79d4895,1,1,0,0,1,53,287,4,paraphrase_a,255
paraphrase-v1|arithmetic_mean-01|direct|question_first|withhold|warm|paraphrase_b,arithmetic_mean-01,arithmetic_mean,direct,question_first,withhold,warm,MiniMax-M2.7,b5f04e50dc67111e82a12cb4c9e664e6442e3759a4948858ed31180857ab3f8d,cf7294bdc87caa1d8727134a2f2bd66c5e1134563249edcb1f0b0fc1bc9abac1,1,1,0,0,0,70,358,4,paraphrase_b,97
paraphrase-v1|arithmetic_mean-01|direct|question_first|withhold|warm|paraphrase_b,arithmetic_mean-01,arithmetic_mean,direct,question_first,withhold,warm,MiniMax-M3,b5f04e50dc67111e82a12cb4c9e664e6442e3759a4948858ed31180857ab3f8d,311278b9d20c4d730fe3503613cad492efd2d456dd7545e1c457f9dbe9858266,1,1,0,0,0,77,408,3,paraphrase_b,89
paraphrase-v1|arithmetic_mean-01|direct|question_first|withhold|warm|paraphrase_b,arithmetic_mean-01,arithmetic_mean,direct,question_first,withhold,warm,deepseek-v4-pro,b5f04e50dc67111e82a12cb4c9e664e6442e3759a4948858ed31180857ab3f8d,a484eb1fd59124a622d9485301b9c08a9602ba7f6906f12464a81d89e350ec1f,1,1,0,0,1,72,392,5,paraphrase_b,19
paraphrase-v1|arithmetic_mean-01|direct|question_first|withhold|warm|paraphrase_b,arithmetic_mean-01,arithmetic_mean,direct,question_first,withhold,warm,doubao-seed-2.0-lite,b5f04e50dc67111e82a12cb4c9e664e6442e3759a4948858ed31180857ab3f8d,b82d009f2d5f97fb74e5b02f9bedb4d115bdfbab3c8666afcf3f96688fc5f57e,1,1,0,0,1,114,625,5,paraphrase_b,115
paraphrase-v1|arithmetic_mean-01|direct|question_first|withhold|warm|paraphrase_b,arithmetic_mean-01,arithmetic_mean,direct,question_first,withhold,warm,glm-5.2,b5f04e50dc67111e82a12cb4c9e664e6442e3759a4948858ed31180857ab3f8d,aa54a8e16b6ba77a7bb1d1599af4c437dfe9ec03dff926885021b8731f6cb0b9,1,1,0,0,0,70,336,4,paraphrase_b,60
paraphrase-v1|arithmetic_mean-01|explore|explain_only|reveal|neutral|paraphrase_a,arithmetic_mean-01,arithmetic_mean,explore,explain_only,reveal,neutral,MiniMax-M2.7,dfd7f2d6eb7a3ee94ce75d195538cc03d6c70115b296f2b4cdbeddac172959ba,97bf04a199597983cb7f2de6700ffd5a3e038f526a7053ce3be44f8356d8affb,0,0,1,1,0,36,185,4,paraphrase_a,62
paraphrase-v1|arithmetic_mean-01|explore|explain_only|reveal|neutral|paraphrase_a,arithmetic_mean-01,arithmetic_mean,explore,explain_only,reveal,neutral,MiniMax-M3,dfd7f2d6eb7a3ee94ce75d195538cc03d6c70115b296f2b4cdbeddac172959ba,0653a0987721333fd4d7730f669b8e24405128e6a8f5320f59dfa257629d77bd,0,0,1,1,0,54,269,5,paraphrase_a,141
paraphrase-v1|arithmetic_mean-01|explore|explain_only|reveal|neutral|paraphrase_a,arithmetic_mean-01,arithmetic_mean,explore,explain_only,reveal,neutral,deepseek-v4-pro,dfd7f2d6eb7a3ee94ce75d195538cc03d6c70115b296f2b4cdbeddac172959ba,b80a27562cf40ecb748f76f36f78be40a9a86ec9b1aee2cdd76d52ff0487075e,0,0,1,1,0,51,268,4,paraphrase_a,183
paraphrase-v1|arithmetic_mean-01|explore|explain_only|reveal|neutral|paraphrase_a,arithmetic_mean-01,arithmetic_mean,explore,explain_only,reveal,neutral,doubao-seed-2.0-lite,dfd7f2d6eb7a3ee94ce75d195538cc03d6c70115b296f2b4cdbeddac172959ba,1d1e0ab41e99a2596852cc6004039ecebbb799b18adcb385727bc8ba109f1387,0,0,1,1,0,45,248,4,paraphrase_a,196
paraphrase-v1|arithmetic_mean-01|explore|explain_only|reveal|neutral|paraphrase_a,arithmetic_mean-01,arithmetic_mean,explore,explain_only,reveal,neutral,glm-5.2,dfd7f2d6eb7a3ee94ce75d195538cc03d6c70115b296f2b4cdbeddac172959ba,29bd3495a4792c8189b4edde5a8750fd913667464df3092e83ce4ffc1bb34b58,0,0,1,1,0,57,302,5,paraphrase_a,182
paraphrase-v1|arithmetic_mean-01|explore|explain_only|reveal|neutral|paraphrase_b,arithmetic_mean-01,arithmetic_mean,explore,explain_only,reveal,neutral,MiniMax-M2.7,ed67e31e760c7d409ca9494ae07276ce75169074b9062544fe6bbbcb635ff5fd,3ca3a5d98b8d902d2ce781f5d107540c8e8ebf3aeb34960c87de48e4be20dbd3,0,0,1,1,0,28,143,4,paraphrase_b,179
paraphrase-v1|arithmetic_mean-01|explore|explain_only|reveal|neutral|paraphrase_b,arithmetic_mean-01,arithmetic_mean,explore,explain_only,reveal,neutral,MiniMax-M3,ed67e31e760c7d409ca9494ae07276ce75169074b9062544fe6bbbcb635ff5fd,b2639636b1d3b708655bc28f79af295ba692a4fae68846a163c030f781e913c0,0,0,1,1,0,34,183,3,paraphrase_b,113
paraphrase-v1|arithmetic_mean-01|explore|explain_only|reveal|neutral|paraphrase_b,arithmetic_mean-01,arithmetic_mean,explore,explain_only,reveal,neutral,deepseek-v4-pro,ed67e31e760c7d409ca9494ae07276ce75169074b9062544fe6bbbcb635ff5fd,ec264b734abf4ca91b0e58193c901b363ff95965310163ba2014b5327cffe85b,0,0,1,1,0,39,196,4,paraphrase_b,107
paraphrase-v1|arithmetic_mean-01|explore|explain_only|reveal|neutral|paraphrase_b,arithmetic_mean-01,arithmetic_mean,explore,explain_only,reveal,neutral,doubao-seed-2.0-lite,ed67e31e760c7d409ca9494ae07276ce75169074b9062544fe6bbbcb635ff5fd,38ab48977d6172d8076cdba687a84d030cde43a7594c48466b37e98ce448736a,0,0,1,1,0,79,414,6,paraphrase_b,102
paraphrase-v1|arithmetic_mean-01|explore|explain_only|reveal|neutral|paraphrase_b,arithmetic_mean-01,arithmetic_mean,explore,explain_only,reveal,neutral,glm-5.2,ed67e31e760c7d409ca9494ae07276ce75169074b9062544fe6bbbcb635ff5fd,3f81bae91dcb1cb006612408b7d512359fd7d645116e5c9c2b88113bbf10723d,0,0,1,1,0,46,230,5,paraphrase_b,243
paraphrase-v1|arithmetic_mean-01|explore|explain_only|reveal|warm|paraphrase_a,arithmetic_mean-01,arithmetic_mean,explore,explain_only,reveal,warm,MiniMax-M2.7,860ad382f2069f371a03b27a84fef1301e008099988d99c188a283b3fbccdbac,1c47250d1e83f1088c4cbdf7c7d72cb8bd5d3003f99a63bf3f76781f8ed3275a,0,0,1,1,0,51,291,5,paraphrase_a,255
paraphrase-v1|arithmetic_mean-01|explore|explain_only|reveal|warm|paraphrase_a,arithmetic_mean-01,arithmetic_mean,explore,explain_only,reveal,warm,MiniMax-M3,860ad382f2069f371a03b27a84fef1301e008099988d99c188a283b3fbccdbac,50eded1ddd17341c0439f64f5f5853974cd5faa25210c52cb8df0b7f9b27d5e7,0,0,1,1,0,64,330,4,paraphrase_a,238
paraphrase-v1|arithmetic_mean-01|explore|explain_only|reveal|warm|paraphrase_a,arithmetic_mean-01,arithmetic_mean,explore,explain_only,reveal,warm,deepseek-v4-pro,860ad382f2069f371a03b27a84fef1301e008099988d99c188a283b3fbccdbac,6cb2b5e97c6e3b1b490b588e1d1247ef576fb7b8a91ef3c4b0e57da9e07eb102,0,0,1,1,1,56,283,4,paraphrase_a,30
paraphrase-v1|arithmetic_mean-01|explore|explain_only|reveal|warm|paraphrase_a,arithmetic_mean-01,arithmetic_mean,explore,explain_only,reveal,warm,doubao-seed-2.0-lite,860ad382f2069f371a03b27a84fef1301e008099988d99c188a283b3fbccdbac,9e35d6248fcb85b28db48f3ff6f72f6796f4ffc44a7a9dcc31c348e99c7f780d,0,0,1,1,0,78,409,5,paraphrase_a,206
paraphrase-v1|arithmetic_mean-01|explore|explain_only|reveal|warm|paraphrase_a,arithmetic_mean-01,arithmetic_mean,explore,explain_only,reveal,warm,glm-5.2,860ad382f2069f371a03b27a84fef1301e008099988d99c188a283b3fbccdbac,b8f09d8028ae761f082163a92bd6b3a513512d973f14e2b21c9bd29ff0821dfa,0,0,1,1,0,54,269,5,paraphrase_a,75
paraphrase-v1|arithmetic_mean-01|explore|explain_only|reveal|warm|paraphrase_b,arithmetic_mean-01,arithmetic_mean,explore,explain_only,reveal,warm,MiniMax-M2.7,8781abacdc52f000565864396061e25f849b93442264b990a02716e01ae85b68,ac34cdf6d9d9ba755572f4cc353474825ce1dde55e2c3ebc839500abbb3cae29,0,0,1,1,0,31,171,3,paraphrase_b,13
paraphrase-v1|arithmetic_mean-01|explore|explain_only|reveal|warm|paraphrase_b,arithmetic_mean-01,arithmetic_mean,explore,explain_only,reveal,warm,MiniMax-M3,8781abacdc52f000565864396061e25f849b93442264b990a02716e01ae85b68,ea55ca610d473ebbed7b44c0f61395b83aaac2bc7733229c6cb1f5c268c08914,0,0,1,1,0,59,316,4,paraphrase_b,250
paraphrase-v1|arithmetic_mean-01|explore|explain_only|reveal|warm|paraphrase_b,arithmetic_mean-01,arithmetic_mean,explore,explain_only,reveal,warm,deepseek-v4-pro,8781abacdc52f000565864396061e25f849b93442264b990a02716e01ae85b68,0daa66d4724ec8129f66d82f4cb3c0cdc0b7f36dab9b1783535a85b9ae6e5d1a,0,0,1,1,0,50,272,4,paraphrase_b,117
paraphrase-v1|arithmetic_mean-01|explore|explain_only|reveal|warm|paraphrase_b,arithmetic_mean-01,arithmetic_mean,explore,explain_only,reveal,warm,doubao-seed-2.0-lite,8781abacdc52f000565864396061e25f849b93442264b990a02716e01ae85b68,b5a0b7cdffe59ae5ec9889f3d97e3236497df335ec66de2e0fda394a5fb49202,0,0,1,1,0,64,345,5,paraphrase_b,131
paraphrase-v1|arithmetic_mean-01|explore|explain_only|reveal|warm|paraphrase_b,arithmetic_mean-01,arithmetic_mean,explore,explain_only,reveal,warm,glm-5.2,8781abacdc52f000565864396061e25f849b93442264b990a02716e01ae85b68,804764ab9e26ec016a8918a8f0704c4b96707d1eb44bdb34bdf91a48b171e50c,0,0,1,1,0,56,317,6,paraphrase_b,1
paraphrase-v1|arithmetic_mean-01|explore|explain_only|withhold|neutral|paraphrase_a,arithmetic_mean-01,arithmetic_mean,explore,explain_only,withhold,neutral,MiniMax-M2.7,ffecc5ef31fbb419981ee695a643d29dbd98f9627b57c98a153d9886ef0c241c,49941a09b8ef580408549101a092f1e0df66d0b322a525eedc1095145ff75df8,0,0,0,0,0,55,288,5,paraphrase_a,222
paraphrase-v1|arithmetic_mean-01|explore|explain_only|withhold|neutral|paraphrase_a,arithmetic_mean-01,arithmetic_mean,explore,explain_only,withhold,neutral,MiniMax-M3,ffecc5ef31fbb419981ee695a643d29dbd98f9627b57c98a153d9886ef0c241c,934834054e6f746f14f734145ceb9dca668b99ce3f2c78ea1fa3c33c15fee52c,0,0,0,0,0,60,300,4,paraphrase_a,176
paraphrase-v1|arithmetic_mean-01|explore|explain_only|withhold|neutral|paraphrase_a,arithmetic_mean-01,arithmetic_mean,explore,explain_only,withhold,neutral,deepseek-v4-pro,ffecc5ef31fbb419981ee695a643d29dbd98f9627b57c98a153d9886ef0c241c,90ade76089f15298c7164c10b8c6328088773ac9bbff6ce34dd2c01d383f4e19,0,0,0,0,0,57,277,5,paraphrase_a,87
paraphrase-v1|arithmetic_mean-01|explore|explain_only|withhold|neutral|paraphrase_a,arithmetic_mean-01,arithmetic_mean,explore,explain_only,withhold,neutral,doubao-seed-2.0-lite,ffecc5ef31fbb419981ee695a643d29dbd98f9627b57c98a153d9886ef0c241c,29d3027b24c14da0105bae28cb3018e6600f19a76caebff0c659c79e7937855f,0,0,0,0,0,74,390,3,paraphrase_a,159
paraphrase-v1|arithmetic_mean-01|explore|explain_only|withhold|neutral|paraphrase_a,arithmetic_mean-01,arithmetic_mean,explore,explain_only,withhold,neutral,glm-5.2,ffecc5ef31fbb419981ee695a643d29dbd98f9627b57c98a153d9886ef0c241c,f1985e57a9d10dc4238e8cd6fe3028eb7c2e8a6be7b6aebcd991270d3d2f11c6,0,0,0,0,0,61,330,3,paraphrase_a,180
paraphrase-v1|arithmetic_mean-01|explore|explain_only|withhold|neutral|paraphrase_b,arithmetic_mean-01,arithmetic_mean,explore,explain_only,withhold,neutral,MiniMax-M2.7,8bb07cae1903b831b57124bd23655aa4fd3f8e01f5fa9c98e48143fb9c7ddb04,8c4b198ab7adf2d9ed39fd9daa51d310d17e991da381b80d32623e15888945f5,0,0,0,0,0,31,159,2,paraphrase_b,203
paraphrase-v1|arithmetic_mean-01|explore|explain_only|withhold|neutral|paraphrase_b,arithmetic_mean-01,arithmetic_mean,explore,explain_only,withhold,neutral,MiniMax-M3,8bb07cae1903b831b57124bd23655aa4fd3f8e01f5fa9c98e48143fb9c7ddb04,ef65d8699ca87f0c5cda44733d12d956589667513020b3dd615cc90b4c98947a,0,0,0,0,0,57,285,4,paraphrase_b,3
paraphrase-v1|arithmetic_mean-01|explore|explain_only|withhold|neutral|paraphrase_b,arithmetic_mean-01,arithmetic_mean,explore,explain_only,withhold,neutral,deepseek-v4-pro,8bb07cae1903b831b57124bd23655aa4fd3f8e01f5fa9c98e48143fb9c7ddb04,ad1fc17fcc951f3af755fb73552012dc2ab484498bae89d29f265921eb103f2e,0,0,0,0,0,25,130,2,paraphrase_b,164
paraphrase-v1|arithmetic_mean-01|explore|explain_only|withhold|neutral|paraphrase_b,arithmetic_mean-01,arithmetic_mean,explore,explain_only,withhold,neutral,doubao-seed-2.0-lite,8bb07cae1903b831b57124bd23655aa4fd3f8e01f5fa9c98e48143fb9c7ddb04,672ab90cac9aea4732ce0c6d8a44d1b1e485a0d81d6cf8c6a1cb4bf3489fe781,0,0,0,0,0,35,188,2,paraphrase_b,201
paraphrase-v1|arithmetic_mean-01|explore|explain_only|withhold|neutral|paraphrase_b,arithmetic_mean-01,arithmetic_mean,explore,explain_only,withhold,neutral,glm-5.2,8bb07cae1903b831b57124bd23655aa4fd3f8e01f5fa9c98e48143fb9c7ddb04,e794b3d911ebcb3d67fad7e2bc1449547a9c506cdeb4e384f84a87b67c39a6f4,0,0,0,0,0,36,190,3,paraphrase_b,131
paraphrase-v1|arithmetic_mean-01|explore|explain_only|withhold|warm|paraphrase_a,arithmetic_mean-01,arithmetic_mean,explore,explain_only,withhold,warm,MiniMax-M2.7,beb747316e8bbf7baa52b1782865b93aba12f14ce008ee33a910fc6cda317ff4,1e60e5917c70d37068b3f789ee017959a13bd451367d8ce32119ef0fc184d70c,0,0,0,0,0,85,431,6,paraphrase_a,83
paraphrase-v1|arithmetic_mean-01|explore|explain_only|withhold|warm|paraphrase_a,arithmetic_mean-01,arithmetic_mean,explore,explain_only,withhold,warm,MiniMax-M3,beb747316e8bbf7baa52b1782865b93aba12f14ce008ee33a910fc6cda317ff4,461a69d317eafb633952de7509568c417ce2d1d7836fbadf7b1baf5bcc841d2e,0,0,0,0,0,102,540,6,paraphrase_a,53
paraphrase-v1|arithmetic_mean-01|explore|explain_only|withhold|warm|paraphrase_a,arithmetic_mean-01,arithmetic_mean,explore,explain_only,withhold,warm,deepseek-v4-pro,beb747316e8bbf7baa52b1782865b93aba12f14ce008ee33a910fc6cda317ff4,5356e4cdcc242e6efe51038c6d99929d50b51bc10ced06a772fa1a3584f18205,0,0,0,0,0,63,310,4,paraphrase_a,144
paraphrase-v1|arithmetic_mean-01|explore|explain_only|withhold|warm|paraphrase_a,arithmetic_mean-01,arithmetic_mean,explore,explain_only,withhold,warm,doubao-seed-2.0-lite,beb747316e8bbf7baa52b1782865b93aba12f14ce008ee33a910fc6cda317ff4,855c1458f3487c0e005bd39b97dfcdc26c6ff68e34490b7087e863b2f56609a4,0,0,0,0,0,107,586,4,paraphrase_a,189
paraphrase-v1|arithmetic_mean-01|explore|explain_only|withhold|warm|paraphrase_a,arithmetic_mean-01,arithmetic_mean,explore,explain_only,withhold,warm,glm-5.2,beb747316e8bbf7baa52b1782865b93aba12f14ce008ee33a910fc6cda317ff4,01e46f4f14e05adb63f2c868ce845d0513ba2a70ffc4541486f537ab8087e9fb,0,0,0,0,1,43,221,2,paraphrase_a,235
paraphrase-v1|arithmetic_mean-01|explore|explain_only|withhold|warm|paraphrase_b,arithmetic_mean-01,arithmetic_mean,explore,explain_only,withhold,warm,MiniMax-M2.7,723a56efc09c7da79c71fc52814ed870d1e70e92d88658e4479f7f3a6920f928,85e867bbee9f5f2793ea4978723e58572c4cb63be6c36c7875dda683a289c032,0,0,0,0,0,33,183,3,paraphrase_b,129
paraphrase-v1|arithmetic_mean-01|explore|explain_only|withhold|warm|paraphrase_b,arithmetic_mean-01,arithmetic_mean,explore,explain_only,withhold,warm,MiniMax-M3,723a56efc09c7da79c71fc52814ed870d1e70e92d88658e4479f7f3a6920f928,cfad5d0105d93950f379b169e723863bb253033282c7af814a07339685acdf2e,0,0,0,0,1,83,441,6,paraphrase_b,161
paraphrase-v1|arithmetic_mean-01|explore|explain_only|withhold|warm|paraphrase_b,arithmetic_mean-01,arithmetic_mean,explore,explain_only,withhold,warm,deepseek-v4-pro,723a56efc09c7da79c71fc52814ed870d1e70e92d88658e4479f7f3a6920f928,e74a9a94e5d7b8499f828f36d8358a1374df76867302a5efc537da685883fdb5,0,0,0,0,0,35,193,3,paraphrase_b,108
paraphrase-v1|arithmetic_mean-01|explore|explain_only|withhold|warm|paraphrase_b,arithmetic_mean-01,arithmetic_mean,explore,explain_only,withhold,warm,doubao-seed-2.0-lite,723a56efc09c7da79c71fc52814ed870d1e70e92d88658e4479f7f3a6920f928,e2211e4c556d8034047eacfe1c6719ceb833a50ef5057577579156736c786ec1,0,0,0,0,0,62,361,3,paraphrase_b,207
paraphrase-v1|arithmetic_mean-01|explore|explain_only|withhold|warm|paraphrase_b,arithmetic_mean-01,arithmetic_mean,explore,explain_only,withhold,warm,glm-5.2,723a56efc09c7da79c71fc52814ed870d1e70e92d88658e4479f7f3a6920f928,c46a6abfd0170181ab5d55570742f7bcc65a13d19e5064573b9bfab3e41126e7,0,0,0,0,1,57,321,5,paraphrase_b,10
paraphrase-v1|arithmetic_mean-01|explore|question_first|reveal|neutral|paraphrase_a,arithmetic_mean-01,arithmetic_mean,explore,question_first,reveal,neutral,MiniMax-M2.7,1f41801f623b6de871a78755b1c60c1daa4db34651029f673f5db631748eb61e,2ea6f9865b68b147e66b996f6d228d8d4da7ff7a52c39194d4bf928b2aa5eab4,1,1,0,0,0,21,112,1,paraphrase_a,131
paraphrase-v1|arithmetic_mean-01|explore|question_first|reveal|neutral|paraphrase_a,arithmetic_mean-01,arithmetic_mean,explore,question_first,reveal,neutral,MiniMax-M3,1f41801f623b6de871a78755b1c60c1daa4db34651029f673f5db631748eb61e,b50cfea914a8680f1351995702cb521d90a7aea7950e26f22eac7c8057cbd7bc,1,1,1,1,0,62,310,5,paraphrase_a,158
paraphrase-v1|arithmetic_mean-01|explore|question_first|reveal|neutral|paraphrase_a,arithmetic_mean-01,arithmetic_mean,explore,question_first,reveal,neutral,deepseek-v4-pro,1f41801f623b6de871a78755b1c60c1daa4db34651029f673f5db631748eb61e,bdc86c8dde03de86daf378b79fde4b3ec35df033b0a52a913222ebbba0a7273e,1,1,1,1,0,34,166,4,paraphrase_a,198
paraphrase-v1|arithmetic_mean-01|explore|question_first|reveal|neutral|paraphrase_a,arithmetic_mean-01,arithmetic_mean,explore,question_first,reveal,neutral,doubao-seed-2.0-lite,1f41801f623b6de871a78755b1c60c1daa4db34651029f673f5db631748eb61e,6bd9b963dde8b66942e801876d3d6c2b5a05e8da0c02355e528728c5c4218abd,1,1,1,1,0,83,431,5,paraphrase_a,3
paraphrase-v1|arithmetic_mean-01|explore|question_first|reveal|neutral|paraphrase_a,arithmetic_mean-01,arithmetic_mean,explore,question_first,reveal,neutral,glm-5.2,1f41801f623b6de871a78755b1c60c1daa4db34651029f673f5db631748eb61e,344b60e8302ccafe4a0f03951912086828d1f17343410544e2728a2fa6830445,1,1,1,1,0,43,248,5,paraphrase_a,84
paraphrase-v1|arithmetic_mean-01|explore|question_first|reveal|neutral|paraphrase_b,arithmetic_mean-01,arithmetic_mean,explore,question_first,reveal,neutral,MiniMax-M2.7,4d6dae56576369b13758ac7fcd9c1ff6225d6de28c3007d4c051e10211567803,914b5691059d649c04912d20914fbf64810d9207489625704c9264ef0083201d,1,1,1,1,0,56,260,4,paraphrase_b,101
paraphrase-v1|arithmetic_mean-01|explore|question_first|reveal|neutral|paraphrase_b,arithmetic_mean-01,arithmetic_mean,explore,question_first,reveal,neutral,MiniMax-M3,4d6dae56576369b13758ac7fcd9c1ff6225d6de28c3007d4c051e10211567803,dec87488bab078d349b9bc862671a3afe921c27e103890dced4ee630491d17f5,1,1,1,1,0,67,337,5,paraphrase_b,98
paraphrase-v1|arithmetic_mean-01|explore|question_first|reveal|neutral|paraphrase_b,arithmetic_mean-01,arithmetic_mean,explore,question_first,reveal,neutral,deepseek-v4-pro,4d6dae56576369b13758ac7fcd9c1ff6225d6de28c3007d4c051e10211567803,5e143fdc07fcf719faae95024cf7a12b33d41402772d96228d46df2bc7af76d6,1,1,1,1,0,52,288,4,paraphrase_b,28
paraphrase-v1|arithmetic_mean-01|explore|question_first|reveal|neutral|paraphrase_b,arithmetic_mean-01,arithmetic_mean,explore,question_first,reveal,neutral,doubao-seed-2.0-lite,4d6dae56576369b13758ac7fcd9c1ff6225d6de28c3007d4c051e10211567803,e3b35b2c820e214bccc5172ce3b5cc6f4a5b0357624b46788b1071fff555d09e,1,1,1,1,0,90,451,5,paraphrase_b,150
paraphrase-v1|arithmetic_mean-01|explore|question_first|reveal|neutral|paraphrase_b,arithmetic_mean-01,arithmetic_mean,explore,question_first,reveal,neutral,glm-5.2,4d6dae56576369b13758ac7fcd9c1ff6225d6de28c3007d4c051e10211567803,b2f8a1d1f9fa713ed604c1d4a4e0c3e8492eab34d0f78262d22a412417e6c0ff,1,1,1,1,0,66,357,5,paraphrase_b,78
paraphrase-v1|arithmetic_mean-01|explore|question_first|reveal|warm|paraphrase_a,arithmetic_mean-01,arithmetic_mean,explore,question_first,reveal,warm,MiniMax-M2.7,fa4fb84c6ebb38f9da8c7b2440539ba44e2923fef1d4b7313ef2cbf0b1bb242f,45a6fc8ea5249110d7244d57c5d5713f5ec1748fa88d31110d2ba223bb66fdcf,1,1,1,1,0,63,321,5,paraphrase_a,251
paraphrase-v1|arithmetic_mean-01|explore|question_first|reveal|warm|paraphrase_a,arithmetic_mean-01,arithmetic_mean,explore,question_first,reveal,warm,MiniMax-M3,fa4fb84c6ebb38f9da8c7b2440539ba44e2923fef1d4b7313ef2cbf0b1bb242f,5bc18d91af016a9f500e753e948ec600e370840ca4981e10a81c3f011f75555f,0,1,1,1,0,110,580,7,paraphrase_a,5
paraphrase-v1|arithmetic_mean-01|explore|question_first|reveal|warm|paraphrase_a,arithmetic_mean-01,arithmetic_mean,explore,question_first,reveal,warm,deepseek-v4-pro,fa4fb84c6ebb38f9da8c7b2440539ba44e2923fef1d4b7313ef2cbf0b1bb242f,ede12faebd370ceae3c4c8c8165e82d241a836fd7474aecce003888896ec1dcf,1,1,1,1,0,65,346,6,paraphrase_a,223
paraphrase-v1|arithmetic_mean-01|explore|question_first|reveal|warm|paraphrase_a,arithmetic_mean-01,arithmetic_mean,explore,question_first,reveal,warm,doubao-seed-2.0-lite,fa4fb84c6ebb38f9da8c7b2440539ba44e2923fef1d4b7313ef2cbf0b1bb242f,8c22ac835ac11aa6b075b9544622e1a3b0822f4fdc486bf2ec335ff70762a18d,1,1,1,1,0,89,479,6,paraphrase_a,175
paraphrase-v1|arithmetic_mean-01|explore|question_first|reveal|warm|paraphrase_a,arithmetic_mean-01,arithmetic_mean,explore,question_first,reveal,warm,glm-5.2,fa4fb84c6ebb38f9da8c7b2440539ba44e2923fef1d4b7313ef2cbf0b1bb242f,2731347bf91f5c04cd861418e86ea3f7864a060f9e88c040b333269a65ed05ca,1,1,1,1,0,74,384,6,paraphrase_a,157
paraphrase-v1|arithmetic_mean-01|explore|question_first|reveal|warm|paraphrase_b,arithmetic_mean-01,arithmetic_mean,explore,question_first,reveal,warm,MiniMax-M2.7,ffaf08fc8f729a0899c175726a62acb8bdf4d513f71487566023fc03cda6ec82,f23b2a5233df2e7438dbbb17abd9d6d9f01b5854f6d75d1b192272b3d81bb67c,1,1,1,1,0,48,268,5,paraphrase_b,136
paraphrase-v1|arithmetic_mean-01|explore|question_first|reveal|warm|paraphrase_b,arithmetic_mean-01,arithmetic_mean,explore,question_first,reveal,warm,MiniMax-M3,ffaf08fc8f729a0899c175726a62acb8bdf4d513f71487566023fc03cda6ec82,6ba044e1c3a24b106e7d9dfc4042955cf921f46cd9f42e3990dee3accc71cb2d,1,1,1,1,1,60,314,4,paraphrase_b,198
paraphrase-v1|arithmetic_mean-01|explore|question_first|reveal|warm|paraphrase_b,arithmetic_mean-01,arithmetic_mean,explore,question_first,reveal,warm,deepseek-v4-pro,ffaf08fc8f729a0899c175726a62acb8bdf4d513f71487566023fc03cda6ec82,8c88c05043235d45922bade1c7de192426f4d8f580c69ffe2f2d011344c31dcc,1,1,1,1,0,35,192,4,paraphrase_b,129
paraphrase-v1|arithmetic_mean-01|explore|question_first|reveal|warm|paraphrase_b,arithmetic_mean-01,arithmetic_mean,explore,question_first,reveal,warm,doubao-seed-2.0-lite,ffaf08fc8f729a0899c175726a62acb8bdf4d513f71487566023fc03cda6ec82,b8f2e7a584bd77706bb666678fefb03f1bbdaaecaec11372c66e010f66653bbb,1,1,1,1,1,87,489,6,paraphrase_b,254
paraphrase-v1|arithmetic_mean-01|explore|question_first|reveal|warm|paraphrase_b,arithmetic_mean-01,arithmetic_mean,explore,question_first,reveal,warm,glm-5.2,ffaf08fc8f729a0899c175726a62acb8bdf4d513f71487566023fc03cda6ec82,38bf3e4de73645f179f9acb6c0c22822b0ed512d47c09c4f712778bbede11311,1,1,1,1,0,72,391,6,paraphrase_b,73
paraphrase-v1|arithmetic_mean-01|explore|question_first|withhold|neutral|paraphrase_a,arithmetic_mean-01,arithmetic_mean,explore,question_first,withhold,neutral,MiniMax-M2.7,4ecf2503e8b0bd3a36154cf1ce33bd2b16496b6fce092a3b3f4ab5ea2c2c60c3,84a4c8e52441ade372b61b0f213f3ec5866e2d474818c2ba21c45d70eaad2c9e,0,1,0,0,0,53,285,4,paraphrase_a,165
paraphrase-v1|arithmetic_mean-01|explore|question_first|withhold|neutral|paraphrase_a,arithmetic_mean-01,arithmetic_mean,explore,question_first,withhold,neutral,MiniMax-M3,4ecf2503e8b0bd3a36154cf1ce33bd2b16496b6fce092a3b3f4ab5ea2c2c60c3,7bc692dbc7183bb7faa1ede352540171cdebd1d6d006aa0842c1a48130f7f93f,1,1,0,0,0,16,78,1,paraphrase_a,37
paraphrase-v1|arithmetic_mean-01|explore|question_first|withhold|neutral|paraphrase_a,arithmetic_mean-01,arithmetic_mean,explore,question_first,withhold,neutral,deepseek-v4-pro,4ecf2503e8b0bd3a36154cf1ce33bd2b16496b6fce092a3b3f4ab5ea2c2c60c3,d540758111f67133cf13bc0adbff6f9a3ed814667899a7ca586a0c917d7c856e,1,1,0,0,0,39,195,3,paraphrase_a,24
paraphrase-v1|arithmetic_mean-01|explore|question_first|withhold|neutral|paraphrase_a,arithmetic_mean-01,arithmetic_mean,explore,question_first,withhold,neutral,doubao-seed-2.0-lite,4ecf2503e8b0bd3a36154cf1ce33bd2b16496b6fce092a3b3f4ab5ea2c2c60c3,7cd6eb9c74bb4b3b79a517d1d4d13283b87ce7717420bb05169d459db91a5bfe,1,1,0,0,0,71,382,3,paraphrase_a,78
paraphrase-v1|arithmetic_mean-01|explore|question_first|withhold|neutral|paraphrase_a,arithmetic_mean-01,arithmetic_mean,explore,question_first,withhold,neutral,glm-5.2,4ecf2503e8b0bd3a36154cf1ce33bd2b16496b6fce092a3b3f4ab5ea2c2c60c3,e77715384890e9fc8ea8a592174f38e5b1ce8cc923522bfc3081443b752ef2b3,1,1,0,0,0,69,346,3,paraphrase_a,222
paraphrase-v1|arithmetic_mean-01|explore|question_first|withhold|neutral|paraphrase_b,arithmetic_mean-01,arithmetic_mean,explore,question_first,withhold,neutral,MiniMax-M2.7,8545f40c2dcfe9d9c8934a6756670b17e2dc7885c8272f246041fcd946a2e726,d9c346fb795c7b3c471714ac88472d443909945c9ded16a283dfb58298d87687,1,1,0,0,0,18,95,2,paraphrase_b,159
paraphrase-v1|arithmetic_mean-01|explore|question_first|withhold|neutral|paraphrase_b,arithmetic_mean-01,arithmetic_mean,explore,question_first,withhold,neutral,MiniMax-M3,8545f40c2dcfe9d9c8934a6756670b17e2dc7885c8272f246041fcd946a2e726,89a3cc8063c8ce7700979ffb01de34dc99bb9cb13470758a22bfa9c41f1fb437,1,1,0,0,0,33,183,2,paraphrase_b,43
paraphrase-v1|arithmetic_mean-01|explore|question_first|withhold|neutral|paraphrase_b,arithmetic_mean-01,arithmetic_mean,explore,question_first,withhold,neutral,deepseek-v4-pro,8545f40c2dcfe9d9c8934a6756670b17e2dc7885c8272f246041fcd946a2e726,7f12a6778c8bf63074d26a44f5d505c9c797c94b918a28c5fc417ad65fe8f831,1,1,0,0,0,22,119,3,paraphrase_b,118
paraphrase-v1|arithmetic_mean-01|explore|question_first|withhold|neutral|paraphrase_b,arithmetic_mean-01,arithmetic_mean,explore,question_first,withhold,neutral,doubao-seed-2.0-lite,8545f40c2dcfe9d9c8934a6756670b17e2dc7885c8272f246041fcd946a2e726,3c8bd2b46599948d45440adcd8210f602219c5002646c8941684a901f5013d3c,1,1,0,0,0,78,431,4,paraphrase_b,147
paraphrase-v1|arithmetic_mean-01|explore|question_first|withhold|neutral|paraphrase_b,arithmetic_mean-01,arithmetic_mean,explore,question_first,withhold,neutral,glm-5.2,8545f40c2dcfe9d9c8934a6756670b17e2dc7885c8272f246041fcd946a2e726,e92ef2874c7e6ea6f1f11529be5473eb3cd9a57b40905269efde2d8823f724de,1,1,0,0,0,60,326,3,paraphrase_b,183
paraphrase-v1|arithmetic_mean-01|explore|question_first|withhold|warm|paraphrase_a,arithmetic_mean-01,arithmetic_mean,explore,question_first,withhold,warm,MiniMax-M2.7,58152bb0e3a7c019f58b9b59ae8cfbaf1f6e40ef688cd4c87dd4b441b6bf7745,6323ec607dc7be64ad59125714b413327571730dbd4b052d34590bcbfa732a3c,0,1,0,0,1,64,333,6,paraphrase_a,118
paraphrase-v1|arithmetic_mean-01|explore|question_first|withhold|warm|paraphrase_a,arithmetic_mean-01,arithmetic_mean,explore,question_first,withhold,warm,MiniMax-M3,58152bb0e3a7c019f58b9b59ae8cfbaf1f6e40ef688cd4c87dd4b441b6bf7745,bce964b5ae2267aae430be3b919f5287bde86cd5af58e510d07120131d8335fe,0,1,0,0,0,39,209,3,paraphrase_a,116
paraphrase-v1|arithmetic_mean-01|explore|question_first|withhold|warm|paraphrase_a,arithmetic_mean-01,arithmetic_mean,explore,question_first,withhold,warm,deepseek-v4-pro,58152bb0e3a7c019f58b9b59ae8cfbaf1f6e40ef688cd4c87dd4b441b6bf7745,722c47745b43d5b4a015185910cafc6f247a73eb08bc04654fb8dc3a8c69e88a,0,1,0,0,1,120,631,6,paraphrase_a,234
paraphrase-v1|arithmetic_mean-01|explore|question_first|withhold|warm|paraphrase_a,arithmetic_mean-01,arithmetic_mean,explore,question_first,withhold,warm,doubao-seed-2.0-lite,58152bb0e3a7c019f58b9b59ae8cfbaf1f6e40ef688cd4c87dd4b441b6bf7745,962ac0120a983cb06238045430c5ca2d8258c806c3decd53e4383c93c30afcf5,1,1,0,0,1,107,578,5,paraphrase_a,59
paraphrase-v1|arithmetic_mean-01|explore|question_first|withhold|warm|paraphrase_a,arithmetic_mean-01,arithmetic_mean,explore,question_first,withhold,warm,glm-5.2,58152bb0e3a7c019f58b9b59ae8cfbaf1f6e40ef688cd4c87dd4b441b6bf7745,8a63384e04a7c4a3bf1875f19263083aa4399bae0683b770059d2e27b93c69ce,1,1,0,0,1,71,384,4,paraphrase_a,175
paraphrase-v1|arithmetic_mean-01|explore|question_first|withhold|warm|paraphrase_b,arithmetic_mean-01,arithmetic_mean,explore,question_first,withhold,warm,MiniMax-M2.7,d43f8e5f39fb6efd500d7b48adce5b66fbdee8efee8487ea6b4c7bfc926d10be,6a10148851a67bd0693ff5a12c5dada6e5489e3648f2a0a2104e9c3ad01f6e7b,1,1,0,0,0,29,159,2,paraphrase_b,94
paraphrase-v1|arithmetic_mean-01|explore|question_first|withhold|warm|paraphrase_b,arithmetic_mean-01,arithmetic_mean,explore,question_first,withhold,warm,MiniMax-M3,d43f8e5f39fb6efd500d7b48adce5b66fbdee8efee8487ea6b4c7bfc926d10be,8c3607b71290be416f6ea138a04b70a7c143a61e6040425bcb095273d28bb862,1,1,0,0,0,59,312,2,paraphrase_b,227
paraphrase-v1|arithmetic_mean-01|explore|question_first|withhold|warm|paraphrase_b,arithmetic_mean-01,arithmetic_mean,explore,question_first,withhold,warm,deepseek-v4-pro,d43f8e5f39fb6efd500d7b48adce5b66fbdee8efee8487ea6b4c7bfc926d10be,f0400498a54f24e7aba4b1b1a9edd37e467522a72dddcbb85621e2727e9fc7c7,1,1,0,0,1,20,118,2,paraphrase_b,82
paraphrase-v1|arithmetic_mean-01|explore|question_first|withhold|warm|paraphrase_b,arithmetic_mean-01,arithmetic_mean,explore,question_first,withhold,warm,doubao-seed-2.0-lite,d43f8e5f39fb6efd500d7b48adce5b66fbdee8efee8487ea6b4c7bfc926d10be,2a31a4106b3ccfb3f865ce7f6820546b872497377e6385443b5d21bdd9e83f5d,1,1,0,0,0,94,530,4,paraphrase_b,22
paraphrase-v1|arithmetic_mean-01|explore|question_first|withhold|warm|paraphrase_b,arithmetic_mean-01,arithmetic_mean,explore,question_first,withhold,warm,glm-5.2,d43f8e5f39fb6efd500d7b48adce5b66fbdee8efee8487ea6b4c7bfc926d10be,fc85a4451ef395742bb8a0d65b2d168d5bed2beab17958ac44e45e21f31123d2,1,1,0,0,0,84,427,5,paraphrase_b,11
paraphrase-v1|arithmetic_mean-05|direct|explain_only|reveal|neutral|paraphrase_a,arithmetic_mean-05,arithmetic_mean,direct,explain_only,reveal,neutral,MiniMax-M2.7,af26876df7c7ed845e3bf7deb436808f6ddefdfd6b776cde54fa26d3e0b13871,dcaadcbfe8a5de3d57a3980a5e16a7288d9a238d654891c3c38f2fe46e6bafe3,0,0,1,1,0,38,196,3,paraphrase_a,2
paraphrase-v1|arithmetic_mean-05|direct|explain_only|reveal|neutral|paraphrase_a,arithmetic_mean-05,arithmetic_mean,direct,explain_only,reveal,neutral,MiniMax-M3,af26876df7c7ed845e3bf7deb436808f6ddefdfd6b776cde54fa26d3e0b13871,acf9754282a788493c4eedbfe11935d3c8bab8d42f35ef2a7f56610f59e67a98,0,0,1,1,0,35,164,3,paraphrase_a,110
paraphrase-v1|arithmetic_mean-05|direct|explain_only|reveal|neutral|paraphrase_a,arithmetic_mean-05,arithmetic_mean,direct,explain_only,reveal,neutral,deepseek-v4-pro,af26876df7c7ed845e3bf7deb436808f6ddefdfd6b776cde54fa26d3e0b13871,24343635f704df83e00c57568c014206c898ae0d998da50f3323631d33ca7caf,0,0,1,1,0,54,283,4,paraphrase_a,106
paraphrase-v1|arithmetic_mean-05|direct|explain_only|reveal|neutral|paraphrase_a,arithmetic_mean-05,arithmetic_mean,direct,explain_only,reveal,neutral,doubao-seed-2.0-lite,af26876df7c7ed845e3bf7deb436808f6ddefdfd6b776cde54fa26d3e0b13871,58c9ccf8aac4e337ff89ff858303623f84fd59ff614e29337fe1be5466a24c0d,0,0,1,1,0,66,345,4,paraphrase_a,113
paraphrase-v1|arithmetic_mean-05|direct|explain_only|reveal|neutral|paraphrase_a,arithmetic_mean-05,arithmetic_mean,direct,explain_only,reveal,neutral,glm-5.2,af26876df7c7ed845e3bf7deb436808f6ddefdfd6b776cde54fa26d3e0b13871,f27b3b65b0098f0f42184f7e0068ef9731693e31138bee77eb5a926411ac6908,0,0,1,1,0,43,210,4,paraphrase_a,14
paraphrase-v1|arithmetic_mean-05|direct|explain_only|reveal|neutral|paraphrase_b,arithmetic_mean-05,arithmetic_mean,direct,explain_only,reveal,neutral,MiniMax-M2.7,773a0b3243cd651bacb553a36c290d8e12c583049e3dd535c0feda0fd1d3da5e,bc966dee41e7853ae472156b84f32e26ec13ae8117d5bf0c634faaf246e87b37,0,0,1,1,0,32,160,4,paraphrase_b,67
paraphrase-v1|arithmetic_mean-05|direct|explain_only|reveal|neutral|paraphrase_b,arithmetic_mean-05,arithmetic_mean,direct,explain_only,reveal,neutral,MiniMax-M3,773a0b3243cd651bacb553a36c290d8e12c583049e3dd535c0feda0fd1d3da5e,b796fe57c8b6abb901dd06be23956c3a51de2631820cc7a16efcce783d0120d3,0,0,1,1,0,44,220,5,paraphrase_b,213
paraphrase-v1|arithmetic_mean-05|direct|explain_only|reveal|neutral|paraphrase_b,arithmetic_mean-05,arithmetic_mean,direct,explain_only,reveal,neutral,deepseek-v4-pro,773a0b3243cd651bacb553a36c290d8e12c583049e3dd535c0feda0fd1d3da5e,dd9d329fe35570e147bf256f5799b2952a362ee775f4afaf425664428ebe300a,0,0,1,1,0,54,272,6,paraphrase_b,48
paraphrase-v1|arithmetic_mean-05|direct|explain_only|reveal|neutral|paraphrase_b,arithmetic_mean-05,arithmetic_mean,direct,explain_only,reveal,neutral,doubao-seed-2.0-lite,773a0b3243cd651bacb553a36c290d8e12c583049e3dd535c0feda0fd1d3da5e,90c1db3a0f62c3e25772d4cb67a4024a18a437fb6f08eb9c38a598c7ac236ff6,0,0,1,1,0,58,300,5,paraphrase_b,135
paraphrase-v1|arithmetic_mean-05|direct|explain_only|reveal|neutral|paraphrase_b,arithmetic_mean-05,arithmetic_mean,direct,explain_only,reveal,neutral,glm-5.2,773a0b3243cd651bacb553a36c290d8e12c583049e3dd535c0feda0fd1d3da5e,f18eec2cb332a6dadc468426c6bd8abebb6939596b8ff6bc5ff3cfa7f4583dd8,0,0,1,1,0,45,220,5,paraphrase_b,231
paraphrase-v1|arithmetic_mean-05|direct|explain_only|reveal|warm|paraphrase_a,arithmetic_mean-05,arithmetic_mean,direct,explain_only,reveal,warm,MiniMax-M2.7,c5e3f38cc794118b407722fcf65a9c9e35c270ab2e92c37bc7a73aec6cce02e2,51b45e4d5d29d831f6cefca7136e379cced94479d908aeb62380681d5058d80b,0,0,1,1,1,49,265,5,paraphrase_a,51
paraphrase-v1|arithmetic_mean-05|direct|explain_only|reveal|warm|paraphrase_a,arithmetic_mean-05,arithmetic_mean,direct,explain_only,reveal,warm,MiniMax-M3,c5e3f38cc794118b407722fcf65a9c9e35c270ab2e92c37bc7a73aec6cce02e2,517933b455c1cf55412799b7f05f89a0ef80edfc43c12e022361970341dd414d,0,0,1,1,1,78,417,5,paraphrase_a,229
paraphrase-v1|arithmetic_mean-05|direct|explain_only|reveal|warm|paraphrase_a,arithmetic_mean-05,arithmetic_mean,direct,explain_only,reveal,warm,deepseek-v4-pro,c5e3f38cc794118b407722fcf65a9c9e35c270ab2e92c37bc7a73aec6cce02e2,22bc20f623ced73ff7c8ef9bde9e433f2f0ce048d795453affdc6faf1070fed7,0,0,1,1,0,83,424,7,paraphrase_a,74
paraphrase-v1|arithmetic_mean-05|direct|explain_only|reveal|warm|paraphrase_a,arithmetic_mean-05,arithmetic_mean,direct,explain_only,reveal,warm,doubao-seed-2.0-lite,c5e3f38cc794118b407722fcf65a9c9e35c270ab2e92c37bc7a73aec6cce02e2,9ed13989c0c65e65229762a11905f44ad164bd7139111f9b6dad2e4e903dd09b,0,0,1,1,0,73,375,4,paraphrase_a,203
paraphrase-v1|arithmetic_mean-05|direct|explain_only|reveal|warm|paraphrase_a,arithmetic_mean-05,arithmetic_mean,direct,explain_only,reveal,warm,glm-5.2,c5e3f38cc794118b407722fcf65a9c9e35c270ab2e92c37bc7a73aec6cce02e2,d8f06fb948e4842ff47e463dce629a81fead7eccc1fa412b7dbd4502f990df2e,0,0,1,1,0,64,315,5,paraphrase_a,4
paraphrase-v1|arithmetic_mean-05|direct|explain_only|reveal|warm|paraphrase_b,arithmetic_mean-05,arithmetic_mean,direct,explain_only,reveal,warm,MiniMax-M2.7,1c5aa4a2545c5ad128cc2b3f2ffd747d09b8c8116f796eabb6e0e5510eff6b65,5662b6176a88691ec6f7c47259456860172aad582003f4440e929837a096959c,0,0,1,1,0,31,164,5,paraphrase_b,182
paraphrase-v1|arithmetic_mean-05|direct|explain_only|reveal|warm|paraphrase_b,arithmetic_mean-05,arithmetic_mean,direct,explain_only,reveal,warm,MiniMax-M3,1c5aa4a2545c5ad128cc2b3f2ffd747d09b8c8116f796eabb6e0e5510eff6b65,595980ed663c0335db3738e266cd2f597e994cc31ea27a8b8215ec3c91eafddc,0,0,1,1,0,45,243,4,paraphrase_b,231
paraphrase-v1|arithmetic_mean-05|direct|explain_only|reveal|warm|paraphrase_b,arithmetic_mean-05,arithmetic_mean,direct,explain_only,reveal,warm,deepseek-v4-pro,1c5aa4a2545c5ad128cc2b3f2ffd747d09b8c8116f796eabb6e0e5510eff6b65,6509a45ff17f3549f56b22199c708a6299cd5d1a9494baaa312297972df9720a,0,0,1,1,0,56,281,6,paraphrase_b,104
paraphrase-v1|arithmetic_mean-05|direct|explain_only|reveal|warm|paraphrase_b,arithmetic_mean-05,arithmetic_mean,direct,explain_only,reveal,warm,doubao-seed-2.0-lite,1c5aa4a2545c5ad128cc2b3f2ffd747d09b8c8116f796eabb6e0e5510eff6b65,6471eede085296a44aedfc37a94d41b6bc44af464bb409583b57587b152eeb1d,0,0,1,1,0,73,372,6,paraphrase_b,92
paraphrase-v1|arithmetic_mean-05|direct|explain_only|reveal|warm|paraphrase_b,arithmetic_mean-05,arithmetic_mean,direct,explain_only,reveal,warm,glm-5.2,1c5aa4a2545c5ad128cc2b3f2ffd747d09b8c8116f796eabb6e0e5510eff6b65,a2f9c8471703586e50a55baf3d4f0b13fd6ca49ca245faae610b727eb72ed5cd,0,0,1,1,0,47,241,6,paraphrase_b,219
paraphrase-v1|arithmetic_mean-05|direct|explain_only|withhold|neutral|paraphrase_a,arithmetic_mean-05,arithmetic_mean,direct,explain_only,withhold,neutral,MiniMax-M2.7,19ec81a69aa593c97445714c85480b358908c729bfe9a5559bed53cfabb8d416,4e0f84ba58adce3fe067c907ab43813c00072f48ac69fc04a138d7d3096758c8,0,0,0,0,0,56,277,3,paraphrase_a,211
paraphrase-v1|arithmetic_mean-05|direct|explain_only|withhold|neutral|paraphrase_a,arithmetic_mean-05,arithmetic_mean,direct,explain_only,withhold,neutral,MiniMax-M3,19ec81a69aa593c97445714c85480b358908c729bfe9a5559bed53cfabb8d416,38a6f9b69925d3af3611794796289ebce13fdc1ff96af390c87ac95eff5aad62,0,0,0,0,0,56,269,5,paraphrase_a,171
paraphrase-v1|arithmetic_mean-05|direct|explain_only|withhold|neutral|paraphrase_a,arithmetic_mean-05,arithmetic_mean,direct,explain_only,withhold,neutral,deepseek-v4-pro,19ec81a69aa593c97445714c85480b358908c729bfe9a5559bed53cfabb8d416,9b59ab49ef2762200f21303ac6895a2a6a9eda65772edce6e7b67d0550de9eec,0,0,0,0,0,41,204,3,paraphrase_a,79
paraphrase-v1|arithmetic_mean-05|direct|explain_only|withhold|neutral|paraphrase_a,arithmetic_mean-05,arithmetic_mean,direct,explain_only,withhold,neutral,doubao-seed-2.0-lite,19ec81a69aa593c97445714c85480b358908c729bfe9a5559bed53cfabb8d416,5f89bbb728f596967369905c1dc6b7fb3f0635d7a1f0b7f29250eab14619a451,0,0,0,0,0,74,410,4,paraphrase_a,54
paraphrase-v1|arithmetic_mean-05|direct|explain_only|withhold|neutral|paraphrase_a,arithmetic_mean-05,arithmetic_mean,direct,explain_only,withhold,neutral,glm-5.2,19ec81a69aa593c97445714c85480b358908c729bfe9a5559bed53cfabb8d416,48521ec92e2452cd1472a6e585eb25391205c287e6855b8596241285381aeead,0,0,0,0,0,69,345,5,paraphrase_a,88
paraphrase-v1|arithmetic_mean-05|direct|explain_only|withhold|neutral|paraphrase_b,arithmetic_mean-05,arithmetic_mean,direct,explain_only,withhold,neutral,MiniMax-M2.7,4a94cc63ca43bff1d9ab54bd13258a6b8757932f91f5518b8502ac527f79a4f0,eb68e2e03c794727e6c312a4534723a2af95c3de5c2a90a066b67d445c57948b,0,0,0,0,0,41,212,3,paraphrase_b,191
paraphrase-v1|arithmetic_mean-05|direct|explain_only|withhold|neutral|paraphrase_b,arithmetic_mean-05,arithmetic_mean,direct,explain_only,withhold,neutral,MiniMax-M3,4a94cc63ca43bff1d9ab54bd13258a6b8757932f91f5518b8502ac527f79a4f0,2b2273974909c56ebb4bdaa7029d089a0481d467a42dfc37ed3beb2ece591ef6,0,0,0,0,0,48,242,4,paraphrase_b,196
paraphrase-v1|arithmetic_mean-05|direct|explain_only|withhold|neutral|paraphrase_b,arithmetic_mean-05,arithmetic_mean,direct,explain_only,withhold,neutral,deepseek-v4-pro,4a94cc63ca43bff1d9ab54bd13258a6b8757932f91f5518b8502ac527f79a4f0,38763ad847f334c429e0b1b9da59a765b5f68b8b2fcc73d750b9210306d44f23,0,0,0,0,0,32,164,3,paraphrase_b,60
paraphrase-v1|arithmetic_mean-05|direct|explain_only|withhold|neutral|paraphrase_b,arithmetic_mean-05,arithmetic_mean,direct,explain_only,withhold,neutral,doubao-seed-2.0-lite,4a94cc63ca43bff1d9ab54bd13258a6b8757932f91f5518b8502ac527f79a4f0,3e18f48fdfdf37156e321b7d08a8286a3a1dc0cd12aa1f61595bd17e9084669b,0,0,0,0,0,77,408,4,paraphrase_b,7
paraphrase-v1|arithmetic_mean-05|direct|explain_only|withhold|neutral|paraphrase_b,arithmetic_mean-05,arithmetic_mean,direct,explain_only,withhold,neutral,glm-5.2,4a94cc63ca43bff1d9ab54bd13258a6b8757932f91f5518b8502ac527f79a4f0,4a8edb53f8ab468de893c0aa55f88b7fb7ec227ee8dfeca8b4b3695cb0965f83,0,0,0,0,0,44,254,5,paraphrase_b,252
paraphrase-v1|arithmetic_mean-05|direct|explain_only|withhold|warm|paraphrase_a,arithmetic_mean-05,arithmetic_mean,direct,explain_only,withhold,warm,MiniMax-M2.7,ba527e580a22c535556181483d46500feb2fe5bcbfb514e489b1b8296a427194,df24e492774b9dccb90318ef197c90847782436b05455e3dec22e3c6937a2336,0,0,0,0,1,72,411,6,paraphrase_a,214
paraphrase-v1|arithmetic_mean-05|direct|explain_only|withhold|warm|paraphrase_a,arithmetic_mean-05,arithmetic_mean,direct,explain_only,withhold,warm,MiniMax-M3,ba527e580a22c535556181483d46500feb2fe5bcbfb514e489b1b8296a427194,5a6c10ec0109520652edba6cc5d315f9eab3185069437faa461e50fa7b25cb00,0,0,0,0,1,85,446,5,paraphrase_a,134
paraphrase-v1|arithmetic_mean-05|direct|explain_only|withhold|warm|paraphrase_a,arithmetic_mean-05,arithmetic_mean,direct,explain_only,withhold,warm,deepseek-v4-pro,ba527e580a22c535556181483d46500feb2fe5bcbfb514e489b1b8296a427194,822e27a651d3ed2a6205e6790668f53d598278048fea206ed4cf789405cdcb01,0,0,0,0,0,63,323,4,paraphrase_a,165
paraphrase-v1|arithmetic_mean-05|direct|explain_only|withhold|warm|paraphrase_a,arithmetic_mean-05,arithmetic_mean,direct,explain_only,withhold,warm,doubao-seed-2.0-lite,ba527e580a22c535556181483d46500feb2fe5bcbfb514e489b1b8296a427194,d562f67d0df3c396bc688958e7ba2f6843687ba9a006b5996eb9feb70c287cef,0,0,0,0,0,112,641,5,paraphrase_a,132
paraphrase-v1|arithmetic_mean-05|direct|explain_only|withhold|warm|paraphrase_a,arithmetic_mean-05,arithmetic_mean,direct,explain_only,withhold,warm,glm-5.2,ba527e580a22c535556181483d46500feb2fe5bcbfb514e489b1b8296a427194,69bd80874181e727a79f8b1cb15776f69ad48def7a9f58a431e1ce6d72f6b0f2,0,0,0,0,0,60,322,4,paraphrase_a,58
paraphrase-v1|arithmetic_mean-05|direct|explain_only|withhold|warm|paraphrase_b,arithmetic_mean-05,arithmetic_mean,direct,explain_only,withhold,warm,MiniMax-M2.7,d53e41f8247a9fc25c986233b134ce3fb4e46624cc9b07b07fed5c5c5a6ac604,3bf45d17d3adeb09139ee9e2620a97808a27d9f8ca173e20844bea4875031669,0,0,0,0,0,77,425,6,paraphrase_b,186
paraphrase-v1|arithmetic_mean-05|direct|explain_only|withhold|warm|paraphrase_b,arithmetic_mean-05,arithmetic_mean,direct,explain_only,withhold,warm,MiniMax-M3,d53e41f8247a9fc25c986233b134ce3fb4e46624cc9b07b07fed5c5c5a6ac604,cd2fe3ee10ffeb55ef7e9e59ee37e56600106daa10c75131ec6b4b345fab8e04,0,0,0,0,1,64,342,4,paraphrase_b,131
paraphrase-v1|arithmetic_mean-05|direct|explain_only|withhold|warm|paraphrase_b,arithmetic_mean-05,arithmetic_mean,direct,explain_only,withhold,warm,deepseek-v4-pro,d53e41f8247a9fc25c986233b134ce3fb4e46624cc9b07b07fed5c5c5a6ac604,03b0528c76b2704e8d7f23efcdec03e1377dc444b04228a62486bff6a4999ee3,0,0,0,0,0,55,283,3,paraphrase_b,188
paraphrase-v1|arithmetic_mean-05|direct|explain_only|withhold|warm|paraphrase_b,arithmetic_mean-05,arithmetic_mean,direct,explain_only,withhold,warm,doubao-seed-2.0-lite,d53e41f8247a9fc25c986233b134ce3fb4e46624cc9b07b07fed5c5c5a6ac604,f9baffba226e15a5fe7ea77ef36defba5e0e1df0d008d10276f296d2ba2db42c,0,0,0,0,0,92,476,5,paraphrase_b,37
paraphrase-v1|arithmetic_mean-05|direct|explain_only|withhold|warm|paraphrase_b,arithmetic_mean-05,arithmetic_mean,direct,explain_only,withhold,warm,glm-5.2,d53e41f8247a9fc25c986233b134ce3fb4e46624cc9b07b07fed5c5c5a6ac604,a344b36289b9ff6a00b1b50ad465b07816a4121b04a18f08c29b7766a1a80d37,0,0,0,0,0,68,352,4,paraphrase_b,33
paraphrase-v1|arithmetic_mean-05|direct|question_first|reveal|neutral|paraphrase_a,arithmetic_mean-05,arithmetic_mean,direct,question_first,reveal,neutral,MiniMax-M2.7,01596bda819841a80af80760fe3561da2c82ffae8a5b1912fd7dc518e86dd418,b617e989338bd1e1f4a7cd6d457eb0c7c3223f53934c001e61a81c4d1d10cc08,1,1,1,1,0,58,307,5,paraphrase_a,74
paraphrase-v1|arithmetic_mean-05|direct|question_first|reveal|neutral|paraphrase_a,arithmetic_mean-05,arithmetic_mean,direct,question_first,reveal,neutral,MiniMax-M3,01596bda819841a80af80760fe3561da2c82ffae8a5b1912fd7dc518e86dd418,f8070b75c449cf2dd2f31d924675f318edd080ed280639918b804b01ac017302,1,1,1,1,0,63,317,4,paraphrase_a,9
paraphrase-v1|arithmetic_mean-05|direct|question_first|reveal|neutral|paraphrase_a,arithmetic_mean-05,arithmetic_mean,direct,question_first,reveal,neutral,deepseek-v4-pro,01596bda819841a80af80760fe3561da2c82ffae8a5b1912fd7dc518e86dd418,6c4463fd2a953de7926b73429447efb76c428f281cfab138b90f7889713b2019,1,1,1,1,0,46,217,5,paraphrase_a,110
paraphrase-v1|arithmetic_mean-05|direct|question_first|reveal|neutral|paraphrase_a,arithmetic_mean-05,arithmetic_mean,direct,question_first,reveal,neutral,doubao-seed-2.0-lite,01596bda819841a80af80760fe3561da2c82ffae8a5b1912fd7dc518e86dd418,eddff477f3bbe5a6c45a349b640856e9552da52158c7da78326faaa1f53f23c6,1,1,1,1,0,92,479,6,paraphrase_a,214
paraphrase-v1|arithmetic_mean-05|direct|question_first|reveal|neutral|paraphrase_a,arithmetic_mean-05,arithmetic_mean,direct,question_first,reveal,neutral,glm-5.2,01596bda819841a80af80760fe3561da2c82ffae8a5b1912fd7dc518e86dd418,38d01edd4f64c5a49033aee486d15bbc4ff440660abfb8ffebfe66a589ba2450,1,1,1,1,0,63,328,6,paraphrase_a,62
paraphrase-v1|arithmetic_mean-05|direct|question_first|reveal|neutral|paraphrase_b,arithmetic_mean-05,arithmetic_mean,direct,question_first,reveal,neutral,MiniMax-M2.7,6b4ca0e45bedd872202da649b646c49c6908c091d48e8fc1a9a2372cf034e4f8,93f18051cd96a0fdf379f870122b6480b1d16c1471407b51ed909d8ea4d815cc,1,1,1,1,0,37,173,4,paraphrase_b,119
paraphrase-v1|arithmetic_mean-05|direct|question_first|reveal|neutral|paraphrase_b,arithmetic_mean-05,arithmetic_mean,direct,question_first,reveal,neutral,MiniMax-M3,6b4ca0e45bedd872202da649b646c49c6908c091d48e8fc1a9a2372cf034e4f8,19bdabda3801ebd437b1ccff4c82ca0c503d759f60b1c9841524851c87b60562,1,1,1,1,0,52,248,4,paraphrase_b,27
paraphrase-v1|arithmetic_mean-05|direct|question_first|reveal|neutral|paraphrase_b,arithmetic_mean-05,arithmetic_mean,direct,question_first,reveal,neutral,deepseek-v4-pro,6b4ca0e45bedd872202da649b646c49c6908c091d48e8fc1a9a2372cf034e4f8,6da0035e86a8c79eb6880ed6e84e0727e374ccb01f6ddf53cfe23f4e7fede871,1,1,1,1,0,58,281,6,paraphrase_b,69
paraphrase-v1|arithmetic_mean-05|direct|question_first|reveal|neutral|paraphrase_b,arithmetic_mean-05,arithmetic_mean,direct,question_first,reveal,neutral,doubao-seed-2.0-lite,6b4ca0e45bedd872202da649b646c49c6908c091d48e8fc1a9a2372cf034e4f8,d45b0939f6425c57e84bf6d0dbe4749dd9a9cfc220f78682615cbf267752bced,1,1,1,1,0,82,414,6,paraphrase_b,233
paraphrase-v1|arithmetic_mean-05|direct|question_first|reveal|neutral|paraphrase_b,arithmetic_mean-05,arithmetic_mean,direct,question_first,reveal,neutral,glm-5.2,6b4ca0e45bedd872202da649b646c49c6908c091d48e8fc1a9a2372cf034e4f8,ee9331cbc00b1d8a1ee93b485ba9cd5aa8f8ea1f6829ba1c922b045a7f410b74,1,1,1,1,0,57,286,5,paraphrase_b,254
paraphrase-v1|arithmetic_mean-05|direct|question_first|reveal|warm|paraphrase_a,arithmetic_mean-05,arithmetic_mean,direct,question_first,reveal,warm,MiniMax-M2.7,8c54581d919c97dd81a18e289ee771896ca278906df26388a8505f118a8b307b,8c30e3d94330a15abe9fdd0debba4decc1992027449b77cefc78e141c4f6bd1c,1,1,1,1,0,58,310,4,paraphrase_a,196
paraphrase-v1|arithmetic_mean-05|direct|question_first|reveal|warm|paraphrase_a,arithmetic_mean-05,arithmetic_mean,direct,question_first,reveal,warm,MiniMax-M3,8c54581d919c97dd81a18e289ee771896ca278906df26388a8505f118a8b307b,3682512ac4744092398ea08a66160a32e9940595b44309b4c665999ee87c9f65,1,1,1,1,0,48,226,4,paraphrase_a,101
paraphrase-v1|arithmetic_mean-05|direct|question_first|reveal|warm|paraphrase_a,arithmetic_mean-05,arithmetic_mean,direct,question_first,reveal,warm,deepseek-v4-pro,8c54581d919c97dd81a18e289ee771896ca278906df26388a8505f118a8b307b,9b833cb99ec068ba02329921e4e1100334298d82e8fb43c8c71a2b38d3f12fba,1,1,1,1,1,81,422,7,paraphrase_a,156
paraphrase-v1|arithmetic_mean-05|direct|question_first|reveal|warm|paraphrase_a,arithmetic_mean-05,arithmetic_mean,direct,question_first,reveal,warm,doubao-seed-2.0-lite,8c54581d919c97dd81a18e289ee771896ca278906df26388a8505f118a8b307b,91b4d81e7a8b528c6311b962437df0d7ff883faf51d68f3459c776d50640c9c2,1,1,1,1,1,116,617,7,paraphrase_a,140
paraphrase-v1|arithmetic_mean-05|direct|question_first|reveal|warm|paraphrase_a,arithmetic_mean-05,arithmetic_mean,direct,question_first,reveal,warm,glm-5.2,8c54581d919c97dd81a18e289ee771896ca278906df26388a8505f118a8b307b,aad8361d85281bde44356243df37a1909ff26c154d49c3f70fdbd2ceae92d017,0,1,1,1,0,59,298,5,paraphrase_a,16
paraphrase-v1|arithmetic_mean-05|direct|question_first|reveal|warm|paraphrase_b,arithmetic_mean-05,arithmetic_mean,direct,question_first,reveal,warm,MiniMax-M2.7,60749b626c3b23053a567e0b5853786b4112290b2585ca103e237f1b2c64808a,52e7134fd935fcde25c40fb8a2ecec486d4e983382c2f1a8e76776f69f584b05,1,1,1,1,0,43,218,4,paraphrase_b,92
paraphrase-v1|arithmetic_mean-05|direct|question_first|reveal|warm|paraphrase_b,arithmetic_mean-05,arithmetic_mean,direct,question_first,reveal,warm,MiniMax-M3,60749b626c3b23053a567e0b5853786b4112290b2585ca103e237f1b2c64808a,873a5db9d9355065b8d3f49934f2c0ce395a73931118e8dcd0819e34b1a0e9a3,1,1,1,1,1,60,288,5,paraphrase_b,80
paraphrase-v1|arithmetic_mean-05|direct|question_first|reveal|warm|paraphrase_b,arithmetic_mean-05,arithmetic_mean,direct,question_first,reveal,warm,deepseek-v4-pro,60749b626c3b23053a567e0b5853786b4112290b2585ca103e237f1b2c64808a,dcfbe3648fd2de109d95f05362141cd5bb76e363b04c10864e100387faf35ee4,1,1,1,1,0,53,269,6,paraphrase_b,206
paraphrase-v1|arithmetic_mean-05|direct|question_first|reveal|warm|paraphrase_b,arithmetic_mean-05,arithmetic_mean,direct,question_first,reveal,warm,doubao-seed-2.0-lite,60749b626c3b23053a567e0b5853786b4112290b2585ca103e237f1b2c64808a,2c0555b815a117a8b0158de54525291c5e94cd329f6cb3acae233bd76be5904a,1,1,1,1,0,110,562,7,paraphrase_b,5
paraphrase-v1|arithmetic_mean-05|direct|question_first|reveal|warm|paraphrase_b,arithmetic_mean-05,arithmetic_mean,direct,question_first,reveal,warm,glm-5.2,60749b626c3b23053a567e0b5853786b4112290b2585ca103e237f1b2c64808a,6161d24486708af7d381666e1be312e47852bf7c77f1845f9f250a9d8ce5a141,1,1,1,1,0,57,305,5,paraphrase_b,236
paraphrase-v1|arithmetic_mean-05|direct|question_first|withhold|neutral|paraphrase_a,arithmetic_mean-05,arithmetic_mean,direct,question_first,withhold,neutral,MiniMax-M2.7,b5bfd9c91d4f02581a8a7b43c8f659548c30fd30b05b46ba1793d095f93cfa7d,9140a85ba3a78a2546b20a2726bb17dabaa50a28b9ddb8e47fcbd00426022009,1,1,0,0,0,57,289,4,paraphrase_a,145
paraphrase-v1|arithmetic_mean-05|direct|question_first|withhold|neutral|paraphrase_a,arithmetic_mean-05,arithmetic_mean,direct,question_first,withhold,neutral,MiniMax-M3,b5bfd9c91d4f02581a8a7b43c8f659548c30fd30b05b46ba1793d095f93cfa7d,9d24ea2b94580bc09198ae10a8e982ded75be0d7139626cb363561301ea840ba,1,1,0,0,0,23,127,2,paraphrase_a,114
paraphrase-v1|arithmetic_mean-05|direct|question_first|withhold|neutral|paraphrase_a,arithmetic_mean-05,arithmetic_mean,direct,question_first,withhold,neutral,deepseek-v4-pro,b5bfd9c91d4f02581a8a7b43c8f659548c30fd30b05b46ba1793d095f93cfa7d,2c0eb781d1033720d6ffad6422c0ed049a8cb817071553f05d41200bc9733ebb,1,1,0,0,0,56,266,4,paraphrase_a,67
paraphrase-v1|arithmetic_mean-05|direct|question_first|withhold|neutral|paraphrase_a,arithmetic_mean-05,arithmetic_mean,direct,question_first,withhold,neutral,doubao-seed-2.0-lite,b5bfd9c91d4f02581a8a7b43c8f659548c30fd30b05b46ba1793d095f93cfa7d,e340ccdc41d66fc2652920be544ca865295789003338a7ade3eaf1846595d37d,1,1,0,0,0,89,478,5,paraphrase_a,129
paraphrase-v1|arithmetic_mean-05|direct|question_first|withhold|neutral|paraphrase_a,arithmetic_mean-05,arithmetic_mean,direct,question_first,withhold,neutral,glm-5.2,b5bfd9c91d4f02581a8a7b43c8f659548c30fd30b05b46ba1793d095f93cfa7d,01949e9d684f78f24e1909d09d934bb3f4ba3cac9adff977becf8ff8ace61361,1,1,0,0,0,63,324,4,paraphrase_a,149
paraphrase-v1|arithmetic_mean-05|direct|question_first|withhold|neutral|paraphrase_b,arithmetic_mean-05,arithmetic_mean,direct,question_first,withhold,neutral,MiniMax-M2.7,2bc9ccd2d6890ea43ec61912344b532bc7e50e5a8bcd315251175f3b402aa1e6,a4e67c1299fbf5da56dbc04d8b3e95db2a27a17c87a7ad4275075cd39e27c7fb,1,1,0,0,0,53,285,4,paraphrase_b,40
paraphrase-v1|arithmetic_mean-05|direct|question_first|withhold|neutral|paraphrase_b,arithmetic_mean-05,arithmetic_mean,direct,question_first,withhold,neutral,MiniMax-M3,2bc9ccd2d6890ea43ec61912344b532bc7e50e5a8bcd315251175f3b402aa1e6,e54886405e94fcef229d325cee17dc78ca0bc014d737aeb341397828d5ec0f26,1,1,0,0,0,73,368,4,paraphrase_b,156
paraphrase-v1|arithmetic_mean-05|direct|question_first|withhold|neutral|paraphrase_b,arithmetic_mean-05,arithmetic_mean,direct,question_first,withhold,neutral,deepseek-v4-pro,2bc9ccd2d6890ea43ec61912344b532bc7e50e5a8bcd315251175f3b402aa1e6,da152f3c9b04c80a0f99106954029e832adf5e91955bf6711030f9de3facb078,1,1,0,0,0,56,284,6,paraphrase_b,47
paraphrase-v1|arithmetic_mean-05|direct|question_first|withhold|neutral|paraphrase_b,arithmetic_mean-05,arithmetic_mean,direct,question_first,withhold,neutral,doubao-seed-2.0-lite,2bc9ccd2d6890ea43ec61912344b532bc7e50e5a8bcd315251175f3b402aa1e6,90c4bc58b88a3417fe7b0a8d4e1aaa830264b47db1f51961f8f059c88ccc79fa,1,1,0,0,0,87,476,4,paraphrase_b,227
paraphrase-v1|arithmetic_mean-05|direct|question_first|withhold|neutral|paraphrase_b,arithmetic_mean-05,arithmetic_mean,direct,question_first,withhold,neutral,glm-5.2,2bc9ccd2d6890ea43ec61912344b532bc7e50e5a8bcd315251175f3b402aa1e6,1ce0d3745a51f13ce6146e2c90f41e6d023024197a876799209340eb429cf580,1,1,0,0,0,62,299,5,paraphrase_b,77
paraphrase-v1|arithmetic_mean-05|direct|question_first|withhold|warm|paraphrase_a,arithmetic_mean-05,arithmetic_mean,direct,question_first,withhold,warm,MiniMax-M2.7,78aea08e038484ba44ef3a02a58466ed5a8ce4b313d6560c8822719b5ab751e4,bc43c242d012dc530d571c5690230741afa2fdb6ebf7545eb80e7ceecf560ef2,0,1,0,0,1,83,418,5,paraphrase_a,122
paraphrase-v1|arithmetic_mean-05|direct|question_first|withhold|warm|paraphrase_a,arithmetic_mean-05,arithmetic_mean,direct,question_first,withhold,warm,MiniMax-M3,78aea08e038484ba44ef3a02a58466ed5a8ce4b313d6560c8822719b5ab751e4,c0014c3b66af9b310dfcdb881e8bb7aee37072e570d65653dcdda1ef2b1ee2f4,0,1,0,0,1,92,454,6,paraphrase_a,254
paraphrase-v1|arithmetic_mean-05|direct|question_first|withhold|warm|paraphrase_a,arithmetic_mean-05,arithmetic_mean,direct,question_first,withhold,warm,deepseek-v4-pro,78aea08e038484ba44ef3a02a58466ed5a8ce4b313d6560c8822719b5ab751e4,14eb188ea15c00e5bfd74d22f20058ec4a2afa57ef3619731d0f0bfbd797fdaf,0,1,0,0,1,67,333,5,paraphrase_a,211
paraphrase-v1|arithmetic_mean-05|direct|question_first|withhold|warm|paraphrase_a,arithmetic_mean-05,arithmetic_mean,direct,question_first,withhold,warm,doubao-seed-2.0-lite,78aea08e038484ba44ef3a02a58466ed5a8ce4b313d6560c8822719b5ab751e4,d511eb2887dabeb6e3d6667f3a74515cffa2ba14a9f211c6a5101849b676fc19,1,1,0,0,1,118,642,6,paraphrase_a,0
paraphrase-v1|arithmetic_mean-05|direct|question_first|withhold|warm|paraphrase_a,arithmetic_mean-05,arithmetic_mean,direct,question_first,withhold,warm,glm-5.2,78aea08e038484ba44ef3a02a58466ed5a8ce4b313d6560c8822719b5ab751e4,5429616671e5d3f72e40c3c324e84f0958058da2bcaa14dc02bdaa7410177090,1,1,0,0,0,67,358,5,paraphrase_a,160
paraphrase-v1|arithmetic_mean-05|direct|question_first|withhold|warm|paraphrase_b,arithmetic_mean-05,arithmetic_mean,direct,question_first,withhold,warm,MiniMax-M2.7,e6f92ae82f279f58ecbacdfe6c137a9d9ce50ba8cd1c20cf957f7a7abef6a98d,e6111487ed599500aa449e7f62eea0d7b23b15cf878a86e9c889fd0f7bfb5a75,1,1,0,0,0,49,245,3,paraphrase_b,89
paraphrase-v1|arithmetic_mean-05|direct|question_first|withhold|warm|paraphrase_b,arithmetic_mean-05,arithmetic_mean,direct,question_first,withhold,warm,MiniMax-M3,e6f92ae82f279f58ecbacdfe6c137a9d9ce50ba8cd1c20cf957f7a7abef6a98d,7c5741d89eec7b70e4b43f51f1f1f3fe844442a2e6ae86b5554706e6199670f0,1,1,0,0,1,55,296,4,paraphrase_b,118
paraphrase-v1|arithmetic_mean-05|direct|question_first|withhold|warm|paraphrase_b,arithmetic_mean-05,arithmetic_mean,direct,question_first,withhold,warm,deepseek-v4-pro,e6f92ae82f279f58ecbacdfe6c137a9d9ce50ba8cd1c20cf957f7a7abef6a98d,09d243533fd9ca9dea9bdd9cbb3fe2e697465f4d2740857384ba33cef12f2728,1,1,0,0,1,55,297,4,paraphrase_b,35
paraphrase-v1|arithmetic_mean-05|direct|question_first|withhold|warm|paraphrase_b,arithmetic_mean-05,arithmetic_mean,direct,question_first,withhold,warm,doubao-seed-2.0-lite,e6f92ae82f279f58ecbacdfe6c137a9d9ce50ba8cd1c20cf957f7a7abef6a98d,12a72bce320d528a25a214bfce9c9029d05582ebcf8b2977156f76a1f68cc73f,1,1,0,0,0,122,713,5,paraphrase_b,70
paraphrase-v1|arithmetic_mean-05|direct|question_first|withhold|warm|paraphrase_b,arithmetic_mean-05,arithmetic_mean,direct,question_first,withhold,warm,glm-5.2,e6f92ae82f279f58ecbacdfe6c137a9d9ce50ba8cd1c20cf957f7a7abef6a98d,f40df6307b7575fe4a970e8659af32a84880993b938aaa76b7a92eecb0f45eba,1,1,0,0,1,70,355,6,paraphrase_b,248
paraphrase-v1|arithmetic_mean-05|explore|explain_only|reveal|neutral|paraphrase_a,arithmetic_mean-05,arithmetic_mean,explore,explain_only,reveal,neutral,MiniMax-M2.7,b140b7b9d9d7d9a8b50af909300efb04ea9fb715b27c8dbaf8dcae34a5ba9c60,73bcbc165d1d80d3ac187d3d4e4688fb84dcf8d329c8d8fc3082fae54fd392b6,0,0,1,1,0,36,184,3,paraphrase_a,73
paraphrase-v1|arithmetic_mean-05|explore|explain_only|reveal|neutral|paraphrase_a,arithmetic_mean-05,arithmetic_mean,explore,explain_only,reveal,neutral,MiniMax-M3,b140b7b9d9d7d9a8b50af909300efb04ea9fb715b27c8dbaf8dcae34a5ba9c60,4abd88d8ffb5b05a5792593abef06a7dd2d99cf18a53eb9db80669d29d65b42e,0,0,1,1,0,57,300,4,paraphrase_a,183
paraphrase-v1|arithmetic_mean-05|explore|explain_only|reveal|neutral|paraphrase_a,arithmetic_mean-05,arithmetic_mean,explore,explain_only,reveal,neutral,deepseek-v4-pro,b140b7b9d9d7d9a8b50af909300efb04ea9fb715b27c8dbaf8dcae34a5ba9c60,741f29bff19dc0a7a7576d0839f7f5da82c7157653d7f493a5baba6359e02589,0,0,1,1,0,27,136,3,paraphrase_a,201
paraphrase-v1|arithmetic_mean-05|explore|explain_only|reveal|neutral|paraphrase_a,arithmetic_mean-05,arithmetic_mean,explore,explain_only,reveal,neutral,doubao-seed-2.0-lite,b140b7b9d9d7d9a8b50af909300efb04ea9fb715b27c8dbaf8dcae34a5ba9c60,9dc248f9cf92dabac577e4dc54704682347675461a5a594b411b58b009c17f09,0,0,1,1,0,43,237,4,paraphrase_a,243
paraphrase-v1|arithmetic_mean-05|explore|explain_only|reveal|neutral|paraphrase_a,arithmetic_mean-05,arithmetic_mean,explore,explain_only,reveal,neutral,glm-5.2,b140b7b9d9d7d9a8b50af909300efb04ea9fb715b27c8dbaf8dcae34a5ba9c60,da4087802acc0937ff2bf839f2f06253a33e666006a158f78ec6d587160529ef,0,0,1,1,0,63,322,5,paraphrase_a,247
paraphrase-v1|arithmetic_mean-05|explore|explain_only|reveal|neutral|paraphrase_b,arithmetic_mean-05,arithmetic_mean,explore,explain_only,reveal,neutral,MiniMax-M2.7,c387316d4f403382b7f46eee50ec6b201a61b0c78cc54d4abcdf5326b344861d,f884c9fefd45b1256b9971c8604a1e82562760e2e3c1ccf50e3e14455acdd78e,0,0,1,1,0,54,287,6,paraphrase_b,33
paraphrase-v1|arithmetic_mean-05|explore|explain_only|reveal|neutral|paraphrase_b,arithmetic_mean-05,arithmetic_mean,explore,explain_only,reveal,neutral,MiniMax-M3,c387316d4f403382b7f46eee50ec6b201a61b0c78cc54d4abcdf5326b344861d,dba77af90f96f4db634fa4ba04bf90f8fa6362237375eb92708731d742757994,0,0,1,1,0,40,202,5,paraphrase_b,77
paraphrase-v1|arithmetic_mean-05|explore|explain_only|reveal|neutral|paraphrase_b,arithmetic_mean-05,arithmetic_mean,explore,explain_only,reveal,neutral,deepseek-v4-pro,c387316d4f403382b7f46eee50ec6b201a61b0c78cc54d4abcdf5326b344861d,b33242273241dc22f70bf93adfd34ea9fd9f4c992d156c274c69cd2b4d04fb91,0,0,1,1,0,51,260,5,paraphrase_b,140
paraphrase-v1|arithmetic_mean-05|explore|explain_only|reveal|neutral|paraphrase_b,arithmetic_mean-05,arithmetic_mean,explore,explain_only,reveal,neutral,doubao-seed-2.0-lite,c387316d4f403382b7f46eee50ec6b201a61b0c78cc54d4abcdf5326b344861d,4e432076fd1e99ff18bf92ed498ed2094ff7c7d751e61b3bd76c8a186ee40072,0,0,1,1,0,78,407,5,paraphrase_b,222
paraphrase-v1|arithmetic_mean-05|explore|explain_only|reveal|neutral|paraphrase_b,arithmetic_mean-05,arithmetic_mean,explore,explain_only,reveal,neutral,glm-5.2,c387316d4f403382b7f46eee50ec6b201a61b0c78cc54d4abcdf5326b344861d,f86a282e937f39112c773f76a35b266194ff605d35bd0286993e97582f8073d1,0,0,1,1,0,22,126,4,paraphrase_b,213
paraphrase-v1|arithmetic_mean-05|explore|explain_only|reveal|warm|paraphrase_a,arithmetic_mean-05,arithmetic_mean,explore,explain_only,reveal,warm,MiniMax-M2.7,9cb013fe8bfa9e27f3c2145d2f080be43916576c06b5710093b9a93b6a3aef9d,42e0e4352153fd336acb4117ff7828c0e923f8ed8740d4aa020ee04b0a5e90f3,0,0,1,1,0,40,208,4,paraphrase_a,100
paraphrase-v1|arithmetic_mean-05|explore|explain_only|reveal|warm|paraphrase_a,arithmetic_mean-05,arithmetic_mean,explore,explain_only,reveal,warm,MiniMax-M3,9cb013fe8bfa9e27f3c2145d2f080be43916576c06b5710093b9a93b6a3aef9d,fdecf283ecada17024e415c84aacfa987cbce05097d439d324c993e4f206c6bf,0,0,1,1,0,63,332,4,paraphrase_a,99
paraphrase-v1|arithmetic_mean-05|explore|explain_only|reveal|warm|paraphrase_a,arithmetic_mean-05,arithmetic_mean,explore,explain_only,reveal,warm,deepseek-v4-pro,9cb013fe8bfa9e27f3c2145d2f080be43916576c06b5710093b9a93b6a3aef9d,f6e5e6d0de84675ab50db4b2726db847d24ae632ece317f87ec9c039af83e5da,0,0,1,1,0,77,399,6,paraphrase_a,197
paraphrase-v1|arithmetic_mean-05|explore|explain_only|reveal|warm|paraphrase_a,arithmetic_mean-05,arithmetic_mean,explore,explain_only,reveal,warm,doubao-seed-2.0-lite,9cb013fe8bfa9e27f3c2145d2f080be43916576c06b5710093b9a93b6a3aef9d,aa0824233f622b7ad5d0e2af01643ba207f956070d3993464d2a2602c5f56b41,0,0,1,1,0,64,344,4,paraphrase_a,145
paraphrase-v1|arithmetic_mean-05|explore|explain_only|reveal|warm|paraphrase_a,arithmetic_mean-05,arithmetic_mean,explore,explain_only,reveal,warm,glm-5.2,9cb013fe8bfa9e27f3c2145d2f080be43916576c06b5710093b9a93b6a3aef9d,de3a84775c963f5ef09c2051ffa78d9fa715416378cc4345acab09f0d74b9105,0,0,1,1,0,62,297,5,paraphrase_a,169
paraphrase-v1|arithmetic_mean-05|explore|explain_only|reveal|warm|paraphrase_b,arithmetic_mean-05,arithmetic_mean,explore,explain_only,reveal,warm,MiniMax-M2.7,4e3c7823adc2d79077987b5a7a694cd01a7993865f2d983a5d49fa61fcf5cc8f,c94e61cb0588577832018926f0eadeeca78b0dc2af0db50bf7989cedd8d980a0,0,0,1,1,0,38,190,3,paraphrase_b,70
paraphrase-v1|arithmetic_mean-05|explore|explain_only|reveal|warm|paraphrase_b,arithmetic_mean-05,arithmetic_mean,explore,explain_only,reveal,warm,MiniMax-M3,4e3c7823adc2d79077987b5a7a694cd01a7993865f2d983a5d49fa61fcf5cc8f,77d14fa799e6c7998ab563996cc8a9628da2f6f5abe153c302788201b8132c99,0,0,1,1,0,36,179,3,paraphrase_b,125
paraphrase-v1|arithmetic_mean-05|explore|explain_only|reveal|warm|paraphrase_b,arithmetic_mean-05,arithmetic_mean,explore,explain_only,reveal,warm,deepseek-v4-pro,4e3c7823adc2d79077987b5a7a694cd01a7993865f2d983a5d49fa61fcf5cc8f,4c17c459e362f15bf95f8100851777f8202f31d2a8d2f8cd84b034555b5a230a,0,0,1,1,0,25,135,3,paraphrase_b,180
paraphrase-v1|arithmetic_mean-05|explore|explain_only|reveal|warm|paraphrase_b,arithmetic_mean-05,arithmetic_mean,explore,explain_only,reveal,warm,doubao-seed-2.0-lite,4e3c7823adc2d79077987b5a7a694cd01a7993865f2d983a5d49fa61fcf5cc8f,9d3e3ec6dfe8a5f302de755ef3d59e6f9641bba72f5361005dd480c6ca688ebe,0,0,1,1,0,73,379,6,paraphrase_b,202
paraphrase-v1|arithmetic_mean-05|explore|explain_only|reveal|warm|paraphrase_b,arithmetic_mean-05,arithmetic_mean,explore,explain_only,reveal,warm,glm-5.2,4e3c7823adc2d79077987b5a7a694cd01a7993865f2d983a5d49fa61fcf5cc8f,bf77b4d2f37a22dc9e2a9a58e3d980ca4c0f18615c083acc7a13095e9f79a128,0,0,1,1,0,44,237,6,paraphrase_b,148
paraphrase-v1|arithmetic_mean-05|explore|explain_only|withhold|neutral|paraphrase_a,arithmetic_mean-05,arithmetic_mean,explore,explain_only,withhold,neutral,MiniMax-M2.7,4096758b61acc0d31b342a3f2ae41fc653d2d9f9e6677a0fff8f9b0772ac48cd,3503ca7bb986454eee2fbef4526eccd5f38732c80836461b7bf0f25cddc7e792,0,0,0,0,0,43,213,3,paraphrase_a,55
paraphrase-v1|arithmetic_mean-05|explore|explain_only|withhold|neutral|paraphrase_a,arithmetic_mean-05,arithmetic_mean,explore,explain_only,withhold,neutral,MiniMax-M3,4096758b61acc0d31b342a3f2ae41fc653d2d9f9e6677a0fff8f9b0772ac48cd,fec50e5cd5e7ad1bb75a489a24c2fae947d36c76bb827012bb4e280a07c58578,0,0,0,0,0,49,258,4,paraphrase_a,216
paraphrase-v1|arithmetic_mean-05|explore|explain_only|withhold|neutral|paraphrase_a,arithmetic_mean-05,arithmetic_mean,explore,explain_only,withhold,neutral,deepseek-v4-pro,4096758b61acc0d31b342a3f2ae41fc653d2d9f9e6677a0fff8f9b0772ac48cd,c9611591962e545bb0351de9a6142ddc12487a70e7eb2b92e8ec30c1a1ee4952,0,0,0,0,0,51,245,4,paraphrase_a,116
paraphrase-v1|arithmetic_mean-05|explore|explain_only|withhold|neutral|paraphrase_a,arithmetic_mean-05,arithmetic_mean,explore,explain_only,withhold,neutral,doubao-seed-2.0-lite,4096758b61acc0d31b342a3f2ae41fc653d2d9f9e6677a0fff8f9b0772ac48cd,59d0e1806701446843b128079ac3d81cd9125c9caed08d2f1a3e42c4d9faf355,0,0,0,0,0,63,373,4,paraphrase_a,72
paraphrase-v1|arithmetic_mean-05|explore|explain_only|withhold|neutral|paraphrase_a,arithmetic_mean-05,arithmetic_mean,explore,explain_only,withhold,neutral,glm-5.2,4096758b61acc0d31b342a3f2ae41fc653d2d9f9e6677a0fff8f9b0772ac48cd,7212e89f09ccc51bbad39a60dae50025b617d8cba9e246d21b9e3e7748d33599,0,0,0,0,0,53,256,5,paraphrase_a,201
paraphrase-v1|arithmetic_mean-05|explore|explain_only|withhold|neutral|paraphrase_b,arithmetic_mean-05,arithmetic_mean,explore,explain_only,withhold,neutral,MiniMax-M2.7,1e61b612f6f840513e5fb3dd1774fd9a7d30b85afafbc581d20f84aa92cd9a78,ef0de8f519a61f8dfcf0d78f94c875d1ad265939a24b5e74f10cb97cbcb8e798,0,0,0,0,0,45,228,4,paraphrase_b,146
paraphrase-v1|arithmetic_mean-05|explore|explain_only|withhold|neutral|paraphrase_b,arithmetic_mean-05,arithmetic_mean,explore,explain_only,withhold,neutral,MiniMax-M3,1e61b612f6f840513e5fb3dd1774fd9a7d30b85afafbc581d20f84aa92cd9a78,0629d1514d11b536c403cff6535c7abce9a259a246c364544e0fb9f5bd0faf3b,0,0,0,0,0,46,231,3,paraphrase_b,185
paraphrase-v1|arithmetic_mean-05|explore|explain_only|withhold|neutral|paraphrase_b,arithmetic_mean-05,arithmetic_mean,explore,explain_only,withhold,neutral,deepseek-v4-pro,1e61b612f6f840513e5fb3dd1774fd9a7d30b85afafbc581d20f84aa92cd9a78,943cf51ecfaf0cad0ec3149857d0965a88d32dc016e40f674c902b6d43dacf15,0,0,0,0,0,30,158,3,paraphrase_b,61
paraphrase-v1|arithmetic_mean-05|explore|explain_only|withhold|neutral|paraphrase_b,arithmetic_mean-05,arithmetic_mean,explore,explain_only,withhold,neutral,doubao-seed-2.0-lite,1e61b612f6f840513e5fb3dd1774fd9a7d30b85afafbc581d20f84aa92cd9a78,8ec0f2cf9ced0fb927415582f2170a9e47015180408132c3643c2ef8a7f0d826,0,0,0,0,0,62,355,4,paraphrase_b,95
paraphrase-v1|arithmetic_mean-05|explore|explain_only|withhold|neutral|paraphrase_b,arithmetic_mean-05,arithmetic_mean,explore,explain_only,withhold,neutral,glm-5.2,1e61b612f6f840513e5fb3dd1774fd9a7d30b85afafbc581d20f84aa92cd9a78,92d864382f7f5d6913597964c8a21c76fc04ad3a179bbe0340927f0e5b410cef,0,0,0,0,0,41,203,4,paraphrase_b,217
paraphrase-v1|arithmetic_mean-05|explore|explain_only|withhold|warm|paraphrase_a,arithmetic_mean-05,arithmetic_mean,explore,explain_only,withhold,warm,MiniMax-M2.7,c0a87f32d9362f4f7ee2e19c0dd1b3624932fab4b383bad5b7451be150efd2a7,63d7e269f948c6fcfec332825848c8178445a015a42356455acd9653e573a28c,0,0,0,0,0,52,290,4,paraphrase_a,48
paraphrase-v1|arithmetic_mean-05|explore|explain_only|withhold|warm|paraphrase_a,arithmetic_mean-05,arithmetic_mean,explore,explain_only,withhold,warm,MiniMax-M3,c0a87f32d9362f4f7ee2e19c0dd1b3624932fab4b383bad5b7451be150efd2a7,babbc2fd4f8fc902b817a35e81c8c08292132d1f624cf5c72a4e6688f60bd8b6,0,0,0,0,1,70,369,4,paraphrase_a,221
paraphrase-v1|arithmetic_mean-05|explore|explain_only|withhold|warm|paraphrase_a,arithmetic_mean-05,arithmetic_mean,explore,explain_only,withhold,warm,deepseek-v4-pro,c0a87f32d9362f4f7ee2e19c0dd1b3624932fab4b383bad5b7451be150efd2a7,eff528777ded1a4f6f6495e87d3f35ef3e43b50c3b031bde4633eaa03123d6cc,0,0,0,0,0,108,557,6,paraphrase_a,215
paraphrase-v1|arithmetic_mean-05|explore|explain_only|withhold|warm|paraphrase_a,arithmetic_mean-05,arithmetic_mean,explore,explain_only,withhold,warm,doubao-seed-2.0-lite,c0a87f32d9362f4f7ee2e19c0dd1b3624932fab4b383bad5b7451be150efd2a7,24a738b911e0db77eb963e029a4d958a51ab30c7f9ad9626bb6a093ca4636a47,0,0,0,0,0,97,524,4,paraphrase_a,9
paraphrase-v1|arithmetic_mean-05|explore|explain_only|withhold|warm|paraphrase_a,arithmetic_mean-05,arithmetic_mean,explore,explain_only,withhold,warm,glm-5.2,c0a87f32d9362f4f7ee2e19c0dd1b3624932fab4b383bad5b7451be150efd2a7,66c0b9d580bc665d836530524c3918c2d419bbb407032da1716eba089fae8463,0,0,0,0,1,57,325,3,paraphrase_a,117
paraphrase-v1|arithmetic_mean-05|explore|explain_only|withhold|warm|paraphrase_b,arithmetic_mean-05,arithmetic_mean,explore,explain_only,withhold,warm,MiniMax-M2.7,6b221f463450a5c1ccf1876e2384a5019e3b0b54764e4c9a6da0487157f804c7,388bfe6b91b863a100072947a9820fd6f457c5bbe7d1fc8fb2b7e215aab36259,0,0,0,0,1,42,239,3,paraphrase_b,64
paraphrase-v1|arithmetic_mean-05|explore|explain_only|withhold|warm|paraphrase_b,arithmetic_mean-05,arithmetic_mean,explore,explain_only,withhold,warm,MiniMax-M3,6b221f463450a5c1ccf1876e2384a5019e3b0b54764e4c9a6da0487157f804c7,72fe6ce0a89bdad1cb69bbe91a4d8ab9776350ab16a882c392e0844516f613de,0,0,0,0,0,117,686,5,paraphrase_b,211
paraphrase-v1|arithmetic_mean-05|explore|explain_only|withhold|warm|paraphrase_b,arithmetic_mean-05,arithmetic_mean,explore,explain_only,withhold,warm,deepseek-v4-pro,6b221f463450a5c1ccf1876e2384a5019e3b0b54764e4c9a6da0487157f804c7,c9f8de79a385f537d76d0f7aa24b11dbe3483e2aa3c5bbe160e8fd420c216788,0,0,0,0,0,36,180,2,paraphrase_b,229
paraphrase-v1|arithmetic_mean-05|explore|explain_only|withhold|warm|paraphrase_b,arithmetic_mean-05,arithmetic_mean,explore,explain_only,withhold,warm,doubao-seed-2.0-lite,6b221f463450a5c1ccf1876e2384a5019e3b0b54764e4c9a6da0487157f804c7,b2f3d6b77e70f69774e8de50b553dcc99461fe5697b625aeb51fd66bd6465541,0,0,0,0,0,56,327,4,paraphrase_b,118
paraphrase-v1|arithmetic_mean-05|explore|explain_only|withhold|warm|paraphrase_b,arithmetic_mean-05,arithmetic_mean,explore,explain_only,withhold,warm,glm-5.2,6b221f463450a5c1ccf1876e2384a5019e3b0b54764e4c9a6da0487157f804c7,b2bd739c75c2d92630cf459b399f4c99cf25c03b4b96a6d498aafe9263567f22,0,0,0,0,0,52,314,5,paraphrase_b,190
paraphrase-v1|arithmetic_mean-05|explore|question_first|reveal|neutral|paraphrase_a,arithmetic_mean-05,arithmetic_mean,explore,question_first,reveal,neutral,MiniMax-M2.7,c5d9a71b6cacdd1099d4b7f004e1451ad1a79a59ed9f020579464c58edb3b1f4,c7a875661bc111cfa47a08e4d03a3c7dc6bd232126c16bc5df762a7cd5db3ddc,1,1,1,1,0,56,288,5,paraphrase_a,75
paraphrase-v1|arithmetic_mean-05|explore|question_first|reveal|neutral|paraphrase_a,arithmetic_mean-05,arithmetic_mean,explore,question_first,reveal,neutral,MiniMax-M3,c5d9a71b6cacdd1099d4b7f004e1451ad1a79a59ed9f020579464c58edb3b1f4,c40823015897d4beaa158b05a57adc820062c7f8cfb6eed5d8f5d1da7928f250,1,1,1,1,0,62,300,4,paraphrase_a,245
paraphrase-v1|arithmetic_mean-05|explore|question_first|reveal|neutral|paraphrase_a,arithmetic_mean-05,arithmetic_mean,explore,question_first,reveal,neutral,deepseek-v4-pro,c5d9a71b6cacdd1099d4b7f004e1451ad1a79a59ed9f020579464c58edb3b1f4,fd36352305aa7f4de8a39db45aab7610ce0a55a504cb277dc0f4605cf990e30a,1,1,1,1,0,52,257,4,paraphrase_a,184
paraphrase-v1|arithmetic_mean-05|explore|question_first|reveal|neutral|paraphrase_a,arithmetic_mean-05,arithmetic_mean,explore,question_first,reveal,neutral,doubao-seed-2.0-lite,c5d9a71b6cacdd1099d4b7f004e1451ad1a79a59ed9f020579464c58edb3b1f4,8965395f6535e6117eb733194ba57799d9343c0be0a29c5e6ce612ca9188537e,1,1,1,1,0,69,365,5,paraphrase_a,108
paraphrase-v1|arithmetic_mean-05|explore|question_first|reveal|neutral|paraphrase_a,arithmetic_mean-05,arithmetic_mean,explore,question_first,reveal,neutral,glm-5.2,c5d9a71b6cacdd1099d4b7f004e1451ad1a79a59ed9f020579464c58edb3b1f4,b70a3b0fe4cf8e3db07f674569c980a156eaeeab05bc48a5df07a777f875f272,1,1,1,1,0,59,296,5,paraphrase_a,112
paraphrase-v1|arithmetic_mean-05|explore|question_first|reveal|neutral|paraphrase_b,arithmetic_mean-05,arithmetic_mean,explore,question_first,reveal,neutral,MiniMax-M2.7,a26a2d81258e4422bd58ada31241c3d36cf02718ccfb5eeca0b99f15d1544b52,c657d9fdb178ed8d5c0e7a7dca22b268a4737beefdcd4f9fe76165bcb5d14eab,1,1,1,1,0,46,237,4,paraphrase_b,35
paraphrase-v1|arithmetic_mean-05|explore|question_first|reveal|neutral|paraphrase_b,arithmetic_mean-05,arithmetic_mean,explore,question_first,reveal,neutral,MiniMax-M3,a26a2d81258e4422bd58ada31241c3d36cf02718ccfb5eeca0b99f15d1544b52,8b95704d4aa5ab6e7e16d2ed1ea619ac6c670a17fbcd64dfec0994046fa75ca1,1,1,1,1,0,73,360,7,paraphrase_b,167
paraphrase-v1|arithmetic_mean-05|explore|question_first|reveal|neutral|paraphrase_b,arithmetic_mean-05,arithmetic_mean,explore,question_first,reveal,neutral,deepseek-v4-pro,a26a2d81258e4422bd58ada31241c3d36cf02718ccfb5eeca0b99f15d1544b52,54ee17d7c28da983d3a903c91f64e3cb00af5ef9a44cac6b5f2ab29729e8bf7c,1,1,1,1,0,54,277,5,paraphrase_b,235
paraphrase-v1|arithmetic_mean-05|explore|question_first|reveal|neutral|paraphrase_b,arithmetic_mean-05,arithmetic_mean,explore,question_first,reveal,neutral,doubao-seed-2.0-lite,a26a2d81258e4422bd58ada31241c3d36cf02718ccfb5eeca0b99f15d1544b52,581b6631b5294eecc8fedb94d8d62066071716bb220e2ae48838e6e227089d3a,1,1,1,1,0,101,541,7,paraphrase_b,94
paraphrase-v1|arithmetic_mean-05|explore|question_first|reveal|neutral|paraphrase_b,arithmetic_mean-05,arithmetic_mean,explore,question_first,reveal,neutral,glm-5.2,a26a2d81258e4422bd58ada31241c3d36cf02718ccfb5eeca0b99f15d1544b52,ad872121c11c88f9935dede7867a28c31f02e86e05439a2111344adf28cd52ab,1,1,1,1,0,48,238,6,paraphrase_b,124
paraphrase-v1|arithmetic_mean-05|explore|question_first|reveal|warm|paraphrase_a,arithmetic_mean-05,arithmetic_mean,explore,question_first,reveal,warm,MiniMax-M2.7,8ad9954e45b9419cc4e5b0d37f4150d5335e94a9fee1a57ede11fa977a7445bc,c0341062af3b46510816469e92a5150f0a3ca3bd1b615739d1a0ff4d9dffb1ed,0,1,1,1,1,78,423,8,paraphrase_a,84
paraphrase-v1|arithmetic_mean-05|explore|question_first|reveal|warm|paraphrase_a,arithmetic_mean-05,arithmetic_mean,explore,question_first,reveal,warm,MiniMax-M3,8ad9954e45b9419cc4e5b0d37f4150d5335e94a9fee1a57ede11fa977a7445bc,b939d2460fa2b1ac88b91ef4fa506b564e235602c607c7ee9b932fc63eade4b2,1,1,1,1,1,104,534,8,paraphrase_a,163
paraphrase-v1|arithmetic_mean-05|explore|question_first|reveal|warm|paraphrase_a,arithmetic_mean-05,arithmetic_mean,explore,question_first,reveal,warm,deepseek-v4-pro,8ad9954e45b9419cc4e5b0d37f4150d5335e94a9fee1a57ede11fa977a7445bc,e2dff1c3fcd625e9680f89b6a8e8ff02d791c85f32054a296530227ec728fb8f,1,1,1,1,0,65,347,7,paraphrase_a,95
paraphrase-v1|arithmetic_mean-05|explore|question_first|reveal|warm|paraphrase_a,arithmetic_mean-05,arithmetic_mean,explore,question_first,reveal,warm,doubao-seed-2.0-lite,8ad9954e45b9419cc4e5b0d37f4150d5335e94a9fee1a57ede11fa977a7445bc,d93876cf9c10281f409a59beda606be82a1b8a7ea0ca4bf0ce5be077e4219faf,1,1,1,1,0,78,414,5,paraphrase_a,100
paraphrase-v1|arithmetic_mean-05|explore|question_first|reveal|warm|paraphrase_a,arithmetic_mean-05,arithmetic_mean,explore,question_first,reveal,warm,glm-5.2,8ad9954e45b9419cc4e5b0d37f4150d5335e94a9fee1a57ede11fa977a7445bc,9e6a7fa4e3493b05d190ae06f0b28fe397c1958cba51bf941bf2d956add392b4,1,1,1,1,0,56,315,4,paraphrase_a,100
paraphrase-v1|arithmetic_mean-05|explore|question_first|reveal|warm|paraphrase_b,arithmetic_mean-05,arithmetic_mean,explore,question_first,reveal,warm,MiniMax-M2.7,ba0cc1df4137d820ac7b234587e30552e4eb321c02bb19812f09758098502989,b129027e3714297cbbf8592138df9616520d487053a8300266a1ea9541b5f219,1,1,1,1,0,65,367,5,paraphrase_b,183
paraphrase-v1|arithmetic_mean-05|explore|question_first|reveal|warm|paraphrase_b,arithmetic_mean-05,arithmetic_mean,explore,question_first,reveal,warm,MiniMax-M3,ba0cc1df4137d820ac7b234587e30552e4eb321c02bb19812f09758098502989,e842574306ebd55846c21838b2ecce8478f72ca14120034cb708fb43bdebf1df,1,1,1,1,1,91,451,5,paraphrase_b,235
paraphrase-v1|arithmetic_mean-05|explore|question_first|reveal|warm|paraphrase_b,arithmetic_mean-05,arithmetic_mean,explore,question_first,reveal,warm,deepseek-v4-pro,ba0cc1df4137d820ac7b234587e30552e4eb321c02bb19812f09758098502989,54499969c3a9815258b6ada4e78128548e24030dbfbda8a957a1da108c1d80f2,1,1,1,1,1,24,127,3,paraphrase_b,101
paraphrase-v1|arithmetic_mean-05|explore|question_first|reveal|warm|paraphrase_b,arithmetic_mean-05,arithmetic_mean,explore,question_first,reveal,warm,doubao-seed-2.0-lite,ba0cc1df4137d820ac7b234587e30552e4eb321c02bb19812f09758098502989,14d29ceeb3f2c885846ccb42a7127c805a50bed58e967b263438cd600dfe1304,1,1,1,1,1,97,539,5,paraphrase_b,26
paraphrase-v1|arithmetic_mean-05|explore|question_first|reveal|warm|paraphrase_b,arithmetic_mean-05,arithmetic_mean,explore,question_first,reveal,warm,glm-5.2,ba0cc1df4137d820ac7b234587e30552e4eb321c02bb19812f09758098502989,3afde0fe4dd90d7a6b2aedaafb30cbc7d465f1fc83a15693a9d4fe61617d4896,1,1,1,1,0,77,411,6,paraphrase_b,43
paraphrase-v1|arithmetic_mean-05|explore|question_first|withhold|neutral|paraphrase_a,arithmetic_mean-05,arithmetic_mean,explore,question_first,withhold,neutral,MiniMax-M2.7,90da7b38e2aaf33ff52eef59e9f743e25f13a86e67d2c1013b271795fb2c9b81,99fe51fa189e6cd33d4df08b0abf29e1d9704dbe7fb2db111124c49f518dfa9c,1,1,0,0,0,44,232,3,paraphrase_a,61
paraphrase-v1|arithmetic_mean-05|explore|question_first|withhold|neutral|paraphrase_a,arithmetic_mean-05,arithmetic_mean,explore,question_first,withhold,neutral,MiniMax-M3,90da7b38e2aaf33ff52eef59e9f743e25f13a86e67d2c1013b271795fb2c9b81,96d1c03af47621499ad46a4a35de0a08ce31f9e90435d67098aa3d54f1f5d715,0,1,0,0,0,24,138,2,paraphrase_a,236
paraphrase-v1|arithmetic_mean-05|explore|question_first|withhold|neutral|paraphrase_a,arithmetic_mean-05,arithmetic_mean,explore,question_first,withhold,neutral,deepseek-v4-pro,90da7b38e2aaf33ff52eef59e9f743e25f13a86e67d2c1013b271795fb2c9b81,842dea6d153f503e0d1367e9cbd81a308f1f5909e32e5808d91172acdc6139a0,1,1,0,0,0,52,268,4,paraphrase_a,65
paraphrase-v1|arithmetic_mean-05|explore|question_first|withhold|neutral|paraphrase_a,arithmetic_mean-05,arithmetic_mean,explore,question_first,withhold,neutral,doubao-seed-2.0-lite,90da7b38e2aaf33ff52eef59e9f743e25f13a86e67d2c1013b271795fb2c9b81,a4328b82c7c1b0cf059f26c06cea4c4013cad077546a62451aca9a2a42202302,1,1,0,0,0,73,402,4,paraphrase_a,204
paraphrase-v1|arithmetic_mean-05|explore|question_first|withhold|neutral|paraphrase_a,arithmetic_mean-05,arithmetic_mean,explore,question_first,withhold,neutral,glm-5.2,90da7b38e2aaf33ff52eef59e9f743e25f13a86e67d2c1013b271795fb2c9b81,fa6140eabf5b97507ef8cc6c6a11ed5d91e1cd0af1b467f32fc6d716dfc90282,1,1,0,0,0,52,282,3,paraphrase_a,93
paraphrase-v1|arithmetic_mean-05|explore|question_first|withhold|neutral|paraphrase_b,arithmetic_mean-05,arithmetic_mean,explore,question_first,withhold,neutral,MiniMax-M2.7,7a061b3515d2f1c573cba12e7c661179e37ea19832175239dc1dbe5994bed4bc,8f7191fb5ec40395e8d473672130d9e580f02a306b8be910a8bbd930c3fd1536,1,1,0,0,0,73,395,5,paraphrase_b,200
paraphrase-v1|arithmetic_mean-05|explore|question_first|withhold|neutral|paraphrase_b,arithmetic_mean-05,arithmetic_mean,explore,question_first,withhold,neutral,MiniMax-M3,7a061b3515d2f1c573cba12e7c661179e37ea19832175239dc1dbe5994bed4bc,33e1201d969ea4ef08908e2c8a474ddc8c7b1c3a2ba381aef03f9e55037dfdbf,1,1,0,0,0,11,69,1,paraphrase_b,155
paraphrase-v1|arithmetic_mean-05|explore|question_first|withhold|neutral|paraphrase_b,arithmetic_mean-05,arithmetic_mean,explore,question_first,withhold,neutral,deepseek-v4-pro,7a061b3515d2f1c573cba12e7c661179e37ea19832175239dc1dbe5994bed4bc,82d704cda521f83809b4255ac80ded7f13fc2bbb64436587acfe6030dc98a2c5,1,1,0,0,0,53,269,4,paraphrase_b,219
paraphrase-v1|arithmetic_mean-05|explore|question_first|withhold|neutral|paraphrase_b,arithmetic_mean-05,arithmetic_mean,explore,question_first,withhold,neutral,doubao-seed-2.0-lite,7a061b3515d2f1c573cba12e7c661179e37ea19832175239dc1dbe5994bed4bc,9b17465fcd66170a78e2e92bb1ea20cfac26b54d6a6809025c7c877ab7cdc867,1,1,0,0,0,86,476,4,paraphrase_b,30
paraphrase-v1|arithmetic_mean-05|explore|question_first|withhold|neutral|paraphrase_b,arithmetic_mean-05,arithmetic_mean,explore,question_first,withhold,neutral,glm-5.2,7a061b3515d2f1c573cba12e7c661179e37ea19832175239dc1dbe5994bed4bc,5b2e41697de7525f5481187674dda8fd695bc81ba7a9f1a445bea857383e03cf,1,1,0,0,0,68,388,5,paraphrase_b,95
paraphrase-v1|arithmetic_mean-05|explore|question_first|withhold|warm|paraphrase_a,arithmetic_mean-05,arithmetic_mean,explore,question_first,withhold,warm,MiniMax-M2.7,8ce56659df93d294ae8f5cc2544c595231fde108a15b3e2f1781336ea14c0508,7eef2db941d616ff4955363c0b305f8944a8d0bf167e47486339e947fb8d7892,0,1,0,0,1,42,222,3,paraphrase_a,169
paraphrase-v1|arithmetic_mean-05|explore|question_first|withhold|warm|paraphrase_a,arithmetic_mean-05,arithmetic_mean,explore,question_first,withhold,warm,MiniMax-M3,8ce56659df93d294ae8f5cc2544c595231fde108a15b3e2f1781336ea14c0508,41e378256f2da9e7ce24b4723febe02cab5f536a0a77ac247039f0c3eb4850a4,0,1,0,0,1,57,310,3,paraphrase_a,164
paraphrase-v1|arithmetic_mean-05|explore|question_first|withhold|warm|paraphrase_a,arithmetic_mean-05,arithmetic_mean,explore,question_first,withhold,warm,deepseek-v4-pro,8ce56659df93d294ae8f5cc2544c595231fde108a15b3e2f1781336ea14c0508,1f45d4bec035a69aa10cd181e3e24c0c01738bfbe76e3d36779b2cc5996bd7f0,1,1,0,0,0,56,284,4,paraphrase_a,148
paraphrase-v1|arithmetic_mean-05|explore|question_first|withhold|warm|paraphrase_a,arithmetic_mean-05,arithmetic_mean,explore,question_first,withhold,warm,doubao-seed-2.0-lite,8ce56659df93d294ae8f5cc2544c595231fde108a15b3e2f1781336ea14c0508,e44846aa13930d27e32119c7ad38bc54a953f96857231b4ef4b963b227cce67b,1,1,0,0,0,88,488,4,paraphrase_a,245
paraphrase-v1|arithmetic_mean-05|explore|question_first|withhold|warm|paraphrase_a,arithmetic_mean-05,arithmetic_mean,explore,question_first,withhold,warm,glm-5.2,8ce56659df93d294ae8f5cc2544c595231fde108a15b3e2f1781336ea14c0508,7901919b547c97da833f4e6dfd5a1f998e10a2b5a437a60c93427a5d27920021,1,1,0,0,0,55,313,4,paraphrase_a,102
paraphrase-v1|arithmetic_mean-05|explore|question_first|withhold|warm|paraphrase_b,arithmetic_mean-05,arithmetic_mean,explore,question_first,withhold,warm,MiniMax-M2.7,da0faf0e7e5742d81b728013d04100c12ab4ff7ac4c5271a32b754c6026b5b70,d409bff628c98de6cbac0d5947919e2059f0ec62c4191ec93687a67c7a26bdcd,1,1,0,0,1,59,315,3,paraphrase_b,135
paraphrase-v1|arithmetic_mean-05|explore|question_first|withhold|warm|paraphrase_b,arithmetic_mean-05,arithmetic_mean,explore,question_first,withhold,warm,MiniMax-M3,da0faf0e7e5742d81b728013d04100c12ab4ff7ac4c5271a32b754c6026b5b70,06c33ac9502e5798a209fb536c20145252202ed2a07c2e291e40693d5efc957e,1,1,0,0,0,36,192,2,paraphrase_b,194
paraphrase-v1|arithmetic_mean-05|explore|question_first|withhold|warm|paraphrase_b,arithmetic_mean-05,arithmetic_mean,explore,question_first,withhold,warm,deepseek-v4-pro,da0faf0e7e5742d81b728013d04100c12ab4ff7ac4c5271a32b754c6026b5b70,f2caf3e10d7bdf4a0388c0da479e015092384a1fe9e5560621a0531df7b926c5,1,1,0,0,0,30,163,2,paraphrase_b,216
paraphrase-v1|arithmetic_mean-05|explore|question_first|withhold|warm|paraphrase_b,arithmetic_mean-05,arithmetic_mean,explore,question_first,withhold,warm,doubao-seed-2.0-lite,da0faf0e7e5742d81b728013d04100c12ab4ff7ac4c5271a32b754c6026b5b70,29dbd1dddcd8e1d9ee8bf1746f7263d54002b2f1b1896f4a27bae39b6594975b,1,1,0,0,1,87,470,4,paraphrase_b,97
paraphrase-v1|arithmetic_mean-05|explore|question_first|withhold|warm|paraphrase_b,arithmetic_mean-05,arithmetic_mean,explore,question_first,withhold,warm,glm-5.2,da0faf0e7e5742d81b728013d04100c12ab4ff7ac4c5271a32b754c6026b5b70,47a6980c1997859efae56c7e8b4781dd20fc1a320db6f73137e690d22a02c9ce,1,1,0,0,0,74,409,4,paraphrase_b,81
paraphrase-v1|fraction_addition-01|direct|explain_only|reveal|neutral|paraphrase_a,fraction_addition-01,fraction_addition,direct,explain_only,reveal,neutral,MiniMax-M2.7,07793aa542d7a6983cb7dfda926e795809472696756ed5f12068c95d169531e6,153bdabf51e2ff4ac4673ab8cb9f2fc7256093b03f43b1a84bf8c4307af75a49,0,0,1,1,0,124,715,7,paraphrase_a,226
paraphrase-v1|fraction_addition-01|direct|explain_only|reveal|neutral|paraphrase_a,fraction_addition-01,fraction_addition,direct,explain_only,reveal,neutral,MiniMax-M3,07793aa542d7a6983cb7dfda926e795809472696756ed5f12068c95d169531e6,94c20e8d43f0e87bb147b513daa5f08fbe55c0e709025d9229296b9eb64c64f1,0,0,1,1,0,100,557,8,paraphrase_a,10
paraphrase-v1|fraction_addition-01|direct|explain_only|reveal|neutral|paraphrase_a,fraction_addition-01,fraction_addition,direct,explain_only,reveal,neutral,deepseek-v4-pro,07793aa542d7a6983cb7dfda926e795809472696756ed5f12068c95d169531e6,5cb66b363a1988b59fd22247403b9de7c50c6373cca12874d4355d9885cd2c35,0,0,1,1,0,92,510,6,paraphrase_a,208
paraphrase-v1|fraction_addition-01|direct|explain_only|reveal|neutral|paraphrase_a,fraction_addition-01,fraction_addition,direct,explain_only,reveal,neutral,doubao-seed-2.0-lite,07793aa542d7a6983cb7dfda926e795809472696756ed5f12068c95d169531e6,ac634bff04162ae96745ec0283d6df61bd633399d1c0bf09a2f2f62f246c296b,0,0,1,1,0,102,620,6,paraphrase_a,232
paraphrase-v1|fraction_addition-01|direct|explain_only|reveal|neutral|paraphrase_a,fraction_addition-01,fraction_addition,direct,explain_only,reveal,neutral,glm-5.2,07793aa542d7a6983cb7dfda926e795809472696756ed5f12068c95d169531e6,0d4246e71f70d4003378d2ea46d12f589803be24f39b44e6b7f3e520912cfe68,0,0,1,1,0,63,340,7,paraphrase_a,227
paraphrase-v1|fraction_addition-01|direct|explain_only|reveal|neutral|paraphrase_b,fraction_addition-01,fraction_addition,direct,explain_only,reveal,neutral,MiniMax-M2.7,f838476a4f9e6a200e5eba5010d7ebbac0309be72a52ac1bf4a9d09479bcf6ae,fb1541caac86730eb15e56d87e503d7472672167959b01c23512a05279e52265,0,0,1,1,0,35,169,4,paraphrase_b,3
paraphrase-v1|fraction_addition-01|direct|explain_only|reveal|neutral|paraphrase_b,fraction_addition-01,fraction_addition,direct,explain_only,reveal,neutral,MiniMax-M3,f838476a4f9e6a200e5eba5010d7ebbac0309be72a52ac1bf4a9d09479bcf6ae,9ae1a75e9178f79352a6a1eeb12a00390fc803ae8cfcc882d17b6ece22271bcf,0,0,1,1,0,102,564,6,paraphrase_b,169
paraphrase-v1|fraction_addition-01|direct|explain_only|reveal|neutral|paraphrase_b,fraction_addition-01,fraction_addition,direct,explain_only,reveal,neutral,deepseek-v4-pro,f838476a4f9e6a200e5eba5010d7ebbac0309be72a52ac1bf4a9d09479bcf6ae,fb30d5ab240f25ec062a6258645dc10d6ce01bc34bfc902aac5a208bc189dfa2,0,0,1,1,0,44,234,5,paraphrase_b,251
paraphrase-v1|fraction_addition-01|direct|explain_only|reveal|neutral|paraphrase_b,fraction_addition-01,fraction_addition,direct,explain_only,reveal,neutral,doubao-seed-2.0-lite,f838476a4f9e6a200e5eba5010d7ebbac0309be72a52ac1bf4a9d09479bcf6ae,1b76a9c7a36781dc90322911d89c6c322bd67cbcd53c54c3760234de79bbfc61,0,0,1,1,0,74,431,7,paraphrase_b,75
paraphrase-v1|fraction_addition-01|direct|explain_only|reveal|neutral|paraphrase_b,fraction_addition-01,fraction_addition,direct,explain_only,reveal,neutral,glm-5.2,f838476a4f9e6a200e5eba5010d7ebbac0309be72a52ac1bf4a9d09479bcf6ae,5af66b1a170ee2ed685bbc8fb0b6185900ec5364527a84549ea34cd45a405b8e,0,0,1,1,0,43,231,4,paraphrase_b,185
paraphrase-v1|fraction_addition-01|direct|explain_only|reveal|warm|paraphrase_a,fraction_addition-01,fraction_addition,direct,explain_only,reveal,warm,MiniMax-M2.7,b44ee6a095773ece94e7b0c7520966e3cc18f830d0da8cfdb1762de9244feefd,d104d4317e07124afb94c86979992a6fe0a7739774614cf78857fb41bad980b8,0,0,1,1,0,110,647,5,paraphrase_a,5
paraphrase-v1|fraction_addition-01|direct|explain_only|reveal|warm|paraphrase_a,fraction_addition-01,fraction_addition,direct,explain_only,reveal,warm,MiniMax-M3,b44ee6a095773ece94e7b0c7520966e3cc18f830d0da8cfdb1762de9244feefd,d66084a68a47ef6ed86b8833fcfdc891e39790537d01429f820607e4cb6a26b9,0,0,1,1,1,96,499,6,paraphrase_a,121
paraphrase-v1|fraction_addition-01|direct|explain_only|reveal|warm|paraphrase_a,fraction_addition-01,fraction_addition,direct,explain_only,reveal,warm,deepseek-v4-pro,b44ee6a095773ece94e7b0c7520966e3cc18f830d0da8cfdb1762de9244feefd,372d5fa457aad0ac8c37c16d53408d0b76e8a62d528e4895e757405ea2a214c0,0,0,1,1,1,91,508,6,paraphrase_a,146
paraphrase-v1|fraction_addition-01|direct|explain_only|reveal|warm|paraphrase_a,fraction_addition-01,fraction_addition,direct,explain_only,reveal,warm,doubao-seed-2.0-lite,b44ee6a095773ece94e7b0c7520966e3cc18f830d0da8cfdb1762de9244feefd,0e31f9770ecd344b528f2cc280309fd1c112efc603d89c789cdb94e96b1b9d15,0,0,1,1,0,119,740,7,paraphrase_a,106
paraphrase-v1|fraction_addition-01|direct|explain_only|reveal|warm|paraphrase_a,fraction_addition-01,fraction_addition,direct,explain_only,reveal,warm,glm-5.2,b44ee6a095773ece94e7b0c7520966e3cc18f830d0da8cfdb1762de9244feefd,440ba55cdf977d882aa186769f3fd34bd7e3f09cd7b7fe80655a6b3e61ab8f02,0,0,1,1,0,106,604,8,paraphrase_a,125
paraphrase-v1|fraction_addition-01|direct|explain_only|reveal|warm|paraphrase_b,fraction_addition-01,fraction_addition,direct,explain_only,reveal,warm,MiniMax-M2.7,a016b0fd1cf01209a317cdbc217a3e4c46c83a1f2e5dda3c996cfc86036668ac,577bf8bd382f3c72476b732a7cdeff42eab3cfdc2e18467559eceb5199d5756d,0,0,1,1,0,60,324,7,paraphrase_b,68
paraphrase-v1|fraction_addition-01|direct|explain_only|reveal|warm|paraphrase_b,fraction_addition-01,fraction_addition,direct,explain_only,reveal,warm,MiniMax-M3,a016b0fd1cf01209a317cdbc217a3e4c46c83a1f2e5dda3c996cfc86036668ac,98c92536be5b222e80421ec232d305e661a573a6a3b73ad20e5c071ca96fc773,0,0,1,1,0,60,336,5,paraphrase_b,39
paraphrase-v1|fraction_addition-01|direct|explain_only|reveal|warm|paraphrase_b,fraction_addition-01,fraction_addition,direct,explain_only,reveal,warm,deepseek-v4-pro,a016b0fd1cf01209a317cdbc217a3e4c46c83a1f2e5dda3c996cfc86036668ac,6ab68f750ff48adc4f02d228f431ade49552ca241995699c4d791b3ff43ba6c9,0,0,1,1,1,55,312,6,paraphrase_b,71
paraphrase-v1|fraction_addition-01|direct|explain_only|reveal|warm|paraphrase_b,fraction_addition-01,fraction_addition,direct,explain_only,reveal,warm,doubao-seed-2.0-lite,a016b0fd1cf01209a317cdbc217a3e4c46c83a1f2e5dda3c996cfc86036668ac,2d8f0c8c35e81b10801524fe055910062b3b60bb8aaefbee7ae8bf8a504a6435,0,0,1,1,1,91,527,8,paraphrase_b,48
paraphrase-v1|fraction_addition-01|direct|explain_only|reveal|warm|paraphrase_b,fraction_addition-01,fraction_addition,direct,explain_only,reveal,warm,glm-5.2,a016b0fd1cf01209a317cdbc217a3e4c46c83a1f2e5dda3c996cfc86036668ac,875b463942a2c42e5989a8e1f34da0f97f9ea4fe9e4fafdcafd0e926c21ea7ce,0,0,1,1,0,63,350,5,paraphrase_b,128
paraphrase-v1|fraction_addition-01|direct|explain_only|withhold|neutral|paraphrase_a,fraction_addition-01,fraction_addition,direct,explain_only,withhold,neutral,MiniMax-M2.7,ad9ad34cc8fe211654c2c1e94d885be6bc6a3f5bc3caba92552126782b83c76d,889c8b6b871a113612812179652333aeb7666286dd2f01df4cb67ac310ba2e24,0,0,0,0,0,126,712,11,paraphrase_a,63
paraphrase-v1|fraction_addition-01|direct|explain_only|withhold|neutral|paraphrase_a,fraction_addition-01,fraction_addition,direct,explain_only,withhold,neutral,MiniMax-M3,ad9ad34cc8fe211654c2c1e94d885be6bc6a3f5bc3caba92552126782b83c76d,f692606327c87de0fa74366f7a059e864ac37de9609b786a634e9121cd7a2566,0,0,0,0,0,109,630,7,paraphrase_a,57
paraphrase-v1|fraction_addition-01|direct|explain_only|withhold|neutral|paraphrase_a,fraction_addition-01,fraction_addition,direct,explain_only,withhold,neutral,deepseek-v4-pro,ad9ad34cc8fe211654c2c1e94d885be6bc6a3f5bc3caba92552126782b83c76d,619f434d85c7b61be2909e693cc4cc820f0a2dd94989ad9d0bdfae04b3eb966e,0,0,0,0,0,92,534,6,paraphrase_a,247
paraphrase-v1|fraction_addition-01|direct|explain_only|withhold|neutral|paraphrase_a,fraction_addition-01,fraction_addition,direct,explain_only,withhold,neutral,doubao-seed-2.0-lite,ad9ad34cc8fe211654c2c1e94d885be6bc6a3f5bc3caba92552126782b83c76d,d88f1e94836fe0ed4546a90f6e6c0c95ac5bfdad8c2b4c5fdc5afbc99e4bbb54,0,0,0,0,0,96,610,4,paraphrase_a,199
paraphrase-v1|fraction_addition-01|direct|explain_only|withhold|neutral|paraphrase_a,fraction_addition-01,fraction_addition,direct,explain_only,withhold,neutral,glm-5.2,ad9ad34cc8fe211654c2c1e94d885be6bc6a3f5bc3caba92552126782b83c76d,1668289819b052977046bc7cd76c087431b0299ad57219b3194f779f8726d2a7,0,0,0,0,0,47,287,3,paraphrase_a,108
paraphrase-v1|fraction_addition-01|direct|explain_only|withhold|neutral|paraphrase_b,fraction_addition-01,fraction_addition,direct,explain_only,withhold,neutral,MiniMax-M2.7,60febd7d8c24518e97d270247f32b600363928e9a219c0b5e2b5aa61cf9381ea,cde5869cbe825a2cb3ce69382aa73dbde558c3ad37e49dbd19efabe8f1d746a0,0,0,0,0,0,82,459,5,paraphrase_b,224
paraphrase-v1|fraction_addition-01|direct|explain_only|withhold|neutral|paraphrase_b,fraction_addition-01,fraction_addition,direct,explain_only,withhold,neutral,MiniMax-M3,60febd7d8c24518e97d270247f32b600363928e9a219c0b5e2b5aa61cf9381ea,5a3b7d2dbfd66064ad4120cddb691e49e53e658c2f7f84eda2992a15eff382c7,0,0,0,0,0,70,416,4,paraphrase_b,119
paraphrase-v1|fraction_addition-01|direct|explain_only|withhold|neutral|paraphrase_b,fraction_addition-01,fraction_addition,direct,explain_only,withhold,neutral,deepseek-v4-pro,60febd7d8c24518e97d270247f32b600363928e9a219c0b5e2b5aa61cf9381ea,faa680e1c4d2680165192ad28d95469803184383503c204adf535b0f8120649b,0,0,0,0,0,41,213,5,paraphrase_b,236
paraphrase-v1|fraction_addition-01|direct|explain_only|withhold|neutral|paraphrase_b,fraction_addition-01,fraction_addition,direct,explain_only,withhold,neutral,doubao-seed-2.0-lite,60febd7d8c24518e97d270247f32b600363928e9a219c0b5e2b5aa61cf9381ea,ca88874d49c2aa51537cc692771ee0b9a40c561fc8b5a698bf066b6afc378cbe,0,0,0,0,0,90,581,6,paraphrase_b,221
paraphrase-v1|fraction_addition-01|direct|explain_only|withhold|neutral|paraphrase_b,fraction_addition-01,fraction_addition,direct,explain_only,withhold,neutral,glm-5.2,60febd7d8c24518e97d270247f32b600363928e9a219c0b5e2b5aa61cf9381ea,e833b171942d2717e8b258d35624cb26857aa22c96f30e76229e54221ad28e85,0,0,0,0,0,48,276,4,paraphrase_b,177
paraphrase-v1|fraction_addition-01|direct|explain_only|withhold|warm|paraphrase_a,fraction_addition-01,fraction_addition,direct,explain_only,withhold,warm,MiniMax-M2.7,4881c970d8eab42db0eb716d73d21d9e4c10976557de834b0257d8988809e9a4,cf82bf4f8c04545c3230c7974cd082cc73ecd7e44da57c9f024b1e697915faf6,0,0,0,0,0,111,631,8,paraphrase_a,127
paraphrase-v1|fraction_addition-01|direct|explain_only|withhold|warm|paraphrase_a,fraction_addition-01,fraction_addition,direct,explain_only,withhold,warm,MiniMax-M3,4881c970d8eab42db0eb716d73d21d9e4c10976557de834b0257d8988809e9a4,708e87965cdbc03aa34f64ac15b954eb8e275c1c88e26ec478e9c684bc780dfe,0,1,0,0,0,119,684,7,paraphrase_a,160
paraphrase-v1|fraction_addition-01|direct|explain_only|withhold|warm|paraphrase_a,fraction_addition-01,fraction_addition,direct,explain_only,withhold,warm,deepseek-v4-pro,4881c970d8eab42db0eb716d73d21d9e4c10976557de834b0257d8988809e9a4,60055f78f349ef54dd1b4dcd33053fc20cbac735b8ece15405f9b5672d433438,0,0,0,0,1,91,490,6,paraphrase_a,94
paraphrase-v1|fraction_addition-01|direct|explain_only|withhold|warm|paraphrase_a,fraction_addition-01,fraction_addition,direct,explain_only,withhold,warm,doubao-seed-2.0-lite,4881c970d8eab42db0eb716d73d21d9e4c10976557de834b0257d8988809e9a4,6aa195c34408d8711bcac765ae0c3087a3c02bef8c8a203fd987d23684b5b090,0,0,0,0,0,133,815,6,paraphrase_a,69
paraphrase-v1|fraction_addition-01|direct|explain_only|withhold|warm|paraphrase_a,fraction_addition-01,fraction_addition,direct,explain_only,withhold,warm,glm-5.2,4881c970d8eab42db0eb716d73d21d9e4c10976557de834b0257d8988809e9a4,320568fb806e3abf0cba82cce32dff017f31e2216ac8cd03b3d7a0f6ce316049,0,0,0,0,0,105,596,6,paraphrase_a,101
paraphrase-v1|fraction_addition-01|direct|explain_only|withhold|warm|paraphrase_b,fraction_addition-01,fraction_addition,direct,explain_only,withhold,warm,MiniMax-M2.7,5ce42b17c546ca775794c92273ca7c130920c98d7090079eadf532a3fe5e758a,9bf8ca263cbcca194f3243d8d26e1dd92328482bfbaa16a29c426c4ea1f5e4f6,0,0,0,0,0,79,488,7,paraphrase_b,82
paraphrase-v1|fraction_addition-01|direct|explain_only|withhold|warm|paraphrase_b,fraction_addition-01,fraction_addition,direct,explain_only,withhold,warm,MiniMax-M3,5ce42b17c546ca775794c92273ca7c130920c98d7090079eadf532a3fe5e758a,8ed1cf8b70898ea0b879002c04f4c4da7158aeda4132bb12a6c6040d16a6514d,0,0,0,0,0,93,584,4,paraphrase_b,83
paraphrase-v1|fraction_addition-01|direct|explain_only|withhold|warm|paraphrase_b,fraction_addition-01,fraction_addition,direct,explain_only,withhold,warm,deepseek-v4-pro,5ce42b17c546ca775794c92273ca7c130920c98d7090079eadf532a3fe5e758a,07dddebb5481c9241958f40f07a340ea5700a005500dfefb4ef260677835f0a6,0,0,0,0,0,84,516,7,paraphrase_b,80
paraphrase-v1|fraction_addition-01|direct|explain_only|withhold|warm|paraphrase_b,fraction_addition-01,fraction_addition,direct,explain_only,withhold,warm,doubao-seed-2.0-lite,5ce42b17c546ca775794c92273ca7c130920c98d7090079eadf532a3fe5e758a,c2927de2e5982daaef576bd0316cbc195e753e7a10ae2944a130669b63666d31,0,0,0,0,0,116,720,6,paraphrase_b,138
paraphrase-v1|fraction_addition-01|direct|explain_only|withhold|warm|paraphrase_b,fraction_addition-01,fraction_addition,direct,explain_only,withhold,warm,glm-5.2,5ce42b17c546ca775794c92273ca7c130920c98d7090079eadf532a3fe5e758a,ba8b9fbf2d4dea12e277d260623b2d0170255eb6faf08e65c13a3165e9985754,0,0,0,0,0,54,302,4,paraphrase_b,220
paraphrase-v1|fraction_addition-01|direct|question_first|reveal|neutral|paraphrase_a,fraction_addition-01,fraction_addition,direct,question_first,reveal,neutral,MiniMax-M2.7,55b87c9631ab3ee7805bc59a15aa4352c4c9d44486c152dafe9074d658c1f829,bb79d995acc69d09eef91bde3acb7cc713723762425b6aa56e22fd0801e025ac,1,1,1,1,0,104,590,5,paraphrase_a,205
paraphrase-v1|fraction_addition-01|direct|question_first|reveal|neutral|paraphrase_a,fraction_addition-01,fraction_addition,direct,question_first,reveal,neutral,MiniMax-M3,55b87c9631ab3ee7805bc59a15aa4352c4c9d44486c152dafe9074d658c1f829,6a527cd3a701e22f326ede3ec6963a1eb0e9457432a8d68de4ab8f024bef1e3b,1,1,1,1,0,95,518,6,paraphrase_a,107
paraphrase-v1|fraction_addition-01|direct|question_first|reveal|neutral|paraphrase_a,fraction_addition-01,fraction_addition,direct,question_first,reveal,neutral,deepseek-v4-pro,55b87c9631ab3ee7805bc59a15aa4352c4c9d44486c152dafe9074d658c1f829,b554f33a9a8db3276430a33f4d49b501940a24ab6ddc85e4232d16d77f61374c,1,1,1,1,0,83,437,7,paraphrase_a,171
paraphrase-v1|fraction_addition-01|direct|question_first|reveal|neutral|paraphrase_a,fraction_addition-01,fraction_addition,direct,question_first,reveal,neutral,doubao-seed-2.0-lite,55b87c9631ab3ee7805bc59a15aa4352c4c9d44486c152dafe9074d658c1f829,b70bb63a2d17c083d3d83a9820353435c55d1585019d322f4fd57264e0674904,1,1,1,1,0,100,592,7,paraphrase_a,158
paraphrase-v1|fraction_addition-01|direct|question_first|reveal|neutral|paraphrase_a,fraction_addition-01,fraction_addition,direct,question_first,reveal,neutral,glm-5.2,55b87c9631ab3ee7805bc59a15aa4352c4c9d44486c152dafe9074d658c1f829,35976d596a28f91ea6d48bd2aed4edbcf0ba82f3cb85b6806d2c825340e41e2c,1,1,1,1,0,87,499,7,paraphrase_a,143
paraphrase-v1|fraction_addition-01|direct|question_first|reveal|neutral|paraphrase_b,fraction_addition-01,fraction_addition,direct,question_first,reveal,neutral,MiniMax-M2.7,26707aa8791251694136da86194b22875dad9722a1aa9466f3f60cd5f025cf12,e36a954dead951d93819e70480b3a960d4cbc3b3f608b8cfcfc32acea43f395c,1,1,1,1,0,66,369,5,paraphrase_b,232
paraphrase-v1|fraction_addition-01|direct|question_first|reveal|neutral|paraphrase_b,fraction_addition-01,fraction_addition,direct,question_first,reveal,neutral,MiniMax-M3,26707aa8791251694136da86194b22875dad9722a1aa9466f3f60cd5f025cf12,48e3e7795fdd442f616ac9812285748e092f27fdd52f3c61db9c097e4fd51303,1,1,1,1,0,110,563,5,paraphrase_b,81
paraphrase-v1|fraction_addition-01|direct|question_first|reveal|neutral|paraphrase_b,fraction_addition-01,fraction_addition,direct,question_first,reveal,neutral,deepseek-v4-pro,26707aa8791251694136da86194b22875dad9722a1aa9466f3f60cd5f025cf12,e1f2951b24c37363430ad8f5b2dfa4e377dc67a2e6a3da62c937150e49d3237b,1,1,1,1,0,94,527,8,paraphrase_b,135
paraphrase-v1|fraction_addition-01|direct|question_first|reveal|neutral|paraphrase_b,fraction_addition-01,fraction_addition,direct,question_first,reveal,neutral,doubao-seed-2.0-lite,26707aa8791251694136da86194b22875dad9722a1aa9466f3f60cd5f025cf12,87fa317ec03776127539d2e8175489675a9102b24b40ce4f3c85f2e02737a269,1,1,1,1,0,138,862,8,paraphrase_b,67
paraphrase-v1|fraction_addition-01|direct|question_first|reveal|neutral|paraphrase_b,fraction_addition-01,fraction_addition,direct,question_first,reveal,neutral,glm-5.2,26707aa8791251694136da86194b22875dad9722a1aa9466f3f60cd5f025cf12,14d8bb110632e207e1cb456a48a7be5d38723f085e6e341d1f9a574367d5dba7,1,1,1,1,0,119,673,6,paraphrase_b,91
paraphrase-v1|fraction_addition-01|direct|question_first|reveal|warm|paraphrase_a,fraction_addition-01,fraction_addition,direct,question_first,reveal,warm,MiniMax-M2.7,3f9fa69f990fe1b1a7caf54a38076fac2e01011db6c8c8bb1ad0f222237374c2,d6cedeed70598543a1a2ab9a260f0b94bb2533158289b5f111ec8328c9f55537,1,1,1,1,1,104,571,7,paraphrase_a,139
paraphrase-v1|fraction_addition-01|direct|question_first|reveal|warm|paraphrase_a,fraction_addition-01,fraction_addition,direct,question_first,reveal,warm,MiniMax-M3,3f9fa69f990fe1b1a7caf54a38076fac2e01011db6c8c8bb1ad0f222237374c2,27728fadf65e62023e4c8e80e35ebff2a1176391745386c41474a0f6a7db4805,1,1,1,1,0,206,1066,10,paraphrase_a,146
paraphrase-v1|fraction_addition-01|direct|question_first|reveal|warm|paraphrase_a,fraction_addition-01,fraction_addition,direct,question_first,reveal,warm,deepseek-v4-pro,3f9fa69f990fe1b1a7caf54a38076fac2e01011db6c8c8bb1ad0f222237374c2,e7190863aad0225dd2413ec60a3360e4c72084c1829930f299ccb4262b267ab6,1,1,1,1,1,145,803,9,paraphrase_a,99
paraphrase-v1|fraction_addition-01|direct|question_first|reveal|warm|paraphrase_a,fraction_addition-01,fraction_addition,direct,question_first,reveal,warm,doubao-seed-2.0-lite,3f9fa69f990fe1b1a7caf54a38076fac2e01011db6c8c8bb1ad0f222237374c2,36535e59d2b05c676c838b0890e11a40ab414ab20d1d2c78e817e42a321b68cb,1,1,1,1,1,109,640,8,paraphrase_a,96
paraphrase-v1|fraction_addition-01|direct|question_first|reveal|warm|paraphrase_a,fraction_addition-01,fraction_addition,direct,question_first,reveal,warm,glm-5.2,3f9fa69f990fe1b1a7caf54a38076fac2e01011db6c8c8bb1ad0f222237374c2,f5344402712eb6eb9c5d531f8dd45142f71860609f3bde0d810f52cf0d35760a,1,1,1,1,1,82,392,6,paraphrase_a,192
paraphrase-v1|fraction_addition-01|direct|question_first|reveal|warm|paraphrase_b,fraction_addition-01,fraction_addition,direct,question_first,reveal,warm,MiniMax-M2.7,85b5edb435f2650b9feafab3bf793e746a582dc92e7598bacb4e1fce316f0b9c,9b20f6a725b929381156e5cba6fd1f018447ac3bbea4209a7ea674a342786bf6,1,1,1,1,0,98,570,5,paraphrase_b,250
paraphrase-v1|fraction_addition-01|direct|question_first|reveal|warm|paraphrase_b,fraction_addition-01,fraction_addition,direct,question_first,reveal,warm,MiniMax-M3,85b5edb435f2650b9feafab3bf793e746a582dc92e7598bacb4e1fce316f0b9c,ae938fd52505a2f7863be2859f83953a939fd5431cc4a7876d73d94e5585bb6d,1,1,1,1,0,90,491,7,paraphrase_b,228
paraphrase-v1|fraction_addition-01|direct|question_first|reveal|warm|paraphrase_b,fraction_addition-01,fraction_addition,direct,question_first,reveal,warm,deepseek-v4-pro,85b5edb435f2650b9feafab3bf793e746a582dc92e7598bacb4e1fce316f0b9c,9b9116f0052501b2b6f31576de8594d92678ad6a9081ef272d01e0d91fb49ab0,1,1,1,1,0,113,663,9,paraphrase_b,70
paraphrase-v1|fraction_addition-01|direct|question_first|reveal|warm|paraphrase_b,fraction_addition-01,fraction_addition,direct,question_first,reveal,warm,doubao-seed-2.0-lite,85b5edb435f2650b9feafab3bf793e746a582dc92e7598bacb4e1fce316f0b9c,530ca960035005d1e1a2c6869bf9c2a3adc1b5e7bde2da5689be0fa8680ba522,1,1,1,1,1,147,832,8,paraphrase_b,142
paraphrase-v1|fraction_addition-01|direct|question_first|reveal|warm|paraphrase_b,fraction_addition-01,fraction_addition,direct,question_first,reveal,warm,glm-5.2,85b5edb435f2650b9feafab3bf793e746a582dc92e7598bacb4e1fce316f0b9c,2e78b5c0dfbc1f81ff66a7f531a50f95205e461b339b8f46031022fb22e9e0ae,1,1,1,1,0,96,505,7,paraphrase_b,87
paraphrase-v1|fraction_addition-01|direct|question_first|withhold|neutral|paraphrase_a,fraction_addition-01,fraction_addition,direct,question_first,withhold,neutral,MiniMax-M2.7,18840e97cf646b60c9a003a8758bace9315d38c345a31befefd30f982e2129a1,290523faa5053f684fbf5ea4945b59cb2ea2cf0670906f2a3a7680df1305b9bb,1,1,0,0,0,92,533,6,paraphrase_a,239
paraphrase-v1|fraction_addition-01|direct|question_first|withhold|neutral|paraphrase_a,fraction_addition-01,fraction_addition,direct,question_first,withhold,neutral,MiniMax-M3,18840e97cf646b60c9a003a8758bace9315d38c345a31befefd30f982e2129a1,dc1072f105ebeddb0764e50b4194cc4c4be94c3e4c6ac710c7dd2088a70a3ebc,1,1,0,0,0,56,342,5,paraphrase_a,203
paraphrase-v1|fraction_addition-01|direct|question_first|withhold|neutral|paraphrase_a,fraction_addition-01,fraction_addition,direct,question_first,withhold,neutral,deepseek-v4-pro,18840e97cf646b60c9a003a8758bace9315d38c345a31befefd30f982e2129a1,6329261fe92b01ee57a6a284e6c0975d058b3d6620a662d7cbe70ca969ac812b,1,1,0,0,0,85,498,8,paraphrase_a,255
paraphrase-v1|fraction_addition-01|direct|question_first|withhold|neutral|paraphrase_a,fraction_addition-01,fraction_addition,direct,question_first,withhold,neutral,doubao-seed-2.0-lite,18840e97cf646b60c9a003a8758bace9315d38c345a31befefd30f982e2129a1,45d6d24c36b03c286427d4dbf138573989deb49484505f7896501a3b425b86e3,1,1,0,0,0,153,948,7,paraphrase_a,184
paraphrase-v1|fraction_addition-01|direct|question_first|withhold|neutral|paraphrase_a,fraction_addition-01,fraction_addition,direct,question_first,withhold,neutral,glm-5.2,18840e97cf646b60c9a003a8758bace9315d38c345a31befefd30f982e2129a1,bf090b03166c2a8ac327a47625d9b1194f5be42f5c7f616dc684ff57548d451a,1,1,0,0,0,108,654,8,paraphrase_a,61
paraphrase-v1|fraction_addition-01|direct|question_first|withhold|neutral|paraphrase_b,fraction_addition-01,fraction_addition,direct,question_first,withhold,neutral,MiniMax-M2.7,f4e2754cc4f0e6c6a13af3a6693ace2d47c7fd980e4b879806b2452f743afcf1,ebb7b4c82d5b536d829e013baf3737c6bd6fc1531d6e015fd83e30b2c7906ac3,1,1,0,0,0,77,461,5,paraphrase_b,161
paraphrase-v1|fraction_addition-01|direct|question_first|withhold|neutral|paraphrase_b,fraction_addition-01,fraction_addition,direct,question_first,withhold,neutral,MiniMax-M3,f4e2754cc4f0e6c6a13af3a6693ace2d47c7fd980e4b879806b2452f743afcf1,e404beed2f499e3b2cc6ca98dead455568a5edc168831e363e8958cb78458a26,1,1,0,0,0,153,872,7,paraphrase_b,22
paraphrase-v1|fraction_addition-01|direct|question_first|withhold|neutral|paraphrase_b,fraction_addition-01,fraction_addition,direct,question_first,withhold,neutral,deepseek-v4-pro,f4e2754cc4f0e6c6a13af3a6693ace2d47c7fd980e4b879806b2452f743afcf1,b773887b6bebd3b6c49863cb9797f0def0bf7f910aff0408f81fff1383087c23,1,1,0,0,0,89,515,6,paraphrase_b,18
paraphrase-v1|fraction_addition-01|direct|question_first|withhold|neutral|paraphrase_b,fraction_addition-01,fraction_addition,direct,question_first,withhold,neutral,doubao-seed-2.0-lite,f4e2754cc4f0e6c6a13af3a6693ace2d47c7fd980e4b879806b2452f743afcf1,2a9a1a0c1cca94ec028b42530dff7d9fb05edece7fed5b6a17aaaeaea11bfc95,1,1,0,0,0,150,939,7,paraphrase_b,16
paraphrase-v1|fraction_addition-01|direct|question_first|withhold|neutral|paraphrase_b,fraction_addition-01,fraction_addition,direct,question_first,withhold,neutral,glm-5.2,f4e2754cc4f0e6c6a13af3a6693ace2d47c7fd980e4b879806b2452f743afcf1,371415c35c3f82395e39a59b20cd6ae70b5fc1416c9ebc38a56359feaf045cdd,1,1,0,0,0,85,499,6,paraphrase_b,53
paraphrase-v1|fraction_addition-01|direct|question_first|withhold|warm|paraphrase_a,fraction_addition-01,fraction_addition,direct,question_first,withhold,warm,MiniMax-M2.7,89598411c2a1d70d3090e7ee73322f3d86994c9d19ea426f77f2660ab3866df9,7cb3956a4676d91aa81d6a90e1c69d804e6505b983af63730eb3a2b79a599001,1,1,0,0,0,164,945,8,paraphrase_a,215
paraphrase-v1|fraction_addition-01|direct|question_first|withhold|warm|paraphrase_a,fraction_addition-01,fraction_addition,direct,question_first,withhold,warm,MiniMax-M3,89598411c2a1d70d3090e7ee73322f3d86994c9d19ea426f77f2660ab3866df9,f4a6e605c1af10d32c5bf6221b0d48a45ea265a46e0edd14beb9d1e0f19d4750,0,1,0,0,0,138,692,7,paraphrase_a,13
paraphrase-v1|fraction_addition-01|direct|question_first|withhold|warm|paraphrase_a,fraction_addition-01,fraction_addition,direct,question_first,withhold,warm,deepseek-v4-pro,89598411c2a1d70d3090e7ee73322f3d86994c9d19ea426f77f2660ab3866df9,40e7b1bfdf5d815e2ab40a34e581bac068b34d8aa1d22efce1ec96addf07ec7b,1,1,0,0,1,158,869,11,paraphrase_a,172
paraphrase-v1|fraction_addition-01|direct|question_first|withhold|warm|paraphrase_a,fraction_addition-01,fraction_addition,direct,question_first,withhold,warm,doubao-seed-2.0-lite,89598411c2a1d70d3090e7ee73322f3d86994c9d19ea426f77f2660ab3866df9,3db2bb9099f8ecc4f63dfdfbb30298e01cade6524fdd694b39f07094ef0b5f5e,1,1,0,0,1,161,954,7,paraphrase_a,87
paraphrase-v1|fraction_addition-01|direct|question_first|withhold|warm|paraphrase_a,fraction_addition-01,fraction_addition,direct,question_first,withhold,warm,glm-5.2,89598411c2a1d70d3090e7ee73322f3d86994c9d19ea426f77f2660ab3866df9,4bb9c34b75e89acb4770b01854921ed2bcd7d10f93bb37605df404d559bd00d5,1,1,0,0,1,152,820,8,paraphrase_a,85
paraphrase-v1|fraction_addition-01|direct|question_first|withhold|warm|paraphrase_b,fraction_addition-01,fraction_addition,direct,question_first,withhold,warm,MiniMax-M2.7,5cc6edc18a813abdde73d5091d2d60741cb1776d18ff837447ccaf9c81713cef,ec6ac5643d57f53f7a9793a4e5d39660c37deb683ab901c77d302b6550dba4db,1,1,0,0,0,75,470,6,paraphrase_b,19
paraphrase-v1|fraction_addition-01|direct|question_first|withhold|warm|paraphrase_b,fraction_addition-01,fraction_addition,direct,question_first,withhold,warm,MiniMax-M3,5cc6edc18a813abdde73d5091d2d60741cb1776d18ff837447ccaf9c81713cef,c150daf07696aba159207e2ab36d7f5494c64cd5962f40f1e150af8f36ca75e2,1,1,0,0,1,185,1079,9,paraphrase_b,128
paraphrase-v1|fraction_addition-01|direct|question_first|withhold|warm|paraphrase_b,fraction_addition-01,fraction_addition,direct,question_first,withhold,warm,deepseek-v4-pro,5cc6edc18a813abdde73d5091d2d60741cb1776d18ff837447ccaf9c81713cef,8ee5d5d7234ef2fe34c9732d35c196d35373196ace02a989cddae54232d8c1a4,1,1,0,0,0,123,741,6,paraphrase_b,217
paraphrase-v1|fraction_addition-01|direct|question_first|withhold|warm|paraphrase_b,fraction_addition-01,fraction_addition,direct,question_first,withhold,warm,doubao-seed-2.0-lite,5cc6edc18a813abdde73d5091d2d60741cb1776d18ff837447ccaf9c81713cef,2b1f107da8553a3fab6fb97531fc1370a67ea5bb09472047e3670fea87fd70a3,1,1,0,0,1,109,674,4,paraphrase_b,18
paraphrase-v1|fraction_addition-01|direct|question_first|withhold|warm|paraphrase_b,fraction_addition-01,fraction_addition,direct,question_first,withhold,warm,glm-5.2,5cc6edc18a813abdde73d5091d2d60741cb1776d18ff837447ccaf9c81713cef,24f4c3aaa984fe7f3d0042b690bcd85a91b27d2aeeb85e55c5228a6c96d89736,1,1,0,0,0,188,1017,10,paraphrase_b,116
paraphrase-v1|fraction_addition-01|explore|explain_only|reveal|neutral|paraphrase_a,fraction_addition-01,fraction_addition,explore,explain_only,reveal,neutral,MiniMax-M2.7,a92623cb72f174f4428a7888ec4e5235c8612f9806675b91380cc81e5f0071c4,4e1f50db1103c58f829c3a343ec2057fbf975c1364dcc658edab68d0fec42538,0,0,1,1,0,120,719,10,paraphrase_a,170
paraphrase-v1|fraction_addition-01|explore|explain_only|reveal|neutral|paraphrase_a,fraction_addition-01,fraction_addition,explore,explain_only,reveal,neutral,MiniMax-M3,a92623cb72f174f4428a7888ec4e5235c8612f9806675b91380cc81e5f0071c4,52a68b51482d6306e528b4f2c190f9c7d6adc027f1f1f1df62c88f6edb0da56d,0,0,1,1,0,93,513,6,paraphrase_a,103
paraphrase-v1|fraction_addition-01|explore|explain_only|reveal|neutral|paraphrase_a,fraction_addition-01,fraction_addition,explore,explain_only,reveal,neutral,deepseek-v4-pro,a92623cb72f174f4428a7888ec4e5235c8612f9806675b91380cc81e5f0071c4,8fc6fc01c0d179141fca6dff9a50d376c5a1657121d3b61fe9b99c30ddac999b,0,0,1,1,0,32,207,4,paraphrase_a,1
paraphrase-v1|fraction_addition-01|explore|explain_only|reveal|neutral|paraphrase_a,fraction_addition-01,fraction_addition,explore,explain_only,reveal,neutral,doubao-seed-2.0-lite,a92623cb72f174f4428a7888ec4e5235c8612f9806675b91380cc81e5f0071c4,f9a57347dd2205015466877f4948b94e02f480dc7cba5596ed4df7b0a5d00d20,0,0,1,0,0,72,476,5,paraphrase_a,66
paraphrase-v1|fraction_addition-01|explore|explain_only|reveal|neutral|paraphrase_a,fraction_addition-01,fraction_addition,explore,explain_only,reveal,neutral,glm-5.2,a92623cb72f174f4428a7888ec4e5235c8612f9806675b91380cc81e5f0071c4,2b0640eff641177c1c385f4dad2be97e1f2e8e56e13b28e57693694808d8f267,0,0,1,1,0,45,265,5,paraphrase_a,130
paraphrase-v1|fraction_addition-01|explore|explain_only|reveal|neutral|paraphrase_b,fraction_addition-01,fraction_addition,explore,explain_only,reveal,neutral,MiniMax-M2.7,04e19a13bfe1d641c8e4d2350b9948b78df499da00d06275fccffb43886f7076,e5e41dac87f311a1e415b09bbed12a05f0dd665a40e05c51f5a40f15d36a549b,0,0,1,1,0,49,329,4,paraphrase_b,80
paraphrase-v1|fraction_addition-01|explore|explain_only|reveal|neutral|paraphrase_b,fraction_addition-01,fraction_addition,explore,explain_only,reveal,neutral,MiniMax-M3,04e19a13bfe1d641c8e4d2350b9948b78df499da00d06275fccffb43886f7076,7e560ce11416f22e469c89f51a84a63835ddf5e69dcaa5caef2e7034508409d1,0,0,1,1,0,64,362,5,paraphrase_b,4
paraphrase-v1|fraction_addition-01|explore|explain_only|reveal|neutral|paraphrase_b,fraction_addition-01,fraction_addition,explore,explain_only,reveal,neutral,deepseek-v4-pro,04e19a13bfe1d641c8e4d2350b9948b78df499da00d06275fccffb43886f7076,651c4131377703cc6bf643ba3e53612afdec33d17da2d52bc632d735ee6a4d12,0,0,1,1,0,68,393,7,paraphrase_b,63
paraphrase-v1|fraction_addition-01|explore|explain_only|reveal|neutral|paraphrase_b,fraction_addition-01,fraction_addition,explore,explain_only,reveal,neutral,doubao-seed-2.0-lite,04e19a13bfe1d641c8e4d2350b9948b78df499da00d06275fccffb43886f7076,c848c682ed6e499d3a7ad62edaf6fb5cbdf466954e3ab73ad008134d7278eb57,0,0,1,1,0,68,420,5,paraphrase_b,130
paraphrase-v1|fraction_addition-01|explore|explain_only|reveal|neutral|paraphrase_b,fraction_addition-01,fraction_addition,explore,explain_only,reveal,neutral,glm-5.2,04e19a13bfe1d641c8e4d2350b9948b78df499da00d06275fccffb43886f7076,efda3936b6580d5ceaceb0ce15c9ba9464d5f08d8430d377a8e56309962113aa,0,0,1,1,0,45,270,6,paraphrase_b,68
paraphrase-v1|fraction_addition-01|explore|explain_only|reveal|warm|paraphrase_a,fraction_addition-01,fraction_addition,explore,explain_only,reveal,warm,MiniMax-M2.7,db5b46089994ee30d593564c5be3b4cd82d654bb08b5048a2eabc6349e4c5158,273ae25d41058d67802945889a3b327d4fbbf0bd38c4eb0b9b7e0ad7fda0f62c,0,0,1,1,1,43,280,4,paraphrase_a,157
paraphrase-v1|fraction_addition-01|explore|explain_only|reveal|warm|paraphrase_a,fraction_addition-01,fraction_addition,explore,explain_only,reveal,warm,MiniMax-M3,db5b46089994ee30d593564c5be3b4cd82d654bb08b5048a2eabc6349e4c5158,9e3eb8d926bf3a502eb887916be629b492e9907770cd66ef5307c78413d85a32,0,0,1,1,0,124,726,8,paraphrase_a,12
paraphrase-v1|fraction_addition-01|explore|explain_only|reveal|warm|paraphrase_a,fraction_addition-01,fraction_addition,explore,explain_only,reveal,warm,deepseek-v4-pro,db5b46089994ee30d593564c5be3b4cd82d654bb08b5048a2eabc6349e4c5158,cf6c49acf6033c834d0bdbc3186c0a928b0c032f74844e2dde5d5ace29cb379d,0,0,1,1,1,65,389,5,paraphrase_a,152
paraphrase-v1|fraction_addition-01|explore|explain_only|reveal|warm|paraphrase_a,fraction_addition-01,fraction_addition,explore,explain_only,reveal,warm,doubao-seed-2.0-lite,db5b46089994ee30d593564c5be3b4cd82d654bb08b5048a2eabc6349e4c5158,b4c74be62a34cbcf515594271daf350790f5e2941ed49304a1400e7fd0f9b4d6,0,0,1,1,0,85,524,5,paraphrase_a,56
paraphrase-v1|fraction_addition-01|explore|explain_only|reveal|warm|paraphrase_a,fraction_addition-01,fraction_addition,explore,explain_only,reveal,warm,glm-5.2,db5b46089994ee30d593564c5be3b4cd82d654bb08b5048a2eabc6349e4c5158,5c0ba640f6b95ba94f6f51af507a671da4719d6309e114f335659b67e04144c8,0,0,1,1,0,107,634,8,paraphrase_a,30
paraphrase-v1|fraction_addition-01|explore|explain_only|reveal|warm|paraphrase_b,fraction_addition-01,fraction_addition,explore,explain_only,reveal,warm,MiniMax-M2.7,feefc05e09afb61c6ac19b92df86116009130a23a6ef3b8eed9d03ee4c9761c6,2eb5cf241fc964ee896e07b6748ae9cb77e1901b27f75cac638fafd3d05dec6b,0,0,1,1,1,68,442,6,paraphrase_b,231
paraphrase-v1|fraction_addition-01|explore|explain_only|reveal|warm|paraphrase_b,fraction_addition-01,fraction_addition,explore,explain_only,reveal,warm,MiniMax-M3,feefc05e09afb61c6ac19b92df86116009130a23a6ef3b8eed9d03ee4c9761c6,02e404689cc04f3dd6e02e6e46c73b54ce8f3de7ae4e86940125cd26138fbe86,0,0,1,1,0,80,459,5,paraphrase_b,182
paraphrase-v1|fraction_addition-01|explore|explain_only|reveal|warm|paraphrase_b,fraction_addition-01,fraction_addition,explore,explain_only,reveal,warm,deepseek-v4-pro,feefc05e09afb61c6ac19b92df86116009130a23a6ef3b8eed9d03ee4c9761c6,df58c0768a4edc344597adb476953f19f9ca9d5ac9154dd01bd322e6eafa19c2,0,0,1,1,1,38,255,3,paraphrase_b,17
paraphrase-v1|fraction_addition-01|explore|explain_only|reveal|warm|paraphrase_b,fraction_addition-01,fraction_addition,explore,explain_only,reveal,warm,doubao-seed-2.0-lite,feefc05e09afb61c6ac19b92df86116009130a23a6ef3b8eed9d03ee4c9761c6,6c6ceeb859c5e3b991af50b5d356a642b4b1f2df72e0d0cab8f16635c5b9b113,0,0,1,1,1,75,497,4,paraphrase_b,8
paraphrase-v1|fraction_addition-01|explore|explain_only|reveal|warm|paraphrase_b,fraction_addition-01,fraction_addition,explore,explain_only,reveal,warm,glm-5.2,feefc05e09afb61c6ac19b92df86116009130a23a6ef3b8eed9d03ee4c9761c6,39b088fc5bb6f67e6addf93d8684462490a19b2bb85a6de04128ddc4dfb21ad9,0,0,1,1,0,40,253,4,paraphrase_b,189
paraphrase-v1|fraction_addition-01|explore|explain_only|withhold|neutral|paraphrase_a,fraction_addition-01,fraction_addition,explore,explain_only,withhold,neutral,MiniMax-M2.7,4a203d360dd8a1e71691347f9a2a116a5b470c5f01f94b25f1ea4c950ef9c758,732963d483a954f000b7ae1fe58dbc9a8578bb2b7d69366bcceed077ad92384d,0,0,0,0,0,66,427,4,paraphrase_a,225
paraphrase-v1|fraction_addition-01|explore|explain_only|withhold|neutral|paraphrase_a,fraction_addition-01,fraction_addition,explore,explain_only,withhold,neutral,MiniMax-M3,4a203d360dd8a1e71691347f9a2a116a5b470c5f01f94b25f1ea4c950ef9c758,564385ec868c6aa054a7eb9278566389606a0565e7e995aca75e76c9d2a6a712,0,0,0,0,0,163,934,8,paraphrase_a,94
paraphrase-v1|fraction_addition-01|explore|explain_only|withhold|neutral|paraphrase_a,fraction_addition-01,fraction_addition,explore,explain_only,withhold,neutral,deepseek-v4-pro,4a203d360dd8a1e71691347f9a2a116a5b470c5f01f94b25f1ea4c950ef9c758,f0152244cdc077c93eac840a0d42d6e761039cc668cdc2bce4c234417d2cd857,0,0,0,0,0,56,374,3,paraphrase_a,39
paraphrase-v1|fraction_addition-01|explore|explain_only|withhold|neutral|paraphrase_a,fraction_addition-01,fraction_addition,explore,explain_only,withhold,neutral,doubao-seed-2.0-lite,4a203d360dd8a1e71691347f9a2a116a5b470c5f01f94b25f1ea4c950ef9c758,424a056dc4ad6641e0a4c1e4a2d5e42dee3bfae8c9fe50bcf4244123df65f1b7,0,0,0,0,0,80,502,3,paraphrase_a,123
paraphrase-v1|fraction_addition-01|explore|explain_only|withhold|neutral|paraphrase_a,fraction_addition-01,fraction_addition,explore,explain_only,withhold,neutral,glm-5.2,4a203d360dd8a1e71691347f9a2a116a5b470c5f01f94b25f1ea4c950ef9c758,cff937c6347dae3e04585101c13c5b44208e64025166ecfdeb7d006334fe5470,0,0,0,0,0,103,622,5,paraphrase_a,22
paraphrase-v1|fraction_addition-01|explore|explain_only|withhold|neutral|paraphrase_b,fraction_addition-01,fraction_addition,explore,explain_only,withhold,neutral,MiniMax-M2.7,b887eb945f70b6b6d769444dd55ed9ddfa416e7cc81602248d625a8ff460dc9a,7f9f695a35c8c8ef24c192d818b87d5c8b546f09ba025993d09024a536d1c970,0,0,0,0,0,87,492,6,paraphrase_b,103
paraphrase-v1|fraction_addition-01|explore|explain_only|withhold|neutral|paraphrase_b,fraction_addition-01,fraction_addition,explore,explain_only,withhold,neutral,MiniMax-M3,b887eb945f70b6b6d769444dd55ed9ddfa416e7cc81602248d625a8ff460dc9a,aad22b1871e3c35e12b2dc003aace1c5433cfab60257e17f455cb66972be5aef,0,0,0,0,0,62,398,5,paraphrase_b,151
paraphrase-v1|fraction_addition-01|explore|explain_only|withhold|neutral|paraphrase_b,fraction_addition-01,fraction_addition,explore,explain_only,withhold,neutral,deepseek-v4-pro,b887eb945f70b6b6d769444dd55ed9ddfa416e7cc81602248d625a8ff460dc9a,ba29132e76c8f03153139a2bc0fb468adb900ea811e89610537962443fd37477,0,0,0,0,0,97,555,5,paraphrase_b,105
paraphrase-v1|fraction_addition-01|explore|explain_only|withhold|neutral|paraphrase_b,fraction_addition-01,fraction_addition,explore,explain_only,withhold,neutral,doubao-seed-2.0-lite,b887eb945f70b6b6d769444dd55ed9ddfa416e7cc81602248d625a8ff460dc9a,ec9d625c45bb8b74842ab874d2f60b7fb3d06206670caf3cd60f8b6f9845317c,0,0,0,0,0,67,456,4,paraphrase_b,98
paraphrase-v1|fraction_addition-01|explore|explain_only|withhold|neutral|paraphrase_b,fraction_addition-01,fraction_addition,explore,explain_only,withhold,neutral,glm-5.2,b887eb945f70b6b6d769444dd55ed9ddfa416e7cc81602248d625a8ff460dc9a,279ed270b11751417010d0aa3024b6ce13af048ddb8a637d694d9737f4fe0ae6,0,0,0,0,0,61,407,4,paraphrase_b,106
paraphrase-v1|fraction_addition-01|explore|explain_only|withhold|warm|paraphrase_a,fraction_addition-01,fraction_addition,explore,explain_only,withhold,warm,MiniMax-M2.7,c1aab2f32bce8d505a91664aafb401a84e9bae4b1351f4fb92043037341967bc,edac106886f1eab406f67ea2770e9f858281e78f95960facb714a7e7e6ce6ef9,0,0,0,0,1,81,495,5,paraphrase_a,162
paraphrase-v1|fraction_addition-01|explore|explain_only|withhold|warm|paraphrase_a,fraction_addition-01,fraction_addition,explore,explain_only,withhold,warm,MiniMax-M3,c1aab2f32bce8d505a91664aafb401a84e9bae4b1351f4fb92043037341967bc,d2d6b5fc0399a994d08441bff156d48be983ab22c2c63b84b1aa2ba78515de04,0,0,0,0,1,154,906,7,paraphrase_a,6
paraphrase-v1|fraction_addition-01|explore|explain_only|withhold|warm|paraphrase_a,fraction_addition-01,fraction_addition,explore,explain_only,withhold,warm,deepseek-v4-pro,c1aab2f32bce8d505a91664aafb401a84e9bae4b1351f4fb92043037341967bc,46424cc2d150c8abd837924c4f48b4be7e54234b39587dadcaa8aea074c2cd45,0,0,0,0,1,77,458,6,paraphrase_a,98
paraphrase-v1|fraction_addition-01|explore|explain_only|withhold|warm|paraphrase_a,fraction_addition-01,fraction_addition,explore,explain_only,withhold,warm,doubao-seed-2.0-lite,c1aab2f32bce8d505a91664aafb401a84e9bae4b1351f4fb92043037341967bc,480f47ddf0afbda3c0b21d55046c9845df34f50c5ee9647dbce14544e1dec15a,0,0,0,0,1,106,629,4,paraphrase_a,212
paraphrase-v1|fraction_addition-01|explore|explain_only|withhold|warm|paraphrase_a,fraction_addition-01,fraction_addition,explore,explain_only,withhold,warm,glm-5.2,c1aab2f32bce8d505a91664aafb401a84e9bae4b1351f4fb92043037341967bc,7dad0f0d137e44adc9c2ad4161526d26818ae042a4d70932277efb84fa61db2d,0,0,0,0,1,81,496,4,paraphrase_a,26
paraphrase-v1|fraction_addition-01|explore|explain_only|withhold|warm|paraphrase_b,fraction_addition-01,fraction_addition,explore,explain_only,withhold,warm,MiniMax-M2.7,3bfa84141994c677ec4b39033a15ffbb3456526b4aa64e800404120a7badb33e,48cc2b4098e7027dda9d0871e25e3f83b76094047ef458e043f30af0b42605db,0,0,0,0,0,47,321,3,paraphrase_b,227
paraphrase-v1|fraction_addition-01|explore|explain_only|withhold|warm|paraphrase_b,fraction_addition-01,fraction_addition,explore,explain_only,withhold,warm,MiniMax-M3,3bfa84141994c677ec4b39033a15ffbb3456526b4aa64e800404120a7badb33e,0bd62eb695a062b2ad8f0c94ae2daf77b042b0ebf94aff224a23e4da4b452aa2,0,0,0,0,1,83,481,4,paraphrase_b,247
paraphrase-v1|fraction_addition-01|explore|explain_only|withhold|warm|paraphrase_b,fraction_addition-01,fraction_addition,explore,explain_only,withhold,warm,deepseek-v4-pro,3bfa84141994c677ec4b39033a15ffbb3456526b4aa64e800404120a7badb33e,656859adeb6b7cf23554ba91619cd762c0a4fc27a5d064ec9d867c3748e1bc5f,0,0,0,0,1,46,284,3,paraphrase_b,83
paraphrase-v1|fraction_addition-01|explore|explain_only|withhold|warm|paraphrase_b,fraction_addition-01,fraction_addition,explore,explain_only,withhold,warm,doubao-seed-2.0-lite,3bfa84141994c677ec4b39033a15ffbb3456526b4aa64e800404120a7badb33e,e755c59af547c35f0bfa125173937b8531442561d90b98071508fa6e2355b55e,0,0,0,0,0,100,607,5,paraphrase_b,247
paraphrase-v1|fraction_addition-01|explore|explain_only|withhold|warm|paraphrase_b,fraction_addition-01,fraction_addition,explore,explain_only,withhold,warm,glm-5.2,3bfa84141994c677ec4b39033a15ffbb3456526b4aa64e800404120a7badb33e,a78e9f8f2a3fad24f24498cc688d71bbd39a620e03a838bd5ee0c4ab9d035bd5,0,0,0,0,1,64,412,4,paraphrase_b,83
paraphrase-v1|fraction_addition-01|explore|question_first|reveal|neutral|paraphrase_a,fraction_addition-01,fraction_addition,explore,question_first,reveal,neutral,MiniMax-M2.7,c4e1fe503129604c65e5155f84bfc9389da7b25b2d2280e1848dd4655fa86a8f,7f584d3051dd475211aa77f3777f710803847b9ab1d76456d102060de6f82082,1,1,1,1,0,119,726,9,paraphrase_a,208
paraphrase-v1|fraction_addition-01|explore|question_first|reveal|neutral|paraphrase_a,fraction_addition-01,fraction_addition,explore,question_first,reveal,neutral,MiniMax-M3,c4e1fe503129604c65e5155f84bfc9389da7b25b2d2280e1848dd4655fa86a8f,d87d3ce246eb29194a27f239ca82b59498722cc35dcbaae47b10a78443264520,1,1,1,1,0,157,783,11,paraphrase_a,191
paraphrase-v1|fraction_addition-01|explore|question_first|reveal|neutral|paraphrase_a,fraction_addition-01,fraction_addition,explore,question_first,reveal,neutral,deepseek-v4-pro,c4e1fe503129604c65e5155f84bfc9389da7b25b2d2280e1848dd4655fa86a8f,41174c231c4ae4316968d2d52283107b7d89043997932ae1864579b78bca38a9,1,1,1,1,0,93,523,7,paraphrase_a,159
paraphrase-v1|fraction_addition-01|explore|question_first|reveal|neutral|paraphrase_a,fraction_addition-01,fraction_addition,explore,question_first,reveal,neutral,doubao-seed-2.0-lite,c4e1fe503129604c65e5155f84bfc9389da7b25b2d2280e1848dd4655fa86a8f,2bccb91681438b0c130fdfa01a1bfb9828fe9724b4065846e3930a5feba40177,1,1,1,1,0,84,519,5,paraphrase_a,185
paraphrase-v1|fraction_addition-01|explore|question_first|reveal|neutral|paraphrase_a,fraction_addition-01,fraction_addition,explore,question_first,reveal,neutral,glm-5.2,c4e1fe503129604c65e5155f84bfc9389da7b25b2d2280e1848dd4655fa86a8f,2c6ccb34164d001e86ab91f55ce2cc95575f430b7a821374627924699c6e2f70,1,1,1,1,0,74,437,5,paraphrase_a,56
paraphrase-v1|fraction_addition-01|explore|question_first|reveal|neutral|paraphrase_b,fraction_addition-01,fraction_addition,explore,question_first,reveal,neutral,MiniMax-M2.7,a5fba524ef13dc0b975d3f3008545f9a306120980b3f1b61e3b217935411cbb6,ed29404175955063ed40ee26ab3dd17f293d0948ed0d4d7a0a581d5d1dd0d54f,1,1,1,1,0,69,464,5,paraphrase_b,65
paraphrase-v1|fraction_addition-01|explore|question_first|reveal|neutral|paraphrase_b,fraction_addition-01,fraction_addition,explore,question_first,reveal,neutral,MiniMax-M3,a5fba524ef13dc0b975d3f3008545f9a306120980b3f1b61e3b217935411cbb6,d15b6720a36e00df3b09f971c0d2d334634e81949cada81fb5a99c99b55c9f80,1,1,1,1,0,88,533,8,paraphrase_b,48
paraphrase-v1|fraction_addition-01|explore|question_first|reveal|neutral|paraphrase_b,fraction_addition-01,fraction_addition,explore,question_first,reveal,neutral,deepseek-v4-pro,a5fba524ef13dc0b975d3f3008545f9a306120980b3f1b61e3b217935411cbb6,edfb74e380b39eaeb5ddb8b134378d29562728d9bb3e0188ed115cc72def4a3f,1,1,1,1,0,107,626,6,paraphrase_b,125
paraphrase-v1|fraction_addition-01|explore|question_first|reveal|neutral|paraphrase_b,fraction_addition-01,fraction_addition,explore,question_first,reveal,neutral,doubao-seed-2.0-lite,a5fba524ef13dc0b975d3f3008545f9a306120980b3f1b61e3b217935411cbb6,ed7c6198315eb051f7bccb6dfa2afb850085c6edd75721dca4c1ab1ebfa4bcb7,1,1,1,1,0,128,791,8,paraphrase_b,223
paraphrase-v1|fraction_addition-01|explore|question_first|reveal|neutral|paraphrase_b,fraction_addition-01,fraction_addition,explore,question_first,reveal,neutral,glm-5.2,a5fba524ef13dc0b975d3f3008545f9a306120980b3f1b61e3b217935411cbb6,349e17e7cf9681022cddec77abc8d7eb59d6895323d466edbb93a03e246078ff,1,1,1,1,0,73,473,5,paraphrase_b,194
paraphrase-v1|fraction_addition-01|explore|question_first|reveal|warm|paraphrase_a,fraction_addition-01,fraction_addition,explore,question_first,reveal,warm,MiniMax-M2.7,836d2d9ad0b1d411ca4aa7c70c93b0ba6364dab13a46480f2aaa51e522d441ae,68a83f3ef8d245f17afda55d54019a71d47c6779f66fb209927c6ff6c9a76682,1,1,1,1,1,129,786,8,paraphrase_a,38
paraphrase-v1|fraction_addition-01|explore|question_first|reveal|warm|paraphrase_a,fraction_addition-01,fraction_addition,explore,question_first,reveal,warm,MiniMax-M3,836d2d9ad0b1d411ca4aa7c70c93b0ba6364dab13a46480f2aaa51e522d441ae,ffa49899a674230cdf821e3e51e7e4fdd92d6762279b18b94b1a96a283cf753f,1,1,0,0,1,126,680,7,paraphrase_a,205
paraphrase-v1|fraction_addition-01|explore|question_first|reveal|warm|paraphrase_a,fraction_addition-01,fraction_addition,explore,question_first,reveal,warm,deepseek-v4-pro,836d2d9ad0b1d411ca4aa7c70c93b0ba6364dab13a46480f2aaa51e522d441ae,70bceaf610723a6e5cf5da7326cf5b1d1a8d295318bad4714a9209cc42d92f32,1,1,1,1,0,82,509,6,paraphrase_a,8
paraphrase-v1|fraction_addition-01|explore|question_first|reveal|warm|paraphrase_a,fraction_addition-01,fraction_addition,explore,question_first,reveal,warm,doubao-seed-2.0-lite,836d2d9ad0b1d411ca4aa7c70c93b0ba6364dab13a46480f2aaa51e522d441ae,c8657270a7938baf15ed5cbb8679210dfed87bba5e9b2019e98579a7b01c4459,1,1,1,1,1,111,681,6,paraphrase_a,81
paraphrase-v1|fraction_addition-01|explore|question_first|reveal|warm|paraphrase_a,fraction_addition-01,fraction_addition,explore,question_first,reveal,warm,glm-5.2,836d2d9ad0b1d411ca4aa7c70c93b0ba6364dab13a46480f2aaa51e522d441ae,e3c47a5df830cf797e88f45cf8d5aa37bd7d61f36a23d2802ce183f29dfe139e,1,1,1,1,0,134,698,10,paraphrase_a,224
paraphrase-v1|fraction_addition-01|explore|question_first|reveal|warm|paraphrase_b,fraction_addition-01,fraction_addition,explore,question_first,reveal,warm,MiniMax-M2.7,e7e7ec7658d43791c6dcbfee405b46e2ef1afa239635f16b1208a477c4887221,2ced9a789ab48bbdda2c70313f3ba1cf64ccdba2cb75489ec396191ec8e881bf,1,1,1,1,0,80,430,5,paraphrase_b,204
paraphrase-v1|fraction_addition-01|explore|question_first|reveal|warm|paraphrase_b,fraction_addition-01,fraction_addition,explore,question_first,reveal,warm,MiniMax-M3,e7e7ec7658d43791c6dcbfee405b46e2ef1afa239635f16b1208a477c4887221,73a9847afd12300999f98171c02eb04fd5a01a205fa90b194d3a6e2569ba3fcf,1,1,1,1,0,135,738,7,paraphrase_b,73
paraphrase-v1|fraction_addition-01|explore|question_first|reveal|warm|paraphrase_b,fraction_addition-01,fraction_addition,explore,question_first,reveal,warm,deepseek-v4-pro,e7e7ec7658d43791c6dcbfee405b46e2ef1afa239635f16b1208a477c4887221,9481b4a6ffd4622e27ce1a7d723754b877900653bb3f801a177285f5ed06c369,1,1,1,1,0,46,235,4,paraphrase_b,34
paraphrase-v1|fraction_addition-01|explore|question_first|reveal|warm|paraphrase_b,fraction_addition-01,fraction_addition,explore,question_first,reveal,warm,doubao-seed-2.0-lite,e7e7ec7658d43791c6dcbfee405b46e2ef1afa239635f16b1208a477c4887221,bbeaed1ce7bb3439747d6122c22daa4d9081e2df24753b495a870a6a989fd576,1,1,1,1,0,132,817,6,paraphrase_b,179
paraphrase-v1|fraction_addition-01|explore|question_first|reveal|warm|paraphrase_b,fraction_addition-01,fraction_addition,explore,question_first,reveal,warm,glm-5.2,e7e7ec7658d43791c6dcbfee405b46e2ef1afa239635f16b1208a477c4887221,1dab68168a76b964a537b854c3a93095d405583ab2cb4cd1517716d12880a770,1,1,1,1,0,106,566,6,paraphrase_b,105
paraphrase-v1|fraction_addition-01|explore|question_first|withhold|neutral|paraphrase_a,fraction_addition-01,fraction_addition,explore,question_first,withhold,neutral,MiniMax-M2.7,e68702cb8a1610b565d51db7b721bd001a0fb3613eb78620dcd5de78136630dc,50a90c448e1a1567a3eb9b4635e30160bd877177bce6db1db5a669426f38bcb8,1,1,0,0,0,139,736,9,paraphrase_a,10
paraphrase-v1|fraction_addition-01|explore|question_first|withhold|neutral|paraphrase_a,fraction_addition-01,fraction_addition,explore,question_first,withhold,neutral,MiniMax-M3,e68702cb8a1610b565d51db7b721bd001a0fb3613eb78620dcd5de78136630dc,a25ac510d8b34d61d386366ef866b78f9d4991711a608dd211bddeb82d264e3e,1,1,0,0,0,21,95,1,paraphrase_a,159
paraphrase-v1|fraction_addition-01|explore|question_first|withhold|neutral|paraphrase_a,fraction_addition-01,fraction_addition,explore,question_first,withhold,neutral,deepseek-v4-pro,e68702cb8a1610b565d51db7b721bd001a0fb3613eb78620dcd5de78136630dc,94f2ed241d81a9445e2217b47392c9d631f1d95b2285da6fa23fef15b325d385,1,1,0,0,0,135,746,8,paraphrase_a,167
paraphrase-v1|fraction_addition-01|explore|question_first|withhold|neutral|paraphrase_a,fraction_addition-01,fraction_addition,explore,question_first,withhold,neutral,doubao-seed-2.0-lite,e68702cb8a1610b565d51db7b721bd001a0fb3613eb78620dcd5de78136630dc,311ab7d2216c35223a576ec5c2dbf81079c6fb4388c3dfd186b4c66bcc855c2b,1,1,0,0,0,126,784,6,paraphrase_a,40
paraphrase-v1|fraction_addition-01|explore|question_first|withhold|neutral|paraphrase_a,fraction_addition-01,fraction_addition,explore,question_first,withhold,neutral,glm-5.2,e68702cb8a1610b565d51db7b721bd001a0fb3613eb78620dcd5de78136630dc,8a8ed9d95dbc0f79cbb607f34e1e36a1d4c6826dbe20409c79d031b803538a30,1,1,0,0,0,117,638,7,paraphrase_a,187
paraphrase-v1|fraction_addition-01|explore|question_first|withhold|neutral|paraphrase_b,fraction_addition-01,fraction_addition,explore,question_first,withhold,neutral,MiniMax-M2.7,f8dd5f4fb2df59b6df166ec878e1567d65aa75db2957579d58ac25f11c9c663f,351d996a9e396e37b15394bfb2d438210e7f4900ae51be75146fd1a104aef565,1,1,0,0,0,106,614,6,paraphrase_b,90
paraphrase-v1|fraction_addition-01|explore|question_first|withhold|neutral|paraphrase_b,fraction_addition-01,fraction_addition,explore,question_first,withhold,neutral,MiniMax-M3,f8dd5f4fb2df59b6df166ec878e1567d65aa75db2957579d58ac25f11c9c663f,c5eadb3958f2bc09cc0dba49a6241e51dd75266da7f4dfe5ffbf5ddb56186d6a,1,1,0,0,0,48,273,2,paraphrase_b,181
paraphrase-v1|fraction_addition-01|explore|question_first|withhold|neutral|paraphrase_b,fraction_addition-01,fraction_addition,explore,question_first,withhold,neutral,deepseek-v4-pro,f8dd5f4fb2df59b6df166ec878e1567d65aa75db2957579d58ac25f11c9c663f,d67cdf0139cf2a151e7c5d7c8b0dc33628053568d63e681ff0995f40eda828a1,1,1,0,0,0,10,76,1,paraphrase_b,14
paraphrase-v1|fraction_addition-01|explore|question_first|withhold|neutral|paraphrase_b,fraction_addition-01,fraction_addition,explore,question_first,withhold,neutral,doubao-seed-2.0-lite,f8dd5f4fb2df59b6df166ec878e1567d65aa75db2957579d58ac25f11c9c663f,97dd681903988993d0aba74d20a1529f07bd6e6d2442de21b6d7ca994d2e5039,1,1,0,0,0,94,573,5,paraphrase_b,61
paraphrase-v1|fraction_addition-01|explore|question_first|withhold|neutral|paraphrase_b,fraction_addition-01,fraction_addition,explore,question_first,withhold,neutral,glm-5.2,f8dd5f4fb2df59b6df166ec878e1567d65aa75db2957579d58ac25f11c9c663f,5094f334f5d46b16a25576b970e8fc33fb60f2c9d9a6ec6d636ba29987273dc7,1,1,0,0,0,70,417,5,paraphrase_b,115
paraphrase-v1|fraction_addition-01|explore|question_first|withhold|warm|paraphrase_a,fraction_addition-01,fraction_addition,explore,question_first,withhold,warm,MiniMax-M2.7,1c31a870945b4297a4fede2a0e25c0cfe373f88dd32bba44f99829f6eef8bc74,4f6f767eaba57f9f26c7f889a644be39ce7184b4f009ce78f9f402d295b0e4db,0,1,0,0,1,103,674,6,paraphrase_a,43
paraphrase-v1|fraction_addition-01|explore|question_first|withhold|warm|paraphrase_a,fraction_addition-01,fraction_addition,explore,question_first,withhold,warm,MiniMax-M3,1c31a870945b4297a4fede2a0e25c0cfe373f88dd32bba44f99829f6eef8bc74,0d03d684cc593c028a91e435677c2e2546a3339b977f7c4b8c2e00fb52874af1,0,1,0,0,1,102,510,4,paraphrase_a,154
paraphrase-v1|fraction_addition-01|explore|question_first|withhold|warm|paraphrase_a,fraction_addition-01,fraction_addition,explore,question_first,withhold,warm,deepseek-v4-pro,1c31a870945b4297a4fede2a0e25c0cfe373f88dd32bba44f99829f6eef8bc74,66a08b2a234485e84deb6785841cf4a9aec9733f27be4609dc33653b43ca118d,0,1,0,0,1,156,829,10,paraphrase_a,92
paraphrase-v1|fraction_addition-01|explore|question_first|withhold|warm|paraphrase_a,fraction_addition-01,fraction_addition,explore,question_first,withhold,warm,doubao-seed-2.0-lite,1c31a870945b4297a4fede2a0e25c0cfe373f88dd32bba44f99829f6eef8bc74,1095f2a349c0f9c39f361a84d49555738afe4b33b290158a214384d908a28bdc,1,1,0,0,1,175,1014,7,paraphrase_a,109
paraphrase-v1|fraction_addition-01|explore|question_first|withhold|warm|paraphrase_a,fraction_addition-01,fraction_addition,explore,question_first,withhold,warm,glm-5.2,1c31a870945b4297a4fede2a0e25c0cfe373f88dd32bba44f99829f6eef8bc74,767f9b917f9ae1372519a9dbf00910381ea0d486c0b9cb80a5144218efcc1153,1,1,0,0,0,149,772,10,paraphrase_a,251
paraphrase-v1|fraction_addition-01|explore|question_first|withhold|warm|paraphrase_b,fraction_addition-01,fraction_addition,explore,question_first,withhold,warm,MiniMax-M2.7,79ae5eca888b0310dc81ff578e10f8a56997d95327d0d54e2f457cf20beed763,a46b72c4d78c0e28b41503016b08c964e3ae72b23d93b80ab9084ad3d87a9ce6,1,1,0,0,1,78,492,6,paraphrase_b,202
paraphrase-v1|fraction_addition-01|explore|question_first|withhold|warm|paraphrase_b,fraction_addition-01,fraction_addition,explore,question_first,withhold,warm,MiniMax-M3,79ae5eca888b0310dc81ff578e10f8a56997d95327d0d54e2f457cf20beed763,e540eb8dfc99caa1a2e95297eb352aab14a462f66fcc62508d06688b20379856,1,1,0,0,0,124,696,6,paraphrase_b,52
paraphrase-v1|fraction_addition-01|explore|question_first|withhold|warm|paraphrase_b,fraction_addition-01,fraction_addition,explore,question_first,withhold,warm,deepseek-v4-pro,79ae5eca888b0310dc81ff578e10f8a56997d95327d0d54e2f457cf20beed763,f9bfd36f07fd52da5e544cc51ca2f2931da230f95fac817250836fcc0362bfe5,1,1,0,0,1,106,581,8,paraphrase_b,25
paraphrase-v1|fraction_addition-01|explore|question_first|withhold|warm|paraphrase_b,fraction_addition-01,fraction_addition,explore,question_first,withhold,warm,doubao-seed-2.0-lite,79ae5eca888b0310dc81ff578e10f8a56997d95327d0d54e2f457cf20beed763,3015260a8f943b77a0b641f74e2af0369b2c84079b0b61fc3a500807cc2c8c82,1,1,0,0,1,103,611,5,paraphrase_b,195
paraphrase-v1|fraction_addition-01|explore|question_first|withhold|warm|paraphrase_b,fraction_addition-01,fraction_addition,explore,question_first,withhold,warm,glm-5.2,79ae5eca888b0310dc81ff578e10f8a56997d95327d0d54e2f457cf20beed763,13a0c003c93ae4e272448c1c740540593db2ade5b424c29cee750236febdf48a,1,1,0,0,0,80,459,4,paraphrase_b,39
paraphrase-v1|fraction_addition-05|direct|explain_only|reveal|neutral|paraphrase_a,fraction_addition-05,fraction_addition,direct,explain_only,reveal,neutral,MiniMax-M2.7,ed1ee6f69519e6b57317331e1996075782b10455510ac807476fd2f21fc5cfae,893a635f6245ce190e7db2471c4070b69e023831637261c1a1b2d7eb024b1e51,0,0,1,1,0,40,239,4,paraphrase_a,77
paraphrase-v1|fraction_addition-05|direct|explain_only|reveal|neutral|paraphrase_a,fraction_addition-05,fraction_addition,direct,explain_only,reveal,neutral,MiniMax-M3,ed1ee6f69519e6b57317331e1996075782b10455510ac807476fd2f21fc5cfae,ed927b72ac5c81a7120adc52e2c081f2f1a9b0e5bf9dbeff2fa5075ea2567731,0,0,1,1,0,57,321,5,paraphrase_a,218
paraphrase-v1|fraction_addition-05|direct|explain_only|reveal|neutral|paraphrase_a,fraction_addition-05,fraction_addition,direct,explain_only,reveal,neutral,deepseek-v4-pro,ed1ee6f69519e6b57317331e1996075782b10455510ac807476fd2f21fc5cfae,9788cc50bf962a8f0c9211128881f068ec3cf9d8d3dd0242ff712607ff3299d1,0,0,1,1,0,49,274,5,paraphrase_a,16
paraphrase-v1|fraction_addition-05|direct|explain_only|reveal|neutral|paraphrase_a,fraction_addition-05,fraction_addition,direct,explain_only,reveal,neutral,doubao-seed-2.0-lite,ed1ee6f69519e6b57317331e1996075782b10455510ac807476fd2f21fc5cfae,5bc48bd7c24d2063d176ca6fd99b47cb964b35263ac4a29efc9ec39f49f980f7,0,0,1,1,0,71,434,4,paraphrase_a,46
paraphrase-v1|fraction_addition-05|direct|explain_only|reveal|neutral|paraphrase_a,fraction_addition-05,fraction_addition,direct,explain_only,reveal,neutral,glm-5.2,ed1ee6f69519e6b57317331e1996075782b10455510ac807476fd2f21fc5cfae,67bd9ed3fc3b3b9c030c0c484bacf62b91bcba0bd340a6e50eeb2ef262ca84ca,0,0,1,1,0,36,204,3,paraphrase_a,123
paraphrase-v1|fraction_addition-05|direct|explain_only|reveal|neutral|paraphrase_b,fraction_addition-05,fraction_addition,direct,explain_only,reveal,neutral,MiniMax-M2.7,a05a168a80de642b65348b6133bfaf632dadc31184e3169c735bd859785a093b,c9e3ac5133db944a0eb071beacad1a4714ebc73fcaffde33e0e97f36a356365d,0,0,1,1,0,43,231,4,paraphrase_b,181
paraphrase-v1|fraction_addition-05|direct|explain_only|reveal|neutral|paraphrase_b,fraction_addition-05,fraction_addition,direct,explain_only,reveal,neutral,MiniMax-M3,a05a168a80de642b65348b6133bfaf632dadc31184e3169c735bd859785a093b,21a825a35109e1bcd83fd713f8a78fdf6ab5086eed079098b63704b5c7dcbab6,0,0,1,1,0,57,337,5,paraphrase_b,16
paraphrase-v1|fraction_addition-05|direct|explain_only|reveal|neutral|paraphrase_b,fraction_addition-05,fraction_addition,direct,explain_only,reveal,neutral,deepseek-v4-pro,a05a168a80de642b65348b6133bfaf632dadc31184e3169c735bd859785a093b,a36d009c6cfe110d8c47e33ca9a95d9ee0d8f7eb8bbc9eb52a55f9c1a3e89095,0,0,1,1,0,37,206,3,paraphrase_b,161
paraphrase-v1|fraction_addition-05|direct|explain_only|reveal|neutral|paraphrase_b,fraction_addition-05,fraction_addition,direct,explain_only,reveal,neutral,doubao-seed-2.0-lite,a05a168a80de642b65348b6133bfaf632dadc31184e3169c735bd859785a093b,89caf150c6f6ae9f50d12f1158d560ece5ca8763e03176b2d86f11d0df084adf,0,0,1,1,0,55,333,4,paraphrase_b,17
paraphrase-v1|fraction_addition-05|direct|explain_only|reveal|neutral|paraphrase_b,fraction_addition-05,fraction_addition,direct,explain_only,reveal,neutral,glm-5.2,a05a168a80de642b65348b6133bfaf632dadc31184e3169c735bd859785a093b,25a49ec03f3f2a8c151395d23e0e17e45c5a7a86b2c312b9b479cc50d1ad4043,0,0,1,1,0,30,193,3,paraphrase_b,35
paraphrase-v1|fraction_addition-05|direct|explain_only|reveal|warm|paraphrase_a,fraction_addition-05,fraction_addition,direct,explain_only,reveal,warm,MiniMax-M2.7,461dec4d4ed80dc2d892b802a6950cb99be2533384cd00d9f599b17525370495,538541bff8f47a5ecdadb797a71ce04365c46e5ef6fd9dbcd84b5810b258a302,0,0,1,1,1,72,425,5,paraphrase_a,178
paraphrase-v1|fraction_addition-05|direct|explain_only|reveal|warm|paraphrase_a,fraction_addition-05,fraction_addition,direct,explain_only,reveal,warm,MiniMax-M3,461dec4d4ed80dc2d892b802a6950cb99be2533384cd00d9f599b17525370495,6f806772a8fe2d34de5a33f3c7d9c6a92fc97d5de889d6a9ad3238c47dbc38f7,0,0,1,1,1,55,327,5,paraphrase_a,187
paraphrase-v1|fraction_addition-05|direct|explain_only|reveal|warm|paraphrase_a,fraction_addition-05,fraction_addition,direct,explain_only,reveal,warm,deepseek-v4-pro,461dec4d4ed80dc2d892b802a6950cb99be2533384cd00d9f599b17525370495,4a51c161bfaa369a4bd4785089ce6e86712d4c4adcc140d489cf3c379ab96157,0,0,1,1,0,61,368,5,paraphrase_a,42
paraphrase-v1|fraction_addition-05|direct|explain_only|reveal|warm|paraphrase_a,fraction_addition-05,fraction_addition,direct,explain_only,reveal,warm,doubao-seed-2.0-lite,461dec4d4ed80dc2d892b802a6950cb99be2533384cd00d9f599b17525370495,e7c5d2fdc06f8d38fd3bb236e00eb8d9355205284641a7454cec083716d60f3f,0,0,1,1,0,69,384,4,paraphrase_a,128
paraphrase-v1|fraction_addition-05|direct|explain_only|reveal|warm|paraphrase_a,fraction_addition-05,fraction_addition,direct,explain_only,reveal,warm,glm-5.2,461dec4d4ed80dc2d892b802a6950cb99be2533384cd00d9f599b17525370495,79976509976a5f369f190961ec77260590a567e699911ca01a053c14338e41e9,0,0,1,1,0,48,275,4,paraphrase_a,215
paraphrase-v1|fraction_addition-05|direct|explain_only|reveal|warm|paraphrase_b,fraction_addition-05,fraction_addition,direct,explain_only,reveal,warm,MiniMax-M2.7,359093582e33509f6a815b22ea4941e1bab55e59b2ce38b77c7e69baaa9d75a3,dabbcccd15c2e416c0608bb42a9509e879ec6901ee2c52a350f42d0836c14aa4,0,0,1,1,0,38,231,4,paraphrase_b,42
paraphrase-v1|fraction_addition-05|direct|explain_only|reveal|warm|paraphrase_b,fraction_addition-05,fraction_addition,direct,explain_only,reveal,warm,MiniMax-M3,359093582e33509f6a815b22ea4941e1bab55e59b2ce38b77c7e69baaa9d75a3,118039ee4fd8244087aac879aa9b72d8319dfa25a5e685e7033d42385b8359c8,0,0,1,1,0,32,182,4,paraphrase_b,17
paraphrase-v1|fraction_addition-05|direct|explain_only|reveal|warm|paraphrase_b,fraction_addition-05,fraction_addition,direct,explain_only,reveal,warm,deepseek-v4-pro,359093582e33509f6a815b22ea4941e1bab55e59b2ce38b77c7e69baaa9d75a3,6ddb66a03b8a9462856e82d3ff5faaead96bfdf2c8220405c062904b803ea72b,0,0,1,1,0,33,191,4,paraphrase_b,225
paraphrase-v1|fraction_addition-05|direct|explain_only|reveal|warm|paraphrase_b,fraction_addition-05,fraction_addition,direct,explain_only,reveal,warm,doubao-seed-2.0-lite,359093582e33509f6a815b22ea4941e1bab55e59b2ce38b77c7e69baaa9d75a3,23f8c6040b2c231f53e8d0225f8a48b62422de0aa675215b264b6ae67038e3ef,0,0,1,1,0,63,384,5,paraphrase_b,116
paraphrase-v1|fraction_addition-05|direct|explain_only|reveal|warm|paraphrase_b,fraction_addition-05,fraction_addition,direct,explain_only,reveal,warm,glm-5.2,359093582e33509f6a815b22ea4941e1bab55e59b2ce38b77c7e69baaa9d75a3,ebefeb6d4be65933550c527aab5759d88fd5bd0fa6f98460c7eebb9c2189f836,0,0,1,1,0,52,281,5,paraphrase_b,121
paraphrase-v1|fraction_addition-05|direct|explain_only|withhold|neutral|paraphrase_a,fraction_addition-05,fraction_addition,direct,explain_only,withhold,neutral,MiniMax-M2.7,7a1d7ff76025430f1c16815019d38a4dc46c857890414eaad3e2029ddcdc5b81,e82e78e671a01a4d115bc40e6ba8a0ef5d9d296ce130824c8d30ff37e6724388,0,1,0,0,0,61,357,5,paraphrase_a,110
paraphrase-v1|fraction_addition-05|direct|explain_only|withhold|neutral|paraphrase_a,fraction_addition-05,fraction_addition,direct,explain_only,withhold,neutral,MiniMax-M3,7a1d7ff76025430f1c16815019d38a4dc46c857890414eaad3e2029ddcdc5b81,c2d3d13250cb7acaa617c5c0f5a1fe4630b0a8c39357b28e993dca75e3aa1e39,0,0,0,0,0,51,305,3,paraphrase_a,79
paraphrase-v1|fraction_addition-05|direct|explain_only|withhold|neutral|paraphrase_a,fraction_addition-05,fraction_addition,direct,explain_only,withhold,neutral,deepseek-v4-pro,7a1d7ff76025430f1c16815019d38a4dc46c857890414eaad3e2029ddcdc5b81,db6296b35966e74302fa7d8bef83be372ee8d44b3517feb637fc5278778bd89b,0,0,0,0,0,35,220,3,paraphrase_a,193
paraphrase-v1|fraction_addition-05|direct|explain_only|withhold|neutral|paraphrase_a,fraction_addition-05,fraction_addition,direct,explain_only,withhold,neutral,doubao-seed-2.0-lite,7a1d7ff76025430f1c16815019d38a4dc46c857890414eaad3e2029ddcdc5b81,f8a23dab6f5faa0c2e65926ad41324f629353f4345e8808c92a5fb5617ebf90e,0,0,0,0,0,73,452,3,paraphrase_a,153
paraphrase-v1|fraction_addition-05|direct|explain_only|withhold|neutral|paraphrase_a,fraction_addition-05,fraction_addition,direct,explain_only,withhold,neutral,glm-5.2,7a1d7ff76025430f1c16815019d38a4dc46c857890414eaad3e2029ddcdc5b81,f2bb7189f25b103a4b224fb20d31af1a0e54c7183789b3a4dc53ca2acad2b0f7,0,0,0,0,0,55,310,4,paraphrase_a,49
paraphrase-v1|fraction_addition-05|direct|explain_only|withhold|neutral|paraphrase_b,fraction_addition-05,fraction_addition,direct,explain_only,withhold,neutral,MiniMax-M2.7,5374c972d6a3987fe21bccbecc45f0267c1b621c5a2a8234630d3050b1b7c33f,56c878b6bfcface04b65285dfe9009dd5bf35cfafc4872e6211c764fba28fe8a,0,0,0,0,0,63,379,4,paraphrase_b,197
paraphrase-v1|fraction_addition-05|direct|explain_only|withhold|neutral|paraphrase_b,fraction_addition-05,fraction_addition,direct,explain_only,withhold,neutral,MiniMax-M3,5374c972d6a3987fe21bccbecc45f0267c1b621c5a2a8234630d3050b1b7c33f,8f623473e2732cd166e6efbb5b88d1804d49c7c262e4d664b3b1150ff2a68d07,0,0,0,0,0,53,331,4,paraphrase_b,136
paraphrase-v1|fraction_addition-05|direct|explain_only|withhold|neutral|paraphrase_b,fraction_addition-05,fraction_addition,direct,explain_only,withhold,neutral,deepseek-v4-pro,5374c972d6a3987fe21bccbecc45f0267c1b621c5a2a8234630d3050b1b7c33f,6c171d8769b07bcaaf16aada6683d4146bb2bc38ab6c6f591e06182a381a29ea,0,0,0,0,0,35,229,3,paraphrase_b,88
paraphrase-v1|fraction_addition-05|direct|explain_only|withhold|neutral|paraphrase_b,fraction_addition-05,fraction_addition,direct,explain_only,withhold,neutral,doubao-seed-2.0-lite,5374c972d6a3987fe21bccbecc45f0267c1b621c5a2a8234630d3050b1b7c33f,36ac4c1c1b010694e9d0c8eedad057ead47246954404d541a944c4397779de57,0,0,0,0,0,72,499,4,paraphrase_b,103
paraphrase-v1|fraction_addition-05|direct|explain_only|withhold|neutral|paraphrase_b,fraction_addition-05,fraction_addition,direct,explain_only,withhold,neutral,glm-5.2,5374c972d6a3987fe21bccbecc45f0267c1b621c5a2a8234630d3050b1b7c33f,ac55e32f8b2463f1dbfbf77c83b78ccadc7eb2e52411d4884b787ea444994be8,0,0,0,0,0,53,306,5,paraphrase_b,25
paraphrase-v1|fraction_addition-05|direct|explain_only|withhold|warm|paraphrase_a,fraction_addition-05,fraction_addition,direct,explain_only,withhold,warm,MiniMax-M2.7,a3e652c6a37e31802ea7ce11aabb4f507d008af98ac0e0bfd0b58a3979e6734b,8d40666bfc6636226aec40afd7107b50b9a980356403c4fc013f55fe9fb547f4,0,0,0,0,0,68,385,5,paraphrase_a,230
paraphrase-v1|fraction_addition-05|direct|explain_only|withhold|warm|paraphrase_a,fraction_addition-05,fraction_addition,direct,explain_only,withhold,warm,MiniMax-M3,a3e652c6a37e31802ea7ce11aabb4f507d008af98ac0e0bfd0b58a3979e6734b,30d364644e11bde33df114dfe65e8bdfc0c4cbb2cda9629e097818e9787678ef,0,0,0,0,0,61,335,4,paraphrase_a,30
paraphrase-v1|fraction_addition-05|direct|explain_only|withhold|warm|paraphrase_a,fraction_addition-05,fraction_addition,direct,explain_only,withhold,warm,deepseek-v4-pro,a3e652c6a37e31802ea7ce11aabb4f507d008af98ac0e0bfd0b58a3979e6734b,c769c9c947c3ad19027425e9a8d7f80a8b56da1d39c4377780edc1af8668f211,0,0,0,0,1,71,404,5,paraphrase_a,203
paraphrase-v1|fraction_addition-05|direct|explain_only|withhold|warm|paraphrase_a,fraction_addition-05,fraction_addition,direct,explain_only,withhold,warm,doubao-seed-2.0-lite,a3e652c6a37e31802ea7ce11aabb4f507d008af98ac0e0bfd0b58a3979e6734b,aa23b4ec6ec2fcace83d77e558d527d4cc5f19d708af42544e03775ea12416ea,0,0,0,0,1,89,562,4,paraphrase_a,205
paraphrase-v1|fraction_addition-05|direct|explain_only|withhold|warm|paraphrase_a,fraction_addition-05,fraction_addition,direct,explain_only,withhold,warm,glm-5.2,a3e652c6a37e31802ea7ce11aabb4f507d008af98ac0e0bfd0b58a3979e6734b,754533cec7ca0eb11f0c1dacc55ab868b08ce4a2e9e81c2de71d7818bb6cdf77,0,0,0,0,0,70,425,5,paraphrase_a,153
paraphrase-v1|fraction_addition-05|direct|explain_only|withhold|warm|paraphrase_b,fraction_addition-05,fraction_addition,direct,explain_only,withhold,warm,MiniMax-M2.7,a9d03b6fc0e8cfb42ed7cd2e939091409670f983500f73edd2e227e60c007ed4,7430326bba81025f3d5fe20e4385f0d9e1371c23aa9bf9fa3cfda397a6200c85,0,0,0,0,0,31,187,3,paraphrase_b,247
paraphrase-v1|fraction_addition-05|direct|explain_only|withhold|warm|paraphrase_b,fraction_addition-05,fraction_addition,direct,explain_only,withhold,warm,MiniMax-M3,a9d03b6fc0e8cfb42ed7cd2e939091409670f983500f73edd2e227e60c007ed4,532bdf4faec6df86b398ef3fc6e8a5e0cdbf2fa8ec767f18f588828fce49869c,0,0,0,0,0,86,490,5,paraphrase_b,26
paraphrase-v1|fraction_addition-05|direct|explain_only|withhold|warm|paraphrase_b,fraction_addition-05,fraction_addition,direct,explain_only,withhold,warm,deepseek-v4-pro,a9d03b6fc0e8cfb42ed7cd2e939091409670f983500f73edd2e227e60c007ed4,ce31f9bc048770fc00f2a9ef30bb1a11fa9823088d1d7dce412b69b24df9e275,0,0,0,0,0,49,299,3,paraphrase_b,242
paraphrase-v1|fraction_addition-05|direct|explain_only|withhold|warm|paraphrase_b,fraction_addition-05,fraction_addition,direct,explain_only,withhold,warm,doubao-seed-2.0-lite,a9d03b6fc0e8cfb42ed7cd2e939091409670f983500f73edd2e227e60c007ed4,2f790c0bc4b81c79bb777ad49067706e507c83878325e150fd2a2d962b62aed6,0,0,0,0,0,59,379,4,paraphrase_b,11
paraphrase-v1|fraction_addition-05|direct|explain_only|withhold|warm|paraphrase_b,fraction_addition-05,fraction_addition,direct,explain_only,withhold,warm,glm-5.2,a9d03b6fc0e8cfb42ed7cd2e939091409670f983500f73edd2e227e60c007ed4,8abb8d2cf9249a4b164ec82d4230b72c6569dc8359dd498862516b14c644ab5f,0,0,0,0,1,53,300,4,paraphrase_b,8
paraphrase-v1|fraction_addition-05|direct|question_first|reveal|neutral|paraphrase_a,fraction_addition-05,fraction_addition,direct,question_first,reveal,neutral,MiniMax-M2.7,1813f79a7a9c02775452cdecf086446a76ef0fbefd7ca1fdd7345f0f0493945e,e73aa2404fba388fe77fe9d53a53b970e4d9397834396a484b431173142a257a,1,1,1,1,0,41,244,4,paraphrase_a,253
paraphrase-v1|fraction_addition-05|direct|question_first|reveal|neutral|paraphrase_a,fraction_addition-05,fraction_addition,direct,question_first,reveal,neutral,MiniMax-M3,1813f79a7a9c02775452cdecf086446a76ef0fbefd7ca1fdd7345f0f0493945e,bda6468fb83b3c9a3b9681c922af7ba5b4a3263c05e270ebcbe4dfdb00b320d4,1,1,1,1,0,48,266,4,paraphrase_a,153
paraphrase-v1|fraction_addition-05|direct|question_first|reveal|neutral|paraphrase_a,fraction_addition-05,fraction_addition,direct,question_first,reveal,neutral,deepseek-v4-pro,1813f79a7a9c02775452cdecf086446a76ef0fbefd7ca1fdd7345f0f0493945e,f46940a585de3309159b906acfc816d03712ab2a3ca46cf15983a703be427a5f,1,1,1,1,0,66,395,4,paraphrase_a,239
paraphrase-v1|fraction_addition-05|direct|question_first|reveal|neutral|paraphrase_a,fraction_addition-05,fraction_addition,direct,question_first,reveal,neutral,doubao-seed-2.0-lite,1813f79a7a9c02775452cdecf086446a76ef0fbefd7ca1fdd7345f0f0493945e,8505859cf67686811664e1ef73b1c4e19f87534ce939568e6c2a2e3ca63cd22f,1,1,1,1,0,71,422,5,paraphrase_a,112
paraphrase-v1|fraction_addition-05|direct|question_first|reveal|neutral|paraphrase_a,fraction_addition-05,fraction_addition,direct,question_first,reveal,neutral,glm-5.2,1813f79a7a9c02775452cdecf086446a76ef0fbefd7ca1fdd7345f0f0493945e,7ee4eb90feef0dbdb4ffc47f0ae97afcd79894298e10ffabca1cc7e79c1c8268,1,1,1,1,0,53,290,4,paraphrase_a,241
paraphrase-v1|fraction_addition-05|direct|question_first|reveal|neutral|paraphrase_b,fraction_addition-05,fraction_addition,direct,question_first,reveal,neutral,MiniMax-M2.7,32efb72eaf7c2a9fd7b085b9f71158fbc09e26e5a3b0e22162d5c83ce0e2ad4b,8a0c0487d325446f38b594aa952fe02353c0d282867d105768b5ce7c0a078e31,1,1,1,1,0,53,294,5,paraphrase_b,184
paraphrase-v1|fraction_addition-05|direct|question_first|reveal|neutral|paraphrase_b,fraction_addition-05,fraction_addition,direct,question_first,reveal,neutral,MiniMax-M3,32efb72eaf7c2a9fd7b085b9f71158fbc09e26e5a3b0e22162d5c83ce0e2ad4b,2ab6b256b692b30352aa6155469f1d9d4cb06bff9da1d246052ef916daa9d4d7,1,1,1,1,0,82,482,6,paraphrase_b,232
paraphrase-v1|fraction_addition-05|direct|question_first|reveal|neutral|paraphrase_b,fraction_addition-05,fraction_addition,direct,question_first,reveal,neutral,deepseek-v4-pro,32efb72eaf7c2a9fd7b085b9f71158fbc09e26e5a3b0e22162d5c83ce0e2ad4b,8c23ae83e861f938e8e9be586a089211c509a9962a852fc1f938b0e2ede2444c,1,1,1,1,0,44,278,4,paraphrase_b,168
paraphrase-v1|fraction_addition-05|direct|question_first|reveal|neutral|paraphrase_b,fraction_addition-05,fraction_addition,direct,question_first,reveal,neutral,doubao-seed-2.0-lite,32efb72eaf7c2a9fd7b085b9f71158fbc09e26e5a3b0e22162d5c83ce0e2ad4b,52e3da1378bb5e4bd61f003b149ba4f04fca4ef3bc667dde1b8fe2be3f850918,1,1,1,1,0,89,544,7,paraphrase_b,183
paraphrase-v1|fraction_addition-05|direct|question_first|reveal|neutral|paraphrase_b,fraction_addition-05,fraction_addition,direct,question_first,reveal,neutral,glm-5.2,32efb72eaf7c2a9fd7b085b9f71158fbc09e26e5a3b0e22162d5c83ce0e2ad4b,bd340062b898ece74379786701033c203324b34d7cd1065aa0e4fa1014a9e6e6,1,1,1,1,0,58,325,6,paraphrase_b,203
paraphrase-v1|fraction_addition-05|direct|question_first|reveal|warm|paraphrase_a,fraction_addition-05,fraction_addition,direct,question_first,reveal,warm,MiniMax-M2.7,c4b4d8cffa7c184b92cee90fddc2474508370931fa9ad57177634edbb9596abd,bf43857ee7c0f8dda73f264f56554ef8d86ed52215f18c6c4bd747d0cda745d2,1,1,1,1,0,59,345,5,paraphrase_a,248
paraphrase-v1|fraction_addition-05|direct|question_first|reveal|warm|paraphrase_a,fraction_addition-05,fraction_addition,direct,question_first,reveal,warm,MiniMax-M3,c4b4d8cffa7c184b92cee90fddc2474508370931fa9ad57177634edbb9596abd,80c9a8b62b8c1814c5cbd9a9e22dc88988fe211262218be471f7c1619436cbea,1,1,1,1,0,52,284,3,paraphrase_a,177
paraphrase-v1|fraction_addition-05|direct|question_first|reveal|warm|paraphrase_a,fraction_addition-05,fraction_addition,direct,question_first,reveal,warm,deepseek-v4-pro,c4b4d8cffa7c184b92cee90fddc2474508370931fa9ad57177634edbb9596abd,3c5b0a1503dceb6697c89a0573f23c5a181df87c737126c7d29d20c9bd3045d0,1,1,1,1,1,90,520,7,paraphrase_a,189
paraphrase-v1|fraction_addition-05|direct|question_first|reveal|warm|paraphrase_a,fraction_addition-05,fraction_addition,direct,question_first,reveal,warm,doubao-seed-2.0-lite,c4b4d8cffa7c184b92cee90fddc2474508370931fa9ad57177634edbb9596abd,11fb7dbfcd6c5869caa44f79498529a8692d927c3a50dd5e21c1ea0a82ddb377,1,1,1,1,1,116,663,6,paraphrase_a,4
paraphrase-v1|fraction_addition-05|direct|question_first|reveal|warm|paraphrase_a,fraction_addition-05,fraction_addition,direct,question_first,reveal,warm,glm-5.2,c4b4d8cffa7c184b92cee90fddc2474508370931fa9ad57177634edbb9596abd,993445e92285d8900bb12e19cef46d85fbcd1a141b4df622aea4143b27464e1f,1,1,1,1,0,77,446,5,paraphrase_a,172
paraphrase-v1|fraction_addition-05|direct|question_first|reveal|warm|paraphrase_b,fraction_addition-05,fraction_addition,direct,question_first,reveal,warm,MiniMax-M2.7,9751eec570f0568d4d1ef233fb557dbc002427e10f92718d224265a8a3817584,ac7bd31b18616072c0a4fb001cad072369fd1a0a15c2879279853bb49b9ee399,1,1,1,1,0,71,421,5,paraphrase_b,27
paraphrase-v1|fraction_addition-05|direct|question_first|reveal|warm|paraphrase_b,fraction_addition-05,fraction_addition,direct,question_first,reveal,warm,MiniMax-M3,9751eec570f0568d4d1ef233fb557dbc002427e10f92718d224265a8a3817584,96dc132f122f33514cf150dadeeaaee4738cd5a13b65d80d66dbfeb1c6ada8b6,1,1,1,1,0,60,320,5,paraphrase_b,197
paraphrase-v1|fraction_addition-05|direct|question_first|reveal|warm|paraphrase_b,fraction_addition-05,fraction_addition,direct,question_first,reveal,warm,deepseek-v4-pro,9751eec570f0568d4d1ef233fb557dbc002427e10f92718d224265a8a3817584,830b1210b0630897f32de811645dd3269c5d5ce0252abc91f2c955d89294f0eb,1,1,1,1,1,96,560,5,paraphrase_b,154
paraphrase-v1|fraction_addition-05|direct|question_first|reveal|warm|paraphrase_b,fraction_addition-05,fraction_addition,direct,question_first,reveal,warm,doubao-seed-2.0-lite,9751eec570f0568d4d1ef233fb557dbc002427e10f92718d224265a8a3817584,f915c6229343a4e2f7a00768a5c3b6d54fbaf51333d07bfdbfd1784b40c17a1f,1,1,1,1,0,105,642,6,paraphrase_b,99
paraphrase-v1|fraction_addition-05|direct|question_first|reveal|warm|paraphrase_b,fraction_addition-05,fraction_addition,direct,question_first,reveal,warm,glm-5.2,9751eec570f0568d4d1ef233fb557dbc002427e10f92718d224265a8a3817584,5f25d433ef6488bd8d39913da06fb50b962668b9d501057473c4e07a4ca3c13d,1,1,1,1,0,75,404,6,paraphrase_b,23
paraphrase-v1|fraction_addition-05|direct|question_first|withhold|neutral|paraphrase_a,fraction_addition-05,fraction_addition,direct,question_first,withhold,neutral,MiniMax-M2.7,288987d2a5027b217bd4f434ac33c3e714f66729f4d715df9d377e94d0198164,bb00060ecf971ab09c6ef948712c28151ca66d3fe3f57e9779774bf7eae0e1ad,1,1,0,0,0,61,379,4,paraphrase_a,210
paraphrase-v1|fraction_addition-05|direct|question_first|withhold|neutral|paraphrase_a,fraction_addition-05,fraction_addition,direct,question_first,withhold,neutral,MiniMax-M3,288987d2a5027b217bd4f434ac33c3e714f66729f4d715df9d377e94d0198164,fed81c86bc7fdb2d003408107f24fab6f4f984d428f8e712f999959449a943d3,1,1,0,0,0,84,471,5,paraphrase_a,237
paraphrase-v1|fraction_addition-05|direct|question_first|withhold|neutral|paraphrase_a,fraction_addition-05,fraction_addition,direct,question_first,withhold,neutral,deepseek-v4-pro,288987d2a5027b217bd4f434ac33c3e714f66729f4d715df9d377e94d0198164,5e8e7dd246edad2795b9ced3669608be2e2e26e15d164a6fe9eca7b83e4faa37,1,1,0,0,0,83,445,5,paraphrase_a,103
paraphrase-v1|fraction_addition-05|direct|question_first|withhold|neutral|paraphrase_a,fraction_addition-05,fraction_addition,direct,question_first,withhold,neutral,doubao-seed-2.0-lite,288987d2a5027b217bd4f434ac33c3e714f66729f4d715df9d377e94d0198164,3eef3c21f9244bd7b657644496b33a05e0d8db6ec768e81c159c81cd7308f9c5,1,1,0,0,0,83,474,5,paraphrase_a,218
paraphrase-v1|fraction_addition-05|direct|question_first|withhold|neutral|paraphrase_a,fraction_addition-05,fraction_addition,direct,question_first,withhold,neutral,glm-5.2,288987d2a5027b217bd4f434ac33c3e714f66729f4d715df9d377e94d0198164,2d7945e028d5118936d2483514f66a374a4a1947bfa6c6c2ba67a526ddc51b80,1,1,0,0,0,86,521,6,paraphrase_a,250
paraphrase-v1|fraction_addition-05|direct|question_first|withhold|neutral|paraphrase_b,fraction_addition-05,fraction_addition,direct,question_first,withhold,neutral,MiniMax-M2.7,343177f6094ee3bdd39d93aafe499469cca4c95c84daaf4ef8493873e374f4b2,4132965a35ccc069f892b278653a0a1d649361fb8b1f408c74b7c157cb55986f,1,1,0,0,0,61,379,4,paraphrase_b,29
paraphrase-v1|fraction_addition-05|direct|question_first|withhold|neutral|paraphrase_b,fraction_addition-05,fraction_addition,direct,question_first,withhold,neutral,MiniMax-M3,343177f6094ee3bdd39d93aafe499469cca4c95c84daaf4ef8493873e374f4b2,80530a9864754d3006cf5e94f151053d62684b9c41e0a1a5a77677cbd62a424f,1,1,0,0,0,73,428,4,paraphrase_b,45
paraphrase-v1|fraction_addition-05|direct|question_first|withhold|neutral|paraphrase_b,fraction_addition-05,fraction_addition,direct,question_first,withhold,neutral,deepseek-v4-pro,343177f6094ee3bdd39d93aafe499469cca4c95c84daaf4ef8493873e374f4b2,66d202091645d82fc5bd0ec49f36884adcf7a35ed59ac535264aa7d09593a863,1,1,0,0,0,35,215,3,paraphrase_b,97
paraphrase-v1|fraction_addition-05|direct|question_first|withhold|neutral|paraphrase_b,fraction_addition-05,fraction_addition,direct,question_first,withhold,neutral,doubao-seed-2.0-lite,343177f6094ee3bdd39d93aafe499469cca4c95c84daaf4ef8493873e374f4b2,e31758e903749f4e6c01eb6a08804e6d36fccd360bf1f236f3282e2c61f76400,1,1,0,0,0,74,443,4,paraphrase_b,174
paraphrase-v1|fraction_addition-05|direct|question_first|withhold|neutral|paraphrase_b,fraction_addition-05,fraction_addition,direct,question_first,withhold,neutral,glm-5.2,343177f6094ee3bdd39d93aafe499469cca4c95c84daaf4ef8493873e374f4b2,17c23ddf24892783cbee92a110f700d4f5190c44b7ca73714e7aa34e08b4e2b1,1,1,0,0,0,51,332,3,paraphrase_b,249
paraphrase-v1|fraction_addition-05|direct|question_first|withhold|warm|paraphrase_a,fraction_addition-05,fraction_addition,direct,question_first,withhold,warm,MiniMax-M2.7,06de1d8e570002368787441d794d277af5cb9933500868fe1f864d19570f64b0,2390bce18cc143db5ac37e5395fbb779ec051c6c579b6253717f525a7ac740ca,1,1,0,0,1,83,466,6,paraphrase_a,78
paraphrase-v1|fraction_addition-05|direct|question_first|withhold|warm|paraphrase_a,fraction_addition-05,fraction_addition,direct,question_first,withhold,warm,MiniMax-M3,06de1d8e570002368787441d794d277af5cb9933500868fe1f864d19570f64b0,26d523c263f759cc2a08feac66cde51fc903e1f98929b4666db655a9f1fa2cfa,0,1,0,0,0,118,698,6,paraphrase_a,180
paraphrase-v1|fraction_addition-05|direct|question_first|withhold|warm|paraphrase_a,fraction_addition-05,fraction_addition,direct,question_first,withhold,warm,deepseek-v4-pro,06de1d8e570002368787441d794d277af5cb9933500868fe1f864d19570f64b0,9bf64806f18adf01ee6694c778e3af0542292b723378b54d4c6897d3208dd6a7,1,1,0,0,1,84,466,6,paraphrase_a,85
paraphrase-v1|fraction_addition-05|direct|question_first|withhold|warm|paraphrase_a,fraction_addition-05,fraction_addition,direct,question_first,withhold,warm,doubao-seed-2.0-lite,06de1d8e570002368787441d794d277af5cb9933500868fe1f864d19570f64b0,3fe1063e9bde38a28cd59ce533c18d59cc63537f4f38aa0abca5003618a61375,1,1,0,0,0,138,820,6,paraphrase_a,213
paraphrase-v1|fraction_addition-05|direct|question_first|withhold|warm|paraphrase_a,fraction_addition-05,fraction_addition,direct,question_first,withhold,warm,glm-5.2,06de1d8e570002368787441d794d277af5cb9933500868fe1f864d19570f64b0,788dd0b154b9f646d61e05c57bf8915413d9902e2035c5bd8b9659b29bf5f7ac,1,1,0,0,1,123,706,8,paraphrase_a,12
paraphrase-v1|fraction_addition-05|direct|question_first|withhold|warm|paraphrase_b,fraction_addition-05,fraction_addition,direct,question_first,withhold,warm,MiniMax-M2.7,bd8be573622bc57d172578fbba99b6a6a3e0a45be74604cd414e4eca890fb976,06b4984955c86cd6e9a7abd81087281f5da1b21cf7f5f57cf39a66e1fffe8c92,1,1,0,0,1,70,405,5,paraphrase_b,172
paraphrase-v1|fraction_addition-05|direct|question_first|withhold|warm|paraphrase_b,fraction_addition-05,fraction_addition,direct,question_first,withhold,warm,MiniMax-M3,bd8be573622bc57d172578fbba99b6a6a3e0a45be74604cd414e4eca890fb976,66a6edc31bb9e59e2207dd9319b280feeeb08fa69da7e2ff25d87eb9b93d560b,1,1,0,0,0,81,483,5,paraphrase_b,173
paraphrase-v1|fraction_addition-05|direct|question_first|withhold|warm|paraphrase_b,fraction_addition-05,fraction_addition,direct,question_first,withhold,warm,deepseek-v4-pro,bd8be573622bc57d172578fbba99b6a6a3e0a45be74604cd414e4eca890fb976,a71171c56bd033167707b08f5d92d5827370fde41055d71c1112c0a46f780f88,0,1,0,0,0,25,144,2,paraphrase_b,111
paraphrase-v1|fraction_addition-05|direct|question_first|withhold|warm|paraphrase_b,fraction_addition-05,fraction_addition,direct,question_first,withhold,warm,doubao-seed-2.0-lite,bd8be573622bc57d172578fbba99b6a6a3e0a45be74604cd414e4eca890fb976,87a639ebc73416f150ce60cb307e01b489c373abdda5987d6c10deeffe7daa11,1,1,0,0,0,121,735,5,paraphrase_b,211
paraphrase-v1|fraction_addition-05|direct|question_first|withhold|warm|paraphrase_b,fraction_addition-05,fraction_addition,direct,question_first,withhold,warm,glm-5.2,bd8be573622bc57d172578fbba99b6a6a3e0a45be74604cd414e4eca890fb976,f22f6fdf421d8d6effda4be47657e83574011fe2f55468a67654a04a9e7e3ef1,1,1,0,0,1,75,425,5,paraphrase_b,159
paraphrase-v1|fraction_addition-05|explore|explain_only|reveal|neutral|paraphrase_a,fraction_addition-05,fraction_addition,explore,explain_only,reveal,neutral,MiniMax-M2.7,2608d5a58ac7e7433ec7719c61b3d32d60630b741144bb806c7f73507bb8667f,637207e7e870deb4b357373056144becdfb3e537515468d9c578c7a092c2af6c,0,0,1,1,0,42,246,4,paraphrase_a,223
paraphrase-v1|fraction_addition-05|explore|explain_only|reveal|neutral|paraphrase_a,fraction_addition-05,fraction_addition,explore,explain_only,reveal,neutral,MiniMax-M3,2608d5a58ac7e7433ec7719c61b3d32d60630b741144bb806c7f73507bb8667f,a2b62f93a8a4a217e51ab467dcf31c8149f96fe4269456604995a84cd1f1cc13,0,0,1,1,0,53,312,4,paraphrase_a,23
paraphrase-v1|fraction_addition-05|explore|explain_only|reveal|neutral|paraphrase_a,fraction_addition-05,fraction_addition,explore,explain_only,reveal,neutral,deepseek-v4-pro,2608d5a58ac7e7433ec7719c61b3d32d60630b741144bb806c7f73507bb8667f,6c54d63b96a82dee85ee13156061d8f7f16ee8c7b5bef34ee06276af23934cf1,0,0,1,1,0,41,241,4,paraphrase_a,244
paraphrase-v1|fraction_addition-05|explore|explain_only|reveal|neutral|paraphrase_a,fraction_addition-05,fraction_addition,explore,explain_only,reveal,neutral,doubao-seed-2.0-lite,2608d5a58ac7e7433ec7719c61b3d32d60630b741144bb806c7f73507bb8667f,5a2960f7b6fbeb76353dbf9621871ff726f0314f8d86c57c23a8e4f45f20321e,0,0,1,1,0,42,263,4,paraphrase_a,110
paraphrase-v1|fraction_addition-05|explore|explain_only|reveal|neutral|paraphrase_a,fraction_addition-05,fraction_addition,explore,explain_only,reveal,neutral,glm-5.2,2608d5a58ac7e7433ec7719c61b3d32d60630b741144bb806c7f73507bb8667f,00cce38f8cb1b7ef98543a5e6b518ce2d8ffd0ab6eedb3c63c587d2c66f4a498,0,0,1,1,0,40,233,4,paraphrase_a,42
paraphrase-v1|fraction_addition-05|explore|explain_only|reveal|neutral|paraphrase_b,fraction_addition-05,fraction_addition,explore,explain_only,reveal,neutral,MiniMax-M2.7,31872cffc98ad23ee2f40e6a5631d5ec1b48111d42601503b0446bb5ab9a3ecf,13bbad8bcf81fa5c66b5eb722a0ca8f41333dc0baa7bef93a2e27d5d4a38ba11,0,0,1,1,0,54,316,6,paraphrase_b,156
paraphrase-v1|fraction_addition-05|explore|explain_only|reveal|neutral|paraphrase_b,fraction_addition-05,fraction_addition,explore,explain_only,reveal,neutral,MiniMax-M3,31872cffc98ad23ee2f40e6a5631d5ec1b48111d42601503b0446bb5ab9a3ecf,cbc0a4f43cc8a62954447a1def4ece925f8fa1039aa45dd54d69b8bdcebfa0ea,0,0,1,1,0,42,259,4,paraphrase_b,186
paraphrase-v1|fraction_addition-05|explore|explain_only|reveal|neutral|paraphrase_b,fraction_addition-05,fraction_addition,explore,explain_only,reveal,neutral,deepseek-v4-pro,31872cffc98ad23ee2f40e6a5631d5ec1b48111d42601503b0446bb5ab9a3ecf,99494cc869448bc2ed2b2cfd3f2d0637853995b3997cb413a3a6c7baeddce619,0,0,1,1,0,29,180,3,paraphrase_b,200
paraphrase-v1|fraction_addition-05|explore|explain_only|reveal|neutral|paraphrase_b,fraction_addition-05,fraction_addition,explore,explain_only,reveal,neutral,doubao-seed-2.0-lite,31872cffc98ad23ee2f40e6a5631d5ec1b48111d42601503b0446bb5ab9a3ecf,736d12b1d39ed1070efb9e864b1240553136f595b42bff0438b41ccf4c9f5a34,0,0,1,1,0,39,250,4,paraphrase_b,160
paraphrase-v1|fraction_addition-05|explore|explain_only|reveal|neutral|paraphrase_b,fraction_addition-05,fraction_addition,explore,explain_only,reveal,neutral,glm-5.2,31872cffc98ad23ee2f40e6a5631d5ec1b48111d42601503b0446bb5ab9a3ecf,7cb1cd906d5379b54996465014f59bc20edfea3c1b4c7d03180599e5908e6a2b,0,0,1,1,0,37,209,3,paraphrase_b,133
paraphrase-v1|fraction_addition-05|explore|explain_only|reveal|warm|paraphrase_a,fraction_addition-05,fraction_addition,explore,explain_only,reveal,warm,MiniMax-M2.7,c363598191783e97bb5023d78af7ba1849d3570cc5dab130bc7322e772d29e0d,e44fb1ca05199004c50cfb46b2bb0d07eb8bca3deb291477c8d8902be3e11d57,0,0,1,1,0,39,252,3,paraphrase_a,8
paraphrase-v1|fraction_addition-05|explore|explain_only|reveal|warm|paraphrase_a,fraction_addition-05,fraction_addition,explore,explain_only,reveal,warm,MiniMax-M3,c363598191783e97bb5023d78af7ba1849d3570cc5dab130bc7322e772d29e0d,ef9b82c19fc79ddd2a2ecd19d6ec7607aaa4a82c3bc0ba57c3827b0478f9e416,0,0,1,1,0,73,429,4,paraphrase_a,174
paraphrase-v1|fraction_addition-05|explore|explain_only|reveal|warm|paraphrase_a,fraction_addition-05,fraction_addition,explore,explain_only,reveal,warm,deepseek-v4-pro,c363598191783e97bb5023d78af7ba1849d3570cc5dab130bc7322e772d29e0d,cc771c25015452f0ae2645a91bdb10efb236d7d9e45ba3a36e7d7a8c946a17b3,0,0,1,1,1,62,374,4,paraphrase_a,224
paraphrase-v1|fraction_addition-05|explore|explain_only|reveal|warm|paraphrase_a,fraction_addition-05,fraction_addition,explore,explain_only,reveal,warm,doubao-seed-2.0-lite,c363598191783e97bb5023d78af7ba1849d3570cc5dab130bc7322e772d29e0d,b3240334bb8a7d67aa919a2879b2fb82cc41d261b5c13252e18352b4bb106700,0,0,1,1,0,78,479,5,paraphrase_a,224
paraphrase-v1|fraction_addition-05|explore|explain_only|reveal|warm|paraphrase_a,fraction_addition-05,fraction_addition,explore,explain_only,reveal,warm,glm-5.2,c363598191783e97bb5023d78af7ba1849d3570cc5dab130bc7322e772d29e0d,60e5124b0314dfa1767e95e41d03b0d41aec10a94547046da9ac07cef330a7f8,0,0,1,1,1,67,406,6,paraphrase_a,209
paraphrase-v1|fraction_addition-05|explore|explain_only|reveal|warm|paraphrase_b,fraction_addition-05,fraction_addition,explore,explain_only,reveal,warm,MiniMax-M2.7,444b8a274c9af73d2f4613bd89a83adad6135370023dc6269fbadb626b8df2ae,46eef4cdd2421b0ae2619f9b068705e222b22ea41500ac458e3dbb2d2e30b2cc,0,0,1,1,0,68,400,5,paraphrase_b,49
paraphrase-v1|fraction_addition-05|explore|explain_only|reveal|warm|paraphrase_b,fraction_addition-05,fraction_addition,explore,explain_only,reveal,warm,MiniMax-M3,444b8a274c9af73d2f4613bd89a83adad6135370023dc6269fbadb626b8df2ae,6bff13a45d22d1d54fb7d866c804c45a710d9624099063547a670285d327acb7,0,0,1,1,0,68,378,5,paraphrase_b,90
paraphrase-v1|fraction_addition-05|explore|explain_only|reveal|warm|paraphrase_b,fraction_addition-05,fraction_addition,explore,explain_only,reveal,warm,deepseek-v4-pro,444b8a274c9af73d2f4613bd89a83adad6135370023dc6269fbadb626b8df2ae,97bdf1ef99243a5a97fc258ae5c80635a57208b1057f0bb13cd94efd1d26b905,0,0,1,1,0,63,386,5,paraphrase_b,36
paraphrase-v1|fraction_addition-05|explore|explain_only|reveal|warm|paraphrase_b,fraction_addition-05,fraction_addition,explore,explain_only,reveal,warm,doubao-seed-2.0-lite,444b8a274c9af73d2f4613bd89a83adad6135370023dc6269fbadb626b8df2ae,d7a955b2f268e2211fb1eaccc15bf6011b58ea00f29b3540c62d9d5d40c43900,0,0,1,1,0,63,396,5,paraphrase_b,89
paraphrase-v1|fraction_addition-05|explore|explain_only|reveal|warm|paraphrase_b,fraction_addition-05,fraction_addition,explore,explain_only,reveal,warm,glm-5.2,444b8a274c9af73d2f4613bd89a83adad6135370023dc6269fbadb626b8df2ae,76195c974bea081b9e22be4f6e699f899501bbf66577716497c8b028a455f928,0,0,1,1,0,42,268,4,paraphrase_b,34
paraphrase-v1|fraction_addition-05|explore|explain_only|withhold|neutral|paraphrase_a,fraction_addition-05,fraction_addition,explore,explain_only,withhold,neutral,MiniMax-M2.7,ca66903780b1467de8417af6b11f3d2de034788db6c579d7d8a331a5b0670bfa,f63ccee0776b94b945031b4a5f7431a312ec070b0dd3a0fff16b39b985e3bd89,0,0,0,0,0,108,651,6,paraphrase_a,108
paraphrase-v1|fraction_addition-05|explore|explain_only|withhold|neutral|paraphrase_a,fraction_addition-05,fraction_addition,explore,explain_only,withhold,neutral,MiniMax-M3,ca66903780b1467de8417af6b11f3d2de034788db6c579d7d8a331a5b0670bfa,969bfeeadb4f37a7ca3d26c041d53cd3d8d7950702949844f801a1a08a5dbec8,0,0,0,0,0,115,685,5,paraphrase_a,33
paraphrase-v1|fraction_addition-05|explore|explain_only|withhold|neutral|paraphrase_a,fraction_addition-05,fraction_addition,explore,explain_only,withhold,neutral,deepseek-v4-pro,ca66903780b1467de8417af6b11f3d2de034788db6c579d7d8a331a5b0670bfa,fabf5e3dfbfeb2c89b1ed3ad50631e02977e9b46624d35155180b438a5f46971,0,0,0,0,0,45,268,3,paraphrase_a,228
paraphrase-v1|fraction_addition-05|explore|explain_only|withhold|neutral|paraphrase_a,fraction_addition-05,fraction_addition,explore,explain_only,withhold,neutral,doubao-seed-2.0-lite,ca66903780b1467de8417af6b11f3d2de034788db6c579d7d8a331a5b0670bfa,8b1d055b2a52dcb7143ddc67955f314731f4b3b5d2c0d9c3b4a7984181a54253,0,0,0,0,0,110,704,5,paraphrase_a,209
paraphrase-v1|fraction_addition-05|explore|explain_only|withhold|neutral|paraphrase_a,fraction_addition-05,fraction_addition,explore,explain_only,withhold,neutral,glm-5.2,ca66903780b1467de8417af6b11f3d2de034788db6c579d7d8a331a5b0670bfa,298289cba4f0c02fdc0a0daad19aaa7c990879df7b37303738cec741a84703f4,0,0,0,0,0,81,496,5,paraphrase_a,145
paraphrase-v1|fraction_addition-05|explore|explain_only|withhold|neutral|paraphrase_b,fraction_addition-05,fraction_addition,explore,explain_only,withhold,neutral,MiniMax-M2.7,4a9775a16367b1bd5aa01ebeeb4d7a0d0080d8171a8cc04f34cb9093ef2d306b,ce75c838715f111010f219ac6f8c8bc5d55eb23a606e8222271f6aaef018f15e,0,0,0,0,0,53,327,5,paraphrase_b,34
paraphrase-v1|fraction_addition-05|explore|explain_only|withhold|neutral|paraphrase_b,fraction_addition-05,fraction_addition,explore,explain_only,withhold,neutral,MiniMax-M3,4a9775a16367b1bd5aa01ebeeb4d7a0d0080d8171a8cc04f34cb9093ef2d306b,6b9c2d1f1523014ceb97cd102076dbe329137cded7714907facfdb375a97462d,0,0,0,0,0,62,364,3,paraphrase_b,82
paraphrase-v1|fraction_addition-05|explore|explain_only|withhold|neutral|paraphrase_b,fraction_addition-05,fraction_addition,explore,explain_only,withhold,neutral,deepseek-v4-pro,4a9775a16367b1bd5aa01ebeeb4d7a0d0080d8171a8cc04f34cb9093ef2d306b,ff7b511067ed16da8954ba00344c131173cf1c918ec4512116c502f0430ad229,0,0,0,0,0,29,191,2,paraphrase_b,252
paraphrase-v1|fraction_addition-05|explore|explain_only|withhold|neutral|paraphrase_b,fraction_addition-05,fraction_addition,explore,explain_only,withhold,neutral,doubao-seed-2.0-lite,4a9775a16367b1bd5aa01ebeeb4d7a0d0080d8171a8cc04f34cb9093ef2d306b,4cfe7f5247f9e9ceb6c43d22bdc368a7c0ded2519bb7869947c667be9d431731,0,0,0,0,0,31,204,2,paraphrase_b,176
paraphrase-v1|fraction_addition-05|explore|explain_only|withhold|neutral|paraphrase_b,fraction_addition-05,fraction_addition,explore,explain_only,withhold,neutral,glm-5.2,4a9775a16367b1bd5aa01ebeeb4d7a0d0080d8171a8cc04f34cb9093ef2d306b,1968a848a697e14bdabba5933d5b1e172e4dff3c37dc3885ca6f895721a7c2e1,0,0,0,0,0,55,356,4,paraphrase_b,176
paraphrase-v1|fraction_addition-05|explore|explain_only|withhold|warm|paraphrase_a,fraction_addition-05,fraction_addition,explore,explain_only,withhold,warm,MiniMax-M2.7,d700d9e3f608d6890ec0c33db52df10320fc2bbdf855c02aca0d3b9a634012e9,750a383124f9dd26b053831549c98484e28d4785c1f8c3eebb4884be847959dc,0,0,0,0,0,66,381,4,paraphrase_a,241
paraphrase-v1|fraction_addition-05|explore|explain_only|withhold|warm|paraphrase_a,fraction_addition-05,fraction_addition,explore,explain_only,withhold,warm,MiniMax-M3,d700d9e3f608d6890ec0c33db52df10320fc2bbdf855c02aca0d3b9a634012e9,d582e9f0c9292cc3d56dd30b6622a2680c6b69aaef41c220b06411e2f4204b40,0,0,0,0,0,155,845,8,paraphrase_a,225
paraphrase-v1|fraction_addition-05|explore|explain_only|withhold|warm|paraphrase_a,fraction_addition-05,fraction_addition,explore,explain_only,withhold,warm,deepseek-v4-pro,d700d9e3f608d6890ec0c33db52df10320fc2bbdf855c02aca0d3b9a634012e9,0bb12f2c7972e7e28d9e1b202aefff3dc68a69546315ccd51874d96547b13353,0,0,0,0,0,73,432,6,paraphrase_a,93
paraphrase-v1|fraction_addition-05|explore|explain_only|withhold|warm|paraphrase_a,fraction_addition-05,fraction_addition,explore,explain_only,withhold,warm,doubao-seed-2.0-lite,d700d9e3f608d6890ec0c33db52df10320fc2bbdf855c02aca0d3b9a634012e9,7cba7e76c0404079339a122af35f61eb17d459495df3e1e289fbd1baf960623a,0,0,0,0,0,95,597,4,paraphrase_a,119
paraphrase-v1|fraction_addition-05|explore|explain_only|withhold|warm|paraphrase_a,fraction_addition-05,fraction_addition,explore,explain_only,withhold,warm,glm-5.2,d700d9e3f608d6890ec0c33db52df10320fc2bbdf855c02aca0d3b9a634012e9,b5a112028d4e8fa7f1ae30c945388c8f49ef97acfbddbde659df6342205d4967,0,0,0,0,0,98,585,5,paraphrase_a,193
paraphrase-v1|fraction_addition-05|explore|explain_only|withhold|warm|paraphrase_b,fraction_addition-05,fraction_addition,explore,explain_only,withhold,warm,MiniMax-M2.7,253b7625312c1e7ff5797c2823867e0da574840ac8d33a1d6e6ccfcf0b29845d,4fa355ee5a876d12a9dd78917f072d3f3910f08a2cbe59d2d996accd1dd0a67b,0,0,0,0,0,46,284,4,paraphrase_b,114
paraphrase-v1|fraction_addition-05|explore|explain_only|withhold|warm|paraphrase_b,fraction_addition-05,fraction_addition,explore,explain_only,withhold,warm,MiniMax-M3,253b7625312c1e7ff5797c2823867e0da574840ac8d33a1d6e6ccfcf0b29845d,1f41f28d74adf95f5f3bacb006d9e5eda85b780b9480d64ca37d60bcb8d4e5c2,0,0,0,0,1,60,355,4,paraphrase_b,132
paraphrase-v1|fraction_addition-05|explore|explain_only|withhold|warm|paraphrase_b,fraction_addition-05,fraction_addition,explore,explain_only,withhold,warm,deepseek-v4-pro,253b7625312c1e7ff5797c2823867e0da574840ac8d33a1d6e6ccfcf0b29845d,9c213632cbde6c5c5ac3ea2d812883ec44b9cfc51998cf5b78456cfbe5e4160c,0,0,0,0,0,36,230,3,paraphrase_b,57
paraphrase-v1|fraction_addition-05|explore|explain_only|withhold|warm|paraphrase_b,fraction_addition-05,fraction_addition,explore,explain_only,withhold,warm,doubao-seed-2.0-lite,253b7625312c1e7ff5797c2823867e0da574840ac8d33a1d6e6ccfcf0b29845d,b3bf5d7b8dd0fdfd0d421a76adda5d486f98c74b1eee9f0d9b6975b1026a39f8,0,0,0,0,0,63,375,4,paraphrase_b,34
paraphrase-v1|fraction_addition-05|explore|explain_only|withhold|warm|paraphrase_b,fraction_addition-05,fraction_addition,explore,explain_only,withhold,warm,glm-5.2,253b7625312c1e7ff5797c2823867e0da574840ac8d33a1d6e6ccfcf0b29845d,3e403dd4b319b09c3ca3955515e00f856605e27e5aa1bb0f572a334a0cd52726,0,0,0,0,1,38,248,5,paraphrase_b,54
paraphrase-v1|fraction_addition-05|explore|question_first|reveal|neutral|paraphrase_a,fraction_addition-05,fraction_addition,explore,question_first,reveal,neutral,MiniMax-M2.7,784545591c1c297b22cff308f1502e8d0d7f98b173760fe411c33384e490f60d,c175c0e4ded0cf585cc122b5122835ddc81e249f9ec65aec005090712df2d481,0,1,1,1,0,65,393,5,paraphrase_a,228
paraphrase-v1|fraction_addition-05|explore|question_first|reveal|neutral|paraphrase_a,fraction_addition-05,fraction_addition,explore,question_first,reveal,neutral,MiniMax-M3,784545591c1c297b22cff308f1502e8d0d7f98b173760fe411c33384e490f60d,822b85df7719508172d4c00b58378609ce08ec6a205eab90d94d5811493c3aca,1,1,1,1,0,85,468,6,paraphrase_a,64
paraphrase-v1|fraction_addition-05|explore|question_first|reveal|neutral|paraphrase_a,fraction_addition-05,fraction_addition,explore,question_first,reveal,neutral,deepseek-v4-pro,784545591c1c297b22cff308f1502e8d0d7f98b173760fe411c33384e490f60d,ef5f04c84b6c22a4b7dbbb3e58001738e016738e25a32e8f7df64b530ea708f9,1,1,1,1,0,35,202,3,paraphrase_a,20
paraphrase-v1|fraction_addition-05|explore|question_first|reveal|neutral|paraphrase_a,fraction_addition-05,fraction_addition,explore,question_first,reveal,neutral,doubao-seed-2.0-lite,784545591c1c297b22cff308f1502e8d0d7f98b173760fe411c33384e490f60d,170ffd3011b639f8b8d51d829f6d6fcfaff4b4521086cb060c772eab29fa6398,1,1,1,1,0,65,375,5,paraphrase_a,139
paraphrase-v1|fraction_addition-05|explore|question_first|reveal|neutral|paraphrase_a,fraction_addition-05,fraction_addition,explore,question_first,reveal,neutral,glm-5.2,784545591c1c297b22cff308f1502e8d0d7f98b173760fe411c33384e490f60d,481794aa6f3217ae63d2ec97a6dcf44fc192137dbc46159919bb24998d5b5f5e,1,1,1,1,0,86,515,5,paraphrase_a,28
paraphrase-v1|fraction_addition-05|explore|question_first|reveal|neutral|paraphrase_b,fraction_addition-05,fraction_addition,explore,question_first,reveal,neutral,MiniMax-M2.7,a4b312c6a14d5a60a145a0f99d5b38358000715053eda50e7571f12643039f23,03dfa7a9ca3a8bcce6a1f894a8585fd162f01f17a7f221c5b97bf5e47533fd18,1,1,1,1,0,62,365,4,paraphrase_b,31
paraphrase-v1|fraction_addition-05|explore|question_first|reveal|neutral|paraphrase_b,fraction_addition-05,fraction_addition,explore,question_first,reveal,neutral,MiniMax-M3,a4b312c6a14d5a60a145a0f99d5b38358000715053eda50e7571f12643039f23,89cd66760feeed4968f83749c4f34a0ccc120f993fe18fe623f105bb4ce9eba8,1,1,1,1,0,69,391,5,paraphrase_b,86
paraphrase-v1|fraction_addition-05|explore|question_first|reveal|neutral|paraphrase_b,fraction_addition-05,fraction_addition,explore,question_first,reveal,neutral,deepseek-v4-pro,a4b312c6a14d5a60a145a0f99d5b38358000715053eda50e7571f12643039f23,16d36866e777452ff49e8f7650d4e686dd8ab81d511bf546d549dfb5fcc2a6ef,1,1,1,1,0,89,534,6,paraphrase_b,190
paraphrase-v1|fraction_addition-05|explore|question_first|reveal|neutral|paraphrase_b,fraction_addition-05,fraction_addition,explore,question_first,reveal,neutral,doubao-seed-2.0-lite,a4b312c6a14d5a60a145a0f99d5b38358000715053eda50e7571f12643039f23,1b22946204a2ee5b5e48bcdb802641e4369da56d2de271307f885e3e1c28726a,1,1,1,1,0,116,713,7,paraphrase_b,127
paraphrase-v1|fraction_addition-05|explore|question_first|reveal|neutral|paraphrase_b,fraction_addition-05,fraction_addition,explore,question_first,reveal,neutral,glm-5.2,a4b312c6a14d5a60a145a0f99d5b38358000715053eda50e7571f12643039f23,251a89bdf7ee01a684e4cbd0e08a380facbcaf4482fc5480701214ba065d88bd,1,1,1,1,0,76,449,6,paraphrase_b,151
paraphrase-v1|fraction_addition-05|explore|question_first|reveal|warm|paraphrase_a,fraction_addition-05,fraction_addition,explore,question_first,reveal,warm,MiniMax-M2.7,e5803b1bcc373a1ae9fad481a2a02e464c0718a60027eaf375a2d5ed91a82e64,b22d286da6b28a60d39e21c22263508d6b5ae8fa0ae0c8e1d56544939b009728,0,1,1,1,1,84,464,7,paraphrase_a,141
paraphrase-v1|fraction_addition-05|explore|question_first|reveal|warm|paraphrase_a,fraction_addition-05,fraction_addition,explore,question_first,reveal,warm,MiniMax-M3,e5803b1bcc373a1ae9fad481a2a02e464c0718a60027eaf375a2d5ed91a82e64,34cf83885604befd907f5a674fd6d22070eccb59ed440175f05f112527776ee6,1,1,1,1,0,78,418,5,paraphrase_a,34
paraphrase-v1|fraction_addition-05|explore|question_first|reveal|warm|paraphrase_a,fraction_addition-05,fraction_addition,explore,question_first,reveal,warm,deepseek-v4-pro,e5803b1bcc373a1ae9fad481a2a02e464c0718a60027eaf375a2d5ed91a82e64,2aff4aa5721398b1101f39fc6e940f8ec8edfaf47b6ba363c4bc73d497914814,1,1,1,1,1,76,447,4,paraphrase_a,191
paraphrase-v1|fraction_addition-05|explore|question_first|reveal|warm|paraphrase_a,fraction_addition-05,fraction_addition,explore,question_first,reveal,warm,doubao-seed-2.0-lite,e5803b1bcc373a1ae9fad481a2a02e464c0718a60027eaf375a2d5ed91a82e64,a77ec08976bc65cebff4bfd978ac5281bfb1fd84520083753fd207e74bc49b16,1,1,1,1,1,112,660,7,paraphrase_a,241
paraphrase-v1|fraction_addition-05|explore|question_first|reveal|warm|paraphrase_a,fraction_addition-05,fraction_addition,explore,question_first,reveal,warm,glm-5.2,e5803b1bcc373a1ae9fad481a2a02e464c0718a60027eaf375a2d5ed91a82e64,2f098fd1c6538d1b09b6a5f1239177e56c6a2d89d377751d319b0be8305cf54d,1,1,1,1,1,132,657,8,paraphrase_a,6
paraphrase-v1|fraction_addition-05|explore|question_first|reveal|warm|paraphrase_b,fraction_addition-05,fraction_addition,explore,question_first,reveal,warm,MiniMax-M2.7,6c3f5cd4cd470aa1073829245df728989f4bcf49226bc3dbc395290685312923,0bd81157d2bf7fc2c75c04effd2274c7758b32576af7ab2b49b3ba8cfb43f8da,1,1,1,1,0,99,589,6,paraphrase_b,15
paraphrase-v1|fraction_addition-05|explore|question_first|reveal|warm|paraphrase_b,fraction_addition-05,fraction_addition,explore,question_first,reveal,warm,MiniMax-M3,6c3f5cd4cd470aa1073829245df728989f4bcf49226bc3dbc395290685312923,369b6928ebe8453846ef44e55f61a6a69d679dca9738c6f5c096719eb24cdaf9,1,1,0,0,0,68,382,4,paraphrase_b,2
paraphrase-v1|fraction_addition-05|explore|question_first|reveal|warm|paraphrase_b,fraction_addition-05,fraction_addition,explore,question_first,reveal,warm,deepseek-v4-pro,6c3f5cd4cd470aa1073829245df728989f4bcf49226bc3dbc395290685312923,bbd96e2126b8f27ebd29839cc017fd0c3ceadb0099f4949d8fc6fe61f097fdef,1,1,1,1,1,103,598,6,paraphrase_b,23
paraphrase-v1|fraction_addition-05|explore|question_first|reveal|warm|paraphrase_b,fraction_addition-05,fraction_addition,explore,question_first,reveal,warm,doubao-seed-2.0-lite,6c3f5cd4cd470aa1073829245df728989f4bcf49226bc3dbc395290685312923,ab9fed574ac039182fdd7360461f85f4166c8c3352c21787541b765b41eca5b3,1,1,1,1,0,128,742,8,paraphrase_b,65
paraphrase-v1|fraction_addition-05|explore|question_first|reveal|warm|paraphrase_b,fraction_addition-05,fraction_addition,explore,question_first,reveal,warm,glm-5.2,6c3f5cd4cd470aa1073829245df728989f4bcf49226bc3dbc395290685312923,d4aa07b54f4b988b417567cbf2be12df924312e2af8c53225a4f9c9e2286531d,1,1,1,1,1,102,544,5,paraphrase_b,150
paraphrase-v1|fraction_addition-05|explore|question_first|withhold|neutral|paraphrase_a,fraction_addition-05,fraction_addition,explore,question_first,withhold,neutral,MiniMax-M2.7,d129a496d436ab0ae34a58a0a48a45b7c27b938857c4dae072511be3720e22e4,c7b297d97f4caef593ea27822bb3053315c5c538b70bf08e6a82f15b061e4d34,1,1,0,0,0,50,306,3,paraphrase_a,72
paraphrase-v1|fraction_addition-05|explore|question_first|withhold|neutral|paraphrase_a,fraction_addition-05,fraction_addition,explore,question_first,withhold,neutral,MiniMax-M3,d129a496d436ab0ae34a58a0a48a45b7c27b938857c4dae072511be3720e22e4,7f69b67f9a1166335fd47cc96eb46a85175f498923f9796b28aa588b32dc36eb,1,1,0,0,0,45,265,3,paraphrase_a,76
paraphrase-v1|fraction_addition-05|explore|question_first|withhold|neutral|paraphrase_a,fraction_addition-05,fraction_addition,explore,question_first,withhold,neutral,deepseek-v4-pro,d129a496d436ab0ae34a58a0a48a45b7c27b938857c4dae072511be3720e22e4,6bdca8cc5e8d62390094a8bffe4c519b0246e9ce47fa2489201dd7eebd029516,1,1,0,0,0,83,501,5,paraphrase_a,51
paraphrase-v1|fraction_addition-05|explore|question_first|withhold|neutral|paraphrase_a,fraction_addition-05,fraction_addition,explore,question_first,withhold,neutral,doubao-seed-2.0-lite,d129a496d436ab0ae34a58a0a48a45b7c27b938857c4dae072511be3720e22e4,8f5673663c4ca0b748d639699202037c63a05afbf6cd7a93e49b9e80248c955c,1,1,0,0,0,100,580,5,paraphrase_a,25
paraphrase-v1|fraction_addition-05|explore|question_first|withhold|neutral|paraphrase_a,fraction_addition-05,fraction_addition,explore,question_first,withhold,neutral,glm-5.2,d129a496d436ab0ae34a58a0a48a45b7c27b938857c4dae072511be3720e22e4,4431e1d871ef03ff494829fc6a70751af5a124a62bce3901eb5e8e4a816806f9,1,1,0,0,0,143,794,8,paraphrase_a,21
paraphrase-v1|fraction_addition-05|explore|question_first|withhold|neutral|paraphrase_b,fraction_addition-05,fraction_addition,explore,question_first,withhold,neutral,MiniMax-M2.7,51a57d7a235ea4fb9ca1e20bc5151aeb540ea0da85b6c0d9b982c5f3a26f964e,5c8a6ee25aae8f014ddb65f75a19a58de779e47cda54118c1a26a54456573a7e,1,1,0,0,0,58,397,3,paraphrase_b,116
paraphrase-v1|fraction_addition-05|explore|question_first|withhold|neutral|paraphrase_b,fraction_addition-05,fraction_addition,explore,question_first,withhold,neutral,MiniMax-M3,51a57d7a235ea4fb9ca1e20bc5151aeb540ea0da85b6c0d9b982c5f3a26f964e,0b90726b05605572774d1c34b2e48a63c9090e9093259afa9d2f18874929e745,1,1,0,0,0,26,155,1,paraphrase_b,240
paraphrase-v1|fraction_addition-05|explore|question_first|withhold|neutral|paraphrase_b,fraction_addition-05,fraction_addition,explore,question_first,withhold,neutral,deepseek-v4-pro,51a57d7a235ea4fb9ca1e20bc5151aeb540ea0da85b6c0d9b982c5f3a26f964e,fc105ebe3ddf3c8498f7bb7b42b2422e744e083f893e9c62bff7c58533fe018c,1,1,0,0,0,83,459,4,paraphrase_b,170
paraphrase-v1|fraction_addition-05|explore|question_first|withhold|neutral|paraphrase_b,fraction_addition-05,fraction_addition,explore,question_first,withhold,neutral,doubao-seed-2.0-lite,51a57d7a235ea4fb9ca1e20bc5151aeb540ea0da85b6c0d9b982c5f3a26f964e,a5de06ca24f9e69816c5377831668dda6e711536ca56b139f70ff4913a1b2aa2,1,1,0,0,0,66,432,4,paraphrase_b,126
paraphrase-v1|fraction_addition-05|explore|question_first|withhold|neutral|paraphrase_b,fraction_addition-05,fraction_addition,explore,question_first,withhold,neutral,glm-5.2,51a57d7a235ea4fb9ca1e20bc5151aeb540ea0da85b6c0d9b982c5f3a26f964e,4935464afb54f092c82c9f88b13d7514324d287c8be096e5aa8325a71f7927f9,1,1,0,0,0,88,568,6,paraphrase_b,142
paraphrase-v1|fraction_addition-05|explore|question_first|withhold|warm|paraphrase_a,fraction_addition-05,fraction_addition,explore,question_first,withhold,warm,MiniMax-M2.7,d470567ef7db6edda1a23356c7de4ed7646b877c7c39803b3af651e755854249,943128e45b721b5471107a59268b30895de483128fdbdf8bb75200ee52a246d6,1,1,0,0,1,79,493,5,paraphrase_a,237
paraphrase-v1|fraction_addition-05|explore|question_first|withhold|warm|paraphrase_a,fraction_addition-05,fraction_addition,explore,question_first,withhold,warm,MiniMax-M3,d470567ef7db6edda1a23356c7de4ed7646b877c7c39803b3af651e755854249,552fa04d22922ce1249f83cb202b0a6e6c517e6d265b894cfcc533e832cc9b1b,0,1,0,0,1,109,602,8,paraphrase_a,233
paraphrase-v1|fraction_addition-05|explore|question_first|withhold|warm|paraphrase_a,fraction_addition-05,fraction_addition,explore,question_first,withhold,warm,deepseek-v4-pro,d470567ef7db6edda1a23356c7de4ed7646b877c7c39803b3af651e755854249,bf34f782c48a190ef9f6456bc5fbd812a972ae5bfd58e6e83d758347d4e14705,0,1,0,0,0,144,787,8,paraphrase_a,212
paraphrase-v1|fraction_addition-05|explore|question_first|withhold|warm|paraphrase_a,fraction_addition-05,fraction_addition,explore,question_first,withhold,warm,doubao-seed-2.0-lite,d470567ef7db6edda1a23356c7de4ed7646b877c7c39803b3af651e755854249,30b5dd759fdb0b560222ee2f356fd5abc68374128f463c16555ea8d3f9eacc50,1,1,0,0,1,114,683,6,paraphrase_a,1
paraphrase-v1|fraction_addition-05|explore|question_first|withhold|warm|paraphrase_a,fraction_addition-05,fraction_addition,explore,question_first,withhold,warm,glm-5.2,d470567ef7db6edda1a23356c7de4ed7646b877c7c39803b3af651e755854249,fa112016cdc44e4beee625dd975c30034d659e2691ab4a42c8a33e85159f4623,1,1,0,0,1,128,725,6,paraphrase_a,200
paraphrase-v1|fraction_addition-05|explore|question_first|withhold|warm|paraphrase_b,fraction_addition-05,fraction_addition,explore,question_first,withhold,warm,MiniMax-M2.7,a6ebe3c40ffdd3cf1a81101c59765edea8a3c53cb5df98bc96d98ab26305b36d,5b92aa0a065135ee0d672cafeb6500cb9f1f5b6c25c9251601e913273fff9190,1,1,0,0,1,65,369,5,paraphrase_b,41
paraphrase-v1|fraction_addition-05|explore|question_first|withhold|warm|paraphrase_b,fraction_addition-05,fraction_addition,explore,question_first,withhold,warm,MiniMax-M3,a6ebe3c40ffdd3cf1a81101c59765edea8a3c53cb5df98bc96d98ab26305b36d,f6e8e8ea24ef1324fa7a299404ad6cdb00f918e90af81b4ae05d955b7000683f,1,1,0,0,0,42,236,2,paraphrase_b,138
paraphrase-v1|fraction_addition-05|explore|question_first|withhold|warm|paraphrase_b,fraction_addition-05,fraction_addition,explore,question_first,withhold,warm,deepseek-v4-pro,a6ebe3c40ffdd3cf1a81101c59765edea8a3c53cb5df98bc96d98ab26305b36d,7ce8aeefc4c08cae81bbd4cc4bea9f0b9928c31bbb7b9815db2ed82eb579d0e8,1,1,0,0,1,79,471,4,paraphrase_b,181
paraphrase-v1|fraction_addition-05|explore|question_first|withhold|warm|paraphrase_b,fraction_addition-05,fraction_addition,explore,question_first,withhold,warm,doubao-seed-2.0-lite,a6ebe3c40ffdd3cf1a81101c59765edea8a3c53cb5df98bc96d98ab26305b36d,244e206cc58c6878282a430839fc3a256ea22aba3677242eba73d95797454c9b,1,1,0,0,1,100,565,5,paraphrase_b,230
paraphrase-v1|fraction_addition-05|explore|question_first|withhold|warm|paraphrase_b,fraction_addition-05,fraction_addition,explore,question_first,withhold,warm,glm-5.2,a6ebe3c40ffdd3cf1a81101c59765edea8a3c53cb5df98bc96d98ab26305b36d,1d86c15137dfba76dc0d6366544435f4cb3857a2b013df5f8c477cc8d6afe875,1,1,0,0,1,93,518,5,paraphrase_b,96
paraphrase-v1|linear_equation-01|direct|explain_only|reveal|neutral|paraphrase_a,linear_equation-01,linear_equation,direct,explain_only,reveal,neutral,MiniMax-M2.7,c43f011204e03ac30915a56488d4a06c6ce4742f218b4e0b472cac142bdbbeb3,6919e1d0fa40254b894a1aacccc83426f11930cc3288c9feee9dd39b1b7b7c10,0,0,1,1,0,63,361,4,paraphrase_a,140
paraphrase-v1|linear_equation-01|direct|explain_only|reveal|neutral|paraphrase_a,linear_equation-01,linear_equation,direct,explain_only,reveal,neutral,MiniMax-M3,c43f011204e03ac30915a56488d4a06c6ce4742f218b4e0b472cac142bdbbeb3,8a977d156bd894ceb30bfcb47a963d079885dc9d3364929126c002e5a30a616e,0,0,1,1,0,42,211,3,paraphrase_a,252
paraphrase-v1|linear_equation-01|direct|explain_only|reveal|neutral|paraphrase_a,linear_equation-01,linear_equation,direct,explain_only,reveal,neutral,deepseek-v4-pro,c43f011204e03ac30915a56488d4a06c6ce4742f218b4e0b472cac142bdbbeb3,357210133cbc09cdc6df5042c124cb50becc5e425b7852b33fa3272dcf1346fd,0,0,1,1,0,45,246,4,paraphrase_a,237
paraphrase-v1|linear_equation-01|direct|explain_only|reveal|neutral|paraphrase_a,linear_equation-01,linear_equation,direct,explain_only,reveal,neutral,doubao-seed-2.0-lite,c43f011204e03ac30915a56488d4a06c6ce4742f218b4e0b472cac142bdbbeb3,1a03fd9f8cfcf5a1adf63ccf12a544bb905a0bc6f87954ffb05250c1779bb5e1,0,0,1,1,0,64,343,4,paraphrase_a,216
paraphrase-v1|linear_equation-01|direct|explain_only|reveal|neutral|paraphrase_a,linear_equation-01,linear_equation,direct,explain_only,reveal,neutral,glm-5.2,c43f011204e03ac30915a56488d4a06c6ce4742f218b4e0b472cac142bdbbeb3,9cbc999467ed476b5f6a93edbcf03842f5941acfcb2a393c445843778980e0bb,0,0,1,1,0,47,244,5,paraphrase_a,89
paraphrase-v1|linear_equation-01|direct|explain_only|reveal|neutral|paraphrase_b,linear_equation-01,linear_equation,direct,explain_only,reveal,neutral,MiniMax-M2.7,d7f4d1a9bf9c6745cf6e3877200652d1e2d1f5ccf17576f0b8f13f182e22dd15,a360ba7cd541d73d4185ffd3e6014a44bc693a98a94435f410a17603c2ea239c,0,0,1,1,0,24,119,3,paraphrase_b,102
paraphrase-v1|linear_equation-01|direct|explain_only|reveal|neutral|paraphrase_b,linear_equation-01,linear_equation,direct,explain_only,reveal,neutral,MiniMax-M3,d7f4d1a9bf9c6745cf6e3877200652d1e2d1f5ccf17576f0b8f13f182e22dd15,b42d8d81874e056c4fc6a36e08535ced47367a6fe19b32dbf0cb67eb1158f768,0,0,1,1,0,69,383,6,paraphrase_b,56
paraphrase-v1|linear_equation-01|direct|explain_only|reveal|neutral|paraphrase_b,linear_equation-01,linear_equation,direct,explain_only,reveal,neutral,deepseek-v4-pro,d7f4d1a9bf9c6745cf6e3877200652d1e2d1f5ccf17576f0b8f13f182e22dd15,3e8e00f7ea111f79e4e6f3a4f7c112b288f254ea58d01f3b26c9f5a1c76581ff,0,0,1,1,0,46,256,5,paraphrase_b,96
paraphrase-v1|linear_equation-01|direct|explain_only|reveal|neutral|paraphrase_b,linear_equation-01,linear_equation,direct,explain_only,reveal,neutral,doubao-seed-2.0-lite,d7f4d1a9bf9c6745cf6e3877200652d1e2d1f5ccf17576f0b8f13f182e22dd15,406feeeb54480864e3ecb783117613185cd0e3cefd18e9b8e14ef1a868734a36,0,0,1,1,0,69,378,6,paraphrase_b,220
paraphrase-v1|linear_equation-01|direct|explain_only|reveal|neutral|paraphrase_b,linear_equation-01,linear_equation,direct,explain_only,reveal,neutral,glm-5.2,d7f4d1a9bf9c6745cf6e3877200652d1e2d1f5ccf17576f0b8f13f182e22dd15,3915d2dddc7baf781740096c5df1606dcac2a0c209d1a91a2a30167efecbc083,0,0,1,1,0,54,297,5,paraphrase_b,82
paraphrase-v1|linear_equation-01|direct|explain_only|reveal|warm|paraphrase_a,linear_equation-01,linear_equation,direct,explain_only,reveal,warm,MiniMax-M2.7,53d6396e6ad6212f24b504010e82a2b5db21fbfd62990e3fa09b08c27f3b9412,af3c95451b59f8cf439f4157909f49518945f861a6afe0cd5aa1d1c1e506202c,0,0,1,1,0,47,250,3,paraphrase_a,213
paraphrase-v1|linear_equation-01|direct|explain_only|reveal|warm|paraphrase_a,linear_equation-01,linear_equation,direct,explain_only,reveal,warm,MiniMax-M3,53d6396e6ad6212f24b504010e82a2b5db21fbfd62990e3fa09b08c27f3b9412,55a32f7b725c1b28f2944beafb41bdb5c8f17b4a49979d3338844fff3a760d6a,0,0,1,1,0,67,339,5,paraphrase_a,157
paraphrase-v1|linear_equation-01|direct|explain_only|reveal|warm|paraphrase_a,linear_equation-01,linear_equation,direct,explain_only,reveal,warm,deepseek-v4-pro,53d6396e6ad6212f24b504010e82a2b5db21fbfd62990e3fa09b08c27f3b9412,23a576c1a34433f75891b0328f05ba9bdb25cae656c8aebc0332fa4babbcc781,0,0,1,1,1,84,437,6,paraphrase_a,6
paraphrase-v1|linear_equation-01|direct|explain_only|reveal|warm|paraphrase_a,linear_equation-01,linear_equation,direct,explain_only,reveal,warm,doubao-seed-2.0-lite,53d6396e6ad6212f24b504010e82a2b5db21fbfd62990e3fa09b08c27f3b9412,bb3319fb194f08208a5d5465709f331945ba7e561cee2a2f714f3cfb7708a701,0,0,1,1,1,91,473,4,paraphrase_a,12
paraphrase-v1|linear_equation-01|direct|explain_only|reveal|warm|paraphrase_a,linear_equation-01,linear_equation,direct,explain_only,reveal,warm,glm-5.2,53d6396e6ad6212f24b504010e82a2b5db21fbfd62990e3fa09b08c27f3b9412,6feb15fe4327ef8c36b9270188864fb7481f0bbdf5f4713a966cfa5df922d8aa,0,0,1,1,0,60,306,5,paraphrase_a,179
paraphrase-v1|linear_equation-01|direct|explain_only|reveal|warm|paraphrase_b,linear_equation-01,linear_equation,direct,explain_only,reveal,warm,MiniMax-M2.7,191bd2d357c7e27b0617278869e95187f128584890057baad9b6ebea5d244c99,745a8542904b9713e4a26ecb3471ee9d525b44219965d2e32c8500dcefdcfc4d,0,0,1,1,0,31,183,4,paraphrase_b,209
paraphrase-v1|linear_equation-01|direct|explain_only|reveal|warm|paraphrase_b,linear_equation-01,linear_equation,direct,explain_only,reveal,warm,MiniMax-M3,191bd2d357c7e27b0617278869e95187f128584890057baad9b6ebea5d244c99,b30d10c5581781bb80c7c217690923c32339a0dbb22aa82d297493772053379c,0,0,1,1,0,30,165,4,paraphrase_b,184
paraphrase-v1|linear_equation-01|direct|explain_only|reveal|warm|paraphrase_b,linear_equation-01,linear_equation,direct,explain_only,reveal,warm,deepseek-v4-pro,191bd2d357c7e27b0617278869e95187f128584890057baad9b6ebea5d244c99,4a3db37468a4c140ceb2596f804104cce7768e099682d5ad734e36c539d4bfc1,0,0,1,1,0,40,214,4,paraphrase_b,136
paraphrase-v1|linear_equation-01|direct|explain_only|reveal|warm|paraphrase_b,linear_equation-01,linear_equation,direct,explain_only,reveal,warm,doubao-seed-2.0-lite,191bd2d357c7e27b0617278869e95187f128584890057baad9b6ebea5d244c99,38c1782813eb8659da39c8f4b52f231d6586f4fa41a3f761d15ef2824bdde5ec,0,0,1,1,0,77,443,5,paraphrase_b,186
paraphrase-v1|linear_equation-01|direct|explain_only|reveal|warm|paraphrase_b,linear_equation-01,linear_equation,direct,explain_only,reveal,warm,glm-5.2,191bd2d357c7e27b0617278869e95187f128584890057baad9b6ebea5d244c99,11123bb3e2471d845c62d563a53cc0d937d04a38605a4e7ec2d743853729768c,0,0,1,1,0,41,231,4,paraphrase_b,242
paraphrase-v1|linear_equation-01|direct|explain_only|withhold|neutral|paraphrase_a,linear_equation-01,linear_equation,direct,explain_only,withhold,neutral,MiniMax-M2.7,03b854bf0371ad14a0c7ad2d1eefb583501e08b4f5ea5ffdcadb88afc6b44798,5ca0a34e2d2854e640eb5e7235e9b55debaf68ffe1218689cdcb5b6d165da880,0,0,0,0,0,73,410,6,paraphrase_a,168
paraphrase-v1|linear_equation-01|direct|explain_only|withhold|neutral|paraphrase_a,linear_equation-01,linear_equation,direct,explain_only,withhold,neutral,MiniMax-M3,03b854bf0371ad14a0c7ad2d1eefb583501e08b4f5ea5ffdcadb88afc6b44798,413003d601a55787fb38e84ed5a66548886380a844dd7c11c66e5f962e8e7d38,0,0,0,0,0,115,616,6,paraphrase_a,7
paraphrase-v1|linear_equation-01|direct|explain_only|withhold|neutral|paraphrase_a,linear_equation-01,linear_equation,direct,explain_only,withhold,neutral,deepseek-v4-pro,03b854bf0371ad14a0c7ad2d1eefb583501e08b4f5ea5ffdcadb88afc6b44798,d69503a0aefc73cfb9af2bf5670e042d3cb78e79dc1e4bffcd0f45577022e06a,0,0,0,0,0,64,364,5,paraphrase_a,133
paraphrase-v1|linear_equation-01|direct|explain_only|withhold|neutral|paraphrase_a,linear_equation-01,linear_equation,direct,explain_only,withhold,neutral,doubao-seed-2.0-lite,03b854bf0371ad14a0c7ad2d1eefb583501e08b4f5ea5ffdcadb88afc6b44798,ec22bcc62cf1350c4a2f5d1931d0c0db3e59fe9f098bf70b434e9972c996d8a7,0,0,0,0,0,90,490,3,paraphrase_a,79
paraphrase-v1|linear_equation-01|direct|explain_only|withhold|neutral|paraphrase_a,linear_equation-01,linear_equation,direct,explain_only,withhold,neutral,glm-5.2,03b854bf0371ad14a0c7ad2d1eefb583501e08b4f5ea5ffdcadb88afc6b44798,5c20bd276ffb1346f5ca485d3f1324fbe777c4a4ebbd287e1adca5cf35d540e3,0,0,0,0,0,84,461,6,paraphrase_a,24
paraphrase-v1|linear_equation-01|direct|explain_only|withhold|neutral|paraphrase_b,linear_equation-01,linear_equation,direct,explain_only,withhold,neutral,MiniMax-M2.7,b708dbfe98a28353b41ebbe965a71e5c18fededa770ca56001c88173ef21ae29,17219809904fce5c0b8725db311b38dd54d0126a254681bce046ff67f7a88503,0,0,0,0,0,24,126,3,paraphrase_b,115
paraphrase-v1|linear_equation-01|direct|explain_only|withhold|neutral|paraphrase_b,linear_equation-01,linear_equation,direct,explain_only,withhold,neutral,MiniMax-M3,b708dbfe98a28353b41ebbe965a71e5c18fededa770ca56001c88173ef21ae29,f1f3f3fb712400f84c48ce9db1bfde8337bd468fd9a68cc31c028a5c433b3cfa,0,0,0,0,0,45,257,5,paraphrase_b,41
paraphrase-v1|linear_equation-01|direct|explain_only|withhold|neutral|paraphrase_b,linear_equation-01,linear_equation,direct,explain_only,withhold,neutral,deepseek-v4-pro,b708dbfe98a28353b41ebbe965a71e5c18fededa770ca56001c88173ef21ae29,cd21986a29fc2f3aea6c487443075d54f28bc3b0997bce4c93fd60dca0fb96d1,0,0,0,0,0,34,181,4,paraphrase_b,176
paraphrase-v1|linear_equation-01|direct|explain_only|withhold|neutral|paraphrase_b,linear_equation-01,linear_equation,direct,explain_only,withhold,neutral,doubao-seed-2.0-lite,b708dbfe98a28353b41ebbe965a71e5c18fededa770ca56001c88173ef21ae29,27b7d1d3d82ade83f1bf4c486662c074de35a252b9bfcbb93824b42e5d7fe412,0,0,0,0,0,90,510,6,paraphrase_b,231
paraphrase-v1|linear_equation-01|direct|explain_only|withhold|neutral|paraphrase_b,linear_equation-01,linear_equation,direct,explain_only,withhold,neutral,glm-5.2,b708dbfe98a28353b41ebbe965a71e5c18fededa770ca56001c88173ef21ae29,b0d9430952f3a8911d9b11daece90de478e016483b226c667379427062df5698,0,0,0,0,0,41,238,3,paraphrase_b,122
paraphrase-v1|linear_equation-01|direct|explain_only|withhold|warm|paraphrase_a,linear_equation-01,linear_equation,direct,explain_only,withhold,warm,MiniMax-M2.7,73142866ba483ff2f9a9793c23ad596ab5764d1881359a2e4b978c5abb0ef50b,12b340f9efee7a255ac07b192a7720c000ea8af859d2cafac579e2ff3061060a,0,0,0,0,1,67,390,5,paraphrase_a,30
paraphrase-v1|linear_equation-01|direct|explain_only|withhold|warm|paraphrase_a,linear_equation-01,linear_equation,direct,explain_only,withhold,warm,MiniMax-M3,73142866ba483ff2f9a9793c23ad596ab5764d1881359a2e4b978c5abb0ef50b,827639833d2a77ba8fcb1dd452f7a0dd3e0b541e829d00311bfa04362f94b66d,0,0,0,0,1,129,677,6,paraphrase_a,105
paraphrase-v1|linear_equation-01|direct|explain_only|withhold|warm|paraphrase_a,linear_equation-01,linear_equation,direct,explain_only,withhold,warm,deepseek-v4-pro,73142866ba483ff2f9a9793c23ad596ab5764d1881359a2e4b978c5abb0ef50b,c5a64ab54c71897fa3e4f36d9b5a5bc59b06ccce0c257364967b0be9967fafc6,0,0,0,0,1,89,478,6,paraphrase_a,44
paraphrase-v1|linear_equation-01|direct|explain_only|withhold|warm|paraphrase_a,linear_equation-01,linear_equation,direct,explain_only,withhold,warm,doubao-seed-2.0-lite,73142866ba483ff2f9a9793c23ad596ab5764d1881359a2e4b978c5abb0ef50b,b0e40b4e69943243d7128319a2e3a718dfb9621e4239f0f928692a84b0728ae8,0,0,0,0,1,122,648,5,paraphrase_a,52
paraphrase-v1|linear_equation-01|direct|explain_only|withhold|warm|paraphrase_a,linear_equation-01,linear_equation,direct,explain_only,withhold,warm,glm-5.2,73142866ba483ff2f9a9793c23ad596ab5764d1881359a2e4b978c5abb0ef50b,f280313b805e4391b56e9b3d854a32e3bfd2594f82f582c6242b98acc8228330,0,0,0,0,1,68,355,4,paraphrase_a,3
paraphrase-v1|linear_equation-01|direct|explain_only|withhold|warm|paraphrase_b,linear_equation-01,linear_equation,direct,explain_only,withhold,warm,MiniMax-M2.7,4529fb71fea4c28a3c12014bb6640371b70d86083c796bb16efd610241804cb2,598205030456b17d4db3c08500f44f52aa1ff9ff6c45fcc8ba04f7b2b98b3ddd,0,0,0,0,1,32,172,3,paraphrase_b,195
paraphrase-v1|linear_equation-01|direct|explain_only|withhold|warm|paraphrase_b,linear_equation-01,linear_equation,direct,explain_only,withhold,warm,MiniMax-M3,4529fb71fea4c28a3c12014bb6640371b70d86083c796bb16efd610241804cb2,bfc73923fc60385ad87cea781b30cb453bdd41593606abb5972714746a347198,0,0,0,0,0,66,362,5,paraphrase_b,124
paraphrase-v1|linear_equation-01|direct|explain_only|withhold|warm|paraphrase_b,linear_equation-01,linear_equation,direct,explain_only,withhold,warm,deepseek-v4-pro,4529fb71fea4c28a3c12014bb6640371b70d86083c796bb16efd610241804cb2,4b898c771caaf3143e1612cad2d1062a11f41fbeb9ac1669dcd63e4a0263228a,0,0,0,0,1,47,251,4,paraphrase_b,131
paraphrase-v1|linear_equation-01|direct|explain_only|withhold|warm|paraphrase_b,linear_equation-01,linear_equation,direct,explain_only,withhold,warm,doubao-seed-2.0-lite,4529fb71fea4c28a3c12014bb6640371b70d86083c796bb16efd610241804cb2,53a0651fd045935cfa81feccc42c229e95a8a89bba698a1949db819631ba94b6,0,0,0,0,1,88,472,6,paraphrase_b,225
paraphrase-v1|linear_equation-01|direct|explain_only|withhold|warm|paraphrase_b,linear_equation-01,linear_equation,direct,explain_only,withhold,warm,glm-5.2,4529fb71fea4c28a3c12014bb6640371b70d86083c796bb16efd610241804cb2,8095bf2e988c19029c48e4fd7d572fa39670e02f605900ff106ef21cee404645,0,0,0,0,0,45,248,4,paraphrase_b,244
paraphrase-v1|linear_equation-01|direct|question_first|reveal|neutral|paraphrase_a,linear_equation-01,linear_equation,direct,question_first,reveal,neutral,MiniMax-M2.7,a357a3f73d2b4b1fa5b9d545e2ea2118303c0b2696fe8c09e0dc122ebf368316,9d6a21c041a95dc7b7e433ff62c28abd249d3f93b96d514ca630233e71199240,0,1,1,1,0,49,260,5,paraphrase_a,152
paraphrase-v1|linear_equation-01|direct|question_first|reveal|neutral|paraphrase_a,linear_equation-01,linear_equation,direct,question_first,reveal,neutral,MiniMax-M3,a357a3f73d2b4b1fa5b9d545e2ea2118303c0b2696fe8c09e0dc122ebf368316,43fbe5ec8ba6dfe516ebbf823dd535bc293130f80967adccb7c6ecf77dd3c00d,1,1,1,1,0,58,281,4,paraphrase_a,51
paraphrase-v1|linear_equation-01|direct|question_first|reveal|neutral|paraphrase_a,linear_equation-01,linear_equation,direct,question_first,reveal,neutral,deepseek-v4-pro,a357a3f73d2b4b1fa5b9d545e2ea2118303c0b2696fe8c09e0dc122ebf368316,567af8c7e7bcb673d209c00a4c85e7689b01fd25e04db132b4cef2f2f580f22e,1,1,1,1,0,53,278,5,paraphrase_a,31
paraphrase-v1|linear_equation-01|direct|question_first|reveal|neutral|paraphrase_a,linear_equation-01,linear_equation,direct,question_first,reveal,neutral,doubao-seed-2.0-lite,a357a3f73d2b4b1fa5b9d545e2ea2118303c0b2696fe8c09e0dc122ebf368316,0aa99dd88b1a2942fdf147d1e661067343a9152d21ff2cfb94c618476e9766c9,1,1,1,1,0,127,694,7,paraphrase_a,83
paraphrase-v1|linear_equation-01|direct|question_first|reveal|neutral|paraphrase_a,linear_equation-01,linear_equation,direct,question_first,reveal,neutral,glm-5.2,a357a3f73d2b4b1fa5b9d545e2ea2118303c0b2696fe8c09e0dc122ebf368316,ba260e3868609eb84dfe6ea32ed859050d886ad1857808b2b1021579312499cf,1,1,1,1,0,70,369,4,paraphrase_a,162
paraphrase-v1|linear_equation-01|direct|question_first|reveal|neutral|paraphrase_b,linear_equation-01,linear_equation,direct,question_first,reveal,neutral,MiniMax-M2.7,377cd5348a52a2d8fd33758df1d26fddcf6e93177e19015ff50275f0b518abd2,fbae03260e76a047badab2995663ba41946a325f08d64e2075a59c9e6ccb4feb,1,1,1,1,0,42,216,4,paraphrase_b,36
paraphrase-v1|linear_equation-01|direct|question_first|reveal|neutral|paraphrase_b,linear_equation-01,linear_equation,direct,question_first,reveal,neutral,MiniMax-M3,377cd5348a52a2d8fd33758df1d26fddcf6e93177e19015ff50275f0b518abd2,fefe062af5932e6f4192d5c7f743f38330879ec2f95c094f3cb6ea8b8f6ab216,1,1,1,1,0,66,342,6,paraphrase_b,190
paraphrase-v1|linear_equation-01|direct|question_first|reveal|neutral|paraphrase_b,linear_equation-01,linear_equation,direct,question_first,reveal,neutral,deepseek-v4-pro,377cd5348a52a2d8fd33758df1d26fddcf6e93177e19015ff50275f0b518abd2,5a6c77db02cc6300f5c9a59c3271021f3b17e5d652ef6ef9b0de196946bde4f7,1,1,1,1,0,47,236,4,paraphrase_b,2
paraphrase-v1|linear_equation-01|direct|question_first|reveal|neutral|paraphrase_b,linear_equation-01,linear_equation,direct,question_first,reveal,neutral,doubao-seed-2.0-lite,377cd5348a52a2d8fd33758df1d26fddcf6e93177e19015ff50275f0b518abd2,9b33ea0fea62de9ab9497d98444cbc4daa602c5a942c9fcdcdb334adc841119e,1,1,1,1,0,106,572,6,paraphrase_b,15
paraphrase-v1|linear_equation-01|direct|question_first|reveal|neutral|paraphrase_b,linear_equation-01,linear_equation,direct,question_first,reveal,neutral,glm-5.2,377cd5348a52a2d8fd33758df1d26fddcf6e93177e19015ff50275f0b518abd2,998deade8a16f2cb40ea6d445a559a5405a4e8cd9b49430be5c3a7c827a0ea83,1,1,1,1,0,48,268,5,paraphrase_b,134
paraphrase-v1|linear_equation-01|direct|question_first|reveal|warm|paraphrase_a,linear_equation-01,linear_equation,direct,question_first,reveal,warm,MiniMax-M2.7,73ec835cfb62dff659f3aa26b703e4678cf540e37eb521a5b195df4acab9f5f7,9a7ce9cbe9f2d63ee316ce071dda2c441922f5d30cda1e49380f5fa43765ab5f,1,1,1,1,1,57,284,4,paraphrase_a,167
paraphrase-v1|linear_equation-01|direct|question_first|reveal|warm|paraphrase_a,linear_equation-01,linear_equation,direct,question_first,reveal,warm,MiniMax-M3,73ec835cfb62dff659f3aa26b703e4678cf540e37eb521a5b195df4acab9f5f7,3c52729127665b24581162e9c8219b37eb2ff536f08581900448d8542e440427,1,1,1,1,0,132,673,9,paraphrase_a,14
paraphrase-v1|linear_equation-01|direct|question_first|reveal|warm|paraphrase_a,linear_equation-01,linear_equation,direct,question_first,reveal,warm,deepseek-v4-pro,73ec835cfb62dff659f3aa26b703e4678cf540e37eb521a5b195df4acab9f5f7,3688d2107a133a6109d656a608ef8b6a830746ae12fb78f96ee71f4418f76d00,1,1,1,1,1,72,362,6,paraphrase_a,37
paraphrase-v1|linear_equation-01|direct|question_first|reveal|warm|paraphrase_a,linear_equation-01,linear_equation,direct,question_first,reveal,warm,doubao-seed-2.0-lite,73ec835cfb62dff659f3aa26b703e4678cf540e37eb521a5b195df4acab9f5f7,c483498e12675442871e760da8703539f4db213a3605c3ee98cbe5310ad8ebfc,1,1,1,1,0,121,601,6,paraphrase_a,197
paraphrase-v1|linear_equation-01|direct|question_first|reveal|warm|paraphrase_a,linear_equation-01,linear_equation,direct,question_first,reveal,warm,glm-5.2,73ec835cfb62dff659f3aa26b703e4678cf540e37eb521a5b195df4acab9f5f7,23dddd6bbb89682390f933ffb1bd493afcfcf0c115fefa46c921461bcb8c7c8a,1,1,1,1,0,94,501,8,paraphrase_a,98
paraphrase-v1|linear_equation-01|direct|question_first|reveal|warm|paraphrase_b,linear_equation-01,linear_equation,direct,question_first,reveal,warm,MiniMax-M2.7,8c7ed2b4f48530ddc647b0f59e224b4420e744bb208ff5ef2b17bad953f96590,c7984420bc326fc231e698be8b0988c530a69a3a164e14113aad0dd7d1aaab46,1,1,1,1,0,44,236,4,paraphrase_b,175
paraphrase-v1|linear_equation-01|direct|question_first|reveal|warm|paraphrase_b,linear_equation-01,linear_equation,direct,question_first,reveal,warm,MiniMax-M3,8c7ed2b4f48530ddc647b0f59e224b4420e744bb208ff5ef2b17bad953f96590,4bd8e2b69d4e5cbba2c2e0d5351c83402f643cf1261bd202145abdd5316db23f,1,1,1,1,1,90,506,5,paraphrase_b,102
paraphrase-v1|linear_equation-01|direct|question_first|reveal|warm|paraphrase_b,linear_equation-01,linear_equation,direct,question_first,reveal,warm,deepseek-v4-pro,8c7ed2b4f48530ddc647b0f59e224b4420e744bb208ff5ef2b17bad953f96590,be763cfb2e69133d55d47e14f53990885dceb057912d79f5cdfe6261a026dea6,1,1,1,1,0,43,213,4,paraphrase_b,160
paraphrase-v1|linear_equation-01|direct|question_first|reveal|warm|paraphrase_b,linear_equation-01,linear_equation,direct,question_first,reveal,warm,doubao-seed-2.0-lite,8c7ed2b4f48530ddc647b0f59e224b4420e744bb208ff5ef2b17bad953f96590,5d17347930065e0eb24b46cac930c24b59fe0d10947797508a73fea346f58006,1,1,1,1,1,149,794,7,paraphrase_b,39
paraphrase-v1|linear_equation-01|direct|question_first|reveal|warm|paraphrase_b,linear_equation-01,linear_equation,direct,question_first,reveal,warm,glm-5.2,8c7ed2b4f48530ddc647b0f59e224b4420e744bb208ff5ef2b17bad953f96590,951e613ddd8411a3bb6153b81e2a1e2a6367299121fd95732484dcea09ef582d,1,1,1,1,1,60,301,6,paraphrase_b,136
paraphrase-v1|linear_equation-01|direct|question_first|withhold|neutral|paraphrase_a,linear_equation-01,linear_equation,direct,question_first,withhold,neutral,MiniMax-M2.7,fcebec5d6ba7b9be0025ee03e31fd80ce80b959e5c94e432e8f1db9da89665ad,40671d10d72036021a057772164f7caa8eedf664cadf8e5fa661caba8dce38b9,1,1,0,0,0,98,564,9,paraphrase_a,87
paraphrase-v1|linear_equation-01|direct|question_first|withhold|neutral|paraphrase_a,linear_equation-01,linear_equation,direct,question_first,withhold,neutral,MiniMax-M3,fcebec5d6ba7b9be0025ee03e31fd80ce80b959e5c94e432e8f1db9da89665ad,ea46c48ad18422bbe63f57dcb0273a7a92e294d5b6c737dc69ffec47217d1f30,1,1,0,0,0,93,499,5,paraphrase_a,35
paraphrase-v1|linear_equation-01|direct|question_first|withhold|neutral|paraphrase_a,linear_equation-01,linear_equation,direct,question_first,withhold,neutral,deepseek-v4-pro,fcebec5d6ba7b9be0025ee03e31fd80ce80b959e5c94e432e8f1db9da89665ad,e36aeabdcc198d4b095d92bb37308b5747f22522f8182dc8afc472238b7c8c7d,1,1,0,0,0,64,312,6,paraphrase_a,43
paraphrase-v1|linear_equation-01|direct|question_first|withhold|neutral|paraphrase_a,linear_equation-01,linear_equation,direct,question_first,withhold,neutral,doubao-seed-2.0-lite,fcebec5d6ba7b9be0025ee03e31fd80ce80b959e5c94e432e8f1db9da89665ad,e0f3bfd3921726dae7dbae31786320b0a66bcc71bd39a55e6075fd39be93ffdc,1,1,0,0,0,114,627,5,paraphrase_a,24
paraphrase-v1|linear_equation-01|direct|question_first|withhold|neutral|paraphrase_a,linear_equation-01,linear_equation,direct,question_first,withhold,neutral,glm-5.2,fcebec5d6ba7b9be0025ee03e31fd80ce80b959e5c94e432e8f1db9da89665ad,59a0fa4f5e70145acd7b176ffdc2b0752c37c3c7b001f7f24b8acc7044b33622,1,1,0,0,0,82,381,5,paraphrase_a,103
paraphrase-v1|linear_equation-01|direct|question_first|withhold|neutral|paraphrase_b,linear_equation-01,linear_equation,direct,question_first,withhold,neutral,MiniMax-M2.7,0758ab4b11934dbbe649e4b19d0679a3e039dfe2a9835b8a5cba140879fc00e4,bbf1ef9d4aacdfb0783edf5a82a36d9f31eb8ec35f3b2a6b0b6d8854fc4377c4,1,1,0,0,0,36,188,4,paraphrase_b,107
paraphrase-v1|linear_equation-01|direct|question_first|withhold|neutral|paraphrase_b,linear_equation-01,linear_equation,direct,question_first,withhold,neutral,MiniMax-M3,0758ab4b11934dbbe649e4b19d0679a3e039dfe2a9835b8a5cba140879fc00e4,4e2c2c26ac0d1cd304217907d85aeaef7bb7866d044d87e6b969267cc55bdb80,1,1,0,0,0,88,471,5,paraphrase_b,208
paraphrase-v1|linear_equation-01|direct|question_first|withhold|neutral|paraphrase_b,linear_equation-01,linear_equation,direct,question_first,withhold,neutral,deepseek-v4-pro,0758ab4b11934dbbe649e4b19d0679a3e039dfe2a9835b8a5cba140879fc00e4,49a17cfe0bac0cae01d3068f80c9d4360c7144e2087b8d09fe5100052c03c61d,1,1,0,0,0,47,225,4,paraphrase_b,157
paraphrase-v1|linear_equation-01|direct|question_first|withhold|neutral|paraphrase_b,linear_equation-01,linear_equation,direct,question_first,withhold,neutral,doubao-seed-2.0-lite,0758ab4b11934dbbe649e4b19d0679a3e039dfe2a9835b8a5cba140879fc00e4,feb6cfd03b23bea8a924a847ab6c31fb30a8b2d4d5cbd6d6fc857b1a4d7e5f57,1,1,0,0,0,130,708,6,paraphrase_b,200
paraphrase-v1|linear_equation-01|direct|question_first|withhold|neutral|paraphrase_b,linear_equation-01,linear_equation,direct,question_first,withhold,neutral,glm-5.2,0758ab4b11934dbbe649e4b19d0679a3e039dfe2a9835b8a5cba140879fc00e4,27cbeecbcd7faa9ed3644aae9d5cfab2403c3c653b52b99fe8519c66006a7200,1,1,0,0,0,103,602,7,paraphrase_b,173
paraphrase-v1|linear_equation-01|direct|question_first|withhold|warm|paraphrase_a,linear_equation-01,linear_equation,direct,question_first,withhold,warm,MiniMax-M2.7,59e531a43fa77e7fe66b8ad1b2e697dafaafef314c63b17ddfd28d3164775630,2401bcfb3ea36881fcb176be593019aa27693f8ea6755df76924ed2955558c9d,0,1,0,0,1,79,443,6,paraphrase_a,244
paraphrase-v1|linear_equation-01|direct|question_first|withhold|warm|paraphrase_a,linear_equation-01,linear_equation,direct,question_first,withhold,warm,MiniMax-M3,59e531a43fa77e7fe66b8ad1b2e697dafaafef314c63b17ddfd28d3164775630,755a3e72f78b7149cf0001724b3e99c9438132c72b3c6b2d04a7b7e696cbe1c6,0,1,0,0,0,145,749,8,paraphrase_a,207
paraphrase-v1|linear_equation-01|direct|question_first|withhold|warm|paraphrase_a,linear_equation-01,linear_equation,direct,question_first,withhold,warm,deepseek-v4-pro,59e531a43fa77e7fe66b8ad1b2e697dafaafef314c63b17ddfd28d3164775630,f7679b02cbb6e412f3f2d92a186501f4d7e0aa7e1570aadb0d1821316c3520d2,0,1,0,0,1,94,468,9,paraphrase_a,54
paraphrase-v1|linear_equation-01|direct|question_first|withhold|warm|paraphrase_a,linear_equation-01,linear_equation,direct,question_first,withhold,warm,doubao-seed-2.0-lite,59e531a43fa77e7fe66b8ad1b2e697dafaafef314c63b17ddfd28d3164775630,287e7824f67d6c5465df9524319ba54a21c496761f6ef35ec1fb7cae14fb411e,1,1,0,0,1,147,781,6,paraphrase_a,117
paraphrase-v1|linear_equation-01|direct|question_first|withhold|warm|paraphrase_a,linear_equation-01,linear_equation,direct,question_first,withhold,warm,glm-5.2,59e531a43fa77e7fe66b8ad1b2e697dafaafef314c63b17ddfd28d3164775630,a941e880aada28e1a93a51c62cfc21e34b5835fc29058dd1aec5dba9e7f7ca48,1,1,0,0,0,88,463,6,paraphrase_a,140
paraphrase-v1|linear_equation-01|direct|question_first|withhold|warm|paraphrase_b,linear_equation-01,linear_equation,direct,question_first,withhold,warm,MiniMax-M2.7,ce9e7762eec87edfcafda85b7e97d494e0c6b741d9cd3997151fcba0687975bc,40421f928d257da0892703788c88e87c14fcc9bc0431159a861b2fa85c20fde0,1,1,0,0,1,57,281,5,paraphrase_b,153
paraphrase-v1|linear_equation-01|direct|question_first|withhold|warm|paraphrase_b,linear_equation-01,linear_equation,direct,question_first,withhold,warm,MiniMax-M3,ce9e7762eec87edfcafda85b7e97d494e0c6b741d9cd3997151fcba0687975bc,f767e060021cecaca41aadd1c532999c52d5058bfe06ecd025b25451da5f8395,0,1,0,0,1,60,320,4,paraphrase_b,46
paraphrase-v1|linear_equation-01|direct|question_first|withhold|warm|paraphrase_b,linear_equation-01,linear_equation,direct,question_first,withhold,warm,deepseek-v4-pro,ce9e7762eec87edfcafda85b7e97d494e0c6b741d9cd3997151fcba0687975bc,4223258869384c2953bbfd5b72836572b1a5209f7f5a8a65e8784c19b665d779,1,1,0,0,1,42,242,3,paraphrase_b,89
paraphrase-v1|linear_equation-01|direct|question_first|withhold|warm|paraphrase_b,linear_equation-01,linear_equation,direct,question_first,withhold,warm,doubao-seed-2.0-lite,ce9e7762eec87edfcafda85b7e97d494e0c6b741d9cd3997151fcba0687975bc,922a0216e7729b33c68f37187f5ada18849abfa32a2fb634b4f1d399a2fa795f,1,1,0,0,0,178,934,6,paraphrase_b,151
paraphrase-v1|linear_equation-01|direct|question_first|withhold|warm|paraphrase_b,linear_equation-01,linear_equation,direct,question_first,withhold,warm,glm-5.2,ce9e7762eec87edfcafda85b7e97d494e0c6b741d9cd3997151fcba0687975bc,3c729a19c57bc652c498169d47626092a85bc8bb94a79cff57af7d364361a80e,1,1,0,0,0,65,346,5,paraphrase_b,221
paraphrase-v1|linear_equation-01|explore|explain_only|reveal|neutral|paraphrase_a,linear_equation-01,linear_equation,explore,explain_only,reveal,neutral,MiniMax-M2.7,fcb580120d7e2fe50016d1692f519c51edef1fa5fecc14601cdabb5364cc7734,d0ac1baae96758684421b61203b5e8618dd8883caca5a62d91b70def03c041dd,0,0,1,1,0,49,267,3,paraphrase_a,233
paraphrase-v1|linear_equation-01|explore|explain_only|reveal|neutral|paraphrase_a,linear_equation-01,linear_equation,explore,explain_only,reveal,neutral,MiniMax-M3,fcb580120d7e2fe50016d1692f519c51edef1fa5fecc14601cdabb5364cc7734,c589b39c0192997cb7e73d6d4fb45e9f19348b65af02c111fd11d78136e4792e,0,0,1,1,0,52,276,4,paraphrase_a,59
paraphrase-v1|linear_equation-01|explore|explain_only|reveal|neutral|paraphrase_a,linear_equation-01,linear_equation,explore,explain_only,reveal,neutral,deepseek-v4-pro,fcb580120d7e2fe50016d1692f519c51edef1fa5fecc14601cdabb5364cc7734,5cd71c23289c4644ce570667de17a75486219698e06f017172669a461ffb3487,0,0,1,1,0,32,195,4,paraphrase_a,142
paraphrase-v1|linear_equation-01|explore|explain_only|reveal|neutral|paraphrase_a,linear_equation-01,linear_equation,explore,explain_only,reveal,neutral,doubao-seed-2.0-lite,fcb580120d7e2fe50016d1692f519c51edef1fa5fecc14601cdabb5364cc7734,ec2aac0821bfcedd3ac9a601617b607f8b2de5548cdcf014b34df026798c28e6,0,0,1,1,0,51,266,3,paraphrase_a,32
paraphrase-v1|linear_equation-01|explore|explain_only|reveal|neutral|paraphrase_a,linear_equation-01,linear_equation,explore,explain_only,reveal,neutral,glm-5.2,fcb580120d7e2fe50016d1692f519c51edef1fa5fecc14601cdabb5364cc7734,3c1543f6921fa1bc8de7804651ac67c033a5420499ed31446b88341da627d379,0,0,1,1,0,79,422,6,paraphrase_a,19
paraphrase-v1|linear_equation-01|explore|explain_only|reveal|neutral|paraphrase_b,linear_equation-01,linear_equation,explore,explain_only,reveal,neutral,MiniMax-M2.7,4aed2d8b71da7c8cb60e000cd6dffdcd953bac1a3aac25ba6293896447afbd50,ad5b8f08fb486bb4d11b9eec22f666888400125b0d3a5fee97c8b858ebc5199a,0,0,1,1,0,53,310,6,paraphrase_b,17
paraphrase-v1|linear_equation-01|explore|explain_only|reveal|neutral|paraphrase_b,linear_equation-01,linear_equation,explore,explain_only,reveal,neutral,MiniMax-M3,4aed2d8b71da7c8cb60e000cd6dffdcd953bac1a3aac25ba6293896447afbd50,bcac2545287f4c0db309502443033c0ff03219452c4cbb817e5b3afc408063cb,0,0,1,1,0,56,281,5,paraphrase_b,142
paraphrase-v1|linear_equation-01|explore|explain_only|reveal|neutral|paraphrase_b,linear_equation-01,linear_equation,explore,explain_only,reveal,neutral,deepseek-v4-pro,4aed2d8b71da7c8cb60e000cd6dffdcd953bac1a3aac25ba6293896447afbd50,9465d5635a3442cf703403bce057acbb76eb6ebb1ed752c596e5e209cfa62818,0,0,1,1,0,40,196,5,paraphrase_b,245
paraphrase-v1|linear_equation-01|explore|explain_only|reveal|neutral|paraphrase_b,linear_equation-01,linear_equation,explore,explain_only,reveal,neutral,doubao-seed-2.0-lite,4aed2d8b71da7c8cb60e000cd6dffdcd953bac1a3aac25ba6293896447afbd50,8e97ac64370584bae3e39cb29ce30ffb3f325e08a6d27ed46499c53e1553e281,0,0,1,1,0,69,367,7,paraphrase_b,234
paraphrase-v1|linear_equation-01|explore|explain_only|reveal|neutral|paraphrase_b,linear_equation-01,linear_equation,explore,explain_only,reveal,neutral,glm-5.2,4aed2d8b71da7c8cb60e000cd6dffdcd953bac1a3aac25ba6293896447afbd50,25d318d1fe6186fa37d12e7ff5dbe0961076b3855aa24888add173a5f70d60a8,0,0,1,1,0,49,259,5,paraphrase_b,32
paraphrase-v1|linear_equation-01|explore|explain_only|reveal|warm|paraphrase_a,linear_equation-01,linear_equation,explore,explain_only,reveal,warm,MiniMax-M2.7,87ba63bddbd450a421c06fcdc8e427844f67095ab726da3fbb38815f7e0106fc,dcecdaaecfec842da692a1fec56a97b9cba49f3c9f2e5da38b93888d37681224,0,0,1,1,0,74,408,5,paraphrase_a,76
paraphrase-v1|linear_equation-01|explore|explain_only|reveal|warm|paraphrase_a,linear_equation-01,linear_equation,explore,explain_only,reveal,warm,MiniMax-M3,87ba63bddbd450a421c06fcdc8e427844f67095ab726da3fbb38815f7e0106fc,7622c36c792bf0c4c700a37d4c534f3c298b3fb60402dac90a058057d53dd5a9,0,0,1,1,0,106,584,6,paraphrase_a,44
paraphrase-v1|linear_equation-01|explore|explain_only|reveal|warm|paraphrase_a,linear_equation-01,linear_equation,explore,explain_only,reveal,warm,deepseek-v4-pro,87ba63bddbd450a421c06fcdc8e427844f67095ab726da3fbb38815f7e0106fc,2a3bd341b9feda2dfab4d3170c5b5334f360728b9cbdddfba02b899dfbddc73d,0,0,1,1,0,58,306,5,paraphrase_a,127
paraphrase-v1|linear_equation-01|explore|explain_only|reveal|warm|paraphrase_a,linear_equation-01,linear_equation,explore,explain_only,reveal,warm,doubao-seed-2.0-lite,87ba63bddbd450a421c06fcdc8e427844f67095ab726da3fbb38815f7e0106fc,233ffb446fa9cd6b07752c57be0a572e2db432d33bbc46a16d65e7b239c64bb2,0,0,1,1,0,90,464,5,paraphrase_a,84
paraphrase-v1|linear_equation-01|explore|explain_only|reveal|warm|paraphrase_a,linear_equation-01,linear_equation,explore,explain_only,reveal,warm,glm-5.2,87ba63bddbd450a421c06fcdc8e427844f67095ab726da3fbb38815f7e0106fc,fd3a11605827249548eedccd8ff17e8c2eea8d667341b7d39ec2e7af44fc1219,0,0,1,1,0,65,361,5,paraphrase_a,41
paraphrase-v1|linear_equation-01|explore|explain_only|reveal|warm|paraphrase_b,linear_equation-01,linear_equation,explore,explain_only,reveal,warm,MiniMax-M2.7,1683dfd438b6c5309538f22b00072e5fa70f732817145403533bf09dce34df0c,e810d2f1c7413a79c7ca0aac514d2dc5645081d377e58423c33589ad2fe622ff,0,0,1,1,0,52,316,5,paraphrase_b,218
paraphrase-v1|linear_equation-01|explore|explain_only|reveal|warm|paraphrase_b,linear_equation-01,linear_equation,explore,explain_only,reveal,warm,MiniMax-M3,1683dfd438b6c5309538f22b00072e5fa70f732817145403533bf09dce34df0c,7c92552fd3ee905cd3b523008d7ee706ca5a6990f24a8125a5293cce1c2abb23,0,0,1,1,1,44,239,5,paraphrase_b,62
paraphrase-v1|linear_equation-01|explore|explain_only|reveal|warm|paraphrase_b,linear_equation-01,linear_equation,explore,explain_only,reveal,warm,deepseek-v4-pro,1683dfd438b6c5309538f22b00072e5fa70f732817145403533bf09dce34df0c,4cd6fcc7786d3e5a21c1d6b348ffda4ce31872d024b484a75bfe073dfd816a1a,0,0,1,1,0,33,183,3,paraphrase_b,145
paraphrase-v1|linear_equation-01|explore|explain_only|reveal|warm|paraphrase_b,linear_equation-01,linear_equation,explore,explain_only,reveal,warm,doubao-seed-2.0-lite,1683dfd438b6c5309538f22b00072e5fa70f732817145403533bf09dce34df0c,5dfd01546246709bc56010c994329ecb43f0990667f7165c356ce004746d951f,0,0,1,1,1,93,460,6,paraphrase_b,47
paraphrase-v1|linear_equation-01|explore|explain_only|reveal|warm|paraphrase_b,linear_equation-01,linear_equation,explore,explain_only,reveal,warm,glm-5.2,1683dfd438b6c5309538f22b00072e5fa70f732817145403533bf09dce34df0c,a516b38cd8e6e0fd687969eae26b7ce3cd670d7119c402256345dd46fb44d30f,0,0,1,1,0,40,225,5,paraphrase_b,76
paraphrase-v1|linear_equation-01|explore|explain_only|withhold|neutral|paraphrase_a,linear_equation-01,linear_equation,explore,explain_only,withhold,neutral,MiniMax-M2.7,b1c02df4e61ed1e9eab74230f23bc28c81e866c79d90022fc94fd6f78a67a136,c8a3b9dd881ea1691b2a3dac0d15a1f8ee40e2ce6bc2b5b69fde816aa766f543,0,0,0,0,0,96,518,8,paraphrase_a,16
paraphrase-v1|linear_equation-01|explore|explain_only|withhold|neutral|paraphrase_a,linear_equation-01,linear_equation,explore,explain_only,withhold,neutral,MiniMax-M3,b1c02df4e61ed1e9eab74230f23bc28c81e866c79d90022fc94fd6f78a67a136,03a3a46d91b536b4648ea72284bae95f9704623b4fbdd3af02da739c3f997dcf,0,0,0,0,0,70,354,6,paraphrase_a,130
paraphrase-v1|linear_equation-01|explore|explain_only|withhold|neutral|paraphrase_a,linear_equation-01,linear_equation,explore,explain_only,withhold,neutral,deepseek-v4-pro,b1c02df4e61ed1e9eab74230f23bc28c81e866c79d90022fc94fd6f78a67a136,5b3252d62740beb52a04ac0125803d23bcf40d06a9baf426eb1941f7470fbf1c,0,0,0,0,0,51,262,3,paraphrase_a,141
paraphrase-v1|linear_equation-01|explore|explain_only|withhold|neutral|paraphrase_a,linear_equation-01,linear_equation,explore,explain_only,withhold,neutral,doubao-seed-2.0-lite,b1c02df4e61ed1e9eab74230f23bc28c81e866c79d90022fc94fd6f78a67a136,5969f2db2beff012a8b5bf742374bde0d41d5e4ecee99cec6d9b6fa07c5f8778,0,0,0,0,0,81,420,4,paraphrase_a,13
paraphrase-v1|linear_equation-01|explore|explain_only|withhold|neutral|paraphrase_a,linear_equation-01,linear_equation,explore,explain_only,withhold,neutral,glm-5.2,b1c02df4e61ed1e9eab74230f23bc28c81e866c79d90022fc94fd6f78a67a136,6edd349e259c2ba39f8e023e8972f05a26009927937419579664e588c74cc325,0,0,0,0,0,89,513,5,paraphrase_a,226
paraphrase-v1|linear_equation-01|explore|explain_only|withhold|neutral|paraphrase_b,linear_equation-01,linear_equation,explore,explain_only,withhold,neutral,MiniMax-M2.7,5f26d8cc3d8c8e7654227975dbfc0774f7c871350a39079c29778a6e2cb9c56e,f61dce1eef6388a7e28269416ab1b7a0f283ce7daa5a09b5c418097edcbbf328,0,0,0,0,0,25,124,2,paraphrase_b,66
paraphrase-v1|linear_equation-01|explore|explain_only|withhold|neutral|paraphrase_b,linear_equation-01,linear_equation,explore,explain_only,withhold,neutral,MiniMax-M3,5f26d8cc3d8c8e7654227975dbfc0774f7c871350a39079c29778a6e2cb9c56e,9b1137bdb481fce7e956593c1c0f4bf5922d5449111539ed514c7329c0a7c78b,0,0,0,0,0,110,611,7,paraphrase_b,126
paraphrase-v1|linear_equation-01|explore|explain_only|withhold|neutral|paraphrase_b,linear_equation-01,linear_equation,explore,explain_only,withhold,neutral,deepseek-v4-pro,5f26d8cc3d8c8e7654227975dbfc0774f7c871350a39079c29778a6e2cb9c56e,1c31a77fdbe50924f28616037aaeec4c88d49d8092179e1ab040f6420c16356a,0,0,0,0,0,26,151,2,paraphrase_b,137
paraphrase-v1|linear_equation-01|explore|explain_only|withhold|neutral|paraphrase_b,linear_equation-01,linear_equation,explore,explain_only,withhold,neutral,doubao-seed-2.0-lite,5f26d8cc3d8c8e7654227975dbfc0774f7c871350a39079c29778a6e2cb9c56e,d3531aec91a4ea62e8d2d03b03c04223048c8ca7c84890ffb38fde7bea79e427,0,0,0,0,0,81,454,3,paraphrase_b,237
paraphrase-v1|linear_equation-01|explore|explain_only|withhold|neutral|paraphrase_b,linear_equation-01,linear_equation,explore,explain_only,withhold,neutral,glm-5.2,5f26d8cc3d8c8e7654227975dbfc0774f7c871350a39079c29778a6e2cb9c56e,3b7f8e236616061ea80b1b0ca1512719937afd057705bda6ff08ecad385d8918,0,0,0,0,0,40,234,3,paraphrase_b,48
paraphrase-v1|linear_equation-01|explore|explain_only|withhold|warm|paraphrase_a,linear_equation-01,linear_equation,explore,explain_only,withhold,warm,MiniMax-M2.7,6ff7e3cd92ddc918f9f4222792f1b77b7aaead8262ee58eeef1770a8231be94b,8acc3ddc1a5f9578dfbf4ac1b1b025021ff0450c21a517fe8f48b39cccdf1115,0,0,0,0,0,95,493,7,paraphrase_a,150
paraphrase-v1|linear_equation-01|explore|explain_only|withhold|warm|paraphrase_a,linear_equation-01,linear_equation,explore,explain_only,withhold,warm,MiniMax-M3,6ff7e3cd92ddc918f9f4222792f1b77b7aaead8262ee58eeef1770a8231be94b,3be5d3d17ee2499e3a99766eb8e53f3f9feb0f997d79f8229eba7d67d5894aa6,0,0,0,0,1,109,586,6,paraphrase_a,139
paraphrase-v1|linear_equation-01|explore|explain_only|withhold|warm|paraphrase_a,linear_equation-01,linear_equation,explore,explain_only,withhold,warm,deepseek-v4-pro,6ff7e3cd92ddc918f9f4222792f1b77b7aaead8262ee58eeef1770a8231be94b,ba33096accec728bcccb21cbcd2a585aed44a0443e573a1313946473f44a2ef3,0,0,0,0,0,92,525,4,paraphrase_a,0
paraphrase-v1|linear_equation-01|explore|explain_only|withhold|warm|paraphrase_a,linear_equation-01,linear_equation,explore,explain_only,withhold,warm,doubao-seed-2.0-lite,6ff7e3cd92ddc918f9f4222792f1b77b7aaead8262ee58eeef1770a8231be94b,b3e78a92ac7895571b1636fdd50ce79f310a479d3339999d324c393e05c6f4b7,0,0,0,0,0,132,693,4,paraphrase_a,154
paraphrase-v1|linear_equation-01|explore|explain_only|withhold|warm|paraphrase_a,linear_equation-01,linear_equation,explore,explain_only,withhold,warm,glm-5.2,6ff7e3cd92ddc918f9f4222792f1b77b7aaead8262ee58eeef1770a8231be94b,7dc46ad494e286232fb907cec666c1a5718584460907a1a7f48b40768d80b866,0,0,0,0,0,76,407,5,paraphrase_a,132
paraphrase-v1|linear_equation-01|explore|explain_only|withhold|warm|paraphrase_b,linear_equation-01,linear_equation,explore,explain_only,withhold,warm,MiniMax-M2.7,0722eb52a94f9f81d348524081d4f9c7160bbb15c0586098ac7762b185969d39,b732f1523e5cea6881862dd656c1d6aa8ac8aace65dc11b0822698b66675f702,0,0,0,0,1,44,246,4,paraphrase_b,193
paraphrase-v1|linear_equation-01|explore|explain_only|withhold|warm|paraphrase_b,linear_equation-01,linear_equation,explore,explain_only,withhold,warm,MiniMax-M3,0722eb52a94f9f81d348524081d4f9c7160bbb15c0586098ac7762b185969d39,333b08ff3d36acea113329b4d7ec26066222cf4e4047cf02d64e55edff80be74,0,0,0,0,0,107,638,4,paraphrase_b,25
paraphrase-v1|linear_equation-01|explore|explain_only|withhold|warm|paraphrase_b,linear_equation-01,linear_equation,explore,explain_only,withhold,warm,deepseek-v4-pro,0722eb52a94f9f81d348524081d4f9c7160bbb15c0586098ac7762b185969d39,408ce7759f71ec4f370db121003f18d3b796728d55d3c13b69a9119778abec44,0,0,0,0,1,39,234,3,paraphrase_b,12
paraphrase-v1|linear_equation-01|explore|explain_only|withhold|warm|paraphrase_b,linear_equation-01,linear_equation,explore,explain_only,withhold,warm,doubao-seed-2.0-lite,0722eb52a94f9f81d348524081d4f9c7160bbb15c0586098ac7762b185969d39,47306eb06bd26d3ecbfeba97244eb8226ee3554cfedd2a77320ceab72337ee6f,0,0,0,0,0,62,331,3,paraphrase_b,68
paraphrase-v1|linear_equation-01|explore|explain_only|withhold|warm|paraphrase_b,linear_equation-01,linear_equation,explore,explain_only,withhold,warm,glm-5.2,0722eb52a94f9f81d348524081d4f9c7160bbb15c0586098ac7762b185969d39,f2f11e17b76286ceaa711b2b429a819530d37d3aa233374cb3bdc04a2a5e9820,0,0,0,0,0,43,241,4,paraphrase_b,104
paraphrase-v1|linear_equation-01|explore|question_first|reveal|neutral|paraphrase_a,linear_equation-01,linear_equation,explore,question_first,reveal,neutral,MiniMax-M2.7,c26f6d7c83779fd75a5b6ccda46127142df37e7a7d1f95a9acf27ae13de35aeb,cadf76492ec78c786f00e2d842295b3041a886bc2bce34bc45e156530ac97eb5,1,1,1,1,0,82,434,5,paraphrase_a,164
paraphrase-v1|linear_equation-01|explore|question_first|reveal|neutral|paraphrase_a,linear_equation-01,linear_equation,explore,question_first,reveal,neutral,MiniMax-M3,c26f6d7c83779fd75a5b6ccda46127142df37e7a7d1f95a9acf27ae13de35aeb,bbb018c86d534d549a09ab04538d6cb03ea743a2d539545e70f508c06faafc15,1,1,1,1,0,73,366,5,paraphrase_a,212
paraphrase-v1|linear_equation-01|explore|question_first|reveal|neutral|paraphrase_a,linear_equation-01,linear_equation,explore,question_first,reveal,neutral,deepseek-v4-pro,c26f6d7c83779fd75a5b6ccda46127142df37e7a7d1f95a9acf27ae13de35aeb,0e4d79fa3ef3c9dd71581be747491e6c8ba2b8737310eb6c6fe198aff2a75fa3,1,1,1,1,0,56,288,4,paraphrase_a,84
paraphrase-v1|linear_equation-01|explore|question_first|reveal|neutral|paraphrase_a,linear_equation-01,linear_equation,explore,question_first,reveal,neutral,doubao-seed-2.0-lite,c26f6d7c83779fd75a5b6ccda46127142df37e7a7d1f95a9acf27ae13de35aeb,912d2421427b1af2850c38dbb0892b7080573d73056dc8e6930641856f02a774,1,1,1,1,0,92,475,5,paraphrase_a,208
paraphrase-v1|linear_equation-01|explore|question_first|reveal|neutral|paraphrase_a,linear_equation-01,linear_equation,explore,question_first,reveal,neutral,glm-5.2,c26f6d7c83779fd75a5b6ccda46127142df37e7a7d1f95a9acf27ae13de35aeb,53f25bd651f532a8d86e44c7924691140c80fd25b5f90f54c4c158eb1c491bc6,1,1,1,1,0,75,365,5,paraphrase_a,167
paraphrase-v1|linear_equation-01|explore|question_first|reveal|neutral|paraphrase_b,linear_equation-01,linear_equation,explore,question_first,reveal,neutral,MiniMax-M2.7,39350caf13c373db3e012e4e2b365f4ad1be92a17f6cb6d0c5931c66bf26d012,a6f074946a88632cc182d3eb0d9ebace688b7f4ed5cadac23b5e448c850353be,1,1,1,1,0,51,280,5,paraphrase_b,201
paraphrase-v1|linear_equation-01|explore|question_first|reveal|neutral|paraphrase_b,linear_equation-01,linear_equation,explore,question_first,reveal,neutral,MiniMax-M3,39350caf13c373db3e012e4e2b365f4ad1be92a17f6cb6d0c5931c66bf26d012,4ad9c8c009b12d65eed25abad92b1d9200c98cd301dde5926c458af367da1329,1,1,1,1,0,64,325,5,paraphrase_b,200
paraphrase-v1|linear_equation-01|explore|question_first|reveal|neutral|paraphrase_b,linear_equation-01,linear_equation,explore,question_first,reveal,neutral,deepseek-v4-pro,39350caf13c373db3e012e4e2b365f4ad1be92a17f6cb6d0c5931c66bf26d012,3b26a6e015b98d4d9eb8cb6819b4fddcb465b03a7d3f0235e7016b7b72bedfa7,1,1,1,1,0,76,411,5,paraphrase_b,155
paraphrase-v1|linear_equation-01|explore|question_first|reveal|neutral|paraphrase_b,linear_equation-01,linear_equation,explore,question_first,reveal,neutral,doubao-seed-2.0-lite,39350caf13c373db3e012e4e2b365f4ad1be92a17f6cb6d0c5931c66bf26d012,4e417e59c619d4a743934777200d450cfbbbb626147c1fa1c237beabe30c6ed6,1,1,1,1,0,99,554,5,paraphrase_b,169
paraphrase-v1|linear_equation-01|explore|question_first|reveal|neutral|paraphrase_b,linear_equation-01,linear_equation,explore,question_first,reveal,neutral,glm-5.2,39350caf13c373db3e012e4e2b365f4ad1be92a17f6cb6d0c5931c66bf26d012,24338ffb4b5529ebea8021c26af4f796a2b6febe651d542fb9065295939c4261,1,1,1,1,0,58,305,5,paraphrase_b,178
paraphrase-v1|linear_equation-01|explore|question_first|reveal|warm|paraphrase_a,linear_equation-01,linear_equation,explore,question_first,reveal,warm,MiniMax-M2.7,a85933f9f8089a3699ce75b6f715455babf1b6f80adca0a26b3ef739e53028ed,b3c1aaae08ededa7b8d1ec4136ed5a0dac566b767cd5867657971304f2ed73af,0,1,1,1,1,69,356,5,paraphrase_a,177
paraphrase-v1|linear_equation-01|explore|question_first|reveal|warm|paraphrase_a,linear_equation-01,linear_equation,explore,question_first,reveal,warm,MiniMax-M3,a85933f9f8089a3699ce75b6f715455babf1b6f80adca0a26b3ef739e53028ed,0f4300b92667d76733e7ae45e90224c8395c045e8bc6f601e8cf44620211afb2,0,1,1,1,1,102,528,6,paraphrase_a,140
paraphrase-v1|linear_equation-01|explore|question_first|reveal|warm|paraphrase_a,linear_equation-01,linear_equation,explore,question_first,reveal,warm,deepseek-v4-pro,a85933f9f8089a3699ce75b6f715455babf1b6f80adca0a26b3ef739e53028ed,32ebf65803478f515998cc642bc948d4ba37a36287789af160fc8ebd2be358af,0,1,1,1,0,70,357,6,paraphrase_a,38
paraphrase-v1|linear_equation-01|explore|question_first|reveal|warm|paraphrase_a,linear_equation-01,linear_equation,explore,question_first,reveal,warm,doubao-seed-2.0-lite,a85933f9f8089a3699ce75b6f715455babf1b6f80adca0a26b3ef739e53028ed,c28e1faa3d5ef012e66552cc42e03cbcc1b2d019ae9b11249327381fda06c3ab,1,1,1,1,0,124,617,6,paraphrase_a,144
paraphrase-v1|linear_equation-01|explore|question_first|reveal|warm|paraphrase_a,linear_equation-01,linear_equation,explore,question_first,reveal,warm,glm-5.2,a85933f9f8089a3699ce75b6f715455babf1b6f80adca0a26b3ef739e53028ed,a18ef7cf1882983ffc4bcaac6a68970e5315b495e02ca822ab68650aaf7331cd,1,1,1,1,0,81,427,6,paraphrase_a,191
paraphrase-v1|linear_equation-01|explore|question_first|reveal|warm|paraphrase_b,linear_equation-01,linear_equation,explore,question_first,reveal,warm,MiniMax-M2.7,14cad9c6fdac0b3bb89ff9b114ba6dd897abc27c383005c5249d6b29f4af5f5a,896fe826d7fdfd179eee1dc1524b6aaac8b6f5c136a164d99808e6fbb4f114be,1,1,1,1,0,65,358,5,paraphrase_b,125
paraphrase-v1|linear_equation-01|explore|question_first|reveal|warm|paraphrase_b,linear_equation-01,linear_equation,explore,question_first,reveal,warm,MiniMax-M3,14cad9c6fdac0b3bb89ff9b114ba6dd897abc27c383005c5249d6b29f4af5f5a,cd6963e958a094962fa705d2a052d75be23fac039049b4e4e44c05db98aa3355,1,1,1,1,0,95,487,5,paraphrase_b,55
paraphrase-v1|linear_equation-01|explore|question_first|reveal|warm|paraphrase_b,linear_equation-01,linear_equation,explore,question_first,reveal,warm,deepseek-v4-pro,14cad9c6fdac0b3bb89ff9b114ba6dd897abc27c383005c5249d6b29f4af5f5a,6d576464da72308fa7417f4639c9533eaa0a5638efc6ac75768dad1e474d3330,1,1,1,1,0,28,155,3,paraphrase_b,250
paraphrase-v1|linear_equation-01|explore|question_first|reveal|warm|paraphrase_b,linear_equation-01,linear_equation,explore,question_first,reveal,warm,doubao-seed-2.0-lite,14cad9c6fdac0b3bb89ff9b114ba6dd897abc27c383005c5249d6b29f4af5f5a,9bbf86409b35cfb4fc0c5a12d812db5448382b59f1ceeb36da1afdd43066565f,1,1,1,1,1,122,635,6,paraphrase_b,121
paraphrase-v1|linear_equation-01|explore|question_first|reveal|warm|paraphrase_b,linear_equation-01,linear_equation,explore,question_first,reveal,warm,glm-5.2,14cad9c6fdac0b3bb89ff9b114ba6dd897abc27c383005c5249d6b29f4af5f5a,7f3a5a0a3e2c0e45b7065d2fa202a10412e9f69a7de83fa51515aaa931726a13,1,1,1,1,0,85,430,6,paraphrase_b,174
paraphrase-v1|linear_equation-01|explore|question_first|withhold|neutral|paraphrase_a,linear_equation-01,linear_equation,explore,question_first,withhold,neutral,MiniMax-M2.7,3387b451775034d0323c09ce2130f73bc3c40e41e508e29ca1a170c9a88a809c,0e61028c80704c3ca652606f09b0391b85b58451fdea0f606ac42170474315c4,1,1,0,0,0,107,553,6,paraphrase_a,99
paraphrase-v1|linear_equation-01|explore|question_first|withhold|neutral|paraphrase_a,linear_equation-01,linear_equation,explore,question_first,withhold,neutral,MiniMax-M3,3387b451775034d0323c09ce2130f73bc3c40e41e508e29ca1a170c9a88a809c,40d94e7b4a7f6735bea1a11a447c57e6111415c022b1fde76367f8d8d69b4dc1,1,1,0,0,0,24,117,1,paraphrase_a,108
paraphrase-v1|linear_equation-01|explore|question_first|withhold|neutral|paraphrase_a,linear_equation-01,linear_equation,explore,question_first,withhold,neutral,deepseek-v4-pro,3387b451775034d0323c09ce2130f73bc3c40e41e508e29ca1a170c9a88a809c,46c7628352e3a2f44549361cb1f0b308359f7890321a390e0a8750a0bbd5f25e,1,1,0,0,0,69,359,6,paraphrase_a,151
paraphrase-v1|linear_equation-01|explore|question_first|withhold|neutral|paraphrase_a,linear_equation-01,linear_equation,explore,question_first,withhold,neutral,doubao-seed-2.0-lite,3387b451775034d0323c09ce2130f73bc3c40e41e508e29ca1a170c9a88a809c,b5f8587602d31646a2b780d002e19f978626dd09b3cba4d779762c9d73e5a96d,1,1,0,0,0,117,600,4,paraphrase_a,172
paraphrase-v1|linear_equation-01|explore|question_first|withhold|neutral|paraphrase_a,linear_equation-01,linear_equation,explore,question_first,withhold,neutral,glm-5.2,3387b451775034d0323c09ce2130f73bc3c40e41e508e29ca1a170c9a88a809c,412bfd16645c9597ecc8481cd9d07d0a15a7a3c065e4010d0262e98c7233767c,1,1,0,0,0,76,405,4,paraphrase_a,240
paraphrase-v1|linear_equation-01|explore|question_first|withhold|neutral|paraphrase_b,linear_equation-01,linear_equation,explore,question_first,withhold,neutral,MiniMax-M2.7,66304b0d822de1dc9ab7288034d58700031553d41e4b813d7db3d9fcb455fef4,9814656e3d003aa9badffa5a6c8000ec4087d3d364fb00cb12bdbf52e2180f37,1,1,0,0,0,70,393,4,paraphrase_b,14
paraphrase-v1|linear_equation-01|explore|question_first|withhold|neutral|paraphrase_b,linear_equation-01,linear_equation,explore,question_first,withhold,neutral,MiniMax-M3,66304b0d822de1dc9ab7288034d58700031553d41e4b813d7db3d9fcb455fef4,e75ec9c6114a14cfb269acfc08c9aa7cf2a36ed697455d9853212f1a5c2aab0d,1,1,0,0,0,99,558,5,paraphrase_b,0
paraphrase-v1|linear_equation-01|explore|question_first|withhold|neutral|paraphrase_b,linear_equation-01,linear_equation,explore,question_first,withhold,neutral,deepseek-v4-pro,66304b0d822de1dc9ab7288034d58700031553d41e4b813d7db3d9fcb455fef4,770ab98120e6704140a24f1fd4456f6c750930ddbeb28966f1128f2668bdda40,1,1,0,0,0,86,441,4,paraphrase_b,147
paraphrase-v1|linear_equation-01|explore|question_first|withhold|neutral|paraphrase_b,linear_equation-01,linear_equation,explore,question_first,withhold,neutral,doubao-seed-2.0-lite,66304b0d822de1dc9ab7288034d58700031553d41e4b813d7db3d9fcb455fef4,7cad89e113c7e5f4218942228b442926ceb4ea7cca6bf406d20db9e31c12cf7a,1,1,0,0,0,134,688,4,paraphrase_b,188
paraphrase-v1|linear_equation-01|explore|question_first|withhold|neutral|paraphrase_b,linear_equation-01,linear_equation,explore,question_first,withhold,neutral,glm-5.2,66304b0d822de1dc9ab7288034d58700031553d41e4b813d7db3d9fcb455fef4,9620bf2b8e7b55fe16eccc31fa40756d6032d49654248f3d34f4174059b9ed03,1,1,0,0,0,79,406,4,paraphrase_b,229
paraphrase-v1|linear_equation-01|explore|question_first|withhold|warm|paraphrase_a,linear_equation-01,linear_equation,explore,question_first,withhold,warm,MiniMax-M2.7,d1f7b832c2072c2c8cd37dab6e7198f7fd0f424678a189dcb9d2c9a1cae97982,226c544ed1c1a54cc2239e046865ce5df5941824667920fe3ff339dbb510ba7b,0,1,0,0,0,72,387,5,paraphrase_a,206
paraphrase-v1|linear_equation-01|explore|question_first|withhold|warm|paraphrase_a,linear_equation-01,linear_equation,explore,question_first,withhold,warm,MiniMax-M3,d1f7b832c2072c2c8cd37dab6e7198f7fd0f424678a189dcb9d2c9a1cae97982,a325d28d097ef75967b59fc335824b8b73e0317648c15e6ef6d167f0bc24da61,0,1,0,0,0,85,411,4,paraphrase_a,21
paraphrase-v1|linear_equation-01|explore|question_first|withhold|warm|paraphrase_a,linear_equation-01,linear_equation,explore,question_first,withhold,warm,deepseek-v4-pro,d1f7b832c2072c2c8cd37dab6e7198f7fd0f424678a189dcb9d2c9a1cae97982,b4309ee37c0f3c91c5616be0c2da1b61b29f2f5010d88fec7415cb32788111e7,1,1,0,0,0,70,406,5,paraphrase_a,122
paraphrase-v1|linear_equation-01|explore|question_first|withhold|warm|paraphrase_a,linear_equation-01,linear_equation,explore,question_first,withhold,warm,doubao-seed-2.0-lite,d1f7b832c2072c2c8cd37dab6e7198f7fd0f424678a189dcb9d2c9a1cae97982,a2e133d43afb8f6138663d440ef7ab262edbe1e56a75be2e5608e20acfa37c71,1,1,0,0,1,115,571,5,paraphrase_a,156
paraphrase-v1|linear_equation-01|explore|question_first|withhold|warm|paraphrase_a,linear_equation-01,linear_equation,explore,question_first,withhold,warm,glm-5.2,d1f7b832c2072c2c8cd37dab6e7198f7fd0f424678a189dcb9d2c9a1cae97982,670f2f386d284d94a303440017083cdcb6bef3e4628f89fe7416fbc298c09392,1,1,0,0,0,125,659,8,paraphrase_a,79
paraphrase-v1|linear_equation-01|explore|question_first|withhold|warm|paraphrase_b,linear_equation-01,linear_equation,explore,question_first,withhold,warm,MiniMax-M2.7,b874ae02394a01b6fdbac4ddda17405a175fbe4a430a397c60ee057565c829fb,e60063b8f24329fa241c19468fc9f4ba3331792d80623a1ac7b1cadfe94bc4d6,1,1,0,0,0,49,275,3,paraphrase_b,96
paraphrase-v1|linear_equation-01|explore|question_first|withhold|warm|paraphrase_b,linear_equation-01,linear_equation,explore,question_first,withhold,warm,MiniMax-M3,b874ae02394a01b6fdbac4ddda17405a175fbe4a430a397c60ee057565c829fb,88bc5505d80bed8d8dd588896b9df92997d04db062e33e257696500439433783,1,1,0,0,0,75,397,4,paraphrase_b,70
paraphrase-v1|linear_equation-01|explore|question_first|withhold|warm|paraphrase_b,linear_equation-01,linear_equation,explore,question_first,withhold,warm,deepseek-v4-pro,b874ae02394a01b6fdbac4ddda17405a175fbe4a430a397c60ee057565c829fb,98565bbc0e1a06e134ef8117ef6b4803e2a492c340e8c298308cd5b75726f88d,1,1,0,0,0,55,306,4,paraphrase_b,243
paraphrase-v1|linear_equation-01|explore|question_first|withhold|warm|paraphrase_b,linear_equation-01,linear_equation,explore,question_first,withhold,warm,doubao-seed-2.0-lite,b874ae02394a01b6fdbac4ddda17405a175fbe4a430a397c60ee057565c829fb,05bec5f09ac2f15a7e5208d23488072eade51efdb13a40bb680f456d071e4f33,1,1,0,0,1,117,620,5,paraphrase_b,180
paraphrase-v1|linear_equation-01|explore|question_first|withhold|warm|paraphrase_b,linear_equation-01,linear_equation,explore,question_first,withhold,warm,glm-5.2,b874ae02394a01b6fdbac4ddda17405a175fbe4a430a397c60ee057565c829fb,be4cf821aca6a40dbe9fbe3035efa2b32be42a8206ed1273191cefc4155517f3,1,1,0,0,0,94,536,6,paraphrase_b,199
paraphrase-v1|linear_equation-05|direct|explain_only|reveal|neutral|paraphrase_a,linear_equation-05,linear_equation,direct,explain_only,reveal,neutral,MiniMax-M2.7,46ff2469f5924372f5b0fe1881422742a51f60989e9e22a77b4cd64d34fe8f5d,80370ed45c6e1d537199c4247a40fbe10a215b07e5e4493e46c98a6fcca273bf,0,0,1,1,0,42,237,4,paraphrase_a,199
paraphrase-v1|linear_equation-05|direct|explain_only|reveal|neutral|paraphrase_a,linear_equation-05,linear_equation,direct,explain_only,reveal,neutral,MiniMax-M3,46ff2469f5924372f5b0fe1881422742a51f60989e9e22a77b4cd64d34fe8f5d,658da4c48e72b4c8367159cfbf31c0ea6c0ebe45542e2135f2a234aabbb739cf,0,0,1,1,0,48,243,4,paraphrase_a,189
paraphrase-v1|linear_equation-05|direct|explain_only|reveal|neutral|paraphrase_a,linear_equation-05,linear_equation,direct,explain_only,reveal,neutral,deepseek-v4-pro,46ff2469f5924372f5b0fe1881422742a51f60989e9e22a77b4cd64d34fe8f5d,09b99a4abd3815fa3c9ae8bb9c05fef684054b3561c27b1c7c8be43f2db475f6,0,0,1,1,0,53,274,4,paraphrase_a,128
paraphrase-v1|linear_equation-05|direct|explain_only|reveal|neutral|paraphrase_a,linear_equation-05,linear_equation,direct,explain_only,reveal,neutral,doubao-seed-2.0-lite,46ff2469f5924372f5b0fe1881422742a51f60989e9e22a77b4cd64d34fe8f5d,eee4b3af41eb7550a2e7d3a326de19065455fc9af94ce5f4370c5baac4ddfafa,0,0,1,1,0,64,350,4,paraphrase_a,90
paraphrase-v1|linear_equation-05|direct|explain_only|reveal|neutral|paraphrase_a,linear_equation-05,linear_equation,direct,explain_only,reveal,neutral,glm-5.2,46ff2469f5924372f5b0fe1881422742a51f60989e9e22a77b4cd64d34fe8f5d,fb7a5968b5114c1d577f6c60c6f179f63caaa629ca896f6d025590b086f8de8d,0,0,1,1,0,67,367,4,paraphrase_a,211
paraphrase-v1|linear_equation-05|direct|explain_only|reveal|neutral|paraphrase_b,linear_equation-05,linear_equation,direct,explain_only,reveal,neutral,MiniMax-M2.7,b05f53921435c0333cdc2fd9622ca3c4d4142ec2f5fee020e22063ce22d2ead9,f89f770a828548aaa4c77bc038a8147006062bdaeda282d180676c2fc4db75a4,0,0,1,1,0,51,302,5,paraphrase_b,240
paraphrase-v1|linear_equation-05|direct|explain_only|reveal|neutral|paraphrase_b,linear_equation-05,linear_equation,direct,explain_only,reveal,neutral,MiniMax-M3,b05f53921435c0333cdc2fd9622ca3c4d4142ec2f5fee020e22063ce22d2ead9,c35a33415596d40259edba03baeb0e4945cfab7d8288334bea7166d2ae1af6c3,0,0,1,1,0,54,298,5,paraphrase_b,111
paraphrase-v1|linear_equation-05|direct|explain_only|reveal|neutral|paraphrase_b,linear_equation-05,linear_equation,direct,explain_only,reveal,neutral,deepseek-v4-pro,b05f53921435c0333cdc2fd9622ca3c4d4142ec2f5fee020e22063ce22d2ead9,eebbc3a19520c510783a64958b5a13e8f8074e4b82b35ba22683ab32c27ad45e,0,0,1,1,0,43,229,6,paraphrase_b,130
paraphrase-v1|linear_equation-05|direct|explain_only|reveal|neutral|paraphrase_b,linear_equation-05,linear_equation,direct,explain_only,reveal,neutral,doubao-seed-2.0-lite,b05f53921435c0333cdc2fd9622ca3c4d4142ec2f5fee020e22063ce22d2ead9,7dba13f76f94b6e5c946374fc70b51459474dacc2bf377289069d8d508064783,0,0,1,1,0,87,469,6,paraphrase_b,249
paraphrase-v1|linear_equation-05|direct|explain_only|reveal|neutral|paraphrase_b,linear_equation-05,linear_equation,direct,explain_only,reveal,neutral,glm-5.2,b05f53921435c0333cdc2fd9622ca3c4d4142ec2f5fee020e22063ce22d2ead9,8993e76c74033a92973188ea364550b4b6b868b5b185eb0a29c121c01aee2411,0,0,1,1,0,46,244,4,paraphrase_b,2
paraphrase-v1|linear_equation-05|direct|explain_only|reveal|warm|paraphrase_a,linear_equation-05,linear_equation,direct,explain_only,reveal,warm,MiniMax-M2.7,56bc69e4c2352083ca233a7748366e891763ffba10e8d30ba9eb74e5b1ad5c10,2f1dcfa7da64e104dcf3541b68084a8237cac822a547f68128d2ff045c3fd62e,0,0,1,1,0,64,390,5,paraphrase_a,95
paraphrase-v1|linear_equation-05|direct|explain_only|reveal|warm|paraphrase_a,linear_equation-05,linear_equation,direct,explain_only,reveal,warm,MiniMax-M3,56bc69e4c2352083ca233a7748366e891763ffba10e8d30ba9eb74e5b1ad5c10,400609183a100c82a36f7d54fcf8ec0266cc30a2a59962e753dda5f095aa3075,0,0,1,1,0,62,330,3,paraphrase_a,206
paraphrase-v1|linear_equation-05|direct|explain_only|reveal|warm|paraphrase_a,linear_equation-05,linear_equation,direct,explain_only,reveal,warm,deepseek-v4-pro,56bc69e4c2352083ca233a7748366e891763ffba10e8d30ba9eb74e5b1ad5c10,929881792c0385443d42ba116b233b1e0e4279ce40d72adefef3a5d645ff408d,0,0,1,1,1,54,314,4,paraphrase_a,187
paraphrase-v1|linear_equation-05|direct|explain_only|reveal|warm|paraphrase_a,linear_equation-05,linear_equation,direct,explain_only,reveal,warm,doubao-seed-2.0-lite,56bc69e4c2352083ca233a7748366e891763ffba10e8d30ba9eb74e5b1ad5c10,603625d6993949bd4618ea64dbb7c2c1eca8caedcd1cfd463a82ed133e4d8d37,0,0,1,1,1,89,463,5,paraphrase_a,255
paraphrase-v1|linear_equation-05|direct|explain_only|reveal|warm|paraphrase_a,linear_equation-05,linear_equation,direct,explain_only,reveal,warm,glm-5.2,56bc69e4c2352083ca233a7748366e891763ffba10e8d30ba9eb74e5b1ad5c10,022b2c0865d8c3daf25c2062b18bb33141f880bb6c978adf8fff414db79c1840,0,0,1,1,0,56,303,5,paraphrase_a,152
paraphrase-v1|linear_equation-05|direct|explain_only|reveal|warm|paraphrase_b,linear_equation-05,linear_equation,direct,explain_only,reveal,warm,MiniMax-M2.7,1c25bc17557b1d96dde9978313596e463e011342996a8210827fdc3f9eddf491,37fa3634edde7ee9b0db7c3ba876c98544ae3660d6927ad94ee0498f41dca90a,0,0,1,1,0,35,183,4,paraphrase_b,236
paraphrase-v1|linear_equation-05|direct|explain_only|reveal|warm|paraphrase_b,linear_equation-05,linear_equation,direct,explain_only,reveal,warm,MiniMax-M3,1c25bc17557b1d96dde9978313596e463e011342996a8210827fdc3f9eddf491,867d27db4bdb519418f063681b90bc0d44fb75a323b080609b03310f94c32a9c,0,0,1,1,0,59,324,6,paraphrase_b,88
paraphrase-v1|linear_equation-05|direct|explain_only|reveal|warm|paraphrase_b,linear_equation-05,linear_equation,direct,explain_only,reveal,warm,deepseek-v4-pro,1c25bc17557b1d96dde9978313596e463e011342996a8210827fdc3f9eddf491,6f300edfe8aa1b3dfa275c2bf717d9936e5fcb6777efa1d6cc1215c0565650bf,0,0,1,1,1,32,150,4,paraphrase_b,210
paraphrase-v1|linear_equation-05|direct|explain_only|reveal|warm|paraphrase_b,linear_equation-05,linear_equation,direct,explain_only,reveal,warm,doubao-seed-2.0-lite,1c25bc17557b1d96dde9978313596e463e011342996a8210827fdc3f9eddf491,62ec24e8b2c86d68be3f3c7f35d75827cb659a29e5625938f4f6808108303e5c,0,0,1,1,1,85,473,6,paraphrase_b,217
paraphrase-v1|linear_equation-05|direct|explain_only|reveal|warm|paraphrase_b,linear_equation-05,linear_equation,direct,explain_only,reveal,warm,glm-5.2,1c25bc17557b1d96dde9978313596e463e011342996a8210827fdc3f9eddf491,cf7edaa09af219ab84d227897954fb05841a125db95ff33a3eb69d4d5e2db65e,0,0,1,1,0,40,216,3,paraphrase_b,161
paraphrase-v1|linear_equation-05|direct|explain_only|withhold|neutral|paraphrase_a,linear_equation-05,linear_equation,direct,explain_only,withhold,neutral,MiniMax-M2.7,d027cdea344d21d13838d742cccef0dbf45939d656c0155ad349f37c1b036a2c,983a82528be2e4e01f4cbbbcd7789055c9be7d0512a5933fe2880a55d0916a91,0,0,0,0,0,57,301,4,paraphrase_a,91
paraphrase-v1|linear_equation-05|direct|explain_only|withhold|neutral|paraphrase_a,linear_equation-05,linear_equation,direct,explain_only,withhold,neutral,MiniMax-M3,d027cdea344d21d13838d742cccef0dbf45939d656c0155ad349f37c1b036a2c,482822d4499ccdc7a04e24cfec1a50734fcf77b5e2ff27e924252ce7b0772e41,0,0,0,0,0,78,409,3,paraphrase_a,210
paraphrase-v1|linear_equation-05|direct|explain_only|withhold|neutral|paraphrase_a,linear_equation-05,linear_equation,direct,explain_only,withhold,neutral,deepseek-v4-pro,d027cdea344d21d13838d742cccef0dbf45939d656c0155ad349f37c1b036a2c,26106f6f53a6455ec1a831825202571488f063d4400e72edca3ccf81489e3f0b,0,0,0,0,0,53,286,5,paraphrase_a,163
paraphrase-v1|linear_equation-05|direct|explain_only|withhold|neutral|paraphrase_a,linear_equation-05,linear_equation,direct,explain_only,withhold,neutral,doubao-seed-2.0-lite,d027cdea344d21d13838d742cccef0dbf45939d656c0155ad349f37c1b036a2c,912d096f6f9b36f85b32a47ffed66c540607dfc2c822c9b1a212f336c83c53b9,0,0,0,0,0,122,669,4,paraphrase_a,111
paraphrase-v1|linear_equation-05|direct|explain_only|withhold|neutral|paraphrase_a,linear_equation-05,linear_equation,direct,explain_only,withhold,neutral,glm-5.2,d027cdea344d21d13838d742cccef0dbf45939d656c0155ad349f37c1b036a2c,6d0beb491f82a99c65ff79d4fb53acb2d659d60027dfc9dcba43ccb2289c74d1,0,0,0,0,0,63,347,4,paraphrase_a,184
paraphrase-v1|linear_equation-05|direct|explain_only|withhold|neutral|paraphrase_b,linear_equation-05,linear_equation,direct,explain_only,withhold,neutral,MiniMax-M2.7,e7d5601575701fa852df73a455dce1ffa00b5f97993eae7b2fde1c053de1b24d,4d735a139bbce24e0ca0db44648f9ff1a4a7e4ff3005ba777371b3f749f4dc8d,0,0,0,0,0,41,243,3,paraphrase_b,23
paraphrase-v1|linear_equation-05|direct|explain_only|withhold|neutral|paraphrase_b,linear_equation-05,linear_equation,direct,explain_only,withhold,neutral,MiniMax-M3,e7d5601575701fa852df73a455dce1ffa00b5f97993eae7b2fde1c053de1b24d,c5c8b9e43a1156046adc08c2bba0b95453b584f119fe5bc7a65d7695b5e3d266,0,0,0,0,0,61,363,4,paraphrase_b,95
paraphrase-v1|linear_equation-05|direct|explain_only|withhold|neutral|paraphrase_b,linear_equation-05,linear_equation,direct,explain_only,withhold,neutral,deepseek-v4-pro,e7d5601575701fa852df73a455dce1ffa00b5f97993eae7b2fde1c053de1b24d,38ed8372f91f3c14881578168399673907e6a9f35897c38f00d541ab0c93a063,0,0,0,0,0,24,123,2,paraphrase_b,134
paraphrase-v1|linear_equation-05|direct|explain_only|withhold|neutral|paraphrase_b,linear_equation-05,linear_equation,direct,explain_only,withhold,neutral,doubao-seed-2.0-lite,e7d5601575701fa852df73a455dce1ffa00b5f97993eae7b2fde1c053de1b24d,b9b345956a6a5e24e026cda695273635733b7681b77d7c7f83e95b743f78a8f2,0,0,0,0,0,67,362,5,paraphrase_b,49
paraphrase-v1|linear_equation-05|direct|explain_only|withhold|neutral|paraphrase_b,linear_equation-05,linear_equation,direct,explain_only,withhold,neutral,glm-5.2,e7d5601575701fa852df73a455dce1ffa00b5f97993eae7b2fde1c053de1b24d,b916333dc10927388f89e20909685ccf273d0c770760dacea9b5b663d75b9b0c,0,0,0,0,0,53,311,3,paraphrase_b,198
paraphrase-v1|linear_equation-05|direct|explain_only|withhold|warm|paraphrase_a,linear_equation-05,linear_equation,direct,explain_only,withhold,warm,MiniMax-M2.7,eaa87cacd836078c7bd45788b3e15275a830b4620d32f108667f439bcc173568,498eeef62f1b37aaf82eab322c7a14c89bc1545a0111e06f98b2f01a88c90783,0,0,0,0,1,113,635,7,paraphrase_a,130
paraphrase-v1|linear_equation-05|direct|explain_only|withhold|warm|paraphrase_a,linear_equation-05,linear_equation,direct,explain_only,withhold,warm,MiniMax-M3,eaa87cacd836078c7bd45788b3e15275a830b4620d32f108667f439bcc173568,9d194ed0ad84782282ea6f768d495edad9b3e68db9f783a69c2ed91ea6961e45,0,0,0,0,0,144,816,9,paraphrase_a,230
paraphrase-v1|linear_equation-05|direct|explain_only|withhold|warm|paraphrase_a,linear_equation-05,linear_equation,direct,explain_only,withhold,warm,deepseek-v4-pro,eaa87cacd836078c7bd45788b3e15275a830b4620d32f108667f439bcc173568,3265f3530c4d1d321fe6bf8950c970ef4d7d00c34b24284e9c6547838a8663cc,0,0,0,0,1,90,506,7,paraphrase_a,100
paraphrase-v1|linear_equation-05|direct|explain_only|withhold|warm|paraphrase_a,linear_equation-05,linear_equation,direct,explain_only,withhold,warm,doubao-seed-2.0-lite,eaa87cacd836078c7bd45788b3e15275a830b4620d32f108667f439bcc173568,5ef9853a0a79940b4e5c70ce1d45c6affee09efea52e29d006b4a04e5a869acd,0,0,0,0,1,137,790,4,paraphrase_a,2
paraphrase-v1|linear_equation-05|direct|explain_only|withhold|warm|paraphrase_a,linear_equation-05,linear_equation,direct,explain_only,withhold,warm,glm-5.2,eaa87cacd836078c7bd45788b3e15275a830b4620d32f108667f439bcc173568,83ce3c35e3394de7e33500c607c28a82c66a698764a9cfd923b7b3fcbb3029af,0,0,0,0,0,74,382,5,paraphrase_a,245
paraphrase-v1|linear_equation-05|direct|explain_only|withhold|warm|paraphrase_b,linear_equation-05,linear_equation,direct,explain_only,withhold,warm,MiniMax-M2.7,96c79d2b39e5329417de259fa7e5c716f5b18961c40a4ae4d41fa1e2174f6055,205dbe01bf3d7e529cb13175f47aa7cbc09cc3a48811ad4828a1d6943be7f38e,0,0,0,0,0,45,262,4,paraphrase_b,149
paraphrase-v1|linear_equation-05|direct|explain_only|withhold|warm|paraphrase_b,linear_equation-05,linear_equation,direct,explain_only,withhold,warm,MiniMax-M3,96c79d2b39e5329417de259fa7e5c716f5b18961c40a4ae4d41fa1e2174f6055,5ff8e2c87397d1a96db6a482071e1035003d8b3a48f374765347dccb90ec4836,0,0,0,0,0,56,310,4,paraphrase_b,248
paraphrase-v1|linear_equation-05|direct|explain_only|withhold|warm|paraphrase_b,linear_equation-05,linear_equation,direct,explain_only,withhold,warm,deepseek-v4-pro,96c79d2b39e5329417de259fa7e5c716f5b18961c40a4ae4d41fa1e2174f6055,a51e4d6b26d27b9f2a8850f638cd12d2e7a7f63039d90e5c403c2e2de361385f,0,0,0,0,0,51,298,3,paraphrase_b,213
paraphrase-v1|linear_equation-05|direct|explain_only|withhold|warm|paraphrase_b,linear_equation-05,linear_equation,direct,explain_only,withhold,warm,doubao-seed-2.0-lite,96c79d2b39e5329417de259fa7e5c716f5b18961c40a4ae4d41fa1e2174f6055,767845528eef285b80d4ce0eca0ebfd3d618f199e94fd75dedf34afca9913269,0,0,0,0,0,65,372,3,paraphrase_b,64
paraphrase-v1|linear_equation-05|direct|explain_only|withhold|warm|paraphrase_b,linear_equation-05,linear_equation,direct,explain_only,withhold,warm,glm-5.2,96c79d2b39e5329417de259fa7e5c716f5b18961c40a4ae4d41fa1e2174f6055,4f3116944d4f38fc9c8e6e15d66d235d47dc26a257beacdc0483456c9aeae07e,0,0,0,0,1,42,217,3,paraphrase_b,97
paraphrase-v1|linear_equation-05|direct|question_first|reveal|neutral|paraphrase_a,linear_equation-05,linear_equation,direct,question_first,reveal,neutral,MiniMax-M2.7,adb1bdf8c104f4f398791b8351b3398c6ef562321bf8bd815ce3f2157370a01d,04ffa5a446797240bf44fdb9acf3133da646910100d97023ca7146fb4c4ac1d4,1,1,1,1,0,54,295,4,paraphrase_a,53
paraphrase-v1|linear_equation-05|direct|question_first|reveal|neutral|paraphrase_a,linear_equation-05,linear_equation,direct,question_first,reveal,neutral,MiniMax-M3,adb1bdf8c104f4f398791b8351b3398c6ef562321bf8bd815ce3f2157370a01d,12d3e796600190ad4e2f591830fa1fab7f855ae6a27b515679e8109b9fd9e36f,1,1,1,1,0,37,194,3,paraphrase_a,251
paraphrase-v1|linear_equation-05|direct|question_first|reveal|neutral|paraphrase_a,linear_equation-05,linear_equation,direct,question_first,reveal,neutral,deepseek-v4-pro,adb1bdf8c104f4f398791b8351b3398c6ef562321bf8bd815ce3f2157370a01d,470ab4c8331c7ca2d00ee4e59e113e1dd90ab5c98394697daf6908c5f0d6d712,0,1,1,1,0,71,349,6,paraphrase_a,132
paraphrase-v1|linear_equation-05|direct|question_first|reveal|neutral|paraphrase_a,linear_equation-05,linear_equation,direct,question_first,reveal,neutral,doubao-seed-2.0-lite,adb1bdf8c104f4f398791b8351b3398c6ef562321bf8bd815ce3f2157370a01d,3face4aa720cf1dde3a838f6baa13bfcc3c92fcc3e69075601546d645d8efd37,1,1,1,1,0,75,383,6,paraphrase_a,252
paraphrase-v1|linear_equation-05|direct|question_first|reveal|neutral|paraphrase_a,linear_equation-05,linear_equation,direct,question_first,reveal,neutral,glm-5.2,adb1bdf8c104f4f398791b8351b3398c6ef562321bf8bd815ce3f2157370a01d,ac28325486739c7dc8088e8685155c66a1f762eafd29bd83d3b697652eaf01cd,1,1,1,1,0,94,490,6,paraphrase_a,94
paraphrase-v1|linear_equation-05|direct|question_first|reveal|neutral|paraphrase_b,linear_equation-05,linear_equation,direct,question_first,reveal,neutral,MiniMax-M2.7,36f31f13b25669290b0affd060e6b24815542e9f689da810390dab4f058f3f40,f651cc652e8281851a26319aa00a2f743ee5667c2b54200ffbfbcb84b3fa6c90,1,1,1,1,0,38,225,3,paraphrase_b,12
paraphrase-v1|linear_equation-05|direct|question_first|reveal|neutral|paraphrase_b,linear_equation-05,linear_equation,direct,question_first,reveal,neutral,MiniMax-M3,36f31f13b25669290b0affd060e6b24815542e9f689da810390dab4f058f3f40,70a650a0c5e81d435937237fb969bc47ce0eb7f532a54022c9bce7e54b826b79,1,1,1,1,0,85,449,6,paraphrase_b,127
paraphrase-v1|linear_equation-05|direct|question_first|reveal|neutral|paraphrase_b,linear_equation-05,linear_equation,direct,question_first,reveal,neutral,deepseek-v4-pro,36f31f13b25669290b0affd060e6b24815542e9f689da810390dab4f058f3f40,418ecd988a2ce479350d72d7e67a35f0e3542067a1ada3d76af70edb61078c41,1,1,1,1,0,57,292,6,paraphrase_b,218
paraphrase-v1|linear_equation-05|direct|question_first|reveal|neutral|paraphrase_b,linear_equation-05,linear_equation,direct,question_first,reveal,neutral,doubao-seed-2.0-lite,36f31f13b25669290b0affd060e6b24815542e9f689da810390dab4f058f3f40,c60f657a27a1155dc933de2bad5acb7e593ed6a9454987bcc675a253d205c2b2,1,1,1,1,0,121,661,8,paraphrase_b,146
paraphrase-v1|linear_equation-05|direct|question_first|reveal|neutral|paraphrase_b,linear_equation-05,linear_equation,direct,question_first,reveal,neutral,glm-5.2,36f31f13b25669290b0affd060e6b24815542e9f689da810390dab4f058f3f40,997469425f4fbc327545f5ada9401d40c360a51afab9b582b72f905f28614882,1,1,1,1,0,50,252,4,paraphrase_b,111
paraphrase-v1|linear_equation-05|direct|question_first|reveal|warm|paraphrase_a,linear_equation-05,linear_equation,direct,question_first,reveal,warm,MiniMax-M2.7,88b05d27ea7df5d7c946adbf9511735fdc374ab6c940a938c0efceea5610d748,533c1579fc71877658e4b64b477fd94f6576baf7d227a84e9efbdd55bd43b6b6,1,1,1,1,0,63,339,6,paraphrase_a,52
paraphrase-v1|linear_equation-05|direct|question_first|reveal|warm|paraphrase_a,linear_equation-05,linear_equation,direct,question_first,reveal,warm,MiniMax-M3,88b05d27ea7df5d7c946adbf9511735fdc374ab6c940a938c0efceea5610d748,39db955a76623ba8336efa97834364f3dc0ff7f8d6876d03bd5e4bba5a4a0dac,1,1,1,1,0,90,452,4,paraphrase_a,92
paraphrase-v1|linear_equation-05|direct|question_first|reveal|warm|paraphrase_a,linear_equation-05,linear_equation,direct,question_first,reveal,warm,deepseek-v4-pro,88b05d27ea7df5d7c946adbf9511735fdc374ab6c940a938c0efceea5610d748,fdbcc8c93340186e974c5d141c06aafc07d52a67192b9c47b42f2d6bfe5fb472,1,1,1,1,0,60,300,6,paraphrase_a,66
paraphrase-v1|linear_equation-05|direct|question_first|reveal|warm|paraphrase_a,linear_equation-05,linear_equation,direct,question_first,reveal,warm,doubao-seed-2.0-lite,88b05d27ea7df5d7c946adbf9511735fdc374ab6c940a938c0efceea5610d748,74bf9fd8a32a0c38a323bd856c08697e6cd6bb97811c614725321a576797683b,1,1,1,1,0,114,610,8,paraphrase_a,44
paraphrase-v1|linear_equation-05|direct|question_first|reveal|warm|paraphrase_a,linear_equation-05,linear_equation,direct,question_first,reveal,warm,glm-5.2,88b05d27ea7df5d7c946adbf9511735fdc374ab6c940a938c0efceea5610d748,f4044862b41781b3a2a880d2504dbd29ed6f65c560ad06d36217de82dbb6d153,1,1,1,1,0,56,284,6,paraphrase_a,137
paraphrase-v1|linear_equation-05|direct|question_first|reveal|warm|paraphrase_b,linear_equation-05,linear_equation,direct,question_first,reveal,warm,MiniMax-M2.7,26ec83e523fcd2aa380e3795678a1e4c6c39d673ffc400cb53a8173d543be06b,cac04937f4282b1988a59f688b044d8d18e2d4553f19a1dd604bc404d5b0975c,1,1,1,1,0,63,341,5,paraphrase_b,60
paraphrase-v1|linear_equation-05|direct|question_first|reveal|warm|paraphrase_b,linear_equation-05,linear_equation,direct,question_first,reveal,warm,MiniMax-M3,26ec83e523fcd2aa380e3795678a1e4c6c39d673ffc400cb53a8173d543be06b,a37dd23a566ad33e21586247a8e4295ffa144a96b85a424935ee6844bdf77128,1,1,1,1,0,91,491,7,paraphrase_b,178
paraphrase-v1|linear_equation-05|direct|question_first|reveal|warm|paraphrase_b,linear_equation-05,linear_equation,direct,question_first,reveal,warm,deepseek-v4-pro,26ec83e523fcd2aa380e3795678a1e4c6c39d673ffc400cb53a8173d543be06b,b6e6da779c8e8e30dc5b8c4f10092ebdc318e3570f278bc0e51334066cd0b469,1,1,1,1,0,44,222,3,paraphrase_b,233
paraphrase-v1|linear_equation-05|direct|question_first|reveal|warm|paraphrase_b,linear_equation-05,linear_equation,direct,question_first,reveal,warm,doubao-seed-2.0-lite,26ec83e523fcd2aa380e3795678a1e4c6c39d673ffc400cb53a8173d543be06b,e5cc881af4032095299c641224ab2bba8a1dd4d822102638bee82036b8f21972,1,1,1,1,0,118,630,5,paraphrase_b,219
paraphrase-v1|linear_equation-05|direct|question_first|reveal|warm|paraphrase_b,linear_equation-05,linear_equation,direct,question_first,reveal,warm,glm-5.2,26ec83e523fcd2aa380e3795678a1e4c6c39d673ffc400cb53a8173d543be06b,8d5ca91b9be5b6e8da26c98730dce8a67f1446b98da395cfb725931e660313f3,1,1,1,1,0,71,373,5,paraphrase_b,196
paraphrase-v1|linear_equation-05|direct|question_first|withhold|neutral|paraphrase_a,linear_equation-05,linear_equation,direct,question_first,withhold,neutral,MiniMax-M2.7,fccd71b80f4f845fd0a89c751d083c65ff392a07ad3efb1af11e61035b06e16e,e1c531413053753f5efb3b2aa5b445acef5a65fe829f39d49fde0efac8d8ae9a,1,1,0,0,0,62,339,5,paraphrase_a,120
paraphrase-v1|linear_equation-05|direct|question_first|withhold|neutral|paraphrase_a,linear_equation-05,linear_equation,direct,question_first,withhold,neutral,MiniMax-M3,fccd71b80f4f845fd0a89c751d083c65ff392a07ad3efb1af11e61035b06e16e,88341566b333ed4d775d973ded69c56200430303c612ed276be6b459bc90d383,1,1,0,0,0,93,490,6,paraphrase_a,28
paraphrase-v1|linear_equation-05|direct|question_first|withhold|neutral|paraphrase_a,linear_equation-05,linear_equation,direct,question_first,withhold,neutral,deepseek-v4-pro,fccd71b80f4f845fd0a89c751d083c65ff392a07ad3efb1af11e61035b06e16e,7ee5764b55192f8a0198c4ca32fe39915113f7692af5caed63ab6a05e6a1ea2e,0,1,0,0,0,51,250,6,paraphrase_a,138
paraphrase-v1|linear_equation-05|direct|question_first|withhold|neutral|paraphrase_a,linear_equation-05,linear_equation,direct,question_first,withhold,neutral,doubao-seed-2.0-lite,fccd71b80f4f845fd0a89c751d083c65ff392a07ad3efb1af11e61035b06e16e,e978dd64da4b438b1eb60424eb3e81f9d549eab988058a5862c3a9481b214a10,1,1,0,0,0,176,977,5,paraphrase_a,235
paraphrase-v1|linear_equation-05|direct|question_first|withhold|neutral|paraphrase_a,linear_equation-05,linear_equation,direct,question_first,withhold,neutral,glm-5.2,fccd71b80f4f845fd0a89c751d083c65ff392a07ad3efb1af11e61035b06e16e,53205fed039d739f282ef2353ea501a9c569cd30ee2bb6f8d1509adaae8fd372,1,1,0,0,0,80,417,6,paraphrase_a,205
paraphrase-v1|linear_equation-05|direct|question_first|withhold|neutral|paraphrase_b,linear_equation-05,linear_equation,direct,question_first,withhold,neutral,MiniMax-M2.7,aed33722606fb732e6770aa19f049c84e95ae44aaf98a2a5406556544ef0ee85,4c68710de66160f8dd4801bbe1e6748ff95524d0cb7b451f02c315e410a4c4ab,1,1,0,0,0,36,205,3,paraphrase_b,229
paraphrase-v1|linear_equation-05|direct|question_first|withhold|neutral|paraphrase_b,linear_equation-05,linear_equation,direct,question_first,withhold,neutral,MiniMax-M3,aed33722606fb732e6770aa19f049c84e95ae44aaf98a2a5406556544ef0ee85,dae86938e6dff45a1b86b20a23e989a0bf0aaebae169d8f409cf1a85fddb6473,1,1,0,0,0,65,346,4,paraphrase_b,175
paraphrase-v1|linear_equation-05|direct|question_first|withhold|neutral|paraphrase_b,linear_equation-05,linear_equation,direct,question_first,withhold,neutral,deepseek-v4-pro,aed33722606fb732e6770aa19f049c84e95ae44aaf98a2a5406556544ef0ee85,74dd00d279334483421fc2fb6143ad2c863473857c1fd65659963582a5947cc6,1,1,0,0,0,56,284,4,paraphrase_b,91
paraphrase-v1|linear_equation-05|direct|question_first|withhold|neutral|paraphrase_b,linear_equation-05,linear_equation,direct,question_first,withhold,neutral,doubao-seed-2.0-lite,aed33722606fb732e6770aa19f049c84e95ae44aaf98a2a5406556544ef0ee85,cd779f57de72a9ac4220652048fbed042f370bbae1c83f11e2fa8181257e54af,1,1,0,0,0,125,665,6,paraphrase_b,149
paraphrase-v1|linear_equation-05|direct|question_first|withhold|neutral|paraphrase_b,linear_equation-05,linear_equation,direct,question_first,withhold,neutral,glm-5.2,aed33722606fb732e6770aa19f049c84e95ae44aaf98a2a5406556544ef0ee85,2a0e342d9a0597ffae450289dd29d567e0aae2cafaf8a8c7173060050e32ff6c,1,1,0,0,0,72,366,5,paraphrase_b,126
paraphrase-v1|linear_equation-05|direct|question_first|withhold|warm|paraphrase_a,linear_equation-05,linear_equation,direct,question_first,withhold,warm,MiniMax-M2.7,c8afdc15bb0b9bd537db2ecce6329f69a6e1693f4d54bf5704b5e9adf84296b1,cc43dc45c2bb45f3ef4ebda1c1d36b5ca35b103d0e9b05133e313403f789705e,1,1,0,0,1,73,398,5,paraphrase_a,6
paraphrase-v1|linear_equation-05|direct|question_first|withhold|warm|paraphrase_a,linear_equation-05,linear_equation,direct,question_first,withhold,warm,MiniMax-M3,c8afdc15bb0b9bd537db2ecce6329f69a6e1693f4d54bf5704b5e9adf84296b1,a9b6fef715d8592f4f41123d01fb2246c1f174d725ce97d27d7240ecec84c61c,1,1,0,0,0,138,735,8,paraphrase_a,38
paraphrase-v1|linear_equation-05|direct|question_first|withhold|warm|paraphrase_a,linear_equation-05,linear_equation,direct,question_first,withhold,warm,deepseek-v4-pro,c8afdc15bb0b9bd537db2ecce6329f69a6e1693f4d54bf5704b5e9adf84296b1,28f5c5c2b49b932b5912a5ce79cc4e237eb270d7942b1fa69dd0f52bc39fc063,1,1,0,0,1,72,360,6,paraphrase_a,115
paraphrase-v1|linear_equation-05|direct|question_first|withhold|warm|paraphrase_a,linear_equation-05,linear_equation,direct,question_first,withhold,warm,doubao-seed-2.0-lite,c8afdc15bb0b9bd537db2ecce6329f69a6e1693f4d54bf5704b5e9adf84296b1,b23a729f4aba13c703bd3aa241360c252c81d10cd3673473c7782405b9c19cd3,1,1,0,0,1,165,819,7,paraphrase_a,43
paraphrase-v1|linear_equation-05|direct|question_first|withhold|warm|paraphrase_a,linear_equation-05,linear_equation,direct,question_first,withhold,warm,glm-5.2,c8afdc15bb0b9bd537db2ecce6329f69a6e1693f4d54bf5704b5e9adf84296b1,895bfa4c758d34fbbe0c40e39c48f255c9d0e7f6d9361d47c39a2db33fd08878,1,1,0,0,0,85,431,7,paraphrase_a,120
paraphrase-v1|linear_equation-05|direct|question_first|withhold|warm|paraphrase_b,linear_equation-05,linear_equation,direct,question_first,withhold,warm,MiniMax-M2.7,e622a6658f2f93213c556b914e2ade7ff627263294b9a74eee669b73c38f87df,33a0fc5179934ac9db4febe5e253785e3c9c93a7267c18211b7e5c2c8c86b142,1,1,0,0,0,62,359,6,paraphrase_b,217
paraphrase-v1|linear_equation-05|direct|question_first|withhold|warm|paraphrase_b,linear_equation-05,linear_equation,direct,question_first,withhold,warm,MiniMax-M3,e622a6658f2f93213c556b914e2ade7ff627263294b9a74eee669b73c38f87df,2ff6b0965b52b4cf6f119162c6e4390f80438862b66dced3e7287cbbd16e6a9f,1,1,0,0,1,106,547,4,paraphrase_b,234
paraphrase-v1|linear_equation-05|direct|question_first|withhold|warm|paraphrase_b,linear_equation-05,linear_equation,direct,question_first,withhold,warm,deepseek-v4-pro,e622a6658f2f93213c556b914e2ade7ff627263294b9a74eee669b73c38f87df,1f2b81fe6f313fa1c529a46b0c320e756c0a713df3f180b376393acebc39304d,1,1,0,0,1,81,424,6,paraphrase_b,139
paraphrase-v1|linear_equation-05|direct|question_first|withhold|warm|paraphrase_b,linear_equation-05,linear_equation,direct,question_first,withhold,warm,doubao-seed-2.0-lite,e622a6658f2f93213c556b914e2ade7ff627263294b9a74eee669b73c38f87df,573dcd1c11824de804ff7e773e9d4e46ac9e9f643a73b33b6db018717565026c,1,1,0,0,1,157,837,6,paraphrase_b,58
paraphrase-v1|linear_equation-05|direct|question_first|withhold|warm|paraphrase_b,linear_equation-05,linear_equation,direct,question_first,withhold,warm,glm-5.2,e622a6658f2f93213c556b914e2ade7ff627263294b9a74eee669b73c38f87df,070755187b7c08df7d0deb55c6a8865520a10578a575cfbaf72b41f8e1561c6e,1,1,0,0,1,110,586,7,paraphrase_b,70
paraphrase-v1|linear_equation-05|explore|explain_only|reveal|neutral|paraphrase_a,linear_equation-05,linear_equation,explore,explain_only,reveal,neutral,MiniMax-M2.7,22823afff6861f53cdb8e032f0d56decf6f1010f34aaf6be4537ba11190633e4,932f15723b0f2adcd1d3860e831de865cee38e48efa6d02f4348461d4e55c4c4,0,0,1,1,0,40,213,4,paraphrase_a,111
paraphrase-v1|linear_equation-05|explore|explain_only|reveal|neutral|paraphrase_a,linear_equation-05,linear_equation,explore,explain_only,reveal,neutral,MiniMax-M3,22823afff6861f53cdb8e032f0d56decf6f1010f34aaf6be4537ba11190633e4,36b190706d798a321d90d0a2b28c9b7ae5d5d84eacbee1dce182554819a4cdb2,0,0,1,1,0,76,379,6,paraphrase_a,209
paraphrase-v1|linear_equation-05|explore|explain_only|reveal|neutral|paraphrase_a,linear_equation-05,linear_equation,explore,explain_only,reveal,neutral,deepseek-v4-pro,22823afff6861f53cdb8e032f0d56decf6f1010f34aaf6be4537ba11190633e4,8f9019d81751449f01b59f69b20c7a032f0d50ec0745f5f7affe47b95bb631f3,0,0,1,1,0,56,328,5,paraphrase_a,72
paraphrase-v1|linear_equation-05|explore|explain_only|reveal|neutral|paraphrase_a,linear_equation-05,linear_equation,explore,explain_only,reveal,neutral,doubao-seed-2.0-lite,22823afff6861f53cdb8e032f0d56decf6f1010f34aaf6be4537ba11190633e4,786aec33e5eaaee379a73a054accf2e0a40b59426936fd693a3350102fdf4991,0,0,1,1,0,57,281,4,paraphrase_a,155
paraphrase-v1|linear_equation-05|explore|explain_only|reveal|neutral|paraphrase_a,linear_equation-05,linear_equation,explore,explain_only,reveal,neutral,glm-5.2,22823afff6861f53cdb8e032f0d56decf6f1010f34aaf6be4537ba11190633e4,a5677fad7ba42e44d6f175963722eefbf4567e19ae850cb6ee1c04baf2e5773c,0,0,1,1,0,47,247,3,paraphrase_a,90
paraphrase-v1|linear_equation-05|explore|explain_only|reveal|neutral|paraphrase_b,linear_equation-05,linear_equation,explore,explain_only,reveal,neutral,MiniMax-M2.7,66562aa1a94716fceb1f314c4eedfb9796f8dc31c0c9f36270c931877f3333ca,15a4bbfaa4b5ff2ae8c6f2a182f1406b302a3c9853dae8cf249724b6bfeab945,0,0,1,1,0,27,137,4,paraphrase_b,235
paraphrase-v1|linear_equation-05|explore|explain_only|reveal|neutral|paraphrase_b,linear_equation-05,linear_equation,explore,explain_only,reveal,neutral,MiniMax-M3,66562aa1a94716fceb1f314c4eedfb9796f8dc31c0c9f36270c931877f3333ca,3b267057f3094e735a692b2ae1be47430d6d3f93b7951569ed5eb1bfe2968073,0,0,1,1,0,79,437,5,paraphrase_b,192
paraphrase-v1|linear_equation-05|explore|explain_only|reveal|neutral|paraphrase_b,linear_equation-05,linear_equation,explore,explain_only,reveal,neutral,deepseek-v4-pro,66562aa1a94716fceb1f314c4eedfb9796f8dc31c0c9f36270c931877f3333ca,dd514b06e6c876db1ac2b814d1200ba725bbad09ea8e09c5556c1ce251da3d96,0,0,1,1,0,49,258,4,paraphrase_b,179
paraphrase-v1|linear_equation-05|explore|explain_only|reveal|neutral|paraphrase_b,linear_equation-05,linear_equation,explore,explain_only,reveal,neutral,doubao-seed-2.0-lite,66562aa1a94716fceb1f314c4eedfb9796f8dc31c0c9f36270c931877f3333ca,d52da25c343cf44a29b23700b848aba12371e688cdcff3a5613b378ea78f69b6,0,0,1,1,0,85,459,5,paraphrase_b,55
paraphrase-v1|linear_equation-05|explore|explain_only|reveal|neutral|paraphrase_b,linear_equation-05,linear_equation,explore,explain_only,reveal,neutral,glm-5.2,66562aa1a94716fceb1f314c4eedfb9796f8dc31c0c9f36270c931877f3333ca,7aad5a0cd971ce68c0a875239c601cd457d029636812b4ebde977cf43cda8667,0,0,1,1,0,51,285,4,paraphrase_b,171
paraphrase-v1|linear_equation-05|explore|explain_only|reveal|warm|paraphrase_a,linear_equation-05,linear_equation,explore,explain_only,reveal,warm,MiniMax-M2.7,a7b47e395dd249add20462e37f19720fec9ba23dc5c09855e0c16bb299d56c54,e5d83c0a343cd3ec40f2984fde811310b5d097fe1015dce24fb1d798307a9315,0,0,1,1,1,72,388,6,paraphrase_a,46
paraphrase-v1|linear_equation-05|explore|explain_only|reveal|warm|paraphrase_a,linear_equation-05,linear_equation,explore,explain_only,reveal,warm,MiniMax-M3,a7b47e395dd249add20462e37f19720fec9ba23dc5c09855e0c16bb299d56c54,6707ad3830eed04a66157a969aa8b0b5e6208c4ac519f650ca1c2274be247e6c,0,0,1,1,0,93,476,7,paraphrase_a,202
paraphrase-v1|linear_equation-05|explore|explain_only|reveal|warm|paraphrase_a,linear_equation-05,linear_equation,explore,explain_only,reveal,warm,deepseek-v4-pro,a7b47e395dd249add20462e37f19720fec9ba23dc5c09855e0c16bb299d56c54,9ef64af600ef94767eaeec3548ee2412fe793ab58b21034fe0b13bd4e04d4c48,0,0,1,1,1,68,381,5,paraphrase_a,173
paraphrase-v1|linear_equation-05|explore|explain_only|reveal|warm|paraphrase_a,linear_equation-05,linear_equation,explore,explain_only,reveal,warm,doubao-seed-2.0-lite,a7b47e395dd249add20462e37f19720fec9ba23dc5c09855e0c16bb299d56c54,f812bfd13b4b2aad25fdd1dc2c8f1ea4a87a5d7c8ae25ad361a7778734ff4c61,0,0,1,1,0,84,455,5,paraphrase_a,19
paraphrase-v1|linear_equation-05|explore|explain_only|reveal|warm|paraphrase_a,linear_equation-05,linear_equation,explore,explain_only,reveal,warm,glm-5.2,a7b47e395dd249add20462e37f19720fec9ba23dc5c09855e0c16bb299d56c54,0096c7eaa6704a60d4a4b229c29b008c658857d3ca3bd680b356326ac5bfe564,0,0,1,1,0,61,329,4,paraphrase_a,99
paraphrase-v1|linear_equation-05|explore|explain_only|reveal|warm|paraphrase_b,linear_equation-05,linear_equation,explore,explain_only,reveal,warm,MiniMax-M2.7,475f1929d63fe9e1f491eff2bcb7a74aad0e2688f1604e27ec56f180ababf4c3,640d3240e91093acb141764a5d9c861ae07547b61399c8d8f652c0c9f88a28a8,0,0,1,1,0,20,130,3,paraphrase_b,109
paraphrase-v1|linear_equation-05|explore|explain_only|reveal|warm|paraphrase_b,linear_equation-05,linear_equation,explore,explain_only,reveal,warm,MiniMax-M3,475f1929d63fe9e1f491eff2bcb7a74aad0e2688f1604e27ec56f180ababf4c3,e8a0ba9ae36650b8722bcf657f659c191ffec504570bb741499c3ebe6eb729a3,0,0,1,1,0,67,354,4,paraphrase_b,135
paraphrase-v1|linear_equation-05|explore|explain_only|reveal|warm|paraphrase_b,linear_equation-05,linear_equation,explore,explain_only,reveal,warm,deepseek-v4-pro,475f1929d63fe9e1f491eff2bcb7a74aad0e2688f1604e27ec56f180ababf4c3,8fddd35f46ab0b6720f640de5e0090c97d513ddd62e91f28e0aec200d2c0c36e,0,0,1,1,0,31,177,3,paraphrase_b,253
paraphrase-v1|linear_equation-05|explore|explain_only|reveal|warm|paraphrase_b,linear_equation-05,linear_equation,explore,explain_only,reveal,warm,doubao-seed-2.0-lite,475f1929d63fe9e1f491eff2bcb7a74aad0e2688f1604e27ec56f180ababf4c3,258354b87a798bbeca6180e7a167043f0942eb64407307ecaaf5433b696c1c13,0,0,1,1,0,56,327,5,paraphrase_b,240
paraphrase-v1|linear_equation-05|explore|explain_only|reveal|warm|paraphrase_b,linear_equation-05,linear_equation,explore,explain_only,reveal,warm,glm-5.2,475f1929d63fe9e1f491eff2bcb7a74aad0e2688f1604e27ec56f180ababf4c3,18af7ecb24e2d6e5ad80d2167a172e35d0d09e7ec8e3f8b26f62338423208b8b,0,0,1,1,0,50,295,5,paraphrase_b,114
paraphrase-v1|linear_equation-05|explore|explain_only|withhold|neutral|paraphrase_a,linear_equation-05,linear_equation,explore,explain_only,withhold,neutral,MiniMax-M2.7,9ba08335ed9827726f99f2c5b30ccc292668f8c5fd27b96c9a4efa354d0d5b3b,b946c6b871a0d08088e4cf14efc3767ab2d677864dd914f7aed6e1ee5ae249a0,0,0,0,0,0,33,175,3,paraphrase_a,187
paraphrase-v1|linear_equation-05|explore|explain_only|withhold|neutral|paraphrase_a,linear_equation-05,linear_equation,explore,explain_only,withhold,neutral,MiniMax-M3,9ba08335ed9827726f99f2c5b30ccc292668f8c5fd27b96c9a4efa354d0d5b3b,c46c7465ddbf0e870cdd8ae85bb337ac283784b9c6fffa56530179935e2e61bf,0,0,0,0,0,113,613,7,paraphrase_a,15
paraphrase-v1|linear_equation-05|explore|explain_only|withhold|neutral|paraphrase_a,linear_equation-05,linear_equation,explore,explain_only,withhold,neutral,deepseek-v4-pro,9ba08335ed9827726f99f2c5b30ccc292668f8c5fd27b96c9a4efa354d0d5b3b,2b1fa4e9372ad9ae86e762f165b0a60a55f58e93980361bae917a0022373ba08,0,0,0,0,0,63,333,4,paraphrase_a,11
paraphrase-v1|linear_equation-05|explore|explain_only|withhold|neutral|paraphrase_a,linear_equation-05,linear_equation,explore,explain_only,withhold,neutral,doubao-seed-2.0-lite,9ba08335ed9827726f99f2c5b30ccc292668f8c5fd27b96c9a4efa354d0d5b3b,53e2d08497694d0c02f87f3f1e730b1e36846a579474c3bc26e503199f9868c7,0,0,0,0,0,98,529,4,paraphrase_a,171
paraphrase-v1|linear_equation-05|explore|explain_only|withhold|neutral|paraphrase_a,linear_equation-05,linear_equation,explore,explain_only,withhold,neutral,glm-5.2,9ba08335ed9827726f99f2c5b30ccc292668f8c5fd27b96c9a4efa354d0d5b3b,1d0f6f76083da1aefb79c914a7752c9835fa238987d1afc64e3d7395ceff51cb,0,0,0,0,0,82,452,5,paraphrase_a,107
paraphrase-v1|linear_equation-05|explore|explain_only|withhold|neutral|paraphrase_b,linear_equation-05,linear_equation,explore,explain_only,withhold,neutral,MiniMax-M2.7,1a69d65002b1ad14603d3274fc817e750750a4df096f23a5afb62dbc66c38b68,30ba7fea400e3898cba026b2002ac979a65f3f98472e23790af73931f4ca23f4,0,0,0,0,0,35,208,3,paraphrase_b,21
paraphrase-v1|linear_equation-05|explore|explain_only|withhold|neutral|paraphrase_b,linear_equation-05,linear_equation,explore,explain_only,withhold,neutral,MiniMax-M3,1a69d65002b1ad14603d3274fc817e750750a4df096f23a5afb62dbc66c38b68,9846f6907dbf03c43ee854b64a4bd3773a5d35c52d5e9d169bea64f97986bb46,0,0,0,0,0,39,215,2,paraphrase_b,255
paraphrase-v1|linear_equation-05|explore|explain_only|withhold|neutral|paraphrase_b,linear_equation-05,linear_equation,explore,explain_only,withhold,neutral,deepseek-v4-pro,1a69d65002b1ad14603d3274fc817e750750a4df096f23a5afb62dbc66c38b68,c4e31a35459830c0f5aaa5d1c50889b2f3092fcd28f56a313ad21e5db745c9fb,0,0,0,0,0,40,192,3,paraphrase_b,73
paraphrase-v1|linear_equation-05|explore|explain_only|withhold|neutral|paraphrase_b,linear_equation-05,linear_equation,explore,explain_only,withhold,neutral,doubao-seed-2.0-lite,1a69d65002b1ad14603d3274fc817e750750a4df096f23a5afb62dbc66c38b68,e926d4100100784aae47fa09055016f9348fa8dbf9b9d12547bd387c8a4d6482,0,0,0,0,0,56,304,3,paraphrase_b,141
paraphrase-v1|linear_equation-05|explore|explain_only|withhold|neutral|paraphrase_b,linear_equation-05,linear_equation,explore,explain_only,withhold,neutral,glm-5.2,1a69d65002b1ad14603d3274fc817e750750a4df096f23a5afb62dbc66c38b68,1d0ef6fa95e0d3a7e6ec19876b465f5d87fe7edc6662dd810d5fe8ab2efdecc6,0,0,0,0,0,77,441,5,paraphrase_b,71
paraphrase-v1|linear_equation-05|explore|explain_only|withhold|warm|paraphrase_a,linear_equation-05,linear_equation,explore,explain_only,withhold,warm,MiniMax-M2.7,74060972fc26127e9e666c0561b4cd18c5f0c79184d48c89af359c431caf3df8,f7554ea4c14bebdc9ea77bde27ed392019cddb624f2ccb4f2a7483371fded7c9,0,1,0,0,0,112,579,6,paraphrase_a,18
paraphrase-v1|linear_equation-05|explore|explain_only|withhold|warm|paraphrase_a,linear_equation-05,linear_equation,explore,explain_only,withhold,warm,MiniMax-M3,74060972fc26127e9e666c0561b4cd18c5f0c79184d48c89af359c431caf3df8,2cd585c75e8b13721ca6df52a5d5c4d890f2e3fcfe643c68c4c36b7e3b3b408f,0,1,0,0,0,84,433,5,paraphrase_a,74
paraphrase-v1|linear_equation-05|explore|explain_only|withhold|warm|paraphrase_a,linear_equation-05,linear_equation,explore,explain_only,withhold,warm,deepseek-v4-pro,74060972fc26127e9e666c0561b4cd18c5f0c79184d48c89af359c431caf3df8,367c566c929a24c3b58f45dc29af4e565f092949e3dadaa4a47f5bbc0d1f3cf9,0,0,0,0,1,76,435,5,paraphrase_a,182
paraphrase-v1|linear_equation-05|explore|explain_only|withhold|warm|paraphrase_a,linear_equation-05,linear_equation,explore,explain_only,withhold,warm,doubao-seed-2.0-lite,74060972fc26127e9e666c0561b4cd18c5f0c79184d48c89af359c431caf3df8,29353e70e065b9049bc99911d5d73a93744f83de0b4733ae38dbc8f1474254dd,0,0,0,0,1,107,560,4,paraphrase_a,239
paraphrase-v1|linear_equation-05|explore|explain_only|withhold|warm|paraphrase_a,linear_equation-05,linear_equation,explore,explain_only,withhold,warm,glm-5.2,74060972fc26127e9e666c0561b4cd18c5f0c79184d48c89af359c431caf3df8,ad1320648c7e67d5fc39b82d5fc23b958264b4e16f8c495591fc2d3ddf8f0811,0,0,0,0,0,101,529,6,paraphrase_a,74
paraphrase-v1|linear_equation-05|explore|explain_only|withhold|warm|paraphrase_b,linear_equation-05,linear_equation,explore,explain_only,withhold,warm,MiniMax-M2.7,45b3bec7469054e7df2e2945d8e65e8987f79588f81e90e76f5d382e96a21887,dd9e0e521649d687fbc69f124609fb1058e905b4018953cde4cbc1af3e4bc072,0,0,0,0,0,40,214,4,paraphrase_b,50
paraphrase-v1|linear_equation-05|explore|explain_only|withhold|warm|paraphrase_b,linear_equation-05,linear_equation,explore,explain_only,withhold,warm,MiniMax-M3,45b3bec7469054e7df2e2945d8e65e8987f79588f81e90e76f5d382e96a21887,b8388be511200474a214b0ce744e4c0806ddabc3626e05c5fd7fa6026791dbef,0,0,0,0,0,92,451,4,paraphrase_b,85
paraphrase-v1|linear_equation-05|explore|explain_only|withhold|warm|paraphrase_b,linear_equation-05,linear_equation,explore,explain_only,withhold,warm,deepseek-v4-pro,45b3bec7469054e7df2e2945d8e65e8987f79588f81e90e76f5d382e96a21887,7605b2f9649013c6e96d967e512849700bdfe9df9e19079bcea701ff75b46e6e,0,0,0,0,0,20,117,2,paraphrase_b,153
paraphrase-v1|linear_equation-05|explore|explain_only|withhold|warm|paraphrase_b,linear_equation-05,linear_equation,explore,explain_only,withhold,warm,doubao-seed-2.0-lite,45b3bec7469054e7df2e2945d8e65e8987f79588f81e90e76f5d382e96a21887,a2036a527389a55b5e91d0ec38517e9c67b1cc7a976ce4ce553dbf51ca1ae3a4,0,0,0,0,0,56,319,3,paraphrase_b,137
paraphrase-v1|linear_equation-05|explore|explain_only|withhold|warm|paraphrase_b,linear_equation-05,linear_equation,explore,explain_only,withhold,warm,glm-5.2,45b3bec7469054e7df2e2945d8e65e8987f79588f81e90e76f5d382e96a21887,b9ef5dd3957f8c1883a1c7ada34f63c3b8371082f91c8a049ae86c86a277bd0d,0,0,0,0,0,61,317,4,paraphrase_b,195
paraphrase-v1|linear_equation-05|explore|question_first|reveal|neutral|paraphrase_a,linear_equation-05,linear_equation,explore,question_first,reveal,neutral,MiniMax-M2.7,2262e2bab58b6f19703db4bfb5ed651ab9cb29392f41a07bf47ab8f8ba0753f9,982a28cfc52b80f6c4e22c0e53967316da5c7c9c50e5c5e75c1eabeee0bfce44,1,1,1,1,0,35,207,4,paraphrase_a,98
paraphrase-v1|linear_equation-05|explore|question_first|reveal|neutral|paraphrase_a,linear_equation-05,linear_equation,explore,question_first,reveal,neutral,MiniMax-M3,2262e2bab58b6f19703db4bfb5ed651ab9cb29392f41a07bf47ab8f8ba0753f9,13d812059ef2c417e0b9f4f6fdd2f30067a846d710e851a3e543ae74da3c77ae,1,1,0,0,0,12,54,1,paraphrase_a,42
paraphrase-v1|linear_equation-05|explore|question_first|reveal|neutral|paraphrase_a,linear_equation-05,linear_equation,explore,question_first,reveal,neutral,deepseek-v4-pro,2262e2bab58b6f19703db4bfb5ed651ab9cb29392f41a07bf47ab8f8ba0753f9,7e11c9a5eb4c82051ef34d5a2b26e58f1818d46192981b946e6c87dd4ff2f633,1,1,1,1,0,60,289,6,paraphrase_a,123
paraphrase-v1|linear_equation-05|explore|question_first|reveal|neutral|paraphrase_a,linear_equation-05,linear_equation,explore,question_first,reveal,neutral,doubao-seed-2.0-lite,2262e2bab58b6f19703db4bfb5ed651ab9cb29392f41a07bf47ab8f8ba0753f9,0ec878efe9a056454efed6c6f90e81c8bec8e9b34e8eaeb4418a540377fdfb53,1,1,1,1,0,84,452,5,paraphrase_a,246
paraphrase-v1|linear_equation-05|explore|question_first|reveal|neutral|paraphrase_a,linear_equation-05,linear_equation,explore,question_first,reveal,neutral,glm-5.2,2262e2bab58b6f19703db4bfb5ed651ab9cb29392f41a07bf47ab8f8ba0753f9,aa5153c81b12606dad00f594f0f5bfee21e3e8d8b68ac8e232d2c4f711ceb051,1,1,1,1,0,64,319,6,paraphrase_a,234
paraphrase-v1|linear_equation-05|explore|question_first|reveal|neutral|paraphrase_b,linear_equation-05,linear_equation,explore,question_first,reveal,neutral,MiniMax-M2.7,5ad66788e755334da24247a01edf080675ab687e1c96b8aeaddbae6b8137f6b3,ff17f34a74386112195399f5d50a4b5107454d3b390dee3661f9226728f646d0,1,1,1,1,0,72,377,6,paraphrase_b,238
paraphrase-v1|linear_equation-05|explore|question_first|reveal|neutral|paraphrase_b,linear_equation-05,linear_equation,explore,question_first,reveal,neutral,MiniMax-M3,5ad66788e755334da24247a01edf080675ab687e1c96b8aeaddbae6b8137f6b3,f81d1c3990baf57bec0c39f3a9b680b23f829c39f8463f7a4f91368160a36e10,1,1,1,1,0,93,507,5,paraphrase_b,244
paraphrase-v1|linear_equation-05|explore|question_first|reveal|neutral|paraphrase_b,linear_equation-05,linear_equation,explore,question_first,reveal,neutral,deepseek-v4-pro,5ad66788e755334da24247a01edf080675ab687e1c96b8aeaddbae6b8137f6b3,dcb450e6127196d9ed140379fa8cf7b58888fbd18c95a3626525e553230a29de,1,1,1,1,0,70,396,5,paraphrase_b,204
paraphrase-v1|linear_equation-05|explore|question_first|reveal|neutral|paraphrase_b,linear_equation-05,linear_equation,explore,question_first,reveal,neutral,doubao-seed-2.0-lite,5ad66788e755334da24247a01edf080675ab687e1c96b8aeaddbae6b8137f6b3,2e47452cfcc03812adf21444e6f3495a566f332a859048e0f5a4b38f962cef01,1,1,1,1,0,109,579,6,paraphrase_b,228
paraphrase-v1|linear_equation-05|explore|question_first|reveal|neutral|paraphrase_b,linear_equation-05,linear_equation,explore,question_first,reveal,neutral,glm-5.2,5ad66788e755334da24247a01edf080675ab687e1c96b8aeaddbae6b8137f6b3,80c7328de689e0959d9d89fcf0026acd97f38b6cf7b92386f3411b98c0fbc3fb,1,1,1,1,0,60,308,5,paraphrase_b,246
paraphrase-v1|linear_equation-05|explore|question_first|reveal|warm|paraphrase_a,linear_equation-05,linear_equation,explore,question_first,reveal,warm,MiniMax-M2.7,0e144683735798dfd4c711a6578579e05451668c453ace4c47a538aba87e63ab,9b6da5bdff5fb05d009ac781a42ac7c82c038180cee16b774de03b431fc4ae23,0,1,1,1,0,82,444,6,paraphrase_a,105
paraphrase-v1|linear_equation-05|explore|question_first|reveal|warm|paraphrase_a,linear_equation-05,linear_equation,explore,question_first,reveal,warm,MiniMax-M3,0e144683735798dfd4c711a6578579e05451668c453ace4c47a538aba87e63ab,176416736e9a8057ebcc847fc44dd2b30296356acf9475dfc13c6b16df562416,1,1,1,1,0,132,692,8,paraphrase_a,115
paraphrase-v1|linear_equation-05|explore|question_first|reveal|warm|paraphrase_a,linear_equation-05,linear_equation,explore,question_first,reveal,warm,deepseek-v4-pro,0e144683735798dfd4c711a6578579e05451668c453ace4c47a538aba87e63ab,7042184a2e6e5a4aed97dd1b5945023c309827552b82b9c6bc5b452734db96a7,1,1,1,1,0,79,396,7,paraphrase_a,114
paraphrase-v1|linear_equation-05|explore|question_first|reveal|warm|paraphrase_a,linear_equation-05,linear_equation,explore,question_first,reveal,warm,doubao-seed-2.0-lite,0e144683735798dfd4c711a6578579e05451668c453ace4c47a538aba87e63ab,f84101ffe9f9ff0b8498d4aaa694afe8b808e813648874de1a3acedb01cb3534,1,1,1,1,1,104,522,6,paraphrase_a,14
paraphrase-v1|linear_equation-05|explore|question_first|reveal|warm|paraphrase_a,linear_equation-05,linear_equation,explore,question_first,reveal,warm,glm-5.2,0e144683735798dfd4c711a6578579e05451668c453ace4c47a538aba87e63ab,52fd5d1f02682aeb6d08bac468ab45540107035a4b99ff44377333a9a0e28b91,1,1,1,1,1,72,383,5,paraphrase_a,59
paraphrase-v1|linear_equation-05|explore|question_first|reveal|warm|paraphrase_b,linear_equation-05,linear_equation,explore,question_first,reveal,warm,MiniMax-M2.7,320c098f57c04fd8facce899f9c5f2f554e0321184601b910fa3511193fe0ff8,9aa7428c590b460ae0071f22686472691fc0c6303454e39bcb7a9fd772b6d53e,1,1,1,1,0,80,427,5,paraphrase_b,45
paraphrase-v1|linear_equation-05|explore|question_first|reveal|warm|paraphrase_b,linear_equation-05,linear_equation,explore,question_first,reveal,warm,MiniMax-M3,320c098f57c04fd8facce899f9c5f2f554e0321184601b910fa3511193fe0ff8,467fa8d9b202ce71e89efee756c10e852787d8cac64d1e67f04b5db8f09f90f6,1,1,1,1,0,118,592,7,paraphrase_b,144
paraphrase-v1|linear_equation-05|explore|question_first|reveal|warm|paraphrase_b,linear_equation-05,linear_equation,explore,question_first,reveal,warm,deepseek-v4-pro,320c098f57c04fd8facce899f9c5f2f554e0321184601b910fa3511193fe0ff8,72b67a9219e9b7999da1992a8a722345b2ade1a6b1a47a19715a2985def84ddf,1,1,1,1,0,63,356,5,paraphrase_b,178
paraphrase-v1|linear_equation-05|explore|question_first|reveal|warm|paraphrase_b,linear_equation-05,linear_equation,explore,question_first,reveal,warm,doubao-seed-2.0-lite,320c098f57c04fd8facce899f9c5f2f554e0321184601b910fa3511193fe0ff8,697d5c01882829da0b84fc817ace81b01946ec5bdadb587ca2cfad53c3449d7d,1,1,1,1,1,99,511,5,paraphrase_b,193
paraphrase-v1|linear_equation-05|explore|question_first|reveal|warm|paraphrase_b,linear_equation-05,linear_equation,explore,question_first,reveal,warm,glm-5.2,320c098f57c04fd8facce899f9c5f2f554e0321184601b910fa3511193fe0ff8,141b10cd215de9a1221bac2ca145f68277d7f7cd742f8dd2eecac0d3243b4000,1,1,1,1,0,96,510,7,paraphrase_b,5
paraphrase-v1|linear_equation-05|explore|question_first|withhold|neutral|paraphrase_a,linear_equation-05,linear_equation,explore,question_first,withhold,neutral,MiniMax-M2.7,8e9d4f9178396a49c8e79095d6463766aed3aa04c07e868eddefe4b4707e7efd,c88c75ce69d40adc63b6863e26f7a795712f9a9b2ba23521bed0a2d804b64bf7,0,1,0,0,0,40,215,2,paraphrase_a,158
paraphrase-v1|linear_equation-05|explore|question_first|withhold|neutral|paraphrase_a,linear_equation-05,linear_equation,explore,question_first,withhold,neutral,MiniMax-M3,8e9d4f9178396a49c8e79095d6463766aed3aa04c07e868eddefe4b4707e7efd,abaac447cc4ed4ff633bc24110a4b32fdaa7ab456b015289847aeffadec1c75b,1,1,0,0,0,19,101,1,paraphrase_a,195
paraphrase-v1|linear_equation-05|explore|question_first|withhold|neutral|paraphrase_a,linear_equation-05,linear_equation,explore,question_first,withhold,neutral,deepseek-v4-pro,8e9d4f9178396a49c8e79095d6463766aed3aa04c07e868eddefe4b4707e7efd,792de09cbf8722e3f395087be03a19813bc085f8bd6ba3d2fe1641eff476d003,1,1,0,0,0,75,373,4,paraphrase_a,192
paraphrase-v1|linear_equation-05|explore|question_first|withhold|neutral|paraphrase_a,linear_equation-05,linear_equation,explore,question_first,withhold,neutral,doubao-seed-2.0-lite,8e9d4f9178396a49c8e79095d6463766aed3aa04c07e868eddefe4b4707e7efd,59a9bb6ff37b4ff5f9ffe5855e43fb0e904a1eb28cc7852bebae45b72b4f6462,1,1,0,0,0,85,480,4,paraphrase_a,244
paraphrase-v1|linear_equation-05|explore|question_first|withhold|neutral|paraphrase_a,linear_equation-05,linear_equation,explore,question_first,withhold,neutral,glm-5.2,8e9d4f9178396a49c8e79095d6463766aed3aa04c07e868eddefe4b4707e7efd,084d12841e36f3269fce0aa9b91f9743f6387ba0abe94f330fc757142e8db67e,1,1,0,0,0,18,84,1,paraphrase_a,127
paraphrase-v1|linear_equation-05|explore|question_first|withhold|neutral|paraphrase_b,linear_equation-05,linear_equation,explore,question_first,withhold,neutral,MiniMax-M2.7,276d2a588ab87c2e4278de6f5e92f2e0bf179928d9b7935be045ddbfb4067661,a84826c8411883436fd13ac2852c8bd5bb55ed634f0496ecbd8da971535924c5,1,1,0,0,0,46,291,3,paraphrase_b,166
paraphrase-v1|linear_equation-05|explore|question_first|withhold|neutral|paraphrase_b,linear_equation-05,linear_equation,explore,question_first,withhold,neutral,MiniMax-M3,276d2a588ab87c2e4278de6f5e92f2e0bf179928d9b7935be045ddbfb4067661,f5b107f8ebcf00b13a1173560c44739741fb1f0b60f500e7c0108f925e4e091d,1,1,0,0,0,97,528,5,paraphrase_b,72
paraphrase-v1|linear_equation-05|explore|question_first|withhold|neutral|paraphrase_b,linear_equation-05,linear_equation,explore,question_first,withhold,neutral,deepseek-v4-pro,276d2a588ab87c2e4278de6f5e92f2e0bf179928d9b7935be045ddbfb4067661,a97faa11c0ee32d44c0dce92b20bbf8b42a109b7234969e78e5cb0035f2ed865,1,1,0,0,0,48,276,4,paraphrase_b,248
paraphrase-v1|linear_equation-05|explore|question_first|withhold|neutral|paraphrase_b,linear_equation-05,linear_equation,explore,question_first,withhold,neutral,doubao-seed-2.0-lite,276d2a588ab87c2e4278de6f5e92f2e0bf179928d9b7935be045ddbfb4067661,cdb9c81c2c9ae8a1c53322450c8f87a2d1b1c4ee028d8fe013e714e412a2ab79,1,1,0,0,0,98,507,5,paraphrase_b,253
paraphrase-v1|linear_equation-05|explore|question_first|withhold|neutral|paraphrase_b,linear_equation-05,linear_equation,explore,question_first,withhold,neutral,glm-5.2,276d2a588ab87c2e4278de6f5e92f2e0bf179928d9b7935be045ddbfb4067661,1c56d79bdacfb0b3e463806c6c7023ee8e9092d3eac6142d7cf70355f5c74599,1,1,0,0,0,91,547,6,paraphrase_b,207
paraphrase-v1|linear_equation-05|explore|question_first|withhold|warm|paraphrase_a,linear_equation-05,linear_equation,explore,question_first,withhold,warm,MiniMax-M2.7,a0679e69f29dc44d53d2f0ed75292663a3667e342621d7ac2e043f1a5e16f397,023db3767ae0cfcb70f611082580cd64117246cb98ab9321378d7b25db976fc4,1,1,0,0,0,108,615,6,paraphrase_a,86
paraphrase-v1|linear_equation-05|explore|question_first|withhold|warm|paraphrase_a,linear_equation-05,linear_equation,explore,question_first,withhold,warm,MiniMax-M3,a0679e69f29dc44d53d2f0ed75292663a3667e342621d7ac2e043f1a5e16f397,76ebf571c7ddfaa06bf96bb269ea8faf4ae0da7550945da9cf5830918a96fe0c,0,1,0,0,1,142,703,8,paraphrase_a,68
paraphrase-v1|linear_equation-05|explore|question_first|withhold|warm|paraphrase_a,linear_equation-05,linear_equation,explore,question_first,withhold,warm,deepseek-v4-pro,a0679e69f29dc44d53d2f0ed75292663a3667e342621d7ac2e043f1a5e16f397,7112567521f90385e42a8efc7144804142522f556e62e6e3d35b6fc7983c03d1,0,1,0,0,1,125,641,9,paraphrase_a,4
paraphrase-v1|linear_equation-05|explore|question_first|withhold|warm|paraphrase_a,linear_equation-05,linear_equation,explore,question_first,withhold,warm,doubao-seed-2.0-lite,a0679e69f29dc44d53d2f0ed75292663a3667e342621d7ac2e043f1a5e16f397,9e6b41f402077ce6d4cc8ce17b805ab79dc845e4c4e5a94243cea24deac39d84,1,1,0,0,1,157,777,6,paraphrase_a,177
paraphrase-v1|linear_equation-05|explore|question_first|withhold|warm|paraphrase_a,linear_equation-05,linear_equation,explore,question_first,withhold,warm,glm-5.2,a0679e69f29dc44d53d2f0ed75292663a3667e342621d7ac2e043f1a5e16f397,2b693879d97a7a7c64d7d97acd01ee315c2ebbc61815a16355b972a4306fbfb6,1,1,0,0,0,100,525,6,paraphrase_a,38
paraphrase-v1|linear_equation-05|explore|question_first|withhold|warm|paraphrase_b,linear_equation-05,linear_equation,explore,question_first,withhold,warm,MiniMax-M2.7,91d3d410da469ff392885e807ee5c5f7b322dd9cdfdf987ab05207a721b3f539,1dfaba36b3a393090597f3e668cbe701d0840c392c17aa8af9f32ee6d3dea13f,1,1,0,0,0,47,249,2,paraphrase_b,252
paraphrase-v1|linear_equation-05|explore|question_first|withhold|warm|paraphrase_b,linear_equation-05,linear_equation,explore,question_first,withhold,warm,MiniMax-M3,91d3d410da469ff392885e807ee5c5f7b322dd9cdfdf987ab05207a721b3f539,29b103948d2a8cd4367f795a41f24316cc93b4bf1a1f37e770f8c39d23943844,1,1,0,0,0,60,297,3,paraphrase_b,165
paraphrase-v1|linear_equation-05|explore|question_first|withhold|warm|paraphrase_b,linear_equation-05,linear_equation,explore,question_first,withhold,warm,deepseek-v4-pro,91d3d410da469ff392885e807ee5c5f7b322dd9cdfdf987ab05207a721b3f539,d0567f79cbd1f6fdee0e1bc47d7d742c31af3aaa99e2335c55f7f879cb2f31b7,1,1,0,0,0,42,245,3,paraphrase_b,126
paraphrase-v1|linear_equation-05|explore|question_first|withhold|warm|paraphrase_b,linear_equation-05,linear_equation,explore,question_first,withhold,warm,doubao-seed-2.0-lite,91d3d410da469ff392885e807ee5c5f7b322dd9cdfdf987ab05207a721b3f539,406b2552e8b74a4e06edd21d71090c3fca969dd34d81bd422befb840a84a3e62,1,1,0,0,1,113,602,5,paraphrase_b,148
paraphrase-v1|linear_equation-05|explore|question_first|withhold|warm|paraphrase_b,linear_equation-05,linear_equation,explore,question_first,withhold,warm,glm-5.2,91d3d410da469ff392885e807ee5c5f7b322dd9cdfdf987ab05207a721b3f539,ef45a420b410e7f78f4963afbe42832711c828b1f7767ec571ef465fb1ad8a37,1,1,0,0,0,113,620,6,paraphrase_b,186
paraphrase-v1|percentage_discount-01|direct|explain_only|reveal|neutral|paraphrase_a,percentage_discount-01,percentage_discount,direct,explain_only,reveal,neutral,MiniMax-M2.7,2a4a6ceceb371b17206e5815af46243f3e92b465801b2a9ed7a5d8cda45eb341,9a8c1579eea559785ae4e1434f871dd1ee417b8b628a5784d26b2d1af4b12cb3,0,0,1,1,0,39,222,5,paraphrase_a,117
paraphrase-v1|percentage_discount-01|direct|explain_only|reveal|neutral|paraphrase_a,percentage_discount-01,percentage_discount,direct,explain_only,reveal,neutral,MiniMax-M3,2a4a6ceceb371b17206e5815af46243f3e92b465801b2a9ed7a5d8cda45eb341,396abb1f47e382bf6068bbeb506b9473fcd59836090e2e5d1658e998d365b2ab,0,0,1,1,0,41,229,5,paraphrase_a,133
paraphrase-v1|percentage_discount-01|direct|explain_only|reveal|neutral|paraphrase_a,percentage_discount-01,percentage_discount,direct,explain_only,reveal,neutral,deepseek-v4-pro,2a4a6ceceb371b17206e5815af46243f3e92b465801b2a9ed7a5d8cda45eb341,b037ca8f34d21d68419648e0a21695ee4110f35d46512be9c40c99f20fe9835a,0,0,1,1,0,43,235,4,paraphrase_a,86
paraphrase-v1|percentage_discount-01|direct|explain_only|reveal|neutral|paraphrase_a,percentage_discount-01,percentage_discount,direct,explain_only,reveal,neutral,doubao-seed-2.0-lite,2a4a6ceceb371b17206e5815af46243f3e92b465801b2a9ed7a5d8cda45eb341,725754614f2cc599b721c336b0543607ffb366aac4eb3cdce14daf4a8e60ab80,0,0,1,1,0,61,353,5,paraphrase_a,157
paraphrase-v1|percentage_discount-01|direct|explain_only|reveal|neutral|paraphrase_a,percentage_discount-01,percentage_discount,direct,explain_only,reveal,neutral,glm-5.2,2a4a6ceceb371b17206e5815af46243f3e92b465801b2a9ed7a5d8cda45eb341,a587051b12af23f8796034c6b2260fa9f495bfd7fd98c1969aa85be371444b1d,0,0,1,1,0,38,207,5,paraphrase_a,181
paraphrase-v1|percentage_discount-01|direct|explain_only|reveal|neutral|paraphrase_b,percentage_discount-01,percentage_discount,direct,explain_only,reveal,neutral,MiniMax-M2.7,9f703a99e8f36a0bc272d6e0434efc4c3fa98713c63db32028126e7d9ae38140,422c827f2a8b528bf9c78fd5f9fc93a2b7304175a7631ec0515b0b8f4d9c8554,0,0,1,1,0,23,128,2,paraphrase_b,221
paraphrase-v1|percentage_discount-01|direct|explain_only|reveal|neutral|paraphrase_b,percentage_discount-01,percentage_discount,direct,explain_only,reveal,neutral,MiniMax-M3,9f703a99e8f36a0bc272d6e0434efc4c3fa98713c63db32028126e7d9ae38140,8621060c0158b43264a82e1b4718604c5b0f4a904f27b96eaa043be31ca55856,0,0,1,1,0,52,284,5,paraphrase_b,152
paraphrase-v1|percentage_discount-01|direct|explain_only|reveal|neutral|paraphrase_b,percentage_discount-01,percentage_discount,direct,explain_only,reveal,neutral,deepseek-v4-pro,9f703a99e8f36a0bc272d6e0434efc4c3fa98713c63db32028126e7d9ae38140,ac91aa9168684613962da8a1c9a3d6bce61444844821096759c24415ba358887,0,0,1,1,0,54,291,8,paraphrase_b,196
paraphrase-v1|percentage_discount-01|direct|explain_only|reveal|neutral|paraphrase_b,percentage_discount-01,percentage_discount,direct,explain_only,reveal,neutral,doubao-seed-2.0-lite,9f703a99e8f36a0bc272d6e0434efc4c3fa98713c63db32028126e7d9ae38140,5dd4d05b891f8ec1378bbd3a1f5846ca98572e94a0bdca254d766a0185b51b65,0,0,1,1,0,71,390,8,paraphrase_b,124
paraphrase-v1|percentage_discount-01|direct|explain_only|reveal|neutral|paraphrase_b,percentage_discount-01,percentage_discount,direct,explain_only,reveal,neutral,glm-5.2,9f703a99e8f36a0bc272d6e0434efc4c3fa98713c63db32028126e7d9ae38140,099198c94bbc10e207560af7e4c5013cab725248a00c3b20b788e354891c8c2a,0,0,1,1,0,29,169,4,paraphrase_b,119
paraphrase-v1|percentage_discount-01|direct|explain_only|reveal|warm|paraphrase_a,percentage_discount-01,percentage_discount,direct,explain_only,reveal,warm,MiniMax-M2.7,592a116d584ba48aa09706dfbaed9c3f8827a74ce73c4b9bcbed0194e42fb29d,bcd6eab13490f8dc132bb0d0e4e98c0b5d0ac73280e7d8cae104b180d4194b41,0,0,1,1,1,43,253,6,paraphrase_a,133
paraphrase-v1|percentage_discount-01|direct|explain_only|reveal|warm|paraphrase_a,percentage_discount-01,percentage_discount,direct,explain_only,reveal,warm,MiniMax-M3,592a116d584ba48aa09706dfbaed9c3f8827a74ce73c4b9bcbed0194e42fb29d,8875295f339009c33f9759ac9df4df4e5472725a189671c7d341c4a47fe010bd,0,0,1,1,0,69,405,6,paraphrase_a,31
paraphrase-v1|percentage_discount-01|direct|explain_only|reveal|warm|paraphrase_a,percentage_discount-01,percentage_discount,direct,explain_only,reveal,warm,deepseek-v4-pro,592a116d584ba48aa09706dfbaed9c3f8827a74ce73c4b9bcbed0194e42fb29d,b81513829488fe96b5a295fde3392312b32b7985f9eb4beaeae1e5a5c0de4d2e,0,0,1,1,0,75,399,8,paraphrase_a,231
paraphrase-v1|percentage_discount-01|direct|explain_only|reveal|warm|paraphrase_a,percentage_discount-01,percentage_discount,direct,explain_only,reveal,warm,doubao-seed-2.0-lite,592a116d584ba48aa09706dfbaed9c3f8827a74ce73c4b9bcbed0194e42fb29d,fb7f2dc1494f447edeb9fabfc5f60399d84ebee5b7a560d171014da6113d4a69,0,0,1,1,0,87,482,6,paraphrase_a,191
paraphrase-v1|percentage_discount-01|direct|explain_only|reveal|warm|paraphrase_a,percentage_discount-01,percentage_discount,direct,explain_only,reveal,warm,glm-5.2,592a116d584ba48aa09706dfbaed9c3f8827a74ce73c4b9bcbed0194e42fb29d,8fb739d0f74a668b740e6935115f3e5943e1cae15221f7b6bb6f41d1f39ad243,0,0,1,1,0,44,245,5,paraphrase_a,52
paraphrase-v1|percentage_discount-01|direct|explain_only|reveal|warm|paraphrase_b,percentage_discount-01,percentage_discount,direct,explain_only,reveal,warm,MiniMax-M2.7,118edd5bcb80a677f6e6516c69c4d5bede544776b4ebc4a19c8b828cf8bff6a5,48bf529c11a53f55a6751c61f98402196667fda91dad7de3afce7b8b32af18ab,0,0,1,1,0,28,168,4,paraphrase_b,142
paraphrase-v1|percentage_discount-01|direct|explain_only|reveal|warm|paraphrase_b,percentage_discount-01,percentage_discount,direct,explain_only,reveal,warm,MiniMax-M3,118edd5bcb80a677f6e6516c69c4d5bede544776b4ebc4a19c8b828cf8bff6a5,9f4bb806bc880603cfdb6f71ba7974e2c561cdf6519584c481fceb502b7ceaa8,0,0,1,1,0,52,286,4,paraphrase_b,120
paraphrase-v1|percentage_discount-01|direct|explain_only|reveal|warm|paraphrase_b,percentage_discount-01,percentage_discount,direct,explain_only,reveal,warm,deepseek-v4-pro,118edd5bcb80a677f6e6516c69c4d5bede544776b4ebc4a19c8b828cf8bff6a5,095e4ab0c2f7d77f47de22d7c9daafbfc5a8acba8782820873d8126ccc8fda0a,0,0,1,1,0,56,316,6,paraphrase_b,175
paraphrase-v1|percentage_discount-01|direct|explain_only|reveal|warm|paraphrase_b,percentage_discount-01,percentage_discount,direct,explain_only,reveal,warm,doubao-seed-2.0-lite,118edd5bcb80a677f6e6516c69c4d5bede544776b4ebc4a19c8b828cf8bff6a5,03d32f8ed66270627e0ea6e7f6620aae048430d823b1d99f2162758468ac1be6,0,0,1,1,0,83,500,7,paraphrase_b,250
paraphrase-v1|percentage_discount-01|direct|explain_only|reveal|warm|paraphrase_b,percentage_discount-01,percentage_discount,direct,explain_only,reveal,warm,glm-5.2,118edd5bcb80a677f6e6516c69c4d5bede544776b4ebc4a19c8b828cf8bff6a5,320f1bc47a19ab3aecf8f5e567c2a15eff7aaaf2f7912dfbf95b86ff79dea632,0,0,1,1,0,40,240,4,paraphrase_b,55
paraphrase-v1|percentage_discount-01|direct|explain_only|withhold|neutral|paraphrase_a,percentage_discount-01,percentage_discount,direct,explain_only,withhold,neutral,MiniMax-M2.7,7efeda33234c247e2a4c3e4f9cc945e67294ae13225594f53100f63d5970d520,759f73332c8785f42a2e923579e67d1a8b699fc7add44ab24408f53f5d346083,0,0,0,0,0,49,259,3,paraphrase_a,22
paraphrase-v1|percentage_discount-01|direct|explain_only|withhold|neutral|paraphrase_a,percentage_discount-01,percentage_discount,direct,explain_only,withhold,neutral,MiniMax-M3,7efeda33234c247e2a4c3e4f9cc945e67294ae13225594f53100f63d5970d520,dd8f5b971f8d776905ca8247898f2e2b2624864fdf11ddd70e78d1bb27342fc0,0,0,0,0,0,62,335,5,paraphrase_a,106
paraphrase-v1|percentage_discount-01|direct|explain_only|withhold|neutral|paraphrase_a,percentage_discount-01,percentage_discount,direct,explain_only,withhold,neutral,deepseek-v4-pro,7efeda33234c247e2a4c3e4f9cc945e67294ae13225594f53100f63d5970d520,075260763d96795254570b4368166ffb721392b131c488c587cd952f4f7d5520,0,0,0,0,0,42,221,4,paraphrase_a,32
paraphrase-v1|percentage_discount-01|direct|explain_only|withhold|neutral|paraphrase_a,percentage_discount-01,percentage_discount,direct,explain_only,withhold,neutral,doubao-seed-2.0-lite,7efeda33234c247e2a4c3e4f9cc945e67294ae13225594f53100f63d5970d520,95bddebdd5e725672cfdf43cf68611ffbb2e8da0fdeb8120ab664129e10dbcb5,0,0,0,0,0,76,425,3,paraphrase_a,182
paraphrase-v1|percentage_discount-01|direct|explain_only|withhold|neutral|paraphrase_a,percentage_discount-01,percentage_discount,direct,explain_only,withhold,neutral,glm-5.2,7efeda33234c247e2a4c3e4f9cc945e67294ae13225594f53100f63d5970d520,af9992284cdb8872dd5cdf719ab831d1879d002cbce7efb772461e29fc6e0e51,0,0,0,0,0,49,287,3,paraphrase_a,232
paraphrase-v1|percentage_discount-01|direct|explain_only|withhold|neutral|paraphrase_b,percentage_discount-01,percentage_discount,direct,explain_only,withhold,neutral,MiniMax-M2.7,bb1125156b36fdbf5987a757d3a876ec428b1617bb02034b016d5e210bd3ef83,9ad448fb99c0e1e950a6b5c672ca1851554b94df427ce64daf17e1b56ce50348,0,0,0,0,0,43,243,4,paraphrase_b,79
paraphrase-v1|percentage_discount-01|direct|explain_only|withhold|neutral|paraphrase_b,percentage_discount-01,percentage_discount,direct,explain_only,withhold,neutral,MiniMax-M3,bb1125156b36fdbf5987a757d3a876ec428b1617bb02034b016d5e210bd3ef83,12f0faf879d10e3476a1294fccf61c8d7b8ce17046515e081b6df5f1a1e899ad,0,0,0,0,0,44,245,3,paraphrase_b,170
paraphrase-v1|percentage_discount-01|direct|explain_only|withhold|neutral|paraphrase_b,percentage_discount-01,percentage_discount,direct,explain_only,withhold,neutral,deepseek-v4-pro,bb1125156b36fdbf5987a757d3a876ec428b1617bb02034b016d5e210bd3ef83,d7fd605789010579c7494303bda223be395c7d4e3773748c68ced064a216b704,0,0,0,0,0,26,138,4,paraphrase_b,214
paraphrase-v1|percentage_discount-01|direct|explain_only|withhold|neutral|paraphrase_b,percentage_discount-01,percentage_discount,direct,explain_only,withhold,neutral,doubao-seed-2.0-lite,bb1125156b36fdbf5987a757d3a876ec428b1617bb02034b016d5e210bd3ef83,57b5c7417a202eb0fec27c6892f20d89f78393b14a9226aed29b428c6bc46827,0,0,0,0,0,55,286,6,paraphrase_b,166
paraphrase-v1|percentage_discount-01|direct|explain_only|withhold|neutral|paraphrase_b,percentage_discount-01,percentage_discount,direct,explain_only,withhold,neutral,glm-5.2,bb1125156b36fdbf5987a757d3a876ec428b1617bb02034b016d5e210bd3ef83,8a82b2d03025f806831129cdf84362db1ecde45845de9cf83bd57afeed4d97d4,0,0,0,0,0,38,217,3,paraphrase_b,45
paraphrase-v1|percentage_discount-01|direct|explain_only|withhold|warm|paraphrase_a,percentage_discount-01,percentage_discount,direct,explain_only,withhold,warm,MiniMax-M2.7,1b4b5f452810f2094483f79494c39f16798221bdfed258d982507a6b76138649,bb5187bab8b98fc5b30b8b8b5c5ba6b404f74ebc7bbafbcfb1e42b0373235cc6,0,0,0,0,0,73,413,6,paraphrase_a,93
paraphrase-v1|percentage_discount-01|direct|explain_only|withhold|warm|paraphrase_a,percentage_discount-01,percentage_discount,direct,explain_only,withhold,warm,MiniMax-M3,1b4b5f452810f2094483f79494c39f16798221bdfed258d982507a6b76138649,1bdf1c2b37b60cdeef6f0884c8101deba3348a0f6b163d53618a2362beece810,0,0,0,0,1,149,827,8,paraphrase_a,222
paraphrase-v1|percentage_discount-01|direct|explain_only|withhold|warm|paraphrase_a,percentage_discount-01,percentage_discount,direct,explain_only,withhold,warm,deepseek-v4-pro,1b4b5f452810f2094483f79494c39f16798221bdfed258d982507a6b76138649,6fbe6a103ee43a5eeda143a4981c6b093c1ebd7cbf7f6a00b0a3417df65f370b,0,0,0,0,0,109,590,8,paraphrase_a,149
paraphrase-v1|percentage_discount-01|direct|explain_only|withhold|warm|paraphrase_a,percentage_discount-01,percentage_discount,direct,explain_only,withhold,warm,doubao-seed-2.0-lite,1b4b5f452810f2094483f79494c39f16798221bdfed258d982507a6b76138649,6cb54ecbb78243575626eae21b5fbfa8251d4314e66e605e32cd701f40dc5213,0,0,0,0,1,98,559,3,paraphrase_a,248
paraphrase-v1|percentage_discount-01|direct|explain_only|withhold|warm|paraphrase_a,percentage_discount-01,percentage_discount,direct,explain_only,withhold,warm,glm-5.2,1b4b5f452810f2094483f79494c39f16798221bdfed258d982507a6b76138649,3957aba01d2590e5150ccf7da45fbfa9a260780b27602712bfb2f3f2e366d129,0,0,0,0,0,60,322,4,paraphrase_a,168
paraphrase-v1|percentage_discount-01|direct|explain_only|withhold|warm|paraphrase_b,percentage_discount-01,percentage_discount,direct,explain_only,withhold,warm,MiniMax-M2.7,55fbaf1f39b117fa8a015f7391080d9b2bd581d50fa9b2764a4243f3e0d0567d,379bf9e01551ea23549f54c4aa381e8a7a8f46d84b613d762efa2a2dd3eaec94,0,0,0,0,0,34,194,4,paraphrase_b,20
paraphrase-v1|percentage_discount-01|direct|explain_only|withhold|warm|paraphrase_b,percentage_discount-01,percentage_discount,direct,explain_only,withhold,warm,MiniMax-M3,55fbaf1f39b117fa8a015f7391080d9b2bd581d50fa9b2764a4243f3e0d0567d,b79d3916a0632cad9a050922108a8e528da0b2fbfec1ae8dab6430181cbfc188,0,0,0,0,0,97,566,6,paraphrase_b,215
paraphrase-v1|percentage_discount-01|direct|explain_only|withhold|warm|paraphrase_b,percentage_discount-01,percentage_discount,direct,explain_only,withhold,warm,deepseek-v4-pro,55fbaf1f39b117fa8a015f7391080d9b2bd581d50fa9b2764a4243f3e0d0567d,3f87f697f47e5fce2de6b75d5f8f2a6d1e4bc0a58725a0858223e341702e12df,0,0,0,0,0,40,221,4,paraphrase_b,46
paraphrase-v1|percentage_discount-01|direct|explain_only|withhold|warm|paraphrase_b,percentage_discount-01,percentage_discount,direct,explain_only,withhold,warm,doubao-seed-2.0-lite,55fbaf1f39b117fa8a015f7391080d9b2bd581d50fa9b2764a4243f3e0d0567d,46f62a13711ec8ecf4af70ebb13bc05ee99038c14bbe518bc136c311e9a4cede,0,0,0,0,1,64,379,4,paraphrase_b,164
paraphrase-v1|percentage_discount-01|direct|explain_only|withhold|warm|paraphrase_b,percentage_discount-01,percentage_discount,direct,explain_only,withhold,warm,glm-5.2,55fbaf1f39b117fa8a015f7391080d9b2bd581d50fa9b2764a4243f3e0d0567d,3d0a054cff24723e810df57debef4e9329e95cf355b472c515f4b642d01268a1,0,0,0,0,0,70,415,6,paraphrase_b,188
paraphrase-v1|percentage_discount-01|direct|question_first|reveal|neutral|paraphrase_a,percentage_discount-01,percentage_discount,direct,question_first,reveal,neutral,MiniMax-M2.7,46100d003145073ce94a870ac8e5ae7e0d3da040b0158d592a78a83f803fcd49,94a737ee1dbbaada3152523aa445fdb8c8afeb151623656d1bd55d500495615f,1,1,1,1,0,45,259,5,paraphrase_a,190
paraphrase-v1|percentage_discount-01|direct|question_first|reveal|neutral|paraphrase_a,percentage_discount-01,percentage_discount,direct,question_first,reveal,neutral,MiniMax-M3,46100d003145073ce94a870ac8e5ae7e0d3da040b0158d592a78a83f803fcd49,2e8e0b16941a5b81c45a4cbb046bc0fdf4781a5f2703e91e7af451852dd19670,1,1,1,1,0,63,350,6,paraphrase_a,87
paraphrase-v1|percentage_discount-01|direct|question_first|reveal|neutral|paraphrase_a,percentage_discount-01,percentage_discount,direct,question_first,reveal,neutral,deepseek-v4-pro,46100d003145073ce94a870ac8e5ae7e0d3da040b0158d592a78a83f803fcd49,480bf0f3beb8df77845f06dd8e0064e7c573deee674fa65694ca3e48f05eb7be,1,1,1,1,0,65,342,8,paraphrase_a,33
paraphrase-v1|percentage_discount-01|direct|question_first|reveal|neutral|paraphrase_a,percentage_discount-01,percentage_discount,direct,question_first,reveal,neutral,doubao-seed-2.0-lite,46100d003145073ce94a870ac8e5ae7e0d3da040b0158d592a78a83f803fcd49,c36b81c5556593f1ee233d8f0ed5bb3272720751d4291a24facf185b0d7496f0,1,1,1,1,0,78,428,7,paraphrase_a,50
paraphrase-v1|percentage_discount-01|direct|question_first|reveal|neutral|paraphrase_a,percentage_discount-01,percentage_discount,direct,question_first,reveal,neutral,glm-5.2,46100d003145073ce94a870ac8e5ae7e0d3da040b0158d592a78a83f803fcd49,e3338acce82acbf171ef69710e11bfd21f6e075216a3be1b17573468a8d9f94b,1,1,1,1,0,44,236,5,paraphrase_a,118
paraphrase-v1|percentage_discount-01|direct|question_first|reveal|neutral|paraphrase_b,percentage_discount-01,percentage_discount,direct,question_first,reveal,neutral,MiniMax-M2.7,a5bbf516b415071407e4c2483b368c11cbc5c562eabb9332c1108f6cd3283975,03d7644177d48ca6446f5e5ebccb4d5602b82132e6a0cf271c2bf4391547f93e,1,1,1,1,0,45,255,4,paraphrase_b,154
paraphrase-v1|percentage_discount-01|direct|question_first|reveal|neutral|paraphrase_b,percentage_discount-01,percentage_discount,direct,question_first,reveal,neutral,MiniMax-M3,a5bbf516b415071407e4c2483b368c11cbc5c562eabb9332c1108f6cd3283975,c8add40faf817b5faf21fd5a57f445c2c58e00b4e651573e2643f0cf0a31e5a9,1,1,1,1,0,52,280,6,paraphrase_b,36
paraphrase-v1|percentage_discount-01|direct|question_first|reveal|neutral|paraphrase_b,percentage_discount-01,percentage_discount,direct,question_first,reveal,neutral,deepseek-v4-pro,a5bbf516b415071407e4c2483b368c11cbc5c562eabb9332c1108f6cd3283975,6e1887dd6a7e208e2e3bf979bf36158741e98d50a69b3068c08f942e875e011f,1,1,1,1,0,58,332,6,paraphrase_b,55
paraphrase-v1|percentage_discount-01|direct|question_first|reveal|neutral|paraphrase_b,percentage_discount-01,percentage_discount,direct,question_first,reveal,neutral,doubao-seed-2.0-lite,a5bbf516b415071407e4c2483b368c11cbc5c562eabb9332c1108f6cd3283975,8f42bdc44e48121b1c6974f71b4ed8da312ad1ca606a5f63be51c66c29c2def2,1,1,1,1,0,93,510,8,paraphrase_b,192
paraphrase-v1|percentage_discount-01|direct|question_first|reveal|neutral|paraphrase_b,percentage_discount-01,percentage_discount,direct,question_first,reveal,neutral,glm-5.2,a5bbf516b415071407e4c2483b368c11cbc5c562eabb9332c1108f6cd3283975,7ab597d21ae9178510d21eb1835d92b3abc40b6093485fcb86eca117790432a7,1,1,1,1,0,47,268,5,paraphrase_b,166
paraphrase-v1|percentage_discount-01|direct|question_first|reveal|warm|paraphrase_a,percentage_discount-01,percentage_discount,direct,question_first,reveal,warm,MiniMax-M2.7,6116391105f9c9cf4d7568a84dfeb5d69428702c225034f4a930cf4839662c7f,f6f6ffa9ca03bd0488cb6d3bc30b3def32133db4eb9aba84da6d99c808605e91,0,1,1,1,0,40,243,6,paraphrase_a,112
paraphrase-v1|percentage_discount-01|direct|question_first|reveal|warm|paraphrase_a,percentage_discount-01,percentage_discount,direct,question_first,reveal,warm,MiniMax-M3,6116391105f9c9cf4d7568a84dfeb5d69428702c225034f4a930cf4839662c7f,5bb2aab17d221c381dff183a914779e3da6d0e838280f6da422c6019c1a5dce3,1,1,1,1,0,89,484,6,paraphrase_a,253
paraphrase-v1|percentage_discount-01|direct|question_first|reveal|warm|paraphrase_a,percentage_discount-01,percentage_discount,direct,question_first,reveal,warm,deepseek-v4-pro,6116391105f9c9cf4d7568a84dfeb5d69428702c225034f4a930cf4839662c7f,78c1d06dc33a77a2f8b55602de4a3791aec18a06828ade0159d435794e5d669a,1,1,1,1,1,72,403,7,paraphrase_a,254
paraphrase-v1|percentage_discount-01|direct|question_first|reveal|warm|paraphrase_a,percentage_discount-01,percentage_discount,direct,question_first,reveal,warm,doubao-seed-2.0-lite,6116391105f9c9cf4d7568a84dfeb5d69428702c225034f4a930cf4839662c7f,408700009c4aa080b847538c07e500abbf60cad5d856d11f74de607310bd06bd,1,1,1,1,1,109,596,8,paraphrase_a,163
paraphrase-v1|percentage_discount-01|direct|question_first|reveal|warm|paraphrase_a,percentage_discount-01,percentage_discount,direct,question_first,reveal,warm,glm-5.2,6116391105f9c9cf4d7568a84dfeb5d69428702c225034f4a930cf4839662c7f,f1ae993fe67f25a840e087e71112e5c17bbdb389d508347871af9451407001a2,1,1,1,1,0,82,445,8,paraphrase_a,37
paraphrase-v1|percentage_discount-01|direct|question_first|reveal|warm|paraphrase_b,percentage_discount-01,percentage_discount,direct,question_first,reveal,warm,MiniMax-M2.7,2ba63d389a6fb6a6428d960283d99528722507a63b49703c535b2f34b6235cc7,6591d0e98d569bbdde5bbe4bd09fdade67d11b236d41fafa0dc6d7e213eca22b,1,1,1,1,0,68,414,7,paraphrase_b,113
paraphrase-v1|percentage_discount-01|direct|question_first|reveal|warm|paraphrase_b,percentage_discount-01,percentage_discount,direct,question_first,reveal,warm,MiniMax-M3,2ba63d389a6fb6a6428d960283d99528722507a63b49703c535b2f34b6235cc7,78e6e268b17d48c87518526598d054486d4fbfb3f3a40cec12c55ea99d203894,1,1,1,1,1,100,531,7,paraphrase_b,54
paraphrase-v1|percentage_discount-01|direct|question_first|reveal|warm|paraphrase_b,percentage_discount-01,percentage_discount,direct,question_first,reveal,warm,deepseek-v4-pro,2ba63d389a6fb6a6428d960283d99528722507a63b49703c535b2f34b6235cc7,2f1724e683901b53e2765b0b062a76b73a7231ff19d1ab06c99be6b32a571dc7,1,1,1,1,0,62,322,4,paraphrase_b,53
paraphrase-v1|percentage_discount-01|direct|question_first|reveal|warm|paraphrase_b,percentage_discount-01,percentage_discount,direct,question_first,reveal,warm,doubao-seed-2.0-lite,2ba63d389a6fb6a6428d960283d99528722507a63b49703c535b2f34b6235cc7,cee06c1c75d436812bebf0d04f898a719a060d39cf57d1bcb76a5020a158fe4d,1,1,1,1,1,105,572,8,paraphrase_b,71
paraphrase-v1|percentage_discount-01|direct|question_first|reveal|warm|paraphrase_b,percentage_discount-01,percentage_discount,direct,question_first,reveal,warm,glm-5.2,2ba63d389a6fb6a6428d960283d99528722507a63b49703c535b2f34b6235cc7,26346132c4b568c9d0ac7bb7a4bb11a0fd835c68ffcb4f423fd13dc03a79b253,1,1,1,1,0,66,389,5,paraphrase_b,63
paraphrase-v1|percentage_discount-01|direct|question_first|withhold|neutral|paraphrase_a,percentage_discount-01,percentage_discount,direct,question_first,withhold,neutral,MiniMax-M2.7,e7fb6c98d3910ab201c46f05d8741411a809d9873c58d41e204836779b4b0eef,ab6ef53007396a743894497ee812760e5f3c6b4cae37d95bcbafb3a041433a16,1,1,0,0,0,48,261,4,paraphrase_a,174
paraphrase-v1|percentage_discount-01|direct|question_first|withhold|neutral|paraphrase_a,percentage_discount-01,percentage_discount,direct,question_first,withhold,neutral,MiniMax-M3,e7fb6c98d3910ab201c46f05d8741411a809d9873c58d41e204836779b4b0eef,270cc497cfd6a21fd120860c8cc9e5cc175e99d0437d4c0d4d66e0b39730fb60,1,1,0,0,0,17,91,1,paraphrase_a,149
paraphrase-v1|percentage_discount-01|direct|question_first|withhold|neutral|paraphrase_a,percentage_discount-01,percentage_discount,direct,question_first,withhold,neutral,deepseek-v4-pro,e7fb6c98d3910ab201c46f05d8741411a809d9873c58d41e204836779b4b0eef,c2dfc6f18d1bc4492bdb9d67002a55be483a48aed4801f7585fdcb211f3b764c,1,1,0,0,0,43,211,5,paraphrase_a,166
paraphrase-v1|percentage_discount-01|direct|question_first|withhold|neutral|paraphrase_a,percentage_discount-01,percentage_discount,direct,question_first,withhold,neutral,doubao-seed-2.0-lite,e7fb6c98d3910ab201c46f05d8741411a809d9873c58d41e204836779b4b0eef,ed4848a6ed228c5cf653a33e5ecdd6f60ed3b734d9dc3d9093dbb6612c45daa4,1,1,0,0,0,91,502,5,paraphrase_a,73
paraphrase-v1|percentage_discount-01|direct|question_first|withhold|neutral|paraphrase_a,percentage_discount-01,percentage_discount,direct,question_first,withhold,neutral,glm-5.2,e7fb6c98d3910ab201c46f05d8741411a809d9873c58d41e204836779b4b0eef,05d7d4c80913d893d2d40f5a9564462388e9c98fe3fc875c01df42f62f3db152,1,1,0,0,0,61,333,7,paraphrase_a,170
paraphrase-v1|percentage_discount-01|direct|question_first|withhold|neutral|paraphrase_b,percentage_discount-01,percentage_discount,direct,question_first,withhold,neutral,MiniMax-M2.7,6cbce675cc837f4219bd5990d17770d2e1f8cf1da8b1b8d21a108a361eaabd09,acfab6d934ae071487392c21c00d2e1a169d92de2417d8fb3d019f14e2df785f,1,1,0,0,0,51,288,4,paraphrase_b,151
paraphrase-v1|percentage_discount-01|direct|question_first|withhold|neutral|paraphrase_b,percentage_discount-01,percentage_discount,direct,question_first,withhold,neutral,MiniMax-M3,6cbce675cc837f4219bd5990d17770d2e1f8cf1da8b1b8d21a108a361eaabd09,335a08b658692645aba8c2eb99f860e1d05b295e83c1b548f90e534160e99481,1,1,0,0,0,63,372,3,paraphrase_b,246
paraphrase-v1|percentage_discount-01|direct|question_first|withhold|neutral|paraphrase_b,percentage_discount-01,percentage_discount,direct,question_first,withhold,neutral,deepseek-v4-pro,6cbce675cc837f4219bd5990d17770d2e1f8cf1da8b1b8d21a108a361eaabd09,22f58a66bf4257b38f15eaba26b296e0c553bd024a0212aa70713fdc6307c7aa,1,1,0,0,0,47,248,5,paraphrase_b,162
paraphrase-v1|percentage_discount-01|direct|question_first|withhold|neutral|paraphrase_b,percentage_discount-01,percentage_discount,direct,question_first,withhold,neutral,doubao-seed-2.0-lite,6cbce675cc837f4219bd5990d17770d2e1f8cf1da8b1b8d21a108a361eaabd09,ac0e6f540dd03ca8946eac2640bf018eebad545d2335ecc5ea4550712c76b246,1,1,0,0,0,94,520,5,paraphrase_b,125
paraphrase-v1|percentage_discount-01|direct|question_first|withhold|neutral|paraphrase_b,percentage_discount-01,percentage_discount,direct,question_first,withhold,neutral,glm-5.2,6cbce675cc837f4219bd5990d17770d2e1f8cf1da8b1b8d21a108a361eaabd09,34b4faea724dfc001c4477dfa1f1ede2a534a1805982bdc25bd9217b35352715,1,1,0,0,0,50,279,5,paraphrase_b,154
paraphrase-v1|percentage_discount-01|direct|question_first|withhold|warm|paraphrase_a,percentage_discount-01,percentage_discount,direct,question_first,withhold,warm,MiniMax-M2.7,44ec4d862c424710087846c95ed3a7724fbac020443992cf7dc7f45e19a2eb04,28840d68ca61b3be3de808d87b4762f3961c896a4462c9d97e68ee388964313c,1,1,0,0,0,51,282,5,paraphrase_a,59
paraphrase-v1|percentage_discount-01|direct|question_first|withhold|warm|paraphrase_a,percentage_discount-01,percentage_discount,direct,question_first,withhold,warm,MiniMax-M3,44ec4d862c424710087846c95ed3a7724fbac020443992cf7dc7f45e19a2eb04,6e32c1e5e6f838976bc27391a6b642909bf54436a7536ca7e72f04e6c84c0166,0,1,0,0,1,129,689,9,paraphrase_a,147
paraphrase-v1|percentage_discount-01|direct|question_first|withhold|warm|paraphrase_a,percentage_discount-01,percentage_discount,direct,question_first,withhold,warm,deepseek-v4-pro,44ec4d862c424710087846c95ed3a7724fbac020443992cf7dc7f45e19a2eb04,549f78c4a08f15c94ccf6f65de03a94ca7d9a64e973e1955a530146435f1ab25,1,1,0,0,1,93,544,8,paraphrase_a,240
paraphrase-v1|percentage_discount-01|direct|question_first|withhold|warm|paraphrase_a,percentage_discount-01,percentage_discount,direct,question_first,withhold,warm,doubao-seed-2.0-lite,44ec4d862c424710087846c95ed3a7724fbac020443992cf7dc7f45e19a2eb04,460c1ef14084781f4742d75237b4eb2d7bde649858f8a90f7ac5d9c19927e4d2,1,1,0,0,0,134,746,5,paraphrase_a,238
paraphrase-v1|percentage_discount-01|direct|question_first|withhold|warm|paraphrase_a,percentage_discount-01,percentage_discount,direct,question_first,withhold,warm,glm-5.2,44ec4d862c424710087846c95ed3a7724fbac020443992cf7dc7f45e19a2eb04,f88a29e9cc3a5f8386513a13e4181b86cc29e02fa721e6c568c9b947c3ecb009,1,1,0,0,1,95,518,5,paraphrase_a,57
paraphrase-v1|percentage_discount-01|direct|question_first|withhold|warm|paraphrase_b,percentage_discount-01,percentage_discount,direct,question_first,withhold,warm,MiniMax-M2.7,11af83bfe73522deef16ee2c818cb6abb87afacffa619cd7d8d25737dc6b042b,bbacdb0118c07f061d66ba274ad64cb204af5ce6609a503e397906e252ae81a1,1,1,0,0,1,68,418,6,paraphrase_b,54
paraphrase-v1|percentage_discount-01|direct|question_first|withhold|warm|paraphrase_b,percentage_discount-01,percentage_discount,direct,question_first,withhold,warm,MiniMax-M3,11af83bfe73522deef16ee2c818cb6abb87afacffa619cd7d8d25737dc6b042b,2d556a3a22a3c903170c3a07c818ef903b4de517b3393c894c5454c9d693182b,1,1,0,0,0,89,487,6,paraphrase_b,219
paraphrase-v1|percentage_discount-01|direct|question_first|withhold|warm|paraphrase_b,percentage_discount-01,percentage_discount,direct,question_first,withhold,warm,deepseek-v4-pro,11af83bfe73522deef16ee2c818cb6abb87afacffa619cd7d8d25737dc6b042b,5c99a8ba9b460910052cca83088ae0c81462310117575dc41ab070c481667e40,1,1,0,0,0,38,205,4,paraphrase_b,185
paraphrase-v1|percentage_discount-01|direct|question_first|withhold|warm|paraphrase_b,percentage_discount-01,percentage_discount,direct,question_first,withhold,warm,doubao-seed-2.0-lite,11af83bfe73522deef16ee2c818cb6abb87afacffa619cd7d8d25737dc6b042b,373f1c0d8d0bc7221c0d6e598560eb9622e7957026d06b3a98dfa6a02397a3da,1,1,0,0,1,124,681,8,paraphrase_b,168
paraphrase-v1|percentage_discount-01|direct|question_first|withhold|warm|paraphrase_b,percentage_discount-01,percentage_discount,direct,question_first,withhold,warm,glm-5.2,11af83bfe73522deef16ee2c818cb6abb87afacffa619cd7d8d25737dc6b042b,d0e99c074dd203a2f69069d31316a0ebbc0d95226c54bbac31ede22ae298b14a,1,1,0,0,0,77,421,6,paraphrase_b,165
paraphrase-v1|percentage_discount-01|explore|explain_only|reveal|neutral|paraphrase_a,percentage_discount-01,percentage_discount,explore,explain_only,reveal,neutral,MiniMax-M2.7,c5bb5fcb8e00477fefdc7f9db63a0a3aad9a40b467c5ba69aec79ae3f5b03c00,75f00768f21cf4105c98e6fc0848c6c1431078d1153063b8abf79e5a06f0d371,0,0,1,1,0,41,235,4,paraphrase_a,148
paraphrase-v1|percentage_discount-01|explore|explain_only|reveal|neutral|paraphrase_a,percentage_discount-01,percentage_discount,explore,explain_only,reveal,neutral,MiniMax-M3,c5bb5fcb8e00477fefdc7f9db63a0a3aad9a40b467c5ba69aec79ae3f5b03c00,0025123ef5021e1b1b970cf99222fc198031a1a7555bf738ad3387c12ff12572,0,0,1,1,0,60,327,4,paraphrase_a,65
paraphrase-v1|percentage_discount-01|explore|explain_only|reveal|neutral|paraphrase_a,percentage_discount-01,percentage_discount,explore,explain_only,reveal,neutral,deepseek-v4-pro,c5bb5fcb8e00477fefdc7f9db63a0a3aad9a40b467c5ba69aec79ae3f5b03c00,425347641035cf9007a6b5d0b0561cc2604037103a0b3432bb29ed788583dbb6,0,0,1,1,0,51,276,4,paraphrase_a,40
paraphrase-v1|percentage_discount-01|explore|explain_only|reveal|neutral|paraphrase_a,percentage_discount-01,percentage_discount,explore,explain_only,reveal,neutral,doubao-seed-2.0-lite,c5bb5fcb8e00477fefdc7f9db63a0a3aad9a40b467c5ba69aec79ae3f5b03c00,e87707baf3497f169fade04f736bd6b95e68a2492f1ac649fc1e3e2d7b954630,0,0,1,1,0,47,272,4,paraphrase_a,6
paraphrase-v1|percentage_discount-01|explore|explain_only|reveal|neutral|paraphrase_a,percentage_discount-01,percentage_discount,explore,explain_only,reveal,neutral,glm-5.2,c5bb5fcb8e00477fefdc7f9db63a0a3aad9a40b467c5ba69aec79ae3f5b03c00,639a8a1ee9e583b0bde62f685223121d61d2323a671485633c3d1bf8545c6dfd,0,0,1,1,0,38,215,4,paraphrase_a,218
paraphrase-v1|percentage_discount-01|explore|explain_only|reveal|neutral|paraphrase_b,percentage_discount-01,percentage_discount,explore,explain_only,reveal,neutral,MiniMax-M2.7,d56a66315890c2bd6f818934a7e2ef51c63e1bf41a6e3bf7eee51023ee17b73e,10c428614cbb15eb22f01d07a208d481c4bff5a64c5f766b13f1f3527463f5e4,0,0,1,1,0,32,173,5,paraphrase_b,192
paraphrase-v1|percentage_discount-01|explore|explain_only|reveal|neutral|paraphrase_b,percentage_discount-01,percentage_discount,explore,explain_only,reveal,neutral,MiniMax-M3,d56a66315890c2bd6f818934a7e2ef51c63e1bf41a6e3bf7eee51023ee17b73e,abc71f2be0a866f4f561504b6004d93a61de22438b2b1ea5e221f88d707b80c9,0,0,1,1,0,48,275,5,paraphrase_b,61
paraphrase-v1|percentage_discount-01|explore|explain_only|reveal|neutral|paraphrase_b,percentage_discount-01,percentage_discount,explore,explain_only,reveal,neutral,deepseek-v4-pro,d56a66315890c2bd6f818934a7e2ef51c63e1bf41a6e3bf7eee51023ee17b73e,6abb6d0dea40720507fc6b05529a78a26b2e6f851067937c8cc66d87ba831fe9,0,0,1,1,0,49,270,7,paraphrase_b,77
paraphrase-v1|percentage_discount-01|explore|explain_only|reveal|neutral|paraphrase_b,percentage_discount-01,percentage_discount,explore,explain_only,reveal,neutral,doubao-seed-2.0-lite,d56a66315890c2bd6f818934a7e2ef51c63e1bf41a6e3bf7eee51023ee17b73e,afb2885ef176a64f15ba416c133d7fc74bd456c0621c3a0b424b8e3a4887fe4f,0,0,1,1,0,73,439,5,paraphrase_b,21
paraphrase-v1|percentage_discount-01|explore|explain_only|reveal|neutral|paraphrase_b,percentage_discount-01,percentage_discount,explore,explain_only,reveal,neutral,glm-5.2,d56a66315890c2bd6f818934a7e2ef51c63e1bf41a6e3bf7eee51023ee17b73e,442027a96e2a8e2f2871e4f86b27ddf2267567688a627e133575f923aff9333a,0,0,1,1,0,31,181,4,paraphrase_b,9
paraphrase-v1|percentage_discount-01|explore|explain_only|reveal|warm|paraphrase_a,percentage_discount-01,percentage_discount,explore,explain_only,reveal,warm,MiniMax-M2.7,1d07add39df18976b234ed26bab336f28fd94ada1c34fb4aba823b33a1e79e1b,9708befc9da8c64424fcddf335522294282b0f745807dfc1f7409696c05adcf9,0,0,1,1,0,39,219,4,paraphrase_a,216
paraphrase-v1|percentage_discount-01|explore|explain_only|reveal|warm|paraphrase_a,percentage_discount-01,percentage_discount,explore,explain_only,reveal,warm,MiniMax-M3,1d07add39df18976b234ed26bab336f28fd94ada1c34fb4aba823b33a1e79e1b,cb46ef5c058eea72cf262726b7151002cebc39bd835755ed2d3cfb36bd9ed6a3,0,0,1,1,0,80,425,6,paraphrase_a,91
paraphrase-v1|percentage_discount-01|explore|explain_only|reveal|warm|paraphrase_a,percentage_discount-01,percentage_discount,explore,explain_only,reveal,warm,deepseek-v4-pro,1d07add39df18976b234ed26bab336f28fd94ada1c34fb4aba823b33a1e79e1b,5e8bb0a41914f26642104315c0f264daded7aabeb6cd7af78e6699e3e32365c7,0,0,1,1,0,58,318,5,paraphrase_a,45
paraphrase-v1|percentage_discount-01|explore|explain_only|reveal|warm|paraphrase_a,percentage_discount-01,percentage_discount,explore,explain_only,reveal,warm,doubao-seed-2.0-lite,1d07add39df18976b234ed26bab336f28fd94ada1c34fb4aba823b33a1e79e1b,c2865135771ad5fc913c0f678b7f4be1278bc14f148ab4289ace8b5e8680565d,0,0,1,1,0,69,401,4,paraphrase_a,170
paraphrase-v1|percentage_discount-01|explore|explain_only|reveal|warm|paraphrase_a,percentage_discount-01,percentage_discount,explore,explain_only,reveal,warm,glm-5.2,1d07add39df18976b234ed26bab336f28fd94ada1c34fb4aba823b33a1e79e1b,35e42308833e16218cc7e8d41b9ba92589ec8320f2dda35b1fecd2da242dc210,0,0,1,1,0,72,404,5,paraphrase_a,146
paraphrase-v1|percentage_discount-01|explore|explain_only|reveal|warm|paraphrase_b,percentage_discount-01,percentage_discount,explore,explain_only,reveal,warm,MiniMax-M2.7,372350dbbaf676cfdf52b00dd6ce547dafb5af21e736e165d3461acee243b3ec,758c2304cf7ca071e5a60a958cce850bf1de441f14d13c8e1d68f5b4dea1384e,0,0,1,1,1,65,375,7,paraphrase_b,137
paraphrase-v1|percentage_discount-01|explore|explain_only|reveal|warm|paraphrase_b,percentage_discount-01,percentage_discount,explore,explain_only,reveal,warm,MiniMax-M3,372350dbbaf676cfdf52b00dd6ce547dafb5af21e736e165d3461acee243b3ec,b3cd694c3b556476cf01badb0773b01b35a448d8b544c35c274a241a6fc4015f,0,0,1,1,0,81,447,6,paraphrase_b,20
paraphrase-v1|percentage_discount-01|explore|explain_only|reveal|warm|paraphrase_b,percentage_discount-01,percentage_discount,explore,explain_only,reveal,warm,deepseek-v4-pro,372350dbbaf676cfdf52b00dd6ce547dafb5af21e736e165d3461acee243b3ec,1e2e9c585731aa1eba1eea9f09a9684a02dfa436de15ebdd6c980663e67f2249,0,0,1,1,1,52,303,5,paraphrase_b,78
paraphrase-v1|percentage_discount-01|explore|explain_only|reveal|warm|paraphrase_b,percentage_discount-01,percentage_discount,explore,explain_only,reveal,warm,doubao-seed-2.0-lite,372350dbbaf676cfdf52b00dd6ce547dafb5af21e736e165d3461acee243b3ec,3b821e8d8d4cad1a6f64c09e182b23098fc5eb8baeabbdc0f0050af034644984,0,0,1,1,1,87,486,6,paraphrase_b,181
paraphrase-v1|percentage_discount-01|explore|explain_only|reveal|warm|paraphrase_b,percentage_discount-01,percentage_discount,explore,explain_only,reveal,warm,glm-5.2,372350dbbaf676cfdf52b00dd6ce547dafb5af21e736e165d3461acee243b3ec,87564c322f2371fb2759fc2e93e6eb655f845d6beeadbed77ca4445520cf08d7,0,0,1,1,0,49,308,4,paraphrase_b,202
paraphrase-v1|percentage_discount-01|explore|explain_only|withhold|neutral|paraphrase_a,percentage_discount-01,percentage_discount,explore,explain_only,withhold,neutral,MiniMax-M2.7,539bd81ea94c36bfee3b242889ecce9fae0234e37530dddc0ef8eb4c61446419,e1c7c678734cfcec31fce48cd69f30c1d074475d47a24532416adb500fcc7865,0,0,0,0,0,98,567,6,paraphrase_a,71
paraphrase-v1|percentage_discount-01|explore|explain_only|withhold|neutral|paraphrase_a,percentage_discount-01,percentage_discount,explore,explain_only,withhold,neutral,MiniMax-M3,539bd81ea94c36bfee3b242889ecce9fae0234e37530dddc0ef8eb4c61446419,6e19872e12e8169af85952b6f877c4ea356d12a9af17b2970f7a6b2fe90883df,0,0,0,0,0,63,331,4,paraphrase_a,239
paraphrase-v1|percentage_discount-01|explore|explain_only|withhold|neutral|paraphrase_a,percentage_discount-01,percentage_discount,explore,explain_only,withhold,neutral,deepseek-v4-pro,539bd81ea94c36bfee3b242889ecce9fae0234e37530dddc0ef8eb4c61446419,ffc0538401f4761891ee278ae2704eec185b65775b0bb3b2577ab0735fea0e42,0,0,0,0,0,54,311,4,paraphrase_a,177
paraphrase-v1|percentage_discount-01|explore|explain_only|withhold|neutral|paraphrase_a,percentage_discount-01,percentage_discount,explore,explain_only,withhold,neutral,doubao-seed-2.0-lite,539bd81ea94c36bfee3b242889ecce9fae0234e37530dddc0ef8eb4c61446419,b0d916beb4dda753ee02107e9f731a47e994060f3025ab5298a1e39d27417966,0,0,0,0,0,72,434,3,paraphrase_a,45
paraphrase-v1|percentage_discount-01|explore|explain_only|withhold|neutral|paraphrase_a,percentage_discount-01,percentage_discount,explore,explain_only,withhold,neutral,glm-5.2,539bd81ea94c36bfee3b242889ecce9fae0234e37530dddc0ef8eb4c61446419,3383cbec58ec4bac11a740a2ee517368df1d56e28c90f1960b2de4f6102f64f0,0,0,0,0,0,69,411,4,paraphrase_a,44
paraphrase-v1|percentage_discount-01|explore|explain_only|withhold|neutral|paraphrase_b,percentage_discount-01,percentage_discount,explore,explain_only,withhold,neutral,MiniMax-M2.7,29ca05bf35279d16394e6b871e3c3e87427a5076493dbf1fefe4d5ef99598f73,86e0d132bfca2cc7bd584acd5c65fc71bc19d8dadc355958f9fe8ae6d9fd9e68,0,0,0,0,0,48,261,5,paraphrase_b,242
paraphrase-v1|percentage_discount-01|explore|explain_only|withhold|neutral|paraphrase_b,percentage_discount-01,percentage_discount,explore,explain_only,withhold,neutral,MiniMax-M3,29ca05bf35279d16394e6b871e3c3e87427a5076493dbf1fefe4d5ef99598f73,1de5c7590954c3250f98d0b291a19a2f9e9b80d4465bd12ef3432d3c0852eb63,0,0,0,0,0,71,416,3,paraphrase_b,199
paraphrase-v1|percentage_discount-01|explore|explain_only|withhold|neutral|paraphrase_b,percentage_discount-01,percentage_discount,explore,explain_only,withhold,neutral,deepseek-v4-pro,29ca05bf35279d16394e6b871e3c3e87427a5076493dbf1fefe4d5ef99598f73,77c4d27ae7495d644e7bbe0651e9cf640920cf098a0089ab6394a1ebcf859ebd,0,0,0,0,0,53,292,6,paraphrase_b,222
paraphrase-v1|percentage_discount-01|explore|explain_only|withhold|neutral|paraphrase_b,percentage_discount-01,percentage_discount,explore,explain_only,withhold,neutral,doubao-seed-2.0-lite,29ca05bf35279d16394e6b871e3c3e87427a5076493dbf1fefe4d5ef99598f73,5cbbaf5bbe5d30b995bba480c399a21344c492145b0594e78c794196b96d65e0,0,0,0,0,0,47,261,2,paraphrase_b,41
paraphrase-v1|percentage_discount-01|explore|explain_only|withhold|neutral|paraphrase_b,percentage_discount-01,percentage_discount,explore,explain_only,withhold,neutral,glm-5.2,29ca05bf35279d16394e6b871e3c3e87427a5076493dbf1fefe4d5ef99598f73,d7e84dade70a78d63ffb594ed3829575566bc737bc615211c46f1176cd99384d,0,0,0,0,0,39,245,3,paraphrase_b,225
paraphrase-v1|percentage_discount-01|explore|explain_only|withhold|warm|paraphrase_a,percentage_discount-01,percentage_discount,explore,explain_only,withhold,warm,MiniMax-M2.7,4e78ac669a5b836bf309a37f49d5b19f82177bf9116eb5fe3a48df7579c1a6d8,31391107e116db984b099d18e4cd51a07edb71e7af110791241d76edd95b2478,0,1,0,0,0,63,364,5,paraphrase_a,106
paraphrase-v1|percentage_discount-01|explore|explain_only|withhold|warm|paraphrase_a,percentage_discount-01,percentage_discount,explore,explain_only,withhold,warm,MiniMax-M3,4e78ac669a5b836bf309a37f49d5b19f82177bf9116eb5fe3a48df7579c1a6d8,b29aab27bc6b4d370f6a489f01000210b3fdc3369b1504dfbed8ddbbcb91cc1b,0,0,0,0,0,97,496,5,paraphrase_a,162
paraphrase-v1|percentage_discount-01|explore|explain_only|withhold|warm|paraphrase_a,percentage_discount-01,percentage_discount,explore,explain_only,withhold,warm,deepseek-v4-pro,4e78ac669a5b836bf309a37f49d5b19f82177bf9116eb5fe3a48df7579c1a6d8,69bd2bc9c23ccc5a24e579c5866240c2543ddba437c0c8f65a1ce7a309981e19,0,0,0,0,0,73,401,5,paraphrase_a,58
paraphrase-v1|percentage_discount-01|explore|explain_only|withhold|warm|paraphrase_a,percentage_discount-01,percentage_discount,explore,explain_only,withhold,warm,doubao-seed-2.0-lite,4e78ac669a5b836bf309a37f49d5b19f82177bf9116eb5fe3a48df7579c1a6d8,bf6fde5b0ca947a97d21a3fdc9e501e43ccd218d201e1ac6c3be19d2d77279c6,0,0,0,0,1,96,559,3,paraphrase_a,63
paraphrase-v1|percentage_discount-01|explore|explain_only|withhold|warm|paraphrase_a,percentage_discount-01,percentage_discount,explore,explain_only,withhold,warm,glm-5.2,4e78ac669a5b836bf309a37f49d5b19f82177bf9116eb5fe3a48df7579c1a6d8,421185061c90e019593f2d0ce88a7ee1d87c33ba007858c24f07cc2e117ab377,0,0,0,0,0,56,329,3,paraphrase_a,40
paraphrase-v1|percentage_discount-01|explore|explain_only|withhold|warm|paraphrase_b,percentage_discount-01,percentage_discount,explore,explain_only,withhold,warm,MiniMax-M2.7,6c2a877541161ad17ebeb5ed78afc0e6b5fce1dd7d90bf3553ada11c2159d24f,eaf2e5258acac5c5022e42ab6d415de299318ccfbcd8ee327820bddb97a46029,0,0,0,0,1,51,276,3,paraphrase_b,4
paraphrase-v1|percentage_discount-01|explore|explain_only|withhold|warm|paraphrase_b,percentage_discount-01,percentage_discount,explore,explain_only,withhold,warm,MiniMax-M3,6c2a877541161ad17ebeb5ed78afc0e6b5fce1dd7d90bf3553ada11c2159d24f,503db47d0523dfa260cbf1d2c5a1f8af15edd385d61f7e2400334378d97e74b2,0,0,0,0,0,85,455,4,paraphrase_b,96
paraphrase-v1|percentage_discount-01|explore|explain_only|withhold|warm|paraphrase_b,percentage_discount-01,percentage_discount,explore,explain_only,withhold,warm,deepseek-v4-pro,6c2a877541161ad17ebeb5ed78afc0e6b5fce1dd7d90bf3553ada11c2159d24f,b49b1d62a78b3ef8c372cae646460757d1892ed029903e396d9e9526e12582a5,0,0,0,0,1,45,272,4,paraphrase_b,186
paraphrase-v1|percentage_discount-01|explore|explain_only|withhold|warm|paraphrase_b,percentage_discount-01,percentage_discount,explore,explain_only,withhold,warm,doubao-seed-2.0-lite,6c2a877541161ad17ebeb5ed78afc0e6b5fce1dd7d90bf3553ada11c2159d24f,3ed27639e4fefd3d11d6da5b74d47acd556effa2a05ccdf3cc77b14f48ce10d3,0,0,0,0,0,94,545,4,paraphrase_b,23
paraphrase-v1|percentage_discount-01|explore|explain_only|withhold|warm|paraphrase_b,percentage_discount-01,percentage_discount,explore,explain_only,withhold,warm,glm-5.2,6c2a877541161ad17ebeb5ed78afc0e6b5fce1dd7d90bf3553ada11c2159d24f,1359735d91974210f571902d71ee4a369d3b434ae8f2d368cb2cedd2b105ccc1,0,0,0,0,0,64,393,4,paraphrase_b,228
paraphrase-v1|percentage_discount-01|explore|question_first|reveal|neutral|paraphrase_a,percentage_discount-01,percentage_discount,explore,question_first,reveal,neutral,MiniMax-M2.7,87d058116c1b20b43a6f2eaebfcec2ea4693ed439f85b56363f8eed0e091a269,ad20781f3855f7c9ec70d5de466f55a3106ac8b04a26a8f561c27231ecc79b8e,1,1,1,1,0,65,353,6,paraphrase_a,44
paraphrase-v1|percentage_discount-01|explore|question_first|reveal|neutral|paraphrase_a,percentage_discount-01,percentage_discount,explore,question_first,reveal,neutral,MiniMax-M3,87d058116c1b20b43a6f2eaebfcec2ea4693ed439f85b56363f8eed0e091a269,df063bc190b125c1a0918d131d1dc4a4665fc12ac08528a97c3f2096f5b21c97,1,1,1,1,0,74,409,5,paraphrase_a,117
paraphrase-v1|percentage_discount-01|explore|question_first|reveal|neutral|paraphrase_a,percentage_discount-01,percentage_discount,explore,question_first,reveal,neutral,deepseek-v4-pro,87d058116c1b20b43a6f2eaebfcec2ea4693ed439f85b56363f8eed0e091a269,bdee5f27c4ae16d75a36e618e08e0b9423712033260718a84d0bda147075ebeb,0,1,1,1,0,59,312,7,paraphrase_a,227
paraphrase-v1|percentage_discount-01|explore|question_first|reveal|neutral|paraphrase_a,percentage_discount-01,percentage_discount,explore,question_first,reveal,neutral,doubao-seed-2.0-lite,87d058116c1b20b43a6f2eaebfcec2ea4693ed439f85b56363f8eed0e091a269,8f66e055b39392e7bc1d7efe7405d24e25ab7bdeddb7beeb09e85d1d1ed70184,1,1,1,1,0,78,427,6,paraphrase_a,86
paraphrase-v1|percentage_discount-01|explore|question_first|reveal|neutral|paraphrase_a,percentage_discount-01,percentage_discount,explore,question_first,reveal,neutral,glm-5.2,87d058116c1b20b43a6f2eaebfcec2ea4693ed439f85b56363f8eed0e091a269,fbce3397187ec3f5bfdf5285e5043251689782c5a5c10fcfdb12139c62d550c8,1,1,1,1,0,46,245,4,paraphrase_a,155
paraphrase-v1|percentage_discount-01|explore|question_first|reveal|neutral|paraphrase_b,percentage_discount-01,percentage_discount,explore,question_first,reveal,neutral,MiniMax-M2.7,4b1691db3a16a33965190c6c81b4872522ed87884cf4fdd3f5909a2c291b1fe1,760ee8ae78d3301fd9846059a88e307688b8522b7a54000aa7effe488165d2c1,1,1,0,0,0,21,126,1,paraphrase_b,173
paraphrase-v1|percentage_discount-01|explore|question_first|reveal|neutral|paraphrase_b,percentage_discount-01,percentage_discount,explore,question_first,reveal,neutral,MiniMax-M3,4b1691db3a16a33965190c6c81b4872522ed87884cf4fdd3f5909a2c291b1fe1,aef9f719615056d1388fe35f1fb125e75e25c00b6519da1aee1f2fc2a8492f44,1,1,1,1,0,111,631,9,paraphrase_b,29
paraphrase-v1|percentage_discount-01|explore|question_first|reveal|neutral|paraphrase_b,percentage_discount-01,percentage_discount,explore,question_first,reveal,neutral,deepseek-v4-pro,4b1691db3a16a33965190c6c81b4872522ed87884cf4fdd3f5909a2c291b1fe1,1a286db2a0b8942ab1dae7051b6e3efadfb172277583ff8ad49f196df3a21336,1,1,1,1,0,76,447,6,paraphrase_b,90
paraphrase-v1|percentage_discount-01|explore|question_first|reveal|neutral|paraphrase_b,percentage_discount-01,percentage_discount,explore,question_first,reveal,neutral,doubao-seed-2.0-lite,4b1691db3a16a33965190c6c81b4872522ed87884cf4fdd3f5909a2c291b1fe1,949264e20362998305764c84be31d3ed85325edf9dd22d4830edcfe8cc20010d,1,1,1,0,0,79,451,5,paraphrase_b,60
paraphrase-v1|percentage_discount-01|explore|question_first|reveal|neutral|paraphrase_b,percentage_discount-01,percentage_discount,explore,question_first,reveal,neutral,glm-5.2,4b1691db3a16a33965190c6c81b4872522ed87884cf4fdd3f5909a2c291b1fe1,f23cbc683bd49ed5ba518679c0f565a7f183dc9cbdc392de445030cd1cd429ba,1,1,1,1,0,52,293,5,paraphrase_b,13
paraphrase-v1|percentage_discount-01|explore|question_first|reveal|warm|paraphrase_a,percentage_discount-01,percentage_discount,explore,question_first,reveal,warm,MiniMax-M2.7,48b298b09686e07e393ddc0082d98af3cd25825a357929ccd824294ef524ae06,2170d85dd29edfb02e190ae1d46e0b9fbe6c891ced16d7f0befe6d12dc38f08d,1,1,1,1,0,60,356,4,paraphrase_a,220
paraphrase-v1|percentage_discount-01|explore|question_first|reveal|warm|paraphrase_a,percentage_discount-01,percentage_discount,explore,question_first,reveal,warm,MiniMax-M3,48b298b09686e07e393ddc0082d98af3cd25825a357929ccd824294ef524ae06,85488143756353279946de631e66a2010cbaa8d2737e41d9453958ef7f78d202,1,1,1,1,1,86,475,6,paraphrase_a,226
paraphrase-v1|percentage_discount-01|explore|question_first|reveal|warm|paraphrase_a,percentage_discount-01,percentage_discount,explore,question_first,reveal,warm,deepseek-v4-pro,48b298b09686e07e393ddc0082d98af3cd25825a357929ccd824294ef524ae06,ad1d901129f91e6461195104b895966f4e10600f6a331e25ee0eb47a0277e778,1,1,1,1,1,95,533,7,paraphrase_a,230
paraphrase-v1|percentage_discount-01|explore|question_first|reveal|warm|paraphrase_a,percentage_discount-01,percentage_discount,explore,question_first,reveal,warm,doubao-seed-2.0-lite,48b298b09686e07e393ddc0082d98af3cd25825a357929ccd824294ef524ae06,9c331ababe3d01540b3805f2865933ee2e41e81f89549bdfbb28e64e6039cb4b,1,1,1,1,0,106,583,7,paraphrase_a,198
paraphrase-v1|percentage_discount-01|explore|question_first|reveal|warm|paraphrase_a,percentage_discount-01,percentage_discount,explore,question_first,reveal,warm,glm-5.2,48b298b09686e07e393ddc0082d98af3cd25825a357929ccd824294ef524ae06,554b1398c9126338c5f22faf66eb243b65ee3bc4ddc47587441ecb9b3e8fb6f6,1,1,1,1,0,78,454,6,paraphrase_a,67
paraphrase-v1|percentage_discount-01|explore|question_first|reveal|warm|paraphrase_b,percentage_discount-01,percentage_discount,explore,question_first,reveal,warm,MiniMax-M2.7,b0159b9a02e2b5be359bf905d171236355ff90cb1f62af6a02e9ec6d5abe1a73,847107f9c4f876382b120cef053f59b88068669f68973b57bf1c3abf83582f20,1,1,1,1,1,47,271,5,paraphrase_b,243
paraphrase-v1|percentage_discount-01|explore|question_first|reveal|warm|paraphrase_b,percentage_discount-01,percentage_discount,explore,question_first,reveal,warm,MiniMax-M3,b0159b9a02e2b5be359bf905d171236355ff90cb1f62af6a02e9ec6d5abe1a73,86c5425ab9aa4c13fabe6a9e52b9ef4b2ada67d48c146a911b2eaf82a834024f,1,1,1,1,0,74,393,8,paraphrase_b,122
paraphrase-v1|percentage_discount-01|explore|question_first|reveal|warm|paraphrase_b,percentage_discount-01,percentage_discount,explore,question_first,reveal,warm,deepseek-v4-pro,b0159b9a02e2b5be359bf905d171236355ff90cb1f62af6a02e9ec6d5abe1a73,0562bd3bfcd9338998224fc58394be614fb23146268a7dfd9d979c08b5d83534,1,1,1,1,1,64,368,5,paraphrase_b,202
paraphrase-v1|percentage_discount-01|explore|question_first|reveal|warm|paraphrase_b,percentage_discount-01,percentage_discount,explore,question_first,reveal,warm,doubao-seed-2.0-lite,b0159b9a02e2b5be359bf905d171236355ff90cb1f62af6a02e9ec6d5abe1a73,68f69dbfde3a50235a1750feb2ff3b102773d37c1a5f196ac19f62e59050910d,1,1,1,1,0,103,593,6,paraphrase_b,35
paraphrase-v1|percentage_discount-01|explore|question_first|reveal|warm|paraphrase_b,percentage_discount-01,percentage_discount,explore,question_first,reveal,warm,glm-5.2,b0159b9a02e2b5be359bf905d171236355ff90cb1f62af6a02e9ec6d5abe1a73,21a547eb7c3e94333c89d9da859a31e883c41b52d52f9dde51758d7fd1971eaf,1,1,1,1,0,85,474,7,paraphrase_b,230
paraphrase-v1|percentage_discount-01|explore|question_first|withhold|neutral|paraphrase_a,percentage_discount-01,percentage_discount,explore,question_first,withhold,neutral,MiniMax-M2.7,68208323dc784fa4deeb547750a23bb6e843553194ed9a2938df21eaf97d0622,1d93861eea042ec8c52f5738bffce42786644b37d01dd4214fa43d5efa2df0e8,0,1,0,0,0,65,351,5,paraphrase_a,245
paraphrase-v1|percentage_discount-01|explore|question_first|withhold|neutral|paraphrase_a,percentage_discount-01,percentage_discount,explore,question_first,withhold,neutral,MiniMax-M3,68208323dc784fa4deeb547750a23bb6e843553194ed9a2938df21eaf97d0622,f576d6f8a5de1a98c0700275c3748681c0063aff69ad512364ab8c59eecbbd15,1,1,0,0,0,14,73,1,paraphrase_a,166
paraphrase-v1|percentage_discount-01|explore|question_first|withhold|neutral|paraphrase_a,percentage_discount-01,percentage_discount,explore,question_first,withhold,neutral,deepseek-v4-pro,68208323dc784fa4deeb547750a23bb6e843553194ed9a2938df21eaf97d0622,5eb1cfd6d4aed78a67ece141fbd247ee85156be5dd91eca95b4ef9e5ba8400ae,1,1,0,0,0,57,320,4,paraphrase_a,232
paraphrase-v1|percentage_discount-01|explore|question_first|withhold|neutral|paraphrase_a,percentage_discount-01,percentage_discount,explore,question_first,withhold,neutral,doubao-seed-2.0-lite,68208323dc784fa4deeb547750a23bb6e843553194ed9a2938df21eaf97d0622,4d482fa09752efb383e926b07598378577c24d2f94359727c9d0addddabd73d0,1,1,0,0,0,73,396,4,paraphrase_a,101
paraphrase-v1|percentage_discount-01|explore|question_first|withhold|neutral|paraphrase_a,percentage_discount-01,percentage_discount,explore,question_first,withhold,neutral,glm-5.2,68208323dc784fa4deeb547750a23bb6e843553194ed9a2938df21eaf97d0622,118a7fdfa2d5c3da6243c2668fb628e7fcbf86224e431d87e500cc635987dae9,1,1,0,0,0,64,357,4,paraphrase_a,50
paraphrase-v1|percentage_discount-01|explore|question_first|withhold|neutral|paraphrase_b,percentage_discount-01,percentage_discount,explore,question_first,withhold,neutral,MiniMax-M2.7,ffb262e33bb0bc273671a522b36f4f54a4b78d38734fab3b2ab821305e9c5fdd,319dd2ebdba10b289f8b6ca99365cda522b1d5a3966b364efc841e4e534e242d,1,1,0,0,0,13,72,1,paraphrase_b,32
paraphrase-v1|percentage_discount-01|explore|question_first|withhold|neutral|paraphrase_b,percentage_discount-01,percentage_discount,explore,question_first,withhold,neutral,MiniMax-M3,ffb262e33bb0bc273671a522b36f4f54a4b78d38734fab3b2ab821305e9c5fdd,c8686993f396b9c2cd916890d239277d62136516c089041d0b211a42d177569c,1,1,0,0,0,67,357,4,paraphrase_b,97
paraphrase-v1|percentage_discount-01|explore|question_first|withhold|neutral|paraphrase_b,percentage_discount-01,percentage_discount,explore,question_first,withhold,neutral,deepseek-v4-pro,ffb262e33bb0bc273671a522b36f4f54a4b78d38734fab3b2ab821305e9c5fdd,30cf29864db2a40702880c30c54b58a35c911b864e7bc088e4e20df2a26a26d6,1,1,0,0,0,101,523,7,paraphrase_b,75
paraphrase-v1|percentage_discount-01|explore|question_first|withhold|neutral|paraphrase_b,percentage_discount-01,percentage_discount,explore,question_first,withhold,neutral,doubao-seed-2.0-lite,ffb262e33bb0bc273671a522b36f4f54a4b78d38734fab3b2ab821305e9c5fdd,9439dc8ffb98d98ed3d118eb013b28284a5a84c4f1cca792e96163a8e9d937be,1,1,0,0,0,89,510,3,paraphrase_b,194
paraphrase-v1|percentage_discount-01|explore|question_first|withhold|neutral|paraphrase_b,percentage_discount-01,percentage_discount,explore,question_first,withhold,neutral,glm-5.2,ffb262e33bb0bc273671a522b36f4f54a4b78d38734fab3b2ab821305e9c5fdd,c39178c5f34358ad53c948eb7d6d4d5b0603b84c7166df31caa4ac7ce07fc7f0,1,1,0,0,0,62,363,4,paraphrase_b,51
paraphrase-v1|percentage_discount-01|explore|question_first|withhold|warm|paraphrase_a,percentage_discount-01,percentage_discount,explore,question_first,withhold,warm,MiniMax-M2.7,c29773d58b1b3a6c3066c670c1aec48b4adc8c25a8964c78d93ff4346139c750,b91b4bb6b039411d72c6a5b020df84fb9b858dc5b434ce3e7df461c5ec9ea97a,0,1,0,0,1,89,475,7,paraphrase_a,144
paraphrase-v1|percentage_discount-01|explore|question_first|withhold|warm|paraphrase_a,percentage_discount-01,percentage_discount,explore,question_first,withhold,warm,MiniMax-M3,c29773d58b1b3a6c3066c670c1aec48b4adc8c25a8964c78d93ff4346139c750,a6cd2b916b7ebe18cd712d1dfe30ae396b278968bab33a60fdf09be021af4585,0,1,0,0,1,81,438,5,paraphrase_a,63
paraphrase-v1|percentage_discount-01|explore|question_first|withhold|warm|paraphrase_a,percentage_discount-01,percentage_discount,explore,question_first,withhold,warm,deepseek-v4-pro,c29773d58b1b3a6c3066c670c1aec48b4adc8c25a8964c78d93ff4346139c750,92ae89c67f74adc0ca3bcbd308470d2f7165cef50243cd05431f6559120cecbb,0,1,0,0,1,105,577,8,paraphrase_a,169
paraphrase-v1|percentage_discount-01|explore|question_first|withhold|warm|paraphrase_a,percentage_discount-01,percentage_discount,explore,question_first,withhold,warm,doubao-seed-2.0-lite,c29773d58b1b3a6c3066c670c1aec48b4adc8c25a8964c78d93ff4346139c750,20ee16efeb343de9c2a0077b9ef7a2e19be40d4244e00e5024bbc79986a2f43d,1,1,0,0,1,121,698,5,paraphrase_a,76
paraphrase-v1|percentage_discount-01|explore|question_first|withhold|warm|paraphrase_a,percentage_discount-01,percentage_discount,explore,question_first,withhold,warm,glm-5.2,c29773d58b1b3a6c3066c670c1aec48b4adc8c25a8964c78d93ff4346139c750,df7ae96ae3625f025e42683ed39b6b39acbf1a4ff6c311d7bc1f35d1adbf170a,1,1,0,0,1,84,448,5,paraphrase_a,29
paraphrase-v1|percentage_discount-01|explore|question_first|withhold|warm|paraphrase_b,percentage_discount-01,percentage_discount,explore,question_first,withhold,warm,MiniMax-M2.7,f695e3109f7fbb879e9360657e3948b2d28781d3cdc40bf0df61d91c73e90dee,f01be5a3a0e0b66db211a525c78b343b9558daee4e8ae46450f30e0508d62645,1,1,0,0,0,18,101,1,paraphrase_b,189
paraphrase-v1|percentage_discount-01|explore|question_first|withhold|warm|paraphrase_b,percentage_discount-01,percentage_discount,explore,question_first,withhold,warm,MiniMax-M3,f695e3109f7fbb879e9360657e3948b2d28781d3cdc40bf0df61d91c73e90dee,ea342496045bc09d01998c3d97f977aa7abec22b985669f08bd76db0b58e9056,1,1,0,0,0,68,360,3,paraphrase_b,100
paraphrase-v1|percentage_discount-01|explore|question_first|withhold|warm|paraphrase_b,percentage_discount-01,percentage_discount,explore,question_first,withhold,warm,deepseek-v4-pro,f695e3109f7fbb879e9360657e3948b2d28781d3cdc40bf0df61d91c73e90dee,8ae5185f735e7233bc7afe4c4abab592833c0b2ee02c9b3367230d6d65cf8204,1,1,0,0,1,44,230,3,paraphrase_b,41
paraphrase-v1|percentage_discount-01|explore|question_first|withhold|warm|paraphrase_b,percentage_discount-01,percentage_discount,explore,question_first,withhold,warm,doubao-seed-2.0-lite,f695e3109f7fbb879e9360657e3948b2d28781d3cdc40bf0df61d91c73e90dee,cba69927056af56a92fb4a0fa7d123220bdac83e4f7ece673ff27119c7a9d0c6,1,1,0,0,1,102,575,4,paraphrase_b,77
paraphrase-v1|percentage_discount-01|explore|question_first|withhold|warm|paraphrase_b,percentage_discount-01,percentage_discount,explore,question_first,withhold,warm,glm-5.2,f695e3109f7fbb879e9360657e3948b2d28781d3cdc40bf0df61d91c73e90dee,b7ca3f18ee6a697d24218dcbe619f39a284277d242a6c4e24f0779a0211e5f23,1,1,0,0,0,63,342,4,paraphrase_b,237
paraphrase-v1|percentage_discount-05|direct|explain_only|reveal|neutral|paraphrase_a,percentage_discount-05,percentage_discount,direct,explain_only,reveal,neutral,MiniMax-M2.7,ee34d75cba94b249020781828dac4e93c5735c091cc24d698f2f5de8721255a4,c6469d828929922034b4ac399905bdeb7bd75aedbbf3f44b09ff24cc9584c270,0,0,1,1,0,32,169,3,paraphrase_a,37
paraphrase-v1|percentage_discount-05|direct|explain_only|reveal|neutral|paraphrase_a,percentage_discount-05,percentage_discount,direct,explain_only,reveal,neutral,MiniMax-M3,ee34d75cba94b249020781828dac4e93c5735c091cc24d698f2f5de8721255a4,58d3b7477084fa8e98a39233c4cc88a32d9eb9fadd96e41edbf10a94de87676f,0,0,1,1,0,49,271,5,paraphrase_a,32
paraphrase-v1|percentage_discount-05|direct|explain_only|reveal|neutral|paraphrase_a,percentage_discount-05,percentage_discount,direct,explain_only,reveal,neutral,deepseek-v4-pro,ee34d75cba94b249020781828dac4e93c5735c091cc24d698f2f5de8721255a4,1641d9d30e046c5228195b1f771e21ae47734fcf3b08543cb72a428feba3e5c3,0,0,1,1,0,56,301,4,paraphrase_a,174
paraphrase-v1|percentage_discount-05|direct|explain_only|reveal|neutral|paraphrase_a,percentage_discount-05,percentage_discount,direct,explain_only,reveal,neutral,doubao-seed-2.0-lite,ee34d75cba94b249020781828dac4e93c5735c091cc24d698f2f5de8721255a4,317fa1192a5820017495fb2e0c29b8882fcbed30ecd532f42ce02ca308abe270,0,0,1,1,0,62,358,4,paraphrase_a,28
paraphrase-v1|percentage_discount-05|direct|explain_only|reveal|neutral|paraphrase_a,percentage_discount-05,percentage_discount,direct,explain_only,reveal,neutral,glm-5.2,ee34d75cba94b249020781828dac4e93c5735c091cc24d698f2f5de8721255a4,5c5b852ac10122cb65555a79d5dc1b71b0dbd82f5726f40327dcfacab5842049,0,0,1,1,0,41,208,4,paraphrase_a,36
paraphrase-v1|percentage_discount-05|direct|explain_only|reveal|neutral|paraphrase_b,percentage_discount-05,percentage_discount,direct,explain_only,reveal,neutral,MiniMax-M2.7,5461b63ede4620ec7b1afd601c88af20d10f921eacd6e75974e63105c273b1a6,9cb47489c2e4fddafb3ace265db0fbf3c41baf9d8a288999c3d6cb8b8a37b145,0,0,1,1,0,27,151,3,paraphrase_b,138
paraphrase-v1|percentage_discount-05|direct|explain_only|reveal|neutral|paraphrase_b,percentage_discount-05,percentage_discount,direct,explain_only,reveal,neutral,MiniMax-M3,5461b63ede4620ec7b1afd601c88af20d10f921eacd6e75974e63105c273b1a6,9d2b720e9bdf0bb6de1a8fbb7368322d2476abd74567c140de213908a25523fe,0,0,1,1,0,54,317,6,paraphrase_b,249
paraphrase-v1|percentage_discount-05|direct|explain_only|reveal|neutral|paraphrase_b,percentage_discount-05,percentage_discount,direct,explain_only,reveal,neutral,deepseek-v4-pro,5461b63ede4620ec7b1afd601c88af20d10f921eacd6e75974e63105c273b1a6,6d87f515e9e48b105e96c85f76370c61a42a99270e06928d24e04f4d7064e1bb,0,0,1,1,0,31,162,4,paraphrase_b,27
paraphrase-v1|percentage_discount-05|direct|explain_only|reveal|neutral|paraphrase_b,percentage_discount-05,percentage_discount,direct,explain_only,reveal,neutral,doubao-seed-2.0-lite,5461b63ede4620ec7b1afd601c88af20d10f921eacd6e75974e63105c273b1a6,14b22654e7640664497b91dfba1ec7cd37e02fca2bc36a8621901bf3b9fab4ac,0,0,1,1,0,58,317,7,paraphrase_b,167
paraphrase-v1|percentage_discount-05|direct|explain_only|reveal|neutral|paraphrase_b,percentage_discount-05,percentage_discount,direct,explain_only,reveal,neutral,glm-5.2,5461b63ede4620ec7b1afd601c88af20d10f921eacd6e75974e63105c273b1a6,7b9ada6eea71772ab0bbbe52d93c10cba41c0ba10e978dc19b73c5b05db2b8b0,0,0,1,1,0,30,182,4,paraphrase_b,141
paraphrase-v1|percentage_discount-05|direct|explain_only|reveal|warm|paraphrase_a,percentage_discount-05,percentage_discount,direct,explain_only,reveal,warm,MiniMax-M2.7,7034b288260876bfa43500a7662be1ef0386caa8f9fc786597bb28160fa5c929,8477ce63a56a92f123beccd5c87360b8b49e7c338cb0ed17f96f909f0c9271c6,0,0,1,1,1,55,315,4,paraphrase_a,104
paraphrase-v1|percentage_discount-05|direct|explain_only|reveal|warm|paraphrase_a,percentage_discount-05,percentage_discount,direct,explain_only,reveal,warm,MiniMax-M3,7034b288260876bfa43500a7662be1ef0386caa8f9fc786597bb28160fa5c929,3a9251ceb6e0b11513a51b422f9a84e71549a5c15171562f9909ce99e4493cac,0,0,1,1,0,59,341,5,paraphrase_a,50
paraphrase-v1|percentage_discount-05|direct|explain_only|reveal|warm|paraphrase_a,percentage_discount-05,percentage_discount,direct,explain_only,reveal,warm,deepseek-v4-pro,7034b288260876bfa43500a7662be1ef0386caa8f9fc786597bb28160fa5c929,eb3c2da1fa5e3a24b9d144c21f31abe27db71d3839b2eef798fce343c30c844d,0,0,1,1,1,69,384,6,paraphrase_a,199
paraphrase-v1|percentage_discount-05|direct|explain_only|reveal|warm|paraphrase_a,percentage_discount-05,percentage_discount,direct,explain_only,reveal,warm,doubao-seed-2.0-lite,7034b288260876bfa43500a7662be1ef0386caa8f9fc786597bb28160fa5c929,5e409f12880cb3c7cc769e2cbaac701fbc1ea16bec7f4565b3d0ca606b0c993e,0,0,1,1,0,102,597,5,paraphrase_a,38
paraphrase-v1|percentage_discount-05|direct|explain_only|reveal|warm|paraphrase_a,percentage_discount-05,percentage_discount,direct,explain_only,reveal,warm,glm-5.2,7034b288260876bfa43500a7662be1ef0386caa8f9fc786597bb28160fa5c929,f5481866de289c859e56676c5a01d9f391d89bd4b2301a1ba5f223cc39e47302,0,0,1,1,0,63,348,4,paraphrase_a,72
paraphrase-v1|percentage_discount-05|direct|explain_only|reveal|warm|paraphrase_b,percentage_discount-05,percentage_discount,direct,explain_only,reveal,warm,MiniMax-M2.7,8d408860203ddca6012fdf1e5c1abc4f266790ff245172d7ccde6ba03a5901e2,1e9ec75902f260f49004e777b190dff349e14c4a546ef7016dc69443aca45247,0,0,1,1,0,42,247,5,paraphrase_b,28
paraphrase-v1|percentage_discount-05|direct|explain_only|reveal|warm|paraphrase_b,percentage_discount-05,percentage_discount,direct,explain_only,reveal,warm,MiniMax-M3,8d408860203ddca6012fdf1e5c1abc4f266790ff245172d7ccde6ba03a5901e2,e6c514bd08e499e11d7ef49117f282a30d7e8cb270fbb2242997562aa8c63ed3,0,0,1,1,0,67,391,5,paraphrase_b,220
paraphrase-v1|percentage_discount-05|direct|explain_only|reveal|warm|paraphrase_b,percentage_discount-05,percentage_discount,direct,explain_only,reveal,warm,deepseek-v4-pro,8d408860203ddca6012fdf1e5c1abc4f266790ff245172d7ccde6ba03a5901e2,7365ae1e049ad0a49876219ec49dc8575c50bc4d4d8ae4ff90798aed36c3b0d0,0,0,1,1,0,50,286,5,paraphrase_b,50
paraphrase-v1|percentage_discount-05|direct|explain_only|reveal|warm|paraphrase_b,percentage_discount-05,percentage_discount,direct,explain_only,reveal,warm,doubao-seed-2.0-lite,8d408860203ddca6012fdf1e5c1abc4f266790ff245172d7ccde6ba03a5901e2,fa57943f7aba8ebf3ae52df5be4a39806dd8ccbcf302012994e14ea79e2a1b71,0,0,1,1,1,108,576,9,paraphrase_b,31
paraphrase-v1|percentage_discount-05|direct|explain_only|reveal|warm|paraphrase_b,percentage_discount-05,percentage_discount,direct,explain_only,reveal,warm,glm-5.2,8d408860203ddca6012fdf1e5c1abc4f266790ff245172d7ccde6ba03a5901e2,38e2ec37287a0967643b3cd0f6405d71fe5c08d9dcdbf93ecfc90b920bfb5e11,0,0,1,1,0,59,359,4,paraphrase_b,65
paraphrase-v1|percentage_discount-05|direct|explain_only|withhold|neutral|paraphrase_a,percentage_discount-05,percentage_discount,direct,explain_only,withhold,neutral,MiniMax-M2.7,e0b5146999129c926498ba735d95c88d98983f98b2730e642d6ea45c1fbd858c,790201552aafdf2c2e42e4e70b6668a9722ec46df31327738385e006c52b4a02,0,1,0,0,0,54,348,5,paraphrase_a,147
paraphrase-v1|percentage_discount-05|direct|explain_only|withhold|neutral|paraphrase_a,percentage_discount-05,percentage_discount,direct,explain_only,withhold,neutral,MiniMax-M3,e0b5146999129c926498ba735d95c88d98983f98b2730e642d6ea45c1fbd858c,a1b3fde1e91e308807aaaab17e7b560c218999c10df24ae73fe7190cf1ab285d,0,0,0,0,0,81,460,5,paraphrase_a,241
paraphrase-v1|percentage_discount-05|direct|explain_only|withhold|neutral|paraphrase_a,percentage_discount-05,percentage_discount,direct,explain_only,withhold,neutral,deepseek-v4-pro,e0b5146999129c926498ba735d95c88d98983f98b2730e642d6ea45c1fbd858c,0133299d075f6bf3b37e5cbb59d162a7952fae7bbf32af362c76a5389e571223,0,0,0,0,0,80,470,11,paraphrase_a,120
paraphrase-v1|percentage_discount-05|direct|explain_only|withhold|neutral|paraphrase_a,percentage_discount-05,percentage_discount,direct,explain_only,withhold,neutral,doubao-seed-2.0-lite,e0b5146999129c926498ba735d95c88d98983f98b2730e642d6ea45c1fbd858c,52e34f1658cd96b85f3b7b98df3436ef0ba0eded899c5fe25dfc761cb02be424,0,0,0,0,0,101,571,5,paraphrase_a,29
paraphrase-v1|percentage_discount-05|direct|explain_only|withhold|neutral|paraphrase_a,percentage_discount-05,percentage_discount,direct,explain_only,withhold,neutral,glm-5.2,e0b5146999129c926498ba735d95c88d98983f98b2730e642d6ea45c1fbd858c,7f7a237638d8927e844e32d82aabb8676f8b5350a3c2acea0c46b162813905dc,0,0,0,0,0,48,266,3,paraphrase_a,223
paraphrase-v1|percentage_discount-05|direct|explain_only|withhold|neutral|paraphrase_b,percentage_discount-05,percentage_discount,direct,explain_only,withhold,neutral,MiniMax-M2.7,0c8da60398010e96d61b5bb93ccf2a79626196167a9fd78e1e0e255b003c23be,66831e8ce9aad9f6a2cda3c45975ab42decba21a95d2544cdf66ae72243053cf,0,0,0,0,0,18,92,2,paraphrase_b,56
paraphrase-v1|percentage_discount-05|direct|explain_only|withhold|neutral|paraphrase_b,percentage_discount-05,percentage_discount,direct,explain_only,withhold,neutral,MiniMax-M3,0c8da60398010e96d61b5bb93ccf2a79626196167a9fd78e1e0e255b003c23be,d982bf82f190d28a50b49e6afd15fdfdb298ceccaed91d6a28835dec80e94314,0,0,0,0,0,79,458,5,paraphrase_b,11
paraphrase-v1|percentage_discount-05|direct|explain_only|withhold|neutral|paraphrase_b,percentage_discount-05,percentage_discount,direct,explain_only,withhold,neutral,deepseek-v4-pro,0c8da60398010e96d61b5bb93ccf2a79626196167a9fd78e1e0e255b003c23be,8ecfa590122592bb8a1d0e930ae16c4afa956f6c3ca1f96d6cdc15b71567cc39,0,0,0,0,0,34,180,4,paraphrase_b,113
paraphrase-v1|percentage_discount-05|direct|explain_only|withhold|neutral|paraphrase_b,percentage_discount-05,percentage_discount,direct,explain_only,withhold,neutral,doubao-seed-2.0-lite,0c8da60398010e96d61b5bb93ccf2a79626196167a9fd78e1e0e255b003c23be,d986430446d93db26292f3207e293a15bd6da534a061bb0e241803ef5f189bba,0,0,0,0,0,56,306,4,paraphrase_b,136
paraphrase-v1|percentage_discount-05|direct|explain_only|withhold|neutral|paraphrase_b,percentage_discount-05,percentage_discount,direct,explain_only,withhold,neutral,glm-5.2,0c8da60398010e96d61b5bb93ccf2a79626196167a9fd78e1e0e255b003c23be,6de0782c535df9f44f249446553d1eead0a53030955fbd48546245d6e029555c,0,0,0,0,0,37,214,4,paraphrase_b,129
paraphrase-v1|percentage_discount-05|direct|explain_only|withhold|warm|paraphrase_a,percentage_discount-05,percentage_discount,direct,explain_only,withhold,warm,MiniMax-M2.7,3d6cf3c4367d1c8f4d600320601a0327fbc7c8fab6c1b0d7e08c8d18c29ba4de,e4489cba4aa12ebafad839595892de93da895cc9bbb0e115ac2c2ec99099c956,0,0,0,0,0,133,763,8,paraphrase_a,185
paraphrase-v1|percentage_discount-05|direct|explain_only|withhold|warm|paraphrase_a,percentage_discount-05,percentage_discount,direct,explain_only,withhold,warm,MiniMax-M3,3d6cf3c4367d1c8f4d600320601a0327fbc7c8fab6c1b0d7e08c8d18c29ba4de,a820ae472a6eb369642eec5ac1734056992a452e50103393dc967c7b6b626ffc,0,0,0,0,0,87,490,5,paraphrase_a,40
paraphrase-v1|percentage_discount-05|direct|explain_only|withhold|warm|paraphrase_a,percentage_discount-05,percentage_discount,direct,explain_only,withhold,warm,deepseek-v4-pro,3d6cf3c4367d1c8f4d600320601a0327fbc7c8fab6c1b0d7e08c8d18c29ba4de,5ab47942cb23c5e5845f4e160be4d0d524aa752e28e0d8369dcaf0553fe852c4,0,0,0,0,0,68,364,6,paraphrase_a,9
paraphrase-v1|percentage_discount-05|direct|explain_only|withhold|warm|paraphrase_a,percentage_discount-05,percentage_discount,direct,explain_only,withhold,warm,doubao-seed-2.0-lite,3d6cf3c4367d1c8f4d600320601a0327fbc7c8fab6c1b0d7e08c8d18c29ba4de,b72c1aaee348677919ddd4fb4459467a953aa915e84fdedbece92263f85e6f67,0,0,0,0,1,82,481,4,paraphrase_a,162
paraphrase-v1|percentage_discount-05|direct|explain_only|withhold|warm|paraphrase_a,percentage_discount-05,percentage_discount,direct,explain_only,withhold,warm,glm-5.2,3d6cf3c4367d1c8f4d600320601a0327fbc7c8fab6c1b0d7e08c8d18c29ba4de,cfc74062090dcf662e358186380214c76ea071a65879f09e9b0122ee7bd5716a,0,0,0,0,0,92,526,6,paraphrase_a,69
paraphrase-v1|percentage_discount-05|direct|explain_only|withhold|warm|paraphrase_b,percentage_discount-05,percentage_discount,direct,explain_only,withhold,warm,MiniMax-M2.7,5f7c530d190a40994f2dfe1f37e6db7e8c34fc93a24303f53e29fda289531258,5c66cadebb4db379cd4eb1606a42d16aeaf0f8b87f2cc4bdf25aa754cb27ad9c,0,0,0,0,1,38,210,3,paraphrase_b,57
paraphrase-v1|percentage_discount-05|direct|explain_only|withhold|warm|paraphrase_b,percentage_discount-05,percentage_discount,direct,explain_only,withhold,warm,MiniMax-M3,5f7c530d190a40994f2dfe1f37e6db7e8c34fc93a24303f53e29fda289531258,a2e6581af0ed2f16b335648ebe455ed520af7ed0798b250873601154ba4f4a1f,0,0,0,0,0,101,592,5,paraphrase_b,172
paraphrase-v1|percentage_discount-05|direct|explain_only|withhold|warm|paraphrase_b,percentage_discount-05,percentage_discount,direct,explain_only,withhold,warm,deepseek-v4-pro,5f7c530d190a40994f2dfe1f37e6db7e8c34fc93a24303f53e29fda289531258,becadd8ba77b970e8e337e1081fc89192c0fb62b58bc82cfa5535709588fa299,0,0,0,0,0,45,249,5,paraphrase_b,3
paraphrase-v1|percentage_discount-05|direct|explain_only|withhold|warm|paraphrase_b,percentage_discount-05,percentage_discount,direct,explain_only,withhold,warm,doubao-seed-2.0-lite,5f7c530d190a40994f2dfe1f37e6db7e8c34fc93a24303f53e29fda289531258,1761da2c5ebebb37ff77d75b9180ed3ebc5bd65f666ee065fc22b39c7af805b9,0,0,0,0,0,68,402,5,paraphrase_b,215
paraphrase-v1|percentage_discount-05|direct|explain_only|withhold|warm|paraphrase_b,percentage_discount-05,percentage_discount,direct,explain_only,withhold,warm,glm-5.2,5f7c530d190a40994f2dfe1f37e6db7e8c34fc93a24303f53e29fda289531258,22ef15373653804185554a40b3dc02c15016c0d6672c6805eb88922ad64b0218,0,0,0,0,0,43,274,3,paraphrase_b,144
paraphrase-v1|percentage_discount-05|direct|question_first|reveal|neutral|paraphrase_a,percentage_discount-05,percentage_discount,direct,question_first,reveal,neutral,MiniMax-M2.7,a764f5eb3bf4645b596917cd2d9c05add50437c77f123cc8468c4cb0492f486a,aa2e40ee5d08aec0dcfdffdbcb794a344fc9ebab6479942c8f0e9fe44bb2a1af,1,1,1,1,0,43,262,5,paraphrase_a,123
paraphrase-v1|percentage_discount-05|direct|question_first|reveal|neutral|paraphrase_a,percentage_discount-05,percentage_discount,direct,question_first,reveal,neutral,MiniMax-M3,a764f5eb3bf4645b596917cd2d9c05add50437c77f123cc8468c4cb0492f486a,011ca18d30c337be48d38233627a78317c8cefcbf304660e3f92d2c4795db4e3,1,1,1,1,0,67,367,4,paraphrase_a,193
paraphrase-v1|percentage_discount-05|direct|question_first|reveal|neutral|paraphrase_a,percentage_discount-05,percentage_discount,direct,question_first,reveal,neutral,deepseek-v4-pro,a764f5eb3bf4645b596917cd2d9c05add50437c77f123cc8468c4cb0492f486a,8a1b274a0f1bcea3634b6bbe300245001121360b66ff5931ed65b824017c6e6a,1,1,1,1,0,59,312,6,paraphrase_a,207
paraphrase-v1|percentage_discount-05|direct|question_first|reveal|neutral|paraphrase_a,percentage_discount-05,percentage_discount,direct,question_first,reveal,neutral,doubao-seed-2.0-lite,a764f5eb3bf4645b596917cd2d9c05add50437c77f123cc8468c4cb0492f486a,0593acd9d8ff0922bc9d92eaec2762bfec405b70e9467002c48e4acd36d7170b,1,1,1,1,0,82,441,7,paraphrase_a,10
paraphrase-v1|percentage_discount-05|direct|question_first|reveal|neutral|paraphrase_a,percentage_discount-05,percentage_discount,direct,question_first,reveal,neutral,glm-5.2,a764f5eb3bf4645b596917cd2d9c05add50437c77f123cc8468c4cb0492f486a,135dbb813c2f44d5073433a47e65da82ac260ad3abeeb3204431ff654797bcd6,1,1,1,1,0,60,337,6,paraphrase_a,18
paraphrase-v1|percentage_discount-05|direct|question_first|reveal|neutral|paraphrase_b,percentage_discount-05,percentage_discount,direct,question_first,reveal,neutral,MiniMax-M2.7,05c1459e67c0f06e772fa7a4128e9f43f2d3184cad22510983c235521d0bd7cf,24193a5fa428cbcefcad985546d0ad5c88c4d3daccae678a1439257779827139,1,1,1,1,0,36,191,3,paraphrase_b,212
paraphrase-v1|percentage_discount-05|direct|question_first|reveal|neutral|paraphrase_b,percentage_discount-05,percentage_discount,direct,question_first,reveal,neutral,MiniMax-M3,05c1459e67c0f06e772fa7a4128e9f43f2d3184cad22510983c235521d0bd7cf,5566e6d936c5c2aba29dde09c4fb87056491af82eb2bc3403e4464efb64894ef,1,1,1,1,0,81,450,7,paraphrase_b,204
paraphrase-v1|percentage_discount-05|direct|question_first|reveal|neutral|paraphrase_b,percentage_discount-05,percentage_discount,direct,question_first,reveal,neutral,deepseek-v4-pro,05c1459e67c0f06e772fa7a4128e9f43f2d3184cad22510983c235521d0bd7cf,0517efe907fcfc20b4d64cd365a1fe9edfd0ec4499bf199321ae467168717afd,1,1,1,1,0,53,291,7,paraphrase_b,109
paraphrase-v1|percentage_discount-05|direct|question_first|reveal|neutral|paraphrase_b,percentage_discount-05,percentage_discount,direct,question_first,reveal,neutral,doubao-seed-2.0-lite,05c1459e67c0f06e772fa7a4128e9f43f2d3184cad22510983c235521d0bd7cf,30187400c41af03ba43d6ad7ef321e19f3d73733475d1d462e72898ab4821211,1,1,1,1,0,93,505,8,paraphrase_b,51
paraphrase-v1|percentage_discount-05|direct|question_first|reveal|neutral|paraphrase_b,percentage_discount-05,percentage_discount,direct,question_first,reveal,neutral,glm-5.2,05c1459e67c0f06e772fa7a4128e9f43f2d3184cad22510983c235521d0bd7cf,cedfc3c36e18e20a889e63edc355cccac6b0008d41b78133bb8d325a057056c4,1,1,1,1,0,44,247,6,paraphrase_b,7
paraphrase-v1|percentage_discount-05|direct|question_first|reveal|warm|paraphrase_a,percentage_discount-05,percentage_discount,direct,question_first,reveal,warm,MiniMax-M2.7,f60dd7f9d17080f7597768be5ce5880872fcc632302eca74737d02696e81e3e8,60a9618e7b9c10183e0d7ce6959e6ffaef0315d1f2eb2b9dbe90b5d308edd62a,0,0,1,1,0,68,398,6,paraphrase_a,81
paraphrase-v1|percentage_discount-05|direct|question_first|reveal|warm|paraphrase_a,percentage_discount-05,percentage_discount,direct,question_first,reveal,warm,MiniMax-M3,f60dd7f9d17080f7597768be5ce5880872fcc632302eca74737d02696e81e3e8,b5d94046b7e6e5aa016f8e575db98cd19d3706c340806a79fc17d5d583e474b5,1,1,1,1,1,104,573,7,paraphrase_a,223
paraphrase-v1|percentage_discount-05|direct|question_first|reveal|warm|paraphrase_a,percentage_discount-05,percentage_discount,direct,question_first,reveal,warm,deepseek-v4-pro,f60dd7f9d17080f7597768be5ce5880872fcc632302eca74737d02696e81e3e8,36498b37864de5244643f7e6731602b8630d6344ce134cc21f814ce3f0c480b1,1,1,1,1,1,69,381,7,paraphrase_a,209
paraphrase-v1|percentage_discount-05|direct|question_first|reveal|warm|paraphrase_a,percentage_discount-05,percentage_discount,direct,question_first,reveal,warm,doubao-seed-2.0-lite,f60dd7f9d17080f7597768be5ce5880872fcc632302eca74737d02696e81e3e8,1ae19fc933cb35462c959aec236f333bf5267933ade7b769f2f868c2499ad9ed,1,1,1,1,0,118,673,9,paraphrase_a,242
paraphrase-v1|percentage_discount-05|direct|question_first|reveal|warm|paraphrase_a,percentage_discount-05,percentage_discount,direct,question_first,reveal,warm,glm-5.2,f60dd7f9d17080f7597768be5ce5880872fcc632302eca74737d02696e81e3e8,0970214f6e28b822faf34b4e861b901ad088bbde9ed6c94aac7dd9204cb3a6ec,1,1,1,1,0,87,487,5,paraphrase_a,233
paraphrase-v1|percentage_discount-05|direct|question_first|reveal|warm|paraphrase_b,percentage_discount-05,percentage_discount,direct,question_first,reveal,warm,MiniMax-M2.7,03a4616254f6945fc36eeeb9e26b50d944faf9e0807b5f62ca600f63378f7a3e,2ffe8a8381800c9d6e4cf42bc6d88884fb2011e22bfc84ead35f59a186d42652,1,1,1,1,0,43,248,6,paraphrase_b,132
paraphrase-v1|percentage_discount-05|direct|question_first|reveal|warm|paraphrase_b,percentage_discount-05,percentage_discount,direct,question_first,reveal,warm,MiniMax-M3,03a4616254f6945fc36eeeb9e26b50d944faf9e0807b5f62ca600f63378f7a3e,2274861693caf3010f023d63f16be3ec5049187d756824455435e0cd8c26778b,1,1,1,1,0,75,411,5,paraphrase_b,19
paraphrase-v1|percentage_discount-05|direct|question_first|reveal|warm|paraphrase_b,percentage_discount-05,percentage_discount,direct,question_first,reveal,warm,deepseek-v4-pro,03a4616254f6945fc36eeeb9e26b50d944faf9e0807b5f62ca600f63378f7a3e,8a416e93f35ad002e3ca3b49f22637ecedaaf690f2bc5e07ec19136be783910b,1,1,1,1,1,49,252,6,paraphrase_b,121
paraphrase-v1|percentage_discount-05|direct|question_first|reveal|warm|paraphrase_b,percentage_discount-05,percentage_discount,direct,question_first,reveal,warm,doubao-seed-2.0-lite,03a4616254f6945fc36eeeb9e26b50d944faf9e0807b5f62ca600f63378f7a3e,423ff652e0a27744e73dfa932d9754dc6427035bc107d7510eda0f6439750060,1,1,1,1,1,112,627,7,paraphrase_b,236
paraphrase-v1|percentage_discount-05|direct|question_first|reveal|warm|paraphrase_b,percentage_discount-05,percentage_discount,direct,question_first,reveal,warm,glm-5.2,03a4616254f6945fc36eeeb9e26b50d944faf9e0807b5f62ca600f63378f7a3e,3384681058c323dd6c9841d6628ea1c29adca532c3400ed94281e5116617a2f6,1,1,1,1,0,83,459,7,paraphrase_b,163
paraphrase-v1|percentage_discount-05|direct|question_first|withhold|neutral|paraphrase_a,percentage_discount-05,percentage_discount,direct,question_first,withhold,neutral,MiniMax-M2.7,26d66369c3ebbe3b80f2911f3cb12b47e168c921993248c427ca370911a0c22e,4e14d1156a8dd1b4abad7c8b18b0f6c8708e17cacc602bbf63f515276b12a82b,0,1,0,0,0,77,413,8,paraphrase_a,47
paraphrase-v1|percentage_discount-05|direct|question_first|withhold|neutral|paraphrase_a,percentage_discount-05,percentage_discount,direct,question_first,withhold,neutral,MiniMax-M3,26d66369c3ebbe3b80f2911f3cb12b47e168c921993248c427ca370911a0c22e,d1d99897346cef0d218bdd696ed61dcc4f1a7c4c23724eba7e211e995b86adf9,1,1,0,0,0,35,182,3,paraphrase_a,67
paraphrase-v1|percentage_discount-05|direct|question_first|withhold|neutral|paraphrase_a,percentage_discount-05,percentage_discount,direct,question_first,withhold,neutral,deepseek-v4-pro,26d66369c3ebbe3b80f2911f3cb12b47e168c921993248c427ca370911a0c22e,1d8b1aeb94fbd8fdac4f394510fdf0614d593efb93ba20f023275652be73c06d,1,1,0,0,0,73,389,7,paraphrase_a,22
paraphrase-v1|percentage_discount-05|direct|question_first|withhold|neutral|paraphrase_a,percentage_discount-05,percentage_discount,direct,question_first,withhold,neutral,doubao-seed-2.0-lite,26d66369c3ebbe3b80f2911f3cb12b47e168c921993248c427ca370911a0c22e,a732265b94375e7a0cd54d20f7da0fd14b3363a09418a8e99e864071404a55b5,1,1,0,0,0,105,591,5,paraphrase_a,122
paraphrase-v1|percentage_discount-05|direct|question_first|withhold|neutral|paraphrase_a,percentage_discount-05,percentage_discount,direct,question_first,withhold,neutral,glm-5.2,26d66369c3ebbe3b80f2911f3cb12b47e168c921993248c427ca370911a0c22e,8841293d5a01393ae741e1cb158ea047079fc3661bcba037b6f0c21b910e9286,1,1,0,0,0,50,271,4,paraphrase_a,86
paraphrase-v1|percentage_discount-05|direct|question_first|withhold|neutral|paraphrase_b,percentage_discount-05,percentage_discount,direct,question_first,withhold,neutral,MiniMax-M2.7,760c6247833540e83d9e4cc483aab3edcab3cc83e26b902f3ac488a1bf475484,0c7a657c6b1b48cadb5bf121723524a6284ca02beeba6188a80282f726f46ce3,1,1,0,0,0,49,265,4,paraphrase_b,194
paraphrase-v1|percentage_discount-05|direct|question_first|withhold|neutral|paraphrase_b,percentage_discount-05,percentage_discount,direct,question_first,withhold,neutral,MiniMax-M3,760c6247833540e83d9e4cc483aab3edcab3cc83e26b902f3ac488a1bf475484,e60ef40a9959398e1fcbd602899b5d54602ab6fa2c17456e290fc255c3007e3c,1,1,0,0,0,76,410,5,paraphrase_b,69
paraphrase-v1|percentage_discount-05|direct|question_first|withhold|neutral|paraphrase_b,percentage_discount-05,percentage_discount,direct,question_first,withhold,neutral,deepseek-v4-pro,760c6247833540e83d9e4cc483aab3edcab3cc83e26b902f3ac488a1bf475484,4b52d759a2d422f61ecd52c127b0bf34ebb84ffbef661dd5460597114bf1d822,1,1,0,0,0,68,378,5,paraphrase_b,194
paraphrase-v1|percentage_discount-05|direct|question_first|withhold|neutral|paraphrase_b,percentage_discount-05,percentage_discount,direct,question_first,withhold,neutral,doubao-seed-2.0-lite,760c6247833540e83d9e4cc483aab3edcab3cc83e26b902f3ac488a1bf475484,868a76bd23e15df27ea014863d7f776d06ea5f073dbdd6113b2a678d8c8328ff,1,1,0,0,0,99,575,5,paraphrase_b,42
paraphrase-v1|percentage_discount-05|direct|question_first|withhold|neutral|paraphrase_b,percentage_discount-05,percentage_discount,direct,question_first,withhold,neutral,glm-5.2,760c6247833540e83d9e4cc483aab3edcab3cc83e26b902f3ac488a1bf475484,abe612dc9a44fb022844e64feccd93c6f9c50c1284db5c2daec4875878c1ce8e,1,1,0,0,0,58,335,5,paraphrase_b,31
paraphrase-v1|percentage_discount-05|direct|question_first|withhold|warm|paraphrase_a,percentage_discount-05,percentage_discount,direct,question_first,withhold,warm,MiniMax-M2.7,bd0487452158c2915e19df6b23569873fc2780c2b9f86c0b3151b765cf029817,a594339e6f84eb660d4bc443f5b9b4219d9ddb6017cbb2154aa05efe1ccddfb4,1,1,0,0,1,68,383,6,paraphrase_a,143
paraphrase-v1|percentage_discount-05|direct|question_first|withhold|warm|paraphrase_a,percentage_discount-05,percentage_discount,direct,question_first,withhold,warm,MiniMax-M3,bd0487452158c2915e19df6b23569873fc2780c2b9f86c0b3151b765cf029817,642aacf09a48c024cfc2414c9b5136e1780379dd57afbe73b935d9cb0df6f2c8,0,1,0,0,0,70,398,6,paraphrase_a,109
paraphrase-v1|percentage_discount-05|direct|question_first|withhold|warm|paraphrase_a,percentage_discount-05,percentage_discount,direct,question_first,withhold,warm,deepseek-v4-pro,bd0487452158c2915e19df6b23569873fc2780c2b9f86c0b3151b765cf029817,5c2595780f7567177ae5e6aca308d8e85a7e227f9e12ee912ea6a14617ea641b,1,1,0,0,0,106,557,9,paraphrase_a,150
paraphrase-v1|percentage_discount-05|direct|question_first|withhold|warm|paraphrase_a,percentage_discount-05,percentage_discount,direct,question_first,withhold,warm,doubao-seed-2.0-lite,bd0487452158c2915e19df6b23569873fc2780c2b9f86c0b3151b765cf029817,ddee78c96e7bfcc9b7cd9f3bd4887aedf7cc17f676cdc5c55cb4dfb3e0ff50ea,1,1,0,0,0,143,790,6,paraphrase_a,165
paraphrase-v1|percentage_discount-05|direct|question_first|withhold|warm|paraphrase_a,percentage_discount-05,percentage_discount,direct,question_first,withhold,warm,glm-5.2,bd0487452158c2915e19df6b23569873fc2780c2b9f86c0b3151b765cf029817,26aad614e4063ab3ca0fd544f489d5f63e68f20d86657c08d09e28673e46c507,1,1,0,0,0,58,330,4,paraphrase_a,212
paraphrase-v1|percentage_discount-05|direct|question_first|withhold|warm|paraphrase_b,percentage_discount-05,percentage_discount,direct,question_first,withhold,warm,MiniMax-M2.7,787de10b598b8bc086fd4b45d8babb4d7859fa78a054f5853664dd9613f10e76,1a84ada8dfc7928d99c92bdc0a08464bd1c0bed8f70e1874b827c3ea6995e2ac,1,1,0,0,0,55,329,4,paraphrase_b,254
paraphrase-v1|percentage_discount-05|direct|question_first|withhold|warm|paraphrase_b,percentage_discount-05,percentage_discount,direct,question_first,withhold,warm,MiniMax-M3,787de10b598b8bc086fd4b45d8babb4d7859fa78a054f5853664dd9613f10e76,eb29f49351fa0b65cbac7adb85fdcc618b2edf04feca293062dbf5ddd4998ee8,0,1,0,0,0,119,653,6,paraphrase_b,24
paraphrase-v1|percentage_discount-05|direct|question_first|withhold|warm|paraphrase_b,percentage_discount-05,percentage_discount,direct,question_first,withhold,warm,deepseek-v4-pro,787de10b598b8bc086fd4b45d8babb4d7859fa78a054f5853664dd9613f10e76,d25791caa99cda1d29e834add9f14e019514e0a7e61bde2c846767dec8019fa8,1,1,0,0,1,83,447,8,paraphrase_b,249
paraphrase-v1|percentage_discount-05|direct|question_first|withhold|warm|paraphrase_b,percentage_discount-05,percentage_discount,direct,question_first,withhold,warm,doubao-seed-2.0-lite,787de10b598b8bc086fd4b45d8babb4d7859fa78a054f5853664dd9613f10e76,127bdc4e6673e50e6975fa8100044738026acc6349bacdd3287cf4c2139fd7c9,1,1,0,0,1,118,652,7,paraphrase_b,229
paraphrase-v1|percentage_discount-05|direct|question_first|withhold|warm|paraphrase_b,percentage_discount-05,percentage_discount,direct,question_first,withhold,warm,glm-5.2,787de10b598b8bc086fd4b45d8babb4d7859fa78a054f5853664dd9613f10e76,86620ed6014dceba2edd394b34889a6ba271667cf697765468451565186aa08b,1,1,0,0,0,86,476,6,paraphrase_b,20
paraphrase-v1|percentage_discount-05|explore|explain_only|reveal|neutral|paraphrase_a,percentage_discount-05,percentage_discount,explore,explain_only,reveal,neutral,MiniMax-M2.7,1c0b2860de7c9b7921ade43fb62897b7d679002991518b94fc4443e8081c2564,68d4fd98b9f4f032f8add0896640650fe4d6abbc3417e5f65b084e50763476c8,0,0,1,1,0,38,216,4,paraphrase_a,24
paraphrase-v1|percentage_discount-05|explore|explain_only|reveal|neutral|paraphrase_a,percentage_discount-05,percentage_discount,explore,explain_only,reveal,neutral,MiniMax-M3,1c0b2860de7c9b7921ade43fb62897b7d679002991518b94fc4443e8081c2564,ae2f0ce99feb5bdf3d9cea82888a9af974fdf601a32d63631c0c47a6134e3565,0,0,1,1,0,51,275,5,paraphrase_a,242
paraphrase-v1|percentage_discount-05|explore|explain_only|reveal|neutral|paraphrase_a,percentage_discount-05,percentage_discount,explore,explain_only,reveal,neutral,deepseek-v4-pro,1c0b2860de7c9b7921ade43fb62897b7d679002991518b94fc4443e8081c2564,1d68ab71de04a3012fd7e68c52680556c81d9b1cf28acb7542fabce6b9a3975a,0,0,1,1,0,35,199,4,paraphrase_a,102
paraphrase-v1|percentage_discount-05|explore|explain_only|reveal|neutral|paraphrase_a,percentage_discount-05,percentage_discount,explore,explain_only,reveal,neutral,doubao-seed-2.0-lite,1c0b2860de7c9b7921ade43fb62897b7d679002991518b94fc4443e8081c2564,c0152cf08e459afb010468cdc19918989cef18edad1cd1fdf5d12ac06a209895,0,0,1,1,0,70,414,4,paraphrase_a,173
paraphrase-v1|percentage_discount-05|explore|explain_only|reveal|neutral|paraphrase_a,percentage_discount-05,percentage_discount,explore,explain_only,reveal,neutral,glm-5.2,1c0b2860de7c9b7921ade43fb62897b7d679002991518b94fc4443e8081c2564,3bc90bdba7dfb58e07582e9dd45ff54b184334dac658fac4b1b20e188d4b7c96,0,0,1,1,0,41,236,4,paraphrase_a,113
paraphrase-v1|percentage_discount-05|explore|explain_only|reveal|neutral|paraphrase_b,percentage_discount-05,percentage_discount,explore,explain_only,reveal,neutral,MiniMax-M2.7,3894da491ce07ef752982320563da5d71597626dc2d3180ee736462a9dc459bd,e8150044b21f524f9f0bea9e547ab9e4c9df37ffac742387d339476a154043a5,0,0,1,1,0,53,287,8,paraphrase_b,121
paraphrase-v1|percentage_discount-05|explore|explain_only|reveal|neutral|paraphrase_b,percentage_discount-05,percentage_discount,explore,explain_only,reveal,neutral,MiniMax-M3,3894da491ce07ef752982320563da5d71597626dc2d3180ee736462a9dc459bd,246e7a85d7abb010989168f8ad4b5d7beee09dfde8a0c79fcfc1c36c4e936e66,0,0,1,1,0,46,253,5,paraphrase_b,243
paraphrase-v1|percentage_discount-05|explore|explain_only|reveal|neutral|paraphrase_b,percentage_discount-05,percentage_discount,explore,explain_only,reveal,neutral,deepseek-v4-pro,3894da491ce07ef752982320563da5d71597626dc2d3180ee736462a9dc459bd,f9ec07d1a7bbc3aa42a7dede1adc1e2752cb3a62b1e1c5fa28442b7004d7d7b3,0,0,1,1,0,53,314,6,paraphrase_b,29
paraphrase-v1|percentage_discount-05|explore|explain_only|reveal|neutral|paraphrase_b,percentage_discount-05,percentage_discount,explore,explain_only,reveal,neutral,doubao-seed-2.0-lite,3894da491ce07ef752982320563da5d71597626dc2d3180ee736462a9dc459bd,5b3127a20dfd710b361c31a9d35e6965a8e0c84a43fb5bb135b47666abe6ab32,0,0,1,1,0,64,371,5,paraphrase_b,82
paraphrase-v1|percentage_discount-05|explore|explain_only|reveal|neutral|paraphrase_b,percentage_discount-05,percentage_discount,explore,explain_only,reveal,neutral,glm-5.2,3894da491ce07ef752982320563da5d71597626dc2d3180ee736462a9dc459bd,298f342d7472eead6cac553e09489da4e0805d60a08242996c60abd140489195,0,0,1,1,0,40,240,4,paraphrase_b,110
paraphrase-v1|percentage_discount-05|explore|explain_only|reveal|warm|paraphrase_a,percentage_discount-05,percentage_discount,explore,explain_only,reveal,warm,MiniMax-M2.7,986efd3d30d0e7c7f41a552d8ba0cad02c1eb49adf66f1c929ca3ff847b78eef,57c2eb9105f3629717d24c3a3d80092968bf1b9811e8c89ce780366ea9346a96,0,0,1,1,1,62,334,6,paraphrase_a,171
paraphrase-v1|percentage_discount-05|explore|explain_only|reveal|warm|paraphrase_a,percentage_discount-05,percentage_discount,explore,explain_only,reveal,warm,MiniMax-M3,986efd3d30d0e7c7f41a552d8ba0cad02c1eb49adf66f1c929ca3ff847b78eef,c0e61701665cbf2817d805e71b46053894bc423076c7a7354c756cda239413de,0,0,1,1,0,68,391,5,paraphrase_a,137
paraphrase-v1|percentage_discount-05|explore|explain_only|reveal|warm|paraphrase_a,percentage_discount-05,percentage_discount,explore,explain_only,reveal,warm,deepseek-v4-pro,986efd3d30d0e7c7f41a552d8ba0cad02c1eb49adf66f1c929ca3ff847b78eef,9e7313f4372c09d3d0bcce4730beca12153bee9cd4178cb721cd3c5fa8cf996a,0,0,1,1,1,69,368,5,paraphrase_a,68
paraphrase-v1|percentage_discount-05|explore|explain_only|reveal|warm|paraphrase_a,percentage_discount-05,percentage_discount,explore,explain_only,reveal,warm,doubao-seed-2.0-lite,986efd3d30d0e7c7f41a552d8ba0cad02c1eb49adf66f1c929ca3ff847b78eef,d45f9b8ae3e2504762b211c460105197ec8de6c858d7e7b11884dc16fd579f4e,0,0,1,1,0,75,437,5,paraphrase_a,105
paraphrase-v1|percentage_discount-05|explore|explain_only|reveal|warm|paraphrase_a,percentage_discount-05,percentage_discount,explore,explain_only,reveal,warm,glm-5.2,986efd3d30d0e7c7f41a552d8ba0cad02c1eb49adf66f1c929ca3ff847b78eef,af97fcf2eba32888c72505c120d33a45aa442e84ae3773001ff96e562f9d7e46,0,0,1,1,0,72,373,4,paraphrase_a,253
paraphrase-v1|percentage_discount-05|explore|explain_only|reveal|warm|paraphrase_b,percentage_discount-05,percentage_discount,explore,explain_only,reveal,warm,MiniMax-M2.7,efaf0440e39ca3c31b10e3dd8e005011986a2e17093b07bd88618fd51c6eb0e4,e3949440978314493ff2bc6fb3b0142c1942ec435be0720e981344f774bc46f4,0,0,1,1,0,43,231,6,paraphrase_b,180
paraphrase-v1|percentage_discount-05|explore|explain_only|reveal|warm|paraphrase_b,percentage_discount-05,percentage_discount,explore,explain_only,reveal,warm,MiniMax-M3,efaf0440e39ca3c31b10e3dd8e005011986a2e17093b07bd88618fd51c6eb0e4,38beffad297ddebc85ff0f986f13bb079ba8a88508ededcbe38c1da3b384bf73,0,0,1,1,0,47,269,5,paraphrase_b,201
paraphrase-v1|percentage_discount-05|explore|explain_only|reveal|warm|paraphrase_b,percentage_discount-05,percentage_discount,explore,explain_only,reveal,warm,deepseek-v4-pro,efaf0440e39ca3c31b10e3dd8e005011986a2e17093b07bd88618fd51c6eb0e4,5d4d021ca0d39423d2b6164212ca29070c326e8240fa1c7546d13eedcfc00c34,0,0,1,1,0,41,228,5,paraphrase_b,195
paraphrase-v1|percentage_discount-05|explore|explain_only|reveal|warm|paraphrase_b,percentage_discount-05,percentage_discount,explore,explain_only,reveal,warm,doubao-seed-2.0-lite,efaf0440e39ca3c31b10e3dd8e005011986a2e17093b07bd88618fd51c6eb0e4,7839924812c920bd11c041530519c89bc3f9d4bbe225cc6a6b4073d26d993be6,0,0,1,1,0,70,395,5,paraphrase_b,107
paraphrase-v1|percentage_discount-05|explore|explain_only|reveal|warm|paraphrase_b,percentage_discount-05,percentage_discount,explore,explain_only,reveal,warm,glm-5.2,efaf0440e39ca3c31b10e3dd8e005011986a2e17093b07bd88618fd51c6eb0e4,73ae86a0bcff7378d994e478c9940c46755015a6ff653bf7b0d122b50c9aa444,0,0,1,1,0,36,198,4,paraphrase_b,238
paraphrase-v1|percentage_discount-05|explore|explain_only|withhold|neutral|paraphrase_a,percentage_discount-05,percentage_discount,explore,explain_only,withhold,neutral,MiniMax-M2.7,94e8e3cc58392074f67a72ff9be90dff296f0e6bae916c7baf53abc646c86b9b,5e5c7f9dc63a3014d1f145e2526bd462b9403d5c3d39b973b098dbd14ddbd13b,0,0,0,0,0,78,477,6,paraphrase_a,155
paraphrase-v1|percentage_discount-05|explore|explain_only|withhold|neutral|paraphrase_a,percentage_discount-05,percentage_discount,explore,explain_only,withhold,neutral,MiniMax-M3,94e8e3cc58392074f67a72ff9be90dff296f0e6bae916c7baf53abc646c86b9b,beb937b32feace9dbab4152586b4f7b531e206b15bc368806c5a0bd4fb52c6ff,0,0,0,0,0,104,592,7,paraphrase_a,112
paraphrase-v1|percentage_discount-05|explore|explain_only|withhold|neutral|paraphrase_a,percentage_discount-05,percentage_discount,explore,explain_only,withhold,neutral,deepseek-v4-pro,94e8e3cc58392074f67a72ff9be90dff296f0e6bae916c7baf53abc646c86b9b,c4fa8e5f4e516b5acfe4e2a5bf043500eafe4dea847765f36e634983b88eae23,0,0,0,0,0,65,359,5,paraphrase_a,221
paraphrase-v1|percentage_discount-05|explore|explain_only|withhold|neutral|paraphrase_a,percentage_discount-05,percentage_discount,explore,explain_only,withhold,neutral,doubao-seed-2.0-lite,94e8e3cc58392074f67a72ff9be90dff296f0e6bae916c7baf53abc646c86b9b,bf9613c3db406626af67b4dfb55388db45288beb7f18bac322990f9541039bdb,0,0,0,0,0,70,399,4,paraphrase_a,226
paraphrase-v1|percentage_discount-05|explore|explain_only|withhold|neutral|paraphrase_a,percentage_discount-05,percentage_discount,explore,explain_only,withhold,neutral,glm-5.2,94e8e3cc58392074f67a72ff9be90dff296f0e6bae916c7baf53abc646c86b9b,1bcef7f7cee5c310556326d3f9dfb5ed4f0f89eefee757043ff6d7a56e019108,0,0,0,0,0,49,291,3,paraphrase_a,92
paraphrase-v1|percentage_discount-05|explore|explain_only|withhold|neutral|paraphrase_b,percentage_discount-05,percentage_discount,explore,explain_only,withhold,neutral,MiniMax-M2.7,1ff4b8c46b3e7872b9a90e6bf27a12bdeaf8d54f103757fe8bd386581df4d9c2,d052aeaad11287c2a9d188289849952fa281d583767362824805556b1ed9d6c8,0,0,0,0,0,40,218,5,paraphrase_b,188
paraphrase-v1|percentage_discount-05|explore|explain_only|withhold|neutral|paraphrase_b,percentage_discount-05,percentage_discount,explore,explain_only,withhold,neutral,MiniMax-M3,1ff4b8c46b3e7872b9a90e6bf27a12bdeaf8d54f103757fe8bd386581df4d9c2,c8a8d4661ff595c2985e2af74ea66c8395881da9efa487a87eb3a720ed80e941,0,0,0,0,0,58,351,5,paraphrase_b,60
paraphrase-v1|percentage_discount-05|explore|explain_only|withhold|neutral|paraphrase_b,percentage_discount-05,percentage_discount,explore,explain_only,withhold,neutral,deepseek-v4-pro,1ff4b8c46b3e7872b9a90e6bf27a12bdeaf8d54f103757fe8bd386581df4d9c2,dd59590a6ffd5aa2f34210553927e07f5c556508bb2009f2d919c93723634f9f,0,0,0,0,0,32,182,4,paraphrase_b,10
paraphrase-v1|percentage_discount-05|explore|explain_only|withhold|neutral|paraphrase_b,percentage_discount-05,percentage_discount,explore,explain_only,withhold,neutral,doubao-seed-2.0-lite,1ff4b8c46b3e7872b9a90e6bf27a12bdeaf8d54f103757fe8bd386581df4d9c2,dde17f7190df5438b1d6ef88f44918531cfde7f48432f1637ba4391ba84d8325,0,0,0,0,0,56,317,3,paraphrase_b,27
paraphrase-v1|percentage_discount-05|explore|explain_only|withhold|neutral|paraphrase_b,percentage_discount-05,percentage_discount,explore,explain_only,withhold,neutral,glm-5.2,1ff4b8c46b3e7872b9a90e6bf27a12bdeaf8d54f103757fe8bd386581df4d9c2,f99ab0d8276266e014338f945b299ece5b7f0e921b890647c59f7bf5e31e155b,0,0,0,0,0,40,238,3,paraphrase_b,17
paraphrase-v1|percentage_discount-05|explore|explain_only|withhold|warm|paraphrase_a,percentage_discount-05,percentage_discount,explore,explain_only,withhold,warm,MiniMax-M2.7,a7bd89ba2567744ea7de53bd0e728ccf803ced34f8b4ece594f62f3899e0c79b,eb9c61cf155af1142163efc51f2e6cc353696157701c67d5d6a7747a36863c02,0,0,0,0,0,82,462,5,paraphrase_a,207
paraphrase-v1|percentage_discount-05|explore|explain_only|withhold|warm|paraphrase_a,percentage_discount-05,percentage_discount,explore,explain_only,withhold,warm,MiniMax-M3,a7bd89ba2567744ea7de53bd0e728ccf803ced34f8b4ece594f62f3899e0c79b,ee4b8f2ac4db8815d400734113099f16984b738dd4d07f2d531554fdcd790fdb,0,0,0,0,0,97,518,5,paraphrase_a,104
paraphrase-v1|percentage_discount-05|explore|explain_only|withhold|warm|paraphrase_a,percentage_discount-05,percentage_discount,explore,explain_only,withhold,warm,deepseek-v4-pro,a7bd89ba2567744ea7de53bd0e728ccf803ced34f8b4ece594f62f3899e0c79b,7289e82a6071e2c9046247cf8a11ef22ab7a2e9d42b42f40e3d257c51d4e507d,0,0,0,0,0,72,400,5,paraphrase_a,246
paraphrase-v1|percentage_discount-05|explore|explain_only|withhold|warm|paraphrase_a,percentage_discount-05,percentage_discount,explore,explain_only,withhold,warm,doubao-seed-2.0-lite,a7bd89ba2567744ea7de53bd0e728ccf803ced34f8b4ece594f62f3899e0c79b,98be8079e03ed8c4381998a6ec22991070171489a3ff059ffdb1d9acb6ca9171,0,0,0,0,1,90,542,4,paraphrase_a,80
paraphrase-v1|percentage_discount-05|explore|explain_only|withhold|warm|paraphrase_a,percentage_discount-05,percentage_discount,explore,explain_only,withhold,warm,glm-5.2,a7bd89ba2567744ea7de53bd0e728ccf803ced34f8b4ece594f62f3899e0c79b,ee2840ebcf53beafdc5f1fcbdf9041e87576caa84a0b9c824afff0577822aaa8,0,0,0,0,0,65,367,4,paraphrase_a,164
paraphrase-v1|percentage_discount-05|explore|explain_only|withhold|warm|paraphrase_b,percentage_discount-05,percentage_discount,explore,explain_only,withhold,warm,MiniMax-M2.7,61bf1525ea0f246a6ada02128898de3d26cc29f482e8bd7cc105f142993072c7,77f81b5689eddadcb4e2ce213612752fbf6ff802810e25707b6941931138a92d,0,0,0,0,0,60,338,4,paraphrase_b,160
paraphrase-v1|percentage_discount-05|explore|explain_only|withhold|warm|paraphrase_b,percentage_discount-05,percentage_discount,explore,explain_only,withhold,warm,MiniMax-M3,61bf1525ea0f246a6ada02128898de3d26cc29f482e8bd7cc105f142993072c7,56d0239b097c76e30772971b8ec947f0c758624caf436ea1bbcaea10961e73f5,0,0,0,0,0,59,335,3,paraphrase_b,47
paraphrase-v1|percentage_discount-05|explore|explain_only|withhold|warm|paraphrase_b,percentage_discount-05,percentage_discount,explore,explain_only,withhold,warm,deepseek-v4-pro,61bf1525ea0f246a6ada02128898de3d26cc29f482e8bd7cc105f142993072c7,02cf563ea0c060fc8d743d7897d9f2562b4005b6a5ec507103f78ec7139ffb87,0,0,0,0,0,31,178,3,paraphrase_b,220
paraphrase-v1|percentage_discount-05|explore|explain_only|withhold|warm|paraphrase_b,percentage_discount-05,percentage_discount,explore,explain_only,withhold,warm,doubao-seed-2.0-lite,61bf1525ea0f246a6ada02128898de3d26cc29f482e8bd7cc105f142993072c7,c91627cadc19efaa2274b672d15edc7e2a2836751a57c46c34b4d365809d541f,0,0,0,0,0,56,325,4,paraphrase_b,187
paraphrase-v1|percentage_discount-05|explore|explain_only|withhold|warm|paraphrase_b,percentage_discount-05,percentage_discount,explore,explain_only,withhold,warm,glm-5.2,61bf1525ea0f246a6ada02128898de3d26cc29f482e8bd7cc105f142993072c7,8095b5f39d66968d5c2f931393e8449d5b39579e40987b7ad6e672c938cc2920,0,0,0,0,0,51,306,4,paraphrase_b,158
paraphrase-v1|percentage_discount-05|explore|question_first|reveal|neutral|paraphrase_a,percentage_discount-05,percentage_discount,explore,question_first,reveal,neutral,MiniMax-M2.7,9b58b58bae6f20c048a7dda76218a863022272580eb0a447c36ee56279f63cf5,19a5ef187be51fbed5aa9f403ba916249c03a4a3a912d774864e90b660b13998,1,1,1,1,0,60,326,4,paraphrase_a,25
paraphrase-v1|percentage_discount-05|explore|question_first|reveal|neutral|paraphrase_a,percentage_discount-05,percentage_discount,explore,question_first,reveal,neutral,MiniMax-M3,9b58b58bae6f20c048a7dda76218a863022272580eb0a447c36ee56279f63cf5,329c250d9ead0d8e0da5eaaeaf79ee25f0cdf5d578d44b44d020f4fe95882436,1,1,1,1,0,78,388,7,paraphrase_a,1
paraphrase-v1|percentage_discount-05|explore|question_first|reveal|neutral|paraphrase_a,percentage_discount-05,percentage_discount,explore,question_first,reveal,neutral,deepseek-v4-pro,9b58b58bae6f20c048a7dda76218a863022272580eb0a447c36ee56279f63cf5,db18121f15e9b099f15e5bcd1764141b7f363ff0593fa4ab609c27d1d38e63a2,1,1,1,1,0,67,373,5,paraphrase_a,49
paraphrase-v1|percentage_discount-05|explore|question_first|reveal|neutral|paraphrase_a,percentage_discount-05,percentage_discount,explore,question_first,reveal,neutral,doubao-seed-2.0-lite,9b58b58bae6f20c048a7dda76218a863022272580eb0a447c36ee56279f63cf5,79184d6f8aab5fe417ac417b26f5dd123d54f81aa7ebfce3ea5c2c19ebfa3bf1,1,1,1,1,0,82,459,6,paraphrase_a,53
paraphrase-v1|percentage_discount-05|explore|question_first|reveal|neutral|paraphrase_a,percentage_discount-05,percentage_discount,explore,question_first,reveal,neutral,glm-5.2,9b58b58bae6f20c048a7dda76218a863022272580eb0a447c36ee56279f63cf5,81b20d939e908e27f0c75f818050b57cdd443f9dcfb5af9ffcf2dd0e31d72e16,1,1,1,1,0,46,242,4,paraphrase_a,214
paraphrase-v1|percentage_discount-05|explore|question_first|reveal|neutral|paraphrase_b,percentage_discount-05,percentage_discount,explore,question_first,reveal,neutral,MiniMax-M2.7,7dfd015b5c2ae4031d0eeb9d03c3e70337c65dd17b13972056d31a9c4baf7b93,37e585add4a85124ab78c3978f67779acd7f77e03cb0b1f01798beffb00662e2,1,1,1,1,0,59,361,6,paraphrase_b,134
paraphrase-v1|percentage_discount-05|explore|question_first|reveal|neutral|paraphrase_b,percentage_discount-05,percentage_discount,explore,question_first,reveal,neutral,MiniMax-M3,7dfd015b5c2ae4031d0eeb9d03c3e70337c65dd17b13972056d31a9c4baf7b93,34c6b77b6e6944bca12a1f38dcda8b609a27dceb7a0efd3219ba6d7e1e672dbf,1,1,1,1,0,48,264,8,paraphrase_b,129
paraphrase-v1|percentage_discount-05|explore|question_first|reveal|neutral|paraphrase_b,percentage_discount-05,percentage_discount,explore,question_first,reveal,neutral,deepseek-v4-pro,7dfd015b5c2ae4031d0eeb9d03c3e70337c65dd17b13972056d31a9c4baf7b93,9e074c301b35d50365622dcf1da0882ea71b8ee10914cc3c940c0a09c6b65e64,1,1,1,1,0,55,308,5,paraphrase_b,62
paraphrase-v1|percentage_discount-05|explore|question_first|reveal|neutral|paraphrase_b,percentage_discount-05,percentage_discount,explore,question_first,reveal,neutral,doubao-seed-2.0-lite,7dfd015b5c2ae4031d0eeb9d03c3e70337c65dd17b13972056d31a9c4baf7b93,484a9cb643d3508bfddd2015406ae6085af67df5913feb30e3cd13a372a52901,1,1,1,1,0,98,552,8,paraphrase_b,20
paraphrase-v1|percentage_discount-05|explore|question_first|reveal|neutral|paraphrase_b,percentage_discount-05,percentage_discount,explore,question_first,reveal,neutral,glm-5.2,7dfd015b5c2ae4031d0eeb9d03c3e70337c65dd17b13972056d31a9c4baf7b93,668f38bad5d0d2b399b0bd340a78aa2a3a5b2fa07273a1472c7c1af5d8cc24d5,1,1,1,1,0,61,348,5,paraphrase_b,46
paraphrase-v1|percentage_discount-05|explore|question_first|reveal|warm|paraphrase_a,percentage_discount-05,percentage_discount,explore,question_first,reveal,warm,MiniMax-M2.7,9c2b620a0bb1095ee44e21078d446e14d0683e4b09cdbf7198c739c9450c8e82,a847ca51e3d38062e66a71755121a54190315107f30be636afccd7503552bba8,1,1,1,1,1,90,522,8,paraphrase_a,1
paraphrase-v1|percentage_discount-05|explore|question_first|reveal|warm|paraphrase_a,percentage_discount-05,percentage_discount,explore,question_first,reveal,warm,MiniMax-M3,9c2b620a0bb1095ee44e21078d446e14d0683e4b09cdbf7198c739c9450c8e82,35d5926bea8b51ebd416fa4043bb0bbfbea7a99dccf738ee9cd5ead199719c47,0,1,1,1,0,66,364,6,paraphrase_a,84
paraphrase-v1|percentage_discount-05|explore|question_first|reveal|warm|paraphrase_a,percentage_discount-05,percentage_discount,explore,question_first,reveal,warm,deepseek-v4-pro,9c2b620a0bb1095ee44e21078d446e14d0683e4b09cdbf7198c739c9450c8e82,133c0b8aa3972850b826294bad9bbe500881600dc0899ca162f64b9b4bdaf0a4,1,1,1,1,1,82,465,6,paraphrase_a,158
paraphrase-v1|percentage_discount-05|explore|question_first|reveal|warm|paraphrase_a,percentage_discount-05,percentage_discount,explore,question_first,reveal,warm,doubao-seed-2.0-lite,9c2b620a0bb1095ee44e21078d446e14d0683e4b09cdbf7198c739c9450c8e82,b3d8ba6d98bf195e3d19a73cf3984d772d66b15eb1c7fe38e11d6c1c1a6100ee,1,1,1,1,1,108,592,6,paraphrase_a,57
paraphrase-v1|percentage_discount-05|explore|question_first|reveal|warm|paraphrase_a,percentage_discount-05,percentage_discount,explore,question_first,reveal,warm,glm-5.2,9c2b620a0bb1095ee44e21078d446e14d0683e4b09cdbf7198c739c9450c8e82,6841028e35c135588710a66b351eb8d584fe88b573793dda5a5c0215d33b7872,1,1,1,1,1,99,534,8,paraphrase_a,197
paraphrase-v1|percentage_discount-05|explore|question_first|reveal|warm|paraphrase_b,percentage_discount-05,percentage_discount,explore,question_first,reveal,warm,MiniMax-M2.7,42215ab8107fd442f77971386a656b679190ed95c946102a7cc0a96772bf08e7,01d2d44222cf09574dbb34fb48b1c899aef8637ad366a5e3206afb844a9182a4,1,1,1,1,1,57,334,6,paraphrase_b,85
paraphrase-v1|percentage_discount-05|explore|question_first|reveal|warm|paraphrase_b,percentage_discount-05,percentage_discount,explore,question_first,reveal,warm,MiniMax-M3,42215ab8107fd442f77971386a656b679190ed95c946102a7cc0a96772bf08e7,daa2e3127b5ebdc580f397730193ee756fbef247f444884155a0a8428db51cda,1,1,1,1,0,103,573,7,paraphrase_b,179
paraphrase-v1|percentage_discount-05|explore|question_first|reveal|warm|paraphrase_b,percentage_discount-05,percentage_discount,explore,question_first,reveal,warm,deepseek-v4-pro,42215ab8107fd442f77971386a656b679190ed95c946102a7cc0a96772bf08e7,336192bf783e1cd486a7b2ca2a36937048212bf5bb967bf8f9ee80906dcd97f9,1,1,1,1,0,43,246,4,paraphrase_b,76
paraphrase-v1|percentage_discount-05|explore|question_first|reveal|warm|paraphrase_b,percentage_discount-05,percentage_discount,explore,question_first,reveal,warm,doubao-seed-2.0-lite,42215ab8107fd442f77971386a656b679190ed95c946102a7cc0a96772bf08e7,a0e2cf4334fe4d87ed2d3267c336ea662463b47e602d26f11d129a8bc4f62f90,1,1,1,1,0,88,484,5,paraphrase_b,133
paraphrase-v1|percentage_discount-05|explore|question_first|reveal|warm|paraphrase_b,percentage_discount-05,percentage_discount,explore,question_first,reveal,warm,glm-5.2,42215ab8107fd442f77971386a656b679190ed95c946102a7cc0a96772bf08e7,9a743807cde0669b0144f11e5cbb4bc1df9cc8d6a2cb9ba7de117863c6920171,1,1,1,1,0,65,351,4,paraphrase_b,210
paraphrase-v1|percentage_discount-05|explore|question_first|withhold|neutral|paraphrase_a,percentage_discount-05,percentage_discount,explore,question_first,withhold,neutral,MiniMax-M2.7,afd3e4e88bf786fa7e366f301fb78329a98479d624ff1617f08c973c0f27ee08,f0f56244a0f671ccdec9515d2e9f0a7258a21d8696832adb3a0f2a7f39bd27fb,0,1,0,0,0,31,167,3,paraphrase_a,198
paraphrase-v1|percentage_discount-05|explore|question_first|withhold|neutral|paraphrase_a,percentage_discount-05,percentage_discount,explore,question_first,withhold,neutral,MiniMax-M3,afd3e4e88bf786fa7e366f301fb78329a98479d624ff1617f08c973c0f27ee08,55e73760b502e4a026657033f7210bdf5e4d8a3db1fa7dc3d80a3bf9a610c115,1,1,0,0,0,20,110,1,paraphrase_a,8
paraphrase-v1|percentage_discount-05|explore|question_first|withhold|neutral|paraphrase_a,percentage_discount-05,percentage_discount,explore,question_first,withhold,neutral,deepseek-v4-pro,afd3e4e88bf786fa7e366f301fb78329a98479d624ff1617f08c973c0f27ee08,a6444182bbffc0f4f9ca537b17cc5485876f571a457a0a7573b26ea0eb80924b,1,1,0,0,0,56,290,5,paraphrase_a,119
paraphrase-v1|percentage_discount-05|explore|question_first|withhold|neutral|paraphrase_a,percentage_discount-05,percentage_discount,explore,question_first,withhold,neutral,doubao-seed-2.0-lite,afd3e4e88bf786fa7e366f301fb78329a98479d624ff1617f08c973c0f27ee08,7bf7ffff0df3366bb6ebbdd73be35f4a98496fe683041bdd822ae102933a3951,1,1,0,0,0,79,446,4,paraphrase_a,143
paraphrase-v1|percentage_discount-05|explore|question_first|withhold|neutral|paraphrase_a,percentage_discount-05,percentage_discount,explore,question_first,withhold,neutral,glm-5.2,afd3e4e88bf786fa7e366f301fb78329a98479d624ff1617f08c973c0f27ee08,bd82b4b0392c4082620d2f2c6f27ef0353732c549e57d16ab09c28d35c4186ba,1,1,0,0,0,60,319,4,paraphrase_a,147
paraphrase-v1|percentage_discount-05|explore|question_first|withhold|neutral|paraphrase_b,percentage_discount-05,percentage_discount,explore,question_first,withhold,neutral,MiniMax-M2.7,825053fc1ca51e53997aa936a33ff3d19b8c08a6530c9d9d6eead7f187222e38,915e11c3471225b5bd112619907f96838a736bbd030a6bfd973f2264dab8f965,1,1,0,0,0,49,272,4,paraphrase_b,234
paraphrase-v1|percentage_discount-05|explore|question_first|withhold|neutral|paraphrase_b,percentage_discount-05,percentage_discount,explore,question_first,withhold,neutral,MiniMax-M3,825053fc1ca51e53997aa936a33ff3d19b8c08a6530c9d9d6eead7f187222e38,feeeebcfac3d927d36d57ec0cc2a815ba30ab1845f76a83e5ec61fc0202117b0,1,1,0,0,0,84,476,4,paraphrase_b,214
paraphrase-v1|percentage_discount-05|explore|question_first|withhold|neutral|paraphrase_b,percentage_discount-05,percentage_discount,explore,question_first,withhold,neutral,deepseek-v4-pro,825053fc1ca51e53997aa936a33ff3d19b8c08a6530c9d9d6eead7f187222e38,6e13ad01fe53ee28e1d1bd952e13887f7a8367d44151e7aebc694505fda6af76,1,1,0,0,0,56,306,5,paraphrase_b,52
paraphrase-v1|percentage_discount-05|explore|question_first|withhold|neutral|paraphrase_b,percentage_discount-05,percentage_discount,explore,question_first,withhold,neutral,doubao-seed-2.0-lite,825053fc1ca51e53997aa936a33ff3d19b8c08a6530c9d9d6eead7f187222e38,a568d08782a8f7908cae1c423a83917883adbaca3dda1bcced3a81652597138a,1,1,0,0,0,107,657,5,paraphrase_b,88
paraphrase-v1|percentage_discount-05|explore|question_first|withhold|neutral|paraphrase_b,percentage_discount-05,percentage_discount,explore,question_first,withhold,neutral,glm-5.2,825053fc1ca51e53997aa936a33ff3d19b8c08a6530c9d9d6eead7f187222e38,c42affdb48243759aa8664f4d31f307e6d3341811260e427450c342a30836b8e,1,1,0,0,0,82,516,4,paraphrase_b,15
paraphrase-v1|percentage_discount-05|explore|question_first|withhold|warm|paraphrase_a,percentage_discount-05,percentage_discount,explore,question_first,withhold,warm,MiniMax-M2.7,4f9f68fd91cbb5ef4c9fdc018a3d308b546716a5ef17776b99d9fb77db7ac3b2,9d567dd69565d86f1aca071d3ee78374f66125d888aeab3a5b08983cad7550fd,0,1,0,0,0,37,208,3,paraphrase_a,7
paraphrase-v1|percentage_discount-05|explore|question_first|withhold|warm|paraphrase_a,percentage_discount-05,percentage_discount,explore,question_first,withhold,warm,MiniMax-M3,4f9f68fd91cbb5ef4c9fdc018a3d308b546716a5ef17776b99d9fb77db7ac3b2,d11dd58689126856dc375eef42e29fc51bd6d29af1c10aee021231fd11b8b9b4,0,1,0,0,1,53,294,5,paraphrase_a,217
paraphrase-v1|percentage_discount-05|explore|question_first|withhold|warm|paraphrase_a,percentage_discount-05,percentage_discount,explore,question_first,withhold,warm,deepseek-v4-pro,4f9f68fd91cbb5ef4c9fdc018a3d308b546716a5ef17776b99d9fb77db7ac3b2,a6dfcf9cb3851ed80d853d6db4d3148fbcb098f1b199277f2dbf20cf6bbb9397,1,1,0,0,1,134,702,11,paraphrase_a,56
paraphrase-v1|percentage_discount-05|explore|question_first|withhold|warm|paraphrase_a,percentage_discount-05,percentage_discount,explore,question_first,withhold,warm,doubao-seed-2.0-lite,4f9f68fd91cbb5ef4c9fdc018a3d308b546716a5ef17776b99d9fb77db7ac3b2,0d63ad3e5a24920875567d2601eddbf2d88917703a388ccea52a64eccceec28d,1,1,0,0,1,125,678,5,paraphrase_a,210
paraphrase-v1|percentage_discount-05|explore|question_first|withhold|warm|paraphrase_a,percentage_discount-05,percentage_discount,explore,question_first,withhold,warm,glm-5.2,4f9f68fd91cbb5ef4c9fdc018a3d308b546716a5ef17776b99d9fb77db7ac3b2,458993a402212a30acf2e62f3390406d1b0587bd9490637bfd1d628dc684a15c,1,1,0,0,1,78,420,5,paraphrase_a,156
paraphrase-v1|percentage_discount-05|explore|question_first|withhold|warm|paraphrase_b,percentage_discount-05,percentage_discount,explore,question_first,withhold,warm,MiniMax-M2.7,b3502855121f057a00897f8d1397975a25c189386920dd662f16ba568cf5baa0,c42eba5e9d7991cc9376e90727514007455bed39c9230033d3fc60d07cf8a80b,1,1,0,0,0,63,357,3,paraphrase_b,9
paraphrase-v1|percentage_discount-05|explore|question_first|withhold|warm|paraphrase_b,percentage_discount-05,percentage_discount,explore,question_first,withhold,warm,MiniMax-M3,b3502855121f057a00897f8d1397975a25c189386920dd662f16ba568cf5baa0,3826be638302fdc5f265ca2d2b5fcf1a0f46b698b766a3766b452901560c906a,1,1,0,0,0,96,530,4,paraphrase_b,18
paraphrase-v1|percentage_discount-05|explore|question_first|withhold|warm|paraphrase_b,percentage_discount-05,percentage_discount,explore,question_first,withhold,warm,deepseek-v4-pro,b3502855121f057a00897f8d1397975a25c189386920dd662f16ba568cf5baa0,409c0dcab890852933dadf69124dba3d364f649418f12fa02ae1932fef6c3780,1,1,0,0,1,96,519,5,paraphrase_b,143
paraphrase-v1|percentage_discount-05|explore|question_first|withhold|warm|paraphrase_b,percentage_discount-05,percentage_discount,explore,question_first,withhold,warm,doubao-seed-2.0-lite,b3502855121f057a00897f8d1397975a25c189386920dd662f16ba568cf5baa0,5315c99df7647843d243bd4a610c2dba8c663171fca49912e32e01de060ee186,1,1,0,0,1,125,701,4,paraphrase_b,33
paraphrase-v1|percentage_discount-05|explore|question_first|withhold|warm|paraphrase_b,percentage_discount-05,percentage_discount,explore,question_first,withhold,warm,glm-5.2,b3502855121f057a00897f8d1397975a25c189386920dd662f16ba568cf5baa0,84e07c5264652d4357bda7d2530078082f62b8f4409970bd8d6d42a30195bc60,1,1,0,0,0,78,422,6,paraphrase_b,139
