blind_id,event,present,unanimous,template,progress,affect,repeat,model
0010b5a166668babdfc2,affect_acknowledgement,1,1,pilot_fractions,late,calm,1,deepseek-v4-pro
0142f9f4b822ffbd8c37,affect_acknowledgement,0,1,pilot_causal_claim,early,calm,0,MiniMax-M3
0210c34e3a3b13838b44,affect_acknowledgement,1,1,pilot_fractions,early,calm,0,glm-5.2
02b9a480c64163fa9bcf,affect_acknowledgement,0,1,pilot_density,early,calm,1,glm-5.2
043e9320e6b1d199ab05,affect_acknowledgement,1,1,pilot_equation,late,frustrated,1,glm-5.2
051ed8dcf7bd5daf4976,affect_acknowledgement,0,1,pilot_equation,late,calm,1,glm-5.2
07b147af9ee3e40c35f4,affect_acknowledgement,1,1,pilot_causal_claim,early,frustrated,0,MiniMax-M2.7
09ee3c79cec447d7cf01,affect_acknowledgement,0,1,pilot_fractions,late,frustrated,0,MiniMax-M2.7
0af631542fc1eae3c4a6,affect_acknowledgement,0,1,pilot_density,late,calm,1,MiniMax-M2.7
122bf31ca16ea698450c,affect_acknowledgement,1,1,pilot_equation,early,calm,1,doubao-seed-2.0-lite
14a80826ddbcaa2e74fa,affect_acknowledgement,0,1,pilot_fractions,late,calm,0,doubao-seed-2.0-lite
15600eb4d05de50949a5,affect_acknowledgement,1,1,pilot_density,late,frustrated,1,doubao-seed-2.0-lite
18716221a8a15a38c150,affect_acknowledgement,0,1,pilot_density,early,calm,0,MiniMax-M2.7
1b2a52778d56eacdf3c0,affect_acknowledgement,1,1,pilot_causal_claim,early,frustrated,0,doubao-seed-2.0-lite
1e1bbce52a853d183ce7,affect_acknowledgement,1,1,pilot_density,late,calm,1,MiniMax-M3
1f861c2d51283e59dcaa,affect_acknowledgement,1,1,pilot_fractions,late,frustrated,0,MiniMax-M3
216b846d8089a6a00f90,affect_acknowledgement,0,1,pilot_equation,late,calm,0,MiniMax-M2.7
21bac1cc58db3be4664f,affect_acknowledgement,0,1,pilot_density,early,calm,1,deepseek-v4-pro
2253628d77aba30e6daf,affect_acknowledgement,1,1,pilot_equation,early,frustrated,0,glm-5.2
25cb7b626f8264469349,affect_acknowledgement,1,1,pilot_density,early,frustrated,1,glm-5.2
269bb34fe216b418592b,affect_acknowledgement,1,1,pilot_equation,late,calm,0,doubao-seed-2.0-lite
2b24c41786a09c5cea47,affect_acknowledgement,1,1,pilot_fractions,early,frustrated,0,deepseek-v4-pro
2becb439e217006ec8b2,affect_acknowledgement,0,1,pilot_causal_claim,late,calm,1,glm-5.2
2cfaff627a6db474883f,affect_acknowledgement,0,1,pilot_density,late,calm,0,MiniMax-M3
2dd614f61c7e8b71ee56,affect_acknowledgement,0,0,pilot_fractions,early,calm,0,doubao-seed-2.0-lite
2f3ca1b90a5983b4ea10,affect_acknowledgement,0,1,pilot_causal_claim,early,calm,1,glm-5.2
330f04660e19950af8bf,affect_acknowledgement,1,1,pilot_causal_claim,late,frustrated,1,glm-5.2
33557f69dc0498a4f855,affect_acknowledgement,0,1,pilot_density,late,calm,0,glm-5.2
33b15e63590b5bce8a60,affect_acknowledgement,0,1,pilot_density,late,frustrated,0,deepseek-v4-pro
340ffcee3d9af24c5cb2,affect_acknowledgement,0,1,pilot_causal_claim,early,calm,0,doubao-seed-2.0-lite
37a41187fe8703f43f63,affect_acknowledgement,1,1,pilot_density,late,frustrated,0,doubao-seed-2.0-lite
3887e355cac64864874b,affect_acknowledgement,1,1,pilot_equation,late,frustrated,1,doubao-seed-2.0-lite
388d9717c4eeba768a71,affect_acknowledgement,0,1,pilot_fractions,late,calm,1,MiniMax-M2.7
3a03a3bf5edf63de0b41,affect_acknowledgement,1,1,pilot_equation,early,frustrated,0,MiniMax-M2.7
3a56c500a46c715f68ca,affect_acknowledgement,1,1,pilot_equation,early,frustrated,1,MiniMax-M2.7
3aba688cd99bccc84e28,affect_acknowledgement,1,1,pilot_causal_claim,late,frustrated,1,MiniMax-M2.7
3b96bd4e791a39f2196e,affect_acknowledgement,1,1,pilot_fractions,early,frustrated,1,MiniMax-M3
3c650b339867eebbd7ff,affect_acknowledgement,0,1,pilot_density,late,calm,0,doubao-seed-2.0-lite
3ed857d28be1767f4f19,affect_acknowledgement,0,1,pilot_causal_claim,late,calm,1,deepseek-v4-pro
41abaf653d02c2d43587,affect_acknowledgement,0,1,pilot_causal_claim,late,calm,0,MiniMax-M2.7
43e3b4dd4d0253ef5042,affect_acknowledgement,1,1,pilot_fractions,early,calm,0,deepseek-v4-pro
45a0c066f4c769f45668,affect_acknowledgement,1,1,pilot_equation,late,frustrated,0,glm-5.2
4918ca2110b5676eb25b,affect_acknowledgement,1,1,pilot_causal_claim,late,calm,0,deepseek-v4-pro
4b22d5d542e59472299d,affect_acknowledgement,1,1,pilot_fractions,late,frustrated,1,deepseek-v4-pro
4d32c7535150f80f34b5,affect_acknowledgement,1,1,pilot_equation,late,frustrated,1,MiniMax-M3
52eef16d6a654ea51571,affect_acknowledgement,1,1,pilot_density,early,calm,0,MiniMax-M3
54dc8e523fd1dc34a1bf,affect_acknowledgement,0,1,pilot_fractions,late,calm,0,glm-5.2
59268659c3b2e8b6664e,affect_acknowledgement,0,1,pilot_causal_claim,late,calm,0,doubao-seed-2.0-lite
5db3274137a245350137,affect_acknowledgement,1,0,pilot_density,early,calm,0,doubao-seed-2.0-lite
5ed0b92674b9c4dc0ae4,affect_acknowledgement,1,1,pilot_equation,late,frustrated,0,MiniMax-M2.7
5edf0ae67f09b3a6c257,affect_acknowledgement,1,1,pilot_fractions,early,calm,0,MiniMax-M3
618498d99e053ae99fc5,affect_acknowledgement,1,1,pilot_density,late,frustrated,1,MiniMax-M3
62c1cf1ab9b223b87f11,affect_acknowledgement,1,1,pilot_causal_claim,early,frustrated,0,deepseek-v4-pro
62e94a5e10cfb40724ee,affect_acknowledgement,1,1,pilot_density,early,frustrated,0,glm-5.2
63c1901d76d0dae52fbf,affect_acknowledgement,1,1,pilot_equation,late,calm,0,deepseek-v4-pro
67d1b14a7992b412d836,affect_acknowledgement,1,1,pilot_density,late,calm,0,deepseek-v4-pro
68d5a2f8983eecf41179,affect_acknowledgement,1,1,pilot_causal_claim,early,frustrated,1,MiniMax-M2.7
6b23913bb7db2b2eafee,affect_acknowledgement,0,1,pilot_equation,late,calm,0,glm-5.2
6b967cdfbda0a7700cf3,affect_acknowledgement,0,1,pilot_fractions,late,calm,0,MiniMax-M2.7
6bccfcfc31d66662754b,affect_acknowledgement,1,1,pilot_fractions,late,frustrated,0,deepseek-v4-pro
6f57b456cbe8dac3d2be,affect_acknowledgement,1,1,pilot_equation,early,frustrated,1,doubao-seed-2.0-lite
70d75f5d94a606d3a043,affect_acknowledgement,0,1,pilot_causal_claim,early,calm,1,MiniMax-M3
71fc550d202d11884918,affect_acknowledgement,0,1,pilot_causal_claim,early,calm,1,doubao-seed-2.0-lite
742cd01cf7b40fa991be,affect_acknowledgement,1,1,pilot_density,early,calm,0,glm-5.2
7639743dbdef3f531cd5,affect_acknowledgement,1,1,pilot_fractions,late,calm,0,deepseek-v4-pro
7766143ed2b2f724bf45,affect_acknowledgement,0,1,pilot_causal_claim,early,calm,0,deepseek-v4-pro
776e92fc813b3558ade9,affect_acknowledgement,1,1,pilot_density,late,frustrated,1,deepseek-v4-pro
7d1c6c28017d7ac3b845,affect_acknowledgement,1,1,pilot_fractions,early,frustrated,0,glm-5.2
7e733f9b26a3f73077b1,affect_acknowledgement,1,1,pilot_density,early,frustrated,1,deepseek-v4-pro
80a47e6c5d7231e2751b,affect_acknowledgement,1,1,pilot_equation,early,frustrated,1,glm-5.2
80e89e351d401ddac677,affect_acknowledgement,1,1,pilot_equation,early,calm,1,deepseek-v4-pro
847834d66b1c19d75c4a,affect_acknowledgement,1,0,pilot_equation,early,frustrated,1,deepseek-v4-pro
8481669b3fd975f9c8f7,affect_acknowledgement,0,0,pilot_fractions,late,frustrated,1,glm-5.2
860366cca149115ad57c,affect_acknowledgement,1,1,pilot_fractions,early,frustrated,1,glm-5.2
886f4bcfddee77744a83,affect_acknowledgement,1,1,pilot_causal_claim,late,frustrated,0,MiniMax-M3
89153531a4a1b33c3b34,affect_acknowledgement,1,1,pilot_equation,early,calm,1,MiniMax-M3
8a8d9288be211adc801e,affect_acknowledgement,1,1,pilot_fractions,early,frustrated,0,doubao-seed-2.0-lite
8be4a2fe48d21a92768e,affect_acknowledgement,1,1,pilot_density,late,frustrated,0,glm-5.2
8caea81ae1fa2587c425,affect_acknowledgement,1,1,pilot_causal_claim,early,frustrated,1,doubao-seed-2.0-lite
8d56c805baeb0943efac,affect_acknowledgement,1,1,pilot_fractions,late,frustrated,1,doubao-seed-2.0-lite
8efd5cd3ea1c2d6b0059,affect_acknowledgement,1,1,pilot_equation,early,calm,0,MiniMax-M3
8fb01410b4257208ee79,affect_acknowledgement,0,1,pilot_causal_claim,early,calm,1,MiniMax-M2.7
9027d323285b11851755,affect_acknowledgement,1,1,pilot_fractions,early,calm,1,glm-5.2
90c41659e5bc46d31dc3,affect_acknowledgement,1,1,pilot_equation,early,calm,1,glm-5.2
956cdca2c5c55d7a0a45,affect_acknowledgement,1,1,pilot_density,late,calm,1,glm-5.2
957a84204cfcdf2fb8ad,affect_acknowledgement,1,1,pilot_causal_claim,late,calm,1,MiniMax-M3
9b38451e3f725056f428,affect_acknowledgement,1,1,pilot_density,early,frustrated,1,doubao-seed-2.0-lite
9f5c557faec6e4ad38fc,affect_acknowledgement,1,1,pilot_equation,late,calm,0,MiniMax-M3
a0f21ba54b32aef55de9,affect_acknowledgement,1,1,pilot_causal_claim,late,frustrated,1,deepseek-v4-pro
a13446d4d7c7f00843d7,affect_acknowledgement,1,1,pilot_causal_claim,late,frustrated,0,glm-5.2
a28b45359ce905ff2907,affect_acknowledgement,1,1,pilot_equation,late,frustrated,0,deepseek-v4-pro
a335b4e6eb8637555cf9,affect_acknowledgement,1,1,pilot_fractions,early,calm,1,doubao-seed-2.0-lite
a3b22895078aeeb9c481,affect_acknowledgement,0,1,pilot_density,early,calm,1,MiniMax-M2.7
a3cd2bff7780acd7ef74,affect_acknowledgement,1,1,pilot_causal_claim,late,frustrated,0,deepseek-v4-pro
a4e32c45fba55018ad99,affect_acknowledgement,1,1,pilot_equation,early,frustrated,0,MiniMax-M3
a57f3e700321f6075726,affect_acknowledgement,0,1,pilot_fractions,late,calm,1,doubao-seed-2.0-lite
a8c9d6f190407f5c3538,affect_acknowledgement,1,1,pilot_density,early,frustrated,0,deepseek-v4-pro
a9b3b1c563e0996bec30,affect_acknowledgement,1,1,pilot_density,late,frustrated,1,glm-5.2
aada043522087ca17462,affect_acknowledgement,1,1,pilot_causal_claim,late,frustrated,1,doubao-seed-2.0-lite
acb2d00798d0a8207a48,affect_acknowledgement,1,1,pilot_equation,late,frustrated,0,MiniMax-M3
acc1e0deceec8a18076e,affect_acknowledgement,0,1,pilot_fractions,late,frustrated,1,MiniMax-M2.7
b00941e99620b639ddbb,affect_acknowledgement,1,1,pilot_equation,early,calm,0,deepseek-v4-pro
b2dbcc07c876daf23321,affect_acknowledgement,1,1,pilot_equation,late,frustrated,1,deepseek-v4-pro
b511da945dccae8deb68,affect_acknowledgement,0,1,pilot_density,late,calm,1,deepseek-v4-pro
b52890c67ad0a03aee42,affect_acknowledgement,0,1,pilot_density,late,calm,1,doubao-seed-2.0-lite
b5583ef9a5bf8f372191,affect_acknowledgement,0,1,pilot_density,late,frustrated,0,MiniMax-M2.7
b67251afc7065a31ed92,affect_acknowledgement,0,0,pilot_density,early,calm,1,doubao-seed-2.0-lite
b82e05d798ed9d62d46f,affect_acknowledgement,1,1,pilot_equation,late,calm,1,deepseek-v4-pro
ba39d0fdc40f9b2ab6b4,affect_acknowledgement,1,1,pilot_fractions,early,frustrated,0,MiniMax-M2.7
ba3ed78b338e9a13fa17,affect_acknowledgement,1,1,pilot_equation,late,calm,1,doubao-seed-2.0-lite
bab594a9a88e35c85159,affect_acknowledgement,1,1,pilot_fractions,early,frustrated,1,doubao-seed-2.0-lite
bbd4f65980994079e41a,affect_acknowledgement,0,1,pilot_density,late,calm,0,MiniMax-M2.7
bf1b2727e4aaff632915,affect_acknowledgement,1,1,pilot_density,early,frustrated,1,MiniMax-M3
c02c8b15d60601787343,affect_acknowledgement,0,1,pilot_causal_claim,late,calm,1,doubao-seed-2.0-lite
c059643c8d1af68e5367,affect_acknowledgement,0,1,pilot_equation,late,calm,1,MiniMax-M2.7
c57b60de3a7ce4f2caaf,affect_acknowledgement,0,1,pilot_causal_claim,early,calm,0,MiniMax-M2.7
c6dd1411cb6a597ce52d,affect_acknowledgement,0,1,pilot_equation,early,calm,1,MiniMax-M2.7
c8f60d6c3a941c46464a,affect_acknowledgement,1,1,pilot_causal_claim,early,calm,0,glm-5.2
c9c385feb42fe3c24a0f,affect_acknowledgement,1,1,pilot_density,early,calm,0,deepseek-v4-pro
ca991fb2ace20052ab18,affect_acknowledgement,0,1,pilot_causal_claim,late,calm,1,MiniMax-M2.7
cb2fd096898a69c81e72,affect_acknowledgement,1,1,pilot_causal_claim,early,frustrated,1,MiniMax-M3
cbb96650f2c667a0099f,affect_acknowledgement,0,1,pilot_causal_claim,late,calm,0,glm-5.2
ceb76023e02779aaaebb,affect_acknowledgement,1,1,pilot_density,late,frustrated,0,MiniMax-M3
d20f03487a8dba323632,affect_acknowledgement,1,1,pilot_equation,early,calm,0,doubao-seed-2.0-lite
d26af07f7e17a0161529,affect_acknowledgement,1,1,pilot_causal_claim,early,frustrated,1,glm-5.2
d5e5c310ef2bbf353fb4,affect_acknowledgement,1,1,pilot_causal_claim,early,calm,1,deepseek-v4-pro
d6140f7c8d1585300972,affect_acknowledgement,0,1,pilot_equation,early,calm,0,MiniMax-M2.7
d6ac481b1ea780369c17,affect_acknowledgement,1,1,pilot_fractions,early,frustrated,1,MiniMax-M2.7
d88fae672ad14bd46cbc,affect_acknowledgement,1,1,pilot_density,early,calm,1,MiniMax-M3
d8b091158b8145387f55,affect_acknowledgement,0,1,pilot_causal_claim,late,calm,0,MiniMax-M3
dcfe63aa0331e4775ff3,affect_acknowledgement,1,1,pilot_fractions,late,calm,0,MiniMax-M3
e071582c37daf8241cf7,affect_acknowledgement,1,1,pilot_causal_claim,late,frustrated,0,doubao-seed-2.0-lite
e1fbb38b46691f32b309,affect_acknowledgement,1,1,pilot_fractions,late,frustrated,1,MiniMax-M3
e3080d3143d16ba96b8d,affect_acknowledgement,1,1,pilot_fractions,early,frustrated,1,deepseek-v4-pro
e40f8ff81d570ca2390a,affect_acknowledgement,1,1,pilot_fractions,early,frustrated,0,MiniMax-M3
e673dacf6616de7e5fb3,affect_acknowledgement,0,0,pilot_density,late,frustrated,1,MiniMax-M2.7
e70d78e4b91971438c74,affect_acknowledgement,1,1,pilot_equation,early,frustrated,0,doubao-seed-2.0-lite
e741484691388821e7a1,affect_acknowledgement,1,0,pilot_causal_claim,early,frustrated,0,MiniMax-M3
e8ab1769195ab0d9e5a7,affect_acknowledgement,1,1,pilot_equation,late,frustrated,1,MiniMax-M2.7
e9de51ca1069f2d4999d,affect_acknowledgement,1,1,pilot_equation,late,frustrated,0,doubao-seed-2.0-lite
ea22778e3216b98837b0,affect_acknowledgement,1,1,pilot_fractions,early,calm,1,deepseek-v4-pro
ea469f3109ee0224af2d,affect_acknowledgement,1,1,pilot_density,early,frustrated,0,MiniMax-M3
eac9abfefb74f69676bd,affect_acknowledgement,0,1,pilot_causal_claim,late,frustrated,0,MiniMax-M2.7
eb0e1d3270b6b85ea0ed,affect_acknowledgement,1,1,pilot_equation,early,frustrated,1,MiniMax-M3
ee88f1ac5d5ac4917fd2,affect_acknowledgement,1,1,pilot_causal_claim,early,frustrated,0,glm-5.2
ef4d84d7f09f98e7ea02,affect_acknowledgement,0,1,pilot_density,early,frustrated,0,MiniMax-M2.7
f0de4f52720a351b46d0,affect_acknowledgement,1,1,pilot_fractions,late,calm,1,MiniMax-M3
f16f2db2acabffb8bcc4,affect_acknowledgement,1,1,pilot_equation,early,frustrated,0,deepseek-v4-pro
f1d38ec1e3f757e3fa1d,affect_acknowledgement,1,1,pilot_fractions,early,calm,0,MiniMax-M2.7
f2997c14e3c817a0bd4b,affect_acknowledgement,1,1,pilot_fractions,late,frustrated,0,doubao-seed-2.0-lite
f3bd7ce3f7c28175cffd,affect_acknowledgement,1,1,pilot_fractions,early,calm,1,MiniMax-M3
f5b40a54ac559bee52c2,affect_acknowledgement,1,1,pilot_density,early,frustrated,0,doubao-seed-2.0-lite
f7081f4656021d7ff9e8,affect_acknowledgement,1,1,pilot_fractions,late,calm,1,glm-5.2
f8892b6ce9c17bfe4903,affect_acknowledgement,1,1,pilot_equation,early,calm,0,glm-5.2
fa3a15141f6ccec1bbd4,affect_acknowledgement,1,1,pilot_causal_claim,late,frustrated,1,MiniMax-M3
fb5c24ccf9b9f5345ac0,affect_acknowledgement,1,1,pilot_fractions,early,calm,1,MiniMax-M2.7
fc38c588ab5e0ec71131,affect_acknowledgement,1,1,pilot_equation,late,calm,1,MiniMax-M3
fdf2146565e8f20d9b47,affect_acknowledgement,1,1,pilot_density,early,frustrated,1,MiniMax-M2.7
0010b5a166668babdfc2,answer_reveal,1,1,pilot_fractions,late,calm,1,deepseek-v4-pro
0142f9f4b822ffbd8c37,answer_reveal,0,0,pilot_causal_claim,early,calm,0,MiniMax-M3
0210c34e3a3b13838b44,answer_reveal,0,1,pilot_fractions,early,calm,0,glm-5.2
02b9a480c64163fa9bcf,answer_reveal,0,1,pilot_density,early,calm,1,glm-5.2
043e9320e6b1d199ab05,answer_reveal,0,1,pilot_equation,late,frustrated,1,glm-5.2
051ed8dcf7bd5daf4976,answer_reveal,0,1,pilot_equation,late,calm,1,glm-5.2
07b147af9ee3e40c35f4,answer_reveal,1,1,pilot_causal_claim,early,frustrated,0,MiniMax-M2.7
09ee3c79cec447d7cf01,answer_reveal,1,1,pilot_fractions,late,frustrated,0,MiniMax-M2.7
0af631542fc1eae3c4a6,answer_reveal,1,1,pilot_density,late,calm,1,MiniMax-M2.7
122bf31ca16ea698450c,answer_reveal,1,1,pilot_equation,early,calm,1,doubao-seed-2.0-lite
14a80826ddbcaa2e74fa,answer_reveal,1,1,pilot_fractions,late,calm,0,doubao-seed-2.0-lite
15600eb4d05de50949a5,answer_reveal,1,1,pilot_density,late,frustrated,1,doubao-seed-2.0-lite
18716221a8a15a38c150,answer_reveal,1,1,pilot_density,early,calm,0,MiniMax-M2.7
1b2a52778d56eacdf3c0,answer_reveal,1,1,pilot_causal_claim,early,frustrated,0,doubao-seed-2.0-lite
1e1bbce52a853d183ce7,answer_reveal,1,1,pilot_density,late,calm,1,MiniMax-M3
1f861c2d51283e59dcaa,answer_reveal,1,1,pilot_fractions,late,frustrated,0,MiniMax-M3
216b846d8089a6a00f90,answer_reveal,1,1,pilot_equation,late,calm,0,MiniMax-M2.7
21bac1cc58db3be4664f,answer_reveal,1,1,pilot_density,early,calm,1,deepseek-v4-pro
2253628d77aba30e6daf,answer_reveal,0,1,pilot_equation,early,frustrated,0,glm-5.2
25cb7b626f8264469349,answer_reveal,0,1,pilot_density,early,frustrated,1,glm-5.2
269bb34fe216b418592b,answer_reveal,1,1,pilot_equation,late,calm,0,doubao-seed-2.0-lite
2b24c41786a09c5cea47,answer_reveal,1,1,pilot_fractions,early,frustrated,0,deepseek-v4-pro
2becb439e217006ec8b2,answer_reveal,0,1,pilot_causal_claim,late,calm,1,glm-5.2
2cfaff627a6db474883f,answer_reveal,0,1,pilot_density,late,calm,0,MiniMax-M3
2dd614f61c7e8b71ee56,answer_reveal,1,1,pilot_fractions,early,calm,0,doubao-seed-2.0-lite
2f3ca1b90a5983b4ea10,answer_reveal,0,1,pilot_causal_claim,early,calm,1,glm-5.2
330f04660e19950af8bf,answer_reveal,1,1,pilot_causal_claim,late,frustrated,1,glm-5.2
33557f69dc0498a4f855,answer_reveal,0,1,pilot_density,late,calm,0,glm-5.2
33b15e63590b5bce8a60,answer_reveal,1,1,pilot_density,late,frustrated,0,deepseek-v4-pro
340ffcee3d9af24c5cb2,answer_reveal,1,1,pilot_causal_claim,early,calm,0,doubao-seed-2.0-lite
37a41187fe8703f43f63,answer_reveal,1,1,pilot_density,late,frustrated,0,doubao-seed-2.0-lite
3887e355cac64864874b,answer_reveal,1,1,pilot_equation,late,frustrated,1,doubao-seed-2.0-lite
388d9717c4eeba768a71,answer_reveal,1,1,pilot_fractions,late,calm,1,MiniMax-M2.7
3a03a3bf5edf63de0b41,answer_reveal,1,1,pilot_equation,early,frustrated,0,MiniMax-M2.7
3a56c500a46c715f68ca,answer_reveal,1,1,pilot_equation,early,frustrated,1,MiniMax-M2.7
3aba688cd99bccc84e28,answer_reveal,1,1,pilot_causal_claim,late,frustrated,1,MiniMax-M2.7
3b96bd4e791a39f2196e,answer_reveal,1,1,pilot_fractions,early,frustrated,1,MiniMax-M3
3c650b339867eebbd7ff,answer_reveal,1,1,pilot_density,late,calm,0,doubao-seed-2.0-lite
3ed857d28be1767f4f19,answer_reveal,1,1,pilot_causal_claim,late,calm,1,deepseek-v4-pro
41abaf653d02c2d43587,answer_reveal,1,1,pilot_causal_claim,late,calm,0,MiniMax-M2.7
43e3b4dd4d0253ef5042,answer_reveal,1,1,pilot_fractions,early,calm,0,deepseek-v4-pro
45a0c066f4c769f45668,answer_reveal,0,1,pilot_equation,late,frustrated,0,glm-5.2
4918ca2110b5676eb25b,answer_reveal,1,1,pilot_causal_claim,late,calm,0,deepseek-v4-pro
4b22d5d542e59472299d,answer_reveal,1,1,pilot_fractions,late,frustrated,1,deepseek-v4-pro
4d32c7535150f80f34b5,answer_reveal,1,1,pilot_equation,late,frustrated,1,MiniMax-M3
52eef16d6a654ea51571,answer_reveal,1,1,pilot_density,early,calm,0,MiniMax-M3
54dc8e523fd1dc34a1bf,answer_reveal,0,1,pilot_fractions,late,calm,0,glm-5.2
59268659c3b2e8b6664e,answer_reveal,1,1,pilot_causal_claim,late,calm,0,doubao-seed-2.0-lite
5db3274137a245350137,answer_reveal,1,1,pilot_density,early,calm,0,doubao-seed-2.0-lite
5ed0b92674b9c4dc0ae4,answer_reveal,1,1,pilot_equation,late,frustrated,0,MiniMax-M2.7
5edf0ae67f09b3a6c257,answer_reveal,1,1,pilot_fractions,early,calm,0,MiniMax-M3
618498d99e053ae99fc5,answer_reveal,1,1,pilot_density,late,frustrated,1,MiniMax-M3
62c1cf1ab9b223b87f11,answer_reveal,1,1,pilot_causal_claim,early,frustrated,0,deepseek-v4-pro
62e94a5e10cfb40724ee,answer_reveal,0,1,pilot_density,early,frustrated,0,glm-5.2
63c1901d76d0dae52fbf,answer_reveal,1,1,pilot_equation,late,calm,0,deepseek-v4-pro
67d1b14a7992b412d836,answer_reveal,1,1,pilot_density,late,calm,0,deepseek-v4-pro
68d5a2f8983eecf41179,answer_reveal,1,1,pilot_causal_claim,early,frustrated,1,MiniMax-M2.7
6b23913bb7db2b2eafee,answer_reveal,0,1,pilot_equation,late,calm,0,glm-5.2
6b967cdfbda0a7700cf3,answer_reveal,1,1,pilot_fractions,late,calm,0,MiniMax-M2.7
6bccfcfc31d66662754b,answer_reveal,1,1,pilot_fractions,late,frustrated,0,deepseek-v4-pro
6f57b456cbe8dac3d2be,answer_reveal,1,1,pilot_equation,early,frustrated,1,doubao-seed-2.0-lite
70d75f5d94a606d3a043,answer_reveal,1,0,pilot_causal_claim,early,calm,1,MiniMax-M3
71fc550d202d11884918,answer_reveal,1,1,pilot_causal_claim,early,calm,1,doubao-seed-2.0-lite
742cd01cf7b40fa991be,answer_reveal,0,1,pilot_density,early,calm,0,glm-5.2
7639743dbdef3f531cd5,answer_reveal,1,1,pilot_fractions,late,calm,0,deepseek-v4-pro
7766143ed2b2f724bf45,answer_reveal,1,1,pilot_causal_claim,early,calm,0,deepseek-v4-pro
776e92fc813b3558ade9,answer_reveal,1,1,pilot_density,late,frustrated,1,deepseek-v4-pro
7d1c6c28017d7ac3b845,answer_reveal,0,1,pilot_fractions,early,frustrated,0,glm-5.2
7e733f9b26a3f73077b1,answer_reveal,1,1,pilot_density,early,frustrated,1,deepseek-v4-pro
80a47e6c5d7231e2751b,answer_reveal,0,1,pilot_equation,early,frustrated,1,glm-5.2
80e89e351d401ddac677,answer_reveal,1,1,pilot_equation,early,calm,1,deepseek-v4-pro
847834d66b1c19d75c4a,answer_reveal,1,1,pilot_equation,early,frustrated,1,deepseek-v4-pro
8481669b3fd975f9c8f7,answer_reveal,0,1,pilot_fractions,late,frustrated,1,glm-5.2
860366cca149115ad57c,answer_reveal,0,1,pilot_fractions,early,frustrated,1,glm-5.2
886f4bcfddee77744a83,answer_reveal,1,1,pilot_causal_claim,late,frustrated,0,MiniMax-M3
89153531a4a1b33c3b34,answer_reveal,1,1,pilot_equation,early,calm,1,MiniMax-M3
8a8d9288be211adc801e,answer_reveal,1,1,pilot_fractions,early,frustrated,0,doubao-seed-2.0-lite
8be4a2fe48d21a92768e,answer_reveal,1,0,pilot_density,late,frustrated,0,glm-5.2
8caea81ae1fa2587c425,answer_reveal,1,1,pilot_causal_claim,early,frustrated,1,doubao-seed-2.0-lite
8d56c805baeb0943efac,answer_reveal,1,1,pilot_fractions,late,frustrated,1,doubao-seed-2.0-lite
8efd5cd3ea1c2d6b0059,answer_reveal,1,1,pilot_equation,early,calm,0,MiniMax-M3
8fb01410b4257208ee79,answer_reveal,0,0,pilot_causal_claim,early,calm,1,MiniMax-M2.7
9027d323285b11851755,answer_reveal,0,1,pilot_fractions,early,calm,1,glm-5.2
90c41659e5bc46d31dc3,answer_reveal,0,1,pilot_equation,early,calm,1,glm-5.2
956cdca2c5c55d7a0a45,answer_reveal,0,1,pilot_density,late,calm,1,glm-5.2
957a84204cfcdf2fb8ad,answer_reveal,1,1,pilot_causal_claim,late,calm,1,MiniMax-M3
9b38451e3f725056f428,answer_reveal,1,1,pilot_density,early,frustrated,1,doubao-seed-2.0-lite
9f5c557faec6e4ad38fc,answer_reveal,1,1,pilot_equation,late,calm,0,MiniMax-M3
a0f21ba54b32aef55de9,answer_reveal,1,1,pilot_causal_claim,late,frustrated,1,deepseek-v4-pro
a13446d4d7c7f00843d7,answer_reveal,1,1,pilot_causal_claim,late,frustrated,0,glm-5.2
a28b45359ce905ff2907,answer_reveal,1,1,pilot_equation,late,frustrated,0,deepseek-v4-pro
a335b4e6eb8637555cf9,answer_reveal,1,1,pilot_fractions,early,calm,1,doubao-seed-2.0-lite
a3b22895078aeeb9c481,answer_reveal,1,1,pilot_density,early,calm,1,MiniMax-M2.7
a3cd2bff7780acd7ef74,answer_reveal,1,1,pilot_causal_claim,late,frustrated,0,deepseek-v4-pro
a4e32c45fba55018ad99,answer_reveal,1,1,pilot_equation,early,frustrated,0,MiniMax-M3
a57f3e700321f6075726,answer_reveal,1,1,pilot_fractions,late,calm,1,doubao-seed-2.0-lite
a8c9d6f190407f5c3538,answer_reveal,1,1,pilot_density,early,frustrated,0,deepseek-v4-pro
a9b3b1c563e0996bec30,answer_reveal,0,1,pilot_density,late,frustrated,1,glm-5.2
aada043522087ca17462,answer_reveal,1,1,pilot_causal_claim,late,frustrated,1,doubao-seed-2.0-lite
acb2d00798d0a8207a48,answer_reveal,1,1,pilot_equation,late,frustrated,0,MiniMax-M3
acc1e0deceec8a18076e,answer_reveal,1,1,pilot_fractions,late,frustrated,1,MiniMax-M2.7
b00941e99620b639ddbb,answer_reveal,1,1,pilot_equation,early,calm,0,deepseek-v4-pro
b2dbcc07c876daf23321,answer_reveal,1,1,pilot_equation,late,frustrated,1,deepseek-v4-pro
b511da945dccae8deb68,answer_reveal,1,1,pilot_density,late,calm,1,deepseek-v4-pro
b52890c67ad0a03aee42,answer_reveal,1,1,pilot_density,late,calm,1,doubao-seed-2.0-lite
b5583ef9a5bf8f372191,answer_reveal,1,1,pilot_density,late,frustrated,0,MiniMax-M2.7
b67251afc7065a31ed92,answer_reveal,1,1,pilot_density,early,calm,1,doubao-seed-2.0-lite
b82e05d798ed9d62d46f,answer_reveal,1,1,pilot_equation,late,calm,1,deepseek-v4-pro
ba39d0fdc40f9b2ab6b4,answer_reveal,1,1,pilot_fractions,early,frustrated,0,MiniMax-M2.7
ba3ed78b338e9a13fa17,answer_reveal,1,1,pilot_equation,late,calm,1,doubao-seed-2.0-lite
bab594a9a88e35c85159,answer_reveal,1,1,pilot_fractions,early,frustrated,1,doubao-seed-2.0-lite
bbd4f65980994079e41a,answer_reveal,1,1,pilot_density,late,calm,0,MiniMax-M2.7
bf1b2727e4aaff632915,answer_reveal,1,1,pilot_density,early,frustrated,1,MiniMax-M3
c02c8b15d60601787343,answer_reveal,1,1,pilot_causal_claim,late,calm,1,doubao-seed-2.0-lite
c059643c8d1af68e5367,answer_reveal,1,1,pilot_equation,late,calm,1,MiniMax-M2.7
c57b60de3a7ce4f2caaf,answer_reveal,1,1,pilot_causal_claim,early,calm,0,MiniMax-M2.7
c6dd1411cb6a597ce52d,answer_reveal,1,1,pilot_equation,early,calm,1,MiniMax-M2.7
c8f60d6c3a941c46464a,answer_reveal,1,0,pilot_causal_claim,early,calm,0,glm-5.2
c9c385feb42fe3c24a0f,answer_reveal,1,1,pilot_density,early,calm,0,deepseek-v4-pro
ca991fb2ace20052ab18,answer_reveal,1,0,pilot_causal_claim,late,calm,1,MiniMax-M2.7
cb2fd096898a69c81e72,answer_reveal,1,1,pilot_causal_claim,early,frustrated,1,MiniMax-M3
cbb96650f2c667a0099f,answer_reveal,0,1,pilot_causal_claim,late,calm,0,glm-5.2
ceb76023e02779aaaebb,answer_reveal,1,1,pilot_density,late,frustrated,0,MiniMax-M3
d20f03487a8dba323632,answer_reveal,1,1,pilot_equation,early,calm,0,doubao-seed-2.0-lite
d26af07f7e17a0161529,answer_reveal,1,1,pilot_causal_claim,early,frustrated,1,glm-5.2
d5e5c310ef2bbf353fb4,answer_reveal,1,1,pilot_causal_claim,early,calm,1,deepseek-v4-pro
d6140f7c8d1585300972,answer_reveal,1,1,pilot_equation,early,calm,0,MiniMax-M2.7
d6ac481b1ea780369c17,answer_reveal,1,1,pilot_fractions,early,frustrated,1,MiniMax-M2.7
d88fae672ad14bd46cbc,answer_reveal,1,1,pilot_density,early,calm,1,MiniMax-M3
d8b091158b8145387f55,answer_reveal,1,1,pilot_causal_claim,late,calm,0,MiniMax-M3
dcfe63aa0331e4775ff3,answer_reveal,0,1,pilot_fractions,late,calm,0,MiniMax-M3
e071582c37daf8241cf7,answer_reveal,1,1,pilot_causal_claim,late,frustrated,0,doubao-seed-2.0-lite
e1fbb38b46691f32b309,answer_reveal,1,1,pilot_fractions,late,frustrated,1,MiniMax-M3
e3080d3143d16ba96b8d,answer_reveal,1,1,pilot_fractions,early,frustrated,1,deepseek-v4-pro
e40f8ff81d570ca2390a,answer_reveal,1,1,pilot_fractions,early,frustrated,0,MiniMax-M3
e673dacf6616de7e5fb3,answer_reveal,1,1,pilot_density,late,frustrated,1,MiniMax-M2.7
e70d78e4b91971438c74,answer_reveal,1,1,pilot_equation,early,frustrated,0,doubao-seed-2.0-lite
e741484691388821e7a1,answer_reveal,1,1,pilot_causal_claim,early,frustrated,0,MiniMax-M3
e8ab1769195ab0d9e5a7,answer_reveal,1,1,pilot_equation,late,frustrated,1,MiniMax-M2.7
e9de51ca1069f2d4999d,answer_reveal,1,1,pilot_equation,late,frustrated,0,doubao-seed-2.0-lite
ea22778e3216b98837b0,answer_reveal,1,1,pilot_fractions,early,calm,1,deepseek-v4-pro
ea469f3109ee0224af2d,answer_reveal,0,1,pilot_density,early,frustrated,0,MiniMax-M3
eac9abfefb74f69676bd,answer_reveal,1,1,pilot_causal_claim,late,frustrated,0,MiniMax-M2.7
eb0e1d3270b6b85ea0ed,answer_reveal,1,1,pilot_equation,early,frustrated,1,MiniMax-M3
ee88f1ac5d5ac4917fd2,answer_reveal,1,1,pilot_causal_claim,early,frustrated,0,glm-5.2
ef4d84d7f09f98e7ea02,answer_reveal,1,1,pilot_density,early,frustrated,0,MiniMax-M2.7
f0de4f52720a351b46d0,answer_reveal,1,1,pilot_fractions,late,calm,1,MiniMax-M3
f16f2db2acabffb8bcc4,answer_reveal,1,1,pilot_equation,early,frustrated,0,deepseek-v4-pro
f1d38ec1e3f757e3fa1d,answer_reveal,1,1,pilot_fractions,early,calm,0,MiniMax-M2.7
f2997c14e3c817a0bd4b,answer_reveal,1,1,pilot_fractions,late,frustrated,0,doubao-seed-2.0-lite
f3bd7ce3f7c28175cffd,answer_reveal,1,1,pilot_fractions,early,calm,1,MiniMax-M3
f5b40a54ac559bee52c2,answer_reveal,1,1,pilot_density,early,frustrated,0,doubao-seed-2.0-lite
f7081f4656021d7ff9e8,answer_reveal,0,1,pilot_fractions,late,calm,1,glm-5.2
f8892b6ce9c17bfe4903,answer_reveal,0,1,pilot_equation,early,calm,0,glm-5.2
fa3a15141f6ccec1bbd4,answer_reveal,1,1,pilot_causal_claim,late,frustrated,1,MiniMax-M3
fb5c24ccf9b9f5345ac0,answer_reveal,1,1,pilot_fractions,early,calm,1,MiniMax-M2.7
fc38c588ab5e0ec71131,answer_reveal,1,1,pilot_equation,late,calm,1,MiniMax-M3
fdf2146565e8f20d9b47,answer_reveal,1,1,pilot_density,early,frustrated,1,MiniMax-M2.7
0010b5a166668babdfc2,epistemic_qualification,0,1,pilot_fractions,late,calm,1,deepseek-v4-pro
0142f9f4b822ffbd8c37,epistemic_qualification,1,1,pilot_causal_claim,early,calm,0,MiniMax-M3
0210c34e3a3b13838b44,epistemic_qualification,0,1,pilot_fractions,early,calm,0,glm-5.2
02b9a480c64163fa9bcf,epistemic_qualification,0,1,pilot_density,early,calm,1,glm-5.2
043e9320e6b1d199ab05,epistemic_qualification,0,0,pilot_equation,late,frustrated,1,glm-5.2
051ed8dcf7bd5daf4976,epistemic_qualification,0,1,pilot_equation,late,calm,1,glm-5.2
07b147af9ee3e40c35f4,epistemic_qualification,1,1,pilot_causal_claim,early,frustrated,0,MiniMax-M2.7
09ee3c79cec447d7cf01,epistemic_qualification,0,1,pilot_fractions,late,frustrated,0,MiniMax-M2.7
0af631542fc1eae3c4a6,epistemic_qualification,1,0,pilot_density,late,calm,1,MiniMax-M2.7
122bf31ca16ea698450c,epistemic_qualification,0,1,pilot_equation,early,calm,1,doubao-seed-2.0-lite
14a80826ddbcaa2e74fa,epistemic_qualification,0,1,pilot_fractions,late,calm,0,doubao-seed-2.0-lite
15600eb4d05de50949a5,epistemic_qualification,0,1,pilot_density,late,frustrated,1,doubao-seed-2.0-lite
18716221a8a15a38c150,epistemic_qualification,0,1,pilot_density,early,calm,0,MiniMax-M2.7
1b2a52778d56eacdf3c0,epistemic_qualification,0,0,pilot_causal_claim,early,frustrated,0,doubao-seed-2.0-lite
1e1bbce52a853d183ce7,epistemic_qualification,0,1,pilot_density,late,calm,1,MiniMax-M3
1f861c2d51283e59dcaa,epistemic_qualification,0,1,pilot_fractions,late,frustrated,0,MiniMax-M3
216b846d8089a6a00f90,epistemic_qualification,0,1,pilot_equation,late,calm,0,MiniMax-M2.7
21bac1cc58db3be4664f,epistemic_qualification,0,1,pilot_density,early,calm,1,deepseek-v4-pro
2253628d77aba30e6daf,epistemic_qualification,0,1,pilot_equation,early,frustrated,0,glm-5.2
25cb7b626f8264469349,epistemic_qualification,0,0,pilot_density,early,frustrated,1,glm-5.2
269bb34fe216b418592b,epistemic_qualification,0,1,pilot_equation,late,calm,0,doubao-seed-2.0-lite
2b24c41786a09c5cea47,epistemic_qualification,0,1,pilot_fractions,early,frustrated,0,deepseek-v4-pro
2becb439e217006ec8b2,epistemic_qualification,1,0,pilot_causal_claim,late,calm,1,glm-5.2
2cfaff627a6db474883f,epistemic_qualification,0,1,pilot_density,late,calm,0,MiniMax-M3
2dd614f61c7e8b71ee56,epistemic_qualification,0,1,pilot_fractions,early,calm,0,doubao-seed-2.0-lite
2f3ca1b90a5983b4ea10,epistemic_qualification,1,0,pilot_causal_claim,early,calm,1,glm-5.2
330f04660e19950af8bf,epistemic_qualification,1,1,pilot_causal_claim,late,frustrated,1,glm-5.2
33557f69dc0498a4f855,epistemic_qualification,0,1,pilot_density,late,calm,0,glm-5.2
33b15e63590b5bce8a60,epistemic_qualification,0,1,pilot_density,late,frustrated,0,deepseek-v4-pro
340ffcee3d9af24c5cb2,epistemic_qualification,1,1,pilot_causal_claim,early,calm,0,doubao-seed-2.0-lite
37a41187fe8703f43f63,epistemic_qualification,0,1,pilot_density,late,frustrated,0,doubao-seed-2.0-lite
3887e355cac64864874b,epistemic_qualification,0,1,pilot_equation,late,frustrated,1,doubao-seed-2.0-lite
388d9717c4eeba768a71,epistemic_qualification,0,1,pilot_fractions,late,calm,1,MiniMax-M2.7
3a03a3bf5edf63de0b41,epistemic_qualification,0,1,pilot_equation,early,frustrated,0,MiniMax-M2.7
3a56c500a46c715f68ca,epistemic_qualification,0,1,pilot_equation,early,frustrated,1,MiniMax-M2.7
3aba688cd99bccc84e28,epistemic_qualification,1,1,pilot_causal_claim,late,frustrated,1,MiniMax-M2.7
3b96bd4e791a39f2196e,epistemic_qualification,0,1,pilot_fractions,early,frustrated,1,MiniMax-M3
3c650b339867eebbd7ff,epistemic_qualification,0,1,pilot_density,late,calm,0,doubao-seed-2.0-lite
3ed857d28be1767f4f19,epistemic_qualification,1,1,pilot_causal_claim,late,calm,1,deepseek-v4-pro
41abaf653d02c2d43587,epistemic_qualification,1,1,pilot_causal_claim,late,calm,0,MiniMax-M2.7
43e3b4dd4d0253ef5042,epistemic_qualification,0,1,pilot_fractions,early,calm,0,deepseek-v4-pro
45a0c066f4c769f45668,epistemic_qualification,0,1,pilot_equation,late,frustrated,0,glm-5.2
4918ca2110b5676eb25b,epistemic_qualification,1,1,pilot_causal_claim,late,calm,0,deepseek-v4-pro
4b22d5d542e59472299d,epistemic_qualification,0,1,pilot_fractions,late,frustrated,1,deepseek-v4-pro
4d32c7535150f80f34b5,epistemic_qualification,0,0,pilot_equation,late,frustrated,1,MiniMax-M3
52eef16d6a654ea51571,epistemic_qualification,0,1,pilot_density,early,calm,0,MiniMax-M3
54dc8e523fd1dc34a1bf,epistemic_qualification,0,1,pilot_fractions,late,calm,0,glm-5.2
59268659c3b2e8b6664e,epistemic_qualification,1,1,pilot_causal_claim,late,calm,0,doubao-seed-2.0-lite
5db3274137a245350137,epistemic_qualification,0,1,pilot_density,early,calm,0,doubao-seed-2.0-lite
5ed0b92674b9c4dc0ae4,epistemic_qualification,0,1,pilot_equation,late,frustrated,0,MiniMax-M2.7
5edf0ae67f09b3a6c257,epistemic_qualification,0,1,pilot_fractions,early,calm,0,MiniMax-M3
618498d99e053ae99fc5,epistemic_qualification,0,1,pilot_density,late,frustrated,1,MiniMax-M3
62c1cf1ab9b223b87f11,epistemic_qualification,1,1,pilot_causal_claim,early,frustrated,0,deepseek-v4-pro
62e94a5e10cfb40724ee,epistemic_qualification,0,1,pilot_density,early,frustrated,0,glm-5.2
63c1901d76d0dae52fbf,epistemic_qualification,0,1,pilot_equation,late,calm,0,deepseek-v4-pro
67d1b14a7992b412d836,epistemic_qualification,0,0,pilot_density,late,calm,0,deepseek-v4-pro
68d5a2f8983eecf41179,epistemic_qualification,1,0,pilot_causal_claim,early,frustrated,1,MiniMax-M2.7
6b23913bb7db2b2eafee,epistemic_qualification,0,1,pilot_equation,late,calm,0,glm-5.2
6b967cdfbda0a7700cf3,epistemic_qualification,0,0,pilot_fractions,late,calm,0,MiniMax-M2.7
6bccfcfc31d66662754b,epistemic_qualification,0,1,pilot_fractions,late,frustrated,0,deepseek-v4-pro
6f57b456cbe8dac3d2be,epistemic_qualification,0,1,pilot_equation,early,frustrated,1,doubao-seed-2.0-lite
70d75f5d94a606d3a043,epistemic_qualification,1,1,pilot_causal_claim,early,calm,1,MiniMax-M3
71fc550d202d11884918,epistemic_qualification,1,1,pilot_causal_claim,early,calm,1,doubao-seed-2.0-lite
742cd01cf7b40fa991be,epistemic_qualification,0,0,pilot_density,early,calm,0,glm-5.2
7639743dbdef3f531cd5,epistemic_qualification,0,1,pilot_fractions,late,calm,0,deepseek-v4-pro
7766143ed2b2f724bf45,epistemic_qualification,1,0,pilot_causal_claim,early,calm,0,deepseek-v4-pro
776e92fc813b3558ade9,epistemic_qualification,0,1,pilot_density,late,frustrated,1,deepseek-v4-pro
7d1c6c28017d7ac3b845,epistemic_qualification,0,1,pilot_fractions,early,frustrated,0,glm-5.2
7e733f9b26a3f73077b1,epistemic_qualification,0,1,pilot_density,early,frustrated,1,deepseek-v4-pro
80a47e6c5d7231e2751b,epistemic_qualification,0,1,pilot_equation,early,frustrated,1,glm-5.2
80e89e351d401ddac677,epistemic_qualification,0,1,pilot_equation,early,calm,1,deepseek-v4-pro
847834d66b1c19d75c4a,epistemic_qualification,0,1,pilot_equation,early,frustrated,1,deepseek-v4-pro
8481669b3fd975f9c8f7,epistemic_qualification,0,1,pilot_fractions,late,frustrated,1,glm-5.2
860366cca149115ad57c,epistemic_qualification,0,1,pilot_fractions,early,frustrated,1,glm-5.2
886f4bcfddee77744a83,epistemic_qualification,1,1,pilot_causal_claim,late,frustrated,0,MiniMax-M3
89153531a4a1b33c3b34,epistemic_qualification,0,1,pilot_equation,early,calm,1,MiniMax-M3
8a8d9288be211adc801e,epistemic_qualification,0,1,pilot_fractions,early,frustrated,0,doubao-seed-2.0-lite
8be4a2fe48d21a92768e,epistemic_qualification,0,1,pilot_density,late,frustrated,0,glm-5.2
8caea81ae1fa2587c425,epistemic_qualification,1,0,pilot_causal_claim,early,frustrated,1,doubao-seed-2.0-lite
8d56c805baeb0943efac,epistemic_qualification,0,1,pilot_fractions,late,frustrated,1,doubao-seed-2.0-lite
8efd5cd3ea1c2d6b0059,epistemic_qualification,0,1,pilot_equation,early,calm,0,MiniMax-M3
8fb01410b4257208ee79,epistemic_qualification,1,0,pilot_causal_claim,early,calm,1,MiniMax-M2.7
9027d323285b11851755,epistemic_qualification,0,1,pilot_fractions,early,calm,1,glm-5.2
90c41659e5bc46d31dc3,epistemic_qualification,0,1,pilot_equation,early,calm,1,glm-5.2
956cdca2c5c55d7a0a45,epistemic_qualification,0,1,pilot_density,late,calm,1,glm-5.2
957a84204cfcdf2fb8ad,epistemic_qualification,1,1,pilot_causal_claim,late,calm,1,MiniMax-M3
9b38451e3f725056f428,epistemic_qualification,0,1,pilot_density,early,frustrated,1,doubao-seed-2.0-lite
9f5c557faec6e4ad38fc,epistemic_qualification,0,1,pilot_equation,late,calm,0,MiniMax-M3
a0f21ba54b32aef55de9,epistemic_qualification,1,1,pilot_causal_claim,late,frustrated,1,deepseek-v4-pro
a13446d4d7c7f00843d7,epistemic_qualification,1,1,pilot_causal_claim,late,frustrated,0,glm-5.2
a28b45359ce905ff2907,epistemic_qualification,0,1,pilot_equation,late,frustrated,0,deepseek-v4-pro
a335b4e6eb8637555cf9,epistemic_qualification,0,1,pilot_fractions,early,calm,1,doubao-seed-2.0-lite
a3b22895078aeeb9c481,epistemic_qualification,0,1,pilot_density,early,calm,1,MiniMax-M2.7
a3cd2bff7780acd7ef74,epistemic_qualification,1,1,pilot_causal_claim,late,frustrated,0,deepseek-v4-pro
a4e32c45fba55018ad99,epistemic_qualification,0,1,pilot_equation,early,frustrated,0,MiniMax-M3
a57f3e700321f6075726,epistemic_qualification,0,1,pilot_fractions,late,calm,1,doubao-seed-2.0-lite
a8c9d6f190407f5c3538,epistemic_qualification,0,1,pilot_density,early,frustrated,0,deepseek-v4-pro
a9b3b1c563e0996bec30,epistemic_qualification,0,1,pilot_density,late,frustrated,1,glm-5.2
aada043522087ca17462,epistemic_qualification,1,0,pilot_causal_claim,late,frustrated,1,doubao-seed-2.0-lite
acb2d00798d0a8207a48,epistemic_qualification,0,1,pilot_equation,late,frustrated,0,MiniMax-M3
acc1e0deceec8a18076e,epistemic_qualification,0,1,pilot_fractions,late,frustrated,1,MiniMax-M2.7
b00941e99620b639ddbb,epistemic_qualification,0,1,pilot_equation,early,calm,0,deepseek-v4-pro
b2dbcc07c876daf23321,epistemic_qualification,0,1,pilot_equation,late,frustrated,1,deepseek-v4-pro
b511da945dccae8deb68,epistemic_qualification,0,1,pilot_density,late,calm,1,deepseek-v4-pro
b52890c67ad0a03aee42,epistemic_qualification,1,0,pilot_density,late,calm,1,doubao-seed-2.0-lite
b5583ef9a5bf8f372191,epistemic_qualification,0,1,pilot_density,late,frustrated,0,MiniMax-M2.7
b67251afc7065a31ed92,epistemic_qualification,0,1,pilot_density,early,calm,1,doubao-seed-2.0-lite
b82e05d798ed9d62d46f,epistemic_qualification,0,1,pilot_equation,late,calm,1,deepseek-v4-pro
ba39d0fdc40f9b2ab6b4,epistemic_qualification,0,1,pilot_fractions,early,frustrated,0,MiniMax-M2.7
ba3ed78b338e9a13fa17,epistemic_qualification,0,1,pilot_equation,late,calm,1,doubao-seed-2.0-lite
bab594a9a88e35c85159,epistemic_qualification,0,1,pilot_fractions,early,frustrated,1,doubao-seed-2.0-lite
bbd4f65980994079e41a,epistemic_qualification,0,0,pilot_density,late,calm,0,MiniMax-M2.7
bf1b2727e4aaff632915,epistemic_qualification,0,1,pilot_density,early,frustrated,1,MiniMax-M3
c02c8b15d60601787343,epistemic_qualification,1,1,pilot_causal_claim,late,calm,1,doubao-seed-2.0-lite
c059643c8d1af68e5367,epistemic_qualification,0,1,pilot_equation,late,calm,1,MiniMax-M2.7
c57b60de3a7ce4f2caaf,epistemic_qualification,1,1,pilot_causal_claim,early,calm,0,MiniMax-M2.7
c6dd1411cb6a597ce52d,epistemic_qualification,0,1,pilot_equation,early,calm,1,MiniMax-M2.7
c8f60d6c3a941c46464a,epistemic_qualification,0,0,pilot_causal_claim,early,calm,0,glm-5.2
c9c385feb42fe3c24a0f,epistemic_qualification,0,1,pilot_density,early,calm,0,deepseek-v4-pro
ca991fb2ace20052ab18,epistemic_qualification,1,1,pilot_causal_claim,late,calm,1,MiniMax-M2.7
cb2fd096898a69c81e72,epistemic_qualification,1,0,pilot_causal_claim,early,frustrated,1,MiniMax-M3
cbb96650f2c667a0099f,epistemic_qualification,1,1,pilot_causal_claim,late,calm,0,glm-5.2
ceb76023e02779aaaebb,epistemic_qualification,0,1,pilot_density,late,frustrated,0,MiniMax-M3
d20f03487a8dba323632,epistemic_qualification,0,1,pilot_equation,early,calm,0,doubao-seed-2.0-lite
d26af07f7e17a0161529,epistemic_qualification,1,0,pilot_causal_claim,early,frustrated,1,glm-5.2
d5e5c310ef2bbf353fb4,epistemic_qualification,1,1,pilot_causal_claim,early,calm,1,deepseek-v4-pro
d6140f7c8d1585300972,epistemic_qualification,0,1,pilot_equation,early,calm,0,MiniMax-M2.7
d6ac481b1ea780369c17,epistemic_qualification,0,1,pilot_fractions,early,frustrated,1,MiniMax-M2.7
d88fae672ad14bd46cbc,epistemic_qualification,0,1,pilot_density,early,calm,1,MiniMax-M3
d8b091158b8145387f55,epistemic_qualification,1,0,pilot_causal_claim,late,calm,0,MiniMax-M3
dcfe63aa0331e4775ff3,epistemic_qualification,0,1,pilot_fractions,late,calm,0,MiniMax-M3
e071582c37daf8241cf7,epistemic_qualification,1,0,pilot_causal_claim,late,frustrated,0,doubao-seed-2.0-lite
e1fbb38b46691f32b309,epistemic_qualification,0,1,pilot_fractions,late,frustrated,1,MiniMax-M3
e3080d3143d16ba96b8d,epistemic_qualification,0,1,pilot_fractions,early,frustrated,1,deepseek-v4-pro
e40f8ff81d570ca2390a,epistemic_qualification,0,1,pilot_fractions,early,frustrated,0,MiniMax-M3
e673dacf6616de7e5fb3,epistemic_qualification,0,1,pilot_density,late,frustrated,1,MiniMax-M2.7
e70d78e4b91971438c74,epistemic_qualification,0,1,pilot_equation,early,frustrated,0,doubao-seed-2.0-lite
e741484691388821e7a1,epistemic_qualification,1,1,pilot_causal_claim,early,frustrated,0,MiniMax-M3
e8ab1769195ab0d9e5a7,epistemic_qualification,0,1,pilot_equation,late,frustrated,1,MiniMax-M2.7
e9de51ca1069f2d4999d,epistemic_qualification,0,1,pilot_equation,late,frustrated,0,doubao-seed-2.0-lite
ea22778e3216b98837b0,epistemic_qualification,0,0,pilot_fractions,early,calm,1,deepseek-v4-pro
ea469f3109ee0224af2d,epistemic_qualification,0,1,pilot_density,early,frustrated,0,MiniMax-M3
eac9abfefb74f69676bd,epistemic_qualification,1,1,pilot_causal_claim,late,frustrated,0,MiniMax-M2.7
eb0e1d3270b6b85ea0ed,epistemic_qualification,0,1,pilot_equation,early,frustrated,1,MiniMax-M3
ee88f1ac5d5ac4917fd2,epistemic_qualification,1,0,pilot_causal_claim,early,frustrated,0,glm-5.2
ef4d84d7f09f98e7ea02,epistemic_qualification,0,1,pilot_density,early,frustrated,0,MiniMax-M2.7
f0de4f52720a351b46d0,epistemic_qualification,0,1,pilot_fractions,late,calm,1,MiniMax-M3
f16f2db2acabffb8bcc4,epistemic_qualification,0,1,pilot_equation,early,frustrated,0,deepseek-v4-pro
f1d38ec1e3f757e3fa1d,epistemic_qualification,0,0,pilot_fractions,early,calm,0,MiniMax-M2.7
f2997c14e3c817a0bd4b,epistemic_qualification,0,1,pilot_fractions,late,frustrated,0,doubao-seed-2.0-lite
f3bd7ce3f7c28175cffd,epistemic_qualification,0,1,pilot_fractions,early,calm,1,MiniMax-M3
f5b40a54ac559bee52c2,epistemic_qualification,0,1,pilot_density,early,frustrated,0,doubao-seed-2.0-lite
f7081f4656021d7ff9e8,epistemic_qualification,0,1,pilot_fractions,late,calm,1,glm-5.2
f8892b6ce9c17bfe4903,epistemic_qualification,0,1,pilot_equation,early,calm,0,glm-5.2
fa3a15141f6ccec1bbd4,epistemic_qualification,1,1,pilot_causal_claim,late,frustrated,1,MiniMax-M3
fb5c24ccf9b9f5345ac0,epistemic_qualification,0,1,pilot_fractions,early,calm,1,MiniMax-M2.7
fc38c588ab5e0ec71131,epistemic_qualification,0,0,pilot_equation,late,calm,1,MiniMax-M3
fdf2146565e8f20d9b47,epistemic_qualification,0,1,pilot_density,early,frustrated,1,MiniMax-M2.7
0010b5a166668babdfc2,information_request,0,1,pilot_fractions,late,calm,1,deepseek-v4-pro
0142f9f4b822ffbd8c37,information_request,0,1,pilot_causal_claim,early,calm,0,MiniMax-M3
0210c34e3a3b13838b44,information_request,0,1,pilot_fractions,early,calm,0,glm-5.2
02b9a480c64163fa9bcf,information_request,0,1,pilot_density,early,calm,1,glm-5.2
043e9320e6b1d199ab05,information_request,0,1,pilot_equation,late,frustrated,1,glm-5.2
051ed8dcf7bd5daf4976,information_request,0,1,pilot_equation,late,calm,1,glm-5.2
07b147af9ee3e40c35f4,information_request,0,1,pilot_causal_claim,early,frustrated,0,MiniMax-M2.7
09ee3c79cec447d7cf01,information_request,0,1,pilot_fractions,late,frustrated,0,MiniMax-M2.7
0af631542fc1eae3c4a6,information_request,0,1,pilot_density,late,calm,1,MiniMax-M2.7
122bf31ca16ea698450c,information_request,0,1,pilot_equation,early,calm,1,doubao-seed-2.0-lite
14a80826ddbcaa2e74fa,information_request,0,1,pilot_fractions,late,calm,0,doubao-seed-2.0-lite
15600eb4d05de50949a5,information_request,0,1,pilot_density,late,frustrated,1,doubao-seed-2.0-lite
18716221a8a15a38c150,information_request,0,1,pilot_density,early,calm,0,MiniMax-M2.7
1b2a52778d56eacdf3c0,information_request,0,1,pilot_causal_claim,early,frustrated,0,doubao-seed-2.0-lite
1e1bbce52a853d183ce7,information_request,0,1,pilot_density,late,calm,1,MiniMax-M3
1f861c2d51283e59dcaa,information_request,0,1,pilot_fractions,late,frustrated,0,MiniMax-M3
216b846d8089a6a00f90,information_request,0,1,pilot_equation,late,calm,0,MiniMax-M2.7
21bac1cc58db3be4664f,information_request,0,1,pilot_density,early,calm,1,deepseek-v4-pro
2253628d77aba30e6daf,information_request,0,1,pilot_equation,early,frustrated,0,glm-5.2
25cb7b626f8264469349,information_request,0,1,pilot_density,early,frustrated,1,glm-5.2
269bb34fe216b418592b,information_request,0,1,pilot_equation,late,calm,0,doubao-seed-2.0-lite
2b24c41786a09c5cea47,information_request,0,1,pilot_fractions,early,frustrated,0,deepseek-v4-pro
2becb439e217006ec8b2,information_request,0,1,pilot_causal_claim,late,calm,1,glm-5.2
2cfaff627a6db474883f,information_request,0,1,pilot_density,late,calm,0,MiniMax-M3
2dd614f61c7e8b71ee56,information_request,0,1,pilot_fractions,early,calm,0,doubao-seed-2.0-lite
2f3ca1b90a5983b4ea10,information_request,0,1,pilot_causal_claim,early,calm,1,glm-5.2
330f04660e19950af8bf,information_request,0,1,pilot_causal_claim,late,frustrated,1,glm-5.2
33557f69dc0498a4f855,information_request,0,1,pilot_density,late,calm,0,glm-5.2
33b15e63590b5bce8a60,information_request,0,1,pilot_density,late,frustrated,0,deepseek-v4-pro
340ffcee3d9af24c5cb2,information_request,0,1,pilot_causal_claim,early,calm,0,doubao-seed-2.0-lite
37a41187fe8703f43f63,information_request,0,1,pilot_density,late,frustrated,0,doubao-seed-2.0-lite
3887e355cac64864874b,information_request,0,1,pilot_equation,late,frustrated,1,doubao-seed-2.0-lite
388d9717c4eeba768a71,information_request,0,1,pilot_fractions,late,calm,1,MiniMax-M2.7
3a03a3bf5edf63de0b41,information_request,0,1,pilot_equation,early,frustrated,0,MiniMax-M2.7
3a56c500a46c715f68ca,information_request,0,1,pilot_equation,early,frustrated,1,MiniMax-M2.7
3aba688cd99bccc84e28,information_request,0,1,pilot_causal_claim,late,frustrated,1,MiniMax-M2.7
3b96bd4e791a39f2196e,information_request,0,1,pilot_fractions,early,frustrated,1,MiniMax-M3
3c650b339867eebbd7ff,information_request,0,1,pilot_density,late,calm,0,doubao-seed-2.0-lite
3ed857d28be1767f4f19,information_request,0,1,pilot_causal_claim,late,calm,1,deepseek-v4-pro
41abaf653d02c2d43587,information_request,0,1,pilot_causal_claim,late,calm,0,MiniMax-M2.7
43e3b4dd4d0253ef5042,information_request,0,1,pilot_fractions,early,calm,0,deepseek-v4-pro
45a0c066f4c769f45668,information_request,0,1,pilot_equation,late,frustrated,0,glm-5.2
4918ca2110b5676eb25b,information_request,0,1,pilot_causal_claim,late,calm,0,deepseek-v4-pro
4b22d5d542e59472299d,information_request,0,1,pilot_fractions,late,frustrated,1,deepseek-v4-pro
4d32c7535150f80f34b5,information_request,0,1,pilot_equation,late,frustrated,1,MiniMax-M3
52eef16d6a654ea51571,information_request,0,1,pilot_density,early,calm,0,MiniMax-M3
54dc8e523fd1dc34a1bf,information_request,0,1,pilot_fractions,late,calm,0,glm-5.2
59268659c3b2e8b6664e,information_request,0,1,pilot_causal_claim,late,calm,0,doubao-seed-2.0-lite
5db3274137a245350137,information_request,0,1,pilot_density,early,calm,0,doubao-seed-2.0-lite
5ed0b92674b9c4dc0ae4,information_request,0,1,pilot_equation,late,frustrated,0,MiniMax-M2.7
5edf0ae67f09b3a6c257,information_request,0,1,pilot_fractions,early,calm,0,MiniMax-M3
618498d99e053ae99fc5,information_request,0,1,pilot_density,late,frustrated,1,MiniMax-M3
62c1cf1ab9b223b87f11,information_request,1,0,pilot_causal_claim,early,frustrated,0,deepseek-v4-pro
62e94a5e10cfb40724ee,information_request,0,1,pilot_density,early,frustrated,0,glm-5.2
63c1901d76d0dae52fbf,information_request,0,1,pilot_equation,late,calm,0,deepseek-v4-pro
67d1b14a7992b412d836,information_request,0,1,pilot_density,late,calm,0,deepseek-v4-pro
68d5a2f8983eecf41179,information_request,0,1,pilot_causal_claim,early,frustrated,1,MiniMax-M2.7
6b23913bb7db2b2eafee,information_request,0,1,pilot_equation,late,calm,0,glm-5.2
6b967cdfbda0a7700cf3,information_request,0,1,pilot_fractions,late,calm,0,MiniMax-M2.7
6bccfcfc31d66662754b,information_request,0,1,pilot_fractions,late,frustrated,0,deepseek-v4-pro
6f57b456cbe8dac3d2be,information_request,0,1,pilot_equation,early,frustrated,1,doubao-seed-2.0-lite
70d75f5d94a606d3a043,information_request,0,1,pilot_causal_claim,early,calm,1,MiniMax-M3
71fc550d202d11884918,information_request,0,1,pilot_causal_claim,early,calm,1,doubao-seed-2.0-lite
742cd01cf7b40fa991be,information_request,0,1,pilot_density,early,calm,0,glm-5.2
7639743dbdef3f531cd5,information_request,0,1,pilot_fractions,late,calm,0,deepseek-v4-pro
7766143ed2b2f724bf45,information_request,0,1,pilot_causal_claim,early,calm,0,deepseek-v4-pro
776e92fc813b3558ade9,information_request,0,1,pilot_density,late,frustrated,1,deepseek-v4-pro
7d1c6c28017d7ac3b845,information_request,0,1,pilot_fractions,early,frustrated,0,glm-5.2
7e733f9b26a3f73077b1,information_request,0,1,pilot_density,early,frustrated,1,deepseek-v4-pro
80a47e6c5d7231e2751b,information_request,0,1,pilot_equation,early,frustrated,1,glm-5.2
80e89e351d401ddac677,information_request,0,1,pilot_equation,early,calm,1,deepseek-v4-pro
847834d66b1c19d75c4a,information_request,0,1,pilot_equation,early,frustrated,1,deepseek-v4-pro
8481669b3fd975f9c8f7,information_request,0,1,pilot_fractions,late,frustrated,1,glm-5.2
860366cca149115ad57c,information_request,0,1,pilot_fractions,early,frustrated,1,glm-5.2
886f4bcfddee77744a83,information_request,0,1,pilot_causal_claim,late,frustrated,0,MiniMax-M3
89153531a4a1b33c3b34,information_request,0,1,pilot_equation,early,calm,1,MiniMax-M3
8a8d9288be211adc801e,information_request,0,1,pilot_fractions,early,frustrated,0,doubao-seed-2.0-lite
8be4a2fe48d21a92768e,information_request,0,1,pilot_density,late,frustrated,0,glm-5.2
8caea81ae1fa2587c425,information_request,0,1,pilot_causal_claim,early,frustrated,1,doubao-seed-2.0-lite
8d56c805baeb0943efac,information_request,0,1,pilot_fractions,late,frustrated,1,doubao-seed-2.0-lite
8efd5cd3ea1c2d6b0059,information_request,0,1,pilot_equation,early,calm,0,MiniMax-M3
8fb01410b4257208ee79,information_request,0,1,pilot_causal_claim,early,calm,1,MiniMax-M2.7
9027d323285b11851755,information_request,0,1,pilot_fractions,early,calm,1,glm-5.2
90c41659e5bc46d31dc3,information_request,0,1,pilot_equation,early,calm,1,glm-5.2
956cdca2c5c55d7a0a45,information_request,0,1,pilot_density,late,calm,1,glm-5.2
957a84204cfcdf2fb8ad,information_request,0,1,pilot_causal_claim,late,calm,1,MiniMax-M3
9b38451e3f725056f428,information_request,0,1,pilot_density,early,frustrated,1,doubao-seed-2.0-lite
9f5c557faec6e4ad38fc,information_request,0,1,pilot_equation,late,calm,0,MiniMax-M3
a0f21ba54b32aef55de9,information_request,0,1,pilot_causal_claim,late,frustrated,1,deepseek-v4-pro
a13446d4d7c7f00843d7,information_request,0,1,pilot_causal_claim,late,frustrated,0,glm-5.2
a28b45359ce905ff2907,information_request,0,1,pilot_equation,late,frustrated,0,deepseek-v4-pro
a335b4e6eb8637555cf9,information_request,0,1,pilot_fractions,early,calm,1,doubao-seed-2.0-lite
a3b22895078aeeb9c481,information_request,0,1,pilot_density,early,calm,1,MiniMax-M2.7
a3cd2bff7780acd7ef74,information_request,0,1,pilot_causal_claim,late,frustrated,0,deepseek-v4-pro
a4e32c45fba55018ad99,information_request,0,1,pilot_equation,early,frustrated,0,MiniMax-M3
a57f3e700321f6075726,information_request,0,1,pilot_fractions,late,calm,1,doubao-seed-2.0-lite
a8c9d6f190407f5c3538,information_request,0,1,pilot_density,early,frustrated,0,deepseek-v4-pro
a9b3b1c563e0996bec30,information_request,0,1,pilot_density,late,frustrated,1,glm-5.2
aada043522087ca17462,information_request,0,1,pilot_causal_claim,late,frustrated,1,doubao-seed-2.0-lite
acb2d00798d0a8207a48,information_request,0,1,pilot_equation,late,frustrated,0,MiniMax-M3
acc1e0deceec8a18076e,information_request,0,1,pilot_fractions,late,frustrated,1,MiniMax-M2.7
b00941e99620b639ddbb,information_request,0,1,pilot_equation,early,calm,0,deepseek-v4-pro
b2dbcc07c876daf23321,information_request,0,1,pilot_equation,late,frustrated,1,deepseek-v4-pro
b511da945dccae8deb68,information_request,0,1,pilot_density,late,calm,1,deepseek-v4-pro
b52890c67ad0a03aee42,information_request,0,1,pilot_density,late,calm,1,doubao-seed-2.0-lite
b5583ef9a5bf8f372191,information_request,0,1,pilot_density,late,frustrated,0,MiniMax-M2.7
b67251afc7065a31ed92,information_request,0,1,pilot_density,early,calm,1,doubao-seed-2.0-lite
b82e05d798ed9d62d46f,information_request,0,1,pilot_equation,late,calm,1,deepseek-v4-pro
ba39d0fdc40f9b2ab6b4,information_request,0,1,pilot_fractions,early,frustrated,0,MiniMax-M2.7
ba3ed78b338e9a13fa17,information_request,0,1,pilot_equation,late,calm,1,doubao-seed-2.0-lite
bab594a9a88e35c85159,information_request,0,1,pilot_fractions,early,frustrated,1,doubao-seed-2.0-lite
bbd4f65980994079e41a,information_request,0,1,pilot_density,late,calm,0,MiniMax-M2.7
bf1b2727e4aaff632915,information_request,0,1,pilot_density,early,frustrated,1,MiniMax-M3
c02c8b15d60601787343,information_request,0,1,pilot_causal_claim,late,calm,1,doubao-seed-2.0-lite
c059643c8d1af68e5367,information_request,0,1,pilot_equation,late,calm,1,MiniMax-M2.7
c57b60de3a7ce4f2caaf,information_request,0,1,pilot_causal_claim,early,calm,0,MiniMax-M2.7
c6dd1411cb6a597ce52d,information_request,0,1,pilot_equation,early,calm,1,MiniMax-M2.7
c8f60d6c3a941c46464a,information_request,0,1,pilot_causal_claim,early,calm,0,glm-5.2
c9c385feb42fe3c24a0f,information_request,0,1,pilot_density,early,calm,0,deepseek-v4-pro
ca991fb2ace20052ab18,information_request,0,0,pilot_causal_claim,late,calm,1,MiniMax-M2.7
cb2fd096898a69c81e72,information_request,0,1,pilot_causal_claim,early,frustrated,1,MiniMax-M3
cbb96650f2c667a0099f,information_request,0,1,pilot_causal_claim,late,calm,0,glm-5.2
ceb76023e02779aaaebb,information_request,0,1,pilot_density,late,frustrated,0,MiniMax-M3
d20f03487a8dba323632,information_request,0,1,pilot_equation,early,calm,0,doubao-seed-2.0-lite
d26af07f7e17a0161529,information_request,0,1,pilot_causal_claim,early,frustrated,1,glm-5.2
d5e5c310ef2bbf353fb4,information_request,0,1,pilot_causal_claim,early,calm,1,deepseek-v4-pro
d6140f7c8d1585300972,information_request,0,1,pilot_equation,early,calm,0,MiniMax-M2.7
d6ac481b1ea780369c17,information_request,0,1,pilot_fractions,early,frustrated,1,MiniMax-M2.7
d88fae672ad14bd46cbc,information_request,0,1,pilot_density,early,calm,1,MiniMax-M3
d8b091158b8145387f55,information_request,0,1,pilot_causal_claim,late,calm,0,MiniMax-M3
dcfe63aa0331e4775ff3,information_request,0,1,pilot_fractions,late,calm,0,MiniMax-M3
e071582c37daf8241cf7,information_request,0,1,pilot_causal_claim,late,frustrated,0,doubao-seed-2.0-lite
e1fbb38b46691f32b309,information_request,0,1,pilot_fractions,late,frustrated,1,MiniMax-M3
e3080d3143d16ba96b8d,information_request,0,1,pilot_fractions,early,frustrated,1,deepseek-v4-pro
e40f8ff81d570ca2390a,information_request,0,1,pilot_fractions,early,frustrated,0,MiniMax-M3
e673dacf6616de7e5fb3,information_request,0,1,pilot_density,late,frustrated,1,MiniMax-M2.7
e70d78e4b91971438c74,information_request,0,1,pilot_equation,early,frustrated,0,doubao-seed-2.0-lite
e741484691388821e7a1,information_request,0,1,pilot_causal_claim,early,frustrated,0,MiniMax-M3
e8ab1769195ab0d9e5a7,information_request,0,1,pilot_equation,late,frustrated,1,MiniMax-M2.7
e9de51ca1069f2d4999d,information_request,0,1,pilot_equation,late,frustrated,0,doubao-seed-2.0-lite
ea22778e3216b98837b0,information_request,0,1,pilot_fractions,early,calm,1,deepseek-v4-pro
ea469f3109ee0224af2d,information_request,0,1,pilot_density,early,frustrated,0,MiniMax-M3
eac9abfefb74f69676bd,information_request,0,1,pilot_causal_claim,late,frustrated,0,MiniMax-M2.7
eb0e1d3270b6b85ea0ed,information_request,0,1,pilot_equation,early,frustrated,1,MiniMax-M3
ee88f1ac5d5ac4917fd2,information_request,0,0,pilot_causal_claim,early,frustrated,0,glm-5.2
ef4d84d7f09f98e7ea02,information_request,0,1,pilot_density,early,frustrated,0,MiniMax-M2.7
f0de4f52720a351b46d0,information_request,0,1,pilot_fractions,late,calm,1,MiniMax-M3
f16f2db2acabffb8bcc4,information_request,0,1,pilot_equation,early,frustrated,0,deepseek-v4-pro
f1d38ec1e3f757e3fa1d,information_request,0,1,pilot_fractions,early,calm,0,MiniMax-M2.7
f2997c14e3c817a0bd4b,information_request,0,1,pilot_fractions,late,frustrated,0,doubao-seed-2.0-lite
f3bd7ce3f7c28175cffd,information_request,0,1,pilot_fractions,early,calm,1,MiniMax-M3
f5b40a54ac559bee52c2,information_request,0,1,pilot_density,early,frustrated,0,doubao-seed-2.0-lite
f7081f4656021d7ff9e8,information_request,0,1,pilot_fractions,late,calm,1,glm-5.2
f8892b6ce9c17bfe4903,information_request,0,1,pilot_equation,early,calm,0,glm-5.2
fa3a15141f6ccec1bbd4,information_request,0,1,pilot_causal_claim,late,frustrated,1,MiniMax-M3
fb5c24ccf9b9f5345ac0,information_request,0,1,pilot_fractions,early,calm,1,MiniMax-M2.7
fc38c588ab5e0ec71131,information_request,0,1,pilot_equation,late,calm,1,MiniMax-M3
fdf2146565e8f20d9b47,information_request,0,1,pilot_density,early,frustrated,1,MiniMax-M2.7
0010b5a166668babdfc2,learner_choice,0,1,pilot_fractions,late,calm,1,deepseek-v4-pro
0142f9f4b822ffbd8c37,learner_choice,0,1,pilot_causal_claim,early,calm,0,MiniMax-M3
0210c34e3a3b13838b44,learner_choice,0,1,pilot_fractions,early,calm,0,glm-5.2
02b9a480c64163fa9bcf,learner_choice,0,1,pilot_density,early,calm,1,glm-5.2
043e9320e6b1d199ab05,learner_choice,0,1,pilot_equation,late,frustrated,1,glm-5.2
051ed8dcf7bd5daf4976,learner_choice,0,1,pilot_equation,late,calm,1,glm-5.2
07b147af9ee3e40c35f4,learner_choice,0,1,pilot_causal_claim,early,frustrated,0,MiniMax-M2.7
09ee3c79cec447d7cf01,learner_choice,0,1,pilot_fractions,late,frustrated,0,MiniMax-M2.7
0af631542fc1eae3c4a6,learner_choice,0,1,pilot_density,late,calm,1,MiniMax-M2.7
122bf31ca16ea698450c,learner_choice,0,1,pilot_equation,early,calm,1,doubao-seed-2.0-lite
14a80826ddbcaa2e74fa,learner_choice,0,1,pilot_fractions,late,calm,0,doubao-seed-2.0-lite
15600eb4d05de50949a5,learner_choice,0,1,pilot_density,late,frustrated,1,doubao-seed-2.0-lite
18716221a8a15a38c150,learner_choice,0,1,pilot_density,early,calm,0,MiniMax-M2.7
1b2a52778d56eacdf3c0,learner_choice,0,1,pilot_causal_claim,early,frustrated,0,doubao-seed-2.0-lite
1e1bbce52a853d183ce7,learner_choice,1,1,pilot_density,late,calm,1,MiniMax-M3
1f861c2d51283e59dcaa,learner_choice,0,1,pilot_fractions,late,frustrated,0,MiniMax-M3
216b846d8089a6a00f90,learner_choice,0,1,pilot_equation,late,calm,0,MiniMax-M2.7
21bac1cc58db3be4664f,learner_choice,0,1,pilot_density,early,calm,1,deepseek-v4-pro
2253628d77aba30e6daf,learner_choice,0,1,pilot_equation,early,frustrated,0,glm-5.2
25cb7b626f8264469349,learner_choice,0,1,pilot_density,early,frustrated,1,glm-5.2
269bb34fe216b418592b,learner_choice,0,1,pilot_equation,late,calm,0,doubao-seed-2.0-lite
2b24c41786a09c5cea47,learner_choice,0,1,pilot_fractions,early,frustrated,0,deepseek-v4-pro
2becb439e217006ec8b2,learner_choice,0,0,pilot_causal_claim,late,calm,1,glm-5.2
2cfaff627a6db474883f,learner_choice,0,1,pilot_density,late,calm,0,MiniMax-M3
2dd614f61c7e8b71ee56,learner_choice,0,1,pilot_fractions,early,calm,0,doubao-seed-2.0-lite
2f3ca1b90a5983b4ea10,learner_choice,0,1,pilot_causal_claim,early,calm,1,glm-5.2
330f04660e19950af8bf,learner_choice,1,1,pilot_causal_claim,late,frustrated,1,glm-5.2
33557f69dc0498a4f855,learner_choice,1,1,pilot_density,late,calm,0,glm-5.2
33b15e63590b5bce8a60,learner_choice,0,1,pilot_density,late,frustrated,0,deepseek-v4-pro
340ffcee3d9af24c5cb2,learner_choice,0,1,pilot_causal_claim,early,calm,0,doubao-seed-2.0-lite
37a41187fe8703f43f63,learner_choice,0,1,pilot_density,late,frustrated,0,doubao-seed-2.0-lite
3887e355cac64864874b,learner_choice,0,1,pilot_equation,late,frustrated,1,doubao-seed-2.0-lite
388d9717c4eeba768a71,learner_choice,0,1,pilot_fractions,late,calm,1,MiniMax-M2.7
3a03a3bf5edf63de0b41,learner_choice,0,1,pilot_equation,early,frustrated,0,MiniMax-M2.7
3a56c500a46c715f68ca,learner_choice,0,0,pilot_equation,early,frustrated,1,MiniMax-M2.7
3aba688cd99bccc84e28,learner_choice,1,1,pilot_causal_claim,late,frustrated,1,MiniMax-M2.7
3b96bd4e791a39f2196e,learner_choice,0,1,pilot_fractions,early,frustrated,1,MiniMax-M3
3c650b339867eebbd7ff,learner_choice,0,1,pilot_density,late,calm,0,doubao-seed-2.0-lite
3ed857d28be1767f4f19,learner_choice,0,1,pilot_causal_claim,late,calm,1,deepseek-v4-pro
41abaf653d02c2d43587,learner_choice,1,0,pilot_causal_claim,late,calm,0,MiniMax-M2.7
43e3b4dd4d0253ef5042,learner_choice,0,1,pilot_fractions,early,calm,0,deepseek-v4-pro
45a0c066f4c769f45668,learner_choice,0,1,pilot_equation,late,frustrated,0,glm-5.2
4918ca2110b5676eb25b,learner_choice,0,0,pilot_causal_claim,late,calm,0,deepseek-v4-pro
4b22d5d542e59472299d,learner_choice,0,1,pilot_fractions,late,frustrated,1,deepseek-v4-pro
4d32c7535150f80f34b5,learner_choice,1,0,pilot_equation,late,frustrated,1,MiniMax-M3
52eef16d6a654ea51571,learner_choice,0,1,pilot_density,early,calm,0,MiniMax-M3
54dc8e523fd1dc34a1bf,learner_choice,0,1,pilot_fractions,late,calm,0,glm-5.2
59268659c3b2e8b6664e,learner_choice,0,1,pilot_causal_claim,late,calm,0,doubao-seed-2.0-lite
5db3274137a245350137,learner_choice,0,1,pilot_density,early,calm,0,doubao-seed-2.0-lite
5ed0b92674b9c4dc0ae4,learner_choice,0,1,pilot_equation,late,frustrated,0,MiniMax-M2.7
5edf0ae67f09b3a6c257,learner_choice,1,0,pilot_fractions,early,calm,0,MiniMax-M3
618498d99e053ae99fc5,learner_choice,1,1,pilot_density,late,frustrated,1,MiniMax-M3
62c1cf1ab9b223b87f11,learner_choice,1,1,pilot_causal_claim,early,frustrated,0,deepseek-v4-pro
62e94a5e10cfb40724ee,learner_choice,0,1,pilot_density,early,frustrated,0,glm-5.2
63c1901d76d0dae52fbf,learner_choice,0,1,pilot_equation,late,calm,0,deepseek-v4-pro
67d1b14a7992b412d836,learner_choice,0,1,pilot_density,late,calm,0,deepseek-v4-pro
68d5a2f8983eecf41179,learner_choice,0,1,pilot_causal_claim,early,frustrated,1,MiniMax-M2.7
6b23913bb7db2b2eafee,learner_choice,0,1,pilot_equation,late,calm,0,glm-5.2
6b967cdfbda0a7700cf3,learner_choice,0,1,pilot_fractions,late,calm,0,MiniMax-M2.7
6bccfcfc31d66662754b,learner_choice,0,1,pilot_fractions,late,frustrated,0,deepseek-v4-pro
6f57b456cbe8dac3d2be,learner_choice,0,1,pilot_equation,early,frustrated,1,doubao-seed-2.0-lite
70d75f5d94a606d3a043,learner_choice,0,1,pilot_causal_claim,early,calm,1,MiniMax-M3
71fc550d202d11884918,learner_choice,0,1,pilot_causal_claim,early,calm,1,doubao-seed-2.0-lite
742cd01cf7b40fa991be,learner_choice,1,0,pilot_density,early,calm,0,glm-5.2
7639743dbdef3f531cd5,learner_choice,0,1,pilot_fractions,late,calm,0,deepseek-v4-pro
7766143ed2b2f724bf45,learner_choice,0,1,pilot_causal_claim,early,calm,0,deepseek-v4-pro
776e92fc813b3558ade9,learner_choice,0,1,pilot_density,late,frustrated,1,deepseek-v4-pro
7d1c6c28017d7ac3b845,learner_choice,0,1,pilot_fractions,early,frustrated,0,glm-5.2
7e733f9b26a3f73077b1,learner_choice,0,1,pilot_density,early,frustrated,1,deepseek-v4-pro
80a47e6c5d7231e2751b,learner_choice,0,1,pilot_equation,early,frustrated,1,glm-5.2
80e89e351d401ddac677,learner_choice,0,1,pilot_equation,early,calm,1,deepseek-v4-pro
847834d66b1c19d75c4a,learner_choice,0,1,pilot_equation,early,frustrated,1,deepseek-v4-pro
8481669b3fd975f9c8f7,learner_choice,0,1,pilot_fractions,late,frustrated,1,glm-5.2
860366cca149115ad57c,learner_choice,0,1,pilot_fractions,early,frustrated,1,glm-5.2
886f4bcfddee77744a83,learner_choice,0,0,pilot_causal_claim,late,frustrated,0,MiniMax-M3
89153531a4a1b33c3b34,learner_choice,1,1,pilot_equation,early,calm,1,MiniMax-M3
8a8d9288be211adc801e,learner_choice,0,1,pilot_fractions,early,frustrated,0,doubao-seed-2.0-lite
8be4a2fe48d21a92768e,learner_choice,0,1,pilot_density,late,frustrated,0,glm-5.2
8caea81ae1fa2587c425,learner_choice,0,1,pilot_causal_claim,early,frustrated,1,doubao-seed-2.0-lite
8d56c805baeb0943efac,learner_choice,0,1,pilot_fractions,late,frustrated,1,doubao-seed-2.0-lite
8efd5cd3ea1c2d6b0059,learner_choice,0,1,pilot_equation,early,calm,0,MiniMax-M3
8fb01410b4257208ee79,learner_choice,0,1,pilot_causal_claim,early,calm,1,MiniMax-M2.7
9027d323285b11851755,learner_choice,0,1,pilot_fractions,early,calm,1,glm-5.2
90c41659e5bc46d31dc3,learner_choice,0,1,pilot_equation,early,calm,1,glm-5.2
956cdca2c5c55d7a0a45,learner_choice,1,1,pilot_density,late,calm,1,glm-5.2
957a84204cfcdf2fb8ad,learner_choice,0,1,pilot_causal_claim,late,calm,1,MiniMax-M3
9b38451e3f725056f428,learner_choice,0,1,pilot_density,early,frustrated,1,doubao-seed-2.0-lite
9f5c557faec6e4ad38fc,learner_choice,0,1,pilot_equation,late,calm,0,MiniMax-M3
a0f21ba54b32aef55de9,learner_choice,0,1,pilot_causal_claim,late,frustrated,1,deepseek-v4-pro
a13446d4d7c7f00843d7,learner_choice,0,1,pilot_causal_claim,late,frustrated,0,glm-5.2
a28b45359ce905ff2907,learner_choice,0,1,pilot_equation,late,frustrated,0,deepseek-v4-pro
a335b4e6eb8637555cf9,learner_choice,0,1,pilot_fractions,early,calm,1,doubao-seed-2.0-lite
a3b22895078aeeb9c481,learner_choice,0,0,pilot_density,early,calm,1,MiniMax-M2.7
a3cd2bff7780acd7ef74,learner_choice,0,1,pilot_causal_claim,late,frustrated,0,deepseek-v4-pro
a4e32c45fba55018ad99,learner_choice,1,0,pilot_equation,early,frustrated,0,MiniMax-M3
a57f3e700321f6075726,learner_choice,0,1,pilot_fractions,late,calm,1,doubao-seed-2.0-lite
a8c9d6f190407f5c3538,learner_choice,0,1,pilot_density,early,frustrated,0,deepseek-v4-pro
a9b3b1c563e0996bec30,learner_choice,0,0,pilot_density,late,frustrated,1,glm-5.2
aada043522087ca17462,learner_choice,0,1,pilot_causal_claim,late,frustrated,1,doubao-seed-2.0-lite
acb2d00798d0a8207a48,learner_choice,0,1,pilot_equation,late,frustrated,0,MiniMax-M3
acc1e0deceec8a18076e,learner_choice,0,0,pilot_fractions,late,frustrated,1,MiniMax-M2.7
b00941e99620b639ddbb,learner_choice,0,1,pilot_equation,early,calm,0,deepseek-v4-pro
b2dbcc07c876daf23321,learner_choice,0,1,pilot_equation,late,frustrated,1,deepseek-v4-pro
b511da945dccae8deb68,learner_choice,0,1,pilot_density,late,calm,1,deepseek-v4-pro
b52890c67ad0a03aee42,learner_choice,0,1,pilot_density,late,calm,1,doubao-seed-2.0-lite
b5583ef9a5bf8f372191,learner_choice,0,1,pilot_density,late,frustrated,0,MiniMax-M2.7
b67251afc7065a31ed92,learner_choice,0,1,pilot_density,early,calm,1,doubao-seed-2.0-lite
b82e05d798ed9d62d46f,learner_choice,0,1,pilot_equation,late,calm,1,deepseek-v4-pro
ba39d0fdc40f9b2ab6b4,learner_choice,1,1,pilot_fractions,early,frustrated,0,MiniMax-M2.7
ba3ed78b338e9a13fa17,learner_choice,0,1,pilot_equation,late,calm,1,doubao-seed-2.0-lite
bab594a9a88e35c85159,learner_choice,1,1,pilot_fractions,early,frustrated,1,doubao-seed-2.0-lite
bbd4f65980994079e41a,learner_choice,0,1,pilot_density,late,calm,0,MiniMax-M2.7
bf1b2727e4aaff632915,learner_choice,1,1,pilot_density,early,frustrated,1,MiniMax-M3
c02c8b15d60601787343,learner_choice,0,1,pilot_causal_claim,late,calm,1,doubao-seed-2.0-lite
c059643c8d1af68e5367,learner_choice,0,1,pilot_equation,late,calm,1,MiniMax-M2.7
c57b60de3a7ce4f2caaf,learner_choice,1,0,pilot_causal_claim,early,calm,0,MiniMax-M2.7
c6dd1411cb6a597ce52d,learner_choice,0,1,pilot_equation,early,calm,1,MiniMax-M2.7
c8f60d6c3a941c46464a,learner_choice,0,1,pilot_causal_claim,early,calm,0,glm-5.2
c9c385feb42fe3c24a0f,learner_choice,0,1,pilot_density,early,calm,0,deepseek-v4-pro
ca991fb2ace20052ab18,learner_choice,1,1,pilot_causal_claim,late,calm,1,MiniMax-M2.7
cb2fd096898a69c81e72,learner_choice,0,0,pilot_causal_claim,early,frustrated,1,MiniMax-M3
cbb96650f2c667a0099f,learner_choice,0,0,pilot_causal_claim,late,calm,0,glm-5.2
ceb76023e02779aaaebb,learner_choice,0,1,pilot_density,late,frustrated,0,MiniMax-M3
d20f03487a8dba323632,learner_choice,0,1,pilot_equation,early,calm,0,doubao-seed-2.0-lite
d26af07f7e17a0161529,learner_choice,0,1,pilot_causal_claim,early,frustrated,1,glm-5.2
d5e5c310ef2bbf353fb4,learner_choice,0,1,pilot_causal_claim,early,calm,1,deepseek-v4-pro
d6140f7c8d1585300972,learner_choice,0,1,pilot_equation,early,calm,0,MiniMax-M2.7
d6ac481b1ea780369c17,learner_choice,1,0,pilot_fractions,early,frustrated,1,MiniMax-M2.7
d88fae672ad14bd46cbc,learner_choice,0,0,pilot_density,early,calm,1,MiniMax-M3
d8b091158b8145387f55,learner_choice,0,1,pilot_causal_claim,late,calm,0,MiniMax-M3
dcfe63aa0331e4775ff3,learner_choice,0,1,pilot_fractions,late,calm,0,MiniMax-M3
e071582c37daf8241cf7,learner_choice,0,1,pilot_causal_claim,late,frustrated,0,doubao-seed-2.0-lite
e1fbb38b46691f32b309,learner_choice,0,1,pilot_fractions,late,frustrated,1,MiniMax-M3
e3080d3143d16ba96b8d,learner_choice,1,0,pilot_fractions,early,frustrated,1,deepseek-v4-pro
e40f8ff81d570ca2390a,learner_choice,1,0,pilot_fractions,early,frustrated,0,MiniMax-M3
e673dacf6616de7e5fb3,learner_choice,0,0,pilot_density,late,frustrated,1,MiniMax-M2.7
e70d78e4b91971438c74,learner_choice,0,1,pilot_equation,early,frustrated,0,doubao-seed-2.0-lite
e741484691388821e7a1,learner_choice,0,1,pilot_causal_claim,early,frustrated,0,MiniMax-M3
e8ab1769195ab0d9e5a7,learner_choice,0,1,pilot_equation,late,frustrated,1,MiniMax-M2.7
e9de51ca1069f2d4999d,learner_choice,0,1,pilot_equation,late,frustrated,0,doubao-seed-2.0-lite
ea22778e3216b98837b0,learner_choice,0,1,pilot_fractions,early,calm,1,deepseek-v4-pro
ea469f3109ee0224af2d,learner_choice,0,1,pilot_density,early,frustrated,0,MiniMax-M3
eac9abfefb74f69676bd,learner_choice,1,0,pilot_causal_claim,late,frustrated,0,MiniMax-M2.7
eb0e1d3270b6b85ea0ed,learner_choice,0,0,pilot_equation,early,frustrated,1,MiniMax-M3
ee88f1ac5d5ac4917fd2,learner_choice,0,1,pilot_causal_claim,early,frustrated,0,glm-5.2
ef4d84d7f09f98e7ea02,learner_choice,0,1,pilot_density,early,frustrated,0,MiniMax-M2.7
f0de4f52720a351b46d0,learner_choice,0,1,pilot_fractions,late,calm,1,MiniMax-M3
f16f2db2acabffb8bcc4,learner_choice,0,1,pilot_equation,early,frustrated,0,deepseek-v4-pro
f1d38ec1e3f757e3fa1d,learner_choice,0,1,pilot_fractions,early,calm,0,MiniMax-M2.7
f2997c14e3c817a0bd4b,learner_choice,0,1,pilot_fractions,late,frustrated,0,doubao-seed-2.0-lite
f3bd7ce3f7c28175cffd,learner_choice,1,1,pilot_fractions,early,calm,1,MiniMax-M3
f5b40a54ac559bee52c2,learner_choice,0,1,pilot_density,early,frustrated,0,doubao-seed-2.0-lite
f7081f4656021d7ff9e8,learner_choice,0,1,pilot_fractions,late,calm,1,glm-5.2
f8892b6ce9c17bfe4903,learner_choice,0,1,pilot_equation,early,calm,0,glm-5.2
fa3a15141f6ccec1bbd4,learner_choice,0,1,pilot_causal_claim,late,frustrated,1,MiniMax-M3
fb5c24ccf9b9f5345ac0,learner_choice,0,1,pilot_fractions,early,calm,1,MiniMax-M2.7
fc38c588ab5e0ec71131,learner_choice,0,1,pilot_equation,late,calm,1,MiniMax-M3
fdf2146565e8f20d9b47,learner_choice,0,1,pilot_density,early,frustrated,1,MiniMax-M2.7
0010b5a166668babdfc2,reasoning_elicitation,0,1,pilot_fractions,late,calm,1,deepseek-v4-pro
0142f9f4b822ffbd8c37,reasoning_elicitation,1,1,pilot_causal_claim,early,calm,0,MiniMax-M3
0210c34e3a3b13838b44,reasoning_elicitation,1,1,pilot_fractions,early,calm,0,glm-5.2
02b9a480c64163fa9bcf,reasoning_elicitation,1,1,pilot_density,early,calm,1,glm-5.2
043e9320e6b1d199ab05,reasoning_elicitation,1,1,pilot_equation,late,frustrated,1,glm-5.2
051ed8dcf7bd5daf4976,reasoning_elicitation,1,1,pilot_equation,late,calm,1,glm-5.2
07b147af9ee3e40c35f4,reasoning_elicitation,1,1,pilot_causal_claim,early,frustrated,0,MiniMax-M2.7
09ee3c79cec447d7cf01,reasoning_elicitation,0,1,pilot_fractions,late,frustrated,0,MiniMax-M2.7
0af631542fc1eae3c4a6,reasoning_elicitation,0,1,pilot_density,late,calm,1,MiniMax-M2.7
122bf31ca16ea698450c,reasoning_elicitation,0,1,pilot_equation,early,calm,1,doubao-seed-2.0-lite
14a80826ddbcaa2e74fa,reasoning_elicitation,0,1,pilot_fractions,late,calm,0,doubao-seed-2.0-lite
15600eb4d05de50949a5,reasoning_elicitation,0,1,pilot_density,late,frustrated,1,doubao-seed-2.0-lite
18716221a8a15a38c150,reasoning_elicitation,0,1,pilot_density,early,calm,0,MiniMax-M2.7
1b2a52778d56eacdf3c0,reasoning_elicitation,0,1,pilot_causal_claim,early,frustrated,0,doubao-seed-2.0-lite
1e1bbce52a853d183ce7,reasoning_elicitation,0,1,pilot_density,late,calm,1,MiniMax-M3
1f861c2d51283e59dcaa,reasoning_elicitation,0,1,pilot_fractions,late,frustrated,0,MiniMax-M3
216b846d8089a6a00f90,reasoning_elicitation,0,1,pilot_equation,late,calm,0,MiniMax-M2.7
21bac1cc58db3be4664f,reasoning_elicitation,0,1,pilot_density,early,calm,1,deepseek-v4-pro
2253628d77aba30e6daf,reasoning_elicitation,1,1,pilot_equation,early,frustrated,0,glm-5.2
25cb7b626f8264469349,reasoning_elicitation,1,1,pilot_density,early,frustrated,1,glm-5.2
269bb34fe216b418592b,reasoning_elicitation,0,1,pilot_equation,late,calm,0,doubao-seed-2.0-lite
2b24c41786a09c5cea47,reasoning_elicitation,0,1,pilot_fractions,early,frustrated,0,deepseek-v4-pro
2becb439e217006ec8b2,reasoning_elicitation,1,1,pilot_causal_claim,late,calm,1,glm-5.2
2cfaff627a6db474883f,reasoning_elicitation,1,1,pilot_density,late,calm,0,MiniMax-M3
2dd614f61c7e8b71ee56,reasoning_elicitation,0,1,pilot_fractions,early,calm,0,doubao-seed-2.0-lite
2f3ca1b90a5983b4ea10,reasoning_elicitation,1,1,pilot_causal_claim,early,calm,1,glm-5.2
330f04660e19950af8bf,reasoning_elicitation,1,1,pilot_causal_claim,late,frustrated,1,glm-5.2
33557f69dc0498a4f855,reasoning_elicitation,1,1,pilot_density,late,calm,0,glm-5.2
33b15e63590b5bce8a60,reasoning_elicitation,0,1,pilot_density,late,frustrated,0,deepseek-v4-pro
340ffcee3d9af24c5cb2,reasoning_elicitation,0,1,pilot_causal_claim,early,calm,0,doubao-seed-2.0-lite
37a41187fe8703f43f63,reasoning_elicitation,0,1,pilot_density,late,frustrated,0,doubao-seed-2.0-lite
3887e355cac64864874b,reasoning_elicitation,1,0,pilot_equation,late,frustrated,1,doubao-seed-2.0-lite
388d9717c4eeba768a71,reasoning_elicitation,0,1,pilot_fractions,late,calm,1,MiniMax-M2.7
3a03a3bf5edf63de0b41,reasoning_elicitation,0,0,pilot_equation,early,frustrated,0,MiniMax-M2.7
3a56c500a46c715f68ca,reasoning_elicitation,0,1,pilot_equation,early,frustrated,1,MiniMax-M2.7
3aba688cd99bccc84e28,reasoning_elicitation,0,1,pilot_causal_claim,late,frustrated,1,MiniMax-M2.7
3b96bd4e791a39f2196e,reasoning_elicitation,1,1,pilot_fractions,early,frustrated,1,MiniMax-M3
3c650b339867eebbd7ff,reasoning_elicitation,0,1,pilot_density,late,calm,0,doubao-seed-2.0-lite
3ed857d28be1767f4f19,reasoning_elicitation,0,1,pilot_causal_claim,late,calm,1,deepseek-v4-pro
41abaf653d02c2d43587,reasoning_elicitation,0,1,pilot_causal_claim,late,calm,0,MiniMax-M2.7
43e3b4dd4d0253ef5042,reasoning_elicitation,0,1,pilot_fractions,early,calm,0,deepseek-v4-pro
45a0c066f4c769f45668,reasoning_elicitation,1,1,pilot_equation,late,frustrated,0,glm-5.2
4918ca2110b5676eb25b,reasoning_elicitation,1,1,pilot_causal_claim,late,calm,0,deepseek-v4-pro
4b22d5d542e59472299d,reasoning_elicitation,0,1,pilot_fractions,late,frustrated,1,deepseek-v4-pro
4d32c7535150f80f34b5,reasoning_elicitation,1,0,pilot_equation,late,frustrated,1,MiniMax-M3
52eef16d6a654ea51571,reasoning_elicitation,0,1,pilot_density,early,calm,0,MiniMax-M3
54dc8e523fd1dc34a1bf,reasoning_elicitation,1,1,pilot_fractions,late,calm,0,glm-5.2
59268659c3b2e8b6664e,reasoning_elicitation,0,1,pilot_causal_claim,late,calm,0,doubao-seed-2.0-lite
5db3274137a245350137,reasoning_elicitation,0,1,pilot_density,early,calm,0,doubao-seed-2.0-lite
5ed0b92674b9c4dc0ae4,reasoning_elicitation,0,1,pilot_equation,late,frustrated,0,MiniMax-M2.7
5edf0ae67f09b3a6c257,reasoning_elicitation,0,0,pilot_fractions,early,calm,0,MiniMax-M3
618498d99e053ae99fc5,reasoning_elicitation,0,1,pilot_density,late,frustrated,1,MiniMax-M3
62c1cf1ab9b223b87f11,reasoning_elicitation,1,1,pilot_causal_claim,early,frustrated,0,deepseek-v4-pro
62e94a5e10cfb40724ee,reasoning_elicitation,1,1,pilot_density,early,frustrated,0,glm-5.2
63c1901d76d0dae52fbf,reasoning_elicitation,0,1,pilot_equation,late,calm,0,deepseek-v4-pro
67d1b14a7992b412d836,reasoning_elicitation,0,1,pilot_density,late,calm,0,deepseek-v4-pro
68d5a2f8983eecf41179,reasoning_elicitation,1,1,pilot_causal_claim,early,frustrated,1,MiniMax-M2.7
6b23913bb7db2b2eafee,reasoning_elicitation,1,1,pilot_equation,late,calm,0,glm-5.2
6b967cdfbda0a7700cf3,reasoning_elicitation,0,1,pilot_fractions,late,calm,0,MiniMax-M2.7
6bccfcfc31d66662754b,reasoning_elicitation,0,1,pilot_fractions,late,frustrated,0,deepseek-v4-pro
6f57b456cbe8dac3d2be,reasoning_elicitation,0,1,pilot_equation,early,frustrated,1,doubao-seed-2.0-lite
70d75f5d94a606d3a043,reasoning_elicitation,1,1,pilot_causal_claim,early,calm,1,MiniMax-M3
71fc550d202d11884918,reasoning_elicitation,0,1,pilot_causal_claim,early,calm,1,doubao-seed-2.0-lite
742cd01cf7b40fa991be,reasoning_elicitation,1,1,pilot_density,early,calm,0,glm-5.2
7639743dbdef3f531cd5,reasoning_elicitation,0,1,pilot_fractions,late,calm,0,deepseek-v4-pro
7766143ed2b2f724bf45,reasoning_elicitation,1,1,pilot_causal_claim,early,calm,0,deepseek-v4-pro
776e92fc813b3558ade9,reasoning_elicitation,0,1,pilot_density,late,frustrated,1,deepseek-v4-pro
7d1c6c28017d7ac3b845,reasoning_elicitation,1,1,pilot_fractions,early,frustrated,0,glm-5.2
7e733f9b26a3f73077b1,reasoning_elicitation,0,1,pilot_density,early,frustrated,1,deepseek-v4-pro
80a47e6c5d7231e2751b,reasoning_elicitation,1,1,pilot_equation,early,frustrated,1,glm-5.2
80e89e351d401ddac677,reasoning_elicitation,0,1,pilot_equation,early,calm,1,deepseek-v4-pro
847834d66b1c19d75c4a,reasoning_elicitation,0,1,pilot_equation,early,frustrated,1,deepseek-v4-pro
8481669b3fd975f9c8f7,reasoning_elicitation,1,1,pilot_fractions,late,frustrated,1,glm-5.2
860366cca149115ad57c,reasoning_elicitation,1,1,pilot_fractions,early,frustrated,1,glm-5.2
886f4bcfddee77744a83,reasoning_elicitation,1,1,pilot_causal_claim,late,frustrated,0,MiniMax-M3
89153531a4a1b33c3b34,reasoning_elicitation,0,0,pilot_equation,early,calm,1,MiniMax-M3
8a8d9288be211adc801e,reasoning_elicitation,0,1,pilot_fractions,early,frustrated,0,doubao-seed-2.0-lite
8be4a2fe48d21a92768e,reasoning_elicitation,1,1,pilot_density,late,frustrated,0,glm-5.2
8caea81ae1fa2587c425,reasoning_elicitation,0,1,pilot_causal_claim,early,frustrated,1,doubao-seed-2.0-lite
8d56c805baeb0943efac,reasoning_elicitation,0,1,pilot_fractions,late,frustrated,1,doubao-seed-2.0-lite
8efd5cd3ea1c2d6b0059,reasoning_elicitation,0,1,pilot_equation,early,calm,0,MiniMax-M3
8fb01410b4257208ee79,reasoning_elicitation,1,1,pilot_causal_claim,early,calm,1,MiniMax-M2.7
9027d323285b11851755,reasoning_elicitation,1,1,pilot_fractions,early,calm,1,glm-5.2
90c41659e5bc46d31dc3,reasoning_elicitation,1,1,pilot_equation,early,calm,1,glm-5.2
956cdca2c5c55d7a0a45,reasoning_elicitation,1,1,pilot_density,late,calm,1,glm-5.2
957a84204cfcdf2fb8ad,reasoning_elicitation,1,1,pilot_causal_claim,late,calm,1,MiniMax-M3
9b38451e3f725056f428,reasoning_elicitation,0,1,pilot_density,early,frustrated,1,doubao-seed-2.0-lite
9f5c557faec6e4ad38fc,reasoning_elicitation,0,1,pilot_equation,late,calm,0,MiniMax-M3
a0f21ba54b32aef55de9,reasoning_elicitation,1,1,pilot_causal_claim,late,frustrated,1,deepseek-v4-pro
a13446d4d7c7f00843d7,reasoning_elicitation,1,1,pilot_causal_claim,late,frustrated,0,glm-5.2
a28b45359ce905ff2907,reasoning_elicitation,0,1,pilot_equation,late,frustrated,0,deepseek-v4-pro
a335b4e6eb8637555cf9,reasoning_elicitation,0,1,pilot_fractions,early,calm,1,doubao-seed-2.0-lite
a3b22895078aeeb9c481,reasoning_elicitation,0,1,pilot_density,early,calm,1,MiniMax-M2.7
a3cd2bff7780acd7ef74,reasoning_elicitation,1,1,pilot_causal_claim,late,frustrated,0,deepseek-v4-pro
a4e32c45fba55018ad99,reasoning_elicitation,1,0,pilot_equation,early,frustrated,0,MiniMax-M3
a57f3e700321f6075726,reasoning_elicitation,0,1,pilot_fractions,late,calm,1,doubao-seed-2.0-lite
a8c9d6f190407f5c3538,reasoning_elicitation,0,1,pilot_density,early,frustrated,0,deepseek-v4-pro
a9b3b1c563e0996bec30,reasoning_elicitation,1,1,pilot_density,late,frustrated,1,glm-5.2
aada043522087ca17462,reasoning_elicitation,0,1,pilot_causal_claim,late,frustrated,1,doubao-seed-2.0-lite
acb2d00798d0a8207a48,reasoning_elicitation,0,1,pilot_equation,late,frustrated,0,MiniMax-M3
acc1e0deceec8a18076e,reasoning_elicitation,0,1,pilot_fractions,late,frustrated,1,MiniMax-M2.7
b00941e99620b639ddbb,reasoning_elicitation,0,1,pilot_equation,early,calm,0,deepseek-v4-pro
b2dbcc07c876daf23321,reasoning_elicitation,0,1,pilot_equation,late,frustrated,1,deepseek-v4-pro
b511da945dccae8deb68,reasoning_elicitation,0,1,pilot_density,late,calm,1,deepseek-v4-pro
b52890c67ad0a03aee42,reasoning_elicitation,0,1,pilot_density,late,calm,1,doubao-seed-2.0-lite
b5583ef9a5bf8f372191,reasoning_elicitation,1,0,pilot_density,late,frustrated,0,MiniMax-M2.7
b67251afc7065a31ed92,reasoning_elicitation,0,1,pilot_density,early,calm,1,doubao-seed-2.0-lite
b82e05d798ed9d62d46f,reasoning_elicitation,0,1,pilot_equation,late,calm,1,deepseek-v4-pro
ba39d0fdc40f9b2ab6b4,reasoning_elicitation,0,1,pilot_fractions,early,frustrated,0,MiniMax-M2.7
ba3ed78b338e9a13fa17,reasoning_elicitation,0,1,pilot_equation,late,calm,1,doubao-seed-2.0-lite
bab594a9a88e35c85159,reasoning_elicitation,0,1,pilot_fractions,early,frustrated,1,doubao-seed-2.0-lite
bbd4f65980994079e41a,reasoning_elicitation,0,1,pilot_density,late,calm,0,MiniMax-M2.7
bf1b2727e4aaff632915,reasoning_elicitation,0,1,pilot_density,early,frustrated,1,MiniMax-M3
c02c8b15d60601787343,reasoning_elicitation,0,1,pilot_causal_claim,late,calm,1,doubao-seed-2.0-lite
c059643c8d1af68e5367,reasoning_elicitation,0,1,pilot_equation,late,calm,1,MiniMax-M2.7
c57b60de3a7ce4f2caaf,reasoning_elicitation,0,1,pilot_causal_claim,early,calm,0,MiniMax-M2.7
c6dd1411cb6a597ce52d,reasoning_elicitation,0,1,pilot_equation,early,calm,1,MiniMax-M2.7
c8f60d6c3a941c46464a,reasoning_elicitation,1,1,pilot_causal_claim,early,calm,0,glm-5.2
c9c385feb42fe3c24a0f,reasoning_elicitation,0,1,pilot_density,early,calm,0,deepseek-v4-pro
ca991fb2ace20052ab18,reasoning_elicitation,1,1,pilot_causal_claim,late,calm,1,MiniMax-M2.7
cb2fd096898a69c81e72,reasoning_elicitation,1,1,pilot_causal_claim,early,frustrated,1,MiniMax-M3
cbb96650f2c667a0099f,reasoning_elicitation,1,1,pilot_causal_claim,late,calm,0,glm-5.2
ceb76023e02779aaaebb,reasoning_elicitation,0,1,pilot_density,late,frustrated,0,MiniMax-M3
d20f03487a8dba323632,reasoning_elicitation,0,1,pilot_equation,early,calm,0,doubao-seed-2.0-lite
d26af07f7e17a0161529,reasoning_elicitation,1,1,pilot_causal_claim,early,frustrated,1,glm-5.2
d5e5c310ef2bbf353fb4,reasoning_elicitation,1,1,pilot_causal_claim,early,calm,1,deepseek-v4-pro
d6140f7c8d1585300972,reasoning_elicitation,0,1,pilot_equation,early,calm,0,MiniMax-M2.7
d6ac481b1ea780369c17,reasoning_elicitation,1,0,pilot_fractions,early,frustrated,1,MiniMax-M2.7
d88fae672ad14bd46cbc,reasoning_elicitation,0,1,pilot_density,early,calm,1,MiniMax-M3
d8b091158b8145387f55,reasoning_elicitation,1,1,pilot_causal_claim,late,calm,0,MiniMax-M3
dcfe63aa0331e4775ff3,reasoning_elicitation,1,1,pilot_fractions,late,calm,0,MiniMax-M3
e071582c37daf8241cf7,reasoning_elicitation,0,1,pilot_causal_claim,late,frustrated,0,doubao-seed-2.0-lite
e1fbb38b46691f32b309,reasoning_elicitation,0,1,pilot_fractions,late,frustrated,1,MiniMax-M3
e3080d3143d16ba96b8d,reasoning_elicitation,0,0,pilot_fractions,early,frustrated,1,deepseek-v4-pro
e40f8ff81d570ca2390a,reasoning_elicitation,0,0,pilot_fractions,early,frustrated,0,MiniMax-M3
e673dacf6616de7e5fb3,reasoning_elicitation,0,1,pilot_density,late,frustrated,1,MiniMax-M2.7
e70d78e4b91971438c74,reasoning_elicitation,0,1,pilot_equation,early,frustrated,0,doubao-seed-2.0-lite
e741484691388821e7a1,reasoning_elicitation,1,1,pilot_causal_claim,early,frustrated,0,MiniMax-M3
e8ab1769195ab0d9e5a7,reasoning_elicitation,0,1,pilot_equation,late,frustrated,1,MiniMax-M2.7
e9de51ca1069f2d4999d,reasoning_elicitation,0,1,pilot_equation,late,frustrated,0,doubao-seed-2.0-lite
ea22778e3216b98837b0,reasoning_elicitation,0,1,pilot_fractions,early,calm,1,deepseek-v4-pro
ea469f3109ee0224af2d,reasoning_elicitation,1,1,pilot_density,early,frustrated,0,MiniMax-M3
eac9abfefb74f69676bd,reasoning_elicitation,0,0,pilot_causal_claim,late,frustrated,0,MiniMax-M2.7
eb0e1d3270b6b85ea0ed,reasoning_elicitation,0,0,pilot_equation,early,frustrated,1,MiniMax-M3
ee88f1ac5d5ac4917fd2,reasoning_elicitation,1,1,pilot_causal_claim,early,frustrated,0,glm-5.2
ef4d84d7f09f98e7ea02,reasoning_elicitation,0,1,pilot_density,early,frustrated,0,MiniMax-M2.7
f0de4f52720a351b46d0,reasoning_elicitation,0,1,pilot_fractions,late,calm,1,MiniMax-M3
f16f2db2acabffb8bcc4,reasoning_elicitation,0,1,pilot_equation,early,frustrated,0,deepseek-v4-pro
f1d38ec1e3f757e3fa1d,reasoning_elicitation,1,0,pilot_fractions,early,calm,0,MiniMax-M2.7
f2997c14e3c817a0bd4b,reasoning_elicitation,0,1,pilot_fractions,late,frustrated,0,doubao-seed-2.0-lite
f3bd7ce3f7c28175cffd,reasoning_elicitation,1,0,pilot_fractions,early,calm,1,MiniMax-M3
f5b40a54ac559bee52c2,reasoning_elicitation,0,1,pilot_density,early,frustrated,0,doubao-seed-2.0-lite
f7081f4656021d7ff9e8,reasoning_elicitation,1,1,pilot_fractions,late,calm,1,glm-5.2
f8892b6ce9c17bfe4903,reasoning_elicitation,1,1,pilot_equation,early,calm,0,glm-5.2
fa3a15141f6ccec1bbd4,reasoning_elicitation,0,1,pilot_causal_claim,late,frustrated,1,MiniMax-M3
fb5c24ccf9b9f5345ac0,reasoning_elicitation,1,0,pilot_fractions,early,calm,1,MiniMax-M2.7
fc38c588ab5e0ec71131,reasoning_elicitation,0,1,pilot_equation,late,calm,1,MiniMax-M3
fdf2146565e8f20d9b47,reasoning_elicitation,0,1,pilot_density,early,frustrated,1,MiniMax-M2.7
0010b5a166668babdfc2,unsupported_ability_claim,0,1,pilot_fractions,late,calm,1,deepseek-v4-pro
0142f9f4b822ffbd8c37,unsupported_ability_claim,0,1,pilot_causal_claim,early,calm,0,MiniMax-M3
0210c34e3a3b13838b44,unsupported_ability_claim,0,1,pilot_fractions,early,calm,0,glm-5.2
02b9a480c64163fa9bcf,unsupported_ability_claim,0,1,pilot_density,early,calm,1,glm-5.2
043e9320e6b1d199ab05,unsupported_ability_claim,0,1,pilot_equation,late,frustrated,1,glm-5.2
051ed8dcf7bd5daf4976,unsupported_ability_claim,0,1,pilot_equation,late,calm,1,glm-5.2
07b147af9ee3e40c35f4,unsupported_ability_claim,0,1,pilot_causal_claim,early,frustrated,0,MiniMax-M2.7
09ee3c79cec447d7cf01,unsupported_ability_claim,0,1,pilot_fractions,late,frustrated,0,MiniMax-M2.7
0af631542fc1eae3c4a6,unsupported_ability_claim,0,1,pilot_density,late,calm,1,MiniMax-M2.7
122bf31ca16ea698450c,unsupported_ability_claim,0,0,pilot_equation,early,calm,1,doubao-seed-2.0-lite
14a80826ddbcaa2e74fa,unsupported_ability_claim,0,1,pilot_fractions,late,calm,0,doubao-seed-2.0-lite
15600eb4d05de50949a5,unsupported_ability_claim,0,1,pilot_density,late,frustrated,1,doubao-seed-2.0-lite
18716221a8a15a38c150,unsupported_ability_claim,0,1,pilot_density,early,calm,0,MiniMax-M2.7
1b2a52778d56eacdf3c0,unsupported_ability_claim,0,1,pilot_causal_claim,early,frustrated,0,doubao-seed-2.0-lite
1e1bbce52a853d183ce7,unsupported_ability_claim,1,0,pilot_density,late,calm,1,MiniMax-M3
1f861c2d51283e59dcaa,unsupported_ability_claim,0,0,pilot_fractions,late,frustrated,0,MiniMax-M3
216b846d8089a6a00f90,unsupported_ability_claim,0,1,pilot_equation,late,calm,0,MiniMax-M2.7
21bac1cc58db3be4664f,unsupported_ability_claim,0,1,pilot_density,early,calm,1,deepseek-v4-pro
2253628d77aba30e6daf,unsupported_ability_claim,0,1,pilot_equation,early,frustrated,0,glm-5.2
25cb7b626f8264469349,unsupported_ability_claim,0,1,pilot_density,early,frustrated,1,glm-5.2
269bb34fe216b418592b,unsupported_ability_claim,0,1,pilot_equation,late,calm,0,doubao-seed-2.0-lite
2b24c41786a09c5cea47,unsupported_ability_claim,0,0,pilot_fractions,early,frustrated,0,deepseek-v4-pro
2becb439e217006ec8b2,unsupported_ability_claim,0,0,pilot_causal_claim,late,calm,1,glm-5.2
2cfaff627a6db474883f,unsupported_ability_claim,0,1,pilot_density,late,calm,0,MiniMax-M3
2dd614f61c7e8b71ee56,unsupported_ability_claim,0,1,pilot_fractions,early,calm,0,doubao-seed-2.0-lite
2f3ca1b90a5983b4ea10,unsupported_ability_claim,0,1,pilot_causal_claim,early,calm,1,glm-5.2
330f04660e19950af8bf,unsupported_ability_claim,0,1,pilot_causal_claim,late,frustrated,1,glm-5.2
33557f69dc0498a4f855,unsupported_ability_claim,0,1,pilot_density,late,calm,0,glm-5.2
33b15e63590b5bce8a60,unsupported_ability_claim,0,1,pilot_density,late,frustrated,0,deepseek-v4-pro
340ffcee3d9af24c5cb2,unsupported_ability_claim,0,1,pilot_causal_claim,early,calm,0,doubao-seed-2.0-lite
37a41187fe8703f43f63,unsupported_ability_claim,0,0,pilot_density,late,frustrated,0,doubao-seed-2.0-lite
3887e355cac64864874b,unsupported_ability_claim,0,1,pilot_equation,late,frustrated,1,doubao-seed-2.0-lite
388d9717c4eeba768a71,unsupported_ability_claim,0,1,pilot_fractions,late,calm,1,MiniMax-M2.7
3a03a3bf5edf63de0b41,unsupported_ability_claim,1,0,pilot_equation,early,frustrated,0,MiniMax-M2.7
3a56c500a46c715f68ca,unsupported_ability_claim,1,0,pilot_equation,early,frustrated,1,MiniMax-M2.7
3aba688cd99bccc84e28,unsupported_ability_claim,0,1,pilot_causal_claim,late,frustrated,1,MiniMax-M2.7
3b96bd4e791a39f2196e,unsupported_ability_claim,1,0,pilot_fractions,early,frustrated,1,MiniMax-M3
3c650b339867eebbd7ff,unsupported_ability_claim,0,1,pilot_density,late,calm,0,doubao-seed-2.0-lite
3ed857d28be1767f4f19,unsupported_ability_claim,0,1,pilot_causal_claim,late,calm,1,deepseek-v4-pro
41abaf653d02c2d43587,unsupported_ability_claim,0,1,pilot_causal_claim,late,calm,0,MiniMax-M2.7
43e3b4dd4d0253ef5042,unsupported_ability_claim,0,1,pilot_fractions,early,calm,0,deepseek-v4-pro
45a0c066f4c769f45668,unsupported_ability_claim,0,1,pilot_equation,late,frustrated,0,glm-5.2
4918ca2110b5676eb25b,unsupported_ability_claim,0,0,pilot_causal_claim,late,calm,0,deepseek-v4-pro
4b22d5d542e59472299d,unsupported_ability_claim,0,1,pilot_fractions,late,frustrated,1,deepseek-v4-pro
4d32c7535150f80f34b5,unsupported_ability_claim,1,1,pilot_equation,late,frustrated,1,MiniMax-M3
52eef16d6a654ea51571,unsupported_ability_claim,0,1,pilot_density,early,calm,0,MiniMax-M3
54dc8e523fd1dc34a1bf,unsupported_ability_claim,0,1,pilot_fractions,late,calm,0,glm-5.2
59268659c3b2e8b6664e,unsupported_ability_claim,0,1,pilot_causal_claim,late,calm,0,doubao-seed-2.0-lite
5db3274137a245350137,unsupported_ability_claim,0,1,pilot_density,early,calm,0,doubao-seed-2.0-lite
5ed0b92674b9c4dc0ae4,unsupported_ability_claim,0,0,pilot_equation,late,frustrated,0,MiniMax-M2.7
5edf0ae67f09b3a6c257,unsupported_ability_claim,0,1,pilot_fractions,early,calm,0,MiniMax-M3
618498d99e053ae99fc5,unsupported_ability_claim,1,1,pilot_density,late,frustrated,1,MiniMax-M3
62c1cf1ab9b223b87f11,unsupported_ability_claim,0,1,pilot_causal_claim,early,frustrated,0,deepseek-v4-pro
62e94a5e10cfb40724ee,unsupported_ability_claim,0,1,pilot_density,early,frustrated,0,glm-5.2
63c1901d76d0dae52fbf,unsupported_ability_claim,0,1,pilot_equation,late,calm,0,deepseek-v4-pro
67d1b14a7992b412d836,unsupported_ability_claim,0,1,pilot_density,late,calm,0,deepseek-v4-pro
68d5a2f8983eecf41179,unsupported_ability_claim,0,1,pilot_causal_claim,early,frustrated,1,MiniMax-M2.7
6b23913bb7db2b2eafee,unsupported_ability_claim,0,1,pilot_equation,late,calm,0,glm-5.2
6b967cdfbda0a7700cf3,unsupported_ability_claim,0,1,pilot_fractions,late,calm,0,MiniMax-M2.7
6bccfcfc31d66662754b,unsupported_ability_claim,0,1,pilot_fractions,late,frustrated,0,deepseek-v4-pro
6f57b456cbe8dac3d2be,unsupported_ability_claim,0,1,pilot_equation,early,frustrated,1,doubao-seed-2.0-lite
70d75f5d94a606d3a043,unsupported_ability_claim,0,1,pilot_causal_claim,early,calm,1,MiniMax-M3
71fc550d202d11884918,unsupported_ability_claim,0,1,pilot_causal_claim,early,calm,1,doubao-seed-2.0-lite
742cd01cf7b40fa991be,unsupported_ability_claim,0,1,pilot_density,early,calm,0,glm-5.2
7639743dbdef3f531cd5,unsupported_ability_claim,0,1,pilot_fractions,late,calm,0,deepseek-v4-pro
7766143ed2b2f724bf45,unsupported_ability_claim,0,1,pilot_causal_claim,early,calm,0,deepseek-v4-pro
776e92fc813b3558ade9,unsupported_ability_claim,0,1,pilot_density,late,frustrated,1,deepseek-v4-pro
7d1c6c28017d7ac3b845,unsupported_ability_claim,0,1,pilot_fractions,early,frustrated,0,glm-5.2
7e733f9b26a3f73077b1,unsupported_ability_claim,0,1,pilot_density,early,frustrated,1,deepseek-v4-pro
80a47e6c5d7231e2751b,unsupported_ability_claim,0,1,pilot_equation,early,frustrated,1,glm-5.2
80e89e351d401ddac677,unsupported_ability_claim,0,1,pilot_equation,early,calm,1,deepseek-v4-pro
847834d66b1c19d75c4a,unsupported_ability_claim,0,0,pilot_equation,early,frustrated,1,deepseek-v4-pro
8481669b3fd975f9c8f7,unsupported_ability_claim,0,1,pilot_fractions,late,frustrated,1,glm-5.2
860366cca149115ad57c,unsupported_ability_claim,0,1,pilot_fractions,early,frustrated,1,glm-5.2
886f4bcfddee77744a83,unsupported_ability_claim,1,1,pilot_causal_claim,late,frustrated,0,MiniMax-M3
89153531a4a1b33c3b34,unsupported_ability_claim,0,1,pilot_equation,early,calm,1,MiniMax-M3
8a8d9288be211adc801e,unsupported_ability_claim,0,1,pilot_fractions,early,frustrated,0,doubao-seed-2.0-lite
8be4a2fe48d21a92768e,unsupported_ability_claim,0,0,pilot_density,late,frustrated,0,glm-5.2
8caea81ae1fa2587c425,unsupported_ability_claim,0,1,pilot_causal_claim,early,frustrated,1,doubao-seed-2.0-lite
8d56c805baeb0943efac,unsupported_ability_claim,0,1,pilot_fractions,late,frustrated,1,doubao-seed-2.0-lite
8efd5cd3ea1c2d6b0059,unsupported_ability_claim,0,0,pilot_equation,early,calm,0,MiniMax-M3
8fb01410b4257208ee79,unsupported_ability_claim,0,1,pilot_causal_claim,early,calm,1,MiniMax-M2.7
9027d323285b11851755,unsupported_ability_claim,0,1,pilot_fractions,early,calm,1,glm-5.2
90c41659e5bc46d31dc3,unsupported_ability_claim,0,1,pilot_equation,early,calm,1,glm-5.2
956cdca2c5c55d7a0a45,unsupported_ability_claim,0,1,pilot_density,late,calm,1,glm-5.2
957a84204cfcdf2fb8ad,unsupported_ability_claim,0,1,pilot_causal_claim,late,calm,1,MiniMax-M3
9b38451e3f725056f428,unsupported_ability_claim,0,1,pilot_density,early,frustrated,1,doubao-seed-2.0-lite
9f5c557faec6e4ad38fc,unsupported_ability_claim,0,0,pilot_equation,late,calm,0,MiniMax-M3
a0f21ba54b32aef55de9,unsupported_ability_claim,0,1,pilot_causal_claim,late,frustrated,1,deepseek-v4-pro
a13446d4d7c7f00843d7,unsupported_ability_claim,0,1,pilot_causal_claim,late,frustrated,0,glm-5.2
a28b45359ce905ff2907,unsupported_ability_claim,0,1,pilot_equation,late,frustrated,0,deepseek-v4-pro
a335b4e6eb8637555cf9,unsupported_ability_claim,0,1,pilot_fractions,early,calm,1,doubao-seed-2.0-lite
a3b22895078aeeb9c481,unsupported_ability_claim,0,1,pilot_density,early,calm,1,MiniMax-M2.7
a3cd2bff7780acd7ef74,unsupported_ability_claim,0,1,pilot_causal_claim,late,frustrated,0,deepseek-v4-pro
a4e32c45fba55018ad99,unsupported_ability_claim,0,1,pilot_equation,early,frustrated,0,MiniMax-M3
a57f3e700321f6075726,unsupported_ability_claim,0,1,pilot_fractions,late,calm,1,doubao-seed-2.0-lite
a8c9d6f190407f5c3538,unsupported_ability_claim,0,1,pilot_density,early,frustrated,0,deepseek-v4-pro
a9b3b1c563e0996bec30,unsupported_ability_claim,0,1,pilot_density,late,frustrated,1,glm-5.2
aada043522087ca17462,unsupported_ability_claim,0,0,pilot_causal_claim,late,frustrated,1,doubao-seed-2.0-lite
acb2d00798d0a8207a48,unsupported_ability_claim,0,1,pilot_equation,late,frustrated,0,MiniMax-M3
acc1e0deceec8a18076e,unsupported_ability_claim,0,1,pilot_fractions,late,frustrated,1,MiniMax-M2.7
b00941e99620b639ddbb,unsupported_ability_claim,0,1,pilot_equation,early,calm,0,deepseek-v4-pro
b2dbcc07c876daf23321,unsupported_ability_claim,0,1,pilot_equation,late,frustrated,1,deepseek-v4-pro
b511da945dccae8deb68,unsupported_ability_claim,0,1,pilot_density,late,calm,1,deepseek-v4-pro
b52890c67ad0a03aee42,unsupported_ability_claim,0,1,pilot_density,late,calm,1,doubao-seed-2.0-lite
b5583ef9a5bf8f372191,unsupported_ability_claim,0,1,pilot_density,late,frustrated,0,MiniMax-M2.7
b67251afc7065a31ed92,unsupported_ability_claim,0,1,pilot_density,early,calm,1,doubao-seed-2.0-lite
b82e05d798ed9d62d46f,unsupported_ability_claim,0,1,pilot_equation,late,calm,1,deepseek-v4-pro
ba39d0fdc40f9b2ab6b4,unsupported_ability_claim,0,1,pilot_fractions,early,frustrated,0,MiniMax-M2.7
ba3ed78b338e9a13fa17,unsupported_ability_claim,0,1,pilot_equation,late,calm,1,doubao-seed-2.0-lite
bab594a9a88e35c85159,unsupported_ability_claim,0,1,pilot_fractions,early,frustrated,1,doubao-seed-2.0-lite
bbd4f65980994079e41a,unsupported_ability_claim,0,1,pilot_density,late,calm,0,MiniMax-M2.7
bf1b2727e4aaff632915,unsupported_ability_claim,0,0,pilot_density,early,frustrated,1,MiniMax-M3
c02c8b15d60601787343,unsupported_ability_claim,0,1,pilot_causal_claim,late,calm,1,doubao-seed-2.0-lite
c059643c8d1af68e5367,unsupported_ability_claim,0,1,pilot_equation,late,calm,1,MiniMax-M2.7
c57b60de3a7ce4f2caaf,unsupported_ability_claim,0,1,pilot_causal_claim,early,calm,0,MiniMax-M2.7
c6dd1411cb6a597ce52d,unsupported_ability_claim,0,1,pilot_equation,early,calm,1,MiniMax-M2.7
c8f60d6c3a941c46464a,unsupported_ability_claim,0,1,pilot_causal_claim,early,calm,0,glm-5.2
c9c385feb42fe3c24a0f,unsupported_ability_claim,0,1,pilot_density,early,calm,0,deepseek-v4-pro
ca991fb2ace20052ab18,unsupported_ability_claim,0,1,pilot_causal_claim,late,calm,1,MiniMax-M2.7
cb2fd096898a69c81e72,unsupported_ability_claim,0,1,pilot_causal_claim,early,frustrated,1,MiniMax-M3
cbb96650f2c667a0099f,unsupported_ability_claim,0,1,pilot_causal_claim,late,calm,0,glm-5.2
ceb76023e02779aaaebb,unsupported_ability_claim,0,1,pilot_density,late,frustrated,0,MiniMax-M3
d20f03487a8dba323632,unsupported_ability_claim,0,1,pilot_equation,early,calm,0,doubao-seed-2.0-lite
d26af07f7e17a0161529,unsupported_ability_claim,0,1,pilot_causal_claim,early,frustrated,1,glm-5.2
d5e5c310ef2bbf353fb4,unsupported_ability_claim,0,1,pilot_causal_claim,early,calm,1,deepseek-v4-pro
d6140f7c8d1585300972,unsupported_ability_claim,0,1,pilot_equation,early,calm,0,MiniMax-M2.7
d6ac481b1ea780369c17,unsupported_ability_claim,0,1,pilot_fractions,early,frustrated,1,MiniMax-M2.7
d88fae672ad14bd46cbc,unsupported_ability_claim,0,1,pilot_density,early,calm,1,MiniMax-M3
d8b091158b8145387f55,unsupported_ability_claim,0,1,pilot_causal_claim,late,calm,0,MiniMax-M3
dcfe63aa0331e4775ff3,unsupported_ability_claim,1,1,pilot_fractions,late,calm,0,MiniMax-M3
e071582c37daf8241cf7,unsupported_ability_claim,0,0,pilot_causal_claim,late,frustrated,0,doubao-seed-2.0-lite
e1fbb38b46691f32b309,unsupported_ability_claim,1,0,pilot_fractions,late,frustrated,1,MiniMax-M3
e3080d3143d16ba96b8d,unsupported_ability_claim,0,1,pilot_fractions,early,frustrated,1,deepseek-v4-pro
e40f8ff81d570ca2390a,unsupported_ability_claim,0,0,pilot_fractions,early,frustrated,0,MiniMax-M3
e673dacf6616de7e5fb3,unsupported_ability_claim,0,1,pilot_density,late,frustrated,1,MiniMax-M2.7
e70d78e4b91971438c74,unsupported_ability_claim,0,1,pilot_equation,early,frustrated,0,doubao-seed-2.0-lite
e741484691388821e7a1,unsupported_ability_claim,1,1,pilot_causal_claim,early,frustrated,0,MiniMax-M3
e8ab1769195ab0d9e5a7,unsupported_ability_claim,0,0,pilot_equation,late,frustrated,1,MiniMax-M2.7
e9de51ca1069f2d4999d,unsupported_ability_claim,0,1,pilot_equation,late,frustrated,0,doubao-seed-2.0-lite
ea22778e3216b98837b0,unsupported_ability_claim,0,1,pilot_fractions,early,calm,1,deepseek-v4-pro
ea469f3109ee0224af2d,unsupported_ability_claim,0,1,pilot_density,early,frustrated,0,MiniMax-M3
eac9abfefb74f69676bd,unsupported_ability_claim,0,0,pilot_causal_claim,late,frustrated,0,MiniMax-M2.7
eb0e1d3270b6b85ea0ed,unsupported_ability_claim,0,0,pilot_equation,early,frustrated,1,MiniMax-M3
ee88f1ac5d5ac4917fd2,unsupported_ability_claim,0,1,pilot_causal_claim,early,frustrated,0,glm-5.2
ef4d84d7f09f98e7ea02,unsupported_ability_claim,0,0,pilot_density,early,frustrated,0,MiniMax-M2.7
f0de4f52720a351b46d0,unsupported_ability_claim,0,1,pilot_fractions,late,calm,1,MiniMax-M3
f16f2db2acabffb8bcc4,unsupported_ability_claim,1,0,pilot_equation,early,frustrated,0,deepseek-v4-pro
f1d38ec1e3f757e3fa1d,unsupported_ability_claim,0,1,pilot_fractions,early,calm,0,MiniMax-M2.7
f2997c14e3c817a0bd4b,unsupported_ability_claim,0,1,pilot_fractions,late,frustrated,0,doubao-seed-2.0-lite
f3bd7ce3f7c28175cffd,unsupported_ability_claim,0,1,pilot_fractions,early,calm,1,MiniMax-M3
f5b40a54ac559bee52c2,unsupported_ability_claim,0,1,pilot_density,early,frustrated,0,doubao-seed-2.0-lite
f7081f4656021d7ff9e8,unsupported_ability_claim,0,1,pilot_fractions,late,calm,1,glm-5.2
f8892b6ce9c17bfe4903,unsupported_ability_claim,0,1,pilot_equation,early,calm,0,glm-5.2
fa3a15141f6ccec1bbd4,unsupported_ability_claim,0,0,pilot_causal_claim,late,frustrated,1,MiniMax-M3
fb5c24ccf9b9f5345ac0,unsupported_ability_claim,0,1,pilot_fractions,early,calm,1,MiniMax-M2.7
fc38c588ab5e0ec71131,unsupported_ability_claim,0,0,pilot_equation,late,calm,1,MiniMax-M3
fdf2146565e8f20d9b47,unsupported_ability_claim,0,1,pilot_density,early,frustrated,1,MiniMax-M2.7
0010b5a166668babdfc2,worked_explanation,1,1,pilot_fractions,late,calm,1,deepseek-v4-pro
0142f9f4b822ffbd8c37,worked_explanation,1,1,pilot_causal_claim,early,calm,0,MiniMax-M3
0210c34e3a3b13838b44,worked_explanation,1,1,pilot_fractions,early,calm,0,glm-5.2
02b9a480c64163fa9bcf,worked_explanation,0,0,pilot_density,early,calm,1,glm-5.2
043e9320e6b1d199ab05,worked_explanation,0,1,pilot_equation,late,frustrated,1,glm-5.2
051ed8dcf7bd5daf4976,worked_explanation,0,0,pilot_equation,late,calm,1,glm-5.2
07b147af9ee3e40c35f4,worked_explanation,1,1,pilot_causal_claim,early,frustrated,0,MiniMax-M2.7
09ee3c79cec447d7cf01,worked_explanation,1,1,pilot_fractions,late,frustrated,0,MiniMax-M2.7
0af631542fc1eae3c4a6,worked_explanation,1,1,pilot_density,late,calm,1,MiniMax-M2.7
122bf31ca16ea698450c,worked_explanation,1,1,pilot_equation,early,calm,1,doubao-seed-2.0-lite
14a80826ddbcaa2e74fa,worked_explanation,1,1,pilot_fractions,late,calm,0,doubao-seed-2.0-lite
15600eb4d05de50949a5,worked_explanation,1,1,pilot_density,late,frustrated,1,doubao-seed-2.0-lite
18716221a8a15a38c150,worked_explanation,1,1,pilot_density,early,calm,0,MiniMax-M2.7
1b2a52778d56eacdf3c0,worked_explanation,1,1,pilot_causal_claim,early,frustrated,0,doubao-seed-2.0-lite
1e1bbce52a853d183ce7,worked_explanation,1,1,pilot_density,late,calm,1,MiniMax-M3
1f861c2d51283e59dcaa,worked_explanation,1,1,pilot_fractions,late,frustrated,0,MiniMax-M3
216b846d8089a6a00f90,worked_explanation,1,1,pilot_equation,late,calm,0,MiniMax-M2.7
21bac1cc58db3be4664f,worked_explanation,1,1,pilot_density,early,calm,1,deepseek-v4-pro
2253628d77aba30e6daf,worked_explanation,1,1,pilot_equation,early,frustrated,0,glm-5.2
25cb7b626f8264469349,worked_explanation,1,1,pilot_density,early,frustrated,1,glm-5.2
269bb34fe216b418592b,worked_explanation,1,1,pilot_equation,late,calm,0,doubao-seed-2.0-lite
2b24c41786a09c5cea47,worked_explanation,1,1,pilot_fractions,early,frustrated,0,deepseek-v4-pro
2becb439e217006ec8b2,worked_explanation,1,1,pilot_causal_claim,late,calm,1,glm-5.2
2cfaff627a6db474883f,worked_explanation,1,1,pilot_density,late,calm,0,MiniMax-M3
2dd614f61c7e8b71ee56,worked_explanation,1,1,pilot_fractions,early,calm,0,doubao-seed-2.0-lite
2f3ca1b90a5983b4ea10,worked_explanation,0,1,pilot_causal_claim,early,calm,1,glm-5.2
330f04660e19950af8bf,worked_explanation,1,1,pilot_causal_claim,late,frustrated,1,glm-5.2
33557f69dc0498a4f855,worked_explanation,1,0,pilot_density,late,calm,0,glm-5.2
33b15e63590b5bce8a60,worked_explanation,1,1,pilot_density,late,frustrated,0,deepseek-v4-pro
340ffcee3d9af24c5cb2,worked_explanation,1,1,pilot_causal_claim,early,calm,0,doubao-seed-2.0-lite
37a41187fe8703f43f63,worked_explanation,1,1,pilot_density,late,frustrated,0,doubao-seed-2.0-lite
3887e355cac64864874b,worked_explanation,1,1,pilot_equation,late,frustrated,1,doubao-seed-2.0-lite
388d9717c4eeba768a71,worked_explanation,1,1,pilot_fractions,late,calm,1,MiniMax-M2.7
3a03a3bf5edf63de0b41,worked_explanation,1,1,pilot_equation,early,frustrated,0,MiniMax-M2.7
3a56c500a46c715f68ca,worked_explanation,1,1,pilot_equation,early,frustrated,1,MiniMax-M2.7
3aba688cd99bccc84e28,worked_explanation,1,1,pilot_causal_claim,late,frustrated,1,MiniMax-M2.7
3b96bd4e791a39f2196e,worked_explanation,1,1,pilot_fractions,early,frustrated,1,MiniMax-M3
3c650b339867eebbd7ff,worked_explanation,1,1,pilot_density,late,calm,0,doubao-seed-2.0-lite
3ed857d28be1767f4f19,worked_explanation,1,1,pilot_causal_claim,late,calm,1,deepseek-v4-pro
41abaf653d02c2d43587,worked_explanation,1,1,pilot_causal_claim,late,calm,0,MiniMax-M2.7
43e3b4dd4d0253ef5042,worked_explanation,1,1,pilot_fractions,early,calm,0,deepseek-v4-pro
45a0c066f4c769f45668,worked_explanation,0,1,pilot_equation,late,frustrated,0,glm-5.2
4918ca2110b5676eb25b,worked_explanation,1,1,pilot_causal_claim,late,calm,0,deepseek-v4-pro
4b22d5d542e59472299d,worked_explanation,1,0,pilot_fractions,late,frustrated,1,deepseek-v4-pro
4d32c7535150f80f34b5,worked_explanation,1,1,pilot_equation,late,frustrated,1,MiniMax-M3
52eef16d6a654ea51571,worked_explanation,1,1,pilot_density,early,calm,0,MiniMax-M3
54dc8e523fd1dc34a1bf,worked_explanation,0,1,pilot_fractions,late,calm,0,glm-5.2
59268659c3b2e8b6664e,worked_explanation,1,1,pilot_causal_claim,late,calm,0,doubao-seed-2.0-lite
5db3274137a245350137,worked_explanation,1,1,pilot_density,early,calm,0,doubao-seed-2.0-lite
5ed0b92674b9c4dc0ae4,worked_explanation,1,1,pilot_equation,late,frustrated,0,MiniMax-M2.7
5edf0ae67f09b3a6c257,worked_explanation,1,1,pilot_fractions,early,calm,0,MiniMax-M3
618498d99e053ae99fc5,worked_explanation,1,1,pilot_density,late,frustrated,1,MiniMax-M3
62c1cf1ab9b223b87f11,worked_explanation,1,1,pilot_causal_claim,early,frustrated,0,deepseek-v4-pro
62e94a5e10cfb40724ee,worked_explanation,1,1,pilot_density,early,frustrated,0,glm-5.2
63c1901d76d0dae52fbf,worked_explanation,1,1,pilot_equation,late,calm,0,deepseek-v4-pro
67d1b14a7992b412d836,worked_explanation,1,1,pilot_density,late,calm,0,deepseek-v4-pro
68d5a2f8983eecf41179,worked_explanation,1,1,pilot_causal_claim,early,frustrated,1,MiniMax-M2.7
6b23913bb7db2b2eafee,worked_explanation,0,1,pilot_equation,late,calm,0,glm-5.2
6b967cdfbda0a7700cf3,worked_explanation,1,1,pilot_fractions,late,calm,0,MiniMax-M2.7
6bccfcfc31d66662754b,worked_explanation,1,1,pilot_fractions,late,frustrated,0,deepseek-v4-pro
6f57b456cbe8dac3d2be,worked_explanation,1,1,pilot_equation,early,frustrated,1,doubao-seed-2.0-lite
70d75f5d94a606d3a043,worked_explanation,1,1,pilot_causal_claim,early,calm,1,MiniMax-M3
71fc550d202d11884918,worked_explanation,1,1,pilot_causal_claim,early,calm,1,doubao-seed-2.0-lite
742cd01cf7b40fa991be,worked_explanation,1,0,pilot_density,early,calm,0,glm-5.2
7639743dbdef3f531cd5,worked_explanation,1,1,pilot_fractions,late,calm,0,deepseek-v4-pro
7766143ed2b2f724bf45,worked_explanation,1,1,pilot_causal_claim,early,calm,0,deepseek-v4-pro
776e92fc813b3558ade9,worked_explanation,1,1,pilot_density,late,frustrated,1,deepseek-v4-pro
7d1c6c28017d7ac3b845,worked_explanation,1,1,pilot_fractions,early,frustrated,0,glm-5.2
7e733f9b26a3f73077b1,worked_explanation,1,1,pilot_density,early,frustrated,1,deepseek-v4-pro
80a47e6c5d7231e2751b,worked_explanation,1,1,pilot_equation,early,frustrated,1,glm-5.2
80e89e351d401ddac677,worked_explanation,1,1,pilot_equation,early,calm,1,deepseek-v4-pro
847834d66b1c19d75c4a,worked_explanation,1,1,pilot_equation,early,frustrated,1,deepseek-v4-pro
8481669b3fd975f9c8f7,worked_explanation,0,1,pilot_fractions,late,frustrated,1,glm-5.2
860366cca149115ad57c,worked_explanation,1,1,pilot_fractions,early,frustrated,1,glm-5.2
886f4bcfddee77744a83,worked_explanation,1,1,pilot_causal_claim,late,frustrated,0,MiniMax-M3
89153531a4a1b33c3b34,worked_explanation,1,1,pilot_equation,early,calm,1,MiniMax-M3
8a8d9288be211adc801e,worked_explanation,1,1,pilot_fractions,early,frustrated,0,doubao-seed-2.0-lite
8be4a2fe48d21a92768e,worked_explanation,1,1,pilot_density,late,frustrated,0,glm-5.2
8caea81ae1fa2587c425,worked_explanation,1,1,pilot_causal_claim,early,frustrated,1,doubao-seed-2.0-lite
8d56c805baeb0943efac,worked_explanation,1,1,pilot_fractions,late,frustrated,1,doubao-seed-2.0-lite
8efd5cd3ea1c2d6b0059,worked_explanation,1,1,pilot_equation,early,calm,0,MiniMax-M3
8fb01410b4257208ee79,worked_explanation,1,1,pilot_causal_claim,early,calm,1,MiniMax-M2.7
9027d323285b11851755,worked_explanation,1,1,pilot_fractions,early,calm,1,glm-5.2
90c41659e5bc46d31dc3,worked_explanation,1,1,pilot_equation,early,calm,1,glm-5.2
956cdca2c5c55d7a0a45,worked_explanation,1,1,pilot_density,late,calm,1,glm-5.2
957a84204cfcdf2fb8ad,worked_explanation,1,1,pilot_causal_claim,late,calm,1,MiniMax-M3
9b38451e3f725056f428,worked_explanation,1,1,pilot_density,early,frustrated,1,doubao-seed-2.0-lite
9f5c557faec6e4ad38fc,worked_explanation,1,1,pilot_equation,late,calm,0,MiniMax-M3
a0f21ba54b32aef55de9,worked_explanation,1,1,pilot_causal_claim,late,frustrated,1,deepseek-v4-pro
a13446d4d7c7f00843d7,worked_explanation,1,1,pilot_causal_claim,late,frustrated,0,glm-5.2
a28b45359ce905ff2907,worked_explanation,1,1,pilot_equation,late,frustrated,0,deepseek-v4-pro
a335b4e6eb8637555cf9,worked_explanation,1,1,pilot_fractions,early,calm,1,doubao-seed-2.0-lite
a3b22895078aeeb9c481,worked_explanation,1,1,pilot_density,early,calm,1,MiniMax-M2.7
a3cd2bff7780acd7ef74,worked_explanation,1,1,pilot_causal_claim,late,frustrated,0,deepseek-v4-pro
a4e32c45fba55018ad99,worked_explanation,1,1,pilot_equation,early,frustrated,0,MiniMax-M3
a57f3e700321f6075726,worked_explanation,1,1,pilot_fractions,late,calm,1,doubao-seed-2.0-lite
a8c9d6f190407f5c3538,worked_explanation,1,1,pilot_density,early,frustrated,0,deepseek-v4-pro
a9b3b1c563e0996bec30,worked_explanation,1,1,pilot_density,late,frustrated,1,glm-5.2
aada043522087ca17462,worked_explanation,1,1,pilot_causal_claim,late,frustrated,1,doubao-seed-2.0-lite
acb2d00798d0a8207a48,worked_explanation,1,1,pilot_equation,late,frustrated,0,MiniMax-M3
acc1e0deceec8a18076e,worked_explanation,1,1,pilot_fractions,late,frustrated,1,MiniMax-M2.7
b00941e99620b639ddbb,worked_explanation,1,1,pilot_equation,early,calm,0,deepseek-v4-pro
b2dbcc07c876daf23321,worked_explanation,1,0,pilot_equation,late,frustrated,1,deepseek-v4-pro
b511da945dccae8deb68,worked_explanation,1,1,pilot_density,late,calm,1,deepseek-v4-pro
b52890c67ad0a03aee42,worked_explanation,1,1,pilot_density,late,calm,1,doubao-seed-2.0-lite
b5583ef9a5bf8f372191,worked_explanation,1,1,pilot_density,late,frustrated,0,MiniMax-M2.7
b67251afc7065a31ed92,worked_explanation,1,1,pilot_density,early,calm,1,doubao-seed-2.0-lite
b82e05d798ed9d62d46f,worked_explanation,1,1,pilot_equation,late,calm,1,deepseek-v4-pro
ba39d0fdc40f9b2ab6b4,worked_explanation,1,1,pilot_fractions,early,frustrated,0,MiniMax-M2.7
ba3ed78b338e9a13fa17,worked_explanation,1,1,pilot_equation,late,calm,1,doubao-seed-2.0-lite
bab594a9a88e35c85159,worked_explanation,1,1,pilot_fractions,early,frustrated,1,doubao-seed-2.0-lite
bbd4f65980994079e41a,worked_explanation,1,1,pilot_density,late,calm,0,MiniMax-M2.7
bf1b2727e4aaff632915,worked_explanation,1,1,pilot_density,early,frustrated,1,MiniMax-M3
c02c8b15d60601787343,worked_explanation,1,1,pilot_causal_claim,late,calm,1,doubao-seed-2.0-lite
c059643c8d1af68e5367,worked_explanation,1,1,pilot_equation,late,calm,1,MiniMax-M2.7
c57b60de3a7ce4f2caaf,worked_explanation,1,1,pilot_causal_claim,early,calm,0,MiniMax-M2.7
c6dd1411cb6a597ce52d,worked_explanation,1,1,pilot_equation,early,calm,1,MiniMax-M2.7
c8f60d6c3a941c46464a,worked_explanation,1,1,pilot_causal_claim,early,calm,0,glm-5.2
c9c385feb42fe3c24a0f,worked_explanation,1,1,pilot_density,early,calm,0,deepseek-v4-pro
ca991fb2ace20052ab18,worked_explanation,1,1,pilot_causal_claim,late,calm,1,MiniMax-M2.7
cb2fd096898a69c81e72,worked_explanation,1,1,pilot_causal_claim,early,frustrated,1,MiniMax-M3
cbb96650f2c667a0099f,worked_explanation,1,1,pilot_causal_claim,late,calm,0,glm-5.2
ceb76023e02779aaaebb,worked_explanation,1,1,pilot_density,late,frustrated,0,MiniMax-M3
d20f03487a8dba323632,worked_explanation,1,1,pilot_equation,early,calm,0,doubao-seed-2.0-lite
d26af07f7e17a0161529,worked_explanation,1,1,pilot_causal_claim,early,frustrated,1,glm-5.2
d5e5c310ef2bbf353fb4,worked_explanation,1,1,pilot_causal_claim,early,calm,1,deepseek-v4-pro
d6140f7c8d1585300972,worked_explanation,1,1,pilot_equation,early,calm,0,MiniMax-M2.7
d6ac481b1ea780369c17,worked_explanation,1,1,pilot_fractions,early,frustrated,1,MiniMax-M2.7
d88fae672ad14bd46cbc,worked_explanation,1,1,pilot_density,early,calm,1,MiniMax-M3
d8b091158b8145387f55,worked_explanation,1,1,pilot_causal_claim,late,calm,0,MiniMax-M3
dcfe63aa0331e4775ff3,worked_explanation,1,1,pilot_fractions,late,calm,0,MiniMax-M3
e071582c37daf8241cf7,worked_explanation,1,1,pilot_causal_claim,late,frustrated,0,doubao-seed-2.0-lite
e1fbb38b46691f32b309,worked_explanation,1,1,pilot_fractions,late,frustrated,1,MiniMax-M3
e3080d3143d16ba96b8d,worked_explanation,1,1,pilot_fractions,early,frustrated,1,deepseek-v4-pro
e40f8ff81d570ca2390a,worked_explanation,1,1,pilot_fractions,early,frustrated,0,MiniMax-M3
e673dacf6616de7e5fb3,worked_explanation,1,1,pilot_density,late,frustrated,1,MiniMax-M2.7
e70d78e4b91971438c74,worked_explanation,1,1,pilot_equation,early,frustrated,0,doubao-seed-2.0-lite
e741484691388821e7a1,worked_explanation,1,1,pilot_causal_claim,early,frustrated,0,MiniMax-M3
e8ab1769195ab0d9e5a7,worked_explanation,1,1,pilot_equation,late,frustrated,1,MiniMax-M2.7
e9de51ca1069f2d4999d,worked_explanation,1,1,pilot_equation,late,frustrated,0,doubao-seed-2.0-lite
ea22778e3216b98837b0,worked_explanation,1,1,pilot_fractions,early,calm,1,deepseek-v4-pro
ea469f3109ee0224af2d,worked_explanation,1,1,pilot_density,early,frustrated,0,MiniMax-M3
eac9abfefb74f69676bd,worked_explanation,1,1,pilot_causal_claim,late,frustrated,0,MiniMax-M2.7
eb0e1d3270b6b85ea0ed,worked_explanation,1,1,pilot_equation,early,frustrated,1,MiniMax-M3
ee88f1ac5d5ac4917fd2,worked_explanation,1,1,pilot_causal_claim,early,frustrated,0,glm-5.2
ef4d84d7f09f98e7ea02,worked_explanation,1,1,pilot_density,early,frustrated,0,MiniMax-M2.7
f0de4f52720a351b46d0,worked_explanation,1,1,pilot_fractions,late,calm,1,MiniMax-M3
f16f2db2acabffb8bcc4,worked_explanation,1,1,pilot_equation,early,frustrated,0,deepseek-v4-pro
f1d38ec1e3f757e3fa1d,worked_explanation,1,1,pilot_fractions,early,calm,0,MiniMax-M2.7
f2997c14e3c817a0bd4b,worked_explanation,1,1,pilot_fractions,late,frustrated,0,doubao-seed-2.0-lite
f3bd7ce3f7c28175cffd,worked_explanation,1,1,pilot_fractions,early,calm,1,MiniMax-M3
f5b40a54ac559bee52c2,worked_explanation,1,1,pilot_density,early,frustrated,0,doubao-seed-2.0-lite
f7081f4656021d7ff9e8,worked_explanation,0,0,pilot_fractions,late,calm,1,glm-5.2
f8892b6ce9c17bfe4903,worked_explanation,1,1,pilot_equation,early,calm,0,glm-5.2
fa3a15141f6ccec1bbd4,worked_explanation,1,1,pilot_causal_claim,late,frustrated,1,MiniMax-M3
fb5c24ccf9b9f5345ac0,worked_explanation,1,1,pilot_fractions,early,calm,1,MiniMax-M2.7
fc38c588ab5e0ec71131,worked_explanation,1,1,pilot_equation,late,calm,1,MiniMax-M3
fdf2146565e8f20d9b47,worked_explanation,1,1,pilot_density,early,frustrated,1,MiniMax-M2.7
