{"call_types": ["selector_ask_first", "selector_explain_first", "ask_executor", "explain_executor", "single_pass_adaptive"], "contexts": 96, "contexts_by_target": {"probing": 48, "telling": 48}, "exact_ten_stratum_block_balance": true, "expected_calls": 2400, "payload_scope": "public MathDial-derived contexts; no held-out teacher text or private logs", "samples_per_model": 480, "schema_version": 1, "unique_prompt_hashes": 480}
{"expected_calls": 2400, "models": ["MiniMax-M3", "MiniMax-M2.7", "glm-5.2", "deepseek-v4-pro", "doubao-seed-2.0-lite"], "order": "model-specific SHA-256 order in exact ten-stratum blocks", "samples": 480}
{"request_id": "two-stage-v1|scaffolding-451|single_pass_adaptive|MiniMax-M3", "queue_rank": 0, "call_type": "single_pass_adaptive", "target_act": "probing", "ok": true, "error": ""}
{"request_id": "two-stage-v1|scaffolding-157|selector_ask_first|MiniMax-M3", "queue_rank": 2, "call_type": "selector_ask_first", "target_act": "probing", "ok": true, "error": ""}
{"request_id": "two-stage-v1|scaffolding-719|explain_executor|MiniMax-M3", "queue_rank": 4, "call_type": "explain_executor", "target_act": "telling", "ok": true, "error": ""}
{"request_id": "two-stage-v1|scaffolding-11|selector_ask_first|MiniMax-M3", "queue_rank": 5, "call_type": "selector_ask_first", "target_act": "telling", "ok": true, "error": ""}
{"request_id": "two-stage-v1|scaffolding-757|single_pass_adaptive|MiniMax-M3", "queue_rank": 3, "call_type": "single_pass_adaptive", "target_act": "telling", "ok": true, "error": ""}
{"request_id": "two-stage-v1|scaffolding-446|selector_explain_first|MiniMax-M3", "queue_rank": 1, "call_type": "selector_explain_first", "target_act": "probing", "ok": true, "error": ""}
{"request_id": "two-stage-v1|scaffolding-589|explain_executor|MiniMax-M3", "queue_rank": 8, "call_type": "explain_executor", "target_act": "probing", "ok": true, "error": ""}
{"request_id": "two-stage-v1|scaffolding-698|selector_explain_first|MiniMax-M3", "queue_rank": 6, "call_type": "selector_explain_first", "target_act": "telling", "ok": true, "error": ""}
{"request_id": "two-stage-v1|scaffolding-322|ask_executor|MiniMax-M3", "queue_rank": 9, "call_type": "ask_executor", "target_act": "telling", "ok": true, "error": ""}
{"request_id": "two-stage-v1|scaffolding-124|ask_executor|MiniMax-M3", "queue_rank": 7, "call_type": "ask_executor", "target_act": "probing", "ok": true, "error": ""}
{"request_id": "two-stage-v1|scaffolding-176|selector_explain_first|MiniMax-M3", "queue_rank": 11, "call_type": "selector_explain_first", "target_act": "telling", "ok": true, "error": ""}
{"request_id": "two-stage-v1|scaffolding-758|selector_ask_first|MiniMax-M3", "queue_rank": 12, "call_type": "selector_ask_first", "target_act": "telling", "ok": true, "error": ""}
{"request_id": "two-stage-v1|scaffolding-146|single_pass_adaptive|MiniMax-M3", "queue_rank": 10, "call_type": "single_pass_adaptive", "target_act": "probing", "ok": true, "error": ""}
{"request_id": "two-stage-v1|scaffolding-749|ask_executor|MiniMax-M3", "queue_rank": 15, "call_type": "ask_executor", "target_act": "probing", "ok": true, "error": ""}
{"request_id": "two-stage-v1|scaffolding-703|explain_executor|MiniMax-M3", "queue_rank": 13, "call_type": "explain_executor", "target_act": "probing", "ok": true, "error": ""}
{"request_id": "two-stage-v1|scaffolding-2|explain_executor|MiniMax-M3", "queue_rank": 16, "call_type": "explain_executor", "target_act": "telling", "ok": true, "error": ""}
{"request_id": "two-stage-v1|scaffolding-758|single_pass_adaptive|MiniMax-M3", "queue_rank": 18, "call_type": "single_pass_adaptive", "target_act": "telling", "ok": true, "error": ""}
{"request_id": "two-stage-v1|scaffolding-674|selector_ask_first|MiniMax-M3", "queue_rank": 20, "call_type": "selector_ask_first", "target_act": "probing", "ok": true, "error": ""}
{"request_id": "two-stage-v1|scaffolding-835|selector_explain_first|MiniMax-M3", "queue_rank": 14, "call_type": "selector_explain_first", "target_act": "probing", "ok": true, "error": ""}
{"request_id": "two-stage-v1|scaffolding-99|selector_explain_first|MiniMax-M3", "queue_rank": 22, "call_type": "selector_explain_first", "target_act": "telling", "ok": true, "error": ""}
{"request_id": "two-stage-v1|scaffolding-177|ask_executor|MiniMax-M3", "queue_rank": 19, "call_type": "ask_executor", "target_act": "telling", "ok": true, "error": ""}
{"request_id": "two-stage-v1|scaffolding-307|ask_executor|MiniMax-M3", "queue_rank": 24, "call_type": "ask_executor", "target_act": "probing", "ok": true, "error": ""}
{"request_id": "two-stage-v1|scaffolding-176|ask_executor|MiniMax-M3", "queue_rank": 25, "call_type": "ask_executor", "target_act": "telling", "ok": true, "error": ""}
{"request_id": "two-stage-v1|scaffolding-704|single_pass_adaptive|MiniMax-M3", "queue_rank": 23, "call_type": "single_pass_adaptive", "target_act": "probing", "ok": true, "error": ""}
{"request_id": "two-stage-v1|scaffolding-804|explain_executor|MiniMax-M3", "queue_rank": 27, "call_type": "explain_executor", "target_act": "probing", "ok": true, "error": ""}
{"request_id": "two-stage-v1|scaffolding-801|single_pass_adaptive|MiniMax-M3", "queue_rank": 26, "call_type": "single_pass_adaptive", "target_act": "telling", "ok": true, "error": ""}
{"request_id": "two-stage-v1|scaffolding-8|selector_ask_first|MiniMax-M3", "queue_rank": 28, "call_type": "selector_ask_first", "target_act": "telling", "ok": true, "error": ""}
{"request_id": "two-stage-v1|scaffolding-736|selector_explain_first|MiniMax-M3", "queue_rank": 29, "call_type": "selector_explain_first", "target_act": "probing", "ok": true, "error": ""}
{"request_id": "two-stage-v1|scaffolding-451|selector_ask_first|MiniMax-M3", "queue_rank": 17, "call_type": "selector_ask_first", "target_act": "probing", "ok": true, "error": ""}
{"request_id": "two-stage-v1|scaffolding-719|selector_explain_first|MiniMax-M3", "queue_rank": 30, "call_type": "selector_explain_first", "target_act": "telling", "ok": true, "error": ""}
{"request_id": "two-stage-v1|scaffolding-196|ask_executor|MiniMax-M3", "queue_rank": 33, "call_type": "ask_executor", "target_act": "probing", "ok": true, "error": ""}
{"request_id": "two-stage-v1|scaffolding-9|explain_executor|MiniMax-M3", "queue_rank": 32, "call_type": "explain_executor", "target_act": "telling", "ok": true, "error": ""}
{"request_id": "two-stage-v1|scaffolding-835|explain_executor|MiniMax-M3", "queue_rank": 34, "call_type": "explain_executor", "target_act": "probing", "ok": true, "error": ""}
{"request_id": "two-stage-v1|scaffolding-623|selector_ask_first|MiniMax-M3", "queue_rank": 35, "call_type": "selector_ask_first", "target_act": "probing", "ok": true, "error": ""}
{"request_id": "two-stage-v1|scaffolding-674|single_pass_adaptive|MiniMax-M3", "queue_rank": 36, "call_type": "single_pass_adaptive", "target_act": "probing", "ok": true, "error": ""}
{"request_id": "two-stage-v1|scaffolding-793|ask_executor|MiniMax-M3", "queue_rank": 37, "call_type": "ask_executor", "target_act": "telling", "ok": true, "error": ""}
{"request_id": "two-stage-v1|scaffolding-968|selector_ask_first|MiniMax-M3", "queue_rank": 31, "call_type": "selector_ask_first", "target_act": "telling", "ok": true, "error": ""}
{"request_id": "two-stage-v1|scaffolding-610|selector_explain_first|MiniMax-M3", "queue_rank": 38, "call_type": "selector_explain_first", "target_act": "probing", "ok": true, "error": ""}
{"request_id": "two-stage-v1|scaffolding-698|single_pass_adaptive|MiniMax-M3", "queue_rank": 39, "call_type": "single_pass_adaptive", "target_act": "telling", "ok": true, "error": ""}
{"request_id": "two-stage-v1|scaffolding-610|selector_ask_first|MiniMax-M3", "queue_rank": 41, "call_type": "selector_ask_first", "target_act": "probing", "ok": true, "error": ""}
{"request_id": "two-stage-v1|scaffolding-137|explain_executor|MiniMax-M3", "queue_rank": 42, "call_type": "explain_executor", "target_act": "probing", "ok": true, "error": ""}
{"request_id": "two-stage-v1|scaffolding-1085|selector_explain_first|MiniMax-M3", "queue_rank": 43, "call_type": "selector_explain_first", "target_act": "telling", "ok": true, "error": ""}
{"request_id": "two-stage-v1|scaffolding-59|ask_executor|MiniMax-M3", "queue_rank": 44, "call_type": "ask_executor", "target_act": "telling", "ok": true, "error": ""}
{"request_id": "two-stage-v1|scaffolding-968|explain_executor|MiniMax-M3", "queue_rank": 21, "call_type": "explain_executor", "target_act": "telling", "ok": true, "error": ""}
{"request_id": "two-stage-v1|scaffolding-123|single_pass_adaptive|MiniMax-M3", "queue_rank": 45, "call_type": "single_pass_adaptive", "target_act": "telling", "ok": true, "error": ""}
{"request_id": "two-stage-v1|scaffolding-698|selector_ask_first|MiniMax-M3", "queue_rank": 46, "call_type": "selector_ask_first", "target_act": "telling", "ok": true, "error": ""}
{"request_id": "two-stage-v1|scaffolding-919|explain_executor|MiniMax-M3", "queue_rank": 40, "call_type": "explain_executor", "target_act": "telling", "ok": true, "error": ""}
{"request_id": "two-stage-v1|scaffolding-749|single_pass_adaptive|MiniMax-M3", "queue_rank": 47, "call_type": "single_pass_adaptive", "target_act": "probing", "ok": true, "error": ""}
{"request_id": "two-stage-v1|scaffolding-774|ask_executor|MiniMax-M3", "queue_rank": 48, "call_type": "ask_executor", "target_act": "probing", "ok": true, "error": ""}
{"request_id": "two-stage-v1|scaffolding-715|single_pass_adaptive|MiniMax-M3", "queue_rank": 50, "call_type": "single_pass_adaptive", "target_act": "probing", "ok": true, "error": ""}
{"request_id": "two-stage-v1|scaffolding-196|selector_ask_first|MiniMax-M3", "queue_rank": 51, "call_type": "selector_ask_first", "target_act": "probing", "ok": true, "error": ""}
{"request_id": "two-stage-v1|scaffolding-909|selector_ask_first|MiniMax-M3", "queue_rank": 53, "call_type": "selector_ask_first", "target_act": "telling", "ok": true, "error": ""}
{"request_id": "two-stage-v1|scaffolding-804|ask_executor|MiniMax-M3", "queue_rank": 52, "call_type": "ask_executor", "target_act": "probing", "ok": true, "error": ""}
{"request_id": "two-stage-v1|scaffolding-755|single_pass_adaptive|MiniMax-M3", "queue_rank": 55, "call_type": "single_pass_adaptive", "target_act": "telling", "ok": true, "error": ""}
{"request_id": "two-stage-v1|scaffolding-974|selector_explain_first|MiniMax-M3", "queue_rank": 54, "call_type": "selector_explain_first", "target_act": "telling", "ok": true, "error": ""}
{"request_id": "two-stage-v1|scaffolding-610|explain_executor|MiniMax-M3", "queue_rank": 58, "call_type": "explain_executor", "target_act": "probing", "ok": true, "error": ""}
{"request_id": "two-stage-v1|scaffolding-991|selector_explain_first|MiniMax-M3", "queue_rank": 56, "call_type": "selector_explain_first", "target_act": "probing", "ok": true, "error": ""}
{"request_id": "two-stage-v1|scaffolding-722|ask_executor|MiniMax-M3", "queue_rank": 57, "call_type": "ask_executor", "target_act": "telling", "ok": true, "error": ""}
{"request_id": "two-stage-v1|scaffolding-500|explain_executor|MiniMax-M3", "queue_rank": 59, "call_type": "explain_executor", "target_act": "telling", "ok": true, "error": ""}
{"request_id": "two-stage-v1|scaffolding-193|selector_explain_first|MiniMax-M3", "queue_rank": 62, "call_type": "selector_explain_first", "target_act": "probing", "ok": true, "error": ""}
{"request_id": "two-stage-v1|scaffolding-240|ask_executor|MiniMax-M3", "queue_rank": 60, "call_type": "ask_executor", "target_act": "probing", "ok": true, "error": ""}
{"request_id": "two-stage-v1|scaffolding-193|explain_executor|MiniMax-M3", "queue_rank": 61, "call_type": "explain_executor", "target_act": "probing", "ok": true, "error": ""}
{"request_id": "two-stage-v1|scaffolding-799|explain_executor|MiniMax-M3", "queue_rank": 63, "call_type": "explain_executor", "target_act": "telling", "ok": true, "error": ""}
{"request_id": "two-stage-v1|scaffolding-577|selector_ask_first|MiniMax-M3", "queue_rank": 64, "call_type": "selector_ask_first", "target_act": "probing", "ok": true, "error": ""}
{"request_id": "two-stage-v1|scaffolding-307|single_pass_adaptive|MiniMax-M3", "queue_rank": 65, "call_type": "single_pass_adaptive", "target_act": "probing", "ok": true, "error": ""}
{"request_id": "two-stage-v1|scaffolding-60|ask_executor|MiniMax-M3", "queue_rank": 66, "call_type": "ask_executor", "target_act": "telling", "ok": true, "error": ""}
{"request_id": "two-stage-v1|scaffolding-47|selector_explain_first|MiniMax-M3", "queue_rank": 67, "call_type": "selector_explain_first", "target_act": "telling", "ok": true, "error": ""}
{"request_id": "two-stage-v1|scaffolding-756|single_pass_adaptive|MiniMax-M3", "queue_rank": 68, "call_type": "single_pass_adaptive", "target_act": "telling", "ok": true, "error": ""}
{"request_id": "two-stage-v1|scaffolding-481|selector_explain_first|MiniMax-M3", "queue_rank": 49, "call_type": "selector_explain_first", "target_act": "probing", "ok": true, "error": ""}
{"request_id": "two-stage-v1|scaffolding-324|explain_executor|MiniMax-M3", "queue_rank": 70, "call_type": "explain_executor", "target_act": "telling", "ok": true, "error": ""}
{"request_id": "two-stage-v1|scaffolding-8|ask_executor|MiniMax-M3", "queue_rank": 71, "call_type": "ask_executor", "target_act": "telling", "ok": true, "error": ""}
{"request_id": "two-stage-v1|scaffolding-59|selector_ask_first|MiniMax-M3", "queue_rank": 69, "call_type": "selector_ask_first", "target_act": "telling", "ok": true, "error": ""}
{"request_id": "two-stage-v1|scaffolding-177|single_pass_adaptive|MiniMax-M3", "queue_rank": 72, "call_type": "single_pass_adaptive", "target_act": "telling", "ok": true, "error": ""}
{"request_id": "two-stage-v1|scaffolding-729|ask_executor|MiniMax-M3", "queue_rank": 74, "call_type": "ask_executor", "target_act": "probing", "ok": true, "error": ""}
{"request_id": "two-stage-v1|scaffolding-998|selector_ask_first|MiniMax-M3", "queue_rank": 73, "call_type": "selector_ask_first", "target_act": "telling", "ok": true, "error": ""}
{"request_id": "two-stage-v1|scaffolding-619|selector_ask_first|MiniMax-M3", "queue_rank": 76, "call_type": "selector_ask_first", "target_act": "probing", "ok": true, "error": ""}
{"request_id": "two-stage-v1|scaffolding-11|selector_explain_first|MiniMax-M3", "queue_rank": 75, "call_type": "selector_explain_first", "target_act": "telling", "ok": true, "error": ""}
{"request_id": "two-stage-v1|scaffolding-736|explain_executor|MiniMax-M3", "queue_rank": 77, "call_type": "explain_executor", "target_act": "probing", "ok": true, "error": ""}
{"request_id": "two-stage-v1|scaffolding-610|single_pass_adaptive|MiniMax-M3", "queue_rank": 78, "call_type": "single_pass_adaptive", "target_act": "probing", "ok": true, "error": ""}
{"request_id": "two-stage-v1|scaffolding-169|ask_executor|MiniMax-M3", "queue_rank": 80, "call_type": "ask_executor", "target_act": "telling", "ok": true, "error": ""}
{"request_id": "two-stage-v1|scaffolding-15|selector_explain_first|MiniMax-M3", "queue_rank": 82, "call_type": "selector_explain_first", "target_act": "telling", "ok": true, "error": ""}
{"request_id": "two-stage-v1|scaffolding-121|ask_executor|MiniMax-M3", "queue_rank": 83, "call_type": "ask_executor", "target_act": "probing", "ok": true, "error": ""}
{"request_id": "two-stage-v1|scaffolding-157|single_pass_adaptive|MiniMax-M3", "queue_rank": 81, "call_type": "single_pass_adaptive", "target_act": "probing", "ok": true, "error": ""}
{"request_id": "two-stage-v1|scaffolding-232|selector_explain_first|MiniMax-M3", "queue_rank": 79, "call_type": "selector_explain_first", "target_act": "probing", "ok": true, "error": ""}
{"request_id": "two-stage-v1|scaffolding-12|single_pass_adaptive|MiniMax-M3", "queue_rank": 86, "call_type": "single_pass_adaptive", "target_act": "telling", "ok": true, "error": ""}
{"request_id": "two-stage-v1|scaffolding-524|explain_executor|MiniMax-M3", "queue_rank": 84, "call_type": "explain_executor", "target_act": "telling", "ok": true, "error": ""}
{"request_id": "two-stage-v1|scaffolding-60|selector_ask_first|MiniMax-M3", "queue_rank": 85, "call_type": "selector_ask_first", "target_act": "telling", "ok": true, "error": ""}
{"request_id": "two-stage-v1|scaffolding-157|selector_explain_first|MiniMax-M3", "queue_rank": 88, "call_type": "selector_explain_first", "target_act": "probing", "ok": true, "error": ""}
{"request_id": "two-stage-v1|scaffolding-124|explain_executor|MiniMax-M3", "queue_rank": 87, "call_type": "explain_executor", "target_act": "probing", "ok": true, "error": ""}
{"request_id": "two-stage-v1|scaffolding-193|selector_ask_first|MiniMax-M3", "queue_rank": 89, "call_type": "selector_ask_first", "target_act": "probing", "ok": true, "error": ""}
{"request_id": "two-stage-v1|scaffolding-446|single_pass_adaptive|MiniMax-M3", "queue_rank": 92, "call_type": "single_pass_adaptive", "target_act": "probing", "ok": true, "error": ""}
{"request_id": "two-stage-v1|scaffolding-146|explain_executor|MiniMax-M3", "queue_rank": 94, "call_type": "explain_executor", "target_act": "probing", "ok": true, "error": ""}
{"request_id": "two-stage-v1|scaffolding-799|selector_explain_first|MiniMax-M3", "queue_rank": 90, "call_type": "selector_explain_first", "target_act": "telling", "ok": true, "error": ""}
{"request_id": "two-stage-v1|scaffolding-921|ask_executor|MiniMax-M3", "queue_rank": 93, "call_type": "ask_executor", "target_act": "telling", "ok": true, "error": ""}
{"request_id": "two-stage-v1|scaffolding-55|explain_executor|MiniMax-M3", "queue_rank": 96, "call_type": "explain_executor", "target_act": "telling", "ok": true, "error": ""}
{"request_id": "two-stage-v1|scaffolding-619|selector_explain_first|MiniMax-M3", "queue_rank": 95, "call_type": "selector_explain_first", "target_act": "probing", "ok": true, "error": ""}
{"request_id": "two-stage-v1|scaffolding-915|selector_ask_first|MiniMax-M3", "queue_rank": 97, "call_type": "selector_ask_first", "target_act": "telling", "ok": true, "error": ""}
{"request_id": "two-stage-v1|scaffolding-363|selector_ask_first|MiniMax-M3", "queue_rank": 91, "call_type": "selector_ask_first", "target_act": "probing", "ok": true, "error": ""}
{"request_id": "two-stage-v1|scaffolding-678|ask_executor|MiniMax-M3", "queue_rank": 99, "call_type": "ask_executor", "target_act": "probing", "ok": true, "error": ""}
{"request_id": "two-stage-v1|scaffolding-998|single_pass_adaptive|MiniMax-M3", "queue_rank": 100, "call_type": "single_pass_adaptive", "target_act": "telling", "ok": true, "error": ""}
{"request_id": "two-stage-v1|scaffolding-59|single_pass_adaptive|MiniMax-M3", "queue_rank": 98, "call_type": "single_pass_adaptive", "target_act": "telling", "ok": true, "error": ""}
{"request_id": "two-stage-v1|scaffolding-602|single_pass_adaptive|MiniMax-M3", "queue_rank": 102, "call_type": "single_pass_adaptive", "target_act": "probing", "ok": true, "error": ""}
{"request_id": "two-stage-v1|scaffolding-793|selector_ask_first|MiniMax-M3", "queue_rank": 104, "call_type": "selector_ask_first", "target_act": "telling", "ok": true, "error": ""}
{"request_id": "two-stage-v1|scaffolding-307|explain_executor|MiniMax-M3", "queue_rank": 103, "call_type": "explain_executor", "target_act": "probing", "ok": true, "error": ""}
{"request_id": "two-stage-v1|scaffolding-991|ask_executor|MiniMax-M3", "queue_rank": 106, "call_type": "ask_executor", "target_act": "probing", "ok": true, "error": ""}
{"request_id": "two-stage-v1|scaffolding-363|selector_explain_first|MiniMax-M3", "queue_rank": 105, "call_type": "selector_explain_first", "target_act": "probing", "ok": true, "error": ""}
{"request_id": "two-stage-v1|scaffolding-703|selector_ask_first|MiniMax-M3", "queue_rank": 107, "call_type": "selector_ask_first", "target_act": "probing", "ok": true, "error": ""}
{"request_id": "two-stage-v1|scaffolding-686|explain_executor|MiniMax-M3", "queue_rank": 108, "call_type": "explain_executor", "target_act": "telling", "ok": true, "error": ""}
{"request_id": "two-stage-v1|scaffolding-123|ask_executor|MiniMax-M3", "queue_rank": 109, "call_type": "ask_executor", "target_act": "telling", "ok": true, "error": ""}
{"request_id": "two-stage-v1|scaffolding-123|selector_ask_first|MiniMax-M3", "queue_rank": 110, "call_type": "selector_ask_first", "target_act": "telling", "ok": true, "error": ""}
{"request_id": "two-stage-v1|scaffolding-47|explain_executor|MiniMax-M3", "queue_rank": 111, "call_type": "explain_executor", "target_act": "telling", "ok": true, "error": ""}
{"request_id": "two-stage-v1|scaffolding-757|ask_executor|MiniMax-M3", "queue_rank": 112, "call_type": "ask_executor", "target_act": "telling", "ok": true, "error": ""}
{"request_id": "two-stage-v1|scaffolding-729|selector_ask_first|MiniMax-M3", "queue_rank": 113, "call_type": "selector_ask_first", "target_act": "probing", "ok": true, "error": ""}
{"request_id": "two-stage-v1|scaffolding-157|ask_executor|MiniMax-M3", "queue_rank": 115, "call_type": "ask_executor", "target_act": "probing", "ok": true, "error": ""}
{"request_id": "two-stage-v1|scaffolding-137|selector_explain_first|MiniMax-M3", "queue_rank": 114, "call_type": "selector_explain_first", "target_act": "probing", "ok": true, "error": ""}
{"request_id": "two-stage-v1|scaffolding-915|single_pass_adaptive|MiniMax-M3", "queue_rank": 117, "call_type": "single_pass_adaptive", "target_act": "telling", "ok": true, "error": ""}
{"request_id": "two-stage-v1|scaffolding-619|explain_executor|MiniMax-M3", "queue_rank": 116, "call_type": "explain_executor", "target_act": "probing", "ok": true, "error": ""}
{"request_id": "two-stage-v1|scaffolding-12|selector_explain_first|MiniMax-M3", "queue_rank": 118, "call_type": "selector_explain_first", "target_act": "telling", "ok": true, "error": ""}
{"request_id": "two-stage-v1|scaffolding-623|single_pass_adaptive|MiniMax-M3", "queue_rank": 119, "call_type": "single_pass_adaptive", "target_act": "probing", "ok": true, "error": ""}
{"request_id": "two-stage-v1|scaffolding-903|explain_executor|MiniMax-M3", "queue_rank": 120, "call_type": "explain_executor", "target_act": "probing", "ok": true, "error": ""}
{"request_id": "two-stage-v1|scaffolding-953|single_pass_adaptive|MiniMax-M3", "queue_rank": 121, "call_type": "single_pass_adaptive", "target_act": "probing", "ok": true, "error": ""}
{"request_id": "two-stage-v1|scaffolding-610|ask_executor|MiniMax-M3", "queue_rank": 122, "call_type": "ask_executor", "target_act": "probing", "ok": true, "error": ""}
{"request_id": "two-stage-v1|scaffolding-56|single_pass_adaptive|MiniMax-M3", "queue_rank": 123, "call_type": "single_pass_adaptive", "target_act": "telling", "ok": true, "error": ""}
{"request_id": "two-stage-v1|scaffolding-55|selector_ask_first|MiniMax-M3", "queue_rank": 124, "call_type": "selector_ask_first", "target_act": "telling", "ok": true, "error": ""}
{"request_id": "two-stage-v1|scaffolding-760|ask_executor|MiniMax-M3", "queue_rank": 125, "call_type": "ask_executor", "target_act": "telling", "ok": true, "error": ""}
{"request_id": "two-stage-v1|scaffolding-15|explain_executor|MiniMax-M3", "queue_rank": 127, "call_type": "explain_executor", "target_act": "telling", "ok": true, "error": ""}
{"request_id": "two-stage-v1|scaffolding-755|selector_explain_first|MiniMax-M3", "queue_rank": 126, "call_type": "selector_explain_first", "target_act": "telling", "ok": true, "error": ""}
{"request_id": "two-stage-v1|scaffolding-769|selector_ask_first|MiniMax-M3", "queue_rank": 128, "call_type": "selector_ask_first", "target_act": "probing", "ok": true, "error": ""}
{"request_id": "two-stage-v1|scaffolding-307|selector_explain_first|MiniMax-M3", "queue_rank": 129, "call_type": "selector_explain_first", "target_act": "probing", "ok": true, "error": ""}
{"request_id": "two-stage-v1|scaffolding-266|ask_executor|MiniMax-M3", "queue_rank": 130, "call_type": "ask_executor", "target_act": "probing", "ok": true, "error": ""}
{"request_id": "two-stage-v1|scaffolding-721|selector_ask_first|MiniMax-M3", "queue_rank": 133, "call_type": "selector_ask_first", "target_act": "telling", "ok": true, "error": ""}
{"request_id": "two-stage-v1|scaffolding-703|single_pass_adaptive|MiniMax-M3", "queue_rank": 132, "call_type": "single_pass_adaptive", "target_act": "probing", "ok": true, "error": ""}
{"request_id": "two-stage-v1|scaffolding-640|ask_executor|MiniMax-M3", "queue_rank": 131, "call_type": "ask_executor", "target_act": "telling", "ok": true, "error": ""}
{"request_id": "two-stage-v1|scaffolding-678|selector_explain_first|MiniMax-M3", "queue_rank": 134, "call_type": "selector_explain_first", "target_act": "probing", "ok": true, "error": ""}
{"request_id": "two-stage-v1|scaffolding-704|selector_ask_first|MiniMax-M3", "queue_rank": 135, "call_type": "selector_ask_first", "target_act": "probing", "ok": true, "error": ""}
{"request_id": "two-stage-v1|scaffolding-524|single_pass_adaptive|MiniMax-M3", "queue_rank": 136, "call_type": "single_pass_adaptive", "target_act": "telling", "ok": true, "error": ""}
{"request_id": "two-stage-v1|scaffolding-793|explain_executor|MiniMax-M3", "queue_rank": 138, "call_type": "explain_executor", "target_act": "telling", "ok": true, "error": ""}
{"request_id": "two-stage-v1|scaffolding-602|explain_executor|MiniMax-M3", "queue_rank": 139, "call_type": "explain_executor", "target_act": "probing", "ok": true, "error": ""}
{"request_id": "two-stage-v1|scaffolding-757|selector_explain_first|MiniMax-M3", "queue_rank": 137, "call_type": "selector_explain_first", "target_act": "telling", "ok": true, "error": ""}
{"request_id": "two-stage-v1|scaffolding-2|selector_explain_first|MiniMax-M3", "queue_rank": 101, "call_type": "selector_explain_first", "target_act": "telling", "ok": true, "error": ""}
{"request_id": "two-stage-v1|scaffolding-448|selector_ask_first|MiniMax-M3", "queue_rank": 140, "call_type": "selector_ask_first", "target_act": "probing", "ok": true, "error": ""}
{"request_id": "two-stage-v1|scaffolding-12|ask_executor|MiniMax-M3", "queue_rank": 141, "call_type": "ask_executor", "target_act": "telling", "ok": true, "error": ""}
{"request_id": "two-stage-v1|scaffolding-921|selector_ask_first|MiniMax-M3", "queue_rank": 143, "call_type": "selector_ask_first", "target_act": "telling", "ok": true, "error": ""}
{"request_id": "two-stage-v1|scaffolding-266|selector_explain_first|MiniMax-M3", "queue_rank": 144, "call_type": "selector_explain_first", "target_act": "probing", "ok": true, "error": ""}
{"request_id": "two-stage-v1|scaffolding-57|single_pass_adaptive|MiniMax-M3", "queue_rank": 142, "call_type": "single_pass_adaptive", "target_act": "telling", "ok": true, "error": ""}
{"request_id": "two-stage-v1|scaffolding-577|explain_executor|MiniMax-M3", "queue_rank": 146, "call_type": "explain_executor", "target_act": "probing", "ok": true, "error": ""}
{"request_id": "two-stage-v1|scaffolding-216|explain_executor|MiniMax-M3", "queue_rank": 145, "call_type": "explain_executor", "target_act": "telling", "ok": true, "error": ""}
{"request_id": "two-stage-v1|scaffolding-736|single_pass_adaptive|MiniMax-M3", "queue_rank": 149, "call_type": "single_pass_adaptive", "target_act": "probing", "ok": true, "error": ""}
{"request_id": "two-stage-v1|scaffolding-722|single_pass_adaptive|MiniMax-M3", "queue_rank": 151, "call_type": "single_pass_adaptive", "target_act": "telling", "ok": true, "error": ""}
{"request_id": "two-stage-v1|scaffolding-800|selector_explain_first|MiniMax-M3", "queue_rank": 148, "call_type": "selector_explain_first", "target_act": "telling", "ok": true, "error": ""}
{"request_id": "two-stage-v1|scaffolding-121|explain_executor|MiniMax-M3", "queue_rank": 152, "call_type": "explain_executor", "target_act": "probing", "ok": true, "error": ""}
{"request_id": "two-stage-v1|scaffolding-1085|explain_executor|MiniMax-M3", "queue_rank": 150, "call_type": "explain_executor", "target_act": "telling", "ok": true, "error": ""}
{"request_id": "two-stage-v1|scaffolding-640|selector_ask_first|MiniMax-M3", "queue_rank": 155, "call_type": "selector_ask_first", "target_act": "telling", "ok": true, "error": ""}
{"request_id": "two-stage-v1|scaffolding-602|ask_executor|MiniMax-M3", "queue_rank": 153, "call_type": "ask_executor", "target_act": "probing", "ok": true, "error": ""}
{"request_id": "two-stage-v1|scaffolding-251|ask_executor|MiniMax-M3", "queue_rank": 147, "call_type": "ask_executor", "target_act": "probing", "ok": true, "error": ""}
{"request_id": "two-stage-v1|scaffolding-446|selector_ask_first|MiniMax-M3", "queue_rank": 154, "call_type": "selector_ask_first", "target_act": "probing", "ok": true, "error": ""}
{"request_id": "two-stage-v1|scaffolding-491|single_pass_adaptive|MiniMax-M3", "queue_rank": 157, "call_type": "single_pass_adaptive", "target_act": "probing", "ok": true, "error": ""}
{"request_id": "two-stage-v1|scaffolding-177|selector_explain_first|MiniMax-M3", "queue_rank": 159, "call_type": "selector_explain_first", "target_act": "telling", "ok": true, "error": ""}
{"request_id": "two-stage-v1|scaffolding-879|ask_executor|MiniMax-M3", "queue_rank": 161, "call_type": "ask_executor", "target_act": "probing", "ok": true, "error": ""}
{"request_id": "two-stage-v1|scaffolding-324|ask_executor|MiniMax-M3", "queue_rank": 158, "call_type": "ask_executor", "target_act": "telling", "ok": true, "error": ""}
{"request_id": "two-stage-v1|scaffolding-251|selector_ask_first|MiniMax-M3", "queue_rank": 162, "call_type": "selector_ask_first", "target_act": "probing", "ok": true, "error": ""}
{"request_id": "two-stage-v1|scaffolding-704|selector_explain_first|MiniMax-M3", "queue_rank": 156, "call_type": "selector_explain_first", "target_act": "probing", "ok": true, "error": ""}
{"request_id": "two-stage-v1|scaffolding-674|explain_executor|MiniMax-M3", "queue_rank": 164, "call_type": "explain_executor", "target_act": "probing", "ok": true, "error": ""}
{"request_id": "two-stage-v1|scaffolding-124|single_pass_adaptive|MiniMax-M3", "queue_rank": 163, "call_type": "single_pass_adaptive", "target_act": "probing", "ok": true, "error": ""}
{"request_id": "two-stage-v1|scaffolding-123|explain_executor|MiniMax-M3", "queue_rank": 165, "call_type": "explain_executor", "target_act": "telling", "ok": true, "error": ""}
{"request_id": "two-stage-v1|scaffolding-124|selector_explain_first|MiniMax-M3", "queue_rank": 166, "call_type": "selector_explain_first", "target_act": "probing", "ok": true, "error": ""}
{"request_id": "two-stage-v1|scaffolding-799|selector_ask_first|MiniMax-M3", "queue_rank": 167, "call_type": "selector_ask_first", "target_act": "telling", "ok": true, "error": ""}
{"request_id": "two-stage-v1|scaffolding-685|single_pass_adaptive|MiniMax-M3", "queue_rank": 168, "call_type": "single_pass_adaptive", "target_act": "telling", "ok": true, "error": ""}
{"request_id": "two-stage-v1|scaffolding-755|ask_executor|MiniMax-M3", "queue_rank": 169, "call_type": "ask_executor", "target_act": "telling", "ok": true, "error": ""}
{"request_id": "two-stage-v1|scaffolding-760|explain_executor|MiniMax-M3", "queue_rank": 170, "call_type": "explain_executor", "target_act": "telling", "ok": true, "error": ""}
{"request_id": "two-stage-v1|scaffolding-968|selector_explain_first|MiniMax-M3", "queue_rank": 160, "call_type": "selector_explain_first", "target_act": "telling", "ok": true, "error": ""}
{"request_id": "two-stage-v1|scaffolding-729|single_pass_adaptive|MiniMax-M3", "queue_rank": 171, "call_type": "single_pass_adaptive", "target_act": "probing", "ok": true, "error": ""}
{"request_id": "two-stage-v1|scaffolding-2|ask_executor|MiniMax-M3", "queue_rank": 172, "call_type": "ask_executor", "target_act": "telling", "ok": true, "error": ""}
{"request_id": "two-stage-v1|scaffolding-845|selector_explain_first|MiniMax-M3", "queue_rank": 175, "call_type": "selector_explain_first", "target_act": "telling", "ok": true, "error": ""}
{"request_id": "two-stage-v1|scaffolding-623|selector_explain_first|MiniMax-M3", "queue_rank": 173, "call_type": "selector_explain_first", "target_act": "probing", "ok": true, "error": ""}
{"request_id": "two-stage-v1|scaffolding-589|ask_executor|MiniMax-M3", "queue_rank": 174, "call_type": "ask_executor", "target_act": "probing", "ok": true, "error": ""}
{"request_id": "two-stage-v1|scaffolding-169|single_pass_adaptive|MiniMax-M3", "queue_rank": 177, "call_type": "single_pass_adaptive", "target_act": "telling", "ok": true, "error": ""}
{"request_id": "two-stage-v1|scaffolding-196|explain_executor|MiniMax-M3", "queue_rank": 180, "call_type": "explain_executor", "target_act": "probing", "ok": true, "error": ""}
{"request_id": "two-stage-v1|scaffolding-749|explain_executor|MiniMax-M3", "queue_rank": 179, "call_type": "explain_executor", "target_act": "probing", "ok": true, "error": ""}
{"request_id": "two-stage-v1|scaffolding-757|selector_ask_first|MiniMax-M3", "queue_rank": 176, "call_type": "selector_ask_first", "target_act": "telling", "ok": true, "error": ""}
{"request_id": "two-stage-v1|scaffolding-15|single_pass_adaptive|MiniMax-M3", "queue_rank": 181, "call_type": "single_pass_adaptive", "target_act": "telling", "ok": true, "error": ""}
{"request_id": "two-stage-v1|scaffolding-47|ask_executor|MiniMax-M3", "queue_rank": 182, "call_type": "ask_executor", "target_act": "telling", "ok": true, "error": ""}
{"request_id": "two-stage-v1|scaffolding-757|explain_executor|MiniMax-M3", "queue_rank": 183, "call_type": "explain_executor", "target_act": "telling", "ok": true, "error": ""}
{"request_id": "two-stage-v1|scaffolding-879|selector_explain_first|MiniMax-M3", "queue_rank": 185, "call_type": "selector_explain_first", "target_act": "probing", "ok": true, "error": ""}
{"request_id": "two-stage-v1|scaffolding-804|selector_ask_first|MiniMax-M3", "queue_rank": 186, "call_type": "selector_ask_first", "target_act": "probing", "ok": true, "error": ""}
{"request_id": "two-stage-v1|scaffolding-755|selector_ask_first|MiniMax-M3", "queue_rank": 188, "call_type": "selector_ask_first", "target_act": "telling", "ok": true, "error": ""}
{"request_id": "two-stage-v1|scaffolding-477|ask_executor|MiniMax-M3", "queue_rank": 184, "call_type": "ask_executor", "target_act": "probing", "ok": true, "error": ""}
{"request_id": "two-stage-v1|scaffolding-477|single_pass_adaptive|MiniMax-M3", "queue_rank": 187, "call_type": "single_pass_adaptive", "target_act": "probing", "ok": true, "error": ""}
{"request_id": "two-stage-v1|scaffolding-801|selector_explain_first|MiniMax-M3", "queue_rank": 189, "call_type": "selector_explain_first", "target_act": "telling", "ok": true, "error": ""}
{"request_id": "two-stage-v1|scaffolding-481|selector_ask_first|MiniMax-M3", "queue_rank": 178, "call_type": "selector_ask_first", "target_act": "probing", "ok": true, "error": ""}
{"request_id": "two-stage-v1|scaffolding-774|selector_ask_first|MiniMax-M3", "queue_rank": 192, "call_type": "selector_ask_first", "target_act": "probing", "ok": true, "error": ""}
{"request_id": "two-stage-v1|scaffolding-232|single_pass_adaptive|MiniMax-M3", "queue_rank": 191, "call_type": "single_pass_adaptive", "target_act": "probing", "ok": true, "error": ""}
{"request_id": "two-stage-v1|scaffolding-998|ask_executor|MiniMax-M3", "queue_rank": 190, "call_type": "ask_executor", "target_act": "telling", "ok": true, "error": ""}
{"request_id": "two-stage-v1|scaffolding-74|selector_explain_first|MiniMax-M3", "queue_rank": 194, "call_type": "selector_explain_first", "target_act": "probing", "ok": true, "error": ""}
{"request_id": "two-stage-v1|scaffolding-780|explain_executor|MiniMax-M3", "queue_rank": 193, "call_type": "explain_executor", "target_act": "probing", "ok": true, "error": ""}
{"request_id": "two-stage-v1|scaffolding-640|single_pass_adaptive|MiniMax-M3", "queue_rank": 195, "call_type": "single_pass_adaptive", "target_act": "telling", "ok": true, "error": ""}
{"request_id": "two-stage-v1|scaffolding-719|selector_ask_first|MiniMax-M3", "queue_rank": 196, "call_type": "selector_ask_first", "target_act": "telling", "ok": true, "error": ""}
{"request_id": "two-stage-v1|scaffolding-974|explain_executor|MiniMax-M3", "queue_rank": 197, "call_type": "explain_executor", "target_act": "telling", "ok": true, "error": ""}
{"request_id": "two-stage-v1|scaffolding-7|single_pass_adaptive|MiniMax-M3", "queue_rank": 200, "call_type": "single_pass_adaptive", "target_act": "telling", "ok": true, "error": ""}
{"request_id": "two-stage-v1|scaffolding-760|selector_explain_first|MiniMax-M3", "queue_rank": 199, "call_type": "selector_explain_first", "target_act": "telling", "ok": true, "error": ""}
{"request_id": "two-stage-v1|scaffolding-835|ask_executor|MiniMax-M3", "queue_rank": 198, "call_type": "ask_executor", "target_act": "probing", "ok": true, "error": ""}
{"request_id": "two-stage-v1|scaffolding-577|single_pass_adaptive|MiniMax-M3", "queue_rank": 204, "call_type": "single_pass_adaptive", "target_act": "probing", "ok": true, "error": ""}
{"request_id": "two-stage-v1|scaffolding-678|selector_ask_first|MiniMax-M3", "queue_rank": 203, "call_type": "selector_ask_first", "target_act": "probing", "ok": true, "error": ""}
{"request_id": "two-stage-v1|scaffolding-453|selector_explain_first|MiniMax-M3", "queue_rank": 202, "call_type": "selector_explain_first", "target_act": "probing", "ok": true, "error": ""}
{"request_id": "two-stage-v1|scaffolding-715|ask_executor|MiniMax-M3", "queue_rank": 205, "call_type": "ask_executor", "target_act": "probing", "ok": true, "error": ""}
{"request_id": "two-stage-v1|scaffolding-801|ask_executor|MiniMax-M3", "queue_rank": 201, "call_type": "ask_executor", "target_act": "telling", "ok": true, "error": ""}
{"request_id": "two-stage-v1|scaffolding-879|explain_executor|MiniMax-M3", "queue_rank": 207, "call_type": "explain_executor", "target_act": "probing", "ok": true, "error": ""}
{"request_id": "two-stage-v1|scaffolding-845|explain_executor|MiniMax-M3", "queue_rank": 209, "call_type": "explain_executor", "target_act": "telling", "ok": true, "error": ""}
{"request_id": "two-stage-v1|scaffolding-722|selector_explain_first|MiniMax-M3", "queue_rank": 208, "call_type": "selector_explain_first", "target_act": "telling", "ok": true, "error": ""}
{"request_id": "two-stage-v1|scaffolding-9|selector_ask_first|MiniMax-M3", "queue_rank": 206, "call_type": "selector_ask_first", "target_act": "telling", "ok": true, "error": ""}
{"request_id": "two-stage-v1|scaffolding-686|single_pass_adaptive|MiniMax-M3", "queue_rank": 212, "call_type": "single_pass_adaptive", "target_act": "telling", "ok": true, "error": ""}
{"request_id": "two-stage-v1|scaffolding-338|single_pass_adaptive|MiniMax-M3", "queue_rank": 211, "call_type": "single_pass_adaptive", "target_act": "probing", "ok": true, "error": ""}
{"request_id": "two-stage-v1|scaffolding-232|ask_executor|MiniMax-M3", "queue_rank": 210, "call_type": "ask_executor", "target_act": "probing", "ok": true, "error": ""}
{"request_id": "two-stage-v1|scaffolding-953|explain_executor|MiniMax-M3", "queue_rank": 213, "call_type": "explain_executor", "target_act": "probing", "ok": true, "error": ""}
{"request_id": "two-stage-v1|scaffolding-703|selector_explain_first|MiniMax-M3", "queue_rank": 214, "call_type": "selector_explain_first", "target_act": "probing", "ok": true, "error": ""}
{"request_id": "two-stage-v1|scaffolding-240|selector_ask_first|MiniMax-M3", "queue_rank": 215, "call_type": "selector_ask_first", "target_act": "probing", "ok": true, "error": ""}
{"request_id": "two-stage-v1|scaffolding-845|ask_executor|MiniMax-M3", "queue_rank": 217, "call_type": "ask_executor", "target_act": "telling", "ok": true, "error": ""}
{"request_id": "two-stage-v1|scaffolding-322|explain_executor|MiniMax-M3", "queue_rank": 216, "call_type": "explain_executor", "target_act": "telling", "ok": true, "error": ""}
{"request_id": "two-stage-v1|scaffolding-919|selector_explain_first|MiniMax-M3", "queue_rank": 218, "call_type": "selector_explain_first", "target_act": "telling", "ok": true, "error": ""}
{"request_id": "two-stage-v1|scaffolding-703|ask_executor|MiniMax-M3", "queue_rank": 220, "call_type": "ask_executor", "target_act": "probing", "ok": true, "error": ""}
{"request_id": "two-stage-v1|scaffolding-55|selector_explain_first|MiniMax-M3", "queue_rank": 222, "call_type": "selector_explain_first", "target_act": "telling", "ok": true, "error": ""}
{"request_id": "two-stage-v1|scaffolding-446|explain_executor|MiniMax-M3", "queue_rank": 221, "call_type": "explain_executor", "target_act": "probing", "ok": true, "error": ""}
{"request_id": "two-stage-v1|scaffolding-919|selector_ask_first|MiniMax-M3", "queue_rank": 219, "call_type": "selector_ask_first", "target_act": "telling", "ok": true, "error": ""}
{"request_id": "two-stage-v1|scaffolding-715|selector_ask_first|MiniMax-M3", "queue_rank": 223, "call_type": "selector_ask_first", "target_act": "probing", "ok": true, "error": ""}
{"request_id": "two-stage-v1|scaffolding-56|ask_executor|MiniMax-M3", "queue_rank": 224, "call_type": "ask_executor", "target_act": "telling", "ok": true, "error": ""}
{"request_id": "two-stage-v1|scaffolding-146|selector_explain_first|MiniMax-M3", "queue_rank": 225, "call_type": "selector_explain_first", "target_act": "probing", "ok": true, "error": ""}
{"request_id": "two-stage-v1|scaffolding-176|selector_ask_first|MiniMax-M3", "queue_rank": 227, "call_type": "selector_ask_first", "target_act": "telling", "ok": true, "error": ""}
{"request_id": "two-stage-v1|scaffolding-9|single_pass_adaptive|MiniMax-M3", "queue_rank": 226, "call_type": "single_pass_adaptive", "target_act": "telling", "ok": true, "error": ""}
{"request_id": "two-stage-v1|scaffolding-57|explain_executor|MiniMax-M3", "queue_rank": 229, "call_type": "explain_executor", "target_act": "telling", "ok": true, "error": ""}
{"request_id": "two-stage-v1|scaffolding-148|single_pass_adaptive|MiniMax-M3", "queue_rank": 228, "call_type": "single_pass_adaptive", "target_act": "probing", "ok": true, "error": ""}
{"request_id": "two-stage-v1|scaffolding-577|selector_explain_first|MiniMax-M3", "queue_rank": 230, "call_type": "selector_explain_first", "target_act": "probing", "ok": true, "error": ""}
{"request_id": "two-stage-v1|scaffolding-758|selector_explain_first|MiniMax-M3", "queue_rank": 232, "call_type": "selector_explain_first", "target_act": "telling", "ok": true, "error": ""}
{"request_id": "two-stage-v1|scaffolding-148|explain_executor|MiniMax-M3", "queue_rank": 231, "call_type": "explain_executor", "target_act": "probing", "ok": true, "error": ""}
{"request_id": "two-stage-v1|scaffolding-1085|single_pass_adaptive|MiniMax-M3", "queue_rank": 234, "call_type": "single_pass_adaptive", "target_act": "telling", "ok": true, "error": ""}
{"request_id": "two-stage-v1|scaffolding-11|explain_executor|MiniMax-M3", "queue_rank": 236, "call_type": "explain_executor", "target_act": "telling", "ok": true, "error": ""}
{"request_id": "two-stage-v1|scaffolding-1085|selector_ask_first|MiniMax-M3", "queue_rank": 235, "call_type": "selector_ask_first", "target_act": "telling", "ok": true, "error": ""}
{"request_id": "two-stage-v1|scaffolding-15|ask_executor|MiniMax-M3", "queue_rank": 237, "call_type": "ask_executor", "target_act": "telling", "ok": true, "error": ""}
{"request_id": "two-stage-v1|scaffolding-481|single_pass_adaptive|MiniMax-M3", "queue_rank": 233, "call_type": "single_pass_adaptive", "target_act": "probing", "ok": true, "error": ""}
{"request_id": "two-stage-v1|scaffolding-491|ask_executor|MiniMax-M3", "queue_rank": 238, "call_type": "ask_executor", "target_act": "probing", "ok": true, "error": ""}
{"request_id": "two-stage-v1|scaffolding-736|selector_ask_first|MiniMax-M3", "queue_rank": 239, "call_type": "selector_ask_first", "target_act": "probing", "ok": true, "error": ""}
{"request_id": "two-stage-v1|scaffolding-8|explain_executor|MiniMax-M3", "queue_rank": 242, "call_type": "explain_executor", "target_act": "telling", "ok": true, "error": ""}
{"request_id": "two-stage-v1|scaffolding-268|explain_executor|MiniMax-M3", "queue_rank": 240, "call_type": "explain_executor", "target_act": "probing", "ok": true, "error": ""}
{"request_id": "two-stage-v1|scaffolding-801|selector_ask_first|MiniMax-M3", "queue_rank": 243, "call_type": "selector_ask_first", "target_act": "telling", "ok": true, "error": ""}
{"request_id": "two-stage-v1|scaffolding-9|selector_explain_first|MiniMax-M3", "queue_rank": 241, "call_type": "selector_explain_first", "target_act": "telling", "ok": true, "error": ""}
{"request_id": "two-stage-v1|scaffolding-8|single_pass_adaptive|MiniMax-M3", "queue_rank": 244, "call_type": "single_pass_adaptive", "target_act": "telling", "ok": true, "error": ""}
{"request_id": "two-stage-v1|scaffolding-903|selector_ask_first|MiniMax-M3", "queue_rank": 245, "call_type": "selector_ask_first", "target_act": "probing", "ok": true, "error": ""}
{"request_id": "two-stage-v1|scaffolding-835|single_pass_adaptive|MiniMax-M3", "queue_rank": 246, "call_type": "single_pass_adaptive", "target_act": "probing", "ok": true, "error": ""}
{"request_id": "two-stage-v1|scaffolding-500|ask_executor|MiniMax-M3", "queue_rank": 247, "call_type": "ask_executor", "target_act": "telling", "ok": true, "error": ""}
{"request_id": "two-stage-v1|scaffolding-793|single_pass_adaptive|MiniMax-M3", "queue_rank": 251, "call_type": "single_pass_adaptive", "target_act": "telling", "ok": true, "error": ""}
{"request_id": "two-stage-v1|scaffolding-589|selector_ask_first|MiniMax-M3", "queue_rank": 250, "call_type": "selector_ask_first", "target_act": "probing", "ok": true, "error": ""}
{"request_id": "two-stage-v1|scaffolding-148|selector_explain_first|MiniMax-M3", "queue_rank": 248, "call_type": "selector_explain_first", "target_act": "probing", "ok": true, "error": ""}
{"request_id": "two-stage-v1|scaffolding-59|explain_executor|MiniMax-M3", "queue_rank": 252, "call_type": "explain_executor", "target_act": "telling", "ok": true, "error": ""}
{"request_id": "two-stage-v1|scaffolding-1085|ask_executor|MiniMax-M3", "queue_rank": 254, "call_type": "ask_executor", "target_act": "telling", "ok": true, "error": ""}
{"request_id": "two-stage-v1|scaffolding-322|selector_explain_first|MiniMax-M3", "queue_rank": 253, "call_type": "selector_explain_first", "target_act": "telling", "ok": true, "error": ""}
{"request_id": "two-stage-v1|scaffolding-619|single_pass_adaptive|MiniMax-M3", "queue_rank": 257, "call_type": "single_pass_adaptive", "target_act": "probing", "ok": true, "error": ""}
{"request_id": "two-stage-v1|scaffolding-2|selector_ask_first|MiniMax-M3", "queue_rank": 256, "call_type": "selector_ask_first", "target_act": "telling", "ok": true, "error": ""}
{"request_id": "two-stage-v1|scaffolding-363|ask_executor|MiniMax-M3", "queue_rank": 249, "call_type": "ask_executor", "target_act": "probing", "ok": true, "error": ""}
{"request_id": "two-stage-v1|scaffolding-453|ask_executor|MiniMax-M3", "queue_rank": 258, "call_type": "ask_executor", "target_act": "probing", "ok": true, "error": ""}
{"request_id": "two-stage-v1|scaffolding-804|selector_explain_first|MiniMax-M3", "queue_rank": 259, "call_type": "selector_explain_first", "target_act": "probing", "ok": true, "error": ""}
{"request_id": "two-stage-v1|scaffolding-56|selector_ask_first|MiniMax-M3", "queue_rank": 260, "call_type": "selector_ask_first", "target_act": "telling", "ok": true, "error": ""}
{"request_id": "two-stage-v1|scaffolding-309|single_pass_adaptive|MiniMax-M3", "queue_rank": 262, "call_type": "single_pass_adaptive", "target_act": "probing", "ok": true, "error": ""}
{"request_id": "two-stage-v1|scaffolding-148|ask_executor|MiniMax-M3", "queue_rank": 263, "call_type": "ask_executor", "target_act": "probing", "ok": true, "error": ""}
{"request_id": "two-stage-v1|scaffolding-998|selector_explain_first|MiniMax-M3", "queue_rank": 265, "call_type": "selector_explain_first", "target_act": "telling", "ok": true, "error": ""}
{"request_id": "two-stage-v1|scaffolding-704|explain_executor|MiniMax-M3", "queue_rank": 261, "call_type": "explain_executor", "target_act": "probing", "ok": true, "error": ""}
{"request_id": "two-stage-v1|scaffolding-991|selector_ask_first|MiniMax-M3", "queue_rank": 266, "call_type": "selector_ask_first", "target_act": "probing", "ok": true, "error": ""}
{"request_id": "two-stage-v1|scaffolding-12|explain_executor|MiniMax-M3", "queue_rank": 267, "call_type": "explain_executor", "target_act": "telling", "ok": true, "error": ""}
{"request_id": "two-stage-v1|scaffolding-919|ask_executor|MiniMax-M3", "queue_rank": 264, "call_type": "ask_executor", "target_act": "telling", "ok": true, "error": ""}
{"request_id": "two-stage-v1|scaffolding-322|single_pass_adaptive|MiniMax-M3", "queue_rank": 268, "call_type": "single_pass_adaptive", "target_act": "telling", "ok": true, "error": ""}
{"request_id": "two-stage-v1|scaffolding-196|selector_explain_first|MiniMax-M3", "queue_rank": 269, "call_type": "selector_explain_first", "target_act": "probing", "ok": true, "error": ""}
{"request_id": "two-stage-v1|scaffolding-176|single_pass_adaptive|MiniMax-M3", "queue_rank": 270, "call_type": "single_pass_adaptive", "target_act": "telling", "ok": true, "error": ""}
{"request_id": "two-stage-v1|scaffolding-879|selector_ask_first|MiniMax-M3", "queue_rank": 272, "call_type": "selector_ask_first", "target_act": "probing", "ok": true, "error": ""}
{"request_id": "two-stage-v1|scaffolding-121|selector_explain_first|MiniMax-M3", "queue_rank": 273, "call_type": "selector_explain_first", "target_act": "probing", "ok": true, "error": ""}
{"request_id": "two-stage-v1|scaffolding-974|selector_ask_first|MiniMax-M3", "queue_rank": 271, "call_type": "selector_ask_first", "target_act": "telling", "ok": true, "error": ""}
{"request_id": "two-stage-v1|scaffolding-491|explain_executor|MiniMax-M3", "queue_rank": 274, "call_type": "explain_executor", "target_act": "probing", "ok": true, "error": ""}
{"request_id": "two-stage-v1|scaffolding-74|ask_executor|MiniMax-M3", "queue_rank": 277, "call_type": "ask_executor", "target_act": "probing", "ok": true, "error": ""}
{"request_id": "two-stage-v1|scaffolding-755|explain_executor|MiniMax-M3", "queue_rank": 276, "call_type": "explain_executor", "target_act": "telling", "ok": true, "error": ""}
{"request_id": "two-stage-v1|scaffolding-800|ask_executor|MiniMax-M3", "queue_rank": 275, "call_type": "ask_executor", "target_act": "telling", "ok": true, "error": ""}
{"request_id": "two-stage-v1|scaffolding-879|single_pass_adaptive|MiniMax-M3", "queue_rank": 278, "call_type": "single_pass_adaptive", "target_act": "probing", "ok": true, "error": ""}
{"request_id": "two-stage-v1|scaffolding-123|selector_explain_first|MiniMax-M3", "queue_rank": 279, "call_type": "selector_explain_first", "target_act": "telling", "ok": true, "error": ""}
{"request_id": "two-stage-v1|scaffolding-685|selector_ask_first|MiniMax-M3", "queue_rank": 281, "call_type": "selector_ask_first", "target_act": "telling", "ok": true, "error": ""}
{"request_id": "two-stage-v1|scaffolding-309|ask_executor|MiniMax-M3", "queue_rank": 280, "call_type": "ask_executor", "target_act": "probing", "ok": true, "error": ""}
{"request_id": "two-stage-v1|scaffolding-602|selector_ask_first|MiniMax-M3", "queue_rank": 283, "call_type": "selector_ask_first", "target_act": "probing", "ok": true, "error": ""}
{"request_id": "two-stage-v1|scaffolding-685|ask_executor|MiniMax-M3", "queue_rank": 282, "call_type": "ask_executor", "target_act": "telling", "ok": true, "error": ""}
{"request_id": "two-stage-v1|scaffolding-268|single_pass_adaptive|MiniMax-M3", "queue_rank": 284, "call_type": "single_pass_adaptive", "target_act": "probing", "ok": true, "error": ""}
{"request_id": "two-stage-v1|scaffolding-623|explain_executor|MiniMax-M3", "queue_rank": 286, "call_type": "explain_executor", "target_act": "probing", "ok": true, "error": ""}
{"request_id": "two-stage-v1|scaffolding-491|selector_explain_first|MiniMax-M3", "queue_rank": 285, "call_type": "selector_explain_first", "target_act": "probing", "ok": true, "error": ""}
{"request_id": "two-stage-v1|scaffolding-60|single_pass_adaptive|MiniMax-M3", "queue_rank": 287, "call_type": "single_pass_adaptive", "target_act": "telling", "ok": true, "error": ""}
{"request_id": "two-stage-v1|scaffolding-685|selector_explain_first|MiniMax-M3", "queue_rank": 288, "call_type": "selector_explain_first", "target_act": "telling", "ok": true, "error": ""}
{"request_id": "two-stage-v1|scaffolding-7|ask_executor|MiniMax-M3", "queue_rank": 290, "call_type": "ask_executor", "target_act": "telling", "ok": true, "error": ""}
{"request_id": "two-stage-v1|scaffolding-74|explain_executor|MiniMax-M3", "queue_rank": 291, "call_type": "explain_executor", "target_act": "probing", "ok": true, "error": ""}
{"request_id": "two-stage-v1|scaffolding-974|single_pass_adaptive|MiniMax-M3", "queue_rank": 292, "call_type": "single_pass_adaptive", "target_act": "telling", "ok": true, "error": ""}
{"request_id": "two-stage-v1|scaffolding-74|selector_ask_first|MiniMax-M3", "queue_rank": 294, "call_type": "selector_ask_first", "target_act": "probing", "ok": true, "error": ""}
{"request_id": "two-stage-v1|scaffolding-448|selector_explain_first|MiniMax-M3", "queue_rank": 293, "call_type": "selector_explain_first", "target_act": "probing", "ok": true, "error": ""}
{"request_id": "two-stage-v1|scaffolding-756|explain_executor|MiniMax-M3", "queue_rank": 289, "call_type": "explain_executor", "target_act": "telling", "ok": true, "error": ""}
{"request_id": "two-stage-v1|scaffolding-451|explain_executor|MiniMax-M3", "queue_rank": 255, "call_type": "explain_executor", "target_act": "probing", "ok": true, "error": ""}
{"request_id": "two-stage-v1|scaffolding-686|selector_ask_first|MiniMax-M3", "queue_rank": 298, "call_type": "selector_ask_first", "target_act": "telling", "ok": true, "error": ""}
{"request_id": "two-stage-v1|scaffolding-216|selector_explain_first|MiniMax-M3", "queue_rank": 295, "call_type": "selector_explain_first", "target_act": "telling", "ok": true, "error": ""}
{"request_id": "two-stage-v1|scaffolding-251|single_pass_adaptive|MiniMax-M3", "queue_rank": 297, "call_type": "single_pass_adaptive", "target_act": "probing", "ok": true, "error": ""}
{"request_id": "two-stage-v1|scaffolding-177|explain_executor|MiniMax-M3", "queue_rank": 296, "call_type": "explain_executor", "target_act": "telling", "ok": true, "error": ""}
{"request_id": "two-stage-v1|scaffolding-196|single_pass_adaptive|MiniMax-M3", "queue_rank": 300, "call_type": "single_pass_adaptive", "target_act": "probing", "ok": true, "error": ""}
{"request_id": "two-stage-v1|scaffolding-322|selector_ask_first|MiniMax-M3", "queue_rank": 301, "call_type": "selector_ask_first", "target_act": "telling", "ok": true, "error": ""}
{"request_id": "two-stage-v1|scaffolding-148|selector_ask_first|MiniMax-M3", "queue_rank": 303, "call_type": "selector_ask_first", "target_act": "probing", "ok": true, "error": ""}
{"request_id": "two-stage-v1|scaffolding-448|ask_executor|MiniMax-M3", "queue_rank": 299, "call_type": "ask_executor", "target_act": "probing", "ok": true, "error": ""}
{"request_id": "two-stage-v1|scaffolding-800|single_pass_adaptive|MiniMax-M3", "queue_rank": 302, "call_type": "single_pass_adaptive", "target_act": "telling", "ok": true, "error": ""}
{"request_id": "two-stage-v1|scaffolding-685|explain_executor|MiniMax-M3", "queue_rank": 304, "call_type": "explain_executor", "target_act": "telling", "ok": true, "error": ""}
{"request_id": "two-stage-v1|scaffolding-991|explain_executor|MiniMax-M3", "queue_rank": 305, "call_type": "explain_executor", "target_act": "probing", "ok": true, "error": ""}
{"request_id": "two-stage-v1|scaffolding-758|ask_executor|MiniMax-M3", "queue_rank": 309, "call_type": "ask_executor", "target_act": "telling", "ok": true, "error": ""}
{"request_id": "two-stage-v1|scaffolding-619|ask_executor|MiniMax-M3", "queue_rank": 307, "call_type": "ask_executor", "target_act": "probing", "ok": true, "error": ""}
{"request_id": "two-stage-v1|scaffolding-915|selector_explain_first|MiniMax-M3", "queue_rank": 306, "call_type": "selector_explain_first", "target_act": "telling", "ok": true, "error": ""}
{"request_id": "two-stage-v1|scaffolding-589|selector_explain_first|MiniMax-M3", "queue_rank": 308, "call_type": "selector_explain_first", "target_act": "probing", "ok": true, "error": ""}
{"request_id": "two-stage-v1|scaffolding-121|single_pass_adaptive|MiniMax-M3", "queue_rank": 310, "call_type": "single_pass_adaptive", "target_act": "probing", "ok": true, "error": ""}
{"request_id": "two-stage-v1|scaffolding-216|single_pass_adaptive|MiniMax-M3", "queue_rank": 312, "call_type": "single_pass_adaptive", "target_act": "telling", "ok": true, "error": ""}
{"request_id": "two-stage-v1|scaffolding-909|selector_explain_first|MiniMax-M3", "queue_rank": 313, "call_type": "selector_explain_first", "target_act": "telling", "ok": true, "error": ""}
{"request_id": "two-stage-v1|scaffolding-453|selector_ask_first|MiniMax-M3", "queue_rank": 314, "call_type": "selector_ask_first", "target_act": "probing", "ok": true, "error": ""}
{"request_id": "two-stage-v1|scaffolding-602|selector_explain_first|MiniMax-M3", "queue_rank": 317, "call_type": "selector_explain_first", "target_act": "probing", "ok": true, "error": ""}
{"request_id": "two-stage-v1|scaffolding-704|ask_executor|MiniMax-M3", "queue_rank": 315, "call_type": "ask_executor", "target_act": "probing", "ok": true, "error": ""}
{"request_id": "two-stage-v1|scaffolding-974|ask_executor|MiniMax-M3", "queue_rank": 316, "call_type": "ask_executor", "target_act": "telling", "ok": true, "error": ""}
{"request_id": "two-stage-v1|scaffolding-921|explain_executor|MiniMax-M3", "queue_rank": 311, "call_type": "explain_executor", "target_act": "telling", "ok": true, "error": ""}
{"request_id": "two-stage-v1|scaffolding-157|explain_executor|MiniMax-M3", "queue_rank": 319, "call_type": "explain_executor", "target_act": "probing", "ok": true, "error": ""}
{"request_id": "two-stage-v1|scaffolding-57|selector_ask_first|MiniMax-M3", "queue_rank": 318, "call_type": "selector_ask_first", "target_act": "telling", "ok": true, "error": ""}
{"request_id": "two-stage-v1|scaffolding-953|selector_explain_first|MiniMax-M3", "queue_rank": 322, "call_type": "selector_explain_first", "target_act": "probing", "ok": true, "error": ""}
{"request_id": "two-stage-v1|scaffolding-915|explain_executor|MiniMax-M3", "queue_rank": 321, "call_type": "explain_executor", "target_act": "telling", "ok": true, "error": ""}
{"request_id": "two-stage-v1|scaffolding-800|selector_ask_first|MiniMax-M3", "queue_rank": 323, "call_type": "selector_ask_first", "target_act": "telling", "ok": true, "error": ""}
{"request_id": "two-stage-v1|scaffolding-769|ask_executor|MiniMax-M3", "queue_rank": 324, "call_type": "ask_executor", "target_act": "probing", "ok": true, "error": ""}
{"request_id": "two-stage-v1|scaffolding-845|single_pass_adaptive|MiniMax-M3", "queue_rank": 325, "call_type": "single_pass_adaptive", "target_act": "telling", "ok": true, "error": ""}
{"request_id": "two-stage-v1|scaffolding-774|single_pass_adaptive|MiniMax-M3", "queue_rank": 326, "call_type": "single_pass_adaptive", "target_act": "probing", "ok": true, "error": ""}
{"request_id": "two-stage-v1|scaffolding-338|explain_executor|MiniMax-M3", "queue_rank": 327, "call_type": "explain_executor", "target_act": "probing", "ok": true, "error": ""}
{"request_id": "two-stage-v1|scaffolding-756|selector_explain_first|MiniMax-M3", "queue_rank": 320, "call_type": "selector_explain_first", "target_act": "telling", "ok": true, "error": ""}
{"request_id": "two-stage-v1|scaffolding-729|explain_executor|MiniMax-M3", "queue_rank": 330, "call_type": "explain_executor", "target_act": "probing", "ok": true, "error": ""}
{"request_id": "two-stage-v1|scaffolding-491|selector_ask_first|MiniMax-M3", "queue_rank": 329, "call_type": "selector_ask_first", "target_act": "probing", "ok": true, "error": ""}
{"request_id": "two-stage-v1|scaffolding-804|single_pass_adaptive|MiniMax-M3", "queue_rank": 332, "call_type": "single_pass_adaptive", "target_act": "probing", "ok": true, "error": ""}
{"request_id": "two-stage-v1|scaffolding-756|selector_ask_first|MiniMax-M3", "queue_rank": 331, "call_type": "selector_ask_first", "target_act": "telling", "ok": true, "error": ""}
{"request_id": "two-stage-v1|scaffolding-232|selector_ask_first|MiniMax-M3", "queue_rank": 333, "call_type": "selector_ask_first", "target_act": "probing", "ok": true, "error": ""}
{"request_id": "two-stage-v1|scaffolding-500|single_pass_adaptive|MiniMax-M3", "queue_rank": 335, "call_type": "single_pass_adaptive", "target_act": "telling", "ok": true, "error": ""}
{"request_id": "two-stage-v1|scaffolding-903|ask_executor|MiniMax-M3", "queue_rank": 336, "call_type": "ask_executor", "target_act": "probing", "ok": true, "error": ""}
{"request_id": "two-stage-v1|scaffolding-698|ask_executor|MiniMax-M3", "queue_rank": 334, "call_type": "ask_executor", "target_act": "telling", "ok": true, "error": ""}
{"request_id": "two-stage-v1|scaffolding-451|selector_explain_first|MiniMax-M3", "queue_rank": 338, "call_type": "selector_explain_first", "target_act": "probing", "ok": true, "error": ""}
{"request_id": "two-stage-v1|scaffolding-7|selector_explain_first|MiniMax-M3", "queue_rank": 339, "call_type": "selector_explain_first", "target_act": "telling", "ok": true, "error": ""}
{"request_id": "two-stage-v1|scaffolding-8|selector_explain_first|MiniMax-M3", "queue_rank": 340, "call_type": "selector_explain_first", "target_act": "telling", "ok": true, "error": ""}
{"request_id": "two-stage-v1|scaffolding-524|ask_executor|MiniMax-M3", "queue_rank": 328, "call_type": "ask_executor", "target_act": "telling", "ok": true, "error": ""}
{"request_id": "two-stage-v1|scaffolding-698|explain_executor|MiniMax-M3", "queue_rank": 341, "call_type": "explain_executor", "target_act": "telling", "ok": true, "error": ""}
{"request_id": "two-stage-v1|scaffolding-7|explain_executor|MiniMax-M3", "queue_rank": 337, "call_type": "explain_executor", "target_act": "telling", "ok": true, "error": ""}
{"request_id": "two-stage-v1|scaffolding-338|selector_ask_first|MiniMax-M3", "queue_rank": 343, "call_type": "selector_ask_first", "target_act": "probing", "ok": true, "error": ""}
{"request_id": "two-stage-v1|scaffolding-55|ask_executor|MiniMax-M3", "queue_rank": 344, "call_type": "ask_executor", "target_act": "telling", "ok": true, "error": ""}
{"request_id": "two-stage-v1|scaffolding-678|single_pass_adaptive|MiniMax-M3", "queue_rank": 346, "call_type": "single_pass_adaptive", "target_act": "probing", "ok": true, "error": ""}
{"request_id": "two-stage-v1|scaffolding-845|selector_ask_first|MiniMax-M3", "queue_rank": 345, "call_type": "selector_ask_first", "target_act": "telling", "ok": true, "error": ""}
{"request_id": "two-stage-v1|scaffolding-453|explain_executor|MiniMax-M3", "queue_rank": 349, "call_type": "explain_executor", "target_act": "probing", "ok": true, "error": ""}
{"request_id": "two-stage-v1|scaffolding-146|ask_executor|MiniMax-M3", "queue_rank": 342, "call_type": "ask_executor", "target_act": "probing", "ok": true, "error": ""}
{"request_id": "two-stage-v1|scaffolding-240|selector_explain_first|MiniMax-M3", "queue_rank": 348, "call_type": "selector_explain_first", "target_act": "probing", "ok": true, "error": ""}
{"request_id": "two-stage-v1|scaffolding-919|single_pass_adaptive|MiniMax-M3", "queue_rank": 347, "call_type": "single_pass_adaptive", "target_act": "telling", "ok": true, "error": ""}
{"request_id": "two-stage-v1|scaffolding-715|selector_explain_first|MiniMax-M3", "queue_rank": 352, "call_type": "selector_explain_first", "target_act": "probing", "ok": true, "error": ""}
{"request_id": "two-stage-v1|scaffolding-47|single_pass_adaptive|MiniMax-M3", "queue_rank": 351, "call_type": "single_pass_adaptive", "target_act": "telling", "ok": true, "error": ""}
{"request_id": "two-stage-v1|scaffolding-309|explain_executor|MiniMax-M3", "queue_rank": 350, "call_type": "explain_executor", "target_act": "probing", "ok": true, "error": ""}
{"request_id": "two-stage-v1|scaffolding-793|selector_explain_first|MiniMax-M3", "queue_rank": 355, "call_type": "selector_explain_first", "target_act": "telling", "ok": true, "error": ""}
{"request_id": "two-stage-v1|scaffolding-99|ask_executor|MiniMax-M3", "queue_rank": 354, "call_type": "ask_executor", "target_act": "telling", "ok": true, "error": ""}
{"request_id": "two-stage-v1|scaffolding-309|selector_ask_first|MiniMax-M3", "queue_rank": 353, "call_type": "selector_ask_first", "target_act": "probing", "ok": true, "error": ""}
{"request_id": "two-stage-v1|scaffolding-193|ask_executor|MiniMax-M3", "queue_rank": 356, "call_type": "ask_executor", "target_act": "probing", "ok": true, "error": ""}
{"request_id": "two-stage-v1|scaffolding-800|explain_executor|MiniMax-M3", "queue_rank": 357, "call_type": "explain_executor", "target_act": "telling", "ok": true, "error": ""}
{"request_id": "two-stage-v1|scaffolding-137|single_pass_adaptive|MiniMax-M3", "queue_rank": 359, "call_type": "single_pass_adaptive", "target_act": "probing", "ok": true, "error": ""}
{"request_id": "two-stage-v1|scaffolding-15|selector_ask_first|MiniMax-M3", "queue_rank": 358, "call_type": "selector_ask_first", "target_act": "telling", "ok": true, "error": ""}
{"request_id": "two-stage-v1|scaffolding-146|selector_ask_first|MiniMax-M3", "queue_rank": 360, "call_type": "selector_ask_first", "target_act": "probing", "ok": true, "error": ""}
{"request_id": "two-stage-v1|scaffolding-56|selector_explain_first|MiniMax-M3", "queue_rank": 363, "call_type": "selector_explain_first", "target_act": "telling", "ok": true, "error": ""}
{"request_id": "two-stage-v1|scaffolding-169|explain_executor|MiniMax-M3", "queue_rank": 364, "call_type": "explain_executor", "target_act": "telling", "ok": true, "error": ""}
{"request_id": "two-stage-v1|scaffolding-232|explain_executor|MiniMax-M3", "queue_rank": 362, "call_type": "explain_executor", "target_act": "probing", "ok": true, "error": ""}
{"request_id": "two-stage-v1|scaffolding-799|single_pass_adaptive|MiniMax-M3", "queue_rank": 366, "call_type": "single_pass_adaptive", "target_act": "telling", "ok": true, "error": ""}
{"request_id": "two-stage-v1|scaffolding-448|single_pass_adaptive|MiniMax-M3", "queue_rank": 361, "call_type": "single_pass_adaptive", "target_act": "probing", "ok": true, "error": ""}
{"request_id": "two-stage-v1|scaffolding-137|ask_executor|MiniMax-M3", "queue_rank": 365, "call_type": "ask_executor", "target_act": "probing", "ok": true, "error": ""}
{"request_id": "two-stage-v1|scaffolding-686|ask_executor|MiniMax-M3", "queue_rank": 367, "call_type": "ask_executor", "target_act": "telling", "ok": true, "error": ""}
{"request_id": "two-stage-v1|scaffolding-749|selector_explain_first|MiniMax-M3", "queue_rank": 369, "call_type": "selector_explain_first", "target_act": "probing", "ok": true, "error": ""}
{"request_id": "two-stage-v1|scaffolding-363|single_pass_adaptive|MiniMax-M3", "queue_rank": 371, "call_type": "single_pass_adaptive", "target_act": "probing", "ok": true, "error": ""}
{"request_id": "two-stage-v1|scaffolding-953|selector_ask_first|MiniMax-M3", "queue_rank": 370, "call_type": "selector_ask_first", "target_act": "probing", "ok": true, "error": ""}
{"request_id": "two-stage-v1|scaffolding-640|explain_executor|MiniMax-M3", "queue_rank": 372, "call_type": "explain_executor", "target_act": "telling", "ok": true, "error": ""}
{"request_id": "two-stage-v1|scaffolding-623|ask_executor|MiniMax-M3", "queue_rank": 373, "call_type": "ask_executor", "target_act": "probing", "ok": true, "error": ""}
{"request_id": "two-stage-v1|scaffolding-7|selector_ask_first|MiniMax-M3", "queue_rank": 368, "call_type": "selector_ask_first", "target_act": "telling", "ok": true, "error": ""}
{"request_id": "two-stage-v1|scaffolding-760|selector_ask_first|MiniMax-M3", "queue_rank": 375, "call_type": "selector_ask_first", "target_act": "telling", "ok": true, "error": ""}
{"request_id": "two-stage-v1|scaffolding-448|explain_executor|MiniMax-M3", "queue_rank": 377, "call_type": "explain_executor", "target_act": "probing", "ok": true, "error": ""}
{"request_id": "two-stage-v1|scaffolding-721|selector_explain_first|MiniMax-M3", "queue_rank": 374, "call_type": "selector_explain_first", "target_act": "telling", "ok": true, "error": ""}
{"request_id": "two-stage-v1|scaffolding-915|ask_executor|MiniMax-M3", "queue_rank": 376, "call_type": "ask_executor", "target_act": "telling", "ok": true, "error": ""}
{"request_id": "two-stage-v1|scaffolding-55|single_pass_adaptive|MiniMax-M3", "queue_rank": 378, "call_type": "single_pass_adaptive", "target_act": "telling", "ok": true, "error": ""}
{"request_id": "two-stage-v1|scaffolding-453|single_pass_adaptive|MiniMax-M3", "queue_rank": 380, "call_type": "single_pass_adaptive", "target_act": "probing", "ok": true, "error": ""}
{"request_id": "two-stage-v1|scaffolding-363|explain_executor|MiniMax-M3", "queue_rank": 382, "call_type": "explain_executor", "target_act": "probing", "ok": true, "error": ""}
{"request_id": "two-stage-v1|scaffolding-268|selector_explain_first|MiniMax-M3", "queue_rank": 379, "call_type": "selector_explain_first", "target_act": "probing", "ok": true, "error": ""}
{"request_id": "two-stage-v1|scaffolding-121|selector_ask_first|MiniMax-M3", "queue_rank": 385, "call_type": "selector_ask_first", "target_act": "probing", "ok": true, "error": ""}
{"request_id": "two-stage-v1|scaffolding-799|ask_executor|MiniMax-M3", "queue_rank": 383, "call_type": "ask_executor", "target_act": "telling", "ok": true, "error": ""}
{"request_id": "two-stage-v1|scaffolding-324|selector_explain_first|MiniMax-M3", "queue_rank": 381, "call_type": "selector_explain_first", "target_act": "telling", "ok": true, "error": ""}
{"request_id": "two-stage-v1|scaffolding-736|ask_executor|MiniMax-M3", "queue_rank": 387, "call_type": "ask_executor", "target_act": "probing", "ok": true, "error": ""}
{"request_id": "two-stage-v1|scaffolding-251|selector_explain_first|MiniMax-M3", "queue_rank": 386, "call_type": "selector_explain_first", "target_act": "probing", "ok": true, "error": ""}
{"request_id": "two-stage-v1|scaffolding-524|selector_ask_first|MiniMax-M3", "queue_rank": 384, "call_type": "selector_ask_first", "target_act": "telling", "ok": true, "error": ""}
{"request_id": "two-stage-v1|scaffolding-909|single_pass_adaptive|MiniMax-M3", "queue_rank": 389, "call_type": "single_pass_adaptive", "target_act": "telling", "ok": true, "error": ""}
{"request_id": "two-stage-v1|scaffolding-729|selector_explain_first|MiniMax-M3", "queue_rank": 390, "call_type": "selector_explain_first", "target_act": "probing", "ok": true, "error": ""}
{"request_id": "two-stage-v1|scaffolding-780|single_pass_adaptive|MiniMax-M3", "queue_rank": 391, "call_type": "single_pass_adaptive", "target_act": "probing", "ok": true, "error": ""}
{"request_id": "two-stage-v1|scaffolding-12|selector_ask_first|MiniMax-M3", "queue_rank": 394, "call_type": "selector_ask_first", "target_act": "telling", "ok": true, "error": ""}
{"request_id": "two-stage-v1|scaffolding-719|ask_executor|MiniMax-M3", "queue_rank": 393, "call_type": "ask_executor", "target_act": "telling", "ok": true, "error": ""}
{"request_id": "two-stage-v1|scaffolding-524|selector_explain_first|MiniMax-M3", "queue_rank": 392, "call_type": "selector_explain_first", "target_act": "telling", "ok": true, "error": ""}
{"request_id": "two-stage-v1|scaffolding-998|explain_executor|MiniMax-M3", "queue_rank": 396, "call_type": "explain_executor", "target_act": "telling", "ok": true, "error": ""}
{"request_id": "two-stage-v1|scaffolding-780|selector_ask_first|MiniMax-M3", "queue_rank": 397, "call_type": "selector_ask_first", "target_act": "probing", "ok": true, "error": ""}
{"request_id": "two-stage-v1|scaffolding-909|explain_executor|MiniMax-M3", "queue_rank": 388, "call_type": "explain_executor", "target_act": "telling", "ok": true, "error": ""}
{"request_id": "two-stage-v1|scaffolding-57|selector_explain_first|MiniMax-M3", "queue_rank": 400, "call_type": "selector_explain_first", "target_act": "telling", "ok": true, "error": ""}
{"request_id": "two-stage-v1|scaffolding-481|ask_executor|MiniMax-M3", "queue_rank": 399, "call_type": "ask_executor", "target_act": "probing", "ok": true, "error": ""}
{"request_id": "two-stage-v1|scaffolding-137|selector_ask_first|MiniMax-M3", "queue_rank": 401, "call_type": "selector_ask_first", "target_act": "probing", "ok": true, "error": ""}
{"request_id": "two-stage-v1|scaffolding-266|single_pass_adaptive|MiniMax-M3", "queue_rank": 402, "call_type": "single_pass_adaptive", "target_act": "probing", "ok": true, "error": ""}
{"request_id": "two-stage-v1|scaffolding-774|selector_explain_first|MiniMax-M3", "queue_rank": 403, "call_type": "selector_explain_first", "target_act": "probing", "ok": true, "error": ""}
{"request_id": "two-stage-v1|scaffolding-2|single_pass_adaptive|MiniMax-M3", "queue_rank": 404, "call_type": "single_pass_adaptive", "target_act": "telling", "ok": true, "error": ""}
{"request_id": "two-stage-v1|scaffolding-756|ask_executor|MiniMax-M3", "queue_rank": 405, "call_type": "ask_executor", "target_act": "telling", "ok": true, "error": ""}
{"request_id": "two-stage-v1|scaffolding-715|explain_executor|MiniMax-M3", "queue_rank": 406, "call_type": "explain_executor", "target_act": "probing", "ok": true, "error": ""}
{"request_id": "two-stage-v1|scaffolding-968|single_pass_adaptive|MiniMax-M3", "queue_rank": 395, "call_type": "single_pass_adaptive", "target_act": "telling", "ok": true, "error": ""}
{"request_id": "two-stage-v1|scaffolding-758|explain_executor|MiniMax-M3", "queue_rank": 407, "call_type": "explain_executor", "target_act": "telling", "ok": true, "error": ""}
{"request_id": "two-stage-v1|scaffolding-577|ask_executor|MiniMax-M3", "queue_rank": 409, "call_type": "ask_executor", "target_act": "probing", "ok": true, "error": ""}
{"request_id": "two-stage-v1|scaffolding-324|selector_ask_first|MiniMax-M3", "queue_rank": 408, "call_type": "selector_ask_first", "target_act": "telling", "ok": true, "error": ""}
{"request_id": "two-stage-v1|scaffolding-991|single_pass_adaptive|MiniMax-M3", "queue_rank": 410, "call_type": "single_pass_adaptive", "target_act": "probing", "ok": true, "error": ""}
{"request_id": "two-stage-v1|scaffolding-780|selector_explain_first|MiniMax-M3", "queue_rank": 412, "call_type": "selector_explain_first", "target_act": "probing", "ok": true, "error": ""}
{"request_id": "two-stage-v1|scaffolding-749|selector_ask_first|MiniMax-M3", "queue_rank": 414, "call_type": "selector_ask_first", "target_act": "probing", "ok": true, "error": ""}
{"request_id": "two-stage-v1|scaffolding-266|explain_executor|MiniMax-M3", "queue_rank": 398, "call_type": "explain_executor", "target_act": "probing", "ok": true, "error": ""}
{"request_id": "two-stage-v1|scaffolding-268|ask_executor|MiniMax-M3", "queue_rank": 413, "call_type": "ask_executor", "target_act": "probing", "ok": true, "error": ""}
{"request_id": "two-stage-v1|scaffolding-60|explain_executor|MiniMax-M3", "queue_rank": 417, "call_type": "explain_executor", "target_act": "telling", "ok": true, "error": ""}
{"request_id": "two-stage-v1|scaffolding-60|selector_explain_first|MiniMax-M3", "queue_rank": 415, "call_type": "selector_explain_first", "target_act": "telling", "ok": true, "error": ""}
{"request_id": "two-stage-v1|scaffolding-57|ask_executor|MiniMax-M3", "queue_rank": 416, "call_type": "ask_executor", "target_act": "telling", "ok": true, "error": ""}
{"request_id": "two-stage-v1|scaffolding-678|explain_executor|MiniMax-M3", "queue_rank": 419, "call_type": "explain_executor", "target_act": "probing", "ok": true, "error": ""}
{"request_id": "two-stage-v1|scaffolding-216|selector_ask_first|MiniMax-M3", "queue_rank": 411, "call_type": "selector_ask_first", "target_act": "telling", "ok": true, "error": ""}
{"request_id": "two-stage-v1|scaffolding-674|ask_executor|MiniMax-M3", "queue_rank": 420, "call_type": "ask_executor", "target_act": "probing", "ok": true, "error": ""}
{"request_id": "two-stage-v1|scaffolding-721|ask_executor|MiniMax-M3", "queue_rank": 422, "call_type": "ask_executor", "target_act": "telling", "ok": true, "error": ""}
{"request_id": "two-stage-v1|scaffolding-240|single_pass_adaptive|MiniMax-M3", "queue_rank": 421, "call_type": "single_pass_adaptive", "target_act": "probing", "ok": true, "error": ""}
{"request_id": "two-stage-v1|scaffolding-721|single_pass_adaptive|MiniMax-M3", "queue_rank": 425, "call_type": "single_pass_adaptive", "target_act": "telling", "ok": true, "error": ""}
{"request_id": "two-stage-v1|scaffolding-324|single_pass_adaptive|MiniMax-M3", "queue_rank": 418, "call_type": "single_pass_adaptive", "target_act": "telling", "ok": true, "error": ""}
{"request_id": "two-stage-v1|scaffolding-500|selector_ask_first|MiniMax-M3", "queue_rank": 424, "call_type": "selector_ask_first", "target_act": "telling", "ok": true, "error": ""}
{"request_id": "two-stage-v1|scaffolding-774|explain_executor|MiniMax-M3", "queue_rank": 427, "call_type": "explain_executor", "target_act": "probing", "ok": true, "error": ""}
{"request_id": "two-stage-v1|scaffolding-722|explain_executor|MiniMax-M3", "queue_rank": 423, "call_type": "explain_executor", "target_act": "telling", "ok": true, "error": ""}
{"request_id": "two-stage-v1|scaffolding-477|selector_ask_first|MiniMax-M3", "queue_rank": 426, "call_type": "selector_ask_first", "target_act": "probing", "ok": true, "error": ""}
{"request_id": "two-stage-v1|scaffolding-719|single_pass_adaptive|MiniMax-M3", "queue_rank": 430, "call_type": "single_pass_adaptive", "target_act": "telling", "ok": true, "error": ""}
{"request_id": "two-stage-v1|scaffolding-309|selector_explain_first|MiniMax-M3", "queue_rank": 428, "call_type": "selector_explain_first", "target_act": "probing", "ok": true, "error": ""}
{"request_id": "two-stage-v1|scaffolding-686|selector_explain_first|MiniMax-M3", "queue_rank": 429, "call_type": "selector_explain_first", "target_act": "telling", "ok": true, "error": ""}
{"request_id": "two-stage-v1|scaffolding-446|ask_executor|MiniMax-M3", "queue_rank": 432, "call_type": "ask_executor", "target_act": "probing", "ok": true, "error": ""}
{"request_id": "two-stage-v1|scaffolding-47|selector_ask_first|MiniMax-M3", "queue_rank": 433, "call_type": "selector_ask_first", "target_act": "telling", "ok": true, "error": ""}
{"request_id": "two-stage-v1|scaffolding-835|selector_ask_first|MiniMax-M3", "queue_rank": 434, "call_type": "selector_ask_first", "target_act": "probing", "ok": true, "error": ""}
{"request_id": "two-stage-v1|scaffolding-216|ask_executor|MiniMax-M3", "queue_rank": 431, "call_type": "ask_executor", "target_act": "telling", "ok": true, "error": ""}
{"request_id": "two-stage-v1|scaffolding-477|explain_executor|MiniMax-M3", "queue_rank": 436, "call_type": "explain_executor", "target_act": "probing", "ok": true, "error": ""}
{"request_id": "two-stage-v1|scaffolding-589|single_pass_adaptive|MiniMax-M3", "queue_rank": 435, "call_type": "single_pass_adaptive", "target_act": "probing", "ok": true, "error": ""}
{"request_id": "two-stage-v1|scaffolding-500|selector_explain_first|MiniMax-M3", "queue_rank": 437, "call_type": "selector_explain_first", "target_act": "telling", "ok": true, "error": ""}
{"request_id": "two-stage-v1|scaffolding-59|selector_explain_first|MiniMax-M3", "queue_rank": 440, "call_type": "selector_explain_first", "target_act": "telling", "ok": true, "error": ""}
{"request_id": "two-stage-v1|scaffolding-903|selector_explain_first|MiniMax-M3", "queue_rank": 439, "call_type": "selector_explain_first", "target_act": "probing", "ok": true, "error": ""}
{"request_id": "two-stage-v1|scaffolding-721|explain_executor|MiniMax-M3", "queue_rank": 438, "call_type": "explain_executor", "target_act": "telling", "ok": true, "error": ""}
{"request_id": "two-stage-v1|scaffolding-903|single_pass_adaptive|MiniMax-M3", "queue_rank": 442, "call_type": "single_pass_adaptive", "target_act": "probing", "ok": true, "error": ""}
{"request_id": "two-stage-v1|scaffolding-909|ask_executor|MiniMax-M3", "queue_rank": 443, "call_type": "ask_executor", "target_act": "telling", "ok": true, "error": ""}
{"request_id": "two-stage-v1|scaffolding-307|selector_ask_first|MiniMax-M3", "queue_rank": 441, "call_type": "selector_ask_first", "target_act": "probing", "ok": true, "error": ""}
{"request_id": "two-stage-v1|scaffolding-674|selector_explain_first|MiniMax-M3", "queue_rank": 446, "call_type": "selector_explain_first", "target_act": "probing", "ok": true, "error": ""}
{"request_id": "two-stage-v1|scaffolding-99|single_pass_adaptive|MiniMax-M3", "queue_rank": 447, "call_type": "single_pass_adaptive", "target_act": "telling", "ok": true, "error": ""}
{"request_id": "two-stage-v1|scaffolding-801|explain_executor|MiniMax-M3", "queue_rank": 445, "call_type": "explain_executor", "target_act": "telling", "ok": true, "error": ""}
{"request_id": "two-stage-v1|scaffolding-769|explain_executor|MiniMax-M3", "queue_rank": 449, "call_type": "explain_executor", "target_act": "probing", "ok": true, "error": ""}
{"request_id": "two-stage-v1|scaffolding-177|selector_ask_first|MiniMax-M3", "queue_rank": 448, "call_type": "selector_ask_first", "target_act": "telling", "ok": true, "error": ""}
{"request_id": "two-stage-v1|scaffolding-780|ask_executor|MiniMax-M3", "queue_rank": 450, "call_type": "ask_executor", "target_act": "probing", "ok": true, "error": ""}
{"request_id": "two-stage-v1|scaffolding-921|selector_explain_first|MiniMax-M3", "queue_rank": 453, "call_type": "selector_explain_first", "target_act": "telling", "ok": true, "error": ""}
{"request_id": "two-stage-v1|scaffolding-99|selector_ask_first|MiniMax-M3", "queue_rank": 451, "call_type": "selector_ask_first", "target_act": "telling", "ok": true, "error": ""}
{"request_id": "two-stage-v1|scaffolding-56|explain_executor|MiniMax-M3", "queue_rank": 452, "call_type": "explain_executor", "target_act": "telling", "ok": true, "error": ""}
{"request_id": "two-stage-v1|scaffolding-451|ask_executor|MiniMax-M3", "queue_rank": 444, "call_type": "ask_executor", "target_act": "probing", "ok": true, "error": ""}
{"request_id": "two-stage-v1|scaffolding-338|selector_explain_first|MiniMax-M3", "queue_rank": 454, "call_type": "selector_explain_first", "target_act": "probing", "ok": true, "error": ""}
{"request_id": "two-stage-v1|scaffolding-74|single_pass_adaptive|MiniMax-M3", "queue_rank": 456, "call_type": "single_pass_adaptive", "target_act": "probing", "ok": true, "error": ""}
{"request_id": "two-stage-v1|scaffolding-268|selector_ask_first|MiniMax-M3", "queue_rank": 455, "call_type": "selector_ask_first", "target_act": "probing", "ok": true, "error": ""}
{"request_id": "two-stage-v1|scaffolding-11|single_pass_adaptive|MiniMax-M3", "queue_rank": 457, "call_type": "single_pass_adaptive", "target_act": "telling", "ok": true, "error": ""}
{"request_id": "two-stage-v1|scaffolding-251|explain_executor|MiniMax-M3", "queue_rank": 459, "call_type": "explain_executor", "target_act": "probing", "ok": true, "error": ""}
{"request_id": "two-stage-v1|scaffolding-968|ask_executor|MiniMax-M3", "queue_rank": 458, "call_type": "ask_executor", "target_act": "telling", "ok": true, "error": ""}
{"request_id": "two-stage-v1|scaffolding-338|ask_executor|MiniMax-M3", "queue_rank": 460, "call_type": "ask_executor", "target_act": "probing", "ok": true, "error": ""}
{"request_id": "two-stage-v1|scaffolding-722|selector_ask_first|MiniMax-M3", "queue_rank": 463, "call_type": "selector_ask_first", "target_act": "telling", "ok": true, "error": ""}
{"request_id": "two-stage-v1|scaffolding-176|explain_executor|MiniMax-M3", "queue_rank": 465, "call_type": "explain_executor", "target_act": "telling", "ok": true, "error": ""}
{"request_id": "two-stage-v1|scaffolding-921|single_pass_adaptive|MiniMax-M3", "queue_rank": 461, "call_type": "single_pass_adaptive", "target_act": "telling", "ok": true, "error": ""}
{"request_id": "two-stage-v1|scaffolding-640|selector_explain_first|MiniMax-M3", "queue_rank": 464, "call_type": "selector_explain_first", "target_act": "telling", "ok": true, "error": ""}
{"request_id": "two-stage-v1|scaffolding-769|single_pass_adaptive|MiniMax-M3", "queue_rank": 468, "call_type": "single_pass_adaptive", "target_act": "probing", "ok": true, "error": ""}
{"request_id": "two-stage-v1|scaffolding-11|ask_executor|MiniMax-M3", "queue_rank": 466, "call_type": "ask_executor", "target_act": "telling", "ok": true, "error": ""}
{"request_id": "two-stage-v1|scaffolding-477|selector_explain_first|MiniMax-M3", "queue_rank": 467, "call_type": "selector_explain_first", "target_act": "probing", "ok": true, "error": ""}
{"request_id": "two-stage-v1|scaffolding-266|selector_ask_first|MiniMax-M3", "queue_rank": 462, "call_type": "selector_ask_first", "target_act": "probing", "ok": true, "error": ""}
{"request_id": "two-stage-v1|scaffolding-953|ask_executor|MiniMax-M3", "queue_rank": 470, "call_type": "ask_executor", "target_act": "probing", "ok": true, "error": ""}
{"request_id": "two-stage-v1|scaffolding-169|selector_ask_first|MiniMax-M3", "queue_rank": 473, "call_type": "selector_ask_first", "target_act": "telling", "ok": true, "error": ""}
{"request_id": "two-stage-v1|scaffolding-9|ask_executor|MiniMax-M3", "queue_rank": 472, "call_type": "ask_executor", "target_act": "telling", "ok": true, "error": ""}
{"request_id": "two-stage-v1|scaffolding-99|explain_executor|MiniMax-M3", "queue_rank": 471, "call_type": "explain_executor", "target_act": "telling", "ok": true, "error": ""}
{"request_id": "two-stage-v1|scaffolding-124|selector_ask_first|MiniMax-M3", "queue_rank": 474, "call_type": "selector_ask_first", "target_act": "probing", "ok": true, "error": ""}
{"request_id": "two-stage-v1|scaffolding-240|explain_executor|MiniMax-M3", "queue_rank": 475, "call_type": "explain_executor", "target_act": "probing", "ok": true, "error": ""}
{"request_id": "two-stage-v1|scaffolding-769|selector_explain_first|MiniMax-M3", "queue_rank": 477, "call_type": "selector_explain_first", "target_act": "probing", "ok": true, "error": ""}
{"request_id": "two-stage-v1|scaffolding-169|selector_explain_first|MiniMax-M3", "queue_rank": 478, "call_type": "selector_explain_first", "target_act": "telling", "ok": true, "error": ""}
{"request_id": "two-stage-v1|scaffolding-760|single_pass_adaptive|MiniMax-M3", "queue_rank": 479, "call_type": "single_pass_adaptive", "target_act": "telling", "ok": true, "error": ""}
{"request_id": "two-stage-v1|scaffolding-193|single_pass_adaptive|MiniMax-M3", "queue_rank": 476, "call_type": "single_pass_adaptive", "target_act": "probing", "ok": true, "error": ""}
{"request_id": "two-stage-v1|scaffolding-481|explain_executor|MiniMax-M3", "queue_rank": 469, "call_type": "explain_executor", "target_act": "probing", "ok": true, "error": ""}
{"request_id": "two-stage-v1|scaffolding-196|explain_executor|MiniMax-M2.7", "queue_rank": 3, "call_type": "explain_executor", "target_act": "probing", "ok": true, "error": ""}
{"request_id": "two-stage-v1|scaffolding-59|single_pass_adaptive|MiniMax-M2.7", "queue_rank": 0, "call_type": "single_pass_adaptive", "target_act": "telling", "ok": true, "error": ""}
{"request_id": "two-stage-v1|scaffolding-309|ask_executor|MiniMax-M2.7", "queue_rank": 2, "call_type": "ask_executor", "target_act": "probing", "ok": true, "error": ""}
{"request_id": "two-stage-v1|scaffolding-453|selector_ask_first|MiniMax-M2.7", "queue_rank": 1, "call_type": "selector_ask_first", "target_act": "probing", "ok": true, "error": ""}
{"request_id": "two-stage-v1|scaffolding-760|ask_executor|MiniMax-M2.7", "queue_rank": 6, "call_type": "ask_executor", "target_act": "telling", "ok": true, "error": ""}
{"request_id": "two-stage-v1|scaffolding-953|selector_explain_first|MiniMax-M2.7", "queue_rank": 4, "call_type": "selector_explain_first", "target_act": "probing", "ok": true, "error": ""}
{"request_id": "two-stage-v1|scaffolding-324|selector_explain_first|MiniMax-M2.7", "queue_rank": 8, "call_type": "selector_explain_first", "target_act": "telling", "ok": true, "error": ""}
{"request_id": "two-stage-v1|scaffolding-698|selector_ask_first|MiniMax-M2.7", "queue_rank": 5, "call_type": "selector_ask_first", "target_act": "telling", "ok": true, "error": ""}
{"request_id": "two-stage-v1|scaffolding-56|single_pass_adaptive|MiniMax-M2.7", "queue_rank": 11, "call_type": "single_pass_adaptive", "target_act": "telling", "ok": true, "error": ""}
{"request_id": "two-stage-v1|scaffolding-623|single_pass_adaptive|MiniMax-M2.7", "queue_rank": 9, "call_type": "single_pass_adaptive", "target_act": "probing", "ok": true, "error": ""}
{"request_id": "two-stage-v1|scaffolding-176|ask_executor|MiniMax-M2.7", "queue_rank": 13, "call_type": "ask_executor", "target_act": "telling", "ok": true, "error": ""}
{"request_id": "two-stage-v1|scaffolding-678|selector_ask_first|MiniMax-M2.7", "queue_rank": 12, "call_type": "selector_ask_first", "target_act": "probing", "ok": true, "error": ""}
{"request_id": "two-stage-v1|scaffolding-991|single_pass_adaptive|MiniMax-M2.7", "queue_rank": 15, "call_type": "single_pass_adaptive", "target_act": "probing", "ok": true, "error": ""}
{"request_id": "two-stage-v1|scaffolding-799|selector_explain_first|MiniMax-M2.7", "queue_rank": 14, "call_type": "selector_explain_first", "target_act": "telling", "ok": true, "error": ""}
{"request_id": "two-stage-v1|scaffolding-757|selector_ask_first|MiniMax-M2.7", "queue_rank": 16, "call_type": "selector_ask_first", "target_act": "telling", "ok": true, "error": ""}
{"request_id": "two-stage-v1|scaffolding-674|ask_executor|MiniMax-M2.7", "queue_rank": 18, "call_type": "ask_executor", "target_act": "probing", "ok": true, "error": ""}
{"request_id": "two-stage-v1|scaffolding-835|selector_explain_first|MiniMax-M2.7", "queue_rank": 10, "call_type": "selector_explain_first", "target_act": "probing", "ok": true, "error": ""}
{"request_id": "two-stage-v1|scaffolding-500|explain_executor|MiniMax-M2.7", "queue_rank": 7, "call_type": "explain_executor", "target_act": "telling", "ok": true, "error": ""}
{"request_id": "two-stage-v1|scaffolding-338|explain_executor|MiniMax-M2.7", "queue_rank": 19, "call_type": "explain_executor", "target_act": "probing", "ok": true, "error": ""}
{"request_id": "two-stage-v1|scaffolding-169|selector_explain_first|MiniMax-M2.7", "queue_rank": 20, "call_type": "selector_explain_first", "target_act": "telling", "ok": true, "error": ""}
{"request_id": "two-stage-v1|scaffolding-921|explain_executor|MiniMax-M2.7", "queue_rank": 17, "call_type": "explain_executor", "target_act": "telling", "ok": true, "error": ""}
{"request_id": "two-stage-v1|scaffolding-698|explain_executor|MiniMax-M2.7", "queue_rank": 22, "call_type": "explain_executor", "target_act": "telling", "ok": true, "error": ""}
{"request_id": "two-stage-v1|scaffolding-56|selector_ask_first|MiniMax-M2.7", "queue_rank": 21, "call_type": "selector_ask_first", "target_act": "telling", "ok": true, "error": ""}
{"request_id": "two-stage-v1|scaffolding-7|ask_executor|MiniMax-M2.7", "queue_rank": 25, "call_type": "ask_executor", "target_act": "telling", "ok": true, "error": ""}
{"request_id": "two-stage-v1|scaffolding-921|single_pass_adaptive|MiniMax-M2.7", "queue_rank": 24, "call_type": "single_pass_adaptive", "target_act": "telling", "ok": true, "error": ""}
{"request_id": "two-stage-v1|scaffolding-491|selector_explain_first|MiniMax-M2.7", "queue_rank": 26, "call_type": "selector_explain_first", "target_act": "probing", "ok": true, "error": ""}
{"request_id": "two-stage-v1|scaffolding-448|ask_executor|MiniMax-M2.7", "queue_rank": 27, "call_type": "ask_executor", "target_act": "probing", "ok": true, "error": ""}
{"request_id": "two-stage-v1|scaffolding-1085|ask_executor|MiniMax-M2.7", "queue_rank": 30, "call_type": "ask_executor", "target_act": "telling", "ok": true, "error": ""}
{"request_id": "two-stage-v1|scaffolding-453|explain_executor|MiniMax-M2.7", "queue_rank": 28, "call_type": "explain_executor", "target_act": "probing", "ok": true, "error": ""}
{"request_id": "two-stage-v1|scaffolding-481|selector_ask_first|MiniMax-M2.7", "queue_rank": 23, "call_type": "selector_ask_first", "target_act": "probing", "ok": true, "error": ""}
{"request_id": "two-stage-v1|scaffolding-169|single_pass_adaptive|MiniMax-M2.7", "queue_rank": 32, "call_type": "single_pass_adaptive", "target_act": "telling", "ok": true, "error": ""}
{"request_id": "two-stage-v1|scaffolding-266|single_pass_adaptive|MiniMax-M2.7", "queue_rank": 29, "call_type": "single_pass_adaptive", "target_act": "probing", "ok": true, "error": ""}
{"request_id": "two-stage-v1|scaffolding-251|selector_ask_first|MiniMax-M2.7", "queue_rank": 31, "call_type": "selector_ask_first", "target_act": "probing", "ok": true, "error": ""}
{"request_id": "two-stage-v1|scaffolding-59|selector_ask_first|MiniMax-M2.7", "queue_rank": 36, "call_type": "selector_ask_first", "target_act": "telling", "ok": true, "error": ""}
{"request_id": "two-stage-v1|scaffolding-12|selector_explain_first|MiniMax-M2.7", "queue_rank": 34, "call_type": "selector_explain_first", "target_act": "telling", "ok": true, "error": ""}
{"request_id": "two-stage-v1|scaffolding-59|explain_executor|MiniMax-M2.7", "queue_rank": 33, "call_type": "explain_executor", "target_act": "telling", "ok": true, "error": ""}
{"request_id": "two-stage-v1|scaffolding-338|selector_explain_first|MiniMax-M2.7", "queue_rank": 37, "call_type": "selector_explain_first", "target_act": "probing", "ok": true, "error": ""}
{"request_id": "two-stage-v1|scaffolding-704|ask_executor|MiniMax-M2.7", "queue_rank": 35, "call_type": "ask_executor", "target_act": "probing", "ok": true, "error": ""}
{"request_id": "two-stage-v1|scaffolding-251|single_pass_adaptive|MiniMax-M2.7", "queue_rank": 38, "call_type": "single_pass_adaptive", "target_act": "probing", "ok": true, "error": ""}
{"request_id": "two-stage-v1|scaffolding-196|ask_executor|MiniMax-M2.7", "queue_rank": 41, "call_type": "ask_executor", "target_act": "probing", "ok": true, "error": ""}
{"request_id": "two-stage-v1|scaffolding-736|single_pass_adaptive|MiniMax-M2.7", "queue_rank": 40, "call_type": "single_pass_adaptive", "target_act": "probing", "ok": true, "error": ""}
{"request_id": "two-stage-v1|scaffolding-56|ask_executor|MiniMax-M2.7", "queue_rank": 43, "call_type": "ask_executor", "target_act": "telling", "ok": true, "error": ""}
{"request_id": "two-stage-v1|scaffolding-903|explain_executor|MiniMax-M2.7", "queue_rank": 39, "call_type": "explain_executor", "target_act": "probing", "ok": true, "error": ""}
{"request_id": "two-stage-v1|scaffolding-703|explain_executor|MiniMax-M2.7", "queue_rank": 42, "call_type": "explain_executor", "target_act": "probing", "ok": true, "error": ""}
{"request_id": "two-stage-v1|scaffolding-60|selector_ask_first|MiniMax-M2.7", "queue_rank": 44, "call_type": "selector_ask_first", "target_act": "telling", "ok": true, "error": ""}
{"request_id": "two-stage-v1|scaffolding-57|explain_executor|MiniMax-M2.7", "queue_rank": 46, "call_type": "explain_executor", "target_act": "telling", "ok": true, "error": ""}
{"request_id": "two-stage-v1|scaffolding-137|selector_ask_first|MiniMax-M2.7", "queue_rank": 45, "call_type": "selector_ask_first", "target_act": "probing", "ok": true, "error": ""}
{"request_id": "two-stage-v1|scaffolding-640|selector_explain_first|MiniMax-M2.7", "queue_rank": 48, "call_type": "selector_explain_first", "target_act": "telling", "ok": true, "error": ""}
{"request_id": "two-stage-v1|scaffolding-686|single_pass_adaptive|MiniMax-M2.7", "queue_rank": 49, "call_type": "single_pass_adaptive", "target_act": "telling", "ok": true, "error": ""}
{"request_id": "two-stage-v1|scaffolding-674|selector_explain_first|MiniMax-M2.7", "queue_rank": 47, "call_type": "selector_explain_first", "target_act": "probing", "ok": true, "error": ""}
{"request_id": "two-stage-v1|scaffolding-998|explain_executor|MiniMax-M2.7", "queue_rank": 53, "call_type": "explain_executor", "target_act": "telling", "ok": true, "error": ""}
{"request_id": "two-stage-v1|scaffolding-919|ask_executor|MiniMax-M2.7", "queue_rank": 51, "call_type": "ask_executor", "target_act": "telling", "ok": true, "error": ""}
{"request_id": "two-stage-v1|scaffolding-524|single_pass_adaptive|MiniMax-M2.7", "queue_rank": 50, "call_type": "single_pass_adaptive", "target_act": "telling", "ok": true, "error": ""}
{"request_id": "two-stage-v1|scaffolding-879|selector_ask_first|MiniMax-M2.7", "queue_rank": 54, "call_type": "selector_ask_first", "target_act": "probing", "ok": true, "error": ""}
{"request_id": "two-stage-v1|scaffolding-322|selector_ask_first|MiniMax-M2.7", "queue_rank": 56, "call_type": "selector_ask_first", "target_act": "telling", "ok": true, "error": ""}
{"request_id": "two-stage-v1|scaffolding-146|single_pass_adaptive|MiniMax-M2.7", "queue_rank": 55, "call_type": "single_pass_adaptive", "target_act": "probing", "ok": true, "error": ""}
{"request_id": "two-stage-v1|scaffolding-589|explain_executor|MiniMax-M2.7", "queue_rank": 58, "call_type": "explain_executor", "target_act": "probing", "ok": true, "error": ""}
{"request_id": "two-stage-v1|scaffolding-481|ask_executor|MiniMax-M2.7", "queue_rank": 57, "call_type": "ask_executor", "target_act": "probing", "ok": true, "error": ""}
{"request_id": "two-stage-v1|scaffolding-749|selector_explain_first|MiniMax-M2.7", "queue_rank": 59, "call_type": "selector_explain_first", "target_act": "probing", "ok": true, "error": ""}
{"request_id": "two-stage-v1|scaffolding-756|selector_explain_first|MiniMax-M2.7", "queue_rank": 52, "call_type": "selector_explain_first", "target_act": "telling", "ok": true, "error": ""}
{"request_id": "two-stage-v1|scaffolding-309|single_pass_adaptive|MiniMax-M2.7", "queue_rank": 62, "call_type": "single_pass_adaptive", "target_act": "probing", "ok": true, "error": ""}
{"request_id": "two-stage-v1|scaffolding-176|selector_ask_first|MiniMax-M2.7", "queue_rank": 60, "call_type": "selector_ask_first", "target_act": "telling", "ok": true, "error": ""}
{"request_id": "two-stage-v1|scaffolding-266|selector_explain_first|MiniMax-M2.7", "queue_rank": 61, "call_type": "selector_explain_first", "target_act": "probing", "ok": true, "error": ""}
{"request_id": "two-stage-v1|scaffolding-148|explain_executor|MiniMax-M2.7", "queue_rank": 65, "call_type": "explain_executor", "target_act": "probing", "ok": true, "error": ""}
{"request_id": "two-stage-v1|scaffolding-769|selector_ask_first|MiniMax-M2.7", "queue_rank": 66, "call_type": "selector_ask_first", "target_act": "probing", "ok": true, "error": ""}
{"request_id": "two-stage-v1|scaffolding-57|single_pass_adaptive|MiniMax-M2.7", "queue_rank": 63, "call_type": "single_pass_adaptive", "target_act": "telling", "ok": true, "error": ""}
{"request_id": "two-stage-v1|scaffolding-11|selector_explain_first|MiniMax-M2.7", "queue_rank": 69, "call_type": "selector_explain_first", "target_act": "telling", "ok": true, "error": ""}
{"request_id": "two-stage-v1|scaffolding-307|ask_executor|MiniMax-M2.7", "queue_rank": 64, "call_type": "ask_executor", "target_act": "probing", "ok": true, "error": ""}
{"request_id": "two-stage-v1|scaffolding-793|selector_ask_first|MiniMax-M2.7", "queue_rank": 71, "call_type": "selector_ask_first", "target_act": "telling", "ok": true, "error": ""}
{"request_id": "two-stage-v1|scaffolding-55|explain_executor|MiniMax-M2.7", "queue_rank": 68, "call_type": "explain_executor", "target_act": "telling", "ok": true, "error": ""}
{"request_id": "two-stage-v1|scaffolding-57|selector_explain_first|MiniMax-M2.7", "queue_rank": 70, "call_type": "selector_explain_first", "target_act": "telling", "ok": true, "error": ""}
{"request_id": "two-stage-v1|scaffolding-193|selector_ask_first|MiniMax-M2.7", "queue_rank": 72, "call_type": "selector_ask_first", "target_act": "probing", "ok": true, "error": ""}
{"request_id": "two-stage-v1|scaffolding-309|selector_explain_first|MiniMax-M2.7", "queue_rank": 75, "call_type": "selector_explain_first", "target_act": "probing", "ok": true, "error": ""}
{"request_id": "two-stage-v1|scaffolding-835|explain_executor|MiniMax-M2.7", "queue_rank": 74, "call_type": "explain_executor", "target_act": "probing", "ok": true, "error": ""}
{"request_id": "two-stage-v1|scaffolding-704|single_pass_adaptive|MiniMax-M2.7", "queue_rank": 76, "call_type": "single_pass_adaptive", "target_act": "probing", "ok": true, "error": ""}
{"request_id": "two-stage-v1|scaffolding-446|ask_executor|MiniMax-M2.7", "queue_rank": 78, "call_type": "ask_executor", "target_act": "probing", "ok": true, "error": ""}
{"request_id": "two-stage-v1|scaffolding-324|explain_executor|MiniMax-M2.7", "queue_rank": 77, "call_type": "explain_executor", "target_act": "telling", "ok": true, "error": ""}
{"request_id": "two-stage-v1|scaffolding-968|ask_executor|MiniMax-M2.7", "queue_rank": 73, "call_type": "ask_executor", "target_act": "telling", "ok": true, "error": ""}
{"request_id": "two-stage-v1|scaffolding-307|explain_executor|MiniMax-M2.7", "queue_rank": 80, "call_type": "explain_executor", "target_act": "probing", "ok": true, "error": ""}
{"request_id": "two-stage-v1|scaffolding-1085|single_pass_adaptive|MiniMax-M2.7", "queue_rank": 79, "call_type": "single_pass_adaptive", "target_act": "telling", "ok": true, "error": ""}
{"request_id": "two-stage-v1|scaffolding-500|selector_explain_first|MiniMax-M2.7", "queue_rank": 82, "call_type": "selector_explain_first", "target_act": "telling", "ok": true, "error": ""}
{"request_id": "two-stage-v1|scaffolding-704|selector_explain_first|MiniMax-M2.7", "queue_rank": 83, "call_type": "selector_explain_first", "target_act": "probing", "ok": true, "error": ""}
{"request_id": "two-stage-v1|scaffolding-722|selector_ask_first|MiniMax-M2.7", "queue_rank": 85, "call_type": "selector_ask_first", "target_act": "telling", "ok": true, "error": ""}
{"request_id": "two-stage-v1|scaffolding-719|explain_executor|MiniMax-M2.7", "queue_rank": 84, "call_type": "explain_executor", "target_act": "telling", "ok": true, "error": ""}
{"request_id": "two-stage-v1|scaffolding-953|ask_executor|MiniMax-M2.7", "queue_rank": 86, "call_type": "ask_executor", "target_act": "probing", "ok": true, "error": ""}
{"request_id": "two-stage-v1|scaffolding-721|ask_executor|MiniMax-M2.7", "queue_rank": 87, "call_type": "ask_executor", "target_act": "telling", "ok": true, "error": ""}
{"request_id": "two-stage-v1|scaffolding-879|single_pass_adaptive|MiniMax-M2.7", "queue_rank": 88, "call_type": "single_pass_adaptive", "target_act": "probing", "ok": true, "error": ""}
{"request_id": "two-stage-v1|scaffolding-500|ask_executor|MiniMax-M2.7", "queue_rank": 67, "call_type": "ask_executor", "target_act": "telling", "ok": true, "error": ""}
{"request_id": "two-stage-v1|scaffolding-703|selector_ask_first|MiniMax-M2.7", "queue_rank": 89, "call_type": "selector_ask_first", "target_act": "probing", "ok": true, "error": ""}
{"request_id": "two-stage-v1|scaffolding-55|single_pass_adaptive|MiniMax-M2.7", "queue_rank": 90, "call_type": "single_pass_adaptive", "target_act": "telling", "ok": true, "error": ""}
{"request_id": "two-stage-v1|scaffolding-57|ask_executor|MiniMax-M2.7", "queue_rank": 92, "call_type": "ask_executor", "target_act": "telling", "ok": true, "error": ""}
{"request_id": "two-stage-v1|scaffolding-602|selector_ask_first|MiniMax-M2.7", "queue_rank": 93, "call_type": "selector_ask_first", "target_act": "probing", "ok": true, "error": ""}
{"request_id": "two-stage-v1|scaffolding-137|single_pass_adaptive|MiniMax-M2.7", "queue_rank": 95, "call_type": "single_pass_adaptive", "target_act": "probing", "ok": true, "error": ""}
{"request_id": "two-stage-v1|scaffolding-685|selector_explain_first|MiniMax-M2.7", "queue_rank": 94, "call_type": "selector_explain_first", "target_act": "telling", "ok": true, "error": ""}
{"request_id": "two-stage-v1|scaffolding-251|ask_executor|MiniMax-M2.7", "queue_rank": 96, "call_type": "ask_executor", "target_act": "probing", "ok": true, "error": ""}
{"request_id": "two-stage-v1|scaffolding-909|explain_executor|MiniMax-M2.7", "queue_rank": 97, "call_type": "explain_executor", "target_act": "telling", "ok": true, "error": ""}
{"request_id": "two-stage-v1|scaffolding-251|explain_executor|MiniMax-M2.7", "queue_rank": 91, "call_type": "explain_executor", "target_act": "probing", "ok": true, "error": ""}
{"request_id": "two-stage-v1|scaffolding-124|selector_explain_first|MiniMax-M2.7", "queue_rank": 98, "call_type": "selector_explain_first", "target_act": "probing", "ok": true, "error": ""}
{"request_id": "two-stage-v1|scaffolding-216|selector_ask_first|MiniMax-M2.7", "queue_rank": 99, "call_type": "selector_ask_first", "target_act": "telling", "ok": true, "error": ""}
{"request_id": "two-stage-v1|scaffolding-800|selector_explain_first|MiniMax-M2.7", "queue_rank": 100, "call_type": "selector_explain_first", "target_act": "telling", "ok": true, "error": ""}
{"request_id": "two-stage-v1|scaffolding-715|selector_explain_first|MiniMax-M2.7", "queue_rank": 101, "call_type": "selector_explain_first", "target_act": "probing", "ok": true, "error": ""}
{"request_id": "two-stage-v1|scaffolding-640|ask_executor|MiniMax-M2.7", "queue_rank": 103, "call_type": "ask_executor", "target_act": "telling", "ok": true, "error": ""}
{"request_id": "two-stage-v1|scaffolding-7|single_pass_adaptive|MiniMax-M2.7", "queue_rank": 104, "call_type": "single_pass_adaptive", "target_act": "telling", "ok": true, "error": ""}
{"request_id": "two-stage-v1|scaffolding-74|explain_executor|MiniMax-M2.7", "queue_rank": 105, "call_type": "explain_executor", "target_act": "probing", "ok": true, "error": ""}
{"request_id": "two-stage-v1|scaffolding-157|ask_executor|MiniMax-M2.7", "queue_rank": 106, "call_type": "ask_executor", "target_act": "probing", "ok": true, "error": ""}
{"request_id": "two-stage-v1|scaffolding-769|single_pass_adaptive|MiniMax-M2.7", "queue_rank": 107, "call_type": "single_pass_adaptive", "target_act": "probing", "ok": true, "error": ""}
{"request_id": "two-stage-v1|scaffolding-915|explain_executor|MiniMax-M2.7", "queue_rank": 102, "call_type": "explain_executor", "target_act": "telling", "ok": true, "error": ""}
{"request_id": "two-stage-v1|scaffolding-686|selector_ask_first|MiniMax-M2.7", "queue_rank": 109, "call_type": "selector_ask_first", "target_act": "telling", "ok": true, "error": ""}
{"request_id": "two-stage-v1|scaffolding-268|selector_ask_first|MiniMax-M2.7", "queue_rank": 108, "call_type": "selector_ask_first", "target_act": "probing", "ok": true, "error": ""}
{"request_id": "two-stage-v1|scaffolding-780|selector_explain_first|MiniMax-M2.7", "queue_rank": 110, "call_type": "selector_explain_first", "target_act": "probing", "ok": true, "error": ""}
{"request_id": "two-stage-v1|scaffolding-953|explain_executor|MiniMax-M2.7", "queue_rank": 112, "call_type": "explain_executor", "target_act": "probing", "ok": true, "error": ""}
{"request_id": "two-stage-v1|scaffolding-729|single_pass_adaptive|MiniMax-M2.7", "queue_rank": 111, "call_type": "single_pass_adaptive", "target_act": "probing", "ok": true, "error": ""}
{"request_id": "two-stage-v1|scaffolding-338|ask_executor|MiniMax-M2.7", "queue_rank": 113, "call_type": "ask_executor", "target_act": "probing", "ok": true, "error": ""}
{"request_id": "two-stage-v1|scaffolding-2|single_pass_adaptive|MiniMax-M2.7", "queue_rank": 115, "call_type": "single_pass_adaptive", "target_act": "telling", "ok": true, "error": ""}
{"request_id": "two-stage-v1|scaffolding-800|selector_ask_first|MiniMax-M2.7", "queue_rank": 114, "call_type": "selector_ask_first", "target_act": "telling", "ok": true, "error": ""}
{"request_id": "two-stage-v1|scaffolding-266|selector_ask_first|MiniMax-M2.7", "queue_rank": 116, "call_type": "selector_ask_first", "target_act": "probing", "ok": true, "error": ""}
{"request_id": "two-stage-v1|scaffolding-719|ask_executor|MiniMax-M2.7", "queue_rank": 117, "call_type": "ask_executor", "target_act": "telling", "ok": true, "error": ""}
{"request_id": "two-stage-v1|scaffolding-176|selector_explain_first|MiniMax-M2.7", "queue_rank": 119, "call_type": "selector_explain_first", "target_act": "telling", "ok": true, "error": ""}
{"request_id": "two-stage-v1|scaffolding-774|selector_explain_first|MiniMax-M2.7", "queue_rank": 120, "call_type": "selector_explain_first", "target_act": "probing", "ok": true, "error": ""}
{"request_id": "two-stage-v1|scaffolding-758|explain_executor|MiniMax-M2.7", "queue_rank": 118, "call_type": "explain_executor", "target_act": "telling", "ok": true, "error": ""}
{"request_id": "two-stage-v1|scaffolding-146|explain_executor|MiniMax-M2.7", "queue_rank": 122, "call_type": "explain_executor", "target_act": "probing", "ok": true, "error": ""}
{"request_id": "two-stage-v1|scaffolding-9|selector_explain_first|MiniMax-M2.7", "queue_rank": 123, "call_type": "selector_explain_first", "target_act": "telling", "ok": true, "error": ""}
{"request_id": "two-stage-v1|scaffolding-835|ask_executor|MiniMax-M2.7", "queue_rank": 121, "call_type": "ask_executor", "target_act": "probing", "ok": true, "error": ""}
{"request_id": "two-stage-v1|scaffolding-974|single_pass_adaptive|MiniMax-M2.7", "queue_rank": 125, "call_type": "single_pass_adaptive", "target_act": "telling", "ok": true, "error": ""}
{"request_id": "two-stage-v1|scaffolding-9|selector_ask_first|MiniMax-M2.7", "queue_rank": 127, "call_type": "selector_ask_first", "target_act": "telling", "ok": true, "error": ""}
{"request_id": "two-stage-v1|scaffolding-99|explain_executor|MiniMax-M2.7", "queue_rank": 126, "call_type": "explain_executor", "target_act": "telling", "ok": true, "error": ""}
{"request_id": "two-stage-v1|scaffolding-799|ask_executor|MiniMax-M2.7", "queue_rank": 128, "call_type": "ask_executor", "target_act": "telling", "ok": true, "error": ""}
{"request_id": "two-stage-v1|scaffolding-749|ask_executor|MiniMax-M2.7", "queue_rank": 130, "call_type": "ask_executor", "target_act": "probing", "ok": true, "error": ""}
{"request_id": "two-stage-v1|scaffolding-835|selector_ask_first|MiniMax-M2.7", "queue_rank": 129, "call_type": "selector_ask_first", "target_act": "probing", "ok": true, "error": ""}
{"request_id": "two-stage-v1|scaffolding-47|ask_executor|MiniMax-M2.7", "queue_rank": 132, "call_type": "ask_executor", "target_act": "telling", "ok": true, "error": ""}
{"request_id": "two-stage-v1|scaffolding-157|explain_executor|MiniMax-M2.7", "queue_rank": 133, "call_type": "explain_executor", "target_act": "probing", "ok": true, "error": ""}
{"request_id": "two-stage-v1|scaffolding-756|explain_executor|MiniMax-M2.7", "queue_rank": 131, "call_type": "explain_executor", "target_act": "telling", "ok": true, "error": ""}
{"request_id": "two-stage-v1|scaffolding-481|single_pass_adaptive|MiniMax-M2.7", "queue_rank": 124, "call_type": "single_pass_adaptive", "target_act": "probing", "ok": true, "error": ""}
{"request_id": "two-stage-v1|scaffolding-729|selector_ask_first|MiniMax-M2.7", "queue_rank": 134, "call_type": "selector_ask_first", "target_act": "probing", "ok": true, "error": ""}
{"request_id": "two-stage-v1|scaffolding-47|single_pass_adaptive|MiniMax-M2.7", "queue_rank": 135, "call_type": "single_pass_adaptive", "target_act": "telling", "ok": true, "error": ""}
{"request_id": "two-stage-v1|scaffolding-123|selector_explain_first|MiniMax-M2.7", "queue_rank": 138, "call_type": "selector_explain_first", "target_act": "telling", "ok": true, "error": ""}
{"request_id": "two-stage-v1|scaffolding-879|selector_explain_first|MiniMax-M2.7", "queue_rank": 139, "call_type": "selector_explain_first", "target_act": "probing", "ok": true, "error": ""}
{"request_id": "two-stage-v1|scaffolding-915|selector_ask_first|MiniMax-M2.7", "queue_rank": 137, "call_type": "selector_ask_first", "target_act": "telling", "ok": true, "error": ""}
{"request_id": "two-stage-v1|scaffolding-774|single_pass_adaptive|MiniMax-M2.7", "queue_rank": 141, "call_type": "single_pass_adaptive", "target_act": "probing", "ok": true, "error": ""}
{"request_id": "two-stage-v1|scaffolding-137|explain_executor|MiniMax-M2.7", "queue_rank": 140, "call_type": "explain_executor", "target_act": "probing", "ok": true, "error": ""}
{"request_id": "two-stage-v1|scaffolding-769|selector_explain_first|MiniMax-M2.7", "queue_rank": 142, "call_type": "selector_explain_first", "target_act": "probing", "ok": true, "error": ""}
{"request_id": "two-stage-v1|scaffolding-640|selector_ask_first|MiniMax-M2.7", "queue_rank": 144, "call_type": "selector_ask_first", "target_act": "telling", "ok": true, "error": ""}
{"request_id": "two-stage-v1|scaffolding-451|single_pass_adaptive|MiniMax-M2.7", "queue_rank": 136, "call_type": "single_pass_adaptive", "target_act": "probing", "ok": true, "error": ""}
{"request_id": "two-stage-v1|scaffolding-491|ask_executor|MiniMax-M2.7", "queue_rank": 145, "call_type": "ask_executor", "target_act": "probing", "ok": true, "error": ""}
{"request_id": "two-stage-v1|scaffolding-974|selector_explain_first|MiniMax-M2.7", "queue_rank": 146, "call_type": "selector_explain_first", "target_act": "telling", "ok": true, "error": ""}
{"request_id": "two-stage-v1|scaffolding-176|single_pass_adaptive|MiniMax-M2.7", "queue_rank": 147, "call_type": "single_pass_adaptive", "target_act": "telling", "ok": true, "error": ""}
{"request_id": "two-stage-v1|scaffolding-686|explain_executor|MiniMax-M2.7", "queue_rank": 149, "call_type": "explain_executor", "target_act": "telling", "ok": true, "error": ""}
{"request_id": "two-stage-v1|scaffolding-309|selector_ask_first|MiniMax-M2.7", "queue_rank": 143, "call_type": "selector_ask_first", "target_act": "probing", "ok": true, "error": ""}
{"request_id": "two-stage-v1|scaffolding-8|ask_executor|MiniMax-M2.7", "queue_rank": 150, "call_type": "ask_executor", "target_act": "telling", "ok": true, "error": ""}
{"request_id": "two-stage-v1|scaffolding-758|ask_executor|MiniMax-M2.7", "queue_rank": 148, "call_type": "ask_executor", "target_act": "telling", "ok": true, "error": ""}
{"request_id": "two-stage-v1|scaffolding-123|selector_ask_first|MiniMax-M2.7", "queue_rank": 151, "call_type": "selector_ask_first", "target_act": "telling", "ok": true, "error": ""}
{"request_id": "two-stage-v1|scaffolding-749|single_pass_adaptive|MiniMax-M2.7", "queue_rank": 152, "call_type": "single_pass_adaptive", "target_act": "probing", "ok": true, "error": ""}
{"request_id": "two-stage-v1|scaffolding-619|selector_explain_first|MiniMax-M2.7", "queue_rank": 153, "call_type": "selector_explain_first", "target_act": "probing", "ok": true, "error": ""}
{"request_id": "two-stage-v1|scaffolding-755|single_pass_adaptive|MiniMax-M2.7", "queue_rank": 154, "call_type": "single_pass_adaptive", "target_act": "telling", "ok": true, "error": ""}
{"request_id": "two-stage-v1|scaffolding-363|selector_ask_first|MiniMax-M2.7", "queue_rank": 156, "call_type": "selector_ask_first", "target_act": "probing", "ok": true, "error": ""}
{"request_id": "two-stage-v1|scaffolding-640|explain_executor|MiniMax-M2.7", "queue_rank": 158, "call_type": "explain_executor", "target_act": "telling", "ok": true, "error": ""}
{"request_id": "two-stage-v1|scaffolding-686|selector_explain_first|MiniMax-M2.7", "queue_rank": 155, "call_type": "selector_explain_first", "target_act": "telling", "ok": true, "error": ""}
{"request_id": "two-stage-v1|scaffolding-266|explain_executor|MiniMax-M2.7", "queue_rank": 157, "call_type": "explain_executor", "target_act": "probing", "ok": true, "error": ""}
{"request_id": "two-stage-v1|scaffolding-845|single_pass_adaptive|MiniMax-M2.7", "queue_rank": 161, "call_type": "single_pass_adaptive", "target_act": "telling", "ok": true, "error": ""}
{"request_id": "two-stage-v1|scaffolding-177|ask_executor|MiniMax-M2.7", "queue_rank": 160, "call_type": "ask_executor", "target_act": "telling", "ok": true, "error": ""}
{"request_id": "two-stage-v1|scaffolding-232|ask_executor|MiniMax-M2.7", "queue_rank": 159, "call_type": "ask_executor", "target_act": "probing", "ok": true, "error": ""}
{"request_id": "two-stage-v1|scaffolding-477|selector_ask_first|MiniMax-M2.7", "queue_rank": 163, "call_type": "selector_ask_first", "target_act": "probing", "ok": true, "error": ""}
{"request_id": "two-stage-v1|scaffolding-216|selector_explain_first|MiniMax-M2.7", "queue_rank": 162, "call_type": "selector_explain_first", "target_act": "telling", "ok": true, "error": ""}
{"request_id": "two-stage-v1|scaffolding-74|ask_executor|MiniMax-M2.7", "queue_rank": 165, "call_type": "ask_executor", "target_act": "probing", "ok": true, "error": ""}
{"request_id": "two-stage-v1|scaffolding-240|explain_executor|MiniMax-M2.7", "queue_rank": 164, "call_type": "explain_executor", "target_act": "probing", "ok": true, "error": ""}
{"request_id": "two-stage-v1|scaffolding-157|selector_explain_first|MiniMax-M2.7", "queue_rank": 168, "call_type": "selector_explain_first", "target_act": "probing", "ok": true, "error": ""}
{"request_id": "two-stage-v1|scaffolding-685|selector_ask_first|MiniMax-M2.7", "queue_rank": 167, "call_type": "selector_ask_first", "target_act": "telling", "ok": true, "error": ""}
{"request_id": "two-stage-v1|scaffolding-363|single_pass_adaptive|MiniMax-M2.7", "queue_rank": 166, "call_type": "single_pass_adaptive", "target_act": "probing", "ok": true, "error": ""}
{"request_id": "two-stage-v1|scaffolding-47|explain_executor|MiniMax-M2.7", "queue_rank": 169, "call_type": "explain_executor", "target_act": "telling", "ok": true, "error": ""}
{"request_id": "two-stage-v1|scaffolding-74|selector_ask_first|MiniMax-M2.7", "queue_rank": 172, "call_type": "selector_ask_first", "target_act": "probing", "ok": true, "error": ""}
{"request_id": "two-stage-v1|scaffolding-719|selector_ask_first|MiniMax-M2.7", "queue_rank": 171, "call_type": "selector_ask_first", "target_act": "telling", "ok": true, "error": ""}
{"request_id": "two-stage-v1|scaffolding-324|single_pass_adaptive|MiniMax-M2.7", "queue_rank": 170, "call_type": "single_pass_adaptive", "target_act": "telling", "ok": true, "error": ""}
{"request_id": "two-stage-v1|scaffolding-589|ask_executor|MiniMax-M2.7", "queue_rank": 173, "call_type": "ask_executor", "target_act": "probing", "ok": true, "error": ""}
{"request_id": "two-stage-v1|scaffolding-698|selector_explain_first|MiniMax-M2.7", "queue_rank": 174, "call_type": "selector_explain_first", "target_act": "telling", "ok": true, "error": ""}
{"request_id": "two-stage-v1|scaffolding-148|single_pass_adaptive|MiniMax-M2.7", "queue_rank": 175, "call_type": "single_pass_adaptive", "target_act": "probing", "ok": true, "error": ""}
{"request_id": "two-stage-v1|scaffolding-11|explain_executor|MiniMax-M2.7", "queue_rank": 177, "call_type": "explain_executor", "target_act": "telling", "ok": true, "error": ""}
{"request_id": "two-stage-v1|scaffolding-804|explain_executor|MiniMax-M2.7", "queue_rank": 178, "call_type": "explain_executor", "target_act": "probing", "ok": true, "error": ""}
{"request_id": "two-stage-v1|scaffolding-760|selector_ask_first|MiniMax-M2.7", "queue_rank": 180, "call_type": "selector_ask_first", "target_act": "telling", "ok": true, "error": ""}
{"request_id": "two-stage-v1|scaffolding-99|ask_executor|MiniMax-M2.7", "queue_rank": 179, "call_type": "ask_executor", "target_act": "telling", "ok": true, "error": ""}
{"request_id": "two-stage-v1|scaffolding-845|selector_explain_first|MiniMax-M2.7", "queue_rank": 181, "call_type": "selector_explain_first", "target_act": "telling", "ok": true, "error": ""}
{"request_id": "two-stage-v1|scaffolding-322|explain_executor|MiniMax-M2.7", "queue_rank": 183, "call_type": "explain_executor", "target_act": "telling", "ok": true, "error": ""}
{"request_id": "two-stage-v1|scaffolding-804|selector_explain_first|MiniMax-M2.7", "queue_rank": 182, "call_type": "selector_explain_first", "target_act": "probing", "ok": true, "error": ""}
{"request_id": "two-stage-v1|scaffolding-448|selector_explain_first|MiniMax-M2.7", "queue_rank": 176, "call_type": "selector_explain_first", "target_act": "probing", "ok": true, "error": ""}
{"request_id": "two-stage-v1|scaffolding-99|single_pass_adaptive|MiniMax-M2.7", "queue_rank": 185, "call_type": "single_pass_adaptive", "target_act": "telling", "ok": true, "error": ""}
{"request_id": "two-stage-v1|scaffolding-309|explain_executor|MiniMax-M2.7", "queue_rank": 184, "call_type": "explain_executor", "target_act": "probing", "ok": true, "error": ""}
{"request_id": "two-stage-v1|scaffolding-722|ask_executor|MiniMax-M2.7", "queue_rank": 186, "call_type": "ask_executor", "target_act": "telling", "ok": true, "error": ""}
{"request_id": "two-stage-v1|scaffolding-268|single_pass_adaptive|MiniMax-M2.7", "queue_rank": 187, "call_type": "single_pass_adaptive", "target_act": "probing", "ok": true, "error": ""}
{"request_id": "two-stage-v1|scaffolding-146|selector_ask_first|MiniMax-M2.7", "queue_rank": 188, "call_type": "selector_ask_first", "target_act": "probing", "ok": true, "error": ""}
{"request_id": "two-stage-v1|scaffolding-756|single_pass_adaptive|MiniMax-M2.7", "queue_rank": 190, "call_type": "single_pass_adaptive", "target_act": "telling", "ok": true, "error": ""}
{"request_id": "two-stage-v1|scaffolding-804|ask_executor|MiniMax-M2.7", "queue_rank": 189, "call_type": "ask_executor", "target_act": "probing", "ok": true, "error": ""}
{"request_id": "two-stage-v1|scaffolding-453|ask_executor|MiniMax-M2.7", "queue_rank": 192, "call_type": "ask_executor", "target_act": "probing", "ok": true, "error": ""}
{"request_id": "two-stage-v1|scaffolding-491|explain_executor|MiniMax-M2.7", "queue_rank": 191, "call_type": "explain_executor", "target_act": "probing", "ok": true, "error": ""}
{"request_id": "two-stage-v1|scaffolding-719|selector_explain_first|MiniMax-M2.7", "queue_rank": 194, "call_type": "selector_explain_first", "target_act": "telling", "ok": true, "error": ""}
{"request_id": "two-stage-v1|scaffolding-610|selector_ask_first|MiniMax-M2.7", "queue_rank": 195, "call_type": "selector_ask_first", "target_act": "probing", "ok": true, "error": ""}
{"request_id": "two-stage-v1|scaffolding-909|selector_ask_first|MiniMax-M2.7", "queue_rank": 197, "call_type": "selector_ask_first", "target_act": "telling", "ok": true, "error": ""}
{"request_id": "two-stage-v1|scaffolding-698|ask_executor|MiniMax-M2.7", "queue_rank": 198, "call_type": "ask_executor", "target_act": "telling", "ok": true, "error": ""}
{"request_id": "two-stage-v1|scaffolding-121|selector_explain_first|MiniMax-M2.7", "queue_rank": 193, "call_type": "selector_explain_first", "target_act": "probing", "ok": true, "error": ""}
{"request_id": "two-stage-v1|scaffolding-177|explain_executor|MiniMax-M2.7", "queue_rank": 196, "call_type": "explain_executor", "target_act": "telling", "ok": true, "error": ""}
{"request_id": "two-stage-v1|scaffolding-240|single_pass_adaptive|MiniMax-M2.7", "queue_rank": 199, "call_type": "single_pass_adaptive", "target_act": "probing", "ok": true, "error": ""}
{"request_id": "two-stage-v1|scaffolding-477|selector_explain_first|MiniMax-M2.7", "queue_rank": 200, "call_type": "selector_explain_first", "target_act": "probing", "ok": true, "error": ""}
{"request_id": "two-stage-v1|scaffolding-703|single_pass_adaptive|MiniMax-M2.7", "queue_rank": 201, "call_type": "single_pass_adaptive", "target_act": "probing", "ok": true, "error": ""}
{"request_id": "two-stage-v1|scaffolding-793|selector_explain_first|MiniMax-M2.7", "queue_rank": 203, "call_type": "selector_explain_first", "target_act": "telling", "ok": true, "error": ""}
{"request_id": "two-stage-v1|scaffolding-721|selector_ask_first|MiniMax-M2.7", "queue_rank": 204, "call_type": "selector_ask_first", "target_act": "telling", "ok": true, "error": ""}
{"request_id": "two-stage-v1|scaffolding-755|ask_executor|MiniMax-M2.7", "queue_rank": 205, "call_type": "ask_executor", "target_act": "telling", "ok": true, "error": ""}
{"request_id": "two-stage-v1|scaffolding-232|selector_ask_first|MiniMax-M2.7", "queue_rank": 202, "call_type": "selector_ask_first", "target_act": "probing", "ok": true, "error": ""}
{"request_id": "two-stage-v1|scaffolding-524|explain_executor|MiniMax-M2.7", "queue_rank": 207, "call_type": "explain_executor", "target_act": "telling", "ok": true, "error": ""}
{"request_id": "two-stage-v1|scaffolding-268|ask_executor|MiniMax-M2.7", "queue_rank": 209, "call_type": "ask_executor", "target_act": "probing", "ok": true, "error": ""}
{"request_id": "two-stage-v1|scaffolding-477|explain_executor|MiniMax-M2.7", "queue_rank": 208, "call_type": "explain_executor", "target_act": "probing", "ok": true, "error": ""}
{"request_id": "two-stage-v1|scaffolding-804|single_pass_adaptive|MiniMax-M2.7", "queue_rank": 210, "call_type": "single_pass_adaptive", "target_act": "probing", "ok": true, "error": ""}
{"request_id": "two-stage-v1|scaffolding-7|explain_executor|MiniMax-M2.7", "queue_rank": 211, "call_type": "explain_executor", "target_act": "telling", "ok": true, "error": ""}
{"request_id": "two-stage-v1|scaffolding-991|explain_executor|MiniMax-M2.7", "queue_rank": 213, "call_type": "explain_executor", "target_act": "probing", "ok": true, "error": ""}
{"request_id": "two-stage-v1|scaffolding-324|ask_executor|MiniMax-M2.7", "queue_rank": 212, "call_type": "ask_executor", "target_act": "telling", "ok": true, "error": ""}
{"request_id": "two-stage-v1|scaffolding-903|selector_explain_first|MiniMax-M2.7", "queue_rank": 215, "call_type": "selector_explain_first", "target_act": "probing", "ok": true, "error": ""}
{"request_id": "two-stage-v1|scaffolding-177|single_pass_adaptive|MiniMax-M2.7", "queue_rank": 216, "call_type": "single_pass_adaptive", "target_act": "telling", "ok": true, "error": ""}
{"request_id": "two-stage-v1|scaffolding-324|selector_ask_first|MiniMax-M2.7", "queue_rank": 214, "call_type": "selector_ask_first", "target_act": "telling", "ok": true, "error": ""}
{"request_id": "two-stage-v1|scaffolding-780|ask_executor|MiniMax-M2.7", "queue_rank": 217, "call_type": "ask_executor", "target_act": "probing", "ok": true, "error": ""}
{"request_id": "two-stage-v1|scaffolding-915|selector_explain_first|MiniMax-M2.7", "queue_rank": 218, "call_type": "selector_explain_first", "target_act": "telling", "ok": true, "error": ""}
{"request_id": "two-stage-v1|scaffolding-801|single_pass_adaptive|MiniMax-M2.7", "queue_rank": 220, "call_type": "single_pass_adaptive", "target_act": "telling", "ok": true, "error": ""}
{"request_id": "two-stage-v1|scaffolding-451|selector_ask_first|MiniMax-M2.7", "queue_rank": 219, "call_type": "selector_ask_first", "target_act": "probing", "ok": true, "error": ""}
{"request_id": "two-stage-v1|scaffolding-619|ask_executor|MiniMax-M2.7", "queue_rank": 222, "call_type": "ask_executor", "target_act": "probing", "ok": true, "error": ""}
{"request_id": "two-stage-v1|scaffolding-137|selector_explain_first|MiniMax-M2.7", "queue_rank": 221, "call_type": "selector_explain_first", "target_act": "probing", "ok": true, "error": ""}
{"request_id": "two-stage-v1|scaffolding-974|ask_executor|MiniMax-M2.7", "queue_rank": 224, "call_type": "ask_executor", "target_act": "telling", "ok": true, "error": ""}
{"request_id": "two-stage-v1|scaffolding-55|selector_explain_first|MiniMax-M2.7", "queue_rank": 225, "call_type": "selector_explain_first", "target_act": "telling", "ok": true, "error": ""}
{"request_id": "two-stage-v1|scaffolding-268|explain_executor|MiniMax-M2.7", "queue_rank": 223, "call_type": "explain_executor", "target_act": "probing", "ok": true, "error": ""}
{"request_id": "two-stage-v1|scaffolding-8|explain_executor|MiniMax-M2.7", "queue_rank": 226, "call_type": "explain_executor", "target_act": "telling", "ok": true, "error": ""}
{"request_id": "two-stage-v1|scaffolding-903|selector_ask_first|MiniMax-M2.7", "queue_rank": 228, "call_type": "selector_ask_first", "target_act": "probing", "ok": true, "error": ""}
{"request_id": "two-stage-v1|scaffolding-968|single_pass_adaptive|MiniMax-M2.7", "queue_rank": 206, "call_type": "single_pass_adaptive", "target_act": "telling", "ok": true, "error": ""}
{"request_id": "two-stage-v1|scaffolding-193|single_pass_adaptive|MiniMax-M2.7", "queue_rank": 227, "call_type": "single_pass_adaptive", "target_act": "probing", "ok": true, "error": ""}
{"request_id": "two-stage-v1|scaffolding-1085|selector_ask_first|MiniMax-M2.7", "queue_rank": 229, "call_type": "selector_ask_first", "target_act": "telling", "ok": true, "error": ""}
{"request_id": "two-stage-v1|scaffolding-879|explain_executor|MiniMax-M2.7", "queue_rank": 231, "call_type": "explain_executor", "target_act": "probing", "ok": true, "error": ""}
{"request_id": "two-stage-v1|scaffolding-974|explain_executor|MiniMax-M2.7", "queue_rank": 232, "call_type": "explain_executor", "target_act": "telling", "ok": true, "error": ""}
{"request_id": "two-stage-v1|scaffolding-919|selector_explain_first|MiniMax-M2.7", "queue_rank": 230, "call_type": "selector_explain_first", "target_act": "telling", "ok": true, "error": ""}
{"request_id": "two-stage-v1|scaffolding-577|selector_ask_first|MiniMax-M2.7", "queue_rank": 234, "call_type": "selector_ask_first", "target_act": "probing", "ok": true, "error": ""}
{"request_id": "two-stage-v1|scaffolding-2|selector_ask_first|MiniMax-M2.7", "queue_rank": 235, "call_type": "selector_ask_first", "target_act": "telling", "ok": true, "error": ""}
{"request_id": "two-stage-v1|scaffolding-74|selector_explain_first|MiniMax-M2.7", "queue_rank": 236, "call_type": "selector_explain_first", "target_act": "probing", "ok": true, "error": ""}
{"request_id": "two-stage-v1|scaffolding-678|ask_executor|MiniMax-M2.7", "queue_rank": 233, "call_type": "ask_executor", "target_act": "probing", "ok": true, "error": ""}
{"request_id": "two-stage-v1|scaffolding-953|single_pass_adaptive|MiniMax-M2.7", "queue_rank": 239, "call_type": "single_pass_adaptive", "target_act": "probing", "ok": true, "error": ""}
{"request_id": "two-stage-v1|scaffolding-169|explain_executor|MiniMax-M2.7", "queue_rank": 240, "call_type": "explain_executor", "target_act": "telling", "ok": true, "error": ""}
{"request_id": "two-stage-v1|scaffolding-685|ask_executor|MiniMax-M2.7", "queue_rank": 237, "call_type": "ask_executor", "target_act": "telling", "ok": true, "error": ""}
{"request_id": "two-stage-v1|scaffolding-216|single_pass_adaptive|MiniMax-M2.7", "queue_rank": 238, "call_type": "single_pass_adaptive", "target_act": "telling", "ok": true, "error": ""}
{"request_id": "two-stage-v1|scaffolding-9|single_pass_adaptive|MiniMax-M2.7", "queue_rank": 241, "call_type": "single_pass_adaptive", "target_act": "telling", "ok": true, "error": ""}
{"request_id": "two-stage-v1|scaffolding-491|single_pass_adaptive|MiniMax-M2.7", "queue_rank": 242, "call_type": "single_pass_adaptive", "target_act": "probing", "ok": true, "error": ""}
{"request_id": "two-stage-v1|scaffolding-123|ask_executor|MiniMax-M2.7", "queue_rank": 244, "call_type": "ask_executor", "target_act": "telling", "ok": true, "error": ""}
{"request_id": "two-stage-v1|scaffolding-678|explain_executor|MiniMax-M2.7", "queue_rank": 243, "call_type": "explain_executor", "target_act": "probing", "ok": true, "error": ""}
{"request_id": "two-stage-v1|scaffolding-991|selector_explain_first|MiniMax-M2.7", "queue_rank": 247, "call_type": "selector_explain_first", "target_act": "probing", "ok": true, "error": ""}
{"request_id": "two-stage-v1|scaffolding-755|selector_explain_first|MiniMax-M2.7", "queue_rank": 246, "call_type": "selector_explain_first", "target_act": "telling", "ok": true, "error": ""}
{"request_id": "two-stage-v1|scaffolding-148|selector_ask_first|MiniMax-M2.7", "queue_rank": 245, "call_type": "selector_ask_first", "target_act": "probing", "ok": true, "error": ""}
{"request_id": "two-stage-v1|scaffolding-991|ask_executor|MiniMax-M2.7", "queue_rank": 249, "call_type": "ask_executor", "target_act": "probing", "ok": true, "error": ""}
{"request_id": "two-stage-v1|scaffolding-524|selector_ask_first|MiniMax-M2.7", "queue_rank": 248, "call_type": "selector_ask_first", "target_act": "telling", "ok": true, "error": ""}
{"request_id": "two-stage-v1|scaffolding-715|explain_executor|MiniMax-M2.7", "queue_rank": 250, "call_type": "explain_executor", "target_act": "probing", "ok": true, "error": ""}
{"request_id": "two-stage-v1|scaffolding-7|selector_ask_first|MiniMax-M2.7", "queue_rank": 253, "call_type": "selector_ask_first", "target_act": "telling", "ok": true, "error": ""}
{"request_id": "two-stage-v1|scaffolding-919|single_pass_adaptive|MiniMax-M2.7", "queue_rank": 81, "call_type": "single_pass_adaptive", "target_act": "telling", "ok": true, "error": ""}
{"request_id": "two-stage-v1|scaffolding-909|ask_executor|MiniMax-M2.7", "queue_rank": 251, "call_type": "ask_executor", "target_act": "telling", "ok": true, "error": ""}
{"request_id": "two-stage-v1|scaffolding-685|single_pass_adaptive|MiniMax-M2.7", "queue_rank": 254, "call_type": "single_pass_adaptive", "target_act": "telling", "ok": true, "error": ""}
{"request_id": "two-stage-v1|scaffolding-610|single_pass_adaptive|MiniMax-M2.7", "queue_rank": 257, "call_type": "single_pass_adaptive", "target_act": "probing", "ok": true, "error": ""}
{"request_id": "two-stage-v1|scaffolding-196|selector_explain_first|MiniMax-M2.7", "queue_rank": 255, "call_type": "selector_explain_first", "target_act": "probing", "ok": true, "error": ""}
{"request_id": "two-stage-v1|scaffolding-121|selector_ask_first|MiniMax-M2.7", "queue_rank": 256, "call_type": "selector_ask_first", "target_act": "probing", "ok": true, "error": ""}
{"request_id": "two-stage-v1|scaffolding-879|ask_executor|MiniMax-M2.7", "queue_rank": 258, "call_type": "ask_executor", "target_act": "probing", "ok": true, "error": ""}
{"request_id": "two-stage-v1|scaffolding-56|selector_explain_first|MiniMax-M2.7", "queue_rank": 259, "call_type": "selector_explain_first", "target_act": "telling", "ok": true, "error": ""}
{"request_id": "two-stage-v1|scaffolding-921|selector_explain_first|MiniMax-M2.7", "queue_rank": 260, "call_type": "selector_explain_first", "target_act": "telling", "ok": true, "error": ""}
{"request_id": "two-stage-v1|scaffolding-8|single_pass_adaptive|MiniMax-M2.7", "queue_rank": 261, "call_type": "single_pass_adaptive", "target_act": "telling", "ok": true, "error": ""}
{"request_id": "two-stage-v1|scaffolding-919|explain_executor|MiniMax-M2.7", "queue_rank": 252, "call_type": "explain_executor", "target_act": "telling", "ok": true, "error": ""}
{"request_id": "two-stage-v1|scaffolding-8|selector_ask_first|MiniMax-M2.7", "queue_rank": 263, "call_type": "selector_ask_first", "target_act": "telling", "ok": true, "error": ""}
{"request_id": "two-stage-v1|scaffolding-193|selector_explain_first|MiniMax-M2.7", "queue_rank": 262, "call_type": "selector_explain_first", "target_act": "probing", "ok": true, "error": ""}
{"request_id": "two-stage-v1|scaffolding-760|explain_executor|MiniMax-M2.7", "queue_rank": 264, "call_type": "explain_executor", "target_act": "telling", "ok": true, "error": ""}
{"request_id": "two-stage-v1|scaffolding-749|explain_executor|MiniMax-M2.7", "queue_rank": 265, "call_type": "explain_executor", "target_act": "probing", "ok": true, "error": ""}
{"request_id": "two-stage-v1|scaffolding-774|selector_ask_first|MiniMax-M2.7", "queue_rank": 266, "call_type": "selector_ask_first", "target_act": "probing", "ok": true, "error": ""}
{"request_id": "two-stage-v1|scaffolding-736|ask_executor|MiniMax-M2.7", "queue_rank": 268, "call_type": "ask_executor", "target_act": "probing", "ok": true, "error": ""}
{"request_id": "two-stage-v1|scaffolding-55|ask_executor|MiniMax-M2.7", "queue_rank": 269, "call_type": "ask_executor", "target_act": "telling", "ok": true, "error": ""}
{"request_id": "two-stage-v1|scaffolding-338|selector_ask_first|MiniMax-M2.7", "queue_rank": 271, "call_type": "selector_ask_first", "target_act": "probing", "ok": true, "error": ""}
{"request_id": "two-stage-v1|scaffolding-919|selector_ask_first|MiniMax-M2.7", "queue_rank": 270, "call_type": "selector_ask_first", "target_act": "telling", "ok": true, "error": ""}
{"request_id": "two-stage-v1|scaffolding-124|single_pass_adaptive|MiniMax-M2.7", "queue_rank": 267, "call_type": "single_pass_adaptive", "target_act": "probing", "ok": true, "error": ""}
{"request_id": "two-stage-v1|scaffolding-640|single_pass_adaptive|MiniMax-M2.7", "queue_rank": 272, "call_type": "single_pass_adaptive", "target_act": "telling", "ok": true, "error": ""}
{"request_id": "two-stage-v1|scaffolding-232|selector_explain_first|MiniMax-M2.7", "queue_rank": 273, "call_type": "selector_explain_first", "target_act": "probing", "ok": true, "error": ""}
{"request_id": "two-stage-v1|scaffolding-9|ask_executor|MiniMax-M2.7", "queue_rank": 274, "call_type": "ask_executor", "target_act": "telling", "ok": true, "error": ""}
{"request_id": "two-stage-v1|scaffolding-7|selector_explain_first|MiniMax-M2.7", "queue_rank": 275, "call_type": "selector_explain_first", "target_act": "telling", "ok": true, "error": ""}
{"request_id": "two-stage-v1|scaffolding-448|explain_executor|MiniMax-M2.7", "queue_rank": 276, "call_type": "explain_executor", "target_act": "probing", "ok": true, "error": ""}
{"request_id": "two-stage-v1|scaffolding-619|single_pass_adaptive|MiniMax-M2.7", "queue_rank": 277, "call_type": "single_pass_adaptive", "target_act": "probing", "ok": true, "error": ""}
{"request_id": "two-stage-v1|scaffolding-619|explain_executor|MiniMax-M2.7", "queue_rank": 280, "call_type": "explain_executor", "target_act": "probing", "ok": true, "error": ""}
{"request_id": "two-stage-v1|scaffolding-169|selector_ask_first|MiniMax-M2.7", "queue_rank": 281, "call_type": "selector_ask_first", "target_act": "telling", "ok": true, "error": ""}
{"request_id": "two-stage-v1|scaffolding-15|explain_executor|MiniMax-M2.7", "queue_rank": 278, "call_type": "explain_executor", "target_act": "telling", "ok": true, "error": ""}
{"request_id": "two-stage-v1|scaffolding-268|selector_explain_first|MiniMax-M2.7", "queue_rank": 282, "call_type": "selector_explain_first", "target_act": "probing", "ok": true, "error": ""}
{"request_id": "two-stage-v1|scaffolding-363|ask_executor|MiniMax-M2.7", "queue_rank": 279, "call_type": "ask_executor", "target_act": "probing", "ok": true, "error": ""}
{"request_id": "two-stage-v1|scaffolding-193|ask_executor|MiniMax-M2.7", "queue_rank": 283, "call_type": "ask_executor", "target_act": "probing", "ok": true, "error": ""}
{"request_id": "two-stage-v1|scaffolding-736|selector_ask_first|MiniMax-M2.7", "queue_rank": 285, "call_type": "selector_ask_first", "target_act": "probing", "ok": true, "error": ""}
{"request_id": "two-stage-v1|scaffolding-216|explain_executor|MiniMax-M2.7", "queue_rank": 287, "call_type": "explain_executor", "target_act": "telling", "ok": true, "error": ""}
{"request_id": "two-stage-v1|scaffolding-60|ask_executor|MiniMax-M2.7", "queue_rank": 286, "call_type": "ask_executor", "target_act": "telling", "ok": true, "error": ""}
{"request_id": "two-stage-v1|scaffolding-177|selector_explain_first|MiniMax-M2.7", "queue_rank": 284, "call_type": "selector_explain_first", "target_act": "telling", "ok": true, "error": ""}
{"request_id": "two-stage-v1|scaffolding-678|single_pass_adaptive|MiniMax-M2.7", "queue_rank": 288, "call_type": "single_pass_adaptive", "target_act": "probing", "ok": true, "error": ""}
{"request_id": "two-stage-v1|scaffolding-12|single_pass_adaptive|MiniMax-M2.7", "queue_rank": 289, "call_type": "single_pass_adaptive", "target_act": "telling", "ok": true, "error": ""}
{"request_id": "two-stage-v1|scaffolding-715|single_pass_adaptive|MiniMax-M2.7", "queue_rank": 291, "call_type": "single_pass_adaptive", "target_act": "probing", "ok": true, "error": ""}
{"request_id": "two-stage-v1|scaffolding-524|selector_explain_first|MiniMax-M2.7", "queue_rank": 290, "call_type": "selector_explain_first", "target_act": "telling", "ok": true, "error": ""}
{"request_id": "two-stage-v1|scaffolding-715|ask_executor|MiniMax-M2.7", "queue_rank": 294, "call_type": "ask_executor", "target_act": "probing", "ok": true, "error": ""}
{"request_id": "two-stage-v1|scaffolding-451|explain_executor|MiniMax-M2.7", "queue_rank": 292, "call_type": "explain_executor", "target_act": "probing", "ok": true, "error": ""}
{"request_id": "two-stage-v1|scaffolding-322|ask_executor|MiniMax-M2.7", "queue_rank": 293, "call_type": "ask_executor", "target_act": "telling", "ok": true, "error": ""}
{"request_id": "two-stage-v1|scaffolding-715|selector_ask_first|MiniMax-M2.7", "queue_rank": 297, "call_type": "selector_ask_first", "target_act": "probing", "ok": true, "error": ""}
{"request_id": "two-stage-v1|scaffolding-721|single_pass_adaptive|MiniMax-M2.7", "queue_rank": 298, "call_type": "single_pass_adaptive", "target_act": "telling", "ok": true, "error": ""}
{"request_id": "two-stage-v1|scaffolding-756|selector_ask_first|MiniMax-M2.7", "queue_rank": 295, "call_type": "selector_ask_first", "target_act": "telling", "ok": true, "error": ""}
{"request_id": "two-stage-v1|scaffolding-453|selector_explain_first|MiniMax-M2.7", "queue_rank": 296, "call_type": "selector_explain_first", "target_act": "probing", "ok": true, "error": ""}
{"request_id": "two-stage-v1|scaffolding-589|selector_ask_first|MiniMax-M2.7", "queue_rank": 300, "call_type": "selector_ask_first", "target_act": "probing", "ok": true, "error": ""}
{"request_id": "two-stage-v1|scaffolding-998|single_pass_adaptive|MiniMax-M2.7", "queue_rank": 301, "call_type": "single_pass_adaptive", "target_act": "telling", "ok": true, "error": ""}
{"request_id": "two-stage-v1|scaffolding-47|selector_explain_first|MiniMax-M2.7", "queue_rank": 303, "call_type": "selector_explain_first", "target_act": "telling", "ok": true, "error": ""}
{"request_id": "two-stage-v1|scaffolding-610|explain_executor|MiniMax-M2.7", "queue_rank": 304, "call_type": "explain_executor", "target_act": "probing", "ok": true, "error": ""}
{"request_id": "two-stage-v1|scaffolding-968|explain_executor|MiniMax-M2.7", "queue_rank": 299, "call_type": "explain_executor", "target_act": "telling", "ok": true, "error": ""}
{"request_id": "two-stage-v1|scaffolding-968|selector_ask_first|MiniMax-M2.7", "queue_rank": 302, "call_type": "selector_ask_first", "target_act": "telling", "ok": true, "error": ""}
{"request_id": "two-stage-v1|scaffolding-59|ask_executor|MiniMax-M2.7", "queue_rank": 307, "call_type": "ask_executor", "target_act": "telling", "ok": true, "error": ""}
{"request_id": "two-stage-v1|scaffolding-729|ask_executor|MiniMax-M2.7", "queue_rank": 305, "call_type": "ask_executor", "target_act": "probing", "ok": true, "error": ""}
{"request_id": "two-stage-v1|scaffolding-610|selector_explain_first|MiniMax-M2.7", "queue_rank": 306, "call_type": "selector_explain_first", "target_act": "probing", "ok": true, "error": ""}
{"request_id": "two-stage-v1|scaffolding-1085|explain_executor|MiniMax-M2.7", "queue_rank": 308, "call_type": "explain_executor", "target_act": "telling", "ok": true, "error": ""}
{"request_id": "two-stage-v1|scaffolding-769|ask_executor|MiniMax-M2.7", "queue_rank": 310, "call_type": "ask_executor", "target_act": "probing", "ok": true, "error": ""}
{"request_id": "two-stage-v1|scaffolding-736|explain_executor|MiniMax-M2.7", "queue_rank": 312, "call_type": "explain_executor", "target_act": "probing", "ok": true, "error": ""}
{"request_id": "two-stage-v1|scaffolding-157|single_pass_adaptive|MiniMax-M2.7", "queue_rank": 309, "call_type": "single_pass_adaptive", "target_act": "probing", "ok": true, "error": ""}
{"request_id": "two-stage-v1|scaffolding-47|selector_ask_first|MiniMax-M2.7", "queue_rank": 311, "call_type": "selector_ask_first", "target_act": "telling", "ok": true, "error": ""}
{"request_id": "two-stage-v1|scaffolding-903|single_pass_adaptive|MiniMax-M2.7", "queue_rank": 313, "call_type": "single_pass_adaptive", "target_act": "probing", "ok": true, "error": ""}
{"request_id": "two-stage-v1|scaffolding-11|ask_executor|MiniMax-M2.7", "queue_rank": 315, "call_type": "ask_executor", "target_act": "telling", "ok": true, "error": ""}
{"request_id": "two-stage-v1|scaffolding-589|selector_explain_first|MiniMax-M2.7", "queue_rank": 314, "call_type": "selector_explain_first", "target_act": "probing", "ok": true, "error": ""}
{"request_id": "two-stage-v1|scaffolding-12|explain_executor|MiniMax-M2.7", "queue_rank": 317, "call_type": "explain_executor", "target_act": "telling", "ok": true, "error": ""}
{"request_id": "two-stage-v1|scaffolding-623|selector_ask_first|MiniMax-M2.7", "queue_rank": 318, "call_type": "selector_ask_first", "target_act": "probing", "ok": true, "error": ""}
{"request_id": "two-stage-v1|scaffolding-1085|selector_explain_first|MiniMax-M2.7", "queue_rank": 319, "call_type": "selector_explain_first", "target_act": "telling", "ok": true, "error": ""}
{"request_id": "two-stage-v1|scaffolding-915|single_pass_adaptive|MiniMax-M2.7", "queue_rank": 316, "call_type": "single_pass_adaptive", "target_act": "telling", "ok": true, "error": ""}
{"request_id": "two-stage-v1|scaffolding-602|selector_explain_first|MiniMax-M2.7", "queue_rank": 322, "call_type": "selector_explain_first", "target_act": "probing", "ok": true, "error": ""}
{"request_id": "two-stage-v1|scaffolding-146|ask_executor|MiniMax-M2.7", "queue_rank": 321, "call_type": "ask_executor", "target_act": "probing", "ok": true, "error": ""}
{"request_id": "two-stage-v1|scaffolding-99|selector_explain_first|MiniMax-M2.7", "queue_rank": 320, "call_type": "selector_explain_first", "target_act": "telling", "ok": true, "error": ""}
{"request_id": "two-stage-v1|scaffolding-12|selector_ask_first|MiniMax-M2.7", "queue_rank": 323, "call_type": "selector_ask_first", "target_act": "telling", "ok": true, "error": ""}
{"request_id": "two-stage-v1|scaffolding-577|single_pass_adaptive|MiniMax-M2.7", "queue_rank": 325, "call_type": "single_pass_adaptive", "target_act": "probing", "ok": true, "error": ""}
{"request_id": "two-stage-v1|scaffolding-60|single_pass_adaptive|MiniMax-M2.7", "queue_rank": 326, "call_type": "single_pass_adaptive", "target_act": "telling", "ok": true, "error": ""}
{"request_id": "two-stage-v1|scaffolding-921|ask_executor|MiniMax-M2.7", "queue_rank": 328, "call_type": "ask_executor", "target_act": "telling", "ok": true, "error": ""}
{"request_id": "two-stage-v1|scaffolding-774|explain_executor|MiniMax-M2.7", "queue_rank": 324, "call_type": "explain_executor", "target_act": "probing", "ok": true, "error": ""}
{"request_id": "two-stage-v1|scaffolding-991|selector_ask_first|MiniMax-M2.7", "queue_rank": 329, "call_type": "selector_ask_first", "target_act": "probing", "ok": true, "error": ""}
{"request_id": "two-stage-v1|scaffolding-322|single_pass_adaptive|MiniMax-M2.7", "queue_rank": 330, "call_type": "single_pass_adaptive", "target_act": "telling", "ok": true, "error": ""}
{"request_id": "two-stage-v1|scaffolding-801|explain_executor|MiniMax-M2.7", "queue_rank": 327, "call_type": "explain_executor", "target_act": "telling", "ok": true, "error": ""}
{"request_id": "two-stage-v1|scaffolding-232|explain_executor|MiniMax-M2.7", "queue_rank": 332, "call_type": "explain_executor", "target_act": "probing", "ok": true, "error": ""}
{"request_id": "two-stage-v1|scaffolding-722|explain_executor|MiniMax-M2.7", "queue_rank": 334, "call_type": "explain_executor", "target_act": "telling", "ok": true, "error": ""}
{"request_id": "two-stage-v1|scaffolding-602|single_pass_adaptive|MiniMax-M2.7", "queue_rank": 333, "call_type": "single_pass_adaptive", "target_act": "probing", "ok": true, "error": ""}
{"request_id": "two-stage-v1|scaffolding-758|selector_explain_first|MiniMax-M2.7", "queue_rank": 331, "call_type": "selector_explain_first", "target_act": "telling", "ok": true, "error": ""}
{"request_id": "two-stage-v1|scaffolding-845|ask_executor|MiniMax-M2.7", "queue_rank": 335, "call_type": "ask_executor", "target_act": "telling", "ok": true, "error": ""}
{"request_id": "two-stage-v1|scaffolding-577|ask_executor|MiniMax-M2.7", "queue_rank": 339, "call_type": "ask_executor", "target_act": "probing", "ok": true, "error": ""}
{"request_id": "two-stage-v1|scaffolding-804|selector_ask_first|MiniMax-M2.7", "queue_rank": 336, "call_type": "selector_ask_first", "target_act": "probing", "ok": true, "error": ""}
{"request_id": "two-stage-v1|scaffolding-177|selector_ask_first|MiniMax-M2.7", "queue_rank": 338, "call_type": "selector_ask_first", "target_act": "telling", "ok": true, "error": ""}
{"request_id": "two-stage-v1|scaffolding-121|single_pass_adaptive|MiniMax-M2.7", "queue_rank": 340, "call_type": "single_pass_adaptive", "target_act": "probing", "ok": true, "error": ""}
{"request_id": "two-stage-v1|scaffolding-619|selector_ask_first|MiniMax-M2.7", "queue_rank": 342, "call_type": "selector_ask_first", "target_act": "probing", "ok": true, "error": ""}
{"request_id": "two-stage-v1|scaffolding-729|selector_explain_first|MiniMax-M2.7", "queue_rank": 337, "call_type": "selector_explain_first", "target_act": "probing", "ok": true, "error": ""}
{"request_id": "two-stage-v1|scaffolding-57|selector_ask_first|MiniMax-M2.7", "queue_rank": 341, "call_type": "selector_ask_first", "target_act": "telling", "ok": true, "error": ""}
{"request_id": "two-stage-v1|scaffolding-758|single_pass_adaptive|MiniMax-M2.7", "queue_rank": 345, "call_type": "single_pass_adaptive", "target_act": "telling", "ok": true, "error": ""}
{"request_id": "two-stage-v1|scaffolding-2|ask_executor|MiniMax-M2.7", "queue_rank": 344, "call_type": "ask_executor", "target_act": "telling", "ok": true, "error": ""}
{"request_id": "two-stage-v1|scaffolding-577|explain_executor|MiniMax-M2.7", "queue_rank": 348, "call_type": "explain_executor", "target_act": "probing", "ok": true, "error": ""}
{"request_id": "two-stage-v1|scaffolding-123|explain_executor|MiniMax-M2.7", "queue_rank": 346, "call_type": "explain_executor", "target_act": "telling", "ok": true, "error": ""}
{"request_id": "two-stage-v1|scaffolding-121|ask_executor|MiniMax-M2.7", "queue_rank": 347, "call_type": "ask_executor", "target_act": "probing", "ok": true, "error": ""}
{"request_id": "two-stage-v1|scaffolding-59|selector_explain_first|MiniMax-M2.7", "queue_rank": 350, "call_type": "selector_explain_first", "target_act": "telling", "ok": true, "error": ""}
{"request_id": "two-stage-v1|scaffolding-610|ask_executor|MiniMax-M2.7", "queue_rank": 352, "call_type": "ask_executor", "target_act": "probing", "ok": true, "error": ""}
{"request_id": "two-stage-v1|scaffolding-251|selector_explain_first|MiniMax-M2.7", "queue_rank": 349, "call_type": "selector_explain_first", "target_act": "probing", "ok": true, "error": ""}
{"request_id": "two-stage-v1|scaffolding-736|selector_explain_first|MiniMax-M2.7", "queue_rank": 353, "call_type": "selector_explain_first", "target_act": "probing", "ok": true, "error": ""}
{"request_id": "two-stage-v1|scaffolding-674|selector_ask_first|MiniMax-M2.7", "queue_rank": 354, "call_type": "selector_ask_first", "target_act": "probing", "ok": true, "error": ""}
{"request_id": "two-stage-v1|scaffolding-719|single_pass_adaptive|MiniMax-M2.7", "queue_rank": 356, "call_type": "single_pass_adaptive", "target_act": "telling", "ok": true, "error": ""}
{"request_id": "two-stage-v1|scaffolding-915|ask_executor|MiniMax-M2.7", "queue_rank": 357, "call_type": "ask_executor", "target_act": "telling", "ok": true, "error": ""}
{"request_id": "two-stage-v1|scaffolding-481|explain_executor|MiniMax-M2.7", "queue_rank": 351, "call_type": "explain_executor", "target_act": "probing", "ok": true, "error": ""}
{"request_id": "two-stage-v1|scaffolding-176|explain_executor|MiniMax-M2.7", "queue_rank": 358, "call_type": "explain_executor", "target_act": "telling", "ok": true, "error": ""}
{"request_id": "two-stage-v1|scaffolding-2|selector_explain_first|MiniMax-M2.7", "queue_rank": 343, "call_type": "selector_explain_first", "target_act": "telling", "ok": true, "error": ""}
{"request_id": "two-stage-v1|scaffolding-953|selector_ask_first|MiniMax-M2.7", "queue_rank": 361, "call_type": "selector_ask_first", "target_act": "probing", "ok": true, "error": ""}
{"request_id": "two-stage-v1|scaffolding-448|single_pass_adaptive|MiniMax-M2.7", "queue_rank": 355, "call_type": "single_pass_adaptive", "target_act": "probing", "ok": true, "error": ""}
{"request_id": "two-stage-v1|scaffolding-921|selector_ask_first|MiniMax-M2.7", "queue_rank": 359, "call_type": "selector_ask_first", "target_act": "telling", "ok": true, "error": ""}
{"request_id": "two-stage-v1|scaffolding-477|ask_executor|MiniMax-M2.7", "queue_rank": 360, "call_type": "ask_executor", "target_act": "probing", "ok": true, "error": ""}
{"request_id": "two-stage-v1|scaffolding-757|ask_executor|MiniMax-M2.7", "queue_rank": 362, "call_type": "ask_executor", "target_act": "telling", "ok": true, "error": ""}
{"request_id": "two-stage-v1|scaffolding-124|explain_executor|MiniMax-M2.7", "queue_rank": 363, "call_type": "explain_executor", "target_act": "probing", "ok": true, "error": ""}
{"request_id": "two-stage-v1|scaffolding-196|single_pass_adaptive|MiniMax-M2.7", "queue_rank": 365, "call_type": "single_pass_adaptive", "target_act": "probing", "ok": true, "error": ""}
{"request_id": "two-stage-v1|scaffolding-56|explain_executor|MiniMax-M2.7", "queue_rank": 364, "call_type": "explain_executor", "target_act": "telling", "ok": true, "error": ""}
{"request_id": "two-stage-v1|scaffolding-577|selector_explain_first|MiniMax-M2.7", "queue_rank": 368, "call_type": "selector_explain_first", "target_act": "probing", "ok": true, "error": ""}
{"request_id": "two-stage-v1|scaffolding-755|selector_ask_first|MiniMax-M2.7", "queue_rank": 366, "call_type": "selector_ask_first", "target_act": "telling", "ok": true, "error": ""}
{"request_id": "two-stage-v1|scaffolding-721|selector_explain_first|MiniMax-M2.7", "queue_rank": 367, "call_type": "selector_explain_first", "target_act": "telling", "ok": true, "error": ""}
{"request_id": "two-stage-v1|scaffolding-123|single_pass_adaptive|MiniMax-M2.7", "queue_rank": 369, "call_type": "single_pass_adaptive", "target_act": "telling", "ok": true, "error": ""}
{"request_id": "two-stage-v1|scaffolding-307|single_pass_adaptive|MiniMax-M2.7", "queue_rank": 373, "call_type": "single_pass_adaptive", "target_act": "probing", "ok": true, "error": ""}
{"request_id": "two-stage-v1|scaffolding-446|explain_executor|MiniMax-M2.7", "queue_rank": 370, "call_type": "explain_executor", "target_act": "probing", "ok": true, "error": ""}
{"request_id": "two-stage-v1|scaffolding-322|selector_explain_first|MiniMax-M2.7", "queue_rank": 372, "call_type": "selector_explain_first", "target_act": "telling", "ok": true, "error": ""}
{"request_id": "two-stage-v1|scaffolding-998|selector_ask_first|MiniMax-M2.7", "queue_rank": 371, "call_type": "selector_ask_first", "target_act": "telling", "ok": true, "error": ""}
{"request_id": "two-stage-v1|scaffolding-755|explain_executor|MiniMax-M2.7", "queue_rank": 375, "call_type": "explain_executor", "target_act": "telling", "ok": true, "error": ""}
{"request_id": "two-stage-v1|scaffolding-801|ask_executor|MiniMax-M2.7", "queue_rank": 374, "call_type": "ask_executor", "target_act": "telling", "ok": true, "error": ""}
{"request_id": "two-stage-v1|scaffolding-793|single_pass_adaptive|MiniMax-M2.7", "queue_rank": 376, "call_type": "single_pass_adaptive", "target_act": "telling", "ok": true, "error": ""}
{"request_id": "two-stage-v1|scaffolding-903|ask_executor|MiniMax-M2.7", "queue_rank": 379, "call_type": "ask_executor", "target_act": "probing", "ok": true, "error": ""}
{"request_id": "two-stage-v1|scaffolding-240|selector_ask_first|MiniMax-M2.7", "queue_rank": 377, "call_type": "selector_ask_first", "target_act": "probing", "ok": true, "error": ""}
{"request_id": "two-stage-v1|scaffolding-363|selector_explain_first|MiniMax-M2.7", "queue_rank": 378, "call_type": "selector_explain_first", "target_act": "probing", "ok": true, "error": ""}
{"request_id": "two-stage-v1|scaffolding-698|single_pass_adaptive|MiniMax-M2.7", "queue_rank": 380, "call_type": "single_pass_adaptive", "target_act": "telling", "ok": true, "error": ""}
{"request_id": "two-stage-v1|scaffolding-998|ask_executor|MiniMax-M2.7", "queue_rank": 381, "call_type": "ask_executor", "target_act": "telling", "ok": true, "error": ""}
{"request_id": "two-stage-v1|scaffolding-703|ask_executor|MiniMax-M2.7", "queue_rank": 382, "call_type": "ask_executor", "target_act": "probing", "ok": true, "error": ""}
{"request_id": "two-stage-v1|scaffolding-60|selector_explain_first|MiniMax-M2.7", "queue_rank": 385, "call_type": "selector_explain_first", "target_act": "telling", "ok": true, "error": ""}
{"request_id": "two-stage-v1|scaffolding-678|selector_explain_first|MiniMax-M2.7", "queue_rank": 383, "call_type": "selector_explain_first", "target_act": "probing", "ok": true, "error": ""}
{"request_id": "two-stage-v1|scaffolding-453|single_pass_adaptive|MiniMax-M2.7", "queue_rank": 386, "call_type": "single_pass_adaptive", "target_act": "probing", "ok": true, "error": ""}
{"request_id": "two-stage-v1|scaffolding-11|selector_ask_first|MiniMax-M2.7", "queue_rank": 387, "call_type": "selector_ask_first", "target_act": "telling", "ok": true, "error": ""}
{"request_id": "two-stage-v1|scaffolding-685|explain_executor|MiniMax-M2.7", "queue_rank": 384, "call_type": "explain_executor", "target_act": "telling", "ok": true, "error": ""}
{"request_id": "two-stage-v1|scaffolding-307|selector_ask_first|MiniMax-M2.7", "queue_rank": 389, "call_type": "selector_ask_first", "target_act": "probing", "ok": true, "error": ""}
{"request_id": "two-stage-v1|scaffolding-589|single_pass_adaptive|MiniMax-M2.7", "queue_rank": 390, "call_type": "single_pass_adaptive", "target_act": "probing", "ok": true, "error": ""}
{"request_id": "two-stage-v1|scaffolding-8|selector_explain_first|MiniMax-M2.7", "queue_rank": 391, "call_type": "selector_explain_first", "target_act": "telling", "ok": true, "error": ""}
{"request_id": "two-stage-v1|scaffolding-780|explain_executor|MiniMax-M2.7", "queue_rank": 388, "call_type": "explain_executor", "target_act": "probing", "ok": true, "error": ""}
{"request_id": "two-stage-v1|scaffolding-845|selector_ask_first|MiniMax-M2.7", "queue_rank": 394, "call_type": "selector_ask_first", "target_act": "telling", "ok": true, "error": ""}
{"request_id": "two-stage-v1|scaffolding-193|explain_executor|MiniMax-M2.7", "queue_rank": 393, "call_type": "explain_executor", "target_act": "probing", "ok": true, "error": ""}
{"request_id": "two-stage-v1|scaffolding-524|ask_executor|MiniMax-M2.7", "queue_rank": 396, "call_type": "ask_executor", "target_act": "telling", "ok": true, "error": ""}
{"request_id": "two-stage-v1|scaffolding-157|selector_ask_first|MiniMax-M2.7", "queue_rank": 392, "call_type": "selector_ask_first", "target_act": "probing", "ok": true, "error": ""}
{"request_id": "two-stage-v1|scaffolding-146|selector_explain_first|MiniMax-M2.7", "queue_rank": 397, "call_type": "selector_explain_first", "target_act": "probing", "ok": true, "error": ""}
{"request_id": "two-stage-v1|scaffolding-800|single_pass_adaptive|MiniMax-M2.7", "queue_rank": 398, "call_type": "single_pass_adaptive", "target_act": "telling", "ok": true, "error": ""}
{"request_id": "two-stage-v1|scaffolding-799|explain_executor|MiniMax-M2.7", "queue_rank": 395, "call_type": "explain_executor", "target_act": "telling", "ok": true, "error": ""}
{"request_id": "two-stage-v1|scaffolding-602|ask_executor|MiniMax-M2.7", "queue_rank": 399, "call_type": "ask_executor", "target_act": "probing", "ok": true, "error": ""}
{"request_id": "two-stage-v1|scaffolding-974|selector_ask_first|MiniMax-M2.7", "queue_rank": 401, "call_type": "selector_ask_first", "target_act": "telling", "ok": true, "error": ""}
{"request_id": "two-stage-v1|scaffolding-216|ask_executor|MiniMax-M2.7", "queue_rank": 403, "call_type": "ask_executor", "target_act": "telling", "ok": true, "error": ""}
{"request_id": "two-stage-v1|scaffolding-799|single_pass_adaptive|MiniMax-M2.7", "queue_rank": 402, "call_type": "single_pass_adaptive", "target_act": "telling", "ok": true, "error": ""}
{"request_id": "two-stage-v1|scaffolding-74|single_pass_adaptive|MiniMax-M2.7", "queue_rank": 404, "call_type": "single_pass_adaptive", "target_act": "probing", "ok": true, "error": ""}
{"request_id": "two-stage-v1|scaffolding-623|explain_executor|MiniMax-M2.7", "queue_rank": 400, "call_type": "explain_executor", "target_act": "probing", "ok": true, "error": ""}
{"request_id": "two-stage-v1|scaffolding-124|selector_ask_first|MiniMax-M2.7", "queue_rank": 405, "call_type": "selector_ask_first", "target_act": "probing", "ok": true, "error": ""}
{"request_id": "two-stage-v1|scaffolding-240|selector_explain_first|MiniMax-M2.7", "queue_rank": 406, "call_type": "selector_explain_first", "target_act": "probing", "ok": true, "error": ""}
{"request_id": "two-stage-v1|scaffolding-757|explain_executor|MiniMax-M2.7", "queue_rank": 408, "call_type": "explain_executor", "target_act": "telling", "ok": true, "error": ""}
{"request_id": "two-stage-v1|scaffolding-801|selector_explain_first|MiniMax-M2.7", "queue_rank": 407, "call_type": "selector_explain_first", "target_act": "telling", "ok": true, "error": ""}
{"request_id": "two-stage-v1|scaffolding-124|ask_executor|MiniMax-M2.7", "queue_rank": 409, "call_type": "ask_executor", "target_act": "probing", "ok": true, "error": ""}
{"request_id": "two-stage-v1|scaffolding-793|explain_executor|MiniMax-M2.7", "queue_rank": 410, "call_type": "explain_executor", "target_act": "telling", "ok": true, "error": ""}
{"request_id": "two-stage-v1|scaffolding-793|ask_executor|MiniMax-M2.7", "queue_rank": 413, "call_type": "ask_executor", "target_act": "telling", "ok": true, "error": ""}
{"request_id": "two-stage-v1|scaffolding-338|single_pass_adaptive|MiniMax-M2.7", "queue_rank": 412, "call_type": "single_pass_adaptive", "target_act": "probing", "ok": true, "error": ""}
{"request_id": "two-stage-v1|scaffolding-99|selector_ask_first|MiniMax-M2.7", "queue_rank": 415, "call_type": "selector_ask_first", "target_act": "telling", "ok": true, "error": ""}
{"request_id": "two-stage-v1|scaffolding-623|selector_explain_first|MiniMax-M2.7", "queue_rank": 416, "call_type": "selector_explain_first", "target_act": "probing", "ok": true, "error": ""}
{"request_id": "two-stage-v1|scaffolding-602|explain_executor|MiniMax-M2.7", "queue_rank": 417, "call_type": "explain_executor", "target_act": "probing", "ok": true, "error": ""}
{"request_id": "two-stage-v1|scaffolding-774|ask_executor|MiniMax-M2.7", "queue_rank": 414, "call_type": "ask_executor", "target_act": "probing", "ok": true, "error": ""}
{"request_id": "two-stage-v1|scaffolding-448|selector_ask_first|MiniMax-M2.7", "queue_rank": 418, "call_type": "selector_ask_first", "target_act": "probing", "ok": true, "error": ""}
{"request_id": "two-stage-v1|scaffolding-15|single_pass_adaptive|MiniMax-M2.7", "queue_rank": 419, "call_type": "single_pass_adaptive", "target_act": "telling", "ok": true, "error": ""}
{"request_id": "two-stage-v1|scaffolding-55|selector_ask_first|MiniMax-M2.7", "queue_rank": 421, "call_type": "selector_ask_first", "target_act": "telling", "ok": true, "error": ""}
{"request_id": "two-stage-v1|scaffolding-760|single_pass_adaptive|MiniMax-M2.7", "queue_rank": 420, "call_type": "single_pass_adaptive", "target_act": "telling", "ok": true, "error": ""}
{"request_id": "two-stage-v1|scaffolding-15|selector_explain_first|MiniMax-M2.7", "queue_rank": 422, "call_type": "selector_explain_first", "target_act": "telling", "ok": true, "error": ""}
{"request_id": "two-stage-v1|scaffolding-686|ask_executor|MiniMax-M2.7", "queue_rank": 424, "call_type": "ask_executor", "target_act": "telling", "ok": true, "error": ""}
{"request_id": "two-stage-v1|scaffolding-148|selector_explain_first|MiniMax-M2.7", "queue_rank": 426, "call_type": "selector_explain_first", "target_act": "probing", "ok": true, "error": ""}
{"request_id": "two-stage-v1|scaffolding-240|ask_executor|MiniMax-M2.7", "queue_rank": 423, "call_type": "ask_executor", "target_act": "probing", "ok": true, "error": ""}
{"request_id": "two-stage-v1|scaffolding-121|explain_executor|MiniMax-M2.7", "queue_rank": 425, "call_type": "explain_executor", "target_act": "probing", "ok": true, "error": ""}
{"request_id": "two-stage-v1|scaffolding-232|single_pass_adaptive|MiniMax-M2.7", "queue_rank": 428, "call_type": "single_pass_adaptive", "target_act": "probing", "ok": true, "error": ""}
{"request_id": "two-stage-v1|scaffolding-800|explain_executor|MiniMax-M2.7", "queue_rank": 427, "call_type": "explain_executor", "target_act": "telling", "ok": true, "error": ""}
{"request_id": "two-stage-v1|scaffolding-780|selector_ask_first|MiniMax-M2.7", "queue_rank": 429, "call_type": "selector_ask_first", "target_act": "probing", "ok": true, "error": ""}
{"request_id": "two-stage-v1|scaffolding-845|explain_executor|MiniMax-M2.7", "queue_rank": 432, "call_type": "explain_executor", "target_act": "telling", "ok": true, "error": ""}
{"request_id": "two-stage-v1|scaffolding-446|selector_ask_first|MiniMax-M2.7", "queue_rank": 431, "call_type": "selector_ask_first", "target_act": "probing", "ok": true, "error": ""}
{"request_id": "two-stage-v1|scaffolding-15|selector_ask_first|MiniMax-M2.7", "queue_rank": 430, "call_type": "selector_ask_first", "target_act": "telling", "ok": true, "error": ""}
{"request_id": "two-stage-v1|scaffolding-500|single_pass_adaptive|MiniMax-M2.7", "queue_rank": 435, "call_type": "single_pass_adaptive", "target_act": "telling", "ok": true, "error": ""}
{"request_id": "two-stage-v1|scaffolding-703|selector_explain_first|MiniMax-M2.7", "queue_rank": 433, "call_type": "selector_explain_first", "target_act": "probing", "ok": true, "error": ""}
{"request_id": "two-stage-v1|scaffolding-137|ask_executor|MiniMax-M2.7", "queue_rank": 437, "call_type": "ask_executor", "target_act": "probing", "ok": true, "error": ""}
{"request_id": "two-stage-v1|scaffolding-729|explain_executor|MiniMax-M2.7", "queue_rank": 436, "call_type": "explain_executor", "target_act": "probing", "ok": true, "error": ""}
{"request_id": "two-stage-v1|scaffolding-722|selector_explain_first|MiniMax-M2.7", "queue_rank": 438, "call_type": "selector_explain_first", "target_act": "telling", "ok": true, "error": ""}
{"request_id": "two-stage-v1|scaffolding-15|ask_executor|MiniMax-M2.7", "queue_rank": 439, "call_type": "ask_executor", "target_act": "telling", "ok": true, "error": ""}
{"request_id": "two-stage-v1|scaffolding-704|selector_ask_first|MiniMax-M2.7", "queue_rank": 441, "call_type": "selector_ask_first", "target_act": "probing", "ok": true, "error": ""}
{"request_id": "two-stage-v1|scaffolding-9|explain_executor|MiniMax-M2.7", "queue_rank": 440, "call_type": "explain_executor", "target_act": "telling", "ok": true, "error": ""}
{"request_id": "two-stage-v1|scaffolding-477|single_pass_adaptive|MiniMax-M2.7", "queue_rank": 434, "call_type": "single_pass_adaptive", "target_act": "probing", "ok": true, "error": ""}
{"request_id": "two-stage-v1|scaffolding-674|single_pass_adaptive|MiniMax-M2.7", "queue_rank": 443, "call_type": "single_pass_adaptive", "target_act": "probing", "ok": true, "error": ""}
{"request_id": "two-stage-v1|scaffolding-169|ask_executor|MiniMax-M2.7", "queue_rank": 445, "call_type": "ask_executor", "target_act": "telling", "ok": true, "error": ""}
{"request_id": "two-stage-v1|scaffolding-760|selector_explain_first|MiniMax-M2.7", "queue_rank": 444, "call_type": "selector_explain_first", "target_act": "telling", "ok": true, "error": ""}
{"request_id": "two-stage-v1|scaffolding-266|ask_executor|MiniMax-M2.7", "queue_rank": 442, "call_type": "ask_executor", "target_act": "probing", "ok": true, "error": ""}
{"request_id": "two-stage-v1|scaffolding-799|selector_ask_first|MiniMax-M2.7", "queue_rank": 446, "call_type": "selector_ask_first", "target_act": "telling", "ok": true, "error": ""}
{"request_id": "two-stage-v1|scaffolding-307|selector_explain_first|MiniMax-M2.7", "queue_rank": 449, "call_type": "selector_explain_first", "target_act": "probing", "ok": true, "error": ""}
{"request_id": "two-stage-v1|scaffolding-909|single_pass_adaptive|MiniMax-M2.7", "queue_rank": 448, "call_type": "single_pass_adaptive", "target_act": "telling", "ok": true, "error": ""}
{"request_id": "two-stage-v1|scaffolding-909|selector_explain_first|MiniMax-M2.7", "queue_rank": 451, "call_type": "selector_explain_first", "target_act": "telling", "ok": true, "error": ""}
{"request_id": "two-stage-v1|scaffolding-2|explain_executor|MiniMax-M2.7", "queue_rank": 452, "call_type": "explain_executor", "target_act": "telling", "ok": true, "error": ""}
{"request_id": "two-stage-v1|scaffolding-363|explain_executor|MiniMax-M2.7", "queue_rank": 447, "call_type": "explain_executor", "target_act": "probing", "ok": true, "error": ""}
{"request_id": "two-stage-v1|scaffolding-835|single_pass_adaptive|MiniMax-M2.7", "queue_rank": 450, "call_type": "single_pass_adaptive", "target_act": "probing", "ok": true, "error": ""}
{"request_id": "two-stage-v1|scaffolding-12|ask_executor|MiniMax-M2.7", "queue_rank": 454, "call_type": "ask_executor", "target_act": "telling", "ok": true, "error": ""}
{"request_id": "two-stage-v1|scaffolding-758|selector_ask_first|MiniMax-M2.7", "queue_rank": 453, "call_type": "selector_ask_first", "target_act": "telling", "ok": true, "error": ""}
{"request_id": "two-stage-v1|scaffolding-704|explain_executor|MiniMax-M2.7", "queue_rank": 455, "call_type": "explain_executor", "target_act": "probing", "ok": true, "error": ""}
{"request_id": "two-stage-v1|scaffolding-11|single_pass_adaptive|MiniMax-M2.7", "queue_rank": 457, "call_type": "single_pass_adaptive", "target_act": "telling", "ok": true, "error": ""}
{"request_id": "two-stage-v1|scaffolding-196|selector_ask_first|MiniMax-M2.7", "queue_rank": 458, "call_type": "selector_ask_first", "target_act": "probing", "ok": true, "error": ""}
{"request_id": "two-stage-v1|scaffolding-722|single_pass_adaptive|MiniMax-M2.7", "queue_rank": 460, "call_type": "single_pass_adaptive", "target_act": "telling", "ok": true, "error": ""}
{"request_id": "two-stage-v1|scaffolding-968|selector_explain_first|MiniMax-M2.7", "queue_rank": 411, "call_type": "selector_explain_first", "target_act": "telling", "ok": true, "error": ""}
{"request_id": "two-stage-v1|scaffolding-451|ask_executor|MiniMax-M2.7", "queue_rank": 456, "call_type": "ask_executor", "target_act": "probing", "ok": true, "error": ""}
{"request_id": "two-stage-v1|scaffolding-769|explain_executor|MiniMax-M2.7", "queue_rank": 461, "call_type": "explain_executor", "target_act": "probing", "ok": true, "error": ""}
{"request_id": "two-stage-v1|scaffolding-800|ask_executor|MiniMax-M2.7", "queue_rank": 462, "call_type": "ask_executor", "target_act": "telling", "ok": true, "error": ""}
{"request_id": "two-stage-v1|scaffolding-757|selector_explain_first|MiniMax-M2.7", "queue_rank": 464, "call_type": "selector_explain_first", "target_act": "telling", "ok": true, "error": ""}
{"request_id": "two-stage-v1|scaffolding-481|selector_explain_first|MiniMax-M2.7", "queue_rank": 465, "call_type": "selector_explain_first", "target_act": "probing", "ok": true, "error": ""}
{"request_id": "two-stage-v1|scaffolding-749|selector_ask_first|MiniMax-M2.7", "queue_rank": 467, "call_type": "selector_ask_first", "target_act": "probing", "ok": true, "error": ""}
{"request_id": "two-stage-v1|scaffolding-148|ask_executor|MiniMax-M2.7", "queue_rank": 466, "call_type": "ask_executor", "target_act": "probing", "ok": true, "error": ""}
{"request_id": "two-stage-v1|scaffolding-60|explain_executor|MiniMax-M2.7", "queue_rank": 463, "call_type": "explain_executor", "target_act": "telling", "ok": true, "error": ""}
{"request_id": "two-stage-v1|scaffolding-801|selector_ask_first|MiniMax-M2.7", "queue_rank": 469, "call_type": "selector_ask_first", "target_act": "telling", "ok": true, "error": ""}
{"request_id": "two-stage-v1|scaffolding-780|single_pass_adaptive|MiniMax-M2.7", "queue_rank": 468, "call_type": "single_pass_adaptive", "target_act": "probing", "ok": true, "error": ""}
{"request_id": "two-stage-v1|scaffolding-451|selector_explain_first|MiniMax-M2.7", "queue_rank": 459, "call_type": "selector_explain_first", "target_act": "probing", "ok": true, "error": ""}
{"request_id": "two-stage-v1|scaffolding-674|explain_executor|MiniMax-M2.7", "queue_rank": 471, "call_type": "explain_executor", "target_act": "probing", "ok": true, "error": ""}
{"request_id": "two-stage-v1|scaffolding-446|selector_explain_first|MiniMax-M2.7", "queue_rank": 472, "call_type": "selector_explain_first", "target_act": "probing", "ok": true, "error": ""}
{"request_id": "two-stage-v1|scaffolding-623|ask_executor|MiniMax-M2.7", "queue_rank": 470, "call_type": "ask_executor", "target_act": "probing", "ok": true, "error": ""}
{"request_id": "two-stage-v1|scaffolding-446|single_pass_adaptive|MiniMax-M2.7", "queue_rank": 473, "call_type": "single_pass_adaptive", "target_act": "probing", "ok": true, "error": ""}
{"request_id": "two-stage-v1|scaffolding-998|selector_explain_first|MiniMax-M2.7", "queue_rank": 474, "call_type": "selector_explain_first", "target_act": "telling", "ok": true, "error": ""}
{"request_id": "two-stage-v1|scaffolding-757|single_pass_adaptive|MiniMax-M2.7", "queue_rank": 477, "call_type": "single_pass_adaptive", "target_act": "telling", "ok": true, "error": ""}
{"request_id": "two-stage-v1|scaffolding-721|explain_executor|MiniMax-M2.7", "queue_rank": 475, "call_type": "explain_executor", "target_act": "telling", "ok": true, "error": ""}
{"request_id": "two-stage-v1|scaffolding-491|selector_ask_first|MiniMax-M2.7", "queue_rank": 479, "call_type": "selector_ask_first", "target_act": "probing", "ok": true, "error": ""}
{"request_id": "two-stage-v1|scaffolding-500|selector_ask_first|MiniMax-M2.7", "queue_rank": 478, "call_type": "selector_ask_first", "target_act": "telling", "ok": true, "error": ""}
{"request_id": "two-stage-v1|scaffolding-756|ask_executor|MiniMax-M2.7", "queue_rank": 476, "call_type": "ask_executor", "target_act": "telling", "ok": true, "error": ""}
{"request_id": "two-stage-v1|scaffolding-500|explain_executor|glm-5.2", "queue_rank": 6, "call_type": "explain_executor", "target_act": "telling", "ok": true, "error": ""}
{"request_id": "two-stage-v1|scaffolding-674|single_pass_adaptive|glm-5.2", "queue_rank": 3, "call_type": "single_pass_adaptive", "target_act": "probing", "ok": true, "error": ""}
{"request_id": "two-stage-v1|scaffolding-196|ask_executor|glm-5.2", "queue_rank": 5, "call_type": "ask_executor", "target_act": "probing", "ok": true, "error": ""}
{"request_id": "two-stage-v1|scaffolding-11|ask_executor|glm-5.2", "queue_rank": 0, "call_type": "ask_executor", "target_act": "telling", "ok": true, "error": ""}
{"request_id": "two-stage-v1|scaffolding-774|selector_ask_first|glm-5.2", "queue_rank": 7, "call_type": "selector_ask_first", "target_act": "probing", "ok": true, "error": ""}
{"request_id": "two-stage-v1|scaffolding-801|selector_explain_first|glm-5.2", "queue_rank": 2, "call_type": "selector_explain_first", "target_act": "telling", "ok": true, "error": ""}
{"request_id": "two-stage-v1|scaffolding-736|explain_executor|glm-5.2", "queue_rank": 9, "call_type": "explain_executor", "target_act": "probing", "ok": true, "error": ""}
{"request_id": "two-stage-v1|scaffolding-674|selector_explain_first|glm-5.2", "queue_rank": 1, "call_type": "selector_explain_first", "target_act": "probing", "ok": true, "error": ""}
{"request_id": "two-stage-v1|scaffolding-703|selector_explain_first|glm-5.2", "queue_rank": 14, "call_type": "selector_explain_first", "target_act": "probing", "ok": true, "error": ""}
{"request_id": "two-stage-v1|scaffolding-47|explain_executor|glm-5.2", "queue_rank": 10, "call_type": "explain_executor", "target_act": "telling", "ok": true, "error": ""}
{"request_id": "two-stage-v1|scaffolding-177|selector_ask_first|glm-5.2", "queue_rank": 4, "call_type": "selector_ask_first", "target_act": "telling", "ok": true, "error": ""}
{"request_id": "two-stage-v1|scaffolding-845|selector_explain_first|glm-5.2", "queue_rank": 15, "call_type": "selector_explain_first", "target_act": "telling", "ok": true, "error": ""}
{"request_id": "two-stage-v1|scaffolding-729|ask_executor|glm-5.2", "queue_rank": 11, "call_type": "ask_executor", "target_act": "probing", "ok": true, "error": ""}
{"request_id": "two-stage-v1|scaffolding-9|single_pass_adaptive|glm-5.2", "queue_rank": 8, "call_type": "single_pass_adaptive", "target_act": "telling", "ok": true, "error": ""}
{"request_id": "two-stage-v1|scaffolding-953|selector_ask_first|glm-5.2", "queue_rank": 16, "call_type": "selector_ask_first", "target_act": "probing", "ok": true, "error": ""}
{"request_id": "two-stage-v1|scaffolding-453|single_pass_adaptive|glm-5.2", "queue_rank": 12, "call_type": "single_pass_adaptive", "target_act": "probing", "ok": true, "error": ""}
{"request_id": "two-stage-v1|scaffolding-835|explain_executor|glm-5.2", "queue_rank": 19, "call_type": "explain_executor", "target_act": "probing", "ok": true, "error": ""}
{"request_id": "two-stage-v1|scaffolding-216|single_pass_adaptive|glm-5.2", "queue_rank": 13, "call_type": "single_pass_adaptive", "target_act": "telling", "ok": true, "error": ""}
{"request_id": "two-stage-v1|scaffolding-9|ask_executor|glm-5.2", "queue_rank": 18, "call_type": "ask_executor", "target_act": "telling", "ok": true, "error": ""}
{"request_id": "two-stage-v1|scaffolding-991|explain_executor|glm-5.2", "queue_rank": 21, "call_type": "explain_executor", "target_act": "probing", "ok": true, "error": ""}
{"request_id": "two-stage-v1|scaffolding-640|ask_executor|glm-5.2", "queue_rank": 20, "call_type": "ask_executor", "target_act": "telling", "ok": true, "error": ""}
{"request_id": "two-stage-v1|scaffolding-968|selector_ask_first|glm-5.2", "queue_rank": 17, "call_type": "selector_ask_first", "target_act": "telling", "ok": true, "error": ""}
{"request_id": "two-stage-v1|scaffolding-124|selector_ask_first|glm-5.2", "queue_rank": 22, "call_type": "selector_ask_first", "target_act": "probing", "ok": true, "error": ""}
{"request_id": "two-stage-v1|scaffolding-800|explain_executor|glm-5.2", "queue_rank": 24, "call_type": "explain_executor", "target_act": "telling", "ok": true, "error": ""}
{"request_id": "two-stage-v1|scaffolding-602|ask_executor|glm-5.2", "queue_rank": 27, "call_type": "ask_executor", "target_act": "probing", "ok": true, "error": ""}
{"request_id": "two-stage-v1|scaffolding-15|single_pass_adaptive|glm-5.2", "queue_rank": 25, "call_type": "single_pass_adaptive", "target_act": "telling", "ok": true, "error": ""}
{"request_id": "two-stage-v1|scaffolding-619|explain_executor|glm-5.2", "queue_rank": 31, "call_type": "explain_executor", "target_act": "probing", "ok": true, "error": ""}
{"request_id": "two-stage-v1|scaffolding-915|selector_ask_first|glm-5.2", "queue_rank": 34, "call_type": "selector_ask_first", "target_act": "telling", "ok": true, "error": ""}
{"request_id": "two-stage-v1|scaffolding-268|ask_executor|glm-5.2", "queue_rank": 33, "call_type": "ask_executor", "target_act": "probing", "ok": true, "error": ""}
{"request_id": "two-stage-v1|scaffolding-481|selector_explain_first|glm-5.2", "queue_rank": 29, "call_type": "selector_explain_first", "target_act": "probing", "ok": true, "error": ""}
{"request_id": "two-stage-v1|scaffolding-446|single_pass_adaptive|glm-5.2", "queue_rank": 28, "call_type": "single_pass_adaptive", "target_act": "probing", "ok": true, "error": ""}
{"request_id": "two-stage-v1|scaffolding-921|selector_ask_first|glm-5.2", "queue_rank": 23, "call_type": "selector_ask_first", "target_act": "telling", "ok": true, "error": ""}
{"request_id": "two-stage-v1|scaffolding-903|selector_ask_first|glm-5.2", "queue_rank": 37, "call_type": "selector_ask_first", "target_act": "probing", "ok": true, "error": ""}
{"request_id": "two-stage-v1|scaffolding-99|single_pass_adaptive|glm-5.2", "queue_rank": 36, "call_type": "single_pass_adaptive", "target_act": "telling", "ok": true, "error": ""}
{"request_id": "two-stage-v1|scaffolding-451|selector_explain_first|glm-5.2", "queue_rank": 30, "call_type": "selector_explain_first", "target_act": "probing", "ok": true, "error": ""}
{"request_id": "two-stage-v1|scaffolding-698|ask_executor|glm-5.2", "queue_rank": 38, "call_type": "ask_executor", "target_act": "telling", "ok": true, "error": ""}
{"request_id": "two-stage-v1|scaffolding-769|explain_executor|glm-5.2", "queue_rank": 40, "call_type": "explain_executor", "target_act": "probing", "ok": true, "error": ""}
{"request_id": "two-stage-v1|scaffolding-15|selector_explain_first|glm-5.2", "queue_rank": 41, "call_type": "selector_explain_first", "target_act": "telling", "ok": true, "error": ""}
{"request_id": "two-stage-v1|scaffolding-804|ask_executor|glm-5.2", "queue_rank": 42, "call_type": "ask_executor", "target_act": "probing", "ok": true, "error": ""}
{"request_id": "two-stage-v1|scaffolding-60|single_pass_adaptive|glm-5.2", "queue_rank": 44, "call_type": "single_pass_adaptive", "target_act": "telling", "ok": true, "error": ""}
{"request_id": "two-stage-v1|scaffolding-623|selector_ask_first|glm-5.2", "queue_rank": 43, "call_type": "selector_ask_first", "target_act": "probing", "ok": true, "error": ""}
{"request_id": "two-stage-v1|scaffolding-793|explain_executor|glm-5.2", "queue_rank": 32, "call_type": "explain_executor", "target_act": "telling", "ok": true, "error": ""}
{"request_id": "two-stage-v1|scaffolding-968|selector_explain_first|glm-5.2", "queue_rank": 35, "call_type": "selector_explain_first", "target_act": "telling", "ok": true, "error": ""}
{"request_id": "two-stage-v1|scaffolding-240|single_pass_adaptive|glm-5.2", "queue_rank": 39, "call_type": "single_pass_adaptive", "target_act": "probing", "ok": true, "error": ""}
{"request_id": "two-stage-v1|scaffolding-2|selector_explain_first|glm-5.2", "queue_rank": 26, "call_type": "selector_explain_first", "target_act": "telling", "ok": true, "error": ""}
{"request_id": "two-stage-v1|scaffolding-577|selector_explain_first|glm-5.2", "queue_rank": 47, "call_type": "selector_explain_first", "target_act": "probing", "ok": true, "error": ""}
{"request_id": "two-stage-v1|scaffolding-722|selector_ask_first|glm-5.2", "queue_rank": 46, "call_type": "selector_ask_first", "target_act": "telling", "ok": true, "error": ""}
{"request_id": "two-stage-v1|scaffolding-59|ask_executor|glm-5.2", "queue_rank": 45, "call_type": "ask_executor", "target_act": "telling", "ok": true, "error": ""}
{"request_id": "two-stage-v1|scaffolding-760|explain_executor|glm-5.2", "queue_rank": 49, "call_type": "explain_executor", "target_act": "telling", "ok": true, "error": ""}
{"request_id": "two-stage-v1|scaffolding-232|explain_executor|glm-5.2", "queue_rank": 50, "call_type": "explain_executor", "target_act": "probing", "ok": true, "error": ""}
{"request_id": "two-stage-v1|scaffolding-698|selector_ask_first|glm-5.2", "queue_rank": 52, "call_type": "selector_ask_first", "target_act": "telling", "ok": true, "error": ""}
{"request_id": "two-stage-v1|scaffolding-307|selector_ask_first|glm-5.2", "queue_rank": 53, "call_type": "selector_ask_first", "target_act": "probing", "ok": true, "error": ""}
{"request_id": "two-stage-v1|scaffolding-758|explain_executor|glm-5.2", "queue_rank": 54, "call_type": "explain_executor", "target_act": "telling", "ok": true, "error": ""}
{"request_id": "two-stage-v1|scaffolding-953|ask_executor|glm-5.2", "queue_rank": 56, "call_type": "ask_executor", "target_act": "probing", "ok": true, "error": ""}
{"request_id": "two-stage-v1|scaffolding-524|ask_executor|glm-5.2", "queue_rank": 51, "call_type": "ask_executor", "target_act": "telling", "ok": true, "error": ""}
{"request_id": "two-stage-v1|scaffolding-685|single_pass_adaptive|glm-5.2", "queue_rank": 57, "call_type": "single_pass_adaptive", "target_act": "telling", "ok": true, "error": ""}
{"request_id": "two-stage-v1|scaffolding-268|explain_executor|glm-5.2", "queue_rank": 62, "call_type": "explain_executor", "target_act": "probing", "ok": true, "error": ""}
{"request_id": "two-stage-v1|scaffolding-719|explain_executor|glm-5.2", "queue_rank": 63, "call_type": "explain_executor", "target_act": "telling", "ok": true, "error": ""}
{"request_id": "two-stage-v1|scaffolding-953|selector_explain_first|glm-5.2", "queue_rank": 59, "call_type": "selector_explain_first", "target_act": "probing", "ok": true, "error": ""}
{"request_id": "two-stage-v1|scaffolding-322|ask_executor|glm-5.2", "queue_rank": 66, "call_type": "ask_executor", "target_act": "telling", "ok": true, "error": ""}
{"request_id": "two-stage-v1|scaffolding-56|single_pass_adaptive|glm-5.2", "queue_rank": 67, "call_type": "single_pass_adaptive", "target_act": "telling", "ok": true, "error": ""}
{"request_id": "two-stage-v1|scaffolding-524|selector_explain_first|glm-5.2", "queue_rank": 61, "call_type": "selector_explain_first", "target_act": "telling", "ok": true, "error": ""}
{"request_id": "two-stage-v1|scaffolding-623|single_pass_adaptive|glm-5.2", "queue_rank": 69, "call_type": "single_pass_adaptive", "target_act": "probing", "ok": true, "error": ""}
{"request_id": "two-stage-v1|scaffolding-56|selector_ask_first|glm-5.2", "queue_rank": 65, "call_type": "selector_ask_first", "target_act": "telling", "ok": true, "error": ""}
{"request_id": "two-stage-v1|scaffolding-453|selector_ask_first|glm-5.2", "queue_rank": 68, "call_type": "selector_ask_first", "target_act": "probing", "ok": true, "error": ""}
{"request_id": "two-stage-v1|scaffolding-309|selector_explain_first|glm-5.2", "queue_rank": 64, "call_type": "selector_explain_first", "target_act": "probing", "ok": true, "error": ""}
{"request_id": "two-stage-v1|scaffolding-500|single_pass_adaptive|glm-5.2", "queue_rank": 70, "call_type": "single_pass_adaptive", "target_act": "telling", "ok": true, "error": ""}
{"request_id": "two-stage-v1|scaffolding-176|selector_explain_first|glm-5.2", "queue_rank": 72, "call_type": "selector_explain_first", "target_act": "telling", "ok": true, "error": ""}
{"request_id": "two-stage-v1|scaffolding-793|selector_explain_first|glm-5.2", "queue_rank": 58, "call_type": "selector_explain_first", "target_act": "telling", "ok": true, "error": ""}
{"request_id": "two-stage-v1|scaffolding-721|selector_ask_first|glm-5.2", "queue_rank": 75, "call_type": "selector_ask_first", "target_act": "telling", "ok": true, "error": ""}
{"request_id": "two-stage-v1|scaffolding-448|explain_executor|glm-5.2", "queue_rank": 73, "call_type": "explain_executor", "target_act": "probing", "ok": true, "error": ""}
{"request_id": "two-stage-v1|scaffolding-715|selector_ask_first|glm-5.2", "queue_rank": 74, "call_type": "selector_ask_first", "target_act": "probing", "ok": true, "error": ""}
{"request_id": "two-stage-v1|scaffolding-363|single_pass_adaptive|glm-5.2", "queue_rank": 48, "call_type": "single_pass_adaptive", "target_act": "probing", "ok": true, "error": ""}
{"request_id": "two-stage-v1|scaffolding-448|selector_explain_first|glm-5.2", "queue_rank": 71, "call_type": "selector_explain_first", "target_act": "probing", "ok": true, "error": ""}
{"request_id": "two-stage-v1|scaffolding-780|single_pass_adaptive|glm-5.2", "queue_rank": 76, "call_type": "single_pass_adaptive", "target_act": "probing", "ok": true, "error": ""}
{"request_id": "two-stage-v1|scaffolding-8|ask_executor|glm-5.2", "queue_rank": 79, "call_type": "ask_executor", "target_act": "telling", "ok": true, "error": ""}
{"request_id": "two-stage-v1|scaffolding-8|explain_executor|glm-5.2", "queue_rank": 77, "call_type": "explain_executor", "target_act": "telling", "ok": true, "error": ""}
{"request_id": "two-stage-v1|scaffolding-266|ask_executor|glm-5.2", "queue_rank": 60, "call_type": "ask_executor", "target_act": "probing", "ok": true, "error": ""}
{"request_id": "two-stage-v1|scaffolding-804|explain_executor|glm-5.2", "queue_rank": 81, "call_type": "explain_executor", "target_act": "probing", "ok": true, "error": ""}
{"request_id": "two-stage-v1|scaffolding-137|ask_executor|glm-5.2", "queue_rank": 78, "call_type": "ask_executor", "target_act": "probing", "ok": true, "error": ""}
{"request_id": "two-stage-v1|scaffolding-60|selector_ask_first|glm-5.2", "queue_rank": 84, "call_type": "selector_ask_first", "target_act": "telling", "ok": true, "error": ""}
{"request_id": "two-stage-v1|scaffolding-193|ask_executor|glm-5.2", "queue_rank": 80, "call_type": "ask_executor", "target_act": "probing", "ok": true, "error": ""}
{"request_id": "two-stage-v1|scaffolding-602|single_pass_adaptive|glm-5.2", "queue_rank": 85, "call_type": "single_pass_adaptive", "target_act": "probing", "ok": true, "error": ""}
{"request_id": "two-stage-v1|scaffolding-266|single_pass_adaptive|glm-5.2", "queue_rank": 90, "call_type": "single_pass_adaptive", "target_act": "probing", "ok": true, "error": ""}
{"request_id": "two-stage-v1|scaffolding-903|selector_explain_first|glm-5.2", "queue_rank": 87, "call_type": "selector_explain_first", "target_act": "probing", "ok": true, "error": ""}
{"request_id": "two-stage-v1|scaffolding-99|explain_executor|glm-5.2", "queue_rank": 89, "call_type": "explain_executor", "target_act": "telling", "ok": true, "error": ""}
{"request_id": "two-stage-v1|scaffolding-177|selector_explain_first|glm-5.2", "queue_rank": 82, "call_type": "selector_explain_first", "target_act": "telling", "ok": true, "error": ""}
{"request_id": "two-stage-v1|scaffolding-232|selector_ask_first|glm-5.2", "queue_rank": 88, "call_type": "selector_ask_first", "target_act": "probing", "ok": true, "error": ""}
{"request_id": "two-stage-v1|scaffolding-60|explain_executor|glm-5.2", "queue_rank": 94, "call_type": "explain_executor", "target_act": "telling", "ok": true, "error": ""}
{"request_id": "two-stage-v1|scaffolding-686|single_pass_adaptive|glm-5.2", "queue_rank": 95, "call_type": "single_pass_adaptive", "target_act": "telling", "ok": true, "error": ""}
{"request_id": "two-stage-v1|scaffolding-845|selector_ask_first|glm-5.2", "queue_rank": 92, "call_type": "selector_ask_first", "target_act": "telling", "ok": true, "error": ""}
{"request_id": "two-stage-v1|scaffolding-610|selector_explain_first|glm-5.2", "queue_rank": 91, "call_type": "selector_explain_first", "target_act": "probing", "ok": true, "error": ""}
{"request_id": "two-stage-v1|scaffolding-749|explain_executor|glm-5.2", "queue_rank": 93, "call_type": "explain_executor", "target_act": "probing", "ok": true, "error": ""}
{"request_id": "two-stage-v1|scaffolding-610|ask_executor|glm-5.2", "queue_rank": 98, "call_type": "ask_executor", "target_act": "probing", "ok": true, "error": ""}
{"request_id": "two-stage-v1|scaffolding-715|ask_executor|glm-5.2", "queue_rank": 100, "call_type": "ask_executor", "target_act": "probing", "ok": true, "error": ""}
{"request_id": "two-stage-v1|scaffolding-60|ask_executor|glm-5.2", "queue_rank": 97, "call_type": "ask_executor", "target_act": "telling", "ok": true, "error": ""}
{"request_id": "two-stage-v1|scaffolding-500|selector_explain_first|glm-5.2", "queue_rank": 99, "call_type": "selector_explain_first", "target_act": "telling", "ok": true, "error": ""}
{"request_id": "two-stage-v1|scaffolding-240|selector_ask_first|glm-5.2", "queue_rank": 96, "call_type": "selector_ask_first", "target_act": "probing", "ok": true, "error": ""}
{"request_id": "two-stage-v1|scaffolding-758|single_pass_adaptive|glm-5.2", "queue_rank": 103, "call_type": "single_pass_adaptive", "target_act": "telling", "ok": true, "error": ""}
{"request_id": "two-stage-v1|scaffolding-500|ask_executor|glm-5.2", "queue_rank": 101, "call_type": "ask_executor", "target_act": "telling", "ok": true, "error": ""}
{"request_id": "two-stage-v1|scaffolding-974|selector_ask_first|glm-5.2", "queue_rank": 102, "call_type": "selector_ask_first", "target_act": "telling", "ok": true, "error": ""}
{"request_id": "two-stage-v1|scaffolding-146|single_pass_adaptive|glm-5.2", "queue_rank": 106, "call_type": "single_pass_adaptive", "target_act": "probing", "ok": true, "error": ""}
{"request_id": "two-stage-v1|scaffolding-123|ask_executor|glm-5.2", "queue_rank": 83, "call_type": "ask_executor", "target_act": "telling", "ok": true, "error": ""}
{"request_id": "two-stage-v1|scaffolding-193|selector_ask_first|glm-5.2", "queue_rank": 104, "call_type": "selector_ask_first", "target_act": "probing", "ok": true, "error": ""}
{"request_id": "two-stage-v1|scaffolding-919|explain_executor|glm-5.2", "queue_rank": 107, "call_type": "explain_executor", "target_act": "telling", "ok": true, "error": ""}
{"request_id": "two-stage-v1|scaffolding-685|selector_explain_first|glm-5.2", "queue_rank": 108, "call_type": "selector_explain_first", "target_act": "telling", "ok": true, "error": ""}
{"request_id": "two-stage-v1|scaffolding-589|selector_explain_first|glm-5.2", "queue_rank": 105, "call_type": "selector_explain_first", "target_act": "probing", "ok": true, "error": ""}
{"request_id": "two-stage-v1|scaffolding-623|explain_executor|glm-5.2", "queue_rank": 109, "call_type": "explain_executor", "target_act": "probing", "ok": true, "error": ""}
{"request_id": "two-stage-v1|scaffolding-721|single_pass_adaptive|glm-5.2", "queue_rank": 110, "call_type": "single_pass_adaptive", "target_act": "telling", "ok": true, "error": ""}
{"request_id": "two-stage-v1|scaffolding-55|explain_executor|glm-5.2", "queue_rank": 113, "call_type": "explain_executor", "target_act": "telling", "ok": true, "error": ""}
{"request_id": "two-stage-v1|scaffolding-619|ask_executor|glm-5.2", "queue_rank": 114, "call_type": "ask_executor", "target_act": "probing", "ok": true, "error": ""}
{"request_id": "two-stage-v1|scaffolding-698|selector_explain_first|glm-5.2", "queue_rank": 111, "call_type": "selector_explain_first", "target_act": "telling", "ok": true, "error": ""}
{"request_id": "two-stage-v1|scaffolding-2|selector_ask_first|glm-5.2", "queue_rank": 118, "call_type": "selector_ask_first", "target_act": "telling", "ok": true, "error": ""}
{"request_id": "two-stage-v1|scaffolding-193|selector_explain_first|glm-5.2", "queue_rank": 112, "call_type": "selector_explain_first", "target_act": "probing", "ok": true, "error": ""}
{"request_id": "two-stage-v1|scaffolding-177|ask_executor|glm-5.2", "queue_rank": 115, "call_type": "ask_executor", "target_act": "telling", "ok": true, "error": ""}
{"request_id": "two-stage-v1|scaffolding-991|selector_explain_first|glm-5.2", "queue_rank": 121, "call_type": "selector_explain_first", "target_act": "probing", "ok": true, "error": ""}
{"request_id": "two-stage-v1|scaffolding-678|explain_executor|glm-5.2", "queue_rank": 119, "call_type": "explain_executor", "target_act": "probing", "ok": true, "error": ""}
{"request_id": "two-stage-v1|scaffolding-879|selector_ask_first|glm-5.2", "queue_rank": 117, "call_type": "selector_ask_first", "target_act": "probing", "ok": true, "error": ""}
{"request_id": "two-stage-v1|scaffolding-758|selector_explain_first|glm-5.2", "queue_rank": 120, "call_type": "selector_explain_first", "target_act": "telling", "ok": true, "error": ""}
{"request_id": "two-stage-v1|scaffolding-903|single_pass_adaptive|glm-5.2", "queue_rank": 116, "call_type": "single_pass_adaptive", "target_act": "probing", "ok": true, "error": ""}
{"request_id": "two-stage-v1|scaffolding-15|explain_executor|glm-5.2", "queue_rank": 124, "call_type": "explain_executor", "target_act": "telling", "ok": true, "error": ""}
{"request_id": "two-stage-v1|scaffolding-577|ask_executor|glm-5.2", "queue_rank": 127, "call_type": "ask_executor", "target_act": "probing", "ok": true, "error": ""}
{"request_id": "two-stage-v1|scaffolding-619|selector_ask_first|glm-5.2", "queue_rank": 126, "call_type": "selector_ask_first", "target_act": "probing", "ok": true, "error": ""}
{"request_id": "two-stage-v1|scaffolding-169|ask_executor|glm-5.2", "queue_rank": 122, "call_type": "ask_executor", "target_act": "telling", "ok": true, "error": ""}
{"request_id": "two-stage-v1|scaffolding-678|selector_ask_first|glm-5.2", "queue_rank": 130, "call_type": "selector_ask_first", "target_act": "probing", "ok": true, "error": ""}
{"request_id": "two-stage-v1|scaffolding-801|selector_ask_first|glm-5.2", "queue_rank": 129, "call_type": "selector_ask_first", "target_act": "telling", "ok": true, "error": ""}
{"request_id": "two-stage-v1|scaffolding-8|single_pass_adaptive|glm-5.2", "queue_rank": 125, "call_type": "single_pass_adaptive", "target_act": "telling", "ok": true, "error": ""}
{"request_id": "two-stage-v1|scaffolding-451|single_pass_adaptive|glm-5.2", "queue_rank": 55, "call_type": "single_pass_adaptive", "target_act": "probing", "ok": true, "error": ""}
{"request_id": "two-stage-v1|scaffolding-481|single_pass_adaptive|glm-5.2", "queue_rank": 123, "call_type": "single_pass_adaptive", "target_act": "probing", "ok": true, "error": ""}
{"request_id": "two-stage-v1|scaffolding-309|explain_executor|glm-5.2", "queue_rank": 128, "call_type": "explain_executor", "target_act": "probing", "ok": true, "error": ""}
{"request_id": "two-stage-v1|scaffolding-491|explain_executor|glm-5.2", "queue_rank": 131, "call_type": "explain_executor", "target_act": "probing", "ok": true, "error": ""}
{"request_id": "two-stage-v1|scaffolding-909|ask_executor|glm-5.2", "queue_rank": 135, "call_type": "ask_executor", "target_act": "telling", "ok": true, "error": ""}
{"request_id": "two-stage-v1|scaffolding-57|explain_executor|glm-5.2", "queue_rank": 132, "call_type": "explain_executor", "target_act": "telling", "ok": true, "error": ""}
{"request_id": "two-stage-v1|scaffolding-74|single_pass_adaptive|glm-5.2", "queue_rank": 133, "call_type": "single_pass_adaptive", "target_act": "probing", "ok": true, "error": ""}
{"request_id": "two-stage-v1|scaffolding-758|selector_ask_first|glm-5.2", "queue_rank": 139, "call_type": "selector_ask_first", "target_act": "telling", "ok": true, "error": ""}
{"request_id": "two-stage-v1|scaffolding-721|selector_explain_first|glm-5.2", "queue_rank": 137, "call_type": "selector_explain_first", "target_act": "telling", "ok": true, "error": ""}
{"request_id": "two-stage-v1|scaffolding-968|single_pass_adaptive|glm-5.2", "queue_rank": 136, "call_type": "single_pass_adaptive", "target_act": "telling", "ok": true, "error": ""}
{"request_id": "two-stage-v1|scaffolding-55|single_pass_adaptive|glm-5.2", "queue_rank": 140, "call_type": "single_pass_adaptive", "target_act": "telling", "ok": true, "error": ""}
{"request_id": "two-stage-v1|scaffolding-698|single_pass_adaptive|glm-5.2", "queue_rank": 86, "call_type": "single_pass_adaptive", "target_act": "telling", "ok": true, "error": ""}
{"request_id": "two-stage-v1|scaffolding-589|ask_executor|glm-5.2", "queue_rank": 134, "call_type": "ask_executor", "target_act": "probing", "ok": true, "error": ""}
{"request_id": "two-stage-v1|scaffolding-99|selector_ask_first|glm-5.2", "queue_rank": 142, "call_type": "selector_ask_first", "target_act": "telling", "ok": true, "error": ""}
{"request_id": "two-stage-v1|scaffolding-251|selector_explain_first|glm-5.2", "queue_rank": 143, "call_type": "selector_explain_first", "target_act": "probing", "ok": true, "error": ""}
{"request_id": "two-stage-v1|scaffolding-451|explain_executor|glm-5.2", "queue_rank": 146, "call_type": "explain_executor", "target_act": "probing", "ok": true, "error": ""}
{"request_id": "two-stage-v1|scaffolding-137|selector_explain_first|glm-5.2", "queue_rank": 138, "call_type": "selector_explain_first", "target_act": "probing", "ok": true, "error": ""}
{"request_id": "two-stage-v1|scaffolding-124|ask_executor|glm-5.2", "queue_rank": 147, "call_type": "ask_executor", "target_act": "probing", "ok": true, "error": ""}
{"request_id": "two-stage-v1|scaffolding-477|single_pass_adaptive|glm-5.2", "queue_rank": 148, "call_type": "single_pass_adaptive", "target_act": "probing", "ok": true, "error": ""}
{"request_id": "two-stage-v1|scaffolding-57|selector_explain_first|glm-5.2", "queue_rank": 141, "call_type": "selector_explain_first", "target_act": "telling", "ok": true, "error": ""}
{"request_id": "two-stage-v1|scaffolding-123|explain_executor|glm-5.2", "queue_rank": 149, "call_type": "explain_executor", "target_act": "telling", "ok": true, "error": ""}
{"request_id": "two-stage-v1|scaffolding-610|explain_executor|glm-5.2", "queue_rank": 153, "call_type": "explain_executor", "target_act": "probing", "ok": true, "error": ""}
{"request_id": "two-stage-v1|scaffolding-921|explain_executor|glm-5.2", "queue_rank": 155, "call_type": "explain_executor", "target_act": "telling", "ok": true, "error": ""}
{"request_id": "two-stage-v1|scaffolding-804|selector_explain_first|glm-5.2", "queue_rank": 150, "call_type": "selector_explain_first", "target_act": "probing", "ok": true, "error": ""}
{"request_id": "two-stage-v1|scaffolding-338|ask_executor|glm-5.2", "queue_rank": 151, "call_type": "ask_executor", "target_act": "probing", "ok": true, "error": ""}
{"request_id": "two-stage-v1|scaffolding-749|selector_ask_first|glm-5.2", "queue_rank": 156, "call_type": "selector_ask_first", "target_act": "probing", "ok": true, "error": ""}
{"request_id": "two-stage-v1|scaffolding-363|selector_ask_first|glm-5.2", "queue_rank": 145, "call_type": "selector_ask_first", "target_act": "probing", "ok": true, "error": ""}
{"request_id": "two-stage-v1|scaffolding-99|selector_explain_first|glm-5.2", "queue_rank": 154, "call_type": "selector_explain_first", "target_act": "telling", "ok": true, "error": ""}
{"request_id": "two-stage-v1|scaffolding-47|single_pass_adaptive|glm-5.2", "queue_rank": 159, "call_type": "single_pass_adaptive", "target_act": "telling", "ok": true, "error": ""}
{"request_id": "two-stage-v1|scaffolding-799|ask_executor|glm-5.2", "queue_rank": 158, "call_type": "ask_executor", "target_act": "telling", "ok": true, "error": ""}
{"request_id": "two-stage-v1|scaffolding-715|selector_explain_first|glm-5.2", "queue_rank": 160, "call_type": "selector_explain_first", "target_act": "probing", "ok": true, "error": ""}
{"request_id": "two-stage-v1|scaffolding-674|explain_executor|glm-5.2", "queue_rank": 162, "call_type": "explain_executor", "target_act": "probing", "ok": true, "error": ""}
{"request_id": "two-stage-v1|scaffolding-749|ask_executor|glm-5.2", "queue_rank": 163, "call_type": "ask_executor", "target_act": "probing", "ok": true, "error": ""}
{"request_id": "two-stage-v1|scaffolding-719|selector_explain_first|glm-5.2", "queue_rank": 161, "call_type": "selector_explain_first", "target_act": "telling", "ok": true, "error": ""}
{"request_id": "two-stage-v1|scaffolding-721|ask_executor|glm-5.2", "queue_rank": 165, "call_type": "ask_executor", "target_act": "telling", "ok": true, "error": ""}
{"request_id": "two-stage-v1|scaffolding-148|single_pass_adaptive|glm-5.2", "queue_rank": 152, "call_type": "single_pass_adaptive", "target_act": "probing", "ok": true, "error": ""}
{"request_id": "two-stage-v1|scaffolding-7|single_pass_adaptive|glm-5.2", "queue_rank": 166, "call_type": "single_pass_adaptive", "target_act": "telling", "ok": true, "error": ""}
{"request_id": "two-stage-v1|scaffolding-698|explain_executor|glm-5.2", "queue_rank": 170, "call_type": "explain_executor", "target_act": "telling", "ok": true, "error": ""}
{"request_id": "two-stage-v1|scaffolding-9|selector_ask_first|glm-5.2", "queue_rank": 167, "call_type": "selector_ask_first", "target_act": "telling", "ok": true, "error": ""}
{"request_id": "two-stage-v1|scaffolding-736|single_pass_adaptive|glm-5.2", "queue_rank": 168, "call_type": "single_pass_adaptive", "target_act": "probing", "ok": true, "error": ""}
{"request_id": "two-stage-v1|scaffolding-177|explain_executor|glm-5.2", "queue_rank": 164, "call_type": "explain_executor", "target_act": "telling", "ok": true, "error": ""}
{"request_id": "two-stage-v1|scaffolding-799|selector_ask_first|glm-5.2", "queue_rank": 157, "call_type": "selector_ask_first", "target_act": "telling", "ok": true, "error": ""}
{"request_id": "two-stage-v1|scaffolding-169|single_pass_adaptive|glm-5.2", "queue_rank": 171, "call_type": "single_pass_adaptive", "target_act": "telling", "ok": true, "error": ""}
{"request_id": "two-stage-v1|scaffolding-623|ask_executor|glm-5.2", "queue_rank": 173, "call_type": "ask_executor", "target_act": "probing", "ok": true, "error": ""}
{"request_id": "two-stage-v1|scaffolding-909|selector_explain_first|glm-5.2", "queue_rank": 175, "call_type": "selector_explain_first", "target_act": "telling", "ok": true, "error": ""}
{"request_id": "two-stage-v1|scaffolding-589|selector_ask_first|glm-5.2", "queue_rank": 169, "call_type": "selector_ask_first", "target_act": "probing", "ok": true, "error": ""}
{"request_id": "two-stage-v1|scaffolding-146|selector_explain_first|glm-5.2", "queue_rank": 172, "call_type": "selector_explain_first", "target_act": "probing", "ok": true, "error": ""}
{"request_id": "two-stage-v1|scaffolding-7|ask_executor|glm-5.2", "queue_rank": 179, "call_type": "ask_executor", "target_act": "telling", "ok": true, "error": ""}
{"request_id": "two-stage-v1|scaffolding-722|explain_executor|glm-5.2", "queue_rank": 180, "call_type": "explain_executor", "target_act": "telling", "ok": true, "error": ""}
{"request_id": "two-stage-v1|scaffolding-577|selector_ask_first|glm-5.2", "queue_rank": 177, "call_type": "selector_ask_first", "target_act": "probing", "ok": true, "error": ""}
{"request_id": "two-stage-v1|scaffolding-74|explain_executor|glm-5.2", "queue_rank": 181, "call_type": "explain_executor", "target_act": "probing", "ok": true, "error": ""}
{"request_id": "two-stage-v1|scaffolding-216|selector_ask_first|glm-5.2", "queue_rank": 174, "call_type": "selector_ask_first", "target_act": "telling", "ok": true, "error": ""}
{"request_id": "two-stage-v1|scaffolding-915|ask_executor|glm-5.2", "queue_rank": 184, "call_type": "ask_executor", "target_act": "telling", "ok": true, "error": ""}
{"request_id": "two-stage-v1|scaffolding-678|single_pass_adaptive|glm-5.2", "queue_rank": 185, "call_type": "single_pass_adaptive", "target_act": "probing", "ok": true, "error": ""}
{"request_id": "two-stage-v1|scaffolding-268|single_pass_adaptive|glm-5.2", "queue_rank": 178, "call_type": "single_pass_adaptive", "target_act": "probing", "ok": true, "error": ""}
{"request_id": "two-stage-v1|scaffolding-8|selector_ask_first|glm-5.2", "queue_rank": 183, "call_type": "selector_ask_first", "target_act": "telling", "ok": true, "error": ""}
{"request_id": "two-stage-v1|scaffolding-491|selector_ask_first|glm-5.2", "queue_rank": 188, "call_type": "selector_ask_first", "target_act": "probing", "ok": true, "error": ""}
{"request_id": "two-stage-v1|scaffolding-12|selector_explain_first|glm-5.2", "queue_rank": 189, "call_type": "selector_explain_first", "target_act": "telling", "ok": true, "error": ""}
{"request_id": "two-stage-v1|scaffolding-919|single_pass_adaptive|glm-5.2", "queue_rank": 186, "call_type": "single_pass_adaptive", "target_act": "telling", "ok": true, "error": ""}
{"request_id": "two-stage-v1|scaffolding-322|single_pass_adaptive|glm-5.2", "queue_rank": 190, "call_type": "single_pass_adaptive", "target_act": "telling", "ok": true, "error": ""}
{"request_id": "two-stage-v1|scaffolding-835|ask_executor|glm-5.2", "queue_rank": 182, "call_type": "ask_executor", "target_act": "probing", "ok": true, "error": ""}
{"request_id": "two-stage-v1|scaffolding-774|selector_explain_first|glm-5.2", "queue_rank": 187, "call_type": "selector_explain_first", "target_act": "probing", "ok": true, "error": ""}
{"request_id": "two-stage-v1|scaffolding-685|explain_executor|glm-5.2", "queue_rank": 192, "call_type": "explain_executor", "target_act": "telling", "ok": true, "error": ""}
{"request_id": "two-stage-v1|scaffolding-715|single_pass_adaptive|glm-5.2", "queue_rank": 195, "call_type": "single_pass_adaptive", "target_act": "probing", "ok": true, "error": ""}
{"request_id": "two-stage-v1|scaffolding-589|explain_executor|glm-5.2", "queue_rank": 194, "call_type": "explain_executor", "target_act": "probing", "ok": true, "error": ""}
{"request_id": "two-stage-v1|scaffolding-123|selector_ask_first|glm-5.2", "queue_rank": 191, "call_type": "selector_ask_first", "target_act": "telling", "ok": true, "error": ""}
{"request_id": "two-stage-v1|scaffolding-176|ask_executor|glm-5.2", "queue_rank": 198, "call_type": "ask_executor", "target_act": "telling", "ok": true, "error": ""}
{"request_id": "two-stage-v1|scaffolding-968|ask_executor|glm-5.2", "queue_rank": 144, "call_type": "ask_executor", "target_act": "telling", "ok": true, "error": ""}
{"request_id": "two-stage-v1|scaffolding-835|selector_ask_first|glm-5.2", "queue_rank": 196, "call_type": "selector_ask_first", "target_act": "probing", "ok": true, "error": ""}
{"request_id": "two-stage-v1|scaffolding-240|ask_executor|glm-5.2", "queue_rank": 197, "call_type": "ask_executor", "target_act": "probing", "ok": true, "error": ""}
{"request_id": "two-stage-v1|scaffolding-678|ask_executor|glm-5.2", "queue_rank": 203, "call_type": "ask_executor", "target_act": "probing", "ok": true, "error": ""}
{"request_id": "two-stage-v1|scaffolding-704|selector_explain_first|glm-5.2", "queue_rank": 193, "call_type": "selector_explain_first", "target_act": "probing", "ok": true, "error": ""}
{"request_id": "two-stage-v1|scaffolding-137|selector_ask_first|glm-5.2", "queue_rank": 201, "call_type": "selector_ask_first", "target_act": "probing", "ok": true, "error": ""}
{"request_id": "two-stage-v1|scaffolding-722|selector_explain_first|glm-5.2", "queue_rank": 202, "call_type": "selector_explain_first", "target_act": "telling", "ok": true, "error": ""}
{"request_id": "two-stage-v1|scaffolding-59|selector_explain_first|glm-5.2", "queue_rank": 199, "call_type": "selector_explain_first", "target_act": "telling", "ok": true, "error": ""}
{"request_id": "two-stage-v1|scaffolding-722|single_pass_adaptive|glm-5.2", "queue_rank": 204, "call_type": "single_pass_adaptive", "target_act": "telling", "ok": true, "error": ""}
{"request_id": "two-stage-v1|scaffolding-232|selector_explain_first|glm-5.2", "queue_rank": 206, "call_type": "selector_explain_first", "target_act": "probing", "ok": true, "error": ""}
{"request_id": "two-stage-v1|scaffolding-363|explain_executor|glm-5.2", "queue_rank": 200, "call_type": "explain_executor", "target_act": "probing", "ok": true, "error": ""}
{"request_id": "two-stage-v1|scaffolding-953|explain_executor|glm-5.2", "queue_rank": 176, "call_type": "explain_executor", "target_act": "probing", "ok": true, "error": ""}
{"request_id": "two-stage-v1|scaffolding-800|selector_ask_first|glm-5.2", "queue_rank": 205, "call_type": "selector_ask_first", "target_act": "telling", "ok": true, "error": ""}
{"request_id": "two-stage-v1|scaffolding-793|ask_executor|glm-5.2", "queue_rank": 207, "call_type": "ask_executor", "target_act": "telling", "ok": true, "error": ""}
{"request_id": "two-stage-v1|scaffolding-703|single_pass_adaptive|glm-5.2", "queue_rank": 212, "call_type": "single_pass_adaptive", "target_act": "probing", "ok": true, "error": ""}
{"request_id": "two-stage-v1|scaffolding-251|single_pass_adaptive|glm-5.2", "queue_rank": 209, "call_type": "single_pass_adaptive", "target_act": "probing", "ok": true, "error": ""}
{"request_id": "two-stage-v1|scaffolding-240|explain_executor|glm-5.2", "queue_rank": 210, "call_type": "explain_executor", "target_act": "probing", "ok": true, "error": ""}
{"request_id": "two-stage-v1|scaffolding-268|selector_ask_first|glm-5.2", "queue_rank": 211, "call_type": "selector_ask_first", "target_act": "probing", "ok": true, "error": ""}
{"request_id": "two-stage-v1|scaffolding-12|single_pass_adaptive|glm-5.2", "queue_rank": 213, "call_type": "single_pass_adaptive", "target_act": "telling", "ok": true, "error": ""}
{"request_id": "two-stage-v1|scaffolding-919|selector_ask_first|glm-5.2", "queue_rank": 216, "call_type": "selector_ask_first", "target_act": "telling", "ok": true, "error": ""}
{"request_id": "two-stage-v1|scaffolding-9|explain_executor|glm-5.2", "queue_rank": 217, "call_type": "explain_executor", "target_act": "telling", "ok": true, "error": ""}
{"request_id": "two-stage-v1|scaffolding-769|ask_executor|glm-5.2", "queue_rank": 218, "call_type": "ask_executor", "target_act": "probing", "ok": true, "error": ""}
{"request_id": "two-stage-v1|scaffolding-1085|single_pass_adaptive|glm-5.2", "queue_rank": 220, "call_type": "single_pass_adaptive", "target_act": "telling", "ok": true, "error": ""}
{"request_id": "two-stage-v1|scaffolding-216|ask_executor|glm-5.2", "queue_rank": 219, "call_type": "ask_executor", "target_act": "telling", "ok": true, "error": ""}
{"request_id": "two-stage-v1|scaffolding-15|selector_ask_first|glm-5.2", "queue_rank": 224, "call_type": "selector_ask_first", "target_act": "telling", "ok": true, "error": ""}
{"request_id": "two-stage-v1|scaffolding-55|selector_explain_first|glm-5.2", "queue_rank": 214, "call_type": "selector_explain_first", "target_act": "telling", "ok": true, "error": ""}
{"request_id": "two-stage-v1|scaffolding-991|single_pass_adaptive|glm-5.2", "queue_rank": 225, "call_type": "single_pass_adaptive", "target_act": "probing", "ok": true, "error": ""}
{"request_id": "two-stage-v1|scaffolding-47|selector_explain_first|glm-5.2", "queue_rank": 222, "call_type": "selector_explain_first", "target_act": "telling", "ok": true, "error": ""}
{"request_id": "two-stage-v1|scaffolding-686|explain_executor|glm-5.2", "queue_rank": 227, "call_type": "explain_executor", "target_act": "telling", "ok": true, "error": ""}
{"request_id": "two-stage-v1|scaffolding-909|explain_executor|glm-5.2", "queue_rank": 208, "call_type": "explain_executor", "target_act": "telling", "ok": true, "error": ""}
{"request_id": "two-stage-v1|scaffolding-780|selector_explain_first|glm-5.2", "queue_rank": 226, "call_type": "selector_explain_first", "target_act": "probing", "ok": true, "error": ""}
{"request_id": "two-stage-v1|scaffolding-307|selector_explain_first|glm-5.2", "queue_rank": 215, "call_type": "selector_explain_first", "target_act": "probing", "ok": true, "error": ""}
{"request_id": "two-stage-v1|scaffolding-56|ask_executor|glm-5.2", "queue_rank": 228, "call_type": "ask_executor", "target_act": "telling", "ok": true, "error": ""}
{"request_id": "two-stage-v1|scaffolding-363|ask_executor|glm-5.2", "queue_rank": 221, "call_type": "ask_executor", "target_act": "probing", "ok": true, "error": ""}
{"request_id": "two-stage-v1|scaffolding-137|explain_executor|glm-5.2", "queue_rank": 233, "call_type": "explain_executor", "target_act": "probing", "ok": true, "error": ""}
{"request_id": "two-stage-v1|scaffolding-640|selector_ask_first|glm-5.2", "queue_rank": 232, "call_type": "selector_ask_first", "target_act": "telling", "ok": true, "error": ""}
{"request_id": "two-stage-v1|scaffolding-240|selector_explain_first|glm-5.2", "queue_rank": 230, "call_type": "selector_explain_first", "target_act": "probing", "ok": true, "error": ""}
{"request_id": "two-stage-v1|scaffolding-193|single_pass_adaptive|glm-5.2", "queue_rank": 231, "call_type": "single_pass_adaptive", "target_act": "probing", "ok": true, "error": ""}
{"request_id": "two-stage-v1|scaffolding-801|ask_executor|glm-5.2", "queue_rank": 237, "call_type": "ask_executor", "target_act": "telling", "ok": true, "error": ""}
{"request_id": "two-stage-v1|scaffolding-915|selector_explain_first|glm-5.2", "queue_rank": 235, "call_type": "selector_explain_first", "target_act": "telling", "ok": true, "error": ""}
{"request_id": "two-stage-v1|scaffolding-799|single_pass_adaptive|glm-5.2", "queue_rank": 236, "call_type": "single_pass_adaptive", "target_act": "telling", "ok": true, "error": ""}
{"request_id": "two-stage-v1|scaffolding-309|selector_ask_first|glm-5.2", "queue_rank": 234, "call_type": "selector_ask_first", "target_act": "probing", "ok": true, "error": ""}
{"request_id": "two-stage-v1|scaffolding-491|ask_executor|glm-5.2", "queue_rank": 238, "call_type": "ask_executor", "target_act": "probing", "ok": true, "error": ""}
{"request_id": "two-stage-v1|scaffolding-266|explain_executor|glm-5.2", "queue_rank": 229, "call_type": "explain_executor", "target_act": "probing", "ok": true, "error": ""}
{"request_id": "two-stage-v1|scaffolding-524|explain_executor|glm-5.2", "queue_rank": 239, "call_type": "explain_executor", "target_act": "telling", "ok": true, "error": ""}
{"request_id": "two-stage-v1|scaffolding-801|explain_executor|glm-5.2", "queue_rank": 242, "call_type": "explain_executor", "target_act": "telling", "ok": true, "error": ""}
{"request_id": "two-stage-v1|scaffolding-453|explain_executor|glm-5.2", "queue_rank": 240, "call_type": "explain_executor", "target_act": "probing", "ok": true, "error": ""}
{"request_id": "two-stage-v1|scaffolding-640|single_pass_adaptive|glm-5.2", "queue_rank": 244, "call_type": "single_pass_adaptive", "target_act": "telling", "ok": true, "error": ""}
{"request_id": "two-stage-v1|scaffolding-446|selector_ask_first|glm-5.2", "queue_rank": 245, "call_type": "selector_ask_first", "target_act": "probing", "ok": true, "error": ""}
{"request_id": "two-stage-v1|scaffolding-780|ask_executor|glm-5.2", "queue_rank": 243, "call_type": "ask_executor", "target_act": "probing", "ok": true, "error": ""}
{"request_id": "two-stage-v1|scaffolding-589|single_pass_adaptive|glm-5.2", "queue_rank": 246, "call_type": "single_pass_adaptive", "target_act": "probing", "ok": true, "error": ""}
{"request_id": "two-stage-v1|scaffolding-845|ask_executor|glm-5.2", "queue_rank": 249, "call_type": "ask_executor", "target_act": "telling", "ok": true, "error": ""}
{"request_id": "two-stage-v1|scaffolding-176|selector_ask_first|glm-5.2", "queue_rank": 248, "call_type": "selector_ask_first", "target_act": "telling", "ok": true, "error": ""}
{"request_id": "two-stage-v1|scaffolding-729|selector_explain_first|glm-5.2", "queue_rank": 247, "call_type": "selector_explain_first", "target_act": "probing", "ok": true, "error": ""}
{"request_id": "two-stage-v1|scaffolding-491|single_pass_adaptive|glm-5.2", "queue_rank": 250, "call_type": "single_pass_adaptive", "target_act": "probing", "ok": true, "error": ""}
{"request_id": "two-stage-v1|scaffolding-780|explain_executor|glm-5.2", "queue_rank": 255, "call_type": "explain_executor", "target_act": "probing", "ok": true, "error": ""}
{"request_id": "two-stage-v1|scaffolding-909|selector_ask_first|glm-5.2", "queue_rank": 251, "call_type": "selector_ask_first", "target_act": "telling", "ok": true, "error": ""}
{"request_id": "two-stage-v1|scaffolding-169|selector_explain_first|glm-5.2", "queue_rank": 252, "call_type": "selector_explain_first", "target_act": "telling", "ok": true, "error": ""}
{"request_id": "two-stage-v1|scaffolding-491|selector_explain_first|glm-5.2", "queue_rank": 254, "call_type": "selector_explain_first", "target_act": "probing", "ok": true, "error": ""}
{"request_id": "two-stage-v1|scaffolding-685|ask_executor|glm-5.2", "queue_rank": 258, "call_type": "ask_executor", "target_act": "telling", "ok": true, "error": ""}
{"request_id": "two-stage-v1|scaffolding-774|ask_executor|glm-5.2", "queue_rank": 257, "call_type": "ask_executor", "target_act": "probing", "ok": true, "error": ""}
{"request_id": "two-stage-v1|scaffolding-921|selector_explain_first|glm-5.2", "queue_rank": 241, "call_type": "selector_explain_first", "target_act": "telling", "ok": true, "error": ""}
{"request_id": "two-stage-v1|scaffolding-121|selector_ask_first|glm-5.2", "queue_rank": 256, "call_type": "selector_ask_first", "target_act": "probing", "ok": true, "error": ""}
{"request_id": "two-stage-v1|scaffolding-446|explain_executor|glm-5.2", "queue_rank": 260, "call_type": "explain_executor", "target_act": "probing", "ok": true, "error": ""}
{"request_id": "two-stage-v1|scaffolding-324|explain_executor|glm-5.2", "queue_rank": 259, "call_type": "explain_executor", "target_act": "telling", "ok": true, "error": ""}
{"request_id": "two-stage-v1|scaffolding-7|selector_ask_first|glm-5.2", "queue_rank": 261, "call_type": "selector_ask_first", "target_act": "telling", "ok": true, "error": ""}
{"request_id": "two-stage-v1|scaffolding-686|selector_explain_first|glm-5.2", "queue_rank": 262, "call_type": "selector_explain_first", "target_act": "telling", "ok": true, "error": ""}
{"request_id": "two-stage-v1|scaffolding-757|explain_executor|glm-5.2", "queue_rank": 264, "call_type": "explain_executor", "target_act": "telling", "ok": true, "error": ""}
{"request_id": "two-stage-v1|scaffolding-55|ask_executor|glm-5.2", "queue_rank": 265, "call_type": "ask_executor", "target_act": "telling", "ok": true, "error": ""}
{"request_id": "two-stage-v1|scaffolding-800|single_pass_adaptive|glm-5.2", "queue_rank": 253, "call_type": "single_pass_adaptive", "target_act": "telling", "ok": true, "error": ""}
{"request_id": "two-stage-v1|scaffolding-704|ask_executor|glm-5.2", "queue_rank": 263, "call_type": "ask_executor", "target_act": "probing", "ok": true, "error": ""}
{"request_id": "two-stage-v1|scaffolding-74|selector_explain_first|glm-5.2", "queue_rank": 269, "call_type": "selector_explain_first", "target_act": "probing", "ok": true, "error": ""}
{"request_id": "two-stage-v1|scaffolding-477|selector_ask_first|glm-5.2", "queue_rank": 268, "call_type": "selector_ask_first", "target_act": "probing", "ok": true, "error": ""}
{"request_id": "two-stage-v1|scaffolding-756|single_pass_adaptive|glm-5.2", "queue_rank": 266, "call_type": "single_pass_adaptive", "target_act": "telling", "ok": true, "error": ""}
{"request_id": "two-stage-v1|scaffolding-251|ask_executor|glm-5.2", "queue_rank": 271, "call_type": "ask_executor", "target_act": "probing", "ok": true, "error": ""}
{"request_id": "two-stage-v1|scaffolding-915|single_pass_adaptive|glm-5.2", "queue_rank": 273, "call_type": "single_pass_adaptive", "target_act": "telling", "ok": true, "error": ""}
{"request_id": "two-stage-v1|scaffolding-338|explain_executor|glm-5.2", "queue_rank": 274, "call_type": "explain_executor", "target_act": "probing", "ok": true, "error": ""}
{"request_id": "two-stage-v1|scaffolding-919|ask_executor|glm-5.2", "queue_rank": 272, "call_type": "ask_executor", "target_act": "telling", "ok": true, "error": ""}
{"request_id": "two-stage-v1|scaffolding-678|selector_explain_first|glm-5.2", "queue_rank": 277, "call_type": "selector_explain_first", "target_act": "probing", "ok": true, "error": ""}
{"request_id": "two-stage-v1|scaffolding-11|selector_explain_first|glm-5.2", "queue_rank": 270, "call_type": "selector_explain_first", "target_act": "telling", "ok": true, "error": ""}
{"request_id": "two-stage-v1|scaffolding-674|selector_ask_first|glm-5.2", "queue_rank": 279, "call_type": "selector_ask_first", "target_act": "probing", "ok": true, "error": ""}
{"request_id": "two-stage-v1|scaffolding-835|single_pass_adaptive|glm-5.2", "queue_rank": 275, "call_type": "single_pass_adaptive", "target_act": "probing", "ok": true, "error": ""}
{"request_id": "two-stage-v1|scaffolding-59|selector_ask_first|glm-5.2", "queue_rank": 276, "call_type": "selector_ask_first", "target_act": "telling", "ok": true, "error": ""}
{"request_id": "two-stage-v1|scaffolding-769|selector_explain_first|glm-5.2", "queue_rank": 281, "call_type": "selector_explain_first", "target_act": "probing", "ok": true, "error": ""}
{"request_id": "two-stage-v1|scaffolding-216|explain_executor|glm-5.2", "queue_rank": 278, "call_type": "explain_executor", "target_act": "telling", "ok": true, "error": ""}
{"request_id": "two-stage-v1|scaffolding-59|explain_executor|glm-5.2", "queue_rank": 283, "call_type": "explain_executor", "target_act": "telling", "ok": true, "error": ""}
{"request_id": "two-stage-v1|scaffolding-322|selector_ask_first|glm-5.2", "queue_rank": 285, "call_type": "selector_ask_first", "target_act": "telling", "ok": true, "error": ""}
{"request_id": "two-stage-v1|scaffolding-758|ask_executor|glm-5.2", "queue_rank": 286, "call_type": "ask_executor", "target_act": "telling", "ok": true, "error": ""}
{"request_id": "two-stage-v1|scaffolding-703|ask_executor|glm-5.2", "queue_rank": 289, "call_type": "ask_executor", "target_act": "probing", "ok": true, "error": ""}
{"request_id": "two-stage-v1|scaffolding-477|explain_executor|glm-5.2", "queue_rank": 282, "call_type": "explain_executor", "target_act": "probing", "ok": true, "error": ""}
{"request_id": "two-stage-v1|scaffolding-481|selector_ask_first|glm-5.2", "queue_rank": 280, "call_type": "selector_ask_first", "target_act": "probing", "ok": true, "error": ""}
{"request_id": "two-stage-v1|scaffolding-448|single_pass_adaptive|glm-5.2", "queue_rank": 288, "call_type": "single_pass_adaptive", "target_act": "probing", "ok": true, "error": ""}
{"request_id": "two-stage-v1|scaffolding-704|selector_ask_first|glm-5.2", "queue_rank": 223, "call_type": "selector_ask_first", "target_act": "probing", "ok": true, "error": ""}
{"request_id": "two-stage-v1|scaffolding-453|ask_executor|glm-5.2", "queue_rank": 291, "call_type": "ask_executor", "target_act": "probing", "ok": true, "error": ""}
{"request_id": "two-stage-v1|scaffolding-59|single_pass_adaptive|glm-5.2", "queue_rank": 287, "call_type": "single_pass_adaptive", "target_act": "telling", "ok": true, "error": ""}
{"request_id": "two-stage-v1|scaffolding-338|single_pass_adaptive|glm-5.2", "queue_rank": 293, "call_type": "single_pass_adaptive", "target_act": "probing", "ok": true, "error": ""}
{"request_id": "two-stage-v1|scaffolding-9|selector_explain_first|glm-5.2", "queue_rank": 290, "call_type": "selector_explain_first", "target_act": "telling", "ok": true, "error": ""}
{"request_id": "two-stage-v1|scaffolding-324|selector_ask_first|glm-5.2", "queue_rank": 292, "call_type": "selector_ask_first", "target_act": "telling", "ok": true, "error": ""}
{"request_id": "two-stage-v1|scaffolding-99|ask_executor|glm-5.2", "queue_rank": 298, "call_type": "ask_executor", "target_act": "telling", "ok": true, "error": ""}
{"request_id": "two-stage-v1|scaffolding-338|selector_explain_first|glm-5.2", "queue_rank": 299, "call_type": "selector_explain_first", "target_act": "probing", "ok": true, "error": ""}
{"request_id": "two-stage-v1|scaffolding-121|explain_executor|glm-5.2", "queue_rank": 294, "call_type": "explain_executor", "target_act": "probing", "ok": true, "error": ""}
{"request_id": "two-stage-v1|scaffolding-148|selector_ask_first|glm-5.2", "queue_rank": 295, "call_type": "selector_ask_first", "target_act": "probing", "ok": true, "error": ""}
{"request_id": "two-stage-v1|scaffolding-729|single_pass_adaptive|glm-5.2", "queue_rank": 267, "call_type": "single_pass_adaptive", "target_act": "probing", "ok": true, "error": ""}
{"request_id": "two-stage-v1|scaffolding-12|ask_executor|glm-5.2", "queue_rank": 301, "call_type": "ask_executor", "target_act": "telling", "ok": true, "error": ""}
{"request_id": "two-stage-v1|scaffolding-1085|explain_executor|glm-5.2", "queue_rank": 305, "call_type": "explain_executor", "target_act": "telling", "ok": true, "error": ""}
{"request_id": "two-stage-v1|scaffolding-756|selector_explain_first|glm-5.2", "queue_rank": 303, "call_type": "selector_explain_first", "target_act": "telling", "ok": true, "error": ""}
{"request_id": "two-stage-v1|scaffolding-123|single_pass_adaptive|glm-5.2", "queue_rank": 304, "call_type": "single_pass_adaptive", "target_act": "telling", "ok": true, "error": ""}
{"request_id": "two-stage-v1|scaffolding-446|ask_executor|glm-5.2", "queue_rank": 300, "call_type": "ask_executor", "target_act": "probing", "ok": true, "error": ""}
{"request_id": "two-stage-v1|scaffolding-124|single_pass_adaptive|glm-5.2", "queue_rank": 302, "call_type": "single_pass_adaptive", "target_act": "probing", "ok": true, "error": ""}
{"request_id": "two-stage-v1|scaffolding-11|selector_ask_first|glm-5.2", "queue_rank": 307, "call_type": "selector_ask_first", "target_act": "telling", "ok": true, "error": ""}
{"request_id": "two-stage-v1|scaffolding-736|selector_ask_first|glm-5.2", "queue_rank": 309, "call_type": "selector_ask_first", "target_act": "probing", "ok": true, "error": ""}
{"request_id": "two-stage-v1|scaffolding-193|explain_executor|glm-5.2", "queue_rank": 306, "call_type": "explain_executor", "target_act": "probing", "ok": true, "error": ""}
{"request_id": "two-stage-v1|scaffolding-324|selector_explain_first|glm-5.2", "queue_rank": 284, "call_type": "selector_explain_first", "target_act": "telling", "ok": true, "error": ""}
{"request_id": "two-stage-v1|scaffolding-736|selector_explain_first|glm-5.2", "queue_rank": 308, "call_type": "selector_explain_first", "target_act": "probing", "ok": true, "error": ""}
{"request_id": "two-stage-v1|scaffolding-322|explain_executor|glm-5.2", "queue_rank": 311, "call_type": "explain_executor", "target_act": "telling", "ok": true, "error": ""}
{"request_id": "two-stage-v1|scaffolding-2|explain_executor|glm-5.2", "queue_rank": 297, "call_type": "explain_executor", "target_act": "telling", "ok": true, "error": ""}
{"request_id": "two-stage-v1|scaffolding-801|single_pass_adaptive|glm-5.2", "queue_rank": 296, "call_type": "single_pass_adaptive", "target_act": "telling", "ok": true, "error": ""}
{"request_id": "two-stage-v1|scaffolding-157|selector_ask_first|glm-5.2", "queue_rank": 310, "call_type": "selector_ask_first", "target_act": "probing", "ok": true, "error": ""}
{"request_id": "two-stage-v1|scaffolding-703|explain_executor|glm-5.2", "queue_rank": 317, "call_type": "explain_executor", "target_act": "probing", "ok": true, "error": ""}
{"request_id": "two-stage-v1|scaffolding-757|ask_executor|glm-5.2", "queue_rank": 314, "call_type": "ask_executor", "target_act": "telling", "ok": true, "error": ""}
{"request_id": "two-stage-v1|scaffolding-909|single_pass_adaptive|glm-5.2", "queue_rank": 319, "call_type": "single_pass_adaptive", "target_act": "telling", "ok": true, "error": ""}
{"request_id": "two-stage-v1|scaffolding-169|selector_ask_first|glm-5.2", "queue_rank": 313, "call_type": "selector_ask_first", "target_act": "telling", "ok": true, "error": ""}
{"request_id": "two-stage-v1|scaffolding-749|single_pass_adaptive|glm-5.2", "queue_rank": 315, "call_type": "single_pass_adaptive", "target_act": "probing", "ok": true, "error": ""}
{"request_id": "two-stage-v1|scaffolding-998|explain_executor|glm-5.2", "queue_rank": 320, "call_type": "explain_executor", "target_act": "telling", "ok": true, "error": ""}
{"request_id": "two-stage-v1|scaffolding-623|selector_explain_first|glm-5.2", "queue_rank": 316, "call_type": "selector_explain_first", "target_act": "probing", "ok": true, "error": ""}
{"request_id": "two-stage-v1|scaffolding-619|single_pass_adaptive|glm-5.2", "queue_rank": 321, "call_type": "single_pass_adaptive", "target_act": "probing", "ok": true, "error": ""}
{"request_id": "two-stage-v1|scaffolding-309|ask_executor|glm-5.2", "queue_rank": 312, "call_type": "ask_executor", "target_act": "probing", "ok": true, "error": ""}
{"request_id": "two-stage-v1|scaffolding-640|selector_explain_first|glm-5.2", "queue_rank": 318, "call_type": "selector_explain_first", "target_act": "telling", "ok": true, "error": ""}
{"request_id": "two-stage-v1|scaffolding-123|selector_explain_first|glm-5.2", "queue_rank": 322, "call_type": "selector_explain_first", "target_act": "telling", "ok": true, "error": ""}
{"request_id": "two-stage-v1|scaffolding-146|explain_executor|glm-5.2", "queue_rank": 329, "call_type": "explain_executor", "target_act": "probing", "ok": true, "error": ""}
{"request_id": "two-stage-v1|scaffolding-55|selector_ask_first|glm-5.2", "queue_rank": 324, "call_type": "selector_ask_first", "target_act": "telling", "ok": true, "error": ""}
{"request_id": "two-stage-v1|scaffolding-121|selector_explain_first|glm-5.2", "queue_rank": 325, "call_type": "selector_explain_first", "target_act": "probing", "ok": true, "error": ""}
{"request_id": "two-stage-v1|scaffolding-477|ask_executor|glm-5.2", "queue_rank": 328, "call_type": "ask_executor", "target_act": "probing", "ok": true, "error": ""}
{"request_id": "two-stage-v1|scaffolding-11|single_pass_adaptive|glm-5.2", "queue_rank": 327, "call_type": "single_pass_adaptive", "target_act": "telling", "ok": true, "error": ""}
{"request_id": "two-stage-v1|scaffolding-998|ask_executor|glm-5.2", "queue_rank": 326, "call_type": "ask_executor", "target_act": "telling", "ok": true, "error": ""}
{"request_id": "two-stage-v1|scaffolding-879|ask_executor|glm-5.2", "queue_rank": 334, "call_type": "ask_executor", "target_act": "probing", "ok": true, "error": ""}
{"request_id": "two-stage-v1|scaffolding-451|selector_ask_first|glm-5.2", "queue_rank": 323, "call_type": "selector_ask_first", "target_act": "probing", "ok": true, "error": ""}
{"request_id": "two-stage-v1|scaffolding-974|single_pass_adaptive|glm-5.2", "queue_rank": 333, "call_type": "single_pass_adaptive", "target_act": "telling", "ok": true, "error": ""}
{"request_id": "two-stage-v1|scaffolding-610|selector_ask_first|glm-5.2", "queue_rank": 332, "call_type": "selector_ask_first", "target_act": "probing", "ok": true, "error": ""}
{"request_id": "two-stage-v1|scaffolding-56|selector_explain_first|glm-5.2", "queue_rank": 335, "call_type": "selector_explain_first", "target_act": "telling", "ok": true, "error": ""}
{"request_id": "two-stage-v1|scaffolding-799|explain_executor|glm-5.2", "queue_rank": 331, "call_type": "explain_executor", "target_act": "telling", "ok": true, "error": ""}
{"request_id": "two-stage-v1|scaffolding-15|ask_executor|glm-5.2", "queue_rank": 338, "call_type": "ask_executor", "target_act": "telling", "ok": true, "error": ""}
{"request_id": "two-stage-v1|scaffolding-157|selector_explain_first|glm-5.2", "queue_rank": 337, "call_type": "selector_explain_first", "target_act": "probing", "ok": true, "error": ""}
{"request_id": "two-stage-v1|scaffolding-760|selector_ask_first|glm-5.2", "queue_rank": 336, "call_type": "selector_ask_first", "target_act": "telling", "ok": true, "error": ""}
{"request_id": "two-stage-v1|scaffolding-196|selector_explain_first|glm-5.2", "queue_rank": 341, "call_type": "selector_explain_first", "target_act": "probing", "ok": true, "error": ""}
{"request_id": "two-stage-v1|scaffolding-121|ask_executor|glm-5.2", "queue_rank": 342, "call_type": "ask_executor", "target_act": "probing", "ok": true, "error": ""}
{"request_id": "two-stage-v1|scaffolding-309|single_pass_adaptive|glm-5.2", "queue_rank": 330, "call_type": "single_pass_adaptive", "target_act": "probing", "ok": true, "error": ""}
{"request_id": "two-stage-v1|scaffolding-780|selector_ask_first|glm-5.2", "queue_rank": 343, "call_type": "selector_ask_first", "target_act": "probing", "ok": true, "error": ""}
{"request_id": "two-stage-v1|scaffolding-176|single_pass_adaptive|glm-5.2", "queue_rank": 344, "call_type": "single_pass_adaptive", "target_act": "telling", "ok": true, "error": ""}
{"request_id": "two-stage-v1|scaffolding-715|explain_executor|glm-5.2", "queue_rank": 339, "call_type": "explain_executor", "target_act": "probing", "ok": true, "error": ""}
{"request_id": "two-stage-v1|scaffolding-47|ask_executor|glm-5.2", "queue_rank": 340, "call_type": "ask_executor", "target_act": "telling", "ok": true, "error": ""}
{"request_id": "two-stage-v1|scaffolding-60|selector_explain_first|glm-5.2", "queue_rank": 345, "call_type": "selector_explain_first", "target_act": "telling", "ok": true, "error": ""}
{"request_id": "two-stage-v1|scaffolding-610|single_pass_adaptive|glm-5.2", "queue_rank": 347, "call_type": "single_pass_adaptive", "target_act": "probing", "ok": true, "error": ""}
{"request_id": "two-stage-v1|scaffolding-903|explain_executor|glm-5.2", "queue_rank": 349, "call_type": "explain_executor", "target_act": "probing", "ok": true, "error": ""}
{"request_id": "two-stage-v1|scaffolding-756|selector_ask_first|glm-5.2", "queue_rank": 348, "call_type": "selector_ask_first", "target_act": "telling", "ok": true, "error": ""}
{"request_id": "two-stage-v1|scaffolding-11|explain_executor|glm-5.2", "queue_rank": 352, "call_type": "explain_executor", "target_act": "telling", "ok": true, "error": ""}
{"request_id": "two-stage-v1|scaffolding-12|selector_ask_first|glm-5.2", "queue_rank": 355, "call_type": "selector_ask_first", "target_act": "telling", "ok": true, "error": ""}
{"request_id": "two-stage-v1|scaffolding-674|ask_executor|glm-5.2", "queue_rank": 351, "call_type": "ask_executor", "target_act": "probing", "ok": true, "error": ""}
{"request_id": "two-stage-v1|scaffolding-755|explain_executor|glm-5.2", "queue_rank": 346, "call_type": "explain_executor", "target_act": "telling", "ok": true, "error": ""}
{"request_id": "two-stage-v1|scaffolding-322|selector_explain_first|glm-5.2", "queue_rank": 357, "call_type": "selector_explain_first", "target_act": "telling", "ok": true, "error": ""}
{"request_id": "two-stage-v1|scaffolding-196|explain_executor|glm-5.2", "queue_rank": 356, "call_type": "explain_executor", "target_act": "probing", "ok": true, "error": ""}
{"request_id": "two-stage-v1|scaffolding-774|single_pass_adaptive|glm-5.2", "queue_rank": 354, "call_type": "single_pass_adaptive", "target_act": "probing", "ok": true, "error": ""}
{"request_id": "two-stage-v1|scaffolding-577|single_pass_adaptive|glm-5.2", "queue_rank": 362, "call_type": "single_pass_adaptive", "target_act": "probing", "ok": true, "error": ""}
{"request_id": "two-stage-v1|scaffolding-57|ask_executor|glm-5.2", "queue_rank": 360, "call_type": "ask_executor", "target_act": "telling", "ok": true, "error": ""}
{"request_id": "two-stage-v1|scaffolding-338|selector_ask_first|glm-5.2", "queue_rank": 363, "call_type": "selector_ask_first", "target_act": "probing", "ok": true, "error": ""}
{"request_id": "two-stage-v1|scaffolding-477|selector_explain_first|glm-5.2", "queue_rank": 361, "call_type": "selector_explain_first", "target_act": "probing", "ok": true, "error": ""}
{"request_id": "two-stage-v1|scaffolding-307|explain_executor|glm-5.2", "queue_rank": 365, "call_type": "explain_executor", "target_act": "probing", "ok": true, "error": ""}
{"request_id": "two-stage-v1|scaffolding-363|selector_explain_first|glm-5.2", "queue_rank": 350, "call_type": "selector_explain_first", "target_act": "probing", "ok": true, "error": ""}
{"request_id": "two-stage-v1|scaffolding-7|explain_executor|glm-5.2", "queue_rank": 364, "call_type": "explain_executor", "target_act": "telling", "ok": true, "error": ""}
{"request_id": "two-stage-v1|scaffolding-921|single_pass_adaptive|glm-5.2", "queue_rank": 368, "call_type": "single_pass_adaptive", "target_act": "telling", "ok": true, "error": ""}
{"request_id": "two-stage-v1|scaffolding-500|selector_ask_first|glm-5.2", "queue_rank": 366, "call_type": "selector_ask_first", "target_act": "telling", "ok": true, "error": ""}
{"request_id": "two-stage-v1|scaffolding-232|ask_executor|glm-5.2", "queue_rank": 369, "call_type": "ask_executor", "target_act": "probing", "ok": true, "error": ""}
{"request_id": "two-stage-v1|scaffolding-56|explain_executor|glm-5.2", "queue_rank": 373, "call_type": "explain_executor", "target_act": "telling", "ok": true, "error": ""}
{"request_id": "two-stage-v1|scaffolding-7|selector_explain_first|glm-5.2", "queue_rank": 367, "call_type": "selector_explain_first", "target_act": "telling", "ok": true, "error": ""}
{"request_id": "two-stage-v1|scaffolding-266|selector_ask_first|glm-5.2", "queue_rank": 358, "call_type": "selector_ask_first", "target_act": "probing", "ok": true, "error": ""}
{"request_id": "two-stage-v1|scaffolding-1085|selector_explain_first|glm-5.2", "queue_rank": 372, "call_type": "selector_explain_first", "target_act": "telling", "ok": true, "error": ""}
{"request_id": "two-stage-v1|scaffolding-1085|ask_executor|glm-5.2", "queue_rank": 359, "call_type": "ask_executor", "target_act": "telling", "ok": true, "error": ""}
{"request_id": "two-stage-v1|scaffolding-146|ask_executor|glm-5.2", "queue_rank": 370, "call_type": "ask_executor", "target_act": "probing", "ok": true, "error": ""}
{"request_id": "two-stage-v1|scaffolding-481|explain_executor|glm-5.2", "queue_rank": 371, "call_type": "explain_executor", "target_act": "probing", "ok": true, "error": ""}
{"request_id": "two-stage-v1|scaffolding-879|single_pass_adaptive|glm-5.2", "queue_rank": 377, "call_type": "single_pass_adaptive", "target_act": "probing", "ok": true, "error": ""}
{"request_id": "two-stage-v1|scaffolding-845|explain_executor|glm-5.2", "queue_rank": 380, "call_type": "explain_executor", "target_act": "telling", "ok": true, "error": ""}
{"request_id": "two-stage-v1|scaffolding-998|selector_ask_first|glm-5.2", "queue_rank": 374, "call_type": "selector_ask_first", "target_act": "telling", "ok": true, "error": ""}
{"request_id": "two-stage-v1|scaffolding-921|ask_executor|glm-5.2", "queue_rank": 379, "call_type": "ask_executor", "target_act": "telling", "ok": true, "error": ""}
{"request_id": "two-stage-v1|scaffolding-757|single_pass_adaptive|glm-5.2", "queue_rank": 376, "call_type": "single_pass_adaptive", "target_act": "telling", "ok": true, "error": ""}
{"request_id": "two-stage-v1|scaffolding-448|selector_ask_first|glm-5.2", "queue_rank": 375, "call_type": "selector_ask_first", "target_act": "probing", "ok": true, "error": ""}
{"request_id": "two-stage-v1|scaffolding-524|selector_ask_first|glm-5.2", "queue_rank": 383, "call_type": "selector_ask_first", "target_act": "telling", "ok": true, "error": ""}
{"request_id": "two-stage-v1|scaffolding-686|ask_executor|glm-5.2", "queue_rank": 385, "call_type": "ask_executor", "target_act": "telling", "ok": true, "error": ""}
{"request_id": "two-stage-v1|scaffolding-793|single_pass_adaptive|glm-5.2", "queue_rank": 382, "call_type": "single_pass_adaptive", "target_act": "telling", "ok": true, "error": ""}
{"request_id": "two-stage-v1|scaffolding-998|single_pass_adaptive|glm-5.2", "queue_rank": 353, "call_type": "single_pass_adaptive", "target_act": "telling", "ok": true, "error": ""}
{"request_id": "two-stage-v1|scaffolding-148|explain_executor|glm-5.2", "queue_rank": 386, "call_type": "explain_executor", "target_act": "probing", "ok": true, "error": ""}
{"request_id": "two-stage-v1|scaffolding-703|selector_ask_first|glm-5.2", "queue_rank": 387, "call_type": "selector_ask_first", "target_act": "probing", "ok": true, "error": ""}
{"request_id": "two-stage-v1|scaffolding-124|selector_explain_first|glm-5.2", "queue_rank": 378, "call_type": "selector_explain_first", "target_act": "probing", "ok": true, "error": ""}
{"request_id": "two-stage-v1|scaffolding-157|explain_executor|glm-5.2", "queue_rank": 390, "call_type": "explain_executor", "target_act": "probing", "ok": true, "error": ""}
{"request_id": "two-stage-v1|scaffolding-307|ask_executor|glm-5.2", "queue_rank": 381, "call_type": "ask_executor", "target_act": "probing", "ok": true, "error": ""}
{"request_id": "two-stage-v1|scaffolding-760|selector_explain_first|glm-5.2", "queue_rank": 384, "call_type": "selector_explain_first", "target_act": "telling", "ok": true, "error": ""}
{"request_id": "two-stage-v1|scaffolding-800|ask_executor|glm-5.2", "queue_rank": 393, "call_type": "ask_executor", "target_act": "telling", "ok": true, "error": ""}
{"request_id": "two-stage-v1|scaffolding-991|selector_ask_first|glm-5.2", "queue_rank": 396, "call_type": "selector_ask_first", "target_act": "probing", "ok": true, "error": ""}
{"request_id": "two-stage-v1|scaffolding-915|explain_executor|glm-5.2", "queue_rank": 397, "call_type": "explain_executor", "target_act": "telling", "ok": true, "error": ""}
{"request_id": "two-stage-v1|scaffolding-602|selector_explain_first|glm-5.2", "queue_rank": 388, "call_type": "selector_explain_first", "target_act": "probing", "ok": true, "error": ""}
{"request_id": "two-stage-v1|scaffolding-232|single_pass_adaptive|glm-5.2", "queue_rank": 395, "call_type": "single_pass_adaptive", "target_act": "probing", "ok": true, "error": ""}
{"request_id": "two-stage-v1|scaffolding-47|selector_ask_first|glm-5.2", "queue_rank": 398, "call_type": "selector_ask_first", "target_act": "telling", "ok": true, "error": ""}
{"request_id": "two-stage-v1|scaffolding-903|ask_executor|glm-5.2", "queue_rank": 394, "call_type": "ask_executor", "target_act": "probing", "ok": true, "error": ""}
{"request_id": "two-stage-v1|scaffolding-998|selector_explain_first|glm-5.2", "queue_rank": 392, "call_type": "selector_explain_first", "target_act": "telling", "ok": true, "error": ""}
{"request_id": "two-stage-v1|scaffolding-640|explain_executor|glm-5.2", "queue_rank": 400, "call_type": "explain_executor", "target_act": "telling", "ok": true, "error": ""}
{"request_id": "two-stage-v1|scaffolding-251|explain_executor|glm-5.2", "queue_rank": 402, "call_type": "explain_executor", "target_act": "probing", "ok": true, "error": ""}
{"request_id": "two-stage-v1|scaffolding-704|single_pass_adaptive|glm-5.2", "queue_rank": 389, "call_type": "single_pass_adaptive", "target_act": "probing", "ok": true, "error": ""}
{"request_id": "two-stage-v1|scaffolding-324|single_pass_adaptive|glm-5.2", "queue_rank": 399, "call_type": "single_pass_adaptive", "target_act": "telling", "ok": true, "error": ""}
{"request_id": "two-stage-v1|scaffolding-268|selector_explain_first|glm-5.2", "queue_rank": 404, "call_type": "selector_explain_first", "target_act": "probing", "ok": true, "error": ""}
{"request_id": "two-stage-v1|scaffolding-251|selector_ask_first|glm-5.2", "queue_rank": 405, "call_type": "selector_ask_first", "target_act": "probing", "ok": true, "error": ""}
{"request_id": "two-stage-v1|scaffolding-307|single_pass_adaptive|glm-5.2", "queue_rank": 408, "call_type": "single_pass_adaptive", "target_act": "probing", "ok": true, "error": ""}
{"request_id": "two-stage-v1|scaffolding-974|ask_executor|glm-5.2", "queue_rank": 407, "call_type": "ask_executor", "target_act": "telling", "ok": true, "error": ""}
{"request_id": "two-stage-v1|scaffolding-757|selector_ask_first|glm-5.2", "queue_rank": 406, "call_type": "selector_ask_first", "target_act": "telling", "ok": true, "error": ""}
{"request_id": "two-stage-v1|scaffolding-12|explain_executor|glm-5.2", "queue_rank": 412, "call_type": "explain_executor", "target_act": "telling", "ok": true, "error": ""}
{"request_id": "two-stage-v1|scaffolding-157|single_pass_adaptive|glm-5.2", "queue_rank": 410, "call_type": "single_pass_adaptive", "target_act": "probing", "ok": true, "error": ""}
{"request_id": "two-stage-v1|scaffolding-756|ask_executor|glm-5.2", "queue_rank": 411, "call_type": "ask_executor", "target_act": "telling", "ok": true, "error": ""}
{"request_id": "two-stage-v1|scaffolding-845|single_pass_adaptive|glm-5.2", "queue_rank": 415, "call_type": "single_pass_adaptive", "target_act": "telling", "ok": true, "error": ""}
{"request_id": "two-stage-v1|scaffolding-148|ask_executor|glm-5.2", "queue_rank": 401, "call_type": "ask_executor", "target_act": "probing", "ok": true, "error": ""}
{"request_id": "two-stage-v1|scaffolding-148|selector_explain_first|glm-5.2", "queue_rank": 391, "call_type": "selector_explain_first", "target_act": "probing", "ok": true, "error": ""}
{"request_id": "two-stage-v1|scaffolding-57|selector_ask_first|glm-5.2", "queue_rank": 413, "call_type": "selector_ask_first", "target_act": "telling", "ok": true, "error": ""}
{"request_id": "two-stage-v1|scaffolding-736|ask_executor|glm-5.2", "queue_rank": 418, "call_type": "ask_executor", "target_act": "probing", "ok": true, "error": ""}
{"request_id": "two-stage-v1|scaffolding-799|selector_explain_first|glm-5.2", "queue_rank": 414, "call_type": "selector_explain_first", "target_act": "telling", "ok": true, "error": ""}
{"request_id": "two-stage-v1|scaffolding-749|selector_explain_first|glm-5.2", "queue_rank": 417, "call_type": "selector_explain_first", "target_act": "probing", "ok": true, "error": ""}
{"request_id": "two-stage-v1|scaffolding-804|selector_ask_first|glm-5.2", "queue_rank": 416, "call_type": "selector_ask_first", "target_act": "probing", "ok": true, "error": ""}
{"request_id": "two-stage-v1|scaffolding-177|single_pass_adaptive|glm-5.2", "queue_rank": 403, "call_type": "single_pass_adaptive", "target_act": "telling", "ok": true, "error": ""}
{"request_id": "two-stage-v1|scaffolding-446|selector_explain_first|glm-5.2", "queue_rank": 423, "call_type": "selector_explain_first", "target_act": "probing", "ok": true, "error": ""}
{"request_id": "two-stage-v1|scaffolding-74|ask_executor|glm-5.2", "queue_rank": 424, "call_type": "ask_executor", "target_act": "probing", "ok": true, "error": ""}
{"request_id": "two-stage-v1|scaffolding-757|selector_explain_first|glm-5.2", "queue_rank": 409, "call_type": "selector_explain_first", "target_act": "telling", "ok": true, "error": ""}
{"request_id": "two-stage-v1|scaffolding-121|single_pass_adaptive|glm-5.2", "queue_rank": 421, "call_type": "single_pass_adaptive", "target_act": "probing", "ok": true, "error": ""}
{"request_id": "two-stage-v1|scaffolding-760|single_pass_adaptive|glm-5.2", "queue_rank": 422, "call_type": "single_pass_adaptive", "target_act": "telling", "ok": true, "error": ""}
{"request_id": "two-stage-v1|scaffolding-755|selector_ask_first|glm-5.2", "queue_rank": 427, "call_type": "selector_ask_first", "target_act": "telling", "ok": true, "error": ""}
{"request_id": "two-stage-v1|scaffolding-602|explain_executor|glm-5.2", "queue_rank": 425, "call_type": "explain_executor", "target_act": "probing", "ok": true, "error": ""}
{"request_id": "two-stage-v1|scaffolding-719|ask_executor|glm-5.2", "queue_rank": 426, "call_type": "ask_executor", "target_act": "telling", "ok": true, "error": ""}
{"request_id": "two-stage-v1|scaffolding-721|explain_executor|glm-5.2", "queue_rank": 428, "call_type": "explain_executor", "target_act": "telling", "ok": true, "error": ""}
{"request_id": "two-stage-v1|scaffolding-769|selector_ask_first|glm-5.2", "queue_rank": 430, "call_type": "selector_ask_first", "target_act": "probing", "ok": true, "error": ""}
{"request_id": "two-stage-v1|scaffolding-729|explain_executor|glm-5.2", "queue_rank": 419, "call_type": "explain_executor", "target_act": "probing", "ok": true, "error": ""}
{"request_id": "two-stage-v1|scaffolding-769|single_pass_adaptive|glm-5.2", "queue_rank": 433, "call_type": "single_pass_adaptive", "target_act": "probing", "ok": true, "error": ""}
{"request_id": "two-stage-v1|scaffolding-2|ask_executor|glm-5.2", "queue_rank": 434, "call_type": "ask_executor", "target_act": "telling", "ok": true, "error": ""}
{"request_id": "two-stage-v1|scaffolding-196|selector_ask_first|glm-5.2", "queue_rank": 429, "call_type": "selector_ask_first", "target_act": "probing", "ok": true, "error": ""}
{"request_id": "two-stage-v1|scaffolding-453|selector_explain_first|glm-5.2", "queue_rank": 432, "call_type": "selector_explain_first", "target_act": "probing", "ok": true, "error": ""}
{"request_id": "two-stage-v1|scaffolding-577|explain_executor|glm-5.2", "queue_rank": 439, "call_type": "explain_executor", "target_act": "probing", "ok": true, "error": ""}
{"request_id": "two-stage-v1|scaffolding-719|selector_ask_first|glm-5.2", "queue_rank": 436, "call_type": "selector_ask_first", "target_act": "telling", "ok": true, "error": ""}
{"request_id": "two-stage-v1|scaffolding-756|explain_executor|glm-5.2", "queue_rank": 438, "call_type": "explain_executor", "target_act": "telling", "ok": true, "error": ""}
{"request_id": "two-stage-v1|scaffolding-719|single_pass_adaptive|glm-5.2", "queue_rank": 440, "call_type": "single_pass_adaptive", "target_act": "telling", "ok": true, "error": ""}
{"request_id": "two-stage-v1|scaffolding-919|selector_explain_first|glm-5.2", "queue_rank": 435, "call_type": "selector_explain_first", "target_act": "telling", "ok": true, "error": ""}
{"request_id": "two-stage-v1|scaffolding-879|selector_explain_first|glm-5.2", "queue_rank": 441, "call_type": "selector_explain_first", "target_act": "probing", "ok": true, "error": ""}
{"request_id": "two-stage-v1|scaffolding-448|ask_executor|glm-5.2", "queue_rank": 437, "call_type": "ask_executor", "target_act": "probing", "ok": true, "error": ""}
{"request_id": "two-stage-v1|scaffolding-451|ask_executor|glm-5.2", "queue_rank": 442, "call_type": "ask_executor", "target_act": "probing", "ok": true, "error": ""}
{"request_id": "two-stage-v1|scaffolding-755|ask_executor|glm-5.2", "queue_rank": 447, "call_type": "ask_executor", "target_act": "telling", "ok": true, "error": ""}
{"request_id": "two-stage-v1|scaffolding-793|selector_ask_first|glm-5.2", "queue_rank": 444, "call_type": "selector_ask_first", "target_act": "telling", "ok": true, "error": ""}
{"request_id": "two-stage-v1|scaffolding-774|explain_executor|glm-5.2", "queue_rank": 446, "call_type": "explain_executor", "target_act": "probing", "ok": true, "error": ""}
{"request_id": "two-stage-v1|scaffolding-57|single_pass_adaptive|glm-5.2", "queue_rank": 431, "call_type": "single_pass_adaptive", "target_act": "telling", "ok": true, "error": ""}
{"request_id": "two-stage-v1|scaffolding-176|explain_executor|glm-5.2", "queue_rank": 450, "call_type": "explain_executor", "target_act": "telling", "ok": true, "error": ""}
{"request_id": "two-stage-v1|scaffolding-804|single_pass_adaptive|glm-5.2", "queue_rank": 443, "call_type": "single_pass_adaptive", "target_act": "probing", "ok": true, "error": ""}
{"request_id": "two-stage-v1|scaffolding-974|selector_explain_first|glm-5.2", "queue_rank": 420, "call_type": "selector_explain_first", "target_act": "telling", "ok": true, "error": ""}
{"request_id": "two-stage-v1|scaffolding-74|selector_ask_first|glm-5.2", "queue_rank": 452, "call_type": "selector_ask_first", "target_act": "probing", "ok": true, "error": ""}
{"request_id": "two-stage-v1|scaffolding-124|explain_executor|glm-5.2", "queue_rank": 454, "call_type": "explain_executor", "target_act": "probing", "ok": true, "error": ""}
{"request_id": "two-stage-v1|scaffolding-216|selector_explain_first|glm-5.2", "queue_rank": 449, "call_type": "selector_explain_first", "target_act": "telling", "ok": true, "error": ""}
{"request_id": "two-stage-v1|scaffolding-722|ask_executor|glm-5.2", "queue_rank": 455, "call_type": "ask_executor", "target_act": "telling", "ok": true, "error": ""}
{"request_id": "two-stage-v1|scaffolding-146|selector_ask_first|glm-5.2", "queue_rank": 448, "call_type": "selector_ask_first", "target_act": "probing", "ok": true, "error": ""}
{"request_id": "two-stage-v1|scaffolding-196|single_pass_adaptive|glm-5.2", "queue_rank": 456, "call_type": "single_pass_adaptive", "target_act": "probing", "ok": true, "error": ""}
{"request_id": "two-stage-v1|scaffolding-991|ask_executor|glm-5.2", "queue_rank": 457, "call_type": "ask_executor", "target_act": "probing", "ok": true, "error": ""}
{"request_id": "two-stage-v1|scaffolding-835|selector_explain_first|glm-5.2", "queue_rank": 453, "call_type": "selector_explain_first", "target_act": "probing", "ok": true, "error": ""}
{"request_id": "two-stage-v1|scaffolding-685|selector_ask_first|glm-5.2", "queue_rank": 459, "call_type": "selector_ask_first", "target_act": "telling", "ok": true, "error": ""}
{"request_id": "two-stage-v1|scaffolding-602|selector_ask_first|glm-5.2", "queue_rank": 461, "call_type": "selector_ask_first", "target_act": "probing", "ok": true, "error": ""}
{"request_id": "two-stage-v1|scaffolding-169|explain_executor|glm-5.2", "queue_rank": 465, "call_type": "explain_executor", "target_act": "telling", "ok": true, "error": ""}
{"request_id": "two-stage-v1|scaffolding-755|selector_explain_first|glm-5.2", "queue_rank": 464, "call_type": "selector_explain_first", "target_act": "telling", "ok": true, "error": ""}
{"request_id": "two-stage-v1|scaffolding-800|selector_explain_first|glm-5.2", "queue_rank": 458, "call_type": "selector_explain_first", "target_act": "telling", "ok": true, "error": ""}
{"request_id": "two-stage-v1|scaffolding-1085|selector_ask_first|glm-5.2", "queue_rank": 460, "call_type": "selector_ask_first", "target_act": "telling", "ok": true, "error": ""}
{"request_id": "two-stage-v1|scaffolding-619|selector_explain_first|glm-5.2", "queue_rank": 462, "call_type": "selector_explain_first", "target_act": "probing", "ok": true, "error": ""}
{"request_id": "two-stage-v1|scaffolding-953|single_pass_adaptive|glm-5.2", "queue_rank": 463, "call_type": "single_pass_adaptive", "target_act": "probing", "ok": true, "error": ""}
{"request_id": "two-stage-v1|scaffolding-879|explain_executor|glm-5.2", "queue_rank": 468, "call_type": "explain_executor", "target_act": "probing", "ok": true, "error": ""}
{"request_id": "two-stage-v1|scaffolding-755|single_pass_adaptive|glm-5.2", "queue_rank": 466, "call_type": "single_pass_adaptive", "target_act": "telling", "ok": true, "error": ""}
{"request_id": "two-stage-v1|scaffolding-729|selector_ask_first|glm-5.2", "queue_rank": 472, "call_type": "selector_ask_first", "target_act": "probing", "ok": true, "error": ""}
{"request_id": "two-stage-v1|scaffolding-974|explain_executor|glm-5.2", "queue_rank": 473, "call_type": "explain_executor", "target_act": "telling", "ok": true, "error": ""}
{"request_id": "two-stage-v1|scaffolding-524|single_pass_adaptive|glm-5.2", "queue_rank": 451, "call_type": "single_pass_adaptive", "target_act": "telling", "ok": true, "error": ""}
{"request_id": "two-stage-v1|scaffolding-157|ask_executor|glm-5.2", "queue_rank": 469, "call_type": "ask_executor", "target_act": "probing", "ok": true, "error": ""}
{"request_id": "two-stage-v1|scaffolding-137|single_pass_adaptive|glm-5.2", "queue_rank": 470, "call_type": "single_pass_adaptive", "target_act": "probing", "ok": true, "error": ""}
{"request_id": "two-stage-v1|scaffolding-686|selector_ask_first|glm-5.2", "queue_rank": 475, "call_type": "selector_ask_first", "target_act": "telling", "ok": true, "error": ""}
{"request_id": "two-stage-v1|scaffolding-760|ask_executor|glm-5.2", "queue_rank": 467, "call_type": "ask_executor", "target_act": "telling", "ok": true, "error": ""}
{"request_id": "two-stage-v1|scaffolding-8|selector_explain_first|glm-5.2", "queue_rank": 478, "call_type": "selector_explain_first", "target_act": "telling", "ok": true, "error": ""}
{"request_id": "two-stage-v1|scaffolding-704|explain_executor|glm-5.2", "queue_rank": 471, "call_type": "explain_executor", "target_act": "probing", "ok": true, "error": ""}
{"request_id": "two-stage-v1|scaffolding-2|single_pass_adaptive|glm-5.2", "queue_rank": 476, "call_type": "single_pass_adaptive", "target_act": "telling", "ok": true, "error": ""}
{"request_id": "two-stage-v1|scaffolding-481|ask_executor|glm-5.2", "queue_rank": 479, "call_type": "ask_executor", "target_act": "probing", "ok": true, "error": ""}
{"request_id": "two-stage-v1|scaffolding-324|ask_executor|glm-5.2", "queue_rank": 474, "call_type": "ask_executor", "target_act": "telling", "ok": true, "error": ""}
{"request_id": "two-stage-v1|scaffolding-266|selector_explain_first|glm-5.2", "queue_rank": 477, "call_type": "selector_explain_first", "target_act": "probing", "ok": true, "error": ""}
{"request_id": "two-stage-v1|scaffolding-968|explain_executor|glm-5.2", "queue_rank": 445, "call_type": "explain_executor", "target_act": "telling", "ok": true, "error": ""}
{"request_id": "two-stage-v1|scaffolding-169|ask_executor|deepseek-v4-pro", "queue_rank": 3, "call_type": "ask_executor", "target_act": "telling", "ok": true, "error": ""}
{"request_id": "two-stage-v1|scaffolding-491|explain_executor|deepseek-v4-pro", "queue_rank": 1, "call_type": "explain_executor", "target_act": "probing", "ok": true, "error": ""}
{"request_id": "two-stage-v1|scaffolding-780|single_pass_adaptive|deepseek-v4-pro", "queue_rank": 8, "call_type": "single_pass_adaptive", "target_act": "probing", "ok": true, "error": ""}
{"request_id": "two-stage-v1|scaffolding-758|single_pass_adaptive|deepseek-v4-pro", "queue_rank": 2, "call_type": "single_pass_adaptive", "target_act": "telling", "ok": true, "error": ""}
{"request_id": "two-stage-v1|scaffolding-736|selector_explain_first|deepseek-v4-pro", "queue_rank": 9, "call_type": "selector_explain_first", "target_act": "probing", "ok": true, "error": ""}
{"request_id": "two-stage-v1|scaffolding-240|selector_ask_first|deepseek-v4-pro", "queue_rank": 7, "call_type": "selector_ask_first", "target_act": "probing", "ok": true, "error": ""}
{"request_id": "two-stage-v1|scaffolding-974|selector_explain_first|deepseek-v4-pro", "queue_rank": 6, "call_type": "selector_explain_first", "target_act": "telling", "ok": true, "error": ""}
{"request_id": "two-stage-v1|scaffolding-12|ask_executor|deepseek-v4-pro", "queue_rank": 10, "call_type": "ask_executor", "target_act": "telling", "ok": true, "error": ""}
{"request_id": "two-stage-v1|scaffolding-11|selector_ask_first|deepseek-v4-pro", "queue_rank": 13, "call_type": "selector_ask_first", "target_act": "telling", "ok": true, "error": ""}
{"request_id": "two-stage-v1|scaffolding-974|selector_ask_first|deepseek-v4-pro", "queue_rank": 0, "call_type": "selector_ask_first", "target_act": "telling", "ok": true, "error": ""}
{"request_id": "two-stage-v1|scaffolding-451|ask_executor|deepseek-v4-pro", "queue_rank": 4, "call_type": "ask_executor", "target_act": "probing", "ok": true, "error": ""}
{"request_id": "two-stage-v1|scaffolding-998|explain_executor|deepseek-v4-pro", "queue_rank": 16, "call_type": "explain_executor", "target_act": "telling", "ok": true, "error": ""}
{"request_id": "two-stage-v1|scaffolding-251|explain_executor|deepseek-v4-pro", "queue_rank": 11, "call_type": "explain_executor", "target_act": "probing", "ok": true, "error": ""}
{"request_id": "two-stage-v1|scaffolding-589|selector_explain_first|deepseek-v4-pro", "queue_rank": 15, "call_type": "selector_explain_first", "target_act": "probing", "ok": true, "error": ""}
{"request_id": "two-stage-v1|scaffolding-921|explain_executor|deepseek-v4-pro", "queue_rank": 5, "call_type": "explain_executor", "target_act": "telling", "ok": true, "error": ""}
{"request_id": "two-stage-v1|scaffolding-686|selector_explain_first|deepseek-v4-pro", "queue_rank": 20, "call_type": "selector_explain_first", "target_act": "telling", "ok": true, "error": ""}
{"request_id": "two-stage-v1|scaffolding-169|single_pass_adaptive|deepseek-v4-pro", "queue_rank": 17, "call_type": "single_pass_adaptive", "target_act": "telling", "ok": true, "error": ""}
{"request_id": "two-stage-v1|scaffolding-760|selector_explain_first|deepseek-v4-pro", "queue_rank": 18, "call_type": "selector_explain_first", "target_act": "telling", "ok": true, "error": ""}
{"request_id": "two-stage-v1|scaffolding-804|ask_executor|deepseek-v4-pro", "queue_rank": 12, "call_type": "ask_executor", "target_act": "probing", "ok": true, "error": ""}
{"request_id": "two-stage-v1|scaffolding-363|selector_ask_first|deepseek-v4-pro", "queue_rank": 14, "call_type": "selector_ask_first", "target_act": "probing", "ok": true, "error": ""}
{"request_id": "two-stage-v1|scaffolding-845|selector_ask_first|deepseek-v4-pro", "queue_rank": 21, "call_type": "selector_ask_first", "target_act": "telling", "ok": true, "error": ""}
{"request_id": "two-stage-v1|scaffolding-11|ask_executor|deepseek-v4-pro", "queue_rank": 25, "call_type": "ask_executor", "target_act": "telling", "ok": true, "error": ""}
{"request_id": "two-stage-v1|scaffolding-446|explain_executor|deepseek-v4-pro", "queue_rank": 22, "call_type": "explain_executor", "target_act": "probing", "ok": true, "error": ""}
{"request_id": "two-stage-v1|scaffolding-610|selector_ask_first|deepseek-v4-pro", "queue_rank": 29, "call_type": "selector_ask_first", "target_act": "probing", "ok": true, "error": ""}
{"request_id": "two-stage-v1|scaffolding-719|single_pass_adaptive|deepseek-v4-pro", "queue_rank": 24, "call_type": "single_pass_adaptive", "target_act": "telling", "ok": true, "error": ""}
{"request_id": "two-stage-v1|scaffolding-835|ask_executor|deepseek-v4-pro", "queue_rank": 23, "call_type": "ask_executor", "target_act": "probing", "ok": true, "error": ""}
{"request_id": "two-stage-v1|scaffolding-251|selector_explain_first|deepseek-v4-pro", "queue_rank": 26, "call_type": "selector_explain_first", "target_act": "probing", "ok": true, "error": ""}
{"request_id": "two-stage-v1|scaffolding-124|single_pass_adaptive|deepseek-v4-pro", "queue_rank": 19, "call_type": "single_pass_adaptive", "target_act": "probing", "ok": true, "error": ""}
{"request_id": "two-stage-v1|scaffolding-148|single_pass_adaptive|deepseek-v4-pro", "queue_rank": 27, "call_type": "single_pass_adaptive", "target_act": "probing", "ok": true, "error": ""}
{"request_id": "two-stage-v1|scaffolding-363|explain_executor|deepseek-v4-pro", "queue_rank": 32, "call_type": "explain_executor", "target_act": "probing", "ok": true, "error": ""}
{"request_id": "two-stage-v1|scaffolding-719|explain_executor|deepseek-v4-pro", "queue_rank": 28, "call_type": "explain_executor", "target_act": "telling", "ok": true, "error": ""}
{"request_id": "two-stage-v1|scaffolding-703|ask_executor|deepseek-v4-pro", "queue_rank": 30, "call_type": "ask_executor", "target_act": "probing", "ok": true, "error": ""}
{"request_id": "two-stage-v1|scaffolding-322|selector_explain_first|deepseek-v4-pro", "queue_rank": 35, "call_type": "selector_explain_first", "target_act": "telling", "ok": true, "error": ""}
{"request_id": "two-stage-v1|scaffolding-619|selector_explain_first|deepseek-v4-pro", "queue_rank": 36, "call_type": "selector_explain_first", "target_act": "probing", "ok": true, "error": ""}
{"request_id": "two-stage-v1|scaffolding-7|explain_executor|deepseek-v4-pro", "queue_rank": 31, "call_type": "explain_executor", "target_act": "telling", "ok": true, "error": ""}
{"request_id": "two-stage-v1|scaffolding-123|ask_executor|deepseek-v4-pro", "queue_rank": 38, "call_type": "ask_executor", "target_act": "telling", "ok": true, "error": ""}
{"request_id": "two-stage-v1|scaffolding-991|selector_explain_first|deepseek-v4-pro", "queue_rank": 40, "call_type": "selector_explain_first", "target_act": "probing", "ok": true, "error": ""}
{"request_id": "two-stage-v1|scaffolding-124|selector_ask_first|deepseek-v4-pro", "queue_rank": 33, "call_type": "selector_ask_first", "target_act": "probing", "ok": true, "error": ""}
{"request_id": "two-stage-v1|scaffolding-307|single_pass_adaptive|deepseek-v4-pro", "queue_rank": 37, "call_type": "single_pass_adaptive", "target_act": "probing", "ok": true, "error": ""}
{"request_id": "two-stage-v1|scaffolding-919|selector_ask_first|deepseek-v4-pro", "queue_rank": 39, "call_type": "selector_ask_first", "target_act": "telling", "ok": true, "error": ""}
{"request_id": "two-stage-v1|scaffolding-760|single_pass_adaptive|deepseek-v4-pro", "queue_rank": 34, "call_type": "single_pass_adaptive", "target_act": "telling", "ok": true, "error": ""}
{"request_id": "two-stage-v1|scaffolding-915|explain_executor|deepseek-v4-pro", "queue_rank": 42, "call_type": "explain_executor", "target_act": "telling", "ok": true, "error": ""}
{"request_id": "two-stage-v1|scaffolding-338|selector_ask_first|deepseek-v4-pro", "queue_rank": 48, "call_type": "selector_ask_first", "target_act": "probing", "ok": true, "error": ""}
{"request_id": "two-stage-v1|scaffolding-804|explain_executor|deepseek-v4-pro", "queue_rank": 46, "call_type": "explain_executor", "target_act": "probing", "ok": true, "error": ""}
{"request_id": "two-stage-v1|scaffolding-921|ask_executor|deepseek-v4-pro", "queue_rank": 47, "call_type": "ask_executor", "target_act": "telling", "ok": true, "error": ""}
{"request_id": "two-stage-v1|scaffolding-251|single_pass_adaptive|deepseek-v4-pro", "queue_rank": 43, "call_type": "single_pass_adaptive", "target_act": "probing", "ok": true, "error": ""}
{"request_id": "two-stage-v1|scaffolding-760|selector_ask_first|deepseek-v4-pro", "queue_rank": 49, "call_type": "selector_ask_first", "target_act": "telling", "ok": true, "error": ""}
{"request_id": "two-stage-v1|scaffolding-446|selector_ask_first|deepseek-v4-pro", "queue_rank": 53, "call_type": "selector_ask_first", "target_act": "probing", "ok": true, "error": ""}
{"request_id": "two-stage-v1|scaffolding-991|ask_executor|deepseek-v4-pro", "queue_rank": 52, "call_type": "ask_executor", "target_act": "probing", "ok": true, "error": ""}
{"request_id": "two-stage-v1|scaffolding-251|ask_executor|deepseek-v4-pro", "queue_rank": 41, "call_type": "ask_executor", "target_act": "probing", "ok": true, "error": ""}
{"request_id": "two-stage-v1|scaffolding-756|selector_explain_first|deepseek-v4-pro", "queue_rank": 45, "call_type": "selector_explain_first", "target_act": "telling", "ok": true, "error": ""}
{"request_id": "two-stage-v1|scaffolding-176|ask_executor|deepseek-v4-pro", "queue_rank": 56, "call_type": "ask_executor", "target_act": "telling", "ok": true, "error": ""}
{"request_id": "two-stage-v1|scaffolding-477|explain_executor|deepseek-v4-pro", "queue_rank": 54, "call_type": "explain_executor", "target_act": "probing", "ok": true, "error": ""}
{"request_id": "two-stage-v1|scaffolding-146|selector_explain_first|deepseek-v4-pro", "queue_rank": 55, "call_type": "selector_explain_first", "target_act": "probing", "ok": true, "error": ""}
{"request_id": "two-stage-v1|scaffolding-799|single_pass_adaptive|deepseek-v4-pro", "queue_rank": 57, "call_type": "single_pass_adaptive", "target_act": "telling", "ok": true, "error": ""}
{"request_id": "two-stage-v1|scaffolding-309|single_pass_adaptive|deepseek-v4-pro", "queue_rank": 50, "call_type": "single_pass_adaptive", "target_act": "probing", "ok": true, "error": ""}
{"request_id": "two-stage-v1|scaffolding-56|single_pass_adaptive|deepseek-v4-pro", "queue_rank": 44, "call_type": "single_pass_adaptive", "target_act": "telling", "ok": true, "error": ""}
{"request_id": "two-stage-v1|scaffolding-177|explain_executor|deepseek-v4-pro", "queue_rank": 59, "call_type": "explain_executor", "target_act": "telling", "ok": true, "error": ""}
{"request_id": "two-stage-v1|scaffolding-903|selector_ask_first|deepseek-v4-pro", "queue_rank": 62, "call_type": "selector_ask_first", "target_act": "probing", "ok": true, "error": ""}
{"request_id": "two-stage-v1|scaffolding-909|selector_explain_first|deepseek-v4-pro", "queue_rank": 61, "call_type": "selector_explain_first", "target_act": "telling", "ok": true, "error": ""}
{"request_id": "two-stage-v1|scaffolding-799|selector_ask_first|deepseek-v4-pro", "queue_rank": 51, "call_type": "selector_ask_first", "target_act": "telling", "ok": true, "error": ""}
{"request_id": "two-stage-v1|scaffolding-919|selector_explain_first|deepseek-v4-pro", "queue_rank": 58, "call_type": "selector_explain_first", "target_act": "telling", "ok": true, "error": ""}
{"request_id": "two-stage-v1|scaffolding-974|explain_executor|deepseek-v4-pro", "queue_rank": 66, "call_type": "explain_executor", "target_act": "telling", "ok": true, "error": ""}
{"request_id": "two-stage-v1|scaffolding-307|selector_explain_first|deepseek-v4-pro", "queue_rank": 65, "call_type": "selector_explain_first", "target_act": "probing", "ok": true, "error": ""}
{"request_id": "two-stage-v1|scaffolding-719|selector_ask_first|deepseek-v4-pro", "queue_rank": 67, "call_type": "selector_ask_first", "target_act": "telling", "ok": true, "error": ""}
{"request_id": "two-stage-v1|scaffolding-589|single_pass_adaptive|deepseek-v4-pro", "queue_rank": 63, "call_type": "single_pass_adaptive", "target_act": "probing", "ok": true, "error": ""}
{"request_id": "two-stage-v1|scaffolding-845|ask_executor|deepseek-v4-pro", "queue_rank": 70, "call_type": "ask_executor", "target_act": "telling", "ok": true, "error": ""}
{"request_id": "two-stage-v1|scaffolding-577|explain_executor|deepseek-v4-pro", "queue_rank": 69, "call_type": "explain_executor", "target_act": "probing", "ok": true, "error": ""}
{"request_id": "two-stage-v1|scaffolding-793|single_pass_adaptive|deepseek-v4-pro", "queue_rank": 64, "call_type": "single_pass_adaptive", "target_act": "telling", "ok": true, "error": ""}
{"request_id": "two-stage-v1|scaffolding-799|ask_executor|deepseek-v4-pro", "queue_rank": 68, "call_type": "ask_executor", "target_act": "telling", "ok": true, "error": ""}
{"request_id": "two-stage-v1|scaffolding-266|ask_executor|deepseek-v4-pro", "queue_rank": 60, "call_type": "ask_executor", "target_act": "probing", "ok": true, "error": ""}
{"request_id": "two-stage-v1|scaffolding-640|selector_explain_first|deepseek-v4-pro", "queue_rank": 71, "call_type": "selector_explain_first", "target_act": "telling", "ok": true, "error": ""}
{"request_id": "two-stage-v1|scaffolding-268|selector_explain_first|deepseek-v4-pro", "queue_rank": 72, "call_type": "selector_explain_first", "target_act": "probing", "ok": true, "error": ""}
{"request_id": "two-stage-v1|scaffolding-610|explain_executor|deepseek-v4-pro", "queue_rank": 77, "call_type": "explain_executor", "target_act": "probing", "ok": true, "error": ""}
{"request_id": "two-stage-v1|scaffolding-176|selector_ask_first|deepseek-v4-pro", "queue_rank": 76, "call_type": "selector_ask_first", "target_act": "telling", "ok": true, "error": ""}
{"request_id": "two-stage-v1|scaffolding-749|single_pass_adaptive|deepseek-v4-pro", "queue_rank": 74, "call_type": "single_pass_adaptive", "target_act": "probing", "ok": true, "error": ""}
{"request_id": "two-stage-v1|scaffolding-757|explain_executor|deepseek-v4-pro", "queue_rank": 78, "call_type": "explain_executor", "target_act": "telling", "ok": true, "error": ""}
{"request_id": "two-stage-v1|scaffolding-610|selector_explain_first|deepseek-v4-pro", "queue_rank": 82, "call_type": "selector_explain_first", "target_act": "probing", "ok": true, "error": ""}
{"request_id": "two-stage-v1|scaffolding-729|ask_executor|deepseek-v4-pro", "queue_rank": 79, "call_type": "ask_executor", "target_act": "probing", "ok": true, "error": ""}
{"request_id": "two-stage-v1|scaffolding-749|ask_executor|deepseek-v4-pro", "queue_rank": 83, "call_type": "ask_executor", "target_act": "probing", "ok": true, "error": ""}
{"request_id": "two-stage-v1|scaffolding-715|selector_ask_first|deepseek-v4-pro", "queue_rank": 75, "call_type": "selector_ask_first", "target_act": "probing", "ok": true, "error": ""}
{"request_id": "two-stage-v1|scaffolding-59|single_pass_adaptive|deepseek-v4-pro", "queue_rank": 73, "call_type": "single_pass_adaptive", "target_act": "telling", "ok": true, "error": ""}
{"request_id": "two-stage-v1|scaffolding-800|selector_ask_first|deepseek-v4-pro", "queue_rank": 80, "call_type": "selector_ask_first", "target_act": "telling", "ok": true, "error": ""}
{"request_id": "two-stage-v1|scaffolding-769|explain_executor|deepseek-v4-pro", "queue_rank": 81, "call_type": "explain_executor", "target_act": "probing", "ok": true, "error": ""}
{"request_id": "two-stage-v1|scaffolding-678|selector_ask_first|deepseek-v4-pro", "queue_rank": 84, "call_type": "selector_ask_first", "target_act": "probing", "ok": true, "error": ""}
{"request_id": "two-stage-v1|scaffolding-685|single_pass_adaptive|deepseek-v4-pro", "queue_rank": 89, "call_type": "single_pass_adaptive", "target_act": "telling", "ok": true, "error": ""}
{"request_id": "two-stage-v1|scaffolding-57|explain_executor|deepseek-v4-pro", "queue_rank": 86, "call_type": "explain_executor", "target_act": "telling", "ok": true, "error": ""}
{"request_id": "two-stage-v1|scaffolding-123|selector_explain_first|deepseek-v4-pro", "queue_rank": 87, "call_type": "selector_explain_first", "target_act": "telling", "ok": true, "error": ""}
{"request_id": "two-stage-v1|scaffolding-322|single_pass_adaptive|deepseek-v4-pro", "queue_rank": 90, "call_type": "single_pass_adaptive", "target_act": "telling", "ok": true, "error": ""}
{"request_id": "two-stage-v1|scaffolding-749|explain_executor|deepseek-v4-pro", "queue_rank": 92, "call_type": "explain_executor", "target_act": "probing", "ok": true, "error": ""}
{"request_id": "two-stage-v1|scaffolding-577|selector_explain_first|deepseek-v4-pro", "queue_rank": 93, "call_type": "selector_explain_first", "target_act": "probing", "ok": true, "error": ""}
{"request_id": "two-stage-v1|scaffolding-446|single_pass_adaptive|deepseek-v4-pro", "queue_rank": 85, "call_type": "single_pass_adaptive", "target_act": "probing", "ok": true, "error": ""}
{"request_id": "two-stage-v1|scaffolding-60|explain_executor|deepseek-v4-pro", "queue_rank": 98, "call_type": "explain_executor", "target_act": "telling", "ok": true, "error": ""}
{"request_id": "two-stage-v1|scaffolding-915|selector_ask_first|deepseek-v4-pro", "queue_rank": 95, "call_type": "selector_ask_first", "target_act": "telling", "ok": true, "error": ""}
{"request_id": "two-stage-v1|scaffolding-216|ask_executor|deepseek-v4-pro", "queue_rank": 91, "call_type": "ask_executor", "target_act": "telling", "ok": true, "error": ""}
{"request_id": "two-stage-v1|scaffolding-338|ask_executor|deepseek-v4-pro", "queue_rank": 99, "call_type": "ask_executor", "target_act": "probing", "ok": true, "error": ""}
{"request_id": "two-stage-v1|scaffolding-56|ask_executor|deepseek-v4-pro", "queue_rank": 88, "call_type": "ask_executor", "target_act": "telling", "ok": true, "error": ""}
{"request_id": "two-stage-v1|scaffolding-721|selector_explain_first|deepseek-v4-pro", "queue_rank": 97, "call_type": "selector_explain_first", "target_act": "telling", "ok": true, "error": ""}
{"request_id": "two-stage-v1|scaffolding-121|single_pass_adaptive|deepseek-v4-pro", "queue_rank": 96, "call_type": "single_pass_adaptive", "target_act": "probing", "ok": true, "error": ""}
{"request_id": "two-stage-v1|scaffolding-589|ask_executor|deepseek-v4-pro", "queue_rank": 100, "call_type": "ask_executor", "target_act": "probing", "ok": true, "error": ""}
{"request_id": "two-stage-v1|scaffolding-57|selector_ask_first|deepseek-v4-pro", "queue_rank": 102, "call_type": "selector_ask_first", "target_act": "telling", "ok": true, "error": ""}
{"request_id": "two-stage-v1|scaffolding-804|selector_ask_first|deepseek-v4-pro", "queue_rank": 94, "call_type": "selector_ask_first", "target_act": "probing", "ok": true, "error": ""}
{"request_id": "two-stage-v1|scaffolding-685|ask_executor|deepseek-v4-pro", "queue_rank": 101, "call_type": "ask_executor", "target_act": "telling", "ok": true, "error": ""}
{"request_id": "two-stage-v1|scaffolding-240|selector_explain_first|deepseek-v4-pro", "queue_rank": 104, "call_type": "selector_explain_first", "target_act": "probing", "ok": true, "error": ""}
{"request_id": "two-stage-v1|scaffolding-704|selector_ask_first|deepseek-v4-pro", "queue_rank": 103, "call_type": "selector_ask_first", "target_act": "probing", "ok": true, "error": ""}
{"request_id": "two-stage-v1|scaffolding-266|explain_executor|deepseek-v4-pro", "queue_rank": 106, "call_type": "explain_executor", "target_act": "probing", "ok": true, "error": ""}
{"request_id": "two-stage-v1|scaffolding-756|explain_executor|deepseek-v4-pro", "queue_rank": 107, "call_type": "explain_executor", "target_act": "telling", "ok": true, "error": ""}
{"request_id": "two-stage-v1|scaffolding-11|single_pass_adaptive|deepseek-v4-pro", "queue_rank": 108, "call_type": "single_pass_adaptive", "target_act": "telling", "ok": true, "error": ""}
{"request_id": "two-stage-v1|scaffolding-56|selector_explain_first|deepseek-v4-pro", "queue_rank": 109, "call_type": "selector_explain_first", "target_act": "telling", "ok": true, "error": ""}
{"request_id": "two-stage-v1|scaffolding-8|explain_executor|deepseek-v4-pro", "queue_rank": 112, "call_type": "explain_executor", "target_act": "telling", "ok": true, "error": ""}
{"request_id": "two-stage-v1|scaffolding-879|ask_executor|deepseek-v4-pro", "queue_rank": 111, "call_type": "ask_executor", "target_act": "probing", "ok": true, "error": ""}
{"request_id": "two-stage-v1|scaffolding-674|explain_executor|deepseek-v4-pro", "queue_rank": 118, "call_type": "explain_executor", "target_act": "probing", "ok": true, "error": ""}
{"request_id": "two-stage-v1|scaffolding-169|selector_explain_first|deepseek-v4-pro", "queue_rank": 110, "call_type": "selector_explain_first", "target_act": "telling", "ok": true, "error": ""}
{"request_id": "two-stage-v1|scaffolding-448|single_pass_adaptive|deepseek-v4-pro", "queue_rank": 113, "call_type": "single_pass_adaptive", "target_act": "probing", "ok": true, "error": ""}
{"request_id": "two-stage-v1|scaffolding-477|selector_explain_first|deepseek-v4-pro", "queue_rank": 114, "call_type": "selector_explain_first", "target_act": "probing", "ok": true, "error": ""}
{"request_id": "two-stage-v1|scaffolding-686|single_pass_adaptive|deepseek-v4-pro", "queue_rank": 115, "call_type": "single_pass_adaptive", "target_act": "telling", "ok": true, "error": ""}
{"request_id": "two-stage-v1|scaffolding-146|selector_ask_first|deepseek-v4-pro", "queue_rank": 117, "call_type": "selector_ask_first", "target_act": "probing", "ok": true, "error": ""}
{"request_id": "two-stage-v1|scaffolding-12|selector_ask_first|deepseek-v4-pro", "queue_rank": 116, "call_type": "selector_ask_first", "target_act": "telling", "ok": true, "error": ""}
{"request_id": "two-stage-v1|scaffolding-15|explain_executor|deepseek-v4-pro", "queue_rank": 122, "call_type": "explain_executor", "target_act": "telling", "ok": true, "error": ""}
{"request_id": "two-stage-v1|scaffolding-338|explain_executor|deepseek-v4-pro", "queue_rank": 123, "call_type": "explain_executor", "target_act": "probing", "ok": true, "error": ""}
{"request_id": "two-stage-v1|scaffolding-55|ask_executor|deepseek-v4-pro", "queue_rank": 119, "call_type": "ask_executor", "target_act": "telling", "ok": true, "error": ""}
{"request_id": "two-stage-v1|scaffolding-721|single_pass_adaptive|deepseek-v4-pro", "queue_rank": 121, "call_type": "single_pass_adaptive", "target_act": "telling", "ok": true, "error": ""}
{"request_id": "two-stage-v1|scaffolding-602|single_pass_adaptive|deepseek-v4-pro", "queue_rank": 124, "call_type": "single_pass_adaptive", "target_act": "probing", "ok": true, "error": ""}
{"request_id": "two-stage-v1|scaffolding-121|selector_ask_first|deepseek-v4-pro", "queue_rank": 125, "call_type": "selector_ask_first", "target_act": "probing", "ok": true, "error": ""}
{"request_id": "two-stage-v1|scaffolding-56|selector_ask_first|deepseek-v4-pro", "queue_rank": 120, "call_type": "selector_ask_first", "target_act": "telling", "ok": true, "error": ""}
{"request_id": "two-stage-v1|scaffolding-678|ask_executor|deepseek-v4-pro", "queue_rank": 129, "call_type": "ask_executor", "target_act": "probing", "ok": true, "error": ""}
{"request_id": "two-stage-v1|scaffolding-9|ask_executor|deepseek-v4-pro", "queue_rank": 128, "call_type": "ask_executor", "target_act": "telling", "ok": true, "error": ""}
{"request_id": "two-stage-v1|scaffolding-15|ask_executor|deepseek-v4-pro", "queue_rank": 132, "call_type": "ask_executor", "target_act": "telling", "ok": true, "error": ""}
{"request_id": "two-stage-v1|scaffolding-703|selector_explain_first|deepseek-v4-pro", "queue_rank": 131, "call_type": "selector_explain_first", "target_act": "probing", "ok": true, "error": ""}
{"request_id": "two-stage-v1|scaffolding-148|explain_executor|deepseek-v4-pro", "queue_rank": 130, "call_type": "explain_executor", "target_act": "probing", "ok": true, "error": ""}
{"request_id": "two-stage-v1|scaffolding-804|selector_explain_first|deepseek-v4-pro", "queue_rank": 126, "call_type": "selector_explain_first", "target_act": "probing", "ok": true, "error": ""}
{"request_id": "two-stage-v1|scaffolding-11|explain_executor|deepseek-v4-pro", "queue_rank": 134, "call_type": "explain_executor", "target_act": "telling", "ok": true, "error": ""}
{"request_id": "two-stage-v1|scaffolding-879|single_pass_adaptive|deepseek-v4-pro", "queue_rank": 135, "call_type": "single_pass_adaptive", "target_act": "probing", "ok": true, "error": ""}
{"request_id": "two-stage-v1|scaffolding-251|selector_ask_first|deepseek-v4-pro", "queue_rank": 133, "call_type": "selector_ask_first", "target_act": "probing", "ok": true, "error": ""}
{"request_id": "two-stage-v1|scaffolding-451|single_pass_adaptive|deepseek-v4-pro", "queue_rank": 105, "call_type": "single_pass_adaptive", "target_act": "probing", "ok": true, "error": ""}
{"request_id": "two-stage-v1|scaffolding-919|single_pass_adaptive|deepseek-v4-pro", "queue_rank": 137, "call_type": "single_pass_adaptive", "target_act": "telling", "ok": true, "error": ""}
{"request_id": "two-stage-v1|scaffolding-9|selector_ask_first|deepseek-v4-pro", "queue_rank": 139, "call_type": "selector_ask_first", "target_act": "telling", "ok": true, "error": ""}
{"request_id": "two-stage-v1|scaffolding-524|selector_ask_first|deepseek-v4-pro", "queue_rank": 140, "call_type": "selector_ask_first", "target_act": "telling", "ok": true, "error": ""}
{"request_id": "two-stage-v1|scaffolding-9|selector_explain_first|deepseek-v4-pro", "queue_rank": 138, "call_type": "selector_explain_first", "target_act": "telling", "ok": true, "error": ""}
{"request_id": "two-stage-v1|scaffolding-623|ask_executor|deepseek-v4-pro", "queue_rank": 136, "call_type": "ask_executor", "target_act": "probing", "ok": true, "error": ""}
{"request_id": "two-stage-v1|scaffolding-801|selector_explain_first|deepseek-v4-pro", "queue_rank": 127, "call_type": "selector_explain_first", "target_act": "telling", "ok": true, "error": ""}
{"request_id": "two-stage-v1|scaffolding-74|ask_executor|deepseek-v4-pro", "queue_rank": 143, "call_type": "ask_executor", "target_act": "probing", "ok": true, "error": ""}
{"request_id": "two-stage-v1|scaffolding-148|selector_explain_first|deepseek-v4-pro", "queue_rank": 141, "call_type": "selector_explain_first", "target_act": "probing", "ok": true, "error": ""}
{"request_id": "two-stage-v1|scaffolding-55|explain_executor|deepseek-v4-pro", "queue_rank": 145, "call_type": "explain_executor", "target_act": "telling", "ok": true, "error": ""}
{"request_id": "two-stage-v1|scaffolding-146|single_pass_adaptive|deepseek-v4-pro", "queue_rank": 146, "call_type": "single_pass_adaptive", "target_act": "probing", "ok": true, "error": ""}
{"request_id": "two-stage-v1|scaffolding-774|selector_ask_first|deepseek-v4-pro", "queue_rank": 142, "call_type": "selector_ask_first", "target_act": "probing", "ok": true, "error": ""}
{"request_id": "two-stage-v1|scaffolding-758|ask_executor|deepseek-v4-pro", "queue_rank": 144, "call_type": "ask_executor", "target_act": "telling", "ok": true, "error": ""}
{"request_id": "two-stage-v1|scaffolding-55|selector_explain_first|deepseek-v4-pro", "queue_rank": 149, "call_type": "selector_explain_first", "target_act": "telling", "ok": true, "error": ""}
{"request_id": "two-stage-v1|scaffolding-448|selector_ask_first|deepseek-v4-pro", "queue_rank": 150, "call_type": "selector_ask_first", "target_act": "probing", "ok": true, "error": ""}
{"request_id": "two-stage-v1|scaffolding-12|single_pass_adaptive|deepseek-v4-pro", "queue_rank": 148, "call_type": "single_pass_adaptive", "target_act": "telling", "ok": true, "error": ""}
{"request_id": "two-stage-v1|scaffolding-216|explain_executor|deepseek-v4-pro", "queue_rank": 151, "call_type": "explain_executor", "target_act": "telling", "ok": true, "error": ""}
{"request_id": "two-stage-v1|scaffolding-500|single_pass_adaptive|deepseek-v4-pro", "queue_rank": 152, "call_type": "single_pass_adaptive", "target_act": "telling", "ok": true, "error": ""}
{"request_id": "two-stage-v1|scaffolding-704|explain_executor|deepseek-v4-pro", "queue_rank": 147, "call_type": "explain_executor", "target_act": "probing", "ok": true, "error": ""}
{"request_id": "two-stage-v1|scaffolding-804|single_pass_adaptive|deepseek-v4-pro", "queue_rank": 153, "call_type": "single_pass_adaptive", "target_act": "probing", "ok": true, "error": ""}
{"request_id": "two-stage-v1|scaffolding-835|explain_executor|deepseek-v4-pro", "queue_rank": 157, "call_type": "explain_executor", "target_act": "probing", "ok": true, "error": ""}
{"request_id": "two-stage-v1|scaffolding-755|single_pass_adaptive|deepseek-v4-pro", "queue_rank": 160, "call_type": "single_pass_adaptive", "target_act": "telling", "ok": true, "error": ""}
{"request_id": "two-stage-v1|scaffolding-845|selector_explain_first|deepseek-v4-pro", "queue_rank": 156, "call_type": "selector_explain_first", "target_act": "telling", "ok": true, "error": ""}
{"request_id": "two-stage-v1|scaffolding-268|ask_executor|deepseek-v4-pro", "queue_rank": 161, "call_type": "ask_executor", "target_act": "probing", "ok": true, "error": ""}
{"request_id": "two-stage-v1|scaffolding-307|ask_executor|deepseek-v4-pro", "queue_rank": 155, "call_type": "ask_executor", "target_act": "probing", "ok": true, "error": ""}
{"request_id": "two-stage-v1|scaffolding-74|single_pass_adaptive|deepseek-v4-pro", "queue_rank": 162, "call_type": "single_pass_adaptive", "target_act": "probing", "ok": true, "error": ""}
{"request_id": "two-stage-v1|scaffolding-780|selector_explain_first|deepseek-v4-pro", "queue_rank": 165, "call_type": "selector_explain_first", "target_act": "probing", "ok": true, "error": ""}
{"request_id": "two-stage-v1|scaffolding-698|selector_explain_first|deepseek-v4-pro", "queue_rank": 163, "call_type": "selector_explain_first", "target_act": "telling", "ok": true, "error": ""}
{"request_id": "two-stage-v1|scaffolding-602|selector_ask_first|deepseek-v4-pro", "queue_rank": 164, "call_type": "selector_ask_first", "target_act": "probing", "ok": true, "error": ""}
{"request_id": "two-stage-v1|scaffolding-756|ask_executor|deepseek-v4-pro", "queue_rank": 159, "call_type": "ask_executor", "target_act": "telling", "ok": true, "error": ""}
{"request_id": "two-stage-v1|scaffolding-7|ask_executor|deepseek-v4-pro", "queue_rank": 166, "call_type": "ask_executor", "target_act": "telling", "ok": true, "error": ""}
{"request_id": "two-stage-v1|scaffolding-686|selector_ask_first|deepseek-v4-pro", "queue_rank": 158, "call_type": "selector_ask_first", "target_act": "telling", "ok": true, "error": ""}
{"request_id": "two-stage-v1|scaffolding-15|selector_ask_first|deepseek-v4-pro", "queue_rank": 167, "call_type": "selector_ask_first", "target_act": "telling", "ok": true, "error": ""}
{"request_id": "two-stage-v1|scaffolding-60|ask_executor|deepseek-v4-pro", "queue_rank": 170, "call_type": "ask_executor", "target_act": "telling", "ok": true, "error": ""}
{"request_id": "two-stage-v1|scaffolding-953|explain_executor|deepseek-v4-pro", "queue_rank": 168, "call_type": "explain_executor", "target_act": "probing", "ok": true, "error": ""}
{"request_id": "two-stage-v1|scaffolding-769|ask_executor|deepseek-v4-pro", "queue_rank": 172, "call_type": "ask_executor", "target_act": "probing", "ok": true, "error": ""}
{"request_id": "two-stage-v1|scaffolding-760|explain_executor|deepseek-v4-pro", "queue_rank": 169, "call_type": "explain_executor", "target_act": "telling", "ok": true, "error": ""}
{"request_id": "two-stage-v1|scaffolding-619|selector_ask_first|deepseek-v4-pro", "queue_rank": 173, "call_type": "selector_ask_first", "target_act": "probing", "ok": true, "error": ""}
{"request_id": "two-stage-v1|scaffolding-736|single_pass_adaptive|deepseek-v4-pro", "queue_rank": 171, "call_type": "single_pass_adaptive", "target_act": "probing", "ok": true, "error": ""}
{"request_id": "two-stage-v1|scaffolding-909|explain_executor|deepseek-v4-pro", "queue_rank": 177, "call_type": "explain_executor", "target_act": "telling", "ok": true, "error": ""}
{"request_id": "two-stage-v1|scaffolding-99|selector_ask_first|deepseek-v4-pro", "queue_rank": 179, "call_type": "selector_ask_first", "target_act": "telling", "ok": true, "error": ""}
{"request_id": "two-stage-v1|scaffolding-7|single_pass_adaptive|deepseek-v4-pro", "queue_rank": 174, "call_type": "single_pass_adaptive", "target_act": "telling", "ok": true, "error": ""}
{"request_id": "two-stage-v1|scaffolding-903|explain_executor|deepseek-v4-pro", "queue_rank": 178, "call_type": "explain_executor", "target_act": "probing", "ok": true, "error": ""}
{"request_id": "two-stage-v1|scaffolding-968|ask_executor|deepseek-v4-pro", "queue_rank": 180, "call_type": "ask_executor", "target_act": "telling", "ok": true, "error": ""}
{"request_id": "two-stage-v1|scaffolding-176|selector_explain_first|deepseek-v4-pro", "queue_rank": 176, "call_type": "selector_explain_first", "target_act": "telling", "ok": true, "error": ""}
{"request_id": "two-stage-v1|scaffolding-196|single_pass_adaptive|deepseek-v4-pro", "queue_rank": 184, "call_type": "single_pass_adaptive", "target_act": "probing", "ok": true, "error": ""}
{"request_id": "two-stage-v1|scaffolding-500|selector_explain_first|deepseek-v4-pro", "queue_rank": 181, "call_type": "selector_explain_first", "target_act": "telling", "ok": true, "error": ""}
{"request_id": "two-stage-v1|scaffolding-1085|explain_executor|deepseek-v4-pro", "queue_rank": 183, "call_type": "explain_executor", "target_act": "telling", "ok": true, "error": ""}
{"request_id": "two-stage-v1|scaffolding-757|selector_ask_first|deepseek-v4-pro", "queue_rank": 182, "call_type": "selector_ask_first", "target_act": "telling", "ok": true, "error": ""}
{"request_id": "two-stage-v1|scaffolding-232|selector_explain_first|deepseek-v4-pro", "queue_rank": 185, "call_type": "selector_explain_first", "target_act": "probing", "ok": true, "error": ""}
{"request_id": "two-stage-v1|scaffolding-835|selector_explain_first|deepseek-v4-pro", "queue_rank": 175, "call_type": "selector_explain_first", "target_act": "probing", "ok": true, "error": ""}
{"request_id": "two-stage-v1|scaffolding-736|selector_ask_first|deepseek-v4-pro", "queue_rank": 189, "call_type": "selector_ask_first", "target_act": "probing", "ok": true, "error": ""}
{"request_id": "two-stage-v1|scaffolding-736|ask_executor|deepseek-v4-pro", "queue_rank": 187, "call_type": "ask_executor", "target_act": "probing", "ok": true, "error": ""}
{"request_id": "two-stage-v1|scaffolding-124|explain_executor|deepseek-v4-pro", "queue_rank": 188, "call_type": "explain_executor", "target_act": "probing", "ok": true, "error": ""}
{"request_id": "two-stage-v1|scaffolding-758|selector_explain_first|deepseek-v4-pro", "queue_rank": 191, "call_type": "selector_explain_first", "target_act": "telling", "ok": true, "error": ""}
{"request_id": "two-stage-v1|scaffolding-481|selector_explain_first|deepseek-v4-pro", "queue_rank": 154, "call_type": "selector_explain_first", "target_act": "probing", "ok": true, "error": ""}
{"request_id": "two-stage-v1|scaffolding-800|explain_executor|deepseek-v4-pro", "queue_rank": 194, "call_type": "explain_executor", "target_act": "telling", "ok": true, "error": ""}
{"request_id": "two-stage-v1|scaffolding-448|selector_explain_first|deepseek-v4-pro", "queue_rank": 193, "call_type": "selector_explain_first", "target_act": "probing", "ok": true, "error": ""}
{"request_id": "two-stage-v1|scaffolding-577|selector_ask_first|deepseek-v4-pro", "queue_rank": 196, "call_type": "selector_ask_first", "target_act": "probing", "ok": true, "error": ""}
{"request_id": "two-stage-v1|scaffolding-216|single_pass_adaptive|deepseek-v4-pro", "queue_rank": 190, "call_type": "single_pass_adaptive", "target_act": "telling", "ok": true, "error": ""}
{"request_id": "two-stage-v1|scaffolding-703|explain_executor|deepseek-v4-pro", "queue_rank": 198, "call_type": "explain_executor", "target_act": "probing", "ok": true, "error": ""}
{"request_id": "two-stage-v1|scaffolding-721|selector_ask_first|deepseek-v4-pro", "queue_rank": 195, "call_type": "selector_ask_first", "target_act": "telling", "ok": true, "error": ""}
{"request_id": "two-stage-v1|scaffolding-835|single_pass_adaptive|deepseek-v4-pro", "queue_rank": 192, "call_type": "single_pass_adaptive", "target_act": "probing", "ok": true, "error": ""}
{"request_id": "two-stage-v1|scaffolding-757|ask_executor|deepseek-v4-pro", "queue_rank": 201, "call_type": "ask_executor", "target_act": "telling", "ok": true, "error": ""}
{"request_id": "two-stage-v1|scaffolding-12|explain_executor|deepseek-v4-pro", "queue_rank": 200, "call_type": "explain_executor", "target_act": "telling", "ok": true, "error": ""}
{"request_id": "two-stage-v1|scaffolding-9|single_pass_adaptive|deepseek-v4-pro", "queue_rank": 186, "call_type": "single_pass_adaptive", "target_act": "telling", "ok": true, "error": ""}
{"request_id": "two-stage-v1|scaffolding-774|ask_executor|deepseek-v4-pro", "queue_rank": 197, "call_type": "ask_executor", "target_act": "probing", "ok": true, "error": ""}
{"request_id": "two-stage-v1|scaffolding-524|ask_executor|deepseek-v4-pro", "queue_rank": 199, "call_type": "ask_executor", "target_act": "telling", "ok": true, "error": ""}
{"request_id": "two-stage-v1|scaffolding-953|selector_ask_first|deepseek-v4-pro", "queue_rank": 202, "call_type": "selector_ask_first", "target_act": "probing", "ok": true, "error": ""}
{"request_id": "two-stage-v1|scaffolding-363|ask_executor|deepseek-v4-pro", "queue_rank": 204, "call_type": "ask_executor", "target_act": "probing", "ok": true, "error": ""}
{"request_id": "two-stage-v1|scaffolding-157|single_pass_adaptive|deepseek-v4-pro", "queue_rank": 205, "call_type": "single_pass_adaptive", "target_act": "probing", "ok": true, "error": ""}
{"request_id": "two-stage-v1|scaffolding-685|selector_explain_first|deepseek-v4-pro", "queue_rank": 208, "call_type": "selector_explain_first", "target_act": "telling", "ok": true, "error": ""}
{"request_id": "two-stage-v1|scaffolding-2|selector_ask_first|deepseek-v4-pro", "queue_rank": 207, "call_type": "selector_ask_first", "target_act": "telling", "ok": true, "error": ""}
{"request_id": "two-stage-v1|scaffolding-124|ask_executor|deepseek-v4-pro", "queue_rank": 211, "call_type": "ask_executor", "target_act": "probing", "ok": true, "error": ""}
{"request_id": "two-stage-v1|scaffolding-99|selector_explain_first|deepseek-v4-pro", "queue_rank": 212, "call_type": "selector_explain_first", "target_act": "telling", "ok": true, "error": ""}
{"request_id": "two-stage-v1|scaffolding-453|selector_explain_first|deepseek-v4-pro", "queue_rank": 209, "call_type": "selector_explain_first", "target_act": "probing", "ok": true, "error": ""}
{"request_id": "two-stage-v1|scaffolding-915|single_pass_adaptive|deepseek-v4-pro", "queue_rank": 210, "call_type": "single_pass_adaptive", "target_act": "telling", "ok": true, "error": ""}
{"request_id": "two-stage-v1|scaffolding-60|selector_ask_first|deepseek-v4-pro", "queue_rank": 214, "call_type": "selector_ask_first", "target_act": "telling", "ok": true, "error": ""}
{"request_id": "two-stage-v1|scaffolding-491|selector_explain_first|deepseek-v4-pro", "queue_rank": 213, "call_type": "selector_explain_first", "target_act": "probing", "ok": true, "error": ""}
{"request_id": "two-stage-v1|scaffolding-729|explain_executor|deepseek-v4-pro", "queue_rank": 216, "call_type": "explain_executor", "target_act": "probing", "ok": true, "error": ""}
{"request_id": "two-stage-v1|scaffolding-756|single_pass_adaptive|deepseek-v4-pro", "queue_rank": 206, "call_type": "single_pass_adaptive", "target_act": "telling", "ok": true, "error": ""}
{"request_id": "two-stage-v1|scaffolding-703|selector_ask_first|deepseek-v4-pro", "queue_rank": 215, "call_type": "selector_ask_first", "target_act": "probing", "ok": true, "error": ""}
{"request_id": "two-stage-v1|scaffolding-500|ask_executor|deepseek-v4-pro", "queue_rank": 218, "call_type": "ask_executor", "target_act": "telling", "ok": true, "error": ""}
{"request_id": "two-stage-v1|scaffolding-169|explain_executor|deepseek-v4-pro", "queue_rank": 219, "call_type": "explain_executor", "target_act": "telling", "ok": true, "error": ""}
{"request_id": "two-stage-v1|scaffolding-74|explain_executor|deepseek-v4-pro", "queue_rank": 221, "call_type": "explain_executor", "target_act": "probing", "ok": true, "error": ""}
{"request_id": "two-stage-v1|scaffolding-974|ask_executor|deepseek-v4-pro", "queue_rank": 223, "call_type": "ask_executor", "target_act": "telling", "ok": true, "error": ""}
{"request_id": "two-stage-v1|scaffolding-148|ask_executor|deepseek-v4-pro", "queue_rank": 222, "call_type": "ask_executor", "target_act": "probing", "ok": true, "error": ""}
{"request_id": "two-stage-v1|scaffolding-266|single_pass_adaptive|deepseek-v4-pro", "queue_rank": 217, "call_type": "single_pass_adaptive", "target_act": "probing", "ok": true, "error": ""}
{"request_id": "two-stage-v1|scaffolding-729|selector_explain_first|deepseek-v4-pro", "queue_rank": 220, "call_type": "selector_explain_first", "target_act": "probing", "ok": true, "error": ""}
{"request_id": "two-stage-v1|scaffolding-15|selector_explain_first|deepseek-v4-pro", "queue_rank": 228, "call_type": "selector_explain_first", "target_act": "telling", "ok": true, "error": ""}
{"request_id": "two-stage-v1|scaffolding-845|single_pass_adaptive|deepseek-v4-pro", "queue_rank": 227, "call_type": "single_pass_adaptive", "target_act": "telling", "ok": true, "error": ""}
{"request_id": "two-stage-v1|scaffolding-756|selector_ask_first|deepseek-v4-pro", "queue_rank": 225, "call_type": "selector_ask_first", "target_act": "telling", "ok": true, "error": ""}
{"request_id": "two-stage-v1|scaffolding-674|single_pass_adaptive|deepseek-v4-pro", "queue_rank": 226, "call_type": "single_pass_adaptive", "target_act": "probing", "ok": true, "error": ""}
{"request_id": "two-stage-v1|scaffolding-835|selector_ask_first|deepseek-v4-pro", "queue_rank": 229, "call_type": "selector_ask_first", "target_act": "probing", "ok": true, "error": ""}
{"request_id": "two-stage-v1|scaffolding-686|ask_executor|deepseek-v4-pro", "queue_rank": 231, "call_type": "ask_executor", "target_act": "telling", "ok": true, "error": ""}
{"request_id": "two-stage-v1|scaffolding-307|selector_ask_first|deepseek-v4-pro", "queue_rank": 232, "call_type": "selector_ask_first", "target_act": "probing", "ok": true, "error": ""}
{"request_id": "two-stage-v1|scaffolding-123|explain_executor|deepseek-v4-pro", "queue_rank": 230, "call_type": "explain_executor", "target_act": "telling", "ok": true, "error": ""}
{"request_id": "two-stage-v1|scaffolding-793|selector_explain_first|deepseek-v4-pro", "queue_rank": 234, "call_type": "selector_explain_first", "target_act": "telling", "ok": true, "error": ""}
{"request_id": "two-stage-v1|scaffolding-698|explain_executor|deepseek-v4-pro", "queue_rank": 224, "call_type": "explain_executor", "target_act": "telling", "ok": true, "error": ""}
{"request_id": "two-stage-v1|scaffolding-610|ask_executor|deepseek-v4-pro", "queue_rank": 237, "call_type": "ask_executor", "target_act": "probing", "ok": true, "error": ""}
{"request_id": "two-stage-v1|scaffolding-736|explain_executor|deepseek-v4-pro", "queue_rank": 239, "call_type": "explain_executor", "target_act": "probing", "ok": true, "error": ""}
{"request_id": "two-stage-v1|scaffolding-232|single_pass_adaptive|deepseek-v4-pro", "queue_rank": 235, "call_type": "single_pass_adaptive", "target_act": "probing", "ok": true, "error": ""}
{"request_id": "two-stage-v1|scaffolding-968|selector_ask_first|deepseek-v4-pro", "queue_rank": 233, "call_type": "selector_ask_first", "target_act": "telling", "ok": true, "error": ""}
{"request_id": "two-stage-v1|scaffolding-338|selector_explain_first|deepseek-v4-pro", "queue_rank": 238, "call_type": "selector_explain_first", "target_act": "probing", "ok": true, "error": ""}
{"request_id": "two-stage-v1|scaffolding-991|explain_executor|deepseek-v4-pro", "queue_rank": 244, "call_type": "explain_executor", "target_act": "probing", "ok": true, "error": ""}
{"request_id": "two-stage-v1|scaffolding-57|single_pass_adaptive|deepseek-v4-pro", "queue_rank": 236, "call_type": "single_pass_adaptive", "target_act": "telling", "ok": true, "error": ""}
{"request_id": "two-stage-v1|scaffolding-610|single_pass_adaptive|deepseek-v4-pro", "queue_rank": 240, "call_type": "single_pass_adaptive", "target_act": "probing", "ok": true, "error": ""}
{"request_id": "two-stage-v1|scaffolding-99|ask_executor|deepseek-v4-pro", "queue_rank": 243, "call_type": "ask_executor", "target_act": "telling", "ok": true, "error": ""}
{"request_id": "two-stage-v1|scaffolding-749|selector_ask_first|deepseek-v4-pro", "queue_rank": 245, "call_type": "selector_ask_first", "target_act": "probing", "ok": true, "error": ""}
{"request_id": "two-stage-v1|scaffolding-123|selector_ask_first|deepseek-v4-pro", "queue_rank": 247, "call_type": "selector_ask_first", "target_act": "telling", "ok": true, "error": ""}
{"request_id": "two-stage-v1|scaffolding-915|selector_explain_first|deepseek-v4-pro", "queue_rank": 248, "call_type": "selector_explain_first", "target_act": "telling", "ok": true, "error": ""}
{"request_id": "two-stage-v1|scaffolding-146|ask_executor|deepseek-v4-pro", "queue_rank": 242, "call_type": "ask_executor", "target_act": "probing", "ok": true, "error": ""}
{"request_id": "two-stage-v1|scaffolding-176|single_pass_adaptive|deepseek-v4-pro", "queue_rank": 246, "call_type": "single_pass_adaptive", "target_act": "telling", "ok": true, "error": ""}
{"request_id": "two-stage-v1|scaffolding-769|selector_ask_first|deepseek-v4-pro", "queue_rank": 250, "call_type": "selector_ask_first", "target_act": "probing", "ok": true, "error": ""}
{"request_id": "two-stage-v1|scaffolding-589|explain_executor|deepseek-v4-pro", "queue_rank": 251, "call_type": "explain_executor", "target_act": "probing", "ok": true, "error": ""}
{"request_id": "two-stage-v1|scaffolding-793|selector_ask_first|deepseek-v4-pro", "queue_rank": 254, "call_type": "selector_ask_first", "target_act": "telling", "ok": true, "error": ""}
{"request_id": "two-stage-v1|scaffolding-47|explain_executor|deepseek-v4-pro", "queue_rank": 256, "call_type": "explain_executor", "target_act": "telling", "ok": true, "error": ""}
{"request_id": "two-stage-v1|scaffolding-780|ask_executor|deepseek-v4-pro", "queue_rank": 257, "call_type": "ask_executor", "target_act": "probing", "ok": true, "error": ""}
{"request_id": "two-stage-v1|scaffolding-324|single_pass_adaptive|deepseek-v4-pro", "queue_rank": 252, "call_type": "single_pass_adaptive", "target_act": "telling", "ok": true, "error": ""}
{"request_id": "two-stage-v1|scaffolding-903|selector_explain_first|deepseek-v4-pro", "queue_rank": 253, "call_type": "selector_explain_first", "target_act": "probing", "ok": true, "error": ""}
{"request_id": "two-stage-v1|scaffolding-451|explain_executor|deepseek-v4-pro", "queue_rank": 203, "call_type": "explain_executor", "target_act": "probing", "ok": true, "error": ""}
{"request_id": "two-stage-v1|scaffolding-686|explain_executor|deepseek-v4-pro", "queue_rank": 260, "call_type": "explain_executor", "target_act": "telling", "ok": true, "error": ""}
{"request_id": "two-stage-v1|scaffolding-704|single_pass_adaptive|deepseek-v4-pro", "queue_rank": 255, "call_type": "single_pass_adaptive", "target_act": "probing", "ok": true, "error": ""}
{"request_id": "two-stage-v1|scaffolding-1085|selector_explain_first|deepseek-v4-pro", "queue_rank": 259, "call_type": "selector_explain_first", "target_act": "telling", "ok": true, "error": ""}
{"request_id": "two-stage-v1|scaffolding-755|selector_ask_first|deepseek-v4-pro", "queue_rank": 264, "call_type": "selector_ask_first", "target_act": "telling", "ok": true, "error": ""}
{"request_id": "two-stage-v1|scaffolding-8|ask_executor|deepseek-v4-pro", "queue_rank": 258, "call_type": "ask_executor", "target_act": "telling", "ok": true, "error": ""}
{"request_id": "two-stage-v1|scaffolding-674|ask_executor|deepseek-v4-pro", "queue_rank": 263, "call_type": "ask_executor", "target_act": "probing", "ok": true, "error": ""}
{"request_id": "two-stage-v1|scaffolding-121|selector_explain_first|deepseek-v4-pro", "queue_rank": 262, "call_type": "selector_explain_first", "target_act": "probing", "ok": true, "error": ""}
{"request_id": "two-stage-v1|scaffolding-801|single_pass_adaptive|deepseek-v4-pro", "queue_rank": 266, "call_type": "single_pass_adaptive", "target_act": "telling", "ok": true, "error": ""}
{"request_id": "two-stage-v1|scaffolding-307|explain_executor|deepseek-v4-pro", "queue_rank": 268, "call_type": "explain_executor", "target_act": "probing", "ok": true, "error": ""}
{"request_id": "two-stage-v1|scaffolding-801|ask_executor|deepseek-v4-pro", "queue_rank": 265, "call_type": "ask_executor", "target_act": "telling", "ok": true, "error": ""}
{"request_id": "two-stage-v1|scaffolding-991|selector_ask_first|deepseek-v4-pro", "queue_rank": 269, "call_type": "selector_ask_first", "target_act": "probing", "ok": true, "error": ""}
{"request_id": "two-stage-v1|scaffolding-719|selector_explain_first|deepseek-v4-pro", "queue_rank": 267, "call_type": "selector_explain_first", "target_act": "telling", "ok": true, "error": ""}
{"request_id": "two-stage-v1|scaffolding-363|single_pass_adaptive|deepseek-v4-pro", "queue_rank": 261, "call_type": "single_pass_adaptive", "target_act": "probing", "ok": true, "error": ""}
{"request_id": "two-stage-v1|scaffolding-769|single_pass_adaptive|deepseek-v4-pro", "queue_rank": 271, "call_type": "single_pass_adaptive", "target_act": "probing", "ok": true, "error": ""}
{"request_id": "two-stage-v1|scaffolding-998|selector_ask_first|deepseek-v4-pro", "queue_rank": 272, "call_type": "selector_ask_first", "target_act": "telling", "ok": true, "error": ""}
{"request_id": "two-stage-v1|scaffolding-176|explain_executor|deepseek-v4-pro", "queue_rank": 274, "call_type": "explain_executor", "target_act": "telling", "ok": true, "error": ""}
{"request_id": "two-stage-v1|scaffolding-146|explain_executor|deepseek-v4-pro", "queue_rank": 275, "call_type": "explain_executor", "target_act": "probing", "ok": true, "error": ""}
{"request_id": "two-stage-v1|scaffolding-177|single_pass_adaptive|deepseek-v4-pro", "queue_rank": 273, "call_type": "single_pass_adaptive", "target_act": "telling", "ok": true, "error": ""}
{"request_id": "two-stage-v1|scaffolding-196|selector_explain_first|deepseek-v4-pro", "queue_rank": 277, "call_type": "selector_explain_first", "target_act": "probing", "ok": true, "error": ""}
{"request_id": "two-stage-v1|scaffolding-780|selector_ask_first|deepseek-v4-pro", "queue_rank": 278, "call_type": "selector_ask_first", "target_act": "probing", "ok": true, "error": ""}
{"request_id": "two-stage-v1|scaffolding-800|selector_explain_first|deepseek-v4-pro", "queue_rank": 276, "call_type": "selector_explain_first", "target_act": "telling", "ok": true, "error": ""}
{"request_id": "two-stage-v1|scaffolding-757|selector_explain_first|deepseek-v4-pro", "queue_rank": 280, "call_type": "selector_explain_first", "target_act": "telling", "ok": true, "error": ""}
{"request_id": "two-stage-v1|scaffolding-309|ask_executor|deepseek-v4-pro", "queue_rank": 270, "call_type": "ask_executor", "target_act": "probing", "ok": true, "error": ""}
{"request_id": "two-stage-v1|scaffolding-232|explain_executor|deepseek-v4-pro", "queue_rank": 282, "call_type": "explain_executor", "target_act": "probing", "ok": true, "error": ""}
{"request_id": "two-stage-v1|scaffolding-446|ask_executor|deepseek-v4-pro", "queue_rank": 281, "call_type": "ask_executor", "target_act": "probing", "ok": true, "error": ""}
{"request_id": "two-stage-v1|scaffolding-324|selector_ask_first|deepseek-v4-pro", "queue_rank": 283, "call_type": "selector_ask_first", "target_act": "telling", "ok": true, "error": ""}
{"request_id": "two-stage-v1|scaffolding-998|ask_executor|deepseek-v4-pro", "queue_rank": 279, "call_type": "ask_executor", "target_act": "telling", "ok": true, "error": ""}
{"request_id": "two-stage-v1|scaffolding-577|single_pass_adaptive|deepseek-v4-pro", "queue_rank": 284, "call_type": "single_pass_adaptive", "target_act": "probing", "ok": true, "error": ""}
{"request_id": "two-stage-v1|scaffolding-722|explain_executor|deepseek-v4-pro", "queue_rank": 286, "call_type": "explain_executor", "target_act": "telling", "ok": true, "error": ""}
{"request_id": "two-stage-v1|scaffolding-623|explain_executor|deepseek-v4-pro", "queue_rank": 290, "call_type": "explain_executor", "target_act": "probing", "ok": true, "error": ""}
{"request_id": "two-stage-v1|scaffolding-589|selector_ask_first|deepseek-v4-pro", "queue_rank": 288, "call_type": "selector_ask_first", "target_act": "probing", "ok": true, "error": ""}
{"request_id": "two-stage-v1|scaffolding-800|ask_executor|deepseek-v4-pro", "queue_rank": 291, "call_type": "ask_executor", "target_act": "telling", "ok": true, "error": ""}
{"request_id": "two-stage-v1|scaffolding-722|ask_executor|deepseek-v4-pro", "queue_rank": 285, "call_type": "ask_executor", "target_act": "telling", "ok": true, "error": ""}
{"request_id": "two-stage-v1|scaffolding-757|single_pass_adaptive|deepseek-v4-pro", "queue_rank": 289, "call_type": "single_pass_adaptive", "target_act": "telling", "ok": true, "error": ""}
{"request_id": "two-stage-v1|scaffolding-953|selector_explain_first|deepseek-v4-pro", "queue_rank": 287, "call_type": "selector_explain_first", "target_act": "probing", "ok": true, "error": ""}
{"request_id": "two-stage-v1|scaffolding-453|single_pass_adaptive|deepseek-v4-pro", "queue_rank": 292, "call_type": "single_pass_adaptive", "target_act": "probing", "ok": true, "error": ""}
{"request_id": "two-stage-v1|scaffolding-232|ask_executor|deepseek-v4-pro", "queue_rank": 296, "call_type": "ask_executor", "target_act": "probing", "ok": true, "error": ""}
{"request_id": "two-stage-v1|scaffolding-137|selector_explain_first|deepseek-v4-pro", "queue_rank": 294, "call_type": "selector_explain_first", "target_act": "probing", "ok": true, "error": ""}
{"request_id": "two-stage-v1|scaffolding-123|single_pass_adaptive|deepseek-v4-pro", "queue_rank": 295, "call_type": "single_pass_adaptive", "target_act": "telling", "ok": true, "error": ""}
{"request_id": "two-stage-v1|scaffolding-968|selector_explain_first|deepseek-v4-pro", "queue_rank": 297, "call_type": "selector_explain_first", "target_act": "telling", "ok": true, "error": ""}
{"request_id": "two-stage-v1|scaffolding-9|explain_executor|deepseek-v4-pro", "queue_rank": 299, "call_type": "explain_executor", "target_act": "telling", "ok": true, "error": ""}
{"request_id": "two-stage-v1|scaffolding-602|ask_executor|deepseek-v4-pro", "queue_rank": 301, "call_type": "ask_executor", "target_act": "probing", "ok": true, "error": ""}
{"request_id": "two-stage-v1|scaffolding-7|selector_ask_first|deepseek-v4-pro", "queue_rank": 298, "call_type": "selector_ask_first", "target_act": "telling", "ok": true, "error": ""}
{"request_id": "two-stage-v1|scaffolding-749|selector_explain_first|deepseek-v4-pro", "queue_rank": 300, "call_type": "selector_explain_first", "target_act": "probing", "ok": true, "error": ""}
{"request_id": "two-stage-v1|scaffolding-266|selector_explain_first|deepseek-v4-pro", "queue_rank": 249, "call_type": "selector_explain_first", "target_act": "probing", "ok": true, "error": ""}
{"request_id": "two-stage-v1|scaffolding-678|explain_executor|deepseek-v4-pro", "queue_rank": 305, "call_type": "explain_executor", "target_act": "probing", "ok": true, "error": ""}
{"request_id": "two-stage-v1|scaffolding-760|ask_executor|deepseek-v4-pro", "queue_rank": 302, "call_type": "ask_executor", "target_act": "telling", "ok": true, "error": ""}
{"request_id": "two-stage-v1|scaffolding-15|single_pass_adaptive|deepseek-v4-pro", "queue_rank": 307, "call_type": "single_pass_adaptive", "target_act": "telling", "ok": true, "error": ""}
{"request_id": "two-stage-v1|scaffolding-47|selector_ask_first|deepseek-v4-pro", "queue_rank": 306, "call_type": "selector_ask_first", "target_act": "telling", "ok": true, "error": ""}
{"request_id": "two-stage-v1|scaffolding-801|explain_executor|deepseek-v4-pro", "queue_rank": 303, "call_type": "explain_executor", "target_act": "telling", "ok": true, "error": ""}
{"request_id": "two-stage-v1|scaffolding-481|selector_ask_first|deepseek-v4-pro", "queue_rank": 304, "call_type": "selector_ask_first", "target_act": "probing", "ok": true, "error": ""}
{"request_id": "two-stage-v1|scaffolding-640|explain_executor|deepseek-v4-pro", "queue_rank": 310, "call_type": "explain_executor", "target_act": "telling", "ok": true, "error": ""}
{"request_id": "two-stage-v1|scaffolding-998|selector_explain_first|deepseek-v4-pro", "queue_rank": 308, "call_type": "selector_explain_first", "target_act": "telling", "ok": true, "error": ""}
{"request_id": "two-stage-v1|scaffolding-157|selector_explain_first|deepseek-v4-pro", "queue_rank": 313, "call_type": "selector_explain_first", "target_act": "probing", "ok": true, "error": ""}
{"request_id": "two-stage-v1|scaffolding-721|ask_executor|deepseek-v4-pro", "queue_rank": 311, "call_type": "ask_executor", "target_act": "telling", "ok": true, "error": ""}
{"request_id": "two-stage-v1|scaffolding-240|single_pass_adaptive|deepseek-v4-pro", "queue_rank": 309, "call_type": "single_pass_adaptive", "target_act": "probing", "ok": true, "error": ""}
{"request_id": "two-stage-v1|scaffolding-703|single_pass_adaptive|deepseek-v4-pro", "queue_rank": 315, "call_type": "single_pass_adaptive", "target_act": "probing", "ok": true, "error": ""}
{"request_id": "two-stage-v1|scaffolding-157|explain_executor|deepseek-v4-pro", "queue_rank": 316, "call_type": "explain_executor", "target_act": "probing", "ok": true, "error": ""}
{"request_id": "two-stage-v1|scaffolding-216|selector_ask_first|deepseek-v4-pro", "queue_rank": 312, "call_type": "selector_ask_first", "target_act": "telling", "ok": true, "error": ""}
{"request_id": "two-stage-v1|scaffolding-640|single_pass_adaptive|deepseek-v4-pro", "queue_rank": 317, "call_type": "single_pass_adaptive", "target_act": "telling", "ok": true, "error": ""}
{"request_id": "two-stage-v1|scaffolding-216|selector_explain_first|deepseek-v4-pro", "queue_rank": 314, "call_type": "selector_explain_first", "target_act": "telling", "ok": true, "error": ""}
{"request_id": "two-stage-v1|scaffolding-240|ask_executor|deepseek-v4-pro", "queue_rank": 318, "call_type": "ask_executor", "target_act": "probing", "ok": true, "error": ""}
{"request_id": "two-stage-v1|scaffolding-715|selector_explain_first|deepseek-v4-pro", "queue_rank": 320, "call_type": "selector_explain_first", "target_act": "probing", "ok": true, "error": ""}
{"request_id": "two-stage-v1|scaffolding-266|selector_ask_first|deepseek-v4-pro", "queue_rank": 293, "call_type": "selector_ask_first", "target_act": "probing", "ok": true, "error": ""}
{"request_id": "two-stage-v1|scaffolding-157|selector_ask_first|deepseek-v4-pro", "queue_rank": 319, "call_type": "selector_ask_first", "target_act": "probing", "ok": true, "error": ""}
{"request_id": "two-stage-v1|scaffolding-60|single_pass_adaptive|deepseek-v4-pro", "queue_rank": 322, "call_type": "single_pass_adaptive", "target_act": "telling", "ok": true, "error": ""}
{"request_id": "two-stage-v1|scaffolding-121|explain_executor|deepseek-v4-pro", "queue_rank": 324, "call_type": "explain_executor", "target_act": "probing", "ok": true, "error": ""}
{"request_id": "two-stage-v1|scaffolding-729|single_pass_adaptive|deepseek-v4-pro", "queue_rank": 323, "call_type": "single_pass_adaptive", "target_act": "probing", "ok": true, "error": ""}
{"request_id": "two-stage-v1|scaffolding-500|explain_executor|deepseek-v4-pro", "queue_rank": 321, "call_type": "explain_executor", "target_act": "telling", "ok": true, "error": ""}
{"request_id": "two-stage-v1|scaffolding-74|selector_ask_first|deepseek-v4-pro", "queue_rank": 328, "call_type": "selector_ask_first", "target_act": "probing", "ok": true, "error": ""}
{"request_id": "two-stage-v1|scaffolding-47|ask_executor|deepseek-v4-pro", "queue_rank": 327, "call_type": "ask_executor", "target_act": "telling", "ok": true, "error": ""}
{"request_id": "two-stage-v1|scaffolding-722|selector_explain_first|deepseek-v4-pro", "queue_rank": 325, "call_type": "selector_explain_first", "target_act": "telling", "ok": true, "error": ""}
{"request_id": "two-stage-v1|scaffolding-177|selector_explain_first|deepseek-v4-pro", "queue_rank": 330, "call_type": "selector_explain_first", "target_act": "telling", "ok": true, "error": ""}
{"request_id": "two-stage-v1|scaffolding-500|selector_ask_first|deepseek-v4-pro", "queue_rank": 332, "call_type": "selector_ask_first", "target_act": "telling", "ok": true, "error": ""}
{"request_id": "two-stage-v1|scaffolding-99|explain_executor|deepseek-v4-pro", "queue_rank": 334, "call_type": "explain_executor", "target_act": "telling", "ok": true, "error": ""}
{"request_id": "two-stage-v1|scaffolding-722|selector_ask_first|deepseek-v4-pro", "queue_rank": 329, "call_type": "selector_ask_first", "target_act": "telling", "ok": true, "error": ""}
{"request_id": "two-stage-v1|scaffolding-704|ask_executor|deepseek-v4-pro", "queue_rank": 326, "call_type": "ask_executor", "target_act": "probing", "ok": true, "error": ""}
{"request_id": "two-stage-v1|scaffolding-729|selector_ask_first|deepseek-v4-pro", "queue_rank": 335, "call_type": "selector_ask_first", "target_act": "probing", "ok": true, "error": ""}
{"request_id": "two-stage-v1|scaffolding-678|selector_explain_first|deepseek-v4-pro", "queue_rank": 336, "call_type": "selector_explain_first", "target_act": "probing", "ok": true, "error": ""}
{"request_id": "two-stage-v1|scaffolding-193|ask_executor|deepseek-v4-pro", "queue_rank": 333, "call_type": "ask_executor", "target_act": "probing", "ok": true, "error": ""}
{"request_id": "two-stage-v1|scaffolding-698|ask_executor|deepseek-v4-pro", "queue_rank": 338, "call_type": "ask_executor", "target_act": "telling", "ok": true, "error": ""}
{"request_id": "two-stage-v1|scaffolding-800|single_pass_adaptive|deepseek-v4-pro", "queue_rank": 337, "call_type": "single_pass_adaptive", "target_act": "telling", "ok": true, "error": ""}
{"request_id": "two-stage-v1|scaffolding-268|explain_executor|deepseek-v4-pro", "queue_rank": 342, "call_type": "explain_executor", "target_act": "probing", "ok": true, "error": ""}
{"request_id": "two-stage-v1|scaffolding-640|selector_ask_first|deepseek-v4-pro", "queue_rank": 340, "call_type": "selector_ask_first", "target_act": "telling", "ok": true, "error": ""}
{"request_id": "two-stage-v1|scaffolding-196|ask_executor|deepseek-v4-pro", "queue_rank": 341, "call_type": "ask_executor", "target_act": "probing", "ok": true, "error": ""}
{"request_id": "two-stage-v1|scaffolding-909|ask_executor|deepseek-v4-pro", "queue_rank": 347, "call_type": "ask_executor", "target_act": "telling", "ok": true, "error": ""}
{"request_id": "two-stage-v1|scaffolding-968|explain_executor|deepseek-v4-pro", "queue_rank": 241, "call_type": "explain_executor", "target_act": "telling", "ok": true, "error": ""}
{"request_id": "two-stage-v1|scaffolding-998|single_pass_adaptive|deepseek-v4-pro", "queue_rank": 343, "call_type": "single_pass_adaptive", "target_act": "telling", "ok": true, "error": ""}
{"request_id": "two-stage-v1|scaffolding-268|single_pass_adaptive|deepseek-v4-pro", "queue_rank": 346, "call_type": "single_pass_adaptive", "target_act": "probing", "ok": true, "error": ""}
{"request_id": "two-stage-v1|scaffolding-232|selector_ask_first|deepseek-v4-pro", "queue_rank": 344, "call_type": "selector_ask_first", "target_act": "probing", "ok": true, "error": ""}
{"request_id": "two-stage-v1|scaffolding-602|selector_explain_first|deepseek-v4-pro", "queue_rank": 345, "call_type": "selector_explain_first", "target_act": "probing", "ok": true, "error": ""}
{"request_id": "two-stage-v1|scaffolding-623|single_pass_adaptive|deepseek-v4-pro", "queue_rank": 339, "call_type": "single_pass_adaptive", "target_act": "probing", "ok": true, "error": ""}
{"request_id": "two-stage-v1|scaffolding-481|explain_executor|deepseek-v4-pro", "queue_rank": 331, "call_type": "explain_executor", "target_act": "probing", "ok": true, "error": ""}
{"request_id": "two-stage-v1|scaffolding-715|explain_executor|deepseek-v4-pro", "queue_rank": 352, "call_type": "explain_executor", "target_act": "probing", "ok": true, "error": ""}
{"request_id": "two-stage-v1|scaffolding-845|explain_executor|deepseek-v4-pro", "queue_rank": 348, "call_type": "explain_executor", "target_act": "telling", "ok": true, "error": ""}
{"request_id": "two-stage-v1|scaffolding-8|selector_explain_first|deepseek-v4-pro", "queue_rank": 351, "call_type": "selector_explain_first", "target_act": "telling", "ok": true, "error": ""}
{"request_id": "two-stage-v1|scaffolding-324|selector_explain_first|deepseek-v4-pro", "queue_rank": 349, "call_type": "selector_explain_first", "target_act": "telling", "ok": true, "error": ""}
{"request_id": "two-stage-v1|scaffolding-921|selector_ask_first|deepseek-v4-pro", "queue_rank": 355, "call_type": "selector_ask_first", "target_act": "telling", "ok": true, "error": ""}
{"request_id": "two-stage-v1|scaffolding-991|single_pass_adaptive|deepseek-v4-pro", "queue_rank": 358, "call_type": "single_pass_adaptive", "target_act": "probing", "ok": true, "error": ""}
{"request_id": "two-stage-v1|scaffolding-769|selector_explain_first|deepseek-v4-pro", "queue_rank": 356, "call_type": "selector_explain_first", "target_act": "probing", "ok": true, "error": ""}
{"request_id": "two-stage-v1|scaffolding-196|selector_ask_first|deepseek-v4-pro", "queue_rank": 357, "call_type": "selector_ask_first", "target_act": "probing", "ok": true, "error": ""}
{"request_id": "two-stage-v1|scaffolding-11|selector_explain_first|deepseek-v4-pro", "queue_rank": 361, "call_type": "selector_explain_first", "target_act": "telling", "ok": true, "error": ""}
{"request_id": "two-stage-v1|scaffolding-2|explain_executor|deepseek-v4-pro", "queue_rank": 353, "call_type": "explain_executor", "target_act": "telling", "ok": true, "error": ""}
{"request_id": "two-stage-v1|scaffolding-721|explain_executor|deepseek-v4-pro", "queue_rank": 360, "call_type": "explain_executor", "target_act": "telling", "ok": true, "error": ""}
{"request_id": "two-stage-v1|scaffolding-2|single_pass_adaptive|deepseek-v4-pro", "queue_rank": 350, "call_type": "single_pass_adaptive", "target_act": "telling", "ok": true, "error": ""}
{"request_id": "two-stage-v1|scaffolding-55|single_pass_adaptive|deepseek-v4-pro", "queue_rank": 363, "call_type": "single_pass_adaptive", "target_act": "telling", "ok": true, "error": ""}
{"request_id": "two-stage-v1|scaffolding-481|ask_executor|deepseek-v4-pro", "queue_rank": 354, "call_type": "ask_executor", "target_act": "probing", "ok": true, "error": ""}
{"request_id": "two-stage-v1|scaffolding-879|explain_executor|deepseek-v4-pro", "queue_rank": 362, "call_type": "explain_executor", "target_act": "probing", "ok": true, "error": ""}
{"request_id": "two-stage-v1|scaffolding-59|ask_executor|deepseek-v4-pro", "queue_rank": 359, "call_type": "ask_executor", "target_act": "telling", "ok": true, "error": ""}
{"request_id": "two-stage-v1|scaffolding-919|ask_executor|deepseek-v4-pro", "queue_rank": 364, "call_type": "ask_executor", "target_act": "telling", "ok": true, "error": ""}
{"request_id": "two-stage-v1|scaffolding-74|selector_explain_first|deepseek-v4-pro", "queue_rank": 365, "call_type": "selector_explain_first", "target_act": "probing", "ok": true, "error": ""}
{"request_id": "two-stage-v1|scaffolding-715|single_pass_adaptive|deepseek-v4-pro", "queue_rank": 369, "call_type": "single_pass_adaptive", "target_act": "probing", "ok": true, "error": ""}
{"request_id": "two-stage-v1|scaffolding-193|selector_ask_first|deepseek-v4-pro", "queue_rank": 367, "call_type": "selector_ask_first", "target_act": "probing", "ok": true, "error": ""}
{"request_id": "two-stage-v1|scaffolding-157|ask_executor|deepseek-v4-pro", "queue_rank": 368, "call_type": "ask_executor", "target_act": "probing", "ok": true, "error": ""}
{"request_id": "two-stage-v1|scaffolding-801|selector_ask_first|deepseek-v4-pro", "queue_rank": 366, "call_type": "selector_ask_first", "target_act": "telling", "ok": true, "error": ""}
{"request_id": "two-stage-v1|scaffolding-137|explain_executor|deepseek-v4-pro", "queue_rank": 372, "call_type": "explain_executor", "target_act": "probing", "ok": true, "error": ""}
{"request_id": "two-stage-v1|scaffolding-59|selector_explain_first|deepseek-v4-pro", "queue_rank": 375, "call_type": "selector_explain_first", "target_act": "telling", "ok": true, "error": ""}
{"request_id": "two-stage-v1|scaffolding-524|single_pass_adaptive|deepseek-v4-pro", "queue_rank": 370, "call_type": "single_pass_adaptive", "target_act": "telling", "ok": true, "error": ""}
{"request_id": "two-stage-v1|scaffolding-909|selector_ask_first|deepseek-v4-pro", "queue_rank": 378, "call_type": "selector_ask_first", "target_act": "telling", "ok": true, "error": ""}
{"request_id": "two-stage-v1|scaffolding-177|ask_executor|deepseek-v4-pro", "queue_rank": 376, "call_type": "ask_executor", "target_act": "telling", "ok": true, "error": ""}
{"request_id": "two-stage-v1|scaffolding-477|ask_executor|deepseek-v4-pro", "queue_rank": 374, "call_type": "ask_executor", "target_act": "probing", "ok": true, "error": ""}
{"request_id": "two-stage-v1|scaffolding-477|single_pass_adaptive|deepseek-v4-pro", "queue_rank": 373, "call_type": "single_pass_adaptive", "target_act": "probing", "ok": true, "error": ""}
{"request_id": "two-stage-v1|scaffolding-793|explain_executor|deepseek-v4-pro", "queue_rank": 379, "call_type": "explain_executor", "target_act": "telling", "ok": true, "error": ""}
{"request_id": "two-stage-v1|scaffolding-879|selector_ask_first|deepseek-v4-pro", "queue_rank": 383, "call_type": "selector_ask_first", "target_act": "probing", "ok": true, "error": ""}
{"request_id": "two-stage-v1|scaffolding-448|explain_executor|deepseek-v4-pro", "queue_rank": 380, "call_type": "explain_executor", "target_act": "probing", "ok": true, "error": ""}
{"request_id": "two-stage-v1|scaffolding-177|selector_ask_first|deepseek-v4-pro", "queue_rank": 382, "call_type": "selector_ask_first", "target_act": "telling", "ok": true, "error": ""}
{"request_id": "two-stage-v1|scaffolding-774|selector_explain_first|deepseek-v4-pro", "queue_rank": 377, "call_type": "selector_explain_first", "target_act": "probing", "ok": true, "error": ""}
{"request_id": "two-stage-v1|scaffolding-903|single_pass_adaptive|deepseek-v4-pro", "queue_rank": 381, "call_type": "single_pass_adaptive", "target_act": "probing", "ok": true, "error": ""}
{"request_id": "two-stage-v1|scaffolding-755|explain_executor|deepseek-v4-pro", "queue_rank": 385, "call_type": "explain_executor", "target_act": "telling", "ok": true, "error": ""}
{"request_id": "two-stage-v1|scaffolding-755|ask_executor|deepseek-v4-pro", "queue_rank": 387, "call_type": "ask_executor", "target_act": "telling", "ok": true, "error": ""}
{"request_id": "two-stage-v1|scaffolding-524|selector_explain_first|deepseek-v4-pro", "queue_rank": 386, "call_type": "selector_explain_first", "target_act": "telling", "ok": true, "error": ""}
{"request_id": "two-stage-v1|scaffolding-137|ask_executor|deepseek-v4-pro", "queue_rank": 388, "call_type": "ask_executor", "target_act": "probing", "ok": true, "error": ""}
{"request_id": "two-stage-v1|scaffolding-99|single_pass_adaptive|deepseek-v4-pro", "queue_rank": 384, "call_type": "single_pass_adaptive", "target_act": "telling", "ok": true, "error": ""}
{"request_id": "two-stage-v1|scaffolding-879|selector_explain_first|deepseek-v4-pro", "queue_rank": 389, "call_type": "selector_explain_first", "target_act": "probing", "ok": true, "error": ""}
{"request_id": "two-stage-v1|scaffolding-322|selector_ask_first|deepseek-v4-pro", "queue_rank": 391, "call_type": "selector_ask_first", "target_act": "telling", "ok": true, "error": ""}
{"request_id": "two-stage-v1|scaffolding-448|ask_executor|deepseek-v4-pro", "queue_rank": 390, "call_type": "ask_executor", "target_act": "probing", "ok": true, "error": ""}
{"request_id": "two-stage-v1|scaffolding-793|ask_executor|deepseek-v4-pro", "queue_rank": 394, "call_type": "ask_executor", "target_act": "telling", "ok": true, "error": ""}
{"request_id": "two-stage-v1|scaffolding-7|selector_explain_first|deepseek-v4-pro", "queue_rank": 392, "call_type": "selector_explain_first", "target_act": "telling", "ok": true, "error": ""}
{"request_id": "two-stage-v1|scaffolding-8|selector_ask_first|deepseek-v4-pro", "queue_rank": 400, "call_type": "selector_ask_first", "target_act": "telling", "ok": true, "error": ""}
{"request_id": "two-stage-v1|scaffolding-451|selector_ask_first|deepseek-v4-pro", "queue_rank": 371, "call_type": "selector_ask_first", "target_act": "probing", "ok": true, "error": ""}
{"request_id": "two-stage-v1|scaffolding-453|selector_ask_first|deepseek-v4-pro", "queue_rank": 393, "call_type": "selector_ask_first", "target_act": "probing", "ok": true, "error": ""}
{"request_id": "two-stage-v1|scaffolding-678|single_pass_adaptive|deepseek-v4-pro", "queue_rank": 398, "call_type": "single_pass_adaptive", "target_act": "probing", "ok": true, "error": ""}
{"request_id": "two-stage-v1|scaffolding-799|explain_executor|deepseek-v4-pro", "queue_rank": 396, "call_type": "explain_executor", "target_act": "telling", "ok": true, "error": ""}
{"request_id": "two-stage-v1|scaffolding-47|single_pass_adaptive|deepseek-v4-pro", "queue_rank": 395, "call_type": "single_pass_adaptive", "target_act": "telling", "ok": true, "error": ""}
{"request_id": "two-stage-v1|scaffolding-193|selector_explain_first|deepseek-v4-pro", "queue_rank": 397, "call_type": "selector_explain_first", "target_act": "probing", "ok": true, "error": ""}
{"request_id": "two-stage-v1|scaffolding-491|selector_ask_first|deepseek-v4-pro", "queue_rank": 403, "call_type": "selector_ask_first", "target_act": "probing", "ok": true, "error": ""}
{"request_id": "two-stage-v1|scaffolding-698|single_pass_adaptive|deepseek-v4-pro", "queue_rank": 402, "call_type": "single_pass_adaptive", "target_act": "telling", "ok": true, "error": ""}
{"request_id": "two-stage-v1|scaffolding-774|explain_executor|deepseek-v4-pro", "queue_rank": 399, "call_type": "explain_executor", "target_act": "probing", "ok": true, "error": ""}
{"request_id": "two-stage-v1|scaffolding-685|explain_executor|deepseek-v4-pro", "queue_rank": 407, "call_type": "explain_executor", "target_act": "telling", "ok": true, "error": ""}
{"request_id": "two-stage-v1|scaffolding-57|ask_executor|deepseek-v4-pro", "queue_rank": 405, "call_type": "ask_executor", "target_act": "telling", "ok": true, "error": ""}
{"request_id": "two-stage-v1|scaffolding-953|ask_executor|deepseek-v4-pro", "queue_rank": 401, "call_type": "ask_executor", "target_act": "probing", "ok": true, "error": ""}
{"request_id": "two-stage-v1|scaffolding-491|single_pass_adaptive|deepseek-v4-pro", "queue_rank": 408, "call_type": "single_pass_adaptive", "target_act": "probing", "ok": true, "error": ""}
{"request_id": "two-stage-v1|scaffolding-124|selector_explain_first|deepseek-v4-pro", "queue_rank": 404, "call_type": "selector_explain_first", "target_act": "probing", "ok": true, "error": ""}
{"request_id": "two-stage-v1|scaffolding-780|explain_executor|deepseek-v4-pro", "queue_rank": 409, "call_type": "explain_executor", "target_act": "probing", "ok": true, "error": ""}
{"request_id": "two-stage-v1|scaffolding-619|ask_executor|deepseek-v4-pro", "queue_rank": 412, "call_type": "ask_executor", "target_act": "probing", "ok": true, "error": ""}
{"request_id": "two-stage-v1|scaffolding-674|selector_ask_first|deepseek-v4-pro", "queue_rank": 413, "call_type": "selector_ask_first", "target_act": "probing", "ok": true, "error": ""}
{"request_id": "two-stage-v1|scaffolding-619|explain_executor|deepseek-v4-pro", "queue_rank": 417, "call_type": "explain_executor", "target_act": "probing", "ok": true, "error": ""}
{"request_id": "two-stage-v1|scaffolding-974|single_pass_adaptive|deepseek-v4-pro", "queue_rank": 410, "call_type": "single_pass_adaptive", "target_act": "telling", "ok": true, "error": ""}
{"request_id": "two-stage-v1|scaffolding-47|selector_explain_first|deepseek-v4-pro", "queue_rank": 406, "call_type": "selector_explain_first", "target_act": "telling", "ok": true, "error": ""}
{"request_id": "two-stage-v1|scaffolding-685|selector_ask_first|deepseek-v4-pro", "queue_rank": 416, "call_type": "selector_ask_first", "target_act": "telling", "ok": true, "error": ""}
{"request_id": "two-stage-v1|scaffolding-338|single_pass_adaptive|deepseek-v4-pro", "queue_rank": 414, "call_type": "single_pass_adaptive", "target_act": "probing", "ok": true, "error": ""}
{"request_id": "two-stage-v1|scaffolding-56|explain_executor|deepseek-v4-pro", "queue_rank": 415, "call_type": "explain_executor", "target_act": "telling", "ok": true, "error": ""}
{"request_id": "two-stage-v1|scaffolding-193|explain_executor|deepseek-v4-pro", "queue_rank": 422, "call_type": "explain_executor", "target_act": "probing", "ok": true, "error": ""}
{"request_id": "two-stage-v1|scaffolding-1085|ask_executor|deepseek-v4-pro", "queue_rank": 419, "call_type": "ask_executor", "target_act": "telling", "ok": true, "error": ""}
{"request_id": "two-stage-v1|scaffolding-60|selector_explain_first|deepseek-v4-pro", "queue_rank": 420, "call_type": "selector_explain_first", "target_act": "telling", "ok": true, "error": ""}
{"request_id": "two-stage-v1|scaffolding-12|selector_explain_first|deepseek-v4-pro", "queue_rank": 418, "call_type": "selector_explain_first", "target_act": "telling", "ok": true, "error": ""}
{"request_id": "two-stage-v1|scaffolding-309|selector_ask_first|deepseek-v4-pro", "queue_rank": 421, "call_type": "selector_ask_first", "target_act": "probing", "ok": true, "error": ""}
{"request_id": "two-stage-v1|scaffolding-1085|single_pass_adaptive|deepseek-v4-pro", "queue_rank": 423, "call_type": "single_pass_adaptive", "target_act": "telling", "ok": true, "error": ""}
{"request_id": "two-stage-v1|scaffolding-619|single_pass_adaptive|deepseek-v4-pro", "queue_rank": 427, "call_type": "single_pass_adaptive", "target_act": "probing", "ok": true, "error": ""}
{"request_id": "two-stage-v1|scaffolding-903|ask_executor|deepseek-v4-pro", "queue_rank": 426, "call_type": "ask_executor", "target_act": "probing", "ok": true, "error": ""}
{"request_id": "two-stage-v1|scaffolding-324|ask_executor|deepseek-v4-pro", "queue_rank": 425, "call_type": "ask_executor", "target_act": "telling", "ok": true, "error": ""}
{"request_id": "two-stage-v1|scaffolding-704|selector_explain_first|deepseek-v4-pro", "queue_rank": 411, "call_type": "selector_explain_first", "target_act": "probing", "ok": true, "error": ""}
{"request_id": "two-stage-v1|scaffolding-169|selector_ask_first|deepseek-v4-pro", "queue_rank": 431, "call_type": "selector_ask_first", "target_act": "telling", "ok": true, "error": ""}
{"request_id": "two-stage-v1|scaffolding-59|selector_ask_first|deepseek-v4-pro", "queue_rank": 429, "call_type": "selector_ask_first", "target_act": "telling", "ok": true, "error": ""}
{"request_id": "two-stage-v1|scaffolding-322|explain_executor|deepseek-v4-pro", "queue_rank": 434, "call_type": "explain_executor", "target_act": "telling", "ok": true, "error": ""}
{"request_id": "two-stage-v1|scaffolding-524|explain_executor|deepseek-v4-pro", "queue_rank": 428, "call_type": "explain_executor", "target_act": "telling", "ok": true, "error": ""}
{"request_id": "two-stage-v1|scaffolding-755|selector_explain_first|deepseek-v4-pro", "queue_rank": 435, "call_type": "selector_explain_first", "target_act": "telling", "ok": true, "error": ""}
{"request_id": "two-stage-v1|scaffolding-309|selector_explain_first|deepseek-v4-pro", "queue_rank": 430, "call_type": "selector_explain_first", "target_act": "probing", "ok": true, "error": ""}
{"request_id": "two-stage-v1|scaffolding-453|explain_executor|deepseek-v4-pro", "queue_rank": 433, "call_type": "explain_executor", "target_act": "probing", "ok": true, "error": ""}
{"request_id": "two-stage-v1|scaffolding-121|ask_executor|deepseek-v4-pro", "queue_rank": 432, "call_type": "ask_executor", "target_act": "probing", "ok": true, "error": ""}
{"request_id": "two-stage-v1|scaffolding-322|ask_executor|deepseek-v4-pro", "queue_rank": 439, "call_type": "ask_executor", "target_act": "telling", "ok": true, "error": ""}
{"request_id": "two-stage-v1|scaffolding-268|selector_ask_first|deepseek-v4-pro", "queue_rank": 438, "call_type": "selector_ask_first", "target_act": "probing", "ok": true, "error": ""}
{"request_id": "two-stage-v1|scaffolding-193|single_pass_adaptive|deepseek-v4-pro", "queue_rank": 436, "call_type": "single_pass_adaptive", "target_act": "probing", "ok": true, "error": ""}
{"request_id": "two-stage-v1|scaffolding-240|explain_executor|deepseek-v4-pro", "queue_rank": 442, "call_type": "explain_executor", "target_act": "probing", "ok": true, "error": ""}
{"request_id": "two-stage-v1|scaffolding-921|selector_explain_first|deepseek-v4-pro", "queue_rank": 440, "call_type": "selector_explain_first", "target_act": "telling", "ok": true, "error": ""}
{"request_id": "two-stage-v1|scaffolding-921|single_pass_adaptive|deepseek-v4-pro", "queue_rank": 437, "call_type": "single_pass_adaptive", "target_act": "telling", "ok": true, "error": ""}
{"request_id": "two-stage-v1|scaffolding-1085|selector_ask_first|deepseek-v4-pro", "queue_rank": 443, "call_type": "selector_ask_first", "target_act": "telling", "ok": true, "error": ""}
{"request_id": "two-stage-v1|scaffolding-324|explain_executor|deepseek-v4-pro", "queue_rank": 446, "call_type": "explain_executor", "target_act": "telling", "ok": true, "error": ""}
{"request_id": "two-stage-v1|scaffolding-446|selector_explain_first|deepseek-v4-pro", "queue_rank": 444, "call_type": "selector_explain_first", "target_act": "probing", "ok": true, "error": ""}
{"request_id": "two-stage-v1|scaffolding-674|selector_explain_first|deepseek-v4-pro", "queue_rank": 450, "call_type": "selector_explain_first", "target_act": "probing", "ok": true, "error": ""}
{"request_id": "two-stage-v1|scaffolding-577|ask_executor|deepseek-v4-pro", "queue_rank": 448, "call_type": "ask_executor", "target_act": "probing", "ok": true, "error": ""}
{"request_id": "two-stage-v1|scaffolding-968|single_pass_adaptive|deepseek-v4-pro", "queue_rank": 445, "call_type": "single_pass_adaptive", "target_act": "telling", "ok": true, "error": ""}
{"request_id": "two-stage-v1|scaffolding-719|ask_executor|deepseek-v4-pro", "queue_rank": 449, "call_type": "ask_executor", "target_act": "telling", "ok": true, "error": ""}
{"request_id": "two-stage-v1|scaffolding-477|selector_ask_first|deepseek-v4-pro", "queue_rank": 447, "call_type": "selector_ask_first", "target_act": "probing", "ok": true, "error": ""}
{"request_id": "two-stage-v1|scaffolding-451|selector_explain_first|deepseek-v4-pro", "queue_rank": 424, "call_type": "selector_explain_first", "target_act": "probing", "ok": true, "error": ""}
{"request_id": "two-stage-v1|scaffolding-715|ask_executor|deepseek-v4-pro", "queue_rank": 454, "call_type": "ask_executor", "target_act": "probing", "ok": true, "error": ""}
{"request_id": "two-stage-v1|scaffolding-309|explain_executor|deepseek-v4-pro", "queue_rank": 451, "call_type": "explain_executor", "target_act": "probing", "ok": true, "error": ""}
{"request_id": "two-stage-v1|scaffolding-623|selector_ask_first|deepseek-v4-pro", "queue_rank": 456, "call_type": "selector_ask_first", "target_act": "probing", "ok": true, "error": ""}
{"request_id": "two-stage-v1|scaffolding-8|single_pass_adaptive|deepseek-v4-pro", "queue_rank": 452, "call_type": "single_pass_adaptive", "target_act": "telling", "ok": true, "error": ""}
{"request_id": "two-stage-v1|scaffolding-758|selector_ask_first|deepseek-v4-pro", "queue_rank": 455, "call_type": "selector_ask_first", "target_act": "telling", "ok": true, "error": ""}
{"request_id": "two-stage-v1|scaffolding-915|ask_executor|deepseek-v4-pro", "queue_rank": 459, "call_type": "ask_executor", "target_act": "telling", "ok": true, "error": ""}
{"request_id": "two-stage-v1|scaffolding-919|explain_executor|deepseek-v4-pro", "queue_rank": 458, "call_type": "explain_executor", "target_act": "telling", "ok": true, "error": ""}
{"request_id": "two-stage-v1|scaffolding-2|selector_explain_first|deepseek-v4-pro", "queue_rank": 453, "call_type": "selector_explain_first", "target_act": "telling", "ok": true, "error": ""}
{"request_id": "two-stage-v1|scaffolding-453|ask_executor|deepseek-v4-pro", "queue_rank": 463, "call_type": "ask_executor", "target_act": "probing", "ok": true, "error": ""}
{"request_id": "two-stage-v1|scaffolding-602|explain_executor|deepseek-v4-pro", "queue_rank": 466, "call_type": "explain_executor", "target_act": "probing", "ok": true, "error": ""}
{"request_id": "two-stage-v1|scaffolding-774|single_pass_adaptive|deepseek-v4-pro", "queue_rank": 457, "call_type": "single_pass_adaptive", "target_act": "probing", "ok": true, "error": ""}
{"request_id": "two-stage-v1|scaffolding-59|explain_executor|deepseek-v4-pro", "queue_rank": 464, "call_type": "explain_executor", "target_act": "telling", "ok": true, "error": ""}
{"request_id": "two-stage-v1|scaffolding-137|single_pass_adaptive|deepseek-v4-pro", "queue_rank": 460, "call_type": "single_pass_adaptive", "target_act": "probing", "ok": true, "error": ""}
{"request_id": "two-stage-v1|scaffolding-2|ask_executor|deepseek-v4-pro", "queue_rank": 461, "call_type": "ask_executor", "target_act": "telling", "ok": true, "error": ""}
{"request_id": "two-stage-v1|scaffolding-698|selector_ask_first|deepseek-v4-pro", "queue_rank": 467, "call_type": "selector_ask_first", "target_act": "telling", "ok": true, "error": ""}
{"request_id": "two-stage-v1|scaffolding-137|selector_ask_first|deepseek-v4-pro", "queue_rank": 469, "call_type": "selector_ask_first", "target_act": "probing", "ok": true, "error": ""}
{"request_id": "two-stage-v1|scaffolding-623|selector_explain_first|deepseek-v4-pro", "queue_rank": 465, "call_type": "selector_explain_first", "target_act": "probing", "ok": true, "error": ""}
{"request_id": "two-stage-v1|scaffolding-953|single_pass_adaptive|deepseek-v4-pro", "queue_rank": 471, "call_type": "single_pass_adaptive", "target_act": "probing", "ok": true, "error": ""}
{"request_id": "two-stage-v1|scaffolding-57|selector_explain_first|deepseek-v4-pro", "queue_rank": 462, "call_type": "selector_explain_first", "target_act": "telling", "ok": true, "error": ""}
{"request_id": "two-stage-v1|scaffolding-909|single_pass_adaptive|deepseek-v4-pro", "queue_rank": 468, "call_type": "single_pass_adaptive", "target_act": "telling", "ok": true, "error": ""}
{"request_id": "two-stage-v1|scaffolding-491|ask_executor|deepseek-v4-pro", "queue_rank": 472, "call_type": "ask_executor", "target_act": "probing", "ok": true, "error": ""}
{"request_id": "two-stage-v1|scaffolding-722|single_pass_adaptive|deepseek-v4-pro", "queue_rank": 474, "call_type": "single_pass_adaptive", "target_act": "telling", "ok": true, "error": ""}
{"request_id": "two-stage-v1|scaffolding-196|explain_executor|deepseek-v4-pro", "queue_rank": 476, "call_type": "explain_executor", "target_act": "probing", "ok": true, "error": ""}
{"request_id": "two-stage-v1|scaffolding-640|ask_executor|deepseek-v4-pro", "queue_rank": 475, "call_type": "ask_executor", "target_act": "telling", "ok": true, "error": ""}
{"request_id": "two-stage-v1|scaffolding-55|selector_ask_first|deepseek-v4-pro", "queue_rank": 473, "call_type": "selector_ask_first", "target_act": "telling", "ok": true, "error": ""}
{"request_id": "two-stage-v1|scaffolding-363|selector_explain_first|deepseek-v4-pro", "queue_rank": 470, "call_type": "selector_explain_first", "target_act": "probing", "ok": true, "error": ""}
{"request_id": "two-stage-v1|scaffolding-758|explain_executor|deepseek-v4-pro", "queue_rank": 478, "call_type": "explain_executor", "target_act": "telling", "ok": true, "error": ""}
{"request_id": "two-stage-v1|scaffolding-148|selector_ask_first|deepseek-v4-pro", "queue_rank": 477, "call_type": "selector_ask_first", "target_act": "probing", "ok": true, "error": ""}
{"request_id": "two-stage-v1|scaffolding-481|single_pass_adaptive|deepseek-v4-pro", "queue_rank": 441, "call_type": "single_pass_adaptive", "target_act": "probing", "ok": true, "error": ""}
{"request_id": "two-stage-v1|scaffolding-799|selector_explain_first|deepseek-v4-pro", "queue_rank": 479, "call_type": "selector_explain_first", "target_act": "telling", "ok": true, "error": ""}
{"request_id": "two-stage-v1|scaffolding-448|explain_executor|doubao-seed-2.0-lite", "queue_rank": 6, "call_type": "explain_executor", "target_act": "probing", "ok": true, "error": ""}
{"request_id": "two-stage-v1|scaffolding-148|single_pass_adaptive|doubao-seed-2.0-lite", "queue_rank": 1, "call_type": "single_pass_adaptive", "target_act": "probing", "ok": true, "error": ""}
{"request_id": "two-stage-v1|scaffolding-998|ask_executor|doubao-seed-2.0-lite", "queue_rank": 5, "call_type": "ask_executor", "target_act": "telling", "ok": true, "error": ""}
{"request_id": "two-stage-v1|scaffolding-953|ask_executor|doubao-seed-2.0-lite", "queue_rank": 0, "call_type": "ask_executor", "target_act": "probing", "ok": true, "error": ""}
{"request_id": "two-stage-v1|scaffolding-2|single_pass_adaptive|doubao-seed-2.0-lite", "queue_rank": 3, "call_type": "single_pass_adaptive", "target_act": "telling", "ok": true, "error": ""}
{"request_id": "two-stage-v1|scaffolding-322|explain_executor|doubao-seed-2.0-lite", "queue_rank": 9, "call_type": "explain_executor", "target_act": "telling", "ok": true, "error": ""}
{"request_id": "two-stage-v1|scaffolding-703|selector_explain_first|doubao-seed-2.0-lite", "queue_rank": 10, "call_type": "selector_explain_first", "target_act": "probing", "ok": true, "error": ""}
{"request_id": "two-stage-v1|scaffolding-193|selector_explain_first|doubao-seed-2.0-lite", "queue_rank": 4, "call_type": "selector_explain_first", "target_act": "probing", "ok": true, "error": ""}
{"request_id": "two-stage-v1|scaffolding-698|selector_ask_first|doubao-seed-2.0-lite", "queue_rank": 2, "call_type": "selector_ask_first", "target_act": "telling", "ok": true, "error": ""}
{"request_id": "two-stage-v1|scaffolding-338|selector_ask_first|doubao-seed-2.0-lite", "queue_rank": 7, "call_type": "selector_ask_first", "target_act": "probing", "ok": true, "error": ""}
{"request_id": "two-stage-v1|scaffolding-640|explain_executor|doubao-seed-2.0-lite", "queue_rank": 14, "call_type": "explain_executor", "target_act": "telling", "ok": true, "error": ""}
{"request_id": "two-stage-v1|scaffolding-60|selector_ask_first|doubao-seed-2.0-lite", "queue_rank": 12, "call_type": "selector_ask_first", "target_act": "telling", "ok": true, "error": ""}
{"request_id": "two-stage-v1|scaffolding-715|single_pass_adaptive|doubao-seed-2.0-lite", "queue_rank": 15, "call_type": "single_pass_adaptive", "target_act": "probing", "ok": true, "error": ""}
{"request_id": "two-stage-v1|scaffolding-157|ask_executor|doubao-seed-2.0-lite", "queue_rank": 13, "call_type": "ask_executor", "target_act": "probing", "ok": true, "error": ""}
{"request_id": "two-stage-v1|scaffolding-1085|single_pass_adaptive|doubao-seed-2.0-lite", "queue_rank": 17, "call_type": "single_pass_adaptive", "target_act": "telling", "ok": true, "error": ""}
{"request_id": "two-stage-v1|scaffolding-15|explain_executor|doubao-seed-2.0-lite", "queue_rank": 20, "call_type": "explain_executor", "target_act": "telling", "ok": true, "error": ""}
{"request_id": "two-stage-v1|scaffolding-774|explain_executor|doubao-seed-2.0-lite", "queue_rank": 18, "call_type": "explain_executor", "target_act": "probing", "ok": true, "error": ""}
{"request_id": "two-stage-v1|scaffolding-703|selector_ask_first|doubao-seed-2.0-lite", "queue_rank": 21, "call_type": "selector_ask_first", "target_act": "probing", "ok": true, "error": ""}
{"request_id": "two-stage-v1|scaffolding-756|ask_executor|doubao-seed-2.0-lite", "queue_rank": 16, "call_type": "ask_executor", "target_act": "telling", "ok": true, "error": ""}
{"request_id": "two-stage-v1|scaffolding-123|ask_executor|doubao-seed-2.0-lite", "queue_rank": 22, "call_type": "ask_executor", "target_act": "telling", "ok": true, "error": ""}
{"request_id": "two-stage-v1|scaffolding-477|selector_ask_first|doubao-seed-2.0-lite", "queue_rank": 11, "call_type": "selector_ask_first", "target_act": "probing", "ok": true, "error": ""}
{"request_id": "two-stage-v1|scaffolding-909|single_pass_adaptive|doubao-seed-2.0-lite", "queue_rank": 25, "call_type": "single_pass_adaptive", "target_act": "telling", "ok": true, "error": ""}
{"request_id": "two-stage-v1|scaffolding-749|explain_executor|doubao-seed-2.0-lite", "queue_rank": 26, "call_type": "explain_executor", "target_act": "probing", "ok": true, "error": ""}
{"request_id": "two-stage-v1|scaffolding-453|ask_executor|doubao-seed-2.0-lite", "queue_rank": 27, "call_type": "ask_executor", "target_act": "probing", "ok": true, "error": ""}
{"request_id": "two-stage-v1|scaffolding-799|selector_explain_first|doubao-seed-2.0-lite", "queue_rank": 8, "call_type": "selector_explain_first", "target_act": "telling", "ok": true, "error": ""}
{"request_id": "two-stage-v1|scaffolding-793|selector_ask_first|doubao-seed-2.0-lite", "queue_rank": 30, "call_type": "selector_ask_first", "target_act": "telling", "ok": true, "error": ""}
{"request_id": "two-stage-v1|scaffolding-755|explain_executor|doubao-seed-2.0-lite", "queue_rank": 31, "call_type": "explain_executor", "target_act": "telling", "ok": true, "error": ""}
{"request_id": "two-stage-v1|scaffolding-169|selector_explain_first|doubao-seed-2.0-lite", "queue_rank": 23, "call_type": "selector_explain_first", "target_act": "telling", "ok": true, "error": ""}
{"request_id": "two-stage-v1|scaffolding-804|single_pass_adaptive|doubao-seed-2.0-lite", "queue_rank": 29, "call_type": "single_pass_adaptive", "target_act": "probing", "ok": true, "error": ""}
{"request_id": "two-stage-v1|scaffolding-268|selector_explain_first|doubao-seed-2.0-lite", "queue_rank": 24, "call_type": "selector_explain_first", "target_act": "probing", "ok": true, "error": ""}
{"request_id": "two-stage-v1|scaffolding-968|single_pass_adaptive|doubao-seed-2.0-lite", "queue_rank": 32, "call_type": "single_pass_adaptive", "target_act": "telling", "ok": true, "error": ""}
{"request_id": "two-stage-v1|scaffolding-756|selector_ask_first|doubao-seed-2.0-lite", "queue_rank": 28, "call_type": "selector_ask_first", "target_act": "telling", "ok": true, "error": ""}
{"request_id": "two-stage-v1|scaffolding-793|selector_explain_first|doubao-seed-2.0-lite", "queue_rank": 19, "call_type": "selector_explain_first", "target_act": "telling", "ok": true, "error": ""}
{"request_id": "two-stage-v1|scaffolding-240|explain_executor|doubao-seed-2.0-lite", "queue_rank": 34, "call_type": "explain_executor", "target_act": "probing", "ok": true, "error": ""}
{"request_id": "two-stage-v1|scaffolding-703|single_pass_adaptive|doubao-seed-2.0-lite", "queue_rank": 37, "call_type": "single_pass_adaptive", "target_act": "probing", "ok": true, "error": ""}
{"request_id": "two-stage-v1|scaffolding-193|ask_executor|doubao-seed-2.0-lite", "queue_rank": 35, "call_type": "ask_executor", "target_act": "probing", "ok": true, "error": ""}
{"request_id": "two-stage-v1|scaffolding-59|ask_executor|doubao-seed-2.0-lite", "queue_rank": 33, "call_type": "ask_executor", "target_act": "telling", "ok": true, "error": ""}
{"request_id": "two-stage-v1|scaffolding-338|explain_executor|doubao-seed-2.0-lite", "queue_rank": 42, "call_type": "explain_executor", "target_act": "probing", "ok": true, "error": ""}
{"request_id": "two-stage-v1|scaffolding-491|selector_ask_first|doubao-seed-2.0-lite", "queue_rank": 36, "call_type": "selector_ask_first", "target_act": "probing", "ok": true, "error": ""}
{"request_id": "two-stage-v1|scaffolding-685|selector_explain_first|doubao-seed-2.0-lite", "queue_rank": 41, "call_type": "selector_explain_first", "target_act": "telling", "ok": true, "error": ""}
{"request_id": "two-stage-v1|scaffolding-722|ask_executor|doubao-seed-2.0-lite", "queue_rank": 40, "call_type": "ask_executor", "target_act": "telling", "ok": true, "error": ""}
{"request_id": "two-stage-v1|scaffolding-55|single_pass_adaptive|doubao-seed-2.0-lite", "queue_rank": 44, "call_type": "single_pass_adaptive", "target_act": "telling", "ok": true, "error": ""}
{"request_id": "two-stage-v1|scaffolding-322|selector_explain_first|doubao-seed-2.0-lite", "queue_rank": 39, "call_type": "selector_explain_first", "target_act": "telling", "ok": true, "error": ""}
{"request_id": "two-stage-v1|scaffolding-715|ask_executor|doubao-seed-2.0-lite", "queue_rank": 47, "call_type": "ask_executor", "target_act": "probing", "ok": true, "error": ""}
{"request_id": "two-stage-v1|scaffolding-55|explain_executor|doubao-seed-2.0-lite", "queue_rank": 49, "call_type": "explain_executor", "target_act": "telling", "ok": true, "error": ""}
{"request_id": "two-stage-v1|scaffolding-266|selector_explain_first|doubao-seed-2.0-lite", "queue_rank": 38, "call_type": "selector_explain_first", "target_act": "probing", "ok": true, "error": ""}
{"request_id": "two-stage-v1|scaffolding-757|selector_ask_first|doubao-seed-2.0-lite", "queue_rank": 43, "call_type": "selector_ask_first", "target_act": "telling", "ok": true, "error": ""}
{"request_id": "two-stage-v1|scaffolding-12|single_pass_adaptive|doubao-seed-2.0-lite", "queue_rank": 50, "call_type": "single_pass_adaptive", "target_act": "telling", "ok": true, "error": ""}
{"request_id": "two-stage-v1|scaffolding-146|selector_ask_first|doubao-seed-2.0-lite", "queue_rank": 45, "call_type": "selector_ask_first", "target_act": "probing", "ok": true, "error": ""}
{"request_id": "two-stage-v1|scaffolding-577|single_pass_adaptive|doubao-seed-2.0-lite", "queue_rank": 51, "call_type": "single_pass_adaptive", "target_act": "probing", "ok": true, "error": ""}
{"request_id": "two-stage-v1|scaffolding-446|explain_executor|doubao-seed-2.0-lite", "queue_rank": 57, "call_type": "explain_executor", "target_act": "probing", "ok": true, "error": ""}
{"request_id": "two-stage-v1|scaffolding-56|explain_executor|doubao-seed-2.0-lite", "queue_rank": 55, "call_type": "explain_executor", "target_act": "telling", "ok": true, "error": ""}
{"request_id": "two-stage-v1|scaffolding-124|ask_executor|doubao-seed-2.0-lite", "queue_rank": 53, "call_type": "ask_executor", "target_act": "probing", "ok": true, "error": ""}
{"request_id": "two-stage-v1|scaffolding-619|selector_explain_first|doubao-seed-2.0-lite", "queue_rank": 48, "call_type": "selector_explain_first", "target_act": "probing", "ok": true, "error": ""}
{"request_id": "two-stage-v1|scaffolding-481|single_pass_adaptive|doubao-seed-2.0-lite", "queue_rank": 46, "call_type": "single_pass_adaptive", "target_act": "probing", "ok": true, "error": ""}
{"request_id": "two-stage-v1|scaffolding-307|selector_ask_first|doubao-seed-2.0-lite", "queue_rank": 54, "call_type": "selector_ask_first", "target_act": "probing", "ok": true, "error": ""}
{"request_id": "two-stage-v1|scaffolding-968|selector_explain_first|doubao-seed-2.0-lite", "queue_rank": 58, "call_type": "selector_explain_first", "target_act": "telling", "ok": true, "error": ""}
{"request_id": "two-stage-v1|scaffolding-640|selector_explain_first|doubao-seed-2.0-lite", "queue_rank": 60, "call_type": "selector_explain_first", "target_act": "telling", "ok": true, "error": ""}
{"request_id": "two-stage-v1|scaffolding-74|selector_explain_first|doubao-seed-2.0-lite", "queue_rank": 56, "call_type": "selector_explain_first", "target_act": "probing", "ok": true, "error": ""}
{"request_id": "two-stage-v1|scaffolding-146|selector_explain_first|doubao-seed-2.0-lite", "queue_rank": 61, "call_type": "selector_explain_first", "target_act": "probing", "ok": true, "error": ""}
{"request_id": "two-stage-v1|scaffolding-998|selector_ask_first|doubao-seed-2.0-lite", "queue_rank": 52, "call_type": "selector_ask_first", "target_act": "telling", "ok": true, "error": ""}
{"request_id": "two-stage-v1|scaffolding-74|selector_ask_first|doubao-seed-2.0-lite", "queue_rank": 62, "call_type": "selector_ask_first", "target_act": "probing", "ok": true, "error": ""}
{"request_id": "two-stage-v1|scaffolding-240|single_pass_adaptive|doubao-seed-2.0-lite", "queue_rank": 63, "call_type": "single_pass_adaptive", "target_act": "probing", "ok": true, "error": ""}
{"request_id": "two-stage-v1|scaffolding-799|ask_executor|doubao-seed-2.0-lite", "queue_rank": 59, "call_type": "ask_executor", "target_act": "telling", "ok": true, "error": ""}
{"request_id": "two-stage-v1|scaffolding-623|explain_executor|doubao-seed-2.0-lite", "queue_rank": 66, "call_type": "explain_executor", "target_act": "probing", "ok": true, "error": ""}
{"request_id": "two-stage-v1|scaffolding-8|explain_executor|doubao-seed-2.0-lite", "queue_rank": 67, "call_type": "explain_executor", "target_act": "telling", "ok": true, "error": ""}
{"request_id": "two-stage-v1|scaffolding-9|single_pass_adaptive|doubao-seed-2.0-lite", "queue_rank": 65, "call_type": "single_pass_adaptive", "target_act": "telling", "ok": true, "error": ""}
{"request_id": "two-stage-v1|scaffolding-11|selector_ask_first|doubao-seed-2.0-lite", "queue_rank": 64, "call_type": "selector_ask_first", "target_act": "telling", "ok": true, "error": ""}
{"request_id": "two-stage-v1|scaffolding-801|ask_executor|doubao-seed-2.0-lite", "queue_rank": 71, "call_type": "ask_executor", "target_act": "telling", "ok": true, "error": ""}
{"request_id": "two-stage-v1|scaffolding-769|explain_executor|doubao-seed-2.0-lite", "queue_rank": 73, "call_type": "explain_executor", "target_act": "probing", "ok": true, "error": ""}
{"request_id": "two-stage-v1|scaffolding-623|single_pass_adaptive|doubao-seed-2.0-lite", "queue_rank": 74, "call_type": "single_pass_adaptive", "target_act": "probing", "ok": true, "error": ""}
{"request_id": "two-stage-v1|scaffolding-804|ask_executor|doubao-seed-2.0-lite", "queue_rank": 69, "call_type": "ask_executor", "target_act": "probing", "ok": true, "error": ""}
{"request_id": "two-stage-v1|scaffolding-57|single_pass_adaptive|doubao-seed-2.0-lite", "queue_rank": 75, "call_type": "single_pass_adaptive", "target_act": "telling", "ok": true, "error": ""}
{"request_id": "two-stage-v1|scaffolding-99|ask_executor|doubao-seed-2.0-lite", "queue_rank": 68, "call_type": "ask_executor", "target_act": "telling", "ok": true, "error": ""}
{"request_id": "two-stage-v1|scaffolding-363|selector_ask_first|doubao-seed-2.0-lite", "queue_rank": 72, "call_type": "selector_ask_first", "target_act": "probing", "ok": true, "error": ""}
{"request_id": "two-stage-v1|scaffolding-749|selector_ask_first|doubao-seed-2.0-lite", "queue_rank": 80, "call_type": "selector_ask_first", "target_act": "probing", "ok": true, "error": ""}
{"request_id": "two-stage-v1|scaffolding-251|selector_explain_first|doubao-seed-2.0-lite", "queue_rank": 70, "call_type": "selector_explain_first", "target_act": "probing", "ok": true, "error": ""}
{"request_id": "two-stage-v1|scaffolding-760|single_pass_adaptive|doubao-seed-2.0-lite", "queue_rank": 81, "call_type": "single_pass_adaptive", "target_act": "telling", "ok": true, "error": ""}
{"request_id": "two-stage-v1|scaffolding-991|ask_executor|doubao-seed-2.0-lite", "queue_rank": 77, "call_type": "ask_executor", "target_act": "probing", "ok": true, "error": ""}
{"request_id": "two-stage-v1|scaffolding-177|selector_explain_first|doubao-seed-2.0-lite", "queue_rank": 76, "call_type": "selector_explain_first", "target_act": "telling", "ok": true, "error": ""}
{"request_id": "two-stage-v1|scaffolding-12|selector_ask_first|doubao-seed-2.0-lite", "queue_rank": 78, "call_type": "selector_ask_first", "target_act": "telling", "ok": true, "error": ""}
{"request_id": "two-stage-v1|scaffolding-146|explain_executor|doubao-seed-2.0-lite", "queue_rank": 84, "call_type": "explain_executor", "target_act": "probing", "ok": true, "error": ""}
{"request_id": "two-stage-v1|scaffolding-59|selector_explain_first|doubao-seed-2.0-lite", "queue_rank": 82, "call_type": "selector_explain_first", "target_act": "telling", "ok": true, "error": ""}
{"request_id": "two-stage-v1|scaffolding-602|single_pass_adaptive|doubao-seed-2.0-lite", "queue_rank": 83, "call_type": "single_pass_adaptive", "target_act": "probing", "ok": true, "error": ""}
{"request_id": "two-stage-v1|scaffolding-9|explain_executor|doubao-seed-2.0-lite", "queue_rank": 85, "call_type": "explain_executor", "target_act": "telling", "ok": true, "error": ""}
{"request_id": "two-stage-v1|scaffolding-2|explain_executor|doubao-seed-2.0-lite", "queue_rank": 79, "call_type": "explain_executor", "target_act": "telling", "ok": true, "error": ""}
{"request_id": "two-stage-v1|scaffolding-793|ask_executor|doubao-seed-2.0-lite", "queue_rank": 91, "call_type": "ask_executor", "target_act": "telling", "ok": true, "error": ""}
{"request_id": "two-stage-v1|scaffolding-769|ask_executor|doubao-seed-2.0-lite", "queue_rank": 87, "call_type": "ask_executor", "target_act": "probing", "ok": true, "error": ""}
{"request_id": "two-stage-v1|scaffolding-240|selector_explain_first|doubao-seed-2.0-lite", "queue_rank": 89, "call_type": "selector_explain_first", "target_act": "probing", "ok": true, "error": ""}
{"request_id": "two-stage-v1|scaffolding-879|single_pass_adaptive|doubao-seed-2.0-lite", "queue_rank": 93, "call_type": "single_pass_adaptive", "target_act": "probing", "ok": true, "error": ""}
{"request_id": "two-stage-v1|scaffolding-780|selector_explain_first|doubao-seed-2.0-lite", "queue_rank": 96, "call_type": "selector_explain_first", "target_act": "probing", "ok": true, "error": ""}
{"request_id": "two-stage-v1|scaffolding-903|ask_executor|doubao-seed-2.0-lite", "queue_rank": 95, "call_type": "ask_executor", "target_act": "probing", "ok": true, "error": ""}
{"request_id": "two-stage-v1|scaffolding-55|selector_ask_first|doubao-seed-2.0-lite", "queue_rank": 88, "call_type": "selector_ask_first", "target_act": "telling", "ok": true, "error": ""}
{"request_id": "two-stage-v1|scaffolding-524|ask_executor|doubao-seed-2.0-lite", "queue_rank": 86, "call_type": "ask_executor", "target_act": "telling", "ok": true, "error": ""}
{"request_id": "two-stage-v1|scaffolding-619|selector_ask_first|doubao-seed-2.0-lite", "queue_rank": 90, "call_type": "selector_ask_first", "target_act": "probing", "ok": true, "error": ""}
{"request_id": "two-stage-v1|scaffolding-47|selector_explain_first|doubao-seed-2.0-lite", "queue_rank": 94, "call_type": "selector_explain_first", "target_act": "telling", "ok": true, "error": ""}
{"request_id": "two-stage-v1|scaffolding-919|explain_executor|doubao-seed-2.0-lite", "queue_rank": 92, "call_type": "explain_executor", "target_act": "telling", "ok": true, "error": ""}
{"request_id": "two-stage-v1|scaffolding-755|single_pass_adaptive|doubao-seed-2.0-lite", "queue_rank": 98, "call_type": "single_pass_adaptive", "target_act": "telling", "ok": true, "error": ""}
{"request_id": "two-stage-v1|scaffolding-804|explain_executor|doubao-seed-2.0-lite", "queue_rank": 104, "call_type": "explain_executor", "target_act": "probing", "ok": true, "error": ""}
{"request_id": "two-stage-v1|scaffolding-500|explain_executor|doubao-seed-2.0-lite", "queue_rank": 101, "call_type": "explain_executor", "target_act": "telling", "ok": true, "error": ""}
{"request_id": "two-stage-v1|scaffolding-451|explain_executor|doubao-seed-2.0-lite", "queue_rank": 97, "call_type": "explain_executor", "target_act": "probing", "ok": true, "error": ""}
{"request_id": "two-stage-v1|scaffolding-589|single_pass_adaptive|doubao-seed-2.0-lite", "queue_rank": 100, "call_type": "single_pass_adaptive", "target_act": "probing", "ok": true, "error": ""}
{"request_id": "two-stage-v1|scaffolding-686|ask_executor|doubao-seed-2.0-lite", "queue_rank": 106, "call_type": "ask_executor", "target_act": "telling", "ok": true, "error": ""}
{"request_id": "two-stage-v1|scaffolding-721|selector_explain_first|doubao-seed-2.0-lite", "queue_rank": 102, "call_type": "selector_explain_first", "target_act": "telling", "ok": true, "error": ""}
{"request_id": "two-stage-v1|scaffolding-123|selector_ask_first|doubao-seed-2.0-lite", "queue_rank": 99, "call_type": "selector_ask_first", "target_act": "telling", "ok": true, "error": ""}
{"request_id": "two-stage-v1|scaffolding-176|selector_ask_first|doubao-seed-2.0-lite", "queue_rank": 105, "call_type": "selector_ask_first", "target_act": "telling", "ok": true, "error": ""}
{"request_id": "two-stage-v1|scaffolding-756|single_pass_adaptive|doubao-seed-2.0-lite", "queue_rank": 103, "call_type": "single_pass_adaptive", "target_act": "telling", "ok": true, "error": ""}
{"request_id": "two-stage-v1|scaffolding-268|ask_executor|doubao-seed-2.0-lite", "queue_rank": 110, "call_type": "ask_executor", "target_act": "probing", "ok": true, "error": ""}
{"request_id": "two-stage-v1|scaffolding-137|explain_executor|doubao-seed-2.0-lite", "queue_rank": 114, "call_type": "explain_executor", "target_act": "probing", "ok": true, "error": ""}
{"request_id": "two-stage-v1|scaffolding-268|selector_ask_first|doubao-seed-2.0-lite", "queue_rank": 108, "call_type": "selector_ask_first", "target_act": "probing", "ok": true, "error": ""}
{"request_id": "two-stage-v1|scaffolding-196|selector_explain_first|doubao-seed-2.0-lite", "queue_rank": 111, "call_type": "selector_explain_first", "target_act": "probing", "ok": true, "error": ""}
{"request_id": "two-stage-v1|scaffolding-363|ask_executor|doubao-seed-2.0-lite", "queue_rank": 107, "call_type": "ask_executor", "target_act": "probing", "ok": true, "error": ""}
{"request_id": "two-stage-v1|scaffolding-602|selector_explain_first|doubao-seed-2.0-lite", "queue_rank": 109, "call_type": "selector_explain_first", "target_act": "probing", "ok": true, "error": ""}
{"request_id": "two-stage-v1|scaffolding-123|selector_explain_first|doubao-seed-2.0-lite", "queue_rank": 113, "call_type": "selector_explain_first", "target_act": "telling", "ok": true, "error": ""}
{"request_id": "two-stage-v1|scaffolding-157|selector_ask_first|doubao-seed-2.0-lite", "queue_rank": 112, "call_type": "selector_ask_first", "target_act": "probing", "ok": true, "error": ""}
{"request_id": "two-stage-v1|scaffolding-909|ask_executor|doubao-seed-2.0-lite", "queue_rank": 119, "call_type": "ask_executor", "target_act": "telling", "ok": true, "error": ""}
{"request_id": "two-stage-v1|scaffolding-685|selector_ask_first|doubao-seed-2.0-lite", "queue_rank": 121, "call_type": "selector_ask_first", "target_act": "telling", "ok": true, "error": ""}
{"request_id": "two-stage-v1|scaffolding-148|selector_ask_first|doubao-seed-2.0-lite", "queue_rank": 120, "call_type": "selector_ask_first", "target_act": "probing", "ok": true, "error": ""}
{"request_id": "two-stage-v1|scaffolding-169|selector_ask_first|doubao-seed-2.0-lite", "queue_rank": 115, "call_type": "selector_ask_first", "target_act": "telling", "ok": true, "error": ""}
{"request_id": "two-stage-v1|scaffolding-721|single_pass_adaptive|doubao-seed-2.0-lite", "queue_rank": 118, "call_type": "single_pass_adaptive", "target_act": "telling", "ok": true, "error": ""}
{"request_id": "two-stage-v1|scaffolding-74|single_pass_adaptive|doubao-seed-2.0-lite", "queue_rank": 122, "call_type": "single_pass_adaptive", "target_act": "probing", "ok": true, "error": ""}
{"request_id": "two-stage-v1|scaffolding-322|ask_executor|doubao-seed-2.0-lite", "queue_rank": 124, "call_type": "ask_executor", "target_act": "telling", "ok": true, "error": ""}
{"request_id": "two-stage-v1|scaffolding-799|explain_executor|doubao-seed-2.0-lite", "queue_rank": 116, "call_type": "explain_executor", "target_act": "telling", "ok": true, "error": ""}
{"request_id": "two-stage-v1|scaffolding-451|single_pass_adaptive|doubao-seed-2.0-lite", "queue_rank": 117, "call_type": "single_pass_adaptive", "target_act": "probing", "ok": true, "error": ""}
{"request_id": "two-stage-v1|scaffolding-793|single_pass_adaptive|doubao-seed-2.0-lite", "queue_rank": 123, "call_type": "single_pass_adaptive", "target_act": "telling", "ok": true, "error": ""}
{"request_id": "two-stage-v1|scaffolding-793|explain_executor|doubao-seed-2.0-lite", "queue_rank": 125, "call_type": "explain_executor", "target_act": "telling", "ok": true, "error": ""}
{"request_id": "two-stage-v1|scaffolding-953|single_pass_adaptive|doubao-seed-2.0-lite", "queue_rank": 132, "call_type": "single_pass_adaptive", "target_act": "probing", "ok": true, "error": ""}
{"request_id": "two-stage-v1|scaffolding-760|selector_explain_first|doubao-seed-2.0-lite", "queue_rank": 128, "call_type": "selector_explain_first", "target_act": "telling", "ok": true, "error": ""}
{"request_id": "two-stage-v1|scaffolding-589|explain_executor|doubao-seed-2.0-lite", "queue_rank": 129, "call_type": "explain_executor", "target_act": "probing", "ok": true, "error": ""}
{"request_id": "two-stage-v1|scaffolding-589|ask_executor|doubao-seed-2.0-lite", "queue_rank": 126, "call_type": "ask_executor", "target_act": "probing", "ok": true, "error": ""}
{"request_id": "two-stage-v1|scaffolding-879|ask_executor|doubao-seed-2.0-lite", "queue_rank": 130, "call_type": "ask_executor", "target_act": "probing", "ok": true, "error": ""}
{"request_id": "two-stage-v1|scaffolding-309|selector_ask_first|doubao-seed-2.0-lite", "queue_rank": 133, "call_type": "selector_ask_first", "target_act": "probing", "ok": true, "error": ""}
{"request_id": "two-stage-v1|scaffolding-619|explain_executor|doubao-seed-2.0-lite", "queue_rank": 137, "call_type": "explain_executor", "target_act": "probing", "ok": true, "error": ""}
{"request_id": "two-stage-v1|scaffolding-12|explain_executor|doubao-seed-2.0-lite", "queue_rank": 135, "call_type": "explain_executor", "target_act": "telling", "ok": true, "error": ""}
{"request_id": "two-stage-v1|scaffolding-921|ask_executor|doubao-seed-2.0-lite", "queue_rank": 134, "call_type": "ask_executor", "target_act": "telling", "ok": true, "error": ""}
{"request_id": "two-stage-v1|scaffolding-704|selector_explain_first|doubao-seed-2.0-lite", "queue_rank": 127, "call_type": "selector_explain_first", "target_act": "probing", "ok": true, "error": ""}
{"request_id": "two-stage-v1|scaffolding-309|selector_explain_first|doubao-seed-2.0-lite", "queue_rank": 131, "call_type": "selector_explain_first", "target_act": "probing", "ok": true, "error": ""}
{"request_id": "two-stage-v1|scaffolding-921|single_pass_adaptive|doubao-seed-2.0-lite", "queue_rank": 136, "call_type": "single_pass_adaptive", "target_act": "telling", "ok": true, "error": ""}
{"request_id": "two-stage-v1|scaffolding-11|selector_explain_first|doubao-seed-2.0-lite", "queue_rank": 142, "call_type": "selector_explain_first", "target_act": "telling", "ok": true, "error": ""}
{"request_id": "two-stage-v1|scaffolding-774|selector_explain_first|doubao-seed-2.0-lite", "queue_rank": 140, "call_type": "selector_explain_first", "target_act": "probing", "ok": true, "error": ""}
{"request_id": "two-stage-v1|scaffolding-59|selector_ask_first|doubao-seed-2.0-lite", "queue_rank": 138, "call_type": "selector_ask_first", "target_act": "telling", "ok": true, "error": ""}
{"request_id": "two-stage-v1|scaffolding-845|selector_ask_first|doubao-seed-2.0-lite", "queue_rank": 143, "call_type": "selector_ask_first", "target_act": "telling", "ok": true, "error": ""}
{"request_id": "two-stage-v1|scaffolding-974|explain_executor|doubao-seed-2.0-lite", "queue_rank": 144, "call_type": "explain_executor", "target_act": "telling", "ok": true, "error": ""}
{"request_id": "two-stage-v1|scaffolding-193|explain_executor|doubao-seed-2.0-lite", "queue_rank": 146, "call_type": "explain_executor", "target_act": "probing", "ok": true, "error": ""}
{"request_id": "two-stage-v1|scaffolding-9|ask_executor|doubao-seed-2.0-lite", "queue_rank": 145, "call_type": "ask_executor", "target_act": "telling", "ok": true, "error": ""}
{"request_id": "two-stage-v1|scaffolding-998|selector_explain_first|doubao-seed-2.0-lite", "queue_rank": 139, "call_type": "selector_explain_first", "target_act": "telling", "ok": true, "error": ""}
{"request_id": "two-stage-v1|scaffolding-477|ask_executor|doubao-seed-2.0-lite", "queue_rank": 147, "call_type": "ask_executor", "target_act": "probing", "ok": true, "error": ""}
{"request_id": "two-stage-v1|scaffolding-124|selector_ask_first|doubao-seed-2.0-lite", "queue_rank": 141, "call_type": "selector_ask_first", "target_act": "probing", "ok": true, "error": ""}
{"request_id": "two-stage-v1|scaffolding-801|single_pass_adaptive|doubao-seed-2.0-lite", "queue_rank": 149, "call_type": "single_pass_adaptive", "target_act": "telling", "ok": true, "error": ""}
{"request_id": "two-stage-v1|scaffolding-729|single_pass_adaptive|doubao-seed-2.0-lite", "queue_rank": 148, "call_type": "single_pass_adaptive", "target_act": "probing", "ok": true, "error": ""}
{"request_id": "two-stage-v1|scaffolding-991|single_pass_adaptive|doubao-seed-2.0-lite", "queue_rank": 152, "call_type": "single_pass_adaptive", "target_act": "probing", "ok": true, "error": ""}
{"request_id": "two-stage-v1|scaffolding-749|ask_executor|doubao-seed-2.0-lite", "queue_rank": 150, "call_type": "ask_executor", "target_act": "probing", "ok": true, "error": ""}
{"request_id": "two-stage-v1|scaffolding-11|explain_executor|doubao-seed-2.0-lite", "queue_rank": 154, "call_type": "explain_executor", "target_act": "telling", "ok": true, "error": ""}
{"request_id": "two-stage-v1|scaffolding-176|selector_explain_first|doubao-seed-2.0-lite", "queue_rank": 158, "call_type": "selector_explain_first", "target_act": "telling", "ok": true, "error": ""}
{"request_id": "two-stage-v1|scaffolding-678|selector_ask_first|doubao-seed-2.0-lite", "queue_rank": 151, "call_type": "selector_ask_first", "target_act": "probing", "ok": true, "error": ""}
{"request_id": "two-stage-v1|scaffolding-481|explain_executor|doubao-seed-2.0-lite", "queue_rank": 155, "call_type": "explain_executor", "target_act": "probing", "ok": true, "error": ""}
{"request_id": "two-stage-v1|scaffolding-47|ask_executor|doubao-seed-2.0-lite", "queue_rank": 156, "call_type": "ask_executor", "target_act": "telling", "ok": true, "error": ""}
{"request_id": "two-stage-v1|scaffolding-919|selector_ask_first|doubao-seed-2.0-lite", "queue_rank": 153, "call_type": "selector_ask_first", "target_act": "telling", "ok": true, "error": ""}
{"request_id": "two-stage-v1|scaffolding-322|single_pass_adaptive|doubao-seed-2.0-lite", "queue_rank": 159, "call_type": "single_pass_adaptive", "target_act": "telling", "ok": true, "error": ""}
{"request_id": "two-stage-v1|scaffolding-577|selector_explain_first|doubao-seed-2.0-lite", "queue_rank": 157, "call_type": "selector_explain_first", "target_act": "probing", "ok": true, "error": ""}
{"request_id": "two-stage-v1|scaffolding-686|single_pass_adaptive|doubao-seed-2.0-lite", "queue_rank": 161, "call_type": "single_pass_adaptive", "target_act": "telling", "ok": true, "error": ""}
{"request_id": "two-stage-v1|scaffolding-619|single_pass_adaptive|doubao-seed-2.0-lite", "queue_rank": 163, "call_type": "single_pass_adaptive", "target_act": "probing", "ok": true, "error": ""}
{"request_id": "two-stage-v1|scaffolding-674|ask_executor|doubao-seed-2.0-lite", "queue_rank": 167, "call_type": "ask_executor", "target_act": "probing", "ok": true, "error": ""}
{"request_id": "two-stage-v1|scaffolding-363|explain_executor|doubao-seed-2.0-lite", "queue_rank": 162, "call_type": "explain_executor", "target_act": "probing", "ok": true, "error": ""}
{"request_id": "two-stage-v1|scaffolding-756|explain_executor|doubao-seed-2.0-lite", "queue_rank": 168, "call_type": "explain_executor", "target_act": "telling", "ok": true, "error": ""}
{"request_id": "two-stage-v1|scaffolding-15|selector_explain_first|doubao-seed-2.0-lite", "queue_rank": 170, "call_type": "selector_explain_first", "target_act": "telling", "ok": true, "error": ""}
{"request_id": "two-stage-v1|scaffolding-363|selector_explain_first|doubao-seed-2.0-lite", "queue_rank": 160, "call_type": "selector_explain_first", "target_act": "probing", "ok": true, "error": ""}
{"request_id": "two-stage-v1|scaffolding-500|ask_executor|doubao-seed-2.0-lite", "queue_rank": 165, "call_type": "ask_executor", "target_act": "telling", "ok": true, "error": ""}
{"request_id": "two-stage-v1|scaffolding-177|selector_ask_first|doubao-seed-2.0-lite", "queue_rank": 169, "call_type": "selector_ask_first", "target_act": "telling", "ok": true, "error": ""}
{"request_id": "two-stage-v1|scaffolding-729|selector_ask_first|doubao-seed-2.0-lite", "queue_rank": 166, "call_type": "selector_ask_first", "target_act": "probing", "ok": true, "error": ""}
{"request_id": "two-stage-v1|scaffolding-491|single_pass_adaptive|doubao-seed-2.0-lite", "queue_rank": 173, "call_type": "single_pass_adaptive", "target_act": "probing", "ok": true, "error": ""}
{"request_id": "two-stage-v1|scaffolding-756|selector_explain_first|doubao-seed-2.0-lite", "queue_rank": 164, "call_type": "selector_explain_first", "target_act": "telling", "ok": true, "error": ""}
{"request_id": "two-stage-v1|scaffolding-60|explain_executor|doubao-seed-2.0-lite", "queue_rank": 175, "call_type": "explain_executor", "target_act": "telling", "ok": true, "error": ""}
{"request_id": "two-stage-v1|scaffolding-835|ask_executor|doubao-seed-2.0-lite", "queue_rank": 172, "call_type": "ask_executor", "target_act": "probing", "ok": true, "error": ""}
{"request_id": "two-stage-v1|scaffolding-760|ask_executor|doubao-seed-2.0-lite", "queue_rank": 174, "call_type": "ask_executor", "target_act": "telling", "ok": true, "error": ""}
{"request_id": "two-stage-v1|scaffolding-749|selector_explain_first|doubao-seed-2.0-lite", "queue_rank": 176, "call_type": "selector_explain_first", "target_act": "probing", "ok": true, "error": ""}
{"request_id": "two-stage-v1|scaffolding-99|selector_ask_first|doubao-seed-2.0-lite", "queue_rank": 179, "call_type": "selector_ask_first", "target_act": "telling", "ok": true, "error": ""}
{"request_id": "two-stage-v1|scaffolding-835|explain_executor|doubao-seed-2.0-lite", "queue_rank": 177, "call_type": "explain_executor", "target_act": "probing", "ok": true, "error": ""}
{"request_id": "two-stage-v1|scaffolding-715|explain_executor|doubao-seed-2.0-lite", "queue_rank": 182, "call_type": "explain_executor", "target_act": "probing", "ok": true, "error": ""}
{"request_id": "two-stage-v1|scaffolding-715|selector_ask_first|doubao-seed-2.0-lite", "queue_rank": 185, "call_type": "selector_ask_first", "target_act": "probing", "ok": true, "error": ""}
{"request_id": "two-stage-v1|scaffolding-903|selector_ask_first|doubao-seed-2.0-lite", "queue_rank": 178, "call_type": "selector_ask_first", "target_act": "probing", "ok": true, "error": ""}
{"request_id": "two-stage-v1|scaffolding-176|single_pass_adaptive|doubao-seed-2.0-lite", "queue_rank": 184, "call_type": "single_pass_adaptive", "target_act": "telling", "ok": true, "error": ""}
{"request_id": "two-stage-v1|scaffolding-919|single_pass_adaptive|doubao-seed-2.0-lite", "queue_rank": 171, "call_type": "single_pass_adaptive", "target_act": "telling", "ok": true, "error": ""}
{"request_id": "two-stage-v1|scaffolding-448|selector_explain_first|doubao-seed-2.0-lite", "queue_rank": 180, "call_type": "selector_explain_first", "target_act": "probing", "ok": true, "error": ""}
{"request_id": "two-stage-v1|scaffolding-678|single_pass_adaptive|doubao-seed-2.0-lite", "queue_rank": 186, "call_type": "single_pass_adaptive", "target_act": "probing", "ok": true, "error": ""}
{"request_id": "two-stage-v1|scaffolding-757|selector_explain_first|doubao-seed-2.0-lite", "queue_rank": 181, "call_type": "selector_explain_first", "target_act": "telling", "ok": true, "error": ""}
{"request_id": "two-stage-v1|scaffolding-915|selector_explain_first|doubao-seed-2.0-lite", "queue_rank": 192, "call_type": "selector_explain_first", "target_act": "telling", "ok": true, "error": ""}
{"request_id": "two-stage-v1|scaffolding-324|explain_executor|doubao-seed-2.0-lite", "queue_rank": 189, "call_type": "explain_executor", "target_act": "telling", "ok": true, "error": ""}
{"request_id": "two-stage-v1|scaffolding-845|ask_executor|doubao-seed-2.0-lite", "queue_rank": 187, "call_type": "ask_executor", "target_act": "telling", "ok": true, "error": ""}
{"request_id": "two-stage-v1|scaffolding-232|ask_executor|doubao-seed-2.0-lite", "queue_rank": 191, "call_type": "ask_executor", "target_act": "probing", "ok": true, "error": ""}
{"request_id": "two-stage-v1|scaffolding-448|ask_executor|doubao-seed-2.0-lite", "queue_rank": 188, "call_type": "ask_executor", "target_act": "probing", "ok": true, "error": ""}
{"request_id": "two-stage-v1|scaffolding-678|explain_executor|doubao-seed-2.0-lite", "queue_rank": 194, "call_type": "explain_executor", "target_act": "probing", "ok": true, "error": ""}
{"request_id": "two-stage-v1|scaffolding-780|single_pass_adaptive|doubao-seed-2.0-lite", "queue_rank": 196, "call_type": "single_pass_adaptive", "target_act": "probing", "ok": true, "error": ""}
{"request_id": "two-stage-v1|scaffolding-623|selector_ask_first|doubao-seed-2.0-lite", "queue_rank": 190, "call_type": "selector_ask_first", "target_act": "probing", "ok": true, "error": ""}
{"request_id": "two-stage-v1|scaffolding-8|ask_executor|doubao-seed-2.0-lite", "queue_rank": 193, "call_type": "ask_executor", "target_act": "telling", "ok": true, "error": ""}
{"request_id": "two-stage-v1|scaffolding-801|explain_executor|doubao-seed-2.0-lite", "queue_rank": 195, "call_type": "explain_executor", "target_act": "telling", "ok": true, "error": ""}
{"request_id": "two-stage-v1|scaffolding-722|single_pass_adaptive|doubao-seed-2.0-lite", "queue_rank": 198, "call_type": "single_pass_adaptive", "target_act": "telling", "ok": true, "error": ""}
{"request_id": "two-stage-v1|scaffolding-524|selector_ask_first|doubao-seed-2.0-lite", "queue_rank": 183, "call_type": "selector_ask_first", "target_act": "telling", "ok": true, "error": ""}
{"request_id": "two-stage-v1|scaffolding-919|selector_explain_first|doubao-seed-2.0-lite", "queue_rank": 203, "call_type": "selector_explain_first", "target_act": "telling", "ok": true, "error": ""}
{"request_id": "two-stage-v1|scaffolding-500|selector_ask_first|doubao-seed-2.0-lite", "queue_rank": 197, "call_type": "selector_ask_first", "target_act": "telling", "ok": true, "error": ""}
{"request_id": "two-stage-v1|scaffolding-991|selector_ask_first|doubao-seed-2.0-lite", "queue_rank": 204, "call_type": "selector_ask_first", "target_act": "probing", "ok": true, "error": ""}
{"request_id": "two-stage-v1|scaffolding-446|ask_executor|doubao-seed-2.0-lite", "queue_rank": 202, "call_type": "ask_executor", "target_act": "probing", "ok": true, "error": ""}
{"request_id": "two-stage-v1|scaffolding-477|explain_executor|doubao-seed-2.0-lite", "queue_rank": 205, "call_type": "explain_executor", "target_act": "probing", "ok": true, "error": ""}
{"request_id": "two-stage-v1|scaffolding-453|selector_explain_first|doubao-seed-2.0-lite", "queue_rank": 199, "call_type": "selector_explain_first", "target_act": "probing", "ok": true, "error": ""}
{"request_id": "two-stage-v1|scaffolding-56|single_pass_adaptive|doubao-seed-2.0-lite", "queue_rank": 201, "call_type": "single_pass_adaptive", "target_act": "telling", "ok": true, "error": ""}
{"request_id": "two-stage-v1|scaffolding-674|single_pass_adaptive|doubao-seed-2.0-lite", "queue_rank": 206, "call_type": "single_pass_adaptive", "target_act": "probing", "ok": true, "error": ""}
{"request_id": "two-stage-v1|scaffolding-758|ask_executor|doubao-seed-2.0-lite", "queue_rank": 207, "call_type": "ask_executor", "target_act": "telling", "ok": true, "error": ""}
{"request_id": "two-stage-v1|scaffolding-74|explain_executor|doubao-seed-2.0-lite", "queue_rank": 213, "call_type": "explain_executor", "target_act": "probing", "ok": true, "error": ""}
{"request_id": "two-stage-v1|scaffolding-721|selector_ask_first|doubao-seed-2.0-lite", "queue_rank": 200, "call_type": "selector_ask_first", "target_act": "telling", "ok": true, "error": ""}
{"request_id": "two-stage-v1|scaffolding-99|single_pass_adaptive|doubao-seed-2.0-lite", "queue_rank": 211, "call_type": "single_pass_adaptive", "target_act": "telling", "ok": true, "error": ""}
{"request_id": "two-stage-v1|scaffolding-998|explain_executor|doubao-seed-2.0-lite", "queue_rank": 209, "call_type": "explain_executor", "target_act": "telling", "ok": true, "error": ""}
{"request_id": "two-stage-v1|scaffolding-721|explain_executor|doubao-seed-2.0-lite", "queue_rank": 210, "call_type": "explain_executor", "target_act": "telling", "ok": true, "error": ""}
{"request_id": "two-stage-v1|scaffolding-879|selector_explain_first|doubao-seed-2.0-lite", "queue_rank": 208, "call_type": "selector_explain_first", "target_act": "probing", "ok": true, "error": ""}
{"request_id": "two-stage-v1|scaffolding-491|ask_executor|doubao-seed-2.0-lite", "queue_rank": 214, "call_type": "ask_executor", "target_act": "probing", "ok": true, "error": ""}
{"request_id": "two-stage-v1|scaffolding-610|single_pass_adaptive|doubao-seed-2.0-lite", "queue_rank": 218, "call_type": "single_pass_adaptive", "target_act": "probing", "ok": true, "error": ""}
{"request_id": "two-stage-v1|scaffolding-268|explain_executor|doubao-seed-2.0-lite", "queue_rank": 220, "call_type": "explain_executor", "target_act": "probing", "ok": true, "error": ""}
{"request_id": "two-stage-v1|scaffolding-755|ask_executor|doubao-seed-2.0-lite", "queue_rank": 219, "call_type": "ask_executor", "target_act": "telling", "ok": true, "error": ""}
{"request_id": "two-stage-v1|scaffolding-57|selector_ask_first|doubao-seed-2.0-lite", "queue_rank": 217, "call_type": "selector_ask_first", "target_act": "telling", "ok": true, "error": ""}
{"request_id": "two-stage-v1|scaffolding-2|selector_explain_first|doubao-seed-2.0-lite", "queue_rank": 212, "call_type": "selector_explain_first", "target_act": "telling", "ok": true, "error": ""}
{"request_id": "two-stage-v1|scaffolding-477|selector_explain_first|doubao-seed-2.0-lite", "queue_rank": 216, "call_type": "selector_explain_first", "target_act": "probing", "ok": true, "error": ""}
{"request_id": "two-stage-v1|scaffolding-801|selector_ask_first|doubao-seed-2.0-lite", "queue_rank": 222, "call_type": "selector_ask_first", "target_act": "telling", "ok": true, "error": ""}
{"request_id": "two-stage-v1|scaffolding-266|selector_ask_first|doubao-seed-2.0-lite", "queue_rank": 215, "call_type": "selector_ask_first", "target_act": "probing", "ok": true, "error": ""}
{"request_id": "two-stage-v1|scaffolding-774|ask_executor|doubao-seed-2.0-lite", "queue_rank": 221, "call_type": "ask_executor", "target_act": "probing", "ok": true, "error": ""}
{"request_id": "two-stage-v1|scaffolding-216|ask_executor|doubao-seed-2.0-lite", "queue_rank": 223, "call_type": "ask_executor", "target_act": "telling", "ok": true, "error": ""}
{"request_id": "two-stage-v1|scaffolding-8|single_pass_adaptive|doubao-seed-2.0-lite", "queue_rank": 227, "call_type": "single_pass_adaptive", "target_act": "telling", "ok": true, "error": ""}
{"request_id": "two-stage-v1|scaffolding-577|selector_ask_first|doubao-seed-2.0-lite", "queue_rank": 224, "call_type": "selector_ask_first", "target_act": "probing", "ok": true, "error": ""}
{"request_id": "two-stage-v1|scaffolding-719|explain_executor|doubao-seed-2.0-lite", "queue_rank": 229, "call_type": "explain_executor", "target_act": "telling", "ok": true, "error": ""}
{"request_id": "two-stage-v1|scaffolding-307|single_pass_adaptive|doubao-seed-2.0-lite", "queue_rank": 226, "call_type": "single_pass_adaptive", "target_act": "probing", "ok": true, "error": ""}
{"request_id": "two-stage-v1|scaffolding-196|ask_executor|doubao-seed-2.0-lite", "queue_rank": 231, "call_type": "ask_executor", "target_act": "probing", "ok": true, "error": ""}
{"request_id": "two-stage-v1|scaffolding-309|explain_executor|doubao-seed-2.0-lite", "queue_rank": 230, "call_type": "explain_executor", "target_act": "probing", "ok": true, "error": ""}
{"request_id": "two-stage-v1|scaffolding-974|selector_explain_first|doubao-seed-2.0-lite", "queue_rank": 228, "call_type": "selector_explain_first", "target_act": "telling", "ok": true, "error": ""}
{"request_id": "two-stage-v1|scaffolding-307|selector_explain_first|doubao-seed-2.0-lite", "queue_rank": 225, "call_type": "selector_explain_first", "target_act": "probing", "ok": true, "error": ""}
{"request_id": "two-stage-v1|scaffolding-176|explain_executor|doubao-seed-2.0-lite", "queue_rank": 237, "call_type": "explain_executor", "target_act": "telling", "ok": true, "error": ""}
{"request_id": "two-stage-v1|scaffolding-769|single_pass_adaptive|doubao-seed-2.0-lite", "queue_rank": 238, "call_type": "single_pass_adaptive", "target_act": "probing", "ok": true, "error": ""}
{"request_id": "two-stage-v1|scaffolding-602|selector_ask_first|doubao-seed-2.0-lite", "queue_rank": 232, "call_type": "selector_ask_first", "target_act": "probing", "ok": true, "error": ""}
{"request_id": "two-stage-v1|scaffolding-998|single_pass_adaptive|doubao-seed-2.0-lite", "queue_rank": 235, "call_type": "single_pass_adaptive", "target_act": "telling", "ok": true, "error": ""}
{"request_id": "two-stage-v1|scaffolding-7|selector_ask_first|doubao-seed-2.0-lite", "queue_rank": 233, "call_type": "selector_ask_first", "target_act": "telling", "ok": true, "error": ""}
{"request_id": "two-stage-v1|scaffolding-121|selector_explain_first|doubao-seed-2.0-lite", "queue_rank": 234, "call_type": "selector_explain_first", "target_act": "probing", "ok": true, "error": ""}
{"request_id": "two-stage-v1|scaffolding-57|ask_executor|doubao-seed-2.0-lite", "queue_rank": 239, "call_type": "ask_executor", "target_act": "telling", "ok": true, "error": ""}
{"request_id": "two-stage-v1|scaffolding-196|explain_executor|doubao-seed-2.0-lite", "queue_rank": 244, "call_type": "explain_executor", "target_act": "probing", "ok": true, "error": ""}
{"request_id": "two-stage-v1|scaffolding-324|selector_explain_first|doubao-seed-2.0-lite", "queue_rank": 236, "call_type": "selector_explain_first", "target_act": "telling", "ok": true, "error": ""}
{"request_id": "two-stage-v1|scaffolding-719|single_pass_adaptive|doubao-seed-2.0-lite", "queue_rank": 241, "call_type": "single_pass_adaptive", "target_act": "telling", "ok": true, "error": ""}
{"request_id": "two-stage-v1|scaffolding-640|ask_executor|doubao-seed-2.0-lite", "queue_rank": 240, "call_type": "ask_executor", "target_act": "telling", "ok": true, "error": ""}
{"request_id": "two-stage-v1|scaffolding-758|selector_ask_first|doubao-seed-2.0-lite", "queue_rank": 249, "call_type": "selector_ask_first", "target_act": "telling", "ok": true, "error": ""}
{"request_id": "two-stage-v1|scaffolding-722|selector_explain_first|doubao-seed-2.0-lite", "queue_rank": 243, "call_type": "selector_explain_first", "target_act": "telling", "ok": true, "error": ""}
{"request_id": "two-stage-v1|scaffolding-749|single_pass_adaptive|doubao-seed-2.0-lite", "queue_rank": 246, "call_type": "single_pass_adaptive", "target_act": "probing", "ok": true, "error": ""}
{"request_id": "two-stage-v1|scaffolding-59|explain_executor|doubao-seed-2.0-lite", "queue_rank": 245, "call_type": "explain_executor", "target_act": "telling", "ok": true, "error": ""}
{"request_id": "two-stage-v1|scaffolding-704|ask_executor|doubao-seed-2.0-lite", "queue_rank": 242, "call_type": "ask_executor", "target_act": "probing", "ok": true, "error": ""}
{"request_id": "two-stage-v1|scaffolding-7|explain_executor|doubao-seed-2.0-lite", "queue_rank": 252, "call_type": "explain_executor", "target_act": "telling", "ok": true, "error": ""}
{"request_id": "two-stage-v1|scaffolding-804|selector_ask_first|doubao-seed-2.0-lite", "queue_rank": 248, "call_type": "selector_ask_first", "target_act": "probing", "ok": true, "error": ""}
{"request_id": "two-stage-v1|scaffolding-678|selector_explain_first|doubao-seed-2.0-lite", "queue_rank": 247, "call_type": "selector_explain_first", "target_act": "probing", "ok": true, "error": ""}
{"request_id": "two-stage-v1|scaffolding-610|selector_ask_first|doubao-seed-2.0-lite", "queue_rank": 250, "call_type": "selector_ask_first", "target_act": "probing", "ok": true, "error": ""}
{"request_id": "two-stage-v1|scaffolding-804|selector_explain_first|doubao-seed-2.0-lite", "queue_rank": 251, "call_type": "selector_explain_first", "target_act": "probing", "ok": true, "error": ""}
{"request_id": "two-stage-v1|scaffolding-974|single_pass_adaptive|doubao-seed-2.0-lite", "queue_rank": 255, "call_type": "single_pass_adaptive", "target_act": "telling", "ok": true, "error": ""}
{"request_id": "two-stage-v1|scaffolding-640|selector_ask_first|doubao-seed-2.0-lite", "queue_rank": 254, "call_type": "selector_ask_first", "target_act": "telling", "ok": true, "error": ""}
{"request_id": "two-stage-v1|scaffolding-169|explain_executor|doubao-seed-2.0-lite", "queue_rank": 260, "call_type": "explain_executor", "target_act": "telling", "ok": true, "error": ""}
{"request_id": "two-stage-v1|scaffolding-703|ask_executor|doubao-seed-2.0-lite", "queue_rank": 257, "call_type": "ask_executor", "target_act": "probing", "ok": true, "error": ""}
{"request_id": "two-stage-v1|scaffolding-148|explain_executor|doubao-seed-2.0-lite", "queue_rank": 258, "call_type": "explain_executor", "target_act": "probing", "ok": true, "error": ""}
{"request_id": "two-stage-v1|scaffolding-919|ask_executor|doubao-seed-2.0-lite", "queue_rank": 253, "call_type": "ask_executor", "target_act": "telling", "ok": true, "error": ""}
{"request_id": "two-stage-v1|scaffolding-157|single_pass_adaptive|doubao-seed-2.0-lite", "queue_rank": 259, "call_type": "single_pass_adaptive", "target_act": "probing", "ok": true, "error": ""}
{"request_id": "two-stage-v1|scaffolding-674|explain_executor|doubao-seed-2.0-lite", "queue_rank": 263, "call_type": "explain_executor", "target_act": "probing", "ok": true, "error": ""}
{"request_id": "two-stage-v1|scaffolding-338|single_pass_adaptive|doubao-seed-2.0-lite", "queue_rank": 261, "call_type": "single_pass_adaptive", "target_act": "probing", "ok": true, "error": ""}
{"request_id": "two-stage-v1|scaffolding-99|selector_explain_first|doubao-seed-2.0-lite", "queue_rank": 262, "call_type": "selector_explain_first", "target_act": "telling", "ok": true, "error": ""}
{"request_id": "two-stage-v1|scaffolding-524|selector_explain_first|doubao-seed-2.0-lite", "queue_rank": 256, "call_type": "selector_explain_first", "target_act": "telling", "ok": true, "error": ""}
{"request_id": "two-stage-v1|scaffolding-602|explain_executor|doubao-seed-2.0-lite", "queue_rank": 270, "call_type": "explain_executor", "target_act": "probing", "ok": true, "error": ""}
{"request_id": "two-stage-v1|scaffolding-780|ask_executor|doubao-seed-2.0-lite", "queue_rank": 269, "call_type": "ask_executor", "target_act": "probing", "ok": true, "error": ""}
{"request_id": "two-stage-v1|scaffolding-11|single_pass_adaptive|doubao-seed-2.0-lite", "queue_rank": 267, "call_type": "single_pass_adaptive", "target_act": "telling", "ok": true, "error": ""}
{"request_id": "two-stage-v1|scaffolding-968|ask_executor|doubao-seed-2.0-lite", "queue_rank": 268, "call_type": "ask_executor", "target_act": "telling", "ok": true, "error": ""}
{"request_id": "two-stage-v1|scaffolding-56|selector_ask_first|doubao-seed-2.0-lite", "queue_rank": 264, "call_type": "selector_ask_first", "target_act": "telling", "ok": true, "error": ""}
{"request_id": "two-stage-v1|scaffolding-780|selector_ask_first|doubao-seed-2.0-lite", "queue_rank": 274, "call_type": "selector_ask_first", "target_act": "probing", "ok": true, "error": ""}
{"request_id": "two-stage-v1|scaffolding-11|ask_executor|doubao-seed-2.0-lite", "queue_rank": 272, "call_type": "ask_executor", "target_act": "telling", "ok": true, "error": ""}
{"request_id": "two-stage-v1|scaffolding-15|single_pass_adaptive|doubao-seed-2.0-lite", "queue_rank": 273, "call_type": "single_pass_adaptive", "target_act": "telling", "ok": true, "error": ""}
{"request_id": "two-stage-v1|scaffolding-729|selector_explain_first|doubao-seed-2.0-lite", "queue_rank": 265, "call_type": "selector_explain_first", "target_act": "probing", "ok": true, "error": ""}
{"request_id": "two-stage-v1|scaffolding-338|ask_executor|doubao-seed-2.0-lite", "queue_rank": 275, "call_type": "ask_executor", "target_act": "probing", "ok": true, "error": ""}
{"request_id": "two-stage-v1|scaffolding-835|selector_ask_first|doubao-seed-2.0-lite", "queue_rank": 266, "call_type": "selector_ask_first", "target_act": "probing", "ok": true, "error": ""}
{"request_id": "two-stage-v1|scaffolding-915|explain_executor|doubao-seed-2.0-lite", "queue_rank": 277, "call_type": "explain_executor", "target_act": "telling", "ok": true, "error": ""}
{"request_id": "two-stage-v1|scaffolding-915|ask_executor|doubao-seed-2.0-lite", "queue_rank": 280, "call_type": "ask_executor", "target_act": "telling", "ok": true, "error": ""}
{"request_id": "two-stage-v1|scaffolding-137|single_pass_adaptive|doubao-seed-2.0-lite", "queue_rank": 279, "call_type": "single_pass_adaptive", "target_act": "probing", "ok": true, "error": ""}
{"request_id": "two-stage-v1|scaffolding-7|selector_explain_first|doubao-seed-2.0-lite", "queue_rank": 271, "call_type": "selector_explain_first", "target_act": "telling", "ok": true, "error": ""}
{"request_id": "two-stage-v1|scaffolding-845|selector_explain_first|doubao-seed-2.0-lite", "queue_rank": 281, "call_type": "selector_explain_first", "target_act": "telling", "ok": true, "error": ""}
{"request_id": "two-stage-v1|scaffolding-251|explain_executor|doubao-seed-2.0-lite", "queue_rank": 282, "call_type": "explain_executor", "target_act": "probing", "ok": true, "error": ""}
{"request_id": "two-stage-v1|scaffolding-800|selector_ask_first|doubao-seed-2.0-lite", "queue_rank": 278, "call_type": "selector_ask_first", "target_act": "telling", "ok": true, "error": ""}
{"request_id": "two-stage-v1|scaffolding-481|selector_explain_first|doubao-seed-2.0-lite", "queue_rank": 276, "call_type": "selector_explain_first", "target_act": "probing", "ok": true, "error": ""}
{"request_id": "two-stage-v1|scaffolding-123|single_pass_adaptive|doubao-seed-2.0-lite", "queue_rank": 286, "call_type": "single_pass_adaptive", "target_act": "telling", "ok": true, "error": ""}
{"request_id": "two-stage-v1|scaffolding-266|ask_executor|doubao-seed-2.0-lite", "queue_rank": 289, "call_type": "ask_executor", "target_act": "probing", "ok": true, "error": ""}
{"request_id": "two-stage-v1|scaffolding-322|selector_ask_first|doubao-seed-2.0-lite", "queue_rank": 284, "call_type": "selector_ask_first", "target_act": "telling", "ok": true, "error": ""}
{"request_id": "two-stage-v1|scaffolding-232|single_pass_adaptive|doubao-seed-2.0-lite", "queue_rank": 288, "call_type": "single_pass_adaptive", "target_act": "probing", "ok": true, "error": ""}
{"request_id": "two-stage-v1|scaffolding-623|selector_explain_first|doubao-seed-2.0-lite", "queue_rank": 283, "call_type": "selector_explain_first", "target_act": "probing", "ok": true, "error": ""}
{"request_id": "two-stage-v1|scaffolding-491|selector_explain_first|doubao-seed-2.0-lite", "queue_rank": 291, "call_type": "selector_explain_first", "target_act": "probing", "ok": true, "error": ""}
{"request_id": "two-stage-v1|scaffolding-524|explain_executor|doubao-seed-2.0-lite", "queue_rank": 285, "call_type": "explain_executor", "target_act": "telling", "ok": true, "error": ""}
{"request_id": "two-stage-v1|scaffolding-780|explain_executor|doubao-seed-2.0-lite", "queue_rank": 295, "call_type": "explain_executor", "target_act": "probing", "ok": true, "error": ""}
{"request_id": "two-stage-v1|scaffolding-251|selector_ask_first|doubao-seed-2.0-lite", "queue_rank": 287, "call_type": "selector_ask_first", "target_act": "probing", "ok": true, "error": ""}
{"request_id": "two-stage-v1|scaffolding-602|ask_executor|doubao-seed-2.0-lite", "queue_rank": 294, "call_type": "ask_executor", "target_act": "probing", "ok": true, "error": ""}
{"request_id": "two-stage-v1|scaffolding-59|single_pass_adaptive|doubao-seed-2.0-lite", "queue_rank": 293, "call_type": "single_pass_adaptive", "target_act": "telling", "ok": true, "error": ""}
{"request_id": "two-stage-v1|scaffolding-216|selector_ask_first|doubao-seed-2.0-lite", "queue_rank": 290, "call_type": "selector_ask_first", "target_act": "telling", "ok": true, "error": ""}
{"request_id": "two-stage-v1|scaffolding-12|selector_explain_first|doubao-seed-2.0-lite", "queue_rank": 292, "call_type": "selector_explain_first", "target_act": "telling", "ok": true, "error": ""}
{"request_id": "two-stage-v1|scaffolding-736|single_pass_adaptive|doubao-seed-2.0-lite", "queue_rank": 296, "call_type": "single_pass_adaptive", "target_act": "probing", "ok": true, "error": ""}
{"request_id": "two-stage-v1|scaffolding-177|ask_executor|doubao-seed-2.0-lite", "queue_rank": 298, "call_type": "ask_executor", "target_act": "telling", "ok": true, "error": ""}
{"request_id": "two-stage-v1|scaffolding-715|selector_explain_first|doubao-seed-2.0-lite", "queue_rank": 303, "call_type": "selector_explain_first", "target_act": "probing", "ok": true, "error": ""}
{"request_id": "two-stage-v1|scaffolding-698|ask_executor|doubao-seed-2.0-lite", "queue_rank": 304, "call_type": "ask_executor", "target_act": "telling", "ok": true, "error": ""}
{"request_id": "two-stage-v1|scaffolding-760|selector_ask_first|doubao-seed-2.0-lite", "queue_rank": 301, "call_type": "selector_ask_first", "target_act": "telling", "ok": true, "error": ""}
{"request_id": "two-stage-v1|scaffolding-953|explain_executor|doubao-seed-2.0-lite", "queue_rank": 305, "call_type": "explain_executor", "target_act": "probing", "ok": true, "error": ""}
{"request_id": "two-stage-v1|scaffolding-921|explain_executor|doubao-seed-2.0-lite", "queue_rank": 299, "call_type": "explain_executor", "target_act": "telling", "ok": true, "error": ""}
{"request_id": "two-stage-v1|scaffolding-704|single_pass_adaptive|doubao-seed-2.0-lite", "queue_rank": 300, "call_type": "single_pass_adaptive", "target_act": "probing", "ok": true, "error": ""}
{"request_id": "two-stage-v1|scaffolding-879|selector_ask_first|doubao-seed-2.0-lite", "queue_rank": 297, "call_type": "selector_ask_first", "target_act": "probing", "ok": true, "error": ""}
{"request_id": "two-stage-v1|scaffolding-757|explain_executor|doubao-seed-2.0-lite", "queue_rank": 302, "call_type": "explain_executor", "target_act": "telling", "ok": true, "error": ""}
{"request_id": "two-stage-v1|scaffolding-577|ask_executor|doubao-seed-2.0-lite", "queue_rank": 306, "call_type": "ask_executor", "target_act": "probing", "ok": true, "error": ""}
{"request_id": "two-stage-v1|scaffolding-769|selector_ask_first|doubao-seed-2.0-lite", "queue_rank": 310, "call_type": "selector_ask_first", "target_act": "probing", "ok": true, "error": ""}
{"request_id": "two-stage-v1|scaffolding-915|single_pass_adaptive|doubao-seed-2.0-lite", "queue_rank": 308, "call_type": "single_pass_adaptive", "target_act": "telling", "ok": true, "error": ""}
{"request_id": "two-stage-v1|scaffolding-9|selector_explain_first|doubao-seed-2.0-lite", "queue_rank": 311, "call_type": "selector_explain_first", "target_act": "telling", "ok": true, "error": ""}
{"request_id": "two-stage-v1|scaffolding-686|explain_executor|doubao-seed-2.0-lite", "queue_rank": 312, "call_type": "explain_executor", "target_act": "telling", "ok": true, "error": ""}
{"request_id": "two-stage-v1|scaffolding-448|single_pass_adaptive|doubao-seed-2.0-lite", "queue_rank": 313, "call_type": "single_pass_adaptive", "target_act": "probing", "ok": true, "error": ""}
{"request_id": "two-stage-v1|scaffolding-56|selector_explain_first|doubao-seed-2.0-lite", "queue_rank": 307, "call_type": "selector_explain_first", "target_act": "telling", "ok": true, "error": ""}
{"request_id": "two-stage-v1|scaffolding-232|explain_executor|doubao-seed-2.0-lite", "queue_rank": 316, "call_type": "explain_executor", "target_act": "probing", "ok": true, "error": ""}
{"request_id": "two-stage-v1|scaffolding-74|ask_executor|doubao-seed-2.0-lite", "queue_rank": 317, "call_type": "ask_executor", "target_act": "probing", "ok": true, "error": ""}
{"request_id": "two-stage-v1|scaffolding-216|single_pass_adaptive|doubao-seed-2.0-lite", "queue_rank": 318, "call_type": "single_pass_adaptive", "target_act": "telling", "ok": true, "error": ""}
{"request_id": "two-stage-v1|scaffolding-2|selector_ask_first|doubao-seed-2.0-lite", "queue_rank": 314, "call_type": "selector_ask_first", "target_act": "telling", "ok": true, "error": ""}
{"request_id": "two-stage-v1|scaffolding-909|explain_executor|doubao-seed-2.0-lite", "queue_rank": 321, "call_type": "explain_executor", "target_act": "telling", "ok": true, "error": ""}
{"request_id": "two-stage-v1|scaffolding-719|selector_ask_first|doubao-seed-2.0-lite", "queue_rank": 320, "call_type": "selector_ask_first", "target_act": "telling", "ok": true, "error": ""}
{"request_id": "two-stage-v1|scaffolding-903|selector_explain_first|doubao-seed-2.0-lite", "queue_rank": 319, "call_type": "selector_explain_first", "target_act": "probing", "ok": true, "error": ""}
{"request_id": "two-stage-v1|scaffolding-721|ask_executor|doubao-seed-2.0-lite", "queue_rank": 315, "call_type": "ask_executor", "target_act": "telling", "ok": true, "error": ""}
{"request_id": "two-stage-v1|scaffolding-266|explain_executor|doubao-seed-2.0-lite", "queue_rank": 323, "call_type": "explain_executor", "target_act": "probing", "ok": true, "error": ""}
{"request_id": "two-stage-v1|scaffolding-137|selector_ask_first|doubao-seed-2.0-lite", "queue_rank": 322, "call_type": "selector_ask_first", "target_act": "probing", "ok": true, "error": ""}
{"request_id": "two-stage-v1|scaffolding-307|ask_executor|doubao-seed-2.0-lite", "queue_rank": 326, "call_type": "ask_executor", "target_act": "probing", "ok": true, "error": ""}
{"request_id": "two-stage-v1|scaffolding-121|single_pass_adaptive|doubao-seed-2.0-lite", "queue_rank": 328, "call_type": "single_pass_adaptive", "target_act": "probing", "ok": true, "error": ""}
{"request_id": "two-stage-v1|scaffolding-685|ask_executor|doubao-seed-2.0-lite", "queue_rank": 329, "call_type": "ask_executor", "target_act": "telling", "ok": true, "error": ""}
{"request_id": "two-stage-v1|scaffolding-453|selector_ask_first|doubao-seed-2.0-lite", "queue_rank": 309, "call_type": "selector_ask_first", "target_act": "probing", "ok": true, "error": ""}
{"request_id": "two-stage-v1|scaffolding-338|selector_explain_first|doubao-seed-2.0-lite", "queue_rank": 324, "call_type": "selector_explain_first", "target_act": "probing", "ok": true, "error": ""}
{"request_id": "two-stage-v1|scaffolding-524|single_pass_adaptive|doubao-seed-2.0-lite", "queue_rank": 327, "call_type": "single_pass_adaptive", "target_act": "telling", "ok": true, "error": ""}
{"request_id": "two-stage-v1|scaffolding-755|selector_explain_first|doubao-seed-2.0-lite", "queue_rank": 333, "call_type": "selector_explain_first", "target_act": "telling", "ok": true, "error": ""}
{"request_id": "two-stage-v1|scaffolding-974|ask_executor|doubao-seed-2.0-lite", "queue_rank": 334, "call_type": "ask_executor", "target_act": "telling", "ok": true, "error": ""}
{"request_id": "two-stage-v1|scaffolding-903|explain_executor|doubao-seed-2.0-lite", "queue_rank": 330, "call_type": "explain_executor", "target_act": "probing", "ok": true, "error": ""}
{"request_id": "two-stage-v1|scaffolding-216|explain_executor|doubao-seed-2.0-lite", "queue_rank": 336, "call_type": "explain_executor", "target_act": "telling", "ok": true, "error": ""}
{"request_id": "two-stage-v1|scaffolding-698|selector_explain_first|doubao-seed-2.0-lite", "queue_rank": 325, "call_type": "selector_explain_first", "target_act": "telling", "ok": true, "error": ""}
{"request_id": "two-stage-v1|scaffolding-146|ask_executor|doubao-seed-2.0-lite", "queue_rank": 332, "call_type": "ask_executor", "target_act": "probing", "ok": true, "error": ""}
{"request_id": "two-stage-v1|scaffolding-268|single_pass_adaptive|doubao-seed-2.0-lite", "queue_rank": 337, "call_type": "single_pass_adaptive", "target_act": "probing", "ok": true, "error": ""}
{"request_id": "two-stage-v1|scaffolding-446|selector_explain_first|doubao-seed-2.0-lite", "queue_rank": 335, "call_type": "selector_explain_first", "target_act": "probing", "ok": true, "error": ""}
{"request_id": "two-stage-v1|scaffolding-800|single_pass_adaptive|doubao-seed-2.0-lite", "queue_rank": 339, "call_type": "single_pass_adaptive", "target_act": "telling", "ok": true, "error": ""}
{"request_id": "two-stage-v1|scaffolding-56|ask_executor|doubao-seed-2.0-lite", "queue_rank": 340, "call_type": "ask_executor", "target_act": "telling", "ok": true, "error": ""}
{"request_id": "two-stage-v1|scaffolding-774|selector_ask_first|doubao-seed-2.0-lite", "queue_rank": 331, "call_type": "selector_ask_first", "target_act": "probing", "ok": true, "error": ""}
{"request_id": "two-stage-v1|scaffolding-774|single_pass_adaptive|doubao-seed-2.0-lite", "queue_rank": 341, "call_type": "single_pass_adaptive", "target_act": "probing", "ok": true, "error": ""}
{"request_id": "two-stage-v1|scaffolding-1085|selector_ask_first|doubao-seed-2.0-lite", "queue_rank": 338, "call_type": "selector_ask_first", "target_act": "telling", "ok": true, "error": ""}
{"request_id": "two-stage-v1|scaffolding-177|single_pass_adaptive|doubao-seed-2.0-lite", "queue_rank": 342, "call_type": "single_pass_adaptive", "target_act": "telling", "ok": true, "error": ""}
{"request_id": "two-stage-v1|scaffolding-760|explain_executor|doubao-seed-2.0-lite", "queue_rank": 346, "call_type": "explain_executor", "target_act": "telling", "ok": true, "error": ""}
{"request_id": "two-stage-v1|scaffolding-736|selector_ask_first|doubao-seed-2.0-lite", "queue_rank": 348, "call_type": "selector_ask_first", "target_act": "probing", "ok": true, "error": ""}
{"request_id": "two-stage-v1|scaffolding-47|selector_ask_first|doubao-seed-2.0-lite", "queue_rank": 345, "call_type": "selector_ask_first", "target_act": "telling", "ok": true, "error": ""}
{"request_id": "two-stage-v1|scaffolding-451|selector_explain_first|doubao-seed-2.0-lite", "queue_rank": 344, "call_type": "selector_explain_first", "target_act": "probing", "ok": true, "error": ""}
{"request_id": "two-stage-v1|scaffolding-704|explain_executor|doubao-seed-2.0-lite", "queue_rank": 349, "call_type": "explain_executor", "target_act": "probing", "ok": true, "error": ""}
{"request_id": "two-stage-v1|scaffolding-309|single_pass_adaptive|doubao-seed-2.0-lite", "queue_rank": 352, "call_type": "single_pass_adaptive", "target_act": "probing", "ok": true, "error": ""}
{"request_id": "two-stage-v1|scaffolding-309|ask_executor|doubao-seed-2.0-lite", "queue_rank": 347, "call_type": "ask_executor", "target_act": "probing", "ok": true, "error": ""}
{"request_id": "two-stage-v1|scaffolding-991|explain_executor|doubao-seed-2.0-lite", "queue_rank": 355, "call_type": "explain_executor", "target_act": "probing", "ok": true, "error": ""}
{"request_id": "two-stage-v1|scaffolding-169|single_pass_adaptive|doubao-seed-2.0-lite", "queue_rank": 354, "call_type": "single_pass_adaptive", "target_act": "telling", "ok": true, "error": ""}
{"request_id": "two-stage-v1|scaffolding-451|selector_ask_first|doubao-seed-2.0-lite", "queue_rank": 351, "call_type": "selector_ask_first", "target_act": "probing", "ok": true, "error": ""}
{"request_id": "two-stage-v1|scaffolding-12|ask_executor|doubao-seed-2.0-lite", "queue_rank": 353, "call_type": "ask_executor", "target_act": "telling", "ok": true, "error": ""}
{"request_id": "two-stage-v1|scaffolding-769|selector_explain_first|doubao-seed-2.0-lite", "queue_rank": 358, "call_type": "selector_explain_first", "target_act": "probing", "ok": true, "error": ""}
{"request_id": "two-stage-v1|scaffolding-99|explain_executor|doubao-seed-2.0-lite", "queue_rank": 356, "call_type": "explain_executor", "target_act": "telling", "ok": true, "error": ""}
{"request_id": "two-stage-v1|scaffolding-974|selector_ask_first|doubao-seed-2.0-lite", "queue_rank": 350, "call_type": "selector_ask_first", "target_act": "telling", "ok": true, "error": ""}
{"request_id": "two-stage-v1|scaffolding-8|selector_explain_first|doubao-seed-2.0-lite", "queue_rank": 343, "call_type": "selector_explain_first", "target_act": "telling", "ok": true, "error": ""}
{"request_id": "two-stage-v1|scaffolding-137|ask_executor|doubao-seed-2.0-lite", "queue_rank": 357, "call_type": "ask_executor", "target_act": "probing", "ok": true, "error": ""}
{"request_id": "two-stage-v1|scaffolding-307|explain_executor|doubao-seed-2.0-lite", "queue_rank": 362, "call_type": "explain_executor", "target_act": "probing", "ok": true, "error": ""}
{"request_id": "two-stage-v1|scaffolding-698|explain_executor|doubao-seed-2.0-lite", "queue_rank": 363, "call_type": "explain_executor", "target_act": "telling", "ok": true, "error": ""}
{"request_id": "two-stage-v1|scaffolding-968|selector_ask_first|doubao-seed-2.0-lite", "queue_rank": 361, "call_type": "selector_ask_first", "target_act": "telling", "ok": true, "error": ""}
{"request_id": "two-stage-v1|scaffolding-719|ask_executor|doubao-seed-2.0-lite", "queue_rank": 365, "call_type": "ask_executor", "target_act": "telling", "ok": true, "error": ""}
{"request_id": "two-stage-v1|scaffolding-60|selector_explain_first|doubao-seed-2.0-lite", "queue_rank": 360, "call_type": "selector_explain_first", "target_act": "telling", "ok": true, "error": ""}
{"request_id": "two-stage-v1|scaffolding-240|ask_executor|doubao-seed-2.0-lite", "queue_rank": 366, "call_type": "ask_executor", "target_act": "probing", "ok": true, "error": ""}
{"request_id": "two-stage-v1|scaffolding-363|single_pass_adaptive|doubao-seed-2.0-lite", "queue_rank": 364, "call_type": "single_pass_adaptive", "target_act": "probing", "ok": true, "error": ""}
{"request_id": "two-stage-v1|scaffolding-60|single_pass_adaptive|doubao-seed-2.0-lite", "queue_rank": 369, "call_type": "single_pass_adaptive", "target_act": "telling", "ok": true, "error": ""}
{"request_id": "two-stage-v1|scaffolding-121|ask_executor|doubao-seed-2.0-lite", "queue_rank": 372, "call_type": "ask_executor", "target_act": "probing", "ok": true, "error": ""}
{"request_id": "two-stage-v1|scaffolding-453|explain_executor|doubao-seed-2.0-lite", "queue_rank": 373, "call_type": "explain_executor", "target_act": "probing", "ok": true, "error": ""}
{"request_id": "two-stage-v1|scaffolding-196|single_pass_adaptive|doubao-seed-2.0-lite", "queue_rank": 370, "call_type": "single_pass_adaptive", "target_act": "probing", "ok": true, "error": ""}
{"request_id": "two-stage-v1|scaffolding-801|selector_explain_first|doubao-seed-2.0-lite", "queue_rank": 359, "call_type": "selector_explain_first", "target_act": "telling", "ok": true, "error": ""}
{"request_id": "two-stage-v1|scaffolding-686|selector_ask_first|doubao-seed-2.0-lite", "queue_rank": 371, "call_type": "selector_ask_first", "target_act": "telling", "ok": true, "error": ""}
{"request_id": "two-stage-v1|scaffolding-232|selector_ask_first|doubao-seed-2.0-lite", "queue_rank": 368, "call_type": "selector_ask_first", "target_act": "probing", "ok": true, "error": ""}
{"request_id": "two-stage-v1|scaffolding-324|ask_executor|doubao-seed-2.0-lite", "queue_rank": 374, "call_type": "ask_executor", "target_act": "telling", "ok": true, "error": ""}
{"request_id": "two-stage-v1|scaffolding-232|selector_explain_first|doubao-seed-2.0-lite", "queue_rank": 367, "call_type": "selector_explain_first", "target_act": "probing", "ok": true, "error": ""}
{"request_id": "two-stage-v1|scaffolding-7|single_pass_adaptive|doubao-seed-2.0-lite", "queue_rank": 377, "call_type": "single_pass_adaptive", "target_act": "telling", "ok": true, "error": ""}
{"request_id": "two-stage-v1|scaffolding-1085|selector_explain_first|doubao-seed-2.0-lite", "queue_rank": 375, "call_type": "selector_explain_first", "target_act": "telling", "ok": true, "error": ""}
{"request_id": "two-stage-v1|scaffolding-736|explain_executor|doubao-seed-2.0-lite", "queue_rank": 381, "call_type": "explain_executor", "target_act": "probing", "ok": true, "error": ""}
{"request_id": "two-stage-v1|scaffolding-446|selector_ask_first|doubao-seed-2.0-lite", "queue_rank": 376, "call_type": "selector_ask_first", "target_act": "probing", "ok": true, "error": ""}
{"request_id": "two-stage-v1|scaffolding-758|explain_executor|doubao-seed-2.0-lite", "queue_rank": 379, "call_type": "explain_executor", "target_act": "telling", "ok": true, "error": ""}
{"request_id": "two-stage-v1|scaffolding-953|selector_ask_first|doubao-seed-2.0-lite", "queue_rank": 380, "call_type": "selector_ask_first", "target_act": "probing", "ok": true, "error": ""}
{"request_id": "two-stage-v1|scaffolding-57|explain_executor|doubao-seed-2.0-lite", "queue_rank": 383, "call_type": "explain_executor", "target_act": "telling", "ok": true, "error": ""}
{"request_id": "two-stage-v1|scaffolding-148|selector_explain_first|doubao-seed-2.0-lite", "queue_rank": 378, "call_type": "selector_explain_first", "target_act": "probing", "ok": true, "error": ""}
{"request_id": "two-stage-v1|scaffolding-57|selector_explain_first|doubao-seed-2.0-lite", "queue_rank": 382, "call_type": "selector_explain_first", "target_act": "telling", "ok": true, "error": ""}
{"request_id": "two-stage-v1|scaffolding-619|ask_executor|doubao-seed-2.0-lite", "queue_rank": 389, "call_type": "ask_executor", "target_act": "probing", "ok": true, "error": ""}
{"request_id": "two-stage-v1|scaffolding-124|single_pass_adaptive|doubao-seed-2.0-lite", "queue_rank": 388, "call_type": "single_pass_adaptive", "target_act": "probing", "ok": true, "error": ""}
{"request_id": "two-stage-v1|scaffolding-953|selector_explain_first|doubao-seed-2.0-lite", "queue_rank": 385, "call_type": "selector_explain_first", "target_act": "probing", "ok": true, "error": ""}
{"request_id": "two-stage-v1|scaffolding-1085|ask_executor|doubao-seed-2.0-lite", "queue_rank": 390, "call_type": "ask_executor", "target_act": "telling", "ok": true, "error": ""}
{"request_id": "two-stage-v1|scaffolding-324|selector_ask_first|doubao-seed-2.0-lite", "queue_rank": 384, "call_type": "selector_ask_first", "target_act": "telling", "ok": true, "error": ""}
{"request_id": "two-stage-v1|scaffolding-757|single_pass_adaptive|doubao-seed-2.0-lite", "queue_rank": 387, "call_type": "single_pass_adaptive", "target_act": "telling", "ok": true, "error": ""}
{"request_id": "two-stage-v1|scaffolding-722|explain_executor|doubao-seed-2.0-lite", "queue_rank": 394, "call_type": "explain_executor", "target_act": "telling", "ok": true, "error": ""}
{"request_id": "two-stage-v1|scaffolding-703|explain_executor|doubao-seed-2.0-lite", "queue_rank": 392, "call_type": "explain_executor", "target_act": "probing", "ok": true, "error": ""}
{"request_id": "two-stage-v1|scaffolding-736|ask_executor|doubao-seed-2.0-lite", "queue_rank": 391, "call_type": "ask_executor", "target_act": "probing", "ok": true, "error": ""}
{"request_id": "two-stage-v1|scaffolding-2|ask_executor|doubao-seed-2.0-lite", "queue_rank": 386, "call_type": "ask_executor", "target_act": "telling", "ok": true, "error": ""}
{"request_id": "two-stage-v1|scaffolding-799|single_pass_adaptive|doubao-seed-2.0-lite", "queue_rank": 397, "call_type": "single_pass_adaptive", "target_act": "telling", "ok": true, "error": ""}
{"request_id": "two-stage-v1|scaffolding-755|selector_ask_first|doubao-seed-2.0-lite", "queue_rank": 398, "call_type": "selector_ask_first", "target_act": "telling", "ok": true, "error": ""}
{"request_id": "two-stage-v1|scaffolding-909|selector_explain_first|doubao-seed-2.0-lite", "queue_rank": 401, "call_type": "selector_explain_first", "target_act": "telling", "ok": true, "error": ""}
{"request_id": "two-stage-v1|scaffolding-251|ask_executor|doubao-seed-2.0-lite", "queue_rank": 400, "call_type": "ask_executor", "target_act": "probing", "ok": true, "error": ""}
{"request_id": "two-stage-v1|scaffolding-146|single_pass_adaptive|doubao-seed-2.0-lite", "queue_rank": 393, "call_type": "single_pass_adaptive", "target_act": "probing", "ok": true, "error": ""}
{"request_id": "two-stage-v1|scaffolding-177|explain_executor|doubao-seed-2.0-lite", "queue_rank": 403, "call_type": "explain_executor", "target_act": "telling", "ok": true, "error": ""}
{"request_id": "two-stage-v1|scaffolding-216|selector_explain_first|doubao-seed-2.0-lite", "queue_rank": 399, "call_type": "selector_explain_first", "target_act": "telling", "ok": true, "error": ""}
{"request_id": "two-stage-v1|scaffolding-915|selector_ask_first|doubao-seed-2.0-lite", "queue_rank": 404, "call_type": "selector_ask_first", "target_act": "telling", "ok": true, "error": ""}
{"request_id": "two-stage-v1|scaffolding-698|single_pass_adaptive|doubao-seed-2.0-lite", "queue_rank": 402, "call_type": "single_pass_adaptive", "target_act": "telling", "ok": true, "error": ""}
{"request_id": "two-stage-v1|scaffolding-157|selector_explain_first|doubao-seed-2.0-lite", "queue_rank": 395, "call_type": "selector_explain_first", "target_act": "probing", "ok": true, "error": ""}
{"request_id": "two-stage-v1|scaffolding-15|ask_executor|doubao-seed-2.0-lite", "queue_rank": 406, "call_type": "ask_executor", "target_act": "telling", "ok": true, "error": ""}
{"request_id": "two-stage-v1|scaffolding-121|explain_executor|doubao-seed-2.0-lite", "queue_rank": 408, "call_type": "explain_executor", "target_act": "probing", "ok": true, "error": ""}
{"request_id": "two-stage-v1|scaffolding-704|selector_ask_first|doubao-seed-2.0-lite", "queue_rank": 396, "call_type": "selector_ask_first", "target_act": "probing", "ok": true, "error": ""}
{"request_id": "two-stage-v1|scaffolding-674|selector_ask_first|doubao-seed-2.0-lite", "queue_rank": 405, "call_type": "selector_ask_first", "target_act": "probing", "ok": true, "error": ""}
{"request_id": "two-stage-v1|scaffolding-729|explain_executor|doubao-seed-2.0-lite", "queue_rank": 411, "call_type": "explain_executor", "target_act": "probing", "ok": true, "error": ""}
{"request_id": "two-stage-v1|scaffolding-610|ask_executor|doubao-seed-2.0-lite", "queue_rank": 413, "call_type": "ask_executor", "target_act": "probing", "ok": true, "error": ""}
{"request_id": "two-stage-v1|scaffolding-193|single_pass_adaptive|doubao-seed-2.0-lite", "queue_rank": 410, "call_type": "single_pass_adaptive", "target_act": "probing", "ok": true, "error": ""}
{"request_id": "two-stage-v1|scaffolding-266|single_pass_adaptive|doubao-seed-2.0-lite", "queue_rank": 407, "call_type": "single_pass_adaptive", "target_act": "probing", "ok": true, "error": ""}
{"request_id": "two-stage-v1|scaffolding-448|selector_ask_first|doubao-seed-2.0-lite", "queue_rank": 412, "call_type": "selector_ask_first", "target_act": "probing", "ok": true, "error": ""}
{"request_id": "two-stage-v1|scaffolding-722|selector_ask_first|doubao-seed-2.0-lite", "queue_rank": 414, "call_type": "selector_ask_first", "target_act": "telling", "ok": true, "error": ""}
{"request_id": "two-stage-v1|scaffolding-835|selector_explain_first|doubao-seed-2.0-lite", "queue_rank": 409, "call_type": "selector_explain_first", "target_act": "probing", "ok": true, "error": ""}
{"request_id": "two-stage-v1|scaffolding-47|explain_executor|doubao-seed-2.0-lite", "queue_rank": 416, "call_type": "explain_executor", "target_act": "telling", "ok": true, "error": ""}
{"request_id": "two-stage-v1|scaffolding-55|ask_executor|doubao-seed-2.0-lite", "queue_rank": 417, "call_type": "ask_executor", "target_act": "telling", "ok": true, "error": ""}
{"request_id": "two-stage-v1|scaffolding-500|single_pass_adaptive|doubao-seed-2.0-lite", "queue_rank": 418, "call_type": "single_pass_adaptive", "target_act": "telling", "ok": true, "error": ""}
{"request_id": "two-stage-v1|scaffolding-60|ask_executor|doubao-seed-2.0-lite", "queue_rank": 420, "call_type": "ask_executor", "target_act": "telling", "ok": true, "error": ""}
{"request_id": "two-stage-v1|scaffolding-240|selector_ask_first|doubao-seed-2.0-lite", "queue_rank": 421, "call_type": "selector_ask_first", "target_act": "probing", "ok": true, "error": ""}
{"request_id": "two-stage-v1|scaffolding-674|selector_explain_first|doubao-seed-2.0-lite", "queue_rank": 415, "call_type": "selector_explain_first", "target_act": "probing", "ok": true, "error": ""}
{"request_id": "two-stage-v1|scaffolding-251|single_pass_adaptive|doubao-seed-2.0-lite", "queue_rank": 425, "call_type": "single_pass_adaptive", "target_act": "probing", "ok": true, "error": ""}
{"request_id": "two-stage-v1|scaffolding-921|selector_explain_first|doubao-seed-2.0-lite", "queue_rank": 419, "call_type": "selector_explain_first", "target_act": "telling", "ok": true, "error": ""}
{"request_id": "two-stage-v1|scaffolding-729|ask_executor|doubao-seed-2.0-lite", "queue_rank": 423, "call_type": "ask_executor", "target_act": "probing", "ok": true, "error": ""}
{"request_id": "two-stage-v1|scaffolding-736|selector_explain_first|doubao-seed-2.0-lite", "queue_rank": 428, "call_type": "selector_explain_first", "target_act": "probing", "ok": true, "error": ""}
{"request_id": "two-stage-v1|scaffolding-1085|explain_executor|doubao-seed-2.0-lite", "queue_rank": 427, "call_type": "explain_executor", "target_act": "telling", "ok": true, "error": ""}
{"request_id": "two-stage-v1|scaffolding-324|single_pass_adaptive|doubao-seed-2.0-lite", "queue_rank": 426, "call_type": "single_pass_adaptive", "target_act": "telling", "ok": true, "error": ""}
{"request_id": "two-stage-v1|scaffolding-491|explain_executor|doubao-seed-2.0-lite", "queue_rank": 429, "call_type": "explain_executor", "target_act": "probing", "ok": true, "error": ""}
{"request_id": "two-stage-v1|scaffolding-176|ask_executor|doubao-seed-2.0-lite", "queue_rank": 430, "call_type": "ask_executor", "target_act": "telling", "ok": true, "error": ""}
{"request_id": "two-stage-v1|scaffolding-500|selector_explain_first|doubao-seed-2.0-lite", "queue_rank": 424, "call_type": "selector_explain_first", "target_act": "telling", "ok": true, "error": ""}
{"request_id": "two-stage-v1|scaffolding-879|explain_executor|doubao-seed-2.0-lite", "queue_rank": 436, "call_type": "explain_executor", "target_act": "probing", "ok": true, "error": ""}
{"request_id": "two-stage-v1|scaffolding-909|selector_ask_first|doubao-seed-2.0-lite", "queue_rank": 433, "call_type": "selector_ask_first", "target_act": "telling", "ok": true, "error": ""}
{"request_id": "two-stage-v1|scaffolding-835|single_pass_adaptive|doubao-seed-2.0-lite", "queue_rank": 432, "call_type": "single_pass_adaptive", "target_act": "probing", "ok": true, "error": ""}
{"request_id": "two-stage-v1|scaffolding-758|single_pass_adaptive|doubao-seed-2.0-lite", "queue_rank": 438, "call_type": "single_pass_adaptive", "target_act": "telling", "ok": true, "error": ""}
{"request_id": "two-stage-v1|scaffolding-719|selector_explain_first|doubao-seed-2.0-lite", "queue_rank": 431, "call_type": "selector_explain_first", "target_act": "telling", "ok": true, "error": ""}
{"request_id": "two-stage-v1|scaffolding-451|ask_executor|doubao-seed-2.0-lite", "queue_rank": 435, "call_type": "ask_executor", "target_act": "probing", "ok": true, "error": ""}
{"request_id": "two-stage-v1|scaffolding-968|explain_executor|doubao-seed-2.0-lite", "queue_rank": 434, "call_type": "explain_executor", "target_act": "telling", "ok": true, "error": ""}
{"request_id": "two-stage-v1|scaffolding-685|explain_executor|doubao-seed-2.0-lite", "queue_rank": 441, "call_type": "explain_executor", "target_act": "telling", "ok": true, "error": ""}
{"request_id": "two-stage-v1|scaffolding-577|explain_executor|doubao-seed-2.0-lite", "queue_rank": 442, "call_type": "explain_executor", "target_act": "probing", "ok": true, "error": ""}
{"request_id": "two-stage-v1|scaffolding-623|ask_executor|doubao-seed-2.0-lite", "queue_rank": 440, "call_type": "ask_executor", "target_act": "probing", "ok": true, "error": ""}
{"request_id": "two-stage-v1|scaffolding-121|selector_ask_first|doubao-seed-2.0-lite", "queue_rank": 437, "call_type": "selector_ask_first", "target_act": "probing", "ok": true, "error": ""}
{"request_id": "two-stage-v1|scaffolding-477|single_pass_adaptive|doubao-seed-2.0-lite", "queue_rank": 443, "call_type": "single_pass_adaptive", "target_act": "probing", "ok": true, "error": ""}
{"request_id": "two-stage-v1|scaffolding-845|single_pass_adaptive|doubao-seed-2.0-lite", "queue_rank": 445, "call_type": "single_pass_adaptive", "target_act": "telling", "ok": true, "error": ""}
{"request_id": "two-stage-v1|scaffolding-9|selector_ask_first|doubao-seed-2.0-lite", "queue_rank": 446, "call_type": "selector_ask_first", "target_act": "telling", "ok": true, "error": ""}
{"request_id": "two-stage-v1|scaffolding-589|selector_explain_first|doubao-seed-2.0-lite", "queue_rank": 439, "call_type": "selector_explain_first", "target_act": "probing", "ok": true, "error": ""}
{"request_id": "two-stage-v1|scaffolding-800|selector_explain_first|doubao-seed-2.0-lite", "queue_rank": 447, "call_type": "selector_explain_first", "target_act": "telling", "ok": true, "error": ""}
{"request_id": "two-stage-v1|scaffolding-137|selector_explain_first|doubao-seed-2.0-lite", "queue_rank": 448, "call_type": "selector_explain_first", "target_act": "probing", "ok": true, "error": ""}
{"request_id": "two-stage-v1|scaffolding-193|selector_ask_first|doubao-seed-2.0-lite", "queue_rank": 444, "call_type": "selector_ask_first", "target_act": "probing", "ok": true, "error": ""}
{"request_id": "two-stage-v1|scaffolding-758|selector_explain_first|doubao-seed-2.0-lite", "queue_rank": 453, "call_type": "selector_explain_first", "target_act": "telling", "ok": true, "error": ""}
{"request_id": "two-stage-v1|scaffolding-610|explain_executor|doubao-seed-2.0-lite", "queue_rank": 452, "call_type": "explain_executor", "target_act": "probing", "ok": true, "error": ""}
{"request_id": "two-stage-v1|scaffolding-799|selector_ask_first|doubao-seed-2.0-lite", "queue_rank": 422, "call_type": "selector_ask_first", "target_act": "telling", "ok": true, "error": ""}
{"request_id": "two-stage-v1|scaffolding-15|selector_ask_first|doubao-seed-2.0-lite", "queue_rank": 454, "call_type": "selector_ask_first", "target_act": "telling", "ok": true, "error": ""}
{"request_id": "two-stage-v1|scaffolding-610|selector_explain_first|doubao-seed-2.0-lite", "queue_rank": 450, "call_type": "selector_explain_first", "target_act": "probing", "ok": true, "error": ""}
{"request_id": "two-stage-v1|scaffolding-123|explain_executor|doubao-seed-2.0-lite", "queue_rank": 459, "call_type": "explain_executor", "target_act": "telling", "ok": true, "error": ""}
{"request_id": "two-stage-v1|scaffolding-903|single_pass_adaptive|doubao-seed-2.0-lite", "queue_rank": 455, "call_type": "single_pass_adaptive", "target_act": "probing", "ok": true, "error": ""}
{"request_id": "two-stage-v1|scaffolding-148|ask_executor|doubao-seed-2.0-lite", "queue_rank": 456, "call_type": "ask_executor", "target_act": "probing", "ok": true, "error": ""}
{"request_id": "two-stage-v1|scaffolding-757|ask_executor|doubao-seed-2.0-lite", "queue_rank": 449, "call_type": "ask_executor", "target_act": "telling", "ok": true, "error": ""}
{"request_id": "two-stage-v1|scaffolding-640|single_pass_adaptive|doubao-seed-2.0-lite", "queue_rank": 458, "call_type": "single_pass_adaptive", "target_act": "telling", "ok": true, "error": ""}
{"request_id": "two-stage-v1|scaffolding-7|ask_executor|doubao-seed-2.0-lite", "queue_rank": 457, "call_type": "ask_executor", "target_act": "telling", "ok": true, "error": ""}
{"request_id": "two-stage-v1|scaffolding-481|ask_executor|doubao-seed-2.0-lite", "queue_rank": 460, "call_type": "ask_executor", "target_act": "probing", "ok": true, "error": ""}
{"request_id": "two-stage-v1|scaffolding-157|explain_executor|doubao-seed-2.0-lite", "queue_rank": 462, "call_type": "explain_executor", "target_act": "probing", "ok": true, "error": ""}
{"request_id": "two-stage-v1|scaffolding-991|selector_explain_first|doubao-seed-2.0-lite", "queue_rank": 464, "call_type": "selector_explain_first", "target_act": "probing", "ok": true, "error": ""}
{"request_id": "two-stage-v1|scaffolding-589|selector_ask_first|doubao-seed-2.0-lite", "queue_rank": 451, "call_type": "selector_ask_first", "target_act": "probing", "ok": true, "error": ""}
{"request_id": "two-stage-v1|scaffolding-800|ask_executor|doubao-seed-2.0-lite", "queue_rank": 463, "call_type": "ask_executor", "target_act": "telling", "ok": true, "error": ""}
{"request_id": "two-stage-v1|scaffolding-446|single_pass_adaptive|doubao-seed-2.0-lite", "queue_rank": 461, "call_type": "single_pass_adaptive", "target_act": "probing", "ok": true, "error": ""}
{"request_id": "two-stage-v1|scaffolding-47|single_pass_adaptive|doubao-seed-2.0-lite", "queue_rank": 465, "call_type": "single_pass_adaptive", "target_act": "telling", "ok": true, "error": ""}
{"request_id": "two-stage-v1|scaffolding-845|explain_executor|doubao-seed-2.0-lite", "queue_rank": 470, "call_type": "explain_executor", "target_act": "telling", "ok": true, "error": ""}
{"request_id": "two-stage-v1|scaffolding-800|explain_executor|doubao-seed-2.0-lite", "queue_rank": 468, "call_type": "explain_executor", "target_act": "telling", "ok": true, "error": ""}
{"request_id": "two-stage-v1|scaffolding-921|selector_ask_first|doubao-seed-2.0-lite", "queue_rank": 467, "call_type": "selector_ask_first", "target_act": "telling", "ok": true, "error": ""}
{"request_id": "two-stage-v1|scaffolding-686|selector_explain_first|doubao-seed-2.0-lite", "queue_rank": 472, "call_type": "selector_explain_first", "target_act": "telling", "ok": true, "error": ""}
{"request_id": "two-stage-v1|scaffolding-124|explain_executor|doubao-seed-2.0-lite", "queue_rank": 471, "call_type": "explain_executor", "target_act": "probing", "ok": true, "error": ""}
{"request_id": "two-stage-v1|scaffolding-685|single_pass_adaptive|doubao-seed-2.0-lite", "queue_rank": 476, "call_type": "single_pass_adaptive", "target_act": "telling", "ok": true, "error": ""}
{"request_id": "two-stage-v1|scaffolding-678|ask_executor|doubao-seed-2.0-lite", "queue_rank": 473, "call_type": "ask_executor", "target_act": "probing", "ok": true, "error": ""}
{"request_id": "two-stage-v1|scaffolding-169|ask_executor|doubao-seed-2.0-lite", "queue_rank": 478, "call_type": "ask_executor", "target_act": "telling", "ok": true, "error": ""}
{"request_id": "two-stage-v1|scaffolding-124|selector_explain_first|doubao-seed-2.0-lite", "queue_rank": 477, "call_type": "selector_explain_first", "target_act": "probing", "ok": true, "error": ""}
{"request_id": "two-stage-v1|scaffolding-453|single_pass_adaptive|doubao-seed-2.0-lite", "queue_rank": 475, "call_type": "single_pass_adaptive", "target_act": "probing", "ok": true, "error": ""}
{"request_id": "two-stage-v1|scaffolding-481|selector_ask_first|doubao-seed-2.0-lite", "queue_rank": 469, "call_type": "selector_ask_first", "target_act": "probing", "ok": true, "error": ""}
{"request_id": "two-stage-v1|scaffolding-8|selector_ask_first|doubao-seed-2.0-lite", "queue_rank": 474, "call_type": "selector_ask_first", "target_act": "telling", "ok": true, "error": ""}
{"request_id": "two-stage-v1|scaffolding-55|selector_explain_first|doubao-seed-2.0-lite", "queue_rank": 466, "call_type": "selector_explain_first", "target_act": "telling", "ok": true, "error": ""}
{"request_id": "two-stage-v1|scaffolding-196|selector_ask_first|doubao-seed-2.0-lite", "queue_rank": 479, "call_type": "selector_ask_first", "target_act": "probing", "ok": true, "error": ""}
{
  "current_errors": 0,
  "expected": 2400,
  "missing": 0,
  "per_model": {
    "MiniMax-M2.7": {
      "errors": 0,
      "expected": 480,
      "missing": 0,
      "successful": 480
    },
    "MiniMax-M3": {
      "errors": 0,
      "expected": 480,
      "missing": 0,
      "successful": 480
    },
    "deepseek-v4-pro": {
      "errors": 0,
      "expected": 480,
      "missing": 0,
      "successful": 480
    },
    "doubao-seed-2.0-lite": {
      "errors": 0,
      "expected": 480,
      "missing": 0,
      "successful": 480
    },
    "glm-5.2": {
      "errors": 0,
      "expected": 480,
      "missing": 0,
      "successful": 480
    }
  },
  "successful": 2400,
  "unexpected_keys": 0
}
