blind_id,event,present,unanimous,template,progress,affect,repeat,model,source_family,partition,panel,arm
000de85f3559b68e3844,affect_acknowledgement,0,1,thermal_energy,correct_partial,calm,1,MiniMax-M3,specific_heat,training,main,canonical
0011839caaa9f61025f0,affect_acknowledgement,1,1,fact_opinion,wrong_attempt,frustrated,1,doubao-seed-2.0-lite,fact_opinion,training,main,canonical
0092a9b1c4ccd3f00c15,affect_acknowledgement,0,1,relevant_support,wrong_attempt,calm,0,doubao-seed-2.0-lite,argument_relevance,training,main,canonical
00a9c029518cc9fa86ed,affect_acknowledgement,1,0,arithmetic_sequence,correct_partial,frustrated,1,glm-5.3,arithmetic_sequence,training,main,canonical
00d665a5c51c08b5c0c2,affect_acknowledgement,0,1,expected_points,correct_partial,calm,0,glm-5.3,expected_value,training,main,canonical
00d895b8a069659fce47,affect_acknowledgement,1,1,food_chain,correct_partial,frustrated,0,doubao-seed-2.0-lite,food_web_relations,training,main,canonical
025f6784df68b49207cc,affect_acknowledgement,0,1,expected_points,correct_partial,frustrated,0,glm-5.3,expected_value,training,main,canonical
028d411bbb16b9addddf,affect_acknowledgement,1,1,experimental_variable,wrong_attempt,frustrated,1,doubao-seed-2.0-lite,experimental_design,training,main,canonical
02c3562ff91ebddf11d1,affect_acknowledgement,0,1,conditional_inference,correct_partial,calm,0,doubao-seed-2.0-lite,conditional_inference,training,main,canonical
02fcf1e01ab1c5c5b98e,affect_acknowledgement,0,1,map_scale,wrong_attempt,calm,0,doubao-seed-2.0-lite,unit_conversion,training,main,canonical
039baf32beb6e345cb77,affect_acknowledgement,0,1,experimental_variable,wrong_attempt,calm,0,doubao-seed-2.0-lite,experimental_design,training,main,canonical
03b9c493862e8b6f7732,affect_acknowledgement,1,1,fact_opinion,correct_partial,frustrated,1,glm-5.3,fact_opinion,training,main,canonical
051fb731cfb7aaee6a42,affect_acknowledgement,1,1,conservation_of_mass,wrong_attempt,calm,0,deepseek-v4-pro,conservation_of_mass,training,main,canonical
056530dfc423318f842d,affect_acknowledgement,1,1,thermal_energy,correct_partial,frustrated,0,MiniMax-M2.7,specific_heat,training,main,canonical
057f70c081b827c2baf3,affect_acknowledgement,1,1,net_force,correct_partial,frustrated,0,MiniMax-M2.7,newtons_second_law,training,main,canonical
0586a5c80d5e18357a9b,affect_acknowledgement,0,1,set_entailment,wrong_attempt,calm,0,deepseek-v4-pro,set_entailment,training,main,canonical
05ed757c6f15c100cdbc,affect_acknowledgement,0,1,pronoun_reference,correct_partial,calm,1,MiniMax-M2.7,pronoun_reference,training,main,canonical
06542a6fc8ddcf037ea8,affect_acknowledgement,1,1,food_chain,wrong_attempt,frustrated,1,glm-5.3,food_web_relations,training,main,canonical
06be65e009e390f8b68a,affect_acknowledgement,0,1,simple_inheritance,correct_partial,calm,1,doubao-seed-2.0-lite,mendelian_inheritance,training,main,canonical
06bee78de97a1fb4c8c0,affect_acknowledgement,1,1,wave_speed,wrong_attempt,calm,0,MiniMax-M3,wave_speed,training,main,canonical
073e4b9a1e7f09a3c6f6,affect_acknowledgement,1,1,main_idea,correct_partial,frustrated,0,MiniMax-M2.7,main_idea,training,main,canonical
076c42e07793854aae0c,affect_acknowledgement,0,1,discount_price,wrong_attempt,calm,1,doubao-seed-2.0-lite,discount_price,training,main,canonical
07b0df52365d00e0f42a,affect_acknowledgement,0,1,arithmetic_sequence,wrong_attempt,calm,1,MiniMax-M3,arithmetic_sequence,training,main,canonical
07f512d41882fdfc3353,affect_acknowledgement,1,1,classifier_precision,wrong_attempt,frustrated,1,doubao-seed-2.0-lite,classification_metrics,training,main,canonical
081bb6b7dafdbdf6147c,affect_acknowledgement,1,1,food_chain,correct_partial,frustrated,1,MiniMax-M3,food_web_relations,training,main,canonical
0835536de2d1b4576d98,affect_acknowledgement,1,1,wave_speed,wrong_attempt,frustrated,0,MiniMax-M2.7,wave_speed,training,main,canonical
085f304c7bc717b2d83b,affect_acknowledgement,0,1,arithmetic_sequence,wrong_attempt,calm,1,deepseek-v4-pro,arithmetic_sequence,training,main,canonical
08b2fb45770c29328b74,affect_acknowledgement,0,1,modifier_attachment,correct_partial,frustrated,0,deepseek-v4-pro,modifier_attachment,training,main,canonical
08d8629e160cd8429ae6,affect_acknowledgement,0,1,subject_verb_agreement,correct_partial,frustrated,1,MiniMax-M2.7,subject_verb_agreement,training,main,canonical
093a69e065b00efa4dc9,affect_acknowledgement,1,1,ordering_constraints,wrong_attempt,frustrated,0,MiniMax-M3,ordering_constraints,training,main,canonical
096a809bc0c5cc3c11fe,affect_acknowledgement,1,1,subject_verb_agreement,wrong_attempt,calm,0,deepseek-v4-pro,subject_verb_agreement,training,main,canonical
09802f7574adcc01b9f7,affect_acknowledgement,0,1,experimental_variable,wrong_attempt,calm,1,MiniMax-M2.7,experimental_design,training,main,canonical
09f2090997f0d21b2624,affect_acknowledgement,1,1,ordering_constraints,wrong_attempt,calm,0,MiniMax-M3,ordering_constraints,training,main,canonical
0a1e1ff687010dd27ed4,affect_acknowledgement,0,1,map_scale,correct_partial,calm,0,MiniMax-M3,unit_conversion,training,main,canonical
0ae183a67ff75ff4e31f,affect_acknowledgement,1,1,food_chain,wrong_attempt,calm,1,glm-5.3,food_web_relations,training,main,canonical
0b2a30d705a3378cbfe9,affect_acknowledgement,1,0,net_force,wrong_attempt,frustrated,0,MiniMax-M2.7,newtons_second_law,training,main,canonical
0b4d63c14809f9744b94,affect_acknowledgement,1,1,universal_counterexample,correct_partial,frustrated,1,MiniMax-M2.7,counterexample,training,main,canonical
0bab4e6c0d0a3c66726c,affect_acknowledgement,1,0,relevant_support,wrong_attempt,frustrated,1,MiniMax-M2.7,argument_relevance,training,main,canonical
0bf2f2df315a0de10bee,affect_acknowledgement,1,1,classifier_precision,correct_partial,calm,0,MiniMax-M3,classification_metrics,training,main,canonical
0c1a73fbf9eea7d76f54,affect_acknowledgement,1,1,net_force,correct_partial,frustrated,0,doubao-seed-2.0-lite,newtons_second_law,training,main,canonical
0c3765a6f71dd21ebfdf,affect_acknowledgement,0,1,ratio_partition,wrong_attempt,calm,0,glm-5.3,ratio_partition,training,main,canonical
0c6f6d5c1bd4bb0c928e,affect_acknowledgement,0,1,experimental_variable,correct_partial,calm,0,MiniMax-M2.7,experimental_design,training,main,canonical
0c7425c1807a56193931,affect_acknowledgement,0,1,arithmetic_mean,wrong_attempt,calm,0,doubao-seed-2.0-lite,averaging,training,main,canonical
0cef2200c5d1aaa909a9,affect_acknowledgement,0,1,ratio_partition,correct_partial,calm,0,deepseek-v4-pro,ratio_partition,training,main,canonical
0d3c585eb56a230ad9db,affect_acknowledgement,0,1,comma_splice,wrong_attempt,calm,0,MiniMax-M3,clause_punctuation,training,main,canonical
0d8fa499fc7e56017c1c,affect_acknowledgement,1,1,pronoun_reference,wrong_attempt,frustrated,1,doubao-seed-2.0-lite,pronoun_reference,training,main,canonical
0dd03c0875c12ace0635,affect_acknowledgement,0,0,comma_splice,wrong_attempt,frustrated,0,MiniMax-M2.7,clause_punctuation,training,main,canonical
0e0537c33896a2d4f092,affect_acknowledgement,0,1,thermal_energy,correct_partial,calm,0,MiniMax-M2.7,specific_heat,training,main,canonical
0eb77d92a536b8d1efb4,affect_acknowledgement,0,1,map_scale,correct_partial,frustrated,1,MiniMax-M2.7,unit_conversion,training,main,canonical
0ec35b60d4ac5ab9c326,affect_acknowledgement,0,1,subject_verb_agreement,wrong_attempt,calm,0,MiniMax-M3,subject_verb_agreement,training,main,canonical
0ed187c6b1610ea04c55,affect_acknowledgement,1,1,rectangle_width,wrong_attempt,calm,0,MiniMax-M3,rectangle_perimeter,training,main,canonical
0f0cddcba637413c033f,affect_acknowledgement,0,1,thermal_energy,correct_partial,calm,0,doubao-seed-2.0-lite,specific_heat,training,main,canonical
0f297d7d2dd9227f11d4,affect_acknowledgement,1,1,net_force,correct_partial,frustrated,1,MiniMax-M3,newtons_second_law,training,main,canonical
0fa1cad47a564babfba4,affect_acknowledgement,0,0,past_tense,correct_partial,frustrated,1,MiniMax-M2.7,tense_consistency,training,main,canonical
10007121ec15c08de509,affect_acknowledgement,0,1,expected_points,wrong_attempt,calm,1,MiniMax-M3,expected_value,training,main,canonical
10284be9b7b63beb35c9,affect_acknowledgement,0,1,pronoun_reference,wrong_attempt,calm,0,deepseek-v4-pro,pronoun_reference,training,main,canonical
102aebd65a4b13916707,affect_acknowledgement,1,0,classifier_precision,wrong_attempt,frustrated,0,glm-5.3,classification_metrics,training,main,canonical
10623e6486e9f10cea0a,affect_acknowledgement,0,1,arithmetic_sequence,correct_partial,calm,1,doubao-seed-2.0-lite,arithmetic_sequence,training,main,canonical
10af9884a0dd2886bb9c,affect_acknowledgement,1,1,speed_units,wrong_attempt,frustrated,0,deepseek-v4-pro,unit_conversion,training,main,canonical
10b88d2ce1785fb4b669,affect_acknowledgement,0,0,relevant_support,correct_partial,calm,0,MiniMax-M2.7,argument_relevance,training,main,canonical
113e2825e5ea94a69f82,affect_acknowledgement,0,1,fact_opinion,wrong_attempt,calm,1,doubao-seed-2.0-lite,fact_opinion,training,main,canonical
117b064c61d0d7a51f15,affect_acknowledgement,1,1,ordering_constraints,correct_partial,frustrated,1,glm-5.3,ordering_constraints,training,main,canonical
11a548aa9575a0649eb3,affect_acknowledgement,0,1,arithmetic_sequence,wrong_attempt,calm,1,glm-5.3,arithmetic_sequence,training,main,canonical
11f4391626aab4b60bb6,affect_acknowledgement,1,1,net_force,wrong_attempt,frustrated,1,MiniMax-M2.7,newtons_second_law,training,main,canonical
12ad0dccee5babb6a156,affect_acknowledgement,0,1,thermal_energy,wrong_attempt,calm,0,deepseek-v4-pro,specific_heat,training,main,canonical
12bddfa074944263887c,affect_acknowledgement,0,1,conjunctive_rule,wrong_attempt,frustrated,1,deepseek-v4-pro,conjunctive_rule,training,main,canonical
14b0ed78a8d83398d8d2,affect_acknowledgement,0,1,conditional_inference,wrong_attempt,calm,0,glm-5.3,conditional_inference,training,main,canonical
14c16f7049b522b999b8,affect_acknowledgement,1,1,modifier_attachment,wrong_attempt,frustrated,1,MiniMax-M3,modifier_attachment,training,main,canonical
155f2fa785a9deba8845,affect_acknowledgement,1,1,modifier_attachment,correct_partial,frustrated,1,glm-5.3,modifier_attachment,training,main,canonical
158b0a4d8fd175445fcc,affect_acknowledgement,1,1,rectangle_width,wrong_attempt,calm,0,deepseek-v4-pro,rectangle_perimeter,training,main,canonical
169a404a0a3ad46b72e6,affect_acknowledgement,0,1,map_scale,correct_partial,calm,1,glm-5.3,unit_conversion,training,main,canonical
16d62370d187701d9c89,affect_acknowledgement,1,1,past_tense,wrong_attempt,frustrated,1,doubao-seed-2.0-lite,tense_consistency,training,main,canonical
16f3f8e9ae7c1b93628e,affect_acknowledgement,1,1,circuit_current,wrong_attempt,calm,1,deepseek-v4-pro,ohms_law,training,main,canonical
16f59fb7d5cb47303622,affect_acknowledgement,0,1,conservation_of_mass,correct_partial,calm,0,glm-5.3,conservation_of_mass,training,main,canonical
171172625dd9dd1b578e,affect_acknowledgement,0,1,net_force,correct_partial,calm,0,deepseek-v4-pro,newtons_second_law,training,main,canonical
17e1c88e0208c4363bb0,affect_acknowledgement,1,1,single_draw_probability,wrong_attempt,frustrated,0,MiniMax-M2.7,single_draw_probability,training,main,canonical
1880dd2538e055742e7c,affect_acknowledgement,1,1,arithmetic_mean,correct_partial,frustrated,1,deepseek-v4-pro,averaging,training,main,canonical
18e5075c38d931e89f89,affect_acknowledgement,1,1,set_entailment,wrong_attempt,frustrated,0,MiniMax-M3,set_entailment,training,main,canonical
190072349b8e158ca8ab,affect_acknowledgement,1,1,conservation_of_mass,wrong_attempt,calm,1,glm-5.3,conservation_of_mass,training,main,canonical
1935247449d6ccfd7115,affect_acknowledgement,1,1,classifier_precision,wrong_attempt,calm,1,deepseek-v4-pro,classification_metrics,training,main,canonical
19461e7b8c2c29b767c7,affect_acknowledgement,0,1,set_entailment,wrong_attempt,calm,1,glm-5.3,set_entailment,training,main,canonical
197ddcab5ed99463fffa,affect_acknowledgement,1,1,arithmetic_sequence,correct_partial,frustrated,1,MiniMax-M2.7,arithmetic_sequence,training,main,canonical
19916228be06daef9498,affect_acknowledgement,0,1,map_scale,wrong_attempt,frustrated,0,deepseek-v4-pro,unit_conversion,training,main,canonical
19964d11d7ea5d4aeb9c,affect_acknowledgement,1,1,simple_inheritance,correct_partial,frustrated,0,doubao-seed-2.0-lite,mendelian_inheritance,training,main,canonical
1a0e814d9ccbeccb3bb9,affect_acknowledgement,1,1,net_force,correct_partial,frustrated,1,deepseek-v4-pro,newtons_second_law,training,main,canonical
1a29db462880a53e4cd4,affect_acknowledgement,0,1,conjunctive_rule,wrong_attempt,calm,1,glm-5.3,conjunctive_rule,training,main,canonical
1a78060d96ea4eceaf49,affect_acknowledgement,1,1,pronoun_reference,wrong_attempt,frustrated,0,glm-5.3,pronoun_reference,training,main,canonical
1a8f6c97a92151e67268,affect_acknowledgement,1,1,arithmetic_sequence,correct_partial,frustrated,1,deepseek-v4-pro,arithmetic_sequence,training,main,canonical
1aec6ed308f7322a599c,affect_acknowledgement,1,1,single_draw_probability,correct_partial,calm,1,MiniMax-M3,single_draw_probability,training,main,canonical
1bcf3e317c65924e1f97,affect_acknowledgement,1,1,set_entailment,correct_partial,calm,0,MiniMax-M3,set_entailment,training,main,canonical
1c04903c0d5bd0d625e8,affect_acknowledgement,1,1,rectangle_width,wrong_attempt,calm,0,doubao-seed-2.0-lite,rectangle_perimeter,training,main,canonical
1d6d2018e5b52b76ea55,affect_acknowledgement,1,1,net_force,wrong_attempt,frustrated,0,doubao-seed-2.0-lite,newtons_second_law,training,main,canonical
1df59c77b5aef9b2930f,affect_acknowledgement,0,1,net_force,wrong_attempt,calm,0,MiniMax-M3,newtons_second_law,training,main,canonical
1e213875cb456cd605c8,affect_acknowledgement,1,1,ratio_partition,correct_partial,calm,0,MiniMax-M2.7,ratio_partition,training,main,canonical
1e3502ff7bf54cac53d8,affect_acknowledgement,1,1,wave_speed,wrong_attempt,calm,1,MiniMax-M2.7,wave_speed,training,main,canonical
1e73a7073efe73429c88,affect_acknowledgement,1,1,circuit_current,correct_partial,frustrated,0,doubao-seed-2.0-lite,ohms_law,training,main,canonical
1e9f57024a31fe6badf8,affect_acknowledgement,0,1,food_chain,correct_partial,calm,0,MiniMax-M3,food_web_relations,training,main,canonical
1ecb84ac8fb921095c33,affect_acknowledgement,0,1,universal_counterexample,correct_partial,calm,0,MiniMax-M2.7,counterexample,training,main,canonical
1ef05eb397f995b277c5,affect_acknowledgement,0,1,modifier_attachment,correct_partial,calm,1,MiniMax-M2.7,modifier_attachment,training,main,canonical
1f07d7a037e307c24d47,affect_acknowledgement,1,1,conservation_of_mass,correct_partial,frustrated,0,glm-5.3,conservation_of_mass,training,main,canonical
1f898c5a620ad0a462b8,affect_acknowledgement,1,1,thermal_energy,correct_partial,frustrated,1,MiniMax-M2.7,specific_heat,training,main,canonical
2095bfc0da76fc7855ab,affect_acknowledgement,1,1,arithmetic_mean,correct_partial,frustrated,1,doubao-seed-2.0-lite,averaging,training,main,canonical
20eeaf89e291b424843b,affect_acknowledgement,1,1,experimental_variable,wrong_attempt,calm,0,deepseek-v4-pro,experimental_design,training,main,canonical
2171f9535ad7f2303f49,affect_acknowledgement,0,0,wave_speed,correct_partial,frustrated,0,MiniMax-M2.7,wave_speed,training,main,canonical
21abfc486e4e9de13182,affect_acknowledgement,0,1,main_idea,correct_partial,calm,0,MiniMax-M2.7,main_idea,training,main,canonical
21c3ab4b72d309c2d35e,affect_acknowledgement,0,1,expected_points,correct_partial,calm,1,glm-5.3,expected_value,training,main,canonical
21ce0d20b4b81a9a2a49,affect_acknowledgement,1,1,circuit_current,wrong_attempt,frustrated,1,MiniMax-M3,ohms_law,training,main,canonical
2215926151d9beb376dd,affect_acknowledgement,1,1,ordering_constraints,correct_partial,frustrated,1,deepseek-v4-pro,ordering_constraints,training,main,canonical
222f01fa741352427bdc,affect_acknowledgement,0,1,arithmetic_mean,wrong_attempt,calm,1,deepseek-v4-pro,averaging,training,main,canonical
22311688d065cc4ac78c,affect_acknowledgement,1,1,weighted_mean,wrong_attempt,frustrated,1,MiniMax-M3,averaging,training,main,canonical
22e34b7f492b95a3afd6,affect_acknowledgement,0,0,modifier_attachment,correct_partial,frustrated,0,MiniMax-M3,modifier_attachment,training,main,canonical
22e7d0bb802cddc95486,affect_acknowledgement,1,1,subject_verb_agreement,correct_partial,frustrated,0,doubao-seed-2.0-lite,subject_verb_agreement,training,main,canonical
237ff02543a332bc587d,affect_acknowledgement,1,1,main_idea,wrong_attempt,frustrated,0,deepseek-v4-pro,main_idea,training,main,canonical
238030c973bfec3cc51b,affect_acknowledgement,1,1,thermal_energy,correct_partial,frustrated,1,doubao-seed-2.0-lite,specific_heat,training,main,canonical
23a6bd0d53b8d210b6f8,affect_acknowledgement,0,1,weighted_mean,correct_partial,calm,1,MiniMax-M2.7,averaging,training,main,canonical
23ed0007e7dbb25034eb,affect_acknowledgement,1,1,pronoun_reference,wrong_attempt,calm,1,deepseek-v4-pro,pronoun_reference,training,main,canonical
24525fde240784dbf7cf,affect_acknowledgement,0,1,ratio_partition,correct_partial,calm,1,deepseek-v4-pro,ratio_partition,training,main,canonical
248a8c8938212775b279,affect_acknowledgement,0,1,pronoun_reference,correct_partial,calm,0,MiniMax-M2.7,pronoun_reference,training,main,canonical
24afce20a2fc5c9a9879,affect_acknowledgement,1,1,ratio_partition,wrong_attempt,frustrated,0,doubao-seed-2.0-lite,ratio_partition,training,main,canonical
24b588c442c432cdb8fc,affect_acknowledgement,1,1,conditional_inference,wrong_attempt,frustrated,1,MiniMax-M2.7,conditional_inference,training,main,canonical
2510a420086130715cc2,affect_acknowledgement,0,0,ordering_constraints,correct_partial,frustrated,0,MiniMax-M2.7,ordering_constraints,training,main,canonical
25534f6bbe0ca5d08639,affect_acknowledgement,1,1,conditional_inference,wrong_attempt,frustrated,0,glm-5.3,conditional_inference,training,main,canonical
25995b186ffa98e96753,affect_acknowledgement,0,1,conjunctive_rule,correct_partial,calm,1,doubao-seed-2.0-lite,conjunctive_rule,training,main,canonical
25aca06d42156b29f100,affect_acknowledgement,1,1,wave_speed,wrong_attempt,frustrated,0,MiniMax-M3,wave_speed,training,main,canonical
25e6eef73bc7a813d09f,affect_acknowledgement,0,1,ordering_constraints,correct_partial,calm,0,MiniMax-M2.7,ordering_constraints,training,main,canonical
261d5d701efa82d2d0b1,affect_acknowledgement,1,1,arithmetic_mean,correct_partial,calm,1,MiniMax-M3,averaging,training,main,canonical
2639a10c41a951fd7cd2,affect_acknowledgement,1,0,simple_inheritance,correct_partial,frustrated,1,MiniMax-M3,mendelian_inheritance,training,main,canonical
26406149fd1551d9be10,affect_acknowledgement,1,1,ordering_constraints,wrong_attempt,frustrated,0,MiniMax-M2.7,ordering_constraints,training,main,canonical
267ea773d86367d635df,affect_acknowledgement,0,1,discount_price,wrong_attempt,calm,0,doubao-seed-2.0-lite,discount_price,training,main,canonical
269913050f223f3b1d01,affect_acknowledgement,1,1,experimental_variable,correct_partial,frustrated,0,doubao-seed-2.0-lite,experimental_design,training,main,canonical
26a2c6e56cf90fd6f1e2,affect_acknowledgement,1,1,weighted_mean,wrong_attempt,frustrated,1,deepseek-v4-pro,averaging,training,main,canonical
26b908e8cead36bcfa54,affect_acknowledgement,0,1,speed_units,correct_partial,calm,0,deepseek-v4-pro,unit_conversion,training,main,canonical
26e191cb366d328b3257,affect_acknowledgement,1,1,food_chain,wrong_attempt,frustrated,0,deepseek-v4-pro,food_web_relations,training,main,canonical
26fda8b053de52020537,affect_acknowledgement,0,1,fact_opinion,correct_partial,frustrated,1,MiniMax-M2.7,fact_opinion,training,main,canonical
2705d1e5fdc56f03bd83,affect_acknowledgement,0,1,discount_price,correct_partial,calm,0,deepseek-v4-pro,discount_price,training,main,canonical
27120932b45320a2a4d8,affect_acknowledgement,0,0,food_chain,correct_partial,frustrated,1,glm-5.3,food_web_relations,training,main,canonical
2716c7a357941f56e2eb,affect_acknowledgement,0,1,main_idea,wrong_attempt,calm,1,MiniMax-M2.7,main_idea,training,main,canonical
276c9b5165ecc6ddccaf,affect_acknowledgement,1,1,rectangle_width,correct_partial,frustrated,0,doubao-seed-2.0-lite,rectangle_perimeter,training,main,canonical
277a04dd723303b86c3b,affect_acknowledgement,0,1,single_draw_probability,correct_partial,calm,0,deepseek-v4-pro,single_draw_probability,training,main,canonical
28871524cb385060a3f0,affect_acknowledgement,1,1,ratio_partition,correct_partial,frustrated,0,deepseek-v4-pro,ratio_partition,training,main,canonical
2938f43b16924d105471,affect_acknowledgement,1,1,expected_points,wrong_attempt,frustrated,1,glm-5.3,expected_value,training,main,canonical
2975e7525801967caebb,affect_acknowledgement,1,1,thermal_energy,wrong_attempt,frustrated,1,doubao-seed-2.0-lite,specific_heat,training,main,canonical
2a228bafc40c2a2d6e15,affect_acknowledgement,0,1,main_idea,wrong_attempt,calm,1,deepseek-v4-pro,main_idea,training,main,canonical
2a2ca642c29dd9b28c80,affect_acknowledgement,0,1,single_draw_probability,correct_partial,frustrated,0,deepseek-v4-pro,single_draw_probability,training,main,canonical
2a33615d19faf817cb55,affect_acknowledgement,0,1,universal_counterexample,wrong_attempt,calm,0,MiniMax-M3,counterexample,training,main,canonical
2aabd15d42a47d911a1b,affect_acknowledgement,1,1,ordering_constraints,wrong_attempt,frustrated,1,doubao-seed-2.0-lite,ordering_constraints,training,main,canonical
2ab3c233d86558d03955,affect_acknowledgement,0,1,rectangle_width,correct_partial,calm,1,MiniMax-M2.7,rectangle_perimeter,training,main,canonical
2b2e27a0c0dc470001f3,affect_acknowledgement,0,1,pronoun_reference,wrong_attempt,calm,1,doubao-seed-2.0-lite,pronoun_reference,training,main,canonical
2c1607bc6a5da57e158e,affect_acknowledgement,1,1,fact_opinion,wrong_attempt,frustrated,0,doubao-seed-2.0-lite,fact_opinion,training,main,canonical
2c24f782faf55dc9d1b5,affect_acknowledgement,1,1,net_force,correct_partial,frustrated,0,MiniMax-M3,newtons_second_law,training,main,canonical
2c2a0b797faf9eea1c87,affect_acknowledgement,0,1,past_tense,correct_partial,calm,1,MiniMax-M2.7,tense_consistency,training,main,canonical
2c5329f0919152af2532,affect_acknowledgement,0,1,map_scale,wrong_attempt,frustrated,1,MiniMax-M2.7,unit_conversion,training,main,canonical
2cb5bd4189eb829fc3ff,affect_acknowledgement,0,1,conservation_of_mass,correct_partial,calm,0,MiniMax-M3,conservation_of_mass,training,main,canonical
2cca30e643e6a33f6fab,affect_acknowledgement,1,1,relevant_support,wrong_attempt,frustrated,0,glm-5.3,argument_relevance,training,main,canonical
2ce11216ff65df0f9762,affect_acknowledgement,0,1,comma_splice,wrong_attempt,calm,0,glm-5.3,clause_punctuation,training,main,canonical
2d0673518c2cc48e9e5f,affect_acknowledgement,0,1,modifier_attachment,wrong_attempt,calm,0,MiniMax-M3,modifier_attachment,training,main,canonical
2eda5861ebe1fa5f8ad0,affect_acknowledgement,0,1,conservation_of_mass,correct_partial,frustrated,0,MiniMax-M2.7,conservation_of_mass,training,main,canonical
2eea6406297ae97ed231,affect_acknowledgement,1,1,universal_counterexample,correct_partial,frustrated,0,glm-5.3,counterexample,training,main,canonical
2f36cc90a5dbea80fac3,affect_acknowledgement,1,1,wave_speed,wrong_attempt,calm,1,doubao-seed-2.0-lite,wave_speed,training,main,canonical
2f52c7e4625f9c300dde,affect_acknowledgement,1,1,ratio_partition,wrong_attempt,frustrated,0,MiniMax-M2.7,ratio_partition,training,main,canonical
30efdb130ffa8d4206ae,affect_acknowledgement,1,1,speed_units,wrong_attempt,frustrated,1,doubao-seed-2.0-lite,unit_conversion,training,main,canonical
31ba7a8f2e7f0c4f3600,affect_acknowledgement,0,1,thermal_energy,correct_partial,calm,1,doubao-seed-2.0-lite,specific_heat,training,main,canonical
32210806d72253dc6380,affect_acknowledgement,1,1,modifier_attachment,correct_partial,frustrated,0,glm-5.3,modifier_attachment,training,main,canonical
3223fb7819dd3e383fdf,affect_acknowledgement,0,1,arithmetic_sequence,wrong_attempt,calm,0,deepseek-v4-pro,arithmetic_sequence,training,main,canonical
32af60315e169c3d7d6c,affect_acknowledgement,0,1,modifier_attachment,correct_partial,calm,1,MiniMax-M3,modifier_attachment,training,main,canonical
32da0c4fe4a843aa42dd,affect_acknowledgement,1,0,map_scale,correct_partial,frustrated,0,deepseek-v4-pro,unit_conversion,training,main,canonical
330aefb8bcea23e0b40d,affect_acknowledgement,0,1,conjunctive_rule,correct_partial,calm,0,MiniMax-M2.7,conjunctive_rule,training,main,canonical
331eba89daae216afa74,affect_acknowledgement,1,1,subject_verb_agreement,wrong_attempt,frustrated,0,doubao-seed-2.0-lite,subject_verb_agreement,training,main,canonical
336727fc9bdfecc4378c,affect_acknowledgement,0,1,net_force,correct_partial,calm,1,glm-5.3,newtons_second_law,training,main,canonical
33bb1779dcffc2f9d262,affect_acknowledgement,0,1,map_scale,wrong_attempt,frustrated,0,MiniMax-M3,unit_conversion,training,main,canonical
33e68a393f5edab58929,affect_acknowledgement,1,1,circuit_current,correct_partial,calm,1,MiniMax-M3,ohms_law,training,main,canonical
34384ad0fdbaca9f1680,affect_acknowledgement,0,0,single_draw_probability,correct_partial,frustrated,1,MiniMax-M2.7,single_draw_probability,training,main,canonical
3538a214a2a88679bd1a,affect_acknowledgement,0,1,expected_points,correct_partial,calm,0,doubao-seed-2.0-lite,expected_value,training,main,canonical
359c1ff00f8283f09408,affect_acknowledgement,1,1,set_entailment,wrong_attempt,frustrated,1,MiniMax-M3,set_entailment,training,main,canonical
35ea5dc5a4a362d249e8,affect_acknowledgement,0,0,circuit_current,correct_partial,frustrated,1,glm-5.3,ohms_law,training,main,canonical
36c32dd15bc2e56dd1a2,affect_acknowledgement,0,1,ordering_constraints,correct_partial,calm,0,doubao-seed-2.0-lite,ordering_constraints,training,main,canonical
37415bb4a3a3d3d83ffa,affect_acknowledgement,1,1,classifier_precision,wrong_attempt,calm,0,MiniMax-M3,classification_metrics,training,main,canonical
377a646245e8da141395,affect_acknowledgement,0,1,food_chain,correct_partial,calm,1,deepseek-v4-pro,food_web_relations,training,main,canonical
37a33cbe6ad126abf713,affect_acknowledgement,1,1,classifier_precision,wrong_attempt,calm,0,doubao-seed-2.0-lite,classification_metrics,training,main,canonical
3837a48a73f77c72690f,affect_acknowledgement,1,1,pronoun_reference,correct_partial,calm,1,MiniMax-M3,pronoun_reference,training,main,canonical
394408cd3199c3b99b60,affect_acknowledgement,1,1,weighted_mean,correct_partial,frustrated,1,doubao-seed-2.0-lite,averaging,training,main,canonical
3a904a4e01b30c3c8f30,affect_acknowledgement,0,1,discount_price,wrong_attempt,calm,0,MiniMax-M3,discount_price,training,main,canonical
3c1a6ffff823d35a37c7,affect_acknowledgement,1,1,speed_units,correct_partial,calm,1,MiniMax-M3,unit_conversion,training,main,canonical
3c447706c0063b7848d4,affect_acknowledgement,0,1,set_entailment,wrong_attempt,calm,0,MiniMax-M2.7,set_entailment,training,main,canonical
3c615153cae2f79878e0,affect_acknowledgement,0,1,arithmetic_sequence,wrong_attempt,calm,0,MiniMax-M2.7,arithmetic_sequence,training,main,canonical
3c8540a9102a03c6f12a,affect_acknowledgement,0,1,past_tense,correct_partial,calm,0,doubao-seed-2.0-lite,tense_consistency,training,main,canonical
3cd3291e0e1976611f82,affect_acknowledgement,0,1,thermal_energy,wrong_attempt,calm,1,MiniMax-M2.7,specific_heat,training,main,canonical
3dd1b001111a44b300f0,affect_acknowledgement,1,1,wave_speed,wrong_attempt,frustrated,0,deepseek-v4-pro,wave_speed,training,main,canonical
3e3288a1d27b02d5931f,affect_acknowledgement,1,1,experimental_variable,wrong_attempt,calm,1,MiniMax-M3,experimental_design,training,main,canonical
3e711ed23b093cd53ee2,affect_acknowledgement,0,1,past_tense,correct_partial,calm,1,deepseek-v4-pro,tense_consistency,training,main,canonical
3f41c52f536521dabefc,affect_acknowledgement,0,1,modifier_attachment,correct_partial,frustrated,0,MiniMax-M2.7,modifier_attachment,training,main,canonical
3f7f6bf649260830ab85,affect_acknowledgement,0,1,comma_splice,wrong_attempt,calm,0,deepseek-v4-pro,clause_punctuation,training,main,canonical
3fdbaa3447b1491b725d,affect_acknowledgement,1,1,map_scale,wrong_attempt,frustrated,1,MiniMax-M3,unit_conversion,training,main,canonical
4038e673bf1419f9cb83,affect_acknowledgement,0,1,pronoun_reference,wrong_attempt,frustrated,1,MiniMax-M2.7,pronoun_reference,training,main,canonical
4099eae6e106eaa058cf,affect_acknowledgement,0,1,conjunctive_rule,wrong_attempt,calm,0,glm-5.3,conjunctive_rule,training,main,canonical
40bb50c0a08d2c96446b,affect_acknowledgement,1,1,conditional_inference,wrong_attempt,frustrated,1,glm-5.3,conditional_inference,training,main,canonical
41366c88c6f35b10dcdb,affect_acknowledgement,1,0,ordering_constraints,correct_partial,frustrated,1,MiniMax-M3,ordering_constraints,training,main,canonical
414b5bcceb2232a08039,affect_acknowledgement,0,1,simple_inheritance,wrong_attempt,calm,1,MiniMax-M2.7,mendelian_inheritance,training,main,canonical
419c01e9ccf9dc9e9e7a,affect_acknowledgement,1,1,rectangle_width,wrong_attempt,frustrated,1,deepseek-v4-pro,rectangle_perimeter,training,main,canonical
422f2fcc158701645c20,affect_acknowledgement,0,1,subject_verb_agreement,correct_partial,calm,1,deepseek-v4-pro,subject_verb_agreement,training,main,canonical
42afdbcc9e61b7a9337d,affect_acknowledgement,1,1,discount_price,wrong_attempt,frustrated,1,MiniMax-M3,discount_price,training,main,canonical
43986994c92c127cde59,affect_acknowledgement,1,1,set_entailment,correct_partial,frustrated,0,MiniMax-M2.7,set_entailment,training,main,canonical
43d4cc47b3f40bb9e847,affect_acknowledgement,1,1,universal_counterexample,correct_partial,calm,0,glm-5.3,counterexample,training,main,canonical
4415d93e1567ad9056ab,affect_acknowledgement,0,1,conservation_of_mass,wrong_attempt,calm,0,glm-5.3,conservation_of_mass,training,main,canonical
4448b1264155e4122a69,affect_acknowledgement,0,1,main_idea,wrong_attempt,calm,0,MiniMax-M3,main_idea,training,main,canonical
45a4a087369474b18c3e,affect_acknowledgement,1,1,wave_speed,correct_partial,frustrated,1,MiniMax-M2.7,wave_speed,training,main,canonical
45c5e27b9c7e65364de7,affect_acknowledgement,1,1,speed_units,wrong_attempt,calm,1,doubao-seed-2.0-lite,unit_conversion,training,main,canonical
45d95eff4cf47e45ea2f,affect_acknowledgement,1,1,food_chain,wrong_attempt,calm,1,deepseek-v4-pro,food_web_relations,training,main,canonical
46040f40feaf34559d17,affect_acknowledgement,1,1,rectangle_width,wrong_attempt,frustrated,1,MiniMax-M2.7,rectangle_perimeter,training,main,canonical
4616aa52d82f90b2a441,affect_acknowledgement,0,1,classifier_precision,correct_partial,calm,1,doubao-seed-2.0-lite,classification_metrics,training,main,canonical
461a61db67beb0750d7d,affect_acknowledgement,1,1,thermal_energy,wrong_attempt,frustrated,0,MiniMax-M2.7,specific_heat,training,main,canonical
464eacbe32df221ac1f4,affect_acknowledgement,0,1,arithmetic_sequence,wrong_attempt,frustrated,1,MiniMax-M2.7,arithmetic_sequence,training,main,canonical
467a0a6b4292f31ae21b,affect_acknowledgement,0,1,discount_price,correct_partial,calm,0,MiniMax-M3,discount_price,training,main,canonical
46be26109b5a947c6588,affect_acknowledgement,1,1,subject_verb_agreement,wrong_attempt,calm,1,MiniMax-M3,subject_verb_agreement,training,main,canonical
46dcac31bef7f426925b,affect_acknowledgement,1,1,modifier_attachment,wrong_attempt,frustrated,1,glm-5.3,modifier_attachment,training,main,canonical
46f5c726eb8086c2e484,affect_acknowledgement,1,1,food_chain,wrong_attempt,frustrated,1,MiniMax-M3,food_web_relations,training,main,canonical
4730043b336b53476fe0,affect_acknowledgement,1,1,simple_inheritance,correct_partial,frustrated,0,MiniMax-M3,mendelian_inheritance,training,main,canonical
479fa05e32aa10be31c2,affect_acknowledgement,1,1,classifier_precision,correct_partial,frustrated,0,MiniMax-M3,classification_metrics,training,main,canonical
47d470fccafcb43b8eff,affect_acknowledgement,1,1,circuit_current,wrong_attempt,frustrated,0,doubao-seed-2.0-lite,ohms_law,training,main,canonical
4859a5c83e5e5ccb6e5b,affect_acknowledgement,1,1,conditional_inference,wrong_attempt,calm,0,MiniMax-M3,conditional_inference,training,main,canonical
48db7355665a9283e7f3,affect_acknowledgement,0,0,net_force,wrong_attempt,calm,0,MiniMax-M2.7,newtons_second_law,training,main,canonical
4962626092a7e7d8cbf4,affect_acknowledgement,1,1,arithmetic_mean,correct_partial,frustrated,1,MiniMax-M2.7,averaging,training,main,canonical
4a6f82c45fc98419e780,affect_acknowledgement,0,1,past_tense,wrong_attempt,calm,1,MiniMax-M2.7,tense_consistency,training,main,canonical
4aafbee9929c0200e743,affect_acknowledgement,1,1,conjunctive_rule,correct_partial,frustrated,1,glm-5.3,conjunctive_rule,training,main,canonical
4ab544a076d26b2844ae,affect_acknowledgement,1,1,thermal_energy,wrong_attempt,frustrated,1,MiniMax-M2.7,specific_heat,training,main,canonical
4ab9916d02225a90253f,affect_acknowledgement,0,1,weighted_mean,correct_partial,calm,1,doubao-seed-2.0-lite,averaging,training,main,canonical
4af1a1bc9af9533bf3d9,affect_acknowledgement,0,1,conjunctive_rule,correct_partial,calm,0,doubao-seed-2.0-lite,conjunctive_rule,training,main,canonical
4b84e1881194e5cdcb26,affect_acknowledgement,0,1,relevant_support,correct_partial,frustrated,0,MiniMax-M2.7,argument_relevance,training,main,canonical
4c0e31059071e9ea07b0,affect_acknowledgement,1,1,subject_verb_agreement,wrong_attempt,calm,1,doubao-seed-2.0-lite,subject_verb_agreement,training,main,canonical
4c47783e0f67c90b1111,affect_acknowledgement,0,1,speed_units,wrong_attempt,calm,0,glm-5.3,unit_conversion,training,main,canonical
4c50243f2397f5fd1578,affect_acknowledgement,1,1,circuit_current,wrong_attempt,frustrated,1,MiniMax-M2.7,ohms_law,training,main,canonical
4cab5325a89c4d8f74e1,affect_acknowledgement,1,1,conservation_of_mass,correct_partial,frustrated,1,glm-5.3,conservation_of_mass,training,main,canonical
4ce2a2d721d3ea47b8c6,affect_acknowledgement,1,1,ordering_constraints,correct_partial,frustrated,0,deepseek-v4-pro,ordering_constraints,training,main,canonical
4cff3a684511df1ee95d,affect_acknowledgement,1,1,conditional_inference,wrong_attempt,frustrated,0,doubao-seed-2.0-lite,conditional_inference,training,main,canonical
4d57ef4f346372867c71,affect_acknowledgement,0,1,pronoun_reference,correct_partial,frustrated,0,MiniMax-M2.7,pronoun_reference,training,main,canonical
4e83bbc648d77ae7b264,affect_acknowledgement,0,1,main_idea,correct_partial,calm,0,doubao-seed-2.0-lite,main_idea,training,main,canonical
4eb566699d7bf1d7b525,affect_acknowledgement,0,1,arithmetic_mean,wrong_attempt,calm,1,doubao-seed-2.0-lite,averaging,training,main,canonical
4f1a15017d71ba6bd980,affect_acknowledgement,1,1,weighted_mean,correct_partial,frustrated,1,MiniMax-M3,averaging,training,main,canonical
4febd5b1397306e748e5,affect_acknowledgement,1,1,wave_speed,wrong_attempt,calm,0,glm-5.3,wave_speed,training,main,canonical
504dfb0c90650d57b90e,affect_acknowledgement,0,1,past_tense,wrong_attempt,calm,1,MiniMax-M3,tense_consistency,training,main,canonical
505154a9577ab32a5246,affect_acknowledgement,1,1,relevant_support,wrong_attempt,frustrated,1,doubao-seed-2.0-lite,argument_relevance,training,main,canonical
5056ec8e473917b2e221,affect_acknowledgement,1,1,conservation_of_mass,wrong_attempt,frustrated,1,deepseek-v4-pro,conservation_of_mass,training,main,canonical
5070361083c46b99aed5,affect_acknowledgement,1,1,weighted_mean,correct_partial,calm,1,deepseek-v4-pro,averaging,training,main,canonical
50c8150cd1764801b14b,affect_acknowledgement,0,1,ratio_partition,wrong_attempt,calm,1,deepseek-v4-pro,ratio_partition,training,main,canonical
50dda38e6c2a09f305e4,affect_acknowledgement,1,1,arithmetic_mean,correct_partial,frustrated,0,MiniMax-M3,averaging,training,main,canonical
5122a17645c6fefaa6b5,affect_acknowledgement,1,1,circuit_current,wrong_attempt,frustrated,1,deepseek-v4-pro,ohms_law,training,main,canonical
514747420053d69f2ab3,affect_acknowledgement,0,1,conditional_inference,correct_partial,frustrated,1,MiniMax-M2.7,conditional_inference,training,main,canonical
521584473f579e2524bd,affect_acknowledgement,1,1,experimental_variable,wrong_attempt,frustrated,0,doubao-seed-2.0-lite,experimental_design,training,main,canonical
5288d6e702b0d7d43a53,affect_acknowledgement,0,1,conservation_of_mass,correct_partial,calm,1,MiniMax-M2.7,conservation_of_mass,training,main,canonical
52b3833d0e3a1eddd4ea,affect_acknowledgement,0,1,rectangle_width,correct_partial,calm,0,glm-5.3,rectangle_perimeter,training,main,canonical
5313632bbceb641d84ea,affect_acknowledgement,0,1,wave_speed,correct_partial,calm,1,glm-5.3,wave_speed,training,main,canonical
5355e573f65501e408ae,affect_acknowledgement,0,1,circuit_current,correct_partial,calm,1,MiniMax-M2.7,ohms_law,training,main,canonical
538c0af50cb046a94cbd,affect_acknowledgement,1,1,expected_points,wrong_attempt,frustrated,1,doubao-seed-2.0-lite,expected_value,training,main,canonical
54b24fcbab1ccf7d68e4,affect_acknowledgement,1,1,arithmetic_mean,wrong_attempt,frustrated,0,MiniMax-M3,averaging,training,main,canonical
54d64cae24c2c793db35,affect_acknowledgement,0,1,speed_units,correct_partial,calm,0,MiniMax-M2.7,unit_conversion,training,main,canonical
54e97878f7e6313b1efc,affect_acknowledgement,1,1,fact_opinion,wrong_attempt,frustrated,0,glm-5.3,fact_opinion,training,main,canonical
54f32f1c2a89a10de092,affect_acknowledgement,1,1,arithmetic_sequence,wrong_attempt,calm,0,MiniMax-M3,arithmetic_sequence,training,main,canonical
55a9f4b5af6d2aff12b0,affect_acknowledgement,1,1,simple_inheritance,wrong_attempt,frustrated,0,deepseek-v4-pro,mendelian_inheritance,training,main,canonical
55e036d6cda47dc5327a,affect_acknowledgement,1,1,subject_verb_agreement,wrong_attempt,frustrated,0,glm-5.3,subject_verb_agreement,training,main,canonical
5750c66dd0164e87e80f,affect_acknowledgement,1,1,modifier_attachment,wrong_attempt,frustrated,0,glm-5.3,modifier_attachment,training,main,canonical
57740f1a7a3579dafa6a,affect_acknowledgement,0,1,conditional_inference,correct_partial,calm,0,glm-5.3,conditional_inference,training,main,canonical
57bf18c2a33aeee4859f,affect_acknowledgement,0,0,ordering_constraints,wrong_attempt,calm,1,MiniMax-M2.7,ordering_constraints,training,main,canonical
57cf0bccbcf16b74fbb5,affect_acknowledgement,0,1,modifier_attachment,wrong_attempt,calm,0,MiniMax-M2.7,modifier_attachment,training,main,canonical
58626735d8b79c1706e9,affect_acknowledgement,1,1,comma_splice,wrong_attempt,frustrated,0,deepseek-v4-pro,clause_punctuation,training,main,canonical
58bdde7777a2cc2bc147,affect_acknowledgement,0,1,fact_opinion,wrong_attempt,calm,0,MiniMax-M3,fact_opinion,training,main,canonical
5918cd17f72b7ea957d0,affect_acknowledgement,1,1,experimental_variable,correct_partial,calm,0,MiniMax-M3,experimental_design,training,main,canonical
59b2eb122b23e12925e1,affect_acknowledgement,1,1,food_chain,correct_partial,frustrated,1,MiniMax-M2.7,food_web_relations,training,main,canonical
59e2388c21dd7840262b,affect_acknowledgement,1,1,circuit_current,correct_partial,frustrated,0,MiniMax-M3,ohms_law,training,main,canonical
5af4e5e058056efa2ddf,affect_acknowledgement,1,0,comma_splice,correct_partial,calm,1,deepseek-v4-pro,clause_punctuation,training,main,canonical
5b142c4b8e1abf19682c,affect_acknowledgement,0,1,thermal_energy,correct_partial,calm,1,MiniMax-M2.7,specific_heat,training,main,canonical
5b230bec0234f56e96fb,affect_acknowledgement,0,1,past_tense,correct_partial,calm,1,doubao-seed-2.0-lite,tense_consistency,training,main,canonical
5b24e30ed4cfdb569cce,affect_acknowledgement,1,1,wave_speed,correct_partial,calm,1,doubao-seed-2.0-lite,wave_speed,training,main,canonical
5ba5ceaae66b84512d7a,affect_acknowledgement,0,1,comma_splice,correct_partial,calm,0,MiniMax-M2.7,clause_punctuation,training,main,canonical
5bd0084b8db4ce044ee7,affect_acknowledgement,0,1,simple_inheritance,correct_partial,calm,1,MiniMax-M3,mendelian_inheritance,training,main,canonical
5c7df9e84e8d85322add,affect_acknowledgement,1,1,arithmetic_sequence,wrong_attempt,frustrated,1,deepseek-v4-pro,arithmetic_sequence,training,main,canonical
5c861e298d962de678fe,affect_acknowledgement,0,1,modifier_attachment,correct_partial,frustrated,1,MiniMax-M3,modifier_attachment,training,main,canonical
5caa94052fc7a7992ae2,affect_acknowledgement,1,1,weighted_mean,correct_partial,frustrated,0,MiniMax-M3,averaging,training,main,canonical
5d659d4cc2829edaac54,affect_acknowledgement,0,1,universal_counterexample,wrong_attempt,calm,1,MiniMax-M2.7,counterexample,training,main,canonical
5d6d0f0965e1b4608cc3,affect_acknowledgement,0,1,single_draw_probability,wrong_attempt,calm,1,doubao-seed-2.0-lite,single_draw_probability,training,main,canonical
5dc685c7aa1bde246af9,affect_acknowledgement,1,1,circuit_current,wrong_attempt,frustrated,0,MiniMax-M2.7,ohms_law,training,main,canonical
5ddbf15f48c3d55973b4,affect_acknowledgement,1,1,fact_opinion,wrong_attempt,frustrated,0,MiniMax-M2.7,fact_opinion,training,main,canonical
5de5ea40d59db10fb605,affect_acknowledgement,0,1,modifier_attachment,correct_partial,calm,1,doubao-seed-2.0-lite,modifier_attachment,training,main,canonical
5eb296486c7088a55413,affect_acknowledgement,1,1,ratio_partition,correct_partial,frustrated,0,glm-5.3,ratio_partition,training,main,canonical
5eb321b32f8a118f2d86,affect_acknowledgement,1,1,expected_points,wrong_attempt,calm,1,doubao-seed-2.0-lite,expected_value,training,main,canonical
5fd7a96dcacba9cd3b84,affect_acknowledgement,1,1,classifier_precision,correct_partial,frustrated,0,doubao-seed-2.0-lite,classification_metrics,training,main,canonical
608b780fe17303a76d33,affect_acknowledgement,0,1,weighted_mean,wrong_attempt,calm,1,glm-5.3,averaging,training,main,canonical
60ee0d0a2a69fc89f45d,affect_acknowledgement,0,1,main_idea,correct_partial,frustrated,0,deepseek-v4-pro,main_idea,training,main,canonical
61068c8c84a0f8661c03,affect_acknowledgement,0,1,conditional_inference,correct_partial,calm,1,deepseek-v4-pro,conditional_inference,training,main,canonical
61390c8884e29ecefd47,affect_acknowledgement,0,1,map_scale,wrong_attempt,calm,1,doubao-seed-2.0-lite,unit_conversion,training,main,canonical
613b77decc9aa9a2e5d3,affect_acknowledgement,0,1,simple_inheritance,correct_partial,frustrated,0,MiniMax-M2.7,mendelian_inheritance,training,main,canonical
61eb3e20aa7cbfcc1bf4,affect_acknowledgement,1,1,map_scale,wrong_attempt,calm,0,deepseek-v4-pro,unit_conversion,training,main,canonical
6246025a004581ecf5d9,affect_acknowledgement,0,1,fact_opinion,wrong_attempt,calm,0,MiniMax-M2.7,fact_opinion,training,main,canonical
6259b6f0a2b91de0a916,affect_acknowledgement,1,1,subject_verb_agreement,wrong_attempt,calm,1,MiniMax-M2.7,subject_verb_agreement,training,main,canonical
64479570b385be2930e4,affect_acknowledgement,0,1,modifier_attachment,correct_partial,calm,0,doubao-seed-2.0-lite,modifier_attachment,training,main,canonical
64854bfffd08dc4034be,affect_acknowledgement,1,1,net_force,wrong_attempt,frustrated,1,deepseek-v4-pro,newtons_second_law,training,main,canonical
65659e30c4646b8a01e0,affect_acknowledgement,0,1,discount_price,wrong_attempt,calm,1,MiniMax-M2.7,discount_price,training,main,canonical
6678e739d5f302752b2e,affect_acknowledgement,0,1,pronoun_reference,correct_partial,calm,1,deepseek-v4-pro,pronoun_reference,training,main,canonical
66bb0699957a0572fea2,affect_acknowledgement,1,1,experimental_variable,wrong_attempt,frustrated,0,MiniMax-M3,experimental_design,training,main,canonical
66e6bff72b5492eeb172,affect_acknowledgement,1,1,map_scale,wrong_attempt,frustrated,1,doubao-seed-2.0-lite,unit_conversion,training,main,canonical
677bdeacfd11ff13efc5,affect_acknowledgement,0,1,expected_points,correct_partial,calm,0,deepseek-v4-pro,expected_value,training,main,canonical
677c7b26513236f7e64e,affect_acknowledgement,1,1,ordering_constraints,correct_partial,calm,1,deepseek-v4-pro,ordering_constraints,training,main,canonical
67f026e2d5e6f3fe1431,affect_acknowledgement,1,1,classifier_precision,wrong_attempt,frustrated,0,MiniMax-M3,classification_metrics,training,main,canonical
68180f90e03615186db3,affect_acknowledgement,0,1,pronoun_reference,correct_partial,frustrated,0,deepseek-v4-pro,pronoun_reference,training,main,canonical
686777fbb706741be797,affect_acknowledgement,1,1,conditional_inference,correct_partial,calm,1,MiniMax-M3,conditional_inference,training,main,canonical
687a421b75e20734483d,affect_acknowledgement,0,1,weighted_mean,correct_partial,calm,0,deepseek-v4-pro,averaging,training,main,canonical
68a22ad7abadabaf6c91,affect_acknowledgement,1,1,main_idea,correct_partial,calm,1,glm-5.3,main_idea,training,main,canonical
68d9e3e1ded6b0ccc6ac,affect_acknowledgement,0,1,conjunctive_rule,correct_partial,calm,1,glm-5.3,conjunctive_rule,training,main,canonical
69558e373b7fc4be4228,affect_acknowledgement,0,1,past_tense,wrong_attempt,calm,0,MiniMax-M2.7,tense_consistency,training,main,canonical
695be5886658baf52df9,affect_acknowledgement,1,0,expected_points,wrong_attempt,calm,1,MiniMax-M2.7,expected_value,training,main,canonical
6980505169ed95cb3526,affect_acknowledgement,0,1,modifier_attachment,correct_partial,calm,0,deepseek-v4-pro,modifier_attachment,training,main,canonical
699f5e8feb1424c26888,affect_acknowledgement,1,1,set_entailment,wrong_attempt,frustrated,0,doubao-seed-2.0-lite,set_entailment,training,main,canonical
69b1a0b26f81596a7ee7,affect_acknowledgement,0,1,set_entailment,correct_partial,calm,1,deepseek-v4-pro,set_entailment,training,main,canonical
69d3a451aa057a8818b7,affect_acknowledgement,0,1,experimental_variable,correct_partial,calm,0,deepseek-v4-pro,experimental_design,training,main,canonical
69e2c89fc205fb263509,affect_acknowledgement,1,1,subject_verb_agreement,wrong_attempt,frustrated,0,deepseek-v4-pro,subject_verb_agreement,training,main,canonical
6a605350a8c5aa0542be,affect_acknowledgement,1,1,wave_speed,correct_partial,frustrated,0,MiniMax-M3,wave_speed,training,main,canonical
6a98418f5948ed5e3f03,affect_acknowledgement,0,1,conservation_of_mass,correct_partial,calm,0,MiniMax-M2.7,conservation_of_mass,training,main,canonical
6a9fd560cfd7ea47caf5,affect_acknowledgement,1,1,net_force,wrong_attempt,calm,0,deepseek-v4-pro,newtons_second_law,training,main,canonical
6aaf74c4d4c8582df4ae,affect_acknowledgement,0,1,past_tense,correct_partial,frustrated,0,deepseek-v4-pro,tense_consistency,training,main,canonical
6ae9850da92344c23803,affect_acknowledgement,1,1,conjunctive_rule,correct_partial,frustrated,0,doubao-seed-2.0-lite,conjunctive_rule,training,main,canonical
6aea59a4181fc5eb4e7e,affect_acknowledgement,1,1,ratio_partition,wrong_attempt,calm,1,doubao-seed-2.0-lite,ratio_partition,training,main,canonical
6b7f925aeac6bbeffe07,affect_acknowledgement,1,0,fact_opinion,correct_partial,frustrated,0,MiniMax-M2.7,fact_opinion,training,main,canonical
6c98504199a33c4c800a,affect_acknowledgement,0,1,fact_opinion,correct_partial,calm,1,glm-5.3,fact_opinion,training,main,canonical
6c9ef446333cbf874ed3,affect_acknowledgement,0,1,relevant_support,correct_partial,calm,1,MiniMax-M3,argument_relevance,training,main,canonical
6d18a3fcff651e687c64,affect_acknowledgement,0,1,modifier_attachment,wrong_attempt,frustrated,1,MiniMax-M2.7,modifier_attachment,training,main,canonical
6d58abe9058019a0dc4b,affect_acknowledgement,0,1,comma_splice,wrong_attempt,frustrated,1,MiniMax-M2.7,clause_punctuation,training,main,canonical
6d91f1fcd2c9c7e855a8,affect_acknowledgement,0,0,ratio_partition,correct_partial,frustrated,1,MiniMax-M3,ratio_partition,training,main,canonical
6d990e07e7fbde7aba6c,affect_acknowledgement,1,1,universal_counterexample,correct_partial,frustrated,1,doubao-seed-2.0-lite,counterexample,training,main,canonical
6e03262009dfe5d78c22,affect_acknowledgement,1,1,relevant_support,wrong_attempt,frustrated,0,MiniMax-M2.7,argument_relevance,training,main,canonical
6e40a13e52ebb9d05726,affect_acknowledgement,1,1,rectangle_width,wrong_attempt,frustrated,1,glm-5.3,rectangle_perimeter,training,main,canonical
6e69e873968d095fa314,affect_acknowledgement,1,1,universal_counterexample,correct_partial,calm,1,glm-5.3,counterexample,training,main,canonical
6e711c16627c2f92d056,affect_acknowledgement,0,1,modifier_attachment,correct_partial,frustrated,1,deepseek-v4-pro,modifier_attachment,training,main,canonical
6ee57c8c8e650bd63dd8,affect_acknowledgement,1,1,experimental_variable,correct_partial,frustrated,1,MiniMax-M3,experimental_design,training,main,canonical
6f65ef2a6765449e0847,affect_acknowledgement,0,1,ratio_partition,correct_partial,calm,1,doubao-seed-2.0-lite,ratio_partition,training,main,canonical
6fb416e1f09bcad3be18,affect_acknowledgement,1,1,arithmetic_sequence,correct_partial,frustrated,1,doubao-seed-2.0-lite,arithmetic_sequence,training,main,canonical
7056de521b939f3cfea7,affect_acknowledgement,1,1,speed_units,wrong_attempt,frustrated,0,MiniMax-M3,unit_conversion,training,main,canonical
70c239709b1d0338338c,affect_acknowledgement,1,1,universal_counterexample,correct_partial,frustrated,1,MiniMax-M3,counterexample,training,main,canonical
718600b2e28893ab722d,affect_acknowledgement,0,1,weighted_mean,wrong_attempt,frustrated,0,MiniMax-M3,averaging,training,main,canonical
72c8927651e877ecad41,affect_acknowledgement,1,1,expected_points,wrong_attempt,frustrated,0,MiniMax-M3,expected_value,training,main,canonical
72ce1f650e1cc13b8eed,affect_acknowledgement,0,1,expected_points,wrong_attempt,frustrated,0,MiniMax-M2.7,expected_value,training,main,canonical
72febde1223e4d9fd892,affect_acknowledgement,1,1,speed_units,wrong_attempt,calm,1,deepseek-v4-pro,unit_conversion,training,main,canonical
736aa6db83ed96d3998c,affect_acknowledgement,1,1,expected_points,correct_partial,frustrated,0,doubao-seed-2.0-lite,expected_value,training,main,canonical
739c0221feaf50f0577b,affect_acknowledgement,1,1,ordering_constraints,correct_partial,frustrated,0,MiniMax-M3,ordering_constraints,training,main,canonical
73b10ea54adfe6564cfe,affect_acknowledgement,1,1,conjunctive_rule,correct_partial,frustrated,0,MiniMax-M2.7,conjunctive_rule,training,main,canonical
746be5e10f295b8e5900,affect_acknowledgement,1,1,subject_verb_agreement,correct_partial,calm,0,MiniMax-M3,subject_verb_agreement,training,main,canonical
746d3e8f6a190bd6c409,affect_acknowledgement,0,1,simple_inheritance,wrong_attempt,calm,1,glm-5.3,mendelian_inheritance,training,main,canonical
747940439e064733855d,affect_acknowledgement,0,1,main_idea,correct_partial,calm,1,MiniMax-M3,main_idea,training,main,canonical
7496ab8919a6d0646a15,affect_acknowledgement,0,1,single_draw_probability,correct_partial,calm,1,doubao-seed-2.0-lite,single_draw_probability,training,main,canonical
74fb65dcaf5cf87dfff6,affect_acknowledgement,1,1,relevant_support,correct_partial,frustrated,1,glm-5.3,argument_relevance,training,main,canonical
754b9de50ddfc32c096e,affect_acknowledgement,1,1,rectangle_width,wrong_attempt,frustrated,0,MiniMax-M2.7,rectangle_perimeter,training,main,canonical
758f8f6ddafb596268b6,affect_acknowledgement,0,1,conditional_inference,correct_partial,calm,1,MiniMax-M2.7,conditional_inference,training,main,canonical
765fbb1c0b9b1eba9c5d,affect_acknowledgement,1,1,past_tense,wrong_attempt,frustrated,1,glm-5.3,tense_consistency,training,main,canonical
76d3f0ccec1547624177,affect_acknowledgement,0,1,speed_units,correct_partial,calm,1,deepseek-v4-pro,unit_conversion,training,main,canonical
7718903eb950a80e6e74,affect_acknowledgement,1,1,past_tense,wrong_attempt,frustrated,0,glm-5.3,tense_consistency,training,main,canonical
775c37af24b4a2c41cae,affect_acknowledgement,1,1,net_force,wrong_attempt,calm,1,deepseek-v4-pro,newtons_second_law,training,main,canonical
77b14b0252dd9e455d05,affect_acknowledgement,0,1,arithmetic_mean,correct_partial,calm,0,doubao-seed-2.0-lite,averaging,training,main,canonical
77bac8026221dbb2cd99,affect_acknowledgement,0,1,conservation_of_mass,correct_partial,calm,1,glm-5.3,conservation_of_mass,training,main,canonical
77e123d005251e8693e4,affect_acknowledgement,1,1,food_chain,correct_partial,frustrated,0,MiniMax-M3,food_web_relations,training,main,canonical
783d79e13cd183a0d5af,affect_acknowledgement,0,1,comma_splice,correct_partial,calm,1,MiniMax-M2.7,clause_punctuation,training,main,canonical
78ade733ad79690f4422,affect_acknowledgement,0,0,simple_inheritance,correct_partial,frustrated,1,deepseek-v4-pro,mendelian_inheritance,training,main,canonical
78b6737f77f1366a5c01,affect_acknowledgement,0,1,rectangle_width,correct_partial,frustrated,0,deepseek-v4-pro,rectangle_perimeter,training,main,canonical
78effc74f55d56834926,affect_acknowledgement,0,1,experimental_variable,correct_partial,calm,1,glm-5.3,experimental_design,training,main,canonical
7950b9688e91e8491a5d,affect_acknowledgement,1,1,arithmetic_mean,correct_partial,calm,1,deepseek-v4-pro,averaging,training,main,canonical
795ded82c69e59f7efd2,affect_acknowledgement,0,0,pronoun_reference,correct_partial,frustrated,0,MiniMax-M3,pronoun_reference,training,main,canonical
797b9508a989e5eb9661,affect_acknowledgement,1,1,fact_opinion,wrong_attempt,frustrated,1,glm-5.3,fact_opinion,training,main,canonical
7a2b333caa4687ecce2e,affect_acknowledgement,0,1,thermal_energy,wrong_attempt,calm,0,glm-5.3,specific_heat,training,main,canonical
7a877754624d8ac0d06e,affect_acknowledgement,1,1,thermal_energy,wrong_attempt,frustrated,1,MiniMax-M3,specific_heat,training,main,canonical
7ac4a5a90108e5336221,affect_acknowledgement,0,1,universal_counterexample,wrong_attempt,calm,1,deepseek-v4-pro,counterexample,training,main,canonical
7b08921bf78f46706578,affect_acknowledgement,1,1,rectangle_width,wrong_attempt,frustrated,1,doubao-seed-2.0-lite,rectangle_perimeter,training,main,canonical
7b5141c38875d8a7d641,affect_acknowledgement,0,1,single_draw_probability,correct_partial,calm,0,MiniMax-M3,single_draw_probability,training,main,canonical
7b5c1d75083aeae95952,affect_acknowledgement,1,1,thermal_energy,wrong_attempt,frustrated,0,doubao-seed-2.0-lite,specific_heat,training,main,canonical
7be7f7cde088a452bb68,affect_acknowledgement,1,1,ratio_partition,wrong_attempt,frustrated,1,deepseek-v4-pro,ratio_partition,training,main,canonical
7c0cb7ab6dbe76c935a9,affect_acknowledgement,0,1,discount_price,wrong_attempt,frustrated,1,deepseek-v4-pro,discount_price,training,main,canonical
7c7749fac0b4946795fb,affect_acknowledgement,1,1,rectangle_width,wrong_attempt,calm,1,glm-5.3,rectangle_perimeter,training,main,canonical
7eaab260c4bc42eb779d,affect_acknowledgement,1,1,modifier_attachment,wrong_attempt,frustrated,0,MiniMax-M3,modifier_attachment,training,main,canonical
7eefa0ebfda752b5509d,affect_acknowledgement,1,1,expected_points,wrong_attempt,frustrated,0,doubao-seed-2.0-lite,expected_value,training,main,canonical
7f49d6dcaa0df2493da2,affect_acknowledgement,0,0,experimental_variable,correct_partial,frustrated,1,deepseek-v4-pro,experimental_design,training,main,canonical
7fd5aae0c7fd9ff4557e,affect_acknowledgement,0,1,ordering_constraints,correct_partial,calm,1,MiniMax-M2.7,ordering_constraints,training,main,canonical
801651ef8415eb151c3d,affect_acknowledgement,1,1,universal_counterexample,wrong_attempt,frustrated,1,doubao-seed-2.0-lite,counterexample,training,main,canonical
803cde85e5ad74f4b232,affect_acknowledgement,1,1,rectangle_width,wrong_attempt,frustrated,0,MiniMax-M3,rectangle_perimeter,training,main,canonical
8057b4dd0ae893905855,affect_acknowledgement,0,1,simple_inheritance,wrong_attempt,calm,0,MiniMax-M3,mendelian_inheritance,training,main,canonical
807ae0e290c913f2bdd3,affect_acknowledgement,1,1,universal_counterexample,wrong_attempt,frustrated,1,MiniMax-M2.7,counterexample,training,main,canonical
821e385af9da21563ea3,affect_acknowledgement,0,1,universal_counterexample,correct_partial,calm,1,MiniMax-M2.7,counterexample,training,main,canonical
829290bbd1e0adf3e23b,affect_acknowledgement,1,1,experimental_variable,correct_partial,calm,1,deepseek-v4-pro,experimental_design,training,main,canonical
82c181a37a04ed6f004b,affect_acknowledgement,0,1,speed_units,correct_partial,calm,1,doubao-seed-2.0-lite,unit_conversion,training,main,canonical
82ca3d4136d7234649ac,affect_acknowledgement,1,1,speed_units,correct_partial,frustrated,1,doubao-seed-2.0-lite,unit_conversion,training,main,canonical
833de3b6fb4ee43b6a7c,affect_acknowledgement,1,1,net_force,wrong_attempt,frustrated,0,deepseek-v4-pro,newtons_second_law,training,main,canonical
83f97253ed37b58897ac,affect_acknowledgement,0,1,simple_inheritance,correct_partial,calm,0,doubao-seed-2.0-lite,mendelian_inheritance,training,main,canonical
83fff9271ef77d56d579,affect_acknowledgement,0,1,universal_counterexample,wrong_attempt,calm,1,doubao-seed-2.0-lite,counterexample,training,main,canonical
848ea25e6732704bd665,affect_acknowledgement,1,1,relevant_support,wrong_attempt,calm,0,glm-5.3,argument_relevance,training,main,canonical
84991113c60a5aff2325,affect_acknowledgement,0,1,past_tense,correct_partial,calm,0,glm-5.3,tense_consistency,training,main,canonical
84a8654fbe3f97133e2a,affect_acknowledgement,1,1,ordering_constraints,wrong_attempt,calm,0,glm-5.3,ordering_constraints,training,main,canonical
84ba88118fe5966421c0,affect_acknowledgement,1,1,simple_inheritance,wrong_attempt,calm,1,MiniMax-M3,mendelian_inheritance,training,main,canonical
84dd2e58c7fa3d4155e7,affect_acknowledgement,0,1,universal_counterexample,correct_partial,frustrated,1,deepseek-v4-pro,counterexample,training,main,canonical
84e9e64ee7c1bf45bdbf,affect_acknowledgement,0,1,simple_inheritance,wrong_attempt,calm,1,doubao-seed-2.0-lite,mendelian_inheritance,training,main,canonical
8524ddcc30359c2b7ced,affect_acknowledgement,1,1,arithmetic_sequence,wrong_attempt,frustrated,1,glm-5.3,arithmetic_sequence,training,main,canonical
852d4353a14d7be7beb4,affect_acknowledgement,1,1,relevant_support,wrong_attempt,frustrated,0,doubao-seed-2.0-lite,argument_relevance,training,main,canonical
86142e5bbfaf81a23f6d,affect_acknowledgement,0,1,universal_counterexample,wrong_attempt,calm,0,deepseek-v4-pro,counterexample,training,main,canonical
869d916e7d8f9fe32edc,affect_acknowledgement,0,1,pronoun_reference,correct_partial,calm,0,MiniMax-M3,pronoun_reference,training,main,canonical
87022bbdc172ccbf3de7,affect_acknowledgement,0,1,past_tense,correct_partial,frustrated,0,MiniMax-M2.7,tense_consistency,training,main,canonical
87dda4d0af9d5ffd04c8,affect_acknowledgement,1,1,rectangle_width,correct_partial,frustrated,1,doubao-seed-2.0-lite,rectangle_perimeter,training,main,canonical
886c6af2fbecca01fd7f,affect_acknowledgement,0,1,arithmetic_mean,correct_partial,calm,1,glm-5.3,averaging,training,main,canonical
888b630881c69ca657f7,affect_acknowledgement,1,1,weighted_mean,wrong_attempt,frustrated,1,MiniMax-M2.7,averaging,training,main,canonical
88af193f6be91974160c,affect_acknowledgement,0,1,net_force,correct_partial,frustrated,1,MiniMax-M2.7,newtons_second_law,training,main,canonical
89529b4248d04d1179d6,affect_acknowledgement,1,1,ratio_partition,correct_partial,calm,0,MiniMax-M3,ratio_partition,training,main,canonical
8967c89485d947b139ff,affect_acknowledgement,1,1,conservation_of_mass,wrong_attempt,calm,1,doubao-seed-2.0-lite,conservation_of_mass,training,main,canonical
8a8bc1c6d134cde63111,affect_acknowledgement,0,1,net_force,correct_partial,calm,1,doubao-seed-2.0-lite,newtons_second_law,training,main,canonical
8ba3b6107d340baf77c0,affect_acknowledgement,0,1,rectangle_width,correct_partial,calm,1,deepseek-v4-pro,rectangle_perimeter,training,main,canonical
8c400b596def840ead2a,affect_acknowledgement,0,1,arithmetic_mean,wrong_attempt,calm,1,MiniMax-M2.7,averaging,training,main,canonical
8c5e86394cb39711835f,affect_acknowledgement,0,0,speed_units,correct_partial,frustrated,0,glm-5.3,unit_conversion,training,main,canonical
8c7c0afe09f7e8227554,affect_acknowledgement,1,1,conjunctive_rule,wrong_attempt,frustrated,0,deepseek-v4-pro,conjunctive_rule,training,main,canonical
8cc7ebfd3ee275be6fb3,affect_acknowledgement,1,1,past_tense,correct_partial,frustrated,1,MiniMax-M3,tense_consistency,training,main,canonical
8d25826e6ee4facad5d7,affect_acknowledgement,0,1,conditional_inference,correct_partial,calm,0,deepseek-v4-pro,conditional_inference,training,main,canonical
8d647bee7b73dd94b2f8,affect_acknowledgement,1,1,comma_splice,correct_partial,frustrated,1,doubao-seed-2.0-lite,clause_punctuation,training,main,canonical
8df9f0811d2e5830099f,affect_acknowledgement,0,1,comma_splice,correct_partial,calm,1,doubao-seed-2.0-lite,clause_punctuation,training,main,canonical
8e15b98ce0dd6f9122f1,affect_acknowledgement,1,1,conjunctive_rule,wrong_attempt,calm,1,MiniMax-M2.7,conjunctive_rule,training,main,canonical
8e4c3fc46aecec90b80d,affect_acknowledgement,0,1,set_entailment,wrong_attempt,calm,0,MiniMax-M3,set_entailment,training,main,canonical
8f37eee58b2bf46ba96d,affect_acknowledgement,1,1,set_entailment,correct_partial,frustrated,1,doubao-seed-2.0-lite,set_entailment,training,main,canonical
8f9ae8aa2b1b01358d5e,affect_acknowledgement,1,1,set_entailment,wrong_attempt,frustrated,1,MiniMax-M2.7,set_entailment,training,main,canonical
8fb1babd191a80b88c2d,affect_acknowledgement,0,1,circuit_current,correct_partial,calm,0,doubao-seed-2.0-lite,ohms_law,training,main,canonical
8fca55be7007e3f568b2,affect_acknowledgement,1,1,ratio_partition,wrong_attempt,calm,1,glm-5.3,ratio_partition,training,main,canonical
8ffab764bd53ead0929c,affect_acknowledgement,1,1,discount_price,wrong_attempt,frustrated,1,glm-5.3,discount_price,training,main,canonical
907d4364dd50314272f2,affect_acknowledgement,0,1,thermal_energy,correct_partial,frustrated,1,deepseek-v4-pro,specific_heat,training,main,canonical
913a0c345f8d06b52a02,affect_acknowledgement,1,1,classifier_precision,wrong_attempt,calm,1,doubao-seed-2.0-lite,classification_metrics,training,main,canonical
9142e5efab7a693a83c6,affect_acknowledgement,0,1,comma_splice,correct_partial,frustrated,0,MiniMax-M2.7,clause_punctuation,training,main,canonical
916a44a0480545b6585a,affect_acknowledgement,0,1,fact_opinion,wrong_attempt,frustrated,1,deepseek-v4-pro,fact_opinion,training,main,canonical
9196254c1eb552d99de6,affect_acknowledgement,1,1,past_tense,correct_partial,frustrated,0,glm-5.3,tense_consistency,training,main,canonical
92072d7d5f680031c5a1,affect_acknowledgement,1,0,conservation_of_mass,correct_partial,frustrated,0,deepseek-v4-pro,conservation_of_mass,training,main,canonical
9220fc10ea94bc9c8a56,affect_acknowledgement,0,1,classifier_precision,correct_partial,calm,1,MiniMax-M2.7,classification_metrics,training,main,canonical
92d4e74aeeb05c8d3bdb,affect_acknowledgement,1,1,modifier_attachment,wrong_attempt,calm,1,doubao-seed-2.0-lite,modifier_attachment,training,main,canonical
93143dd4e531bcfb8deb,affect_acknowledgement,1,1,subject_verb_agreement,correct_partial,frustrated,1,glm-5.3,subject_verb_agreement,training,main,canonical
9381ec9efd1af3b2f834,affect_acknowledgement,1,1,wave_speed,wrong_attempt,calm,0,deepseek-v4-pro,wave_speed,training,main,canonical
9397120e6a9b0585a578,affect_acknowledgement,1,1,fact_opinion,correct_partial,frustrated,0,glm-5.3,fact_opinion,training,main,canonical
93dc93737346087b1fd5,affect_acknowledgement,0,1,conditional_inference,correct_partial,frustrated,0,MiniMax-M3,conditional_inference,training,main,canonical
942d913a4c35729af003,affect_acknowledgement,0,1,arithmetic_sequence,wrong_attempt,calm,1,doubao-seed-2.0-lite,arithmetic_sequence,training,main,canonical
946ecb3935265ee82861,affect_acknowledgement,0,1,food_chain,correct_partial,calm,0,deepseek-v4-pro,food_web_relations,training,main,canonical
9482ae09f925485f32fe,affect_acknowledgement,1,1,conjunctive_rule,wrong_attempt,calm,0,deepseek-v4-pro,conjunctive_rule,training,main,canonical
9565c363ebcbd06027fe,affect_acknowledgement,1,1,wave_speed,correct_partial,frustrated,0,glm-5.3,wave_speed,training,main,canonical
95e86fe2e336e083dbd3,affect_acknowledgement,1,1,ordering_constraints,wrong_attempt,frustrated,0,deepseek-v4-pro,ordering_constraints,training,main,canonical
95f42e47cc8ec195749b,affect_acknowledgement,1,1,simple_inheritance,wrong_attempt,calm,0,deepseek-v4-pro,mendelian_inheritance,training,main,canonical
964f8756b449da8b92ee,affect_acknowledgement,1,1,pronoun_reference,wrong_attempt,frustrated,1,MiniMax-M3,pronoun_reference,training,main,canonical
96805de8727d05475819,affect_acknowledgement,1,1,main_idea,wrong_attempt,calm,0,deepseek-v4-pro,main_idea,training,main,canonical
96f4a7a76ff38865b954,affect_acknowledgement,1,1,classifier_precision,wrong_attempt,frustrated,0,MiniMax-M2.7,classification_metrics,training,main,canonical
96ff0ded74b908841cae,affect_acknowledgement,0,1,circuit_current,correct_partial,frustrated,0,deepseek-v4-pro,ohms_law,training,main,canonical
976c97f13259071c9659,affect_acknowledgement,1,1,circuit_current,correct_partial,frustrated,1,doubao-seed-2.0-lite,ohms_law,training,main,canonical
977ed58941c9da5136ea,affect_acknowledgement,0,1,conservation_of_mass,correct_partial,frustrated,1,MiniMax-M2.7,conservation_of_mass,training,main,canonical
979adcac1390d25c174e,affect_acknowledgement,1,1,rectangle_width,wrong_attempt,calm,0,glm-5.3,rectangle_perimeter,training,main,canonical
97d0cf1144b5c48dd7b4,affect_acknowledgement,1,1,expected_points,wrong_attempt,frustrated,0,glm-5.3,expected_value,training,main,canonical
97dce9a37a0d19262a14,affect_acknowledgement,1,1,ordering_constraints,wrong_attempt,calm,1,MiniMax-M3,ordering_constraints,training,main,canonical
985919b868338a6fb566,affect_acknowledgement,1,1,modifier_attachment,correct_partial,frustrated,1,MiniMax-M2.7,modifier_attachment,training,main,canonical
9873937684db9bf8b82a,affect_acknowledgement,0,1,single_draw_probability,wrong_attempt,calm,0,glm-5.3,single_draw_probability,training,main,canonical
9898e1b3f12fdee5e09a,affect_acknowledgement,0,1,universal_counterexample,correct_partial,calm,1,doubao-seed-2.0-lite,counterexample,training,main,canonical
9911d674976719bd8847,affect_acknowledgement,1,1,discount_price,correct_partial,frustrated,0,doubao-seed-2.0-lite,discount_price,training,main,canonical
99c54cb50ec9d7050185,affect_acknowledgement,1,1,classifier_precision,correct_partial,frustrated,1,MiniMax-M2.7,classification_metrics,training,main,canonical
9a7375145231dfd25174,affect_acknowledgement,0,1,circuit_current,correct_partial,calm,1,doubao-seed-2.0-lite,ohms_law,training,main,canonical
9ae16f2514de743d9773,affect_acknowledgement,1,1,conditional_inference,correct_partial,frustrated,1,glm-5.3,conditional_inference,training,main,canonical
9b02e538e1713b9afb5c,affect_acknowledgement,0,1,speed_units,correct_partial,calm,0,doubao-seed-2.0-lite,unit_conversion,training,main,canonical
9b183969653cf4f2170f,affect_acknowledgement,1,0,weighted_mean,correct_partial,frustrated,1,glm-5.3,averaging,training,main,canonical
9c013929527c254d1090,affect_acknowledgement,0,1,net_force,correct_partial,calm,1,MiniMax-M2.7,newtons_second_law,training,main,canonical
9c17e3bf563eb8e438af,affect_acknowledgement,1,1,set_entailment,wrong_attempt,calm,0,glm-5.3,set_entailment,training,main,canonical
9c22d89f59e209310ecf,affect_acknowledgement,0,1,set_entailment,correct_partial,calm,0,doubao-seed-2.0-lite,set_entailment,training,main,canonical
9c986715a5c951b6e354,affect_acknowledgement,0,1,universal_counterexample,wrong_attempt,calm,0,glm-5.3,counterexample,training,main,canonical
9d5ec070d7b301d2b348,affect_acknowledgement,1,1,single_draw_probability,wrong_attempt,calm,1,deepseek-v4-pro,single_draw_probability,training,main,canonical
9d8714669a057da8f37f,affect_acknowledgement,1,1,pronoun_reference,correct_partial,calm,1,glm-5.3,pronoun_reference,training,main,canonical
9dbd880ba6ac1771a954,affect_acknowledgement,1,1,relevant_support,correct_partial,frustrated,0,doubao-seed-2.0-lite,argument_relevance,training,main,canonical
9de96a41d298174fa090,affect_acknowledgement,1,1,rectangle_width,wrong_attempt,frustrated,0,glm-5.3,rectangle_perimeter,training,main,canonical
9fbd5aa12e697bd449ab,affect_acknowledgement,0,1,relevant_support,wrong_attempt,calm,1,glm-5.3,argument_relevance,training,main,canonical
9fbdd0350cec000bf86e,affect_acknowledgement,1,1,arithmetic_sequence,wrong_attempt,frustrated,0,MiniMax-M3,arithmetic_sequence,training,main,canonical
a01444034b78c5539509,affect_acknowledgement,0,1,classifier_precision,correct_partial,frustrated,1,MiniMax-M3,classification_metrics,training,main,canonical
a03ca76b3f4898d5c85b,affect_acknowledgement,0,1,set_entailment,wrong_attempt,calm,1,MiniMax-M2.7,set_entailment,training,main,canonical
a0666104610cb1f4f8cb,affect_acknowledgement,1,1,simple_inheritance,wrong_attempt,frustrated,0,MiniMax-M2.7,mendelian_inheritance,training,main,canonical
a095282df5c6519f81b4,affect_acknowledgement,1,1,comma_splice,wrong_attempt,calm,1,MiniMax-M3,clause_punctuation,training,main,canonical
a0be0424bac8fcd0695e,affect_acknowledgement,0,1,arithmetic_mean,wrong_attempt,calm,0,MiniMax-M3,averaging,training,main,canonical
a0e33e9526e497f51581,affect_acknowledgement,0,1,classifier_precision,wrong_attempt,calm,0,glm-5.3,classification_metrics,training,main,canonical
a18738150f44d5525b7d,affect_acknowledgement,0,1,conservation_of_mass,correct_partial,calm,1,MiniMax-M3,conservation_of_mass,training,main,canonical
a1917235ed80326a5d8c,affect_acknowledgement,1,1,universal_counterexample,wrong_attempt,frustrated,1,glm-5.3,counterexample,training,main,canonical
a1f906717cc45b7c547c,affect_acknowledgement,1,1,set_entailment,correct_partial,frustrated,1,glm-5.3,set_entailment,training,main,canonical
a253c24691fd98c3c2ba,affect_acknowledgement,0,1,past_tense,wrong_attempt,calm,1,glm-5.3,tense_consistency,training,main,canonical
a268e99841516720473b,affect_acknowledgement,1,1,comma_splice,wrong_attempt,frustrated,1,MiniMax-M3,clause_punctuation,training,main,canonical
a2a7c9ba09d481494c5e,affect_acknowledgement,1,1,conjunctive_rule,wrong_attempt,frustrated,1,doubao-seed-2.0-lite,conjunctive_rule,training,main,canonical
a2b505be710d6c1eb973,affect_acknowledgement,1,1,fact_opinion,correct_partial,frustrated,1,doubao-seed-2.0-lite,fact_opinion,training,main,canonical
a39c2cc86f13c4abe75a,affect_acknowledgement,1,1,thermal_energy,correct_partial,frustrated,1,MiniMax-M3,specific_heat,training,main,canonical
a448ed2acef4a59e54fe,affect_acknowledgement,1,1,circuit_current,correct_partial,calm,0,MiniMax-M3,ohms_law,training,main,canonical
a4ac5af64fe6a8c356c7,affect_acknowledgement,1,1,past_tense,wrong_attempt,calm,0,glm-5.3,tense_consistency,training,main,canonical
a518790acfbee16739df,affect_acknowledgement,0,1,expected_points,correct_partial,calm,1,deepseek-v4-pro,expected_value,training,main,canonical
a6b07739f5a4fc25b03b,affect_acknowledgement,1,1,ratio_partition,wrong_attempt,frustrated,0,deepseek-v4-pro,ratio_partition,training,main,canonical
a72583761391baf87e77,affect_acknowledgement,1,1,simple_inheritance,wrong_attempt,frustrated,1,doubao-seed-2.0-lite,mendelian_inheritance,training,main,canonical
a734add5c234ef2889a3,affect_acknowledgement,0,1,past_tense,wrong_attempt,calm,0,doubao-seed-2.0-lite,tense_consistency,training,main,canonical
a749810843281a8282af,affect_acknowledgement,0,1,past_tense,correct_partial,calm,0,deepseek-v4-pro,tense_consistency,training,main,canonical
a7fa6850776c7a2fa54d,affect_acknowledgement,0,1,conjunctive_rule,correct_partial,calm,1,deepseek-v4-pro,conjunctive_rule,training,main,canonical
a8a4f7b368480ec9497e,affect_acknowledgement,1,1,simple_inheritance,correct_partial,frustrated,1,doubao-seed-2.0-lite,mendelian_inheritance,training,main,canonical
a8d31b2ae2f8a97d62ff,affect_acknowledgement,1,1,conservation_of_mass,wrong_attempt,frustrated,0,doubao-seed-2.0-lite,conservation_of_mass,training,main,canonical
a8de4cfe8d5904d939f0,affect_acknowledgement,1,1,net_force,correct_partial,frustrated,0,glm-5.3,newtons_second_law,training,main,canonical
a8f038a1d0bbdfa5dd22,affect_acknowledgement,1,1,universal_counterexample,correct_partial,frustrated,1,glm-5.3,counterexample,training,main,canonical
a90a277510d79e226be5,affect_acknowledgement,1,1,discount_price,correct_partial,frustrated,0,MiniMax-M2.7,discount_price,training,main,canonical
a955951ca2f7d9bf603f,affect_acknowledgement,0,1,fact_opinion,wrong_attempt,calm,1,MiniMax-M2.7,fact_opinion,training,main,canonical
a95df7f6c244a82f6aa8,affect_acknowledgement,0,1,classifier_precision,wrong_attempt,calm,1,MiniMax-M3,classification_metrics,training,main,canonical
a9c81d17acac28677858,affect_acknowledgement,1,1,net_force,wrong_attempt,calm,1,MiniMax-M3,newtons_second_law,training,main,canonical
a9d8d64d924147f1cba7,affect_acknowledgement,0,1,expected_points,wrong_attempt,frustrated,1,MiniMax-M2.7,expected_value,training,main,canonical
aa27e041e0bf5dfde613,affect_acknowledgement,1,0,arithmetic_mean,correct_partial,frustrated,1,MiniMax-M3,averaging,training,main,canonical
aa9ba67e19765371e0a5,affect_acknowledgement,0,1,classifier_precision,wrong_attempt,calm,1,glm-5.3,classification_metrics,training,main,canonical
ab5a897190ee04479cf9,affect_acknowledgement,1,1,speed_units,wrong_attempt,frustrated,1,deepseek-v4-pro,unit_conversion,training,main,canonical
ab6727155fc08e5a85d9,affect_acknowledgement,1,1,food_chain,wrong_attempt,calm,0,MiniMax-M3,food_web_relations,training,main,canonical
abd9a225697be8f4ce89,affect_acknowledgement,0,1,ratio_partition,correct_partial,calm,1,glm-5.3,ratio_partition,training,main,canonical
abef2aca66b0aa64046e,affect_acknowledgement,1,1,set_entailment,correct_partial,frustrated,0,MiniMax-M3,set_entailment,training,main,canonical
ad1900c36060ebd6ed3b,affect_acknowledgement,1,1,circuit_current,correct_partial,frustrated,1,deepseek-v4-pro,ohms_law,training,main,canonical
ad255b0c78b366a5e786,affect_acknowledgement,0,1,expected_points,wrong_attempt,calm,0,glm-5.3,expected_value,training,main,canonical
ad8fcbdc8d29968b07f5,affect_acknowledgement,0,1,simple_inheritance,correct_partial,calm,1,glm-5.3,mendelian_inheritance,training,main,canonical
adea3e3b7fd6f958fc35,affect_acknowledgement,1,1,past_tense,wrong_attempt,frustrated,0,deepseek-v4-pro,tense_consistency,training,main,canonical
ae0bf49052d0ad419866,affect_acknowledgement,1,1,circuit_current,wrong_attempt,frustrated,1,doubao-seed-2.0-lite,ohms_law,training,main,canonical
ae1e11eec6c967f723e4,affect_acknowledgement,1,1,net_force,wrong_attempt,calm,1,glm-5.3,newtons_second_law,training,main,canonical
ae4e986a983c433e9767,affect_acknowledgement,0,1,conservation_of_mass,correct_partial,calm,0,doubao-seed-2.0-lite,conservation_of_mass,training,main,canonical
af1407b40a7a340d8d48,affect_acknowledgement,1,1,single_draw_probability,correct_partial,frustrated,0,doubao-seed-2.0-lite,single_draw_probability,training,main,canonical
af9f740db96deda3bfd5,affect_acknowledgement,1,0,subject_verb_agreement,correct_partial,frustrated,1,MiniMax-M3,subject_verb_agreement,training,main,canonical
afe17a03045b1a2a5817,affect_acknowledgement,1,0,conjunctive_rule,correct_partial,frustrated,1,MiniMax-M3,conjunctive_rule,training,main,canonical
b06f4abd015352ea27e8,affect_acknowledgement,1,1,set_entailment,correct_partial,frustrated,1,MiniMax-M3,set_entailment,training,main,canonical
b139f125d6cda2137d5d,affect_acknowledgement,1,1,food_chain,correct_partial,frustrated,0,glm-5.3,food_web_relations,training,main,canonical
b1570494901aab91cfea,affect_acknowledgement,1,1,pronoun_reference,correct_partial,frustrated,0,glm-5.3,pronoun_reference,training,main,canonical
b19387f6046f50b8416e,affect_acknowledgement,1,1,universal_counterexample,wrong_attempt,frustrated,0,deepseek-v4-pro,counterexample,training,main,canonical
b1efbad17a4479b15a6e,affect_acknowledgement,1,1,ratio_partition,wrong_attempt,frustrated,0,glm-5.3,ratio_partition,training,main,canonical
b21878b5ce998abc2a3d,affect_acknowledgement,1,1,food_chain,wrong_attempt,frustrated,1,deepseek-v4-pro,food_web_relations,training,main,canonical
b2c8d136736ee2fd8d6d,affect_acknowledgement,0,1,wave_speed,correct_partial,calm,1,deepseek-v4-pro,wave_speed,training,main,canonical
b2d8130468571660af80,affect_acknowledgement,0,1,conditional_inference,wrong_attempt,calm,1,MiniMax-M2.7,conditional_inference,training,main,canonical
b334be3c98136da26a2c,affect_acknowledgement,1,1,simple_inheritance,wrong_attempt,frustrated,0,doubao-seed-2.0-lite,mendelian_inheritance,training,main,canonical
b35f75da1b9025cdb26f,affect_acknowledgement,1,1,conditional_inference,wrong_attempt,frustrated,0,MiniMax-M3,conditional_inference,training,main,canonical
b3b4ed84a7f213af03c6,affect_acknowledgement,1,1,arithmetic_mean,wrong_attempt,frustrated,0,glm-5.3,averaging,training,main,canonical
b3ba23259effddccdf4c,affect_acknowledgement,1,1,arithmetic_mean,wrong_attempt,frustrated,0,MiniMax-M2.7,averaging,training,main,canonical
b40f74436fb3289a1bb3,affect_acknowledgement,1,1,conservation_of_mass,wrong_attempt,frustrated,1,MiniMax-M2.7,conservation_of_mass,training,main,canonical
b460238f49be6bba0169,affect_acknowledgement,1,1,universal_counterexample,correct_partial,frustrated,0,MiniMax-M2.7,counterexample,training,main,canonical
b5621d8d2062ad7c4afc,affect_acknowledgement,0,1,comma_splice,correct_partial,calm,0,deepseek-v4-pro,clause_punctuation,training,main,canonical
b5bc903bf3a6ea939f2c,affect_acknowledgement,1,1,subject_verb_agreement,correct_partial,frustrated,0,deepseek-v4-pro,subject_verb_agreement,training,main,canonical
b610d7dda7e287c52c59,affect_acknowledgement,1,1,weighted_mean,correct_partial,calm,0,MiniMax-M3,averaging,training,main,canonical
b6643799ce77e0008754,affect_acknowledgement,1,1,comma_splice,correct_partial,frustrated,1,MiniMax-M3,clause_punctuation,training,main,canonical
b674dabc32aa69eccf71,affect_acknowledgement,0,1,past_tense,wrong_attempt,calm,1,doubao-seed-2.0-lite,tense_consistency,training,main,canonical
b68b040f48f189151cc8,affect_acknowledgement,0,1,experimental_variable,correct_partial,calm,0,doubao-seed-2.0-lite,experimental_design,training,main,canonical
b7103e06ebaf69067696,affect_acknowledgement,0,1,ordering_constraints,correct_partial,calm,0,glm-5.3,ordering_constraints,training,main,canonical
b7cc11099d76ca322a5e,affect_acknowledgement,1,1,map_scale,correct_partial,frustrated,0,MiniMax-M2.7,unit_conversion,training,main,canonical
b7d289b3afef84bc2a2a,affect_acknowledgement,1,1,map_scale,wrong_attempt,calm,0,MiniMax-M3,unit_conversion,training,main,canonical
b7eca1c0a77119d1a931,affect_acknowledgement,1,1,arithmetic_sequence,correct_partial,calm,1,MiniMax-M3,arithmetic_sequence,training,main,canonical
b7fc247ba767f7f001bf,affect_acknowledgement,1,1,pronoun_reference,correct_partial,calm,0,glm-5.3,pronoun_reference,training,main,canonical
b81756ce938545885c04,affect_acknowledgement,0,1,main_idea,correct_partial,calm,0,glm-5.3,main_idea,training,main,canonical
b84087d5e796afe12a72,affect_acknowledgement,0,1,past_tense,wrong_attempt,calm,0,deepseek-v4-pro,tense_consistency,training,main,canonical
b87a3690a622f1ed195a,affect_acknowledgement,1,1,wave_speed,wrong_attempt,calm,1,MiniMax-M3,wave_speed,training,main,canonical
b882edef7870832f7fba,affect_acknowledgement,1,1,simple_inheritance,wrong_attempt,frustrated,1,MiniMax-M3,mendelian_inheritance,training,main,canonical
b8fb4f71fd9f3a866975,affect_acknowledgement,1,1,universal_counterexample,correct_partial,frustrated,0,deepseek-v4-pro,counterexample,training,main,canonical
b922388394cb1a1515ef,affect_acknowledgement,0,1,single_draw_probability,wrong_attempt,calm,1,MiniMax-M2.7,single_draw_probability,training,main,canonical
b9324e3848fa13acc3be,affect_acknowledgement,0,1,ratio_partition,correct_partial,calm,0,doubao-seed-2.0-lite,ratio_partition,training,main,canonical
b940c4633c3d44f97762,affect_acknowledgement,1,1,experimental_variable,wrong_attempt,frustrated,0,glm-5.3,experimental_design,training,main,canonical
b98773554738753e4d2f,affect_acknowledgement,1,1,expected_points,correct_partial,frustrated,1,MiniMax-M3,expected_value,training,main,canonical
b9e9e99ed094c670100d,affect_acknowledgement,0,1,modifier_attachment,correct_partial,calm,1,glm-5.3,modifier_attachment,training,main,canonical
baef32235e0cf396260b,affect_acknowledgement,0,1,arithmetic_mean,correct_partial,calm,1,doubao-seed-2.0-lite,averaging,training,main,canonical
bb69c2d07b8cebbb05f1,affect_acknowledgement,0,1,map_scale,correct_partial,calm,0,deepseek-v4-pro,unit_conversion,training,main,canonical
bb9bababab6bf379bfc5,affect_acknowledgement,1,1,rectangle_width,correct_partial,frustrated,0,MiniMax-M3,rectangle_perimeter,training,main,canonical
bc7c4c810055715fac8e,affect_acknowledgement,0,1,discount_price,correct_partial,frustrated,0,glm-5.3,discount_price,training,main,canonical
bca712adb133a6812c57,affect_acknowledgement,1,1,single_draw_probability,correct_partial,frustrated,0,MiniMax-M2.7,single_draw_probability,training,main,canonical
bd69d4e2bd3fa4c05dc2,affect_acknowledgement,1,1,conservation_of_mass,wrong_attempt,frustrated,1,glm-5.3,conservation_of_mass,training,main,canonical
bd716b901f6b49a9a284,affect_acknowledgement,0,1,universal_counterexample,wrong_attempt,calm,1,MiniMax-M3,counterexample,training,main,canonical
bd9065ddf025d6274f14,affect_acknowledgement,1,1,universal_counterexample,correct_partial,frustrated,0,doubao-seed-2.0-lite,counterexample,training,main,canonical
bd94ad07379e3fa0d16a,affect_acknowledgement,0,1,comma_splice,correct_partial,calm,1,MiniMax-M3,clause_punctuation,training,main,canonical
bd99d931bcdc5a5d0b46,affect_acknowledgement,1,1,set_entailment,correct_partial,frustrated,0,deepseek-v4-pro,set_entailment,training,main,canonical
be39d90a87cbf51a1383,affect_acknowledgement,1,1,comma_splice,wrong_attempt,frustrated,1,glm-5.3,clause_punctuation,training,main,canonical
be40f8ec54c9718b6a9a,affect_acknowledgement,1,1,thermal_energy,correct_partial,frustrated,0,doubao-seed-2.0-lite,specific_heat,training,main,canonical
be507a261963b9c0de4c,affect_acknowledgement,1,1,thermal_energy,wrong_attempt,frustrated,1,glm-5.3,specific_heat,training,main,canonical
bed7b8e225490bfa6d85,affect_acknowledgement,0,0,subject_verb_agreement,wrong_attempt,calm,0,doubao-seed-2.0-lite,subject_verb_agreement,training,main,canonical
bf23e60b874c7dfe8f1c,affect_acknowledgement,1,1,single_draw_probability,wrong_attempt,calm,0,MiniMax-M3,single_draw_probability,training,main,canonical
bfa0001a24713f3cc44b,affect_acknowledgement,0,1,thermal_energy,correct_partial,calm,1,glm-5.3,specific_heat,training,main,canonical
bfb176e6e92922ac476c,affect_acknowledgement,1,1,subject_verb_agreement,correct_partial,frustrated,1,doubao-seed-2.0-lite,subject_verb_agreement,training,main,canonical
c058c3f209d5abb58eff,affect_acknowledgement,1,1,ordering_constraints,wrong_attempt,frustrated,1,MiniMax-M3,ordering_constraints,training,main,canonical
c088d011a3cecd1dd6e4,affect_acknowledgement,0,1,universal_counterexample,correct_partial,calm,1,deepseek-v4-pro,counterexample,training,main,canonical
c0c7522da516b4c4b2bb,affect_acknowledgement,0,1,speed_units,correct_partial,calm,1,MiniMax-M2.7,unit_conversion,training,main,canonical
c11be4619fcfe9268a6e,affect_acknowledgement,1,1,conjunctive_rule,wrong_attempt,frustrated,0,glm-5.3,conjunctive_rule,training,main,canonical
c11cfbba84fc332cdfdc,affect_acknowledgement,1,1,ordering_constraints,correct_partial,calm,0,MiniMax-M3,ordering_constraints,training,main,canonical
c12001592007e5f4c9b2,affect_acknowledgement,1,1,conjunctive_rule,correct_partial,calm,1,MiniMax-M3,conjunctive_rule,training,main,canonical
c17f6af6eb3d7101c4dd,affect_acknowledgement,1,1,single_draw_probability,wrong_attempt,frustrated,1,doubao-seed-2.0-lite,single_draw_probability,training,main,canonical
c1d736395049cc430215,affect_acknowledgement,1,1,main_idea,correct_partial,frustrated,1,MiniMax-M2.7,main_idea,training,main,canonical
c1eff27e288e468a9b30,affect_acknowledgement,0,1,simple_inheritance,correct_partial,calm,0,deepseek-v4-pro,mendelian_inheritance,training,main,canonical
c2146ed24ef95ed46bfd,affect_acknowledgement,1,1,single_draw_probability,correct_partial,frustrated,0,glm-5.3,single_draw_probability,training,main,canonical
c25fb5daa505f8e92921,affect_acknowledgement,1,1,map_scale,correct_partial,frustrated,1,doubao-seed-2.0-lite,unit_conversion,training,main,canonical
c3930f2cfdcbe75d4414,affect_acknowledgement,1,1,simple_inheritance,correct_partial,frustrated,0,glm-5.3,mendelian_inheritance,training,main,canonical
c3f035e717a50ae3f4e1,affect_acknowledgement,1,1,conservation_of_mass,correct_partial,frustrated,1,doubao-seed-2.0-lite,conservation_of_mass,training,main,canonical
c48b441ef8b67c5bc02e,affect_acknowledgement,1,1,conjunctive_rule,wrong_attempt,frustrated,1,MiniMax-M2.7,conjunctive_rule,training,main,canonical
c53030845c9aac1d5e07,affect_acknowledgement,1,1,arithmetic_sequence,correct_partial,calm,0,MiniMax-M3,arithmetic_sequence,training,main,canonical
c58321e5f1ab6ee0653b,affect_acknowledgement,1,1,universal_counterexample,wrong_attempt,frustrated,1,MiniMax-M3,counterexample,training,main,canonical
c598cf68408b8d141f22,affect_acknowledgement,0,1,relevant_support,wrong_attempt,calm,0,MiniMax-M3,argument_relevance,training,main,canonical
c5dd1c8a4049997dc451,affect_acknowledgement,1,1,arithmetic_mean,wrong_attempt,frustrated,1,MiniMax-M3,averaging,training,main,canonical
c61e6de6879320a1a170,affect_acknowledgement,0,1,map_scale,correct_partial,calm,0,glm-5.3,unit_conversion,training,main,canonical
c639b415d07fefd2c127,affect_acknowledgement,1,1,expected_points,correct_partial,calm,1,MiniMax-M3,expected_value,training,main,canonical
c6bba14ad4161b320d24,affect_acknowledgement,1,0,arithmetic_mean,correct_partial,frustrated,1,glm-5.3,averaging,training,main,canonical
c6ce0e009c7fea9981eb,affect_acknowledgement,1,1,circuit_current,wrong_attempt,calm,0,deepseek-v4-pro,ohms_law,training,main,canonical
c6e775697b903ad60da2,affect_acknowledgement,0,1,conjunctive_rule,wrong_attempt,calm,1,deepseek-v4-pro,conjunctive_rule,training,main,canonical
c8745fe5506cf8dba278,affect_acknowledgement,1,1,expected_points,correct_partial,frustrated,1,doubao-seed-2.0-lite,expected_value,training,main,canonical
c88f9999853f92195e01,affect_acknowledgement,0,1,main_idea,wrong_attempt,calm,0,glm-5.3,main_idea,training,main,canonical
c8a2a0a3b9c8ee6885cc,affect_acknowledgement,1,1,food_chain,wrong_attempt,frustrated,0,doubao-seed-2.0-lite,food_web_relations,training,main,canonical
c92f1c9307cb1cd88d4b,affect_acknowledgement,0,1,weighted_mean,wrong_attempt,calm,0,MiniMax-M2.7,averaging,training,main,canonical
c93234a1b138f73d2011,affect_acknowledgement,0,1,classifier_precision,correct_partial,calm,0,deepseek-v4-pro,classification_metrics,training,main,canonical
c99e3ff351f30b45c4c0,affect_acknowledgement,1,1,speed_units,correct_partial,frustrated,0,MiniMax-M2.7,unit_conversion,training,main,canonical
cb365e9717f84da0057c,affect_acknowledgement,0,1,main_idea,correct_partial,calm,0,deepseek-v4-pro,main_idea,training,main,canonical
cb73ac663672f32fe4fc,affect_acknowledgement,1,1,food_chain,correct_partial,frustrated,1,doubao-seed-2.0-lite,food_web_relations,training,main,canonical
cb93b7e1f9063ec40e6b,affect_acknowledgement,1,1,net_force,correct_partial,calm,1,MiniMax-M3,newtons_second_law,training,main,canonical
cbbb793cf58216920616,affect_acknowledgement,1,1,fact_opinion,wrong_attempt,calm,1,deepseek-v4-pro,fact_opinion,training,main,canonical
cbfaaaa80ba21c460131,affect_acknowledgement,1,1,weighted_mean,wrong_attempt,frustrated,0,deepseek-v4-pro,averaging,training,main,canonical
cbff042db64a376a8c4d,affect_acknowledgement,1,1,rectangle_width,wrong_attempt,frustrated,0,doubao-seed-2.0-lite,rectangle_perimeter,training,main,canonical
cc2e24e004ea2c29678f,affect_acknowledgement,1,1,expected_points,correct_partial,frustrated,1,MiniMax-M2.7,expected_value,training,main,canonical
cc78051f8cd68f4b91a9,affect_acknowledgement,1,1,conjunctive_rule,correct_partial,frustrated,1,doubao-seed-2.0-lite,conjunctive_rule,training,main,canonical
cc8bd8932e28b8497fe1,affect_acknowledgement,0,1,set_entailment,correct_partial,calm,1,MiniMax-M2.7,set_entailment,training,main,canonical
cca81343568469f09b65,affect_acknowledgement,1,1,circuit_current,wrong_attempt,calm,0,MiniMax-M3,ohms_law,training,main,canonical
ccb440d97614daa955ef,affect_acknowledgement,0,0,thermal_energy,correct_partial,frustrated,1,glm-5.3,specific_heat,training,main,canonical
cce1d64581816af54c86,affect_acknowledgement,0,1,ratio_partition,wrong_attempt,calm,0,MiniMax-M2.7,ratio_partition,training,main,canonical
cd029137cd8e4b51fd1e,affect_acknowledgement,1,1,modifier_attachment,wrong_attempt,frustrated,1,doubao-seed-2.0-lite,modifier_attachment,training,main,canonical
cd258d7042ad47ac9262,affect_acknowledgement,1,1,ordering_constraints,wrong_attempt,frustrated,0,doubao-seed-2.0-lite,ordering_constraints,training,main,canonical
ce18e314b9f7248df70d,affect_acknowledgement,1,1,modifier_attachment,wrong_attempt,calm,0,doubao-seed-2.0-lite,modifier_attachment,training,main,canonical
ce4f08069201206823c9,affect_acknowledgement,0,1,single_draw_probability,correct_partial,calm,0,doubao-seed-2.0-lite,single_draw_probability,training,main,canonical
ce64e23ceb0fc502be6e,affect_acknowledgement,1,1,rectangle_width,wrong_attempt,calm,1,deepseek-v4-pro,rectangle_perimeter,training,main,canonical
ce6b8d184354f4ab5b3a,affect_acknowledgement,1,1,conjunctive_rule,wrong_attempt,calm,0,MiniMax-M3,conjunctive_rule,training,main,canonical
ce6e40215e46db08f901,affect_acknowledgement,0,1,arithmetic_mean,wrong_attempt,calm,0,glm-5.3,averaging,training,main,canonical
cf128839820a0bfda880,affect_acknowledgement,0,1,rectangle_width,wrong_attempt,calm,1,MiniMax-M2.7,rectangle_perimeter,training,main,canonical
cfbb32ef3d76b7e52bca,affect_acknowledgement,0,1,food_chain,correct_partial,frustrated,0,MiniMax-M2.7,food_web_relations,training,main,canonical
cfd9263ca7ff2694f597,affect_acknowledgement,0,1,past_tense,correct_partial,calm,1,glm-5.3,tense_consistency,training,main,canonical
cfd946cf865ca1c35950,affect_acknowledgement,0,1,arithmetic_mean,wrong_attempt,frustrated,0,deepseek-v4-pro,averaging,training,main,canonical
d05bca6113e6f9a72351,affect_acknowledgement,1,1,ratio_partition,wrong_attempt,calm,0,MiniMax-M3,ratio_partition,training,main,canonical
d0843b184dbf9ec5ddad,affect_acknowledgement,0,0,expected_points,wrong_attempt,calm,0,MiniMax-M3,expected_value,training,main,canonical
d097f18e55128b4198f0,affect_acknowledgement,1,1,pronoun_reference,correct_partial,frustrated,1,MiniMax-M3,pronoun_reference,training,main,canonical
d0e740d58f257c089eed,affect_acknowledgement,0,1,map_scale,correct_partial,calm,1,doubao-seed-2.0-lite,unit_conversion,training,main,canonical
d169eee50144f66184ca,affect_acknowledgement,0,1,modifier_attachment,wrong_attempt,frustrated,0,MiniMax-M2.7,modifier_attachment,training,main,canonical
d29b7f3778ed44881de5,affect_acknowledgement,1,1,modifier_attachment,wrong_attempt,calm,1,deepseek-v4-pro,modifier_attachment,training,main,canonical
d30241da7761d36cd1ac,affect_acknowledgement,1,1,ratio_partition,correct_partial,frustrated,0,MiniMax-M2.7,ratio_partition,training,main,canonical
d316e0fb6a11639f24bb,affect_acknowledgement,0,1,subject_verb_agreement,correct_partial,calm,0,deepseek-v4-pro,subject_verb_agreement,training,main,canonical
d322f9774e7944ff62f7,affect_acknowledgement,1,1,past_tense,correct_partial,frustrated,0,MiniMax-M3,tense_consistency,training,main,canonical
d341c28625af8ce4cb9f,affect_acknowledgement,0,1,modifier_attachment,correct_partial,calm,1,deepseek-v4-pro,modifier_attachment,training,main,canonical
d3e7b6fe735e195f2671,affect_acknowledgement,1,1,single_draw_probability,wrong_attempt,frustrated,0,MiniMax-M3,single_draw_probability,training,main,canonical
d406278524565b57323d,affect_acknowledgement,0,1,classifier_precision,correct_partial,calm,0,glm-5.3,classification_metrics,training,main,canonical
d41fd5bd1e767f4bb3cc,affect_acknowledgement,1,1,conjunctive_rule,wrong_attempt,frustrated,0,MiniMax-M2.7,conjunctive_rule,training,main,canonical
d482222688cde02f0d1c,affect_acknowledgement,0,1,ordering_constraints,correct_partial,calm,1,doubao-seed-2.0-lite,ordering_constraints,training,main,canonical
d4d11c630f52629c8584,affect_acknowledgement,0,1,circuit_current,correct_partial,frustrated,0,MiniMax-M2.7,ohms_law,training,main,canonical
d50369dbe3066134132f,affect_acknowledgement,0,1,discount_price,wrong_attempt,calm,1,glm-5.3,discount_price,training,main,canonical
d534b3cf2d6f682a3ab3,affect_acknowledgement,1,1,wave_speed,wrong_attempt,frustrated,0,doubao-seed-2.0-lite,wave_speed,training,main,canonical
d5a81cfed7d5ae597543,affect_acknowledgement,1,1,fact_opinion,wrong_attempt,calm,1,glm-5.3,fact_opinion,training,main,canonical
d5fef8fdb288b08e01ca,affect_acknowledgement,0,1,fact_opinion,correct_partial,calm,0,MiniMax-M2.7,fact_opinion,training,main,canonical
d6094c52111b53bf2cd5,affect_acknowledgement,0,0,rectangle_width,correct_partial,frustrated,1,deepseek-v4-pro,rectangle_perimeter,training,main,canonical
d610560553dcbeb5a6b8,affect_acknowledgement,0,1,modifier_attachment,correct_partial,calm,0,glm-5.3,modifier_attachment,training,main,canonical
d6341159d5c7eedea555,affect_acknowledgement,0,1,main_idea,correct_partial,calm,1,deepseek-v4-pro,main_idea,training,main,canonical
d6570a92106f1020abd4,affect_acknowledgement,1,1,comma_splice,correct_partial,frustrated,1,glm-5.3,clause_punctuation,training,main,canonical
d7d356f9176b5be6e59e,affect_acknowledgement,0,1,net_force,correct_partial,calm,0,MiniMax-M2.7,newtons_second_law,training,main,canonical
d840d73e336f3b5043ae,affect_acknowledgement,0,1,pronoun_reference,correct_partial,calm,0,doubao-seed-2.0-lite,pronoun_reference,training,main,canonical
d8556904a288fb813aac,affect_acknowledgement,1,1,circuit_current,wrong_attempt,calm,1,MiniMax-M3,ohms_law,training,main,canonical
d9954eae2d470955f4c9,affect_acknowledgement,1,1,net_force,wrong_attempt,calm,1,MiniMax-M2.7,newtons_second_law,training,main,canonical
d99828e1911c101b8361,affect_acknowledgement,1,1,single_draw_probability,wrong_attempt,frustrated,1,MiniMax-M2.7,single_draw_probability,training,main,canonical
d9da7c6c82edb7923675,affect_acknowledgement,0,1,discount_price,correct_partial,calm,1,MiniMax-M3,discount_price,training,main,canonical
d9e22462c63348a9c7a3,affect_acknowledgement,0,1,arithmetic_mean,correct_partial,calm,0,MiniMax-M3,averaging,training,main,canonical
da5a5a59d47712d0b492,affect_acknowledgement,0,0,thermal_energy,wrong_attempt,calm,0,doubao-seed-2.0-lite,specific_heat,training,main,canonical
daa76bd7a5cbc27f2794,affect_acknowledgement,0,1,conditional_inference,correct_partial,calm,1,glm-5.3,conditional_inference,training,main,canonical
db07bec9e55d6d79fc4c,affect_acknowledgement,0,1,conditional_inference,correct_partial,calm,1,doubao-seed-2.0-lite,conditional_inference,training,main,canonical
db72d221964d0a297007,affect_acknowledgement,0,1,arithmetic_mean,wrong_attempt,frustrated,1,deepseek-v4-pro,averaging,training,main,canonical
db84095e6f1f21356f46,affect_acknowledgement,1,1,food_chain,wrong_attempt,frustrated,1,doubao-seed-2.0-lite,food_web_relations,training,main,canonical
dbab2a9abcd26db63951,affect_acknowledgement,1,1,wave_speed,correct_partial,frustrated,1,MiniMax-M3,wave_speed,training,main,canonical
dc4ff42e9c1c2eb5e6f5,affect_acknowledgement,1,1,relevant_support,correct_partial,frustrated,1,MiniMax-M2.7,argument_relevance,training,main,canonical
dca6d034b572e3871156,affect_acknowledgement,1,1,classifier_precision,correct_partial,frustrated,0,glm-5.3,classification_metrics,training,main,canonical
dcdbf700bf9efb71ed5f,affect_acknowledgement,0,1,wave_speed,correct_partial,calm,0,MiniMax-M2.7,wave_speed,training,main,canonical
dd034b245dadb361adef,affect_acknowledgement,0,1,modifier_attachment,wrong_attempt,calm,1,MiniMax-M2.7,modifier_attachment,training,main,canonical
dd37fa1a9a831489f990,affect_acknowledgement,0,1,rectangle_width,wrong_attempt,calm,1,doubao-seed-2.0-lite,rectangle_perimeter,training,main,canonical
dd47eac4690602215501,affect_acknowledgement,1,1,wave_speed,wrong_attempt,calm,1,deepseek-v4-pro,wave_speed,training,main,canonical
de1270cdaf419b4fca0f,affect_acknowledgement,0,1,comma_splice,correct_partial,frustrated,1,deepseek-v4-pro,clause_punctuation,training,main,canonical
de8d731dd03d977c02d7,affect_acknowledgement,1,1,map_scale,wrong_attempt,frustrated,1,glm-5.3,unit_conversion,training,main,canonical
ded029329542c7ea6458,affect_acknowledgement,0,1,circuit_current,correct_partial,calm,1,glm-5.3,ohms_law,training,main,canonical
dee1403f500bf51ce74a,affect_acknowledgement,1,1,ordering_constraints,wrong_attempt,frustrated,1,deepseek-v4-pro,ordering_constraints,training,main,canonical
df312c2375543d257e70,affect_acknowledgement,0,1,rectangle_width,correct_partial,calm,1,glm-5.3,rectangle_perimeter,training,main,canonical
df32f8287c78053e6024,affect_acknowledgement,0,1,weighted_mean,correct_partial,calm,1,glm-5.3,averaging,training,main,canonical
df69d0d7330e0d7cf193,affect_acknowledgement,1,1,conjunctive_rule,wrong_attempt,frustrated,0,MiniMax-M3,conjunctive_rule,training,main,canonical
dfcf35aaf28cc2bfc571,affect_acknowledgement,0,1,main_idea,wrong_attempt,calm,1,MiniMax-M3,main_idea,training,main,canonical
e04a8ae9c9c259d89612,affect_acknowledgement,1,1,simple_inheritance,wrong_attempt,calm,1,deepseek-v4-pro,mendelian_inheritance,training,main,canonical
e0889b66986dba64338a,affect_acknowledgement,1,1,conditional_inference,correct_partial,frustrated,1,MiniMax-M3,conditional_inference,training,main,canonical
e13851009b3e36a1ad6e,affect_acknowledgement,1,0,conservation_of_mass,correct_partial,frustrated,0,MiniMax-M3,conservation_of_mass,training,main,canonical
e1736714c6cc4bf302a5,affect_acknowledgement,0,1,arithmetic_sequence,correct_partial,calm,0,glm-5.3,arithmetic_sequence,training,main,canonical
e1e46d9ba3ca8e64e940,affect_acknowledgement,1,1,discount_price,wrong_attempt,frustrated,1,doubao-seed-2.0-lite,discount_price,training,main,canonical
e1f8a1c67788c0d4342b,affect_acknowledgement,0,1,subject_verb_agreement,correct_partial,calm,0,doubao-seed-2.0-lite,subject_verb_agreement,training,main,canonical
e23675a0a91f308ad877,affect_acknowledgement,0,1,subject_verb_agreement,wrong_attempt,calm,1,glm-5.3,subject_verb_agreement,training,main,canonical
e353947d07ed47878f26,affect_acknowledgement,0,1,single_draw_probability,correct_partial,calm,1,deepseek-v4-pro,single_draw_probability,training,main,canonical
e35e3169e36dbf345362,affect_acknowledgement,1,1,single_draw_probability,wrong_attempt,calm,0,deepseek-v4-pro,single_draw_probability,training,main,canonical
e3a12fa5856c65489e35,affect_acknowledgement,0,1,wave_speed,correct_partial,calm,1,MiniMax-M3,wave_speed,training,main,canonical
e3c58e79f8fd5699c464,affect_acknowledgement,1,1,comma_splice,wrong_attempt,frustrated,0,MiniMax-M3,clause_punctuation,training,main,canonical
e3d694b0b36da6b796f8,affect_acknowledgement,0,1,map_scale,wrong_attempt,calm,0,glm-5.3,unit_conversion,training,main,canonical
e4a00c3d09bd8b4cf24d,affect_acknowledgement,1,1,net_force,wrong_attempt,calm,1,doubao-seed-2.0-lite,newtons_second_law,training,main,canonical
e5baf276139309a474a3,affect_acknowledgement,0,1,subject_verb_agreement,correct_partial,calm,1,MiniMax-M2.7,subject_verb_agreement,training,main,canonical
e617a33fda64ec55ea93,affect_acknowledgement,1,0,net_force,correct_partial,frustrated,1,doubao-seed-2.0-lite,newtons_second_law,training,main,canonical
e6389d6fb2eaf82c64f5,affect_acknowledgement,1,1,ratio_partition,wrong_attempt,frustrated,0,MiniMax-M3,ratio_partition,training,main,canonical
e6d8819d5acafcd49558,affect_acknowledgement,0,1,single_draw_probability,correct_partial,calm,0,MiniMax-M2.7,single_draw_probability,training,main,canonical
e7b580da18d4d3f5d8a7,affect_acknowledgement,1,1,food_chain,wrong_attempt,frustrated,0,MiniMax-M3,food_web_relations,training,main,canonical
e86a7fce225aca18aa9d,affect_acknowledgement,1,1,classifier_precision,wrong_attempt,frustrated,1,glm-5.3,classification_metrics,training,main,canonical
e8b435c2796046cdc184,affect_acknowledgement,0,1,map_scale,wrong_attempt,calm,1,glm-5.3,unit_conversion,training,main,canonical
e8fec848cc8c31c1ecf9,affect_acknowledgement,0,1,map_scale,correct_partial,calm,1,deepseek-v4-pro,unit_conversion,training,main,canonical
e93e520dc4546c4eb979,affect_acknowledgement,0,1,map_scale,wrong_attempt,calm,1,MiniMax-M2.7,unit_conversion,training,main,canonical
e95711052c377184cced,affect_acknowledgement,1,1,arithmetic_sequence,wrong_attempt,frustrated,0,glm-5.3,arithmetic_sequence,training,main,canonical
eac6f59ef75367047b5c,affect_acknowledgement,0,1,rectangle_width,correct_partial,calm,0,doubao-seed-2.0-lite,rectangle_perimeter,training,main,canonical
eb8c4e7085b64d6eae56,affect_acknowledgement,1,1,net_force,wrong_attempt,frustrated,1,doubao-seed-2.0-lite,newtons_second_law,training,main,canonical
ebff70b312c2123438be,affect_acknowledgement,1,1,classifier_precision,wrong_attempt,frustrated,0,doubao-seed-2.0-lite,classification_metrics,training,main,canonical
ec0d78951ec084a3ba1e,affect_acknowledgement,1,1,wave_speed,wrong_attempt,frustrated,1,deepseek-v4-pro,wave_speed,training,main,canonical
ec275127177eb9aeb679,affect_acknowledgement,0,1,conjunctive_rule,wrong_attempt,calm,1,MiniMax-M3,conjunctive_rule,training,main,canonical
ecafb7a14307d6b8a5ef,affect_acknowledgement,1,1,rectangle_width,wrong_attempt,calm,1,MiniMax-M3,rectangle_perimeter,training,main,canonical
ed06ad2fbc6dc847bdc1,affect_acknowledgement,1,1,pronoun_reference,wrong_attempt,calm,1,glm-5.3,pronoun_reference,training,main,canonical
ed1544a23a6bd4c2c395,affect_acknowledgement,0,1,experimental_variable,wrong_attempt,calm,0,glm-5.3,experimental_design,training,main,canonical
ee92173acd7c6aa498e8,affect_acknowledgement,0,1,classifier_precision,correct_partial,frustrated,0,deepseek-v4-pro,classification_metrics,training,main,canonical
ee94799f516785354273,affect_acknowledgement,1,1,ratio_partition,correct_partial,frustrated,1,MiniMax-M2.7,ratio_partition,training,main,canonical
eed45f9f739605467b23,affect_acknowledgement,0,1,experimental_variable,wrong_attempt,calm,0,MiniMax-M2.7,experimental_design,training,main,canonical
eef9db7aba3356404cd6,affect_acknowledgement,0,1,past_tense,correct_partial,calm,0,MiniMax-M2.7,tense_consistency,training,main,canonical
ef0d34abde2242c5d82d,affect_acknowledgement,1,1,ratio_partition,correct_partial,frustrated,0,MiniMax-M3,ratio_partition,training,main,canonical
ef4113ae737a4bc74633,affect_acknowledgement,1,1,classifier_precision,correct_partial,frustrated,1,doubao-seed-2.0-lite,classification_metrics,training,main,canonical
ef874e9b45df6ea0bc46,affect_acknowledgement,0,1,expected_points,wrong_attempt,frustrated,1,deepseek-v4-pro,expected_value,training,main,canonical
eff0cd403bbce59a01ab,affect_acknowledgement,0,1,conservation_of_mass,correct_partial,calm,1,deepseek-v4-pro,conservation_of_mass,training,main,canonical
f08634455915f49d61e4,affect_acknowledgement,1,1,subject_verb_agreement,wrong_attempt,frustrated,1,glm-5.3,subject_verb_agreement,training,main,canonical
f0fabdc99d1003de37d8,affect_acknowledgement,0,1,single_draw_probability,wrong_attempt,frustrated,1,deepseek-v4-pro,single_draw_probability,training,main,canonical
f10b7b415cb8869aa79f,affect_acknowledgement,1,1,speed_units,wrong_attempt,frustrated,0,MiniMax-M2.7,unit_conversion,training,main,canonical
f12707b1ba54b762ebf8,affect_acknowledgement,0,1,relevant_support,correct_partial,calm,0,MiniMax-M3,argument_relevance,training,main,canonical
f16b932476f30ae7f9a1,affect_acknowledgement,1,1,ordering_constraints,wrong_attempt,frustrated,0,glm-5.3,ordering_constraints,training,main,canonical
f35b251c20b70b15bf2e,affect_acknowledgement,0,1,map_scale,correct_partial,calm,1,MiniMax-M3,unit_conversion,training,main,canonical
f395cb072dcc6576d177,affect_acknowledgement,1,1,arithmetic_sequence,correct_partial,frustrated,1,MiniMax-M3,arithmetic_sequence,training,main,canonical
f3f083b2a2252df5380f,affect_acknowledgement,0,1,conditional_inference,wrong_attempt,calm,0,MiniMax-M2.7,conditional_inference,training,main,canonical
f452c688eb489d5b37fe,affect_acknowledgement,0,1,experimental_variable,wrong_attempt,calm,1,glm-5.3,experimental_design,training,main,canonical
f45f5b91cc29ab1555d3,affect_acknowledgement,1,1,net_force,wrong_attempt,frustrated,0,MiniMax-M3,newtons_second_law,training,main,canonical
f49652a92ef9df74bafd,affect_acknowledgement,1,1,fact_opinion,correct_partial,frustrated,1,deepseek-v4-pro,fact_opinion,training,main,canonical
f4f423ebb87ab431f3b0,affect_acknowledgement,0,1,circuit_current,wrong_attempt,calm,0,glm-5.3,ohms_law,training,main,canonical
f4fe1b4154f821404577,affect_acknowledgement,0,1,food_chain,correct_partial,calm,1,glm-5.3,food_web_relations,training,main,canonical
f56beda7ba8d26a87b1c,affect_acknowledgement,0,1,single_draw_probability,correct_partial,calm,0,glm-5.3,single_draw_probability,training,main,canonical
f5ff36eda258519a09ab,affect_acknowledgement,1,1,past_tense,correct_partial,frustrated,0,doubao-seed-2.0-lite,tense_consistency,training,main,canonical
f64a114ffd537c74892f,affect_acknowledgement,1,1,thermal_energy,correct_partial,calm,0,MiniMax-M3,specific_heat,training,main,canonical
f6960bfb86e30c3dfcd3,affect_acknowledgement,1,1,map_scale,correct_partial,frustrated,1,MiniMax-M3,unit_conversion,training,main,canonical
f7129f4fd089f6294896,affect_acknowledgement,1,1,net_force,wrong_attempt,frustrated,1,MiniMax-M3,newtons_second_law,training,main,canonical
f78da3337f94527d00c8,affect_acknowledgement,1,1,single_draw_probability,wrong_attempt,frustrated,1,glm-5.3,single_draw_probability,training,main,canonical
f7e1e3a1df374ca54b9d,affect_acknowledgement,0,1,fact_opinion,wrong_attempt,calm,1,MiniMax-M3,fact_opinion,training,main,canonical
f83585ed0f9ca66ccf96,affect_acknowledgement,0,1,set_entailment,wrong_attempt,frustrated,0,MiniMax-M2.7,set_entailment,training,main,canonical
f8a4d23253532b4cf0b3,affect_acknowledgement,0,1,weighted_mean,correct_partial,calm,0,glm-5.3,averaging,training,main,canonical
fa43b9a3d963a24b3b9c,affect_acknowledgement,1,1,net_force,correct_partial,calm,0,MiniMax-M3,newtons_second_law,training,main,canonical
fa82d75d2734afc9d62b,affect_acknowledgement,0,1,universal_counterexample,wrong_attempt,calm,0,MiniMax-M2.7,counterexample,training,main,canonical
fa8fa35c9bdd203c408b,affect_acknowledgement,1,1,expected_points,correct_partial,frustrated,0,MiniMax-M2.7,expected_value,training,main,canonical
fb04f9c85e714f3216ec,affect_acknowledgement,1,1,modifier_attachment,correct_partial,frustrated,1,doubao-seed-2.0-lite,modifier_attachment,training,main,canonical
fb2a8aa9cfe6147210b6,affect_acknowledgement,1,1,wave_speed,wrong_attempt,frustrated,1,MiniMax-M3,wave_speed,training,main,canonical
fb4d48eac71d4dd47c2b,affect_acknowledgement,1,1,main_idea,correct_partial,frustrated,1,deepseek-v4-pro,main_idea,training,main,canonical
fc6491e797998df44d12,affect_acknowledgement,0,1,main_idea,wrong_attempt,frustrated,1,MiniMax-M3,main_idea,training,main,canonical
fca922525c15542b6991,affect_acknowledgement,0,1,pronoun_reference,wrong_attempt,calm,1,MiniMax-M2.7,pronoun_reference,training,main,canonical
fcaac42dd882bd35f2ef,affect_acknowledgement,0,1,rectangle_width,correct_partial,calm,1,doubao-seed-2.0-lite,rectangle_perimeter,training,main,canonical
fcee00f294b0e39cca36,affect_acknowledgement,1,1,thermal_energy,correct_partial,frustrated,0,MiniMax-M3,specific_heat,training,main,canonical
fd7ca19fc546b3ea76f7,affect_acknowledgement,0,1,circuit_current,correct_partial,calm,0,MiniMax-M2.7,ohms_law,training,main,canonical
fdba5d7502e13c984752,affect_acknowledgement,1,1,ordering_constraints,correct_partial,calm,1,MiniMax-M3,ordering_constraints,training,main,canonical
fdbaac48aaa0afa36947,affect_acknowledgement,1,1,conditional_inference,wrong_attempt,calm,0,deepseek-v4-pro,conditional_inference,training,main,canonical
fdcc19b03621b7c97d8c,affect_acknowledgement,0,1,pronoun_reference,correct_partial,calm,1,doubao-seed-2.0-lite,pronoun_reference,training,main,canonical
fde3c0cc418a56e19a8a,affect_acknowledgement,1,1,classifier_precision,wrong_attempt,frustrated,0,deepseek-v4-pro,classification_metrics,training,main,canonical
fdebe755ba7abea9f726,affect_acknowledgement,1,1,universal_counterexample,wrong_attempt,frustrated,0,doubao-seed-2.0-lite,counterexample,training,main,canonical
fdec12fc40e11db5db88,affect_acknowledgement,0,1,arithmetic_sequence,correct_partial,calm,1,glm-5.3,arithmetic_sequence,training,main,canonical
fed2df0dcd985e3d8921,affect_acknowledgement,1,1,arithmetic_sequence,correct_partial,frustrated,0,deepseek-v4-pro,arithmetic_sequence,training,main,canonical
ffcc4b370fe0b9e51afa,affect_acknowledgement,1,1,set_entailment,wrong_attempt,frustrated,1,doubao-seed-2.0-lite,set_entailment,training,main,canonical
000de85f3559b68e3844,answer_reveal,1,1,thermal_energy,correct_partial,calm,1,MiniMax-M3,specific_heat,training,main,canonical
0011839caaa9f61025f0,answer_reveal,1,1,fact_opinion,wrong_attempt,frustrated,1,doubao-seed-2.0-lite,fact_opinion,training,main,canonical
0092a9b1c4ccd3f00c15,answer_reveal,1,1,relevant_support,wrong_attempt,calm,0,doubao-seed-2.0-lite,argument_relevance,training,main,canonical
00a9c029518cc9fa86ed,answer_reveal,1,1,arithmetic_sequence,correct_partial,frustrated,1,glm-5.3,arithmetic_sequence,training,main,canonical
00d665a5c51c08b5c0c2,answer_reveal,0,1,expected_points,correct_partial,calm,0,glm-5.3,expected_value,training,main,canonical
00d895b8a069659fce47,answer_reveal,1,1,food_chain,correct_partial,frustrated,0,doubao-seed-2.0-lite,food_web_relations,training,main,canonical
025f6784df68b49207cc,answer_reveal,0,1,expected_points,correct_partial,frustrated,0,glm-5.3,expected_value,training,main,canonical
028d411bbb16b9addddf,answer_reveal,1,1,experimental_variable,wrong_attempt,frustrated,1,doubao-seed-2.0-lite,experimental_design,training,main,canonical
02c3562ff91ebddf11d1,answer_reveal,1,1,conditional_inference,correct_partial,calm,0,doubao-seed-2.0-lite,conditional_inference,training,main,canonical
02fcf1e01ab1c5c5b98e,answer_reveal,1,1,map_scale,wrong_attempt,calm,0,doubao-seed-2.0-lite,unit_conversion,training,main,canonical
039baf32beb6e345cb77,answer_reveal,1,1,experimental_variable,wrong_attempt,calm,0,doubao-seed-2.0-lite,experimental_design,training,main,canonical
03b9c493862e8b6f7732,answer_reveal,1,1,fact_opinion,correct_partial,frustrated,1,glm-5.3,fact_opinion,training,main,canonical
051fb731cfb7aaee6a42,answer_reveal,1,1,conservation_of_mass,wrong_attempt,calm,0,deepseek-v4-pro,conservation_of_mass,training,main,canonical
056530dfc423318f842d,answer_reveal,1,1,thermal_energy,correct_partial,frustrated,0,MiniMax-M2.7,specific_heat,training,main,canonical
057f70c081b827c2baf3,answer_reveal,1,1,net_force,correct_partial,frustrated,0,MiniMax-M2.7,newtons_second_law,training,main,canonical
0586a5c80d5e18357a9b,answer_reveal,1,1,set_entailment,wrong_attempt,calm,0,deepseek-v4-pro,set_entailment,training,main,canonical
05ed757c6f15c100cdbc,answer_reveal,1,1,pronoun_reference,correct_partial,calm,1,MiniMax-M2.7,pronoun_reference,training,main,canonical
06542a6fc8ddcf037ea8,answer_reveal,0,1,food_chain,wrong_attempt,frustrated,1,glm-5.3,food_web_relations,training,main,canonical
06be65e009e390f8b68a,answer_reveal,1,1,simple_inheritance,correct_partial,calm,1,doubao-seed-2.0-lite,mendelian_inheritance,training,main,canonical
06bee78de97a1fb4c8c0,answer_reveal,0,1,wave_speed,wrong_attempt,calm,0,MiniMax-M3,wave_speed,training,main,canonical
073e4b9a1e7f09a3c6f6,answer_reveal,1,1,main_idea,correct_partial,frustrated,0,MiniMax-M2.7,main_idea,training,main,canonical
076c42e07793854aae0c,answer_reveal,1,1,discount_price,wrong_attempt,calm,1,doubao-seed-2.0-lite,discount_price,training,main,canonical
07b0df52365d00e0f42a,answer_reveal,1,1,arithmetic_sequence,wrong_attempt,calm,1,MiniMax-M3,arithmetic_sequence,training,main,canonical
07f512d41882fdfc3353,answer_reveal,1,1,classifier_precision,wrong_attempt,frustrated,1,doubao-seed-2.0-lite,classification_metrics,training,main,canonical
081bb6b7dafdbdf6147c,answer_reveal,1,1,food_chain,correct_partial,frustrated,1,MiniMax-M3,food_web_relations,training,main,canonical
0835536de2d1b4576d98,answer_reveal,1,1,wave_speed,wrong_attempt,frustrated,0,MiniMax-M2.7,wave_speed,training,main,canonical
085f304c7bc717b2d83b,answer_reveal,1,1,arithmetic_sequence,wrong_attempt,calm,1,deepseek-v4-pro,arithmetic_sequence,training,main,canonical
08b2fb45770c29328b74,answer_reveal,1,1,modifier_attachment,correct_partial,frustrated,0,deepseek-v4-pro,modifier_attachment,training,main,canonical
08d8629e160cd8429ae6,answer_reveal,1,1,subject_verb_agreement,correct_partial,frustrated,1,MiniMax-M2.7,subject_verb_agreement,training,main,canonical
093a69e065b00efa4dc9,answer_reveal,1,1,ordering_constraints,wrong_attempt,frustrated,0,MiniMax-M3,ordering_constraints,training,main,canonical
096a809bc0c5cc3c11fe,answer_reveal,1,1,subject_verb_agreement,wrong_attempt,calm,0,deepseek-v4-pro,subject_verb_agreement,training,main,canonical
09802f7574adcc01b9f7,answer_reveal,1,1,experimental_variable,wrong_attempt,calm,1,MiniMax-M2.7,experimental_design,training,main,canonical
09f2090997f0d21b2624,answer_reveal,1,1,ordering_constraints,wrong_attempt,calm,0,MiniMax-M3,ordering_constraints,training,main,canonical
0a1e1ff687010dd27ed4,answer_reveal,1,1,map_scale,correct_partial,calm,0,MiniMax-M3,unit_conversion,training,main,canonical
0ae183a67ff75ff4e31f,answer_reveal,1,1,food_chain,wrong_attempt,calm,1,glm-5.3,food_web_relations,training,main,canonical
0b2a30d705a3378cbfe9,answer_reveal,1,1,net_force,wrong_attempt,frustrated,0,MiniMax-M2.7,newtons_second_law,training,main,canonical
0b4d63c14809f9744b94,answer_reveal,1,1,universal_counterexample,correct_partial,frustrated,1,MiniMax-M2.7,counterexample,training,main,canonical
0bab4e6c0d0a3c66726c,answer_reveal,1,1,relevant_support,wrong_attempt,frustrated,1,MiniMax-M2.7,argument_relevance,training,main,canonical
0bf2f2df315a0de10bee,answer_reveal,1,1,classifier_precision,correct_partial,calm,0,MiniMax-M3,classification_metrics,training,main,canonical
0c1a73fbf9eea7d76f54,answer_reveal,1,1,net_force,correct_partial,frustrated,0,doubao-seed-2.0-lite,newtons_second_law,training,main,canonical
0c3765a6f71dd21ebfdf,answer_reveal,0,1,ratio_partition,wrong_attempt,calm,0,glm-5.3,ratio_partition,training,main,canonical
0c6f6d5c1bd4bb0c928e,answer_reveal,1,1,experimental_variable,correct_partial,calm,0,MiniMax-M2.7,experimental_design,training,main,canonical
0c7425c1807a56193931,answer_reveal,1,1,arithmetic_mean,wrong_attempt,calm,0,doubao-seed-2.0-lite,averaging,training,main,canonical
0cef2200c5d1aaa909a9,answer_reveal,1,1,ratio_partition,correct_partial,calm,0,deepseek-v4-pro,ratio_partition,training,main,canonical
0d3c585eb56a230ad9db,answer_reveal,1,1,comma_splice,wrong_attempt,calm,0,MiniMax-M3,clause_punctuation,training,main,canonical
0d8fa499fc7e56017c1c,answer_reveal,1,1,pronoun_reference,wrong_attempt,frustrated,1,doubao-seed-2.0-lite,pronoun_reference,training,main,canonical
0dd03c0875c12ace0635,answer_reveal,1,1,comma_splice,wrong_attempt,frustrated,0,MiniMax-M2.7,clause_punctuation,training,main,canonical
0e0537c33896a2d4f092,answer_reveal,1,1,thermal_energy,correct_partial,calm,0,MiniMax-M2.7,specific_heat,training,main,canonical
0eb77d92a536b8d1efb4,answer_reveal,1,1,map_scale,correct_partial,frustrated,1,MiniMax-M2.7,unit_conversion,training,main,canonical
0ec35b60d4ac5ab9c326,answer_reveal,1,1,subject_verb_agreement,wrong_attempt,calm,0,MiniMax-M3,subject_verb_agreement,training,main,canonical
0ed187c6b1610ea04c55,answer_reveal,1,1,rectangle_width,wrong_attempt,calm,0,MiniMax-M3,rectangle_perimeter,training,main,canonical
0f0cddcba637413c033f,answer_reveal,1,1,thermal_energy,correct_partial,calm,0,doubao-seed-2.0-lite,specific_heat,training,main,canonical
0f297d7d2dd9227f11d4,answer_reveal,1,1,net_force,correct_partial,frustrated,1,MiniMax-M3,newtons_second_law,training,main,canonical
0fa1cad47a564babfba4,answer_reveal,0,1,past_tense,correct_partial,frustrated,1,MiniMax-M2.7,tense_consistency,training,main,canonical
10007121ec15c08de509,answer_reveal,1,1,expected_points,wrong_attempt,calm,1,MiniMax-M3,expected_value,training,main,canonical
10284be9b7b63beb35c9,answer_reveal,1,1,pronoun_reference,wrong_attempt,calm,0,deepseek-v4-pro,pronoun_reference,training,main,canonical
102aebd65a4b13916707,answer_reveal,0,0,classifier_precision,wrong_attempt,frustrated,0,glm-5.3,classification_metrics,training,main,canonical
10623e6486e9f10cea0a,answer_reveal,1,1,arithmetic_sequence,correct_partial,calm,1,doubao-seed-2.0-lite,arithmetic_sequence,training,main,canonical
10af9884a0dd2886bb9c,answer_reveal,1,1,speed_units,wrong_attempt,frustrated,0,deepseek-v4-pro,unit_conversion,training,main,canonical
10b88d2ce1785fb4b669,answer_reveal,1,1,relevant_support,correct_partial,calm,0,MiniMax-M2.7,argument_relevance,training,main,canonical
113e2825e5ea94a69f82,answer_reveal,1,1,fact_opinion,wrong_attempt,calm,1,doubao-seed-2.0-lite,fact_opinion,training,main,canonical
117b064c61d0d7a51f15,answer_reveal,0,1,ordering_constraints,correct_partial,frustrated,1,glm-5.3,ordering_constraints,training,main,canonical
11a548aa9575a0649eb3,answer_reveal,0,1,arithmetic_sequence,wrong_attempt,calm,1,glm-5.3,arithmetic_sequence,training,main,canonical
11f4391626aab4b60bb6,answer_reveal,1,1,net_force,wrong_attempt,frustrated,1,MiniMax-M2.7,newtons_second_law,training,main,canonical
12ad0dccee5babb6a156,answer_reveal,1,1,thermal_energy,wrong_attempt,calm,0,deepseek-v4-pro,specific_heat,training,main,canonical
12bddfa074944263887c,answer_reveal,1,1,conjunctive_rule,wrong_attempt,frustrated,1,deepseek-v4-pro,conjunctive_rule,training,main,canonical
14b0ed78a8d83398d8d2,answer_reveal,0,1,conditional_inference,wrong_attempt,calm,0,glm-5.3,conditional_inference,training,main,canonical
14c16f7049b522b999b8,answer_reveal,1,1,modifier_attachment,wrong_attempt,frustrated,1,MiniMax-M3,modifier_attachment,training,main,canonical
155f2fa785a9deba8845,answer_reveal,0,1,modifier_attachment,correct_partial,frustrated,1,glm-5.3,modifier_attachment,training,main,canonical
158b0a4d8fd175445fcc,answer_reveal,1,1,rectangle_width,wrong_attempt,calm,0,deepseek-v4-pro,rectangle_perimeter,training,main,canonical
169a404a0a3ad46b72e6,answer_reveal,0,1,map_scale,correct_partial,calm,1,glm-5.3,unit_conversion,training,main,canonical
16d62370d187701d9c89,answer_reveal,1,1,past_tense,wrong_attempt,frustrated,1,doubao-seed-2.0-lite,tense_consistency,training,main,canonical
16f3f8e9ae7c1b93628e,answer_reveal,1,1,circuit_current,wrong_attempt,calm,1,deepseek-v4-pro,ohms_law,training,main,canonical
16f59fb7d5cb47303622,answer_reveal,0,1,conservation_of_mass,correct_partial,calm,0,glm-5.3,conservation_of_mass,training,main,canonical
171172625dd9dd1b578e,answer_reveal,1,1,net_force,correct_partial,calm,0,deepseek-v4-pro,newtons_second_law,training,main,canonical
17e1c88e0208c4363bb0,answer_reveal,1,1,single_draw_probability,wrong_attempt,frustrated,0,MiniMax-M2.7,single_draw_probability,training,main,canonical
1880dd2538e055742e7c,answer_reveal,1,1,arithmetic_mean,correct_partial,frustrated,1,deepseek-v4-pro,averaging,training,main,canonical
18e5075c38d931e89f89,answer_reveal,1,1,set_entailment,wrong_attempt,frustrated,0,MiniMax-M3,set_entailment,training,main,canonical
190072349b8e158ca8ab,answer_reveal,0,1,conservation_of_mass,wrong_attempt,calm,1,glm-5.3,conservation_of_mass,training,main,canonical
1935247449d6ccfd7115,answer_reveal,1,1,classifier_precision,wrong_attempt,calm,1,deepseek-v4-pro,classification_metrics,training,main,canonical
19461e7b8c2c29b767c7,answer_reveal,0,1,set_entailment,wrong_attempt,calm,1,glm-5.3,set_entailment,training,main,canonical
197ddcab5ed99463fffa,answer_reveal,1,1,arithmetic_sequence,correct_partial,frustrated,1,MiniMax-M2.7,arithmetic_sequence,training,main,canonical
19916228be06daef9498,answer_reveal,1,1,map_scale,wrong_attempt,frustrated,0,deepseek-v4-pro,unit_conversion,training,main,canonical
19964d11d7ea5d4aeb9c,answer_reveal,1,1,simple_inheritance,correct_partial,frustrated,0,doubao-seed-2.0-lite,mendelian_inheritance,training,main,canonical
1a0e814d9ccbeccb3bb9,answer_reveal,1,1,net_force,correct_partial,frustrated,1,deepseek-v4-pro,newtons_second_law,training,main,canonical
1a29db462880a53e4cd4,answer_reveal,0,1,conjunctive_rule,wrong_attempt,calm,1,glm-5.3,conjunctive_rule,training,main,canonical
1a78060d96ea4eceaf49,answer_reveal,0,1,pronoun_reference,wrong_attempt,frustrated,0,glm-5.3,pronoun_reference,training,main,canonical
1a8f6c97a92151e67268,answer_reveal,1,1,arithmetic_sequence,correct_partial,frustrated,1,deepseek-v4-pro,arithmetic_sequence,training,main,canonical
1aec6ed308f7322a599c,answer_reveal,1,1,single_draw_probability,correct_partial,calm,1,MiniMax-M3,single_draw_probability,training,main,canonical
1bcf3e317c65924e1f97,answer_reveal,1,1,set_entailment,correct_partial,calm,0,MiniMax-M3,set_entailment,training,main,canonical
1c04903c0d5bd0d625e8,answer_reveal,1,1,rectangle_width,wrong_attempt,calm,0,doubao-seed-2.0-lite,rectangle_perimeter,training,main,canonical
1d6d2018e5b52b76ea55,answer_reveal,1,1,net_force,wrong_attempt,frustrated,0,doubao-seed-2.0-lite,newtons_second_law,training,main,canonical
1df59c77b5aef9b2930f,answer_reveal,1,1,net_force,wrong_attempt,calm,0,MiniMax-M3,newtons_second_law,training,main,canonical
1e213875cb456cd605c8,answer_reveal,1,1,ratio_partition,correct_partial,calm,0,MiniMax-M2.7,ratio_partition,training,main,canonical
1e3502ff7bf54cac53d8,answer_reveal,1,1,wave_speed,wrong_attempt,calm,1,MiniMax-M2.7,wave_speed,training,main,canonical
1e73a7073efe73429c88,answer_reveal,1,1,circuit_current,correct_partial,frustrated,0,doubao-seed-2.0-lite,ohms_law,training,main,canonical
1e9f57024a31fe6badf8,answer_reveal,1,1,food_chain,correct_partial,calm,0,MiniMax-M3,food_web_relations,training,main,canonical
1ecb84ac8fb921095c33,answer_reveal,1,1,universal_counterexample,correct_partial,calm,0,MiniMax-M2.7,counterexample,training,main,canonical
1ef05eb397f995b277c5,answer_reveal,1,1,modifier_attachment,correct_partial,calm,1,MiniMax-M2.7,modifier_attachment,training,main,canonical
1f07d7a037e307c24d47,answer_reveal,0,1,conservation_of_mass,correct_partial,frustrated,0,glm-5.3,conservation_of_mass,training,main,canonical
1f898c5a620ad0a462b8,answer_reveal,1,1,thermal_energy,correct_partial,frustrated,1,MiniMax-M2.7,specific_heat,training,main,canonical
2095bfc0da76fc7855ab,answer_reveal,1,1,arithmetic_mean,correct_partial,frustrated,1,doubao-seed-2.0-lite,averaging,training,main,canonical
20eeaf89e291b424843b,answer_reveal,1,1,experimental_variable,wrong_attempt,calm,0,deepseek-v4-pro,experimental_design,training,main,canonical
2171f9535ad7f2303f49,answer_reveal,1,1,wave_speed,correct_partial,frustrated,0,MiniMax-M2.7,wave_speed,training,main,canonical
21abfc486e4e9de13182,answer_reveal,0,1,main_idea,correct_partial,calm,0,MiniMax-M2.7,main_idea,training,main,canonical
21c3ab4b72d309c2d35e,answer_reveal,0,1,expected_points,correct_partial,calm,1,glm-5.3,expected_value,training,main,canonical
21ce0d20b4b81a9a2a49,answer_reveal,1,1,circuit_current,wrong_attempt,frustrated,1,MiniMax-M3,ohms_law,training,main,canonical
2215926151d9beb376dd,answer_reveal,1,1,ordering_constraints,correct_partial,frustrated,1,deepseek-v4-pro,ordering_constraints,training,main,canonical
222f01fa741352427bdc,answer_reveal,1,1,arithmetic_mean,wrong_attempt,calm,1,deepseek-v4-pro,averaging,training,main,canonical
22311688d065cc4ac78c,answer_reveal,1,1,weighted_mean,wrong_attempt,frustrated,1,MiniMax-M3,averaging,training,main,canonical
22e34b7f492b95a3afd6,answer_reveal,1,1,modifier_attachment,correct_partial,frustrated,0,MiniMax-M3,modifier_attachment,training,main,canonical
22e7d0bb802cddc95486,answer_reveal,1,1,subject_verb_agreement,correct_partial,frustrated,0,doubao-seed-2.0-lite,subject_verb_agreement,training,main,canonical
237ff02543a332bc587d,answer_reveal,1,1,main_idea,wrong_attempt,frustrated,0,deepseek-v4-pro,main_idea,training,main,canonical
238030c973bfec3cc51b,answer_reveal,1,1,thermal_energy,correct_partial,frustrated,1,doubao-seed-2.0-lite,specific_heat,training,main,canonical
23a6bd0d53b8d210b6f8,answer_reveal,1,1,weighted_mean,correct_partial,calm,1,MiniMax-M2.7,averaging,training,main,canonical
23ed0007e7dbb25034eb,answer_reveal,1,1,pronoun_reference,wrong_attempt,calm,1,deepseek-v4-pro,pronoun_reference,training,main,canonical
24525fde240784dbf7cf,answer_reveal,1,1,ratio_partition,correct_partial,calm,1,deepseek-v4-pro,ratio_partition,training,main,canonical
248a8c8938212775b279,answer_reveal,1,1,pronoun_reference,correct_partial,calm,0,MiniMax-M2.7,pronoun_reference,training,main,canonical
24afce20a2fc5c9a9879,answer_reveal,1,1,ratio_partition,wrong_attempt,frustrated,0,doubao-seed-2.0-lite,ratio_partition,training,main,canonical
24b588c442c432cdb8fc,answer_reveal,1,1,conditional_inference,wrong_attempt,frustrated,1,MiniMax-M2.7,conditional_inference,training,main,canonical
2510a420086130715cc2,answer_reveal,1,1,ordering_constraints,correct_partial,frustrated,0,MiniMax-M2.7,ordering_constraints,training,main,canonical
25534f6bbe0ca5d08639,answer_reveal,0,1,conditional_inference,wrong_attempt,frustrated,0,glm-5.3,conditional_inference,training,main,canonical
25995b186ffa98e96753,answer_reveal,1,1,conjunctive_rule,correct_partial,calm,1,doubao-seed-2.0-lite,conjunctive_rule,training,main,canonical
25aca06d42156b29f100,answer_reveal,1,1,wave_speed,wrong_attempt,frustrated,0,MiniMax-M3,wave_speed,training,main,canonical
25e6eef73bc7a813d09f,answer_reveal,1,1,ordering_constraints,correct_partial,calm,0,MiniMax-M2.7,ordering_constraints,training,main,canonical
261d5d701efa82d2d0b1,answer_reveal,0,1,arithmetic_mean,correct_partial,calm,1,MiniMax-M3,averaging,training,main,canonical
2639a10c41a951fd7cd2,answer_reveal,1,1,simple_inheritance,correct_partial,frustrated,1,MiniMax-M3,mendelian_inheritance,training,main,canonical
26406149fd1551d9be10,answer_reveal,1,1,ordering_constraints,wrong_attempt,frustrated,0,MiniMax-M2.7,ordering_constraints,training,main,canonical
267ea773d86367d635df,answer_reveal,1,1,discount_price,wrong_attempt,calm,0,doubao-seed-2.0-lite,discount_price,training,main,canonical
269913050f223f3b1d01,answer_reveal,1,1,experimental_variable,correct_partial,frustrated,0,doubao-seed-2.0-lite,experimental_design,training,main,canonical
26a2c6e56cf90fd6f1e2,answer_reveal,1,1,weighted_mean,wrong_attempt,frustrated,1,deepseek-v4-pro,averaging,training,main,canonical
26b908e8cead36bcfa54,answer_reveal,1,1,speed_units,correct_partial,calm,0,deepseek-v4-pro,unit_conversion,training,main,canonical
26e191cb366d328b3257,answer_reveal,1,1,food_chain,wrong_attempt,frustrated,0,deepseek-v4-pro,food_web_relations,training,main,canonical
26fda8b053de52020537,answer_reveal,1,1,fact_opinion,correct_partial,frustrated,1,MiniMax-M2.7,fact_opinion,training,main,canonical
2705d1e5fdc56f03bd83,answer_reveal,1,1,discount_price,correct_partial,calm,0,deepseek-v4-pro,discount_price,training,main,canonical
27120932b45320a2a4d8,answer_reveal,1,1,food_chain,correct_partial,frustrated,1,glm-5.3,food_web_relations,training,main,canonical
2716c7a357941f56e2eb,answer_reveal,1,1,main_idea,wrong_attempt,calm,1,MiniMax-M2.7,main_idea,training,main,canonical
276c9b5165ecc6ddccaf,answer_reveal,1,1,rectangle_width,correct_partial,frustrated,0,doubao-seed-2.0-lite,rectangle_perimeter,training,main,canonical
277a04dd723303b86c3b,answer_reveal,1,1,single_draw_probability,correct_partial,calm,0,deepseek-v4-pro,single_draw_probability,training,main,canonical
28871524cb385060a3f0,answer_reveal,1,1,ratio_partition,correct_partial,frustrated,0,deepseek-v4-pro,ratio_partition,training,main,canonical
2938f43b16924d105471,answer_reveal,0,1,expected_points,wrong_attempt,frustrated,1,glm-5.3,expected_value,training,main,canonical
2975e7525801967caebb,answer_reveal,1,1,thermal_energy,wrong_attempt,frustrated,1,doubao-seed-2.0-lite,specific_heat,training,main,canonical
2a228bafc40c2a2d6e15,answer_reveal,1,1,main_idea,wrong_attempt,calm,1,deepseek-v4-pro,main_idea,training,main,canonical
2a2ca642c29dd9b28c80,answer_reveal,1,1,single_draw_probability,correct_partial,frustrated,0,deepseek-v4-pro,single_draw_probability,training,main,canonical
2a33615d19faf817cb55,answer_reveal,1,1,universal_counterexample,wrong_attempt,calm,0,MiniMax-M3,counterexample,training,main,canonical
2aabd15d42a47d911a1b,answer_reveal,1,1,ordering_constraints,wrong_attempt,frustrated,1,doubao-seed-2.0-lite,ordering_constraints,training,main,canonical
2ab3c233d86558d03955,answer_reveal,1,1,rectangle_width,correct_partial,calm,1,MiniMax-M2.7,rectangle_perimeter,training,main,canonical
2b2e27a0c0dc470001f3,answer_reveal,1,1,pronoun_reference,wrong_attempt,calm,1,doubao-seed-2.0-lite,pronoun_reference,training,main,canonical
2c1607bc6a5da57e158e,answer_reveal,1,1,fact_opinion,wrong_attempt,frustrated,0,doubao-seed-2.0-lite,fact_opinion,training,main,canonical
2c24f782faf55dc9d1b5,answer_reveal,1,1,net_force,correct_partial,frustrated,0,MiniMax-M3,newtons_second_law,training,main,canonical
2c2a0b797faf9eea1c87,answer_reveal,1,1,past_tense,correct_partial,calm,1,MiniMax-M2.7,tense_consistency,training,main,canonical
2c5329f0919152af2532,answer_reveal,1,1,map_scale,wrong_attempt,frustrated,1,MiniMax-M2.7,unit_conversion,training,main,canonical
2cb5bd4189eb829fc3ff,answer_reveal,0,1,conservation_of_mass,correct_partial,calm,0,MiniMax-M3,conservation_of_mass,training,main,canonical
2cca30e643e6a33f6fab,answer_reveal,0,1,relevant_support,wrong_attempt,frustrated,0,glm-5.3,argument_relevance,training,main,canonical
2ce11216ff65df0f9762,answer_reveal,1,1,comma_splice,wrong_attempt,calm,0,glm-5.3,clause_punctuation,training,main,canonical
2d0673518c2cc48e9e5f,answer_reveal,1,1,modifier_attachment,wrong_attempt,calm,0,MiniMax-M3,modifier_attachment,training,main,canonical
2eda5861ebe1fa5f8ad0,answer_reveal,1,1,conservation_of_mass,correct_partial,frustrated,0,MiniMax-M2.7,conservation_of_mass,training,main,canonical
2eea6406297ae97ed231,answer_reveal,1,0,universal_counterexample,correct_partial,frustrated,0,glm-5.3,counterexample,training,main,canonical
2f36cc90a5dbea80fac3,answer_reveal,1,1,wave_speed,wrong_attempt,calm,1,doubao-seed-2.0-lite,wave_speed,training,main,canonical
2f52c7e4625f9c300dde,answer_reveal,1,1,ratio_partition,wrong_attempt,frustrated,0,MiniMax-M2.7,ratio_partition,training,main,canonical
30efdb130ffa8d4206ae,answer_reveal,1,1,speed_units,wrong_attempt,frustrated,1,doubao-seed-2.0-lite,unit_conversion,training,main,canonical
31ba7a8f2e7f0c4f3600,answer_reveal,1,1,thermal_energy,correct_partial,calm,1,doubao-seed-2.0-lite,specific_heat,training,main,canonical
32210806d72253dc6380,answer_reveal,1,1,modifier_attachment,correct_partial,frustrated,0,glm-5.3,modifier_attachment,training,main,canonical
3223fb7819dd3e383fdf,answer_reveal,1,1,arithmetic_sequence,wrong_attempt,calm,0,deepseek-v4-pro,arithmetic_sequence,training,main,canonical
32af60315e169c3d7d6c,answer_reveal,1,1,modifier_attachment,correct_partial,calm,1,MiniMax-M3,modifier_attachment,training,main,canonical
32da0c4fe4a843aa42dd,answer_reveal,1,1,map_scale,correct_partial,frustrated,0,deepseek-v4-pro,unit_conversion,training,main,canonical
330aefb8bcea23e0b40d,answer_reveal,0,1,conjunctive_rule,correct_partial,calm,0,MiniMax-M2.7,conjunctive_rule,training,main,canonical
331eba89daae216afa74,answer_reveal,1,1,subject_verb_agreement,wrong_attempt,frustrated,0,doubao-seed-2.0-lite,subject_verb_agreement,training,main,canonical
336727fc9bdfecc4378c,answer_reveal,0,1,net_force,correct_partial,calm,1,glm-5.3,newtons_second_law,training,main,canonical
33bb1779dcffc2f9d262,answer_reveal,1,1,map_scale,wrong_attempt,frustrated,0,MiniMax-M3,unit_conversion,training,main,canonical
33e68a393f5edab58929,answer_reveal,0,1,circuit_current,correct_partial,calm,1,MiniMax-M3,ohms_law,training,main,canonical
34384ad0fdbaca9f1680,answer_reveal,1,1,single_draw_probability,correct_partial,frustrated,1,MiniMax-M2.7,single_draw_probability,training,main,canonical
3538a214a2a88679bd1a,answer_reveal,1,1,expected_points,correct_partial,calm,0,doubao-seed-2.0-lite,expected_value,training,main,canonical
359c1ff00f8283f09408,answer_reveal,1,1,set_entailment,wrong_attempt,frustrated,1,MiniMax-M3,set_entailment,training,main,canonical
35ea5dc5a4a362d249e8,answer_reveal,0,1,circuit_current,correct_partial,frustrated,1,glm-5.3,ohms_law,training,main,canonical
36c32dd15bc2e56dd1a2,answer_reveal,1,1,ordering_constraints,correct_partial,calm,0,doubao-seed-2.0-lite,ordering_constraints,training,main,canonical
37415bb4a3a3d3d83ffa,answer_reveal,1,1,classifier_precision,wrong_attempt,calm,0,MiniMax-M3,classification_metrics,training,main,canonical
377a646245e8da141395,answer_reveal,1,1,food_chain,correct_partial,calm,1,deepseek-v4-pro,food_web_relations,training,main,canonical
37a33cbe6ad126abf713,answer_reveal,1,1,classifier_precision,wrong_attempt,calm,0,doubao-seed-2.0-lite,classification_metrics,training,main,canonical
3837a48a73f77c72690f,answer_reveal,1,1,pronoun_reference,correct_partial,calm,1,MiniMax-M3,pronoun_reference,training,main,canonical
394408cd3199c3b99b60,answer_reveal,1,1,weighted_mean,correct_partial,frustrated,1,doubao-seed-2.0-lite,averaging,training,main,canonical
3a904a4e01b30c3c8f30,answer_reveal,0,1,discount_price,wrong_attempt,calm,0,MiniMax-M3,discount_price,training,main,canonical
3c1a6ffff823d35a37c7,answer_reveal,1,1,speed_units,correct_partial,calm,1,MiniMax-M3,unit_conversion,training,main,canonical
3c447706c0063b7848d4,answer_reveal,1,1,set_entailment,wrong_attempt,calm,0,MiniMax-M2.7,set_entailment,training,main,canonical
3c615153cae2f79878e0,answer_reveal,1,1,arithmetic_sequence,wrong_attempt,calm,0,MiniMax-M2.7,arithmetic_sequence,training,main,canonical
3c8540a9102a03c6f12a,answer_reveal,1,1,past_tense,correct_partial,calm,0,doubao-seed-2.0-lite,tense_consistency,training,main,canonical
3cd3291e0e1976611f82,answer_reveal,1,1,thermal_energy,wrong_attempt,calm,1,MiniMax-M2.7,specific_heat,training,main,canonical
3dd1b001111a44b300f0,answer_reveal,1,1,wave_speed,wrong_attempt,frustrated,0,deepseek-v4-pro,wave_speed,training,main,canonical
3e3288a1d27b02d5931f,answer_reveal,1,1,experimental_variable,wrong_attempt,calm,1,MiniMax-M3,experimental_design,training,main,canonical
3e711ed23b093cd53ee2,answer_reveal,1,1,past_tense,correct_partial,calm,1,deepseek-v4-pro,tense_consistency,training,main,canonical
3f41c52f536521dabefc,answer_reveal,1,1,modifier_attachment,correct_partial,frustrated,0,MiniMax-M2.7,modifier_attachment,training,main,canonical
3f7f6bf649260830ab85,answer_reveal,1,1,comma_splice,wrong_attempt,calm,0,deepseek-v4-pro,clause_punctuation,training,main,canonical
3fdbaa3447b1491b725d,answer_reveal,1,1,map_scale,wrong_attempt,frustrated,1,MiniMax-M3,unit_conversion,training,main,canonical
4038e673bf1419f9cb83,answer_reveal,1,1,pronoun_reference,wrong_attempt,frustrated,1,MiniMax-M2.7,pronoun_reference,training,main,canonical
4099eae6e106eaa058cf,answer_reveal,0,1,conjunctive_rule,wrong_attempt,calm,0,glm-5.3,conjunctive_rule,training,main,canonical
40bb50c0a08d2c96446b,answer_reveal,0,1,conditional_inference,wrong_attempt,frustrated,1,glm-5.3,conditional_inference,training,main,canonical
41366c88c6f35b10dcdb,answer_reveal,1,1,ordering_constraints,correct_partial,frustrated,1,MiniMax-M3,ordering_constraints,training,main,canonical
414b5bcceb2232a08039,answer_reveal,1,1,simple_inheritance,wrong_attempt,calm,1,MiniMax-M2.7,mendelian_inheritance,training,main,canonical
419c01e9ccf9dc9e9e7a,answer_reveal,1,1,rectangle_width,wrong_attempt,frustrated,1,deepseek-v4-pro,rectangle_perimeter,training,main,canonical
422f2fcc158701645c20,answer_reveal,1,1,subject_verb_agreement,correct_partial,calm,1,deepseek-v4-pro,subject_verb_agreement,training,main,canonical
42afdbcc9e61b7a9337d,answer_reveal,0,1,discount_price,wrong_attempt,frustrated,1,MiniMax-M3,discount_price,training,main,canonical
43986994c92c127cde59,answer_reveal,1,1,set_entailment,correct_partial,frustrated,0,MiniMax-M2.7,set_entailment,training,main,canonical
43d4cc47b3f40bb9e847,answer_reveal,0,1,universal_counterexample,correct_partial,calm,0,glm-5.3,counterexample,training,main,canonical
4415d93e1567ad9056ab,answer_reveal,0,1,conservation_of_mass,wrong_attempt,calm,0,glm-5.3,conservation_of_mass,training,main,canonical
4448b1264155e4122a69,answer_reveal,1,1,main_idea,wrong_attempt,calm,0,MiniMax-M3,main_idea,training,main,canonical
45a4a087369474b18c3e,answer_reveal,1,1,wave_speed,correct_partial,frustrated,1,MiniMax-M2.7,wave_speed,training,main,canonical
45c5e27b9c7e65364de7,answer_reveal,1,1,speed_units,wrong_attempt,calm,1,doubao-seed-2.0-lite,unit_conversion,training,main,canonical
45d95eff4cf47e45ea2f,answer_reveal,1,1,food_chain,wrong_attempt,calm,1,deepseek-v4-pro,food_web_relations,training,main,canonical
46040f40feaf34559d17,answer_reveal,1,1,rectangle_width,wrong_attempt,frustrated,1,MiniMax-M2.7,rectangle_perimeter,training,main,canonical
4616aa52d82f90b2a441,answer_reveal,1,1,classifier_precision,correct_partial,calm,1,doubao-seed-2.0-lite,classification_metrics,training,main,canonical
461a61db67beb0750d7d,answer_reveal,1,1,thermal_energy,wrong_attempt,frustrated,0,MiniMax-M2.7,specific_heat,training,main,canonical
464eacbe32df221ac1f4,answer_reveal,1,1,arithmetic_sequence,wrong_attempt,frustrated,1,MiniMax-M2.7,arithmetic_sequence,training,main,canonical
467a0a6b4292f31ae21b,answer_reveal,0,1,discount_price,correct_partial,calm,0,MiniMax-M3,discount_price,training,main,canonical
46be26109b5a947c6588,answer_reveal,1,1,subject_verb_agreement,wrong_attempt,calm,1,MiniMax-M3,subject_verb_agreement,training,main,canonical
46dcac31bef7f426925b,answer_reveal,0,1,modifier_attachment,wrong_attempt,frustrated,1,glm-5.3,modifier_attachment,training,main,canonical
46f5c726eb8086c2e484,answer_reveal,1,1,food_chain,wrong_attempt,frustrated,1,MiniMax-M3,food_web_relations,training,main,canonical
4730043b336b53476fe0,answer_reveal,1,1,simple_inheritance,correct_partial,frustrated,0,MiniMax-M3,mendelian_inheritance,training,main,canonical
479fa05e32aa10be31c2,answer_reveal,1,1,classifier_precision,correct_partial,frustrated,0,MiniMax-M3,classification_metrics,training,main,canonical
47d470fccafcb43b8eff,answer_reveal,1,1,circuit_current,wrong_attempt,frustrated,0,doubao-seed-2.0-lite,ohms_law,training,main,canonical
4859a5c83e5e5ccb6e5b,answer_reveal,1,1,conditional_inference,wrong_attempt,calm,0,MiniMax-M3,conditional_inference,training,main,canonical
48db7355665a9283e7f3,answer_reveal,1,1,net_force,wrong_attempt,calm,0,MiniMax-M2.7,newtons_second_law,training,main,canonical
4962626092a7e7d8cbf4,answer_reveal,1,1,arithmetic_mean,correct_partial,frustrated,1,MiniMax-M2.7,averaging,training,main,canonical
4a6f82c45fc98419e780,answer_reveal,1,1,past_tense,wrong_attempt,calm,1,MiniMax-M2.7,tense_consistency,training,main,canonical
4aafbee9929c0200e743,answer_reveal,0,1,conjunctive_rule,correct_partial,frustrated,1,glm-5.3,conjunctive_rule,training,main,canonical
4ab544a076d26b2844ae,answer_reveal,1,1,thermal_energy,wrong_attempt,frustrated,1,MiniMax-M2.7,specific_heat,training,main,canonical
4ab9916d02225a90253f,answer_reveal,1,1,weighted_mean,correct_partial,calm,1,doubao-seed-2.0-lite,averaging,training,main,canonical
4af1a1bc9af9533bf3d9,answer_reveal,1,1,conjunctive_rule,correct_partial,calm,0,doubao-seed-2.0-lite,conjunctive_rule,training,main,canonical
4b84e1881194e5cdcb26,answer_reveal,1,1,relevant_support,correct_partial,frustrated,0,MiniMax-M2.7,argument_relevance,training,main,canonical
4c0e31059071e9ea07b0,answer_reveal,1,1,subject_verb_agreement,wrong_attempt,calm,1,doubao-seed-2.0-lite,subject_verb_agreement,training,main,canonical
4c47783e0f67c90b1111,answer_reveal,0,1,speed_units,wrong_attempt,calm,0,glm-5.3,unit_conversion,training,main,canonical
4c50243f2397f5fd1578,answer_reveal,1,1,circuit_current,wrong_attempt,frustrated,1,MiniMax-M2.7,ohms_law,training,main,canonical
4cab5325a89c4d8f74e1,answer_reveal,0,1,conservation_of_mass,correct_partial,frustrated,1,glm-5.3,conservation_of_mass,training,main,canonical
4ce2a2d721d3ea47b8c6,answer_reveal,1,1,ordering_constraints,correct_partial,frustrated,0,deepseek-v4-pro,ordering_constraints,training,main,canonical
4cff3a684511df1ee95d,answer_reveal,1,1,conditional_inference,wrong_attempt,frustrated,0,doubao-seed-2.0-lite,conditional_inference,training,main,canonical
4d57ef4f346372867c71,answer_reveal,1,1,pronoun_reference,correct_partial,frustrated,0,MiniMax-M2.7,pronoun_reference,training,main,canonical
4e83bbc648d77ae7b264,answer_reveal,1,1,main_idea,correct_partial,calm,0,doubao-seed-2.0-lite,main_idea,training,main,canonical
4eb566699d7bf1d7b525,answer_reveal,1,1,arithmetic_mean,wrong_attempt,calm,1,doubao-seed-2.0-lite,averaging,training,main,canonical
4f1a15017d71ba6bd980,answer_reveal,0,1,weighted_mean,correct_partial,frustrated,1,MiniMax-M3,averaging,training,main,canonical
4febd5b1397306e748e5,answer_reveal,0,1,wave_speed,wrong_attempt,calm,0,glm-5.3,wave_speed,training,main,canonical
504dfb0c90650d57b90e,answer_reveal,1,1,past_tense,wrong_attempt,calm,1,MiniMax-M3,tense_consistency,training,main,canonical
505154a9577ab32a5246,answer_reveal,1,1,relevant_support,wrong_attempt,frustrated,1,doubao-seed-2.0-lite,argument_relevance,training,main,canonical
5056ec8e473917b2e221,answer_reveal,1,1,conservation_of_mass,wrong_attempt,frustrated,1,deepseek-v4-pro,conservation_of_mass,training,main,canonical
5070361083c46b99aed5,answer_reveal,1,1,weighted_mean,correct_partial,calm,1,deepseek-v4-pro,averaging,training,main,canonical
50c8150cd1764801b14b,answer_reveal,1,1,ratio_partition,wrong_attempt,calm,1,deepseek-v4-pro,ratio_partition,training,main,canonical
50dda38e6c2a09f305e4,answer_reveal,1,1,arithmetic_mean,correct_partial,frustrated,0,MiniMax-M3,averaging,training,main,canonical
5122a17645c6fefaa6b5,answer_reveal,1,1,circuit_current,wrong_attempt,frustrated,1,deepseek-v4-pro,ohms_law,training,main,canonical
514747420053d69f2ab3,answer_reveal,1,1,conditional_inference,correct_partial,frustrated,1,MiniMax-M2.7,conditional_inference,training,main,canonical
521584473f579e2524bd,answer_reveal,1,1,experimental_variable,wrong_attempt,frustrated,0,doubao-seed-2.0-lite,experimental_design,training,main,canonical
5288d6e702b0d7d43a53,answer_reveal,1,1,conservation_of_mass,correct_partial,calm,1,MiniMax-M2.7,conservation_of_mass,training,main,canonical
52b3833d0e3a1eddd4ea,answer_reveal,0,1,rectangle_width,correct_partial,calm,0,glm-5.3,rectangle_perimeter,training,main,canonical
5313632bbceb641d84ea,answer_reveal,0,1,wave_speed,correct_partial,calm,1,glm-5.3,wave_speed,training,main,canonical
5355e573f65501e408ae,answer_reveal,1,1,circuit_current,correct_partial,calm,1,MiniMax-M2.7,ohms_law,training,main,canonical
538c0af50cb046a94cbd,answer_reveal,1,1,expected_points,wrong_attempt,frustrated,1,doubao-seed-2.0-lite,expected_value,training,main,canonical
54b24fcbab1ccf7d68e4,answer_reveal,0,1,arithmetic_mean,wrong_attempt,frustrated,0,MiniMax-M3,averaging,training,main,canonical
54d64cae24c2c793db35,answer_reveal,1,1,speed_units,correct_partial,calm,0,MiniMax-M2.7,unit_conversion,training,main,canonical
54e97878f7e6313b1efc,answer_reveal,1,1,fact_opinion,wrong_attempt,frustrated,0,glm-5.3,fact_opinion,training,main,canonical
54f32f1c2a89a10de092,answer_reveal,1,1,arithmetic_sequence,wrong_attempt,calm,0,MiniMax-M3,arithmetic_sequence,training,main,canonical
55a9f4b5af6d2aff12b0,answer_reveal,1,1,simple_inheritance,wrong_attempt,frustrated,0,deepseek-v4-pro,mendelian_inheritance,training,main,canonical
55e036d6cda47dc5327a,answer_reveal,0,1,subject_verb_agreement,wrong_attempt,frustrated,0,glm-5.3,subject_verb_agreement,training,main,canonical
5750c66dd0164e87e80f,answer_reveal,0,1,modifier_attachment,wrong_attempt,frustrated,0,glm-5.3,modifier_attachment,training,main,canonical
57740f1a7a3579dafa6a,answer_reveal,0,1,conditional_inference,correct_partial,calm,0,glm-5.3,conditional_inference,training,main,canonical
57bf18c2a33aeee4859f,answer_reveal,1,1,ordering_constraints,wrong_attempt,calm,1,MiniMax-M2.7,ordering_constraints,training,main,canonical
57cf0bccbcf16b74fbb5,answer_reveal,1,1,modifier_attachment,wrong_attempt,calm,0,MiniMax-M2.7,modifier_attachment,training,main,canonical
58626735d8b79c1706e9,answer_reveal,1,1,comma_splice,wrong_attempt,frustrated,0,deepseek-v4-pro,clause_punctuation,training,main,canonical
58bdde7777a2cc2bc147,answer_reveal,1,1,fact_opinion,wrong_attempt,calm,0,MiniMax-M3,fact_opinion,training,main,canonical
5918cd17f72b7ea957d0,answer_reveal,1,1,experimental_variable,correct_partial,calm,0,MiniMax-M3,experimental_design,training,main,canonical
59b2eb122b23e12925e1,answer_reveal,1,1,food_chain,correct_partial,frustrated,1,MiniMax-M2.7,food_web_relations,training,main,canonical
59e2388c21dd7840262b,answer_reveal,1,1,circuit_current,correct_partial,frustrated,0,MiniMax-M3,ohms_law,training,main,canonical
5af4e5e058056efa2ddf,answer_reveal,1,1,comma_splice,correct_partial,calm,1,deepseek-v4-pro,clause_punctuation,training,main,canonical
5b142c4b8e1abf19682c,answer_reveal,1,1,thermal_energy,correct_partial,calm,1,MiniMax-M2.7,specific_heat,training,main,canonical
5b230bec0234f56e96fb,answer_reveal,1,1,past_tense,correct_partial,calm,1,doubao-seed-2.0-lite,tense_consistency,training,main,canonical
5b24e30ed4cfdb569cce,answer_reveal,1,1,wave_speed,correct_partial,calm,1,doubao-seed-2.0-lite,wave_speed,training,main,canonical
5ba5ceaae66b84512d7a,answer_reveal,1,1,comma_splice,correct_partial,calm,0,MiniMax-M2.7,clause_punctuation,training,main,canonical
5bd0084b8db4ce044ee7,answer_reveal,1,1,simple_inheritance,correct_partial,calm,1,MiniMax-M3,mendelian_inheritance,training,main,canonical
5c7df9e84e8d85322add,answer_reveal,1,1,arithmetic_sequence,wrong_attempt,frustrated,1,deepseek-v4-pro,arithmetic_sequence,training,main,canonical
5c861e298d962de678fe,answer_reveal,1,1,modifier_attachment,correct_partial,frustrated,1,MiniMax-M3,modifier_attachment,training,main,canonical
5caa94052fc7a7992ae2,answer_reveal,1,1,weighted_mean,correct_partial,frustrated,0,MiniMax-M3,averaging,training,main,canonical
5d659d4cc2829edaac54,answer_reveal,1,1,universal_counterexample,wrong_attempt,calm,1,MiniMax-M2.7,counterexample,training,main,canonical
5d6d0f0965e1b4608cc3,answer_reveal,1,1,single_draw_probability,wrong_attempt,calm,1,doubao-seed-2.0-lite,single_draw_probability,training,main,canonical
5dc685c7aa1bde246af9,answer_reveal,1,1,circuit_current,wrong_attempt,frustrated,0,MiniMax-M2.7,ohms_law,training,main,canonical
5ddbf15f48c3d55973b4,answer_reveal,1,1,fact_opinion,wrong_attempt,frustrated,0,MiniMax-M2.7,fact_opinion,training,main,canonical
5de5ea40d59db10fb605,answer_reveal,1,1,modifier_attachment,correct_partial,calm,1,doubao-seed-2.0-lite,modifier_attachment,training,main,canonical
5eb296486c7088a55413,answer_reveal,0,1,ratio_partition,correct_partial,frustrated,0,glm-5.3,ratio_partition,training,main,canonical
5eb321b32f8a118f2d86,answer_reveal,1,1,expected_points,wrong_attempt,calm,1,doubao-seed-2.0-lite,expected_value,training,main,canonical
5fd7a96dcacba9cd3b84,answer_reveal,1,1,classifier_precision,correct_partial,frustrated,0,doubao-seed-2.0-lite,classification_metrics,training,main,canonical
608b780fe17303a76d33,answer_reveal,0,1,weighted_mean,wrong_attempt,calm,1,glm-5.3,averaging,training,main,canonical
60ee0d0a2a69fc89f45d,answer_reveal,1,1,main_idea,correct_partial,frustrated,0,deepseek-v4-pro,main_idea,training,main,canonical
61068c8c84a0f8661c03,answer_reveal,1,1,conditional_inference,correct_partial,calm,1,deepseek-v4-pro,conditional_inference,training,main,canonical
61390c8884e29ecefd47,answer_reveal,1,1,map_scale,wrong_attempt,calm,1,doubao-seed-2.0-lite,unit_conversion,training,main,canonical
613b77decc9aa9a2e5d3,answer_reveal,1,1,simple_inheritance,correct_partial,frustrated,0,MiniMax-M2.7,mendelian_inheritance,training,main,canonical
61eb3e20aa7cbfcc1bf4,answer_reveal,1,1,map_scale,wrong_attempt,calm,0,deepseek-v4-pro,unit_conversion,training,main,canonical
6246025a004581ecf5d9,answer_reveal,1,1,fact_opinion,wrong_attempt,calm,0,MiniMax-M2.7,fact_opinion,training,main,canonical
6259b6f0a2b91de0a916,answer_reveal,1,1,subject_verb_agreement,wrong_attempt,calm,1,MiniMax-M2.7,subject_verb_agreement,training,main,canonical
64479570b385be2930e4,answer_reveal,1,1,modifier_attachment,correct_partial,calm,0,doubao-seed-2.0-lite,modifier_attachment,training,main,canonical
64854bfffd08dc4034be,answer_reveal,1,1,net_force,wrong_attempt,frustrated,1,deepseek-v4-pro,newtons_second_law,training,main,canonical
65659e30c4646b8a01e0,answer_reveal,1,1,discount_price,wrong_attempt,calm,1,MiniMax-M2.7,discount_price,training,main,canonical
6678e739d5f302752b2e,answer_reveal,1,1,pronoun_reference,correct_partial,calm,1,deepseek-v4-pro,pronoun_reference,training,main,canonical
66bb0699957a0572fea2,answer_reveal,1,1,experimental_variable,wrong_attempt,frustrated,0,MiniMax-M3,experimental_design,training,main,canonical
66e6bff72b5492eeb172,answer_reveal,1,1,map_scale,wrong_attempt,frustrated,1,doubao-seed-2.0-lite,unit_conversion,training,main,canonical
677bdeacfd11ff13efc5,answer_reveal,1,1,expected_points,correct_partial,calm,0,deepseek-v4-pro,expected_value,training,main,canonical
677c7b26513236f7e64e,answer_reveal,1,1,ordering_constraints,correct_partial,calm,1,deepseek-v4-pro,ordering_constraints,training,main,canonical
67f026e2d5e6f3fe1431,answer_reveal,1,1,classifier_precision,wrong_attempt,frustrated,0,MiniMax-M3,classification_metrics,training,main,canonical
68180f90e03615186db3,answer_reveal,1,1,pronoun_reference,correct_partial,frustrated,0,deepseek-v4-pro,pronoun_reference,training,main,canonical
686777fbb706741be797,answer_reveal,1,1,conditional_inference,correct_partial,calm,1,MiniMax-M3,conditional_inference,training,main,canonical
687a421b75e20734483d,answer_reveal,1,1,weighted_mean,correct_partial,calm,0,deepseek-v4-pro,averaging,training,main,canonical
68a22ad7abadabaf6c91,answer_reveal,0,1,main_idea,correct_partial,calm,1,glm-5.3,main_idea,training,main,canonical
68d9e3e1ded6b0ccc6ac,answer_reveal,0,1,conjunctive_rule,correct_partial,calm,1,glm-5.3,conjunctive_rule,training,main,canonical
69558e373b7fc4be4228,answer_reveal,1,1,past_tense,wrong_attempt,calm,0,MiniMax-M2.7,tense_consistency,training,main,canonical
695be5886658baf52df9,answer_reveal,1,1,expected_points,wrong_attempt,calm,1,MiniMax-M2.7,expected_value,training,main,canonical
6980505169ed95cb3526,answer_reveal,1,1,modifier_attachment,correct_partial,calm,0,deepseek-v4-pro,modifier_attachment,training,main,canonical
699f5e8feb1424c26888,answer_reveal,1,1,set_entailment,wrong_attempt,frustrated,0,doubao-seed-2.0-lite,set_entailment,training,main,canonical
69b1a0b26f81596a7ee7,answer_reveal,1,1,set_entailment,correct_partial,calm,1,deepseek-v4-pro,set_entailment,training,main,canonical
69d3a451aa057a8818b7,answer_reveal,1,1,experimental_variable,correct_partial,calm,0,deepseek-v4-pro,experimental_design,training,main,canonical
69e2c89fc205fb263509,answer_reveal,1,1,subject_verb_agreement,wrong_attempt,frustrated,0,deepseek-v4-pro,subject_verb_agreement,training,main,canonical
6a605350a8c5aa0542be,answer_reveal,1,1,wave_speed,correct_partial,frustrated,0,MiniMax-M3,wave_speed,training,main,canonical
6a98418f5948ed5e3f03,answer_reveal,1,1,conservation_of_mass,correct_partial,calm,0,MiniMax-M2.7,conservation_of_mass,training,main,canonical
6a9fd560cfd7ea47caf5,answer_reveal,1,1,net_force,wrong_attempt,calm,0,deepseek-v4-pro,newtons_second_law,training,main,canonical
6aaf74c4d4c8582df4ae,answer_reveal,1,1,past_tense,correct_partial,frustrated,0,deepseek-v4-pro,tense_consistency,training,main,canonical
6ae9850da92344c23803,answer_reveal,1,1,conjunctive_rule,correct_partial,frustrated,0,doubao-seed-2.0-lite,conjunctive_rule,training,main,canonical
6aea59a4181fc5eb4e7e,answer_reveal,1,1,ratio_partition,wrong_attempt,calm,1,doubao-seed-2.0-lite,ratio_partition,training,main,canonical
6b7f925aeac6bbeffe07,answer_reveal,1,1,fact_opinion,correct_partial,frustrated,0,MiniMax-M2.7,fact_opinion,training,main,canonical
6c98504199a33c4c800a,answer_reveal,0,1,fact_opinion,correct_partial,calm,1,glm-5.3,fact_opinion,training,main,canonical
6c9ef446333cbf874ed3,answer_reveal,1,1,relevant_support,correct_partial,calm,1,MiniMax-M3,argument_relevance,training,main,canonical
6d18a3fcff651e687c64,answer_reveal,1,1,modifier_attachment,wrong_attempt,frustrated,1,MiniMax-M2.7,modifier_attachment,training,main,canonical
6d58abe9058019a0dc4b,answer_reveal,1,1,comma_splice,wrong_attempt,frustrated,1,MiniMax-M2.7,clause_punctuation,training,main,canonical
6d91f1fcd2c9c7e855a8,answer_reveal,0,1,ratio_partition,correct_partial,frustrated,1,MiniMax-M3,ratio_partition,training,main,canonical
6d990e07e7fbde7aba6c,answer_reveal,1,1,universal_counterexample,correct_partial,frustrated,1,doubao-seed-2.0-lite,counterexample,training,main,canonical
6e03262009dfe5d78c22,answer_reveal,1,1,relevant_support,wrong_attempt,frustrated,0,MiniMax-M2.7,argument_relevance,training,main,canonical
6e40a13e52ebb9d05726,answer_reveal,0,1,rectangle_width,wrong_attempt,frustrated,1,glm-5.3,rectangle_perimeter,training,main,canonical
6e69e873968d095fa314,answer_reveal,0,1,universal_counterexample,correct_partial,calm,1,glm-5.3,counterexample,training,main,canonical
6e711c16627c2f92d056,answer_reveal,1,1,modifier_attachment,correct_partial,frustrated,1,deepseek-v4-pro,modifier_attachment,training,main,canonical
6ee57c8c8e650bd63dd8,answer_reveal,0,1,experimental_variable,correct_partial,frustrated,1,MiniMax-M3,experimental_design,training,main,canonical
6f65ef2a6765449e0847,answer_reveal,1,1,ratio_partition,correct_partial,calm,1,doubao-seed-2.0-lite,ratio_partition,training,main,canonical
6fb416e1f09bcad3be18,answer_reveal,1,1,arithmetic_sequence,correct_partial,frustrated,1,doubao-seed-2.0-lite,arithmetic_sequence,training,main,canonical
7056de521b939f3cfea7,answer_reveal,1,1,speed_units,wrong_attempt,frustrated,0,MiniMax-M3,unit_conversion,training,main,canonical
70c239709b1d0338338c,answer_reveal,1,1,universal_counterexample,correct_partial,frustrated,1,MiniMax-M3,counterexample,training,main,canonical
718600b2e28893ab722d,answer_reveal,0,1,weighted_mean,wrong_attempt,frustrated,0,MiniMax-M3,averaging,training,main,canonical
72c8927651e877ecad41,answer_reveal,1,1,expected_points,wrong_attempt,frustrated,0,MiniMax-M3,expected_value,training,main,canonical
72ce1f650e1cc13b8eed,answer_reveal,1,1,expected_points,wrong_attempt,frustrated,0,MiniMax-M2.7,expected_value,training,main,canonical
72febde1223e4d9fd892,answer_reveal,1,1,speed_units,wrong_attempt,calm,1,deepseek-v4-pro,unit_conversion,training,main,canonical
736aa6db83ed96d3998c,answer_reveal,1,1,expected_points,correct_partial,frustrated,0,doubao-seed-2.0-lite,expected_value,training,main,canonical
739c0221feaf50f0577b,answer_reveal,1,1,ordering_constraints,correct_partial,frustrated,0,MiniMax-M3,ordering_constraints,training,main,canonical
73b10ea54adfe6564cfe,answer_reveal,1,1,conjunctive_rule,correct_partial,frustrated,0,MiniMax-M2.7,conjunctive_rule,training,main,canonical
746be5e10f295b8e5900,answer_reveal,1,1,subject_verb_agreement,correct_partial,calm,0,MiniMax-M3,subject_verb_agreement,training,main,canonical
746d3e8f6a190bd6c409,answer_reveal,0,1,simple_inheritance,wrong_attempt,calm,1,glm-5.3,mendelian_inheritance,training,main,canonical
747940439e064733855d,answer_reveal,1,1,main_idea,correct_partial,calm,1,MiniMax-M3,main_idea,training,main,canonical
7496ab8919a6d0646a15,answer_reveal,1,1,single_draw_probability,correct_partial,calm,1,doubao-seed-2.0-lite,single_draw_probability,training,main,canonical
74fb65dcaf5cf87dfff6,answer_reveal,0,1,relevant_support,correct_partial,frustrated,1,glm-5.3,argument_relevance,training,main,canonical
754b9de50ddfc32c096e,answer_reveal,1,1,rectangle_width,wrong_attempt,frustrated,0,MiniMax-M2.7,rectangle_perimeter,training,main,canonical
758f8f6ddafb596268b6,answer_reveal,1,1,conditional_inference,correct_partial,calm,1,MiniMax-M2.7,conditional_inference,training,main,canonical
765fbb1c0b9b1eba9c5d,answer_reveal,0,1,past_tense,wrong_attempt,frustrated,1,glm-5.3,tense_consistency,training,main,canonical
76d3f0ccec1547624177,answer_reveal,1,1,speed_units,correct_partial,calm,1,deepseek-v4-pro,unit_conversion,training,main,canonical
7718903eb950a80e6e74,answer_reveal,0,1,past_tense,wrong_attempt,frustrated,0,glm-5.3,tense_consistency,training,main,canonical
775c37af24b4a2c41cae,answer_reveal,1,1,net_force,wrong_attempt,calm,1,deepseek-v4-pro,newtons_second_law,training,main,canonical
77b14b0252dd9e455d05,answer_reveal,1,1,arithmetic_mean,correct_partial,calm,0,doubao-seed-2.0-lite,averaging,training,main,canonical
77bac8026221dbb2cd99,answer_reveal,0,1,conservation_of_mass,correct_partial,calm,1,glm-5.3,conservation_of_mass,training,main,canonical
77e123d005251e8693e4,answer_reveal,1,1,food_chain,correct_partial,frustrated,0,MiniMax-M3,food_web_relations,training,main,canonical
783d79e13cd183a0d5af,answer_reveal,1,1,comma_splice,correct_partial,calm,1,MiniMax-M2.7,clause_punctuation,training,main,canonical
78ade733ad79690f4422,answer_reveal,1,1,simple_inheritance,correct_partial,frustrated,1,deepseek-v4-pro,mendelian_inheritance,training,main,canonical
78b6737f77f1366a5c01,answer_reveal,1,1,rectangle_width,correct_partial,frustrated,0,deepseek-v4-pro,rectangle_perimeter,training,main,canonical
78effc74f55d56834926,answer_reveal,0,1,experimental_variable,correct_partial,calm,1,glm-5.3,experimental_design,training,main,canonical
7950b9688e91e8491a5d,answer_reveal,1,1,arithmetic_mean,correct_partial,calm,1,deepseek-v4-pro,averaging,training,main,canonical
795ded82c69e59f7efd2,answer_reveal,0,1,pronoun_reference,correct_partial,frustrated,0,MiniMax-M3,pronoun_reference,training,main,canonical
797b9508a989e5eb9661,answer_reveal,1,1,fact_opinion,wrong_attempt,frustrated,1,glm-5.3,fact_opinion,training,main,canonical
7a2b333caa4687ecce2e,answer_reveal,0,1,thermal_energy,wrong_attempt,calm,0,glm-5.3,specific_heat,training,main,canonical
7a877754624d8ac0d06e,answer_reveal,1,1,thermal_energy,wrong_attempt,frustrated,1,MiniMax-M3,specific_heat,training,main,canonical
7ac4a5a90108e5336221,answer_reveal,1,1,universal_counterexample,wrong_attempt,calm,1,deepseek-v4-pro,counterexample,training,main,canonical
7b08921bf78f46706578,answer_reveal,1,1,rectangle_width,wrong_attempt,frustrated,1,doubao-seed-2.0-lite,rectangle_perimeter,training,main,canonical
7b5141c38875d8a7d641,answer_reveal,1,1,single_draw_probability,correct_partial,calm,0,MiniMax-M3,single_draw_probability,training,main,canonical
7b5c1d75083aeae95952,answer_reveal,1,1,thermal_energy,wrong_attempt,frustrated,0,doubao-seed-2.0-lite,specific_heat,training,main,canonical
7be7f7cde088a452bb68,answer_reveal,1,1,ratio_partition,wrong_attempt,frustrated,1,deepseek-v4-pro,ratio_partition,training,main,canonical
7c0cb7ab6dbe76c935a9,answer_reveal,1,1,discount_price,wrong_attempt,frustrated,1,deepseek-v4-pro,discount_price,training,main,canonical
7c7749fac0b4946795fb,answer_reveal,0,1,rectangle_width,wrong_attempt,calm,1,glm-5.3,rectangle_perimeter,training,main,canonical
7eaab260c4bc42eb779d,answer_reveal,0,1,modifier_attachment,wrong_attempt,frustrated,0,MiniMax-M3,modifier_attachment,training,main,canonical
7eefa0ebfda752b5509d,answer_reveal,1,1,expected_points,wrong_attempt,frustrated,0,doubao-seed-2.0-lite,expected_value,training,main,canonical
7f49d6dcaa0df2493da2,answer_reveal,1,1,experimental_variable,correct_partial,frustrated,1,deepseek-v4-pro,experimental_design,training,main,canonical
7fd5aae0c7fd9ff4557e,answer_reveal,1,1,ordering_constraints,correct_partial,calm,1,MiniMax-M2.7,ordering_constraints,training,main,canonical
801651ef8415eb151c3d,answer_reveal,1,1,universal_counterexample,wrong_attempt,frustrated,1,doubao-seed-2.0-lite,counterexample,training,main,canonical
803cde85e5ad74f4b232,answer_reveal,0,1,rectangle_width,wrong_attempt,frustrated,0,MiniMax-M3,rectangle_perimeter,training,main,canonical
8057b4dd0ae893905855,answer_reveal,1,1,simple_inheritance,wrong_attempt,calm,0,MiniMax-M3,mendelian_inheritance,training,main,canonical
807ae0e290c913f2bdd3,answer_reveal,1,1,universal_counterexample,wrong_attempt,frustrated,1,MiniMax-M2.7,counterexample,training,main,canonical
821e385af9da21563ea3,answer_reveal,1,1,universal_counterexample,correct_partial,calm,1,MiniMax-M2.7,counterexample,training,main,canonical
829290bbd1e0adf3e23b,answer_reveal,1,1,experimental_variable,correct_partial,calm,1,deepseek-v4-pro,experimental_design,training,main,canonical
82c181a37a04ed6f004b,answer_reveal,1,1,speed_units,correct_partial,calm,1,doubao-seed-2.0-lite,unit_conversion,training,main,canonical
82ca3d4136d7234649ac,answer_reveal,1,1,speed_units,correct_partial,frustrated,1,doubao-seed-2.0-lite,unit_conversion,training,main,canonical
833de3b6fb4ee43b6a7c,answer_reveal,1,1,net_force,wrong_attempt,frustrated,0,deepseek-v4-pro,newtons_second_law,training,main,canonical
83f97253ed37b58897ac,answer_reveal,1,1,simple_inheritance,correct_partial,calm,0,doubao-seed-2.0-lite,mendelian_inheritance,training,main,canonical
83fff9271ef77d56d579,answer_reveal,1,1,universal_counterexample,wrong_attempt,calm,1,doubao-seed-2.0-lite,counterexample,training,main,canonical
848ea25e6732704bd665,answer_reveal,0,1,relevant_support,wrong_attempt,calm,0,glm-5.3,argument_relevance,training,main,canonical
84991113c60a5aff2325,answer_reveal,0,1,past_tense,correct_partial,calm,0,glm-5.3,tense_consistency,training,main,canonical
84a8654fbe3f97133e2a,answer_reveal,0,1,ordering_constraints,wrong_attempt,calm,0,glm-5.3,ordering_constraints,training,main,canonical
84ba88118fe5966421c0,answer_reveal,0,1,simple_inheritance,wrong_attempt,calm,1,MiniMax-M3,mendelian_inheritance,training,main,canonical
84dd2e58c7fa3d4155e7,answer_reveal,1,1,universal_counterexample,correct_partial,frustrated,1,deepseek-v4-pro,counterexample,training,main,canonical
84e9e64ee7c1bf45bdbf,answer_reveal,1,1,simple_inheritance,wrong_attempt,calm,1,doubao-seed-2.0-lite,mendelian_inheritance,training,main,canonical
8524ddcc30359c2b7ced,answer_reveal,1,1,arithmetic_sequence,wrong_attempt,frustrated,1,glm-5.3,arithmetic_sequence,training,main,canonical
852d4353a14d7be7beb4,answer_reveal,1,1,relevant_support,wrong_attempt,frustrated,0,doubao-seed-2.0-lite,argument_relevance,training,main,canonical
86142e5bbfaf81a23f6d,answer_reveal,1,1,universal_counterexample,wrong_attempt,calm,0,deepseek-v4-pro,counterexample,training,main,canonical
869d916e7d8f9fe32edc,answer_reveal,1,1,pronoun_reference,correct_partial,calm,0,MiniMax-M3,pronoun_reference,training,main,canonical
87022bbdc172ccbf3de7,answer_reveal,1,1,past_tense,correct_partial,frustrated,0,MiniMax-M2.7,tense_consistency,training,main,canonical
87dda4d0af9d5ffd04c8,answer_reveal,1,1,rectangle_width,correct_partial,frustrated,1,doubao-seed-2.0-lite,rectangle_perimeter,training,main,canonical
886c6af2fbecca01fd7f,answer_reveal,0,1,arithmetic_mean,correct_partial,calm,1,glm-5.3,averaging,training,main,canonical
888b630881c69ca657f7,answer_reveal,1,1,weighted_mean,wrong_attempt,frustrated,1,MiniMax-M2.7,averaging,training,main,canonical
88af193f6be91974160c,answer_reveal,1,1,net_force,correct_partial,frustrated,1,MiniMax-M2.7,newtons_second_law,training,main,canonical
89529b4248d04d1179d6,answer_reveal,1,1,ratio_partition,correct_partial,calm,0,MiniMax-M3,ratio_partition,training,main,canonical
8967c89485d947b139ff,answer_reveal,1,1,conservation_of_mass,wrong_attempt,calm,1,doubao-seed-2.0-lite,conservation_of_mass,training,main,canonical
8a8bc1c6d134cde63111,answer_reveal,1,1,net_force,correct_partial,calm,1,doubao-seed-2.0-lite,newtons_second_law,training,main,canonical
8ba3b6107d340baf77c0,answer_reveal,1,1,rectangle_width,correct_partial,calm,1,deepseek-v4-pro,rectangle_perimeter,training,main,canonical
8c400b596def840ead2a,answer_reveal,1,1,arithmetic_mean,wrong_attempt,calm,1,MiniMax-M2.7,averaging,training,main,canonical
8c5e86394cb39711835f,answer_reveal,0,1,speed_units,correct_partial,frustrated,0,glm-5.3,unit_conversion,training,main,canonical
8c7c0afe09f7e8227554,answer_reveal,1,1,conjunctive_rule,wrong_attempt,frustrated,0,deepseek-v4-pro,conjunctive_rule,training,main,canonical
8cc7ebfd3ee275be6fb3,answer_reveal,1,1,past_tense,correct_partial,frustrated,1,MiniMax-M3,tense_consistency,training,main,canonical
8d25826e6ee4facad5d7,answer_reveal,1,1,conditional_inference,correct_partial,calm,0,deepseek-v4-pro,conditional_inference,training,main,canonical
8d647bee7b73dd94b2f8,answer_reveal,1,1,comma_splice,correct_partial,frustrated,1,doubao-seed-2.0-lite,clause_punctuation,training,main,canonical
8df9f0811d2e5830099f,answer_reveal,1,1,comma_splice,correct_partial,calm,1,doubao-seed-2.0-lite,clause_punctuation,training,main,canonical
8e15b98ce0dd6f9122f1,answer_reveal,1,1,conjunctive_rule,wrong_attempt,calm,1,MiniMax-M2.7,conjunctive_rule,training,main,canonical
8e4c3fc46aecec90b80d,answer_reveal,1,1,set_entailment,wrong_attempt,calm,0,MiniMax-M3,set_entailment,training,main,canonical
8f37eee58b2bf46ba96d,answer_reveal,1,1,set_entailment,correct_partial,frustrated,1,doubao-seed-2.0-lite,set_entailment,training,main,canonical
8f9ae8aa2b1b01358d5e,answer_reveal,1,1,set_entailment,wrong_attempt,frustrated,1,MiniMax-M2.7,set_entailment,training,main,canonical
8fb1babd191a80b88c2d,answer_reveal,1,1,circuit_current,correct_partial,calm,0,doubao-seed-2.0-lite,ohms_law,training,main,canonical
8fca55be7007e3f568b2,answer_reveal,0,1,ratio_partition,wrong_attempt,calm,1,glm-5.3,ratio_partition,training,main,canonical
8ffab764bd53ead0929c,answer_reveal,0,1,discount_price,wrong_attempt,frustrated,1,glm-5.3,discount_price,training,main,canonical
907d4364dd50314272f2,answer_reveal,1,1,thermal_energy,correct_partial,frustrated,1,deepseek-v4-pro,specific_heat,training,main,canonical
913a0c345f8d06b52a02,answer_reveal,1,1,classifier_precision,wrong_attempt,calm,1,doubao-seed-2.0-lite,classification_metrics,training,main,canonical
9142e5efab7a693a83c6,answer_reveal,1,1,comma_splice,correct_partial,frustrated,0,MiniMax-M2.7,clause_punctuation,training,main,canonical
916a44a0480545b6585a,answer_reveal,1,1,fact_opinion,wrong_attempt,frustrated,1,deepseek-v4-pro,fact_opinion,training,main,canonical
9196254c1eb552d99de6,answer_reveal,0,1,past_tense,correct_partial,frustrated,0,glm-5.3,tense_consistency,training,main,canonical
92072d7d5f680031c5a1,answer_reveal,1,1,conservation_of_mass,correct_partial,frustrated,0,deepseek-v4-pro,conservation_of_mass,training,main,canonical
9220fc10ea94bc9c8a56,answer_reveal,1,1,classifier_precision,correct_partial,calm,1,MiniMax-M2.7,classification_metrics,training,main,canonical
92d4e74aeeb05c8d3bdb,answer_reveal,1,1,modifier_attachment,wrong_attempt,calm,1,doubao-seed-2.0-lite,modifier_attachment,training,main,canonical
93143dd4e531bcfb8deb,answer_reveal,0,1,subject_verb_agreement,correct_partial,frustrated,1,glm-5.3,subject_verb_agreement,training,main,canonical
9381ec9efd1af3b2f834,answer_reveal,1,1,wave_speed,wrong_attempt,calm,0,deepseek-v4-pro,wave_speed,training,main,canonical
9397120e6a9b0585a578,answer_reveal,1,1,fact_opinion,correct_partial,frustrated,0,glm-5.3,fact_opinion,training,main,canonical
93dc93737346087b1fd5,answer_reveal,1,1,conditional_inference,correct_partial,frustrated,0,MiniMax-M3,conditional_inference,training,main,canonical
942d913a4c35729af003,answer_reveal,1,1,arithmetic_sequence,wrong_attempt,calm,1,doubao-seed-2.0-lite,arithmetic_sequence,training,main,canonical
946ecb3935265ee82861,answer_reveal,1,1,food_chain,correct_partial,calm,0,deepseek-v4-pro,food_web_relations,training,main,canonical
9482ae09f925485f32fe,answer_reveal,1,1,conjunctive_rule,wrong_attempt,calm,0,deepseek-v4-pro,conjunctive_rule,training,main,canonical
9565c363ebcbd06027fe,answer_reveal,1,1,wave_speed,correct_partial,frustrated,0,glm-5.3,wave_speed,training,main,canonical
95e86fe2e336e083dbd3,answer_reveal,1,1,ordering_constraints,wrong_attempt,frustrated,0,deepseek-v4-pro,ordering_constraints,training,main,canonical
95f42e47cc8ec195749b,answer_reveal,1,1,simple_inheritance,wrong_attempt,calm,0,deepseek-v4-pro,mendelian_inheritance,training,main,canonical
964f8756b449da8b92ee,answer_reveal,1,1,pronoun_reference,wrong_attempt,frustrated,1,MiniMax-M3,pronoun_reference,training,main,canonical
96805de8727d05475819,answer_reveal,1,1,main_idea,wrong_attempt,calm,0,deepseek-v4-pro,main_idea,training,main,canonical
96f4a7a76ff38865b954,answer_reveal,1,1,classifier_precision,wrong_attempt,frustrated,0,MiniMax-M2.7,classification_metrics,training,main,canonical
96ff0ded74b908841cae,answer_reveal,1,1,circuit_current,correct_partial,frustrated,0,deepseek-v4-pro,ohms_law,training,main,canonical
976c97f13259071c9659,answer_reveal,1,1,circuit_current,correct_partial,frustrated,1,doubao-seed-2.0-lite,ohms_law,training,main,canonical
977ed58941c9da5136ea,answer_reveal,1,1,conservation_of_mass,correct_partial,frustrated,1,MiniMax-M2.7,conservation_of_mass,training,main,canonical
979adcac1390d25c174e,answer_reveal,0,1,rectangle_width,wrong_attempt,calm,0,glm-5.3,rectangle_perimeter,training,main,canonical
97d0cf1144b5c48dd7b4,answer_reveal,1,1,expected_points,wrong_attempt,frustrated,0,glm-5.3,expected_value,training,main,canonical
97dce9a37a0d19262a14,answer_reveal,1,1,ordering_constraints,wrong_attempt,calm,1,MiniMax-M3,ordering_constraints,training,main,canonical
985919b868338a6fb566,answer_reveal,1,1,modifier_attachment,correct_partial,frustrated,1,MiniMax-M2.7,modifier_attachment,training,main,canonical
9873937684db9bf8b82a,answer_reveal,0,1,single_draw_probability,wrong_attempt,calm,0,glm-5.3,single_draw_probability,training,main,canonical
9898e1b3f12fdee5e09a,answer_reveal,1,1,universal_counterexample,correct_partial,calm,1,doubao-seed-2.0-lite,counterexample,training,main,canonical
9911d674976719bd8847,answer_reveal,1,1,discount_price,correct_partial,frustrated,0,doubao-seed-2.0-lite,discount_price,training,main,canonical
99c54cb50ec9d7050185,answer_reveal,1,1,classifier_precision,correct_partial,frustrated,1,MiniMax-M2.7,classification_metrics,training,main,canonical
9a7375145231dfd25174,answer_reveal,1,1,circuit_current,correct_partial,calm,1,doubao-seed-2.0-lite,ohms_law,training,main,canonical
9ae16f2514de743d9773,answer_reveal,0,1,conditional_inference,correct_partial,frustrated,1,glm-5.3,conditional_inference,training,main,canonical
9b02e538e1713b9afb5c,answer_reveal,1,1,speed_units,correct_partial,calm,0,doubao-seed-2.0-lite,unit_conversion,training,main,canonical
9b183969653cf4f2170f,answer_reveal,0,1,weighted_mean,correct_partial,frustrated,1,glm-5.3,averaging,training,main,canonical
9c013929527c254d1090,answer_reveal,1,1,net_force,correct_partial,calm,1,MiniMax-M2.7,newtons_second_law,training,main,canonical
9c17e3bf563eb8e438af,answer_reveal,0,0,set_entailment,wrong_attempt,calm,0,glm-5.3,set_entailment,training,main,canonical
9c22d89f59e209310ecf,answer_reveal,1,1,set_entailment,correct_partial,calm,0,doubao-seed-2.0-lite,set_entailment,training,main,canonical
9c986715a5c951b6e354,answer_reveal,1,1,universal_counterexample,wrong_attempt,calm,0,glm-5.3,counterexample,training,main,canonical
9d5ec070d7b301d2b348,answer_reveal,1,1,single_draw_probability,wrong_attempt,calm,1,deepseek-v4-pro,single_draw_probability,training,main,canonical
9d8714669a057da8f37f,answer_reveal,0,1,pronoun_reference,correct_partial,calm,1,glm-5.3,pronoun_reference,training,main,canonical
9dbd880ba6ac1771a954,answer_reveal,1,1,relevant_support,correct_partial,frustrated,0,doubao-seed-2.0-lite,argument_relevance,training,main,canonical
9de96a41d298174fa090,answer_reveal,0,1,rectangle_width,wrong_attempt,frustrated,0,glm-5.3,rectangle_perimeter,training,main,canonical
9fbd5aa12e697bd449ab,answer_reveal,0,1,relevant_support,wrong_attempt,calm,1,glm-5.3,argument_relevance,training,main,canonical
9fbdd0350cec000bf86e,answer_reveal,1,1,arithmetic_sequence,wrong_attempt,frustrated,0,MiniMax-M3,arithmetic_sequence,training,main,canonical
a01444034b78c5539509,answer_reveal,1,1,classifier_precision,correct_partial,frustrated,1,MiniMax-M3,classification_metrics,training,main,canonical
a03ca76b3f4898d5c85b,answer_reveal,1,1,set_entailment,wrong_attempt,calm,1,MiniMax-M2.7,set_entailment,training,main,canonical
a0666104610cb1f4f8cb,answer_reveal,1,1,simple_inheritance,wrong_attempt,frustrated,0,MiniMax-M2.7,mendelian_inheritance,training,main,canonical
a095282df5c6519f81b4,answer_reveal,1,1,comma_splice,wrong_attempt,calm,1,MiniMax-M3,clause_punctuation,training,main,canonical
a0be0424bac8fcd0695e,answer_reveal,0,1,arithmetic_mean,wrong_attempt,calm,0,MiniMax-M3,averaging,training,main,canonical
a0e33e9526e497f51581,answer_reveal,0,1,classifier_precision,wrong_attempt,calm,0,glm-5.3,classification_metrics,training,main,canonical
a18738150f44d5525b7d,answer_reveal,1,1,conservation_of_mass,correct_partial,calm,1,MiniMax-M3,conservation_of_mass,training,main,canonical
a1917235ed80326a5d8c,answer_reveal,1,1,universal_counterexample,wrong_attempt,frustrated,1,glm-5.3,counterexample,training,main,canonical
a1f906717cc45b7c547c,answer_reveal,1,1,set_entailment,correct_partial,frustrated,1,glm-5.3,set_entailment,training,main,canonical
a253c24691fd98c3c2ba,answer_reveal,0,1,past_tense,wrong_attempt,calm,1,glm-5.3,tense_consistency,training,main,canonical
a268e99841516720473b,answer_reveal,1,1,comma_splice,wrong_attempt,frustrated,1,MiniMax-M3,clause_punctuation,training,main,canonical
a2a7c9ba09d481494c5e,answer_reveal,1,1,conjunctive_rule,wrong_attempt,frustrated,1,doubao-seed-2.0-lite,conjunctive_rule,training,main,canonical
a2b505be710d6c1eb973,answer_reveal,1,1,fact_opinion,correct_partial,frustrated,1,doubao-seed-2.0-lite,fact_opinion,training,main,canonical
a39c2cc86f13c4abe75a,answer_reveal,1,1,thermal_energy,correct_partial,frustrated,1,MiniMax-M3,specific_heat,training,main,canonical
a448ed2acef4a59e54fe,answer_reveal,1,1,circuit_current,correct_partial,calm,0,MiniMax-M3,ohms_law,training,main,canonical
a4ac5af64fe6a8c356c7,answer_reveal,0,1,past_tense,wrong_attempt,calm,0,glm-5.3,tense_consistency,training,main,canonical
a518790acfbee16739df,answer_reveal,1,1,expected_points,correct_partial,calm,1,deepseek-v4-pro,expected_value,training,main,canonical
a6b07739f5a4fc25b03b,answer_reveal,1,1,ratio_partition,wrong_attempt,frustrated,0,deepseek-v4-pro,ratio_partition,training,main,canonical
a72583761391baf87e77,answer_reveal,1,1,simple_inheritance,wrong_attempt,frustrated,1,doubao-seed-2.0-lite,mendelian_inheritance,training,main,canonical
a734add5c234ef2889a3,answer_reveal,1,1,past_tense,wrong_attempt,calm,0,doubao-seed-2.0-lite,tense_consistency,training,main,canonical
a749810843281a8282af,answer_reveal,1,1,past_tense,correct_partial,calm,0,deepseek-v4-pro,tense_consistency,training,main,canonical
a7fa6850776c7a2fa54d,answer_reveal,1,1,conjunctive_rule,correct_partial,calm,1,deepseek-v4-pro,conjunctive_rule,training,main,canonical
a8a4f7b368480ec9497e,answer_reveal,1,1,simple_inheritance,correct_partial,frustrated,1,doubao-seed-2.0-lite,mendelian_inheritance,training,main,canonical
a8d31b2ae2f8a97d62ff,answer_reveal,1,1,conservation_of_mass,wrong_attempt,frustrated,0,doubao-seed-2.0-lite,conservation_of_mass,training,main,canonical
a8de4cfe8d5904d939f0,answer_reveal,0,1,net_force,correct_partial,frustrated,0,glm-5.3,newtons_second_law,training,main,canonical
a8f038a1d0bbdfa5dd22,answer_reveal,1,1,universal_counterexample,correct_partial,frustrated,1,glm-5.3,counterexample,training,main,canonical
a90a277510d79e226be5,answer_reveal,1,1,discount_price,correct_partial,frustrated,0,MiniMax-M2.7,discount_price,training,main,canonical
a955951ca2f7d9bf603f,answer_reveal,1,1,fact_opinion,wrong_attempt,calm,1,MiniMax-M2.7,fact_opinion,training,main,canonical
a95df7f6c244a82f6aa8,answer_reveal,1,1,classifier_precision,wrong_attempt,calm,1,MiniMax-M3,classification_metrics,training,main,canonical
a9c81d17acac28677858,answer_reveal,0,1,net_force,wrong_attempt,calm,1,MiniMax-M3,newtons_second_law,training,main,canonical
a9d8d64d924147f1cba7,answer_reveal,1,1,expected_points,wrong_attempt,frustrated,1,MiniMax-M2.7,expected_value,training,main,canonical
aa27e041e0bf5dfde613,answer_reveal,0,1,arithmetic_mean,correct_partial,frustrated,1,MiniMax-M3,averaging,training,main,canonical
aa9ba67e19765371e0a5,answer_reveal,0,1,classifier_precision,wrong_attempt,calm,1,glm-5.3,classification_metrics,training,main,canonical
ab5a897190ee04479cf9,answer_reveal,1,1,speed_units,wrong_attempt,frustrated,1,deepseek-v4-pro,unit_conversion,training,main,canonical
ab6727155fc08e5a85d9,answer_reveal,1,1,food_chain,wrong_attempt,calm,0,MiniMax-M3,food_web_relations,training,main,canonical
abd9a225697be8f4ce89,answer_reveal,0,1,ratio_partition,correct_partial,calm,1,glm-5.3,ratio_partition,training,main,canonical
abef2aca66b0aa64046e,answer_reveal,1,1,set_entailment,correct_partial,frustrated,0,MiniMax-M3,set_entailment,training,main,canonical
ad1900c36060ebd6ed3b,answer_reveal,1,1,circuit_current,correct_partial,frustrated,1,deepseek-v4-pro,ohms_law,training,main,canonical
ad255b0c78b366a5e786,answer_reveal,1,1,expected_points,wrong_attempt,calm,0,glm-5.3,expected_value,training,main,canonical
ad8fcbdc8d29968b07f5,answer_reveal,0,1,simple_inheritance,correct_partial,calm,1,glm-5.3,mendelian_inheritance,training,main,canonical
adea3e3b7fd6f958fc35,answer_reveal,1,1,past_tense,wrong_attempt,frustrated,0,deepseek-v4-pro,tense_consistency,training,main,canonical
ae0bf49052d0ad419866,answer_reveal,1,1,circuit_current,wrong_attempt,frustrated,1,doubao-seed-2.0-lite,ohms_law,training,main,canonical
ae1e11eec6c967f723e4,answer_reveal,0,1,net_force,wrong_attempt,calm,1,glm-5.3,newtons_second_law,training,main,canonical
ae4e986a983c433e9767,answer_reveal,1,1,conservation_of_mass,correct_partial,calm,0,doubao-seed-2.0-lite,conservation_of_mass,training,main,canonical
af1407b40a7a340d8d48,answer_reveal,1,1,single_draw_probability,correct_partial,frustrated,0,doubao-seed-2.0-lite,single_draw_probability,training,main,canonical
af9f740db96deda3bfd5,answer_reveal,1,1,subject_verb_agreement,correct_partial,frustrated,1,MiniMax-M3,subject_verb_agreement,training,main,canonical
afe17a03045b1a2a5817,answer_reveal,1,1,conjunctive_rule,correct_partial,frustrated,1,MiniMax-M3,conjunctive_rule,training,main,canonical
b06f4abd015352ea27e8,answer_reveal,1,1,set_entailment,correct_partial,frustrated,1,MiniMax-M3,set_entailment,training,main,canonical
b139f125d6cda2137d5d,answer_reveal,1,1,food_chain,correct_partial,frustrated,0,glm-5.3,food_web_relations,training,main,canonical
b1570494901aab91cfea,answer_reveal,0,1,pronoun_reference,correct_partial,frustrated,0,glm-5.3,pronoun_reference,training,main,canonical
b19387f6046f50b8416e,answer_reveal,1,1,universal_counterexample,wrong_attempt,frustrated,0,deepseek-v4-pro,counterexample,training,main,canonical
b1efbad17a4479b15a6e,answer_reveal,0,1,ratio_partition,wrong_attempt,frustrated,0,glm-5.3,ratio_partition,training,main,canonical
b21878b5ce998abc2a3d,answer_reveal,1,1,food_chain,wrong_attempt,frustrated,1,deepseek-v4-pro,food_web_relations,training,main,canonical
b2c8d136736ee2fd8d6d,answer_reveal,1,1,wave_speed,correct_partial,calm,1,deepseek-v4-pro,wave_speed,training,main,canonical
b2d8130468571660af80,answer_reveal,1,1,conditional_inference,wrong_attempt,calm,1,MiniMax-M2.7,conditional_inference,training,main,canonical
b334be3c98136da26a2c,answer_reveal,1,1,simple_inheritance,wrong_attempt,frustrated,0,doubao-seed-2.0-lite,mendelian_inheritance,training,main,canonical
b35f75da1b9025cdb26f,answer_reveal,1,1,conditional_inference,wrong_attempt,frustrated,0,MiniMax-M3,conditional_inference,training,main,canonical
b3b4ed84a7f213af03c6,answer_reveal,0,1,arithmetic_mean,wrong_attempt,frustrated,0,glm-5.3,averaging,training,main,canonical
b3ba23259effddccdf4c,answer_reveal,1,1,arithmetic_mean,wrong_attempt,frustrated,0,MiniMax-M2.7,averaging,training,main,canonical
b40f74436fb3289a1bb3,answer_reveal,1,1,conservation_of_mass,wrong_attempt,frustrated,1,MiniMax-M2.7,conservation_of_mass,training,main,canonical
b460238f49be6bba0169,answer_reveal,1,1,universal_counterexample,correct_partial,frustrated,0,MiniMax-M2.7,counterexample,training,main,canonical
b5621d8d2062ad7c4afc,answer_reveal,1,1,comma_splice,correct_partial,calm,0,deepseek-v4-pro,clause_punctuation,training,main,canonical
b5bc903bf3a6ea939f2c,answer_reveal,1,1,subject_verb_agreement,correct_partial,frustrated,0,deepseek-v4-pro,subject_verb_agreement,training,main,canonical
b610d7dda7e287c52c59,answer_reveal,1,1,weighted_mean,correct_partial,calm,0,MiniMax-M3,averaging,training,main,canonical
b6643799ce77e0008754,answer_reveal,1,1,comma_splice,correct_partial,frustrated,1,MiniMax-M3,clause_punctuation,training,main,canonical
b674dabc32aa69eccf71,answer_reveal,1,1,past_tense,wrong_attempt,calm,1,doubao-seed-2.0-lite,tense_consistency,training,main,canonical
b68b040f48f189151cc8,answer_reveal,1,1,experimental_variable,correct_partial,calm,0,doubao-seed-2.0-lite,experimental_design,training,main,canonical
b7103e06ebaf69067696,answer_reveal,0,1,ordering_constraints,correct_partial,calm,0,glm-5.3,ordering_constraints,training,main,canonical
b7cc11099d76ca322a5e,answer_reveal,1,1,map_scale,correct_partial,frustrated,0,MiniMax-M2.7,unit_conversion,training,main,canonical
b7d289b3afef84bc2a2a,answer_reveal,0,1,map_scale,wrong_attempt,calm,0,MiniMax-M3,unit_conversion,training,main,canonical
b7eca1c0a77119d1a931,answer_reveal,1,1,arithmetic_sequence,correct_partial,calm,1,MiniMax-M3,arithmetic_sequence,training,main,canonical
b7fc247ba767f7f001bf,answer_reveal,0,1,pronoun_reference,correct_partial,calm,0,glm-5.3,pronoun_reference,training,main,canonical
b81756ce938545885c04,answer_reveal,0,1,main_idea,correct_partial,calm,0,glm-5.3,main_idea,training,main,canonical
b84087d5e796afe12a72,answer_reveal,1,1,past_tense,wrong_attempt,calm,0,deepseek-v4-pro,tense_consistency,training,main,canonical
b87a3690a622f1ed195a,answer_reveal,1,1,wave_speed,wrong_attempt,calm,1,MiniMax-M3,wave_speed,training,main,canonical
b882edef7870832f7fba,answer_reveal,0,1,simple_inheritance,wrong_attempt,frustrated,1,MiniMax-M3,mendelian_inheritance,training,main,canonical
b8fb4f71fd9f3a866975,answer_reveal,1,1,universal_counterexample,correct_partial,frustrated,0,deepseek-v4-pro,counterexample,training,main,canonical
b922388394cb1a1515ef,answer_reveal,1,1,single_draw_probability,wrong_attempt,calm,1,MiniMax-M2.7,single_draw_probability,training,main,canonical
b9324e3848fa13acc3be,answer_reveal,1,1,ratio_partition,correct_partial,calm,0,doubao-seed-2.0-lite,ratio_partition,training,main,canonical
b940c4633c3d44f97762,answer_reveal,0,1,experimental_variable,wrong_attempt,frustrated,0,glm-5.3,experimental_design,training,main,canonical
b98773554738753e4d2f,answer_reveal,1,1,expected_points,correct_partial,frustrated,1,MiniMax-M3,expected_value,training,main,canonical
b9e9e99ed094c670100d,answer_reveal,0,1,modifier_attachment,correct_partial,calm,1,glm-5.3,modifier_attachment,training,main,canonical
baef32235e0cf396260b,answer_reveal,1,1,arithmetic_mean,correct_partial,calm,1,doubao-seed-2.0-lite,averaging,training,main,canonical
bb69c2d07b8cebbb05f1,answer_reveal,1,1,map_scale,correct_partial,calm,0,deepseek-v4-pro,unit_conversion,training,main,canonical
bb9bababab6bf379bfc5,answer_reveal,1,1,rectangle_width,correct_partial,frustrated,0,MiniMax-M3,rectangle_perimeter,training,main,canonical
bc7c4c810055715fac8e,answer_reveal,0,1,discount_price,correct_partial,frustrated,0,glm-5.3,discount_price,training,main,canonical
bca712adb133a6812c57,answer_reveal,1,1,single_draw_probability,correct_partial,frustrated,0,MiniMax-M2.7,single_draw_probability,training,main,canonical
bd69d4e2bd3fa4c05dc2,answer_reveal,0,1,conservation_of_mass,wrong_attempt,frustrated,1,glm-5.3,conservation_of_mass,training,main,canonical
bd716b901f6b49a9a284,answer_reveal,1,1,universal_counterexample,wrong_attempt,calm,1,MiniMax-M3,counterexample,training,main,canonical
bd9065ddf025d6274f14,answer_reveal,1,1,universal_counterexample,correct_partial,frustrated,0,doubao-seed-2.0-lite,counterexample,training,main,canonical
bd94ad07379e3fa0d16a,answer_reveal,1,1,comma_splice,correct_partial,calm,1,MiniMax-M3,clause_punctuation,training,main,canonical
bd99d931bcdc5a5d0b46,answer_reveal,1,1,set_entailment,correct_partial,frustrated,0,deepseek-v4-pro,set_entailment,training,main,canonical
be39d90a87cbf51a1383,answer_reveal,1,1,comma_splice,wrong_attempt,frustrated,1,glm-5.3,clause_punctuation,training,main,canonical
be40f8ec54c9718b6a9a,answer_reveal,1,1,thermal_energy,correct_partial,frustrated,0,doubao-seed-2.0-lite,specific_heat,training,main,canonical
be507a261963b9c0de4c,answer_reveal,0,1,thermal_energy,wrong_attempt,frustrated,1,glm-5.3,specific_heat,training,main,canonical
bed7b8e225490bfa6d85,answer_reveal,1,1,subject_verb_agreement,wrong_attempt,calm,0,doubao-seed-2.0-lite,subject_verb_agreement,training,main,canonical
bf23e60b874c7dfe8f1c,answer_reveal,0,1,single_draw_probability,wrong_attempt,calm,0,MiniMax-M3,single_draw_probability,training,main,canonical
bfa0001a24713f3cc44b,answer_reveal,0,1,thermal_energy,correct_partial,calm,1,glm-5.3,specific_heat,training,main,canonical
bfb176e6e92922ac476c,answer_reveal,1,1,subject_verb_agreement,correct_partial,frustrated,1,doubao-seed-2.0-lite,subject_verb_agreement,training,main,canonical
c058c3f209d5abb58eff,answer_reveal,1,1,ordering_constraints,wrong_attempt,frustrated,1,MiniMax-M3,ordering_constraints,training,main,canonical
c088d011a3cecd1dd6e4,answer_reveal,1,1,universal_counterexample,correct_partial,calm,1,deepseek-v4-pro,counterexample,training,main,canonical
c0c7522da516b4c4b2bb,answer_reveal,1,1,speed_units,correct_partial,calm,1,MiniMax-M2.7,unit_conversion,training,main,canonical
c11be4619fcfe9268a6e,answer_reveal,0,1,conjunctive_rule,wrong_attempt,frustrated,0,glm-5.3,conjunctive_rule,training,main,canonical
c11cfbba84fc332cdfdc,answer_reveal,1,1,ordering_constraints,correct_partial,calm,0,MiniMax-M3,ordering_constraints,training,main,canonical
c12001592007e5f4c9b2,answer_reveal,1,1,conjunctive_rule,correct_partial,calm,1,MiniMax-M3,conjunctive_rule,training,main,canonical
c17f6af6eb3d7101c4dd,answer_reveal,1,1,single_draw_probability,wrong_attempt,frustrated,1,doubao-seed-2.0-lite,single_draw_probability,training,main,canonical
c1d736395049cc430215,answer_reveal,1,1,main_idea,correct_partial,frustrated,1,MiniMax-M2.7,main_idea,training,main,canonical
c1eff27e288e468a9b30,answer_reveal,1,1,simple_inheritance,correct_partial,calm,0,deepseek-v4-pro,mendelian_inheritance,training,main,canonical
c2146ed24ef95ed46bfd,answer_reveal,1,1,single_draw_probability,correct_partial,frustrated,0,glm-5.3,single_draw_probability,training,main,canonical
c25fb5daa505f8e92921,answer_reveal,1,1,map_scale,correct_partial,frustrated,1,doubao-seed-2.0-lite,unit_conversion,training,main,canonical
c3930f2cfdcbe75d4414,answer_reveal,0,1,simple_inheritance,correct_partial,frustrated,0,glm-5.3,mendelian_inheritance,training,main,canonical
c3f035e717a50ae3f4e1,answer_reveal,1,1,conservation_of_mass,correct_partial,frustrated,1,doubao-seed-2.0-lite,conservation_of_mass,training,main,canonical
c48b441ef8b67c5bc02e,answer_reveal,1,1,conjunctive_rule,wrong_attempt,frustrated,1,MiniMax-M2.7,conjunctive_rule,training,main,canonical
c53030845c9aac1d5e07,answer_reveal,1,1,arithmetic_sequence,correct_partial,calm,0,MiniMax-M3,arithmetic_sequence,training,main,canonical
c58321e5f1ab6ee0653b,answer_reveal,0,1,universal_counterexample,wrong_attempt,frustrated,1,MiniMax-M3,counterexample,training,main,canonical
c598cf68408b8d141f22,answer_reveal,1,1,relevant_support,wrong_attempt,calm,0,MiniMax-M3,argument_relevance,training,main,canonical
c5dd1c8a4049997dc451,answer_reveal,0,1,arithmetic_mean,wrong_attempt,frustrated,1,MiniMax-M3,averaging,training,main,canonical
c61e6de6879320a1a170,answer_reveal,0,1,map_scale,correct_partial,calm,0,glm-5.3,unit_conversion,training,main,canonical
c639b415d07fefd2c127,answer_reveal,1,1,expected_points,correct_partial,calm,1,MiniMax-M3,expected_value,training,main,canonical
c6bba14ad4161b320d24,answer_reveal,0,1,arithmetic_mean,correct_partial,frustrated,1,glm-5.3,averaging,training,main,canonical
c6ce0e009c7fea9981eb,answer_reveal,1,1,circuit_current,wrong_attempt,calm,0,deepseek-v4-pro,ohms_law,training,main,canonical
c6e775697b903ad60da2,answer_reveal,1,1,conjunctive_rule,wrong_attempt,calm,1,deepseek-v4-pro,conjunctive_rule,training,main,canonical
c8745fe5506cf8dba278,answer_reveal,1,1,expected_points,correct_partial,frustrated,1,doubao-seed-2.0-lite,expected_value,training,main,canonical
c88f9999853f92195e01,answer_reveal,0,1,main_idea,wrong_attempt,calm,0,glm-5.3,main_idea,training,main,canonical
c8a2a0a3b9c8ee6885cc,answer_reveal,1,1,food_chain,wrong_attempt,frustrated,0,doubao-seed-2.0-lite,food_web_relations,training,main,canonical
c92f1c9307cb1cd88d4b,answer_reveal,1,1,weighted_mean,wrong_attempt,calm,0,MiniMax-M2.7,averaging,training,main,canonical
c93234a1b138f73d2011,answer_reveal,1,1,classifier_precision,correct_partial,calm,0,deepseek-v4-pro,classification_metrics,training,main,canonical
c99e3ff351f30b45c4c0,answer_reveal,1,1,speed_units,correct_partial,frustrated,0,MiniMax-M2.7,unit_conversion,training,main,canonical
cb365e9717f84da0057c,answer_reveal,1,1,main_idea,correct_partial,calm,0,deepseek-v4-pro,main_idea,training,main,canonical
cb73ac663672f32fe4fc,answer_reveal,1,1,food_chain,correct_partial,frustrated,1,doubao-seed-2.0-lite,food_web_relations,training,main,canonical
cb93b7e1f9063ec40e6b,answer_reveal,1,1,net_force,correct_partial,calm,1,MiniMax-M3,newtons_second_law,training,main,canonical
cbbb793cf58216920616,answer_reveal,1,1,fact_opinion,wrong_attempt,calm,1,deepseek-v4-pro,fact_opinion,training,main,canonical
cbfaaaa80ba21c460131,answer_reveal,1,1,weighted_mean,wrong_attempt,frustrated,0,deepseek-v4-pro,averaging,training,main,canonical
cbff042db64a376a8c4d,answer_reveal,1,1,rectangle_width,wrong_attempt,frustrated,0,doubao-seed-2.0-lite,rectangle_perimeter,training,main,canonical
cc2e24e004ea2c29678f,answer_reveal,1,1,expected_points,correct_partial,frustrated,1,MiniMax-M2.7,expected_value,training,main,canonical
cc78051f8cd68f4b91a9,answer_reveal,1,1,conjunctive_rule,correct_partial,frustrated,1,doubao-seed-2.0-lite,conjunctive_rule,training,main,canonical
cc8bd8932e28b8497fe1,answer_reveal,1,1,set_entailment,correct_partial,calm,1,MiniMax-M2.7,set_entailment,training,main,canonical
cca81343568469f09b65,answer_reveal,1,1,circuit_current,wrong_attempt,calm,0,MiniMax-M3,ohms_law,training,main,canonical
ccb440d97614daa955ef,answer_reveal,0,1,thermal_energy,correct_partial,frustrated,1,glm-5.3,specific_heat,training,main,canonical
cce1d64581816af54c86,answer_reveal,1,1,ratio_partition,wrong_attempt,calm,0,MiniMax-M2.7,ratio_partition,training,main,canonical
cd029137cd8e4b51fd1e,answer_reveal,1,1,modifier_attachment,wrong_attempt,frustrated,1,doubao-seed-2.0-lite,modifier_attachment,training,main,canonical
cd258d7042ad47ac9262,answer_reveal,1,1,ordering_constraints,wrong_attempt,frustrated,0,doubao-seed-2.0-lite,ordering_constraints,training,main,canonical
ce18e314b9f7248df70d,answer_reveal,1,1,modifier_attachment,wrong_attempt,calm,0,doubao-seed-2.0-lite,modifier_attachment,training,main,canonical
ce4f08069201206823c9,answer_reveal,1,1,single_draw_probability,correct_partial,calm,0,doubao-seed-2.0-lite,single_draw_probability,training,main,canonical
ce64e23ceb0fc502be6e,answer_reveal,1,1,rectangle_width,wrong_attempt,calm,1,deepseek-v4-pro,rectangle_perimeter,training,main,canonical
ce6b8d184354f4ab5b3a,answer_reveal,1,1,conjunctive_rule,wrong_attempt,calm,0,MiniMax-M3,conjunctive_rule,training,main,canonical
ce6e40215e46db08f901,answer_reveal,0,1,arithmetic_mean,wrong_attempt,calm,0,glm-5.3,averaging,training,main,canonical
cf128839820a0bfda880,answer_reveal,1,1,rectangle_width,wrong_attempt,calm,1,MiniMax-M2.7,rectangle_perimeter,training,main,canonical
cfbb32ef3d76b7e52bca,answer_reveal,1,1,food_chain,correct_partial,frustrated,0,MiniMax-M2.7,food_web_relations,training,main,canonical
cfd9263ca7ff2694f597,answer_reveal,0,1,past_tense,correct_partial,calm,1,glm-5.3,tense_consistency,training,main,canonical
cfd946cf865ca1c35950,answer_reveal,1,1,arithmetic_mean,wrong_attempt,frustrated,0,deepseek-v4-pro,averaging,training,main,canonical
d05bca6113e6f9a72351,answer_reveal,1,1,ratio_partition,wrong_attempt,calm,0,MiniMax-M3,ratio_partition,training,main,canonical
d0843b184dbf9ec5ddad,answer_reveal,1,1,expected_points,wrong_attempt,calm,0,MiniMax-M3,expected_value,training,main,canonical
d097f18e55128b4198f0,answer_reveal,1,1,pronoun_reference,correct_partial,frustrated,1,MiniMax-M3,pronoun_reference,training,main,canonical
d0e740d58f257c089eed,answer_reveal,1,1,map_scale,correct_partial,calm,1,doubao-seed-2.0-lite,unit_conversion,training,main,canonical
d169eee50144f66184ca,answer_reveal,1,1,modifier_attachment,wrong_attempt,frustrated,0,MiniMax-M2.7,modifier_attachment,training,main,canonical
d29b7f3778ed44881de5,answer_reveal,1,1,modifier_attachment,wrong_attempt,calm,1,deepseek-v4-pro,modifier_attachment,training,main,canonical
d30241da7761d36cd1ac,answer_reveal,1,1,ratio_partition,correct_partial,frustrated,0,MiniMax-M2.7,ratio_partition,training,main,canonical
d316e0fb6a11639f24bb,answer_reveal,1,1,subject_verb_agreement,correct_partial,calm,0,deepseek-v4-pro,subject_verb_agreement,training,main,canonical
d322f9774e7944ff62f7,answer_reveal,1,1,past_tense,correct_partial,frustrated,0,MiniMax-M3,tense_consistency,training,main,canonical
d341c28625af8ce4cb9f,answer_reveal,1,1,modifier_attachment,correct_partial,calm,1,deepseek-v4-pro,modifier_attachment,training,main,canonical
d3e7b6fe735e195f2671,answer_reveal,1,1,single_draw_probability,wrong_attempt,frustrated,0,MiniMax-M3,single_draw_probability,training,main,canonical
d406278524565b57323d,answer_reveal,0,1,classifier_precision,correct_partial,calm,0,glm-5.3,classification_metrics,training,main,canonical
d41fd5bd1e767f4bb3cc,answer_reveal,1,1,conjunctive_rule,wrong_attempt,frustrated,0,MiniMax-M2.7,conjunctive_rule,training,main,canonical
d482222688cde02f0d1c,answer_reveal,1,1,ordering_constraints,correct_partial,calm,1,doubao-seed-2.0-lite,ordering_constraints,training,main,canonical
d4d11c630f52629c8584,answer_reveal,1,1,circuit_current,correct_partial,frustrated,0,MiniMax-M2.7,ohms_law,training,main,canonical
d50369dbe3066134132f,answer_reveal,0,1,discount_price,wrong_attempt,calm,1,glm-5.3,discount_price,training,main,canonical
d534b3cf2d6f682a3ab3,answer_reveal,1,1,wave_speed,wrong_attempt,frustrated,0,doubao-seed-2.0-lite,wave_speed,training,main,canonical
d5a81cfed7d5ae597543,answer_reveal,1,1,fact_opinion,wrong_attempt,calm,1,glm-5.3,fact_opinion,training,main,canonical
d5fef8fdb288b08e01ca,answer_reveal,1,1,fact_opinion,correct_partial,calm,0,MiniMax-M2.7,fact_opinion,training,main,canonical
d6094c52111b53bf2cd5,answer_reveal,1,1,rectangle_width,correct_partial,frustrated,1,deepseek-v4-pro,rectangle_perimeter,training,main,canonical
d610560553dcbeb5a6b8,answer_reveal,0,1,modifier_attachment,correct_partial,calm,0,glm-5.3,modifier_attachment,training,main,canonical
d6341159d5c7eedea555,answer_reveal,1,1,main_idea,correct_partial,calm,1,deepseek-v4-pro,main_idea,training,main,canonical
d6570a92106f1020abd4,answer_reveal,0,0,comma_splice,correct_partial,frustrated,1,glm-5.3,clause_punctuation,training,main,canonical
d7d356f9176b5be6e59e,answer_reveal,1,1,net_force,correct_partial,calm,0,MiniMax-M2.7,newtons_second_law,training,main,canonical
d840d73e336f3b5043ae,answer_reveal,1,1,pronoun_reference,correct_partial,calm,0,doubao-seed-2.0-lite,pronoun_reference,training,main,canonical
d8556904a288fb813aac,answer_reveal,1,1,circuit_current,wrong_attempt,calm,1,MiniMax-M3,ohms_law,training,main,canonical
d9954eae2d470955f4c9,answer_reveal,1,1,net_force,wrong_attempt,calm,1,MiniMax-M2.7,newtons_second_law,training,main,canonical
d99828e1911c101b8361,answer_reveal,1,1,single_draw_probability,wrong_attempt,frustrated,1,MiniMax-M2.7,single_draw_probability,training,main,canonical
d9da7c6c82edb7923675,answer_reveal,0,1,discount_price,correct_partial,calm,1,MiniMax-M3,discount_price,training,main,canonical
d9e22462c63348a9c7a3,answer_reveal,0,1,arithmetic_mean,correct_partial,calm,0,MiniMax-M3,averaging,training,main,canonical
da5a5a59d47712d0b492,answer_reveal,1,1,thermal_energy,wrong_attempt,calm,0,doubao-seed-2.0-lite,specific_heat,training,main,canonical
daa76bd7a5cbc27f2794,answer_reveal,1,1,conditional_inference,correct_partial,calm,1,glm-5.3,conditional_inference,training,main,canonical
db07bec9e55d6d79fc4c,answer_reveal,1,1,conditional_inference,correct_partial,calm,1,doubao-seed-2.0-lite,conditional_inference,training,main,canonical
db72d221964d0a297007,answer_reveal,1,1,arithmetic_mean,wrong_attempt,frustrated,1,deepseek-v4-pro,averaging,training,main,canonical
db84095e6f1f21356f46,answer_reveal,1,1,food_chain,wrong_attempt,frustrated,1,doubao-seed-2.0-lite,food_web_relations,training,main,canonical
dbab2a9abcd26db63951,answer_reveal,1,1,wave_speed,correct_partial,frustrated,1,MiniMax-M3,wave_speed,training,main,canonical
dc4ff42e9c1c2eb5e6f5,answer_reveal,1,1,relevant_support,correct_partial,frustrated,1,MiniMax-M2.7,argument_relevance,training,main,canonical
dca6d034b572e3871156,answer_reveal,0,1,classifier_precision,correct_partial,frustrated,0,glm-5.3,classification_metrics,training,main,canonical
dcdbf700bf9efb71ed5f,answer_reveal,1,1,wave_speed,correct_partial,calm,0,MiniMax-M2.7,wave_speed,training,main,canonical
dd034b245dadb361adef,answer_reveal,1,1,modifier_attachment,wrong_attempt,calm,1,MiniMax-M2.7,modifier_attachment,training,main,canonical
dd37fa1a9a831489f990,answer_reveal,1,1,rectangle_width,wrong_attempt,calm,1,doubao-seed-2.0-lite,rectangle_perimeter,training,main,canonical
dd47eac4690602215501,answer_reveal,1,1,wave_speed,wrong_attempt,calm,1,deepseek-v4-pro,wave_speed,training,main,canonical
de1270cdaf419b4fca0f,answer_reveal,1,1,comma_splice,correct_partial,frustrated,1,deepseek-v4-pro,clause_punctuation,training,main,canonical
de8d731dd03d977c02d7,answer_reveal,0,1,map_scale,wrong_attempt,frustrated,1,glm-5.3,unit_conversion,training,main,canonical
ded029329542c7ea6458,answer_reveal,0,1,circuit_current,correct_partial,calm,1,glm-5.3,ohms_law,training,main,canonical
dee1403f500bf51ce74a,answer_reveal,1,1,ordering_constraints,wrong_attempt,frustrated,1,deepseek-v4-pro,ordering_constraints,training,main,canonical
df312c2375543d257e70,answer_reveal,0,1,rectangle_width,correct_partial,calm,1,glm-5.3,rectangle_perimeter,training,main,canonical
df32f8287c78053e6024,answer_reveal,0,1,weighted_mean,correct_partial,calm,1,glm-5.3,averaging,training,main,canonical
df69d0d7330e0d7cf193,answer_reveal,1,1,conjunctive_rule,wrong_attempt,frustrated,0,MiniMax-M3,conjunctive_rule,training,main,canonical
dfcf35aaf28cc2bfc571,answer_reveal,1,1,main_idea,wrong_attempt,calm,1,MiniMax-M3,main_idea,training,main,canonical
e04a8ae9c9c259d89612,answer_reveal,1,1,simple_inheritance,wrong_attempt,calm,1,deepseek-v4-pro,mendelian_inheritance,training,main,canonical
e0889b66986dba64338a,answer_reveal,1,1,conditional_inference,correct_partial,frustrated,1,MiniMax-M3,conditional_inference,training,main,canonical
e13851009b3e36a1ad6e,answer_reveal,0,1,conservation_of_mass,correct_partial,frustrated,0,MiniMax-M3,conservation_of_mass,training,main,canonical
e1736714c6cc4bf302a5,answer_reveal,0,1,arithmetic_sequence,correct_partial,calm,0,glm-5.3,arithmetic_sequence,training,main,canonical
e1e46d9ba3ca8e64e940,answer_reveal,1,1,discount_price,wrong_attempt,frustrated,1,doubao-seed-2.0-lite,discount_price,training,main,canonical
e1f8a1c67788c0d4342b,answer_reveal,1,1,subject_verb_agreement,correct_partial,calm,0,doubao-seed-2.0-lite,subject_verb_agreement,training,main,canonical
e23675a0a91f308ad877,answer_reveal,0,1,subject_verb_agreement,wrong_attempt,calm,1,glm-5.3,subject_verb_agreement,training,main,canonical
e353947d07ed47878f26,answer_reveal,1,1,single_draw_probability,correct_partial,calm,1,deepseek-v4-pro,single_draw_probability,training,main,canonical
e35e3169e36dbf345362,answer_reveal,1,1,single_draw_probability,wrong_attempt,calm,0,deepseek-v4-pro,single_draw_probability,training,main,canonical
e3a12fa5856c65489e35,answer_reveal,0,1,wave_speed,correct_partial,calm,1,MiniMax-M3,wave_speed,training,main,canonical
e3c58e79f8fd5699c464,answer_reveal,1,1,comma_splice,wrong_attempt,frustrated,0,MiniMax-M3,clause_punctuation,training,main,canonical
e3d694b0b36da6b796f8,answer_reveal,0,1,map_scale,wrong_attempt,calm,0,glm-5.3,unit_conversion,training,main,canonical
e4a00c3d09bd8b4cf24d,answer_reveal,1,1,net_force,wrong_attempt,calm,1,doubao-seed-2.0-lite,newtons_second_law,training,main,canonical
e5baf276139309a474a3,answer_reveal,1,1,subject_verb_agreement,correct_partial,calm,1,MiniMax-M2.7,subject_verb_agreement,training,main,canonical
e617a33fda64ec55ea93,answer_reveal,1,1,net_force,correct_partial,frustrated,1,doubao-seed-2.0-lite,newtons_second_law,training,main,canonical
e6389d6fb2eaf82c64f5,answer_reveal,0,1,ratio_partition,wrong_attempt,frustrated,0,MiniMax-M3,ratio_partition,training,main,canonical
e6d8819d5acafcd49558,answer_reveal,1,1,single_draw_probability,correct_partial,calm,0,MiniMax-M2.7,single_draw_probability,training,main,canonical
e7b580da18d4d3f5d8a7,answer_reveal,1,1,food_chain,wrong_attempt,frustrated,0,MiniMax-M3,food_web_relations,training,main,canonical
e86a7fce225aca18aa9d,answer_reveal,0,1,classifier_precision,wrong_attempt,frustrated,1,glm-5.3,classification_metrics,training,main,canonical
e8b435c2796046cdc184,answer_reveal,0,1,map_scale,wrong_attempt,calm,1,glm-5.3,unit_conversion,training,main,canonical
e8fec848cc8c31c1ecf9,answer_reveal,1,1,map_scale,correct_partial,calm,1,deepseek-v4-pro,unit_conversion,training,main,canonical
e93e520dc4546c4eb979,answer_reveal,1,1,map_scale,wrong_attempt,calm,1,MiniMax-M2.7,unit_conversion,training,main,canonical
e95711052c377184cced,answer_reveal,0,1,arithmetic_sequence,wrong_attempt,frustrated,0,glm-5.3,arithmetic_sequence,training,main,canonical
eac6f59ef75367047b5c,answer_reveal,1,1,rectangle_width,correct_partial,calm,0,doubao-seed-2.0-lite,rectangle_perimeter,training,main,canonical
eb8c4e7085b64d6eae56,answer_reveal,1,1,net_force,wrong_attempt,frustrated,1,doubao-seed-2.0-lite,newtons_second_law,training,main,canonical
ebff70b312c2123438be,answer_reveal,1,1,classifier_precision,wrong_attempt,frustrated,0,doubao-seed-2.0-lite,classification_metrics,training,main,canonical
ec0d78951ec084a3ba1e,answer_reveal,1,1,wave_speed,wrong_attempt,frustrated,1,deepseek-v4-pro,wave_speed,training,main,canonical
ec275127177eb9aeb679,answer_reveal,0,1,conjunctive_rule,wrong_attempt,calm,1,MiniMax-M3,conjunctive_rule,training,main,canonical
ecafb7a14307d6b8a5ef,answer_reveal,1,1,rectangle_width,wrong_attempt,calm,1,MiniMax-M3,rectangle_perimeter,training,main,canonical
ed06ad2fbc6dc847bdc1,answer_reveal,0,1,pronoun_reference,wrong_attempt,calm,1,glm-5.3,pronoun_reference,training,main,canonical
ed1544a23a6bd4c2c395,answer_reveal,0,1,experimental_variable,wrong_attempt,calm,0,glm-5.3,experimental_design,training,main,canonical
ee92173acd7c6aa498e8,answer_reveal,1,1,classifier_precision,correct_partial,frustrated,0,deepseek-v4-pro,classification_metrics,training,main,canonical
ee94799f516785354273,answer_reveal,1,1,ratio_partition,correct_partial,frustrated,1,MiniMax-M2.7,ratio_partition,training,main,canonical
eed45f9f739605467b23,answer_reveal,1,1,experimental_variable,wrong_attempt,calm,0,MiniMax-M2.7,experimental_design,training,main,canonical
eef9db7aba3356404cd6,answer_reveal,1,1,past_tense,correct_partial,calm,0,MiniMax-M2.7,tense_consistency,training,main,canonical
ef0d34abde2242c5d82d,answer_reveal,1,1,ratio_partition,correct_partial,frustrated,0,MiniMax-M3,ratio_partition,training,main,canonical
ef4113ae737a4bc74633,answer_reveal,1,1,classifier_precision,correct_partial,frustrated,1,doubao-seed-2.0-lite,classification_metrics,training,main,canonical
ef874e9b45df6ea0bc46,answer_reveal,1,1,expected_points,wrong_attempt,frustrated,1,deepseek-v4-pro,expected_value,training,main,canonical
eff0cd403bbce59a01ab,answer_reveal,1,1,conservation_of_mass,correct_partial,calm,1,deepseek-v4-pro,conservation_of_mass,training,main,canonical
f08634455915f49d61e4,answer_reveal,1,1,subject_verb_agreement,wrong_attempt,frustrated,1,glm-5.3,subject_verb_agreement,training,main,canonical
f0fabdc99d1003de37d8,answer_reveal,1,1,single_draw_probability,wrong_attempt,frustrated,1,deepseek-v4-pro,single_draw_probability,training,main,canonical
f10b7b415cb8869aa79f,answer_reveal,1,1,speed_units,wrong_attempt,frustrated,0,MiniMax-M2.7,unit_conversion,training,main,canonical
f12707b1ba54b762ebf8,answer_reveal,1,1,relevant_support,correct_partial,calm,0,MiniMax-M3,argument_relevance,training,main,canonical
f16b932476f30ae7f9a1,answer_reveal,0,1,ordering_constraints,wrong_attempt,frustrated,0,glm-5.3,ordering_constraints,training,main,canonical
f35b251c20b70b15bf2e,answer_reveal,1,1,map_scale,correct_partial,calm,1,MiniMax-M3,unit_conversion,training,main,canonical
f395cb072dcc6576d177,answer_reveal,1,1,arithmetic_sequence,correct_partial,frustrated,1,MiniMax-M3,arithmetic_sequence,training,main,canonical
f3f083b2a2252df5380f,answer_reveal,1,1,conditional_inference,wrong_attempt,calm,0,MiniMax-M2.7,conditional_inference,training,main,canonical
f452c688eb489d5b37fe,answer_reveal,0,1,experimental_variable,wrong_attempt,calm,1,glm-5.3,experimental_design,training,main,canonical
f45f5b91cc29ab1555d3,answer_reveal,1,1,net_force,wrong_attempt,frustrated,0,MiniMax-M3,newtons_second_law,training,main,canonical
f49652a92ef9df74bafd,answer_reveal,1,1,fact_opinion,correct_partial,frustrated,1,deepseek-v4-pro,fact_opinion,training,main,canonical
f4f423ebb87ab431f3b0,answer_reveal,0,1,circuit_current,wrong_attempt,calm,0,glm-5.3,ohms_law,training,main,canonical
f4fe1b4154f821404577,answer_reveal,0,1,food_chain,correct_partial,calm,1,glm-5.3,food_web_relations,training,main,canonical
f56beda7ba8d26a87b1c,answer_reveal,0,1,single_draw_probability,correct_partial,calm,0,glm-5.3,single_draw_probability,training,main,canonical
f5ff36eda258519a09ab,answer_reveal,1,1,past_tense,correct_partial,frustrated,0,doubao-seed-2.0-lite,tense_consistency,training,main,canonical
f64a114ffd537c74892f,answer_reveal,1,1,thermal_energy,correct_partial,calm,0,MiniMax-M3,specific_heat,training,main,canonical
f6960bfb86e30c3dfcd3,answer_reveal,1,1,map_scale,correct_partial,frustrated,1,MiniMax-M3,unit_conversion,training,main,canonical
f7129f4fd089f6294896,answer_reveal,1,1,net_force,wrong_attempt,frustrated,1,MiniMax-M3,newtons_second_law,training,main,canonical
f78da3337f94527d00c8,answer_reveal,0,1,single_draw_probability,wrong_attempt,frustrated,1,glm-5.3,single_draw_probability,training,main,canonical
f7e1e3a1df374ca54b9d,answer_reveal,1,1,fact_opinion,wrong_attempt,calm,1,MiniMax-M3,fact_opinion,training,main,canonical
f83585ed0f9ca66ccf96,answer_reveal,1,1,set_entailment,wrong_attempt,frustrated,0,MiniMax-M2.7,set_entailment,training,main,canonical
f8a4d23253532b4cf0b3,answer_reveal,0,1,weighted_mean,correct_partial,calm,0,glm-5.3,averaging,training,main,canonical
fa43b9a3d963a24b3b9c,answer_reveal,1,1,net_force,correct_partial,calm,0,MiniMax-M3,newtons_second_law,training,main,canonical
fa82d75d2734afc9d62b,answer_reveal,1,1,universal_counterexample,wrong_attempt,calm,0,MiniMax-M2.7,counterexample,training,main,canonical
fa8fa35c9bdd203c408b,answer_reveal,1,1,expected_points,correct_partial,frustrated,0,MiniMax-M2.7,expected_value,training,main,canonical
fb04f9c85e714f3216ec,answer_reveal,1,1,modifier_attachment,correct_partial,frustrated,1,doubao-seed-2.0-lite,modifier_attachment,training,main,canonical
fb2a8aa9cfe6147210b6,answer_reveal,1,1,wave_speed,wrong_attempt,frustrated,1,MiniMax-M3,wave_speed,training,main,canonical
fb4d48eac71d4dd47c2b,answer_reveal,1,1,main_idea,correct_partial,frustrated,1,deepseek-v4-pro,main_idea,training,main,canonical
fc6491e797998df44d12,answer_reveal,1,1,main_idea,wrong_attempt,frustrated,1,MiniMax-M3,main_idea,training,main,canonical
fca922525c15542b6991,answer_reveal,1,1,pronoun_reference,wrong_attempt,calm,1,MiniMax-M2.7,pronoun_reference,training,main,canonical
fcaac42dd882bd35f2ef,answer_reveal,1,1,rectangle_width,correct_partial,calm,1,doubao-seed-2.0-lite,rectangle_perimeter,training,main,canonical
fcee00f294b0e39cca36,answer_reveal,1,1,thermal_energy,correct_partial,frustrated,0,MiniMax-M3,specific_heat,training,main,canonical
fd7ca19fc546b3ea76f7,answer_reveal,1,1,circuit_current,correct_partial,calm,0,MiniMax-M2.7,ohms_law,training,main,canonical
fdba5d7502e13c984752,answer_reveal,1,1,ordering_constraints,correct_partial,calm,1,MiniMax-M3,ordering_constraints,training,main,canonical
fdbaac48aaa0afa36947,answer_reveal,1,1,conditional_inference,wrong_attempt,calm,0,deepseek-v4-pro,conditional_inference,training,main,canonical
fdcc19b03621b7c97d8c,answer_reveal,1,1,pronoun_reference,correct_partial,calm,1,doubao-seed-2.0-lite,pronoun_reference,training,main,canonical
fde3c0cc418a56e19a8a,answer_reveal,1,1,classifier_precision,wrong_attempt,frustrated,0,deepseek-v4-pro,classification_metrics,training,main,canonical
fdebe755ba7abea9f726,answer_reveal,1,1,universal_counterexample,wrong_attempt,frustrated,0,doubao-seed-2.0-lite,counterexample,training,main,canonical
fdec12fc40e11db5db88,answer_reveal,0,1,arithmetic_sequence,correct_partial,calm,1,glm-5.3,arithmetic_sequence,training,main,canonical
fed2df0dcd985e3d8921,answer_reveal,1,1,arithmetic_sequence,correct_partial,frustrated,0,deepseek-v4-pro,arithmetic_sequence,training,main,canonical
ffcc4b370fe0b9e51afa,answer_reveal,1,1,set_entailment,wrong_attempt,frustrated,1,doubao-seed-2.0-lite,set_entailment,training,main,canonical
000de85f3559b68e3844,epistemic_qualification,0,1,thermal_energy,correct_partial,calm,1,MiniMax-M3,specific_heat,training,main,canonical
0011839caaa9f61025f0,epistemic_qualification,0,1,fact_opinion,wrong_attempt,frustrated,1,doubao-seed-2.0-lite,fact_opinion,training,main,canonical
0092a9b1c4ccd3f00c15,epistemic_qualification,0,1,relevant_support,wrong_attempt,calm,0,doubao-seed-2.0-lite,argument_relevance,training,main,canonical
00a9c029518cc9fa86ed,epistemic_qualification,0,0,arithmetic_sequence,correct_partial,frustrated,1,glm-5.3,arithmetic_sequence,training,main,canonical
00d665a5c51c08b5c0c2,epistemic_qualification,0,1,expected_points,correct_partial,calm,0,glm-5.3,expected_value,training,main,canonical
00d895b8a069659fce47,epistemic_qualification,0,0,food_chain,correct_partial,frustrated,0,doubao-seed-2.0-lite,food_web_relations,training,main,canonical
025f6784df68b49207cc,epistemic_qualification,0,0,expected_points,correct_partial,frustrated,0,glm-5.3,expected_value,training,main,canonical
028d411bbb16b9addddf,epistemic_qualification,0,1,experimental_variable,wrong_attempt,frustrated,1,doubao-seed-2.0-lite,experimental_design,training,main,canonical
02c3562ff91ebddf11d1,epistemic_qualification,1,0,conditional_inference,correct_partial,calm,0,doubao-seed-2.0-lite,conditional_inference,training,main,canonical
02fcf1e01ab1c5c5b98e,epistemic_qualification,0,1,map_scale,wrong_attempt,calm,0,doubao-seed-2.0-lite,unit_conversion,training,main,canonical
039baf32beb6e345cb77,epistemic_qualification,0,1,experimental_variable,wrong_attempt,calm,0,doubao-seed-2.0-lite,experimental_design,training,main,canonical
03b9c493862e8b6f7732,epistemic_qualification,0,1,fact_opinion,correct_partial,frustrated,1,glm-5.3,fact_opinion,training,main,canonical
051fb731cfb7aaee6a42,epistemic_qualification,0,1,conservation_of_mass,wrong_attempt,calm,0,deepseek-v4-pro,conservation_of_mass,training,main,canonical
056530dfc423318f842d,epistemic_qualification,0,1,thermal_energy,correct_partial,frustrated,0,MiniMax-M2.7,specific_heat,training,main,canonical
057f70c081b827c2baf3,epistemic_qualification,0,0,net_force,correct_partial,frustrated,0,MiniMax-M2.7,newtons_second_law,training,main,canonical
0586a5c80d5e18357a9b,epistemic_qualification,1,1,set_entailment,wrong_attempt,calm,0,deepseek-v4-pro,set_entailment,training,main,canonical
05ed757c6f15c100cdbc,epistemic_qualification,0,1,pronoun_reference,correct_partial,calm,1,MiniMax-M2.7,pronoun_reference,training,main,canonical
06542a6fc8ddcf037ea8,epistemic_qualification,1,1,food_chain,wrong_attempt,frustrated,1,glm-5.3,food_web_relations,training,main,canonical
06be65e009e390f8b68a,epistemic_qualification,0,0,simple_inheritance,correct_partial,calm,1,doubao-seed-2.0-lite,mendelian_inheritance,training,main,canonical
06bee78de97a1fb4c8c0,epistemic_qualification,0,1,wave_speed,wrong_attempt,calm,0,MiniMax-M3,wave_speed,training,main,canonical
073e4b9a1e7f09a3c6f6,epistemic_qualification,1,0,main_idea,correct_partial,frustrated,0,MiniMax-M2.7,main_idea,training,main,canonical
076c42e07793854aae0c,epistemic_qualification,0,1,discount_price,wrong_attempt,calm,1,doubao-seed-2.0-lite,discount_price,training,main,canonical
07b0df52365d00e0f42a,epistemic_qualification,0,1,arithmetic_sequence,wrong_attempt,calm,1,MiniMax-M3,arithmetic_sequence,training,main,canonical
07f512d41882fdfc3353,epistemic_qualification,0,1,classifier_precision,wrong_attempt,frustrated,1,doubao-seed-2.0-lite,classification_metrics,training,main,canonical
081bb6b7dafdbdf6147c,epistemic_qualification,1,0,food_chain,correct_partial,frustrated,1,MiniMax-M3,food_web_relations,training,main,canonical
0835536de2d1b4576d98,epistemic_qualification,0,1,wave_speed,wrong_attempt,frustrated,0,MiniMax-M2.7,wave_speed,training,main,canonical
085f304c7bc717b2d83b,epistemic_qualification,0,1,arithmetic_sequence,wrong_attempt,calm,1,deepseek-v4-pro,arithmetic_sequence,training,main,canonical
08b2fb45770c29328b74,epistemic_qualification,0,0,modifier_attachment,correct_partial,frustrated,0,deepseek-v4-pro,modifier_attachment,training,main,canonical
08d8629e160cd8429ae6,epistemic_qualification,0,1,subject_verb_agreement,correct_partial,frustrated,1,MiniMax-M2.7,subject_verb_agreement,training,main,canonical
093a69e065b00efa4dc9,epistemic_qualification,1,0,ordering_constraints,wrong_attempt,frustrated,0,MiniMax-M3,ordering_constraints,training,main,canonical
096a809bc0c5cc3c11fe,epistemic_qualification,0,1,subject_verb_agreement,wrong_attempt,calm,0,deepseek-v4-pro,subject_verb_agreement,training,main,canonical
09802f7574adcc01b9f7,epistemic_qualification,0,1,experimental_variable,wrong_attempt,calm,1,MiniMax-M2.7,experimental_design,training,main,canonical
09f2090997f0d21b2624,epistemic_qualification,0,1,ordering_constraints,wrong_attempt,calm,0,MiniMax-M3,ordering_constraints,training,main,canonical
0a1e1ff687010dd27ed4,epistemic_qualification,0,1,map_scale,correct_partial,calm,0,MiniMax-M3,unit_conversion,training,main,canonical
0ae183a67ff75ff4e31f,epistemic_qualification,1,0,food_chain,wrong_attempt,calm,1,glm-5.3,food_web_relations,training,main,canonical
0b2a30d705a3378cbfe9,epistemic_qualification,0,1,net_force,wrong_attempt,frustrated,0,MiniMax-M2.7,newtons_second_law,training,main,canonical
0b4d63c14809f9744b94,epistemic_qualification,0,1,universal_counterexample,correct_partial,frustrated,1,MiniMax-M2.7,counterexample,training,main,canonical
0bab4e6c0d0a3c66726c,epistemic_qualification,0,1,relevant_support,wrong_attempt,frustrated,1,MiniMax-M2.7,argument_relevance,training,main,canonical
0bf2f2df315a0de10bee,epistemic_qualification,0,1,classifier_precision,correct_partial,calm,0,MiniMax-M3,classification_metrics,training,main,canonical
0c1a73fbf9eea7d76f54,epistemic_qualification,0,1,net_force,correct_partial,frustrated,0,doubao-seed-2.0-lite,newtons_second_law,training,main,canonical
0c3765a6f71dd21ebfdf,epistemic_qualification,0,1,ratio_partition,wrong_attempt,calm,0,glm-5.3,ratio_partition,training,main,canonical
0c6f6d5c1bd4bb0c928e,epistemic_qualification,0,1,experimental_variable,correct_partial,calm,0,MiniMax-M2.7,experimental_design,training,main,canonical
0c7425c1807a56193931,epistemic_qualification,0,1,arithmetic_mean,wrong_attempt,calm,0,doubao-seed-2.0-lite,averaging,training,main,canonical
0cef2200c5d1aaa909a9,epistemic_qualification,0,1,ratio_partition,correct_partial,calm,0,deepseek-v4-pro,ratio_partition,training,main,canonical
0d3c585eb56a230ad9db,epistemic_qualification,0,1,comma_splice,wrong_attempt,calm,0,MiniMax-M3,clause_punctuation,training,main,canonical
0d8fa499fc7e56017c1c,epistemic_qualification,1,1,pronoun_reference,wrong_attempt,frustrated,1,doubao-seed-2.0-lite,pronoun_reference,training,main,canonical
0dd03c0875c12ace0635,epistemic_qualification,0,1,comma_splice,wrong_attempt,frustrated,0,MiniMax-M2.7,clause_punctuation,training,main,canonical
0e0537c33896a2d4f092,epistemic_qualification,0,1,thermal_energy,correct_partial,calm,0,MiniMax-M2.7,specific_heat,training,main,canonical
0eb77d92a536b8d1efb4,epistemic_qualification,0,1,map_scale,correct_partial,frustrated,1,MiniMax-M2.7,unit_conversion,training,main,canonical
0ec35b60d4ac5ab9c326,epistemic_qualification,0,1,subject_verb_agreement,wrong_attempt,calm,0,MiniMax-M3,subject_verb_agreement,training,main,canonical
0ed187c6b1610ea04c55,epistemic_qualification,0,1,rectangle_width,wrong_attempt,calm,0,MiniMax-M3,rectangle_perimeter,training,main,canonical
0f0cddcba637413c033f,epistemic_qualification,0,1,thermal_energy,correct_partial,calm,0,doubao-seed-2.0-lite,specific_heat,training,main,canonical
0f297d7d2dd9227f11d4,epistemic_qualification,0,1,net_force,correct_partial,frustrated,1,MiniMax-M3,newtons_second_law,training,main,canonical
0fa1cad47a564babfba4,epistemic_qualification,0,1,past_tense,correct_partial,frustrated,1,MiniMax-M2.7,tense_consistency,training,main,canonical
10007121ec15c08de509,epistemic_qualification,0,0,expected_points,wrong_attempt,calm,1,MiniMax-M3,expected_value,training,main,canonical
10284be9b7b63beb35c9,epistemic_qualification,0,1,pronoun_reference,wrong_attempt,calm,0,deepseek-v4-pro,pronoun_reference,training,main,canonical
102aebd65a4b13916707,epistemic_qualification,0,1,classifier_precision,wrong_attempt,frustrated,0,glm-5.3,classification_metrics,training,main,canonical
10623e6486e9f10cea0a,epistemic_qualification,0,1,arithmetic_sequence,correct_partial,calm,1,doubao-seed-2.0-lite,arithmetic_sequence,training,main,canonical
10af9884a0dd2886bb9c,epistemic_qualification,0,1,speed_units,wrong_attempt,frustrated,0,deepseek-v4-pro,unit_conversion,training,main,canonical
10b88d2ce1785fb4b669,epistemic_qualification,0,1,relevant_support,correct_partial,calm,0,MiniMax-M2.7,argument_relevance,training,main,canonical
113e2825e5ea94a69f82,epistemic_qualification,0,0,fact_opinion,wrong_attempt,calm,1,doubao-seed-2.0-lite,fact_opinion,training,main,canonical
117b064c61d0d7a51f15,epistemic_qualification,0,1,ordering_constraints,correct_partial,frustrated,1,glm-5.3,ordering_constraints,training,main,canonical
11a548aa9575a0649eb3,epistemic_qualification,0,1,arithmetic_sequence,wrong_attempt,calm,1,glm-5.3,arithmetic_sequence,training,main,canonical
11f4391626aab4b60bb6,epistemic_qualification,0,1,net_force,wrong_attempt,frustrated,1,MiniMax-M2.7,newtons_second_law,training,main,canonical
12ad0dccee5babb6a156,epistemic_qualification,0,0,thermal_energy,wrong_attempt,calm,0,deepseek-v4-pro,specific_heat,training,main,canonical
12bddfa074944263887c,epistemic_qualification,0,1,conjunctive_rule,wrong_attempt,frustrated,1,deepseek-v4-pro,conjunctive_rule,training,main,canonical
14b0ed78a8d83398d8d2,epistemic_qualification,0,1,conditional_inference,wrong_attempt,calm,0,glm-5.3,conditional_inference,training,main,canonical
14c16f7049b522b999b8,epistemic_qualification,0,0,modifier_attachment,wrong_attempt,frustrated,1,MiniMax-M3,modifier_attachment,training,main,canonical
155f2fa785a9deba8845,epistemic_qualification,0,1,modifier_attachment,correct_partial,frustrated,1,glm-5.3,modifier_attachment,training,main,canonical
158b0a4d8fd175445fcc,epistemic_qualification,0,1,rectangle_width,wrong_attempt,calm,0,deepseek-v4-pro,rectangle_perimeter,training,main,canonical
169a404a0a3ad46b72e6,epistemic_qualification,0,1,map_scale,correct_partial,calm,1,glm-5.3,unit_conversion,training,main,canonical
16d62370d187701d9c89,epistemic_qualification,0,1,past_tense,wrong_attempt,frustrated,1,doubao-seed-2.0-lite,tense_consistency,training,main,canonical
16f3f8e9ae7c1b93628e,epistemic_qualification,0,1,circuit_current,wrong_attempt,calm,1,deepseek-v4-pro,ohms_law,training,main,canonical
16f59fb7d5cb47303622,epistemic_qualification,0,0,conservation_of_mass,correct_partial,calm,0,glm-5.3,conservation_of_mass,training,main,canonical
171172625dd9dd1b578e,epistemic_qualification,0,0,net_force,correct_partial,calm,0,deepseek-v4-pro,newtons_second_law,training,main,canonical
17e1c88e0208c4363bb0,epistemic_qualification,0,1,single_draw_probability,wrong_attempt,frustrated,0,MiniMax-M2.7,single_draw_probability,training,main,canonical
1880dd2538e055742e7c,epistemic_qualification,0,1,arithmetic_mean,correct_partial,frustrated,1,deepseek-v4-pro,averaging,training,main,canonical
18e5075c38d931e89f89,epistemic_qualification,1,1,set_entailment,wrong_attempt,frustrated,0,MiniMax-M3,set_entailment,training,main,canonical
190072349b8e158ca8ab,epistemic_qualification,0,1,conservation_of_mass,wrong_attempt,calm,1,glm-5.3,conservation_of_mass,training,main,canonical
1935247449d6ccfd7115,epistemic_qualification,0,1,classifier_precision,wrong_attempt,calm,1,deepseek-v4-pro,classification_metrics,training,main,canonical
19461e7b8c2c29b767c7,epistemic_qualification,0,1,set_entailment,wrong_attempt,calm,1,glm-5.3,set_entailment,training,main,canonical
197ddcab5ed99463fffa,epistemic_qualification,0,1,arithmetic_sequence,correct_partial,frustrated,1,MiniMax-M2.7,arithmetic_sequence,training,main,canonical
19916228be06daef9498,epistemic_qualification,0,1,map_scale,wrong_attempt,frustrated,0,deepseek-v4-pro,unit_conversion,training,main,canonical
19964d11d7ea5d4aeb9c,epistemic_qualification,0,1,simple_inheritance,correct_partial,frustrated,0,doubao-seed-2.0-lite,mendelian_inheritance,training,main,canonical
1a0e814d9ccbeccb3bb9,epistemic_qualification,0,1,net_force,correct_partial,frustrated,1,deepseek-v4-pro,newtons_second_law,training,main,canonical
1a29db462880a53e4cd4,epistemic_qualification,0,1,conjunctive_rule,wrong_attempt,calm,1,glm-5.3,conjunctive_rule,training,main,canonical
1a78060d96ea4eceaf49,epistemic_qualification,0,0,pronoun_reference,wrong_attempt,frustrated,0,glm-5.3,pronoun_reference,training,main,canonical
1a8f6c97a92151e67268,epistemic_qualification,0,1,arithmetic_sequence,correct_partial,frustrated,1,deepseek-v4-pro,arithmetic_sequence,training,main,canonical
1aec6ed308f7322a599c,epistemic_qualification,1,1,single_draw_probability,correct_partial,calm,1,MiniMax-M3,single_draw_probability,training,main,canonical
1bcf3e317c65924e1f97,epistemic_qualification,0,1,set_entailment,correct_partial,calm,0,MiniMax-M3,set_entailment,training,main,canonical
1c04903c0d5bd0d625e8,epistemic_qualification,0,1,rectangle_width,wrong_attempt,calm,0,doubao-seed-2.0-lite,rectangle_perimeter,training,main,canonical
1d6d2018e5b52b76ea55,epistemic_qualification,0,1,net_force,wrong_attempt,frustrated,0,doubao-seed-2.0-lite,newtons_second_law,training,main,canonical
1df59c77b5aef9b2930f,epistemic_qualification,0,1,net_force,wrong_attempt,calm,0,MiniMax-M3,newtons_second_law,training,main,canonical
1e213875cb456cd605c8,epistemic_qualification,0,1,ratio_partition,correct_partial,calm,0,MiniMax-M2.7,ratio_partition,training,main,canonical
1e3502ff7bf54cac53d8,epistemic_qualification,0,1,wave_speed,wrong_attempt,calm,1,MiniMax-M2.7,wave_speed,training,main,canonical
1e73a7073efe73429c88,epistemic_qualification,0,1,circuit_current,correct_partial,frustrated,0,doubao-seed-2.0-lite,ohms_law,training,main,canonical
1e9f57024a31fe6badf8,epistemic_qualification,0,1,food_chain,correct_partial,calm,0,MiniMax-M3,food_web_relations,training,main,canonical
1ecb84ac8fb921095c33,epistemic_qualification,0,1,universal_counterexample,correct_partial,calm,0,MiniMax-M2.7,counterexample,training,main,canonical
1ef05eb397f995b277c5,epistemic_qualification,0,1,modifier_attachment,correct_partial,calm,1,MiniMax-M2.7,modifier_attachment,training,main,canonical
1f07d7a037e307c24d47,epistemic_qualification,0,1,conservation_of_mass,correct_partial,frustrated,0,glm-5.3,conservation_of_mass,training,main,canonical
1f898c5a620ad0a462b8,epistemic_qualification,0,1,thermal_energy,correct_partial,frustrated,1,MiniMax-M2.7,specific_heat,training,main,canonical
2095bfc0da76fc7855ab,epistemic_qualification,0,1,arithmetic_mean,correct_partial,frustrated,1,doubao-seed-2.0-lite,averaging,training,main,canonical
20eeaf89e291b424843b,epistemic_qualification,0,1,experimental_variable,wrong_attempt,calm,0,deepseek-v4-pro,experimental_design,training,main,canonical
2171f9535ad7f2303f49,epistemic_qualification,0,1,wave_speed,correct_partial,frustrated,0,MiniMax-M2.7,wave_speed,training,main,canonical
21abfc486e4e9de13182,epistemic_qualification,0,1,main_idea,correct_partial,calm,0,MiniMax-M2.7,main_idea,training,main,canonical
21c3ab4b72d309c2d35e,epistemic_qualification,0,0,expected_points,correct_partial,calm,1,glm-5.3,expected_value,training,main,canonical
21ce0d20b4b81a9a2a49,epistemic_qualification,0,1,circuit_current,wrong_attempt,frustrated,1,MiniMax-M3,ohms_law,training,main,canonical
2215926151d9beb376dd,epistemic_qualification,0,1,ordering_constraints,correct_partial,frustrated,1,deepseek-v4-pro,ordering_constraints,training,main,canonical
222f01fa741352427bdc,epistemic_qualification,0,1,arithmetic_mean,wrong_attempt,calm,1,deepseek-v4-pro,averaging,training,main,canonical
22311688d065cc4ac78c,epistemic_qualification,0,1,weighted_mean,wrong_attempt,frustrated,1,MiniMax-M3,averaging,training,main,canonical
22e34b7f492b95a3afd6,epistemic_qualification,0,1,modifier_attachment,correct_partial,frustrated,0,MiniMax-M3,modifier_attachment,training,main,canonical
22e7d0bb802cddc95486,epistemic_qualification,0,1,subject_verb_agreement,correct_partial,frustrated,0,doubao-seed-2.0-lite,subject_verb_agreement,training,main,canonical
237ff02543a332bc587d,epistemic_qualification,1,0,main_idea,wrong_attempt,frustrated,0,deepseek-v4-pro,main_idea,training,main,canonical
238030c973bfec3cc51b,epistemic_qualification,0,1,thermal_energy,correct_partial,frustrated,1,doubao-seed-2.0-lite,specific_heat,training,main,canonical
23a6bd0d53b8d210b6f8,epistemic_qualification,0,1,weighted_mean,correct_partial,calm,1,MiniMax-M2.7,averaging,training,main,canonical
23ed0007e7dbb25034eb,epistemic_qualification,1,1,pronoun_reference,wrong_attempt,calm,1,deepseek-v4-pro,pronoun_reference,training,main,canonical
24525fde240784dbf7cf,epistemic_qualification,0,1,ratio_partition,correct_partial,calm,1,deepseek-v4-pro,ratio_partition,training,main,canonical
248a8c8938212775b279,epistemic_qualification,0,1,pronoun_reference,correct_partial,calm,0,MiniMax-M2.7,pronoun_reference,training,main,canonical
24afce20a2fc5c9a9879,epistemic_qualification,0,1,ratio_partition,wrong_attempt,frustrated,0,doubao-seed-2.0-lite,ratio_partition,training,main,canonical
24b588c442c432cdb8fc,epistemic_qualification,1,0,conditional_inference,wrong_attempt,frustrated,1,MiniMax-M2.7,conditional_inference,training,main,canonical
2510a420086130715cc2,epistemic_qualification,0,1,ordering_constraints,correct_partial,frustrated,0,MiniMax-M2.7,ordering_constraints,training,main,canonical
25534f6bbe0ca5d08639,epistemic_qualification,1,0,conditional_inference,wrong_attempt,frustrated,0,glm-5.3,conditional_inference,training,main,canonical
25995b186ffa98e96753,epistemic_qualification,0,1,conjunctive_rule,correct_partial,calm,1,doubao-seed-2.0-lite,conjunctive_rule,training,main,canonical
25aca06d42156b29f100,epistemic_qualification,0,1,wave_speed,wrong_attempt,frustrated,0,MiniMax-M3,wave_speed,training,main,canonical
25e6eef73bc7a813d09f,epistemic_qualification,0,1,ordering_constraints,correct_partial,calm,0,MiniMax-M2.7,ordering_constraints,training,main,canonical
261d5d701efa82d2d0b1,epistemic_qualification,0,1,arithmetic_mean,correct_partial,calm,1,MiniMax-M3,averaging,training,main,canonical
2639a10c41a951fd7cd2,epistemic_qualification,0,1,simple_inheritance,correct_partial,frustrated,1,MiniMax-M3,mendelian_inheritance,training,main,canonical
26406149fd1551d9be10,epistemic_qualification,0,1,ordering_constraints,wrong_attempt,frustrated,0,MiniMax-M2.7,ordering_constraints,training,main,canonical
267ea773d86367d635df,epistemic_qualification,0,1,discount_price,wrong_attempt,calm,0,doubao-seed-2.0-lite,discount_price,training,main,canonical
269913050f223f3b1d01,epistemic_qualification,0,1,experimental_variable,correct_partial,frustrated,0,doubao-seed-2.0-lite,experimental_design,training,main,canonical
26a2c6e56cf90fd6f1e2,epistemic_qualification,1,0,weighted_mean,wrong_attempt,frustrated,1,deepseek-v4-pro,averaging,training,main,canonical
26b908e8cead36bcfa54,epistemic_qualification,0,1,speed_units,correct_partial,calm,0,deepseek-v4-pro,unit_conversion,training,main,canonical
26e191cb366d328b3257,epistemic_qualification,1,0,food_chain,wrong_attempt,frustrated,0,deepseek-v4-pro,food_web_relations,training,main,canonical
26fda8b053de52020537,epistemic_qualification,0,0,fact_opinion,correct_partial,frustrated,1,MiniMax-M2.7,fact_opinion,training,main,canonical
2705d1e5fdc56f03bd83,epistemic_qualification,0,1,discount_price,correct_partial,calm,0,deepseek-v4-pro,discount_price,training,main,canonical
27120932b45320a2a4d8,epistemic_qualification,0,0,food_chain,correct_partial,frustrated,1,glm-5.3,food_web_relations,training,main,canonical
2716c7a357941f56e2eb,epistemic_qualification,1,0,main_idea,wrong_attempt,calm,1,MiniMax-M2.7,main_idea,training,main,canonical
276c9b5165ecc6ddccaf,epistemic_qualification,0,1,rectangle_width,correct_partial,frustrated,0,doubao-seed-2.0-lite,rectangle_perimeter,training,main,canonical
277a04dd723303b86c3b,epistemic_qualification,0,0,single_draw_probability,correct_partial,calm,0,deepseek-v4-pro,single_draw_probability,training,main,canonical
28871524cb385060a3f0,epistemic_qualification,0,1,ratio_partition,correct_partial,frustrated,0,deepseek-v4-pro,ratio_partition,training,main,canonical
2938f43b16924d105471,epistemic_qualification,0,0,expected_points,wrong_attempt,frustrated,1,glm-5.3,expected_value,training,main,canonical
2975e7525801967caebb,epistemic_qualification,0,1,thermal_energy,wrong_attempt,frustrated,1,doubao-seed-2.0-lite,specific_heat,training,main,canonical
2a228bafc40c2a2d6e15,epistemic_qualification,1,0,main_idea,wrong_attempt,calm,1,deepseek-v4-pro,main_idea,training,main,canonical
2a2ca642c29dd9b28c80,epistemic_qualification,0,1,single_draw_probability,correct_partial,frustrated,0,deepseek-v4-pro,single_draw_probability,training,main,canonical
2a33615d19faf817cb55,epistemic_qualification,0,0,universal_counterexample,wrong_attempt,calm,0,MiniMax-M3,counterexample,training,main,canonical
2aabd15d42a47d911a1b,epistemic_qualification,0,1,ordering_constraints,wrong_attempt,frustrated,1,doubao-seed-2.0-lite,ordering_constraints,training,main,canonical
2ab3c233d86558d03955,epistemic_qualification,0,1,rectangle_width,correct_partial,calm,1,MiniMax-M2.7,rectangle_perimeter,training,main,canonical
2b2e27a0c0dc470001f3,epistemic_qualification,0,0,pronoun_reference,wrong_attempt,calm,1,doubao-seed-2.0-lite,pronoun_reference,training,main,canonical
2c1607bc6a5da57e158e,epistemic_qualification,0,0,fact_opinion,wrong_attempt,frustrated,0,doubao-seed-2.0-lite,fact_opinion,training,main,canonical
2c24f782faf55dc9d1b5,epistemic_qualification,0,1,net_force,correct_partial,frustrated,0,MiniMax-M3,newtons_second_law,training,main,canonical
2c2a0b797faf9eea1c87,epistemic_qualification,0,1,past_tense,correct_partial,calm,1,MiniMax-M2.7,tense_consistency,training,main,canonical
2c5329f0919152af2532,epistemic_qualification,0,1,map_scale,wrong_attempt,frustrated,1,MiniMax-M2.7,unit_conversion,training,main,canonical
2cb5bd4189eb829fc3ff,epistemic_qualification,0,1,conservation_of_mass,correct_partial,calm,0,MiniMax-M3,conservation_of_mass,training,main,canonical
2cca30e643e6a33f6fab,epistemic_qualification,0,1,relevant_support,wrong_attempt,frustrated,0,glm-5.3,argument_relevance,training,main,canonical
2ce11216ff65df0f9762,epistemic_qualification,0,1,comma_splice,wrong_attempt,calm,0,glm-5.3,clause_punctuation,training,main,canonical
2d0673518c2cc48e9e5f,epistemic_qualification,0,1,modifier_attachment,wrong_attempt,calm,0,MiniMax-M3,modifier_attachment,training,main,canonical
2eda5861ebe1fa5f8ad0,epistemic_qualification,0,1,conservation_of_mass,correct_partial,frustrated,0,MiniMax-M2.7,conservation_of_mass,training,main,canonical
2eea6406297ae97ed231,epistemic_qualification,0,1,universal_counterexample,correct_partial,frustrated,0,glm-5.3,counterexample,training,main,canonical
2f36cc90a5dbea80fac3,epistemic_qualification,0,1,wave_speed,wrong_attempt,calm,1,doubao-seed-2.0-lite,wave_speed,training,main,canonical
2f52c7e4625f9c300dde,epistemic_qualification,0,1,ratio_partition,wrong_attempt,frustrated,0,MiniMax-M2.7,ratio_partition,training,main,canonical
30efdb130ffa8d4206ae,epistemic_qualification,0,1,speed_units,wrong_attempt,frustrated,1,doubao-seed-2.0-lite,unit_conversion,training,main,canonical
31ba7a8f2e7f0c4f3600,epistemic_qualification,0,1,thermal_energy,correct_partial,calm,1,doubao-seed-2.0-lite,specific_heat,training,main,canonical
32210806d72253dc6380,epistemic_qualification,0,1,modifier_attachment,correct_partial,frustrated,0,glm-5.3,modifier_attachment,training,main,canonical
3223fb7819dd3e383fdf,epistemic_qualification,0,1,arithmetic_sequence,wrong_attempt,calm,0,deepseek-v4-pro,arithmetic_sequence,training,main,canonical
32af60315e169c3d7d6c,epistemic_qualification,0,1,modifier_attachment,correct_partial,calm,1,MiniMax-M3,modifier_attachment,training,main,canonical
32da0c4fe4a843aa42dd,epistemic_qualification,0,1,map_scale,correct_partial,frustrated,0,deepseek-v4-pro,unit_conversion,training,main,canonical
330aefb8bcea23e0b40d,epistemic_qualification,0,1,conjunctive_rule,correct_partial,calm,0,MiniMax-M2.7,conjunctive_rule,training,main,canonical
331eba89daae216afa74,epistemic_qualification,0,1,subject_verb_agreement,wrong_attempt,frustrated,0,doubao-seed-2.0-lite,subject_verb_agreement,training,main,canonical
336727fc9bdfecc4378c,epistemic_qualification,0,1,net_force,correct_partial,calm,1,glm-5.3,newtons_second_law,training,main,canonical
33bb1779dcffc2f9d262,epistemic_qualification,0,1,map_scale,wrong_attempt,frustrated,0,MiniMax-M3,unit_conversion,training,main,canonical
33e68a393f5edab58929,epistemic_qualification,0,1,circuit_current,correct_partial,calm,1,MiniMax-M3,ohms_law,training,main,canonical
34384ad0fdbaca9f1680,epistemic_qualification,0,1,single_draw_probability,correct_partial,frustrated,1,MiniMax-M2.7,single_draw_probability,training,main,canonical
3538a214a2a88679bd1a,epistemic_qualification,0,0,expected_points,correct_partial,calm,0,doubao-seed-2.0-lite,expected_value,training,main,canonical
359c1ff00f8283f09408,epistemic_qualification,0,1,set_entailment,wrong_attempt,frustrated,1,MiniMax-M3,set_entailment,training,main,canonical
35ea5dc5a4a362d249e8,epistemic_qualification,0,1,circuit_current,correct_partial,frustrated,1,glm-5.3,ohms_law,training,main,canonical
36c32dd15bc2e56dd1a2,epistemic_qualification,0,1,ordering_constraints,correct_partial,calm,0,doubao-seed-2.0-lite,ordering_constraints,training,main,canonical
37415bb4a3a3d3d83ffa,epistemic_qualification,0,1,classifier_precision,wrong_attempt,calm,0,MiniMax-M3,classification_metrics,training,main,canonical
377a646245e8da141395,epistemic_qualification,0,1,food_chain,correct_partial,calm,1,deepseek-v4-pro,food_web_relations,training,main,canonical
37a33cbe6ad126abf713,epistemic_qualification,0,1,classifier_precision,wrong_attempt,calm,0,doubao-seed-2.0-lite,classification_metrics,training,main,canonical
3837a48a73f77c72690f,epistemic_qualification,1,0,pronoun_reference,correct_partial,calm,1,MiniMax-M3,pronoun_reference,training,main,canonical
394408cd3199c3b99b60,epistemic_qualification,0,1,weighted_mean,correct_partial,frustrated,1,doubao-seed-2.0-lite,averaging,training,main,canonical
3a904a4e01b30c3c8f30,epistemic_qualification,0,1,discount_price,wrong_attempt,calm,0,MiniMax-M3,discount_price,training,main,canonical
3c1a6ffff823d35a37c7,epistemic_qualification,0,1,speed_units,correct_partial,calm,1,MiniMax-M3,unit_conversion,training,main,canonical
3c447706c0063b7848d4,epistemic_qualification,1,1,set_entailment,wrong_attempt,calm,0,MiniMax-M2.7,set_entailment,training,main,canonical
3c615153cae2f79878e0,epistemic_qualification,0,0,arithmetic_sequence,wrong_attempt,calm,0,MiniMax-M2.7,arithmetic_sequence,training,main,canonical
3c8540a9102a03c6f12a,epistemic_qualification,0,1,past_tense,correct_partial,calm,0,doubao-seed-2.0-lite,tense_consistency,training,main,canonical
3cd3291e0e1976611f82,epistemic_qualification,0,1,thermal_energy,wrong_attempt,calm,1,MiniMax-M2.7,specific_heat,training,main,canonical
3dd1b001111a44b300f0,epistemic_qualification,0,1,wave_speed,wrong_attempt,frustrated,0,deepseek-v4-pro,wave_speed,training,main,canonical
3e3288a1d27b02d5931f,epistemic_qualification,0,1,experimental_variable,wrong_attempt,calm,1,MiniMax-M3,experimental_design,training,main,canonical
3e711ed23b093cd53ee2,epistemic_qualification,0,1,past_tense,correct_partial,calm,1,deepseek-v4-pro,tense_consistency,training,main,canonical
3f41c52f536521dabefc,epistemic_qualification,0,1,modifier_attachment,correct_partial,frustrated,0,MiniMax-M2.7,modifier_attachment,training,main,canonical
3f7f6bf649260830ab85,epistemic_qualification,1,0,comma_splice,wrong_attempt,calm,0,deepseek-v4-pro,clause_punctuation,training,main,canonical
3fdbaa3447b1491b725d,epistemic_qualification,0,1,map_scale,wrong_attempt,frustrated,1,MiniMax-M3,unit_conversion,training,main,canonical
4038e673bf1419f9cb83,epistemic_qualification,0,1,pronoun_reference,wrong_attempt,frustrated,1,MiniMax-M2.7,pronoun_reference,training,main,canonical
4099eae6e106eaa058cf,epistemic_qualification,0,1,conjunctive_rule,wrong_attempt,calm,0,glm-5.3,conjunctive_rule,training,main,canonical
40bb50c0a08d2c96446b,epistemic_qualification,1,0,conditional_inference,wrong_attempt,frustrated,1,glm-5.3,conditional_inference,training,main,canonical
41366c88c6f35b10dcdb,epistemic_qualification,0,1,ordering_constraints,correct_partial,frustrated,1,MiniMax-M3,ordering_constraints,training,main,canonical
414b5bcceb2232a08039,epistemic_qualification,0,1,simple_inheritance,wrong_attempt,calm,1,MiniMax-M2.7,mendelian_inheritance,training,main,canonical
419c01e9ccf9dc9e9e7a,epistemic_qualification,0,1,rectangle_width,wrong_attempt,frustrated,1,deepseek-v4-pro,rectangle_perimeter,training,main,canonical
422f2fcc158701645c20,epistemic_qualification,0,1,subject_verb_agreement,correct_partial,calm,1,deepseek-v4-pro,subject_verb_agreement,training,main,canonical
42afdbcc9e61b7a9337d,epistemic_qualification,0,1,discount_price,wrong_attempt,frustrated,1,MiniMax-M3,discount_price,training,main,canonical
43986994c92c127cde59,epistemic_qualification,0,1,set_entailment,correct_partial,frustrated,0,MiniMax-M2.7,set_entailment,training,main,canonical
43d4cc47b3f40bb9e847,epistemic_qualification,0,1,universal_counterexample,correct_partial,calm,0,glm-5.3,counterexample,training,main,canonical
4415d93e1567ad9056ab,epistemic_qualification,0,1,conservation_of_mass,wrong_attempt,calm,0,glm-5.3,conservation_of_mass,training,main,canonical
4448b1264155e4122a69,epistemic_qualification,1,0,main_idea,wrong_attempt,calm,0,MiniMax-M3,main_idea,training,main,canonical
45a4a087369474b18c3e,epistemic_qualification,0,1,wave_speed,correct_partial,frustrated,1,MiniMax-M2.7,wave_speed,training,main,canonical
45c5e27b9c7e65364de7,epistemic_qualification,0,1,speed_units,wrong_attempt,calm,1,doubao-seed-2.0-lite,unit_conversion,training,main,canonical
45d95eff4cf47e45ea2f,epistemic_qualification,1,1,food_chain,wrong_attempt,calm,1,deepseek-v4-pro,food_web_relations,training,main,canonical
46040f40feaf34559d17,epistemic_qualification,0,0,rectangle_width,wrong_attempt,frustrated,1,MiniMax-M2.7,rectangle_perimeter,training,main,canonical
4616aa52d82f90b2a441,epistemic_qualification,0,1,classifier_precision,correct_partial,calm,1,doubao-seed-2.0-lite,classification_metrics,training,main,canonical
461a61db67beb0750d7d,epistemic_qualification,0,1,thermal_energy,wrong_attempt,frustrated,0,MiniMax-M2.7,specific_heat,training,main,canonical
464eacbe32df221ac1f4,epistemic_qualification,0,1,arithmetic_sequence,wrong_attempt,frustrated,1,MiniMax-M2.7,arithmetic_sequence,training,main,canonical
467a0a6b4292f31ae21b,epistemic_qualification,0,1,discount_price,correct_partial,calm,0,MiniMax-M3,discount_price,training,main,canonical
46be26109b5a947c6588,epistemic_qualification,1,1,subject_verb_agreement,wrong_attempt,calm,1,MiniMax-M3,subject_verb_agreement,training,main,canonical
46dcac31bef7f426925b,epistemic_qualification,0,1,modifier_attachment,wrong_attempt,frustrated,1,glm-5.3,modifier_attachment,training,main,canonical
46f5c726eb8086c2e484,epistemic_qualification,0,0,food_chain,wrong_attempt,frustrated,1,MiniMax-M3,food_web_relations,training,main,canonical
4730043b336b53476fe0,epistemic_qualification,0,1,simple_inheritance,correct_partial,frustrated,0,MiniMax-M3,mendelian_inheritance,training,main,canonical
479fa05e32aa10be31c2,epistemic_qualification,0,1,classifier_precision,correct_partial,frustrated,0,MiniMax-M3,classification_metrics,training,main,canonical
47d470fccafcb43b8eff,epistemic_qualification,0,1,circuit_current,wrong_attempt,frustrated,0,doubao-seed-2.0-lite,ohms_law,training,main,canonical
4859a5c83e5e5ccb6e5b,epistemic_qualification,1,0,conditional_inference,wrong_attempt,calm,0,MiniMax-M3,conditional_inference,training,main,canonical
48db7355665a9283e7f3,epistemic_qualification,0,1,net_force,wrong_attempt,calm,0,MiniMax-M2.7,newtons_second_law,training,main,canonical
4962626092a7e7d8cbf4,epistemic_qualification,0,1,arithmetic_mean,correct_partial,frustrated,1,MiniMax-M2.7,averaging,training,main,canonical
4a6f82c45fc98419e780,epistemic_qualification,0,1,past_tense,wrong_attempt,calm,1,MiniMax-M2.7,tense_consistency,training,main,canonical
4aafbee9929c0200e743,epistemic_qualification,0,1,conjunctive_rule,correct_partial,frustrated,1,glm-5.3,conjunctive_rule,training,main,canonical
4ab544a076d26b2844ae,epistemic_qualification,0,1,thermal_energy,wrong_attempt,frustrated,1,MiniMax-M2.7,specific_heat,training,main,canonical
4ab9916d02225a90253f,epistemic_qualification,0,1,weighted_mean,correct_partial,calm,1,doubao-seed-2.0-lite,averaging,training,main,canonical
4af1a1bc9af9533bf3d9,epistemic_qualification,0,1,conjunctive_rule,correct_partial,calm,0,doubao-seed-2.0-lite,conjunctive_rule,training,main,canonical
4b84e1881194e5cdcb26,epistemic_qualification,0,1,relevant_support,correct_partial,frustrated,0,MiniMax-M2.7,argument_relevance,training,main,canonical
4c0e31059071e9ea07b0,epistemic_qualification,0,1,subject_verb_agreement,wrong_attempt,calm,1,doubao-seed-2.0-lite,subject_verb_agreement,training,main,canonical
4c47783e0f67c90b1111,epistemic_qualification,0,1,speed_units,wrong_attempt,calm,0,glm-5.3,unit_conversion,training,main,canonical
4c50243f2397f5fd1578,epistemic_qualification,0,1,circuit_current,wrong_attempt,frustrated,1,MiniMax-M2.7,ohms_law,training,main,canonical
4cab5325a89c4d8f74e1,epistemic_qualification,0,1,conservation_of_mass,correct_partial,frustrated,1,glm-5.3,conservation_of_mass,training,main,canonical
4ce2a2d721d3ea47b8c6,epistemic_qualification,0,1,ordering_constraints,correct_partial,frustrated,0,deepseek-v4-pro,ordering_constraints,training,main,canonical
4cff3a684511df1ee95d,epistemic_qualification,1,0,conditional_inference,wrong_attempt,frustrated,0,doubao-seed-2.0-lite,conditional_inference,training,main,canonical
4d57ef4f346372867c71,epistemic_qualification,0,1,pronoun_reference,correct_partial,frustrated,0,MiniMax-M2.7,pronoun_reference,training,main,canonical
4e83bbc648d77ae7b264,epistemic_qualification,0,1,main_idea,correct_partial,calm,0,doubao-seed-2.0-lite,main_idea,training,main,canonical
4eb566699d7bf1d7b525,epistemic_qualification,0,1,arithmetic_mean,wrong_attempt,calm,1,doubao-seed-2.0-lite,averaging,training,main,canonical
4f1a15017d71ba6bd980,epistemic_qualification,0,0,weighted_mean,correct_partial,frustrated,1,MiniMax-M3,averaging,training,main,canonical
4febd5b1397306e748e5,epistemic_qualification,0,1,wave_speed,wrong_attempt,calm,0,glm-5.3,wave_speed,training,main,canonical
504dfb0c90650d57b90e,epistemic_qualification,0,0,past_tense,wrong_attempt,calm,1,MiniMax-M3,tense_consistency,training,main,canonical
505154a9577ab32a5246,epistemic_qualification,0,1,relevant_support,wrong_attempt,frustrated,1,doubao-seed-2.0-lite,argument_relevance,training,main,canonical
5056ec8e473917b2e221,epistemic_qualification,0,0,conservation_of_mass,wrong_attempt,frustrated,1,deepseek-v4-pro,conservation_of_mass,training,main,canonical
5070361083c46b99aed5,epistemic_qualification,0,1,weighted_mean,correct_partial,calm,1,deepseek-v4-pro,averaging,training,main,canonical
50c8150cd1764801b14b,epistemic_qualification,0,1,ratio_partition,wrong_attempt,calm,1,deepseek-v4-pro,ratio_partition,training,main,canonical
50dda38e6c2a09f305e4,epistemic_qualification,0,1,arithmetic_mean,correct_partial,frustrated,0,MiniMax-M3,averaging,training,main,canonical
5122a17645c6fefaa6b5,epistemic_qualification,0,1,circuit_current,wrong_attempt,frustrated,1,deepseek-v4-pro,ohms_law,training,main,canonical
514747420053d69f2ab3,epistemic_qualification,1,0,conditional_inference,correct_partial,frustrated,1,MiniMax-M2.7,conditional_inference,training,main,canonical
521584473f579e2524bd,epistemic_qualification,0,1,experimental_variable,wrong_attempt,frustrated,0,doubao-seed-2.0-lite,experimental_design,training,main,canonical
5288d6e702b0d7d43a53,epistemic_qualification,0,0,conservation_of_mass,correct_partial,calm,1,MiniMax-M2.7,conservation_of_mass,training,main,canonical
52b3833d0e3a1eddd4ea,epistemic_qualification,0,1,rectangle_width,correct_partial,calm,0,glm-5.3,rectangle_perimeter,training,main,canonical
5313632bbceb641d84ea,epistemic_qualification,0,1,wave_speed,correct_partial,calm,1,glm-5.3,wave_speed,training,main,canonical
5355e573f65501e408ae,epistemic_qualification,0,1,circuit_current,correct_partial,calm,1,MiniMax-M2.7,ohms_law,training,main,canonical
538c0af50cb046a94cbd,epistemic_qualification,0,1,expected_points,wrong_attempt,frustrated,1,doubao-seed-2.0-lite,expected_value,training,main,canonical
54b24fcbab1ccf7d68e4,epistemic_qualification,0,1,arithmetic_mean,wrong_attempt,frustrated,0,MiniMax-M3,averaging,training,main,canonical
54d64cae24c2c793db35,epistemic_qualification,0,1,speed_units,correct_partial,calm,0,MiniMax-M2.7,unit_conversion,training,main,canonical
54e97878f7e6313b1efc,epistemic_qualification,0,0,fact_opinion,wrong_attempt,frustrated,0,glm-5.3,fact_opinion,training,main,canonical
54f32f1c2a89a10de092,epistemic_qualification,0,1,arithmetic_sequence,wrong_attempt,calm,0,MiniMax-M3,arithmetic_sequence,training,main,canonical
55a9f4b5af6d2aff12b0,epistemic_qualification,0,1,simple_inheritance,wrong_attempt,frustrated,0,deepseek-v4-pro,mendelian_inheritance,training,main,canonical
55e036d6cda47dc5327a,epistemic_qualification,0,1,subject_verb_agreement,wrong_attempt,frustrated,0,glm-5.3,subject_verb_agreement,training,main,canonical
5750c66dd0164e87e80f,epistemic_qualification,1,0,modifier_attachment,wrong_attempt,frustrated,0,glm-5.3,modifier_attachment,training,main,canonical
57740f1a7a3579dafa6a,epistemic_qualification,1,1,conditional_inference,correct_partial,calm,0,glm-5.3,conditional_inference,training,main,canonical
57bf18c2a33aeee4859f,epistemic_qualification,0,1,ordering_constraints,wrong_attempt,calm,1,MiniMax-M2.7,ordering_constraints,training,main,canonical
57cf0bccbcf16b74fbb5,epistemic_qualification,0,0,modifier_attachment,wrong_attempt,calm,0,MiniMax-M2.7,modifier_attachment,training,main,canonical
58626735d8b79c1706e9,epistemic_qualification,0,1,comma_splice,wrong_attempt,frustrated,0,deepseek-v4-pro,clause_punctuation,training,main,canonical
58bdde7777a2cc2bc147,epistemic_qualification,1,0,fact_opinion,wrong_attempt,calm,0,MiniMax-M3,fact_opinion,training,main,canonical
5918cd17f72b7ea957d0,epistemic_qualification,0,1,experimental_variable,correct_partial,calm,0,MiniMax-M3,experimental_design,training,main,canonical
59b2eb122b23e12925e1,epistemic_qualification,0,1,food_chain,correct_partial,frustrated,1,MiniMax-M2.7,food_web_relations,training,main,canonical
59e2388c21dd7840262b,epistemic_qualification,0,1,circuit_current,correct_partial,frustrated,0,MiniMax-M3,ohms_law,training,main,canonical
5af4e5e058056efa2ddf,epistemic_qualification,0,1,comma_splice,correct_partial,calm,1,deepseek-v4-pro,clause_punctuation,training,main,canonical
5b142c4b8e1abf19682c,epistemic_qualification,0,1,thermal_energy,correct_partial,calm,1,MiniMax-M2.7,specific_heat,training,main,canonical
5b230bec0234f56e96fb,epistemic_qualification,0,1,past_tense,correct_partial,calm,1,doubao-seed-2.0-lite,tense_consistency,training,main,canonical
5b24e30ed4cfdb569cce,epistemic_qualification,0,1,wave_speed,correct_partial,calm,1,doubao-seed-2.0-lite,wave_speed,training,main,canonical
5ba5ceaae66b84512d7a,epistemic_qualification,0,0,comma_splice,correct_partial,calm,0,MiniMax-M2.7,clause_punctuation,training,main,canonical
5bd0084b8db4ce044ee7,epistemic_qualification,0,0,simple_inheritance,correct_partial,calm,1,MiniMax-M3,mendelian_inheritance,training,main,canonical
5c7df9e84e8d85322add,epistemic_qualification,0,0,arithmetic_sequence,wrong_attempt,frustrated,1,deepseek-v4-pro,arithmetic_sequence,training,main,canonical
5c861e298d962de678fe,epistemic_qualification,1,1,modifier_attachment,correct_partial,frustrated,1,MiniMax-M3,modifier_attachment,training,main,canonical
5caa94052fc7a7992ae2,epistemic_qualification,0,1,weighted_mean,correct_partial,frustrated,0,MiniMax-M3,averaging,training,main,canonical
5d659d4cc2829edaac54,epistemic_qualification,0,1,universal_counterexample,wrong_attempt,calm,1,MiniMax-M2.7,counterexample,training,main,canonical
5d6d0f0965e1b4608cc3,epistemic_qualification,0,1,single_draw_probability,wrong_attempt,calm,1,doubao-seed-2.0-lite,single_draw_probability,training,main,canonical
5dc685c7aa1bde246af9,epistemic_qualification,0,1,circuit_current,wrong_attempt,frustrated,0,MiniMax-M2.7,ohms_law,training,main,canonical
5ddbf15f48c3d55973b4,epistemic_qualification,0,1,fact_opinion,wrong_attempt,frustrated,0,MiniMax-M2.7,fact_opinion,training,main,canonical
5de5ea40d59db10fb605,epistemic_qualification,0,1,modifier_attachment,correct_partial,calm,1,doubao-seed-2.0-lite,modifier_attachment,training,main,canonical
5eb296486c7088a55413,epistemic_qualification,0,1,ratio_partition,correct_partial,frustrated,0,glm-5.3,ratio_partition,training,main,canonical
5eb321b32f8a118f2d86,epistemic_qualification,1,0,expected_points,wrong_attempt,calm,1,doubao-seed-2.0-lite,expected_value,training,main,canonical
5fd7a96dcacba9cd3b84,epistemic_qualification,0,1,classifier_precision,correct_partial,frustrated,0,doubao-seed-2.0-lite,classification_metrics,training,main,canonical
608b780fe17303a76d33,epistemic_qualification,0,0,weighted_mean,wrong_attempt,calm,1,glm-5.3,averaging,training,main,canonical
60ee0d0a2a69fc89f45d,epistemic_qualification,0,1,main_idea,correct_partial,frustrated,0,deepseek-v4-pro,main_idea,training,main,canonical
61068c8c84a0f8661c03,epistemic_qualification,1,0,conditional_inference,correct_partial,calm,1,deepseek-v4-pro,conditional_inference,training,main,canonical
61390c8884e29ecefd47,epistemic_qualification,0,0,map_scale,wrong_attempt,calm,1,doubao-seed-2.0-lite,unit_conversion,training,main,canonical
613b77decc9aa9a2e5d3,epistemic_qualification,0,1,simple_inheritance,correct_partial,frustrated,0,MiniMax-M2.7,mendelian_inheritance,training,main,canonical
61eb3e20aa7cbfcc1bf4,epistemic_qualification,0,1,map_scale,wrong_attempt,calm,0,deepseek-v4-pro,unit_conversion,training,main,canonical
6246025a004581ecf5d9,epistemic_qualification,1,1,fact_opinion,wrong_attempt,calm,0,MiniMax-M2.7,fact_opinion,training,main,canonical
6259b6f0a2b91de0a916,epistemic_qualification,0,1,subject_verb_agreement,wrong_attempt,calm,1,MiniMax-M2.7,subject_verb_agreement,training,main,canonical
64479570b385be2930e4,epistemic_qualification,0,1,modifier_attachment,correct_partial,calm,0,doubao-seed-2.0-lite,modifier_attachment,training,main,canonical
64854bfffd08dc4034be,epistemic_qualification,0,1,net_force,wrong_attempt,frustrated,1,deepseek-v4-pro,newtons_second_law,training,main,canonical
65659e30c4646b8a01e0,epistemic_qualification,0,1,discount_price,wrong_attempt,calm,1,MiniMax-M2.7,discount_price,training,main,canonical
6678e739d5f302752b2e,epistemic_qualification,0,1,pronoun_reference,correct_partial,calm,1,deepseek-v4-pro,pronoun_reference,training,main,canonical
66bb0699957a0572fea2,epistemic_qualification,0,0,experimental_variable,wrong_attempt,frustrated,0,MiniMax-M3,experimental_design,training,main,canonical
66e6bff72b5492eeb172,epistemic_qualification,0,1,map_scale,wrong_attempt,frustrated,1,doubao-seed-2.0-lite,unit_conversion,training,main,canonical
677bdeacfd11ff13efc5,epistemic_qualification,1,1,expected_points,correct_partial,calm,0,deepseek-v4-pro,expected_value,training,main,canonical
677c7b26513236f7e64e,epistemic_qualification,0,1,ordering_constraints,correct_partial,calm,1,deepseek-v4-pro,ordering_constraints,training,main,canonical
67f026e2d5e6f3fe1431,epistemic_qualification,0,1,classifier_precision,wrong_attempt,frustrated,0,MiniMax-M3,classification_metrics,training,main,canonical
68180f90e03615186db3,epistemic_qualification,0,1,pronoun_reference,correct_partial,frustrated,0,deepseek-v4-pro,pronoun_reference,training,main,canonical
686777fbb706741be797,epistemic_qualification,1,1,conditional_inference,correct_partial,calm,1,MiniMax-M3,conditional_inference,training,main,canonical
687a421b75e20734483d,epistemic_qualification,0,1,weighted_mean,correct_partial,calm,0,deepseek-v4-pro,averaging,training,main,canonical
68a22ad7abadabaf6c91,epistemic_qualification,0,0,main_idea,correct_partial,calm,1,glm-5.3,main_idea,training,main,canonical
68d9e3e1ded6b0ccc6ac,epistemic_qualification,0,1,conjunctive_rule,correct_partial,calm,1,glm-5.3,conjunctive_rule,training,main,canonical
69558e373b7fc4be4228,epistemic_qualification,0,0,past_tense,wrong_attempt,calm,0,MiniMax-M2.7,tense_consistency,training,main,canonical
695be5886658baf52df9,epistemic_qualification,1,0,expected_points,wrong_attempt,calm,1,MiniMax-M2.7,expected_value,training,main,canonical
6980505169ed95cb3526,epistemic_qualification,0,1,modifier_attachment,correct_partial,calm,0,deepseek-v4-pro,modifier_attachment,training,main,canonical
699f5e8feb1424c26888,epistemic_qualification,1,1,set_entailment,wrong_attempt,frustrated,0,doubao-seed-2.0-lite,set_entailment,training,main,canonical
69b1a0b26f81596a7ee7,epistemic_qualification,1,1,set_entailment,correct_partial,calm,1,deepseek-v4-pro,set_entailment,training,main,canonical
69d3a451aa057a8818b7,epistemic_qualification,0,1,experimental_variable,correct_partial,calm,0,deepseek-v4-pro,experimental_design,training,main,canonical
69e2c89fc205fb263509,epistemic_qualification,0,1,subject_verb_agreement,wrong_attempt,frustrated,0,deepseek-v4-pro,subject_verb_agreement,training,main,canonical
6a605350a8c5aa0542be,epistemic_qualification,0,0,wave_speed,correct_partial,frustrated,0,MiniMax-M3,wave_speed,training,main,canonical
6a98418f5948ed5e3f03,epistemic_qualification,0,1,conservation_of_mass,correct_partial,calm,0,MiniMax-M2.7,conservation_of_mass,training,main,canonical
6a9fd560cfd7ea47caf5,epistemic_qualification,0,1,net_force,wrong_attempt,calm,0,deepseek-v4-pro,newtons_second_law,training,main,canonical
6aaf74c4d4c8582df4ae,epistemic_qualification,0,1,past_tense,correct_partial,frustrated,0,deepseek-v4-pro,tense_consistency,training,main,canonical
6ae9850da92344c23803,epistemic_qualification,0,1,conjunctive_rule,correct_partial,frustrated,0,doubao-seed-2.0-lite,conjunctive_rule,training,main,canonical
6aea59a4181fc5eb4e7e,epistemic_qualification,0,1,ratio_partition,wrong_attempt,calm,1,doubao-seed-2.0-lite,ratio_partition,training,main,canonical
6b7f925aeac6bbeffe07,epistemic_qualification,0,1,fact_opinion,correct_partial,frustrated,0,MiniMax-M2.7,fact_opinion,training,main,canonical
6c98504199a33c4c800a,epistemic_qualification,0,0,fact_opinion,correct_partial,calm,1,glm-5.3,fact_opinion,training,main,canonical
6c9ef446333cbf874ed3,epistemic_qualification,0,0,relevant_support,correct_partial,calm,1,MiniMax-M3,argument_relevance,training,main,canonical
6d18a3fcff651e687c64,epistemic_qualification,0,1,modifier_attachment,wrong_attempt,frustrated,1,MiniMax-M2.7,modifier_attachment,training,main,canonical
6d58abe9058019a0dc4b,epistemic_qualification,0,1,comma_splice,wrong_attempt,frustrated,1,MiniMax-M2.7,clause_punctuation,training,main,canonical
6d91f1fcd2c9c7e855a8,epistemic_qualification,0,1,ratio_partition,correct_partial,frustrated,1,MiniMax-M3,ratio_partition,training,main,canonical
6d990e07e7fbde7aba6c,epistemic_qualification,0,1,universal_counterexample,correct_partial,frustrated,1,doubao-seed-2.0-lite,counterexample,training,main,canonical
6e03262009dfe5d78c22,epistemic_qualification,0,1,relevant_support,wrong_attempt,frustrated,0,MiniMax-M2.7,argument_relevance,training,main,canonical
6e40a13e52ebb9d05726,epistemic_qualification,0,1,rectangle_width,wrong_attempt,frustrated,1,glm-5.3,rectangle_perimeter,training,main,canonical
6e69e873968d095fa314,epistemic_qualification,0,1,universal_counterexample,correct_partial,calm,1,glm-5.3,counterexample,training,main,canonical
6e711c16627c2f92d056,epistemic_qualification,0,1,modifier_attachment,correct_partial,frustrated,1,deepseek-v4-pro,modifier_attachment,training,main,canonical
6ee57c8c8e650bd63dd8,epistemic_qualification,0,1,experimental_variable,correct_partial,frustrated,1,MiniMax-M3,experimental_design,training,main,canonical
6f65ef2a6765449e0847,epistemic_qualification,0,1,ratio_partition,correct_partial,calm,1,doubao-seed-2.0-lite,ratio_partition,training,main,canonical
6fb416e1f09bcad3be18,epistemic_qualification,0,1,arithmetic_sequence,correct_partial,frustrated,1,doubao-seed-2.0-lite,arithmetic_sequence,training,main,canonical
7056de521b939f3cfea7,epistemic_qualification,0,1,speed_units,wrong_attempt,frustrated,0,MiniMax-M3,unit_conversion,training,main,canonical
70c239709b1d0338338c,epistemic_qualification,0,1,universal_counterexample,correct_partial,frustrated,1,MiniMax-M3,counterexample,training,main,canonical
718600b2e28893ab722d,epistemic_qualification,0,0,weighted_mean,wrong_attempt,frustrated,0,MiniMax-M3,averaging,training,main,canonical
72c8927651e877ecad41,epistemic_qualification,1,0,expected_points,wrong_attempt,frustrated,0,MiniMax-M3,expected_value,training,main,canonical
72ce1f650e1cc13b8eed,epistemic_qualification,0,1,expected_points,wrong_attempt,frustrated,0,MiniMax-M2.7,expected_value,training,main,canonical
72febde1223e4d9fd892,epistemic_qualification,0,1,speed_units,wrong_attempt,calm,1,deepseek-v4-pro,unit_conversion,training,main,canonical
736aa6db83ed96d3998c,epistemic_qualification,0,0,expected_points,correct_partial,frustrated,0,doubao-seed-2.0-lite,expected_value,training,main,canonical
739c0221feaf50f0577b,epistemic_qualification,0,1,ordering_constraints,correct_partial,frustrated,0,MiniMax-M3,ordering_constraints,training,main,canonical
73b10ea54adfe6564cfe,epistemic_qualification,0,1,conjunctive_rule,correct_partial,frustrated,0,MiniMax-M2.7,conjunctive_rule,training,main,canonical
746be5e10f295b8e5900,epistemic_qualification,0,1,subject_verb_agreement,correct_partial,calm,0,MiniMax-M3,subject_verb_agreement,training,main,canonical
746d3e8f6a190bd6c409,epistemic_qualification,0,1,simple_inheritance,wrong_attempt,calm,1,glm-5.3,mendelian_inheritance,training,main,canonical
747940439e064733855d,epistemic_qualification,0,1,main_idea,correct_partial,calm,1,MiniMax-M3,main_idea,training,main,canonical
7496ab8919a6d0646a15,epistemic_qualification,0,0,single_draw_probability,correct_partial,calm,1,doubao-seed-2.0-lite,single_draw_probability,training,main,canonical
74fb65dcaf5cf87dfff6,epistemic_qualification,0,1,relevant_support,correct_partial,frustrated,1,glm-5.3,argument_relevance,training,main,canonical
754b9de50ddfc32c096e,epistemic_qualification,0,1,rectangle_width,wrong_attempt,frustrated,0,MiniMax-M2.7,rectangle_perimeter,training,main,canonical
758f8f6ddafb596268b6,epistemic_qualification,1,1,conditional_inference,correct_partial,calm,1,MiniMax-M2.7,conditional_inference,training,main,canonical
765fbb1c0b9b1eba9c5d,epistemic_qualification,0,0,past_tense,wrong_attempt,frustrated,1,glm-5.3,tense_consistency,training,main,canonical
76d3f0ccec1547624177,epistemic_qualification,0,1,speed_units,correct_partial,calm,1,deepseek-v4-pro,unit_conversion,training,main,canonical
7718903eb950a80e6e74,epistemic_qualification,0,0,past_tense,wrong_attempt,frustrated,0,glm-5.3,tense_consistency,training,main,canonical
775c37af24b4a2c41cae,epistemic_qualification,0,1,net_force,wrong_attempt,calm,1,deepseek-v4-pro,newtons_second_law,training,main,canonical
77b14b0252dd9e455d05,epistemic_qualification,0,1,arithmetic_mean,correct_partial,calm,0,doubao-seed-2.0-lite,averaging,training,main,canonical
77bac8026221dbb2cd99,epistemic_qualification,0,1,conservation_of_mass,correct_partial,calm,1,glm-5.3,conservation_of_mass,training,main,canonical
77e123d005251e8693e4,epistemic_qualification,1,0,food_chain,correct_partial,frustrated,0,MiniMax-M3,food_web_relations,training,main,canonical
783d79e13cd183a0d5af,epistemic_qualification,0,0,comma_splice,correct_partial,calm,1,MiniMax-M2.7,clause_punctuation,training,main,canonical
78ade733ad79690f4422,epistemic_qualification,0,1,simple_inheritance,correct_partial,frustrated,1,deepseek-v4-pro,mendelian_inheritance,training,main,canonical
78b6737f77f1366a5c01,epistemic_qualification,0,1,rectangle_width,correct_partial,frustrated,0,deepseek-v4-pro,rectangle_perimeter,training,main,canonical
78effc74f55d56834926,epistemic_qualification,0,1,experimental_variable,correct_partial,calm,1,glm-5.3,experimental_design,training,main,canonical
7950b9688e91e8491a5d,epistemic_qualification,0,0,arithmetic_mean,correct_partial,calm,1,deepseek-v4-pro,averaging,training,main,canonical
795ded82c69e59f7efd2,epistemic_qualification,0,1,pronoun_reference,correct_partial,frustrated,0,MiniMax-M3,pronoun_reference,training,main,canonical
797b9508a989e5eb9661,epistemic_qualification,1,0,fact_opinion,wrong_attempt,frustrated,1,glm-5.3,fact_opinion,training,main,canonical
7a2b333caa4687ecce2e,epistemic_qualification,0,1,thermal_energy,wrong_attempt,calm,0,glm-5.3,specific_heat,training,main,canonical
7a877754624d8ac0d06e,epistemic_qualification,0,1,thermal_energy,wrong_attempt,frustrated,1,MiniMax-M3,specific_heat,training,main,canonical
7ac4a5a90108e5336221,epistemic_qualification,0,1,universal_counterexample,wrong_attempt,calm,1,deepseek-v4-pro,counterexample,training,main,canonical
7b08921bf78f46706578,epistemic_qualification,0,1,rectangle_width,wrong_attempt,frustrated,1,doubao-seed-2.0-lite,rectangle_perimeter,training,main,canonical
7b5141c38875d8a7d641,epistemic_qualification,0,0,single_draw_probability,correct_partial,calm,0,MiniMax-M3,single_draw_probability,training,main,canonical
7b5c1d75083aeae95952,epistemic_qualification,0,1,thermal_energy,wrong_attempt,frustrated,0,doubao-seed-2.0-lite,specific_heat,training,main,canonical
7be7f7cde088a452bb68,epistemic_qualification,0,1,ratio_partition,wrong_attempt,frustrated,1,deepseek-v4-pro,ratio_partition,training,main,canonical
7c0cb7ab6dbe76c935a9,epistemic_qualification,0,1,discount_price,wrong_attempt,frustrated,1,deepseek-v4-pro,discount_price,training,main,canonical
7c7749fac0b4946795fb,epistemic_qualification,0,1,rectangle_width,wrong_attempt,calm,1,glm-5.3,rectangle_perimeter,training,main,canonical
7eaab260c4bc42eb779d,epistemic_qualification,0,1,modifier_attachment,wrong_attempt,frustrated,0,MiniMax-M3,modifier_attachment,training,main,canonical
7eefa0ebfda752b5509d,epistemic_qualification,1,0,expected_points,wrong_attempt,frustrated,0,doubao-seed-2.0-lite,expected_value,training,main,canonical
7f49d6dcaa0df2493da2,epistemic_qualification,0,1,experimental_variable,correct_partial,frustrated,1,deepseek-v4-pro,experimental_design,training,main,canonical
7fd5aae0c7fd9ff4557e,epistemic_qualification,0,1,ordering_constraints,correct_partial,calm,1,MiniMax-M2.7,ordering_constraints,training,main,canonical
801651ef8415eb151c3d,epistemic_qualification,0,1,universal_counterexample,wrong_attempt,frustrated,1,doubao-seed-2.0-lite,counterexample,training,main,canonical
803cde85e5ad74f4b232,epistemic_qualification,0,1,rectangle_width,wrong_attempt,frustrated,0,MiniMax-M3,rectangle_perimeter,training,main,canonical
8057b4dd0ae893905855,epistemic_qualification,0,1,simple_inheritance,wrong_attempt,calm,0,MiniMax-M3,mendelian_inheritance,training,main,canonical
807ae0e290c913f2bdd3,epistemic_qualification,0,1,universal_counterexample,wrong_attempt,frustrated,1,MiniMax-M2.7,counterexample,training,main,canonical
821e385af9da21563ea3,epistemic_qualification,0,1,universal_counterexample,correct_partial,calm,1,MiniMax-M2.7,counterexample,training,main,canonical
829290bbd1e0adf3e23b,epistemic_qualification,0,1,experimental_variable,correct_partial,calm,1,deepseek-v4-pro,experimental_design,training,main,canonical
82c181a37a04ed6f004b,epistemic_qualification,0,1,speed_units,correct_partial,calm,1,doubao-seed-2.0-lite,unit_conversion,training,main,canonical
82ca3d4136d7234649ac,epistemic_qualification,0,1,speed_units,correct_partial,frustrated,1,doubao-seed-2.0-lite,unit_conversion,training,main,canonical
833de3b6fb4ee43b6a7c,epistemic_qualification,0,1,net_force,wrong_attempt,frustrated,0,deepseek-v4-pro,newtons_second_law,training,main,canonical
83f97253ed37b58897ac,epistemic_qualification,0,0,simple_inheritance,correct_partial,calm,0,doubao-seed-2.0-lite,mendelian_inheritance,training,main,canonical
83fff9271ef77d56d579,epistemic_qualification,0,1,universal_counterexample,wrong_attempt,calm,1,doubao-seed-2.0-lite,counterexample,training,main,canonical
848ea25e6732704bd665,epistemic_qualification,1,0,relevant_support,wrong_attempt,calm,0,glm-5.3,argument_relevance,training,main,canonical
84991113c60a5aff2325,epistemic_qualification,0,1,past_tense,correct_partial,calm,0,glm-5.3,tense_consistency,training,main,canonical
84a8654fbe3f97133e2a,epistemic_qualification,0,1,ordering_constraints,wrong_attempt,calm,0,glm-5.3,ordering_constraints,training,main,canonical
84ba88118fe5966421c0,epistemic_qualification,0,1,simple_inheritance,wrong_attempt,calm,1,MiniMax-M3,mendelian_inheritance,training,main,canonical
84dd2e58c7fa3d4155e7,epistemic_qualification,0,1,universal_counterexample,correct_partial,frustrated,1,deepseek-v4-pro,counterexample,training,main,canonical
84e9e64ee7c1bf45bdbf,epistemic_qualification,0,1,simple_inheritance,wrong_attempt,calm,1,doubao-seed-2.0-lite,mendelian_inheritance,training,main,canonical
8524ddcc30359c2b7ced,epistemic_qualification,0,1,arithmetic_sequence,wrong_attempt,frustrated,1,glm-5.3,arithmetic_sequence,training,main,canonical
852d4353a14d7be7beb4,epistemic_qualification,0,1,relevant_support,wrong_attempt,frustrated,0,doubao-seed-2.0-lite,argument_relevance,training,main,canonical
86142e5bbfaf81a23f6d,epistemic_qualification,0,1,universal_counterexample,wrong_attempt,calm,0,deepseek-v4-pro,counterexample,training,main,canonical
869d916e7d8f9fe32edc,epistemic_qualification,0,1,pronoun_reference,correct_partial,calm,0,MiniMax-M3,pronoun_reference,training,main,canonical
87022bbdc172ccbf3de7,epistemic_qualification,0,0,past_tense,correct_partial,frustrated,0,MiniMax-M2.7,tense_consistency,training,main,canonical
87dda4d0af9d5ffd04c8,epistemic_qualification,0,1,rectangle_width,correct_partial,frustrated,1,doubao-seed-2.0-lite,rectangle_perimeter,training,main,canonical
886c6af2fbecca01fd7f,epistemic_qualification,0,1,arithmetic_mean,correct_partial,calm,1,glm-5.3,averaging,training,main,canonical
888b630881c69ca657f7,epistemic_qualification,1,0,weighted_mean,wrong_attempt,frustrated,1,MiniMax-M2.7,averaging,training,main,canonical
88af193f6be91974160c,epistemic_qualification,0,1,net_force,correct_partial,frustrated,1,MiniMax-M2.7,newtons_second_law,training,main,canonical
89529b4248d04d1179d6,epistemic_qualification,0,1,ratio_partition,correct_partial,calm,0,MiniMax-M3,ratio_partition,training,main,canonical
8967c89485d947b139ff,epistemic_qualification,0,1,conservation_of_mass,wrong_attempt,calm,1,doubao-seed-2.0-lite,conservation_of_mass,training,main,canonical
8a8bc1c6d134cde63111,epistemic_qualification,0,0,net_force,correct_partial,calm,1,doubao-seed-2.0-lite,newtons_second_law,training,main,canonical
8ba3b6107d340baf77c0,epistemic_qualification,0,1,rectangle_width,correct_partial,calm,1,deepseek-v4-pro,rectangle_perimeter,training,main,canonical
8c400b596def840ead2a,epistemic_qualification,0,1,arithmetic_mean,wrong_attempt,calm,1,MiniMax-M2.7,averaging,training,main,canonical
8c5e86394cb39711835f,epistemic_qualification,0,1,speed_units,correct_partial,frustrated,0,glm-5.3,unit_conversion,training,main,canonical
8c7c0afe09f7e8227554,epistemic_qualification,0,1,conjunctive_rule,wrong_attempt,frustrated,0,deepseek-v4-pro,conjunctive_rule,training,main,canonical
8cc7ebfd3ee275be6fb3,epistemic_qualification,0,1,past_tense,correct_partial,frustrated,1,MiniMax-M3,tense_consistency,training,main,canonical
8d25826e6ee4facad5d7,epistemic_qualification,0,0,conditional_inference,correct_partial,calm,0,deepseek-v4-pro,conditional_inference,training,main,canonical
8d647bee7b73dd94b2f8,epistemic_qualification,0,1,comma_splice,correct_partial,frustrated,1,doubao-seed-2.0-lite,clause_punctuation,training,main,canonical
8df9f0811d2e5830099f,epistemic_qualification,1,0,comma_splice,correct_partial,calm,1,doubao-seed-2.0-lite,clause_punctuation,training,main,canonical
8e15b98ce0dd6f9122f1,epistemic_qualification,0,1,conjunctive_rule,wrong_attempt,calm,1,MiniMax-M2.7,conjunctive_rule,training,main,canonical
8e4c3fc46aecec90b80d,epistemic_qualification,0,0,set_entailment,wrong_attempt,calm,0,MiniMax-M3,set_entailment,training,main,canonical
8f37eee58b2bf46ba96d,epistemic_qualification,1,0,set_entailment,correct_partial,frustrated,1,doubao-seed-2.0-lite,set_entailment,training,main,canonical
8f9ae8aa2b1b01358d5e,epistemic_qualification,0,0,set_entailment,wrong_attempt,frustrated,1,MiniMax-M2.7,set_entailment,training,main,canonical
8fb1babd191a80b88c2d,epistemic_qualification,0,1,circuit_current,correct_partial,calm,0,doubao-seed-2.0-lite,ohms_law,training,main,canonical
8fca55be7007e3f568b2,epistemic_qualification,0,1,ratio_partition,wrong_attempt,calm,1,glm-5.3,ratio_partition,training,main,canonical
8ffab764bd53ead0929c,epistemic_qualification,0,1,discount_price,wrong_attempt,frustrated,1,glm-5.3,discount_price,training,main,canonical
907d4364dd50314272f2,epistemic_qualification,0,1,thermal_energy,correct_partial,frustrated,1,deepseek-v4-pro,specific_heat,training,main,canonical
913a0c345f8d06b52a02,epistemic_qualification,0,1,classifier_precision,wrong_attempt,calm,1,doubao-seed-2.0-lite,classification_metrics,training,main,canonical
9142e5efab7a693a83c6,epistemic_qualification,0,0,comma_splice,correct_partial,frustrated,0,MiniMax-M2.7,clause_punctuation,training,main,canonical
916a44a0480545b6585a,epistemic_qualification,1,0,fact_opinion,wrong_attempt,frustrated,1,deepseek-v4-pro,fact_opinion,training,main,canonical
9196254c1eb552d99de6,epistemic_qualification,0,0,past_tense,correct_partial,frustrated,0,glm-5.3,tense_consistency,training,main,canonical
92072d7d5f680031c5a1,epistemic_qualification,0,1,conservation_of_mass,correct_partial,frustrated,0,deepseek-v4-pro,conservation_of_mass,training,main,canonical
9220fc10ea94bc9c8a56,epistemic_qualification,0,1,classifier_precision,correct_partial,calm,1,MiniMax-M2.7,classification_metrics,training,main,canonical
92d4e74aeeb05c8d3bdb,epistemic_qualification,0,1,modifier_attachment,wrong_attempt,calm,1,doubao-seed-2.0-lite,modifier_attachment,training,main,canonical
93143dd4e531bcfb8deb,epistemic_qualification,0,1,subject_verb_agreement,correct_partial,frustrated,1,glm-5.3,subject_verb_agreement,training,main,canonical
9381ec9efd1af3b2f834,epistemic_qualification,0,1,wave_speed,wrong_attempt,calm,0,deepseek-v4-pro,wave_speed,training,main,canonical
9397120e6a9b0585a578,epistemic_qualification,0,1,fact_opinion,correct_partial,frustrated,0,glm-5.3,fact_opinion,training,main,canonical
93dc93737346087b1fd5,epistemic_qualification,1,0,conditional_inference,correct_partial,frustrated,0,MiniMax-M3,conditional_inference,training,main,canonical
942d913a4c35729af003,epistemic_qualification,0,1,arithmetic_sequence,wrong_attempt,calm,1,doubao-seed-2.0-lite,arithmetic_sequence,training,main,canonical
946ecb3935265ee82861,epistemic_qualification,0,0,food_chain,correct_partial,calm,0,deepseek-v4-pro,food_web_relations,training,main,canonical
9482ae09f925485f32fe,epistemic_qualification,0,1,conjunctive_rule,wrong_attempt,calm,0,deepseek-v4-pro,conjunctive_rule,training,main,canonical
9565c363ebcbd06027fe,epistemic_qualification,0,1,wave_speed,correct_partial,frustrated,0,glm-5.3,wave_speed,training,main,canonical
95e86fe2e336e083dbd3,epistemic_qualification,0,1,ordering_constraints,wrong_attempt,frustrated,0,deepseek-v4-pro,ordering_constraints,training,main,canonical
95f42e47cc8ec195749b,epistemic_qualification,0,1,simple_inheritance,wrong_attempt,calm,0,deepseek-v4-pro,mendelian_inheritance,training,main,canonical
964f8756b449da8b92ee,epistemic_qualification,0,0,pronoun_reference,wrong_attempt,frustrated,1,MiniMax-M3,pronoun_reference,training,main,canonical
96805de8727d05475819,epistemic_qualification,1,0,main_idea,wrong_attempt,calm,0,deepseek-v4-pro,main_idea,training,main,canonical
96f4a7a76ff38865b954,epistemic_qualification,0,1,classifier_precision,wrong_attempt,frustrated,0,MiniMax-M2.7,classification_metrics,training,main,canonical
96ff0ded74b908841cae,epistemic_qualification,0,1,circuit_current,correct_partial,frustrated,0,deepseek-v4-pro,ohms_law,training,main,canonical
976c97f13259071c9659,epistemic_qualification,0,1,circuit_current,correct_partial,frustrated,1,doubao-seed-2.0-lite,ohms_law,training,main,canonical
977ed58941c9da5136ea,epistemic_qualification,0,1,conservation_of_mass,correct_partial,frustrated,1,MiniMax-M2.7,conservation_of_mass,training,main,canonical
979adcac1390d25c174e,epistemic_qualification,0,1,rectangle_width,wrong_attempt,calm,0,glm-5.3,rectangle_perimeter,training,main,canonical
97d0cf1144b5c48dd7b4,epistemic_qualification,0,0,expected_points,wrong_attempt,frustrated,0,glm-5.3,expected_value,training,main,canonical
97dce9a37a0d19262a14,epistemic_qualification,0,1,ordering_constraints,wrong_attempt,calm,1,MiniMax-M3,ordering_constraints,training,main,canonical
985919b868338a6fb566,epistemic_qualification,0,1,modifier_attachment,correct_partial,frustrated,1,MiniMax-M2.7,modifier_attachment,training,main,canonical
9873937684db9bf8b82a,epistemic_qualification,0,1,single_draw_probability,wrong_attempt,calm,0,glm-5.3,single_draw_probability,training,main,canonical
9898e1b3f12fdee5e09a,epistemic_qualification,0,1,universal_counterexample,correct_partial,calm,1,doubao-seed-2.0-lite,counterexample,training,main,canonical
9911d674976719bd8847,epistemic_qualification,0,1,discount_price,correct_partial,frustrated,0,doubao-seed-2.0-lite,discount_price,training,main,canonical
99c54cb50ec9d7050185,epistemic_qualification,0,1,classifier_precision,correct_partial,frustrated,1,MiniMax-M2.7,classification_metrics,training,main,canonical
9a7375145231dfd25174,epistemic_qualification,0,1,circuit_current,correct_partial,calm,1,doubao-seed-2.0-lite,ohms_law,training,main,canonical
9ae16f2514de743d9773,epistemic_qualification,1,1,conditional_inference,correct_partial,frustrated,1,glm-5.3,conditional_inference,training,main,canonical
9b02e538e1713b9afb5c,epistemic_qualification,0,1,speed_units,correct_partial,calm,0,doubao-seed-2.0-lite,unit_conversion,training,main,canonical
9b183969653cf4f2170f,epistemic_qualification,0,0,weighted_mean,correct_partial,frustrated,1,glm-5.3,averaging,training,main,canonical
9c013929527c254d1090,epistemic_qualification,0,1,net_force,correct_partial,calm,1,MiniMax-M2.7,newtons_second_law,training,main,canonical
9c17e3bf563eb8e438af,epistemic_qualification,0,1,set_entailment,wrong_attempt,calm,0,glm-5.3,set_entailment,training,main,canonical
9c22d89f59e209310ecf,epistemic_qualification,1,1,set_entailment,correct_partial,calm,0,doubao-seed-2.0-lite,set_entailment,training,main,canonical
9c986715a5c951b6e354,epistemic_qualification,0,1,universal_counterexample,wrong_attempt,calm,0,glm-5.3,counterexample,training,main,canonical
9d5ec070d7b301d2b348,epistemic_qualification,0,1,single_draw_probability,wrong_attempt,calm,1,deepseek-v4-pro,single_draw_probability,training,main,canonical
9d8714669a057da8f37f,epistemic_qualification,1,0,pronoun_reference,correct_partial,calm,1,glm-5.3,pronoun_reference,training,main,canonical
9dbd880ba6ac1771a954,epistemic_qualification,0,1,relevant_support,correct_partial,frustrated,0,doubao-seed-2.0-lite,argument_relevance,training,main,canonical
9de96a41d298174fa090,epistemic_qualification,0,1,rectangle_width,wrong_attempt,frustrated,0,glm-5.3,rectangle_perimeter,training,main,canonical
9fbd5aa12e697bd449ab,epistemic_qualification,0,1,relevant_support,wrong_attempt,calm,1,glm-5.3,argument_relevance,training,main,canonical
9fbdd0350cec000bf86e,epistemic_qualification,0,1,arithmetic_sequence,wrong_attempt,frustrated,0,MiniMax-M3,arithmetic_sequence,training,main,canonical
a01444034b78c5539509,epistemic_qualification,0,1,classifier_precision,correct_partial,frustrated,1,MiniMax-M3,classification_metrics,training,main,canonical
a03ca76b3f4898d5c85b,epistemic_qualification,1,0,set_entailment,wrong_attempt,calm,1,MiniMax-M2.7,set_entailment,training,main,canonical
a0666104610cb1f4f8cb,epistemic_qualification,0,1,simple_inheritance,wrong_attempt,frustrated,0,MiniMax-M2.7,mendelian_inheritance,training,main,canonical
a095282df5c6519f81b4,epistemic_qualification,1,1,comma_splice,wrong_attempt,calm,1,MiniMax-M3,clause_punctuation,training,main,canonical
a0be0424bac8fcd0695e,epistemic_qualification,0,1,arithmetic_mean,wrong_attempt,calm,0,MiniMax-M3,averaging,training,main,canonical
a0e33e9526e497f51581,epistemic_qualification,0,1,classifier_precision,wrong_attempt,calm,0,glm-5.3,classification_metrics,training,main,canonical
a18738150f44d5525b7d,epistemic_qualification,0,1,conservation_of_mass,correct_partial,calm,1,MiniMax-M3,conservation_of_mass,training,main,canonical
a1917235ed80326a5d8c,epistemic_qualification,0,1,universal_counterexample,wrong_attempt,frustrated,1,glm-5.3,counterexample,training,main,canonical
a1f906717cc45b7c547c,epistemic_qualification,0,0,set_entailment,correct_partial,frustrated,1,glm-5.3,set_entailment,training,main,canonical
a253c24691fd98c3c2ba,epistemic_qualification,0,1,past_tense,wrong_attempt,calm,1,glm-5.3,tense_consistency,training,main,canonical
a268e99841516720473b,epistemic_qualification,0,0,comma_splice,wrong_attempt,frustrated,1,MiniMax-M3,clause_punctuation,training,main,canonical
a2a7c9ba09d481494c5e,epistemic_qualification,0,1,conjunctive_rule,wrong_attempt,frustrated,1,doubao-seed-2.0-lite,conjunctive_rule,training,main,canonical
a2b505be710d6c1eb973,epistemic_qualification,0,1,fact_opinion,correct_partial,frustrated,1,doubao-seed-2.0-lite,fact_opinion,training,main,canonical
a39c2cc86f13c4abe75a,epistemic_qualification,0,0,thermal_energy,correct_partial,frustrated,1,MiniMax-M3,specific_heat,training,main,canonical
a448ed2acef4a59e54fe,epistemic_qualification,0,1,circuit_current,correct_partial,calm,0,MiniMax-M3,ohms_law,training,main,canonical
a4ac5af64fe6a8c356c7,epistemic_qualification,0,0,past_tense,wrong_attempt,calm,0,glm-5.3,tense_consistency,training,main,canonical
a518790acfbee16739df,epistemic_qualification,0,1,expected_points,correct_partial,calm,1,deepseek-v4-pro,expected_value,training,main,canonical
a6b07739f5a4fc25b03b,epistemic_qualification,0,1,ratio_partition,wrong_attempt,frustrated,0,deepseek-v4-pro,ratio_partition,training,main,canonical
a72583761391baf87e77,epistemic_qualification,0,1,simple_inheritance,wrong_attempt,frustrated,1,doubao-seed-2.0-lite,mendelian_inheritance,training,main,canonical
a734add5c234ef2889a3,epistemic_qualification,0,1,past_tense,wrong_attempt,calm,0,doubao-seed-2.0-lite,tense_consistency,training,main,canonical
a749810843281a8282af,epistemic_qualification,0,1,past_tense,correct_partial,calm,0,deepseek-v4-pro,tense_consistency,training,main,canonical
a7fa6850776c7a2fa54d,epistemic_qualification,0,1,conjunctive_rule,correct_partial,calm,1,deepseek-v4-pro,conjunctive_rule,training,main,canonical
a8a4f7b368480ec9497e,epistemic_qualification,0,1,simple_inheritance,correct_partial,frustrated,1,doubao-seed-2.0-lite,mendelian_inheritance,training,main,canonical
a8d31b2ae2f8a97d62ff,epistemic_qualification,0,0,conservation_of_mass,wrong_attempt,frustrated,0,doubao-seed-2.0-lite,conservation_of_mass,training,main,canonical
a8de4cfe8d5904d939f0,epistemic_qualification,0,1,net_force,correct_partial,frustrated,0,glm-5.3,newtons_second_law,training,main,canonical
a8f038a1d0bbdfa5dd22,epistemic_qualification,0,1,universal_counterexample,correct_partial,frustrated,1,glm-5.3,counterexample,training,main,canonical
a90a277510d79e226be5,epistemic_qualification,0,1,discount_price,correct_partial,frustrated,0,MiniMax-M2.7,discount_price,training,main,canonical
a955951ca2f7d9bf603f,epistemic_qualification,1,0,fact_opinion,wrong_attempt,calm,1,MiniMax-M2.7,fact_opinion,training,main,canonical
a95df7f6c244a82f6aa8,epistemic_qualification,0,1,classifier_precision,wrong_attempt,calm,1,MiniMax-M3,classification_metrics,training,main,canonical
a9c81d17acac28677858,epistemic_qualification,0,1,net_force,wrong_attempt,calm,1,MiniMax-M3,newtons_second_law,training,main,canonical
a9d8d64d924147f1cba7,epistemic_qualification,0,1,expected_points,wrong_attempt,frustrated,1,MiniMax-M2.7,expected_value,training,main,canonical
aa27e041e0bf5dfde613,epistemic_qualification,0,1,arithmetic_mean,correct_partial,frustrated,1,MiniMax-M3,averaging,training,main,canonical
aa9ba67e19765371e0a5,epistemic_qualification,0,1,classifier_precision,wrong_attempt,calm,1,glm-5.3,classification_metrics,training,main,canonical
ab5a897190ee04479cf9,epistemic_qualification,0,1,speed_units,wrong_attempt,frustrated,1,deepseek-v4-pro,unit_conversion,training,main,canonical
ab6727155fc08e5a85d9,epistemic_qualification,1,0,food_chain,wrong_attempt,calm,0,MiniMax-M3,food_web_relations,training,main,canonical
abd9a225697be8f4ce89,epistemic_qualification,0,1,ratio_partition,correct_partial,calm,1,glm-5.3,ratio_partition,training,main,canonical
abef2aca66b0aa64046e,epistemic_qualification,0,1,set_entailment,correct_partial,frustrated,0,MiniMax-M3,set_entailment,training,main,canonical
ad1900c36060ebd6ed3b,epistemic_qualification,0,1,circuit_current,correct_partial,frustrated,1,deepseek-v4-pro,ohms_law,training,main,canonical
ad255b0c78b366a5e786,epistemic_qualification,0,1,expected_points,wrong_attempt,calm,0,glm-5.3,expected_value,training,main,canonical
ad8fcbdc8d29968b07f5,epistemic_qualification,0,1,simple_inheritance,correct_partial,calm,1,glm-5.3,mendelian_inheritance,training,main,canonical
adea3e3b7fd6f958fc35,epistemic_qualification,0,0,past_tense,wrong_attempt,frustrated,0,deepseek-v4-pro,tense_consistency,training,main,canonical
ae0bf49052d0ad419866,epistemic_qualification,0,1,circuit_current,wrong_attempt,frustrated,1,doubao-seed-2.0-lite,ohms_law,training,main,canonical
ae1e11eec6c967f723e4,epistemic_qualification,0,1,net_force,wrong_attempt,calm,1,glm-5.3,newtons_second_law,training,main,canonical
ae4e986a983c433e9767,epistemic_qualification,0,0,conservation_of_mass,correct_partial,calm,0,doubao-seed-2.0-lite,conservation_of_mass,training,main,canonical
af1407b40a7a340d8d48,epistemic_qualification,1,0,single_draw_probability,correct_partial,frustrated,0,doubao-seed-2.0-lite,single_draw_probability,training,main,canonical
af9f740db96deda3bfd5,epistemic_qualification,0,1,subject_verb_agreement,correct_partial,frustrated,1,MiniMax-M3,subject_verb_agreement,training,main,canonical
afe17a03045b1a2a5817,epistemic_qualification,0,1,conjunctive_rule,correct_partial,frustrated,1,MiniMax-M3,conjunctive_rule,training,main,canonical
b06f4abd015352ea27e8,epistemic_qualification,0,0,set_entailment,correct_partial,frustrated,1,MiniMax-M3,set_entailment,training,main,canonical
b139f125d6cda2137d5d,epistemic_qualification,0,1,food_chain,correct_partial,frustrated,0,glm-5.3,food_web_relations,training,main,canonical
b1570494901aab91cfea,epistemic_qualification,0,0,pronoun_reference,correct_partial,frustrated,0,glm-5.3,pronoun_reference,training,main,canonical
b19387f6046f50b8416e,epistemic_qualification,0,1,universal_counterexample,wrong_attempt,frustrated,0,deepseek-v4-pro,counterexample,training,main,canonical
b1efbad17a4479b15a6e,epistemic_qualification,0,1,ratio_partition,wrong_attempt,frustrated,0,glm-5.3,ratio_partition,training,main,canonical
b21878b5ce998abc2a3d,epistemic_qualification,1,1,food_chain,wrong_attempt,frustrated,1,deepseek-v4-pro,food_web_relations,training,main,canonical
b2c8d136736ee2fd8d6d,epistemic_qualification,0,1,wave_speed,correct_partial,calm,1,deepseek-v4-pro,wave_speed,training,main,canonical
b2d8130468571660af80,epistemic_qualification,1,0,conditional_inference,wrong_attempt,calm,1,MiniMax-M2.7,conditional_inference,training,main,canonical
b334be3c98136da26a2c,epistemic_qualification,0,1,simple_inheritance,wrong_attempt,frustrated,0,doubao-seed-2.0-lite,mendelian_inheritance,training,main,canonical
b35f75da1b9025cdb26f,epistemic_qualification,0,0,conditional_inference,wrong_attempt,frustrated,0,MiniMax-M3,conditional_inference,training,main,canonical
b3b4ed84a7f213af03c6,epistemic_qualification,0,1,arithmetic_mean,wrong_attempt,frustrated,0,glm-5.3,averaging,training,main,canonical
b3ba23259effddccdf4c,epistemic_qualification,0,1,arithmetic_mean,wrong_attempt,frustrated,0,MiniMax-M2.7,averaging,training,main,canonical
b40f74436fb3289a1bb3,epistemic_qualification,1,0,conservation_of_mass,wrong_attempt,frustrated,1,MiniMax-M2.7,conservation_of_mass,training,main,canonical
b460238f49be6bba0169,epistemic_qualification,0,1,universal_counterexample,correct_partial,frustrated,0,MiniMax-M2.7,counterexample,training,main,canonical
b5621d8d2062ad7c4afc,epistemic_qualification,1,0,comma_splice,correct_partial,calm,0,deepseek-v4-pro,clause_punctuation,training,main,canonical
b5bc903bf3a6ea939f2c,epistemic_qualification,0,1,subject_verb_agreement,correct_partial,frustrated,0,deepseek-v4-pro,subject_verb_agreement,training,main,canonical
b610d7dda7e287c52c59,epistemic_qualification,0,1,weighted_mean,correct_partial,calm,0,MiniMax-M3,averaging,training,main,canonical
b6643799ce77e0008754,epistemic_qualification,0,0,comma_splice,correct_partial,frustrated,1,MiniMax-M3,clause_punctuation,training,main,canonical
b674dabc32aa69eccf71,epistemic_qualification,0,0,past_tense,wrong_attempt,calm,1,doubao-seed-2.0-lite,tense_consistency,training,main,canonical
b68b040f48f189151cc8,epistemic_qualification,0,1,experimental_variable,correct_partial,calm,0,doubao-seed-2.0-lite,experimental_design,training,main,canonical
b7103e06ebaf69067696,epistemic_qualification,0,1,ordering_constraints,correct_partial,calm,0,glm-5.3,ordering_constraints,training,main,canonical
b7cc11099d76ca322a5e,epistemic_qualification,0,1,map_scale,correct_partial,frustrated,0,MiniMax-M2.7,unit_conversion,training,main,canonical
b7d289b3afef84bc2a2a,epistemic_qualification,0,1,map_scale,wrong_attempt,calm,0,MiniMax-M3,unit_conversion,training,main,canonical
b7eca1c0a77119d1a931,epistemic_qualification,0,1,arithmetic_sequence,correct_partial,calm,1,MiniMax-M3,arithmetic_sequence,training,main,canonical
b7fc247ba767f7f001bf,epistemic_qualification,0,1,pronoun_reference,correct_partial,calm,0,glm-5.3,pronoun_reference,training,main,canonical
b81756ce938545885c04,epistemic_qualification,0,1,main_idea,correct_partial,calm,0,glm-5.3,main_idea,training,main,canonical
b84087d5e796afe12a72,epistemic_qualification,1,0,past_tense,wrong_attempt,calm,0,deepseek-v4-pro,tense_consistency,training,main,canonical
b87a3690a622f1ed195a,epistemic_qualification,0,1,wave_speed,wrong_attempt,calm,1,MiniMax-M3,wave_speed,training,main,canonical
b882edef7870832f7fba,epistemic_qualification,0,1,simple_inheritance,wrong_attempt,frustrated,1,MiniMax-M3,mendelian_inheritance,training,main,canonical
b8fb4f71fd9f3a866975,epistemic_qualification,0,1,universal_counterexample,correct_partial,frustrated,0,deepseek-v4-pro,counterexample,training,main,canonical
b922388394cb1a1515ef,epistemic_qualification,0,1,single_draw_probability,wrong_attempt,calm,1,MiniMax-M2.7,single_draw_probability,training,main,canonical
b9324e3848fa13acc3be,epistemic_qualification,0,1,ratio_partition,correct_partial,calm,0,doubao-seed-2.0-lite,ratio_partition,training,main,canonical
b940c4633c3d44f97762,epistemic_qualification,0,1,experimental_variable,wrong_attempt,frustrated,0,glm-5.3,experimental_design,training,main,canonical
b98773554738753e4d2f,epistemic_qualification,0,0,expected_points,correct_partial,frustrated,1,MiniMax-M3,expected_value,training,main,canonical
b9e9e99ed094c670100d,epistemic_qualification,0,1,modifier_attachment,correct_partial,calm,1,glm-5.3,modifier_attachment,training,main,canonical
baef32235e0cf396260b,epistemic_qualification,0,1,arithmetic_mean,correct_partial,calm,1,doubao-seed-2.0-lite,averaging,training,main,canonical
bb69c2d07b8cebbb05f1,epistemic_qualification,0,1,map_scale,correct_partial,calm,0,deepseek-v4-pro,unit_conversion,training,main,canonical
bb9bababab6bf379bfc5,epistemic_qualification,0,0,rectangle_width,correct_partial,frustrated,0,MiniMax-M3,rectangle_perimeter,training,main,canonical
bc7c4c810055715fac8e,epistemic_qualification,0,1,discount_price,correct_partial,frustrated,0,glm-5.3,discount_price,training,main,canonical
bca712adb133a6812c57,epistemic_qualification,0,1,single_draw_probability,correct_partial,frustrated,0,MiniMax-M2.7,single_draw_probability,training,main,canonical
bd69d4e2bd3fa4c05dc2,epistemic_qualification,0,0,conservation_of_mass,wrong_attempt,frustrated,1,glm-5.3,conservation_of_mass,training,main,canonical
bd716b901f6b49a9a284,epistemic_qualification,0,1,universal_counterexample,wrong_attempt,calm,1,MiniMax-M3,counterexample,training,main,canonical
bd9065ddf025d6274f14,epistemic_qualification,0,1,universal_counterexample,correct_partial,frustrated,0,doubao-seed-2.0-lite,counterexample,training,main,canonical
bd94ad07379e3fa0d16a,epistemic_qualification,1,1,comma_splice,correct_partial,calm,1,MiniMax-M3,clause_punctuation,training,main,canonical
bd99d931bcdc5a5d0b46,epistemic_qualification,0,1,set_entailment,correct_partial,frustrated,0,deepseek-v4-pro,set_entailment,training,main,canonical
be39d90a87cbf51a1383,epistemic_qualification,1,1,comma_splice,wrong_attempt,frustrated,1,glm-5.3,clause_punctuation,training,main,canonical
be40f8ec54c9718b6a9a,epistemic_qualification,0,1,thermal_energy,correct_partial,frustrated,0,doubao-seed-2.0-lite,specific_heat,training,main,canonical
be507a261963b9c0de4c,epistemic_qualification,0,1,thermal_energy,wrong_attempt,frustrated,1,glm-5.3,specific_heat,training,main,canonical
bed7b8e225490bfa6d85,epistemic_qualification,0,0,subject_verb_agreement,wrong_attempt,calm,0,doubao-seed-2.0-lite,subject_verb_agreement,training,main,canonical
bf23e60b874c7dfe8f1c,epistemic_qualification,0,1,single_draw_probability,wrong_attempt,calm,0,MiniMax-M3,single_draw_probability,training,main,canonical
bfa0001a24713f3cc44b,epistemic_qualification,0,1,thermal_energy,correct_partial,calm,1,glm-5.3,specific_heat,training,main,canonical
bfb176e6e92922ac476c,epistemic_qualification,0,1,subject_verb_agreement,correct_partial,frustrated,1,doubao-seed-2.0-lite,subject_verb_agreement,training,main,canonical
c058c3f209d5abb58eff,epistemic_qualification,0,1,ordering_constraints,wrong_attempt,frustrated,1,MiniMax-M3,ordering_constraints,training,main,canonical
c088d011a3cecd1dd6e4,epistemic_qualification,0,1,universal_counterexample,correct_partial,calm,1,deepseek-v4-pro,counterexample,training,main,canonical
c0c7522da516b4c4b2bb,epistemic_qualification,0,1,speed_units,correct_partial,calm,1,MiniMax-M2.7,unit_conversion,training,main,canonical
c11be4619fcfe9268a6e,epistemic_qualification,0,1,conjunctive_rule,wrong_attempt,frustrated,0,glm-5.3,conjunctive_rule,training,main,canonical
c11cfbba84fc332cdfdc,epistemic_qualification,0,1,ordering_constraints,correct_partial,calm,0,MiniMax-M3,ordering_constraints,training,main,canonical
c12001592007e5f4c9b2,epistemic_qualification,0,1,conjunctive_rule,correct_partial,calm,1,MiniMax-M3,conjunctive_rule,training,main,canonical
c17f6af6eb3d7101c4dd,epistemic_qualification,0,1,single_draw_probability,wrong_attempt,frustrated,1,doubao-seed-2.0-lite,single_draw_probability,training,main,canonical
c1d736395049cc430215,epistemic_qualification,1,0,main_idea,correct_partial,frustrated,1,MiniMax-M2.7,main_idea,training,main,canonical
c1eff27e288e468a9b30,epistemic_qualification,0,1,simple_inheritance,correct_partial,calm,0,deepseek-v4-pro,mendelian_inheritance,training,main,canonical
c2146ed24ef95ed46bfd,epistemic_qualification,0,1,single_draw_probability,correct_partial,frustrated,0,glm-5.3,single_draw_probability,training,main,canonical
c25fb5daa505f8e92921,epistemic_qualification,0,1,map_scale,correct_partial,frustrated,1,doubao-seed-2.0-lite,unit_conversion,training,main,canonical
c3930f2cfdcbe75d4414,epistemic_qualification,0,1,simple_inheritance,correct_partial,frustrated,0,glm-5.3,mendelian_inheritance,training,main,canonical
c3f035e717a50ae3f4e1,epistemic_qualification,0,0,conservation_of_mass,correct_partial,frustrated,1,doubao-seed-2.0-lite,conservation_of_mass,training,main,canonical
c48b441ef8b67c5bc02e,epistemic_qualification,0,1,conjunctive_rule,wrong_attempt,frustrated,1,MiniMax-M2.7,conjunctive_rule,training,main,canonical
c53030845c9aac1d5e07,epistemic_qualification,0,1,arithmetic_sequence,correct_partial,calm,0,MiniMax-M3,arithmetic_sequence,training,main,canonical
c58321e5f1ab6ee0653b,epistemic_qualification,0,0,universal_counterexample,wrong_attempt,frustrated,1,MiniMax-M3,counterexample,training,main,canonical
c598cf68408b8d141f22,epistemic_qualification,0,0,relevant_support,wrong_attempt,calm,0,MiniMax-M3,argument_relevance,training,main,canonical
c5dd1c8a4049997dc451,epistemic_qualification,0,1,arithmetic_mean,wrong_attempt,frustrated,1,MiniMax-M3,averaging,training,main,canonical
c61e6de6879320a1a170,epistemic_qualification,0,1,map_scale,correct_partial,calm,0,glm-5.3,unit_conversion,training,main,canonical
c639b415d07fefd2c127,epistemic_qualification,1,0,expected_points,correct_partial,calm,1,MiniMax-M3,expected_value,training,main,canonical
c6bba14ad4161b320d24,epistemic_qualification,0,1,arithmetic_mean,correct_partial,frustrated,1,glm-5.3,averaging,training,main,canonical
c6ce0e009c7fea9981eb,epistemic_qualification,0,1,circuit_current,wrong_attempt,calm,0,deepseek-v4-pro,ohms_law,training,main,canonical
c6e775697b903ad60da2,epistemic_qualification,0,1,conjunctive_rule,wrong_attempt,calm,1,deepseek-v4-pro,conjunctive_rule,training,main,canonical
c8745fe5506cf8dba278,epistemic_qualification,0,1,expected_points,correct_partial,frustrated,1,doubao-seed-2.0-lite,expected_value,training,main,canonical
c88f9999853f92195e01,epistemic_qualification,0,0,main_idea,wrong_attempt,calm,0,glm-5.3,main_idea,training,main,canonical
c8a2a0a3b9c8ee6885cc,epistemic_qualification,0,0,food_chain,wrong_attempt,frustrated,0,doubao-seed-2.0-lite,food_web_relations,training,main,canonical
c92f1c9307cb1cd88d4b,epistemic_qualification,0,1,weighted_mean,wrong_attempt,calm,0,MiniMax-M2.7,averaging,training,main,canonical
c93234a1b138f73d2011,epistemic_qualification,0,1,classifier_precision,correct_partial,calm,0,deepseek-v4-pro,classification_metrics,training,main,canonical
c99e3ff351f30b45c4c0,epistemic_qualification,0,1,speed_units,correct_partial,frustrated,0,MiniMax-M2.7,unit_conversion,training,main,canonical
cb365e9717f84da0057c,epistemic_qualification,0,1,main_idea,correct_partial,calm,0,deepseek-v4-pro,main_idea,training,main,canonical
cb73ac663672f32fe4fc,epistemic_qualification,1,0,food_chain,correct_partial,frustrated,1,doubao-seed-2.0-lite,food_web_relations,training,main,canonical
cb93b7e1f9063ec40e6b,epistemic_qualification,0,1,net_force,correct_partial,calm,1,MiniMax-M3,newtons_second_law,training,main,canonical
cbbb793cf58216920616,epistemic_qualification,1,1,fact_opinion,wrong_attempt,calm,1,deepseek-v4-pro,fact_opinion,training,main,canonical
cbfaaaa80ba21c460131,epistemic_qualification,0,1,weighted_mean,wrong_attempt,frustrated,0,deepseek-v4-pro,averaging,training,main,canonical
cbff042db64a376a8c4d,epistemic_qualification,0,1,rectangle_width,wrong_attempt,frustrated,0,doubao-seed-2.0-lite,rectangle_perimeter,training,main,canonical
cc2e24e004ea2c29678f,epistemic_qualification,0,1,expected_points,correct_partial,frustrated,1,MiniMax-M2.7,expected_value,training,main,canonical
cc78051f8cd68f4b91a9,epistemic_qualification,0,1,conjunctive_rule,correct_partial,frustrated,1,doubao-seed-2.0-lite,conjunctive_rule,training,main,canonical
cc8bd8932e28b8497fe1,epistemic_qualification,0,0,set_entailment,correct_partial,calm,1,MiniMax-M2.7,set_entailment,training,main,canonical
cca81343568469f09b65,epistemic_qualification,0,1,circuit_current,wrong_attempt,calm,0,MiniMax-M3,ohms_law,training,main,canonical
ccb440d97614daa955ef,epistemic_qualification,0,1,thermal_energy,correct_partial,frustrated,1,glm-5.3,specific_heat,training,main,canonical
cce1d64581816af54c86,epistemic_qualification,0,1,ratio_partition,wrong_attempt,calm,0,MiniMax-M2.7,ratio_partition,training,main,canonical
cd029137cd8e4b51fd1e,epistemic_qualification,0,1,modifier_attachment,wrong_attempt,frustrated,1,doubao-seed-2.0-lite,modifier_attachment,training,main,canonical
cd258d7042ad47ac9262,epistemic_qualification,0,1,ordering_constraints,wrong_attempt,frustrated,0,doubao-seed-2.0-lite,ordering_constraints,training,main,canonical
ce18e314b9f7248df70d,epistemic_qualification,0,0,modifier_attachment,wrong_attempt,calm,0,doubao-seed-2.0-lite,modifier_attachment,training,main,canonical
ce4f08069201206823c9,epistemic_qualification,1,0,single_draw_probability,correct_partial,calm,0,doubao-seed-2.0-lite,single_draw_probability,training,main,canonical
ce64e23ceb0fc502be6e,epistemic_qualification,0,1,rectangle_width,wrong_attempt,calm,1,deepseek-v4-pro,rectangle_perimeter,training,main,canonical
ce6b8d184354f4ab5b3a,epistemic_qualification,0,1,conjunctive_rule,wrong_attempt,calm,0,MiniMax-M3,conjunctive_rule,training,main,canonical
ce6e40215e46db08f901,epistemic_qualification,0,1,arithmetic_mean,wrong_attempt,calm,0,glm-5.3,averaging,training,main,canonical
cf128839820a0bfda880,epistemic_qualification,0,1,rectangle_width,wrong_attempt,calm,1,MiniMax-M2.7,rectangle_perimeter,training,main,canonical
cfbb32ef3d76b7e52bca,epistemic_qualification,0,1,food_chain,correct_partial,frustrated,0,MiniMax-M2.7,food_web_relations,training,main,canonical
cfd9263ca7ff2694f597,epistemic_qualification,0,1,past_tense,correct_partial,calm,1,glm-5.3,tense_consistency,training,main,canonical
cfd946cf865ca1c35950,epistemic_qualification,0,1,arithmetic_mean,wrong_attempt,frustrated,0,deepseek-v4-pro,averaging,training,main,canonical
d05bca6113e6f9a72351,epistemic_qualification,0,1,ratio_partition,wrong_attempt,calm,0,MiniMax-M3,ratio_partition,training,main,canonical
d0843b184dbf9ec5ddad,epistemic_qualification,0,1,expected_points,wrong_attempt,calm,0,MiniMax-M3,expected_value,training,main,canonical
d097f18e55128b4198f0,epistemic_qualification,1,0,pronoun_reference,correct_partial,frustrated,1,MiniMax-M3,pronoun_reference,training,main,canonical
d0e740d58f257c089eed,epistemic_qualification,0,1,map_scale,correct_partial,calm,1,doubao-seed-2.0-lite,unit_conversion,training,main,canonical
d169eee50144f66184ca,epistemic_qualification,0,0,modifier_attachment,wrong_attempt,frustrated,0,MiniMax-M2.7,modifier_attachment,training,main,canonical
d29b7f3778ed44881de5,epistemic_qualification,0,1,modifier_attachment,wrong_attempt,calm,1,deepseek-v4-pro,modifier_attachment,training,main,canonical
d30241da7761d36cd1ac,epistemic_qualification,0,1,ratio_partition,correct_partial,frustrated,0,MiniMax-M2.7,ratio_partition,training,main,canonical
d316e0fb6a11639f24bb,epistemic_qualification,0,1,subject_verb_agreement,correct_partial,calm,0,deepseek-v4-pro,subject_verb_agreement,training,main,canonical
d322f9774e7944ff62f7,epistemic_qualification,0,1,past_tense,correct_partial,frustrated,0,MiniMax-M3,tense_consistency,training,main,canonical
d341c28625af8ce4cb9f,epistemic_qualification,0,1,modifier_attachment,correct_partial,calm,1,deepseek-v4-pro,modifier_attachment,training,main,canonical
d3e7b6fe735e195f2671,epistemic_qualification,0,1,single_draw_probability,wrong_attempt,frustrated,0,MiniMax-M3,single_draw_probability,training,main,canonical
d406278524565b57323d,epistemic_qualification,0,1,classifier_precision,correct_partial,calm,0,glm-5.3,classification_metrics,training,main,canonical
d41fd5bd1e767f4bb3cc,epistemic_qualification,0,1,conjunctive_rule,wrong_attempt,frustrated,0,MiniMax-M2.7,conjunctive_rule,training,main,canonical
d482222688cde02f0d1c,epistemic_qualification,0,1,ordering_constraints,correct_partial,calm,1,doubao-seed-2.0-lite,ordering_constraints,training,main,canonical
d4d11c630f52629c8584,epistemic_qualification,0,1,circuit_current,correct_partial,frustrated,0,MiniMax-M2.7,ohms_law,training,main,canonical
d50369dbe3066134132f,epistemic_qualification,0,1,discount_price,wrong_attempt,calm,1,glm-5.3,discount_price,training,main,canonical
d534b3cf2d6f682a3ab3,epistemic_qualification,0,1,wave_speed,wrong_attempt,frustrated,0,doubao-seed-2.0-lite,wave_speed,training,main,canonical
d5a81cfed7d5ae597543,epistemic_qualification,0,1,fact_opinion,wrong_attempt,calm,1,glm-5.3,fact_opinion,training,main,canonical
d5fef8fdb288b08e01ca,epistemic_qualification,0,1,fact_opinion,correct_partial,calm,0,MiniMax-M2.7,fact_opinion,training,main,canonical
d6094c52111b53bf2cd5,epistemic_qualification,0,1,rectangle_width,correct_partial,frustrated,1,deepseek-v4-pro,rectangle_perimeter,training,main,canonical
d610560553dcbeb5a6b8,epistemic_qualification,0,1,modifier_attachment,correct_partial,calm,0,glm-5.3,modifier_attachment,training,main,canonical
d6341159d5c7eedea555,epistemic_qualification,0,1,main_idea,correct_partial,calm,1,deepseek-v4-pro,main_idea,training,main,canonical
d6570a92106f1020abd4,epistemic_qualification,0,0,comma_splice,correct_partial,frustrated,1,glm-5.3,clause_punctuation,training,main,canonical
d7d356f9176b5be6e59e,epistemic_qualification,0,1,net_force,correct_partial,calm,0,MiniMax-M2.7,newtons_second_law,training,main,canonical
d840d73e336f3b5043ae,epistemic_qualification,0,1,pronoun_reference,correct_partial,calm,0,doubao-seed-2.0-lite,pronoun_reference,training,main,canonical
d8556904a288fb813aac,epistemic_qualification,0,1,circuit_current,wrong_attempt,calm,1,MiniMax-M3,ohms_law,training,main,canonical
d9954eae2d470955f4c9,epistemic_qualification,0,1,net_force,wrong_attempt,calm,1,MiniMax-M2.7,newtons_second_law,training,main,canonical
d99828e1911c101b8361,epistemic_qualification,0,1,single_draw_probability,wrong_attempt,frustrated,1,MiniMax-M2.7,single_draw_probability,training,main,canonical
d9da7c6c82edb7923675,epistemic_qualification,0,1,discount_price,correct_partial,calm,1,MiniMax-M3,discount_price,training,main,canonical
d9e22462c63348a9c7a3,epistemic_qualification,0,1,arithmetic_mean,correct_partial,calm,0,MiniMax-M3,averaging,training,main,canonical
da5a5a59d47712d0b492,epistemic_qualification,0,1,thermal_energy,wrong_attempt,calm,0,doubao-seed-2.0-lite,specific_heat,training,main,canonical
daa76bd7a5cbc27f2794,epistemic_qualification,1,1,conditional_inference,correct_partial,calm,1,glm-5.3,conditional_inference,training,main,canonical
db07bec9e55d6d79fc4c,epistemic_qualification,0,1,conditional_inference,correct_partial,calm,1,doubao-seed-2.0-lite,conditional_inference,training,main,canonical
db72d221964d0a297007,epistemic_qualification,0,1,arithmetic_mean,wrong_attempt,frustrated,1,deepseek-v4-pro,averaging,training,main,canonical
db84095e6f1f21356f46,epistemic_qualification,0,0,food_chain,wrong_attempt,frustrated,1,doubao-seed-2.0-lite,food_web_relations,training,main,canonical
dbab2a9abcd26db63951,epistemic_qualification,0,0,wave_speed,correct_partial,frustrated,1,MiniMax-M3,wave_speed,training,main,canonical
dc4ff42e9c1c2eb5e6f5,epistemic_qualification,0,1,relevant_support,correct_partial,frustrated,1,MiniMax-M2.7,argument_relevance,training,main,canonical
dca6d034b572e3871156,epistemic_qualification,0,1,classifier_precision,correct_partial,frustrated,0,glm-5.3,classification_metrics,training,main,canonical
dcdbf700bf9efb71ed5f,epistemic_qualification,0,1,wave_speed,correct_partial,calm,0,MiniMax-M2.7,wave_speed,training,main,canonical
dd034b245dadb361adef,epistemic_qualification,0,1,modifier_attachment,wrong_attempt,calm,1,MiniMax-M2.7,modifier_attachment,training,main,canonical
dd37fa1a9a831489f990,epistemic_qualification,0,1,rectangle_width,wrong_attempt,calm,1,doubao-seed-2.0-lite,rectangle_perimeter,training,main,canonical
dd47eac4690602215501,epistemic_qualification,0,1,wave_speed,wrong_attempt,calm,1,deepseek-v4-pro,wave_speed,training,main,canonical
de1270cdaf419b4fca0f,epistemic_qualification,1,1,comma_splice,correct_partial,frustrated,1,deepseek-v4-pro,clause_punctuation,training,main,canonical
de8d731dd03d977c02d7,epistemic_qualification,0,1,map_scale,wrong_attempt,frustrated,1,glm-5.3,unit_conversion,training,main,canonical
ded029329542c7ea6458,epistemic_qualification,0,1,circuit_current,correct_partial,calm,1,glm-5.3,ohms_law,training,main,canonical
dee1403f500bf51ce74a,epistemic_qualification,0,1,ordering_constraints,wrong_attempt,frustrated,1,deepseek-v4-pro,ordering_constraints,training,main,canonical
df312c2375543d257e70,epistemic_qualification,0,1,rectangle_width,correct_partial,calm,1,glm-5.3,rectangle_perimeter,training,main,canonical
df32f8287c78053e6024,epistemic_qualification,0,1,weighted_mean,correct_partial,calm,1,glm-5.3,averaging,training,main,canonical
df69d0d7330e0d7cf193,epistemic_qualification,0,1,conjunctive_rule,wrong_attempt,frustrated,0,MiniMax-M3,conjunctive_rule,training,main,canonical
dfcf35aaf28cc2bfc571,epistemic_qualification,1,0,main_idea,wrong_attempt,calm,1,MiniMax-M3,main_idea,training,main,canonical
e04a8ae9c9c259d89612,epistemic_qualification,0,1,simple_inheritance,wrong_attempt,calm,1,deepseek-v4-pro,mendelian_inheritance,training,main,canonical
e0889b66986dba64338a,epistemic_qualification,1,1,conditional_inference,correct_partial,frustrated,1,MiniMax-M3,conditional_inference,training,main,canonical
e13851009b3e36a1ad6e,epistemic_qualification,0,1,conservation_of_mass,correct_partial,frustrated,0,MiniMax-M3,conservation_of_mass,training,main,canonical
e1736714c6cc4bf302a5,epistemic_qualification,0,1,arithmetic_sequence,correct_partial,calm,0,glm-5.3,arithmetic_sequence,training,main,canonical
e1e46d9ba3ca8e64e940,epistemic_qualification,0,1,discount_price,wrong_attempt,frustrated,1,doubao-seed-2.0-lite,discount_price,training,main,canonical
e1f8a1c67788c0d4342b,epistemic_qualification,0,1,subject_verb_agreement,correct_partial,calm,0,doubao-seed-2.0-lite,subject_verb_agreement,training,main,canonical
e23675a0a91f308ad877,epistemic_qualification,0,1,subject_verb_agreement,wrong_attempt,calm,1,glm-5.3,subject_verb_agreement,training,main,canonical
e353947d07ed47878f26,epistemic_qualification,0,1,single_draw_probability,correct_partial,calm,1,deepseek-v4-pro,single_draw_probability,training,main,canonical
e35e3169e36dbf345362,epistemic_qualification,0,1,single_draw_probability,wrong_attempt,calm,0,deepseek-v4-pro,single_draw_probability,training,main,canonical
e3a12fa5856c65489e35,epistemic_qualification,0,1,wave_speed,correct_partial,calm,1,MiniMax-M3,wave_speed,training,main,canonical
e3c58e79f8fd5699c464,epistemic_qualification,0,1,comma_splice,wrong_attempt,frustrated,0,MiniMax-M3,clause_punctuation,training,main,canonical
e3d694b0b36da6b796f8,epistemic_qualification,0,1,map_scale,wrong_attempt,calm,0,glm-5.3,unit_conversion,training,main,canonical
e4a00c3d09bd8b4cf24d,epistemic_qualification,0,1,net_force,wrong_attempt,calm,1,doubao-seed-2.0-lite,newtons_second_law,training,main,canonical
e5baf276139309a474a3,epistemic_qualification,0,1,subject_verb_agreement,correct_partial,calm,1,MiniMax-M2.7,subject_verb_agreement,training,main,canonical
e617a33fda64ec55ea93,epistemic_qualification,0,1,net_force,correct_partial,frustrated,1,doubao-seed-2.0-lite,newtons_second_law,training,main,canonical
e6389d6fb2eaf82c64f5,epistemic_qualification,0,1,ratio_partition,wrong_attempt,frustrated,0,MiniMax-M3,ratio_partition,training,main,canonical
e6d8819d5acafcd49558,epistemic_qualification,0,1,single_draw_probability,correct_partial,calm,0,MiniMax-M2.7,single_draw_probability,training,main,canonical
e7b580da18d4d3f5d8a7,epistemic_qualification,1,0,food_chain,wrong_attempt,frustrated,0,MiniMax-M3,food_web_relations,training,main,canonical
e86a7fce225aca18aa9d,epistemic_qualification,0,1,classifier_precision,wrong_attempt,frustrated,1,glm-5.3,classification_metrics,training,main,canonical
e8b435c2796046cdc184,epistemic_qualification,0,1,map_scale,wrong_attempt,calm,1,glm-5.3,unit_conversion,training,main,canonical
e8fec848cc8c31c1ecf9,epistemic_qualification,0,1,map_scale,correct_partial,calm,1,deepseek-v4-pro,unit_conversion,training,main,canonical
e93e520dc4546c4eb979,epistemic_qualification,0,1,map_scale,wrong_attempt,calm,1,MiniMax-M2.7,unit_conversion,training,main,canonical
e95711052c377184cced,epistemic_qualification,0,1,arithmetic_sequence,wrong_attempt,frustrated,0,glm-5.3,arithmetic_sequence,training,main,canonical
eac6f59ef75367047b5c,epistemic_qualification,0,1,rectangle_width,correct_partial,calm,0,doubao-seed-2.0-lite,rectangle_perimeter,training,main,canonical
eb8c4e7085b64d6eae56,epistemic_qualification,0,1,net_force,wrong_attempt,frustrated,1,doubao-seed-2.0-lite,newtons_second_law,training,main,canonical
ebff70b312c2123438be,epistemic_qualification,0,1,classifier_precision,wrong_attempt,frustrated,0,doubao-seed-2.0-lite,classification_metrics,training,main,canonical
ec0d78951ec084a3ba1e,epistemic_qualification,0,1,wave_speed,wrong_attempt,frustrated,1,deepseek-v4-pro,wave_speed,training,main,canonical
ec275127177eb9aeb679,epistemic_qualification,0,1,conjunctive_rule,wrong_attempt,calm,1,MiniMax-M3,conjunctive_rule,training,main,canonical
ecafb7a14307d6b8a5ef,epistemic_qualification,0,0,rectangle_width,wrong_attempt,calm,1,MiniMax-M3,rectangle_perimeter,training,main,canonical
ed06ad2fbc6dc847bdc1,epistemic_qualification,0,0,pronoun_reference,wrong_attempt,calm,1,glm-5.3,pronoun_reference,training,main,canonical
ed1544a23a6bd4c2c395,epistemic_qualification,0,1,experimental_variable,wrong_attempt,calm,0,glm-5.3,experimental_design,training,main,canonical
ee92173acd7c6aa498e8,epistemic_qualification,0,1,classifier_precision,correct_partial,frustrated,0,deepseek-v4-pro,classification_metrics,training,main,canonical
ee94799f516785354273,epistemic_qualification,0,1,ratio_partition,correct_partial,frustrated,1,MiniMax-M2.7,ratio_partition,training,main,canonical
eed45f9f739605467b23,epistemic_qualification,0,1,experimental_variable,wrong_attempt,calm,0,MiniMax-M2.7,experimental_design,training,main,canonical
eef9db7aba3356404cd6,epistemic_qualification,0,1,past_tense,correct_partial,calm,0,MiniMax-M2.7,tense_consistency,training,main,canonical
ef0d34abde2242c5d82d,epistemic_qualification,0,1,ratio_partition,correct_partial,frustrated,0,MiniMax-M3,ratio_partition,training,main,canonical
ef4113ae737a4bc74633,epistemic_qualification,0,1,classifier_precision,correct_partial,frustrated,1,doubao-seed-2.0-lite,classification_metrics,training,main,canonical
ef874e9b45df6ea0bc46,epistemic_qualification,0,0,expected_points,wrong_attempt,frustrated,1,deepseek-v4-pro,expected_value,training,main,canonical
eff0cd403bbce59a01ab,epistemic_qualification,0,0,conservation_of_mass,correct_partial,calm,1,deepseek-v4-pro,conservation_of_mass,training,main,canonical
f08634455915f49d61e4,epistemic_qualification,0,0,subject_verb_agreement,wrong_attempt,frustrated,1,glm-5.3,subject_verb_agreement,training,main,canonical
f0fabdc99d1003de37d8,epistemic_qualification,0,1,single_draw_probability,wrong_attempt,frustrated,1,deepseek-v4-pro,single_draw_probability,training,main,canonical
f10b7b415cb8869aa79f,epistemic_qualification,0,1,speed_units,wrong_attempt,frustrated,0,MiniMax-M2.7,unit_conversion,training,main,canonical
f12707b1ba54b762ebf8,epistemic_qualification,0,1,relevant_support,correct_partial,calm,0,MiniMax-M3,argument_relevance,training,main,canonical
f16b932476f30ae7f9a1,epistemic_qualification,0,1,ordering_constraints,wrong_attempt,frustrated,0,glm-5.3,ordering_constraints,training,main,canonical
f35b251c20b70b15bf2e,epistemic_qualification,0,1,map_scale,correct_partial,calm,1,MiniMax-M3,unit_conversion,training,main,canonical
f395cb072dcc6576d177,epistemic_qualification,0,1,arithmetic_sequence,correct_partial,frustrated,1,MiniMax-M3,arithmetic_sequence,training,main,canonical
f3f083b2a2252df5380f,epistemic_qualification,0,1,conditional_inference,wrong_attempt,calm,0,MiniMax-M2.7,conditional_inference,training,main,canonical
f452c688eb489d5b37fe,epistemic_qualification,0,1,experimental_variable,wrong_attempt,calm,1,glm-5.3,experimental_design,training,main,canonical
f45f5b91cc29ab1555d3,epistemic_qualification,0,1,net_force,wrong_attempt,frustrated,0,MiniMax-M3,newtons_second_law,training,main,canonical
f49652a92ef9df74bafd,epistemic_qualification,0,0,fact_opinion,correct_partial,frustrated,1,deepseek-v4-pro,fact_opinion,training,main,canonical
f4f423ebb87ab431f3b0,epistemic_qualification,0,1,circuit_current,wrong_attempt,calm,0,glm-5.3,ohms_law,training,main,canonical
f4fe1b4154f821404577,epistemic_qualification,0,1,food_chain,correct_partial,calm,1,glm-5.3,food_web_relations,training,main,canonical
f56beda7ba8d26a87b1c,epistemic_qualification,1,0,single_draw_probability,correct_partial,calm,0,glm-5.3,single_draw_probability,training,main,canonical
f5ff36eda258519a09ab,epistemic_qualification,0,0,past_tense,correct_partial,frustrated,0,doubao-seed-2.0-lite,tense_consistency,training,main,canonical
f64a114ffd537c74892f,epistemic_qualification,0,0,thermal_energy,correct_partial,calm,0,MiniMax-M3,specific_heat,training,main,canonical
f6960bfb86e30c3dfcd3,epistemic_qualification,0,1,map_scale,correct_partial,frustrated,1,MiniMax-M3,unit_conversion,training,main,canonical
f7129f4fd089f6294896,epistemic_qualification,0,0,net_force,wrong_attempt,frustrated,1,MiniMax-M3,newtons_second_law,training,main,canonical
f78da3337f94527d00c8,epistemic_qualification,0,1,single_draw_probability,wrong_attempt,frustrated,1,glm-5.3,single_draw_probability,training,main,canonical
f7e1e3a1df374ca54b9d,epistemic_qualification,0,1,fact_opinion,wrong_attempt,calm,1,MiniMax-M3,fact_opinion,training,main,canonical
f83585ed0f9ca66ccf96,epistemic_qualification,0,1,set_entailment,wrong_attempt,frustrated,0,MiniMax-M2.7,set_entailment,training,main,canonical
f8a4d23253532b4cf0b3,epistemic_qualification,0,1,weighted_mean,correct_partial,calm,0,glm-5.3,averaging,training,main,canonical
fa43b9a3d963a24b3b9c,epistemic_qualification,0,1,net_force,correct_partial,calm,0,MiniMax-M3,newtons_second_law,training,main,canonical
fa82d75d2734afc9d62b,epistemic_qualification,0,0,universal_counterexample,wrong_attempt,calm,0,MiniMax-M2.7,counterexample,training,main,canonical
fa8fa35c9bdd203c408b,epistemic_qualification,0,1,expected_points,correct_partial,frustrated,0,MiniMax-M2.7,expected_value,training,main,canonical
fb04f9c85e714f3216ec,epistemic_qualification,0,1,modifier_attachment,correct_partial,frustrated,1,doubao-seed-2.0-lite,modifier_attachment,training,main,canonical
fb2a8aa9cfe6147210b6,epistemic_qualification,0,1,wave_speed,wrong_attempt,frustrated,1,MiniMax-M3,wave_speed,training,main,canonical
fb4d48eac71d4dd47c2b,epistemic_qualification,0,1,main_idea,correct_partial,frustrated,1,deepseek-v4-pro,main_idea,training,main,canonical
fc6491e797998df44d12,epistemic_qualification,1,1,main_idea,wrong_attempt,frustrated,1,MiniMax-M3,main_idea,training,main,canonical
fca922525c15542b6991,epistemic_qualification,0,1,pronoun_reference,wrong_attempt,calm,1,MiniMax-M2.7,pronoun_reference,training,main,canonical
fcaac42dd882bd35f2ef,epistemic_qualification,0,1,rectangle_width,correct_partial,calm,1,doubao-seed-2.0-lite,rectangle_perimeter,training,main,canonical
fcee00f294b0e39cca36,epistemic_qualification,0,0,thermal_energy,correct_partial,frustrated,0,MiniMax-M3,specific_heat,training,main,canonical
fd7ca19fc546b3ea76f7,epistemic_qualification,0,1,circuit_current,correct_partial,calm,0,MiniMax-M2.7,ohms_law,training,main,canonical
fdba5d7502e13c984752,epistemic_qualification,0,1,ordering_constraints,correct_partial,calm,1,MiniMax-M3,ordering_constraints,training,main,canonical
fdbaac48aaa0afa36947,epistemic_qualification,1,0,conditional_inference,wrong_attempt,calm,0,deepseek-v4-pro,conditional_inference,training,main,canonical
fdcc19b03621b7c97d8c,epistemic_qualification,0,1,pronoun_reference,correct_partial,calm,1,doubao-seed-2.0-lite,pronoun_reference,training,main,canonical
fde3c0cc418a56e19a8a,epistemic_qualification,0,1,classifier_precision,wrong_attempt,frustrated,0,deepseek-v4-pro,classification_metrics,training,main,canonical
fdebe755ba7abea9f726,epistemic_qualification,0,1,universal_counterexample,wrong_attempt,frustrated,0,doubao-seed-2.0-lite,counterexample,training,main,canonical
fdec12fc40e11db5db88,epistemic_qualification,0,1,arithmetic_sequence,correct_partial,calm,1,glm-5.3,arithmetic_sequence,training,main,canonical
fed2df0dcd985e3d8921,epistemic_qualification,0,1,arithmetic_sequence,correct_partial,frustrated,0,deepseek-v4-pro,arithmetic_sequence,training,main,canonical
ffcc4b370fe0b9e51afa,epistemic_qualification,1,0,set_entailment,wrong_attempt,frustrated,1,doubao-seed-2.0-lite,set_entailment,training,main,canonical
000de85f3559b68e3844,information_request,0,1,thermal_energy,correct_partial,calm,1,MiniMax-M3,specific_heat,training,main,canonical
0011839caaa9f61025f0,information_request,0,1,fact_opinion,wrong_attempt,frustrated,1,doubao-seed-2.0-lite,fact_opinion,training,main,canonical
0092a9b1c4ccd3f00c15,information_request,0,1,relevant_support,wrong_attempt,calm,0,doubao-seed-2.0-lite,argument_relevance,training,main,canonical
00a9c029518cc9fa86ed,information_request,0,1,arithmetic_sequence,correct_partial,frustrated,1,glm-5.3,arithmetic_sequence,training,main,canonical
00d665a5c51c08b5c0c2,information_request,0,1,expected_points,correct_partial,calm,0,glm-5.3,expected_value,training,main,canonical
00d895b8a069659fce47,information_request,0,1,food_chain,correct_partial,frustrated,0,doubao-seed-2.0-lite,food_web_relations,training,main,canonical
025f6784df68b49207cc,information_request,0,1,expected_points,correct_partial,frustrated,0,glm-5.3,expected_value,training,main,canonical
028d411bbb16b9addddf,information_request,0,1,experimental_variable,wrong_attempt,frustrated,1,doubao-seed-2.0-lite,experimental_design,training,main,canonical
02c3562ff91ebddf11d1,information_request,0,1,conditional_inference,correct_partial,calm,0,doubao-seed-2.0-lite,conditional_inference,training,main,canonical
02fcf1e01ab1c5c5b98e,information_request,0,1,map_scale,wrong_attempt,calm,0,doubao-seed-2.0-lite,unit_conversion,training,main,canonical
039baf32beb6e345cb77,information_request,0,1,experimental_variable,wrong_attempt,calm,0,doubao-seed-2.0-lite,experimental_design,training,main,canonical
03b9c493862e8b6f7732,information_request,0,1,fact_opinion,correct_partial,frustrated,1,glm-5.3,fact_opinion,training,main,canonical
051fb731cfb7aaee6a42,information_request,0,1,conservation_of_mass,wrong_attempt,calm,0,deepseek-v4-pro,conservation_of_mass,training,main,canonical
056530dfc423318f842d,information_request,0,1,thermal_energy,correct_partial,frustrated,0,MiniMax-M2.7,specific_heat,training,main,canonical
057f70c081b827c2baf3,information_request,0,1,net_force,correct_partial,frustrated,0,MiniMax-M2.7,newtons_second_law,training,main,canonical
0586a5c80d5e18357a9b,information_request,0,1,set_entailment,wrong_attempt,calm,0,deepseek-v4-pro,set_entailment,training,main,canonical
05ed757c6f15c100cdbc,information_request,0,1,pronoun_reference,correct_partial,calm,1,MiniMax-M2.7,pronoun_reference,training,main,canonical
06542a6fc8ddcf037ea8,information_request,0,1,food_chain,wrong_attempt,frustrated,1,glm-5.3,food_web_relations,training,main,canonical
06be65e009e390f8b68a,information_request,0,1,simple_inheritance,correct_partial,calm,1,doubao-seed-2.0-lite,mendelian_inheritance,training,main,canonical
06bee78de97a1fb4c8c0,information_request,0,1,wave_speed,wrong_attempt,calm,0,MiniMax-M3,wave_speed,training,main,canonical
073e4b9a1e7f09a3c6f6,information_request,0,1,main_idea,correct_partial,frustrated,0,MiniMax-M2.7,main_idea,training,main,canonical
076c42e07793854aae0c,information_request,0,1,discount_price,wrong_attempt,calm,1,doubao-seed-2.0-lite,discount_price,training,main,canonical
07b0df52365d00e0f42a,information_request,0,1,arithmetic_sequence,wrong_attempt,calm,1,MiniMax-M3,arithmetic_sequence,training,main,canonical
07f512d41882fdfc3353,information_request,0,1,classifier_precision,wrong_attempt,frustrated,1,doubao-seed-2.0-lite,classification_metrics,training,main,canonical
081bb6b7dafdbdf6147c,information_request,0,1,food_chain,correct_partial,frustrated,1,MiniMax-M3,food_web_relations,training,main,canonical
0835536de2d1b4576d98,information_request,0,1,wave_speed,wrong_attempt,frustrated,0,MiniMax-M2.7,wave_speed,training,main,canonical
085f304c7bc717b2d83b,information_request,0,1,arithmetic_sequence,wrong_attempt,calm,1,deepseek-v4-pro,arithmetic_sequence,training,main,canonical
08b2fb45770c29328b74,information_request,0,1,modifier_attachment,correct_partial,frustrated,0,deepseek-v4-pro,modifier_attachment,training,main,canonical
08d8629e160cd8429ae6,information_request,0,1,subject_verb_agreement,correct_partial,frustrated,1,MiniMax-M2.7,subject_verb_agreement,training,main,canonical
093a69e065b00efa4dc9,information_request,0,1,ordering_constraints,wrong_attempt,frustrated,0,MiniMax-M3,ordering_constraints,training,main,canonical
096a809bc0c5cc3c11fe,information_request,0,1,subject_verb_agreement,wrong_attempt,calm,0,deepseek-v4-pro,subject_verb_agreement,training,main,canonical
09802f7574adcc01b9f7,information_request,0,1,experimental_variable,wrong_attempt,calm,1,MiniMax-M2.7,experimental_design,training,main,canonical
09f2090997f0d21b2624,information_request,0,1,ordering_constraints,wrong_attempt,calm,0,MiniMax-M3,ordering_constraints,training,main,canonical
0a1e1ff687010dd27ed4,information_request,0,1,map_scale,correct_partial,calm,0,MiniMax-M3,unit_conversion,training,main,canonical
0ae183a67ff75ff4e31f,information_request,0,1,food_chain,wrong_attempt,calm,1,glm-5.3,food_web_relations,training,main,canonical
0b2a30d705a3378cbfe9,information_request,0,1,net_force,wrong_attempt,frustrated,0,MiniMax-M2.7,newtons_second_law,training,main,canonical
0b4d63c14809f9744b94,information_request,0,1,universal_counterexample,correct_partial,frustrated,1,MiniMax-M2.7,counterexample,training,main,canonical
0bab4e6c0d0a3c66726c,information_request,0,1,relevant_support,wrong_attempt,frustrated,1,MiniMax-M2.7,argument_relevance,training,main,canonical
0bf2f2df315a0de10bee,information_request,0,1,classifier_precision,correct_partial,calm,0,MiniMax-M3,classification_metrics,training,main,canonical
0c1a73fbf9eea7d76f54,information_request,0,1,net_force,correct_partial,frustrated,0,doubao-seed-2.0-lite,newtons_second_law,training,main,canonical
0c3765a6f71dd21ebfdf,information_request,0,1,ratio_partition,wrong_attempt,calm,0,glm-5.3,ratio_partition,training,main,canonical
0c6f6d5c1bd4bb0c928e,information_request,0,1,experimental_variable,correct_partial,calm,0,MiniMax-M2.7,experimental_design,training,main,canonical
0c7425c1807a56193931,information_request,0,1,arithmetic_mean,wrong_attempt,calm,0,doubao-seed-2.0-lite,averaging,training,main,canonical
0cef2200c5d1aaa909a9,information_request,0,1,ratio_partition,correct_partial,calm,0,deepseek-v4-pro,ratio_partition,training,main,canonical
0d3c585eb56a230ad9db,information_request,0,1,comma_splice,wrong_attempt,calm,0,MiniMax-M3,clause_punctuation,training,main,canonical
0d8fa499fc7e56017c1c,information_request,0,1,pronoun_reference,wrong_attempt,frustrated,1,doubao-seed-2.0-lite,pronoun_reference,training,main,canonical
0dd03c0875c12ace0635,information_request,0,1,comma_splice,wrong_attempt,frustrated,0,MiniMax-M2.7,clause_punctuation,training,main,canonical
0e0537c33896a2d4f092,information_request,0,1,thermal_energy,correct_partial,calm,0,MiniMax-M2.7,specific_heat,training,main,canonical
0eb77d92a536b8d1efb4,information_request,0,1,map_scale,correct_partial,frustrated,1,MiniMax-M2.7,unit_conversion,training,main,canonical
0ec35b60d4ac5ab9c326,information_request,0,1,subject_verb_agreement,wrong_attempt,calm,0,MiniMax-M3,subject_verb_agreement,training,main,canonical
0ed187c6b1610ea04c55,information_request,0,1,rectangle_width,wrong_attempt,calm,0,MiniMax-M3,rectangle_perimeter,training,main,canonical
0f0cddcba637413c033f,information_request,0,1,thermal_energy,correct_partial,calm,0,doubao-seed-2.0-lite,specific_heat,training,main,canonical
0f297d7d2dd9227f11d4,information_request,0,1,net_force,correct_partial,frustrated,1,MiniMax-M3,newtons_second_law,training,main,canonical
0fa1cad47a564babfba4,information_request,0,1,past_tense,correct_partial,frustrated,1,MiniMax-M2.7,tense_consistency,training,main,canonical
10007121ec15c08de509,information_request,0,1,expected_points,wrong_attempt,calm,1,MiniMax-M3,expected_value,training,main,canonical
10284be9b7b63beb35c9,information_request,0,1,pronoun_reference,wrong_attempt,calm,0,deepseek-v4-pro,pronoun_reference,training,main,canonical
102aebd65a4b13916707,information_request,0,1,classifier_precision,wrong_attempt,frustrated,0,glm-5.3,classification_metrics,training,main,canonical
10623e6486e9f10cea0a,information_request,0,1,arithmetic_sequence,correct_partial,calm,1,doubao-seed-2.0-lite,arithmetic_sequence,training,main,canonical
10af9884a0dd2886bb9c,information_request,0,1,speed_units,wrong_attempt,frustrated,0,deepseek-v4-pro,unit_conversion,training,main,canonical
10b88d2ce1785fb4b669,information_request,0,1,relevant_support,correct_partial,calm,0,MiniMax-M2.7,argument_relevance,training,main,canonical
113e2825e5ea94a69f82,information_request,0,1,fact_opinion,wrong_attempt,calm,1,doubao-seed-2.0-lite,fact_opinion,training,main,canonical
117b064c61d0d7a51f15,information_request,0,1,ordering_constraints,correct_partial,frustrated,1,glm-5.3,ordering_constraints,training,main,canonical
11a548aa9575a0649eb3,information_request,0,1,arithmetic_sequence,wrong_attempt,calm,1,glm-5.3,arithmetic_sequence,training,main,canonical
11f4391626aab4b60bb6,information_request,0,1,net_force,wrong_attempt,frustrated,1,MiniMax-M2.7,newtons_second_law,training,main,canonical
12ad0dccee5babb6a156,information_request,0,1,thermal_energy,wrong_attempt,calm,0,deepseek-v4-pro,specific_heat,training,main,canonical
12bddfa074944263887c,information_request,0,1,conjunctive_rule,wrong_attempt,frustrated,1,deepseek-v4-pro,conjunctive_rule,training,main,canonical
14b0ed78a8d83398d8d2,information_request,0,1,conditional_inference,wrong_attempt,calm,0,glm-5.3,conditional_inference,training,main,canonical
14c16f7049b522b999b8,information_request,0,1,modifier_attachment,wrong_attempt,frustrated,1,MiniMax-M3,modifier_attachment,training,main,canonical
155f2fa785a9deba8845,information_request,0,1,modifier_attachment,correct_partial,frustrated,1,glm-5.3,modifier_attachment,training,main,canonical
158b0a4d8fd175445fcc,information_request,0,1,rectangle_width,wrong_attempt,calm,0,deepseek-v4-pro,rectangle_perimeter,training,main,canonical
169a404a0a3ad46b72e6,information_request,1,0,map_scale,correct_partial,calm,1,glm-5.3,unit_conversion,training,main,canonical
16d62370d187701d9c89,information_request,0,1,past_tense,wrong_attempt,frustrated,1,doubao-seed-2.0-lite,tense_consistency,training,main,canonical
16f3f8e9ae7c1b93628e,information_request,0,1,circuit_current,wrong_attempt,calm,1,deepseek-v4-pro,ohms_law,training,main,canonical
16f59fb7d5cb47303622,information_request,0,1,conservation_of_mass,correct_partial,calm,0,glm-5.3,conservation_of_mass,training,main,canonical
171172625dd9dd1b578e,information_request,0,1,net_force,correct_partial,calm,0,deepseek-v4-pro,newtons_second_law,training,main,canonical
17e1c88e0208c4363bb0,information_request,0,1,single_draw_probability,wrong_attempt,frustrated,0,MiniMax-M2.7,single_draw_probability,training,main,canonical
1880dd2538e055742e7c,information_request,0,1,arithmetic_mean,correct_partial,frustrated,1,deepseek-v4-pro,averaging,training,main,canonical
18e5075c38d931e89f89,information_request,0,1,set_entailment,wrong_attempt,frustrated,0,MiniMax-M3,set_entailment,training,main,canonical
190072349b8e158ca8ab,information_request,0,1,conservation_of_mass,wrong_attempt,calm,1,glm-5.3,conservation_of_mass,training,main,canonical
1935247449d6ccfd7115,information_request,0,1,classifier_precision,wrong_attempt,calm,1,deepseek-v4-pro,classification_metrics,training,main,canonical
19461e7b8c2c29b767c7,information_request,0,1,set_entailment,wrong_attempt,calm,1,glm-5.3,set_entailment,training,main,canonical
197ddcab5ed99463fffa,information_request,0,1,arithmetic_sequence,correct_partial,frustrated,1,MiniMax-M2.7,arithmetic_sequence,training,main,canonical
19916228be06daef9498,information_request,0,1,map_scale,wrong_attempt,frustrated,0,deepseek-v4-pro,unit_conversion,training,main,canonical
19964d11d7ea5d4aeb9c,information_request,0,1,simple_inheritance,correct_partial,frustrated,0,doubao-seed-2.0-lite,mendelian_inheritance,training,main,canonical
1a0e814d9ccbeccb3bb9,information_request,0,1,net_force,correct_partial,frustrated,1,deepseek-v4-pro,newtons_second_law,training,main,canonical
1a29db462880a53e4cd4,information_request,0,1,conjunctive_rule,wrong_attempt,calm,1,glm-5.3,conjunctive_rule,training,main,canonical
1a78060d96ea4eceaf49,information_request,0,1,pronoun_reference,wrong_attempt,frustrated,0,glm-5.3,pronoun_reference,training,main,canonical
1a8f6c97a92151e67268,information_request,0,1,arithmetic_sequence,correct_partial,frustrated,1,deepseek-v4-pro,arithmetic_sequence,training,main,canonical
1aec6ed308f7322a599c,information_request,0,1,single_draw_probability,correct_partial,calm,1,MiniMax-M3,single_draw_probability,training,main,canonical
1bcf3e317c65924e1f97,information_request,0,1,set_entailment,correct_partial,calm,0,MiniMax-M3,set_entailment,training,main,canonical
1c04903c0d5bd0d625e8,information_request,0,1,rectangle_width,wrong_attempt,calm,0,doubao-seed-2.0-lite,rectangle_perimeter,training,main,canonical
1d6d2018e5b52b76ea55,information_request,0,1,net_force,wrong_attempt,frustrated,0,doubao-seed-2.0-lite,newtons_second_law,training,main,canonical
1df59c77b5aef9b2930f,information_request,0,1,net_force,wrong_attempt,calm,0,MiniMax-M3,newtons_second_law,training,main,canonical
1e213875cb456cd605c8,information_request,0,1,ratio_partition,correct_partial,calm,0,MiniMax-M2.7,ratio_partition,training,main,canonical
1e3502ff7bf54cac53d8,information_request,0,1,wave_speed,wrong_attempt,calm,1,MiniMax-M2.7,wave_speed,training,main,canonical
1e73a7073efe73429c88,information_request,0,1,circuit_current,correct_partial,frustrated,0,doubao-seed-2.0-lite,ohms_law,training,main,canonical
1e9f57024a31fe6badf8,information_request,0,1,food_chain,correct_partial,calm,0,MiniMax-M3,food_web_relations,training,main,canonical
1ecb84ac8fb921095c33,information_request,0,1,universal_counterexample,correct_partial,calm,0,MiniMax-M2.7,counterexample,training,main,canonical
1ef05eb397f995b277c5,information_request,0,1,modifier_attachment,correct_partial,calm,1,MiniMax-M2.7,modifier_attachment,training,main,canonical
1f07d7a037e307c24d47,information_request,0,1,conservation_of_mass,correct_partial,frustrated,0,glm-5.3,conservation_of_mass,training,main,canonical
1f898c5a620ad0a462b8,information_request,0,1,thermal_energy,correct_partial,frustrated,1,MiniMax-M2.7,specific_heat,training,main,canonical
2095bfc0da76fc7855ab,information_request,0,1,arithmetic_mean,correct_partial,frustrated,1,doubao-seed-2.0-lite,averaging,training,main,canonical
20eeaf89e291b424843b,information_request,0,1,experimental_variable,wrong_attempt,calm,0,deepseek-v4-pro,experimental_design,training,main,canonical
2171f9535ad7f2303f49,information_request,0,1,wave_speed,correct_partial,frustrated,0,MiniMax-M2.7,wave_speed,training,main,canonical
21abfc486e4e9de13182,information_request,0,1,main_idea,correct_partial,calm,0,MiniMax-M2.7,main_idea,training,main,canonical
21c3ab4b72d309c2d35e,information_request,0,1,expected_points,correct_partial,calm,1,glm-5.3,expected_value,training,main,canonical
21ce0d20b4b81a9a2a49,information_request,0,1,circuit_current,wrong_attempt,frustrated,1,MiniMax-M3,ohms_law,training,main,canonical
2215926151d9beb376dd,information_request,0,1,ordering_constraints,correct_partial,frustrated,1,deepseek-v4-pro,ordering_constraints,training,main,canonical
222f01fa741352427bdc,information_request,0,1,arithmetic_mean,wrong_attempt,calm,1,deepseek-v4-pro,averaging,training,main,canonical
22311688d065cc4ac78c,information_request,0,1,weighted_mean,wrong_attempt,frustrated,1,MiniMax-M3,averaging,training,main,canonical
22e34b7f492b95a3afd6,information_request,0,1,modifier_attachment,correct_partial,frustrated,0,MiniMax-M3,modifier_attachment,training,main,canonical
22e7d0bb802cddc95486,information_request,0,1,subject_verb_agreement,correct_partial,frustrated,0,doubao-seed-2.0-lite,subject_verb_agreement,training,main,canonical
237ff02543a332bc587d,information_request,0,1,main_idea,wrong_attempt,frustrated,0,deepseek-v4-pro,main_idea,training,main,canonical
238030c973bfec3cc51b,information_request,0,1,thermal_energy,correct_partial,frustrated,1,doubao-seed-2.0-lite,specific_heat,training,main,canonical
23a6bd0d53b8d210b6f8,information_request,0,1,weighted_mean,correct_partial,calm,1,MiniMax-M2.7,averaging,training,main,canonical
23ed0007e7dbb25034eb,information_request,0,1,pronoun_reference,wrong_attempt,calm,1,deepseek-v4-pro,pronoun_reference,training,main,canonical
24525fde240784dbf7cf,information_request,0,1,ratio_partition,correct_partial,calm,1,deepseek-v4-pro,ratio_partition,training,main,canonical
248a8c8938212775b279,information_request,0,1,pronoun_reference,correct_partial,calm,0,MiniMax-M2.7,pronoun_reference,training,main,canonical
24afce20a2fc5c9a9879,information_request,0,1,ratio_partition,wrong_attempt,frustrated,0,doubao-seed-2.0-lite,ratio_partition,training,main,canonical
24b588c442c432cdb8fc,information_request,0,1,conditional_inference,wrong_attempt,frustrated,1,MiniMax-M2.7,conditional_inference,training,main,canonical
2510a420086130715cc2,information_request,0,1,ordering_constraints,correct_partial,frustrated,0,MiniMax-M2.7,ordering_constraints,training,main,canonical
25534f6bbe0ca5d08639,information_request,0,1,conditional_inference,wrong_attempt,frustrated,0,glm-5.3,conditional_inference,training,main,canonical
25995b186ffa98e96753,information_request,0,1,conjunctive_rule,correct_partial,calm,1,doubao-seed-2.0-lite,conjunctive_rule,training,main,canonical
25aca06d42156b29f100,information_request,0,1,wave_speed,wrong_attempt,frustrated,0,MiniMax-M3,wave_speed,training,main,canonical
25e6eef73bc7a813d09f,information_request,0,1,ordering_constraints,correct_partial,calm,0,MiniMax-M2.7,ordering_constraints,training,main,canonical
261d5d701efa82d2d0b1,information_request,0,1,arithmetic_mean,correct_partial,calm,1,MiniMax-M3,averaging,training,main,canonical
2639a10c41a951fd7cd2,information_request,0,1,simple_inheritance,correct_partial,frustrated,1,MiniMax-M3,mendelian_inheritance,training,main,canonical
26406149fd1551d9be10,information_request,0,1,ordering_constraints,wrong_attempt,frustrated,0,MiniMax-M2.7,ordering_constraints,training,main,canonical
267ea773d86367d635df,information_request,0,1,discount_price,wrong_attempt,calm,0,doubao-seed-2.0-lite,discount_price,training,main,canonical
269913050f223f3b1d01,information_request,0,1,experimental_variable,correct_partial,frustrated,0,doubao-seed-2.0-lite,experimental_design,training,main,canonical
26a2c6e56cf90fd6f1e2,information_request,0,1,weighted_mean,wrong_attempt,frustrated,1,deepseek-v4-pro,averaging,training,main,canonical
26b908e8cead36bcfa54,information_request,0,1,speed_units,correct_partial,calm,0,deepseek-v4-pro,unit_conversion,training,main,canonical
26e191cb366d328b3257,information_request,0,1,food_chain,wrong_attempt,frustrated,0,deepseek-v4-pro,food_web_relations,training,main,canonical
26fda8b053de52020537,information_request,0,1,fact_opinion,correct_partial,frustrated,1,MiniMax-M2.7,fact_opinion,training,main,canonical
2705d1e5fdc56f03bd83,information_request,0,1,discount_price,correct_partial,calm,0,deepseek-v4-pro,discount_price,training,main,canonical
27120932b45320a2a4d8,information_request,0,1,food_chain,correct_partial,frustrated,1,glm-5.3,food_web_relations,training,main,canonical
2716c7a357941f56e2eb,information_request,0,1,main_idea,wrong_attempt,calm,1,MiniMax-M2.7,main_idea,training,main,canonical
276c9b5165ecc6ddccaf,information_request,0,1,rectangle_width,correct_partial,frustrated,0,doubao-seed-2.0-lite,rectangle_perimeter,training,main,canonical
277a04dd723303b86c3b,information_request,0,1,single_draw_probability,correct_partial,calm,0,deepseek-v4-pro,single_draw_probability,training,main,canonical
28871524cb385060a3f0,information_request,0,1,ratio_partition,correct_partial,frustrated,0,deepseek-v4-pro,ratio_partition,training,main,canonical
2938f43b16924d105471,information_request,0,1,expected_points,wrong_attempt,frustrated,1,glm-5.3,expected_value,training,main,canonical
2975e7525801967caebb,information_request,0,1,thermal_energy,wrong_attempt,frustrated,1,doubao-seed-2.0-lite,specific_heat,training,main,canonical
2a228bafc40c2a2d6e15,information_request,0,1,main_idea,wrong_attempt,calm,1,deepseek-v4-pro,main_idea,training,main,canonical
2a2ca642c29dd9b28c80,information_request,0,1,single_draw_probability,correct_partial,frustrated,0,deepseek-v4-pro,single_draw_probability,training,main,canonical
2a33615d19faf817cb55,information_request,0,1,universal_counterexample,wrong_attempt,calm,0,MiniMax-M3,counterexample,training,main,canonical
2aabd15d42a47d911a1b,information_request,0,1,ordering_constraints,wrong_attempt,frustrated,1,doubao-seed-2.0-lite,ordering_constraints,training,main,canonical
2ab3c233d86558d03955,information_request,0,1,rectangle_width,correct_partial,calm,1,MiniMax-M2.7,rectangle_perimeter,training,main,canonical
2b2e27a0c0dc470001f3,information_request,0,1,pronoun_reference,wrong_attempt,calm,1,doubao-seed-2.0-lite,pronoun_reference,training,main,canonical
2c1607bc6a5da57e158e,information_request,0,1,fact_opinion,wrong_attempt,frustrated,0,doubao-seed-2.0-lite,fact_opinion,training,main,canonical
2c24f782faf55dc9d1b5,information_request,0,1,net_force,correct_partial,frustrated,0,MiniMax-M3,newtons_second_law,training,main,canonical
2c2a0b797faf9eea1c87,information_request,0,1,past_tense,correct_partial,calm,1,MiniMax-M2.7,tense_consistency,training,main,canonical
2c5329f0919152af2532,information_request,0,1,map_scale,wrong_attempt,frustrated,1,MiniMax-M2.7,unit_conversion,training,main,canonical
2cb5bd4189eb829fc3ff,information_request,0,1,conservation_of_mass,correct_partial,calm,0,MiniMax-M3,conservation_of_mass,training,main,canonical
2cca30e643e6a33f6fab,information_request,0,1,relevant_support,wrong_attempt,frustrated,0,glm-5.3,argument_relevance,training,main,canonical
2ce11216ff65df0f9762,information_request,0,1,comma_splice,wrong_attempt,calm,0,glm-5.3,clause_punctuation,training,main,canonical
2d0673518c2cc48e9e5f,information_request,0,1,modifier_attachment,wrong_attempt,calm,0,MiniMax-M3,modifier_attachment,training,main,canonical
2eda5861ebe1fa5f8ad0,information_request,0,1,conservation_of_mass,correct_partial,frustrated,0,MiniMax-M2.7,conservation_of_mass,training,main,canonical
2eea6406297ae97ed231,information_request,0,1,universal_counterexample,correct_partial,frustrated,0,glm-5.3,counterexample,training,main,canonical
2f36cc90a5dbea80fac3,information_request,0,1,wave_speed,wrong_attempt,calm,1,doubao-seed-2.0-lite,wave_speed,training,main,canonical
2f52c7e4625f9c300dde,information_request,0,1,ratio_partition,wrong_attempt,frustrated,0,MiniMax-M2.7,ratio_partition,training,main,canonical
30efdb130ffa8d4206ae,information_request,0,1,speed_units,wrong_attempt,frustrated,1,doubao-seed-2.0-lite,unit_conversion,training,main,canonical
31ba7a8f2e7f0c4f3600,information_request,0,1,thermal_energy,correct_partial,calm,1,doubao-seed-2.0-lite,specific_heat,training,main,canonical
32210806d72253dc6380,information_request,0,1,modifier_attachment,correct_partial,frustrated,0,glm-5.3,modifier_attachment,training,main,canonical
3223fb7819dd3e383fdf,information_request,0,1,arithmetic_sequence,wrong_attempt,calm,0,deepseek-v4-pro,arithmetic_sequence,training,main,canonical
32af60315e169c3d7d6c,information_request,0,1,modifier_attachment,correct_partial,calm,1,MiniMax-M3,modifier_attachment,training,main,canonical
32da0c4fe4a843aa42dd,information_request,0,1,map_scale,correct_partial,frustrated,0,deepseek-v4-pro,unit_conversion,training,main,canonical
330aefb8bcea23e0b40d,information_request,0,1,conjunctive_rule,correct_partial,calm,0,MiniMax-M2.7,conjunctive_rule,training,main,canonical
331eba89daae216afa74,information_request,0,1,subject_verb_agreement,wrong_attempt,frustrated,0,doubao-seed-2.0-lite,subject_verb_agreement,training,main,canonical
336727fc9bdfecc4378c,information_request,0,1,net_force,correct_partial,calm,1,glm-5.3,newtons_second_law,training,main,canonical
33bb1779dcffc2f9d262,information_request,0,1,map_scale,wrong_attempt,frustrated,0,MiniMax-M3,unit_conversion,training,main,canonical
33e68a393f5edab58929,information_request,0,1,circuit_current,correct_partial,calm,1,MiniMax-M3,ohms_law,training,main,canonical
34384ad0fdbaca9f1680,information_request,0,1,single_draw_probability,correct_partial,frustrated,1,MiniMax-M2.7,single_draw_probability,training,main,canonical
3538a214a2a88679bd1a,information_request,0,1,expected_points,correct_partial,calm,0,doubao-seed-2.0-lite,expected_value,training,main,canonical
359c1ff00f8283f09408,information_request,0,1,set_entailment,wrong_attempt,frustrated,1,MiniMax-M3,set_entailment,training,main,canonical
35ea5dc5a4a362d249e8,information_request,0,1,circuit_current,correct_partial,frustrated,1,glm-5.3,ohms_law,training,main,canonical
36c32dd15bc2e56dd1a2,information_request,0,1,ordering_constraints,correct_partial,calm,0,doubao-seed-2.0-lite,ordering_constraints,training,main,canonical
37415bb4a3a3d3d83ffa,information_request,0,1,classifier_precision,wrong_attempt,calm,0,MiniMax-M3,classification_metrics,training,main,canonical
377a646245e8da141395,information_request,0,1,food_chain,correct_partial,calm,1,deepseek-v4-pro,food_web_relations,training,main,canonical
37a33cbe6ad126abf713,information_request,0,1,classifier_precision,wrong_attempt,calm,0,doubao-seed-2.0-lite,classification_metrics,training,main,canonical
3837a48a73f77c72690f,information_request,0,1,pronoun_reference,correct_partial,calm,1,MiniMax-M3,pronoun_reference,training,main,canonical
394408cd3199c3b99b60,information_request,0,1,weighted_mean,correct_partial,frustrated,1,doubao-seed-2.0-lite,averaging,training,main,canonical
3a904a4e01b30c3c8f30,information_request,0,1,discount_price,wrong_attempt,calm,0,MiniMax-M3,discount_price,training,main,canonical
3c1a6ffff823d35a37c7,information_request,0,1,speed_units,correct_partial,calm,1,MiniMax-M3,unit_conversion,training,main,canonical
3c447706c0063b7848d4,information_request,0,1,set_entailment,wrong_attempt,calm,0,MiniMax-M2.7,set_entailment,training,main,canonical
3c615153cae2f79878e0,information_request,0,1,arithmetic_sequence,wrong_attempt,calm,0,MiniMax-M2.7,arithmetic_sequence,training,main,canonical
3c8540a9102a03c6f12a,information_request,0,1,past_tense,correct_partial,calm,0,doubao-seed-2.0-lite,tense_consistency,training,main,canonical
3cd3291e0e1976611f82,information_request,0,1,thermal_energy,wrong_attempt,calm,1,MiniMax-M2.7,specific_heat,training,main,canonical
3dd1b001111a44b300f0,information_request,0,1,wave_speed,wrong_attempt,frustrated,0,deepseek-v4-pro,wave_speed,training,main,canonical
3e3288a1d27b02d5931f,information_request,0,1,experimental_variable,wrong_attempt,calm,1,MiniMax-M3,experimental_design,training,main,canonical
3e711ed23b093cd53ee2,information_request,0,1,past_tense,correct_partial,calm,1,deepseek-v4-pro,tense_consistency,training,main,canonical
3f41c52f536521dabefc,information_request,0,1,modifier_attachment,correct_partial,frustrated,0,MiniMax-M2.7,modifier_attachment,training,main,canonical
3f7f6bf649260830ab85,information_request,0,1,comma_splice,wrong_attempt,calm,0,deepseek-v4-pro,clause_punctuation,training,main,canonical
3fdbaa3447b1491b725d,information_request,0,1,map_scale,wrong_attempt,frustrated,1,MiniMax-M3,unit_conversion,training,main,canonical
4038e673bf1419f9cb83,information_request,0,1,pronoun_reference,wrong_attempt,frustrated,1,MiniMax-M2.7,pronoun_reference,training,main,canonical
4099eae6e106eaa058cf,information_request,0,1,conjunctive_rule,wrong_attempt,calm,0,glm-5.3,conjunctive_rule,training,main,canonical
40bb50c0a08d2c96446b,information_request,0,1,conditional_inference,wrong_attempt,frustrated,1,glm-5.3,conditional_inference,training,main,canonical
41366c88c6f35b10dcdb,information_request,0,1,ordering_constraints,correct_partial,frustrated,1,MiniMax-M3,ordering_constraints,training,main,canonical
414b5bcceb2232a08039,information_request,0,1,simple_inheritance,wrong_attempt,calm,1,MiniMax-M2.7,mendelian_inheritance,training,main,canonical
419c01e9ccf9dc9e9e7a,information_request,0,1,rectangle_width,wrong_attempt,frustrated,1,deepseek-v4-pro,rectangle_perimeter,training,main,canonical
422f2fcc158701645c20,information_request,0,1,subject_verb_agreement,correct_partial,calm,1,deepseek-v4-pro,subject_verb_agreement,training,main,canonical
42afdbcc9e61b7a9337d,information_request,0,1,discount_price,wrong_attempt,frustrated,1,MiniMax-M3,discount_price,training,main,canonical
43986994c92c127cde59,information_request,0,1,set_entailment,correct_partial,frustrated,0,MiniMax-M2.7,set_entailment,training,main,canonical
43d4cc47b3f40bb9e847,information_request,0,1,universal_counterexample,correct_partial,calm,0,glm-5.3,counterexample,training,main,canonical
4415d93e1567ad9056ab,information_request,0,1,conservation_of_mass,wrong_attempt,calm,0,glm-5.3,conservation_of_mass,training,main,canonical
4448b1264155e4122a69,information_request,0,1,main_idea,wrong_attempt,calm,0,MiniMax-M3,main_idea,training,main,canonical
45a4a087369474b18c3e,information_request,0,1,wave_speed,correct_partial,frustrated,1,MiniMax-M2.7,wave_speed,training,main,canonical
45c5e27b9c7e65364de7,information_request,0,1,speed_units,wrong_attempt,calm,1,doubao-seed-2.0-lite,unit_conversion,training,main,canonical
45d95eff4cf47e45ea2f,information_request,0,1,food_chain,wrong_attempt,calm,1,deepseek-v4-pro,food_web_relations,training,main,canonical
46040f40feaf34559d17,information_request,0,1,rectangle_width,wrong_attempt,frustrated,1,MiniMax-M2.7,rectangle_perimeter,training,main,canonical
4616aa52d82f90b2a441,information_request,0,1,classifier_precision,correct_partial,calm,1,doubao-seed-2.0-lite,classification_metrics,training,main,canonical
461a61db67beb0750d7d,information_request,0,1,thermal_energy,wrong_attempt,frustrated,0,MiniMax-M2.7,specific_heat,training,main,canonical
464eacbe32df221ac1f4,information_request,0,1,arithmetic_sequence,wrong_attempt,frustrated,1,MiniMax-M2.7,arithmetic_sequence,training,main,canonical
467a0a6b4292f31ae21b,information_request,0,1,discount_price,correct_partial,calm,0,MiniMax-M3,discount_price,training,main,canonical
46be26109b5a947c6588,information_request,0,1,subject_verb_agreement,wrong_attempt,calm,1,MiniMax-M3,subject_verb_agreement,training,main,canonical
46dcac31bef7f426925b,information_request,0,1,modifier_attachment,wrong_attempt,frustrated,1,glm-5.3,modifier_attachment,training,main,canonical
46f5c726eb8086c2e484,information_request,0,1,food_chain,wrong_attempt,frustrated,1,MiniMax-M3,food_web_relations,training,main,canonical
4730043b336b53476fe0,information_request,0,1,simple_inheritance,correct_partial,frustrated,0,MiniMax-M3,mendelian_inheritance,training,main,canonical
479fa05e32aa10be31c2,information_request,0,1,classifier_precision,correct_partial,frustrated,0,MiniMax-M3,classification_metrics,training,main,canonical
47d470fccafcb43b8eff,information_request,0,1,circuit_current,wrong_attempt,frustrated,0,doubao-seed-2.0-lite,ohms_law,training,main,canonical
4859a5c83e5e5ccb6e5b,information_request,0,1,conditional_inference,wrong_attempt,calm,0,MiniMax-M3,conditional_inference,training,main,canonical
48db7355665a9283e7f3,information_request,0,1,net_force,wrong_attempt,calm,0,MiniMax-M2.7,newtons_second_law,training,main,canonical
4962626092a7e7d8cbf4,information_request,0,1,arithmetic_mean,correct_partial,frustrated,1,MiniMax-M2.7,averaging,training,main,canonical
4a6f82c45fc98419e780,information_request,0,1,past_tense,wrong_attempt,calm,1,MiniMax-M2.7,tense_consistency,training,main,canonical
4aafbee9929c0200e743,information_request,0,1,conjunctive_rule,correct_partial,frustrated,1,glm-5.3,conjunctive_rule,training,main,canonical
4ab544a076d26b2844ae,information_request,0,1,thermal_energy,wrong_attempt,frustrated,1,MiniMax-M2.7,specific_heat,training,main,canonical
4ab9916d02225a90253f,information_request,0,1,weighted_mean,correct_partial,calm,1,doubao-seed-2.0-lite,averaging,training,main,canonical
4af1a1bc9af9533bf3d9,information_request,0,1,conjunctive_rule,correct_partial,calm,0,doubao-seed-2.0-lite,conjunctive_rule,training,main,canonical
4b84e1881194e5cdcb26,information_request,0,1,relevant_support,correct_partial,frustrated,0,MiniMax-M2.7,argument_relevance,training,main,canonical
4c0e31059071e9ea07b0,information_request,0,1,subject_verb_agreement,wrong_attempt,calm,1,doubao-seed-2.0-lite,subject_verb_agreement,training,main,canonical
4c47783e0f67c90b1111,information_request,0,1,speed_units,wrong_attempt,calm,0,glm-5.3,unit_conversion,training,main,canonical
4c50243f2397f5fd1578,information_request,0,1,circuit_current,wrong_attempt,frustrated,1,MiniMax-M2.7,ohms_law,training,main,canonical
4cab5325a89c4d8f74e1,information_request,0,1,conservation_of_mass,correct_partial,frustrated,1,glm-5.3,conservation_of_mass,training,main,canonical
4ce2a2d721d3ea47b8c6,information_request,0,1,ordering_constraints,correct_partial,frustrated,0,deepseek-v4-pro,ordering_constraints,training,main,canonical
4cff3a684511df1ee95d,information_request,0,1,conditional_inference,wrong_attempt,frustrated,0,doubao-seed-2.0-lite,conditional_inference,training,main,canonical
4d57ef4f346372867c71,information_request,0,1,pronoun_reference,correct_partial,frustrated,0,MiniMax-M2.7,pronoun_reference,training,main,canonical
4e83bbc648d77ae7b264,information_request,0,1,main_idea,correct_partial,calm,0,doubao-seed-2.0-lite,main_idea,training,main,canonical
4eb566699d7bf1d7b525,information_request,0,1,arithmetic_mean,wrong_attempt,calm,1,doubao-seed-2.0-lite,averaging,training,main,canonical
4f1a15017d71ba6bd980,information_request,0,1,weighted_mean,correct_partial,frustrated,1,MiniMax-M3,averaging,training,main,canonical
4febd5b1397306e748e5,information_request,0,1,wave_speed,wrong_attempt,calm,0,glm-5.3,wave_speed,training,main,canonical
504dfb0c90650d57b90e,information_request,0,1,past_tense,wrong_attempt,calm,1,MiniMax-M3,tense_consistency,training,main,canonical
505154a9577ab32a5246,information_request,0,1,relevant_support,wrong_attempt,frustrated,1,doubao-seed-2.0-lite,argument_relevance,training,main,canonical
5056ec8e473917b2e221,information_request,0,1,conservation_of_mass,wrong_attempt,frustrated,1,deepseek-v4-pro,conservation_of_mass,training,main,canonical
5070361083c46b99aed5,information_request,0,1,weighted_mean,correct_partial,calm,1,deepseek-v4-pro,averaging,training,main,canonical
50c8150cd1764801b14b,information_request,0,1,ratio_partition,wrong_attempt,calm,1,deepseek-v4-pro,ratio_partition,training,main,canonical
50dda38e6c2a09f305e4,information_request,0,1,arithmetic_mean,correct_partial,frustrated,0,MiniMax-M3,averaging,training,main,canonical
5122a17645c6fefaa6b5,information_request,0,1,circuit_current,wrong_attempt,frustrated,1,deepseek-v4-pro,ohms_law,training,main,canonical
514747420053d69f2ab3,information_request,0,1,conditional_inference,correct_partial,frustrated,1,MiniMax-M2.7,conditional_inference,training,main,canonical
521584473f579e2524bd,information_request,0,1,experimental_variable,wrong_attempt,frustrated,0,doubao-seed-2.0-lite,experimental_design,training,main,canonical
5288d6e702b0d7d43a53,information_request,0,1,conservation_of_mass,correct_partial,calm,1,MiniMax-M2.7,conservation_of_mass,training,main,canonical
52b3833d0e3a1eddd4ea,information_request,0,1,rectangle_width,correct_partial,calm,0,glm-5.3,rectangle_perimeter,training,main,canonical
5313632bbceb641d84ea,information_request,0,1,wave_speed,correct_partial,calm,1,glm-5.3,wave_speed,training,main,canonical
5355e573f65501e408ae,information_request,0,1,circuit_current,correct_partial,calm,1,MiniMax-M2.7,ohms_law,training,main,canonical
538c0af50cb046a94cbd,information_request,0,1,expected_points,wrong_attempt,frustrated,1,doubao-seed-2.0-lite,expected_value,training,main,canonical
54b24fcbab1ccf7d68e4,information_request,0,1,arithmetic_mean,wrong_attempt,frustrated,0,MiniMax-M3,averaging,training,main,canonical
54d64cae24c2c793db35,information_request,0,1,speed_units,correct_partial,calm,0,MiniMax-M2.7,unit_conversion,training,main,canonical
54e97878f7e6313b1efc,information_request,0,1,fact_opinion,wrong_attempt,frustrated,0,glm-5.3,fact_opinion,training,main,canonical
54f32f1c2a89a10de092,information_request,0,1,arithmetic_sequence,wrong_attempt,calm,0,MiniMax-M3,arithmetic_sequence,training,main,canonical
55a9f4b5af6d2aff12b0,information_request,0,1,simple_inheritance,wrong_attempt,frustrated,0,deepseek-v4-pro,mendelian_inheritance,training,main,canonical
55e036d6cda47dc5327a,information_request,0,1,subject_verb_agreement,wrong_attempt,frustrated,0,glm-5.3,subject_verb_agreement,training,main,canonical
5750c66dd0164e87e80f,information_request,0,1,modifier_attachment,wrong_attempt,frustrated,0,glm-5.3,modifier_attachment,training,main,canonical
57740f1a7a3579dafa6a,information_request,0,1,conditional_inference,correct_partial,calm,0,glm-5.3,conditional_inference,training,main,canonical
57bf18c2a33aeee4859f,information_request,0,1,ordering_constraints,wrong_attempt,calm,1,MiniMax-M2.7,ordering_constraints,training,main,canonical
57cf0bccbcf16b74fbb5,information_request,0,1,modifier_attachment,wrong_attempt,calm,0,MiniMax-M2.7,modifier_attachment,training,main,canonical
58626735d8b79c1706e9,information_request,0,1,comma_splice,wrong_attempt,frustrated,0,deepseek-v4-pro,clause_punctuation,training,main,canonical
58bdde7777a2cc2bc147,information_request,0,1,fact_opinion,wrong_attempt,calm,0,MiniMax-M3,fact_opinion,training,main,canonical
5918cd17f72b7ea957d0,information_request,0,1,experimental_variable,correct_partial,calm,0,MiniMax-M3,experimental_design,training,main,canonical
59b2eb122b23e12925e1,information_request,0,1,food_chain,correct_partial,frustrated,1,MiniMax-M2.7,food_web_relations,training,main,canonical
59e2388c21dd7840262b,information_request,0,1,circuit_current,correct_partial,frustrated,0,MiniMax-M3,ohms_law,training,main,canonical
5af4e5e058056efa2ddf,information_request,0,1,comma_splice,correct_partial,calm,1,deepseek-v4-pro,clause_punctuation,training,main,canonical
5b142c4b8e1abf19682c,information_request,0,1,thermal_energy,correct_partial,calm,1,MiniMax-M2.7,specific_heat,training,main,canonical
5b230bec0234f56e96fb,information_request,0,1,past_tense,correct_partial,calm,1,doubao-seed-2.0-lite,tense_consistency,training,main,canonical
5b24e30ed4cfdb569cce,information_request,0,1,wave_speed,correct_partial,calm,1,doubao-seed-2.0-lite,wave_speed,training,main,canonical
5ba5ceaae66b84512d7a,information_request,0,1,comma_splice,correct_partial,calm,0,MiniMax-M2.7,clause_punctuation,training,main,canonical
5bd0084b8db4ce044ee7,information_request,0,1,simple_inheritance,correct_partial,calm,1,MiniMax-M3,mendelian_inheritance,training,main,canonical
5c7df9e84e8d85322add,information_request,0,1,arithmetic_sequence,wrong_attempt,frustrated,1,deepseek-v4-pro,arithmetic_sequence,training,main,canonical
5c861e298d962de678fe,information_request,0,1,modifier_attachment,correct_partial,frustrated,1,MiniMax-M3,modifier_attachment,training,main,canonical
5caa94052fc7a7992ae2,information_request,0,1,weighted_mean,correct_partial,frustrated,0,MiniMax-M3,averaging,training,main,canonical
5d659d4cc2829edaac54,information_request,0,1,universal_counterexample,wrong_attempt,calm,1,MiniMax-M2.7,counterexample,training,main,canonical
5d6d0f0965e1b4608cc3,information_request,0,1,single_draw_probability,wrong_attempt,calm,1,doubao-seed-2.0-lite,single_draw_probability,training,main,canonical
5dc685c7aa1bde246af9,information_request,0,1,circuit_current,wrong_attempt,frustrated,0,MiniMax-M2.7,ohms_law,training,main,canonical
5ddbf15f48c3d55973b4,information_request,0,1,fact_opinion,wrong_attempt,frustrated,0,MiniMax-M2.7,fact_opinion,training,main,canonical
5de5ea40d59db10fb605,information_request,0,1,modifier_attachment,correct_partial,calm,1,doubao-seed-2.0-lite,modifier_attachment,training,main,canonical
5eb296486c7088a55413,information_request,0,1,ratio_partition,correct_partial,frustrated,0,glm-5.3,ratio_partition,training,main,canonical
5eb321b32f8a118f2d86,information_request,0,1,expected_points,wrong_attempt,calm,1,doubao-seed-2.0-lite,expected_value,training,main,canonical
5fd7a96dcacba9cd3b84,information_request,0,1,classifier_precision,correct_partial,frustrated,0,doubao-seed-2.0-lite,classification_metrics,training,main,canonical
608b780fe17303a76d33,information_request,0,1,weighted_mean,wrong_attempt,calm,1,glm-5.3,averaging,training,main,canonical
60ee0d0a2a69fc89f45d,information_request,0,1,main_idea,correct_partial,frustrated,0,deepseek-v4-pro,main_idea,training,main,canonical
61068c8c84a0f8661c03,information_request,0,1,conditional_inference,correct_partial,calm,1,deepseek-v4-pro,conditional_inference,training,main,canonical
61390c8884e29ecefd47,information_request,0,1,map_scale,wrong_attempt,calm,1,doubao-seed-2.0-lite,unit_conversion,training,main,canonical
613b77decc9aa9a2e5d3,information_request,0,1,simple_inheritance,correct_partial,frustrated,0,MiniMax-M2.7,mendelian_inheritance,training,main,canonical
61eb3e20aa7cbfcc1bf4,information_request,0,1,map_scale,wrong_attempt,calm,0,deepseek-v4-pro,unit_conversion,training,main,canonical
6246025a004581ecf5d9,information_request,0,1,fact_opinion,wrong_attempt,calm,0,MiniMax-M2.7,fact_opinion,training,main,canonical
6259b6f0a2b91de0a916,information_request,0,1,subject_verb_agreement,wrong_attempt,calm,1,MiniMax-M2.7,subject_verb_agreement,training,main,canonical
64479570b385be2930e4,information_request,0,1,modifier_attachment,correct_partial,calm,0,doubao-seed-2.0-lite,modifier_attachment,training,main,canonical
64854bfffd08dc4034be,information_request,0,1,net_force,wrong_attempt,frustrated,1,deepseek-v4-pro,newtons_second_law,training,main,canonical
65659e30c4646b8a01e0,information_request,0,1,discount_price,wrong_attempt,calm,1,MiniMax-M2.7,discount_price,training,main,canonical
6678e739d5f302752b2e,information_request,0,1,pronoun_reference,correct_partial,calm,1,deepseek-v4-pro,pronoun_reference,training,main,canonical
66bb0699957a0572fea2,information_request,0,1,experimental_variable,wrong_attempt,frustrated,0,MiniMax-M3,experimental_design,training,main,canonical
66e6bff72b5492eeb172,information_request,0,1,map_scale,wrong_attempt,frustrated,1,doubao-seed-2.0-lite,unit_conversion,training,main,canonical
677bdeacfd11ff13efc5,information_request,0,1,expected_points,correct_partial,calm,0,deepseek-v4-pro,expected_value,training,main,canonical
677c7b26513236f7e64e,information_request,0,1,ordering_constraints,correct_partial,calm,1,deepseek-v4-pro,ordering_constraints,training,main,canonical
67f026e2d5e6f3fe1431,information_request,0,1,classifier_precision,wrong_attempt,frustrated,0,MiniMax-M3,classification_metrics,training,main,canonical
68180f90e03615186db3,information_request,0,1,pronoun_reference,correct_partial,frustrated,0,deepseek-v4-pro,pronoun_reference,training,main,canonical
686777fbb706741be797,information_request,0,1,conditional_inference,correct_partial,calm,1,MiniMax-M3,conditional_inference,training,main,canonical
687a421b75e20734483d,information_request,0,1,weighted_mean,correct_partial,calm,0,deepseek-v4-pro,averaging,training,main,canonical
68a22ad7abadabaf6c91,information_request,0,1,main_idea,correct_partial,calm,1,glm-5.3,main_idea,training,main,canonical
68d9e3e1ded6b0ccc6ac,information_request,0,1,conjunctive_rule,correct_partial,calm,1,glm-5.3,conjunctive_rule,training,main,canonical
69558e373b7fc4be4228,information_request,0,1,past_tense,wrong_attempt,calm,0,MiniMax-M2.7,tense_consistency,training,main,canonical
695be5886658baf52df9,information_request,0,1,expected_points,wrong_attempt,calm,1,MiniMax-M2.7,expected_value,training,main,canonical
6980505169ed95cb3526,information_request,0,1,modifier_attachment,correct_partial,calm,0,deepseek-v4-pro,modifier_attachment,training,main,canonical
699f5e8feb1424c26888,information_request,0,1,set_entailment,wrong_attempt,frustrated,0,doubao-seed-2.0-lite,set_entailment,training,main,canonical
69b1a0b26f81596a7ee7,information_request,0,1,set_entailment,correct_partial,calm,1,deepseek-v4-pro,set_entailment,training,main,canonical
69d3a451aa057a8818b7,information_request,0,1,experimental_variable,correct_partial,calm,0,deepseek-v4-pro,experimental_design,training,main,canonical
69e2c89fc205fb263509,information_request,0,1,subject_verb_agreement,wrong_attempt,frustrated,0,deepseek-v4-pro,subject_verb_agreement,training,main,canonical
6a605350a8c5aa0542be,information_request,0,1,wave_speed,correct_partial,frustrated,0,MiniMax-M3,wave_speed,training,main,canonical
6a98418f5948ed5e3f03,information_request,0,1,conservation_of_mass,correct_partial,calm,0,MiniMax-M2.7,conservation_of_mass,training,main,canonical
6a9fd560cfd7ea47caf5,information_request,0,1,net_force,wrong_attempt,calm,0,deepseek-v4-pro,newtons_second_law,training,main,canonical
6aaf74c4d4c8582df4ae,information_request,0,1,past_tense,correct_partial,frustrated,0,deepseek-v4-pro,tense_consistency,training,main,canonical
6ae9850da92344c23803,information_request,0,1,conjunctive_rule,correct_partial,frustrated,0,doubao-seed-2.0-lite,conjunctive_rule,training,main,canonical
6aea59a4181fc5eb4e7e,information_request,0,1,ratio_partition,wrong_attempt,calm,1,doubao-seed-2.0-lite,ratio_partition,training,main,canonical
6b7f925aeac6bbeffe07,information_request,0,1,fact_opinion,correct_partial,frustrated,0,MiniMax-M2.7,fact_opinion,training,main,canonical
6c98504199a33c4c800a,information_request,0,1,fact_opinion,correct_partial,calm,1,glm-5.3,fact_opinion,training,main,canonical
6c9ef446333cbf874ed3,information_request,0,1,relevant_support,correct_partial,calm,1,MiniMax-M3,argument_relevance,training,main,canonical
6d18a3fcff651e687c64,information_request,0,1,modifier_attachment,wrong_attempt,frustrated,1,MiniMax-M2.7,modifier_attachment,training,main,canonical
6d58abe9058019a0dc4b,information_request,0,1,comma_splice,wrong_attempt,frustrated,1,MiniMax-M2.7,clause_punctuation,training,main,canonical
6d91f1fcd2c9c7e855a8,information_request,0,1,ratio_partition,correct_partial,frustrated,1,MiniMax-M3,ratio_partition,training,main,canonical
6d990e07e7fbde7aba6c,information_request,0,1,universal_counterexample,correct_partial,frustrated,1,doubao-seed-2.0-lite,counterexample,training,main,canonical
6e03262009dfe5d78c22,information_request,0,1,relevant_support,wrong_attempt,frustrated,0,MiniMax-M2.7,argument_relevance,training,main,canonical
6e40a13e52ebb9d05726,information_request,0,1,rectangle_width,wrong_attempt,frustrated,1,glm-5.3,rectangle_perimeter,training,main,canonical
6e69e873968d095fa314,information_request,0,1,universal_counterexample,correct_partial,calm,1,glm-5.3,counterexample,training,main,canonical
6e711c16627c2f92d056,information_request,0,1,modifier_attachment,correct_partial,frustrated,1,deepseek-v4-pro,modifier_attachment,training,main,canonical
6ee57c8c8e650bd63dd8,information_request,0,1,experimental_variable,correct_partial,frustrated,1,MiniMax-M3,experimental_design,training,main,canonical
6f65ef2a6765449e0847,information_request,0,1,ratio_partition,correct_partial,calm,1,doubao-seed-2.0-lite,ratio_partition,training,main,canonical
6fb416e1f09bcad3be18,information_request,0,1,arithmetic_sequence,correct_partial,frustrated,1,doubao-seed-2.0-lite,arithmetic_sequence,training,main,canonical
7056de521b939f3cfea7,information_request,0,1,speed_units,wrong_attempt,frustrated,0,MiniMax-M3,unit_conversion,training,main,canonical
70c239709b1d0338338c,information_request,0,1,universal_counterexample,correct_partial,frustrated,1,MiniMax-M3,counterexample,training,main,canonical
718600b2e28893ab722d,information_request,0,1,weighted_mean,wrong_attempt,frustrated,0,MiniMax-M3,averaging,training,main,canonical
72c8927651e877ecad41,information_request,0,1,expected_points,wrong_attempt,frustrated,0,MiniMax-M3,expected_value,training,main,canonical
72ce1f650e1cc13b8eed,information_request,0,1,expected_points,wrong_attempt,frustrated,0,MiniMax-M2.7,expected_value,training,main,canonical
72febde1223e4d9fd892,information_request,0,1,speed_units,wrong_attempt,calm,1,deepseek-v4-pro,unit_conversion,training,main,canonical
736aa6db83ed96d3998c,information_request,0,1,expected_points,correct_partial,frustrated,0,doubao-seed-2.0-lite,expected_value,training,main,canonical
739c0221feaf50f0577b,information_request,0,1,ordering_constraints,correct_partial,frustrated,0,MiniMax-M3,ordering_constraints,training,main,canonical
73b10ea54adfe6564cfe,information_request,0,1,conjunctive_rule,correct_partial,frustrated,0,MiniMax-M2.7,conjunctive_rule,training,main,canonical
746be5e10f295b8e5900,information_request,0,1,subject_verb_agreement,correct_partial,calm,0,MiniMax-M3,subject_verb_agreement,training,main,canonical
746d3e8f6a190bd6c409,information_request,0,1,simple_inheritance,wrong_attempt,calm,1,glm-5.3,mendelian_inheritance,training,main,canonical
747940439e064733855d,information_request,0,1,main_idea,correct_partial,calm,1,MiniMax-M3,main_idea,training,main,canonical
7496ab8919a6d0646a15,information_request,0,1,single_draw_probability,correct_partial,calm,1,doubao-seed-2.0-lite,single_draw_probability,training,main,canonical
74fb65dcaf5cf87dfff6,information_request,0,1,relevant_support,correct_partial,frustrated,1,glm-5.3,argument_relevance,training,main,canonical
754b9de50ddfc32c096e,information_request,0,1,rectangle_width,wrong_attempt,frustrated,0,MiniMax-M2.7,rectangle_perimeter,training,main,canonical
758f8f6ddafb596268b6,information_request,0,1,conditional_inference,correct_partial,calm,1,MiniMax-M2.7,conditional_inference,training,main,canonical
765fbb1c0b9b1eba9c5d,information_request,0,1,past_tense,wrong_attempt,frustrated,1,glm-5.3,tense_consistency,training,main,canonical
76d3f0ccec1547624177,information_request,0,1,speed_units,correct_partial,calm,1,deepseek-v4-pro,unit_conversion,training,main,canonical
7718903eb950a80e6e74,information_request,0,1,past_tense,wrong_attempt,frustrated,0,glm-5.3,tense_consistency,training,main,canonical
775c37af24b4a2c41cae,information_request,0,1,net_force,wrong_attempt,calm,1,deepseek-v4-pro,newtons_second_law,training,main,canonical
77b14b0252dd9e455d05,information_request,0,1,arithmetic_mean,correct_partial,calm,0,doubao-seed-2.0-lite,averaging,training,main,canonical
77bac8026221dbb2cd99,information_request,0,1,conservation_of_mass,correct_partial,calm,1,glm-5.3,conservation_of_mass,training,main,canonical
77e123d005251e8693e4,information_request,0,1,food_chain,correct_partial,frustrated,0,MiniMax-M3,food_web_relations,training,main,canonical
783d79e13cd183a0d5af,information_request,0,1,comma_splice,correct_partial,calm,1,MiniMax-M2.7,clause_punctuation,training,main,canonical
78ade733ad79690f4422,information_request,0,1,simple_inheritance,correct_partial,frustrated,1,deepseek-v4-pro,mendelian_inheritance,training,main,canonical
78b6737f77f1366a5c01,information_request,0,1,rectangle_width,correct_partial,frustrated,0,deepseek-v4-pro,rectangle_perimeter,training,main,canonical
78effc74f55d56834926,information_request,0,1,experimental_variable,correct_partial,calm,1,glm-5.3,experimental_design,training,main,canonical
7950b9688e91e8491a5d,information_request,0,1,arithmetic_mean,correct_partial,calm,1,deepseek-v4-pro,averaging,training,main,canonical
795ded82c69e59f7efd2,information_request,0,1,pronoun_reference,correct_partial,frustrated,0,MiniMax-M3,pronoun_reference,training,main,canonical
797b9508a989e5eb9661,information_request,0,1,fact_opinion,wrong_attempt,frustrated,1,glm-5.3,fact_opinion,training,main,canonical
7a2b333caa4687ecce2e,information_request,0,1,thermal_energy,wrong_attempt,calm,0,glm-5.3,specific_heat,training,main,canonical
7a877754624d8ac0d06e,information_request,0,1,thermal_energy,wrong_attempt,frustrated,1,MiniMax-M3,specific_heat,training,main,canonical
7ac4a5a90108e5336221,information_request,0,1,universal_counterexample,wrong_attempt,calm,1,deepseek-v4-pro,counterexample,training,main,canonical
7b08921bf78f46706578,information_request,0,1,rectangle_width,wrong_attempt,frustrated,1,doubao-seed-2.0-lite,rectangle_perimeter,training,main,canonical
7b5141c38875d8a7d641,information_request,0,1,single_draw_probability,correct_partial,calm,0,MiniMax-M3,single_draw_probability,training,main,canonical
7b5c1d75083aeae95952,information_request,0,1,thermal_energy,wrong_attempt,frustrated,0,doubao-seed-2.0-lite,specific_heat,training,main,canonical
7be7f7cde088a452bb68,information_request,0,1,ratio_partition,wrong_attempt,frustrated,1,deepseek-v4-pro,ratio_partition,training,main,canonical
7c0cb7ab6dbe76c935a9,information_request,0,1,discount_price,wrong_attempt,frustrated,1,deepseek-v4-pro,discount_price,training,main,canonical
7c7749fac0b4946795fb,information_request,0,1,rectangle_width,wrong_attempt,calm,1,glm-5.3,rectangle_perimeter,training,main,canonical
7eaab260c4bc42eb779d,information_request,0,1,modifier_attachment,wrong_attempt,frustrated,0,MiniMax-M3,modifier_attachment,training,main,canonical
7eefa0ebfda752b5509d,information_request,0,1,expected_points,wrong_attempt,frustrated,0,doubao-seed-2.0-lite,expected_value,training,main,canonical
7f49d6dcaa0df2493da2,information_request,0,1,experimental_variable,correct_partial,frustrated,1,deepseek-v4-pro,experimental_design,training,main,canonical
7fd5aae0c7fd9ff4557e,information_request,0,1,ordering_constraints,correct_partial,calm,1,MiniMax-M2.7,ordering_constraints,training,main,canonical
801651ef8415eb151c3d,information_request,0,1,universal_counterexample,wrong_attempt,frustrated,1,doubao-seed-2.0-lite,counterexample,training,main,canonical
803cde85e5ad74f4b232,information_request,0,1,rectangle_width,wrong_attempt,frustrated,0,MiniMax-M3,rectangle_perimeter,training,main,canonical
8057b4dd0ae893905855,information_request,0,1,simple_inheritance,wrong_attempt,calm,0,MiniMax-M3,mendelian_inheritance,training,main,canonical
807ae0e290c913f2bdd3,information_request,0,1,universal_counterexample,wrong_attempt,frustrated,1,MiniMax-M2.7,counterexample,training,main,canonical
821e385af9da21563ea3,information_request,0,1,universal_counterexample,correct_partial,calm,1,MiniMax-M2.7,counterexample,training,main,canonical
829290bbd1e0adf3e23b,information_request,0,1,experimental_variable,correct_partial,calm,1,deepseek-v4-pro,experimental_design,training,main,canonical
82c181a37a04ed6f004b,information_request,0,1,speed_units,correct_partial,calm,1,doubao-seed-2.0-lite,unit_conversion,training,main,canonical
82ca3d4136d7234649ac,information_request,0,1,speed_units,correct_partial,frustrated,1,doubao-seed-2.0-lite,unit_conversion,training,main,canonical
833de3b6fb4ee43b6a7c,information_request,0,1,net_force,wrong_attempt,frustrated,0,deepseek-v4-pro,newtons_second_law,training,main,canonical
83f97253ed37b58897ac,information_request,0,1,simple_inheritance,correct_partial,calm,0,doubao-seed-2.0-lite,mendelian_inheritance,training,main,canonical
83fff9271ef77d56d579,information_request,0,1,universal_counterexample,wrong_attempt,calm,1,doubao-seed-2.0-lite,counterexample,training,main,canonical
848ea25e6732704bd665,information_request,0,1,relevant_support,wrong_attempt,calm,0,glm-5.3,argument_relevance,training,main,canonical
84991113c60a5aff2325,information_request,0,1,past_tense,correct_partial,calm,0,glm-5.3,tense_consistency,training,main,canonical
84a8654fbe3f97133e2a,information_request,0,1,ordering_constraints,wrong_attempt,calm,0,glm-5.3,ordering_constraints,training,main,canonical
84ba88118fe5966421c0,information_request,0,1,simple_inheritance,wrong_attempt,calm,1,MiniMax-M3,mendelian_inheritance,training,main,canonical
84dd2e58c7fa3d4155e7,information_request,0,1,universal_counterexample,correct_partial,frustrated,1,deepseek-v4-pro,counterexample,training,main,canonical
84e9e64ee7c1bf45bdbf,information_request,0,1,simple_inheritance,wrong_attempt,calm,1,doubao-seed-2.0-lite,mendelian_inheritance,training,main,canonical
8524ddcc30359c2b7ced,information_request,0,1,arithmetic_sequence,wrong_attempt,frustrated,1,glm-5.3,arithmetic_sequence,training,main,canonical
852d4353a14d7be7beb4,information_request,0,1,relevant_support,wrong_attempt,frustrated,0,doubao-seed-2.0-lite,argument_relevance,training,main,canonical
86142e5bbfaf81a23f6d,information_request,0,1,universal_counterexample,wrong_attempt,calm,0,deepseek-v4-pro,counterexample,training,main,canonical
869d916e7d8f9fe32edc,information_request,0,1,pronoun_reference,correct_partial,calm,0,MiniMax-M3,pronoun_reference,training,main,canonical
87022bbdc172ccbf3de7,information_request,0,1,past_tense,correct_partial,frustrated,0,MiniMax-M2.7,tense_consistency,training,main,canonical
87dda4d0af9d5ffd04c8,information_request,0,1,rectangle_width,correct_partial,frustrated,1,doubao-seed-2.0-lite,rectangle_perimeter,training,main,canonical
886c6af2fbecca01fd7f,information_request,0,1,arithmetic_mean,correct_partial,calm,1,glm-5.3,averaging,training,main,canonical
888b630881c69ca657f7,information_request,0,1,weighted_mean,wrong_attempt,frustrated,1,MiniMax-M2.7,averaging,training,main,canonical
88af193f6be91974160c,information_request,0,1,net_force,correct_partial,frustrated,1,MiniMax-M2.7,newtons_second_law,training,main,canonical
89529b4248d04d1179d6,information_request,0,1,ratio_partition,correct_partial,calm,0,MiniMax-M3,ratio_partition,training,main,canonical
8967c89485d947b139ff,information_request,0,1,conservation_of_mass,wrong_attempt,calm,1,doubao-seed-2.0-lite,conservation_of_mass,training,main,canonical
8a8bc1c6d134cde63111,information_request,0,1,net_force,correct_partial,calm,1,doubao-seed-2.0-lite,newtons_second_law,training,main,canonical
8ba3b6107d340baf77c0,information_request,0,1,rectangle_width,correct_partial,calm,1,deepseek-v4-pro,rectangle_perimeter,training,main,canonical
8c400b596def840ead2a,information_request,0,1,arithmetic_mean,wrong_attempt,calm,1,MiniMax-M2.7,averaging,training,main,canonical
8c5e86394cb39711835f,information_request,0,1,speed_units,correct_partial,frustrated,0,glm-5.3,unit_conversion,training,main,canonical
8c7c0afe09f7e8227554,information_request,0,1,conjunctive_rule,wrong_attempt,frustrated,0,deepseek-v4-pro,conjunctive_rule,training,main,canonical
8cc7ebfd3ee275be6fb3,information_request,0,1,past_tense,correct_partial,frustrated,1,MiniMax-M3,tense_consistency,training,main,canonical
8d25826e6ee4facad5d7,information_request,0,1,conditional_inference,correct_partial,calm,0,deepseek-v4-pro,conditional_inference,training,main,canonical
8d647bee7b73dd94b2f8,information_request,0,1,comma_splice,correct_partial,frustrated,1,doubao-seed-2.0-lite,clause_punctuation,training,main,canonical
8df9f0811d2e5830099f,information_request,0,1,comma_splice,correct_partial,calm,1,doubao-seed-2.0-lite,clause_punctuation,training,main,canonical
8e15b98ce0dd6f9122f1,information_request,0,1,conjunctive_rule,wrong_attempt,calm,1,MiniMax-M2.7,conjunctive_rule,training,main,canonical
8e4c3fc46aecec90b80d,information_request,0,1,set_entailment,wrong_attempt,calm,0,MiniMax-M3,set_entailment,training,main,canonical
8f37eee58b2bf46ba96d,information_request,0,1,set_entailment,correct_partial,frustrated,1,doubao-seed-2.0-lite,set_entailment,training,main,canonical
8f9ae8aa2b1b01358d5e,information_request,0,1,set_entailment,wrong_attempt,frustrated,1,MiniMax-M2.7,set_entailment,training,main,canonical
8fb1babd191a80b88c2d,information_request,0,1,circuit_current,correct_partial,calm,0,doubao-seed-2.0-lite,ohms_law,training,main,canonical
8fca55be7007e3f568b2,information_request,0,1,ratio_partition,wrong_attempt,calm,1,glm-5.3,ratio_partition,training,main,canonical
8ffab764bd53ead0929c,information_request,0,1,discount_price,wrong_attempt,frustrated,1,glm-5.3,discount_price,training,main,canonical
907d4364dd50314272f2,information_request,0,1,thermal_energy,correct_partial,frustrated,1,deepseek-v4-pro,specific_heat,training,main,canonical
913a0c345f8d06b52a02,information_request,0,1,classifier_precision,wrong_attempt,calm,1,doubao-seed-2.0-lite,classification_metrics,training,main,canonical
9142e5efab7a693a83c6,information_request,0,1,comma_splice,correct_partial,frustrated,0,MiniMax-M2.7,clause_punctuation,training,main,canonical
916a44a0480545b6585a,information_request,0,1,fact_opinion,wrong_attempt,frustrated,1,deepseek-v4-pro,fact_opinion,training,main,canonical
9196254c1eb552d99de6,information_request,0,1,past_tense,correct_partial,frustrated,0,glm-5.3,tense_consistency,training,main,canonical
92072d7d5f680031c5a1,information_request,0,1,conservation_of_mass,correct_partial,frustrated,0,deepseek-v4-pro,conservation_of_mass,training,main,canonical
9220fc10ea94bc9c8a56,information_request,0,1,classifier_precision,correct_partial,calm,1,MiniMax-M2.7,classification_metrics,training,main,canonical
92d4e74aeeb05c8d3bdb,information_request,0,1,modifier_attachment,wrong_attempt,calm,1,doubao-seed-2.0-lite,modifier_attachment,training,main,canonical
93143dd4e531bcfb8deb,information_request,0,1,subject_verb_agreement,correct_partial,frustrated,1,glm-5.3,subject_verb_agreement,training,main,canonical
9381ec9efd1af3b2f834,information_request,0,1,wave_speed,wrong_attempt,calm,0,deepseek-v4-pro,wave_speed,training,main,canonical
9397120e6a9b0585a578,information_request,0,1,fact_opinion,correct_partial,frustrated,0,glm-5.3,fact_opinion,training,main,canonical
93dc93737346087b1fd5,information_request,0,1,conditional_inference,correct_partial,frustrated,0,MiniMax-M3,conditional_inference,training,main,canonical
942d913a4c35729af003,information_request,0,1,arithmetic_sequence,wrong_attempt,calm,1,doubao-seed-2.0-lite,arithmetic_sequence,training,main,canonical
946ecb3935265ee82861,information_request,0,1,food_chain,correct_partial,calm,0,deepseek-v4-pro,food_web_relations,training,main,canonical
9482ae09f925485f32fe,information_request,0,1,conjunctive_rule,wrong_attempt,calm,0,deepseek-v4-pro,conjunctive_rule,training,main,canonical
9565c363ebcbd06027fe,information_request,0,1,wave_speed,correct_partial,frustrated,0,glm-5.3,wave_speed,training,main,canonical
95e86fe2e336e083dbd3,information_request,0,1,ordering_constraints,wrong_attempt,frustrated,0,deepseek-v4-pro,ordering_constraints,training,main,canonical
95f42e47cc8ec195749b,information_request,0,1,simple_inheritance,wrong_attempt,calm,0,deepseek-v4-pro,mendelian_inheritance,training,main,canonical
964f8756b449da8b92ee,information_request,0,1,pronoun_reference,wrong_attempt,frustrated,1,MiniMax-M3,pronoun_reference,training,main,canonical
96805de8727d05475819,information_request,0,1,main_idea,wrong_attempt,calm,0,deepseek-v4-pro,main_idea,training,main,canonical
96f4a7a76ff38865b954,information_request,0,1,classifier_precision,wrong_attempt,frustrated,0,MiniMax-M2.7,classification_metrics,training,main,canonical
96ff0ded74b908841cae,information_request,0,1,circuit_current,correct_partial,frustrated,0,deepseek-v4-pro,ohms_law,training,main,canonical
976c97f13259071c9659,information_request,0,1,circuit_current,correct_partial,frustrated,1,doubao-seed-2.0-lite,ohms_law,training,main,canonical
977ed58941c9da5136ea,information_request,0,1,conservation_of_mass,correct_partial,frustrated,1,MiniMax-M2.7,conservation_of_mass,training,main,canonical
979adcac1390d25c174e,information_request,0,1,rectangle_width,wrong_attempt,calm,0,glm-5.3,rectangle_perimeter,training,main,canonical
97d0cf1144b5c48dd7b4,information_request,0,1,expected_points,wrong_attempt,frustrated,0,glm-5.3,expected_value,training,main,canonical
97dce9a37a0d19262a14,information_request,0,1,ordering_constraints,wrong_attempt,calm,1,MiniMax-M3,ordering_constraints,training,main,canonical
985919b868338a6fb566,information_request,0,1,modifier_attachment,correct_partial,frustrated,1,MiniMax-M2.7,modifier_attachment,training,main,canonical
9873937684db9bf8b82a,information_request,0,1,single_draw_probability,wrong_attempt,calm,0,glm-5.3,single_draw_probability,training,main,canonical
9898e1b3f12fdee5e09a,information_request,0,1,universal_counterexample,correct_partial,calm,1,doubao-seed-2.0-lite,counterexample,training,main,canonical
9911d674976719bd8847,information_request,0,1,discount_price,correct_partial,frustrated,0,doubao-seed-2.0-lite,discount_price,training,main,canonical
99c54cb50ec9d7050185,information_request,0,1,classifier_precision,correct_partial,frustrated,1,MiniMax-M2.7,classification_metrics,training,main,canonical
9a7375145231dfd25174,information_request,0,1,circuit_current,correct_partial,calm,1,doubao-seed-2.0-lite,ohms_law,training,main,canonical
9ae16f2514de743d9773,information_request,0,1,conditional_inference,correct_partial,frustrated,1,glm-5.3,conditional_inference,training,main,canonical
9b02e538e1713b9afb5c,information_request,0,1,speed_units,correct_partial,calm,0,doubao-seed-2.0-lite,unit_conversion,training,main,canonical
9b183969653cf4f2170f,information_request,0,1,weighted_mean,correct_partial,frustrated,1,glm-5.3,averaging,training,main,canonical
9c013929527c254d1090,information_request,0,1,net_force,correct_partial,calm,1,MiniMax-M2.7,newtons_second_law,training,main,canonical
9c17e3bf563eb8e438af,information_request,0,1,set_entailment,wrong_attempt,calm,0,glm-5.3,set_entailment,training,main,canonical
9c22d89f59e209310ecf,information_request,0,1,set_entailment,correct_partial,calm,0,doubao-seed-2.0-lite,set_entailment,training,main,canonical
9c986715a5c951b6e354,information_request,0,1,universal_counterexample,wrong_attempt,calm,0,glm-5.3,counterexample,training,main,canonical
9d5ec070d7b301d2b348,information_request,0,1,single_draw_probability,wrong_attempt,calm,1,deepseek-v4-pro,single_draw_probability,training,main,canonical
9d8714669a057da8f37f,information_request,0,1,pronoun_reference,correct_partial,calm,1,glm-5.3,pronoun_reference,training,main,canonical
9dbd880ba6ac1771a954,information_request,0,1,relevant_support,correct_partial,frustrated,0,doubao-seed-2.0-lite,argument_relevance,training,main,canonical
9de96a41d298174fa090,information_request,0,1,rectangle_width,wrong_attempt,frustrated,0,glm-5.3,rectangle_perimeter,training,main,canonical
9fbd5aa12e697bd449ab,information_request,0,1,relevant_support,wrong_attempt,calm,1,glm-5.3,argument_relevance,training,main,canonical
9fbdd0350cec000bf86e,information_request,0,1,arithmetic_sequence,wrong_attempt,frustrated,0,MiniMax-M3,arithmetic_sequence,training,main,canonical
a01444034b78c5539509,information_request,0,1,classifier_precision,correct_partial,frustrated,1,MiniMax-M3,classification_metrics,training,main,canonical
a03ca76b3f4898d5c85b,information_request,0,1,set_entailment,wrong_attempt,calm,1,MiniMax-M2.7,set_entailment,training,main,canonical
a0666104610cb1f4f8cb,information_request,0,1,simple_inheritance,wrong_attempt,frustrated,0,MiniMax-M2.7,mendelian_inheritance,training,main,canonical
a095282df5c6519f81b4,information_request,0,1,comma_splice,wrong_attempt,calm,1,MiniMax-M3,clause_punctuation,training,main,canonical
a0be0424bac8fcd0695e,information_request,0,1,arithmetic_mean,wrong_attempt,calm,0,MiniMax-M3,averaging,training,main,canonical
a0e33e9526e497f51581,information_request,0,1,classifier_precision,wrong_attempt,calm,0,glm-5.3,classification_metrics,training,main,canonical
a18738150f44d5525b7d,information_request,0,1,conservation_of_mass,correct_partial,calm,1,MiniMax-M3,conservation_of_mass,training,main,canonical
a1917235ed80326a5d8c,information_request,0,1,universal_counterexample,wrong_attempt,frustrated,1,glm-5.3,counterexample,training,main,canonical
a1f906717cc45b7c547c,information_request,0,1,set_entailment,correct_partial,frustrated,1,glm-5.3,set_entailment,training,main,canonical
a253c24691fd98c3c2ba,information_request,0,1,past_tense,wrong_attempt,calm,1,glm-5.3,tense_consistency,training,main,canonical
a268e99841516720473b,information_request,0,1,comma_splice,wrong_attempt,frustrated,1,MiniMax-M3,clause_punctuation,training,main,canonical
a2a7c9ba09d481494c5e,information_request,0,1,conjunctive_rule,wrong_attempt,frustrated,1,doubao-seed-2.0-lite,conjunctive_rule,training,main,canonical
a2b505be710d6c1eb973,information_request,0,1,fact_opinion,correct_partial,frustrated,1,doubao-seed-2.0-lite,fact_opinion,training,main,canonical
a39c2cc86f13c4abe75a,information_request,0,1,thermal_energy,correct_partial,frustrated,1,MiniMax-M3,specific_heat,training,main,canonical
a448ed2acef4a59e54fe,information_request,0,1,circuit_current,correct_partial,calm,0,MiniMax-M3,ohms_law,training,main,canonical
a4ac5af64fe6a8c356c7,information_request,0,1,past_tense,wrong_attempt,calm,0,glm-5.3,tense_consistency,training,main,canonical
a518790acfbee16739df,information_request,0,1,expected_points,correct_partial,calm,1,deepseek-v4-pro,expected_value,training,main,canonical
a6b07739f5a4fc25b03b,information_request,0,1,ratio_partition,wrong_attempt,frustrated,0,deepseek-v4-pro,ratio_partition,training,main,canonical
a72583761391baf87e77,information_request,0,1,simple_inheritance,wrong_attempt,frustrated,1,doubao-seed-2.0-lite,mendelian_inheritance,training,main,canonical
a734add5c234ef2889a3,information_request,0,1,past_tense,wrong_attempt,calm,0,doubao-seed-2.0-lite,tense_consistency,training,main,canonical
a749810843281a8282af,information_request,0,1,past_tense,correct_partial,calm,0,deepseek-v4-pro,tense_consistency,training,main,canonical
a7fa6850776c7a2fa54d,information_request,0,1,conjunctive_rule,correct_partial,calm,1,deepseek-v4-pro,conjunctive_rule,training,main,canonical
a8a4f7b368480ec9497e,information_request,0,1,simple_inheritance,correct_partial,frustrated,1,doubao-seed-2.0-lite,mendelian_inheritance,training,main,canonical
a8d31b2ae2f8a97d62ff,information_request,0,1,conservation_of_mass,wrong_attempt,frustrated,0,doubao-seed-2.0-lite,conservation_of_mass,training,main,canonical
a8de4cfe8d5904d939f0,information_request,0,1,net_force,correct_partial,frustrated,0,glm-5.3,newtons_second_law,training,main,canonical
a8f038a1d0bbdfa5dd22,information_request,0,1,universal_counterexample,correct_partial,frustrated,1,glm-5.3,counterexample,training,main,canonical
a90a277510d79e226be5,information_request,0,1,discount_price,correct_partial,frustrated,0,MiniMax-M2.7,discount_price,training,main,canonical
a955951ca2f7d9bf603f,information_request,0,1,fact_opinion,wrong_attempt,calm,1,MiniMax-M2.7,fact_opinion,training,main,canonical
a95df7f6c244a82f6aa8,information_request,0,1,classifier_precision,wrong_attempt,calm,1,MiniMax-M3,classification_metrics,training,main,canonical
a9c81d17acac28677858,information_request,0,1,net_force,wrong_attempt,calm,1,MiniMax-M3,newtons_second_law,training,main,canonical
a9d8d64d924147f1cba7,information_request,0,1,expected_points,wrong_attempt,frustrated,1,MiniMax-M2.7,expected_value,training,main,canonical
aa27e041e0bf5dfde613,information_request,0,1,arithmetic_mean,correct_partial,frustrated,1,MiniMax-M3,averaging,training,main,canonical
aa9ba67e19765371e0a5,information_request,0,1,classifier_precision,wrong_attempt,calm,1,glm-5.3,classification_metrics,training,main,canonical
ab5a897190ee04479cf9,information_request,0,1,speed_units,wrong_attempt,frustrated,1,deepseek-v4-pro,unit_conversion,training,main,canonical
ab6727155fc08e5a85d9,information_request,0,1,food_chain,wrong_attempt,calm,0,MiniMax-M3,food_web_relations,training,main,canonical
abd9a225697be8f4ce89,information_request,0,1,ratio_partition,correct_partial,calm,1,glm-5.3,ratio_partition,training,main,canonical
abef2aca66b0aa64046e,information_request,0,1,set_entailment,correct_partial,frustrated,0,MiniMax-M3,set_entailment,training,main,canonical
ad1900c36060ebd6ed3b,information_request,0,1,circuit_current,correct_partial,frustrated,1,deepseek-v4-pro,ohms_law,training,main,canonical
ad255b0c78b366a5e786,information_request,0,1,expected_points,wrong_attempt,calm,0,glm-5.3,expected_value,training,main,canonical
ad8fcbdc8d29968b07f5,information_request,0,1,simple_inheritance,correct_partial,calm,1,glm-5.3,mendelian_inheritance,training,main,canonical
adea3e3b7fd6f958fc35,information_request,0,1,past_tense,wrong_attempt,frustrated,0,deepseek-v4-pro,tense_consistency,training,main,canonical
ae0bf49052d0ad419866,information_request,0,1,circuit_current,wrong_attempt,frustrated,1,doubao-seed-2.0-lite,ohms_law,training,main,canonical
ae1e11eec6c967f723e4,information_request,0,1,net_force,wrong_attempt,calm,1,glm-5.3,newtons_second_law,training,main,canonical
ae4e986a983c433e9767,information_request,0,1,conservation_of_mass,correct_partial,calm,0,doubao-seed-2.0-lite,conservation_of_mass,training,main,canonical
af1407b40a7a340d8d48,information_request,0,1,single_draw_probability,correct_partial,frustrated,0,doubao-seed-2.0-lite,single_draw_probability,training,main,canonical
af9f740db96deda3bfd5,information_request,0,1,subject_verb_agreement,correct_partial,frustrated,1,MiniMax-M3,subject_verb_agreement,training,main,canonical
afe17a03045b1a2a5817,information_request,0,1,conjunctive_rule,correct_partial,frustrated,1,MiniMax-M3,conjunctive_rule,training,main,canonical
b06f4abd015352ea27e8,information_request,0,1,set_entailment,correct_partial,frustrated,1,MiniMax-M3,set_entailment,training,main,canonical
b139f125d6cda2137d5d,information_request,0,1,food_chain,correct_partial,frustrated,0,glm-5.3,food_web_relations,training,main,canonical
b1570494901aab91cfea,information_request,0,1,pronoun_reference,correct_partial,frustrated,0,glm-5.3,pronoun_reference,training,main,canonical
b19387f6046f50b8416e,information_request,0,1,universal_counterexample,wrong_attempt,frustrated,0,deepseek-v4-pro,counterexample,training,main,canonical
b1efbad17a4479b15a6e,information_request,0,1,ratio_partition,wrong_attempt,frustrated,0,glm-5.3,ratio_partition,training,main,canonical
b21878b5ce998abc2a3d,information_request,0,1,food_chain,wrong_attempt,frustrated,1,deepseek-v4-pro,food_web_relations,training,main,canonical
b2c8d136736ee2fd8d6d,information_request,0,1,wave_speed,correct_partial,calm,1,deepseek-v4-pro,wave_speed,training,main,canonical
b2d8130468571660af80,information_request,0,1,conditional_inference,wrong_attempt,calm,1,MiniMax-M2.7,conditional_inference,training,main,canonical
b334be3c98136da26a2c,information_request,0,1,simple_inheritance,wrong_attempt,frustrated,0,doubao-seed-2.0-lite,mendelian_inheritance,training,main,canonical
b35f75da1b9025cdb26f,information_request,0,1,conditional_inference,wrong_attempt,frustrated,0,MiniMax-M3,conditional_inference,training,main,canonical
b3b4ed84a7f213af03c6,information_request,0,1,arithmetic_mean,wrong_attempt,frustrated,0,glm-5.3,averaging,training,main,canonical
b3ba23259effddccdf4c,information_request,0,1,arithmetic_mean,wrong_attempt,frustrated,0,MiniMax-M2.7,averaging,training,main,canonical
b40f74436fb3289a1bb3,information_request,0,1,conservation_of_mass,wrong_attempt,frustrated,1,MiniMax-M2.7,conservation_of_mass,training,main,canonical
b460238f49be6bba0169,information_request,0,1,universal_counterexample,correct_partial,frustrated,0,MiniMax-M2.7,counterexample,training,main,canonical
b5621d8d2062ad7c4afc,information_request,0,1,comma_splice,correct_partial,calm,0,deepseek-v4-pro,clause_punctuation,training,main,canonical
b5bc903bf3a6ea939f2c,information_request,0,1,subject_verb_agreement,correct_partial,frustrated,0,deepseek-v4-pro,subject_verb_agreement,training,main,canonical
b610d7dda7e287c52c59,information_request,0,1,weighted_mean,correct_partial,calm,0,MiniMax-M3,averaging,training,main,canonical
b6643799ce77e0008754,information_request,0,1,comma_splice,correct_partial,frustrated,1,MiniMax-M3,clause_punctuation,training,main,canonical
b674dabc32aa69eccf71,information_request,0,1,past_tense,wrong_attempt,calm,1,doubao-seed-2.0-lite,tense_consistency,training,main,canonical
b68b040f48f189151cc8,information_request,0,1,experimental_variable,correct_partial,calm,0,doubao-seed-2.0-lite,experimental_design,training,main,canonical
b7103e06ebaf69067696,information_request,0,1,ordering_constraints,correct_partial,calm,0,glm-5.3,ordering_constraints,training,main,canonical
b7cc11099d76ca322a5e,information_request,0,1,map_scale,correct_partial,frustrated,0,MiniMax-M2.7,unit_conversion,training,main,canonical
b7d289b3afef84bc2a2a,information_request,0,0,map_scale,wrong_attempt,calm,0,MiniMax-M3,unit_conversion,training,main,canonical
b7eca1c0a77119d1a931,information_request,0,1,arithmetic_sequence,correct_partial,calm,1,MiniMax-M3,arithmetic_sequence,training,main,canonical
b7fc247ba767f7f001bf,information_request,0,1,pronoun_reference,correct_partial,calm,0,glm-5.3,pronoun_reference,training,main,canonical
b81756ce938545885c04,information_request,0,1,main_idea,correct_partial,calm,0,glm-5.3,main_idea,training,main,canonical
b84087d5e796afe12a72,information_request,0,1,past_tense,wrong_attempt,calm,0,deepseek-v4-pro,tense_consistency,training,main,canonical
b87a3690a622f1ed195a,information_request,0,1,wave_speed,wrong_attempt,calm,1,MiniMax-M3,wave_speed,training,main,canonical
b882edef7870832f7fba,information_request,0,1,simple_inheritance,wrong_attempt,frustrated,1,MiniMax-M3,mendelian_inheritance,training,main,canonical
b8fb4f71fd9f3a866975,information_request,0,1,universal_counterexample,correct_partial,frustrated,0,deepseek-v4-pro,counterexample,training,main,canonical
b922388394cb1a1515ef,information_request,0,1,single_draw_probability,wrong_attempt,calm,1,MiniMax-M2.7,single_draw_probability,training,main,canonical
b9324e3848fa13acc3be,information_request,0,1,ratio_partition,correct_partial,calm,0,doubao-seed-2.0-lite,ratio_partition,training,main,canonical
b940c4633c3d44f97762,information_request,0,1,experimental_variable,wrong_attempt,frustrated,0,glm-5.3,experimental_design,training,main,canonical
b98773554738753e4d2f,information_request,0,1,expected_points,correct_partial,frustrated,1,MiniMax-M3,expected_value,training,main,canonical
b9e9e99ed094c670100d,information_request,0,1,modifier_attachment,correct_partial,calm,1,glm-5.3,modifier_attachment,training,main,canonical
baef32235e0cf396260b,information_request,0,1,arithmetic_mean,correct_partial,calm,1,doubao-seed-2.0-lite,averaging,training,main,canonical
bb69c2d07b8cebbb05f1,information_request,0,1,map_scale,correct_partial,calm,0,deepseek-v4-pro,unit_conversion,training,main,canonical
bb9bababab6bf379bfc5,information_request,0,1,rectangle_width,correct_partial,frustrated,0,MiniMax-M3,rectangle_perimeter,training,main,canonical
bc7c4c810055715fac8e,information_request,0,1,discount_price,correct_partial,frustrated,0,glm-5.3,discount_price,training,main,canonical
bca712adb133a6812c57,information_request,0,1,single_draw_probability,correct_partial,frustrated,0,MiniMax-M2.7,single_draw_probability,training,main,canonical
bd69d4e2bd3fa4c05dc2,information_request,0,1,conservation_of_mass,wrong_attempt,frustrated,1,glm-5.3,conservation_of_mass,training,main,canonical
bd716b901f6b49a9a284,information_request,0,1,universal_counterexample,wrong_attempt,calm,1,MiniMax-M3,counterexample,training,main,canonical
bd9065ddf025d6274f14,information_request,0,1,universal_counterexample,correct_partial,frustrated,0,doubao-seed-2.0-lite,counterexample,training,main,canonical
bd94ad07379e3fa0d16a,information_request,0,1,comma_splice,correct_partial,calm,1,MiniMax-M3,clause_punctuation,training,main,canonical
bd99d931bcdc5a5d0b46,information_request,0,1,set_entailment,correct_partial,frustrated,0,deepseek-v4-pro,set_entailment,training,main,canonical
be39d90a87cbf51a1383,information_request,0,1,comma_splice,wrong_attempt,frustrated,1,glm-5.3,clause_punctuation,training,main,canonical
be40f8ec54c9718b6a9a,information_request,0,1,thermal_energy,correct_partial,frustrated,0,doubao-seed-2.0-lite,specific_heat,training,main,canonical
be507a261963b9c0de4c,information_request,0,0,thermal_energy,wrong_attempt,frustrated,1,glm-5.3,specific_heat,training,main,canonical
bed7b8e225490bfa6d85,information_request,0,1,subject_verb_agreement,wrong_attempt,calm,0,doubao-seed-2.0-lite,subject_verb_agreement,training,main,canonical
bf23e60b874c7dfe8f1c,information_request,0,1,single_draw_probability,wrong_attempt,calm,0,MiniMax-M3,single_draw_probability,training,main,canonical
bfa0001a24713f3cc44b,information_request,0,1,thermal_energy,correct_partial,calm,1,glm-5.3,specific_heat,training,main,canonical
bfb176e6e92922ac476c,information_request,0,1,subject_verb_agreement,correct_partial,frustrated,1,doubao-seed-2.0-lite,subject_verb_agreement,training,main,canonical
c058c3f209d5abb58eff,information_request,0,1,ordering_constraints,wrong_attempt,frustrated,1,MiniMax-M3,ordering_constraints,training,main,canonical
c088d011a3cecd1dd6e4,information_request,0,1,universal_counterexample,correct_partial,calm,1,deepseek-v4-pro,counterexample,training,main,canonical
c0c7522da516b4c4b2bb,information_request,0,1,speed_units,correct_partial,calm,1,MiniMax-M2.7,unit_conversion,training,main,canonical
c11be4619fcfe9268a6e,information_request,0,1,conjunctive_rule,wrong_attempt,frustrated,0,glm-5.3,conjunctive_rule,training,main,canonical
c11cfbba84fc332cdfdc,information_request,0,1,ordering_constraints,correct_partial,calm,0,MiniMax-M3,ordering_constraints,training,main,canonical
c12001592007e5f4c9b2,information_request,0,1,conjunctive_rule,correct_partial,calm,1,MiniMax-M3,conjunctive_rule,training,main,canonical
c17f6af6eb3d7101c4dd,information_request,0,1,single_draw_probability,wrong_attempt,frustrated,1,doubao-seed-2.0-lite,single_draw_probability,training,main,canonical
c1d736395049cc430215,information_request,0,1,main_idea,correct_partial,frustrated,1,MiniMax-M2.7,main_idea,training,main,canonical
c1eff27e288e468a9b30,information_request,0,1,simple_inheritance,correct_partial,calm,0,deepseek-v4-pro,mendelian_inheritance,training,main,canonical
c2146ed24ef95ed46bfd,information_request,0,1,single_draw_probability,correct_partial,frustrated,0,glm-5.3,single_draw_probability,training,main,canonical
c25fb5daa505f8e92921,information_request,0,1,map_scale,correct_partial,frustrated,1,doubao-seed-2.0-lite,unit_conversion,training,main,canonical
c3930f2cfdcbe75d4414,information_request,0,1,simple_inheritance,correct_partial,frustrated,0,glm-5.3,mendelian_inheritance,training,main,canonical
c3f035e717a50ae3f4e1,information_request,0,1,conservation_of_mass,correct_partial,frustrated,1,doubao-seed-2.0-lite,conservation_of_mass,training,main,canonical
c48b441ef8b67c5bc02e,information_request,0,1,conjunctive_rule,wrong_attempt,frustrated,1,MiniMax-M2.7,conjunctive_rule,training,main,canonical
c53030845c9aac1d5e07,information_request,0,1,arithmetic_sequence,correct_partial,calm,0,MiniMax-M3,arithmetic_sequence,training,main,canonical
c58321e5f1ab6ee0653b,information_request,0,0,universal_counterexample,wrong_attempt,frustrated,1,MiniMax-M3,counterexample,training,main,canonical
c598cf68408b8d141f22,information_request,0,1,relevant_support,wrong_attempt,calm,0,MiniMax-M3,argument_relevance,training,main,canonical
c5dd1c8a4049997dc451,information_request,0,1,arithmetic_mean,wrong_attempt,frustrated,1,MiniMax-M3,averaging,training,main,canonical
c61e6de6879320a1a170,information_request,0,1,map_scale,correct_partial,calm,0,glm-5.3,unit_conversion,training,main,canonical
c639b415d07fefd2c127,information_request,0,1,expected_points,correct_partial,calm,1,MiniMax-M3,expected_value,training,main,canonical
c6bba14ad4161b320d24,information_request,0,1,arithmetic_mean,correct_partial,frustrated,1,glm-5.3,averaging,training,main,canonical
c6ce0e009c7fea9981eb,information_request,0,1,circuit_current,wrong_attempt,calm,0,deepseek-v4-pro,ohms_law,training,main,canonical
c6e775697b903ad60da2,information_request,0,1,conjunctive_rule,wrong_attempt,calm,1,deepseek-v4-pro,conjunctive_rule,training,main,canonical
c8745fe5506cf8dba278,information_request,0,1,expected_points,correct_partial,frustrated,1,doubao-seed-2.0-lite,expected_value,training,main,canonical
c88f9999853f92195e01,information_request,0,1,main_idea,wrong_attempt,calm,0,glm-5.3,main_idea,training,main,canonical
c8a2a0a3b9c8ee6885cc,information_request,0,1,food_chain,wrong_attempt,frustrated,0,doubao-seed-2.0-lite,food_web_relations,training,main,canonical
c92f1c9307cb1cd88d4b,information_request,0,1,weighted_mean,wrong_attempt,calm,0,MiniMax-M2.7,averaging,training,main,canonical
c93234a1b138f73d2011,information_request,0,1,classifier_precision,correct_partial,calm,0,deepseek-v4-pro,classification_metrics,training,main,canonical
c99e3ff351f30b45c4c0,information_request,0,1,speed_units,correct_partial,frustrated,0,MiniMax-M2.7,unit_conversion,training,main,canonical
cb365e9717f84da0057c,information_request,0,1,main_idea,correct_partial,calm,0,deepseek-v4-pro,main_idea,training,main,canonical
cb73ac663672f32fe4fc,information_request,0,1,food_chain,correct_partial,frustrated,1,doubao-seed-2.0-lite,food_web_relations,training,main,canonical
cb93b7e1f9063ec40e6b,information_request,0,1,net_force,correct_partial,calm,1,MiniMax-M3,newtons_second_law,training,main,canonical
cbbb793cf58216920616,information_request,0,1,fact_opinion,wrong_attempt,calm,1,deepseek-v4-pro,fact_opinion,training,main,canonical
cbfaaaa80ba21c460131,information_request,0,1,weighted_mean,wrong_attempt,frustrated,0,deepseek-v4-pro,averaging,training,main,canonical
cbff042db64a376a8c4d,information_request,0,1,rectangle_width,wrong_attempt,frustrated,0,doubao-seed-2.0-lite,rectangle_perimeter,training,main,canonical
cc2e24e004ea2c29678f,information_request,0,1,expected_points,correct_partial,frustrated,1,MiniMax-M2.7,expected_value,training,main,canonical
cc78051f8cd68f4b91a9,information_request,0,1,conjunctive_rule,correct_partial,frustrated,1,doubao-seed-2.0-lite,conjunctive_rule,training,main,canonical
cc8bd8932e28b8497fe1,information_request,0,1,set_entailment,correct_partial,calm,1,MiniMax-M2.7,set_entailment,training,main,canonical
cca81343568469f09b65,information_request,0,1,circuit_current,wrong_attempt,calm,0,MiniMax-M3,ohms_law,training,main,canonical
ccb440d97614daa955ef,information_request,0,1,thermal_energy,correct_partial,frustrated,1,glm-5.3,specific_heat,training,main,canonical
cce1d64581816af54c86,information_request,0,1,ratio_partition,wrong_attempt,calm,0,MiniMax-M2.7,ratio_partition,training,main,canonical
cd029137cd8e4b51fd1e,information_request,0,1,modifier_attachment,wrong_attempt,frustrated,1,doubao-seed-2.0-lite,modifier_attachment,training,main,canonical
cd258d7042ad47ac9262,information_request,0,1,ordering_constraints,wrong_attempt,frustrated,0,doubao-seed-2.0-lite,ordering_constraints,training,main,canonical
ce18e314b9f7248df70d,information_request,0,1,modifier_attachment,wrong_attempt,calm,0,doubao-seed-2.0-lite,modifier_attachment,training,main,canonical
ce4f08069201206823c9,information_request,0,1,single_draw_probability,correct_partial,calm,0,doubao-seed-2.0-lite,single_draw_probability,training,main,canonical
ce64e23ceb0fc502be6e,information_request,0,1,rectangle_width,wrong_attempt,calm,1,deepseek-v4-pro,rectangle_perimeter,training,main,canonical
ce6b8d184354f4ab5b3a,information_request,0,1,conjunctive_rule,wrong_attempt,calm,0,MiniMax-M3,conjunctive_rule,training,main,canonical
ce6e40215e46db08f901,information_request,0,1,arithmetic_mean,wrong_attempt,calm,0,glm-5.3,averaging,training,main,canonical
cf128839820a0bfda880,information_request,0,1,rectangle_width,wrong_attempt,calm,1,MiniMax-M2.7,rectangle_perimeter,training,main,canonical
cfbb32ef3d76b7e52bca,information_request,0,1,food_chain,correct_partial,frustrated,0,MiniMax-M2.7,food_web_relations,training,main,canonical
cfd9263ca7ff2694f597,information_request,0,0,past_tense,correct_partial,calm,1,glm-5.3,tense_consistency,training,main,canonical
cfd946cf865ca1c35950,information_request,0,1,arithmetic_mean,wrong_attempt,frustrated,0,deepseek-v4-pro,averaging,training,main,canonical
d05bca6113e6f9a72351,information_request,0,1,ratio_partition,wrong_attempt,calm,0,MiniMax-M3,ratio_partition,training,main,canonical
d0843b184dbf9ec5ddad,information_request,0,1,expected_points,wrong_attempt,calm,0,MiniMax-M3,expected_value,training,main,canonical
d097f18e55128b4198f0,information_request,0,1,pronoun_reference,correct_partial,frustrated,1,MiniMax-M3,pronoun_reference,training,main,canonical
d0e740d58f257c089eed,information_request,0,1,map_scale,correct_partial,calm,1,doubao-seed-2.0-lite,unit_conversion,training,main,canonical
d169eee50144f66184ca,information_request,0,1,modifier_attachment,wrong_attempt,frustrated,0,MiniMax-M2.7,modifier_attachment,training,main,canonical
d29b7f3778ed44881de5,information_request,0,1,modifier_attachment,wrong_attempt,calm,1,deepseek-v4-pro,modifier_attachment,training,main,canonical
d30241da7761d36cd1ac,information_request,0,1,ratio_partition,correct_partial,frustrated,0,MiniMax-M2.7,ratio_partition,training,main,canonical
d316e0fb6a11639f24bb,information_request,0,1,subject_verb_agreement,correct_partial,calm,0,deepseek-v4-pro,subject_verb_agreement,training,main,canonical
d322f9774e7944ff62f7,information_request,0,0,past_tense,correct_partial,frustrated,0,MiniMax-M3,tense_consistency,training,main,canonical
d341c28625af8ce4cb9f,information_request,0,1,modifier_attachment,correct_partial,calm,1,deepseek-v4-pro,modifier_attachment,training,main,canonical
d3e7b6fe735e195f2671,information_request,0,1,single_draw_probability,wrong_attempt,frustrated,0,MiniMax-M3,single_draw_probability,training,main,canonical
d406278524565b57323d,information_request,0,1,classifier_precision,correct_partial,calm,0,glm-5.3,classification_metrics,training,main,canonical
d41fd5bd1e767f4bb3cc,information_request,0,1,conjunctive_rule,wrong_attempt,frustrated,0,MiniMax-M2.7,conjunctive_rule,training,main,canonical
d482222688cde02f0d1c,information_request,0,1,ordering_constraints,correct_partial,calm,1,doubao-seed-2.0-lite,ordering_constraints,training,main,canonical
d4d11c630f52629c8584,information_request,0,1,circuit_current,correct_partial,frustrated,0,MiniMax-M2.7,ohms_law,training,main,canonical
d50369dbe3066134132f,information_request,0,1,discount_price,wrong_attempt,calm,1,glm-5.3,discount_price,training,main,canonical
d534b3cf2d6f682a3ab3,information_request,0,1,wave_speed,wrong_attempt,frustrated,0,doubao-seed-2.0-lite,wave_speed,training,main,canonical
d5a81cfed7d5ae597543,information_request,0,1,fact_opinion,wrong_attempt,calm,1,glm-5.3,fact_opinion,training,main,canonical
d5fef8fdb288b08e01ca,information_request,0,1,fact_opinion,correct_partial,calm,0,MiniMax-M2.7,fact_opinion,training,main,canonical
d6094c52111b53bf2cd5,information_request,0,1,rectangle_width,correct_partial,frustrated,1,deepseek-v4-pro,rectangle_perimeter,training,main,canonical
d610560553dcbeb5a6b8,information_request,0,1,modifier_attachment,correct_partial,calm,0,glm-5.3,modifier_attachment,training,main,canonical
d6341159d5c7eedea555,information_request,0,1,main_idea,correct_partial,calm,1,deepseek-v4-pro,main_idea,training,main,canonical
d6570a92106f1020abd4,information_request,0,1,comma_splice,correct_partial,frustrated,1,glm-5.3,clause_punctuation,training,main,canonical
d7d356f9176b5be6e59e,information_request,0,1,net_force,correct_partial,calm,0,MiniMax-M2.7,newtons_second_law,training,main,canonical
d840d73e336f3b5043ae,information_request,0,1,pronoun_reference,correct_partial,calm,0,doubao-seed-2.0-lite,pronoun_reference,training,main,canonical
d8556904a288fb813aac,information_request,0,1,circuit_current,wrong_attempt,calm,1,MiniMax-M3,ohms_law,training,main,canonical
d9954eae2d470955f4c9,information_request,0,1,net_force,wrong_attempt,calm,1,MiniMax-M2.7,newtons_second_law,training,main,canonical
d99828e1911c101b8361,information_request,0,1,single_draw_probability,wrong_attempt,frustrated,1,MiniMax-M2.7,single_draw_probability,training,main,canonical
d9da7c6c82edb7923675,information_request,0,1,discount_price,correct_partial,calm,1,MiniMax-M3,discount_price,training,main,canonical
d9e22462c63348a9c7a3,information_request,0,1,arithmetic_mean,correct_partial,calm,0,MiniMax-M3,averaging,training,main,canonical
da5a5a59d47712d0b492,information_request,0,1,thermal_energy,wrong_attempt,calm,0,doubao-seed-2.0-lite,specific_heat,training,main,canonical
daa76bd7a5cbc27f2794,information_request,0,1,conditional_inference,correct_partial,calm,1,glm-5.3,conditional_inference,training,main,canonical
db07bec9e55d6d79fc4c,information_request,0,1,conditional_inference,correct_partial,calm,1,doubao-seed-2.0-lite,conditional_inference,training,main,canonical
db72d221964d0a297007,information_request,0,1,arithmetic_mean,wrong_attempt,frustrated,1,deepseek-v4-pro,averaging,training,main,canonical
db84095e6f1f21356f46,information_request,0,1,food_chain,wrong_attempt,frustrated,1,doubao-seed-2.0-lite,food_web_relations,training,main,canonical
dbab2a9abcd26db63951,information_request,0,1,wave_speed,correct_partial,frustrated,1,MiniMax-M3,wave_speed,training,main,canonical
dc4ff42e9c1c2eb5e6f5,information_request,0,1,relevant_support,correct_partial,frustrated,1,MiniMax-M2.7,argument_relevance,training,main,canonical
dca6d034b572e3871156,information_request,0,1,classifier_precision,correct_partial,frustrated,0,glm-5.3,classification_metrics,training,main,canonical
dcdbf700bf9efb71ed5f,information_request,0,1,wave_speed,correct_partial,calm,0,MiniMax-M2.7,wave_speed,training,main,canonical
dd034b245dadb361adef,information_request,0,1,modifier_attachment,wrong_attempt,calm,1,MiniMax-M2.7,modifier_attachment,training,main,canonical
dd37fa1a9a831489f990,information_request,0,1,rectangle_width,wrong_attempt,calm,1,doubao-seed-2.0-lite,rectangle_perimeter,training,main,canonical
dd47eac4690602215501,information_request,0,1,wave_speed,wrong_attempt,calm,1,deepseek-v4-pro,wave_speed,training,main,canonical
de1270cdaf419b4fca0f,information_request,0,1,comma_splice,correct_partial,frustrated,1,deepseek-v4-pro,clause_punctuation,training,main,canonical
de8d731dd03d977c02d7,information_request,0,0,map_scale,wrong_attempt,frustrated,1,glm-5.3,unit_conversion,training,main,canonical
ded029329542c7ea6458,information_request,0,1,circuit_current,correct_partial,calm,1,glm-5.3,ohms_law,training,main,canonical
dee1403f500bf51ce74a,information_request,0,1,ordering_constraints,wrong_attempt,frustrated,1,deepseek-v4-pro,ordering_constraints,training,main,canonical
df312c2375543d257e70,information_request,0,1,rectangle_width,correct_partial,calm,1,glm-5.3,rectangle_perimeter,training,main,canonical
df32f8287c78053e6024,information_request,0,1,weighted_mean,correct_partial,calm,1,glm-5.3,averaging,training,main,canonical
df69d0d7330e0d7cf193,information_request,0,1,conjunctive_rule,wrong_attempt,frustrated,0,MiniMax-M3,conjunctive_rule,training,main,canonical
dfcf35aaf28cc2bfc571,information_request,0,1,main_idea,wrong_attempt,calm,1,MiniMax-M3,main_idea,training,main,canonical
e04a8ae9c9c259d89612,information_request,0,1,simple_inheritance,wrong_attempt,calm,1,deepseek-v4-pro,mendelian_inheritance,training,main,canonical
e0889b66986dba64338a,information_request,0,1,conditional_inference,correct_partial,frustrated,1,MiniMax-M3,conditional_inference,training,main,canonical
e13851009b3e36a1ad6e,information_request,0,1,conservation_of_mass,correct_partial,frustrated,0,MiniMax-M3,conservation_of_mass,training,main,canonical
e1736714c6cc4bf302a5,information_request,0,1,arithmetic_sequence,correct_partial,calm,0,glm-5.3,arithmetic_sequence,training,main,canonical
e1e46d9ba3ca8e64e940,information_request,0,1,discount_price,wrong_attempt,frustrated,1,doubao-seed-2.0-lite,discount_price,training,main,canonical
e1f8a1c67788c0d4342b,information_request,0,1,subject_verb_agreement,correct_partial,calm,0,doubao-seed-2.0-lite,subject_verb_agreement,training,main,canonical
e23675a0a91f308ad877,information_request,0,1,subject_verb_agreement,wrong_attempt,calm,1,glm-5.3,subject_verb_agreement,training,main,canonical
e353947d07ed47878f26,information_request,0,1,single_draw_probability,correct_partial,calm,1,deepseek-v4-pro,single_draw_probability,training,main,canonical
e35e3169e36dbf345362,information_request,0,1,single_draw_probability,wrong_attempt,calm,0,deepseek-v4-pro,single_draw_probability,training,main,canonical
e3a12fa5856c65489e35,information_request,0,1,wave_speed,correct_partial,calm,1,MiniMax-M3,wave_speed,training,main,canonical
e3c58e79f8fd5699c464,information_request,0,1,comma_splice,wrong_attempt,frustrated,0,MiniMax-M3,clause_punctuation,training,main,canonical
e3d694b0b36da6b796f8,information_request,0,1,map_scale,wrong_attempt,calm,0,glm-5.3,unit_conversion,training,main,canonical
e4a00c3d09bd8b4cf24d,information_request,0,1,net_force,wrong_attempt,calm,1,doubao-seed-2.0-lite,newtons_second_law,training,main,canonical
e5baf276139309a474a3,information_request,0,1,subject_verb_agreement,correct_partial,calm,1,MiniMax-M2.7,subject_verb_agreement,training,main,canonical
e617a33fda64ec55ea93,information_request,0,1,net_force,correct_partial,frustrated,1,doubao-seed-2.0-lite,newtons_second_law,training,main,canonical
e6389d6fb2eaf82c64f5,information_request,0,1,ratio_partition,wrong_attempt,frustrated,0,MiniMax-M3,ratio_partition,training,main,canonical
e6d8819d5acafcd49558,information_request,0,1,single_draw_probability,correct_partial,calm,0,MiniMax-M2.7,single_draw_probability,training,main,canonical
e7b580da18d4d3f5d8a7,information_request,0,1,food_chain,wrong_attempt,frustrated,0,MiniMax-M3,food_web_relations,training,main,canonical
e86a7fce225aca18aa9d,information_request,0,1,classifier_precision,wrong_attempt,frustrated,1,glm-5.3,classification_metrics,training,main,canonical
e8b435c2796046cdc184,information_request,0,0,map_scale,wrong_attempt,calm,1,glm-5.3,unit_conversion,training,main,canonical
e8fec848cc8c31c1ecf9,information_request,0,1,map_scale,correct_partial,calm,1,deepseek-v4-pro,unit_conversion,training,main,canonical
e93e520dc4546c4eb979,information_request,0,1,map_scale,wrong_attempt,calm,1,MiniMax-M2.7,unit_conversion,training,main,canonical
e95711052c377184cced,information_request,0,1,arithmetic_sequence,wrong_attempt,frustrated,0,glm-5.3,arithmetic_sequence,training,main,canonical
eac6f59ef75367047b5c,information_request,0,1,rectangle_width,correct_partial,calm,0,doubao-seed-2.0-lite,rectangle_perimeter,training,main,canonical
eb8c4e7085b64d6eae56,information_request,0,1,net_force,wrong_attempt,frustrated,1,doubao-seed-2.0-lite,newtons_second_law,training,main,canonical
ebff70b312c2123438be,information_request,0,1,classifier_precision,wrong_attempt,frustrated,0,doubao-seed-2.0-lite,classification_metrics,training,main,canonical
ec0d78951ec084a3ba1e,information_request,0,1,wave_speed,wrong_attempt,frustrated,1,deepseek-v4-pro,wave_speed,training,main,canonical
ec275127177eb9aeb679,information_request,0,1,conjunctive_rule,wrong_attempt,calm,1,MiniMax-M3,conjunctive_rule,training,main,canonical
ecafb7a14307d6b8a5ef,information_request,0,1,rectangle_width,wrong_attempt,calm,1,MiniMax-M3,rectangle_perimeter,training,main,canonical
ed06ad2fbc6dc847bdc1,information_request,0,1,pronoun_reference,wrong_attempt,calm,1,glm-5.3,pronoun_reference,training,main,canonical
ed1544a23a6bd4c2c395,information_request,0,1,experimental_variable,wrong_attempt,calm,0,glm-5.3,experimental_design,training,main,canonical
ee92173acd7c6aa498e8,information_request,0,1,classifier_precision,correct_partial,frustrated,0,deepseek-v4-pro,classification_metrics,training,main,canonical
ee94799f516785354273,information_request,0,1,ratio_partition,correct_partial,frustrated,1,MiniMax-M2.7,ratio_partition,training,main,canonical
eed45f9f739605467b23,information_request,0,1,experimental_variable,wrong_attempt,calm,0,MiniMax-M2.7,experimental_design,training,main,canonical
eef9db7aba3356404cd6,information_request,0,1,past_tense,correct_partial,calm,0,MiniMax-M2.7,tense_consistency,training,main,canonical
ef0d34abde2242c5d82d,information_request,0,1,ratio_partition,correct_partial,frustrated,0,MiniMax-M3,ratio_partition,training,main,canonical
ef4113ae737a4bc74633,information_request,0,1,classifier_precision,correct_partial,frustrated,1,doubao-seed-2.0-lite,classification_metrics,training,main,canonical
ef874e9b45df6ea0bc46,information_request,0,1,expected_points,wrong_attempt,frustrated,1,deepseek-v4-pro,expected_value,training,main,canonical
eff0cd403bbce59a01ab,information_request,0,1,conservation_of_mass,correct_partial,calm,1,deepseek-v4-pro,conservation_of_mass,training,main,canonical
f08634455915f49d61e4,information_request,0,1,subject_verb_agreement,wrong_attempt,frustrated,1,glm-5.3,subject_verb_agreement,training,main,canonical
f0fabdc99d1003de37d8,information_request,0,1,single_draw_probability,wrong_attempt,frustrated,1,deepseek-v4-pro,single_draw_probability,training,main,canonical
f10b7b415cb8869aa79f,information_request,0,1,speed_units,wrong_attempt,frustrated,0,MiniMax-M2.7,unit_conversion,training,main,canonical
f12707b1ba54b762ebf8,information_request,0,1,relevant_support,correct_partial,calm,0,MiniMax-M3,argument_relevance,training,main,canonical
f16b932476f30ae7f9a1,information_request,0,1,ordering_constraints,wrong_attempt,frustrated,0,glm-5.3,ordering_constraints,training,main,canonical
f35b251c20b70b15bf2e,information_request,0,1,map_scale,correct_partial,calm,1,MiniMax-M3,unit_conversion,training,main,canonical
f395cb072dcc6576d177,information_request,0,1,arithmetic_sequence,correct_partial,frustrated,1,MiniMax-M3,arithmetic_sequence,training,main,canonical
f3f083b2a2252df5380f,information_request,0,1,conditional_inference,wrong_attempt,calm,0,MiniMax-M2.7,conditional_inference,training,main,canonical
f452c688eb489d5b37fe,information_request,0,1,experimental_variable,wrong_attempt,calm,1,glm-5.3,experimental_design,training,main,canonical
f45f5b91cc29ab1555d3,information_request,0,1,net_force,wrong_attempt,frustrated,0,MiniMax-M3,newtons_second_law,training,main,canonical
f49652a92ef9df74bafd,information_request,0,1,fact_opinion,correct_partial,frustrated,1,deepseek-v4-pro,fact_opinion,training,main,canonical
f4f423ebb87ab431f3b0,information_request,0,1,circuit_current,wrong_attempt,calm,0,glm-5.3,ohms_law,training,main,canonical
f4fe1b4154f821404577,information_request,0,1,food_chain,correct_partial,calm,1,glm-5.3,food_web_relations,training,main,canonical
f56beda7ba8d26a87b1c,information_request,0,1,single_draw_probability,correct_partial,calm,0,glm-5.3,single_draw_probability,training,main,canonical
f5ff36eda258519a09ab,information_request,0,1,past_tense,correct_partial,frustrated,0,doubao-seed-2.0-lite,tense_consistency,training,main,canonical
f64a114ffd537c74892f,information_request,0,1,thermal_energy,correct_partial,calm,0,MiniMax-M3,specific_heat,training,main,canonical
f6960bfb86e30c3dfcd3,information_request,0,1,map_scale,correct_partial,frustrated,1,MiniMax-M3,unit_conversion,training,main,canonical
f7129f4fd089f6294896,information_request,0,1,net_force,wrong_attempt,frustrated,1,MiniMax-M3,newtons_second_law,training,main,canonical
f78da3337f94527d00c8,information_request,0,1,single_draw_probability,wrong_attempt,frustrated,1,glm-5.3,single_draw_probability,training,main,canonical
f7e1e3a1df374ca54b9d,information_request,0,1,fact_opinion,wrong_attempt,calm,1,MiniMax-M3,fact_opinion,training,main,canonical
f83585ed0f9ca66ccf96,information_request,0,1,set_entailment,wrong_attempt,frustrated,0,MiniMax-M2.7,set_entailment,training,main,canonical
f8a4d23253532b4cf0b3,information_request,0,1,weighted_mean,correct_partial,calm,0,glm-5.3,averaging,training,main,canonical
fa43b9a3d963a24b3b9c,information_request,0,1,net_force,correct_partial,calm,0,MiniMax-M3,newtons_second_law,training,main,canonical
fa82d75d2734afc9d62b,information_request,0,1,universal_counterexample,wrong_attempt,calm,0,MiniMax-M2.7,counterexample,training,main,canonical
fa8fa35c9bdd203c408b,information_request,0,1,expected_points,correct_partial,frustrated,0,MiniMax-M2.7,expected_value,training,main,canonical
fb04f9c85e714f3216ec,information_request,0,1,modifier_attachment,correct_partial,frustrated,1,doubao-seed-2.0-lite,modifier_attachment,training,main,canonical
fb2a8aa9cfe6147210b6,information_request,0,1,wave_speed,wrong_attempt,frustrated,1,MiniMax-M3,wave_speed,training,main,canonical
fb4d48eac71d4dd47c2b,information_request,0,1,main_idea,correct_partial,frustrated,1,deepseek-v4-pro,main_idea,training,main,canonical
fc6491e797998df44d12,information_request,0,1,main_idea,wrong_attempt,frustrated,1,MiniMax-M3,main_idea,training,main,canonical
fca922525c15542b6991,information_request,0,1,pronoun_reference,wrong_attempt,calm,1,MiniMax-M2.7,pronoun_reference,training,main,canonical
fcaac42dd882bd35f2ef,information_request,0,1,rectangle_width,correct_partial,calm,1,doubao-seed-2.0-lite,rectangle_perimeter,training,main,canonical
fcee00f294b0e39cca36,information_request,0,1,thermal_energy,correct_partial,frustrated,0,MiniMax-M3,specific_heat,training,main,canonical
fd7ca19fc546b3ea76f7,information_request,0,1,circuit_current,correct_partial,calm,0,MiniMax-M2.7,ohms_law,training,main,canonical
fdba5d7502e13c984752,information_request,0,1,ordering_constraints,correct_partial,calm,1,MiniMax-M3,ordering_constraints,training,main,canonical
fdbaac48aaa0afa36947,information_request,0,1,conditional_inference,wrong_attempt,calm,0,deepseek-v4-pro,conditional_inference,training,main,canonical
fdcc19b03621b7c97d8c,information_request,0,1,pronoun_reference,correct_partial,calm,1,doubao-seed-2.0-lite,pronoun_reference,training,main,canonical
fde3c0cc418a56e19a8a,information_request,0,1,classifier_precision,wrong_attempt,frustrated,0,deepseek-v4-pro,classification_metrics,training,main,canonical
fdebe755ba7abea9f726,information_request,0,1,universal_counterexample,wrong_attempt,frustrated,0,doubao-seed-2.0-lite,counterexample,training,main,canonical
fdec12fc40e11db5db88,information_request,0,1,arithmetic_sequence,correct_partial,calm,1,glm-5.3,arithmetic_sequence,training,main,canonical
fed2df0dcd985e3d8921,information_request,0,1,arithmetic_sequence,correct_partial,frustrated,0,deepseek-v4-pro,arithmetic_sequence,training,main,canonical
ffcc4b370fe0b9e51afa,information_request,0,1,set_entailment,wrong_attempt,frustrated,1,doubao-seed-2.0-lite,set_entailment,training,main,canonical
000de85f3559b68e3844,learner_choice,1,0,thermal_energy,correct_partial,calm,1,MiniMax-M3,specific_heat,training,main,canonical
0011839caaa9f61025f0,learner_choice,0,1,fact_opinion,wrong_attempt,frustrated,1,doubao-seed-2.0-lite,fact_opinion,training,main,canonical
0092a9b1c4ccd3f00c15,learner_choice,0,1,relevant_support,wrong_attempt,calm,0,doubao-seed-2.0-lite,argument_relevance,training,main,canonical
00a9c029518cc9fa86ed,learner_choice,0,1,arithmetic_sequence,correct_partial,frustrated,1,glm-5.3,arithmetic_sequence,training,main,canonical
00d665a5c51c08b5c0c2,learner_choice,0,1,expected_points,correct_partial,calm,0,glm-5.3,expected_value,training,main,canonical
00d895b8a069659fce47,learner_choice,0,1,food_chain,correct_partial,frustrated,0,doubao-seed-2.0-lite,food_web_relations,training,main,canonical
025f6784df68b49207cc,learner_choice,0,1,expected_points,correct_partial,frustrated,0,glm-5.3,expected_value,training,main,canonical
028d411bbb16b9addddf,learner_choice,0,1,experimental_variable,wrong_attempt,frustrated,1,doubao-seed-2.0-lite,experimental_design,training,main,canonical
02c3562ff91ebddf11d1,learner_choice,0,1,conditional_inference,correct_partial,calm,0,doubao-seed-2.0-lite,conditional_inference,training,main,canonical
02fcf1e01ab1c5c5b98e,learner_choice,0,1,map_scale,wrong_attempt,calm,0,doubao-seed-2.0-lite,unit_conversion,training,main,canonical
039baf32beb6e345cb77,learner_choice,0,1,experimental_variable,wrong_attempt,calm,0,doubao-seed-2.0-lite,experimental_design,training,main,canonical
03b9c493862e8b6f7732,learner_choice,0,0,fact_opinion,correct_partial,frustrated,1,glm-5.3,fact_opinion,training,main,canonical
051fb731cfb7aaee6a42,learner_choice,0,1,conservation_of_mass,wrong_attempt,calm,0,deepseek-v4-pro,conservation_of_mass,training,main,canonical
056530dfc423318f842d,learner_choice,0,1,thermal_energy,correct_partial,frustrated,0,MiniMax-M2.7,specific_heat,training,main,canonical
057f70c081b827c2baf3,learner_choice,0,1,net_force,correct_partial,frustrated,0,MiniMax-M2.7,newtons_second_law,training,main,canonical
0586a5c80d5e18357a9b,learner_choice,0,1,set_entailment,wrong_attempt,calm,0,deepseek-v4-pro,set_entailment,training,main,canonical
05ed757c6f15c100cdbc,learner_choice,1,1,pronoun_reference,correct_partial,calm,1,MiniMax-M2.7,pronoun_reference,training,main,canonical
06542a6fc8ddcf037ea8,learner_choice,0,1,food_chain,wrong_attempt,frustrated,1,glm-5.3,food_web_relations,training,main,canonical
06be65e009e390f8b68a,learner_choice,0,1,simple_inheritance,correct_partial,calm,1,doubao-seed-2.0-lite,mendelian_inheritance,training,main,canonical
06bee78de97a1fb4c8c0,learner_choice,0,1,wave_speed,wrong_attempt,calm,0,MiniMax-M3,wave_speed,training,main,canonical
073e4b9a1e7f09a3c6f6,learner_choice,0,1,main_idea,correct_partial,frustrated,0,MiniMax-M2.7,main_idea,training,main,canonical
076c42e07793854aae0c,learner_choice,0,1,discount_price,wrong_attempt,calm,1,doubao-seed-2.0-lite,discount_price,training,main,canonical
07b0df52365d00e0f42a,learner_choice,0,1,arithmetic_sequence,wrong_attempt,calm,1,MiniMax-M3,arithmetic_sequence,training,main,canonical
07f512d41882fdfc3353,learner_choice,0,1,classifier_precision,wrong_attempt,frustrated,1,doubao-seed-2.0-lite,classification_metrics,training,main,canonical
081bb6b7dafdbdf6147c,learner_choice,0,1,food_chain,correct_partial,frustrated,1,MiniMax-M3,food_web_relations,training,main,canonical
0835536de2d1b4576d98,learner_choice,0,1,wave_speed,wrong_attempt,frustrated,0,MiniMax-M2.7,wave_speed,training,main,canonical
085f304c7bc717b2d83b,learner_choice,0,0,arithmetic_sequence,wrong_attempt,calm,1,deepseek-v4-pro,arithmetic_sequence,training,main,canonical
08b2fb45770c29328b74,learner_choice,0,0,modifier_attachment,correct_partial,frustrated,0,deepseek-v4-pro,modifier_attachment,training,main,canonical
08d8629e160cd8429ae6,learner_choice,0,1,subject_verb_agreement,correct_partial,frustrated,1,MiniMax-M2.7,subject_verb_agreement,training,main,canonical
093a69e065b00efa4dc9,learner_choice,1,0,ordering_constraints,wrong_attempt,frustrated,0,MiniMax-M3,ordering_constraints,training,main,canonical
096a809bc0c5cc3c11fe,learner_choice,0,1,subject_verb_agreement,wrong_attempt,calm,0,deepseek-v4-pro,subject_verb_agreement,training,main,canonical
09802f7574adcc01b9f7,learner_choice,0,0,experimental_variable,wrong_attempt,calm,1,MiniMax-M2.7,experimental_design,training,main,canonical
09f2090997f0d21b2624,learner_choice,0,1,ordering_constraints,wrong_attempt,calm,0,MiniMax-M3,ordering_constraints,training,main,canonical
0a1e1ff687010dd27ed4,learner_choice,0,1,map_scale,correct_partial,calm,0,MiniMax-M3,unit_conversion,training,main,canonical
0ae183a67ff75ff4e31f,learner_choice,0,1,food_chain,wrong_attempt,calm,1,glm-5.3,food_web_relations,training,main,canonical
0b2a30d705a3378cbfe9,learner_choice,1,1,net_force,wrong_attempt,frustrated,0,MiniMax-M2.7,newtons_second_law,training,main,canonical
0b4d63c14809f9744b94,learner_choice,0,1,universal_counterexample,correct_partial,frustrated,1,MiniMax-M2.7,counterexample,training,main,canonical
0bab4e6c0d0a3c66726c,learner_choice,1,0,relevant_support,wrong_attempt,frustrated,1,MiniMax-M2.7,argument_relevance,training,main,canonical
0bf2f2df315a0de10bee,learner_choice,1,1,classifier_precision,correct_partial,calm,0,MiniMax-M3,classification_metrics,training,main,canonical
0c1a73fbf9eea7d76f54,learner_choice,0,1,net_force,correct_partial,frustrated,0,doubao-seed-2.0-lite,newtons_second_law,training,main,canonical
0c3765a6f71dd21ebfdf,learner_choice,0,1,ratio_partition,wrong_attempt,calm,0,glm-5.3,ratio_partition,training,main,canonical
0c6f6d5c1bd4bb0c928e,learner_choice,0,1,experimental_variable,correct_partial,calm,0,MiniMax-M2.7,experimental_design,training,main,canonical
0c7425c1807a56193931,learner_choice,0,1,arithmetic_mean,wrong_attempt,calm,0,doubao-seed-2.0-lite,averaging,training,main,canonical
0cef2200c5d1aaa909a9,learner_choice,0,1,ratio_partition,correct_partial,calm,0,deepseek-v4-pro,ratio_partition,training,main,canonical
0d3c585eb56a230ad9db,learner_choice,1,0,comma_splice,wrong_attempt,calm,0,MiniMax-M3,clause_punctuation,training,main,canonical
0d8fa499fc7e56017c1c,learner_choice,1,1,pronoun_reference,wrong_attempt,frustrated,1,doubao-seed-2.0-lite,pronoun_reference,training,main,canonical
0dd03c0875c12ace0635,learner_choice,0,0,comma_splice,wrong_attempt,frustrated,0,MiniMax-M2.7,clause_punctuation,training,main,canonical
0e0537c33896a2d4f092,learner_choice,0,1,thermal_energy,correct_partial,calm,0,MiniMax-M2.7,specific_heat,training,main,canonical
0eb77d92a536b8d1efb4,learner_choice,0,1,map_scale,correct_partial,frustrated,1,MiniMax-M2.7,unit_conversion,training,main,canonical
0ec35b60d4ac5ab9c326,learner_choice,1,1,subject_verb_agreement,wrong_attempt,calm,0,MiniMax-M3,subject_verb_agreement,training,main,canonical
0ed187c6b1610ea04c55,learner_choice,1,0,rectangle_width,wrong_attempt,calm,0,MiniMax-M3,rectangle_perimeter,training,main,canonical
0f0cddcba637413c033f,learner_choice,0,1,thermal_energy,correct_partial,calm,0,doubao-seed-2.0-lite,specific_heat,training,main,canonical
0f297d7d2dd9227f11d4,learner_choice,1,0,net_force,correct_partial,frustrated,1,MiniMax-M3,newtons_second_law,training,main,canonical
0fa1cad47a564babfba4,learner_choice,0,1,past_tense,correct_partial,frustrated,1,MiniMax-M2.7,tense_consistency,training,main,canonical
10007121ec15c08de509,learner_choice,0,1,expected_points,wrong_attempt,calm,1,MiniMax-M3,expected_value,training,main,canonical
10284be9b7b63beb35c9,learner_choice,0,0,pronoun_reference,wrong_attempt,calm,0,deepseek-v4-pro,pronoun_reference,training,main,canonical
102aebd65a4b13916707,learner_choice,0,1,classifier_precision,wrong_attempt,frustrated,0,glm-5.3,classification_metrics,training,main,canonical
10623e6486e9f10cea0a,learner_choice,0,1,arithmetic_sequence,correct_partial,calm,1,doubao-seed-2.0-lite,arithmetic_sequence,training,main,canonical
10af9884a0dd2886bb9c,learner_choice,1,0,speed_units,wrong_attempt,frustrated,0,deepseek-v4-pro,unit_conversion,training,main,canonical
10b88d2ce1785fb4b669,learner_choice,0,1,relevant_support,correct_partial,calm,0,MiniMax-M2.7,argument_relevance,training,main,canonical
113e2825e5ea94a69f82,learner_choice,1,1,fact_opinion,wrong_attempt,calm,1,doubao-seed-2.0-lite,fact_opinion,training,main,canonical
117b064c61d0d7a51f15,learner_choice,0,1,ordering_constraints,correct_partial,frustrated,1,glm-5.3,ordering_constraints,training,main,canonical
11a548aa9575a0649eb3,learner_choice,1,1,arithmetic_sequence,wrong_attempt,calm,1,glm-5.3,arithmetic_sequence,training,main,canonical
11f4391626aab4b60bb6,learner_choice,0,1,net_force,wrong_attempt,frustrated,1,MiniMax-M2.7,newtons_second_law,training,main,canonical
12ad0dccee5babb6a156,learner_choice,0,1,thermal_energy,wrong_attempt,calm,0,deepseek-v4-pro,specific_heat,training,main,canonical
12bddfa074944263887c,learner_choice,0,1,conjunctive_rule,wrong_attempt,frustrated,1,deepseek-v4-pro,conjunctive_rule,training,main,canonical
14b0ed78a8d83398d8d2,learner_choice,0,1,conditional_inference,wrong_attempt,calm,0,glm-5.3,conditional_inference,training,main,canonical
14c16f7049b522b999b8,learner_choice,0,1,modifier_attachment,wrong_attempt,frustrated,1,MiniMax-M3,modifier_attachment,training,main,canonical
155f2fa785a9deba8845,learner_choice,1,1,modifier_attachment,correct_partial,frustrated,1,glm-5.3,modifier_attachment,training,main,canonical
158b0a4d8fd175445fcc,learner_choice,0,1,rectangle_width,wrong_attempt,calm,0,deepseek-v4-pro,rectangle_perimeter,training,main,canonical
169a404a0a3ad46b72e6,learner_choice,0,1,map_scale,correct_partial,calm,1,glm-5.3,unit_conversion,training,main,canonical
16d62370d187701d9c89,learner_choice,0,1,past_tense,wrong_attempt,frustrated,1,doubao-seed-2.0-lite,tense_consistency,training,main,canonical
16f3f8e9ae7c1b93628e,learner_choice,0,1,circuit_current,wrong_attempt,calm,1,deepseek-v4-pro,ohms_law,training,main,canonical
16f59fb7d5cb47303622,learner_choice,0,1,conservation_of_mass,correct_partial,calm,0,glm-5.3,conservation_of_mass,training,main,canonical
171172625dd9dd1b578e,learner_choice,0,1,net_force,correct_partial,calm,0,deepseek-v4-pro,newtons_second_law,training,main,canonical
17e1c88e0208c4363bb0,learner_choice,0,0,single_draw_probability,wrong_attempt,frustrated,0,MiniMax-M2.7,single_draw_probability,training,main,canonical
1880dd2538e055742e7c,learner_choice,0,1,arithmetic_mean,correct_partial,frustrated,1,deepseek-v4-pro,averaging,training,main,canonical
18e5075c38d931e89f89,learner_choice,0,0,set_entailment,wrong_attempt,frustrated,0,MiniMax-M3,set_entailment,training,main,canonical
190072349b8e158ca8ab,learner_choice,0,1,conservation_of_mass,wrong_attempt,calm,1,glm-5.3,conservation_of_mass,training,main,canonical
1935247449d6ccfd7115,learner_choice,0,1,classifier_precision,wrong_attempt,calm,1,deepseek-v4-pro,classification_metrics,training,main,canonical
19461e7b8c2c29b767c7,learner_choice,0,1,set_entailment,wrong_attempt,calm,1,glm-5.3,set_entailment,training,main,canonical
197ddcab5ed99463fffa,learner_choice,0,1,arithmetic_sequence,correct_partial,frustrated,1,MiniMax-M2.7,arithmetic_sequence,training,main,canonical
19916228be06daef9498,learner_choice,0,1,map_scale,wrong_attempt,frustrated,0,deepseek-v4-pro,unit_conversion,training,main,canonical
19964d11d7ea5d4aeb9c,learner_choice,0,1,simple_inheritance,correct_partial,frustrated,0,doubao-seed-2.0-lite,mendelian_inheritance,training,main,canonical
1a0e814d9ccbeccb3bb9,learner_choice,0,1,net_force,correct_partial,frustrated,1,deepseek-v4-pro,newtons_second_law,training,main,canonical
1a29db462880a53e4cd4,learner_choice,0,1,conjunctive_rule,wrong_attempt,calm,1,glm-5.3,conjunctive_rule,training,main,canonical
1a78060d96ea4eceaf49,learner_choice,1,1,pronoun_reference,wrong_attempt,frustrated,0,glm-5.3,pronoun_reference,training,main,canonical
1a8f6c97a92151e67268,learner_choice,0,1,arithmetic_sequence,correct_partial,frustrated,1,deepseek-v4-pro,arithmetic_sequence,training,main,canonical
1aec6ed308f7322a599c,learner_choice,0,1,single_draw_probability,correct_partial,calm,1,MiniMax-M3,single_draw_probability,training,main,canonical
1bcf3e317c65924e1f97,learner_choice,0,1,set_entailment,correct_partial,calm,0,MiniMax-M3,set_entailment,training,main,canonical
1c04903c0d5bd0d625e8,learner_choice,0,1,rectangle_width,wrong_attempt,calm,0,doubao-seed-2.0-lite,rectangle_perimeter,training,main,canonical
1d6d2018e5b52b76ea55,learner_choice,0,1,net_force,wrong_attempt,frustrated,0,doubao-seed-2.0-lite,newtons_second_law,training,main,canonical
1df59c77b5aef9b2930f,learner_choice,0,1,net_force,wrong_attempt,calm,0,MiniMax-M3,newtons_second_law,training,main,canonical
1e213875cb456cd605c8,learner_choice,0,1,ratio_partition,correct_partial,calm,0,MiniMax-M2.7,ratio_partition,training,main,canonical
1e3502ff7bf54cac53d8,learner_choice,0,0,wave_speed,wrong_attempt,calm,1,MiniMax-M2.7,wave_speed,training,main,canonical
1e73a7073efe73429c88,learner_choice,0,1,circuit_current,correct_partial,frustrated,0,doubao-seed-2.0-lite,ohms_law,training,main,canonical
1e9f57024a31fe6badf8,learner_choice,1,0,food_chain,correct_partial,calm,0,MiniMax-M3,food_web_relations,training,main,canonical
1ecb84ac8fb921095c33,learner_choice,0,1,universal_counterexample,correct_partial,calm,0,MiniMax-M2.7,counterexample,training,main,canonical
1ef05eb397f995b277c5,learner_choice,0,0,modifier_attachment,correct_partial,calm,1,MiniMax-M2.7,modifier_attachment,training,main,canonical
1f07d7a037e307c24d47,learner_choice,0,1,conservation_of_mass,correct_partial,frustrated,0,glm-5.3,conservation_of_mass,training,main,canonical
1f898c5a620ad0a462b8,learner_choice,0,1,thermal_energy,correct_partial,frustrated,1,MiniMax-M2.7,specific_heat,training,main,canonical
2095bfc0da76fc7855ab,learner_choice,0,1,arithmetic_mean,correct_partial,frustrated,1,doubao-seed-2.0-lite,averaging,training,main,canonical
20eeaf89e291b424843b,learner_choice,0,1,experimental_variable,wrong_attempt,calm,0,deepseek-v4-pro,experimental_design,training,main,canonical
2171f9535ad7f2303f49,learner_choice,0,1,wave_speed,correct_partial,frustrated,0,MiniMax-M2.7,wave_speed,training,main,canonical
21abfc486e4e9de13182,learner_choice,0,1,main_idea,correct_partial,calm,0,MiniMax-M2.7,main_idea,training,main,canonical
21c3ab4b72d309c2d35e,learner_choice,0,1,expected_points,correct_partial,calm,1,glm-5.3,expected_value,training,main,canonical
21ce0d20b4b81a9a2a49,learner_choice,0,1,circuit_current,wrong_attempt,frustrated,1,MiniMax-M3,ohms_law,training,main,canonical
2215926151d9beb376dd,learner_choice,0,1,ordering_constraints,correct_partial,frustrated,1,deepseek-v4-pro,ordering_constraints,training,main,canonical
222f01fa741352427bdc,learner_choice,0,1,arithmetic_mean,wrong_attempt,calm,1,deepseek-v4-pro,averaging,training,main,canonical
22311688d065cc4ac78c,learner_choice,1,0,weighted_mean,wrong_attempt,frustrated,1,MiniMax-M3,averaging,training,main,canonical
22e34b7f492b95a3afd6,learner_choice,0,1,modifier_attachment,correct_partial,frustrated,0,MiniMax-M3,modifier_attachment,training,main,canonical
22e7d0bb802cddc95486,learner_choice,0,1,subject_verb_agreement,correct_partial,frustrated,0,doubao-seed-2.0-lite,subject_verb_agreement,training,main,canonical
237ff02543a332bc587d,learner_choice,0,1,main_idea,wrong_attempt,frustrated,0,deepseek-v4-pro,main_idea,training,main,canonical
238030c973bfec3cc51b,learner_choice,0,1,thermal_energy,correct_partial,frustrated,1,doubao-seed-2.0-lite,specific_heat,training,main,canonical
23a6bd0d53b8d210b6f8,learner_choice,0,1,weighted_mean,correct_partial,calm,1,MiniMax-M2.7,averaging,training,main,canonical
23ed0007e7dbb25034eb,learner_choice,1,0,pronoun_reference,wrong_attempt,calm,1,deepseek-v4-pro,pronoun_reference,training,main,canonical
24525fde240784dbf7cf,learner_choice,0,1,ratio_partition,correct_partial,calm,1,deepseek-v4-pro,ratio_partition,training,main,canonical
248a8c8938212775b279,learner_choice,0,0,pronoun_reference,correct_partial,calm,0,MiniMax-M2.7,pronoun_reference,training,main,canonical
24afce20a2fc5c9a9879,learner_choice,0,1,ratio_partition,wrong_attempt,frustrated,0,doubao-seed-2.0-lite,ratio_partition,training,main,canonical
24b588c442c432cdb8fc,learner_choice,0,1,conditional_inference,wrong_attempt,frustrated,1,MiniMax-M2.7,conditional_inference,training,main,canonical
2510a420086130715cc2,learner_choice,0,1,ordering_constraints,correct_partial,frustrated,0,MiniMax-M2.7,ordering_constraints,training,main,canonical
25534f6bbe0ca5d08639,learner_choice,0,1,conditional_inference,wrong_attempt,frustrated,0,glm-5.3,conditional_inference,training,main,canonical
25995b186ffa98e96753,learner_choice,0,1,conjunctive_rule,correct_partial,calm,1,doubao-seed-2.0-lite,conjunctive_rule,training,main,canonical
25aca06d42156b29f100,learner_choice,0,0,wave_speed,wrong_attempt,frustrated,0,MiniMax-M3,wave_speed,training,main,canonical
25e6eef73bc7a813d09f,learner_choice,1,1,ordering_constraints,correct_partial,calm,0,MiniMax-M2.7,ordering_constraints,training,main,canonical
261d5d701efa82d2d0b1,learner_choice,0,0,arithmetic_mean,correct_partial,calm,1,MiniMax-M3,averaging,training,main,canonical
2639a10c41a951fd7cd2,learner_choice,1,1,simple_inheritance,correct_partial,frustrated,1,MiniMax-M3,mendelian_inheritance,training,main,canonical
26406149fd1551d9be10,learner_choice,0,1,ordering_constraints,wrong_attempt,frustrated,0,MiniMax-M2.7,ordering_constraints,training,main,canonical
267ea773d86367d635df,learner_choice,0,1,discount_price,wrong_attempt,calm,0,doubao-seed-2.0-lite,discount_price,training,main,canonical
269913050f223f3b1d01,learner_choice,0,1,experimental_variable,correct_partial,frustrated,0,doubao-seed-2.0-lite,experimental_design,training,main,canonical
26a2c6e56cf90fd6f1e2,learner_choice,0,1,weighted_mean,wrong_attempt,frustrated,1,deepseek-v4-pro,averaging,training,main,canonical
26b908e8cead36bcfa54,learner_choice,0,1,speed_units,correct_partial,calm,0,deepseek-v4-pro,unit_conversion,training,main,canonical
26e191cb366d328b3257,learner_choice,0,1,food_chain,wrong_attempt,frustrated,0,deepseek-v4-pro,food_web_relations,training,main,canonical
26fda8b053de52020537,learner_choice,0,1,fact_opinion,correct_partial,frustrated,1,MiniMax-M2.7,fact_opinion,training,main,canonical
2705d1e5fdc56f03bd83,learner_choice,0,1,discount_price,correct_partial,calm,0,deepseek-v4-pro,discount_price,training,main,canonical
27120932b45320a2a4d8,learner_choice,0,1,food_chain,correct_partial,frustrated,1,glm-5.3,food_web_relations,training,main,canonical
2716c7a357941f56e2eb,learner_choice,0,1,main_idea,wrong_attempt,calm,1,MiniMax-M2.7,main_idea,training,main,canonical
276c9b5165ecc6ddccaf,learner_choice,0,1,rectangle_width,correct_partial,frustrated,0,doubao-seed-2.0-lite,rectangle_perimeter,training,main,canonical
277a04dd723303b86c3b,learner_choice,0,1,single_draw_probability,correct_partial,calm,0,deepseek-v4-pro,single_draw_probability,training,main,canonical
28871524cb385060a3f0,learner_choice,0,1,ratio_partition,correct_partial,frustrated,0,deepseek-v4-pro,ratio_partition,training,main,canonical
2938f43b16924d105471,learner_choice,0,1,expected_points,wrong_attempt,frustrated,1,glm-5.3,expected_value,training,main,canonical
2975e7525801967caebb,learner_choice,0,1,thermal_energy,wrong_attempt,frustrated,1,doubao-seed-2.0-lite,specific_heat,training,main,canonical
2a228bafc40c2a2d6e15,learner_choice,0,1,main_idea,wrong_attempt,calm,1,deepseek-v4-pro,main_idea,training,main,canonical
2a2ca642c29dd9b28c80,learner_choice,0,1,single_draw_probability,correct_partial,frustrated,0,deepseek-v4-pro,single_draw_probability,training,main,canonical
2a33615d19faf817cb55,learner_choice,0,1,universal_counterexample,wrong_attempt,calm,0,MiniMax-M3,counterexample,training,main,canonical
2aabd15d42a47d911a1b,learner_choice,0,1,ordering_constraints,wrong_attempt,frustrated,1,doubao-seed-2.0-lite,ordering_constraints,training,main,canonical
2ab3c233d86558d03955,learner_choice,0,1,rectangle_width,correct_partial,calm,1,MiniMax-M2.7,rectangle_perimeter,training,main,canonical
2b2e27a0c0dc470001f3,learner_choice,0,0,pronoun_reference,wrong_attempt,calm,1,doubao-seed-2.0-lite,pronoun_reference,training,main,canonical
2c1607bc6a5da57e158e,learner_choice,0,1,fact_opinion,wrong_attempt,frustrated,0,doubao-seed-2.0-lite,fact_opinion,training,main,canonical
2c24f782faf55dc9d1b5,learner_choice,1,1,net_force,correct_partial,frustrated,0,MiniMax-M3,newtons_second_law,training,main,canonical
2c2a0b797faf9eea1c87,learner_choice,0,1,past_tense,correct_partial,calm,1,MiniMax-M2.7,tense_consistency,training,main,canonical
2c5329f0919152af2532,learner_choice,0,1,map_scale,wrong_attempt,frustrated,1,MiniMax-M2.7,unit_conversion,training,main,canonical
2cb5bd4189eb829fc3ff,learner_choice,0,1,conservation_of_mass,correct_partial,calm,0,MiniMax-M3,conservation_of_mass,training,main,canonical
2cca30e643e6a33f6fab,learner_choice,0,1,relevant_support,wrong_attempt,frustrated,0,glm-5.3,argument_relevance,training,main,canonical
2ce11216ff65df0f9762,learner_choice,0,0,comma_splice,wrong_attempt,calm,0,glm-5.3,clause_punctuation,training,main,canonical
2d0673518c2cc48e9e5f,learner_choice,0,1,modifier_attachment,wrong_attempt,calm,0,MiniMax-M3,modifier_attachment,training,main,canonical
2eda5861ebe1fa5f8ad0,learner_choice,0,1,conservation_of_mass,correct_partial,frustrated,0,MiniMax-M2.7,conservation_of_mass,training,main,canonical
2eea6406297ae97ed231,learner_choice,0,1,universal_counterexample,correct_partial,frustrated,0,glm-5.3,counterexample,training,main,canonical
2f36cc90a5dbea80fac3,learner_choice,0,1,wave_speed,wrong_attempt,calm,1,doubao-seed-2.0-lite,wave_speed,training,main,canonical
2f52c7e4625f9c300dde,learner_choice,0,1,ratio_partition,wrong_attempt,frustrated,0,MiniMax-M2.7,ratio_partition,training,main,canonical
30efdb130ffa8d4206ae,learner_choice,0,1,speed_units,wrong_attempt,frustrated,1,doubao-seed-2.0-lite,unit_conversion,training,main,canonical
31ba7a8f2e7f0c4f3600,learner_choice,0,1,thermal_energy,correct_partial,calm,1,doubao-seed-2.0-lite,specific_heat,training,main,canonical
32210806d72253dc6380,learner_choice,1,1,modifier_attachment,correct_partial,frustrated,0,glm-5.3,modifier_attachment,training,main,canonical
3223fb7819dd3e383fdf,learner_choice,0,1,arithmetic_sequence,wrong_attempt,calm,0,deepseek-v4-pro,arithmetic_sequence,training,main,canonical
32af60315e169c3d7d6c,learner_choice,1,1,modifier_attachment,correct_partial,calm,1,MiniMax-M3,modifier_attachment,training,main,canonical
32da0c4fe4a843aa42dd,learner_choice,0,1,map_scale,correct_partial,frustrated,0,deepseek-v4-pro,unit_conversion,training,main,canonical
330aefb8bcea23e0b40d,learner_choice,0,1,conjunctive_rule,correct_partial,calm,0,MiniMax-M2.7,conjunctive_rule,training,main,canonical
331eba89daae216afa74,learner_choice,0,1,subject_verb_agreement,wrong_attempt,frustrated,0,doubao-seed-2.0-lite,subject_verb_agreement,training,main,canonical
336727fc9bdfecc4378c,learner_choice,0,1,net_force,correct_partial,calm,1,glm-5.3,newtons_second_law,training,main,canonical
33bb1779dcffc2f9d262,learner_choice,0,1,map_scale,wrong_attempt,frustrated,0,MiniMax-M3,unit_conversion,training,main,canonical
33e68a393f5edab58929,learner_choice,0,1,circuit_current,correct_partial,calm,1,MiniMax-M3,ohms_law,training,main,canonical
34384ad0fdbaca9f1680,learner_choice,0,1,single_draw_probability,correct_partial,frustrated,1,MiniMax-M2.7,single_draw_probability,training,main,canonical
3538a214a2a88679bd1a,learner_choice,0,1,expected_points,correct_partial,calm,0,doubao-seed-2.0-lite,expected_value,training,main,canonical
359c1ff00f8283f09408,learner_choice,0,1,set_entailment,wrong_attempt,frustrated,1,MiniMax-M3,set_entailment,training,main,canonical
35ea5dc5a4a362d249e8,learner_choice,0,1,circuit_current,correct_partial,frustrated,1,glm-5.3,ohms_law,training,main,canonical
36c32dd15bc2e56dd1a2,learner_choice,0,1,ordering_constraints,correct_partial,calm,0,doubao-seed-2.0-lite,ordering_constraints,training,main,canonical
37415bb4a3a3d3d83ffa,learner_choice,1,0,classifier_precision,wrong_attempt,calm,0,MiniMax-M3,classification_metrics,training,main,canonical
377a646245e8da141395,learner_choice,0,1,food_chain,correct_partial,calm,1,deepseek-v4-pro,food_web_relations,training,main,canonical
37a33cbe6ad126abf713,learner_choice,0,1,classifier_precision,wrong_attempt,calm,0,doubao-seed-2.0-lite,classification_metrics,training,main,canonical
3837a48a73f77c72690f,learner_choice,1,1,pronoun_reference,correct_partial,calm,1,MiniMax-M3,pronoun_reference,training,main,canonical
394408cd3199c3b99b60,learner_choice,0,1,weighted_mean,correct_partial,frustrated,1,doubao-seed-2.0-lite,averaging,training,main,canonical
3a904a4e01b30c3c8f30,learner_choice,0,1,discount_price,wrong_attempt,calm,0,MiniMax-M3,discount_price,training,main,canonical
3c1a6ffff823d35a37c7,learner_choice,0,1,speed_units,correct_partial,calm,1,MiniMax-M3,unit_conversion,training,main,canonical
3c447706c0063b7848d4,learner_choice,0,1,set_entailment,wrong_attempt,calm,0,MiniMax-M2.7,set_entailment,training,main,canonical
3c615153cae2f79878e0,learner_choice,0,1,arithmetic_sequence,wrong_attempt,calm,0,MiniMax-M2.7,arithmetic_sequence,training,main,canonical
3c8540a9102a03c6f12a,learner_choice,0,1,past_tense,correct_partial,calm,0,doubao-seed-2.0-lite,tense_consistency,training,main,canonical
3cd3291e0e1976611f82,learner_choice,0,1,thermal_energy,wrong_attempt,calm,1,MiniMax-M2.7,specific_heat,training,main,canonical
3dd1b001111a44b300f0,learner_choice,0,1,wave_speed,wrong_attempt,frustrated,0,deepseek-v4-pro,wave_speed,training,main,canonical
3e3288a1d27b02d5931f,learner_choice,0,1,experimental_variable,wrong_attempt,calm,1,MiniMax-M3,experimental_design,training,main,canonical
3e711ed23b093cd53ee2,learner_choice,0,1,past_tense,correct_partial,calm,1,deepseek-v4-pro,tense_consistency,training,main,canonical
3f41c52f536521dabefc,learner_choice,0,0,modifier_attachment,correct_partial,frustrated,0,MiniMax-M2.7,modifier_attachment,training,main,canonical
3f7f6bf649260830ab85,learner_choice,0,1,comma_splice,wrong_attempt,calm,0,deepseek-v4-pro,clause_punctuation,training,main,canonical
3fdbaa3447b1491b725d,learner_choice,0,1,map_scale,wrong_attempt,frustrated,1,MiniMax-M3,unit_conversion,training,main,canonical
4038e673bf1419f9cb83,learner_choice,1,1,pronoun_reference,wrong_attempt,frustrated,1,MiniMax-M2.7,pronoun_reference,training,main,canonical
4099eae6e106eaa058cf,learner_choice,0,1,conjunctive_rule,wrong_attempt,calm,0,glm-5.3,conjunctive_rule,training,main,canonical
40bb50c0a08d2c96446b,learner_choice,0,1,conditional_inference,wrong_attempt,frustrated,1,glm-5.3,conditional_inference,training,main,canonical
41366c88c6f35b10dcdb,learner_choice,0,0,ordering_constraints,correct_partial,frustrated,1,MiniMax-M3,ordering_constraints,training,main,canonical
414b5bcceb2232a08039,learner_choice,0,1,simple_inheritance,wrong_attempt,calm,1,MiniMax-M2.7,mendelian_inheritance,training,main,canonical
419c01e9ccf9dc9e9e7a,learner_choice,0,1,rectangle_width,wrong_attempt,frustrated,1,deepseek-v4-pro,rectangle_perimeter,training,main,canonical
422f2fcc158701645c20,learner_choice,0,1,subject_verb_agreement,correct_partial,calm,1,deepseek-v4-pro,subject_verb_agreement,training,main,canonical
42afdbcc9e61b7a9337d,learner_choice,0,1,discount_price,wrong_attempt,frustrated,1,MiniMax-M3,discount_price,training,main,canonical
43986994c92c127cde59,learner_choice,0,1,set_entailment,correct_partial,frustrated,0,MiniMax-M2.7,set_entailment,training,main,canonical
43d4cc47b3f40bb9e847,learner_choice,0,1,universal_counterexample,correct_partial,calm,0,glm-5.3,counterexample,training,main,canonical
4415d93e1567ad9056ab,learner_choice,0,1,conservation_of_mass,wrong_attempt,calm,0,glm-5.3,conservation_of_mass,training,main,canonical
4448b1264155e4122a69,learner_choice,1,1,main_idea,wrong_attempt,calm,0,MiniMax-M3,main_idea,training,main,canonical
45a4a087369474b18c3e,learner_choice,0,1,wave_speed,correct_partial,frustrated,1,MiniMax-M2.7,wave_speed,training,main,canonical
45c5e27b9c7e65364de7,learner_choice,1,1,speed_units,wrong_attempt,calm,1,doubao-seed-2.0-lite,unit_conversion,training,main,canonical
45d95eff4cf47e45ea2f,learner_choice,0,1,food_chain,wrong_attempt,calm,1,deepseek-v4-pro,food_web_relations,training,main,canonical
46040f40feaf34559d17,learner_choice,0,1,rectangle_width,wrong_attempt,frustrated,1,MiniMax-M2.7,rectangle_perimeter,training,main,canonical
4616aa52d82f90b2a441,learner_choice,0,1,classifier_precision,correct_partial,calm,1,doubao-seed-2.0-lite,classification_metrics,training,main,canonical
461a61db67beb0750d7d,learner_choice,0,1,thermal_energy,wrong_attempt,frustrated,0,MiniMax-M2.7,specific_heat,training,main,canonical
464eacbe32df221ac1f4,learner_choice,0,1,arithmetic_sequence,wrong_attempt,frustrated,1,MiniMax-M2.7,arithmetic_sequence,training,main,canonical
467a0a6b4292f31ae21b,learner_choice,0,1,discount_price,correct_partial,calm,0,MiniMax-M3,discount_price,training,main,canonical
46be26109b5a947c6588,learner_choice,1,1,subject_verb_agreement,wrong_attempt,calm,1,MiniMax-M3,subject_verb_agreement,training,main,canonical
46dcac31bef7f426925b,learner_choice,1,1,modifier_attachment,wrong_attempt,frustrated,1,glm-5.3,modifier_attachment,training,main,canonical
46f5c726eb8086c2e484,learner_choice,1,0,food_chain,wrong_attempt,frustrated,1,MiniMax-M3,food_web_relations,training,main,canonical
4730043b336b53476fe0,learner_choice,1,0,simple_inheritance,correct_partial,frustrated,0,MiniMax-M3,mendelian_inheritance,training,main,canonical
479fa05e32aa10be31c2,learner_choice,0,1,classifier_precision,correct_partial,frustrated,0,MiniMax-M3,classification_metrics,training,main,canonical
47d470fccafcb43b8eff,learner_choice,0,1,circuit_current,wrong_attempt,frustrated,0,doubao-seed-2.0-lite,ohms_law,training,main,canonical
4859a5c83e5e5ccb6e5b,learner_choice,0,1,conditional_inference,wrong_attempt,calm,0,MiniMax-M3,conditional_inference,training,main,canonical
48db7355665a9283e7f3,learner_choice,0,1,net_force,wrong_attempt,calm,0,MiniMax-M2.7,newtons_second_law,training,main,canonical
4962626092a7e7d8cbf4,learner_choice,0,1,arithmetic_mean,correct_partial,frustrated,1,MiniMax-M2.7,averaging,training,main,canonical
4a6f82c45fc98419e780,learner_choice,0,1,past_tense,wrong_attempt,calm,1,MiniMax-M2.7,tense_consistency,training,main,canonical
4aafbee9929c0200e743,learner_choice,0,1,conjunctive_rule,correct_partial,frustrated,1,glm-5.3,conjunctive_rule,training,main,canonical
4ab544a076d26b2844ae,learner_choice,1,1,thermal_energy,wrong_attempt,frustrated,1,MiniMax-M2.7,specific_heat,training,main,canonical
4ab9916d02225a90253f,learner_choice,0,1,weighted_mean,correct_partial,calm,1,doubao-seed-2.0-lite,averaging,training,main,canonical
4af1a1bc9af9533bf3d9,learner_choice,0,1,conjunctive_rule,correct_partial,calm,0,doubao-seed-2.0-lite,conjunctive_rule,training,main,canonical
4b84e1881194e5cdcb26,learner_choice,0,1,relevant_support,correct_partial,frustrated,0,MiniMax-M2.7,argument_relevance,training,main,canonical
4c0e31059071e9ea07b0,learner_choice,0,1,subject_verb_agreement,wrong_attempt,calm,1,doubao-seed-2.0-lite,subject_verb_agreement,training,main,canonical
4c47783e0f67c90b1111,learner_choice,0,1,speed_units,wrong_attempt,calm,0,glm-5.3,unit_conversion,training,main,canonical
4c50243f2397f5fd1578,learner_choice,1,0,circuit_current,wrong_attempt,frustrated,1,MiniMax-M2.7,ohms_law,training,main,canonical
4cab5325a89c4d8f74e1,learner_choice,0,1,conservation_of_mass,correct_partial,frustrated,1,glm-5.3,conservation_of_mass,training,main,canonical
4ce2a2d721d3ea47b8c6,learner_choice,0,1,ordering_constraints,correct_partial,frustrated,0,deepseek-v4-pro,ordering_constraints,training,main,canonical
4cff3a684511df1ee95d,learner_choice,0,1,conditional_inference,wrong_attempt,frustrated,0,doubao-seed-2.0-lite,conditional_inference,training,main,canonical
4d57ef4f346372867c71,learner_choice,0,1,pronoun_reference,correct_partial,frustrated,0,MiniMax-M2.7,pronoun_reference,training,main,canonical
4e83bbc648d77ae7b264,learner_choice,0,1,main_idea,correct_partial,calm,0,doubao-seed-2.0-lite,main_idea,training,main,canonical
4eb566699d7bf1d7b525,learner_choice,0,1,arithmetic_mean,wrong_attempt,calm,1,doubao-seed-2.0-lite,averaging,training,main,canonical
4f1a15017d71ba6bd980,learner_choice,0,1,weighted_mean,correct_partial,frustrated,1,MiniMax-M3,averaging,training,main,canonical
4febd5b1397306e748e5,learner_choice,0,1,wave_speed,wrong_attempt,calm,0,glm-5.3,wave_speed,training,main,canonical
504dfb0c90650d57b90e,learner_choice,1,1,past_tense,wrong_attempt,calm,1,MiniMax-M3,tense_consistency,training,main,canonical
505154a9577ab32a5246,learner_choice,0,1,relevant_support,wrong_attempt,frustrated,1,doubao-seed-2.0-lite,argument_relevance,training,main,canonical
5056ec8e473917b2e221,learner_choice,0,1,conservation_of_mass,wrong_attempt,frustrated,1,deepseek-v4-pro,conservation_of_mass,training,main,canonical
5070361083c46b99aed5,learner_choice,0,1,weighted_mean,correct_partial,calm,1,deepseek-v4-pro,averaging,training,main,canonical
50c8150cd1764801b14b,learner_choice,0,1,ratio_partition,wrong_attempt,calm,1,deepseek-v4-pro,ratio_partition,training,main,canonical
50dda38e6c2a09f305e4,learner_choice,1,1,arithmetic_mean,correct_partial,frustrated,0,MiniMax-M3,averaging,training,main,canonical
5122a17645c6fefaa6b5,learner_choice,0,1,circuit_current,wrong_attempt,frustrated,1,deepseek-v4-pro,ohms_law,training,main,canonical
514747420053d69f2ab3,learner_choice,0,1,conditional_inference,correct_partial,frustrated,1,MiniMax-M2.7,conditional_inference,training,main,canonical
521584473f579e2524bd,learner_choice,0,1,experimental_variable,wrong_attempt,frustrated,0,doubao-seed-2.0-lite,experimental_design,training,main,canonical
5288d6e702b0d7d43a53,learner_choice,0,1,conservation_of_mass,correct_partial,calm,1,MiniMax-M2.7,conservation_of_mass,training,main,canonical
52b3833d0e3a1eddd4ea,learner_choice,0,1,rectangle_width,correct_partial,calm,0,glm-5.3,rectangle_perimeter,training,main,canonical
5313632bbceb641d84ea,learner_choice,0,1,wave_speed,correct_partial,calm,1,glm-5.3,wave_speed,training,main,canonical
5355e573f65501e408ae,learner_choice,0,1,circuit_current,correct_partial,calm,1,MiniMax-M2.7,ohms_law,training,main,canonical
538c0af50cb046a94cbd,learner_choice,0,1,expected_points,wrong_attempt,frustrated,1,doubao-seed-2.0-lite,expected_value,training,main,canonical
54b24fcbab1ccf7d68e4,learner_choice,0,1,arithmetic_mean,wrong_attempt,frustrated,0,MiniMax-M3,averaging,training,main,canonical
54d64cae24c2c793db35,learner_choice,0,1,speed_units,correct_partial,calm,0,MiniMax-M2.7,unit_conversion,training,main,canonical
54e97878f7e6313b1efc,learner_choice,0,1,fact_opinion,wrong_attempt,frustrated,0,glm-5.3,fact_opinion,training,main,canonical
54f32f1c2a89a10de092,learner_choice,1,0,arithmetic_sequence,wrong_attempt,calm,0,MiniMax-M3,arithmetic_sequence,training,main,canonical
55a9f4b5af6d2aff12b0,learner_choice,0,1,simple_inheritance,wrong_attempt,frustrated,0,deepseek-v4-pro,mendelian_inheritance,training,main,canonical
55e036d6cda47dc5327a,learner_choice,0,1,subject_verb_agreement,wrong_attempt,frustrated,0,glm-5.3,subject_verb_agreement,training,main,canonical
5750c66dd0164e87e80f,learner_choice,0,1,modifier_attachment,wrong_attempt,frustrated,0,glm-5.3,modifier_attachment,training,main,canonical
57740f1a7a3579dafa6a,learner_choice,0,1,conditional_inference,correct_partial,calm,0,glm-5.3,conditional_inference,training,main,canonical
57bf18c2a33aeee4859f,learner_choice,0,0,ordering_constraints,wrong_attempt,calm,1,MiniMax-M2.7,ordering_constraints,training,main,canonical
57cf0bccbcf16b74fbb5,learner_choice,0,1,modifier_attachment,wrong_attempt,calm,0,MiniMax-M2.7,modifier_attachment,training,main,canonical
58626735d8b79c1706e9,learner_choice,1,0,comma_splice,wrong_attempt,frustrated,0,deepseek-v4-pro,clause_punctuation,training,main,canonical
58bdde7777a2cc2bc147,learner_choice,0,1,fact_opinion,wrong_attempt,calm,0,MiniMax-M3,fact_opinion,training,main,canonical
5918cd17f72b7ea957d0,learner_choice,1,0,experimental_variable,correct_partial,calm,0,MiniMax-M3,experimental_design,training,main,canonical
59b2eb122b23e12925e1,learner_choice,0,1,food_chain,correct_partial,frustrated,1,MiniMax-M2.7,food_web_relations,training,main,canonical
59e2388c21dd7840262b,learner_choice,0,1,circuit_current,correct_partial,frustrated,0,MiniMax-M3,ohms_law,training,main,canonical
5af4e5e058056efa2ddf,learner_choice,1,0,comma_splice,correct_partial,calm,1,deepseek-v4-pro,clause_punctuation,training,main,canonical
5b142c4b8e1abf19682c,learner_choice,0,1,thermal_energy,correct_partial,calm,1,MiniMax-M2.7,specific_heat,training,main,canonical
5b230bec0234f56e96fb,learner_choice,0,1,past_tense,correct_partial,calm,1,doubao-seed-2.0-lite,tense_consistency,training,main,canonical
5b24e30ed4cfdb569cce,learner_choice,0,1,wave_speed,correct_partial,calm,1,doubao-seed-2.0-lite,wave_speed,training,main,canonical
5ba5ceaae66b84512d7a,learner_choice,1,1,comma_splice,correct_partial,calm,0,MiniMax-M2.7,clause_punctuation,training,main,canonical
5bd0084b8db4ce044ee7,learner_choice,0,1,simple_inheritance,correct_partial,calm,1,MiniMax-M3,mendelian_inheritance,training,main,canonical
5c7df9e84e8d85322add,learner_choice,1,0,arithmetic_sequence,wrong_attempt,frustrated,1,deepseek-v4-pro,arithmetic_sequence,training,main,canonical
5c861e298d962de678fe,learner_choice,0,0,modifier_attachment,correct_partial,frustrated,1,MiniMax-M3,modifier_attachment,training,main,canonical
5caa94052fc7a7992ae2,learner_choice,0,1,weighted_mean,correct_partial,frustrated,0,MiniMax-M3,averaging,training,main,canonical
5d659d4cc2829edaac54,learner_choice,0,1,universal_counterexample,wrong_attempt,calm,1,MiniMax-M2.7,counterexample,training,main,canonical
5d6d0f0965e1b4608cc3,learner_choice,0,1,single_draw_probability,wrong_attempt,calm,1,doubao-seed-2.0-lite,single_draw_probability,training,main,canonical
5dc685c7aa1bde246af9,learner_choice,0,1,circuit_current,wrong_attempt,frustrated,0,MiniMax-M2.7,ohms_law,training,main,canonical
5ddbf15f48c3d55973b4,learner_choice,0,1,fact_opinion,wrong_attempt,frustrated,0,MiniMax-M2.7,fact_opinion,training,main,canonical
5de5ea40d59db10fb605,learner_choice,0,1,modifier_attachment,correct_partial,calm,1,doubao-seed-2.0-lite,modifier_attachment,training,main,canonical
5eb296486c7088a55413,learner_choice,0,1,ratio_partition,correct_partial,frustrated,0,glm-5.3,ratio_partition,training,main,canonical
5eb321b32f8a118f2d86,learner_choice,0,1,expected_points,wrong_attempt,calm,1,doubao-seed-2.0-lite,expected_value,training,main,canonical
5fd7a96dcacba9cd3b84,learner_choice,0,1,classifier_precision,correct_partial,frustrated,0,doubao-seed-2.0-lite,classification_metrics,training,main,canonical
608b780fe17303a76d33,learner_choice,0,1,weighted_mean,wrong_attempt,calm,1,glm-5.3,averaging,training,main,canonical
60ee0d0a2a69fc89f45d,learner_choice,0,1,main_idea,correct_partial,frustrated,0,deepseek-v4-pro,main_idea,training,main,canonical
61068c8c84a0f8661c03,learner_choice,0,1,conditional_inference,correct_partial,calm,1,deepseek-v4-pro,conditional_inference,training,main,canonical
61390c8884e29ecefd47,learner_choice,0,1,map_scale,wrong_attempt,calm,1,doubao-seed-2.0-lite,unit_conversion,training,main,canonical
613b77decc9aa9a2e5d3,learner_choice,0,1,simple_inheritance,correct_partial,frustrated,0,MiniMax-M2.7,mendelian_inheritance,training,main,canonical
61eb3e20aa7cbfcc1bf4,learner_choice,0,1,map_scale,wrong_attempt,calm,0,deepseek-v4-pro,unit_conversion,training,main,canonical
6246025a004581ecf5d9,learner_choice,0,1,fact_opinion,wrong_attempt,calm,0,MiniMax-M2.7,fact_opinion,training,main,canonical
6259b6f0a2b91de0a916,learner_choice,0,1,subject_verb_agreement,wrong_attempt,calm,1,MiniMax-M2.7,subject_verb_agreement,training,main,canonical
64479570b385be2930e4,learner_choice,0,0,modifier_attachment,correct_partial,calm,0,doubao-seed-2.0-lite,modifier_attachment,training,main,canonical
64854bfffd08dc4034be,learner_choice,0,1,net_force,wrong_attempt,frustrated,1,deepseek-v4-pro,newtons_second_law,training,main,canonical
65659e30c4646b8a01e0,learner_choice,0,1,discount_price,wrong_attempt,calm,1,MiniMax-M2.7,discount_price,training,main,canonical
6678e739d5f302752b2e,learner_choice,1,0,pronoun_reference,correct_partial,calm,1,deepseek-v4-pro,pronoun_reference,training,main,canonical
66bb0699957a0572fea2,learner_choice,1,1,experimental_variable,wrong_attempt,frustrated,0,MiniMax-M3,experimental_design,training,main,canonical
66e6bff72b5492eeb172,learner_choice,0,1,map_scale,wrong_attempt,frustrated,1,doubao-seed-2.0-lite,unit_conversion,training,main,canonical
677bdeacfd11ff13efc5,learner_choice,0,1,expected_points,correct_partial,calm,0,deepseek-v4-pro,expected_value,training,main,canonical
677c7b26513236f7e64e,learner_choice,0,1,ordering_constraints,correct_partial,calm,1,deepseek-v4-pro,ordering_constraints,training,main,canonical
67f026e2d5e6f3fe1431,learner_choice,1,0,classifier_precision,wrong_attempt,frustrated,0,MiniMax-M3,classification_metrics,training,main,canonical
68180f90e03615186db3,learner_choice,0,0,pronoun_reference,correct_partial,frustrated,0,deepseek-v4-pro,pronoun_reference,training,main,canonical
686777fbb706741be797,learner_choice,0,1,conditional_inference,correct_partial,calm,1,MiniMax-M3,conditional_inference,training,main,canonical
687a421b75e20734483d,learner_choice,0,1,weighted_mean,correct_partial,calm,0,deepseek-v4-pro,averaging,training,main,canonical
68a22ad7abadabaf6c91,learner_choice,0,1,main_idea,correct_partial,calm,1,glm-5.3,main_idea,training,main,canonical
68d9e3e1ded6b0ccc6ac,learner_choice,0,1,conjunctive_rule,correct_partial,calm,1,glm-5.3,conjunctive_rule,training,main,canonical
69558e373b7fc4be4228,learner_choice,0,1,past_tense,wrong_attempt,calm,0,MiniMax-M2.7,tense_consistency,training,main,canonical
695be5886658baf52df9,learner_choice,0,1,expected_points,wrong_attempt,calm,1,MiniMax-M2.7,expected_value,training,main,canonical
6980505169ed95cb3526,learner_choice,1,0,modifier_attachment,correct_partial,calm,0,deepseek-v4-pro,modifier_attachment,training,main,canonical
699f5e8feb1424c26888,learner_choice,0,1,set_entailment,wrong_attempt,frustrated,0,doubao-seed-2.0-lite,set_entailment,training,main,canonical
69b1a0b26f81596a7ee7,learner_choice,0,1,set_entailment,correct_partial,calm,1,deepseek-v4-pro,set_entailment,training,main,canonical
69d3a451aa057a8818b7,learner_choice,0,1,experimental_variable,correct_partial,calm,0,deepseek-v4-pro,experimental_design,training,main,canonical
69e2c89fc205fb263509,learner_choice,0,1,subject_verb_agreement,wrong_attempt,frustrated,0,deepseek-v4-pro,subject_verb_agreement,training,main,canonical
6a605350a8c5aa0542be,learner_choice,1,1,wave_speed,correct_partial,frustrated,0,MiniMax-M3,wave_speed,training,main,canonical
6a98418f5948ed5e3f03,learner_choice,0,1,conservation_of_mass,correct_partial,calm,0,MiniMax-M2.7,conservation_of_mass,training,main,canonical
6a9fd560cfd7ea47caf5,learner_choice,0,1,net_force,wrong_attempt,calm,0,deepseek-v4-pro,newtons_second_law,training,main,canonical
6aaf74c4d4c8582df4ae,learner_choice,0,1,past_tense,correct_partial,frustrated,0,deepseek-v4-pro,tense_consistency,training,main,canonical
6ae9850da92344c23803,learner_choice,0,1,conjunctive_rule,correct_partial,frustrated,0,doubao-seed-2.0-lite,conjunctive_rule,training,main,canonical
6aea59a4181fc5eb4e7e,learner_choice,0,1,ratio_partition,wrong_attempt,calm,1,doubao-seed-2.0-lite,ratio_partition,training,main,canonical
6b7f925aeac6bbeffe07,learner_choice,0,1,fact_opinion,correct_partial,frustrated,0,MiniMax-M2.7,fact_opinion,training,main,canonical
6c98504199a33c4c800a,learner_choice,0,1,fact_opinion,correct_partial,calm,1,glm-5.3,fact_opinion,training,main,canonical
6c9ef446333cbf874ed3,learner_choice,0,1,relevant_support,correct_partial,calm,1,MiniMax-M3,argument_relevance,training,main,canonical
6d18a3fcff651e687c64,learner_choice,0,1,modifier_attachment,wrong_attempt,frustrated,1,MiniMax-M2.7,modifier_attachment,training,main,canonical
6d58abe9058019a0dc4b,learner_choice,1,1,comma_splice,wrong_attempt,frustrated,1,MiniMax-M2.7,clause_punctuation,training,main,canonical
6d91f1fcd2c9c7e855a8,learner_choice,0,1,ratio_partition,correct_partial,frustrated,1,MiniMax-M3,ratio_partition,training,main,canonical
6d990e07e7fbde7aba6c,learner_choice,0,1,universal_counterexample,correct_partial,frustrated,1,doubao-seed-2.0-lite,counterexample,training,main,canonical
6e03262009dfe5d78c22,learner_choice,1,1,relevant_support,wrong_attempt,frustrated,0,MiniMax-M2.7,argument_relevance,training,main,canonical
6e40a13e52ebb9d05726,learner_choice,0,1,rectangle_width,wrong_attempt,frustrated,1,glm-5.3,rectangle_perimeter,training,main,canonical
6e69e873968d095fa314,learner_choice,0,1,universal_counterexample,correct_partial,calm,1,glm-5.3,counterexample,training,main,canonical
6e711c16627c2f92d056,learner_choice,1,0,modifier_attachment,correct_partial,frustrated,1,deepseek-v4-pro,modifier_attachment,training,main,canonical
6ee57c8c8e650bd63dd8,learner_choice,0,1,experimental_variable,correct_partial,frustrated,1,MiniMax-M3,experimental_design,training,main,canonical
6f65ef2a6765449e0847,learner_choice,0,1,ratio_partition,correct_partial,calm,1,doubao-seed-2.0-lite,ratio_partition,training,main,canonical
6fb416e1f09bcad3be18,learner_choice,0,1,arithmetic_sequence,correct_partial,frustrated,1,doubao-seed-2.0-lite,arithmetic_sequence,training,main,canonical
7056de521b939f3cfea7,learner_choice,0,1,speed_units,wrong_attempt,frustrated,0,MiniMax-M3,unit_conversion,training,main,canonical
70c239709b1d0338338c,learner_choice,0,1,universal_counterexample,correct_partial,frustrated,1,MiniMax-M3,counterexample,training,main,canonical
718600b2e28893ab722d,learner_choice,0,1,weighted_mean,wrong_attempt,frustrated,0,MiniMax-M3,averaging,training,main,canonical
72c8927651e877ecad41,learner_choice,0,1,expected_points,wrong_attempt,frustrated,0,MiniMax-M3,expected_value,training,main,canonical
72ce1f650e1cc13b8eed,learner_choice,0,1,expected_points,wrong_attempt,frustrated,0,MiniMax-M2.7,expected_value,training,main,canonical
72febde1223e4d9fd892,learner_choice,0,1,speed_units,wrong_attempt,calm,1,deepseek-v4-pro,unit_conversion,training,main,canonical
736aa6db83ed96d3998c,learner_choice,0,1,expected_points,correct_partial,frustrated,0,doubao-seed-2.0-lite,expected_value,training,main,canonical
739c0221feaf50f0577b,learner_choice,0,1,ordering_constraints,correct_partial,frustrated,0,MiniMax-M3,ordering_constraints,training,main,canonical
73b10ea54adfe6564cfe,learner_choice,0,1,conjunctive_rule,correct_partial,frustrated,0,MiniMax-M2.7,conjunctive_rule,training,main,canonical
746be5e10f295b8e5900,learner_choice,1,0,subject_verb_agreement,correct_partial,calm,0,MiniMax-M3,subject_verb_agreement,training,main,canonical
746d3e8f6a190bd6c409,learner_choice,0,1,simple_inheritance,wrong_attempt,calm,1,glm-5.3,mendelian_inheritance,training,main,canonical
747940439e064733855d,learner_choice,1,1,main_idea,correct_partial,calm,1,MiniMax-M3,main_idea,training,main,canonical
7496ab8919a6d0646a15,learner_choice,0,1,single_draw_probability,correct_partial,calm,1,doubao-seed-2.0-lite,single_draw_probability,training,main,canonical
74fb65dcaf5cf87dfff6,learner_choice,0,1,relevant_support,correct_partial,frustrated,1,glm-5.3,argument_relevance,training,main,canonical
754b9de50ddfc32c096e,learner_choice,0,1,rectangle_width,wrong_attempt,frustrated,0,MiniMax-M2.7,rectangle_perimeter,training,main,canonical
758f8f6ddafb596268b6,learner_choice,0,1,conditional_inference,correct_partial,calm,1,MiniMax-M2.7,conditional_inference,training,main,canonical
765fbb1c0b9b1eba9c5d,learner_choice,0,1,past_tense,wrong_attempt,frustrated,1,glm-5.3,tense_consistency,training,main,canonical
76d3f0ccec1547624177,learner_choice,0,1,speed_units,correct_partial,calm,1,deepseek-v4-pro,unit_conversion,training,main,canonical
7718903eb950a80e6e74,learner_choice,0,1,past_tense,wrong_attempt,frustrated,0,glm-5.3,tense_consistency,training,main,canonical
775c37af24b4a2c41cae,learner_choice,0,1,net_force,wrong_attempt,calm,1,deepseek-v4-pro,newtons_second_law,training,main,canonical
77b14b0252dd9e455d05,learner_choice,0,1,arithmetic_mean,correct_partial,calm,0,doubao-seed-2.0-lite,averaging,training,main,canonical
77bac8026221dbb2cd99,learner_choice,0,1,conservation_of_mass,correct_partial,calm,1,glm-5.3,conservation_of_mass,training,main,canonical
77e123d005251e8693e4,learner_choice,1,0,food_chain,correct_partial,frustrated,0,MiniMax-M3,food_web_relations,training,main,canonical
783d79e13cd183a0d5af,learner_choice,0,0,comma_splice,correct_partial,calm,1,MiniMax-M2.7,clause_punctuation,training,main,canonical
78ade733ad79690f4422,learner_choice,0,1,simple_inheritance,correct_partial,frustrated,1,deepseek-v4-pro,mendelian_inheritance,training,main,canonical
78b6737f77f1366a5c01,learner_choice,0,1,rectangle_width,correct_partial,frustrated,0,deepseek-v4-pro,rectangle_perimeter,training,main,canonical
78effc74f55d56834926,learner_choice,0,1,experimental_variable,correct_partial,calm,1,glm-5.3,experimental_design,training,main,canonical
7950b9688e91e8491a5d,learner_choice,0,1,arithmetic_mean,correct_partial,calm,1,deepseek-v4-pro,averaging,training,main,canonical
795ded82c69e59f7efd2,learner_choice,0,1,pronoun_reference,correct_partial,frustrated,0,MiniMax-M3,pronoun_reference,training,main,canonical
797b9508a989e5eb9661,learner_choice,0,0,fact_opinion,wrong_attempt,frustrated,1,glm-5.3,fact_opinion,training,main,canonical
7a2b333caa4687ecce2e,learner_choice,0,1,thermal_energy,wrong_attempt,calm,0,glm-5.3,specific_heat,training,main,canonical
7a877754624d8ac0d06e,learner_choice,0,1,thermal_energy,wrong_attempt,frustrated,1,MiniMax-M3,specific_heat,training,main,canonical
7ac4a5a90108e5336221,learner_choice,0,1,universal_counterexample,wrong_attempt,calm,1,deepseek-v4-pro,counterexample,training,main,canonical
7b08921bf78f46706578,learner_choice,0,1,rectangle_width,wrong_attempt,frustrated,1,doubao-seed-2.0-lite,rectangle_perimeter,training,main,canonical
7b5141c38875d8a7d641,learner_choice,0,1,single_draw_probability,correct_partial,calm,0,MiniMax-M3,single_draw_probability,training,main,canonical
7b5c1d75083aeae95952,learner_choice,0,1,thermal_energy,wrong_attempt,frustrated,0,doubao-seed-2.0-lite,specific_heat,training,main,canonical
7be7f7cde088a452bb68,learner_choice,0,1,ratio_partition,wrong_attempt,frustrated,1,deepseek-v4-pro,ratio_partition,training,main,canonical
7c0cb7ab6dbe76c935a9,learner_choice,0,1,discount_price,wrong_attempt,frustrated,1,deepseek-v4-pro,discount_price,training,main,canonical
7c7749fac0b4946795fb,learner_choice,0,1,rectangle_width,wrong_attempt,calm,1,glm-5.3,rectangle_perimeter,training,main,canonical
7eaab260c4bc42eb779d,learner_choice,0,1,modifier_attachment,wrong_attempt,frustrated,0,MiniMax-M3,modifier_attachment,training,main,canonical
7eefa0ebfda752b5509d,learner_choice,0,1,expected_points,wrong_attempt,frustrated,0,doubao-seed-2.0-lite,expected_value,training,main,canonical
7f49d6dcaa0df2493da2,learner_choice,0,1,experimental_variable,correct_partial,frustrated,1,deepseek-v4-pro,experimental_design,training,main,canonical
7fd5aae0c7fd9ff4557e,learner_choice,0,1,ordering_constraints,correct_partial,calm,1,MiniMax-M2.7,ordering_constraints,training,main,canonical
801651ef8415eb151c3d,learner_choice,0,1,universal_counterexample,wrong_attempt,frustrated,1,doubao-seed-2.0-lite,counterexample,training,main,canonical
803cde85e5ad74f4b232,learner_choice,0,1,rectangle_width,wrong_attempt,frustrated,0,MiniMax-M3,rectangle_perimeter,training,main,canonical
8057b4dd0ae893905855,learner_choice,0,1,simple_inheritance,wrong_attempt,calm,0,MiniMax-M3,mendelian_inheritance,training,main,canonical
807ae0e290c913f2bdd3,learner_choice,0,1,universal_counterexample,wrong_attempt,frustrated,1,MiniMax-M2.7,counterexample,training,main,canonical
821e385af9da21563ea3,learner_choice,0,1,universal_counterexample,correct_partial,calm,1,MiniMax-M2.7,counterexample,training,main,canonical
829290bbd1e0adf3e23b,learner_choice,0,1,experimental_variable,correct_partial,calm,1,deepseek-v4-pro,experimental_design,training,main,canonical
82c181a37a04ed6f004b,learner_choice,0,1,speed_units,correct_partial,calm,1,doubao-seed-2.0-lite,unit_conversion,training,main,canonical
82ca3d4136d7234649ac,learner_choice,0,0,speed_units,correct_partial,frustrated,1,doubao-seed-2.0-lite,unit_conversion,training,main,canonical
833de3b6fb4ee43b6a7c,learner_choice,0,1,net_force,wrong_attempt,frustrated,0,deepseek-v4-pro,newtons_second_law,training,main,canonical
83f97253ed37b58897ac,learner_choice,0,1,simple_inheritance,correct_partial,calm,0,doubao-seed-2.0-lite,mendelian_inheritance,training,main,canonical
83fff9271ef77d56d579,learner_choice,0,1,universal_counterexample,wrong_attempt,calm,1,doubao-seed-2.0-lite,counterexample,training,main,canonical
848ea25e6732704bd665,learner_choice,0,1,relevant_support,wrong_attempt,calm,0,glm-5.3,argument_relevance,training,main,canonical
84991113c60a5aff2325,learner_choice,0,1,past_tense,correct_partial,calm,0,glm-5.3,tense_consistency,training,main,canonical
84a8654fbe3f97133e2a,learner_choice,0,1,ordering_constraints,wrong_attempt,calm,0,glm-5.3,ordering_constraints,training,main,canonical
84ba88118fe5966421c0,learner_choice,0,1,simple_inheritance,wrong_attempt,calm,1,MiniMax-M3,mendelian_inheritance,training,main,canonical
84dd2e58c7fa3d4155e7,learner_choice,1,1,universal_counterexample,correct_partial,frustrated,1,deepseek-v4-pro,counterexample,training,main,canonical
84e9e64ee7c1bf45bdbf,learner_choice,0,1,simple_inheritance,wrong_attempt,calm,1,doubao-seed-2.0-lite,mendelian_inheritance,training,main,canonical
8524ddcc30359c2b7ced,learner_choice,0,1,arithmetic_sequence,wrong_attempt,frustrated,1,glm-5.3,arithmetic_sequence,training,main,canonical
852d4353a14d7be7beb4,learner_choice,0,1,relevant_support,wrong_attempt,frustrated,0,doubao-seed-2.0-lite,argument_relevance,training,main,canonical
86142e5bbfaf81a23f6d,learner_choice,0,1,universal_counterexample,wrong_attempt,calm,0,deepseek-v4-pro,counterexample,training,main,canonical
869d916e7d8f9fe32edc,learner_choice,0,0,pronoun_reference,correct_partial,calm,0,MiniMax-M3,pronoun_reference,training,main,canonical
87022bbdc172ccbf3de7,learner_choice,0,1,past_tense,correct_partial,frustrated,0,MiniMax-M2.7,tense_consistency,training,main,canonical
87dda4d0af9d5ffd04c8,learner_choice,0,1,rectangle_width,correct_partial,frustrated,1,doubao-seed-2.0-lite,rectangle_perimeter,training,main,canonical
886c6af2fbecca01fd7f,learner_choice,0,1,arithmetic_mean,correct_partial,calm,1,glm-5.3,averaging,training,main,canonical
888b630881c69ca657f7,learner_choice,0,1,weighted_mean,wrong_attempt,frustrated,1,MiniMax-M2.7,averaging,training,main,canonical
88af193f6be91974160c,learner_choice,0,1,net_force,correct_partial,frustrated,1,MiniMax-M2.7,newtons_second_law,training,main,canonical
89529b4248d04d1179d6,learner_choice,0,1,ratio_partition,correct_partial,calm,0,MiniMax-M3,ratio_partition,training,main,canonical
8967c89485d947b139ff,learner_choice,0,1,conservation_of_mass,wrong_attempt,calm,1,doubao-seed-2.0-lite,conservation_of_mass,training,main,canonical
8a8bc1c6d134cde63111,learner_choice,0,1,net_force,correct_partial,calm,1,doubao-seed-2.0-lite,newtons_second_law,training,main,canonical
8ba3b6107d340baf77c0,learner_choice,0,1,rectangle_width,correct_partial,calm,1,deepseek-v4-pro,rectangle_perimeter,training,main,canonical
8c400b596def840ead2a,learner_choice,0,1,arithmetic_mean,wrong_attempt,calm,1,MiniMax-M2.7,averaging,training,main,canonical
8c5e86394cb39711835f,learner_choice,0,1,speed_units,correct_partial,frustrated,0,glm-5.3,unit_conversion,training,main,canonical
8c7c0afe09f7e8227554,learner_choice,0,1,conjunctive_rule,wrong_attempt,frustrated,0,deepseek-v4-pro,conjunctive_rule,training,main,canonical
8cc7ebfd3ee275be6fb3,learner_choice,0,1,past_tense,correct_partial,frustrated,1,MiniMax-M3,tense_consistency,training,main,canonical
8d25826e6ee4facad5d7,learner_choice,0,1,conditional_inference,correct_partial,calm,0,deepseek-v4-pro,conditional_inference,training,main,canonical
8d647bee7b73dd94b2f8,learner_choice,1,0,comma_splice,correct_partial,frustrated,1,doubao-seed-2.0-lite,clause_punctuation,training,main,canonical
8df9f0811d2e5830099f,learner_choice,1,1,comma_splice,correct_partial,calm,1,doubao-seed-2.0-lite,clause_punctuation,training,main,canonical
8e15b98ce0dd6f9122f1,learner_choice,0,1,conjunctive_rule,wrong_attempt,calm,1,MiniMax-M2.7,conjunctive_rule,training,main,canonical
8e4c3fc46aecec90b80d,learner_choice,1,1,set_entailment,wrong_attempt,calm,0,MiniMax-M3,set_entailment,training,main,canonical
8f37eee58b2bf46ba96d,learner_choice,0,1,set_entailment,correct_partial,frustrated,1,doubao-seed-2.0-lite,set_entailment,training,main,canonical
8f9ae8aa2b1b01358d5e,learner_choice,0,0,set_entailment,wrong_attempt,frustrated,1,MiniMax-M2.7,set_entailment,training,main,canonical
8fb1babd191a80b88c2d,learner_choice,0,1,circuit_current,correct_partial,calm,0,doubao-seed-2.0-lite,ohms_law,training,main,canonical
8fca55be7007e3f568b2,learner_choice,0,1,ratio_partition,wrong_attempt,calm,1,glm-5.3,ratio_partition,training,main,canonical
8ffab764bd53ead0929c,learner_choice,0,1,discount_price,wrong_attempt,frustrated,1,glm-5.3,discount_price,training,main,canonical
907d4364dd50314272f2,learner_choice,0,1,thermal_energy,correct_partial,frustrated,1,deepseek-v4-pro,specific_heat,training,main,canonical
913a0c345f8d06b52a02,learner_choice,0,1,classifier_precision,wrong_attempt,calm,1,doubao-seed-2.0-lite,classification_metrics,training,main,canonical
9142e5efab7a693a83c6,learner_choice,1,1,comma_splice,correct_partial,frustrated,0,MiniMax-M2.7,clause_punctuation,training,main,canonical
916a44a0480545b6585a,learner_choice,0,1,fact_opinion,wrong_attempt,frustrated,1,deepseek-v4-pro,fact_opinion,training,main,canonical
9196254c1eb552d99de6,learner_choice,0,1,past_tense,correct_partial,frustrated,0,glm-5.3,tense_consistency,training,main,canonical
92072d7d5f680031c5a1,learner_choice,0,1,conservation_of_mass,correct_partial,frustrated,0,deepseek-v4-pro,conservation_of_mass,training,main,canonical
9220fc10ea94bc9c8a56,learner_choice,0,1,classifier_precision,correct_partial,calm,1,MiniMax-M2.7,classification_metrics,training,main,canonical
92d4e74aeeb05c8d3bdb,learner_choice,0,0,modifier_attachment,wrong_attempt,calm,1,doubao-seed-2.0-lite,modifier_attachment,training,main,canonical
93143dd4e531bcfb8deb,learner_choice,0,1,subject_verb_agreement,correct_partial,frustrated,1,glm-5.3,subject_verb_agreement,training,main,canonical
9381ec9efd1af3b2f834,learner_choice,0,1,wave_speed,wrong_attempt,calm,0,deepseek-v4-pro,wave_speed,training,main,canonical
9397120e6a9b0585a578,learner_choice,0,1,fact_opinion,correct_partial,frustrated,0,glm-5.3,fact_opinion,training,main,canonical
93dc93737346087b1fd5,learner_choice,0,1,conditional_inference,correct_partial,frustrated,0,MiniMax-M3,conditional_inference,training,main,canonical
942d913a4c35729af003,learner_choice,0,1,arithmetic_sequence,wrong_attempt,calm,1,doubao-seed-2.0-lite,arithmetic_sequence,training,main,canonical
946ecb3935265ee82861,learner_choice,0,1,food_chain,correct_partial,calm,0,deepseek-v4-pro,food_web_relations,training,main,canonical
9482ae09f925485f32fe,learner_choice,0,1,conjunctive_rule,wrong_attempt,calm,0,deepseek-v4-pro,conjunctive_rule,training,main,canonical
9565c363ebcbd06027fe,learner_choice,0,1,wave_speed,correct_partial,frustrated,0,glm-5.3,wave_speed,training,main,canonical
95e86fe2e336e083dbd3,learner_choice,0,1,ordering_constraints,wrong_attempt,frustrated,0,deepseek-v4-pro,ordering_constraints,training,main,canonical
95f42e47cc8ec195749b,learner_choice,0,1,simple_inheritance,wrong_attempt,calm,0,deepseek-v4-pro,mendelian_inheritance,training,main,canonical
964f8756b449da8b92ee,learner_choice,0,0,pronoun_reference,wrong_attempt,frustrated,1,MiniMax-M3,pronoun_reference,training,main,canonical
96805de8727d05475819,learner_choice,0,1,main_idea,wrong_attempt,calm,0,deepseek-v4-pro,main_idea,training,main,canonical
96f4a7a76ff38865b954,learner_choice,0,1,classifier_precision,wrong_attempt,frustrated,0,MiniMax-M2.7,classification_metrics,training,main,canonical
96ff0ded74b908841cae,learner_choice,0,1,circuit_current,correct_partial,frustrated,0,deepseek-v4-pro,ohms_law,training,main,canonical
976c97f13259071c9659,learner_choice,0,1,circuit_current,correct_partial,frustrated,1,doubao-seed-2.0-lite,ohms_law,training,main,canonical
977ed58941c9da5136ea,learner_choice,0,1,conservation_of_mass,correct_partial,frustrated,1,MiniMax-M2.7,conservation_of_mass,training,main,canonical
979adcac1390d25c174e,learner_choice,0,1,rectangle_width,wrong_attempt,calm,0,glm-5.3,rectangle_perimeter,training,main,canonical
97d0cf1144b5c48dd7b4,learner_choice,0,1,expected_points,wrong_attempt,frustrated,0,glm-5.3,expected_value,training,main,canonical
97dce9a37a0d19262a14,learner_choice,1,1,ordering_constraints,wrong_attempt,calm,1,MiniMax-M3,ordering_constraints,training,main,canonical
985919b868338a6fb566,learner_choice,0,1,modifier_attachment,correct_partial,frustrated,1,MiniMax-M2.7,modifier_attachment,training,main,canonical
9873937684db9bf8b82a,learner_choice,0,1,single_draw_probability,wrong_attempt,calm,0,glm-5.3,single_draw_probability,training,main,canonical
9898e1b3f12fdee5e09a,learner_choice,0,1,universal_counterexample,correct_partial,calm,1,doubao-seed-2.0-lite,counterexample,training,main,canonical
9911d674976719bd8847,learner_choice,0,1,discount_price,correct_partial,frustrated,0,doubao-seed-2.0-lite,discount_price,training,main,canonical
99c54cb50ec9d7050185,learner_choice,0,0,classifier_precision,correct_partial,frustrated,1,MiniMax-M2.7,classification_metrics,training,main,canonical
9a7375145231dfd25174,learner_choice,0,1,circuit_current,correct_partial,calm,1,doubao-seed-2.0-lite,ohms_law,training,main,canonical
9ae16f2514de743d9773,learner_choice,0,1,conditional_inference,correct_partial,frustrated,1,glm-5.3,conditional_inference,training,main,canonical
9b02e538e1713b9afb5c,learner_choice,0,1,speed_units,correct_partial,calm,0,doubao-seed-2.0-lite,unit_conversion,training,main,canonical
9b183969653cf4f2170f,learner_choice,0,1,weighted_mean,correct_partial,frustrated,1,glm-5.3,averaging,training,main,canonical
9c013929527c254d1090,learner_choice,0,1,net_force,correct_partial,calm,1,MiniMax-M2.7,newtons_second_law,training,main,canonical
9c17e3bf563eb8e438af,learner_choice,0,1,set_entailment,wrong_attempt,calm,0,glm-5.3,set_entailment,training,main,canonical
9c22d89f59e209310ecf,learner_choice,0,1,set_entailment,correct_partial,calm,0,doubao-seed-2.0-lite,set_entailment,training,main,canonical
9c986715a5c951b6e354,learner_choice,0,1,universal_counterexample,wrong_attempt,calm,0,glm-5.3,counterexample,training,main,canonical
9d5ec070d7b301d2b348,learner_choice,0,1,single_draw_probability,wrong_attempt,calm,1,deepseek-v4-pro,single_draw_probability,training,main,canonical
9d8714669a057da8f37f,learner_choice,0,1,pronoun_reference,correct_partial,calm,1,glm-5.3,pronoun_reference,training,main,canonical
9dbd880ba6ac1771a954,learner_choice,0,1,relevant_support,correct_partial,frustrated,0,doubao-seed-2.0-lite,argument_relevance,training,main,canonical
9de96a41d298174fa090,learner_choice,0,1,rectangle_width,wrong_attempt,frustrated,0,glm-5.3,rectangle_perimeter,training,main,canonical
9fbd5aa12e697bd449ab,learner_choice,0,1,relevant_support,wrong_attempt,calm,1,glm-5.3,argument_relevance,training,main,canonical
9fbdd0350cec000bf86e,learner_choice,0,1,arithmetic_sequence,wrong_attempt,frustrated,0,MiniMax-M3,arithmetic_sequence,training,main,canonical
a01444034b78c5539509,learner_choice,0,1,classifier_precision,correct_partial,frustrated,1,MiniMax-M3,classification_metrics,training,main,canonical
a03ca76b3f4898d5c85b,learner_choice,0,1,set_entailment,wrong_attempt,calm,1,MiniMax-M2.7,set_entailment,training,main,canonical
a0666104610cb1f4f8cb,learner_choice,0,1,simple_inheritance,wrong_attempt,frustrated,0,MiniMax-M2.7,mendelian_inheritance,training,main,canonical
a095282df5c6519f81b4,learner_choice,0,1,comma_splice,wrong_attempt,calm,1,MiniMax-M3,clause_punctuation,training,main,canonical
a0be0424bac8fcd0695e,learner_choice,0,1,arithmetic_mean,wrong_attempt,calm,0,MiniMax-M3,averaging,training,main,canonical
a0e33e9526e497f51581,learner_choice,0,1,classifier_precision,wrong_attempt,calm,0,glm-5.3,classification_metrics,training,main,canonical
a18738150f44d5525b7d,learner_choice,1,1,conservation_of_mass,correct_partial,calm,1,MiniMax-M3,conservation_of_mass,training,main,canonical
a1917235ed80326a5d8c,learner_choice,0,1,universal_counterexample,wrong_attempt,frustrated,1,glm-5.3,counterexample,training,main,canonical
a1f906717cc45b7c547c,learner_choice,0,1,set_entailment,correct_partial,frustrated,1,glm-5.3,set_entailment,training,main,canonical
a253c24691fd98c3c2ba,learner_choice,0,1,past_tense,wrong_attempt,calm,1,glm-5.3,tense_consistency,training,main,canonical
a268e99841516720473b,learner_choice,1,0,comma_splice,wrong_attempt,frustrated,1,MiniMax-M3,clause_punctuation,training,main,canonical
a2a7c9ba09d481494c5e,learner_choice,0,1,conjunctive_rule,wrong_attempt,frustrated,1,doubao-seed-2.0-lite,conjunctive_rule,training,main,canonical
a2b505be710d6c1eb973,learner_choice,0,1,fact_opinion,correct_partial,frustrated,1,doubao-seed-2.0-lite,fact_opinion,training,main,canonical
a39c2cc86f13c4abe75a,learner_choice,0,1,thermal_energy,correct_partial,frustrated,1,MiniMax-M3,specific_heat,training,main,canonical
a448ed2acef4a59e54fe,learner_choice,1,0,circuit_current,correct_partial,calm,0,MiniMax-M3,ohms_law,training,main,canonical
a4ac5af64fe6a8c356c7,learner_choice,0,1,past_tense,wrong_attempt,calm,0,glm-5.3,tense_consistency,training,main,canonical
a518790acfbee16739df,learner_choice,0,1,expected_points,correct_partial,calm,1,deepseek-v4-pro,expected_value,training,main,canonical
a6b07739f5a4fc25b03b,learner_choice,0,1,ratio_partition,wrong_attempt,frustrated,0,deepseek-v4-pro,ratio_partition,training,main,canonical
a72583761391baf87e77,learner_choice,0,1,simple_inheritance,wrong_attempt,frustrated,1,doubao-seed-2.0-lite,mendelian_inheritance,training,main,canonical
a734add5c234ef2889a3,learner_choice,0,1,past_tense,wrong_attempt,calm,0,doubao-seed-2.0-lite,tense_consistency,training,main,canonical
a749810843281a8282af,learner_choice,0,1,past_tense,correct_partial,calm,0,deepseek-v4-pro,tense_consistency,training,main,canonical
a7fa6850776c7a2fa54d,learner_choice,0,1,conjunctive_rule,correct_partial,calm,1,deepseek-v4-pro,conjunctive_rule,training,main,canonical
a8a4f7b368480ec9497e,learner_choice,0,1,simple_inheritance,correct_partial,frustrated,1,doubao-seed-2.0-lite,mendelian_inheritance,training,main,canonical
a8d31b2ae2f8a97d62ff,learner_choice,0,1,conservation_of_mass,wrong_attempt,frustrated,0,doubao-seed-2.0-lite,conservation_of_mass,training,main,canonical
a8de4cfe8d5904d939f0,learner_choice,0,1,net_force,correct_partial,frustrated,0,glm-5.3,newtons_second_law,training,main,canonical
a8f038a1d0bbdfa5dd22,learner_choice,0,1,universal_counterexample,correct_partial,frustrated,1,glm-5.3,counterexample,training,main,canonical
a90a277510d79e226be5,learner_choice,0,1,discount_price,correct_partial,frustrated,0,MiniMax-M2.7,discount_price,training,main,canonical
a955951ca2f7d9bf603f,learner_choice,1,1,fact_opinion,wrong_attempt,calm,1,MiniMax-M2.7,fact_opinion,training,main,canonical
a95df7f6c244a82f6aa8,learner_choice,0,1,classifier_precision,wrong_attempt,calm,1,MiniMax-M3,classification_metrics,training,main,canonical
a9c81d17acac28677858,learner_choice,0,1,net_force,wrong_attempt,calm,1,MiniMax-M3,newtons_second_law,training,main,canonical
a9d8d64d924147f1cba7,learner_choice,0,1,expected_points,wrong_attempt,frustrated,1,MiniMax-M2.7,expected_value,training,main,canonical
aa27e041e0bf5dfde613,learner_choice,0,1,arithmetic_mean,correct_partial,frustrated,1,MiniMax-M3,averaging,training,main,canonical
aa9ba67e19765371e0a5,learner_choice,0,1,classifier_precision,wrong_attempt,calm,1,glm-5.3,classification_metrics,training,main,canonical
ab5a897190ee04479cf9,learner_choice,0,1,speed_units,wrong_attempt,frustrated,1,deepseek-v4-pro,unit_conversion,training,main,canonical
ab6727155fc08e5a85d9,learner_choice,0,1,food_chain,wrong_attempt,calm,0,MiniMax-M3,food_web_relations,training,main,canonical
abd9a225697be8f4ce89,learner_choice,0,1,ratio_partition,correct_partial,calm,1,glm-5.3,ratio_partition,training,main,canonical
abef2aca66b0aa64046e,learner_choice,0,1,set_entailment,correct_partial,frustrated,0,MiniMax-M3,set_entailment,training,main,canonical
ad1900c36060ebd6ed3b,learner_choice,0,1,circuit_current,correct_partial,frustrated,1,deepseek-v4-pro,ohms_law,training,main,canonical
ad255b0c78b366a5e786,learner_choice,0,1,expected_points,wrong_attempt,calm,0,glm-5.3,expected_value,training,main,canonical
ad8fcbdc8d29968b07f5,learner_choice,0,1,simple_inheritance,correct_partial,calm,1,glm-5.3,mendelian_inheritance,training,main,canonical
adea3e3b7fd6f958fc35,learner_choice,0,1,past_tense,wrong_attempt,frustrated,0,deepseek-v4-pro,tense_consistency,training,main,canonical
ae0bf49052d0ad419866,learner_choice,1,0,circuit_current,wrong_attempt,frustrated,1,doubao-seed-2.0-lite,ohms_law,training,main,canonical
ae1e11eec6c967f723e4,learner_choice,0,1,net_force,wrong_attempt,calm,1,glm-5.3,newtons_second_law,training,main,canonical
ae4e986a983c433e9767,learner_choice,0,1,conservation_of_mass,correct_partial,calm,0,doubao-seed-2.0-lite,conservation_of_mass,training,main,canonical
af1407b40a7a340d8d48,learner_choice,0,1,single_draw_probability,correct_partial,frustrated,0,doubao-seed-2.0-lite,single_draw_probability,training,main,canonical
af9f740db96deda3bfd5,learner_choice,0,0,subject_verb_agreement,correct_partial,frustrated,1,MiniMax-M3,subject_verb_agreement,training,main,canonical
afe17a03045b1a2a5817,learner_choice,0,1,conjunctive_rule,correct_partial,frustrated,1,MiniMax-M3,conjunctive_rule,training,main,canonical
b06f4abd015352ea27e8,learner_choice,1,1,set_entailment,correct_partial,frustrated,1,MiniMax-M3,set_entailment,training,main,canonical
b139f125d6cda2137d5d,learner_choice,0,1,food_chain,correct_partial,frustrated,0,glm-5.3,food_web_relations,training,main,canonical
b1570494901aab91cfea,learner_choice,1,1,pronoun_reference,correct_partial,frustrated,0,glm-5.3,pronoun_reference,training,main,canonical
b19387f6046f50b8416e,learner_choice,0,1,universal_counterexample,wrong_attempt,frustrated,0,deepseek-v4-pro,counterexample,training,main,canonical
b1efbad17a4479b15a6e,learner_choice,0,1,ratio_partition,wrong_attempt,frustrated,0,glm-5.3,ratio_partition,training,main,canonical
b21878b5ce998abc2a3d,learner_choice,0,1,food_chain,wrong_attempt,frustrated,1,deepseek-v4-pro,food_web_relations,training,main,canonical
b2c8d136736ee2fd8d6d,learner_choice,0,1,wave_speed,correct_partial,calm,1,deepseek-v4-pro,wave_speed,training,main,canonical
b2d8130468571660af80,learner_choice,0,1,conditional_inference,wrong_attempt,calm,1,MiniMax-M2.7,conditional_inference,training,main,canonical
b334be3c98136da26a2c,learner_choice,0,1,simple_inheritance,wrong_attempt,frustrated,0,doubao-seed-2.0-lite,mendelian_inheritance,training,main,canonical
b35f75da1b9025cdb26f,learner_choice,0,1,conditional_inference,wrong_attempt,frustrated,0,MiniMax-M3,conditional_inference,training,main,canonical
b3b4ed84a7f213af03c6,learner_choice,0,1,arithmetic_mean,wrong_attempt,frustrated,0,glm-5.3,averaging,training,main,canonical
b3ba23259effddccdf4c,learner_choice,1,0,arithmetic_mean,wrong_attempt,frustrated,0,MiniMax-M2.7,averaging,training,main,canonical
b40f74436fb3289a1bb3,learner_choice,0,1,conservation_of_mass,wrong_attempt,frustrated,1,MiniMax-M2.7,conservation_of_mass,training,main,canonical
b460238f49be6bba0169,learner_choice,0,1,universal_counterexample,correct_partial,frustrated,0,MiniMax-M2.7,counterexample,training,main,canonical
b5621d8d2062ad7c4afc,learner_choice,0,1,comma_splice,correct_partial,calm,0,deepseek-v4-pro,clause_punctuation,training,main,canonical
b5bc903bf3a6ea939f2c,learner_choice,0,1,subject_verb_agreement,correct_partial,frustrated,0,deepseek-v4-pro,subject_verb_agreement,training,main,canonical
b610d7dda7e287c52c59,learner_choice,0,1,weighted_mean,correct_partial,calm,0,MiniMax-M3,averaging,training,main,canonical
b6643799ce77e0008754,learner_choice,1,1,comma_splice,correct_partial,frustrated,1,MiniMax-M3,clause_punctuation,training,main,canonical
b674dabc32aa69eccf71,learner_choice,0,1,past_tense,wrong_attempt,calm,1,doubao-seed-2.0-lite,tense_consistency,training,main,canonical
b68b040f48f189151cc8,learner_choice,0,1,experimental_variable,correct_partial,calm,0,doubao-seed-2.0-lite,experimental_design,training,main,canonical
b7103e06ebaf69067696,learner_choice,0,1,ordering_constraints,correct_partial,calm,0,glm-5.3,ordering_constraints,training,main,canonical
b7cc11099d76ca322a5e,learner_choice,0,1,map_scale,correct_partial,frustrated,0,MiniMax-M2.7,unit_conversion,training,main,canonical
b7d289b3afef84bc2a2a,learner_choice,0,1,map_scale,wrong_attempt,calm,0,MiniMax-M3,unit_conversion,training,main,canonical
b7eca1c0a77119d1a931,learner_choice,0,1,arithmetic_sequence,correct_partial,calm,1,MiniMax-M3,arithmetic_sequence,training,main,canonical
b7fc247ba767f7f001bf,learner_choice,0,1,pronoun_reference,correct_partial,calm,0,glm-5.3,pronoun_reference,training,main,canonical
b81756ce938545885c04,learner_choice,0,1,main_idea,correct_partial,calm,0,glm-5.3,main_idea,training,main,canonical
b84087d5e796afe12a72,learner_choice,0,1,past_tense,wrong_attempt,calm,0,deepseek-v4-pro,tense_consistency,training,main,canonical
b87a3690a622f1ed195a,learner_choice,0,1,wave_speed,wrong_attempt,calm,1,MiniMax-M3,wave_speed,training,main,canonical
b882edef7870832f7fba,learner_choice,0,1,simple_inheritance,wrong_attempt,frustrated,1,MiniMax-M3,mendelian_inheritance,training,main,canonical
b8fb4f71fd9f3a866975,learner_choice,0,1,universal_counterexample,correct_partial,frustrated,0,deepseek-v4-pro,counterexample,training,main,canonical
b922388394cb1a1515ef,learner_choice,0,1,single_draw_probability,wrong_attempt,calm,1,MiniMax-M2.7,single_draw_probability,training,main,canonical
b9324e3848fa13acc3be,learner_choice,0,1,ratio_partition,correct_partial,calm,0,doubao-seed-2.0-lite,ratio_partition,training,main,canonical
b940c4633c3d44f97762,learner_choice,0,1,experimental_variable,wrong_attempt,frustrated,0,glm-5.3,experimental_design,training,main,canonical
b98773554738753e4d2f,learner_choice,1,0,expected_points,correct_partial,frustrated,1,MiniMax-M3,expected_value,training,main,canonical
b9e9e99ed094c670100d,learner_choice,1,1,modifier_attachment,correct_partial,calm,1,glm-5.3,modifier_attachment,training,main,canonical
baef32235e0cf396260b,learner_choice,0,1,arithmetic_mean,correct_partial,calm,1,doubao-seed-2.0-lite,averaging,training,main,canonical
bb69c2d07b8cebbb05f1,learner_choice,0,1,map_scale,correct_partial,calm,0,deepseek-v4-pro,unit_conversion,training,main,canonical
bb9bababab6bf379bfc5,learner_choice,0,1,rectangle_width,correct_partial,frustrated,0,MiniMax-M3,rectangle_perimeter,training,main,canonical
bc7c4c810055715fac8e,learner_choice,0,1,discount_price,correct_partial,frustrated,0,glm-5.3,discount_price,training,main,canonical
bca712adb133a6812c57,learner_choice,1,1,single_draw_probability,correct_partial,frustrated,0,MiniMax-M2.7,single_draw_probability,training,main,canonical
bd69d4e2bd3fa4c05dc2,learner_choice,0,1,conservation_of_mass,wrong_attempt,frustrated,1,glm-5.3,conservation_of_mass,training,main,canonical
bd716b901f6b49a9a284,learner_choice,0,1,universal_counterexample,wrong_attempt,calm,1,MiniMax-M3,counterexample,training,main,canonical
bd9065ddf025d6274f14,learner_choice,0,1,universal_counterexample,correct_partial,frustrated,0,doubao-seed-2.0-lite,counterexample,training,main,canonical
bd94ad07379e3fa0d16a,learner_choice,1,1,comma_splice,correct_partial,calm,1,MiniMax-M3,clause_punctuation,training,main,canonical
bd99d931bcdc5a5d0b46,learner_choice,0,1,set_entailment,correct_partial,frustrated,0,deepseek-v4-pro,set_entailment,training,main,canonical
be39d90a87cbf51a1383,learner_choice,1,1,comma_splice,wrong_attempt,frustrated,1,glm-5.3,clause_punctuation,training,main,canonical
be40f8ec54c9718b6a9a,learner_choice,0,1,thermal_energy,correct_partial,frustrated,0,doubao-seed-2.0-lite,specific_heat,training,main,canonical
be507a261963b9c0de4c,learner_choice,0,1,thermal_energy,wrong_attempt,frustrated,1,glm-5.3,specific_heat,training,main,canonical
bed7b8e225490bfa6d85,learner_choice,0,1,subject_verb_agreement,wrong_attempt,calm,0,doubao-seed-2.0-lite,subject_verb_agreement,training,main,canonical
bf23e60b874c7dfe8f1c,learner_choice,0,1,single_draw_probability,wrong_attempt,calm,0,MiniMax-M3,single_draw_probability,training,main,canonical
bfa0001a24713f3cc44b,learner_choice,0,1,thermal_energy,correct_partial,calm,1,glm-5.3,specific_heat,training,main,canonical
bfb176e6e92922ac476c,learner_choice,0,1,subject_verb_agreement,correct_partial,frustrated,1,doubao-seed-2.0-lite,subject_verb_agreement,training,main,canonical
c058c3f209d5abb58eff,learner_choice,1,0,ordering_constraints,wrong_attempt,frustrated,1,MiniMax-M3,ordering_constraints,training,main,canonical
c088d011a3cecd1dd6e4,learner_choice,0,1,universal_counterexample,correct_partial,calm,1,deepseek-v4-pro,counterexample,training,main,canonical
c0c7522da516b4c4b2bb,learner_choice,0,1,speed_units,correct_partial,calm,1,MiniMax-M2.7,unit_conversion,training,main,canonical
c11be4619fcfe9268a6e,learner_choice,0,1,conjunctive_rule,wrong_attempt,frustrated,0,glm-5.3,conjunctive_rule,training,main,canonical
c11cfbba84fc332cdfdc,learner_choice,0,1,ordering_constraints,correct_partial,calm,0,MiniMax-M3,ordering_constraints,training,main,canonical
c12001592007e5f4c9b2,learner_choice,1,1,conjunctive_rule,correct_partial,calm,1,MiniMax-M3,conjunctive_rule,training,main,canonical
c17f6af6eb3d7101c4dd,learner_choice,0,1,single_draw_probability,wrong_attempt,frustrated,1,doubao-seed-2.0-lite,single_draw_probability,training,main,canonical
c1d736395049cc430215,learner_choice,0,1,main_idea,correct_partial,frustrated,1,MiniMax-M2.7,main_idea,training,main,canonical
c1eff27e288e468a9b30,learner_choice,0,1,simple_inheritance,correct_partial,calm,0,deepseek-v4-pro,mendelian_inheritance,training,main,canonical
c2146ed24ef95ed46bfd,learner_choice,1,0,single_draw_probability,correct_partial,frustrated,0,glm-5.3,single_draw_probability,training,main,canonical
c25fb5daa505f8e92921,learner_choice,0,1,map_scale,correct_partial,frustrated,1,doubao-seed-2.0-lite,unit_conversion,training,main,canonical
c3930f2cfdcbe75d4414,learner_choice,0,1,simple_inheritance,correct_partial,frustrated,0,glm-5.3,mendelian_inheritance,training,main,canonical
c3f035e717a50ae3f4e1,learner_choice,0,1,conservation_of_mass,correct_partial,frustrated,1,doubao-seed-2.0-lite,conservation_of_mass,training,main,canonical
c48b441ef8b67c5bc02e,learner_choice,0,1,conjunctive_rule,wrong_attempt,frustrated,1,MiniMax-M2.7,conjunctive_rule,training,main,canonical
c53030845c9aac1d5e07,learner_choice,0,1,arithmetic_sequence,correct_partial,calm,0,MiniMax-M3,arithmetic_sequence,training,main,canonical
c58321e5f1ab6ee0653b,learner_choice,0,1,universal_counterexample,wrong_attempt,frustrated,1,MiniMax-M3,counterexample,training,main,canonical
c598cf68408b8d141f22,learner_choice,0,1,relevant_support,wrong_attempt,calm,0,MiniMax-M3,argument_relevance,training,main,canonical
c5dd1c8a4049997dc451,learner_choice,0,1,arithmetic_mean,wrong_attempt,frustrated,1,MiniMax-M3,averaging,training,main,canonical
c61e6de6879320a1a170,learner_choice,0,1,map_scale,correct_partial,calm,0,glm-5.3,unit_conversion,training,main,canonical
c639b415d07fefd2c127,learner_choice,0,1,expected_points,correct_partial,calm,1,MiniMax-M3,expected_value,training,main,canonical
c6bba14ad4161b320d24,learner_choice,0,1,arithmetic_mean,correct_partial,frustrated,1,glm-5.3,averaging,training,main,canonical
c6ce0e009c7fea9981eb,learner_choice,0,1,circuit_current,wrong_attempt,calm,0,deepseek-v4-pro,ohms_law,training,main,canonical
c6e775697b903ad60da2,learner_choice,0,1,conjunctive_rule,wrong_attempt,calm,1,deepseek-v4-pro,conjunctive_rule,training,main,canonical
c8745fe5506cf8dba278,learner_choice,0,1,expected_points,correct_partial,frustrated,1,doubao-seed-2.0-lite,expected_value,training,main,canonical
c88f9999853f92195e01,learner_choice,0,1,main_idea,wrong_attempt,calm,0,glm-5.3,main_idea,training,main,canonical
c8a2a0a3b9c8ee6885cc,learner_choice,0,1,food_chain,wrong_attempt,frustrated,0,doubao-seed-2.0-lite,food_web_relations,training,main,canonical
c92f1c9307cb1cd88d4b,learner_choice,0,1,weighted_mean,wrong_attempt,calm,0,MiniMax-M2.7,averaging,training,main,canonical
c93234a1b138f73d2011,learner_choice,0,1,classifier_precision,correct_partial,calm,0,deepseek-v4-pro,classification_metrics,training,main,canonical
c99e3ff351f30b45c4c0,learner_choice,0,1,speed_units,correct_partial,frustrated,0,MiniMax-M2.7,unit_conversion,training,main,canonical
cb365e9717f84da0057c,learner_choice,0,1,main_idea,correct_partial,calm,0,deepseek-v4-pro,main_idea,training,main,canonical
cb73ac663672f32fe4fc,learner_choice,0,1,food_chain,correct_partial,frustrated,1,doubao-seed-2.0-lite,food_web_relations,training,main,canonical
cb93b7e1f9063ec40e6b,learner_choice,1,1,net_force,correct_partial,calm,1,MiniMax-M3,newtons_second_law,training,main,canonical
cbbb793cf58216920616,learner_choice,0,1,fact_opinion,wrong_attempt,calm,1,deepseek-v4-pro,fact_opinion,training,main,canonical
cbfaaaa80ba21c460131,learner_choice,0,1,weighted_mean,wrong_attempt,frustrated,0,deepseek-v4-pro,averaging,training,main,canonical
cbff042db64a376a8c4d,learner_choice,0,1,rectangle_width,wrong_attempt,frustrated,0,doubao-seed-2.0-lite,rectangle_perimeter,training,main,canonical
cc2e24e004ea2c29678f,learner_choice,0,1,expected_points,correct_partial,frustrated,1,MiniMax-M2.7,expected_value,training,main,canonical
cc78051f8cd68f4b91a9,learner_choice,0,1,conjunctive_rule,correct_partial,frustrated,1,doubao-seed-2.0-lite,conjunctive_rule,training,main,canonical
cc8bd8932e28b8497fe1,learner_choice,0,1,set_entailment,correct_partial,calm,1,MiniMax-M2.7,set_entailment,training,main,canonical
cca81343568469f09b65,learner_choice,0,1,circuit_current,wrong_attempt,calm,0,MiniMax-M3,ohms_law,training,main,canonical
ccb440d97614daa955ef,learner_choice,0,1,thermal_energy,correct_partial,frustrated,1,glm-5.3,specific_heat,training,main,canonical
cce1d64581816af54c86,learner_choice,0,1,ratio_partition,wrong_attempt,calm,0,MiniMax-M2.7,ratio_partition,training,main,canonical
cd029137cd8e4b51fd1e,learner_choice,0,1,modifier_attachment,wrong_attempt,frustrated,1,doubao-seed-2.0-lite,modifier_attachment,training,main,canonical
cd258d7042ad47ac9262,learner_choice,0,1,ordering_constraints,wrong_attempt,frustrated,0,doubao-seed-2.0-lite,ordering_constraints,training,main,canonical
ce18e314b9f7248df70d,learner_choice,0,0,modifier_attachment,wrong_attempt,calm,0,doubao-seed-2.0-lite,modifier_attachment,training,main,canonical
ce4f08069201206823c9,learner_choice,0,1,single_draw_probability,correct_partial,calm,0,doubao-seed-2.0-lite,single_draw_probability,training,main,canonical
ce64e23ceb0fc502be6e,learner_choice,0,1,rectangle_width,wrong_attempt,calm,1,deepseek-v4-pro,rectangle_perimeter,training,main,canonical
ce6b8d184354f4ab5b3a,learner_choice,0,1,conjunctive_rule,wrong_attempt,calm,0,MiniMax-M3,conjunctive_rule,training,main,canonical
ce6e40215e46db08f901,learner_choice,0,1,arithmetic_mean,wrong_attempt,calm,0,glm-5.3,averaging,training,main,canonical
cf128839820a0bfda880,learner_choice,0,1,rectangle_width,wrong_attempt,calm,1,MiniMax-M2.7,rectangle_perimeter,training,main,canonical
cfbb32ef3d76b7e52bca,learner_choice,0,1,food_chain,correct_partial,frustrated,0,MiniMax-M2.7,food_web_relations,training,main,canonical
cfd9263ca7ff2694f597,learner_choice,0,1,past_tense,correct_partial,calm,1,glm-5.3,tense_consistency,training,main,canonical
cfd946cf865ca1c35950,learner_choice,0,1,arithmetic_mean,wrong_attempt,frustrated,0,deepseek-v4-pro,averaging,training,main,canonical
d05bca6113e6f9a72351,learner_choice,0,1,ratio_partition,wrong_attempt,calm,0,MiniMax-M3,ratio_partition,training,main,canonical
d0843b184dbf9ec5ddad,learner_choice,0,1,expected_points,wrong_attempt,calm,0,MiniMax-M3,expected_value,training,main,canonical
d097f18e55128b4198f0,learner_choice,1,1,pronoun_reference,correct_partial,frustrated,1,MiniMax-M3,pronoun_reference,training,main,canonical
d0e740d58f257c089eed,learner_choice,0,1,map_scale,correct_partial,calm,1,doubao-seed-2.0-lite,unit_conversion,training,main,canonical
d169eee50144f66184ca,learner_choice,0,1,modifier_attachment,wrong_attempt,frustrated,0,MiniMax-M2.7,modifier_attachment,training,main,canonical
d29b7f3778ed44881de5,learner_choice,0,1,modifier_attachment,wrong_attempt,calm,1,deepseek-v4-pro,modifier_attachment,training,main,canonical
d30241da7761d36cd1ac,learner_choice,0,1,ratio_partition,correct_partial,frustrated,0,MiniMax-M2.7,ratio_partition,training,main,canonical
d316e0fb6a11639f24bb,learner_choice,0,1,subject_verb_agreement,correct_partial,calm,0,deepseek-v4-pro,subject_verb_agreement,training,main,canonical
d322f9774e7944ff62f7,learner_choice,0,1,past_tense,correct_partial,frustrated,0,MiniMax-M3,tense_consistency,training,main,canonical
d341c28625af8ce4cb9f,learner_choice,0,0,modifier_attachment,correct_partial,calm,1,deepseek-v4-pro,modifier_attachment,training,main,canonical
d3e7b6fe735e195f2671,learner_choice,1,1,single_draw_probability,wrong_attempt,frustrated,0,MiniMax-M3,single_draw_probability,training,main,canonical
d406278524565b57323d,learner_choice,0,1,classifier_precision,correct_partial,calm,0,glm-5.3,classification_metrics,training,main,canonical
d41fd5bd1e767f4bb3cc,learner_choice,0,0,conjunctive_rule,wrong_attempt,frustrated,0,MiniMax-M2.7,conjunctive_rule,training,main,canonical
d482222688cde02f0d1c,learner_choice,0,1,ordering_constraints,correct_partial,calm,1,doubao-seed-2.0-lite,ordering_constraints,training,main,canonical
d4d11c630f52629c8584,learner_choice,0,1,circuit_current,correct_partial,frustrated,0,MiniMax-M2.7,ohms_law,training,main,canonical
d50369dbe3066134132f,learner_choice,0,1,discount_price,wrong_attempt,calm,1,glm-5.3,discount_price,training,main,canonical
d534b3cf2d6f682a3ab3,learner_choice,0,1,wave_speed,wrong_attempt,frustrated,0,doubao-seed-2.0-lite,wave_speed,training,main,canonical
d5a81cfed7d5ae597543,learner_choice,0,1,fact_opinion,wrong_attempt,calm,1,glm-5.3,fact_opinion,training,main,canonical
d5fef8fdb288b08e01ca,learner_choice,0,1,fact_opinion,correct_partial,calm,0,MiniMax-M2.7,fact_opinion,training,main,canonical
d6094c52111b53bf2cd5,learner_choice,0,1,rectangle_width,correct_partial,frustrated,1,deepseek-v4-pro,rectangle_perimeter,training,main,canonical
d610560553dcbeb5a6b8,learner_choice,1,1,modifier_attachment,correct_partial,calm,0,glm-5.3,modifier_attachment,training,main,canonical
d6341159d5c7eedea555,learner_choice,0,0,main_idea,correct_partial,calm,1,deepseek-v4-pro,main_idea,training,main,canonical
d6570a92106f1020abd4,learner_choice,1,1,comma_splice,correct_partial,frustrated,1,glm-5.3,clause_punctuation,training,main,canonical
d7d356f9176b5be6e59e,learner_choice,0,1,net_force,correct_partial,calm,0,MiniMax-M2.7,newtons_second_law,training,main,canonical
d840d73e336f3b5043ae,learner_choice,0,1,pronoun_reference,correct_partial,calm,0,doubao-seed-2.0-lite,pronoun_reference,training,main,canonical
d8556904a288fb813aac,learner_choice,0,1,circuit_current,wrong_attempt,calm,1,MiniMax-M3,ohms_law,training,main,canonical
d9954eae2d470955f4c9,learner_choice,0,1,net_force,wrong_attempt,calm,1,MiniMax-M2.7,newtons_second_law,training,main,canonical
d99828e1911c101b8361,learner_choice,0,1,single_draw_probability,wrong_attempt,frustrated,1,MiniMax-M2.7,single_draw_probability,training,main,canonical
d9da7c6c82edb7923675,learner_choice,0,1,discount_price,correct_partial,calm,1,MiniMax-M3,discount_price,training,main,canonical
d9e22462c63348a9c7a3,learner_choice,0,1,arithmetic_mean,correct_partial,calm,0,MiniMax-M3,averaging,training,main,canonical
da5a5a59d47712d0b492,learner_choice,0,1,thermal_energy,wrong_attempt,calm,0,doubao-seed-2.0-lite,specific_heat,training,main,canonical
daa76bd7a5cbc27f2794,learner_choice,0,1,conditional_inference,correct_partial,calm,1,glm-5.3,conditional_inference,training,main,canonical
db07bec9e55d6d79fc4c,learner_choice,0,1,conditional_inference,correct_partial,calm,1,doubao-seed-2.0-lite,conditional_inference,training,main,canonical
db72d221964d0a297007,learner_choice,0,1,arithmetic_mean,wrong_attempt,frustrated,1,deepseek-v4-pro,averaging,training,main,canonical
db84095e6f1f21356f46,learner_choice,0,1,food_chain,wrong_attempt,frustrated,1,doubao-seed-2.0-lite,food_web_relations,training,main,canonical
dbab2a9abcd26db63951,learner_choice,1,0,wave_speed,correct_partial,frustrated,1,MiniMax-M3,wave_speed,training,main,canonical
dc4ff42e9c1c2eb5e6f5,learner_choice,0,1,relevant_support,correct_partial,frustrated,1,MiniMax-M2.7,argument_relevance,training,main,canonical
dca6d034b572e3871156,learner_choice,0,1,classifier_precision,correct_partial,frustrated,0,glm-5.3,classification_metrics,training,main,canonical
dcdbf700bf9efb71ed5f,learner_choice,0,1,wave_speed,correct_partial,calm,0,MiniMax-M2.7,wave_speed,training,main,canonical
dd034b245dadb361adef,learner_choice,0,1,modifier_attachment,wrong_attempt,calm,1,MiniMax-M2.7,modifier_attachment,training,main,canonical
dd37fa1a9a831489f990,learner_choice,0,1,rectangle_width,wrong_attempt,calm,1,doubao-seed-2.0-lite,rectangle_perimeter,training,main,canonical
dd47eac4690602215501,learner_choice,0,1,wave_speed,wrong_attempt,calm,1,deepseek-v4-pro,wave_speed,training,main,canonical
de1270cdaf419b4fca0f,learner_choice,1,1,comma_splice,correct_partial,frustrated,1,deepseek-v4-pro,clause_punctuation,training,main,canonical
de8d731dd03d977c02d7,learner_choice,0,1,map_scale,wrong_attempt,frustrated,1,glm-5.3,unit_conversion,training,main,canonical
ded029329542c7ea6458,learner_choice,0,1,circuit_current,correct_partial,calm,1,glm-5.3,ohms_law,training,main,canonical
dee1403f500bf51ce74a,learner_choice,0,1,ordering_constraints,wrong_attempt,frustrated,1,deepseek-v4-pro,ordering_constraints,training,main,canonical
df312c2375543d257e70,learner_choice,0,1,rectangle_width,correct_partial,calm,1,glm-5.3,rectangle_perimeter,training,main,canonical
df32f8287c78053e6024,learner_choice,0,1,weighted_mean,correct_partial,calm,1,glm-5.3,averaging,training,main,canonical
df69d0d7330e0d7cf193,learner_choice,0,1,conjunctive_rule,wrong_attempt,frustrated,0,MiniMax-M3,conjunctive_rule,training,main,canonical
dfcf35aaf28cc2bfc571,learner_choice,0,0,main_idea,wrong_attempt,calm,1,MiniMax-M3,main_idea,training,main,canonical
e04a8ae9c9c259d89612,learner_choice,0,1,simple_inheritance,wrong_attempt,calm,1,deepseek-v4-pro,mendelian_inheritance,training,main,canonical
e0889b66986dba64338a,learner_choice,0,1,conditional_inference,correct_partial,frustrated,1,MiniMax-M3,conditional_inference,training,main,canonical
e13851009b3e36a1ad6e,learner_choice,0,1,conservation_of_mass,correct_partial,frustrated,0,MiniMax-M3,conservation_of_mass,training,main,canonical
e1736714c6cc4bf302a5,learner_choice,0,1,arithmetic_sequence,correct_partial,calm,0,glm-5.3,arithmetic_sequence,training,main,canonical
e1e46d9ba3ca8e64e940,learner_choice,0,1,discount_price,wrong_attempt,frustrated,1,doubao-seed-2.0-lite,discount_price,training,main,canonical
e1f8a1c67788c0d4342b,learner_choice,0,1,subject_verb_agreement,correct_partial,calm,0,doubao-seed-2.0-lite,subject_verb_agreement,training,main,canonical
e23675a0a91f308ad877,learner_choice,0,1,subject_verb_agreement,wrong_attempt,calm,1,glm-5.3,subject_verb_agreement,training,main,canonical
e353947d07ed47878f26,learner_choice,0,1,single_draw_probability,correct_partial,calm,1,deepseek-v4-pro,single_draw_probability,training,main,canonical
e35e3169e36dbf345362,learner_choice,0,1,single_draw_probability,wrong_attempt,calm,0,deepseek-v4-pro,single_draw_probability,training,main,canonical
e3a12fa5856c65489e35,learner_choice,0,1,wave_speed,correct_partial,calm,1,MiniMax-M3,wave_speed,training,main,canonical
e3c58e79f8fd5699c464,learner_choice,1,1,comma_splice,wrong_attempt,frustrated,0,MiniMax-M3,clause_punctuation,training,main,canonical
e3d694b0b36da6b796f8,learner_choice,0,1,map_scale,wrong_attempt,calm,0,glm-5.3,unit_conversion,training,main,canonical
e4a00c3d09bd8b4cf24d,learner_choice,0,1,net_force,wrong_attempt,calm,1,doubao-seed-2.0-lite,newtons_second_law,training,main,canonical
e5baf276139309a474a3,learner_choice,0,1,subject_verb_agreement,correct_partial,calm,1,MiniMax-M2.7,subject_verb_agreement,training,main,canonical
e617a33fda64ec55ea93,learner_choice,0,1,net_force,correct_partial,frustrated,1,doubao-seed-2.0-lite,newtons_second_law,training,main,canonical
e6389d6fb2eaf82c64f5,learner_choice,0,1,ratio_partition,wrong_attempt,frustrated,0,MiniMax-M3,ratio_partition,training,main,canonical
e6d8819d5acafcd49558,learner_choice,0,1,single_draw_probability,correct_partial,calm,0,MiniMax-M2.7,single_draw_probability,training,main,canonical
e7b580da18d4d3f5d8a7,learner_choice,0,1,food_chain,wrong_attempt,frustrated,0,MiniMax-M3,food_web_relations,training,main,canonical
e86a7fce225aca18aa9d,learner_choice,0,1,classifier_precision,wrong_attempt,frustrated,1,glm-5.3,classification_metrics,training,main,canonical
e8b435c2796046cdc184,learner_choice,0,1,map_scale,wrong_attempt,calm,1,glm-5.3,unit_conversion,training,main,canonical
e8fec848cc8c31c1ecf9,learner_choice,0,1,map_scale,correct_partial,calm,1,deepseek-v4-pro,unit_conversion,training,main,canonical
e93e520dc4546c4eb979,learner_choice,0,1,map_scale,wrong_attempt,calm,1,MiniMax-M2.7,unit_conversion,training,main,canonical
e95711052c377184cced,learner_choice,0,1,arithmetic_sequence,wrong_attempt,frustrated,0,glm-5.3,arithmetic_sequence,training,main,canonical
eac6f59ef75367047b5c,learner_choice,0,1,rectangle_width,correct_partial,calm,0,doubao-seed-2.0-lite,rectangle_perimeter,training,main,canonical
eb8c4e7085b64d6eae56,learner_choice,0,1,net_force,wrong_attempt,frustrated,1,doubao-seed-2.0-lite,newtons_second_law,training,main,canonical
ebff70b312c2123438be,learner_choice,0,1,classifier_precision,wrong_attempt,frustrated,0,doubao-seed-2.0-lite,classification_metrics,training,main,canonical
ec0d78951ec084a3ba1e,learner_choice,0,1,wave_speed,wrong_attempt,frustrated,1,deepseek-v4-pro,wave_speed,training,main,canonical
ec275127177eb9aeb679,learner_choice,0,1,conjunctive_rule,wrong_attempt,calm,1,MiniMax-M3,conjunctive_rule,training,main,canonical
ecafb7a14307d6b8a5ef,learner_choice,0,1,rectangle_width,wrong_attempt,calm,1,MiniMax-M3,rectangle_perimeter,training,main,canonical
ed06ad2fbc6dc847bdc1,learner_choice,0,1,pronoun_reference,wrong_attempt,calm,1,glm-5.3,pronoun_reference,training,main,canonical
ed1544a23a6bd4c2c395,learner_choice,0,1,experimental_variable,wrong_attempt,calm,0,glm-5.3,experimental_design,training,main,canonical
ee92173acd7c6aa498e8,learner_choice,0,1,classifier_precision,correct_partial,frustrated,0,deepseek-v4-pro,classification_metrics,training,main,canonical
ee94799f516785354273,learner_choice,0,1,ratio_partition,correct_partial,frustrated,1,MiniMax-M2.7,ratio_partition,training,main,canonical
eed45f9f739605467b23,learner_choice,0,1,experimental_variable,wrong_attempt,calm,0,MiniMax-M2.7,experimental_design,training,main,canonical
eef9db7aba3356404cd6,learner_choice,1,1,past_tense,correct_partial,calm,0,MiniMax-M2.7,tense_consistency,training,main,canonical
ef0d34abde2242c5d82d,learner_choice,0,1,ratio_partition,correct_partial,frustrated,0,MiniMax-M3,ratio_partition,training,main,canonical
ef4113ae737a4bc74633,learner_choice,0,1,classifier_precision,correct_partial,frustrated,1,doubao-seed-2.0-lite,classification_metrics,training,main,canonical
ef874e9b45df6ea0bc46,learner_choice,0,1,expected_points,wrong_attempt,frustrated,1,deepseek-v4-pro,expected_value,training,main,canonical
eff0cd403bbce59a01ab,learner_choice,0,1,conservation_of_mass,correct_partial,calm,1,deepseek-v4-pro,conservation_of_mass,training,main,canonical
f08634455915f49d61e4,learner_choice,0,1,subject_verb_agreement,wrong_attempt,frustrated,1,glm-5.3,subject_verb_agreement,training,main,canonical
f0fabdc99d1003de37d8,learner_choice,0,1,single_draw_probability,wrong_attempt,frustrated,1,deepseek-v4-pro,single_draw_probability,training,main,canonical
f10b7b415cb8869aa79f,learner_choice,0,1,speed_units,wrong_attempt,frustrated,0,MiniMax-M2.7,unit_conversion,training,main,canonical
f12707b1ba54b762ebf8,learner_choice,0,1,relevant_support,correct_partial,calm,0,MiniMax-M3,argument_relevance,training,main,canonical
f16b932476f30ae7f9a1,learner_choice,0,1,ordering_constraints,wrong_attempt,frustrated,0,glm-5.3,ordering_constraints,training,main,canonical
f35b251c20b70b15bf2e,learner_choice,0,1,map_scale,correct_partial,calm,1,MiniMax-M3,unit_conversion,training,main,canonical
f395cb072dcc6576d177,learner_choice,0,1,arithmetic_sequence,correct_partial,frustrated,1,MiniMax-M3,arithmetic_sequence,training,main,canonical
f3f083b2a2252df5380f,learner_choice,0,1,conditional_inference,wrong_attempt,calm,0,MiniMax-M2.7,conditional_inference,training,main,canonical
f452c688eb489d5b37fe,learner_choice,0,1,experimental_variable,wrong_attempt,calm,1,glm-5.3,experimental_design,training,main,canonical
f45f5b91cc29ab1555d3,learner_choice,1,0,net_force,wrong_attempt,frustrated,0,MiniMax-M3,newtons_second_law,training,main,canonical
f49652a92ef9df74bafd,learner_choice,0,1,fact_opinion,correct_partial,frustrated,1,deepseek-v4-pro,fact_opinion,training,main,canonical
f4f423ebb87ab431f3b0,learner_choice,0,1,circuit_current,wrong_attempt,calm,0,glm-5.3,ohms_law,training,main,canonical
f4fe1b4154f821404577,learner_choice,0,1,food_chain,correct_partial,calm,1,glm-5.3,food_web_relations,training,main,canonical
f56beda7ba8d26a87b1c,learner_choice,0,1,single_draw_probability,correct_partial,calm,0,glm-5.3,single_draw_probability,training,main,canonical
f5ff36eda258519a09ab,learner_choice,0,1,past_tense,correct_partial,frustrated,0,doubao-seed-2.0-lite,tense_consistency,training,main,canonical
f64a114ffd537c74892f,learner_choice,0,0,thermal_energy,correct_partial,calm,0,MiniMax-M3,specific_heat,training,main,canonical
f6960bfb86e30c3dfcd3,learner_choice,0,1,map_scale,correct_partial,frustrated,1,MiniMax-M3,unit_conversion,training,main,canonical
f7129f4fd089f6294896,learner_choice,0,1,net_force,wrong_attempt,frustrated,1,MiniMax-M3,newtons_second_law,training,main,canonical
f78da3337f94527d00c8,learner_choice,0,1,single_draw_probability,wrong_attempt,frustrated,1,glm-5.3,single_draw_probability,training,main,canonical
f7e1e3a1df374ca54b9d,learner_choice,0,1,fact_opinion,wrong_attempt,calm,1,MiniMax-M3,fact_opinion,training,main,canonical
f83585ed0f9ca66ccf96,learner_choice,0,1,set_entailment,wrong_attempt,frustrated,0,MiniMax-M2.7,set_entailment,training,main,canonical
f8a4d23253532b4cf0b3,learner_choice,0,1,weighted_mean,correct_partial,calm,0,glm-5.3,averaging,training,main,canonical
fa43b9a3d963a24b3b9c,learner_choice,1,1,net_force,correct_partial,calm,0,MiniMax-M3,newtons_second_law,training,main,canonical
fa82d75d2734afc9d62b,learner_choice,0,1,universal_counterexample,wrong_attempt,calm,0,MiniMax-M2.7,counterexample,training,main,canonical
fa8fa35c9bdd203c408b,learner_choice,0,1,expected_points,correct_partial,frustrated,0,MiniMax-M2.7,expected_value,training,main,canonical
fb04f9c85e714f3216ec,learner_choice,0,0,modifier_attachment,correct_partial,frustrated,1,doubao-seed-2.0-lite,modifier_attachment,training,main,canonical
fb2a8aa9cfe6147210b6,learner_choice,0,0,wave_speed,wrong_attempt,frustrated,1,MiniMax-M3,wave_speed,training,main,canonical
fb4d48eac71d4dd47c2b,learner_choice,0,1,main_idea,correct_partial,frustrated,1,deepseek-v4-pro,main_idea,training,main,canonical
fc6491e797998df44d12,learner_choice,0,1,main_idea,wrong_attempt,frustrated,1,MiniMax-M3,main_idea,training,main,canonical
fca922525c15542b6991,learner_choice,0,0,pronoun_reference,wrong_attempt,calm,1,MiniMax-M2.7,pronoun_reference,training,main,canonical
fcaac42dd882bd35f2ef,learner_choice,0,1,rectangle_width,correct_partial,calm,1,doubao-seed-2.0-lite,rectangle_perimeter,training,main,canonical
fcee00f294b0e39cca36,learner_choice,0,1,thermal_energy,correct_partial,frustrated,0,MiniMax-M3,specific_heat,training,main,canonical
fd7ca19fc546b3ea76f7,learner_choice,0,1,circuit_current,correct_partial,calm,0,MiniMax-M2.7,ohms_law,training,main,canonical
fdba5d7502e13c984752,learner_choice,0,1,ordering_constraints,correct_partial,calm,1,MiniMax-M3,ordering_constraints,training,main,canonical
fdbaac48aaa0afa36947,learner_choice,0,1,conditional_inference,wrong_attempt,calm,0,deepseek-v4-pro,conditional_inference,training,main,canonical
fdcc19b03621b7c97d8c,learner_choice,0,1,pronoun_reference,correct_partial,calm,1,doubao-seed-2.0-lite,pronoun_reference,training,main,canonical
fde3c0cc418a56e19a8a,learner_choice,0,1,classifier_precision,wrong_attempt,frustrated,0,deepseek-v4-pro,classification_metrics,training,main,canonical
fdebe755ba7abea9f726,learner_choice,0,1,universal_counterexample,wrong_attempt,frustrated,0,doubao-seed-2.0-lite,counterexample,training,main,canonical
fdec12fc40e11db5db88,learner_choice,0,1,arithmetic_sequence,correct_partial,calm,1,glm-5.3,arithmetic_sequence,training,main,canonical
fed2df0dcd985e3d8921,learner_choice,0,1,arithmetic_sequence,correct_partial,frustrated,0,deepseek-v4-pro,arithmetic_sequence,training,main,canonical
ffcc4b370fe0b9e51afa,learner_choice,0,1,set_entailment,wrong_attempt,frustrated,1,doubao-seed-2.0-lite,set_entailment,training,main,canonical
000de85f3559b68e3844,reasoning_elicitation,1,0,thermal_energy,correct_partial,calm,1,MiniMax-M3,specific_heat,training,main,canonical
0011839caaa9f61025f0,reasoning_elicitation,0,1,fact_opinion,wrong_attempt,frustrated,1,doubao-seed-2.0-lite,fact_opinion,training,main,canonical
0092a9b1c4ccd3f00c15,reasoning_elicitation,0,1,relevant_support,wrong_attempt,calm,0,doubao-seed-2.0-lite,argument_relevance,training,main,canonical
00a9c029518cc9fa86ed,reasoning_elicitation,0,1,arithmetic_sequence,correct_partial,frustrated,1,glm-5.3,arithmetic_sequence,training,main,canonical
00d665a5c51c08b5c0c2,reasoning_elicitation,1,1,expected_points,correct_partial,calm,0,glm-5.3,expected_value,training,main,canonical
00d895b8a069659fce47,reasoning_elicitation,0,1,food_chain,correct_partial,frustrated,0,doubao-seed-2.0-lite,food_web_relations,training,main,canonical
025f6784df68b49207cc,reasoning_elicitation,1,1,expected_points,correct_partial,frustrated,0,glm-5.3,expected_value,training,main,canonical
028d411bbb16b9addddf,reasoning_elicitation,0,1,experimental_variable,wrong_attempt,frustrated,1,doubao-seed-2.0-lite,experimental_design,training,main,canonical
02c3562ff91ebddf11d1,reasoning_elicitation,0,1,conditional_inference,correct_partial,calm,0,doubao-seed-2.0-lite,conditional_inference,training,main,canonical
02fcf1e01ab1c5c5b98e,reasoning_elicitation,0,1,map_scale,wrong_attempt,calm,0,doubao-seed-2.0-lite,unit_conversion,training,main,canonical
039baf32beb6e345cb77,reasoning_elicitation,0,1,experimental_variable,wrong_attempt,calm,0,doubao-seed-2.0-lite,experimental_design,training,main,canonical
03b9c493862e8b6f7732,reasoning_elicitation,1,1,fact_opinion,correct_partial,frustrated,1,glm-5.3,fact_opinion,training,main,canonical
051fb731cfb7aaee6a42,reasoning_elicitation,0,1,conservation_of_mass,wrong_attempt,calm,0,deepseek-v4-pro,conservation_of_mass,training,main,canonical
056530dfc423318f842d,reasoning_elicitation,0,1,thermal_energy,correct_partial,frustrated,0,MiniMax-M2.7,specific_heat,training,main,canonical
057f70c081b827c2baf3,reasoning_elicitation,0,1,net_force,correct_partial,frustrated,0,MiniMax-M2.7,newtons_second_law,training,main,canonical
0586a5c80d5e18357a9b,reasoning_elicitation,0,1,set_entailment,wrong_attempt,calm,0,deepseek-v4-pro,set_entailment,training,main,canonical
05ed757c6f15c100cdbc,reasoning_elicitation,1,1,pronoun_reference,correct_partial,calm,1,MiniMax-M2.7,pronoun_reference,training,main,canonical
06542a6fc8ddcf037ea8,reasoning_elicitation,1,1,food_chain,wrong_attempt,frustrated,1,glm-5.3,food_web_relations,training,main,canonical
06be65e009e390f8b68a,reasoning_elicitation,0,1,simple_inheritance,correct_partial,calm,1,doubao-seed-2.0-lite,mendelian_inheritance,training,main,canonical
06bee78de97a1fb4c8c0,reasoning_elicitation,1,1,wave_speed,wrong_attempt,calm,0,MiniMax-M3,wave_speed,training,main,canonical
073e4b9a1e7f09a3c6f6,reasoning_elicitation,0,1,main_idea,correct_partial,frustrated,0,MiniMax-M2.7,main_idea,training,main,canonical
076c42e07793854aae0c,reasoning_elicitation,0,1,discount_price,wrong_attempt,calm,1,doubao-seed-2.0-lite,discount_price,training,main,canonical
07b0df52365d00e0f42a,reasoning_elicitation,0,1,arithmetic_sequence,wrong_attempt,calm,1,MiniMax-M3,arithmetic_sequence,training,main,canonical
07f512d41882fdfc3353,reasoning_elicitation,0,1,classifier_precision,wrong_attempt,frustrated,1,doubao-seed-2.0-lite,classification_metrics,training,main,canonical
081bb6b7dafdbdf6147c,reasoning_elicitation,0,1,food_chain,correct_partial,frustrated,1,MiniMax-M3,food_web_relations,training,main,canonical
0835536de2d1b4576d98,reasoning_elicitation,1,1,wave_speed,wrong_attempt,frustrated,0,MiniMax-M2.7,wave_speed,training,main,canonical
085f304c7bc717b2d83b,reasoning_elicitation,0,1,arithmetic_sequence,wrong_attempt,calm,1,deepseek-v4-pro,arithmetic_sequence,training,main,canonical
08b2fb45770c29328b74,reasoning_elicitation,0,1,modifier_attachment,correct_partial,frustrated,0,deepseek-v4-pro,modifier_attachment,training,main,canonical
08d8629e160cd8429ae6,reasoning_elicitation,0,1,subject_verb_agreement,correct_partial,frustrated,1,MiniMax-M2.7,subject_verb_agreement,training,main,canonical
093a69e065b00efa4dc9,reasoning_elicitation,0,0,ordering_constraints,wrong_attempt,frustrated,0,MiniMax-M3,ordering_constraints,training,main,canonical
096a809bc0c5cc3c11fe,reasoning_elicitation,0,1,subject_verb_agreement,wrong_attempt,calm,0,deepseek-v4-pro,subject_verb_agreement,training,main,canonical
09802f7574adcc01b9f7,reasoning_elicitation,0,1,experimental_variable,wrong_attempt,calm,1,MiniMax-M2.7,experimental_design,training,main,canonical
09f2090997f0d21b2624,reasoning_elicitation,0,1,ordering_constraints,wrong_attempt,calm,0,MiniMax-M3,ordering_constraints,training,main,canonical
0a1e1ff687010dd27ed4,reasoning_elicitation,0,1,map_scale,correct_partial,calm,0,MiniMax-M3,unit_conversion,training,main,canonical
0ae183a67ff75ff4e31f,reasoning_elicitation,1,1,food_chain,wrong_attempt,calm,1,glm-5.3,food_web_relations,training,main,canonical
0b2a30d705a3378cbfe9,reasoning_elicitation,1,0,net_force,wrong_attempt,frustrated,0,MiniMax-M2.7,newtons_second_law,training,main,canonical
0b4d63c14809f9744b94,reasoning_elicitation,0,1,universal_counterexample,correct_partial,frustrated,1,MiniMax-M2.7,counterexample,training,main,canonical
0bab4e6c0d0a3c66726c,reasoning_elicitation,0,0,relevant_support,wrong_attempt,frustrated,1,MiniMax-M2.7,argument_relevance,training,main,canonical
0bf2f2df315a0de10bee,reasoning_elicitation,0,1,classifier_precision,correct_partial,calm,0,MiniMax-M3,classification_metrics,training,main,canonical
0c1a73fbf9eea7d76f54,reasoning_elicitation,0,1,net_force,correct_partial,frustrated,0,doubao-seed-2.0-lite,newtons_second_law,training,main,canonical
0c3765a6f71dd21ebfdf,reasoning_elicitation,1,1,ratio_partition,wrong_attempt,calm,0,glm-5.3,ratio_partition,training,main,canonical
0c6f6d5c1bd4bb0c928e,reasoning_elicitation,0,1,experimental_variable,correct_partial,calm,0,MiniMax-M2.7,experimental_design,training,main,canonical
0c7425c1807a56193931,reasoning_elicitation,0,1,arithmetic_mean,wrong_attempt,calm,0,doubao-seed-2.0-lite,averaging,training,main,canonical
0cef2200c5d1aaa909a9,reasoning_elicitation,0,1,ratio_partition,correct_partial,calm,0,deepseek-v4-pro,ratio_partition,training,main,canonical
0d3c585eb56a230ad9db,reasoning_elicitation,1,1,comma_splice,wrong_attempt,calm,0,MiniMax-M3,clause_punctuation,training,main,canonical
0d8fa499fc7e56017c1c,reasoning_elicitation,0,1,pronoun_reference,wrong_attempt,frustrated,1,doubao-seed-2.0-lite,pronoun_reference,training,main,canonical
0dd03c0875c12ace0635,reasoning_elicitation,0,0,comma_splice,wrong_attempt,frustrated,0,MiniMax-M2.7,clause_punctuation,training,main,canonical
0e0537c33896a2d4f092,reasoning_elicitation,0,1,thermal_energy,correct_partial,calm,0,MiniMax-M2.7,specific_heat,training,main,canonical
0eb77d92a536b8d1efb4,reasoning_elicitation,0,1,map_scale,correct_partial,frustrated,1,MiniMax-M2.7,unit_conversion,training,main,canonical
0ec35b60d4ac5ab9c326,reasoning_elicitation,1,0,subject_verb_agreement,wrong_attempt,calm,0,MiniMax-M3,subject_verb_agreement,training,main,canonical
0ed187c6b1610ea04c55,reasoning_elicitation,1,0,rectangle_width,wrong_attempt,calm,0,MiniMax-M3,rectangle_perimeter,training,main,canonical
0f0cddcba637413c033f,reasoning_elicitation,0,1,thermal_energy,correct_partial,calm,0,doubao-seed-2.0-lite,specific_heat,training,main,canonical
0f297d7d2dd9227f11d4,reasoning_elicitation,0,0,net_force,correct_partial,frustrated,1,MiniMax-M3,newtons_second_law,training,main,canonical
0fa1cad47a564babfba4,reasoning_elicitation,1,1,past_tense,correct_partial,frustrated,1,MiniMax-M2.7,tense_consistency,training,main,canonical
10007121ec15c08de509,reasoning_elicitation,0,1,expected_points,wrong_attempt,calm,1,MiniMax-M3,expected_value,training,main,canonical
10284be9b7b63beb35c9,reasoning_elicitation,0,1,pronoun_reference,wrong_attempt,calm,0,deepseek-v4-pro,pronoun_reference,training,main,canonical
102aebd65a4b13916707,reasoning_elicitation,1,1,classifier_precision,wrong_attempt,frustrated,0,glm-5.3,classification_metrics,training,main,canonical
10623e6486e9f10cea0a,reasoning_elicitation,0,1,arithmetic_sequence,correct_partial,calm,1,doubao-seed-2.0-lite,arithmetic_sequence,training,main,canonical
10af9884a0dd2886bb9c,reasoning_elicitation,1,0,speed_units,wrong_attempt,frustrated,0,deepseek-v4-pro,unit_conversion,training,main,canonical
10b88d2ce1785fb4b669,reasoning_elicitation,0,1,relevant_support,correct_partial,calm,0,MiniMax-M2.7,argument_relevance,training,main,canonical
113e2825e5ea94a69f82,reasoning_elicitation,0,1,fact_opinion,wrong_attempt,calm,1,doubao-seed-2.0-lite,fact_opinion,training,main,canonical
117b064c61d0d7a51f15,reasoning_elicitation,1,1,ordering_constraints,correct_partial,frustrated,1,glm-5.3,ordering_constraints,training,main,canonical
11a548aa9575a0649eb3,reasoning_elicitation,1,1,arithmetic_sequence,wrong_attempt,calm,1,glm-5.3,arithmetic_sequence,training,main,canonical
11f4391626aab4b60bb6,reasoning_elicitation,0,1,net_force,wrong_attempt,frustrated,1,MiniMax-M2.7,newtons_second_law,training,main,canonical
12ad0dccee5babb6a156,reasoning_elicitation,0,1,thermal_energy,wrong_attempt,calm,0,deepseek-v4-pro,specific_heat,training,main,canonical
12bddfa074944263887c,reasoning_elicitation,0,1,conjunctive_rule,wrong_attempt,frustrated,1,deepseek-v4-pro,conjunctive_rule,training,main,canonical
14b0ed78a8d83398d8d2,reasoning_elicitation,1,1,conditional_inference,wrong_attempt,calm,0,glm-5.3,conditional_inference,training,main,canonical
14c16f7049b522b999b8,reasoning_elicitation,0,1,modifier_attachment,wrong_attempt,frustrated,1,MiniMax-M3,modifier_attachment,training,main,canonical
155f2fa785a9deba8845,reasoning_elicitation,1,1,modifier_attachment,correct_partial,frustrated,1,glm-5.3,modifier_attachment,training,main,canonical
158b0a4d8fd175445fcc,reasoning_elicitation,0,1,rectangle_width,wrong_attempt,calm,0,deepseek-v4-pro,rectangle_perimeter,training,main,canonical
169a404a0a3ad46b72e6,reasoning_elicitation,1,1,map_scale,correct_partial,calm,1,glm-5.3,unit_conversion,training,main,canonical
16d62370d187701d9c89,reasoning_elicitation,0,1,past_tense,wrong_attempt,frustrated,1,doubao-seed-2.0-lite,tense_consistency,training,main,canonical
16f3f8e9ae7c1b93628e,reasoning_elicitation,0,1,circuit_current,wrong_attempt,calm,1,deepseek-v4-pro,ohms_law,training,main,canonical
16f59fb7d5cb47303622,reasoning_elicitation,1,1,conservation_of_mass,correct_partial,calm,0,glm-5.3,conservation_of_mass,training,main,canonical
171172625dd9dd1b578e,reasoning_elicitation,0,1,net_force,correct_partial,calm,0,deepseek-v4-pro,newtons_second_law,training,main,canonical
17e1c88e0208c4363bb0,reasoning_elicitation,0,1,single_draw_probability,wrong_attempt,frustrated,0,MiniMax-M2.7,single_draw_probability,training,main,canonical
1880dd2538e055742e7c,reasoning_elicitation,0,1,arithmetic_mean,correct_partial,frustrated,1,deepseek-v4-pro,averaging,training,main,canonical
18e5075c38d931e89f89,reasoning_elicitation,1,0,set_entailment,wrong_attempt,frustrated,0,MiniMax-M3,set_entailment,training,main,canonical
190072349b8e158ca8ab,reasoning_elicitation,1,1,conservation_of_mass,wrong_attempt,calm,1,glm-5.3,conservation_of_mass,training,main,canonical
1935247449d6ccfd7115,reasoning_elicitation,0,1,classifier_precision,wrong_attempt,calm,1,deepseek-v4-pro,classification_metrics,training,main,canonical
19461e7b8c2c29b767c7,reasoning_elicitation,1,1,set_entailment,wrong_attempt,calm,1,glm-5.3,set_entailment,training,main,canonical
197ddcab5ed99463fffa,reasoning_elicitation,0,1,arithmetic_sequence,correct_partial,frustrated,1,MiniMax-M2.7,arithmetic_sequence,training,main,canonical
19916228be06daef9498,reasoning_elicitation,0,1,map_scale,wrong_attempt,frustrated,0,deepseek-v4-pro,unit_conversion,training,main,canonical
19964d11d7ea5d4aeb9c,reasoning_elicitation,0,1,simple_inheritance,correct_partial,frustrated,0,doubao-seed-2.0-lite,mendelian_inheritance,training,main,canonical
1a0e814d9ccbeccb3bb9,reasoning_elicitation,0,1,net_force,correct_partial,frustrated,1,deepseek-v4-pro,newtons_second_law,training,main,canonical
1a29db462880a53e4cd4,reasoning_elicitation,1,1,conjunctive_rule,wrong_attempt,calm,1,glm-5.3,conjunctive_rule,training,main,canonical
1a78060d96ea4eceaf49,reasoning_elicitation,1,1,pronoun_reference,wrong_attempt,frustrated,0,glm-5.3,pronoun_reference,training,main,canonical
1a8f6c97a92151e67268,reasoning_elicitation,0,1,arithmetic_sequence,correct_partial,frustrated,1,deepseek-v4-pro,arithmetic_sequence,training,main,canonical
1aec6ed308f7322a599c,reasoning_elicitation,0,1,single_draw_probability,correct_partial,calm,1,MiniMax-M3,single_draw_probability,training,main,canonical
1bcf3e317c65924e1f97,reasoning_elicitation,0,1,set_entailment,correct_partial,calm,0,MiniMax-M3,set_entailment,training,main,canonical
1c04903c0d5bd0d625e8,reasoning_elicitation,0,0,rectangle_width,wrong_attempt,calm,0,doubao-seed-2.0-lite,rectangle_perimeter,training,main,canonical
1d6d2018e5b52b76ea55,reasoning_elicitation,0,1,net_force,wrong_attempt,frustrated,0,doubao-seed-2.0-lite,newtons_second_law,training,main,canonical
1df59c77b5aef9b2930f,reasoning_elicitation,0,1,net_force,wrong_attempt,calm,0,MiniMax-M3,newtons_second_law,training,main,canonical
1e213875cb456cd605c8,reasoning_elicitation,0,1,ratio_partition,correct_partial,calm,0,MiniMax-M2.7,ratio_partition,training,main,canonical
1e3502ff7bf54cac53d8,reasoning_elicitation,0,1,wave_speed,wrong_attempt,calm,1,MiniMax-M2.7,wave_speed,training,main,canonical
1e73a7073efe73429c88,reasoning_elicitation,0,1,circuit_current,correct_partial,frustrated,0,doubao-seed-2.0-lite,ohms_law,training,main,canonical
1e9f57024a31fe6badf8,reasoning_elicitation,1,0,food_chain,correct_partial,calm,0,MiniMax-M3,food_web_relations,training,main,canonical
1ecb84ac8fb921095c33,reasoning_elicitation,0,1,universal_counterexample,correct_partial,calm,0,MiniMax-M2.7,counterexample,training,main,canonical
1ef05eb397f995b277c5,reasoning_elicitation,0,1,modifier_attachment,correct_partial,calm,1,MiniMax-M2.7,modifier_attachment,training,main,canonical
1f07d7a037e307c24d47,reasoning_elicitation,1,1,conservation_of_mass,correct_partial,frustrated,0,glm-5.3,conservation_of_mass,training,main,canonical
1f898c5a620ad0a462b8,reasoning_elicitation,1,0,thermal_energy,correct_partial,frustrated,1,MiniMax-M2.7,specific_heat,training,main,canonical
2095bfc0da76fc7855ab,reasoning_elicitation,0,1,arithmetic_mean,correct_partial,frustrated,1,doubao-seed-2.0-lite,averaging,training,main,canonical
20eeaf89e291b424843b,reasoning_elicitation,0,1,experimental_variable,wrong_attempt,calm,0,deepseek-v4-pro,experimental_design,training,main,canonical
2171f9535ad7f2303f49,reasoning_elicitation,0,1,wave_speed,correct_partial,frustrated,0,MiniMax-M2.7,wave_speed,training,main,canonical
21abfc486e4e9de13182,reasoning_elicitation,1,1,main_idea,correct_partial,calm,0,MiniMax-M2.7,main_idea,training,main,canonical
21c3ab4b72d309c2d35e,reasoning_elicitation,1,1,expected_points,correct_partial,calm,1,glm-5.3,expected_value,training,main,canonical
21ce0d20b4b81a9a2a49,reasoning_elicitation,1,1,circuit_current,wrong_attempt,frustrated,1,MiniMax-M3,ohms_law,training,main,canonical
2215926151d9beb376dd,reasoning_elicitation,0,1,ordering_constraints,correct_partial,frustrated,1,deepseek-v4-pro,ordering_constraints,training,main,canonical
222f01fa741352427bdc,reasoning_elicitation,0,1,arithmetic_mean,wrong_attempt,calm,1,deepseek-v4-pro,averaging,training,main,canonical
22311688d065cc4ac78c,reasoning_elicitation,1,0,weighted_mean,wrong_attempt,frustrated,1,MiniMax-M3,averaging,training,main,canonical
22e34b7f492b95a3afd6,reasoning_elicitation,1,1,modifier_attachment,correct_partial,frustrated,0,MiniMax-M3,modifier_attachment,training,main,canonical
22e7d0bb802cddc95486,reasoning_elicitation,0,1,subject_verb_agreement,correct_partial,frustrated,0,doubao-seed-2.0-lite,subject_verb_agreement,training,main,canonical
237ff02543a332bc587d,reasoning_elicitation,1,1,main_idea,wrong_attempt,frustrated,0,deepseek-v4-pro,main_idea,training,main,canonical
238030c973bfec3cc51b,reasoning_elicitation,0,1,thermal_energy,correct_partial,frustrated,1,doubao-seed-2.0-lite,specific_heat,training,main,canonical
23a6bd0d53b8d210b6f8,reasoning_elicitation,0,1,weighted_mean,correct_partial,calm,1,MiniMax-M2.7,averaging,training,main,canonical
23ed0007e7dbb25034eb,reasoning_elicitation,0,1,pronoun_reference,wrong_attempt,calm,1,deepseek-v4-pro,pronoun_reference,training,main,canonical
24525fde240784dbf7cf,reasoning_elicitation,0,1,ratio_partition,correct_partial,calm,1,deepseek-v4-pro,ratio_partition,training,main,canonical
248a8c8938212775b279,reasoning_elicitation,0,0,pronoun_reference,correct_partial,calm,0,MiniMax-M2.7,pronoun_reference,training,main,canonical
24afce20a2fc5c9a9879,reasoning_elicitation,0,1,ratio_partition,wrong_attempt,frustrated,0,doubao-seed-2.0-lite,ratio_partition,training,main,canonical
24b588c442c432cdb8fc,reasoning_elicitation,0,1,conditional_inference,wrong_attempt,frustrated,1,MiniMax-M2.7,conditional_inference,training,main,canonical
2510a420086130715cc2,reasoning_elicitation,0,1,ordering_constraints,correct_partial,frustrated,0,MiniMax-M2.7,ordering_constraints,training,main,canonical
25534f6bbe0ca5d08639,reasoning_elicitation,1,1,conditional_inference,wrong_attempt,frustrated,0,glm-5.3,conditional_inference,training,main,canonical
25995b186ffa98e96753,reasoning_elicitation,0,1,conjunctive_rule,correct_partial,calm,1,doubao-seed-2.0-lite,conjunctive_rule,training,main,canonical
25aca06d42156b29f100,reasoning_elicitation,1,0,wave_speed,wrong_attempt,frustrated,0,MiniMax-M3,wave_speed,training,main,canonical
25e6eef73bc7a813d09f,reasoning_elicitation,0,1,ordering_constraints,correct_partial,calm,0,MiniMax-M2.7,ordering_constraints,training,main,canonical
261d5d701efa82d2d0b1,reasoning_elicitation,1,1,arithmetic_mean,correct_partial,calm,1,MiniMax-M3,averaging,training,main,canonical
2639a10c41a951fd7cd2,reasoning_elicitation,0,1,simple_inheritance,correct_partial,frustrated,1,MiniMax-M3,mendelian_inheritance,training,main,canonical
26406149fd1551d9be10,reasoning_elicitation,0,1,ordering_constraints,wrong_attempt,frustrated,0,MiniMax-M2.7,ordering_constraints,training,main,canonical
267ea773d86367d635df,reasoning_elicitation,0,1,discount_price,wrong_attempt,calm,0,doubao-seed-2.0-lite,discount_price,training,main,canonical
269913050f223f3b1d01,reasoning_elicitation,0,1,experimental_variable,correct_partial,frustrated,0,doubao-seed-2.0-lite,experimental_design,training,main,canonical
26a2c6e56cf90fd6f1e2,reasoning_elicitation,0,1,weighted_mean,wrong_attempt,frustrated,1,deepseek-v4-pro,averaging,training,main,canonical
26b908e8cead36bcfa54,reasoning_elicitation,0,1,speed_units,correct_partial,calm,0,deepseek-v4-pro,unit_conversion,training,main,canonical
26e191cb366d328b3257,reasoning_elicitation,0,1,food_chain,wrong_attempt,frustrated,0,deepseek-v4-pro,food_web_relations,training,main,canonical
26fda8b053de52020537,reasoning_elicitation,0,0,fact_opinion,correct_partial,frustrated,1,MiniMax-M2.7,fact_opinion,training,main,canonical
2705d1e5fdc56f03bd83,reasoning_elicitation,0,1,discount_price,correct_partial,calm,0,deepseek-v4-pro,discount_price,training,main,canonical
27120932b45320a2a4d8,reasoning_elicitation,0,1,food_chain,correct_partial,frustrated,1,glm-5.3,food_web_relations,training,main,canonical
2716c7a357941f56e2eb,reasoning_elicitation,0,1,main_idea,wrong_attempt,calm,1,MiniMax-M2.7,main_idea,training,main,canonical
276c9b5165ecc6ddccaf,reasoning_elicitation,0,1,rectangle_width,correct_partial,frustrated,0,doubao-seed-2.0-lite,rectangle_perimeter,training,main,canonical
277a04dd723303b86c3b,reasoning_elicitation,0,1,single_draw_probability,correct_partial,calm,0,deepseek-v4-pro,single_draw_probability,training,main,canonical
28871524cb385060a3f0,reasoning_elicitation,0,1,ratio_partition,correct_partial,frustrated,0,deepseek-v4-pro,ratio_partition,training,main,canonical
2938f43b16924d105471,reasoning_elicitation,1,1,expected_points,wrong_attempt,frustrated,1,glm-5.3,expected_value,training,main,canonical
2975e7525801967caebb,reasoning_elicitation,1,0,thermal_energy,wrong_attempt,frustrated,1,doubao-seed-2.0-lite,specific_heat,training,main,canonical
2a228bafc40c2a2d6e15,reasoning_elicitation,1,1,main_idea,wrong_attempt,calm,1,deepseek-v4-pro,main_idea,training,main,canonical
2a2ca642c29dd9b28c80,reasoning_elicitation,0,1,single_draw_probability,correct_partial,frustrated,0,deepseek-v4-pro,single_draw_probability,training,main,canonical
2a33615d19faf817cb55,reasoning_elicitation,0,1,universal_counterexample,wrong_attempt,calm,0,MiniMax-M3,counterexample,training,main,canonical
2aabd15d42a47d911a1b,reasoning_elicitation,0,1,ordering_constraints,wrong_attempt,frustrated,1,doubao-seed-2.0-lite,ordering_constraints,training,main,canonical
2ab3c233d86558d03955,reasoning_elicitation,0,1,rectangle_width,correct_partial,calm,1,MiniMax-M2.7,rectangle_perimeter,training,main,canonical
2b2e27a0c0dc470001f3,reasoning_elicitation,0,1,pronoun_reference,wrong_attempt,calm,1,doubao-seed-2.0-lite,pronoun_reference,training,main,canonical
2c1607bc6a5da57e158e,reasoning_elicitation,0,1,fact_opinion,wrong_attempt,frustrated,0,doubao-seed-2.0-lite,fact_opinion,training,main,canonical
2c24f782faf55dc9d1b5,reasoning_elicitation,0,0,net_force,correct_partial,frustrated,0,MiniMax-M3,newtons_second_law,training,main,canonical
2c2a0b797faf9eea1c87,reasoning_elicitation,0,1,past_tense,correct_partial,calm,1,MiniMax-M2.7,tense_consistency,training,main,canonical
2c5329f0919152af2532,reasoning_elicitation,0,0,map_scale,wrong_attempt,frustrated,1,MiniMax-M2.7,unit_conversion,training,main,canonical
2cb5bd4189eb829fc3ff,reasoning_elicitation,1,1,conservation_of_mass,correct_partial,calm,0,MiniMax-M3,conservation_of_mass,training,main,canonical
2cca30e643e6a33f6fab,reasoning_elicitation,1,1,relevant_support,wrong_attempt,frustrated,0,glm-5.3,argument_relevance,training,main,canonical
2ce11216ff65df0f9762,reasoning_elicitation,1,1,comma_splice,wrong_attempt,calm,0,glm-5.3,clause_punctuation,training,main,canonical
2d0673518c2cc48e9e5f,reasoning_elicitation,0,0,modifier_attachment,wrong_attempt,calm,0,MiniMax-M3,modifier_attachment,training,main,canonical
2eda5861ebe1fa5f8ad0,reasoning_elicitation,0,1,conservation_of_mass,correct_partial,frustrated,0,MiniMax-M2.7,conservation_of_mass,training,main,canonical
2eea6406297ae97ed231,reasoning_elicitation,1,1,universal_counterexample,correct_partial,frustrated,0,glm-5.3,counterexample,training,main,canonical
2f36cc90a5dbea80fac3,reasoning_elicitation,0,1,wave_speed,wrong_attempt,calm,1,doubao-seed-2.0-lite,wave_speed,training,main,canonical
2f52c7e4625f9c300dde,reasoning_elicitation,0,1,ratio_partition,wrong_attempt,frustrated,0,MiniMax-M2.7,ratio_partition,training,main,canonical
30efdb130ffa8d4206ae,reasoning_elicitation,0,1,speed_units,wrong_attempt,frustrated,1,doubao-seed-2.0-lite,unit_conversion,training,main,canonical
31ba7a8f2e7f0c4f3600,reasoning_elicitation,0,1,thermal_energy,correct_partial,calm,1,doubao-seed-2.0-lite,specific_heat,training,main,canonical
32210806d72253dc6380,reasoning_elicitation,1,1,modifier_attachment,correct_partial,frustrated,0,glm-5.3,modifier_attachment,training,main,canonical
3223fb7819dd3e383fdf,reasoning_elicitation,0,1,arithmetic_sequence,wrong_attempt,calm,0,deepseek-v4-pro,arithmetic_sequence,training,main,canonical
32af60315e169c3d7d6c,reasoning_elicitation,0,0,modifier_attachment,correct_partial,calm,1,MiniMax-M3,modifier_attachment,training,main,canonical
32da0c4fe4a843aa42dd,reasoning_elicitation,0,1,map_scale,correct_partial,frustrated,0,deepseek-v4-pro,unit_conversion,training,main,canonical
330aefb8bcea23e0b40d,reasoning_elicitation,1,1,conjunctive_rule,correct_partial,calm,0,MiniMax-M2.7,conjunctive_rule,training,main,canonical
331eba89daae216afa74,reasoning_elicitation,0,1,subject_verb_agreement,wrong_attempt,frustrated,0,doubao-seed-2.0-lite,subject_verb_agreement,training,main,canonical
336727fc9bdfecc4378c,reasoning_elicitation,1,1,net_force,correct_partial,calm,1,glm-5.3,newtons_second_law,training,main,canonical
33bb1779dcffc2f9d262,reasoning_elicitation,0,1,map_scale,wrong_attempt,frustrated,0,MiniMax-M3,unit_conversion,training,main,canonical
33e68a393f5edab58929,reasoning_elicitation,1,1,circuit_current,correct_partial,calm,1,MiniMax-M3,ohms_law,training,main,canonical
34384ad0fdbaca9f1680,reasoning_elicitation,0,1,single_draw_probability,correct_partial,frustrated,1,MiniMax-M2.7,single_draw_probability,training,main,canonical
3538a214a2a88679bd1a,reasoning_elicitation,0,1,expected_points,correct_partial,calm,0,doubao-seed-2.0-lite,expected_value,training,main,canonical
359c1ff00f8283f09408,reasoning_elicitation,0,0,set_entailment,wrong_attempt,frustrated,1,MiniMax-M3,set_entailment,training,main,canonical
35ea5dc5a4a362d249e8,reasoning_elicitation,1,1,circuit_current,correct_partial,frustrated,1,glm-5.3,ohms_law,training,main,canonical
36c32dd15bc2e56dd1a2,reasoning_elicitation,1,1,ordering_constraints,correct_partial,calm,0,doubao-seed-2.0-lite,ordering_constraints,training,main,canonical
37415bb4a3a3d3d83ffa,reasoning_elicitation,1,0,classifier_precision,wrong_attempt,calm,0,MiniMax-M3,classification_metrics,training,main,canonical
377a646245e8da141395,reasoning_elicitation,0,1,food_chain,correct_partial,calm,1,deepseek-v4-pro,food_web_relations,training,main,canonical
37a33cbe6ad126abf713,reasoning_elicitation,0,1,classifier_precision,wrong_attempt,calm,0,doubao-seed-2.0-lite,classification_metrics,training,main,canonical
3837a48a73f77c72690f,reasoning_elicitation,1,1,pronoun_reference,correct_partial,calm,1,MiniMax-M3,pronoun_reference,training,main,canonical
394408cd3199c3b99b60,reasoning_elicitation,0,1,weighted_mean,correct_partial,frustrated,1,doubao-seed-2.0-lite,averaging,training,main,canonical
3a904a4e01b30c3c8f30,reasoning_elicitation,1,1,discount_price,wrong_attempt,calm,0,MiniMax-M3,discount_price,training,main,canonical
3c1a6ffff823d35a37c7,reasoning_elicitation,0,1,speed_units,correct_partial,calm,1,MiniMax-M3,unit_conversion,training,main,canonical
3c447706c0063b7848d4,reasoning_elicitation,1,1,set_entailment,wrong_attempt,calm,0,MiniMax-M2.7,set_entailment,training,main,canonical
3c615153cae2f79878e0,reasoning_elicitation,0,0,arithmetic_sequence,wrong_attempt,calm,0,MiniMax-M2.7,arithmetic_sequence,training,main,canonical
3c8540a9102a03c6f12a,reasoning_elicitation,0,1,past_tense,correct_partial,calm,0,doubao-seed-2.0-lite,tense_consistency,training,main,canonical
3cd3291e0e1976611f82,reasoning_elicitation,0,1,thermal_energy,wrong_attempt,calm,1,MiniMax-M2.7,specific_heat,training,main,canonical
3dd1b001111a44b300f0,reasoning_elicitation,0,1,wave_speed,wrong_attempt,frustrated,0,deepseek-v4-pro,wave_speed,training,main,canonical
3e3288a1d27b02d5931f,reasoning_elicitation,1,0,experimental_variable,wrong_attempt,calm,1,MiniMax-M3,experimental_design,training,main,canonical
3e711ed23b093cd53ee2,reasoning_elicitation,0,1,past_tense,correct_partial,calm,1,deepseek-v4-pro,tense_consistency,training,main,canonical
3f41c52f536521dabefc,reasoning_elicitation,0,1,modifier_attachment,correct_partial,frustrated,0,MiniMax-M2.7,modifier_attachment,training,main,canonical
3f7f6bf649260830ab85,reasoning_elicitation,0,1,comma_splice,wrong_attempt,calm,0,deepseek-v4-pro,clause_punctuation,training,main,canonical
3fdbaa3447b1491b725d,reasoning_elicitation,0,1,map_scale,wrong_attempt,frustrated,1,MiniMax-M3,unit_conversion,training,main,canonical
4038e673bf1419f9cb83,reasoning_elicitation,0,1,pronoun_reference,wrong_attempt,frustrated,1,MiniMax-M2.7,pronoun_reference,training,main,canonical
4099eae6e106eaa058cf,reasoning_elicitation,1,1,conjunctive_rule,wrong_attempt,calm,0,glm-5.3,conjunctive_rule,training,main,canonical
40bb50c0a08d2c96446b,reasoning_elicitation,1,1,conditional_inference,wrong_attempt,frustrated,1,glm-5.3,conditional_inference,training,main,canonical
41366c88c6f35b10dcdb,reasoning_elicitation,0,0,ordering_constraints,correct_partial,frustrated,1,MiniMax-M3,ordering_constraints,training,main,canonical
414b5bcceb2232a08039,reasoning_elicitation,0,1,simple_inheritance,wrong_attempt,calm,1,MiniMax-M2.7,mendelian_inheritance,training,main,canonical
419c01e9ccf9dc9e9e7a,reasoning_elicitation,0,1,rectangle_width,wrong_attempt,frustrated,1,deepseek-v4-pro,rectangle_perimeter,training,main,canonical
422f2fcc158701645c20,reasoning_elicitation,0,1,subject_verb_agreement,correct_partial,calm,1,deepseek-v4-pro,subject_verb_agreement,training,main,canonical
42afdbcc9e61b7a9337d,reasoning_elicitation,1,1,discount_price,wrong_attempt,frustrated,1,MiniMax-M3,discount_price,training,main,canonical
43986994c92c127cde59,reasoning_elicitation,0,1,set_entailment,correct_partial,frustrated,0,MiniMax-M2.7,set_entailment,training,main,canonical
43d4cc47b3f40bb9e847,reasoning_elicitation,1,1,universal_counterexample,correct_partial,calm,0,glm-5.3,counterexample,training,main,canonical
4415d93e1567ad9056ab,reasoning_elicitation,1,1,conservation_of_mass,wrong_attempt,calm,0,glm-5.3,conservation_of_mass,training,main,canonical
4448b1264155e4122a69,reasoning_elicitation,0,0,main_idea,wrong_attempt,calm,0,MiniMax-M3,main_idea,training,main,canonical
45a4a087369474b18c3e,reasoning_elicitation,0,1,wave_speed,correct_partial,frustrated,1,MiniMax-M2.7,wave_speed,training,main,canonical
45c5e27b9c7e65364de7,reasoning_elicitation,0,1,speed_units,wrong_attempt,calm,1,doubao-seed-2.0-lite,unit_conversion,training,main,canonical
45d95eff4cf47e45ea2f,reasoning_elicitation,0,1,food_chain,wrong_attempt,calm,1,deepseek-v4-pro,food_web_relations,training,main,canonical
46040f40feaf34559d17,reasoning_elicitation,0,1,rectangle_width,wrong_attempt,frustrated,1,MiniMax-M2.7,rectangle_perimeter,training,main,canonical
4616aa52d82f90b2a441,reasoning_elicitation,0,1,classifier_precision,correct_partial,calm,1,doubao-seed-2.0-lite,classification_metrics,training,main,canonical
461a61db67beb0750d7d,reasoning_elicitation,0,1,thermal_energy,wrong_attempt,frustrated,0,MiniMax-M2.7,specific_heat,training,main,canonical
464eacbe32df221ac1f4,reasoning_elicitation,0,1,arithmetic_sequence,wrong_attempt,frustrated,1,MiniMax-M2.7,arithmetic_sequence,training,main,canonical
467a0a6b4292f31ae21b,reasoning_elicitation,1,1,discount_price,correct_partial,calm,0,MiniMax-M3,discount_price,training,main,canonical
46be26109b5a947c6588,reasoning_elicitation,0,1,subject_verb_agreement,wrong_attempt,calm,1,MiniMax-M3,subject_verb_agreement,training,main,canonical
46dcac31bef7f426925b,reasoning_elicitation,1,1,modifier_attachment,wrong_attempt,frustrated,1,glm-5.3,modifier_attachment,training,main,canonical
46f5c726eb8086c2e484,reasoning_elicitation,1,0,food_chain,wrong_attempt,frustrated,1,MiniMax-M3,food_web_relations,training,main,canonical
4730043b336b53476fe0,reasoning_elicitation,0,1,simple_inheritance,correct_partial,frustrated,0,MiniMax-M3,mendelian_inheritance,training,main,canonical
479fa05e32aa10be31c2,reasoning_elicitation,0,1,classifier_precision,correct_partial,frustrated,0,MiniMax-M3,classification_metrics,training,main,canonical
47d470fccafcb43b8eff,reasoning_elicitation,1,0,circuit_current,wrong_attempt,frustrated,0,doubao-seed-2.0-lite,ohms_law,training,main,canonical
4859a5c83e5e5ccb6e5b,reasoning_elicitation,0,1,conditional_inference,wrong_attempt,calm,0,MiniMax-M3,conditional_inference,training,main,canonical
48db7355665a9283e7f3,reasoning_elicitation,0,1,net_force,wrong_attempt,calm,0,MiniMax-M2.7,newtons_second_law,training,main,canonical
4962626092a7e7d8cbf4,reasoning_elicitation,0,1,arithmetic_mean,correct_partial,frustrated,1,MiniMax-M2.7,averaging,training,main,canonical
4a6f82c45fc98419e780,reasoning_elicitation,0,1,past_tense,wrong_attempt,calm,1,MiniMax-M2.7,tense_consistency,training,main,canonical
4aafbee9929c0200e743,reasoning_elicitation,1,1,conjunctive_rule,correct_partial,frustrated,1,glm-5.3,conjunctive_rule,training,main,canonical
4ab544a076d26b2844ae,reasoning_elicitation,0,1,thermal_energy,wrong_attempt,frustrated,1,MiniMax-M2.7,specific_heat,training,main,canonical
4ab9916d02225a90253f,reasoning_elicitation,0,1,weighted_mean,correct_partial,calm,1,doubao-seed-2.0-lite,averaging,training,main,canonical
4af1a1bc9af9533bf3d9,reasoning_elicitation,0,1,conjunctive_rule,correct_partial,calm,0,doubao-seed-2.0-lite,conjunctive_rule,training,main,canonical
4b84e1881194e5cdcb26,reasoning_elicitation,0,1,relevant_support,correct_partial,frustrated,0,MiniMax-M2.7,argument_relevance,training,main,canonical
4c0e31059071e9ea07b0,reasoning_elicitation,1,0,subject_verb_agreement,wrong_attempt,calm,1,doubao-seed-2.0-lite,subject_verb_agreement,training,main,canonical
4c47783e0f67c90b1111,reasoning_elicitation,1,1,speed_units,wrong_attempt,calm,0,glm-5.3,unit_conversion,training,main,canonical
4c50243f2397f5fd1578,reasoning_elicitation,0,1,circuit_current,wrong_attempt,frustrated,1,MiniMax-M2.7,ohms_law,training,main,canonical
4cab5325a89c4d8f74e1,reasoning_elicitation,1,1,conservation_of_mass,correct_partial,frustrated,1,glm-5.3,conservation_of_mass,training,main,canonical
4ce2a2d721d3ea47b8c6,reasoning_elicitation,0,1,ordering_constraints,correct_partial,frustrated,0,deepseek-v4-pro,ordering_constraints,training,main,canonical
4cff3a684511df1ee95d,reasoning_elicitation,0,1,conditional_inference,wrong_attempt,frustrated,0,doubao-seed-2.0-lite,conditional_inference,training,main,canonical
4d57ef4f346372867c71,reasoning_elicitation,0,1,pronoun_reference,correct_partial,frustrated,0,MiniMax-M2.7,pronoun_reference,training,main,canonical
4e83bbc648d77ae7b264,reasoning_elicitation,0,1,main_idea,correct_partial,calm,0,doubao-seed-2.0-lite,main_idea,training,main,canonical
4eb566699d7bf1d7b525,reasoning_elicitation,0,1,arithmetic_mean,wrong_attempt,calm,1,doubao-seed-2.0-lite,averaging,training,main,canonical
4f1a15017d71ba6bd980,reasoning_elicitation,1,1,weighted_mean,correct_partial,frustrated,1,MiniMax-M3,averaging,training,main,canonical
4febd5b1397306e748e5,reasoning_elicitation,1,1,wave_speed,wrong_attempt,calm,0,glm-5.3,wave_speed,training,main,canonical
504dfb0c90650d57b90e,reasoning_elicitation,0,1,past_tense,wrong_attempt,calm,1,MiniMax-M3,tense_consistency,training,main,canonical
505154a9577ab32a5246,reasoning_elicitation,0,1,relevant_support,wrong_attempt,frustrated,1,doubao-seed-2.0-lite,argument_relevance,training,main,canonical
5056ec8e473917b2e221,reasoning_elicitation,0,1,conservation_of_mass,wrong_attempt,frustrated,1,deepseek-v4-pro,conservation_of_mass,training,main,canonical
5070361083c46b99aed5,reasoning_elicitation,0,1,weighted_mean,correct_partial,calm,1,deepseek-v4-pro,averaging,training,main,canonical
50c8150cd1764801b14b,reasoning_elicitation,0,1,ratio_partition,wrong_attempt,calm,1,deepseek-v4-pro,ratio_partition,training,main,canonical
50dda38e6c2a09f305e4,reasoning_elicitation,0,1,arithmetic_mean,correct_partial,frustrated,0,MiniMax-M3,averaging,training,main,canonical
5122a17645c6fefaa6b5,reasoning_elicitation,0,1,circuit_current,wrong_attempt,frustrated,1,deepseek-v4-pro,ohms_law,training,main,canonical
514747420053d69f2ab3,reasoning_elicitation,0,1,conditional_inference,correct_partial,frustrated,1,MiniMax-M2.7,conditional_inference,training,main,canonical
521584473f579e2524bd,reasoning_elicitation,0,1,experimental_variable,wrong_attempt,frustrated,0,doubao-seed-2.0-lite,experimental_design,training,main,canonical
5288d6e702b0d7d43a53,reasoning_elicitation,0,1,conservation_of_mass,correct_partial,calm,1,MiniMax-M2.7,conservation_of_mass,training,main,canonical
52b3833d0e3a1eddd4ea,reasoning_elicitation,1,1,rectangle_width,correct_partial,calm,0,glm-5.3,rectangle_perimeter,training,main,canonical
5313632bbceb641d84ea,reasoning_elicitation,1,1,wave_speed,correct_partial,calm,1,glm-5.3,wave_speed,training,main,canonical
5355e573f65501e408ae,reasoning_elicitation,0,1,circuit_current,correct_partial,calm,1,MiniMax-M2.7,ohms_law,training,main,canonical
538c0af50cb046a94cbd,reasoning_elicitation,0,1,expected_points,wrong_attempt,frustrated,1,doubao-seed-2.0-lite,expected_value,training,main,canonical
54b24fcbab1ccf7d68e4,reasoning_elicitation,1,1,arithmetic_mean,wrong_attempt,frustrated,0,MiniMax-M3,averaging,training,main,canonical
54d64cae24c2c793db35,reasoning_elicitation,0,1,speed_units,correct_partial,calm,0,MiniMax-M2.7,unit_conversion,training,main,canonical
54e97878f7e6313b1efc,reasoning_elicitation,1,1,fact_opinion,wrong_attempt,frustrated,0,glm-5.3,fact_opinion,training,main,canonical
54f32f1c2a89a10de092,reasoning_elicitation,1,1,arithmetic_sequence,wrong_attempt,calm,0,MiniMax-M3,arithmetic_sequence,training,main,canonical
55a9f4b5af6d2aff12b0,reasoning_elicitation,0,1,simple_inheritance,wrong_attempt,frustrated,0,deepseek-v4-pro,mendelian_inheritance,training,main,canonical
55e036d6cda47dc5327a,reasoning_elicitation,1,1,subject_verb_agreement,wrong_attempt,frustrated,0,glm-5.3,subject_verb_agreement,training,main,canonical
5750c66dd0164e87e80f,reasoning_elicitation,1,1,modifier_attachment,wrong_attempt,frustrated,0,glm-5.3,modifier_attachment,training,main,canonical
57740f1a7a3579dafa6a,reasoning_elicitation,1,1,conditional_inference,correct_partial,calm,0,glm-5.3,conditional_inference,training,main,canonical
57bf18c2a33aeee4859f,reasoning_elicitation,0,1,ordering_constraints,wrong_attempt,calm,1,MiniMax-M2.7,ordering_constraints,training,main,canonical
57cf0bccbcf16b74fbb5,reasoning_elicitation,0,1,modifier_attachment,wrong_attempt,calm,0,MiniMax-M2.7,modifier_attachment,training,main,canonical
58626735d8b79c1706e9,reasoning_elicitation,0,1,comma_splice,wrong_attempt,frustrated,0,deepseek-v4-pro,clause_punctuation,training,main,canonical
58bdde7777a2cc2bc147,reasoning_elicitation,1,0,fact_opinion,wrong_attempt,calm,0,MiniMax-M3,fact_opinion,training,main,canonical
5918cd17f72b7ea957d0,reasoning_elicitation,0,0,experimental_variable,correct_partial,calm,0,MiniMax-M3,experimental_design,training,main,canonical
59b2eb122b23e12925e1,reasoning_elicitation,0,1,food_chain,correct_partial,frustrated,1,MiniMax-M2.7,food_web_relations,training,main,canonical
59e2388c21dd7840262b,reasoning_elicitation,0,1,circuit_current,correct_partial,frustrated,0,MiniMax-M3,ohms_law,training,main,canonical
5af4e5e058056efa2ddf,reasoning_elicitation,0,1,comma_splice,correct_partial,calm,1,deepseek-v4-pro,clause_punctuation,training,main,canonical
5b142c4b8e1abf19682c,reasoning_elicitation,0,1,thermal_energy,correct_partial,calm,1,MiniMax-M2.7,specific_heat,training,main,canonical
5b230bec0234f56e96fb,reasoning_elicitation,0,1,past_tense,correct_partial,calm,1,doubao-seed-2.0-lite,tense_consistency,training,main,canonical
5b24e30ed4cfdb569cce,reasoning_elicitation,0,1,wave_speed,correct_partial,calm,1,doubao-seed-2.0-lite,wave_speed,training,main,canonical
5ba5ceaae66b84512d7a,reasoning_elicitation,0,1,comma_splice,correct_partial,calm,0,MiniMax-M2.7,clause_punctuation,training,main,canonical
5bd0084b8db4ce044ee7,reasoning_elicitation,1,1,simple_inheritance,correct_partial,calm,1,MiniMax-M3,mendelian_inheritance,training,main,canonical
5c7df9e84e8d85322add,reasoning_elicitation,0,0,arithmetic_sequence,wrong_attempt,frustrated,1,deepseek-v4-pro,arithmetic_sequence,training,main,canonical
5c861e298d962de678fe,reasoning_elicitation,1,1,modifier_attachment,correct_partial,frustrated,1,MiniMax-M3,modifier_attachment,training,main,canonical
5caa94052fc7a7992ae2,reasoning_elicitation,0,1,weighted_mean,correct_partial,frustrated,0,MiniMax-M3,averaging,training,main,canonical
5d659d4cc2829edaac54,reasoning_elicitation,0,1,universal_counterexample,wrong_attempt,calm,1,MiniMax-M2.7,counterexample,training,main,canonical
5d6d0f0965e1b4608cc3,reasoning_elicitation,0,1,single_draw_probability,wrong_attempt,calm,1,doubao-seed-2.0-lite,single_draw_probability,training,main,canonical
5dc685c7aa1bde246af9,reasoning_elicitation,0,1,circuit_current,wrong_attempt,frustrated,0,MiniMax-M2.7,ohms_law,training,main,canonical
5ddbf15f48c3d55973b4,reasoning_elicitation,0,1,fact_opinion,wrong_attempt,frustrated,0,MiniMax-M2.7,fact_opinion,training,main,canonical
5de5ea40d59db10fb605,reasoning_elicitation,0,1,modifier_attachment,correct_partial,calm,1,doubao-seed-2.0-lite,modifier_attachment,training,main,canonical
5eb296486c7088a55413,reasoning_elicitation,1,1,ratio_partition,correct_partial,frustrated,0,glm-5.3,ratio_partition,training,main,canonical
5eb321b32f8a118f2d86,reasoning_elicitation,0,1,expected_points,wrong_attempt,calm,1,doubao-seed-2.0-lite,expected_value,training,main,canonical
5fd7a96dcacba9cd3b84,reasoning_elicitation,0,1,classifier_precision,correct_partial,frustrated,0,doubao-seed-2.0-lite,classification_metrics,training,main,canonical
608b780fe17303a76d33,reasoning_elicitation,1,1,weighted_mean,wrong_attempt,calm,1,glm-5.3,averaging,training,main,canonical
60ee0d0a2a69fc89f45d,reasoning_elicitation,0,1,main_idea,correct_partial,frustrated,0,deepseek-v4-pro,main_idea,training,main,canonical
61068c8c84a0f8661c03,reasoning_elicitation,0,1,conditional_inference,correct_partial,calm,1,deepseek-v4-pro,conditional_inference,training,main,canonical
61390c8884e29ecefd47,reasoning_elicitation,0,1,map_scale,wrong_attempt,calm,1,doubao-seed-2.0-lite,unit_conversion,training,main,canonical
613b77decc9aa9a2e5d3,reasoning_elicitation,0,1,simple_inheritance,correct_partial,frustrated,0,MiniMax-M2.7,mendelian_inheritance,training,main,canonical
61eb3e20aa7cbfcc1bf4,reasoning_elicitation,0,1,map_scale,wrong_attempt,calm,0,deepseek-v4-pro,unit_conversion,training,main,canonical
6246025a004581ecf5d9,reasoning_elicitation,0,1,fact_opinion,wrong_attempt,calm,0,MiniMax-M2.7,fact_opinion,training,main,canonical
6259b6f0a2b91de0a916,reasoning_elicitation,0,1,subject_verb_agreement,wrong_attempt,calm,1,MiniMax-M2.7,subject_verb_agreement,training,main,canonical
64479570b385be2930e4,reasoning_elicitation,0,1,modifier_attachment,correct_partial,calm,0,doubao-seed-2.0-lite,modifier_attachment,training,main,canonical
64854bfffd08dc4034be,reasoning_elicitation,0,1,net_force,wrong_attempt,frustrated,1,deepseek-v4-pro,newtons_second_law,training,main,canonical
65659e30c4646b8a01e0,reasoning_elicitation,0,1,discount_price,wrong_attempt,calm,1,MiniMax-M2.7,discount_price,training,main,canonical
6678e739d5f302752b2e,reasoning_elicitation,0,1,pronoun_reference,correct_partial,calm,1,deepseek-v4-pro,pronoun_reference,training,main,canonical
66bb0699957a0572fea2,reasoning_elicitation,0,1,experimental_variable,wrong_attempt,frustrated,0,MiniMax-M3,experimental_design,training,main,canonical
66e6bff72b5492eeb172,reasoning_elicitation,0,1,map_scale,wrong_attempt,frustrated,1,doubao-seed-2.0-lite,unit_conversion,training,main,canonical
677bdeacfd11ff13efc5,reasoning_elicitation,0,1,expected_points,correct_partial,calm,0,deepseek-v4-pro,expected_value,training,main,canonical
677c7b26513236f7e64e,reasoning_elicitation,0,1,ordering_constraints,correct_partial,calm,1,deepseek-v4-pro,ordering_constraints,training,main,canonical
67f026e2d5e6f3fe1431,reasoning_elicitation,0,0,classifier_precision,wrong_attempt,frustrated,0,MiniMax-M3,classification_metrics,training,main,canonical
68180f90e03615186db3,reasoning_elicitation,0,1,pronoun_reference,correct_partial,frustrated,0,deepseek-v4-pro,pronoun_reference,training,main,canonical
686777fbb706741be797,reasoning_elicitation,1,1,conditional_inference,correct_partial,calm,1,MiniMax-M3,conditional_inference,training,main,canonical
687a421b75e20734483d,reasoning_elicitation,0,1,weighted_mean,correct_partial,calm,0,deepseek-v4-pro,averaging,training,main,canonical
68a22ad7abadabaf6c91,reasoning_elicitation,1,1,main_idea,correct_partial,calm,1,glm-5.3,main_idea,training,main,canonical
68d9e3e1ded6b0ccc6ac,reasoning_elicitation,1,1,conjunctive_rule,correct_partial,calm,1,glm-5.3,conjunctive_rule,training,main,canonical
69558e373b7fc4be4228,reasoning_elicitation,0,1,past_tense,wrong_attempt,calm,0,MiniMax-M2.7,tense_consistency,training,main,canonical
695be5886658baf52df9,reasoning_elicitation,0,1,expected_points,wrong_attempt,calm,1,MiniMax-M2.7,expected_value,training,main,canonical
6980505169ed95cb3526,reasoning_elicitation,0,1,modifier_attachment,correct_partial,calm,0,deepseek-v4-pro,modifier_attachment,training,main,canonical
699f5e8feb1424c26888,reasoning_elicitation,0,1,set_entailment,wrong_attempt,frustrated,0,doubao-seed-2.0-lite,set_entailment,training,main,canonical
69b1a0b26f81596a7ee7,reasoning_elicitation,0,1,set_entailment,correct_partial,calm,1,deepseek-v4-pro,set_entailment,training,main,canonical
69d3a451aa057a8818b7,reasoning_elicitation,0,1,experimental_variable,correct_partial,calm,0,deepseek-v4-pro,experimental_design,training,main,canonical
69e2c89fc205fb263509,reasoning_elicitation,0,1,subject_verb_agreement,wrong_attempt,frustrated,0,deepseek-v4-pro,subject_verb_agreement,training,main,canonical
6a605350a8c5aa0542be,reasoning_elicitation,0,1,wave_speed,correct_partial,frustrated,0,MiniMax-M3,wave_speed,training,main,canonical
6a98418f5948ed5e3f03,reasoning_elicitation,0,1,conservation_of_mass,correct_partial,calm,0,MiniMax-M2.7,conservation_of_mass,training,main,canonical
6a9fd560cfd7ea47caf5,reasoning_elicitation,0,1,net_force,wrong_attempt,calm,0,deepseek-v4-pro,newtons_second_law,training,main,canonical
6aaf74c4d4c8582df4ae,reasoning_elicitation,0,1,past_tense,correct_partial,frustrated,0,deepseek-v4-pro,tense_consistency,training,main,canonical
6ae9850da92344c23803,reasoning_elicitation,0,1,conjunctive_rule,correct_partial,frustrated,0,doubao-seed-2.0-lite,conjunctive_rule,training,main,canonical
6aea59a4181fc5eb4e7e,reasoning_elicitation,0,1,ratio_partition,wrong_attempt,calm,1,doubao-seed-2.0-lite,ratio_partition,training,main,canonical
6b7f925aeac6bbeffe07,reasoning_elicitation,0,1,fact_opinion,correct_partial,frustrated,0,MiniMax-M2.7,fact_opinion,training,main,canonical
6c98504199a33c4c800a,reasoning_elicitation,1,1,fact_opinion,correct_partial,calm,1,glm-5.3,fact_opinion,training,main,canonical
6c9ef446333cbf874ed3,reasoning_elicitation,0,0,relevant_support,correct_partial,calm,1,MiniMax-M3,argument_relevance,training,main,canonical
6d18a3fcff651e687c64,reasoning_elicitation,0,1,modifier_attachment,wrong_attempt,frustrated,1,MiniMax-M2.7,modifier_attachment,training,main,canonical
6d58abe9058019a0dc4b,reasoning_elicitation,0,1,comma_splice,wrong_attempt,frustrated,1,MiniMax-M2.7,clause_punctuation,training,main,canonical
6d91f1fcd2c9c7e855a8,reasoning_elicitation,1,1,ratio_partition,correct_partial,frustrated,1,MiniMax-M3,ratio_partition,training,main,canonical
6d990e07e7fbde7aba6c,reasoning_elicitation,0,1,universal_counterexample,correct_partial,frustrated,1,doubao-seed-2.0-lite,counterexample,training,main,canonical
6e03262009dfe5d78c22,reasoning_elicitation,0,0,relevant_support,wrong_attempt,frustrated,0,MiniMax-M2.7,argument_relevance,training,main,canonical
6e40a13e52ebb9d05726,reasoning_elicitation,1,1,rectangle_width,wrong_attempt,frustrated,1,glm-5.3,rectangle_perimeter,training,main,canonical
6e69e873968d095fa314,reasoning_elicitation,1,1,universal_counterexample,correct_partial,calm,1,glm-5.3,counterexample,training,main,canonical
6e711c16627c2f92d056,reasoning_elicitation,1,1,modifier_attachment,correct_partial,frustrated,1,deepseek-v4-pro,modifier_attachment,training,main,canonical
6ee57c8c8e650bd63dd8,reasoning_elicitation,1,1,experimental_variable,correct_partial,frustrated,1,MiniMax-M3,experimental_design,training,main,canonical
6f65ef2a6765449e0847,reasoning_elicitation,0,1,ratio_partition,correct_partial,calm,1,doubao-seed-2.0-lite,ratio_partition,training,main,canonical
6fb416e1f09bcad3be18,reasoning_elicitation,0,1,arithmetic_sequence,correct_partial,frustrated,1,doubao-seed-2.0-lite,arithmetic_sequence,training,main,canonical
7056de521b939f3cfea7,reasoning_elicitation,0,0,speed_units,wrong_attempt,frustrated,0,MiniMax-M3,unit_conversion,training,main,canonical
70c239709b1d0338338c,reasoning_elicitation,0,1,universal_counterexample,correct_partial,frustrated,1,MiniMax-M3,counterexample,training,main,canonical
718600b2e28893ab722d,reasoning_elicitation,1,1,weighted_mean,wrong_attempt,frustrated,0,MiniMax-M3,averaging,training,main,canonical
72c8927651e877ecad41,reasoning_elicitation,0,1,expected_points,wrong_attempt,frustrated,0,MiniMax-M3,expected_value,training,main,canonical
72ce1f650e1cc13b8eed,reasoning_elicitation,0,1,expected_points,wrong_attempt,frustrated,0,MiniMax-M2.7,expected_value,training,main,canonical
72febde1223e4d9fd892,reasoning_elicitation,0,1,speed_units,wrong_attempt,calm,1,deepseek-v4-pro,unit_conversion,training,main,canonical
736aa6db83ed96d3998c,reasoning_elicitation,0,1,expected_points,correct_partial,frustrated,0,doubao-seed-2.0-lite,expected_value,training,main,canonical
739c0221feaf50f0577b,reasoning_elicitation,0,1,ordering_constraints,correct_partial,frustrated,0,MiniMax-M3,ordering_constraints,training,main,canonical
73b10ea54adfe6564cfe,reasoning_elicitation,0,1,conjunctive_rule,correct_partial,frustrated,0,MiniMax-M2.7,conjunctive_rule,training,main,canonical
746be5e10f295b8e5900,reasoning_elicitation,1,0,subject_verb_agreement,correct_partial,calm,0,MiniMax-M3,subject_verb_agreement,training,main,canonical
746d3e8f6a190bd6c409,reasoning_elicitation,1,1,simple_inheritance,wrong_attempt,calm,1,glm-5.3,mendelian_inheritance,training,main,canonical
747940439e064733855d,reasoning_elicitation,1,1,main_idea,correct_partial,calm,1,MiniMax-M3,main_idea,training,main,canonical
7496ab8919a6d0646a15,reasoning_elicitation,0,1,single_draw_probability,correct_partial,calm,1,doubao-seed-2.0-lite,single_draw_probability,training,main,canonical
74fb65dcaf5cf87dfff6,reasoning_elicitation,1,1,relevant_support,correct_partial,frustrated,1,glm-5.3,argument_relevance,training,main,canonical
754b9de50ddfc32c096e,reasoning_elicitation,0,1,rectangle_width,wrong_attempt,frustrated,0,MiniMax-M2.7,rectangle_perimeter,training,main,canonical
758f8f6ddafb596268b6,reasoning_elicitation,1,1,conditional_inference,correct_partial,calm,1,MiniMax-M2.7,conditional_inference,training,main,canonical
765fbb1c0b9b1eba9c5d,reasoning_elicitation,1,1,past_tense,wrong_attempt,frustrated,1,glm-5.3,tense_consistency,training,main,canonical
76d3f0ccec1547624177,reasoning_elicitation,0,1,speed_units,correct_partial,calm,1,deepseek-v4-pro,unit_conversion,training,main,canonical
7718903eb950a80e6e74,reasoning_elicitation,1,1,past_tense,wrong_attempt,frustrated,0,glm-5.3,tense_consistency,training,main,canonical
775c37af24b4a2c41cae,reasoning_elicitation,0,1,net_force,wrong_attempt,calm,1,deepseek-v4-pro,newtons_second_law,training,main,canonical
77b14b0252dd9e455d05,reasoning_elicitation,0,1,arithmetic_mean,correct_partial,calm,0,doubao-seed-2.0-lite,averaging,training,main,canonical
77bac8026221dbb2cd99,reasoning_elicitation,1,1,conservation_of_mass,correct_partial,calm,1,glm-5.3,conservation_of_mass,training,main,canonical
77e123d005251e8693e4,reasoning_elicitation,1,1,food_chain,correct_partial,frustrated,0,MiniMax-M3,food_web_relations,training,main,canonical
783d79e13cd183a0d5af,reasoning_elicitation,0,1,comma_splice,correct_partial,calm,1,MiniMax-M2.7,clause_punctuation,training,main,canonical
78ade733ad79690f4422,reasoning_elicitation,0,1,simple_inheritance,correct_partial,frustrated,1,deepseek-v4-pro,mendelian_inheritance,training,main,canonical
78b6737f77f1366a5c01,reasoning_elicitation,0,1,rectangle_width,correct_partial,frustrated,0,deepseek-v4-pro,rectangle_perimeter,training,main,canonical
78effc74f55d56834926,reasoning_elicitation,1,1,experimental_variable,correct_partial,calm,1,glm-5.3,experimental_design,training,main,canonical
7950b9688e91e8491a5d,reasoning_elicitation,0,1,arithmetic_mean,correct_partial,calm,1,deepseek-v4-pro,averaging,training,main,canonical
795ded82c69e59f7efd2,reasoning_elicitation,1,1,pronoun_reference,correct_partial,frustrated,0,MiniMax-M3,pronoun_reference,training,main,canonical
797b9508a989e5eb9661,reasoning_elicitation,1,1,fact_opinion,wrong_attempt,frustrated,1,glm-5.3,fact_opinion,training,main,canonical
7a2b333caa4687ecce2e,reasoning_elicitation,1,1,thermal_energy,wrong_attempt,calm,0,glm-5.3,specific_heat,training,main,canonical
7a877754624d8ac0d06e,reasoning_elicitation,0,1,thermal_energy,wrong_attempt,frustrated,1,MiniMax-M3,specific_heat,training,main,canonical
7ac4a5a90108e5336221,reasoning_elicitation,0,1,universal_counterexample,wrong_attempt,calm,1,deepseek-v4-pro,counterexample,training,main,canonical
7b08921bf78f46706578,reasoning_elicitation,0,1,rectangle_width,wrong_attempt,frustrated,1,doubao-seed-2.0-lite,rectangle_perimeter,training,main,canonical
7b5141c38875d8a7d641,reasoning_elicitation,0,1,single_draw_probability,correct_partial,calm,0,MiniMax-M3,single_draw_probability,training,main,canonical
7b5c1d75083aeae95952,reasoning_elicitation,0,1,thermal_energy,wrong_attempt,frustrated,0,doubao-seed-2.0-lite,specific_heat,training,main,canonical
7be7f7cde088a452bb68,reasoning_elicitation,0,1,ratio_partition,wrong_attempt,frustrated,1,deepseek-v4-pro,ratio_partition,training,main,canonical
7c0cb7ab6dbe76c935a9,reasoning_elicitation,0,1,discount_price,wrong_attempt,frustrated,1,deepseek-v4-pro,discount_price,training,main,canonical
7c7749fac0b4946795fb,reasoning_elicitation,1,1,rectangle_width,wrong_attempt,calm,1,glm-5.3,rectangle_perimeter,training,main,canonical
7eaab260c4bc42eb779d,reasoning_elicitation,1,1,modifier_attachment,wrong_attempt,frustrated,0,MiniMax-M3,modifier_attachment,training,main,canonical
7eefa0ebfda752b5509d,reasoning_elicitation,0,1,expected_points,wrong_attempt,frustrated,0,doubao-seed-2.0-lite,expected_value,training,main,canonical
7f49d6dcaa0df2493da2,reasoning_elicitation,0,1,experimental_variable,correct_partial,frustrated,1,deepseek-v4-pro,experimental_design,training,main,canonical
7fd5aae0c7fd9ff4557e,reasoning_elicitation,0,1,ordering_constraints,correct_partial,calm,1,MiniMax-M2.7,ordering_constraints,training,main,canonical
801651ef8415eb151c3d,reasoning_elicitation,0,1,universal_counterexample,wrong_attempt,frustrated,1,doubao-seed-2.0-lite,counterexample,training,main,canonical
803cde85e5ad74f4b232,reasoning_elicitation,1,1,rectangle_width,wrong_attempt,frustrated,0,MiniMax-M3,rectangle_perimeter,training,main,canonical
8057b4dd0ae893905855,reasoning_elicitation,0,0,simple_inheritance,wrong_attempt,calm,0,MiniMax-M3,mendelian_inheritance,training,main,canonical
807ae0e290c913f2bdd3,reasoning_elicitation,0,1,universal_counterexample,wrong_attempt,frustrated,1,MiniMax-M2.7,counterexample,training,main,canonical
821e385af9da21563ea3,reasoning_elicitation,1,1,universal_counterexample,correct_partial,calm,1,MiniMax-M2.7,counterexample,training,main,canonical
829290bbd1e0adf3e23b,reasoning_elicitation,0,1,experimental_variable,correct_partial,calm,1,deepseek-v4-pro,experimental_design,training,main,canonical
82c181a37a04ed6f004b,reasoning_elicitation,0,1,speed_units,correct_partial,calm,1,doubao-seed-2.0-lite,unit_conversion,training,main,canonical
82ca3d4136d7234649ac,reasoning_elicitation,0,1,speed_units,correct_partial,frustrated,1,doubao-seed-2.0-lite,unit_conversion,training,main,canonical
833de3b6fb4ee43b6a7c,reasoning_elicitation,0,1,net_force,wrong_attempt,frustrated,0,deepseek-v4-pro,newtons_second_law,training,main,canonical
83f97253ed37b58897ac,reasoning_elicitation,0,1,simple_inheritance,correct_partial,calm,0,doubao-seed-2.0-lite,mendelian_inheritance,training,main,canonical
83fff9271ef77d56d579,reasoning_elicitation,0,1,universal_counterexample,wrong_attempt,calm,1,doubao-seed-2.0-lite,counterexample,training,main,canonical
848ea25e6732704bd665,reasoning_elicitation,1,1,relevant_support,wrong_attempt,calm,0,glm-5.3,argument_relevance,training,main,canonical
84991113c60a5aff2325,reasoning_elicitation,1,1,past_tense,correct_partial,calm,0,glm-5.3,tense_consistency,training,main,canonical
84a8654fbe3f97133e2a,reasoning_elicitation,1,1,ordering_constraints,wrong_attempt,calm,0,glm-5.3,ordering_constraints,training,main,canonical
84ba88118fe5966421c0,reasoning_elicitation,1,1,simple_inheritance,wrong_attempt,calm,1,MiniMax-M3,mendelian_inheritance,training,main,canonical
84dd2e58c7fa3d4155e7,reasoning_elicitation,0,1,universal_counterexample,correct_partial,frustrated,1,deepseek-v4-pro,counterexample,training,main,canonical
84e9e64ee7c1bf45bdbf,reasoning_elicitation,0,1,simple_inheritance,wrong_attempt,calm,1,doubao-seed-2.0-lite,mendelian_inheritance,training,main,canonical
8524ddcc30359c2b7ced,reasoning_elicitation,1,1,arithmetic_sequence,wrong_attempt,frustrated,1,glm-5.3,arithmetic_sequence,training,main,canonical
852d4353a14d7be7beb4,reasoning_elicitation,0,1,relevant_support,wrong_attempt,frustrated,0,doubao-seed-2.0-lite,argument_relevance,training,main,canonical
86142e5bbfaf81a23f6d,reasoning_elicitation,0,1,universal_counterexample,wrong_attempt,calm,0,deepseek-v4-pro,counterexample,training,main,canonical
869d916e7d8f9fe32edc,reasoning_elicitation,0,1,pronoun_reference,correct_partial,calm,0,MiniMax-M3,pronoun_reference,training,main,canonical
87022bbdc172ccbf3de7,reasoning_elicitation,0,1,past_tense,correct_partial,frustrated,0,MiniMax-M2.7,tense_consistency,training,main,canonical
87dda4d0af9d5ffd04c8,reasoning_elicitation,0,1,rectangle_width,correct_partial,frustrated,1,doubao-seed-2.0-lite,rectangle_perimeter,training,main,canonical
886c6af2fbecca01fd7f,reasoning_elicitation,1,1,arithmetic_mean,correct_partial,calm,1,glm-5.3,averaging,training,main,canonical
888b630881c69ca657f7,reasoning_elicitation,0,0,weighted_mean,wrong_attempt,frustrated,1,MiniMax-M2.7,averaging,training,main,canonical
88af193f6be91974160c,reasoning_elicitation,0,1,net_force,correct_partial,frustrated,1,MiniMax-M2.7,newtons_second_law,training,main,canonical
89529b4248d04d1179d6,reasoning_elicitation,0,1,ratio_partition,correct_partial,calm,0,MiniMax-M3,ratio_partition,training,main,canonical
8967c89485d947b139ff,reasoning_elicitation,0,1,conservation_of_mass,wrong_attempt,calm,1,doubao-seed-2.0-lite,conservation_of_mass,training,main,canonical
8a8bc1c6d134cde63111,reasoning_elicitation,0,1,net_force,correct_partial,calm,1,doubao-seed-2.0-lite,newtons_second_law,training,main,canonical
8ba3b6107d340baf77c0,reasoning_elicitation,0,1,rectangle_width,correct_partial,calm,1,deepseek-v4-pro,rectangle_perimeter,training,main,canonical
8c400b596def840ead2a,reasoning_elicitation,0,1,arithmetic_mean,wrong_attempt,calm,1,MiniMax-M2.7,averaging,training,main,canonical
8c5e86394cb39711835f,reasoning_elicitation,1,1,speed_units,correct_partial,frustrated,0,glm-5.3,unit_conversion,training,main,canonical
8c7c0afe09f7e8227554,reasoning_elicitation,0,1,conjunctive_rule,wrong_attempt,frustrated,0,deepseek-v4-pro,conjunctive_rule,training,main,canonical
8cc7ebfd3ee275be6fb3,reasoning_elicitation,0,1,past_tense,correct_partial,frustrated,1,MiniMax-M3,tense_consistency,training,main,canonical
8d25826e6ee4facad5d7,reasoning_elicitation,0,1,conditional_inference,correct_partial,calm,0,deepseek-v4-pro,conditional_inference,training,main,canonical
8d647bee7b73dd94b2f8,reasoning_elicitation,0,1,comma_splice,correct_partial,frustrated,1,doubao-seed-2.0-lite,clause_punctuation,training,main,canonical
8df9f0811d2e5830099f,reasoning_elicitation,1,0,comma_splice,correct_partial,calm,1,doubao-seed-2.0-lite,clause_punctuation,training,main,canonical
8e15b98ce0dd6f9122f1,reasoning_elicitation,0,1,conjunctive_rule,wrong_attempt,calm,1,MiniMax-M2.7,conjunctive_rule,training,main,canonical
8e4c3fc46aecec90b80d,reasoning_elicitation,0,1,set_entailment,wrong_attempt,calm,0,MiniMax-M3,set_entailment,training,main,canonical
8f37eee58b2bf46ba96d,reasoning_elicitation,0,1,set_entailment,correct_partial,frustrated,1,doubao-seed-2.0-lite,set_entailment,training,main,canonical
8f9ae8aa2b1b01358d5e,reasoning_elicitation,0,1,set_entailment,wrong_attempt,frustrated,1,MiniMax-M2.7,set_entailment,training,main,canonical
8fb1babd191a80b88c2d,reasoning_elicitation,0,1,circuit_current,correct_partial,calm,0,doubao-seed-2.0-lite,ohms_law,training,main,canonical
8fca55be7007e3f568b2,reasoning_elicitation,1,1,ratio_partition,wrong_attempt,calm,1,glm-5.3,ratio_partition,training,main,canonical
8ffab764bd53ead0929c,reasoning_elicitation,1,1,discount_price,wrong_attempt,frustrated,1,glm-5.3,discount_price,training,main,canonical
907d4364dd50314272f2,reasoning_elicitation,0,1,thermal_energy,correct_partial,frustrated,1,deepseek-v4-pro,specific_heat,training,main,canonical
913a0c345f8d06b52a02,reasoning_elicitation,0,1,classifier_precision,wrong_attempt,calm,1,doubao-seed-2.0-lite,classification_metrics,training,main,canonical
9142e5efab7a693a83c6,reasoning_elicitation,0,1,comma_splice,correct_partial,frustrated,0,MiniMax-M2.7,clause_punctuation,training,main,canonical
916a44a0480545b6585a,reasoning_elicitation,0,1,fact_opinion,wrong_attempt,frustrated,1,deepseek-v4-pro,fact_opinion,training,main,canonical
9196254c1eb552d99de6,reasoning_elicitation,1,1,past_tense,correct_partial,frustrated,0,glm-5.3,tense_consistency,training,main,canonical
92072d7d5f680031c5a1,reasoning_elicitation,0,1,conservation_of_mass,correct_partial,frustrated,0,deepseek-v4-pro,conservation_of_mass,training,main,canonical
9220fc10ea94bc9c8a56,reasoning_elicitation,0,1,classifier_precision,correct_partial,calm,1,MiniMax-M2.7,classification_metrics,training,main,canonical
92d4e74aeeb05c8d3bdb,reasoning_elicitation,1,1,modifier_attachment,wrong_attempt,calm,1,doubao-seed-2.0-lite,modifier_attachment,training,main,canonical
93143dd4e531bcfb8deb,reasoning_elicitation,1,1,subject_verb_agreement,correct_partial,frustrated,1,glm-5.3,subject_verb_agreement,training,main,canonical
9381ec9efd1af3b2f834,reasoning_elicitation,0,1,wave_speed,wrong_attempt,calm,0,deepseek-v4-pro,wave_speed,training,main,canonical
9397120e6a9b0585a578,reasoning_elicitation,1,1,fact_opinion,correct_partial,frustrated,0,glm-5.3,fact_opinion,training,main,canonical
93dc93737346087b1fd5,reasoning_elicitation,0,1,conditional_inference,correct_partial,frustrated,0,MiniMax-M3,conditional_inference,training,main,canonical
942d913a4c35729af003,reasoning_elicitation,0,1,arithmetic_sequence,wrong_attempt,calm,1,doubao-seed-2.0-lite,arithmetic_sequence,training,main,canonical
946ecb3935265ee82861,reasoning_elicitation,0,1,food_chain,correct_partial,calm,0,deepseek-v4-pro,food_web_relations,training,main,canonical
9482ae09f925485f32fe,reasoning_elicitation,0,1,conjunctive_rule,wrong_attempt,calm,0,deepseek-v4-pro,conjunctive_rule,training,main,canonical
9565c363ebcbd06027fe,reasoning_elicitation,0,1,wave_speed,correct_partial,frustrated,0,glm-5.3,wave_speed,training,main,canonical
95e86fe2e336e083dbd3,reasoning_elicitation,1,0,ordering_constraints,wrong_attempt,frustrated,0,deepseek-v4-pro,ordering_constraints,training,main,canonical
95f42e47cc8ec195749b,reasoning_elicitation,0,1,simple_inheritance,wrong_attempt,calm,0,deepseek-v4-pro,mendelian_inheritance,training,main,canonical
964f8756b449da8b92ee,reasoning_elicitation,1,0,pronoun_reference,wrong_attempt,frustrated,1,MiniMax-M3,pronoun_reference,training,main,canonical
96805de8727d05475819,reasoning_elicitation,0,1,main_idea,wrong_attempt,calm,0,deepseek-v4-pro,main_idea,training,main,canonical
96f4a7a76ff38865b954,reasoning_elicitation,0,1,classifier_precision,wrong_attempt,frustrated,0,MiniMax-M2.7,classification_metrics,training,main,canonical
96ff0ded74b908841cae,reasoning_elicitation,0,1,circuit_current,correct_partial,frustrated,0,deepseek-v4-pro,ohms_law,training,main,canonical
976c97f13259071c9659,reasoning_elicitation,0,1,circuit_current,correct_partial,frustrated,1,doubao-seed-2.0-lite,ohms_law,training,main,canonical
977ed58941c9da5136ea,reasoning_elicitation,0,1,conservation_of_mass,correct_partial,frustrated,1,MiniMax-M2.7,conservation_of_mass,training,main,canonical
979adcac1390d25c174e,reasoning_elicitation,1,1,rectangle_width,wrong_attempt,calm,0,glm-5.3,rectangle_perimeter,training,main,canonical
97d0cf1144b5c48dd7b4,reasoning_elicitation,1,1,expected_points,wrong_attempt,frustrated,0,glm-5.3,expected_value,training,main,canonical
97dce9a37a0d19262a14,reasoning_elicitation,0,1,ordering_constraints,wrong_attempt,calm,1,MiniMax-M3,ordering_constraints,training,main,canonical
985919b868338a6fb566,reasoning_elicitation,1,1,modifier_attachment,correct_partial,frustrated,1,MiniMax-M2.7,modifier_attachment,training,main,canonical
9873937684db9bf8b82a,reasoning_elicitation,1,1,single_draw_probability,wrong_attempt,calm,0,glm-5.3,single_draw_probability,training,main,canonical
9898e1b3f12fdee5e09a,reasoning_elicitation,0,1,universal_counterexample,correct_partial,calm,1,doubao-seed-2.0-lite,counterexample,training,main,canonical
9911d674976719bd8847,reasoning_elicitation,1,0,discount_price,correct_partial,frustrated,0,doubao-seed-2.0-lite,discount_price,training,main,canonical
99c54cb50ec9d7050185,reasoning_elicitation,0,1,classifier_precision,correct_partial,frustrated,1,MiniMax-M2.7,classification_metrics,training,main,canonical
9a7375145231dfd25174,reasoning_elicitation,0,1,circuit_current,correct_partial,calm,1,doubao-seed-2.0-lite,ohms_law,training,main,canonical
9ae16f2514de743d9773,reasoning_elicitation,1,1,conditional_inference,correct_partial,frustrated,1,glm-5.3,conditional_inference,training,main,canonical
9b02e538e1713b9afb5c,reasoning_elicitation,1,0,speed_units,correct_partial,calm,0,doubao-seed-2.0-lite,unit_conversion,training,main,canonical
9b183969653cf4f2170f,reasoning_elicitation,1,1,weighted_mean,correct_partial,frustrated,1,glm-5.3,averaging,training,main,canonical
9c013929527c254d1090,reasoning_elicitation,0,1,net_force,correct_partial,calm,1,MiniMax-M2.7,newtons_second_law,training,main,canonical
9c17e3bf563eb8e438af,reasoning_elicitation,1,1,set_entailment,wrong_attempt,calm,0,glm-5.3,set_entailment,training,main,canonical
9c22d89f59e209310ecf,reasoning_elicitation,0,1,set_entailment,correct_partial,calm,0,doubao-seed-2.0-lite,set_entailment,training,main,canonical
9c986715a5c951b6e354,reasoning_elicitation,1,1,universal_counterexample,wrong_attempt,calm,0,glm-5.3,counterexample,training,main,canonical
9d5ec070d7b301d2b348,reasoning_elicitation,0,1,single_draw_probability,wrong_attempt,calm,1,deepseek-v4-pro,single_draw_probability,training,main,canonical
9d8714669a057da8f37f,reasoning_elicitation,1,1,pronoun_reference,correct_partial,calm,1,glm-5.3,pronoun_reference,training,main,canonical
9dbd880ba6ac1771a954,reasoning_elicitation,0,1,relevant_support,correct_partial,frustrated,0,doubao-seed-2.0-lite,argument_relevance,training,main,canonical
9de96a41d298174fa090,reasoning_elicitation,1,1,rectangle_width,wrong_attempt,frustrated,0,glm-5.3,rectangle_perimeter,training,main,canonical
9fbd5aa12e697bd449ab,reasoning_elicitation,1,1,relevant_support,wrong_attempt,calm,1,glm-5.3,argument_relevance,training,main,canonical
9fbdd0350cec000bf86e,reasoning_elicitation,1,1,arithmetic_sequence,wrong_attempt,frustrated,0,MiniMax-M3,arithmetic_sequence,training,main,canonical
a01444034b78c5539509,reasoning_elicitation,0,1,classifier_precision,correct_partial,frustrated,1,MiniMax-M3,classification_metrics,training,main,canonical
a03ca76b3f4898d5c85b,reasoning_elicitation,0,1,set_entailment,wrong_attempt,calm,1,MiniMax-M2.7,set_entailment,training,main,canonical
a0666104610cb1f4f8cb,reasoning_elicitation,0,1,simple_inheritance,wrong_attempt,frustrated,0,MiniMax-M2.7,mendelian_inheritance,training,main,canonical
a095282df5c6519f81b4,reasoning_elicitation,1,1,comma_splice,wrong_attempt,calm,1,MiniMax-M3,clause_punctuation,training,main,canonical
a0be0424bac8fcd0695e,reasoning_elicitation,1,1,arithmetic_mean,wrong_attempt,calm,0,MiniMax-M3,averaging,training,main,canonical
a0e33e9526e497f51581,reasoning_elicitation,1,1,classifier_precision,wrong_attempt,calm,0,glm-5.3,classification_metrics,training,main,canonical
a18738150f44d5525b7d,reasoning_elicitation,0,1,conservation_of_mass,correct_partial,calm,1,MiniMax-M3,conservation_of_mass,training,main,canonical
a1917235ed80326a5d8c,reasoning_elicitation,1,1,universal_counterexample,wrong_attempt,frustrated,1,glm-5.3,counterexample,training,main,canonical
a1f906717cc45b7c547c,reasoning_elicitation,1,1,set_entailment,correct_partial,frustrated,1,glm-5.3,set_entailment,training,main,canonical
a253c24691fd98c3c2ba,reasoning_elicitation,1,1,past_tense,wrong_attempt,calm,1,glm-5.3,tense_consistency,training,main,canonical
a268e99841516720473b,reasoning_elicitation,0,1,comma_splice,wrong_attempt,frustrated,1,MiniMax-M3,clause_punctuation,training,main,canonical
a2a7c9ba09d481494c5e,reasoning_elicitation,0,1,conjunctive_rule,wrong_attempt,frustrated,1,doubao-seed-2.0-lite,conjunctive_rule,training,main,canonical
a2b505be710d6c1eb973,reasoning_elicitation,0,1,fact_opinion,correct_partial,frustrated,1,doubao-seed-2.0-lite,fact_opinion,training,main,canonical
a39c2cc86f13c4abe75a,reasoning_elicitation,0,1,thermal_energy,correct_partial,frustrated,1,MiniMax-M3,specific_heat,training,main,canonical
a448ed2acef4a59e54fe,reasoning_elicitation,1,0,circuit_current,correct_partial,calm,0,MiniMax-M3,ohms_law,training,main,canonical
a4ac5af64fe6a8c356c7,reasoning_elicitation,1,1,past_tense,wrong_attempt,calm,0,glm-5.3,tense_consistency,training,main,canonical
a518790acfbee16739df,reasoning_elicitation,0,1,expected_points,correct_partial,calm,1,deepseek-v4-pro,expected_value,training,main,canonical
a6b07739f5a4fc25b03b,reasoning_elicitation,0,1,ratio_partition,wrong_attempt,frustrated,0,deepseek-v4-pro,ratio_partition,training,main,canonical
a72583761391baf87e77,reasoning_elicitation,0,1,simple_inheritance,wrong_attempt,frustrated,1,doubao-seed-2.0-lite,mendelian_inheritance,training,main,canonical
a734add5c234ef2889a3,reasoning_elicitation,0,1,past_tense,wrong_attempt,calm,0,doubao-seed-2.0-lite,tense_consistency,training,main,canonical
a749810843281a8282af,reasoning_elicitation,0,1,past_tense,correct_partial,calm,0,deepseek-v4-pro,tense_consistency,training,main,canonical
a7fa6850776c7a2fa54d,reasoning_elicitation,0,1,conjunctive_rule,correct_partial,calm,1,deepseek-v4-pro,conjunctive_rule,training,main,canonical
a8a4f7b368480ec9497e,reasoning_elicitation,0,1,simple_inheritance,correct_partial,frustrated,1,doubao-seed-2.0-lite,mendelian_inheritance,training,main,canonical
a8d31b2ae2f8a97d62ff,reasoning_elicitation,0,1,conservation_of_mass,wrong_attempt,frustrated,0,doubao-seed-2.0-lite,conservation_of_mass,training,main,canonical
a8de4cfe8d5904d939f0,reasoning_elicitation,1,1,net_force,correct_partial,frustrated,0,glm-5.3,newtons_second_law,training,main,canonical
a8f038a1d0bbdfa5dd22,reasoning_elicitation,1,1,universal_counterexample,correct_partial,frustrated,1,glm-5.3,counterexample,training,main,canonical
a90a277510d79e226be5,reasoning_elicitation,0,1,discount_price,correct_partial,frustrated,0,MiniMax-M2.7,discount_price,training,main,canonical
a955951ca2f7d9bf603f,reasoning_elicitation,0,0,fact_opinion,wrong_attempt,calm,1,MiniMax-M2.7,fact_opinion,training,main,canonical
a95df7f6c244a82f6aa8,reasoning_elicitation,0,1,classifier_precision,wrong_attempt,calm,1,MiniMax-M3,classification_metrics,training,main,canonical
a9c81d17acac28677858,reasoning_elicitation,1,1,net_force,wrong_attempt,calm,1,MiniMax-M3,newtons_second_law,training,main,canonical
a9d8d64d924147f1cba7,reasoning_elicitation,0,1,expected_points,wrong_attempt,frustrated,1,MiniMax-M2.7,expected_value,training,main,canonical
aa27e041e0bf5dfde613,reasoning_elicitation,1,1,arithmetic_mean,correct_partial,frustrated,1,MiniMax-M3,averaging,training,main,canonical
aa9ba67e19765371e0a5,reasoning_elicitation,1,1,classifier_precision,wrong_attempt,calm,1,glm-5.3,classification_metrics,training,main,canonical
ab5a897190ee04479cf9,reasoning_elicitation,0,1,speed_units,wrong_attempt,frustrated,1,deepseek-v4-pro,unit_conversion,training,main,canonical
ab6727155fc08e5a85d9,reasoning_elicitation,1,0,food_chain,wrong_attempt,calm,0,MiniMax-M3,food_web_relations,training,main,canonical
abd9a225697be8f4ce89,reasoning_elicitation,1,1,ratio_partition,correct_partial,calm,1,glm-5.3,ratio_partition,training,main,canonical
abef2aca66b0aa64046e,reasoning_elicitation,1,1,set_entailment,correct_partial,frustrated,0,MiniMax-M3,set_entailment,training,main,canonical
ad1900c36060ebd6ed3b,reasoning_elicitation,0,1,circuit_current,correct_partial,frustrated,1,deepseek-v4-pro,ohms_law,training,main,canonical
ad255b0c78b366a5e786,reasoning_elicitation,1,1,expected_points,wrong_attempt,calm,0,glm-5.3,expected_value,training,main,canonical
ad8fcbdc8d29968b07f5,reasoning_elicitation,1,1,simple_inheritance,correct_partial,calm,1,glm-5.3,mendelian_inheritance,training,main,canonical
adea3e3b7fd6f958fc35,reasoning_elicitation,0,1,past_tense,wrong_attempt,frustrated,0,deepseek-v4-pro,tense_consistency,training,main,canonical
ae0bf49052d0ad419866,reasoning_elicitation,0,0,circuit_current,wrong_attempt,frustrated,1,doubao-seed-2.0-lite,ohms_law,training,main,canonical
ae1e11eec6c967f723e4,reasoning_elicitation,1,1,net_force,wrong_attempt,calm,1,glm-5.3,newtons_second_law,training,main,canonical
ae4e986a983c433e9767,reasoning_elicitation,0,1,conservation_of_mass,correct_partial,calm,0,doubao-seed-2.0-lite,conservation_of_mass,training,main,canonical
af1407b40a7a340d8d48,reasoning_elicitation,0,1,single_draw_probability,correct_partial,frustrated,0,doubao-seed-2.0-lite,single_draw_probability,training,main,canonical
af9f740db96deda3bfd5,reasoning_elicitation,0,1,subject_verb_agreement,correct_partial,frustrated,1,MiniMax-M3,subject_verb_agreement,training,main,canonical
afe17a03045b1a2a5817,reasoning_elicitation,0,1,conjunctive_rule,correct_partial,frustrated,1,MiniMax-M3,conjunctive_rule,training,main,canonical
b06f4abd015352ea27e8,reasoning_elicitation,0,1,set_entailment,correct_partial,frustrated,1,MiniMax-M3,set_entailment,training,main,canonical
b139f125d6cda2137d5d,reasoning_elicitation,1,1,food_chain,correct_partial,frustrated,0,glm-5.3,food_web_relations,training,main,canonical
b1570494901aab91cfea,reasoning_elicitation,1,1,pronoun_reference,correct_partial,frustrated,0,glm-5.3,pronoun_reference,training,main,canonical
b19387f6046f50b8416e,reasoning_elicitation,0,1,universal_counterexample,wrong_attempt,frustrated,0,deepseek-v4-pro,counterexample,training,main,canonical
b1efbad17a4479b15a6e,reasoning_elicitation,1,1,ratio_partition,wrong_attempt,frustrated,0,glm-5.3,ratio_partition,training,main,canonical
b21878b5ce998abc2a3d,reasoning_elicitation,0,1,food_chain,wrong_attempt,frustrated,1,deepseek-v4-pro,food_web_relations,training,main,canonical
b2c8d136736ee2fd8d6d,reasoning_elicitation,0,1,wave_speed,correct_partial,calm,1,deepseek-v4-pro,wave_speed,training,main,canonical
b2d8130468571660af80,reasoning_elicitation,0,1,conditional_inference,wrong_attempt,calm,1,MiniMax-M2.7,conditional_inference,training,main,canonical
b334be3c98136da26a2c,reasoning_elicitation,0,1,simple_inheritance,wrong_attempt,frustrated,0,doubao-seed-2.0-lite,mendelian_inheritance,training,main,canonical
b35f75da1b9025cdb26f,reasoning_elicitation,0,1,conditional_inference,wrong_attempt,frustrated,0,MiniMax-M3,conditional_inference,training,main,canonical
b3b4ed84a7f213af03c6,reasoning_elicitation,1,1,arithmetic_mean,wrong_attempt,frustrated,0,glm-5.3,averaging,training,main,canonical
b3ba23259effddccdf4c,reasoning_elicitation,0,1,arithmetic_mean,wrong_attempt,frustrated,0,MiniMax-M2.7,averaging,training,main,canonical
b40f74436fb3289a1bb3,reasoning_elicitation,0,1,conservation_of_mass,wrong_attempt,frustrated,1,MiniMax-M2.7,conservation_of_mass,training,main,canonical
b460238f49be6bba0169,reasoning_elicitation,0,1,universal_counterexample,correct_partial,frustrated,0,MiniMax-M2.7,counterexample,training,main,canonical
b5621d8d2062ad7c4afc,reasoning_elicitation,0,1,comma_splice,correct_partial,calm,0,deepseek-v4-pro,clause_punctuation,training,main,canonical
b5bc903bf3a6ea939f2c,reasoning_elicitation,0,1,subject_verb_agreement,correct_partial,frustrated,0,deepseek-v4-pro,subject_verb_agreement,training,main,canonical
b610d7dda7e287c52c59,reasoning_elicitation,0,1,weighted_mean,correct_partial,calm,0,MiniMax-M3,averaging,training,main,canonical
b6643799ce77e0008754,reasoning_elicitation,1,1,comma_splice,correct_partial,frustrated,1,MiniMax-M3,clause_punctuation,training,main,canonical
b674dabc32aa69eccf71,reasoning_elicitation,0,1,past_tense,wrong_attempt,calm,1,doubao-seed-2.0-lite,tense_consistency,training,main,canonical
b68b040f48f189151cc8,reasoning_elicitation,0,1,experimental_variable,correct_partial,calm,0,doubao-seed-2.0-lite,experimental_design,training,main,canonical
b7103e06ebaf69067696,reasoning_elicitation,1,1,ordering_constraints,correct_partial,calm,0,glm-5.3,ordering_constraints,training,main,canonical
b7cc11099d76ca322a5e,reasoning_elicitation,0,1,map_scale,correct_partial,frustrated,0,MiniMax-M2.7,unit_conversion,training,main,canonical
b7d289b3afef84bc2a2a,reasoning_elicitation,1,1,map_scale,wrong_attempt,calm,0,MiniMax-M3,unit_conversion,training,main,canonical
b7eca1c0a77119d1a931,reasoning_elicitation,0,1,arithmetic_sequence,correct_partial,calm,1,MiniMax-M3,arithmetic_sequence,training,main,canonical
b7fc247ba767f7f001bf,reasoning_elicitation,1,1,pronoun_reference,correct_partial,calm,0,glm-5.3,pronoun_reference,training,main,canonical
b81756ce938545885c04,reasoning_elicitation,1,1,main_idea,correct_partial,calm,0,glm-5.3,main_idea,training,main,canonical
b84087d5e796afe12a72,reasoning_elicitation,0,1,past_tense,wrong_attempt,calm,0,deepseek-v4-pro,tense_consistency,training,main,canonical
b87a3690a622f1ed195a,reasoning_elicitation,0,1,wave_speed,wrong_attempt,calm,1,MiniMax-M3,wave_speed,training,main,canonical
b882edef7870832f7fba,reasoning_elicitation,1,1,simple_inheritance,wrong_attempt,frustrated,1,MiniMax-M3,mendelian_inheritance,training,main,canonical
b8fb4f71fd9f3a866975,reasoning_elicitation,0,1,universal_counterexample,correct_partial,frustrated,0,deepseek-v4-pro,counterexample,training,main,canonical
b922388394cb1a1515ef,reasoning_elicitation,0,1,single_draw_probability,wrong_attempt,calm,1,MiniMax-M2.7,single_draw_probability,training,main,canonical
b9324e3848fa13acc3be,reasoning_elicitation,0,1,ratio_partition,correct_partial,calm,0,doubao-seed-2.0-lite,ratio_partition,training,main,canonical
b940c4633c3d44f97762,reasoning_elicitation,1,1,experimental_variable,wrong_attempt,frustrated,0,glm-5.3,experimental_design,training,main,canonical
b98773554738753e4d2f,reasoning_elicitation,0,0,expected_points,correct_partial,frustrated,1,MiniMax-M3,expected_value,training,main,canonical
b9e9e99ed094c670100d,reasoning_elicitation,1,1,modifier_attachment,correct_partial,calm,1,glm-5.3,modifier_attachment,training,main,canonical
baef32235e0cf396260b,reasoning_elicitation,0,1,arithmetic_mean,correct_partial,calm,1,doubao-seed-2.0-lite,averaging,training,main,canonical
bb69c2d07b8cebbb05f1,reasoning_elicitation,0,1,map_scale,correct_partial,calm,0,deepseek-v4-pro,unit_conversion,training,main,canonical
bb9bababab6bf379bfc5,reasoning_elicitation,0,1,rectangle_width,correct_partial,frustrated,0,MiniMax-M3,rectangle_perimeter,training,main,canonical
bc7c4c810055715fac8e,reasoning_elicitation,1,1,discount_price,correct_partial,frustrated,0,glm-5.3,discount_price,training,main,canonical
bca712adb133a6812c57,reasoning_elicitation,0,1,single_draw_probability,correct_partial,frustrated,0,MiniMax-M2.7,single_draw_probability,training,main,canonical
bd69d4e2bd3fa4c05dc2,reasoning_elicitation,1,1,conservation_of_mass,wrong_attempt,frustrated,1,glm-5.3,conservation_of_mass,training,main,canonical
bd716b901f6b49a9a284,reasoning_elicitation,0,1,universal_counterexample,wrong_attempt,calm,1,MiniMax-M3,counterexample,training,main,canonical
bd9065ddf025d6274f14,reasoning_elicitation,0,1,universal_counterexample,correct_partial,frustrated,0,doubao-seed-2.0-lite,counterexample,training,main,canonical
bd94ad07379e3fa0d16a,reasoning_elicitation,1,1,comma_splice,correct_partial,calm,1,MiniMax-M3,clause_punctuation,training,main,canonical
bd99d931bcdc5a5d0b46,reasoning_elicitation,0,1,set_entailment,correct_partial,frustrated,0,deepseek-v4-pro,set_entailment,training,main,canonical
be39d90a87cbf51a1383,reasoning_elicitation,1,1,comma_splice,wrong_attempt,frustrated,1,glm-5.3,clause_punctuation,training,main,canonical
be40f8ec54c9718b6a9a,reasoning_elicitation,0,1,thermal_energy,correct_partial,frustrated,0,doubao-seed-2.0-lite,specific_heat,training,main,canonical
be507a261963b9c0de4c,reasoning_elicitation,1,1,thermal_energy,wrong_attempt,frustrated,1,glm-5.3,specific_heat,training,main,canonical
bed7b8e225490bfa6d85,reasoning_elicitation,0,1,subject_verb_agreement,wrong_attempt,calm,0,doubao-seed-2.0-lite,subject_verb_agreement,training,main,canonical
bf23e60b874c7dfe8f1c,reasoning_elicitation,1,1,single_draw_probability,wrong_attempt,calm,0,MiniMax-M3,single_draw_probability,training,main,canonical
bfa0001a24713f3cc44b,reasoning_elicitation,1,1,thermal_energy,correct_partial,calm,1,glm-5.3,specific_heat,training,main,canonical
bfb176e6e92922ac476c,reasoning_elicitation,0,1,subject_verb_agreement,correct_partial,frustrated,1,doubao-seed-2.0-lite,subject_verb_agreement,training,main,canonical
c058c3f209d5abb58eff,reasoning_elicitation,0,0,ordering_constraints,wrong_attempt,frustrated,1,MiniMax-M3,ordering_constraints,training,main,canonical
c088d011a3cecd1dd6e4,reasoning_elicitation,0,1,universal_counterexample,correct_partial,calm,1,deepseek-v4-pro,counterexample,training,main,canonical
c0c7522da516b4c4b2bb,reasoning_elicitation,0,1,speed_units,correct_partial,calm,1,MiniMax-M2.7,unit_conversion,training,main,canonical
c11be4619fcfe9268a6e,reasoning_elicitation,1,1,conjunctive_rule,wrong_attempt,frustrated,0,glm-5.3,conjunctive_rule,training,main,canonical
c11cfbba84fc332cdfdc,reasoning_elicitation,0,1,ordering_constraints,correct_partial,calm,0,MiniMax-M3,ordering_constraints,training,main,canonical
c12001592007e5f4c9b2,reasoning_elicitation,0,1,conjunctive_rule,correct_partial,calm,1,MiniMax-M3,conjunctive_rule,training,main,canonical
c17f6af6eb3d7101c4dd,reasoning_elicitation,0,1,single_draw_probability,wrong_attempt,frustrated,1,doubao-seed-2.0-lite,single_draw_probability,training,main,canonical
c1d736395049cc430215,reasoning_elicitation,0,1,main_idea,correct_partial,frustrated,1,MiniMax-M2.7,main_idea,training,main,canonical
c1eff27e288e468a9b30,reasoning_elicitation,0,1,simple_inheritance,correct_partial,calm,0,deepseek-v4-pro,mendelian_inheritance,training,main,canonical
c2146ed24ef95ed46bfd,reasoning_elicitation,0,1,single_draw_probability,correct_partial,frustrated,0,glm-5.3,single_draw_probability,training,main,canonical
c25fb5daa505f8e92921,reasoning_elicitation,0,1,map_scale,correct_partial,frustrated,1,doubao-seed-2.0-lite,unit_conversion,training,main,canonical
c3930f2cfdcbe75d4414,reasoning_elicitation,1,1,simple_inheritance,correct_partial,frustrated,0,glm-5.3,mendelian_inheritance,training,main,canonical
c3f035e717a50ae3f4e1,reasoning_elicitation,0,1,conservation_of_mass,correct_partial,frustrated,1,doubao-seed-2.0-lite,conservation_of_mass,training,main,canonical
c48b441ef8b67c5bc02e,reasoning_elicitation,0,1,conjunctive_rule,wrong_attempt,frustrated,1,MiniMax-M2.7,conjunctive_rule,training,main,canonical
c53030845c9aac1d5e07,reasoning_elicitation,0,1,arithmetic_sequence,correct_partial,calm,0,MiniMax-M3,arithmetic_sequence,training,main,canonical
c58321e5f1ab6ee0653b,reasoning_elicitation,1,1,universal_counterexample,wrong_attempt,frustrated,1,MiniMax-M3,counterexample,training,main,canonical
c598cf68408b8d141f22,reasoning_elicitation,1,1,relevant_support,wrong_attempt,calm,0,MiniMax-M3,argument_relevance,training,main,canonical
c5dd1c8a4049997dc451,reasoning_elicitation,1,1,arithmetic_mean,wrong_attempt,frustrated,1,MiniMax-M3,averaging,training,main,canonical
c61e6de6879320a1a170,reasoning_elicitation,1,1,map_scale,correct_partial,calm,0,glm-5.3,unit_conversion,training,main,canonical
c639b415d07fefd2c127,reasoning_elicitation,0,1,expected_points,correct_partial,calm,1,MiniMax-M3,expected_value,training,main,canonical
c6bba14ad4161b320d24,reasoning_elicitation,1,1,arithmetic_mean,correct_partial,frustrated,1,glm-5.3,averaging,training,main,canonical
c6ce0e009c7fea9981eb,reasoning_elicitation,0,1,circuit_current,wrong_attempt,calm,0,deepseek-v4-pro,ohms_law,training,main,canonical
c6e775697b903ad60da2,reasoning_elicitation,0,1,conjunctive_rule,wrong_attempt,calm,1,deepseek-v4-pro,conjunctive_rule,training,main,canonical
c8745fe5506cf8dba278,reasoning_elicitation,0,1,expected_points,correct_partial,frustrated,1,doubao-seed-2.0-lite,expected_value,training,main,canonical
c88f9999853f92195e01,reasoning_elicitation,1,1,main_idea,wrong_attempt,calm,0,glm-5.3,main_idea,training,main,canonical
c8a2a0a3b9c8ee6885cc,reasoning_elicitation,0,1,food_chain,wrong_attempt,frustrated,0,doubao-seed-2.0-lite,food_web_relations,training,main,canonical
c92f1c9307cb1cd88d4b,reasoning_elicitation,0,1,weighted_mean,wrong_attempt,calm,0,MiniMax-M2.7,averaging,training,main,canonical
c93234a1b138f73d2011,reasoning_elicitation,0,1,classifier_precision,correct_partial,calm,0,deepseek-v4-pro,classification_metrics,training,main,canonical
c99e3ff351f30b45c4c0,reasoning_elicitation,0,1,speed_units,correct_partial,frustrated,0,MiniMax-M2.7,unit_conversion,training,main,canonical
cb365e9717f84da0057c,reasoning_elicitation,0,1,main_idea,correct_partial,calm,0,deepseek-v4-pro,main_idea,training,main,canonical
cb73ac663672f32fe4fc,reasoning_elicitation,0,1,food_chain,correct_partial,frustrated,1,doubao-seed-2.0-lite,food_web_relations,training,main,canonical
cb93b7e1f9063ec40e6b,reasoning_elicitation,0,1,net_force,correct_partial,calm,1,MiniMax-M3,newtons_second_law,training,main,canonical
cbbb793cf58216920616,reasoning_elicitation,0,1,fact_opinion,wrong_attempt,calm,1,deepseek-v4-pro,fact_opinion,training,main,canonical
cbfaaaa80ba21c460131,reasoning_elicitation,0,1,weighted_mean,wrong_attempt,frustrated,0,deepseek-v4-pro,averaging,training,main,canonical
cbff042db64a376a8c4d,reasoning_elicitation,0,1,rectangle_width,wrong_attempt,frustrated,0,doubao-seed-2.0-lite,rectangle_perimeter,training,main,canonical
cc2e24e004ea2c29678f,reasoning_elicitation,0,1,expected_points,correct_partial,frustrated,1,MiniMax-M2.7,expected_value,training,main,canonical
cc78051f8cd68f4b91a9,reasoning_elicitation,0,1,conjunctive_rule,correct_partial,frustrated,1,doubao-seed-2.0-lite,conjunctive_rule,training,main,canonical
cc8bd8932e28b8497fe1,reasoning_elicitation,0,1,set_entailment,correct_partial,calm,1,MiniMax-M2.7,set_entailment,training,main,canonical
cca81343568469f09b65,reasoning_elicitation,0,1,circuit_current,wrong_attempt,calm,0,MiniMax-M3,ohms_law,training,main,canonical
ccb440d97614daa955ef,reasoning_elicitation,1,1,thermal_energy,correct_partial,frustrated,1,glm-5.3,specific_heat,training,main,canonical
cce1d64581816af54c86,reasoning_elicitation,0,1,ratio_partition,wrong_attempt,calm,0,MiniMax-M2.7,ratio_partition,training,main,canonical
cd029137cd8e4b51fd1e,reasoning_elicitation,0,1,modifier_attachment,wrong_attempt,frustrated,1,doubao-seed-2.0-lite,modifier_attachment,training,main,canonical
cd258d7042ad47ac9262,reasoning_elicitation,0,1,ordering_constraints,wrong_attempt,frustrated,0,doubao-seed-2.0-lite,ordering_constraints,training,main,canonical
ce18e314b9f7248df70d,reasoning_elicitation,1,1,modifier_attachment,wrong_attempt,calm,0,doubao-seed-2.0-lite,modifier_attachment,training,main,canonical
ce4f08069201206823c9,reasoning_elicitation,0,1,single_draw_probability,correct_partial,calm,0,doubao-seed-2.0-lite,single_draw_probability,training,main,canonical
ce64e23ceb0fc502be6e,reasoning_elicitation,0,1,rectangle_width,wrong_attempt,calm,1,deepseek-v4-pro,rectangle_perimeter,training,main,canonical
ce6b8d184354f4ab5b3a,reasoning_elicitation,0,0,conjunctive_rule,wrong_attempt,calm,0,MiniMax-M3,conjunctive_rule,training,main,canonical
ce6e40215e46db08f901,reasoning_elicitation,1,1,arithmetic_mean,wrong_attempt,calm,0,glm-5.3,averaging,training,main,canonical
cf128839820a0bfda880,reasoning_elicitation,0,1,rectangle_width,wrong_attempt,calm,1,MiniMax-M2.7,rectangle_perimeter,training,main,canonical
cfbb32ef3d76b7e52bca,reasoning_elicitation,0,1,food_chain,correct_partial,frustrated,0,MiniMax-M2.7,food_web_relations,training,main,canonical
cfd9263ca7ff2694f597,reasoning_elicitation,1,1,past_tense,correct_partial,calm,1,glm-5.3,tense_consistency,training,main,canonical
cfd946cf865ca1c35950,reasoning_elicitation,0,1,arithmetic_mean,wrong_attempt,frustrated,0,deepseek-v4-pro,averaging,training,main,canonical
d05bca6113e6f9a72351,reasoning_elicitation,0,1,ratio_partition,wrong_attempt,calm,0,MiniMax-M3,ratio_partition,training,main,canonical
d0843b184dbf9ec5ddad,reasoning_elicitation,0,1,expected_points,wrong_attempt,calm,0,MiniMax-M3,expected_value,training,main,canonical
d097f18e55128b4198f0,reasoning_elicitation,1,1,pronoun_reference,correct_partial,frustrated,1,MiniMax-M3,pronoun_reference,training,main,canonical
d0e740d58f257c089eed,reasoning_elicitation,0,1,map_scale,correct_partial,calm,1,doubao-seed-2.0-lite,unit_conversion,training,main,canonical
d169eee50144f66184ca,reasoning_elicitation,1,1,modifier_attachment,wrong_attempt,frustrated,0,MiniMax-M2.7,modifier_attachment,training,main,canonical
d29b7f3778ed44881de5,reasoning_elicitation,0,1,modifier_attachment,wrong_attempt,calm,1,deepseek-v4-pro,modifier_attachment,training,main,canonical
d30241da7761d36cd1ac,reasoning_elicitation,0,1,ratio_partition,correct_partial,frustrated,0,MiniMax-M2.7,ratio_partition,training,main,canonical
d316e0fb6a11639f24bb,reasoning_elicitation,0,1,subject_verb_agreement,correct_partial,calm,0,deepseek-v4-pro,subject_verb_agreement,training,main,canonical
d322f9774e7944ff62f7,reasoning_elicitation,1,0,past_tense,correct_partial,frustrated,0,MiniMax-M3,tense_consistency,training,main,canonical
d341c28625af8ce4cb9f,reasoning_elicitation,0,1,modifier_attachment,correct_partial,calm,1,deepseek-v4-pro,modifier_attachment,training,main,canonical
d3e7b6fe735e195f2671,reasoning_elicitation,0,0,single_draw_probability,wrong_attempt,frustrated,0,MiniMax-M3,single_draw_probability,training,main,canonical
d406278524565b57323d,reasoning_elicitation,1,1,classifier_precision,correct_partial,calm,0,glm-5.3,classification_metrics,training,main,canonical
d41fd5bd1e767f4bb3cc,reasoning_elicitation,0,1,conjunctive_rule,wrong_attempt,frustrated,0,MiniMax-M2.7,conjunctive_rule,training,main,canonical
d482222688cde02f0d1c,reasoning_elicitation,0,1,ordering_constraints,correct_partial,calm,1,doubao-seed-2.0-lite,ordering_constraints,training,main,canonical
d4d11c630f52629c8584,reasoning_elicitation,0,1,circuit_current,correct_partial,frustrated,0,MiniMax-M2.7,ohms_law,training,main,canonical
d50369dbe3066134132f,reasoning_elicitation,1,1,discount_price,wrong_attempt,calm,1,glm-5.3,discount_price,training,main,canonical
d534b3cf2d6f682a3ab3,reasoning_elicitation,0,1,wave_speed,wrong_attempt,frustrated,0,doubao-seed-2.0-lite,wave_speed,training,main,canonical
d5a81cfed7d5ae597543,reasoning_elicitation,1,1,fact_opinion,wrong_attempt,calm,1,glm-5.3,fact_opinion,training,main,canonical
d5fef8fdb288b08e01ca,reasoning_elicitation,0,1,fact_opinion,correct_partial,calm,0,MiniMax-M2.7,fact_opinion,training,main,canonical
d6094c52111b53bf2cd5,reasoning_elicitation,0,1,rectangle_width,correct_partial,frustrated,1,deepseek-v4-pro,rectangle_perimeter,training,main,canonical
d610560553dcbeb5a6b8,reasoning_elicitation,1,1,modifier_attachment,correct_partial,calm,0,glm-5.3,modifier_attachment,training,main,canonical
d6341159d5c7eedea555,reasoning_elicitation,0,1,main_idea,correct_partial,calm,1,deepseek-v4-pro,main_idea,training,main,canonical
d6570a92106f1020abd4,reasoning_elicitation,1,1,comma_splice,correct_partial,frustrated,1,glm-5.3,clause_punctuation,training,main,canonical
d7d356f9176b5be6e59e,reasoning_elicitation,0,1,net_force,correct_partial,calm,0,MiniMax-M2.7,newtons_second_law,training,main,canonical
d840d73e336f3b5043ae,reasoning_elicitation,0,1,pronoun_reference,correct_partial,calm,0,doubao-seed-2.0-lite,pronoun_reference,training,main,canonical
d8556904a288fb813aac,reasoning_elicitation,0,1,circuit_current,wrong_attempt,calm,1,MiniMax-M3,ohms_law,training,main,canonical
d9954eae2d470955f4c9,reasoning_elicitation,0,1,net_force,wrong_attempt,calm,1,MiniMax-M2.7,newtons_second_law,training,main,canonical
d99828e1911c101b8361,reasoning_elicitation,0,1,single_draw_probability,wrong_attempt,frustrated,1,MiniMax-M2.7,single_draw_probability,training,main,canonical
d9da7c6c82edb7923675,reasoning_elicitation,1,1,discount_price,correct_partial,calm,1,MiniMax-M3,discount_price,training,main,canonical
d9e22462c63348a9c7a3,reasoning_elicitation,1,1,arithmetic_mean,correct_partial,calm,0,MiniMax-M3,averaging,training,main,canonical
da5a5a59d47712d0b492,reasoning_elicitation,0,1,thermal_energy,wrong_attempt,calm,0,doubao-seed-2.0-lite,specific_heat,training,main,canonical
daa76bd7a5cbc27f2794,reasoning_elicitation,0,1,conditional_inference,correct_partial,calm,1,glm-5.3,conditional_inference,training,main,canonical
db07bec9e55d6d79fc4c,reasoning_elicitation,0,1,conditional_inference,correct_partial,calm,1,doubao-seed-2.0-lite,conditional_inference,training,main,canonical
db72d221964d0a297007,reasoning_elicitation,0,1,arithmetic_mean,wrong_attempt,frustrated,1,deepseek-v4-pro,averaging,training,main,canonical
db84095e6f1f21356f46,reasoning_elicitation,0,1,food_chain,wrong_attempt,frustrated,1,doubao-seed-2.0-lite,food_web_relations,training,main,canonical
dbab2a9abcd26db63951,reasoning_elicitation,1,0,wave_speed,correct_partial,frustrated,1,MiniMax-M3,wave_speed,training,main,canonical
dc4ff42e9c1c2eb5e6f5,reasoning_elicitation,0,1,relevant_support,correct_partial,frustrated,1,MiniMax-M2.7,argument_relevance,training,main,canonical
dca6d034b572e3871156,reasoning_elicitation,1,1,classifier_precision,correct_partial,frustrated,0,glm-5.3,classification_metrics,training,main,canonical
dcdbf700bf9efb71ed5f,reasoning_elicitation,0,1,wave_speed,correct_partial,calm,0,MiniMax-M2.7,wave_speed,training,main,canonical
dd034b245dadb361adef,reasoning_elicitation,1,1,modifier_attachment,wrong_attempt,calm,1,MiniMax-M2.7,modifier_attachment,training,main,canonical
dd37fa1a9a831489f990,reasoning_elicitation,0,1,rectangle_width,wrong_attempt,calm,1,doubao-seed-2.0-lite,rectangle_perimeter,training,main,canonical
dd47eac4690602215501,reasoning_elicitation,0,1,wave_speed,wrong_attempt,calm,1,deepseek-v4-pro,wave_speed,training,main,canonical
de1270cdaf419b4fca0f,reasoning_elicitation,1,0,comma_splice,correct_partial,frustrated,1,deepseek-v4-pro,clause_punctuation,training,main,canonical
de8d731dd03d977c02d7,reasoning_elicitation,1,1,map_scale,wrong_attempt,frustrated,1,glm-5.3,unit_conversion,training,main,canonical
ded029329542c7ea6458,reasoning_elicitation,1,1,circuit_current,correct_partial,calm,1,glm-5.3,ohms_law,training,main,canonical
dee1403f500bf51ce74a,reasoning_elicitation,0,1,ordering_constraints,wrong_attempt,frustrated,1,deepseek-v4-pro,ordering_constraints,training,main,canonical
df312c2375543d257e70,reasoning_elicitation,1,1,rectangle_width,correct_partial,calm,1,glm-5.3,rectangle_perimeter,training,main,canonical
df32f8287c78053e6024,reasoning_elicitation,1,1,weighted_mean,correct_partial,calm,1,glm-5.3,averaging,training,main,canonical
df69d0d7330e0d7cf193,reasoning_elicitation,0,1,conjunctive_rule,wrong_attempt,frustrated,0,MiniMax-M3,conjunctive_rule,training,main,canonical
dfcf35aaf28cc2bfc571,reasoning_elicitation,1,1,main_idea,wrong_attempt,calm,1,MiniMax-M3,main_idea,training,main,canonical
e04a8ae9c9c259d89612,reasoning_elicitation,0,1,simple_inheritance,wrong_attempt,calm,1,deepseek-v4-pro,mendelian_inheritance,training,main,canonical
e0889b66986dba64338a,reasoning_elicitation,0,1,conditional_inference,correct_partial,frustrated,1,MiniMax-M3,conditional_inference,training,main,canonical
e13851009b3e36a1ad6e,reasoning_elicitation,1,1,conservation_of_mass,correct_partial,frustrated,0,MiniMax-M3,conservation_of_mass,training,main,canonical
e1736714c6cc4bf302a5,reasoning_elicitation,1,1,arithmetic_sequence,correct_partial,calm,0,glm-5.3,arithmetic_sequence,training,main,canonical
e1e46d9ba3ca8e64e940,reasoning_elicitation,0,1,discount_price,wrong_attempt,frustrated,1,doubao-seed-2.0-lite,discount_price,training,main,canonical
e1f8a1c67788c0d4342b,reasoning_elicitation,0,1,subject_verb_agreement,correct_partial,calm,0,doubao-seed-2.0-lite,subject_verb_agreement,training,main,canonical
e23675a0a91f308ad877,reasoning_elicitation,1,1,subject_verb_agreement,wrong_attempt,calm,1,glm-5.3,subject_verb_agreement,training,main,canonical
e353947d07ed47878f26,reasoning_elicitation,0,1,single_draw_probability,correct_partial,calm,1,deepseek-v4-pro,single_draw_probability,training,main,canonical
e35e3169e36dbf345362,reasoning_elicitation,0,1,single_draw_probability,wrong_attempt,calm,0,deepseek-v4-pro,single_draw_probability,training,main,canonical
e3a12fa5856c65489e35,reasoning_elicitation,1,1,wave_speed,correct_partial,calm,1,MiniMax-M3,wave_speed,training,main,canonical
e3c58e79f8fd5699c464,reasoning_elicitation,1,1,comma_splice,wrong_attempt,frustrated,0,MiniMax-M3,clause_punctuation,training,main,canonical
e3d694b0b36da6b796f8,reasoning_elicitation,1,1,map_scale,wrong_attempt,calm,0,glm-5.3,unit_conversion,training,main,canonical
e4a00c3d09bd8b4cf24d,reasoning_elicitation,0,1,net_force,wrong_attempt,calm,1,doubao-seed-2.0-lite,newtons_second_law,training,main,canonical
e5baf276139309a474a3,reasoning_elicitation,0,1,subject_verb_agreement,correct_partial,calm,1,MiniMax-M2.7,subject_verb_agreement,training,main,canonical
e617a33fda64ec55ea93,reasoning_elicitation,0,1,net_force,correct_partial,frustrated,1,doubao-seed-2.0-lite,newtons_second_law,training,main,canonical
e6389d6fb2eaf82c64f5,reasoning_elicitation,1,1,ratio_partition,wrong_attempt,frustrated,0,MiniMax-M3,ratio_partition,training,main,canonical
e6d8819d5acafcd49558,reasoning_elicitation,0,1,single_draw_probability,correct_partial,calm,0,MiniMax-M2.7,single_draw_probability,training,main,canonical
e7b580da18d4d3f5d8a7,reasoning_elicitation,0,0,food_chain,wrong_attempt,frustrated,0,MiniMax-M3,food_web_relations,training,main,canonical
e86a7fce225aca18aa9d,reasoning_elicitation,1,1,classifier_precision,wrong_attempt,frustrated,1,glm-5.3,classification_metrics,training,main,canonical
e8b435c2796046cdc184,reasoning_elicitation,1,1,map_scale,wrong_attempt,calm,1,glm-5.3,unit_conversion,training,main,canonical
e8fec848cc8c31c1ecf9,reasoning_elicitation,0,1,map_scale,correct_partial,calm,1,deepseek-v4-pro,unit_conversion,training,main,canonical
e93e520dc4546c4eb979,reasoning_elicitation,0,1,map_scale,wrong_attempt,calm,1,MiniMax-M2.7,unit_conversion,training,main,canonical
e95711052c377184cced,reasoning_elicitation,1,1,arithmetic_sequence,wrong_attempt,frustrated,0,glm-5.3,arithmetic_sequence,training,main,canonical
eac6f59ef75367047b5c,reasoning_elicitation,0,1,rectangle_width,correct_partial,calm,0,doubao-seed-2.0-lite,rectangle_perimeter,training,main,canonical
eb8c4e7085b64d6eae56,reasoning_elicitation,0,1,net_force,wrong_attempt,frustrated,1,doubao-seed-2.0-lite,newtons_second_law,training,main,canonical
ebff70b312c2123438be,reasoning_elicitation,0,1,classifier_precision,wrong_attempt,frustrated,0,doubao-seed-2.0-lite,classification_metrics,training,main,canonical
ec0d78951ec084a3ba1e,reasoning_elicitation,0,1,wave_speed,wrong_attempt,frustrated,1,deepseek-v4-pro,wave_speed,training,main,canonical
ec275127177eb9aeb679,reasoning_elicitation,1,1,conjunctive_rule,wrong_attempt,calm,1,MiniMax-M3,conjunctive_rule,training,main,canonical
ecafb7a14307d6b8a5ef,reasoning_elicitation,0,0,rectangle_width,wrong_attempt,calm,1,MiniMax-M3,rectangle_perimeter,training,main,canonical
ed06ad2fbc6dc847bdc1,reasoning_elicitation,1,1,pronoun_reference,wrong_attempt,calm,1,glm-5.3,pronoun_reference,training,main,canonical
ed1544a23a6bd4c2c395,reasoning_elicitation,1,1,experimental_variable,wrong_attempt,calm,0,glm-5.3,experimental_design,training,main,canonical
ee92173acd7c6aa498e8,reasoning_elicitation,0,1,classifier_precision,correct_partial,frustrated,0,deepseek-v4-pro,classification_metrics,training,main,canonical
ee94799f516785354273,reasoning_elicitation,0,1,ratio_partition,correct_partial,frustrated,1,MiniMax-M2.7,ratio_partition,training,main,canonical
eed45f9f739605467b23,reasoning_elicitation,0,1,experimental_variable,wrong_attempt,calm,0,MiniMax-M2.7,experimental_design,training,main,canonical
eef9db7aba3356404cd6,reasoning_elicitation,0,1,past_tense,correct_partial,calm,0,MiniMax-M2.7,tense_consistency,training,main,canonical
ef0d34abde2242c5d82d,reasoning_elicitation,0,1,ratio_partition,correct_partial,frustrated,0,MiniMax-M3,ratio_partition,training,main,canonical
ef4113ae737a4bc74633,reasoning_elicitation,0,1,classifier_precision,correct_partial,frustrated,1,doubao-seed-2.0-lite,classification_metrics,training,main,canonical
ef874e9b45df6ea0bc46,reasoning_elicitation,0,1,expected_points,wrong_attempt,frustrated,1,deepseek-v4-pro,expected_value,training,main,canonical
eff0cd403bbce59a01ab,reasoning_elicitation,0,1,conservation_of_mass,correct_partial,calm,1,deepseek-v4-pro,conservation_of_mass,training,main,canonical
f08634455915f49d61e4,reasoning_elicitation,1,1,subject_verb_agreement,wrong_attempt,frustrated,1,glm-5.3,subject_verb_agreement,training,main,canonical
f0fabdc99d1003de37d8,reasoning_elicitation,0,1,single_draw_probability,wrong_attempt,frustrated,1,deepseek-v4-pro,single_draw_probability,training,main,canonical
f10b7b415cb8869aa79f,reasoning_elicitation,0,1,speed_units,wrong_attempt,frustrated,0,MiniMax-M2.7,unit_conversion,training,main,canonical
f12707b1ba54b762ebf8,reasoning_elicitation,1,1,relevant_support,correct_partial,calm,0,MiniMax-M3,argument_relevance,training,main,canonical
f16b932476f30ae7f9a1,reasoning_elicitation,1,1,ordering_constraints,wrong_attempt,frustrated,0,glm-5.3,ordering_constraints,training,main,canonical
f35b251c20b70b15bf2e,reasoning_elicitation,0,1,map_scale,correct_partial,calm,1,MiniMax-M3,unit_conversion,training,main,canonical
f395cb072dcc6576d177,reasoning_elicitation,1,1,arithmetic_sequence,correct_partial,frustrated,1,MiniMax-M3,arithmetic_sequence,training,main,canonical
f3f083b2a2252df5380f,reasoning_elicitation,0,1,conditional_inference,wrong_attempt,calm,0,MiniMax-M2.7,conditional_inference,training,main,canonical
f452c688eb489d5b37fe,reasoning_elicitation,1,1,experimental_variable,wrong_attempt,calm,1,glm-5.3,experimental_design,training,main,canonical
f45f5b91cc29ab1555d3,reasoning_elicitation,1,0,net_force,wrong_attempt,frustrated,0,MiniMax-M3,newtons_second_law,training,main,canonical
f49652a92ef9df74bafd,reasoning_elicitation,0,1,fact_opinion,correct_partial,frustrated,1,deepseek-v4-pro,fact_opinion,training,main,canonical
f4f423ebb87ab431f3b0,reasoning_elicitation,1,1,circuit_current,wrong_attempt,calm,0,glm-5.3,ohms_law,training,main,canonical
f4fe1b4154f821404577,reasoning_elicitation,1,1,food_chain,correct_partial,calm,1,glm-5.3,food_web_relations,training,main,canonical
f56beda7ba8d26a87b1c,reasoning_elicitation,1,1,single_draw_probability,correct_partial,calm,0,glm-5.3,single_draw_probability,training,main,canonical
f5ff36eda258519a09ab,reasoning_elicitation,0,1,past_tense,correct_partial,frustrated,0,doubao-seed-2.0-lite,tense_consistency,training,main,canonical
f64a114ffd537c74892f,reasoning_elicitation,1,0,thermal_energy,correct_partial,calm,0,MiniMax-M3,specific_heat,training,main,canonical
f6960bfb86e30c3dfcd3,reasoning_elicitation,0,1,map_scale,correct_partial,frustrated,1,MiniMax-M3,unit_conversion,training,main,canonical
f7129f4fd089f6294896,reasoning_elicitation,0,1,net_force,wrong_attempt,frustrated,1,MiniMax-M3,newtons_second_law,training,main,canonical
f78da3337f94527d00c8,reasoning_elicitation,1,1,single_draw_probability,wrong_attempt,frustrated,1,glm-5.3,single_draw_probability,training,main,canonical
f7e1e3a1df374ca54b9d,reasoning_elicitation,0,1,fact_opinion,wrong_attempt,calm,1,MiniMax-M3,fact_opinion,training,main,canonical
f83585ed0f9ca66ccf96,reasoning_elicitation,0,1,set_entailment,wrong_attempt,frustrated,0,MiniMax-M2.7,set_entailment,training,main,canonical
f8a4d23253532b4cf0b3,reasoning_elicitation,1,1,weighted_mean,correct_partial,calm,0,glm-5.3,averaging,training,main,canonical
fa43b9a3d963a24b3b9c,reasoning_elicitation,0,1,net_force,correct_partial,calm,0,MiniMax-M3,newtons_second_law,training,main,canonical
fa82d75d2734afc9d62b,reasoning_elicitation,0,1,universal_counterexample,wrong_attempt,calm,0,MiniMax-M2.7,counterexample,training,main,canonical
fa8fa35c9bdd203c408b,reasoning_elicitation,0,1,expected_points,correct_partial,frustrated,0,MiniMax-M2.7,expected_value,training,main,canonical
fb04f9c85e714f3216ec,reasoning_elicitation,0,1,modifier_attachment,correct_partial,frustrated,1,doubao-seed-2.0-lite,modifier_attachment,training,main,canonical
fb2a8aa9cfe6147210b6,reasoning_elicitation,1,0,wave_speed,wrong_attempt,frustrated,1,MiniMax-M3,wave_speed,training,main,canonical
fb4d48eac71d4dd47c2b,reasoning_elicitation,1,0,main_idea,correct_partial,frustrated,1,deepseek-v4-pro,main_idea,training,main,canonical
fc6491e797998df44d12,reasoning_elicitation,1,1,main_idea,wrong_attempt,frustrated,1,MiniMax-M3,main_idea,training,main,canonical
fca922525c15542b6991,reasoning_elicitation,0,1,pronoun_reference,wrong_attempt,calm,1,MiniMax-M2.7,pronoun_reference,training,main,canonical
fcaac42dd882bd35f2ef,reasoning_elicitation,1,0,rectangle_width,correct_partial,calm,1,doubao-seed-2.0-lite,rectangle_perimeter,training,main,canonical
fcee00f294b0e39cca36,reasoning_elicitation,0,1,thermal_energy,correct_partial,frustrated,0,MiniMax-M3,specific_heat,training,main,canonical
fd7ca19fc546b3ea76f7,reasoning_elicitation,0,1,circuit_current,correct_partial,calm,0,MiniMax-M2.7,ohms_law,training,main,canonical
fdba5d7502e13c984752,reasoning_elicitation,0,1,ordering_constraints,correct_partial,calm,1,MiniMax-M3,ordering_constraints,training,main,canonical
fdbaac48aaa0afa36947,reasoning_elicitation,0,1,conditional_inference,wrong_attempt,calm,0,deepseek-v4-pro,conditional_inference,training,main,canonical
fdcc19b03621b7c97d8c,reasoning_elicitation,0,1,pronoun_reference,correct_partial,calm,1,doubao-seed-2.0-lite,pronoun_reference,training,main,canonical
fde3c0cc418a56e19a8a,reasoning_elicitation,0,1,classifier_precision,wrong_attempt,frustrated,0,deepseek-v4-pro,classification_metrics,training,main,canonical
fdebe755ba7abea9f726,reasoning_elicitation,0,1,universal_counterexample,wrong_attempt,frustrated,0,doubao-seed-2.0-lite,counterexample,training,main,canonical
fdec12fc40e11db5db88,reasoning_elicitation,1,1,arithmetic_sequence,correct_partial,calm,1,glm-5.3,arithmetic_sequence,training,main,canonical
fed2df0dcd985e3d8921,reasoning_elicitation,0,1,arithmetic_sequence,correct_partial,frustrated,0,deepseek-v4-pro,arithmetic_sequence,training,main,canonical
ffcc4b370fe0b9e51afa,reasoning_elicitation,0,1,set_entailment,wrong_attempt,frustrated,1,doubao-seed-2.0-lite,set_entailment,training,main,canonical
000de85f3559b68e3844,unsupported_ability_claim,0,1,thermal_energy,correct_partial,calm,1,MiniMax-M3,specific_heat,training,main,canonical
0011839caaa9f61025f0,unsupported_ability_claim,0,1,fact_opinion,wrong_attempt,frustrated,1,doubao-seed-2.0-lite,fact_opinion,training,main,canonical
0092a9b1c4ccd3f00c15,unsupported_ability_claim,0,1,relevant_support,wrong_attempt,calm,0,doubao-seed-2.0-lite,argument_relevance,training,main,canonical
00a9c029518cc9fa86ed,unsupported_ability_claim,0,1,arithmetic_sequence,correct_partial,frustrated,1,glm-5.3,arithmetic_sequence,training,main,canonical
00d665a5c51c08b5c0c2,unsupported_ability_claim,0,1,expected_points,correct_partial,calm,0,glm-5.3,expected_value,training,main,canonical
00d895b8a069659fce47,unsupported_ability_claim,0,1,food_chain,correct_partial,frustrated,0,doubao-seed-2.0-lite,food_web_relations,training,main,canonical
025f6784df68b49207cc,unsupported_ability_claim,0,1,expected_points,correct_partial,frustrated,0,glm-5.3,expected_value,training,main,canonical
028d411bbb16b9addddf,unsupported_ability_claim,0,1,experimental_variable,wrong_attempt,frustrated,1,doubao-seed-2.0-lite,experimental_design,training,main,canonical
02c3562ff91ebddf11d1,unsupported_ability_claim,0,1,conditional_inference,correct_partial,calm,0,doubao-seed-2.0-lite,conditional_inference,training,main,canonical
02fcf1e01ab1c5c5b98e,unsupported_ability_claim,0,1,map_scale,wrong_attempt,calm,0,doubao-seed-2.0-lite,unit_conversion,training,main,canonical
039baf32beb6e345cb77,unsupported_ability_claim,0,1,experimental_variable,wrong_attempt,calm,0,doubao-seed-2.0-lite,experimental_design,training,main,canonical
03b9c493862e8b6f7732,unsupported_ability_claim,0,1,fact_opinion,correct_partial,frustrated,1,glm-5.3,fact_opinion,training,main,canonical
051fb731cfb7aaee6a42,unsupported_ability_claim,0,1,conservation_of_mass,wrong_attempt,calm,0,deepseek-v4-pro,conservation_of_mass,training,main,canonical
056530dfc423318f842d,unsupported_ability_claim,0,1,thermal_energy,correct_partial,frustrated,0,MiniMax-M2.7,specific_heat,training,main,canonical
057f70c081b827c2baf3,unsupported_ability_claim,0,0,net_force,correct_partial,frustrated,0,MiniMax-M2.7,newtons_second_law,training,main,canonical
0586a5c80d5e18357a9b,unsupported_ability_claim,0,1,set_entailment,wrong_attempt,calm,0,deepseek-v4-pro,set_entailment,training,main,canonical
05ed757c6f15c100cdbc,unsupported_ability_claim,0,1,pronoun_reference,correct_partial,calm,1,MiniMax-M2.7,pronoun_reference,training,main,canonical
06542a6fc8ddcf037ea8,unsupported_ability_claim,0,1,food_chain,wrong_attempt,frustrated,1,glm-5.3,food_web_relations,training,main,canonical
06be65e009e390f8b68a,unsupported_ability_claim,0,1,simple_inheritance,correct_partial,calm,1,doubao-seed-2.0-lite,mendelian_inheritance,training,main,canonical
06bee78de97a1fb4c8c0,unsupported_ability_claim,0,1,wave_speed,wrong_attempt,calm,0,MiniMax-M3,wave_speed,training,main,canonical
073e4b9a1e7f09a3c6f6,unsupported_ability_claim,0,1,main_idea,correct_partial,frustrated,0,MiniMax-M2.7,main_idea,training,main,canonical
076c42e07793854aae0c,unsupported_ability_claim,0,1,discount_price,wrong_attempt,calm,1,doubao-seed-2.0-lite,discount_price,training,main,canonical
07b0df52365d00e0f42a,unsupported_ability_claim,0,1,arithmetic_sequence,wrong_attempt,calm,1,MiniMax-M3,arithmetic_sequence,training,main,canonical
07f512d41882fdfc3353,unsupported_ability_claim,0,1,classifier_precision,wrong_attempt,frustrated,1,doubao-seed-2.0-lite,classification_metrics,training,main,canonical
081bb6b7dafdbdf6147c,unsupported_ability_claim,0,0,food_chain,correct_partial,frustrated,1,MiniMax-M3,food_web_relations,training,main,canonical
0835536de2d1b4576d98,unsupported_ability_claim,0,1,wave_speed,wrong_attempt,frustrated,0,MiniMax-M2.7,wave_speed,training,main,canonical
085f304c7bc717b2d83b,unsupported_ability_claim,0,1,arithmetic_sequence,wrong_attempt,calm,1,deepseek-v4-pro,arithmetic_sequence,training,main,canonical
08b2fb45770c29328b74,unsupported_ability_claim,0,1,modifier_attachment,correct_partial,frustrated,0,deepseek-v4-pro,modifier_attachment,training,main,canonical
08d8629e160cd8429ae6,unsupported_ability_claim,0,1,subject_verb_agreement,correct_partial,frustrated,1,MiniMax-M2.7,subject_verb_agreement,training,main,canonical
093a69e065b00efa4dc9,unsupported_ability_claim,1,0,ordering_constraints,wrong_attempt,frustrated,0,MiniMax-M3,ordering_constraints,training,main,canonical
096a809bc0c5cc3c11fe,unsupported_ability_claim,0,1,subject_verb_agreement,wrong_attempt,calm,0,deepseek-v4-pro,subject_verb_agreement,training,main,canonical
09802f7574adcc01b9f7,unsupported_ability_claim,0,1,experimental_variable,wrong_attempt,calm,1,MiniMax-M2.7,experimental_design,training,main,canonical
09f2090997f0d21b2624,unsupported_ability_claim,0,1,ordering_constraints,wrong_attempt,calm,0,MiniMax-M3,ordering_constraints,training,main,canonical
0a1e1ff687010dd27ed4,unsupported_ability_claim,0,1,map_scale,correct_partial,calm,0,MiniMax-M3,unit_conversion,training,main,canonical
0ae183a67ff75ff4e31f,unsupported_ability_claim,0,0,food_chain,wrong_attempt,calm,1,glm-5.3,food_web_relations,training,main,canonical
0b2a30d705a3378cbfe9,unsupported_ability_claim,1,1,net_force,wrong_attempt,frustrated,0,MiniMax-M2.7,newtons_second_law,training,main,canonical
0b4d63c14809f9744b94,unsupported_ability_claim,0,1,universal_counterexample,correct_partial,frustrated,1,MiniMax-M2.7,counterexample,training,main,canonical
0bab4e6c0d0a3c66726c,unsupported_ability_claim,0,1,relevant_support,wrong_attempt,frustrated,1,MiniMax-M2.7,argument_relevance,training,main,canonical
0bf2f2df315a0de10bee,unsupported_ability_claim,0,1,classifier_precision,correct_partial,calm,0,MiniMax-M3,classification_metrics,training,main,canonical
0c1a73fbf9eea7d76f54,unsupported_ability_claim,0,1,net_force,correct_partial,frustrated,0,doubao-seed-2.0-lite,newtons_second_law,training,main,canonical
0c3765a6f71dd21ebfdf,unsupported_ability_claim,0,1,ratio_partition,wrong_attempt,calm,0,glm-5.3,ratio_partition,training,main,canonical
0c6f6d5c1bd4bb0c928e,unsupported_ability_claim,0,1,experimental_variable,correct_partial,calm,0,MiniMax-M2.7,experimental_design,training,main,canonical
0c7425c1807a56193931,unsupported_ability_claim,0,1,arithmetic_mean,wrong_attempt,calm,0,doubao-seed-2.0-lite,averaging,training,main,canonical
0cef2200c5d1aaa909a9,unsupported_ability_claim,0,1,ratio_partition,correct_partial,calm,0,deepseek-v4-pro,ratio_partition,training,main,canonical
0d3c585eb56a230ad9db,unsupported_ability_claim,0,0,comma_splice,wrong_attempt,calm,0,MiniMax-M3,clause_punctuation,training,main,canonical
0d8fa499fc7e56017c1c,unsupported_ability_claim,0,1,pronoun_reference,wrong_attempt,frustrated,1,doubao-seed-2.0-lite,pronoun_reference,training,main,canonical
0dd03c0875c12ace0635,unsupported_ability_claim,0,0,comma_splice,wrong_attempt,frustrated,0,MiniMax-M2.7,clause_punctuation,training,main,canonical
0e0537c33896a2d4f092,unsupported_ability_claim,0,1,thermal_energy,correct_partial,calm,0,MiniMax-M2.7,specific_heat,training,main,canonical
0eb77d92a536b8d1efb4,unsupported_ability_claim,0,1,map_scale,correct_partial,frustrated,1,MiniMax-M2.7,unit_conversion,training,main,canonical
0ec35b60d4ac5ab9c326,unsupported_ability_claim,0,1,subject_verb_agreement,wrong_attempt,calm,0,MiniMax-M3,subject_verb_agreement,training,main,canonical
0ed187c6b1610ea04c55,unsupported_ability_claim,0,1,rectangle_width,wrong_attempt,calm,0,MiniMax-M3,rectangle_perimeter,training,main,canonical
0f0cddcba637413c033f,unsupported_ability_claim,0,1,thermal_energy,correct_partial,calm,0,doubao-seed-2.0-lite,specific_heat,training,main,canonical
0f297d7d2dd9227f11d4,unsupported_ability_claim,1,0,net_force,correct_partial,frustrated,1,MiniMax-M3,newtons_second_law,training,main,canonical
0fa1cad47a564babfba4,unsupported_ability_claim,0,1,past_tense,correct_partial,frustrated,1,MiniMax-M2.7,tense_consistency,training,main,canonical
10007121ec15c08de509,unsupported_ability_claim,0,1,expected_points,wrong_attempt,calm,1,MiniMax-M3,expected_value,training,main,canonical
10284be9b7b63beb35c9,unsupported_ability_claim,0,1,pronoun_reference,wrong_attempt,calm,0,deepseek-v4-pro,pronoun_reference,training,main,canonical
102aebd65a4b13916707,unsupported_ability_claim,0,1,classifier_precision,wrong_attempt,frustrated,0,glm-5.3,classification_metrics,training,main,canonical
10623e6486e9f10cea0a,unsupported_ability_claim,0,1,arithmetic_sequence,correct_partial,calm,1,doubao-seed-2.0-lite,arithmetic_sequence,training,main,canonical
10af9884a0dd2886bb9c,unsupported_ability_claim,0,1,speed_units,wrong_attempt,frustrated,0,deepseek-v4-pro,unit_conversion,training,main,canonical
10b88d2ce1785fb4b669,unsupported_ability_claim,0,1,relevant_support,correct_partial,calm,0,MiniMax-M2.7,argument_relevance,training,main,canonical
113e2825e5ea94a69f82,unsupported_ability_claim,0,1,fact_opinion,wrong_attempt,calm,1,doubao-seed-2.0-lite,fact_opinion,training,main,canonical
117b064c61d0d7a51f15,unsupported_ability_claim,0,1,ordering_constraints,correct_partial,frustrated,1,glm-5.3,ordering_constraints,training,main,canonical
11a548aa9575a0649eb3,unsupported_ability_claim,0,1,arithmetic_sequence,wrong_attempt,calm,1,glm-5.3,arithmetic_sequence,training,main,canonical
11f4391626aab4b60bb6,unsupported_ability_claim,0,1,net_force,wrong_attempt,frustrated,1,MiniMax-M2.7,newtons_second_law,training,main,canonical
12ad0dccee5babb6a156,unsupported_ability_claim,0,1,thermal_energy,wrong_attempt,calm,0,deepseek-v4-pro,specific_heat,training,main,canonical
12bddfa074944263887c,unsupported_ability_claim,0,1,conjunctive_rule,wrong_attempt,frustrated,1,deepseek-v4-pro,conjunctive_rule,training,main,canonical
14b0ed78a8d83398d8d2,unsupported_ability_claim,0,1,conditional_inference,wrong_attempt,calm,0,glm-5.3,conditional_inference,training,main,canonical
14c16f7049b522b999b8,unsupported_ability_claim,1,1,modifier_attachment,wrong_attempt,frustrated,1,MiniMax-M3,modifier_attachment,training,main,canonical
155f2fa785a9deba8845,unsupported_ability_claim,0,1,modifier_attachment,correct_partial,frustrated,1,glm-5.3,modifier_attachment,training,main,canonical
158b0a4d8fd175445fcc,unsupported_ability_claim,0,1,rectangle_width,wrong_attempt,calm,0,deepseek-v4-pro,rectangle_perimeter,training,main,canonical
169a404a0a3ad46b72e6,unsupported_ability_claim,0,1,map_scale,correct_partial,calm,1,glm-5.3,unit_conversion,training,main,canonical
16d62370d187701d9c89,unsupported_ability_claim,0,1,past_tense,wrong_attempt,frustrated,1,doubao-seed-2.0-lite,tense_consistency,training,main,canonical
16f3f8e9ae7c1b93628e,unsupported_ability_claim,0,1,circuit_current,wrong_attempt,calm,1,deepseek-v4-pro,ohms_law,training,main,canonical
16f59fb7d5cb47303622,unsupported_ability_claim,0,1,conservation_of_mass,correct_partial,calm,0,glm-5.3,conservation_of_mass,training,main,canonical
171172625dd9dd1b578e,unsupported_ability_claim,0,1,net_force,correct_partial,calm,0,deepseek-v4-pro,newtons_second_law,training,main,canonical
17e1c88e0208c4363bb0,unsupported_ability_claim,0,1,single_draw_probability,wrong_attempt,frustrated,0,MiniMax-M2.7,single_draw_probability,training,main,canonical
1880dd2538e055742e7c,unsupported_ability_claim,1,0,arithmetic_mean,correct_partial,frustrated,1,deepseek-v4-pro,averaging,training,main,canonical
18e5075c38d931e89f89,unsupported_ability_claim,0,1,set_entailment,wrong_attempt,frustrated,0,MiniMax-M3,set_entailment,training,main,canonical
190072349b8e158ca8ab,unsupported_ability_claim,0,1,conservation_of_mass,wrong_attempt,calm,1,glm-5.3,conservation_of_mass,training,main,canonical
1935247449d6ccfd7115,unsupported_ability_claim,0,1,classifier_precision,wrong_attempt,calm,1,deepseek-v4-pro,classification_metrics,training,main,canonical
19461e7b8c2c29b767c7,unsupported_ability_claim,0,1,set_entailment,wrong_attempt,calm,1,glm-5.3,set_entailment,training,main,canonical
197ddcab5ed99463fffa,unsupported_ability_claim,0,1,arithmetic_sequence,correct_partial,frustrated,1,MiniMax-M2.7,arithmetic_sequence,training,main,canonical
19916228be06daef9498,unsupported_ability_claim,0,1,map_scale,wrong_attempt,frustrated,0,deepseek-v4-pro,unit_conversion,training,main,canonical
19964d11d7ea5d4aeb9c,unsupported_ability_claim,0,1,simple_inheritance,correct_partial,frustrated,0,doubao-seed-2.0-lite,mendelian_inheritance,training,main,canonical
1a0e814d9ccbeccb3bb9,unsupported_ability_claim,0,1,net_force,correct_partial,frustrated,1,deepseek-v4-pro,newtons_second_law,training,main,canonical
1a29db462880a53e4cd4,unsupported_ability_claim,0,1,conjunctive_rule,wrong_attempt,calm,1,glm-5.3,conjunctive_rule,training,main,canonical
1a78060d96ea4eceaf49,unsupported_ability_claim,0,1,pronoun_reference,wrong_attempt,frustrated,0,glm-5.3,pronoun_reference,training,main,canonical
1a8f6c97a92151e67268,unsupported_ability_claim,0,1,arithmetic_sequence,correct_partial,frustrated,1,deepseek-v4-pro,arithmetic_sequence,training,main,canonical
1aec6ed308f7322a599c,unsupported_ability_claim,0,1,single_draw_probability,correct_partial,calm,1,MiniMax-M3,single_draw_probability,training,main,canonical
1bcf3e317c65924e1f97,unsupported_ability_claim,0,1,set_entailment,correct_partial,calm,0,MiniMax-M3,set_entailment,training,main,canonical
1c04903c0d5bd0d625e8,unsupported_ability_claim,0,1,rectangle_width,wrong_attempt,calm,0,doubao-seed-2.0-lite,rectangle_perimeter,training,main,canonical
1d6d2018e5b52b76ea55,unsupported_ability_claim,0,1,net_force,wrong_attempt,frustrated,0,doubao-seed-2.0-lite,newtons_second_law,training,main,canonical
1df59c77b5aef9b2930f,unsupported_ability_claim,0,1,net_force,wrong_attempt,calm,0,MiniMax-M3,newtons_second_law,training,main,canonical
1e213875cb456cd605c8,unsupported_ability_claim,0,1,ratio_partition,correct_partial,calm,0,MiniMax-M2.7,ratio_partition,training,main,canonical
1e3502ff7bf54cac53d8,unsupported_ability_claim,0,1,wave_speed,wrong_attempt,calm,1,MiniMax-M2.7,wave_speed,training,main,canonical
1e73a7073efe73429c88,unsupported_ability_claim,0,1,circuit_current,correct_partial,frustrated,0,doubao-seed-2.0-lite,ohms_law,training,main,canonical
1e9f57024a31fe6badf8,unsupported_ability_claim,0,1,food_chain,correct_partial,calm,0,MiniMax-M3,food_web_relations,training,main,canonical
1ecb84ac8fb921095c33,unsupported_ability_claim,0,1,universal_counterexample,correct_partial,calm,0,MiniMax-M2.7,counterexample,training,main,canonical
1ef05eb397f995b277c5,unsupported_ability_claim,0,1,modifier_attachment,correct_partial,calm,1,MiniMax-M2.7,modifier_attachment,training,main,canonical
1f07d7a037e307c24d47,unsupported_ability_claim,0,1,conservation_of_mass,correct_partial,frustrated,0,glm-5.3,conservation_of_mass,training,main,canonical
1f898c5a620ad0a462b8,unsupported_ability_claim,0,1,thermal_energy,correct_partial,frustrated,1,MiniMax-M2.7,specific_heat,training,main,canonical
2095bfc0da76fc7855ab,unsupported_ability_claim,0,0,arithmetic_mean,correct_partial,frustrated,1,doubao-seed-2.0-lite,averaging,training,main,canonical
20eeaf89e291b424843b,unsupported_ability_claim,0,1,experimental_variable,wrong_attempt,calm,0,deepseek-v4-pro,experimental_design,training,main,canonical
2171f9535ad7f2303f49,unsupported_ability_claim,0,1,wave_speed,correct_partial,frustrated,0,MiniMax-M2.7,wave_speed,training,main,canonical
21abfc486e4e9de13182,unsupported_ability_claim,0,1,main_idea,correct_partial,calm,0,MiniMax-M2.7,main_idea,training,main,canonical
21c3ab4b72d309c2d35e,unsupported_ability_claim,0,1,expected_points,correct_partial,calm,1,glm-5.3,expected_value,training,main,canonical
21ce0d20b4b81a9a2a49,unsupported_ability_claim,0,1,circuit_current,wrong_attempt,frustrated,1,MiniMax-M3,ohms_law,training,main,canonical
2215926151d9beb376dd,unsupported_ability_claim,0,1,ordering_constraints,correct_partial,frustrated,1,deepseek-v4-pro,ordering_constraints,training,main,canonical
222f01fa741352427bdc,unsupported_ability_claim,0,1,arithmetic_mean,wrong_attempt,calm,1,deepseek-v4-pro,averaging,training,main,canonical
22311688d065cc4ac78c,unsupported_ability_claim,1,1,weighted_mean,wrong_attempt,frustrated,1,MiniMax-M3,averaging,training,main,canonical
22e34b7f492b95a3afd6,unsupported_ability_claim,1,0,modifier_attachment,correct_partial,frustrated,0,MiniMax-M3,modifier_attachment,training,main,canonical
22e7d0bb802cddc95486,unsupported_ability_claim,0,1,subject_verb_agreement,correct_partial,frustrated,0,doubao-seed-2.0-lite,subject_verb_agreement,training,main,canonical
237ff02543a332bc587d,unsupported_ability_claim,0,1,main_idea,wrong_attempt,frustrated,0,deepseek-v4-pro,main_idea,training,main,canonical
238030c973bfec3cc51b,unsupported_ability_claim,0,0,thermal_energy,correct_partial,frustrated,1,doubao-seed-2.0-lite,specific_heat,training,main,canonical
23a6bd0d53b8d210b6f8,unsupported_ability_claim,0,1,weighted_mean,correct_partial,calm,1,MiniMax-M2.7,averaging,training,main,canonical
23ed0007e7dbb25034eb,unsupported_ability_claim,0,1,pronoun_reference,wrong_attempt,calm,1,deepseek-v4-pro,pronoun_reference,training,main,canonical
24525fde240784dbf7cf,unsupported_ability_claim,0,1,ratio_partition,correct_partial,calm,1,deepseek-v4-pro,ratio_partition,training,main,canonical
248a8c8938212775b279,unsupported_ability_claim,0,0,pronoun_reference,correct_partial,calm,0,MiniMax-M2.7,pronoun_reference,training,main,canonical
24afce20a2fc5c9a9879,unsupported_ability_claim,0,1,ratio_partition,wrong_attempt,frustrated,0,doubao-seed-2.0-lite,ratio_partition,training,main,canonical
24b588c442c432cdb8fc,unsupported_ability_claim,0,1,conditional_inference,wrong_attempt,frustrated,1,MiniMax-M2.7,conditional_inference,training,main,canonical
2510a420086130715cc2,unsupported_ability_claim,0,0,ordering_constraints,correct_partial,frustrated,0,MiniMax-M2.7,ordering_constraints,training,main,canonical
25534f6bbe0ca5d08639,unsupported_ability_claim,0,1,conditional_inference,wrong_attempt,frustrated,0,glm-5.3,conditional_inference,training,main,canonical
25995b186ffa98e96753,unsupported_ability_claim,0,1,conjunctive_rule,correct_partial,calm,1,doubao-seed-2.0-lite,conjunctive_rule,training,main,canonical
25aca06d42156b29f100,unsupported_ability_claim,0,0,wave_speed,wrong_attempt,frustrated,0,MiniMax-M3,wave_speed,training,main,canonical
25e6eef73bc7a813d09f,unsupported_ability_claim,0,1,ordering_constraints,correct_partial,calm,0,MiniMax-M2.7,ordering_constraints,training,main,canonical
261d5d701efa82d2d0b1,unsupported_ability_claim,1,0,arithmetic_mean,correct_partial,calm,1,MiniMax-M3,averaging,training,main,canonical
2639a10c41a951fd7cd2,unsupported_ability_claim,0,1,simple_inheritance,correct_partial,frustrated,1,MiniMax-M3,mendelian_inheritance,training,main,canonical
26406149fd1551d9be10,unsupported_ability_claim,0,0,ordering_constraints,wrong_attempt,frustrated,0,MiniMax-M2.7,ordering_constraints,training,main,canonical
267ea773d86367d635df,unsupported_ability_claim,0,1,discount_price,wrong_attempt,calm,0,doubao-seed-2.0-lite,discount_price,training,main,canonical
269913050f223f3b1d01,unsupported_ability_claim,0,1,experimental_variable,correct_partial,frustrated,0,doubao-seed-2.0-lite,experimental_design,training,main,canonical
26a2c6e56cf90fd6f1e2,unsupported_ability_claim,0,1,weighted_mean,wrong_attempt,frustrated,1,deepseek-v4-pro,averaging,training,main,canonical
26b908e8cead36bcfa54,unsupported_ability_claim,0,1,speed_units,correct_partial,calm,0,deepseek-v4-pro,unit_conversion,training,main,canonical
26e191cb366d328b3257,unsupported_ability_claim,0,1,food_chain,wrong_attempt,frustrated,0,deepseek-v4-pro,food_web_relations,training,main,canonical
26fda8b053de52020537,unsupported_ability_claim,0,0,fact_opinion,correct_partial,frustrated,1,MiniMax-M2.7,fact_opinion,training,main,canonical
2705d1e5fdc56f03bd83,unsupported_ability_claim,0,1,discount_price,correct_partial,calm,0,deepseek-v4-pro,discount_price,training,main,canonical
27120932b45320a2a4d8,unsupported_ability_claim,0,1,food_chain,correct_partial,frustrated,1,glm-5.3,food_web_relations,training,main,canonical
2716c7a357941f56e2eb,unsupported_ability_claim,0,0,main_idea,wrong_attempt,calm,1,MiniMax-M2.7,main_idea,training,main,canonical
276c9b5165ecc6ddccaf,unsupported_ability_claim,0,1,rectangle_width,correct_partial,frustrated,0,doubao-seed-2.0-lite,rectangle_perimeter,training,main,canonical
277a04dd723303b86c3b,unsupported_ability_claim,0,1,single_draw_probability,correct_partial,calm,0,deepseek-v4-pro,single_draw_probability,training,main,canonical
28871524cb385060a3f0,unsupported_ability_claim,0,1,ratio_partition,correct_partial,frustrated,0,deepseek-v4-pro,ratio_partition,training,main,canonical
2938f43b16924d105471,unsupported_ability_claim,0,1,expected_points,wrong_attempt,frustrated,1,glm-5.3,expected_value,training,main,canonical
2975e7525801967caebb,unsupported_ability_claim,0,1,thermal_energy,wrong_attempt,frustrated,1,doubao-seed-2.0-lite,specific_heat,training,main,canonical
2a228bafc40c2a2d6e15,unsupported_ability_claim,0,1,main_idea,wrong_attempt,calm,1,deepseek-v4-pro,main_idea,training,main,canonical
2a2ca642c29dd9b28c80,unsupported_ability_claim,0,1,single_draw_probability,correct_partial,frustrated,0,deepseek-v4-pro,single_draw_probability,training,main,canonical
2a33615d19faf817cb55,unsupported_ability_claim,0,1,universal_counterexample,wrong_attempt,calm,0,MiniMax-M3,counterexample,training,main,canonical
2aabd15d42a47d911a1b,unsupported_ability_claim,0,1,ordering_constraints,wrong_attempt,frustrated,1,doubao-seed-2.0-lite,ordering_constraints,training,main,canonical
2ab3c233d86558d03955,unsupported_ability_claim,0,1,rectangle_width,correct_partial,calm,1,MiniMax-M2.7,rectangle_perimeter,training,main,canonical
2b2e27a0c0dc470001f3,unsupported_ability_claim,0,1,pronoun_reference,wrong_attempt,calm,1,doubao-seed-2.0-lite,pronoun_reference,training,main,canonical
2c1607bc6a5da57e158e,unsupported_ability_claim,0,1,fact_opinion,wrong_attempt,frustrated,0,doubao-seed-2.0-lite,fact_opinion,training,main,canonical
2c24f782faf55dc9d1b5,unsupported_ability_claim,0,0,net_force,correct_partial,frustrated,0,MiniMax-M3,newtons_second_law,training,main,canonical
2c2a0b797faf9eea1c87,unsupported_ability_claim,0,1,past_tense,correct_partial,calm,1,MiniMax-M2.7,tense_consistency,training,main,canonical
2c5329f0919152af2532,unsupported_ability_claim,0,1,map_scale,wrong_attempt,frustrated,1,MiniMax-M2.7,unit_conversion,training,main,canonical
2cb5bd4189eb829fc3ff,unsupported_ability_claim,0,1,conservation_of_mass,correct_partial,calm,0,MiniMax-M3,conservation_of_mass,training,main,canonical
2cca30e643e6a33f6fab,unsupported_ability_claim,0,0,relevant_support,wrong_attempt,frustrated,0,glm-5.3,argument_relevance,training,main,canonical
2ce11216ff65df0f9762,unsupported_ability_claim,0,1,comma_splice,wrong_attempt,calm,0,glm-5.3,clause_punctuation,training,main,canonical
2d0673518c2cc48e9e5f,unsupported_ability_claim,0,1,modifier_attachment,wrong_attempt,calm,0,MiniMax-M3,modifier_attachment,training,main,canonical
2eda5861ebe1fa5f8ad0,unsupported_ability_claim,0,1,conservation_of_mass,correct_partial,frustrated,0,MiniMax-M2.7,conservation_of_mass,training,main,canonical
2eea6406297ae97ed231,unsupported_ability_claim,0,1,universal_counterexample,correct_partial,frustrated,0,glm-5.3,counterexample,training,main,canonical
2f36cc90a5dbea80fac3,unsupported_ability_claim,0,0,wave_speed,wrong_attempt,calm,1,doubao-seed-2.0-lite,wave_speed,training,main,canonical
2f52c7e4625f9c300dde,unsupported_ability_claim,0,1,ratio_partition,wrong_attempt,frustrated,0,MiniMax-M2.7,ratio_partition,training,main,canonical
30efdb130ffa8d4206ae,unsupported_ability_claim,0,1,speed_units,wrong_attempt,frustrated,1,doubao-seed-2.0-lite,unit_conversion,training,main,canonical
31ba7a8f2e7f0c4f3600,unsupported_ability_claim,0,1,thermal_energy,correct_partial,calm,1,doubao-seed-2.0-lite,specific_heat,training,main,canonical
32210806d72253dc6380,unsupported_ability_claim,0,1,modifier_attachment,correct_partial,frustrated,0,glm-5.3,modifier_attachment,training,main,canonical
3223fb7819dd3e383fdf,unsupported_ability_claim,0,1,arithmetic_sequence,wrong_attempt,calm,0,deepseek-v4-pro,arithmetic_sequence,training,main,canonical
32af60315e169c3d7d6c,unsupported_ability_claim,0,1,modifier_attachment,correct_partial,calm,1,MiniMax-M3,modifier_attachment,training,main,canonical
32da0c4fe4a843aa42dd,unsupported_ability_claim,0,1,map_scale,correct_partial,frustrated,0,deepseek-v4-pro,unit_conversion,training,main,canonical
330aefb8bcea23e0b40d,unsupported_ability_claim,0,1,conjunctive_rule,correct_partial,calm,0,MiniMax-M2.7,conjunctive_rule,training,main,canonical
331eba89daae216afa74,unsupported_ability_claim,0,1,subject_verb_agreement,wrong_attempt,frustrated,0,doubao-seed-2.0-lite,subject_verb_agreement,training,main,canonical
336727fc9bdfecc4378c,unsupported_ability_claim,0,1,net_force,correct_partial,calm,1,glm-5.3,newtons_second_law,training,main,canonical
33bb1779dcffc2f9d262,unsupported_ability_claim,0,1,map_scale,wrong_attempt,frustrated,0,MiniMax-M3,unit_conversion,training,main,canonical
33e68a393f5edab58929,unsupported_ability_claim,0,1,circuit_current,correct_partial,calm,1,MiniMax-M3,ohms_law,training,main,canonical
34384ad0fdbaca9f1680,unsupported_ability_claim,0,1,single_draw_probability,correct_partial,frustrated,1,MiniMax-M2.7,single_draw_probability,training,main,canonical
3538a214a2a88679bd1a,unsupported_ability_claim,0,1,expected_points,correct_partial,calm,0,doubao-seed-2.0-lite,expected_value,training,main,canonical
359c1ff00f8283f09408,unsupported_ability_claim,0,0,set_entailment,wrong_attempt,frustrated,1,MiniMax-M3,set_entailment,training,main,canonical
35ea5dc5a4a362d249e8,unsupported_ability_claim,0,0,circuit_current,correct_partial,frustrated,1,glm-5.3,ohms_law,training,main,canonical
36c32dd15bc2e56dd1a2,unsupported_ability_claim,0,1,ordering_constraints,correct_partial,calm,0,doubao-seed-2.0-lite,ordering_constraints,training,main,canonical
37415bb4a3a3d3d83ffa,unsupported_ability_claim,0,1,classifier_precision,wrong_attempt,calm,0,MiniMax-M3,classification_metrics,training,main,canonical
377a646245e8da141395,unsupported_ability_claim,0,1,food_chain,correct_partial,calm,1,deepseek-v4-pro,food_web_relations,training,main,canonical
37a33cbe6ad126abf713,unsupported_ability_claim,0,1,classifier_precision,wrong_attempt,calm,0,doubao-seed-2.0-lite,classification_metrics,training,main,canonical
3837a48a73f77c72690f,unsupported_ability_claim,0,1,pronoun_reference,correct_partial,calm,1,MiniMax-M3,pronoun_reference,training,main,canonical
394408cd3199c3b99b60,unsupported_ability_claim,0,1,weighted_mean,correct_partial,frustrated,1,doubao-seed-2.0-lite,averaging,training,main,canonical
3a904a4e01b30c3c8f30,unsupported_ability_claim,0,1,discount_price,wrong_attempt,calm,0,MiniMax-M3,discount_price,training,main,canonical
3c1a6ffff823d35a37c7,unsupported_ability_claim,0,1,speed_units,correct_partial,calm,1,MiniMax-M3,unit_conversion,training,main,canonical
3c447706c0063b7848d4,unsupported_ability_claim,0,1,set_entailment,wrong_attempt,calm,0,MiniMax-M2.7,set_entailment,training,main,canonical
3c615153cae2f79878e0,unsupported_ability_claim,0,1,arithmetic_sequence,wrong_attempt,calm,0,MiniMax-M2.7,arithmetic_sequence,training,main,canonical
3c8540a9102a03c6f12a,unsupported_ability_claim,0,1,past_tense,correct_partial,calm,0,doubao-seed-2.0-lite,tense_consistency,training,main,canonical
3cd3291e0e1976611f82,unsupported_ability_claim,0,1,thermal_energy,wrong_attempt,calm,1,MiniMax-M2.7,specific_heat,training,main,canonical
3dd1b001111a44b300f0,unsupported_ability_claim,0,0,wave_speed,wrong_attempt,frustrated,0,deepseek-v4-pro,wave_speed,training,main,canonical
3e3288a1d27b02d5931f,unsupported_ability_claim,0,0,experimental_variable,wrong_attempt,calm,1,MiniMax-M3,experimental_design,training,main,canonical
3e711ed23b093cd53ee2,unsupported_ability_claim,0,1,past_tense,correct_partial,calm,1,deepseek-v4-pro,tense_consistency,training,main,canonical
3f41c52f536521dabefc,unsupported_ability_claim,0,0,modifier_attachment,correct_partial,frustrated,0,MiniMax-M2.7,modifier_attachment,training,main,canonical
3f7f6bf649260830ab85,unsupported_ability_claim,0,1,comma_splice,wrong_attempt,calm,0,deepseek-v4-pro,clause_punctuation,training,main,canonical
3fdbaa3447b1491b725d,unsupported_ability_claim,0,1,map_scale,wrong_attempt,frustrated,1,MiniMax-M3,unit_conversion,training,main,canonical
4038e673bf1419f9cb83,unsupported_ability_claim,0,1,pronoun_reference,wrong_attempt,frustrated,1,MiniMax-M2.7,pronoun_reference,training,main,canonical
4099eae6e106eaa058cf,unsupported_ability_claim,0,1,conjunctive_rule,wrong_attempt,calm,0,glm-5.3,conjunctive_rule,training,main,canonical
40bb50c0a08d2c96446b,unsupported_ability_claim,0,1,conditional_inference,wrong_attempt,frustrated,1,glm-5.3,conditional_inference,training,main,canonical
41366c88c6f35b10dcdb,unsupported_ability_claim,0,1,ordering_constraints,correct_partial,frustrated,1,MiniMax-M3,ordering_constraints,training,main,canonical
414b5bcceb2232a08039,unsupported_ability_claim,0,1,simple_inheritance,wrong_attempt,calm,1,MiniMax-M2.7,mendelian_inheritance,training,main,canonical
419c01e9ccf9dc9e9e7a,unsupported_ability_claim,1,0,rectangle_width,wrong_attempt,frustrated,1,deepseek-v4-pro,rectangle_perimeter,training,main,canonical
422f2fcc158701645c20,unsupported_ability_claim,0,1,subject_verb_agreement,correct_partial,calm,1,deepseek-v4-pro,subject_verb_agreement,training,main,canonical
42afdbcc9e61b7a9337d,unsupported_ability_claim,0,0,discount_price,wrong_attempt,frustrated,1,MiniMax-M3,discount_price,training,main,canonical
43986994c92c127cde59,unsupported_ability_claim,0,0,set_entailment,correct_partial,frustrated,0,MiniMax-M2.7,set_entailment,training,main,canonical
43d4cc47b3f40bb9e847,unsupported_ability_claim,0,1,universal_counterexample,correct_partial,calm,0,glm-5.3,counterexample,training,main,canonical
4415d93e1567ad9056ab,unsupported_ability_claim,0,1,conservation_of_mass,wrong_attempt,calm,0,glm-5.3,conservation_of_mass,training,main,canonical
4448b1264155e4122a69,unsupported_ability_claim,0,1,main_idea,wrong_attempt,calm,0,MiniMax-M3,main_idea,training,main,canonical
45a4a087369474b18c3e,unsupported_ability_claim,0,0,wave_speed,correct_partial,frustrated,1,MiniMax-M2.7,wave_speed,training,main,canonical
45c5e27b9c7e65364de7,unsupported_ability_claim,0,1,speed_units,wrong_attempt,calm,1,doubao-seed-2.0-lite,unit_conversion,training,main,canonical
45d95eff4cf47e45ea2f,unsupported_ability_claim,0,1,food_chain,wrong_attempt,calm,1,deepseek-v4-pro,food_web_relations,training,main,canonical
46040f40feaf34559d17,unsupported_ability_claim,0,1,rectangle_width,wrong_attempt,frustrated,1,MiniMax-M2.7,rectangle_perimeter,training,main,canonical
4616aa52d82f90b2a441,unsupported_ability_claim,0,1,classifier_precision,correct_partial,calm,1,doubao-seed-2.0-lite,classification_metrics,training,main,canonical
461a61db67beb0750d7d,unsupported_ability_claim,0,1,thermal_energy,wrong_attempt,frustrated,0,MiniMax-M2.7,specific_heat,training,main,canonical
464eacbe32df221ac1f4,unsupported_ability_claim,0,1,arithmetic_sequence,wrong_attempt,frustrated,1,MiniMax-M2.7,arithmetic_sequence,training,main,canonical
467a0a6b4292f31ae21b,unsupported_ability_claim,0,1,discount_price,correct_partial,calm,0,MiniMax-M3,discount_price,training,main,canonical
46be26109b5a947c6588,unsupported_ability_claim,0,0,subject_verb_agreement,wrong_attempt,calm,1,MiniMax-M3,subject_verb_agreement,training,main,canonical
46dcac31bef7f426925b,unsupported_ability_claim,0,1,modifier_attachment,wrong_attempt,frustrated,1,glm-5.3,modifier_attachment,training,main,canonical
46f5c726eb8086c2e484,unsupported_ability_claim,0,1,food_chain,wrong_attempt,frustrated,1,MiniMax-M3,food_web_relations,training,main,canonical
4730043b336b53476fe0,unsupported_ability_claim,0,0,simple_inheritance,correct_partial,frustrated,0,MiniMax-M3,mendelian_inheritance,training,main,canonical
479fa05e32aa10be31c2,unsupported_ability_claim,1,0,classifier_precision,correct_partial,frustrated,0,MiniMax-M3,classification_metrics,training,main,canonical
47d470fccafcb43b8eff,unsupported_ability_claim,0,1,circuit_current,wrong_attempt,frustrated,0,doubao-seed-2.0-lite,ohms_law,training,main,canonical
4859a5c83e5e5ccb6e5b,unsupported_ability_claim,0,1,conditional_inference,wrong_attempt,calm,0,MiniMax-M3,conditional_inference,training,main,canonical
48db7355665a9283e7f3,unsupported_ability_claim,0,1,net_force,wrong_attempt,calm,0,MiniMax-M2.7,newtons_second_law,training,main,canonical
4962626092a7e7d8cbf4,unsupported_ability_claim,0,1,arithmetic_mean,correct_partial,frustrated,1,MiniMax-M2.7,averaging,training,main,canonical
4a6f82c45fc98419e780,unsupported_ability_claim,1,0,past_tense,wrong_attempt,calm,1,MiniMax-M2.7,tense_consistency,training,main,canonical
4aafbee9929c0200e743,unsupported_ability_claim,0,1,conjunctive_rule,correct_partial,frustrated,1,glm-5.3,conjunctive_rule,training,main,canonical
4ab544a076d26b2844ae,unsupported_ability_claim,0,1,thermal_energy,wrong_attempt,frustrated,1,MiniMax-M2.7,specific_heat,training,main,canonical
4ab9916d02225a90253f,unsupported_ability_claim,0,1,weighted_mean,correct_partial,calm,1,doubao-seed-2.0-lite,averaging,training,main,canonical
4af1a1bc9af9533bf3d9,unsupported_ability_claim,0,1,conjunctive_rule,correct_partial,calm,0,doubao-seed-2.0-lite,conjunctive_rule,training,main,canonical
4b84e1881194e5cdcb26,unsupported_ability_claim,0,1,relevant_support,correct_partial,frustrated,0,MiniMax-M2.7,argument_relevance,training,main,canonical
4c0e31059071e9ea07b0,unsupported_ability_claim,0,1,subject_verb_agreement,wrong_attempt,calm,1,doubao-seed-2.0-lite,subject_verb_agreement,training,main,canonical
4c47783e0f67c90b1111,unsupported_ability_claim,0,1,speed_units,wrong_attempt,calm,0,glm-5.3,unit_conversion,training,main,canonical
4c50243f2397f5fd1578,unsupported_ability_claim,0,1,circuit_current,wrong_attempt,frustrated,1,MiniMax-M2.7,ohms_law,training,main,canonical
4cab5325a89c4d8f74e1,unsupported_ability_claim,0,1,conservation_of_mass,correct_partial,frustrated,1,glm-5.3,conservation_of_mass,training,main,canonical
4ce2a2d721d3ea47b8c6,unsupported_ability_claim,0,1,ordering_constraints,correct_partial,frustrated,0,deepseek-v4-pro,ordering_constraints,training,main,canonical
4cff3a684511df1ee95d,unsupported_ability_claim,0,1,conditional_inference,wrong_attempt,frustrated,0,doubao-seed-2.0-lite,conditional_inference,training,main,canonical
4d57ef4f346372867c71,unsupported_ability_claim,0,1,pronoun_reference,correct_partial,frustrated,0,MiniMax-M2.7,pronoun_reference,training,main,canonical
4e83bbc648d77ae7b264,unsupported_ability_claim,0,1,main_idea,correct_partial,calm,0,doubao-seed-2.0-lite,main_idea,training,main,canonical
4eb566699d7bf1d7b525,unsupported_ability_claim,0,1,arithmetic_mean,wrong_attempt,calm,1,doubao-seed-2.0-lite,averaging,training,main,canonical
4f1a15017d71ba6bd980,unsupported_ability_claim,0,1,weighted_mean,correct_partial,frustrated,1,MiniMax-M3,averaging,training,main,canonical
4febd5b1397306e748e5,unsupported_ability_claim,0,1,wave_speed,wrong_attempt,calm,0,glm-5.3,wave_speed,training,main,canonical
504dfb0c90650d57b90e,unsupported_ability_claim,0,1,past_tense,wrong_attempt,calm,1,MiniMax-M3,tense_consistency,training,main,canonical
505154a9577ab32a5246,unsupported_ability_claim,0,1,relevant_support,wrong_attempt,frustrated,1,doubao-seed-2.0-lite,argument_relevance,training,main,canonical
5056ec8e473917b2e221,unsupported_ability_claim,0,1,conservation_of_mass,wrong_attempt,frustrated,1,deepseek-v4-pro,conservation_of_mass,training,main,canonical
5070361083c46b99aed5,unsupported_ability_claim,0,1,weighted_mean,correct_partial,calm,1,deepseek-v4-pro,averaging,training,main,canonical
50c8150cd1764801b14b,unsupported_ability_claim,0,1,ratio_partition,wrong_attempt,calm,1,deepseek-v4-pro,ratio_partition,training,main,canonical
50dda38e6c2a09f305e4,unsupported_ability_claim,0,0,arithmetic_mean,correct_partial,frustrated,0,MiniMax-M3,averaging,training,main,canonical
5122a17645c6fefaa6b5,unsupported_ability_claim,0,1,circuit_current,wrong_attempt,frustrated,1,deepseek-v4-pro,ohms_law,training,main,canonical
514747420053d69f2ab3,unsupported_ability_claim,0,1,conditional_inference,correct_partial,frustrated,1,MiniMax-M2.7,conditional_inference,training,main,canonical
521584473f579e2524bd,unsupported_ability_claim,0,1,experimental_variable,wrong_attempt,frustrated,0,doubao-seed-2.0-lite,experimental_design,training,main,canonical
5288d6e702b0d7d43a53,unsupported_ability_claim,0,1,conservation_of_mass,correct_partial,calm,1,MiniMax-M2.7,conservation_of_mass,training,main,canonical
52b3833d0e3a1eddd4ea,unsupported_ability_claim,0,1,rectangle_width,correct_partial,calm,0,glm-5.3,rectangle_perimeter,training,main,canonical
5313632bbceb641d84ea,unsupported_ability_claim,0,1,wave_speed,correct_partial,calm,1,glm-5.3,wave_speed,training,main,canonical
5355e573f65501e408ae,unsupported_ability_claim,0,1,circuit_current,correct_partial,calm,1,MiniMax-M2.7,ohms_law,training,main,canonical
538c0af50cb046a94cbd,unsupported_ability_claim,0,1,expected_points,wrong_attempt,frustrated,1,doubao-seed-2.0-lite,expected_value,training,main,canonical
54b24fcbab1ccf7d68e4,unsupported_ability_claim,0,0,arithmetic_mean,wrong_attempt,frustrated,0,MiniMax-M3,averaging,training,main,canonical
54d64cae24c2c793db35,unsupported_ability_claim,0,1,speed_units,correct_partial,calm,0,MiniMax-M2.7,unit_conversion,training,main,canonical
54e97878f7e6313b1efc,unsupported_ability_claim,0,1,fact_opinion,wrong_attempt,frustrated,0,glm-5.3,fact_opinion,training,main,canonical
54f32f1c2a89a10de092,unsupported_ability_claim,1,1,arithmetic_sequence,wrong_attempt,calm,0,MiniMax-M3,arithmetic_sequence,training,main,canonical
55a9f4b5af6d2aff12b0,unsupported_ability_claim,0,1,simple_inheritance,wrong_attempt,frustrated,0,deepseek-v4-pro,mendelian_inheritance,training,main,canonical
55e036d6cda47dc5327a,unsupported_ability_claim,0,1,subject_verb_agreement,wrong_attempt,frustrated,0,glm-5.3,subject_verb_agreement,training,main,canonical
5750c66dd0164e87e80f,unsupported_ability_claim,0,1,modifier_attachment,wrong_attempt,frustrated,0,glm-5.3,modifier_attachment,training,main,canonical
57740f1a7a3579dafa6a,unsupported_ability_claim,0,1,conditional_inference,correct_partial,calm,0,glm-5.3,conditional_inference,training,main,canonical
57bf18c2a33aeee4859f,unsupported_ability_claim,0,1,ordering_constraints,wrong_attempt,calm,1,MiniMax-M2.7,ordering_constraints,training,main,canonical
57cf0bccbcf16b74fbb5,unsupported_ability_claim,0,1,modifier_attachment,wrong_attempt,calm,0,MiniMax-M2.7,modifier_attachment,training,main,canonical
58626735d8b79c1706e9,unsupported_ability_claim,0,1,comma_splice,wrong_attempt,frustrated,0,deepseek-v4-pro,clause_punctuation,training,main,canonical
58bdde7777a2cc2bc147,unsupported_ability_claim,0,1,fact_opinion,wrong_attempt,calm,0,MiniMax-M3,fact_opinion,training,main,canonical
5918cd17f72b7ea957d0,unsupported_ability_claim,0,0,experimental_variable,correct_partial,calm,0,MiniMax-M3,experimental_design,training,main,canonical
59b2eb122b23e12925e1,unsupported_ability_claim,0,1,food_chain,correct_partial,frustrated,1,MiniMax-M2.7,food_web_relations,training,main,canonical
59e2388c21dd7840262b,unsupported_ability_claim,0,0,circuit_current,correct_partial,frustrated,0,MiniMax-M3,ohms_law,training,main,canonical
5af4e5e058056efa2ddf,unsupported_ability_claim,0,1,comma_splice,correct_partial,calm,1,deepseek-v4-pro,clause_punctuation,training,main,canonical
5b142c4b8e1abf19682c,unsupported_ability_claim,0,1,thermal_energy,correct_partial,calm,1,MiniMax-M2.7,specific_heat,training,main,canonical
5b230bec0234f56e96fb,unsupported_ability_claim,0,1,past_tense,correct_partial,calm,1,doubao-seed-2.0-lite,tense_consistency,training,main,canonical
5b24e30ed4cfdb569cce,unsupported_ability_claim,0,1,wave_speed,correct_partial,calm,1,doubao-seed-2.0-lite,wave_speed,training,main,canonical
5ba5ceaae66b84512d7a,unsupported_ability_claim,0,1,comma_splice,correct_partial,calm,0,MiniMax-M2.7,clause_punctuation,training,main,canonical
5bd0084b8db4ce044ee7,unsupported_ability_claim,0,1,simple_inheritance,correct_partial,calm,1,MiniMax-M3,mendelian_inheritance,training,main,canonical
5c7df9e84e8d85322add,unsupported_ability_claim,0,1,arithmetic_sequence,wrong_attempt,frustrated,1,deepseek-v4-pro,arithmetic_sequence,training,main,canonical
5c861e298d962de678fe,unsupported_ability_claim,0,1,modifier_attachment,correct_partial,frustrated,1,MiniMax-M3,modifier_attachment,training,main,canonical
5caa94052fc7a7992ae2,unsupported_ability_claim,0,1,weighted_mean,correct_partial,frustrated,0,MiniMax-M3,averaging,training,main,canonical
5d659d4cc2829edaac54,unsupported_ability_claim,0,1,universal_counterexample,wrong_attempt,calm,1,MiniMax-M2.7,counterexample,training,main,canonical
5d6d0f0965e1b4608cc3,unsupported_ability_claim,0,1,single_draw_probability,wrong_attempt,calm,1,doubao-seed-2.0-lite,single_draw_probability,training,main,canonical
5dc685c7aa1bde246af9,unsupported_ability_claim,0,1,circuit_current,wrong_attempt,frustrated,0,MiniMax-M2.7,ohms_law,training,main,canonical
5ddbf15f48c3d55973b4,unsupported_ability_claim,0,1,fact_opinion,wrong_attempt,frustrated,0,MiniMax-M2.7,fact_opinion,training,main,canonical
5de5ea40d59db10fb605,unsupported_ability_claim,0,1,modifier_attachment,correct_partial,calm,1,doubao-seed-2.0-lite,modifier_attachment,training,main,canonical
5eb296486c7088a55413,unsupported_ability_claim,0,1,ratio_partition,correct_partial,frustrated,0,glm-5.3,ratio_partition,training,main,canonical
5eb321b32f8a118f2d86,unsupported_ability_claim,0,1,expected_points,wrong_attempt,calm,1,doubao-seed-2.0-lite,expected_value,training,main,canonical
5fd7a96dcacba9cd3b84,unsupported_ability_claim,0,1,classifier_precision,correct_partial,frustrated,0,doubao-seed-2.0-lite,classification_metrics,training,main,canonical
608b780fe17303a76d33,unsupported_ability_claim,0,1,weighted_mean,wrong_attempt,calm,1,glm-5.3,averaging,training,main,canonical
60ee0d0a2a69fc89f45d,unsupported_ability_claim,0,1,main_idea,correct_partial,frustrated,0,deepseek-v4-pro,main_idea,training,main,canonical
61068c8c84a0f8661c03,unsupported_ability_claim,0,1,conditional_inference,correct_partial,calm,1,deepseek-v4-pro,conditional_inference,training,main,canonical
61390c8884e29ecefd47,unsupported_ability_claim,0,1,map_scale,wrong_attempt,calm,1,doubao-seed-2.0-lite,unit_conversion,training,main,canonical
613b77decc9aa9a2e5d3,unsupported_ability_claim,0,1,simple_inheritance,correct_partial,frustrated,0,MiniMax-M2.7,mendelian_inheritance,training,main,canonical
61eb3e20aa7cbfcc1bf4,unsupported_ability_claim,0,1,map_scale,wrong_attempt,calm,0,deepseek-v4-pro,unit_conversion,training,main,canonical
6246025a004581ecf5d9,unsupported_ability_claim,0,1,fact_opinion,wrong_attempt,calm,0,MiniMax-M2.7,fact_opinion,training,main,canonical
6259b6f0a2b91de0a916,unsupported_ability_claim,0,1,subject_verb_agreement,wrong_attempt,calm,1,MiniMax-M2.7,subject_verb_agreement,training,main,canonical
64479570b385be2930e4,unsupported_ability_claim,0,1,modifier_attachment,correct_partial,calm,0,doubao-seed-2.0-lite,modifier_attachment,training,main,canonical
64854bfffd08dc4034be,unsupported_ability_claim,0,0,net_force,wrong_attempt,frustrated,1,deepseek-v4-pro,newtons_second_law,training,main,canonical
65659e30c4646b8a01e0,unsupported_ability_claim,0,1,discount_price,wrong_attempt,calm,1,MiniMax-M2.7,discount_price,training,main,canonical
6678e739d5f302752b2e,unsupported_ability_claim,0,1,pronoun_reference,correct_partial,calm,1,deepseek-v4-pro,pronoun_reference,training,main,canonical
66bb0699957a0572fea2,unsupported_ability_claim,0,1,experimental_variable,wrong_attempt,frustrated,0,MiniMax-M3,experimental_design,training,main,canonical
66e6bff72b5492eeb172,unsupported_ability_claim,0,1,map_scale,wrong_attempt,frustrated,1,doubao-seed-2.0-lite,unit_conversion,training,main,canonical
677bdeacfd11ff13efc5,unsupported_ability_claim,0,1,expected_points,correct_partial,calm,0,deepseek-v4-pro,expected_value,training,main,canonical
677c7b26513236f7e64e,unsupported_ability_claim,0,1,ordering_constraints,correct_partial,calm,1,deepseek-v4-pro,ordering_constraints,training,main,canonical
67f026e2d5e6f3fe1431,unsupported_ability_claim,0,1,classifier_precision,wrong_attempt,frustrated,0,MiniMax-M3,classification_metrics,training,main,canonical
68180f90e03615186db3,unsupported_ability_claim,0,1,pronoun_reference,correct_partial,frustrated,0,deepseek-v4-pro,pronoun_reference,training,main,canonical
686777fbb706741be797,unsupported_ability_claim,0,1,conditional_inference,correct_partial,calm,1,MiniMax-M3,conditional_inference,training,main,canonical
687a421b75e20734483d,unsupported_ability_claim,0,1,weighted_mean,correct_partial,calm,0,deepseek-v4-pro,averaging,training,main,canonical
68a22ad7abadabaf6c91,unsupported_ability_claim,0,1,main_idea,correct_partial,calm,1,glm-5.3,main_idea,training,main,canonical
68d9e3e1ded6b0ccc6ac,unsupported_ability_claim,0,1,conjunctive_rule,correct_partial,calm,1,glm-5.3,conjunctive_rule,training,main,canonical
69558e373b7fc4be4228,unsupported_ability_claim,1,0,past_tense,wrong_attempt,calm,0,MiniMax-M2.7,tense_consistency,training,main,canonical
695be5886658baf52df9,unsupported_ability_claim,0,1,expected_points,wrong_attempt,calm,1,MiniMax-M2.7,expected_value,training,main,canonical
6980505169ed95cb3526,unsupported_ability_claim,0,1,modifier_attachment,correct_partial,calm,0,deepseek-v4-pro,modifier_attachment,training,main,canonical
699f5e8feb1424c26888,unsupported_ability_claim,0,1,set_entailment,wrong_attempt,frustrated,0,doubao-seed-2.0-lite,set_entailment,training,main,canonical
69b1a0b26f81596a7ee7,unsupported_ability_claim,0,1,set_entailment,correct_partial,calm,1,deepseek-v4-pro,set_entailment,training,main,canonical
69d3a451aa057a8818b7,unsupported_ability_claim,0,1,experimental_variable,correct_partial,calm,0,deepseek-v4-pro,experimental_design,training,main,canonical
69e2c89fc205fb263509,unsupported_ability_claim,0,0,subject_verb_agreement,wrong_attempt,frustrated,0,deepseek-v4-pro,subject_verb_agreement,training,main,canonical
6a605350a8c5aa0542be,unsupported_ability_claim,0,1,wave_speed,correct_partial,frustrated,0,MiniMax-M3,wave_speed,training,main,canonical
6a98418f5948ed5e3f03,unsupported_ability_claim,0,1,conservation_of_mass,correct_partial,calm,0,MiniMax-M2.7,conservation_of_mass,training,main,canonical
6a9fd560cfd7ea47caf5,unsupported_ability_claim,0,1,net_force,wrong_attempt,calm,0,deepseek-v4-pro,newtons_second_law,training,main,canonical
6aaf74c4d4c8582df4ae,unsupported_ability_claim,0,1,past_tense,correct_partial,frustrated,0,deepseek-v4-pro,tense_consistency,training,main,canonical
6ae9850da92344c23803,unsupported_ability_claim,0,1,conjunctive_rule,correct_partial,frustrated,0,doubao-seed-2.0-lite,conjunctive_rule,training,main,canonical
6aea59a4181fc5eb4e7e,unsupported_ability_claim,0,1,ratio_partition,wrong_attempt,calm,1,doubao-seed-2.0-lite,ratio_partition,training,main,canonical
6b7f925aeac6bbeffe07,unsupported_ability_claim,0,1,fact_opinion,correct_partial,frustrated,0,MiniMax-M2.7,fact_opinion,training,main,canonical
6c98504199a33c4c800a,unsupported_ability_claim,0,1,fact_opinion,correct_partial,calm,1,glm-5.3,fact_opinion,training,main,canonical
6c9ef446333cbf874ed3,unsupported_ability_claim,0,1,relevant_support,correct_partial,calm,1,MiniMax-M3,argument_relevance,training,main,canonical
6d18a3fcff651e687c64,unsupported_ability_claim,0,0,modifier_attachment,wrong_attempt,frustrated,1,MiniMax-M2.7,modifier_attachment,training,main,canonical
6d58abe9058019a0dc4b,unsupported_ability_claim,0,1,comma_splice,wrong_attempt,frustrated,1,MiniMax-M2.7,clause_punctuation,training,main,canonical
6d91f1fcd2c9c7e855a8,unsupported_ability_claim,0,0,ratio_partition,correct_partial,frustrated,1,MiniMax-M3,ratio_partition,training,main,canonical
6d990e07e7fbde7aba6c,unsupported_ability_claim,0,1,universal_counterexample,correct_partial,frustrated,1,doubao-seed-2.0-lite,counterexample,training,main,canonical
6e03262009dfe5d78c22,unsupported_ability_claim,0,1,relevant_support,wrong_attempt,frustrated,0,MiniMax-M2.7,argument_relevance,training,main,canonical
6e40a13e52ebb9d05726,unsupported_ability_claim,0,1,rectangle_width,wrong_attempt,frustrated,1,glm-5.3,rectangle_perimeter,training,main,canonical
6e69e873968d095fa314,unsupported_ability_claim,0,1,universal_counterexample,correct_partial,calm,1,glm-5.3,counterexample,training,main,canonical
6e711c16627c2f92d056,unsupported_ability_claim,0,1,modifier_attachment,correct_partial,frustrated,1,deepseek-v4-pro,modifier_attachment,training,main,canonical
6ee57c8c8e650bd63dd8,unsupported_ability_claim,1,1,experimental_variable,correct_partial,frustrated,1,MiniMax-M3,experimental_design,training,main,canonical
6f65ef2a6765449e0847,unsupported_ability_claim,0,1,ratio_partition,correct_partial,calm,1,doubao-seed-2.0-lite,ratio_partition,training,main,canonical
6fb416e1f09bcad3be18,unsupported_ability_claim,0,1,arithmetic_sequence,correct_partial,frustrated,1,doubao-seed-2.0-lite,arithmetic_sequence,training,main,canonical
7056de521b939f3cfea7,unsupported_ability_claim,0,1,speed_units,wrong_attempt,frustrated,0,MiniMax-M3,unit_conversion,training,main,canonical
70c239709b1d0338338c,unsupported_ability_claim,0,1,universal_counterexample,correct_partial,frustrated,1,MiniMax-M3,counterexample,training,main,canonical
718600b2e28893ab722d,unsupported_ability_claim,0,0,weighted_mean,wrong_attempt,frustrated,0,MiniMax-M3,averaging,training,main,canonical
72c8927651e877ecad41,unsupported_ability_claim,0,1,expected_points,wrong_attempt,frustrated,0,MiniMax-M3,expected_value,training,main,canonical
72ce1f650e1cc13b8eed,unsupported_ability_claim,0,1,expected_points,wrong_attempt,frustrated,0,MiniMax-M2.7,expected_value,training,main,canonical
72febde1223e4d9fd892,unsupported_ability_claim,0,1,speed_units,wrong_attempt,calm,1,deepseek-v4-pro,unit_conversion,training,main,canonical
736aa6db83ed96d3998c,unsupported_ability_claim,0,1,expected_points,correct_partial,frustrated,0,doubao-seed-2.0-lite,expected_value,training,main,canonical
739c0221feaf50f0577b,unsupported_ability_claim,0,1,ordering_constraints,correct_partial,frustrated,0,MiniMax-M3,ordering_constraints,training,main,canonical
73b10ea54adfe6564cfe,unsupported_ability_claim,0,1,conjunctive_rule,correct_partial,frustrated,0,MiniMax-M2.7,conjunctive_rule,training,main,canonical
746be5e10f295b8e5900,unsupported_ability_claim,0,0,subject_verb_agreement,correct_partial,calm,0,MiniMax-M3,subject_verb_agreement,training,main,canonical
746d3e8f6a190bd6c409,unsupported_ability_claim,0,1,simple_inheritance,wrong_attempt,calm,1,glm-5.3,mendelian_inheritance,training,main,canonical
747940439e064733855d,unsupported_ability_claim,0,1,main_idea,correct_partial,calm,1,MiniMax-M3,main_idea,training,main,canonical
7496ab8919a6d0646a15,unsupported_ability_claim,0,1,single_draw_probability,correct_partial,calm,1,doubao-seed-2.0-lite,single_draw_probability,training,main,canonical
74fb65dcaf5cf87dfff6,unsupported_ability_claim,0,1,relevant_support,correct_partial,frustrated,1,glm-5.3,argument_relevance,training,main,canonical
754b9de50ddfc32c096e,unsupported_ability_claim,0,1,rectangle_width,wrong_attempt,frustrated,0,MiniMax-M2.7,rectangle_perimeter,training,main,canonical
758f8f6ddafb596268b6,unsupported_ability_claim,0,1,conditional_inference,correct_partial,calm,1,MiniMax-M2.7,conditional_inference,training,main,canonical
765fbb1c0b9b1eba9c5d,unsupported_ability_claim,0,0,past_tense,wrong_attempt,frustrated,1,glm-5.3,tense_consistency,training,main,canonical
76d3f0ccec1547624177,unsupported_ability_claim,0,1,speed_units,correct_partial,calm,1,deepseek-v4-pro,unit_conversion,training,main,canonical
7718903eb950a80e6e74,unsupported_ability_claim,0,0,past_tense,wrong_attempt,frustrated,0,glm-5.3,tense_consistency,training,main,canonical
775c37af24b4a2c41cae,unsupported_ability_claim,0,1,net_force,wrong_attempt,calm,1,deepseek-v4-pro,newtons_second_law,training,main,canonical
77b14b0252dd9e455d05,unsupported_ability_claim,0,1,arithmetic_mean,correct_partial,calm,0,doubao-seed-2.0-lite,averaging,training,main,canonical
77bac8026221dbb2cd99,unsupported_ability_claim,0,1,conservation_of_mass,correct_partial,calm,1,glm-5.3,conservation_of_mass,training,main,canonical
77e123d005251e8693e4,unsupported_ability_claim,0,0,food_chain,correct_partial,frustrated,0,MiniMax-M3,food_web_relations,training,main,canonical
783d79e13cd183a0d5af,unsupported_ability_claim,0,1,comma_splice,correct_partial,calm,1,MiniMax-M2.7,clause_punctuation,training,main,canonical
78ade733ad79690f4422,unsupported_ability_claim,0,1,simple_inheritance,correct_partial,frustrated,1,deepseek-v4-pro,mendelian_inheritance,training,main,canonical
78b6737f77f1366a5c01,unsupported_ability_claim,0,0,rectangle_width,correct_partial,frustrated,0,deepseek-v4-pro,rectangle_perimeter,training,main,canonical
78effc74f55d56834926,unsupported_ability_claim,0,0,experimental_variable,correct_partial,calm,1,glm-5.3,experimental_design,training,main,canonical
7950b9688e91e8491a5d,unsupported_ability_claim,0,1,arithmetic_mean,correct_partial,calm,1,deepseek-v4-pro,averaging,training,main,canonical
795ded82c69e59f7efd2,unsupported_ability_claim,0,1,pronoun_reference,correct_partial,frustrated,0,MiniMax-M3,pronoun_reference,training,main,canonical
797b9508a989e5eb9661,unsupported_ability_claim,0,1,fact_opinion,wrong_attempt,frustrated,1,glm-5.3,fact_opinion,training,main,canonical
7a2b333caa4687ecce2e,unsupported_ability_claim,0,1,thermal_energy,wrong_attempt,calm,0,glm-5.3,specific_heat,training,main,canonical
7a877754624d8ac0d06e,unsupported_ability_claim,1,1,thermal_energy,wrong_attempt,frustrated,1,MiniMax-M3,specific_heat,training,main,canonical
7ac4a5a90108e5336221,unsupported_ability_claim,0,1,universal_counterexample,wrong_attempt,calm,1,deepseek-v4-pro,counterexample,training,main,canonical
7b08921bf78f46706578,unsupported_ability_claim,0,1,rectangle_width,wrong_attempt,frustrated,1,doubao-seed-2.0-lite,rectangle_perimeter,training,main,canonical
7b5141c38875d8a7d641,unsupported_ability_claim,0,1,single_draw_probability,correct_partial,calm,0,MiniMax-M3,single_draw_probability,training,main,canonical
7b5c1d75083aeae95952,unsupported_ability_claim,0,1,thermal_energy,wrong_attempt,frustrated,0,doubao-seed-2.0-lite,specific_heat,training,main,canonical
7be7f7cde088a452bb68,unsupported_ability_claim,0,1,ratio_partition,wrong_attempt,frustrated,1,deepseek-v4-pro,ratio_partition,training,main,canonical
7c0cb7ab6dbe76c935a9,unsupported_ability_claim,0,0,discount_price,wrong_attempt,frustrated,1,deepseek-v4-pro,discount_price,training,main,canonical
7c7749fac0b4946795fb,unsupported_ability_claim,0,1,rectangle_width,wrong_attempt,calm,1,glm-5.3,rectangle_perimeter,training,main,canonical
7eaab260c4bc42eb779d,unsupported_ability_claim,0,1,modifier_attachment,wrong_attempt,frustrated,0,MiniMax-M3,modifier_attachment,training,main,canonical
7eefa0ebfda752b5509d,unsupported_ability_claim,0,1,expected_points,wrong_attempt,frustrated,0,doubao-seed-2.0-lite,expected_value,training,main,canonical
7f49d6dcaa0df2493da2,unsupported_ability_claim,0,1,experimental_variable,correct_partial,frustrated,1,deepseek-v4-pro,experimental_design,training,main,canonical
7fd5aae0c7fd9ff4557e,unsupported_ability_claim,0,1,ordering_constraints,correct_partial,calm,1,MiniMax-M2.7,ordering_constraints,training,main,canonical
801651ef8415eb151c3d,unsupported_ability_claim,0,1,universal_counterexample,wrong_attempt,frustrated,1,doubao-seed-2.0-lite,counterexample,training,main,canonical
803cde85e5ad74f4b232,unsupported_ability_claim,0,1,rectangle_width,wrong_attempt,frustrated,0,MiniMax-M3,rectangle_perimeter,training,main,canonical
8057b4dd0ae893905855,unsupported_ability_claim,0,1,simple_inheritance,wrong_attempt,calm,0,MiniMax-M3,mendelian_inheritance,training,main,canonical
807ae0e290c913f2bdd3,unsupported_ability_claim,0,1,universal_counterexample,wrong_attempt,frustrated,1,MiniMax-M2.7,counterexample,training,main,canonical
821e385af9da21563ea3,unsupported_ability_claim,0,1,universal_counterexample,correct_partial,calm,1,MiniMax-M2.7,counterexample,training,main,canonical
829290bbd1e0adf3e23b,unsupported_ability_claim,0,1,experimental_variable,correct_partial,calm,1,deepseek-v4-pro,experimental_design,training,main,canonical
82c181a37a04ed6f004b,unsupported_ability_claim,0,1,speed_units,correct_partial,calm,1,doubao-seed-2.0-lite,unit_conversion,training,main,canonical
82ca3d4136d7234649ac,unsupported_ability_claim,0,1,speed_units,correct_partial,frustrated,1,doubao-seed-2.0-lite,unit_conversion,training,main,canonical
833de3b6fb4ee43b6a7c,unsupported_ability_claim,0,0,net_force,wrong_attempt,frustrated,0,deepseek-v4-pro,newtons_second_law,training,main,canonical
83f97253ed37b58897ac,unsupported_ability_claim,0,1,simple_inheritance,correct_partial,calm,0,doubao-seed-2.0-lite,mendelian_inheritance,training,main,canonical
83fff9271ef77d56d579,unsupported_ability_claim,0,1,universal_counterexample,wrong_attempt,calm,1,doubao-seed-2.0-lite,counterexample,training,main,canonical
848ea25e6732704bd665,unsupported_ability_claim,0,1,relevant_support,wrong_attempt,calm,0,glm-5.3,argument_relevance,training,main,canonical
84991113c60a5aff2325,unsupported_ability_claim,0,1,past_tense,correct_partial,calm,0,glm-5.3,tense_consistency,training,main,canonical
84a8654fbe3f97133e2a,unsupported_ability_claim,1,1,ordering_constraints,wrong_attempt,calm,0,glm-5.3,ordering_constraints,training,main,canonical
84ba88118fe5966421c0,unsupported_ability_claim,0,1,simple_inheritance,wrong_attempt,calm,1,MiniMax-M3,mendelian_inheritance,training,main,canonical
84dd2e58c7fa3d4155e7,unsupported_ability_claim,0,0,universal_counterexample,correct_partial,frustrated,1,deepseek-v4-pro,counterexample,training,main,canonical
84e9e64ee7c1bf45bdbf,unsupported_ability_claim,0,1,simple_inheritance,wrong_attempt,calm,1,doubao-seed-2.0-lite,mendelian_inheritance,training,main,canonical
8524ddcc30359c2b7ced,unsupported_ability_claim,0,1,arithmetic_sequence,wrong_attempt,frustrated,1,glm-5.3,arithmetic_sequence,training,main,canonical
852d4353a14d7be7beb4,unsupported_ability_claim,0,1,relevant_support,wrong_attempt,frustrated,0,doubao-seed-2.0-lite,argument_relevance,training,main,canonical
86142e5bbfaf81a23f6d,unsupported_ability_claim,0,1,universal_counterexample,wrong_attempt,calm,0,deepseek-v4-pro,counterexample,training,main,canonical
869d916e7d8f9fe32edc,unsupported_ability_claim,1,0,pronoun_reference,correct_partial,calm,0,MiniMax-M3,pronoun_reference,training,main,canonical
87022bbdc172ccbf3de7,unsupported_ability_claim,0,0,past_tense,correct_partial,frustrated,0,MiniMax-M2.7,tense_consistency,training,main,canonical
87dda4d0af9d5ffd04c8,unsupported_ability_claim,0,1,rectangle_width,correct_partial,frustrated,1,doubao-seed-2.0-lite,rectangle_perimeter,training,main,canonical
886c6af2fbecca01fd7f,unsupported_ability_claim,0,1,arithmetic_mean,correct_partial,calm,1,glm-5.3,averaging,training,main,canonical
888b630881c69ca657f7,unsupported_ability_claim,0,1,weighted_mean,wrong_attempt,frustrated,1,MiniMax-M2.7,averaging,training,main,canonical
88af193f6be91974160c,unsupported_ability_claim,0,0,net_force,correct_partial,frustrated,1,MiniMax-M2.7,newtons_second_law,training,main,canonical
89529b4248d04d1179d6,unsupported_ability_claim,0,1,ratio_partition,correct_partial,calm,0,MiniMax-M3,ratio_partition,training,main,canonical
8967c89485d947b139ff,unsupported_ability_claim,0,1,conservation_of_mass,wrong_attempt,calm,1,doubao-seed-2.0-lite,conservation_of_mass,training,main,canonical
8a8bc1c6d134cde63111,unsupported_ability_claim,0,1,net_force,correct_partial,calm,1,doubao-seed-2.0-lite,newtons_second_law,training,main,canonical
8ba3b6107d340baf77c0,unsupported_ability_claim,0,1,rectangle_width,correct_partial,calm,1,deepseek-v4-pro,rectangle_perimeter,training,main,canonical
8c400b596def840ead2a,unsupported_ability_claim,0,0,arithmetic_mean,wrong_attempt,calm,1,MiniMax-M2.7,averaging,training,main,canonical
8c5e86394cb39711835f,unsupported_ability_claim,0,1,speed_units,correct_partial,frustrated,0,glm-5.3,unit_conversion,training,main,canonical
8c7c0afe09f7e8227554,unsupported_ability_claim,0,1,conjunctive_rule,wrong_attempt,frustrated,0,deepseek-v4-pro,conjunctive_rule,training,main,canonical
8cc7ebfd3ee275be6fb3,unsupported_ability_claim,1,1,past_tense,correct_partial,frustrated,1,MiniMax-M3,tense_consistency,training,main,canonical
8d25826e6ee4facad5d7,unsupported_ability_claim,0,1,conditional_inference,correct_partial,calm,0,deepseek-v4-pro,conditional_inference,training,main,canonical
8d647bee7b73dd94b2f8,unsupported_ability_claim,0,1,comma_splice,correct_partial,frustrated,1,doubao-seed-2.0-lite,clause_punctuation,training,main,canonical
8df9f0811d2e5830099f,unsupported_ability_claim,0,1,comma_splice,correct_partial,calm,1,doubao-seed-2.0-lite,clause_punctuation,training,main,canonical
8e15b98ce0dd6f9122f1,unsupported_ability_claim,0,1,conjunctive_rule,wrong_attempt,calm,1,MiniMax-M2.7,conjunctive_rule,training,main,canonical
8e4c3fc46aecec90b80d,unsupported_ability_claim,0,1,set_entailment,wrong_attempt,calm,0,MiniMax-M3,set_entailment,training,main,canonical
8f37eee58b2bf46ba96d,unsupported_ability_claim,0,1,set_entailment,correct_partial,frustrated,1,doubao-seed-2.0-lite,set_entailment,training,main,canonical
8f9ae8aa2b1b01358d5e,unsupported_ability_claim,0,1,set_entailment,wrong_attempt,frustrated,1,MiniMax-M2.7,set_entailment,training,main,canonical
8fb1babd191a80b88c2d,unsupported_ability_claim,0,1,circuit_current,correct_partial,calm,0,doubao-seed-2.0-lite,ohms_law,training,main,canonical
8fca55be7007e3f568b2,unsupported_ability_claim,0,1,ratio_partition,wrong_attempt,calm,1,glm-5.3,ratio_partition,training,main,canonical
8ffab764bd53ead0929c,unsupported_ability_claim,0,1,discount_price,wrong_attempt,frustrated,1,glm-5.3,discount_price,training,main,canonical
907d4364dd50314272f2,unsupported_ability_claim,0,1,thermal_energy,correct_partial,frustrated,1,deepseek-v4-pro,specific_heat,training,main,canonical
913a0c345f8d06b52a02,unsupported_ability_claim,0,1,classifier_precision,wrong_attempt,calm,1,doubao-seed-2.0-lite,classification_metrics,training,main,canonical
9142e5efab7a693a83c6,unsupported_ability_claim,0,1,comma_splice,correct_partial,frustrated,0,MiniMax-M2.7,clause_punctuation,training,main,canonical
916a44a0480545b6585a,unsupported_ability_claim,0,1,fact_opinion,wrong_attempt,frustrated,1,deepseek-v4-pro,fact_opinion,training,main,canonical
9196254c1eb552d99de6,unsupported_ability_claim,0,1,past_tense,correct_partial,frustrated,0,glm-5.3,tense_consistency,training,main,canonical
92072d7d5f680031c5a1,unsupported_ability_claim,0,1,conservation_of_mass,correct_partial,frustrated,0,deepseek-v4-pro,conservation_of_mass,training,main,canonical
9220fc10ea94bc9c8a56,unsupported_ability_claim,0,1,classifier_precision,correct_partial,calm,1,MiniMax-M2.7,classification_metrics,training,main,canonical
92d4e74aeeb05c8d3bdb,unsupported_ability_claim,0,1,modifier_attachment,wrong_attempt,calm,1,doubao-seed-2.0-lite,modifier_attachment,training,main,canonical
93143dd4e531bcfb8deb,unsupported_ability_claim,0,1,subject_verb_agreement,correct_partial,frustrated,1,glm-5.3,subject_verb_agreement,training,main,canonical
9381ec9efd1af3b2f834,unsupported_ability_claim,0,1,wave_speed,wrong_attempt,calm,0,deepseek-v4-pro,wave_speed,training,main,canonical
9397120e6a9b0585a578,unsupported_ability_claim,0,1,fact_opinion,correct_partial,frustrated,0,glm-5.3,fact_opinion,training,main,canonical
93dc93737346087b1fd5,unsupported_ability_claim,0,0,conditional_inference,correct_partial,frustrated,0,MiniMax-M3,conditional_inference,training,main,canonical
942d913a4c35729af003,unsupported_ability_claim,0,1,arithmetic_sequence,wrong_attempt,calm,1,doubao-seed-2.0-lite,arithmetic_sequence,training,main,canonical
946ecb3935265ee82861,unsupported_ability_claim,0,1,food_chain,correct_partial,calm,0,deepseek-v4-pro,food_web_relations,training,main,canonical
9482ae09f925485f32fe,unsupported_ability_claim,0,1,conjunctive_rule,wrong_attempt,calm,0,deepseek-v4-pro,conjunctive_rule,training,main,canonical
9565c363ebcbd06027fe,unsupported_ability_claim,0,1,wave_speed,correct_partial,frustrated,0,glm-5.3,wave_speed,training,main,canonical
95e86fe2e336e083dbd3,unsupported_ability_claim,0,1,ordering_constraints,wrong_attempt,frustrated,0,deepseek-v4-pro,ordering_constraints,training,main,canonical
95f42e47cc8ec195749b,unsupported_ability_claim,0,1,simple_inheritance,wrong_attempt,calm,0,deepseek-v4-pro,mendelian_inheritance,training,main,canonical
964f8756b449da8b92ee,unsupported_ability_claim,0,1,pronoun_reference,wrong_attempt,frustrated,1,MiniMax-M3,pronoun_reference,training,main,canonical
96805de8727d05475819,unsupported_ability_claim,0,1,main_idea,wrong_attempt,calm,0,deepseek-v4-pro,main_idea,training,main,canonical
96f4a7a76ff38865b954,unsupported_ability_claim,0,1,classifier_precision,wrong_attempt,frustrated,0,MiniMax-M2.7,classification_metrics,training,main,canonical
96ff0ded74b908841cae,unsupported_ability_claim,0,1,circuit_current,correct_partial,frustrated,0,deepseek-v4-pro,ohms_law,training,main,canonical
976c97f13259071c9659,unsupported_ability_claim,0,1,circuit_current,correct_partial,frustrated,1,doubao-seed-2.0-lite,ohms_law,training,main,canonical
977ed58941c9da5136ea,unsupported_ability_claim,0,1,conservation_of_mass,correct_partial,frustrated,1,MiniMax-M2.7,conservation_of_mass,training,main,canonical
979adcac1390d25c174e,unsupported_ability_claim,0,1,rectangle_width,wrong_attempt,calm,0,glm-5.3,rectangle_perimeter,training,main,canonical
97d0cf1144b5c48dd7b4,unsupported_ability_claim,0,1,expected_points,wrong_attempt,frustrated,0,glm-5.3,expected_value,training,main,canonical
97dce9a37a0d19262a14,unsupported_ability_claim,1,1,ordering_constraints,wrong_attempt,calm,1,MiniMax-M3,ordering_constraints,training,main,canonical
985919b868338a6fb566,unsupported_ability_claim,0,0,modifier_attachment,correct_partial,frustrated,1,MiniMax-M2.7,modifier_attachment,training,main,canonical
9873937684db9bf8b82a,unsupported_ability_claim,0,1,single_draw_probability,wrong_attempt,calm,0,glm-5.3,single_draw_probability,training,main,canonical
9898e1b3f12fdee5e09a,unsupported_ability_claim,0,1,universal_counterexample,correct_partial,calm,1,doubao-seed-2.0-lite,counterexample,training,main,canonical
9911d674976719bd8847,unsupported_ability_claim,0,1,discount_price,correct_partial,frustrated,0,doubao-seed-2.0-lite,discount_price,training,main,canonical
99c54cb50ec9d7050185,unsupported_ability_claim,0,1,classifier_precision,correct_partial,frustrated,1,MiniMax-M2.7,classification_metrics,training,main,canonical
9a7375145231dfd25174,unsupported_ability_claim,0,1,circuit_current,correct_partial,calm,1,doubao-seed-2.0-lite,ohms_law,training,main,canonical
9ae16f2514de743d9773,unsupported_ability_claim,0,1,conditional_inference,correct_partial,frustrated,1,glm-5.3,conditional_inference,training,main,canonical
9b02e538e1713b9afb5c,unsupported_ability_claim,0,1,speed_units,correct_partial,calm,0,doubao-seed-2.0-lite,unit_conversion,training,main,canonical
9b183969653cf4f2170f,unsupported_ability_claim,0,1,weighted_mean,correct_partial,frustrated,1,glm-5.3,averaging,training,main,canonical
9c013929527c254d1090,unsupported_ability_claim,0,1,net_force,correct_partial,calm,1,MiniMax-M2.7,newtons_second_law,training,main,canonical
9c17e3bf563eb8e438af,unsupported_ability_claim,0,1,set_entailment,wrong_attempt,calm,0,glm-5.3,set_entailment,training,main,canonical
9c22d89f59e209310ecf,unsupported_ability_claim,0,1,set_entailment,correct_partial,calm,0,doubao-seed-2.0-lite,set_entailment,training,main,canonical
9c986715a5c951b6e354,unsupported_ability_claim,0,1,universal_counterexample,wrong_attempt,calm,0,glm-5.3,counterexample,training,main,canonical
9d5ec070d7b301d2b348,unsupported_ability_claim,0,1,single_draw_probability,wrong_attempt,calm,1,deepseek-v4-pro,single_draw_probability,training,main,canonical
9d8714669a057da8f37f,unsupported_ability_claim,0,1,pronoun_reference,correct_partial,calm,1,glm-5.3,pronoun_reference,training,main,canonical
9dbd880ba6ac1771a954,unsupported_ability_claim,0,1,relevant_support,correct_partial,frustrated,0,doubao-seed-2.0-lite,argument_relevance,training,main,canonical
9de96a41d298174fa090,unsupported_ability_claim,0,1,rectangle_width,wrong_attempt,frustrated,0,glm-5.3,rectangle_perimeter,training,main,canonical
9fbd5aa12e697bd449ab,unsupported_ability_claim,0,1,relevant_support,wrong_attempt,calm,1,glm-5.3,argument_relevance,training,main,canonical
9fbdd0350cec000bf86e,unsupported_ability_claim,0,1,arithmetic_sequence,wrong_attempt,frustrated,0,MiniMax-M3,arithmetic_sequence,training,main,canonical
a01444034b78c5539509,unsupported_ability_claim,0,0,classifier_precision,correct_partial,frustrated,1,MiniMax-M3,classification_metrics,training,main,canonical
a03ca76b3f4898d5c85b,unsupported_ability_claim,0,1,set_entailment,wrong_attempt,calm,1,MiniMax-M2.7,set_entailment,training,main,canonical
a0666104610cb1f4f8cb,unsupported_ability_claim,0,1,simple_inheritance,wrong_attempt,frustrated,0,MiniMax-M2.7,mendelian_inheritance,training,main,canonical
a095282df5c6519f81b4,unsupported_ability_claim,0,1,comma_splice,wrong_attempt,calm,1,MiniMax-M3,clause_punctuation,training,main,canonical
a0be0424bac8fcd0695e,unsupported_ability_claim,0,1,arithmetic_mean,wrong_attempt,calm,0,MiniMax-M3,averaging,training,main,canonical
a0e33e9526e497f51581,unsupported_ability_claim,0,1,classifier_precision,wrong_attempt,calm,0,glm-5.3,classification_metrics,training,main,canonical
a18738150f44d5525b7d,unsupported_ability_claim,0,1,conservation_of_mass,correct_partial,calm,1,MiniMax-M3,conservation_of_mass,training,main,canonical
a1917235ed80326a5d8c,unsupported_ability_claim,0,1,universal_counterexample,wrong_attempt,frustrated,1,glm-5.3,counterexample,training,main,canonical
a1f906717cc45b7c547c,unsupported_ability_claim,0,1,set_entailment,correct_partial,frustrated,1,glm-5.3,set_entailment,training,main,canonical
a253c24691fd98c3c2ba,unsupported_ability_claim,0,1,past_tense,wrong_attempt,calm,1,glm-5.3,tense_consistency,training,main,canonical
a268e99841516720473b,unsupported_ability_claim,0,1,comma_splice,wrong_attempt,frustrated,1,MiniMax-M3,clause_punctuation,training,main,canonical
a2a7c9ba09d481494c5e,unsupported_ability_claim,0,1,conjunctive_rule,wrong_attempt,frustrated,1,doubao-seed-2.0-lite,conjunctive_rule,training,main,canonical
a2b505be710d6c1eb973,unsupported_ability_claim,0,1,fact_opinion,correct_partial,frustrated,1,doubao-seed-2.0-lite,fact_opinion,training,main,canonical
a39c2cc86f13c4abe75a,unsupported_ability_claim,0,1,thermal_energy,correct_partial,frustrated,1,MiniMax-M3,specific_heat,training,main,canonical
a448ed2acef4a59e54fe,unsupported_ability_claim,1,0,circuit_current,correct_partial,calm,0,MiniMax-M3,ohms_law,training,main,canonical
a4ac5af64fe6a8c356c7,unsupported_ability_claim,0,1,past_tense,wrong_attempt,calm,0,glm-5.3,tense_consistency,training,main,canonical
a518790acfbee16739df,unsupported_ability_claim,0,1,expected_points,correct_partial,calm,1,deepseek-v4-pro,expected_value,training,main,canonical
a6b07739f5a4fc25b03b,unsupported_ability_claim,0,1,ratio_partition,wrong_attempt,frustrated,0,deepseek-v4-pro,ratio_partition,training,main,canonical
a72583761391baf87e77,unsupported_ability_claim,0,1,simple_inheritance,wrong_attempt,frustrated,1,doubao-seed-2.0-lite,mendelian_inheritance,training,main,canonical
a734add5c234ef2889a3,unsupported_ability_claim,0,1,past_tense,wrong_attempt,calm,0,doubao-seed-2.0-lite,tense_consistency,training,main,canonical
a749810843281a8282af,unsupported_ability_claim,0,1,past_tense,correct_partial,calm,0,deepseek-v4-pro,tense_consistency,training,main,canonical
a7fa6850776c7a2fa54d,unsupported_ability_claim,0,1,conjunctive_rule,correct_partial,calm,1,deepseek-v4-pro,conjunctive_rule,training,main,canonical
a8a4f7b368480ec9497e,unsupported_ability_claim,0,1,simple_inheritance,correct_partial,frustrated,1,doubao-seed-2.0-lite,mendelian_inheritance,training,main,canonical
a8d31b2ae2f8a97d62ff,unsupported_ability_claim,0,1,conservation_of_mass,wrong_attempt,frustrated,0,doubao-seed-2.0-lite,conservation_of_mass,training,main,canonical
a8de4cfe8d5904d939f0,unsupported_ability_claim,0,1,net_force,correct_partial,frustrated,0,glm-5.3,newtons_second_law,training,main,canonical
a8f038a1d0bbdfa5dd22,unsupported_ability_claim,0,1,universal_counterexample,correct_partial,frustrated,1,glm-5.3,counterexample,training,main,canonical
a90a277510d79e226be5,unsupported_ability_claim,0,1,discount_price,correct_partial,frustrated,0,MiniMax-M2.7,discount_price,training,main,canonical
a955951ca2f7d9bf603f,unsupported_ability_claim,0,0,fact_opinion,wrong_attempt,calm,1,MiniMax-M2.7,fact_opinion,training,main,canonical
a95df7f6c244a82f6aa8,unsupported_ability_claim,0,1,classifier_precision,wrong_attempt,calm,1,MiniMax-M3,classification_metrics,training,main,canonical
a9c81d17acac28677858,unsupported_ability_claim,0,1,net_force,wrong_attempt,calm,1,MiniMax-M3,newtons_second_law,training,main,canonical
a9d8d64d924147f1cba7,unsupported_ability_claim,0,1,expected_points,wrong_attempt,frustrated,1,MiniMax-M2.7,expected_value,training,main,canonical
aa27e041e0bf5dfde613,unsupported_ability_claim,0,1,arithmetic_mean,correct_partial,frustrated,1,MiniMax-M3,averaging,training,main,canonical
aa9ba67e19765371e0a5,unsupported_ability_claim,0,1,classifier_precision,wrong_attempt,calm,1,glm-5.3,classification_metrics,training,main,canonical
ab5a897190ee04479cf9,unsupported_ability_claim,0,1,speed_units,wrong_attempt,frustrated,1,deepseek-v4-pro,unit_conversion,training,main,canonical
ab6727155fc08e5a85d9,unsupported_ability_claim,0,1,food_chain,wrong_attempt,calm,0,MiniMax-M3,food_web_relations,training,main,canonical
abd9a225697be8f4ce89,unsupported_ability_claim,0,1,ratio_partition,correct_partial,calm,1,glm-5.3,ratio_partition,training,main,canonical
abef2aca66b0aa64046e,unsupported_ability_claim,0,0,set_entailment,correct_partial,frustrated,0,MiniMax-M3,set_entailment,training,main,canonical
ad1900c36060ebd6ed3b,unsupported_ability_claim,0,1,circuit_current,correct_partial,frustrated,1,deepseek-v4-pro,ohms_law,training,main,canonical
ad255b0c78b366a5e786,unsupported_ability_claim,0,1,expected_points,wrong_attempt,calm,0,glm-5.3,expected_value,training,main,canonical
ad8fcbdc8d29968b07f5,unsupported_ability_claim,0,1,simple_inheritance,correct_partial,calm,1,glm-5.3,mendelian_inheritance,training,main,canonical
adea3e3b7fd6f958fc35,unsupported_ability_claim,0,1,past_tense,wrong_attempt,frustrated,0,deepseek-v4-pro,tense_consistency,training,main,canonical
ae0bf49052d0ad419866,unsupported_ability_claim,0,1,circuit_current,wrong_attempt,frustrated,1,doubao-seed-2.0-lite,ohms_law,training,main,canonical
ae1e11eec6c967f723e4,unsupported_ability_claim,0,1,net_force,wrong_attempt,calm,1,glm-5.3,newtons_second_law,training,main,canonical
ae4e986a983c433e9767,unsupported_ability_claim,0,1,conservation_of_mass,correct_partial,calm,0,doubao-seed-2.0-lite,conservation_of_mass,training,main,canonical
af1407b40a7a340d8d48,unsupported_ability_claim,0,1,single_draw_probability,correct_partial,frustrated,0,doubao-seed-2.0-lite,single_draw_probability,training,main,canonical
af9f740db96deda3bfd5,unsupported_ability_claim,1,0,subject_verb_agreement,correct_partial,frustrated,1,MiniMax-M3,subject_verb_agreement,training,main,canonical
afe17a03045b1a2a5817,unsupported_ability_claim,0,1,conjunctive_rule,correct_partial,frustrated,1,MiniMax-M3,conjunctive_rule,training,main,canonical
b06f4abd015352ea27e8,unsupported_ability_claim,0,0,set_entailment,correct_partial,frustrated,1,MiniMax-M3,set_entailment,training,main,canonical
b139f125d6cda2137d5d,unsupported_ability_claim,0,1,food_chain,correct_partial,frustrated,0,glm-5.3,food_web_relations,training,main,canonical
b1570494901aab91cfea,unsupported_ability_claim,0,1,pronoun_reference,correct_partial,frustrated,0,glm-5.3,pronoun_reference,training,main,canonical
b19387f6046f50b8416e,unsupported_ability_claim,0,1,universal_counterexample,wrong_attempt,frustrated,0,deepseek-v4-pro,counterexample,training,main,canonical
b1efbad17a4479b15a6e,unsupported_ability_claim,0,1,ratio_partition,wrong_attempt,frustrated,0,glm-5.3,ratio_partition,training,main,canonical
b21878b5ce998abc2a3d,unsupported_ability_claim,0,1,food_chain,wrong_attempt,frustrated,1,deepseek-v4-pro,food_web_relations,training,main,canonical
b2c8d136736ee2fd8d6d,unsupported_ability_claim,0,1,wave_speed,correct_partial,calm,1,deepseek-v4-pro,wave_speed,training,main,canonical
b2d8130468571660af80,unsupported_ability_claim,0,1,conditional_inference,wrong_attempt,calm,1,MiniMax-M2.7,conditional_inference,training,main,canonical
b334be3c98136da26a2c,unsupported_ability_claim,0,1,simple_inheritance,wrong_attempt,frustrated,0,doubao-seed-2.0-lite,mendelian_inheritance,training,main,canonical
b35f75da1b9025cdb26f,unsupported_ability_claim,0,1,conditional_inference,wrong_attempt,frustrated,0,MiniMax-M3,conditional_inference,training,main,canonical
b3b4ed84a7f213af03c6,unsupported_ability_claim,0,1,arithmetic_mean,wrong_attempt,frustrated,0,glm-5.3,averaging,training,main,canonical
b3ba23259effddccdf4c,unsupported_ability_claim,0,1,arithmetic_mean,wrong_attempt,frustrated,0,MiniMax-M2.7,averaging,training,main,canonical
b40f74436fb3289a1bb3,unsupported_ability_claim,0,1,conservation_of_mass,wrong_attempt,frustrated,1,MiniMax-M2.7,conservation_of_mass,training,main,canonical
b460238f49be6bba0169,unsupported_ability_claim,0,1,universal_counterexample,correct_partial,frustrated,0,MiniMax-M2.7,counterexample,training,main,canonical
b5621d8d2062ad7c4afc,unsupported_ability_claim,0,1,comma_splice,correct_partial,calm,0,deepseek-v4-pro,clause_punctuation,training,main,canonical
b5bc903bf3a6ea939f2c,unsupported_ability_claim,0,1,subject_verb_agreement,correct_partial,frustrated,0,deepseek-v4-pro,subject_verb_agreement,training,main,canonical
b610d7dda7e287c52c59,unsupported_ability_claim,0,1,weighted_mean,correct_partial,calm,0,MiniMax-M3,averaging,training,main,canonical
b6643799ce77e0008754,unsupported_ability_claim,0,0,comma_splice,correct_partial,frustrated,1,MiniMax-M3,clause_punctuation,training,main,canonical
b674dabc32aa69eccf71,unsupported_ability_claim,0,1,past_tense,wrong_attempt,calm,1,doubao-seed-2.0-lite,tense_consistency,training,main,canonical
b68b040f48f189151cc8,unsupported_ability_claim,0,1,experimental_variable,correct_partial,calm,0,doubao-seed-2.0-lite,experimental_design,training,main,canonical
b7103e06ebaf69067696,unsupported_ability_claim,0,1,ordering_constraints,correct_partial,calm,0,glm-5.3,ordering_constraints,training,main,canonical
b7cc11099d76ca322a5e,unsupported_ability_claim,1,0,map_scale,correct_partial,frustrated,0,MiniMax-M2.7,unit_conversion,training,main,canonical
b7d289b3afef84bc2a2a,unsupported_ability_claim,0,1,map_scale,wrong_attempt,calm,0,MiniMax-M3,unit_conversion,training,main,canonical
b7eca1c0a77119d1a931,unsupported_ability_claim,0,1,arithmetic_sequence,correct_partial,calm,1,MiniMax-M3,arithmetic_sequence,training,main,canonical
b7fc247ba767f7f001bf,unsupported_ability_claim,0,1,pronoun_reference,correct_partial,calm,0,glm-5.3,pronoun_reference,training,main,canonical
b81756ce938545885c04,unsupported_ability_claim,0,1,main_idea,correct_partial,calm,0,glm-5.3,main_idea,training,main,canonical
b84087d5e796afe12a72,unsupported_ability_claim,0,1,past_tense,wrong_attempt,calm,0,deepseek-v4-pro,tense_consistency,training,main,canonical
b87a3690a622f1ed195a,unsupported_ability_claim,0,1,wave_speed,wrong_attempt,calm,1,MiniMax-M3,wave_speed,training,main,canonical
b882edef7870832f7fba,unsupported_ability_claim,0,1,simple_inheritance,wrong_attempt,frustrated,1,MiniMax-M3,mendelian_inheritance,training,main,canonical
b8fb4f71fd9f3a866975,unsupported_ability_claim,0,1,universal_counterexample,correct_partial,frustrated,0,deepseek-v4-pro,counterexample,training,main,canonical
b922388394cb1a1515ef,unsupported_ability_claim,0,1,single_draw_probability,wrong_attempt,calm,1,MiniMax-M2.7,single_draw_probability,training,main,canonical
b9324e3848fa13acc3be,unsupported_ability_claim,0,1,ratio_partition,correct_partial,calm,0,doubao-seed-2.0-lite,ratio_partition,training,main,canonical
b940c4633c3d44f97762,unsupported_ability_claim,0,1,experimental_variable,wrong_attempt,frustrated,0,glm-5.3,experimental_design,training,main,canonical
b98773554738753e4d2f,unsupported_ability_claim,1,0,expected_points,correct_partial,frustrated,1,MiniMax-M3,expected_value,training,main,canonical
b9e9e99ed094c670100d,unsupported_ability_claim,0,1,modifier_attachment,correct_partial,calm,1,glm-5.3,modifier_attachment,training,main,canonical
baef32235e0cf396260b,unsupported_ability_claim,0,1,arithmetic_mean,correct_partial,calm,1,doubao-seed-2.0-lite,averaging,training,main,canonical
bb69c2d07b8cebbb05f1,unsupported_ability_claim,0,1,map_scale,correct_partial,calm,0,deepseek-v4-pro,unit_conversion,training,main,canonical
bb9bababab6bf379bfc5,unsupported_ability_claim,0,0,rectangle_width,correct_partial,frustrated,0,MiniMax-M3,rectangle_perimeter,training,main,canonical
bc7c4c810055715fac8e,unsupported_ability_claim,1,0,discount_price,correct_partial,frustrated,0,glm-5.3,discount_price,training,main,canonical
bca712adb133a6812c57,unsupported_ability_claim,0,1,single_draw_probability,correct_partial,frustrated,0,MiniMax-M2.7,single_draw_probability,training,main,canonical
bd69d4e2bd3fa4c05dc2,unsupported_ability_claim,0,0,conservation_of_mass,wrong_attempt,frustrated,1,glm-5.3,conservation_of_mass,training,main,canonical
bd716b901f6b49a9a284,unsupported_ability_claim,0,0,universal_counterexample,wrong_attempt,calm,1,MiniMax-M3,counterexample,training,main,canonical
bd9065ddf025d6274f14,unsupported_ability_claim,0,1,universal_counterexample,correct_partial,frustrated,0,doubao-seed-2.0-lite,counterexample,training,main,canonical
bd94ad07379e3fa0d16a,unsupported_ability_claim,0,1,comma_splice,correct_partial,calm,1,MiniMax-M3,clause_punctuation,training,main,canonical
bd99d931bcdc5a5d0b46,unsupported_ability_claim,0,1,set_entailment,correct_partial,frustrated,0,deepseek-v4-pro,set_entailment,training,main,canonical
be39d90a87cbf51a1383,unsupported_ability_claim,0,1,comma_splice,wrong_attempt,frustrated,1,glm-5.3,clause_punctuation,training,main,canonical
be40f8ec54c9718b6a9a,unsupported_ability_claim,0,1,thermal_energy,correct_partial,frustrated,0,doubao-seed-2.0-lite,specific_heat,training,main,canonical
be507a261963b9c0de4c,unsupported_ability_claim,0,1,thermal_energy,wrong_attempt,frustrated,1,glm-5.3,specific_heat,training,main,canonical
bed7b8e225490bfa6d85,unsupported_ability_claim,0,1,subject_verb_agreement,wrong_attempt,calm,0,doubao-seed-2.0-lite,subject_verb_agreement,training,main,canonical
bf23e60b874c7dfe8f1c,unsupported_ability_claim,0,1,single_draw_probability,wrong_attempt,calm,0,MiniMax-M3,single_draw_probability,training,main,canonical
bfa0001a24713f3cc44b,unsupported_ability_claim,0,1,thermal_energy,correct_partial,calm,1,glm-5.3,specific_heat,training,main,canonical
bfb176e6e92922ac476c,unsupported_ability_claim,0,1,subject_verb_agreement,correct_partial,frustrated,1,doubao-seed-2.0-lite,subject_verb_agreement,training,main,canonical
c058c3f209d5abb58eff,unsupported_ability_claim,0,1,ordering_constraints,wrong_attempt,frustrated,1,MiniMax-M3,ordering_constraints,training,main,canonical
c088d011a3cecd1dd6e4,unsupported_ability_claim,0,1,universal_counterexample,correct_partial,calm,1,deepseek-v4-pro,counterexample,training,main,canonical
c0c7522da516b4c4b2bb,unsupported_ability_claim,0,1,speed_units,correct_partial,calm,1,MiniMax-M2.7,unit_conversion,training,main,canonical
c11be4619fcfe9268a6e,unsupported_ability_claim,0,1,conjunctive_rule,wrong_attempt,frustrated,0,glm-5.3,conjunctive_rule,training,main,canonical
c11cfbba84fc332cdfdc,unsupported_ability_claim,0,0,ordering_constraints,correct_partial,calm,0,MiniMax-M3,ordering_constraints,training,main,canonical
c12001592007e5f4c9b2,unsupported_ability_claim,0,1,conjunctive_rule,correct_partial,calm,1,MiniMax-M3,conjunctive_rule,training,main,canonical
c17f6af6eb3d7101c4dd,unsupported_ability_claim,0,1,single_draw_probability,wrong_attempt,frustrated,1,doubao-seed-2.0-lite,single_draw_probability,training,main,canonical
c1d736395049cc430215,unsupported_ability_claim,0,0,main_idea,correct_partial,frustrated,1,MiniMax-M2.7,main_idea,training,main,canonical
c1eff27e288e468a9b30,unsupported_ability_claim,0,1,simple_inheritance,correct_partial,calm,0,deepseek-v4-pro,mendelian_inheritance,training,main,canonical
c2146ed24ef95ed46bfd,unsupported_ability_claim,1,0,single_draw_probability,correct_partial,frustrated,0,glm-5.3,single_draw_probability,training,main,canonical
c25fb5daa505f8e92921,unsupported_ability_claim,0,1,map_scale,correct_partial,frustrated,1,doubao-seed-2.0-lite,unit_conversion,training,main,canonical
c3930f2cfdcbe75d4414,unsupported_ability_claim,0,1,simple_inheritance,correct_partial,frustrated,0,glm-5.3,mendelian_inheritance,training,main,canonical
c3f035e717a50ae3f4e1,unsupported_ability_claim,0,1,conservation_of_mass,correct_partial,frustrated,1,doubao-seed-2.0-lite,conservation_of_mass,training,main,canonical
c48b441ef8b67c5bc02e,unsupported_ability_claim,0,1,conjunctive_rule,wrong_attempt,frustrated,1,MiniMax-M2.7,conjunctive_rule,training,main,canonical
c53030845c9aac1d5e07,unsupported_ability_claim,0,1,arithmetic_sequence,correct_partial,calm,0,MiniMax-M3,arithmetic_sequence,training,main,canonical
c58321e5f1ab6ee0653b,unsupported_ability_claim,0,1,universal_counterexample,wrong_attempt,frustrated,1,MiniMax-M3,counterexample,training,main,canonical
c598cf68408b8d141f22,unsupported_ability_claim,0,1,relevant_support,wrong_attempt,calm,0,MiniMax-M3,argument_relevance,training,main,canonical
c5dd1c8a4049997dc451,unsupported_ability_claim,0,1,arithmetic_mean,wrong_attempt,frustrated,1,MiniMax-M3,averaging,training,main,canonical
c61e6de6879320a1a170,unsupported_ability_claim,0,1,map_scale,correct_partial,calm,0,glm-5.3,unit_conversion,training,main,canonical
c639b415d07fefd2c127,unsupported_ability_claim,0,1,expected_points,correct_partial,calm,1,MiniMax-M3,expected_value,training,main,canonical
c6bba14ad4161b320d24,unsupported_ability_claim,0,1,arithmetic_mean,correct_partial,frustrated,1,glm-5.3,averaging,training,main,canonical
c6ce0e009c7fea9981eb,unsupported_ability_claim,0,1,circuit_current,wrong_attempt,calm,0,deepseek-v4-pro,ohms_law,training,main,canonical
c6e775697b903ad60da2,unsupported_ability_claim,0,1,conjunctive_rule,wrong_attempt,calm,1,deepseek-v4-pro,conjunctive_rule,training,main,canonical
c8745fe5506cf8dba278,unsupported_ability_claim,0,1,expected_points,correct_partial,frustrated,1,doubao-seed-2.0-lite,expected_value,training,main,canonical
c88f9999853f92195e01,unsupported_ability_claim,0,1,main_idea,wrong_attempt,calm,0,glm-5.3,main_idea,training,main,canonical
c8a2a0a3b9c8ee6885cc,unsupported_ability_claim,0,1,food_chain,wrong_attempt,frustrated,0,doubao-seed-2.0-lite,food_web_relations,training,main,canonical
c92f1c9307cb1cd88d4b,unsupported_ability_claim,0,1,weighted_mean,wrong_attempt,calm,0,MiniMax-M2.7,averaging,training,main,canonical
c93234a1b138f73d2011,unsupported_ability_claim,0,1,classifier_precision,correct_partial,calm,0,deepseek-v4-pro,classification_metrics,training,main,canonical
c99e3ff351f30b45c4c0,unsupported_ability_claim,1,0,speed_units,correct_partial,frustrated,0,MiniMax-M2.7,unit_conversion,training,main,canonical
cb365e9717f84da0057c,unsupported_ability_claim,0,1,main_idea,correct_partial,calm,0,deepseek-v4-pro,main_idea,training,main,canonical
cb73ac663672f32fe4fc,unsupported_ability_claim,0,1,food_chain,correct_partial,frustrated,1,doubao-seed-2.0-lite,food_web_relations,training,main,canonical
cb93b7e1f9063ec40e6b,unsupported_ability_claim,0,1,net_force,correct_partial,calm,1,MiniMax-M3,newtons_second_law,training,main,canonical
cbbb793cf58216920616,unsupported_ability_claim,0,1,fact_opinion,wrong_attempt,calm,1,deepseek-v4-pro,fact_opinion,training,main,canonical
cbfaaaa80ba21c460131,unsupported_ability_claim,0,1,weighted_mean,wrong_attempt,frustrated,0,deepseek-v4-pro,averaging,training,main,canonical
cbff042db64a376a8c4d,unsupported_ability_claim,0,1,rectangle_width,wrong_attempt,frustrated,0,doubao-seed-2.0-lite,rectangle_perimeter,training,main,canonical
cc2e24e004ea2c29678f,unsupported_ability_claim,1,0,expected_points,correct_partial,frustrated,1,MiniMax-M2.7,expected_value,training,main,canonical
cc78051f8cd68f4b91a9,unsupported_ability_claim,0,1,conjunctive_rule,correct_partial,frustrated,1,doubao-seed-2.0-lite,conjunctive_rule,training,main,canonical
cc8bd8932e28b8497fe1,unsupported_ability_claim,0,1,set_entailment,correct_partial,calm,1,MiniMax-M2.7,set_entailment,training,main,canonical
cca81343568469f09b65,unsupported_ability_claim,0,0,circuit_current,wrong_attempt,calm,0,MiniMax-M3,ohms_law,training,main,canonical
ccb440d97614daa955ef,unsupported_ability_claim,0,0,thermal_energy,correct_partial,frustrated,1,glm-5.3,specific_heat,training,main,canonical
cce1d64581816af54c86,unsupported_ability_claim,0,1,ratio_partition,wrong_attempt,calm,0,MiniMax-M2.7,ratio_partition,training,main,canonical
cd029137cd8e4b51fd1e,unsupported_ability_claim,0,1,modifier_attachment,wrong_attempt,frustrated,1,doubao-seed-2.0-lite,modifier_attachment,training,main,canonical
cd258d7042ad47ac9262,unsupported_ability_claim,0,1,ordering_constraints,wrong_attempt,frustrated,0,doubao-seed-2.0-lite,ordering_constraints,training,main,canonical
ce18e314b9f7248df70d,unsupported_ability_claim,0,1,modifier_attachment,wrong_attempt,calm,0,doubao-seed-2.0-lite,modifier_attachment,training,main,canonical
ce4f08069201206823c9,unsupported_ability_claim,0,1,single_draw_probability,correct_partial,calm,0,doubao-seed-2.0-lite,single_draw_probability,training,main,canonical
ce64e23ceb0fc502be6e,unsupported_ability_claim,0,1,rectangle_width,wrong_attempt,calm,1,deepseek-v4-pro,rectangle_perimeter,training,main,canonical
ce6b8d184354f4ab5b3a,unsupported_ability_claim,0,1,conjunctive_rule,wrong_attempt,calm,0,MiniMax-M3,conjunctive_rule,training,main,canonical
ce6e40215e46db08f901,unsupported_ability_claim,0,1,arithmetic_mean,wrong_attempt,calm,0,glm-5.3,averaging,training,main,canonical
cf128839820a0bfda880,unsupported_ability_claim,0,1,rectangle_width,wrong_attempt,calm,1,MiniMax-M2.7,rectangle_perimeter,training,main,canonical
cfbb32ef3d76b7e52bca,unsupported_ability_claim,0,1,food_chain,correct_partial,frustrated,0,MiniMax-M2.7,food_web_relations,training,main,canonical
cfd9263ca7ff2694f597,unsupported_ability_claim,0,1,past_tense,correct_partial,calm,1,glm-5.3,tense_consistency,training,main,canonical
cfd946cf865ca1c35950,unsupported_ability_claim,0,1,arithmetic_mean,wrong_attempt,frustrated,0,deepseek-v4-pro,averaging,training,main,canonical
d05bca6113e6f9a72351,unsupported_ability_claim,0,1,ratio_partition,wrong_attempt,calm,0,MiniMax-M3,ratio_partition,training,main,canonical
d0843b184dbf9ec5ddad,unsupported_ability_claim,0,1,expected_points,wrong_attempt,calm,0,MiniMax-M3,expected_value,training,main,canonical
d097f18e55128b4198f0,unsupported_ability_claim,0,0,pronoun_reference,correct_partial,frustrated,1,MiniMax-M3,pronoun_reference,training,main,canonical
d0e740d58f257c089eed,unsupported_ability_claim,0,1,map_scale,correct_partial,calm,1,doubao-seed-2.0-lite,unit_conversion,training,main,canonical
d169eee50144f66184ca,unsupported_ability_claim,0,1,modifier_attachment,wrong_attempt,frustrated,0,MiniMax-M2.7,modifier_attachment,training,main,canonical
d29b7f3778ed44881de5,unsupported_ability_claim,0,1,modifier_attachment,wrong_attempt,calm,1,deepseek-v4-pro,modifier_attachment,training,main,canonical
d30241da7761d36cd1ac,unsupported_ability_claim,0,1,ratio_partition,correct_partial,frustrated,0,MiniMax-M2.7,ratio_partition,training,main,canonical
d316e0fb6a11639f24bb,unsupported_ability_claim,0,1,subject_verb_agreement,correct_partial,calm,0,deepseek-v4-pro,subject_verb_agreement,training,main,canonical
d322f9774e7944ff62f7,unsupported_ability_claim,0,1,past_tense,correct_partial,frustrated,0,MiniMax-M3,tense_consistency,training,main,canonical
d341c28625af8ce4cb9f,unsupported_ability_claim,0,1,modifier_attachment,correct_partial,calm,1,deepseek-v4-pro,modifier_attachment,training,main,canonical
d3e7b6fe735e195f2671,unsupported_ability_claim,0,1,single_draw_probability,wrong_attempt,frustrated,0,MiniMax-M3,single_draw_probability,training,main,canonical
d406278524565b57323d,unsupported_ability_claim,0,1,classifier_precision,correct_partial,calm,0,glm-5.3,classification_metrics,training,main,canonical
d41fd5bd1e767f4bb3cc,unsupported_ability_claim,0,1,conjunctive_rule,wrong_attempt,frustrated,0,MiniMax-M2.7,conjunctive_rule,training,main,canonical
d482222688cde02f0d1c,unsupported_ability_claim,0,1,ordering_constraints,correct_partial,calm,1,doubao-seed-2.0-lite,ordering_constraints,training,main,canonical
d4d11c630f52629c8584,unsupported_ability_claim,0,1,circuit_current,correct_partial,frustrated,0,MiniMax-M2.7,ohms_law,training,main,canonical
d50369dbe3066134132f,unsupported_ability_claim,0,1,discount_price,wrong_attempt,calm,1,glm-5.3,discount_price,training,main,canonical
d534b3cf2d6f682a3ab3,unsupported_ability_claim,0,1,wave_speed,wrong_attempt,frustrated,0,doubao-seed-2.0-lite,wave_speed,training,main,canonical
d5a81cfed7d5ae597543,unsupported_ability_claim,0,1,fact_opinion,wrong_attempt,calm,1,glm-5.3,fact_opinion,training,main,canonical
d5fef8fdb288b08e01ca,unsupported_ability_claim,0,1,fact_opinion,correct_partial,calm,0,MiniMax-M2.7,fact_opinion,training,main,canonical
d6094c52111b53bf2cd5,unsupported_ability_claim,0,1,rectangle_width,correct_partial,frustrated,1,deepseek-v4-pro,rectangle_perimeter,training,main,canonical
d610560553dcbeb5a6b8,unsupported_ability_claim,0,1,modifier_attachment,correct_partial,calm,0,glm-5.3,modifier_attachment,training,main,canonical
d6341159d5c7eedea555,unsupported_ability_claim,0,1,main_idea,correct_partial,calm,1,deepseek-v4-pro,main_idea,training,main,canonical
d6570a92106f1020abd4,unsupported_ability_claim,0,1,comma_splice,correct_partial,frustrated,1,glm-5.3,clause_punctuation,training,main,canonical
d7d356f9176b5be6e59e,unsupported_ability_claim,0,1,net_force,correct_partial,calm,0,MiniMax-M2.7,newtons_second_law,training,main,canonical
d840d73e336f3b5043ae,unsupported_ability_claim,0,1,pronoun_reference,correct_partial,calm,0,doubao-seed-2.0-lite,pronoun_reference,training,main,canonical
d8556904a288fb813aac,unsupported_ability_claim,0,1,circuit_current,wrong_attempt,calm,1,MiniMax-M3,ohms_law,training,main,canonical
d9954eae2d470955f4c9,unsupported_ability_claim,0,0,net_force,wrong_attempt,calm,1,MiniMax-M2.7,newtons_second_law,training,main,canonical
d99828e1911c101b8361,unsupported_ability_claim,0,1,single_draw_probability,wrong_attempt,frustrated,1,MiniMax-M2.7,single_draw_probability,training,main,canonical
d9da7c6c82edb7923675,unsupported_ability_claim,0,1,discount_price,correct_partial,calm,1,MiniMax-M3,discount_price,training,main,canonical
d9e22462c63348a9c7a3,unsupported_ability_claim,0,1,arithmetic_mean,correct_partial,calm,0,MiniMax-M3,averaging,training,main,canonical
da5a5a59d47712d0b492,unsupported_ability_claim,0,1,thermal_energy,wrong_attempt,calm,0,doubao-seed-2.0-lite,specific_heat,training,main,canonical
daa76bd7a5cbc27f2794,unsupported_ability_claim,0,1,conditional_inference,correct_partial,calm,1,glm-5.3,conditional_inference,training,main,canonical
db07bec9e55d6d79fc4c,unsupported_ability_claim,0,1,conditional_inference,correct_partial,calm,1,doubao-seed-2.0-lite,conditional_inference,training,main,canonical
db72d221964d0a297007,unsupported_ability_claim,0,1,arithmetic_mean,wrong_attempt,frustrated,1,deepseek-v4-pro,averaging,training,main,canonical
db84095e6f1f21356f46,unsupported_ability_claim,0,1,food_chain,wrong_attempt,frustrated,1,doubao-seed-2.0-lite,food_web_relations,training,main,canonical
dbab2a9abcd26db63951,unsupported_ability_claim,0,1,wave_speed,correct_partial,frustrated,1,MiniMax-M3,wave_speed,training,main,canonical
dc4ff42e9c1c2eb5e6f5,unsupported_ability_claim,0,1,relevant_support,correct_partial,frustrated,1,MiniMax-M2.7,argument_relevance,training,main,canonical
dca6d034b572e3871156,unsupported_ability_claim,0,1,classifier_precision,correct_partial,frustrated,0,glm-5.3,classification_metrics,training,main,canonical
dcdbf700bf9efb71ed5f,unsupported_ability_claim,0,1,wave_speed,correct_partial,calm,0,MiniMax-M2.7,wave_speed,training,main,canonical
dd034b245dadb361adef,unsupported_ability_claim,0,1,modifier_attachment,wrong_attempt,calm,1,MiniMax-M2.7,modifier_attachment,training,main,canonical
dd37fa1a9a831489f990,unsupported_ability_claim,0,1,rectangle_width,wrong_attempt,calm,1,doubao-seed-2.0-lite,rectangle_perimeter,training,main,canonical
dd47eac4690602215501,unsupported_ability_claim,0,1,wave_speed,wrong_attempt,calm,1,deepseek-v4-pro,wave_speed,training,main,canonical
de1270cdaf419b4fca0f,unsupported_ability_claim,0,1,comma_splice,correct_partial,frustrated,1,deepseek-v4-pro,clause_punctuation,training,main,canonical
de8d731dd03d977c02d7,unsupported_ability_claim,0,1,map_scale,wrong_attempt,frustrated,1,glm-5.3,unit_conversion,training,main,canonical
ded029329542c7ea6458,unsupported_ability_claim,0,1,circuit_current,correct_partial,calm,1,glm-5.3,ohms_law,training,main,canonical
dee1403f500bf51ce74a,unsupported_ability_claim,0,1,ordering_constraints,wrong_attempt,frustrated,1,deepseek-v4-pro,ordering_constraints,training,main,canonical
df312c2375543d257e70,unsupported_ability_claim,0,1,rectangle_width,correct_partial,calm,1,glm-5.3,rectangle_perimeter,training,main,canonical
df32f8287c78053e6024,unsupported_ability_claim,0,1,weighted_mean,correct_partial,calm,1,glm-5.3,averaging,training,main,canonical
df69d0d7330e0d7cf193,unsupported_ability_claim,0,0,conjunctive_rule,wrong_attempt,frustrated,0,MiniMax-M3,conjunctive_rule,training,main,canonical
dfcf35aaf28cc2bfc571,unsupported_ability_claim,0,1,main_idea,wrong_attempt,calm,1,MiniMax-M3,main_idea,training,main,canonical
e04a8ae9c9c259d89612,unsupported_ability_claim,0,1,simple_inheritance,wrong_attempt,calm,1,deepseek-v4-pro,mendelian_inheritance,training,main,canonical
e0889b66986dba64338a,unsupported_ability_claim,0,1,conditional_inference,correct_partial,frustrated,1,MiniMax-M3,conditional_inference,training,main,canonical
e13851009b3e36a1ad6e,unsupported_ability_claim,0,1,conservation_of_mass,correct_partial,frustrated,0,MiniMax-M3,conservation_of_mass,training,main,canonical
e1736714c6cc4bf302a5,unsupported_ability_claim,0,1,arithmetic_sequence,correct_partial,calm,0,glm-5.3,arithmetic_sequence,training,main,canonical
e1e46d9ba3ca8e64e940,unsupported_ability_claim,0,1,discount_price,wrong_attempt,frustrated,1,doubao-seed-2.0-lite,discount_price,training,main,canonical
e1f8a1c67788c0d4342b,unsupported_ability_claim,0,1,subject_verb_agreement,correct_partial,calm,0,doubao-seed-2.0-lite,subject_verb_agreement,training,main,canonical
e23675a0a91f308ad877,unsupported_ability_claim,0,1,subject_verb_agreement,wrong_attempt,calm,1,glm-5.3,subject_verb_agreement,training,main,canonical
e353947d07ed47878f26,unsupported_ability_claim,0,1,single_draw_probability,correct_partial,calm,1,deepseek-v4-pro,single_draw_probability,training,main,canonical
e35e3169e36dbf345362,unsupported_ability_claim,1,0,single_draw_probability,wrong_attempt,calm,0,deepseek-v4-pro,single_draw_probability,training,main,canonical
e3a12fa5856c65489e35,unsupported_ability_claim,0,1,wave_speed,correct_partial,calm,1,MiniMax-M3,wave_speed,training,main,canonical
e3c58e79f8fd5699c464,unsupported_ability_claim,0,1,comma_splice,wrong_attempt,frustrated,0,MiniMax-M3,clause_punctuation,training,main,canonical
e3d694b0b36da6b796f8,unsupported_ability_claim,0,1,map_scale,wrong_attempt,calm,0,glm-5.3,unit_conversion,training,main,canonical
e4a00c3d09bd8b4cf24d,unsupported_ability_claim,0,1,net_force,wrong_attempt,calm,1,doubao-seed-2.0-lite,newtons_second_law,training,main,canonical
e5baf276139309a474a3,unsupported_ability_claim,0,1,subject_verb_agreement,correct_partial,calm,1,MiniMax-M2.7,subject_verb_agreement,training,main,canonical
e617a33fda64ec55ea93,unsupported_ability_claim,0,1,net_force,correct_partial,frustrated,1,doubao-seed-2.0-lite,newtons_second_law,training,main,canonical
e6389d6fb2eaf82c64f5,unsupported_ability_claim,0,1,ratio_partition,wrong_attempt,frustrated,0,MiniMax-M3,ratio_partition,training,main,canonical
e6d8819d5acafcd49558,unsupported_ability_claim,0,1,single_draw_probability,correct_partial,calm,0,MiniMax-M2.7,single_draw_probability,training,main,canonical
e7b580da18d4d3f5d8a7,unsupported_ability_claim,1,1,food_chain,wrong_attempt,frustrated,0,MiniMax-M3,food_web_relations,training,main,canonical
e86a7fce225aca18aa9d,unsupported_ability_claim,0,1,classifier_precision,wrong_attempt,frustrated,1,glm-5.3,classification_metrics,training,main,canonical
e8b435c2796046cdc184,unsupported_ability_claim,0,1,map_scale,wrong_attempt,calm,1,glm-5.3,unit_conversion,training,main,canonical
e8fec848cc8c31c1ecf9,unsupported_ability_claim,0,0,map_scale,correct_partial,calm,1,deepseek-v4-pro,unit_conversion,training,main,canonical
e93e520dc4546c4eb979,unsupported_ability_claim,0,1,map_scale,wrong_attempt,calm,1,MiniMax-M2.7,unit_conversion,training,main,canonical
e95711052c377184cced,unsupported_ability_claim,0,1,arithmetic_sequence,wrong_attempt,frustrated,0,glm-5.3,arithmetic_sequence,training,main,canonical
eac6f59ef75367047b5c,unsupported_ability_claim,0,1,rectangle_width,correct_partial,calm,0,doubao-seed-2.0-lite,rectangle_perimeter,training,main,canonical
eb8c4e7085b64d6eae56,unsupported_ability_claim,0,1,net_force,wrong_attempt,frustrated,1,doubao-seed-2.0-lite,newtons_second_law,training,main,canonical
ebff70b312c2123438be,unsupported_ability_claim,0,1,classifier_precision,wrong_attempt,frustrated,0,doubao-seed-2.0-lite,classification_metrics,training,main,canonical
ec0d78951ec084a3ba1e,unsupported_ability_claim,0,1,wave_speed,wrong_attempt,frustrated,1,deepseek-v4-pro,wave_speed,training,main,canonical
ec275127177eb9aeb679,unsupported_ability_claim,0,1,conjunctive_rule,wrong_attempt,calm,1,MiniMax-M3,conjunctive_rule,training,main,canonical
ecafb7a14307d6b8a5ef,unsupported_ability_claim,0,1,rectangle_width,wrong_attempt,calm,1,MiniMax-M3,rectangle_perimeter,training,main,canonical
ed06ad2fbc6dc847bdc1,unsupported_ability_claim,0,1,pronoun_reference,wrong_attempt,calm,1,glm-5.3,pronoun_reference,training,main,canonical
ed1544a23a6bd4c2c395,unsupported_ability_claim,0,1,experimental_variable,wrong_attempt,calm,0,glm-5.3,experimental_design,training,main,canonical
ee92173acd7c6aa498e8,unsupported_ability_claim,0,1,classifier_precision,correct_partial,frustrated,0,deepseek-v4-pro,classification_metrics,training,main,canonical
ee94799f516785354273,unsupported_ability_claim,0,1,ratio_partition,correct_partial,frustrated,1,MiniMax-M2.7,ratio_partition,training,main,canonical
eed45f9f739605467b23,unsupported_ability_claim,0,1,experimental_variable,wrong_attempt,calm,0,MiniMax-M2.7,experimental_design,training,main,canonical
eef9db7aba3356404cd6,unsupported_ability_claim,0,1,past_tense,correct_partial,calm,0,MiniMax-M2.7,tense_consistency,training,main,canonical
ef0d34abde2242c5d82d,unsupported_ability_claim,0,0,ratio_partition,correct_partial,frustrated,0,MiniMax-M3,ratio_partition,training,main,canonical
ef4113ae737a4bc74633,unsupported_ability_claim,0,1,classifier_precision,correct_partial,frustrated,1,doubao-seed-2.0-lite,classification_metrics,training,main,canonical
ef874e9b45df6ea0bc46,unsupported_ability_claim,0,1,expected_points,wrong_attempt,frustrated,1,deepseek-v4-pro,expected_value,training,main,canonical
eff0cd403bbce59a01ab,unsupported_ability_claim,0,1,conservation_of_mass,correct_partial,calm,1,deepseek-v4-pro,conservation_of_mass,training,main,canonical
f08634455915f49d61e4,unsupported_ability_claim,0,1,subject_verb_agreement,wrong_attempt,frustrated,1,glm-5.3,subject_verb_agreement,training,main,canonical
f0fabdc99d1003de37d8,unsupported_ability_claim,0,1,single_draw_probability,wrong_attempt,frustrated,1,deepseek-v4-pro,single_draw_probability,training,main,canonical
f10b7b415cb8869aa79f,unsupported_ability_claim,0,1,speed_units,wrong_attempt,frustrated,0,MiniMax-M2.7,unit_conversion,training,main,canonical
f12707b1ba54b762ebf8,unsupported_ability_claim,0,1,relevant_support,correct_partial,calm,0,MiniMax-M3,argument_relevance,training,main,canonical
f16b932476f30ae7f9a1,unsupported_ability_claim,0,1,ordering_constraints,wrong_attempt,frustrated,0,glm-5.3,ordering_constraints,training,main,canonical
f35b251c20b70b15bf2e,unsupported_ability_claim,0,0,map_scale,correct_partial,calm,1,MiniMax-M3,unit_conversion,training,main,canonical
f395cb072dcc6576d177,unsupported_ability_claim,0,1,arithmetic_sequence,correct_partial,frustrated,1,MiniMax-M3,arithmetic_sequence,training,main,canonical
f3f083b2a2252df5380f,unsupported_ability_claim,0,1,conditional_inference,wrong_attempt,calm,0,MiniMax-M2.7,conditional_inference,training,main,canonical
f452c688eb489d5b37fe,unsupported_ability_claim,0,1,experimental_variable,wrong_attempt,calm,1,glm-5.3,experimental_design,training,main,canonical
f45f5b91cc29ab1555d3,unsupported_ability_claim,0,1,net_force,wrong_attempt,frustrated,0,MiniMax-M3,newtons_second_law,training,main,canonical
f49652a92ef9df74bafd,unsupported_ability_claim,0,1,fact_opinion,correct_partial,frustrated,1,deepseek-v4-pro,fact_opinion,training,main,canonical
f4f423ebb87ab431f3b0,unsupported_ability_claim,0,1,circuit_current,wrong_attempt,calm,0,glm-5.3,ohms_law,training,main,canonical
f4fe1b4154f821404577,unsupported_ability_claim,0,1,food_chain,correct_partial,calm,1,glm-5.3,food_web_relations,training,main,canonical
f56beda7ba8d26a87b1c,unsupported_ability_claim,0,1,single_draw_probability,correct_partial,calm,0,glm-5.3,single_draw_probability,training,main,canonical
f5ff36eda258519a09ab,unsupported_ability_claim,0,1,past_tense,correct_partial,frustrated,0,doubao-seed-2.0-lite,tense_consistency,training,main,canonical
f64a114ffd537c74892f,unsupported_ability_claim,0,0,thermal_energy,correct_partial,calm,0,MiniMax-M3,specific_heat,training,main,canonical
f6960bfb86e30c3dfcd3,unsupported_ability_claim,0,1,map_scale,correct_partial,frustrated,1,MiniMax-M3,unit_conversion,training,main,canonical
f7129f4fd089f6294896,unsupported_ability_claim,0,1,net_force,wrong_attempt,frustrated,1,MiniMax-M3,newtons_second_law,training,main,canonical
f78da3337f94527d00c8,unsupported_ability_claim,0,1,single_draw_probability,wrong_attempt,frustrated,1,glm-5.3,single_draw_probability,training,main,canonical
f7e1e3a1df374ca54b9d,unsupported_ability_claim,0,1,fact_opinion,wrong_attempt,calm,1,MiniMax-M3,fact_opinion,training,main,canonical
f83585ed0f9ca66ccf96,unsupported_ability_claim,0,1,set_entailment,wrong_attempt,frustrated,0,MiniMax-M2.7,set_entailment,training,main,canonical
f8a4d23253532b4cf0b3,unsupported_ability_claim,0,1,weighted_mean,correct_partial,calm,0,glm-5.3,averaging,training,main,canonical
fa43b9a3d963a24b3b9c,unsupported_ability_claim,1,1,net_force,correct_partial,calm,0,MiniMax-M3,newtons_second_law,training,main,canonical
fa82d75d2734afc9d62b,unsupported_ability_claim,0,1,universal_counterexample,wrong_attempt,calm,0,MiniMax-M2.7,counterexample,training,main,canonical
fa8fa35c9bdd203c408b,unsupported_ability_claim,0,1,expected_points,correct_partial,frustrated,0,MiniMax-M2.7,expected_value,training,main,canonical
fb04f9c85e714f3216ec,unsupported_ability_claim,0,1,modifier_attachment,correct_partial,frustrated,1,doubao-seed-2.0-lite,modifier_attachment,training,main,canonical
fb2a8aa9cfe6147210b6,unsupported_ability_claim,0,0,wave_speed,wrong_attempt,frustrated,1,MiniMax-M3,wave_speed,training,main,canonical
fb4d48eac71d4dd47c2b,unsupported_ability_claim,0,1,main_idea,correct_partial,frustrated,1,deepseek-v4-pro,main_idea,training,main,canonical
fc6491e797998df44d12,unsupported_ability_claim,0,0,main_idea,wrong_attempt,frustrated,1,MiniMax-M3,main_idea,training,main,canonical
fca922525c15542b6991,unsupported_ability_claim,0,1,pronoun_reference,wrong_attempt,calm,1,MiniMax-M2.7,pronoun_reference,training,main,canonical
fcaac42dd882bd35f2ef,unsupported_ability_claim,0,1,rectangle_width,correct_partial,calm,1,doubao-seed-2.0-lite,rectangle_perimeter,training,main,canonical
fcee00f294b0e39cca36,unsupported_ability_claim,0,0,thermal_energy,correct_partial,frustrated,0,MiniMax-M3,specific_heat,training,main,canonical
fd7ca19fc546b3ea76f7,unsupported_ability_claim,0,1,circuit_current,correct_partial,calm,0,MiniMax-M2.7,ohms_law,training,main,canonical
fdba5d7502e13c984752,unsupported_ability_claim,0,1,ordering_constraints,correct_partial,calm,1,MiniMax-M3,ordering_constraints,training,main,canonical
fdbaac48aaa0afa36947,unsupported_ability_claim,0,1,conditional_inference,wrong_attempt,calm,0,deepseek-v4-pro,conditional_inference,training,main,canonical
fdcc19b03621b7c97d8c,unsupported_ability_claim,0,1,pronoun_reference,correct_partial,calm,1,doubao-seed-2.0-lite,pronoun_reference,training,main,canonical
fde3c0cc418a56e19a8a,unsupported_ability_claim,0,1,classifier_precision,wrong_attempt,frustrated,0,deepseek-v4-pro,classification_metrics,training,main,canonical
fdebe755ba7abea9f726,unsupported_ability_claim,0,1,universal_counterexample,wrong_attempt,frustrated,0,doubao-seed-2.0-lite,counterexample,training,main,canonical
fdec12fc40e11db5db88,unsupported_ability_claim,0,1,arithmetic_sequence,correct_partial,calm,1,glm-5.3,arithmetic_sequence,training,main,canonical
fed2df0dcd985e3d8921,unsupported_ability_claim,0,1,arithmetic_sequence,correct_partial,frustrated,0,deepseek-v4-pro,arithmetic_sequence,training,main,canonical
ffcc4b370fe0b9e51afa,unsupported_ability_claim,0,1,set_entailment,wrong_attempt,frustrated,1,doubao-seed-2.0-lite,set_entailment,training,main,canonical
000de85f3559b68e3844,worked_explanation,1,1,thermal_energy,correct_partial,calm,1,MiniMax-M3,specific_heat,training,main,canonical
0011839caaa9f61025f0,worked_explanation,1,1,fact_opinion,wrong_attempt,frustrated,1,doubao-seed-2.0-lite,fact_opinion,training,main,canonical
0092a9b1c4ccd3f00c15,worked_explanation,1,1,relevant_support,wrong_attempt,calm,0,doubao-seed-2.0-lite,argument_relevance,training,main,canonical
00a9c029518cc9fa86ed,worked_explanation,1,1,arithmetic_sequence,correct_partial,frustrated,1,glm-5.3,arithmetic_sequence,training,main,canonical
00d665a5c51c08b5c0c2,worked_explanation,0,1,expected_points,correct_partial,calm,0,glm-5.3,expected_value,training,main,canonical
00d895b8a069659fce47,worked_explanation,1,1,food_chain,correct_partial,frustrated,0,doubao-seed-2.0-lite,food_web_relations,training,main,canonical
025f6784df68b49207cc,worked_explanation,1,0,expected_points,correct_partial,frustrated,0,glm-5.3,expected_value,training,main,canonical
028d411bbb16b9addddf,worked_explanation,1,1,experimental_variable,wrong_attempt,frustrated,1,doubao-seed-2.0-lite,experimental_design,training,main,canonical
02c3562ff91ebddf11d1,worked_explanation,1,1,conditional_inference,correct_partial,calm,0,doubao-seed-2.0-lite,conditional_inference,training,main,canonical
02fcf1e01ab1c5c5b98e,worked_explanation,1,1,map_scale,wrong_attempt,calm,0,doubao-seed-2.0-lite,unit_conversion,training,main,canonical
039baf32beb6e345cb77,worked_explanation,1,1,experimental_variable,wrong_attempt,calm,0,doubao-seed-2.0-lite,experimental_design,training,main,canonical
03b9c493862e8b6f7732,worked_explanation,1,1,fact_opinion,correct_partial,frustrated,1,glm-5.3,fact_opinion,training,main,canonical
051fb731cfb7aaee6a42,worked_explanation,1,1,conservation_of_mass,wrong_attempt,calm,0,deepseek-v4-pro,conservation_of_mass,training,main,canonical
056530dfc423318f842d,worked_explanation,1,0,thermal_energy,correct_partial,frustrated,0,MiniMax-M2.7,specific_heat,training,main,canonical
057f70c081b827c2baf3,worked_explanation,0,1,net_force,correct_partial,frustrated,0,MiniMax-M2.7,newtons_second_law,training,main,canonical
0586a5c80d5e18357a9b,worked_explanation,1,1,set_entailment,wrong_attempt,calm,0,deepseek-v4-pro,set_entailment,training,main,canonical
05ed757c6f15c100cdbc,worked_explanation,1,1,pronoun_reference,correct_partial,calm,1,MiniMax-M2.7,pronoun_reference,training,main,canonical
06542a6fc8ddcf037ea8,worked_explanation,1,1,food_chain,wrong_attempt,frustrated,1,glm-5.3,food_web_relations,training,main,canonical
06be65e009e390f8b68a,worked_explanation,1,1,simple_inheritance,correct_partial,calm,1,doubao-seed-2.0-lite,mendelian_inheritance,training,main,canonical
06bee78de97a1fb4c8c0,worked_explanation,1,1,wave_speed,wrong_attempt,calm,0,MiniMax-M3,wave_speed,training,main,canonical
073e4b9a1e7f09a3c6f6,worked_explanation,1,1,main_idea,correct_partial,frustrated,0,MiniMax-M2.7,main_idea,training,main,canonical
076c42e07793854aae0c,worked_explanation,1,1,discount_price,wrong_attempt,calm,1,doubao-seed-2.0-lite,discount_price,training,main,canonical
07b0df52365d00e0f42a,worked_explanation,1,1,arithmetic_sequence,wrong_attempt,calm,1,MiniMax-M3,arithmetic_sequence,training,main,canonical
07f512d41882fdfc3353,worked_explanation,1,1,classifier_precision,wrong_attempt,frustrated,1,doubao-seed-2.0-lite,classification_metrics,training,main,canonical
081bb6b7dafdbdf6147c,worked_explanation,1,1,food_chain,correct_partial,frustrated,1,MiniMax-M3,food_web_relations,training,main,canonical
0835536de2d1b4576d98,worked_explanation,1,1,wave_speed,wrong_attempt,frustrated,0,MiniMax-M2.7,wave_speed,training,main,canonical
085f304c7bc717b2d83b,worked_explanation,1,1,arithmetic_sequence,wrong_attempt,calm,1,deepseek-v4-pro,arithmetic_sequence,training,main,canonical
08b2fb45770c29328b74,worked_explanation,1,1,modifier_attachment,correct_partial,frustrated,0,deepseek-v4-pro,modifier_attachment,training,main,canonical
08d8629e160cd8429ae6,worked_explanation,1,1,subject_verb_agreement,correct_partial,frustrated,1,MiniMax-M2.7,subject_verb_agreement,training,main,canonical
093a69e065b00efa4dc9,worked_explanation,1,1,ordering_constraints,wrong_attempt,frustrated,0,MiniMax-M3,ordering_constraints,training,main,canonical
096a809bc0c5cc3c11fe,worked_explanation,1,1,subject_verb_agreement,wrong_attempt,calm,0,deepseek-v4-pro,subject_verb_agreement,training,main,canonical
09802f7574adcc01b9f7,worked_explanation,1,1,experimental_variable,wrong_attempt,calm,1,MiniMax-M2.7,experimental_design,training,main,canonical
09f2090997f0d21b2624,worked_explanation,1,1,ordering_constraints,wrong_attempt,calm,0,MiniMax-M3,ordering_constraints,training,main,canonical
0a1e1ff687010dd27ed4,worked_explanation,1,1,map_scale,correct_partial,calm,0,MiniMax-M3,unit_conversion,training,main,canonical
0ae183a67ff75ff4e31f,worked_explanation,1,1,food_chain,wrong_attempt,calm,1,glm-5.3,food_web_relations,training,main,canonical
0b2a30d705a3378cbfe9,worked_explanation,1,1,net_force,wrong_attempt,frustrated,0,MiniMax-M2.7,newtons_second_law,training,main,canonical
0b4d63c14809f9744b94,worked_explanation,1,1,universal_counterexample,correct_partial,frustrated,1,MiniMax-M2.7,counterexample,training,main,canonical
0bab4e6c0d0a3c66726c,worked_explanation,1,1,relevant_support,wrong_attempt,frustrated,1,MiniMax-M2.7,argument_relevance,training,main,canonical
0bf2f2df315a0de10bee,worked_explanation,1,1,classifier_precision,correct_partial,calm,0,MiniMax-M3,classification_metrics,training,main,canonical
0c1a73fbf9eea7d76f54,worked_explanation,1,1,net_force,correct_partial,frustrated,0,doubao-seed-2.0-lite,newtons_second_law,training,main,canonical
0c3765a6f71dd21ebfdf,worked_explanation,0,0,ratio_partition,wrong_attempt,calm,0,glm-5.3,ratio_partition,training,main,canonical
0c6f6d5c1bd4bb0c928e,worked_explanation,1,1,experimental_variable,correct_partial,calm,0,MiniMax-M2.7,experimental_design,training,main,canonical
0c7425c1807a56193931,worked_explanation,1,1,arithmetic_mean,wrong_attempt,calm,0,doubao-seed-2.0-lite,averaging,training,main,canonical
0cef2200c5d1aaa909a9,worked_explanation,1,1,ratio_partition,correct_partial,calm,0,deepseek-v4-pro,ratio_partition,training,main,canonical
0d3c585eb56a230ad9db,worked_explanation,1,1,comma_splice,wrong_attempt,calm,0,MiniMax-M3,clause_punctuation,training,main,canonical
0d8fa499fc7e56017c1c,worked_explanation,1,1,pronoun_reference,wrong_attempt,frustrated,1,doubao-seed-2.0-lite,pronoun_reference,training,main,canonical
0dd03c0875c12ace0635,worked_explanation,1,1,comma_splice,wrong_attempt,frustrated,0,MiniMax-M2.7,clause_punctuation,training,main,canonical
0e0537c33896a2d4f092,worked_explanation,1,1,thermal_energy,correct_partial,calm,0,MiniMax-M2.7,specific_heat,training,main,canonical
0eb77d92a536b8d1efb4,worked_explanation,1,1,map_scale,correct_partial,frustrated,1,MiniMax-M2.7,unit_conversion,training,main,canonical
0ec35b60d4ac5ab9c326,worked_explanation,1,1,subject_verb_agreement,wrong_attempt,calm,0,MiniMax-M3,subject_verb_agreement,training,main,canonical
0ed187c6b1610ea04c55,worked_explanation,1,1,rectangle_width,wrong_attempt,calm,0,MiniMax-M3,rectangle_perimeter,training,main,canonical
0f0cddcba637413c033f,worked_explanation,1,0,thermal_energy,correct_partial,calm,0,doubao-seed-2.0-lite,specific_heat,training,main,canonical
0f297d7d2dd9227f11d4,worked_explanation,1,1,net_force,correct_partial,frustrated,1,MiniMax-M3,newtons_second_law,training,main,canonical
0fa1cad47a564babfba4,worked_explanation,0,0,past_tense,correct_partial,frustrated,1,MiniMax-M2.7,tense_consistency,training,main,canonical
10007121ec15c08de509,worked_explanation,1,1,expected_points,wrong_attempt,calm,1,MiniMax-M3,expected_value,training,main,canonical
10284be9b7b63beb35c9,worked_explanation,1,1,pronoun_reference,wrong_attempt,calm,0,deepseek-v4-pro,pronoun_reference,training,main,canonical
102aebd65a4b13916707,worked_explanation,1,1,classifier_precision,wrong_attempt,frustrated,0,glm-5.3,classification_metrics,training,main,canonical
10623e6486e9f10cea0a,worked_explanation,1,1,arithmetic_sequence,correct_partial,calm,1,doubao-seed-2.0-lite,arithmetic_sequence,training,main,canonical
10af9884a0dd2886bb9c,worked_explanation,1,1,speed_units,wrong_attempt,frustrated,0,deepseek-v4-pro,unit_conversion,training,main,canonical
10b88d2ce1785fb4b669,worked_explanation,1,1,relevant_support,correct_partial,calm,0,MiniMax-M2.7,argument_relevance,training,main,canonical
113e2825e5ea94a69f82,worked_explanation,1,1,fact_opinion,wrong_attempt,calm,1,doubao-seed-2.0-lite,fact_opinion,training,main,canonical
117b064c61d0d7a51f15,worked_explanation,0,1,ordering_constraints,correct_partial,frustrated,1,glm-5.3,ordering_constraints,training,main,canonical
11a548aa9575a0649eb3,worked_explanation,0,1,arithmetic_sequence,wrong_attempt,calm,1,glm-5.3,arithmetic_sequence,training,main,canonical
11f4391626aab4b60bb6,worked_explanation,1,1,net_force,wrong_attempt,frustrated,1,MiniMax-M2.7,newtons_second_law,training,main,canonical
12ad0dccee5babb6a156,worked_explanation,1,1,thermal_energy,wrong_attempt,calm,0,deepseek-v4-pro,specific_heat,training,main,canonical
12bddfa074944263887c,worked_explanation,1,1,conjunctive_rule,wrong_attempt,frustrated,1,deepseek-v4-pro,conjunctive_rule,training,main,canonical
14b0ed78a8d83398d8d2,worked_explanation,1,1,conditional_inference,wrong_attempt,calm,0,glm-5.3,conditional_inference,training,main,canonical
14c16f7049b522b999b8,worked_explanation,1,1,modifier_attachment,wrong_attempt,frustrated,1,MiniMax-M3,modifier_attachment,training,main,canonical
155f2fa785a9deba8845,worked_explanation,1,1,modifier_attachment,correct_partial,frustrated,1,glm-5.3,modifier_attachment,training,main,canonical
158b0a4d8fd175445fcc,worked_explanation,1,1,rectangle_width,wrong_attempt,calm,0,deepseek-v4-pro,rectangle_perimeter,training,main,canonical
169a404a0a3ad46b72e6,worked_explanation,0,1,map_scale,correct_partial,calm,1,glm-5.3,unit_conversion,training,main,canonical
16d62370d187701d9c89,worked_explanation,1,1,past_tense,wrong_attempt,frustrated,1,doubao-seed-2.0-lite,tense_consistency,training,main,canonical
16f3f8e9ae7c1b93628e,worked_explanation,1,1,circuit_current,wrong_attempt,calm,1,deepseek-v4-pro,ohms_law,training,main,canonical
16f59fb7d5cb47303622,worked_explanation,1,1,conservation_of_mass,correct_partial,calm,0,glm-5.3,conservation_of_mass,training,main,canonical
171172625dd9dd1b578e,worked_explanation,1,1,net_force,correct_partial,calm,0,deepseek-v4-pro,newtons_second_law,training,main,canonical
17e1c88e0208c4363bb0,worked_explanation,1,1,single_draw_probability,wrong_attempt,frustrated,0,MiniMax-M2.7,single_draw_probability,training,main,canonical
1880dd2538e055742e7c,worked_explanation,1,1,arithmetic_mean,correct_partial,frustrated,1,deepseek-v4-pro,averaging,training,main,canonical
18e5075c38d931e89f89,worked_explanation,1,1,set_entailment,wrong_attempt,frustrated,0,MiniMax-M3,set_entailment,training,main,canonical
190072349b8e158ca8ab,worked_explanation,1,1,conservation_of_mass,wrong_attempt,calm,1,glm-5.3,conservation_of_mass,training,main,canonical
1935247449d6ccfd7115,worked_explanation,1,1,classifier_precision,wrong_attempt,calm,1,deepseek-v4-pro,classification_metrics,training,main,canonical
19461e7b8c2c29b767c7,worked_explanation,1,0,set_entailment,wrong_attempt,calm,1,glm-5.3,set_entailment,training,main,canonical
197ddcab5ed99463fffa,worked_explanation,1,1,arithmetic_sequence,correct_partial,frustrated,1,MiniMax-M2.7,arithmetic_sequence,training,main,canonical
19916228be06daef9498,worked_explanation,1,1,map_scale,wrong_attempt,frustrated,0,deepseek-v4-pro,unit_conversion,training,main,canonical
19964d11d7ea5d4aeb9c,worked_explanation,1,1,simple_inheritance,correct_partial,frustrated,0,doubao-seed-2.0-lite,mendelian_inheritance,training,main,canonical
1a0e814d9ccbeccb3bb9,worked_explanation,1,1,net_force,correct_partial,frustrated,1,deepseek-v4-pro,newtons_second_law,training,main,canonical
1a29db462880a53e4cd4,worked_explanation,1,1,conjunctive_rule,wrong_attempt,calm,1,glm-5.3,conjunctive_rule,training,main,canonical
1a78060d96ea4eceaf49,worked_explanation,1,1,pronoun_reference,wrong_attempt,frustrated,0,glm-5.3,pronoun_reference,training,main,canonical
1a8f6c97a92151e67268,worked_explanation,1,1,arithmetic_sequence,correct_partial,frustrated,1,deepseek-v4-pro,arithmetic_sequence,training,main,canonical
1aec6ed308f7322a599c,worked_explanation,1,1,single_draw_probability,correct_partial,calm,1,MiniMax-M3,single_draw_probability,training,main,canonical
1bcf3e317c65924e1f97,worked_explanation,1,1,set_entailment,correct_partial,calm,0,MiniMax-M3,set_entailment,training,main,canonical
1c04903c0d5bd0d625e8,worked_explanation,1,1,rectangle_width,wrong_attempt,calm,0,doubao-seed-2.0-lite,rectangle_perimeter,training,main,canonical
1d6d2018e5b52b76ea55,worked_explanation,1,1,net_force,wrong_attempt,frustrated,0,doubao-seed-2.0-lite,newtons_second_law,training,main,canonical
1df59c77b5aef9b2930f,worked_explanation,1,1,net_force,wrong_attempt,calm,0,MiniMax-M3,newtons_second_law,training,main,canonical
1e213875cb456cd605c8,worked_explanation,1,1,ratio_partition,correct_partial,calm,0,MiniMax-M2.7,ratio_partition,training,main,canonical
1e3502ff7bf54cac53d8,worked_explanation,1,1,wave_speed,wrong_attempt,calm,1,MiniMax-M2.7,wave_speed,training,main,canonical
1e73a7073efe73429c88,worked_explanation,1,1,circuit_current,correct_partial,frustrated,0,doubao-seed-2.0-lite,ohms_law,training,main,canonical
1e9f57024a31fe6badf8,worked_explanation,1,1,food_chain,correct_partial,calm,0,MiniMax-M3,food_web_relations,training,main,canonical
1ecb84ac8fb921095c33,worked_explanation,1,1,universal_counterexample,correct_partial,calm,0,MiniMax-M2.7,counterexample,training,main,canonical
1ef05eb397f995b277c5,worked_explanation,1,1,modifier_attachment,correct_partial,calm,1,MiniMax-M2.7,modifier_attachment,training,main,canonical
1f07d7a037e307c24d47,worked_explanation,0,1,conservation_of_mass,correct_partial,frustrated,0,glm-5.3,conservation_of_mass,training,main,canonical
1f898c5a620ad0a462b8,worked_explanation,1,1,thermal_energy,correct_partial,frustrated,1,MiniMax-M2.7,specific_heat,training,main,canonical
2095bfc0da76fc7855ab,worked_explanation,1,0,arithmetic_mean,correct_partial,frustrated,1,doubao-seed-2.0-lite,averaging,training,main,canonical
20eeaf89e291b424843b,worked_explanation,1,1,experimental_variable,wrong_attempt,calm,0,deepseek-v4-pro,experimental_design,training,main,canonical
2171f9535ad7f2303f49,worked_explanation,0,1,wave_speed,correct_partial,frustrated,0,MiniMax-M2.7,wave_speed,training,main,canonical
21abfc486e4e9de13182,worked_explanation,0,0,main_idea,correct_partial,calm,0,MiniMax-M2.7,main_idea,training,main,canonical
21c3ab4b72d309c2d35e,worked_explanation,0,1,expected_points,correct_partial,calm,1,glm-5.3,expected_value,training,main,canonical
21ce0d20b4b81a9a2a49,worked_explanation,1,1,circuit_current,wrong_attempt,frustrated,1,MiniMax-M3,ohms_law,training,main,canonical
2215926151d9beb376dd,worked_explanation,0,0,ordering_constraints,correct_partial,frustrated,1,deepseek-v4-pro,ordering_constraints,training,main,canonical
222f01fa741352427bdc,worked_explanation,1,1,arithmetic_mean,wrong_attempt,calm,1,deepseek-v4-pro,averaging,training,main,canonical
22311688d065cc4ac78c,worked_explanation,1,1,weighted_mean,wrong_attempt,frustrated,1,MiniMax-M3,averaging,training,main,canonical
22e34b7f492b95a3afd6,worked_explanation,1,1,modifier_attachment,correct_partial,frustrated,0,MiniMax-M3,modifier_attachment,training,main,canonical
22e7d0bb802cddc95486,worked_explanation,1,1,subject_verb_agreement,correct_partial,frustrated,0,doubao-seed-2.0-lite,subject_verb_agreement,training,main,canonical
237ff02543a332bc587d,worked_explanation,1,1,main_idea,wrong_attempt,frustrated,0,deepseek-v4-pro,main_idea,training,main,canonical
238030c973bfec3cc51b,worked_explanation,1,1,thermal_energy,correct_partial,frustrated,1,doubao-seed-2.0-lite,specific_heat,training,main,canonical
23a6bd0d53b8d210b6f8,worked_explanation,0,1,weighted_mean,correct_partial,calm,1,MiniMax-M2.7,averaging,training,main,canonical
23ed0007e7dbb25034eb,worked_explanation,1,1,pronoun_reference,wrong_attempt,calm,1,deepseek-v4-pro,pronoun_reference,training,main,canonical
24525fde240784dbf7cf,worked_explanation,1,1,ratio_partition,correct_partial,calm,1,deepseek-v4-pro,ratio_partition,training,main,canonical
248a8c8938212775b279,worked_explanation,1,1,pronoun_reference,correct_partial,calm,0,MiniMax-M2.7,pronoun_reference,training,main,canonical
24afce20a2fc5c9a9879,worked_explanation,1,1,ratio_partition,wrong_attempt,frustrated,0,doubao-seed-2.0-lite,ratio_partition,training,main,canonical
24b588c442c432cdb8fc,worked_explanation,1,1,conditional_inference,wrong_attempt,frustrated,1,MiniMax-M2.7,conditional_inference,training,main,canonical
2510a420086130715cc2,worked_explanation,1,0,ordering_constraints,correct_partial,frustrated,0,MiniMax-M2.7,ordering_constraints,training,main,canonical
25534f6bbe0ca5d08639,worked_explanation,1,1,conditional_inference,wrong_attempt,frustrated,0,glm-5.3,conditional_inference,training,main,canonical
25995b186ffa98e96753,worked_explanation,1,1,conjunctive_rule,correct_partial,calm,1,doubao-seed-2.0-lite,conjunctive_rule,training,main,canonical
25aca06d42156b29f100,worked_explanation,1,1,wave_speed,wrong_attempt,frustrated,0,MiniMax-M3,wave_speed,training,main,canonical
25e6eef73bc7a813d09f,worked_explanation,1,1,ordering_constraints,correct_partial,calm,0,MiniMax-M2.7,ordering_constraints,training,main,canonical
261d5d701efa82d2d0b1,worked_explanation,1,1,arithmetic_mean,correct_partial,calm,1,MiniMax-M3,averaging,training,main,canonical
2639a10c41a951fd7cd2,worked_explanation,1,1,simple_inheritance,correct_partial,frustrated,1,MiniMax-M3,mendelian_inheritance,training,main,canonical
26406149fd1551d9be10,worked_explanation,1,1,ordering_constraints,wrong_attempt,frustrated,0,MiniMax-M2.7,ordering_constraints,training,main,canonical
267ea773d86367d635df,worked_explanation,1,1,discount_price,wrong_attempt,calm,0,doubao-seed-2.0-lite,discount_price,training,main,canonical
269913050f223f3b1d01,worked_explanation,1,1,experimental_variable,correct_partial,frustrated,0,doubao-seed-2.0-lite,experimental_design,training,main,canonical
26a2c6e56cf90fd6f1e2,worked_explanation,1,1,weighted_mean,wrong_attempt,frustrated,1,deepseek-v4-pro,averaging,training,main,canonical
26b908e8cead36bcfa54,worked_explanation,1,1,speed_units,correct_partial,calm,0,deepseek-v4-pro,unit_conversion,training,main,canonical
26e191cb366d328b3257,worked_explanation,1,1,food_chain,wrong_attempt,frustrated,0,deepseek-v4-pro,food_web_relations,training,main,canonical
26fda8b053de52020537,worked_explanation,1,1,fact_opinion,correct_partial,frustrated,1,MiniMax-M2.7,fact_opinion,training,main,canonical
2705d1e5fdc56f03bd83,worked_explanation,1,0,discount_price,correct_partial,calm,0,deepseek-v4-pro,discount_price,training,main,canonical
27120932b45320a2a4d8,worked_explanation,1,1,food_chain,correct_partial,frustrated,1,glm-5.3,food_web_relations,training,main,canonical
2716c7a357941f56e2eb,worked_explanation,1,1,main_idea,wrong_attempt,calm,1,MiniMax-M2.7,main_idea,training,main,canonical
276c9b5165ecc6ddccaf,worked_explanation,1,1,rectangle_width,correct_partial,frustrated,0,doubao-seed-2.0-lite,rectangle_perimeter,training,main,canonical
277a04dd723303b86c3b,worked_explanation,1,1,single_draw_probability,correct_partial,calm,0,deepseek-v4-pro,single_draw_probability,training,main,canonical
28871524cb385060a3f0,worked_explanation,1,1,ratio_partition,correct_partial,frustrated,0,deepseek-v4-pro,ratio_partition,training,main,canonical
2938f43b16924d105471,worked_explanation,1,1,expected_points,wrong_attempt,frustrated,1,glm-5.3,expected_value,training,main,canonical
2975e7525801967caebb,worked_explanation,1,1,thermal_energy,wrong_attempt,frustrated,1,doubao-seed-2.0-lite,specific_heat,training,main,canonical
2a228bafc40c2a2d6e15,worked_explanation,1,1,main_idea,wrong_attempt,calm,1,deepseek-v4-pro,main_idea,training,main,canonical
2a2ca642c29dd9b28c80,worked_explanation,1,1,single_draw_probability,correct_partial,frustrated,0,deepseek-v4-pro,single_draw_probability,training,main,canonical
2a33615d19faf817cb55,worked_explanation,1,1,universal_counterexample,wrong_attempt,calm,0,MiniMax-M3,counterexample,training,main,canonical
2aabd15d42a47d911a1b,worked_explanation,1,1,ordering_constraints,wrong_attempt,frustrated,1,doubao-seed-2.0-lite,ordering_constraints,training,main,canonical
2ab3c233d86558d03955,worked_explanation,1,1,rectangle_width,correct_partial,calm,1,MiniMax-M2.7,rectangle_perimeter,training,main,canonical
2b2e27a0c0dc470001f3,worked_explanation,1,1,pronoun_reference,wrong_attempt,calm,1,doubao-seed-2.0-lite,pronoun_reference,training,main,canonical
2c1607bc6a5da57e158e,worked_explanation,1,1,fact_opinion,wrong_attempt,frustrated,0,doubao-seed-2.0-lite,fact_opinion,training,main,canonical
2c24f782faf55dc9d1b5,worked_explanation,1,1,net_force,correct_partial,frustrated,0,MiniMax-M3,newtons_second_law,training,main,canonical
2c2a0b797faf9eea1c87,worked_explanation,1,1,past_tense,correct_partial,calm,1,MiniMax-M2.7,tense_consistency,training,main,canonical
2c5329f0919152af2532,worked_explanation,1,1,map_scale,wrong_attempt,frustrated,1,MiniMax-M2.7,unit_conversion,training,main,canonical
2cb5bd4189eb829fc3ff,worked_explanation,0,1,conservation_of_mass,correct_partial,calm,0,MiniMax-M3,conservation_of_mass,training,main,canonical
2cca30e643e6a33f6fab,worked_explanation,1,1,relevant_support,wrong_attempt,frustrated,0,glm-5.3,argument_relevance,training,main,canonical
2ce11216ff65df0f9762,worked_explanation,1,1,comma_splice,wrong_attempt,calm,0,glm-5.3,clause_punctuation,training,main,canonical
2d0673518c2cc48e9e5f,worked_explanation,1,1,modifier_attachment,wrong_attempt,calm,0,MiniMax-M3,modifier_attachment,training,main,canonical
2eda5861ebe1fa5f8ad0,worked_explanation,1,1,conservation_of_mass,correct_partial,frustrated,0,MiniMax-M2.7,conservation_of_mass,training,main,canonical
2eea6406297ae97ed231,worked_explanation,1,1,universal_counterexample,correct_partial,frustrated,0,glm-5.3,counterexample,training,main,canonical
2f36cc90a5dbea80fac3,worked_explanation,1,1,wave_speed,wrong_attempt,calm,1,doubao-seed-2.0-lite,wave_speed,training,main,canonical
2f52c7e4625f9c300dde,worked_explanation,1,1,ratio_partition,wrong_attempt,frustrated,0,MiniMax-M2.7,ratio_partition,training,main,canonical
30efdb130ffa8d4206ae,worked_explanation,1,1,speed_units,wrong_attempt,frustrated,1,doubao-seed-2.0-lite,unit_conversion,training,main,canonical
31ba7a8f2e7f0c4f3600,worked_explanation,1,0,thermal_energy,correct_partial,calm,1,doubao-seed-2.0-lite,specific_heat,training,main,canonical
32210806d72253dc6380,worked_explanation,1,1,modifier_attachment,correct_partial,frustrated,0,glm-5.3,modifier_attachment,training,main,canonical
3223fb7819dd3e383fdf,worked_explanation,1,1,arithmetic_sequence,wrong_attempt,calm,0,deepseek-v4-pro,arithmetic_sequence,training,main,canonical
32af60315e169c3d7d6c,worked_explanation,1,1,modifier_attachment,correct_partial,calm,1,MiniMax-M3,modifier_attachment,training,main,canonical
32da0c4fe4a843aa42dd,worked_explanation,1,1,map_scale,correct_partial,frustrated,0,deepseek-v4-pro,unit_conversion,training,main,canonical
330aefb8bcea23e0b40d,worked_explanation,1,1,conjunctive_rule,correct_partial,calm,0,MiniMax-M2.7,conjunctive_rule,training,main,canonical
331eba89daae216afa74,worked_explanation,1,1,subject_verb_agreement,wrong_attempt,frustrated,0,doubao-seed-2.0-lite,subject_verb_agreement,training,main,canonical
336727fc9bdfecc4378c,worked_explanation,0,1,net_force,correct_partial,calm,1,glm-5.3,newtons_second_law,training,main,canonical
33bb1779dcffc2f9d262,worked_explanation,1,1,map_scale,wrong_attempt,frustrated,0,MiniMax-M3,unit_conversion,training,main,canonical
33e68a393f5edab58929,worked_explanation,0,0,circuit_current,correct_partial,calm,1,MiniMax-M3,ohms_law,training,main,canonical
34384ad0fdbaca9f1680,worked_explanation,0,0,single_draw_probability,correct_partial,frustrated,1,MiniMax-M2.7,single_draw_probability,training,main,canonical
3538a214a2a88679bd1a,worked_explanation,1,1,expected_points,correct_partial,calm,0,doubao-seed-2.0-lite,expected_value,training,main,canonical
359c1ff00f8283f09408,worked_explanation,1,1,set_entailment,wrong_attempt,frustrated,1,MiniMax-M3,set_entailment,training,main,canonical
35ea5dc5a4a362d249e8,worked_explanation,0,1,circuit_current,correct_partial,frustrated,1,glm-5.3,ohms_law,training,main,canonical
36c32dd15bc2e56dd1a2,worked_explanation,1,1,ordering_constraints,correct_partial,calm,0,doubao-seed-2.0-lite,ordering_constraints,training,main,canonical
37415bb4a3a3d3d83ffa,worked_explanation,1,1,classifier_precision,wrong_attempt,calm,0,MiniMax-M3,classification_metrics,training,main,canonical
377a646245e8da141395,worked_explanation,1,1,food_chain,correct_partial,calm,1,deepseek-v4-pro,food_web_relations,training,main,canonical
37a33cbe6ad126abf713,worked_explanation,1,1,classifier_precision,wrong_attempt,calm,0,doubao-seed-2.0-lite,classification_metrics,training,main,canonical
3837a48a73f77c72690f,worked_explanation,1,1,pronoun_reference,correct_partial,calm,1,MiniMax-M3,pronoun_reference,training,main,canonical
394408cd3199c3b99b60,worked_explanation,0,0,weighted_mean,correct_partial,frustrated,1,doubao-seed-2.0-lite,averaging,training,main,canonical
3a904a4e01b30c3c8f30,worked_explanation,1,1,discount_price,wrong_attempt,calm,0,MiniMax-M3,discount_price,training,main,canonical
3c1a6ffff823d35a37c7,worked_explanation,1,1,speed_units,correct_partial,calm,1,MiniMax-M3,unit_conversion,training,main,canonical
3c447706c0063b7848d4,worked_explanation,1,1,set_entailment,wrong_attempt,calm,0,MiniMax-M2.7,set_entailment,training,main,canonical
3c615153cae2f79878e0,worked_explanation,1,1,arithmetic_sequence,wrong_attempt,calm,0,MiniMax-M2.7,arithmetic_sequence,training,main,canonical
3c8540a9102a03c6f12a,worked_explanation,1,1,past_tense,correct_partial,calm,0,doubao-seed-2.0-lite,tense_consistency,training,main,canonical
3cd3291e0e1976611f82,worked_explanation,1,1,thermal_energy,wrong_attempt,calm,1,MiniMax-M2.7,specific_heat,training,main,canonical
3dd1b001111a44b300f0,worked_explanation,1,1,wave_speed,wrong_attempt,frustrated,0,deepseek-v4-pro,wave_speed,training,main,canonical
3e3288a1d27b02d5931f,worked_explanation,1,1,experimental_variable,wrong_attempt,calm,1,MiniMax-M3,experimental_design,training,main,canonical
3e711ed23b093cd53ee2,worked_explanation,1,1,past_tense,correct_partial,calm,1,deepseek-v4-pro,tense_consistency,training,main,canonical
3f41c52f536521dabefc,worked_explanation,1,1,modifier_attachment,correct_partial,frustrated,0,MiniMax-M2.7,modifier_attachment,training,main,canonical
3f7f6bf649260830ab85,worked_explanation,1,1,comma_splice,wrong_attempt,calm,0,deepseek-v4-pro,clause_punctuation,training,main,canonical
3fdbaa3447b1491b725d,worked_explanation,1,1,map_scale,wrong_attempt,frustrated,1,MiniMax-M3,unit_conversion,training,main,canonical
4038e673bf1419f9cb83,worked_explanation,1,1,pronoun_reference,wrong_attempt,frustrated,1,MiniMax-M2.7,pronoun_reference,training,main,canonical
4099eae6e106eaa058cf,worked_explanation,0,1,conjunctive_rule,wrong_attempt,calm,0,glm-5.3,conjunctive_rule,training,main,canonical
40bb50c0a08d2c96446b,worked_explanation,1,1,conditional_inference,wrong_attempt,frustrated,1,glm-5.3,conditional_inference,training,main,canonical
41366c88c6f35b10dcdb,worked_explanation,1,1,ordering_constraints,correct_partial,frustrated,1,MiniMax-M3,ordering_constraints,training,main,canonical
414b5bcceb2232a08039,worked_explanation,1,1,simple_inheritance,wrong_attempt,calm,1,MiniMax-M2.7,mendelian_inheritance,training,main,canonical
419c01e9ccf9dc9e9e7a,worked_explanation,1,1,rectangle_width,wrong_attempt,frustrated,1,deepseek-v4-pro,rectangle_perimeter,training,main,canonical
422f2fcc158701645c20,worked_explanation,1,1,subject_verb_agreement,correct_partial,calm,1,deepseek-v4-pro,subject_verb_agreement,training,main,canonical
42afdbcc9e61b7a9337d,worked_explanation,1,1,discount_price,wrong_attempt,frustrated,1,MiniMax-M3,discount_price,training,main,canonical
43986994c92c127cde59,worked_explanation,1,1,set_entailment,correct_partial,frustrated,0,MiniMax-M2.7,set_entailment,training,main,canonical
43d4cc47b3f40bb9e847,worked_explanation,1,1,universal_counterexample,correct_partial,calm,0,glm-5.3,counterexample,training,main,canonical
4415d93e1567ad9056ab,worked_explanation,1,1,conservation_of_mass,wrong_attempt,calm,0,glm-5.3,conservation_of_mass,training,main,canonical
4448b1264155e4122a69,worked_explanation,1,1,main_idea,wrong_attempt,calm,0,MiniMax-M3,main_idea,training,main,canonical
45a4a087369474b18c3e,worked_explanation,0,1,wave_speed,correct_partial,frustrated,1,MiniMax-M2.7,wave_speed,training,main,canonical
45c5e27b9c7e65364de7,worked_explanation,1,1,speed_units,wrong_attempt,calm,1,doubao-seed-2.0-lite,unit_conversion,training,main,canonical
45d95eff4cf47e45ea2f,worked_explanation,1,1,food_chain,wrong_attempt,calm,1,deepseek-v4-pro,food_web_relations,training,main,canonical
46040f40feaf34559d17,worked_explanation,1,1,rectangle_width,wrong_attempt,frustrated,1,MiniMax-M2.7,rectangle_perimeter,training,main,canonical
4616aa52d82f90b2a441,worked_explanation,1,1,classifier_precision,correct_partial,calm,1,doubao-seed-2.0-lite,classification_metrics,training,main,canonical
461a61db67beb0750d7d,worked_explanation,1,1,thermal_energy,wrong_attempt,frustrated,0,MiniMax-M2.7,specific_heat,training,main,canonical
464eacbe32df221ac1f4,worked_explanation,1,1,arithmetic_sequence,wrong_attempt,frustrated,1,MiniMax-M2.7,arithmetic_sequence,training,main,canonical
467a0a6b4292f31ae21b,worked_explanation,0,1,discount_price,correct_partial,calm,0,MiniMax-M3,discount_price,training,main,canonical
46be26109b5a947c6588,worked_explanation,1,1,subject_verb_agreement,wrong_attempt,calm,1,MiniMax-M3,subject_verb_agreement,training,main,canonical
46dcac31bef7f426925b,worked_explanation,1,1,modifier_attachment,wrong_attempt,frustrated,1,glm-5.3,modifier_attachment,training,main,canonical
46f5c726eb8086c2e484,worked_explanation,1,1,food_chain,wrong_attempt,frustrated,1,MiniMax-M3,food_web_relations,training,main,canonical
4730043b336b53476fe0,worked_explanation,1,1,simple_inheritance,correct_partial,frustrated,0,MiniMax-M3,mendelian_inheritance,training,main,canonical
479fa05e32aa10be31c2,worked_explanation,1,1,classifier_precision,correct_partial,frustrated,0,MiniMax-M3,classification_metrics,training,main,canonical
47d470fccafcb43b8eff,worked_explanation,1,1,circuit_current,wrong_attempt,frustrated,0,doubao-seed-2.0-lite,ohms_law,training,main,canonical
4859a5c83e5e5ccb6e5b,worked_explanation,1,1,conditional_inference,wrong_attempt,calm,0,MiniMax-M3,conditional_inference,training,main,canonical
48db7355665a9283e7f3,worked_explanation,1,1,net_force,wrong_attempt,calm,0,MiniMax-M2.7,newtons_second_law,training,main,canonical
4962626092a7e7d8cbf4,worked_explanation,1,1,arithmetic_mean,correct_partial,frustrated,1,MiniMax-M2.7,averaging,training,main,canonical
4a6f82c45fc98419e780,worked_explanation,1,1,past_tense,wrong_attempt,calm,1,MiniMax-M2.7,tense_consistency,training,main,canonical
4aafbee9929c0200e743,worked_explanation,1,1,conjunctive_rule,correct_partial,frustrated,1,glm-5.3,conjunctive_rule,training,main,canonical
4ab544a076d26b2844ae,worked_explanation,1,1,thermal_energy,wrong_attempt,frustrated,1,MiniMax-M2.7,specific_heat,training,main,canonical
4ab9916d02225a90253f,worked_explanation,1,1,weighted_mean,correct_partial,calm,1,doubao-seed-2.0-lite,averaging,training,main,canonical
4af1a1bc9af9533bf3d9,worked_explanation,1,1,conjunctive_rule,correct_partial,calm,0,doubao-seed-2.0-lite,conjunctive_rule,training,main,canonical
4b84e1881194e5cdcb26,worked_explanation,1,1,relevant_support,correct_partial,frustrated,0,MiniMax-M2.7,argument_relevance,training,main,canonical
4c0e31059071e9ea07b0,worked_explanation,1,1,subject_verb_agreement,wrong_attempt,calm,1,doubao-seed-2.0-lite,subject_verb_agreement,training,main,canonical
4c47783e0f67c90b1111,worked_explanation,1,1,speed_units,wrong_attempt,calm,0,glm-5.3,unit_conversion,training,main,canonical
4c50243f2397f5fd1578,worked_explanation,1,1,circuit_current,wrong_attempt,frustrated,1,MiniMax-M2.7,ohms_law,training,main,canonical
4cab5325a89c4d8f74e1,worked_explanation,0,1,conservation_of_mass,correct_partial,frustrated,1,glm-5.3,conservation_of_mass,training,main,canonical
4ce2a2d721d3ea47b8c6,worked_explanation,1,0,ordering_constraints,correct_partial,frustrated,0,deepseek-v4-pro,ordering_constraints,training,main,canonical
4cff3a684511df1ee95d,worked_explanation,1,1,conditional_inference,wrong_attempt,frustrated,0,doubao-seed-2.0-lite,conditional_inference,training,main,canonical
4d57ef4f346372867c71,worked_explanation,1,1,pronoun_reference,correct_partial,frustrated,0,MiniMax-M2.7,pronoun_reference,training,main,canonical
4e83bbc648d77ae7b264,worked_explanation,1,1,main_idea,correct_partial,calm,0,doubao-seed-2.0-lite,main_idea,training,main,canonical
4eb566699d7bf1d7b525,worked_explanation,1,1,arithmetic_mean,wrong_attempt,calm,1,doubao-seed-2.0-lite,averaging,training,main,canonical
4f1a15017d71ba6bd980,worked_explanation,1,1,weighted_mean,correct_partial,frustrated,1,MiniMax-M3,averaging,training,main,canonical
4febd5b1397306e748e5,worked_explanation,1,1,wave_speed,wrong_attempt,calm,0,glm-5.3,wave_speed,training,main,canonical
504dfb0c90650d57b90e,worked_explanation,1,1,past_tense,wrong_attempt,calm,1,MiniMax-M3,tense_consistency,training,main,canonical
505154a9577ab32a5246,worked_explanation,1,1,relevant_support,wrong_attempt,frustrated,1,doubao-seed-2.0-lite,argument_relevance,training,main,canonical
5056ec8e473917b2e221,worked_explanation,1,1,conservation_of_mass,wrong_attempt,frustrated,1,deepseek-v4-pro,conservation_of_mass,training,main,canonical
5070361083c46b99aed5,worked_explanation,0,1,weighted_mean,correct_partial,calm,1,deepseek-v4-pro,averaging,training,main,canonical
50c8150cd1764801b14b,worked_explanation,1,1,ratio_partition,wrong_attempt,calm,1,deepseek-v4-pro,ratio_partition,training,main,canonical
50dda38e6c2a09f305e4,worked_explanation,1,1,arithmetic_mean,correct_partial,frustrated,0,MiniMax-M3,averaging,training,main,canonical
5122a17645c6fefaa6b5,worked_explanation,1,1,circuit_current,wrong_attempt,frustrated,1,deepseek-v4-pro,ohms_law,training,main,canonical
514747420053d69f2ab3,worked_explanation,1,1,conditional_inference,correct_partial,frustrated,1,MiniMax-M2.7,conditional_inference,training,main,canonical
521584473f579e2524bd,worked_explanation,1,1,experimental_variable,wrong_attempt,frustrated,0,doubao-seed-2.0-lite,experimental_design,training,main,canonical
5288d6e702b0d7d43a53,worked_explanation,1,1,conservation_of_mass,correct_partial,calm,1,MiniMax-M2.7,conservation_of_mass,training,main,canonical
52b3833d0e3a1eddd4ea,worked_explanation,1,1,rectangle_width,correct_partial,calm,0,glm-5.3,rectangle_perimeter,training,main,canonical
5313632bbceb641d84ea,worked_explanation,0,1,wave_speed,correct_partial,calm,1,glm-5.3,wave_speed,training,main,canonical
5355e573f65501e408ae,worked_explanation,0,1,circuit_current,correct_partial,calm,1,MiniMax-M2.7,ohms_law,training,main,canonical
538c0af50cb046a94cbd,worked_explanation,1,1,expected_points,wrong_attempt,frustrated,1,doubao-seed-2.0-lite,expected_value,training,main,canonical
54b24fcbab1ccf7d68e4,worked_explanation,1,1,arithmetic_mean,wrong_attempt,frustrated,0,MiniMax-M3,averaging,training,main,canonical
54d64cae24c2c793db35,worked_explanation,1,1,speed_units,correct_partial,calm,0,MiniMax-M2.7,unit_conversion,training,main,canonical
54e97878f7e6313b1efc,worked_explanation,1,1,fact_opinion,wrong_attempt,frustrated,0,glm-5.3,fact_opinion,training,main,canonical
54f32f1c2a89a10de092,worked_explanation,1,1,arithmetic_sequence,wrong_attempt,calm,0,MiniMax-M3,arithmetic_sequence,training,main,canonical
55a9f4b5af6d2aff12b0,worked_explanation,1,1,simple_inheritance,wrong_attempt,frustrated,0,deepseek-v4-pro,mendelian_inheritance,training,main,canonical
55e036d6cda47dc5327a,worked_explanation,1,1,subject_verb_agreement,wrong_attempt,frustrated,0,glm-5.3,subject_verb_agreement,training,main,canonical
5750c66dd0164e87e80f,worked_explanation,1,1,modifier_attachment,wrong_attempt,frustrated,0,glm-5.3,modifier_attachment,training,main,canonical
57740f1a7a3579dafa6a,worked_explanation,1,0,conditional_inference,correct_partial,calm,0,glm-5.3,conditional_inference,training,main,canonical
57bf18c2a33aeee4859f,worked_explanation,1,1,ordering_constraints,wrong_attempt,calm,1,MiniMax-M2.7,ordering_constraints,training,main,canonical
57cf0bccbcf16b74fbb5,worked_explanation,1,1,modifier_attachment,wrong_attempt,calm,0,MiniMax-M2.7,modifier_attachment,training,main,canonical
58626735d8b79c1706e9,worked_explanation,1,1,comma_splice,wrong_attempt,frustrated,0,deepseek-v4-pro,clause_punctuation,training,main,canonical
58bdde7777a2cc2bc147,worked_explanation,1,1,fact_opinion,wrong_attempt,calm,0,MiniMax-M3,fact_opinion,training,main,canonical
5918cd17f72b7ea957d0,worked_explanation,1,1,experimental_variable,correct_partial,calm,0,MiniMax-M3,experimental_design,training,main,canonical
59b2eb122b23e12925e1,worked_explanation,1,1,food_chain,correct_partial,frustrated,1,MiniMax-M2.7,food_web_relations,training,main,canonical
59e2388c21dd7840262b,worked_explanation,1,1,circuit_current,correct_partial,frustrated,0,MiniMax-M3,ohms_law,training,main,canonical
5af4e5e058056efa2ddf,worked_explanation,1,1,comma_splice,correct_partial,calm,1,deepseek-v4-pro,clause_punctuation,training,main,canonical
5b142c4b8e1abf19682c,worked_explanation,1,1,thermal_energy,correct_partial,calm,1,MiniMax-M2.7,specific_heat,training,main,canonical
5b230bec0234f56e96fb,worked_explanation,1,1,past_tense,correct_partial,calm,1,doubao-seed-2.0-lite,tense_consistency,training,main,canonical
5b24e30ed4cfdb569cce,worked_explanation,1,1,wave_speed,correct_partial,calm,1,doubao-seed-2.0-lite,wave_speed,training,main,canonical
5ba5ceaae66b84512d7a,worked_explanation,0,0,comma_splice,correct_partial,calm,0,MiniMax-M2.7,clause_punctuation,training,main,canonical
5bd0084b8db4ce044ee7,worked_explanation,1,1,simple_inheritance,correct_partial,calm,1,MiniMax-M3,mendelian_inheritance,training,main,canonical
5c7df9e84e8d85322add,worked_explanation,1,1,arithmetic_sequence,wrong_attempt,frustrated,1,deepseek-v4-pro,arithmetic_sequence,training,main,canonical
5c861e298d962de678fe,worked_explanation,1,1,modifier_attachment,correct_partial,frustrated,1,MiniMax-M3,modifier_attachment,training,main,canonical
5caa94052fc7a7992ae2,worked_explanation,1,1,weighted_mean,correct_partial,frustrated,0,MiniMax-M3,averaging,training,main,canonical
5d659d4cc2829edaac54,worked_explanation,1,1,universal_counterexample,wrong_attempt,calm,1,MiniMax-M2.7,counterexample,training,main,canonical
5d6d0f0965e1b4608cc3,worked_explanation,1,1,single_draw_probability,wrong_attempt,calm,1,doubao-seed-2.0-lite,single_draw_probability,training,main,canonical
5dc685c7aa1bde246af9,worked_explanation,1,1,circuit_current,wrong_attempt,frustrated,0,MiniMax-M2.7,ohms_law,training,main,canonical
5ddbf15f48c3d55973b4,worked_explanation,1,1,fact_opinion,wrong_attempt,frustrated,0,MiniMax-M2.7,fact_opinion,training,main,canonical
5de5ea40d59db10fb605,worked_explanation,1,1,modifier_attachment,correct_partial,calm,1,doubao-seed-2.0-lite,modifier_attachment,training,main,canonical
5eb296486c7088a55413,worked_explanation,1,0,ratio_partition,correct_partial,frustrated,0,glm-5.3,ratio_partition,training,main,canonical
5eb321b32f8a118f2d86,worked_explanation,1,1,expected_points,wrong_attempt,calm,1,doubao-seed-2.0-lite,expected_value,training,main,canonical
5fd7a96dcacba9cd3b84,worked_explanation,1,1,classifier_precision,correct_partial,frustrated,0,doubao-seed-2.0-lite,classification_metrics,training,main,canonical
608b780fe17303a76d33,worked_explanation,1,1,weighted_mean,wrong_attempt,calm,1,glm-5.3,averaging,training,main,canonical
60ee0d0a2a69fc89f45d,worked_explanation,1,1,main_idea,correct_partial,frustrated,0,deepseek-v4-pro,main_idea,training,main,canonical
61068c8c84a0f8661c03,worked_explanation,1,1,conditional_inference,correct_partial,calm,1,deepseek-v4-pro,conditional_inference,training,main,canonical
61390c8884e29ecefd47,worked_explanation,1,1,map_scale,wrong_attempt,calm,1,doubao-seed-2.0-lite,unit_conversion,training,main,canonical
613b77decc9aa9a2e5d3,worked_explanation,1,1,simple_inheritance,correct_partial,frustrated,0,MiniMax-M2.7,mendelian_inheritance,training,main,canonical
61eb3e20aa7cbfcc1bf4,worked_explanation,1,1,map_scale,wrong_attempt,calm,0,deepseek-v4-pro,unit_conversion,training,main,canonical
6246025a004581ecf5d9,worked_explanation,1,1,fact_opinion,wrong_attempt,calm,0,MiniMax-M2.7,fact_opinion,training,main,canonical
6259b6f0a2b91de0a916,worked_explanation,1,1,subject_verb_agreement,wrong_attempt,calm,1,MiniMax-M2.7,subject_verb_agreement,training,main,canonical
64479570b385be2930e4,worked_explanation,1,1,modifier_attachment,correct_partial,calm,0,doubao-seed-2.0-lite,modifier_attachment,training,main,canonical
64854bfffd08dc4034be,worked_explanation,1,1,net_force,wrong_attempt,frustrated,1,deepseek-v4-pro,newtons_second_law,training,main,canonical
65659e30c4646b8a01e0,worked_explanation,1,1,discount_price,wrong_attempt,calm,1,MiniMax-M2.7,discount_price,training,main,canonical
6678e739d5f302752b2e,worked_explanation,1,1,pronoun_reference,correct_partial,calm,1,deepseek-v4-pro,pronoun_reference,training,main,canonical
66bb0699957a0572fea2,worked_explanation,1,1,experimental_variable,wrong_attempt,frustrated,0,MiniMax-M3,experimental_design,training,main,canonical
66e6bff72b5492eeb172,worked_explanation,1,1,map_scale,wrong_attempt,frustrated,1,doubao-seed-2.0-lite,unit_conversion,training,main,canonical
677bdeacfd11ff13efc5,worked_explanation,1,1,expected_points,correct_partial,calm,0,deepseek-v4-pro,expected_value,training,main,canonical
677c7b26513236f7e64e,worked_explanation,1,0,ordering_constraints,correct_partial,calm,1,deepseek-v4-pro,ordering_constraints,training,main,canonical
67f026e2d5e6f3fe1431,worked_explanation,1,1,classifier_precision,wrong_attempt,frustrated,0,MiniMax-M3,classification_metrics,training,main,canonical
68180f90e03615186db3,worked_explanation,1,0,pronoun_reference,correct_partial,frustrated,0,deepseek-v4-pro,pronoun_reference,training,main,canonical
686777fbb706741be797,worked_explanation,1,1,conditional_inference,correct_partial,calm,1,MiniMax-M3,conditional_inference,training,main,canonical
687a421b75e20734483d,worked_explanation,0,1,weighted_mean,correct_partial,calm,0,deepseek-v4-pro,averaging,training,main,canonical
68a22ad7abadabaf6c91,worked_explanation,0,1,main_idea,correct_partial,calm,1,glm-5.3,main_idea,training,main,canonical
68d9e3e1ded6b0ccc6ac,worked_explanation,0,0,conjunctive_rule,correct_partial,calm,1,glm-5.3,conjunctive_rule,training,main,canonical
69558e373b7fc4be4228,worked_explanation,1,1,past_tense,wrong_attempt,calm,0,MiniMax-M2.7,tense_consistency,training,main,canonical
695be5886658baf52df9,worked_explanation,1,1,expected_points,wrong_attempt,calm,1,MiniMax-M2.7,expected_value,training,main,canonical
6980505169ed95cb3526,worked_explanation,1,1,modifier_attachment,correct_partial,calm,0,deepseek-v4-pro,modifier_attachment,training,main,canonical
699f5e8feb1424c26888,worked_explanation,1,1,set_entailment,wrong_attempt,frustrated,0,doubao-seed-2.0-lite,set_entailment,training,main,canonical
69b1a0b26f81596a7ee7,worked_explanation,1,1,set_entailment,correct_partial,calm,1,deepseek-v4-pro,set_entailment,training,main,canonical
69d3a451aa057a8818b7,worked_explanation,1,1,experimental_variable,correct_partial,calm,0,deepseek-v4-pro,experimental_design,training,main,canonical
69e2c89fc205fb263509,worked_explanation,1,1,subject_verb_agreement,wrong_attempt,frustrated,0,deepseek-v4-pro,subject_verb_agreement,training,main,canonical
6a605350a8c5aa0542be,worked_explanation,1,1,wave_speed,correct_partial,frustrated,0,MiniMax-M3,wave_speed,training,main,canonical
6a98418f5948ed5e3f03,worked_explanation,1,1,conservation_of_mass,correct_partial,calm,0,MiniMax-M2.7,conservation_of_mass,training,main,canonical
6a9fd560cfd7ea47caf5,worked_explanation,1,1,net_force,wrong_attempt,calm,0,deepseek-v4-pro,newtons_second_law,training,main,canonical
6aaf74c4d4c8582df4ae,worked_explanation,1,1,past_tense,correct_partial,frustrated,0,deepseek-v4-pro,tense_consistency,training,main,canonical
6ae9850da92344c23803,worked_explanation,1,1,conjunctive_rule,correct_partial,frustrated,0,doubao-seed-2.0-lite,conjunctive_rule,training,main,canonical
6aea59a4181fc5eb4e7e,worked_explanation,1,1,ratio_partition,wrong_attempt,calm,1,doubao-seed-2.0-lite,ratio_partition,training,main,canonical
6b7f925aeac6bbeffe07,worked_explanation,1,1,fact_opinion,correct_partial,frustrated,0,MiniMax-M2.7,fact_opinion,training,main,canonical
6c98504199a33c4c800a,worked_explanation,1,1,fact_opinion,correct_partial,calm,1,glm-5.3,fact_opinion,training,main,canonical
6c9ef446333cbf874ed3,worked_explanation,1,1,relevant_support,correct_partial,calm,1,MiniMax-M3,argument_relevance,training,main,canonical
6d18a3fcff651e687c64,worked_explanation,1,1,modifier_attachment,wrong_attempt,frustrated,1,MiniMax-M2.7,modifier_attachment,training,main,canonical
6d58abe9058019a0dc4b,worked_explanation,1,1,comma_splice,wrong_attempt,frustrated,1,MiniMax-M2.7,clause_punctuation,training,main,canonical
6d91f1fcd2c9c7e855a8,worked_explanation,0,0,ratio_partition,correct_partial,frustrated,1,MiniMax-M3,ratio_partition,training,main,canonical
6d990e07e7fbde7aba6c,worked_explanation,1,1,universal_counterexample,correct_partial,frustrated,1,doubao-seed-2.0-lite,counterexample,training,main,canonical
6e03262009dfe5d78c22,worked_explanation,1,1,relevant_support,wrong_attempt,frustrated,0,MiniMax-M2.7,argument_relevance,training,main,canonical
6e40a13e52ebb9d05726,worked_explanation,1,1,rectangle_width,wrong_attempt,frustrated,1,glm-5.3,rectangle_perimeter,training,main,canonical
6e69e873968d095fa314,worked_explanation,1,1,universal_counterexample,correct_partial,calm,1,glm-5.3,counterexample,training,main,canonical
6e711c16627c2f92d056,worked_explanation,1,1,modifier_attachment,correct_partial,frustrated,1,deepseek-v4-pro,modifier_attachment,training,main,canonical
6ee57c8c8e650bd63dd8,worked_explanation,1,0,experimental_variable,correct_partial,frustrated,1,MiniMax-M3,experimental_design,training,main,canonical
6f65ef2a6765449e0847,worked_explanation,1,1,ratio_partition,correct_partial,calm,1,doubao-seed-2.0-lite,ratio_partition,training,main,canonical
6fb416e1f09bcad3be18,worked_explanation,1,1,arithmetic_sequence,correct_partial,frustrated,1,doubao-seed-2.0-lite,arithmetic_sequence,training,main,canonical
7056de521b939f3cfea7,worked_explanation,1,1,speed_units,wrong_attempt,frustrated,0,MiniMax-M3,unit_conversion,training,main,canonical
70c239709b1d0338338c,worked_explanation,1,1,universal_counterexample,correct_partial,frustrated,1,MiniMax-M3,counterexample,training,main,canonical
718600b2e28893ab722d,worked_explanation,1,1,weighted_mean,wrong_attempt,frustrated,0,MiniMax-M3,averaging,training,main,canonical
72c8927651e877ecad41,worked_explanation,1,1,expected_points,wrong_attempt,frustrated,0,MiniMax-M3,expected_value,training,main,canonical
72ce1f650e1cc13b8eed,worked_explanation,1,1,expected_points,wrong_attempt,frustrated,0,MiniMax-M2.7,expected_value,training,main,canonical
72febde1223e4d9fd892,worked_explanation,1,1,speed_units,wrong_attempt,calm,1,deepseek-v4-pro,unit_conversion,training,main,canonical
736aa6db83ed96d3998c,worked_explanation,1,1,expected_points,correct_partial,frustrated,0,doubao-seed-2.0-lite,expected_value,training,main,canonical
739c0221feaf50f0577b,worked_explanation,1,1,ordering_constraints,correct_partial,frustrated,0,MiniMax-M3,ordering_constraints,training,main,canonical
73b10ea54adfe6564cfe,worked_explanation,1,1,conjunctive_rule,correct_partial,frustrated,0,MiniMax-M2.7,conjunctive_rule,training,main,canonical
746be5e10f295b8e5900,worked_explanation,1,1,subject_verb_agreement,correct_partial,calm,0,MiniMax-M3,subject_verb_agreement,training,main,canonical
746d3e8f6a190bd6c409,worked_explanation,0,0,simple_inheritance,wrong_attempt,calm,1,glm-5.3,mendelian_inheritance,training,main,canonical
747940439e064733855d,worked_explanation,1,1,main_idea,correct_partial,calm,1,MiniMax-M3,main_idea,training,main,canonical
7496ab8919a6d0646a15,worked_explanation,1,1,single_draw_probability,correct_partial,calm,1,doubao-seed-2.0-lite,single_draw_probability,training,main,canonical
74fb65dcaf5cf87dfff6,worked_explanation,1,1,relevant_support,correct_partial,frustrated,1,glm-5.3,argument_relevance,training,main,canonical
754b9de50ddfc32c096e,worked_explanation,1,1,rectangle_width,wrong_attempt,frustrated,0,MiniMax-M2.7,rectangle_perimeter,training,main,canonical
758f8f6ddafb596268b6,worked_explanation,1,1,conditional_inference,correct_partial,calm,1,MiniMax-M2.7,conditional_inference,training,main,canonical
765fbb1c0b9b1eba9c5d,worked_explanation,1,1,past_tense,wrong_attempt,frustrated,1,glm-5.3,tense_consistency,training,main,canonical
76d3f0ccec1547624177,worked_explanation,1,1,speed_units,correct_partial,calm,1,deepseek-v4-pro,unit_conversion,training,main,canonical
7718903eb950a80e6e74,worked_explanation,1,1,past_tense,wrong_attempt,frustrated,0,glm-5.3,tense_consistency,training,main,canonical
775c37af24b4a2c41cae,worked_explanation,1,1,net_force,wrong_attempt,calm,1,deepseek-v4-pro,newtons_second_law,training,main,canonical
77b14b0252dd9e455d05,worked_explanation,1,0,arithmetic_mean,correct_partial,calm,0,doubao-seed-2.0-lite,averaging,training,main,canonical
77bac8026221dbb2cd99,worked_explanation,1,0,conservation_of_mass,correct_partial,calm,1,glm-5.3,conservation_of_mass,training,main,canonical
77e123d005251e8693e4,worked_explanation,1,1,food_chain,correct_partial,frustrated,0,MiniMax-M3,food_web_relations,training,main,canonical
783d79e13cd183a0d5af,worked_explanation,1,0,comma_splice,correct_partial,calm,1,MiniMax-M2.7,clause_punctuation,training,main,canonical
78ade733ad79690f4422,worked_explanation,1,1,simple_inheritance,correct_partial,frustrated,1,deepseek-v4-pro,mendelian_inheritance,training,main,canonical
78b6737f77f1366a5c01,worked_explanation,1,1,rectangle_width,correct_partial,frustrated,0,deepseek-v4-pro,rectangle_perimeter,training,main,canonical
78effc74f55d56834926,worked_explanation,0,0,experimental_variable,correct_partial,calm,1,glm-5.3,experimental_design,training,main,canonical
7950b9688e91e8491a5d,worked_explanation,0,1,arithmetic_mean,correct_partial,calm,1,deepseek-v4-pro,averaging,training,main,canonical
795ded82c69e59f7efd2,worked_explanation,0,1,pronoun_reference,correct_partial,frustrated,0,MiniMax-M3,pronoun_reference,training,main,canonical
797b9508a989e5eb9661,worked_explanation,1,1,fact_opinion,wrong_attempt,frustrated,1,glm-5.3,fact_opinion,training,main,canonical
7a2b333caa4687ecce2e,worked_explanation,1,0,thermal_energy,wrong_attempt,calm,0,glm-5.3,specific_heat,training,main,canonical
7a877754624d8ac0d06e,worked_explanation,1,1,thermal_energy,wrong_attempt,frustrated,1,MiniMax-M3,specific_heat,training,main,canonical
7ac4a5a90108e5336221,worked_explanation,1,1,universal_counterexample,wrong_attempt,calm,1,deepseek-v4-pro,counterexample,training,main,canonical
7b08921bf78f46706578,worked_explanation,1,1,rectangle_width,wrong_attempt,frustrated,1,doubao-seed-2.0-lite,rectangle_perimeter,training,main,canonical
7b5141c38875d8a7d641,worked_explanation,1,1,single_draw_probability,correct_partial,calm,0,MiniMax-M3,single_draw_probability,training,main,canonical
7b5c1d75083aeae95952,worked_explanation,1,1,thermal_energy,wrong_attempt,frustrated,0,doubao-seed-2.0-lite,specific_heat,training,main,canonical
7be7f7cde088a452bb68,worked_explanation,1,1,ratio_partition,wrong_attempt,frustrated,1,deepseek-v4-pro,ratio_partition,training,main,canonical
7c0cb7ab6dbe76c935a9,worked_explanation,1,1,discount_price,wrong_attempt,frustrated,1,deepseek-v4-pro,discount_price,training,main,canonical
7c7749fac0b4946795fb,worked_explanation,1,0,rectangle_width,wrong_attempt,calm,1,glm-5.3,rectangle_perimeter,training,main,canonical
7eaab260c4bc42eb779d,worked_explanation,1,1,modifier_attachment,wrong_attempt,frustrated,0,MiniMax-M3,modifier_attachment,training,main,canonical
7eefa0ebfda752b5509d,worked_explanation,1,1,expected_points,wrong_attempt,frustrated,0,doubao-seed-2.0-lite,expected_value,training,main,canonical
7f49d6dcaa0df2493da2,worked_explanation,1,1,experimental_variable,correct_partial,frustrated,1,deepseek-v4-pro,experimental_design,training,main,canonical
7fd5aae0c7fd9ff4557e,worked_explanation,1,1,ordering_constraints,correct_partial,calm,1,MiniMax-M2.7,ordering_constraints,training,main,canonical
801651ef8415eb151c3d,worked_explanation,1,1,universal_counterexample,wrong_attempt,frustrated,1,doubao-seed-2.0-lite,counterexample,training,main,canonical
803cde85e5ad74f4b232,worked_explanation,1,1,rectangle_width,wrong_attempt,frustrated,0,MiniMax-M3,rectangle_perimeter,training,main,canonical
8057b4dd0ae893905855,worked_explanation,1,1,simple_inheritance,wrong_attempt,calm,0,MiniMax-M3,mendelian_inheritance,training,main,canonical
807ae0e290c913f2bdd3,worked_explanation,1,1,universal_counterexample,wrong_attempt,frustrated,1,MiniMax-M2.7,counterexample,training,main,canonical
821e385af9da21563ea3,worked_explanation,1,1,universal_counterexample,correct_partial,calm,1,MiniMax-M2.7,counterexample,training,main,canonical
829290bbd1e0adf3e23b,worked_explanation,1,1,experimental_variable,correct_partial,calm,1,deepseek-v4-pro,experimental_design,training,main,canonical
82c181a37a04ed6f004b,worked_explanation,1,1,speed_units,correct_partial,calm,1,doubao-seed-2.0-lite,unit_conversion,training,main,canonical
82ca3d4136d7234649ac,worked_explanation,1,1,speed_units,correct_partial,frustrated,1,doubao-seed-2.0-lite,unit_conversion,training,main,canonical
833de3b6fb4ee43b6a7c,worked_explanation,1,1,net_force,wrong_attempt,frustrated,0,deepseek-v4-pro,newtons_second_law,training,main,canonical
83f97253ed37b58897ac,worked_explanation,1,1,simple_inheritance,correct_partial,calm,0,doubao-seed-2.0-lite,mendelian_inheritance,training,main,canonical
83fff9271ef77d56d579,worked_explanation,1,1,universal_counterexample,wrong_attempt,calm,1,doubao-seed-2.0-lite,counterexample,training,main,canonical
848ea25e6732704bd665,worked_explanation,1,1,relevant_support,wrong_attempt,calm,0,glm-5.3,argument_relevance,training,main,canonical
84991113c60a5aff2325,worked_explanation,1,0,past_tense,correct_partial,calm,0,glm-5.3,tense_consistency,training,main,canonical
84a8654fbe3f97133e2a,worked_explanation,0,1,ordering_constraints,wrong_attempt,calm,0,glm-5.3,ordering_constraints,training,main,canonical
84ba88118fe5966421c0,worked_explanation,1,1,simple_inheritance,wrong_attempt,calm,1,MiniMax-M3,mendelian_inheritance,training,main,canonical
84dd2e58c7fa3d4155e7,worked_explanation,1,1,universal_counterexample,correct_partial,frustrated,1,deepseek-v4-pro,counterexample,training,main,canonical
84e9e64ee7c1bf45bdbf,worked_explanation,1,1,simple_inheritance,wrong_attempt,calm,1,doubao-seed-2.0-lite,mendelian_inheritance,training,main,canonical
8524ddcc30359c2b7ced,worked_explanation,1,1,arithmetic_sequence,wrong_attempt,frustrated,1,glm-5.3,arithmetic_sequence,training,main,canonical
852d4353a14d7be7beb4,worked_explanation,1,1,relevant_support,wrong_attempt,frustrated,0,doubao-seed-2.0-lite,argument_relevance,training,main,canonical
86142e5bbfaf81a23f6d,worked_explanation,1,1,universal_counterexample,wrong_attempt,calm,0,deepseek-v4-pro,counterexample,training,main,canonical
869d916e7d8f9fe32edc,worked_explanation,1,1,pronoun_reference,correct_partial,calm,0,MiniMax-M3,pronoun_reference,training,main,canonical
87022bbdc172ccbf3de7,worked_explanation,1,1,past_tense,correct_partial,frustrated,0,MiniMax-M2.7,tense_consistency,training,main,canonical
87dda4d0af9d5ffd04c8,worked_explanation,1,1,rectangle_width,correct_partial,frustrated,1,doubao-seed-2.0-lite,rectangle_perimeter,training,main,canonical
886c6af2fbecca01fd7f,worked_explanation,1,0,arithmetic_mean,correct_partial,calm,1,glm-5.3,averaging,training,main,canonical
888b630881c69ca657f7,worked_explanation,1,1,weighted_mean,wrong_attempt,frustrated,1,MiniMax-M2.7,averaging,training,main,canonical
88af193f6be91974160c,worked_explanation,0,1,net_force,correct_partial,frustrated,1,MiniMax-M2.7,newtons_second_law,training,main,canonical
89529b4248d04d1179d6,worked_explanation,1,1,ratio_partition,correct_partial,calm,0,MiniMax-M3,ratio_partition,training,main,canonical
8967c89485d947b139ff,worked_explanation,1,1,conservation_of_mass,wrong_attempt,calm,1,doubao-seed-2.0-lite,conservation_of_mass,training,main,canonical
8a8bc1c6d134cde63111,worked_explanation,1,1,net_force,correct_partial,calm,1,doubao-seed-2.0-lite,newtons_second_law,training,main,canonical
8ba3b6107d340baf77c0,worked_explanation,1,1,rectangle_width,correct_partial,calm,1,deepseek-v4-pro,rectangle_perimeter,training,main,canonical
8c400b596def840ead2a,worked_explanation,1,0,arithmetic_mean,wrong_attempt,calm,1,MiniMax-M2.7,averaging,training,main,canonical
8c5e86394cb39711835f,worked_explanation,1,1,speed_units,correct_partial,frustrated,0,glm-5.3,unit_conversion,training,main,canonical
8c7c0afe09f7e8227554,worked_explanation,1,1,conjunctive_rule,wrong_attempt,frustrated,0,deepseek-v4-pro,conjunctive_rule,training,main,canonical
8cc7ebfd3ee275be6fb3,worked_explanation,1,1,past_tense,correct_partial,frustrated,1,MiniMax-M3,tense_consistency,training,main,canonical
8d25826e6ee4facad5d7,worked_explanation,1,1,conditional_inference,correct_partial,calm,0,deepseek-v4-pro,conditional_inference,training,main,canonical
8d647bee7b73dd94b2f8,worked_explanation,1,1,comma_splice,correct_partial,frustrated,1,doubao-seed-2.0-lite,clause_punctuation,training,main,canonical
8df9f0811d2e5830099f,worked_explanation,1,1,comma_splice,correct_partial,calm,1,doubao-seed-2.0-lite,clause_punctuation,training,main,canonical
8e15b98ce0dd6f9122f1,worked_explanation,1,1,conjunctive_rule,wrong_attempt,calm,1,MiniMax-M2.7,conjunctive_rule,training,main,canonical
8e4c3fc46aecec90b80d,worked_explanation,1,1,set_entailment,wrong_attempt,calm,0,MiniMax-M3,set_entailment,training,main,canonical
8f37eee58b2bf46ba96d,worked_explanation,1,1,set_entailment,correct_partial,frustrated,1,doubao-seed-2.0-lite,set_entailment,training,main,canonical
8f9ae8aa2b1b01358d5e,worked_explanation,1,1,set_entailment,wrong_attempt,frustrated,1,MiniMax-M2.7,set_entailment,training,main,canonical
8fb1babd191a80b88c2d,worked_explanation,1,1,circuit_current,correct_partial,calm,0,doubao-seed-2.0-lite,ohms_law,training,main,canonical
8fca55be7007e3f568b2,worked_explanation,1,1,ratio_partition,wrong_attempt,calm,1,glm-5.3,ratio_partition,training,main,canonical
8ffab764bd53ead0929c,worked_explanation,1,1,discount_price,wrong_attempt,frustrated,1,glm-5.3,discount_price,training,main,canonical
907d4364dd50314272f2,worked_explanation,1,1,thermal_energy,correct_partial,frustrated,1,deepseek-v4-pro,specific_heat,training,main,canonical
913a0c345f8d06b52a02,worked_explanation,1,1,classifier_precision,wrong_attempt,calm,1,doubao-seed-2.0-lite,classification_metrics,training,main,canonical
9142e5efab7a693a83c6,worked_explanation,1,1,comma_splice,correct_partial,frustrated,0,MiniMax-M2.7,clause_punctuation,training,main,canonical
916a44a0480545b6585a,worked_explanation,1,1,fact_opinion,wrong_attempt,frustrated,1,deepseek-v4-pro,fact_opinion,training,main,canonical
9196254c1eb552d99de6,worked_explanation,1,1,past_tense,correct_partial,frustrated,0,glm-5.3,tense_consistency,training,main,canonical
92072d7d5f680031c5a1,worked_explanation,1,1,conservation_of_mass,correct_partial,frustrated,0,deepseek-v4-pro,conservation_of_mass,training,main,canonical
9220fc10ea94bc9c8a56,worked_explanation,1,1,classifier_precision,correct_partial,calm,1,MiniMax-M2.7,classification_metrics,training,main,canonical
92d4e74aeeb05c8d3bdb,worked_explanation,1,1,modifier_attachment,wrong_attempt,calm,1,doubao-seed-2.0-lite,modifier_attachment,training,main,canonical
93143dd4e531bcfb8deb,worked_explanation,1,1,subject_verb_agreement,correct_partial,frustrated,1,glm-5.3,subject_verb_agreement,training,main,canonical
9381ec9efd1af3b2f834,worked_explanation,1,1,wave_speed,wrong_attempt,calm,0,deepseek-v4-pro,wave_speed,training,main,canonical
9397120e6a9b0585a578,worked_explanation,1,1,fact_opinion,correct_partial,frustrated,0,glm-5.3,fact_opinion,training,main,canonical
93dc93737346087b1fd5,worked_explanation,1,1,conditional_inference,correct_partial,frustrated,0,MiniMax-M3,conditional_inference,training,main,canonical
942d913a4c35729af003,worked_explanation,1,1,arithmetic_sequence,wrong_attempt,calm,1,doubao-seed-2.0-lite,arithmetic_sequence,training,main,canonical
946ecb3935265ee82861,worked_explanation,1,1,food_chain,correct_partial,calm,0,deepseek-v4-pro,food_web_relations,training,main,canonical
9482ae09f925485f32fe,worked_explanation,1,1,conjunctive_rule,wrong_attempt,calm,0,deepseek-v4-pro,conjunctive_rule,training,main,canonical
9565c363ebcbd06027fe,worked_explanation,1,1,wave_speed,correct_partial,frustrated,0,glm-5.3,wave_speed,training,main,canonical
95e86fe2e336e083dbd3,worked_explanation,1,1,ordering_constraints,wrong_attempt,frustrated,0,deepseek-v4-pro,ordering_constraints,training,main,canonical
95f42e47cc8ec195749b,worked_explanation,1,1,simple_inheritance,wrong_attempt,calm,0,deepseek-v4-pro,mendelian_inheritance,training,main,canonical
964f8756b449da8b92ee,worked_explanation,1,1,pronoun_reference,wrong_attempt,frustrated,1,MiniMax-M3,pronoun_reference,training,main,canonical
96805de8727d05475819,worked_explanation,1,1,main_idea,wrong_attempt,calm,0,deepseek-v4-pro,main_idea,training,main,canonical
96f4a7a76ff38865b954,worked_explanation,1,1,classifier_precision,wrong_attempt,frustrated,0,MiniMax-M2.7,classification_metrics,training,main,canonical
96ff0ded74b908841cae,worked_explanation,1,1,circuit_current,correct_partial,frustrated,0,deepseek-v4-pro,ohms_law,training,main,canonical
976c97f13259071c9659,worked_explanation,1,1,circuit_current,correct_partial,frustrated,1,doubao-seed-2.0-lite,ohms_law,training,main,canonical
977ed58941c9da5136ea,worked_explanation,1,1,conservation_of_mass,correct_partial,frustrated,1,MiniMax-M2.7,conservation_of_mass,training,main,canonical
979adcac1390d25c174e,worked_explanation,0,0,rectangle_width,wrong_attempt,calm,0,glm-5.3,rectangle_perimeter,training,main,canonical
97d0cf1144b5c48dd7b4,worked_explanation,1,1,expected_points,wrong_attempt,frustrated,0,glm-5.3,expected_value,training,main,canonical
97dce9a37a0d19262a14,worked_explanation,1,1,ordering_constraints,wrong_attempt,calm,1,MiniMax-M3,ordering_constraints,training,main,canonical
985919b868338a6fb566,worked_explanation,1,1,modifier_attachment,correct_partial,frustrated,1,MiniMax-M2.7,modifier_attachment,training,main,canonical
9873937684db9bf8b82a,worked_explanation,1,1,single_draw_probability,wrong_attempt,calm,0,glm-5.3,single_draw_probability,training,main,canonical
9898e1b3f12fdee5e09a,worked_explanation,1,1,universal_counterexample,correct_partial,calm,1,doubao-seed-2.0-lite,counterexample,training,main,canonical
9911d674976719bd8847,worked_explanation,1,0,discount_price,correct_partial,frustrated,0,doubao-seed-2.0-lite,discount_price,training,main,canonical
99c54cb50ec9d7050185,worked_explanation,1,1,classifier_precision,correct_partial,frustrated,1,MiniMax-M2.7,classification_metrics,training,main,canonical
9a7375145231dfd25174,worked_explanation,1,1,circuit_current,correct_partial,calm,1,doubao-seed-2.0-lite,ohms_law,training,main,canonical
9ae16f2514de743d9773,worked_explanation,1,1,conditional_inference,correct_partial,frustrated,1,glm-5.3,conditional_inference,training,main,canonical
9b02e538e1713b9afb5c,worked_explanation,1,1,speed_units,correct_partial,calm,0,doubao-seed-2.0-lite,unit_conversion,training,main,canonical
9b183969653cf4f2170f,worked_explanation,1,1,weighted_mean,correct_partial,frustrated,1,glm-5.3,averaging,training,main,canonical
9c013929527c254d1090,worked_explanation,0,1,net_force,correct_partial,calm,1,MiniMax-M2.7,newtons_second_law,training,main,canonical
9c17e3bf563eb8e438af,worked_explanation,1,1,set_entailment,wrong_attempt,calm,0,glm-5.3,set_entailment,training,main,canonical
9c22d89f59e209310ecf,worked_explanation,1,1,set_entailment,correct_partial,calm,0,doubao-seed-2.0-lite,set_entailment,training,main,canonical
9c986715a5c951b6e354,worked_explanation,1,1,universal_counterexample,wrong_attempt,calm,0,glm-5.3,counterexample,training,main,canonical
9d5ec070d7b301d2b348,worked_explanation,1,1,single_draw_probability,wrong_attempt,calm,1,deepseek-v4-pro,single_draw_probability,training,main,canonical
9d8714669a057da8f37f,worked_explanation,0,0,pronoun_reference,correct_partial,calm,1,glm-5.3,pronoun_reference,training,main,canonical
9dbd880ba6ac1771a954,worked_explanation,1,1,relevant_support,correct_partial,frustrated,0,doubao-seed-2.0-lite,argument_relevance,training,main,canonical
9de96a41d298174fa090,worked_explanation,1,1,rectangle_width,wrong_attempt,frustrated,0,glm-5.3,rectangle_perimeter,training,main,canonical
9fbd5aa12e697bd449ab,worked_explanation,0,0,relevant_support,wrong_attempt,calm,1,glm-5.3,argument_relevance,training,main,canonical
9fbdd0350cec000bf86e,worked_explanation,1,1,arithmetic_sequence,wrong_attempt,frustrated,0,MiniMax-M3,arithmetic_sequence,training,main,canonical
a01444034b78c5539509,worked_explanation,1,1,classifier_precision,correct_partial,frustrated,1,MiniMax-M3,classification_metrics,training,main,canonical
a03ca76b3f4898d5c85b,worked_explanation,1,1,set_entailment,wrong_attempt,calm,1,MiniMax-M2.7,set_entailment,training,main,canonical
a0666104610cb1f4f8cb,worked_explanation,1,1,simple_inheritance,wrong_attempt,frustrated,0,MiniMax-M2.7,mendelian_inheritance,training,main,canonical
a095282df5c6519f81b4,worked_explanation,1,1,comma_splice,wrong_attempt,calm,1,MiniMax-M3,clause_punctuation,training,main,canonical
a0be0424bac8fcd0695e,worked_explanation,1,1,arithmetic_mean,wrong_attempt,calm,0,MiniMax-M3,averaging,training,main,canonical
a0e33e9526e497f51581,worked_explanation,1,0,classifier_precision,wrong_attempt,calm,0,glm-5.3,classification_metrics,training,main,canonical
a18738150f44d5525b7d,worked_explanation,1,1,conservation_of_mass,correct_partial,calm,1,MiniMax-M3,conservation_of_mass,training,main,canonical
a1917235ed80326a5d8c,worked_explanation,1,1,universal_counterexample,wrong_attempt,frustrated,1,glm-5.3,counterexample,training,main,canonical
a1f906717cc45b7c547c,worked_explanation,1,1,set_entailment,correct_partial,frustrated,1,glm-5.3,set_entailment,training,main,canonical
a253c24691fd98c3c2ba,worked_explanation,1,1,past_tense,wrong_attempt,calm,1,glm-5.3,tense_consistency,training,main,canonical
a268e99841516720473b,worked_explanation,1,1,comma_splice,wrong_attempt,frustrated,1,MiniMax-M3,clause_punctuation,training,main,canonical
a2a7c9ba09d481494c5e,worked_explanation,1,1,conjunctive_rule,wrong_attempt,frustrated,1,doubao-seed-2.0-lite,conjunctive_rule,training,main,canonical
a2b505be710d6c1eb973,worked_explanation,1,1,fact_opinion,correct_partial,frustrated,1,doubao-seed-2.0-lite,fact_opinion,training,main,canonical
a39c2cc86f13c4abe75a,worked_explanation,1,1,thermal_energy,correct_partial,frustrated,1,MiniMax-M3,specific_heat,training,main,canonical
a448ed2acef4a59e54fe,worked_explanation,1,1,circuit_current,correct_partial,calm,0,MiniMax-M3,ohms_law,training,main,canonical
a4ac5af64fe6a8c356c7,worked_explanation,1,1,past_tense,wrong_attempt,calm,0,glm-5.3,tense_consistency,training,main,canonical
a518790acfbee16739df,worked_explanation,1,1,expected_points,correct_partial,calm,1,deepseek-v4-pro,expected_value,training,main,canonical
a6b07739f5a4fc25b03b,worked_explanation,1,1,ratio_partition,wrong_attempt,frustrated,0,deepseek-v4-pro,ratio_partition,training,main,canonical
a72583761391baf87e77,worked_explanation,1,1,simple_inheritance,wrong_attempt,frustrated,1,doubao-seed-2.0-lite,mendelian_inheritance,training,main,canonical
a734add5c234ef2889a3,worked_explanation,1,1,past_tense,wrong_attempt,calm,0,doubao-seed-2.0-lite,tense_consistency,training,main,canonical
a749810843281a8282af,worked_explanation,1,1,past_tense,correct_partial,calm,0,deepseek-v4-pro,tense_consistency,training,main,canonical
a7fa6850776c7a2fa54d,worked_explanation,1,1,conjunctive_rule,correct_partial,calm,1,deepseek-v4-pro,conjunctive_rule,training,main,canonical
a8a4f7b368480ec9497e,worked_explanation,1,1,simple_inheritance,correct_partial,frustrated,1,doubao-seed-2.0-lite,mendelian_inheritance,training,main,canonical
a8d31b2ae2f8a97d62ff,worked_explanation,1,1,conservation_of_mass,wrong_attempt,frustrated,0,doubao-seed-2.0-lite,conservation_of_mass,training,main,canonical
a8de4cfe8d5904d939f0,worked_explanation,0,0,net_force,correct_partial,frustrated,0,glm-5.3,newtons_second_law,training,main,canonical
a8f038a1d0bbdfa5dd22,worked_explanation,1,1,universal_counterexample,correct_partial,frustrated,1,glm-5.3,counterexample,training,main,canonical
a90a277510d79e226be5,worked_explanation,1,1,discount_price,correct_partial,frustrated,0,MiniMax-M2.7,discount_price,training,main,canonical
a955951ca2f7d9bf603f,worked_explanation,1,1,fact_opinion,wrong_attempt,calm,1,MiniMax-M2.7,fact_opinion,training,main,canonical
a95df7f6c244a82f6aa8,worked_explanation,1,1,classifier_precision,wrong_attempt,calm,1,MiniMax-M3,classification_metrics,training,main,canonical
a9c81d17acac28677858,worked_explanation,1,0,net_force,wrong_attempt,calm,1,MiniMax-M3,newtons_second_law,training,main,canonical
a9d8d64d924147f1cba7,worked_explanation,1,1,expected_points,wrong_attempt,frustrated,1,MiniMax-M2.7,expected_value,training,main,canonical
aa27e041e0bf5dfde613,worked_explanation,0,0,arithmetic_mean,correct_partial,frustrated,1,MiniMax-M3,averaging,training,main,canonical
aa9ba67e19765371e0a5,worked_explanation,1,1,classifier_precision,wrong_attempt,calm,1,glm-5.3,classification_metrics,training,main,canonical
ab5a897190ee04479cf9,worked_explanation,1,1,speed_units,wrong_attempt,frustrated,1,deepseek-v4-pro,unit_conversion,training,main,canonical
ab6727155fc08e5a85d9,worked_explanation,1,1,food_chain,wrong_attempt,calm,0,MiniMax-M3,food_web_relations,training,main,canonical
abd9a225697be8f4ce89,worked_explanation,0,1,ratio_partition,correct_partial,calm,1,glm-5.3,ratio_partition,training,main,canonical
abef2aca66b0aa64046e,worked_explanation,1,1,set_entailment,correct_partial,frustrated,0,MiniMax-M3,set_entailment,training,main,canonical
ad1900c36060ebd6ed3b,worked_explanation,1,1,circuit_current,correct_partial,frustrated,1,deepseek-v4-pro,ohms_law,training,main,canonical
ad255b0c78b366a5e786,worked_explanation,1,1,expected_points,wrong_attempt,calm,0,glm-5.3,expected_value,training,main,canonical
ad8fcbdc8d29968b07f5,worked_explanation,1,1,simple_inheritance,correct_partial,calm,1,glm-5.3,mendelian_inheritance,training,main,canonical
adea3e3b7fd6f958fc35,worked_explanation,1,1,past_tense,wrong_attempt,frustrated,0,deepseek-v4-pro,tense_consistency,training,main,canonical
ae0bf49052d0ad419866,worked_explanation,1,1,circuit_current,wrong_attempt,frustrated,1,doubao-seed-2.0-lite,ohms_law,training,main,canonical
ae1e11eec6c967f723e4,worked_explanation,1,1,net_force,wrong_attempt,calm,1,glm-5.3,newtons_second_law,training,main,canonical
ae4e986a983c433e9767,worked_explanation,1,1,conservation_of_mass,correct_partial,calm,0,doubao-seed-2.0-lite,conservation_of_mass,training,main,canonical
af1407b40a7a340d8d48,worked_explanation,1,1,single_draw_probability,correct_partial,frustrated,0,doubao-seed-2.0-lite,single_draw_probability,training,main,canonical
af9f740db96deda3bfd5,worked_explanation,1,1,subject_verb_agreement,correct_partial,frustrated,1,MiniMax-M3,subject_verb_agreement,training,main,canonical
afe17a03045b1a2a5817,worked_explanation,1,1,conjunctive_rule,correct_partial,frustrated,1,MiniMax-M3,conjunctive_rule,training,main,canonical
b06f4abd015352ea27e8,worked_explanation,1,1,set_entailment,correct_partial,frustrated,1,MiniMax-M3,set_entailment,training,main,canonical
b139f125d6cda2137d5d,worked_explanation,1,1,food_chain,correct_partial,frustrated,0,glm-5.3,food_web_relations,training,main,canonical
b1570494901aab91cfea,worked_explanation,1,0,pronoun_reference,correct_partial,frustrated,0,glm-5.3,pronoun_reference,training,main,canonical
b19387f6046f50b8416e,worked_explanation,1,1,universal_counterexample,wrong_attempt,frustrated,0,deepseek-v4-pro,counterexample,training,main,canonical
b1efbad17a4479b15a6e,worked_explanation,1,0,ratio_partition,wrong_attempt,frustrated,0,glm-5.3,ratio_partition,training,main,canonical
b21878b5ce998abc2a3d,worked_explanation,1,1,food_chain,wrong_attempt,frustrated,1,deepseek-v4-pro,food_web_relations,training,main,canonical
b2c8d136736ee2fd8d6d,worked_explanation,1,1,wave_speed,correct_partial,calm,1,deepseek-v4-pro,wave_speed,training,main,canonical
b2d8130468571660af80,worked_explanation,1,1,conditional_inference,wrong_attempt,calm,1,MiniMax-M2.7,conditional_inference,training,main,canonical
b334be3c98136da26a2c,worked_explanation,1,1,simple_inheritance,wrong_attempt,frustrated,0,doubao-seed-2.0-lite,mendelian_inheritance,training,main,canonical
b35f75da1b9025cdb26f,worked_explanation,1,1,conditional_inference,wrong_attempt,frustrated,0,MiniMax-M3,conditional_inference,training,main,canonical
b3b4ed84a7f213af03c6,worked_explanation,1,1,arithmetic_mean,wrong_attempt,frustrated,0,glm-5.3,averaging,training,main,canonical
b3ba23259effddccdf4c,worked_explanation,1,1,arithmetic_mean,wrong_attempt,frustrated,0,MiniMax-M2.7,averaging,training,main,canonical
b40f74436fb3289a1bb3,worked_explanation,1,1,conservation_of_mass,wrong_attempt,frustrated,1,MiniMax-M2.7,conservation_of_mass,training,main,canonical
b460238f49be6bba0169,worked_explanation,1,1,universal_counterexample,correct_partial,frustrated,0,MiniMax-M2.7,counterexample,training,main,canonical
b5621d8d2062ad7c4afc,worked_explanation,1,1,comma_splice,correct_partial,calm,0,deepseek-v4-pro,clause_punctuation,training,main,canonical
b5bc903bf3a6ea939f2c,worked_explanation,1,1,subject_verb_agreement,correct_partial,frustrated,0,deepseek-v4-pro,subject_verb_agreement,training,main,canonical
b610d7dda7e287c52c59,worked_explanation,1,1,weighted_mean,correct_partial,calm,0,MiniMax-M3,averaging,training,main,canonical
b6643799ce77e0008754,worked_explanation,1,1,comma_splice,correct_partial,frustrated,1,MiniMax-M3,clause_punctuation,training,main,canonical
b674dabc32aa69eccf71,worked_explanation,1,1,past_tense,wrong_attempt,calm,1,doubao-seed-2.0-lite,tense_consistency,training,main,canonical
b68b040f48f189151cc8,worked_explanation,1,1,experimental_variable,correct_partial,calm,0,doubao-seed-2.0-lite,experimental_design,training,main,canonical
b7103e06ebaf69067696,worked_explanation,1,1,ordering_constraints,correct_partial,calm,0,glm-5.3,ordering_constraints,training,main,canonical
b7cc11099d76ca322a5e,worked_explanation,1,1,map_scale,correct_partial,frustrated,0,MiniMax-M2.7,unit_conversion,training,main,canonical
b7d289b3afef84bc2a2a,worked_explanation,1,0,map_scale,wrong_attempt,calm,0,MiniMax-M3,unit_conversion,training,main,canonical
b7eca1c0a77119d1a931,worked_explanation,1,1,arithmetic_sequence,correct_partial,calm,1,MiniMax-M3,arithmetic_sequence,training,main,canonical
b7fc247ba767f7f001bf,worked_explanation,1,0,pronoun_reference,correct_partial,calm,0,glm-5.3,pronoun_reference,training,main,canonical
b81756ce938545885c04,worked_explanation,1,0,main_idea,correct_partial,calm,0,glm-5.3,main_idea,training,main,canonical
b84087d5e796afe12a72,worked_explanation,1,1,past_tense,wrong_attempt,calm,0,deepseek-v4-pro,tense_consistency,training,main,canonical
b87a3690a622f1ed195a,worked_explanation,1,1,wave_speed,wrong_attempt,calm,1,MiniMax-M3,wave_speed,training,main,canonical
b882edef7870832f7fba,worked_explanation,1,0,simple_inheritance,wrong_attempt,frustrated,1,MiniMax-M3,mendelian_inheritance,training,main,canonical
b8fb4f71fd9f3a866975,worked_explanation,1,1,universal_counterexample,correct_partial,frustrated,0,deepseek-v4-pro,counterexample,training,main,canonical
b922388394cb1a1515ef,worked_explanation,1,1,single_draw_probability,wrong_attempt,calm,1,MiniMax-M2.7,single_draw_probability,training,main,canonical
b9324e3848fa13acc3be,worked_explanation,1,1,ratio_partition,correct_partial,calm,0,doubao-seed-2.0-lite,ratio_partition,training,main,canonical
b940c4633c3d44f97762,worked_explanation,1,1,experimental_variable,wrong_attempt,frustrated,0,glm-5.3,experimental_design,training,main,canonical
b98773554738753e4d2f,worked_explanation,1,1,expected_points,correct_partial,frustrated,1,MiniMax-M3,expected_value,training,main,canonical
b9e9e99ed094c670100d,worked_explanation,1,0,modifier_attachment,correct_partial,calm,1,glm-5.3,modifier_attachment,training,main,canonical
baef32235e0cf396260b,worked_explanation,1,1,arithmetic_mean,correct_partial,calm,1,doubao-seed-2.0-lite,averaging,training,main,canonical
bb69c2d07b8cebbb05f1,worked_explanation,1,1,map_scale,correct_partial,calm,0,deepseek-v4-pro,unit_conversion,training,main,canonical
bb9bababab6bf379bfc5,worked_explanation,1,1,rectangle_width,correct_partial,frustrated,0,MiniMax-M3,rectangle_perimeter,training,main,canonical
bc7c4c810055715fac8e,worked_explanation,0,1,discount_price,correct_partial,frustrated,0,glm-5.3,discount_price,training,main,canonical
bca712adb133a6812c57,worked_explanation,1,0,single_draw_probability,correct_partial,frustrated,0,MiniMax-M2.7,single_draw_probability,training,main,canonical
bd69d4e2bd3fa4c05dc2,worked_explanation,1,1,conservation_of_mass,wrong_attempt,frustrated,1,glm-5.3,conservation_of_mass,training,main,canonical
bd716b901f6b49a9a284,worked_explanation,1,1,universal_counterexample,wrong_attempt,calm,1,MiniMax-M3,counterexample,training,main,canonical
bd9065ddf025d6274f14,worked_explanation,1,1,universal_counterexample,correct_partial,frustrated,0,doubao-seed-2.0-lite,counterexample,training,main,canonical
bd94ad07379e3fa0d16a,worked_explanation,1,1,comma_splice,correct_partial,calm,1,MiniMax-M3,clause_punctuation,training,main,canonical
bd99d931bcdc5a5d0b46,worked_explanation,1,1,set_entailment,correct_partial,frustrated,0,deepseek-v4-pro,set_entailment,training,main,canonical
be39d90a87cbf51a1383,worked_explanation,1,1,comma_splice,wrong_attempt,frustrated,1,glm-5.3,clause_punctuation,training,main,canonical
be40f8ec54c9718b6a9a,worked_explanation,1,1,thermal_energy,correct_partial,frustrated,0,doubao-seed-2.0-lite,specific_heat,training,main,canonical
be507a261963b9c0de4c,worked_explanation,0,0,thermal_energy,wrong_attempt,frustrated,1,glm-5.3,specific_heat,training,main,canonical
bed7b8e225490bfa6d85,worked_explanation,1,1,subject_verb_agreement,wrong_attempt,calm,0,doubao-seed-2.0-lite,subject_verb_agreement,training,main,canonical
bf23e60b874c7dfe8f1c,worked_explanation,1,0,single_draw_probability,wrong_attempt,calm,0,MiniMax-M3,single_draw_probability,training,main,canonical
bfa0001a24713f3cc44b,worked_explanation,0,1,thermal_energy,correct_partial,calm,1,glm-5.3,specific_heat,training,main,canonical
bfb176e6e92922ac476c,worked_explanation,1,1,subject_verb_agreement,correct_partial,frustrated,1,doubao-seed-2.0-lite,subject_verb_agreement,training,main,canonical
c058c3f209d5abb58eff,worked_explanation,1,1,ordering_constraints,wrong_attempt,frustrated,1,MiniMax-M3,ordering_constraints,training,main,canonical
c088d011a3cecd1dd6e4,worked_explanation,1,1,universal_counterexample,correct_partial,calm,1,deepseek-v4-pro,counterexample,training,main,canonical
c0c7522da516b4c4b2bb,worked_explanation,1,1,speed_units,correct_partial,calm,1,MiniMax-M2.7,unit_conversion,training,main,canonical
c11be4619fcfe9268a6e,worked_explanation,1,1,conjunctive_rule,wrong_attempt,frustrated,0,glm-5.3,conjunctive_rule,training,main,canonical
c11cfbba84fc332cdfdc,worked_explanation,1,1,ordering_constraints,correct_partial,calm,0,MiniMax-M3,ordering_constraints,training,main,canonical
c12001592007e5f4c9b2,worked_explanation,1,1,conjunctive_rule,correct_partial,calm,1,MiniMax-M3,conjunctive_rule,training,main,canonical
c17f6af6eb3d7101c4dd,worked_explanation,1,1,single_draw_probability,wrong_attempt,frustrated,1,doubao-seed-2.0-lite,single_draw_probability,training,main,canonical
c1d736395049cc430215,worked_explanation,1,1,main_idea,correct_partial,frustrated,1,MiniMax-M2.7,main_idea,training,main,canonical
c1eff27e288e468a9b30,worked_explanation,1,1,simple_inheritance,correct_partial,calm,0,deepseek-v4-pro,mendelian_inheritance,training,main,canonical
c2146ed24ef95ed46bfd,worked_explanation,1,1,single_draw_probability,correct_partial,frustrated,0,glm-5.3,single_draw_probability,training,main,canonical
c25fb5daa505f8e92921,worked_explanation,1,1,map_scale,correct_partial,frustrated,1,doubao-seed-2.0-lite,unit_conversion,training,main,canonical
c3930f2cfdcbe75d4414,worked_explanation,0,0,simple_inheritance,correct_partial,frustrated,0,glm-5.3,mendelian_inheritance,training,main,canonical
c3f035e717a50ae3f4e1,worked_explanation,1,1,conservation_of_mass,correct_partial,frustrated,1,doubao-seed-2.0-lite,conservation_of_mass,training,main,canonical
c48b441ef8b67c5bc02e,worked_explanation,1,1,conjunctive_rule,wrong_attempt,frustrated,1,MiniMax-M2.7,conjunctive_rule,training,main,canonical
c53030845c9aac1d5e07,worked_explanation,1,1,arithmetic_sequence,correct_partial,calm,0,MiniMax-M3,arithmetic_sequence,training,main,canonical
c58321e5f1ab6ee0653b,worked_explanation,1,1,universal_counterexample,wrong_attempt,frustrated,1,MiniMax-M3,counterexample,training,main,canonical
c598cf68408b8d141f22,worked_explanation,1,1,relevant_support,wrong_attempt,calm,0,MiniMax-M3,argument_relevance,training,main,canonical
c5dd1c8a4049997dc451,worked_explanation,1,1,arithmetic_mean,wrong_attempt,frustrated,1,MiniMax-M3,averaging,training,main,canonical
c61e6de6879320a1a170,worked_explanation,1,0,map_scale,correct_partial,calm,0,glm-5.3,unit_conversion,training,main,canonical
c639b415d07fefd2c127,worked_explanation,1,1,expected_points,correct_partial,calm,1,MiniMax-M3,expected_value,training,main,canonical
c6bba14ad4161b320d24,worked_explanation,1,0,arithmetic_mean,correct_partial,frustrated,1,glm-5.3,averaging,training,main,canonical
c6ce0e009c7fea9981eb,worked_explanation,1,1,circuit_current,wrong_attempt,calm,0,deepseek-v4-pro,ohms_law,training,main,canonical
c6e775697b903ad60da2,worked_explanation,1,1,conjunctive_rule,wrong_attempt,calm,1,deepseek-v4-pro,conjunctive_rule,training,main,canonical
c8745fe5506cf8dba278,worked_explanation,1,1,expected_points,correct_partial,frustrated,1,doubao-seed-2.0-lite,expected_value,training,main,canonical
c88f9999853f92195e01,worked_explanation,0,1,main_idea,wrong_attempt,calm,0,glm-5.3,main_idea,training,main,canonical
c8a2a0a3b9c8ee6885cc,worked_explanation,1,1,food_chain,wrong_attempt,frustrated,0,doubao-seed-2.0-lite,food_web_relations,training,main,canonical
c92f1c9307cb1cd88d4b,worked_explanation,1,1,weighted_mean,wrong_attempt,calm,0,MiniMax-M2.7,averaging,training,main,canonical
c93234a1b138f73d2011,worked_explanation,1,1,classifier_precision,correct_partial,calm,0,deepseek-v4-pro,classification_metrics,training,main,canonical
c99e3ff351f30b45c4c0,worked_explanation,1,1,speed_units,correct_partial,frustrated,0,MiniMax-M2.7,unit_conversion,training,main,canonical
cb365e9717f84da0057c,worked_explanation,1,1,main_idea,correct_partial,calm,0,deepseek-v4-pro,main_idea,training,main,canonical
cb73ac663672f32fe4fc,worked_explanation,1,1,food_chain,correct_partial,frustrated,1,doubao-seed-2.0-lite,food_web_relations,training,main,canonical
cb93b7e1f9063ec40e6b,worked_explanation,1,1,net_force,correct_partial,calm,1,MiniMax-M3,newtons_second_law,training,main,canonical
cbbb793cf58216920616,worked_explanation,1,1,fact_opinion,wrong_attempt,calm,1,deepseek-v4-pro,fact_opinion,training,main,canonical
cbfaaaa80ba21c460131,worked_explanation,1,1,weighted_mean,wrong_attempt,frustrated,0,deepseek-v4-pro,averaging,training,main,canonical
cbff042db64a376a8c4d,worked_explanation,1,1,rectangle_width,wrong_attempt,frustrated,0,doubao-seed-2.0-lite,rectangle_perimeter,training,main,canonical
cc2e24e004ea2c29678f,worked_explanation,1,1,expected_points,correct_partial,frustrated,1,MiniMax-M2.7,expected_value,training,main,canonical
cc78051f8cd68f4b91a9,worked_explanation,1,1,conjunctive_rule,correct_partial,frustrated,1,doubao-seed-2.0-lite,conjunctive_rule,training,main,canonical
cc8bd8932e28b8497fe1,worked_explanation,1,1,set_entailment,correct_partial,calm,1,MiniMax-M2.7,set_entailment,training,main,canonical
cca81343568469f09b65,worked_explanation,1,1,circuit_current,wrong_attempt,calm,0,MiniMax-M3,ohms_law,training,main,canonical
ccb440d97614daa955ef,worked_explanation,1,1,thermal_energy,correct_partial,frustrated,1,glm-5.3,specific_heat,training,main,canonical
cce1d64581816af54c86,worked_explanation,1,1,ratio_partition,wrong_attempt,calm,0,MiniMax-M2.7,ratio_partition,training,main,canonical
cd029137cd8e4b51fd1e,worked_explanation,1,1,modifier_attachment,wrong_attempt,frustrated,1,doubao-seed-2.0-lite,modifier_attachment,training,main,canonical
cd258d7042ad47ac9262,worked_explanation,1,1,ordering_constraints,wrong_attempt,frustrated,0,doubao-seed-2.0-lite,ordering_constraints,training,main,canonical
ce18e314b9f7248df70d,worked_explanation,1,1,modifier_attachment,wrong_attempt,calm,0,doubao-seed-2.0-lite,modifier_attachment,training,main,canonical
ce4f08069201206823c9,worked_explanation,1,1,single_draw_probability,correct_partial,calm,0,doubao-seed-2.0-lite,single_draw_probability,training,main,canonical
ce64e23ceb0fc502be6e,worked_explanation,1,1,rectangle_width,wrong_attempt,calm,1,deepseek-v4-pro,rectangle_perimeter,training,main,canonical
ce6b8d184354f4ab5b3a,worked_explanation,1,1,conjunctive_rule,wrong_attempt,calm,0,MiniMax-M3,conjunctive_rule,training,main,canonical
ce6e40215e46db08f901,worked_explanation,1,1,arithmetic_mean,wrong_attempt,calm,0,glm-5.3,averaging,training,main,canonical
cf128839820a0bfda880,worked_explanation,1,1,rectangle_width,wrong_attempt,calm,1,MiniMax-M2.7,rectangle_perimeter,training,main,canonical
cfbb32ef3d76b7e52bca,worked_explanation,1,1,food_chain,correct_partial,frustrated,0,MiniMax-M2.7,food_web_relations,training,main,canonical
cfd9263ca7ff2694f597,worked_explanation,1,1,past_tense,correct_partial,calm,1,glm-5.3,tense_consistency,training,main,canonical
cfd946cf865ca1c35950,worked_explanation,1,1,arithmetic_mean,wrong_attempt,frustrated,0,deepseek-v4-pro,averaging,training,main,canonical
d05bca6113e6f9a72351,worked_explanation,1,1,ratio_partition,wrong_attempt,calm,0,MiniMax-M3,ratio_partition,training,main,canonical
d0843b184dbf9ec5ddad,worked_explanation,1,1,expected_points,wrong_attempt,calm,0,MiniMax-M3,expected_value,training,main,canonical
d097f18e55128b4198f0,worked_explanation,1,0,pronoun_reference,correct_partial,frustrated,1,MiniMax-M3,pronoun_reference,training,main,canonical
d0e740d58f257c089eed,worked_explanation,1,1,map_scale,correct_partial,calm,1,doubao-seed-2.0-lite,unit_conversion,training,main,canonical
d169eee50144f66184ca,worked_explanation,1,1,modifier_attachment,wrong_attempt,frustrated,0,MiniMax-M2.7,modifier_attachment,training,main,canonical
d29b7f3778ed44881de5,worked_explanation,1,1,modifier_attachment,wrong_attempt,calm,1,deepseek-v4-pro,modifier_attachment,training,main,canonical
d30241da7761d36cd1ac,worked_explanation,1,1,ratio_partition,correct_partial,frustrated,0,MiniMax-M2.7,ratio_partition,training,main,canonical
d316e0fb6a11639f24bb,worked_explanation,1,1,subject_verb_agreement,correct_partial,calm,0,deepseek-v4-pro,subject_verb_agreement,training,main,canonical
d322f9774e7944ff62f7,worked_explanation,1,1,past_tense,correct_partial,frustrated,0,MiniMax-M3,tense_consistency,training,main,canonical
d341c28625af8ce4cb9f,worked_explanation,1,1,modifier_attachment,correct_partial,calm,1,deepseek-v4-pro,modifier_attachment,training,main,canonical
d3e7b6fe735e195f2671,worked_explanation,1,1,single_draw_probability,wrong_attempt,frustrated,0,MiniMax-M3,single_draw_probability,training,main,canonical
d406278524565b57323d,worked_explanation,1,1,classifier_precision,correct_partial,calm,0,glm-5.3,classification_metrics,training,main,canonical
d41fd5bd1e767f4bb3cc,worked_explanation,1,1,conjunctive_rule,wrong_attempt,frustrated,0,MiniMax-M2.7,conjunctive_rule,training,main,canonical
d482222688cde02f0d1c,worked_explanation,1,1,ordering_constraints,correct_partial,calm,1,doubao-seed-2.0-lite,ordering_constraints,training,main,canonical
d4d11c630f52629c8584,worked_explanation,0,0,circuit_current,correct_partial,frustrated,0,MiniMax-M2.7,ohms_law,training,main,canonical
d50369dbe3066134132f,worked_explanation,1,0,discount_price,wrong_attempt,calm,1,glm-5.3,discount_price,training,main,canonical
d534b3cf2d6f682a3ab3,worked_explanation,1,1,wave_speed,wrong_attempt,frustrated,0,doubao-seed-2.0-lite,wave_speed,training,main,canonical
d5a81cfed7d5ae597543,worked_explanation,1,1,fact_opinion,wrong_attempt,calm,1,glm-5.3,fact_opinion,training,main,canonical
d5fef8fdb288b08e01ca,worked_explanation,1,1,fact_opinion,correct_partial,calm,0,MiniMax-M2.7,fact_opinion,training,main,canonical
d6094c52111b53bf2cd5,worked_explanation,1,1,rectangle_width,correct_partial,frustrated,1,deepseek-v4-pro,rectangle_perimeter,training,main,canonical
d610560553dcbeb5a6b8,worked_explanation,1,1,modifier_attachment,correct_partial,calm,0,glm-5.3,modifier_attachment,training,main,canonical
d6341159d5c7eedea555,worked_explanation,1,1,main_idea,correct_partial,calm,1,deepseek-v4-pro,main_idea,training,main,canonical
d6570a92106f1020abd4,worked_explanation,1,1,comma_splice,correct_partial,frustrated,1,glm-5.3,clause_punctuation,training,main,canonical
d7d356f9176b5be6e59e,worked_explanation,1,0,net_force,correct_partial,calm,0,MiniMax-M2.7,newtons_second_law,training,main,canonical
d840d73e336f3b5043ae,worked_explanation,1,1,pronoun_reference,correct_partial,calm,0,doubao-seed-2.0-lite,pronoun_reference,training,main,canonical
d8556904a288fb813aac,worked_explanation,1,1,circuit_current,wrong_attempt,calm,1,MiniMax-M3,ohms_law,training,main,canonical
d9954eae2d470955f4c9,worked_explanation,1,1,net_force,wrong_attempt,calm,1,MiniMax-M2.7,newtons_second_law,training,main,canonical
d99828e1911c101b8361,worked_explanation,1,1,single_draw_probability,wrong_attempt,frustrated,1,MiniMax-M2.7,single_draw_probability,training,main,canonical
d9da7c6c82edb7923675,worked_explanation,0,1,discount_price,correct_partial,calm,1,MiniMax-M3,discount_price,training,main,canonical
d9e22462c63348a9c7a3,worked_explanation,0,0,arithmetic_mean,correct_partial,calm,0,MiniMax-M3,averaging,training,main,canonical
da5a5a59d47712d0b492,worked_explanation,1,1,thermal_energy,wrong_attempt,calm,0,doubao-seed-2.0-lite,specific_heat,training,main,canonical
daa76bd7a5cbc27f2794,worked_explanation,1,1,conditional_inference,correct_partial,calm,1,glm-5.3,conditional_inference,training,main,canonical
db07bec9e55d6d79fc4c,worked_explanation,1,1,conditional_inference,correct_partial,calm,1,doubao-seed-2.0-lite,conditional_inference,training,main,canonical
db72d221964d0a297007,worked_explanation,1,1,arithmetic_mean,wrong_attempt,frustrated,1,deepseek-v4-pro,averaging,training,main,canonical
db84095e6f1f21356f46,worked_explanation,1,1,food_chain,wrong_attempt,frustrated,1,doubao-seed-2.0-lite,food_web_relations,training,main,canonical
dbab2a9abcd26db63951,worked_explanation,1,1,wave_speed,correct_partial,frustrated,1,MiniMax-M3,wave_speed,training,main,canonical
dc4ff42e9c1c2eb5e6f5,worked_explanation,1,1,relevant_support,correct_partial,frustrated,1,MiniMax-M2.7,argument_relevance,training,main,canonical
dca6d034b572e3871156,worked_explanation,1,1,classifier_precision,correct_partial,frustrated,0,glm-5.3,classification_metrics,training,main,canonical
dcdbf700bf9efb71ed5f,worked_explanation,0,1,wave_speed,correct_partial,calm,0,MiniMax-M2.7,wave_speed,training,main,canonical
dd034b245dadb361adef,worked_explanation,1,1,modifier_attachment,wrong_attempt,calm,1,MiniMax-M2.7,modifier_attachment,training,main,canonical
dd37fa1a9a831489f990,worked_explanation,1,1,rectangle_width,wrong_attempt,calm,1,doubao-seed-2.0-lite,rectangle_perimeter,training,main,canonical
dd47eac4690602215501,worked_explanation,1,1,wave_speed,wrong_attempt,calm,1,deepseek-v4-pro,wave_speed,training,main,canonical
de1270cdaf419b4fca0f,worked_explanation,1,1,comma_splice,correct_partial,frustrated,1,deepseek-v4-pro,clause_punctuation,training,main,canonical
de8d731dd03d977c02d7,worked_explanation,1,0,map_scale,wrong_attempt,frustrated,1,glm-5.3,unit_conversion,training,main,canonical
ded029329542c7ea6458,worked_explanation,0,1,circuit_current,correct_partial,calm,1,glm-5.3,ohms_law,training,main,canonical
dee1403f500bf51ce74a,worked_explanation,1,1,ordering_constraints,wrong_attempt,frustrated,1,deepseek-v4-pro,ordering_constraints,training,main,canonical
df312c2375543d257e70,worked_explanation,1,1,rectangle_width,correct_partial,calm,1,glm-5.3,rectangle_perimeter,training,main,canonical
df32f8287c78053e6024,worked_explanation,1,1,weighted_mean,correct_partial,calm,1,glm-5.3,averaging,training,main,canonical
df69d0d7330e0d7cf193,worked_explanation,1,1,conjunctive_rule,wrong_attempt,frustrated,0,MiniMax-M3,conjunctive_rule,training,main,canonical
dfcf35aaf28cc2bfc571,worked_explanation,1,1,main_idea,wrong_attempt,calm,1,MiniMax-M3,main_idea,training,main,canonical
e04a8ae9c9c259d89612,worked_explanation,1,1,simple_inheritance,wrong_attempt,calm,1,deepseek-v4-pro,mendelian_inheritance,training,main,canonical
e0889b66986dba64338a,worked_explanation,1,1,conditional_inference,correct_partial,frustrated,1,MiniMax-M3,conditional_inference,training,main,canonical
e13851009b3e36a1ad6e,worked_explanation,0,1,conservation_of_mass,correct_partial,frustrated,0,MiniMax-M3,conservation_of_mass,training,main,canonical
e1736714c6cc4bf302a5,worked_explanation,0,1,arithmetic_sequence,correct_partial,calm,0,glm-5.3,arithmetic_sequence,training,main,canonical
e1e46d9ba3ca8e64e940,worked_explanation,1,1,discount_price,wrong_attempt,frustrated,1,doubao-seed-2.0-lite,discount_price,training,main,canonical
e1f8a1c67788c0d4342b,worked_explanation,1,1,subject_verb_agreement,correct_partial,calm,0,doubao-seed-2.0-lite,subject_verb_agreement,training,main,canonical
e23675a0a91f308ad877,worked_explanation,1,1,subject_verb_agreement,wrong_attempt,calm,1,glm-5.3,subject_verb_agreement,training,main,canonical
e353947d07ed47878f26,worked_explanation,1,0,single_draw_probability,correct_partial,calm,1,deepseek-v4-pro,single_draw_probability,training,main,canonical
e35e3169e36dbf345362,worked_explanation,1,1,single_draw_probability,wrong_attempt,calm,0,deepseek-v4-pro,single_draw_probability,training,main,canonical
e3a12fa5856c65489e35,worked_explanation,0,1,wave_speed,correct_partial,calm,1,MiniMax-M3,wave_speed,training,main,canonical
e3c58e79f8fd5699c464,worked_explanation,1,1,comma_splice,wrong_attempt,frustrated,0,MiniMax-M3,clause_punctuation,training,main,canonical
e3d694b0b36da6b796f8,worked_explanation,1,1,map_scale,wrong_attempt,calm,0,glm-5.3,unit_conversion,training,main,canonical
e4a00c3d09bd8b4cf24d,worked_explanation,1,1,net_force,wrong_attempt,calm,1,doubao-seed-2.0-lite,newtons_second_law,training,main,canonical
e5baf276139309a474a3,worked_explanation,1,1,subject_verb_agreement,correct_partial,calm,1,MiniMax-M2.7,subject_verb_agreement,training,main,canonical
e617a33fda64ec55ea93,worked_explanation,1,1,net_force,correct_partial,frustrated,1,doubao-seed-2.0-lite,newtons_second_law,training,main,canonical
e6389d6fb2eaf82c64f5,worked_explanation,0,1,ratio_partition,wrong_attempt,frustrated,0,MiniMax-M3,ratio_partition,training,main,canonical
e6d8819d5acafcd49558,worked_explanation,1,0,single_draw_probability,correct_partial,calm,0,MiniMax-M2.7,single_draw_probability,training,main,canonical
e7b580da18d4d3f5d8a7,worked_explanation,1,1,food_chain,wrong_attempt,frustrated,0,MiniMax-M3,food_web_relations,training,main,canonical
e86a7fce225aca18aa9d,worked_explanation,1,1,classifier_precision,wrong_attempt,frustrated,1,glm-5.3,classification_metrics,training,main,canonical
e8b435c2796046cdc184,worked_explanation,1,1,map_scale,wrong_attempt,calm,1,glm-5.3,unit_conversion,training,main,canonical
e8fec848cc8c31c1ecf9,worked_explanation,1,0,map_scale,correct_partial,calm,1,deepseek-v4-pro,unit_conversion,training,main,canonical
e93e520dc4546c4eb979,worked_explanation,1,1,map_scale,wrong_attempt,calm,1,MiniMax-M2.7,unit_conversion,training,main,canonical
e95711052c377184cced,worked_explanation,1,0,arithmetic_sequence,wrong_attempt,frustrated,0,glm-5.3,arithmetic_sequence,training,main,canonical
eac6f59ef75367047b5c,worked_explanation,1,1,rectangle_width,correct_partial,calm,0,doubao-seed-2.0-lite,rectangle_perimeter,training,main,canonical
eb8c4e7085b64d6eae56,worked_explanation,1,1,net_force,wrong_attempt,frustrated,1,doubao-seed-2.0-lite,newtons_second_law,training,main,canonical
ebff70b312c2123438be,worked_explanation,1,1,classifier_precision,wrong_attempt,frustrated,0,doubao-seed-2.0-lite,classification_metrics,training,main,canonical
ec0d78951ec084a3ba1e,worked_explanation,1,1,wave_speed,wrong_attempt,frustrated,1,deepseek-v4-pro,wave_speed,training,main,canonical
ec275127177eb9aeb679,worked_explanation,1,1,conjunctive_rule,wrong_attempt,calm,1,MiniMax-M3,conjunctive_rule,training,main,canonical
ecafb7a14307d6b8a5ef,worked_explanation,1,1,rectangle_width,wrong_attempt,calm,1,MiniMax-M3,rectangle_perimeter,training,main,canonical
ed06ad2fbc6dc847bdc1,worked_explanation,1,1,pronoun_reference,wrong_attempt,calm,1,glm-5.3,pronoun_reference,training,main,canonical
ed1544a23a6bd4c2c395,worked_explanation,1,1,experimental_variable,wrong_attempt,calm,0,glm-5.3,experimental_design,training,main,canonical
ee92173acd7c6aa498e8,worked_explanation,1,1,classifier_precision,correct_partial,frustrated,0,deepseek-v4-pro,classification_metrics,training,main,canonical
ee94799f516785354273,worked_explanation,1,1,ratio_partition,correct_partial,frustrated,1,MiniMax-M2.7,ratio_partition,training,main,canonical
eed45f9f739605467b23,worked_explanation,1,1,experimental_variable,wrong_attempt,calm,0,MiniMax-M2.7,experimental_design,training,main,canonical
eef9db7aba3356404cd6,worked_explanation,1,1,past_tense,correct_partial,calm,0,MiniMax-M2.7,tense_consistency,training,main,canonical
ef0d34abde2242c5d82d,worked_explanation,1,1,ratio_partition,correct_partial,frustrated,0,MiniMax-M3,ratio_partition,training,main,canonical
ef4113ae737a4bc74633,worked_explanation,1,1,classifier_precision,correct_partial,frustrated,1,doubao-seed-2.0-lite,classification_metrics,training,main,canonical
ef874e9b45df6ea0bc46,worked_explanation,1,1,expected_points,wrong_attempt,frustrated,1,deepseek-v4-pro,expected_value,training,main,canonical
eff0cd403bbce59a01ab,worked_explanation,1,1,conservation_of_mass,correct_partial,calm,1,deepseek-v4-pro,conservation_of_mass,training,main,canonical
f08634455915f49d61e4,worked_explanation,1,1,subject_verb_agreement,wrong_attempt,frustrated,1,glm-5.3,subject_verb_agreement,training,main,canonical
f0fabdc99d1003de37d8,worked_explanation,1,1,single_draw_probability,wrong_attempt,frustrated,1,deepseek-v4-pro,single_draw_probability,training,main,canonical
f10b7b415cb8869aa79f,worked_explanation,1,1,speed_units,wrong_attempt,frustrated,0,MiniMax-M2.7,unit_conversion,training,main,canonical
f12707b1ba54b762ebf8,worked_explanation,1,1,relevant_support,correct_partial,calm,0,MiniMax-M3,argument_relevance,training,main,canonical
f16b932476f30ae7f9a1,worked_explanation,1,0,ordering_constraints,wrong_attempt,frustrated,0,glm-5.3,ordering_constraints,training,main,canonical
f35b251c20b70b15bf2e,worked_explanation,1,1,map_scale,correct_partial,calm,1,MiniMax-M3,unit_conversion,training,main,canonical
f395cb072dcc6576d177,worked_explanation,1,1,arithmetic_sequence,correct_partial,frustrated,1,MiniMax-M3,arithmetic_sequence,training,main,canonical
f3f083b2a2252df5380f,worked_explanation,1,1,conditional_inference,wrong_attempt,calm,0,MiniMax-M2.7,conditional_inference,training,main,canonical
f452c688eb489d5b37fe,worked_explanation,1,1,experimental_variable,wrong_attempt,calm,1,glm-5.3,experimental_design,training,main,canonical
f45f5b91cc29ab1555d3,worked_explanation,1,1,net_force,wrong_attempt,frustrated,0,MiniMax-M3,newtons_second_law,training,main,canonical
f49652a92ef9df74bafd,worked_explanation,1,1,fact_opinion,correct_partial,frustrated,1,deepseek-v4-pro,fact_opinion,training,main,canonical
f4f423ebb87ab431f3b0,worked_explanation,1,1,circuit_current,wrong_attempt,calm,0,glm-5.3,ohms_law,training,main,canonical
f4fe1b4154f821404577,worked_explanation,0,1,food_chain,correct_partial,calm,1,glm-5.3,food_web_relations,training,main,canonical
f56beda7ba8d26a87b1c,worked_explanation,0,1,single_draw_probability,correct_partial,calm,0,glm-5.3,single_draw_probability,training,main,canonical
f5ff36eda258519a09ab,worked_explanation,1,1,past_tense,correct_partial,frustrated,0,doubao-seed-2.0-lite,tense_consistency,training,main,canonical
f64a114ffd537c74892f,worked_explanation,1,0,thermal_energy,correct_partial,calm,0,MiniMax-M3,specific_heat,training,main,canonical
f6960bfb86e30c3dfcd3,worked_explanation,1,1,map_scale,correct_partial,frustrated,1,MiniMax-M3,unit_conversion,training,main,canonical
f7129f4fd089f6294896,worked_explanation,1,1,net_force,wrong_attempt,frustrated,1,MiniMax-M3,newtons_second_law,training,main,canonical
f78da3337f94527d00c8,worked_explanation,1,0,single_draw_probability,wrong_attempt,frustrated,1,glm-5.3,single_draw_probability,training,main,canonical
f7e1e3a1df374ca54b9d,worked_explanation,1,1,fact_opinion,wrong_attempt,calm,1,MiniMax-M3,fact_opinion,training,main,canonical
f83585ed0f9ca66ccf96,worked_explanation,1,1,set_entailment,wrong_attempt,frustrated,0,MiniMax-M2.7,set_entailment,training,main,canonical
f8a4d23253532b4cf0b3,worked_explanation,1,0,weighted_mean,correct_partial,calm,0,glm-5.3,averaging,training,main,canonical
fa43b9a3d963a24b3b9c,worked_explanation,1,1,net_force,correct_partial,calm,0,MiniMax-M3,newtons_second_law,training,main,canonical
fa82d75d2734afc9d62b,worked_explanation,1,1,universal_counterexample,wrong_attempt,calm,0,MiniMax-M2.7,counterexample,training,main,canonical
fa8fa35c9bdd203c408b,worked_explanation,1,1,expected_points,correct_partial,frustrated,0,MiniMax-M2.7,expected_value,training,main,canonical
fb04f9c85e714f3216ec,worked_explanation,1,1,modifier_attachment,correct_partial,frustrated,1,doubao-seed-2.0-lite,modifier_attachment,training,main,canonical
fb2a8aa9cfe6147210b6,worked_explanation,1,1,wave_speed,wrong_attempt,frustrated,1,MiniMax-M3,wave_speed,training,main,canonical
fb4d48eac71d4dd47c2b,worked_explanation,1,1,main_idea,correct_partial,frustrated,1,deepseek-v4-pro,main_idea,training,main,canonical
fc6491e797998df44d12,worked_explanation,1,1,main_idea,wrong_attempt,frustrated,1,MiniMax-M3,main_idea,training,main,canonical
fca922525c15542b6991,worked_explanation,1,1,pronoun_reference,wrong_attempt,calm,1,MiniMax-M2.7,pronoun_reference,training,main,canonical
fcaac42dd882bd35f2ef,worked_explanation,1,1,rectangle_width,correct_partial,calm,1,doubao-seed-2.0-lite,rectangle_perimeter,training,main,canonical
fcee00f294b0e39cca36,worked_explanation,1,1,thermal_energy,correct_partial,frustrated,0,MiniMax-M3,specific_heat,training,main,canonical
fd7ca19fc546b3ea76f7,worked_explanation,1,0,circuit_current,correct_partial,calm,0,MiniMax-M2.7,ohms_law,training,main,canonical
fdba5d7502e13c984752,worked_explanation,1,1,ordering_constraints,correct_partial,calm,1,MiniMax-M3,ordering_constraints,training,main,canonical
fdbaac48aaa0afa36947,worked_explanation,1,1,conditional_inference,wrong_attempt,calm,0,deepseek-v4-pro,conditional_inference,training,main,canonical
fdcc19b03621b7c97d8c,worked_explanation,1,1,pronoun_reference,correct_partial,calm,1,doubao-seed-2.0-lite,pronoun_reference,training,main,canonical
fde3c0cc418a56e19a8a,worked_explanation,1,1,classifier_precision,wrong_attempt,frustrated,0,deepseek-v4-pro,classification_metrics,training,main,canonical
fdebe755ba7abea9f726,worked_explanation,1,1,universal_counterexample,wrong_attempt,frustrated,0,doubao-seed-2.0-lite,counterexample,training,main,canonical
fdec12fc40e11db5db88,worked_explanation,0,1,arithmetic_sequence,correct_partial,calm,1,glm-5.3,arithmetic_sequence,training,main,canonical
fed2df0dcd985e3d8921,worked_explanation,1,1,arithmetic_sequence,correct_partial,frustrated,0,deepseek-v4-pro,arithmetic_sequence,training,main,canonical
ffcc4b370fe0b9e51afa,worked_explanation,1,1,set_entailment,wrong_attempt,frustrated,1,doubao-seed-2.0-lite,set_entailment,training,main,canonical
