context_id,target_act,target_binary_action,model,ask_executor_question_realized,explain_executor_no_question_realized,single_pass_binary_action,single_pass_target_match,single_pass_response_sha256,ask_executor_response_sha256,explain_executor_response_sha256,selector_ask_first_selected_action,selector_ask_first_valid,selector_ask_first_target_match,selector_ask_first_composed_action,selector_ask_first_composed_target_match,selector_ask_first_response_sha256,selector_ask_first_composed_response_sha256,selector_explain_first_selected_action,selector_explain_first_valid,selector_explain_first_target_match,selector_explain_first_composed_action,selector_explain_first_composed_target_match,selector_explain_first_response_sha256,selector_explain_first_composed_response_sha256
scaffolding-1085,telling,EXPLAIN,MiniMax-M3,1,1,EXPLAIN,1,9aa779cbe433d0e1a690c07117d373ddfb5ddf49af5ed100a71cfd6ed15b3819,de9fdf75716547b239f9e5b87b162129da9bcf91504c60cc065f1568ff31f0fb,2313df10e974598c603b06578dfa0119cf2cd62d9fe704c6cf8e0696ff84514b,ASK,1,0,ASK,0,6d6125cc4538aaec9dbef490ab1091a6cb4af5348f96a5cb0bfeeeda6edfebbe,de9fdf75716547b239f9e5b87b162129da9bcf91504c60cc065f1568ff31f0fb,EXPLAIN,1,1,EXPLAIN,1,a42f134d4d2368c38044ed4cc1c8c1f2bf2affd7d4c5bf490f6be947b06024e7,2313df10e974598c603b06578dfa0119cf2cd62d9fe704c6cf8e0696ff84514b
scaffolding-1085,telling,EXPLAIN,MiniMax-M2.7,1,1,ASK,0,3c423602be373c1e30813411509cf348078e7ea13787aa1a3e04fb3585e35cff,f914f302658ddbe9728b23cb653f03d12d5056d18d5821d1df1055b057a968ed,0c1de7cad4b7c7f772e0d5c71524c313d0df245658a701984516b42b16585981,ASK,1,0,ASK,0,6d6125cc4538aaec9dbef490ab1091a6cb4af5348f96a5cb0bfeeeda6edfebbe,f914f302658ddbe9728b23cb653f03d12d5056d18d5821d1df1055b057a968ed,EXPLAIN,1,1,EXPLAIN,1,a42f134d4d2368c38044ed4cc1c8c1f2bf2affd7d4c5bf490f6be947b06024e7,0c1de7cad4b7c7f772e0d5c71524c313d0df245658a701984516b42b16585981
scaffolding-1085,telling,EXPLAIN,glm-5.2,1,1,ASK,0,808deadd0b47da2e814f76a6866c430f93cef6bb6f5f3f4a1802ec6e6d482668,6e8307a4b5f70b2db905bdea4e415d857759a2eb4081811cd6c1b32507c8cb95,e1e79cc61b7f05f67276e7cac98d006d992af03178c8e583ef3f1ba49653ec29,ASK,1,0,ASK,0,6d6125cc4538aaec9dbef490ab1091a6cb4af5348f96a5cb0bfeeeda6edfebbe,6e8307a4b5f70b2db905bdea4e415d857759a2eb4081811cd6c1b32507c8cb95,ASK,1,0,ASK,0,6d6125cc4538aaec9dbef490ab1091a6cb4af5348f96a5cb0bfeeeda6edfebbe,6e8307a4b5f70b2db905bdea4e415d857759a2eb4081811cd6c1b32507c8cb95
scaffolding-1085,telling,EXPLAIN,deepseek-v4-pro,1,1,EXPLAIN,1,324d66b72258b41ae54b5f068b32278cddd42100d6ec438e4bfa554065938e4a,e7acc2adf05138c0b1dcbff13eac9f29c6b57ed7f3fb36093c925b6b3950bdee,3a4e3120146b730ff552d8ae5fb8e5ce3de812dd0ab4db4532869e304fde12a0,ASK,1,0,ASK,0,6d6125cc4538aaec9dbef490ab1091a6cb4af5348f96a5cb0bfeeeda6edfebbe,e7acc2adf05138c0b1dcbff13eac9f29c6b57ed7f3fb36093c925b6b3950bdee,ASK,1,0,ASK,0,6d6125cc4538aaec9dbef490ab1091a6cb4af5348f96a5cb0bfeeeda6edfebbe,e7acc2adf05138c0b1dcbff13eac9f29c6b57ed7f3fb36093c925b6b3950bdee
scaffolding-1085,telling,EXPLAIN,doubao-seed-2.0-lite,1,1,ASK,0,053bb0ad1724c58d61c5c53f2e5e306dfc25d9f7df15848dd5ca676b2d18519c,1be7e3ad9a40f923c7791dcd72e7e63aee8f79c4a91729e0ef4907cd1273dc0b,3c5905ede989b6198ad8c4bb7c91561cc8578b9420a580efcd8563cf90759a4a,ASK,1,0,ASK,0,6d6125cc4538aaec9dbef490ab1091a6cb4af5348f96a5cb0bfeeeda6edfebbe,1be7e3ad9a40f923c7791dcd72e7e63aee8f79c4a91729e0ef4907cd1273dc0b,ASK,1,0,ASK,0,6d6125cc4538aaec9dbef490ab1091a6cb4af5348f96a5cb0bfeeeda6edfebbe,1be7e3ad9a40f923c7791dcd72e7e63aee8f79c4a91729e0ef4907cd1273dc0b
scaffolding-11,telling,EXPLAIN,MiniMax-M3,1,1,EXPLAIN,1,76e7e91da0077cdb474694f7d8e2e1cb232d6f2d9453e27a6adaaa93ec14fbc3,d58cbc166d2441bfef42b056e3cd2efac909f11d7b567b8b5a2de6c6bd9f64ef,229050c08e0c5bf51f42174128f02f9a7c916ca228a9f7c6db6194c7be6eb7b6,EXPLAIN,1,1,EXPLAIN,1,a42f134d4d2368c38044ed4cc1c8c1f2bf2affd7d4c5bf490f6be947b06024e7,229050c08e0c5bf51f42174128f02f9a7c916ca228a9f7c6db6194c7be6eb7b6,ASK,1,0,ASK,0,6d6125cc4538aaec9dbef490ab1091a6cb4af5348f96a5cb0bfeeeda6edfebbe,d58cbc166d2441bfef42b056e3cd2efac909f11d7b567b8b5a2de6c6bd9f64ef
scaffolding-11,telling,EXPLAIN,MiniMax-M2.7,1,1,EXPLAIN,1,1f7a2bbc313e45e3504f9bc9cc5a2f248b28ac0fc32efcdcedca8d78beed7368,ea8b8a34ac908695365b68b5b99accb15fdef7b856e6304cffc1fd7e4a951cc8,51bdb15e75a3e52277e936d5e27de61bbba842a6c65a04d22cdf7e0fa5fbebba,ASK,1,0,ASK,0,6d6125cc4538aaec9dbef490ab1091a6cb4af5348f96a5cb0bfeeeda6edfebbe,ea8b8a34ac908695365b68b5b99accb15fdef7b856e6304cffc1fd7e4a951cc8,EXPLAIN,1,1,EXPLAIN,1,a42f134d4d2368c38044ed4cc1c8c1f2bf2affd7d4c5bf490f6be947b06024e7,51bdb15e75a3e52277e936d5e27de61bbba842a6c65a04d22cdf7e0fa5fbebba
scaffolding-11,telling,EXPLAIN,glm-5.2,1,1,ASK,0,ff69d639490c7da0bf75bdc8b8def80a15897810bb47052cc055b18dba213011,ca7651850d7d50d3062a189cf757b10d5b10d48d547a49841ab00ae8bb4f4307,97a535cdb28c87b59131cceaedf09d41fe656b73f05fc24c74b502b61dd02579,ASK,1,0,ASK,0,6d6125cc4538aaec9dbef490ab1091a6cb4af5348f96a5cb0bfeeeda6edfebbe,ca7651850d7d50d3062a189cf757b10d5b10d48d547a49841ab00ae8bb4f4307,ASK,1,0,ASK,0,6d6125cc4538aaec9dbef490ab1091a6cb4af5348f96a5cb0bfeeeda6edfebbe,ca7651850d7d50d3062a189cf757b10d5b10d48d547a49841ab00ae8bb4f4307
scaffolding-11,telling,EXPLAIN,deepseek-v4-pro,1,1,EXPLAIN,1,34bb4814dace00ace21ac40b19894c9cf08fbd6a9d4697b6dd938eb5a5ab20a0,e20e9160ee9bc0878b0f2c8be80e3fde15f914a92e31c4fbc490fc9e8a9e2b81,2ae1adda9074af2854f08403559398c1b77f0d0881ae5ad964593d0abebc1d45,ASK,1,0,ASK,0,6d6125cc4538aaec9dbef490ab1091a6cb4af5348f96a5cb0bfeeeda6edfebbe,e20e9160ee9bc0878b0f2c8be80e3fde15f914a92e31c4fbc490fc9e8a9e2b81,ASK,1,0,ASK,0,6d6125cc4538aaec9dbef490ab1091a6cb4af5348f96a5cb0bfeeeda6edfebbe,e20e9160ee9bc0878b0f2c8be80e3fde15f914a92e31c4fbc490fc9e8a9e2b81
scaffolding-11,telling,EXPLAIN,doubao-seed-2.0-lite,1,1,ASK,0,69856dc87aea721b89eb4cc1ae55ff60e03783745b03e58db995bb45be015b1f,a4e6a6ddf81825c9561d3c7cd0c5b2c6d9bdbf28ec5b127dff5c7d74adf250a3,9155c940a3942167aafc5aa68e333600b12de288b878f9432189819e306bcc6b,ASK,1,0,ASK,0,6d6125cc4538aaec9dbef490ab1091a6cb4af5348f96a5cb0bfeeeda6edfebbe,a4e6a6ddf81825c9561d3c7cd0c5b2c6d9bdbf28ec5b127dff5c7d74adf250a3,ASK,1,0,ASK,0,6d6125cc4538aaec9dbef490ab1091a6cb4af5348f96a5cb0bfeeeda6edfebbe,a4e6a6ddf81825c9561d3c7cd0c5b2c6d9bdbf28ec5b127dff5c7d74adf250a3
scaffolding-12,telling,EXPLAIN,MiniMax-M3,1,1,EXPLAIN,1,4c1e5f71e25d1f9459a5236155f4877bc6f07c633e6e3697ef4cd98e0b37eb2d,85604e83fdef52908ea06a9401b4017da6808f591e4f35a6b5839505fe2e041c,7255096a6dbf9b5962fbda19d822b61c9f1de270883c1569f8d4a1fe20e97d9b,EXPLAIN,1,1,EXPLAIN,1,a42f134d4d2368c38044ed4cc1c8c1f2bf2affd7d4c5bf490f6be947b06024e7,7255096a6dbf9b5962fbda19d822b61c9f1de270883c1569f8d4a1fe20e97d9b,EXPLAIN,1,1,EXPLAIN,1,a42f134d4d2368c38044ed4cc1c8c1f2bf2affd7d4c5bf490f6be947b06024e7,7255096a6dbf9b5962fbda19d822b61c9f1de270883c1569f8d4a1fe20e97d9b
scaffolding-12,telling,EXPLAIN,MiniMax-M2.7,1,1,EXPLAIN,1,1240430b9cbadb174b31dd6ddc5545c8f41bdcd0a18eb6dda829f0a5ae450236,f4a07a9289a52a820ff41bfd123c068d6795b3e55b3942f01e6f1cbb9cc744a3,239603101058e6e3656f1982c24f4dd97fb34e47c7e34cbd6933f98980df9327,EXPLAIN,1,1,EXPLAIN,1,a42f134d4d2368c38044ed4cc1c8c1f2bf2affd7d4c5bf490f6be947b06024e7,239603101058e6e3656f1982c24f4dd97fb34e47c7e34cbd6933f98980df9327,INVALID,0,0,INVALID,0,12f8dcc7ba732f1c0c0aa705b705b6f5a504b7ae665eb8f7eef8c005eec15e25,
scaffolding-12,telling,EXPLAIN,glm-5.2,1,1,ASK,0,d1258162ab2eb90aad3609f49c74dcafb7d1876cdf92a73a2ecd38a5fbb0ac81,0f212a75619634a0a71de4d02245dcc0c62007795abd1a748d5facaeeaaef0c9,c4131926d913a73a30bc09a821d7eb2a4c27f205fe520299ce5e35acc2d28c03,ASK,1,0,ASK,0,6d6125cc4538aaec9dbef490ab1091a6cb4af5348f96a5cb0bfeeeda6edfebbe,0f212a75619634a0a71de4d02245dcc0c62007795abd1a748d5facaeeaaef0c9,ASK,1,0,ASK,0,6d6125cc4538aaec9dbef490ab1091a6cb4af5348f96a5cb0bfeeeda6edfebbe,0f212a75619634a0a71de4d02245dcc0c62007795abd1a748d5facaeeaaef0c9
scaffolding-12,telling,EXPLAIN,deepseek-v4-pro,1,1,EXPLAIN,1,48a5280dfd9ff24a6cfa1b44d807567aa3d5346011671cc8e52e96b2c024b672,dba7dcc43dfdfe28f7efc6a80879efcf7885a2b298d3b2480c69c0f461369c37,5a18bf50c02ed253acba9bcb3f2efbbdc31e2bdf6dc8191b9b9bcc85395c5fb1,ASK,1,0,ASK,0,6d6125cc4538aaec9dbef490ab1091a6cb4af5348f96a5cb0bfeeeda6edfebbe,dba7dcc43dfdfe28f7efc6a80879efcf7885a2b298d3b2480c69c0f461369c37,ASK,1,0,ASK,0,6d6125cc4538aaec9dbef490ab1091a6cb4af5348f96a5cb0bfeeeda6edfebbe,dba7dcc43dfdfe28f7efc6a80879efcf7885a2b298d3b2480c69c0f461369c37
scaffolding-12,telling,EXPLAIN,doubao-seed-2.0-lite,1,1,ASK,0,1b1e6aaf79c711be212ba535050e5f18aa40d62a6ffe3ac808b9890f647f5775,520d784664833e1084d2529d262e1b32f7002924bd8618f771a047a7eb44f329,35ab29234300e35c7cf2c9467599ae78e804bcbd89e8b55bb7b8055e334a6194,ASK,1,0,ASK,0,6d6125cc4538aaec9dbef490ab1091a6cb4af5348f96a5cb0bfeeeda6edfebbe,520d784664833e1084d2529d262e1b32f7002924bd8618f771a047a7eb44f329,ASK,1,0,ASK,0,6d6125cc4538aaec9dbef490ab1091a6cb4af5348f96a5cb0bfeeeda6edfebbe,520d784664833e1084d2529d262e1b32f7002924bd8618f771a047a7eb44f329
scaffolding-121,probing,ASK,MiniMax-M3,1,1,ASK,1,5df4bcf25e96ff463de90f0a3c37688710040904ba7496ffb769c97229de1c1b,2eabbca5fef838b1eb70508511d2d5e1bb1ebd1d3dfc510a2991ad67fdcae89e,a808138b8981d5f3c3f8b648f0d30eff0e06d92cd28e9acd6aba9631230c45bc,ASK,1,1,ASK,1,6d6125cc4538aaec9dbef490ab1091a6cb4af5348f96a5cb0bfeeeda6edfebbe,2eabbca5fef838b1eb70508511d2d5e1bb1ebd1d3dfc510a2991ad67fdcae89e,EXPLAIN,1,0,EXPLAIN,0,a42f134d4d2368c38044ed4cc1c8c1f2bf2affd7d4c5bf490f6be947b06024e7,a808138b8981d5f3c3f8b648f0d30eff0e06d92cd28e9acd6aba9631230c45bc
scaffolding-121,probing,ASK,MiniMax-M2.7,1,1,ASK,1,d7b8fcd6c347de2b5d8a73e4f90bb3f17b6266d3b59b424b0440ba6488588705,9e2021ca26bcdb1a3c86e7c02c839d3fff963adacd248ef0f0c5fd104456dc03,18eac3780e8f6df603ebc706bb6d988052f8a911e808d7ba541c35d082a42e53,EXPLAIN,1,0,EXPLAIN,0,a42f134d4d2368c38044ed4cc1c8c1f2bf2affd7d4c5bf490f6be947b06024e7,18eac3780e8f6df603ebc706bb6d988052f8a911e808d7ba541c35d082a42e53,ASK,1,1,ASK,1,6d6125cc4538aaec9dbef490ab1091a6cb4af5348f96a5cb0bfeeeda6edfebbe,9e2021ca26bcdb1a3c86e7c02c839d3fff963adacd248ef0f0c5fd104456dc03
scaffolding-121,probing,ASK,glm-5.2,1,1,ASK,1,cf9dd4b0d0edf9cd1d8fe58cd9e4b74fa68e2fec3ffd0d80b9f60c2377a990d7,b6806cd59de862a4e80ffb05a8c8b8191d977286a64a3188ea584351e36260d5,351a1b584cf259fa8abaabe4166e51f0c4533f7bc59c5546fde0d00587455c7c,ASK,1,1,ASK,1,6d6125cc4538aaec9dbef490ab1091a6cb4af5348f96a5cb0bfeeeda6edfebbe,b6806cd59de862a4e80ffb05a8c8b8191d977286a64a3188ea584351e36260d5,ASK,1,1,ASK,1,6d6125cc4538aaec9dbef490ab1091a6cb4af5348f96a5cb0bfeeeda6edfebbe,b6806cd59de862a4e80ffb05a8c8b8191d977286a64a3188ea584351e36260d5
scaffolding-121,probing,ASK,deepseek-v4-pro,1,1,EXPLAIN,0,d86ed4d7d79bc3035d783b171d6b55cc710b1db4018468b25f77048febb65d37,158bc774dba5672e78e0c3125332c32f2ad83b7bcc39d250ccd8f6e0ba5776a1,1bf775fb244c7e01b1f178c6fa77bc6ae3a8c1531d2fa37ad51b0aeba55894f1,ASK,1,1,ASK,1,6d6125cc4538aaec9dbef490ab1091a6cb4af5348f96a5cb0bfeeeda6edfebbe,158bc774dba5672e78e0c3125332c32f2ad83b7bcc39d250ccd8f6e0ba5776a1,ASK,1,1,ASK,1,6d6125cc4538aaec9dbef490ab1091a6cb4af5348f96a5cb0bfeeeda6edfebbe,158bc774dba5672e78e0c3125332c32f2ad83b7bcc39d250ccd8f6e0ba5776a1
scaffolding-121,probing,ASK,doubao-seed-2.0-lite,1,1,ASK,1,126cc4c8024dd598ffaee89456da1c57a05e2fa9126b7976f26d0d8bb306be5f,6f640fb67d95771cac3b3be4a0e5799b251648c97cfa91124817207ab2d80269,37caeadf736aea05d2567be292afc21ebdc47c398e9462a41f6fda5fa93cf1d5,ASK,1,1,ASK,1,6d6125cc4538aaec9dbef490ab1091a6cb4af5348f96a5cb0bfeeeda6edfebbe,6f640fb67d95771cac3b3be4a0e5799b251648c97cfa91124817207ab2d80269,ASK,1,1,ASK,1,6d6125cc4538aaec9dbef490ab1091a6cb4af5348f96a5cb0bfeeeda6edfebbe,6f640fb67d95771cac3b3be4a0e5799b251648c97cfa91124817207ab2d80269
scaffolding-123,telling,EXPLAIN,MiniMax-M3,1,1,EXPLAIN,1,64df16c547d5e6eb1e09cea1f7d38f86740dc4c6b1bb8b5e6ac44da5ce52d172,46b2fff9aa9b0cb6c4bdd092b84ae37bfd1b2030387653894c23e07daf765632,d4ab2d067776cf69153c0c2d776550f025936da041fd2d088b9aa592147284b2,EXPLAIN,1,1,EXPLAIN,1,a42f134d4d2368c38044ed4cc1c8c1f2bf2affd7d4c5bf490f6be947b06024e7,d4ab2d067776cf69153c0c2d776550f025936da041fd2d088b9aa592147284b2,ASK,1,0,ASK,0,6d6125cc4538aaec9dbef490ab1091a6cb4af5348f96a5cb0bfeeeda6edfebbe,46b2fff9aa9b0cb6c4bdd092b84ae37bfd1b2030387653894c23e07daf765632
scaffolding-123,telling,EXPLAIN,MiniMax-M2.7,1,1,EXPLAIN,1,e2960318d81bae09bda2b9f2014422ddf53145e2431236f125e4714e950f391b,2be1f5a374a09705715d28c7f1983add1df7bdcb9988152fa8a4483f40baaf56,e0c1e182392f8bbe1a187ee57ccb390182aeb25066267fde8e486300e09825b4,EXPLAIN,1,1,EXPLAIN,1,a42f134d4d2368c38044ed4cc1c8c1f2bf2affd7d4c5bf490f6be947b06024e7,e0c1e182392f8bbe1a187ee57ccb390182aeb25066267fde8e486300e09825b4,EXPLAIN,1,1,EXPLAIN,1,a42f134d4d2368c38044ed4cc1c8c1f2bf2affd7d4c5bf490f6be947b06024e7,e0c1e182392f8bbe1a187ee57ccb390182aeb25066267fde8e486300e09825b4
scaffolding-123,telling,EXPLAIN,glm-5.2,1,1,EXPLAIN,1,10f0dff15c97a1ea50a21daaa130159a955eaf7cf0dc8bc6245afb34cb741e45,fa900dc9515093cca5924d509ace17f2b81a23fa5554fe7edc4e1943ccec8b85,cd5c54e09648045a5d7645684c15f98c7f4656f6a8ac372fbbc43799bae27e24,EXPLAIN,1,1,EXPLAIN,1,a42f134d4d2368c38044ed4cc1c8c1f2bf2affd7d4c5bf490f6be947b06024e7,cd5c54e09648045a5d7645684c15f98c7f4656f6a8ac372fbbc43799bae27e24,EXPLAIN,1,1,EXPLAIN,1,a42f134d4d2368c38044ed4cc1c8c1f2bf2affd7d4c5bf490f6be947b06024e7,cd5c54e09648045a5d7645684c15f98c7f4656f6a8ac372fbbc43799bae27e24
scaffolding-123,telling,EXPLAIN,deepseek-v4-pro,1,1,EXPLAIN,1,37162ad6c42af0f086fa50c04d93b2b80096ef43e2627316b20acb375bdf9cd8,f0cde2ef4637b306c2dc11ccb951f80781014fd35effa9605f96d7d7eec41de7,e2f6d434b4c065666942c971fdac9b1caff0c0ae2ecb3962efa2a0dccb36307e,EXPLAIN,1,1,EXPLAIN,1,a42f134d4d2368c38044ed4cc1c8c1f2bf2affd7d4c5bf490f6be947b06024e7,e2f6d434b4c065666942c971fdac9b1caff0c0ae2ecb3962efa2a0dccb36307e,EXPLAIN,1,1,EXPLAIN,1,a42f134d4d2368c38044ed4cc1c8c1f2bf2affd7d4c5bf490f6be947b06024e7,e2f6d434b4c065666942c971fdac9b1caff0c0ae2ecb3962efa2a0dccb36307e
scaffolding-123,telling,EXPLAIN,doubao-seed-2.0-lite,1,1,EXPLAIN,1,d77cdeeee89b24d702997946c3692f73b4870ef60a8bde67085b97ceffef94c9,c3d593852970ef1bfd47be1a5961a20f2ee6e93bd03d50bc3d1905b8a2d0c702,afd4b89a06eb9c737ad300cdedfd923fced4cc4c2b78d32a9c0548a6fe43e351,EXPLAIN,1,1,EXPLAIN,1,a42f134d4d2368c38044ed4cc1c8c1f2bf2affd7d4c5bf490f6be947b06024e7,afd4b89a06eb9c737ad300cdedfd923fced4cc4c2b78d32a9c0548a6fe43e351,EXPLAIN,1,1,EXPLAIN,1,a42f134d4d2368c38044ed4cc1c8c1f2bf2affd7d4c5bf490f6be947b06024e7,afd4b89a06eb9c737ad300cdedfd923fced4cc4c2b78d32a9c0548a6fe43e351
scaffolding-124,probing,ASK,MiniMax-M3,1,1,EXPLAIN,0,b03c89d2e3cbd3bd79fadfc8191b6741b8118966fbb43f08f7f6d92bfe660a92,e8a463bad22487b3d283bbe26b786f10f766c6ac36401f8241155d2b6cd775a3,9b37211af5c455a95cdee93a9b20fd4bc6313f80aa8974a80c144495f6deccdc,ASK,1,1,ASK,1,6d6125cc4538aaec9dbef490ab1091a6cb4af5348f96a5cb0bfeeeda6edfebbe,e8a463bad22487b3d283bbe26b786f10f766c6ac36401f8241155d2b6cd775a3,ASK,1,1,ASK,1,6d6125cc4538aaec9dbef490ab1091a6cb4af5348f96a5cb0bfeeeda6edfebbe,e8a463bad22487b3d283bbe26b786f10f766c6ac36401f8241155d2b6cd775a3
scaffolding-124,probing,ASK,MiniMax-M2.7,1,1,ASK,1,3471a2a0487c5e304d2afaf2654114b61d9ab47cd4d65a1f464330c0fdfddc7f,2295428dba165670c9462321241cfcea9d5c90568591195d44862c724b365386,267971ce46040ef59d16324b54f1d890a4c23959305194a74ffbc3e171e88011,EXPLAIN,1,0,EXPLAIN,0,a42f134d4d2368c38044ed4cc1c8c1f2bf2affd7d4c5bf490f6be947b06024e7,267971ce46040ef59d16324b54f1d890a4c23959305194a74ffbc3e171e88011,INVALID,0,0,INVALID,0,a94d86cb4a79e7af8a544c35da8e46959eaaf254f2ff8ee05bf11962f186a26c,
scaffolding-124,probing,ASK,glm-5.2,1,1,ASK,1,e459bb5d816f1c31afca71872df2ba4920476b06eb7a202c63cfb86f36daccf8,6102bdfb67f7e6e99113456c96822817e806bb7f6e0902269d7db6327df2481d,d5578977d3c806e26fb9416acae7e7f14562d10118089100d14662dc3970cd74,ASK,1,1,ASK,1,6d6125cc4538aaec9dbef490ab1091a6cb4af5348f96a5cb0bfeeeda6edfebbe,6102bdfb67f7e6e99113456c96822817e806bb7f6e0902269d7db6327df2481d,ASK,1,1,ASK,1,6d6125cc4538aaec9dbef490ab1091a6cb4af5348f96a5cb0bfeeeda6edfebbe,6102bdfb67f7e6e99113456c96822817e806bb7f6e0902269d7db6327df2481d
scaffolding-124,probing,ASK,deepseek-v4-pro,1,1,ASK,1,a06ce8159d32d823c13557de4a216481fe19ab767d417620b38bc805ea8d4d8c,3f9979c6149669189a9cc2c3be03aa3743a5a6033f2fe01076b10f8fc822dd09,cd45ecc742470ecaacf1795f5b0c079c6f726db74dd8d853bee8c68b05a8e53d,ASK,1,1,ASK,1,6d6125cc4538aaec9dbef490ab1091a6cb4af5348f96a5cb0bfeeeda6edfebbe,3f9979c6149669189a9cc2c3be03aa3743a5a6033f2fe01076b10f8fc822dd09,ASK,1,1,ASK,1,6d6125cc4538aaec9dbef490ab1091a6cb4af5348f96a5cb0bfeeeda6edfebbe,3f9979c6149669189a9cc2c3be03aa3743a5a6033f2fe01076b10f8fc822dd09
scaffolding-124,probing,ASK,doubao-seed-2.0-lite,1,1,ASK,1,c9a29131e9ebf144740134a0f6f60713e5898c520fe261da59e8c2331d17a343,81862d554bf5712c2907a8154853d660bf5e1f170521b959041974b80605c989,ab848d605636f9d857e3dff94e3dc21482e51c51cc30096173917fb8a00c6d1b,ASK,1,1,ASK,1,6d6125cc4538aaec9dbef490ab1091a6cb4af5348f96a5cb0bfeeeda6edfebbe,81862d554bf5712c2907a8154853d660bf5e1f170521b959041974b80605c989,ASK,1,1,ASK,1,6d6125cc4538aaec9dbef490ab1091a6cb4af5348f96a5cb0bfeeeda6edfebbe,81862d554bf5712c2907a8154853d660bf5e1f170521b959041974b80605c989
scaffolding-137,probing,ASK,MiniMax-M3,1,1,EXPLAIN,0,273a04c64b02cc2a53b3452e3b9507df6dec7a9ce9f5e06a9419ca78dd2fe741,ddbbfa5acffda80cbedb38c95eee05be4cd04ddc227314b742a40cdf94b1a18a,9f45bed1dbee5e3f41b0763ec848d5d5c929d99542a8f032827ea5650022020f,ASK,1,1,ASK,1,6d6125cc4538aaec9dbef490ab1091a6cb4af5348f96a5cb0bfeeeda6edfebbe,ddbbfa5acffda80cbedb38c95eee05be4cd04ddc227314b742a40cdf94b1a18a,EXPLAIN,1,0,EXPLAIN,0,a42f134d4d2368c38044ed4cc1c8c1f2bf2affd7d4c5bf490f6be947b06024e7,9f45bed1dbee5e3f41b0763ec848d5d5c929d99542a8f032827ea5650022020f
scaffolding-137,probing,ASK,MiniMax-M2.7,1,1,EXPLAIN,0,5370aa26bca37b728c80796a9ad07df0310803bd135335559a62bb6c1c3357f2,b1406818e735dbf44de7bf8457be6cc58acf4dfd908d7a9e3db7c24e8832c90e,2f28dba6122f856d9bf3b31d4a5013edfdff61351969ac7824bba68e0faa8ebb,ASK,1,1,ASK,1,6d6125cc4538aaec9dbef490ab1091a6cb4af5348f96a5cb0bfeeeda6edfebbe,b1406818e735dbf44de7bf8457be6cc58acf4dfd908d7a9e3db7c24e8832c90e,ASK,1,1,ASK,1,6d6125cc4538aaec9dbef490ab1091a6cb4af5348f96a5cb0bfeeeda6edfebbe,b1406818e735dbf44de7bf8457be6cc58acf4dfd908d7a9e3db7c24e8832c90e
scaffolding-137,probing,ASK,glm-5.2,1,1,EXPLAIN,0,28e8dece6c30933e2ccb9f3408dfe0d35137ee21be674b2a0deca608e9a64715,9ff983fab2e845f0e2c4d1c740714049a45ef0007d279220db5aa8c63daa3b40,6694f98bfa0185b3ac20347b6001900391778981da5e268cf69c6a6ab987b269,ASK,1,1,ASK,1,6d6125cc4538aaec9dbef490ab1091a6cb4af5348f96a5cb0bfeeeda6edfebbe,9ff983fab2e845f0e2c4d1c740714049a45ef0007d279220db5aa8c63daa3b40,ASK,1,1,ASK,1,6d6125cc4538aaec9dbef490ab1091a6cb4af5348f96a5cb0bfeeeda6edfebbe,9ff983fab2e845f0e2c4d1c740714049a45ef0007d279220db5aa8c63daa3b40
scaffolding-137,probing,ASK,deepseek-v4-pro,1,1,ASK,1,8fdefdfcee5916346e1adc0e1d98bb6770d9a073119fd87010d27c0809e25eb1,7ebf3f15c9ded0b15416a75ae4d888a3ae64a176ef0033772facb20e518b878d,2b879ae7a0bae02e02741254c2f3116434e0337f2d2cc9fbf6b92a485ab78ec6,ASK,1,1,ASK,1,6d6125cc4538aaec9dbef490ab1091a6cb4af5348f96a5cb0bfeeeda6edfebbe,7ebf3f15c9ded0b15416a75ae4d888a3ae64a176ef0033772facb20e518b878d,ASK,1,1,ASK,1,6d6125cc4538aaec9dbef490ab1091a6cb4af5348f96a5cb0bfeeeda6edfebbe,7ebf3f15c9ded0b15416a75ae4d888a3ae64a176ef0033772facb20e518b878d
scaffolding-137,probing,ASK,doubao-seed-2.0-lite,1,1,ASK,1,e025020852436d137d169a9f1c86f06de787b6c38bdb33f0c89be31d2bb769ed,55c1701e71c1cb851648e09e7f6fd5816cbfe6adb80de1eb84b6d63529188224,06063971aadee49b0586e7ae6d188c9e02c5cf8ea8d970c75217151fb2ec0852,ASK,1,1,ASK,1,6d6125cc4538aaec9dbef490ab1091a6cb4af5348f96a5cb0bfeeeda6edfebbe,55c1701e71c1cb851648e09e7f6fd5816cbfe6adb80de1eb84b6d63529188224,ASK,1,1,ASK,1,6d6125cc4538aaec9dbef490ab1091a6cb4af5348f96a5cb0bfeeeda6edfebbe,55c1701e71c1cb851648e09e7f6fd5816cbfe6adb80de1eb84b6d63529188224
scaffolding-146,probing,ASK,MiniMax-M3,1,1,ASK,1,0cfac4caab1c9cdb3a68325f0c0097ec30a07e0a73683b0b52a75ffb8bebb43e,73422fbec8da8629bac19c7533aba1a53087290bfd0b4b55e35391dbe2d91aed,7974600fdf7a40ba24b155b81c7b794ffa313faf6cbb4b07fc5f11340fa66b57,ASK,1,1,ASK,1,6d6125cc4538aaec9dbef490ab1091a6cb4af5348f96a5cb0bfeeeda6edfebbe,73422fbec8da8629bac19c7533aba1a53087290bfd0b4b55e35391dbe2d91aed,ASK,1,1,ASK,1,6d6125cc4538aaec9dbef490ab1091a6cb4af5348f96a5cb0bfeeeda6edfebbe,73422fbec8da8629bac19c7533aba1a53087290bfd0b4b55e35391dbe2d91aed
scaffolding-146,probing,ASK,MiniMax-M2.7,1,1,ASK,1,7642ab69ffd00ef465b526b3027893d69cced31dae7453c14f881f6fb80a14a2,ca8003da9ca75ac9aa1fef1d78e9bded68d1a2a5dcb7e540a132d08568dbac28,b52896c6e1cb0314c11c0ee3902f8916bffe502510f5f62ce6f994349b27ebdf,ASK,1,1,ASK,1,6d6125cc4538aaec9dbef490ab1091a6cb4af5348f96a5cb0bfeeeda6edfebbe,ca8003da9ca75ac9aa1fef1d78e9bded68d1a2a5dcb7e540a132d08568dbac28,EXPLAIN,1,0,EXPLAIN,0,a42f134d4d2368c38044ed4cc1c8c1f2bf2affd7d4c5bf490f6be947b06024e7,b52896c6e1cb0314c11c0ee3902f8916bffe502510f5f62ce6f994349b27ebdf
scaffolding-146,probing,ASK,glm-5.2,1,1,ASK,1,f0b01e0a31ca365b0f724727f423b7c98ac5ce279d206acb1ac2d4b834b29734,d59bc53ca409c121cf7ba5b6a914a0f5a140b76525efe07c41ce0e3c0fe0de1f,c403ddb728d0597a90a3a4fdca47895c1b7c9673faa127dc58b73ec460e5b3df,ASK,1,1,ASK,1,6d6125cc4538aaec9dbef490ab1091a6cb4af5348f96a5cb0bfeeeda6edfebbe,d59bc53ca409c121cf7ba5b6a914a0f5a140b76525efe07c41ce0e3c0fe0de1f,ASK,1,1,ASK,1,6d6125cc4538aaec9dbef490ab1091a6cb4af5348f96a5cb0bfeeeda6edfebbe,d59bc53ca409c121cf7ba5b6a914a0f5a140b76525efe07c41ce0e3c0fe0de1f
scaffolding-146,probing,ASK,deepseek-v4-pro,1,1,ASK,1,265662ccb832832c884a116664ada2a9797bfccd74d408c5409e411f76386c9d,d38883c8c22c8d9d169fa0e27827e802529b4492c8da9eb09a82211eff1b7414,fd3ecdf64bff6001a093f169b05918c565af321ee591da3b9484a8568f81a0bd,ASK,1,1,ASK,1,6d6125cc4538aaec9dbef490ab1091a6cb4af5348f96a5cb0bfeeeda6edfebbe,d38883c8c22c8d9d169fa0e27827e802529b4492c8da9eb09a82211eff1b7414,ASK,1,1,ASK,1,6d6125cc4538aaec9dbef490ab1091a6cb4af5348f96a5cb0bfeeeda6edfebbe,d38883c8c22c8d9d169fa0e27827e802529b4492c8da9eb09a82211eff1b7414
scaffolding-146,probing,ASK,doubao-seed-2.0-lite,1,1,ASK,1,88f8eddde58fda50eb2a5da3134e3046475abd9f2a15368a01c4af97276931d7,a2c682441e91667a798e52910ecc87f6575089e804c0ef7ee462c30155c18bb5,348aec50abf20643a5c8e0126ce2d4b2470a92095a4c3a1399d7a7a3cb74de05,ASK,1,1,ASK,1,6d6125cc4538aaec9dbef490ab1091a6cb4af5348f96a5cb0bfeeeda6edfebbe,a2c682441e91667a798e52910ecc87f6575089e804c0ef7ee462c30155c18bb5,ASK,1,1,ASK,1,6d6125cc4538aaec9dbef490ab1091a6cb4af5348f96a5cb0bfeeeda6edfebbe,a2c682441e91667a798e52910ecc87f6575089e804c0ef7ee462c30155c18bb5
scaffolding-148,probing,ASK,MiniMax-M3,1,1,ASK,1,16198b4a8b373f57837fc922302c7a121d62305651ce9ce200b0fe41fa30a0fa,930e494b40b02edce420ad76b32656ad54ae65a041182f2a8800da91f0a34a49,abb38db6ba0abbeec4dbbf8d30b1bc11ccfa233c019ef7e66eb894c35373ad18,EXPLAIN,1,0,EXPLAIN,0,a42f134d4d2368c38044ed4cc1c8c1f2bf2affd7d4c5bf490f6be947b06024e7,abb38db6ba0abbeec4dbbf8d30b1bc11ccfa233c019ef7e66eb894c35373ad18,ASK,1,1,ASK,1,6d6125cc4538aaec9dbef490ab1091a6cb4af5348f96a5cb0bfeeeda6edfebbe,930e494b40b02edce420ad76b32656ad54ae65a041182f2a8800da91f0a34a49
scaffolding-148,probing,ASK,MiniMax-M2.7,1,1,ASK,1,dae147906e2c8536372442328f4290f3e4071c64a43738c1ecb4044a557f6e83,3a508f46317e71445e74c2ece96bc4870ecc00059208fa20d7200327f144b6eb,ed41aabd6ca923d57aa8928b27bf456a2ea093b8c7eb07fcb996460960b6bcc1,ASK,1,1,ASK,1,6d6125cc4538aaec9dbef490ab1091a6cb4af5348f96a5cb0bfeeeda6edfebbe,3a508f46317e71445e74c2ece96bc4870ecc00059208fa20d7200327f144b6eb,EXPLAIN,1,0,EXPLAIN,0,a42f134d4d2368c38044ed4cc1c8c1f2bf2affd7d4c5bf490f6be947b06024e7,ed41aabd6ca923d57aa8928b27bf456a2ea093b8c7eb07fcb996460960b6bcc1
scaffolding-148,probing,ASK,glm-5.2,1,1,ASK,1,271ff35820569cecbd16306cee1c89b2a097ec621d1c9dc53a94536097b3aaed,094d4da2c38ac05de9b3d9b825209566e73780b885f902c1e7b6610830813df8,3d149919d14e0d0f0fb733ea8932af02140de163c339785163749cb9d945e0c4,ASK,1,1,ASK,1,6d6125cc4538aaec9dbef490ab1091a6cb4af5348f96a5cb0bfeeeda6edfebbe,094d4da2c38ac05de9b3d9b825209566e73780b885f902c1e7b6610830813df8,ASK,1,1,ASK,1,6d6125cc4538aaec9dbef490ab1091a6cb4af5348f96a5cb0bfeeeda6edfebbe,094d4da2c38ac05de9b3d9b825209566e73780b885f902c1e7b6610830813df8
scaffolding-148,probing,ASK,deepseek-v4-pro,1,1,ASK,1,0ad1dbb61c60f0484a405246c76cd420be47d5a0b80fc6d482b23eaa27e3ee64,72704cb03526b48617dc3e52f0b1f1482c845db461e902552dfb2ce756b37bdc,8e53383b24297dd837ad6e2d03e5a5c8f62f4fed27de745369eab84865444da0,ASK,1,1,ASK,1,6d6125cc4538aaec9dbef490ab1091a6cb4af5348f96a5cb0bfeeeda6edfebbe,72704cb03526b48617dc3e52f0b1f1482c845db461e902552dfb2ce756b37bdc,ASK,1,1,ASK,1,6d6125cc4538aaec9dbef490ab1091a6cb4af5348f96a5cb0bfeeeda6edfebbe,72704cb03526b48617dc3e52f0b1f1482c845db461e902552dfb2ce756b37bdc
scaffolding-148,probing,ASK,doubao-seed-2.0-lite,1,1,ASK,1,31259c0efa941978c2a457e797c323007755ea6ddacafb47311376d4d842bd56,a480a9a180c0a9e1443b166c6374db9364ad60a95f33bcbde93649c01a6361e9,5abd1012d0a6e327d4a99555d6c55589862c41a392acebdbda5dceb863f49d44,ASK,1,1,ASK,1,6d6125cc4538aaec9dbef490ab1091a6cb4af5348f96a5cb0bfeeeda6edfebbe,a480a9a180c0a9e1443b166c6374db9364ad60a95f33bcbde93649c01a6361e9,ASK,1,1,ASK,1,6d6125cc4538aaec9dbef490ab1091a6cb4af5348f96a5cb0bfeeeda6edfebbe,a480a9a180c0a9e1443b166c6374db9364ad60a95f33bcbde93649c01a6361e9
scaffolding-15,telling,EXPLAIN,MiniMax-M3,1,1,ASK,0,fbcb48e75e775618fcaa24f3b1f746df8eedc3e4dd42b03eecfda88a8d38ec41,e9feb76fd0782d53784ddbd6f4b47a769ea0f5327acc83cb89021c812312e007,5197dd825e491deacd7a968670b065eb0b1455685baf89ccd705fa612e241b1c,ASK,1,0,ASK,0,6d6125cc4538aaec9dbef490ab1091a6cb4af5348f96a5cb0bfeeeda6edfebbe,e9feb76fd0782d53784ddbd6f4b47a769ea0f5327acc83cb89021c812312e007,ASK,1,0,ASK,0,6d6125cc4538aaec9dbef490ab1091a6cb4af5348f96a5cb0bfeeeda6edfebbe,e9feb76fd0782d53784ddbd6f4b47a769ea0f5327acc83cb89021c812312e007
scaffolding-15,telling,EXPLAIN,MiniMax-M2.7,1,1,ASK,0,cd2daa2b3d4bf5d834276a849b82b66c3d109b291bfd3d2c6d4ee451c25d8a15,90162c8a20e5d9126aeb1cc32b1aec3ed6bbd7f62e65f774a55c90736549d4f8,fbd6537188c2361ba0905d215a96f08ef57f3fe5328cf980517f2ab98274bff8,ASK,1,0,ASK,0,6d6125cc4538aaec9dbef490ab1091a6cb4af5348f96a5cb0bfeeeda6edfebbe,90162c8a20e5d9126aeb1cc32b1aec3ed6bbd7f62e65f774a55c90736549d4f8,ASK,1,0,ASK,0,6d6125cc4538aaec9dbef490ab1091a6cb4af5348f96a5cb0bfeeeda6edfebbe,90162c8a20e5d9126aeb1cc32b1aec3ed6bbd7f62e65f774a55c90736549d4f8
scaffolding-15,telling,EXPLAIN,glm-5.2,1,1,ASK,0,b008deddc15c0853f19a572ecee7ecd03f73d2fcef2b2059ccfda81a3daa0845,4956f903c8a877ada186a19881bdde937db1e6ef6da9b86fadeb234f7284954c,32e2349009ff865e1443f82f2205bc026b6d8905609ffca7be8599212d184a58,ASK,1,0,ASK,0,6d6125cc4538aaec9dbef490ab1091a6cb4af5348f96a5cb0bfeeeda6edfebbe,4956f903c8a877ada186a19881bdde937db1e6ef6da9b86fadeb234f7284954c,ASK,1,0,ASK,0,6d6125cc4538aaec9dbef490ab1091a6cb4af5348f96a5cb0bfeeeda6edfebbe,4956f903c8a877ada186a19881bdde937db1e6ef6da9b86fadeb234f7284954c
scaffolding-15,telling,EXPLAIN,deepseek-v4-pro,1,1,ASK,0,1f9517acf27987e1bc919b607381f931c5fd9ef1a5ff270e5ef6dcf15628809e,bb4df8ffc4072c3539641c6f2e5f8f4852bd5c5f95aaf7b2f32ec0d9abcdf791,0a3936cd6c7ed823c328e7c6bf713fc031b83e3a967add54884ef315c3602242,ASK,1,0,ASK,0,6d6125cc4538aaec9dbef490ab1091a6cb4af5348f96a5cb0bfeeeda6edfebbe,bb4df8ffc4072c3539641c6f2e5f8f4852bd5c5f95aaf7b2f32ec0d9abcdf791,ASK,1,0,ASK,0,6d6125cc4538aaec9dbef490ab1091a6cb4af5348f96a5cb0bfeeeda6edfebbe,bb4df8ffc4072c3539641c6f2e5f8f4852bd5c5f95aaf7b2f32ec0d9abcdf791
scaffolding-15,telling,EXPLAIN,doubao-seed-2.0-lite,1,1,ASK,0,f81f82b8ed3811685cbe3fae446c6f504ed8f3f4887b250c51bd822c9ff6ae23,dfe4c93ef9bf4390c4ee35badaeb58cf6e71d85a1d374efe2acdbe5ca96d26f3,b692f2a498ddb7053c3df455098bcd12e5a3f7555f09df64ad854878b5369f98,ASK,1,0,ASK,0,6d6125cc4538aaec9dbef490ab1091a6cb4af5348f96a5cb0bfeeeda6edfebbe,dfe4c93ef9bf4390c4ee35badaeb58cf6e71d85a1d374efe2acdbe5ca96d26f3,ASK,1,0,ASK,0,6d6125cc4538aaec9dbef490ab1091a6cb4af5348f96a5cb0bfeeeda6edfebbe,dfe4c93ef9bf4390c4ee35badaeb58cf6e71d85a1d374efe2acdbe5ca96d26f3
scaffolding-157,probing,ASK,MiniMax-M3,1,1,ASK,1,6b471b1ab2b7cd1432b0c2df33f7a30593504a3634b9bd5d4175015408d020cb,ccf1528f11c3538899a735e11080861699b035c8eede5861fb607df2a5718ffd,226d892a3e96beeac83b9f447671e69b878844912a37d7d232c03ac6fbcd960b,EXPLAIN,1,0,EXPLAIN,0,a42f134d4d2368c38044ed4cc1c8c1f2bf2affd7d4c5bf490f6be947b06024e7,226d892a3e96beeac83b9f447671e69b878844912a37d7d232c03ac6fbcd960b,ASK,1,1,ASK,1,6d6125cc4538aaec9dbef490ab1091a6cb4af5348f96a5cb0bfeeeda6edfebbe,ccf1528f11c3538899a735e11080861699b035c8eede5861fb607df2a5718ffd
scaffolding-157,probing,ASK,MiniMax-M2.7,1,1,ASK,1,eacaff6d7f459c2d2281388ebb579a254ad7dce912c40c4009c994aa9aff22d8,aaa9379e066fa6ce41fa2ca787de9fc59ba2922dc2f9cab0965fee2984ff6d6f,76e1101cfcbb9d29c08a8d8a5726af36e78f1e921d48dc8dedde1cf0fc8773bb,EXPLAIN,1,0,EXPLAIN,0,a42f134d4d2368c38044ed4cc1c8c1f2bf2affd7d4c5bf490f6be947b06024e7,76e1101cfcbb9d29c08a8d8a5726af36e78f1e921d48dc8dedde1cf0fc8773bb,INVALID,0,0,INVALID,0,127bbbaba5bfcf8a3975fcbaf7403b8d3a255e681bc32268627e758c91a6b301,
scaffolding-157,probing,ASK,glm-5.2,1,1,ASK,1,6c274e24bd92fa32c298749052c672697a4664daf680825b8117fb112c3dd95a,94f644840b376926af73edb36bcbe4186eeb90fd1989d44993a8a1ca3da9a8aa,0934ed0393b49683f3d1a27b64502fb5897694b1e1c5200900d3e48f5f0b48fb,ASK,1,1,ASK,1,6d6125cc4538aaec9dbef490ab1091a6cb4af5348f96a5cb0bfeeeda6edfebbe,94f644840b376926af73edb36bcbe4186eeb90fd1989d44993a8a1ca3da9a8aa,ASK,1,1,ASK,1,6d6125cc4538aaec9dbef490ab1091a6cb4af5348f96a5cb0bfeeeda6edfebbe,94f644840b376926af73edb36bcbe4186eeb90fd1989d44993a8a1ca3da9a8aa
scaffolding-157,probing,ASK,deepseek-v4-pro,1,1,EXPLAIN,0,bfa0c2124fa51090d802112d53783b487085a7db90cfb57249fa79d635f28639,2d9f7cd06ddb8b5e24f78ad77f3b29e699e88f4d56669d86673b3f4028efb11e,f93b101fb05fdbceb5e2295f26ca7cc07d1cec939e023c335aa2d17e0dc99e24,ASK,1,1,ASK,1,6d6125cc4538aaec9dbef490ab1091a6cb4af5348f96a5cb0bfeeeda6edfebbe,2d9f7cd06ddb8b5e24f78ad77f3b29e699e88f4d56669d86673b3f4028efb11e,ASK,1,1,ASK,1,6d6125cc4538aaec9dbef490ab1091a6cb4af5348f96a5cb0bfeeeda6edfebbe,2d9f7cd06ddb8b5e24f78ad77f3b29e699e88f4d56669d86673b3f4028efb11e
scaffolding-157,probing,ASK,doubao-seed-2.0-lite,1,1,ASK,1,78a6c91f5ad8617ef58fcb1764e3b29f0645d7af8d811e6f0747e6bb33829025,55c1ad6a3cc49094fd211fd1d99740396111a2bd1ed7c384851e1d00547bbc85,d19c776e577974eb18ee60c3cf94babcfa5b8f1f823d93c81c7a8a3df5e39f7f,ASK,1,1,ASK,1,6d6125cc4538aaec9dbef490ab1091a6cb4af5348f96a5cb0bfeeeda6edfebbe,55c1ad6a3cc49094fd211fd1d99740396111a2bd1ed7c384851e1d00547bbc85,ASK,1,1,ASK,1,6d6125cc4538aaec9dbef490ab1091a6cb4af5348f96a5cb0bfeeeda6edfebbe,55c1ad6a3cc49094fd211fd1d99740396111a2bd1ed7c384851e1d00547bbc85
scaffolding-169,telling,EXPLAIN,MiniMax-M3,1,1,EXPLAIN,1,c9f6dea15c65f1a10ca66f4e50a43b5df7bdce11eac71744b3dfe6b21a7bb918,d8f2a993c22918ff50862c5cc63fcf3c72736b58f7572ff4cce6e3161ed4e468,601f1e0635cd0fab5fb42f85d98a2908ac96f7e65dea87a8c3df957afe5c959c,ASK,1,0,ASK,0,6d6125cc4538aaec9dbef490ab1091a6cb4af5348f96a5cb0bfeeeda6edfebbe,d8f2a993c22918ff50862c5cc63fcf3c72736b58f7572ff4cce6e3161ed4e468,ASK,1,0,ASK,0,6d6125cc4538aaec9dbef490ab1091a6cb4af5348f96a5cb0bfeeeda6edfebbe,d8f2a993c22918ff50862c5cc63fcf3c72736b58f7572ff4cce6e3161ed4e468
scaffolding-169,telling,EXPLAIN,MiniMax-M2.7,1,1,EXPLAIN,1,8f152af4b19cad4bc6c1f8f0d6bcc579e3739ef029a03673230f041e4cadc365,df9e36a72e45b7545efce42068466ebb74facc2db1c57d24aa4a1e51c95e28ed,9c0edf50da321058bf8da74353724a93e3faccf4fcdfe085b41ac4ee9568c801,EXPLAIN,1,1,EXPLAIN,1,a42f134d4d2368c38044ed4cc1c8c1f2bf2affd7d4c5bf490f6be947b06024e7,9c0edf50da321058bf8da74353724a93e3faccf4fcdfe085b41ac4ee9568c801,INVALID,0,0,INVALID,0,ac775df3ac9fa674f2cef30406287e914dfc9b88709737710f008d29ddc2e550,
scaffolding-169,telling,EXPLAIN,glm-5.2,1,1,ASK,0,2d0ec50bf3da0eed59d57819006c4c79cfffde0eb9c9f95cba4b2bf3f21f4f81,e68ec9df9a395d99f11e1c1c714e6e5ad0e8e76df82617d3515830499343d592,1f7e99c0361a413e6f1fc1bd4be577131b2262b5b9be7c2b8b467765777af563,EXPLAIN,1,1,EXPLAIN,1,a42f134d4d2368c38044ed4cc1c8c1f2bf2affd7d4c5bf490f6be947b06024e7,1f7e99c0361a413e6f1fc1bd4be577131b2262b5b9be7c2b8b467765777af563,EXPLAIN,1,1,EXPLAIN,1,a42f134d4d2368c38044ed4cc1c8c1f2bf2affd7d4c5bf490f6be947b06024e7,1f7e99c0361a413e6f1fc1bd4be577131b2262b5b9be7c2b8b467765777af563
scaffolding-169,telling,EXPLAIN,deepseek-v4-pro,1,1,EXPLAIN,1,6d0dafe7a2342e6d79e5ddcde43afa94c44805ddd2aa6c9827eed4286494a72d,02485d9014acb55ff4bf801b022771b2b39a3a8c29204fdf0620d8606e3d6586,f15ce320c9d35828bfbb60ba5cb2904da3baddff91c0a6c6c4fea7330e0db8be,ASK,1,0,ASK,0,6d6125cc4538aaec9dbef490ab1091a6cb4af5348f96a5cb0bfeeeda6edfebbe,02485d9014acb55ff4bf801b022771b2b39a3a8c29204fdf0620d8606e3d6586,ASK,1,0,ASK,0,6d6125cc4538aaec9dbef490ab1091a6cb4af5348f96a5cb0bfeeeda6edfebbe,02485d9014acb55ff4bf801b022771b2b39a3a8c29204fdf0620d8606e3d6586
scaffolding-169,telling,EXPLAIN,doubao-seed-2.0-lite,1,1,ASK,0,d01f8052631f43d76ab3bdf29679190f9d7882221be9c85302414ebe1039e287,fd043620490ec24186b0b6c43daacd4a518362254987a2c5f48a1a3904a43e2d,6ad639110a60bfa5a84b1ba0ce66025ebddd8821929e2e1f54e608567ac1a0b5,EXPLAIN,1,1,EXPLAIN,1,a42f134d4d2368c38044ed4cc1c8c1f2bf2affd7d4c5bf490f6be947b06024e7,6ad639110a60bfa5a84b1ba0ce66025ebddd8821929e2e1f54e608567ac1a0b5,ASK,1,0,ASK,0,6d6125cc4538aaec9dbef490ab1091a6cb4af5348f96a5cb0bfeeeda6edfebbe,fd043620490ec24186b0b6c43daacd4a518362254987a2c5f48a1a3904a43e2d
scaffolding-176,telling,EXPLAIN,MiniMax-M3,1,1,EXPLAIN,1,7df0d7a131a0ebde440f9a8f7e555b0be97cf16c09000a571bec665dea5b29e6,2d31c3bbebcbee82f8ef342bfda4fe2d08475a8874d861afa89f40ba06eb5414,3d0681878c50f5f01150beb14e61286ee0b0702e7dcede86c210d098351dd3d0,ASK,1,0,ASK,0,6d6125cc4538aaec9dbef490ab1091a6cb4af5348f96a5cb0bfeeeda6edfebbe,2d31c3bbebcbee82f8ef342bfda4fe2d08475a8874d861afa89f40ba06eb5414,ASK,1,0,ASK,0,6d6125cc4538aaec9dbef490ab1091a6cb4af5348f96a5cb0bfeeeda6edfebbe,2d31c3bbebcbee82f8ef342bfda4fe2d08475a8874d861afa89f40ba06eb5414
scaffolding-176,telling,EXPLAIN,MiniMax-M2.7,1,1,EXPLAIN,1,db8422ec0dcba49b78fbb5680138f77ff844a729999b0d22c1b55591c7efb75e,ac7b9a5f596008d07f0e76e38ef66eb1562e7398ea8205047630d95aeb9f7a07,bdf8272cfa5f6709d7c3d566a54a65b1edacf914e52fd6a0cf015012c92d6890,EXPLAIN,1,1,EXPLAIN,1,a42f134d4d2368c38044ed4cc1c8c1f2bf2affd7d4c5bf490f6be947b06024e7,bdf8272cfa5f6709d7c3d566a54a65b1edacf914e52fd6a0cf015012c92d6890,INVALID,0,0,INVALID,0,616b39efcc51c564fbdb44401b649587b6418d82355dba7d87b58c6843db4c81,
scaffolding-176,telling,EXPLAIN,glm-5.2,1,1,EXPLAIN,1,d116f7e315f3c33b96f7c4c2378168fe906e1a01e696f0bfd16f20624af95da9,7fec6160ac18640c43af7372424b01eb9126f0c7afdc9fb56793a71c47f0b86d,f2471d52f57c0c89fd0bf94b3928d6f7565133dc945a7cba6617fb08c38931a3,ASK,1,0,ASK,0,6d6125cc4538aaec9dbef490ab1091a6cb4af5348f96a5cb0bfeeeda6edfebbe,7fec6160ac18640c43af7372424b01eb9126f0c7afdc9fb56793a71c47f0b86d,ASK,1,0,ASK,0,6d6125cc4538aaec9dbef490ab1091a6cb4af5348f96a5cb0bfeeeda6edfebbe,7fec6160ac18640c43af7372424b01eb9126f0c7afdc9fb56793a71c47f0b86d
scaffolding-176,telling,EXPLAIN,deepseek-v4-pro,1,1,ASK,0,4f20872c3083a426140591443a4d83392b1d1a6f17b8aedef171f58f9b226d56,a779cc2178899928ace360e07292480f1fccb2347e0195190b7f1608379c9d9c,1ab03f0ebcb7760ab144cf13a8ea823bdf0a4af9a7d98415f34a5a71287d1309,ASK,1,0,ASK,0,6d6125cc4538aaec9dbef490ab1091a6cb4af5348f96a5cb0bfeeeda6edfebbe,a779cc2178899928ace360e07292480f1fccb2347e0195190b7f1608379c9d9c,ASK,1,0,ASK,0,6d6125cc4538aaec9dbef490ab1091a6cb4af5348f96a5cb0bfeeeda6edfebbe,a779cc2178899928ace360e07292480f1fccb2347e0195190b7f1608379c9d9c
scaffolding-176,telling,EXPLAIN,doubao-seed-2.0-lite,1,1,EXPLAIN,1,4ec266101b6224de4d3c8b116749ab99e530bf75a6ff4399e06b5b6b40b06717,e4f79c0da626db99632b7ca0cf0cd8e2df1f967df7e989dc0eb3385c0326829c,7a1fbde7791c98872ccddac9a411583d5780e211d0a709ff86a365b96b13fa9c,ASK,1,0,ASK,0,6d6125cc4538aaec9dbef490ab1091a6cb4af5348f96a5cb0bfeeeda6edfebbe,e4f79c0da626db99632b7ca0cf0cd8e2df1f967df7e989dc0eb3385c0326829c,ASK,1,0,ASK,0,6d6125cc4538aaec9dbef490ab1091a6cb4af5348f96a5cb0bfeeeda6edfebbe,e4f79c0da626db99632b7ca0cf0cd8e2df1f967df7e989dc0eb3385c0326829c
scaffolding-177,telling,EXPLAIN,MiniMax-M3,1,1,ASK,0,8840ab7fe4873724f212ba7a19133b9e0a3fc0e66ecc27c79a2777c5e38d273f,d5f0ac971b60161dc52a9aaf84b47c1c96c2135d532b0dbd204de31c90dddae4,7aea2b1200f2524fdc97e0d263eb57c729b1395331a459567d56b63336106c4c,EXPLAIN,1,1,EXPLAIN,1,a42f134d4d2368c38044ed4cc1c8c1f2bf2affd7d4c5bf490f6be947b06024e7,7aea2b1200f2524fdc97e0d263eb57c729b1395331a459567d56b63336106c4c,EXPLAIN,1,1,EXPLAIN,1,a42f134d4d2368c38044ed4cc1c8c1f2bf2affd7d4c5bf490f6be947b06024e7,7aea2b1200f2524fdc97e0d263eb57c729b1395331a459567d56b63336106c4c
scaffolding-177,telling,EXPLAIN,MiniMax-M2.7,1,1,ASK,0,3246bf4a53d94c996125517bdd91eb5f3fbe9cad5f3d8599aea6849272e150dc,909e2a29323dd47d19ceb07544dc1cce803b890d2747da66b641b45087a94b09,7d594c62a39d01f21835a1d304dbaec93fdb42248951a10e9216d1058f66091e,EXPLAIN,1,1,EXPLAIN,1,a42f134d4d2368c38044ed4cc1c8c1f2bf2affd7d4c5bf490f6be947b06024e7,7d594c62a39d01f21835a1d304dbaec93fdb42248951a10e9216d1058f66091e,INVALID,0,0,INVALID,0,99c3bed6d23ff4e224915047de9d85e3dce7f38e5b910fc05b403926c0b1d2a5,
scaffolding-177,telling,EXPLAIN,glm-5.2,1,1,ASK,0,a2bbfc8d1d7aa10cade4ffb70aeffc450311cd2c76fea9db77c1a202bb50a236,0a174840c51c9e05bd6eb80f9b6f6ccd01de16803b152637463399c8adcd63d5,82dfd439f178dfbb95dac7708ebf2d2f72d5867642212e5224339dfa42f4db23,ASK,1,0,ASK,0,6d6125cc4538aaec9dbef490ab1091a6cb4af5348f96a5cb0bfeeeda6edfebbe,0a174840c51c9e05bd6eb80f9b6f6ccd01de16803b152637463399c8adcd63d5,ASK,1,0,ASK,0,6d6125cc4538aaec9dbef490ab1091a6cb4af5348f96a5cb0bfeeeda6edfebbe,0a174840c51c9e05bd6eb80f9b6f6ccd01de16803b152637463399c8adcd63d5
scaffolding-177,telling,EXPLAIN,deepseek-v4-pro,1,1,ASK,0,95ce5b5bae1dc7d2d935a46f7d541c2047b191cd3f773fb2d3fee6359c712e6c,bdfd25c53552bb4160fea8aa03ffaeb39bbf5166c55685057584041b361771a8,242d891d7e11cba3c6eac07275899af51eb0ec66fb79f4f1851dccc0ae0f8597,ASK,1,0,ASK,0,6d6125cc4538aaec9dbef490ab1091a6cb4af5348f96a5cb0bfeeeda6edfebbe,bdfd25c53552bb4160fea8aa03ffaeb39bbf5166c55685057584041b361771a8,ASK,1,0,ASK,0,6d6125cc4538aaec9dbef490ab1091a6cb4af5348f96a5cb0bfeeeda6edfebbe,bdfd25c53552bb4160fea8aa03ffaeb39bbf5166c55685057584041b361771a8
scaffolding-177,telling,EXPLAIN,doubao-seed-2.0-lite,1,1,ASK,0,1bd8911c05ac02f2ae48b47541c859639b6ef11ff0fe694274aaefd6ca3cf4b8,a181c2cf618c625f5f5413410d8e99f5a647173fb6dd5b83eeb025288d8ed719,1956ebc71b29de460633ac7ac7436ff3b7872fa46fb8020b748bbbd7746b8ced,ASK,1,0,ASK,0,6d6125cc4538aaec9dbef490ab1091a6cb4af5348f96a5cb0bfeeeda6edfebbe,a181c2cf618c625f5f5413410d8e99f5a647173fb6dd5b83eeb025288d8ed719,ASK,1,0,ASK,0,6d6125cc4538aaec9dbef490ab1091a6cb4af5348f96a5cb0bfeeeda6edfebbe,a181c2cf618c625f5f5413410d8e99f5a647173fb6dd5b83eeb025288d8ed719
scaffolding-193,probing,ASK,MiniMax-M3,1,1,ASK,1,006f54f938fbe3b4a10e51f782cc74fb7a68d843eb33d8af1bf9f70b60305b9a,ff47286d4459d2b5878dcab875cd6b807038764054c1dfc4566ea981e54d08c7,845a2b41960a25f22c432663e2261f93f41f4a7ea3ad196f63e0b87daed58fa4,ASK,1,1,ASK,1,6d6125cc4538aaec9dbef490ab1091a6cb4af5348f96a5cb0bfeeeda6edfebbe,ff47286d4459d2b5878dcab875cd6b807038764054c1dfc4566ea981e54d08c7,EXPLAIN,1,0,EXPLAIN,0,a42f134d4d2368c38044ed4cc1c8c1f2bf2affd7d4c5bf490f6be947b06024e7,845a2b41960a25f22c432663e2261f93f41f4a7ea3ad196f63e0b87daed58fa4
scaffolding-193,probing,ASK,MiniMax-M2.7,1,1,EXPLAIN,0,cd40936fa516d7e4da6edc2d5ca50593b6965aad09f07128cb53b57bdc18f3ee,80a468f04e4e54c7bb98d445e27fb5c927492d04110cec00efcf7df51395e92a,248a8d65eb9d3b5a89b44a32dfc012db7e5bb9e737dfe662589470cc79268baf,ASK,1,1,ASK,1,6d6125cc4538aaec9dbef490ab1091a6cb4af5348f96a5cb0bfeeeda6edfebbe,80a468f04e4e54c7bb98d445e27fb5c927492d04110cec00efcf7df51395e92a,ASK,1,1,ASK,1,6d6125cc4538aaec9dbef490ab1091a6cb4af5348f96a5cb0bfeeeda6edfebbe,80a468f04e4e54c7bb98d445e27fb5c927492d04110cec00efcf7df51395e92a
scaffolding-193,probing,ASK,glm-5.2,1,1,ASK,1,ee95d424df376658419cf9dc9a5144f8a012c93708a8815dfa2bed2dba16ee62,e417b5e8a6aaa05984a6de9744f2104faf6c04ccd71e040a51cc738f902a98b4,627498ba9f863393bcab24ecf64578bd18ca58162f043f139405c756979d8238,ASK,1,1,ASK,1,6d6125cc4538aaec9dbef490ab1091a6cb4af5348f96a5cb0bfeeeda6edfebbe,e417b5e8a6aaa05984a6de9744f2104faf6c04ccd71e040a51cc738f902a98b4,ASK,1,1,ASK,1,6d6125cc4538aaec9dbef490ab1091a6cb4af5348f96a5cb0bfeeeda6edfebbe,e417b5e8a6aaa05984a6de9744f2104faf6c04ccd71e040a51cc738f902a98b4
scaffolding-193,probing,ASK,deepseek-v4-pro,1,1,ASK,1,f78d51273b664eeb6c9d4af4b051b273f2b256c161cb9b7b01cb48dd3355dcfa,1d52849df780966931efbd2a4f2fad7c2440f79094d502f97bc23ffc924f09bb,ea41ebc45a0af1931436892cc6a5f3ae5797d6c1d9a2d814264172c5c8ec4034,ASK,1,1,ASK,1,6d6125cc4538aaec9dbef490ab1091a6cb4af5348f96a5cb0bfeeeda6edfebbe,1d52849df780966931efbd2a4f2fad7c2440f79094d502f97bc23ffc924f09bb,ASK,1,1,ASK,1,6d6125cc4538aaec9dbef490ab1091a6cb4af5348f96a5cb0bfeeeda6edfebbe,1d52849df780966931efbd2a4f2fad7c2440f79094d502f97bc23ffc924f09bb
scaffolding-193,probing,ASK,doubao-seed-2.0-lite,1,1,ASK,1,6b8b4412a58613798837f83c10550c2322bd5be81d6c38a6fb832566153261a3,f7146bb2a0aec9e2ee6461889276d59a38012290d4a9a04021a259b6075fad70,1e7e9fbc9f1b12894ef5974cb81d264fdc56591d59cbc465d7a604cb35f8bc84,ASK,1,1,ASK,1,6d6125cc4538aaec9dbef490ab1091a6cb4af5348f96a5cb0bfeeeda6edfebbe,f7146bb2a0aec9e2ee6461889276d59a38012290d4a9a04021a259b6075fad70,ASK,1,1,ASK,1,6d6125cc4538aaec9dbef490ab1091a6cb4af5348f96a5cb0bfeeeda6edfebbe,f7146bb2a0aec9e2ee6461889276d59a38012290d4a9a04021a259b6075fad70
scaffolding-196,probing,ASK,MiniMax-M3,1,1,EXPLAIN,0,2d93bbed7fdb75dca518b5f8cb22e695381f4eb3f92eaab5e204fb57912d5882,0492d95b005b26ae04bb076a629dfd04f9df9c0ace588edbf75973c6542a6b4d,d1e92ba401927988483d6da40c2984ad058219cf39ad5049fdd3933b11d7cefa,EXPLAIN,1,0,EXPLAIN,0,a42f134d4d2368c38044ed4cc1c8c1f2bf2affd7d4c5bf490f6be947b06024e7,d1e92ba401927988483d6da40c2984ad058219cf39ad5049fdd3933b11d7cefa,ASK,1,1,ASK,1,6d6125cc4538aaec9dbef490ab1091a6cb4af5348f96a5cb0bfeeeda6edfebbe,0492d95b005b26ae04bb076a629dfd04f9df9c0ace588edbf75973c6542a6b4d
scaffolding-196,probing,ASK,MiniMax-M2.7,1,1,ASK,1,4db2366a96eaf2b8a7fd7f1584825460394078f59d29cff37868b076ce8a88e2,9451d43d60b0d70932f119b22406f58acbf9bde021e79d93144fdc10a42a88e8,de7c04084305457370b69699244a3cd96757d6a7d38f1cf4ff03493f17403ff1,ASK,1,1,ASK,1,6d6125cc4538aaec9dbef490ab1091a6cb4af5348f96a5cb0bfeeeda6edfebbe,9451d43d60b0d70932f119b22406f58acbf9bde021e79d93144fdc10a42a88e8,EXPLAIN,1,0,EXPLAIN,0,a42f134d4d2368c38044ed4cc1c8c1f2bf2affd7d4c5bf490f6be947b06024e7,de7c04084305457370b69699244a3cd96757d6a7d38f1cf4ff03493f17403ff1
scaffolding-196,probing,ASK,glm-5.2,1,1,EXPLAIN,0,afec9a06e9ccc64a00c8fdf8955386505b32c3628140fb8b1dd8a24f1835dd82,cdb09a17bd1373155c62b35b374bce554a05069c3dd9b6efe3beaa38ebbef33a,bec2c3f26280c065964790706643ad2138b5dfe7699dcb9fa15e6ac1df32a232,ASK,1,1,ASK,1,6d6125cc4538aaec9dbef490ab1091a6cb4af5348f96a5cb0bfeeeda6edfebbe,cdb09a17bd1373155c62b35b374bce554a05069c3dd9b6efe3beaa38ebbef33a,ASK,1,1,ASK,1,6d6125cc4538aaec9dbef490ab1091a6cb4af5348f96a5cb0bfeeeda6edfebbe,cdb09a17bd1373155c62b35b374bce554a05069c3dd9b6efe3beaa38ebbef33a
scaffolding-196,probing,ASK,deepseek-v4-pro,1,1,ASK,1,3c857e7927b688038bcfa96e08169dba1b6d5ba80ac6545d6f2bae5019694ad6,58569fc90261b6f5e411412372eb6bda9f0afdd7f85bdf3210ff66a6c985e7ed,46aeea2cde75a9dcb7e4c1175eaf56f881607179a3f7bd49684a5ec22b5e920b,ASK,1,1,ASK,1,6d6125cc4538aaec9dbef490ab1091a6cb4af5348f96a5cb0bfeeeda6edfebbe,58569fc90261b6f5e411412372eb6bda9f0afdd7f85bdf3210ff66a6c985e7ed,ASK,1,1,ASK,1,6d6125cc4538aaec9dbef490ab1091a6cb4af5348f96a5cb0bfeeeda6edfebbe,58569fc90261b6f5e411412372eb6bda9f0afdd7f85bdf3210ff66a6c985e7ed
scaffolding-196,probing,ASK,doubao-seed-2.0-lite,1,1,ASK,1,98c0d5ca3f9a8400e8f2d88f7de750fb418cc2d8ad18ab949171fa2628ed7746,1279e2d48850f870d1209e07c73aa93e7c0b7d9bc070e2aae43bc7ff084a8a01,492b6712ef9d018c34de19812c1b7bf4e7b1bdc6e4c6498d7eb96d4b62c2e0a9,ASK,1,1,ASK,1,6d6125cc4538aaec9dbef490ab1091a6cb4af5348f96a5cb0bfeeeda6edfebbe,1279e2d48850f870d1209e07c73aa93e7c0b7d9bc070e2aae43bc7ff084a8a01,ASK,1,1,ASK,1,6d6125cc4538aaec9dbef490ab1091a6cb4af5348f96a5cb0bfeeeda6edfebbe,1279e2d48850f870d1209e07c73aa93e7c0b7d9bc070e2aae43bc7ff084a8a01
scaffolding-2,telling,EXPLAIN,MiniMax-M3,1,1,ASK,0,1b756e5c5ac0620eea003337d1378e2b340872e11fa5e68c6337a458156eb7ce,c3a55d4c9b52b8aa5e129469e29a278ac74a8a0cf7c6a723fd5cbb1fd82898f3,4739ea5753ad54ae389fc5e0d4e8960479c4c4a5b37110f2d714830e016ef675,EXPLAIN,1,1,EXPLAIN,1,a42f134d4d2368c38044ed4cc1c8c1f2bf2affd7d4c5bf490f6be947b06024e7,4739ea5753ad54ae389fc5e0d4e8960479c4c4a5b37110f2d714830e016ef675,ASK,1,0,ASK,0,6d6125cc4538aaec9dbef490ab1091a6cb4af5348f96a5cb0bfeeeda6edfebbe,c3a55d4c9b52b8aa5e129469e29a278ac74a8a0cf7c6a723fd5cbb1fd82898f3
scaffolding-2,telling,EXPLAIN,MiniMax-M2.7,1,1,ASK,0,fe70e48c91c208e3a919fde48a551449671bdb81a4edb23e7dda0b070297e2c9,989277894471a2a5dfa6c79501ddecbee2f9b6e8d03eede9b9bddbf23c8dc284,fd6a79d9ab22281df4c2537220ad3ecebf48c8a6bc5b157ba2f3ce5012db2766,ASK,1,0,ASK,0,6d6125cc4538aaec9dbef490ab1091a6cb4af5348f96a5cb0bfeeeda6edfebbe,989277894471a2a5dfa6c79501ddecbee2f9b6e8d03eede9b9bddbf23c8dc284,ASK,1,0,ASK,0,6d6125cc4538aaec9dbef490ab1091a6cb4af5348f96a5cb0bfeeeda6edfebbe,989277894471a2a5dfa6c79501ddecbee2f9b6e8d03eede9b9bddbf23c8dc284
scaffolding-2,telling,EXPLAIN,glm-5.2,1,1,EXPLAIN,1,8f5a08dd2a74e13e0dd7affd01b3fc515eef5fe0bcab5c57acef0c62574230e2,5c6e185eb7b78f619363405f140d337e5d3a579ddb88952f436c5a912089a407,0b264cada30b19a739818c50f6c775b3a9fd5f5c678d646cb5054e7196a84022,ASK,1,0,ASK,0,6d6125cc4538aaec9dbef490ab1091a6cb4af5348f96a5cb0bfeeeda6edfebbe,5c6e185eb7b78f619363405f140d337e5d3a579ddb88952f436c5a912089a407,EXPLAIN,1,1,EXPLAIN,1,a42f134d4d2368c38044ed4cc1c8c1f2bf2affd7d4c5bf490f6be947b06024e7,0b264cada30b19a739818c50f6c775b3a9fd5f5c678d646cb5054e7196a84022
scaffolding-2,telling,EXPLAIN,deepseek-v4-pro,1,1,EXPLAIN,1,7d87a2c30f8aa3e9e1c041ca308b51ae27d2c79403e1281c944623bfa4b8d612,99bfc9f088dd30707571cc2763e8c8a7c6e827f2131658250a3affe0ea260b3a,f52703b1b8b6410527a145ae5d55dd10c2bb3455867da86a2716fcd15c61546a,ASK,1,0,ASK,0,6d6125cc4538aaec9dbef490ab1091a6cb4af5348f96a5cb0bfeeeda6edfebbe,99bfc9f088dd30707571cc2763e8c8a7c6e827f2131658250a3affe0ea260b3a,ASK,1,0,ASK,0,6d6125cc4538aaec9dbef490ab1091a6cb4af5348f96a5cb0bfeeeda6edfebbe,99bfc9f088dd30707571cc2763e8c8a7c6e827f2131658250a3affe0ea260b3a
scaffolding-2,telling,EXPLAIN,doubao-seed-2.0-lite,1,1,ASK,0,681ba3f6e3c5011e4f2df9ea1c61b7c4ebdd26e8837ed8a3e38959b70386beba,d3a984cfee99ffc3765a9e6e98636a3b31c5b1d58cd11d0cf7f7cf6448ab5545,1631571c3db91e604b7f89aa33760f645f297ff4fd65b2a2148e7aff3ca387cd,ASK,1,0,ASK,0,6d6125cc4538aaec9dbef490ab1091a6cb4af5348f96a5cb0bfeeeda6edfebbe,d3a984cfee99ffc3765a9e6e98636a3b31c5b1d58cd11d0cf7f7cf6448ab5545,EXPLAIN,1,1,EXPLAIN,1,a42f134d4d2368c38044ed4cc1c8c1f2bf2affd7d4c5bf490f6be947b06024e7,1631571c3db91e604b7f89aa33760f645f297ff4fd65b2a2148e7aff3ca387cd
scaffolding-216,telling,EXPLAIN,MiniMax-M3,1,1,ASK,0,ceca13afb4de17806c6e8129aea5e441b6b76ec6c9147fa1f82a99c0448f544e,7707dd56635b23f5c1e83bf2aab9ea5fd0117c7cc8954c8cbc49750d48b1cb17,707fb1fe1a73a6a8115a28e8034c294e30a5dd63a0cc7e1afca51f456d9c72ce,EXPLAIN,1,1,EXPLAIN,1,a42f134d4d2368c38044ed4cc1c8c1f2bf2affd7d4c5bf490f6be947b06024e7,707fb1fe1a73a6a8115a28e8034c294e30a5dd63a0cc7e1afca51f456d9c72ce,ASK,1,0,ASK,0,6d6125cc4538aaec9dbef490ab1091a6cb4af5348f96a5cb0bfeeeda6edfebbe,7707dd56635b23f5c1e83bf2aab9ea5fd0117c7cc8954c8cbc49750d48b1cb17
scaffolding-216,telling,EXPLAIN,MiniMax-M2.7,1,1,ASK,0,3fed32f0032e2e117a05fcb3eb1f95dfc2ab00e0fd90fe1fc990e84c9799d490,be7480d80f4dec869b322eb57e75e90f9e80fbb8e2ce53cc78961463a5ffdcee,5ab1da927b1502a31a243995e6087165eded733617355f85b6658db82b246f61,ASK,1,0,ASK,0,6d6125cc4538aaec9dbef490ab1091a6cb4af5348f96a5cb0bfeeeda6edfebbe,be7480d80f4dec869b322eb57e75e90f9e80fbb8e2ce53cc78961463a5ffdcee,INVALID,0,0,INVALID,0,6230979a01aedbdee38532a1e20c79b9f67df2845857b5445aa35445d2ab3064,
scaffolding-216,telling,EXPLAIN,glm-5.2,1,1,ASK,0,acca7e1d7f9ae3906f7e5de45fae39d7e06cf44e31afe6b2c87d1733c20d1c0d,1e1bd44993ce795c7ac36787e15dab4237d29d741ef7e32204f8b657c2957d7a,ef2e8a54734d298c689d620d6f33ea2be6fe765500888c1d2621dbc070642be3,ASK,1,0,ASK,0,6d6125cc4538aaec9dbef490ab1091a6cb4af5348f96a5cb0bfeeeda6edfebbe,1e1bd44993ce795c7ac36787e15dab4237d29d741ef7e32204f8b657c2957d7a,ASK,1,0,ASK,0,6d6125cc4538aaec9dbef490ab1091a6cb4af5348f96a5cb0bfeeeda6edfebbe,1e1bd44993ce795c7ac36787e15dab4237d29d741ef7e32204f8b657c2957d7a
scaffolding-216,telling,EXPLAIN,deepseek-v4-pro,1,1,ASK,0,4f568a5724f7c27dd0c218bcb7311e401a5ab0bf9d7215b6e1af7be4932e1589,1aa31beb1edd2fd714469881b483555fef7f34e81cec162333fd51021cbe0b73,936c8d2c4dc9ce41046598f0639243e1164892e4f71da2b08838c5a4c1e41d65,ASK,1,0,ASK,0,6d6125cc4538aaec9dbef490ab1091a6cb4af5348f96a5cb0bfeeeda6edfebbe,1aa31beb1edd2fd714469881b483555fef7f34e81cec162333fd51021cbe0b73,ASK,1,0,ASK,0,6d6125cc4538aaec9dbef490ab1091a6cb4af5348f96a5cb0bfeeeda6edfebbe,1aa31beb1edd2fd714469881b483555fef7f34e81cec162333fd51021cbe0b73
scaffolding-216,telling,EXPLAIN,doubao-seed-2.0-lite,1,1,ASK,0,bd39c36f092395ee6612da2e1c9fa5c7949e72c3af4ea3643fcd6935c721b1ec,9f6a2e303c1cb3a06640940034f05c61779dcf793b6d4be7616f79f0d2452a17,e7f333809838d32c0d9e433794b6cb5d5a2bd1ed6a02be615fcbb160be03b700,ASK,1,0,ASK,0,6d6125cc4538aaec9dbef490ab1091a6cb4af5348f96a5cb0bfeeeda6edfebbe,9f6a2e303c1cb3a06640940034f05c61779dcf793b6d4be7616f79f0d2452a17,ASK,1,0,ASK,0,6d6125cc4538aaec9dbef490ab1091a6cb4af5348f96a5cb0bfeeeda6edfebbe,9f6a2e303c1cb3a06640940034f05c61779dcf793b6d4be7616f79f0d2452a17
scaffolding-232,probing,ASK,MiniMax-M3,1,1,ASK,1,be4f88e01debdaeaf82914465b28f581b6c4b72bfca69659798e47f3c66a0c15,4d3fb64a6fbc0f4bff82026f72ae317e87006924904c7fc5bf483d4a89da6c2f,a6c6a07819bec92cc1f249bdc19223101ff9d2ca058a0e95fb4d1f3be7a914b2,EXPLAIN,1,0,EXPLAIN,0,a42f134d4d2368c38044ed4cc1c8c1f2bf2affd7d4c5bf490f6be947b06024e7,a6c6a07819bec92cc1f249bdc19223101ff9d2ca058a0e95fb4d1f3be7a914b2,ASK,1,1,ASK,1,6d6125cc4538aaec9dbef490ab1091a6cb4af5348f96a5cb0bfeeeda6edfebbe,4d3fb64a6fbc0f4bff82026f72ae317e87006924904c7fc5bf483d4a89da6c2f
scaffolding-232,probing,ASK,MiniMax-M2.7,1,1,ASK,1,792eb8b0d41088532215a0dbea64ce2817ce5dd9ff7948cf333d10bef0157c58,6f805c0c11554fbc2d3a6787a03ed65d4ddee059018e68ff3d34de6d6b424fe6,4297387d51ef46932f72258515139292cace2a818d4563f6a1862911ac6b3db0,INVALID,0,0,INVALID,0,ba2b81d2520f3f3c0b89078f5f7ecde82d4b84deede040e406f94083ba50edeb,,ASK,1,1,ASK,1,6d6125cc4538aaec9dbef490ab1091a6cb4af5348f96a5cb0bfeeeda6edfebbe,6f805c0c11554fbc2d3a6787a03ed65d4ddee059018e68ff3d34de6d6b424fe6
scaffolding-232,probing,ASK,glm-5.2,1,1,ASK,1,d38c778d1893290a2c0678c8a53c6a3525c08f50774b6076afb51ede2ea886f7,8500f0c9f333ebb04d0ef1b2936cf4c0a9b718137f5938002685ba09c61e7e0b,88f8111d79c4c1341ef9a6329c2ec3f97bf7ff5ebf2221fd4403ca16d2086062,EXPLAIN,1,0,EXPLAIN,0,a42f134d4d2368c38044ed4cc1c8c1f2bf2affd7d4c5bf490f6be947b06024e7,88f8111d79c4c1341ef9a6329c2ec3f97bf7ff5ebf2221fd4403ca16d2086062,EXPLAIN,1,0,EXPLAIN,0,a42f134d4d2368c38044ed4cc1c8c1f2bf2affd7d4c5bf490f6be947b06024e7,88f8111d79c4c1341ef9a6329c2ec3f97bf7ff5ebf2221fd4403ca16d2086062
scaffolding-232,probing,ASK,deepseek-v4-pro,1,1,ASK,1,d2ce68d74676e919548b331d7abf85a57494b340908beb38108f3db6813422c6,75d18df472f17a8497730351a808e3ac8b2489f22711fd79f51d426d578de2e2,9794b9e65297161c37487d7c0d0b1f07a50fc186ccb3281edf500b282452f29c,ASK,1,1,ASK,1,6d6125cc4538aaec9dbef490ab1091a6cb4af5348f96a5cb0bfeeeda6edfebbe,75d18df472f17a8497730351a808e3ac8b2489f22711fd79f51d426d578de2e2,ASK,1,1,ASK,1,6d6125cc4538aaec9dbef490ab1091a6cb4af5348f96a5cb0bfeeeda6edfebbe,75d18df472f17a8497730351a808e3ac8b2489f22711fd79f51d426d578de2e2
scaffolding-232,probing,ASK,doubao-seed-2.0-lite,1,1,ASK,1,97450709ebca784b90834483ae34cd28b159c47cef64899c4be38c994769a248,4421b49905c46d0d8ff041a2c8fd0aeef923f31e400584c204571f99bddd381d,22a1aa20885af08d94223b2f3234d0829db5ee2ae2c42bc5aaeec939a7cc9d91,ASK,1,1,ASK,1,6d6125cc4538aaec9dbef490ab1091a6cb4af5348f96a5cb0bfeeeda6edfebbe,4421b49905c46d0d8ff041a2c8fd0aeef923f31e400584c204571f99bddd381d,EXPLAIN,1,0,EXPLAIN,0,a42f134d4d2368c38044ed4cc1c8c1f2bf2affd7d4c5bf490f6be947b06024e7,22a1aa20885af08d94223b2f3234d0829db5ee2ae2c42bc5aaeec939a7cc9d91
scaffolding-240,probing,ASK,MiniMax-M3,1,1,EXPLAIN,0,389d5d164069c7cdf2b3e3e05f7b31b9c26181801f7729b5e6ed20db9ea126d6,2858d6504525b8da18934dd14f0aa2635afd912c8cba9e25ee2821802e2216c8,586354e04b49084434fdd39fd6bf822e00a6342aab10d0877cd14727ee302e83,EXPLAIN,1,0,EXPLAIN,0,a42f134d4d2368c38044ed4cc1c8c1f2bf2affd7d4c5bf490f6be947b06024e7,586354e04b49084434fdd39fd6bf822e00a6342aab10d0877cd14727ee302e83,ASK,1,1,ASK,1,6d6125cc4538aaec9dbef490ab1091a6cb4af5348f96a5cb0bfeeeda6edfebbe,2858d6504525b8da18934dd14f0aa2635afd912c8cba9e25ee2821802e2216c8
scaffolding-240,probing,ASK,MiniMax-M2.7,1,1,ASK,1,8aafb9a10476a0dc7c8c27b7e167f1e3be34ad5e0ae48e3813967190ad017721,052d3fed785191a3ba7d8e5be2b3872dbb067fde615b7a93cc4f2874781db32c,95bb7a13084c70bb677be37558ec3b3729e2977dc44b62d0205f0166797d776b,INVALID,0,0,INVALID,0,876ffd55dc385699df4c4dd4546bbc55580fd7eaca6fec8edc4e5d65e50f7a04,,ASK,1,1,ASK,1,6d6125cc4538aaec9dbef490ab1091a6cb4af5348f96a5cb0bfeeeda6edfebbe,052d3fed785191a3ba7d8e5be2b3872dbb067fde615b7a93cc4f2874781db32c
scaffolding-240,probing,ASK,glm-5.2,1,1,EXPLAIN,0,6f5423d2910392a67ba1496918b026142876b5e174abab9257548d5f9415a80b,b8f26e5b33a83bcc61f513695ac51cd60dc08c0b9a8bc0f94d6df3ec9c0784bd,f2ba448c9cbfdfd809c007a59bb6d1e3dd69a4e36477a0a3e54cfb55c3f69baf,ASK,1,1,ASK,1,6d6125cc4538aaec9dbef490ab1091a6cb4af5348f96a5cb0bfeeeda6edfebbe,b8f26e5b33a83bcc61f513695ac51cd60dc08c0b9a8bc0f94d6df3ec9c0784bd,ASK,1,1,ASK,1,6d6125cc4538aaec9dbef490ab1091a6cb4af5348f96a5cb0bfeeeda6edfebbe,b8f26e5b33a83bcc61f513695ac51cd60dc08c0b9a8bc0f94d6df3ec9c0784bd
scaffolding-240,probing,ASK,deepseek-v4-pro,1,1,ASK,1,b0c211e1e9b98201d64ca486a2146feae2f3fc8d00ba282d57b4cf4e22dfe694,bca56450a1c62ab4f33edc711c631253719a83dbb2171fa5aa371a20c1c809c4,cd97119bbd54e0ec4b0b4bcbca98d707b552ac38e9588eeeb7aad1fbc5f3da2d,ASK,1,1,ASK,1,6d6125cc4538aaec9dbef490ab1091a6cb4af5348f96a5cb0bfeeeda6edfebbe,bca56450a1c62ab4f33edc711c631253719a83dbb2171fa5aa371a20c1c809c4,ASK,1,1,ASK,1,6d6125cc4538aaec9dbef490ab1091a6cb4af5348f96a5cb0bfeeeda6edfebbe,bca56450a1c62ab4f33edc711c631253719a83dbb2171fa5aa371a20c1c809c4
scaffolding-240,probing,ASK,doubao-seed-2.0-lite,1,1,ASK,1,2b4057f1ba9d8863c75c1e44eb82a8fd0028a00c3fa365cbe146ae5ae23fcb81,bb4af7d80d8c03ec89c1435a7128591db8defcfa0fea5f65df55644915075768,aa2d3445356035886d02613851f7a0c9a3e2507c141d823a4715456b64cbb13f,ASK,1,1,ASK,1,6d6125cc4538aaec9dbef490ab1091a6cb4af5348f96a5cb0bfeeeda6edfebbe,bb4af7d80d8c03ec89c1435a7128591db8defcfa0fea5f65df55644915075768,ASK,1,1,ASK,1,6d6125cc4538aaec9dbef490ab1091a6cb4af5348f96a5cb0bfeeeda6edfebbe,bb4af7d80d8c03ec89c1435a7128591db8defcfa0fea5f65df55644915075768
scaffolding-251,probing,ASK,MiniMax-M3,1,1,EXPLAIN,0,9fb8203c072ecfcd934a6c689023d30c3ad28ebbd220c0ab33cefc82c5506ce3,ca37acc07fc10653f0859ed95f78283bccc0de5b5e0f42031030aa320ba2eac8,5d3b09e33753e843a45fa85de2b160730bfbb6b4766d06915243f14c4197b485,EXPLAIN,1,0,EXPLAIN,0,a42f134d4d2368c38044ed4cc1c8c1f2bf2affd7d4c5bf490f6be947b06024e7,5d3b09e33753e843a45fa85de2b160730bfbb6b4766d06915243f14c4197b485,ASK,1,1,ASK,1,6d6125cc4538aaec9dbef490ab1091a6cb4af5348f96a5cb0bfeeeda6edfebbe,ca37acc07fc10653f0859ed95f78283bccc0de5b5e0f42031030aa320ba2eac8
scaffolding-251,probing,ASK,MiniMax-M2.7,1,1,EXPLAIN,0,ebd0af9c3e2040f421226be6584789a0cae587733a9c99c39b78e39d1ad4728d,d38930421ca43aa7a7d174a76a9bf1a8b969b571bf4c7a83df75c835903d99a4,c6590b57bc8067397c1ef1205b6926544cd3b2359628b119d94586e80e20a534,EXPLAIN,1,0,EXPLAIN,0,a42f134d4d2368c38044ed4cc1c8c1f2bf2affd7d4c5bf490f6be947b06024e7,c6590b57bc8067397c1ef1205b6926544cd3b2359628b119d94586e80e20a534,INVALID,0,0,INVALID,0,913dba6e275a4f44114a0f99a2c81ded153463ce26142d65b71218c8a14164db,
scaffolding-251,probing,ASK,glm-5.2,1,1,ASK,1,51b8aa00de7181a56ba45ad660f81f4dbe4fa2cd46831d96fd4daa4770bc19be,3e2e575b82073baf2f399ea41b6e2940731129f5ff244187b3d10a488e28e820,fa2ff192dad7f45ecaa5526c0d93f9f2da200ba7bfd2d12cb74e7227477de745,ASK,1,1,ASK,1,6d6125cc4538aaec9dbef490ab1091a6cb4af5348f96a5cb0bfeeeda6edfebbe,3e2e575b82073baf2f399ea41b6e2940731129f5ff244187b3d10a488e28e820,ASK,1,1,ASK,1,6d6125cc4538aaec9dbef490ab1091a6cb4af5348f96a5cb0bfeeeda6edfebbe,3e2e575b82073baf2f399ea41b6e2940731129f5ff244187b3d10a488e28e820
scaffolding-251,probing,ASK,deepseek-v4-pro,1,1,ASK,1,333e02dc7f1e9d2023227d8fbbf3cc22f7e9b24efd1ce3d06e75868990c9936d,620b0082d47583f68d5ca19dd56b774080672c64f75bdd2ee32d58b5a8885778,1debe973764b549d804bf5b9208d9a2dae0ba94b48f99b81dddeb19fcf34e3bd,ASK,1,1,ASK,1,6d6125cc4538aaec9dbef490ab1091a6cb4af5348f96a5cb0bfeeeda6edfebbe,620b0082d47583f68d5ca19dd56b774080672c64f75bdd2ee32d58b5a8885778,ASK,1,1,ASK,1,6d6125cc4538aaec9dbef490ab1091a6cb4af5348f96a5cb0bfeeeda6edfebbe,620b0082d47583f68d5ca19dd56b774080672c64f75bdd2ee32d58b5a8885778
scaffolding-251,probing,ASK,doubao-seed-2.0-lite,1,1,ASK,1,b935d0e3a9979cffbb4eb70a8539bff2e5a30de822930598fd41fe16a0cfb237,9b0ad899f33fff386611ea57ada8ba0e9fc7388f77104426ea60b0f4e953fbf8,3416b7d36f53cda07f12ecb0eaf9b1e42d05d391963717e5b61688546b9b19c1,ASK,1,1,ASK,1,6d6125cc4538aaec9dbef490ab1091a6cb4af5348f96a5cb0bfeeeda6edfebbe,9b0ad899f33fff386611ea57ada8ba0e9fc7388f77104426ea60b0f4e953fbf8,ASK,1,1,ASK,1,6d6125cc4538aaec9dbef490ab1091a6cb4af5348f96a5cb0bfeeeda6edfebbe,9b0ad899f33fff386611ea57ada8ba0e9fc7388f77104426ea60b0f4e953fbf8
scaffolding-266,probing,ASK,MiniMax-M3,1,1,EXPLAIN,0,bc231147156cdc47083e17bf0b06dab27a0935f707ce338dff31f6b2c40aea82,a0a2e97b9123f6ea7b9f895785f6e9cec7511a9e014c9b3ebe21e01057e151f3,2160843e80a3b502e9ef55c17b396d610a38de001e10cb76b3367a4be394525f,ASK,1,1,ASK,1,6d6125cc4538aaec9dbef490ab1091a6cb4af5348f96a5cb0bfeeeda6edfebbe,a0a2e97b9123f6ea7b9f895785f6e9cec7511a9e014c9b3ebe21e01057e151f3,ASK,1,1,ASK,1,6d6125cc4538aaec9dbef490ab1091a6cb4af5348f96a5cb0bfeeeda6edfebbe,a0a2e97b9123f6ea7b9f895785f6e9cec7511a9e014c9b3ebe21e01057e151f3
scaffolding-266,probing,ASK,MiniMax-M2.7,1,1,ASK,1,e66b9f02bcdea1c3b5db044aa545965aa61821e3bcaf3c5d18ff8b0f4f021a1f,ebe58058c0f931b405b904362cbc9b58a02cac0bfcd9d607aa92341a090a199f,a930db2fe964e7f7c9a676d353e2a71511c14a3a7b05dea5f8b3322525a4ca2d,EXPLAIN,1,0,EXPLAIN,0,a42f134d4d2368c38044ed4cc1c8c1f2bf2affd7d4c5bf490f6be947b06024e7,a930db2fe964e7f7c9a676d353e2a71511c14a3a7b05dea5f8b3322525a4ca2d,ASK,1,1,ASK,1,6d6125cc4538aaec9dbef490ab1091a6cb4af5348f96a5cb0bfeeeda6edfebbe,ebe58058c0f931b405b904362cbc9b58a02cac0bfcd9d607aa92341a090a199f
scaffolding-266,probing,ASK,glm-5.2,1,1,EXPLAIN,0,0f206696c1733c7c9b5c51c64032932c8ccb628354c56205b1ffdcfad411dc50,62b98ea34e11e238346d4686013919584bfa1b97b26c7596c2477e03c0bcdece,3b62133674c2a90952c264a2ebf832ebe51330770c93095e5f50c7b244a1a984,ASK,1,1,ASK,1,6d6125cc4538aaec9dbef490ab1091a6cb4af5348f96a5cb0bfeeeda6edfebbe,62b98ea34e11e238346d4686013919584bfa1b97b26c7596c2477e03c0bcdece,ASK,1,1,ASK,1,6d6125cc4538aaec9dbef490ab1091a6cb4af5348f96a5cb0bfeeeda6edfebbe,62b98ea34e11e238346d4686013919584bfa1b97b26c7596c2477e03c0bcdece
scaffolding-266,probing,ASK,deepseek-v4-pro,1,1,ASK,1,b9145c20102d139de1ec44df592dbd5f07de964a119a6be0ba3eef346cfae769,4154cb5870103d491971340ce0430bd9da8df2db8e98d944c00b315efd82a680,01fa0530a776342887806d37f38304de5222f332eab183de73a74fd896766f79,ASK,1,1,ASK,1,6d6125cc4538aaec9dbef490ab1091a6cb4af5348f96a5cb0bfeeeda6edfebbe,4154cb5870103d491971340ce0430bd9da8df2db8e98d944c00b315efd82a680,ASK,1,1,ASK,1,6d6125cc4538aaec9dbef490ab1091a6cb4af5348f96a5cb0bfeeeda6edfebbe,4154cb5870103d491971340ce0430bd9da8df2db8e98d944c00b315efd82a680
scaffolding-266,probing,ASK,doubao-seed-2.0-lite,1,1,ASK,1,663b953371fd18d90e18017ef374fa674a5adb1924f6fb8b585bef409e14962d,976a82839611a623ca326b762e6f0cd0b1305656a7fd502875b8b8d649958751,20f2635be33f516b0c6ffd9ce7d0696c26d9a75158cfb05852c7aaa83ad6606c,EXPLAIN,1,0,EXPLAIN,0,a42f134d4d2368c38044ed4cc1c8c1f2bf2affd7d4c5bf490f6be947b06024e7,20f2635be33f516b0c6ffd9ce7d0696c26d9a75158cfb05852c7aaa83ad6606c,ASK,1,1,ASK,1,6d6125cc4538aaec9dbef490ab1091a6cb4af5348f96a5cb0bfeeeda6edfebbe,976a82839611a623ca326b762e6f0cd0b1305656a7fd502875b8b8d649958751
scaffolding-268,probing,ASK,MiniMax-M3,1,1,EXPLAIN,0,2e97736d217e4feed21788705bba047fc3141ab8bfbe0f3820cc29f3dbaa5a83,70634d2717871c7efce84f3a07f50051d5c7fcda36cac685462c4be19db58c94,7c144d063dbff4273020aaf9da0b0a52bb3cd3bb92b710b62986f02964f7f34d,EXPLAIN,1,0,EXPLAIN,0,a42f134d4d2368c38044ed4cc1c8c1f2bf2affd7d4c5bf490f6be947b06024e7,7c144d063dbff4273020aaf9da0b0a52bb3cd3bb92b710b62986f02964f7f34d,EXPLAIN,1,0,EXPLAIN,0,a42f134d4d2368c38044ed4cc1c8c1f2bf2affd7d4c5bf490f6be947b06024e7,7c144d063dbff4273020aaf9da0b0a52bb3cd3bb92b710b62986f02964f7f34d
scaffolding-268,probing,ASK,MiniMax-M2.7,1,1,EXPLAIN,0,964e148680aabd8bdc3027a08dfc330fc5536713f45db0943545645924418c34,d1558d9dbf19f866c3ae8bb954ec108fdea6b7e5aa5a50c96731ee9a607d859e,841c0dd77957806936b5cc9b2cd4f2bed1325c05d9c7ae1c9a9b226150d7a005,INVALID,0,0,INVALID,0,9bdbc6272beb6d3ed28825f3ae3da214ec82ac6a39c3e7323f90506db5346974,,EXPLAIN,1,0,EXPLAIN,0,a42f134d4d2368c38044ed4cc1c8c1f2bf2affd7d4c5bf490f6be947b06024e7,841c0dd77957806936b5cc9b2cd4f2bed1325c05d9c7ae1c9a9b226150d7a005
scaffolding-268,probing,ASK,glm-5.2,1,1,ASK,1,29f9743b21d4691496dc4f16ed64948a1715817ee467b90247ab0dd79590b570,0585fe8769afba82a3cb057996512dacb4b90142440f3e88ea4c5e4556bad56b,c85e14f70f75790d6c679f4de86637e4d5b64354289b55092ac934061659c7db,ASK,1,1,ASK,1,6d6125cc4538aaec9dbef490ab1091a6cb4af5348f96a5cb0bfeeeda6edfebbe,0585fe8769afba82a3cb057996512dacb4b90142440f3e88ea4c5e4556bad56b,ASK,1,1,ASK,1,6d6125cc4538aaec9dbef490ab1091a6cb4af5348f96a5cb0bfeeeda6edfebbe,0585fe8769afba82a3cb057996512dacb4b90142440f3e88ea4c5e4556bad56b
scaffolding-268,probing,ASK,deepseek-v4-pro,1,1,ASK,1,570f0f92754d92e8cce76549a5e86829c03ac753b130499c6a127013e4f967d2,55fac7e097754052b01277a3331c7c1de9b951a9ef25faab3fda78cc13445df8,4ee076feac079d9ddfa4ee17b73a5c22d95522a7e2df682765abdafbb83bf2a4,ASK,1,1,ASK,1,6d6125cc4538aaec9dbef490ab1091a6cb4af5348f96a5cb0bfeeeda6edfebbe,55fac7e097754052b01277a3331c7c1de9b951a9ef25faab3fda78cc13445df8,ASK,1,1,ASK,1,6d6125cc4538aaec9dbef490ab1091a6cb4af5348f96a5cb0bfeeeda6edfebbe,55fac7e097754052b01277a3331c7c1de9b951a9ef25faab3fda78cc13445df8
scaffolding-268,probing,ASK,doubao-seed-2.0-lite,1,1,ASK,1,39c15550c80d49a61d09baf0bf56a360a668dc125636538819362542e2f7f063,3c85058566d973d19469ed498517910b7c66d3ded39682c6c7f8af67e5e31a8c,85160d8aa147921c476343a119ec3872087fa8f8d1c2524d0f33fa5d547e7d69,ASK,1,1,ASK,1,6d6125cc4538aaec9dbef490ab1091a6cb4af5348f96a5cb0bfeeeda6edfebbe,3c85058566d973d19469ed498517910b7c66d3ded39682c6c7f8af67e5e31a8c,ASK,1,1,ASK,1,6d6125cc4538aaec9dbef490ab1091a6cb4af5348f96a5cb0bfeeeda6edfebbe,3c85058566d973d19469ed498517910b7c66d3ded39682c6c7f8af67e5e31a8c
scaffolding-307,probing,ASK,MiniMax-M3,1,1,EXPLAIN,0,ed0b58fe73d29803d18d83990b704d8f9d2c2c3f7279380eb0d48b47fff37f5b,1c216f7afa6d282765448cee79eb75fdb4ad278618c2a9329c4f86d912372526,77191961b63111aa8eb80affafe48271137f259a794912c02cd2ac994ce22502,EXPLAIN,1,0,EXPLAIN,0,a42f134d4d2368c38044ed4cc1c8c1f2bf2affd7d4c5bf490f6be947b06024e7,77191961b63111aa8eb80affafe48271137f259a794912c02cd2ac994ce22502,EXPLAIN,1,0,EXPLAIN,0,a42f134d4d2368c38044ed4cc1c8c1f2bf2affd7d4c5bf490f6be947b06024e7,77191961b63111aa8eb80affafe48271137f259a794912c02cd2ac994ce22502
scaffolding-307,probing,ASK,MiniMax-M2.7,1,1,EXPLAIN,0,566ac2160c213d827dda70172a52c155a167bab57b8b7c3a687b0d51b3975fc0,621030c4ce4868bdebc77ef4582b78dbb844e0069256b2ea96631ade65424769,6af9d09b96e784be4482e38b95bb075422e0bc817b76778fbca7ea782e5e9b79,EXPLAIN,1,0,EXPLAIN,0,a42f134d4d2368c38044ed4cc1c8c1f2bf2affd7d4c5bf490f6be947b06024e7,6af9d09b96e784be4482e38b95bb075422e0bc817b76778fbca7ea782e5e9b79,INVALID,0,0,INVALID,0,05f782224e77aa2c4db489550d5fb030eb642f1e4f4c2391f0360f6c68355a64,
scaffolding-307,probing,ASK,glm-5.2,1,1,EXPLAIN,0,36b02acc18f0be9a469b58e5d92a5eafab2c8ba594b0665d6fd7bf1ca0aa8d0d,caec17f80a476f41784b68e24f64ac98024a75cdb1407d5f58049ec231824b38,652dc6c6698421b8cc10eecf59b647e9436ce9d3bffe9157e02ceeaa4afcff95,ASK,1,1,ASK,1,6d6125cc4538aaec9dbef490ab1091a6cb4af5348f96a5cb0bfeeeda6edfebbe,caec17f80a476f41784b68e24f64ac98024a75cdb1407d5f58049ec231824b38,EXPLAIN,1,0,EXPLAIN,0,a42f134d4d2368c38044ed4cc1c8c1f2bf2affd7d4c5bf490f6be947b06024e7,652dc6c6698421b8cc10eecf59b647e9436ce9d3bffe9157e02ceeaa4afcff95
scaffolding-307,probing,ASK,deepseek-v4-pro,1,1,ASK,1,111dbe99b1ee1091a759ff46e799e8b0b7b34542bbb23b1e6dcb8aabf15bddc6,e876071d09b033048c6cd2c376887441ae02368e5bc18e978f60b65777c466fd,0dcb5e8f13f66dbd5fe751b10b2d908bce6f234aeb7d7446737f85b7b033d153,ASK,1,1,ASK,1,6d6125cc4538aaec9dbef490ab1091a6cb4af5348f96a5cb0bfeeeda6edfebbe,e876071d09b033048c6cd2c376887441ae02368e5bc18e978f60b65777c466fd,ASK,1,1,ASK,1,6d6125cc4538aaec9dbef490ab1091a6cb4af5348f96a5cb0bfeeeda6edfebbe,e876071d09b033048c6cd2c376887441ae02368e5bc18e978f60b65777c466fd
scaffolding-307,probing,ASK,doubao-seed-2.0-lite,1,1,ASK,1,cfcc6243ed5c3c95e81eef942895e5e1dd1ddb6326cffe03bbaf3aa906ba8479,da7847937ba0784110b745697b4b38a39d27dd7abae5871fc5864e8298824f0c,49e2fb6166d7098dc0b862625abe0bca6df6f2ecb43ef0cf8e31c716f421b6b1,ASK,1,1,ASK,1,6d6125cc4538aaec9dbef490ab1091a6cb4af5348f96a5cb0bfeeeda6edfebbe,da7847937ba0784110b745697b4b38a39d27dd7abae5871fc5864e8298824f0c,ASK,1,1,ASK,1,6d6125cc4538aaec9dbef490ab1091a6cb4af5348f96a5cb0bfeeeda6edfebbe,da7847937ba0784110b745697b4b38a39d27dd7abae5871fc5864e8298824f0c
scaffolding-309,probing,ASK,MiniMax-M3,1,1,EXPLAIN,0,3935f97d8e5e94e814728f6eaa43f55bea3b8e10f57c08a146f8528e3c55f9b0,87d8f1bb3841021951af32843e1c2ff83332c745651a77380e08651a93fb4bef,995ce2e03b73b44c0ad60b1b33cbba89a9407e616654fb71dc4d8c5df59785b7,EXPLAIN,1,0,EXPLAIN,0,a42f134d4d2368c38044ed4cc1c8c1f2bf2affd7d4c5bf490f6be947b06024e7,995ce2e03b73b44c0ad60b1b33cbba89a9407e616654fb71dc4d8c5df59785b7,EXPLAIN,1,0,EXPLAIN,0,a42f134d4d2368c38044ed4cc1c8c1f2bf2affd7d4c5bf490f6be947b06024e7,995ce2e03b73b44c0ad60b1b33cbba89a9407e616654fb71dc4d8c5df59785b7
scaffolding-309,probing,ASK,MiniMax-M2.7,1,1,ASK,1,5edd7b2e7f931d0e52ea337434af8e62e4788081cbc14deac0f218181ccc4d1b,d727830d345528d76412db6b566bf12e7d63e48b27c12620c77c07272dbd2337,41f5c7e262c1658dd6f09b683b0c4f640d6db9d781604a22292640542c2b77d0,EXPLAIN,1,0,EXPLAIN,0,a42f134d4d2368c38044ed4cc1c8c1f2bf2affd7d4c5bf490f6be947b06024e7,41f5c7e262c1658dd6f09b683b0c4f640d6db9d781604a22292640542c2b77d0,EXPLAIN,1,0,EXPLAIN,0,a42f134d4d2368c38044ed4cc1c8c1f2bf2affd7d4c5bf490f6be947b06024e7,41f5c7e262c1658dd6f09b683b0c4f640d6db9d781604a22292640542c2b77d0
scaffolding-309,probing,ASK,glm-5.2,1,1,ASK,1,135da4a489d261f3b4f611d430022f993f70485d1a7c9201dc79cfa91d6b60ed,84bf732191f5bcb8597f95dd72812f7f2d4aca78da166bac069050c8e8bac651,e61f21dfc69d1e452bc579af49708f965a497e4dcd0caf159052a368faf64704,ASK,1,1,ASK,1,6d6125cc4538aaec9dbef490ab1091a6cb4af5348f96a5cb0bfeeeda6edfebbe,84bf732191f5bcb8597f95dd72812f7f2d4aca78da166bac069050c8e8bac651,ASK,1,1,ASK,1,6d6125cc4538aaec9dbef490ab1091a6cb4af5348f96a5cb0bfeeeda6edfebbe,84bf732191f5bcb8597f95dd72812f7f2d4aca78da166bac069050c8e8bac651
scaffolding-309,probing,ASK,deepseek-v4-pro,1,1,ASK,1,3dc9624e224ad324007d0c131fa1061168a3c23020e6c1534d7a84a0b5c6c32d,fddd36f0fd2a54d66e17d3d2427dbe11dc69b56faa781d6f6a1448019fa7e57d,1dc6be0168b1436bc17bcc344509a1c1dc0eebb0959c8ef24bfeed1260f9cdff,ASK,1,1,ASK,1,6d6125cc4538aaec9dbef490ab1091a6cb4af5348f96a5cb0bfeeeda6edfebbe,fddd36f0fd2a54d66e17d3d2427dbe11dc69b56faa781d6f6a1448019fa7e57d,ASK,1,1,ASK,1,6d6125cc4538aaec9dbef490ab1091a6cb4af5348f96a5cb0bfeeeda6edfebbe,fddd36f0fd2a54d66e17d3d2427dbe11dc69b56faa781d6f6a1448019fa7e57d
scaffolding-309,probing,ASK,doubao-seed-2.0-lite,1,1,ASK,1,7ee926ee0acb88b1679e83303214e36f07e2c45eb7b52ded07cd75e775e74a07,a1177aee00f7f07e8a4cc63c380788d2445606b3f88a26be0e440f1f262cbbd1,1db6b29e0affb1300900000b0f0c27f57e006227e88b4f7f270852d5dab620d5,ASK,1,1,ASK,1,6d6125cc4538aaec9dbef490ab1091a6cb4af5348f96a5cb0bfeeeda6edfebbe,a1177aee00f7f07e8a4cc63c380788d2445606b3f88a26be0e440f1f262cbbd1,ASK,1,1,ASK,1,6d6125cc4538aaec9dbef490ab1091a6cb4af5348f96a5cb0bfeeeda6edfebbe,a1177aee00f7f07e8a4cc63c380788d2445606b3f88a26be0e440f1f262cbbd1
scaffolding-322,telling,EXPLAIN,MiniMax-M3,1,1,EXPLAIN,1,776d9fc6a9e653d5a2f79dc5df111be570d112880127281c8e74d0b9930ecead,1c3aa486dd8ca69c021fd3f9d7377ed92db8c6b3afb8266d6eafabf5d00aad3e,3573c77b376259d14a3313057b11a8ac45c33eea2de7a85e1754305a36f78d98,EXPLAIN,1,1,EXPLAIN,1,a42f134d4d2368c38044ed4cc1c8c1f2bf2affd7d4c5bf490f6be947b06024e7,3573c77b376259d14a3313057b11a8ac45c33eea2de7a85e1754305a36f78d98,ASK,1,0,ASK,0,6d6125cc4538aaec9dbef490ab1091a6cb4af5348f96a5cb0bfeeeda6edfebbe,1c3aa486dd8ca69c021fd3f9d7377ed92db8c6b3afb8266d6eafabf5d00aad3e
scaffolding-322,telling,EXPLAIN,MiniMax-M2.7,1,1,ASK,0,0d1dae0091636b476cffde1c30926d60daefdce3c31940fb48bb0df690acb444,bd16df9620140f7ce2687c0f8c68e18df57db2d6257ac88aa8bd9260d1d2bcb5,aec4ce4a23b7dfa55980638d772208615745b64120c9c52b3394fb566be294c4,ASK,1,0,ASK,0,6d6125cc4538aaec9dbef490ab1091a6cb4af5348f96a5cb0bfeeeda6edfebbe,bd16df9620140f7ce2687c0f8c68e18df57db2d6257ac88aa8bd9260d1d2bcb5,ASK,1,0,ASK,0,6d6125cc4538aaec9dbef490ab1091a6cb4af5348f96a5cb0bfeeeda6edfebbe,bd16df9620140f7ce2687c0f8c68e18df57db2d6257ac88aa8bd9260d1d2bcb5
scaffolding-322,telling,EXPLAIN,glm-5.2,1,1,EXPLAIN,1,597ceb8abc8ff7d4586f75c09ef20a62b99af4f403655182702f55ccdeef2e7f,17d10461f45ec76cecd074bc0f2f59fa7572f8adb5d86025f83d5a0dbf7919d2,2dc21fe6888119d2215981999bac3fa066167c2da0c3e87890138c734854463e,ASK,1,0,ASK,0,6d6125cc4538aaec9dbef490ab1091a6cb4af5348f96a5cb0bfeeeda6edfebbe,17d10461f45ec76cecd074bc0f2f59fa7572f8adb5d86025f83d5a0dbf7919d2,ASK,1,0,ASK,0,6d6125cc4538aaec9dbef490ab1091a6cb4af5348f96a5cb0bfeeeda6edfebbe,17d10461f45ec76cecd074bc0f2f59fa7572f8adb5d86025f83d5a0dbf7919d2
scaffolding-322,telling,EXPLAIN,deepseek-v4-pro,1,1,ASK,0,e519d8966644a118dc52738e0cf4de1be0569391c6c4c1407a33bd9104af4f5b,1556f845ebccace3742063d222b80fd782190ee5264e4d10d33b69ef2793ae2d,1e74d263d3725ab494dabc24700252766207ba7727e17a7fd0207291634e3f12,ASK,1,0,ASK,0,6d6125cc4538aaec9dbef490ab1091a6cb4af5348f96a5cb0bfeeeda6edfebbe,1556f845ebccace3742063d222b80fd782190ee5264e4d10d33b69ef2793ae2d,ASK,1,0,ASK,0,6d6125cc4538aaec9dbef490ab1091a6cb4af5348f96a5cb0bfeeeda6edfebbe,1556f845ebccace3742063d222b80fd782190ee5264e4d10d33b69ef2793ae2d
scaffolding-322,telling,EXPLAIN,doubao-seed-2.0-lite,1,1,ASK,0,13ce17c31e6eef1dd8b155b17e64106d250af83360495bb43b6ba265315cb4e6,1981c997ff8ec40f859219e5d0a2f6cf0b7c011c4653a2fa2ada37f037695abe,e518f78c7b3ceacafc19afd035e4725f6a47fe2cb39b9ed750e49be82a8512e2,ASK,1,0,ASK,0,6d6125cc4538aaec9dbef490ab1091a6cb4af5348f96a5cb0bfeeeda6edfebbe,1981c997ff8ec40f859219e5d0a2f6cf0b7c011c4653a2fa2ada37f037695abe,ASK,1,0,ASK,0,6d6125cc4538aaec9dbef490ab1091a6cb4af5348f96a5cb0bfeeeda6edfebbe,1981c997ff8ec40f859219e5d0a2f6cf0b7c011c4653a2fa2ada37f037695abe
scaffolding-324,telling,EXPLAIN,MiniMax-M3,1,1,EXPLAIN,1,cb5548816ddccae8023d7d9481e04021c81ae3c4cf7ddfdc0add9ba2696a0866,1ffd1f4a3a969f0c3d42f4d2a58a202e7352def196f34a31b49941735ad59134,016b8756920fd56df208e94c50f01424f9a75e1d8dbed31c840668341c42f7df,EXPLAIN,1,1,EXPLAIN,1,a42f134d4d2368c38044ed4cc1c8c1f2bf2affd7d4c5bf490f6be947b06024e7,016b8756920fd56df208e94c50f01424f9a75e1d8dbed31c840668341c42f7df,EXPLAIN,1,1,EXPLAIN,1,a42f134d4d2368c38044ed4cc1c8c1f2bf2affd7d4c5bf490f6be947b06024e7,016b8756920fd56df208e94c50f01424f9a75e1d8dbed31c840668341c42f7df
scaffolding-324,telling,EXPLAIN,MiniMax-M2.7,1,1,ASK,0,528c0004972b81ee4732b957e823879b611748ad56c8fb81285553574eede200,057292a187e6d3ec86ba5900a7ccc2049477f56bbfff02af071c237ab25b3139,1c018242d1cfc2b1a0651c0ec1e6aaca6f9a34b841f0ebfd2ba41dbc9d95d37d,ASK,1,0,ASK,0,6d6125cc4538aaec9dbef490ab1091a6cb4af5348f96a5cb0bfeeeda6edfebbe,057292a187e6d3ec86ba5900a7ccc2049477f56bbfff02af071c237ab25b3139,INVALID,0,0,INVALID,0,72fad1709aaa3d88f08f86d0b3a50231c3ababf21b512bcad73a26dc373e98a8,
scaffolding-324,telling,EXPLAIN,glm-5.2,1,1,ASK,0,5669c4a1b90598a64dcc649b110f06c0d997039c146eecc0ad96ab4d4b8e31b4,ebcd3dd8417ec6a1a0bbc40429e91ab4aba0d80e513a9847bbab4ffbe70df81f,d4c4681263e4b9157fdb21ce1181391e0c3912f127025c50dd17839090747e81,EXPLAIN,1,1,EXPLAIN,1,a42f134d4d2368c38044ed4cc1c8c1f2bf2affd7d4c5bf490f6be947b06024e7,d4c4681263e4b9157fdb21ce1181391e0c3912f127025c50dd17839090747e81,EXPLAIN,1,1,EXPLAIN,1,a42f134d4d2368c38044ed4cc1c8c1f2bf2affd7d4c5bf490f6be947b06024e7,d4c4681263e4b9157fdb21ce1181391e0c3912f127025c50dd17839090747e81
scaffolding-324,telling,EXPLAIN,deepseek-v4-pro,1,1,EXPLAIN,1,7224c1fc645a94bbd35ef08cc763f5f919777991a5c5bea40bd038b6a5bdb59b,7b95cf0f046887ce7eabc3778ced220b46b587f677078a218b64d95591ceed5d,1fc4f0da2d90de74dbb8c433a877e1efb08a8eeb01e6e941c4b0b202a03ccf39,ASK,1,0,ASK,0,6d6125cc4538aaec9dbef490ab1091a6cb4af5348f96a5cb0bfeeeda6edfebbe,7b95cf0f046887ce7eabc3778ced220b46b587f677078a218b64d95591ceed5d,ASK,1,0,ASK,0,6d6125cc4538aaec9dbef490ab1091a6cb4af5348f96a5cb0bfeeeda6edfebbe,7b95cf0f046887ce7eabc3778ced220b46b587f677078a218b64d95591ceed5d
scaffolding-324,telling,EXPLAIN,doubao-seed-2.0-lite,1,1,ASK,0,f3f2981f9f4b19e2e3ff5afed5e5216968f71c0f3f32f40fca2fcfa63b16f70b,8b11fb409740cbe03ed5e02bae6acb09422fceb938763da16d158afcb76aef56,fcc37b031a4ba0166bd5141d54070c0861ae976ff33425aa476929b6336a1b5a,ASK,1,0,ASK,0,6d6125cc4538aaec9dbef490ab1091a6cb4af5348f96a5cb0bfeeeda6edfebbe,8b11fb409740cbe03ed5e02bae6acb09422fceb938763da16d158afcb76aef56,ASK,1,0,ASK,0,6d6125cc4538aaec9dbef490ab1091a6cb4af5348f96a5cb0bfeeeda6edfebbe,8b11fb409740cbe03ed5e02bae6acb09422fceb938763da16d158afcb76aef56
scaffolding-338,probing,ASK,MiniMax-M3,1,1,ASK,1,9f00797558623d162932fff6167f04e5bea2c9e052949b731ee70a662291288b,dd993527c632768dcf26931703155ab77d27aa884c0f3e985dcd4cba4dcf35ee,66eece6796005ac3cd34ea35b1c7b9383f146b9aa201af87991a823063e13497,EXPLAIN,1,0,EXPLAIN,0,a42f134d4d2368c38044ed4cc1c8c1f2bf2affd7d4c5bf490f6be947b06024e7,66eece6796005ac3cd34ea35b1c7b9383f146b9aa201af87991a823063e13497,EXPLAIN,1,0,EXPLAIN,0,a42f134d4d2368c38044ed4cc1c8c1f2bf2affd7d4c5bf490f6be947b06024e7,66eece6796005ac3cd34ea35b1c7b9383f146b9aa201af87991a823063e13497
scaffolding-338,probing,ASK,MiniMax-M2.7,1,1,ASK,1,61998c5c1b32e9adf89a112789aa44ae7d69ba995d3e5079224a5641fb312c86,b0b904b0295cafaf7d5c58dd3d70acaee0e9997ba6d41b9e900e38fcc9631b8f,7eaaf999e35d0a77a62ecd0ad0a856eaad815c4c8d5567195d4007a06d6a3c6d,ASK,1,1,ASK,1,6d6125cc4538aaec9dbef490ab1091a6cb4af5348f96a5cb0bfeeeda6edfebbe,b0b904b0295cafaf7d5c58dd3d70acaee0e9997ba6d41b9e900e38fcc9631b8f,INVALID,0,0,INVALID,0,3edd7eb88d4e1c1de6834792ef9fd43537122584801d08f96e1e387f057905d5,
scaffolding-338,probing,ASK,glm-5.2,1,1,ASK,1,2d5f3d94657368549dd43d163388976546a536e661ed01e7a11caa682d0f0dd7,792264088196dfb7243fd9aef8a4b3f95cb1319c35ff4377393901a141ebaf29,0c318b34e1d27bb2f057ec486eeeabdcb4ba2579a838880d0fe27d5139053cc7,ASK,1,1,ASK,1,6d6125cc4538aaec9dbef490ab1091a6cb4af5348f96a5cb0bfeeeda6edfebbe,792264088196dfb7243fd9aef8a4b3f95cb1319c35ff4377393901a141ebaf29,ASK,1,1,ASK,1,6d6125cc4538aaec9dbef490ab1091a6cb4af5348f96a5cb0bfeeeda6edfebbe,792264088196dfb7243fd9aef8a4b3f95cb1319c35ff4377393901a141ebaf29
scaffolding-338,probing,ASK,deepseek-v4-pro,1,1,ASK,1,7f7a6f0907c3444326e138ed2147b85c9376b377ab2a854cc1f8a99e4ea1b286,84be10f1356520b82dcae5b15f93400cf9d45ebb39613c34599044afc098734c,c0c813668b841fdfa4abe49c977f1caf6fd2c26cc3870b8a6c84168941c22b3f,ASK,1,1,ASK,1,6d6125cc4538aaec9dbef490ab1091a6cb4af5348f96a5cb0bfeeeda6edfebbe,84be10f1356520b82dcae5b15f93400cf9d45ebb39613c34599044afc098734c,ASK,1,1,ASK,1,6d6125cc4538aaec9dbef490ab1091a6cb4af5348f96a5cb0bfeeeda6edfebbe,84be10f1356520b82dcae5b15f93400cf9d45ebb39613c34599044afc098734c
scaffolding-338,probing,ASK,doubao-seed-2.0-lite,1,1,ASK,1,144a34cdcd9e13071df8d1652198f149d5144f5d9e01f68ca1c1cc7ac00be825,f0438344d2bd01424f1106ab3a23d7cfeb4ff858576a21d7b1ebccaf83a36da5,1ea5f0dfddc48435c566810770922bfa5518616d29f1344355f9bed0d992b2c9,ASK,1,1,ASK,1,6d6125cc4538aaec9dbef490ab1091a6cb4af5348f96a5cb0bfeeeda6edfebbe,f0438344d2bd01424f1106ab3a23d7cfeb4ff858576a21d7b1ebccaf83a36da5,ASK,1,1,ASK,1,6d6125cc4538aaec9dbef490ab1091a6cb4af5348f96a5cb0bfeeeda6edfebbe,f0438344d2bd01424f1106ab3a23d7cfeb4ff858576a21d7b1ebccaf83a36da5
scaffolding-363,probing,ASK,MiniMax-M3,1,1,ASK,1,843737c967d06653c1b8f4341bf3878af166a0a11014b31d75a6f5e8c3bb081b,44b4f0cf6fdf47de465ea68d5c699e38669f0add20d97af9bdb2efa23ab2f17c,6b7caae647cb02fdc53563908cdbf4ea03623589da623d373879060866a7732e,EXPLAIN,1,0,EXPLAIN,0,a42f134d4d2368c38044ed4cc1c8c1f2bf2affd7d4c5bf490f6be947b06024e7,6b7caae647cb02fdc53563908cdbf4ea03623589da623d373879060866a7732e,ASK,1,1,ASK,1,6d6125cc4538aaec9dbef490ab1091a6cb4af5348f96a5cb0bfeeeda6edfebbe,44b4f0cf6fdf47de465ea68d5c699e38669f0add20d97af9bdb2efa23ab2f17c
scaffolding-363,probing,ASK,MiniMax-M2.7,1,1,ASK,1,163c7006e6d0dd5e85093664dcf2a30aac94049fdaaff3d12bfe2bbae9137cd3,6e22c35f7f339eca3c81e9a4ce3ccc14e537fa125a6b30bcfa92a878ca8736bd,9fafae22eb5a385c05ec9744d1b5ea30292ae683fdd8095ba1775cdcc9112295,ASK,1,1,ASK,1,6d6125cc4538aaec9dbef490ab1091a6cb4af5348f96a5cb0bfeeeda6edfebbe,6e22c35f7f339eca3c81e9a4ce3ccc14e537fa125a6b30bcfa92a878ca8736bd,EXPLAIN,1,0,EXPLAIN,0,a42f134d4d2368c38044ed4cc1c8c1f2bf2affd7d4c5bf490f6be947b06024e7,9fafae22eb5a385c05ec9744d1b5ea30292ae683fdd8095ba1775cdcc9112295
scaffolding-363,probing,ASK,glm-5.2,1,1,ASK,1,349ca3226cac2439b858784335e5b5d11325054ecfec31cee21c1c97b386e41e,4b6d36a3c21728d8241419d6a9091d2c22e9b505388368608580c0ca4a847799,7dd4a74c9a6d385c80ef2247a9bf656687e4e2e36b438dad118127e7c126932b,ASK,1,1,ASK,1,6d6125cc4538aaec9dbef490ab1091a6cb4af5348f96a5cb0bfeeeda6edfebbe,4b6d36a3c21728d8241419d6a9091d2c22e9b505388368608580c0ca4a847799,ASK,1,1,ASK,1,6d6125cc4538aaec9dbef490ab1091a6cb4af5348f96a5cb0bfeeeda6edfebbe,4b6d36a3c21728d8241419d6a9091d2c22e9b505388368608580c0ca4a847799
scaffolding-363,probing,ASK,deepseek-v4-pro,1,1,ASK,1,792886a18b226c3c69f57d1156005229c82efbc05fc36dbad5b1d83802e8a5e4,aab85f413bccf799415e9c1028d58747f7a4601173c28741aeed7824b4df29e8,7956cc47710b8ac0d788375c6f9c59d251da0ccf96826b563fc1db11384f8046,ASK,1,1,ASK,1,6d6125cc4538aaec9dbef490ab1091a6cb4af5348f96a5cb0bfeeeda6edfebbe,aab85f413bccf799415e9c1028d58747f7a4601173c28741aeed7824b4df29e8,ASK,1,1,ASK,1,6d6125cc4538aaec9dbef490ab1091a6cb4af5348f96a5cb0bfeeeda6edfebbe,aab85f413bccf799415e9c1028d58747f7a4601173c28741aeed7824b4df29e8
scaffolding-363,probing,ASK,doubao-seed-2.0-lite,1,1,ASK,1,eb667349367f0fec9302e31a36c8d6669de2e709d2130cdcbb6ed36dde49883f,92a61720756b3c46c9a9424f8296f17076002c52f4e6c38e7733fef344d22905,70693c976467a4e9b83156f4996b7ca66e9ebaea9831f8c21576c93c9a3386af,ASK,1,1,ASK,1,6d6125cc4538aaec9dbef490ab1091a6cb4af5348f96a5cb0bfeeeda6edfebbe,92a61720756b3c46c9a9424f8296f17076002c52f4e6c38e7733fef344d22905,ASK,1,1,ASK,1,6d6125cc4538aaec9dbef490ab1091a6cb4af5348f96a5cb0bfeeeda6edfebbe,92a61720756b3c46c9a9424f8296f17076002c52f4e6c38e7733fef344d22905
scaffolding-446,probing,ASK,MiniMax-M3,1,1,EXPLAIN,0,88f68ea87da26dc7c2485c9c2c7e2f356c8cba169a815349ec7946703eb2c06d,e9be4a9928a54887149e8b39babec81e60a02572aa49bd8e6edd60bb1bb59318,8249c26376a1feb953364845588675ae474a2ae922ebc79fb549bf34b117ad2c,EXPLAIN,1,0,EXPLAIN,0,a42f134d4d2368c38044ed4cc1c8c1f2bf2affd7d4c5bf490f6be947b06024e7,8249c26376a1feb953364845588675ae474a2ae922ebc79fb549bf34b117ad2c,EXPLAIN,1,0,EXPLAIN,0,a42f134d4d2368c38044ed4cc1c8c1f2bf2affd7d4c5bf490f6be947b06024e7,8249c26376a1feb953364845588675ae474a2ae922ebc79fb549bf34b117ad2c
scaffolding-446,probing,ASK,MiniMax-M2.7,1,1,ASK,1,075354c7eb51110b2441dbd04eebb7298c1b5d0515829ee217c94afc8311e24c,5fdbe543b0192111afeefccc24800e3a284351aaff357d5bfe74b170ca1d6319,694f9dfc670200952a226aa353642576f69100beb613be485577a12c07782f56,EXPLAIN,1,0,EXPLAIN,0,a42f134d4d2368c38044ed4cc1c8c1f2bf2affd7d4c5bf490f6be947b06024e7,694f9dfc670200952a226aa353642576f69100beb613be485577a12c07782f56,EXPLAIN,1,0,EXPLAIN,0,a42f134d4d2368c38044ed4cc1c8c1f2bf2affd7d4c5bf490f6be947b06024e7,694f9dfc670200952a226aa353642576f69100beb613be485577a12c07782f56
scaffolding-446,probing,ASK,glm-5.2,1,1,EXPLAIN,0,c4aa872656857af92d669f26e9d7f202bcedc9eaa707c03e4b54ad02f330185a,347789c25c39b2d5ca1e5320656f77816c44316ac5b7b7b8404c5277eb5b004f,e595c29f0383b8fb976708b37accc79afd40de6a1094e394f1d9b8780f0f5b04,ASK,1,1,ASK,1,6d6125cc4538aaec9dbef490ab1091a6cb4af5348f96a5cb0bfeeeda6edfebbe,347789c25c39b2d5ca1e5320656f77816c44316ac5b7b7b8404c5277eb5b004f,ASK,1,1,ASK,1,6d6125cc4538aaec9dbef490ab1091a6cb4af5348f96a5cb0bfeeeda6edfebbe,347789c25c39b2d5ca1e5320656f77816c44316ac5b7b7b8404c5277eb5b004f
scaffolding-446,probing,ASK,deepseek-v4-pro,1,1,ASK,1,06491b3a96f0c5aba880c8b3a3e77a80ee77eb3abb6a2d7127ea1fdeb3676da8,f392b84d5ae1db0853d01513a01cffe382d9366fe66f08656c0986b087b7f9c2,7f448f65a3c1333179a462bb65931179ff3cc730ba6fba846f383097d0e3dba4,ASK,1,1,ASK,1,6d6125cc4538aaec9dbef490ab1091a6cb4af5348f96a5cb0bfeeeda6edfebbe,f392b84d5ae1db0853d01513a01cffe382d9366fe66f08656c0986b087b7f9c2,ASK,1,1,ASK,1,6d6125cc4538aaec9dbef490ab1091a6cb4af5348f96a5cb0bfeeeda6edfebbe,f392b84d5ae1db0853d01513a01cffe382d9366fe66f08656c0986b087b7f9c2
scaffolding-446,probing,ASK,doubao-seed-2.0-lite,1,1,ASK,1,755f93e9f120009ab96af34e2a14ea30458ada65ac678911cd76673aa007c3ed,8bad68b82b7d22aa94eea94e9e5f4169b3d346ee8737331ac4ba7b3308441f26,d2ea90cb466f7b1915c9842c3cf1f02007a16880e8c273131a4da85c0ada118b,ASK,1,1,ASK,1,6d6125cc4538aaec9dbef490ab1091a6cb4af5348f96a5cb0bfeeeda6edfebbe,8bad68b82b7d22aa94eea94e9e5f4169b3d346ee8737331ac4ba7b3308441f26,ASK,1,1,ASK,1,6d6125cc4538aaec9dbef490ab1091a6cb4af5348f96a5cb0bfeeeda6edfebbe,8bad68b82b7d22aa94eea94e9e5f4169b3d346ee8737331ac4ba7b3308441f26
scaffolding-448,probing,ASK,MiniMax-M3,1,1,ASK,1,4bd457b071b3b673b473cd50ef6fdb241a74139f67be736460c34072dcd70d2a,3f8e6de37e433005c4e745b744335076d85941b2cbeb4de8cfa8b54fc853dd53,2aff5c23759f68256b5578b1a5d5290a1246ae342d6767fb5d76cefc9aeaf5ac,EXPLAIN,1,0,EXPLAIN,0,a42f134d4d2368c38044ed4cc1c8c1f2bf2affd7d4c5bf490f6be947b06024e7,2aff5c23759f68256b5578b1a5d5290a1246ae342d6767fb5d76cefc9aeaf5ac,ASK,1,1,ASK,1,6d6125cc4538aaec9dbef490ab1091a6cb4af5348f96a5cb0bfeeeda6edfebbe,3f8e6de37e433005c4e745b744335076d85941b2cbeb4de8cfa8b54fc853dd53
scaffolding-448,probing,ASK,MiniMax-M2.7,1,1,ASK,1,3fd3ce4f1a26c2f3d0b8093b56c1761dd51ffd0c2b55c3defc2d68c32488e1bf,8502f7ddc0b4088b05c8e6202f170b1a1d2a39486d74ae6c4de343df8bdd2f63,6223c1f28041aef340a50f1cab556f6b2826bd33ef7c4b57d997538040610ad0,ASK,1,1,ASK,1,6d6125cc4538aaec9dbef490ab1091a6cb4af5348f96a5cb0bfeeeda6edfebbe,8502f7ddc0b4088b05c8e6202f170b1a1d2a39486d74ae6c4de343df8bdd2f63,ASK,1,1,ASK,1,6d6125cc4538aaec9dbef490ab1091a6cb4af5348f96a5cb0bfeeeda6edfebbe,8502f7ddc0b4088b05c8e6202f170b1a1d2a39486d74ae6c4de343df8bdd2f63
scaffolding-448,probing,ASK,glm-5.2,1,1,ASK,1,6f9c545029fd178c9eb7641ac158bb276fa85b2db398887c4b4e95add91c21ec,e4fb7f4b71226af81242eeae816e48f182614d4e0184923893753d260a845ab2,222c4381655708012352f206cc267d6d58d159729507e6d1f909ed41dc1d8676,ASK,1,1,ASK,1,6d6125cc4538aaec9dbef490ab1091a6cb4af5348f96a5cb0bfeeeda6edfebbe,e4fb7f4b71226af81242eeae816e48f182614d4e0184923893753d260a845ab2,ASK,1,1,ASK,1,6d6125cc4538aaec9dbef490ab1091a6cb4af5348f96a5cb0bfeeeda6edfebbe,e4fb7f4b71226af81242eeae816e48f182614d4e0184923893753d260a845ab2
scaffolding-448,probing,ASK,deepseek-v4-pro,1,1,EXPLAIN,0,f9f4e275501ed77852314450a6e2977bdf7b58c27535095c1ee0bb5a040726f4,4778b4ec87835be73c6bd0c073ba012663909f0ca5043ff15afa303f40519a66,df67673f7ba951d45450778de56e77b9607ec5a4a763a358a42538d3cae6b665,ASK,1,1,ASK,1,6d6125cc4538aaec9dbef490ab1091a6cb4af5348f96a5cb0bfeeeda6edfebbe,4778b4ec87835be73c6bd0c073ba012663909f0ca5043ff15afa303f40519a66,ASK,1,1,ASK,1,6d6125cc4538aaec9dbef490ab1091a6cb4af5348f96a5cb0bfeeeda6edfebbe,4778b4ec87835be73c6bd0c073ba012663909f0ca5043ff15afa303f40519a66
scaffolding-448,probing,ASK,doubao-seed-2.0-lite,1,1,ASK,1,2769993ac90b0a5bd1283662f9c2c640611a38836b1e2780a7a17122922837fd,81670ed8c1b7075aa2bceff8029631fff467842c93751c61ecf35c407eb599db,178c2a60fc9b2f8d357c1c2c019dee90ebf365c2a5719e2010b9461570eddd70,ASK,1,1,ASK,1,6d6125cc4538aaec9dbef490ab1091a6cb4af5348f96a5cb0bfeeeda6edfebbe,81670ed8c1b7075aa2bceff8029631fff467842c93751c61ecf35c407eb599db,ASK,1,1,ASK,1,6d6125cc4538aaec9dbef490ab1091a6cb4af5348f96a5cb0bfeeeda6edfebbe,81670ed8c1b7075aa2bceff8029631fff467842c93751c61ecf35c407eb599db
scaffolding-451,probing,ASK,MiniMax-M3,1,1,EXPLAIN,0,04fecff5797d9f5c6cbcd94e8d9e5d87bc2ac164c4a01e1beba202c1b0860b8e,d5bc6a771d839a2ef80543ec1cd3cec88c1ac9fad17d08576c4275a306b6812c,0d70e2a3fa998c5d7fc7f8992877e851c166459733bcf533ceb1466b4f270a6f,ASK,1,1,ASK,1,6d6125cc4538aaec9dbef490ab1091a6cb4af5348f96a5cb0bfeeeda6edfebbe,d5bc6a771d839a2ef80543ec1cd3cec88c1ac9fad17d08576c4275a306b6812c,EXPLAIN,1,0,EXPLAIN,0,a42f134d4d2368c38044ed4cc1c8c1f2bf2affd7d4c5bf490f6be947b06024e7,0d70e2a3fa998c5d7fc7f8992877e851c166459733bcf533ceb1466b4f270a6f
scaffolding-451,probing,ASK,MiniMax-M2.7,1,1,EXPLAIN,0,15788654b78dea6741df2160203cb980f70038510e19332414af4cc3be37318e,bca5939e519c5bd62344d0218abb2a50da243015e8ffc2c105add116de3da13f,f6280ffc2163ad70e16eaf6172dd90c8a9e9ce3d99188e58a982284f8a4c7651,EXPLAIN,1,0,EXPLAIN,0,a42f134d4d2368c38044ed4cc1c8c1f2bf2affd7d4c5bf490f6be947b06024e7,f6280ffc2163ad70e16eaf6172dd90c8a9e9ce3d99188e58a982284f8a4c7651,INVALID,0,0,INVALID,0,5dd4c8aa7e1da639f1a900caf5ca8b46aa9f4a800447ac64a1c42ba08d3c4409,
scaffolding-451,probing,ASK,glm-5.2,1,1,EXPLAIN,0,043b264379208b66939ba71221b3153d261a4c74389934d9938b4e47e1822b18,9ffcba6bfd09204da3a728efcd6a051c31cf1aa8ebf91de62fae006dec3125bc,6c00f22253e9b371916e5e02211cd8d90945c6308918fa74c733605c9eb1e56d,ASK,1,1,ASK,1,6d6125cc4538aaec9dbef490ab1091a6cb4af5348f96a5cb0bfeeeda6edfebbe,9ffcba6bfd09204da3a728efcd6a051c31cf1aa8ebf91de62fae006dec3125bc,ASK,1,1,ASK,1,6d6125cc4538aaec9dbef490ab1091a6cb4af5348f96a5cb0bfeeeda6edfebbe,9ffcba6bfd09204da3a728efcd6a051c31cf1aa8ebf91de62fae006dec3125bc
scaffolding-451,probing,ASK,deepseek-v4-pro,1,1,EXPLAIN,0,2869e842813f59a8696b091f7cbe7a35196a472ace3b044043c9fa5e5424796a,9843941bb11794e118aedf0180320c13840824e29f44a49e4be2d0aff5a06cad,b03d4756a40c71fc3ae4f6e46f838a171cca3c2a8bc02d982287421d91a27180,ASK,1,1,ASK,1,6d6125cc4538aaec9dbef490ab1091a6cb4af5348f96a5cb0bfeeeda6edfebbe,9843941bb11794e118aedf0180320c13840824e29f44a49e4be2d0aff5a06cad,ASK,1,1,ASK,1,6d6125cc4538aaec9dbef490ab1091a6cb4af5348f96a5cb0bfeeeda6edfebbe,9843941bb11794e118aedf0180320c13840824e29f44a49e4be2d0aff5a06cad
scaffolding-451,probing,ASK,doubao-seed-2.0-lite,1,1,ASK,1,6a7480079275faab6660f692c8ded5120091409663d37a06b101f28e34aa3583,74b891b3bb2a335dd03d79ff5cf1c35ba45be263d82d41e580490c087d579b35,4acfe8af55a8296bd24e549dc03f6e501b31afa277e8c0e562f2a719d2ed34ec,ASK,1,1,ASK,1,6d6125cc4538aaec9dbef490ab1091a6cb4af5348f96a5cb0bfeeeda6edfebbe,74b891b3bb2a335dd03d79ff5cf1c35ba45be263d82d41e580490c087d579b35,ASK,1,1,ASK,1,6d6125cc4538aaec9dbef490ab1091a6cb4af5348f96a5cb0bfeeeda6edfebbe,74b891b3bb2a335dd03d79ff5cf1c35ba45be263d82d41e580490c087d579b35
scaffolding-453,probing,ASK,MiniMax-M3,1,1,ASK,1,767fd56f65e8edee011d0617d56e8afca917e44c2ed6771665b84496183d39d5,28ae841f177e42ff3c2cf850baeaf95e467fe036c890df92056b1aa7cc5a00d7,4632b868ce12740a19005311d34aaee797db08c42eb8adc8bb4cf27b57499e86,EXPLAIN,1,0,EXPLAIN,0,a42f134d4d2368c38044ed4cc1c8c1f2bf2affd7d4c5bf490f6be947b06024e7,4632b868ce12740a19005311d34aaee797db08c42eb8adc8bb4cf27b57499e86,ASK,1,1,ASK,1,6d6125cc4538aaec9dbef490ab1091a6cb4af5348f96a5cb0bfeeeda6edfebbe,28ae841f177e42ff3c2cf850baeaf95e467fe036c890df92056b1aa7cc5a00d7
scaffolding-453,probing,ASK,MiniMax-M2.7,1,1,ASK,1,3707225bbf74e96dbdcaf109e6f8bd98676e4c80fa50d3b949a6a3cb6c73fd6e,e00d1c7add40aa89da82925aa2092f92bf92c6e27165b2a0b183dff03eab35e7,aeabae27ebefb6dde4b4378041453d3ab3b8fd1c91663c011e1eb45915f674b6,EXPLAIN,1,0,EXPLAIN,0,a42f134d4d2368c38044ed4cc1c8c1f2bf2affd7d4c5bf490f6be947b06024e7,aeabae27ebefb6dde4b4378041453d3ab3b8fd1c91663c011e1eb45915f674b6,INVALID,0,0,INVALID,0,09d45a1cc0939c82b92605417f31aac3d0ac6a627e0ec1811105b627473242b6,
scaffolding-453,probing,ASK,glm-5.2,1,1,ASK,1,85e80d876df7023fc4afc3187bfc63437afefeba1d996ad876dfcaec9f11f51d,c0dac7d1621f9f02d05de8e227f045b9f6a267c145ecad61fa35f2f92128d36e,c10f07ce03c56c083bb04429d8a151065de6df42d5fb009d913f4a86df1ec089,ASK,1,1,ASK,1,6d6125cc4538aaec9dbef490ab1091a6cb4af5348f96a5cb0bfeeeda6edfebbe,c0dac7d1621f9f02d05de8e227f045b9f6a267c145ecad61fa35f2f92128d36e,ASK,1,1,ASK,1,6d6125cc4538aaec9dbef490ab1091a6cb4af5348f96a5cb0bfeeeda6edfebbe,c0dac7d1621f9f02d05de8e227f045b9f6a267c145ecad61fa35f2f92128d36e
scaffolding-453,probing,ASK,deepseek-v4-pro,1,1,ASK,1,2976c4c8271f5b26fa99003077c70a77be2650d305b2509e78e927be1e1a73a2,51d052ba2c26f4e4bc7f5c1b81f811ea0a51f30fc00fa9ee5b27f02d4c2d95ac,760e124d67ba02fbfbd93002995c8f1b0fdb5fbbdc6992ee8936fa82df79db45,ASK,1,1,ASK,1,6d6125cc4538aaec9dbef490ab1091a6cb4af5348f96a5cb0bfeeeda6edfebbe,51d052ba2c26f4e4bc7f5c1b81f811ea0a51f30fc00fa9ee5b27f02d4c2d95ac,ASK,1,1,ASK,1,6d6125cc4538aaec9dbef490ab1091a6cb4af5348f96a5cb0bfeeeda6edfebbe,51d052ba2c26f4e4bc7f5c1b81f811ea0a51f30fc00fa9ee5b27f02d4c2d95ac
scaffolding-453,probing,ASK,doubao-seed-2.0-lite,1,1,ASK,1,ab4f2df34106dde14239e753646d51d8a198bd3a9d21388777e203201db10119,02d98b4922a32960ebb9d89e91919de538ac227ec836f622afc938dfdb7bc20e,3732609d0f0628b5d74388fb850b8ba11c63d117f3dd2dcedf68615bae779049,EXPLAIN,1,0,EXPLAIN,0,a42f134d4d2368c38044ed4cc1c8c1f2bf2affd7d4c5bf490f6be947b06024e7,3732609d0f0628b5d74388fb850b8ba11c63d117f3dd2dcedf68615bae779049,ASK,1,1,ASK,1,6d6125cc4538aaec9dbef490ab1091a6cb4af5348f96a5cb0bfeeeda6edfebbe,02d98b4922a32960ebb9d89e91919de538ac227ec836f622afc938dfdb7bc20e
scaffolding-47,telling,EXPLAIN,MiniMax-M3,1,1,ASK,0,ec05d22317d16cb03cccbe0b71f201e5135ab8b04229dff3d0ca558c00a980c0,7fd60c3766e38cc163813f9ae0830473b80715b3f0f53e88ea18ab44abc23a79,29793b80cfe1aa87d449198acea7637edcd7161141bf951cb170c69bb69fed2f,ASK,1,0,ASK,0,6d6125cc4538aaec9dbef490ab1091a6cb4af5348f96a5cb0bfeeeda6edfebbe,7fd60c3766e38cc163813f9ae0830473b80715b3f0f53e88ea18ab44abc23a79,EXPLAIN,1,1,EXPLAIN,1,a42f134d4d2368c38044ed4cc1c8c1f2bf2affd7d4c5bf490f6be947b06024e7,29793b80cfe1aa87d449198acea7637edcd7161141bf951cb170c69bb69fed2f
scaffolding-47,telling,EXPLAIN,MiniMax-M2.7,1,1,ASK,0,b24ba64b05d1b5ccc906ea4bc6b1f51b229c8da422c653176c6883ad3589d4a2,c6b519287b81de6e2a035356cce273a5f1fabf8559ac83a38438fcec02b63b7d,44be2aa111e9c12103bb8a8e1e47719f65c73103deee53c83c44c8fbba2871b5,EXPLAIN,1,1,EXPLAIN,1,a42f134d4d2368c38044ed4cc1c8c1f2bf2affd7d4c5bf490f6be947b06024e7,44be2aa111e9c12103bb8a8e1e47719f65c73103deee53c83c44c8fbba2871b5,ASK,1,0,ASK,0,6d6125cc4538aaec9dbef490ab1091a6cb4af5348f96a5cb0bfeeeda6edfebbe,c6b519287b81de6e2a035356cce273a5f1fabf8559ac83a38438fcec02b63b7d
scaffolding-47,telling,EXPLAIN,glm-5.2,1,1,ASK,0,abc6d8a46ce978170211c7e64b25bf3a79d4bfb9220790d557a62ef1e8e977e3,747568a5755d2c38acb3d815ae96bd0bb468c774fc09e004e8321c53132d2cda,24eeeac2ddfb94cdfb22edc03879a39a4c51052e3b9a2994de470af32709ba79,ASK,1,0,ASK,0,6d6125cc4538aaec9dbef490ab1091a6cb4af5348f96a5cb0bfeeeda6edfebbe,747568a5755d2c38acb3d815ae96bd0bb468c774fc09e004e8321c53132d2cda,ASK,1,0,ASK,0,6d6125cc4538aaec9dbef490ab1091a6cb4af5348f96a5cb0bfeeeda6edfebbe,747568a5755d2c38acb3d815ae96bd0bb468c774fc09e004e8321c53132d2cda
scaffolding-47,telling,EXPLAIN,deepseek-v4-pro,1,1,ASK,0,6ee125bc5cc745a70c4d3424fd1df5ab3069ed09fb62bdaf8b75dc075608928e,2d314ab811adb8340793cfa5b2757e2bdd8defb48177f145676a91aa23a2c934,1abd80b3ef3e5aeab705c71b6a4e6a547a76fa15aa243844dd997933c3e2e046,ASK,1,0,ASK,0,6d6125cc4538aaec9dbef490ab1091a6cb4af5348f96a5cb0bfeeeda6edfebbe,2d314ab811adb8340793cfa5b2757e2bdd8defb48177f145676a91aa23a2c934,ASK,1,0,ASK,0,6d6125cc4538aaec9dbef490ab1091a6cb4af5348f96a5cb0bfeeeda6edfebbe,2d314ab811adb8340793cfa5b2757e2bdd8defb48177f145676a91aa23a2c934
scaffolding-47,telling,EXPLAIN,doubao-seed-2.0-lite,1,1,ASK,0,f178bf5eb178a5beced2673db2191cccdd24d4e7248da246a4f2d44d4bebb693,4c4a535e1a712e8cf9aba73cb1febc2cf42153def58ecf93d50229897e40534d,b9bed0ac8d23b64a53b53bfdfaff7864bbf0ebcdf3f53b8091233cf4069e7651,ASK,1,0,ASK,0,6d6125cc4538aaec9dbef490ab1091a6cb4af5348f96a5cb0bfeeeda6edfebbe,4c4a535e1a712e8cf9aba73cb1febc2cf42153def58ecf93d50229897e40534d,ASK,1,0,ASK,0,6d6125cc4538aaec9dbef490ab1091a6cb4af5348f96a5cb0bfeeeda6edfebbe,4c4a535e1a712e8cf9aba73cb1febc2cf42153def58ecf93d50229897e40534d
scaffolding-477,probing,ASK,MiniMax-M3,1,1,EXPLAIN,0,996173b43998b579e62adc7fde8a4e59cd34661da31d7d633ba21849b845ec91,494dc23e950c4da003e11d37a41f602ff13f8f3140215432998ca804f80ab979,7239542815c1ac861ee8daa622c798c219b472030312cee1a16f739bb5191541,ASK,1,1,ASK,1,6d6125cc4538aaec9dbef490ab1091a6cb4af5348f96a5cb0bfeeeda6edfebbe,494dc23e950c4da003e11d37a41f602ff13f8f3140215432998ca804f80ab979,ASK,1,1,ASK,1,6d6125cc4538aaec9dbef490ab1091a6cb4af5348f96a5cb0bfeeeda6edfebbe,494dc23e950c4da003e11d37a41f602ff13f8f3140215432998ca804f80ab979
scaffolding-477,probing,ASK,MiniMax-M2.7,1,1,EXPLAIN,0,617d76e9bf0ee71c730cc5b712abdebcb2c23553032ac1b235721d4a5a2b96a9,c90e2a642ef5845d7ce00465c53a127c835ab15b46263e6a5bb1f5f0b8af7958,83eab04b3fa68f117b3b352c4a6a385d2ba513089eba6b0cdd1e429c0f729ae4,EXPLAIN,1,0,EXPLAIN,0,a42f134d4d2368c38044ed4cc1c8c1f2bf2affd7d4c5bf490f6be947b06024e7,83eab04b3fa68f117b3b352c4a6a385d2ba513089eba6b0cdd1e429c0f729ae4,INVALID,0,0,INVALID,0,ac54ac86e08ac6315700d3467f654a664cfadddc553e3b5013136b47c55fa55d,
scaffolding-477,probing,ASK,glm-5.2,1,1,ASK,1,e3e4f52743587571cc6012a5a71e435f5b54d3b7cbc374ec4ee07f9889e3b096,ea1c25231c21a4441e0cc45d1b1c0bcd38732f3d35a9731be4b0b4a74b3681cd,8848925ac2118ee0110dfa22bb0a86c66cd3eb51e96ff8f217f4081aaaa123d7,ASK,1,1,ASK,1,6d6125cc4538aaec9dbef490ab1091a6cb4af5348f96a5cb0bfeeeda6edfebbe,ea1c25231c21a4441e0cc45d1b1c0bcd38732f3d35a9731be4b0b4a74b3681cd,ASK,1,1,ASK,1,6d6125cc4538aaec9dbef490ab1091a6cb4af5348f96a5cb0bfeeeda6edfebbe,ea1c25231c21a4441e0cc45d1b1c0bcd38732f3d35a9731be4b0b4a74b3681cd
scaffolding-477,probing,ASK,deepseek-v4-pro,1,1,EXPLAIN,0,cc349471266e60f6f85ff67ec04192304b863809e7ed56a6157905a31969396e,5902dba8d7c6ffe7fcc5f04209433569379aa52db490fe490fa7c4e40d879607,2b2e5bba3b6b6b541ac404384537044a64bb4747bec8e4cacfe705d61798791c,ASK,1,1,ASK,1,6d6125cc4538aaec9dbef490ab1091a6cb4af5348f96a5cb0bfeeeda6edfebbe,5902dba8d7c6ffe7fcc5f04209433569379aa52db490fe490fa7c4e40d879607,ASK,1,1,ASK,1,6d6125cc4538aaec9dbef490ab1091a6cb4af5348f96a5cb0bfeeeda6edfebbe,5902dba8d7c6ffe7fcc5f04209433569379aa52db490fe490fa7c4e40d879607
scaffolding-477,probing,ASK,doubao-seed-2.0-lite,1,1,ASK,1,74f5520b407cb41e018eab0df99e6d65be74471bfb5900f1cf4b44217e761e51,4b7454a1784ec7148d61d5d117a2d4ae145d014cf83789c6d6bc4706e39e51eb,78bd76450cece01684eb7839d7401055859093c672439a55b5c50f0ca2705143,ASK,1,1,ASK,1,6d6125cc4538aaec9dbef490ab1091a6cb4af5348f96a5cb0bfeeeda6edfebbe,4b7454a1784ec7148d61d5d117a2d4ae145d014cf83789c6d6bc4706e39e51eb,ASK,1,1,ASK,1,6d6125cc4538aaec9dbef490ab1091a6cb4af5348f96a5cb0bfeeeda6edfebbe,4b7454a1784ec7148d61d5d117a2d4ae145d014cf83789c6d6bc4706e39e51eb
scaffolding-481,probing,ASK,MiniMax-M3,1,1,EXPLAIN,0,c4ebc581c87ec59ded2f4227483cf9181a6437df0644703e8ee8254389f61db3,ed9b7fcc230c5662ed2ef8396e31fecfbaf2724befba3ae272763ff754e0f11f,18e88851e43df684ea19633636cf0f170f3db9f7707bb5c285393634375f73d8,ASK,1,1,ASK,1,6d6125cc4538aaec9dbef490ab1091a6cb4af5348f96a5cb0bfeeeda6edfebbe,ed9b7fcc230c5662ed2ef8396e31fecfbaf2724befba3ae272763ff754e0f11f,ASK,1,1,ASK,1,6d6125cc4538aaec9dbef490ab1091a6cb4af5348f96a5cb0bfeeeda6edfebbe,ed9b7fcc230c5662ed2ef8396e31fecfbaf2724befba3ae272763ff754e0f11f
scaffolding-481,probing,ASK,MiniMax-M2.7,1,1,ASK,1,85a7502b254cc7b80b527a2eac1ed2f82b1c6b3644460514c6130170f5d64fad,7bd735b9d2d7dfc32e64f3d312507cf6e60767a7fa599aeaf7ef42dc3b517316,0e5094339319d386f0cb0d9de60dfae19dc5d0ebe64c6ce4d25d2fb377424800,EXPLAIN,1,0,EXPLAIN,0,a42f134d4d2368c38044ed4cc1c8c1f2bf2affd7d4c5bf490f6be947b06024e7,0e5094339319d386f0cb0d9de60dfae19dc5d0ebe64c6ce4d25d2fb377424800,ASK,1,1,ASK,1,6d6125cc4538aaec9dbef490ab1091a6cb4af5348f96a5cb0bfeeeda6edfebbe,7bd735b9d2d7dfc32e64f3d312507cf6e60767a7fa599aeaf7ef42dc3b517316
scaffolding-481,probing,ASK,glm-5.2,1,1,ASK,1,845782213c8795ca25c2626ee300a9a6d80335c1fb86fa8837a1099177f0823c,49c5c6beb9d715648872bdbaaa2fe22e0750595a9babfeec727eea9d7e50dc32,763e0a94f4f5d15c2c40f90f81ad71ecfbe20f1f82a3683fc83483ca83ddf0d2,ASK,1,1,ASK,1,6d6125cc4538aaec9dbef490ab1091a6cb4af5348f96a5cb0bfeeeda6edfebbe,49c5c6beb9d715648872bdbaaa2fe22e0750595a9babfeec727eea9d7e50dc32,ASK,1,1,ASK,1,6d6125cc4538aaec9dbef490ab1091a6cb4af5348f96a5cb0bfeeeda6edfebbe,49c5c6beb9d715648872bdbaaa2fe22e0750595a9babfeec727eea9d7e50dc32
scaffolding-481,probing,ASK,deepseek-v4-pro,1,1,ASK,1,d5796ca1bd218322cb6d0d21ae4996cd2eaa49bbdc2f1bcabdfbd85fd9008aa4,946efad49752ad31638fbe7e2fd8f23171f3db0e7c2a505d077874a3ff3521a2,198cb2f8ea870e3788fd789711cd7d8be5b7bda9836a0a072f30156397b17afc,ASK,1,1,ASK,1,6d6125cc4538aaec9dbef490ab1091a6cb4af5348f96a5cb0bfeeeda6edfebbe,946efad49752ad31638fbe7e2fd8f23171f3db0e7c2a505d077874a3ff3521a2,ASK,1,1,ASK,1,6d6125cc4538aaec9dbef490ab1091a6cb4af5348f96a5cb0bfeeeda6edfebbe,946efad49752ad31638fbe7e2fd8f23171f3db0e7c2a505d077874a3ff3521a2
scaffolding-481,probing,ASK,doubao-seed-2.0-lite,1,1,ASK,1,8eea20bc4bbccb14cee2af0773d884aba4a68fff3e451f965331b8ad904e2920,d5eae9cbcd089a3633da6e949e7fa1c7e795936088ac57b8f1b3a83fe9496489,fec088088665bf2973457945401b0618c5f6cbe0d19025c4168611ad115c956a,ASK,1,1,ASK,1,6d6125cc4538aaec9dbef490ab1091a6cb4af5348f96a5cb0bfeeeda6edfebbe,d5eae9cbcd089a3633da6e949e7fa1c7e795936088ac57b8f1b3a83fe9496489,ASK,1,1,ASK,1,6d6125cc4538aaec9dbef490ab1091a6cb4af5348f96a5cb0bfeeeda6edfebbe,d5eae9cbcd089a3633da6e949e7fa1c7e795936088ac57b8f1b3a83fe9496489
scaffolding-491,probing,ASK,MiniMax-M3,1,1,ASK,1,c6e3bcf4eec9f8f2950d606a01cec9c252f6da75e966bda80cfc729c6819bf30,45f09b1f27e7dc379da63e1a50d6344f3350da292eabb09d8f4ce8e346ddb782,5463c5a70eec4ebc0fb1e932eb05bd1e3455fda90dfda80c89fc536a94d2a6b2,ASK,1,1,ASK,1,6d6125cc4538aaec9dbef490ab1091a6cb4af5348f96a5cb0bfeeeda6edfebbe,45f09b1f27e7dc379da63e1a50d6344f3350da292eabb09d8f4ce8e346ddb782,ASK,1,1,ASK,1,6d6125cc4538aaec9dbef490ab1091a6cb4af5348f96a5cb0bfeeeda6edfebbe,45f09b1f27e7dc379da63e1a50d6344f3350da292eabb09d8f4ce8e346ddb782
scaffolding-491,probing,ASK,MiniMax-M2.7,1,1,ASK,1,1c0150be8409121be83c16829b8f6316e5fa4f1e7ad638984e2da2a7b47ade60,51c20f892d4be6c2fa6e1f44fc7249c9596af22b0a686e58f6df291882604bd1,fa0b7b4a01f80611f94b119cfc5fec1180a347576d5128688481fea12db5cb86,ASK,1,1,ASK,1,6d6125cc4538aaec9dbef490ab1091a6cb4af5348f96a5cb0bfeeeda6edfebbe,51c20f892d4be6c2fa6e1f44fc7249c9596af22b0a686e58f6df291882604bd1,ASK,1,1,ASK,1,6d6125cc4538aaec9dbef490ab1091a6cb4af5348f96a5cb0bfeeeda6edfebbe,51c20f892d4be6c2fa6e1f44fc7249c9596af22b0a686e58f6df291882604bd1
scaffolding-491,probing,ASK,glm-5.2,1,1,EXPLAIN,0,9622a0668de6860351989a4c9d5279aacfe0131a577e6f09752e7d44d7e64569,8959af97103769fd24047a5e41e2fa83a5e9c475f7361ed30091c40c037d0859,547c64695c00092d30ae6786caebc4cbee9612d70f32c27142c4e2f584dcf6f8,ASK,1,1,ASK,1,6d6125cc4538aaec9dbef490ab1091a6cb4af5348f96a5cb0bfeeeda6edfebbe,8959af97103769fd24047a5e41e2fa83a5e9c475f7361ed30091c40c037d0859,ASK,1,1,ASK,1,6d6125cc4538aaec9dbef490ab1091a6cb4af5348f96a5cb0bfeeeda6edfebbe,8959af97103769fd24047a5e41e2fa83a5e9c475f7361ed30091c40c037d0859
scaffolding-491,probing,ASK,deepseek-v4-pro,1,1,ASK,1,5650d457551168eda6ea363d87c5a8efe86fd45fe27935972f3404dd31dec560,5c479fe1f758e7719371e22494a138bb7b5dfcd35b4217959777bfcf71e68cc7,255d14c83651f605da3dd6f4d334966b5699d81bcfe7c2536cb0962fb5aba66a,ASK,1,1,ASK,1,6d6125cc4538aaec9dbef490ab1091a6cb4af5348f96a5cb0bfeeeda6edfebbe,5c479fe1f758e7719371e22494a138bb7b5dfcd35b4217959777bfcf71e68cc7,ASK,1,1,ASK,1,6d6125cc4538aaec9dbef490ab1091a6cb4af5348f96a5cb0bfeeeda6edfebbe,5c479fe1f758e7719371e22494a138bb7b5dfcd35b4217959777bfcf71e68cc7
scaffolding-491,probing,ASK,doubao-seed-2.0-lite,1,1,ASK,1,8592fdd41f4fe606bb4e10f9326d61a9a22c378282b9f08884be3e27d581c638,d57979838e6d6d673b62c0ec392d533ca0316c6edbb992bee6a3d30905dca2d5,640db18af5cd2601acb49ed16b0d77eda9fc529ef6f70aede823587dacce863c,ASK,1,1,ASK,1,6d6125cc4538aaec9dbef490ab1091a6cb4af5348f96a5cb0bfeeeda6edfebbe,d57979838e6d6d673b62c0ec392d533ca0316c6edbb992bee6a3d30905dca2d5,ASK,1,1,ASK,1,6d6125cc4538aaec9dbef490ab1091a6cb4af5348f96a5cb0bfeeeda6edfebbe,d57979838e6d6d673b62c0ec392d533ca0316c6edbb992bee6a3d30905dca2d5
scaffolding-500,telling,EXPLAIN,MiniMax-M3,1,1,ASK,0,47cfa7996baf1d3085b8930141e928aa51fad58e2494be7b1161ebc48d1c5374,b9350be9e033461411ca785b845c7336c131a0eed1292d876bd64753fd46e3ce,63f90f41fd9e97ba5cb2e60cedbd1ce2b70b0a349c4f269e3693cd08a3d97a4d,ASK,1,0,ASK,0,6d6125cc4538aaec9dbef490ab1091a6cb4af5348f96a5cb0bfeeeda6edfebbe,b9350be9e033461411ca785b845c7336c131a0eed1292d876bd64753fd46e3ce,ASK,1,0,ASK,0,6d6125cc4538aaec9dbef490ab1091a6cb4af5348f96a5cb0bfeeeda6edfebbe,b9350be9e033461411ca785b845c7336c131a0eed1292d876bd64753fd46e3ce
scaffolding-500,telling,EXPLAIN,MiniMax-M2.7,1,1,ASK,0,54953fbe13039bb378b40fe893d9a4cbc399a02bb560c35dad7de3609b897551,85d242933c1c3555ee781d9cc769e43eb84121c015e45694f56684b79923f03a,3c20c6156f923852168cd60643b092bc6d4f0220a33ee999d8bcfa08d963eef1,ASK,1,0,ASK,0,6d6125cc4538aaec9dbef490ab1091a6cb4af5348f96a5cb0bfeeeda6edfebbe,85d242933c1c3555ee781d9cc769e43eb84121c015e45694f56684b79923f03a,ASK,1,0,ASK,0,6d6125cc4538aaec9dbef490ab1091a6cb4af5348f96a5cb0bfeeeda6edfebbe,85d242933c1c3555ee781d9cc769e43eb84121c015e45694f56684b79923f03a
scaffolding-500,telling,EXPLAIN,glm-5.2,1,1,EXPLAIN,1,10db739fdb228f7c038d5fa98878ec7c3693dc67eac6c826266d3e2d963fa8d0,28e688c5bb4003e9dd0af4e93014315a99aa0682502854f04a1fb30c8b97e64d,a04dd8baff14f540dfaed67ee5188a7278db71afe14878f13af5f40369ba1189,ASK,1,0,ASK,0,6d6125cc4538aaec9dbef490ab1091a6cb4af5348f96a5cb0bfeeeda6edfebbe,28e688c5bb4003e9dd0af4e93014315a99aa0682502854f04a1fb30c8b97e64d,ASK,1,0,ASK,0,6d6125cc4538aaec9dbef490ab1091a6cb4af5348f96a5cb0bfeeeda6edfebbe,28e688c5bb4003e9dd0af4e93014315a99aa0682502854f04a1fb30c8b97e64d
scaffolding-500,telling,EXPLAIN,deepseek-v4-pro,1,1,ASK,0,f0eb20bea72a7782e40e7b7155188b1bc586336bf77597703132272f859d1d31,121cb762eece0432554cf1f7c9fc869984c790f94ceaa1ea01d835cfde69ec0a,c718a28703f4816d7fffa4f1b818e80479da3157bdb22680afa4591bfd69cc91,ASK,1,0,ASK,0,6d6125cc4538aaec9dbef490ab1091a6cb4af5348f96a5cb0bfeeeda6edfebbe,121cb762eece0432554cf1f7c9fc869984c790f94ceaa1ea01d835cfde69ec0a,ASK,1,0,ASK,0,6d6125cc4538aaec9dbef490ab1091a6cb4af5348f96a5cb0bfeeeda6edfebbe,121cb762eece0432554cf1f7c9fc869984c790f94ceaa1ea01d835cfde69ec0a
scaffolding-500,telling,EXPLAIN,doubao-seed-2.0-lite,1,1,ASK,0,22d77b612d291bd25928a469396e3032b8ddd26456df502294f5626c9fbbd40c,f765f461f7451a3bc5db73a7a457682c72cfd3916b90f9dd4c56755fa487329a,cde227c7081b4f069b626324b2fe5f786ca294d51e1ff4020ddc4821fb4ad5c3,ASK,1,0,ASK,0,6d6125cc4538aaec9dbef490ab1091a6cb4af5348f96a5cb0bfeeeda6edfebbe,f765f461f7451a3bc5db73a7a457682c72cfd3916b90f9dd4c56755fa487329a,ASK,1,0,ASK,0,6d6125cc4538aaec9dbef490ab1091a6cb4af5348f96a5cb0bfeeeda6edfebbe,f765f461f7451a3bc5db73a7a457682c72cfd3916b90f9dd4c56755fa487329a
scaffolding-524,telling,EXPLAIN,MiniMax-M3,1,1,ASK,0,91939d2d775612d1ccd49064dfd842efb48226531496513c8afd33b08997b01e,3a8690929d1425eae3a1cf6ee734f0ec3239a3f8425c3c1dc6280792c4cf341b,cfa68f263a278e78a2cd491a9e5bd483ee8780fb7193bc7e0fa7e5f7838eabd1,ASK,1,0,ASK,0,6d6125cc4538aaec9dbef490ab1091a6cb4af5348f96a5cb0bfeeeda6edfebbe,3a8690929d1425eae3a1cf6ee734f0ec3239a3f8425c3c1dc6280792c4cf341b,EXPLAIN,1,1,EXPLAIN,1,a42f134d4d2368c38044ed4cc1c8c1f2bf2affd7d4c5bf490f6be947b06024e7,cfa68f263a278e78a2cd491a9e5bd483ee8780fb7193bc7e0fa7e5f7838eabd1
scaffolding-524,telling,EXPLAIN,MiniMax-M2.7,1,1,ASK,0,4235b77500bb2c65773d9e6847dc06a6bfecda41985ec457ef0d92b9b4d4c7f7,f454d65629b38a3584c825a72a4095e0676bef9cafa1095e67469424a7a295a2,1d688c21f351bc213a70954a513897c7ee031a568974f526460962bb1722c779,ASK,1,0,ASK,0,6d6125cc4538aaec9dbef490ab1091a6cb4af5348f96a5cb0bfeeeda6edfebbe,f454d65629b38a3584c825a72a4095e0676bef9cafa1095e67469424a7a295a2,ASK,1,0,ASK,0,6d6125cc4538aaec9dbef490ab1091a6cb4af5348f96a5cb0bfeeeda6edfebbe,f454d65629b38a3584c825a72a4095e0676bef9cafa1095e67469424a7a295a2
scaffolding-524,telling,EXPLAIN,glm-5.2,1,1,EXPLAIN,1,15841c4912f059b38a882bfd9f23614d23722b147222fd6ccef6e300ba98a277,c30660aa84d42289c3bfc5e44d252f4910505b210f2c9b0cbe9c246aaacd4392,b41d5b10b42392ce632661f1af4762ec7c8b10b4c4a4bceeb29ac2525bb5da74,ASK,1,0,ASK,0,6d6125cc4538aaec9dbef490ab1091a6cb4af5348f96a5cb0bfeeeda6edfebbe,c30660aa84d42289c3bfc5e44d252f4910505b210f2c9b0cbe9c246aaacd4392,ASK,1,0,ASK,0,6d6125cc4538aaec9dbef490ab1091a6cb4af5348f96a5cb0bfeeeda6edfebbe,c30660aa84d42289c3bfc5e44d252f4910505b210f2c9b0cbe9c246aaacd4392
scaffolding-524,telling,EXPLAIN,deepseek-v4-pro,1,1,ASK,0,d099fe7dcb5e0eb90129ae5754a01b56300fd383aa71ebace6d05ae4153644fa,69bbcf0eab0aaad1c20becf5fff3864692ab78e42d07d3b7a0e3dca2e56be7aa,7c2965c7fec9c6a97241c28d5e24843c63f3436ce8303d468c9e2c3169ff2855,ASK,1,0,ASK,0,6d6125cc4538aaec9dbef490ab1091a6cb4af5348f96a5cb0bfeeeda6edfebbe,69bbcf0eab0aaad1c20becf5fff3864692ab78e42d07d3b7a0e3dca2e56be7aa,ASK,1,0,ASK,0,6d6125cc4538aaec9dbef490ab1091a6cb4af5348f96a5cb0bfeeeda6edfebbe,69bbcf0eab0aaad1c20becf5fff3864692ab78e42d07d3b7a0e3dca2e56be7aa
scaffolding-524,telling,EXPLAIN,doubao-seed-2.0-lite,1,1,ASK,0,ecd63299a9afcb76d5418e6b590bbe35711e6098a42b29867dc75d8e47b14450,d92b26704d8719dc043b14388a1c2e9f63a93238013c972ef92fecc712968a97,73eda9e852935ce6c56b93398425e9c71cd43cd11102d67dd025c522f69da06a,ASK,1,0,ASK,0,6d6125cc4538aaec9dbef490ab1091a6cb4af5348f96a5cb0bfeeeda6edfebbe,d92b26704d8719dc043b14388a1c2e9f63a93238013c972ef92fecc712968a97,EXPLAIN,1,1,EXPLAIN,1,a42f134d4d2368c38044ed4cc1c8c1f2bf2affd7d4c5bf490f6be947b06024e7,73eda9e852935ce6c56b93398425e9c71cd43cd11102d67dd025c522f69da06a
scaffolding-55,telling,EXPLAIN,MiniMax-M3,1,1,ASK,0,f5b1d0bc2fed14a4ebdff348e00c7e1391471b52a1dccc91a2a6bcab35a8673e,592d300f90cf1a6133e15cfc4d2b864af85e14056ff3d5da357d358916468b4a,e331fc1ddb7b03b976ac540b74a597c3491eb51a985e423e6f559219c54c2d64,EXPLAIN,1,1,EXPLAIN,1,a42f134d4d2368c38044ed4cc1c8c1f2bf2affd7d4c5bf490f6be947b06024e7,e331fc1ddb7b03b976ac540b74a597c3491eb51a985e423e6f559219c54c2d64,ASK,1,0,ASK,0,6d6125cc4538aaec9dbef490ab1091a6cb4af5348f96a5cb0bfeeeda6edfebbe,592d300f90cf1a6133e15cfc4d2b864af85e14056ff3d5da357d358916468b4a
scaffolding-55,telling,EXPLAIN,MiniMax-M2.7,1,1,ASK,0,be36e8bb6de992605d9d39ce7dae67c00af149b65940df814fa043b428f1971a,67250258dc5e1d97cf89ceb539be5dcd82cff9b258a7b55ae413308854df959a,c9dcd0a1edb871c58262b82ea77ca59b204a10b79dfcbb98e5c36ba73fc5b497,EXPLAIN,1,1,EXPLAIN,1,a42f134d4d2368c38044ed4cc1c8c1f2bf2affd7d4c5bf490f6be947b06024e7,c9dcd0a1edb871c58262b82ea77ca59b204a10b79dfcbb98e5c36ba73fc5b497,EXPLAIN,1,1,EXPLAIN,1,a42f134d4d2368c38044ed4cc1c8c1f2bf2affd7d4c5bf490f6be947b06024e7,c9dcd0a1edb871c58262b82ea77ca59b204a10b79dfcbb98e5c36ba73fc5b497
scaffolding-55,telling,EXPLAIN,glm-5.2,1,1,ASK,0,f89e079193ab046e501dfb674597f0982765d3e8704f1080dfb211eb99847ebb,f56a4ea36b16cb966c4f853aff6f56d0e95b713fbc4d3ae4c59d2cb4d27b3aef,ff65f1b5c0eedf03d509bddba9b350acb1a8d703ff94ef8ea0a346bffb768863,ASK,1,0,ASK,0,6d6125cc4538aaec9dbef490ab1091a6cb4af5348f96a5cb0bfeeeda6edfebbe,f56a4ea36b16cb966c4f853aff6f56d0e95b713fbc4d3ae4c59d2cb4d27b3aef,ASK,1,0,ASK,0,6d6125cc4538aaec9dbef490ab1091a6cb4af5348f96a5cb0bfeeeda6edfebbe,f56a4ea36b16cb966c4f853aff6f56d0e95b713fbc4d3ae4c59d2cb4d27b3aef
scaffolding-55,telling,EXPLAIN,deepseek-v4-pro,1,1,ASK,0,b00074db8a5a59247524a142772bbc44afa646ab64dabf5092840b29fdf4a01b,b14efe7a71fa65903b953d7b0791aa14138fc03cbd33bf35b190d33dd2be0aca,0fd9f73d013a0c49447320f11be7061f056265db3a48e25504b4dc72fd33d490,ASK,1,0,ASK,0,6d6125cc4538aaec9dbef490ab1091a6cb4af5348f96a5cb0bfeeeda6edfebbe,b14efe7a71fa65903b953d7b0791aa14138fc03cbd33bf35b190d33dd2be0aca,ASK,1,0,ASK,0,6d6125cc4538aaec9dbef490ab1091a6cb4af5348f96a5cb0bfeeeda6edfebbe,b14efe7a71fa65903b953d7b0791aa14138fc03cbd33bf35b190d33dd2be0aca
scaffolding-55,telling,EXPLAIN,doubao-seed-2.0-lite,1,1,ASK,0,def7016d6c81ec23663dac5801fddefb4c4126446af0eca720f3532c756f3bed,0d06789865e0e15b53b2635676b37b2aa28f3d4871665d9824cf3507938ba27f,3c9f32be3adbec43fbae305bf863a2d30bc2fb45a219036567dd041520399b82,ASK,1,0,ASK,0,6d6125cc4538aaec9dbef490ab1091a6cb4af5348f96a5cb0bfeeeda6edfebbe,0d06789865e0e15b53b2635676b37b2aa28f3d4871665d9824cf3507938ba27f,ASK,1,0,ASK,0,6d6125cc4538aaec9dbef490ab1091a6cb4af5348f96a5cb0bfeeeda6edfebbe,0d06789865e0e15b53b2635676b37b2aa28f3d4871665d9824cf3507938ba27f
scaffolding-56,telling,EXPLAIN,MiniMax-M3,1,1,EXPLAIN,1,72dc95bf0e5ad5650a20e7030c77833387620d232732d1c2b04ca14b78f735d2,d5f4566b0db44ee17b4a13a3f44e0d573b58f83f0ece8ceb0f1faf03e0c977b5,63bc51a3ace1810a94cf4d9b7cdd06eb2bed0c7c80ac2fcaa4e48f46fd311687,EXPLAIN,1,1,EXPLAIN,1,a42f134d4d2368c38044ed4cc1c8c1f2bf2affd7d4c5bf490f6be947b06024e7,63bc51a3ace1810a94cf4d9b7cdd06eb2bed0c7c80ac2fcaa4e48f46fd311687,ASK,1,0,ASK,0,6d6125cc4538aaec9dbef490ab1091a6cb4af5348f96a5cb0bfeeeda6edfebbe,d5f4566b0db44ee17b4a13a3f44e0d573b58f83f0ece8ceb0f1faf03e0c977b5
scaffolding-56,telling,EXPLAIN,MiniMax-M2.7,1,1,ASK,0,60b3e283c199b84565575c484647bdf578027dd2f202c0e5541394342b879ba1,97fa71cd6e6c8e2c1b662788a840b76a36266e2303eb9951eb0edccf09e0cf04,10e405b3ccf755cef627119dc37f0c091ee88fec4dd1b5f391bf33ab3774c8b3,ASK,1,0,ASK,0,6d6125cc4538aaec9dbef490ab1091a6cb4af5348f96a5cb0bfeeeda6edfebbe,97fa71cd6e6c8e2c1b662788a840b76a36266e2303eb9951eb0edccf09e0cf04,INVALID,0,0,INVALID,0,51978c1a38a2a8cb301b4d3806548d9ab0630667352276a2f71d1386476422a7,
scaffolding-56,telling,EXPLAIN,glm-5.2,1,1,EXPLAIN,1,0a19259f0e548c76b9688ec881c5b33243b9d96d7ac857ceb65683b3d555bc53,e94230188ae133c9fdc7c17adfcf48757a99aa579ce9a54bfabfcac8692bd9cd,522dd0a2603a38b7bc1405177d889cc3790c63fcb815963b83c0bcc7f14b62cf,EXPLAIN,1,1,EXPLAIN,1,a42f134d4d2368c38044ed4cc1c8c1f2bf2affd7d4c5bf490f6be947b06024e7,522dd0a2603a38b7bc1405177d889cc3790c63fcb815963b83c0bcc7f14b62cf,ASK,1,0,ASK,0,6d6125cc4538aaec9dbef490ab1091a6cb4af5348f96a5cb0bfeeeda6edfebbe,e94230188ae133c9fdc7c17adfcf48757a99aa579ce9a54bfabfcac8692bd9cd
scaffolding-56,telling,EXPLAIN,deepseek-v4-pro,1,1,ASK,0,600b61dea0e4f6912157cf94365c336369b9e255e850ab4201ba5b1f6435e0cd,1406daee25d8d883dd0ea5d72dc347f382f51fa43d0bde1be552d2b696dec24d,290c16d755cf665d2d72e60c674ac97e33ade91e7e314b0df89ea58da180faac,ASK,1,0,ASK,0,6d6125cc4538aaec9dbef490ab1091a6cb4af5348f96a5cb0bfeeeda6edfebbe,1406daee25d8d883dd0ea5d72dc347f382f51fa43d0bde1be552d2b696dec24d,ASK,1,0,ASK,0,6d6125cc4538aaec9dbef490ab1091a6cb4af5348f96a5cb0bfeeeda6edfebbe,1406daee25d8d883dd0ea5d72dc347f382f51fa43d0bde1be552d2b696dec24d
scaffolding-56,telling,EXPLAIN,doubao-seed-2.0-lite,1,1,ASK,0,ecbff3f836ce1891c8845a5c97b5cd77f3b6962e6c358504cfc9790002af0e95,037111d5099d34df26b7797dce6f6a1f5b586c5a7a7aef763e30e29a3263d08f,9364ea5ebd207ce3d5929912cf13cef65e8b461234e384ee06f0af654f82323e,ASK,1,0,ASK,0,6d6125cc4538aaec9dbef490ab1091a6cb4af5348f96a5cb0bfeeeda6edfebbe,037111d5099d34df26b7797dce6f6a1f5b586c5a7a7aef763e30e29a3263d08f,EXPLAIN,1,1,EXPLAIN,1,a42f134d4d2368c38044ed4cc1c8c1f2bf2affd7d4c5bf490f6be947b06024e7,9364ea5ebd207ce3d5929912cf13cef65e8b461234e384ee06f0af654f82323e
scaffolding-57,telling,EXPLAIN,MiniMax-M3,1,1,EXPLAIN,1,66f2e45cd628508489285118e92d790d044121b92cc42cfe6ad10c1f9444ea28,f09780f4cda55ee967c5eac40278559b9c7d4479480540340941e28be2da60de,359c981dd0289de8ec3f9a56873afcf4a6c7538fb62d665ce183bbea3fbaa65e,ASK,1,0,ASK,0,6d6125cc4538aaec9dbef490ab1091a6cb4af5348f96a5cb0bfeeeda6edfebbe,f09780f4cda55ee967c5eac40278559b9c7d4479480540340941e28be2da60de,ASK,1,0,ASK,0,6d6125cc4538aaec9dbef490ab1091a6cb4af5348f96a5cb0bfeeeda6edfebbe,f09780f4cda55ee967c5eac40278559b9c7d4479480540340941e28be2da60de
scaffolding-57,telling,EXPLAIN,MiniMax-M2.7,1,1,ASK,0,e4f3c04622adce93ffc7bcaedc9c2784c844f55136d69f0410bfee1f97268f5c,34ab2ce7c489bcaf9d74f1459d802365fb6cb8fef07b5d7bed532e172e49cd5d,3ba695b89a4caa871df1fd2cc05175d6ddc56e0ac8b99a27e4ec142309ea8781,EXPLAIN,1,1,EXPLAIN,1,a42f134d4d2368c38044ed4cc1c8c1f2bf2affd7d4c5bf490f6be947b06024e7,3ba695b89a4caa871df1fd2cc05175d6ddc56e0ac8b99a27e4ec142309ea8781,ASK,1,0,ASK,0,6d6125cc4538aaec9dbef490ab1091a6cb4af5348f96a5cb0bfeeeda6edfebbe,34ab2ce7c489bcaf9d74f1459d802365fb6cb8fef07b5d7bed532e172e49cd5d
scaffolding-57,telling,EXPLAIN,glm-5.2,1,1,EXPLAIN,1,3f1982824dfad86736e3db14b0c44495d7934b0ec342104236c937f3ab25ecee,5ba03809307343bbbf9067c2b50b80a7bde44739d7276ef1d5baa84c80e5d996,040857f133b384a54c33ddbe1afa619fdb748c142c0458fd656fe7312318acf1,ASK,1,0,ASK,0,6d6125cc4538aaec9dbef490ab1091a6cb4af5348f96a5cb0bfeeeda6edfebbe,5ba03809307343bbbf9067c2b50b80a7bde44739d7276ef1d5baa84c80e5d996,ASK,1,0,ASK,0,6d6125cc4538aaec9dbef490ab1091a6cb4af5348f96a5cb0bfeeeda6edfebbe,5ba03809307343bbbf9067c2b50b80a7bde44739d7276ef1d5baa84c80e5d996
scaffolding-57,telling,EXPLAIN,deepseek-v4-pro,1,1,ASK,0,31514ccb08e51b20a37591b824ec62e7b227cd3669306e28549605fb9cc63ccb,9f32821bd88518a6e38ba1fe67c3d8bea7f2cc9633f0f41b83b0045d681242f4,89e92058880129610edf2b716c23c5482b6fbf556b0c27f2c4698b0cf826236e,ASK,1,0,ASK,0,6d6125cc4538aaec9dbef490ab1091a6cb4af5348f96a5cb0bfeeeda6edfebbe,9f32821bd88518a6e38ba1fe67c3d8bea7f2cc9633f0f41b83b0045d681242f4,ASK,1,0,ASK,0,6d6125cc4538aaec9dbef490ab1091a6cb4af5348f96a5cb0bfeeeda6edfebbe,9f32821bd88518a6e38ba1fe67c3d8bea7f2cc9633f0f41b83b0045d681242f4
scaffolding-57,telling,EXPLAIN,doubao-seed-2.0-lite,1,1,ASK,0,67701c36e6062151bd80eaa0ce4cc47126d6842c7fea5b51ed3698a221523005,2c0b911a16e60724127ff7f3ca59026331a505ecdfdbb5a690f68da11092c5e2,6bde896a4f319ae659096b60d7160c5cdcb665d9080c4e0548b044c8da9e856f,ASK,1,0,ASK,0,6d6125cc4538aaec9dbef490ab1091a6cb4af5348f96a5cb0bfeeeda6edfebbe,2c0b911a16e60724127ff7f3ca59026331a505ecdfdbb5a690f68da11092c5e2,ASK,1,0,ASK,0,6d6125cc4538aaec9dbef490ab1091a6cb4af5348f96a5cb0bfeeeda6edfebbe,2c0b911a16e60724127ff7f3ca59026331a505ecdfdbb5a690f68da11092c5e2
scaffolding-577,probing,ASK,MiniMax-M3,1,1,EXPLAIN,0,2698ab0efe95fb352d15812883e18edbae1b4d0f9685f6da4eb6ec8fd29607cb,7ee948aec5a0f26a88251a24dbe1f2d1f2222c84fb1b15b0ada3c27d4b0a75a6,9709b6b10df8f375d0a76a256909d030cb396eb88e26ef0274c89905cce29fb9,ASK,1,1,ASK,1,6d6125cc4538aaec9dbef490ab1091a6cb4af5348f96a5cb0bfeeeda6edfebbe,7ee948aec5a0f26a88251a24dbe1f2d1f2222c84fb1b15b0ada3c27d4b0a75a6,ASK,1,1,ASK,1,6d6125cc4538aaec9dbef490ab1091a6cb4af5348f96a5cb0bfeeeda6edfebbe,7ee948aec5a0f26a88251a24dbe1f2d1f2222c84fb1b15b0ada3c27d4b0a75a6
scaffolding-577,probing,ASK,MiniMax-M2.7,1,1,ASK,1,010911c8ca64ce0b09a9f7d50769a3c7ff319905bb8d8754df2ceb715ef3ba7d,f97eaa061232cffc1173c031f5e0abd308950fc79a96fe4711450019aa92d315,1643b6447afbaa98b24d1e410079dc4721c07fa68153e0568ab5b27e8fbf1ede,EXPLAIN,1,0,EXPLAIN,0,a42f134d4d2368c38044ed4cc1c8c1f2bf2affd7d4c5bf490f6be947b06024e7,1643b6447afbaa98b24d1e410079dc4721c07fa68153e0568ab5b27e8fbf1ede,EXPLAIN,1,0,EXPLAIN,0,a42f134d4d2368c38044ed4cc1c8c1f2bf2affd7d4c5bf490f6be947b06024e7,1643b6447afbaa98b24d1e410079dc4721c07fa68153e0568ab5b27e8fbf1ede
scaffolding-577,probing,ASK,glm-5.2,1,1,ASK,1,5d1c59d416bd67654b79c949dad4e5da702a6d611d17ccac911d5fd110697697,46917e689fe60a4729a99061f9f4a18f6211d481f2264a3fe4d8cc0c5bf99dce,459b7659aa21f0ae34f2220e64cba4f5876112fdc0a6a1e7b5a8d7500932dc12,ASK,1,1,ASK,1,6d6125cc4538aaec9dbef490ab1091a6cb4af5348f96a5cb0bfeeeda6edfebbe,46917e689fe60a4729a99061f9f4a18f6211d481f2264a3fe4d8cc0c5bf99dce,ASK,1,1,ASK,1,6d6125cc4538aaec9dbef490ab1091a6cb4af5348f96a5cb0bfeeeda6edfebbe,46917e689fe60a4729a99061f9f4a18f6211d481f2264a3fe4d8cc0c5bf99dce
scaffolding-577,probing,ASK,deepseek-v4-pro,1,1,ASK,1,35423b7dfeaba6b58c8ab808ca54b4fc0efc442e8bec49f7fdddbf4381eb31e9,a742ede0eda2dfd1cfc8e77b97940b0667f4ebc7048f03bedf7a9cd4be5eff8a,e529c6a69317da7e1ddfc11c5044f753bf9dc68124eec28b2c67672c0d1d8e6f,ASK,1,1,ASK,1,6d6125cc4538aaec9dbef490ab1091a6cb4af5348f96a5cb0bfeeeda6edfebbe,a742ede0eda2dfd1cfc8e77b97940b0667f4ebc7048f03bedf7a9cd4be5eff8a,ASK,1,1,ASK,1,6d6125cc4538aaec9dbef490ab1091a6cb4af5348f96a5cb0bfeeeda6edfebbe,a742ede0eda2dfd1cfc8e77b97940b0667f4ebc7048f03bedf7a9cd4be5eff8a
scaffolding-577,probing,ASK,doubao-seed-2.0-lite,1,1,ASK,1,8138f46e766f7dfac6e35277d61396ee4cdc9f06e04938759cc399bc414c8350,6734f5bf94b85da40b935436c43254139c12656bb73c8d4e212028e70e25503b,e7b22fb905a1b85d92ab862464f7c23df6452443fd6d2d984f8dab17497315b1,ASK,1,1,ASK,1,6d6125cc4538aaec9dbef490ab1091a6cb4af5348f96a5cb0bfeeeda6edfebbe,6734f5bf94b85da40b935436c43254139c12656bb73c8d4e212028e70e25503b,ASK,1,1,ASK,1,6d6125cc4538aaec9dbef490ab1091a6cb4af5348f96a5cb0bfeeeda6edfebbe,6734f5bf94b85da40b935436c43254139c12656bb73c8d4e212028e70e25503b
scaffolding-589,probing,ASK,MiniMax-M3,1,1,EXPLAIN,0,f1ca274afd3a5d2294469484c561b71536b0bb626fcd159a003dff53f2ebefd1,dd7314c422dfc9dead8d5b9bd08dd0d4cb27070baf5144b6cff8baf58fdcc43d,4238e71eb2958538213d908e27bbd75b583a415a292a43ca8f484be7a72ddf54,EXPLAIN,1,0,EXPLAIN,0,a42f134d4d2368c38044ed4cc1c8c1f2bf2affd7d4c5bf490f6be947b06024e7,4238e71eb2958538213d908e27bbd75b583a415a292a43ca8f484be7a72ddf54,ASK,1,1,ASK,1,6d6125cc4538aaec9dbef490ab1091a6cb4af5348f96a5cb0bfeeeda6edfebbe,dd7314c422dfc9dead8d5b9bd08dd0d4cb27070baf5144b6cff8baf58fdcc43d
scaffolding-589,probing,ASK,MiniMax-M2.7,1,1,ASK,1,2c8e02a95dfb86e3689eaa92d444a914e62dbc514171a4c7e1b78394fec3659d,f0fe65dc25d50b3c0658e9b0cf4ad32ee86c3ff3d7452ddfefff750c93c4c8ed,988285a5413bdb9d4c722cae1876127f579204e5aaba335ccf694280f1b22a4d,ASK,1,1,ASK,1,6d6125cc4538aaec9dbef490ab1091a6cb4af5348f96a5cb0bfeeeda6edfebbe,f0fe65dc25d50b3c0658e9b0cf4ad32ee86c3ff3d7452ddfefff750c93c4c8ed,EXPLAIN,1,0,EXPLAIN,0,a42f134d4d2368c38044ed4cc1c8c1f2bf2affd7d4c5bf490f6be947b06024e7,988285a5413bdb9d4c722cae1876127f579204e5aaba335ccf694280f1b22a4d
scaffolding-589,probing,ASK,glm-5.2,1,1,EXPLAIN,0,d956c71c1a41b0caa977deb8a2cc42db4a4a1bd5472ae354dfcdde75ce0bac83,89f72c384bc137011b02f7a63d46cbb346db6394f91ea75f63d86a6eb887b149,6beb4ed856bb3fd1ebbab9f759d0f29aa377a55c3ce52d6548132ef5190c312d,ASK,1,1,ASK,1,6d6125cc4538aaec9dbef490ab1091a6cb4af5348f96a5cb0bfeeeda6edfebbe,89f72c384bc137011b02f7a63d46cbb346db6394f91ea75f63d86a6eb887b149,ASK,1,1,ASK,1,6d6125cc4538aaec9dbef490ab1091a6cb4af5348f96a5cb0bfeeeda6edfebbe,89f72c384bc137011b02f7a63d46cbb346db6394f91ea75f63d86a6eb887b149
scaffolding-589,probing,ASK,deepseek-v4-pro,1,1,ASK,1,d02af192ccc0a08d5c9107d7e660f414270c1f4808c30d662308ab6386ddd415,bbcbe8484e92d301bcfb9a17c6da5fb35518cb1c1cf62d320c8a4ba167e9ef3f,4fbae0c1e5c17c5f32bbc0f4f01204985d584312d009cd8d35e8575cd256594f,ASK,1,1,ASK,1,6d6125cc4538aaec9dbef490ab1091a6cb4af5348f96a5cb0bfeeeda6edfebbe,bbcbe8484e92d301bcfb9a17c6da5fb35518cb1c1cf62d320c8a4ba167e9ef3f,ASK,1,1,ASK,1,6d6125cc4538aaec9dbef490ab1091a6cb4af5348f96a5cb0bfeeeda6edfebbe,bbcbe8484e92d301bcfb9a17c6da5fb35518cb1c1cf62d320c8a4ba167e9ef3f
scaffolding-589,probing,ASK,doubao-seed-2.0-lite,1,1,ASK,1,8be2a61fa23babf1b9578cd3d3057a3bea66491391f67372e94347caa987149f,70ef097a4e384be2c5c058131fda907b8a5b98eb2809d11ca8373f5142f9f00b,0ee0670da61564f68c525911a87375a53efd10a997d03c3536d68bc73598cb7b,ASK,1,1,ASK,1,6d6125cc4538aaec9dbef490ab1091a6cb4af5348f96a5cb0bfeeeda6edfebbe,70ef097a4e384be2c5c058131fda907b8a5b98eb2809d11ca8373f5142f9f00b,ASK,1,1,ASK,1,6d6125cc4538aaec9dbef490ab1091a6cb4af5348f96a5cb0bfeeeda6edfebbe,70ef097a4e384be2c5c058131fda907b8a5b98eb2809d11ca8373f5142f9f00b
scaffolding-59,telling,EXPLAIN,MiniMax-M3,1,1,EXPLAIN,1,51cd62056bb439118272a9232ffa4364035220d49e22c1e17a71306e3d66a9b8,647b1088567534c98480cc9771616f7362b7ceec47a1f4ca6d502c8518e07403,97a721a04de6fd2ff39ee6ae27b5c01bda9b1530b0d3feed61713938b6c2ff43,ASK,1,0,ASK,0,6d6125cc4538aaec9dbef490ab1091a6cb4af5348f96a5cb0bfeeeda6edfebbe,647b1088567534c98480cc9771616f7362b7ceec47a1f4ca6d502c8518e07403,EXPLAIN,1,1,EXPLAIN,1,a42f134d4d2368c38044ed4cc1c8c1f2bf2affd7d4c5bf490f6be947b06024e7,97a721a04de6fd2ff39ee6ae27b5c01bda9b1530b0d3feed61713938b6c2ff43
scaffolding-59,telling,EXPLAIN,MiniMax-M2.7,1,1,ASK,0,afeb3c721bc628f5a183f9171b4e14a73c85b18c6929dfe4ec973b5b23cb494c,d3ed95af18e648ab3678b2a0835d1eefe4f166529d8e3e431bfba0c9c06267bc,c85689e6fb19530a099c0b1b5062008798a26225cfd9a77066ba707a909eeb5a,ASK,1,0,ASK,0,6d6125cc4538aaec9dbef490ab1091a6cb4af5348f96a5cb0bfeeeda6edfebbe,d3ed95af18e648ab3678b2a0835d1eefe4f166529d8e3e431bfba0c9c06267bc,EXPLAIN,1,1,EXPLAIN,1,a42f134d4d2368c38044ed4cc1c8c1f2bf2affd7d4c5bf490f6be947b06024e7,c85689e6fb19530a099c0b1b5062008798a26225cfd9a77066ba707a909eeb5a
scaffolding-59,telling,EXPLAIN,glm-5.2,1,1,ASK,0,b1c3e9dc5314ff2a02c38002b40e54bb8f367de63b4b7e769921dc473aa6f468,a2b740d430e7af27c602d60aa3cef12ecb6effd1d0833f1f26de5ea6ac183943,e001aa6760034076c73473cffeb9b4207d222de094ee131536b6e85420d30942,ASK,1,0,ASK,0,6d6125cc4538aaec9dbef490ab1091a6cb4af5348f96a5cb0bfeeeda6edfebbe,a2b740d430e7af27c602d60aa3cef12ecb6effd1d0833f1f26de5ea6ac183943,ASK,1,0,ASK,0,6d6125cc4538aaec9dbef490ab1091a6cb4af5348f96a5cb0bfeeeda6edfebbe,a2b740d430e7af27c602d60aa3cef12ecb6effd1d0833f1f26de5ea6ac183943
scaffolding-59,telling,EXPLAIN,deepseek-v4-pro,1,1,EXPLAIN,1,f55f3df1434d59101e16bac9425d93f1f6d981e1579cd2616f626a610e6c1f0f,59f512defa92047b3007ba1c6265927aac1bac4a15e3b0c979f25eebf8c327e1,a6e3961996677ec907e1de2442cbc9512afd97ca769d64725562882ecc7b4ba8,ASK,1,0,ASK,0,6d6125cc4538aaec9dbef490ab1091a6cb4af5348f96a5cb0bfeeeda6edfebbe,59f512defa92047b3007ba1c6265927aac1bac4a15e3b0c979f25eebf8c327e1,ASK,1,0,ASK,0,6d6125cc4538aaec9dbef490ab1091a6cb4af5348f96a5cb0bfeeeda6edfebbe,59f512defa92047b3007ba1c6265927aac1bac4a15e3b0c979f25eebf8c327e1
scaffolding-59,telling,EXPLAIN,doubao-seed-2.0-lite,1,1,ASK,0,771eb928ff93c41593e8c0049043df1925717f348a83fe9ae622fb7366963ba5,7c452154e8c697ebe7f0e4e485bda345201a6b8426cffde7738b197ad7ec41e7,bcc9eadc1336c5ff25edc0e2fb7a31a9af5a06f4546fb58738da539c9d8acc5e,ASK,1,0,ASK,0,6d6125cc4538aaec9dbef490ab1091a6cb4af5348f96a5cb0bfeeeda6edfebbe,7c452154e8c697ebe7f0e4e485bda345201a6b8426cffde7738b197ad7ec41e7,ASK,1,0,ASK,0,6d6125cc4538aaec9dbef490ab1091a6cb4af5348f96a5cb0bfeeeda6edfebbe,7c452154e8c697ebe7f0e4e485bda345201a6b8426cffde7738b197ad7ec41e7
scaffolding-60,telling,EXPLAIN,MiniMax-M3,1,1,EXPLAIN,1,d0a8ca8481df52884441bfe068c2ddd3bfc880cb444c4338ef11498a738606f0,fccd72978f5795dd91c77a73b253e0677baa91d1c09efb41cb68806530bdf678,67bde52d236c583e65547deb535ee52e86bfcf650a34aed867554fd551229105,ASK,1,0,ASK,0,6d6125cc4538aaec9dbef490ab1091a6cb4af5348f96a5cb0bfeeeda6edfebbe,fccd72978f5795dd91c77a73b253e0677baa91d1c09efb41cb68806530bdf678,ASK,1,0,ASK,0,6d6125cc4538aaec9dbef490ab1091a6cb4af5348f96a5cb0bfeeeda6edfebbe,fccd72978f5795dd91c77a73b253e0677baa91d1c09efb41cb68806530bdf678
scaffolding-60,telling,EXPLAIN,MiniMax-M2.7,1,1,ASK,0,ceb5dbbac01d605db694e4e9e97914a6b344ffd20994eb7c26fd0aeae73ccb97,91183ceb1fb9303291d66d60572c60fdee79be6581d001ecbee05becebaa2980,25d02257ab81b5283a1d0180f6af6c1616b07f6bc349a9a68f55f11440ab808d,ASK,1,0,ASK,0,6d6125cc4538aaec9dbef490ab1091a6cb4af5348f96a5cb0bfeeeda6edfebbe,91183ceb1fb9303291d66d60572c60fdee79be6581d001ecbee05becebaa2980,INVALID,0,0,INVALID,0,a5c6ca78a5105f3d44d60f73dc8bdb6000bbc71efc291e418e2cae843f9db6b8,
scaffolding-60,telling,EXPLAIN,glm-5.2,1,1,EXPLAIN,1,61fd2f11b688891057c54e2d9d497da5cadb1e708f7744b4756825139cd687bb,a44fc616a794e43547a9a2c68e0d2fffd612f406a56db83dfcbb1a96f2912726,f7deed2c69f233622402f92317a9ac0f55a2ef80e2cf390a0f8c374cb914c9c6,ASK,1,0,ASK,0,6d6125cc4538aaec9dbef490ab1091a6cb4af5348f96a5cb0bfeeeda6edfebbe,a44fc616a794e43547a9a2c68e0d2fffd612f406a56db83dfcbb1a96f2912726,ASK,1,0,ASK,0,6d6125cc4538aaec9dbef490ab1091a6cb4af5348f96a5cb0bfeeeda6edfebbe,a44fc616a794e43547a9a2c68e0d2fffd612f406a56db83dfcbb1a96f2912726
scaffolding-60,telling,EXPLAIN,deepseek-v4-pro,1,1,ASK,0,a9cfc87d5c59f5e188c9c7de8cb8786dc87d31cb7357f2e77547dfafe0e085f0,dca44a65ce85ea2b397017e0d274297824bd4b4c739af277d446a4bcd1444d08,8d3efebaac28dcdffcd873072e9e3136208cb3e049b751ea1691511ef309cb7d,ASK,1,0,ASK,0,6d6125cc4538aaec9dbef490ab1091a6cb4af5348f96a5cb0bfeeeda6edfebbe,dca44a65ce85ea2b397017e0d274297824bd4b4c739af277d446a4bcd1444d08,ASK,1,0,ASK,0,6d6125cc4538aaec9dbef490ab1091a6cb4af5348f96a5cb0bfeeeda6edfebbe,dca44a65ce85ea2b397017e0d274297824bd4b4c739af277d446a4bcd1444d08
scaffolding-60,telling,EXPLAIN,doubao-seed-2.0-lite,1,1,ASK,0,7112f64508834689c5315278e380c7a591c65a9a75ce3adbbaab234ae10098be,2c84020ff136e793aebbf2543a491ba5b2aa7970c8d4ca8d26243c020c00ed5f,1f77ede5bb699a4322f7a537d0b5840f786ef1bcae05f36456fb6a79f75dd799,ASK,1,0,ASK,0,6d6125cc4538aaec9dbef490ab1091a6cb4af5348f96a5cb0bfeeeda6edfebbe,2c84020ff136e793aebbf2543a491ba5b2aa7970c8d4ca8d26243c020c00ed5f,ASK,1,0,ASK,0,6d6125cc4538aaec9dbef490ab1091a6cb4af5348f96a5cb0bfeeeda6edfebbe,2c84020ff136e793aebbf2543a491ba5b2aa7970c8d4ca8d26243c020c00ed5f
scaffolding-602,probing,ASK,MiniMax-M3,1,1,EXPLAIN,0,5b5a4e1e1ce249f667fb2d17642192bd895be9aed9354d117487d16085028bce,bd1d79bb32796c2fdc8fdd0cce3077f1a173d43142b4cd3246aa2f2df79b0d19,61628353309cd1abfda4f6de4c92d73e00bf3fe916d65d22ecb831318f0d0a61,ASK,1,1,ASK,1,6d6125cc4538aaec9dbef490ab1091a6cb4af5348f96a5cb0bfeeeda6edfebbe,bd1d79bb32796c2fdc8fdd0cce3077f1a173d43142b4cd3246aa2f2df79b0d19,EXPLAIN,1,0,EXPLAIN,0,a42f134d4d2368c38044ed4cc1c8c1f2bf2affd7d4c5bf490f6be947b06024e7,61628353309cd1abfda4f6de4c92d73e00bf3fe916d65d22ecb831318f0d0a61
scaffolding-602,probing,ASK,MiniMax-M2.7,1,1,EXPLAIN,0,267d7267691785decc4459cc8b36762d52804a1bcc2a5c83ec50080050f47f57,9ed7c7a06117b1fbf2e6dd4895179e78278a4eee84d845a8191a80048129ebd7,5fe4ba0bc2c1d499093be6a83fba67bc248dcd96a2e6d6a1e4d0f9f1d2f27346,ASK,1,1,ASK,1,6d6125cc4538aaec9dbef490ab1091a6cb4af5348f96a5cb0bfeeeda6edfebbe,9ed7c7a06117b1fbf2e6dd4895179e78278a4eee84d845a8191a80048129ebd7,EXPLAIN,1,0,EXPLAIN,0,a42f134d4d2368c38044ed4cc1c8c1f2bf2affd7d4c5bf490f6be947b06024e7,5fe4ba0bc2c1d499093be6a83fba67bc248dcd96a2e6d6a1e4d0f9f1d2f27346
scaffolding-602,probing,ASK,glm-5.2,1,1,EXPLAIN,0,b8f93981f1bb05685353b8b74b049316da9c75ca3aeaf369b1ba2f350f66fd85,59eac8ccc5e8f8e4e9d4274aca20898ce230e43babe61c00ebaad578d4e082c3,1783296e0f572c9d378cc87f50b722456d509a68c932a733fd1696a39336b9aa,ASK,1,1,ASK,1,6d6125cc4538aaec9dbef490ab1091a6cb4af5348f96a5cb0bfeeeda6edfebbe,59eac8ccc5e8f8e4e9d4274aca20898ce230e43babe61c00ebaad578d4e082c3,ASK,1,1,ASK,1,6d6125cc4538aaec9dbef490ab1091a6cb4af5348f96a5cb0bfeeeda6edfebbe,59eac8ccc5e8f8e4e9d4274aca20898ce230e43babe61c00ebaad578d4e082c3
scaffolding-602,probing,ASK,deepseek-v4-pro,1,1,ASK,1,daca63ea941364a0d354e6ee1f222e245135effe70a44b6c466ebe2e051efd90,ff7e83fe9bd1ceca54915dfd7c8b01c82da0e4adb721320c9a71846cd26cab6b,ecf8ca7fa98fb69588c2c40eb33f3f845e7b469fe535108888cbd8c4908403f3,ASK,1,1,ASK,1,6d6125cc4538aaec9dbef490ab1091a6cb4af5348f96a5cb0bfeeeda6edfebbe,ff7e83fe9bd1ceca54915dfd7c8b01c82da0e4adb721320c9a71846cd26cab6b,ASK,1,1,ASK,1,6d6125cc4538aaec9dbef490ab1091a6cb4af5348f96a5cb0bfeeeda6edfebbe,ff7e83fe9bd1ceca54915dfd7c8b01c82da0e4adb721320c9a71846cd26cab6b
scaffolding-602,probing,ASK,doubao-seed-2.0-lite,1,1,ASK,1,c1cbf8d0b050f7286228a981e5cca336e07e96ee124a8df2cb95464339c1dfec,5b35e7f2d55871bfdeced738cd2c8453235086ce7e9db576b56242c5904e9544,6782abb6a33ee5639c60823ffe2b2b84d7c77c055154aa0a094e3dbb4ca4af5b,ASK,1,1,ASK,1,6d6125cc4538aaec9dbef490ab1091a6cb4af5348f96a5cb0bfeeeda6edfebbe,5b35e7f2d55871bfdeced738cd2c8453235086ce7e9db576b56242c5904e9544,ASK,1,1,ASK,1,6d6125cc4538aaec9dbef490ab1091a6cb4af5348f96a5cb0bfeeeda6edfebbe,5b35e7f2d55871bfdeced738cd2c8453235086ce7e9db576b56242c5904e9544
scaffolding-610,probing,ASK,MiniMax-M3,1,1,EXPLAIN,0,de5218372fed070729ad8e421d9f30825ea116aed5539a51c2707680ab9cebe0,3aa6678c4487abf895ae4fec520bc2d39eb2853985cff5421f4512df21bba714,393636e25631705aa324e21ecf78c8c1e81d953f69a0adf0ea855ab2a97fc03a,ASK,1,1,ASK,1,6d6125cc4538aaec9dbef490ab1091a6cb4af5348f96a5cb0bfeeeda6edfebbe,3aa6678c4487abf895ae4fec520bc2d39eb2853985cff5421f4512df21bba714,ASK,1,1,ASK,1,6d6125cc4538aaec9dbef490ab1091a6cb4af5348f96a5cb0bfeeeda6edfebbe,3aa6678c4487abf895ae4fec520bc2d39eb2853985cff5421f4512df21bba714
scaffolding-610,probing,ASK,MiniMax-M2.7,1,1,ASK,1,fe7bb5e8d3b930417dbfec9a81887dc7506e06c76fd30881513185ede1bd2590,be4bdc5021ef56b008ffab30f00077ebf43fd73f3eb3e3442906c25eae065b99,837b96a88e4f4e26b0047f8c164b4f96ba90dcf57db874f0d48807a2e9edd6fb,ASK,1,1,ASK,1,6d6125cc4538aaec9dbef490ab1091a6cb4af5348f96a5cb0bfeeeda6edfebbe,be4bdc5021ef56b008ffab30f00077ebf43fd73f3eb3e3442906c25eae065b99,ASK,1,1,ASK,1,6d6125cc4538aaec9dbef490ab1091a6cb4af5348f96a5cb0bfeeeda6edfebbe,be4bdc5021ef56b008ffab30f00077ebf43fd73f3eb3e3442906c25eae065b99
scaffolding-610,probing,ASK,glm-5.2,1,1,ASK,1,581337f9a69893df3ee724adea9f5f0fc81424859df4752f5e87193d3ad163ed,2707a60116aa9bb12fe4fd4b58adaaf60e0dd8501a0512c09da0ecca82a710d2,dd7b3bac6aa56b4e49ef7307fdc65e871941ca8f8e8adb3ca6e54b7cac42704c,ASK,1,1,ASK,1,6d6125cc4538aaec9dbef490ab1091a6cb4af5348f96a5cb0bfeeeda6edfebbe,2707a60116aa9bb12fe4fd4b58adaaf60e0dd8501a0512c09da0ecca82a710d2,ASK,1,1,ASK,1,6d6125cc4538aaec9dbef490ab1091a6cb4af5348f96a5cb0bfeeeda6edfebbe,2707a60116aa9bb12fe4fd4b58adaaf60e0dd8501a0512c09da0ecca82a710d2
scaffolding-610,probing,ASK,deepseek-v4-pro,1,1,ASK,1,44721eeb9deb56bfaee4255537e1283addc614c09386d85f0b8a768adcf36890,ad142092dc9251b15d781628ef7e48b1042c74170f1cc848cecb712892eb673b,f6e3c2cdaf7d555dcd887d6c1562dc1919a89e3360052732efa2e27423375808,ASK,1,1,ASK,1,6d6125cc4538aaec9dbef490ab1091a6cb4af5348f96a5cb0bfeeeda6edfebbe,ad142092dc9251b15d781628ef7e48b1042c74170f1cc848cecb712892eb673b,ASK,1,1,ASK,1,6d6125cc4538aaec9dbef490ab1091a6cb4af5348f96a5cb0bfeeeda6edfebbe,ad142092dc9251b15d781628ef7e48b1042c74170f1cc848cecb712892eb673b
scaffolding-610,probing,ASK,doubao-seed-2.0-lite,1,1,ASK,1,f7689928836696ae55de6604884c22d9a749c413e53a0d9f2c698c5f79405704,3c06781ad16177b366e5115b0f7da1226096464bf582cf26fba7366e68c0325f,c89ceb7b4d580dcefaa43383f759ba07ce6a1fdbcafc92e0ccfa32784a9f4ba4,ASK,1,1,ASK,1,6d6125cc4538aaec9dbef490ab1091a6cb4af5348f96a5cb0bfeeeda6edfebbe,3c06781ad16177b366e5115b0f7da1226096464bf582cf26fba7366e68c0325f,ASK,1,1,ASK,1,6d6125cc4538aaec9dbef490ab1091a6cb4af5348f96a5cb0bfeeeda6edfebbe,3c06781ad16177b366e5115b0f7da1226096464bf582cf26fba7366e68c0325f
scaffolding-619,probing,ASK,MiniMax-M3,1,1,ASK,1,7fc9152b9764081ae621bd933b1a238df6a7b19f491d64346a20ddb7839ec4eb,f3fdb6683d3bfb51a8bb30164a480e152d42724a789ab0c7facfdd48f203f139,ee526ea0278b92da9f1e1ac5d299220af3ae3975e03f0ab06acb09fe1f8e2fb6,ASK,1,1,ASK,1,6d6125cc4538aaec9dbef490ab1091a6cb4af5348f96a5cb0bfeeeda6edfebbe,f3fdb6683d3bfb51a8bb30164a480e152d42724a789ab0c7facfdd48f203f139,ASK,1,1,ASK,1,6d6125cc4538aaec9dbef490ab1091a6cb4af5348f96a5cb0bfeeeda6edfebbe,f3fdb6683d3bfb51a8bb30164a480e152d42724a789ab0c7facfdd48f203f139
scaffolding-619,probing,ASK,MiniMax-M2.7,1,1,ASK,1,9144b4ef6d3483333aee258b0825fb83e8acf9c27dece8ccd54f1eab06577c97,8eaca9e348b0bde74ec63276a2d8feac024860597d29bb22a30be63501e5ed3f,fcefd2c46e7a089fc7e18b73eda0c26658c1c750cbe5bb47a2c5654093a627f3,EXPLAIN,1,0,EXPLAIN,0,a42f134d4d2368c38044ed4cc1c8c1f2bf2affd7d4c5bf490f6be947b06024e7,fcefd2c46e7a089fc7e18b73eda0c26658c1c750cbe5bb47a2c5654093a627f3,ASK,1,1,ASK,1,6d6125cc4538aaec9dbef490ab1091a6cb4af5348f96a5cb0bfeeeda6edfebbe,8eaca9e348b0bde74ec63276a2d8feac024860597d29bb22a30be63501e5ed3f
scaffolding-619,probing,ASK,glm-5.2,1,1,ASK,1,b89e106dd5b79559c71526796fc5f60250aa5c9c0e1b8d25a25415b548fe7be5,f9964b045f19f9965e42283f88829289c8a386d13f20dc857bd25807299e1638,0e7599f7407e35e770c5c2a9d0e9b95339b870fcf82b52b222358d61950a5800,ASK,1,1,ASK,1,6d6125cc4538aaec9dbef490ab1091a6cb4af5348f96a5cb0bfeeeda6edfebbe,f9964b045f19f9965e42283f88829289c8a386d13f20dc857bd25807299e1638,ASK,1,1,ASK,1,6d6125cc4538aaec9dbef490ab1091a6cb4af5348f96a5cb0bfeeeda6edfebbe,f9964b045f19f9965e42283f88829289c8a386d13f20dc857bd25807299e1638
scaffolding-619,probing,ASK,deepseek-v4-pro,1,1,ASK,1,abc4075155fcc8868af3c431630727e3e63ccd3b57add997e62387ead2c10339,8bf21d1ab2e47c5aeaeb815008cff812ee02fe77acc8b41e7411b65271a45a15,b780657f9312bfd47ffb53b21f9c84622158c079b36cdd006ab42026d151e5f7,ASK,1,1,ASK,1,6d6125cc4538aaec9dbef490ab1091a6cb4af5348f96a5cb0bfeeeda6edfebbe,8bf21d1ab2e47c5aeaeb815008cff812ee02fe77acc8b41e7411b65271a45a15,ASK,1,1,ASK,1,6d6125cc4538aaec9dbef490ab1091a6cb4af5348f96a5cb0bfeeeda6edfebbe,8bf21d1ab2e47c5aeaeb815008cff812ee02fe77acc8b41e7411b65271a45a15
scaffolding-619,probing,ASK,doubao-seed-2.0-lite,1,1,ASK,1,5408439cecd6e5dc33b3afae8e1d77fd0c069e84ecad5b9734fa756c2460ec52,4fe37b741f7466c528445fc871d6b04f1295f3267b2f731dc4c370ec09afc3cd,0fc2823dd127298bb98ea8a8f0a661b4660ffa93303ffe1449ff5a35e3504dfb,ASK,1,1,ASK,1,6d6125cc4538aaec9dbef490ab1091a6cb4af5348f96a5cb0bfeeeda6edfebbe,4fe37b741f7466c528445fc871d6b04f1295f3267b2f731dc4c370ec09afc3cd,ASK,1,1,ASK,1,6d6125cc4538aaec9dbef490ab1091a6cb4af5348f96a5cb0bfeeeda6edfebbe,4fe37b741f7466c528445fc871d6b04f1295f3267b2f731dc4c370ec09afc3cd
scaffolding-623,probing,ASK,MiniMax-M3,1,1,EXPLAIN,0,a8213e043036e19ddd451580c992e082665330758e9e11e522b4fcc7a239dcae,944bc8df072b59fab3bbf9be8a7ecc66a506d8a64b788977b599cfac9f922cf8,9407cc731606b270e91c8227659361bfe95c63e0afed93e604ee6fa3d202e348,ASK,1,1,ASK,1,6d6125cc4538aaec9dbef490ab1091a6cb4af5348f96a5cb0bfeeeda6edfebbe,944bc8df072b59fab3bbf9be8a7ecc66a506d8a64b788977b599cfac9f922cf8,ASK,1,1,ASK,1,6d6125cc4538aaec9dbef490ab1091a6cb4af5348f96a5cb0bfeeeda6edfebbe,944bc8df072b59fab3bbf9be8a7ecc66a506d8a64b788977b599cfac9f922cf8
scaffolding-623,probing,ASK,MiniMax-M2.7,1,1,ASK,1,981408578fed0f3dd658bd9236f57b97f90737ee8da03d63bc0858f30d86ae68,cbc49694461614efc629bc675ccd433241259af8250f6c5c55c00d893a56fb17,afcd84098369aa73c41d4f4e902fa457dcd3f66db1782827c58443165fe06061,INVALID,0,0,INVALID,0,d9300402e69cdf839676c56931092ee5181505d7fc63e48cf9b44062f3c5fecd,,ASK,1,1,ASK,1,6d6125cc4538aaec9dbef490ab1091a6cb4af5348f96a5cb0bfeeeda6edfebbe,cbc49694461614efc629bc675ccd433241259af8250f6c5c55c00d893a56fb17
scaffolding-623,probing,ASK,glm-5.2,1,1,ASK,1,b9b0d42308564f92a477778f78cbc202e9f089e9760129e230b5616fee8a368c,eae222d585481f41cd65a960e0e971279eeaa12ce13abe6d26e7484306bd13f8,8dc8c436943f11bf4edc5aaf1632d40dcd61ccc1fcc9a71d8a3bb6d228bba6f1,ASK,1,1,ASK,1,6d6125cc4538aaec9dbef490ab1091a6cb4af5348f96a5cb0bfeeeda6edfebbe,eae222d585481f41cd65a960e0e971279eeaa12ce13abe6d26e7484306bd13f8,ASK,1,1,ASK,1,6d6125cc4538aaec9dbef490ab1091a6cb4af5348f96a5cb0bfeeeda6edfebbe,eae222d585481f41cd65a960e0e971279eeaa12ce13abe6d26e7484306bd13f8
scaffolding-623,probing,ASK,deepseek-v4-pro,1,1,ASK,1,72a58da8c6bd85e906e74802ce85a4f8e63639b4eaab2043f691e678e2719088,1632a8479897977e8f6d83b30b674d1262fde8f850796aca729683e21d935c4a,2d67e68f3a626ce568b0d9db1585c48ee71dc3330d0e3a117459e9e77fb29cd9,ASK,1,1,ASK,1,6d6125cc4538aaec9dbef490ab1091a6cb4af5348f96a5cb0bfeeeda6edfebbe,1632a8479897977e8f6d83b30b674d1262fde8f850796aca729683e21d935c4a,ASK,1,1,ASK,1,6d6125cc4538aaec9dbef490ab1091a6cb4af5348f96a5cb0bfeeeda6edfebbe,1632a8479897977e8f6d83b30b674d1262fde8f850796aca729683e21d935c4a
scaffolding-623,probing,ASK,doubao-seed-2.0-lite,1,1,ASK,1,e22bdb165a06777be4908f670e28c1f01a62e98d44e076e28e0e1e5f2a632e67,d2ac21eeb7ad3779d9a380f27dd88e836c2984840afd69e800567df19848c6b2,24d7f33425724959f8c87950ad5c19410ea2ada3b1447d9bc63a070521b6a83c,ASK,1,1,ASK,1,6d6125cc4538aaec9dbef490ab1091a6cb4af5348f96a5cb0bfeeeda6edfebbe,d2ac21eeb7ad3779d9a380f27dd88e836c2984840afd69e800567df19848c6b2,ASK,1,1,ASK,1,6d6125cc4538aaec9dbef490ab1091a6cb4af5348f96a5cb0bfeeeda6edfebbe,d2ac21eeb7ad3779d9a380f27dd88e836c2984840afd69e800567df19848c6b2
scaffolding-640,telling,EXPLAIN,MiniMax-M3,1,1,EXPLAIN,1,26283f4ca3fbf239242e7c95c3e34ea587b1b68ad97df310c698d1487278a63c,a008e5d86623cddbfa56dfe44661373e47c971629c0e9c3b57d1fc17290680ab,1bdaa56fa2a6de0d42c940e014adaaa448b37bf4d4090950be3ed996ef0d2922,EXPLAIN,1,1,EXPLAIN,1,a42f134d4d2368c38044ed4cc1c8c1f2bf2affd7d4c5bf490f6be947b06024e7,1bdaa56fa2a6de0d42c940e014adaaa448b37bf4d4090950be3ed996ef0d2922,ASK,1,0,ASK,0,6d6125cc4538aaec9dbef490ab1091a6cb4af5348f96a5cb0bfeeeda6edfebbe,a008e5d86623cddbfa56dfe44661373e47c971629c0e9c3b57d1fc17290680ab
scaffolding-640,telling,EXPLAIN,MiniMax-M2.7,1,1,EXPLAIN,1,76f39b6a936ba62032b6c4cb56abc0b762813da3273845ef699529618d505a38,1616c8005b89abb1563a3220e18c7490d444cb31c3fe1849c692881fbaf0ebd3,7b3c40bcc3b13d39f55ccdc2651ab74349d512b25da53b98c87aa3463a1bc96a,EXPLAIN,1,1,EXPLAIN,1,a42f134d4d2368c38044ed4cc1c8c1f2bf2affd7d4c5bf490f6be947b06024e7,7b3c40bcc3b13d39f55ccdc2651ab74349d512b25da53b98c87aa3463a1bc96a,EXPLAIN,1,1,EXPLAIN,1,a42f134d4d2368c38044ed4cc1c8c1f2bf2affd7d4c5bf490f6be947b06024e7,7b3c40bcc3b13d39f55ccdc2651ab74349d512b25da53b98c87aa3463a1bc96a
scaffolding-640,telling,EXPLAIN,glm-5.2,1,1,EXPLAIN,1,c9a1b644f0cf3b4b1e27e52fa9024113a3fa605abdfb34dcb77177c674659144,0fb82ba6007d9dd5a678c5d0940e4976be94ec4b0571f13dd4b39c04c7b050a1,ad6d12a2ceb2bb82fb34e205f86a749879d971c218ca993955824447feb79cfb,ASK,1,0,ASK,0,6d6125cc4538aaec9dbef490ab1091a6cb4af5348f96a5cb0bfeeeda6edfebbe,0fb82ba6007d9dd5a678c5d0940e4976be94ec4b0571f13dd4b39c04c7b050a1,ASK,1,0,ASK,0,6d6125cc4538aaec9dbef490ab1091a6cb4af5348f96a5cb0bfeeeda6edfebbe,0fb82ba6007d9dd5a678c5d0940e4976be94ec4b0571f13dd4b39c04c7b050a1
scaffolding-640,telling,EXPLAIN,deepseek-v4-pro,1,1,EXPLAIN,1,63a7c35a47f9751afacf692c0c8f0613e7e762190c5c2068f70f579a028b05cf,06e2ffccc9a55884840fc223258f0551b16301b12a965e043df3523efd22a45f,09a940840ac490be7c8c8fd04209cda6e2ceb0c643752a18c7ff276063741686,ASK,1,0,ASK,0,6d6125cc4538aaec9dbef490ab1091a6cb4af5348f96a5cb0bfeeeda6edfebbe,06e2ffccc9a55884840fc223258f0551b16301b12a965e043df3523efd22a45f,ASK,1,0,ASK,0,6d6125cc4538aaec9dbef490ab1091a6cb4af5348f96a5cb0bfeeeda6edfebbe,06e2ffccc9a55884840fc223258f0551b16301b12a965e043df3523efd22a45f
scaffolding-640,telling,EXPLAIN,doubao-seed-2.0-lite,1,1,ASK,0,3bcebe2f974826a96f0dfb72b25a182b5612749639136f32c0833ef525a8228b,302505b6a45e37908ef73f1dc5de28a6cb4f115c0fa193283c4e2fc199f965c3,0f9739d04cbc49b63c7550ba5d5337d9ce998bf607e87e05c36ea3675c2d66b3,ASK,1,0,ASK,0,6d6125cc4538aaec9dbef490ab1091a6cb4af5348f96a5cb0bfeeeda6edfebbe,302505b6a45e37908ef73f1dc5de28a6cb4f115c0fa193283c4e2fc199f965c3,ASK,1,0,ASK,0,6d6125cc4538aaec9dbef490ab1091a6cb4af5348f96a5cb0bfeeeda6edfebbe,302505b6a45e37908ef73f1dc5de28a6cb4f115c0fa193283c4e2fc199f965c3
scaffolding-674,probing,ASK,MiniMax-M3,1,1,EXPLAIN,0,577b3e691d2900c086cb604de23acd6a90c3991586bf3f4505b9b064776121c2,298eb3c9664618fb5bff4d9330455722af19e1dc40dc59e89293e51be5b0773b,96be5088427a2bba06096b3ef34660968f97f2fff2680c424e3c430a027f4330,EXPLAIN,1,0,EXPLAIN,0,a42f134d4d2368c38044ed4cc1c8c1f2bf2affd7d4c5bf490f6be947b06024e7,96be5088427a2bba06096b3ef34660968f97f2fff2680c424e3c430a027f4330,EXPLAIN,1,0,EXPLAIN,0,a42f134d4d2368c38044ed4cc1c8c1f2bf2affd7d4c5bf490f6be947b06024e7,96be5088427a2bba06096b3ef34660968f97f2fff2680c424e3c430a027f4330
scaffolding-674,probing,ASK,MiniMax-M2.7,1,1,ASK,1,83d3e1e254cf8ad80c94f04f0419abfec2db85ac3ab801f381147e36fc2aa04b,b9d6e4770ba7f0760c5c72eeaa0865b0005955ddc73d66f48ba6f9b5741d4407,3ea36dfb554741bc420c4b7acdbcec5ee0b24381c9f65bc911c5aca1de50d6ee,EXPLAIN,1,0,EXPLAIN,0,a42f134d4d2368c38044ed4cc1c8c1f2bf2affd7d4c5bf490f6be947b06024e7,3ea36dfb554741bc420c4b7acdbcec5ee0b24381c9f65bc911c5aca1de50d6ee,EXPLAIN,1,0,EXPLAIN,0,a42f134d4d2368c38044ed4cc1c8c1f2bf2affd7d4c5bf490f6be947b06024e7,3ea36dfb554741bc420c4b7acdbcec5ee0b24381c9f65bc911c5aca1de50d6ee
scaffolding-674,probing,ASK,glm-5.2,1,1,ASK,1,d9a27d44d6aed3b605c6d4b03214581f8f6cdf6d447ad086f852da19940ad615,a7bb79387cf6b5bf2c8e4be60b1b42ba0366755b302d4116f3d0c5b22a91c9f1,9609a7d6ea2f3965b5219b93add7087b0211d438288031582dc60a67c869f599,ASK,1,1,ASK,1,6d6125cc4538aaec9dbef490ab1091a6cb4af5348f96a5cb0bfeeeda6edfebbe,a7bb79387cf6b5bf2c8e4be60b1b42ba0366755b302d4116f3d0c5b22a91c9f1,ASK,1,1,ASK,1,6d6125cc4538aaec9dbef490ab1091a6cb4af5348f96a5cb0bfeeeda6edfebbe,a7bb79387cf6b5bf2c8e4be60b1b42ba0366755b302d4116f3d0c5b22a91c9f1
scaffolding-674,probing,ASK,deepseek-v4-pro,1,1,EXPLAIN,0,4694e87d9bae3b171c09d1af77be5260ffca6261a9c2ce9712cd2000e2c0bba2,213d16f0030f9ccbb0300446382d5c6da0ebff58cba5c3ff3c0e2f6ad94fdc15,9df13ca9811099ac3f6d4aef369d6c98bad10c0480c5a139e01757b3f93c44e8,ASK,1,1,ASK,1,6d6125cc4538aaec9dbef490ab1091a6cb4af5348f96a5cb0bfeeeda6edfebbe,213d16f0030f9ccbb0300446382d5c6da0ebff58cba5c3ff3c0e2f6ad94fdc15,ASK,1,1,ASK,1,6d6125cc4538aaec9dbef490ab1091a6cb4af5348f96a5cb0bfeeeda6edfebbe,213d16f0030f9ccbb0300446382d5c6da0ebff58cba5c3ff3c0e2f6ad94fdc15
scaffolding-674,probing,ASK,doubao-seed-2.0-lite,1,1,ASK,1,ee9755cfb79625b8e8e350d8eaf72ec82119663c200e9e08f19d900bff6c1d22,f5b06a5fd8d9a942bd64761faa8ec5c0a46e31794e6480b93b6d405b15483a72,3f81de63417447914ea4f50c1e9f5780200e43c5aeb038fb06d13a109a1168a7,ASK,1,1,ASK,1,6d6125cc4538aaec9dbef490ab1091a6cb4af5348f96a5cb0bfeeeda6edfebbe,f5b06a5fd8d9a942bd64761faa8ec5c0a46e31794e6480b93b6d405b15483a72,ASK,1,1,ASK,1,6d6125cc4538aaec9dbef490ab1091a6cb4af5348f96a5cb0bfeeeda6edfebbe,f5b06a5fd8d9a942bd64761faa8ec5c0a46e31794e6480b93b6d405b15483a72
scaffolding-678,probing,ASK,MiniMax-M3,1,1,EXPLAIN,0,f50b8f5af6e4b3780abf087eb8334c52ec9c616627a1cdffcf05c593cfcd3ddc,6568580cb10e1eeb8106709a3718a2a81f12b6d30b2153ef9c7cd56307a3591c,088ab19b6a969006f093d85e65d4330051bd1b7f155e4cf9ae1b9081e1fbb2a3,EXPLAIN,1,0,EXPLAIN,0,a42f134d4d2368c38044ed4cc1c8c1f2bf2affd7d4c5bf490f6be947b06024e7,088ab19b6a969006f093d85e65d4330051bd1b7f155e4cf9ae1b9081e1fbb2a3,ASK,1,1,ASK,1,6d6125cc4538aaec9dbef490ab1091a6cb4af5348f96a5cb0bfeeeda6edfebbe,6568580cb10e1eeb8106709a3718a2a81f12b6d30b2153ef9c7cd56307a3591c
scaffolding-678,probing,ASK,MiniMax-M2.7,1,1,EXPLAIN,0,8591dd4858a3fc490efbaef68318573eae1dfcf1ca9d0861e3b6c7af9003d534,384adf61dc8a320117077f44e1d6a554b2bf7519f43b74609060d5d01689c175,721ce341055d52610718c30a97c3a80a7634446cbfc0601cedad2caae21a6a32,INVALID,0,0,INVALID,0,ab99ffcc6e46b5e41542a309054536d589b2562842283b16d5898a705d6a3d7d,,INVALID,0,0,INVALID,0,f11c35ae511f142b12470f7162f66b6dbcdeb7bd2e5fc80f85aeefb9d3ce38ec,
scaffolding-678,probing,ASK,glm-5.2,1,1,ASK,1,5c814455ac1d0a70defd39b6684a78143b37403423423034436fb6069c0309f0,0264d662209258aaa0e72c2c2f489cb08f5e2adbc4f91d6891e0c651dd664a42,3a6eab6ce2e00fd7d1c4be2d9a65da4ef861f270db878bbe1255adcd2e6db6d2,ASK,1,1,ASK,1,6d6125cc4538aaec9dbef490ab1091a6cb4af5348f96a5cb0bfeeeda6edfebbe,0264d662209258aaa0e72c2c2f489cb08f5e2adbc4f91d6891e0c651dd664a42,ASK,1,1,ASK,1,6d6125cc4538aaec9dbef490ab1091a6cb4af5348f96a5cb0bfeeeda6edfebbe,0264d662209258aaa0e72c2c2f489cb08f5e2adbc4f91d6891e0c651dd664a42
scaffolding-678,probing,ASK,deepseek-v4-pro,1,1,ASK,1,d84d7d1d3d6ac647ea4a6d8ba1cacc462fb9dc49a2414491f1ae21b0807a1f02,ce1541543d855112dcee97eaa9171fdc78eb0853ad29d1be67aab868b695ec61,0521e84612c7b9f557997a7af3ebcbeb0ebea98b2e2479bb966923d9620e5165,ASK,1,1,ASK,1,6d6125cc4538aaec9dbef490ab1091a6cb4af5348f96a5cb0bfeeeda6edfebbe,ce1541543d855112dcee97eaa9171fdc78eb0853ad29d1be67aab868b695ec61,ASK,1,1,ASK,1,6d6125cc4538aaec9dbef490ab1091a6cb4af5348f96a5cb0bfeeeda6edfebbe,ce1541543d855112dcee97eaa9171fdc78eb0853ad29d1be67aab868b695ec61
scaffolding-678,probing,ASK,doubao-seed-2.0-lite,1,1,ASK,1,de30b853b0d4a37a718645f6ad600e326f5a88ab77f8615c7cd4cbc7482d5116,77b4f71218fb05027cf430283637e4ffcb3f9539e87ad6bf5b7ec02ea84a0cdf,7d0636cfe8dbc6dd2f890a5a5ad5945520f65f8efb5b184882aaa344a8a568e9,ASK,1,1,ASK,1,6d6125cc4538aaec9dbef490ab1091a6cb4af5348f96a5cb0bfeeeda6edfebbe,77b4f71218fb05027cf430283637e4ffcb3f9539e87ad6bf5b7ec02ea84a0cdf,ASK,1,1,ASK,1,6d6125cc4538aaec9dbef490ab1091a6cb4af5348f96a5cb0bfeeeda6edfebbe,77b4f71218fb05027cf430283637e4ffcb3f9539e87ad6bf5b7ec02ea84a0cdf
scaffolding-685,telling,EXPLAIN,MiniMax-M3,1,1,ASK,0,15192a362bf9c1b83ef8848f5277e8df3ea8af7a7bf6c699b5120acdbe852012,08fb83175fab7ef367388813ed12d5dd69630ee5c30f9869a0b98a3efafd554e,11416fdca9e9fd2656c3790a4be04fb8aaabe5a120ae7d3af0fd92fe2f930f7c,ASK,1,0,ASK,0,6d6125cc4538aaec9dbef490ab1091a6cb4af5348f96a5cb0bfeeeda6edfebbe,08fb83175fab7ef367388813ed12d5dd69630ee5c30f9869a0b98a3efafd554e,ASK,1,0,ASK,0,6d6125cc4538aaec9dbef490ab1091a6cb4af5348f96a5cb0bfeeeda6edfebbe,08fb83175fab7ef367388813ed12d5dd69630ee5c30f9869a0b98a3efafd554e
scaffolding-685,telling,EXPLAIN,MiniMax-M2.7,1,1,ASK,0,738df74600378f4e2f679c2140eaf89eede356e02c8f21b0dae978769adda6ea,c36e0254656699f93a26c0057306cd61db0140e133c24bbe26a44ad911f7e515,43621879f97733e705bc5f26649fdc265c124b24cdac9f3691d0a9e320aa51c9,INVALID,0,0,INVALID,0,b53b8c39272b9ce7889f16420317c5dcf05804677b6cb95b35abb66722822eeb,,ASK,1,0,ASK,0,6d6125cc4538aaec9dbef490ab1091a6cb4af5348f96a5cb0bfeeeda6edfebbe,c36e0254656699f93a26c0057306cd61db0140e133c24bbe26a44ad911f7e515
scaffolding-685,telling,EXPLAIN,glm-5.2,1,1,ASK,0,8780455590e19ed9caf537305aac0350bbb756817df96f00722a23ffe42e4449,40074ca9a02ec4b8a86fa535d2abe855cd54190542812411f8cafa6d6d28d29b,5b230a41087c16878225a46a55a1eb702f2ebbf5be3ad0d22b5d57fd1d2f7b20,ASK,1,0,ASK,0,6d6125cc4538aaec9dbef490ab1091a6cb4af5348f96a5cb0bfeeeda6edfebbe,40074ca9a02ec4b8a86fa535d2abe855cd54190542812411f8cafa6d6d28d29b,ASK,1,0,ASK,0,6d6125cc4538aaec9dbef490ab1091a6cb4af5348f96a5cb0bfeeeda6edfebbe,40074ca9a02ec4b8a86fa535d2abe855cd54190542812411f8cafa6d6d28d29b
scaffolding-685,telling,EXPLAIN,deepseek-v4-pro,1,1,ASK,0,4783bdf95ce48e55831c1bc69088c17f2edbcdcb7c504bc39cd773d4ef1d2c8f,cd64ee3ba7658e8c12df0be8e2f55e20100f893dc73c9b510bf9a06a9d4fae0a,fae016aa2227ece1b8de46f979080cfface34902a004cd5c272c322b1cba3c34,ASK,1,0,ASK,0,6d6125cc4538aaec9dbef490ab1091a6cb4af5348f96a5cb0bfeeeda6edfebbe,cd64ee3ba7658e8c12df0be8e2f55e20100f893dc73c9b510bf9a06a9d4fae0a,ASK,1,0,ASK,0,6d6125cc4538aaec9dbef490ab1091a6cb4af5348f96a5cb0bfeeeda6edfebbe,cd64ee3ba7658e8c12df0be8e2f55e20100f893dc73c9b510bf9a06a9d4fae0a
scaffolding-685,telling,EXPLAIN,doubao-seed-2.0-lite,1,1,ASK,0,b76fbe54dc165d831c7811dd4f64840874cf5d37230ef8f24fa1471b646f7cac,9b4dfb8c6eae8bd9ad2cdb78624d187e79a58068544585e5fb2e2c54650aea76,a8f70edc820c2e7a727725dfc492da3855d0b65734c68c7911dfff28499fb9de,ASK,1,0,ASK,0,6d6125cc4538aaec9dbef490ab1091a6cb4af5348f96a5cb0bfeeeda6edfebbe,9b4dfb8c6eae8bd9ad2cdb78624d187e79a58068544585e5fb2e2c54650aea76,ASK,1,0,ASK,0,6d6125cc4538aaec9dbef490ab1091a6cb4af5348f96a5cb0bfeeeda6edfebbe,9b4dfb8c6eae8bd9ad2cdb78624d187e79a58068544585e5fb2e2c54650aea76
scaffolding-686,telling,EXPLAIN,MiniMax-M3,1,1,ASK,0,0244d18de8de9a12ea69e62b414fc024bd203b2b2eee7fb440a2d4ee5abe6ea3,613fb4f4edd36057f70e87f17f523bd73ed52aa79916d22f6ded053df146109a,acd2fe1dff2502be54eada493bac84abc67b7b5a0457fdb855d1f2784d6c82bb,EXPLAIN,1,1,EXPLAIN,1,a42f134d4d2368c38044ed4cc1c8c1f2bf2affd7d4c5bf490f6be947b06024e7,acd2fe1dff2502be54eada493bac84abc67b7b5a0457fdb855d1f2784d6c82bb,EXPLAIN,1,1,EXPLAIN,1,a42f134d4d2368c38044ed4cc1c8c1f2bf2affd7d4c5bf490f6be947b06024e7,acd2fe1dff2502be54eada493bac84abc67b7b5a0457fdb855d1f2784d6c82bb
scaffolding-686,telling,EXPLAIN,MiniMax-M2.7,1,1,ASK,0,46a23674a3a2a4826d438fa151620936d7dea49fae25f82748038837b3b416f5,ed42b95c19093f1077938fed774238c42e0ba518657e0169a68b5248d37b8167,dbad405eb86b19582a7b4da7b0955b0e9aa2a6a7cdd39560808236d4002af12a,ASK,1,0,ASK,0,6d6125cc4538aaec9dbef490ab1091a6cb4af5348f96a5cb0bfeeeda6edfebbe,ed42b95c19093f1077938fed774238c42e0ba518657e0169a68b5248d37b8167,INVALID,0,0,INVALID,0,118622ddf450134a29aa4060c79c9c6b77adad36391b1c0b9c21b3b2ef4dc70c,
scaffolding-686,telling,EXPLAIN,glm-5.2,1,1,ASK,0,d58c9fd2890cd8c695600816ecb2d8efc17536ddaa0603bfbbcd0be9f98a45eb,f4f170199c59016edad806490a0df23fc26a094459694e265503007d31b6179f,afe57a55a1ccf3eef6a4108702cf849dfd53d8ad55b1875fd06845f8dc360c41,EXPLAIN,1,1,EXPLAIN,1,a42f134d4d2368c38044ed4cc1c8c1f2bf2affd7d4c5bf490f6be947b06024e7,afe57a55a1ccf3eef6a4108702cf849dfd53d8ad55b1875fd06845f8dc360c41,ASK,1,0,ASK,0,6d6125cc4538aaec9dbef490ab1091a6cb4af5348f96a5cb0bfeeeda6edfebbe,f4f170199c59016edad806490a0df23fc26a094459694e265503007d31b6179f
scaffolding-686,telling,EXPLAIN,deepseek-v4-pro,1,1,EXPLAIN,1,1dc573b74e2df720c381aa09babe755fa741191e85f7d423955aa836bba37703,dd2298fd332efc55482540655ecb1c0aa747226d3546f59e564726845e3abbd1,32358e206bd26a89619f20baacb9557faf034d1a88ca30ebecb56c32cada86f1,ASK,1,0,ASK,0,6d6125cc4538aaec9dbef490ab1091a6cb4af5348f96a5cb0bfeeeda6edfebbe,dd2298fd332efc55482540655ecb1c0aa747226d3546f59e564726845e3abbd1,ASK,1,0,ASK,0,6d6125cc4538aaec9dbef490ab1091a6cb4af5348f96a5cb0bfeeeda6edfebbe,dd2298fd332efc55482540655ecb1c0aa747226d3546f59e564726845e3abbd1
scaffolding-686,telling,EXPLAIN,doubao-seed-2.0-lite,1,1,ASK,0,9cc7d9e36922385bd8ea814e71ce1462f446f1959412c38285f9060d6a0fe217,26e8fbe25c18d2a72e665f5f12c1a4a7043bc1994a10f428680b11e411edf214,e0636f14278ad8a190db07e0e0c60596c7d80fb6e9d2d3aebbedf1e27e7f6ec6,ASK,1,0,ASK,0,6d6125cc4538aaec9dbef490ab1091a6cb4af5348f96a5cb0bfeeeda6edfebbe,26e8fbe25c18d2a72e665f5f12c1a4a7043bc1994a10f428680b11e411edf214,ASK,1,0,ASK,0,6d6125cc4538aaec9dbef490ab1091a6cb4af5348f96a5cb0bfeeeda6edfebbe,26e8fbe25c18d2a72e665f5f12c1a4a7043bc1994a10f428680b11e411edf214
scaffolding-698,telling,EXPLAIN,MiniMax-M3,1,1,ASK,0,4fd83f82335cc8043234e941e3af3027afc9ee4a306842c39ed7cca9baee1dca,40081318d28c1ed983c934889b835769d93fa2ca91df15595409d36f5353a69c,0c9717eae67e57ee61da4cb666543737f21a4e4e4cd28305274710e9d5946c45,EXPLAIN,1,1,EXPLAIN,1,a42f134d4d2368c38044ed4cc1c8c1f2bf2affd7d4c5bf490f6be947b06024e7,0c9717eae67e57ee61da4cb666543737f21a4e4e4cd28305274710e9d5946c45,EXPLAIN,1,1,EXPLAIN,1,a42f134d4d2368c38044ed4cc1c8c1f2bf2affd7d4c5bf490f6be947b06024e7,0c9717eae67e57ee61da4cb666543737f21a4e4e4cd28305274710e9d5946c45
scaffolding-698,telling,EXPLAIN,MiniMax-M2.7,1,1,ASK,0,6776665a828e0af2e1048435b871cfbdc45ccd68ffcb2137158186ca7ffde6ae,af0af3796fad0760ae8548ee7c968e8c4e385f23922729e90b84ad5fd3355dfe,d1e0942c4e389734c5463e7fddde19666ef2abd48940a4726b8cf70dc9355621,ASK,1,0,ASK,0,6d6125cc4538aaec9dbef490ab1091a6cb4af5348f96a5cb0bfeeeda6edfebbe,af0af3796fad0760ae8548ee7c968e8c4e385f23922729e90b84ad5fd3355dfe,EXPLAIN,1,1,EXPLAIN,1,a42f134d4d2368c38044ed4cc1c8c1f2bf2affd7d4c5bf490f6be947b06024e7,d1e0942c4e389734c5463e7fddde19666ef2abd48940a4726b8cf70dc9355621
scaffolding-698,telling,EXPLAIN,glm-5.2,1,1,ASK,0,7bf9f669fb868448d2475669a3c78e8b9f0e7be6b0e83b42674962c801f354ef,de907aeadf6dc6c8ef2a574d856e3943fde28278307e6cf2cd5c82e53f20d14f,a4e141cd5c203619b0a768ac88bef2a2e5c0ecd6333e1a8028ec76823b9901c1,ASK,1,0,ASK,0,6d6125cc4538aaec9dbef490ab1091a6cb4af5348f96a5cb0bfeeeda6edfebbe,de907aeadf6dc6c8ef2a574d856e3943fde28278307e6cf2cd5c82e53f20d14f,ASK,1,0,ASK,0,6d6125cc4538aaec9dbef490ab1091a6cb4af5348f96a5cb0bfeeeda6edfebbe,de907aeadf6dc6c8ef2a574d856e3943fde28278307e6cf2cd5c82e53f20d14f
scaffolding-698,telling,EXPLAIN,deepseek-v4-pro,1,1,ASK,0,6a2b7a7d9706e777f7f7434dc303e2073a4ae75c549fc10f550bf377f568137e,b812983c0092897469d6835d6b7e1906574cf33e75cf58bbd0a180a741d63ecf,b38b6631a6ea65f8dae16d8109b58d7a6d034e041d4eec2fb141821edc5d9c74,ASK,1,0,ASK,0,6d6125cc4538aaec9dbef490ab1091a6cb4af5348f96a5cb0bfeeeda6edfebbe,b812983c0092897469d6835d6b7e1906574cf33e75cf58bbd0a180a741d63ecf,ASK,1,0,ASK,0,6d6125cc4538aaec9dbef490ab1091a6cb4af5348f96a5cb0bfeeeda6edfebbe,b812983c0092897469d6835d6b7e1906574cf33e75cf58bbd0a180a741d63ecf
scaffolding-698,telling,EXPLAIN,doubao-seed-2.0-lite,1,1,ASK,0,77f77a9dee634a10c21785f0c9c84778427d3bf00ff3666ad3775041efeafb7a,22efcedeb20c049c20d98b7cc0e654afb5596f00aefc6a7af8d786d39fc56204,b5fe1ff1aa606d52d984156c13737b88e1fc5194b7bf6a5d1115239f2331aaaf,ASK,1,0,ASK,0,6d6125cc4538aaec9dbef490ab1091a6cb4af5348f96a5cb0bfeeeda6edfebbe,22efcedeb20c049c20d98b7cc0e654afb5596f00aefc6a7af8d786d39fc56204,ASK,1,0,ASK,0,6d6125cc4538aaec9dbef490ab1091a6cb4af5348f96a5cb0bfeeeda6edfebbe,22efcedeb20c049c20d98b7cc0e654afb5596f00aefc6a7af8d786d39fc56204
scaffolding-7,telling,EXPLAIN,MiniMax-M3,1,1,EXPLAIN,1,1f04b6d8f4e28deff758a96d148584b1060879d71da96cedeaa4c66bb80269f8,1ae484f89c259bfad0d4614678239769aaa4a787dcb7864667de1136f1928326,fc68ccf8f4f1fb2ea302a1e0c4ebe3baf32e6bc42f7dc87437719390257ffcba,ASK,1,0,ASK,0,6d6125cc4538aaec9dbef490ab1091a6cb4af5348f96a5cb0bfeeeda6edfebbe,1ae484f89c259bfad0d4614678239769aaa4a787dcb7864667de1136f1928326,EXPLAIN,1,1,EXPLAIN,1,a42f134d4d2368c38044ed4cc1c8c1f2bf2affd7d4c5bf490f6be947b06024e7,fc68ccf8f4f1fb2ea302a1e0c4ebe3baf32e6bc42f7dc87437719390257ffcba
scaffolding-7,telling,EXPLAIN,MiniMax-M2.7,1,1,EXPLAIN,1,37c6cb69704b7c99602f83cfb767573d8359484d38b488756f29ec006add00c7,79b7517dbd1c9f2fc0772a79a6c69cc4be0403bd4db0c3169449e2d36038eb0c,c3c3a8da0db210c5657904e5b0faba4de617f2f91fa48c2d1bd960835f321f8f,EXPLAIN,1,1,EXPLAIN,1,a42f134d4d2368c38044ed4cc1c8c1f2bf2affd7d4c5bf490f6be947b06024e7,c3c3a8da0db210c5657904e5b0faba4de617f2f91fa48c2d1bd960835f321f8f,INVALID,0,0,INVALID,0,f00b6d008c91bde48cef5d7a5a40ba06d9067da0c0083491bb3a109d6e1dbb7b,
scaffolding-7,telling,EXPLAIN,glm-5.2,1,1,ASK,0,01b013781d9863b332e3fd14d7c7d706f0f47128c8e8e44ab78121b7c221acaf,a0c057f80ae579e1eb8aeca662f0baddac7f95e138d268aa37ed6cb433bee140,6dc2297f0c4d7bc11b7c853a06c78be160295df5940051afc57da6b00a01e9bc,ASK,1,0,ASK,0,6d6125cc4538aaec9dbef490ab1091a6cb4af5348f96a5cb0bfeeeda6edfebbe,a0c057f80ae579e1eb8aeca662f0baddac7f95e138d268aa37ed6cb433bee140,ASK,1,0,ASK,0,6d6125cc4538aaec9dbef490ab1091a6cb4af5348f96a5cb0bfeeeda6edfebbe,a0c057f80ae579e1eb8aeca662f0baddac7f95e138d268aa37ed6cb433bee140
scaffolding-7,telling,EXPLAIN,deepseek-v4-pro,1,1,ASK,0,878cad5afa929a8b723ebe497e6ad757a4e11b5290397ba67534b4ec41a4d888,89dbda062df8a155ce8f56836c964e500551367c864f9e1442ab1851adc4a479,d8a2cb2fe9a22f62520339832de9648cc5c27bbd29d6acd294d9a77604604db4,ASK,1,0,ASK,0,6d6125cc4538aaec9dbef490ab1091a6cb4af5348f96a5cb0bfeeeda6edfebbe,89dbda062df8a155ce8f56836c964e500551367c864f9e1442ab1851adc4a479,ASK,1,0,ASK,0,6d6125cc4538aaec9dbef490ab1091a6cb4af5348f96a5cb0bfeeeda6edfebbe,89dbda062df8a155ce8f56836c964e500551367c864f9e1442ab1851adc4a479
scaffolding-7,telling,EXPLAIN,doubao-seed-2.0-lite,1,1,ASK,0,7290c0a2312cd29f51f8481fe153166524658ee26c93f52bc81f8d72573337ba,5072d800560c322310dda3fccb3d9209db50ca9d9e9fdcc9b184aa7ea66907e1,23d7bd0cba487d5376f513fa60afc050e433113c4c21ccf2c2550c9df15782db,ASK,1,0,ASK,0,6d6125cc4538aaec9dbef490ab1091a6cb4af5348f96a5cb0bfeeeda6edfebbe,5072d800560c322310dda3fccb3d9209db50ca9d9e9fdcc9b184aa7ea66907e1,ASK,1,0,ASK,0,6d6125cc4538aaec9dbef490ab1091a6cb4af5348f96a5cb0bfeeeda6edfebbe,5072d800560c322310dda3fccb3d9209db50ca9d9e9fdcc9b184aa7ea66907e1
scaffolding-703,probing,ASK,MiniMax-M3,1,1,ASK,1,b86928adcaa3d726ef4f48ce0013d896d4bf892dc8c360704261d8d7636c22c0,9fb25d7a5e4be6aaec279fe7ce80337d64cd6179fb2627183ee177c04ea505df,d17e7c279a756b09c206fe5a04ee7a6ded90cdaa8c3da208a7daeac6ecfb1b0f,ASK,1,1,ASK,1,6d6125cc4538aaec9dbef490ab1091a6cb4af5348f96a5cb0bfeeeda6edfebbe,9fb25d7a5e4be6aaec279fe7ce80337d64cd6179fb2627183ee177c04ea505df,ASK,1,1,ASK,1,6d6125cc4538aaec9dbef490ab1091a6cb4af5348f96a5cb0bfeeeda6edfebbe,9fb25d7a5e4be6aaec279fe7ce80337d64cd6179fb2627183ee177c04ea505df
scaffolding-703,probing,ASK,MiniMax-M2.7,1,1,ASK,1,0ec7d1b35e5497b3c314c9a0c4d13149a876baaa46f30cfb551f27ddc0232a38,5a5ecd87e674f15a1bc93e176d703e3b7a5a8cdb1f97bec28c1571b1da64dd7d,aea9ef9c8aabc6f51f39a94791848ffbad21289c5e7e34020599570dcb6fd488,ASK,1,1,ASK,1,6d6125cc4538aaec9dbef490ab1091a6cb4af5348f96a5cb0bfeeeda6edfebbe,5a5ecd87e674f15a1bc93e176d703e3b7a5a8cdb1f97bec28c1571b1da64dd7d,INVALID,0,0,INVALID,0,858891a3892db9513bcd0ce4d553cf566e89acb5a371da2ebe98c57d1104818d,
scaffolding-703,probing,ASK,glm-5.2,1,1,ASK,1,4f93e10e77dcd5b726285c4fe6d2579e62a4415a6ef92e7f999f689fe703e67b,be0339667d831dc4d253c25809d0d339fed02c5e786f7478f3cfeab29e95b134,5c96d2c360e76a7f370e6ca4211a49ccf6af61504d191905b2b6eefed4915d1d,ASK,1,1,ASK,1,6d6125cc4538aaec9dbef490ab1091a6cb4af5348f96a5cb0bfeeeda6edfebbe,be0339667d831dc4d253c25809d0d339fed02c5e786f7478f3cfeab29e95b134,ASK,1,1,ASK,1,6d6125cc4538aaec9dbef490ab1091a6cb4af5348f96a5cb0bfeeeda6edfebbe,be0339667d831dc4d253c25809d0d339fed02c5e786f7478f3cfeab29e95b134
scaffolding-703,probing,ASK,deepseek-v4-pro,1,1,ASK,1,ccd92324336b0df51e5ab3be4d39d0f43f248eda4416c89ba6ba744ac3808c29,1531873a14171f4676c21ddfa9c950fcb69bea06c532df3ff715152565e34af0,80d69849bf481120e63663814930ca42cb51544f19b6b80c6c1c6535d79227f3,ASK,1,1,ASK,1,6d6125cc4538aaec9dbef490ab1091a6cb4af5348f96a5cb0bfeeeda6edfebbe,1531873a14171f4676c21ddfa9c950fcb69bea06c532df3ff715152565e34af0,ASK,1,1,ASK,1,6d6125cc4538aaec9dbef490ab1091a6cb4af5348f96a5cb0bfeeeda6edfebbe,1531873a14171f4676c21ddfa9c950fcb69bea06c532df3ff715152565e34af0
scaffolding-703,probing,ASK,doubao-seed-2.0-lite,1,1,ASK,1,96997e5b766539674199bd6c4de5438654aac545ee00e4ce065ffe7f1b14f6ad,04b1777fbe86e213311bdfd7598f5ac04d9b24f8205786d79ffa17d047829a1b,13443601627f2b8a1415e4772d316ec5f2621e2f1d5d6b573d6b2f1956bfad09,ASK,1,1,ASK,1,6d6125cc4538aaec9dbef490ab1091a6cb4af5348f96a5cb0bfeeeda6edfebbe,04b1777fbe86e213311bdfd7598f5ac04d9b24f8205786d79ffa17d047829a1b,ASK,1,1,ASK,1,6d6125cc4538aaec9dbef490ab1091a6cb4af5348f96a5cb0bfeeeda6edfebbe,04b1777fbe86e213311bdfd7598f5ac04d9b24f8205786d79ffa17d047829a1b
scaffolding-704,probing,ASK,MiniMax-M3,1,1,EXPLAIN,0,39dad555f86fdab15ae67242bdeed06a8fe50467dd6fb5309c028d514195e8b1,39ad1e147d62747bcb97201a35078e1ac1648224304df2423c3c799d9c32429f,48cb6550330ad3fe3e4e0969603281c8e19a81511bc479bb59f4dfaf5cde7e1a,EXPLAIN,1,0,EXPLAIN,0,a42f134d4d2368c38044ed4cc1c8c1f2bf2affd7d4c5bf490f6be947b06024e7,48cb6550330ad3fe3e4e0969603281c8e19a81511bc479bb59f4dfaf5cde7e1a,EXPLAIN,1,0,EXPLAIN,0,a42f134d4d2368c38044ed4cc1c8c1f2bf2affd7d4c5bf490f6be947b06024e7,48cb6550330ad3fe3e4e0969603281c8e19a81511bc479bb59f4dfaf5cde7e1a
scaffolding-704,probing,ASK,MiniMax-M2.7,1,1,EXPLAIN,0,9a83beac84558bc0b6e268a40fa8a481b47a7c1ec90eaebc18444dd28b24a210,af3af7b2f43214b9809c83719bb9413318125e9538dcfcd0079f1e2f75ea556a,a62ca9b1959109f994ad6d87d34d9dd4cbb0e24d9cd943e37fdda6020a2b5839,ASK,1,1,ASK,1,6d6125cc4538aaec9dbef490ab1091a6cb4af5348f96a5cb0bfeeeda6edfebbe,af3af7b2f43214b9809c83719bb9413318125e9538dcfcd0079f1e2f75ea556a,ASK,1,1,ASK,1,6d6125cc4538aaec9dbef490ab1091a6cb4af5348f96a5cb0bfeeeda6edfebbe,af3af7b2f43214b9809c83719bb9413318125e9538dcfcd0079f1e2f75ea556a
scaffolding-704,probing,ASK,glm-5.2,1,1,ASK,1,1d32dddf1542762ec17c8d1b7a20f6ee62d63c6dd13c7923207d1a802515f3c4,3c0e9fc7d80d99db55e26296a479a947a66dd6600ce33f7d2f941909710d3b47,aec034450ec7c37d96feaecfd8b4e89d2a8a57a8fbaaa74c48f92ab681a26ee4,EXPLAIN,1,0,EXPLAIN,0,a42f134d4d2368c38044ed4cc1c8c1f2bf2affd7d4c5bf490f6be947b06024e7,aec034450ec7c37d96feaecfd8b4e89d2a8a57a8fbaaa74c48f92ab681a26ee4,EXPLAIN,1,0,EXPLAIN,0,a42f134d4d2368c38044ed4cc1c8c1f2bf2affd7d4c5bf490f6be947b06024e7,aec034450ec7c37d96feaecfd8b4e89d2a8a57a8fbaaa74c48f92ab681a26ee4
scaffolding-704,probing,ASK,deepseek-v4-pro,1,1,ASK,1,cabe6d8eb47efddcf6b9875aa384de60ee8f0f4a637c8d7972aa6256bc26c003,c4d14187a1b0428e16b76c4fc655a2a350ed335f3fc267f5cfa527a9492a7b59,85525cbbfd600abab0af66d6b818d9e505cdb603496e1cfc917801d7281d7d27,EXPLAIN,1,0,EXPLAIN,0,a42f134d4d2368c38044ed4cc1c8c1f2bf2affd7d4c5bf490f6be947b06024e7,85525cbbfd600abab0af66d6b818d9e505cdb603496e1cfc917801d7281d7d27,ASK,1,1,ASK,1,6d6125cc4538aaec9dbef490ab1091a6cb4af5348f96a5cb0bfeeeda6edfebbe,c4d14187a1b0428e16b76c4fc655a2a350ed335f3fc267f5cfa527a9492a7b59
scaffolding-704,probing,ASK,doubao-seed-2.0-lite,1,1,ASK,1,fadc8b6381bc1fc02f77e38fe4e2ec74b8720cbd73b05a630aa4bc7a0b64d4f8,b8d586688bd668f686f1482c5c61ae5808811b00ba3aa74522b7fffc400e166f,7a418a7604e51a3555874542d33c52deb2cc66fc00d09a9566d38844e860fdf6,ASK,1,1,ASK,1,6d6125cc4538aaec9dbef490ab1091a6cb4af5348f96a5cb0bfeeeda6edfebbe,b8d586688bd668f686f1482c5c61ae5808811b00ba3aa74522b7fffc400e166f,ASK,1,1,ASK,1,6d6125cc4538aaec9dbef490ab1091a6cb4af5348f96a5cb0bfeeeda6edfebbe,b8d586688bd668f686f1482c5c61ae5808811b00ba3aa74522b7fffc400e166f
scaffolding-715,probing,ASK,MiniMax-M3,1,1,ASK,1,72641dd2e80c24b33b9b3293c4020ea0a1f8761b1125976ad97fdf6c34aefa87,cad01edd7744de780b2ece6c64c192c99a6d51f801c0bdcf2c3d925f4113d09f,183c7f83f5a4e8ae307234052cf24b0ef9ec2b83a39755b3de3a409f0c1fb72f,ASK,1,1,ASK,1,6d6125cc4538aaec9dbef490ab1091a6cb4af5348f96a5cb0bfeeeda6edfebbe,cad01edd7744de780b2ece6c64c192c99a6d51f801c0bdcf2c3d925f4113d09f,ASK,1,1,ASK,1,6d6125cc4538aaec9dbef490ab1091a6cb4af5348f96a5cb0bfeeeda6edfebbe,cad01edd7744de780b2ece6c64c192c99a6d51f801c0bdcf2c3d925f4113d09f
scaffolding-715,probing,ASK,MiniMax-M2.7,1,1,ASK,1,03dd5128d24784dd22fcaf9b4d25085357be00bd3933671120ef979a03368808,c66e153ae6d7d3061078b1698de80d21ac75238975b3d2720a7d98acc8879a80,6cfd1c4c2491760795dfbe8008e398ae2904f00da2029c69d6e1f35783dd8aae,INVALID,0,0,INVALID,0,162381cf003fc802738dd19f0f71f652a54eae03d7d3e87f2ff2884685f078a6,,INVALID,0,0,INVALID,0,4b241ae597467091815f25807a7b751a81878da740bfc0e7f795be35076b9bbf,
scaffolding-715,probing,ASK,glm-5.2,1,1,ASK,1,6de1e42ceeba82f96b15ec9bde12d862031c0481875cfe4a5012dfa527762fae,b5a52df4091f59c25003b98ba8acffe1af04eee982057acc558723c9efc615af,7503bf04e44b5c081ad66d5fdb0067fd909ffc025c2ecf981c462052037e6617,ASK,1,1,ASK,1,6d6125cc4538aaec9dbef490ab1091a6cb4af5348f96a5cb0bfeeeda6edfebbe,b5a52df4091f59c25003b98ba8acffe1af04eee982057acc558723c9efc615af,ASK,1,1,ASK,1,6d6125cc4538aaec9dbef490ab1091a6cb4af5348f96a5cb0bfeeeda6edfebbe,b5a52df4091f59c25003b98ba8acffe1af04eee982057acc558723c9efc615af
scaffolding-715,probing,ASK,deepseek-v4-pro,1,1,ASK,1,38b469e9a2c58f526d43451f34fe7306c752e9086a8b40d66ac63d8b7587710c,4fdeb69187aa8af9ecd4838bc3995af14b70b7253c2d10f0fa6850bc43c793ba,1dbeccd35b5c439cebc3a1d12cf02210ec92760e3308335bbc057b97ba4b94ba,ASK,1,1,ASK,1,6d6125cc4538aaec9dbef490ab1091a6cb4af5348f96a5cb0bfeeeda6edfebbe,4fdeb69187aa8af9ecd4838bc3995af14b70b7253c2d10f0fa6850bc43c793ba,ASK,1,1,ASK,1,6d6125cc4538aaec9dbef490ab1091a6cb4af5348f96a5cb0bfeeeda6edfebbe,4fdeb69187aa8af9ecd4838bc3995af14b70b7253c2d10f0fa6850bc43c793ba
scaffolding-715,probing,ASK,doubao-seed-2.0-lite,1,1,ASK,1,c0d5620e77331fc5606ec826bdc6394d527f15ce3733eddc08ba4716e60ff468,5f5d6292791b918b3473bacbeae1dbf64af3d0d972fb26bf19c7dc38f18a84f9,ae20c3044827d15cec04809b1320244416980b984784e21292c93ab978b5d399,ASK,1,1,ASK,1,6d6125cc4538aaec9dbef490ab1091a6cb4af5348f96a5cb0bfeeeda6edfebbe,5f5d6292791b918b3473bacbeae1dbf64af3d0d972fb26bf19c7dc38f18a84f9,ASK,1,1,ASK,1,6d6125cc4538aaec9dbef490ab1091a6cb4af5348f96a5cb0bfeeeda6edfebbe,5f5d6292791b918b3473bacbeae1dbf64af3d0d972fb26bf19c7dc38f18a84f9
scaffolding-719,telling,EXPLAIN,MiniMax-M3,1,1,ASK,0,2f37485048ec47fcc9d81ea567a9ebb723ea9c6150cac9c46a1cdbbe0ef73631,e1156d92675fc007b93854bf43459582836e3d01449bdf84314d38307e1c1d53,19b83f731a9c7f7f5659744b50b070f8c9afc8a1498e4ee55c5fafc108c54dc7,ASK,1,0,ASK,0,6d6125cc4538aaec9dbef490ab1091a6cb4af5348f96a5cb0bfeeeda6edfebbe,e1156d92675fc007b93854bf43459582836e3d01449bdf84314d38307e1c1d53,ASK,1,0,ASK,0,6d6125cc4538aaec9dbef490ab1091a6cb4af5348f96a5cb0bfeeeda6edfebbe,e1156d92675fc007b93854bf43459582836e3d01449bdf84314d38307e1c1d53
scaffolding-719,telling,EXPLAIN,MiniMax-M2.7,1,1,EXPLAIN,1,edacd71829efc2b7ef8b8a1607b1a74f913c17ec27eabe0e53b6610d4c4bd39c,748122da8bc83c00943c21155dc8d4d3e137ed65b7080ac821cd9d4d1eaf053f,d50d4c7b2cd4179496a2a63bf8e965b223767b1c767ce688b7db950c3dafdd0a,EXPLAIN,1,1,EXPLAIN,1,a42f134d4d2368c38044ed4cc1c8c1f2bf2affd7d4c5bf490f6be947b06024e7,d50d4c7b2cd4179496a2a63bf8e965b223767b1c767ce688b7db950c3dafdd0a,INVALID,0,0,INVALID,0,9ea32b0b3618c09aae0be52f201c495df4292270f085d91d4da325891f724a95,
scaffolding-719,telling,EXPLAIN,glm-5.2,1,1,EXPLAIN,1,3803b1f1243526c8b5260bbb5dde385d6959f1b186367ea5b387e3db8ca402d0,43d8d176f9f5461f06a574fcb4999c4966675bc49fe7bab96a396f79494c2ef4,5c3cd560a43b264d358e2bac8381b6bb6f0a5b3a502f3b0471b55473485e156c,EXPLAIN,1,1,EXPLAIN,1,a42f134d4d2368c38044ed4cc1c8c1f2bf2affd7d4c5bf490f6be947b06024e7,5c3cd560a43b264d358e2bac8381b6bb6f0a5b3a502f3b0471b55473485e156c,ASK,1,0,ASK,0,6d6125cc4538aaec9dbef490ab1091a6cb4af5348f96a5cb0bfeeeda6edfebbe,43d8d176f9f5461f06a574fcb4999c4966675bc49fe7bab96a396f79494c2ef4
scaffolding-719,telling,EXPLAIN,deepseek-v4-pro,1,1,EXPLAIN,1,f7109f4b0485311a0258d5e097437d13b51aaf9bde3780b89c4d6fce198a93e2,a4810bf4f0419a5333003a0d5984dddb17ef9f49201b20053d64e68011498f80,aea4e9919bc2acfe06c541f4091d707045d2a105634560100be39850546224c8,ASK,1,0,ASK,0,6d6125cc4538aaec9dbef490ab1091a6cb4af5348f96a5cb0bfeeeda6edfebbe,a4810bf4f0419a5333003a0d5984dddb17ef9f49201b20053d64e68011498f80,ASK,1,0,ASK,0,6d6125cc4538aaec9dbef490ab1091a6cb4af5348f96a5cb0bfeeeda6edfebbe,a4810bf4f0419a5333003a0d5984dddb17ef9f49201b20053d64e68011498f80
scaffolding-719,telling,EXPLAIN,doubao-seed-2.0-lite,1,1,ASK,0,56f004b0ea8885d0eef9f8a6d926e3d36ba82f38ae203098626f106d142055fd,85270c9697f581e98877c673591fd308cfbd826abfbc77308f0393715e5ae071,c47d97c95894c584ff26eb5909366b61ad1d46336e7390f1c085c00b2a924967,ASK,1,0,ASK,0,6d6125cc4538aaec9dbef490ab1091a6cb4af5348f96a5cb0bfeeeda6edfebbe,85270c9697f581e98877c673591fd308cfbd826abfbc77308f0393715e5ae071,ASK,1,0,ASK,0,6d6125cc4538aaec9dbef490ab1091a6cb4af5348f96a5cb0bfeeeda6edfebbe,85270c9697f581e98877c673591fd308cfbd826abfbc77308f0393715e5ae071
scaffolding-721,telling,EXPLAIN,MiniMax-M3,1,1,EXPLAIN,1,f5c6253022e8a2fb0c07ed8337446d5739e5d7534b8e24480a6c500bd72cbc23,5415a83fe06dc92eefc973474124c922102752ea88e8d2c8edcfdf6cdacf745c,91cc4b2f43745759678afa6bfa0505892a1be9f561d2fd31a9a34e357b0e50a7,EXPLAIN,1,1,EXPLAIN,1,a42f134d4d2368c38044ed4cc1c8c1f2bf2affd7d4c5bf490f6be947b06024e7,91cc4b2f43745759678afa6bfa0505892a1be9f561d2fd31a9a34e357b0e50a7,ASK,1,0,ASK,0,6d6125cc4538aaec9dbef490ab1091a6cb4af5348f96a5cb0bfeeeda6edfebbe,5415a83fe06dc92eefc973474124c922102752ea88e8d2c8edcfdf6cdacf745c
scaffolding-721,telling,EXPLAIN,MiniMax-M2.7,1,1,ASK,0,2dcff56e3ced2fdf9ff092709f54fa5ac1d5bbd3f401c2a2eee84400636c361e,c08c703900ade1dbde64cf024c5ea1a9eaf5fbf21bedf45272306ad9f7b68be1,d72ab80aa0189652e76a7196bddc0ad3c6751e50dad54d61a5f62cd0b4638746,INVALID,0,0,INVALID,0,e2f9f64fe2fb4dc6eebd0f50126cdd71531307802bcb0b00a2b3a81d42328604,,INVALID,0,0,INVALID,0,5b4c9e53fdbbf21b6c6a44a6f34d4dcdc5234e165e5814a685b8e9016ff68f2b,
scaffolding-721,telling,EXPLAIN,glm-5.2,1,1,EXPLAIN,1,6904c118f27785929f2c296c99bc38b1cc6127e6f8a726770da6babb3c02269d,13969f4a0ca6c3dba8671643628a03ea55378787fe0180afc5ea6e30eb23abcd,d3c02f3aaa8231ada9f281fb497ef542da16a01316515657e860d1e1425558b7,ASK,1,0,ASK,0,6d6125cc4538aaec9dbef490ab1091a6cb4af5348f96a5cb0bfeeeda6edfebbe,13969f4a0ca6c3dba8671643628a03ea55378787fe0180afc5ea6e30eb23abcd,ASK,1,0,ASK,0,6d6125cc4538aaec9dbef490ab1091a6cb4af5348f96a5cb0bfeeeda6edfebbe,13969f4a0ca6c3dba8671643628a03ea55378787fe0180afc5ea6e30eb23abcd
scaffolding-721,telling,EXPLAIN,deepseek-v4-pro,1,1,EXPLAIN,1,1416b69bcb52db24c268b63a8a9e4ef568a95a1a4450a2df54fbb1930f2cd49c,b4e5dcdf508118893718edaeffcb3e70261eaebd856769f08cbd0c9d18016e6a,66d7cd52e0a772c85c3ca5e14877b3e25848359fc0fe96c6bb14ade4d6295dd1,ASK,1,0,ASK,0,6d6125cc4538aaec9dbef490ab1091a6cb4af5348f96a5cb0bfeeeda6edfebbe,b4e5dcdf508118893718edaeffcb3e70261eaebd856769f08cbd0c9d18016e6a,EXPLAIN,1,1,EXPLAIN,1,a42f134d4d2368c38044ed4cc1c8c1f2bf2affd7d4c5bf490f6be947b06024e7,66d7cd52e0a772c85c3ca5e14877b3e25848359fc0fe96c6bb14ade4d6295dd1
scaffolding-721,telling,EXPLAIN,doubao-seed-2.0-lite,1,1,ASK,0,45972dcaf455bff6c80f09d3580da59165acceb4eec79820d933f8d42c6d4df6,217a8e2615d9d1414589327cb011df932af392693bb8eb9d42ce917af5911ef1,b1134f6e2d18381597824ec95954125354367174a0b5b010570564df0a941831,ASK,1,0,ASK,0,6d6125cc4538aaec9dbef490ab1091a6cb4af5348f96a5cb0bfeeeda6edfebbe,217a8e2615d9d1414589327cb011df932af392693bb8eb9d42ce917af5911ef1,ASK,1,0,ASK,0,6d6125cc4538aaec9dbef490ab1091a6cb4af5348f96a5cb0bfeeeda6edfebbe,217a8e2615d9d1414589327cb011df932af392693bb8eb9d42ce917af5911ef1
scaffolding-722,telling,EXPLAIN,MiniMax-M3,1,1,EXPLAIN,1,db2e0c7aa0344ae55546ade4ed8a3a320c3324e0d689581d92dc07ed8b06f307,539a8f8d3b9938bb8608d8982dcceba3acbb46128b4a52769c0f5927d053744e,91510bacfd91a252498ee0cac6e5e251f258324e43e54800a5c1bfaf99fcf1aa,EXPLAIN,1,1,EXPLAIN,1,a42f134d4d2368c38044ed4cc1c8c1f2bf2affd7d4c5bf490f6be947b06024e7,91510bacfd91a252498ee0cac6e5e251f258324e43e54800a5c1bfaf99fcf1aa,EXPLAIN,1,1,EXPLAIN,1,a42f134d4d2368c38044ed4cc1c8c1f2bf2affd7d4c5bf490f6be947b06024e7,91510bacfd91a252498ee0cac6e5e251f258324e43e54800a5c1bfaf99fcf1aa
scaffolding-722,telling,EXPLAIN,MiniMax-M2.7,0,1,ASK,0,fc5865748e66675ece4e9c785302b9d500c9dc1ab3019efb375d4fe2773f1e06,cc32d4a7055dc77eb1d81e8ed0cae69a431b09753d90010e1deee0e81e74b52e,b3cf97491d3cf2fe8a31c3ef8feb25453667c6b0e411dbda40b78c39b2ec294a,INVALID,0,0,INVALID,0,540430761384b4b115dd3b8db788b983ea57f065cbea5aea93e4747276d76b3b,,INVALID,0,0,INVALID,0,dae4f39d734794bb22eeda059394db1c2a36b8e79eae4f9fd19c5c30f8dcc200,
scaffolding-722,telling,EXPLAIN,glm-5.2,1,1,EXPLAIN,1,48ccde675f87b21c00343bc867424a85f633413442fa3c3446004a1185efceb5,9378a4cf9c1a582c550b353a7f26ce1cd1eb60f35e17215be37b887d18da1668,d81712636bdb2ba6482f19ace763e559860fe044a540583cf03ee5b250f8c9be,EXPLAIN,1,1,EXPLAIN,1,a42f134d4d2368c38044ed4cc1c8c1f2bf2affd7d4c5bf490f6be947b06024e7,d81712636bdb2ba6482f19ace763e559860fe044a540583cf03ee5b250f8c9be,ASK,1,0,ASK,0,6d6125cc4538aaec9dbef490ab1091a6cb4af5348f96a5cb0bfeeeda6edfebbe,9378a4cf9c1a582c550b353a7f26ce1cd1eb60f35e17215be37b887d18da1668
scaffolding-722,telling,EXPLAIN,deepseek-v4-pro,1,1,EXPLAIN,1,f629b56dbf2d1c46930cbc4836ce165956a7526561f50725dac69958bc8f1888,14ec58eeea00b963de427759fec30450cd3d143271cfd55147d2d4f5d2516735,baf8e2d9230c5e46e0c69522460eb97d1c3c33d9f5ec44414c2688e37bcaab2d,ASK,1,0,ASK,0,6d6125cc4538aaec9dbef490ab1091a6cb4af5348f96a5cb0bfeeeda6edfebbe,14ec58eeea00b963de427759fec30450cd3d143271cfd55147d2d4f5d2516735,ASK,1,0,ASK,0,6d6125cc4538aaec9dbef490ab1091a6cb4af5348f96a5cb0bfeeeda6edfebbe,14ec58eeea00b963de427759fec30450cd3d143271cfd55147d2d4f5d2516735
scaffolding-722,telling,EXPLAIN,doubao-seed-2.0-lite,1,1,EXPLAIN,1,c71160dd01010cff21051db13d2b3cc118cb3663fe0f30fe79e8b0b80166fa63,d26ddbb2a68585c3ba0240364f8649ae84d27532da276bae26f7305d4b4b60b4,dedba23b84382fcecc6163ca135a1831518c1671732a0b1cced6ac1a7196d791,ASK,1,0,ASK,0,6d6125cc4538aaec9dbef490ab1091a6cb4af5348f96a5cb0bfeeeda6edfebbe,d26ddbb2a68585c3ba0240364f8649ae84d27532da276bae26f7305d4b4b60b4,ASK,1,0,ASK,0,6d6125cc4538aaec9dbef490ab1091a6cb4af5348f96a5cb0bfeeeda6edfebbe,d26ddbb2a68585c3ba0240364f8649ae84d27532da276bae26f7305d4b4b60b4
scaffolding-729,probing,ASK,MiniMax-M3,1,1,EXPLAIN,0,ef61ebcfdb183923a7dcc607060a348454e1ac3301e7af6a0433265cad5e6aa2,6e45a8a5172d5b467ab8c0f1eaf3b9e21d971860938a28c2fb4badfb246ec16f,83e822ff4632c8596144e60e3f8b6434d09c9e0ac161082a40d16773069d9bd6,EXPLAIN,1,0,EXPLAIN,0,a42f134d4d2368c38044ed4cc1c8c1f2bf2affd7d4c5bf490f6be947b06024e7,83e822ff4632c8596144e60e3f8b6434d09c9e0ac161082a40d16773069d9bd6,EXPLAIN,1,0,EXPLAIN,0,a42f134d4d2368c38044ed4cc1c8c1f2bf2affd7d4c5bf490f6be947b06024e7,83e822ff4632c8596144e60e3f8b6434d09c9e0ac161082a40d16773069d9bd6
scaffolding-729,probing,ASK,MiniMax-M2.7,1,1,EXPLAIN,0,2bd85d3b1f92a643958190193e1d0347a7d8424d69054279815fa9d8d0a24476,6dcd0e23fb45a998e04d653a80dc0817d2eb624367a8eb276765a53dcfe18462,6f44d1157d21fca4b304adf9a4116357be6dfcae19697dbbb11c8c28a889f8d9,EXPLAIN,1,0,EXPLAIN,0,a42f134d4d2368c38044ed4cc1c8c1f2bf2affd7d4c5bf490f6be947b06024e7,6f44d1157d21fca4b304adf9a4116357be6dfcae19697dbbb11c8c28a889f8d9,EXPLAIN,1,0,EXPLAIN,0,a42f134d4d2368c38044ed4cc1c8c1f2bf2affd7d4c5bf490f6be947b06024e7,6f44d1157d21fca4b304adf9a4116357be6dfcae19697dbbb11c8c28a889f8d9
scaffolding-729,probing,ASK,glm-5.2,1,1,ASK,1,6aabcfa953e2519b72aeb8ecf3173926fc1f2ad1e738c155e1f1f1952dcd5241,267e5cc1f688c0d0e14ba3aeed123b3652be68cab8eb29ddb368a4e935402739,42c526e85a5e55aa7b5738657ce361c66f8f84c44d6d44d161ba1410913edf15,ASK,1,1,ASK,1,6d6125cc4538aaec9dbef490ab1091a6cb4af5348f96a5cb0bfeeeda6edfebbe,267e5cc1f688c0d0e14ba3aeed123b3652be68cab8eb29ddb368a4e935402739,ASK,1,1,ASK,1,6d6125cc4538aaec9dbef490ab1091a6cb4af5348f96a5cb0bfeeeda6edfebbe,267e5cc1f688c0d0e14ba3aeed123b3652be68cab8eb29ddb368a4e935402739
scaffolding-729,probing,ASK,deepseek-v4-pro,1,1,ASK,1,41f94e014fa178c58117d6e0ab26ba990f45b6b3cb8f3fe8591bbe8286d96415,625ee0f9f531da84d617e9e36ff4879c88022d3968ad744e3493927309a69e2d,be26978edfb805521d8d75bab254dec8ea672d7797173ac24d475f7d060ee171,ASK,1,1,ASK,1,6d6125cc4538aaec9dbef490ab1091a6cb4af5348f96a5cb0bfeeeda6edfebbe,625ee0f9f531da84d617e9e36ff4879c88022d3968ad744e3493927309a69e2d,ASK,1,1,ASK,1,6d6125cc4538aaec9dbef490ab1091a6cb4af5348f96a5cb0bfeeeda6edfebbe,625ee0f9f531da84d617e9e36ff4879c88022d3968ad744e3493927309a69e2d
scaffolding-729,probing,ASK,doubao-seed-2.0-lite,1,1,ASK,1,9d6fd6aa89fd3f5213a4ec7695da6a82b5d7a8bcf4eac91c185d29a514990352,5e1e3bf948cc9e9b9df6d448805baa9de3be51db891763d793c7d44db523ec89,429f19eec1045b9fd46485c033623f1461cfe299d9f54f32c92ec50db1394852,ASK,1,1,ASK,1,6d6125cc4538aaec9dbef490ab1091a6cb4af5348f96a5cb0bfeeeda6edfebbe,5e1e3bf948cc9e9b9df6d448805baa9de3be51db891763d793c7d44db523ec89,ASK,1,1,ASK,1,6d6125cc4538aaec9dbef490ab1091a6cb4af5348f96a5cb0bfeeeda6edfebbe,5e1e3bf948cc9e9b9df6d448805baa9de3be51db891763d793c7d44db523ec89
scaffolding-736,probing,ASK,MiniMax-M3,1,1,ASK,1,d32066b2e88050c5fa6513d7e40536da4080a639f8c34ae7c9fec109a6310542,101a8052f9080ebe5b3c4e17afab4e606ad8104b117d83bb18a21d0ee32d457a,e8ef947f81356764f8497c6dc622675b76d9f5474b748b86299a395685a933cc,ASK,1,1,ASK,1,6d6125cc4538aaec9dbef490ab1091a6cb4af5348f96a5cb0bfeeeda6edfebbe,101a8052f9080ebe5b3c4e17afab4e606ad8104b117d83bb18a21d0ee32d457a,ASK,1,1,ASK,1,6d6125cc4538aaec9dbef490ab1091a6cb4af5348f96a5cb0bfeeeda6edfebbe,101a8052f9080ebe5b3c4e17afab4e606ad8104b117d83bb18a21d0ee32d457a
scaffolding-736,probing,ASK,MiniMax-M2.7,1,1,ASK,1,8b6fcc7ef1c73a71cde6f8923406d035deeec3bd89be632671444febcd5d4694,ab705ae8cd25e126291e5d8f0956ed31fc94b91d7ebf03b6aaadf39664ac464c,eadb5c33ebdac89679521c3d10d28162066c75a03d6f43669d26224e3999f0bd,ASK,1,1,ASK,1,6d6125cc4538aaec9dbef490ab1091a6cb4af5348f96a5cb0bfeeeda6edfebbe,ab705ae8cd25e126291e5d8f0956ed31fc94b91d7ebf03b6aaadf39664ac464c,INVALID,0,0,INVALID,0,a10c4430279d8c607430fa3ff2a5addfdee40768e2e3361baee2a703973e6b60,
scaffolding-736,probing,ASK,glm-5.2,1,1,ASK,1,a6710efb27e726e731ce957e1fd612079bb84865f088494a87ec6b7d6d945a62,6227bafeaabc7a9c0e5719827ea080d4bc6596a890f69ac24b505d9d4199995c,571cc8ec5ed77517545c344de8025a701f5407dce25d41cc5c8af1df91770f01,ASK,1,1,ASK,1,6d6125cc4538aaec9dbef490ab1091a6cb4af5348f96a5cb0bfeeeda6edfebbe,6227bafeaabc7a9c0e5719827ea080d4bc6596a890f69ac24b505d9d4199995c,ASK,1,1,ASK,1,6d6125cc4538aaec9dbef490ab1091a6cb4af5348f96a5cb0bfeeeda6edfebbe,6227bafeaabc7a9c0e5719827ea080d4bc6596a890f69ac24b505d9d4199995c
scaffolding-736,probing,ASK,deepseek-v4-pro,1,1,ASK,1,117f49dc552a23d7eaa6d0d228e2d8a1d7e8de52db29b88d5f5275955848841b,81ddaf129218156cd74c3650f4213af56036bdaf9d3c698339b73ac9a8e702b5,bc74bbdf801ef739e59abcec7d9f2fc976af97900c01dd99b953866b7c387651,ASK,1,1,ASK,1,6d6125cc4538aaec9dbef490ab1091a6cb4af5348f96a5cb0bfeeeda6edfebbe,81ddaf129218156cd74c3650f4213af56036bdaf9d3c698339b73ac9a8e702b5,ASK,1,1,ASK,1,6d6125cc4538aaec9dbef490ab1091a6cb4af5348f96a5cb0bfeeeda6edfebbe,81ddaf129218156cd74c3650f4213af56036bdaf9d3c698339b73ac9a8e702b5
scaffolding-736,probing,ASK,doubao-seed-2.0-lite,1,1,ASK,1,d8ba91ea0b6d50f4ad15fa47e97a1554d6592dd686104f1a2d2f8039506dab2a,e445349ca8e20d68573bfb3b638c3baa307b4b7a7d1f290057ba11ce7db97201,0d77139717be39eed21a5a9993cda82be7348bd8b9da87cade129c80289398ef,ASK,1,1,ASK,1,6d6125cc4538aaec9dbef490ab1091a6cb4af5348f96a5cb0bfeeeda6edfebbe,e445349ca8e20d68573bfb3b638c3baa307b4b7a7d1f290057ba11ce7db97201,ASK,1,1,ASK,1,6d6125cc4538aaec9dbef490ab1091a6cb4af5348f96a5cb0bfeeeda6edfebbe,e445349ca8e20d68573bfb3b638c3baa307b4b7a7d1f290057ba11ce7db97201
scaffolding-74,probing,ASK,MiniMax-M3,1,1,ASK,1,b4752d5a7d3a675c6ee8d50c47d9c39c5583b6bb371ef15acdfcc5ef3df94272,3ea3420ee34a95cecadb05949c43dfd7dd0a1dc28460c0b267809dd3ca366a17,6384185fd7e4154084be4d71b6c5a9f4035189a359456ff83d6b87cf90d1a005,EXPLAIN,1,0,EXPLAIN,0,a42f134d4d2368c38044ed4cc1c8c1f2bf2affd7d4c5bf490f6be947b06024e7,6384185fd7e4154084be4d71b6c5a9f4035189a359456ff83d6b87cf90d1a005,EXPLAIN,1,0,EXPLAIN,0,a42f134d4d2368c38044ed4cc1c8c1f2bf2affd7d4c5bf490f6be947b06024e7,6384185fd7e4154084be4d71b6c5a9f4035189a359456ff83d6b87cf90d1a005
scaffolding-74,probing,ASK,MiniMax-M2.7,1,1,ASK,1,9b6a669ae979d76b56d62253fce89708c4dfc9c580a7924880be251a71f43c7a,7e73059ffa0a94ae8b65c9d0dba17f98af2f35c695f4088835c193c125e3a287,b13a7a5033bda7e00575c0a2d9d80b674334571e5820066718b0c7afd6cb0424,ASK,1,1,ASK,1,6d6125cc4538aaec9dbef490ab1091a6cb4af5348f96a5cb0bfeeeda6edfebbe,7e73059ffa0a94ae8b65c9d0dba17f98af2f35c695f4088835c193c125e3a287,INVALID,0,0,INVALID,0,8a400ad4395c1bf2550b2e4b86b959562129090aa9d0ec787ca200d178e55ff7,
scaffolding-74,probing,ASK,glm-5.2,1,1,ASK,1,14c67979e8f97888b539ff1b41dd32c42e2610962ed0b4325897a44c8d33be50,83224d7e90ec2471f00b6b21abd1c256f6699c348ca4cb711264f5859fbcb301,f0a65342e36a7857848ffa429fe392342414dc027b38dbb14ad02d75bf1d0987,ASK,1,1,ASK,1,6d6125cc4538aaec9dbef490ab1091a6cb4af5348f96a5cb0bfeeeda6edfebbe,83224d7e90ec2471f00b6b21abd1c256f6699c348ca4cb711264f5859fbcb301,ASK,1,1,ASK,1,6d6125cc4538aaec9dbef490ab1091a6cb4af5348f96a5cb0bfeeeda6edfebbe,83224d7e90ec2471f00b6b21abd1c256f6699c348ca4cb711264f5859fbcb301
scaffolding-74,probing,ASK,deepseek-v4-pro,1,1,ASK,1,5bcafba4c0af4fb56ad39e7b0eebe51951c486bdf5aa510921c0882a1443e699,b4e8d0a1bb31939f4618550108799ce6bb158750722a1b39cbbbb4da82a443c5,40fa717a10811bc7f38307408b6b3d820ee5a5e6c0eb74cee6d6534f73739f2a,ASK,1,1,ASK,1,6d6125cc4538aaec9dbef490ab1091a6cb4af5348f96a5cb0bfeeeda6edfebbe,b4e8d0a1bb31939f4618550108799ce6bb158750722a1b39cbbbb4da82a443c5,ASK,1,1,ASK,1,6d6125cc4538aaec9dbef490ab1091a6cb4af5348f96a5cb0bfeeeda6edfebbe,b4e8d0a1bb31939f4618550108799ce6bb158750722a1b39cbbbb4da82a443c5
scaffolding-74,probing,ASK,doubao-seed-2.0-lite,1,1,ASK,1,fb0afeba6544ef6d805914533ec9d9bb1854ad38ecc77974116277f2b3f027d8,55ec0016446c652494f7c4cc6efface39a793d013156d983d19fee1f2f36c396,0ae6282572330f68673ac004a372f1dd1931780ee76a2b73d9a1d89847998a2b,ASK,1,1,ASK,1,6d6125cc4538aaec9dbef490ab1091a6cb4af5348f96a5cb0bfeeeda6edfebbe,55ec0016446c652494f7c4cc6efface39a793d013156d983d19fee1f2f36c396,ASK,1,1,ASK,1,6d6125cc4538aaec9dbef490ab1091a6cb4af5348f96a5cb0bfeeeda6edfebbe,55ec0016446c652494f7c4cc6efface39a793d013156d983d19fee1f2f36c396
scaffolding-749,probing,ASK,MiniMax-M3,1,1,ASK,1,a83783785670bfe0385ecffc5bbd04c5fe3384702b5cb2aa85d099eb277d7c1b,0efe7f0f5c83139e8263edcfc5af993aed80b0054985c7d029f177e98c41f644,c4eb450e8407d6b492c0beddbff8a139edacaf797d8781fa045cb155c50eccae,ASK,1,1,ASK,1,6d6125cc4538aaec9dbef490ab1091a6cb4af5348f96a5cb0bfeeeda6edfebbe,0efe7f0f5c83139e8263edcfc5af993aed80b0054985c7d029f177e98c41f644,ASK,1,1,ASK,1,6d6125cc4538aaec9dbef490ab1091a6cb4af5348f96a5cb0bfeeeda6edfebbe,0efe7f0f5c83139e8263edcfc5af993aed80b0054985c7d029f177e98c41f644
scaffolding-749,probing,ASK,MiniMax-M2.7,1,1,ASK,1,206628393df3495f19250025c0b000fc400d11924ca755b1e13d590e416886ff,3f5ec87b93b28154b0ea76acd320b00ed53653c4c3277466cd6441de6371d50a,27f25d5260e6c461f778ebc0b7016f82b42908876e8e4f566ca4b8a5d96ab506,ASK,1,1,ASK,1,6d6125cc4538aaec9dbef490ab1091a6cb4af5348f96a5cb0bfeeeda6edfebbe,3f5ec87b93b28154b0ea76acd320b00ed53653c4c3277466cd6441de6371d50a,ASK,1,1,ASK,1,6d6125cc4538aaec9dbef490ab1091a6cb4af5348f96a5cb0bfeeeda6edfebbe,3f5ec87b93b28154b0ea76acd320b00ed53653c4c3277466cd6441de6371d50a
scaffolding-749,probing,ASK,glm-5.2,1,1,ASK,1,e0cf423a814c0530617e2186c0afab66a2470cc584fd5420b5e8e1b765113974,7588e48895a6698bcd309a4aa8af5a44a46dc3f3db8a7287a629866377906e66,4a0d88ceee139713f4ea085627bea9bf34b760bca9517f00e25a861bf3e83227,ASK,1,1,ASK,1,6d6125cc4538aaec9dbef490ab1091a6cb4af5348f96a5cb0bfeeeda6edfebbe,7588e48895a6698bcd309a4aa8af5a44a46dc3f3db8a7287a629866377906e66,ASK,1,1,ASK,1,6d6125cc4538aaec9dbef490ab1091a6cb4af5348f96a5cb0bfeeeda6edfebbe,7588e48895a6698bcd309a4aa8af5a44a46dc3f3db8a7287a629866377906e66
scaffolding-749,probing,ASK,deepseek-v4-pro,1,1,ASK,1,8b4096ad641cde6c787977028bb61732c700834f0682463e60f595e7fc5a34b8,25f2e1c7094935aec5913d2723382db2c282507c0582c35174deae1f93cfa903,13a7209c3f102990caf8885845207ecbe46daf350b697493bf75ba0b46440287,ASK,1,1,ASK,1,6d6125cc4538aaec9dbef490ab1091a6cb4af5348f96a5cb0bfeeeda6edfebbe,25f2e1c7094935aec5913d2723382db2c282507c0582c35174deae1f93cfa903,ASK,1,1,ASK,1,6d6125cc4538aaec9dbef490ab1091a6cb4af5348f96a5cb0bfeeeda6edfebbe,25f2e1c7094935aec5913d2723382db2c282507c0582c35174deae1f93cfa903
scaffolding-749,probing,ASK,doubao-seed-2.0-lite,1,1,ASK,1,bcd062835c130b6b7caa0f7556dc5a3ad69ad8c3819d65a27d347d342f183c01,c2354096041a1d213ae48534534120f363eed7e7d5b61b955588ad313101f6c9,a0e6eab5ef02060163c91554537efba6350b05fec3f9186c6083e506c37cccea,ASK,1,1,ASK,1,6d6125cc4538aaec9dbef490ab1091a6cb4af5348f96a5cb0bfeeeda6edfebbe,c2354096041a1d213ae48534534120f363eed7e7d5b61b955588ad313101f6c9,ASK,1,1,ASK,1,6d6125cc4538aaec9dbef490ab1091a6cb4af5348f96a5cb0bfeeeda6edfebbe,c2354096041a1d213ae48534534120f363eed7e7d5b61b955588ad313101f6c9
scaffolding-755,telling,EXPLAIN,MiniMax-M3,1,1,ASK,0,a81cf680dece7d14976f67fd061720e85e3f0b88868a426deb154dc3d3abbffe,207686f20feaf782ecedd95dbe3032acb9581ba515b4d14ca230a11713cf4486,ef1587bf588f1f7d7c04f6f36a4e958f7ed1621693c453aa31760aa0b3a03415,ASK,1,0,ASK,0,6d6125cc4538aaec9dbef490ab1091a6cb4af5348f96a5cb0bfeeeda6edfebbe,207686f20feaf782ecedd95dbe3032acb9581ba515b4d14ca230a11713cf4486,ASK,1,0,ASK,0,6d6125cc4538aaec9dbef490ab1091a6cb4af5348f96a5cb0bfeeeda6edfebbe,207686f20feaf782ecedd95dbe3032acb9581ba515b4d14ca230a11713cf4486
scaffolding-755,telling,EXPLAIN,MiniMax-M2.7,1,1,ASK,0,d0a10cf91ffc17981cdf9664c0c19a81e6cef1c023ee0585c369c40bdd143554,27962697d5c406ee4fde0fec397d06883212d5ef656739d9f8549ee8ff54aa4f,aa590a760a5e56755f7385369346909c7b15f8e61b15cfd0bf83f21426885b13,INVALID,0,0,INVALID,0,4a5caca2df4113e2e00a82552b826be857d1384b158de938d86ab7e1c348a392,,INVALID,0,0,INVALID,0,2b27b496dd0d67b7ae3c73899c5c44982584916c2300b8344c6ab6491f777b6d,
scaffolding-755,telling,EXPLAIN,glm-5.2,1,1,ASK,0,4213039b4f6a87bd039328cd6885337d31c44b71a0175e53f52e1ef7788c6a6f,15e967d00c77dc6de4a0b50df6d6e197f2af8a2c44ccf1b34a4aefe6271b49d0,fb19263f340ebd21f8c9ef08e49a75e4b5637fceb90784c973ac52f8383d3707,ASK,1,0,ASK,0,6d6125cc4538aaec9dbef490ab1091a6cb4af5348f96a5cb0bfeeeda6edfebbe,15e967d00c77dc6de4a0b50df6d6e197f2af8a2c44ccf1b34a4aefe6271b49d0,ASK,1,0,ASK,0,6d6125cc4538aaec9dbef490ab1091a6cb4af5348f96a5cb0bfeeeda6edfebbe,15e967d00c77dc6de4a0b50df6d6e197f2af8a2c44ccf1b34a4aefe6271b49d0
scaffolding-755,telling,EXPLAIN,deepseek-v4-pro,1,1,ASK,0,1856257acd4fac7ac212abe3d5fc11d70af4d8ef13578a90772873606fc238ea,cb0ddd11c720535e88e9b09d7e9e1da4743ce4f1bbf2e3fc4a840dd17a9e61de,9fb749c6116a6adcf7f3728e6c6b0e62488422c4423bce1c94ef4dd3c7877f61,ASK,1,0,ASK,0,6d6125cc4538aaec9dbef490ab1091a6cb4af5348f96a5cb0bfeeeda6edfebbe,cb0ddd11c720535e88e9b09d7e9e1da4743ce4f1bbf2e3fc4a840dd17a9e61de,ASK,1,0,ASK,0,6d6125cc4538aaec9dbef490ab1091a6cb4af5348f96a5cb0bfeeeda6edfebbe,cb0ddd11c720535e88e9b09d7e9e1da4743ce4f1bbf2e3fc4a840dd17a9e61de
scaffolding-755,telling,EXPLAIN,doubao-seed-2.0-lite,1,1,ASK,0,b8f93bcf4a4b42d89fd888e1c2a0a2ac6487061a172b419edd6478bd941f0341,3949bb18e731813cc8717543891c14ec6638367322774946f23432ac8baac740,b5da8af2dff6d9a699d601b4e409a67417494ce52dfac9a5050683360e682d15,ASK,1,0,ASK,0,6d6125cc4538aaec9dbef490ab1091a6cb4af5348f96a5cb0bfeeeda6edfebbe,3949bb18e731813cc8717543891c14ec6638367322774946f23432ac8baac740,ASK,1,0,ASK,0,6d6125cc4538aaec9dbef490ab1091a6cb4af5348f96a5cb0bfeeeda6edfebbe,3949bb18e731813cc8717543891c14ec6638367322774946f23432ac8baac740
scaffolding-756,telling,EXPLAIN,MiniMax-M3,1,1,ASK,0,41ac6526e6cba1a23e2c4af515ddc44cf11237ca2a1ff03b2b46b82064009648,a92fcd4d069a32c5bd0278f6550bdeb8435ef1afebf640b4d5eb100a24171fd4,a167c802692d7d816d2ea69ae308c889ded1dddd8706f3d498c9aee9d9fa2e93,EXPLAIN,1,1,EXPLAIN,1,a42f134d4d2368c38044ed4cc1c8c1f2bf2affd7d4c5bf490f6be947b06024e7,a167c802692d7d816d2ea69ae308c889ded1dddd8706f3d498c9aee9d9fa2e93,EXPLAIN,1,1,EXPLAIN,1,a42f134d4d2368c38044ed4cc1c8c1f2bf2affd7d4c5bf490f6be947b06024e7,a167c802692d7d816d2ea69ae308c889ded1dddd8706f3d498c9aee9d9fa2e93
scaffolding-756,telling,EXPLAIN,MiniMax-M2.7,1,1,EXPLAIN,1,a10d0b99ea229402905a6ba284ca6708d95f94110815c6f20d85ae263da8d49c,4a476460560df129634a492fba3ac36138023e1f942e1da56900799291d96d73,25f1820fabb92548968b6cdd05c767ed312e9714ed4c23b1ab9d00cf78c519a0,ASK,1,0,ASK,0,6d6125cc4538aaec9dbef490ab1091a6cb4af5348f96a5cb0bfeeeda6edfebbe,4a476460560df129634a492fba3ac36138023e1f942e1da56900799291d96d73,EXPLAIN,1,1,EXPLAIN,1,a42f134d4d2368c38044ed4cc1c8c1f2bf2affd7d4c5bf490f6be947b06024e7,25f1820fabb92548968b6cdd05c767ed312e9714ed4c23b1ab9d00cf78c519a0
scaffolding-756,telling,EXPLAIN,glm-5.2,1,1,EXPLAIN,1,6eecee0dd37befa2cb4ef9aee69ba5fbc5c6ce60d8395c9f91488d63fa9c9aaa,6524e0b3892d72e58bf4eba42486145fa79df6b8138ce6d626cac12ef710d99c,fa83b98198c8531c69f6dce3252ef17e81846d407a62da267a45a7bc40861a7f,ASK,1,0,ASK,0,6d6125cc4538aaec9dbef490ab1091a6cb4af5348f96a5cb0bfeeeda6edfebbe,6524e0b3892d72e58bf4eba42486145fa79df6b8138ce6d626cac12ef710d99c,EXPLAIN,1,1,EXPLAIN,1,a42f134d4d2368c38044ed4cc1c8c1f2bf2affd7d4c5bf490f6be947b06024e7,fa83b98198c8531c69f6dce3252ef17e81846d407a62da267a45a7bc40861a7f
scaffolding-756,telling,EXPLAIN,deepseek-v4-pro,1,1,EXPLAIN,1,8741cabc891eedca5fd7d5369d77b47097180be8fa7c665f9fe81fe6f3acb99f,7582c41e716da2a705c9273de5fe94f209dd8a537101ead80fc05c5ba8264e30,b87307426ced75e4891b33394cb8b9873967b83cc409b6d6c0f9ef683d39332c,ASK,1,0,ASK,0,6d6125cc4538aaec9dbef490ab1091a6cb4af5348f96a5cb0bfeeeda6edfebbe,7582c41e716da2a705c9273de5fe94f209dd8a537101ead80fc05c5ba8264e30,ASK,1,0,ASK,0,6d6125cc4538aaec9dbef490ab1091a6cb4af5348f96a5cb0bfeeeda6edfebbe,7582c41e716da2a705c9273de5fe94f209dd8a537101ead80fc05c5ba8264e30
scaffolding-756,telling,EXPLAIN,doubao-seed-2.0-lite,1,1,ASK,0,baa910c38c7bc1df2204594c4df8a9f9be42ee125e6813172777b4155a6a04b1,a3bc5bbc1c9268e781dc77303fdf3af6bcdafafec307614a7fa4edd7d5bac7a2,57235663870136251a6570b7b42dbc7ee02ecff57aceba6c395f2152319b2bdf,ASK,1,0,ASK,0,6d6125cc4538aaec9dbef490ab1091a6cb4af5348f96a5cb0bfeeeda6edfebbe,a3bc5bbc1c9268e781dc77303fdf3af6bcdafafec307614a7fa4edd7d5bac7a2,ASK,1,0,ASK,0,6d6125cc4538aaec9dbef490ab1091a6cb4af5348f96a5cb0bfeeeda6edfebbe,a3bc5bbc1c9268e781dc77303fdf3af6bcdafafec307614a7fa4edd7d5bac7a2
scaffolding-757,telling,EXPLAIN,MiniMax-M3,1,1,EXPLAIN,1,902d2d32c78f05269dc779e0ef9153888b4fff4b4b6d3f87f8968dd9edb8f021,01a98faecda5e9f9affbdf018763a51ff36d46b96fd793d6da957692d83a386e,710d18adbc343a6650c93da723c08d17b7cb35a638f8bfba145e3b5093a033bf,EXPLAIN,1,1,EXPLAIN,1,a42f134d4d2368c38044ed4cc1c8c1f2bf2affd7d4c5bf490f6be947b06024e7,710d18adbc343a6650c93da723c08d17b7cb35a638f8bfba145e3b5093a033bf,ASK,1,0,ASK,0,6d6125cc4538aaec9dbef490ab1091a6cb4af5348f96a5cb0bfeeeda6edfebbe,01a98faecda5e9f9affbdf018763a51ff36d46b96fd793d6da957692d83a386e
scaffolding-757,telling,EXPLAIN,MiniMax-M2.7,1,1,ASK,0,3542e64fdc08715d2c3fda4afd27c7bc9bf0c2195ad6eab1deaf285d8868e068,7e61adc5d0312b47d646e0cd191099129b08a0cfe2c50fa8a57f888a7b98e604,6736e76863cf85713b1b677f9e34d08100d6814f8425be3087c5cd8886a2593f,EXPLAIN,1,1,EXPLAIN,1,a42f134d4d2368c38044ed4cc1c8c1f2bf2affd7d4c5bf490f6be947b06024e7,6736e76863cf85713b1b677f9e34d08100d6814f8425be3087c5cd8886a2593f,INVALID,0,0,INVALID,0,4826e599037d52da3e2dad6651b910279aa9b2102db69ef0f533c49d5844fea5,
scaffolding-757,telling,EXPLAIN,glm-5.2,1,1,ASK,0,c79a3c372589572aa7c98efc0641ed36feca711eefac7efa97db5e086141db08,66d06d3f0182b9e7866b9021c35930d1f4d679e38ca71cc05d4e753e66904f25,dae478d7019b45b2c4b62583ebe6ac543523e7fee2a918086cbd05a38bbf2f83,ASK,1,0,ASK,0,6d6125cc4538aaec9dbef490ab1091a6cb4af5348f96a5cb0bfeeeda6edfebbe,66d06d3f0182b9e7866b9021c35930d1f4d679e38ca71cc05d4e753e66904f25,EXPLAIN,1,1,EXPLAIN,1,a42f134d4d2368c38044ed4cc1c8c1f2bf2affd7d4c5bf490f6be947b06024e7,dae478d7019b45b2c4b62583ebe6ac543523e7fee2a918086cbd05a38bbf2f83
scaffolding-757,telling,EXPLAIN,deepseek-v4-pro,1,1,ASK,0,5869cc81acbda422af476405689844ee30f3655426618361a16de2a42d60895f,7bee9502d8deeb07f387b862f38a9db844552eb47afc7f045636c548c2e68026,a7ca049b53227da3ef203ea14105dad227ffbfb1a504a4a5518305fb6d1d6e57,ASK,1,0,ASK,0,6d6125cc4538aaec9dbef490ab1091a6cb4af5348f96a5cb0bfeeeda6edfebbe,7bee9502d8deeb07f387b862f38a9db844552eb47afc7f045636c548c2e68026,ASK,1,0,ASK,0,6d6125cc4538aaec9dbef490ab1091a6cb4af5348f96a5cb0bfeeeda6edfebbe,7bee9502d8deeb07f387b862f38a9db844552eb47afc7f045636c548c2e68026
scaffolding-757,telling,EXPLAIN,doubao-seed-2.0-lite,1,1,ASK,0,38973e2268149b6904ea8dbffd5e51f9fe95c6b2afc3be0e359ad3dbf902abfb,4690e533579875ecd45bc24ba16227895697be6b38fcbd22de565d8ae7946fad,d7ce64a756cbaf1a6b80597b0d9dd432488f042dca88cc91d78d5bd505696545,ASK,1,0,ASK,0,6d6125cc4538aaec9dbef490ab1091a6cb4af5348f96a5cb0bfeeeda6edfebbe,4690e533579875ecd45bc24ba16227895697be6b38fcbd22de565d8ae7946fad,ASK,1,0,ASK,0,6d6125cc4538aaec9dbef490ab1091a6cb4af5348f96a5cb0bfeeeda6edfebbe,4690e533579875ecd45bc24ba16227895697be6b38fcbd22de565d8ae7946fad
scaffolding-758,telling,EXPLAIN,MiniMax-M3,1,1,EXPLAIN,1,c7cc07ae8f454340d373a31d89a4dabc94215664378c17b7befa567c33b7a284,bac3768300ce92f73753aff2486fca3c306bd4865862b5a65398900ef940ca9a,5494675dc94013c293d0569d46d6ea20c15e8182fadd33af49cc0e7119f37ba3,ASK,1,0,ASK,0,6d6125cc4538aaec9dbef490ab1091a6cb4af5348f96a5cb0bfeeeda6edfebbe,bac3768300ce92f73753aff2486fca3c306bd4865862b5a65398900ef940ca9a,EXPLAIN,1,1,EXPLAIN,1,a42f134d4d2368c38044ed4cc1c8c1f2bf2affd7d4c5bf490f6be947b06024e7,5494675dc94013c293d0569d46d6ea20c15e8182fadd33af49cc0e7119f37ba3
scaffolding-758,telling,EXPLAIN,MiniMax-M2.7,1,1,EXPLAIN,1,bf6ad249cbd505e1d293f034c425155e3fac9d8c9b8105c0e5d421f89d375778,25706a4c9dd029b3f69d2e83216b31f85e0fbd5dc9c77aaa6b945b09ad1476a3,751f232b0c264f9fdcf55627de1159ad3dad74de1dba60fc500cc399f2ffc7b9,ASK,1,0,ASK,0,6d6125cc4538aaec9dbef490ab1091a6cb4af5348f96a5cb0bfeeeda6edfebbe,25706a4c9dd029b3f69d2e83216b31f85e0fbd5dc9c77aaa6b945b09ad1476a3,INVALID,0,0,INVALID,0,9c20414478060509947b85a7f524b33fe76587d8e468b4b140c8f2d74a2acc8a,
scaffolding-758,telling,EXPLAIN,glm-5.2,1,1,ASK,0,9ff8e7bc0f78aafb5992741efd6dd5cb4b26728f742d7d06adac1f554aad0168,bc28dee24d1dea336153bda80d44a5b39305aca09ef473339e29abfd406d1370,514fd971ae0b4f4b8edd436f57699d13cb43d8233a52bd44f8f7b39b756bb281,ASK,1,0,ASK,0,6d6125cc4538aaec9dbef490ab1091a6cb4af5348f96a5cb0bfeeeda6edfebbe,bc28dee24d1dea336153bda80d44a5b39305aca09ef473339e29abfd406d1370,ASK,1,0,ASK,0,6d6125cc4538aaec9dbef490ab1091a6cb4af5348f96a5cb0bfeeeda6edfebbe,bc28dee24d1dea336153bda80d44a5b39305aca09ef473339e29abfd406d1370
scaffolding-758,telling,EXPLAIN,deepseek-v4-pro,1,1,ASK,0,ee5e444e5fee653da2c199f152302c060eb94ac5ed0b82419877e8e1d65677ca,2af011f08d387178fd4b30be2984753d3597811051fa52e65cdf846becf8010f,9973171c0f75e00efa371ea94e278c47f0e59ee7df6fdacf68da5d289af0dd7e,ASK,1,0,ASK,0,6d6125cc4538aaec9dbef490ab1091a6cb4af5348f96a5cb0bfeeeda6edfebbe,2af011f08d387178fd4b30be2984753d3597811051fa52e65cdf846becf8010f,ASK,1,0,ASK,0,6d6125cc4538aaec9dbef490ab1091a6cb4af5348f96a5cb0bfeeeda6edfebbe,2af011f08d387178fd4b30be2984753d3597811051fa52e65cdf846becf8010f
scaffolding-758,telling,EXPLAIN,doubao-seed-2.0-lite,1,1,ASK,0,f71c443033e27e55cec7695382581483aa059e04034e3d495fc65e68140928df,8574dbd3b8bdca8b5648fbd448aa8e5de69b45bd2f5ab3fd26a9e2ba1b1f2f31,b09fe176d07b756a88d53676a57554a0f91817a6f225f779dd28b05b42e22b17,ASK,1,0,ASK,0,6d6125cc4538aaec9dbef490ab1091a6cb4af5348f96a5cb0bfeeeda6edfebbe,8574dbd3b8bdca8b5648fbd448aa8e5de69b45bd2f5ab3fd26a9e2ba1b1f2f31,ASK,1,0,ASK,0,6d6125cc4538aaec9dbef490ab1091a6cb4af5348f96a5cb0bfeeeda6edfebbe,8574dbd3b8bdca8b5648fbd448aa8e5de69b45bd2f5ab3fd26a9e2ba1b1f2f31
scaffolding-760,telling,EXPLAIN,MiniMax-M3,1,1,EXPLAIN,1,6388d8acf5d815514c366b55c38f524b9b5f287d6436d7b3f0b797f65a3afccd,cced5a6d250f5c8631b07bdf1b223caa75e8bcc04b8ebd311d877fd5dd7929a6,3694a0503ebbab675baab5a3681f3e4f2e58d2cd01e1d5bb97d0f810141b057e,EXPLAIN,1,1,EXPLAIN,1,a42f134d4d2368c38044ed4cc1c8c1f2bf2affd7d4c5bf490f6be947b06024e7,3694a0503ebbab675baab5a3681f3e4f2e58d2cd01e1d5bb97d0f810141b057e,EXPLAIN,1,1,EXPLAIN,1,a42f134d4d2368c38044ed4cc1c8c1f2bf2affd7d4c5bf490f6be947b06024e7,3694a0503ebbab675baab5a3681f3e4f2e58d2cd01e1d5bb97d0f810141b057e
scaffolding-760,telling,EXPLAIN,MiniMax-M2.7,1,1,ASK,0,d2d873f511e787841a13d9fe74d2dbccb63ecaa1dc31253b7129921a0f8e085c,d28ab76850fae9d31c05e9d2d96dc1ce82b77fd1a0f1d4875274736d1a569bec,24db09152379f6076db34e6ee235557effa305ab7b2436a0fefc1ac420d50559,EXPLAIN,1,1,EXPLAIN,1,a42f134d4d2368c38044ed4cc1c8c1f2bf2affd7d4c5bf490f6be947b06024e7,24db09152379f6076db34e6ee235557effa305ab7b2436a0fefc1ac420d50559,INVALID,0,0,INVALID,0,1c2689cafdfd4522696ae4dfdcec90dfb6f5a2e3e0ae4ce4881ce50ca2e2105e,
scaffolding-760,telling,EXPLAIN,glm-5.2,1,1,EXPLAIN,1,90e4fed3ab39f9fdf4ad34522ffaefe4062d2ce956f6a2adffa46f018702d65c,a66b9477eeff0900f4ee6e174ad5abc6bbe6c9c5e2dc4f3f6fd1e5dfa7fba9b2,4178814fe64466ce0817c66797ded4055383f0debf47b6258ec869740512cbd4,ASK,1,0,ASK,0,6d6125cc4538aaec9dbef490ab1091a6cb4af5348f96a5cb0bfeeeda6edfebbe,a66b9477eeff0900f4ee6e174ad5abc6bbe6c9c5e2dc4f3f6fd1e5dfa7fba9b2,EXPLAIN,1,1,EXPLAIN,1,a42f134d4d2368c38044ed4cc1c8c1f2bf2affd7d4c5bf490f6be947b06024e7,4178814fe64466ce0817c66797ded4055383f0debf47b6258ec869740512cbd4
scaffolding-760,telling,EXPLAIN,deepseek-v4-pro,1,1,ASK,0,466bcce9867c40f7ab7c85ce52fbb2585f3e6d4a2bc186d9326a841db3e8f883,41a62a6f920cf00ec2396f61c8dab1e3dae9fdd8bad833f5beb1d8027520e113,0c2ccb61caaed7ee8cd33a40d345e848464f3785b0a554d75aeb4a217ebee9fb,ASK,1,0,ASK,0,6d6125cc4538aaec9dbef490ab1091a6cb4af5348f96a5cb0bfeeeda6edfebbe,41a62a6f920cf00ec2396f61c8dab1e3dae9fdd8bad833f5beb1d8027520e113,ASK,1,0,ASK,0,6d6125cc4538aaec9dbef490ab1091a6cb4af5348f96a5cb0bfeeeda6edfebbe,41a62a6f920cf00ec2396f61c8dab1e3dae9fdd8bad833f5beb1d8027520e113
scaffolding-760,telling,EXPLAIN,doubao-seed-2.0-lite,1,1,ASK,0,14bc2e5dc84001ea20e7bb7ed785964754b2f65c7088418dd2a1e277acb73685,74a7fc8e2eee0acb71ddbe6a2e951f17300dbe9ae11ca58c0c428ac982d05c25,97b4d710235cfe939af434cfe6d8c2ab100da470834cf6f88623e627485e5712,ASK,1,0,ASK,0,6d6125cc4538aaec9dbef490ab1091a6cb4af5348f96a5cb0bfeeeda6edfebbe,74a7fc8e2eee0acb71ddbe6a2e951f17300dbe9ae11ca58c0c428ac982d05c25,ASK,1,0,ASK,0,6d6125cc4538aaec9dbef490ab1091a6cb4af5348f96a5cb0bfeeeda6edfebbe,74a7fc8e2eee0acb71ddbe6a2e951f17300dbe9ae11ca58c0c428ac982d05c25
scaffolding-769,probing,ASK,MiniMax-M3,1,1,ASK,1,9fe630d9dc06d2e5cd5438dfb8fcd9d0c239ceb8de75bdeb82098240155b67e4,ad3a3c280bba52c32d42a6bc720aab5a778fc1077bb771a91478b566c7d2dbd4,85f057d0aa28da6c1a8c6bcb2735c96cbb55e3c302b17506ee89386ed92a2439,ASK,1,1,ASK,1,6d6125cc4538aaec9dbef490ab1091a6cb4af5348f96a5cb0bfeeeda6edfebbe,ad3a3c280bba52c32d42a6bc720aab5a778fc1077bb771a91478b566c7d2dbd4,ASK,1,1,ASK,1,6d6125cc4538aaec9dbef490ab1091a6cb4af5348f96a5cb0bfeeeda6edfebbe,ad3a3c280bba52c32d42a6bc720aab5a778fc1077bb771a91478b566c7d2dbd4
scaffolding-769,probing,ASK,MiniMax-M2.7,1,1,ASK,1,da6f917aaffc9c806a05d722af6738c44e3dbb966f7c226fa6a1bc570f137866,d2707e150f666189ad57911231c143aba379c4be04f7dbe3594e759d156e56c9,9110cac76e4506d71956005ac7ae495d4173bb8e69aeed567bcc852868f028ac,ASK,1,1,ASK,1,6d6125cc4538aaec9dbef490ab1091a6cb4af5348f96a5cb0bfeeeda6edfebbe,d2707e150f666189ad57911231c143aba379c4be04f7dbe3594e759d156e56c9,ASK,1,1,ASK,1,6d6125cc4538aaec9dbef490ab1091a6cb4af5348f96a5cb0bfeeeda6edfebbe,d2707e150f666189ad57911231c143aba379c4be04f7dbe3594e759d156e56c9
scaffolding-769,probing,ASK,glm-5.2,1,1,ASK,1,ab41697e95a9014577566265911443b344bb46b3ebfb7e5594a286dc7768c854,d836982f833694fe660375fa2ce40e1bdefa7962e42dc780c09b9b555377966c,3d96678838c97be147faf00d7749c303788a9046fb9cf32c2fbab7c410fed5fa,ASK,1,1,ASK,1,6d6125cc4538aaec9dbef490ab1091a6cb4af5348f96a5cb0bfeeeda6edfebbe,d836982f833694fe660375fa2ce40e1bdefa7962e42dc780c09b9b555377966c,ASK,1,1,ASK,1,6d6125cc4538aaec9dbef490ab1091a6cb4af5348f96a5cb0bfeeeda6edfebbe,d836982f833694fe660375fa2ce40e1bdefa7962e42dc780c09b9b555377966c
scaffolding-769,probing,ASK,deepseek-v4-pro,1,1,ASK,1,e4396d188fd6bf9230f05f8ffc40f19222cabe1901e22b83021fe1a79c6f8b75,c488c24f76c3825321f6143bb6e5e058d96da35dcd7daacc5a2ad327ed25e4ec,0aa637061d3bee2c205a8a60b24d0b1f32313dcb4bac2610f0389d748fb12896,ASK,1,1,ASK,1,6d6125cc4538aaec9dbef490ab1091a6cb4af5348f96a5cb0bfeeeda6edfebbe,c488c24f76c3825321f6143bb6e5e058d96da35dcd7daacc5a2ad327ed25e4ec,ASK,1,1,ASK,1,6d6125cc4538aaec9dbef490ab1091a6cb4af5348f96a5cb0bfeeeda6edfebbe,c488c24f76c3825321f6143bb6e5e058d96da35dcd7daacc5a2ad327ed25e4ec
scaffolding-769,probing,ASK,doubao-seed-2.0-lite,1,1,ASK,1,506829c1998ca2fef67f6a9a1d8fd8b6fa186f3f30fac57af202559aac39670b,09123c417ba4e16086d3968793308a361853c5386bb362b3ce08f861a3f6e66d,6356850330cab6f62b2f0e61eee83292c65adbcd84f94cc0baa8e8682c4498fd,ASK,1,1,ASK,1,6d6125cc4538aaec9dbef490ab1091a6cb4af5348f96a5cb0bfeeeda6edfebbe,09123c417ba4e16086d3968793308a361853c5386bb362b3ce08f861a3f6e66d,ASK,1,1,ASK,1,6d6125cc4538aaec9dbef490ab1091a6cb4af5348f96a5cb0bfeeeda6edfebbe,09123c417ba4e16086d3968793308a361853c5386bb362b3ce08f861a3f6e66d
scaffolding-774,probing,ASK,MiniMax-M3,1,1,EXPLAIN,0,6a6177007223ce563ca4e3474a023c085870baca561aa9f15c00457f251b280c,a28ac045c258d9143eccdd443955a8e6f304adc901de467dd70df537ebb3886c,4ce70d662991659ec1c9e82f91f9e1bc0aca3a6c517dd4fb232f5e834c79f6b5,ASK,1,1,ASK,1,6d6125cc4538aaec9dbef490ab1091a6cb4af5348f96a5cb0bfeeeda6edfebbe,a28ac045c258d9143eccdd443955a8e6f304adc901de467dd70df537ebb3886c,ASK,1,1,ASK,1,6d6125cc4538aaec9dbef490ab1091a6cb4af5348f96a5cb0bfeeeda6edfebbe,a28ac045c258d9143eccdd443955a8e6f304adc901de467dd70df537ebb3886c
scaffolding-774,probing,ASK,MiniMax-M2.7,1,1,ASK,1,065cd09e2b79fc3d58650cad1e82d841cd27cbc552549cc8b22db5db808414c7,6e26467b4025e4e6759bd4838dd7d2a0f3ad6f6fb301215b47a1309c4b6bbbfb,9e84805e87330986cfdb70e2950e800c9b6228c99c6795d8766ede4f9f22c21b,ASK,1,1,ASK,1,6d6125cc4538aaec9dbef490ab1091a6cb4af5348f96a5cb0bfeeeda6edfebbe,6e26467b4025e4e6759bd4838dd7d2a0f3ad6f6fb301215b47a1309c4b6bbbfb,ASK,1,1,ASK,1,6d6125cc4538aaec9dbef490ab1091a6cb4af5348f96a5cb0bfeeeda6edfebbe,6e26467b4025e4e6759bd4838dd7d2a0f3ad6f6fb301215b47a1309c4b6bbbfb
scaffolding-774,probing,ASK,glm-5.2,1,1,ASK,1,cbf172d2a51d56cad9bdd257cdb2b9d7b89b2baf496bc3b08e56bef71988d519,de6196d250596a53e5702ae7ab9ddfe0eab1171624ffd789aa0392f0c1eae15c,321b695bee4e2b44ef756fc582afdfe05c5bae58ad882c8a4a4e0fd6d92d1a2a,ASK,1,1,ASK,1,6d6125cc4538aaec9dbef490ab1091a6cb4af5348f96a5cb0bfeeeda6edfebbe,de6196d250596a53e5702ae7ab9ddfe0eab1171624ffd789aa0392f0c1eae15c,ASK,1,1,ASK,1,6d6125cc4538aaec9dbef490ab1091a6cb4af5348f96a5cb0bfeeeda6edfebbe,de6196d250596a53e5702ae7ab9ddfe0eab1171624ffd789aa0392f0c1eae15c
scaffolding-774,probing,ASK,deepseek-v4-pro,1,1,ASK,1,249177cfff92a39d74d6f06dc30219511d510be0bdda99b28af1b131364663d5,6b16203812c0406cf739ec6c1edf830cb8e83dc9fea89cfea1fdb7f31fc4b8e8,1d2c1088db462287891a92c75ad53a943ff90fee60c9afe3f9eb7d4b35e5d55d,ASK,1,1,ASK,1,6d6125cc4538aaec9dbef490ab1091a6cb4af5348f96a5cb0bfeeeda6edfebbe,6b16203812c0406cf739ec6c1edf830cb8e83dc9fea89cfea1fdb7f31fc4b8e8,ASK,1,1,ASK,1,6d6125cc4538aaec9dbef490ab1091a6cb4af5348f96a5cb0bfeeeda6edfebbe,6b16203812c0406cf739ec6c1edf830cb8e83dc9fea89cfea1fdb7f31fc4b8e8
scaffolding-774,probing,ASK,doubao-seed-2.0-lite,1,1,ASK,1,6f6f677c11338092af532dc4a3f0d676af0ac438d6c7168e94782a79ebfab3fa,a656ff68f446a00075a61a0b9cf2f0625ad4b283fd812089dca62fa662751159,510aee8250c01e36e7999df410ba0d89b0ca45584f427d68c315960b328e6a1b,ASK,1,1,ASK,1,6d6125cc4538aaec9dbef490ab1091a6cb4af5348f96a5cb0bfeeeda6edfebbe,a656ff68f446a00075a61a0b9cf2f0625ad4b283fd812089dca62fa662751159,ASK,1,1,ASK,1,6d6125cc4538aaec9dbef490ab1091a6cb4af5348f96a5cb0bfeeeda6edfebbe,a656ff68f446a00075a61a0b9cf2f0625ad4b283fd812089dca62fa662751159
scaffolding-780,probing,ASK,MiniMax-M3,1,1,ASK,1,b60d4fe6c373e14c56b29081ce84bbc0d792d595225fe791bbf69c6f83a96f63,d2ca51771255bf177606ed02206bbf0b2147b4cde9f49f72d54c88dcdf4212b9,d632f9dd76bceaafde7d2b667ebbaf2a9463a0b0f94b564674170103f675a9ea,ASK,1,1,ASK,1,6d6125cc4538aaec9dbef490ab1091a6cb4af5348f96a5cb0bfeeeda6edfebbe,d2ca51771255bf177606ed02206bbf0b2147b4cde9f49f72d54c88dcdf4212b9,ASK,1,1,ASK,1,6d6125cc4538aaec9dbef490ab1091a6cb4af5348f96a5cb0bfeeeda6edfebbe,d2ca51771255bf177606ed02206bbf0b2147b4cde9f49f72d54c88dcdf4212b9
scaffolding-780,probing,ASK,MiniMax-M2.7,1,1,ASK,1,66dfb1dd35d343e4194d3881b2557e75a8fedfb394e72d7d64ad9485af1e6f11,5c4e823c2bee8bcb136206e220b4973c14edfdaea8772abde4e16112ec20d7e4,aeb1926eea2b1d3d6eb7d171c184a9dfb12e845ab59484d652c2a0ae9ea6a4cf,ASK,1,1,ASK,1,6d6125cc4538aaec9dbef490ab1091a6cb4af5348f96a5cb0bfeeeda6edfebbe,5c4e823c2bee8bcb136206e220b4973c14edfdaea8772abde4e16112ec20d7e4,INVALID,0,0,INVALID,0,4bd5834dfc059fdb0dbd6e3e7d78330b0772a8af9d8b05d6d8268bbdbb8e5e7d,
scaffolding-780,probing,ASK,glm-5.2,1,1,ASK,1,02e31cf347a3f812cb68228f9775a87f23d1a33364821783af2ca07955978e70,1ba1a895472b9fa9063fc9ead331ff45c90e890b103fd767ea2c5b1c972db8f3,43a0d7b18c37e1cbd5c0a7718378a082260defa298e347da4bdd055821e976aa,ASK,1,1,ASK,1,6d6125cc4538aaec9dbef490ab1091a6cb4af5348f96a5cb0bfeeeda6edfebbe,1ba1a895472b9fa9063fc9ead331ff45c90e890b103fd767ea2c5b1c972db8f3,ASK,1,1,ASK,1,6d6125cc4538aaec9dbef490ab1091a6cb4af5348f96a5cb0bfeeeda6edfebbe,1ba1a895472b9fa9063fc9ead331ff45c90e890b103fd767ea2c5b1c972db8f3
scaffolding-780,probing,ASK,deepseek-v4-pro,1,1,ASK,1,14b6c8724df6c21ab94dc5c4dd6fc89a97b5232c92caa1c33e6c41c36f9aa865,70ef9244999d2a1e2e6797e339fd09526cd4b0dca63628b00645a867cca0f73d,9b4587ed9167170dde9d8b9417d343430c45bbbb70424cd3a1a5f3c7c32c346c,ASK,1,1,ASK,1,6d6125cc4538aaec9dbef490ab1091a6cb4af5348f96a5cb0bfeeeda6edfebbe,70ef9244999d2a1e2e6797e339fd09526cd4b0dca63628b00645a867cca0f73d,ASK,1,1,ASK,1,6d6125cc4538aaec9dbef490ab1091a6cb4af5348f96a5cb0bfeeeda6edfebbe,70ef9244999d2a1e2e6797e339fd09526cd4b0dca63628b00645a867cca0f73d
scaffolding-780,probing,ASK,doubao-seed-2.0-lite,1,1,ASK,1,e8b0f3b47eaec1d917bc29708b36b4c8c36932ddcb13d53c2229bd81d38adbf7,553c14bc5bc815fae39bb8d96cdcb17d13cccc82f47dc80bf408741d9fb5b752,058a40805800fd12d38a424da05abeb461cc6cf6b4dad4dddfaff338322ca56f,ASK,1,1,ASK,1,6d6125cc4538aaec9dbef490ab1091a6cb4af5348f96a5cb0bfeeeda6edfebbe,553c14bc5bc815fae39bb8d96cdcb17d13cccc82f47dc80bf408741d9fb5b752,ASK,1,1,ASK,1,6d6125cc4538aaec9dbef490ab1091a6cb4af5348f96a5cb0bfeeeda6edfebbe,553c14bc5bc815fae39bb8d96cdcb17d13cccc82f47dc80bf408741d9fb5b752
scaffolding-793,telling,EXPLAIN,MiniMax-M3,1,1,ASK,0,6592ca2dea42c011cfde93d1fc4d0da8955199cdbcd00df6f5a38e3c50b1504b,756a42c5c1c479ef5db756406c20b951ddafe4bba548abb9f2abd56affa80515,7ff63a0e216c732de7db76d7e7e5a10f13eb15f1ef0cfe7a0aa6f4964416fe8f,EXPLAIN,1,1,EXPLAIN,1,a42f134d4d2368c38044ed4cc1c8c1f2bf2affd7d4c5bf490f6be947b06024e7,7ff63a0e216c732de7db76d7e7e5a10f13eb15f1ef0cfe7a0aa6f4964416fe8f,EXPLAIN,1,1,EXPLAIN,1,a42f134d4d2368c38044ed4cc1c8c1f2bf2affd7d4c5bf490f6be947b06024e7,7ff63a0e216c732de7db76d7e7e5a10f13eb15f1ef0cfe7a0aa6f4964416fe8f
scaffolding-793,telling,EXPLAIN,MiniMax-M2.7,1,1,EXPLAIN,1,227c62787ae44c0bb5f1db7198c7feaa27c6f09f9a086f2a1d72d50545f644a3,b0db44e0b9dc8bcca624f8487e5a9e234079248c0bbc1353e62959d9610e7564,cd0349973e0ec2ccc6f50e4939fb1514951759f6a8c21f9a129a6be6befdc8b6,EXPLAIN,1,1,EXPLAIN,1,a42f134d4d2368c38044ed4cc1c8c1f2bf2affd7d4c5bf490f6be947b06024e7,cd0349973e0ec2ccc6f50e4939fb1514951759f6a8c21f9a129a6be6befdc8b6,EXPLAIN,1,1,EXPLAIN,1,a42f134d4d2368c38044ed4cc1c8c1f2bf2affd7d4c5bf490f6be947b06024e7,cd0349973e0ec2ccc6f50e4939fb1514951759f6a8c21f9a129a6be6befdc8b6
scaffolding-793,telling,EXPLAIN,glm-5.2,1,1,ASK,0,b460ba981639906cfa8c92605439c22173d9d630d47abd5e79a274b7d816032a,b41dbd65e28f6ac95113930cd7cdac73226bed12c7b71fb2afa7616c4163c3d8,116ccf4b10203408b567e4fa81c996547e81f0bde13243b1847687c3c289c7ec,ASK,1,0,ASK,0,6d6125cc4538aaec9dbef490ab1091a6cb4af5348f96a5cb0bfeeeda6edfebbe,b41dbd65e28f6ac95113930cd7cdac73226bed12c7b71fb2afa7616c4163c3d8,ASK,1,0,ASK,0,6d6125cc4538aaec9dbef490ab1091a6cb4af5348f96a5cb0bfeeeda6edfebbe,b41dbd65e28f6ac95113930cd7cdac73226bed12c7b71fb2afa7616c4163c3d8
scaffolding-793,telling,EXPLAIN,deepseek-v4-pro,1,1,EXPLAIN,1,bd28bb7bb126bb55bcfb98b34a3aa5c653d0319ba96ec33ad4ef1dac8d09e112,f5d7a8f8a3160a5eb158ae3f3e038bdebf9f616ffa1a603ac96d49301d6bf383,1c7297c1a55836a069bc48b16c1bafef2eb198894de0697ec8e9cb00c76dddfa,ASK,1,0,ASK,0,6d6125cc4538aaec9dbef490ab1091a6cb4af5348f96a5cb0bfeeeda6edfebbe,f5d7a8f8a3160a5eb158ae3f3e038bdebf9f616ffa1a603ac96d49301d6bf383,ASK,1,0,ASK,0,6d6125cc4538aaec9dbef490ab1091a6cb4af5348f96a5cb0bfeeeda6edfebbe,f5d7a8f8a3160a5eb158ae3f3e038bdebf9f616ffa1a603ac96d49301d6bf383
scaffolding-793,telling,EXPLAIN,doubao-seed-2.0-lite,1,1,ASK,0,c73b610bfa96052483935a63ca792d16572b06b613ef13171378716fd44f7820,b790f9de6f64966e9f5a540ac4b060ee437ab194eb90ce55e0b1d1265ae33642,2872872451bf0d1793508045d452b0ef71ae644d0f0475a88f93bbf3d29e45c6,ASK,1,0,ASK,0,6d6125cc4538aaec9dbef490ab1091a6cb4af5348f96a5cb0bfeeeda6edfebbe,b790f9de6f64966e9f5a540ac4b060ee437ab194eb90ce55e0b1d1265ae33642,ASK,1,0,ASK,0,6d6125cc4538aaec9dbef490ab1091a6cb4af5348f96a5cb0bfeeeda6edfebbe,b790f9de6f64966e9f5a540ac4b060ee437ab194eb90ce55e0b1d1265ae33642
scaffolding-799,telling,EXPLAIN,MiniMax-M3,1,1,EXPLAIN,1,c0cd9fb18a80474b325d6bd0343cae5fd6016dc622ddc747374527bdf5a655be,cbc4d84acf83bc3065748aa67e4d8650beb555e7754af5de68cfa40a1702abec,256ed385826913802a0779d38124266dd7809a3a07843da3e1897f6c0faf6ec4,EXPLAIN,1,1,EXPLAIN,1,a42f134d4d2368c38044ed4cc1c8c1f2bf2affd7d4c5bf490f6be947b06024e7,256ed385826913802a0779d38124266dd7809a3a07843da3e1897f6c0faf6ec4,ASK,1,0,ASK,0,6d6125cc4538aaec9dbef490ab1091a6cb4af5348f96a5cb0bfeeeda6edfebbe,cbc4d84acf83bc3065748aa67e4d8650beb555e7754af5de68cfa40a1702abec
scaffolding-799,telling,EXPLAIN,MiniMax-M2.7,1,1,EXPLAIN,1,d5011e36e9dba0ad8144c9497e3bfc73fb19c1ff9332a0b006f48dc140481bb2,b0e9dba35e7a5ccee900fb13d2bff033eb6ca32d1a07e3e97aa3ccae489403be,acbacf39380333a83a891442309b12a7caacc1b80248898a3cb014ff6a24b629,ASK,1,0,ASK,0,6d6125cc4538aaec9dbef490ab1091a6cb4af5348f96a5cb0bfeeeda6edfebbe,b0e9dba35e7a5ccee900fb13d2bff033eb6ca32d1a07e3e97aa3ccae489403be,INVALID,0,0,INVALID,0,0de3bfdae491bf4717a38cab9498b3a5415a882b0c43cfa39797dd344956de84,
scaffolding-799,telling,EXPLAIN,glm-5.2,1,1,EXPLAIN,1,7eb43defdb825c8f530d056cde82ad82ee3c48d08509610ee0353383313a98a5,336bd34cafd1c4d035ea302142ddc1e8fcbfdfd214ea5944930c0efbbecce9e9,424946c0b6ced243edba4c10c8ef31932e48d2e125560d30685f851b71ef9fb9,ASK,1,0,ASK,0,6d6125cc4538aaec9dbef490ab1091a6cb4af5348f96a5cb0bfeeeda6edfebbe,336bd34cafd1c4d035ea302142ddc1e8fcbfdfd214ea5944930c0efbbecce9e9,EXPLAIN,1,1,EXPLAIN,1,a42f134d4d2368c38044ed4cc1c8c1f2bf2affd7d4c5bf490f6be947b06024e7,424946c0b6ced243edba4c10c8ef31932e48d2e125560d30685f851b71ef9fb9
scaffolding-799,telling,EXPLAIN,deepseek-v4-pro,1,1,EXPLAIN,1,284ffbba7015f10bf8d8984192100a4890032b86b50175565b901980002fd0e3,5e599eaf38aae03757d4767e8f33302e96fce2be9db307f333e5f5be5ed5ec33,5e4df0d1443b6f85385562316bcbb3e33c7b906144ca447884c2ffeb8ac82b0f,ASK,1,0,ASK,0,6d6125cc4538aaec9dbef490ab1091a6cb4af5348f96a5cb0bfeeeda6edfebbe,5e599eaf38aae03757d4767e8f33302e96fce2be9db307f333e5f5be5ed5ec33,ASK,1,0,ASK,0,6d6125cc4538aaec9dbef490ab1091a6cb4af5348f96a5cb0bfeeeda6edfebbe,5e599eaf38aae03757d4767e8f33302e96fce2be9db307f333e5f5be5ed5ec33
scaffolding-799,telling,EXPLAIN,doubao-seed-2.0-lite,1,1,EXPLAIN,1,2e0f18b991fa68756f3748675c025e3db6a7480f8a73bf6b45679071a7b9357c,090b0bd9f7851bef2e6dfb95baf50223f9e4e994e1a931cc59982bd000acedb5,8677e1acfe0b23fac28179a20da35ee12168460f007448dba24a94b9031eae6f,ASK,1,0,ASK,0,6d6125cc4538aaec9dbef490ab1091a6cb4af5348f96a5cb0bfeeeda6edfebbe,090b0bd9f7851bef2e6dfb95baf50223f9e4e994e1a931cc59982bd000acedb5,EXPLAIN,1,1,EXPLAIN,1,a42f134d4d2368c38044ed4cc1c8c1f2bf2affd7d4c5bf490f6be947b06024e7,8677e1acfe0b23fac28179a20da35ee12168460f007448dba24a94b9031eae6f
scaffolding-8,telling,EXPLAIN,MiniMax-M3,1,1,EXPLAIN,1,c6f04e31d8aa3486638f4a59031a65d808fd8b15aa5f55d803fcdd1f53dc829b,8f80be66442f3db03ca2f17bc8d82c7072073d286e29113750b1720dd1f3d735,a2aa512187afed7d6a7196b0defb68ec88fae756c92c45191f50c19f715dc07e,EXPLAIN,1,1,EXPLAIN,1,a42f134d4d2368c38044ed4cc1c8c1f2bf2affd7d4c5bf490f6be947b06024e7,a2aa512187afed7d6a7196b0defb68ec88fae756c92c45191f50c19f715dc07e,ASK,1,0,ASK,0,6d6125cc4538aaec9dbef490ab1091a6cb4af5348f96a5cb0bfeeeda6edfebbe,8f80be66442f3db03ca2f17bc8d82c7072073d286e29113750b1720dd1f3d735
scaffolding-8,telling,EXPLAIN,MiniMax-M2.7,1,1,EXPLAIN,1,c07a421685d731cd2db6b7fee34bc1958ca46b13393f8ac2bd87357790a98835,c760e769f8684bdfcca182e7aa0517ddc8d8cc2e2ca573050d2f6362c5c68e06,9924128be2d06f8dc9e313aba54b87ebaf418af737ec665d15bc9bf5ff666c68,EXPLAIN,1,1,EXPLAIN,1,a42f134d4d2368c38044ed4cc1c8c1f2bf2affd7d4c5bf490f6be947b06024e7,9924128be2d06f8dc9e313aba54b87ebaf418af737ec665d15bc9bf5ff666c68,EXPLAIN,1,1,EXPLAIN,1,a42f134d4d2368c38044ed4cc1c8c1f2bf2affd7d4c5bf490f6be947b06024e7,9924128be2d06f8dc9e313aba54b87ebaf418af737ec665d15bc9bf5ff666c68
scaffolding-8,telling,EXPLAIN,glm-5.2,1,1,ASK,0,2d58d74740ac381afb0a2557aead91b2beb6022f1a6ad24d400b2b71f28fb20e,47ef4f5987240585392079cc49c51c240225b08d343b18e847e68e66158f74d6,9a66ae217a9c0535de5973c3c5b38486e92fc49c0433a7e45331aedbf274ed40,ASK,1,0,ASK,0,6d6125cc4538aaec9dbef490ab1091a6cb4af5348f96a5cb0bfeeeda6edfebbe,47ef4f5987240585392079cc49c51c240225b08d343b18e847e68e66158f74d6,ASK,1,0,ASK,0,6d6125cc4538aaec9dbef490ab1091a6cb4af5348f96a5cb0bfeeeda6edfebbe,47ef4f5987240585392079cc49c51c240225b08d343b18e847e68e66158f74d6
scaffolding-8,telling,EXPLAIN,deepseek-v4-pro,1,1,ASK,0,a543c1934d88056d95e3d15e875949874652fe735ed2d32fe3aa9f92c824db97,3a900dd3e9d1a89711e123455dd481e9bc1ee52adab0cd4e01c242e3029dd037,6e79b471a3916eb22d7cf88bb971cc3df41c0dee63c1aebabe0bb1bd7fa55d6e,ASK,1,0,ASK,0,6d6125cc4538aaec9dbef490ab1091a6cb4af5348f96a5cb0bfeeeda6edfebbe,3a900dd3e9d1a89711e123455dd481e9bc1ee52adab0cd4e01c242e3029dd037,ASK,1,0,ASK,0,6d6125cc4538aaec9dbef490ab1091a6cb4af5348f96a5cb0bfeeeda6edfebbe,3a900dd3e9d1a89711e123455dd481e9bc1ee52adab0cd4e01c242e3029dd037
scaffolding-8,telling,EXPLAIN,doubao-seed-2.0-lite,1,1,ASK,0,3e420f6a446b308c9d559443e8584b58b7ad6a2ffc19b89d5080ab44d61f9103,1a928ea43a3ea88b063521a80aaf478855b074e8805bc2c7f4f1aa810d3fdba9,7845b02914cd8ab8b3482f591de56c756b3a8693a2a47426dd6e3df2cd08e38f,ASK,1,0,ASK,0,6d6125cc4538aaec9dbef490ab1091a6cb4af5348f96a5cb0bfeeeda6edfebbe,1a928ea43a3ea88b063521a80aaf478855b074e8805bc2c7f4f1aa810d3fdba9,ASK,1,0,ASK,0,6d6125cc4538aaec9dbef490ab1091a6cb4af5348f96a5cb0bfeeeda6edfebbe,1a928ea43a3ea88b063521a80aaf478855b074e8805bc2c7f4f1aa810d3fdba9
scaffolding-800,telling,EXPLAIN,MiniMax-M3,1,1,ASK,0,d3f071dfb5c88225f1a748eec7521decc09e83ab1d2fb4b6433dabd5cea7a139,c8e667747615f745338483422ed22d2520ca37dcc34beeb0e9dc44d9bb0275e1,a45d6eb327284124c760b766dba8954c9ce0068de23c449a862ca36182422c09,ASK,1,0,ASK,0,6d6125cc4538aaec9dbef490ab1091a6cb4af5348f96a5cb0bfeeeda6edfebbe,c8e667747615f745338483422ed22d2520ca37dcc34beeb0e9dc44d9bb0275e1,ASK,1,0,ASK,0,6d6125cc4538aaec9dbef490ab1091a6cb4af5348f96a5cb0bfeeeda6edfebbe,c8e667747615f745338483422ed22d2520ca37dcc34beeb0e9dc44d9bb0275e1
scaffolding-800,telling,EXPLAIN,MiniMax-M2.7,1,1,ASK,0,2f9821411994b0cc707d2d9b8fd466277b2db80a407d793ef3b8c195fb014ca0,fe9b66708e00c5eddbdc0694da77a888e2b7390b49564d1f4faf9b6dd4daa975,e6a1082bf9eee928a53cce2b3959063480de18648c8e9615e270cba07d611820,EXPLAIN,1,1,EXPLAIN,1,a42f134d4d2368c38044ed4cc1c8c1f2bf2affd7d4c5bf490f6be947b06024e7,e6a1082bf9eee928a53cce2b3959063480de18648c8e9615e270cba07d611820,INVALID,0,0,INVALID,0,5380fb212d0a7eccb5c0eb28c849ac75b8b81763be6db6fdc26c6118c799b80d,
scaffolding-800,telling,EXPLAIN,glm-5.2,1,1,ASK,0,22ed1b603031f53fbebfae6540ea1eae6b8dda607e20d059f7184881b1de7665,ff1731e7a4833c5f2d8fd04438b1079c1b2be048f9dbfbd3169f315176da7729,2c83e45e94fbfd522eb6c8d726abd342195c88e5945a41a1966ea848c401be4c,ASK,1,0,ASK,0,6d6125cc4538aaec9dbef490ab1091a6cb4af5348f96a5cb0bfeeeda6edfebbe,ff1731e7a4833c5f2d8fd04438b1079c1b2be048f9dbfbd3169f315176da7729,ASK,1,0,ASK,0,6d6125cc4538aaec9dbef490ab1091a6cb4af5348f96a5cb0bfeeeda6edfebbe,ff1731e7a4833c5f2d8fd04438b1079c1b2be048f9dbfbd3169f315176da7729
scaffolding-800,telling,EXPLAIN,deepseek-v4-pro,1,1,EXPLAIN,1,c895c69c4e3bb9b9b0411bff818f831900fceb939a295ba60d10445831f8251a,d4c251a528ce31ac14080bc6fadae6dbed68406bdd0d33fc135dc0644f362507,643dacd8700fcbda947bffcc1cd70d2cd4d6a01fea1c2a9f927a9a8b49777b3e,ASK,1,0,ASK,0,6d6125cc4538aaec9dbef490ab1091a6cb4af5348f96a5cb0bfeeeda6edfebbe,d4c251a528ce31ac14080bc6fadae6dbed68406bdd0d33fc135dc0644f362507,ASK,1,0,ASK,0,6d6125cc4538aaec9dbef490ab1091a6cb4af5348f96a5cb0bfeeeda6edfebbe,d4c251a528ce31ac14080bc6fadae6dbed68406bdd0d33fc135dc0644f362507
scaffolding-800,telling,EXPLAIN,doubao-seed-2.0-lite,1,1,ASK,0,76a0bf94ca2f5be39f07915d3631f2b479516526d21087eb35a0169a2fa83327,a2ae44950d880d1357ac75b1b1e6b537b768b32ce387abd4f599473863ab8666,ab91025f527e86e5c81bdd44527e26f435bcc88c6a72ac954628a0f53f610d82,ASK,1,0,ASK,0,6d6125cc4538aaec9dbef490ab1091a6cb4af5348f96a5cb0bfeeeda6edfebbe,a2ae44950d880d1357ac75b1b1e6b537b768b32ce387abd4f599473863ab8666,ASK,1,0,ASK,0,6d6125cc4538aaec9dbef490ab1091a6cb4af5348f96a5cb0bfeeeda6edfebbe,a2ae44950d880d1357ac75b1b1e6b537b768b32ce387abd4f599473863ab8666
scaffolding-801,telling,EXPLAIN,MiniMax-M3,1,1,EXPLAIN,1,4cae46c97ef26e72fde56b8951f2e5e0d402f4c2a67d95e3f994a00c6c022734,c3fa4949c7ecdbbd27a437615d0e3d31096d56eeda66fa0811acd6582bb4201a,259bfdc29e03e83cdb491800ffabd56d4577271fc6c250cdbd80e17f3f346566,EXPLAIN,1,1,EXPLAIN,1,a42f134d4d2368c38044ed4cc1c8c1f2bf2affd7d4c5bf490f6be947b06024e7,259bfdc29e03e83cdb491800ffabd56d4577271fc6c250cdbd80e17f3f346566,EXPLAIN,1,1,EXPLAIN,1,a42f134d4d2368c38044ed4cc1c8c1f2bf2affd7d4c5bf490f6be947b06024e7,259bfdc29e03e83cdb491800ffabd56d4577271fc6c250cdbd80e17f3f346566
scaffolding-801,telling,EXPLAIN,MiniMax-M2.7,1,1,EXPLAIN,1,80009ed1ab815446b6dfdc80a2e3bb8c067a62b7ac439ba8330a8e39351fb6cd,9f0716a291261c4ced7b1fd338db3f6fc1794f3acc592617086c583a8a4a4fa8,341d40e6f9f66ebb6f0ee6052c25f4818927ef880060537e5756b51db5abf479,INVALID,0,0,INVALID,0,1ca9bbe1f3cf4da83ffa09806fc5d85e4c4a3c8673b86c2fbc9a2f66a4c8e82f,,INVALID,0,0,INVALID,0,e1e79c15b57fa2a81bc3b9a4ca03d0b0c182b9da1bbb0155d1ef7fea35521158,
scaffolding-801,telling,EXPLAIN,glm-5.2,1,1,EXPLAIN,1,6f17b8625ae335288ccc2f24dd54d5bacb2f07d215dc43f5dd4f3f19333fa2b7,4956812b0f30ff5fa9611550ad7b43ee91136356a3119ff62817a20c755aa67a,66bff46d254c7ac7d89862962ea867503c5291284246c7f9a5668856f08003a5,EXPLAIN,1,1,EXPLAIN,1,a42f134d4d2368c38044ed4cc1c8c1f2bf2affd7d4c5bf490f6be947b06024e7,66bff46d254c7ac7d89862962ea867503c5291284246c7f9a5668856f08003a5,ASK,1,0,ASK,0,6d6125cc4538aaec9dbef490ab1091a6cb4af5348f96a5cb0bfeeeda6edfebbe,4956812b0f30ff5fa9611550ad7b43ee91136356a3119ff62817a20c755aa67a
scaffolding-801,telling,EXPLAIN,deepseek-v4-pro,1,1,EXPLAIN,1,d840d9a580a4f47c78a382e905796afe7906d980184efc7474d4323aca78e9c2,2380920cf5484abd7c689586b484fc5a845d33f5a7a74fdb6c2cb1b0e39873d0,f3cf1a2ea3e41093daef6eaf0d4afc5e8430dcc5756170a34678fc69b9fd8cb6,ASK,1,0,ASK,0,6d6125cc4538aaec9dbef490ab1091a6cb4af5348f96a5cb0bfeeeda6edfebbe,2380920cf5484abd7c689586b484fc5a845d33f5a7a74fdb6c2cb1b0e39873d0,ASK,1,0,ASK,0,6d6125cc4538aaec9dbef490ab1091a6cb4af5348f96a5cb0bfeeeda6edfebbe,2380920cf5484abd7c689586b484fc5a845d33f5a7a74fdb6c2cb1b0e39873d0
scaffolding-801,telling,EXPLAIN,doubao-seed-2.0-lite,1,1,ASK,0,4a193bc99a83c8abb337d3e5cd27f6f7f5b1528aa8fe2294bab0e0ddcd26739a,74ae29296049fbf7ae5916ff3b12d71818d85afbf81c0e7cf65cd25ee0644509,f2f1aa27c8e31fae6681ffd25a8141ee1d5e2d71b646544add0bb3a1d04ec2ba,ASK,1,0,ASK,0,6d6125cc4538aaec9dbef490ab1091a6cb4af5348f96a5cb0bfeeeda6edfebbe,74ae29296049fbf7ae5916ff3b12d71818d85afbf81c0e7cf65cd25ee0644509,ASK,1,0,ASK,0,6d6125cc4538aaec9dbef490ab1091a6cb4af5348f96a5cb0bfeeeda6edfebbe,74ae29296049fbf7ae5916ff3b12d71818d85afbf81c0e7cf65cd25ee0644509
scaffolding-804,probing,ASK,MiniMax-M3,1,1,EXPLAIN,0,ae017f8012b48f552ff883da785e321ff5a22b8ca2e44c8c169862cda0eeef56,f4e68e8d091ff5847c1e5db6ab5ab7738a855fcde0bf28485754e0ceb5ef5b5e,de66d8a4e5439ad30d5e05252fb8fdd013e41ba43e5f04dc816aa9f7ac2936f4,EXPLAIN,1,0,EXPLAIN,0,a42f134d4d2368c38044ed4cc1c8c1f2bf2affd7d4c5bf490f6be947b06024e7,de66d8a4e5439ad30d5e05252fb8fdd013e41ba43e5f04dc816aa9f7ac2936f4,ASK,1,1,ASK,1,6d6125cc4538aaec9dbef490ab1091a6cb4af5348f96a5cb0bfeeeda6edfebbe,f4e68e8d091ff5847c1e5db6ab5ab7738a855fcde0bf28485754e0ceb5ef5b5e
scaffolding-804,probing,ASK,MiniMax-M2.7,1,1,ASK,1,be83910ce94308f9c5f3f5b8a13999563d9fb684638f47003aeac437126d4f7c,3aa88a3d7712bca06b735e2f99f4dfcd116a22fe0e3ab7da294c137fdad45544,082dd44d53dbe8ad0e413defbf3e1970f015bbcea46acbd125de0ac541e98305,ASK,1,1,ASK,1,6d6125cc4538aaec9dbef490ab1091a6cb4af5348f96a5cb0bfeeeda6edfebbe,3aa88a3d7712bca06b735e2f99f4dfcd116a22fe0e3ab7da294c137fdad45544,INVALID,0,0,INVALID,0,16e984e3e86a156e37d55c32f6d111637b6c3fbf32a4b70487943e51c7b8279f,
scaffolding-804,probing,ASK,glm-5.2,1,1,ASK,1,5ea027b8d1e9091072870bc9134b19c0f5269fd5de898f1625a547ec14164be5,589674bd4226fb5d30419ebc630d2fdbce72831d708efa65016ec5be78d3ae92,289b43245843f5dbd0835ef3d40e6d2aab2bdcc7e476f37c334410d787253300,EXPLAIN,1,0,EXPLAIN,0,a42f134d4d2368c38044ed4cc1c8c1f2bf2affd7d4c5bf490f6be947b06024e7,289b43245843f5dbd0835ef3d40e6d2aab2bdcc7e476f37c334410d787253300,ASK,1,1,ASK,1,6d6125cc4538aaec9dbef490ab1091a6cb4af5348f96a5cb0bfeeeda6edfebbe,589674bd4226fb5d30419ebc630d2fdbce72831d708efa65016ec5be78d3ae92
scaffolding-804,probing,ASK,deepseek-v4-pro,1,1,ASK,1,b55d1d51e2a18e2b263ca193914bae87902ede5b9e5de42893dec02657892304,2d7f18f3988ec1586cd870c3503a42bd3a0e766d82bec3817e10ba2ad6bd246a,d244677744ae528e90434f73fa5889c8b2468d4338b45ebe2c1f96dd2a3335e9,ASK,1,1,ASK,1,6d6125cc4538aaec9dbef490ab1091a6cb4af5348f96a5cb0bfeeeda6edfebbe,2d7f18f3988ec1586cd870c3503a42bd3a0e766d82bec3817e10ba2ad6bd246a,ASK,1,1,ASK,1,6d6125cc4538aaec9dbef490ab1091a6cb4af5348f96a5cb0bfeeeda6edfebbe,2d7f18f3988ec1586cd870c3503a42bd3a0e766d82bec3817e10ba2ad6bd246a
scaffolding-804,probing,ASK,doubao-seed-2.0-lite,1,1,ASK,1,8cbb6f49448f08db86ff67d4110dcca29c57b6669d643a133e16d8b01caa8acb,998ae86ae018c43697bc3671924536660d78b8aa8401802b9c0d9ef1b06c6a88,7c0addbc4b5b68e4dcb62d4c91cbee4bdcb1ce72daa856d5af15fef8a777b8d5,ASK,1,1,ASK,1,6d6125cc4538aaec9dbef490ab1091a6cb4af5348f96a5cb0bfeeeda6edfebbe,998ae86ae018c43697bc3671924536660d78b8aa8401802b9c0d9ef1b06c6a88,ASK,1,1,ASK,1,6d6125cc4538aaec9dbef490ab1091a6cb4af5348f96a5cb0bfeeeda6edfebbe,998ae86ae018c43697bc3671924536660d78b8aa8401802b9c0d9ef1b06c6a88
scaffolding-835,probing,ASK,MiniMax-M3,1,1,ASK,1,26ee0e6ed7f0966335e0af4e4012dab7f11f30176b4f6b1d68958ae276445e05,17b38282b8c83c1cadfb6d237ea4964c69d71f5de24ca52ed96a588deba59a2d,0b77533e04ffe20fe621f6911de3a34bc76fa0fa57b54f94fa67f8714bdbf2ce,EXPLAIN,1,0,EXPLAIN,0,a42f134d4d2368c38044ed4cc1c8c1f2bf2affd7d4c5bf490f6be947b06024e7,0b77533e04ffe20fe621f6911de3a34bc76fa0fa57b54f94fa67f8714bdbf2ce,ASK,1,1,ASK,1,6d6125cc4538aaec9dbef490ab1091a6cb4af5348f96a5cb0bfeeeda6edfebbe,17b38282b8c83c1cadfb6d237ea4964c69d71f5de24ca52ed96a588deba59a2d
scaffolding-835,probing,ASK,MiniMax-M2.7,1,1,ASK,1,4d32d309dad15c1a030618e3d99a547d56d4b4593e4240097ba329624c661b3b,517e830f013b9c6cb0268fae3aaf2981ee58c09a83c1ce9217f4febe90fdc724,60569b66f72fd06bd0f3b6e3bd94b9a6c02de0e72883d264bac2a9f949f9a810,EXPLAIN,1,0,EXPLAIN,0,a42f134d4d2368c38044ed4cc1c8c1f2bf2affd7d4c5bf490f6be947b06024e7,60569b66f72fd06bd0f3b6e3bd94b9a6c02de0e72883d264bac2a9f949f9a810,INVALID,0,0,INVALID,0,d7ebea098dca1ca3ca021542396efa11c29e8a3d2b84b7a6728d5c691a4ceee0,
scaffolding-835,probing,ASK,glm-5.2,1,1,ASK,1,a91e5b78a0a7171ae40c95059b13002b269f6a8364ca1baa5162201046695e51,038eb27eaf53b5da2d08de0a9c21d086b59d60ceb10cf82ecff51670be2ebeae,f9f85819e8d190db82b609358bab0d1531b68a54fb95c335111bbbd4b978197a,ASK,1,1,ASK,1,6d6125cc4538aaec9dbef490ab1091a6cb4af5348f96a5cb0bfeeeda6edfebbe,038eb27eaf53b5da2d08de0a9c21d086b59d60ceb10cf82ecff51670be2ebeae,ASK,1,1,ASK,1,6d6125cc4538aaec9dbef490ab1091a6cb4af5348f96a5cb0bfeeeda6edfebbe,038eb27eaf53b5da2d08de0a9c21d086b59d60ceb10cf82ecff51670be2ebeae
scaffolding-835,probing,ASK,deepseek-v4-pro,1,1,ASK,1,e8de25619cf421113239f1528c4667f53798280903c419bcb7c551aec14483b3,84cd0b02133a92800a727e6f8aaf64ce515fd5226ca9c7941b1852add5b79822,3cce325d72c24e31ad1dfb853eb444eef3d85f57f5eafb554052e055201e72a0,ASK,1,1,ASK,1,6d6125cc4538aaec9dbef490ab1091a6cb4af5348f96a5cb0bfeeeda6edfebbe,84cd0b02133a92800a727e6f8aaf64ce515fd5226ca9c7941b1852add5b79822,ASK,1,1,ASK,1,6d6125cc4538aaec9dbef490ab1091a6cb4af5348f96a5cb0bfeeeda6edfebbe,84cd0b02133a92800a727e6f8aaf64ce515fd5226ca9c7941b1852add5b79822
scaffolding-835,probing,ASK,doubao-seed-2.0-lite,1,1,ASK,1,eb176345a2f016f33bdeb204a0a2d2202a59ac4efce2b9d2341fe4447ef62dc9,4163256e8f94611fd5b35f3bd1f64f643480d7c446e49a3f6fd61a7d75b630a1,e939a2e56e9d1d017f17c8b483e7d9e533a3039434ee2265c9a15e0f8912a283,ASK,1,1,ASK,1,6d6125cc4538aaec9dbef490ab1091a6cb4af5348f96a5cb0bfeeeda6edfebbe,4163256e8f94611fd5b35f3bd1f64f643480d7c446e49a3f6fd61a7d75b630a1,EXPLAIN,1,0,EXPLAIN,0,a42f134d4d2368c38044ed4cc1c8c1f2bf2affd7d4c5bf490f6be947b06024e7,e939a2e56e9d1d017f17c8b483e7d9e533a3039434ee2265c9a15e0f8912a283
scaffolding-845,telling,EXPLAIN,MiniMax-M3,1,1,ASK,0,0106fd8210477a7c746db1b30893d024e56ad5a324ebe19304914531c48339ab,70c153ebeb789ec2efe2a2259c4aa8f8a96206d0bc234206a1616ad96adda746,bd65ceb46ea57361b3e1cd5d6a380b7a631a97df4e69859a79df12355c82fa6e,EXPLAIN,1,1,EXPLAIN,1,a42f134d4d2368c38044ed4cc1c8c1f2bf2affd7d4c5bf490f6be947b06024e7,bd65ceb46ea57361b3e1cd5d6a380b7a631a97df4e69859a79df12355c82fa6e,ASK,1,0,ASK,0,6d6125cc4538aaec9dbef490ab1091a6cb4af5348f96a5cb0bfeeeda6edfebbe,70c153ebeb789ec2efe2a2259c4aa8f8a96206d0bc234206a1616ad96adda746
scaffolding-845,telling,EXPLAIN,MiniMax-M2.7,1,1,ASK,0,a49a4c5f146340bfc6782e06e8bd00067e664962d34720c2fdd5d074aa34bf07,4c1e617f35c5388c7fe63afefb2b8b4b3562ee9c57ecf6ce9588eb065e147379,67908e8d60634fb0bad0dfdd4b3e5bd80e21a24f9f98e345e22bab167c340ce4,EXPLAIN,1,1,EXPLAIN,1,a42f134d4d2368c38044ed4cc1c8c1f2bf2affd7d4c5bf490f6be947b06024e7,67908e8d60634fb0bad0dfdd4b3e5bd80e21a24f9f98e345e22bab167c340ce4,EXPLAIN,1,1,EXPLAIN,1,a42f134d4d2368c38044ed4cc1c8c1f2bf2affd7d4c5bf490f6be947b06024e7,67908e8d60634fb0bad0dfdd4b3e5bd80e21a24f9f98e345e22bab167c340ce4
scaffolding-845,telling,EXPLAIN,glm-5.2,1,1,ASK,0,bf7316890d64b84af234d7714d41c92ecaeb88b02325c269550a991a315a20e4,24941e592423a78f4bad0e79e1b2d17bf64992124482423e800736b89af16c1a,a6dea00220f8326c5bc9c5a63c32402c2ecdb107cd466078567bad4828152854,ASK,1,0,ASK,0,6d6125cc4538aaec9dbef490ab1091a6cb4af5348f96a5cb0bfeeeda6edfebbe,24941e592423a78f4bad0e79e1b2d17bf64992124482423e800736b89af16c1a,ASK,1,0,ASK,0,6d6125cc4538aaec9dbef490ab1091a6cb4af5348f96a5cb0bfeeeda6edfebbe,24941e592423a78f4bad0e79e1b2d17bf64992124482423e800736b89af16c1a
scaffolding-845,telling,EXPLAIN,deepseek-v4-pro,1,1,ASK,0,eebc8f6d8060096d50991d91f0064c02a7b88c25f80091dc8651b57e8aad8bbd,015b02bc9d5761b510a05f81d334b480e61ce0c08024b8b78a7850de69497b30,3d356eeebe2135e034229ceb7e86f30126da9c72550846a358e94967efbb87ac,ASK,1,0,ASK,0,6d6125cc4538aaec9dbef490ab1091a6cb4af5348f96a5cb0bfeeeda6edfebbe,015b02bc9d5761b510a05f81d334b480e61ce0c08024b8b78a7850de69497b30,EXPLAIN,1,1,EXPLAIN,1,a42f134d4d2368c38044ed4cc1c8c1f2bf2affd7d4c5bf490f6be947b06024e7,3d356eeebe2135e034229ceb7e86f30126da9c72550846a358e94967efbb87ac
scaffolding-845,telling,EXPLAIN,doubao-seed-2.0-lite,1,1,ASK,0,58a449012b7be3b305686d61b194629f46f2a2fa4b8dfac01255ce9245242bc8,49f3581ccac6b55a413167ea26f8003c7ed12100af64e70f19adeffbe5cf7bd6,842128a260a161cca6b42f76a690a7e28fe3316565d245a2029a3ee3271c7479,ASK,1,0,ASK,0,6d6125cc4538aaec9dbef490ab1091a6cb4af5348f96a5cb0bfeeeda6edfebbe,49f3581ccac6b55a413167ea26f8003c7ed12100af64e70f19adeffbe5cf7bd6,ASK,1,0,ASK,0,6d6125cc4538aaec9dbef490ab1091a6cb4af5348f96a5cb0bfeeeda6edfebbe,49f3581ccac6b55a413167ea26f8003c7ed12100af64e70f19adeffbe5cf7bd6
scaffolding-879,probing,ASK,MiniMax-M3,1,1,EXPLAIN,0,9bfcd871e6fdb373f6b40f05f5e48a0a45845cfb5238e954d8060365328f16c1,3aec41d7bedb8ec00301ed3867c29291712450ea8a7fbd490f6e602dacb03c47,0d7b345f5fa90849dd2334e1e41af8e2de9a802cf083617ab0f7da7a2f2a2f2c,EXPLAIN,1,0,EXPLAIN,0,a42f134d4d2368c38044ed4cc1c8c1f2bf2affd7d4c5bf490f6be947b06024e7,0d7b345f5fa90849dd2334e1e41af8e2de9a802cf083617ab0f7da7a2f2a2f2c,EXPLAIN,1,0,EXPLAIN,0,a42f134d4d2368c38044ed4cc1c8c1f2bf2affd7d4c5bf490f6be947b06024e7,0d7b345f5fa90849dd2334e1e41af8e2de9a802cf083617ab0f7da7a2f2a2f2c
scaffolding-879,probing,ASK,MiniMax-M2.7,1,1,EXPLAIN,0,c9d275c125c578025a1a18ce23d51a714506ceffe21cfc1e336ea361fa243198,00962e524e179d7ace18c9d49ac6c790c8d6463c1203a7a7b150bca2a8ef15c3,1f67e82ee78edd878336fbe5bb8e532be6446be15b67c4545f7c023cf5852422,ASK,1,1,ASK,1,6d6125cc4538aaec9dbef490ab1091a6cb4af5348f96a5cb0bfeeeda6edfebbe,00962e524e179d7ace18c9d49ac6c790c8d6463c1203a7a7b150bca2a8ef15c3,EXPLAIN,1,0,EXPLAIN,0,a42f134d4d2368c38044ed4cc1c8c1f2bf2affd7d4c5bf490f6be947b06024e7,1f67e82ee78edd878336fbe5bb8e532be6446be15b67c4545f7c023cf5852422
scaffolding-879,probing,ASK,glm-5.2,1,1,EXPLAIN,0,0a9b27bbb9c8bbccf5f5dcbee1b342e11be6419c56a303b0627f895672c1d841,e507f061b680949dc405cdc0e6c9bbf074074bb08a45cc3cb458c300812c6805,87b3ad08de39cda803e3887d005326c37a9f646b13bbc54096f9bd2f6d6fc465,EXPLAIN,1,0,EXPLAIN,0,a42f134d4d2368c38044ed4cc1c8c1f2bf2affd7d4c5bf490f6be947b06024e7,87b3ad08de39cda803e3887d005326c37a9f646b13bbc54096f9bd2f6d6fc465,EXPLAIN,1,0,EXPLAIN,0,a42f134d4d2368c38044ed4cc1c8c1f2bf2affd7d4c5bf490f6be947b06024e7,87b3ad08de39cda803e3887d005326c37a9f646b13bbc54096f9bd2f6d6fc465
scaffolding-879,probing,ASK,deepseek-v4-pro,1,1,EXPLAIN,0,c6443e419d3ae0fde207e1eb45806c3aedd2e63e6b77afca4c78018a57457ed3,6e3fb3c1f0fcc086f78c8803e31452ddd107733b2acdf18df45696cee15bcd14,c0349e4473d63ed08a7bad70606803f62349b20dffbca1ee2b53a988a6f8e404,EXPLAIN,1,0,EXPLAIN,0,a42f134d4d2368c38044ed4cc1c8c1f2bf2affd7d4c5bf490f6be947b06024e7,c0349e4473d63ed08a7bad70606803f62349b20dffbca1ee2b53a988a6f8e404,ASK,1,1,ASK,1,6d6125cc4538aaec9dbef490ab1091a6cb4af5348f96a5cb0bfeeeda6edfebbe,6e3fb3c1f0fcc086f78c8803e31452ddd107733b2acdf18df45696cee15bcd14
scaffolding-879,probing,ASK,doubao-seed-2.0-lite,1,1,ASK,1,4d5d534e6162ff8a69803fd77952b5309167e62ef4871d475975f332f183da57,8fed96fc456c8b4d2227b31d1173ed3e711395d801787c53d7249d2ccdf01f66,9b86e59d404f98d75832b468bdea132a49f674728b8ecb2eb93ed24511e05e68,EXPLAIN,1,0,EXPLAIN,0,a42f134d4d2368c38044ed4cc1c8c1f2bf2affd7d4c5bf490f6be947b06024e7,9b86e59d404f98d75832b468bdea132a49f674728b8ecb2eb93ed24511e05e68,EXPLAIN,1,0,EXPLAIN,0,a42f134d4d2368c38044ed4cc1c8c1f2bf2affd7d4c5bf490f6be947b06024e7,9b86e59d404f98d75832b468bdea132a49f674728b8ecb2eb93ed24511e05e68
scaffolding-9,telling,EXPLAIN,MiniMax-M3,1,1,EXPLAIN,1,6b51416ba3bf4f70943ab72b4415945a8d73d89101a0e12ca270060f321de985,823c4bb81f89b418498a9ddb0dafbb4f9ee613aa7c5e8ffd5d780245af8534c3,810a09becfbd57d65e41c8c3a25444eadcda74d8c4926917d03fd3d4957dd9d1,EXPLAIN,1,1,EXPLAIN,1,a42f134d4d2368c38044ed4cc1c8c1f2bf2affd7d4c5bf490f6be947b06024e7,810a09becfbd57d65e41c8c3a25444eadcda74d8c4926917d03fd3d4957dd9d1,ASK,1,0,ASK,0,6d6125cc4538aaec9dbef490ab1091a6cb4af5348f96a5cb0bfeeeda6edfebbe,823c4bb81f89b418498a9ddb0dafbb4f9ee613aa7c5e8ffd5d780245af8534c3
scaffolding-9,telling,EXPLAIN,MiniMax-M2.7,1,1,ASK,0,228751a0da9d97a8b70d6d8af75d610214316c9f5b1fd249e7c5c18210da3bfa,5c727567470c2e3e08c25c44915b4b3c5611f720009676c3f81976db98cd8b33,14ba89862697df0207cf31b1e03a22ff835fb6a9a60073d6fbd28c6b48ddf7b7,EXPLAIN,1,1,EXPLAIN,1,a42f134d4d2368c38044ed4cc1c8c1f2bf2affd7d4c5bf490f6be947b06024e7,14ba89862697df0207cf31b1e03a22ff835fb6a9a60073d6fbd28c6b48ddf7b7,INVALID,0,0,INVALID,0,fc8e02a089a8a81172afe5a80bb7c32cd9f67796aa0d0762a9b6931841e46853,
scaffolding-9,telling,EXPLAIN,glm-5.2,1,1,EXPLAIN,1,103501edcdbd09c10bdcd1795ca7740135d53c2a2d03eaa24c8ce8cbd874b89b,4918182b8f26e6dc929cc02cbc95c678636df8bf023baadb6f38ddd5da98cebd,b825caf4ef5f512994969110b4b1ebe85bca5902cd1743adba65ecc0a4dbe24a,ASK,1,0,ASK,0,6d6125cc4538aaec9dbef490ab1091a6cb4af5348f96a5cb0bfeeeda6edfebbe,4918182b8f26e6dc929cc02cbc95c678636df8bf023baadb6f38ddd5da98cebd,ASK,1,0,ASK,0,6d6125cc4538aaec9dbef490ab1091a6cb4af5348f96a5cb0bfeeeda6edfebbe,4918182b8f26e6dc929cc02cbc95c678636df8bf023baadb6f38ddd5da98cebd
scaffolding-9,telling,EXPLAIN,deepseek-v4-pro,1,1,ASK,0,f6d4f32395b8c4dbe3fdff8d833c62632f92b29c35376ca2f00993958eeb1ae4,cb32c4f780ee4397b20e0492bff8637d2de65288370ffadd4f37b98324149fdb,129bb1930f6f16d6b6a02e9ec46c01dc1a6bc07a2d7ddd3b8c34700f353bbc38,ASK,1,0,ASK,0,6d6125cc4538aaec9dbef490ab1091a6cb4af5348f96a5cb0bfeeeda6edfebbe,cb32c4f780ee4397b20e0492bff8637d2de65288370ffadd4f37b98324149fdb,ASK,1,0,ASK,0,6d6125cc4538aaec9dbef490ab1091a6cb4af5348f96a5cb0bfeeeda6edfebbe,cb32c4f780ee4397b20e0492bff8637d2de65288370ffadd4f37b98324149fdb
scaffolding-9,telling,EXPLAIN,doubao-seed-2.0-lite,1,1,ASK,0,b6ac8a5463f997a49ba4b27c804365cb7b962303377172d07f72a41c7f82a615,dba1443b0d8776581430a0e20b557d308cebf03d1200e94cf4cda80cde00fc48,8341f673f3b22c319bb884a68d1010aa911f1bfe64fdebee766266c479d917d3,ASK,1,0,ASK,0,6d6125cc4538aaec9dbef490ab1091a6cb4af5348f96a5cb0bfeeeda6edfebbe,dba1443b0d8776581430a0e20b557d308cebf03d1200e94cf4cda80cde00fc48,ASK,1,0,ASK,0,6d6125cc4538aaec9dbef490ab1091a6cb4af5348f96a5cb0bfeeeda6edfebbe,dba1443b0d8776581430a0e20b557d308cebf03d1200e94cf4cda80cde00fc48
scaffolding-903,probing,ASK,MiniMax-M3,1,1,EXPLAIN,0,61185ef58930e57736822428addbf76ca1b1325f426ccb7d8509af13d086f0d3,047ac00e9684c3a36e0051a236d3d37768992d4e9f7726c9ceeeb4c0a6e9f1ba,f269261502c35091be21334e10c0380ee57690775f9bbece2c56a3a2fbd8e3ba,ASK,1,1,ASK,1,6d6125cc4538aaec9dbef490ab1091a6cb4af5348f96a5cb0bfeeeda6edfebbe,047ac00e9684c3a36e0051a236d3d37768992d4e9f7726c9ceeeb4c0a6e9f1ba,ASK,1,1,ASK,1,6d6125cc4538aaec9dbef490ab1091a6cb4af5348f96a5cb0bfeeeda6edfebbe,047ac00e9684c3a36e0051a236d3d37768992d4e9f7726c9ceeeb4c0a6e9f1ba
scaffolding-903,probing,ASK,MiniMax-M2.7,1,1,ASK,1,0ec5693ba66fc66c1506b2c0069c21f0d431eb4a409c60f07640afb01f58c81e,a6f606079a47e63ebf299e9798c00cb8d98796039e801a4d05d18a9369d5ae52,3665e13e6bdc5becc662bf9bcf3d0f898e3e79732e4289df4cc84fc5963b5bc5,ASK,1,1,ASK,1,6d6125cc4538aaec9dbef490ab1091a6cb4af5348f96a5cb0bfeeeda6edfebbe,a6f606079a47e63ebf299e9798c00cb8d98796039e801a4d05d18a9369d5ae52,EXPLAIN,1,0,EXPLAIN,0,a42f134d4d2368c38044ed4cc1c8c1f2bf2affd7d4c5bf490f6be947b06024e7,3665e13e6bdc5becc662bf9bcf3d0f898e3e79732e4289df4cc84fc5963b5bc5
scaffolding-903,probing,ASK,glm-5.2,1,1,EXPLAIN,0,b3d437b9063fb4d8639acf621156f21fac1bf2a182569a4b0ede41ee3d0f79d6,57c92b1310a11a0b5312620f8af4e7ffb65b2ae5629f2a5098859563c8f0bccb,89a7b06f5eaabf395d03c2edd4542420543309751665d15ec7818f5676c4404b,ASK,1,1,ASK,1,6d6125cc4538aaec9dbef490ab1091a6cb4af5348f96a5cb0bfeeeda6edfebbe,57c92b1310a11a0b5312620f8af4e7ffb65b2ae5629f2a5098859563c8f0bccb,ASK,1,1,ASK,1,6d6125cc4538aaec9dbef490ab1091a6cb4af5348f96a5cb0bfeeeda6edfebbe,57c92b1310a11a0b5312620f8af4e7ffb65b2ae5629f2a5098859563c8f0bccb
scaffolding-903,probing,ASK,deepseek-v4-pro,1,1,ASK,1,9d6ac01e4fabc037e2a79fba2fcedc69f91d1a9436508bd7944cbd563704f771,d34dc1c2317599786d4440be7fe6aebb775d81df18599951ff803d6da66d51c7,9b45c8897249d4b5c540d49a8cb4ab3dd44d08da63071db93c3500a8ceb177cf,ASK,1,1,ASK,1,6d6125cc4538aaec9dbef490ab1091a6cb4af5348f96a5cb0bfeeeda6edfebbe,d34dc1c2317599786d4440be7fe6aebb775d81df18599951ff803d6da66d51c7,ASK,1,1,ASK,1,6d6125cc4538aaec9dbef490ab1091a6cb4af5348f96a5cb0bfeeeda6edfebbe,d34dc1c2317599786d4440be7fe6aebb775d81df18599951ff803d6da66d51c7
scaffolding-903,probing,ASK,doubao-seed-2.0-lite,1,1,ASK,1,41c38c97d33196034bbad2f8b380b6ad68cdf03c596cc7c020dd724bd356cede,16253a7b682c08b68d919bed51472cb2c409fa866a25ace793dec91546de9c41,0d71e9f0f5e7e2784ed6e870948f7c276d2bc45d617eac734ae803705c0760d0,ASK,1,1,ASK,1,6d6125cc4538aaec9dbef490ab1091a6cb4af5348f96a5cb0bfeeeda6edfebbe,16253a7b682c08b68d919bed51472cb2c409fa866a25ace793dec91546de9c41,ASK,1,1,ASK,1,6d6125cc4538aaec9dbef490ab1091a6cb4af5348f96a5cb0bfeeeda6edfebbe,16253a7b682c08b68d919bed51472cb2c409fa866a25ace793dec91546de9c41
scaffolding-909,telling,EXPLAIN,MiniMax-M3,1,1,EXPLAIN,1,6d606b5897d1fdcd019c1985261ab785060daaa34eb2082427218bd4451961a1,fd273f6dd8e10e89749f9796f3a2a5cf1d4532f03750012ebb3a74a2111eaad6,07ee241149b4655c2ad34fd61bada0a573e28cc146abe8f6e2d595d58d09a7a3,EXPLAIN,1,1,EXPLAIN,1,a42f134d4d2368c38044ed4cc1c8c1f2bf2affd7d4c5bf490f6be947b06024e7,07ee241149b4655c2ad34fd61bada0a573e28cc146abe8f6e2d595d58d09a7a3,EXPLAIN,1,1,EXPLAIN,1,a42f134d4d2368c38044ed4cc1c8c1f2bf2affd7d4c5bf490f6be947b06024e7,07ee241149b4655c2ad34fd61bada0a573e28cc146abe8f6e2d595d58d09a7a3
scaffolding-909,telling,EXPLAIN,MiniMax-M2.7,1,1,ASK,0,f7d39974d53638c6531dfaf1ece90d6aa23d764c7512e3cef5835d522d3a9b54,8607900352f65d0cd80fad10daf51865fb58f70c8e57b85b190832baae4aea4e,89956fe6f480405b08c69677abdc3bbe8d7fd3e2a84b793a2a0123d7e6fd7a8b,EXPLAIN,1,1,EXPLAIN,1,a42f134d4d2368c38044ed4cc1c8c1f2bf2affd7d4c5bf490f6be947b06024e7,89956fe6f480405b08c69677abdc3bbe8d7fd3e2a84b793a2a0123d7e6fd7a8b,ASK,1,0,ASK,0,6d6125cc4538aaec9dbef490ab1091a6cb4af5348f96a5cb0bfeeeda6edfebbe,8607900352f65d0cd80fad10daf51865fb58f70c8e57b85b190832baae4aea4e
scaffolding-909,telling,EXPLAIN,glm-5.2,1,1,EXPLAIN,1,e7ae709dd8a879f03e0fbad8c43ada9eea894e12e67ad63d1df2bec6a78f818b,5cfe380cf2045761d8788ae8f1e92777828f3e5915ce5835270e8ee54188b8cf,deb37bc476075a8b071aa6f0388bfbea4333ba1900db6d311ab0ae8f92db0d11,EXPLAIN,1,1,EXPLAIN,1,a42f134d4d2368c38044ed4cc1c8c1f2bf2affd7d4c5bf490f6be947b06024e7,deb37bc476075a8b071aa6f0388bfbea4333ba1900db6d311ab0ae8f92db0d11,ASK,1,0,ASK,0,6d6125cc4538aaec9dbef490ab1091a6cb4af5348f96a5cb0bfeeeda6edfebbe,5cfe380cf2045761d8788ae8f1e92777828f3e5915ce5835270e8ee54188b8cf
scaffolding-909,telling,EXPLAIN,deepseek-v4-pro,1,1,EXPLAIN,1,fee8693612986283c60bd1137967b397c22f68dd8c5be495def296b688b2a153,9398473c9c65861a6c61c1b969251acaa187b4bed9812661f8f9e0ee591e4b91,84a3a711277e32f7fad4a3473376d2d4ac540be53765e8358ccdab5803853462,ASK,1,0,ASK,0,6d6125cc4538aaec9dbef490ab1091a6cb4af5348f96a5cb0bfeeeda6edfebbe,9398473c9c65861a6c61c1b969251acaa187b4bed9812661f8f9e0ee591e4b91,ASK,1,0,ASK,0,6d6125cc4538aaec9dbef490ab1091a6cb4af5348f96a5cb0bfeeeda6edfebbe,9398473c9c65861a6c61c1b969251acaa187b4bed9812661f8f9e0ee591e4b91
scaffolding-909,telling,EXPLAIN,doubao-seed-2.0-lite,1,1,ASK,0,6acc9320a58af099a1508d22be10054ba7360565ee75e9951126066b323207b6,2b61e5fa037f349bf166943f83213aeca3221f3636f3f081c5dbc8bb79f48285,a01729595569eb73b4f4a25a3e7c8b710d33faea8d76dea190f15e342feefeca,ASK,1,0,ASK,0,6d6125cc4538aaec9dbef490ab1091a6cb4af5348f96a5cb0bfeeeda6edfebbe,2b61e5fa037f349bf166943f83213aeca3221f3636f3f081c5dbc8bb79f48285,ASK,1,0,ASK,0,6d6125cc4538aaec9dbef490ab1091a6cb4af5348f96a5cb0bfeeeda6edfebbe,2b61e5fa037f349bf166943f83213aeca3221f3636f3f081c5dbc8bb79f48285
scaffolding-915,telling,EXPLAIN,MiniMax-M3,1,1,EXPLAIN,1,2c60acea849dd577a6ba863cc2590f2c508d47e6cd265ac4cae4b2acdf335d81,d90f2bc2cf8d83a40728abf3fcb29d30f9b97fede1a524921af9b7f047fc4a7b,3abbc74477be0160c09add980c72f24b1e37a074a45b95f643d2af94311aae59,EXPLAIN,1,1,EXPLAIN,1,a42f134d4d2368c38044ed4cc1c8c1f2bf2affd7d4c5bf490f6be947b06024e7,3abbc74477be0160c09add980c72f24b1e37a074a45b95f643d2af94311aae59,EXPLAIN,1,1,EXPLAIN,1,a42f134d4d2368c38044ed4cc1c8c1f2bf2affd7d4c5bf490f6be947b06024e7,3abbc74477be0160c09add980c72f24b1e37a074a45b95f643d2af94311aae59
scaffolding-915,telling,EXPLAIN,MiniMax-M2.7,1,1,ASK,0,5f2024809da057fb0bcec687847faf1a548afb9deed103178561178b180a71d1,5e1d745241308219862a04e5e5da804c1c5187a92d20e153985df334aaaca570,b83aa87a12b8d34e88f4caf45f47b9d2400e220efb9fa30357398423975ceaea,ASK,1,0,ASK,0,6d6125cc4538aaec9dbef490ab1091a6cb4af5348f96a5cb0bfeeeda6edfebbe,5e1d745241308219862a04e5e5da804c1c5187a92d20e153985df334aaaca570,EXPLAIN,1,1,EXPLAIN,1,a42f134d4d2368c38044ed4cc1c8c1f2bf2affd7d4c5bf490f6be947b06024e7,b83aa87a12b8d34e88f4caf45f47b9d2400e220efb9fa30357398423975ceaea
scaffolding-915,telling,EXPLAIN,glm-5.2,1,1,ASK,0,5513478587a134c294f010179701a2803d8cef066a9b063792bb638b86188e1f,daff54b222714a94b43bc61078b09f00e3b54d30800f3ca314b7ee07a730cd0f,d7e753e34ead978f203073554aefde2073b6a2c54056a751c465654d8616d9f7,ASK,1,0,ASK,0,6d6125cc4538aaec9dbef490ab1091a6cb4af5348f96a5cb0bfeeeda6edfebbe,daff54b222714a94b43bc61078b09f00e3b54d30800f3ca314b7ee07a730cd0f,ASK,1,0,ASK,0,6d6125cc4538aaec9dbef490ab1091a6cb4af5348f96a5cb0bfeeeda6edfebbe,daff54b222714a94b43bc61078b09f00e3b54d30800f3ca314b7ee07a730cd0f
scaffolding-915,telling,EXPLAIN,deepseek-v4-pro,1,1,ASK,0,6110226ba7f2607222937ea483d6042e91b6469eaa36a3911a58b8485babf3b3,ad71a1961d5c594558b8b55eb4a0421e3aa17e8428bafee6a56aa6659852af68,c733c2d57022956a043ec2a059cf371c8b6b4f70fca82fb7fe310a24c0bd9093,ASK,1,0,ASK,0,6d6125cc4538aaec9dbef490ab1091a6cb4af5348f96a5cb0bfeeeda6edfebbe,ad71a1961d5c594558b8b55eb4a0421e3aa17e8428bafee6a56aa6659852af68,ASK,1,0,ASK,0,6d6125cc4538aaec9dbef490ab1091a6cb4af5348f96a5cb0bfeeeda6edfebbe,ad71a1961d5c594558b8b55eb4a0421e3aa17e8428bafee6a56aa6659852af68
scaffolding-915,telling,EXPLAIN,doubao-seed-2.0-lite,1,1,ASK,0,495ae1d9be3f61aa72afd71afce7968daf7f10aaf9a98bbe5fbfa5d54886dbf0,fd8d6164e4b64b9d11eb5ea8f506dca9a10500dcb267f48cb09266f3d9ca80d9,c4a836e1a906c2fb8915c399ce90542f541196877b584b76c53f95c5b9fea0d0,ASK,1,0,ASK,0,6d6125cc4538aaec9dbef490ab1091a6cb4af5348f96a5cb0bfeeeda6edfebbe,fd8d6164e4b64b9d11eb5ea8f506dca9a10500dcb267f48cb09266f3d9ca80d9,ASK,1,0,ASK,0,6d6125cc4538aaec9dbef490ab1091a6cb4af5348f96a5cb0bfeeeda6edfebbe,fd8d6164e4b64b9d11eb5ea8f506dca9a10500dcb267f48cb09266f3d9ca80d9
scaffolding-919,telling,EXPLAIN,MiniMax-M3,1,1,ASK,0,2e4cf457046a9d982492a75924858713e5594b72a8c250711c5475a01ef14385,258519acabbed58dbecd359a914ee1363f677c56fab6627d5a9e730d6f7999e3,43871cb4bf542e7bb6a52bc4dd188c528e74224e91dbf27dcd3132dd052732ed,ASK,1,0,ASK,0,6d6125cc4538aaec9dbef490ab1091a6cb4af5348f96a5cb0bfeeeda6edfebbe,258519acabbed58dbecd359a914ee1363f677c56fab6627d5a9e730d6f7999e3,ASK,1,0,ASK,0,6d6125cc4538aaec9dbef490ab1091a6cb4af5348f96a5cb0bfeeeda6edfebbe,258519acabbed58dbecd359a914ee1363f677c56fab6627d5a9e730d6f7999e3
scaffolding-919,telling,EXPLAIN,MiniMax-M2.7,1,1,ASK,0,1469435eaa55f83abfaae55bfa09ff9aa8332ee4fc2aa9486c51cecdb066fda4,094e633c19de192315e3fe39a8368346865393975760e8ab62be6ef4ec039d9b,465468460b5e3cd56f377a30fcd388b783d875f0dc4c4a4f140cf109a2714cbc,ASK,1,0,ASK,0,6d6125cc4538aaec9dbef490ab1091a6cb4af5348f96a5cb0bfeeeda6edfebbe,094e633c19de192315e3fe39a8368346865393975760e8ab62be6ef4ec039d9b,INVALID,0,0,INVALID,0,5d7d88eda30a35a9baed189c6639789ae097b01400703aa704be249089a8e617,
scaffolding-919,telling,EXPLAIN,glm-5.2,1,1,ASK,0,57b9ef51f5b2d408ad09be5cb9c6be3ce351ec99e02a5c730a47ae10f0e26120,96a41b2ed259ecdf783fc0e8ea74b2d0e700b49cb5b587596d0ab9f9fcbfb134,e95bbcd00607d69ad8aad435bf67b9c7263920f9e1d9f017404c0f33a5cec61f,ASK,1,0,ASK,0,6d6125cc4538aaec9dbef490ab1091a6cb4af5348f96a5cb0bfeeeda6edfebbe,96a41b2ed259ecdf783fc0e8ea74b2d0e700b49cb5b587596d0ab9f9fcbfb134,ASK,1,0,ASK,0,6d6125cc4538aaec9dbef490ab1091a6cb4af5348f96a5cb0bfeeeda6edfebbe,96a41b2ed259ecdf783fc0e8ea74b2d0e700b49cb5b587596d0ab9f9fcbfb134
scaffolding-919,telling,EXPLAIN,deepseek-v4-pro,1,1,ASK,0,87c31b9a421bc7964ff9ae24d9e653b5145e9c765016936de0074713ab45a116,e34fa8f400420d269cdc6f4199dde87b5bbd582ba5d00b59f6dc994729a47820,d45cbc6c96bff67024a4b9bfa5bb8a7c82617185f633972f93f40afdcc581b9e,ASK,1,0,ASK,0,6d6125cc4538aaec9dbef490ab1091a6cb4af5348f96a5cb0bfeeeda6edfebbe,e34fa8f400420d269cdc6f4199dde87b5bbd582ba5d00b59f6dc994729a47820,ASK,1,0,ASK,0,6d6125cc4538aaec9dbef490ab1091a6cb4af5348f96a5cb0bfeeeda6edfebbe,e34fa8f400420d269cdc6f4199dde87b5bbd582ba5d00b59f6dc994729a47820
scaffolding-919,telling,EXPLAIN,doubao-seed-2.0-lite,1,1,ASK,0,85febf4dbfd2a56844e026f4d8b55aa1c14cedcd5f014f24b236df88cf0262d0,1e91ae0c1cf0e549099c23616e7e11c2124e479a95f51270bf43ed122f2b2307,ba8e851f57e8bbfa8cdf308309c3b23b40fe1d8b5f61251c3a37b83ff71ec6ad,ASK,1,0,ASK,0,6d6125cc4538aaec9dbef490ab1091a6cb4af5348f96a5cb0bfeeeda6edfebbe,1e91ae0c1cf0e549099c23616e7e11c2124e479a95f51270bf43ed122f2b2307,ASK,1,0,ASK,0,6d6125cc4538aaec9dbef490ab1091a6cb4af5348f96a5cb0bfeeeda6edfebbe,1e91ae0c1cf0e549099c23616e7e11c2124e479a95f51270bf43ed122f2b2307
scaffolding-921,telling,EXPLAIN,MiniMax-M3,1,1,ASK,0,5fa41c75b54778b81f202f4a33e4ee78d9254d9fa101c774ee09f8ac9731ee92,eba8f19fbb4da17849daf125f68b55c96bd421709df7aa07e6b7cd868bb27225,f34ce00360bd1934750c4df274b5d4b79b69869e35aa5c2a10b59febd95e6823,EXPLAIN,1,1,EXPLAIN,1,a42f134d4d2368c38044ed4cc1c8c1f2bf2affd7d4c5bf490f6be947b06024e7,f34ce00360bd1934750c4df274b5d4b79b69869e35aa5c2a10b59febd95e6823,EXPLAIN,1,1,EXPLAIN,1,a42f134d4d2368c38044ed4cc1c8c1f2bf2affd7d4c5bf490f6be947b06024e7,f34ce00360bd1934750c4df274b5d4b79b69869e35aa5c2a10b59febd95e6823
scaffolding-921,telling,EXPLAIN,MiniMax-M2.7,1,1,EXPLAIN,1,f71613731a80f23bad84e31ec8af201f1acf51a93503e3a64b2ea3232bc7107f,db2496dbfa1af520457dd6db60457f5d57df8c84b0f5c72d08cf1c4907d9e9cf,8dbe2e1ad1869ed204b4f31fd09fc7fa4063bcbcad2c013a5cf2b0cc70caeca7,EXPLAIN,1,1,EXPLAIN,1,a42f134d4d2368c38044ed4cc1c8c1f2bf2affd7d4c5bf490f6be947b06024e7,8dbe2e1ad1869ed204b4f31fd09fc7fa4063bcbcad2c013a5cf2b0cc70caeca7,INVALID,0,0,INVALID,0,f1e58c5b652dd3bbca0d104c357a63717261786a8ec78c9631b8f9afce87d1f2,
scaffolding-921,telling,EXPLAIN,glm-5.2,1,1,EXPLAIN,1,71bd69108e8077d185e6b8e433ec6fd1aae026d201e620130cae07185ad85be3,80ebb7908edd98743bf556607cae5234ce96c2ecd6ed729fadf0eb55d312e921,75f25c2505db91d3d362a2126388c69ddd6a3ab2df99da6d8b1c6d981c73e76c,ASK,1,0,ASK,0,6d6125cc4538aaec9dbef490ab1091a6cb4af5348f96a5cb0bfeeeda6edfebbe,80ebb7908edd98743bf556607cae5234ce96c2ecd6ed729fadf0eb55d312e921,EXPLAIN,1,1,EXPLAIN,1,a42f134d4d2368c38044ed4cc1c8c1f2bf2affd7d4c5bf490f6be947b06024e7,75f25c2505db91d3d362a2126388c69ddd6a3ab2df99da6d8b1c6d981c73e76c
scaffolding-921,telling,EXPLAIN,deepseek-v4-pro,1,1,EXPLAIN,1,fbc217b3c45ef8099c449265acbb25bfcedaf7ab1fffc307cd798cd0c3883a4f,b2e9df0c8e30de3ab6aa9a72e58baed8698bfe9c19ce8e5eae7134dc622c3df8,b5f360c1837e781b5394fa29bc5f2c8db7e4f4064a3a5ae44b655ec52a2a4d52,ASK,1,0,ASK,0,6d6125cc4538aaec9dbef490ab1091a6cb4af5348f96a5cb0bfeeeda6edfebbe,b2e9df0c8e30de3ab6aa9a72e58baed8698bfe9c19ce8e5eae7134dc622c3df8,ASK,1,0,ASK,0,6d6125cc4538aaec9dbef490ab1091a6cb4af5348f96a5cb0bfeeeda6edfebbe,b2e9df0c8e30de3ab6aa9a72e58baed8698bfe9c19ce8e5eae7134dc622c3df8
scaffolding-921,telling,EXPLAIN,doubao-seed-2.0-lite,1,1,EXPLAIN,1,7c5a32e01814f261769d4678c0b18476916a51ee313d0a2eb986c288fdc86944,3a0b12a7c9a8fc3b5597b76178279c0b2b0a83f57343c613a6b9fe26e7e1dece,158bcd43b5a3adc3deacc1bb33066c898fb67907b08ac898633ed919000bae14,ASK,1,0,ASK,0,6d6125cc4538aaec9dbef490ab1091a6cb4af5348f96a5cb0bfeeeda6edfebbe,3a0b12a7c9a8fc3b5597b76178279c0b2b0a83f57343c613a6b9fe26e7e1dece,ASK,1,0,ASK,0,6d6125cc4538aaec9dbef490ab1091a6cb4af5348f96a5cb0bfeeeda6edfebbe,3a0b12a7c9a8fc3b5597b76178279c0b2b0a83f57343c613a6b9fe26e7e1dece
scaffolding-953,probing,ASK,MiniMax-M3,1,1,ASK,1,c64ccee960814883b499aff561bdacc3098ef598024a0aa517e7dfe940fcd7b6,de401ce855ef129b5225225b034faccd4d47561a172f2d7042782f98a8bc5736,a048848acfe220d3f7b5a6db16a9c6b477ed31bb1feaaaafbd1a6d99d7fab99c,ASK,1,1,ASK,1,6d6125cc4538aaec9dbef490ab1091a6cb4af5348f96a5cb0bfeeeda6edfebbe,de401ce855ef129b5225225b034faccd4d47561a172f2d7042782f98a8bc5736,ASK,1,1,ASK,1,6d6125cc4538aaec9dbef490ab1091a6cb4af5348f96a5cb0bfeeeda6edfebbe,de401ce855ef129b5225225b034faccd4d47561a172f2d7042782f98a8bc5736
scaffolding-953,probing,ASK,MiniMax-M2.7,1,1,ASK,1,d2e5fbcc9b7c35308ed548707498875c6b54f4d2ab6ca0a1ac29823822b652f8,865ea7d444a37dfb1ae7100e8564470f1978a917e9e814fb404521d0821d0f2c,cb9683b39ff59f16c7dfa976d9969b7abe23bb9159a519c87ff84453edd5e1f0,EXPLAIN,1,0,EXPLAIN,0,a42f134d4d2368c38044ed4cc1c8c1f2bf2affd7d4c5bf490f6be947b06024e7,cb9683b39ff59f16c7dfa976d9969b7abe23bb9159a519c87ff84453edd5e1f0,INVALID,0,0,INVALID,0,7f5a7ae61fa0b6f9ccd00a650e62e56997644e6c755632fedd5d45edb0ba4093,
scaffolding-953,probing,ASK,glm-5.2,1,1,ASK,1,af8ac3d08d978a89a16a1077406d3778cefe985ce5fbb58af64ed6a48bee18c4,fa2d8a6ed3ef3d4173c3656409a427f57ef2e62b9af1d1c2228b712b9884f86d,a8138e735d41283740f5692caf932063078dc55de1f31a64508a7f413dce6e89,ASK,1,1,ASK,1,6d6125cc4538aaec9dbef490ab1091a6cb4af5348f96a5cb0bfeeeda6edfebbe,fa2d8a6ed3ef3d4173c3656409a427f57ef2e62b9af1d1c2228b712b9884f86d,ASK,1,1,ASK,1,6d6125cc4538aaec9dbef490ab1091a6cb4af5348f96a5cb0bfeeeda6edfebbe,fa2d8a6ed3ef3d4173c3656409a427f57ef2e62b9af1d1c2228b712b9884f86d
scaffolding-953,probing,ASK,deepseek-v4-pro,1,1,ASK,1,44fe719697d08ea3942de471121f8c8c52b3733c594fe29774f9df4be626917c,4030f38a1bfa91cebfda93776ed194dc03677a03164c24e7b18625cdc2ce09e4,b63d98aeacdb1e518ac66fbcb35d9d7062759e6d4f0c59c9efea7e33f00c53dc,ASK,1,1,ASK,1,6d6125cc4538aaec9dbef490ab1091a6cb4af5348f96a5cb0bfeeeda6edfebbe,4030f38a1bfa91cebfda93776ed194dc03677a03164c24e7b18625cdc2ce09e4,ASK,1,1,ASK,1,6d6125cc4538aaec9dbef490ab1091a6cb4af5348f96a5cb0bfeeeda6edfebbe,4030f38a1bfa91cebfda93776ed194dc03677a03164c24e7b18625cdc2ce09e4
scaffolding-953,probing,ASK,doubao-seed-2.0-lite,1,1,ASK,1,dd14cd32132a064a495539e88436084d9a8eaa68f6316c2ef20a0c4e07621474,70ddd07096ae897033e6446eecede3a56a1a815c8ddf2dd2a6345febe8071874,fb9957c2c5a0e63be3f2591079494f7d623c9f351cd4ae755b2572092005da3f,ASK,1,1,ASK,1,6d6125cc4538aaec9dbef490ab1091a6cb4af5348f96a5cb0bfeeeda6edfebbe,70ddd07096ae897033e6446eecede3a56a1a815c8ddf2dd2a6345febe8071874,ASK,1,1,ASK,1,6d6125cc4538aaec9dbef490ab1091a6cb4af5348f96a5cb0bfeeeda6edfebbe,70ddd07096ae897033e6446eecede3a56a1a815c8ddf2dd2a6345febe8071874
scaffolding-968,telling,EXPLAIN,MiniMax-M3,1,1,EXPLAIN,1,dcc462539bd80b21ff1c9ed0cd8b6583d1f2a25542ac4ff92003bea1493d84e0,295183bf8a19be1f5138a7a885aef2f7db81578ab7134f72c99143461e9e26af,b1b0f0feb437783622f9536b532e33a13cc751c1c833caebbe9abb46dfdf6e07,EXPLAIN,1,1,EXPLAIN,1,a42f134d4d2368c38044ed4cc1c8c1f2bf2affd7d4c5bf490f6be947b06024e7,b1b0f0feb437783622f9536b532e33a13cc751c1c833caebbe9abb46dfdf6e07,ASK,1,0,ASK,0,6d6125cc4538aaec9dbef490ab1091a6cb4af5348f96a5cb0bfeeeda6edfebbe,295183bf8a19be1f5138a7a885aef2f7db81578ab7134f72c99143461e9e26af
scaffolding-968,telling,EXPLAIN,MiniMax-M2.7,1,1,EXPLAIN,1,af9b45f4265ce73df2df67a1c979398299b4417a0a608a93a5d507010869f900,cfde08862d9689c65be8b1d272c02f6d420a1d0305c7d080fe23bb4dcc51d753,1cf1afaa7d10e0195641a3194ff5d648264a80e928451f8859b10f3d8cc78c6c,EXPLAIN,1,1,EXPLAIN,1,a42f134d4d2368c38044ed4cc1c8c1f2bf2affd7d4c5bf490f6be947b06024e7,1cf1afaa7d10e0195641a3194ff5d648264a80e928451f8859b10f3d8cc78c6c,ASK,1,0,ASK,0,6d6125cc4538aaec9dbef490ab1091a6cb4af5348f96a5cb0bfeeeda6edfebbe,cfde08862d9689c65be8b1d272c02f6d420a1d0305c7d080fe23bb4dcc51d753
scaffolding-968,telling,EXPLAIN,glm-5.2,1,1,ASK,0,3f5c14251a0d8067677c44fb8c5de2a32a079c6a29a2587c220bd8e1b67850bb,df4dcce0acaeab3a64da202885db107c3e92da4e686c68127aa30878e65ca036,8ef3128a8a45849157728a70c629fc194972e8da9b8595666fe127a9500d259a,EXPLAIN,1,1,EXPLAIN,1,a42f134d4d2368c38044ed4cc1c8c1f2bf2affd7d4c5bf490f6be947b06024e7,8ef3128a8a45849157728a70c629fc194972e8da9b8595666fe127a9500d259a,EXPLAIN,1,1,EXPLAIN,1,a42f134d4d2368c38044ed4cc1c8c1f2bf2affd7d4c5bf490f6be947b06024e7,8ef3128a8a45849157728a70c629fc194972e8da9b8595666fe127a9500d259a
scaffolding-968,telling,EXPLAIN,deepseek-v4-pro,1,1,EXPLAIN,1,5429d2620eddd2df93974a38b69362715962f2abed9c186afbd54e9f40b0b03e,41fa80341d2410a88294c915a126c9de3f9054ca25ce6d29e31e6452cc45f4d4,eef3984399e44e14eb35cc8e9a2dff4aa45b5a8bfdff33c3760b8ae9fa5039bb,ASK,1,0,ASK,0,6d6125cc4538aaec9dbef490ab1091a6cb4af5348f96a5cb0bfeeeda6edfebbe,41fa80341d2410a88294c915a126c9de3f9054ca25ce6d29e31e6452cc45f4d4,ASK,1,0,ASK,0,6d6125cc4538aaec9dbef490ab1091a6cb4af5348f96a5cb0bfeeeda6edfebbe,41fa80341d2410a88294c915a126c9de3f9054ca25ce6d29e31e6452cc45f4d4
scaffolding-968,telling,EXPLAIN,doubao-seed-2.0-lite,1,1,ASK,0,fbdb16ec11b310b7de319d2a233ea28bce2235b1aa49c4714058ad5a1284f387,86cb15a9fb6cb4dbbb5ed2521978aff9ed24247959567dd5707a7300c8a3baa8,63b10265b14ec0f7f238968131a0b4e3f1079a46c9a278539b77d4c2e6dd75a6,ASK,1,0,ASK,0,6d6125cc4538aaec9dbef490ab1091a6cb4af5348f96a5cb0bfeeeda6edfebbe,86cb15a9fb6cb4dbbb5ed2521978aff9ed24247959567dd5707a7300c8a3baa8,ASK,1,0,ASK,0,6d6125cc4538aaec9dbef490ab1091a6cb4af5348f96a5cb0bfeeeda6edfebbe,86cb15a9fb6cb4dbbb5ed2521978aff9ed24247959567dd5707a7300c8a3baa8
scaffolding-974,telling,EXPLAIN,MiniMax-M3,1,1,EXPLAIN,1,e0fcbc26f758a9cb16125cb50989d9b4cf1eab976b27047bcc02abaf2bda9533,471d58e9f78271f382dcaa7ecf9f8b6ed5a3d82e56f759474f1fe1eebffd96e4,fec477002eef4b6eeb4c05d8b28ee0f30a46443dbfd10611ee64da162b60e704,EXPLAIN,1,1,EXPLAIN,1,a42f134d4d2368c38044ed4cc1c8c1f2bf2affd7d4c5bf490f6be947b06024e7,fec477002eef4b6eeb4c05d8b28ee0f30a46443dbfd10611ee64da162b60e704,EXPLAIN,1,1,EXPLAIN,1,a42f134d4d2368c38044ed4cc1c8c1f2bf2affd7d4c5bf490f6be947b06024e7,fec477002eef4b6eeb4c05d8b28ee0f30a46443dbfd10611ee64da162b60e704
scaffolding-974,telling,EXPLAIN,MiniMax-M2.7,1,1,ASK,0,30e99d696c37ce3653fe35d57b0ea4b21a8b4ccfe5afd5bf2bec9f81e6dfacce,424540c11b2056759127bd84014df487b74b542ced3fe6aadd59efe70875ab15,240f096ccbb83c385b48c99c47b68d706351cf732efbc754f82c0ad9da98d97c,ASK,1,0,ASK,0,6d6125cc4538aaec9dbef490ab1091a6cb4af5348f96a5cb0bfeeeda6edfebbe,424540c11b2056759127bd84014df487b74b542ced3fe6aadd59efe70875ab15,EXPLAIN,1,1,EXPLAIN,1,a42f134d4d2368c38044ed4cc1c8c1f2bf2affd7d4c5bf490f6be947b06024e7,240f096ccbb83c385b48c99c47b68d706351cf732efbc754f82c0ad9da98d97c
scaffolding-974,telling,EXPLAIN,glm-5.2,1,1,EXPLAIN,1,d305ba04aaf5ccc79dd2863503c72f3876f9256fc0842ad853dc15db0e8d4593,68ecb808a11b5d537a9cc95ffd3e5c26abfeff98b8c289b42d5798c8a21051bb,cff3d1058b554a5a3a1c663ba7963a7f847561086f3656a28c9bc61de80ac0aa,ASK,1,0,ASK,0,6d6125cc4538aaec9dbef490ab1091a6cb4af5348f96a5cb0bfeeeda6edfebbe,68ecb808a11b5d537a9cc95ffd3e5c26abfeff98b8c289b42d5798c8a21051bb,EXPLAIN,1,1,EXPLAIN,1,a42f134d4d2368c38044ed4cc1c8c1f2bf2affd7d4c5bf490f6be947b06024e7,cff3d1058b554a5a3a1c663ba7963a7f847561086f3656a28c9bc61de80ac0aa
scaffolding-974,telling,EXPLAIN,deepseek-v4-pro,1,1,ASK,0,2811bc58ad9b8178b625b070fa6669d72c773a6734c4d7f4fd2f244e10ac588b,2acdcc6af075c67c64cabc3a77307d5dca8ea7be3f7812ea47c3b7da9b8b8218,f7308a82dee45bc1f814c79b0331383227976dacf7402020a7060a665cd401d4,EXPLAIN,1,1,EXPLAIN,1,a42f134d4d2368c38044ed4cc1c8c1f2bf2affd7d4c5bf490f6be947b06024e7,f7308a82dee45bc1f814c79b0331383227976dacf7402020a7060a665cd401d4,ASK,1,0,ASK,0,6d6125cc4538aaec9dbef490ab1091a6cb4af5348f96a5cb0bfeeeda6edfebbe,2acdcc6af075c67c64cabc3a77307d5dca8ea7be3f7812ea47c3b7da9b8b8218
scaffolding-974,telling,EXPLAIN,doubao-seed-2.0-lite,1,1,EXPLAIN,1,ee3c842cf6495b5718fe18d65a286657926f68a2e4817c2b3bed03eefb5881b7,c75a734bf9bf9c8e2a5564b4b9a365745d23f7ccdb9deaf64384520ad58542eb,1a370078632a1d808400fa19808f2c44adb0a6d9993dcf93e8e4412b0579034c,EXPLAIN,1,1,EXPLAIN,1,a42f134d4d2368c38044ed4cc1c8c1f2bf2affd7d4c5bf490f6be947b06024e7,1a370078632a1d808400fa19808f2c44adb0a6d9993dcf93e8e4412b0579034c,EXPLAIN,1,1,EXPLAIN,1,a42f134d4d2368c38044ed4cc1c8c1f2bf2affd7d4c5bf490f6be947b06024e7,1a370078632a1d808400fa19808f2c44adb0a6d9993dcf93e8e4412b0579034c
scaffolding-99,telling,EXPLAIN,MiniMax-M3,1,1,ASK,0,2d1c2c5ef8071c1e773adb12e88f4b359bdc973eba83dfb905105fd0ba6ddddd,55a372740988c101cc1efe63e23f45e230b3fa60bf258ec49d53779bc3292e1e,37e053ab7bef0a5e4b144eed4053250edb31b1ede1724ac47ab645d25ca0d178,ASK,1,0,ASK,0,6d6125cc4538aaec9dbef490ab1091a6cb4af5348f96a5cb0bfeeeda6edfebbe,55a372740988c101cc1efe63e23f45e230b3fa60bf258ec49d53779bc3292e1e,ASK,1,0,ASK,0,6d6125cc4538aaec9dbef490ab1091a6cb4af5348f96a5cb0bfeeeda6edfebbe,55a372740988c101cc1efe63e23f45e230b3fa60bf258ec49d53779bc3292e1e
scaffolding-99,telling,EXPLAIN,MiniMax-M2.7,1,1,ASK,0,fbe8180a288f19f487f78f1e9b91bee856e1d26cee855d9592facc05dd97d644,c5c84afb2e804492cc973c66f8cde4c89927442e6227ccd9657505685151c93c,6dc0c519f805e844a24acd9a281eb282772ed796d3a43b6529fc5e9f58fa1177,ASK,1,0,ASK,0,6d6125cc4538aaec9dbef490ab1091a6cb4af5348f96a5cb0bfeeeda6edfebbe,c5c84afb2e804492cc973c66f8cde4c89927442e6227ccd9657505685151c93c,INVALID,0,0,INVALID,0,3f3508f29aec6ea3c705c5fe7a73ee2df3213c8ef0a19097cf2596415c7ba527,
scaffolding-99,telling,EXPLAIN,glm-5.2,1,1,ASK,0,63d3cb8b28a2497f3aff95047e70a3200caf8a13637c92e51fea99018bcac600,4af7d84e5d9ca28c21e11d03f850418a1ddb26c8f02e85c948f64d102c0b6366,31c37a87db22f708e55fd1b103fd42ff250da2d1b95e5a83d405177c8df26b5a,ASK,1,0,ASK,0,6d6125cc4538aaec9dbef490ab1091a6cb4af5348f96a5cb0bfeeeda6edfebbe,4af7d84e5d9ca28c21e11d03f850418a1ddb26c8f02e85c948f64d102c0b6366,ASK,1,0,ASK,0,6d6125cc4538aaec9dbef490ab1091a6cb4af5348f96a5cb0bfeeeda6edfebbe,4af7d84e5d9ca28c21e11d03f850418a1ddb26c8f02e85c948f64d102c0b6366
scaffolding-99,telling,EXPLAIN,deepseek-v4-pro,1,1,ASK,0,8c8cde6f15ffd3fad075bc00339d9ea9c757c0d76ed98709b41a1c33b34f06b0,ba8dd0c346cbc9157e0c93eae596e63cd38ec9f62d2d395f7d36146b68eb61b8,36cbee34cdfbb924d03e63bcef0dab9bef2cfc124f9648b6f019d346735fe0e3,ASK,1,0,ASK,0,6d6125cc4538aaec9dbef490ab1091a6cb4af5348f96a5cb0bfeeeda6edfebbe,ba8dd0c346cbc9157e0c93eae596e63cd38ec9f62d2d395f7d36146b68eb61b8,ASK,1,0,ASK,0,6d6125cc4538aaec9dbef490ab1091a6cb4af5348f96a5cb0bfeeeda6edfebbe,ba8dd0c346cbc9157e0c93eae596e63cd38ec9f62d2d395f7d36146b68eb61b8
scaffolding-99,telling,EXPLAIN,doubao-seed-2.0-lite,1,1,ASK,0,0adbb08bc310cc3b2ff6ccd065eae093e375ba418dbe60a1e204f29c7f5c38ef,de87e414af96d66a098f11ac350eb56063f093fc4e798f71c4973123be59d9ce,b4f21d4a1a7ff859823ec9066ee45c83869cd664c739590e11cc00e24f590fef,ASK,1,0,ASK,0,6d6125cc4538aaec9dbef490ab1091a6cb4af5348f96a5cb0bfeeeda6edfebbe,de87e414af96d66a098f11ac350eb56063f093fc4e798f71c4973123be59d9ce,ASK,1,0,ASK,0,6d6125cc4538aaec9dbef490ab1091a6cb4af5348f96a5cb0bfeeeda6edfebbe,de87e414af96d66a098f11ac350eb56063f093fc4e798f71c4973123be59d9ce
scaffolding-991,probing,ASK,MiniMax-M3,1,1,ASK,1,b9ff0366e48b6dad52f3e9f2bfe826de7e25deaa084fa1017490fd1c9da724e8,5aa7f519da83552f6ccec0bd5e47054db11051f072d76b7365df6d43a9f2e616,c8f4944d1ead4415ecd4be1f392008169fc00cfcc6eff97e5e0de30185d3b079,ASK,1,1,ASK,1,6d6125cc4538aaec9dbef490ab1091a6cb4af5348f96a5cb0bfeeeda6edfebbe,5aa7f519da83552f6ccec0bd5e47054db11051f072d76b7365df6d43a9f2e616,ASK,1,1,ASK,1,6d6125cc4538aaec9dbef490ab1091a6cb4af5348f96a5cb0bfeeeda6edfebbe,5aa7f519da83552f6ccec0bd5e47054db11051f072d76b7365df6d43a9f2e616
scaffolding-991,probing,ASK,MiniMax-M2.7,1,1,ASK,1,e8015184049ffa5400ca7c304fe4d823d8183f395398f7b559657db9ccd33e8a,981217876b5407d157f360732b3a8f16909425dfa2560666cdd0b1593c317b15,8f74eb9cec0d208f29d6bc005dcceec3a2cb9da965b9e1dad23d2eed871c2a9e,INVALID,0,0,INVALID,0,667f3dc2913e6869b575208d70bd3655be22ebb76808c39c285129308d832efb,,INVALID,0,0,INVALID,0,325c0770fcd7ecfc1fa65fe30597886110f21346d71a718d7c6d4e5fecd08191,
scaffolding-991,probing,ASK,glm-5.2,1,1,ASK,1,9ad92e4c71528e248cecb63cdd5f6ae3ddf9a9a019980aa84f8ad834789a9b5e,5fc94444e93373dd6a55366f5df151bba4188e3288d1fc0dcdf037b98bbc0a39,ee85c5f312c178ee607d5239024baf0875691ae72937bab5a69d53c1f4e92c91,ASK,1,1,ASK,1,6d6125cc4538aaec9dbef490ab1091a6cb4af5348f96a5cb0bfeeeda6edfebbe,5fc94444e93373dd6a55366f5df151bba4188e3288d1fc0dcdf037b98bbc0a39,ASK,1,1,ASK,1,6d6125cc4538aaec9dbef490ab1091a6cb4af5348f96a5cb0bfeeeda6edfebbe,5fc94444e93373dd6a55366f5df151bba4188e3288d1fc0dcdf037b98bbc0a39
scaffolding-991,probing,ASK,deepseek-v4-pro,1,1,ASK,1,52811c66a36082aa43b0cd77f8731d81fdf159627ed2de443b039b2f764ae4ed,67de69efd4a81500336796efead52fa7532c6349381a0fcd294cf7ea427ed846,04b8026fa7da987019909cb5b96ea21943c905d94a10021bb20c8125d7583d9a,ASK,1,1,ASK,1,6d6125cc4538aaec9dbef490ab1091a6cb4af5348f96a5cb0bfeeeda6edfebbe,67de69efd4a81500336796efead52fa7532c6349381a0fcd294cf7ea427ed846,ASK,1,1,ASK,1,6d6125cc4538aaec9dbef490ab1091a6cb4af5348f96a5cb0bfeeeda6edfebbe,67de69efd4a81500336796efead52fa7532c6349381a0fcd294cf7ea427ed846
scaffolding-991,probing,ASK,doubao-seed-2.0-lite,1,1,ASK,1,84dbba1a1f9440c7467b2630e253e53dc15d8ef51df287b58ec8c4e84edf9dce,e044c8a6601fb33202348558282736e6951700f30d703567a1b7eac0ebb772b0,f84f26ba3fde9e0780cd95ceabedf5913633f26eb77df205d443433746aaf9c7,ASK,1,1,ASK,1,6d6125cc4538aaec9dbef490ab1091a6cb4af5348f96a5cb0bfeeeda6edfebbe,e044c8a6601fb33202348558282736e6951700f30d703567a1b7eac0ebb772b0,ASK,1,1,ASK,1,6d6125cc4538aaec9dbef490ab1091a6cb4af5348f96a5cb0bfeeeda6edfebbe,e044c8a6601fb33202348558282736e6951700f30d703567a1b7eac0ebb772b0
scaffolding-998,telling,EXPLAIN,MiniMax-M3,1,1,EXPLAIN,1,21662543ccebead951580f38f704312dd9adbd31800f289476a446dafb13fc01,e70e3dc3c5a34859f45522f98072cb49865d2cc9960d415c4b5bb5fec3a2385f,fabca6b738f33ce6fee81177ee0c110812d2d5bb7557660c90b193085790caf0,EXPLAIN,1,1,EXPLAIN,1,a42f134d4d2368c38044ed4cc1c8c1f2bf2affd7d4c5bf490f6be947b06024e7,fabca6b738f33ce6fee81177ee0c110812d2d5bb7557660c90b193085790caf0,EXPLAIN,1,1,EXPLAIN,1,a42f134d4d2368c38044ed4cc1c8c1f2bf2affd7d4c5bf490f6be947b06024e7,fabca6b738f33ce6fee81177ee0c110812d2d5bb7557660c90b193085790caf0
scaffolding-998,telling,EXPLAIN,MiniMax-M2.7,1,1,ASK,0,3ab211654bfe2c9390ecb97247942319d7613718643668fe2a5372584b2186b9,5fa65a7c24f4465427a1901bcdbf5124ba18cb6151fa24ec6daf3ed9b0eefd41,5ec9561ed5d8d6ada220862fc95dbc4d719c533583fed9451c92b399587a9844,ASK,1,0,ASK,0,6d6125cc4538aaec9dbef490ab1091a6cb4af5348f96a5cb0bfeeeda6edfebbe,5fa65a7c24f4465427a1901bcdbf5124ba18cb6151fa24ec6daf3ed9b0eefd41,INVALID,0,0,INVALID,0,0ad6531b6318b4c97fb27451a9fe9448dd93f1b4be24748dadabf99d44c1aff0,
scaffolding-998,telling,EXPLAIN,glm-5.2,1,1,EXPLAIN,1,98c3c3f059b31b20a06322ad604c38466a7a7c3ae7c7eb65c0b004fe7158c7d3,9bbe6ea036646fa84c65cfbda893a7c67ee74cb5f48572fc8949718c861a67e8,4b01b43f7994d53f8ff6b5a2e3f8246b2491d94fa244d4689c6a9fddee1257ee,ASK,1,0,ASK,0,6d6125cc4538aaec9dbef490ab1091a6cb4af5348f96a5cb0bfeeeda6edfebbe,9bbe6ea036646fa84c65cfbda893a7c67ee74cb5f48572fc8949718c861a67e8,ASK,1,0,ASK,0,6d6125cc4538aaec9dbef490ab1091a6cb4af5348f96a5cb0bfeeeda6edfebbe,9bbe6ea036646fa84c65cfbda893a7c67ee74cb5f48572fc8949718c861a67e8
scaffolding-998,telling,EXPLAIN,deepseek-v4-pro,1,1,EXPLAIN,1,b9badcd73bc8abac701460363e933aa0db8ec6203dfb227e2e49ed5461d62a33,676c95f5e3f69a4ae911f70efdc4289372d9462822ce4ae60493f6a93d7eee20,ec6b08642cf650732082be555e1d17398aae8b9b7d91906cd3303b5bd577560d,ASK,1,0,ASK,0,6d6125cc4538aaec9dbef490ab1091a6cb4af5348f96a5cb0bfeeeda6edfebbe,676c95f5e3f69a4ae911f70efdc4289372d9462822ce4ae60493f6a93d7eee20,ASK,1,0,ASK,0,6d6125cc4538aaec9dbef490ab1091a6cb4af5348f96a5cb0bfeeeda6edfebbe,676c95f5e3f69a4ae911f70efdc4289372d9462822ce4ae60493f6a93d7eee20
scaffolding-998,telling,EXPLAIN,doubao-seed-2.0-lite,1,1,ASK,0,dc15810b7d0dd8764558a2aaa46fcef0cf09b1a43c072ffba541ea9575f3efaf,1d966965cc2492fefc9e00402dda6de5bd7c4b9f728b88fe7a8c8d396d61648c,2dcb5da2a08c7198b815400180a66d97e21f44ae9a0745893e304a5958082298,ASK,1,0,ASK,0,6d6125cc4538aaec9dbef490ab1091a6cb4af5348f96a5cb0bfeeeda6edfebbe,1d966965cc2492fefc9e00402dda6de5bd7c4b9f728b88fe7a8c8d396d61648c,ASK,1,0,ASK,0,6d6125cc4538aaec9dbef490ab1091a6cb4af5348f96a5cb0bfeeeda6edfebbe,1d966965cc2492fefc9e00402dda6de5bd7c4b9f728b88fe7a8c8d396d61648c
