{"base_ids": ["arithmetic_mean-01", "arithmetic_mean-05", "fraction_addition-01", "fraction_addition-05", "linear_equation-01", "linear_equation-05", "percentage_discount-01", "percentage_discount-05"], "base_problem_count": 8, "clause_position_counts": {"policy_0_position_0": 86, "policy_0_position_1": 84, "policy_0_position_2": 86, "policy_1_position_0": 86, "policy_1_position_1": 86, "policy_1_position_2": 84, "policy_2_position_0": 84, "policy_2_position_1": 86, "policy_2_position_2": 86}, "exact_32_stratum_block_balance": true, "expected_calls": 1280, "manifest_sha256": "24bae58887c9806bf2338635ad2be57c716e86ae6f66ad8c59bafbe0c4e79c4f", "model_count": 5, "order_plan_rows": 1280, "order_plan_sha256": "47f50c9cc662fe9554d7c33f04d3642d600ed9d433da5e8820949d918560c203", "original_clause_fragment_hits": {"Answer policy: Do not state the final numeric answer": 0, "Answer policy: State the correct numeric result explicitly": 0, "Interaction policy: Ask no questions": 0, "Interaction policy: Start with exactly one focused question": 0, "Tone policy: Include one brief sincere encouragement": 0, "Tone policy: Use neutral professional language": 0}, "payload_scope": "synthetic problems, wrong work, learner requests, and frozen paraphrased policy clauses only", "potential_pii_pattern_flags": {"email": 0, "phone_like": 0, "url": 0}, "prompt_hashes_unique": true, "sample_count": 256, "samples_per_wording_set": {"paraphrase_a": 128, "paraphrase_b": 128}, "schema_version": 1, "wording_sets": ["paraphrase_a", "paraphrase_b"]}
{"expected_calls": 1280, "models": ["MiniMax-M3", "MiniMax-M2.7", "glm-5.2", "deepseek-v4-pro", "doubao-seed-2.0-lite"], "order": "model-specific SHA-256 order in exact 32-stratum blocks", "payload": "synthetic contexts and frozen paraphrased policy clauses only", "samples": 256}
{"request_id": "paraphrase-v1|fraction_addition-05|explore|question_first|reveal|warm|paraphrase_b|MiniMax-M3", "queue_rank": 2, "wording_set": "paraphrase_b", "ok": true, "error": ""}
{"request_id": "paraphrase-v1|percentage_discount-05|explore|question_first|reveal|neutral|paraphrase_a|MiniMax-M3", "queue_rank": 1, "wording_set": "paraphrase_a", "ok": true, "error": ""}
{"request_id": "paraphrase-v1|arithmetic_mean-01|explore|explain_only|withhold|neutral|paraphrase_b|MiniMax-M3", "queue_rank": 3, "wording_set": "paraphrase_b", "ok": true, "error": ""}
{"request_id": "paraphrase-v1|linear_equation-01|explore|question_first|withhold|neutral|paraphrase_b|MiniMax-M3", "queue_rank": 0, "wording_set": "paraphrase_b", "ok": true, "error": ""}
{"request_id": "paraphrase-v1|linear_equation-01|direct|explain_only|withhold|neutral|paraphrase_a|MiniMax-M3", "queue_rank": 7, "wording_set": "paraphrase_a", "ok": true, "error": ""}
{"request_id": "paraphrase-v1|fraction_addition-01|explore|explain_only|reveal|neutral|paraphrase_b|MiniMax-M3", "queue_rank": 4, "wording_set": "paraphrase_b", "ok": true, "error": ""}
{"request_id": "paraphrase-v1|fraction_addition-01|explore|explain_only|withhold|warm|paraphrase_a|MiniMax-M3", "queue_rank": 6, "wording_set": "paraphrase_a", "ok": true, "error": ""}
{"request_id": "paraphrase-v1|percentage_discount-05|explore|question_first|withhold|neutral|paraphrase_a|MiniMax-M3", "queue_rank": 8, "wording_set": "paraphrase_a", "ok": true, "error": ""}
{"request_id": "paraphrase-v1|arithmetic_mean-05|direct|question_first|reveal|neutral|paraphrase_a|MiniMax-M3", "queue_rank": 9, "wording_set": "paraphrase_a", "ok": true, "error": ""}
{"request_id": "paraphrase-v1|arithmetic_mean-01|explore|question_first|reveal|warm|paraphrase_a|MiniMax-M3", "queue_rank": 5, "wording_set": "paraphrase_a", "ok": true, "error": ""}
{"request_id": "paraphrase-v1|fraction_addition-01|direct|explain_only|reveal|neutral|paraphrase_a|MiniMax-M3", "queue_rank": 10, "wording_set": "paraphrase_a", "ok": true, "error": ""}
{"request_id": "paraphrase-v1|percentage_discount-05|direct|explain_only|withhold|neutral|paraphrase_b|MiniMax-M3", "queue_rank": 11, "wording_set": "paraphrase_b", "ok": true, "error": ""}
{"request_id": "paraphrase-v1|linear_equation-01|direct|question_first|reveal|warm|paraphrase_a|MiniMax-M3", "queue_rank": 14, "wording_set": "paraphrase_a", "ok": true, "error": ""}
{"request_id": "paraphrase-v1|fraction_addition-01|explore|explain_only|reveal|warm|paraphrase_a|MiniMax-M3", "queue_rank": 12, "wording_set": "paraphrase_a", "ok": true, "error": ""}
{"request_id": "paraphrase-v1|fraction_addition-05|direct|explain_only|reveal|neutral|paraphrase_b|MiniMax-M3", "queue_rank": 16, "wording_set": "paraphrase_b", "ok": true, "error": ""}
{"request_id": "paraphrase-v1|linear_equation-05|explore|explain_only|withhold|neutral|paraphrase_a|MiniMax-M3", "queue_rank": 15, "wording_set": "paraphrase_a", "ok": true, "error": ""}
{"request_id": "paraphrase-v1|fraction_addition-01|direct|question_first|withhold|warm|paraphrase_a|MiniMax-M3", "queue_rank": 13, "wording_set": "paraphrase_a", "ok": true, "error": ""}
{"request_id": "paraphrase-v1|fraction_addition-05|direct|explain_only|reveal|warm|paraphrase_b|MiniMax-M3", "queue_rank": 17, "wording_set": "paraphrase_b", "ok": true, "error": ""}
{"request_id": "paraphrase-v1|percentage_discount-05|explore|question_first|withhold|warm|paraphrase_b|MiniMax-M3", "queue_rank": 18, "wording_set": "paraphrase_b", "ok": true, "error": ""}
{"request_id": "paraphrase-v1|percentage_discount-05|direct|question_first|reveal|warm|paraphrase_b|MiniMax-M3", "queue_rank": 19, "wording_set": "paraphrase_b", "ok": true, "error": ""}
{"request_id": "paraphrase-v1|percentage_discount-01|explore|explain_only|reveal|warm|paraphrase_b|MiniMax-M3", "queue_rank": 20, "wording_set": "paraphrase_b", "ok": true, "error": ""}
{"request_id": "paraphrase-v1|linear_equation-01|explore|question_first|withhold|warm|paraphrase_a|MiniMax-M3", "queue_rank": 21, "wording_set": "paraphrase_a", "ok": true, "error": ""}
{"request_id": "paraphrase-v1|fraction_addition-01|direct|question_first|withhold|neutral|paraphrase_b|MiniMax-M3", "queue_rank": 22, "wording_set": "paraphrase_b", "ok": true, "error": ""}
{"request_id": "paraphrase-v1|fraction_addition-05|explore|explain_only|reveal|neutral|paraphrase_a|MiniMax-M3", "queue_rank": 23, "wording_set": "paraphrase_a", "ok": true, "error": ""}
{"request_id": "paraphrase-v1|percentage_discount-05|direct|question_first|withhold|warm|paraphrase_b|MiniMax-M3", "queue_rank": 24, "wording_set": "paraphrase_b", "ok": true, "error": ""}
{"request_id": "paraphrase-v1|linear_equation-01|explore|explain_only|withhold|warm|paraphrase_b|MiniMax-M3", "queue_rank": 25, "wording_set": "paraphrase_b", "ok": true, "error": ""}
{"request_id": "paraphrase-v1|arithmetic_mean-05|direct|question_first|reveal|neutral|paraphrase_b|MiniMax-M3", "queue_rank": 27, "wording_set": "paraphrase_b", "ok": true, "error": ""}
{"request_id": "paraphrase-v1|fraction_addition-05|direct|explain_only|withhold|warm|paraphrase_b|MiniMax-M3", "queue_rank": 26, "wording_set": "paraphrase_b", "ok": true, "error": ""}
{"request_id": "paraphrase-v1|linear_equation-05|direct|question_first|withhold|neutral|paraphrase_a|MiniMax-M3", "queue_rank": 28, "wording_set": "paraphrase_a", "ok": true, "error": ""}
{"request_id": "paraphrase-v1|percentage_discount-01|direct|explain_only|reveal|warm|paraphrase_a|MiniMax-M3", "queue_rank": 31, "wording_set": "paraphrase_a", "ok": true, "error": ""}
{"request_id": "paraphrase-v1|percentage_discount-01|explore|question_first|reveal|neutral|paraphrase_b|MiniMax-M3", "queue_rank": 29, "wording_set": "paraphrase_b", "ok": true, "error": ""}
{"request_id": "paraphrase-v1|percentage_discount-05|direct|explain_only|reveal|neutral|paraphrase_a|MiniMax-M3", "queue_rank": 32, "wording_set": "paraphrase_a", "ok": true, "error": ""}
{"request_id": "paraphrase-v1|fraction_addition-05|explore|explain_only|withhold|neutral|paraphrase_a|MiniMax-M3", "queue_rank": 33, "wording_set": "paraphrase_a", "ok": true, "error": ""}
{"request_id": "paraphrase-v1|fraction_addition-05|direct|explain_only|withhold|warm|paraphrase_a|MiniMax-M3", "queue_rank": 30, "wording_set": "paraphrase_a", "ok": true, "error": ""}
{"request_id": "paraphrase-v1|percentage_discount-01|direct|question_first|reveal|neutral|paraphrase_b|MiniMax-M3", "queue_rank": 36, "wording_set": "paraphrase_b", "ok": true, "error": ""}
{"request_id": "paraphrase-v1|linear_equation-01|direct|question_first|withhold|neutral|paraphrase_a|MiniMax-M3", "queue_rank": 35, "wording_set": "paraphrase_a", "ok": true, "error": ""}
{"request_id": "paraphrase-v1|arithmetic_mean-01|explore|question_first|withhold|neutral|paraphrase_a|MiniMax-M3", "queue_rank": 37, "wording_set": "paraphrase_a", "ok": true, "error": ""}
{"request_id": "paraphrase-v1|fraction_addition-05|explore|question_first|reveal|warm|paraphrase_a|MiniMax-M3", "queue_rank": 34, "wording_set": "paraphrase_a", "ok": true, "error": ""}
{"request_id": "paraphrase-v1|percentage_discount-05|direct|explain_only|withhold|warm|paraphrase_a|MiniMax-M3", "queue_rank": 40, "wording_set": "paraphrase_a", "ok": true, "error": ""}
{"request_id": "paraphrase-v1|fraction_addition-01|direct|explain_only|reveal|warm|paraphrase_b|MiniMax-M3", "queue_rank": 39, "wording_set": "paraphrase_b", "ok": true, "error": ""}
{"request_id": "paraphrase-v1|linear_equation-01|direct|explain_only|withhold|neutral|paraphrase_b|MiniMax-M3", "queue_rank": 41, "wording_set": "paraphrase_b", "ok": true, "error": ""}
{"request_id": "paraphrase-v1|arithmetic_mean-01|explore|question_first|withhold|neutral|paraphrase_b|MiniMax-M3", "queue_rank": 43, "wording_set": "paraphrase_b", "ok": true, "error": ""}
{"request_id": "paraphrase-v1|linear_equation-05|explore|question_first|reveal|neutral|paraphrase_a|MiniMax-M3", "queue_rank": 42, "wording_set": "paraphrase_a", "ok": true, "error": ""}
{"request_id": "paraphrase-v1|linear_equation-05|direct|question_first|withhold|warm|paraphrase_a|MiniMax-M3", "queue_rank": 38, "wording_set": "paraphrase_a", "ok": true, "error": ""}
{"request_id": "paraphrase-v1|linear_equation-01|explore|explain_only|reveal|warm|paraphrase_a|MiniMax-M3", "queue_rank": 44, "wording_set": "paraphrase_a", "ok": true, "error": ""}
{"request_id": "paraphrase-v1|linear_equation-01|direct|question_first|withhold|warm|paraphrase_b|MiniMax-M3", "queue_rank": 46, "wording_set": "paraphrase_b", "ok": true, "error": ""}
{"request_id": "paraphrase-v1|fraction_addition-05|direct|question_first|withhold|neutral|paraphrase_b|MiniMax-M3", "queue_rank": 45, "wording_set": "paraphrase_b", "ok": true, "error": ""}
{"request_id": "paraphrase-v1|percentage_discount-05|explore|explain_only|withhold|warm|paraphrase_b|MiniMax-M3", "queue_rank": 47, "wording_set": "paraphrase_b", "ok": true, "error": ""}
{"request_id": "paraphrase-v1|fraction_addition-01|explore|question_first|reveal|neutral|paraphrase_b|MiniMax-M3", "queue_rank": 48, "wording_set": "paraphrase_b", "ok": true, "error": ""}
{"request_id": "paraphrase-v1|percentage_discount-05|direct|explain_only|reveal|warm|paraphrase_a|MiniMax-M3", "queue_rank": 50, "wording_set": "paraphrase_a", "ok": true, "error": ""}
{"request_id": "paraphrase-v1|linear_equation-01|direct|question_first|reveal|neutral|paraphrase_a|MiniMax-M3", "queue_rank": 51, "wording_set": "paraphrase_a", "ok": true, "error": ""}
{"request_id": "paraphrase-v1|percentage_discount-01|direct|question_first|reveal|warm|paraphrase_b|MiniMax-M3", "queue_rank": 54, "wording_set": "paraphrase_b", "ok": true, "error": ""}
{"request_id": "paraphrase-v1|arithmetic_mean-01|direct|explain_only|withhold|warm|paraphrase_b|MiniMax-M3", "queue_rank": 49, "wording_set": "paraphrase_b", "ok": true, "error": ""}
{"request_id": "paraphrase-v1|fraction_addition-01|explore|question_first|withhold|warm|paraphrase_b|MiniMax-M3", "queue_rank": 52, "wording_set": "paraphrase_b", "ok": true, "error": ""}
{"request_id": "paraphrase-v1|arithmetic_mean-01|explore|explain_only|withhold|warm|paraphrase_a|MiniMax-M3", "queue_rank": 53, "wording_set": "paraphrase_a", "ok": true, "error": ""}
{"request_id": "paraphrase-v1|linear_equation-01|direct|explain_only|reveal|neutral|paraphrase_b|MiniMax-M3", "queue_rank": 56, "wording_set": "paraphrase_b", "ok": true, "error": ""}
{"request_id": "paraphrase-v1|fraction_addition-01|direct|explain_only|withhold|neutral|paraphrase_a|MiniMax-M3", "queue_rank": 57, "wording_set": "paraphrase_a", "ok": true, "error": ""}
{"request_id": "paraphrase-v1|arithmetic_mean-01|direct|question_first|reveal|warm|paraphrase_a|MiniMax-M3", "queue_rank": 58, "wording_set": "paraphrase_a", "ok": true, "error": ""}
{"request_id": "paraphrase-v1|percentage_discount-05|explore|explain_only|withhold|neutral|paraphrase_b|MiniMax-M3", "queue_rank": 60, "wording_set": "paraphrase_b", "ok": true, "error": ""}
{"request_id": "paraphrase-v1|percentage_discount-01|explore|explain_only|reveal|neutral|paraphrase_b|MiniMax-M3", "queue_rank": 61, "wording_set": "paraphrase_b", "ok": true, "error": ""}
{"request_id": "paraphrase-v1|linear_equation-01|explore|explain_only|reveal|neutral|paraphrase_a|MiniMax-M3", "queue_rank": 59, "wording_set": "paraphrase_a", "ok": true, "error": ""}
{"request_id": "paraphrase-v1|percentage_discount-01|explore|question_first|withhold|warm|paraphrase_a|MiniMax-M3", "queue_rank": 63, "wording_set": "paraphrase_a", "ok": true, "error": ""}
{"request_id": "paraphrase-v1|linear_equation-01|explore|question_first|reveal|warm|paraphrase_b|MiniMax-M3", "queue_rank": 55, "wording_set": "paraphrase_b", "ok": true, "error": ""}
{"request_id": "paraphrase-v1|linear_equation-01|explore|explain_only|reveal|warm|paraphrase_b|MiniMax-M3", "queue_rank": 62, "wording_set": "paraphrase_b", "ok": true, "error": ""}
{"request_id": "paraphrase-v1|percentage_discount-01|explore|explain_only|reveal|neutral|paraphrase_a|MiniMax-M3", "queue_rank": 65, "wording_set": "paraphrase_a", "ok": true, "error": ""}
{"request_id": "paraphrase-v1|arithmetic_mean-01|direct|question_first|withhold|warm|paraphrase_a|MiniMax-M3", "queue_rank": 66, "wording_set": "paraphrase_a", "ok": true, "error": ""}
{"request_id": "paraphrase-v1|fraction_addition-05|explore|question_first|reveal|neutral|paraphrase_a|MiniMax-M3", "queue_rank": 64, "wording_set": "paraphrase_a", "ok": true, "error": ""}
{"request_id": "paraphrase-v1|linear_equation-01|explore|question_first|withhold|warm|paraphrase_b|MiniMax-M3", "queue_rank": 70, "wording_set": "paraphrase_b", "ok": true, "error": ""}
{"request_id": "paraphrase-v1|percentage_discount-05|direct|question_first|withhold|neutral|paraphrase_b|MiniMax-M3", "queue_rank": 69, "wording_set": "paraphrase_b", "ok": true, "error": ""}
{"request_id": "paraphrase-v1|percentage_discount-05|direct|question_first|withhold|neutral|paraphrase_a|MiniMax-M3", "queue_rank": 67, "wording_set": "paraphrase_a", "ok": true, "error": ""}
{"request_id": "paraphrase-v1|linear_equation-05|explore|question_first|withhold|warm|paraphrase_a|MiniMax-M3", "queue_rank": 68, "wording_set": "paraphrase_a", "ok": true, "error": ""}
{"request_id": "paraphrase-v1|arithmetic_mean-01|direct|explain_only|withhold|warm|paraphrase_a|MiniMax-M3", "queue_rank": 71, "wording_set": "paraphrase_a", "ok": true, "error": ""}
{"request_id": "paraphrase-v1|fraction_addition-01|explore|question_first|reveal|warm|paraphrase_b|MiniMax-M3", "queue_rank": 73, "wording_set": "paraphrase_b", "ok": true, "error": ""}
{"request_id": "paraphrase-v1|arithmetic_mean-01|direct|explain_only|reveal|neutral|paraphrase_a|MiniMax-M3", "queue_rank": 75, "wording_set": "paraphrase_a", "ok": true, "error": ""}
{"request_id": "paraphrase-v1|linear_equation-05|explore|explain_only|withhold|warm|paraphrase_a|MiniMax-M3", "queue_rank": 74, "wording_set": "paraphrase_a", "ok": true, "error": ""}
{"request_id": "paraphrase-v1|arithmetic_mean-01|direct|explain_only|reveal|warm|paraphrase_a|MiniMax-M3", "queue_rank": 78, "wording_set": "paraphrase_a", "ok": true, "error": ""}
{"request_id": "paraphrase-v1|fraction_addition-05|explore|question_first|withhold|neutral|paraphrase_a|MiniMax-M3", "queue_rank": 76, "wording_set": "paraphrase_a", "ok": true, "error": ""}
{"request_id": "paraphrase-v1|arithmetic_mean-05|explore|explain_only|reveal|neutral|paraphrase_b|MiniMax-M3", "queue_rank": 77, "wording_set": "paraphrase_b", "ok": true, "error": ""}
{"request_id": "paraphrase-v1|linear_equation-05|explore|question_first|withhold|neutral|paraphrase_b|MiniMax-M3", "queue_rank": 72, "wording_set": "paraphrase_b", "ok": true, "error": ""}
{"request_id": "paraphrase-v1|arithmetic_mean-05|direct|question_first|reveal|warm|paraphrase_b|MiniMax-M3", "queue_rank": 80, "wording_set": "paraphrase_b", "ok": true, "error": ""}
{"request_id": "paraphrase-v1|fraction_addition-01|direct|question_first|reveal|neutral|paraphrase_b|MiniMax-M3", "queue_rank": 81, "wording_set": "paraphrase_b", "ok": true, "error": ""}
{"request_id": "paraphrase-v1|fraction_addition-05|explore|explain_only|withhold|neutral|paraphrase_b|MiniMax-M3", "queue_rank": 82, "wording_set": "paraphrase_b", "ok": true, "error": ""}
{"request_id": "paraphrase-v1|fraction_addition-01|direct|explain_only|withhold|warm|paraphrase_b|MiniMax-M3", "queue_rank": 83, "wording_set": "paraphrase_b", "ok": true, "error": ""}
{"request_id": "paraphrase-v1|fraction_addition-05|direct|explain_only|withhold|neutral|paraphrase_a|MiniMax-M3", "queue_rank": 79, "wording_set": "paraphrase_a", "ok": true, "error": ""}
{"request_id": "paraphrase-v1|linear_equation-05|explore|explain_only|withhold|warm|paraphrase_b|MiniMax-M3", "queue_rank": 85, "wording_set": "paraphrase_b", "ok": true, "error": ""}
{"request_id": "paraphrase-v1|percentage_discount-05|explore|question_first|reveal|warm|paraphrase_a|MiniMax-M3", "queue_rank": 84, "wording_set": "paraphrase_a", "ok": true, "error": ""}
{"request_id": "paraphrase-v1|linear_equation-05|direct|explain_only|reveal|warm|paraphrase_b|MiniMax-M3", "queue_rank": 88, "wording_set": "paraphrase_b", "ok": true, "error": ""}
{"request_id": "paraphrase-v1|percentage_discount-01|direct|question_first|reveal|neutral|paraphrase_a|MiniMax-M3", "queue_rank": 87, "wording_set": "paraphrase_a", "ok": true, "error": ""}
{"request_id": "paraphrase-v1|percentage_discount-01|explore|explain_only|reveal|warm|paraphrase_a|MiniMax-M3", "queue_rank": 91, "wording_set": "paraphrase_a", "ok": true, "error": ""}
{"request_id": "paraphrase-v1|fraction_addition-05|explore|explain_only|reveal|warm|paraphrase_b|MiniMax-M3", "queue_rank": 90, "wording_set": "paraphrase_b", "ok": true, "error": ""}
{"request_id": "paraphrase-v1|fraction_addition-05|explore|question_first|reveal|neutral|paraphrase_b|MiniMax-M3", "queue_rank": 86, "wording_set": "paraphrase_b", "ok": true, "error": ""}
{"request_id": "paraphrase-v1|arithmetic_mean-01|direct|question_first|withhold|warm|paraphrase_b|MiniMax-M3", "queue_rank": 89, "wording_set": "paraphrase_b", "ok": true, "error": ""}
{"request_id": "paraphrase-v1|linear_equation-05|direct|question_first|reveal|warm|paraphrase_a|MiniMax-M3", "queue_rank": 92, "wording_set": "paraphrase_a", "ok": true, "error": ""}
{"request_id": "paraphrase-v1|arithmetic_mean-01|direct|explain_only|reveal|neutral|paraphrase_b|MiniMax-M3", "queue_rank": 93, "wording_set": "paraphrase_b", "ok": true, "error": ""}
{"request_id": "paraphrase-v1|linear_equation-05|direct|explain_only|withhold|neutral|paraphrase_b|MiniMax-M3", "queue_rank": 95, "wording_set": "paraphrase_b", "ok": true, "error": ""}
{"request_id": "paraphrase-v1|fraction_addition-01|explore|explain_only|withhold|neutral|paraphrase_a|MiniMax-M3", "queue_rank": 94, "wording_set": "paraphrase_a", "ok": true, "error": ""}
{"request_id": "paraphrase-v1|percentage_discount-01|explore|question_first|withhold|neutral|paraphrase_b|MiniMax-M3", "queue_rank": 97, "wording_set": "paraphrase_b", "ok": true, "error": ""}
{"request_id": "paraphrase-v1|percentage_discount-01|explore|explain_only|withhold|warm|paraphrase_b|MiniMax-M3", "queue_rank": 96, "wording_set": "paraphrase_b", "ok": true, "error": ""}
{"request_id": "paraphrase-v1|arithmetic_mean-05|direct|question_first|reveal|warm|paraphrase_a|MiniMax-M3", "queue_rank": 101, "wording_set": "paraphrase_a", "ok": true, "error": ""}
{"request_id": "paraphrase-v1|arithmetic_mean-01|explore|question_first|reveal|neutral|paraphrase_b|MiniMax-M3", "queue_rank": 98, "wording_set": "paraphrase_b", "ok": true, "error": ""}
{"request_id": "paraphrase-v1|percentage_discount-01|explore|question_first|withhold|warm|paraphrase_b|MiniMax-M3", "queue_rank": 100, "wording_set": "paraphrase_b", "ok": true, "error": ""}
{"request_id": "paraphrase-v1|linear_equation-01|direct|question_first|reveal|warm|paraphrase_b|MiniMax-M3", "queue_rank": 102, "wording_set": "paraphrase_b", "ok": true, "error": ""}
{"request_id": "paraphrase-v1|arithmetic_mean-05|explore|explain_only|reveal|warm|paraphrase_a|MiniMax-M3", "queue_rank": 99, "wording_set": "paraphrase_a", "ok": true, "error": ""}
{"request_id": "paraphrase-v1|percentage_discount-05|explore|explain_only|withhold|warm|paraphrase_a|MiniMax-M3", "queue_rank": 104, "wording_set": "paraphrase_a", "ok": true, "error": ""}
{"request_id": "paraphrase-v1|percentage_discount-01|direct|explain_only|withhold|neutral|paraphrase_a|MiniMax-M3", "queue_rank": 106, "wording_set": "paraphrase_a", "ok": true, "error": ""}
{"request_id": "paraphrase-v1|fraction_addition-01|explore|explain_only|reveal|neutral|paraphrase_a|MiniMax-M3", "queue_rank": 103, "wording_set": "paraphrase_a", "ok": true, "error": ""}
{"request_id": "paraphrase-v1|linear_equation-01|direct|explain_only|withhold|warm|paraphrase_a|MiniMax-M3", "queue_rank": 105, "wording_set": "paraphrase_a", "ok": true, "error": ""}
{"request_id": "paraphrase-v1|percentage_discount-05|direct|question_first|withhold|warm|paraphrase_a|MiniMax-M3", "queue_rank": 109, "wording_set": "paraphrase_a", "ok": true, "error": ""}
{"request_id": "paraphrase-v1|fraction_addition-01|direct|question_first|reveal|neutral|paraphrase_a|MiniMax-M3", "queue_rank": 107, "wording_set": "paraphrase_a", "ok": true, "error": ""}
{"request_id": "paraphrase-v1|arithmetic_mean-05|direct|explain_only|reveal|neutral|paraphrase_a|MiniMax-M3", "queue_rank": 110, "wording_set": "paraphrase_a", "ok": true, "error": ""}
{"request_id": "paraphrase-v1|linear_equation-01|explore|question_first|withhold|neutral|paraphrase_a|MiniMax-M3", "queue_rank": 108, "wording_set": "paraphrase_a", "ok": true, "error": ""}
{"request_id": "paraphrase-v1|arithmetic_mean-05|direct|question_first|withhold|neutral|paraphrase_a|MiniMax-M3", "queue_rank": 114, "wording_set": "paraphrase_a", "ok": true, "error": ""}
{"request_id": "paraphrase-v1|linear_equation-05|direct|explain_only|reveal|neutral|paraphrase_b|MiniMax-M3", "queue_rank": 111, "wording_set": "paraphrase_b", "ok": true, "error": ""}
{"request_id": "paraphrase-v1|percentage_discount-05|explore|explain_only|withhold|neutral|paraphrase_a|MiniMax-M3", "queue_rank": 112, "wording_set": "paraphrase_a", "ok": true, "error": ""}
{"request_id": "paraphrase-v1|arithmetic_mean-01|explore|explain_only|reveal|neutral|paraphrase_b|MiniMax-M3", "queue_rank": 113, "wording_set": "paraphrase_b", "ok": true, "error": ""}
{"request_id": "paraphrase-v1|arithmetic_mean-01|explore|question_first|withhold|warm|paraphrase_a|MiniMax-M3", "queue_rank": 116, "wording_set": "paraphrase_a", "ok": true, "error": ""}
{"request_id": "paraphrase-v1|fraction_addition-01|direct|explain_only|withhold|neutral|paraphrase_b|MiniMax-M3", "queue_rank": 119, "wording_set": "paraphrase_b", "ok": true, "error": ""}
{"request_id": "paraphrase-v1|percentage_discount-01|explore|question_first|reveal|neutral|paraphrase_a|MiniMax-M3", "queue_rank": 117, "wording_set": "paraphrase_a", "ok": true, "error": ""}
{"request_id": "paraphrase-v1|percentage_discount-01|direct|explain_only|reveal|warm|paraphrase_b|MiniMax-M3", "queue_rank": 120, "wording_set": "paraphrase_b", "ok": true, "error": ""}
{"request_id": "paraphrase-v1|arithmetic_mean-05|direct|question_first|withhold|warm|paraphrase_b|MiniMax-M3", "queue_rank": 118, "wording_set": "paraphrase_b", "ok": true, "error": ""}
{"request_id": "paraphrase-v1|linear_equation-05|explore|question_first|reveal|warm|paraphrase_a|MiniMax-M3", "queue_rank": 115, "wording_set": "paraphrase_a", "ok": true, "error": ""}
{"request_id": "paraphrase-v1|fraction_addition-01|direct|explain_only|reveal|warm|paraphrase_a|MiniMax-M3", "queue_rank": 121, "wording_set": "paraphrase_a", "ok": true, "error": ""}
{"request_id": "paraphrase-v1|arithmetic_mean-01|direct|question_first|withhold|neutral|paraphrase_b|MiniMax-M3", "queue_rank": 123, "wording_set": "paraphrase_b", "ok": true, "error": ""}
{"request_id": "paraphrase-v1|linear_equation-01|explore|explain_only|withhold|neutral|paraphrase_b|MiniMax-M3", "queue_rank": 126, "wording_set": "paraphrase_b", "ok": true, "error": ""}
{"request_id": "paraphrase-v1|arithmetic_mean-05|explore|explain_only|reveal|warm|paraphrase_b|MiniMax-M3", "queue_rank": 125, "wording_set": "paraphrase_b", "ok": true, "error": ""}
{"request_id": "paraphrase-v1|linear_equation-01|direct|explain_only|withhold|warm|paraphrase_b|MiniMax-M3", "queue_rank": 124, "wording_set": "paraphrase_b", "ok": true, "error": ""}
{"request_id": "paraphrase-v1|linear_equation-05|direct|question_first|reveal|neutral|paraphrase_b|MiniMax-M3", "queue_rank": 127, "wording_set": "paraphrase_b", "ok": true, "error": ""}
{"request_id": "paraphrase-v1|percentage_discount-01|explore|question_first|reveal|warm|paraphrase_b|MiniMax-M3", "queue_rank": 122, "wording_set": "paraphrase_b", "ok": true, "error": ""}
{"request_id": "paraphrase-v1|fraction_addition-01|direct|question_first|withhold|warm|paraphrase_b|MiniMax-M3", "queue_rank": 128, "wording_set": "paraphrase_b", "ok": true, "error": ""}
{"request_id": "paraphrase-v1|linear_equation-01|explore|explain_only|withhold|neutral|paraphrase_a|MiniMax-M3", "queue_rank": 130, "wording_set": "paraphrase_a", "ok": true, "error": ""}
{"request_id": "paraphrase-v1|percentage_discount-05|explore|question_first|reveal|neutral|paraphrase_b|MiniMax-M3", "queue_rank": 129, "wording_set": "paraphrase_b", "ok": true, "error": ""}
{"request_id": "paraphrase-v1|fraction_addition-05|explore|explain_only|withhold|warm|paraphrase_b|MiniMax-M3", "queue_rank": 132, "wording_set": "paraphrase_b", "ok": true, "error": ""}
{"request_id": "paraphrase-v1|arithmetic_mean-05|direct|explain_only|withhold|warm|paraphrase_b|MiniMax-M3", "queue_rank": 131, "wording_set": "paraphrase_b", "ok": true, "error": ""}
{"request_id": "paraphrase-v1|percentage_discount-01|direct|explain_only|reveal|neutral|paraphrase_a|MiniMax-M3", "queue_rank": 133, "wording_set": "paraphrase_a", "ok": true, "error": ""}
{"request_id": "paraphrase-v1|fraction_addition-05|direct|explain_only|withhold|neutral|paraphrase_b|MiniMax-M3", "queue_rank": 136, "wording_set": "paraphrase_b", "ok": true, "error": ""}
{"request_id": "paraphrase-v1|linear_equation-05|explore|explain_only|reveal|warm|paraphrase_b|MiniMax-M3", "queue_rank": 135, "wording_set": "paraphrase_b", "ok": true, "error": ""}
{"request_id": "paraphrase-v1|arithmetic_mean-05|direct|explain_only|withhold|warm|paraphrase_a|MiniMax-M3", "queue_rank": 134, "wording_set": "paraphrase_a", "ok": true, "error": ""}
{"request_id": "paraphrase-v1|percentage_discount-05|explore|explain_only|reveal|warm|paraphrase_a|MiniMax-M3", "queue_rank": 137, "wording_set": "paraphrase_a", "ok": true, "error": ""}
{"request_id": "paraphrase-v1|arithmetic_mean-01|explore|explain_only|reveal|neutral|paraphrase_a|MiniMax-M3", "queue_rank": 141, "wording_set": "paraphrase_a", "ok": true, "error": ""}
{"request_id": "paraphrase-v1|linear_equation-01|explore|explain_only|withhold|warm|paraphrase_a|MiniMax-M3", "queue_rank": 139, "wording_set": "paraphrase_a", "ok": true, "error": ""}
{"request_id": "paraphrase-v1|linear_equation-01|explore|question_first|reveal|warm|paraphrase_a|MiniMax-M3", "queue_rank": 140, "wording_set": "paraphrase_a", "ok": true, "error": ""}
{"request_id": "paraphrase-v1|fraction_addition-05|explore|question_first|withhold|warm|paraphrase_b|MiniMax-M3", "queue_rank": 138, "wording_set": "paraphrase_b", "ok": true, "error": ""}
{"request_id": "paraphrase-v1|arithmetic_mean-01|direct|explain_only|withhold|neutral|paraphrase_a|MiniMax-M3", "queue_rank": 143, "wording_set": "paraphrase_a", "ok": true, "error": ""}
{"request_id": "paraphrase-v1|linear_equation-01|explore|explain_only|reveal|neutral|paraphrase_b|MiniMax-M3", "queue_rank": 142, "wording_set": "paraphrase_b", "ok": true, "error": ""}
{"request_id": "paraphrase-v1|arithmetic_mean-01|direct|question_first|reveal|warm|paraphrase_b|MiniMax-M3", "queue_rank": 145, "wording_set": "paraphrase_b", "ok": true, "error": ""}
{"request_id": "paraphrase-v1|linear_equation-05|explore|question_first|reveal|warm|paraphrase_b|MiniMax-M3", "queue_rank": 144, "wording_set": "paraphrase_b", "ok": true, "error": ""}
{"request_id": "paraphrase-v1|arithmetic_mean-01|direct|explain_only|reveal|warm|paraphrase_b|MiniMax-M3", "queue_rank": 148, "wording_set": "paraphrase_b", "ok": true, "error": ""}
{"request_id": "paraphrase-v1|percentage_discount-01|direct|question_first|withhold|warm|paraphrase_a|MiniMax-M3", "queue_rank": 147, "wording_set": "paraphrase_a", "ok": true, "error": ""}
{"request_id": "paraphrase-v1|fraction_addition-01|direct|question_first|reveal|warm|paraphrase_a|MiniMax-M3", "queue_rank": 146, "wording_set": "paraphrase_a", "ok": true, "error": ""}
{"request_id": "paraphrase-v1|percentage_discount-01|direct|question_first|withhold|neutral|paraphrase_a|MiniMax-M3", "queue_rank": 149, "wording_set": "paraphrase_a", "ok": true, "error": ""}
{"request_id": "paraphrase-v1|percentage_discount-01|direct|explain_only|reveal|neutral|paraphrase_b|MiniMax-M3", "queue_rank": 152, "wording_set": "paraphrase_b", "ok": true, "error": ""}
{"request_id": "paraphrase-v1|arithmetic_mean-01|direct|question_first|reveal|neutral|paraphrase_b|MiniMax-M3", "queue_rank": 150, "wording_set": "paraphrase_b", "ok": true, "error": ""}
{"request_id": "paraphrase-v1|fraction_addition-05|direct|question_first|reveal|neutral|paraphrase_a|MiniMax-M3", "queue_rank": 153, "wording_set": "paraphrase_a", "ok": true, "error": ""}
{"request_id": "paraphrase-v1|arithmetic_mean-05|explore|question_first|withhold|neutral|paraphrase_b|MiniMax-M3", "queue_rank": 155, "wording_set": "paraphrase_b", "ok": true, "error": ""}
{"request_id": "paraphrase-v1|fraction_addition-01|explore|explain_only|withhold|neutral|paraphrase_b|MiniMax-M3", "queue_rank": 151, "wording_set": "paraphrase_b", "ok": true, "error": ""}
{"request_id": "paraphrase-v1|arithmetic_mean-05|direct|question_first|withhold|neutral|paraphrase_b|MiniMax-M3", "queue_rank": 156, "wording_set": "paraphrase_b", "ok": true, "error": ""}
{"request_id": "paraphrase-v1|fraction_addition-01|explore|question_first|withhold|warm|paraphrase_a|MiniMax-M3", "queue_rank": 154, "wording_set": "paraphrase_a", "ok": true, "error": ""}
{"request_id": "paraphrase-v1|linear_equation-01|direct|explain_only|reveal|warm|paraphrase_a|MiniMax-M3", "queue_rank": 157, "wording_set": "paraphrase_a", "ok": true, "error": ""}
{"request_id": "paraphrase-v1|fraction_addition-01|explore|question_first|withhold|neutral|paraphrase_a|MiniMax-M3", "queue_rank": 159, "wording_set": "paraphrase_a", "ok": true, "error": ""}
{"request_id": "paraphrase-v1|arithmetic_mean-01|explore|question_first|reveal|neutral|paraphrase_a|MiniMax-M3", "queue_rank": 158, "wording_set": "paraphrase_a", "ok": true, "error": ""}
{"request_id": "paraphrase-v1|fraction_addition-01|direct|explain_only|withhold|warm|paraphrase_a|MiniMax-M3", "queue_rank": 160, "wording_set": "paraphrase_a", "ok": true, "error": ""}
{"request_id": "paraphrase-v1|percentage_discount-01|explore|explain_only|withhold|warm|paraphrase_a|MiniMax-M3", "queue_rank": 162, "wording_set": "paraphrase_a", "ok": true, "error": ""}
{"request_id": "paraphrase-v1|arithmetic_mean-01|explore|explain_only|withhold|warm|paraphrase_b|MiniMax-M3", "queue_rank": 161, "wording_set": "paraphrase_b", "ok": true, "error": ""}
{"request_id": "paraphrase-v1|percentage_discount-01|explore|question_first|withhold|neutral|paraphrase_a|MiniMax-M3", "queue_rank": 166, "wording_set": "paraphrase_a", "ok": true, "error": ""}
{"request_id": "paraphrase-v1|arithmetic_mean-05|explore|question_first|reveal|warm|paraphrase_a|MiniMax-M3", "queue_rank": 163, "wording_set": "paraphrase_a", "ok": true, "error": ""}
{"request_id": "paraphrase-v1|arithmetic_mean-05|explore|question_first|withhold|warm|paraphrase_a|MiniMax-M3", "queue_rank": 164, "wording_set": "paraphrase_a", "ok": true, "error": ""}
{"request_id": "paraphrase-v1|arithmetic_mean-01|direct|question_first|withhold|neutral|paraphrase_a|MiniMax-M3", "queue_rank": 168, "wording_set": "paraphrase_a", "ok": true, "error": ""}
{"request_id": "paraphrase-v1|fraction_addition-01|direct|explain_only|reveal|neutral|paraphrase_b|MiniMax-M3", "queue_rank": 169, "wording_set": "paraphrase_b", "ok": true, "error": ""}
{"request_id": "paraphrase-v1|linear_equation-05|explore|question_first|withhold|warm|paraphrase_b|MiniMax-M3", "queue_rank": 165, "wording_set": "paraphrase_b", "ok": true, "error": ""}
{"request_id": "paraphrase-v1|arithmetic_mean-05|direct|explain_only|withhold|neutral|paraphrase_a|MiniMax-M3", "queue_rank": 171, "wording_set": "paraphrase_a", "ok": true, "error": ""}
{"request_id": "paraphrase-v1|percentage_discount-01|direct|explain_only|withhold|neutral|paraphrase_b|MiniMax-M3", "queue_rank": 170, "wording_set": "paraphrase_b", "ok": true, "error": ""}
{"request_id": "paraphrase-v1|arithmetic_mean-05|explore|question_first|reveal|neutral|paraphrase_b|MiniMax-M3", "queue_rank": 167, "wording_set": "paraphrase_b", "ok": true, "error": ""}
{"request_id": "paraphrase-v1|percentage_discount-05|direct|explain_only|withhold|warm|paraphrase_b|MiniMax-M3", "queue_rank": 172, "wording_set": "paraphrase_b", "ok": true, "error": ""}
{"request_id": "paraphrase-v1|linear_equation-05|direct|question_first|withhold|neutral|paraphrase_b|MiniMax-M3", "queue_rank": 175, "wording_set": "paraphrase_b", "ok": true, "error": ""}
{"request_id": "paraphrase-v1|fraction_addition-05|explore|explain_only|reveal|warm|paraphrase_a|MiniMax-M3", "queue_rank": 174, "wording_set": "paraphrase_a", "ok": true, "error": ""}
{"request_id": "paraphrase-v1|arithmetic_mean-01|explore|explain_only|withhold|neutral|paraphrase_a|MiniMax-M3", "queue_rank": 176, "wording_set": "paraphrase_a", "ok": true, "error": ""}
{"request_id": "paraphrase-v1|fraction_addition-05|direct|question_first|reveal|warm|paraphrase_a|MiniMax-M3", "queue_rank": 177, "wording_set": "paraphrase_a", "ok": true, "error": ""}
{"request_id": "paraphrase-v1|fraction_addition-05|direct|question_first|withhold|warm|paraphrase_b|MiniMax-M3", "queue_rank": 173, "wording_set": "paraphrase_b", "ok": true, "error": ""}
{"request_id": "paraphrase-v1|linear_equation-05|direct|question_first|reveal|warm|paraphrase_b|MiniMax-M3", "queue_rank": 178, "wording_set": "paraphrase_b", "ok": true, "error": ""}
{"request_id": "paraphrase-v1|fraction_addition-01|explore|question_first|withhold|neutral|paraphrase_b|MiniMax-M3", "queue_rank": 181, "wording_set": "paraphrase_b", "ok": true, "error": ""}
{"request_id": "paraphrase-v1|percentage_discount-05|explore|question_first|reveal|warm|paraphrase_b|MiniMax-M3", "queue_rank": 179, "wording_set": "paraphrase_b", "ok": true, "error": ""}
{"request_id": "paraphrase-v1|arithmetic_mean-05|explore|explain_only|reveal|neutral|paraphrase_a|MiniMax-M3", "queue_rank": 183, "wording_set": "paraphrase_a", "ok": true, "error": ""}
{"request_id": "paraphrase-v1|fraction_addition-05|direct|question_first|withhold|warm|paraphrase_a|MiniMax-M3", "queue_rank": 180, "wording_set": "paraphrase_a", "ok": true, "error": ""}
{"request_id": "paraphrase-v1|linear_equation-01|direct|explain_only|reveal|warm|paraphrase_b|MiniMax-M3", "queue_rank": 184, "wording_set": "paraphrase_b", "ok": true, "error": ""}
{"request_id": "paraphrase-v1|fraction_addition-01|explore|explain_only|reveal|warm|paraphrase_b|MiniMax-M3", "queue_rank": 182, "wording_set": "paraphrase_b", "ok": true, "error": ""}
{"request_id": "paraphrase-v1|arithmetic_mean-05|explore|explain_only|withhold|neutral|paraphrase_b|MiniMax-M3", "queue_rank": 185, "wording_set": "paraphrase_b", "ok": true, "error": ""}
{"request_id": "paraphrase-v1|arithmetic_mean-01|direct|question_first|reveal|neutral|paraphrase_a|MiniMax-M3", "queue_rank": 188, "wording_set": "paraphrase_a", "ok": true, "error": ""}
{"request_id": "paraphrase-v1|fraction_addition-05|direct|explain_only|reveal|warm|paraphrase_a|MiniMax-M3", "queue_rank": 187, "wording_set": "paraphrase_a", "ok": true, "error": ""}
{"request_id": "paraphrase-v1|linear_equation-05|direct|explain_only|reveal|neutral|paraphrase_a|MiniMax-M3", "queue_rank": 189, "wording_set": "paraphrase_a", "ok": true, "error": ""}
{"request_id": "paraphrase-v1|fraction_addition-05|explore|explain_only|reveal|neutral|paraphrase_b|MiniMax-M3", "queue_rank": 186, "wording_set": "paraphrase_b", "ok": true, "error": ""}
{"request_id": "paraphrase-v1|linear_equation-01|direct|question_first|reveal|neutral|paraphrase_b|MiniMax-M3", "queue_rank": 190, "wording_set": "paraphrase_b", "ok": true, "error": ""}
{"request_id": "paraphrase-v1|fraction_addition-01|explore|question_first|reveal|neutral|paraphrase_a|MiniMax-M3", "queue_rank": 191, "wording_set": "paraphrase_a", "ok": true, "error": ""}
{"request_id": "paraphrase-v1|percentage_discount-05|direct|question_first|reveal|neutral|paraphrase_a|MiniMax-M3", "queue_rank": 193, "wording_set": "paraphrase_a", "ok": true, "error": ""}
{"request_id": "paraphrase-v1|linear_equation-05|explore|explain_only|reveal|neutral|paraphrase_b|MiniMax-M3", "queue_rank": 192, "wording_set": "paraphrase_b", "ok": true, "error": ""}
{"request_id": "paraphrase-v1|linear_equation-05|explore|question_first|withhold|neutral|paraphrase_a|MiniMax-M3", "queue_rank": 195, "wording_set": "paraphrase_a", "ok": true, "error": ""}
{"request_id": "paraphrase-v1|arithmetic_mean-05|explore|question_first|withhold|warm|paraphrase_b|MiniMax-M3", "queue_rank": 194, "wording_set": "paraphrase_b", "ok": true, "error": ""}
{"request_id": "paraphrase-v1|arithmetic_mean-05|direct|explain_only|withhold|neutral|paraphrase_b|MiniMax-M3", "queue_rank": 196, "wording_set": "paraphrase_b", "ok": true, "error": ""}
{"request_id": "paraphrase-v1|fraction_addition-05|direct|question_first|reveal|warm|paraphrase_b|MiniMax-M3", "queue_rank": 197, "wording_set": "paraphrase_b", "ok": true, "error": ""}
{"request_id": "paraphrase-v1|percentage_discount-01|explore|explain_only|withhold|neutral|paraphrase_b|MiniMax-M3", "queue_rank": 199, "wording_set": "paraphrase_b", "ok": true, "error": ""}
{"request_id": "paraphrase-v1|arithmetic_mean-01|explore|question_first|reveal|warm|paraphrase_b|MiniMax-M3", "queue_rank": 198, "wording_set": "paraphrase_b", "ok": true, "error": ""}
{"request_id": "paraphrase-v1|linear_equation-01|explore|question_first|reveal|neutral|paraphrase_b|MiniMax-M3", "queue_rank": 200, "wording_set": "paraphrase_b", "ok": true, "error": ""}
{"request_id": "paraphrase-v1|linear_equation-05|explore|explain_only|reveal|warm|paraphrase_a|MiniMax-M3", "queue_rank": 202, "wording_set": "paraphrase_a", "ok": true, "error": ""}
{"request_id": "paraphrase-v1|fraction_addition-01|direct|question_first|withhold|neutral|paraphrase_a|MiniMax-M3", "queue_rank": 203, "wording_set": "paraphrase_a", "ok": true, "error": ""}
{"request_id": "paraphrase-v1|percentage_discount-05|explore|explain_only|reveal|warm|paraphrase_b|MiniMax-M3", "queue_rank": 201, "wording_set": "paraphrase_b", "ok": true, "error": ""}
{"request_id": "paraphrase-v1|percentage_discount-05|direct|question_first|reveal|neutral|paraphrase_b|MiniMax-M3", "queue_rank": 204, "wording_set": "paraphrase_b", "ok": true, "error": ""}
{"request_id": "paraphrase-v1|linear_equation-05|direct|explain_only|reveal|warm|paraphrase_a|MiniMax-M3", "queue_rank": 206, "wording_set": "paraphrase_a", "ok": true, "error": ""}
{"request_id": "paraphrase-v1|fraction_addition-01|explore|question_first|reveal|warm|paraphrase_a|MiniMax-M3", "queue_rank": 205, "wording_set": "paraphrase_a", "ok": true, "error": ""}
{"request_id": "paraphrase-v1|linear_equation-01|direct|question_first|withhold|neutral|paraphrase_b|MiniMax-M3", "queue_rank": 208, "wording_set": "paraphrase_b", "ok": true, "error": ""}
{"request_id": "paraphrase-v1|linear_equation-05|direct|explain_only|withhold|neutral|paraphrase_a|MiniMax-M3", "queue_rank": 210, "wording_set": "paraphrase_a", "ok": true, "error": ""}
{"request_id": "paraphrase-v1|linear_equation-05|explore|explain_only|reveal|neutral|paraphrase_a|MiniMax-M3", "queue_rank": 209, "wording_set": "paraphrase_a", "ok": true, "error": ""}
{"request_id": "paraphrase-v1|arithmetic_mean-05|direct|explain_only|reveal|neutral|paraphrase_b|MiniMax-M3", "queue_rank": 213, "wording_set": "paraphrase_b", "ok": true, "error": ""}
{"request_id": "paraphrase-v1|arithmetic_mean-05|explore|explain_only|withhold|warm|paraphrase_b|MiniMax-M3", "queue_rank": 211, "wording_set": "paraphrase_b", "ok": true, "error": ""}
{"request_id": "paraphrase-v1|linear_equation-01|direct|question_first|withhold|warm|paraphrase_a|MiniMax-M3", "queue_rank": 207, "wording_set": "paraphrase_a", "ok": true, "error": ""}
{"request_id": "paraphrase-v1|linear_equation-01|explore|question_first|reveal|neutral|paraphrase_a|MiniMax-M3", "queue_rank": 212, "wording_set": "paraphrase_a", "ok": true, "error": ""}
{"request_id": "paraphrase-v1|percentage_discount-05|explore|question_first|withhold|neutral|paraphrase_b|MiniMax-M3", "queue_rank": 214, "wording_set": "paraphrase_b", "ok": true, "error": ""}
{"request_id": "paraphrase-v1|percentage_discount-05|explore|question_first|withhold|warm|paraphrase_a|MiniMax-M3", "queue_rank": 217, "wording_set": "paraphrase_a", "ok": true, "error": ""}
{"request_id": "paraphrase-v1|arithmetic_mean-05|explore|explain_only|withhold|neutral|paraphrase_a|MiniMax-M3", "queue_rank": 216, "wording_set": "paraphrase_a", "ok": true, "error": ""}
{"request_id": "paraphrase-v1|fraction_addition-05|direct|explain_only|reveal|neutral|paraphrase_a|MiniMax-M3", "queue_rank": 218, "wording_set": "paraphrase_a", "ok": true, "error": ""}
{"request_id": "paraphrase-v1|percentage_discount-01|direct|explain_only|withhold|warm|paraphrase_b|MiniMax-M3", "queue_rank": 215, "wording_set": "paraphrase_b", "ok": true, "error": ""}
{"request_id": "paraphrase-v1|percentage_discount-01|direct|question_first|withhold|warm|paraphrase_b|MiniMax-M3", "queue_rank": 219, "wording_set": "paraphrase_b", "ok": true, "error": ""}
{"request_id": "paraphrase-v1|percentage_discount-05|direct|explain_only|reveal|warm|paraphrase_b|MiniMax-M3", "queue_rank": 220, "wording_set": "paraphrase_b", "ok": true, "error": ""}
{"request_id": "paraphrase-v1|arithmetic_mean-05|explore|explain_only|withhold|warm|paraphrase_a|MiniMax-M3", "queue_rank": 221, "wording_set": "paraphrase_a", "ok": true, "error": ""}
{"request_id": "paraphrase-v1|percentage_discount-05|direct|question_first|reveal|warm|paraphrase_a|MiniMax-M3", "queue_rank": 223, "wording_set": "paraphrase_a", "ok": true, "error": ""}
{"request_id": "paraphrase-v1|percentage_discount-01|direct|explain_only|withhold|warm|paraphrase_a|MiniMax-M3", "queue_rank": 222, "wording_set": "paraphrase_a", "ok": true, "error": ""}
{"request_id": "paraphrase-v1|arithmetic_mean-01|direct|explain_only|withhold|neutral|paraphrase_b|MiniMax-M3", "queue_rank": 224, "wording_set": "paraphrase_b", "ok": true, "error": ""}
{"request_id": "paraphrase-v1|fraction_addition-05|explore|explain_only|withhold|warm|paraphrase_a|MiniMax-M3", "queue_rank": 225, "wording_set": "paraphrase_a", "ok": true, "error": ""}
{"request_id": "paraphrase-v1|arithmetic_mean-01|explore|question_first|withhold|warm|paraphrase_b|MiniMax-M3", "queue_rank": 227, "wording_set": "paraphrase_b", "ok": true, "error": ""}
{"request_id": "paraphrase-v1|arithmetic_mean-05|direct|explain_only|reveal|warm|paraphrase_a|MiniMax-M3", "queue_rank": 229, "wording_set": "paraphrase_a", "ok": true, "error": ""}
{"request_id": "paraphrase-v1|percentage_discount-01|explore|question_first|reveal|warm|paraphrase_a|MiniMax-M3", "queue_rank": 226, "wording_set": "paraphrase_a", "ok": true, "error": ""}
{"request_id": "paraphrase-v1|arithmetic_mean-05|direct|explain_only|reveal|warm|paraphrase_b|MiniMax-M3", "queue_rank": 231, "wording_set": "paraphrase_b", "ok": true, "error": ""}
{"request_id": "paraphrase-v1|fraction_addition-01|direct|question_first|reveal|warm|paraphrase_b|MiniMax-M3", "queue_rank": 228, "wording_set": "paraphrase_b", "ok": true, "error": ""}
{"request_id": "paraphrase-v1|linear_equation-05|direct|explain_only|withhold|warm|paraphrase_a|MiniMax-M3", "queue_rank": 230, "wording_set": "paraphrase_a", "ok": true, "error": ""}
{"request_id": "paraphrase-v1|fraction_addition-05|direct|question_first|reveal|neutral|paraphrase_b|MiniMax-M3", "queue_rank": 232, "wording_set": "paraphrase_b", "ok": true, "error": ""}
{"request_id": "paraphrase-v1|linear_equation-05|direct|question_first|withhold|warm|paraphrase_b|MiniMax-M3", "queue_rank": 234, "wording_set": "paraphrase_b", "ok": true, "error": ""}
{"request_id": "paraphrase-v1|arithmetic_mean-05|explore|question_first|withhold|neutral|paraphrase_a|MiniMax-M3", "queue_rank": 236, "wording_set": "paraphrase_a", "ok": true, "error": ""}
{"request_id": "paraphrase-v1|arithmetic_mean-05|explore|question_first|reveal|warm|paraphrase_b|MiniMax-M3", "queue_rank": 235, "wording_set": "paraphrase_b", "ok": true, "error": ""}
{"request_id": "paraphrase-v1|percentage_discount-01|explore|explain_only|withhold|neutral|paraphrase_a|MiniMax-M3", "queue_rank": 239, "wording_set": "paraphrase_a", "ok": true, "error": ""}
{"request_id": "paraphrase-v1|arithmetic_mean-01|explore|explain_only|reveal|warm|paraphrase_a|MiniMax-M3", "queue_rank": 238, "wording_set": "paraphrase_a", "ok": true, "error": ""}
{"request_id": "paraphrase-v1|fraction_addition-05|explore|question_first|withhold|warm|paraphrase_a|MiniMax-M3", "queue_rank": 233, "wording_set": "paraphrase_a", "ok": true, "error": ""}
{"request_id": "paraphrase-v1|fraction_addition-05|explore|question_first|withhold|neutral|paraphrase_b|MiniMax-M3", "queue_rank": 240, "wording_set": "paraphrase_b", "ok": true, "error": ""}
{"request_id": "paraphrase-v1|fraction_addition-05|direct|question_first|withhold|neutral|paraphrase_a|MiniMax-M3", "queue_rank": 237, "wording_set": "paraphrase_a", "ok": true, "error": ""}
{"request_id": "paraphrase-v1|percentage_discount-05|direct|explain_only|withhold|neutral|paraphrase_a|MiniMax-M3", "queue_rank": 241, "wording_set": "paraphrase_a", "ok": true, "error": ""}
{"request_id": "paraphrase-v1|percentage_discount-05|explore|explain_only|reveal|neutral|paraphrase_a|MiniMax-M3", "queue_rank": 242, "wording_set": "paraphrase_a", "ok": true, "error": ""}
{"request_id": "paraphrase-v1|arithmetic_mean-05|explore|question_first|reveal|neutral|paraphrase_a|MiniMax-M3", "queue_rank": 245, "wording_set": "paraphrase_a", "ok": true, "error": ""}
{"request_id": "paraphrase-v1|linear_equation-05|explore|question_first|reveal|neutral|paraphrase_b|MiniMax-M3", "queue_rank": 244, "wording_set": "paraphrase_b", "ok": true, "error": ""}
{"request_id": "paraphrase-v1|percentage_discount-05|explore|explain_only|reveal|neutral|paraphrase_b|MiniMax-M3", "queue_rank": 243, "wording_set": "paraphrase_b", "ok": true, "error": ""}
{"request_id": "paraphrase-v1|percentage_discount-01|direct|question_first|withhold|neutral|paraphrase_b|MiniMax-M3", "queue_rank": 246, "wording_set": "paraphrase_b", "ok": true, "error": ""}
{"request_id": "paraphrase-v1|fraction_addition-01|explore|explain_only|withhold|warm|paraphrase_b|MiniMax-M3", "queue_rank": 247, "wording_set": "paraphrase_b", "ok": true, "error": ""}
{"request_id": "paraphrase-v1|percentage_discount-05|direct|explain_only|reveal|neutral|paraphrase_b|MiniMax-M3", "queue_rank": 249, "wording_set": "paraphrase_b", "ok": true, "error": ""}
{"request_id": "paraphrase-v1|arithmetic_mean-01|explore|explain_only|reveal|warm|paraphrase_b|MiniMax-M3", "queue_rank": 250, "wording_set": "paraphrase_b", "ok": true, "error": ""}
{"request_id": "paraphrase-v1|linear_equation-05|direct|question_first|reveal|neutral|paraphrase_a|MiniMax-M3", "queue_rank": 251, "wording_set": "paraphrase_a", "ok": true, "error": ""}
{"request_id": "paraphrase-v1|linear_equation-01|direct|explain_only|reveal|neutral|paraphrase_a|MiniMax-M3", "queue_rank": 252, "wording_set": "paraphrase_a", "ok": true, "error": ""}
{"request_id": "paraphrase-v1|linear_equation-05|direct|explain_only|withhold|warm|paraphrase_b|MiniMax-M3", "queue_rank": 248, "wording_set": "paraphrase_b", "ok": true, "error": ""}
{"request_id": "paraphrase-v1|percentage_discount-01|direct|question_first|reveal|warm|paraphrase_a|MiniMax-M3", "queue_rank": 253, "wording_set": "paraphrase_a", "ok": true, "error": ""}
{"request_id": "paraphrase-v1|linear_equation-05|explore|explain_only|withhold|neutral|paraphrase_b|MiniMax-M3", "queue_rank": 255, "wording_set": "paraphrase_b", "ok": true, "error": ""}
{"request_id": "paraphrase-v1|arithmetic_mean-05|direct|question_first|withhold|warm|paraphrase_a|MiniMax-M3", "queue_rank": 254, "wording_set": "paraphrase_a", "ok": true, "error": ""}
{"request_id": "paraphrase-v1|arithmetic_mean-05|direct|explain_only|reveal|neutral|paraphrase_a|MiniMax-M2.7", "queue_rank": 2, "wording_set": "paraphrase_a", "ok": true, "error": ""}
{"request_id": "paraphrase-v1|fraction_addition-01|direct|explain_only|reveal|neutral|paraphrase_b|MiniMax-M2.7", "queue_rank": 3, "wording_set": "paraphrase_b", "ok": true, "error": ""}
{"request_id": "paraphrase-v1|arithmetic_mean-01|direct|question_first|reveal|neutral|paraphrase_a|MiniMax-M2.7", "queue_rank": 0, "wording_set": "paraphrase_a", "ok": true, "error": ""}
{"request_id": "paraphrase-v1|fraction_addition-01|direct|explain_only|reveal|warm|paraphrase_a|MiniMax-M2.7", "queue_rank": 5, "wording_set": "paraphrase_a", "ok": true, "error": ""}
{"request_id": "paraphrase-v1|percentage_discount-05|explore|question_first|withhold|warm|paraphrase_a|MiniMax-M2.7", "queue_rank": 7, "wording_set": "paraphrase_a", "ok": true, "error": ""}
{"request_id": "paraphrase-v1|percentage_discount-01|explore|explain_only|withhold|warm|paraphrase_b|MiniMax-M2.7", "queue_rank": 4, "wording_set": "paraphrase_b", "ok": true, "error": ""}
{"request_id": "paraphrase-v1|percentage_discount-05|explore|question_first|reveal|warm|paraphrase_a|MiniMax-M2.7", "queue_rank": 1, "wording_set": "paraphrase_a", "ok": true, "error": ""}
{"request_id": "paraphrase-v1|percentage_discount-05|explore|question_first|withhold|warm|paraphrase_b|MiniMax-M2.7", "queue_rank": 9, "wording_set": "paraphrase_b", "ok": true, "error": ""}
{"request_id": "paraphrase-v1|fraction_addition-05|explore|explain_only|reveal|warm|paraphrase_a|MiniMax-M2.7", "queue_rank": 8, "wording_set": "paraphrase_a", "ok": true, "error": ""}
{"request_id": "paraphrase-v1|fraction_addition-01|explore|question_first|withhold|neutral|paraphrase_a|MiniMax-M2.7", "queue_rank": 10, "wording_set": "paraphrase_a", "ok": true, "error": ""}
{"request_id": "paraphrase-v1|linear_equation-05|direct|question_first|withhold|warm|paraphrase_a|MiniMax-M2.7", "queue_rank": 6, "wording_set": "paraphrase_a", "ok": true, "error": ""}
{"request_id": "paraphrase-v1|linear_equation-01|explore|question_first|withhold|neutral|paraphrase_b|MiniMax-M2.7", "queue_rank": 14, "wording_set": "paraphrase_b", "ok": true, "error": ""}
{"request_id": "paraphrase-v1|arithmetic_mean-01|direct|question_first|reveal|warm|paraphrase_a|MiniMax-M2.7", "queue_rank": 11, "wording_set": "paraphrase_a", "ok": true, "error": ""}
{"request_id": "paraphrase-v1|linear_equation-01|explore|explain_only|withhold|neutral|paraphrase_a|MiniMax-M2.7", "queue_rank": 16, "wording_set": "paraphrase_a", "ok": true, "error": ""}
{"request_id": "paraphrase-v1|arithmetic_mean-01|explore|explain_only|reveal|warm|paraphrase_b|MiniMax-M2.7", "queue_rank": 13, "wording_set": "paraphrase_b", "ok": true, "error": ""}
{"request_id": "paraphrase-v1|linear_equation-05|direct|question_first|reveal|neutral|paraphrase_b|MiniMax-M2.7", "queue_rank": 12, "wording_set": "paraphrase_b", "ok": true, "error": ""}
{"request_id": "paraphrase-v1|linear_equation-05|explore|explain_only|withhold|warm|paraphrase_a|MiniMax-M2.7", "queue_rank": 18, "wording_set": "paraphrase_a", "ok": true, "error": ""}
{"request_id": "paraphrase-v1|linear_equation-01|explore|explain_only|reveal|neutral|paraphrase_b|MiniMax-M2.7", "queue_rank": 17, "wording_set": "paraphrase_b", "ok": true, "error": ""}
{"request_id": "paraphrase-v1|percentage_discount-01|direct|explain_only|withhold|warm|paraphrase_b|MiniMax-M2.7", "queue_rank": 20, "wording_set": "paraphrase_b", "ok": true, "error": ""}
{"request_id": "paraphrase-v1|fraction_addition-05|explore|question_first|reveal|warm|paraphrase_b|MiniMax-M2.7", "queue_rank": 15, "wording_set": "paraphrase_b", "ok": true, "error": ""}
{"request_id": "paraphrase-v1|linear_equation-05|explore|explain_only|withhold|neutral|paraphrase_b|MiniMax-M2.7", "queue_rank": 21, "wording_set": "paraphrase_b", "ok": true, "error": ""}
{"request_id": "paraphrase-v1|percentage_discount-01|direct|explain_only|withhold|neutral|paraphrase_a|MiniMax-M2.7", "queue_rank": 22, "wording_set": "paraphrase_a", "ok": true, "error": ""}
{"request_id": "paraphrase-v1|fraction_addition-01|direct|question_first|withhold|warm|paraphrase_b|MiniMax-M2.7", "queue_rank": 19, "wording_set": "paraphrase_b", "ok": true, "error": ""}
{"request_id": "paraphrase-v1|percentage_discount-05|explore|explain_only|reveal|neutral|paraphrase_a|MiniMax-M2.7", "queue_rank": 24, "wording_set": "paraphrase_a", "ok": true, "error": ""}
{"request_id": "paraphrase-v1|linear_equation-05|direct|explain_only|withhold|neutral|paraphrase_b|MiniMax-M2.7", "queue_rank": 23, "wording_set": "paraphrase_b", "ok": true, "error": ""}
{"request_id": "paraphrase-v1|percentage_discount-05|direct|explain_only|reveal|warm|paraphrase_b|MiniMax-M2.7", "queue_rank": 28, "wording_set": "paraphrase_b", "ok": true, "error": ""}
{"request_id": "paraphrase-v1|percentage_discount-05|explore|question_first|reveal|neutral|paraphrase_a|MiniMax-M2.7", "queue_rank": 25, "wording_set": "paraphrase_a", "ok": true, "error": ""}
{"request_id": "paraphrase-v1|arithmetic_mean-01|direct|question_first|withhold|neutral|paraphrase_a|MiniMax-M2.7", "queue_rank": 26, "wording_set": "paraphrase_a", "ok": true, "error": ""}
{"request_id": "paraphrase-v1|fraction_addition-05|direct|question_first|reveal|warm|paraphrase_b|MiniMax-M2.7", "queue_rank": 27, "wording_set": "paraphrase_b", "ok": true, "error": ""}
{"request_id": "paraphrase-v1|linear_equation-01|direct|explain_only|withhold|warm|paraphrase_a|MiniMax-M2.7", "queue_rank": 30, "wording_set": "paraphrase_a", "ok": true, "error": ""}
{"request_id": "paraphrase-v1|percentage_discount-01|explore|question_first|withhold|neutral|paraphrase_b|MiniMax-M2.7", "queue_rank": 32, "wording_set": "paraphrase_b", "ok": true, "error": ""}
{"request_id": "paraphrase-v1|arithmetic_mean-05|explore|explain_only|reveal|neutral|paraphrase_b|MiniMax-M2.7", "queue_rank": 33, "wording_set": "paraphrase_b", "ok": true, "error": ""}
{"request_id": "paraphrase-v1|fraction_addition-05|explore|explain_only|withhold|neutral|paraphrase_b|MiniMax-M2.7", "queue_rank": 34, "wording_set": "paraphrase_b", "ok": true, "error": ""}
{"request_id": "paraphrase-v1|fraction_addition-05|direct|question_first|withhold|neutral|paraphrase_b|MiniMax-M2.7", "queue_rank": 29, "wording_set": "paraphrase_b", "ok": true, "error": ""}
{"request_id": "paraphrase-v1|fraction_addition-05|explore|question_first|reveal|neutral|paraphrase_b|MiniMax-M2.7", "queue_rank": 31, "wording_set": "paraphrase_b", "ok": true, "error": ""}
{"request_id": "paraphrase-v1|percentage_discount-05|direct|explain_only|reveal|neutral|paraphrase_a|MiniMax-M2.7", "queue_rank": 37, "wording_set": "paraphrase_a", "ok": true, "error": ""}
{"request_id": "paraphrase-v1|arithmetic_mean-05|explore|question_first|reveal|neutral|paraphrase_b|MiniMax-M2.7", "queue_rank": 35, "wording_set": "paraphrase_b", "ok": true, "error": ""}
{"request_id": "paraphrase-v1|linear_equation-01|direct|question_first|reveal|neutral|paraphrase_b|MiniMax-M2.7", "queue_rank": 36, "wording_set": "paraphrase_b", "ok": true, "error": ""}
{"request_id": "paraphrase-v1|arithmetic_mean-01|direct|explain_only|reveal|neutral|paraphrase_b|MiniMax-M2.7", "queue_rank": 39, "wording_set": "paraphrase_b", "ok": true, "error": ""}
{"request_id": "paraphrase-v1|fraction_addition-01|explore|question_first|reveal|warm|paraphrase_a|MiniMax-M2.7", "queue_rank": 38, "wording_set": "paraphrase_a", "ok": true, "error": ""}
{"request_id": "paraphrase-v1|arithmetic_mean-05|direct|question_first|withhold|neutral|paraphrase_b|MiniMax-M2.7", "queue_rank": 40, "wording_set": "paraphrase_b", "ok": true, "error": ""}
{"request_id": "paraphrase-v1|fraction_addition-05|direct|explain_only|reveal|warm|paraphrase_b|MiniMax-M2.7", "queue_rank": 42, "wording_set": "paraphrase_b", "ok": true, "error": ""}
{"request_id": "paraphrase-v1|fraction_addition-01|explore|question_first|withhold|warm|paraphrase_a|MiniMax-M2.7", "queue_rank": 43, "wording_set": "paraphrase_a", "ok": true, "error": ""}
{"request_id": "paraphrase-v1|linear_equation-05|explore|question_first|reveal|warm|paraphrase_b|MiniMax-M2.7", "queue_rank": 45, "wording_set": "paraphrase_b", "ok": true, "error": ""}
{"request_id": "paraphrase-v1|percentage_discount-05|direct|question_first|withhold|neutral|paraphrase_a|MiniMax-M2.7", "queue_rank": 47, "wording_set": "paraphrase_a", "ok": true, "error": ""}
{"request_id": "paraphrase-v1|percentage_discount-01|explore|question_first|reveal|neutral|paraphrase_a|MiniMax-M2.7", "queue_rank": 44, "wording_set": "paraphrase_a", "ok": true, "error": ""}
{"request_id": "paraphrase-v1|linear_equation-05|explore|explain_only|reveal|warm|paraphrase_a|MiniMax-M2.7", "queue_rank": 46, "wording_set": "paraphrase_a", "ok": true, "error": ""}
{"request_id": "paraphrase-v1|arithmetic_mean-05|explore|explain_only|withhold|warm|paraphrase_a|MiniMax-M2.7", "queue_rank": 48, "wording_set": "paraphrase_a", "ok": true, "error": ""}
{"request_id": "paraphrase-v1|arithmetic_mean-05|direct|explain_only|reveal|warm|paraphrase_a|MiniMax-M2.7", "queue_rank": 51, "wording_set": "paraphrase_a", "ok": true, "error": ""}
{"request_id": "paraphrase-v1|fraction_addition-05|explore|explain_only|reveal|warm|paraphrase_b|MiniMax-M2.7", "queue_rank": 49, "wording_set": "paraphrase_b", "ok": true, "error": ""}
{"request_id": "paraphrase-v1|linear_equation-05|direct|question_first|reveal|neutral|paraphrase_a|MiniMax-M2.7", "queue_rank": 53, "wording_set": "paraphrase_a", "ok": true, "error": ""}
{"request_id": "paraphrase-v1|linear_equation-05|explore|explain_only|withhold|warm|paraphrase_b|MiniMax-M2.7", "queue_rank": 50, "wording_set": "paraphrase_b", "ok": true, "error": ""}
{"request_id": "paraphrase-v1|linear_equation-05|direct|question_first|reveal|warm|paraphrase_a|MiniMax-M2.7", "queue_rank": 52, "wording_set": "paraphrase_a", "ok": true, "error": ""}
{"request_id": "paraphrase-v1|fraction_addition-05|explore|question_first|withhold|warm|paraphrase_b|MiniMax-M2.7", "queue_rank": 41, "wording_set": "paraphrase_b", "ok": true, "error": ""}
{"request_id": "paraphrase-v1|arithmetic_mean-05|explore|explain_only|withhold|neutral|paraphrase_a|MiniMax-M2.7", "queue_rank": 55, "wording_set": "paraphrase_a", "ok": true, "error": ""}
{"request_id": "paraphrase-v1|percentage_discount-05|direct|explain_only|withhold|neutral|paraphrase_b|MiniMax-M2.7", "queue_rank": 56, "wording_set": "paraphrase_b", "ok": true, "error": ""}
{"request_id": "paraphrase-v1|percentage_discount-01|direct|question_first|withhold|warm|paraphrase_b|MiniMax-M2.7", "queue_rank": 54, "wording_set": "paraphrase_b", "ok": true, "error": ""}
{"request_id": "paraphrase-v1|percentage_discount-05|direct|explain_only|withhold|warm|paraphrase_b|MiniMax-M2.7", "queue_rank": 57, "wording_set": "paraphrase_b", "ok": true, "error": ""}
{"request_id": "paraphrase-v1|linear_equation-05|direct|question_first|reveal|warm|paraphrase_b|MiniMax-M2.7", "queue_rank": 60, "wording_set": "paraphrase_b", "ok": true, "error": ""}
{"request_id": "paraphrase-v1|arithmetic_mean-05|explore|question_first|withhold|neutral|paraphrase_a|MiniMax-M2.7", "queue_rank": 61, "wording_set": "paraphrase_a", "ok": true, "error": ""}
{"request_id": "paraphrase-v1|arithmetic_mean-01|direct|explain_only|withhold|warm|paraphrase_a|MiniMax-M2.7", "queue_rank": 58, "wording_set": "paraphrase_a", "ok": true, "error": ""}
{"request_id": "paraphrase-v1|percentage_discount-01|direct|question_first|withhold|warm|paraphrase_a|MiniMax-M2.7", "queue_rank": 59, "wording_set": "paraphrase_a", "ok": true, "error": ""}
{"request_id": "paraphrase-v1|arithmetic_mean-01|explore|explain_only|reveal|neutral|paraphrase_a|MiniMax-M2.7", "queue_rank": 62, "wording_set": "paraphrase_a", "ok": true, "error": ""}
{"request_id": "paraphrase-v1|arithmetic_mean-05|explore|explain_only|withhold|warm|paraphrase_b|MiniMax-M2.7", "queue_rank": 64, "wording_set": "paraphrase_b", "ok": true, "error": ""}
{"request_id": "paraphrase-v1|fraction_addition-01|direct|explain_only|withhold|neutral|paraphrase_a|MiniMax-M2.7", "queue_rank": 63, "wording_set": "paraphrase_a", "ok": true, "error": ""}
{"request_id": "paraphrase-v1|arithmetic_mean-05|direct|explain_only|reveal|neutral|paraphrase_b|MiniMax-M2.7", "queue_rank": 67, "wording_set": "paraphrase_b", "ok": true, "error": ""}
{"request_id": "paraphrase-v1|fraction_addition-01|explore|question_first|reveal|neutral|paraphrase_b|MiniMax-M2.7", "queue_rank": 65, "wording_set": "paraphrase_b", "ok": true, "error": ""}
{"request_id": "paraphrase-v1|fraction_addition-01|direct|explain_only|reveal|warm|paraphrase_b|MiniMax-M2.7", "queue_rank": 68, "wording_set": "paraphrase_b", "ok": true, "error": ""}
{"request_id": "paraphrase-v1|arithmetic_mean-01|direct|question_first|reveal|neutral|paraphrase_b|MiniMax-M2.7", "queue_rank": 69, "wording_set": "paraphrase_b", "ok": true, "error": ""}
{"request_id": "paraphrase-v1|linear_equation-01|explore|explain_only|withhold|neutral|paraphrase_b|MiniMax-M2.7", "queue_rank": 66, "wording_set": "paraphrase_b", "ok": true, "error": ""}
{"request_id": "paraphrase-v1|percentage_discount-01|explore|explain_only|withhold|neutral|paraphrase_a|MiniMax-M2.7", "queue_rank": 71, "wording_set": "paraphrase_a", "ok": true, "error": ""}
{"request_id": "paraphrase-v1|arithmetic_mean-05|explore|explain_only|reveal|warm|paraphrase_b|MiniMax-M2.7", "queue_rank": 70, "wording_set": "paraphrase_b", "ok": true, "error": ""}
{"request_id": "paraphrase-v1|arithmetic_mean-05|direct|question_first|reveal|neutral|paraphrase_a|MiniMax-M2.7", "queue_rank": 74, "wording_set": "paraphrase_a", "ok": true, "error": ""}
{"request_id": "paraphrase-v1|arithmetic_mean-05|explore|explain_only|reveal|neutral|paraphrase_a|MiniMax-M2.7", "queue_rank": 73, "wording_set": "paraphrase_a", "ok": true, "error": ""}
{"request_id": "paraphrase-v1|fraction_addition-05|explore|question_first|withhold|neutral|paraphrase_a|MiniMax-M2.7", "queue_rank": 72, "wording_set": "paraphrase_a", "ok": true, "error": ""}
{"request_id": "paraphrase-v1|fraction_addition-05|direct|explain_only|reveal|neutral|paraphrase_a|MiniMax-M2.7", "queue_rank": 77, "wording_set": "paraphrase_a", "ok": true, "error": ""}
{"request_id": "paraphrase-v1|fraction_addition-05|direct|question_first|withhold|warm|paraphrase_a|MiniMax-M2.7", "queue_rank": 78, "wording_set": "paraphrase_a", "ok": true, "error": ""}
{"request_id": "paraphrase-v1|arithmetic_mean-05|explore|question_first|reveal|neutral|paraphrase_a|MiniMax-M2.7", "queue_rank": 75, "wording_set": "paraphrase_a", "ok": true, "error": ""}
{"request_id": "paraphrase-v1|linear_equation-01|explore|explain_only|reveal|warm|paraphrase_a|MiniMax-M2.7", "queue_rank": 76, "wording_set": "paraphrase_a", "ok": true, "error": ""}
{"request_id": "paraphrase-v1|percentage_discount-05|direct|question_first|reveal|warm|paraphrase_a|MiniMax-M2.7", "queue_rank": 81, "wording_set": "paraphrase_a", "ok": true, "error": ""}
{"request_id": "paraphrase-v1|fraction_addition-01|explore|explain_only|reveal|neutral|paraphrase_b|MiniMax-M2.7", "queue_rank": 80, "wording_set": "paraphrase_b", "ok": true, "error": ""}
{"request_id": "paraphrase-v1|arithmetic_mean-01|explore|explain_only|withhold|warm|paraphrase_a|MiniMax-M2.7", "queue_rank": 83, "wording_set": "paraphrase_a", "ok": true, "error": ""}
{"request_id": "paraphrase-v1|percentage_discount-01|direct|explain_only|withhold|neutral|paraphrase_b|MiniMax-M2.7", "queue_rank": 79, "wording_set": "paraphrase_b", "ok": true, "error": ""}
{"request_id": "paraphrase-v1|linear_equation-05|explore|question_first|withhold|warm|paraphrase_a|MiniMax-M2.7", "queue_rank": 86, "wording_set": "paraphrase_a", "ok": true, "error": ""}
{"request_id": "paraphrase-v1|fraction_addition-01|direct|explain_only|withhold|warm|paraphrase_b|MiniMax-M2.7", "queue_rank": 82, "wording_set": "paraphrase_b", "ok": true, "error": ""}
{"request_id": "paraphrase-v1|arithmetic_mean-05|explore|question_first|reveal|warm|paraphrase_a|MiniMax-M2.7", "queue_rank": 84, "wording_set": "paraphrase_a", "ok": true, "error": ""}
{"request_id": "paraphrase-v1|linear_equation-01|direct|question_first|withhold|neutral|paraphrase_a|MiniMax-M2.7", "queue_rank": 87, "wording_set": "paraphrase_a", "ok": true, "error": ""}
{"request_id": "paraphrase-v1|arithmetic_mean-01|direct|question_first|withhold|neutral|paraphrase_b|MiniMax-M2.7", "queue_rank": 88, "wording_set": "paraphrase_b", "ok": true, "error": ""}
{"request_id": "paraphrase-v1|linear_equation-05|direct|explain_only|withhold|neutral|paraphrase_a|MiniMax-M2.7", "queue_rank": 91, "wording_set": "paraphrase_a", "ok": true, "error": ""}
{"request_id": "paraphrase-v1|percentage_discount-05|explore|question_first|reveal|warm|paraphrase_b|MiniMax-M2.7", "queue_rank": 85, "wording_set": "paraphrase_b", "ok": true, "error": ""}
{"request_id": "paraphrase-v1|arithmetic_mean-05|direct|question_first|withhold|warm|paraphrase_b|MiniMax-M2.7", "queue_rank": 89, "wording_set": "paraphrase_b", "ok": true, "error": ""}
{"request_id": "paraphrase-v1|percentage_discount-01|direct|explain_only|withhold|warm|paraphrase_a|MiniMax-M2.7", "queue_rank": 93, "wording_set": "paraphrase_a", "ok": true, "error": ""}
{"request_id": "paraphrase-v1|arithmetic_mean-05|direct|question_first|reveal|warm|paraphrase_b|MiniMax-M2.7", "queue_rank": 92, "wording_set": "paraphrase_b", "ok": true, "error": ""}
{"request_id": "paraphrase-v1|linear_equation-05|direct|explain_only|reveal|warm|paraphrase_a|MiniMax-M2.7", "queue_rank": 95, "wording_set": "paraphrase_a", "ok": true, "error": ""}
{"request_id": "paraphrase-v1|fraction_addition-01|explore|question_first|withhold|neutral|paraphrase_b|MiniMax-M2.7", "queue_rank": 90, "wording_set": "paraphrase_b", "ok": true, "error": ""}
{"request_id": "paraphrase-v1|linear_equation-01|explore|question_first|withhold|warm|paraphrase_b|MiniMax-M2.7", "queue_rank": 96, "wording_set": "paraphrase_b", "ok": true, "error": ""}
{"request_id": "paraphrase-v1|linear_equation-05|explore|question_first|reveal|neutral|paraphrase_a|MiniMax-M2.7", "queue_rank": 98, "wording_set": "paraphrase_a", "ok": true, "error": ""}
{"request_id": "paraphrase-v1|arithmetic_mean-01|explore|question_first|withhold|warm|paraphrase_b|MiniMax-M2.7", "queue_rank": 94, "wording_set": "paraphrase_b", "ok": true, "error": ""}
{"request_id": "paraphrase-v1|arithmetic_mean-01|direct|question_first|withhold|warm|paraphrase_b|MiniMax-M2.7", "queue_rank": 97, "wording_set": "paraphrase_b", "ok": true, "error": ""}
{"request_id": "paraphrase-v1|arithmetic_mean-05|explore|explain_only|reveal|warm|paraphrase_a|MiniMax-M2.7", "queue_rank": 100, "wording_set": "paraphrase_a", "ok": true, "error": ""}
{"request_id": "paraphrase-v1|linear_equation-01|explore|question_first|withhold|neutral|paraphrase_a|MiniMax-M2.7", "queue_rank": 99, "wording_set": "paraphrase_a", "ok": true, "error": ""}
{"request_id": "paraphrase-v1|linear_equation-01|direct|explain_only|reveal|neutral|paraphrase_b|MiniMax-M2.7", "queue_rank": 102, "wording_set": "paraphrase_b", "ok": true, "error": ""}
{"request_id": "paraphrase-v1|arithmetic_mean-01|explore|question_first|reveal|neutral|paraphrase_b|MiniMax-M2.7", "queue_rank": 101, "wording_set": "paraphrase_b", "ok": true, "error": ""}
{"request_id": "paraphrase-v1|percentage_discount-05|direct|explain_only|reveal|warm|paraphrase_a|MiniMax-M2.7", "queue_rank": 104, "wording_set": "paraphrase_a", "ok": true, "error": ""}
{"request_id": "paraphrase-v1|percentage_discount-01|explore|explain_only|withhold|warm|paraphrase_a|MiniMax-M2.7", "queue_rank": 106, "wording_set": "paraphrase_a", "ok": true, "error": ""}
{"request_id": "paraphrase-v1|fraction_addition-05|explore|explain_only|withhold|neutral|paraphrase_a|MiniMax-M2.7", "queue_rank": 108, "wording_set": "paraphrase_a", "ok": true, "error": ""}
{"request_id": "paraphrase-v1|fraction_addition-01|explore|explain_only|withhold|neutral|paraphrase_b|MiniMax-M2.7", "queue_rank": 103, "wording_set": "paraphrase_b", "ok": true, "error": ""}
{"request_id": "paraphrase-v1|linear_equation-05|explore|question_first|reveal|warm|paraphrase_a|MiniMax-M2.7", "queue_rank": 105, "wording_set": "paraphrase_a", "ok": true, "error": ""}
{"request_id": "paraphrase-v1|linear_equation-05|explore|explain_only|reveal|warm|paraphrase_b|MiniMax-M2.7", "queue_rank": 109, "wording_set": "paraphrase_b", "ok": true, "error": ""}
{"request_id": "paraphrase-v1|linear_equation-05|explore|explain_only|reveal|neutral|paraphrase_a|MiniMax-M2.7", "queue_rank": 111, "wording_set": "paraphrase_a", "ok": true, "error": ""}
{"request_id": "paraphrase-v1|fraction_addition-05|direct|explain_only|withhold|neutral|paraphrase_a|MiniMax-M2.7", "queue_rank": 110, "wording_set": "paraphrase_a", "ok": true, "error": ""}
{"request_id": "paraphrase-v1|percentage_discount-01|direct|question_first|reveal|warm|paraphrase_b|MiniMax-M2.7", "queue_rank": 113, "wording_set": "paraphrase_b", "ok": true, "error": ""}
{"request_id": "paraphrase-v1|percentage_discount-01|direct|question_first|reveal|warm|paraphrase_a|MiniMax-M2.7", "queue_rank": 112, "wording_set": "paraphrase_a", "ok": true, "error": ""}
{"request_id": "paraphrase-v1|fraction_addition-05|explore|explain_only|withhold|warm|paraphrase_b|MiniMax-M2.7", "queue_rank": 114, "wording_set": "paraphrase_b", "ok": true, "error": ""}
{"request_id": "paraphrase-v1|linear_equation-01|direct|question_first|withhold|neutral|paraphrase_b|MiniMax-M2.7", "queue_rank": 107, "wording_set": "paraphrase_b", "ok": true, "error": ""}
{"request_id": "paraphrase-v1|linear_equation-01|direct|explain_only|withhold|neutral|paraphrase_b|MiniMax-M2.7", "queue_rank": 115, "wording_set": "paraphrase_b", "ok": true, "error": ""}
{"request_id": "paraphrase-v1|percentage_discount-01|direct|explain_only|reveal|neutral|paraphrase_a|MiniMax-M2.7", "queue_rank": 117, "wording_set": "paraphrase_a", "ok": true, "error": ""}
{"request_id": "paraphrase-v1|arithmetic_mean-05|direct|question_first|reveal|neutral|paraphrase_b|MiniMax-M2.7", "queue_rank": 119, "wording_set": "paraphrase_b", "ok": true, "error": ""}
{"request_id": "paraphrase-v1|fraction_addition-05|explore|question_first|withhold|neutral|paraphrase_b|MiniMax-M2.7", "queue_rank": 116, "wording_set": "paraphrase_b", "ok": true, "error": ""}
{"request_id": "paraphrase-v1|arithmetic_mean-01|explore|question_first|withhold|warm|paraphrase_a|MiniMax-M2.7", "queue_rank": 118, "wording_set": "paraphrase_a", "ok": true, "error": ""}
{"request_id": "paraphrase-v1|linear_equation-05|direct|question_first|withhold|neutral|paraphrase_a|MiniMax-M2.7", "queue_rank": 120, "wording_set": "paraphrase_a", "ok": true, "error": ""}
{"request_id": "paraphrase-v1|arithmetic_mean-01|direct|explain_only|reveal|warm|paraphrase_b|MiniMax-M2.7", "queue_rank": 124, "wording_set": "paraphrase_b", "ok": true, "error": ""}
{"request_id": "paraphrase-v1|percentage_discount-05|explore|explain_only|reveal|neutral|paraphrase_b|MiniMax-M2.7", "queue_rank": 121, "wording_set": "paraphrase_b", "ok": true, "error": ""}
{"request_id": "paraphrase-v1|percentage_discount-05|direct|question_first|reveal|neutral|paraphrase_a|MiniMax-M2.7", "queue_rank": 123, "wording_set": "paraphrase_a", "ok": true, "error": ""}
{"request_id": "paraphrase-v1|arithmetic_mean-05|direct|question_first|withhold|warm|paraphrase_a|MiniMax-M2.7", "queue_rank": 122, "wording_set": "paraphrase_a", "ok": true, "error": ""}
{"request_id": "paraphrase-v1|arithmetic_mean-01|direct|explain_only|withhold|warm|paraphrase_b|MiniMax-M2.7", "queue_rank": 126, "wording_set": "paraphrase_b", "ok": true, "error": ""}
{"request_id": "paraphrase-v1|linear_equation-01|explore|question_first|reveal|warm|paraphrase_b|MiniMax-M2.7", "queue_rank": 125, "wording_set": "paraphrase_b", "ok": true, "error": ""}
{"request_id": "paraphrase-v1|arithmetic_mean-01|direct|explain_only|withhold|neutral|paraphrase_b|MiniMax-M2.7", "queue_rank": 128, "wording_set": "paraphrase_b", "ok": true, "error": ""}
{"request_id": "paraphrase-v1|arithmetic_mean-01|explore|explain_only|withhold|warm|paraphrase_b|MiniMax-M2.7", "queue_rank": 129, "wording_set": "paraphrase_b", "ok": true, "error": ""}
{"request_id": "paraphrase-v1|fraction_addition-01|direct|explain_only|withhold|warm|paraphrase_a|MiniMax-M2.7", "queue_rank": 127, "wording_set": "paraphrase_a", "ok": true, "error": ""}
{"request_id": "paraphrase-v1|arithmetic_mean-01|explore|question_first|reveal|neutral|paraphrase_a|MiniMax-M2.7", "queue_rank": 131, "wording_set": "paraphrase_a", "ok": true, "error": ""}
{"request_id": "paraphrase-v1|linear_equation-05|direct|explain_only|withhold|warm|paraphrase_a|MiniMax-M2.7", "queue_rank": 130, "wording_set": "paraphrase_a", "ok": true, "error": ""}
{"request_id": "paraphrase-v1|percentage_discount-01|direct|explain_only|reveal|warm|paraphrase_a|MiniMax-M2.7", "queue_rank": 133, "wording_set": "paraphrase_a", "ok": true, "error": ""}
{"request_id": "paraphrase-v1|percentage_discount-05|direct|question_first|reveal|warm|paraphrase_b|MiniMax-M2.7", "queue_rank": 132, "wording_set": "paraphrase_b", "ok": true, "error": ""}
{"request_id": "paraphrase-v1|arithmetic_mean-05|explore|question_first|withhold|warm|paraphrase_b|MiniMax-M2.7", "queue_rank": 135, "wording_set": "paraphrase_b", "ok": true, "error": ""}
{"request_id": "paraphrase-v1|percentage_discount-05|explore|question_first|reveal|neutral|paraphrase_b|MiniMax-M2.7", "queue_rank": 134, "wording_set": "paraphrase_b", "ok": true, "error": ""}
{"request_id": "paraphrase-v1|percentage_discount-05|direct|explain_only|reveal|neutral|paraphrase_b|MiniMax-M2.7", "queue_rank": 138, "wording_set": "paraphrase_b", "ok": true, "error": ""}
{"request_id": "paraphrase-v1|arithmetic_mean-01|explore|question_first|reveal|warm|paraphrase_b|MiniMax-M2.7", "queue_rank": 136, "wording_set": "paraphrase_b", "ok": true, "error": ""}
{"request_id": "paraphrase-v1|percentage_discount-01|explore|explain_only|reveal|warm|paraphrase_b|MiniMax-M2.7", "queue_rank": 137, "wording_set": "paraphrase_b", "ok": true, "error": ""}
{"request_id": "paraphrase-v1|linear_equation-01|direct|explain_only|reveal|neutral|paraphrase_a|MiniMax-M2.7", "queue_rank": 140, "wording_set": "paraphrase_a", "ok": true, "error": ""}
{"request_id": "paraphrase-v1|fraction_addition-05|explore|question_first|reveal|warm|paraphrase_a|MiniMax-M2.7", "queue_rank": 141, "wording_set": "paraphrase_a", "ok": true, "error": ""}
{"request_id": "paraphrase-v1|fraction_addition-01|direct|question_first|reveal|warm|paraphrase_a|MiniMax-M2.7", "queue_rank": 139, "wording_set": "paraphrase_a", "ok": true, "error": ""}
{"request_id": "paraphrase-v1|percentage_discount-01|direct|explain_only|reveal|warm|paraphrase_b|MiniMax-M2.7", "queue_rank": 142, "wording_set": "paraphrase_b", "ok": true, "error": ""}
{"request_id": "paraphrase-v1|percentage_discount-05|direct|question_first|withhold|warm|paraphrase_a|MiniMax-M2.7", "queue_rank": 143, "wording_set": "paraphrase_a", "ok": true, "error": ""}
{"request_id": "paraphrase-v1|percentage_discount-01|explore|question_first|withhold|warm|paraphrase_a|MiniMax-M2.7", "queue_rank": 144, "wording_set": "paraphrase_a", "ok": true, "error": ""}
{"request_id": "paraphrase-v1|arithmetic_mean-05|explore|explain_only|withhold|neutral|paraphrase_b|MiniMax-M2.7", "queue_rank": 146, "wording_set": "paraphrase_b", "ok": true, "error": ""}
{"request_id": "paraphrase-v1|arithmetic_mean-05|direct|question_first|withhold|neutral|paraphrase_a|MiniMax-M2.7", "queue_rank": 145, "wording_set": "paraphrase_a", "ok": true, "error": ""}
{"request_id": "paraphrase-v1|percentage_discount-01|explore|explain_only|reveal|neutral|paraphrase_a|MiniMax-M2.7", "queue_rank": 148, "wording_set": "paraphrase_a", "ok": true, "error": ""}
{"request_id": "paraphrase-v1|linear_equation-01|explore|explain_only|withhold|warm|paraphrase_a|MiniMax-M2.7", "queue_rank": 150, "wording_set": "paraphrase_a", "ok": true, "error": ""}
{"request_id": "paraphrase-v1|percentage_discount-05|direct|explain_only|withhold|neutral|paraphrase_a|MiniMax-M2.7", "queue_rank": 147, "wording_set": "paraphrase_a", "ok": true, "error": ""}
{"request_id": "paraphrase-v1|linear_equation-05|direct|explain_only|withhold|warm|paraphrase_b|MiniMax-M2.7", "queue_rank": 149, "wording_set": "paraphrase_b", "ok": true, "error": ""}
{"request_id": "paraphrase-v1|linear_equation-01|direct|question_first|reveal|neutral|paraphrase_a|MiniMax-M2.7", "queue_rank": 152, "wording_set": "paraphrase_a", "ok": true, "error": ""}
{"request_id": "paraphrase-v1|percentage_discount-01|direct|question_first|withhold|neutral|paraphrase_b|MiniMax-M2.7", "queue_rank": 151, "wording_set": "paraphrase_b", "ok": true, "error": ""}
{"request_id": "paraphrase-v1|percentage_discount-05|explore|explain_only|withhold|neutral|paraphrase_a|MiniMax-M2.7", "queue_rank": 155, "wording_set": "paraphrase_a", "ok": true, "error": ""}
{"request_id": "paraphrase-v1|percentage_discount-01|direct|question_first|reveal|neutral|paraphrase_b|MiniMax-M2.7", "queue_rank": 154, "wording_set": "paraphrase_b", "ok": true, "error": ""}
{"request_id": "paraphrase-v1|linear_equation-05|explore|question_first|withhold|neutral|paraphrase_a|MiniMax-M2.7", "queue_rank": 158, "wording_set": "paraphrase_a", "ok": true, "error": ""}
{"request_id": "paraphrase-v1|linear_equation-01|direct|question_first|withhold|warm|paraphrase_b|MiniMax-M2.7", "queue_rank": 153, "wording_set": "paraphrase_b", "ok": true, "error": ""}
{"request_id": "paraphrase-v1|fraction_addition-01|explore|explain_only|reveal|warm|paraphrase_a|MiniMax-M2.7", "queue_rank": 157, "wording_set": "paraphrase_a", "ok": true, "error": ""}
{"request_id": "paraphrase-v1|fraction_addition-05|explore|explain_only|reveal|neutral|paraphrase_b|MiniMax-M2.7", "queue_rank": 156, "wording_set": "paraphrase_b", "ok": true, "error": ""}
{"request_id": "paraphrase-v1|percentage_discount-05|explore|explain_only|withhold|warm|paraphrase_b|MiniMax-M2.7", "queue_rank": 160, "wording_set": "paraphrase_b", "ok": true, "error": ""}
{"request_id": "paraphrase-v1|arithmetic_mean-01|direct|question_first|withhold|warm|paraphrase_a|MiniMax-M2.7", "queue_rank": 163, "wording_set": "paraphrase_a", "ok": true, "error": ""}
{"request_id": "paraphrase-v1|fraction_addition-01|explore|explain_only|withhold|warm|paraphrase_a|MiniMax-M2.7", "queue_rank": 162, "wording_set": "paraphrase_a", "ok": true, "error": ""}
{"request_id": "paraphrase-v1|arithmetic_mean-01|explore|question_first|withhold|neutral|paraphrase_b|MiniMax-M2.7", "queue_rank": 159, "wording_set": "paraphrase_b", "ok": true, "error": ""}
{"request_id": "paraphrase-v1|fraction_addition-01|direct|question_first|withhold|neutral|paraphrase_b|MiniMax-M2.7", "queue_rank": 161, "wording_set": "paraphrase_b", "ok": true, "error": ""}
{"request_id": "paraphrase-v1|linear_equation-01|explore|question_first|reveal|neutral|paraphrase_a|MiniMax-M2.7", "queue_rank": 164, "wording_set": "paraphrase_a", "ok": true, "error": ""}
{"request_id": "paraphrase-v1|linear_equation-05|explore|question_first|withhold|neutral|paraphrase_b|MiniMax-M2.7", "queue_rank": 166, "wording_set": "paraphrase_b", "ok": true, "error": ""}
{"request_id": "paraphrase-v1|linear_equation-01|direct|explain_only|withhold|neutral|paraphrase_a|MiniMax-M2.7", "queue_rank": 168, "wording_set": "paraphrase_a", "ok": true, "error": ""}
{"request_id": "paraphrase-v1|arithmetic_mean-05|explore|question_first|withhold|warm|paraphrase_a|MiniMax-M2.7", "queue_rank": 169, "wording_set": "paraphrase_a", "ok": true, "error": ""}
{"request_id": "paraphrase-v1|arithmetic_mean-01|explore|question_first|withhold|neutral|paraphrase_a|MiniMax-M2.7", "queue_rank": 165, "wording_set": "paraphrase_a", "ok": true, "error": ""}
{"request_id": "paraphrase-v1|fraction_addition-01|explore|explain_only|reveal|neutral|paraphrase_a|MiniMax-M2.7", "queue_rank": 170, "wording_set": "paraphrase_a", "ok": true, "error": ""}
{"request_id": "paraphrase-v1|linear_equation-01|direct|question_first|reveal|warm|paraphrase_a|MiniMax-M2.7", "queue_rank": 167, "wording_set": "paraphrase_a", "ok": true, "error": ""}
{"request_id": "paraphrase-v1|percentage_discount-01|explore|question_first|reveal|neutral|paraphrase_b|MiniMax-M2.7", "queue_rank": 173, "wording_set": "paraphrase_b", "ok": true, "error": ""}
{"request_id": "paraphrase-v1|percentage_discount-01|direct|question_first|withhold|neutral|paraphrase_a|MiniMax-M2.7", "queue_rank": 174, "wording_set": "paraphrase_a", "ok": true, "error": ""}
{"request_id": "paraphrase-v1|percentage_discount-05|explore|explain_only|reveal|warm|paraphrase_a|MiniMax-M2.7", "queue_rank": 171, "wording_set": "paraphrase_a", "ok": true, "error": ""}
{"request_id": "paraphrase-v1|arithmetic_mean-01|direct|explain_only|reveal|neutral|paraphrase_a|MiniMax-M2.7", "queue_rank": 176, "wording_set": "paraphrase_a", "ok": true, "error": ""}
{"request_id": "paraphrase-v1|fraction_addition-05|direct|question_first|withhold|warm|paraphrase_b|MiniMax-M2.7", "queue_rank": 172, "wording_set": "paraphrase_b", "ok": true, "error": ""}
{"request_id": "paraphrase-v1|linear_equation-01|direct|question_first|reveal|warm|paraphrase_b|MiniMax-M2.7", "queue_rank": 175, "wording_set": "paraphrase_b", "ok": true, "error": ""}
{"request_id": "paraphrase-v1|arithmetic_mean-01|explore|explain_only|reveal|neutral|paraphrase_b|MiniMax-M2.7", "queue_rank": 179, "wording_set": "paraphrase_b", "ok": true, "error": ""}
{"request_id": "paraphrase-v1|fraction_addition-05|direct|explain_only|reveal|warm|paraphrase_a|MiniMax-M2.7", "queue_rank": 178, "wording_set": "paraphrase_a", "ok": true, "error": ""}
{"request_id": "paraphrase-v1|linear_equation-01|explore|question_first|reveal|warm|paraphrase_a|MiniMax-M2.7", "queue_rank": 177, "wording_set": "paraphrase_a", "ok": true, "error": ""}
{"request_id": "paraphrase-v1|fraction_addition-05|direct|explain_only|reveal|neutral|paraphrase_b|MiniMax-M2.7", "queue_rank": 181, "wording_set": "paraphrase_b", "ok": true, "error": ""}
{"request_id": "paraphrase-v1|arithmetic_mean-05|direct|explain_only|reveal|warm|paraphrase_b|MiniMax-M2.7", "queue_rank": 182, "wording_set": "paraphrase_b", "ok": true, "error": ""}
{"request_id": "paraphrase-v1|percentage_discount-05|direct|explain_only|withhold|warm|paraphrase_a|MiniMax-M2.7", "queue_rank": 185, "wording_set": "paraphrase_a", "ok": true, "error": ""}
{"request_id": "paraphrase-v1|fraction_addition-05|direct|question_first|reveal|neutral|paraphrase_b|MiniMax-M2.7", "queue_rank": 184, "wording_set": "paraphrase_b", "ok": true, "error": ""}
{"request_id": "paraphrase-v1|percentage_discount-05|explore|explain_only|reveal|warm|paraphrase_b|MiniMax-M2.7", "queue_rank": 180, "wording_set": "paraphrase_b", "ok": true, "error": ""}
{"request_id": "paraphrase-v1|arithmetic_mean-05|explore|question_first|reveal|warm|paraphrase_b|MiniMax-M2.7", "queue_rank": 183, "wording_set": "paraphrase_b", "ok": true, "error": ""}
{"request_id": "paraphrase-v1|percentage_discount-01|explore|question_first|withhold|warm|paraphrase_b|MiniMax-M2.7", "queue_rank": 189, "wording_set": "paraphrase_b", "ok": true, "error": ""}
{"request_id": "paraphrase-v1|arithmetic_mean-05|direct|explain_only|withhold|warm|paraphrase_b|MiniMax-M2.7", "queue_rank": 186, "wording_set": "paraphrase_b", "ok": true, "error": ""}
{"request_id": "paraphrase-v1|linear_equation-05|explore|explain_only|withhold|neutral|paraphrase_a|MiniMax-M2.7", "queue_rank": 187, "wording_set": "paraphrase_a", "ok": true, "error": ""}
{"request_id": "paraphrase-v1|percentage_discount-01|direct|question_first|reveal|neutral|paraphrase_a|MiniMax-M2.7", "queue_rank": 190, "wording_set": "paraphrase_a", "ok": true, "error": ""}
{"request_id": "paraphrase-v1|linear_equation-01|explore|explain_only|withhold|warm|paraphrase_b|MiniMax-M2.7", "queue_rank": 193, "wording_set": "paraphrase_b", "ok": true, "error": ""}
{"request_id": "paraphrase-v1|arithmetic_mean-05|direct|explain_only|withhold|neutral|paraphrase_b|MiniMax-M2.7", "queue_rank": 191, "wording_set": "paraphrase_b", "ok": true, "error": ""}
{"request_id": "paraphrase-v1|percentage_discount-05|explore|explain_only|withhold|neutral|paraphrase_b|MiniMax-M2.7", "queue_rank": 188, "wording_set": "paraphrase_b", "ok": true, "error": ""}
{"request_id": "paraphrase-v1|percentage_discount-05|direct|question_first|withhold|neutral|paraphrase_b|MiniMax-M2.7", "queue_rank": 194, "wording_set": "paraphrase_b", "ok": true, "error": ""}
{"request_id": "paraphrase-v1|percentage_discount-01|explore|explain_only|reveal|neutral|paraphrase_b|MiniMax-M2.7", "queue_rank": 192, "wording_set": "paraphrase_b", "ok": true, "error": ""}
{"request_id": "paraphrase-v1|arithmetic_mean-05|direct|question_first|reveal|warm|paraphrase_a|MiniMax-M2.7", "queue_rank": 196, "wording_set": "paraphrase_a", "ok": true, "error": ""}
{"request_id": "paraphrase-v1|linear_equation-01|direct|explain_only|withhold|warm|paraphrase_b|MiniMax-M2.7", "queue_rank": 195, "wording_set": "paraphrase_b", "ok": true, "error": ""}
{"request_id": "paraphrase-v1|percentage_discount-05|explore|question_first|withhold|neutral|paraphrase_a|MiniMax-M2.7", "queue_rank": 198, "wording_set": "paraphrase_a", "ok": true, "error": ""}
{"request_id": "paraphrase-v1|linear_equation-05|direct|explain_only|reveal|neutral|paraphrase_a|MiniMax-M2.7", "queue_rank": 199, "wording_set": "paraphrase_a", "ok": true, "error": ""}
{"request_id": "paraphrase-v1|arithmetic_mean-05|explore|question_first|withhold|neutral|paraphrase_b|MiniMax-M2.7", "queue_rank": 200, "wording_set": "paraphrase_b", "ok": true, "error": ""}
{"request_id": "paraphrase-v1|fraction_addition-05|direct|explain_only|withhold|neutral|paraphrase_b|MiniMax-M2.7", "queue_rank": 197, "wording_set": "paraphrase_b", "ok": true, "error": ""}
{"request_id": "paraphrase-v1|linear_equation-01|explore|question_first|reveal|neutral|paraphrase_b|MiniMax-M2.7", "queue_rank": 201, "wording_set": "paraphrase_b", "ok": true, "error": ""}
{"request_id": "paraphrase-v1|arithmetic_mean-01|explore|explain_only|withhold|neutral|paraphrase_b|MiniMax-M2.7", "queue_rank": 203, "wording_set": "paraphrase_b", "ok": true, "error": ""}
{"request_id": "paraphrase-v1|fraction_addition-01|direct|question_first|reveal|neutral|paraphrase_a|MiniMax-M2.7", "queue_rank": 205, "wording_set": "paraphrase_a", "ok": true, "error": ""}
{"request_id": "paraphrase-v1|fraction_addition-01|explore|question_first|reveal|warm|paraphrase_b|MiniMax-M2.7", "queue_rank": 204, "wording_set": "paraphrase_b", "ok": true, "error": ""}
{"request_id": "paraphrase-v1|percentage_discount-05|explore|explain_only|withhold|warm|paraphrase_a|MiniMax-M2.7", "queue_rank": 207, "wording_set": "paraphrase_a", "ok": true, "error": ""}
{"request_id": "paraphrase-v1|fraction_addition-01|explore|question_first|withhold|warm|paraphrase_b|MiniMax-M2.7", "queue_rank": 202, "wording_set": "paraphrase_b", "ok": true, "error": ""}
{"request_id": "paraphrase-v1|fraction_addition-01|explore|question_first|reveal|neutral|paraphrase_a|MiniMax-M2.7", "queue_rank": 208, "wording_set": "paraphrase_a", "ok": true, "error": ""}
{"request_id": "paraphrase-v1|fraction_addition-05|direct|question_first|withhold|neutral|paraphrase_a|MiniMax-M2.7", "queue_rank": 210, "wording_set": "paraphrase_a", "ok": true, "error": ""}
{"request_id": "paraphrase-v1|linear_equation-01|direct|explain_only|reveal|warm|paraphrase_b|MiniMax-M2.7", "queue_rank": 209, "wording_set": "paraphrase_b", "ok": true, "error": ""}
{"request_id": "paraphrase-v1|linear_equation-01|direct|explain_only|reveal|warm|paraphrase_a|MiniMax-M2.7", "queue_rank": 213, "wording_set": "paraphrase_a", "ok": true, "error": ""}
{"request_id": "paraphrase-v1|linear_equation-01|explore|question_first|withhold|warm|paraphrase_a|MiniMax-M2.7", "queue_rank": 206, "wording_set": "paraphrase_a", "ok": true, "error": ""}
{"request_id": "paraphrase-v1|arithmetic_mean-05|direct|explain_only|withhold|neutral|paraphrase_a|MiniMax-M2.7", "queue_rank": 211, "wording_set": "paraphrase_a", "ok": true, "error": ""}
{"request_id": "paraphrase-v1|percentage_discount-05|direct|question_first|reveal|neutral|paraphrase_b|MiniMax-M2.7", "queue_rank": 212, "wording_set": "paraphrase_b", "ok": true, "error": ""}
{"request_id": "paraphrase-v1|arithmetic_mean-05|direct|explain_only|withhold|warm|paraphrase_a|MiniMax-M2.7", "queue_rank": 214, "wording_set": "paraphrase_a", "ok": true, "error": ""}
{"request_id": "paraphrase-v1|fraction_addition-01|direct|question_first|withhold|warm|paraphrase_a|MiniMax-M2.7", "queue_rank": 215, "wording_set": "paraphrase_a", "ok": true, "error": ""}
{"request_id": "paraphrase-v1|percentage_discount-01|explore|explain_only|reveal|warm|paraphrase_a|MiniMax-M2.7", "queue_rank": 216, "wording_set": "paraphrase_a", "ok": true, "error": ""}
{"request_id": "paraphrase-v1|linear_equation-01|explore|explain_only|reveal|warm|paraphrase_b|MiniMax-M2.7", "queue_rank": 218, "wording_set": "paraphrase_b", "ok": true, "error": ""}
{"request_id": "paraphrase-v1|percentage_discount-01|explore|question_first|reveal|warm|paraphrase_a|MiniMax-M2.7", "queue_rank": 220, "wording_set": "paraphrase_a", "ok": true, "error": ""}
{"request_id": "paraphrase-v1|linear_equation-05|direct|question_first|withhold|warm|paraphrase_b|MiniMax-M2.7", "queue_rank": 217, "wording_set": "paraphrase_b", "ok": true, "error": ""}
{"request_id": "paraphrase-v1|arithmetic_mean-01|explore|explain_only|withhold|neutral|paraphrase_a|MiniMax-M2.7", "queue_rank": 222, "wording_set": "paraphrase_a", "ok": true, "error": ""}
{"request_id": "paraphrase-v1|percentage_discount-01|direct|explain_only|reveal|neutral|paraphrase_b|MiniMax-M2.7", "queue_rank": 221, "wording_set": "paraphrase_b", "ok": true, "error": ""}
{"request_id": "paraphrase-v1|arithmetic_mean-01|direct|question_first|reveal|warm|paraphrase_b|MiniMax-M2.7", "queue_rank": 219, "wording_set": "paraphrase_b", "ok": true, "error": ""}
{"request_id": "paraphrase-v1|fraction_addition-05|explore|explain_only|reveal|neutral|paraphrase_a|MiniMax-M2.7", "queue_rank": 223, "wording_set": "paraphrase_a", "ok": true, "error": ""}
{"request_id": "paraphrase-v1|fraction_addition-01|direct|explain_only|reveal|neutral|paraphrase_a|MiniMax-M2.7", "queue_rank": 226, "wording_set": "paraphrase_a", "ok": true, "error": ""}
{"request_id": "paraphrase-v1|fraction_addition-01|explore|explain_only|withhold|warm|paraphrase_b|MiniMax-M2.7", "queue_rank": 227, "wording_set": "paraphrase_b", "ok": true, "error": ""}
{"request_id": "paraphrase-v1|fraction_addition-01|explore|explain_only|withhold|neutral|paraphrase_a|MiniMax-M2.7", "queue_rank": 225, "wording_set": "paraphrase_a", "ok": true, "error": ""}
{"request_id": "paraphrase-v1|fraction_addition-05|explore|question_first|reveal|neutral|paraphrase_a|MiniMax-M2.7", "queue_rank": 228, "wording_set": "paraphrase_a", "ok": true, "error": ""}
{"request_id": "paraphrase-v1|fraction_addition-05|direct|explain_only|withhold|warm|paraphrase_a|MiniMax-M2.7", "queue_rank": 230, "wording_set": "paraphrase_a", "ok": true, "error": ""}
{"request_id": "paraphrase-v1|fraction_addition-01|direct|explain_only|withhold|neutral|paraphrase_b|MiniMax-M2.7", "queue_rank": 224, "wording_set": "paraphrase_b", "ok": true, "error": ""}
{"request_id": "paraphrase-v1|fraction_addition-01|explore|explain_only|reveal|warm|paraphrase_b|MiniMax-M2.7", "queue_rank": 231, "wording_set": "paraphrase_b", "ok": true, "error": ""}
{"request_id": "paraphrase-v1|linear_equation-01|explore|explain_only|reveal|neutral|paraphrase_a|MiniMax-M2.7", "queue_rank": 233, "wording_set": "paraphrase_a", "ok": true, "error": ""}
{"request_id": "paraphrase-v1|fraction_addition-01|direct|question_first|reveal|neutral|paraphrase_b|MiniMax-M2.7", "queue_rank": 232, "wording_set": "paraphrase_b", "ok": true, "error": ""}
{"request_id": "paraphrase-v1|linear_equation-05|direct|question_first|withhold|neutral|paraphrase_b|MiniMax-M2.7", "queue_rank": 229, "wording_set": "paraphrase_b", "ok": true, "error": ""}
{"request_id": "paraphrase-v1|linear_equation-05|explore|explain_only|reveal|neutral|paraphrase_b|MiniMax-M2.7", "queue_rank": 235, "wording_set": "paraphrase_b", "ok": true, "error": ""}
{"request_id": "paraphrase-v1|linear_equation-05|direct|explain_only|reveal|warm|paraphrase_b|MiniMax-M2.7", "queue_rank": 236, "wording_set": "paraphrase_b", "ok": true, "error": ""}
{"request_id": "paraphrase-v1|percentage_discount-05|explore|question_first|withhold|neutral|paraphrase_b|MiniMax-M2.7", "queue_rank": 234, "wording_set": "paraphrase_b", "ok": true, "error": ""}
{"request_id": "paraphrase-v1|linear_equation-05|explore|question_first|reveal|neutral|paraphrase_b|MiniMax-M2.7", "queue_rank": 238, "wording_set": "paraphrase_b", "ok": true, "error": ""}
{"request_id": "paraphrase-v1|fraction_addition-05|explore|question_first|withhold|warm|paraphrase_a|MiniMax-M2.7", "queue_rank": 237, "wording_set": "paraphrase_a", "ok": true, "error": ""}
{"request_id": "paraphrase-v1|linear_equation-05|direct|explain_only|reveal|neutral|paraphrase_b|MiniMax-M2.7", "queue_rank": 240, "wording_set": "paraphrase_b", "ok": true, "error": ""}
{"request_id": "paraphrase-v1|percentage_discount-01|explore|explain_only|withhold|neutral|paraphrase_b|MiniMax-M2.7", "queue_rank": 242, "wording_set": "paraphrase_b", "ok": true, "error": ""}
{"request_id": "paraphrase-v1|fraction_addition-05|explore|explain_only|withhold|warm|paraphrase_a|MiniMax-M2.7", "queue_rank": 241, "wording_set": "paraphrase_a", "ok": true, "error": ""}
{"request_id": "paraphrase-v1|percentage_discount-01|explore|question_first|reveal|warm|paraphrase_b|MiniMax-M2.7", "queue_rank": 243, "wording_set": "paraphrase_b", "ok": true, "error": ""}
{"request_id": "paraphrase-v1|fraction_addition-01|direct|question_first|withhold|neutral|paraphrase_a|MiniMax-M2.7", "queue_rank": 239, "wording_set": "paraphrase_a", "ok": true, "error": ""}
{"request_id": "paraphrase-v1|percentage_discount-01|explore|question_first|withhold|neutral|paraphrase_a|MiniMax-M2.7", "queue_rank": 245, "wording_set": "paraphrase_a", "ok": true, "error": ""}
{"request_id": "paraphrase-v1|arithmetic_mean-01|direct|explain_only|withhold|neutral|paraphrase_a|MiniMax-M2.7", "queue_rank": 246, "wording_set": "paraphrase_a", "ok": true, "error": ""}
{"request_id": "paraphrase-v1|linear_equation-01|direct|question_first|withhold|warm|paraphrase_a|MiniMax-M2.7", "queue_rank": 244, "wording_set": "paraphrase_a", "ok": true, "error": ""}
{"request_id": "paraphrase-v1|fraction_addition-05|direct|question_first|reveal|warm|paraphrase_a|MiniMax-M2.7", "queue_rank": 248, "wording_set": "paraphrase_a", "ok": true, "error": ""}
{"request_id": "paraphrase-v1|arithmetic_mean-01|direct|explain_only|reveal|warm|paraphrase_a|MiniMax-M2.7", "queue_rank": 249, "wording_set": "paraphrase_a", "ok": true, "error": ""}
{"request_id": "paraphrase-v1|fraction_addition-05|direct|explain_only|withhold|warm|paraphrase_b|MiniMax-M2.7", "queue_rank": 247, "wording_set": "paraphrase_b", "ok": true, "error": ""}
{"request_id": "paraphrase-v1|linear_equation-05|explore|question_first|withhold|warm|paraphrase_b|MiniMax-M2.7", "queue_rank": 252, "wording_set": "paraphrase_b", "ok": true, "error": ""}
{"request_id": "paraphrase-v1|fraction_addition-01|direct|question_first|reveal|warm|paraphrase_b|MiniMax-M2.7", "queue_rank": 250, "wording_set": "paraphrase_b", "ok": true, "error": ""}
{"request_id": "paraphrase-v1|fraction_addition-05|direct|question_first|reveal|neutral|paraphrase_a|MiniMax-M2.7", "queue_rank": 253, "wording_set": "paraphrase_a", "ok": true, "error": ""}
{"request_id": "paraphrase-v1|arithmetic_mean-01|explore|question_first|reveal|warm|paraphrase_a|MiniMax-M2.7", "queue_rank": 251, "wording_set": "paraphrase_a", "ok": true, "error": ""}
{"request_id": "paraphrase-v1|arithmetic_mean-01|explore|explain_only|reveal|warm|paraphrase_a|MiniMax-M2.7", "queue_rank": 255, "wording_set": "paraphrase_a", "ok": true, "error": ""}
{"request_id": "paraphrase-v1|percentage_discount-05|direct|question_first|withhold|warm|paraphrase_b|MiniMax-M2.7", "queue_rank": 254, "wording_set": "paraphrase_b", "ok": true, "error": ""}
{"request_id": "paraphrase-v1|percentage_discount-05|direct|question_first|reveal|neutral|paraphrase_b|glm-5.2", "queue_rank": 7, "wording_set": "paraphrase_b", "ok": true, "error": ""}
{"request_id": "paraphrase-v1|arithmetic_mean-01|direct|question_first|withhold|neutral|paraphrase_a|glm-5.2", "queue_rank": 0, "wording_set": "paraphrase_a", "ok": true, "error": ""}
{"request_id": "paraphrase-v1|linear_equation-05|explore|question_first|reveal|warm|paraphrase_b|glm-5.2", "queue_rank": 5, "wording_set": "paraphrase_b", "ok": true, "error": ""}
{"request_id": "paraphrase-v1|arithmetic_mean-05|direct|explain_only|reveal|warm|paraphrase_a|glm-5.2", "queue_rank": 4, "wording_set": "paraphrase_a", "ok": true, "error": ""}
{"request_id": "paraphrase-v1|linear_equation-05|direct|explain_only|reveal|neutral|paraphrase_b|glm-5.2", "queue_rank": 2, "wording_set": "paraphrase_b", "ok": true, "error": ""}
{"request_id": "paraphrase-v1|arithmetic_mean-01|explore|explain_only|reveal|warm|paraphrase_b|glm-5.2", "queue_rank": 1, "wording_set": "paraphrase_b", "ok": true, "error": ""}
{"request_id": "paraphrase-v1|linear_equation-01|direct|explain_only|withhold|warm|paraphrase_a|glm-5.2", "queue_rank": 3, "wording_set": "paraphrase_a", "ok": true, "error": ""}
{"request_id": "paraphrase-v1|percentage_discount-01|explore|explain_only|reveal|neutral|paraphrase_b|glm-5.2", "queue_rank": 9, "wording_set": "paraphrase_b", "ok": true, "error": ""}
{"request_id": "paraphrase-v1|fraction_addition-05|direct|question_first|withhold|warm|paraphrase_a|glm-5.2", "queue_rank": 12, "wording_set": "paraphrase_a", "ok": true, "error": ""}
{"request_id": "paraphrase-v1|fraction_addition-05|direct|explain_only|withhold|warm|paraphrase_b|glm-5.2", "queue_rank": 8, "wording_set": "paraphrase_b", "ok": true, "error": ""}
{"request_id": "paraphrase-v1|arithmetic_mean-01|explore|explain_only|withhold|warm|paraphrase_b|glm-5.2", "queue_rank": 10, "wording_set": "paraphrase_b", "ok": true, "error": ""}
{"request_id": "paraphrase-v1|arithmetic_mean-05|direct|explain_only|reveal|neutral|paraphrase_a|glm-5.2", "queue_rank": 14, "wording_set": "paraphrase_a", "ok": true, "error": ""}
{"request_id": "paraphrase-v1|fraction_addition-05|explore|question_first|reveal|warm|paraphrase_a|glm-5.2", "queue_rank": 6, "wording_set": "paraphrase_a", "ok": true, "error": ""}
{"request_id": "paraphrase-v1|arithmetic_mean-05|direct|question_first|reveal|warm|paraphrase_a|glm-5.2", "queue_rank": 16, "wording_set": "paraphrase_a", "ok": true, "error": ""}
{"request_id": "paraphrase-v1|percentage_discount-01|explore|question_first|reveal|neutral|paraphrase_b|glm-5.2", "queue_rank": 13, "wording_set": "paraphrase_b", "ok": true, "error": ""}
{"request_id": "paraphrase-v1|arithmetic_mean-01|explore|question_first|withhold|warm|paraphrase_b|glm-5.2", "queue_rank": 11, "wording_set": "paraphrase_b", "ok": true, "error": ""}
{"request_id": "paraphrase-v1|percentage_discount-05|direct|question_first|reveal|neutral|paraphrase_a|glm-5.2", "queue_rank": 18, "wording_set": "paraphrase_a", "ok": true, "error": ""}
{"request_id": "paraphrase-v1|linear_equation-01|explore|explain_only|reveal|neutral|paraphrase_a|glm-5.2", "queue_rank": 19, "wording_set": "paraphrase_a", "ok": true, "error": ""}
{"request_id": "paraphrase-v1|fraction_addition-05|direct|question_first|reveal|warm|paraphrase_b|glm-5.2", "queue_rank": 23, "wording_set": "paraphrase_b", "ok": true, "error": ""}
{"request_id": "paraphrase-v1|percentage_discount-05|direct|question_first|withhold|warm|paraphrase_b|glm-5.2", "queue_rank": 20, "wording_set": "paraphrase_b", "ok": true, "error": ""}
{"request_id": "paraphrase-v1|percentage_discount-05|explore|explain_only|withhold|neutral|paraphrase_b|glm-5.2", "queue_rank": 17, "wording_set": "paraphrase_b", "ok": true, "error": ""}
{"request_id": "paraphrase-v1|fraction_addition-05|explore|question_first|withhold|neutral|paraphrase_a|glm-5.2", "queue_rank": 21, "wording_set": "paraphrase_a", "ok": true, "error": ""}
{"request_id": "paraphrase-v1|fraction_addition-05|direct|explain_only|withhold|neutral|paraphrase_b|glm-5.2", "queue_rank": 25, "wording_set": "paraphrase_b", "ok": true, "error": ""}
{"request_id": "paraphrase-v1|percentage_discount-05|explore|question_first|withhold|neutral|paraphrase_b|glm-5.2", "queue_rank": 15, "wording_set": "paraphrase_b", "ok": true, "error": ""}
{"request_id": "paraphrase-v1|fraction_addition-01|explore|explain_only|withhold|warm|paraphrase_a|glm-5.2", "queue_rank": 26, "wording_set": "paraphrase_a", "ok": true, "error": ""}
{"request_id": "paraphrase-v1|linear_equation-01|direct|explain_only|withhold|neutral|paraphrase_a|glm-5.2", "queue_rank": 24, "wording_set": "paraphrase_a", "ok": true, "error": ""}
{"request_id": "paraphrase-v1|fraction_addition-01|explore|explain_only|withhold|neutral|paraphrase_a|glm-5.2", "queue_rank": 22, "wording_set": "paraphrase_a", "ok": true, "error": ""}
{"request_id": "paraphrase-v1|arithmetic_mean-01|direct|explain_only|reveal|warm|paraphrase_b|glm-5.2", "queue_rank": 27, "wording_set": "paraphrase_b", "ok": true, "error": ""}
{"request_id": "paraphrase-v1|fraction_addition-05|explore|question_first|reveal|neutral|paraphrase_a|glm-5.2", "queue_rank": 28, "wording_set": "paraphrase_a", "ok": true, "error": ""}
{"request_id": "paraphrase-v1|percentage_discount-05|direct|question_first|withhold|neutral|paraphrase_b|glm-5.2", "queue_rank": 31, "wording_set": "paraphrase_b", "ok": true, "error": ""}
{"request_id": "paraphrase-v1|percentage_discount-05|direct|explain_only|reveal|neutral|paraphrase_a|glm-5.2", "queue_rank": 36, "wording_set": "paraphrase_a", "ok": true, "error": ""}
{"request_id": "paraphrase-v1|fraction_addition-01|explore|explain_only|reveal|warm|paraphrase_a|glm-5.2", "queue_rank": 30, "wording_set": "paraphrase_a", "ok": true, "error": ""}
{"request_id": "paraphrase-v1|arithmetic_mean-05|direct|explain_only|withhold|warm|paraphrase_b|glm-5.2", "queue_rank": 33, "wording_set": "paraphrase_b", "ok": true, "error": ""}
{"request_id": "paraphrase-v1|percentage_discount-01|explore|question_first|withhold|warm|paraphrase_a|glm-5.2", "queue_rank": 29, "wording_set": "paraphrase_a", "ok": true, "error": ""}
{"request_id": "paraphrase-v1|linear_equation-01|explore|explain_only|reveal|neutral|paraphrase_b|glm-5.2", "queue_rank": 32, "wording_set": "paraphrase_b", "ok": true, "error": ""}
{"request_id": "paraphrase-v1|fraction_addition-05|direct|explain_only|reveal|neutral|paraphrase_b|glm-5.2", "queue_rank": 35, "wording_set": "paraphrase_b", "ok": true, "error": ""}
{"request_id": "paraphrase-v1|fraction_addition-05|explore|explain_only|reveal|warm|paraphrase_b|glm-5.2", "queue_rank": 34, "wording_set": "paraphrase_b", "ok": true, "error": ""}
{"request_id": "paraphrase-v1|linear_equation-01|explore|explain_only|reveal|warm|paraphrase_a|glm-5.2", "queue_rank": 41, "wording_set": "paraphrase_a", "ok": true, "error": ""}
{"request_id": "paraphrase-v1|fraction_addition-05|explore|explain_only|reveal|neutral|paraphrase_a|glm-5.2", "queue_rank": 42, "wording_set": "paraphrase_a", "ok": true, "error": ""}
{"request_id": "paraphrase-v1|linear_equation-05|explore|question_first|withhold|warm|paraphrase_a|glm-5.2", "queue_rank": 38, "wording_set": "paraphrase_a", "ok": true, "error": ""}
{"request_id": "paraphrase-v1|percentage_discount-01|explore|explain_only|withhold|warm|paraphrase_a|glm-5.2", "queue_rank": 40, "wording_set": "paraphrase_a", "ok": true, "error": ""}
{"request_id": "paraphrase-v1|percentage_discount-01|direct|question_first|reveal|warm|paraphrase_a|glm-5.2", "queue_rank": 37, "wording_set": "paraphrase_a", "ok": true, "error": ""}
{"request_id": "paraphrase-v1|percentage_discount-01|explore|explain_only|withhold|neutral|paraphrase_a|glm-5.2", "queue_rank": 44, "wording_set": "paraphrase_a", "ok": true, "error": ""}
{"request_id": "paraphrase-v1|percentage_discount-01|explore|question_first|withhold|neutral|paraphrase_a|glm-5.2", "queue_rank": 50, "wording_set": "paraphrase_a", "ok": true, "error": ""}
{"request_id": "paraphrase-v1|arithmetic_mean-01|direct|question_first|reveal|neutral|paraphrase_b|glm-5.2", "queue_rank": 47, "wording_set": "paraphrase_b", "ok": true, "error": ""}
{"request_id": "paraphrase-v1|fraction_addition-01|explore|question_first|withhold|warm|paraphrase_b|glm-5.2", "queue_rank": 39, "wording_set": "paraphrase_b", "ok": true, "error": ""}
{"request_id": "paraphrase-v1|percentage_discount-01|direct|explain_only|withhold|neutral|paraphrase_b|glm-5.2", "queue_rank": 45, "wording_set": "paraphrase_b", "ok": true, "error": ""}
{"request_id": "paraphrase-v1|linear_equation-01|explore|explain_only|withhold|neutral|paraphrase_b|glm-5.2", "queue_rank": 48, "wording_set": "paraphrase_b", "ok": true, "error": ""}
{"request_id": "paraphrase-v1|fraction_addition-05|direct|explain_only|withhold|neutral|paraphrase_a|glm-5.2", "queue_rank": 49, "wording_set": "paraphrase_a", "ok": true, "error": ""}
{"request_id": "paraphrase-v1|percentage_discount-05|explore|question_first|reveal|neutral|paraphrase_b|glm-5.2", "queue_rank": 46, "wording_set": "paraphrase_b", "ok": true, "error": ""}
{"request_id": "paraphrase-v1|percentage_discount-01|direct|explain_only|reveal|warm|paraphrase_a|glm-5.2", "queue_rank": 52, "wording_set": "paraphrase_a", "ok": true, "error": ""}
{"request_id": "paraphrase-v1|arithmetic_mean-05|explore|question_first|reveal|warm|paraphrase_b|glm-5.2", "queue_rank": 43, "wording_set": "paraphrase_b", "ok": true, "error": ""}
{"request_id": "paraphrase-v1|fraction_addition-05|explore|explain_only|withhold|warm|paraphrase_b|glm-5.2", "queue_rank": 54, "wording_set": "paraphrase_b", "ok": true, "error": ""}
{"request_id": "paraphrase-v1|fraction_addition-01|explore|question_first|reveal|neutral|paraphrase_a|glm-5.2", "queue_rank": 56, "wording_set": "paraphrase_a", "ok": true, "error": ""}
{"request_id": "paraphrase-v1|percentage_discount-01|explore|question_first|withhold|neutral|paraphrase_b|glm-5.2", "queue_rank": 51, "wording_set": "paraphrase_b", "ok": true, "error": ""}
{"request_id": "paraphrase-v1|arithmetic_mean-05|direct|explain_only|withhold|warm|paraphrase_a|glm-5.2", "queue_rank": 58, "wording_set": "paraphrase_a", "ok": true, "error": ""}
{"request_id": "paraphrase-v1|percentage_discount-01|direct|question_first|withhold|warm|paraphrase_a|glm-5.2", "queue_rank": 57, "wording_set": "paraphrase_a", "ok": true, "error": ""}
{"request_id": "paraphrase-v1|arithmetic_mean-05|direct|question_first|reveal|neutral|paraphrase_a|glm-5.2", "queue_rank": 62, "wording_set": "paraphrase_a", "ok": true, "error": ""}
{"request_id": "paraphrase-v1|fraction_addition-01|direct|question_first|withhold|neutral|paraphrase_a|glm-5.2", "queue_rank": 61, "wording_set": "paraphrase_a", "ok": true, "error": ""}
{"request_id": "paraphrase-v1|percentage_discount-01|direct|question_first|reveal|warm|paraphrase_b|glm-5.2", "queue_rank": 63, "wording_set": "paraphrase_b", "ok": true, "error": ""}
{"request_id": "paraphrase-v1|fraction_addition-01|direct|question_first|withhold|neutral|paraphrase_b|glm-5.2", "queue_rank": 53, "wording_set": "paraphrase_b", "ok": true, "error": ""}
{"request_id": "paraphrase-v1|percentage_discount-01|direct|explain_only|reveal|warm|paraphrase_b|glm-5.2", "queue_rank": 55, "wording_set": "paraphrase_b", "ok": true, "error": ""}
{"request_id": "paraphrase-v1|arithmetic_mean-01|direct|question_first|reveal|warm|paraphrase_a|glm-5.2", "queue_rank": 64, "wording_set": "paraphrase_a", "ok": true, "error": ""}
{"request_id": "paraphrase-v1|arithmetic_mean-01|direct|question_first|withhold|warm|paraphrase_b|glm-5.2", "queue_rank": 60, "wording_set": "paraphrase_b", "ok": true, "error": ""}
{"request_id": "paraphrase-v1|percentage_discount-01|explore|question_first|reveal|warm|paraphrase_a|glm-5.2", "queue_rank": 67, "wording_set": "paraphrase_a", "ok": true, "error": ""}
{"request_id": "paraphrase-v1|linear_equation-05|explore|explain_only|withhold|neutral|paraphrase_b|glm-5.2", "queue_rank": 71, "wording_set": "paraphrase_b", "ok": true, "error": ""}
{"request_id": "paraphrase-v1|fraction_addition-01|explore|explain_only|reveal|neutral|paraphrase_b|glm-5.2", "queue_rank": 68, "wording_set": "paraphrase_b", "ok": true, "error": ""}
{"request_id": "paraphrase-v1|linear_equation-05|explore|question_first|reveal|warm|paraphrase_a|glm-5.2", "queue_rank": 59, "wording_set": "paraphrase_a", "ok": true, "error": ""}
{"request_id": "paraphrase-v1|percentage_discount-05|direct|explain_only|reveal|warm|paraphrase_a|glm-5.2", "queue_rank": 72, "wording_set": "paraphrase_a", "ok": true, "error": ""}
{"request_id": "paraphrase-v1|percentage_discount-05|direct|explain_only|withhold|warm|paraphrase_a|glm-5.2", "queue_rank": 69, "wording_set": "paraphrase_a", "ok": true, "error": ""}
{"request_id": "paraphrase-v1|arithmetic_mean-01|direct|explain_only|withhold|warm|paraphrase_b|glm-5.2", "queue_rank": 66, "wording_set": "paraphrase_b", "ok": true, "error": ""}
{"request_id": "paraphrase-v1|percentage_discount-05|direct|explain_only|reveal|warm|paraphrase_b|glm-5.2", "queue_rank": 65, "wording_set": "paraphrase_b", "ok": true, "error": ""}
{"request_id": "paraphrase-v1|linear_equation-05|explore|explain_only|withhold|warm|paraphrase_a|glm-5.2", "queue_rank": 74, "wording_set": "paraphrase_a", "ok": true, "error": ""}
{"request_id": "paraphrase-v1|linear_equation-01|explore|explain_only|reveal|warm|paraphrase_b|glm-5.2", "queue_rank": 76, "wording_set": "paraphrase_b", "ok": true, "error": ""}
{"request_id": "paraphrase-v1|arithmetic_mean-01|explore|explain_only|reveal|warm|paraphrase_a|glm-5.2", "queue_rank": 75, "wording_set": "paraphrase_a", "ok": true, "error": ""}
{"request_id": "paraphrase-v1|arithmetic_mean-01|explore|question_first|reveal|warm|paraphrase_b|glm-5.2", "queue_rank": 73, "wording_set": "paraphrase_b", "ok": true, "error": ""}
{"request_id": "paraphrase-v1|linear_equation-01|direct|explain_only|reveal|neutral|paraphrase_b|glm-5.2", "queue_rank": 82, "wording_set": "paraphrase_b", "ok": true, "error": ""}
{"request_id": "paraphrase-v1|linear_equation-05|direct|question_first|withhold|warm|paraphrase_b|glm-5.2", "queue_rank": 70, "wording_set": "paraphrase_b", "ok": true, "error": ""}
{"request_id": "paraphrase-v1|arithmetic_mean-01|direct|explain_only|withhold|neutral|paraphrase_b|glm-5.2", "queue_rank": 80, "wording_set": "paraphrase_b", "ok": true, "error": ""}
{"request_id": "paraphrase-v1|arithmetic_mean-05|direct|question_first|withhold|neutral|paraphrase_b|glm-5.2", "queue_rank": 77, "wording_set": "paraphrase_b", "ok": true, "error": ""}
{"request_id": "paraphrase-v1|linear_equation-01|explore|question_first|withhold|warm|paraphrase_a|glm-5.2", "queue_rank": 79, "wording_set": "paraphrase_a", "ok": true, "error": ""}
{"request_id": "paraphrase-v1|arithmetic_mean-05|explore|question_first|withhold|warm|paraphrase_b|glm-5.2", "queue_rank": 81, "wording_set": "paraphrase_b", "ok": true, "error": ""}
{"request_id": "paraphrase-v1|linear_equation-01|direct|explain_only|reveal|neutral|paraphrase_a|glm-5.2", "queue_rank": 89, "wording_set": "paraphrase_a", "ok": true, "error": ""}
{"request_id": "paraphrase-v1|arithmetic_mean-01|explore|question_first|reveal|neutral|paraphrase_a|glm-5.2", "queue_rank": 84, "wording_set": "paraphrase_a", "ok": true, "error": ""}
{"request_id": "paraphrase-v1|fraction_addition-01|explore|explain_only|withhold|warm|paraphrase_b|glm-5.2", "queue_rank": 83, "wording_set": "paraphrase_b", "ok": true, "error": ""}
{"request_id": "paraphrase-v1|arithmetic_mean-01|explore|question_first|reveal|neutral|paraphrase_b|glm-5.2", "queue_rank": 78, "wording_set": "paraphrase_b", "ok": true, "error": ""}
{"request_id": "paraphrase-v1|fraction_addition-01|direct|question_first|withhold|warm|paraphrase_a|glm-5.2", "queue_rank": 85, "wording_set": "paraphrase_a", "ok": true, "error": ""}
{"request_id": "paraphrase-v1|linear_equation-05|explore|explain_only|reveal|neutral|paraphrase_a|glm-5.2", "queue_rank": 90, "wording_set": "paraphrase_a", "ok": true, "error": ""}
{"request_id": "paraphrase-v1|arithmetic_mean-05|direct|explain_only|withhold|neutral|paraphrase_a|glm-5.2", "queue_rank": 88, "wording_set": "paraphrase_a", "ok": true, "error": ""}
{"request_id": "paraphrase-v1|percentage_discount-05|direct|question_first|withhold|neutral|paraphrase_a|glm-5.2", "queue_rank": 86, "wording_set": "paraphrase_a", "ok": true, "error": ""}
{"request_id": "paraphrase-v1|fraction_addition-01|direct|question_first|reveal|neutral|paraphrase_b|glm-5.2", "queue_rank": 91, "wording_set": "paraphrase_b", "ok": true, "error": ""}
{"request_id": "paraphrase-v1|fraction_addition-01|direct|question_first|reveal|warm|paraphrase_b|glm-5.2", "queue_rank": 87, "wording_set": "paraphrase_b", "ok": true, "error": ""}
{"request_id": "paraphrase-v1|arithmetic_mean-05|explore|question_first|withhold|neutral|paraphrase_a|glm-5.2", "queue_rank": 93, "wording_set": "paraphrase_a", "ok": true, "error": ""}
{"request_id": "paraphrase-v1|linear_equation-05|direct|question_first|reveal|neutral|paraphrase_a|glm-5.2", "queue_rank": 94, "wording_set": "paraphrase_a", "ok": true, "error": ""}
{"request_id": "paraphrase-v1|percentage_discount-05|explore|explain_only|withhold|neutral|paraphrase_a|glm-5.2", "queue_rank": 92, "wording_set": "paraphrase_a", "ok": true, "error": ""}
{"request_id": "paraphrase-v1|linear_equation-01|direct|question_first|reveal|warm|paraphrase_a|glm-5.2", "queue_rank": 98, "wording_set": "paraphrase_a", "ok": true, "error": ""}
{"request_id": "paraphrase-v1|linear_equation-05|explore|explain_only|reveal|warm|paraphrase_a|glm-5.2", "queue_rank": 99, "wording_set": "paraphrase_a", "ok": true, "error": ""}
{"request_id": "paraphrase-v1|linear_equation-01|direct|question_first|withhold|neutral|paraphrase_a|glm-5.2", "queue_rank": 103, "wording_set": "paraphrase_a", "ok": true, "error": ""}
{"request_id": "paraphrase-v1|arithmetic_mean-05|explore|question_first|withhold|neutral|paraphrase_b|glm-5.2", "queue_rank": 95, "wording_set": "paraphrase_b", "ok": true, "error": ""}
{"request_id": "paraphrase-v1|fraction_addition-01|explore|explain_only|withhold|neutral|paraphrase_b|glm-5.2", "queue_rank": 106, "wording_set": "paraphrase_b", "ok": true, "error": ""}
{"request_id": "paraphrase-v1|fraction_addition-01|direct|explain_only|withhold|warm|paraphrase_a|glm-5.2", "queue_rank": 101, "wording_set": "paraphrase_a", "ok": true, "error": ""}
{"request_id": "paraphrase-v1|arithmetic_mean-05|explore|question_first|reveal|warm|paraphrase_a|glm-5.2", "queue_rank": 100, "wording_set": "paraphrase_a", "ok": true, "error": ""}
{"request_id": "paraphrase-v1|fraction_addition-01|direct|explain_only|withhold|neutral|paraphrase_a|glm-5.2", "queue_rank": 108, "wording_set": "paraphrase_a", "ok": true, "error": ""}
{"request_id": "paraphrase-v1|arithmetic_mean-05|explore|question_first|withhold|warm|paraphrase_a|glm-5.2", "queue_rank": 102, "wording_set": "paraphrase_a", "ok": true, "error": ""}
{"request_id": "paraphrase-v1|fraction_addition-05|explore|question_first|withhold|warm|paraphrase_b|glm-5.2", "queue_rank": 96, "wording_set": "paraphrase_b", "ok": true, "error": ""}
{"request_id": "paraphrase-v1|linear_equation-05|explore|explain_only|withhold|neutral|paraphrase_a|glm-5.2", "queue_rank": 107, "wording_set": "paraphrase_a", "ok": true, "error": ""}
{"request_id": "paraphrase-v1|linear_equation-05|direct|explain_only|withhold|warm|paraphrase_b|glm-5.2", "queue_rank": 97, "wording_set": "paraphrase_b", "ok": true, "error": ""}
{"request_id": "paraphrase-v1|arithmetic_mean-05|explore|question_first|reveal|neutral|paraphrase_a|glm-5.2", "queue_rank": 112, "wording_set": "paraphrase_a", "ok": true, "error": ""}
{"request_id": "paraphrase-v1|linear_equation-01|explore|explain_only|withhold|warm|paraphrase_b|glm-5.2", "queue_rank": 104, "wording_set": "paraphrase_b", "ok": true, "error": ""}
{"request_id": "paraphrase-v1|percentage_discount-05|explore|explain_only|reveal|neutral|paraphrase_a|glm-5.2", "queue_rank": 113, "wording_set": "paraphrase_a", "ok": true, "error": ""}
{"request_id": "paraphrase-v1|arithmetic_mean-01|direct|question_first|reveal|warm|paraphrase_b|glm-5.2", "queue_rank": 109, "wording_set": "paraphrase_b", "ok": true, "error": ""}
{"request_id": "paraphrase-v1|linear_equation-05|direct|question_first|reveal|neutral|paraphrase_b|glm-5.2", "queue_rank": 111, "wording_set": "paraphrase_b", "ok": true, "error": ""}
{"request_id": "paraphrase-v1|percentage_discount-05|explore|explain_only|reveal|neutral|paraphrase_b|glm-5.2", "queue_rank": 110, "wording_set": "paraphrase_b", "ok": true, "error": ""}
{"request_id": "paraphrase-v1|percentage_discount-01|direct|explain_only|reveal|neutral|paraphrase_b|glm-5.2", "queue_rank": 119, "wording_set": "paraphrase_b", "ok": true, "error": ""}
{"request_id": "paraphrase-v1|arithmetic_mean-05|explore|explain_only|withhold|warm|paraphrase_a|glm-5.2", "queue_rank": 117, "wording_set": "paraphrase_a", "ok": true, "error": ""}
{"request_id": "paraphrase-v1|fraction_addition-01|explore|question_first|withhold|neutral|paraphrase_b|glm-5.2", "queue_rank": 115, "wording_set": "paraphrase_b", "ok": true, "error": ""}
{"request_id": "paraphrase-v1|fraction_addition-01|direct|question_first|withhold|warm|paraphrase_b|glm-5.2", "queue_rank": 116, "wording_set": "paraphrase_b", "ok": true, "error": ""}
{"request_id": "paraphrase-v1|percentage_discount-01|direct|question_first|reveal|neutral|paraphrase_a|glm-5.2", "queue_rank": 118, "wording_set": "paraphrase_a", "ok": true, "error": ""}
{"request_id": "paraphrase-v1|fraction_addition-05|direct|explain_only|reveal|neutral|paraphrase_a|glm-5.2", "queue_rank": 123, "wording_set": "paraphrase_a", "ok": true, "error": ""}
{"request_id": "paraphrase-v1|fraction_addition-01|explore|question_first|reveal|warm|paraphrase_b|glm-5.2", "queue_rank": 105, "wording_set": "paraphrase_b", "ok": true, "error": ""}
{"request_id": "paraphrase-v1|linear_equation-01|direct|explain_only|withhold|neutral|paraphrase_b|glm-5.2", "queue_rank": 122, "wording_set": "paraphrase_b", "ok": true, "error": ""}
{"request_id": "paraphrase-v1|fraction_addition-01|direct|explain_only|reveal|warm|paraphrase_a|glm-5.2", "queue_rank": 125, "wording_set": "paraphrase_a", "ok": true, "error": ""}
{"request_id": "paraphrase-v1|linear_equation-05|explore|question_first|withhold|neutral|paraphrase_a|glm-5.2", "queue_rank": 127, "wording_set": "paraphrase_a", "ok": true, "error": ""}
{"request_id": "paraphrase-v1|linear_equation-05|explore|explain_only|reveal|warm|paraphrase_b|glm-5.2", "queue_rank": 114, "wording_set": "paraphrase_b", "ok": true, "error": ""}
{"request_id": "paraphrase-v1|linear_equation-05|direct|question_first|withhold|warm|paraphrase_a|glm-5.2", "queue_rank": 120, "wording_set": "paraphrase_a", "ok": true, "error": ""}
{"request_id": "paraphrase-v1|fraction_addition-01|explore|explain_only|reveal|neutral|paraphrase_a|glm-5.2", "queue_rank": 130, "wording_set": "paraphrase_a", "ok": true, "error": ""}
{"request_id": "paraphrase-v1|fraction_addition-05|direct|explain_only|reveal|warm|paraphrase_b|glm-5.2", "queue_rank": 121, "wording_set": "paraphrase_b", "ok": true, "error": ""}
{"request_id": "paraphrase-v1|arithmetic_mean-01|explore|explain_only|withhold|neutral|paraphrase_b|glm-5.2", "queue_rank": 131, "wording_set": "paraphrase_b", "ok": true, "error": ""}
{"request_id": "paraphrase-v1|arithmetic_mean-01|direct|explain_only|reveal|neutral|paraphrase_a|glm-5.2", "queue_rank": 135, "wording_set": "paraphrase_a", "ok": true, "error": ""}
{"request_id": "paraphrase-v1|linear_equation-05|direct|question_first|withhold|neutral|paraphrase_b|glm-5.2", "queue_rank": 126, "wording_set": "paraphrase_b", "ok": true, "error": ""}
{"request_id": "paraphrase-v1|fraction_addition-05|explore|explain_only|reveal|neutral|paraphrase_b|glm-5.2", "queue_rank": 133, "wording_set": "paraphrase_b", "ok": true, "error": ""}
{"request_id": "paraphrase-v1|percentage_discount-05|direct|explain_only|withhold|neutral|paraphrase_b|glm-5.2", "queue_rank": 129, "wording_set": "paraphrase_b", "ok": true, "error": ""}
{"request_id": "paraphrase-v1|linear_equation-05|direct|question_first|reveal|warm|paraphrase_a|glm-5.2", "queue_rank": 137, "wording_set": "paraphrase_a", "ok": true, "error": ""}
{"request_id": "paraphrase-v1|arithmetic_mean-01|direct|explain_only|withhold|neutral|paraphrase_a|glm-5.2", "queue_rank": 138, "wording_set": "paraphrase_a", "ok": true, "error": ""}
{"request_id": "paraphrase-v1|percentage_discount-05|explore|question_first|withhold|warm|paraphrase_b|glm-5.2", "queue_rank": 139, "wording_set": "paraphrase_b", "ok": true, "error": ""}
{"request_id": "paraphrase-v1|linear_equation-01|explore|explain_only|withhold|warm|paraphrase_a|glm-5.2", "queue_rank": 132, "wording_set": "paraphrase_a", "ok": true, "error": ""}
{"request_id": "paraphrase-v1|linear_equation-01|direct|question_first|reveal|neutral|paraphrase_b|glm-5.2", "queue_rank": 134, "wording_set": "paraphrase_b", "ok": true, "error": ""}
{"request_id": "paraphrase-v1|linear_equation-01|direct|question_first|reveal|warm|paraphrase_b|glm-5.2", "queue_rank": 136, "wording_set": "paraphrase_b", "ok": true, "error": ""}
{"request_id": "paraphrase-v1|linear_equation-01|direct|question_first|withhold|warm|paraphrase_a|glm-5.2", "queue_rank": 140, "wording_set": "paraphrase_a", "ok": true, "error": ""}
{"request_id": "paraphrase-v1|percentage_discount-05|direct|explain_only|reveal|neutral|paraphrase_b|glm-5.2", "queue_rank": 141, "wording_set": "paraphrase_b", "ok": true, "error": ""}
{"request_id": "paraphrase-v1|fraction_addition-01|direct|question_first|reveal|neutral|paraphrase_a|glm-5.2", "queue_rank": 143, "wording_set": "paraphrase_a", "ok": true, "error": ""}
{"request_id": "paraphrase-v1|percentage_discount-05|explore|question_first|withhold|neutral|paraphrase_a|glm-5.2", "queue_rank": 147, "wording_set": "paraphrase_a", "ok": true, "error": ""}
{"request_id": "paraphrase-v1|arithmetic_mean-05|explore|question_first|reveal|neutral|paraphrase_b|glm-5.2", "queue_rank": 124, "wording_set": "paraphrase_b", "ok": true, "error": ""}
{"request_id": "paraphrase-v1|fraction_addition-05|explore|explain_only|withhold|neutral|paraphrase_a|glm-5.2", "queue_rank": 145, "wording_set": "paraphrase_a", "ok": true, "error": ""}
{"request_id": "paraphrase-v1|percentage_discount-05|direct|explain_only|withhold|warm|paraphrase_b|glm-5.2", "queue_rank": 144, "wording_set": "paraphrase_b", "ok": true, "error": ""}
{"request_id": "paraphrase-v1|fraction_addition-05|explore|question_first|withhold|neutral|paraphrase_b|glm-5.2", "queue_rank": 142, "wording_set": "paraphrase_b", "ok": true, "error": ""}
{"request_id": "paraphrase-v1|fraction_addition-01|direct|explain_only|reveal|warm|paraphrase_b|glm-5.2", "queue_rank": 128, "wording_set": "paraphrase_b", "ok": true, "error": ""}
{"request_id": "paraphrase-v1|arithmetic_mean-05|direct|question_first|withhold|neutral|paraphrase_a|glm-5.2", "queue_rank": 149, "wording_set": "paraphrase_a", "ok": true, "error": ""}
{"request_id": "paraphrase-v1|linear_equation-05|direct|explain_only|reveal|warm|paraphrase_a|glm-5.2", "queue_rank": 152, "wording_set": "paraphrase_a", "ok": true, "error": ""}
{"request_id": "paraphrase-v1|percentage_discount-01|explore|explain_only|reveal|warm|paraphrase_a|glm-5.2", "queue_rank": 146, "wording_set": "paraphrase_a", "ok": true, "error": ""}
{"request_id": "paraphrase-v1|fraction_addition-05|direct|explain_only|withhold|warm|paraphrase_a|glm-5.2", "queue_rank": 153, "wording_set": "paraphrase_a", "ok": true, "error": ""}
{"request_id": "paraphrase-v1|percentage_discount-01|explore|question_first|reveal|neutral|paraphrase_a|glm-5.2", "queue_rank": 155, "wording_set": "paraphrase_a", "ok": true, "error": ""}
{"request_id": "paraphrase-v1|arithmetic_mean-05|explore|explain_only|reveal|warm|paraphrase_b|glm-5.2", "queue_rank": 148, "wording_set": "paraphrase_b", "ok": true, "error": ""}
{"request_id": "paraphrase-v1|fraction_addition-05|explore|question_first|reveal|neutral|paraphrase_b|glm-5.2", "queue_rank": 151, "wording_set": "paraphrase_b", "ok": true, "error": ""}
{"request_id": "paraphrase-v1|arithmetic_mean-01|explore|question_first|reveal|warm|paraphrase_a|glm-5.2", "queue_rank": 157, "wording_set": "paraphrase_a", "ok": true, "error": ""}
{"request_id": "paraphrase-v1|percentage_discount-01|direct|question_first|withhold|neutral|paraphrase_b|glm-5.2", "queue_rank": 154, "wording_set": "paraphrase_b", "ok": true, "error": ""}
{"request_id": "paraphrase-v1|percentage_discount-05|explore|question_first|withhold|warm|paraphrase_a|glm-5.2", "queue_rank": 156, "wording_set": "paraphrase_a", "ok": true, "error": ""}
{"request_id": "paraphrase-v1|percentage_discount-05|explore|explain_only|withhold|warm|paraphrase_b|glm-5.2", "queue_rank": 158, "wording_set": "paraphrase_b", "ok": true, "error": ""}
{"request_id": "paraphrase-v1|arithmetic_mean-05|direct|question_first|withhold|warm|paraphrase_a|glm-5.2", "queue_rank": 160, "wording_set": "paraphrase_a", "ok": true, "error": ""}
{"request_id": "paraphrase-v1|percentage_discount-05|explore|explain_only|withhold|warm|paraphrase_a|glm-5.2", "queue_rank": 164, "wording_set": "paraphrase_a", "ok": true, "error": ""}
{"request_id": "paraphrase-v1|fraction_addition-05|explore|question_first|reveal|warm|paraphrase_b|glm-5.2", "queue_rank": 150, "wording_set": "paraphrase_b", "ok": true, "error": ""}
{"request_id": "paraphrase-v1|linear_equation-01|direct|question_first|reveal|neutral|paraphrase_a|glm-5.2", "queue_rank": 162, "wording_set": "paraphrase_a", "ok": true, "error": ""}
{"request_id": "paraphrase-v1|fraction_addition-05|direct|question_first|withhold|warm|paraphrase_b|glm-5.2", "queue_rank": 159, "wording_set": "paraphrase_b", "ok": true, "error": ""}
{"request_id": "paraphrase-v1|arithmetic_mean-05|explore|explain_only|reveal|warm|paraphrase_a|glm-5.2", "queue_rank": 169, "wording_set": "paraphrase_a", "ok": true, "error": ""}
{"request_id": "paraphrase-v1|percentage_discount-01|direct|question_first|reveal|neutral|paraphrase_b|glm-5.2", "queue_rank": 166, "wording_set": "paraphrase_b", "ok": true, "error": ""}
{"request_id": "paraphrase-v1|percentage_discount-01|direct|explain_only|withhold|warm|paraphrase_a|glm-5.2", "queue_rank": 168, "wording_set": "paraphrase_a", "ok": true, "error": ""}
{"request_id": "paraphrase-v1|percentage_discount-05|direct|question_first|reveal|warm|paraphrase_b|glm-5.2", "queue_rank": 163, "wording_set": "paraphrase_b", "ok": true, "error": ""}
{"request_id": "paraphrase-v1|percentage_discount-01|direct|question_first|withhold|neutral|paraphrase_a|glm-5.2", "queue_rank": 170, "wording_set": "paraphrase_a", "ok": true, "error": ""}
{"request_id": "paraphrase-v1|linear_equation-01|explore|question_first|reveal|neutral|paraphrase_a|glm-5.2", "queue_rank": 167, "wording_set": "paraphrase_a", "ok": true, "error": ""}
{"request_id": "paraphrase-v1|linear_equation-05|explore|explain_only|reveal|neutral|paraphrase_b|glm-5.2", "queue_rank": 171, "wording_set": "paraphrase_b", "ok": true, "error": ""}
{"request_id": "paraphrase-v1|fraction_addition-05|direct|question_first|reveal|warm|paraphrase_a|glm-5.2", "queue_rank": 172, "wording_set": "paraphrase_a", "ok": true, "error": ""}
{"request_id": "paraphrase-v1|percentage_discount-01|direct|question_first|withhold|warm|paraphrase_b|glm-5.2", "queue_rank": 165, "wording_set": "paraphrase_b", "ok": true, "error": ""}
{"request_id": "paraphrase-v1|fraction_addition-01|direct|explain_only|withhold|neutral|paraphrase_b|glm-5.2", "queue_rank": 177, "wording_set": "paraphrase_b", "ok": true, "error": ""}
{"request_id": "paraphrase-v1|fraction_addition-05|explore|explain_only|withhold|neutral|paraphrase_b|glm-5.2", "queue_rank": 176, "wording_set": "paraphrase_b", "ok": true, "error": ""}
{"request_id": "paraphrase-v1|arithmetic_mean-01|explore|question_first|withhold|warm|paraphrase_a|glm-5.2", "queue_rank": 175, "wording_set": "paraphrase_a", "ok": true, "error": ""}
{"request_id": "paraphrase-v1|percentage_discount-01|direct|explain_only|reveal|neutral|paraphrase_a|glm-5.2", "queue_rank": 181, "wording_set": "paraphrase_a", "ok": true, "error": ""}
{"request_id": "paraphrase-v1|linear_equation-01|direct|explain_only|reveal|warm|paraphrase_a|glm-5.2", "queue_rank": 179, "wording_set": "paraphrase_a", "ok": true, "error": ""}
{"request_id": "paraphrase-v1|arithmetic_mean-01|explore|explain_only|withhold|neutral|paraphrase_a|glm-5.2", "queue_rank": 180, "wording_set": "paraphrase_a", "ok": true, "error": ""}
{"request_id": "paraphrase-v1|linear_equation-05|direct|explain_only|reveal|warm|paraphrase_b|glm-5.2", "queue_rank": 161, "wording_set": "paraphrase_b", "ok": true, "error": ""}
{"request_id": "paraphrase-v1|arithmetic_mean-01|explore|explain_only|reveal|neutral|paraphrase_a|glm-5.2", "queue_rank": 182, "wording_set": "paraphrase_a", "ok": true, "error": ""}
{"request_id": "paraphrase-v1|linear_equation-01|direct|question_first|withhold|neutral|paraphrase_b|glm-5.2", "queue_rank": 173, "wording_set": "paraphrase_b", "ok": true, "error": ""}
{"request_id": "paraphrase-v1|linear_equation-01|explore|question_first|reveal|neutral|paraphrase_b|glm-5.2", "queue_rank": 178, "wording_set": "paraphrase_b", "ok": true, "error": ""}
{"request_id": "paraphrase-v1|linear_equation-01|explore|question_first|reveal|warm|paraphrase_b|glm-5.2", "queue_rank": 174, "wording_set": "paraphrase_b", "ok": true, "error": ""}
{"request_id": "paraphrase-v1|arithmetic_mean-01|explore|question_first|withhold|neutral|paraphrase_b|glm-5.2", "queue_rank": 183, "wording_set": "paraphrase_b", "ok": true, "error": ""}
{"request_id": "paraphrase-v1|fraction_addition-01|direct|explain_only|reveal|neutral|paraphrase_b|glm-5.2", "queue_rank": 185, "wording_set": "paraphrase_b", "ok": true, "error": ""}
{"request_id": "paraphrase-v1|percentage_discount-01|direct|explain_only|withhold|warm|paraphrase_b|glm-5.2", "queue_rank": 188, "wording_set": "paraphrase_b", "ok": true, "error": ""}
{"request_id": "paraphrase-v1|fraction_addition-01|explore|question_first|withhold|neutral|paraphrase_a|glm-5.2", "queue_rank": 187, "wording_set": "paraphrase_a", "ok": true, "error": ""}
{"request_id": "paraphrase-v1|linear_equation-05|direct|explain_only|withhold|neutral|paraphrase_a|glm-5.2", "queue_rank": 184, "wording_set": "paraphrase_a", "ok": true, "error": ""}
{"request_id": "paraphrase-v1|fraction_addition-01|direct|question_first|reveal|warm|paraphrase_a|glm-5.2", "queue_rank": 192, "wording_set": "paraphrase_a", "ok": true, "error": ""}
{"request_id": "paraphrase-v1|linear_equation-05|explore|explain_only|withhold|warm|paraphrase_b|glm-5.2", "queue_rank": 195, "wording_set": "paraphrase_b", "ok": true, "error": ""}
{"request_id": "paraphrase-v1|arithmetic_mean-05|explore|explain_only|withhold|warm|paraphrase_b|glm-5.2", "queue_rank": 190, "wording_set": "paraphrase_b", "ok": true, "error": ""}
{"request_id": "paraphrase-v1|fraction_addition-05|explore|explain_only|withhold|warm|paraphrase_a|glm-5.2", "queue_rank": 193, "wording_set": "paraphrase_a", "ok": true, "error": ""}
{"request_id": "paraphrase-v1|fraction_addition-01|explore|question_first|reveal|neutral|paraphrase_b|glm-5.2", "queue_rank": 194, "wording_set": "paraphrase_b", "ok": true, "error": ""}
{"request_id": "paraphrase-v1|fraction_addition-01|explore|explain_only|reveal|warm|paraphrase_b|glm-5.2", "queue_rank": 189, "wording_set": "paraphrase_b", "ok": true, "error": ""}
{"request_id": "paraphrase-v1|linear_equation-05|explore|question_first|withhold|warm|paraphrase_b|glm-5.2", "queue_rank": 186, "wording_set": "paraphrase_b", "ok": true, "error": ""}
{"request_id": "paraphrase-v1|linear_equation-01|explore|question_first|withhold|warm|paraphrase_b|glm-5.2", "queue_rank": 199, "wording_set": "paraphrase_b", "ok": true, "error": ""}
{"request_id": "paraphrase-v1|linear_equation-01|explore|question_first|reveal|warm|paraphrase_a|glm-5.2", "queue_rank": 191, "wording_set": "paraphrase_a", "ok": true, "error": ""}
{"request_id": "paraphrase-v1|linear_equation-05|direct|question_first|reveal|warm|paraphrase_b|glm-5.2", "queue_rank": 196, "wording_set": "paraphrase_b", "ok": true, "error": ""}
{"request_id": "paraphrase-v1|arithmetic_mean-05|explore|explain_only|withhold|neutral|paraphrase_a|glm-5.2", "queue_rank": 201, "wording_set": "paraphrase_a", "ok": true, "error": ""}
{"request_id": "paraphrase-v1|fraction_addition-05|explore|question_first|withhold|warm|paraphrase_a|glm-5.2", "queue_rank": 200, "wording_set": "paraphrase_a", "ok": true, "error": ""}
{"request_id": "paraphrase-v1|fraction_addition-05|direct|question_first|reveal|neutral|paraphrase_b|glm-5.2", "queue_rank": 203, "wording_set": "paraphrase_b", "ok": true, "error": ""}
{"request_id": "paraphrase-v1|linear_equation-05|direct|question_first|withhold|neutral|paraphrase_a|glm-5.2", "queue_rank": 205, "wording_set": "paraphrase_a", "ok": true, "error": ""}
{"request_id": "paraphrase-v1|linear_equation-05|direct|explain_only|withhold|neutral|paraphrase_b|glm-5.2", "queue_rank": 198, "wording_set": "paraphrase_b", "ok": true, "error": ""}
{"request_id": "paraphrase-v1|percentage_discount-05|explore|question_first|reveal|warm|paraphrase_a|glm-5.2", "queue_rank": 197, "wording_set": "paraphrase_a", "ok": true, "error": ""}
{"request_id": "paraphrase-v1|arithmetic_mean-01|direct|explain_only|withhold|warm|paraphrase_a|glm-5.2", "queue_rank": 204, "wording_set": "paraphrase_a", "ok": true, "error": ""}
{"request_id": "paraphrase-v1|linear_equation-05|direct|explain_only|reveal|neutral|paraphrase_a|glm-5.2", "queue_rank": 211, "wording_set": "paraphrase_a", "ok": true, "error": ""}
{"request_id": "paraphrase-v1|arithmetic_mean-01|direct|explain_only|reveal|neutral|paraphrase_b|glm-5.2", "queue_rank": 208, "wording_set": "paraphrase_b", "ok": true, "error": ""}
{"request_id": "paraphrase-v1|arithmetic_mean-01|direct|question_first|withhold|neutral|paraphrase_b|glm-5.2", "queue_rank": 206, "wording_set": "paraphrase_b", "ok": true, "error": ""}
{"request_id": "paraphrase-v1|fraction_addition-05|explore|explain_only|reveal|warm|paraphrase_a|glm-5.2", "queue_rank": 209, "wording_set": "paraphrase_a", "ok": true, "error": ""}
{"request_id": "paraphrase-v1|fraction_addition-05|direct|explain_only|reveal|warm|paraphrase_a|glm-5.2", "queue_rank": 215, "wording_set": "paraphrase_a", "ok": true, "error": ""}
{"request_id": "paraphrase-v1|arithmetic_mean-01|direct|question_first|reveal|neutral|paraphrase_a|glm-5.2", "queue_rank": 216, "wording_set": "paraphrase_a", "ok": true, "error": ""}
{"request_id": "paraphrase-v1|percentage_discount-05|explore|question_first|reveal|neutral|paraphrase_a|glm-5.2", "queue_rank": 214, "wording_set": "paraphrase_a", "ok": true, "error": ""}
{"request_id": "paraphrase-v1|arithmetic_mean-05|explore|explain_only|reveal|neutral|paraphrase_b|glm-5.2", "queue_rank": 213, "wording_set": "paraphrase_b", "ok": true, "error": ""}
{"request_id": "paraphrase-v1|percentage_discount-05|direct|question_first|withhold|warm|paraphrase_a|glm-5.2", "queue_rank": 212, "wording_set": "paraphrase_a", "ok": true, "error": ""}
{"request_id": "paraphrase-v1|arithmetic_mean-05|explore|explain_only|withhold|neutral|paraphrase_b|glm-5.2", "queue_rank": 217, "wording_set": "paraphrase_b", "ok": true, "error": ""}
{"request_id": "paraphrase-v1|percentage_discount-01|explore|explain_only|reveal|neutral|paraphrase_a|glm-5.2", "queue_rank": 218, "wording_set": "paraphrase_a", "ok": true, "error": ""}
{"request_id": "paraphrase-v1|linear_equation-05|explore|question_first|withhold|neutral|paraphrase_b|glm-5.2", "queue_rank": 207, "wording_set": "paraphrase_b", "ok": true, "error": ""}
{"request_id": "paraphrase-v1|percentage_discount-01|explore|explain_only|reveal|warm|paraphrase_b|glm-5.2", "queue_rank": 202, "wording_set": "paraphrase_b", "ok": true, "error": ""}
{"request_id": "paraphrase-v1|percentage_discount-05|explore|question_first|reveal|warm|paraphrase_b|glm-5.2", "queue_rank": 210, "wording_set": "paraphrase_b", "ok": true, "error": ""}
{"request_id": "paraphrase-v1|arithmetic_mean-05|direct|explain_only|reveal|warm|paraphrase_b|glm-5.2", "queue_rank": 219, "wording_set": "paraphrase_b", "ok": true, "error": ""}
{"request_id": "paraphrase-v1|arithmetic_mean-01|explore|question_first|withhold|neutral|paraphrase_a|glm-5.2", "queue_rank": 222, "wording_set": "paraphrase_a", "ok": true, "error": ""}
{"request_id": "paraphrase-v1|linear_equation-01|explore|explain_only|withhold|neutral|paraphrase_a|glm-5.2", "queue_rank": 226, "wording_set": "paraphrase_a", "ok": true, "error": ""}
{"request_id": "paraphrase-v1|percentage_discount-05|direct|explain_only|withhold|neutral|paraphrase_a|glm-5.2", "queue_rank": 223, "wording_set": "paraphrase_a", "ok": true, "error": ""}
{"request_id": "paraphrase-v1|fraction_addition-01|direct|explain_only|withhold|warm|paraphrase_b|glm-5.2", "queue_rank": 220, "wording_set": "paraphrase_b", "ok": true, "error": ""}
{"request_id": "paraphrase-v1|percentage_discount-01|explore|explain_only|withhold|neutral|paraphrase_b|glm-5.2", "queue_rank": 225, "wording_set": "paraphrase_b", "ok": true, "error": ""}
{"request_id": "paraphrase-v1|fraction_addition-01|explore|question_first|reveal|warm|paraphrase_a|glm-5.2", "queue_rank": 224, "wording_set": "paraphrase_a", "ok": true, "error": ""}
{"request_id": "paraphrase-v1|linear_equation-01|direct|question_first|withhold|warm|paraphrase_b|glm-5.2", "queue_rank": 221, "wording_set": "paraphrase_b", "ok": true, "error": ""}
{"request_id": "paraphrase-v1|fraction_addition-01|direct|explain_only|reveal|neutral|paraphrase_a|glm-5.2", "queue_rank": 227, "wording_set": "paraphrase_a", "ok": true, "error": ""}
{"request_id": "paraphrase-v1|arithmetic_mean-05|direct|explain_only|reveal|neutral|paraphrase_b|glm-5.2", "queue_rank": 231, "wording_set": "paraphrase_b", "ok": true, "error": ""}
{"request_id": "paraphrase-v1|linear_equation-01|explore|question_first|withhold|neutral|paraphrase_b|glm-5.2", "queue_rank": 229, "wording_set": "paraphrase_b", "ok": true, "error": ""}
{"request_id": "paraphrase-v1|percentage_discount-05|direct|question_first|reveal|warm|paraphrase_a|glm-5.2", "queue_rank": 233, "wording_set": "paraphrase_a", "ok": true, "error": ""}
{"request_id": "paraphrase-v1|percentage_discount-01|direct|explain_only|withhold|neutral|paraphrase_a|glm-5.2", "queue_rank": 232, "wording_set": "paraphrase_a", "ok": true, "error": ""}
{"request_id": "paraphrase-v1|linear_equation-05|explore|question_first|reveal|neutral|paraphrase_a|glm-5.2", "queue_rank": 234, "wording_set": "paraphrase_a", "ok": true, "error": ""}
{"request_id": "paraphrase-v1|arithmetic_mean-01|explore|explain_only|withhold|warm|paraphrase_a|glm-5.2", "queue_rank": 235, "wording_set": "paraphrase_a", "ok": true, "error": ""}
{"request_id": "paraphrase-v1|arithmetic_mean-05|direct|question_first|reveal|warm|paraphrase_b|glm-5.2", "queue_rank": 236, "wording_set": "paraphrase_b", "ok": true, "error": ""}
{"request_id": "paraphrase-v1|percentage_discount-01|explore|explain_only|withhold|warm|paraphrase_b|glm-5.2", "queue_rank": 228, "wording_set": "paraphrase_b", "ok": true, "error": ""}
{"request_id": "paraphrase-v1|percentage_discount-01|explore|question_first|withhold|warm|paraphrase_b|glm-5.2", "queue_rank": 237, "wording_set": "paraphrase_b", "ok": true, "error": ""}
{"request_id": "paraphrase-v1|fraction_addition-05|direct|question_first|reveal|neutral|paraphrase_a|glm-5.2", "queue_rank": 241, "wording_set": "paraphrase_a", "ok": true, "error": ""}
{"request_id": "paraphrase-v1|arithmetic_mean-01|direct|explain_only|reveal|warm|paraphrase_a|glm-5.2", "queue_rank": 239, "wording_set": "paraphrase_a", "ok": true, "error": ""}
{"request_id": "paraphrase-v1|linear_equation-01|explore|question_first|withhold|neutral|paraphrase_a|glm-5.2", "queue_rank": 240, "wording_set": "paraphrase_a", "ok": true, "error": ""}
{"request_id": "paraphrase-v1|percentage_discount-01|explore|question_first|reveal|warm|paraphrase_b|glm-5.2", "queue_rank": 230, "wording_set": "paraphrase_b", "ok": true, "error": ""}
{"request_id": "paraphrase-v1|arithmetic_mean-01|explore|explain_only|reveal|neutral|paraphrase_b|glm-5.2", "queue_rank": 243, "wording_set": "paraphrase_b", "ok": true, "error": ""}
{"request_id": "paraphrase-v1|arithmetic_mean-05|direct|question_first|withhold|warm|paraphrase_b|glm-5.2", "queue_rank": 248, "wording_set": "paraphrase_b", "ok": true, "error": ""}
{"request_id": "paraphrase-v1|linear_equation-05|direct|explain_only|withhold|warm|paraphrase_a|glm-5.2", "queue_rank": 245, "wording_set": "paraphrase_a", "ok": true, "error": ""}
{"request_id": "paraphrase-v1|linear_equation-05|explore|question_first|reveal|neutral|paraphrase_b|glm-5.2", "queue_rank": 246, "wording_set": "paraphrase_b", "ok": true, "error": ""}
{"request_id": "paraphrase-v1|arithmetic_mean-05|explore|explain_only|reveal|neutral|paraphrase_a|glm-5.2", "queue_rank": 247, "wording_set": "paraphrase_a", "ok": true, "error": ""}
{"request_id": "paraphrase-v1|percentage_discount-05|explore|explain_only|reveal|warm|paraphrase_b|glm-5.2", "queue_rank": 238, "wording_set": "paraphrase_b", "ok": true, "error": ""}
{"request_id": "paraphrase-v1|fraction_addition-01|explore|question_first|withhold|warm|paraphrase_a|glm-5.2", "queue_rank": 251, "wording_set": "paraphrase_a", "ok": true, "error": ""}
{"request_id": "paraphrase-v1|fraction_addition-05|direct|question_first|withhold|neutral|paraphrase_b|glm-5.2", "queue_rank": 249, "wording_set": "paraphrase_b", "ok": true, "error": ""}
{"request_id": "paraphrase-v1|fraction_addition-05|direct|question_first|withhold|neutral|paraphrase_a|glm-5.2", "queue_rank": 250, "wording_set": "paraphrase_a", "ok": true, "error": ""}
{"request_id": "paraphrase-v1|percentage_discount-05|explore|explain_only|reveal|warm|paraphrase_a|glm-5.2", "queue_rank": 253, "wording_set": "paraphrase_a", "ok": true, "error": ""}
{"request_id": "paraphrase-v1|linear_equation-01|direct|explain_only|reveal|warm|paraphrase_b|glm-5.2", "queue_rank": 242, "wording_set": "paraphrase_b", "ok": true, "error": ""}
{"request_id": "paraphrase-v1|linear_equation-01|direct|explain_only|withhold|warm|paraphrase_b|glm-5.2", "queue_rank": 244, "wording_set": "paraphrase_b", "ok": true, "error": ""}
{"request_id": "paraphrase-v1|arithmetic_mean-05|direct|explain_only|withhold|neutral|paraphrase_b|glm-5.2", "queue_rank": 252, "wording_set": "paraphrase_b", "ok": true, "error": ""}
{"request_id": "paraphrase-v1|arithmetic_mean-05|direct|question_first|reveal|neutral|paraphrase_b|glm-5.2", "queue_rank": 254, "wording_set": "paraphrase_b", "ok": true, "error": ""}
{"request_id": "paraphrase-v1|arithmetic_mean-01|direct|question_first|withhold|warm|paraphrase_a|glm-5.2", "queue_rank": 255, "wording_set": "paraphrase_a", "ok": true, "error": ""}
{"request_id": "paraphrase-v1|fraction_addition-01|explore|explain_only|reveal|neutral|paraphrase_a|deepseek-v4-pro", "queue_rank": 1, "wording_set": "paraphrase_a", "ok": true, "error": ""}
{"request_id": "paraphrase-v1|linear_equation-01|direct|explain_only|reveal|warm|paraphrase_a|deepseek-v4-pro", "queue_rank": 6, "wording_set": "paraphrase_a", "ok": true, "error": ""}
{"request_id": "paraphrase-v1|linear_equation-01|direct|question_first|reveal|neutral|paraphrase_b|deepseek-v4-pro", "queue_rank": 2, "wording_set": "paraphrase_b", "ok": true, "error": ""}
{"request_id": "paraphrase-v1|linear_equation-01|explore|explain_only|withhold|warm|paraphrase_a|deepseek-v4-pro", "queue_rank": 0, "wording_set": "paraphrase_a", "ok": true, "error": ""}
{"request_id": "paraphrase-v1|arithmetic_mean-01|direct|question_first|reveal|warm|paraphrase_b|deepseek-v4-pro", "queue_rank": 5, "wording_set": "paraphrase_b", "ok": true, "error": ""}
{"request_id": "paraphrase-v1|linear_equation-05|explore|question_first|withhold|warm|paraphrase_a|deepseek-v4-pro", "queue_rank": 4, "wording_set": "paraphrase_a", "ok": true, "error": ""}
{"request_id": "paraphrase-v1|percentage_discount-05|direct|explain_only|withhold|warm|paraphrase_b|deepseek-v4-pro", "queue_rank": 3, "wording_set": "paraphrase_b", "ok": true, "error": ""}
{"request_id": "paraphrase-v1|arithmetic_mean-01|direct|explain_only|withhold|neutral|paraphrase_a|deepseek-v4-pro", "queue_rank": 7, "wording_set": "paraphrase_a", "ok": true, "error": ""}
{"request_id": "paraphrase-v1|percentage_discount-05|explore|explain_only|withhold|neutral|paraphrase_b|deepseek-v4-pro", "queue_rank": 10, "wording_set": "paraphrase_b", "ok": true, "error": ""}
{"request_id": "paraphrase-v1|linear_equation-01|explore|explain_only|withhold|warm|paraphrase_b|deepseek-v4-pro", "queue_rank": 12, "wording_set": "paraphrase_b", "ok": true, "error": ""}
{"request_id": "paraphrase-v1|linear_equation-05|explore|explain_only|withhold|neutral|paraphrase_a|deepseek-v4-pro", "queue_rank": 11, "wording_set": "paraphrase_a", "ok": true, "error": ""}
{"request_id": "paraphrase-v1|fraction_addition-01|explore|question_first|withhold|neutral|paraphrase_b|deepseek-v4-pro", "queue_rank": 14, "wording_set": "paraphrase_b", "ok": true, "error": ""}
{"request_id": "paraphrase-v1|fraction_addition-01|explore|question_first|reveal|warm|paraphrase_a|deepseek-v4-pro", "queue_rank": 8, "wording_set": "paraphrase_a", "ok": true, "error": ""}
{"request_id": "paraphrase-v1|arithmetic_mean-01|direct|explain_only|reveal|warm|paraphrase_b|deepseek-v4-pro", "queue_rank": 13, "wording_set": "paraphrase_b", "ok": true, "error": ""}
{"request_id": "paraphrase-v1|fraction_addition-05|direct|explain_only|reveal|neutral|paraphrase_a|deepseek-v4-pro", "queue_rank": 16, "wording_set": "paraphrase_a", "ok": true, "error": ""}
{"request_id": "paraphrase-v1|percentage_discount-05|direct|explain_only|withhold|warm|paraphrase_a|deepseek-v4-pro", "queue_rank": 9, "wording_set": "paraphrase_a", "ok": true, "error": ""}
{"request_id": "paraphrase-v1|arithmetic_mean-01|direct|question_first|reveal|warm|paraphrase_a|deepseek-v4-pro", "queue_rank": 15, "wording_set": "paraphrase_a", "ok": true, "error": ""}
{"request_id": "paraphrase-v1|arithmetic_mean-01|direct|question_first|withhold|warm|paraphrase_b|deepseek-v4-pro", "queue_rank": 19, "wording_set": "paraphrase_b", "ok": true, "error": ""}
{"request_id": "paraphrase-v1|fraction_addition-05|explore|question_first|reveal|neutral|paraphrase_a|deepseek-v4-pro", "queue_rank": 20, "wording_set": "paraphrase_a", "ok": true, "error": ""}
{"request_id": "paraphrase-v1|percentage_discount-05|direct|question_first|withhold|neutral|paraphrase_a|deepseek-v4-pro", "queue_rank": 22, "wording_set": "paraphrase_a", "ok": true, "error": ""}
{"request_id": "paraphrase-v1|arithmetic_mean-01|direct|question_first|withhold|warm|paraphrase_a|deepseek-v4-pro", "queue_rank": 21, "wording_set": "paraphrase_a", "ok": true, "error": ""}
{"request_id": "paraphrase-v1|fraction_addition-01|explore|explain_only|reveal|warm|paraphrase_b|deepseek-v4-pro", "queue_rank": 17, "wording_set": "paraphrase_b", "ok": true, "error": ""}
{"request_id": "paraphrase-v1|percentage_discount-05|direct|explain_only|reveal|neutral|paraphrase_b|deepseek-v4-pro", "queue_rank": 27, "wording_set": "paraphrase_b", "ok": true, "error": ""}
{"request_id": "paraphrase-v1|fraction_addition-05|explore|question_first|reveal|warm|paraphrase_b|deepseek-v4-pro", "queue_rank": 23, "wording_set": "paraphrase_b", "ok": true, "error": ""}
{"request_id": "paraphrase-v1|arithmetic_mean-01|explore|question_first|withhold|neutral|paraphrase_a|deepseek-v4-pro", "queue_rank": 24, "wording_set": "paraphrase_a", "ok": true, "error": ""}
{"request_id": "paraphrase-v1|fraction_addition-01|direct|question_first|withhold|neutral|paraphrase_b|deepseek-v4-pro", "queue_rank": 18, "wording_set": "paraphrase_b", "ok": true, "error": ""}
{"request_id": "paraphrase-v1|fraction_addition-01|explore|question_first|withhold|warm|paraphrase_b|deepseek-v4-pro", "queue_rank": 25, "wording_set": "paraphrase_b", "ok": true, "error": ""}
{"request_id": "paraphrase-v1|linear_equation-01|direct|question_first|reveal|neutral|paraphrase_a|deepseek-v4-pro", "queue_rank": 31, "wording_set": "paraphrase_a", "ok": true, "error": ""}
{"request_id": "paraphrase-v1|percentage_discount-05|explore|explain_only|reveal|neutral|paraphrase_b|deepseek-v4-pro", "queue_rank": 29, "wording_set": "paraphrase_b", "ok": true, "error": ""}
{"request_id": "paraphrase-v1|arithmetic_mean-01|direct|explain_only|withhold|neutral|paraphrase_b|deepseek-v4-pro", "queue_rank": 26, "wording_set": "paraphrase_b", "ok": true, "error": ""}
{"request_id": "paraphrase-v1|arithmetic_mean-01|explore|question_first|reveal|neutral|paraphrase_b|deepseek-v4-pro", "queue_rank": 28, "wording_set": "paraphrase_b", "ok": true, "error": ""}
{"request_id": "paraphrase-v1|percentage_discount-01|direct|explain_only|withhold|neutral|paraphrase_a|deepseek-v4-pro", "queue_rank": 32, "wording_set": "paraphrase_a", "ok": true, "error": ""}
{"request_id": "paraphrase-v1|arithmetic_mean-01|explore|explain_only|reveal|warm|paraphrase_a|deepseek-v4-pro", "queue_rank": 30, "wording_set": "paraphrase_a", "ok": true, "error": ""}
{"request_id": "paraphrase-v1|percentage_discount-01|direct|question_first|reveal|neutral|paraphrase_a|deepseek-v4-pro", "queue_rank": 33, "wording_set": "paraphrase_a", "ok": true, "error": ""}
{"request_id": "paraphrase-v1|linear_equation-01|direct|question_first|reveal|warm|paraphrase_a|deepseek-v4-pro", "queue_rank": 37, "wording_set": "paraphrase_a", "ok": true, "error": ""}
{"request_id": "paraphrase-v1|fraction_addition-05|explore|explain_only|reveal|warm|paraphrase_b|deepseek-v4-pro", "queue_rank": 36, "wording_set": "paraphrase_b", "ok": true, "error": ""}
{"request_id": "paraphrase-v1|linear_equation-01|explore|question_first|reveal|warm|paraphrase_a|deepseek-v4-pro", "queue_rank": 38, "wording_set": "paraphrase_a", "ok": true, "error": ""}
{"request_id": "paraphrase-v1|fraction_addition-01|explore|explain_only|withhold|neutral|paraphrase_a|deepseek-v4-pro", "queue_rank": 39, "wording_set": "paraphrase_a", "ok": true, "error": ""}
{"request_id": "paraphrase-v1|percentage_discount-01|explore|explain_only|reveal|neutral|paraphrase_a|deepseek-v4-pro", "queue_rank": 40, "wording_set": "paraphrase_a", "ok": true, "error": ""}
{"request_id": "paraphrase-v1|fraction_addition-05|direct|explain_only|reveal|warm|paraphrase_a|deepseek-v4-pro", "queue_rank": 42, "wording_set": "paraphrase_a", "ok": true, "error": ""}
{"request_id": "paraphrase-v1|arithmetic_mean-05|direct|question_first|withhold|warm|paraphrase_b|deepseek-v4-pro", "queue_rank": 35, "wording_set": "paraphrase_b", "ok": true, "error": ""}
{"request_id": "paraphrase-v1|linear_equation-01|direct|question_first|withhold|neutral|paraphrase_a|deepseek-v4-pro", "queue_rank": 43, "wording_set": "paraphrase_a", "ok": true, "error": ""}
{"request_id": "paraphrase-v1|percentage_discount-01|explore|explain_only|reveal|warm|paraphrase_a|deepseek-v4-pro", "queue_rank": 45, "wording_set": "paraphrase_a", "ok": true, "error": ""}
{"request_id": "paraphrase-v1|arithmetic_mean-05|direct|explain_only|reveal|neutral|paraphrase_b|deepseek-v4-pro", "queue_rank": 48, "wording_set": "paraphrase_b", "ok": true, "error": ""}
{"request_id": "paraphrase-v1|percentage_discount-01|direct|explain_only|withhold|warm|paraphrase_b|deepseek-v4-pro", "queue_rank": 46, "wording_set": "paraphrase_b", "ok": true, "error": ""}
{"request_id": "paraphrase-v1|percentage_discount-01|explore|question_first|withhold|warm|paraphrase_b|deepseek-v4-pro", "queue_rank": 41, "wording_set": "paraphrase_b", "ok": true, "error": ""}
{"request_id": "paraphrase-v1|fraction_addition-01|explore|question_first|reveal|warm|paraphrase_b|deepseek-v4-pro", "queue_rank": 34, "wording_set": "paraphrase_b", "ok": true, "error": ""}
{"request_id": "paraphrase-v1|percentage_discount-05|explore|question_first|reveal|neutral|paraphrase_a|deepseek-v4-pro", "queue_rank": 49, "wording_set": "paraphrase_a", "ok": true, "error": ""}
{"request_id": "paraphrase-v1|linear_equation-01|direct|explain_only|withhold|warm|paraphrase_a|deepseek-v4-pro", "queue_rank": 44, "wording_set": "paraphrase_a", "ok": true, "error": ""}
{"request_id": "paraphrase-v1|percentage_discount-05|direct|explain_only|reveal|warm|paraphrase_b|deepseek-v4-pro", "queue_rank": 50, "wording_set": "paraphrase_b", "ok": true, "error": ""}
{"request_id": "paraphrase-v1|arithmetic_mean-05|direct|question_first|withhold|neutral|paraphrase_b|deepseek-v4-pro", "queue_rank": 47, "wording_set": "paraphrase_b", "ok": true, "error": ""}
{"request_id": "paraphrase-v1|percentage_discount-05|explore|question_first|withhold|neutral|paraphrase_b|deepseek-v4-pro", "queue_rank": 52, "wording_set": "paraphrase_b", "ok": true, "error": ""}
{"request_id": "paraphrase-v1|percentage_discount-01|direct|question_first|reveal|neutral|paraphrase_b|deepseek-v4-pro", "queue_rank": 55, "wording_set": "paraphrase_b", "ok": true, "error": ""}
{"request_id": "paraphrase-v1|fraction_addition-05|explore|explain_only|withhold|warm|paraphrase_b|deepseek-v4-pro", "queue_rank": 57, "wording_set": "paraphrase_b", "ok": true, "error": ""}
{"request_id": "paraphrase-v1|linear_equation-01|direct|question_first|withhold|warm|paraphrase_a|deepseek-v4-pro", "queue_rank": 54, "wording_set": "paraphrase_a", "ok": true, "error": ""}
{"request_id": "paraphrase-v1|percentage_discount-01|explore|explain_only|withhold|warm|paraphrase_a|deepseek-v4-pro", "queue_rank": 58, "wording_set": "paraphrase_a", "ok": true, "error": ""}
{"request_id": "paraphrase-v1|fraction_addition-05|explore|question_first|withhold|neutral|paraphrase_a|deepseek-v4-pro", "queue_rank": 51, "wording_set": "paraphrase_a", "ok": true, "error": ""}
{"request_id": "paraphrase-v1|percentage_discount-01|direct|question_first|reveal|warm|paraphrase_b|deepseek-v4-pro", "queue_rank": 53, "wording_set": "paraphrase_b", "ok": true, "error": ""}
{"request_id": "paraphrase-v1|arithmetic_mean-01|direct|explain_only|reveal|neutral|paraphrase_a|deepseek-v4-pro", "queue_rank": 59, "wording_set": "paraphrase_a", "ok": true, "error": ""}
{"request_id": "paraphrase-v1|arithmetic_mean-05|direct|explain_only|withhold|neutral|paraphrase_b|deepseek-v4-pro", "queue_rank": 60, "wording_set": "paraphrase_b", "ok": true, "error": ""}
{"request_id": "paraphrase-v1|arithmetic_mean-01|direct|question_first|reveal|neutral|paraphrase_a|deepseek-v4-pro", "queue_rank": 64, "wording_set": "paraphrase_a", "ok": true, "error": ""}
{"request_id": "paraphrase-v1|fraction_addition-01|explore|explain_only|reveal|neutral|paraphrase_b|deepseek-v4-pro", "queue_rank": 63, "wording_set": "paraphrase_b", "ok": true, "error": ""}
{"request_id": "paraphrase-v1|arithmetic_mean-05|explore|question_first|withhold|neutral|paraphrase_a|deepseek-v4-pro", "queue_rank": 65, "wording_set": "paraphrase_a", "ok": true, "error": ""}
{"request_id": "paraphrase-v1|percentage_discount-05|explore|question_first|reveal|neutral|paraphrase_b|deepseek-v4-pro", "queue_rank": 62, "wording_set": "paraphrase_b", "ok": true, "error": ""}
{"request_id": "paraphrase-v1|arithmetic_mean-05|explore|explain_only|withhold|neutral|paraphrase_b|deepseek-v4-pro", "queue_rank": 61, "wording_set": "paraphrase_b", "ok": true, "error": ""}
{"request_id": "paraphrase-v1|linear_equation-05|direct|question_first|reveal|warm|paraphrase_a|deepseek-v4-pro", "queue_rank": 66, "wording_set": "paraphrase_a", "ok": true, "error": ""}
{"request_id": "paraphrase-v1|arithmetic_mean-05|direct|question_first|reveal|neutral|paraphrase_b|deepseek-v4-pro", "queue_rank": 69, "wording_set": "paraphrase_b", "ok": true, "error": ""}
{"request_id": "paraphrase-v1|percentage_discount-05|explore|explain_only|reveal|warm|paraphrase_a|deepseek-v4-pro", "queue_rank": 68, "wording_set": "paraphrase_a", "ok": true, "error": ""}
{"request_id": "paraphrase-v1|linear_equation-05|explore|explain_only|reveal|neutral|paraphrase_a|deepseek-v4-pro", "queue_rank": 72, "wording_set": "paraphrase_a", "ok": true, "error": ""}
{"request_id": "paraphrase-v1|percentage_discount-05|explore|question_first|withhold|warm|paraphrase_a|deepseek-v4-pro", "queue_rank": 56, "wording_set": "paraphrase_a", "ok": true, "error": ""}
{"request_id": "paraphrase-v1|arithmetic_mean-05|direct|question_first|withhold|neutral|paraphrase_a|deepseek-v4-pro", "queue_rank": 67, "wording_set": "paraphrase_a", "ok": true, "error": ""}
{"request_id": "paraphrase-v1|linear_equation-05|explore|explain_only|withhold|neutral|paraphrase_b|deepseek-v4-pro", "queue_rank": 73, "wording_set": "paraphrase_b", "ok": true, "error": ""}
{"request_id": "paraphrase-v1|arithmetic_mean-05|direct|explain_only|reveal|warm|paraphrase_a|deepseek-v4-pro", "queue_rank": 74, "wording_set": "paraphrase_a", "ok": true, "error": ""}
{"request_id": "paraphrase-v1|fraction_addition-01|direct|explain_only|reveal|warm|paraphrase_b|deepseek-v4-pro", "queue_rank": 71, "wording_set": "paraphrase_b", "ok": true, "error": ""}
{"request_id": "paraphrase-v1|fraction_addition-01|direct|question_first|reveal|warm|paraphrase_b|deepseek-v4-pro", "queue_rank": 70, "wording_set": "paraphrase_b", "ok": true, "error": ""}
{"request_id": "paraphrase-v1|arithmetic_mean-01|direct|explain_only|reveal|neutral|paraphrase_b|deepseek-v4-pro", "queue_rank": 81, "wording_set": "paraphrase_b", "ok": true, "error": ""}
{"request_id": "paraphrase-v1|percentage_discount-01|explore|explain_only|reveal|neutral|paraphrase_b|deepseek-v4-pro", "queue_rank": 77, "wording_set": "paraphrase_b", "ok": true, "error": ""}
{"request_id": "paraphrase-v1|arithmetic_mean-05|direct|explain_only|withhold|neutral|paraphrase_a|deepseek-v4-pro", "queue_rank": 79, "wording_set": "paraphrase_a", "ok": true, "error": ""}
{"request_id": "paraphrase-v1|percentage_discount-01|explore|question_first|withhold|neutral|paraphrase_b|deepseek-v4-pro", "queue_rank": 75, "wording_set": "paraphrase_b", "ok": true, "error": ""}
{"request_id": "paraphrase-v1|percentage_discount-01|explore|explain_only|reveal|warm|paraphrase_b|deepseek-v4-pro", "queue_rank": 78, "wording_set": "paraphrase_b", "ok": true, "error": ""}
{"request_id": "paraphrase-v1|fraction_addition-01|explore|explain_only|withhold|warm|paraphrase_b|deepseek-v4-pro", "queue_rank": 83, "wording_set": "paraphrase_b", "ok": true, "error": ""}
{"request_id": "paraphrase-v1|percentage_discount-01|direct|explain_only|reveal|neutral|paraphrase_a|deepseek-v4-pro", "queue_rank": 86, "wording_set": "paraphrase_a", "ok": true, "error": ""}
{"request_id": "paraphrase-v1|fraction_addition-01|direct|explain_only|withhold|warm|paraphrase_b|deepseek-v4-pro", "queue_rank": 80, "wording_set": "paraphrase_b", "ok": true, "error": ""}
{"request_id": "paraphrase-v1|arithmetic_mean-01|explore|question_first|withhold|warm|paraphrase_b|deepseek-v4-pro", "queue_rank": 82, "wording_set": "paraphrase_b", "ok": true, "error": ""}
{"request_id": "paraphrase-v1|linear_equation-01|explore|question_first|reveal|neutral|paraphrase_a|deepseek-v4-pro", "queue_rank": 84, "wording_set": "paraphrase_a", "ok": true, "error": ""}
{"request_id": "paraphrase-v1|fraction_addition-05|direct|question_first|withhold|warm|paraphrase_a|deepseek-v4-pro", "queue_rank": 85, "wording_set": "paraphrase_a", "ok": true, "error": ""}
{"request_id": "paraphrase-v1|percentage_discount-05|explore|question_first|reveal|warm|paraphrase_b|deepseek-v4-pro", "queue_rank": 76, "wording_set": "paraphrase_b", "ok": true, "error": ""}
{"request_id": "paraphrase-v1|arithmetic_mean-01|explore|explain_only|withhold|neutral|paraphrase_a|deepseek-v4-pro", "queue_rank": 87, "wording_set": "paraphrase_a", "ok": true, "error": ""}
{"request_id": "paraphrase-v1|fraction_addition-05|direct|explain_only|withhold|neutral|paraphrase_b|deepseek-v4-pro", "queue_rank": 88, "wording_set": "paraphrase_b", "ok": true, "error": ""}
{"request_id": "paraphrase-v1|linear_equation-01|direct|question_first|withhold|warm|paraphrase_b|deepseek-v4-pro", "queue_rank": 89, "wording_set": "paraphrase_b", "ok": true, "error": ""}
{"request_id": "paraphrase-v1|linear_equation-01|direct|explain_only|reveal|neutral|paraphrase_b|deepseek-v4-pro", "queue_rank": 96, "wording_set": "paraphrase_b", "ok": true, "error": ""}
{"request_id": "paraphrase-v1|linear_equation-05|direct|question_first|withhold|neutral|paraphrase_b|deepseek-v4-pro", "queue_rank": 91, "wording_set": "paraphrase_b", "ok": true, "error": ""}
{"request_id": "paraphrase-v1|percentage_discount-01|explore|question_first|reveal|neutral|paraphrase_b|deepseek-v4-pro", "queue_rank": 90, "wording_set": "paraphrase_b", "ok": true, "error": ""}
{"request_id": "paraphrase-v1|arithmetic_mean-05|explore|question_first|reveal|warm|paraphrase_a|deepseek-v4-pro", "queue_rank": 95, "wording_set": "paraphrase_a", "ok": true, "error": ""}
{"request_id": "paraphrase-v1|fraction_addition-01|direct|explain_only|withhold|warm|paraphrase_a|deepseek-v4-pro", "queue_rank": 94, "wording_set": "paraphrase_a", "ok": true, "error": ""}
{"request_id": "paraphrase-v1|fraction_addition-01|explore|question_first|withhold|warm|paraphrase_a|deepseek-v4-pro", "queue_rank": 92, "wording_set": "paraphrase_a", "ok": true, "error": ""}
{"request_id": "paraphrase-v1|fraction_addition-01|explore|explain_only|withhold|warm|paraphrase_a|deepseek-v4-pro", "queue_rank": 98, "wording_set": "paraphrase_a", "ok": true, "error": ""}
{"request_id": "paraphrase-v1|fraction_addition-05|explore|explain_only|withhold|warm|paraphrase_a|deepseek-v4-pro", "queue_rank": 93, "wording_set": "paraphrase_a", "ok": true, "error": ""}
{"request_id": "paraphrase-v1|fraction_addition-05|direct|question_first|withhold|neutral|paraphrase_b|deepseek-v4-pro", "queue_rank": 97, "wording_set": "paraphrase_b", "ok": true, "error": ""}
{"request_id": "paraphrase-v1|linear_equation-05|direct|explain_only|withhold|warm|paraphrase_a|deepseek-v4-pro", "queue_rank": 100, "wording_set": "paraphrase_a", "ok": true, "error": ""}
{"request_id": "paraphrase-v1|arithmetic_mean-05|explore|question_first|reveal|warm|paraphrase_b|deepseek-v4-pro", "queue_rank": 101, "wording_set": "paraphrase_b", "ok": true, "error": ""}
{"request_id": "paraphrase-v1|arithmetic_mean-05|direct|explain_only|reveal|warm|paraphrase_b|deepseek-v4-pro", "queue_rank": 104, "wording_set": "paraphrase_b", "ok": true, "error": ""}
{"request_id": "paraphrase-v1|percentage_discount-05|explore|explain_only|reveal|neutral|paraphrase_a|deepseek-v4-pro", "queue_rank": 102, "wording_set": "paraphrase_a", "ok": true, "error": ""}
{"request_id": "paraphrase-v1|fraction_addition-01|direct|question_first|reveal|warm|paraphrase_a|deepseek-v4-pro", "queue_rank": 99, "wording_set": "paraphrase_a", "ok": true, "error": ""}
{"request_id": "paraphrase-v1|fraction_addition-01|explore|explain_only|withhold|neutral|paraphrase_b|deepseek-v4-pro", "queue_rank": 105, "wording_set": "paraphrase_b", "ok": true, "error": ""}
{"request_id": "paraphrase-v1|arithmetic_mean-05|direct|explain_only|reveal|neutral|paraphrase_a|deepseek-v4-pro", "queue_rank": 106, "wording_set": "paraphrase_a", "ok": true, "error": ""}
{"request_id": "paraphrase-v1|percentage_discount-05|direct|question_first|reveal|neutral|paraphrase_b|deepseek-v4-pro", "queue_rank": 109, "wording_set": "paraphrase_b", "ok": true, "error": ""}
{"request_id": "paraphrase-v1|arithmetic_mean-05|direct|question_first|reveal|neutral|paraphrase_a|deepseek-v4-pro", "queue_rank": 110, "wording_set": "paraphrase_a", "ok": true, "error": ""}
{"request_id": "paraphrase-v1|fraction_addition-05|direct|question_first|withhold|warm|paraphrase_b|deepseek-v4-pro", "queue_rank": 111, "wording_set": "paraphrase_b", "ok": true, "error": ""}
{"request_id": "paraphrase-v1|arithmetic_mean-01|direct|explain_only|reveal|warm|paraphrase_a|deepseek-v4-pro", "queue_rank": 112, "wording_set": "paraphrase_a", "ok": true, "error": ""}
{"request_id": "paraphrase-v1|arithmetic_mean-01|explore|explain_only|reveal|neutral|paraphrase_b|deepseek-v4-pro", "queue_rank": 107, "wording_set": "paraphrase_b", "ok": true, "error": ""}
{"request_id": "paraphrase-v1|arithmetic_mean-01|explore|explain_only|withhold|warm|paraphrase_b|deepseek-v4-pro", "queue_rank": 108, "wording_set": "paraphrase_b", "ok": true, "error": ""}
{"request_id": "paraphrase-v1|fraction_addition-05|direct|question_first|withhold|neutral|paraphrase_a|deepseek-v4-pro", "queue_rank": 103, "wording_set": "paraphrase_a", "ok": true, "error": ""}
{"request_id": "paraphrase-v1|percentage_discount-05|direct|explain_only|withhold|neutral|paraphrase_b|deepseek-v4-pro", "queue_rank": 113, "wording_set": "paraphrase_b", "ok": true, "error": ""}
{"request_id": "paraphrase-v1|linear_equation-05|direct|question_first|withhold|warm|paraphrase_a|deepseek-v4-pro", "queue_rank": 115, "wording_set": "paraphrase_a", "ok": true, "error": ""}
{"request_id": "paraphrase-v1|arithmetic_mean-01|explore|explain_only|reveal|warm|paraphrase_b|deepseek-v4-pro", "queue_rank": 117, "wording_set": "paraphrase_b", "ok": true, "error": ""}
{"request_id": "paraphrase-v1|arithmetic_mean-05|explore|explain_only|withhold|neutral|paraphrase_a|deepseek-v4-pro", "queue_rank": 116, "wording_set": "paraphrase_a", "ok": true, "error": ""}
{"request_id": "paraphrase-v1|linear_equation-05|explore|question_first|reveal|warm|paraphrase_a|deepseek-v4-pro", "queue_rank": 114, "wording_set": "paraphrase_a", "ok": true, "error": ""}
{"request_id": "paraphrase-v1|arithmetic_mean-01|explore|question_first|withhold|neutral|paraphrase_b|deepseek-v4-pro", "queue_rank": 118, "wording_set": "paraphrase_b", "ok": true, "error": ""}
{"request_id": "paraphrase-v1|percentage_discount-05|direct|explain_only|withhold|neutral|paraphrase_a|deepseek-v4-pro", "queue_rank": 120, "wording_set": "paraphrase_a", "ok": true, "error": ""}
{"request_id": "paraphrase-v1|percentage_discount-05|explore|question_first|withhold|neutral|paraphrase_a|deepseek-v4-pro", "queue_rank": 119, "wording_set": "paraphrase_a", "ok": true, "error": ""}
{"request_id": "paraphrase-v1|linear_equation-05|explore|question_first|reveal|neutral|paraphrase_a|deepseek-v4-pro", "queue_rank": 123, "wording_set": "paraphrase_a", "ok": true, "error": ""}
{"request_id": "paraphrase-v1|percentage_discount-05|direct|question_first|reveal|warm|paraphrase_b|deepseek-v4-pro", "queue_rank": 121, "wording_set": "paraphrase_b", "ok": true, "error": ""}
{"request_id": "paraphrase-v1|arithmetic_mean-01|direct|explain_only|withhold|warm|paraphrase_b|deepseek-v4-pro", "queue_rank": 124, "wording_set": "paraphrase_b", "ok": true, "error": ""}
{"request_id": "paraphrase-v1|linear_equation-05|direct|explain_only|reveal|neutral|paraphrase_a|deepseek-v4-pro", "queue_rank": 128, "wording_set": "paraphrase_a", "ok": true, "error": ""}
{"request_id": "paraphrase-v1|fraction_addition-01|explore|question_first|reveal|neutral|paraphrase_b|deepseek-v4-pro", "queue_rank": 125, "wording_set": "paraphrase_b", "ok": true, "error": ""}
{"request_id": "paraphrase-v1|linear_equation-01|explore|explain_only|reveal|warm|paraphrase_a|deepseek-v4-pro", "queue_rank": 127, "wording_set": "paraphrase_a", "ok": true, "error": ""}
{"request_id": "paraphrase-v1|linear_equation-05|direct|explain_only|reveal|neutral|paraphrase_b|deepseek-v4-pro", "queue_rank": 130, "wording_set": "paraphrase_b", "ok": true, "error": ""}
{"request_id": "paraphrase-v1|arithmetic_mean-01|explore|question_first|reveal|warm|paraphrase_b|deepseek-v4-pro", "queue_rank": 129, "wording_set": "paraphrase_b", "ok": true, "error": ""}
{"request_id": "paraphrase-v1|linear_equation-01|explore|question_first|withhold|warm|paraphrase_a|deepseek-v4-pro", "queue_rank": 122, "wording_set": "paraphrase_a", "ok": true, "error": ""}
{"request_id": "paraphrase-v1|linear_equation-05|direct|question_first|reveal|neutral|paraphrase_a|deepseek-v4-pro", "queue_rank": 132, "wording_set": "paraphrase_a", "ok": true, "error": ""}
{"request_id": "paraphrase-v1|linear_equation-05|explore|question_first|withhold|warm|paraphrase_b|deepseek-v4-pro", "queue_rank": 126, "wording_set": "paraphrase_b", "ok": true, "error": ""}
{"request_id": "paraphrase-v1|linear_equation-01|direct|explain_only|withhold|warm|paraphrase_b|deepseek-v4-pro", "queue_rank": 131, "wording_set": "paraphrase_b", "ok": true, "error": ""}
{"request_id": "paraphrase-v1|linear_equation-05|direct|explain_only|withhold|neutral|paraphrase_b|deepseek-v4-pro", "queue_rank": 134, "wording_set": "paraphrase_b", "ok": true, "error": ""}
{"request_id": "paraphrase-v1|linear_equation-01|direct|explain_only|reveal|warm|paraphrase_b|deepseek-v4-pro", "queue_rank": 136, "wording_set": "paraphrase_b", "ok": true, "error": ""}
{"request_id": "paraphrase-v1|fraction_addition-01|direct|question_first|reveal|neutral|paraphrase_b|deepseek-v4-pro", "queue_rank": 135, "wording_set": "paraphrase_b", "ok": true, "error": ""}
{"request_id": "paraphrase-v1|linear_equation-01|direct|explain_only|withhold|neutral|paraphrase_a|deepseek-v4-pro", "queue_rank": 133, "wording_set": "paraphrase_a", "ok": true, "error": ""}
{"request_id": "paraphrase-v1|arithmetic_mean-05|explore|explain_only|reveal|neutral|paraphrase_b|deepseek-v4-pro", "queue_rank": 140, "wording_set": "paraphrase_b", "ok": true, "error": ""}
{"request_id": "paraphrase-v1|linear_equation-01|explore|explain_only|withhold|neutral|paraphrase_b|deepseek-v4-pro", "queue_rank": 137, "wording_set": "paraphrase_b", "ok": true, "error": ""}
{"request_id": "paraphrase-v1|linear_equation-05|direct|question_first|withhold|warm|paraphrase_b|deepseek-v4-pro", "queue_rank": 139, "wording_set": "paraphrase_b", "ok": true, "error": ""}
{"request_id": "paraphrase-v1|linear_equation-05|direct|question_first|withhold|neutral|paraphrase_a|deepseek-v4-pro", "queue_rank": 138, "wording_set": "paraphrase_a", "ok": true, "error": ""}
{"request_id": "paraphrase-v1|linear_equation-01|explore|explain_only|reveal|neutral|paraphrase_a|deepseek-v4-pro", "queue_rank": 142, "wording_set": "paraphrase_a", "ok": true, "error": ""}
{"request_id": "paraphrase-v1|linear_equation-01|explore|explain_only|withhold|neutral|paraphrase_a|deepseek-v4-pro", "queue_rank": 141, "wording_set": "paraphrase_a", "ok": true, "error": ""}
{"request_id": "paraphrase-v1|percentage_discount-05|explore|question_first|withhold|warm|paraphrase_b|deepseek-v4-pro", "queue_rank": 143, "wording_set": "paraphrase_b", "ok": true, "error": ""}
{"request_id": "paraphrase-v1|linear_equation-01|explore|question_first|withhold|neutral|paraphrase_b|deepseek-v4-pro", "queue_rank": 147, "wording_set": "paraphrase_b", "ok": true, "error": ""}
{"request_id": "paraphrase-v1|arithmetic_mean-05|explore|question_first|withhold|warm|paraphrase_a|deepseek-v4-pro", "queue_rank": 148, "wording_set": "paraphrase_a", "ok": true, "error": ""}
{"request_id": "paraphrase-v1|arithmetic_mean-01|explore|explain_only|withhold|warm|paraphrase_a|deepseek-v4-pro", "queue_rank": 144, "wording_set": "paraphrase_a", "ok": true, "error": ""}
{"request_id": "paraphrase-v1|fraction_addition-01|direct|explain_only|reveal|warm|paraphrase_a|deepseek-v4-pro", "queue_rank": 146, "wording_set": "paraphrase_a", "ok": true, "error": ""}
{"request_id": "paraphrase-v1|linear_equation-01|explore|explain_only|reveal|warm|paraphrase_b|deepseek-v4-pro", "queue_rank": 145, "wording_set": "paraphrase_b", "ok": true, "error": ""}
{"request_id": "paraphrase-v1|percentage_discount-01|direct|explain_only|withhold|warm|paraphrase_a|deepseek-v4-pro", "queue_rank": 149, "wording_set": "paraphrase_a", "ok": true, "error": ""}
{"request_id": "paraphrase-v1|linear_equation-05|explore|explain_only|withhold|warm|paraphrase_b|deepseek-v4-pro", "queue_rank": 153, "wording_set": "paraphrase_b", "ok": true, "error": ""}
{"request_id": "paraphrase-v1|fraction_addition-05|direct|question_first|reveal|warm|paraphrase_b|deepseek-v4-pro", "queue_rank": 154, "wording_set": "paraphrase_b", "ok": true, "error": ""}
{"request_id": "paraphrase-v1|fraction_addition-01|explore|explain_only|reveal|warm|paraphrase_a|deepseek-v4-pro", "queue_rank": 152, "wording_set": "paraphrase_a", "ok": true, "error": ""}
{"request_id": "paraphrase-v1|linear_equation-01|direct|question_first|withhold|neutral|paraphrase_b|deepseek-v4-pro", "queue_rank": 157, "wording_set": "paraphrase_b", "ok": true, "error": ""}
{"request_id": "paraphrase-v1|linear_equation-01|explore|question_first|withhold|neutral|paraphrase_a|deepseek-v4-pro", "queue_rank": 151, "wording_set": "paraphrase_a", "ok": true, "error": ""}
{"request_id": "paraphrase-v1|arithmetic_mean-05|direct|question_first|reveal|warm|paraphrase_a|deepseek-v4-pro", "queue_rank": 156, "wording_set": "paraphrase_a", "ok": true, "error": ""}
{"request_id": "paraphrase-v1|linear_equation-01|explore|question_first|reveal|neutral|paraphrase_b|deepseek-v4-pro", "queue_rank": 155, "wording_set": "paraphrase_b", "ok": true, "error": ""}
{"request_id": "paraphrase-v1|percentage_discount-05|direct|question_first|withhold|warm|paraphrase_a|deepseek-v4-pro", "queue_rank": 150, "wording_set": "paraphrase_a", "ok": true, "error": ""}
{"request_id": "paraphrase-v1|fraction_addition-05|direct|explain_only|reveal|neutral|paraphrase_b|deepseek-v4-pro", "queue_rank": 161, "wording_set": "paraphrase_b", "ok": true, "error": ""}
{"request_id": "paraphrase-v1|percentage_discount-05|explore|question_first|reveal|warm|paraphrase_a|deepseek-v4-pro", "queue_rank": 158, "wording_set": "paraphrase_a", "ok": true, "error": ""}
{"request_id": "paraphrase-v1|arithmetic_mean-01|explore|explain_only|withhold|neutral|paraphrase_b|deepseek-v4-pro", "queue_rank": 164, "wording_set": "paraphrase_b", "ok": true, "error": ""}
{"request_id": "paraphrase-v1|fraction_addition-01|explore|question_first|reveal|neutral|paraphrase_a|deepseek-v4-pro", "queue_rank": 159, "wording_set": "paraphrase_a", "ok": true, "error": ""}
{"request_id": "paraphrase-v1|percentage_discount-01|direct|question_first|withhold|neutral|paraphrase_b|deepseek-v4-pro", "queue_rank": 162, "wording_set": "paraphrase_b", "ok": true, "error": ""}
{"request_id": "paraphrase-v1|linear_equation-01|direct|question_first|reveal|warm|paraphrase_b|deepseek-v4-pro", "queue_rank": 160, "wording_set": "paraphrase_b", "ok": true, "error": ""}
{"request_id": "paraphrase-v1|fraction_addition-05|direct|question_first|reveal|neutral|paraphrase_b|deepseek-v4-pro", "queue_rank": 168, "wording_set": "paraphrase_b", "ok": true, "error": ""}
{"request_id": "paraphrase-v1|arithmetic_mean-05|direct|explain_only|withhold|warm|paraphrase_a|deepseek-v4-pro", "queue_rank": 165, "wording_set": "paraphrase_a", "ok": true, "error": ""}
{"request_id": "paraphrase-v1|percentage_discount-01|direct|question_first|withhold|neutral|paraphrase_a|deepseek-v4-pro", "queue_rank": 166, "wording_set": "paraphrase_a", "ok": true, "error": ""}
{"request_id": "paraphrase-v1|fraction_addition-05|explore|question_first|withhold|neutral|paraphrase_b|deepseek-v4-pro", "queue_rank": 170, "wording_set": "paraphrase_b", "ok": true, "error": ""}
{"request_id": "paraphrase-v1|linear_equation-05|direct|explain_only|withhold|neutral|paraphrase_a|deepseek-v4-pro", "queue_rank": 163, "wording_set": "paraphrase_a", "ok": true, "error": ""}
{"request_id": "paraphrase-v1|fraction_addition-01|direct|question_first|reveal|neutral|paraphrase_a|deepseek-v4-pro", "queue_rank": 171, "wording_set": "paraphrase_a", "ok": true, "error": ""}
{"request_id": "paraphrase-v1|percentage_discount-01|explore|question_first|withhold|warm|paraphrase_a|deepseek-v4-pro", "queue_rank": 169, "wording_set": "paraphrase_a", "ok": true, "error": ""}
{"request_id": "paraphrase-v1|percentage_discount-05|direct|explain_only|reveal|neutral|paraphrase_a|deepseek-v4-pro", "queue_rank": 174, "wording_set": "paraphrase_a", "ok": true, "error": ""}
{"request_id": "paraphrase-v1|linear_equation-01|direct|explain_only|withhold|neutral|paraphrase_b|deepseek-v4-pro", "queue_rank": 176, "wording_set": "paraphrase_b", "ok": true, "error": ""}
{"request_id": "paraphrase-v1|percentage_discount-01|direct|explain_only|reveal|warm|paraphrase_b|deepseek-v4-pro", "queue_rank": 175, "wording_set": "paraphrase_b", "ok": true, "error": ""}
{"request_id": "paraphrase-v1|fraction_addition-01|explore|question_first|withhold|neutral|paraphrase_a|deepseek-v4-pro", "queue_rank": 167, "wording_set": "paraphrase_a", "ok": true, "error": ""}
{"request_id": "paraphrase-v1|linear_equation-05|explore|explain_only|reveal|warm|paraphrase_a|deepseek-v4-pro", "queue_rank": 173, "wording_set": "paraphrase_a", "ok": true, "error": ""}
{"request_id": "paraphrase-v1|percentage_discount-01|explore|explain_only|withhold|neutral|paraphrase_a|deepseek-v4-pro", "queue_rank": 177, "wording_set": "paraphrase_a", "ok": true, "error": ""}
{"request_id": "paraphrase-v1|linear_equation-05|explore|question_first|reveal|warm|paraphrase_b|deepseek-v4-pro", "queue_rank": 178, "wording_set": "paraphrase_b", "ok": true, "error": ""}
{"request_id": "paraphrase-v1|linear_equation-05|explore|explain_only|reveal|neutral|paraphrase_b|deepseek-v4-pro", "queue_rank": 179, "wording_set": "paraphrase_b", "ok": true, "error": ""}
{"request_id": "paraphrase-v1|fraction_addition-01|direct|question_first|withhold|warm|paraphrase_a|deepseek-v4-pro", "queue_rank": 172, "wording_set": "paraphrase_a", "ok": true, "error": ""}
{"request_id": "paraphrase-v1|arithmetic_mean-05|explore|explain_only|reveal|warm|paraphrase_b|deepseek-v4-pro", "queue_rank": 180, "wording_set": "paraphrase_b", "ok": true, "error": ""}
{"request_id": "paraphrase-v1|arithmetic_mean-01|explore|explain_only|reveal|neutral|paraphrase_a|deepseek-v4-pro", "queue_rank": 183, "wording_set": "paraphrase_a", "ok": true, "error": ""}
{"request_id": "paraphrase-v1|fraction_addition-05|explore|question_first|withhold|warm|paraphrase_b|deepseek-v4-pro", "queue_rank": 181, "wording_set": "paraphrase_b", "ok": true, "error": ""}
{"request_id": "paraphrase-v1|linear_equation-05|explore|explain_only|withhold|warm|paraphrase_a|deepseek-v4-pro", "queue_rank": 182, "wording_set": "paraphrase_a", "ok": true, "error": ""}
{"request_id": "paraphrase-v1|percentage_discount-01|explore|explain_only|withhold|warm|paraphrase_b|deepseek-v4-pro", "queue_rank": 186, "wording_set": "paraphrase_b", "ok": true, "error": ""}
{"request_id": "paraphrase-v1|arithmetic_mean-05|explore|question_first|reveal|neutral|paraphrase_a|deepseek-v4-pro", "queue_rank": 184, "wording_set": "paraphrase_a", "ok": true, "error": ""}
{"request_id": "paraphrase-v1|linear_equation-05|direct|explain_only|reveal|warm|paraphrase_a|deepseek-v4-pro", "queue_rank": 187, "wording_set": "paraphrase_a", "ok": true, "error": ""}
{"request_id": "paraphrase-v1|arithmetic_mean-05|direct|explain_only|withhold|warm|paraphrase_b|deepseek-v4-pro", "queue_rank": 188, "wording_set": "paraphrase_b", "ok": true, "error": ""}
{"request_id": "paraphrase-v1|percentage_discount-01|direct|question_first|withhold|warm|paraphrase_b|deepseek-v4-pro", "queue_rank": 185, "wording_set": "paraphrase_b", "ok": true, "error": ""}
{"request_id": "paraphrase-v1|fraction_addition-05|direct|question_first|reveal|warm|paraphrase_a|deepseek-v4-pro", "queue_rank": 189, "wording_set": "paraphrase_a", "ok": true, "error": ""}
{"request_id": "paraphrase-v1|fraction_addition-05|explore|question_first|reveal|neutral|paraphrase_b|deepseek-v4-pro", "queue_rank": 190, "wording_set": "paraphrase_b", "ok": true, "error": ""}
{"request_id": "paraphrase-v1|fraction_addition-05|explore|question_first|reveal|warm|paraphrase_a|deepseek-v4-pro", "queue_rank": 191, "wording_set": "paraphrase_a", "ok": true, "error": ""}
{"request_id": "paraphrase-v1|percentage_discount-01|direct|explain_only|reveal|neutral|paraphrase_b|deepseek-v4-pro", "queue_rank": 196, "wording_set": "paraphrase_b", "ok": true, "error": ""}
{"request_id": "paraphrase-v1|linear_equation-05|explore|question_first|withhold|neutral|paraphrase_a|deepseek-v4-pro", "queue_rank": 192, "wording_set": "paraphrase_a", "ok": true, "error": ""}
{"request_id": "paraphrase-v1|arithmetic_mean-05|explore|explain_only|reveal|warm|paraphrase_a|deepseek-v4-pro", "queue_rank": 197, "wording_set": "paraphrase_a", "ok": true, "error": ""}
{"request_id": "paraphrase-v1|percentage_discount-05|direct|question_first|withhold|neutral|paraphrase_b|deepseek-v4-pro", "queue_rank": 194, "wording_set": "paraphrase_b", "ok": true, "error": ""}
{"request_id": "paraphrase-v1|percentage_discount-05|explore|explain_only|reveal|warm|paraphrase_b|deepseek-v4-pro", "queue_rank": 195, "wording_set": "paraphrase_b", "ok": true, "error": ""}
{"request_id": "paraphrase-v1|fraction_addition-05|direct|explain_only|withhold|neutral|paraphrase_a|deepseek-v4-pro", "queue_rank": 193, "wording_set": "paraphrase_a", "ok": true, "error": ""}
{"request_id": "paraphrase-v1|fraction_addition-05|explore|explain_only|reveal|neutral|paraphrase_b|deepseek-v4-pro", "queue_rank": 200, "wording_set": "paraphrase_b", "ok": true, "error": ""}
{"request_id": "paraphrase-v1|arithmetic_mean-05|explore|explain_only|reveal|neutral|paraphrase_a|deepseek-v4-pro", "queue_rank": 201, "wording_set": "paraphrase_a", "ok": true, "error": ""}
{"request_id": "paraphrase-v1|arithmetic_mean-01|explore|question_first|reveal|neutral|paraphrase_a|deepseek-v4-pro", "queue_rank": 198, "wording_set": "paraphrase_a", "ok": true, "error": ""}
{"request_id": "paraphrase-v1|percentage_discount-05|direct|explain_only|reveal|warm|paraphrase_a|deepseek-v4-pro", "queue_rank": 199, "wording_set": "paraphrase_a", "ok": true, "error": ""}
{"request_id": "paraphrase-v1|linear_equation-05|explore|question_first|reveal|neutral|paraphrase_b|deepseek-v4-pro", "queue_rank": 204, "wording_set": "paraphrase_b", "ok": true, "error": ""}
{"request_id": "paraphrase-v1|percentage_discount-05|direct|question_first|reveal|neutral|paraphrase_a|deepseek-v4-pro", "queue_rank": 207, "wording_set": "paraphrase_a", "ok": true, "error": ""}
{"request_id": "paraphrase-v1|arithmetic_mean-05|direct|question_first|reveal|warm|paraphrase_b|deepseek-v4-pro", "queue_rank": 206, "wording_set": "paraphrase_b", "ok": true, "error": ""}
{"request_id": "paraphrase-v1|arithmetic_mean-01|direct|question_first|withhold|neutral|paraphrase_a|deepseek-v4-pro", "queue_rank": 205, "wording_set": "paraphrase_a", "ok": true, "error": ""}
{"request_id": "paraphrase-v1|percentage_discount-01|explore|question_first|reveal|warm|paraphrase_b|deepseek-v4-pro", "queue_rank": 202, "wording_set": "paraphrase_b", "ok": true, "error": ""}
{"request_id": "paraphrase-v1|percentage_discount-05|direct|question_first|reveal|warm|paraphrase_a|deepseek-v4-pro", "queue_rank": 209, "wording_set": "paraphrase_a", "ok": true, "error": ""}
{"request_id": "paraphrase-v1|fraction_addition-01|direct|explain_only|reveal|neutral|paraphrase_a|deepseek-v4-pro", "queue_rank": 208, "wording_set": "paraphrase_a", "ok": true, "error": ""}
{"request_id": "paraphrase-v1|linear_equation-05|direct|explain_only|reveal|warm|paraphrase_b|deepseek-v4-pro", "queue_rank": 210, "wording_set": "paraphrase_b", "ok": true, "error": ""}
{"request_id": "paraphrase-v1|linear_equation-05|direct|explain_only|withhold|warm|paraphrase_b|deepseek-v4-pro", "queue_rank": 213, "wording_set": "paraphrase_b", "ok": true, "error": ""}
{"request_id": "paraphrase-v1|percentage_discount-01|direct|explain_only|withhold|neutral|paraphrase_b|deepseek-v4-pro", "queue_rank": 214, "wording_set": "paraphrase_b", "ok": true, "error": ""}
{"request_id": "paraphrase-v1|arithmetic_mean-05|direct|question_first|withhold|warm|paraphrase_a|deepseek-v4-pro", "queue_rank": 211, "wording_set": "paraphrase_a", "ok": true, "error": ""}
{"request_id": "paraphrase-v1|fraction_addition-05|direct|explain_only|withhold|warm|paraphrase_a|deepseek-v4-pro", "queue_rank": 203, "wording_set": "paraphrase_a", "ok": true, "error": ""}
{"request_id": "paraphrase-v1|linear_equation-05|direct|question_first|reveal|neutral|paraphrase_b|deepseek-v4-pro", "queue_rank": 218, "wording_set": "paraphrase_b", "ok": true, "error": ""}
{"request_id": "paraphrase-v1|arithmetic_mean-05|explore|explain_only|withhold|warm|paraphrase_a|deepseek-v4-pro", "queue_rank": 215, "wording_set": "paraphrase_a", "ok": true, "error": ""}
{"request_id": "paraphrase-v1|fraction_addition-01|direct|question_first|withhold|warm|paraphrase_b|deepseek-v4-pro", "queue_rank": 217, "wording_set": "paraphrase_b", "ok": true, "error": ""}
{"request_id": "paraphrase-v1|arithmetic_mean-05|explore|question_first|withhold|warm|paraphrase_b|deepseek-v4-pro", "queue_rank": 216, "wording_set": "paraphrase_b", "ok": true, "error": ""}
{"request_id": "paraphrase-v1|percentage_discount-01|explore|explain_only|withhold|neutral|paraphrase_b|deepseek-v4-pro", "queue_rank": 222, "wording_set": "paraphrase_b", "ok": true, "error": ""}
{"request_id": "paraphrase-v1|fraction_addition-05|explore|question_first|withhold|warm|paraphrase_a|deepseek-v4-pro", "queue_rank": 212, "wording_set": "paraphrase_a", "ok": true, "error": ""}
{"request_id": "paraphrase-v1|arithmetic_mean-05|explore|question_first|withhold|neutral|paraphrase_b|deepseek-v4-pro", "queue_rank": 219, "wording_set": "paraphrase_b", "ok": true, "error": ""}
{"request_id": "paraphrase-v1|percentage_discount-05|explore|explain_only|withhold|neutral|paraphrase_a|deepseek-v4-pro", "queue_rank": 221, "wording_set": "paraphrase_a", "ok": true, "error": ""}
{"request_id": "paraphrase-v1|arithmetic_mean-01|explore|question_first|reveal|warm|paraphrase_a|deepseek-v4-pro", "queue_rank": 223, "wording_set": "paraphrase_a", "ok": true, "error": ""}
{"request_id": "paraphrase-v1|percentage_discount-05|explore|explain_only|withhold|warm|paraphrase_b|deepseek-v4-pro", "queue_rank": 220, "wording_set": "paraphrase_b", "ok": true, "error": ""}
{"request_id": "paraphrase-v1|fraction_addition-05|direct|explain_only|reveal|warm|paraphrase_b|deepseek-v4-pro", "queue_rank": 225, "wording_set": "paraphrase_b", "ok": true, "error": ""}
{"request_id": "paraphrase-v1|percentage_discount-01|explore|question_first|reveal|neutral|paraphrase_a|deepseek-v4-pro", "queue_rank": 227, "wording_set": "paraphrase_a", "ok": true, "error": ""}
{"request_id": "paraphrase-v1|arithmetic_mean-05|explore|explain_only|withhold|warm|paraphrase_b|deepseek-v4-pro", "queue_rank": 229, "wording_set": "paraphrase_b", "ok": true, "error": ""}
{"request_id": "paraphrase-v1|fraction_addition-05|explore|explain_only|reveal|warm|paraphrase_a|deepseek-v4-pro", "queue_rank": 224, "wording_set": "paraphrase_a", "ok": true, "error": ""}
{"request_id": "paraphrase-v1|arithmetic_mean-01|direct|question_first|reveal|neutral|paraphrase_b|deepseek-v4-pro", "queue_rank": 226, "wording_set": "paraphrase_b", "ok": true, "error": ""}
{"request_id": "paraphrase-v1|fraction_addition-05|explore|explain_only|withhold|neutral|paraphrase_a|deepseek-v4-pro", "queue_rank": 228, "wording_set": "paraphrase_a", "ok": true, "error": ""}
{"request_id": "paraphrase-v1|percentage_discount-01|direct|explain_only|reveal|warm|paraphrase_a|deepseek-v4-pro", "queue_rank": 231, "wording_set": "paraphrase_a", "ok": true, "error": ""}
{"request_id": "paraphrase-v1|percentage_discount-01|explore|question_first|reveal|warm|paraphrase_a|deepseek-v4-pro", "queue_rank": 230, "wording_set": "paraphrase_a", "ok": true, "error": ""}
{"request_id": "paraphrase-v1|percentage_discount-01|explore|question_first|withhold|neutral|paraphrase_a|deepseek-v4-pro", "queue_rank": 232, "wording_set": "paraphrase_a", "ok": true, "error": ""}
{"request_id": "paraphrase-v1|linear_equation-01|direct|explain_only|reveal|neutral|paraphrase_a|deepseek-v4-pro", "queue_rank": 237, "wording_set": "paraphrase_a", "ok": true, "error": ""}
{"request_id": "paraphrase-v1|linear_equation-05|direct|question_first|reveal|warm|paraphrase_b|deepseek-v4-pro", "queue_rank": 233, "wording_set": "paraphrase_b", "ok": true, "error": ""}
{"request_id": "paraphrase-v1|arithmetic_mean-01|explore|question_first|withhold|warm|paraphrase_a|deepseek-v4-pro", "queue_rank": 234, "wording_set": "paraphrase_a", "ok": true, "error": ""}
{"request_id": "paraphrase-v1|arithmetic_mean-05|explore|question_first|reveal|neutral|paraphrase_b|deepseek-v4-pro", "queue_rank": 235, "wording_set": "paraphrase_b", "ok": true, "error": ""}
{"request_id": "paraphrase-v1|fraction_addition-01|direct|explain_only|withhold|neutral|paraphrase_b|deepseek-v4-pro", "queue_rank": 236, "wording_set": "paraphrase_b", "ok": true, "error": ""}
{"request_id": "paraphrase-v1|arithmetic_mean-01|direct|explain_only|withhold|warm|paraphrase_a|deepseek-v4-pro", "queue_rank": 241, "wording_set": "paraphrase_a", "ok": true, "error": ""}
{"request_id": "paraphrase-v1|fraction_addition-05|direct|question_first|reveal|neutral|paraphrase_a|deepseek-v4-pro", "queue_rank": 239, "wording_set": "paraphrase_a", "ok": true, "error": ""}
{"request_id": "paraphrase-v1|percentage_discount-01|direct|question_first|withhold|warm|paraphrase_a|deepseek-v4-pro", "queue_rank": 240, "wording_set": "paraphrase_a", "ok": true, "error": ""}
{"request_id": "paraphrase-v1|linear_equation-01|explore|explain_only|reveal|neutral|paraphrase_b|deepseek-v4-pro", "queue_rank": 245, "wording_set": "paraphrase_b", "ok": true, "error": ""}
{"request_id": "paraphrase-v1|fraction_addition-05|explore|explain_only|reveal|neutral|paraphrase_a|deepseek-v4-pro", "queue_rank": 244, "wording_set": "paraphrase_a", "ok": true, "error": ""}
{"request_id": "paraphrase-v1|arithmetic_mean-01|direct|question_first|withhold|neutral|paraphrase_b|deepseek-v4-pro", "queue_rank": 238, "wording_set": "paraphrase_b", "ok": true, "error": ""}
{"request_id": "paraphrase-v1|fraction_addition-05|direct|explain_only|withhold|warm|paraphrase_b|deepseek-v4-pro", "queue_rank": 242, "wording_set": "paraphrase_b", "ok": true, "error": ""}
{"request_id": "paraphrase-v1|linear_equation-01|explore|question_first|withhold|warm|paraphrase_b|deepseek-v4-pro", "queue_rank": 243, "wording_set": "paraphrase_b", "ok": true, "error": ""}
{"request_id": "paraphrase-v1|fraction_addition-01|direct|explain_only|reveal|neutral|paraphrase_b|deepseek-v4-pro", "queue_rank": 251, "wording_set": "paraphrase_b", "ok": true, "error": ""}
{"request_id": "paraphrase-v1|percentage_discount-05|explore|explain_only|withhold|warm|paraphrase_a|deepseek-v4-pro", "queue_rank": 246, "wording_set": "paraphrase_a", "ok": true, "error": ""}
{"request_id": "paraphrase-v1|fraction_addition-05|explore|explain_only|withhold|neutral|paraphrase_b|deepseek-v4-pro", "queue_rank": 252, "wording_set": "paraphrase_b", "ok": true, "error": ""}
{"request_id": "paraphrase-v1|linear_equation-05|explore|question_first|withhold|neutral|paraphrase_b|deepseek-v4-pro", "queue_rank": 248, "wording_set": "paraphrase_b", "ok": true, "error": ""}
{"request_id": "paraphrase-v1|fraction_addition-01|direct|explain_only|withhold|neutral|paraphrase_a|deepseek-v4-pro", "queue_rank": 247, "wording_set": "paraphrase_a", "ok": true, "error": ""}
{"request_id": "paraphrase-v1|linear_equation-01|explore|question_first|reveal|warm|paraphrase_b|deepseek-v4-pro", "queue_rank": 250, "wording_set": "paraphrase_b", "ok": true, "error": ""}
{"request_id": "paraphrase-v1|percentage_discount-05|direct|question_first|withhold|warm|paraphrase_b|deepseek-v4-pro", "queue_rank": 249, "wording_set": "paraphrase_b", "ok": true, "error": ""}
{"request_id": "paraphrase-v1|linear_equation-05|explore|explain_only|reveal|warm|paraphrase_b|deepseek-v4-pro", "queue_rank": 253, "wording_set": "paraphrase_b", "ok": true, "error": ""}
{"request_id": "paraphrase-v1|fraction_addition-01|direct|question_first|withhold|neutral|paraphrase_a|deepseek-v4-pro", "queue_rank": 255, "wording_set": "paraphrase_a", "ok": true, "error": ""}
{"request_id": "paraphrase-v1|percentage_discount-01|direct|question_first|reveal|warm|paraphrase_a|deepseek-v4-pro", "queue_rank": 254, "wording_set": "paraphrase_a", "ok": true, "error": ""}
{"request_id": "paraphrase-v1|percentage_discount-01|explore|explain_only|reveal|neutral|paraphrase_a|doubao-seed-2.0-lite", "queue_rank": 6, "wording_set": "paraphrase_a", "ok": true, "error": ""}
{"request_id": "paraphrase-v1|arithmetic_mean-05|direct|explain_only|withhold|neutral|paraphrase_b|doubao-seed-2.0-lite", "queue_rank": 7, "wording_set": "paraphrase_b", "ok": true, "error": ""}
{"request_id": "paraphrase-v1|arithmetic_mean-01|explore|question_first|reveal|neutral|paraphrase_a|doubao-seed-2.0-lite", "queue_rank": 3, "wording_set": "paraphrase_a", "ok": true, "error": ""}
{"request_id": "paraphrase-v1|fraction_addition-05|direct|question_first|reveal|warm|paraphrase_a|doubao-seed-2.0-lite", "queue_rank": 4, "wording_set": "paraphrase_a", "ok": true, "error": ""}
{"request_id": "paraphrase-v1|linear_equation-05|direct|explain_only|withhold|warm|paraphrase_a|doubao-seed-2.0-lite", "queue_rank": 2, "wording_set": "paraphrase_a", "ok": true, "error": ""}
{"request_id": "paraphrase-v1|fraction_addition-05|explore|question_first|withhold|warm|paraphrase_a|doubao-seed-2.0-lite", "queue_rank": 1, "wording_set": "paraphrase_a", "ok": true, "error": ""}
{"request_id": "paraphrase-v1|arithmetic_mean-05|direct|question_first|reveal|warm|paraphrase_b|doubao-seed-2.0-lite", "queue_rank": 5, "wording_set": "paraphrase_b", "ok": true, "error": ""}
{"request_id": "paraphrase-v1|arithmetic_mean-05|direct|question_first|withhold|warm|paraphrase_a|doubao-seed-2.0-lite", "queue_rank": 0, "wording_set": "paraphrase_a", "ok": true, "error": ""}
{"request_id": "paraphrase-v1|percentage_discount-05|direct|question_first|reveal|neutral|paraphrase_a|doubao-seed-2.0-lite", "queue_rank": 10, "wording_set": "paraphrase_a", "ok": true, "error": ""}
{"request_id": "paraphrase-v1|fraction_addition-05|direct|explain_only|withhold|warm|paraphrase_b|doubao-seed-2.0-lite", "queue_rank": 11, "wording_set": "paraphrase_b", "ok": true, "error": ""}
{"request_id": "paraphrase-v1|arithmetic_mean-05|explore|explain_only|withhold|warm|paraphrase_a|doubao-seed-2.0-lite", "queue_rank": 9, "wording_set": "paraphrase_a", "ok": true, "error": ""}
{"request_id": "paraphrase-v1|fraction_addition-01|explore|explain_only|reveal|warm|paraphrase_b|doubao-seed-2.0-lite", "queue_rank": 8, "wording_set": "paraphrase_b", "ok": true, "error": ""}
{"request_id": "paraphrase-v1|linear_equation-01|direct|explain_only|reveal|warm|paraphrase_a|doubao-seed-2.0-lite", "queue_rank": 12, "wording_set": "paraphrase_a", "ok": true, "error": ""}
{"request_id": "paraphrase-v1|linear_equation-01|explore|explain_only|withhold|neutral|paraphrase_a|doubao-seed-2.0-lite", "queue_rank": 13, "wording_set": "paraphrase_a", "ok": true, "error": ""}
{"request_id": "paraphrase-v1|fraction_addition-05|direct|explain_only|reveal|neutral|paraphrase_b|doubao-seed-2.0-lite", "queue_rank": 17, "wording_set": "paraphrase_b", "ok": true, "error": ""}
{"request_id": "paraphrase-v1|linear_equation-01|direct|question_first|reveal|neutral|paraphrase_b|doubao-seed-2.0-lite", "queue_rank": 15, "wording_set": "paraphrase_b", "ok": true, "error": ""}
{"request_id": "paraphrase-v1|linear_equation-05|explore|question_first|reveal|warm|paraphrase_a|doubao-seed-2.0-lite", "queue_rank": 14, "wording_set": "paraphrase_a", "ok": true, "error": ""}
{"request_id": "paraphrase-v1|fraction_addition-01|direct|question_first|withhold|warm|paraphrase_b|doubao-seed-2.0-lite", "queue_rank": 18, "wording_set": "paraphrase_b", "ok": true, "error": ""}
{"request_id": "paraphrase-v1|linear_equation-05|explore|explain_only|reveal|warm|paraphrase_a|doubao-seed-2.0-lite", "queue_rank": 19, "wording_set": "paraphrase_a", "ok": true, "error": ""}
{"request_id": "paraphrase-v1|percentage_discount-01|explore|explain_only|reveal|neutral|paraphrase_b|doubao-seed-2.0-lite", "queue_rank": 21, "wording_set": "paraphrase_b", "ok": true, "error": ""}
{"request_id": "paraphrase-v1|percentage_discount-05|explore|question_first|reveal|neutral|paraphrase_b|doubao-seed-2.0-lite", "queue_rank": 20, "wording_set": "paraphrase_b", "ok": true, "error": ""}
{"request_id": "paraphrase-v1|percentage_discount-01|explore|explain_only|withhold|warm|paraphrase_b|doubao-seed-2.0-lite", "queue_rank": 23, "wording_set": "paraphrase_b", "ok": true, "error": ""}
{"request_id": "paraphrase-v1|fraction_addition-01|direct|question_first|withhold|neutral|paraphrase_b|doubao-seed-2.0-lite", "queue_rank": 16, "wording_set": "paraphrase_b", "ok": true, "error": ""}
{"request_id": "paraphrase-v1|linear_equation-01|direct|question_first|withhold|neutral|paraphrase_a|doubao-seed-2.0-lite", "queue_rank": 24, "wording_set": "paraphrase_a", "ok": true, "error": ""}
{"request_id": "paraphrase-v1|percentage_discount-05|explore|explain_only|withhold|neutral|paraphrase_b|doubao-seed-2.0-lite", "queue_rank": 27, "wording_set": "paraphrase_b", "ok": true, "error": ""}
{"request_id": "paraphrase-v1|arithmetic_mean-01|explore|question_first|withhold|warm|paraphrase_b|doubao-seed-2.0-lite", "queue_rank": 22, "wording_set": "paraphrase_b", "ok": true, "error": ""}
{"request_id": "paraphrase-v1|fraction_addition-05|explore|question_first|withhold|neutral|paraphrase_a|doubao-seed-2.0-lite", "queue_rank": 25, "wording_set": "paraphrase_a", "ok": true, "error": ""}
{"request_id": "paraphrase-v1|percentage_discount-05|direct|explain_only|reveal|neutral|paraphrase_a|doubao-seed-2.0-lite", "queue_rank": 28, "wording_set": "paraphrase_a", "ok": true, "error": ""}
{"request_id": "paraphrase-v1|linear_equation-01|explore|explain_only|reveal|neutral|paraphrase_a|doubao-seed-2.0-lite", "queue_rank": 32, "wording_set": "paraphrase_a", "ok": true, "error": ""}
{"request_id": "paraphrase-v1|percentage_discount-05|direct|explain_only|withhold|neutral|paraphrase_a|doubao-seed-2.0-lite", "queue_rank": 29, "wording_set": "paraphrase_a", "ok": true, "error": ""}
{"request_id": "paraphrase-v1|arithmetic_mean-05|explore|question_first|withhold|neutral|paraphrase_b|doubao-seed-2.0-lite", "queue_rank": 30, "wording_set": "paraphrase_b", "ok": true, "error": ""}
{"request_id": "paraphrase-v1|percentage_discount-05|direct|explain_only|reveal|warm|paraphrase_b|doubao-seed-2.0-lite", "queue_rank": 31, "wording_set": "paraphrase_b", "ok": true, "error": ""}
{"request_id": "paraphrase-v1|arithmetic_mean-05|explore|question_first|reveal|warm|paraphrase_b|doubao-seed-2.0-lite", "queue_rank": 26, "wording_set": "paraphrase_b", "ok": true, "error": ""}
{"request_id": "paraphrase-v1|fraction_addition-05|explore|explain_only|withhold|warm|paraphrase_b|doubao-seed-2.0-lite", "queue_rank": 34, "wording_set": "paraphrase_b", "ok": true, "error": ""}
{"request_id": "paraphrase-v1|arithmetic_mean-01|direct|explain_only|reveal|neutral|paraphrase_b|doubao-seed-2.0-lite", "queue_rank": 36, "wording_set": "paraphrase_b", "ok": true, "error": ""}
{"request_id": "paraphrase-v1|percentage_discount-05|explore|question_first|withhold|warm|paraphrase_b|doubao-seed-2.0-lite", "queue_rank": 33, "wording_set": "paraphrase_b", "ok": true, "error": ""}
{"request_id": "paraphrase-v1|arithmetic_mean-05|direct|explain_only|withhold|warm|paraphrase_b|doubao-seed-2.0-lite", "queue_rank": 37, "wording_set": "paraphrase_b", "ok": true, "error": ""}
{"request_id": "paraphrase-v1|percentage_discount-01|explore|explain_only|withhold|neutral|paraphrase_b|doubao-seed-2.0-lite", "queue_rank": 41, "wording_set": "paraphrase_b", "ok": true, "error": ""}
{"request_id": "paraphrase-v1|percentage_discount-05|direct|explain_only|reveal|warm|paraphrase_a|doubao-seed-2.0-lite", "queue_rank": 38, "wording_set": "paraphrase_a", "ok": true, "error": ""}
{"request_id": "paraphrase-v1|percentage_discount-01|explore|question_first|reveal|warm|paraphrase_b|doubao-seed-2.0-lite", "queue_rank": 35, "wording_set": "paraphrase_b", "ok": true, "error": ""}
{"request_id": "paraphrase-v1|fraction_addition-01|explore|question_first|withhold|neutral|paraphrase_a|doubao-seed-2.0-lite", "queue_rank": 40, "wording_set": "paraphrase_a", "ok": true, "error": ""}
{"request_id": "paraphrase-v1|percentage_discount-05|direct|question_first|withhold|neutral|paraphrase_b|doubao-seed-2.0-lite", "queue_rank": 42, "wording_set": "paraphrase_b", "ok": true, "error": ""}
{"request_id": "paraphrase-v1|linear_equation-01|direct|question_first|reveal|warm|paraphrase_b|doubao-seed-2.0-lite", "queue_rank": 39, "wording_set": "paraphrase_b", "ok": true, "error": ""}
{"request_id": "paraphrase-v1|fraction_addition-05|direct|explain_only|reveal|neutral|paraphrase_a|doubao-seed-2.0-lite", "queue_rank": 46, "wording_set": "paraphrase_a", "ok": true, "error": ""}
{"request_id": "paraphrase-v1|linear_equation-05|direct|question_first|reveal|warm|paraphrase_a|doubao-seed-2.0-lite", "queue_rank": 44, "wording_set": "paraphrase_a", "ok": true, "error": ""}
{"request_id": "paraphrase-v1|percentage_discount-01|explore|explain_only|withhold|neutral|paraphrase_a|doubao-seed-2.0-lite", "queue_rank": 45, "wording_set": "paraphrase_a", "ok": true, "error": ""}
{"request_id": "paraphrase-v1|linear_equation-05|direct|question_first|withhold|warm|paraphrase_a|doubao-seed-2.0-lite", "queue_rank": 43, "wording_set": "paraphrase_a", "ok": true, "error": ""}
{"request_id": "paraphrase-v1|percentage_discount-05|direct|question_first|reveal|neutral|paraphrase_b|doubao-seed-2.0-lite", "queue_rank": 51, "wording_set": "paraphrase_b", "ok": true, "error": ""}
{"request_id": "paraphrase-v1|linear_equation-05|direct|explain_only|withhold|neutral|paraphrase_b|doubao-seed-2.0-lite", "queue_rank": 49, "wording_set": "paraphrase_b", "ok": true, "error": ""}
{"request_id": "paraphrase-v1|fraction_addition-01|direct|explain_only|reveal|warm|paraphrase_b|doubao-seed-2.0-lite", "queue_rank": 48, "wording_set": "paraphrase_b", "ok": true, "error": ""}
{"request_id": "paraphrase-v1|percentage_discount-01|direct|question_first|reveal|neutral|paraphrase_a|doubao-seed-2.0-lite", "queue_rank": 50, "wording_set": "paraphrase_a", "ok": true, "error": ""}
{"request_id": "paraphrase-v1|linear_equation-01|explore|explain_only|reveal|warm|paraphrase_b|doubao-seed-2.0-lite", "queue_rank": 47, "wording_set": "paraphrase_b", "ok": true, "error": ""}
{"request_id": "paraphrase-v1|arithmetic_mean-05|direct|explain_only|withhold|neutral|paraphrase_a|doubao-seed-2.0-lite", "queue_rank": 54, "wording_set": "paraphrase_a", "ok": true, "error": ""}
{"request_id": "paraphrase-v1|linear_equation-01|direct|explain_only|withhold|warm|paraphrase_a|doubao-seed-2.0-lite", "queue_rank": 52, "wording_set": "paraphrase_a", "ok": true, "error": ""}
{"request_id": "paraphrase-v1|percentage_discount-05|explore|question_first|reveal|neutral|paraphrase_a|doubao-seed-2.0-lite", "queue_rank": 53, "wording_set": "paraphrase_a", "ok": true, "error": ""}
{"request_id": "paraphrase-v1|fraction_addition-01|explore|explain_only|reveal|warm|paraphrase_a|doubao-seed-2.0-lite", "queue_rank": 56, "wording_set": "paraphrase_a", "ok": true, "error": ""}
{"request_id": "paraphrase-v1|linear_equation-05|explore|explain_only|reveal|neutral|paraphrase_b|doubao-seed-2.0-lite", "queue_rank": 55, "wording_set": "paraphrase_b", "ok": true, "error": ""}
{"request_id": "paraphrase-v1|arithmetic_mean-01|explore|question_first|withhold|warm|paraphrase_a|doubao-seed-2.0-lite", "queue_rank": 59, "wording_set": "paraphrase_a", "ok": true, "error": ""}
{"request_id": "paraphrase-v1|percentage_discount-05|explore|question_first|reveal|warm|paraphrase_a|doubao-seed-2.0-lite", "queue_rank": 57, "wording_set": "paraphrase_a", "ok": true, "error": ""}
{"request_id": "paraphrase-v1|fraction_addition-01|explore|question_first|withhold|neutral|paraphrase_b|doubao-seed-2.0-lite", "queue_rank": 61, "wording_set": "paraphrase_b", "ok": true, "error": ""}
{"request_id": "paraphrase-v1|linear_equation-05|direct|question_first|withhold|warm|paraphrase_b|doubao-seed-2.0-lite", "queue_rank": 58, "wording_set": "paraphrase_b", "ok": true, "error": ""}
{"request_id": "paraphrase-v1|arithmetic_mean-01|direct|question_first|withhold|neutral|paraphrase_a|doubao-seed-2.0-lite", "queue_rank": 62, "wording_set": "paraphrase_a", "ok": true, "error": ""}
{"request_id": "paraphrase-v1|percentage_discount-01|explore|question_first|reveal|neutral|paraphrase_b|doubao-seed-2.0-lite", "queue_rank": 60, "wording_set": "paraphrase_b", "ok": true, "error": ""}
{"request_id": "paraphrase-v1|linear_equation-05|direct|explain_only|withhold|warm|paraphrase_b|doubao-seed-2.0-lite", "queue_rank": 64, "wording_set": "paraphrase_b", "ok": true, "error": ""}
{"request_id": "paraphrase-v1|percentage_discount-01|explore|explain_only|withhold|warm|paraphrase_a|doubao-seed-2.0-lite", "queue_rank": 63, "wording_set": "paraphrase_a", "ok": true, "error": ""}
{"request_id": "paraphrase-v1|fraction_addition-01|explore|explain_only|reveal|neutral|paraphrase_a|doubao-seed-2.0-lite", "queue_rank": 66, "wording_set": "paraphrase_a", "ok": true, "error": ""}
{"request_id": "paraphrase-v1|linear_equation-01|explore|explain_only|withhold|warm|paraphrase_b|doubao-seed-2.0-lite", "queue_rank": 68, "wording_set": "paraphrase_b", "ok": true, "error": ""}
{"request_id": "paraphrase-v1|fraction_addition-05|explore|question_first|reveal|warm|paraphrase_b|doubao-seed-2.0-lite", "queue_rank": 65, "wording_set": "paraphrase_b", "ok": true, "error": ""}
{"request_id": "paraphrase-v1|percentage_discount-01|direct|question_first|withhold|neutral|paraphrase_a|doubao-seed-2.0-lite", "queue_rank": 73, "wording_set": "paraphrase_a", "ok": true, "error": ""}
{"request_id": "paraphrase-v1|arithmetic_mean-05|explore|explain_only|withhold|neutral|paraphrase_a|doubao-seed-2.0-lite", "queue_rank": 72, "wording_set": "paraphrase_a", "ok": true, "error": ""}
{"request_id": "paraphrase-v1|fraction_addition-01|direct|question_first|reveal|neutral|paraphrase_b|doubao-seed-2.0-lite", "queue_rank": 67, "wording_set": "paraphrase_b", "ok": true, "error": ""}
{"request_id": "paraphrase-v1|arithmetic_mean-01|direct|explain_only|withhold|neutral|paraphrase_b|doubao-seed-2.0-lite", "queue_rank": 74, "wording_set": "paraphrase_b", "ok": true, "error": ""}
{"request_id": "paraphrase-v1|fraction_addition-01|direct|explain_only|withhold|warm|paraphrase_a|doubao-seed-2.0-lite", "queue_rank": 69, "wording_set": "paraphrase_a", "ok": true, "error": ""}
{"request_id": "paraphrase-v1|percentage_discount-01|direct|question_first|reveal|warm|paraphrase_b|doubao-seed-2.0-lite", "queue_rank": 71, "wording_set": "paraphrase_b", "ok": true, "error": ""}
{"request_id": "paraphrase-v1|arithmetic_mean-05|direct|question_first|withhold|warm|paraphrase_b|doubao-seed-2.0-lite", "queue_rank": 70, "wording_set": "paraphrase_b", "ok": true, "error": ""}
{"request_id": "paraphrase-v1|fraction_addition-01|direct|explain_only|reveal|neutral|paraphrase_b|doubao-seed-2.0-lite", "queue_rank": 75, "wording_set": "paraphrase_b", "ok": true, "error": ""}
{"request_id": "paraphrase-v1|arithmetic_mean-01|explore|question_first|withhold|neutral|paraphrase_a|doubao-seed-2.0-lite", "queue_rank": 78, "wording_set": "paraphrase_a", "ok": true, "error": ""}
{"request_id": "paraphrase-v1|percentage_discount-01|explore|question_first|withhold|warm|paraphrase_a|doubao-seed-2.0-lite", "queue_rank": 76, "wording_set": "paraphrase_a", "ok": true, "error": ""}
{"request_id": "paraphrase-v1|percentage_discount-05|explore|explain_only|withhold|warm|paraphrase_a|doubao-seed-2.0-lite", "queue_rank": 80, "wording_set": "paraphrase_a", "ok": true, "error": ""}
{"request_id": "paraphrase-v1|percentage_discount-01|explore|question_first|withhold|warm|paraphrase_b|doubao-seed-2.0-lite", "queue_rank": 77, "wording_set": "paraphrase_b", "ok": true, "error": ""}
{"request_id": "paraphrase-v1|linear_equation-01|direct|explain_only|withhold|neutral|paraphrase_a|doubao-seed-2.0-lite", "queue_rank": 79, "wording_set": "paraphrase_a", "ok": true, "error": ""}
{"request_id": "paraphrase-v1|percentage_discount-05|explore|explain_only|reveal|neutral|paraphrase_b|doubao-seed-2.0-lite", "queue_rank": 82, "wording_set": "paraphrase_b", "ok": true, "error": ""}
{"request_id": "paraphrase-v1|linear_equation-01|direct|question_first|reveal|neutral|paraphrase_a|doubao-seed-2.0-lite", "queue_rank": 83, "wording_set": "paraphrase_a", "ok": true, "error": ""}
{"request_id": "paraphrase-v1|linear_equation-01|explore|explain_only|reveal|warm|paraphrase_a|doubao-seed-2.0-lite", "queue_rank": 84, "wording_set": "paraphrase_a", "ok": true, "error": ""}
{"request_id": "paraphrase-v1|fraction_addition-01|explore|question_first|reveal|warm|paraphrase_a|doubao-seed-2.0-lite", "queue_rank": 81, "wording_set": "paraphrase_a", "ok": true, "error": ""}
{"request_id": "paraphrase-v1|arithmetic_mean-01|direct|question_first|withhold|neutral|paraphrase_b|doubao-seed-2.0-lite", "queue_rank": 85, "wording_set": "paraphrase_b", "ok": true, "error": ""}
{"request_id": "paraphrase-v1|percentage_discount-01|explore|question_first|reveal|neutral|paraphrase_a|doubao-seed-2.0-lite", "queue_rank": 86, "wording_set": "paraphrase_a", "ok": true, "error": ""}
{"request_id": "paraphrase-v1|fraction_addition-05|explore|explain_only|reveal|warm|paraphrase_b|doubao-seed-2.0-lite", "queue_rank": 89, "wording_set": "paraphrase_b", "ok": true, "error": ""}
{"request_id": "paraphrase-v1|percentage_discount-05|explore|question_first|withhold|neutral|paraphrase_b|doubao-seed-2.0-lite", "queue_rank": 88, "wording_set": "paraphrase_b", "ok": true, "error": ""}
{"request_id": "paraphrase-v1|fraction_addition-01|direct|question_first|withhold|warm|paraphrase_a|doubao-seed-2.0-lite", "queue_rank": 87, "wording_set": "paraphrase_a", "ok": true, "error": ""}
{"request_id": "paraphrase-v1|linear_equation-05|direct|explain_only|reveal|neutral|paraphrase_a|doubao-seed-2.0-lite", "queue_rank": 90, "wording_set": "paraphrase_a", "ok": true, "error": ""}
{"request_id": "paraphrase-v1|arithmetic_mean-01|direct|explain_only|reveal|warm|paraphrase_a|doubao-seed-2.0-lite", "queue_rank": 91, "wording_set": "paraphrase_a", "ok": true, "error": ""}
{"request_id": "paraphrase-v1|arithmetic_mean-05|direct|explain_only|reveal|warm|paraphrase_b|doubao-seed-2.0-lite", "queue_rank": 92, "wording_set": "paraphrase_b", "ok": true, "error": ""}
{"request_id": "paraphrase-v1|arithmetic_mean-01|direct|question_first|reveal|warm|paraphrase_a|doubao-seed-2.0-lite", "queue_rank": 93, "wording_set": "paraphrase_a", "ok": true, "error": ""}
{"request_id": "paraphrase-v1|arithmetic_mean-05|explore|explain_only|withhold|neutral|paraphrase_b|doubao-seed-2.0-lite", "queue_rank": 95, "wording_set": "paraphrase_b", "ok": true, "error": ""}
{"request_id": "paraphrase-v1|fraction_addition-01|explore|explain_only|withhold|neutral|paraphrase_b|doubao-seed-2.0-lite", "queue_rank": 98, "wording_set": "paraphrase_b", "ok": true, "error": ""}
{"request_id": "paraphrase-v1|arithmetic_mean-05|explore|question_first|reveal|neutral|paraphrase_b|doubao-seed-2.0-lite", "queue_rank": 94, "wording_set": "paraphrase_b", "ok": true, "error": ""}
{"request_id": "paraphrase-v1|arithmetic_mean-01|explore|explain_only|reveal|neutral|paraphrase_b|doubao-seed-2.0-lite", "queue_rank": 102, "wording_set": "paraphrase_b", "ok": true, "error": ""}
{"request_id": "paraphrase-v1|arithmetic_mean-05|explore|question_first|withhold|warm|paraphrase_b|doubao-seed-2.0-lite", "queue_rank": 97, "wording_set": "paraphrase_b", "ok": true, "error": ""}
{"request_id": "paraphrase-v1|fraction_addition-01|direct|question_first|reveal|warm|paraphrase_a|doubao-seed-2.0-lite", "queue_rank": 96, "wording_set": "paraphrase_a", "ok": true, "error": ""}
{"request_id": "paraphrase-v1|fraction_addition-05|direct|explain_only|withhold|neutral|paraphrase_b|doubao-seed-2.0-lite", "queue_rank": 103, "wording_set": "paraphrase_b", "ok": true, "error": ""}
{"request_id": "paraphrase-v1|fraction_addition-05|direct|question_first|reveal|warm|paraphrase_b|doubao-seed-2.0-lite", "queue_rank": 99, "wording_set": "paraphrase_b", "ok": true, "error": ""}
{"request_id": "paraphrase-v1|arithmetic_mean-05|explore|question_first|reveal|warm|paraphrase_a|doubao-seed-2.0-lite", "queue_rank": 100, "wording_set": "paraphrase_a", "ok": true, "error": ""}
{"request_id": "paraphrase-v1|percentage_discount-01|explore|question_first|withhold|neutral|paraphrase_a|doubao-seed-2.0-lite", "queue_rank": 101, "wording_set": "paraphrase_a", "ok": true, "error": ""}
{"request_id": "paraphrase-v1|arithmetic_mean-05|explore|question_first|reveal|neutral|paraphrase_a|doubao-seed-2.0-lite", "queue_rank": 108, "wording_set": "paraphrase_a", "ok": true, "error": ""}
{"request_id": "paraphrase-v1|arithmetic_mean-01|direct|question_first|reveal|neutral|paraphrase_b|doubao-seed-2.0-lite", "queue_rank": 104, "wording_set": "paraphrase_b", "ok": true, "error": ""}
{"request_id": "paraphrase-v1|fraction_addition-01|direct|explain_only|reveal|warm|paraphrase_a|doubao-seed-2.0-lite", "queue_rank": 106, "wording_set": "paraphrase_a", "ok": true, "error": ""}
{"request_id": "paraphrase-v1|fraction_addition-05|explore|explain_only|reveal|neutral|paraphrase_a|doubao-seed-2.0-lite", "queue_rank": 110, "wording_set": "paraphrase_a", "ok": true, "error": ""}
{"request_id": "paraphrase-v1|percentage_discount-05|explore|explain_only|reveal|warm|paraphrase_a|doubao-seed-2.0-lite", "queue_rank": 105, "wording_set": "paraphrase_a", "ok": true, "error": ""}
{"request_id": "paraphrase-v1|percentage_discount-05|explore|explain_only|reveal|warm|paraphrase_b|doubao-seed-2.0-lite", "queue_rank": 107, "wording_set": "paraphrase_b", "ok": true, "error": ""}
{"request_id": "paraphrase-v1|arithmetic_mean-05|direct|explain_only|reveal|neutral|paraphrase_a|doubao-seed-2.0-lite", "queue_rank": 113, "wording_set": "paraphrase_a", "ok": true, "error": ""}
{"request_id": "paraphrase-v1|fraction_addition-01|explore|question_first|withhold|warm|paraphrase_a|doubao-seed-2.0-lite", "queue_rank": 109, "wording_set": "paraphrase_a", "ok": true, "error": ""}
{"request_id": "paraphrase-v1|fraction_addition-05|direct|question_first|reveal|neutral|paraphrase_a|doubao-seed-2.0-lite", "queue_rank": 112, "wording_set": "paraphrase_a", "ok": true, "error": ""}
{"request_id": "paraphrase-v1|fraction_addition-05|direct|explain_only|reveal|warm|paraphrase_b|doubao-seed-2.0-lite", "queue_rank": 116, "wording_set": "paraphrase_b", "ok": true, "error": ""}
{"request_id": "paraphrase-v1|linear_equation-05|direct|explain_only|withhold|neutral|paraphrase_a|doubao-seed-2.0-lite", "queue_rank": 111, "wording_set": "paraphrase_a", "ok": true, "error": ""}
{"request_id": "paraphrase-v1|arithmetic_mean-01|direct|explain_only|withhold|warm|paraphrase_b|doubao-seed-2.0-lite", "queue_rank": 114, "wording_set": "paraphrase_b", "ok": true, "error": ""}
{"request_id": "paraphrase-v1|arithmetic_mean-01|direct|question_first|withhold|warm|paraphrase_b|doubao-seed-2.0-lite", "queue_rank": 115, "wording_set": "paraphrase_b", "ok": true, "error": ""}
{"request_id": "paraphrase-v1|arithmetic_mean-05|explore|explain_only|withhold|warm|paraphrase_b|doubao-seed-2.0-lite", "queue_rank": 118, "wording_set": "paraphrase_b", "ok": true, "error": ""}
{"request_id": "paraphrase-v1|linear_equation-01|direct|question_first|withhold|warm|paraphrase_a|doubao-seed-2.0-lite", "queue_rank": 117, "wording_set": "paraphrase_a", "ok": true, "error": ""}
{"request_id": "paraphrase-v1|fraction_addition-05|explore|explain_only|withhold|warm|paraphrase_a|doubao-seed-2.0-lite", "queue_rank": 119, "wording_set": "paraphrase_a", "ok": true, "error": ""}
{"request_id": "paraphrase-v1|arithmetic_mean-01|direct|explain_only|withhold|warm|paraphrase_a|doubao-seed-2.0-lite", "queue_rank": 120, "wording_set": "paraphrase_a", "ok": true, "error": ""}
{"request_id": "paraphrase-v1|percentage_discount-05|direct|question_first|withhold|neutral|paraphrase_a|doubao-seed-2.0-lite", "queue_rank": 122, "wording_set": "paraphrase_a", "ok": true, "error": ""}
{"request_id": "paraphrase-v1|fraction_addition-01|explore|explain_only|withhold|neutral|paraphrase_a|doubao-seed-2.0-lite", "queue_rank": 123, "wording_set": "paraphrase_a", "ok": true, "error": ""}
{"request_id": "paraphrase-v1|percentage_discount-01|direct|explain_only|reveal|neutral|paraphrase_b|doubao-seed-2.0-lite", "queue_rank": 124, "wording_set": "paraphrase_b", "ok": true, "error": ""}
{"request_id": "paraphrase-v1|fraction_addition-05|explore|question_first|withhold|neutral|paraphrase_b|doubao-seed-2.0-lite", "queue_rank": 126, "wording_set": "paraphrase_b", "ok": true, "error": ""}
{"request_id": "paraphrase-v1|linear_equation-01|explore|question_first|reveal|warm|paraphrase_b|doubao-seed-2.0-lite", "queue_rank": 121, "wording_set": "paraphrase_b", "ok": true, "error": ""}
{"request_id": "paraphrase-v1|percentage_discount-01|direct|question_first|withhold|neutral|paraphrase_b|doubao-seed-2.0-lite", "queue_rank": 125, "wording_set": "paraphrase_b", "ok": true, "error": ""}
{"request_id": "paraphrase-v1|arithmetic_mean-05|direct|question_first|withhold|neutral|paraphrase_a|doubao-seed-2.0-lite", "queue_rank": 129, "wording_set": "paraphrase_a", "ok": true, "error": ""}
{"request_id": "paraphrase-v1|fraction_addition-05|direct|explain_only|reveal|warm|paraphrase_a|doubao-seed-2.0-lite", "queue_rank": 128, "wording_set": "paraphrase_a", "ok": true, "error": ""}
{"request_id": "paraphrase-v1|fraction_addition-05|explore|question_first|reveal|neutral|paraphrase_b|doubao-seed-2.0-lite", "queue_rank": 127, "wording_set": "paraphrase_b", "ok": true, "error": ""}
{"request_id": "paraphrase-v1|arithmetic_mean-01|explore|explain_only|reveal|warm|paraphrase_b|doubao-seed-2.0-lite", "queue_rank": 131, "wording_set": "paraphrase_b", "ok": true, "error": ""}
{"request_id": "paraphrase-v1|fraction_addition-01|explore|explain_only|reveal|neutral|paraphrase_b|doubao-seed-2.0-lite", "queue_rank": 130, "wording_set": "paraphrase_b", "ok": true, "error": ""}
{"request_id": "paraphrase-v1|arithmetic_mean-01|direct|explain_only|reveal|warm|paraphrase_b|doubao-seed-2.0-lite", "queue_rank": 134, "wording_set": "paraphrase_b", "ok": true, "error": ""}
{"request_id": "paraphrase-v1|percentage_discount-05|explore|question_first|reveal|warm|paraphrase_b|doubao-seed-2.0-lite", "queue_rank": 133, "wording_set": "paraphrase_b", "ok": true, "error": ""}
{"request_id": "paraphrase-v1|percentage_discount-05|direct|explain_only|withhold|neutral|paraphrase_b|doubao-seed-2.0-lite", "queue_rank": 136, "wording_set": "paraphrase_b", "ok": true, "error": ""}
{"request_id": "paraphrase-v1|arithmetic_mean-05|direct|explain_only|reveal|neutral|paraphrase_b|doubao-seed-2.0-lite", "queue_rank": 135, "wording_set": "paraphrase_b", "ok": true, "error": ""}
{"request_id": "paraphrase-v1|arithmetic_mean-05|direct|explain_only|withhold|warm|paraphrase_a|doubao-seed-2.0-lite", "queue_rank": 132, "wording_set": "paraphrase_a", "ok": true, "error": ""}
{"request_id": "paraphrase-v1|linear_equation-05|explore|explain_only|withhold|warm|paraphrase_b|doubao-seed-2.0-lite", "queue_rank": 137, "wording_set": "paraphrase_b", "ok": true, "error": ""}
{"request_id": "paraphrase-v1|fraction_addition-01|direct|explain_only|withhold|warm|paraphrase_b|doubao-seed-2.0-lite", "queue_rank": 138, "wording_set": "paraphrase_b", "ok": true, "error": ""}
{"request_id": "paraphrase-v1|fraction_addition-05|explore|question_first|reveal|neutral|paraphrase_a|doubao-seed-2.0-lite", "queue_rank": 139, "wording_set": "paraphrase_a", "ok": true, "error": ""}
{"request_id": "paraphrase-v1|linear_equation-05|explore|explain_only|withhold|neutral|paraphrase_b|doubao-seed-2.0-lite", "queue_rank": 141, "wording_set": "paraphrase_b", "ok": true, "error": ""}
{"request_id": "paraphrase-v1|percentage_discount-05|explore|question_first|withhold|neutral|paraphrase_a|doubao-seed-2.0-lite", "queue_rank": 143, "wording_set": "paraphrase_a", "ok": true, "error": ""}
{"request_id": "paraphrase-v1|arithmetic_mean-05|explore|explain_only|reveal|warm|paraphrase_a|doubao-seed-2.0-lite", "queue_rank": 145, "wording_set": "paraphrase_a", "ok": true, "error": ""}
{"request_id": "paraphrase-v1|arithmetic_mean-05|direct|question_first|reveal|warm|paraphrase_a|doubao-seed-2.0-lite", "queue_rank": 140, "wording_set": "paraphrase_a", "ok": true, "error": ""}
{"request_id": "paraphrase-v1|linear_equation-05|direct|question_first|reveal|neutral|paraphrase_b|doubao-seed-2.0-lite", "queue_rank": 146, "wording_set": "paraphrase_b", "ok": true, "error": ""}
{"request_id": "paraphrase-v1|linear_equation-01|explore|question_first|reveal|warm|paraphrase_a|doubao-seed-2.0-lite", "queue_rank": 144, "wording_set": "paraphrase_a", "ok": true, "error": ""}
{"request_id": "paraphrase-v1|fraction_addition-01|direct|question_first|reveal|warm|paraphrase_b|doubao-seed-2.0-lite", "queue_rank": 142, "wording_set": "paraphrase_b", "ok": true, "error": ""}
{"request_id": "paraphrase-v1|arithmetic_mean-01|explore|question_first|withhold|neutral|paraphrase_b|doubao-seed-2.0-lite", "queue_rank": 147, "wording_set": "paraphrase_b", "ok": true, "error": ""}
{"request_id": "paraphrase-v1|fraction_addition-05|direct|explain_only|withhold|neutral|paraphrase_a|doubao-seed-2.0-lite", "queue_rank": 153, "wording_set": "paraphrase_a", "ok": true, "error": ""}
{"request_id": "paraphrase-v1|linear_equation-05|explore|explain_only|reveal|neutral|paraphrase_a|doubao-seed-2.0-lite", "queue_rank": 155, "wording_set": "paraphrase_a", "ok": true, "error": ""}
{"request_id": "paraphrase-v1|linear_equation-05|explore|question_first|withhold|warm|paraphrase_b|doubao-seed-2.0-lite", "queue_rank": 148, "wording_set": "paraphrase_b", "ok": true, "error": ""}
{"request_id": "paraphrase-v1|arithmetic_mean-01|explore|question_first|reveal|neutral|paraphrase_b|doubao-seed-2.0-lite", "queue_rank": 150, "wording_set": "paraphrase_b", "ok": true, "error": ""}
{"request_id": "paraphrase-v1|linear_equation-05|direct|question_first|withhold|neutral|paraphrase_b|doubao-seed-2.0-lite", "queue_rank": 149, "wording_set": "paraphrase_b", "ok": true, "error": ""}
{"request_id": "paraphrase-v1|arithmetic_mean-01|direct|question_first|withhold|warm|paraphrase_a|doubao-seed-2.0-lite", "queue_rank": 152, "wording_set": "paraphrase_a", "ok": true, "error": ""}
{"request_id": "paraphrase-v1|percentage_discount-01|direct|explain_only|reveal|neutral|paraphrase_a|doubao-seed-2.0-lite", "queue_rank": 157, "wording_set": "paraphrase_a", "ok": true, "error": ""}
{"request_id": "paraphrase-v1|linear_equation-01|explore|explain_only|withhold|warm|paraphrase_a|doubao-seed-2.0-lite", "queue_rank": 154, "wording_set": "paraphrase_a", "ok": true, "error": ""}
{"request_id": "paraphrase-v1|arithmetic_mean-01|explore|explain_only|withhold|neutral|paraphrase_a|doubao-seed-2.0-lite", "queue_rank": 159, "wording_set": "paraphrase_a", "ok": true, "error": ""}
{"request_id": "paraphrase-v1|fraction_addition-05|explore|explain_only|reveal|neutral|paraphrase_b|doubao-seed-2.0-lite", "queue_rank": 160, "wording_set": "paraphrase_b", "ok": true, "error": ""}
{"request_id": "paraphrase-v1|linear_equation-01|direct|question_first|withhold|warm|paraphrase_b|doubao-seed-2.0-lite", "queue_rank": 151, "wording_set": "paraphrase_b", "ok": true, "error": ""}
{"request_id": "paraphrase-v1|arithmetic_mean-01|direct|question_first|reveal|warm|paraphrase_b|doubao-seed-2.0-lite", "queue_rank": 161, "wording_set": "paraphrase_b", "ok": true, "error": ""}
{"request_id": "paraphrase-v1|fraction_addition-01|direct|question_first|reveal|neutral|paraphrase_a|doubao-seed-2.0-lite", "queue_rank": 158, "wording_set": "paraphrase_a", "ok": true, "error": ""}
{"request_id": "paraphrase-v1|linear_equation-01|explore|question_first|withhold|warm|paraphrase_a|doubao-seed-2.0-lite", "queue_rank": 156, "wording_set": "paraphrase_a", "ok": true, "error": ""}
{"request_id": "paraphrase-v1|percentage_discount-01|direct|explain_only|withhold|neutral|paraphrase_b|doubao-seed-2.0-lite", "queue_rank": 166, "wording_set": "paraphrase_b", "ok": true, "error": ""}
{"request_id": "paraphrase-v1|percentage_discount-01|direct|question_first|reveal|warm|paraphrase_a|doubao-seed-2.0-lite", "queue_rank": 163, "wording_set": "paraphrase_a", "ok": true, "error": ""}
{"request_id": "paraphrase-v1|percentage_discount-05|direct|explain_only|withhold|warm|paraphrase_a|doubao-seed-2.0-lite", "queue_rank": 162, "wording_set": "paraphrase_a", "ok": true, "error": ""}
{"request_id": "paraphrase-v1|percentage_discount-01|direct|explain_only|withhold|warm|paraphrase_b|doubao-seed-2.0-lite", "queue_rank": 164, "wording_set": "paraphrase_b", "ok": true, "error": ""}
{"request_id": "paraphrase-v1|percentage_discount-05|direct|explain_only|reveal|neutral|paraphrase_b|doubao-seed-2.0-lite", "queue_rank": 167, "wording_set": "paraphrase_b", "ok": true, "error": ""}
{"request_id": "paraphrase-v1|percentage_discount-05|direct|question_first|withhold|warm|paraphrase_a|doubao-seed-2.0-lite", "queue_rank": 165, "wording_set": "paraphrase_a", "ok": true, "error": ""}
{"request_id": "paraphrase-v1|percentage_discount-01|explore|explain_only|reveal|warm|paraphrase_a|doubao-seed-2.0-lite", "queue_rank": 170, "wording_set": "paraphrase_a", "ok": true, "error": ""}
{"request_id": "paraphrase-v1|percentage_discount-05|explore|explain_only|reveal|neutral|paraphrase_a|doubao-seed-2.0-lite", "queue_rank": 173, "wording_set": "paraphrase_a", "ok": true, "error": ""}
{"request_id": "paraphrase-v1|linear_equation-05|explore|explain_only|withhold|neutral|paraphrase_a|doubao-seed-2.0-lite", "queue_rank": 171, "wording_set": "paraphrase_a", "ok": true, "error": ""}
{"request_id": "paraphrase-v1|linear_equation-01|explore|question_first|reveal|neutral|paraphrase_b|doubao-seed-2.0-lite", "queue_rank": 169, "wording_set": "paraphrase_b", "ok": true, "error": ""}
{"request_id": "paraphrase-v1|percentage_discount-01|direct|question_first|withhold|warm|paraphrase_b|doubao-seed-2.0-lite", "queue_rank": 168, "wording_set": "paraphrase_b", "ok": true, "error": ""}
{"request_id": "paraphrase-v1|fraction_addition-05|explore|explain_only|withhold|neutral|paraphrase_b|doubao-seed-2.0-lite", "queue_rank": 176, "wording_set": "paraphrase_b", "ok": true, "error": ""}
{"request_id": "paraphrase-v1|fraction_addition-05|direct|question_first|withhold|neutral|paraphrase_b|doubao-seed-2.0-lite", "queue_rank": 174, "wording_set": "paraphrase_b", "ok": true, "error": ""}
{"request_id": "paraphrase-v1|linear_equation-01|explore|question_first|withhold|neutral|paraphrase_a|doubao-seed-2.0-lite", "queue_rank": 172, "wording_set": "paraphrase_a", "ok": true, "error": ""}
{"request_id": "paraphrase-v1|arithmetic_mean-01|direct|explain_only|reveal|neutral|paraphrase_a|doubao-seed-2.0-lite", "queue_rank": 178, "wording_set": "paraphrase_a", "ok": true, "error": ""}
{"request_id": "paraphrase-v1|linear_equation-05|explore|question_first|withhold|warm|paraphrase_a|doubao-seed-2.0-lite", "queue_rank": 177, "wording_set": "paraphrase_a", "ok": true, "error": ""}
{"request_id": "paraphrase-v1|fraction_addition-05|direct|question_first|reveal|neutral|paraphrase_b|doubao-seed-2.0-lite", "queue_rank": 183, "wording_set": "paraphrase_b", "ok": true, "error": ""}
{"request_id": "paraphrase-v1|percentage_discount-01|direct|explain_only|withhold|neutral|paraphrase_a|doubao-seed-2.0-lite", "queue_rank": 182, "wording_set": "paraphrase_a", "ok": true, "error": ""}
{"request_id": "paraphrase-v1|fraction_addition-01|explore|question_first|reveal|warm|paraphrase_b|doubao-seed-2.0-lite", "queue_rank": 179, "wording_set": "paraphrase_b", "ok": true, "error": ""}
{"request_id": "paraphrase-v1|arithmetic_mean-01|explore|question_first|reveal|warm|paraphrase_a|doubao-seed-2.0-lite", "queue_rank": 175, "wording_set": "paraphrase_a", "ok": true, "error": ""}
{"request_id": "paraphrase-v1|percentage_discount-01|explore|explain_only|reveal|warm|paraphrase_b|doubao-seed-2.0-lite", "queue_rank": 181, "wording_set": "paraphrase_b", "ok": true, "error": ""}
{"request_id": "paraphrase-v1|fraction_addition-01|direct|question_first|withhold|neutral|paraphrase_a|doubao-seed-2.0-lite", "queue_rank": 184, "wording_set": "paraphrase_a", "ok": true, "error": ""}
{"request_id": "paraphrase-v1|linear_equation-01|explore|question_first|withhold|warm|paraphrase_b|doubao-seed-2.0-lite", "queue_rank": 180, "wording_set": "paraphrase_b", "ok": true, "error": ""}
{"request_id": "paraphrase-v1|percentage_discount-05|explore|explain_only|withhold|warm|paraphrase_b|doubao-seed-2.0-lite", "queue_rank": 187, "wording_set": "paraphrase_b", "ok": true, "error": ""}
{"request_id": "paraphrase-v1|linear_equation-01|direct|explain_only|reveal|warm|paraphrase_b|doubao-seed-2.0-lite", "queue_rank": 186, "wording_set": "paraphrase_b", "ok": true, "error": ""}
{"request_id": "paraphrase-v1|fraction_addition-01|explore|question_first|reveal|neutral|paraphrase_a|doubao-seed-2.0-lite", "queue_rank": 185, "wording_set": "paraphrase_a", "ok": true, "error": ""}
{"request_id": "paraphrase-v1|arithmetic_mean-01|explore|explain_only|withhold|warm|paraphrase_a|doubao-seed-2.0-lite", "queue_rank": 189, "wording_set": "paraphrase_a", "ok": true, "error": ""}
{"request_id": "paraphrase-v1|arithmetic_mean-01|direct|question_first|reveal|neutral|paraphrase_a|doubao-seed-2.0-lite", "queue_rank": 190, "wording_set": "paraphrase_a", "ok": true, "error": ""}
{"request_id": "paraphrase-v1|linear_equation-01|explore|question_first|withhold|neutral|paraphrase_b|doubao-seed-2.0-lite", "queue_rank": 188, "wording_set": "paraphrase_b", "ok": true, "error": ""}
{"request_id": "paraphrase-v1|percentage_discount-01|direct|explain_only|reveal|warm|paraphrase_a|doubao-seed-2.0-lite", "queue_rank": 191, "wording_set": "paraphrase_a", "ok": true, "error": ""}
{"request_id": "paraphrase-v1|percentage_discount-01|direct|question_first|reveal|neutral|paraphrase_b|doubao-seed-2.0-lite", "queue_rank": 192, "wording_set": "paraphrase_b", "ok": true, "error": ""}
{"request_id": "paraphrase-v1|percentage_discount-01|explore|question_first|withhold|neutral|paraphrase_b|doubao-seed-2.0-lite", "queue_rank": 194, "wording_set": "paraphrase_b", "ok": true, "error": ""}
{"request_id": "paraphrase-v1|arithmetic_mean-01|explore|explain_only|reveal|neutral|paraphrase_a|doubao-seed-2.0-lite", "queue_rank": 196, "wording_set": "paraphrase_a", "ok": true, "error": ""}
{"request_id": "paraphrase-v1|linear_equation-01|direct|question_first|reveal|warm|paraphrase_a|doubao-seed-2.0-lite", "queue_rank": 197, "wording_set": "paraphrase_a", "ok": true, "error": ""}
{"request_id": "paraphrase-v1|linear_equation-05|explore|question_first|reveal|warm|paraphrase_b|doubao-seed-2.0-lite", "queue_rank": 193, "wording_set": "paraphrase_b", "ok": true, "error": ""}
{"request_id": "paraphrase-v1|arithmetic_mean-01|explore|explain_only|withhold|neutral|paraphrase_b|doubao-seed-2.0-lite", "queue_rank": 201, "wording_set": "paraphrase_b", "ok": true, "error": ""}
{"request_id": "paraphrase-v1|fraction_addition-01|explore|question_first|withhold|warm|paraphrase_b|doubao-seed-2.0-lite", "queue_rank": 195, "wording_set": "paraphrase_b", "ok": true, "error": ""}
{"request_id": "paraphrase-v1|fraction_addition-01|direct|explain_only|withhold|neutral|paraphrase_a|doubao-seed-2.0-lite", "queue_rank": 199, "wording_set": "paraphrase_a", "ok": true, "error": ""}
{"request_id": "paraphrase-v1|arithmetic_mean-05|explore|explain_only|reveal|warm|paraphrase_b|doubao-seed-2.0-lite", "queue_rank": 202, "wording_set": "paraphrase_b", "ok": true, "error": ""}
{"request_id": "paraphrase-v1|arithmetic_mean-05|explore|question_first|withhold|neutral|paraphrase_a|doubao-seed-2.0-lite", "queue_rank": 204, "wording_set": "paraphrase_a", "ok": true, "error": ""}
{"request_id": "paraphrase-v1|percentage_discount-01|explore|question_first|reveal|warm|paraphrase_a|doubao-seed-2.0-lite", "queue_rank": 198, "wording_set": "paraphrase_a", "ok": true, "error": ""}
{"request_id": "paraphrase-v1|arithmetic_mean-05|direct|explain_only|reveal|warm|paraphrase_a|doubao-seed-2.0-lite", "queue_rank": 203, "wording_set": "paraphrase_a", "ok": true, "error": ""}
{"request_id": "paraphrase-v1|arithmetic_mean-01|explore|explain_only|reveal|warm|paraphrase_a|doubao-seed-2.0-lite", "queue_rank": 206, "wording_set": "paraphrase_a", "ok": true, "error": ""}
{"request_id": "paraphrase-v1|linear_equation-01|direct|question_first|withhold|neutral|paraphrase_b|doubao-seed-2.0-lite", "queue_rank": 200, "wording_set": "paraphrase_b", "ok": true, "error": ""}
{"request_id": "paraphrase-v1|fraction_addition-05|direct|explain_only|withhold|warm|paraphrase_a|doubao-seed-2.0-lite", "queue_rank": 205, "wording_set": "paraphrase_a", "ok": true, "error": ""}
{"request_id": "paraphrase-v1|arithmetic_mean-01|explore|explain_only|withhold|warm|paraphrase_b|doubao-seed-2.0-lite", "queue_rank": 207, "wording_set": "paraphrase_b", "ok": true, "error": ""}
{"request_id": "paraphrase-v1|fraction_addition-05|explore|explain_only|withhold|neutral|paraphrase_a|doubao-seed-2.0-lite", "queue_rank": 209, "wording_set": "paraphrase_a", "ok": true, "error": ""}
{"request_id": "paraphrase-v1|linear_equation-01|explore|question_first|reveal|neutral|paraphrase_a|doubao-seed-2.0-lite", "queue_rank": 208, "wording_set": "paraphrase_a", "ok": true, "error": ""}
{"request_id": "paraphrase-v1|fraction_addition-01|explore|explain_only|withhold|warm|paraphrase_a|doubao-seed-2.0-lite", "queue_rank": 212, "wording_set": "paraphrase_a", "ok": true, "error": ""}
{"request_id": "paraphrase-v1|arithmetic_mean-05|direct|question_first|reveal|neutral|paraphrase_a|doubao-seed-2.0-lite", "queue_rank": 214, "wording_set": "paraphrase_a", "ok": true, "error": ""}
{"request_id": "paraphrase-v1|percentage_discount-05|explore|question_first|withhold|warm|paraphrase_a|doubao-seed-2.0-lite", "queue_rank": 210, "wording_set": "paraphrase_a", "ok": true, "error": ""}
{"request_id": "paraphrase-v1|fraction_addition-05|direct|question_first|withhold|warm|paraphrase_a|doubao-seed-2.0-lite", "queue_rank": 213, "wording_set": "paraphrase_a", "ok": true, "error": ""}
{"request_id": "paraphrase-v1|percentage_discount-05|direct|explain_only|withhold|warm|paraphrase_b|doubao-seed-2.0-lite", "queue_rank": 215, "wording_set": "paraphrase_b", "ok": true, "error": ""}
{"request_id": "paraphrase-v1|linear_equation-01|direct|explain_only|reveal|neutral|paraphrase_a|doubao-seed-2.0-lite", "queue_rank": 216, "wording_set": "paraphrase_a", "ok": true, "error": ""}
{"request_id": "paraphrase-v1|fraction_addition-05|direct|question_first|withhold|warm|paraphrase_b|doubao-seed-2.0-lite", "queue_rank": 211, "wording_set": "paraphrase_b", "ok": true, "error": ""}
{"request_id": "paraphrase-v1|fraction_addition-05|direct|question_first|withhold|neutral|paraphrase_a|doubao-seed-2.0-lite", "queue_rank": 218, "wording_set": "paraphrase_a", "ok": true, "error": ""}
{"request_id": "paraphrase-v1|linear_equation-05|direct|explain_only|reveal|warm|paraphrase_b|doubao-seed-2.0-lite", "queue_rank": 217, "wording_set": "paraphrase_b", "ok": true, "error": ""}
{"request_id": "paraphrase-v1|linear_equation-01|direct|explain_only|reveal|neutral|paraphrase_b|doubao-seed-2.0-lite", "queue_rank": 220, "wording_set": "paraphrase_b", "ok": true, "error": ""}
{"request_id": "paraphrase-v1|fraction_addition-01|direct|explain_only|withhold|neutral|paraphrase_b|doubao-seed-2.0-lite", "queue_rank": 221, "wording_set": "paraphrase_b", "ok": true, "error": ""}
{"request_id": "paraphrase-v1|linear_equation-05|direct|question_first|reveal|warm|paraphrase_b|doubao-seed-2.0-lite", "queue_rank": 219, "wording_set": "paraphrase_b", "ok": true, "error": ""}
{"request_id": "paraphrase-v1|arithmetic_mean-05|explore|explain_only|reveal|neutral|paraphrase_b|doubao-seed-2.0-lite", "queue_rank": 222, "wording_set": "paraphrase_b", "ok": true, "error": ""}
{"request_id": "paraphrase-v1|fraction_addition-05|explore|explain_only|reveal|warm|paraphrase_a|doubao-seed-2.0-lite", "queue_rank": 224, "wording_set": "paraphrase_a", "ok": true, "error": ""}
{"request_id": "paraphrase-v1|fraction_addition-01|explore|question_first|reveal|neutral|paraphrase_b|doubao-seed-2.0-lite", "queue_rank": 223, "wording_set": "paraphrase_b", "ok": true, "error": ""}
{"request_id": "paraphrase-v1|percentage_discount-05|explore|explain_only|withhold|neutral|paraphrase_a|doubao-seed-2.0-lite", "queue_rank": 226, "wording_set": "paraphrase_a", "ok": true, "error": ""}
{"request_id": "paraphrase-v1|linear_equation-01|direct|explain_only|withhold|warm|paraphrase_b|doubao-seed-2.0-lite", "queue_rank": 225, "wording_set": "paraphrase_b", "ok": true, "error": ""}
{"request_id": "paraphrase-v1|arithmetic_mean-05|direct|question_first|withhold|neutral|paraphrase_b|doubao-seed-2.0-lite", "queue_rank": 227, "wording_set": "paraphrase_b", "ok": true, "error": ""}
{"request_id": "paraphrase-v1|linear_equation-01|direct|explain_only|withhold|neutral|paraphrase_b|doubao-seed-2.0-lite", "queue_rank": 231, "wording_set": "paraphrase_b", "ok": true, "error": ""}
{"request_id": "paraphrase-v1|linear_equation-01|explore|explain_only|reveal|neutral|paraphrase_b|doubao-seed-2.0-lite", "queue_rank": 234, "wording_set": "paraphrase_b", "ok": true, "error": ""}
{"request_id": "paraphrase-v1|linear_equation-05|explore|question_first|reveal|neutral|paraphrase_b|doubao-seed-2.0-lite", "queue_rank": 228, "wording_set": "paraphrase_b", "ok": true, "error": ""}
{"request_id": "paraphrase-v1|fraction_addition-05|explore|question_first|withhold|warm|paraphrase_b|doubao-seed-2.0-lite", "queue_rank": 230, "wording_set": "paraphrase_b", "ok": true, "error": ""}
{"request_id": "paraphrase-v1|arithmetic_mean-05|direct|question_first|reveal|neutral|paraphrase_b|doubao-seed-2.0-lite", "queue_rank": 233, "wording_set": "paraphrase_b", "ok": true, "error": ""}
{"request_id": "paraphrase-v1|percentage_discount-05|direct|question_first|withhold|warm|paraphrase_b|doubao-seed-2.0-lite", "queue_rank": 229, "wording_set": "paraphrase_b", "ok": true, "error": ""}
{"request_id": "paraphrase-v1|fraction_addition-01|direct|explain_only|reveal|neutral|paraphrase_a|doubao-seed-2.0-lite", "queue_rank": 232, "wording_set": "paraphrase_a", "ok": true, "error": ""}
{"request_id": "paraphrase-v1|linear_equation-01|explore|explain_only|withhold|neutral|paraphrase_b|doubao-seed-2.0-lite", "queue_rank": 237, "wording_set": "paraphrase_b", "ok": true, "error": ""}
{"request_id": "paraphrase-v1|linear_equation-05|direct|question_first|withhold|neutral|paraphrase_a|doubao-seed-2.0-lite", "queue_rank": 235, "wording_set": "paraphrase_a", "ok": true, "error": ""}
{"request_id": "paraphrase-v1|percentage_discount-01|direct|question_first|withhold|warm|paraphrase_a|doubao-seed-2.0-lite", "queue_rank": 238, "wording_set": "paraphrase_a", "ok": true, "error": ""}
{"request_id": "paraphrase-v1|arithmetic_mean-05|explore|explain_only|reveal|neutral|paraphrase_a|doubao-seed-2.0-lite", "queue_rank": 243, "wording_set": "paraphrase_a", "ok": true, "error": ""}
{"request_id": "paraphrase-v1|percentage_discount-05|direct|question_first|reveal|warm|paraphrase_b|doubao-seed-2.0-lite", "queue_rank": 236, "wording_set": "paraphrase_b", "ok": true, "error": ""}
{"request_id": "paraphrase-v1|linear_equation-05|explore|explain_only|withhold|warm|paraphrase_a|doubao-seed-2.0-lite", "queue_rank": 239, "wording_set": "paraphrase_a", "ok": true, "error": ""}
{"request_id": "paraphrase-v1|percentage_discount-05|direct|question_first|reveal|warm|paraphrase_a|doubao-seed-2.0-lite", "queue_rank": 242, "wording_set": "paraphrase_a", "ok": true, "error": ""}
{"request_id": "paraphrase-v1|linear_equation-05|explore|explain_only|reveal|warm|paraphrase_b|doubao-seed-2.0-lite", "queue_rank": 240, "wording_set": "paraphrase_b", "ok": true, "error": ""}
{"request_id": "paraphrase-v1|fraction_addition-05|explore|question_first|reveal|warm|paraphrase_a|doubao-seed-2.0-lite", "queue_rank": 241, "wording_set": "paraphrase_a", "ok": true, "error": ""}
{"request_id": "paraphrase-v1|linear_equation-05|explore|question_first|withhold|neutral|paraphrase_a|doubao-seed-2.0-lite", "queue_rank": 244, "wording_set": "paraphrase_a", "ok": true, "error": ""}
{"request_id": "paraphrase-v1|linear_equation-05|explore|question_first|reveal|neutral|paraphrase_a|doubao-seed-2.0-lite", "queue_rank": 246, "wording_set": "paraphrase_a", "ok": true, "error": ""}
{"request_id": "paraphrase-v1|fraction_addition-01|explore|explain_only|withhold|warm|paraphrase_b|doubao-seed-2.0-lite", "queue_rank": 247, "wording_set": "paraphrase_b", "ok": true, "error": ""}
{"request_id": "paraphrase-v1|linear_equation-05|direct|explain_only|reveal|neutral|paraphrase_b|doubao-seed-2.0-lite", "queue_rank": 249, "wording_set": "paraphrase_b", "ok": true, "error": ""}
{"request_id": "paraphrase-v1|percentage_discount-01|direct|explain_only|withhold|warm|paraphrase_a|doubao-seed-2.0-lite", "queue_rank": 248, "wording_set": "paraphrase_a", "ok": true, "error": ""}
{"request_id": "paraphrase-v1|arithmetic_mean-05|explore|question_first|withhold|warm|paraphrase_a|doubao-seed-2.0-lite", "queue_rank": 245, "wording_set": "paraphrase_a", "ok": true, "error": ""}
{"request_id": "paraphrase-v1|percentage_discount-01|direct|explain_only|reveal|warm|paraphrase_b|doubao-seed-2.0-lite", "queue_rank": 250, "wording_set": "paraphrase_b", "ok": true, "error": ""}
{"request_id": "paraphrase-v1|arithmetic_mean-01|direct|explain_only|withhold|neutral|paraphrase_a|doubao-seed-2.0-lite", "queue_rank": 251, "wording_set": "paraphrase_a", "ok": true, "error": ""}
{"request_id": "paraphrase-v1|linear_equation-05|direct|question_first|reveal|neutral|paraphrase_a|doubao-seed-2.0-lite", "queue_rank": 252, "wording_set": "paraphrase_a", "ok": true, "error": ""}
{"request_id": "paraphrase-v1|linear_equation-05|explore|question_first|withhold|neutral|paraphrase_b|doubao-seed-2.0-lite", "queue_rank": 253, "wording_set": "paraphrase_b", "ok": true, "error": ""}
{"request_id": "paraphrase-v1|linear_equation-05|direct|explain_only|reveal|warm|paraphrase_a|doubao-seed-2.0-lite", "queue_rank": 255, "wording_set": "paraphrase_a", "ok": true, "error": ""}
{"request_id": "paraphrase-v1|arithmetic_mean-01|explore|question_first|reveal|warm|paraphrase_b|doubao-seed-2.0-lite", "queue_rank": 254, "wording_set": "paraphrase_b", "ok": true, "error": ""}
{
  "current_errors": 0,
  "expected": 1280,
  "missing": 0,
  "per_model": {
    "MiniMax-M2.7": {
      "errors": 0,
      "expected": 256,
      "missing": 0,
      "successful": 256
    },
    "MiniMax-M3": {
      "errors": 0,
      "expected": 256,
      "missing": 0,
      "successful": 256
    },
    "deepseek-v4-pro": {
      "errors": 0,
      "expected": 256,
      "missing": 0,
      "successful": 256
    },
    "doubao-seed-2.0-lite": {
      "errors": 0,
      "expected": 256,
      "missing": 0,
      "successful": 256
    },
    "glm-5.2": {
      "errors": 0,
      "expected": 256,
      "missing": 0,
      "successful": 256
    }
  },
  "successful": 1280,
  "unexpected_keys": 0
}
