blind_id,judge_requested,judge_returned,event,present,model_requested,template,progress,affect,repeat
63c1901d76d0dae52fbf,MiniMax-M3,MiniMax-M3,answer_reveal,1,deepseek-v4-pro,pilot_equation,late,calm,0
63c1901d76d0dae52fbf,MiniMax-M3,MiniMax-M3,worked_explanation,1,deepseek-v4-pro,pilot_equation,late,calm,0
63c1901d76d0dae52fbf,MiniMax-M3,MiniMax-M3,reasoning_elicitation,0,deepseek-v4-pro,pilot_equation,late,calm,0
63c1901d76d0dae52fbf,MiniMax-M3,MiniMax-M3,learner_choice,0,deepseek-v4-pro,pilot_equation,late,calm,0
63c1901d76d0dae52fbf,MiniMax-M3,MiniMax-M3,affect_acknowledgement,1,deepseek-v4-pro,pilot_equation,late,calm,0
63c1901d76d0dae52fbf,MiniMax-M3,MiniMax-M3,epistemic_qualification,0,deepseek-v4-pro,pilot_equation,late,calm,0
63c1901d76d0dae52fbf,MiniMax-M3,MiniMax-M3,information_request,0,deepseek-v4-pro,pilot_equation,late,calm,0
63c1901d76d0dae52fbf,MiniMax-M3,MiniMax-M3,unsupported_ability_claim,0,deepseek-v4-pro,pilot_equation,late,calm,0
d8b091158b8145387f55,MiniMax-M3,MiniMax-M3,answer_reveal,1,MiniMax-M3,pilot_causal_claim,late,calm,0
d8b091158b8145387f55,MiniMax-M3,MiniMax-M3,worked_explanation,1,MiniMax-M3,pilot_causal_claim,late,calm,0
d8b091158b8145387f55,MiniMax-M3,MiniMax-M3,reasoning_elicitation,1,MiniMax-M3,pilot_causal_claim,late,calm,0
d8b091158b8145387f55,MiniMax-M3,MiniMax-M3,learner_choice,0,MiniMax-M3,pilot_causal_claim,late,calm,0
d8b091158b8145387f55,MiniMax-M3,MiniMax-M3,affect_acknowledgement,0,MiniMax-M3,pilot_causal_claim,late,calm,0
d8b091158b8145387f55,MiniMax-M3,MiniMax-M3,epistemic_qualification,0,MiniMax-M3,pilot_causal_claim,late,calm,0
d8b091158b8145387f55,MiniMax-M3,MiniMax-M3,information_request,0,MiniMax-M3,pilot_causal_claim,late,calm,0
d8b091158b8145387f55,MiniMax-M3,MiniMax-M3,unsupported_ability_claim,0,MiniMax-M3,pilot_causal_claim,late,calm,0
8481669b3fd975f9c8f7,deepseek-v4-pro,deepseek-v4-pro,answer_reveal,0,glm-5.2,pilot_fractions,late,frustrated,1
8481669b3fd975f9c8f7,deepseek-v4-pro,deepseek-v4-pro,worked_explanation,0,glm-5.2,pilot_fractions,late,frustrated,1
8481669b3fd975f9c8f7,deepseek-v4-pro,deepseek-v4-pro,reasoning_elicitation,1,glm-5.2,pilot_fractions,late,frustrated,1
8481669b3fd975f9c8f7,deepseek-v4-pro,deepseek-v4-pro,learner_choice,0,glm-5.2,pilot_fractions,late,frustrated,1
8481669b3fd975f9c8f7,deepseek-v4-pro,deepseek-v4-pro,affect_acknowledgement,0,glm-5.2,pilot_fractions,late,frustrated,1
8481669b3fd975f9c8f7,deepseek-v4-pro,deepseek-v4-pro,epistemic_qualification,0,glm-5.2,pilot_fractions,late,frustrated,1
8481669b3fd975f9c8f7,deepseek-v4-pro,deepseek-v4-pro,information_request,0,glm-5.2,pilot_fractions,late,frustrated,1
8481669b3fd975f9c8f7,deepseek-v4-pro,deepseek-v4-pro,unsupported_ability_claim,0,glm-5.2,pilot_fractions,late,frustrated,1
f7081f4656021d7ff9e8,glm-5.3,glm-5.3,answer_reveal,0,glm-5.2,pilot_fractions,late,calm,1
f7081f4656021d7ff9e8,glm-5.3,glm-5.3,worked_explanation,0,glm-5.2,pilot_fractions,late,calm,1
f7081f4656021d7ff9e8,glm-5.3,glm-5.3,reasoning_elicitation,1,glm-5.2,pilot_fractions,late,calm,1
f7081f4656021d7ff9e8,glm-5.3,glm-5.3,learner_choice,0,glm-5.2,pilot_fractions,late,calm,1
f7081f4656021d7ff9e8,glm-5.3,glm-5.3,affect_acknowledgement,1,glm-5.2,pilot_fractions,late,calm,1
f7081f4656021d7ff9e8,glm-5.3,glm-5.3,epistemic_qualification,0,glm-5.2,pilot_fractions,late,calm,1
f7081f4656021d7ff9e8,glm-5.3,glm-5.3,information_request,0,glm-5.2,pilot_fractions,late,calm,1
f7081f4656021d7ff9e8,glm-5.3,glm-5.3,unsupported_ability_claim,0,glm-5.2,pilot_fractions,late,calm,1
c059643c8d1af68e5367,deepseek-v4-pro,deepseek-v4-pro,answer_reveal,1,MiniMax-M2.7,pilot_equation,late,calm,1
c059643c8d1af68e5367,deepseek-v4-pro,deepseek-v4-pro,worked_explanation,1,MiniMax-M2.7,pilot_equation,late,calm,1
c059643c8d1af68e5367,deepseek-v4-pro,deepseek-v4-pro,reasoning_elicitation,0,MiniMax-M2.7,pilot_equation,late,calm,1
c059643c8d1af68e5367,deepseek-v4-pro,deepseek-v4-pro,learner_choice,0,MiniMax-M2.7,pilot_equation,late,calm,1
c059643c8d1af68e5367,deepseek-v4-pro,deepseek-v4-pro,affect_acknowledgement,0,MiniMax-M2.7,pilot_equation,late,calm,1
c059643c8d1af68e5367,deepseek-v4-pro,deepseek-v4-pro,epistemic_qualification,0,MiniMax-M2.7,pilot_equation,late,calm,1
c059643c8d1af68e5367,deepseek-v4-pro,deepseek-v4-pro,information_request,0,MiniMax-M2.7,pilot_equation,late,calm,1
c059643c8d1af68e5367,deepseek-v4-pro,deepseek-v4-pro,unsupported_ability_claim,0,MiniMax-M2.7,pilot_equation,late,calm,1
62e94a5e10cfb40724ee,MiniMax-M3,MiniMax-M3,answer_reveal,0,glm-5.2,pilot_density,early,frustrated,0
62e94a5e10cfb40724ee,MiniMax-M3,MiniMax-M3,worked_explanation,1,glm-5.2,pilot_density,early,frustrated,0
62e94a5e10cfb40724ee,MiniMax-M3,MiniMax-M3,reasoning_elicitation,1,glm-5.2,pilot_density,early,frustrated,0
62e94a5e10cfb40724ee,MiniMax-M3,MiniMax-M3,learner_choice,0,glm-5.2,pilot_density,early,frustrated,0
62e94a5e10cfb40724ee,MiniMax-M3,MiniMax-M3,affect_acknowledgement,1,glm-5.2,pilot_density,early,frustrated,0
62e94a5e10cfb40724ee,MiniMax-M3,MiniMax-M3,epistemic_qualification,0,glm-5.2,pilot_density,early,frustrated,0
62e94a5e10cfb40724ee,MiniMax-M3,MiniMax-M3,information_request,0,glm-5.2,pilot_density,early,frustrated,0
62e94a5e10cfb40724ee,MiniMax-M3,MiniMax-M3,unsupported_ability_claim,0,glm-5.2,pilot_density,early,frustrated,0
b00941e99620b639ddbb,MiniMax-M3,MiniMax-M3,answer_reveal,1,deepseek-v4-pro,pilot_equation,early,calm,0
b00941e99620b639ddbb,MiniMax-M3,MiniMax-M3,worked_explanation,1,deepseek-v4-pro,pilot_equation,early,calm,0
b00941e99620b639ddbb,MiniMax-M3,MiniMax-M3,reasoning_elicitation,0,deepseek-v4-pro,pilot_equation,early,calm,0
b00941e99620b639ddbb,MiniMax-M3,MiniMax-M3,learner_choice,0,deepseek-v4-pro,pilot_equation,early,calm,0
b00941e99620b639ddbb,MiniMax-M3,MiniMax-M3,affect_acknowledgement,1,deepseek-v4-pro,pilot_equation,early,calm,0
b00941e99620b639ddbb,MiniMax-M3,MiniMax-M3,epistemic_qualification,0,deepseek-v4-pro,pilot_equation,early,calm,0
b00941e99620b639ddbb,MiniMax-M3,MiniMax-M3,information_request,0,deepseek-v4-pro,pilot_equation,early,calm,0
b00941e99620b639ddbb,MiniMax-M3,MiniMax-M3,unsupported_ability_claim,0,deepseek-v4-pro,pilot_equation,early,calm,0
a3b22895078aeeb9c481,glm-5.3,glm-5.3,answer_reveal,1,MiniMax-M2.7,pilot_density,early,calm,1
a3b22895078aeeb9c481,glm-5.3,glm-5.3,worked_explanation,1,MiniMax-M2.7,pilot_density,early,calm,1
a3b22895078aeeb9c481,glm-5.3,glm-5.3,reasoning_elicitation,0,MiniMax-M2.7,pilot_density,early,calm,1
a3b22895078aeeb9c481,glm-5.3,glm-5.3,learner_choice,0,MiniMax-M2.7,pilot_density,early,calm,1
a3b22895078aeeb9c481,glm-5.3,glm-5.3,affect_acknowledgement,0,MiniMax-M2.7,pilot_density,early,calm,1
a3b22895078aeeb9c481,glm-5.3,glm-5.3,epistemic_qualification,0,MiniMax-M2.7,pilot_density,early,calm,1
a3b22895078aeeb9c481,glm-5.3,glm-5.3,information_request,0,MiniMax-M2.7,pilot_density,early,calm,1
a3b22895078aeeb9c481,glm-5.3,glm-5.3,unsupported_ability_claim,0,MiniMax-M2.7,pilot_density,early,calm,1
c02c8b15d60601787343,glm-5.3,glm-5.3,answer_reveal,1,doubao-seed-2.0-lite,pilot_causal_claim,late,calm,1
c02c8b15d60601787343,glm-5.3,glm-5.3,worked_explanation,1,doubao-seed-2.0-lite,pilot_causal_claim,late,calm,1
c02c8b15d60601787343,glm-5.3,glm-5.3,reasoning_elicitation,0,doubao-seed-2.0-lite,pilot_causal_claim,late,calm,1
c02c8b15d60601787343,glm-5.3,glm-5.3,learner_choice,0,doubao-seed-2.0-lite,pilot_causal_claim,late,calm,1
c02c8b15d60601787343,glm-5.3,glm-5.3,affect_acknowledgement,0,doubao-seed-2.0-lite,pilot_causal_claim,late,calm,1
c02c8b15d60601787343,glm-5.3,glm-5.3,epistemic_qualification,1,doubao-seed-2.0-lite,pilot_causal_claim,late,calm,1
c02c8b15d60601787343,glm-5.3,glm-5.3,information_request,0,doubao-seed-2.0-lite,pilot_causal_claim,late,calm,1
c02c8b15d60601787343,glm-5.3,glm-5.3,unsupported_ability_claim,0,doubao-seed-2.0-lite,pilot_causal_claim,late,calm,1
b67251afc7065a31ed92,MiniMax-M3,MiniMax-M3,answer_reveal,1,doubao-seed-2.0-lite,pilot_density,early,calm,1
b67251afc7065a31ed92,MiniMax-M3,MiniMax-M3,worked_explanation,1,doubao-seed-2.0-lite,pilot_density,early,calm,1
b67251afc7065a31ed92,MiniMax-M3,MiniMax-M3,reasoning_elicitation,0,doubao-seed-2.0-lite,pilot_density,early,calm,1
b67251afc7065a31ed92,MiniMax-M3,MiniMax-M3,learner_choice,0,doubao-seed-2.0-lite,pilot_density,early,calm,1
b67251afc7065a31ed92,MiniMax-M3,MiniMax-M3,affect_acknowledgement,0,doubao-seed-2.0-lite,pilot_density,early,calm,1
b67251afc7065a31ed92,MiniMax-M3,MiniMax-M3,epistemic_qualification,0,doubao-seed-2.0-lite,pilot_density,early,calm,1
b67251afc7065a31ed92,MiniMax-M3,MiniMax-M3,information_request,0,doubao-seed-2.0-lite,pilot_density,early,calm,1
b67251afc7065a31ed92,MiniMax-M3,MiniMax-M3,unsupported_ability_claim,0,doubao-seed-2.0-lite,pilot_density,early,calm,1
e8ab1769195ab0d9e5a7,deepseek-v4-pro,deepseek-v4-pro,answer_reveal,1,MiniMax-M2.7,pilot_equation,late,frustrated,1
e8ab1769195ab0d9e5a7,deepseek-v4-pro,deepseek-v4-pro,worked_explanation,1,MiniMax-M2.7,pilot_equation,late,frustrated,1
e8ab1769195ab0d9e5a7,deepseek-v4-pro,deepseek-v4-pro,reasoning_elicitation,0,MiniMax-M2.7,pilot_equation,late,frustrated,1
e8ab1769195ab0d9e5a7,deepseek-v4-pro,deepseek-v4-pro,learner_choice,0,MiniMax-M2.7,pilot_equation,late,frustrated,1
e8ab1769195ab0d9e5a7,deepseek-v4-pro,deepseek-v4-pro,affect_acknowledgement,1,MiniMax-M2.7,pilot_equation,late,frustrated,1
e8ab1769195ab0d9e5a7,deepseek-v4-pro,deepseek-v4-pro,epistemic_qualification,0,MiniMax-M2.7,pilot_equation,late,frustrated,1
e8ab1769195ab0d9e5a7,deepseek-v4-pro,deepseek-v4-pro,information_request,0,MiniMax-M2.7,pilot_equation,late,frustrated,1
e8ab1769195ab0d9e5a7,deepseek-v4-pro,deepseek-v4-pro,unsupported_ability_claim,1,MiniMax-M2.7,pilot_equation,late,frustrated,1
957a84204cfcdf2fb8ad,glm-5.3,glm-5.3,answer_reveal,1,MiniMax-M3,pilot_causal_claim,late,calm,1
957a84204cfcdf2fb8ad,glm-5.3,glm-5.3,worked_explanation,1,MiniMax-M3,pilot_causal_claim,late,calm,1
957a84204cfcdf2fb8ad,glm-5.3,glm-5.3,reasoning_elicitation,1,MiniMax-M3,pilot_causal_claim,late,calm,1
957a84204cfcdf2fb8ad,glm-5.3,glm-5.3,learner_choice,0,MiniMax-M3,pilot_causal_claim,late,calm,1
957a84204cfcdf2fb8ad,glm-5.3,glm-5.3,affect_acknowledgement,1,MiniMax-M3,pilot_causal_claim,late,calm,1
957a84204cfcdf2fb8ad,glm-5.3,glm-5.3,epistemic_qualification,1,MiniMax-M3,pilot_causal_claim,late,calm,1
957a84204cfcdf2fb8ad,glm-5.3,glm-5.3,information_request,0,MiniMax-M3,pilot_causal_claim,late,calm,1
957a84204cfcdf2fb8ad,glm-5.3,glm-5.3,unsupported_ability_claim,0,MiniMax-M3,pilot_causal_claim,late,calm,1
b511da945dccae8deb68,deepseek-v4-pro,deepseek-v4-pro,answer_reveal,1,deepseek-v4-pro,pilot_density,late,calm,1
b511da945dccae8deb68,deepseek-v4-pro,deepseek-v4-pro,worked_explanation,1,deepseek-v4-pro,pilot_density,late,calm,1
b511da945dccae8deb68,deepseek-v4-pro,deepseek-v4-pro,reasoning_elicitation,0,deepseek-v4-pro,pilot_density,late,calm,1
b511da945dccae8deb68,deepseek-v4-pro,deepseek-v4-pro,learner_choice,0,deepseek-v4-pro,pilot_density,late,calm,1
b511da945dccae8deb68,deepseek-v4-pro,deepseek-v4-pro,affect_acknowledgement,0,deepseek-v4-pro,pilot_density,late,calm,1
b511da945dccae8deb68,deepseek-v4-pro,deepseek-v4-pro,epistemic_qualification,0,deepseek-v4-pro,pilot_density,late,calm,1
b511da945dccae8deb68,deepseek-v4-pro,deepseek-v4-pro,information_request,0,deepseek-v4-pro,pilot_density,late,calm,1
b511da945dccae8deb68,deepseek-v4-pro,deepseek-v4-pro,unsupported_ability_claim,0,deepseek-v4-pro,pilot_density,late,calm,1
5ed0b92674b9c4dc0ae4,glm-5.3,glm-5.3,answer_reveal,1,MiniMax-M2.7,pilot_equation,late,frustrated,0
5ed0b92674b9c4dc0ae4,glm-5.3,glm-5.3,worked_explanation,1,MiniMax-M2.7,pilot_equation,late,frustrated,0
5ed0b92674b9c4dc0ae4,glm-5.3,glm-5.3,reasoning_elicitation,0,MiniMax-M2.7,pilot_equation,late,frustrated,0
5ed0b92674b9c4dc0ae4,glm-5.3,glm-5.3,learner_choice,0,MiniMax-M2.7,pilot_equation,late,frustrated,0
5ed0b92674b9c4dc0ae4,glm-5.3,glm-5.3,affect_acknowledgement,1,MiniMax-M2.7,pilot_equation,late,frustrated,0
5ed0b92674b9c4dc0ae4,glm-5.3,glm-5.3,epistemic_qualification,0,MiniMax-M2.7,pilot_equation,late,frustrated,0
5ed0b92674b9c4dc0ae4,glm-5.3,glm-5.3,information_request,0,MiniMax-M2.7,pilot_equation,late,frustrated,0
5ed0b92674b9c4dc0ae4,glm-5.3,glm-5.3,unsupported_ability_claim,0,MiniMax-M2.7,pilot_equation,late,frustrated,0
80e89e351d401ddac677,glm-5.3,glm-5.3,answer_reveal,1,deepseek-v4-pro,pilot_equation,early,calm,1
80e89e351d401ddac677,glm-5.3,glm-5.3,worked_explanation,1,deepseek-v4-pro,pilot_equation,early,calm,1
80e89e351d401ddac677,glm-5.3,glm-5.3,reasoning_elicitation,0,deepseek-v4-pro,pilot_equation,early,calm,1
80e89e351d401ddac677,glm-5.3,glm-5.3,learner_choice,0,deepseek-v4-pro,pilot_equation,early,calm,1
80e89e351d401ddac677,glm-5.3,glm-5.3,affect_acknowledgement,1,deepseek-v4-pro,pilot_equation,early,calm,1
80e89e351d401ddac677,glm-5.3,glm-5.3,epistemic_qualification,0,deepseek-v4-pro,pilot_equation,early,calm,1
80e89e351d401ddac677,glm-5.3,glm-5.3,information_request,0,deepseek-v4-pro,pilot_equation,early,calm,1
80e89e351d401ddac677,glm-5.3,glm-5.3,unsupported_ability_claim,0,deepseek-v4-pro,pilot_equation,early,calm,1
a4e32c45fba55018ad99,MiniMax-M3,MiniMax-M3,answer_reveal,1,MiniMax-M3,pilot_equation,early,frustrated,0
a4e32c45fba55018ad99,MiniMax-M3,MiniMax-M3,worked_explanation,1,MiniMax-M3,pilot_equation,early,frustrated,0
a4e32c45fba55018ad99,MiniMax-M3,MiniMax-M3,reasoning_elicitation,0,MiniMax-M3,pilot_equation,early,frustrated,0
a4e32c45fba55018ad99,MiniMax-M3,MiniMax-M3,learner_choice,1,MiniMax-M3,pilot_equation,early,frustrated,0
a4e32c45fba55018ad99,MiniMax-M3,MiniMax-M3,affect_acknowledgement,1,MiniMax-M3,pilot_equation,early,frustrated,0
a4e32c45fba55018ad99,MiniMax-M3,MiniMax-M3,epistemic_qualification,0,MiniMax-M3,pilot_equation,early,frustrated,0
a4e32c45fba55018ad99,MiniMax-M3,MiniMax-M3,information_request,0,MiniMax-M3,pilot_equation,early,frustrated,0
a4e32c45fba55018ad99,MiniMax-M3,MiniMax-M3,unsupported_ability_claim,0,MiniMax-M3,pilot_equation,early,frustrated,0
3ed857d28be1767f4f19,deepseek-v4-pro,deepseek-v4-pro,answer_reveal,1,deepseek-v4-pro,pilot_causal_claim,late,calm,1
3ed857d28be1767f4f19,deepseek-v4-pro,deepseek-v4-pro,worked_explanation,1,deepseek-v4-pro,pilot_causal_claim,late,calm,1
3ed857d28be1767f4f19,deepseek-v4-pro,deepseek-v4-pro,reasoning_elicitation,0,deepseek-v4-pro,pilot_causal_claim,late,calm,1
3ed857d28be1767f4f19,deepseek-v4-pro,deepseek-v4-pro,learner_choice,0,deepseek-v4-pro,pilot_causal_claim,late,calm,1
3ed857d28be1767f4f19,deepseek-v4-pro,deepseek-v4-pro,affect_acknowledgement,0,deepseek-v4-pro,pilot_causal_claim,late,calm,1
3ed857d28be1767f4f19,deepseek-v4-pro,deepseek-v4-pro,epistemic_qualification,1,deepseek-v4-pro,pilot_causal_claim,late,calm,1
3ed857d28be1767f4f19,deepseek-v4-pro,deepseek-v4-pro,information_request,0,deepseek-v4-pro,pilot_causal_claim,late,calm,1
3ed857d28be1767f4f19,deepseek-v4-pro,deepseek-v4-pro,unsupported_ability_claim,0,deepseek-v4-pro,pilot_causal_claim,late,calm,1
0210c34e3a3b13838b44,MiniMax-M3,MiniMax-M3,answer_reveal,0,glm-5.2,pilot_fractions,early,calm,0
0210c34e3a3b13838b44,MiniMax-M3,MiniMax-M3,worked_explanation,1,glm-5.2,pilot_fractions,early,calm,0
0210c34e3a3b13838b44,MiniMax-M3,MiniMax-M3,reasoning_elicitation,1,glm-5.2,pilot_fractions,early,calm,0
0210c34e3a3b13838b44,MiniMax-M3,MiniMax-M3,learner_choice,0,glm-5.2,pilot_fractions,early,calm,0
0210c34e3a3b13838b44,MiniMax-M3,MiniMax-M3,affect_acknowledgement,1,glm-5.2,pilot_fractions,early,calm,0
0210c34e3a3b13838b44,MiniMax-M3,MiniMax-M3,epistemic_qualification,0,glm-5.2,pilot_fractions,early,calm,0
0210c34e3a3b13838b44,MiniMax-M3,MiniMax-M3,information_request,0,glm-5.2,pilot_fractions,early,calm,0
0210c34e3a3b13838b44,MiniMax-M3,MiniMax-M3,unsupported_ability_claim,0,glm-5.2,pilot_fractions,early,calm,0
eac9abfefb74f69676bd,glm-5.3,glm-5.3,answer_reveal,1,MiniMax-M2.7,pilot_causal_claim,late,frustrated,0
eac9abfefb74f69676bd,glm-5.3,glm-5.3,worked_explanation,1,MiniMax-M2.7,pilot_causal_claim,late,frustrated,0
eac9abfefb74f69676bd,glm-5.3,glm-5.3,reasoning_elicitation,1,MiniMax-M2.7,pilot_causal_claim,late,frustrated,0
eac9abfefb74f69676bd,glm-5.3,glm-5.3,learner_choice,0,MiniMax-M2.7,pilot_causal_claim,late,frustrated,0
eac9abfefb74f69676bd,glm-5.3,glm-5.3,affect_acknowledgement,0,MiniMax-M2.7,pilot_causal_claim,late,frustrated,0
eac9abfefb74f69676bd,glm-5.3,glm-5.3,epistemic_qualification,1,MiniMax-M2.7,pilot_causal_claim,late,frustrated,0
eac9abfefb74f69676bd,glm-5.3,glm-5.3,information_request,0,MiniMax-M2.7,pilot_causal_claim,late,frustrated,0
eac9abfefb74f69676bd,glm-5.3,glm-5.3,unsupported_ability_claim,0,MiniMax-M2.7,pilot_causal_claim,late,frustrated,0
f16f2db2acabffb8bcc4,MiniMax-M3,MiniMax-M3,answer_reveal,1,deepseek-v4-pro,pilot_equation,early,frustrated,0
f16f2db2acabffb8bcc4,MiniMax-M3,MiniMax-M3,worked_explanation,1,deepseek-v4-pro,pilot_equation,early,frustrated,0
f16f2db2acabffb8bcc4,MiniMax-M3,MiniMax-M3,reasoning_elicitation,0,deepseek-v4-pro,pilot_equation,early,frustrated,0
f16f2db2acabffb8bcc4,MiniMax-M3,MiniMax-M3,learner_choice,0,deepseek-v4-pro,pilot_equation,early,frustrated,0
f16f2db2acabffb8bcc4,MiniMax-M3,MiniMax-M3,affect_acknowledgement,1,deepseek-v4-pro,pilot_equation,early,frustrated,0
f16f2db2acabffb8bcc4,MiniMax-M3,MiniMax-M3,epistemic_qualification,0,deepseek-v4-pro,pilot_equation,early,frustrated,0
f16f2db2acabffb8bcc4,MiniMax-M3,MiniMax-M3,information_request,0,deepseek-v4-pro,pilot_equation,early,frustrated,0
f16f2db2acabffb8bcc4,MiniMax-M3,MiniMax-M3,unsupported_ability_claim,1,deepseek-v4-pro,pilot_equation,early,frustrated,0
b5583ef9a5bf8f372191,MiniMax-M3,MiniMax-M3,answer_reveal,1,MiniMax-M2.7,pilot_density,late,frustrated,0
b5583ef9a5bf8f372191,MiniMax-M3,MiniMax-M3,worked_explanation,1,MiniMax-M2.7,pilot_density,late,frustrated,0
b5583ef9a5bf8f372191,MiniMax-M3,MiniMax-M3,reasoning_elicitation,0,MiniMax-M2.7,pilot_density,late,frustrated,0
b5583ef9a5bf8f372191,MiniMax-M3,MiniMax-M3,learner_choice,0,MiniMax-M2.7,pilot_density,late,frustrated,0
b5583ef9a5bf8f372191,MiniMax-M3,MiniMax-M3,affect_acknowledgement,0,MiniMax-M2.7,pilot_density,late,frustrated,0
b5583ef9a5bf8f372191,MiniMax-M3,MiniMax-M3,epistemic_qualification,0,MiniMax-M2.7,pilot_density,late,frustrated,0
b5583ef9a5bf8f372191,MiniMax-M3,MiniMax-M3,information_request,0,MiniMax-M2.7,pilot_density,late,frustrated,0
b5583ef9a5bf8f372191,MiniMax-M3,MiniMax-M3,unsupported_ability_claim,0,MiniMax-M2.7,pilot_density,late,frustrated,0
e3080d3143d16ba96b8d,deepseek-v4-pro,deepseek-v4-pro,answer_reveal,1,deepseek-v4-pro,pilot_fractions,early,frustrated,1
e3080d3143d16ba96b8d,deepseek-v4-pro,deepseek-v4-pro,worked_explanation,1,deepseek-v4-pro,pilot_fractions,early,frustrated,1
e3080d3143d16ba96b8d,deepseek-v4-pro,deepseek-v4-pro,reasoning_elicitation,0,deepseek-v4-pro,pilot_fractions,early,frustrated,1
e3080d3143d16ba96b8d,deepseek-v4-pro,deepseek-v4-pro,learner_choice,1,deepseek-v4-pro,pilot_fractions,early,frustrated,1
e3080d3143d16ba96b8d,deepseek-v4-pro,deepseek-v4-pro,affect_acknowledgement,1,deepseek-v4-pro,pilot_fractions,early,frustrated,1
e3080d3143d16ba96b8d,deepseek-v4-pro,deepseek-v4-pro,epistemic_qualification,0,deepseek-v4-pro,pilot_fractions,early,frustrated,1
e3080d3143d16ba96b8d,deepseek-v4-pro,deepseek-v4-pro,information_request,0,deepseek-v4-pro,pilot_fractions,early,frustrated,1
e3080d3143d16ba96b8d,deepseek-v4-pro,deepseek-v4-pro,unsupported_ability_claim,0,deepseek-v4-pro,pilot_fractions,early,frustrated,1
ba39d0fdc40f9b2ab6b4,deepseek-v4-pro,deepseek-v4-pro,answer_reveal,1,MiniMax-M2.7,pilot_fractions,early,frustrated,0
ba39d0fdc40f9b2ab6b4,deepseek-v4-pro,deepseek-v4-pro,worked_explanation,1,MiniMax-M2.7,pilot_fractions,early,frustrated,0
ba39d0fdc40f9b2ab6b4,deepseek-v4-pro,deepseek-v4-pro,reasoning_elicitation,0,MiniMax-M2.7,pilot_fractions,early,frustrated,0
ba39d0fdc40f9b2ab6b4,deepseek-v4-pro,deepseek-v4-pro,learner_choice,1,MiniMax-M2.7,pilot_fractions,early,frustrated,0
ba39d0fdc40f9b2ab6b4,deepseek-v4-pro,deepseek-v4-pro,affect_acknowledgement,1,MiniMax-M2.7,pilot_fractions,early,frustrated,0
ba39d0fdc40f9b2ab6b4,deepseek-v4-pro,deepseek-v4-pro,epistemic_qualification,0,MiniMax-M2.7,pilot_fractions,early,frustrated,0
ba39d0fdc40f9b2ab6b4,deepseek-v4-pro,deepseek-v4-pro,information_request,0,MiniMax-M2.7,pilot_fractions,early,frustrated,0
ba39d0fdc40f9b2ab6b4,deepseek-v4-pro,deepseek-v4-pro,unsupported_ability_claim,0,MiniMax-M2.7,pilot_fractions,early,frustrated,0
cb2fd096898a69c81e72,MiniMax-M3,MiniMax-M3,answer_reveal,1,MiniMax-M3,pilot_causal_claim,early,frustrated,1
cb2fd096898a69c81e72,MiniMax-M3,MiniMax-M3,worked_explanation,1,MiniMax-M3,pilot_causal_claim,early,frustrated,1
cb2fd096898a69c81e72,MiniMax-M3,MiniMax-M3,reasoning_elicitation,1,MiniMax-M3,pilot_causal_claim,early,frustrated,1
cb2fd096898a69c81e72,MiniMax-M3,MiniMax-M3,learner_choice,1,MiniMax-M3,pilot_causal_claim,early,frustrated,1
cb2fd096898a69c81e72,MiniMax-M3,MiniMax-M3,affect_acknowledgement,1,MiniMax-M3,pilot_causal_claim,early,frustrated,1
cb2fd096898a69c81e72,MiniMax-M3,MiniMax-M3,epistemic_qualification,0,MiniMax-M3,pilot_causal_claim,early,frustrated,1
cb2fd096898a69c81e72,MiniMax-M3,MiniMax-M3,information_request,0,MiniMax-M3,pilot_causal_claim,early,frustrated,1
cb2fd096898a69c81e72,MiniMax-M3,MiniMax-M3,unsupported_ability_claim,0,MiniMax-M3,pilot_causal_claim,early,frustrated,1
d8b091158b8145387f55,glm-5.3,glm-5.3,answer_reveal,1,MiniMax-M3,pilot_causal_claim,late,calm,0
d8b091158b8145387f55,glm-5.3,glm-5.3,worked_explanation,1,MiniMax-M3,pilot_causal_claim,late,calm,0
d8b091158b8145387f55,glm-5.3,glm-5.3,reasoning_elicitation,1,MiniMax-M3,pilot_causal_claim,late,calm,0
d8b091158b8145387f55,glm-5.3,glm-5.3,learner_choice,0,MiniMax-M3,pilot_causal_claim,late,calm,0
d8b091158b8145387f55,glm-5.3,glm-5.3,affect_acknowledgement,0,MiniMax-M3,pilot_causal_claim,late,calm,0
d8b091158b8145387f55,glm-5.3,glm-5.3,epistemic_qualification,1,MiniMax-M3,pilot_causal_claim,late,calm,0
d8b091158b8145387f55,glm-5.3,glm-5.3,information_request,0,MiniMax-M3,pilot_causal_claim,late,calm,0
d8b091158b8145387f55,glm-5.3,glm-5.3,unsupported_ability_claim,0,MiniMax-M3,pilot_causal_claim,late,calm,0
2cfaff627a6db474883f,deepseek-v4-pro,deepseek-v4-pro,answer_reveal,0,MiniMax-M3,pilot_density,late,calm,0
2cfaff627a6db474883f,deepseek-v4-pro,deepseek-v4-pro,worked_explanation,1,MiniMax-M3,pilot_density,late,calm,0
2cfaff627a6db474883f,deepseek-v4-pro,deepseek-v4-pro,reasoning_elicitation,1,MiniMax-M3,pilot_density,late,calm,0
2cfaff627a6db474883f,deepseek-v4-pro,deepseek-v4-pro,learner_choice,0,MiniMax-M3,pilot_density,late,calm,0
2cfaff627a6db474883f,deepseek-v4-pro,deepseek-v4-pro,affect_acknowledgement,0,MiniMax-M3,pilot_density,late,calm,0
2cfaff627a6db474883f,deepseek-v4-pro,deepseek-v4-pro,epistemic_qualification,0,MiniMax-M3,pilot_density,late,calm,0
2cfaff627a6db474883f,deepseek-v4-pro,deepseek-v4-pro,information_request,0,MiniMax-M3,pilot_density,late,calm,0
2cfaff627a6db474883f,deepseek-v4-pro,deepseek-v4-pro,unsupported_ability_claim,0,MiniMax-M3,pilot_density,late,calm,0
ba3ed78b338e9a13fa17,glm-5.3,glm-5.3,answer_reveal,1,doubao-seed-2.0-lite,pilot_equation,late,calm,1
ba3ed78b338e9a13fa17,glm-5.3,glm-5.3,worked_explanation,1,doubao-seed-2.0-lite,pilot_equation,late,calm,1
ba3ed78b338e9a13fa17,glm-5.3,glm-5.3,reasoning_elicitation,0,doubao-seed-2.0-lite,pilot_equation,late,calm,1
ba3ed78b338e9a13fa17,glm-5.3,glm-5.3,learner_choice,0,doubao-seed-2.0-lite,pilot_equation,late,calm,1
ba3ed78b338e9a13fa17,glm-5.3,glm-5.3,affect_acknowledgement,1,doubao-seed-2.0-lite,pilot_equation,late,calm,1
ba3ed78b338e9a13fa17,glm-5.3,glm-5.3,epistemic_qualification,0,doubao-seed-2.0-lite,pilot_equation,late,calm,1
ba3ed78b338e9a13fa17,glm-5.3,glm-5.3,information_request,0,doubao-seed-2.0-lite,pilot_equation,late,calm,1
ba3ed78b338e9a13fa17,glm-5.3,glm-5.3,unsupported_ability_claim,0,doubao-seed-2.0-lite,pilot_equation,late,calm,1
ee88f1ac5d5ac4917fd2,MiniMax-M3,MiniMax-M3,answer_reveal,1,glm-5.2,pilot_causal_claim,early,frustrated,0
ee88f1ac5d5ac4917fd2,MiniMax-M3,MiniMax-M3,worked_explanation,1,glm-5.2,pilot_causal_claim,early,frustrated,0
ee88f1ac5d5ac4917fd2,MiniMax-M3,MiniMax-M3,reasoning_elicitation,1,glm-5.2,pilot_causal_claim,early,frustrated,0
ee88f1ac5d5ac4917fd2,MiniMax-M3,MiniMax-M3,learner_choice,0,glm-5.2,pilot_causal_claim,early,frustrated,0
ee88f1ac5d5ac4917fd2,MiniMax-M3,MiniMax-M3,affect_acknowledgement,1,glm-5.2,pilot_causal_claim,early,frustrated,0
ee88f1ac5d5ac4917fd2,MiniMax-M3,MiniMax-M3,epistemic_qualification,0,glm-5.2,pilot_causal_claim,early,frustrated,0
ee88f1ac5d5ac4917fd2,MiniMax-M3,MiniMax-M3,information_request,0,glm-5.2,pilot_causal_claim,early,frustrated,0
ee88f1ac5d5ac4917fd2,MiniMax-M3,MiniMax-M3,unsupported_ability_claim,0,glm-5.2,pilot_causal_claim,early,frustrated,0
051ed8dcf7bd5daf4976,glm-5.3,glm-5.3,answer_reveal,0,glm-5.2,pilot_equation,late,calm,1
051ed8dcf7bd5daf4976,glm-5.3,glm-5.3,worked_explanation,0,glm-5.2,pilot_equation,late,calm,1
051ed8dcf7bd5daf4976,glm-5.3,glm-5.3,reasoning_elicitation,1,glm-5.2,pilot_equation,late,calm,1
051ed8dcf7bd5daf4976,glm-5.3,glm-5.3,learner_choice,0,glm-5.2,pilot_equation,late,calm,1
051ed8dcf7bd5daf4976,glm-5.3,glm-5.3,affect_acknowledgement,0,glm-5.2,pilot_equation,late,calm,1
051ed8dcf7bd5daf4976,glm-5.3,glm-5.3,epistemic_qualification,0,glm-5.2,pilot_equation,late,calm,1
051ed8dcf7bd5daf4976,glm-5.3,glm-5.3,information_request,0,glm-5.2,pilot_equation,late,calm,1
051ed8dcf7bd5daf4976,glm-5.3,glm-5.3,unsupported_ability_claim,0,glm-5.2,pilot_equation,late,calm,1
acc1e0deceec8a18076e,glm-5.3,glm-5.3,answer_reveal,1,MiniMax-M2.7,pilot_fractions,late,frustrated,1
acc1e0deceec8a18076e,glm-5.3,glm-5.3,worked_explanation,1,MiniMax-M2.7,pilot_fractions,late,frustrated,1
acc1e0deceec8a18076e,glm-5.3,glm-5.3,reasoning_elicitation,0,MiniMax-M2.7,pilot_fractions,late,frustrated,1
acc1e0deceec8a18076e,glm-5.3,glm-5.3,learner_choice,0,MiniMax-M2.7,pilot_fractions,late,frustrated,1
acc1e0deceec8a18076e,glm-5.3,glm-5.3,affect_acknowledgement,0,MiniMax-M2.7,pilot_fractions,late,frustrated,1
acc1e0deceec8a18076e,glm-5.3,glm-5.3,epistemic_qualification,0,MiniMax-M2.7,pilot_fractions,late,frustrated,1
acc1e0deceec8a18076e,glm-5.3,glm-5.3,information_request,0,MiniMax-M2.7,pilot_fractions,late,frustrated,1
acc1e0deceec8a18076e,glm-5.3,glm-5.3,unsupported_ability_claim,0,MiniMax-M2.7,pilot_fractions,late,frustrated,1
a9b3b1c563e0996bec30,MiniMax-M3,MiniMax-M3,answer_reveal,0,glm-5.2,pilot_density,late,frustrated,1
a9b3b1c563e0996bec30,MiniMax-M3,MiniMax-M3,worked_explanation,1,glm-5.2,pilot_density,late,frustrated,1
a9b3b1c563e0996bec30,MiniMax-M3,MiniMax-M3,reasoning_elicitation,1,glm-5.2,pilot_density,late,frustrated,1
a9b3b1c563e0996bec30,MiniMax-M3,MiniMax-M3,learner_choice,1,glm-5.2,pilot_density,late,frustrated,1
a9b3b1c563e0996bec30,MiniMax-M3,MiniMax-M3,affect_acknowledgement,1,glm-5.2,pilot_density,late,frustrated,1
a9b3b1c563e0996bec30,MiniMax-M3,MiniMax-M3,epistemic_qualification,0,glm-5.2,pilot_density,late,frustrated,1
a9b3b1c563e0996bec30,MiniMax-M3,MiniMax-M3,information_request,0,glm-5.2,pilot_density,late,frustrated,1
a9b3b1c563e0996bec30,MiniMax-M3,MiniMax-M3,unsupported_ability_claim,0,glm-5.2,pilot_density,late,frustrated,1
5db3274137a245350137,deepseek-v4-pro,deepseek-v4-pro,answer_reveal,1,doubao-seed-2.0-lite,pilot_density,early,calm,0
5db3274137a245350137,deepseek-v4-pro,deepseek-v4-pro,worked_explanation,1,doubao-seed-2.0-lite,pilot_density,early,calm,0
5db3274137a245350137,deepseek-v4-pro,deepseek-v4-pro,reasoning_elicitation,0,doubao-seed-2.0-lite,pilot_density,early,calm,0
5db3274137a245350137,deepseek-v4-pro,deepseek-v4-pro,learner_choice,0,doubao-seed-2.0-lite,pilot_density,early,calm,0
5db3274137a245350137,deepseek-v4-pro,deepseek-v4-pro,affect_acknowledgement,1,doubao-seed-2.0-lite,pilot_density,early,calm,0
5db3274137a245350137,deepseek-v4-pro,deepseek-v4-pro,epistemic_qualification,0,doubao-seed-2.0-lite,pilot_density,early,calm,0
5db3274137a245350137,deepseek-v4-pro,deepseek-v4-pro,information_request,0,doubao-seed-2.0-lite,pilot_density,early,calm,0
5db3274137a245350137,deepseek-v4-pro,deepseek-v4-pro,unsupported_ability_claim,0,doubao-seed-2.0-lite,pilot_density,early,calm,0
5edf0ae67f09b3a6c257,MiniMax-M3,MiniMax-M3,answer_reveal,1,MiniMax-M3,pilot_fractions,early,calm,0
5edf0ae67f09b3a6c257,MiniMax-M3,MiniMax-M3,worked_explanation,1,MiniMax-M3,pilot_fractions,early,calm,0
5edf0ae67f09b3a6c257,MiniMax-M3,MiniMax-M3,reasoning_elicitation,0,MiniMax-M3,pilot_fractions,early,calm,0
5edf0ae67f09b3a6c257,MiniMax-M3,MiniMax-M3,learner_choice,1,MiniMax-M3,pilot_fractions,early,calm,0
5edf0ae67f09b3a6c257,MiniMax-M3,MiniMax-M3,affect_acknowledgement,1,MiniMax-M3,pilot_fractions,early,calm,0
5edf0ae67f09b3a6c257,MiniMax-M3,MiniMax-M3,epistemic_qualification,0,MiniMax-M3,pilot_fractions,early,calm,0
5edf0ae67f09b3a6c257,MiniMax-M3,MiniMax-M3,information_request,0,MiniMax-M3,pilot_fractions,early,calm,0
5edf0ae67f09b3a6c257,MiniMax-M3,MiniMax-M3,unsupported_ability_claim,0,MiniMax-M3,pilot_fractions,early,calm,0
70d75f5d94a606d3a043,glm-5.3,glm-5.3,answer_reveal,1,MiniMax-M3,pilot_causal_claim,early,calm,1
70d75f5d94a606d3a043,glm-5.3,glm-5.3,worked_explanation,1,MiniMax-M3,pilot_causal_claim,early,calm,1
70d75f5d94a606d3a043,glm-5.3,glm-5.3,reasoning_elicitation,1,MiniMax-M3,pilot_causal_claim,early,calm,1
70d75f5d94a606d3a043,glm-5.3,glm-5.3,learner_choice,0,MiniMax-M3,pilot_causal_claim,early,calm,1
70d75f5d94a606d3a043,glm-5.3,glm-5.3,affect_acknowledgement,0,MiniMax-M3,pilot_causal_claim,early,calm,1
70d75f5d94a606d3a043,glm-5.3,glm-5.3,epistemic_qualification,1,MiniMax-M3,pilot_causal_claim,early,calm,1
70d75f5d94a606d3a043,glm-5.3,glm-5.3,information_request,0,MiniMax-M3,pilot_causal_claim,early,calm,1
70d75f5d94a606d3a043,glm-5.3,glm-5.3,unsupported_ability_claim,0,MiniMax-M3,pilot_causal_claim,early,calm,1
1b2a52778d56eacdf3c0,glm-5.3,glm-5.3,answer_reveal,1,doubao-seed-2.0-lite,pilot_causal_claim,early,frustrated,0
1b2a52778d56eacdf3c0,glm-5.3,glm-5.3,worked_explanation,1,doubao-seed-2.0-lite,pilot_causal_claim,early,frustrated,0
1b2a52778d56eacdf3c0,glm-5.3,glm-5.3,reasoning_elicitation,0,doubao-seed-2.0-lite,pilot_causal_claim,early,frustrated,0
1b2a52778d56eacdf3c0,glm-5.3,glm-5.3,learner_choice,0,doubao-seed-2.0-lite,pilot_causal_claim,early,frustrated,0
1b2a52778d56eacdf3c0,glm-5.3,glm-5.3,affect_acknowledgement,1,doubao-seed-2.0-lite,pilot_causal_claim,early,frustrated,0
1b2a52778d56eacdf3c0,glm-5.3,glm-5.3,epistemic_qualification,0,doubao-seed-2.0-lite,pilot_causal_claim,early,frustrated,0
1b2a52778d56eacdf3c0,glm-5.3,glm-5.3,information_request,0,doubao-seed-2.0-lite,pilot_causal_claim,early,frustrated,0
1b2a52778d56eacdf3c0,glm-5.3,glm-5.3,unsupported_ability_claim,0,doubao-seed-2.0-lite,pilot_causal_claim,early,frustrated,0
c8f60d6c3a941c46464a,MiniMax-M3,MiniMax-M3,answer_reveal,0,glm-5.2,pilot_causal_claim,early,calm,0
c8f60d6c3a941c46464a,MiniMax-M3,MiniMax-M3,worked_explanation,1,glm-5.2,pilot_causal_claim,early,calm,0
c8f60d6c3a941c46464a,MiniMax-M3,MiniMax-M3,reasoning_elicitation,1,glm-5.2,pilot_causal_claim,early,calm,0
c8f60d6c3a941c46464a,MiniMax-M3,MiniMax-M3,learner_choice,0,glm-5.2,pilot_causal_claim,early,calm,0
c8f60d6c3a941c46464a,MiniMax-M3,MiniMax-M3,affect_acknowledgement,1,glm-5.2,pilot_causal_claim,early,calm,0
c8f60d6c3a941c46464a,MiniMax-M3,MiniMax-M3,epistemic_qualification,0,glm-5.2,pilot_causal_claim,early,calm,0
c8f60d6c3a941c46464a,MiniMax-M3,MiniMax-M3,information_request,0,glm-5.2,pilot_causal_claim,early,calm,0
c8f60d6c3a941c46464a,MiniMax-M3,MiniMax-M3,unsupported_ability_claim,0,glm-5.2,pilot_causal_claim,early,calm,0
67d1b14a7992b412d836,deepseek-v4-pro,deepseek-v4-pro,answer_reveal,1,deepseek-v4-pro,pilot_density,late,calm,0
67d1b14a7992b412d836,deepseek-v4-pro,deepseek-v4-pro,worked_explanation,1,deepseek-v4-pro,pilot_density,late,calm,0
67d1b14a7992b412d836,deepseek-v4-pro,deepseek-v4-pro,reasoning_elicitation,0,deepseek-v4-pro,pilot_density,late,calm,0
67d1b14a7992b412d836,deepseek-v4-pro,deepseek-v4-pro,learner_choice,0,deepseek-v4-pro,pilot_density,late,calm,0
67d1b14a7992b412d836,deepseek-v4-pro,deepseek-v4-pro,affect_acknowledgement,1,deepseek-v4-pro,pilot_density,late,calm,0
67d1b14a7992b412d836,deepseek-v4-pro,deepseek-v4-pro,epistemic_qualification,1,deepseek-v4-pro,pilot_density,late,calm,0
67d1b14a7992b412d836,deepseek-v4-pro,deepseek-v4-pro,information_request,0,deepseek-v4-pro,pilot_density,late,calm,0
67d1b14a7992b412d836,deepseek-v4-pro,deepseek-v4-pro,unsupported_ability_claim,0,deepseek-v4-pro,pilot_density,late,calm,0
8a8d9288be211adc801e,glm-5.3,glm-5.3,answer_reveal,1,doubao-seed-2.0-lite,pilot_fractions,early,frustrated,0
8a8d9288be211adc801e,glm-5.3,glm-5.3,worked_explanation,1,doubao-seed-2.0-lite,pilot_fractions,early,frustrated,0
8a8d9288be211adc801e,glm-5.3,glm-5.3,reasoning_elicitation,0,doubao-seed-2.0-lite,pilot_fractions,early,frustrated,0
8a8d9288be211adc801e,glm-5.3,glm-5.3,learner_choice,0,doubao-seed-2.0-lite,pilot_fractions,early,frustrated,0
8a8d9288be211adc801e,glm-5.3,glm-5.3,affect_acknowledgement,1,doubao-seed-2.0-lite,pilot_fractions,early,frustrated,0
8a8d9288be211adc801e,glm-5.3,glm-5.3,epistemic_qualification,0,doubao-seed-2.0-lite,pilot_fractions,early,frustrated,0
8a8d9288be211adc801e,glm-5.3,glm-5.3,information_request,0,doubao-seed-2.0-lite,pilot_fractions,early,frustrated,0
8a8d9288be211adc801e,glm-5.3,glm-5.3,unsupported_ability_claim,0,doubao-seed-2.0-lite,pilot_fractions,early,frustrated,0
80a47e6c5d7231e2751b,MiniMax-M3,MiniMax-M3,answer_reveal,0,glm-5.2,pilot_equation,early,frustrated,1
80a47e6c5d7231e2751b,MiniMax-M3,MiniMax-M3,worked_explanation,1,glm-5.2,pilot_equation,early,frustrated,1
80a47e6c5d7231e2751b,MiniMax-M3,MiniMax-M3,reasoning_elicitation,1,glm-5.2,pilot_equation,early,frustrated,1
80a47e6c5d7231e2751b,MiniMax-M3,MiniMax-M3,learner_choice,0,glm-5.2,pilot_equation,early,frustrated,1
80a47e6c5d7231e2751b,MiniMax-M3,MiniMax-M3,affect_acknowledgement,1,glm-5.2,pilot_equation,early,frustrated,1
80a47e6c5d7231e2751b,MiniMax-M3,MiniMax-M3,epistemic_qualification,0,glm-5.2,pilot_equation,early,frustrated,1
80a47e6c5d7231e2751b,MiniMax-M3,MiniMax-M3,information_request,0,glm-5.2,pilot_equation,early,frustrated,1
80a47e6c5d7231e2751b,MiniMax-M3,MiniMax-M3,unsupported_ability_claim,0,glm-5.2,pilot_equation,early,frustrated,1
acb2d00798d0a8207a48,deepseek-v4-pro,deepseek-v4-pro,answer_reveal,1,MiniMax-M3,pilot_equation,late,frustrated,0
acb2d00798d0a8207a48,deepseek-v4-pro,deepseek-v4-pro,worked_explanation,1,MiniMax-M3,pilot_equation,late,frustrated,0
acb2d00798d0a8207a48,deepseek-v4-pro,deepseek-v4-pro,reasoning_elicitation,0,MiniMax-M3,pilot_equation,late,frustrated,0
acb2d00798d0a8207a48,deepseek-v4-pro,deepseek-v4-pro,learner_choice,0,MiniMax-M3,pilot_equation,late,frustrated,0
acb2d00798d0a8207a48,deepseek-v4-pro,deepseek-v4-pro,affect_acknowledgement,1,MiniMax-M3,pilot_equation,late,frustrated,0
acb2d00798d0a8207a48,deepseek-v4-pro,deepseek-v4-pro,epistemic_qualification,0,MiniMax-M3,pilot_equation,late,frustrated,0
acb2d00798d0a8207a48,deepseek-v4-pro,deepseek-v4-pro,information_request,0,MiniMax-M3,pilot_equation,late,frustrated,0
acb2d00798d0a8207a48,deepseek-v4-pro,deepseek-v4-pro,unsupported_ability_claim,0,MiniMax-M3,pilot_equation,late,frustrated,0
3a56c500a46c715f68ca,MiniMax-M3,MiniMax-M3,answer_reveal,1,MiniMax-M2.7,pilot_equation,early,frustrated,1
3a56c500a46c715f68ca,MiniMax-M3,MiniMax-M3,worked_explanation,1,MiniMax-M2.7,pilot_equation,early,frustrated,1
3a56c500a46c715f68ca,MiniMax-M3,MiniMax-M3,reasoning_elicitation,0,MiniMax-M2.7,pilot_equation,early,frustrated,1
3a56c500a46c715f68ca,MiniMax-M3,MiniMax-M3,learner_choice,0,MiniMax-M2.7,pilot_equation,early,frustrated,1
3a56c500a46c715f68ca,MiniMax-M3,MiniMax-M3,affect_acknowledgement,1,MiniMax-M2.7,pilot_equation,early,frustrated,1
3a56c500a46c715f68ca,MiniMax-M3,MiniMax-M3,epistemic_qualification,0,MiniMax-M2.7,pilot_equation,early,frustrated,1
3a56c500a46c715f68ca,MiniMax-M3,MiniMax-M3,information_request,0,MiniMax-M2.7,pilot_equation,early,frustrated,1
3a56c500a46c715f68ca,MiniMax-M3,MiniMax-M3,unsupported_ability_claim,1,MiniMax-M2.7,pilot_equation,early,frustrated,1
043e9320e6b1d199ab05,deepseek-v4-pro,deepseek-v4-pro,answer_reveal,0,glm-5.2,pilot_equation,late,frustrated,1
043e9320e6b1d199ab05,deepseek-v4-pro,deepseek-v4-pro,worked_explanation,0,glm-5.2,pilot_equation,late,frustrated,1
043e9320e6b1d199ab05,deepseek-v4-pro,deepseek-v4-pro,reasoning_elicitation,1,glm-5.2,pilot_equation,late,frustrated,1
043e9320e6b1d199ab05,deepseek-v4-pro,deepseek-v4-pro,learner_choice,0,glm-5.2,pilot_equation,late,frustrated,1
043e9320e6b1d199ab05,deepseek-v4-pro,deepseek-v4-pro,affect_acknowledgement,1,glm-5.2,pilot_equation,late,frustrated,1
043e9320e6b1d199ab05,deepseek-v4-pro,deepseek-v4-pro,epistemic_qualification,1,glm-5.2,pilot_equation,late,frustrated,1
043e9320e6b1d199ab05,deepseek-v4-pro,deepseek-v4-pro,information_request,0,glm-5.2,pilot_equation,late,frustrated,1
043e9320e6b1d199ab05,deepseek-v4-pro,deepseek-v4-pro,unsupported_ability_claim,0,glm-5.2,pilot_equation,late,frustrated,1
7e733f9b26a3f73077b1,MiniMax-M3,MiniMax-M3,answer_reveal,1,deepseek-v4-pro,pilot_density,early,frustrated,1
7e733f9b26a3f73077b1,MiniMax-M3,MiniMax-M3,worked_explanation,1,deepseek-v4-pro,pilot_density,early,frustrated,1
7e733f9b26a3f73077b1,MiniMax-M3,MiniMax-M3,reasoning_elicitation,0,deepseek-v4-pro,pilot_density,early,frustrated,1
7e733f9b26a3f73077b1,MiniMax-M3,MiniMax-M3,learner_choice,0,deepseek-v4-pro,pilot_density,early,frustrated,1
7e733f9b26a3f73077b1,MiniMax-M3,MiniMax-M3,affect_acknowledgement,1,deepseek-v4-pro,pilot_density,early,frustrated,1
7e733f9b26a3f73077b1,MiniMax-M3,MiniMax-M3,epistemic_qualification,0,deepseek-v4-pro,pilot_density,early,frustrated,1
7e733f9b26a3f73077b1,MiniMax-M3,MiniMax-M3,information_request,0,deepseek-v4-pro,pilot_density,early,frustrated,1
7e733f9b26a3f73077b1,MiniMax-M3,MiniMax-M3,unsupported_ability_claim,0,deepseek-v4-pro,pilot_density,early,frustrated,1
7766143ed2b2f724bf45,glm-5.3,glm-5.3,answer_reveal,1,deepseek-v4-pro,pilot_causal_claim,early,calm,0
7766143ed2b2f724bf45,glm-5.3,glm-5.3,worked_explanation,1,deepseek-v4-pro,pilot_causal_claim,early,calm,0
7766143ed2b2f724bf45,glm-5.3,glm-5.3,reasoning_elicitation,1,deepseek-v4-pro,pilot_causal_claim,early,calm,0
7766143ed2b2f724bf45,glm-5.3,glm-5.3,learner_choice,0,deepseek-v4-pro,pilot_causal_claim,early,calm,0
7766143ed2b2f724bf45,glm-5.3,glm-5.3,affect_acknowledgement,0,deepseek-v4-pro,pilot_causal_claim,early,calm,0
7766143ed2b2f724bf45,glm-5.3,glm-5.3,epistemic_qualification,1,deepseek-v4-pro,pilot_causal_claim,early,calm,0
7766143ed2b2f724bf45,glm-5.3,glm-5.3,information_request,0,deepseek-v4-pro,pilot_causal_claim,early,calm,0
7766143ed2b2f724bf45,glm-5.3,glm-5.3,unsupported_ability_claim,0,deepseek-v4-pro,pilot_causal_claim,early,calm,0
ee88f1ac5d5ac4917fd2,glm-5.3,glm-5.3,answer_reveal,1,glm-5.2,pilot_causal_claim,early,frustrated,0
ee88f1ac5d5ac4917fd2,glm-5.3,glm-5.3,worked_explanation,1,glm-5.2,pilot_causal_claim,early,frustrated,0
ee88f1ac5d5ac4917fd2,glm-5.3,glm-5.3,reasoning_elicitation,1,glm-5.2,pilot_causal_claim,early,frustrated,0
ee88f1ac5d5ac4917fd2,glm-5.3,glm-5.3,learner_choice,0,glm-5.2,pilot_causal_claim,early,frustrated,0
ee88f1ac5d5ac4917fd2,glm-5.3,glm-5.3,affect_acknowledgement,1,glm-5.2,pilot_causal_claim,early,frustrated,0
ee88f1ac5d5ac4917fd2,glm-5.3,glm-5.3,epistemic_qualification,1,glm-5.2,pilot_causal_claim,early,frustrated,0
ee88f1ac5d5ac4917fd2,glm-5.3,glm-5.3,information_request,0,glm-5.2,pilot_causal_claim,early,frustrated,0
ee88f1ac5d5ac4917fd2,glm-5.3,glm-5.3,unsupported_ability_claim,0,glm-5.2,pilot_causal_claim,early,frustrated,0
e673dacf6616de7e5fb3,deepseek-v4-pro,deepseek-v4-pro,answer_reveal,1,MiniMax-M2.7,pilot_density,late,frustrated,1
e673dacf6616de7e5fb3,deepseek-v4-pro,deepseek-v4-pro,worked_explanation,1,MiniMax-M2.7,pilot_density,late,frustrated,1
e673dacf6616de7e5fb3,deepseek-v4-pro,deepseek-v4-pro,reasoning_elicitation,0,MiniMax-M2.7,pilot_density,late,frustrated,1
e673dacf6616de7e5fb3,deepseek-v4-pro,deepseek-v4-pro,learner_choice,0,MiniMax-M2.7,pilot_density,late,frustrated,1
e673dacf6616de7e5fb3,deepseek-v4-pro,deepseek-v4-pro,affect_acknowledgement,0,MiniMax-M2.7,pilot_density,late,frustrated,1
e673dacf6616de7e5fb3,deepseek-v4-pro,deepseek-v4-pro,epistemic_qualification,0,MiniMax-M2.7,pilot_density,late,frustrated,1
e673dacf6616de7e5fb3,deepseek-v4-pro,deepseek-v4-pro,information_request,0,MiniMax-M2.7,pilot_density,late,frustrated,1
e673dacf6616de7e5fb3,deepseek-v4-pro,deepseek-v4-pro,unsupported_ability_claim,0,MiniMax-M2.7,pilot_density,late,frustrated,1
ceb76023e02779aaaebb,deepseek-v4-pro,deepseek-v4-pro,answer_reveal,1,MiniMax-M3,pilot_density,late,frustrated,0
ceb76023e02779aaaebb,deepseek-v4-pro,deepseek-v4-pro,worked_explanation,1,MiniMax-M3,pilot_density,late,frustrated,0
ceb76023e02779aaaebb,deepseek-v4-pro,deepseek-v4-pro,reasoning_elicitation,0,MiniMax-M3,pilot_density,late,frustrated,0
ceb76023e02779aaaebb,deepseek-v4-pro,deepseek-v4-pro,learner_choice,0,MiniMax-M3,pilot_density,late,frustrated,0
ceb76023e02779aaaebb,deepseek-v4-pro,deepseek-v4-pro,affect_acknowledgement,1,MiniMax-M3,pilot_density,late,frustrated,0
ceb76023e02779aaaebb,deepseek-v4-pro,deepseek-v4-pro,epistemic_qualification,0,MiniMax-M3,pilot_density,late,frustrated,0
ceb76023e02779aaaebb,deepseek-v4-pro,deepseek-v4-pro,information_request,0,MiniMax-M3,pilot_density,late,frustrated,0
ceb76023e02779aaaebb,deepseek-v4-pro,deepseek-v4-pro,unsupported_ability_claim,0,MiniMax-M3,pilot_density,late,frustrated,0
2f3ca1b90a5983b4ea10,MiniMax-M3,MiniMax-M3,answer_reveal,0,glm-5.2,pilot_causal_claim,early,calm,1
2f3ca1b90a5983b4ea10,MiniMax-M3,MiniMax-M3,worked_explanation,0,glm-5.2,pilot_causal_claim,early,calm,1
2f3ca1b90a5983b4ea10,MiniMax-M3,MiniMax-M3,reasoning_elicitation,1,glm-5.2,pilot_causal_claim,early,calm,1
2f3ca1b90a5983b4ea10,MiniMax-M3,MiniMax-M3,learner_choice,0,glm-5.2,pilot_causal_claim,early,calm,1
2f3ca1b90a5983b4ea10,MiniMax-M3,MiniMax-M3,affect_acknowledgement,0,glm-5.2,pilot_causal_claim,early,calm,1
2f3ca1b90a5983b4ea10,MiniMax-M3,MiniMax-M3,epistemic_qualification,0,glm-5.2,pilot_causal_claim,early,calm,1
2f3ca1b90a5983b4ea10,MiniMax-M3,MiniMax-M3,information_request,0,glm-5.2,pilot_causal_claim,early,calm,1
2f3ca1b90a5983b4ea10,MiniMax-M3,MiniMax-M3,unsupported_ability_claim,0,glm-5.2,pilot_causal_claim,early,calm,1
6b23913bb7db2b2eafee,glm-5.3,glm-5.3,answer_reveal,0,glm-5.2,pilot_equation,late,calm,0
6b23913bb7db2b2eafee,glm-5.3,glm-5.3,worked_explanation,0,glm-5.2,pilot_equation,late,calm,0
6b23913bb7db2b2eafee,glm-5.3,glm-5.3,reasoning_elicitation,1,glm-5.2,pilot_equation,late,calm,0
6b23913bb7db2b2eafee,glm-5.3,glm-5.3,learner_choice,0,glm-5.2,pilot_equation,late,calm,0
6b23913bb7db2b2eafee,glm-5.3,glm-5.3,affect_acknowledgement,0,glm-5.2,pilot_equation,late,calm,0
6b23913bb7db2b2eafee,glm-5.3,glm-5.3,epistemic_qualification,0,glm-5.2,pilot_equation,late,calm,0
6b23913bb7db2b2eafee,glm-5.3,glm-5.3,information_request,0,glm-5.2,pilot_equation,late,calm,0
6b23913bb7db2b2eafee,glm-5.3,glm-5.3,unsupported_ability_claim,0,glm-5.2,pilot_equation,late,calm,0
ba3ed78b338e9a13fa17,deepseek-v4-pro,deepseek-v4-pro,answer_reveal,1,doubao-seed-2.0-lite,pilot_equation,late,calm,1
ba3ed78b338e9a13fa17,deepseek-v4-pro,deepseek-v4-pro,worked_explanation,1,doubao-seed-2.0-lite,pilot_equation,late,calm,1
ba3ed78b338e9a13fa17,deepseek-v4-pro,deepseek-v4-pro,reasoning_elicitation,0,doubao-seed-2.0-lite,pilot_equation,late,calm,1
ba3ed78b338e9a13fa17,deepseek-v4-pro,deepseek-v4-pro,learner_choice,0,doubao-seed-2.0-lite,pilot_equation,late,calm,1
ba3ed78b338e9a13fa17,deepseek-v4-pro,deepseek-v4-pro,affect_acknowledgement,1,doubao-seed-2.0-lite,pilot_equation,late,calm,1
ba3ed78b338e9a13fa17,deepseek-v4-pro,deepseek-v4-pro,epistemic_qualification,0,doubao-seed-2.0-lite,pilot_equation,late,calm,1
ba3ed78b338e9a13fa17,deepseek-v4-pro,deepseek-v4-pro,information_request,0,doubao-seed-2.0-lite,pilot_equation,late,calm,1
ba3ed78b338e9a13fa17,deepseek-v4-pro,deepseek-v4-pro,unsupported_ability_claim,0,doubao-seed-2.0-lite,pilot_equation,late,calm,1
18716221a8a15a38c150,MiniMax-M3,MiniMax-M3,answer_reveal,1,MiniMax-M2.7,pilot_density,early,calm,0
18716221a8a15a38c150,MiniMax-M3,MiniMax-M3,worked_explanation,1,MiniMax-M2.7,pilot_density,early,calm,0
18716221a8a15a38c150,MiniMax-M3,MiniMax-M3,reasoning_elicitation,0,MiniMax-M2.7,pilot_density,early,calm,0
18716221a8a15a38c150,MiniMax-M3,MiniMax-M3,learner_choice,0,MiniMax-M2.7,pilot_density,early,calm,0
18716221a8a15a38c150,MiniMax-M3,MiniMax-M3,affect_acknowledgement,0,MiniMax-M2.7,pilot_density,early,calm,0
18716221a8a15a38c150,MiniMax-M3,MiniMax-M3,epistemic_qualification,0,MiniMax-M2.7,pilot_density,early,calm,0
18716221a8a15a38c150,MiniMax-M3,MiniMax-M3,information_request,0,MiniMax-M2.7,pilot_density,early,calm,0
18716221a8a15a38c150,MiniMax-M3,MiniMax-M3,unsupported_ability_claim,0,MiniMax-M2.7,pilot_density,early,calm,0
7639743dbdef3f531cd5,deepseek-v4-pro,deepseek-v4-pro,answer_reveal,1,deepseek-v4-pro,pilot_fractions,late,calm,0
7639743dbdef3f531cd5,deepseek-v4-pro,deepseek-v4-pro,worked_explanation,1,deepseek-v4-pro,pilot_fractions,late,calm,0
7639743dbdef3f531cd5,deepseek-v4-pro,deepseek-v4-pro,reasoning_elicitation,0,deepseek-v4-pro,pilot_fractions,late,calm,0
7639743dbdef3f531cd5,deepseek-v4-pro,deepseek-v4-pro,learner_choice,0,deepseek-v4-pro,pilot_fractions,late,calm,0
7639743dbdef3f531cd5,deepseek-v4-pro,deepseek-v4-pro,affect_acknowledgement,1,deepseek-v4-pro,pilot_fractions,late,calm,0
7639743dbdef3f531cd5,deepseek-v4-pro,deepseek-v4-pro,epistemic_qualification,0,deepseek-v4-pro,pilot_fractions,late,calm,0
7639743dbdef3f531cd5,deepseek-v4-pro,deepseek-v4-pro,information_request,0,deepseek-v4-pro,pilot_fractions,late,calm,0
7639743dbdef3f531cd5,deepseek-v4-pro,deepseek-v4-pro,unsupported_ability_claim,0,deepseek-v4-pro,pilot_fractions,late,calm,0
742cd01cf7b40fa991be,MiniMax-M3,MiniMax-M3,answer_reveal,0,glm-5.2,pilot_density,early,calm,0
742cd01cf7b40fa991be,MiniMax-M3,MiniMax-M3,worked_explanation,0,glm-5.2,pilot_density,early,calm,0
742cd01cf7b40fa991be,MiniMax-M3,MiniMax-M3,reasoning_elicitation,1,glm-5.2,pilot_density,early,calm,0
742cd01cf7b40fa991be,MiniMax-M3,MiniMax-M3,learner_choice,1,glm-5.2,pilot_density,early,calm,0
742cd01cf7b40fa991be,MiniMax-M3,MiniMax-M3,affect_acknowledgement,1,glm-5.2,pilot_density,early,calm,0
742cd01cf7b40fa991be,MiniMax-M3,MiniMax-M3,epistemic_qualification,0,glm-5.2,pilot_density,early,calm,0
742cd01cf7b40fa991be,MiniMax-M3,MiniMax-M3,information_request,0,glm-5.2,pilot_density,early,calm,0
742cd01cf7b40fa991be,MiniMax-M3,MiniMax-M3,unsupported_ability_claim,0,glm-5.2,pilot_density,early,calm,0
f1d38ec1e3f757e3fa1d,MiniMax-M3,MiniMax-M3,answer_reveal,1,MiniMax-M2.7,pilot_fractions,early,calm,0
f1d38ec1e3f757e3fa1d,MiniMax-M3,MiniMax-M3,worked_explanation,1,MiniMax-M2.7,pilot_fractions,early,calm,0
f1d38ec1e3f757e3fa1d,MiniMax-M3,MiniMax-M3,reasoning_elicitation,0,MiniMax-M2.7,pilot_fractions,early,calm,0
f1d38ec1e3f757e3fa1d,MiniMax-M3,MiniMax-M3,learner_choice,0,MiniMax-M2.7,pilot_fractions,early,calm,0
f1d38ec1e3f757e3fa1d,MiniMax-M3,MiniMax-M3,affect_acknowledgement,1,MiniMax-M2.7,pilot_fractions,early,calm,0
f1d38ec1e3f757e3fa1d,MiniMax-M3,MiniMax-M3,epistemic_qualification,0,MiniMax-M2.7,pilot_fractions,early,calm,0
f1d38ec1e3f757e3fa1d,MiniMax-M3,MiniMax-M3,information_request,0,MiniMax-M2.7,pilot_fractions,early,calm,0
f1d38ec1e3f757e3fa1d,MiniMax-M3,MiniMax-M3,unsupported_ability_claim,0,MiniMax-M2.7,pilot_fractions,early,calm,0
3ed857d28be1767f4f19,MiniMax-M3,MiniMax-M3,answer_reveal,1,deepseek-v4-pro,pilot_causal_claim,late,calm,1
3ed857d28be1767f4f19,MiniMax-M3,MiniMax-M3,worked_explanation,1,deepseek-v4-pro,pilot_causal_claim,late,calm,1
3ed857d28be1767f4f19,MiniMax-M3,MiniMax-M3,reasoning_elicitation,0,deepseek-v4-pro,pilot_causal_claim,late,calm,1
3ed857d28be1767f4f19,MiniMax-M3,MiniMax-M3,learner_choice,0,deepseek-v4-pro,pilot_causal_claim,late,calm,1
3ed857d28be1767f4f19,MiniMax-M3,MiniMax-M3,affect_acknowledgement,0,deepseek-v4-pro,pilot_causal_claim,late,calm,1
3ed857d28be1767f4f19,MiniMax-M3,MiniMax-M3,epistemic_qualification,1,deepseek-v4-pro,pilot_causal_claim,late,calm,1
3ed857d28be1767f4f19,MiniMax-M3,MiniMax-M3,information_request,0,deepseek-v4-pro,pilot_causal_claim,late,calm,1
3ed857d28be1767f4f19,MiniMax-M3,MiniMax-M3,unsupported_ability_claim,0,deepseek-v4-pro,pilot_causal_claim,late,calm,1
e071582c37daf8241cf7,glm-5.3,glm-5.3,answer_reveal,1,doubao-seed-2.0-lite,pilot_causal_claim,late,frustrated,0
e071582c37daf8241cf7,glm-5.3,glm-5.3,worked_explanation,1,doubao-seed-2.0-lite,pilot_causal_claim,late,frustrated,0
e071582c37daf8241cf7,glm-5.3,glm-5.3,reasoning_elicitation,0,doubao-seed-2.0-lite,pilot_causal_claim,late,frustrated,0
e071582c37daf8241cf7,glm-5.3,glm-5.3,learner_choice,0,doubao-seed-2.0-lite,pilot_causal_claim,late,frustrated,0
e071582c37daf8241cf7,glm-5.3,glm-5.3,affect_acknowledgement,1,doubao-seed-2.0-lite,pilot_causal_claim,late,frustrated,0
e071582c37daf8241cf7,glm-5.3,glm-5.3,epistemic_qualification,1,doubao-seed-2.0-lite,pilot_causal_claim,late,frustrated,0
e071582c37daf8241cf7,glm-5.3,glm-5.3,information_request,0,doubao-seed-2.0-lite,pilot_causal_claim,late,frustrated,0
e071582c37daf8241cf7,glm-5.3,glm-5.3,unsupported_ability_claim,0,doubao-seed-2.0-lite,pilot_causal_claim,late,frustrated,0
33557f69dc0498a4f855,deepseek-v4-pro,deepseek-v4-pro,answer_reveal,0,glm-5.2,pilot_density,late,calm,0
33557f69dc0498a4f855,deepseek-v4-pro,deepseek-v4-pro,worked_explanation,1,glm-5.2,pilot_density,late,calm,0
33557f69dc0498a4f855,deepseek-v4-pro,deepseek-v4-pro,reasoning_elicitation,1,glm-5.2,pilot_density,late,calm,0
33557f69dc0498a4f855,deepseek-v4-pro,deepseek-v4-pro,learner_choice,1,glm-5.2,pilot_density,late,calm,0
33557f69dc0498a4f855,deepseek-v4-pro,deepseek-v4-pro,affect_acknowledgement,0,glm-5.2,pilot_density,late,calm,0
33557f69dc0498a4f855,deepseek-v4-pro,deepseek-v4-pro,epistemic_qualification,0,glm-5.2,pilot_density,late,calm,0
33557f69dc0498a4f855,deepseek-v4-pro,deepseek-v4-pro,information_request,0,glm-5.2,pilot_density,late,calm,0
33557f69dc0498a4f855,deepseek-v4-pro,deepseek-v4-pro,unsupported_ability_claim,0,glm-5.2,pilot_density,late,calm,0
25cb7b626f8264469349,glm-5.3,glm-5.3,answer_reveal,0,glm-5.2,pilot_density,early,frustrated,1
25cb7b626f8264469349,glm-5.3,glm-5.3,worked_explanation,1,glm-5.2,pilot_density,early,frustrated,1
25cb7b626f8264469349,glm-5.3,glm-5.3,reasoning_elicitation,1,glm-5.2,pilot_density,early,frustrated,1
25cb7b626f8264469349,glm-5.3,glm-5.3,learner_choice,0,glm-5.2,pilot_density,early,frustrated,1
25cb7b626f8264469349,glm-5.3,glm-5.3,affect_acknowledgement,1,glm-5.2,pilot_density,early,frustrated,1
25cb7b626f8264469349,glm-5.3,glm-5.3,epistemic_qualification,0,glm-5.2,pilot_density,early,frustrated,1
25cb7b626f8264469349,glm-5.3,glm-5.3,information_request,0,glm-5.2,pilot_density,early,frustrated,1
25cb7b626f8264469349,glm-5.3,glm-5.3,unsupported_ability_claim,0,glm-5.2,pilot_density,early,frustrated,1
1f861c2d51283e59dcaa,deepseek-v4-pro,deepseek-v4-pro,answer_reveal,1,MiniMax-M3,pilot_fractions,late,frustrated,0
1f861c2d51283e59dcaa,deepseek-v4-pro,deepseek-v4-pro,worked_explanation,1,MiniMax-M3,pilot_fractions,late,frustrated,0
1f861c2d51283e59dcaa,deepseek-v4-pro,deepseek-v4-pro,reasoning_elicitation,0,MiniMax-M3,pilot_fractions,late,frustrated,0
1f861c2d51283e59dcaa,deepseek-v4-pro,deepseek-v4-pro,learner_choice,0,MiniMax-M3,pilot_fractions,late,frustrated,0
1f861c2d51283e59dcaa,deepseek-v4-pro,deepseek-v4-pro,affect_acknowledgement,1,MiniMax-M3,pilot_fractions,late,frustrated,0
1f861c2d51283e59dcaa,deepseek-v4-pro,deepseek-v4-pro,epistemic_qualification,0,MiniMax-M3,pilot_fractions,late,frustrated,0
1f861c2d51283e59dcaa,deepseek-v4-pro,deepseek-v4-pro,information_request,0,MiniMax-M3,pilot_fractions,late,frustrated,0
1f861c2d51283e59dcaa,deepseek-v4-pro,deepseek-v4-pro,unsupported_ability_claim,0,MiniMax-M3,pilot_fractions,late,frustrated,0
09ee3c79cec447d7cf01,glm-5.3,glm-5.3,answer_reveal,1,MiniMax-M2.7,pilot_fractions,late,frustrated,0
09ee3c79cec447d7cf01,glm-5.3,glm-5.3,worked_explanation,1,MiniMax-M2.7,pilot_fractions,late,frustrated,0
09ee3c79cec447d7cf01,glm-5.3,glm-5.3,reasoning_elicitation,0,MiniMax-M2.7,pilot_fractions,late,frustrated,0
09ee3c79cec447d7cf01,glm-5.3,glm-5.3,learner_choice,0,MiniMax-M2.7,pilot_fractions,late,frustrated,0
09ee3c79cec447d7cf01,glm-5.3,glm-5.3,affect_acknowledgement,0,MiniMax-M2.7,pilot_fractions,late,frustrated,0
09ee3c79cec447d7cf01,glm-5.3,glm-5.3,epistemic_qualification,0,MiniMax-M2.7,pilot_fractions,late,frustrated,0
09ee3c79cec447d7cf01,glm-5.3,glm-5.3,information_request,0,MiniMax-M2.7,pilot_fractions,late,frustrated,0
09ee3c79cec447d7cf01,glm-5.3,glm-5.3,unsupported_ability_claim,0,MiniMax-M2.7,pilot_fractions,late,frustrated,0
a3cd2bff7780acd7ef74,glm-5.3,glm-5.3,answer_reveal,1,deepseek-v4-pro,pilot_causal_claim,late,frustrated,0
a3cd2bff7780acd7ef74,glm-5.3,glm-5.3,worked_explanation,1,deepseek-v4-pro,pilot_causal_claim,late,frustrated,0
a3cd2bff7780acd7ef74,glm-5.3,glm-5.3,reasoning_elicitation,1,deepseek-v4-pro,pilot_causal_claim,late,frustrated,0
a3cd2bff7780acd7ef74,glm-5.3,glm-5.3,learner_choice,0,deepseek-v4-pro,pilot_causal_claim,late,frustrated,0
a3cd2bff7780acd7ef74,glm-5.3,glm-5.3,affect_acknowledgement,1,deepseek-v4-pro,pilot_causal_claim,late,frustrated,0
a3cd2bff7780acd7ef74,glm-5.3,glm-5.3,epistemic_qualification,1,deepseek-v4-pro,pilot_causal_claim,late,frustrated,0
a3cd2bff7780acd7ef74,glm-5.3,glm-5.3,information_request,0,deepseek-v4-pro,pilot_causal_claim,late,frustrated,0
a3cd2bff7780acd7ef74,glm-5.3,glm-5.3,unsupported_ability_claim,0,deepseek-v4-pro,pilot_causal_claim,late,frustrated,0
e40f8ff81d570ca2390a,glm-5.3,glm-5.3,answer_reveal,1,MiniMax-M3,pilot_fractions,early,frustrated,0
e40f8ff81d570ca2390a,glm-5.3,glm-5.3,worked_explanation,1,MiniMax-M3,pilot_fractions,early,frustrated,0
e40f8ff81d570ca2390a,glm-5.3,glm-5.3,reasoning_elicitation,1,MiniMax-M3,pilot_fractions,early,frustrated,0
e40f8ff81d570ca2390a,glm-5.3,glm-5.3,learner_choice,0,MiniMax-M3,pilot_fractions,early,frustrated,0
e40f8ff81d570ca2390a,glm-5.3,glm-5.3,affect_acknowledgement,1,MiniMax-M3,pilot_fractions,early,frustrated,0
e40f8ff81d570ca2390a,glm-5.3,glm-5.3,epistemic_qualification,0,MiniMax-M3,pilot_fractions,early,frustrated,0
e40f8ff81d570ca2390a,glm-5.3,glm-5.3,information_request,0,MiniMax-M3,pilot_fractions,early,frustrated,0
e40f8ff81d570ca2390a,glm-5.3,glm-5.3,unsupported_ability_claim,0,MiniMax-M3,pilot_fractions,early,frustrated,0
b2dbcc07c876daf23321,deepseek-v4-pro,deepseek-v4-pro,answer_reveal,1,deepseek-v4-pro,pilot_equation,late,frustrated,1
b2dbcc07c876daf23321,deepseek-v4-pro,deepseek-v4-pro,worked_explanation,0,deepseek-v4-pro,pilot_equation,late,frustrated,1
b2dbcc07c876daf23321,deepseek-v4-pro,deepseek-v4-pro,reasoning_elicitation,0,deepseek-v4-pro,pilot_equation,late,frustrated,1
b2dbcc07c876daf23321,deepseek-v4-pro,deepseek-v4-pro,learner_choice,0,deepseek-v4-pro,pilot_equation,late,frustrated,1
b2dbcc07c876daf23321,deepseek-v4-pro,deepseek-v4-pro,affect_acknowledgement,1,deepseek-v4-pro,pilot_equation,late,frustrated,1
b2dbcc07c876daf23321,deepseek-v4-pro,deepseek-v4-pro,epistemic_qualification,0,deepseek-v4-pro,pilot_equation,late,frustrated,1
b2dbcc07c876daf23321,deepseek-v4-pro,deepseek-v4-pro,information_request,0,deepseek-v4-pro,pilot_equation,late,frustrated,1
b2dbcc07c876daf23321,deepseek-v4-pro,deepseek-v4-pro,unsupported_ability_claim,0,deepseek-v4-pro,pilot_equation,late,frustrated,1
3ed857d28be1767f4f19,glm-5.3,glm-5.3,answer_reveal,1,deepseek-v4-pro,pilot_causal_claim,late,calm,1
3ed857d28be1767f4f19,glm-5.3,glm-5.3,worked_explanation,1,deepseek-v4-pro,pilot_causal_claim,late,calm,1
3ed857d28be1767f4f19,glm-5.3,glm-5.3,reasoning_elicitation,0,deepseek-v4-pro,pilot_causal_claim,late,calm,1
3ed857d28be1767f4f19,glm-5.3,glm-5.3,learner_choice,0,deepseek-v4-pro,pilot_causal_claim,late,calm,1
3ed857d28be1767f4f19,glm-5.3,glm-5.3,affect_acknowledgement,0,deepseek-v4-pro,pilot_causal_claim,late,calm,1
3ed857d28be1767f4f19,glm-5.3,glm-5.3,epistemic_qualification,1,deepseek-v4-pro,pilot_causal_claim,late,calm,1
3ed857d28be1767f4f19,glm-5.3,glm-5.3,information_request,0,deepseek-v4-pro,pilot_causal_claim,late,calm,1
3ed857d28be1767f4f19,glm-5.3,glm-5.3,unsupported_ability_claim,0,deepseek-v4-pro,pilot_causal_claim,late,calm,1
e071582c37daf8241cf7,deepseek-v4-pro,deepseek-v4-pro,answer_reveal,1,doubao-seed-2.0-lite,pilot_causal_claim,late,frustrated,0
e071582c37daf8241cf7,deepseek-v4-pro,deepseek-v4-pro,worked_explanation,1,doubao-seed-2.0-lite,pilot_causal_claim,late,frustrated,0
e071582c37daf8241cf7,deepseek-v4-pro,deepseek-v4-pro,reasoning_elicitation,0,doubao-seed-2.0-lite,pilot_causal_claim,late,frustrated,0
e071582c37daf8241cf7,deepseek-v4-pro,deepseek-v4-pro,learner_choice,0,doubao-seed-2.0-lite,pilot_causal_claim,late,frustrated,0
e071582c37daf8241cf7,deepseek-v4-pro,deepseek-v4-pro,affect_acknowledgement,1,doubao-seed-2.0-lite,pilot_causal_claim,late,frustrated,0
e071582c37daf8241cf7,deepseek-v4-pro,deepseek-v4-pro,epistemic_qualification,1,doubao-seed-2.0-lite,pilot_causal_claim,late,frustrated,0
e071582c37daf8241cf7,deepseek-v4-pro,deepseek-v4-pro,information_request,0,doubao-seed-2.0-lite,pilot_causal_claim,late,frustrated,0
e071582c37daf8241cf7,deepseek-v4-pro,deepseek-v4-pro,unsupported_ability_claim,0,doubao-seed-2.0-lite,pilot_causal_claim,late,frustrated,0
6b23913bb7db2b2eafee,deepseek-v4-pro,deepseek-v4-pro,answer_reveal,0,glm-5.2,pilot_equation,late,calm,0
6b23913bb7db2b2eafee,deepseek-v4-pro,deepseek-v4-pro,worked_explanation,0,glm-5.2,pilot_equation,late,calm,0
6b23913bb7db2b2eafee,deepseek-v4-pro,deepseek-v4-pro,reasoning_elicitation,1,glm-5.2,pilot_equation,late,calm,0
6b23913bb7db2b2eafee,deepseek-v4-pro,deepseek-v4-pro,learner_choice,0,glm-5.2,pilot_equation,late,calm,0
6b23913bb7db2b2eafee,deepseek-v4-pro,deepseek-v4-pro,affect_acknowledgement,0,glm-5.2,pilot_equation,late,calm,0
6b23913bb7db2b2eafee,deepseek-v4-pro,deepseek-v4-pro,epistemic_qualification,0,glm-5.2,pilot_equation,late,calm,0
6b23913bb7db2b2eafee,deepseek-v4-pro,deepseek-v4-pro,information_request,0,glm-5.2,pilot_equation,late,calm,0
6b23913bb7db2b2eafee,deepseek-v4-pro,deepseek-v4-pro,unsupported_ability_claim,0,glm-5.2,pilot_equation,late,calm,0
0af631542fc1eae3c4a6,glm-5.3,glm-5.3,answer_reveal,1,MiniMax-M2.7,pilot_density,late,calm,1
0af631542fc1eae3c4a6,glm-5.3,glm-5.3,worked_explanation,1,MiniMax-M2.7,pilot_density,late,calm,1
0af631542fc1eae3c4a6,glm-5.3,glm-5.3,reasoning_elicitation,0,MiniMax-M2.7,pilot_density,late,calm,1
0af631542fc1eae3c4a6,glm-5.3,glm-5.3,learner_choice,0,MiniMax-M2.7,pilot_density,late,calm,1
0af631542fc1eae3c4a6,glm-5.3,glm-5.3,affect_acknowledgement,0,MiniMax-M2.7,pilot_density,late,calm,1
0af631542fc1eae3c4a6,glm-5.3,glm-5.3,epistemic_qualification,1,MiniMax-M2.7,pilot_density,late,calm,1
0af631542fc1eae3c4a6,glm-5.3,glm-5.3,information_request,0,MiniMax-M2.7,pilot_density,late,calm,1
0af631542fc1eae3c4a6,glm-5.3,glm-5.3,unsupported_ability_claim,0,MiniMax-M2.7,pilot_density,late,calm,1
e1fbb38b46691f32b309,glm-5.3,glm-5.3,answer_reveal,1,MiniMax-M3,pilot_fractions,late,frustrated,1
e1fbb38b46691f32b309,glm-5.3,glm-5.3,worked_explanation,1,MiniMax-M3,pilot_fractions,late,frustrated,1
e1fbb38b46691f32b309,glm-5.3,glm-5.3,reasoning_elicitation,0,MiniMax-M3,pilot_fractions,late,frustrated,1
e1fbb38b46691f32b309,glm-5.3,glm-5.3,learner_choice,0,MiniMax-M3,pilot_fractions,late,frustrated,1
e1fbb38b46691f32b309,glm-5.3,glm-5.3,affect_acknowledgement,1,MiniMax-M3,pilot_fractions,late,frustrated,1
e1fbb38b46691f32b309,glm-5.3,glm-5.3,epistemic_qualification,0,MiniMax-M3,pilot_fractions,late,frustrated,1
e1fbb38b46691f32b309,glm-5.3,glm-5.3,information_request,0,MiniMax-M3,pilot_fractions,late,frustrated,1
e1fbb38b46691f32b309,glm-5.3,glm-5.3,unsupported_ability_claim,0,MiniMax-M3,pilot_fractions,late,frustrated,1
d20f03487a8dba323632,glm-5.3,glm-5.3,answer_reveal,1,doubao-seed-2.0-lite,pilot_equation,early,calm,0
d20f03487a8dba323632,glm-5.3,glm-5.3,worked_explanation,1,doubao-seed-2.0-lite,pilot_equation,early,calm,0
d20f03487a8dba323632,glm-5.3,glm-5.3,reasoning_elicitation,0,doubao-seed-2.0-lite,pilot_equation,early,calm,0
d20f03487a8dba323632,glm-5.3,glm-5.3,learner_choice,0,doubao-seed-2.0-lite,pilot_equation,early,calm,0
d20f03487a8dba323632,glm-5.3,glm-5.3,affect_acknowledgement,1,doubao-seed-2.0-lite,pilot_equation,early,calm,0
d20f03487a8dba323632,glm-5.3,glm-5.3,epistemic_qualification,0,doubao-seed-2.0-lite,pilot_equation,early,calm,0
d20f03487a8dba323632,glm-5.3,glm-5.3,information_request,0,doubao-seed-2.0-lite,pilot_equation,early,calm,0
d20f03487a8dba323632,glm-5.3,glm-5.3,unsupported_ability_claim,0,doubao-seed-2.0-lite,pilot_equation,early,calm,0
ea22778e3216b98837b0,MiniMax-M3,MiniMax-M3,answer_reveal,1,deepseek-v4-pro,pilot_fractions,early,calm,1
ea22778e3216b98837b0,MiniMax-M3,MiniMax-M3,worked_explanation,1,deepseek-v4-pro,pilot_fractions,early,calm,1
ea22778e3216b98837b0,MiniMax-M3,MiniMax-M3,reasoning_elicitation,0,deepseek-v4-pro,pilot_fractions,early,calm,1
ea22778e3216b98837b0,MiniMax-M3,MiniMax-M3,learner_choice,0,deepseek-v4-pro,pilot_fractions,early,calm,1
ea22778e3216b98837b0,MiniMax-M3,MiniMax-M3,affect_acknowledgement,1,deepseek-v4-pro,pilot_fractions,early,calm,1
ea22778e3216b98837b0,MiniMax-M3,MiniMax-M3,epistemic_qualification,0,deepseek-v4-pro,pilot_fractions,early,calm,1
ea22778e3216b98837b0,MiniMax-M3,MiniMax-M3,information_request,0,deepseek-v4-pro,pilot_fractions,early,calm,1
ea22778e3216b98837b0,MiniMax-M3,MiniMax-M3,unsupported_ability_claim,0,deepseek-v4-pro,pilot_fractions,early,calm,1
a335b4e6eb8637555cf9,glm-5.3,glm-5.3,answer_reveal,1,doubao-seed-2.0-lite,pilot_fractions,early,calm,1
a335b4e6eb8637555cf9,glm-5.3,glm-5.3,worked_explanation,1,doubao-seed-2.0-lite,pilot_fractions,early,calm,1
a335b4e6eb8637555cf9,glm-5.3,glm-5.3,reasoning_elicitation,0,doubao-seed-2.0-lite,pilot_fractions,early,calm,1
a335b4e6eb8637555cf9,glm-5.3,glm-5.3,learner_choice,0,doubao-seed-2.0-lite,pilot_fractions,early,calm,1
a335b4e6eb8637555cf9,glm-5.3,glm-5.3,affect_acknowledgement,1,doubao-seed-2.0-lite,pilot_fractions,early,calm,1
a335b4e6eb8637555cf9,glm-5.3,glm-5.3,epistemic_qualification,0,doubao-seed-2.0-lite,pilot_fractions,early,calm,1
a335b4e6eb8637555cf9,glm-5.3,glm-5.3,information_request,0,doubao-seed-2.0-lite,pilot_fractions,early,calm,1
a335b4e6eb8637555cf9,glm-5.3,glm-5.3,unsupported_ability_claim,0,doubao-seed-2.0-lite,pilot_fractions,early,calm,1
bab594a9a88e35c85159,MiniMax-M3,MiniMax-M3,answer_reveal,1,doubao-seed-2.0-lite,pilot_fractions,early,frustrated,1
bab594a9a88e35c85159,MiniMax-M3,MiniMax-M3,worked_explanation,1,doubao-seed-2.0-lite,pilot_fractions,early,frustrated,1
bab594a9a88e35c85159,MiniMax-M3,MiniMax-M3,reasoning_elicitation,0,doubao-seed-2.0-lite,pilot_fractions,early,frustrated,1
bab594a9a88e35c85159,MiniMax-M3,MiniMax-M3,learner_choice,1,doubao-seed-2.0-lite,pilot_fractions,early,frustrated,1
bab594a9a88e35c85159,MiniMax-M3,MiniMax-M3,affect_acknowledgement,1,doubao-seed-2.0-lite,pilot_fractions,early,frustrated,1
bab594a9a88e35c85159,MiniMax-M3,MiniMax-M3,epistemic_qualification,0,doubao-seed-2.0-lite,pilot_fractions,early,frustrated,1
bab594a9a88e35c85159,MiniMax-M3,MiniMax-M3,information_request,0,doubao-seed-2.0-lite,pilot_fractions,early,frustrated,1
bab594a9a88e35c85159,MiniMax-M3,MiniMax-M3,unsupported_ability_claim,0,doubao-seed-2.0-lite,pilot_fractions,early,frustrated,1
15600eb4d05de50949a5,glm-5.3,glm-5.3,answer_reveal,1,doubao-seed-2.0-lite,pilot_density,late,frustrated,1
15600eb4d05de50949a5,glm-5.3,glm-5.3,worked_explanation,1,doubao-seed-2.0-lite,pilot_density,late,frustrated,1
15600eb4d05de50949a5,glm-5.3,glm-5.3,reasoning_elicitation,0,doubao-seed-2.0-lite,pilot_density,late,frustrated,1
15600eb4d05de50949a5,glm-5.3,glm-5.3,learner_choice,0,doubao-seed-2.0-lite,pilot_density,late,frustrated,1
15600eb4d05de50949a5,glm-5.3,glm-5.3,affect_acknowledgement,1,doubao-seed-2.0-lite,pilot_density,late,frustrated,1
15600eb4d05de50949a5,glm-5.3,glm-5.3,epistemic_qualification,0,doubao-seed-2.0-lite,pilot_density,late,frustrated,1
15600eb4d05de50949a5,glm-5.3,glm-5.3,information_request,0,doubao-seed-2.0-lite,pilot_density,late,frustrated,1
15600eb4d05de50949a5,glm-5.3,glm-5.3,unsupported_ability_claim,0,doubao-seed-2.0-lite,pilot_density,late,frustrated,1
2becb439e217006ec8b2,deepseek-v4-pro,deepseek-v4-pro,answer_reveal,0,glm-5.2,pilot_causal_claim,late,calm,1
2becb439e217006ec8b2,deepseek-v4-pro,deepseek-v4-pro,worked_explanation,1,glm-5.2,pilot_causal_claim,late,calm,1
2becb439e217006ec8b2,deepseek-v4-pro,deepseek-v4-pro,reasoning_elicitation,1,glm-5.2,pilot_causal_claim,late,calm,1
2becb439e217006ec8b2,deepseek-v4-pro,deepseek-v4-pro,learner_choice,0,glm-5.2,pilot_causal_claim,late,calm,1
2becb439e217006ec8b2,deepseek-v4-pro,deepseek-v4-pro,affect_acknowledgement,0,glm-5.2,pilot_causal_claim,late,calm,1
2becb439e217006ec8b2,deepseek-v4-pro,deepseek-v4-pro,epistemic_qualification,1,glm-5.2,pilot_causal_claim,late,calm,1
2becb439e217006ec8b2,deepseek-v4-pro,deepseek-v4-pro,information_request,0,glm-5.2,pilot_causal_claim,late,calm,1
2becb439e217006ec8b2,deepseek-v4-pro,deepseek-v4-pro,unsupported_ability_claim,0,glm-5.2,pilot_causal_claim,late,calm,1
4b22d5d542e59472299d,MiniMax-M3,MiniMax-M3,answer_reveal,1,deepseek-v4-pro,pilot_fractions,late,frustrated,1
4b22d5d542e59472299d,MiniMax-M3,MiniMax-M3,worked_explanation,1,deepseek-v4-pro,pilot_fractions,late,frustrated,1
4b22d5d542e59472299d,MiniMax-M3,MiniMax-M3,reasoning_elicitation,0,deepseek-v4-pro,pilot_fractions,late,frustrated,1
4b22d5d542e59472299d,MiniMax-M3,MiniMax-M3,learner_choice,0,deepseek-v4-pro,pilot_fractions,late,frustrated,1
4b22d5d542e59472299d,MiniMax-M3,MiniMax-M3,affect_acknowledgement,1,deepseek-v4-pro,pilot_fractions,late,frustrated,1
4b22d5d542e59472299d,MiniMax-M3,MiniMax-M3,epistemic_qualification,0,deepseek-v4-pro,pilot_fractions,late,frustrated,1
4b22d5d542e59472299d,MiniMax-M3,MiniMax-M3,information_request,0,deepseek-v4-pro,pilot_fractions,late,frustrated,1
4b22d5d542e59472299d,MiniMax-M3,MiniMax-M3,unsupported_ability_claim,0,deepseek-v4-pro,pilot_fractions,late,frustrated,1
0010b5a166668babdfc2,deepseek-v4-pro,deepseek-v4-pro,answer_reveal,1,deepseek-v4-pro,pilot_fractions,late,calm,1
0010b5a166668babdfc2,deepseek-v4-pro,deepseek-v4-pro,worked_explanation,1,deepseek-v4-pro,pilot_fractions,late,calm,1
0010b5a166668babdfc2,deepseek-v4-pro,deepseek-v4-pro,reasoning_elicitation,0,deepseek-v4-pro,pilot_fractions,late,calm,1
0010b5a166668babdfc2,deepseek-v4-pro,deepseek-v4-pro,learner_choice,0,deepseek-v4-pro,pilot_fractions,late,calm,1
0010b5a166668babdfc2,deepseek-v4-pro,deepseek-v4-pro,affect_acknowledgement,1,deepseek-v4-pro,pilot_fractions,late,calm,1
0010b5a166668babdfc2,deepseek-v4-pro,deepseek-v4-pro,epistemic_qualification,0,deepseek-v4-pro,pilot_fractions,late,calm,1
0010b5a166668babdfc2,deepseek-v4-pro,deepseek-v4-pro,information_request,0,deepseek-v4-pro,pilot_fractions,late,calm,1
0010b5a166668babdfc2,deepseek-v4-pro,deepseek-v4-pro,unsupported_ability_claim,0,deepseek-v4-pro,pilot_fractions,late,calm,1
acb2d00798d0a8207a48,MiniMax-M3,MiniMax-M3,answer_reveal,1,MiniMax-M3,pilot_equation,late,frustrated,0
acb2d00798d0a8207a48,MiniMax-M3,MiniMax-M3,worked_explanation,1,MiniMax-M3,pilot_equation,late,frustrated,0
acb2d00798d0a8207a48,MiniMax-M3,MiniMax-M3,reasoning_elicitation,0,MiniMax-M3,pilot_equation,late,frustrated,0
acb2d00798d0a8207a48,MiniMax-M3,MiniMax-M3,learner_choice,0,MiniMax-M3,pilot_equation,late,frustrated,0
acb2d00798d0a8207a48,MiniMax-M3,MiniMax-M3,affect_acknowledgement,1,MiniMax-M3,pilot_equation,late,frustrated,0
acb2d00798d0a8207a48,MiniMax-M3,MiniMax-M3,epistemic_qualification,0,MiniMax-M3,pilot_equation,late,frustrated,0
acb2d00798d0a8207a48,MiniMax-M3,MiniMax-M3,information_request,0,MiniMax-M3,pilot_equation,late,frustrated,0
acb2d00798d0a8207a48,MiniMax-M3,MiniMax-M3,unsupported_ability_claim,0,MiniMax-M3,pilot_equation,late,frustrated,0
8caea81ae1fa2587c425,MiniMax-M3,MiniMax-M3,answer_reveal,1,doubao-seed-2.0-lite,pilot_causal_claim,early,frustrated,1
8caea81ae1fa2587c425,MiniMax-M3,MiniMax-M3,worked_explanation,1,doubao-seed-2.0-lite,pilot_causal_claim,early,frustrated,1
8caea81ae1fa2587c425,MiniMax-M3,MiniMax-M3,reasoning_elicitation,0,doubao-seed-2.0-lite,pilot_causal_claim,early,frustrated,1
8caea81ae1fa2587c425,MiniMax-M3,MiniMax-M3,learner_choice,0,doubao-seed-2.0-lite,pilot_causal_claim,early,frustrated,1
8caea81ae1fa2587c425,MiniMax-M3,MiniMax-M3,affect_acknowledgement,1,doubao-seed-2.0-lite,pilot_causal_claim,early,frustrated,1
8caea81ae1fa2587c425,MiniMax-M3,MiniMax-M3,epistemic_qualification,0,doubao-seed-2.0-lite,pilot_causal_claim,early,frustrated,1
8caea81ae1fa2587c425,MiniMax-M3,MiniMax-M3,information_request,0,doubao-seed-2.0-lite,pilot_causal_claim,early,frustrated,1
8caea81ae1fa2587c425,MiniMax-M3,MiniMax-M3,unsupported_ability_claim,0,doubao-seed-2.0-lite,pilot_causal_claim,early,frustrated,1
2cfaff627a6db474883f,glm-5.3,glm-5.3,answer_reveal,0,MiniMax-M3,pilot_density,late,calm,0
2cfaff627a6db474883f,glm-5.3,glm-5.3,worked_explanation,1,MiniMax-M3,pilot_density,late,calm,0
2cfaff627a6db474883f,glm-5.3,glm-5.3,reasoning_elicitation,1,MiniMax-M3,pilot_density,late,calm,0
2cfaff627a6db474883f,glm-5.3,glm-5.3,learner_choice,0,MiniMax-M3,pilot_density,late,calm,0
2cfaff627a6db474883f,glm-5.3,glm-5.3,affect_acknowledgement,0,MiniMax-M3,pilot_density,late,calm,0
2cfaff627a6db474883f,glm-5.3,glm-5.3,epistemic_qualification,0,MiniMax-M3,pilot_density,late,calm,0
2cfaff627a6db474883f,glm-5.3,glm-5.3,information_request,0,MiniMax-M3,pilot_density,late,calm,0
2cfaff627a6db474883f,glm-5.3,glm-5.3,unsupported_ability_claim,0,MiniMax-M3,pilot_density,late,calm,0
b82e05d798ed9d62d46f,MiniMax-M3,MiniMax-M3,answer_reveal,1,deepseek-v4-pro,pilot_equation,late,calm,1
b82e05d798ed9d62d46f,MiniMax-M3,MiniMax-M3,worked_explanation,1,deepseek-v4-pro,pilot_equation,late,calm,1
b82e05d798ed9d62d46f,MiniMax-M3,MiniMax-M3,reasoning_elicitation,0,deepseek-v4-pro,pilot_equation,late,calm,1
b82e05d798ed9d62d46f,MiniMax-M3,MiniMax-M3,learner_choice,0,deepseek-v4-pro,pilot_equation,late,calm,1
b82e05d798ed9d62d46f,MiniMax-M3,MiniMax-M3,affect_acknowledgement,1,deepseek-v4-pro,pilot_equation,late,calm,1
b82e05d798ed9d62d46f,MiniMax-M3,MiniMax-M3,epistemic_qualification,0,deepseek-v4-pro,pilot_equation,late,calm,1
b82e05d798ed9d62d46f,MiniMax-M3,MiniMax-M3,information_request,0,deepseek-v4-pro,pilot_equation,late,calm,1
b82e05d798ed9d62d46f,MiniMax-M3,MiniMax-M3,unsupported_ability_claim,0,deepseek-v4-pro,pilot_equation,late,calm,1
8be4a2fe48d21a92768e,MiniMax-M3,MiniMax-M3,answer_reveal,0,glm-5.2,pilot_density,late,frustrated,0
8be4a2fe48d21a92768e,MiniMax-M3,MiniMax-M3,worked_explanation,1,glm-5.2,pilot_density,late,frustrated,0
8be4a2fe48d21a92768e,MiniMax-M3,MiniMax-M3,reasoning_elicitation,1,glm-5.2,pilot_density,late,frustrated,0
8be4a2fe48d21a92768e,MiniMax-M3,MiniMax-M3,learner_choice,0,glm-5.2,pilot_density,late,frustrated,0
8be4a2fe48d21a92768e,MiniMax-M3,MiniMax-M3,affect_acknowledgement,1,glm-5.2,pilot_density,late,frustrated,0
8be4a2fe48d21a92768e,MiniMax-M3,MiniMax-M3,epistemic_qualification,0,glm-5.2,pilot_density,late,frustrated,0
8be4a2fe48d21a92768e,MiniMax-M3,MiniMax-M3,information_request,0,glm-5.2,pilot_density,late,frustrated,0
8be4a2fe48d21a92768e,MiniMax-M3,MiniMax-M3,unsupported_ability_claim,1,glm-5.2,pilot_density,late,frustrated,0
5edf0ae67f09b3a6c257,deepseek-v4-pro,deepseek-v4-pro,answer_reveal,1,MiniMax-M3,pilot_fractions,early,calm,0
5edf0ae67f09b3a6c257,deepseek-v4-pro,deepseek-v4-pro,worked_explanation,1,MiniMax-M3,pilot_fractions,early,calm,0
5edf0ae67f09b3a6c257,deepseek-v4-pro,deepseek-v4-pro,reasoning_elicitation,0,MiniMax-M3,pilot_fractions,early,calm,0
5edf0ae67f09b3a6c257,deepseek-v4-pro,deepseek-v4-pro,learner_choice,1,MiniMax-M3,pilot_fractions,early,calm,0
5edf0ae67f09b3a6c257,deepseek-v4-pro,deepseek-v4-pro,affect_acknowledgement,1,MiniMax-M3,pilot_fractions,early,calm,0
5edf0ae67f09b3a6c257,deepseek-v4-pro,deepseek-v4-pro,epistemic_qualification,0,MiniMax-M3,pilot_fractions,early,calm,0
5edf0ae67f09b3a6c257,deepseek-v4-pro,deepseek-v4-pro,information_request,0,MiniMax-M3,pilot_fractions,early,calm,0
5edf0ae67f09b3a6c257,deepseek-v4-pro,deepseek-v4-pro,unsupported_ability_claim,0,MiniMax-M3,pilot_fractions,early,calm,0
9027d323285b11851755,deepseek-v4-pro,deepseek-v4-pro,answer_reveal,0,glm-5.2,pilot_fractions,early,calm,1
9027d323285b11851755,deepseek-v4-pro,deepseek-v4-pro,worked_explanation,1,glm-5.2,pilot_fractions,early,calm,1
9027d323285b11851755,deepseek-v4-pro,deepseek-v4-pro,reasoning_elicitation,1,glm-5.2,pilot_fractions,early,calm,1
9027d323285b11851755,deepseek-v4-pro,deepseek-v4-pro,learner_choice,0,glm-5.2,pilot_fractions,early,calm,1
9027d323285b11851755,deepseek-v4-pro,deepseek-v4-pro,affect_acknowledgement,1,glm-5.2,pilot_fractions,early,calm,1
9027d323285b11851755,deepseek-v4-pro,deepseek-v4-pro,epistemic_qualification,0,glm-5.2,pilot_fractions,early,calm,1
9027d323285b11851755,deepseek-v4-pro,deepseek-v4-pro,information_request,0,glm-5.2,pilot_fractions,early,calm,1
9027d323285b11851755,deepseek-v4-pro,deepseek-v4-pro,unsupported_ability_claim,0,glm-5.2,pilot_fractions,early,calm,1
b5583ef9a5bf8f372191,deepseek-v4-pro,deepseek-v4-pro,answer_reveal,1,MiniMax-M2.7,pilot_density,late,frustrated,0
b5583ef9a5bf8f372191,deepseek-v4-pro,deepseek-v4-pro,worked_explanation,1,MiniMax-M2.7,pilot_density,late,frustrated,0
b5583ef9a5bf8f372191,deepseek-v4-pro,deepseek-v4-pro,reasoning_elicitation,1,MiniMax-M2.7,pilot_density,late,frustrated,0
b5583ef9a5bf8f372191,deepseek-v4-pro,deepseek-v4-pro,learner_choice,0,MiniMax-M2.7,pilot_density,late,frustrated,0
b5583ef9a5bf8f372191,deepseek-v4-pro,deepseek-v4-pro,affect_acknowledgement,0,MiniMax-M2.7,pilot_density,late,frustrated,0
b5583ef9a5bf8f372191,deepseek-v4-pro,deepseek-v4-pro,epistemic_qualification,0,MiniMax-M2.7,pilot_density,late,frustrated,0
b5583ef9a5bf8f372191,deepseek-v4-pro,deepseek-v4-pro,information_request,0,MiniMax-M2.7,pilot_density,late,frustrated,0
b5583ef9a5bf8f372191,deepseek-v4-pro,deepseek-v4-pro,unsupported_ability_claim,0,MiniMax-M2.7,pilot_density,late,frustrated,0
f1d38ec1e3f757e3fa1d,glm-5.3,glm-5.3,answer_reveal,1,MiniMax-M2.7,pilot_fractions,early,calm,0
f1d38ec1e3f757e3fa1d,glm-5.3,glm-5.3,worked_explanation,1,MiniMax-M2.7,pilot_fractions,early,calm,0
f1d38ec1e3f757e3fa1d,glm-5.3,glm-5.3,reasoning_elicitation,1,MiniMax-M2.7,pilot_fractions,early,calm,0
f1d38ec1e3f757e3fa1d,glm-5.3,glm-5.3,learner_choice,0,MiniMax-M2.7,pilot_fractions,early,calm,0
f1d38ec1e3f757e3fa1d,glm-5.3,glm-5.3,affect_acknowledgement,1,MiniMax-M2.7,pilot_fractions,early,calm,0
f1d38ec1e3f757e3fa1d,glm-5.3,glm-5.3,epistemic_qualification,0,MiniMax-M2.7,pilot_fractions,early,calm,0
f1d38ec1e3f757e3fa1d,glm-5.3,glm-5.3,information_request,0,MiniMax-M2.7,pilot_fractions,early,calm,0
f1d38ec1e3f757e3fa1d,glm-5.3,glm-5.3,unsupported_ability_claim,0,MiniMax-M2.7,pilot_fractions,early,calm,0
8caea81ae1fa2587c425,deepseek-v4-pro,deepseek-v4-pro,answer_reveal,1,doubao-seed-2.0-lite,pilot_causal_claim,early,frustrated,1
8caea81ae1fa2587c425,deepseek-v4-pro,deepseek-v4-pro,worked_explanation,1,doubao-seed-2.0-lite,pilot_causal_claim,early,frustrated,1
8caea81ae1fa2587c425,deepseek-v4-pro,deepseek-v4-pro,reasoning_elicitation,0,doubao-seed-2.0-lite,pilot_causal_claim,early,frustrated,1
8caea81ae1fa2587c425,deepseek-v4-pro,deepseek-v4-pro,learner_choice,0,doubao-seed-2.0-lite,pilot_causal_claim,early,frustrated,1
8caea81ae1fa2587c425,deepseek-v4-pro,deepseek-v4-pro,affect_acknowledgement,1,doubao-seed-2.0-lite,pilot_causal_claim,early,frustrated,1
8caea81ae1fa2587c425,deepseek-v4-pro,deepseek-v4-pro,epistemic_qualification,1,doubao-seed-2.0-lite,pilot_causal_claim,early,frustrated,1
8caea81ae1fa2587c425,deepseek-v4-pro,deepseek-v4-pro,information_request,0,doubao-seed-2.0-lite,pilot_causal_claim,early,frustrated,1
8caea81ae1fa2587c425,deepseek-v4-pro,deepseek-v4-pro,unsupported_ability_claim,0,doubao-seed-2.0-lite,pilot_causal_claim,early,frustrated,1
fdf2146565e8f20d9b47,MiniMax-M3,MiniMax-M3,answer_reveal,1,MiniMax-M2.7,pilot_density,early,frustrated,1
fdf2146565e8f20d9b47,MiniMax-M3,MiniMax-M3,worked_explanation,1,MiniMax-M2.7,pilot_density,early,frustrated,1
fdf2146565e8f20d9b47,MiniMax-M3,MiniMax-M3,reasoning_elicitation,0,MiniMax-M2.7,pilot_density,early,frustrated,1
fdf2146565e8f20d9b47,MiniMax-M3,MiniMax-M3,learner_choice,0,MiniMax-M2.7,pilot_density,early,frustrated,1
fdf2146565e8f20d9b47,MiniMax-M3,MiniMax-M3,affect_acknowledgement,1,MiniMax-M2.7,pilot_density,early,frustrated,1
fdf2146565e8f20d9b47,MiniMax-M3,MiniMax-M3,epistemic_qualification,0,MiniMax-M2.7,pilot_density,early,frustrated,1
fdf2146565e8f20d9b47,MiniMax-M3,MiniMax-M3,information_request,0,MiniMax-M2.7,pilot_density,early,frustrated,1
fdf2146565e8f20d9b47,MiniMax-M3,MiniMax-M3,unsupported_ability_claim,0,MiniMax-M2.7,pilot_density,early,frustrated,1
70d75f5d94a606d3a043,deepseek-v4-pro,deepseek-v4-pro,answer_reveal,1,MiniMax-M3,pilot_causal_claim,early,calm,1
70d75f5d94a606d3a043,deepseek-v4-pro,deepseek-v4-pro,worked_explanation,1,MiniMax-M3,pilot_causal_claim,early,calm,1
70d75f5d94a606d3a043,deepseek-v4-pro,deepseek-v4-pro,reasoning_elicitation,1,MiniMax-M3,pilot_causal_claim,early,calm,1
70d75f5d94a606d3a043,deepseek-v4-pro,deepseek-v4-pro,learner_choice,0,MiniMax-M3,pilot_causal_claim,early,calm,1
70d75f5d94a606d3a043,deepseek-v4-pro,deepseek-v4-pro,affect_acknowledgement,0,MiniMax-M3,pilot_causal_claim,early,calm,1
70d75f5d94a606d3a043,deepseek-v4-pro,deepseek-v4-pro,epistemic_qualification,1,MiniMax-M3,pilot_causal_claim,early,calm,1
70d75f5d94a606d3a043,deepseek-v4-pro,deepseek-v4-pro,information_request,0,MiniMax-M3,pilot_causal_claim,early,calm,1
70d75f5d94a606d3a043,deepseek-v4-pro,deepseek-v4-pro,unsupported_ability_claim,0,MiniMax-M3,pilot_causal_claim,early,calm,1
0210c34e3a3b13838b44,deepseek-v4-pro,deepseek-v4-pro,answer_reveal,0,glm-5.2,pilot_fractions,early,calm,0
0210c34e3a3b13838b44,deepseek-v4-pro,deepseek-v4-pro,worked_explanation,1,glm-5.2,pilot_fractions,early,calm,0
0210c34e3a3b13838b44,deepseek-v4-pro,deepseek-v4-pro,reasoning_elicitation,1,glm-5.2,pilot_fractions,early,calm,0
0210c34e3a3b13838b44,deepseek-v4-pro,deepseek-v4-pro,learner_choice,0,glm-5.2,pilot_fractions,early,calm,0
0210c34e3a3b13838b44,deepseek-v4-pro,deepseek-v4-pro,affect_acknowledgement,1,glm-5.2,pilot_fractions,early,calm,0
0210c34e3a3b13838b44,deepseek-v4-pro,deepseek-v4-pro,epistemic_qualification,0,glm-5.2,pilot_fractions,early,calm,0
0210c34e3a3b13838b44,deepseek-v4-pro,deepseek-v4-pro,information_request,0,glm-5.2,pilot_fractions,early,calm,0
0210c34e3a3b13838b44,deepseek-v4-pro,deepseek-v4-pro,unsupported_ability_claim,0,glm-5.2,pilot_fractions,early,calm,0
68d5a2f8983eecf41179,glm-5.3,glm-5.3,answer_reveal,1,MiniMax-M2.7,pilot_causal_claim,early,frustrated,1
68d5a2f8983eecf41179,glm-5.3,glm-5.3,worked_explanation,1,MiniMax-M2.7,pilot_causal_claim,early,frustrated,1
68d5a2f8983eecf41179,glm-5.3,glm-5.3,reasoning_elicitation,1,MiniMax-M2.7,pilot_causal_claim,early,frustrated,1
68d5a2f8983eecf41179,glm-5.3,glm-5.3,learner_choice,0,MiniMax-M2.7,pilot_causal_claim,early,frustrated,1
68d5a2f8983eecf41179,glm-5.3,glm-5.3,affect_acknowledgement,1,MiniMax-M2.7,pilot_causal_claim,early,frustrated,1
68d5a2f8983eecf41179,glm-5.3,glm-5.3,epistemic_qualification,1,MiniMax-M2.7,pilot_causal_claim,early,frustrated,1
68d5a2f8983eecf41179,glm-5.3,glm-5.3,information_request,0,MiniMax-M2.7,pilot_causal_claim,early,frustrated,1
68d5a2f8983eecf41179,glm-5.3,glm-5.3,unsupported_ability_claim,0,MiniMax-M2.7,pilot_causal_claim,early,frustrated,1
90c41659e5bc46d31dc3,MiniMax-M3,MiniMax-M3,answer_reveal,0,glm-5.2,pilot_equation,early,calm,1
90c41659e5bc46d31dc3,MiniMax-M3,MiniMax-M3,worked_explanation,1,glm-5.2,pilot_equation,early,calm,1
90c41659e5bc46d31dc3,MiniMax-M3,MiniMax-M3,reasoning_elicitation,1,glm-5.2,pilot_equation,early,calm,1
90c41659e5bc46d31dc3,MiniMax-M3,MiniMax-M3,learner_choice,0,glm-5.2,pilot_equation,early,calm,1
90c41659e5bc46d31dc3,MiniMax-M3,MiniMax-M3,affect_acknowledgement,1,glm-5.2,pilot_equation,early,calm,1
90c41659e5bc46d31dc3,MiniMax-M3,MiniMax-M3,epistemic_qualification,0,glm-5.2,pilot_equation,early,calm,1
90c41659e5bc46d31dc3,MiniMax-M3,MiniMax-M3,information_request,0,glm-5.2,pilot_equation,early,calm,1
90c41659e5bc46d31dc3,MiniMax-M3,MiniMax-M3,unsupported_ability_claim,0,glm-5.2,pilot_equation,early,calm,1
6b967cdfbda0a7700cf3,MiniMax-M3,MiniMax-M3,answer_reveal,1,MiniMax-M2.7,pilot_fractions,late,calm,0
6b967cdfbda0a7700cf3,MiniMax-M3,MiniMax-M3,worked_explanation,1,MiniMax-M2.7,pilot_fractions,late,calm,0
6b967cdfbda0a7700cf3,MiniMax-M3,MiniMax-M3,reasoning_elicitation,0,MiniMax-M2.7,pilot_fractions,late,calm,0
6b967cdfbda0a7700cf3,MiniMax-M3,MiniMax-M3,learner_choice,0,MiniMax-M2.7,pilot_fractions,late,calm,0
6b967cdfbda0a7700cf3,MiniMax-M3,MiniMax-M3,affect_acknowledgement,0,MiniMax-M2.7,pilot_fractions,late,calm,0
6b967cdfbda0a7700cf3,MiniMax-M3,MiniMax-M3,epistemic_qualification,0,MiniMax-M2.7,pilot_fractions,late,calm,0
6b967cdfbda0a7700cf3,MiniMax-M3,MiniMax-M3,information_request,0,MiniMax-M2.7,pilot_fractions,late,calm,0
6b967cdfbda0a7700cf3,MiniMax-M3,MiniMax-M3,unsupported_ability_claim,0,MiniMax-M2.7,pilot_fractions,late,calm,0
ea22778e3216b98837b0,glm-5.3,glm-5.3,answer_reveal,1,deepseek-v4-pro,pilot_fractions,early,calm,1
ea22778e3216b98837b0,glm-5.3,glm-5.3,worked_explanation,1,deepseek-v4-pro,pilot_fractions,early,calm,1
ea22778e3216b98837b0,glm-5.3,glm-5.3,reasoning_elicitation,0,deepseek-v4-pro,pilot_fractions,early,calm,1
ea22778e3216b98837b0,glm-5.3,glm-5.3,learner_choice,0,deepseek-v4-pro,pilot_fractions,early,calm,1
ea22778e3216b98837b0,glm-5.3,glm-5.3,affect_acknowledgement,1,deepseek-v4-pro,pilot_fractions,early,calm,1
ea22778e3216b98837b0,glm-5.3,glm-5.3,epistemic_qualification,0,deepseek-v4-pro,pilot_fractions,early,calm,1
ea22778e3216b98837b0,glm-5.3,glm-5.3,information_request,0,deepseek-v4-pro,pilot_fractions,early,calm,1
ea22778e3216b98837b0,glm-5.3,glm-5.3,unsupported_ability_claim,0,deepseek-v4-pro,pilot_fractions,early,calm,1
a13446d4d7c7f00843d7,deepseek-v4-pro,deepseek-v4-pro,answer_reveal,1,glm-5.2,pilot_causal_claim,late,frustrated,0
a13446d4d7c7f00843d7,deepseek-v4-pro,deepseek-v4-pro,worked_explanation,1,glm-5.2,pilot_causal_claim,late,frustrated,0
a13446d4d7c7f00843d7,deepseek-v4-pro,deepseek-v4-pro,reasoning_elicitation,1,glm-5.2,pilot_causal_claim,late,frustrated,0
a13446d4d7c7f00843d7,deepseek-v4-pro,deepseek-v4-pro,learner_choice,0,glm-5.2,pilot_causal_claim,late,frustrated,0
a13446d4d7c7f00843d7,deepseek-v4-pro,deepseek-v4-pro,affect_acknowledgement,1,glm-5.2,pilot_causal_claim,late,frustrated,0
a13446d4d7c7f00843d7,deepseek-v4-pro,deepseek-v4-pro,epistemic_qualification,1,glm-5.2,pilot_causal_claim,late,frustrated,0
a13446d4d7c7f00843d7,deepseek-v4-pro,deepseek-v4-pro,information_request,0,glm-5.2,pilot_causal_claim,late,frustrated,0
a13446d4d7c7f00843d7,deepseek-v4-pro,deepseek-v4-pro,unsupported_ability_claim,0,glm-5.2,pilot_causal_claim,late,frustrated,0
2b24c41786a09c5cea47,deepseek-v4-pro,deepseek-v4-pro,answer_reveal,1,deepseek-v4-pro,pilot_fractions,early,frustrated,0
2b24c41786a09c5cea47,deepseek-v4-pro,deepseek-v4-pro,worked_explanation,1,deepseek-v4-pro,pilot_fractions,early,frustrated,0
2b24c41786a09c5cea47,deepseek-v4-pro,deepseek-v4-pro,reasoning_elicitation,0,deepseek-v4-pro,pilot_fractions,early,frustrated,0
2b24c41786a09c5cea47,deepseek-v4-pro,deepseek-v4-pro,learner_choice,0,deepseek-v4-pro,pilot_fractions,early,frustrated,0
2b24c41786a09c5cea47,deepseek-v4-pro,deepseek-v4-pro,affect_acknowledgement,1,deepseek-v4-pro,pilot_fractions,early,frustrated,0
2b24c41786a09c5cea47,deepseek-v4-pro,deepseek-v4-pro,epistemic_qualification,0,deepseek-v4-pro,pilot_fractions,early,frustrated,0
2b24c41786a09c5cea47,deepseek-v4-pro,deepseek-v4-pro,information_request,0,deepseek-v4-pro,pilot_fractions,early,frustrated,0
2b24c41786a09c5cea47,deepseek-v4-pro,deepseek-v4-pro,unsupported_ability_claim,1,deepseek-v4-pro,pilot_fractions,early,frustrated,0
3b96bd4e791a39f2196e,deepseek-v4-pro,deepseek-v4-pro,answer_reveal,1,MiniMax-M3,pilot_fractions,early,frustrated,1
3b96bd4e791a39f2196e,deepseek-v4-pro,deepseek-v4-pro,worked_explanation,1,MiniMax-M3,pilot_fractions,early,frustrated,1
3b96bd4e791a39f2196e,deepseek-v4-pro,deepseek-v4-pro,reasoning_elicitation,1,MiniMax-M3,pilot_fractions,early,frustrated,1
3b96bd4e791a39f2196e,deepseek-v4-pro,deepseek-v4-pro,learner_choice,0,MiniMax-M3,pilot_fractions,early,frustrated,1
3b96bd4e791a39f2196e,deepseek-v4-pro,deepseek-v4-pro,affect_acknowledgement,1,MiniMax-M3,pilot_fractions,early,frustrated,1
3b96bd4e791a39f2196e,deepseek-v4-pro,deepseek-v4-pro,epistemic_qualification,0,MiniMax-M3,pilot_fractions,early,frustrated,1
3b96bd4e791a39f2196e,deepseek-v4-pro,deepseek-v4-pro,information_request,0,MiniMax-M3,pilot_fractions,early,frustrated,1
3b96bd4e791a39f2196e,deepseek-v4-pro,deepseek-v4-pro,unsupported_ability_claim,1,MiniMax-M3,pilot_fractions,early,frustrated,1
a3b22895078aeeb9c481,MiniMax-M3,MiniMax-M3,answer_reveal,1,MiniMax-M2.7,pilot_density,early,calm,1
a3b22895078aeeb9c481,MiniMax-M3,MiniMax-M3,worked_explanation,1,MiniMax-M2.7,pilot_density,early,calm,1
a3b22895078aeeb9c481,MiniMax-M3,MiniMax-M3,reasoning_elicitation,0,MiniMax-M2.7,pilot_density,early,calm,1
a3b22895078aeeb9c481,MiniMax-M3,MiniMax-M3,learner_choice,0,MiniMax-M2.7,pilot_density,early,calm,1
a3b22895078aeeb9c481,MiniMax-M3,MiniMax-M3,affect_acknowledgement,0,MiniMax-M2.7,pilot_density,early,calm,1
a3b22895078aeeb9c481,MiniMax-M3,MiniMax-M3,epistemic_qualification,0,MiniMax-M2.7,pilot_density,early,calm,1
a3b22895078aeeb9c481,MiniMax-M3,MiniMax-M3,information_request,0,MiniMax-M2.7,pilot_density,early,calm,1
a3b22895078aeeb9c481,MiniMax-M3,MiniMax-M3,unsupported_ability_claim,0,MiniMax-M2.7,pilot_density,early,calm,1
c57b60de3a7ce4f2caaf,deepseek-v4-pro,deepseek-v4-pro,answer_reveal,1,MiniMax-M2.7,pilot_causal_claim,early,calm,0
c57b60de3a7ce4f2caaf,deepseek-v4-pro,deepseek-v4-pro,worked_explanation,1,MiniMax-M2.7,pilot_causal_claim,early,calm,0
c57b60de3a7ce4f2caaf,deepseek-v4-pro,deepseek-v4-pro,reasoning_elicitation,0,MiniMax-M2.7,pilot_causal_claim,early,calm,0
c57b60de3a7ce4f2caaf,deepseek-v4-pro,deepseek-v4-pro,learner_choice,1,MiniMax-M2.7,pilot_causal_claim,early,calm,0
c57b60de3a7ce4f2caaf,deepseek-v4-pro,deepseek-v4-pro,affect_acknowledgement,0,MiniMax-M2.7,pilot_causal_claim,early,calm,0
c57b60de3a7ce4f2caaf,deepseek-v4-pro,deepseek-v4-pro,epistemic_qualification,1,MiniMax-M2.7,pilot_causal_claim,early,calm,0
c57b60de3a7ce4f2caaf,deepseek-v4-pro,deepseek-v4-pro,information_request,0,MiniMax-M2.7,pilot_causal_claim,early,calm,0
c57b60de3a7ce4f2caaf,deepseek-v4-pro,deepseek-v4-pro,unsupported_ability_claim,0,MiniMax-M2.7,pilot_causal_claim,early,calm,0
670b9bfae749d15ddf4a,MiniMax-M3,MiniMax-M3,answer_reveal,0,glm-5.2,pilot_fractions,late,frustrated,0
670b9bfae749d15ddf4a,MiniMax-M3,MiniMax-M3,worked_explanation,1,glm-5.2,pilot_fractions,late,frustrated,0
670b9bfae749d15ddf4a,MiniMax-M3,MiniMax-M3,reasoning_elicitation,1,glm-5.2,pilot_fractions,late,frustrated,0
670b9bfae749d15ddf4a,MiniMax-M3,MiniMax-M3,learner_choice,0,glm-5.2,pilot_fractions,late,frustrated,0
670b9bfae749d15ddf4a,MiniMax-M3,MiniMax-M3,affect_acknowledgement,0,glm-5.2,pilot_fractions,late,frustrated,0
670b9bfae749d15ddf4a,MiniMax-M3,MiniMax-M3,epistemic_qualification,0,glm-5.2,pilot_fractions,late,frustrated,0
670b9bfae749d15ddf4a,MiniMax-M3,MiniMax-M3,information_request,0,glm-5.2,pilot_fractions,late,frustrated,0
670b9bfae749d15ddf4a,MiniMax-M3,MiniMax-M3,unsupported_ability_claim,0,glm-5.2,pilot_fractions,late,frustrated,0
d88fae672ad14bd46cbc,glm-5.3,glm-5.3,answer_reveal,1,MiniMax-M3,pilot_density,early,calm,1
d88fae672ad14bd46cbc,glm-5.3,glm-5.3,worked_explanation,1,MiniMax-M3,pilot_density,early,calm,1
d88fae672ad14bd46cbc,glm-5.3,glm-5.3,reasoning_elicitation,0,MiniMax-M3,pilot_density,early,calm,1
d88fae672ad14bd46cbc,glm-5.3,glm-5.3,learner_choice,0,MiniMax-M3,pilot_density,early,calm,1
d88fae672ad14bd46cbc,glm-5.3,glm-5.3,affect_acknowledgement,1,MiniMax-M3,pilot_density,early,calm,1
d88fae672ad14bd46cbc,glm-5.3,glm-5.3,epistemic_qualification,0,MiniMax-M3,pilot_density,early,calm,1
d88fae672ad14bd46cbc,glm-5.3,glm-5.3,information_request,0,MiniMax-M3,pilot_density,early,calm,1
d88fae672ad14bd46cbc,glm-5.3,glm-5.3,unsupported_ability_claim,0,MiniMax-M3,pilot_density,early,calm,1
886f4bcfddee77744a83,deepseek-v4-pro,deepseek-v4-pro,answer_reveal,1,MiniMax-M3,pilot_causal_claim,late,frustrated,0
886f4bcfddee77744a83,deepseek-v4-pro,deepseek-v4-pro,worked_explanation,1,MiniMax-M3,pilot_causal_claim,late,frustrated,0
886f4bcfddee77744a83,deepseek-v4-pro,deepseek-v4-pro,reasoning_elicitation,1,MiniMax-M3,pilot_causal_claim,late,frustrated,0
886f4bcfddee77744a83,deepseek-v4-pro,deepseek-v4-pro,learner_choice,1,MiniMax-M3,pilot_causal_claim,late,frustrated,0
886f4bcfddee77744a83,deepseek-v4-pro,deepseek-v4-pro,affect_acknowledgement,1,MiniMax-M3,pilot_causal_claim,late,frustrated,0
886f4bcfddee77744a83,deepseek-v4-pro,deepseek-v4-pro,epistemic_qualification,1,MiniMax-M3,pilot_causal_claim,late,frustrated,0
886f4bcfddee77744a83,deepseek-v4-pro,deepseek-v4-pro,information_request,0,MiniMax-M3,pilot_causal_claim,late,frustrated,0
886f4bcfddee77744a83,deepseek-v4-pro,deepseek-v4-pro,unsupported_ability_claim,1,MiniMax-M3,pilot_causal_claim,late,frustrated,0
e3080d3143d16ba96b8d,glm-5.3,glm-5.3,answer_reveal,1,deepseek-v4-pro,pilot_fractions,early,frustrated,1
e3080d3143d16ba96b8d,glm-5.3,glm-5.3,worked_explanation,1,deepseek-v4-pro,pilot_fractions,early,frustrated,1
e3080d3143d16ba96b8d,glm-5.3,glm-5.3,reasoning_elicitation,1,deepseek-v4-pro,pilot_fractions,early,frustrated,1
e3080d3143d16ba96b8d,glm-5.3,glm-5.3,learner_choice,0,deepseek-v4-pro,pilot_fractions,early,frustrated,1
e3080d3143d16ba96b8d,glm-5.3,glm-5.3,affect_acknowledgement,1,deepseek-v4-pro,pilot_fractions,early,frustrated,1
e3080d3143d16ba96b8d,glm-5.3,glm-5.3,epistemic_qualification,0,deepseek-v4-pro,pilot_fractions,early,frustrated,1
e3080d3143d16ba96b8d,glm-5.3,glm-5.3,information_request,0,deepseek-v4-pro,pilot_fractions,early,frustrated,1
e3080d3143d16ba96b8d,glm-5.3,glm-5.3,unsupported_ability_claim,0,deepseek-v4-pro,pilot_fractions,early,frustrated,1
33557f69dc0498a4f855,MiniMax-M3,MiniMax-M3,answer_reveal,0,glm-5.2,pilot_density,late,calm,0
33557f69dc0498a4f855,MiniMax-M3,MiniMax-M3,worked_explanation,0,glm-5.2,pilot_density,late,calm,0
33557f69dc0498a4f855,MiniMax-M3,MiniMax-M3,reasoning_elicitation,1,glm-5.2,pilot_density,late,calm,0
33557f69dc0498a4f855,MiniMax-M3,MiniMax-M3,learner_choice,1,glm-5.2,pilot_density,late,calm,0
33557f69dc0498a4f855,MiniMax-M3,MiniMax-M3,affect_acknowledgement,0,glm-5.2,pilot_density,late,calm,0
33557f69dc0498a4f855,MiniMax-M3,MiniMax-M3,epistemic_qualification,0,glm-5.2,pilot_density,late,calm,0
33557f69dc0498a4f855,MiniMax-M3,MiniMax-M3,information_request,0,glm-5.2,pilot_density,late,calm,0
33557f69dc0498a4f855,MiniMax-M3,MiniMax-M3,unsupported_ability_claim,0,glm-5.2,pilot_density,late,calm,0
0af631542fc1eae3c4a6,deepseek-v4-pro,deepseek-v4-pro,answer_reveal,1,MiniMax-M2.7,pilot_density,late,calm,1
0af631542fc1eae3c4a6,deepseek-v4-pro,deepseek-v4-pro,worked_explanation,1,MiniMax-M2.7,pilot_density,late,calm,1
0af631542fc1eae3c4a6,deepseek-v4-pro,deepseek-v4-pro,reasoning_elicitation,0,MiniMax-M2.7,pilot_density,late,calm,1
0af631542fc1eae3c4a6,deepseek-v4-pro,deepseek-v4-pro,learner_choice,0,MiniMax-M2.7,pilot_density,late,calm,1
0af631542fc1eae3c4a6,deepseek-v4-pro,deepseek-v4-pro,affect_acknowledgement,0,MiniMax-M2.7,pilot_density,late,calm,1
0af631542fc1eae3c4a6,deepseek-v4-pro,deepseek-v4-pro,epistemic_qualification,1,MiniMax-M2.7,pilot_density,late,calm,1
0af631542fc1eae3c4a6,deepseek-v4-pro,deepseek-v4-pro,information_request,0,MiniMax-M2.7,pilot_density,late,calm,1
0af631542fc1eae3c4a6,deepseek-v4-pro,deepseek-v4-pro,unsupported_ability_claim,0,MiniMax-M2.7,pilot_density,late,calm,1
388d9717c4eeba768a71,deepseek-v4-pro,deepseek-v4-pro,answer_reveal,1,MiniMax-M2.7,pilot_fractions,late,calm,1
388d9717c4eeba768a71,deepseek-v4-pro,deepseek-v4-pro,worked_explanation,1,MiniMax-M2.7,pilot_fractions,late,calm,1
388d9717c4eeba768a71,deepseek-v4-pro,deepseek-v4-pro,reasoning_elicitation,0,MiniMax-M2.7,pilot_fractions,late,calm,1
388d9717c4eeba768a71,deepseek-v4-pro,deepseek-v4-pro,learner_choice,0,MiniMax-M2.7,pilot_fractions,late,calm,1
388d9717c4eeba768a71,deepseek-v4-pro,deepseek-v4-pro,affect_acknowledgement,0,MiniMax-M2.7,pilot_fractions,late,calm,1
388d9717c4eeba768a71,deepseek-v4-pro,deepseek-v4-pro,epistemic_qualification,0,MiniMax-M2.7,pilot_fractions,late,calm,1
388d9717c4eeba768a71,deepseek-v4-pro,deepseek-v4-pro,information_request,0,MiniMax-M2.7,pilot_fractions,late,calm,1
388d9717c4eeba768a71,deepseek-v4-pro,deepseek-v4-pro,unsupported_ability_claim,0,MiniMax-M2.7,pilot_fractions,late,calm,1
f5b40a54ac559bee52c2,MiniMax-M3,MiniMax-M3,answer_reveal,1,doubao-seed-2.0-lite,pilot_density,early,frustrated,0
f5b40a54ac559bee52c2,MiniMax-M3,MiniMax-M3,worked_explanation,1,doubao-seed-2.0-lite,pilot_density,early,frustrated,0
f5b40a54ac559bee52c2,MiniMax-M3,MiniMax-M3,reasoning_elicitation,0,doubao-seed-2.0-lite,pilot_density,early,frustrated,0
f5b40a54ac559bee52c2,MiniMax-M3,MiniMax-M3,learner_choice,0,doubao-seed-2.0-lite,pilot_density,early,frustrated,0
f5b40a54ac559bee52c2,MiniMax-M3,MiniMax-M3,affect_acknowledgement,1,doubao-seed-2.0-lite,pilot_density,early,frustrated,0
f5b40a54ac559bee52c2,MiniMax-M3,MiniMax-M3,epistemic_qualification,0,doubao-seed-2.0-lite,pilot_density,early,frustrated,0
f5b40a54ac559bee52c2,MiniMax-M3,MiniMax-M3,information_request,0,doubao-seed-2.0-lite,pilot_density,early,frustrated,0
f5b40a54ac559bee52c2,MiniMax-M3,MiniMax-M3,unsupported_ability_claim,0,doubao-seed-2.0-lite,pilot_density,early,frustrated,0
14a80826ddbcaa2e74fa,MiniMax-M3,MiniMax-M3,answer_reveal,1,doubao-seed-2.0-lite,pilot_fractions,late,calm,0
14a80826ddbcaa2e74fa,MiniMax-M3,MiniMax-M3,worked_explanation,1,doubao-seed-2.0-lite,pilot_fractions,late,calm,0
14a80826ddbcaa2e74fa,MiniMax-M3,MiniMax-M3,reasoning_elicitation,0,doubao-seed-2.0-lite,pilot_fractions,late,calm,0
14a80826ddbcaa2e74fa,MiniMax-M3,MiniMax-M3,learner_choice,0,doubao-seed-2.0-lite,pilot_fractions,late,calm,0
14a80826ddbcaa2e74fa,MiniMax-M3,MiniMax-M3,affect_acknowledgement,0,doubao-seed-2.0-lite,pilot_fractions,late,calm,0
14a80826ddbcaa2e74fa,MiniMax-M3,MiniMax-M3,epistemic_qualification,0,doubao-seed-2.0-lite,pilot_fractions,late,calm,0
14a80826ddbcaa2e74fa,MiniMax-M3,MiniMax-M3,information_request,0,doubao-seed-2.0-lite,pilot_fractions,late,calm,0
14a80826ddbcaa2e74fa,MiniMax-M3,MiniMax-M3,unsupported_ability_claim,0,doubao-seed-2.0-lite,pilot_fractions,late,calm,0
3c650b339867eebbd7ff,deepseek-v4-pro,deepseek-v4-pro,answer_reveal,1,doubao-seed-2.0-lite,pilot_density,late,calm,0
3c650b339867eebbd7ff,deepseek-v4-pro,deepseek-v4-pro,worked_explanation,1,doubao-seed-2.0-lite,pilot_density,late,calm,0
3c650b339867eebbd7ff,deepseek-v4-pro,deepseek-v4-pro,reasoning_elicitation,0,doubao-seed-2.0-lite,pilot_density,late,calm,0
3c650b339867eebbd7ff,deepseek-v4-pro,deepseek-v4-pro,learner_choice,0,doubao-seed-2.0-lite,pilot_density,late,calm,0
3c650b339867eebbd7ff,deepseek-v4-pro,deepseek-v4-pro,affect_acknowledgement,0,doubao-seed-2.0-lite,pilot_density,late,calm,0
3c650b339867eebbd7ff,deepseek-v4-pro,deepseek-v4-pro,epistemic_qualification,0,doubao-seed-2.0-lite,pilot_density,late,calm,0
3c650b339867eebbd7ff,deepseek-v4-pro,deepseek-v4-pro,information_request,0,doubao-seed-2.0-lite,pilot_density,late,calm,0
3c650b339867eebbd7ff,deepseek-v4-pro,deepseek-v4-pro,unsupported_ability_claim,0,doubao-seed-2.0-lite,pilot_density,late,calm,0
eac9abfefb74f69676bd,MiniMax-M3,MiniMax-M3,answer_reveal,1,MiniMax-M2.7,pilot_causal_claim,late,frustrated,0
eac9abfefb74f69676bd,MiniMax-M3,MiniMax-M3,worked_explanation,1,MiniMax-M2.7,pilot_causal_claim,late,frustrated,0
eac9abfefb74f69676bd,MiniMax-M3,MiniMax-M3,reasoning_elicitation,0,MiniMax-M2.7,pilot_causal_claim,late,frustrated,0
eac9abfefb74f69676bd,MiniMax-M3,MiniMax-M3,learner_choice,1,MiniMax-M2.7,pilot_causal_claim,late,frustrated,0
eac9abfefb74f69676bd,MiniMax-M3,MiniMax-M3,affect_acknowledgement,0,MiniMax-M2.7,pilot_causal_claim,late,frustrated,0
eac9abfefb74f69676bd,MiniMax-M3,MiniMax-M3,epistemic_qualification,1,MiniMax-M2.7,pilot_causal_claim,late,frustrated,0
eac9abfefb74f69676bd,MiniMax-M3,MiniMax-M3,information_request,0,MiniMax-M2.7,pilot_causal_claim,late,frustrated,0
eac9abfefb74f69676bd,MiniMax-M3,MiniMax-M3,unsupported_ability_claim,1,MiniMax-M2.7,pilot_causal_claim,late,frustrated,0
6f57b456cbe8dac3d2be,deepseek-v4-pro,deepseek-v4-pro,answer_reveal,1,doubao-seed-2.0-lite,pilot_equation,early,frustrated,1
6f57b456cbe8dac3d2be,deepseek-v4-pro,deepseek-v4-pro,worked_explanation,1,doubao-seed-2.0-lite,pilot_equation,early,frustrated,1
6f57b456cbe8dac3d2be,deepseek-v4-pro,deepseek-v4-pro,reasoning_elicitation,0,doubao-seed-2.0-lite,pilot_equation,early,frustrated,1
6f57b456cbe8dac3d2be,deepseek-v4-pro,deepseek-v4-pro,learner_choice,0,doubao-seed-2.0-lite,pilot_equation,early,frustrated,1
6f57b456cbe8dac3d2be,deepseek-v4-pro,deepseek-v4-pro,affect_acknowledgement,1,doubao-seed-2.0-lite,pilot_equation,early,frustrated,1
6f57b456cbe8dac3d2be,deepseek-v4-pro,deepseek-v4-pro,epistemic_qualification,0,doubao-seed-2.0-lite,pilot_equation,early,frustrated,1
6f57b456cbe8dac3d2be,deepseek-v4-pro,deepseek-v4-pro,information_request,0,doubao-seed-2.0-lite,pilot_equation,early,frustrated,1
6f57b456cbe8dac3d2be,deepseek-v4-pro,deepseek-v4-pro,unsupported_ability_claim,0,doubao-seed-2.0-lite,pilot_equation,early,frustrated,1
aada043522087ca17462,deepseek-v4-pro,deepseek-v4-pro,answer_reveal,1,doubao-seed-2.0-lite,pilot_causal_claim,late,frustrated,1
aada043522087ca17462,deepseek-v4-pro,deepseek-v4-pro,worked_explanation,1,doubao-seed-2.0-lite,pilot_causal_claim,late,frustrated,1
aada043522087ca17462,deepseek-v4-pro,deepseek-v4-pro,reasoning_elicitation,0,doubao-seed-2.0-lite,pilot_causal_claim,late,frustrated,1
aada043522087ca17462,deepseek-v4-pro,deepseek-v4-pro,learner_choice,0,doubao-seed-2.0-lite,pilot_causal_claim,late,frustrated,1
aada043522087ca17462,deepseek-v4-pro,deepseek-v4-pro,affect_acknowledgement,1,doubao-seed-2.0-lite,pilot_causal_claim,late,frustrated,1
aada043522087ca17462,deepseek-v4-pro,deepseek-v4-pro,epistemic_qualification,1,doubao-seed-2.0-lite,pilot_causal_claim,late,frustrated,1
aada043522087ca17462,deepseek-v4-pro,deepseek-v4-pro,information_request,0,doubao-seed-2.0-lite,pilot_causal_claim,late,frustrated,1
aada043522087ca17462,deepseek-v4-pro,deepseek-v4-pro,unsupported_ability_claim,0,doubao-seed-2.0-lite,pilot_causal_claim,late,frustrated,1
d88fae672ad14bd46cbc,MiniMax-M3,MiniMax-M3,answer_reveal,1,MiniMax-M3,pilot_density,early,calm,1
d88fae672ad14bd46cbc,MiniMax-M3,MiniMax-M3,worked_explanation,1,MiniMax-M3,pilot_density,early,calm,1
d88fae672ad14bd46cbc,MiniMax-M3,MiniMax-M3,reasoning_elicitation,0,MiniMax-M3,pilot_density,early,calm,1
d88fae672ad14bd46cbc,MiniMax-M3,MiniMax-M3,learner_choice,0,MiniMax-M3,pilot_density,early,calm,1
d88fae672ad14bd46cbc,MiniMax-M3,MiniMax-M3,affect_acknowledgement,1,MiniMax-M3,pilot_density,early,calm,1
d88fae672ad14bd46cbc,MiniMax-M3,MiniMax-M3,epistemic_qualification,0,MiniMax-M3,pilot_density,early,calm,1
d88fae672ad14bd46cbc,MiniMax-M3,MiniMax-M3,information_request,0,MiniMax-M3,pilot_density,early,calm,1
d88fae672ad14bd46cbc,MiniMax-M3,MiniMax-M3,unsupported_ability_claim,0,MiniMax-M3,pilot_density,early,calm,1
ceb76023e02779aaaebb,MiniMax-M3,MiniMax-M3,answer_reveal,1,MiniMax-M3,pilot_density,late,frustrated,0
ceb76023e02779aaaebb,MiniMax-M3,MiniMax-M3,worked_explanation,1,MiniMax-M3,pilot_density,late,frustrated,0
ceb76023e02779aaaebb,MiniMax-M3,MiniMax-M3,reasoning_elicitation,0,MiniMax-M3,pilot_density,late,frustrated,0
ceb76023e02779aaaebb,MiniMax-M3,MiniMax-M3,learner_choice,0,MiniMax-M3,pilot_density,late,frustrated,0
ceb76023e02779aaaebb,MiniMax-M3,MiniMax-M3,affect_acknowledgement,1,MiniMax-M3,pilot_density,late,frustrated,0
ceb76023e02779aaaebb,MiniMax-M3,MiniMax-M3,epistemic_qualification,0,MiniMax-M3,pilot_density,late,frustrated,0
ceb76023e02779aaaebb,MiniMax-M3,MiniMax-M3,information_request,0,MiniMax-M3,pilot_density,late,frustrated,0
ceb76023e02779aaaebb,MiniMax-M3,MiniMax-M3,unsupported_ability_claim,0,MiniMax-M3,pilot_density,late,frustrated,0
2becb439e217006ec8b2,glm-5.3,glm-5.3,answer_reveal,0,glm-5.2,pilot_causal_claim,late,calm,1
2becb439e217006ec8b2,glm-5.3,glm-5.3,worked_explanation,1,glm-5.2,pilot_causal_claim,late,calm,1
2becb439e217006ec8b2,glm-5.3,glm-5.3,reasoning_elicitation,1,glm-5.2,pilot_causal_claim,late,calm,1
2becb439e217006ec8b2,glm-5.3,glm-5.3,learner_choice,0,glm-5.2,pilot_causal_claim,late,calm,1
2becb439e217006ec8b2,glm-5.3,glm-5.3,affect_acknowledgement,0,glm-5.2,pilot_causal_claim,late,calm,1
2becb439e217006ec8b2,glm-5.3,glm-5.3,epistemic_qualification,1,glm-5.2,pilot_causal_claim,late,calm,1
2becb439e217006ec8b2,glm-5.3,glm-5.3,information_request,0,glm-5.2,pilot_causal_claim,late,calm,1
2becb439e217006ec8b2,glm-5.3,glm-5.3,unsupported_ability_claim,0,glm-5.2,pilot_causal_claim,late,calm,1
14a80826ddbcaa2e74fa,deepseek-v4-pro,deepseek-v4-pro,answer_reveal,1,doubao-seed-2.0-lite,pilot_fractions,late,calm,0
14a80826ddbcaa2e74fa,deepseek-v4-pro,deepseek-v4-pro,worked_explanation,1,doubao-seed-2.0-lite,pilot_fractions,late,calm,0
14a80826ddbcaa2e74fa,deepseek-v4-pro,deepseek-v4-pro,reasoning_elicitation,0,doubao-seed-2.0-lite,pilot_fractions,late,calm,0
14a80826ddbcaa2e74fa,deepseek-v4-pro,deepseek-v4-pro,learner_choice,0,doubao-seed-2.0-lite,pilot_fractions,late,calm,0
14a80826ddbcaa2e74fa,deepseek-v4-pro,deepseek-v4-pro,affect_acknowledgement,0,doubao-seed-2.0-lite,pilot_fractions,late,calm,0
14a80826ddbcaa2e74fa,deepseek-v4-pro,deepseek-v4-pro,epistemic_qualification,0,doubao-seed-2.0-lite,pilot_fractions,late,calm,0
14a80826ddbcaa2e74fa,deepseek-v4-pro,deepseek-v4-pro,information_request,0,doubao-seed-2.0-lite,pilot_fractions,late,calm,0
14a80826ddbcaa2e74fa,deepseek-v4-pro,deepseek-v4-pro,unsupported_ability_claim,0,doubao-seed-2.0-lite,pilot_fractions,late,calm,0
e9de51ca1069f2d4999d,glm-5.3,glm-5.3,answer_reveal,1,doubao-seed-2.0-lite,pilot_equation,late,frustrated,0
e9de51ca1069f2d4999d,glm-5.3,glm-5.3,worked_explanation,1,doubao-seed-2.0-lite,pilot_equation,late,frustrated,0
e9de51ca1069f2d4999d,glm-5.3,glm-5.3,reasoning_elicitation,0,doubao-seed-2.0-lite,pilot_equation,late,frustrated,0
e9de51ca1069f2d4999d,glm-5.3,glm-5.3,learner_choice,0,doubao-seed-2.0-lite,pilot_equation,late,frustrated,0
e9de51ca1069f2d4999d,glm-5.3,glm-5.3,affect_acknowledgement,1,doubao-seed-2.0-lite,pilot_equation,late,frustrated,0
e9de51ca1069f2d4999d,glm-5.3,glm-5.3,epistemic_qualification,0,doubao-seed-2.0-lite,pilot_equation,late,frustrated,0
e9de51ca1069f2d4999d,glm-5.3,glm-5.3,information_request,0,doubao-seed-2.0-lite,pilot_equation,late,frustrated,0
e9de51ca1069f2d4999d,glm-5.3,glm-5.3,unsupported_ability_claim,0,doubao-seed-2.0-lite,pilot_equation,late,frustrated,0
e40f8ff81d570ca2390a,deepseek-v4-pro,deepseek-v4-pro,answer_reveal,1,MiniMax-M3,pilot_fractions,early,frustrated,0
e40f8ff81d570ca2390a,deepseek-v4-pro,deepseek-v4-pro,worked_explanation,1,MiniMax-M3,pilot_fractions,early,frustrated,0
e40f8ff81d570ca2390a,deepseek-v4-pro,deepseek-v4-pro,reasoning_elicitation,0,MiniMax-M3,pilot_fractions,early,frustrated,0
e40f8ff81d570ca2390a,deepseek-v4-pro,deepseek-v4-pro,learner_choice,1,MiniMax-M3,pilot_fractions,early,frustrated,0
e40f8ff81d570ca2390a,deepseek-v4-pro,deepseek-v4-pro,affect_acknowledgement,1,MiniMax-M3,pilot_fractions,early,frustrated,0
e40f8ff81d570ca2390a,deepseek-v4-pro,deepseek-v4-pro,epistemic_qualification,0,MiniMax-M3,pilot_fractions,early,frustrated,0
e40f8ff81d570ca2390a,deepseek-v4-pro,deepseek-v4-pro,information_request,0,MiniMax-M3,pilot_fractions,early,frustrated,0
e40f8ff81d570ca2390a,deepseek-v4-pro,deepseek-v4-pro,unsupported_ability_claim,1,MiniMax-M3,pilot_fractions,early,frustrated,0
33b15e63590b5bce8a60,deepseek-v4-pro,deepseek-v4-pro,answer_reveal,1,deepseek-v4-pro,pilot_density,late,frustrated,0
33b15e63590b5bce8a60,deepseek-v4-pro,deepseek-v4-pro,worked_explanation,1,deepseek-v4-pro,pilot_density,late,frustrated,0
33b15e63590b5bce8a60,deepseek-v4-pro,deepseek-v4-pro,reasoning_elicitation,0,deepseek-v4-pro,pilot_density,late,frustrated,0
33b15e63590b5bce8a60,deepseek-v4-pro,deepseek-v4-pro,learner_choice,0,deepseek-v4-pro,pilot_density,late,frustrated,0
33b15e63590b5bce8a60,deepseek-v4-pro,deepseek-v4-pro,affect_acknowledgement,0,deepseek-v4-pro,pilot_density,late,frustrated,0
33b15e63590b5bce8a60,deepseek-v4-pro,deepseek-v4-pro,epistemic_qualification,0,deepseek-v4-pro,pilot_density,late,frustrated,0
33b15e63590b5bce8a60,deepseek-v4-pro,deepseek-v4-pro,information_request,0,deepseek-v4-pro,pilot_density,late,frustrated,0
33b15e63590b5bce8a60,deepseek-v4-pro,deepseek-v4-pro,unsupported_ability_claim,0,deepseek-v4-pro,pilot_density,late,frustrated,0
847834d66b1c19d75c4a,deepseek-v4-pro,deepseek-v4-pro,answer_reveal,1,deepseek-v4-pro,pilot_equation,early,frustrated,1
847834d66b1c19d75c4a,deepseek-v4-pro,deepseek-v4-pro,worked_explanation,1,deepseek-v4-pro,pilot_equation,early,frustrated,1
847834d66b1c19d75c4a,deepseek-v4-pro,deepseek-v4-pro,reasoning_elicitation,0,deepseek-v4-pro,pilot_equation,early,frustrated,1
847834d66b1c19d75c4a,deepseek-v4-pro,deepseek-v4-pro,learner_choice,0,deepseek-v4-pro,pilot_equation,early,frustrated,1
847834d66b1c19d75c4a,deepseek-v4-pro,deepseek-v4-pro,affect_acknowledgement,0,deepseek-v4-pro,pilot_equation,early,frustrated,1
847834d66b1c19d75c4a,deepseek-v4-pro,deepseek-v4-pro,epistemic_qualification,0,deepseek-v4-pro,pilot_equation,early,frustrated,1
847834d66b1c19d75c4a,deepseek-v4-pro,deepseek-v4-pro,information_request,0,deepseek-v4-pro,pilot_equation,early,frustrated,1
847834d66b1c19d75c4a,deepseek-v4-pro,deepseek-v4-pro,unsupported_ability_claim,0,deepseek-v4-pro,pilot_equation,early,frustrated,1
ef4d84d7f09f98e7ea02,glm-5.3,glm-5.3,answer_reveal,1,MiniMax-M2.7,pilot_density,early,frustrated,0
ef4d84d7f09f98e7ea02,glm-5.3,glm-5.3,worked_explanation,1,MiniMax-M2.7,pilot_density,early,frustrated,0
ef4d84d7f09f98e7ea02,glm-5.3,glm-5.3,reasoning_elicitation,0,MiniMax-M2.7,pilot_density,early,frustrated,0
ef4d84d7f09f98e7ea02,glm-5.3,glm-5.3,learner_choice,0,MiniMax-M2.7,pilot_density,early,frustrated,0
ef4d84d7f09f98e7ea02,glm-5.3,glm-5.3,affect_acknowledgement,0,MiniMax-M2.7,pilot_density,early,frustrated,0
ef4d84d7f09f98e7ea02,glm-5.3,glm-5.3,epistemic_qualification,0,MiniMax-M2.7,pilot_density,early,frustrated,0
ef4d84d7f09f98e7ea02,glm-5.3,glm-5.3,information_request,0,MiniMax-M2.7,pilot_density,early,frustrated,0
ef4d84d7f09f98e7ea02,glm-5.3,glm-5.3,unsupported_ability_claim,0,MiniMax-M2.7,pilot_density,early,frustrated,0
70d75f5d94a606d3a043,MiniMax-M3,MiniMax-M3,answer_reveal,0,MiniMax-M3,pilot_causal_claim,early,calm,1
70d75f5d94a606d3a043,MiniMax-M3,MiniMax-M3,worked_explanation,1,MiniMax-M3,pilot_causal_claim,early,calm,1
70d75f5d94a606d3a043,MiniMax-M3,MiniMax-M3,reasoning_elicitation,1,MiniMax-M3,pilot_causal_claim,early,calm,1
70d75f5d94a606d3a043,MiniMax-M3,MiniMax-M3,learner_choice,0,MiniMax-M3,pilot_causal_claim,early,calm,1
70d75f5d94a606d3a043,MiniMax-M3,MiniMax-M3,affect_acknowledgement,0,MiniMax-M3,pilot_causal_claim,early,calm,1
70d75f5d94a606d3a043,MiniMax-M3,MiniMax-M3,epistemic_qualification,1,MiniMax-M3,pilot_causal_claim,early,calm,1
70d75f5d94a606d3a043,MiniMax-M3,MiniMax-M3,information_request,0,MiniMax-M3,pilot_causal_claim,early,calm,1
70d75f5d94a606d3a043,MiniMax-M3,MiniMax-M3,unsupported_ability_claim,0,MiniMax-M3,pilot_causal_claim,early,calm,1
80e89e351d401ddac677,MiniMax-M3,MiniMax-M3,answer_reveal,1,deepseek-v4-pro,pilot_equation,early,calm,1
80e89e351d401ddac677,MiniMax-M3,MiniMax-M3,worked_explanation,1,deepseek-v4-pro,pilot_equation,early,calm,1
80e89e351d401ddac677,MiniMax-M3,MiniMax-M3,reasoning_elicitation,0,deepseek-v4-pro,pilot_equation,early,calm,1
80e89e351d401ddac677,MiniMax-M3,MiniMax-M3,learner_choice,0,deepseek-v4-pro,pilot_equation,early,calm,1
80e89e351d401ddac677,MiniMax-M3,MiniMax-M3,affect_acknowledgement,1,deepseek-v4-pro,pilot_equation,early,calm,1
80e89e351d401ddac677,MiniMax-M3,MiniMax-M3,epistemic_qualification,0,deepseek-v4-pro,pilot_equation,early,calm,1
80e89e351d401ddac677,MiniMax-M3,MiniMax-M3,information_request,0,deepseek-v4-pro,pilot_equation,early,calm,1
80e89e351d401ddac677,MiniMax-M3,MiniMax-M3,unsupported_ability_claim,0,deepseek-v4-pro,pilot_equation,early,calm,1
dcfe63aa0331e4775ff3,MiniMax-M3,MiniMax-M3,answer_reveal,0,MiniMax-M3,pilot_fractions,late,calm,0
dcfe63aa0331e4775ff3,MiniMax-M3,MiniMax-M3,worked_explanation,1,MiniMax-M3,pilot_fractions,late,calm,0
dcfe63aa0331e4775ff3,MiniMax-M3,MiniMax-M3,reasoning_elicitation,1,MiniMax-M3,pilot_fractions,late,calm,0
dcfe63aa0331e4775ff3,MiniMax-M3,MiniMax-M3,learner_choice,0,MiniMax-M3,pilot_fractions,late,calm,0
dcfe63aa0331e4775ff3,MiniMax-M3,MiniMax-M3,affect_acknowledgement,1,MiniMax-M3,pilot_fractions,late,calm,0
dcfe63aa0331e4775ff3,MiniMax-M3,MiniMax-M3,epistemic_qualification,0,MiniMax-M3,pilot_fractions,late,calm,0
dcfe63aa0331e4775ff3,MiniMax-M3,MiniMax-M3,information_request,0,MiniMax-M3,pilot_fractions,late,calm,0
dcfe63aa0331e4775ff3,MiniMax-M3,MiniMax-M3,unsupported_ability_claim,1,MiniMax-M3,pilot_fractions,late,calm,0
fb5c24ccf9b9f5345ac0,deepseek-v4-pro,deepseek-v4-pro,answer_reveal,1,MiniMax-M2.7,pilot_fractions,early,calm,1
fb5c24ccf9b9f5345ac0,deepseek-v4-pro,deepseek-v4-pro,worked_explanation,1,MiniMax-M2.7,pilot_fractions,early,calm,1
fb5c24ccf9b9f5345ac0,deepseek-v4-pro,deepseek-v4-pro,reasoning_elicitation,1,MiniMax-M2.7,pilot_fractions,early,calm,1
fb5c24ccf9b9f5345ac0,deepseek-v4-pro,deepseek-v4-pro,learner_choice,0,MiniMax-M2.7,pilot_fractions,early,calm,1
fb5c24ccf9b9f5345ac0,deepseek-v4-pro,deepseek-v4-pro,affect_acknowledgement,1,MiniMax-M2.7,pilot_fractions,early,calm,1
fb5c24ccf9b9f5345ac0,deepseek-v4-pro,deepseek-v4-pro,epistemic_qualification,0,MiniMax-M2.7,pilot_fractions,early,calm,1
fb5c24ccf9b9f5345ac0,deepseek-v4-pro,deepseek-v4-pro,information_request,0,MiniMax-M2.7,pilot_fractions,early,calm,1
fb5c24ccf9b9f5345ac0,deepseek-v4-pro,deepseek-v4-pro,unsupported_ability_claim,0,MiniMax-M2.7,pilot_fractions,early,calm,1
2253628d77aba30e6daf,deepseek-v4-pro,deepseek-v4-pro,answer_reveal,0,glm-5.2,pilot_equation,early,frustrated,0
2253628d77aba30e6daf,deepseek-v4-pro,deepseek-v4-pro,worked_explanation,1,glm-5.2,pilot_equation,early,frustrated,0
2253628d77aba30e6daf,deepseek-v4-pro,deepseek-v4-pro,reasoning_elicitation,1,glm-5.2,pilot_equation,early,frustrated,0
2253628d77aba30e6daf,deepseek-v4-pro,deepseek-v4-pro,learner_choice,0,glm-5.2,pilot_equation,early,frustrated,0
2253628d77aba30e6daf,deepseek-v4-pro,deepseek-v4-pro,affect_acknowledgement,1,glm-5.2,pilot_equation,early,frustrated,0
2253628d77aba30e6daf,deepseek-v4-pro,deepseek-v4-pro,epistemic_qualification,0,glm-5.2,pilot_equation,early,frustrated,0
2253628d77aba30e6daf,deepseek-v4-pro,deepseek-v4-pro,information_request,0,glm-5.2,pilot_equation,early,frustrated,0
2253628d77aba30e6daf,deepseek-v4-pro,deepseek-v4-pro,unsupported_ability_claim,0,glm-5.2,pilot_equation,early,frustrated,0
c9c385feb42fe3c24a0f,glm-5.3,glm-5.3,answer_reveal,1,deepseek-v4-pro,pilot_density,early,calm,0
c9c385feb42fe3c24a0f,glm-5.3,glm-5.3,worked_explanation,1,deepseek-v4-pro,pilot_density,early,calm,0
c9c385feb42fe3c24a0f,glm-5.3,glm-5.3,reasoning_elicitation,0,deepseek-v4-pro,pilot_density,early,calm,0
c9c385feb42fe3c24a0f,glm-5.3,glm-5.3,learner_choice,0,deepseek-v4-pro,pilot_density,early,calm,0
c9c385feb42fe3c24a0f,glm-5.3,glm-5.3,affect_acknowledgement,1,deepseek-v4-pro,pilot_density,early,calm,0
c9c385feb42fe3c24a0f,glm-5.3,glm-5.3,epistemic_qualification,0,deepseek-v4-pro,pilot_density,early,calm,0
c9c385feb42fe3c24a0f,glm-5.3,glm-5.3,information_request,0,deepseek-v4-pro,pilot_density,early,calm,0
c9c385feb42fe3c24a0f,glm-5.3,glm-5.3,unsupported_ability_claim,0,deepseek-v4-pro,pilot_density,early,calm,0
f8892b6ce9c17bfe4903,glm-5.3,glm-5.3,answer_reveal,0,glm-5.2,pilot_equation,early,calm,0
f8892b6ce9c17bfe4903,glm-5.3,glm-5.3,worked_explanation,1,glm-5.2,pilot_equation,early,calm,0
f8892b6ce9c17bfe4903,glm-5.3,glm-5.3,reasoning_elicitation,1,glm-5.2,pilot_equation,early,calm,0
f8892b6ce9c17bfe4903,glm-5.3,glm-5.3,learner_choice,0,glm-5.2,pilot_equation,early,calm,0
f8892b6ce9c17bfe4903,glm-5.3,glm-5.3,affect_acknowledgement,1,glm-5.2,pilot_equation,early,calm,0
f8892b6ce9c17bfe4903,glm-5.3,glm-5.3,epistemic_qualification,0,glm-5.2,pilot_equation,early,calm,0
f8892b6ce9c17bfe4903,glm-5.3,glm-5.3,information_request,0,glm-5.2,pilot_equation,early,calm,0
f8892b6ce9c17bfe4903,glm-5.3,glm-5.3,unsupported_ability_claim,0,glm-5.2,pilot_equation,early,calm,0
d26af07f7e17a0161529,MiniMax-M3,MiniMax-M3,answer_reveal,1,glm-5.2,pilot_causal_claim,early,frustrated,1
d26af07f7e17a0161529,MiniMax-M3,MiniMax-M3,worked_explanation,1,glm-5.2,pilot_causal_claim,early,frustrated,1
d26af07f7e17a0161529,MiniMax-M3,MiniMax-M3,reasoning_elicitation,1,glm-5.2,pilot_causal_claim,early,frustrated,1
d26af07f7e17a0161529,MiniMax-M3,MiniMax-M3,learner_choice,0,glm-5.2,pilot_causal_claim,early,frustrated,1
d26af07f7e17a0161529,MiniMax-M3,MiniMax-M3,affect_acknowledgement,1,glm-5.2,pilot_causal_claim,early,frustrated,1
d26af07f7e17a0161529,MiniMax-M3,MiniMax-M3,epistemic_qualification,0,glm-5.2,pilot_causal_claim,early,frustrated,1
d26af07f7e17a0161529,MiniMax-M3,MiniMax-M3,information_request,0,glm-5.2,pilot_causal_claim,early,frustrated,1
d26af07f7e17a0161529,MiniMax-M3,MiniMax-M3,unsupported_ability_claim,0,glm-5.2,pilot_causal_claim,early,frustrated,1
41abaf653d02c2d43587,MiniMax-M3,MiniMax-M3,answer_reveal,1,MiniMax-M2.7,pilot_causal_claim,late,calm,0
41abaf653d02c2d43587,MiniMax-M3,MiniMax-M3,worked_explanation,1,MiniMax-M2.7,pilot_causal_claim,late,calm,0
41abaf653d02c2d43587,MiniMax-M3,MiniMax-M3,reasoning_elicitation,0,MiniMax-M2.7,pilot_causal_claim,late,calm,0
41abaf653d02c2d43587,MiniMax-M3,MiniMax-M3,learner_choice,0,MiniMax-M2.7,pilot_causal_claim,late,calm,0
41abaf653d02c2d43587,MiniMax-M3,MiniMax-M3,affect_acknowledgement,0,MiniMax-M2.7,pilot_causal_claim,late,calm,0
41abaf653d02c2d43587,MiniMax-M3,MiniMax-M3,epistemic_qualification,1,MiniMax-M2.7,pilot_causal_claim,late,calm,0
41abaf653d02c2d43587,MiniMax-M3,MiniMax-M3,information_request,0,MiniMax-M2.7,pilot_causal_claim,late,calm,0
41abaf653d02c2d43587,MiniMax-M3,MiniMax-M3,unsupported_ability_claim,0,MiniMax-M2.7,pilot_causal_claim,late,calm,0
269bb34fe216b418592b,MiniMax-M3,MiniMax-M3,answer_reveal,1,doubao-seed-2.0-lite,pilot_equation,late,calm,0
269bb34fe216b418592b,MiniMax-M3,MiniMax-M3,worked_explanation,1,doubao-seed-2.0-lite,pilot_equation,late,calm,0
269bb34fe216b418592b,MiniMax-M3,MiniMax-M3,reasoning_elicitation,0,doubao-seed-2.0-lite,pilot_equation,late,calm,0
269bb34fe216b418592b,MiniMax-M3,MiniMax-M3,learner_choice,0,doubao-seed-2.0-lite,pilot_equation,late,calm,0
269bb34fe216b418592b,MiniMax-M3,MiniMax-M3,affect_acknowledgement,1,doubao-seed-2.0-lite,pilot_equation,late,calm,0
269bb34fe216b418592b,MiniMax-M3,MiniMax-M3,epistemic_qualification,0,doubao-seed-2.0-lite,pilot_equation,late,calm,0
269bb34fe216b418592b,MiniMax-M3,MiniMax-M3,information_request,0,doubao-seed-2.0-lite,pilot_equation,late,calm,0
269bb34fe216b418592b,MiniMax-M3,MiniMax-M3,unsupported_ability_claim,0,doubao-seed-2.0-lite,pilot_equation,late,calm,0
cb2fd096898a69c81e72,glm-5.3,glm-5.3,answer_reveal,1,MiniMax-M3,pilot_causal_claim,early,frustrated,1
cb2fd096898a69c81e72,glm-5.3,glm-5.3,worked_explanation,1,MiniMax-M3,pilot_causal_claim,early,frustrated,1
cb2fd096898a69c81e72,glm-5.3,glm-5.3,reasoning_elicitation,1,MiniMax-M3,pilot_causal_claim,early,frustrated,1
cb2fd096898a69c81e72,glm-5.3,glm-5.3,learner_choice,0,MiniMax-M3,pilot_causal_claim,early,frustrated,1
cb2fd096898a69c81e72,glm-5.3,glm-5.3,affect_acknowledgement,1,MiniMax-M3,pilot_causal_claim,early,frustrated,1
cb2fd096898a69c81e72,glm-5.3,glm-5.3,epistemic_qualification,1,MiniMax-M3,pilot_causal_claim,early,frustrated,1
cb2fd096898a69c81e72,glm-5.3,glm-5.3,information_request,0,MiniMax-M3,pilot_causal_claim,early,frustrated,1
cb2fd096898a69c81e72,glm-5.3,glm-5.3,unsupported_ability_claim,0,MiniMax-M3,pilot_causal_claim,early,frustrated,1
3a56c500a46c715f68ca,glm-5.3,glm-5.3,answer_reveal,1,MiniMax-M2.7,pilot_equation,early,frustrated,1
3a56c500a46c715f68ca,glm-5.3,glm-5.3,worked_explanation,1,MiniMax-M2.7,pilot_equation,early,frustrated,1
3a56c500a46c715f68ca,glm-5.3,glm-5.3,reasoning_elicitation,0,MiniMax-M2.7,pilot_equation,early,frustrated,1
3a56c500a46c715f68ca,glm-5.3,glm-5.3,learner_choice,0,MiniMax-M2.7,pilot_equation,early,frustrated,1
3a56c500a46c715f68ca,glm-5.3,glm-5.3,affect_acknowledgement,1,MiniMax-M2.7,pilot_equation,early,frustrated,1
3a56c500a46c715f68ca,glm-5.3,glm-5.3,epistemic_qualification,0,MiniMax-M2.7,pilot_equation,early,frustrated,1
3a56c500a46c715f68ca,glm-5.3,glm-5.3,information_request,0,MiniMax-M2.7,pilot_equation,early,frustrated,1
3a56c500a46c715f68ca,glm-5.3,glm-5.3,unsupported_ability_claim,0,MiniMax-M2.7,pilot_equation,early,frustrated,1
618498d99e053ae99fc5,glm-5.3,glm-5.3,answer_reveal,1,MiniMax-M3,pilot_density,late,frustrated,1
618498d99e053ae99fc5,glm-5.3,glm-5.3,worked_explanation,1,MiniMax-M3,pilot_density,late,frustrated,1
618498d99e053ae99fc5,glm-5.3,glm-5.3,reasoning_elicitation,0,MiniMax-M3,pilot_density,late,frustrated,1
618498d99e053ae99fc5,glm-5.3,glm-5.3,learner_choice,1,MiniMax-M3,pilot_density,late,frustrated,1
618498d99e053ae99fc5,glm-5.3,glm-5.3,affect_acknowledgement,1,MiniMax-M3,pilot_density,late,frustrated,1
618498d99e053ae99fc5,glm-5.3,glm-5.3,epistemic_qualification,0,MiniMax-M3,pilot_density,late,frustrated,1
618498d99e053ae99fc5,glm-5.3,glm-5.3,information_request,0,MiniMax-M3,pilot_density,late,frustrated,1
618498d99e053ae99fc5,glm-5.3,glm-5.3,unsupported_ability_claim,1,MiniMax-M3,pilot_density,late,frustrated,1
07b147af9ee3e40c35f4,deepseek-v4-pro,deepseek-v4-pro,answer_reveal,1,MiniMax-M2.7,pilot_causal_claim,early,frustrated,0
07b147af9ee3e40c35f4,deepseek-v4-pro,deepseek-v4-pro,worked_explanation,1,MiniMax-M2.7,pilot_causal_claim,early,frustrated,0
07b147af9ee3e40c35f4,deepseek-v4-pro,deepseek-v4-pro,reasoning_elicitation,1,MiniMax-M2.7,pilot_causal_claim,early,frustrated,0
07b147af9ee3e40c35f4,deepseek-v4-pro,deepseek-v4-pro,learner_choice,0,MiniMax-M2.7,pilot_causal_claim,early,frustrated,0
07b147af9ee3e40c35f4,deepseek-v4-pro,deepseek-v4-pro,affect_acknowledgement,1,MiniMax-M2.7,pilot_causal_claim,early,frustrated,0
07b147af9ee3e40c35f4,deepseek-v4-pro,deepseek-v4-pro,epistemic_qualification,1,MiniMax-M2.7,pilot_causal_claim,early,frustrated,0
07b147af9ee3e40c35f4,deepseek-v4-pro,deepseek-v4-pro,information_request,0,MiniMax-M2.7,pilot_causal_claim,early,frustrated,0
07b147af9ee3e40c35f4,deepseek-v4-pro,deepseek-v4-pro,unsupported_ability_claim,0,MiniMax-M2.7,pilot_causal_claim,early,frustrated,0
33557f69dc0498a4f855,glm-5.3,glm-5.3,answer_reveal,0,glm-5.2,pilot_density,late,calm,0
33557f69dc0498a4f855,glm-5.3,glm-5.3,worked_explanation,1,glm-5.2,pilot_density,late,calm,0
33557f69dc0498a4f855,glm-5.3,glm-5.3,reasoning_elicitation,1,glm-5.2,pilot_density,late,calm,0
33557f69dc0498a4f855,glm-5.3,glm-5.3,learner_choice,1,glm-5.2,pilot_density,late,calm,0
33557f69dc0498a4f855,glm-5.3,glm-5.3,affect_acknowledgement,0,glm-5.2,pilot_density,late,calm,0
33557f69dc0498a4f855,glm-5.3,glm-5.3,epistemic_qualification,0,glm-5.2,pilot_density,late,calm,0
33557f69dc0498a4f855,glm-5.3,glm-5.3,information_request,0,glm-5.2,pilot_density,late,calm,0
33557f69dc0498a4f855,glm-5.3,glm-5.3,unsupported_ability_claim,0,glm-5.2,pilot_density,late,calm,0
68d5a2f8983eecf41179,MiniMax-M3,MiniMax-M3,answer_reveal,1,MiniMax-M2.7,pilot_causal_claim,early,frustrated,1
68d5a2f8983eecf41179,MiniMax-M3,MiniMax-M3,worked_explanation,1,MiniMax-M2.7,pilot_causal_claim,early,frustrated,1
68d5a2f8983eecf41179,MiniMax-M3,MiniMax-M3,reasoning_elicitation,1,MiniMax-M2.7,pilot_causal_claim,early,frustrated,1
68d5a2f8983eecf41179,MiniMax-M3,MiniMax-M3,learner_choice,0,MiniMax-M2.7,pilot_causal_claim,early,frustrated,1
68d5a2f8983eecf41179,MiniMax-M3,MiniMax-M3,affect_acknowledgement,1,MiniMax-M2.7,pilot_causal_claim,early,frustrated,1
68d5a2f8983eecf41179,MiniMax-M3,MiniMax-M3,epistemic_qualification,0,MiniMax-M2.7,pilot_causal_claim,early,frustrated,1
68d5a2f8983eecf41179,MiniMax-M3,MiniMax-M3,information_request,0,MiniMax-M2.7,pilot_causal_claim,early,frustrated,1
68d5a2f8983eecf41179,MiniMax-M3,MiniMax-M3,unsupported_ability_claim,0,MiniMax-M2.7,pilot_causal_claim,early,frustrated,1
a9b3b1c563e0996bec30,deepseek-v4-pro,deepseek-v4-pro,answer_reveal,0,glm-5.2,pilot_density,late,frustrated,1
a9b3b1c563e0996bec30,deepseek-v4-pro,deepseek-v4-pro,worked_explanation,1,glm-5.2,pilot_density,late,frustrated,1
a9b3b1c563e0996bec30,deepseek-v4-pro,deepseek-v4-pro,reasoning_elicitation,1,glm-5.2,pilot_density,late,frustrated,1
a9b3b1c563e0996bec30,deepseek-v4-pro,deepseek-v4-pro,learner_choice,0,glm-5.2,pilot_density,late,frustrated,1
a9b3b1c563e0996bec30,deepseek-v4-pro,deepseek-v4-pro,affect_acknowledgement,1,glm-5.2,pilot_density,late,frustrated,1
a9b3b1c563e0996bec30,deepseek-v4-pro,deepseek-v4-pro,epistemic_qualification,0,glm-5.2,pilot_density,late,frustrated,1
a9b3b1c563e0996bec30,deepseek-v4-pro,deepseek-v4-pro,information_request,0,glm-5.2,pilot_density,late,frustrated,1
a9b3b1c563e0996bec30,deepseek-v4-pro,deepseek-v4-pro,unsupported_ability_claim,0,glm-5.2,pilot_density,late,frustrated,1
a3b22895078aeeb9c481,deepseek-v4-pro,deepseek-v4-pro,answer_reveal,1,MiniMax-M2.7,pilot_density,early,calm,1
a3b22895078aeeb9c481,deepseek-v4-pro,deepseek-v4-pro,worked_explanation,1,MiniMax-M2.7,pilot_density,early,calm,1
a3b22895078aeeb9c481,deepseek-v4-pro,deepseek-v4-pro,reasoning_elicitation,0,MiniMax-M2.7,pilot_density,early,calm,1
a3b22895078aeeb9c481,deepseek-v4-pro,deepseek-v4-pro,learner_choice,1,MiniMax-M2.7,pilot_density,early,calm,1
a3b22895078aeeb9c481,deepseek-v4-pro,deepseek-v4-pro,affect_acknowledgement,0,MiniMax-M2.7,pilot_density,early,calm,1
a3b22895078aeeb9c481,deepseek-v4-pro,deepseek-v4-pro,epistemic_qualification,0,MiniMax-M2.7,pilot_density,early,calm,1
a3b22895078aeeb9c481,deepseek-v4-pro,deepseek-v4-pro,information_request,0,MiniMax-M2.7,pilot_density,early,calm,1
a3b22895078aeeb9c481,deepseek-v4-pro,deepseek-v4-pro,unsupported_ability_claim,0,MiniMax-M2.7,pilot_density,early,calm,1
340ffcee3d9af24c5cb2,deepseek-v4-pro,deepseek-v4-pro,answer_reveal,1,doubao-seed-2.0-lite,pilot_causal_claim,early,calm,0
340ffcee3d9af24c5cb2,deepseek-v4-pro,deepseek-v4-pro,worked_explanation,1,doubao-seed-2.0-lite,pilot_causal_claim,early,calm,0
340ffcee3d9af24c5cb2,deepseek-v4-pro,deepseek-v4-pro,reasoning_elicitation,0,doubao-seed-2.0-lite,pilot_causal_claim,early,calm,0
340ffcee3d9af24c5cb2,deepseek-v4-pro,deepseek-v4-pro,learner_choice,0,doubao-seed-2.0-lite,pilot_causal_claim,early,calm,0
340ffcee3d9af24c5cb2,deepseek-v4-pro,deepseek-v4-pro,affect_acknowledgement,0,doubao-seed-2.0-lite,pilot_causal_claim,early,calm,0
340ffcee3d9af24c5cb2,deepseek-v4-pro,deepseek-v4-pro,epistemic_qualification,1,doubao-seed-2.0-lite,pilot_causal_claim,early,calm,0
340ffcee3d9af24c5cb2,deepseek-v4-pro,deepseek-v4-pro,information_request,0,doubao-seed-2.0-lite,pilot_causal_claim,early,calm,0
340ffcee3d9af24c5cb2,deepseek-v4-pro,deepseek-v4-pro,unsupported_ability_claim,0,doubao-seed-2.0-lite,pilot_causal_claim,early,calm,0
fc38c588ab5e0ec71131,deepseek-v4-pro,deepseek-v4-pro,answer_reveal,1,MiniMax-M3,pilot_equation,late,calm,1
fc38c588ab5e0ec71131,deepseek-v4-pro,deepseek-v4-pro,worked_explanation,1,MiniMax-M3,pilot_equation,late,calm,1
fc38c588ab5e0ec71131,deepseek-v4-pro,deepseek-v4-pro,reasoning_elicitation,0,MiniMax-M3,pilot_equation,late,calm,1
fc38c588ab5e0ec71131,deepseek-v4-pro,deepseek-v4-pro,learner_choice,0,MiniMax-M3,pilot_equation,late,calm,1
fc38c588ab5e0ec71131,deepseek-v4-pro,deepseek-v4-pro,affect_acknowledgement,1,MiniMax-M3,pilot_equation,late,calm,1
fc38c588ab5e0ec71131,deepseek-v4-pro,deepseek-v4-pro,epistemic_qualification,0,MiniMax-M3,pilot_equation,late,calm,1
fc38c588ab5e0ec71131,deepseek-v4-pro,deepseek-v4-pro,information_request,0,MiniMax-M3,pilot_equation,late,calm,1
fc38c588ab5e0ec71131,deepseek-v4-pro,deepseek-v4-pro,unsupported_ability_claim,0,MiniMax-M3,pilot_equation,late,calm,1
cbb96650f2c667a0099f,deepseek-v4-pro,deepseek-v4-pro,answer_reveal,0,glm-5.2,pilot_causal_claim,late,calm,0
cbb96650f2c667a0099f,deepseek-v4-pro,deepseek-v4-pro,worked_explanation,1,glm-5.2,pilot_causal_claim,late,calm,0
cbb96650f2c667a0099f,deepseek-v4-pro,deepseek-v4-pro,reasoning_elicitation,1,glm-5.2,pilot_causal_claim,late,calm,0
cbb96650f2c667a0099f,deepseek-v4-pro,deepseek-v4-pro,learner_choice,1,glm-5.2,pilot_causal_claim,late,calm,0
cbb96650f2c667a0099f,deepseek-v4-pro,deepseek-v4-pro,affect_acknowledgement,0,glm-5.2,pilot_causal_claim,late,calm,0
cbb96650f2c667a0099f,deepseek-v4-pro,deepseek-v4-pro,epistemic_qualification,1,glm-5.2,pilot_causal_claim,late,calm,0
cbb96650f2c667a0099f,deepseek-v4-pro,deepseek-v4-pro,information_request,0,glm-5.2,pilot_causal_claim,late,calm,0
cbb96650f2c667a0099f,deepseek-v4-pro,deepseek-v4-pro,unsupported_ability_claim,0,glm-5.2,pilot_causal_claim,late,calm,0
37a41187fe8703f43f63,MiniMax-M3,MiniMax-M3,answer_reveal,1,doubao-seed-2.0-lite,pilot_density,late,frustrated,0
37a41187fe8703f43f63,MiniMax-M3,MiniMax-M3,worked_explanation,1,doubao-seed-2.0-lite,pilot_density,late,frustrated,0
37a41187fe8703f43f63,MiniMax-M3,MiniMax-M3,reasoning_elicitation,0,doubao-seed-2.0-lite,pilot_density,late,frustrated,0
37a41187fe8703f43f63,MiniMax-M3,MiniMax-M3,learner_choice,0,doubao-seed-2.0-lite,pilot_density,late,frustrated,0
37a41187fe8703f43f63,MiniMax-M3,MiniMax-M3,affect_acknowledgement,1,doubao-seed-2.0-lite,pilot_density,late,frustrated,0
37a41187fe8703f43f63,MiniMax-M3,MiniMax-M3,epistemic_qualification,0,doubao-seed-2.0-lite,pilot_density,late,frustrated,0
37a41187fe8703f43f63,MiniMax-M3,MiniMax-M3,information_request,0,doubao-seed-2.0-lite,pilot_density,late,frustrated,0
37a41187fe8703f43f63,MiniMax-M3,MiniMax-M3,unsupported_ability_claim,0,doubao-seed-2.0-lite,pilot_density,late,frustrated,0
d88fae672ad14bd46cbc,deepseek-v4-pro,deepseek-v4-pro,answer_reveal,1,MiniMax-M3,pilot_density,early,calm,1
d88fae672ad14bd46cbc,deepseek-v4-pro,deepseek-v4-pro,worked_explanation,1,MiniMax-M3,pilot_density,early,calm,1
d88fae672ad14bd46cbc,deepseek-v4-pro,deepseek-v4-pro,reasoning_elicitation,0,MiniMax-M3,pilot_density,early,calm,1
d88fae672ad14bd46cbc,deepseek-v4-pro,deepseek-v4-pro,learner_choice,1,MiniMax-M3,pilot_density,early,calm,1
d88fae672ad14bd46cbc,deepseek-v4-pro,deepseek-v4-pro,affect_acknowledgement,1,MiniMax-M3,pilot_density,early,calm,1
d88fae672ad14bd46cbc,deepseek-v4-pro,deepseek-v4-pro,epistemic_qualification,0,MiniMax-M3,pilot_density,early,calm,1
d88fae672ad14bd46cbc,deepseek-v4-pro,deepseek-v4-pro,information_request,0,MiniMax-M3,pilot_density,early,calm,1
d88fae672ad14bd46cbc,deepseek-v4-pro,deepseek-v4-pro,unsupported_ability_claim,0,MiniMax-M3,pilot_density,early,calm,1
7639743dbdef3f531cd5,MiniMax-M3,MiniMax-M3,answer_reveal,1,deepseek-v4-pro,pilot_fractions,late,calm,0
7639743dbdef3f531cd5,MiniMax-M3,MiniMax-M3,worked_explanation,1,deepseek-v4-pro,pilot_fractions,late,calm,0
7639743dbdef3f531cd5,MiniMax-M3,MiniMax-M3,reasoning_elicitation,0,deepseek-v4-pro,pilot_fractions,late,calm,0
7639743dbdef3f531cd5,MiniMax-M3,MiniMax-M3,learner_choice,0,deepseek-v4-pro,pilot_fractions,late,calm,0
7639743dbdef3f531cd5,MiniMax-M3,MiniMax-M3,affect_acknowledgement,1,deepseek-v4-pro,pilot_fractions,late,calm,0
7639743dbdef3f531cd5,MiniMax-M3,MiniMax-M3,epistemic_qualification,0,deepseek-v4-pro,pilot_fractions,late,calm,0
7639743dbdef3f531cd5,MiniMax-M3,MiniMax-M3,information_request,0,deepseek-v4-pro,pilot_fractions,late,calm,0
7639743dbdef3f531cd5,MiniMax-M3,MiniMax-M3,unsupported_ability_claim,0,deepseek-v4-pro,pilot_fractions,late,calm,0
ef4d84d7f09f98e7ea02,deepseek-v4-pro,deepseek-v4-pro,answer_reveal,1,MiniMax-M2.7,pilot_density,early,frustrated,0
ef4d84d7f09f98e7ea02,deepseek-v4-pro,deepseek-v4-pro,worked_explanation,1,MiniMax-M2.7,pilot_density,early,frustrated,0
ef4d84d7f09f98e7ea02,deepseek-v4-pro,deepseek-v4-pro,reasoning_elicitation,0,MiniMax-M2.7,pilot_density,early,frustrated,0
ef4d84d7f09f98e7ea02,deepseek-v4-pro,deepseek-v4-pro,learner_choice,0,MiniMax-M2.7,pilot_density,early,frustrated,0
ef4d84d7f09f98e7ea02,deepseek-v4-pro,deepseek-v4-pro,affect_acknowledgement,0,MiniMax-M2.7,pilot_density,early,frustrated,0
ef4d84d7f09f98e7ea02,deepseek-v4-pro,deepseek-v4-pro,epistemic_qualification,0,MiniMax-M2.7,pilot_density,early,frustrated,0
ef4d84d7f09f98e7ea02,deepseek-v4-pro,deepseek-v4-pro,information_request,0,MiniMax-M2.7,pilot_density,early,frustrated,0
ef4d84d7f09f98e7ea02,deepseek-v4-pro,deepseek-v4-pro,unsupported_ability_claim,1,MiniMax-M2.7,pilot_density,early,frustrated,0
18716221a8a15a38c150,glm-5.3,glm-5.3,answer_reveal,1,MiniMax-M2.7,pilot_density,early,calm,0
18716221a8a15a38c150,glm-5.3,glm-5.3,worked_explanation,1,MiniMax-M2.7,pilot_density,early,calm,0
18716221a8a15a38c150,glm-5.3,glm-5.3,reasoning_elicitation,0,MiniMax-M2.7,pilot_density,early,calm,0
18716221a8a15a38c150,glm-5.3,glm-5.3,learner_choice,0,MiniMax-M2.7,pilot_density,early,calm,0
18716221a8a15a38c150,glm-5.3,glm-5.3,affect_acknowledgement,0,MiniMax-M2.7,pilot_density,early,calm,0
18716221a8a15a38c150,glm-5.3,glm-5.3,epistemic_qualification,0,MiniMax-M2.7,pilot_density,early,calm,0
18716221a8a15a38c150,glm-5.3,glm-5.3,information_request,0,MiniMax-M2.7,pilot_density,early,calm,0
18716221a8a15a38c150,glm-5.3,glm-5.3,unsupported_ability_claim,0,MiniMax-M2.7,pilot_density,early,calm,0
1b2a52778d56eacdf3c0,MiniMax-M3,MiniMax-M3,answer_reveal,1,doubao-seed-2.0-lite,pilot_causal_claim,early,frustrated,0
1b2a52778d56eacdf3c0,MiniMax-M3,MiniMax-M3,worked_explanation,1,doubao-seed-2.0-lite,pilot_causal_claim,early,frustrated,0
1b2a52778d56eacdf3c0,MiniMax-M3,MiniMax-M3,reasoning_elicitation,0,doubao-seed-2.0-lite,pilot_causal_claim,early,frustrated,0
1b2a52778d56eacdf3c0,MiniMax-M3,MiniMax-M3,learner_choice,0,doubao-seed-2.0-lite,pilot_causal_claim,early,frustrated,0
1b2a52778d56eacdf3c0,MiniMax-M3,MiniMax-M3,affect_acknowledgement,1,doubao-seed-2.0-lite,pilot_causal_claim,early,frustrated,0
1b2a52778d56eacdf3c0,MiniMax-M3,MiniMax-M3,epistemic_qualification,0,doubao-seed-2.0-lite,pilot_causal_claim,early,frustrated,0
1b2a52778d56eacdf3c0,MiniMax-M3,MiniMax-M3,information_request,0,doubao-seed-2.0-lite,pilot_causal_claim,early,frustrated,0
1b2a52778d56eacdf3c0,MiniMax-M3,MiniMax-M3,unsupported_ability_claim,0,doubao-seed-2.0-lite,pilot_causal_claim,early,frustrated,0
89153531a4a1b33c3b34,glm-5.3,glm-5.3,answer_reveal,1,MiniMax-M3,pilot_equation,early,calm,1
89153531a4a1b33c3b34,glm-5.3,glm-5.3,worked_explanation,1,MiniMax-M3,pilot_equation,early,calm,1
89153531a4a1b33c3b34,glm-5.3,glm-5.3,reasoning_elicitation,1,MiniMax-M3,pilot_equation,early,calm,1
89153531a4a1b33c3b34,glm-5.3,glm-5.3,learner_choice,1,MiniMax-M3,pilot_equation,early,calm,1
89153531a4a1b33c3b34,glm-5.3,glm-5.3,affect_acknowledgement,1,MiniMax-M3,pilot_equation,early,calm,1
89153531a4a1b33c3b34,glm-5.3,glm-5.3,epistemic_qualification,0,MiniMax-M3,pilot_equation,early,calm,1
89153531a4a1b33c3b34,glm-5.3,glm-5.3,information_request,0,MiniMax-M3,pilot_equation,early,calm,1
89153531a4a1b33c3b34,glm-5.3,glm-5.3,unsupported_ability_claim,0,MiniMax-M3,pilot_equation,early,calm,1
9027d323285b11851755,glm-5.3,glm-5.3,answer_reveal,0,glm-5.2,pilot_fractions,early,calm,1
9027d323285b11851755,glm-5.3,glm-5.3,worked_explanation,1,glm-5.2,pilot_fractions,early,calm,1
9027d323285b11851755,glm-5.3,glm-5.3,reasoning_elicitation,1,glm-5.2,pilot_fractions,early,calm,1
9027d323285b11851755,glm-5.3,glm-5.3,learner_choice,0,glm-5.2,pilot_fractions,early,calm,1
9027d323285b11851755,glm-5.3,glm-5.3,affect_acknowledgement,1,glm-5.2,pilot_fractions,early,calm,1
9027d323285b11851755,glm-5.3,glm-5.3,epistemic_qualification,0,glm-5.2,pilot_fractions,early,calm,1
9027d323285b11851755,glm-5.3,glm-5.3,information_request,0,glm-5.2,pilot_fractions,early,calm,1
9027d323285b11851755,glm-5.3,glm-5.3,unsupported_ability_claim,0,glm-5.2,pilot_fractions,early,calm,1
54dc8e523fd1dc34a1bf,deepseek-v4-pro,deepseek-v4-pro,answer_reveal,0,glm-5.2,pilot_fractions,late,calm,0
54dc8e523fd1dc34a1bf,deepseek-v4-pro,deepseek-v4-pro,worked_explanation,0,glm-5.2,pilot_fractions,late,calm,0
54dc8e523fd1dc34a1bf,deepseek-v4-pro,deepseek-v4-pro,reasoning_elicitation,1,glm-5.2,pilot_fractions,late,calm,0
54dc8e523fd1dc34a1bf,deepseek-v4-pro,deepseek-v4-pro,learner_choice,0,glm-5.2,pilot_fractions,late,calm,0
54dc8e523fd1dc34a1bf,deepseek-v4-pro,deepseek-v4-pro,affect_acknowledgement,0,glm-5.2,pilot_fractions,late,calm,0
54dc8e523fd1dc34a1bf,deepseek-v4-pro,deepseek-v4-pro,epistemic_qualification,0,glm-5.2,pilot_fractions,late,calm,0
54dc8e523fd1dc34a1bf,deepseek-v4-pro,deepseek-v4-pro,information_request,0,glm-5.2,pilot_fractions,late,calm,0
54dc8e523fd1dc34a1bf,deepseek-v4-pro,deepseek-v4-pro,unsupported_ability_claim,0,glm-5.2,pilot_fractions,late,calm,0
80a47e6c5d7231e2751b,glm-5.3,glm-5.3,answer_reveal,0,glm-5.2,pilot_equation,early,frustrated,1
80a47e6c5d7231e2751b,glm-5.3,glm-5.3,worked_explanation,1,glm-5.2,pilot_equation,early,frustrated,1
80a47e6c5d7231e2751b,glm-5.3,glm-5.3,reasoning_elicitation,1,glm-5.2,pilot_equation,early,frustrated,1
80a47e6c5d7231e2751b,glm-5.3,glm-5.3,learner_choice,0,glm-5.2,pilot_equation,early,frustrated,1
80a47e6c5d7231e2751b,glm-5.3,glm-5.3,affect_acknowledgement,1,glm-5.2,pilot_equation,early,frustrated,1
80a47e6c5d7231e2751b,glm-5.3,glm-5.3,epistemic_qualification,0,glm-5.2,pilot_equation,early,frustrated,1
80a47e6c5d7231e2751b,glm-5.3,glm-5.3,information_request,0,glm-5.2,pilot_equation,early,frustrated,1
80a47e6c5d7231e2751b,glm-5.3,glm-5.3,unsupported_ability_claim,0,glm-5.2,pilot_equation,early,frustrated,1
33b15e63590b5bce8a60,MiniMax-M3,MiniMax-M3,answer_reveal,1,deepseek-v4-pro,pilot_density,late,frustrated,0
33b15e63590b5bce8a60,MiniMax-M3,MiniMax-M3,worked_explanation,1,deepseek-v4-pro,pilot_density,late,frustrated,0
33b15e63590b5bce8a60,MiniMax-M3,MiniMax-M3,reasoning_elicitation,0,deepseek-v4-pro,pilot_density,late,frustrated,0
33b15e63590b5bce8a60,MiniMax-M3,MiniMax-M3,learner_choice,0,deepseek-v4-pro,pilot_density,late,frustrated,0
33b15e63590b5bce8a60,MiniMax-M3,MiniMax-M3,affect_acknowledgement,0,deepseek-v4-pro,pilot_density,late,frustrated,0
33b15e63590b5bce8a60,MiniMax-M3,MiniMax-M3,epistemic_qualification,0,deepseek-v4-pro,pilot_density,late,frustrated,0
33b15e63590b5bce8a60,MiniMax-M3,MiniMax-M3,information_request,0,deepseek-v4-pro,pilot_density,late,frustrated,0
33b15e63590b5bce8a60,MiniMax-M3,MiniMax-M3,unsupported_ability_claim,0,deepseek-v4-pro,pilot_density,late,frustrated,0
742cd01cf7b40fa991be,deepseek-v4-pro,deepseek-v4-pro,answer_reveal,0,glm-5.2,pilot_density,early,calm,0
742cd01cf7b40fa991be,deepseek-v4-pro,deepseek-v4-pro,worked_explanation,1,glm-5.2,pilot_density,early,calm,0
742cd01cf7b40fa991be,deepseek-v4-pro,deepseek-v4-pro,reasoning_elicitation,1,glm-5.2,pilot_density,early,calm,0
742cd01cf7b40fa991be,deepseek-v4-pro,deepseek-v4-pro,learner_choice,1,glm-5.2,pilot_density,early,calm,0
742cd01cf7b40fa991be,deepseek-v4-pro,deepseek-v4-pro,affect_acknowledgement,1,glm-5.2,pilot_density,early,calm,0
742cd01cf7b40fa991be,deepseek-v4-pro,deepseek-v4-pro,epistemic_qualification,0,glm-5.2,pilot_density,early,calm,0
742cd01cf7b40fa991be,deepseek-v4-pro,deepseek-v4-pro,information_request,0,glm-5.2,pilot_density,early,calm,0
742cd01cf7b40fa991be,deepseek-v4-pro,deepseek-v4-pro,unsupported_ability_claim,0,glm-5.2,pilot_density,early,calm,0
388d9717c4eeba768a71,MiniMax-M3,MiniMax-M3,answer_reveal,1,MiniMax-M2.7,pilot_fractions,late,calm,1
388d9717c4eeba768a71,MiniMax-M3,MiniMax-M3,worked_explanation,1,MiniMax-M2.7,pilot_fractions,late,calm,1
388d9717c4eeba768a71,MiniMax-M3,MiniMax-M3,reasoning_elicitation,0,MiniMax-M2.7,pilot_fractions,late,calm,1
388d9717c4eeba768a71,MiniMax-M3,MiniMax-M3,learner_choice,0,MiniMax-M2.7,pilot_fractions,late,calm,1
388d9717c4eeba768a71,MiniMax-M3,MiniMax-M3,affect_acknowledgement,0,MiniMax-M2.7,pilot_fractions,late,calm,1
388d9717c4eeba768a71,MiniMax-M3,MiniMax-M3,epistemic_qualification,0,MiniMax-M2.7,pilot_fractions,late,calm,1
388d9717c4eeba768a71,MiniMax-M3,MiniMax-M3,information_request,0,MiniMax-M2.7,pilot_fractions,late,calm,1
388d9717c4eeba768a71,MiniMax-M3,MiniMax-M3,unsupported_ability_claim,0,MiniMax-M2.7,pilot_fractions,late,calm,1
a0f21ba54b32aef55de9,MiniMax-M3,MiniMax-M3,answer_reveal,1,deepseek-v4-pro,pilot_causal_claim,late,frustrated,1
a0f21ba54b32aef55de9,MiniMax-M3,MiniMax-M3,worked_explanation,1,deepseek-v4-pro,pilot_causal_claim,late,frustrated,1
a0f21ba54b32aef55de9,MiniMax-M3,MiniMax-M3,reasoning_elicitation,1,deepseek-v4-pro,pilot_causal_claim,late,frustrated,1
a0f21ba54b32aef55de9,MiniMax-M3,MiniMax-M3,learner_choice,0,deepseek-v4-pro,pilot_causal_claim,late,frustrated,1
a0f21ba54b32aef55de9,MiniMax-M3,MiniMax-M3,affect_acknowledgement,1,deepseek-v4-pro,pilot_causal_claim,late,frustrated,1
a0f21ba54b32aef55de9,MiniMax-M3,MiniMax-M3,epistemic_qualification,1,deepseek-v4-pro,pilot_causal_claim,late,frustrated,1
a0f21ba54b32aef55de9,MiniMax-M3,MiniMax-M3,information_request,0,deepseek-v4-pro,pilot_causal_claim,late,frustrated,1
a0f21ba54b32aef55de9,MiniMax-M3,MiniMax-M3,unsupported_ability_claim,0,deepseek-v4-pro,pilot_causal_claim,late,frustrated,1
37a41187fe8703f43f63,glm-5.3,glm-5.3,answer_reveal,1,doubao-seed-2.0-lite,pilot_density,late,frustrated,0
37a41187fe8703f43f63,glm-5.3,glm-5.3,worked_explanation,1,doubao-seed-2.0-lite,pilot_density,late,frustrated,0
37a41187fe8703f43f63,glm-5.3,glm-5.3,reasoning_elicitation,0,doubao-seed-2.0-lite,pilot_density,late,frustrated,0
37a41187fe8703f43f63,glm-5.3,glm-5.3,learner_choice,0,doubao-seed-2.0-lite,pilot_density,late,frustrated,0
37a41187fe8703f43f63,glm-5.3,glm-5.3,affect_acknowledgement,1,doubao-seed-2.0-lite,pilot_density,late,frustrated,0
37a41187fe8703f43f63,glm-5.3,glm-5.3,epistemic_qualification,0,doubao-seed-2.0-lite,pilot_density,late,frustrated,0
37a41187fe8703f43f63,glm-5.3,glm-5.3,information_request,0,doubao-seed-2.0-lite,pilot_density,late,frustrated,0
37a41187fe8703f43f63,glm-5.3,glm-5.3,unsupported_ability_claim,0,doubao-seed-2.0-lite,pilot_density,late,frustrated,0
043e9320e6b1d199ab05,MiniMax-M3,MiniMax-M3,answer_reveal,0,glm-5.2,pilot_equation,late,frustrated,1
043e9320e6b1d199ab05,MiniMax-M3,MiniMax-M3,worked_explanation,0,glm-5.2,pilot_equation,late,frustrated,1
043e9320e6b1d199ab05,MiniMax-M3,MiniMax-M3,reasoning_elicitation,1,glm-5.2,pilot_equation,late,frustrated,1
043e9320e6b1d199ab05,MiniMax-M3,MiniMax-M3,learner_choice,0,glm-5.2,pilot_equation,late,frustrated,1
043e9320e6b1d199ab05,MiniMax-M3,MiniMax-M3,affect_acknowledgement,1,glm-5.2,pilot_equation,late,frustrated,1
043e9320e6b1d199ab05,MiniMax-M3,MiniMax-M3,epistemic_qualification,0,glm-5.2,pilot_equation,late,frustrated,1
043e9320e6b1d199ab05,MiniMax-M3,MiniMax-M3,information_request,0,glm-5.2,pilot_equation,late,frustrated,1
043e9320e6b1d199ab05,MiniMax-M3,MiniMax-M3,unsupported_ability_claim,0,glm-5.2,pilot_equation,late,frustrated,1
860366cca149115ad57c,MiniMax-M3,MiniMax-M3,answer_reveal,0,glm-5.2,pilot_fractions,early,frustrated,1
860366cca149115ad57c,MiniMax-M3,MiniMax-M3,worked_explanation,1,glm-5.2,pilot_fractions,early,frustrated,1
860366cca149115ad57c,MiniMax-M3,MiniMax-M3,reasoning_elicitation,1,glm-5.2,pilot_fractions,early,frustrated,1
860366cca149115ad57c,MiniMax-M3,MiniMax-M3,learner_choice,0,glm-5.2,pilot_fractions,early,frustrated,1
860366cca149115ad57c,MiniMax-M3,MiniMax-M3,affect_acknowledgement,1,glm-5.2,pilot_fractions,early,frustrated,1
860366cca149115ad57c,MiniMax-M3,MiniMax-M3,epistemic_qualification,0,glm-5.2,pilot_fractions,early,frustrated,1
860366cca149115ad57c,MiniMax-M3,MiniMax-M3,information_request,0,glm-5.2,pilot_fractions,early,frustrated,1
860366cca149115ad57c,MiniMax-M3,MiniMax-M3,unsupported_ability_claim,0,glm-5.2,pilot_fractions,early,frustrated,1
b5583ef9a5bf8f372191,glm-5.3,glm-5.3,answer_reveal,1,MiniMax-M2.7,pilot_density,late,frustrated,0
b5583ef9a5bf8f372191,glm-5.3,glm-5.3,worked_explanation,1,MiniMax-M2.7,pilot_density,late,frustrated,0
b5583ef9a5bf8f372191,glm-5.3,glm-5.3,reasoning_elicitation,1,MiniMax-M2.7,pilot_density,late,frustrated,0
b5583ef9a5bf8f372191,glm-5.3,glm-5.3,learner_choice,0,MiniMax-M2.7,pilot_density,late,frustrated,0
b5583ef9a5bf8f372191,glm-5.3,glm-5.3,affect_acknowledgement,0,MiniMax-M2.7,pilot_density,late,frustrated,0
b5583ef9a5bf8f372191,glm-5.3,glm-5.3,epistemic_qualification,0,MiniMax-M2.7,pilot_density,late,frustrated,0
b5583ef9a5bf8f372191,glm-5.3,glm-5.3,information_request,0,MiniMax-M2.7,pilot_density,late,frustrated,0
b5583ef9a5bf8f372191,glm-5.3,glm-5.3,unsupported_ability_claim,0,MiniMax-M2.7,pilot_density,late,frustrated,0
07b147af9ee3e40c35f4,MiniMax-M3,MiniMax-M3,answer_reveal,1,MiniMax-M2.7,pilot_causal_claim,early,frustrated,0
07b147af9ee3e40c35f4,MiniMax-M3,MiniMax-M3,worked_explanation,1,MiniMax-M2.7,pilot_causal_claim,early,frustrated,0
07b147af9ee3e40c35f4,MiniMax-M3,MiniMax-M3,reasoning_elicitation,1,MiniMax-M2.7,pilot_causal_claim,early,frustrated,0
07b147af9ee3e40c35f4,MiniMax-M3,MiniMax-M3,learner_choice,0,MiniMax-M2.7,pilot_causal_claim,early,frustrated,0
07b147af9ee3e40c35f4,MiniMax-M3,MiniMax-M3,affect_acknowledgement,1,MiniMax-M2.7,pilot_causal_claim,early,frustrated,0
07b147af9ee3e40c35f4,MiniMax-M3,MiniMax-M3,epistemic_qualification,1,MiniMax-M2.7,pilot_causal_claim,early,frustrated,0
07b147af9ee3e40c35f4,MiniMax-M3,MiniMax-M3,information_request,0,MiniMax-M2.7,pilot_causal_claim,early,frustrated,0
07b147af9ee3e40c35f4,MiniMax-M3,MiniMax-M3,unsupported_ability_claim,0,MiniMax-M2.7,pilot_causal_claim,early,frustrated,0
62e94a5e10cfb40724ee,glm-5.3,glm-5.3,answer_reveal,0,glm-5.2,pilot_density,early,frustrated,0
62e94a5e10cfb40724ee,glm-5.3,glm-5.3,worked_explanation,1,glm-5.2,pilot_density,early,frustrated,0
62e94a5e10cfb40724ee,glm-5.3,glm-5.3,reasoning_elicitation,1,glm-5.2,pilot_density,early,frustrated,0
62e94a5e10cfb40724ee,glm-5.3,glm-5.3,learner_choice,0,glm-5.2,pilot_density,early,frustrated,0
62e94a5e10cfb40724ee,glm-5.3,glm-5.3,affect_acknowledgement,1,glm-5.2,pilot_density,early,frustrated,0
62e94a5e10cfb40724ee,glm-5.3,glm-5.3,epistemic_qualification,0,glm-5.2,pilot_density,early,frustrated,0
62e94a5e10cfb40724ee,glm-5.3,glm-5.3,information_request,0,glm-5.2,pilot_density,early,frustrated,0
62e94a5e10cfb40724ee,glm-5.3,glm-5.3,unsupported_ability_claim,0,glm-5.2,pilot_density,early,frustrated,0
9f5c557faec6e4ad38fc,deepseek-v4-pro,deepseek-v4-pro,answer_reveal,1,MiniMax-M3,pilot_equation,late,calm,0
9f5c557faec6e4ad38fc,deepseek-v4-pro,deepseek-v4-pro,worked_explanation,1,MiniMax-M3,pilot_equation,late,calm,0
9f5c557faec6e4ad38fc,deepseek-v4-pro,deepseek-v4-pro,reasoning_elicitation,0,MiniMax-M3,pilot_equation,late,calm,0
9f5c557faec6e4ad38fc,deepseek-v4-pro,deepseek-v4-pro,learner_choice,0,MiniMax-M3,pilot_equation,late,calm,0
9f5c557faec6e4ad38fc,deepseek-v4-pro,deepseek-v4-pro,affect_acknowledgement,1,MiniMax-M3,pilot_equation,late,calm,0
9f5c557faec6e4ad38fc,deepseek-v4-pro,deepseek-v4-pro,epistemic_qualification,0,MiniMax-M3,pilot_equation,late,calm,0
9f5c557faec6e4ad38fc,deepseek-v4-pro,deepseek-v4-pro,information_request,0,MiniMax-M3,pilot_equation,late,calm,0
9f5c557faec6e4ad38fc,deepseek-v4-pro,deepseek-v4-pro,unsupported_ability_claim,0,MiniMax-M3,pilot_equation,late,calm,0
618498d99e053ae99fc5,deepseek-v4-pro,deepseek-v4-pro,answer_reveal,1,MiniMax-M3,pilot_density,late,frustrated,1
618498d99e053ae99fc5,deepseek-v4-pro,deepseek-v4-pro,worked_explanation,1,MiniMax-M3,pilot_density,late,frustrated,1
618498d99e053ae99fc5,deepseek-v4-pro,deepseek-v4-pro,reasoning_elicitation,0,MiniMax-M3,pilot_density,late,frustrated,1
618498d99e053ae99fc5,deepseek-v4-pro,deepseek-v4-pro,learner_choice,1,MiniMax-M3,pilot_density,late,frustrated,1
618498d99e053ae99fc5,deepseek-v4-pro,deepseek-v4-pro,affect_acknowledgement,1,MiniMax-M3,pilot_density,late,frustrated,1
618498d99e053ae99fc5,deepseek-v4-pro,deepseek-v4-pro,epistemic_qualification,0,MiniMax-M3,pilot_density,late,frustrated,1
618498d99e053ae99fc5,deepseek-v4-pro,deepseek-v4-pro,information_request,0,MiniMax-M3,pilot_density,late,frustrated,1
618498d99e053ae99fc5,deepseek-v4-pro,deepseek-v4-pro,unsupported_ability_claim,1,MiniMax-M3,pilot_density,late,frustrated,1
b2dbcc07c876daf23321,glm-5.3,glm-5.3,answer_reveal,1,deepseek-v4-pro,pilot_equation,late,frustrated,1
b2dbcc07c876daf23321,glm-5.3,glm-5.3,worked_explanation,1,deepseek-v4-pro,pilot_equation,late,frustrated,1
b2dbcc07c876daf23321,glm-5.3,glm-5.3,reasoning_elicitation,0,deepseek-v4-pro,pilot_equation,late,frustrated,1
b2dbcc07c876daf23321,glm-5.3,glm-5.3,learner_choice,0,deepseek-v4-pro,pilot_equation,late,frustrated,1
b2dbcc07c876daf23321,glm-5.3,glm-5.3,affect_acknowledgement,1,deepseek-v4-pro,pilot_equation,late,frustrated,1
b2dbcc07c876daf23321,glm-5.3,glm-5.3,epistemic_qualification,0,deepseek-v4-pro,pilot_equation,late,frustrated,1
b2dbcc07c876daf23321,glm-5.3,glm-5.3,information_request,0,deepseek-v4-pro,pilot_equation,late,frustrated,1
b2dbcc07c876daf23321,glm-5.3,glm-5.3,unsupported_ability_claim,0,deepseek-v4-pro,pilot_equation,late,frustrated,1
8fb01410b4257208ee79,glm-5.3,glm-5.3,answer_reveal,1,MiniMax-M2.7,pilot_causal_claim,early,calm,1
8fb01410b4257208ee79,glm-5.3,glm-5.3,worked_explanation,1,MiniMax-M2.7,pilot_causal_claim,early,calm,1
8fb01410b4257208ee79,glm-5.3,glm-5.3,reasoning_elicitation,1,MiniMax-M2.7,pilot_causal_claim,early,calm,1
8fb01410b4257208ee79,glm-5.3,glm-5.3,learner_choice,0,MiniMax-M2.7,pilot_causal_claim,early,calm,1
8fb01410b4257208ee79,glm-5.3,glm-5.3,affect_acknowledgement,0,MiniMax-M2.7,pilot_causal_claim,early,calm,1
8fb01410b4257208ee79,glm-5.3,glm-5.3,epistemic_qualification,1,MiniMax-M2.7,pilot_causal_claim,early,calm,1
8fb01410b4257208ee79,glm-5.3,glm-5.3,information_request,0,MiniMax-M2.7,pilot_causal_claim,early,calm,1
8fb01410b4257208ee79,glm-5.3,glm-5.3,unsupported_ability_claim,0,MiniMax-M2.7,pilot_causal_claim,early,calm,1
8caea81ae1fa2587c425,glm-5.3,glm-5.3,answer_reveal,1,doubao-seed-2.0-lite,pilot_causal_claim,early,frustrated,1
8caea81ae1fa2587c425,glm-5.3,glm-5.3,worked_explanation,1,doubao-seed-2.0-lite,pilot_causal_claim,early,frustrated,1
8caea81ae1fa2587c425,glm-5.3,glm-5.3,reasoning_elicitation,0,doubao-seed-2.0-lite,pilot_causal_claim,early,frustrated,1
8caea81ae1fa2587c425,glm-5.3,glm-5.3,learner_choice,0,doubao-seed-2.0-lite,pilot_causal_claim,early,frustrated,1
8caea81ae1fa2587c425,glm-5.3,glm-5.3,affect_acknowledgement,1,doubao-seed-2.0-lite,pilot_causal_claim,early,frustrated,1
8caea81ae1fa2587c425,glm-5.3,glm-5.3,epistemic_qualification,1,doubao-seed-2.0-lite,pilot_causal_claim,early,frustrated,1
8caea81ae1fa2587c425,glm-5.3,glm-5.3,information_request,0,doubao-seed-2.0-lite,pilot_causal_claim,early,frustrated,1
8caea81ae1fa2587c425,glm-5.3,glm-5.3,unsupported_ability_claim,0,doubao-seed-2.0-lite,pilot_causal_claim,early,frustrated,1
fb5c24ccf9b9f5345ac0,glm-5.3,glm-5.3,answer_reveal,1,MiniMax-M2.7,pilot_fractions,early,calm,1
fb5c24ccf9b9f5345ac0,glm-5.3,glm-5.3,worked_explanation,1,MiniMax-M2.7,pilot_fractions,early,calm,1
fb5c24ccf9b9f5345ac0,glm-5.3,glm-5.3,reasoning_elicitation,1,MiniMax-M2.7,pilot_fractions,early,calm,1
fb5c24ccf9b9f5345ac0,glm-5.3,glm-5.3,learner_choice,0,MiniMax-M2.7,pilot_fractions,early,calm,1
fb5c24ccf9b9f5345ac0,glm-5.3,glm-5.3,affect_acknowledgement,1,MiniMax-M2.7,pilot_fractions,early,calm,1
fb5c24ccf9b9f5345ac0,glm-5.3,glm-5.3,epistemic_qualification,0,MiniMax-M2.7,pilot_fractions,early,calm,1
fb5c24ccf9b9f5345ac0,glm-5.3,glm-5.3,information_request,0,MiniMax-M2.7,pilot_fractions,early,calm,1
fb5c24ccf9b9f5345ac0,glm-5.3,glm-5.3,unsupported_ability_claim,0,MiniMax-M2.7,pilot_fractions,early,calm,1
ceb76023e02779aaaebb,glm-5.3,glm-5.3,answer_reveal,1,MiniMax-M3,pilot_density,late,frustrated,0
ceb76023e02779aaaebb,glm-5.3,glm-5.3,worked_explanation,1,MiniMax-M3,pilot_density,late,frustrated,0
ceb76023e02779aaaebb,glm-5.3,glm-5.3,reasoning_elicitation,0,MiniMax-M3,pilot_density,late,frustrated,0
ceb76023e02779aaaebb,glm-5.3,glm-5.3,learner_choice,0,MiniMax-M3,pilot_density,late,frustrated,0
ceb76023e02779aaaebb,glm-5.3,glm-5.3,affect_acknowledgement,1,MiniMax-M3,pilot_density,late,frustrated,0
ceb76023e02779aaaebb,glm-5.3,glm-5.3,epistemic_qualification,0,MiniMax-M3,pilot_density,late,frustrated,0
ceb76023e02779aaaebb,glm-5.3,glm-5.3,information_request,0,MiniMax-M3,pilot_density,late,frustrated,0
ceb76023e02779aaaebb,glm-5.3,glm-5.3,unsupported_ability_claim,0,MiniMax-M3,pilot_density,late,frustrated,0
d5e5c310ef2bbf353fb4,MiniMax-M3,MiniMax-M3,answer_reveal,1,deepseek-v4-pro,pilot_causal_claim,early,calm,1
d5e5c310ef2bbf353fb4,MiniMax-M3,MiniMax-M3,worked_explanation,1,deepseek-v4-pro,pilot_causal_claim,early,calm,1
d5e5c310ef2bbf353fb4,MiniMax-M3,MiniMax-M3,reasoning_elicitation,1,deepseek-v4-pro,pilot_causal_claim,early,calm,1
d5e5c310ef2bbf353fb4,MiniMax-M3,MiniMax-M3,learner_choice,0,deepseek-v4-pro,pilot_causal_claim,early,calm,1
d5e5c310ef2bbf353fb4,MiniMax-M3,MiniMax-M3,affect_acknowledgement,1,deepseek-v4-pro,pilot_causal_claim,early,calm,1
d5e5c310ef2bbf353fb4,MiniMax-M3,MiniMax-M3,epistemic_qualification,1,deepseek-v4-pro,pilot_causal_claim,early,calm,1
d5e5c310ef2bbf353fb4,MiniMax-M3,MiniMax-M3,information_request,0,deepseek-v4-pro,pilot_causal_claim,early,calm,1
d5e5c310ef2bbf353fb4,MiniMax-M3,MiniMax-M3,unsupported_ability_claim,0,deepseek-v4-pro,pilot_causal_claim,early,calm,1
051ed8dcf7bd5daf4976,MiniMax-M3,MiniMax-M3,answer_reveal,0,glm-5.2,pilot_equation,late,calm,1
051ed8dcf7bd5daf4976,MiniMax-M3,MiniMax-M3,worked_explanation,0,glm-5.2,pilot_equation,late,calm,1
051ed8dcf7bd5daf4976,MiniMax-M3,MiniMax-M3,reasoning_elicitation,1,glm-5.2,pilot_equation,late,calm,1
051ed8dcf7bd5daf4976,MiniMax-M3,MiniMax-M3,learner_choice,0,glm-5.2,pilot_equation,late,calm,1
051ed8dcf7bd5daf4976,MiniMax-M3,MiniMax-M3,affect_acknowledgement,0,glm-5.2,pilot_equation,late,calm,1
051ed8dcf7bd5daf4976,MiniMax-M3,MiniMax-M3,epistemic_qualification,0,glm-5.2,pilot_equation,late,calm,1
051ed8dcf7bd5daf4976,MiniMax-M3,MiniMax-M3,information_request,0,glm-5.2,pilot_equation,late,calm,1
051ed8dcf7bd5daf4976,MiniMax-M3,MiniMax-M3,unsupported_ability_claim,0,glm-5.2,pilot_equation,late,calm,1
a3cd2bff7780acd7ef74,deepseek-v4-pro,deepseek-v4-pro,answer_reveal,1,deepseek-v4-pro,pilot_causal_claim,late,frustrated,0
a3cd2bff7780acd7ef74,deepseek-v4-pro,deepseek-v4-pro,worked_explanation,1,deepseek-v4-pro,pilot_causal_claim,late,frustrated,0
a3cd2bff7780acd7ef74,deepseek-v4-pro,deepseek-v4-pro,reasoning_elicitation,1,deepseek-v4-pro,pilot_causal_claim,late,frustrated,0
a3cd2bff7780acd7ef74,deepseek-v4-pro,deepseek-v4-pro,learner_choice,0,deepseek-v4-pro,pilot_causal_claim,late,frustrated,0
a3cd2bff7780acd7ef74,deepseek-v4-pro,deepseek-v4-pro,affect_acknowledgement,1,deepseek-v4-pro,pilot_causal_claim,late,frustrated,0
a3cd2bff7780acd7ef74,deepseek-v4-pro,deepseek-v4-pro,epistemic_qualification,1,deepseek-v4-pro,pilot_causal_claim,late,frustrated,0
a3cd2bff7780acd7ef74,deepseek-v4-pro,deepseek-v4-pro,information_request,0,deepseek-v4-pro,pilot_causal_claim,late,frustrated,0
a3cd2bff7780acd7ef74,deepseek-v4-pro,deepseek-v4-pro,unsupported_ability_claim,0,deepseek-v4-pro,pilot_causal_claim,late,frustrated,0
59268659c3b2e8b6664e,deepseek-v4-pro,deepseek-v4-pro,answer_reveal,1,doubao-seed-2.0-lite,pilot_causal_claim,late,calm,0
59268659c3b2e8b6664e,deepseek-v4-pro,deepseek-v4-pro,worked_explanation,1,doubao-seed-2.0-lite,pilot_causal_claim,late,calm,0
59268659c3b2e8b6664e,deepseek-v4-pro,deepseek-v4-pro,reasoning_elicitation,0,doubao-seed-2.0-lite,pilot_causal_claim,late,calm,0
59268659c3b2e8b6664e,deepseek-v4-pro,deepseek-v4-pro,learner_choice,0,doubao-seed-2.0-lite,pilot_causal_claim,late,calm,0
59268659c3b2e8b6664e,deepseek-v4-pro,deepseek-v4-pro,affect_acknowledgement,0,doubao-seed-2.0-lite,pilot_causal_claim,late,calm,0
59268659c3b2e8b6664e,deepseek-v4-pro,deepseek-v4-pro,epistemic_qualification,1,doubao-seed-2.0-lite,pilot_causal_claim,late,calm,0
59268659c3b2e8b6664e,deepseek-v4-pro,deepseek-v4-pro,information_request,0,doubao-seed-2.0-lite,pilot_causal_claim,late,calm,0
59268659c3b2e8b6664e,deepseek-v4-pro,deepseek-v4-pro,unsupported_ability_claim,0,doubao-seed-2.0-lite,pilot_causal_claim,late,calm,0
6b967cdfbda0a7700cf3,deepseek-v4-pro,deepseek-v4-pro,answer_reveal,1,MiniMax-M2.7,pilot_fractions,late,calm,0
6b967cdfbda0a7700cf3,deepseek-v4-pro,deepseek-v4-pro,worked_explanation,1,MiniMax-M2.7,pilot_fractions,late,calm,0
6b967cdfbda0a7700cf3,deepseek-v4-pro,deepseek-v4-pro,reasoning_elicitation,0,MiniMax-M2.7,pilot_fractions,late,calm,0
6b967cdfbda0a7700cf3,deepseek-v4-pro,deepseek-v4-pro,learner_choice,0,MiniMax-M2.7,pilot_fractions,late,calm,0
6b967cdfbda0a7700cf3,deepseek-v4-pro,deepseek-v4-pro,affect_acknowledgement,0,MiniMax-M2.7,pilot_fractions,late,calm,0
6b967cdfbda0a7700cf3,deepseek-v4-pro,deepseek-v4-pro,epistemic_qualification,1,MiniMax-M2.7,pilot_fractions,late,calm,0
6b967cdfbda0a7700cf3,deepseek-v4-pro,deepseek-v4-pro,information_request,0,MiniMax-M2.7,pilot_fractions,late,calm,0
6b967cdfbda0a7700cf3,deepseek-v4-pro,deepseek-v4-pro,unsupported_ability_claim,0,MiniMax-M2.7,pilot_fractions,late,calm,0
618498d99e053ae99fc5,MiniMax-M3,MiniMax-M3,answer_reveal,1,MiniMax-M3,pilot_density,late,frustrated,1
618498d99e053ae99fc5,MiniMax-M3,MiniMax-M3,worked_explanation,1,MiniMax-M3,pilot_density,late,frustrated,1
618498d99e053ae99fc5,MiniMax-M3,MiniMax-M3,reasoning_elicitation,0,MiniMax-M3,pilot_density,late,frustrated,1
618498d99e053ae99fc5,MiniMax-M3,MiniMax-M3,learner_choice,1,MiniMax-M3,pilot_density,late,frustrated,1
618498d99e053ae99fc5,MiniMax-M3,MiniMax-M3,affect_acknowledgement,1,MiniMax-M3,pilot_density,late,frustrated,1
618498d99e053ae99fc5,MiniMax-M3,MiniMax-M3,epistemic_qualification,0,MiniMax-M3,pilot_density,late,frustrated,1
618498d99e053ae99fc5,MiniMax-M3,MiniMax-M3,information_request,0,MiniMax-M3,pilot_density,late,frustrated,1
618498d99e053ae99fc5,MiniMax-M3,MiniMax-M3,unsupported_ability_claim,1,MiniMax-M3,pilot_density,late,frustrated,1
a0f21ba54b32aef55de9,glm-5.3,glm-5.3,answer_reveal,1,deepseek-v4-pro,pilot_causal_claim,late,frustrated,1
a0f21ba54b32aef55de9,glm-5.3,glm-5.3,worked_explanation,1,deepseek-v4-pro,pilot_causal_claim,late,frustrated,1
a0f21ba54b32aef55de9,glm-5.3,glm-5.3,reasoning_elicitation,1,deepseek-v4-pro,pilot_causal_claim,late,frustrated,1
a0f21ba54b32aef55de9,glm-5.3,glm-5.3,learner_choice,0,deepseek-v4-pro,pilot_causal_claim,late,frustrated,1
a0f21ba54b32aef55de9,glm-5.3,glm-5.3,affect_acknowledgement,1,deepseek-v4-pro,pilot_causal_claim,late,frustrated,1
a0f21ba54b32aef55de9,glm-5.3,glm-5.3,epistemic_qualification,1,deepseek-v4-pro,pilot_causal_claim,late,frustrated,1
a0f21ba54b32aef55de9,glm-5.3,glm-5.3,information_request,0,deepseek-v4-pro,pilot_causal_claim,late,frustrated,1
a0f21ba54b32aef55de9,glm-5.3,glm-5.3,unsupported_ability_claim,0,deepseek-v4-pro,pilot_causal_claim,late,frustrated,1
7766143ed2b2f724bf45,deepseek-v4-pro,deepseek-v4-pro,answer_reveal,1,deepseek-v4-pro,pilot_causal_claim,early,calm,0
7766143ed2b2f724bf45,deepseek-v4-pro,deepseek-v4-pro,worked_explanation,1,deepseek-v4-pro,pilot_causal_claim,early,calm,0
7766143ed2b2f724bf45,deepseek-v4-pro,deepseek-v4-pro,reasoning_elicitation,1,deepseek-v4-pro,pilot_causal_claim,early,calm,0
7766143ed2b2f724bf45,deepseek-v4-pro,deepseek-v4-pro,learner_choice,0,deepseek-v4-pro,pilot_causal_claim,early,calm,0
7766143ed2b2f724bf45,deepseek-v4-pro,deepseek-v4-pro,affect_acknowledgement,0,deepseek-v4-pro,pilot_causal_claim,early,calm,0
7766143ed2b2f724bf45,deepseek-v4-pro,deepseek-v4-pro,epistemic_qualification,1,deepseek-v4-pro,pilot_causal_claim,early,calm,0
7766143ed2b2f724bf45,deepseek-v4-pro,deepseek-v4-pro,information_request,0,deepseek-v4-pro,pilot_causal_claim,early,calm,0
7766143ed2b2f724bf45,deepseek-v4-pro,deepseek-v4-pro,unsupported_ability_claim,0,deepseek-v4-pro,pilot_causal_claim,early,calm,0
63c1901d76d0dae52fbf,glm-5.3,glm-5.3,answer_reveal,1,deepseek-v4-pro,pilot_equation,late,calm,0
63c1901d76d0dae52fbf,glm-5.3,glm-5.3,worked_explanation,1,deepseek-v4-pro,pilot_equation,late,calm,0
63c1901d76d0dae52fbf,glm-5.3,glm-5.3,reasoning_elicitation,0,deepseek-v4-pro,pilot_equation,late,calm,0
63c1901d76d0dae52fbf,glm-5.3,glm-5.3,learner_choice,0,deepseek-v4-pro,pilot_equation,late,calm,0
63c1901d76d0dae52fbf,glm-5.3,glm-5.3,affect_acknowledgement,1,deepseek-v4-pro,pilot_equation,late,calm,0
63c1901d76d0dae52fbf,glm-5.3,glm-5.3,epistemic_qualification,0,deepseek-v4-pro,pilot_equation,late,calm,0
63c1901d76d0dae52fbf,glm-5.3,glm-5.3,information_request,0,deepseek-v4-pro,pilot_equation,late,calm,0
63c1901d76d0dae52fbf,glm-5.3,glm-5.3,unsupported_ability_claim,0,deepseek-v4-pro,pilot_equation,late,calm,0
1f861c2d51283e59dcaa,glm-5.3,glm-5.3,answer_reveal,1,MiniMax-M3,pilot_fractions,late,frustrated,0
1f861c2d51283e59dcaa,glm-5.3,glm-5.3,worked_explanation,1,MiniMax-M3,pilot_fractions,late,frustrated,0
1f861c2d51283e59dcaa,glm-5.3,glm-5.3,reasoning_elicitation,0,MiniMax-M3,pilot_fractions,late,frustrated,0
1f861c2d51283e59dcaa,glm-5.3,glm-5.3,learner_choice,0,MiniMax-M3,pilot_fractions,late,frustrated,0
1f861c2d51283e59dcaa,glm-5.3,glm-5.3,affect_acknowledgement,1,MiniMax-M3,pilot_fractions,late,frustrated,0
1f861c2d51283e59dcaa,glm-5.3,glm-5.3,epistemic_qualification,0,MiniMax-M3,pilot_fractions,late,frustrated,0
1f861c2d51283e59dcaa,glm-5.3,glm-5.3,information_request,0,MiniMax-M3,pilot_fractions,late,frustrated,0
1f861c2d51283e59dcaa,glm-5.3,glm-5.3,unsupported_ability_claim,0,MiniMax-M3,pilot_fractions,late,frustrated,0
43e3b4dd4d0253ef5042,deepseek-v4-pro,deepseek-v4-pro,answer_reveal,1,deepseek-v4-pro,pilot_fractions,early,calm,0
43e3b4dd4d0253ef5042,deepseek-v4-pro,deepseek-v4-pro,worked_explanation,1,deepseek-v4-pro,pilot_fractions,early,calm,0
43e3b4dd4d0253ef5042,deepseek-v4-pro,deepseek-v4-pro,reasoning_elicitation,0,deepseek-v4-pro,pilot_fractions,early,calm,0
43e3b4dd4d0253ef5042,deepseek-v4-pro,deepseek-v4-pro,learner_choice,0,deepseek-v4-pro,pilot_fractions,early,calm,0
43e3b4dd4d0253ef5042,deepseek-v4-pro,deepseek-v4-pro,affect_acknowledgement,1,deepseek-v4-pro,pilot_fractions,early,calm,0
43e3b4dd4d0253ef5042,deepseek-v4-pro,deepseek-v4-pro,epistemic_qualification,0,deepseek-v4-pro,pilot_fractions,early,calm,0
43e3b4dd4d0253ef5042,deepseek-v4-pro,deepseek-v4-pro,information_request,0,deepseek-v4-pro,pilot_fractions,early,calm,0
43e3b4dd4d0253ef5042,deepseek-v4-pro,deepseek-v4-pro,unsupported_ability_claim,0,deepseek-v4-pro,pilot_fractions,early,calm,0
e673dacf6616de7e5fb3,glm-5.3,glm-5.3,answer_reveal,1,MiniMax-M2.7,pilot_density,late,frustrated,1
e673dacf6616de7e5fb3,glm-5.3,glm-5.3,worked_explanation,1,MiniMax-M2.7,pilot_density,late,frustrated,1
e673dacf6616de7e5fb3,glm-5.3,glm-5.3,reasoning_elicitation,0,MiniMax-M2.7,pilot_density,late,frustrated,1
e673dacf6616de7e5fb3,glm-5.3,glm-5.3,learner_choice,0,MiniMax-M2.7,pilot_density,late,frustrated,1
e673dacf6616de7e5fb3,glm-5.3,glm-5.3,affect_acknowledgement,1,MiniMax-M2.7,pilot_density,late,frustrated,1
e673dacf6616de7e5fb3,glm-5.3,glm-5.3,epistemic_qualification,0,MiniMax-M2.7,pilot_density,late,frustrated,1
e673dacf6616de7e5fb3,glm-5.3,glm-5.3,information_request,0,MiniMax-M2.7,pilot_density,late,frustrated,1
e673dacf6616de7e5fb3,glm-5.3,glm-5.3,unsupported_ability_claim,0,MiniMax-M2.7,pilot_density,late,frustrated,1
15600eb4d05de50949a5,deepseek-v4-pro,deepseek-v4-pro,answer_reveal,1,doubao-seed-2.0-lite,pilot_density,late,frustrated,1
15600eb4d05de50949a5,deepseek-v4-pro,deepseek-v4-pro,worked_explanation,1,doubao-seed-2.0-lite,pilot_density,late,frustrated,1
15600eb4d05de50949a5,deepseek-v4-pro,deepseek-v4-pro,reasoning_elicitation,0,doubao-seed-2.0-lite,pilot_density,late,frustrated,1
15600eb4d05de50949a5,deepseek-v4-pro,deepseek-v4-pro,learner_choice,0,doubao-seed-2.0-lite,pilot_density,late,frustrated,1
15600eb4d05de50949a5,deepseek-v4-pro,deepseek-v4-pro,affect_acknowledgement,1,doubao-seed-2.0-lite,pilot_density,late,frustrated,1
15600eb4d05de50949a5,deepseek-v4-pro,deepseek-v4-pro,epistemic_qualification,0,doubao-seed-2.0-lite,pilot_density,late,frustrated,1
15600eb4d05de50949a5,deepseek-v4-pro,deepseek-v4-pro,information_request,0,doubao-seed-2.0-lite,pilot_density,late,frustrated,1
15600eb4d05de50949a5,deepseek-v4-pro,deepseek-v4-pro,unsupported_ability_claim,0,doubao-seed-2.0-lite,pilot_density,late,frustrated,1
c57b60de3a7ce4f2caaf,glm-5.3,glm-5.3,answer_reveal,1,MiniMax-M2.7,pilot_causal_claim,early,calm,0
c57b60de3a7ce4f2caaf,glm-5.3,glm-5.3,worked_explanation,1,MiniMax-M2.7,pilot_causal_claim,early,calm,0
c57b60de3a7ce4f2caaf,glm-5.3,glm-5.3,reasoning_elicitation,0,MiniMax-M2.7,pilot_causal_claim,early,calm,0
c57b60de3a7ce4f2caaf,glm-5.3,glm-5.3,learner_choice,1,MiniMax-M2.7,pilot_causal_claim,early,calm,0
c57b60de3a7ce4f2caaf,glm-5.3,glm-5.3,affect_acknowledgement,0,MiniMax-M2.7,pilot_causal_claim,early,calm,0
c57b60de3a7ce4f2caaf,glm-5.3,glm-5.3,epistemic_qualification,1,MiniMax-M2.7,pilot_causal_claim,early,calm,0
c57b60de3a7ce4f2caaf,glm-5.3,glm-5.3,information_request,0,MiniMax-M2.7,pilot_causal_claim,early,calm,0
c57b60de3a7ce4f2caaf,glm-5.3,glm-5.3,unsupported_ability_claim,0,MiniMax-M2.7,pilot_causal_claim,early,calm,0
3b96bd4e791a39f2196e,MiniMax-M3,MiniMax-M3,answer_reveal,1,MiniMax-M3,pilot_fractions,early,frustrated,1
3b96bd4e791a39f2196e,MiniMax-M3,MiniMax-M3,worked_explanation,1,MiniMax-M3,pilot_fractions,early,frustrated,1
3b96bd4e791a39f2196e,MiniMax-M3,MiniMax-M3,reasoning_elicitation,1,MiniMax-M3,pilot_fractions,early,frustrated,1
3b96bd4e791a39f2196e,MiniMax-M3,MiniMax-M3,learner_choice,0,MiniMax-M3,pilot_fractions,early,frustrated,1
3b96bd4e791a39f2196e,MiniMax-M3,MiniMax-M3,affect_acknowledgement,1,MiniMax-M3,pilot_fractions,early,frustrated,1
3b96bd4e791a39f2196e,MiniMax-M3,MiniMax-M3,epistemic_qualification,0,MiniMax-M3,pilot_fractions,early,frustrated,1
3b96bd4e791a39f2196e,MiniMax-M3,MiniMax-M3,information_request,0,MiniMax-M3,pilot_fractions,early,frustrated,1
3b96bd4e791a39f2196e,MiniMax-M3,MiniMax-M3,unsupported_ability_claim,1,MiniMax-M3,pilot_fractions,early,frustrated,1
acc1e0deceec8a18076e,MiniMax-M3,MiniMax-M3,answer_reveal,1,MiniMax-M2.7,pilot_fractions,late,frustrated,1
acc1e0deceec8a18076e,MiniMax-M3,MiniMax-M3,worked_explanation,1,MiniMax-M2.7,pilot_fractions,late,frustrated,1
acc1e0deceec8a18076e,MiniMax-M3,MiniMax-M3,reasoning_elicitation,0,MiniMax-M2.7,pilot_fractions,late,frustrated,1
acc1e0deceec8a18076e,MiniMax-M3,MiniMax-M3,learner_choice,0,MiniMax-M2.7,pilot_fractions,late,frustrated,1
acc1e0deceec8a18076e,MiniMax-M3,MiniMax-M3,affect_acknowledgement,0,MiniMax-M2.7,pilot_fractions,late,frustrated,1
acc1e0deceec8a18076e,MiniMax-M3,MiniMax-M3,epistemic_qualification,0,MiniMax-M2.7,pilot_fractions,late,frustrated,1
acc1e0deceec8a18076e,MiniMax-M3,MiniMax-M3,information_request,0,MiniMax-M2.7,pilot_fractions,late,frustrated,1
acc1e0deceec8a18076e,MiniMax-M3,MiniMax-M3,unsupported_ability_claim,0,MiniMax-M2.7,pilot_fractions,late,frustrated,1
f0de4f52720a351b46d0,MiniMax-M3,MiniMax-M3,answer_reveal,1,MiniMax-M3,pilot_fractions,late,calm,1
f0de4f52720a351b46d0,MiniMax-M3,MiniMax-M3,worked_explanation,1,MiniMax-M3,pilot_fractions,late,calm,1
f0de4f52720a351b46d0,MiniMax-M3,MiniMax-M3,reasoning_elicitation,0,MiniMax-M3,pilot_fractions,late,calm,1
f0de4f52720a351b46d0,MiniMax-M3,MiniMax-M3,learner_choice,0,MiniMax-M3,pilot_fractions,late,calm,1
f0de4f52720a351b46d0,MiniMax-M3,MiniMax-M3,affect_acknowledgement,1,MiniMax-M3,pilot_fractions,late,calm,1
f0de4f52720a351b46d0,MiniMax-M3,MiniMax-M3,epistemic_qualification,0,MiniMax-M3,pilot_fractions,late,calm,1
f0de4f52720a351b46d0,MiniMax-M3,MiniMax-M3,information_request,0,MiniMax-M3,pilot_fractions,late,calm,1
f0de4f52720a351b46d0,MiniMax-M3,MiniMax-M3,unsupported_ability_claim,0,MiniMax-M3,pilot_fractions,late,calm,1
051ed8dcf7bd5daf4976,deepseek-v4-pro,deepseek-v4-pro,answer_reveal,0,glm-5.2,pilot_equation,late,calm,1
051ed8dcf7bd5daf4976,deepseek-v4-pro,deepseek-v4-pro,worked_explanation,1,glm-5.2,pilot_equation,late,calm,1
051ed8dcf7bd5daf4976,deepseek-v4-pro,deepseek-v4-pro,reasoning_elicitation,1,glm-5.2,pilot_equation,late,calm,1
051ed8dcf7bd5daf4976,deepseek-v4-pro,deepseek-v4-pro,learner_choice,0,glm-5.2,pilot_equation,late,calm,1
051ed8dcf7bd5daf4976,deepseek-v4-pro,deepseek-v4-pro,affect_acknowledgement,0,glm-5.2,pilot_equation,late,calm,1
051ed8dcf7bd5daf4976,deepseek-v4-pro,deepseek-v4-pro,epistemic_qualification,0,glm-5.2,pilot_equation,late,calm,1
051ed8dcf7bd5daf4976,deepseek-v4-pro,deepseek-v4-pro,information_request,0,glm-5.2,pilot_equation,late,calm,1
051ed8dcf7bd5daf4976,deepseek-v4-pro,deepseek-v4-pro,unsupported_ability_claim,0,glm-5.2,pilot_equation,late,calm,1
a4e32c45fba55018ad99,glm-5.3,glm-5.3,answer_reveal,1,MiniMax-M3,pilot_equation,early,frustrated,0
a4e32c45fba55018ad99,glm-5.3,glm-5.3,worked_explanation,1,MiniMax-M3,pilot_equation,early,frustrated,0
a4e32c45fba55018ad99,glm-5.3,glm-5.3,reasoning_elicitation,1,MiniMax-M3,pilot_equation,early,frustrated,0
a4e32c45fba55018ad99,glm-5.3,glm-5.3,learner_choice,0,MiniMax-M3,pilot_equation,early,frustrated,0
a4e32c45fba55018ad99,glm-5.3,glm-5.3,affect_acknowledgement,1,MiniMax-M3,pilot_equation,early,frustrated,0
a4e32c45fba55018ad99,glm-5.3,glm-5.3,epistemic_qualification,0,MiniMax-M3,pilot_equation,early,frustrated,0
a4e32c45fba55018ad99,glm-5.3,glm-5.3,information_request,0,MiniMax-M3,pilot_equation,early,frustrated,0
a4e32c45fba55018ad99,glm-5.3,glm-5.3,unsupported_ability_claim,0,MiniMax-M3,pilot_equation,early,frustrated,0
67d1b14a7992b412d836,MiniMax-M3,MiniMax-M3,answer_reveal,1,deepseek-v4-pro,pilot_density,late,calm,0
67d1b14a7992b412d836,MiniMax-M3,MiniMax-M3,worked_explanation,1,deepseek-v4-pro,pilot_density,late,calm,0
67d1b14a7992b412d836,MiniMax-M3,MiniMax-M3,reasoning_elicitation,0,deepseek-v4-pro,pilot_density,late,calm,0
67d1b14a7992b412d836,MiniMax-M3,MiniMax-M3,learner_choice,0,deepseek-v4-pro,pilot_density,late,calm,0
67d1b14a7992b412d836,MiniMax-M3,MiniMax-M3,affect_acknowledgement,1,deepseek-v4-pro,pilot_density,late,calm,0
67d1b14a7992b412d836,MiniMax-M3,MiniMax-M3,epistemic_qualification,0,deepseek-v4-pro,pilot_density,late,calm,0
67d1b14a7992b412d836,MiniMax-M3,MiniMax-M3,information_request,0,deepseek-v4-pro,pilot_density,late,calm,0
67d1b14a7992b412d836,MiniMax-M3,MiniMax-M3,unsupported_ability_claim,0,deepseek-v4-pro,pilot_density,late,calm,0
e70d78e4b91971438c74,glm-5.3,glm-5.3,answer_reveal,1,doubao-seed-2.0-lite,pilot_equation,early,frustrated,0
e70d78e4b91971438c74,glm-5.3,glm-5.3,worked_explanation,1,doubao-seed-2.0-lite,pilot_equation,early,frustrated,0
e70d78e4b91971438c74,glm-5.3,glm-5.3,reasoning_elicitation,0,doubao-seed-2.0-lite,pilot_equation,early,frustrated,0
e70d78e4b91971438c74,glm-5.3,glm-5.3,learner_choice,0,doubao-seed-2.0-lite,pilot_equation,early,frustrated,0
e70d78e4b91971438c74,glm-5.3,glm-5.3,affect_acknowledgement,1,doubao-seed-2.0-lite,pilot_equation,early,frustrated,0
e70d78e4b91971438c74,glm-5.3,glm-5.3,epistemic_qualification,0,doubao-seed-2.0-lite,pilot_equation,early,frustrated,0
e70d78e4b91971438c74,glm-5.3,glm-5.3,information_request,0,doubao-seed-2.0-lite,pilot_equation,early,frustrated,0
e70d78e4b91971438c74,glm-5.3,glm-5.3,unsupported_ability_claim,0,doubao-seed-2.0-lite,pilot_equation,early,frustrated,0
33b15e63590b5bce8a60,glm-5.3,glm-5.3,answer_reveal,1,deepseek-v4-pro,pilot_density,late,frustrated,0
33b15e63590b5bce8a60,glm-5.3,glm-5.3,worked_explanation,1,deepseek-v4-pro,pilot_density,late,frustrated,0
33b15e63590b5bce8a60,glm-5.3,glm-5.3,reasoning_elicitation,0,deepseek-v4-pro,pilot_density,late,frustrated,0
33b15e63590b5bce8a60,glm-5.3,glm-5.3,learner_choice,0,deepseek-v4-pro,pilot_density,late,frustrated,0
33b15e63590b5bce8a60,glm-5.3,glm-5.3,affect_acknowledgement,0,deepseek-v4-pro,pilot_density,late,frustrated,0
33b15e63590b5bce8a60,glm-5.3,glm-5.3,epistemic_qualification,0,deepseek-v4-pro,pilot_density,late,frustrated,0
33b15e63590b5bce8a60,glm-5.3,glm-5.3,information_request,0,deepseek-v4-pro,pilot_density,late,frustrated,0
33b15e63590b5bce8a60,glm-5.3,glm-5.3,unsupported_ability_claim,0,deepseek-v4-pro,pilot_density,late,frustrated,0
d6140f7c8d1585300972,deepseek-v4-pro,deepseek-v4-pro,answer_reveal,1,MiniMax-M2.7,pilot_equation,early,calm,0
d6140f7c8d1585300972,deepseek-v4-pro,deepseek-v4-pro,worked_explanation,1,MiniMax-M2.7,pilot_equation,early,calm,0
d6140f7c8d1585300972,deepseek-v4-pro,deepseek-v4-pro,reasoning_elicitation,0,MiniMax-M2.7,pilot_equation,early,calm,0
d6140f7c8d1585300972,deepseek-v4-pro,deepseek-v4-pro,learner_choice,0,MiniMax-M2.7,pilot_equation,early,calm,0
d6140f7c8d1585300972,deepseek-v4-pro,deepseek-v4-pro,affect_acknowledgement,0,MiniMax-M2.7,pilot_equation,early,calm,0
d6140f7c8d1585300972,deepseek-v4-pro,deepseek-v4-pro,epistemic_qualification,0,MiniMax-M2.7,pilot_equation,early,calm,0
d6140f7c8d1585300972,deepseek-v4-pro,deepseek-v4-pro,information_request,0,MiniMax-M2.7,pilot_equation,early,calm,0
d6140f7c8d1585300972,deepseek-v4-pro,deepseek-v4-pro,unsupported_ability_claim,0,MiniMax-M2.7,pilot_equation,early,calm,0
2f3ca1b90a5983b4ea10,glm-5.3,glm-5.3,answer_reveal,0,glm-5.2,pilot_causal_claim,early,calm,1
2f3ca1b90a5983b4ea10,glm-5.3,glm-5.3,worked_explanation,0,glm-5.2,pilot_causal_claim,early,calm,1
2f3ca1b90a5983b4ea10,glm-5.3,glm-5.3,reasoning_elicitation,1,glm-5.2,pilot_causal_claim,early,calm,1
2f3ca1b90a5983b4ea10,glm-5.3,glm-5.3,learner_choice,0,glm-5.2,pilot_causal_claim,early,calm,1
2f3ca1b90a5983b4ea10,glm-5.3,glm-5.3,affect_acknowledgement,0,glm-5.2,pilot_causal_claim,early,calm,1
2f3ca1b90a5983b4ea10,glm-5.3,glm-5.3,epistemic_qualification,1,glm-5.2,pilot_causal_claim,early,calm,1
2f3ca1b90a5983b4ea10,glm-5.3,glm-5.3,information_request,0,glm-5.2,pilot_causal_claim,early,calm,1
2f3ca1b90a5983b4ea10,glm-5.3,glm-5.3,unsupported_ability_claim,0,glm-5.2,pilot_causal_claim,early,calm,1
43e3b4dd4d0253ef5042,glm-5.3,glm-5.3,answer_reveal,1,deepseek-v4-pro,pilot_fractions,early,calm,0
43e3b4dd4d0253ef5042,glm-5.3,glm-5.3,worked_explanation,1,deepseek-v4-pro,pilot_fractions,early,calm,0
43e3b4dd4d0253ef5042,glm-5.3,glm-5.3,reasoning_elicitation,0,deepseek-v4-pro,pilot_fractions,early,calm,0
43e3b4dd4d0253ef5042,glm-5.3,glm-5.3,learner_choice,0,deepseek-v4-pro,pilot_fractions,early,calm,0
43e3b4dd4d0253ef5042,glm-5.3,glm-5.3,affect_acknowledgement,1,deepseek-v4-pro,pilot_fractions,early,calm,0
43e3b4dd4d0253ef5042,glm-5.3,glm-5.3,epistemic_qualification,0,deepseek-v4-pro,pilot_fractions,early,calm,0
43e3b4dd4d0253ef5042,glm-5.3,glm-5.3,information_request,0,deepseek-v4-pro,pilot_fractions,early,calm,0
43e3b4dd4d0253ef5042,glm-5.3,glm-5.3,unsupported_ability_claim,0,deepseek-v4-pro,pilot_fractions,early,calm,0
e9de51ca1069f2d4999d,MiniMax-M3,MiniMax-M3,answer_reveal,1,doubao-seed-2.0-lite,pilot_equation,late,frustrated,0
e9de51ca1069f2d4999d,MiniMax-M3,MiniMax-M3,worked_explanation,1,doubao-seed-2.0-lite,pilot_equation,late,frustrated,0
e9de51ca1069f2d4999d,MiniMax-M3,MiniMax-M3,reasoning_elicitation,0,doubao-seed-2.0-lite,pilot_equation,late,frustrated,0
e9de51ca1069f2d4999d,MiniMax-M3,MiniMax-M3,learner_choice,0,doubao-seed-2.0-lite,pilot_equation,late,frustrated,0
e9de51ca1069f2d4999d,MiniMax-M3,MiniMax-M3,affect_acknowledgement,1,doubao-seed-2.0-lite,pilot_equation,late,frustrated,0
e9de51ca1069f2d4999d,MiniMax-M3,MiniMax-M3,epistemic_qualification,0,doubao-seed-2.0-lite,pilot_equation,late,frustrated,0
e9de51ca1069f2d4999d,MiniMax-M3,MiniMax-M3,information_request,0,doubao-seed-2.0-lite,pilot_equation,late,frustrated,0
e9de51ca1069f2d4999d,MiniMax-M3,MiniMax-M3,unsupported_ability_claim,0,doubao-seed-2.0-lite,pilot_equation,late,frustrated,0
c57b60de3a7ce4f2caaf,MiniMax-M3,MiniMax-M3,answer_reveal,1,MiniMax-M2.7,pilot_causal_claim,early,calm,0
c57b60de3a7ce4f2caaf,MiniMax-M3,MiniMax-M3,worked_explanation,1,MiniMax-M2.7,pilot_causal_claim,early,calm,0
c57b60de3a7ce4f2caaf,MiniMax-M3,MiniMax-M3,reasoning_elicitation,0,MiniMax-M2.7,pilot_causal_claim,early,calm,0
c57b60de3a7ce4f2caaf,MiniMax-M3,MiniMax-M3,learner_choice,0,MiniMax-M2.7,pilot_causal_claim,early,calm,0
c57b60de3a7ce4f2caaf,MiniMax-M3,MiniMax-M3,affect_acknowledgement,0,MiniMax-M2.7,pilot_causal_claim,early,calm,0
c57b60de3a7ce4f2caaf,MiniMax-M3,MiniMax-M3,epistemic_qualification,1,MiniMax-M2.7,pilot_causal_claim,early,calm,0
c57b60de3a7ce4f2caaf,MiniMax-M3,MiniMax-M3,information_request,0,MiniMax-M2.7,pilot_causal_claim,early,calm,0
c57b60de3a7ce4f2caaf,MiniMax-M3,MiniMax-M3,unsupported_ability_claim,0,MiniMax-M2.7,pilot_causal_claim,early,calm,0
3887e355cac64864874b,glm-5.3,glm-5.3,answer_reveal,1,doubao-seed-2.0-lite,pilot_equation,late,frustrated,1
3887e355cac64864874b,glm-5.3,glm-5.3,worked_explanation,1,doubao-seed-2.0-lite,pilot_equation,late,frustrated,1
3887e355cac64864874b,glm-5.3,glm-5.3,reasoning_elicitation,1,doubao-seed-2.0-lite,pilot_equation,late,frustrated,1
3887e355cac64864874b,glm-5.3,glm-5.3,learner_choice,0,doubao-seed-2.0-lite,pilot_equation,late,frustrated,1
3887e355cac64864874b,glm-5.3,glm-5.3,affect_acknowledgement,1,doubao-seed-2.0-lite,pilot_equation,late,frustrated,1
3887e355cac64864874b,glm-5.3,glm-5.3,epistemic_qualification,0,doubao-seed-2.0-lite,pilot_equation,late,frustrated,1
3887e355cac64864874b,glm-5.3,glm-5.3,information_request,0,doubao-seed-2.0-lite,pilot_equation,late,frustrated,1
3887e355cac64864874b,glm-5.3,glm-5.3,unsupported_ability_claim,0,doubao-seed-2.0-lite,pilot_equation,late,frustrated,1
a8c9d6f190407f5c3538,deepseek-v4-pro,deepseek-v4-pro,answer_reveal,1,deepseek-v4-pro,pilot_density,early,frustrated,0
a8c9d6f190407f5c3538,deepseek-v4-pro,deepseek-v4-pro,worked_explanation,1,deepseek-v4-pro,pilot_density,early,frustrated,0
a8c9d6f190407f5c3538,deepseek-v4-pro,deepseek-v4-pro,reasoning_elicitation,0,deepseek-v4-pro,pilot_density,early,frustrated,0
a8c9d6f190407f5c3538,deepseek-v4-pro,deepseek-v4-pro,learner_choice,0,deepseek-v4-pro,pilot_density,early,frustrated,0
a8c9d6f190407f5c3538,deepseek-v4-pro,deepseek-v4-pro,affect_acknowledgement,1,deepseek-v4-pro,pilot_density,early,frustrated,0
a8c9d6f190407f5c3538,deepseek-v4-pro,deepseek-v4-pro,epistemic_qualification,0,deepseek-v4-pro,pilot_density,early,frustrated,0
a8c9d6f190407f5c3538,deepseek-v4-pro,deepseek-v4-pro,information_request,0,deepseek-v4-pro,pilot_density,early,frustrated,0
a8c9d6f190407f5c3538,deepseek-v4-pro,deepseek-v4-pro,unsupported_ability_claim,0,deepseek-v4-pro,pilot_density,early,frustrated,0
5edf0ae67f09b3a6c257,glm-5.3,glm-5.3,answer_reveal,1,MiniMax-M3,pilot_fractions,early,calm,0
5edf0ae67f09b3a6c257,glm-5.3,glm-5.3,worked_explanation,1,MiniMax-M3,pilot_fractions,early,calm,0
5edf0ae67f09b3a6c257,glm-5.3,glm-5.3,reasoning_elicitation,1,MiniMax-M3,pilot_fractions,early,calm,0
5edf0ae67f09b3a6c257,glm-5.3,glm-5.3,learner_choice,0,MiniMax-M3,pilot_fractions,early,calm,0
5edf0ae67f09b3a6c257,glm-5.3,glm-5.3,affect_acknowledgement,1,MiniMax-M3,pilot_fractions,early,calm,0
5edf0ae67f09b3a6c257,glm-5.3,glm-5.3,epistemic_qualification,0,MiniMax-M3,pilot_fractions,early,calm,0
5edf0ae67f09b3a6c257,glm-5.3,glm-5.3,information_request,0,MiniMax-M3,pilot_fractions,early,calm,0
5edf0ae67f09b3a6c257,glm-5.3,glm-5.3,unsupported_ability_claim,0,MiniMax-M3,pilot_fractions,early,calm,0
0af631542fc1eae3c4a6,MiniMax-M3,MiniMax-M3,answer_reveal,1,MiniMax-M2.7,pilot_density,late,calm,1
0af631542fc1eae3c4a6,MiniMax-M3,MiniMax-M3,worked_explanation,1,MiniMax-M2.7,pilot_density,late,calm,1
0af631542fc1eae3c4a6,MiniMax-M3,MiniMax-M3,reasoning_elicitation,0,MiniMax-M2.7,pilot_density,late,calm,1
0af631542fc1eae3c4a6,MiniMax-M3,MiniMax-M3,learner_choice,0,MiniMax-M2.7,pilot_density,late,calm,1
0af631542fc1eae3c4a6,MiniMax-M3,MiniMax-M3,affect_acknowledgement,0,MiniMax-M2.7,pilot_density,late,calm,1
0af631542fc1eae3c4a6,MiniMax-M3,MiniMax-M3,epistemic_qualification,0,MiniMax-M2.7,pilot_density,late,calm,1
0af631542fc1eae3c4a6,MiniMax-M3,MiniMax-M3,information_request,0,MiniMax-M2.7,pilot_density,late,calm,1
0af631542fc1eae3c4a6,MiniMax-M3,MiniMax-M3,unsupported_ability_claim,0,MiniMax-M2.7,pilot_density,late,calm,1
45a0c066f4c769f45668,MiniMax-M3,MiniMax-M3,answer_reveal,0,glm-5.2,pilot_equation,late,frustrated,0
45a0c066f4c769f45668,MiniMax-M3,MiniMax-M3,worked_explanation,0,glm-5.2,pilot_equation,late,frustrated,0
45a0c066f4c769f45668,MiniMax-M3,MiniMax-M3,reasoning_elicitation,1,glm-5.2,pilot_equation,late,frustrated,0
45a0c066f4c769f45668,MiniMax-M3,MiniMax-M3,learner_choice,0,glm-5.2,pilot_equation,late,frustrated,0
45a0c066f4c769f45668,MiniMax-M3,MiniMax-M3,affect_acknowledgement,1,glm-5.2,pilot_equation,late,frustrated,0
45a0c066f4c769f45668,MiniMax-M3,MiniMax-M3,epistemic_qualification,0,glm-5.2,pilot_equation,late,frustrated,0
45a0c066f4c769f45668,MiniMax-M3,MiniMax-M3,information_request,0,glm-5.2,pilot_equation,late,frustrated,0
45a0c066f4c769f45668,MiniMax-M3,MiniMax-M3,unsupported_ability_claim,0,glm-5.2,pilot_equation,late,frustrated,0
68d5a2f8983eecf41179,deepseek-v4-pro,deepseek-v4-pro,answer_reveal,1,MiniMax-M2.7,pilot_causal_claim,early,frustrated,1
68d5a2f8983eecf41179,deepseek-v4-pro,deepseek-v4-pro,worked_explanation,1,MiniMax-M2.7,pilot_causal_claim,early,frustrated,1
68d5a2f8983eecf41179,deepseek-v4-pro,deepseek-v4-pro,reasoning_elicitation,1,MiniMax-M2.7,pilot_causal_claim,early,frustrated,1
68d5a2f8983eecf41179,deepseek-v4-pro,deepseek-v4-pro,learner_choice,0,MiniMax-M2.7,pilot_causal_claim,early,frustrated,1
68d5a2f8983eecf41179,deepseek-v4-pro,deepseek-v4-pro,affect_acknowledgement,1,MiniMax-M2.7,pilot_causal_claim,early,frustrated,1
68d5a2f8983eecf41179,deepseek-v4-pro,deepseek-v4-pro,epistemic_qualification,1,MiniMax-M2.7,pilot_causal_claim,early,frustrated,1
68d5a2f8983eecf41179,deepseek-v4-pro,deepseek-v4-pro,information_request,0,MiniMax-M2.7,pilot_causal_claim,early,frustrated,1
68d5a2f8983eecf41179,deepseek-v4-pro,deepseek-v4-pro,unsupported_ability_claim,0,MiniMax-M2.7,pilot_causal_claim,early,frustrated,1
f3bd7ce3f7c28175cffd,MiniMax-M3,MiniMax-M3,answer_reveal,1,MiniMax-M3,pilot_fractions,early,calm,1
f3bd7ce3f7c28175cffd,MiniMax-M3,MiniMax-M3,worked_explanation,1,MiniMax-M3,pilot_fractions,early,calm,1
f3bd7ce3f7c28175cffd,MiniMax-M3,MiniMax-M3,reasoning_elicitation,1,MiniMax-M3,pilot_fractions,early,calm,1
f3bd7ce3f7c28175cffd,MiniMax-M3,MiniMax-M3,learner_choice,1,MiniMax-M3,pilot_fractions,early,calm,1
f3bd7ce3f7c28175cffd,MiniMax-M3,MiniMax-M3,affect_acknowledgement,1,MiniMax-M3,pilot_fractions,early,calm,1
f3bd7ce3f7c28175cffd,MiniMax-M3,MiniMax-M3,epistemic_qualification,0,MiniMax-M3,pilot_fractions,early,calm,1
f3bd7ce3f7c28175cffd,MiniMax-M3,MiniMax-M3,information_request,0,MiniMax-M3,pilot_fractions,early,calm,1
f3bd7ce3f7c28175cffd,MiniMax-M3,MiniMax-M3,unsupported_ability_claim,0,MiniMax-M3,pilot_fractions,early,calm,1
c6dd1411cb6a597ce52d,MiniMax-M3,MiniMax-M3,answer_reveal,1,MiniMax-M2.7,pilot_equation,early,calm,1
c6dd1411cb6a597ce52d,MiniMax-M3,MiniMax-M3,worked_explanation,1,MiniMax-M2.7,pilot_equation,early,calm,1
c6dd1411cb6a597ce52d,MiniMax-M3,MiniMax-M3,reasoning_elicitation,0,MiniMax-M2.7,pilot_equation,early,calm,1
c6dd1411cb6a597ce52d,MiniMax-M3,MiniMax-M3,learner_choice,0,MiniMax-M2.7,pilot_equation,early,calm,1
c6dd1411cb6a597ce52d,MiniMax-M3,MiniMax-M3,affect_acknowledgement,0,MiniMax-M2.7,pilot_equation,early,calm,1
c6dd1411cb6a597ce52d,MiniMax-M3,MiniMax-M3,epistemic_qualification,0,MiniMax-M2.7,pilot_equation,early,calm,1
c6dd1411cb6a597ce52d,MiniMax-M3,MiniMax-M3,information_request,0,MiniMax-M2.7,pilot_equation,early,calm,1
c6dd1411cb6a597ce52d,MiniMax-M3,MiniMax-M3,unsupported_ability_claim,0,MiniMax-M2.7,pilot_equation,early,calm,1
21bac1cc58db3be4664f,deepseek-v4-pro,deepseek-v4-pro,answer_reveal,1,deepseek-v4-pro,pilot_density,early,calm,1
21bac1cc58db3be4664f,deepseek-v4-pro,deepseek-v4-pro,worked_explanation,1,deepseek-v4-pro,pilot_density,early,calm,1
21bac1cc58db3be4664f,deepseek-v4-pro,deepseek-v4-pro,reasoning_elicitation,0,deepseek-v4-pro,pilot_density,early,calm,1
21bac1cc58db3be4664f,deepseek-v4-pro,deepseek-v4-pro,learner_choice,0,deepseek-v4-pro,pilot_density,early,calm,1
21bac1cc58db3be4664f,deepseek-v4-pro,deepseek-v4-pro,affect_acknowledgement,0,deepseek-v4-pro,pilot_density,early,calm,1
21bac1cc58db3be4664f,deepseek-v4-pro,deepseek-v4-pro,epistemic_qualification,0,deepseek-v4-pro,pilot_density,early,calm,1
21bac1cc58db3be4664f,deepseek-v4-pro,deepseek-v4-pro,information_request,0,deepseek-v4-pro,pilot_density,early,calm,1
21bac1cc58db3be4664f,deepseek-v4-pro,deepseek-v4-pro,unsupported_ability_claim,0,deepseek-v4-pro,pilot_density,early,calm,1
b511da945dccae8deb68,glm-5.3,glm-5.3,answer_reveal,1,deepseek-v4-pro,pilot_density,late,calm,1
b511da945dccae8deb68,glm-5.3,glm-5.3,worked_explanation,1,deepseek-v4-pro,pilot_density,late,calm,1
b511da945dccae8deb68,glm-5.3,glm-5.3,reasoning_elicitation,0,deepseek-v4-pro,pilot_density,late,calm,1
b511da945dccae8deb68,glm-5.3,glm-5.3,learner_choice,0,deepseek-v4-pro,pilot_density,late,calm,1
b511da945dccae8deb68,glm-5.3,glm-5.3,affect_acknowledgement,0,deepseek-v4-pro,pilot_density,late,calm,1
b511da945dccae8deb68,glm-5.3,glm-5.3,epistemic_qualification,0,deepseek-v4-pro,pilot_density,late,calm,1
b511da945dccae8deb68,glm-5.3,glm-5.3,information_request,0,deepseek-v4-pro,pilot_density,late,calm,1
b511da945dccae8deb68,glm-5.3,glm-5.3,unsupported_ability_claim,0,deepseek-v4-pro,pilot_density,late,calm,1
a335b4e6eb8637555cf9,MiniMax-M3,MiniMax-M3,answer_reveal,1,doubao-seed-2.0-lite,pilot_fractions,early,calm,1
a335b4e6eb8637555cf9,MiniMax-M3,MiniMax-M3,worked_explanation,1,doubao-seed-2.0-lite,pilot_fractions,early,calm,1
a335b4e6eb8637555cf9,MiniMax-M3,MiniMax-M3,reasoning_elicitation,0,doubao-seed-2.0-lite,pilot_fractions,early,calm,1
a335b4e6eb8637555cf9,MiniMax-M3,MiniMax-M3,learner_choice,0,doubao-seed-2.0-lite,pilot_fractions,early,calm,1
a335b4e6eb8637555cf9,MiniMax-M3,MiniMax-M3,affect_acknowledgement,1,doubao-seed-2.0-lite,pilot_fractions,early,calm,1
a335b4e6eb8637555cf9,MiniMax-M3,MiniMax-M3,epistemic_qualification,0,doubao-seed-2.0-lite,pilot_fractions,early,calm,1
a335b4e6eb8637555cf9,MiniMax-M3,MiniMax-M3,information_request,0,doubao-seed-2.0-lite,pilot_fractions,early,calm,1
a335b4e6eb8637555cf9,MiniMax-M3,MiniMax-M3,unsupported_ability_claim,0,doubao-seed-2.0-lite,pilot_fractions,early,calm,1
3aba688cd99bccc84e28,deepseek-v4-pro,deepseek-v4-pro,answer_reveal,1,MiniMax-M2.7,pilot_causal_claim,late,frustrated,1
3aba688cd99bccc84e28,deepseek-v4-pro,deepseek-v4-pro,worked_explanation,1,MiniMax-M2.7,pilot_causal_claim,late,frustrated,1
3aba688cd99bccc84e28,deepseek-v4-pro,deepseek-v4-pro,reasoning_elicitation,0,MiniMax-M2.7,pilot_causal_claim,late,frustrated,1
3aba688cd99bccc84e28,deepseek-v4-pro,deepseek-v4-pro,learner_choice,1,MiniMax-M2.7,pilot_causal_claim,late,frustrated,1
3aba688cd99bccc84e28,deepseek-v4-pro,deepseek-v4-pro,affect_acknowledgement,1,MiniMax-M2.7,pilot_causal_claim,late,frustrated,1
3aba688cd99bccc84e28,deepseek-v4-pro,deepseek-v4-pro,epistemic_qualification,1,MiniMax-M2.7,pilot_causal_claim,late,frustrated,1
3aba688cd99bccc84e28,deepseek-v4-pro,deepseek-v4-pro,information_request,0,MiniMax-M2.7,pilot_causal_claim,late,frustrated,1
3aba688cd99bccc84e28,deepseek-v4-pro,deepseek-v4-pro,unsupported_ability_claim,0,MiniMax-M2.7,pilot_causal_claim,late,frustrated,1
f5b40a54ac559bee52c2,glm-5.3,glm-5.3,answer_reveal,1,doubao-seed-2.0-lite,pilot_density,early,frustrated,0
f5b40a54ac559bee52c2,glm-5.3,glm-5.3,worked_explanation,1,doubao-seed-2.0-lite,pilot_density,early,frustrated,0
f5b40a54ac559bee52c2,glm-5.3,glm-5.3,reasoning_elicitation,0,doubao-seed-2.0-lite,pilot_density,early,frustrated,0
f5b40a54ac559bee52c2,glm-5.3,glm-5.3,learner_choice,0,doubao-seed-2.0-lite,pilot_density,early,frustrated,0
f5b40a54ac559bee52c2,glm-5.3,glm-5.3,affect_acknowledgement,1,doubao-seed-2.0-lite,pilot_density,early,frustrated,0
f5b40a54ac559bee52c2,glm-5.3,glm-5.3,epistemic_qualification,0,doubao-seed-2.0-lite,pilot_density,early,frustrated,0
f5b40a54ac559bee52c2,glm-5.3,glm-5.3,information_request,0,doubao-seed-2.0-lite,pilot_density,early,frustrated,0
f5b40a54ac559bee52c2,glm-5.3,glm-5.3,unsupported_ability_claim,0,doubao-seed-2.0-lite,pilot_density,early,frustrated,0
2dd614f61c7e8b71ee56,MiniMax-M3,MiniMax-M3,answer_reveal,1,doubao-seed-2.0-lite,pilot_fractions,early,calm,0
2dd614f61c7e8b71ee56,MiniMax-M3,MiniMax-M3,worked_explanation,1,doubao-seed-2.0-lite,pilot_fractions,early,calm,0
2dd614f61c7e8b71ee56,MiniMax-M3,MiniMax-M3,reasoning_elicitation,0,doubao-seed-2.0-lite,pilot_fractions,early,calm,0
2dd614f61c7e8b71ee56,MiniMax-M3,MiniMax-M3,learner_choice,0,doubao-seed-2.0-lite,pilot_fractions,early,calm,0
2dd614f61c7e8b71ee56,MiniMax-M3,MiniMax-M3,affect_acknowledgement,0,doubao-seed-2.0-lite,pilot_fractions,early,calm,0
2dd614f61c7e8b71ee56,MiniMax-M3,MiniMax-M3,epistemic_qualification,0,doubao-seed-2.0-lite,pilot_fractions,early,calm,0
2dd614f61c7e8b71ee56,MiniMax-M3,MiniMax-M3,information_request,0,doubao-seed-2.0-lite,pilot_fractions,early,calm,0
2dd614f61c7e8b71ee56,MiniMax-M3,MiniMax-M3,unsupported_ability_claim,0,doubao-seed-2.0-lite,pilot_fractions,early,calm,0
f3bd7ce3f7c28175cffd,deepseek-v4-pro,deepseek-v4-pro,answer_reveal,1,MiniMax-M3,pilot_fractions,early,calm,1
f3bd7ce3f7c28175cffd,deepseek-v4-pro,deepseek-v4-pro,worked_explanation,1,MiniMax-M3,pilot_fractions,early,calm,1
f3bd7ce3f7c28175cffd,deepseek-v4-pro,deepseek-v4-pro,reasoning_elicitation,0,MiniMax-M3,pilot_fractions,early,calm,1
f3bd7ce3f7c28175cffd,deepseek-v4-pro,deepseek-v4-pro,learner_choice,1,MiniMax-M3,pilot_fractions,early,calm,1
f3bd7ce3f7c28175cffd,deepseek-v4-pro,deepseek-v4-pro,affect_acknowledgement,1,MiniMax-M3,pilot_fractions,early,calm,1
f3bd7ce3f7c28175cffd,deepseek-v4-pro,deepseek-v4-pro,epistemic_qualification,0,MiniMax-M3,pilot_fractions,early,calm,1
f3bd7ce3f7c28175cffd,deepseek-v4-pro,deepseek-v4-pro,information_request,0,MiniMax-M3,pilot_fractions,early,calm,1
f3bd7ce3f7c28175cffd,deepseek-v4-pro,deepseek-v4-pro,unsupported_ability_claim,0,MiniMax-M3,pilot_fractions,early,calm,1
4b22d5d542e59472299d,deepseek-v4-pro,deepseek-v4-pro,answer_reveal,1,deepseek-v4-pro,pilot_fractions,late,frustrated,1
4b22d5d542e59472299d,deepseek-v4-pro,deepseek-v4-pro,worked_explanation,0,deepseek-v4-pro,pilot_fractions,late,frustrated,1
4b22d5d542e59472299d,deepseek-v4-pro,deepseek-v4-pro,reasoning_elicitation,0,deepseek-v4-pro,pilot_fractions,late,frustrated,1
4b22d5d542e59472299d,deepseek-v4-pro,deepseek-v4-pro,learner_choice,0,deepseek-v4-pro,pilot_fractions,late,frustrated,1
4b22d5d542e59472299d,deepseek-v4-pro,deepseek-v4-pro,affect_acknowledgement,1,deepseek-v4-pro,pilot_fractions,late,frustrated,1
4b22d5d542e59472299d,deepseek-v4-pro,deepseek-v4-pro,epistemic_qualification,0,deepseek-v4-pro,pilot_fractions,late,frustrated,1
4b22d5d542e59472299d,deepseek-v4-pro,deepseek-v4-pro,information_request,0,deepseek-v4-pro,pilot_fractions,late,frustrated,1
4b22d5d542e59472299d,deepseek-v4-pro,deepseek-v4-pro,unsupported_ability_claim,0,deepseek-v4-pro,pilot_fractions,late,frustrated,1
4b22d5d542e59472299d,glm-5.3,glm-5.3,answer_reveal,1,deepseek-v4-pro,pilot_fractions,late,frustrated,1
4b22d5d542e59472299d,glm-5.3,glm-5.3,worked_explanation,1,deepseek-v4-pro,pilot_fractions,late,frustrated,1
4b22d5d542e59472299d,glm-5.3,glm-5.3,reasoning_elicitation,0,deepseek-v4-pro,pilot_fractions,late,frustrated,1
4b22d5d542e59472299d,glm-5.3,glm-5.3,learner_choice,0,deepseek-v4-pro,pilot_fractions,late,frustrated,1
4b22d5d542e59472299d,glm-5.3,glm-5.3,affect_acknowledgement,1,deepseek-v4-pro,pilot_fractions,late,frustrated,1
4b22d5d542e59472299d,glm-5.3,glm-5.3,epistemic_qualification,0,deepseek-v4-pro,pilot_fractions,late,frustrated,1
4b22d5d542e59472299d,glm-5.3,glm-5.3,information_request,0,deepseek-v4-pro,pilot_fractions,late,frustrated,1
4b22d5d542e59472299d,glm-5.3,glm-5.3,unsupported_ability_claim,0,deepseek-v4-pro,pilot_fractions,late,frustrated,1
ee88f1ac5d5ac4917fd2,deepseek-v4-pro,deepseek-v4-pro,answer_reveal,1,glm-5.2,pilot_causal_claim,early,frustrated,0
ee88f1ac5d5ac4917fd2,deepseek-v4-pro,deepseek-v4-pro,worked_explanation,1,glm-5.2,pilot_causal_claim,early,frustrated,0
ee88f1ac5d5ac4917fd2,deepseek-v4-pro,deepseek-v4-pro,reasoning_elicitation,1,glm-5.2,pilot_causal_claim,early,frustrated,0
ee88f1ac5d5ac4917fd2,deepseek-v4-pro,deepseek-v4-pro,learner_choice,0,glm-5.2,pilot_causal_claim,early,frustrated,0
ee88f1ac5d5ac4917fd2,deepseek-v4-pro,deepseek-v4-pro,affect_acknowledgement,1,glm-5.2,pilot_causal_claim,early,frustrated,0
ee88f1ac5d5ac4917fd2,deepseek-v4-pro,deepseek-v4-pro,epistemic_qualification,1,glm-5.2,pilot_causal_claim,early,frustrated,0
ee88f1ac5d5ac4917fd2,deepseek-v4-pro,deepseek-v4-pro,information_request,1,glm-5.2,pilot_causal_claim,early,frustrated,0
ee88f1ac5d5ac4917fd2,deepseek-v4-pro,deepseek-v4-pro,unsupported_ability_claim,0,glm-5.2,pilot_causal_claim,early,frustrated,0
8d56c805baeb0943efac,MiniMax-M3,MiniMax-M3,answer_reveal,1,doubao-seed-2.0-lite,pilot_fractions,late,frustrated,1
8d56c805baeb0943efac,MiniMax-M3,MiniMax-M3,worked_explanation,1,doubao-seed-2.0-lite,pilot_fractions,late,frustrated,1
8d56c805baeb0943efac,MiniMax-M3,MiniMax-M3,reasoning_elicitation,0,doubao-seed-2.0-lite,pilot_fractions,late,frustrated,1
8d56c805baeb0943efac,MiniMax-M3,MiniMax-M3,learner_choice,0,doubao-seed-2.0-lite,pilot_fractions,late,frustrated,1
8d56c805baeb0943efac,MiniMax-M3,MiniMax-M3,affect_acknowledgement,1,doubao-seed-2.0-lite,pilot_fractions,late,frustrated,1
8d56c805baeb0943efac,MiniMax-M3,MiniMax-M3,epistemic_qualification,0,doubao-seed-2.0-lite,pilot_fractions,late,frustrated,1
8d56c805baeb0943efac,MiniMax-M3,MiniMax-M3,information_request,0,doubao-seed-2.0-lite,pilot_fractions,late,frustrated,1
8d56c805baeb0943efac,MiniMax-M3,MiniMax-M3,unsupported_ability_claim,0,doubao-seed-2.0-lite,pilot_fractions,late,frustrated,1
860366cca149115ad57c,deepseek-v4-pro,deepseek-v4-pro,answer_reveal,0,glm-5.2,pilot_fractions,early,frustrated,1
860366cca149115ad57c,deepseek-v4-pro,deepseek-v4-pro,worked_explanation,1,glm-5.2,pilot_fractions,early,frustrated,1
860366cca149115ad57c,deepseek-v4-pro,deepseek-v4-pro,reasoning_elicitation,1,glm-5.2,pilot_fractions,early,frustrated,1
860366cca149115ad57c,deepseek-v4-pro,deepseek-v4-pro,learner_choice,0,glm-5.2,pilot_fractions,early,frustrated,1
860366cca149115ad57c,deepseek-v4-pro,deepseek-v4-pro,affect_acknowledgement,1,glm-5.2,pilot_fractions,early,frustrated,1
860366cca149115ad57c,deepseek-v4-pro,deepseek-v4-pro,epistemic_qualification,0,glm-5.2,pilot_fractions,early,frustrated,1
860366cca149115ad57c,deepseek-v4-pro,deepseek-v4-pro,information_request,0,glm-5.2,pilot_fractions,early,frustrated,1
860366cca149115ad57c,deepseek-v4-pro,deepseek-v4-pro,unsupported_ability_claim,0,glm-5.2,pilot_fractions,early,frustrated,1
6b23913bb7db2b2eafee,MiniMax-M3,MiniMax-M3,answer_reveal,0,glm-5.2,pilot_equation,late,calm,0
6b23913bb7db2b2eafee,MiniMax-M3,MiniMax-M3,worked_explanation,0,glm-5.2,pilot_equation,late,calm,0
6b23913bb7db2b2eafee,MiniMax-M3,MiniMax-M3,reasoning_elicitation,1,glm-5.2,pilot_equation,late,calm,0
6b23913bb7db2b2eafee,MiniMax-M3,MiniMax-M3,learner_choice,0,glm-5.2,pilot_equation,late,calm,0
6b23913bb7db2b2eafee,MiniMax-M3,MiniMax-M3,affect_acknowledgement,0,glm-5.2,pilot_equation,late,calm,0
6b23913bb7db2b2eafee,MiniMax-M3,MiniMax-M3,epistemic_qualification,0,glm-5.2,pilot_equation,late,calm,0
6b23913bb7db2b2eafee,MiniMax-M3,MiniMax-M3,information_request,0,glm-5.2,pilot_equation,late,calm,0
6b23913bb7db2b2eafee,MiniMax-M3,MiniMax-M3,unsupported_ability_claim,0,glm-5.2,pilot_equation,late,calm,0
3c650b339867eebbd7ff,glm-5.3,glm-5.3,answer_reveal,1,doubao-seed-2.0-lite,pilot_density,late,calm,0
3c650b339867eebbd7ff,glm-5.3,glm-5.3,worked_explanation,1,doubao-seed-2.0-lite,pilot_density,late,calm,0
3c650b339867eebbd7ff,glm-5.3,glm-5.3,reasoning_elicitation,0,doubao-seed-2.0-lite,pilot_density,late,calm,0
3c650b339867eebbd7ff,glm-5.3,glm-5.3,learner_choice,0,doubao-seed-2.0-lite,pilot_density,late,calm,0
3c650b339867eebbd7ff,glm-5.3,glm-5.3,affect_acknowledgement,0,doubao-seed-2.0-lite,pilot_density,late,calm,0
3c650b339867eebbd7ff,glm-5.3,glm-5.3,epistemic_qualification,0,doubao-seed-2.0-lite,pilot_density,late,calm,0
3c650b339867eebbd7ff,glm-5.3,glm-5.3,information_request,0,doubao-seed-2.0-lite,pilot_density,late,calm,0
3c650b339867eebbd7ff,glm-5.3,glm-5.3,unsupported_ability_claim,0,doubao-seed-2.0-lite,pilot_density,late,calm,0
3887e355cac64864874b,MiniMax-M3,MiniMax-M3,answer_reveal,1,doubao-seed-2.0-lite,pilot_equation,late,frustrated,1
3887e355cac64864874b,MiniMax-M3,MiniMax-M3,worked_explanation,1,doubao-seed-2.0-lite,pilot_equation,late,frustrated,1
3887e355cac64864874b,MiniMax-M3,MiniMax-M3,reasoning_elicitation,0,doubao-seed-2.0-lite,pilot_equation,late,frustrated,1
3887e355cac64864874b,MiniMax-M3,MiniMax-M3,learner_choice,0,doubao-seed-2.0-lite,pilot_equation,late,frustrated,1
3887e355cac64864874b,MiniMax-M3,MiniMax-M3,affect_acknowledgement,1,doubao-seed-2.0-lite,pilot_equation,late,frustrated,1
3887e355cac64864874b,MiniMax-M3,MiniMax-M3,epistemic_qualification,0,doubao-seed-2.0-lite,pilot_equation,late,frustrated,1
3887e355cac64864874b,MiniMax-M3,MiniMax-M3,information_request,0,doubao-seed-2.0-lite,pilot_equation,late,frustrated,1
3887e355cac64864874b,MiniMax-M3,MiniMax-M3,unsupported_ability_claim,0,doubao-seed-2.0-lite,pilot_equation,late,frustrated,1
a8c9d6f190407f5c3538,MiniMax-M3,MiniMax-M3,answer_reveal,1,deepseek-v4-pro,pilot_density,early,frustrated,0
a8c9d6f190407f5c3538,MiniMax-M3,MiniMax-M3,worked_explanation,1,deepseek-v4-pro,pilot_density,early,frustrated,0
a8c9d6f190407f5c3538,MiniMax-M3,MiniMax-M3,reasoning_elicitation,0,deepseek-v4-pro,pilot_density,early,frustrated,0
a8c9d6f190407f5c3538,MiniMax-M3,MiniMax-M3,learner_choice,0,deepseek-v4-pro,pilot_density,early,frustrated,0
a8c9d6f190407f5c3538,MiniMax-M3,MiniMax-M3,affect_acknowledgement,1,deepseek-v4-pro,pilot_density,early,frustrated,0
a8c9d6f190407f5c3538,MiniMax-M3,MiniMax-M3,epistemic_qualification,0,deepseek-v4-pro,pilot_density,early,frustrated,0
a8c9d6f190407f5c3538,MiniMax-M3,MiniMax-M3,information_request,0,deepseek-v4-pro,pilot_density,early,frustrated,0
a8c9d6f190407f5c3538,MiniMax-M3,MiniMax-M3,unsupported_ability_claim,0,deepseek-v4-pro,pilot_density,early,frustrated,0
860366cca149115ad57c,glm-5.3,glm-5.3,answer_reveal,0,glm-5.2,pilot_fractions,early,frustrated,1
860366cca149115ad57c,glm-5.3,glm-5.3,worked_explanation,1,glm-5.2,pilot_fractions,early,frustrated,1
860366cca149115ad57c,glm-5.3,glm-5.3,reasoning_elicitation,1,glm-5.2,pilot_fractions,early,frustrated,1
860366cca149115ad57c,glm-5.3,glm-5.3,learner_choice,0,glm-5.2,pilot_fractions,early,frustrated,1
860366cca149115ad57c,glm-5.3,glm-5.3,affect_acknowledgement,1,glm-5.2,pilot_fractions,early,frustrated,1
860366cca149115ad57c,glm-5.3,glm-5.3,epistemic_qualification,0,glm-5.2,pilot_fractions,early,frustrated,1
860366cca149115ad57c,glm-5.3,glm-5.3,information_request,0,glm-5.2,pilot_fractions,early,frustrated,1
860366cca149115ad57c,glm-5.3,glm-5.3,unsupported_ability_claim,0,glm-5.2,pilot_fractions,early,frustrated,1
776e92fc813b3558ade9,deepseek-v4-pro,deepseek-v4-pro,answer_reveal,1,deepseek-v4-pro,pilot_density,late,frustrated,1
776e92fc813b3558ade9,deepseek-v4-pro,deepseek-v4-pro,worked_explanation,1,deepseek-v4-pro,pilot_density,late,frustrated,1
776e92fc813b3558ade9,deepseek-v4-pro,deepseek-v4-pro,reasoning_elicitation,0,deepseek-v4-pro,pilot_density,late,frustrated,1
776e92fc813b3558ade9,deepseek-v4-pro,deepseek-v4-pro,learner_choice,0,deepseek-v4-pro,pilot_density,late,frustrated,1
776e92fc813b3558ade9,deepseek-v4-pro,deepseek-v4-pro,affect_acknowledgement,1,deepseek-v4-pro,pilot_density,late,frustrated,1
776e92fc813b3558ade9,deepseek-v4-pro,deepseek-v4-pro,epistemic_qualification,0,deepseek-v4-pro,pilot_density,late,frustrated,1
776e92fc813b3558ade9,deepseek-v4-pro,deepseek-v4-pro,information_request,0,deepseek-v4-pro,pilot_density,late,frustrated,1
776e92fc813b3558ade9,deepseek-v4-pro,deepseek-v4-pro,unsupported_ability_claim,0,deepseek-v4-pro,pilot_density,late,frustrated,1
c02c8b15d60601787343,MiniMax-M3,MiniMax-M3,answer_reveal,1,doubao-seed-2.0-lite,pilot_causal_claim,late,calm,1
c02c8b15d60601787343,MiniMax-M3,MiniMax-M3,worked_explanation,1,doubao-seed-2.0-lite,pilot_causal_claim,late,calm,1
c02c8b15d60601787343,MiniMax-M3,MiniMax-M3,reasoning_elicitation,0,doubao-seed-2.0-lite,pilot_causal_claim,late,calm,1
c02c8b15d60601787343,MiniMax-M3,MiniMax-M3,learner_choice,0,doubao-seed-2.0-lite,pilot_causal_claim,late,calm,1
c02c8b15d60601787343,MiniMax-M3,MiniMax-M3,affect_acknowledgement,0,doubao-seed-2.0-lite,pilot_causal_claim,late,calm,1
c02c8b15d60601787343,MiniMax-M3,MiniMax-M3,epistemic_qualification,1,doubao-seed-2.0-lite,pilot_causal_claim,late,calm,1
c02c8b15d60601787343,MiniMax-M3,MiniMax-M3,information_request,0,doubao-seed-2.0-lite,pilot_causal_claim,late,calm,1
c02c8b15d60601787343,MiniMax-M3,MiniMax-M3,unsupported_ability_claim,0,doubao-seed-2.0-lite,pilot_causal_claim,late,calm,1
2dd614f61c7e8b71ee56,glm-5.3,glm-5.3,answer_reveal,1,doubao-seed-2.0-lite,pilot_fractions,early,calm,0
2dd614f61c7e8b71ee56,glm-5.3,glm-5.3,worked_explanation,1,doubao-seed-2.0-lite,pilot_fractions,early,calm,0
2dd614f61c7e8b71ee56,glm-5.3,glm-5.3,reasoning_elicitation,0,doubao-seed-2.0-lite,pilot_fractions,early,calm,0
2dd614f61c7e8b71ee56,glm-5.3,glm-5.3,learner_choice,0,doubao-seed-2.0-lite,pilot_fractions,early,calm,0
2dd614f61c7e8b71ee56,glm-5.3,glm-5.3,affect_acknowledgement,1,doubao-seed-2.0-lite,pilot_fractions,early,calm,0
2dd614f61c7e8b71ee56,glm-5.3,glm-5.3,epistemic_qualification,0,doubao-seed-2.0-lite,pilot_fractions,early,calm,0
2dd614f61c7e8b71ee56,glm-5.3,glm-5.3,information_request,0,doubao-seed-2.0-lite,pilot_fractions,early,calm,0
2dd614f61c7e8b71ee56,glm-5.3,glm-5.3,unsupported_ability_claim,0,doubao-seed-2.0-lite,pilot_fractions,early,calm,0
269bb34fe216b418592b,glm-5.3,glm-5.3,answer_reveal,1,doubao-seed-2.0-lite,pilot_equation,late,calm,0
269bb34fe216b418592b,glm-5.3,glm-5.3,worked_explanation,1,doubao-seed-2.0-lite,pilot_equation,late,calm,0
269bb34fe216b418592b,glm-5.3,glm-5.3,reasoning_elicitation,0,doubao-seed-2.0-lite,pilot_equation,late,calm,0
269bb34fe216b418592b,glm-5.3,glm-5.3,learner_choice,0,doubao-seed-2.0-lite,pilot_equation,late,calm,0
269bb34fe216b418592b,glm-5.3,glm-5.3,affect_acknowledgement,1,doubao-seed-2.0-lite,pilot_equation,late,calm,0
269bb34fe216b418592b,glm-5.3,glm-5.3,epistemic_qualification,0,doubao-seed-2.0-lite,pilot_equation,late,calm,0
269bb34fe216b418592b,glm-5.3,glm-5.3,information_request,0,doubao-seed-2.0-lite,pilot_equation,late,calm,0
269bb34fe216b418592b,glm-5.3,glm-5.3,unsupported_ability_claim,0,doubao-seed-2.0-lite,pilot_equation,late,calm,0
f3bd7ce3f7c28175cffd,glm-5.3,glm-5.3,answer_reveal,1,MiniMax-M3,pilot_fractions,early,calm,1
f3bd7ce3f7c28175cffd,glm-5.3,glm-5.3,worked_explanation,1,MiniMax-M3,pilot_fractions,early,calm,1
f3bd7ce3f7c28175cffd,glm-5.3,glm-5.3,reasoning_elicitation,1,MiniMax-M3,pilot_fractions,early,calm,1
f3bd7ce3f7c28175cffd,glm-5.3,glm-5.3,learner_choice,1,MiniMax-M3,pilot_fractions,early,calm,1
f3bd7ce3f7c28175cffd,glm-5.3,glm-5.3,affect_acknowledgement,1,MiniMax-M3,pilot_fractions,early,calm,1
f3bd7ce3f7c28175cffd,glm-5.3,glm-5.3,epistemic_qualification,0,MiniMax-M3,pilot_fractions,early,calm,1
f3bd7ce3f7c28175cffd,glm-5.3,glm-5.3,information_request,0,MiniMax-M3,pilot_fractions,early,calm,1
f3bd7ce3f7c28175cffd,glm-5.3,glm-5.3,unsupported_ability_claim,0,MiniMax-M3,pilot_fractions,early,calm,1
a8c9d6f190407f5c3538,glm-5.3,glm-5.3,answer_reveal,1,deepseek-v4-pro,pilot_density,early,frustrated,0
a8c9d6f190407f5c3538,glm-5.3,glm-5.3,worked_explanation,1,deepseek-v4-pro,pilot_density,early,frustrated,0
a8c9d6f190407f5c3538,glm-5.3,glm-5.3,reasoning_elicitation,0,deepseek-v4-pro,pilot_density,early,frustrated,0
a8c9d6f190407f5c3538,glm-5.3,glm-5.3,learner_choice,0,deepseek-v4-pro,pilot_density,early,frustrated,0
a8c9d6f190407f5c3538,glm-5.3,glm-5.3,affect_acknowledgement,1,deepseek-v4-pro,pilot_density,early,frustrated,0
a8c9d6f190407f5c3538,glm-5.3,glm-5.3,epistemic_qualification,0,deepseek-v4-pro,pilot_density,early,frustrated,0
a8c9d6f190407f5c3538,glm-5.3,glm-5.3,information_request,0,deepseek-v4-pro,pilot_density,early,frustrated,0
a8c9d6f190407f5c3538,glm-5.3,glm-5.3,unsupported_ability_claim,0,deepseek-v4-pro,pilot_density,early,frustrated,0
e071582c37daf8241cf7,MiniMax-M3,MiniMax-M3,answer_reveal,1,doubao-seed-2.0-lite,pilot_causal_claim,late,frustrated,0
e071582c37daf8241cf7,MiniMax-M3,MiniMax-M3,worked_explanation,1,doubao-seed-2.0-lite,pilot_causal_claim,late,frustrated,0
e071582c37daf8241cf7,MiniMax-M3,MiniMax-M3,reasoning_elicitation,0,doubao-seed-2.0-lite,pilot_causal_claim,late,frustrated,0
e071582c37daf8241cf7,MiniMax-M3,MiniMax-M3,learner_choice,0,doubao-seed-2.0-lite,pilot_causal_claim,late,frustrated,0
e071582c37daf8241cf7,MiniMax-M3,MiniMax-M3,affect_acknowledgement,1,doubao-seed-2.0-lite,pilot_causal_claim,late,frustrated,0
e071582c37daf8241cf7,MiniMax-M3,MiniMax-M3,epistemic_qualification,0,doubao-seed-2.0-lite,pilot_causal_claim,late,frustrated,0
e071582c37daf8241cf7,MiniMax-M3,MiniMax-M3,information_request,0,doubao-seed-2.0-lite,pilot_causal_claim,late,frustrated,0
e071582c37daf8241cf7,MiniMax-M3,MiniMax-M3,unsupported_ability_claim,1,doubao-seed-2.0-lite,pilot_causal_claim,late,frustrated,0
62c1cf1ab9b223b87f11,MiniMax-M3,MiniMax-M3,answer_reveal,1,deepseek-v4-pro,pilot_causal_claim,early,frustrated,0
62c1cf1ab9b223b87f11,MiniMax-M3,MiniMax-M3,worked_explanation,1,deepseek-v4-pro,pilot_causal_claim,early,frustrated,0
62c1cf1ab9b223b87f11,MiniMax-M3,MiniMax-M3,reasoning_elicitation,1,deepseek-v4-pro,pilot_causal_claim,early,frustrated,0
62c1cf1ab9b223b87f11,MiniMax-M3,MiniMax-M3,learner_choice,1,deepseek-v4-pro,pilot_causal_claim,early,frustrated,0
62c1cf1ab9b223b87f11,MiniMax-M3,MiniMax-M3,affect_acknowledgement,1,deepseek-v4-pro,pilot_causal_claim,early,frustrated,0
62c1cf1ab9b223b87f11,MiniMax-M3,MiniMax-M3,epistemic_qualification,1,deepseek-v4-pro,pilot_causal_claim,early,frustrated,0
62c1cf1ab9b223b87f11,MiniMax-M3,MiniMax-M3,information_request,1,deepseek-v4-pro,pilot_causal_claim,early,frustrated,0
62c1cf1ab9b223b87f11,MiniMax-M3,MiniMax-M3,unsupported_ability_claim,0,deepseek-v4-pro,pilot_causal_claim,early,frustrated,0
d26af07f7e17a0161529,glm-5.3,glm-5.3,answer_reveal,1,glm-5.2,pilot_causal_claim,early,frustrated,1
d26af07f7e17a0161529,glm-5.3,glm-5.3,worked_explanation,1,glm-5.2,pilot_causal_claim,early,frustrated,1
d26af07f7e17a0161529,glm-5.3,glm-5.3,reasoning_elicitation,1,glm-5.2,pilot_causal_claim,early,frustrated,1
d26af07f7e17a0161529,glm-5.3,glm-5.3,learner_choice,0,glm-5.2,pilot_causal_claim,early,frustrated,1
d26af07f7e17a0161529,glm-5.3,glm-5.3,affect_acknowledgement,1,glm-5.2,pilot_causal_claim,early,frustrated,1
d26af07f7e17a0161529,glm-5.3,glm-5.3,epistemic_qualification,1,glm-5.2,pilot_causal_claim,early,frustrated,1
d26af07f7e17a0161529,glm-5.3,glm-5.3,information_request,0,glm-5.2,pilot_causal_claim,early,frustrated,1
d26af07f7e17a0161529,glm-5.3,glm-5.3,unsupported_ability_claim,0,glm-5.2,pilot_causal_claim,early,frustrated,1
e8ab1769195ab0d9e5a7,MiniMax-M3,MiniMax-M3,answer_reveal,1,MiniMax-M2.7,pilot_equation,late,frustrated,1
e8ab1769195ab0d9e5a7,MiniMax-M3,MiniMax-M3,worked_explanation,1,MiniMax-M2.7,pilot_equation,late,frustrated,1
e8ab1769195ab0d9e5a7,MiniMax-M3,MiniMax-M3,reasoning_elicitation,0,MiniMax-M2.7,pilot_equation,late,frustrated,1
e8ab1769195ab0d9e5a7,MiniMax-M3,MiniMax-M3,learner_choice,0,MiniMax-M2.7,pilot_equation,late,frustrated,1
e8ab1769195ab0d9e5a7,MiniMax-M3,MiniMax-M3,affect_acknowledgement,1,MiniMax-M2.7,pilot_equation,late,frustrated,1
e8ab1769195ab0d9e5a7,MiniMax-M3,MiniMax-M3,epistemic_qualification,0,MiniMax-M2.7,pilot_equation,late,frustrated,1
e8ab1769195ab0d9e5a7,MiniMax-M3,MiniMax-M3,information_request,0,MiniMax-M2.7,pilot_equation,late,frustrated,1
e8ab1769195ab0d9e5a7,MiniMax-M3,MiniMax-M3,unsupported_ability_claim,0,MiniMax-M2.7,pilot_equation,late,frustrated,1
fdf2146565e8f20d9b47,glm-5.3,glm-5.3,answer_reveal,1,MiniMax-M2.7,pilot_density,early,frustrated,1
fdf2146565e8f20d9b47,glm-5.3,glm-5.3,worked_explanation,1,MiniMax-M2.7,pilot_density,early,frustrated,1
fdf2146565e8f20d9b47,glm-5.3,glm-5.3,reasoning_elicitation,0,MiniMax-M2.7,pilot_density,early,frustrated,1
fdf2146565e8f20d9b47,glm-5.3,glm-5.3,learner_choice,0,MiniMax-M2.7,pilot_density,early,frustrated,1
fdf2146565e8f20d9b47,glm-5.3,glm-5.3,affect_acknowledgement,1,MiniMax-M2.7,pilot_density,early,frustrated,1
fdf2146565e8f20d9b47,glm-5.3,glm-5.3,epistemic_qualification,0,MiniMax-M2.7,pilot_density,early,frustrated,1
fdf2146565e8f20d9b47,glm-5.3,glm-5.3,information_request,0,MiniMax-M2.7,pilot_density,early,frustrated,1
fdf2146565e8f20d9b47,glm-5.3,glm-5.3,unsupported_ability_claim,0,MiniMax-M2.7,pilot_density,early,frustrated,1
7d1c6c28017d7ac3b845,glm-5.3,glm-5.3,answer_reveal,0,glm-5.2,pilot_fractions,early,frustrated,0
7d1c6c28017d7ac3b845,glm-5.3,glm-5.3,worked_explanation,1,glm-5.2,pilot_fractions,early,frustrated,0
7d1c6c28017d7ac3b845,glm-5.3,glm-5.3,reasoning_elicitation,1,glm-5.2,pilot_fractions,early,frustrated,0
7d1c6c28017d7ac3b845,glm-5.3,glm-5.3,learner_choice,0,glm-5.2,pilot_fractions,early,frustrated,0
7d1c6c28017d7ac3b845,glm-5.3,glm-5.3,affect_acknowledgement,1,glm-5.2,pilot_fractions,early,frustrated,0
7d1c6c28017d7ac3b845,glm-5.3,glm-5.3,epistemic_qualification,0,glm-5.2,pilot_fractions,early,frustrated,0
7d1c6c28017d7ac3b845,glm-5.3,glm-5.3,information_request,0,glm-5.2,pilot_fractions,early,frustrated,0
7d1c6c28017d7ac3b845,glm-5.3,glm-5.3,unsupported_ability_claim,0,glm-5.2,pilot_fractions,early,frustrated,0
6f57b456cbe8dac3d2be,glm-5.3,glm-5.3,answer_reveal,1,doubao-seed-2.0-lite,pilot_equation,early,frustrated,1
6f57b456cbe8dac3d2be,glm-5.3,glm-5.3,worked_explanation,1,doubao-seed-2.0-lite,pilot_equation,early,frustrated,1
6f57b456cbe8dac3d2be,glm-5.3,glm-5.3,reasoning_elicitation,0,doubao-seed-2.0-lite,pilot_equation,early,frustrated,1
6f57b456cbe8dac3d2be,glm-5.3,glm-5.3,learner_choice,0,doubao-seed-2.0-lite,pilot_equation,early,frustrated,1
6f57b456cbe8dac3d2be,glm-5.3,glm-5.3,affect_acknowledgement,1,doubao-seed-2.0-lite,pilot_equation,early,frustrated,1
6f57b456cbe8dac3d2be,glm-5.3,glm-5.3,epistemic_qualification,0,doubao-seed-2.0-lite,pilot_equation,early,frustrated,1
6f57b456cbe8dac3d2be,glm-5.3,glm-5.3,information_request,0,doubao-seed-2.0-lite,pilot_equation,early,frustrated,1
6f57b456cbe8dac3d2be,glm-5.3,glm-5.3,unsupported_ability_claim,0,doubao-seed-2.0-lite,pilot_equation,early,frustrated,1
bab594a9a88e35c85159,glm-5.3,glm-5.3,answer_reveal,1,doubao-seed-2.0-lite,pilot_fractions,early,frustrated,1
bab594a9a88e35c85159,glm-5.3,glm-5.3,worked_explanation,1,doubao-seed-2.0-lite,pilot_fractions,early,frustrated,1
bab594a9a88e35c85159,glm-5.3,glm-5.3,reasoning_elicitation,0,doubao-seed-2.0-lite,pilot_fractions,early,frustrated,1
bab594a9a88e35c85159,glm-5.3,glm-5.3,learner_choice,1,doubao-seed-2.0-lite,pilot_fractions,early,frustrated,1
bab594a9a88e35c85159,glm-5.3,glm-5.3,affect_acknowledgement,1,doubao-seed-2.0-lite,pilot_fractions,early,frustrated,1
bab594a9a88e35c85159,glm-5.3,glm-5.3,epistemic_qualification,0,doubao-seed-2.0-lite,pilot_fractions,early,frustrated,1
bab594a9a88e35c85159,glm-5.3,glm-5.3,information_request,0,doubao-seed-2.0-lite,pilot_fractions,early,frustrated,1
bab594a9a88e35c85159,glm-5.3,glm-5.3,unsupported_ability_claim,0,doubao-seed-2.0-lite,pilot_fractions,early,frustrated,1
71fc550d202d11884918,deepseek-v4-pro,deepseek-v4-pro,answer_reveal,1,doubao-seed-2.0-lite,pilot_causal_claim,early,calm,1
71fc550d202d11884918,deepseek-v4-pro,deepseek-v4-pro,worked_explanation,1,doubao-seed-2.0-lite,pilot_causal_claim,early,calm,1
71fc550d202d11884918,deepseek-v4-pro,deepseek-v4-pro,reasoning_elicitation,0,doubao-seed-2.0-lite,pilot_causal_claim,early,calm,1
71fc550d202d11884918,deepseek-v4-pro,deepseek-v4-pro,learner_choice,0,doubao-seed-2.0-lite,pilot_causal_claim,early,calm,1
71fc550d202d11884918,deepseek-v4-pro,deepseek-v4-pro,affect_acknowledgement,0,doubao-seed-2.0-lite,pilot_causal_claim,early,calm,1
71fc550d202d11884918,deepseek-v4-pro,deepseek-v4-pro,epistemic_qualification,1,doubao-seed-2.0-lite,pilot_causal_claim,early,calm,1
71fc550d202d11884918,deepseek-v4-pro,deepseek-v4-pro,information_request,0,doubao-seed-2.0-lite,pilot_causal_claim,early,calm,1
71fc550d202d11884918,deepseek-v4-pro,deepseek-v4-pro,unsupported_ability_claim,0,doubao-seed-2.0-lite,pilot_causal_claim,early,calm,1
ea469f3109ee0224af2d,MiniMax-M3,MiniMax-M3,answer_reveal,0,MiniMax-M3,pilot_density,early,frustrated,0
ea469f3109ee0224af2d,MiniMax-M3,MiniMax-M3,worked_explanation,1,MiniMax-M3,pilot_density,early,frustrated,0
ea469f3109ee0224af2d,MiniMax-M3,MiniMax-M3,reasoning_elicitation,1,MiniMax-M3,pilot_density,early,frustrated,0
ea469f3109ee0224af2d,MiniMax-M3,MiniMax-M3,learner_choice,0,MiniMax-M3,pilot_density,early,frustrated,0
ea469f3109ee0224af2d,MiniMax-M3,MiniMax-M3,affect_acknowledgement,1,MiniMax-M3,pilot_density,early,frustrated,0
ea469f3109ee0224af2d,MiniMax-M3,MiniMax-M3,epistemic_qualification,0,MiniMax-M3,pilot_density,early,frustrated,0
ea469f3109ee0224af2d,MiniMax-M3,MiniMax-M3,information_request,0,MiniMax-M3,pilot_density,early,frustrated,0
ea469f3109ee0224af2d,MiniMax-M3,MiniMax-M3,unsupported_ability_claim,0,MiniMax-M3,pilot_density,early,frustrated,0
c059643c8d1af68e5367,MiniMax-M3,MiniMax-M3,answer_reveal,1,MiniMax-M2.7,pilot_equation,late,calm,1
c059643c8d1af68e5367,MiniMax-M3,MiniMax-M3,worked_explanation,1,MiniMax-M2.7,pilot_equation,late,calm,1
c059643c8d1af68e5367,MiniMax-M3,MiniMax-M3,reasoning_elicitation,0,MiniMax-M2.7,pilot_equation,late,calm,1
c059643c8d1af68e5367,MiniMax-M3,MiniMax-M3,learner_choice,0,MiniMax-M2.7,pilot_equation,late,calm,1
c059643c8d1af68e5367,MiniMax-M3,MiniMax-M3,affect_acknowledgement,0,MiniMax-M2.7,pilot_equation,late,calm,1
c059643c8d1af68e5367,MiniMax-M3,MiniMax-M3,epistemic_qualification,0,MiniMax-M2.7,pilot_equation,late,calm,1
c059643c8d1af68e5367,MiniMax-M3,MiniMax-M3,information_request,0,MiniMax-M2.7,pilot_equation,late,calm,1
c059643c8d1af68e5367,MiniMax-M3,MiniMax-M3,unsupported_ability_claim,0,MiniMax-M2.7,pilot_equation,late,calm,1
f1d38ec1e3f757e3fa1d,deepseek-v4-pro,deepseek-v4-pro,answer_reveal,1,MiniMax-M2.7,pilot_fractions,early,calm,0
f1d38ec1e3f757e3fa1d,deepseek-v4-pro,deepseek-v4-pro,worked_explanation,1,MiniMax-M2.7,pilot_fractions,early,calm,0
f1d38ec1e3f757e3fa1d,deepseek-v4-pro,deepseek-v4-pro,reasoning_elicitation,1,MiniMax-M2.7,pilot_fractions,early,calm,0
f1d38ec1e3f757e3fa1d,deepseek-v4-pro,deepseek-v4-pro,learner_choice,0,MiniMax-M2.7,pilot_fractions,early,calm,0
f1d38ec1e3f757e3fa1d,deepseek-v4-pro,deepseek-v4-pro,affect_acknowledgement,1,MiniMax-M2.7,pilot_fractions,early,calm,0
f1d38ec1e3f757e3fa1d,deepseek-v4-pro,deepseek-v4-pro,epistemic_qualification,1,MiniMax-M2.7,pilot_fractions,early,calm,0
f1d38ec1e3f757e3fa1d,deepseek-v4-pro,deepseek-v4-pro,information_request,0,MiniMax-M2.7,pilot_fractions,early,calm,0
f1d38ec1e3f757e3fa1d,deepseek-v4-pro,deepseek-v4-pro,unsupported_ability_claim,0,MiniMax-M2.7,pilot_fractions,early,calm,0
ca991fb2ace20052ab18,deepseek-v4-pro,deepseek-v4-pro,answer_reveal,1,MiniMax-M2.7,pilot_causal_claim,late,calm,1
ca991fb2ace20052ab18,deepseek-v4-pro,deepseek-v4-pro,worked_explanation,1,MiniMax-M2.7,pilot_causal_claim,late,calm,1
ca991fb2ace20052ab18,deepseek-v4-pro,deepseek-v4-pro,reasoning_elicitation,1,MiniMax-M2.7,pilot_causal_claim,late,calm,1
ca991fb2ace20052ab18,deepseek-v4-pro,deepseek-v4-pro,learner_choice,1,MiniMax-M2.7,pilot_causal_claim,late,calm,1
ca991fb2ace20052ab18,deepseek-v4-pro,deepseek-v4-pro,affect_acknowledgement,0,MiniMax-M2.7,pilot_causal_claim,late,calm,1
ca991fb2ace20052ab18,deepseek-v4-pro,deepseek-v4-pro,epistemic_qualification,1,MiniMax-M2.7,pilot_causal_claim,late,calm,1
ca991fb2ace20052ab18,deepseek-v4-pro,deepseek-v4-pro,information_request,1,MiniMax-M2.7,pilot_causal_claim,late,calm,1
ca991fb2ace20052ab18,deepseek-v4-pro,deepseek-v4-pro,unsupported_ability_claim,0,MiniMax-M2.7,pilot_causal_claim,late,calm,1
bbd4f65980994079e41a,deepseek-v4-pro,deepseek-v4-pro,answer_reveal,1,MiniMax-M2.7,pilot_density,late,calm,0
bbd4f65980994079e41a,deepseek-v4-pro,deepseek-v4-pro,worked_explanation,1,MiniMax-M2.7,pilot_density,late,calm,0
bbd4f65980994079e41a,deepseek-v4-pro,deepseek-v4-pro,reasoning_elicitation,0,MiniMax-M2.7,pilot_density,late,calm,0
bbd4f65980994079e41a,deepseek-v4-pro,deepseek-v4-pro,learner_choice,0,MiniMax-M2.7,pilot_density,late,calm,0
bbd4f65980994079e41a,deepseek-v4-pro,deepseek-v4-pro,affect_acknowledgement,0,MiniMax-M2.7,pilot_density,late,calm,0
bbd4f65980994079e41a,deepseek-v4-pro,deepseek-v4-pro,epistemic_qualification,0,MiniMax-M2.7,pilot_density,late,calm,0
bbd4f65980994079e41a,deepseek-v4-pro,deepseek-v4-pro,information_request,0,MiniMax-M2.7,pilot_density,late,calm,0
bbd4f65980994079e41a,deepseek-v4-pro,deepseek-v4-pro,unsupported_ability_claim,0,MiniMax-M2.7,pilot_density,late,calm,0
0210c34e3a3b13838b44,glm-5.3,glm-5.3,answer_reveal,0,glm-5.2,pilot_fractions,early,calm,0
0210c34e3a3b13838b44,glm-5.3,glm-5.3,worked_explanation,1,glm-5.2,pilot_fractions,early,calm,0
0210c34e3a3b13838b44,glm-5.3,glm-5.3,reasoning_elicitation,1,glm-5.2,pilot_fractions,early,calm,0
0210c34e3a3b13838b44,glm-5.3,glm-5.3,learner_choice,0,glm-5.2,pilot_fractions,early,calm,0
0210c34e3a3b13838b44,glm-5.3,glm-5.3,affect_acknowledgement,1,glm-5.2,pilot_fractions,early,calm,0
0210c34e3a3b13838b44,glm-5.3,glm-5.3,epistemic_qualification,0,glm-5.2,pilot_fractions,early,calm,0
0210c34e3a3b13838b44,glm-5.3,glm-5.3,information_request,0,glm-5.2,pilot_fractions,early,calm,0
0210c34e3a3b13838b44,glm-5.3,glm-5.3,unsupported_ability_claim,0,glm-5.2,pilot_fractions,early,calm,0
cbb96650f2c667a0099f,glm-5.3,glm-5.3,answer_reveal,0,glm-5.2,pilot_causal_claim,late,calm,0
cbb96650f2c667a0099f,glm-5.3,glm-5.3,worked_explanation,1,glm-5.2,pilot_causal_claim,late,calm,0
cbb96650f2c667a0099f,glm-5.3,glm-5.3,reasoning_elicitation,1,glm-5.2,pilot_causal_claim,late,calm,0
cbb96650f2c667a0099f,glm-5.3,glm-5.3,learner_choice,0,glm-5.2,pilot_causal_claim,late,calm,0
cbb96650f2c667a0099f,glm-5.3,glm-5.3,affect_acknowledgement,0,glm-5.2,pilot_causal_claim,late,calm,0
cbb96650f2c667a0099f,glm-5.3,glm-5.3,epistemic_qualification,1,glm-5.2,pilot_causal_claim,late,calm,0
cbb96650f2c667a0099f,glm-5.3,glm-5.3,information_request,0,glm-5.2,pilot_causal_claim,late,calm,0
cbb96650f2c667a0099f,glm-5.3,glm-5.3,unsupported_ability_claim,0,glm-5.2,pilot_causal_claim,late,calm,0
2becb439e217006ec8b2,MiniMax-M3,MiniMax-M3,answer_reveal,0,glm-5.2,pilot_causal_claim,late,calm,1
2becb439e217006ec8b2,MiniMax-M3,MiniMax-M3,worked_explanation,1,glm-5.2,pilot_causal_claim,late,calm,1
2becb439e217006ec8b2,MiniMax-M3,MiniMax-M3,reasoning_elicitation,1,glm-5.2,pilot_causal_claim,late,calm,1
2becb439e217006ec8b2,MiniMax-M3,MiniMax-M3,learner_choice,1,glm-5.2,pilot_causal_claim,late,calm,1
2becb439e217006ec8b2,MiniMax-M3,MiniMax-M3,affect_acknowledgement,0,glm-5.2,pilot_causal_claim,late,calm,1
2becb439e217006ec8b2,MiniMax-M3,MiniMax-M3,epistemic_qualification,0,glm-5.2,pilot_causal_claim,late,calm,1
2becb439e217006ec8b2,MiniMax-M3,MiniMax-M3,information_request,0,glm-5.2,pilot_causal_claim,late,calm,1
2becb439e217006ec8b2,MiniMax-M3,MiniMax-M3,unsupported_ability_claim,1,glm-5.2,pilot_causal_claim,late,calm,1
d6ac481b1ea780369c17,MiniMax-M3,MiniMax-M3,answer_reveal,1,MiniMax-M2.7,pilot_fractions,early,frustrated,1
d6ac481b1ea780369c17,MiniMax-M3,MiniMax-M3,worked_explanation,1,MiniMax-M2.7,pilot_fractions,early,frustrated,1
d6ac481b1ea780369c17,MiniMax-M3,MiniMax-M3,reasoning_elicitation,1,MiniMax-M2.7,pilot_fractions,early,frustrated,1
d6ac481b1ea780369c17,MiniMax-M3,MiniMax-M3,learner_choice,1,MiniMax-M2.7,pilot_fractions,early,frustrated,1
d6ac481b1ea780369c17,MiniMax-M3,MiniMax-M3,affect_acknowledgement,1,MiniMax-M2.7,pilot_fractions,early,frustrated,1
d6ac481b1ea780369c17,MiniMax-M3,MiniMax-M3,epistemic_qualification,0,MiniMax-M2.7,pilot_fractions,early,frustrated,1
d6ac481b1ea780369c17,MiniMax-M3,MiniMax-M3,information_request,0,MiniMax-M2.7,pilot_fractions,early,frustrated,1
d6ac481b1ea780369c17,MiniMax-M3,MiniMax-M3,unsupported_ability_claim,0,MiniMax-M2.7,pilot_fractions,early,frustrated,1
ca991fb2ace20052ab18,MiniMax-M3,MiniMax-M3,answer_reveal,0,MiniMax-M2.7,pilot_causal_claim,late,calm,1
ca991fb2ace20052ab18,MiniMax-M3,MiniMax-M3,worked_explanation,1,MiniMax-M2.7,pilot_causal_claim,late,calm,1
ca991fb2ace20052ab18,MiniMax-M3,MiniMax-M3,reasoning_elicitation,1,MiniMax-M2.7,pilot_causal_claim,late,calm,1
ca991fb2ace20052ab18,MiniMax-M3,MiniMax-M3,learner_choice,1,MiniMax-M2.7,pilot_causal_claim,late,calm,1
ca991fb2ace20052ab18,MiniMax-M3,MiniMax-M3,affect_acknowledgement,0,MiniMax-M2.7,pilot_causal_claim,late,calm,1
ca991fb2ace20052ab18,MiniMax-M3,MiniMax-M3,epistemic_qualification,1,MiniMax-M2.7,pilot_causal_claim,late,calm,1
ca991fb2ace20052ab18,MiniMax-M3,MiniMax-M3,information_request,0,MiniMax-M2.7,pilot_causal_claim,late,calm,1
ca991fb2ace20052ab18,MiniMax-M3,MiniMax-M3,unsupported_ability_claim,0,MiniMax-M2.7,pilot_causal_claim,late,calm,1
330f04660e19950af8bf,deepseek-v4-pro,deepseek-v4-pro,answer_reveal,1,glm-5.2,pilot_causal_claim,late,frustrated,1
330f04660e19950af8bf,deepseek-v4-pro,deepseek-v4-pro,worked_explanation,1,glm-5.2,pilot_causal_claim,late,frustrated,1
330f04660e19950af8bf,deepseek-v4-pro,deepseek-v4-pro,reasoning_elicitation,1,glm-5.2,pilot_causal_claim,late,frustrated,1
330f04660e19950af8bf,deepseek-v4-pro,deepseek-v4-pro,learner_choice,1,glm-5.2,pilot_causal_claim,late,frustrated,1
330f04660e19950af8bf,deepseek-v4-pro,deepseek-v4-pro,affect_acknowledgement,1,glm-5.2,pilot_causal_claim,late,frustrated,1
330f04660e19950af8bf,deepseek-v4-pro,deepseek-v4-pro,epistemic_qualification,1,glm-5.2,pilot_causal_claim,late,frustrated,1
330f04660e19950af8bf,deepseek-v4-pro,deepseek-v4-pro,information_request,0,glm-5.2,pilot_causal_claim,late,frustrated,1
330f04660e19950af8bf,deepseek-v4-pro,deepseek-v4-pro,unsupported_ability_claim,0,glm-5.2,pilot_causal_claim,late,frustrated,1
e9de51ca1069f2d4999d,deepseek-v4-pro,deepseek-v4-pro,answer_reveal,1,doubao-seed-2.0-lite,pilot_equation,late,frustrated,0
e9de51ca1069f2d4999d,deepseek-v4-pro,deepseek-v4-pro,worked_explanation,1,doubao-seed-2.0-lite,pilot_equation,late,frustrated,0
e9de51ca1069f2d4999d,deepseek-v4-pro,deepseek-v4-pro,reasoning_elicitation,0,doubao-seed-2.0-lite,pilot_equation,late,frustrated,0
e9de51ca1069f2d4999d,deepseek-v4-pro,deepseek-v4-pro,learner_choice,0,doubao-seed-2.0-lite,pilot_equation,late,frustrated,0
e9de51ca1069f2d4999d,deepseek-v4-pro,deepseek-v4-pro,affect_acknowledgement,1,doubao-seed-2.0-lite,pilot_equation,late,frustrated,0
e9de51ca1069f2d4999d,deepseek-v4-pro,deepseek-v4-pro,epistemic_qualification,0,doubao-seed-2.0-lite,pilot_equation,late,frustrated,0
e9de51ca1069f2d4999d,deepseek-v4-pro,deepseek-v4-pro,information_request,0,doubao-seed-2.0-lite,pilot_equation,late,frustrated,0
e9de51ca1069f2d4999d,deepseek-v4-pro,deepseek-v4-pro,unsupported_ability_claim,0,doubao-seed-2.0-lite,pilot_equation,late,frustrated,0
a9b3b1c563e0996bec30,glm-5.3,glm-5.3,answer_reveal,0,glm-5.2,pilot_density,late,frustrated,1
a9b3b1c563e0996bec30,glm-5.3,glm-5.3,worked_explanation,1,glm-5.2,pilot_density,late,frustrated,1
a9b3b1c563e0996bec30,glm-5.3,glm-5.3,reasoning_elicitation,1,glm-5.2,pilot_density,late,frustrated,1
a9b3b1c563e0996bec30,glm-5.3,glm-5.3,learner_choice,0,glm-5.2,pilot_density,late,frustrated,1
a9b3b1c563e0996bec30,glm-5.3,glm-5.3,affect_acknowledgement,1,glm-5.2,pilot_density,late,frustrated,1
a9b3b1c563e0996bec30,glm-5.3,glm-5.3,epistemic_qualification,0,glm-5.2,pilot_density,late,frustrated,1
a9b3b1c563e0996bec30,glm-5.3,glm-5.3,information_request,0,glm-5.2,pilot_density,late,frustrated,1
a9b3b1c563e0996bec30,glm-5.3,glm-5.3,unsupported_ability_claim,0,glm-5.2,pilot_density,late,frustrated,1
7d1c6c28017d7ac3b845,deepseek-v4-pro,deepseek-v4-pro,answer_reveal,0,glm-5.2,pilot_fractions,early,frustrated,0
7d1c6c28017d7ac3b845,deepseek-v4-pro,deepseek-v4-pro,worked_explanation,1,glm-5.2,pilot_fractions,early,frustrated,0
7d1c6c28017d7ac3b845,deepseek-v4-pro,deepseek-v4-pro,reasoning_elicitation,1,glm-5.2,pilot_fractions,early,frustrated,0
7d1c6c28017d7ac3b845,deepseek-v4-pro,deepseek-v4-pro,learner_choice,0,glm-5.2,pilot_fractions,early,frustrated,0
7d1c6c28017d7ac3b845,deepseek-v4-pro,deepseek-v4-pro,affect_acknowledgement,1,glm-5.2,pilot_fractions,early,frustrated,0
7d1c6c28017d7ac3b845,deepseek-v4-pro,deepseek-v4-pro,epistemic_qualification,0,glm-5.2,pilot_fractions,early,frustrated,0
7d1c6c28017d7ac3b845,deepseek-v4-pro,deepseek-v4-pro,information_request,0,glm-5.2,pilot_fractions,early,frustrated,0
7d1c6c28017d7ac3b845,deepseek-v4-pro,deepseek-v4-pro,unsupported_ability_claim,0,glm-5.2,pilot_fractions,early,frustrated,0
776e92fc813b3558ade9,MiniMax-M3,MiniMax-M3,answer_reveal,1,deepseek-v4-pro,pilot_density,late,frustrated,1
776e92fc813b3558ade9,MiniMax-M3,MiniMax-M3,worked_explanation,1,deepseek-v4-pro,pilot_density,late,frustrated,1
776e92fc813b3558ade9,MiniMax-M3,MiniMax-M3,reasoning_elicitation,0,deepseek-v4-pro,pilot_density,late,frustrated,1
776e92fc813b3558ade9,MiniMax-M3,MiniMax-M3,learner_choice,0,deepseek-v4-pro,pilot_density,late,frustrated,1
776e92fc813b3558ade9,MiniMax-M3,MiniMax-M3,affect_acknowledgement,1,deepseek-v4-pro,pilot_density,late,frustrated,1
776e92fc813b3558ade9,MiniMax-M3,MiniMax-M3,epistemic_qualification,0,deepseek-v4-pro,pilot_density,late,frustrated,1
776e92fc813b3558ade9,MiniMax-M3,MiniMax-M3,information_request,0,deepseek-v4-pro,pilot_density,late,frustrated,1
776e92fc813b3558ade9,MiniMax-M3,MiniMax-M3,unsupported_ability_claim,0,deepseek-v4-pro,pilot_density,late,frustrated,1
25cb7b626f8264469349,MiniMax-M3,MiniMax-M3,answer_reveal,0,glm-5.2,pilot_density,early,frustrated,1
25cb7b626f8264469349,MiniMax-M3,MiniMax-M3,worked_explanation,1,glm-5.2,pilot_density,early,frustrated,1
25cb7b626f8264469349,MiniMax-M3,MiniMax-M3,reasoning_elicitation,1,glm-5.2,pilot_density,early,frustrated,1
25cb7b626f8264469349,MiniMax-M3,MiniMax-M3,learner_choice,0,glm-5.2,pilot_density,early,frustrated,1
25cb7b626f8264469349,MiniMax-M3,MiniMax-M3,affect_acknowledgement,1,glm-5.2,pilot_density,early,frustrated,1
25cb7b626f8264469349,MiniMax-M3,MiniMax-M3,epistemic_qualification,0,glm-5.2,pilot_density,early,frustrated,1
25cb7b626f8264469349,MiniMax-M3,MiniMax-M3,information_request,0,glm-5.2,pilot_density,early,frustrated,1
25cb7b626f8264469349,MiniMax-M3,MiniMax-M3,unsupported_ability_claim,0,glm-5.2,pilot_density,early,frustrated,1
776e92fc813b3558ade9,glm-5.3,glm-5.3,answer_reveal,1,deepseek-v4-pro,pilot_density,late,frustrated,1
776e92fc813b3558ade9,glm-5.3,glm-5.3,worked_explanation,1,deepseek-v4-pro,pilot_density,late,frustrated,1
776e92fc813b3558ade9,glm-5.3,glm-5.3,reasoning_elicitation,0,deepseek-v4-pro,pilot_density,late,frustrated,1
776e92fc813b3558ade9,glm-5.3,glm-5.3,learner_choice,0,deepseek-v4-pro,pilot_density,late,frustrated,1
776e92fc813b3558ade9,glm-5.3,glm-5.3,affect_acknowledgement,1,deepseek-v4-pro,pilot_density,late,frustrated,1
776e92fc813b3558ade9,glm-5.3,glm-5.3,epistemic_qualification,0,deepseek-v4-pro,pilot_density,late,frustrated,1
776e92fc813b3558ade9,glm-5.3,glm-5.3,information_request,0,deepseek-v4-pro,pilot_density,late,frustrated,1
776e92fc813b3558ade9,glm-5.3,glm-5.3,unsupported_ability_claim,0,deepseek-v4-pro,pilot_density,late,frustrated,1
1e1bbce52a853d183ce7,deepseek-v4-pro,deepseek-v4-pro,answer_reveal,1,MiniMax-M3,pilot_density,late,calm,1
1e1bbce52a853d183ce7,deepseek-v4-pro,deepseek-v4-pro,worked_explanation,1,MiniMax-M3,pilot_density,late,calm,1
1e1bbce52a853d183ce7,deepseek-v4-pro,deepseek-v4-pro,reasoning_elicitation,0,MiniMax-M3,pilot_density,late,calm,1
1e1bbce52a853d183ce7,deepseek-v4-pro,deepseek-v4-pro,learner_choice,1,MiniMax-M3,pilot_density,late,calm,1
1e1bbce52a853d183ce7,deepseek-v4-pro,deepseek-v4-pro,affect_acknowledgement,1,MiniMax-M3,pilot_density,late,calm,1
1e1bbce52a853d183ce7,deepseek-v4-pro,deepseek-v4-pro,epistemic_qualification,0,MiniMax-M3,pilot_density,late,calm,1
1e1bbce52a853d183ce7,deepseek-v4-pro,deepseek-v4-pro,information_request,0,MiniMax-M3,pilot_density,late,calm,1
1e1bbce52a853d183ce7,deepseek-v4-pro,deepseek-v4-pro,unsupported_ability_claim,1,MiniMax-M3,pilot_density,late,calm,1
957a84204cfcdf2fb8ad,deepseek-v4-pro,deepseek-v4-pro,answer_reveal,1,MiniMax-M3,pilot_causal_claim,late,calm,1
957a84204cfcdf2fb8ad,deepseek-v4-pro,deepseek-v4-pro,worked_explanation,1,MiniMax-M3,pilot_causal_claim,late,calm,1
957a84204cfcdf2fb8ad,deepseek-v4-pro,deepseek-v4-pro,reasoning_elicitation,1,MiniMax-M3,pilot_causal_claim,late,calm,1
957a84204cfcdf2fb8ad,deepseek-v4-pro,deepseek-v4-pro,learner_choice,0,MiniMax-M3,pilot_causal_claim,late,calm,1
957a84204cfcdf2fb8ad,deepseek-v4-pro,deepseek-v4-pro,affect_acknowledgement,1,MiniMax-M3,pilot_causal_claim,late,calm,1
957a84204cfcdf2fb8ad,deepseek-v4-pro,deepseek-v4-pro,epistemic_qualification,1,MiniMax-M3,pilot_causal_claim,late,calm,1
957a84204cfcdf2fb8ad,deepseek-v4-pro,deepseek-v4-pro,information_request,0,MiniMax-M3,pilot_causal_claim,late,calm,1
957a84204cfcdf2fb8ad,deepseek-v4-pro,deepseek-v4-pro,unsupported_ability_claim,0,MiniMax-M3,pilot_causal_claim,late,calm,1
bf1b2727e4aaff632915,MiniMax-M3,MiniMax-M3,answer_reveal,1,MiniMax-M3,pilot_density,early,frustrated,1
bf1b2727e4aaff632915,MiniMax-M3,MiniMax-M3,worked_explanation,1,MiniMax-M3,pilot_density,early,frustrated,1
bf1b2727e4aaff632915,MiniMax-M3,MiniMax-M3,reasoning_elicitation,0,MiniMax-M3,pilot_density,early,frustrated,1
bf1b2727e4aaff632915,MiniMax-M3,MiniMax-M3,learner_choice,1,MiniMax-M3,pilot_density,early,frustrated,1
bf1b2727e4aaff632915,MiniMax-M3,MiniMax-M3,affect_acknowledgement,1,MiniMax-M3,pilot_density,early,frustrated,1
bf1b2727e4aaff632915,MiniMax-M3,MiniMax-M3,epistemic_qualification,0,MiniMax-M3,pilot_density,early,frustrated,1
bf1b2727e4aaff632915,MiniMax-M3,MiniMax-M3,information_request,0,MiniMax-M3,pilot_density,early,frustrated,1
bf1b2727e4aaff632915,MiniMax-M3,MiniMax-M3,unsupported_ability_claim,1,MiniMax-M3,pilot_density,early,frustrated,1
f0de4f52720a351b46d0,deepseek-v4-pro,deepseek-v4-pro,answer_reveal,1,MiniMax-M3,pilot_fractions,late,calm,1
f0de4f52720a351b46d0,deepseek-v4-pro,deepseek-v4-pro,worked_explanation,1,MiniMax-M3,pilot_fractions,late,calm,1
f0de4f52720a351b46d0,deepseek-v4-pro,deepseek-v4-pro,reasoning_elicitation,0,MiniMax-M3,pilot_fractions,late,calm,1
f0de4f52720a351b46d0,deepseek-v4-pro,deepseek-v4-pro,learner_choice,0,MiniMax-M3,pilot_fractions,late,calm,1
f0de4f52720a351b46d0,deepseek-v4-pro,deepseek-v4-pro,affect_acknowledgement,1,MiniMax-M3,pilot_fractions,late,calm,1
f0de4f52720a351b46d0,deepseek-v4-pro,deepseek-v4-pro,epistemic_qualification,0,MiniMax-M3,pilot_fractions,late,calm,1
f0de4f52720a351b46d0,deepseek-v4-pro,deepseek-v4-pro,information_request,0,MiniMax-M3,pilot_fractions,late,calm,1
f0de4f52720a351b46d0,deepseek-v4-pro,deepseek-v4-pro,unsupported_ability_claim,0,MiniMax-M3,pilot_fractions,late,calm,1
ba39d0fdc40f9b2ab6b4,MiniMax-M3,MiniMax-M3,answer_reveal,1,MiniMax-M2.7,pilot_fractions,early,frustrated,0
ba39d0fdc40f9b2ab6b4,MiniMax-M3,MiniMax-M3,worked_explanation,1,MiniMax-M2.7,pilot_fractions,early,frustrated,0
ba39d0fdc40f9b2ab6b4,MiniMax-M3,MiniMax-M3,reasoning_elicitation,0,MiniMax-M2.7,pilot_fractions,early,frustrated,0
ba39d0fdc40f9b2ab6b4,MiniMax-M3,MiniMax-M3,learner_choice,1,MiniMax-M2.7,pilot_fractions,early,frustrated,0
ba39d0fdc40f9b2ab6b4,MiniMax-M3,MiniMax-M3,affect_acknowledgement,1,MiniMax-M2.7,pilot_fractions,early,frustrated,0
ba39d0fdc40f9b2ab6b4,MiniMax-M3,MiniMax-M3,epistemic_qualification,0,MiniMax-M2.7,pilot_fractions,early,frustrated,0
ba39d0fdc40f9b2ab6b4,MiniMax-M3,MiniMax-M3,information_request,0,MiniMax-M2.7,pilot_fractions,early,frustrated,0
ba39d0fdc40f9b2ab6b4,MiniMax-M3,MiniMax-M3,unsupported_ability_claim,0,MiniMax-M2.7,pilot_fractions,early,frustrated,0
3887e355cac64864874b,deepseek-v4-pro,deepseek-v4-pro,answer_reveal,1,doubao-seed-2.0-lite,pilot_equation,late,frustrated,1
3887e355cac64864874b,deepseek-v4-pro,deepseek-v4-pro,worked_explanation,1,doubao-seed-2.0-lite,pilot_equation,late,frustrated,1
3887e355cac64864874b,deepseek-v4-pro,deepseek-v4-pro,reasoning_elicitation,1,doubao-seed-2.0-lite,pilot_equation,late,frustrated,1
3887e355cac64864874b,deepseek-v4-pro,deepseek-v4-pro,learner_choice,0,doubao-seed-2.0-lite,pilot_equation,late,frustrated,1
3887e355cac64864874b,deepseek-v4-pro,deepseek-v4-pro,affect_acknowledgement,1,doubao-seed-2.0-lite,pilot_equation,late,frustrated,1
3887e355cac64864874b,deepseek-v4-pro,deepseek-v4-pro,epistemic_qualification,0,doubao-seed-2.0-lite,pilot_equation,late,frustrated,1
3887e355cac64864874b,deepseek-v4-pro,deepseek-v4-pro,information_request,0,doubao-seed-2.0-lite,pilot_equation,late,frustrated,1
3887e355cac64864874b,deepseek-v4-pro,deepseek-v4-pro,unsupported_ability_claim,0,doubao-seed-2.0-lite,pilot_equation,late,frustrated,1
2cfaff627a6db474883f,MiniMax-M3,MiniMax-M3,answer_reveal,0,MiniMax-M3,pilot_density,late,calm,0
2cfaff627a6db474883f,MiniMax-M3,MiniMax-M3,worked_explanation,1,MiniMax-M3,pilot_density,late,calm,0
2cfaff627a6db474883f,MiniMax-M3,MiniMax-M3,reasoning_elicitation,1,MiniMax-M3,pilot_density,late,calm,0
2cfaff627a6db474883f,MiniMax-M3,MiniMax-M3,learner_choice,0,MiniMax-M3,pilot_density,late,calm,0
2cfaff627a6db474883f,MiniMax-M3,MiniMax-M3,affect_acknowledgement,0,MiniMax-M3,pilot_density,late,calm,0
2cfaff627a6db474883f,MiniMax-M3,MiniMax-M3,epistemic_qualification,0,MiniMax-M3,pilot_density,late,calm,0
2cfaff627a6db474883f,MiniMax-M3,MiniMax-M3,information_request,0,MiniMax-M3,pilot_density,late,calm,0
2cfaff627a6db474883f,MiniMax-M3,MiniMax-M3,unsupported_ability_claim,0,MiniMax-M3,pilot_density,late,calm,0
b2dbcc07c876daf23321,MiniMax-M3,MiniMax-M3,answer_reveal,1,deepseek-v4-pro,pilot_equation,late,frustrated,1
b2dbcc07c876daf23321,MiniMax-M3,MiniMax-M3,worked_explanation,1,deepseek-v4-pro,pilot_equation,late,frustrated,1
b2dbcc07c876daf23321,MiniMax-M3,MiniMax-M3,reasoning_elicitation,0,deepseek-v4-pro,pilot_equation,late,frustrated,1
b2dbcc07c876daf23321,MiniMax-M3,MiniMax-M3,learner_choice,0,deepseek-v4-pro,pilot_equation,late,frustrated,1
b2dbcc07c876daf23321,MiniMax-M3,MiniMax-M3,affect_acknowledgement,1,deepseek-v4-pro,pilot_equation,late,frustrated,1
b2dbcc07c876daf23321,MiniMax-M3,MiniMax-M3,epistemic_qualification,0,deepseek-v4-pro,pilot_equation,late,frustrated,1
b2dbcc07c876daf23321,MiniMax-M3,MiniMax-M3,information_request,0,deepseek-v4-pro,pilot_equation,late,frustrated,1
b2dbcc07c876daf23321,MiniMax-M3,MiniMax-M3,unsupported_ability_claim,0,deepseek-v4-pro,pilot_equation,late,frustrated,1
8481669b3fd975f9c8f7,MiniMax-M3,MiniMax-M3,answer_reveal,0,glm-5.2,pilot_fractions,late,frustrated,1
8481669b3fd975f9c8f7,MiniMax-M3,MiniMax-M3,worked_explanation,0,glm-5.2,pilot_fractions,late,frustrated,1
8481669b3fd975f9c8f7,MiniMax-M3,MiniMax-M3,reasoning_elicitation,1,glm-5.2,pilot_fractions,late,frustrated,1
8481669b3fd975f9c8f7,MiniMax-M3,MiniMax-M3,learner_choice,0,glm-5.2,pilot_fractions,late,frustrated,1
8481669b3fd975f9c8f7,MiniMax-M3,MiniMax-M3,affect_acknowledgement,0,glm-5.2,pilot_fractions,late,frustrated,1
8481669b3fd975f9c8f7,MiniMax-M3,MiniMax-M3,epistemic_qualification,0,glm-5.2,pilot_fractions,late,frustrated,1
8481669b3fd975f9c8f7,MiniMax-M3,MiniMax-M3,information_request,0,glm-5.2,pilot_fractions,late,frustrated,1
8481669b3fd975f9c8f7,MiniMax-M3,MiniMax-M3,unsupported_ability_claim,0,glm-5.2,pilot_fractions,late,frustrated,1
8efd5cd3ea1c2d6b0059,deepseek-v4-pro,deepseek-v4-pro,answer_reveal,1,MiniMax-M3,pilot_equation,early,calm,0
8efd5cd3ea1c2d6b0059,deepseek-v4-pro,deepseek-v4-pro,worked_explanation,1,MiniMax-M3,pilot_equation,early,calm,0
8efd5cd3ea1c2d6b0059,deepseek-v4-pro,deepseek-v4-pro,reasoning_elicitation,0,MiniMax-M3,pilot_equation,early,calm,0
8efd5cd3ea1c2d6b0059,deepseek-v4-pro,deepseek-v4-pro,learner_choice,0,MiniMax-M3,pilot_equation,early,calm,0
8efd5cd3ea1c2d6b0059,deepseek-v4-pro,deepseek-v4-pro,affect_acknowledgement,1,MiniMax-M3,pilot_equation,early,calm,0
8efd5cd3ea1c2d6b0059,deepseek-v4-pro,deepseek-v4-pro,epistemic_qualification,0,MiniMax-M3,pilot_equation,early,calm,0
8efd5cd3ea1c2d6b0059,deepseek-v4-pro,deepseek-v4-pro,information_request,0,MiniMax-M3,pilot_equation,early,calm,0
8efd5cd3ea1c2d6b0059,deepseek-v4-pro,deepseek-v4-pro,unsupported_ability_claim,1,MiniMax-M3,pilot_equation,early,calm,0
388d9717c4eeba768a71,glm-5.3,glm-5.3,answer_reveal,1,MiniMax-M2.7,pilot_fractions,late,calm,1
388d9717c4eeba768a71,glm-5.3,glm-5.3,worked_explanation,1,MiniMax-M2.7,pilot_fractions,late,calm,1
388d9717c4eeba768a71,glm-5.3,glm-5.3,reasoning_elicitation,0,MiniMax-M2.7,pilot_fractions,late,calm,1
388d9717c4eeba768a71,glm-5.3,glm-5.3,learner_choice,0,MiniMax-M2.7,pilot_fractions,late,calm,1
388d9717c4eeba768a71,glm-5.3,glm-5.3,affect_acknowledgement,0,MiniMax-M2.7,pilot_fractions,late,calm,1
388d9717c4eeba768a71,glm-5.3,glm-5.3,epistemic_qualification,0,MiniMax-M2.7,pilot_fractions,late,calm,1
388d9717c4eeba768a71,glm-5.3,glm-5.3,information_request,0,MiniMax-M2.7,pilot_fractions,late,calm,1
388d9717c4eeba768a71,glm-5.3,glm-5.3,unsupported_ability_claim,0,MiniMax-M2.7,pilot_fractions,late,calm,1
b67251afc7065a31ed92,deepseek-v4-pro,deepseek-v4-pro,answer_reveal,1,doubao-seed-2.0-lite,pilot_density,early,calm,1
b67251afc7065a31ed92,deepseek-v4-pro,deepseek-v4-pro,worked_explanation,1,doubao-seed-2.0-lite,pilot_density,early,calm,1
b67251afc7065a31ed92,deepseek-v4-pro,deepseek-v4-pro,reasoning_elicitation,0,doubao-seed-2.0-lite,pilot_density,early,calm,1
b67251afc7065a31ed92,deepseek-v4-pro,deepseek-v4-pro,learner_choice,0,doubao-seed-2.0-lite,pilot_density,early,calm,1
b67251afc7065a31ed92,deepseek-v4-pro,deepseek-v4-pro,affect_acknowledgement,0,doubao-seed-2.0-lite,pilot_density,early,calm,1
b67251afc7065a31ed92,deepseek-v4-pro,deepseek-v4-pro,epistemic_qualification,0,doubao-seed-2.0-lite,pilot_density,early,calm,1
b67251afc7065a31ed92,deepseek-v4-pro,deepseek-v4-pro,information_request,0,doubao-seed-2.0-lite,pilot_density,early,calm,1
b67251afc7065a31ed92,deepseek-v4-pro,deepseek-v4-pro,unsupported_ability_claim,0,doubao-seed-2.0-lite,pilot_density,early,calm,1
14a80826ddbcaa2e74fa,glm-5.3,glm-5.3,answer_reveal,1,doubao-seed-2.0-lite,pilot_fractions,late,calm,0
14a80826ddbcaa2e74fa,glm-5.3,glm-5.3,worked_explanation,1,doubao-seed-2.0-lite,pilot_fractions,late,calm,0
14a80826ddbcaa2e74fa,glm-5.3,glm-5.3,reasoning_elicitation,0,doubao-seed-2.0-lite,pilot_fractions,late,calm,0
14a80826ddbcaa2e74fa,glm-5.3,glm-5.3,learner_choice,0,doubao-seed-2.0-lite,pilot_fractions,late,calm,0
14a80826ddbcaa2e74fa,glm-5.3,glm-5.3,affect_acknowledgement,0,doubao-seed-2.0-lite,pilot_fractions,late,calm,0
14a80826ddbcaa2e74fa,glm-5.3,glm-5.3,epistemic_qualification,0,doubao-seed-2.0-lite,pilot_fractions,late,calm,0
14a80826ddbcaa2e74fa,glm-5.3,glm-5.3,information_request,0,doubao-seed-2.0-lite,pilot_fractions,late,calm,0
14a80826ddbcaa2e74fa,glm-5.3,glm-5.3,unsupported_ability_claim,0,doubao-seed-2.0-lite,pilot_fractions,late,calm,0
e3080d3143d16ba96b8d,MiniMax-M3,MiniMax-M3,answer_reveal,1,deepseek-v4-pro,pilot_fractions,early,frustrated,1
e3080d3143d16ba96b8d,MiniMax-M3,MiniMax-M3,worked_explanation,1,deepseek-v4-pro,pilot_fractions,early,frustrated,1
e3080d3143d16ba96b8d,MiniMax-M3,MiniMax-M3,reasoning_elicitation,0,deepseek-v4-pro,pilot_fractions,early,frustrated,1
e3080d3143d16ba96b8d,MiniMax-M3,MiniMax-M3,learner_choice,1,deepseek-v4-pro,pilot_fractions,early,frustrated,1
e3080d3143d16ba96b8d,MiniMax-M3,MiniMax-M3,affect_acknowledgement,1,deepseek-v4-pro,pilot_fractions,early,frustrated,1
e3080d3143d16ba96b8d,MiniMax-M3,MiniMax-M3,epistemic_qualification,0,deepseek-v4-pro,pilot_fractions,early,frustrated,1
e3080d3143d16ba96b8d,MiniMax-M3,MiniMax-M3,information_request,0,deepseek-v4-pro,pilot_fractions,early,frustrated,1
e3080d3143d16ba96b8d,MiniMax-M3,MiniMax-M3,unsupported_ability_claim,0,deepseek-v4-pro,pilot_fractions,early,frustrated,1
d26af07f7e17a0161529,deepseek-v4-pro,deepseek-v4-pro,answer_reveal,1,glm-5.2,pilot_causal_claim,early,frustrated,1
d26af07f7e17a0161529,deepseek-v4-pro,deepseek-v4-pro,worked_explanation,1,glm-5.2,pilot_causal_claim,early,frustrated,1
d26af07f7e17a0161529,deepseek-v4-pro,deepseek-v4-pro,reasoning_elicitation,1,glm-5.2,pilot_causal_claim,early,frustrated,1
d26af07f7e17a0161529,deepseek-v4-pro,deepseek-v4-pro,learner_choice,0,glm-5.2,pilot_causal_claim,early,frustrated,1
d26af07f7e17a0161529,deepseek-v4-pro,deepseek-v4-pro,affect_acknowledgement,1,glm-5.2,pilot_causal_claim,early,frustrated,1
d26af07f7e17a0161529,deepseek-v4-pro,deepseek-v4-pro,epistemic_qualification,1,glm-5.2,pilot_causal_claim,early,frustrated,1
d26af07f7e17a0161529,deepseek-v4-pro,deepseek-v4-pro,information_request,0,glm-5.2,pilot_causal_claim,early,frustrated,1
d26af07f7e17a0161529,deepseek-v4-pro,deepseek-v4-pro,unsupported_ability_claim,0,glm-5.2,pilot_causal_claim,early,frustrated,1
f16f2db2acabffb8bcc4,glm-5.3,glm-5.3,answer_reveal,1,deepseek-v4-pro,pilot_equation,early,frustrated,0
f16f2db2acabffb8bcc4,glm-5.3,glm-5.3,worked_explanation,1,deepseek-v4-pro,pilot_equation,early,frustrated,0
f16f2db2acabffb8bcc4,glm-5.3,glm-5.3,reasoning_elicitation,0,deepseek-v4-pro,pilot_equation,early,frustrated,0
f16f2db2acabffb8bcc4,glm-5.3,glm-5.3,learner_choice,0,deepseek-v4-pro,pilot_equation,early,frustrated,0
f16f2db2acabffb8bcc4,glm-5.3,glm-5.3,affect_acknowledgement,1,deepseek-v4-pro,pilot_equation,early,frustrated,0
f16f2db2acabffb8bcc4,glm-5.3,glm-5.3,epistemic_qualification,0,deepseek-v4-pro,pilot_equation,early,frustrated,0
f16f2db2acabffb8bcc4,glm-5.3,glm-5.3,information_request,0,deepseek-v4-pro,pilot_equation,early,frustrated,0
f16f2db2acabffb8bcc4,glm-5.3,glm-5.3,unsupported_ability_claim,0,deepseek-v4-pro,pilot_equation,early,frustrated,0
b82e05d798ed9d62d46f,glm-5.3,glm-5.3,answer_reveal,1,deepseek-v4-pro,pilot_equation,late,calm,1
b82e05d798ed9d62d46f,glm-5.3,glm-5.3,worked_explanation,1,deepseek-v4-pro,pilot_equation,late,calm,1
b82e05d798ed9d62d46f,glm-5.3,glm-5.3,reasoning_elicitation,0,deepseek-v4-pro,pilot_equation,late,calm,1
b82e05d798ed9d62d46f,glm-5.3,glm-5.3,learner_choice,0,deepseek-v4-pro,pilot_equation,late,calm,1
b82e05d798ed9d62d46f,glm-5.3,glm-5.3,affect_acknowledgement,1,deepseek-v4-pro,pilot_equation,late,calm,1
b82e05d798ed9d62d46f,glm-5.3,glm-5.3,epistemic_qualification,0,deepseek-v4-pro,pilot_equation,late,calm,1
b82e05d798ed9d62d46f,glm-5.3,glm-5.3,information_request,0,deepseek-v4-pro,pilot_equation,late,calm,1
b82e05d798ed9d62d46f,glm-5.3,glm-5.3,unsupported_ability_claim,0,deepseek-v4-pro,pilot_equation,late,calm,1
9b38451e3f725056f428,glm-5.3,glm-5.3,answer_reveal,1,doubao-seed-2.0-lite,pilot_density,early,frustrated,1
9b38451e3f725056f428,glm-5.3,glm-5.3,worked_explanation,1,doubao-seed-2.0-lite,pilot_density,early,frustrated,1
9b38451e3f725056f428,glm-5.3,glm-5.3,reasoning_elicitation,0,doubao-seed-2.0-lite,pilot_density,early,frustrated,1
9b38451e3f725056f428,glm-5.3,glm-5.3,learner_choice,0,doubao-seed-2.0-lite,pilot_density,early,frustrated,1
9b38451e3f725056f428,glm-5.3,glm-5.3,affect_acknowledgement,1,doubao-seed-2.0-lite,pilot_density,early,frustrated,1
9b38451e3f725056f428,glm-5.3,glm-5.3,epistemic_qualification,0,doubao-seed-2.0-lite,pilot_density,early,frustrated,1
9b38451e3f725056f428,glm-5.3,glm-5.3,information_request,0,doubao-seed-2.0-lite,pilot_density,early,frustrated,1
9b38451e3f725056f428,glm-5.3,glm-5.3,unsupported_ability_claim,0,doubao-seed-2.0-lite,pilot_density,early,frustrated,1
89153531a4a1b33c3b34,MiniMax-M3,MiniMax-M3,answer_reveal,1,MiniMax-M3,pilot_equation,early,calm,1
89153531a4a1b33c3b34,MiniMax-M3,MiniMax-M3,worked_explanation,1,MiniMax-M3,pilot_equation,early,calm,1
89153531a4a1b33c3b34,MiniMax-M3,MiniMax-M3,reasoning_elicitation,0,MiniMax-M3,pilot_equation,early,calm,1
89153531a4a1b33c3b34,MiniMax-M3,MiniMax-M3,learner_choice,1,MiniMax-M3,pilot_equation,early,calm,1
89153531a4a1b33c3b34,MiniMax-M3,MiniMax-M3,affect_acknowledgement,1,MiniMax-M3,pilot_equation,early,calm,1
89153531a4a1b33c3b34,MiniMax-M3,MiniMax-M3,epistemic_qualification,0,MiniMax-M3,pilot_equation,early,calm,1
89153531a4a1b33c3b34,MiniMax-M3,MiniMax-M3,information_request,0,MiniMax-M3,pilot_equation,early,calm,1
89153531a4a1b33c3b34,MiniMax-M3,MiniMax-M3,unsupported_ability_claim,0,MiniMax-M3,pilot_equation,early,calm,1
f2997c14e3c817a0bd4b,MiniMax-M3,MiniMax-M3,answer_reveal,1,doubao-seed-2.0-lite,pilot_fractions,late,frustrated,0
f2997c14e3c817a0bd4b,MiniMax-M3,MiniMax-M3,worked_explanation,1,doubao-seed-2.0-lite,pilot_fractions,late,frustrated,0
f2997c14e3c817a0bd4b,MiniMax-M3,MiniMax-M3,reasoning_elicitation,0,doubao-seed-2.0-lite,pilot_fractions,late,frustrated,0
f2997c14e3c817a0bd4b,MiniMax-M3,MiniMax-M3,learner_choice,0,doubao-seed-2.0-lite,pilot_fractions,late,frustrated,0
f2997c14e3c817a0bd4b,MiniMax-M3,MiniMax-M3,affect_acknowledgement,1,doubao-seed-2.0-lite,pilot_fractions,late,frustrated,0
f2997c14e3c817a0bd4b,MiniMax-M3,MiniMax-M3,epistemic_qualification,0,doubao-seed-2.0-lite,pilot_fractions,late,frustrated,0
f2997c14e3c817a0bd4b,MiniMax-M3,MiniMax-M3,information_request,0,doubao-seed-2.0-lite,pilot_fractions,late,frustrated,0
f2997c14e3c817a0bd4b,MiniMax-M3,MiniMax-M3,unsupported_ability_claim,0,doubao-seed-2.0-lite,pilot_fractions,late,frustrated,0
02b9a480c64163fa9bcf,glm-5.3,glm-5.3,answer_reveal,0,glm-5.2,pilot_density,early,calm,1
02b9a480c64163fa9bcf,glm-5.3,glm-5.3,worked_explanation,1,glm-5.2,pilot_density,early,calm,1
02b9a480c64163fa9bcf,glm-5.3,glm-5.3,reasoning_elicitation,1,glm-5.2,pilot_density,early,calm,1
02b9a480c64163fa9bcf,glm-5.3,glm-5.3,learner_choice,0,glm-5.2,pilot_density,early,calm,1
02b9a480c64163fa9bcf,glm-5.3,glm-5.3,affect_acknowledgement,0,glm-5.2,pilot_density,early,calm,1
02b9a480c64163fa9bcf,glm-5.3,glm-5.3,epistemic_qualification,0,glm-5.2,pilot_density,early,calm,1
02b9a480c64163fa9bcf,glm-5.3,glm-5.3,information_request,0,glm-5.2,pilot_density,early,calm,1
02b9a480c64163fa9bcf,glm-5.3,glm-5.3,unsupported_ability_claim,0,glm-5.2,pilot_density,early,calm,1
d6ac481b1ea780369c17,deepseek-v4-pro,deepseek-v4-pro,answer_reveal,1,MiniMax-M2.7,pilot_fractions,early,frustrated,1
d6ac481b1ea780369c17,deepseek-v4-pro,deepseek-v4-pro,worked_explanation,1,MiniMax-M2.7,pilot_fractions,early,frustrated,1
d6ac481b1ea780369c17,deepseek-v4-pro,deepseek-v4-pro,reasoning_elicitation,0,MiniMax-M2.7,pilot_fractions,early,frustrated,1
d6ac481b1ea780369c17,deepseek-v4-pro,deepseek-v4-pro,learner_choice,1,MiniMax-M2.7,pilot_fractions,early,frustrated,1
d6ac481b1ea780369c17,deepseek-v4-pro,deepseek-v4-pro,affect_acknowledgement,1,MiniMax-M2.7,pilot_fractions,early,frustrated,1
d6ac481b1ea780369c17,deepseek-v4-pro,deepseek-v4-pro,epistemic_qualification,0,MiniMax-M2.7,pilot_fractions,early,frustrated,1
d6ac481b1ea780369c17,deepseek-v4-pro,deepseek-v4-pro,information_request,0,MiniMax-M2.7,pilot_fractions,early,frustrated,1
d6ac481b1ea780369c17,deepseek-v4-pro,deepseek-v4-pro,unsupported_ability_claim,0,MiniMax-M2.7,pilot_fractions,early,frustrated,1
a4e32c45fba55018ad99,deepseek-v4-pro,deepseek-v4-pro,answer_reveal,1,MiniMax-M3,pilot_equation,early,frustrated,0
a4e32c45fba55018ad99,deepseek-v4-pro,deepseek-v4-pro,worked_explanation,1,MiniMax-M3,pilot_equation,early,frustrated,0
a4e32c45fba55018ad99,deepseek-v4-pro,deepseek-v4-pro,reasoning_elicitation,1,MiniMax-M3,pilot_equation,early,frustrated,0
a4e32c45fba55018ad99,deepseek-v4-pro,deepseek-v4-pro,learner_choice,1,MiniMax-M3,pilot_equation,early,frustrated,0
a4e32c45fba55018ad99,deepseek-v4-pro,deepseek-v4-pro,affect_acknowledgement,1,MiniMax-M3,pilot_equation,early,frustrated,0
a4e32c45fba55018ad99,deepseek-v4-pro,deepseek-v4-pro,epistemic_qualification,0,MiniMax-M3,pilot_equation,early,frustrated,0
a4e32c45fba55018ad99,deepseek-v4-pro,deepseek-v4-pro,information_request,0,MiniMax-M3,pilot_equation,early,frustrated,0
a4e32c45fba55018ad99,deepseek-v4-pro,deepseek-v4-pro,unsupported_ability_claim,0,MiniMax-M3,pilot_equation,early,frustrated,0
4d32c7535150f80f34b5,MiniMax-M3,MiniMax-M3,answer_reveal,1,MiniMax-M3,pilot_equation,late,frustrated,1
4d32c7535150f80f34b5,MiniMax-M3,MiniMax-M3,worked_explanation,1,MiniMax-M3,pilot_equation,late,frustrated,1
4d32c7535150f80f34b5,MiniMax-M3,MiniMax-M3,reasoning_elicitation,0,MiniMax-M3,pilot_equation,late,frustrated,1
4d32c7535150f80f34b5,MiniMax-M3,MiniMax-M3,learner_choice,1,MiniMax-M3,pilot_equation,late,frustrated,1
4d32c7535150f80f34b5,MiniMax-M3,MiniMax-M3,affect_acknowledgement,1,MiniMax-M3,pilot_equation,late,frustrated,1
4d32c7535150f80f34b5,MiniMax-M3,MiniMax-M3,epistemic_qualification,0,MiniMax-M3,pilot_equation,late,frustrated,1
4d32c7535150f80f34b5,MiniMax-M3,MiniMax-M3,information_request,0,MiniMax-M3,pilot_equation,late,frustrated,1
4d32c7535150f80f34b5,MiniMax-M3,MiniMax-M3,unsupported_ability_claim,1,MiniMax-M3,pilot_equation,late,frustrated,1
8a8d9288be211adc801e,deepseek-v4-pro,deepseek-v4-pro,answer_reveal,1,doubao-seed-2.0-lite,pilot_fractions,early,frustrated,0
8a8d9288be211adc801e,deepseek-v4-pro,deepseek-v4-pro,worked_explanation,1,doubao-seed-2.0-lite,pilot_fractions,early,frustrated,0
8a8d9288be211adc801e,deepseek-v4-pro,deepseek-v4-pro,reasoning_elicitation,0,doubao-seed-2.0-lite,pilot_fractions,early,frustrated,0
8a8d9288be211adc801e,deepseek-v4-pro,deepseek-v4-pro,learner_choice,0,doubao-seed-2.0-lite,pilot_fractions,early,frustrated,0
8a8d9288be211adc801e,deepseek-v4-pro,deepseek-v4-pro,affect_acknowledgement,1,doubao-seed-2.0-lite,pilot_fractions,early,frustrated,0
8a8d9288be211adc801e,deepseek-v4-pro,deepseek-v4-pro,epistemic_qualification,0,doubao-seed-2.0-lite,pilot_fractions,early,frustrated,0
8a8d9288be211adc801e,deepseek-v4-pro,deepseek-v4-pro,information_request,0,doubao-seed-2.0-lite,pilot_fractions,early,frustrated,0
8a8d9288be211adc801e,deepseek-v4-pro,deepseek-v4-pro,unsupported_ability_claim,0,doubao-seed-2.0-lite,pilot_fractions,early,frustrated,0
63c1901d76d0dae52fbf,deepseek-v4-pro,deepseek-v4-pro,answer_reveal,1,deepseek-v4-pro,pilot_equation,late,calm,0
63c1901d76d0dae52fbf,deepseek-v4-pro,deepseek-v4-pro,worked_explanation,1,deepseek-v4-pro,pilot_equation,late,calm,0
63c1901d76d0dae52fbf,deepseek-v4-pro,deepseek-v4-pro,reasoning_elicitation,0,deepseek-v4-pro,pilot_equation,late,calm,0
63c1901d76d0dae52fbf,deepseek-v4-pro,deepseek-v4-pro,learner_choice,0,deepseek-v4-pro,pilot_equation,late,calm,0
63c1901d76d0dae52fbf,deepseek-v4-pro,deepseek-v4-pro,affect_acknowledgement,1,deepseek-v4-pro,pilot_equation,late,calm,0
63c1901d76d0dae52fbf,deepseek-v4-pro,deepseek-v4-pro,epistemic_qualification,0,deepseek-v4-pro,pilot_equation,late,calm,0
63c1901d76d0dae52fbf,deepseek-v4-pro,deepseek-v4-pro,information_request,0,deepseek-v4-pro,pilot_equation,late,calm,0
63c1901d76d0dae52fbf,deepseek-v4-pro,deepseek-v4-pro,unsupported_ability_claim,0,deepseek-v4-pro,pilot_equation,late,calm,0
52eef16d6a654ea51571,glm-5.3,glm-5.3,answer_reveal,1,MiniMax-M3,pilot_density,early,calm,0
52eef16d6a654ea51571,glm-5.3,glm-5.3,worked_explanation,1,MiniMax-M3,pilot_density,early,calm,0
52eef16d6a654ea51571,glm-5.3,glm-5.3,reasoning_elicitation,0,MiniMax-M3,pilot_density,early,calm,0
52eef16d6a654ea51571,glm-5.3,glm-5.3,learner_choice,0,MiniMax-M3,pilot_density,early,calm,0
52eef16d6a654ea51571,glm-5.3,glm-5.3,affect_acknowledgement,1,MiniMax-M3,pilot_density,early,calm,0
52eef16d6a654ea51571,glm-5.3,glm-5.3,epistemic_qualification,0,MiniMax-M3,pilot_density,early,calm,0
52eef16d6a654ea51571,glm-5.3,glm-5.3,information_request,0,MiniMax-M3,pilot_density,early,calm,0
52eef16d6a654ea51571,glm-5.3,glm-5.3,unsupported_ability_claim,0,MiniMax-M3,pilot_density,early,calm,0
c8f60d6c3a941c46464a,deepseek-v4-pro,deepseek-v4-pro,answer_reveal,1,glm-5.2,pilot_causal_claim,early,calm,0
c8f60d6c3a941c46464a,deepseek-v4-pro,deepseek-v4-pro,worked_explanation,1,glm-5.2,pilot_causal_claim,early,calm,0
c8f60d6c3a941c46464a,deepseek-v4-pro,deepseek-v4-pro,reasoning_elicitation,1,glm-5.2,pilot_causal_claim,early,calm,0
c8f60d6c3a941c46464a,deepseek-v4-pro,deepseek-v4-pro,learner_choice,0,glm-5.2,pilot_causal_claim,early,calm,0
c8f60d6c3a941c46464a,deepseek-v4-pro,deepseek-v4-pro,affect_acknowledgement,1,glm-5.2,pilot_causal_claim,early,calm,0
c8f60d6c3a941c46464a,deepseek-v4-pro,deepseek-v4-pro,epistemic_qualification,1,glm-5.2,pilot_causal_claim,early,calm,0
c8f60d6c3a941c46464a,deepseek-v4-pro,deepseek-v4-pro,information_request,0,glm-5.2,pilot_causal_claim,early,calm,0
c8f60d6c3a941c46464a,deepseek-v4-pro,deepseek-v4-pro,unsupported_ability_claim,0,glm-5.2,pilot_causal_claim,early,calm,0
e741484691388821e7a1,glm-5.3,glm-5.3,answer_reveal,1,MiniMax-M3,pilot_causal_claim,early,frustrated,0
e741484691388821e7a1,glm-5.3,glm-5.3,worked_explanation,1,MiniMax-M3,pilot_causal_claim,early,frustrated,0
e741484691388821e7a1,glm-5.3,glm-5.3,reasoning_elicitation,1,MiniMax-M3,pilot_causal_claim,early,frustrated,0
e741484691388821e7a1,glm-5.3,glm-5.3,learner_choice,0,MiniMax-M3,pilot_causal_claim,early,frustrated,0
e741484691388821e7a1,glm-5.3,glm-5.3,affect_acknowledgement,1,MiniMax-M3,pilot_causal_claim,early,frustrated,0
e741484691388821e7a1,glm-5.3,glm-5.3,epistemic_qualification,1,MiniMax-M3,pilot_causal_claim,early,frustrated,0
e741484691388821e7a1,glm-5.3,glm-5.3,information_request,0,MiniMax-M3,pilot_causal_claim,early,frustrated,0
e741484691388821e7a1,glm-5.3,glm-5.3,unsupported_ability_claim,1,MiniMax-M3,pilot_causal_claim,early,frustrated,0
a57f3e700321f6075726,glm-5.3,glm-5.3,answer_reveal,1,doubao-seed-2.0-lite,pilot_fractions,late,calm,1
a57f3e700321f6075726,glm-5.3,glm-5.3,worked_explanation,1,doubao-seed-2.0-lite,pilot_fractions,late,calm,1
a57f3e700321f6075726,glm-5.3,glm-5.3,reasoning_elicitation,0,doubao-seed-2.0-lite,pilot_fractions,late,calm,1
a57f3e700321f6075726,glm-5.3,glm-5.3,learner_choice,0,doubao-seed-2.0-lite,pilot_fractions,late,calm,1
a57f3e700321f6075726,glm-5.3,glm-5.3,affect_acknowledgement,0,doubao-seed-2.0-lite,pilot_fractions,late,calm,1
a57f3e700321f6075726,glm-5.3,glm-5.3,epistemic_qualification,0,doubao-seed-2.0-lite,pilot_fractions,late,calm,1
a57f3e700321f6075726,glm-5.3,glm-5.3,information_request,0,doubao-seed-2.0-lite,pilot_fractions,late,calm,1
a57f3e700321f6075726,glm-5.3,glm-5.3,unsupported_ability_claim,0,doubao-seed-2.0-lite,pilot_fractions,late,calm,1
9f5c557faec6e4ad38fc,MiniMax-M3,MiniMax-M3,answer_reveal,1,MiniMax-M3,pilot_equation,late,calm,0
9f5c557faec6e4ad38fc,MiniMax-M3,MiniMax-M3,worked_explanation,1,MiniMax-M3,pilot_equation,late,calm,0
9f5c557faec6e4ad38fc,MiniMax-M3,MiniMax-M3,reasoning_elicitation,0,MiniMax-M3,pilot_equation,late,calm,0
9f5c557faec6e4ad38fc,MiniMax-M3,MiniMax-M3,learner_choice,0,MiniMax-M3,pilot_equation,late,calm,0
9f5c557faec6e4ad38fc,MiniMax-M3,MiniMax-M3,affect_acknowledgement,1,MiniMax-M3,pilot_equation,late,calm,0
9f5c557faec6e4ad38fc,MiniMax-M3,MiniMax-M3,epistemic_qualification,0,MiniMax-M3,pilot_equation,late,calm,0
9f5c557faec6e4ad38fc,MiniMax-M3,MiniMax-M3,information_request,0,MiniMax-M3,pilot_equation,late,calm,0
9f5c557faec6e4ad38fc,MiniMax-M3,MiniMax-M3,unsupported_ability_claim,1,MiniMax-M3,pilot_equation,late,calm,0
67d1b14a7992b412d836,glm-5.3,glm-5.3,answer_reveal,1,deepseek-v4-pro,pilot_density,late,calm,0
67d1b14a7992b412d836,glm-5.3,glm-5.3,worked_explanation,1,deepseek-v4-pro,pilot_density,late,calm,0
67d1b14a7992b412d836,glm-5.3,glm-5.3,reasoning_elicitation,0,deepseek-v4-pro,pilot_density,late,calm,0
67d1b14a7992b412d836,glm-5.3,glm-5.3,learner_choice,0,deepseek-v4-pro,pilot_density,late,calm,0
67d1b14a7992b412d836,glm-5.3,glm-5.3,affect_acknowledgement,1,deepseek-v4-pro,pilot_density,late,calm,0
67d1b14a7992b412d836,glm-5.3,glm-5.3,epistemic_qualification,0,deepseek-v4-pro,pilot_density,late,calm,0
67d1b14a7992b412d836,glm-5.3,glm-5.3,information_request,0,deepseek-v4-pro,pilot_density,late,calm,0
67d1b14a7992b412d836,glm-5.3,glm-5.3,unsupported_ability_claim,0,deepseek-v4-pro,pilot_density,late,calm,0
0142f9f4b822ffbd8c37,MiniMax-M3,MiniMax-M3,answer_reveal,0,MiniMax-M3,pilot_causal_claim,early,calm,0
0142f9f4b822ffbd8c37,MiniMax-M3,MiniMax-M3,worked_explanation,1,MiniMax-M3,pilot_causal_claim,early,calm,0
0142f9f4b822ffbd8c37,MiniMax-M3,MiniMax-M3,reasoning_elicitation,1,MiniMax-M3,pilot_causal_claim,early,calm,0
0142f9f4b822ffbd8c37,MiniMax-M3,MiniMax-M3,learner_choice,0,MiniMax-M3,pilot_causal_claim,early,calm,0
0142f9f4b822ffbd8c37,MiniMax-M3,MiniMax-M3,affect_acknowledgement,0,MiniMax-M3,pilot_causal_claim,early,calm,0
0142f9f4b822ffbd8c37,MiniMax-M3,MiniMax-M3,epistemic_qualification,1,MiniMax-M3,pilot_causal_claim,early,calm,0
0142f9f4b822ffbd8c37,MiniMax-M3,MiniMax-M3,information_request,0,MiniMax-M3,pilot_causal_claim,early,calm,0
0142f9f4b822ffbd8c37,MiniMax-M3,MiniMax-M3,unsupported_ability_claim,0,MiniMax-M3,pilot_causal_claim,early,calm,0
62c1cf1ab9b223b87f11,deepseek-v4-pro,deepseek-v4-pro,answer_reveal,1,deepseek-v4-pro,pilot_causal_claim,early,frustrated,0
62c1cf1ab9b223b87f11,deepseek-v4-pro,deepseek-v4-pro,worked_explanation,1,deepseek-v4-pro,pilot_causal_claim,early,frustrated,0
62c1cf1ab9b223b87f11,deepseek-v4-pro,deepseek-v4-pro,reasoning_elicitation,1,deepseek-v4-pro,pilot_causal_claim,early,frustrated,0
62c1cf1ab9b223b87f11,deepseek-v4-pro,deepseek-v4-pro,learner_choice,1,deepseek-v4-pro,pilot_causal_claim,early,frustrated,0
62c1cf1ab9b223b87f11,deepseek-v4-pro,deepseek-v4-pro,affect_acknowledgement,1,deepseek-v4-pro,pilot_causal_claim,early,frustrated,0
62c1cf1ab9b223b87f11,deepseek-v4-pro,deepseek-v4-pro,epistemic_qualification,1,deepseek-v4-pro,pilot_causal_claim,early,frustrated,0
62c1cf1ab9b223b87f11,deepseek-v4-pro,deepseek-v4-pro,information_request,1,deepseek-v4-pro,pilot_causal_claim,early,frustrated,0
62c1cf1ab9b223b87f11,deepseek-v4-pro,deepseek-v4-pro,unsupported_ability_claim,0,deepseek-v4-pro,pilot_causal_claim,early,frustrated,0
a13446d4d7c7f00843d7,MiniMax-M3,MiniMax-M3,answer_reveal,1,glm-5.2,pilot_causal_claim,late,frustrated,0
a13446d4d7c7f00843d7,MiniMax-M3,MiniMax-M3,worked_explanation,1,glm-5.2,pilot_causal_claim,late,frustrated,0
a13446d4d7c7f00843d7,MiniMax-M3,MiniMax-M3,reasoning_elicitation,1,glm-5.2,pilot_causal_claim,late,frustrated,0
a13446d4d7c7f00843d7,MiniMax-M3,MiniMax-M3,learner_choice,0,glm-5.2,pilot_causal_claim,late,frustrated,0
a13446d4d7c7f00843d7,MiniMax-M3,MiniMax-M3,affect_acknowledgement,1,glm-5.2,pilot_causal_claim,late,frustrated,0
a13446d4d7c7f00843d7,MiniMax-M3,MiniMax-M3,epistemic_qualification,1,glm-5.2,pilot_causal_claim,late,frustrated,0
a13446d4d7c7f00843d7,MiniMax-M3,MiniMax-M3,information_request,0,glm-5.2,pilot_causal_claim,late,frustrated,0
a13446d4d7c7f00843d7,MiniMax-M3,MiniMax-M3,unsupported_ability_claim,0,glm-5.2,pilot_causal_claim,late,frustrated,0
25cb7b626f8264469349,deepseek-v4-pro,deepseek-v4-pro,answer_reveal,0,glm-5.2,pilot_density,early,frustrated,1
25cb7b626f8264469349,deepseek-v4-pro,deepseek-v4-pro,worked_explanation,1,glm-5.2,pilot_density,early,frustrated,1
25cb7b626f8264469349,deepseek-v4-pro,deepseek-v4-pro,reasoning_elicitation,1,glm-5.2,pilot_density,early,frustrated,1
25cb7b626f8264469349,deepseek-v4-pro,deepseek-v4-pro,learner_choice,0,glm-5.2,pilot_density,early,frustrated,1
25cb7b626f8264469349,deepseek-v4-pro,deepseek-v4-pro,affect_acknowledgement,1,glm-5.2,pilot_density,early,frustrated,1
25cb7b626f8264469349,deepseek-v4-pro,deepseek-v4-pro,epistemic_qualification,1,glm-5.2,pilot_density,early,frustrated,1
25cb7b626f8264469349,deepseek-v4-pro,deepseek-v4-pro,information_request,0,glm-5.2,pilot_density,early,frustrated,1
25cb7b626f8264469349,deepseek-v4-pro,deepseek-v4-pro,unsupported_ability_claim,0,glm-5.2,pilot_density,early,frustrated,1
18716221a8a15a38c150,deepseek-v4-pro,deepseek-v4-pro,answer_reveal,1,MiniMax-M2.7,pilot_density,early,calm,0
18716221a8a15a38c150,deepseek-v4-pro,deepseek-v4-pro,worked_explanation,1,MiniMax-M2.7,pilot_density,early,calm,0
18716221a8a15a38c150,deepseek-v4-pro,deepseek-v4-pro,reasoning_elicitation,0,MiniMax-M2.7,pilot_density,early,calm,0
18716221a8a15a38c150,deepseek-v4-pro,deepseek-v4-pro,learner_choice,0,MiniMax-M2.7,pilot_density,early,calm,0
18716221a8a15a38c150,deepseek-v4-pro,deepseek-v4-pro,affect_acknowledgement,0,MiniMax-M2.7,pilot_density,early,calm,0
18716221a8a15a38c150,deepseek-v4-pro,deepseek-v4-pro,epistemic_qualification,0,MiniMax-M2.7,pilot_density,early,calm,0
18716221a8a15a38c150,deepseek-v4-pro,deepseek-v4-pro,information_request,0,MiniMax-M2.7,pilot_density,early,calm,0
18716221a8a15a38c150,deepseek-v4-pro,deepseek-v4-pro,unsupported_ability_claim,0,MiniMax-M2.7,pilot_density,early,calm,0
5ed0b92674b9c4dc0ae4,deepseek-v4-pro,deepseek-v4-pro,answer_reveal,1,MiniMax-M2.7,pilot_equation,late,frustrated,0
5ed0b92674b9c4dc0ae4,deepseek-v4-pro,deepseek-v4-pro,worked_explanation,1,MiniMax-M2.7,pilot_equation,late,frustrated,0
5ed0b92674b9c4dc0ae4,deepseek-v4-pro,deepseek-v4-pro,reasoning_elicitation,0,MiniMax-M2.7,pilot_equation,late,frustrated,0
5ed0b92674b9c4dc0ae4,deepseek-v4-pro,deepseek-v4-pro,learner_choice,0,MiniMax-M2.7,pilot_equation,late,frustrated,0
5ed0b92674b9c4dc0ae4,deepseek-v4-pro,deepseek-v4-pro,affect_acknowledgement,1,MiniMax-M2.7,pilot_equation,late,frustrated,0
5ed0b92674b9c4dc0ae4,deepseek-v4-pro,deepseek-v4-pro,epistemic_qualification,0,MiniMax-M2.7,pilot_equation,late,frustrated,0
5ed0b92674b9c4dc0ae4,deepseek-v4-pro,deepseek-v4-pro,information_request,0,MiniMax-M2.7,pilot_equation,late,frustrated,0
5ed0b92674b9c4dc0ae4,deepseek-v4-pro,deepseek-v4-pro,unsupported_ability_claim,0,MiniMax-M2.7,pilot_equation,late,frustrated,0
62e94a5e10cfb40724ee,deepseek-v4-pro,deepseek-v4-pro,answer_reveal,0,glm-5.2,pilot_density,early,frustrated,0
62e94a5e10cfb40724ee,deepseek-v4-pro,deepseek-v4-pro,worked_explanation,1,glm-5.2,pilot_density,early,frustrated,0
62e94a5e10cfb40724ee,deepseek-v4-pro,deepseek-v4-pro,reasoning_elicitation,1,glm-5.2,pilot_density,early,frustrated,0
62e94a5e10cfb40724ee,deepseek-v4-pro,deepseek-v4-pro,learner_choice,0,glm-5.2,pilot_density,early,frustrated,0
62e94a5e10cfb40724ee,deepseek-v4-pro,deepseek-v4-pro,affect_acknowledgement,1,glm-5.2,pilot_density,early,frustrated,0
62e94a5e10cfb40724ee,deepseek-v4-pro,deepseek-v4-pro,epistemic_qualification,0,glm-5.2,pilot_density,early,frustrated,0
62e94a5e10cfb40724ee,deepseek-v4-pro,deepseek-v4-pro,information_request,0,glm-5.2,pilot_density,early,frustrated,0
62e94a5e10cfb40724ee,deepseek-v4-pro,deepseek-v4-pro,unsupported_ability_claim,0,glm-5.2,pilot_density,early,frustrated,0
7e733f9b26a3f73077b1,deepseek-v4-pro,deepseek-v4-pro,answer_reveal,1,deepseek-v4-pro,pilot_density,early,frustrated,1
7e733f9b26a3f73077b1,deepseek-v4-pro,deepseek-v4-pro,worked_explanation,1,deepseek-v4-pro,pilot_density,early,frustrated,1
7e733f9b26a3f73077b1,deepseek-v4-pro,deepseek-v4-pro,reasoning_elicitation,0,deepseek-v4-pro,pilot_density,early,frustrated,1
7e733f9b26a3f73077b1,deepseek-v4-pro,deepseek-v4-pro,learner_choice,0,deepseek-v4-pro,pilot_density,early,frustrated,1
7e733f9b26a3f73077b1,deepseek-v4-pro,deepseek-v4-pro,affect_acknowledgement,1,deepseek-v4-pro,pilot_density,early,frustrated,1
7e733f9b26a3f73077b1,deepseek-v4-pro,deepseek-v4-pro,epistemic_qualification,0,deepseek-v4-pro,pilot_density,early,frustrated,1
7e733f9b26a3f73077b1,deepseek-v4-pro,deepseek-v4-pro,information_request,0,deepseek-v4-pro,pilot_density,early,frustrated,1
7e733f9b26a3f73077b1,deepseek-v4-pro,deepseek-v4-pro,unsupported_ability_claim,0,deepseek-v4-pro,pilot_density,early,frustrated,1
886f4bcfddee77744a83,MiniMax-M3,MiniMax-M3,answer_reveal,1,MiniMax-M3,pilot_causal_claim,late,frustrated,0
886f4bcfddee77744a83,MiniMax-M3,MiniMax-M3,worked_explanation,1,MiniMax-M3,pilot_causal_claim,late,frustrated,0
886f4bcfddee77744a83,MiniMax-M3,MiniMax-M3,reasoning_elicitation,1,MiniMax-M3,pilot_causal_claim,late,frustrated,0
886f4bcfddee77744a83,MiniMax-M3,MiniMax-M3,learner_choice,0,MiniMax-M3,pilot_causal_claim,late,frustrated,0
886f4bcfddee77744a83,MiniMax-M3,MiniMax-M3,affect_acknowledgement,1,MiniMax-M3,pilot_causal_claim,late,frustrated,0
886f4bcfddee77744a83,MiniMax-M3,MiniMax-M3,epistemic_qualification,1,MiniMax-M3,pilot_causal_claim,late,frustrated,0
886f4bcfddee77744a83,MiniMax-M3,MiniMax-M3,information_request,0,MiniMax-M3,pilot_causal_claim,late,frustrated,0
886f4bcfddee77744a83,MiniMax-M3,MiniMax-M3,unsupported_ability_claim,1,MiniMax-M3,pilot_causal_claim,late,frustrated,0
5ed0b92674b9c4dc0ae4,MiniMax-M3,MiniMax-M3,answer_reveal,1,MiniMax-M2.7,pilot_equation,late,frustrated,0
5ed0b92674b9c4dc0ae4,MiniMax-M3,MiniMax-M3,worked_explanation,1,MiniMax-M2.7,pilot_equation,late,frustrated,0
5ed0b92674b9c4dc0ae4,MiniMax-M3,MiniMax-M3,reasoning_elicitation,0,MiniMax-M2.7,pilot_equation,late,frustrated,0
5ed0b92674b9c4dc0ae4,MiniMax-M3,MiniMax-M3,learner_choice,0,MiniMax-M2.7,pilot_equation,late,frustrated,0
5ed0b92674b9c4dc0ae4,MiniMax-M3,MiniMax-M3,affect_acknowledgement,1,MiniMax-M2.7,pilot_equation,late,frustrated,0
5ed0b92674b9c4dc0ae4,MiniMax-M3,MiniMax-M3,epistemic_qualification,0,MiniMax-M2.7,pilot_equation,late,frustrated,0
5ed0b92674b9c4dc0ae4,MiniMax-M3,MiniMax-M3,information_request,0,MiniMax-M2.7,pilot_equation,late,frustrated,0
5ed0b92674b9c4dc0ae4,MiniMax-M3,MiniMax-M3,unsupported_ability_claim,1,MiniMax-M2.7,pilot_equation,late,frustrated,0
8efd5cd3ea1c2d6b0059,MiniMax-M3,MiniMax-M3,answer_reveal,1,MiniMax-M3,pilot_equation,early,calm,0
8efd5cd3ea1c2d6b0059,MiniMax-M3,MiniMax-M3,worked_explanation,1,MiniMax-M3,pilot_equation,early,calm,0
8efd5cd3ea1c2d6b0059,MiniMax-M3,MiniMax-M3,reasoning_elicitation,0,MiniMax-M3,pilot_equation,early,calm,0
8efd5cd3ea1c2d6b0059,MiniMax-M3,MiniMax-M3,learner_choice,0,MiniMax-M3,pilot_equation,early,calm,0
8efd5cd3ea1c2d6b0059,MiniMax-M3,MiniMax-M3,affect_acknowledgement,1,MiniMax-M3,pilot_equation,early,calm,0
8efd5cd3ea1c2d6b0059,MiniMax-M3,MiniMax-M3,epistemic_qualification,0,MiniMax-M3,pilot_equation,early,calm,0
8efd5cd3ea1c2d6b0059,MiniMax-M3,MiniMax-M3,information_request,0,MiniMax-M3,pilot_equation,early,calm,0
8efd5cd3ea1c2d6b0059,MiniMax-M3,MiniMax-M3,unsupported_ability_claim,0,MiniMax-M3,pilot_equation,early,calm,0
02b9a480c64163fa9bcf,MiniMax-M3,MiniMax-M3,answer_reveal,0,glm-5.2,pilot_density,early,calm,1
02b9a480c64163fa9bcf,MiniMax-M3,MiniMax-M3,worked_explanation,0,glm-5.2,pilot_density,early,calm,1
02b9a480c64163fa9bcf,MiniMax-M3,MiniMax-M3,reasoning_elicitation,1,glm-5.2,pilot_density,early,calm,1
02b9a480c64163fa9bcf,MiniMax-M3,MiniMax-M3,learner_choice,0,glm-5.2,pilot_density,early,calm,1
02b9a480c64163fa9bcf,MiniMax-M3,MiniMax-M3,affect_acknowledgement,0,glm-5.2,pilot_density,early,calm,1
02b9a480c64163fa9bcf,MiniMax-M3,MiniMax-M3,epistemic_qualification,0,glm-5.2,pilot_density,early,calm,1
02b9a480c64163fa9bcf,MiniMax-M3,MiniMax-M3,information_request,0,glm-5.2,pilot_density,early,calm,1
02b9a480c64163fa9bcf,MiniMax-M3,MiniMax-M3,unsupported_ability_claim,0,glm-5.2,pilot_density,early,calm,1
15600eb4d05de50949a5,MiniMax-M3,MiniMax-M3,answer_reveal,1,doubao-seed-2.0-lite,pilot_density,late,frustrated,1
15600eb4d05de50949a5,MiniMax-M3,MiniMax-M3,worked_explanation,1,doubao-seed-2.0-lite,pilot_density,late,frustrated,1
15600eb4d05de50949a5,MiniMax-M3,MiniMax-M3,reasoning_elicitation,0,doubao-seed-2.0-lite,pilot_density,late,frustrated,1
15600eb4d05de50949a5,MiniMax-M3,MiniMax-M3,learner_choice,0,doubao-seed-2.0-lite,pilot_density,late,frustrated,1
15600eb4d05de50949a5,MiniMax-M3,MiniMax-M3,affect_acknowledgement,1,doubao-seed-2.0-lite,pilot_density,late,frustrated,1
15600eb4d05de50949a5,MiniMax-M3,MiniMax-M3,epistemic_qualification,0,doubao-seed-2.0-lite,pilot_density,late,frustrated,1
15600eb4d05de50949a5,MiniMax-M3,MiniMax-M3,information_request,0,doubao-seed-2.0-lite,pilot_density,late,frustrated,1
15600eb4d05de50949a5,MiniMax-M3,MiniMax-M3,unsupported_ability_claim,0,doubao-seed-2.0-lite,pilot_density,late,frustrated,1
216b846d8089a6a00f90,glm-5.3,glm-5.3,answer_reveal,1,MiniMax-M2.7,pilot_equation,late,calm,0
216b846d8089a6a00f90,glm-5.3,glm-5.3,worked_explanation,1,MiniMax-M2.7,pilot_equation,late,calm,0
216b846d8089a6a00f90,glm-5.3,glm-5.3,reasoning_elicitation,0,MiniMax-M2.7,pilot_equation,late,calm,0
216b846d8089a6a00f90,glm-5.3,glm-5.3,learner_choice,0,MiniMax-M2.7,pilot_equation,late,calm,0
216b846d8089a6a00f90,glm-5.3,glm-5.3,affect_acknowledgement,0,MiniMax-M2.7,pilot_equation,late,calm,0
216b846d8089a6a00f90,glm-5.3,glm-5.3,epistemic_qualification,0,MiniMax-M2.7,pilot_equation,late,calm,0
216b846d8089a6a00f90,glm-5.3,glm-5.3,information_request,0,MiniMax-M2.7,pilot_equation,late,calm,0
216b846d8089a6a00f90,glm-5.3,glm-5.3,unsupported_ability_claim,0,MiniMax-M2.7,pilot_equation,late,calm,0
904a4a0bc2870525d537,glm-5.3,glm-5.3,answer_reveal,1,deepseek-v4-pro,pilot_causal_claim,early,frustrated,1
904a4a0bc2870525d537,glm-5.3,glm-5.3,worked_explanation,1,deepseek-v4-pro,pilot_causal_claim,early,frustrated,1
904a4a0bc2870525d537,glm-5.3,glm-5.3,reasoning_elicitation,0,deepseek-v4-pro,pilot_causal_claim,early,frustrated,1
904a4a0bc2870525d537,glm-5.3,glm-5.3,learner_choice,0,deepseek-v4-pro,pilot_causal_claim,early,frustrated,1
904a4a0bc2870525d537,glm-5.3,glm-5.3,affect_acknowledgement,1,deepseek-v4-pro,pilot_causal_claim,early,frustrated,1
904a4a0bc2870525d537,glm-5.3,glm-5.3,epistemic_qualification,1,deepseek-v4-pro,pilot_causal_claim,early,frustrated,1
904a4a0bc2870525d537,glm-5.3,glm-5.3,information_request,0,deepseek-v4-pro,pilot_causal_claim,early,frustrated,1
904a4a0bc2870525d537,glm-5.3,glm-5.3,unsupported_ability_claim,0,deepseek-v4-pro,pilot_causal_claim,early,frustrated,1
956cdca2c5c55d7a0a45,deepseek-v4-pro,deepseek-v4-pro,answer_reveal,0,glm-5.2,pilot_density,late,calm,1
956cdca2c5c55d7a0a45,deepseek-v4-pro,deepseek-v4-pro,worked_explanation,1,glm-5.2,pilot_density,late,calm,1
956cdca2c5c55d7a0a45,deepseek-v4-pro,deepseek-v4-pro,reasoning_elicitation,1,glm-5.2,pilot_density,late,calm,1
956cdca2c5c55d7a0a45,deepseek-v4-pro,deepseek-v4-pro,learner_choice,1,glm-5.2,pilot_density,late,calm,1
956cdca2c5c55d7a0a45,deepseek-v4-pro,deepseek-v4-pro,affect_acknowledgement,1,glm-5.2,pilot_density,late,calm,1
956cdca2c5c55d7a0a45,deepseek-v4-pro,deepseek-v4-pro,epistemic_qualification,0,glm-5.2,pilot_density,late,calm,1
956cdca2c5c55d7a0a45,deepseek-v4-pro,deepseek-v4-pro,information_request,0,glm-5.2,pilot_density,late,calm,1
956cdca2c5c55d7a0a45,deepseek-v4-pro,deepseek-v4-pro,unsupported_ability_claim,0,glm-5.2,pilot_density,late,calm,1
80a47e6c5d7231e2751b,deepseek-v4-pro,deepseek-v4-pro,answer_reveal,0,glm-5.2,pilot_equation,early,frustrated,1
80a47e6c5d7231e2751b,deepseek-v4-pro,deepseek-v4-pro,worked_explanation,1,glm-5.2,pilot_equation,early,frustrated,1
80a47e6c5d7231e2751b,deepseek-v4-pro,deepseek-v4-pro,reasoning_elicitation,1,glm-5.2,pilot_equation,early,frustrated,1
80a47e6c5d7231e2751b,deepseek-v4-pro,deepseek-v4-pro,learner_choice,0,glm-5.2,pilot_equation,early,frustrated,1
80a47e6c5d7231e2751b,deepseek-v4-pro,deepseek-v4-pro,affect_acknowledgement,1,glm-5.2,pilot_equation,early,frustrated,1
80a47e6c5d7231e2751b,deepseek-v4-pro,deepseek-v4-pro,epistemic_qualification,0,glm-5.2,pilot_equation,early,frustrated,1
80a47e6c5d7231e2751b,deepseek-v4-pro,deepseek-v4-pro,information_request,0,glm-5.2,pilot_equation,early,frustrated,1
80a47e6c5d7231e2751b,deepseek-v4-pro,deepseek-v4-pro,unsupported_ability_claim,0,glm-5.2,pilot_equation,early,frustrated,1
670b9bfae749d15ddf4a,glm-5.3,glm-5.3,answer_reveal,0,glm-5.2,pilot_fractions,late,frustrated,0
670b9bfae749d15ddf4a,glm-5.3,glm-5.3,worked_explanation,1,glm-5.2,pilot_fractions,late,frustrated,0
670b9bfae749d15ddf4a,glm-5.3,glm-5.3,reasoning_elicitation,1,glm-5.2,pilot_fractions,late,frustrated,0
670b9bfae749d15ddf4a,glm-5.3,glm-5.3,learner_choice,0,glm-5.2,pilot_fractions,late,frustrated,0
670b9bfae749d15ddf4a,glm-5.3,glm-5.3,affect_acknowledgement,0,glm-5.2,pilot_fractions,late,frustrated,0
670b9bfae749d15ddf4a,glm-5.3,glm-5.3,epistemic_qualification,0,glm-5.2,pilot_fractions,late,frustrated,0
670b9bfae749d15ddf4a,glm-5.3,glm-5.3,information_request,0,glm-5.2,pilot_fractions,late,frustrated,0
670b9bfae749d15ddf4a,glm-5.3,glm-5.3,unsupported_ability_claim,0,glm-5.2,pilot_fractions,late,frustrated,0
2b24c41786a09c5cea47,glm-5.3,glm-5.3,answer_reveal,1,deepseek-v4-pro,pilot_fractions,early,frustrated,0
2b24c41786a09c5cea47,glm-5.3,glm-5.3,worked_explanation,1,deepseek-v4-pro,pilot_fractions,early,frustrated,0
2b24c41786a09c5cea47,glm-5.3,glm-5.3,reasoning_elicitation,0,deepseek-v4-pro,pilot_fractions,early,frustrated,0
2b24c41786a09c5cea47,glm-5.3,glm-5.3,learner_choice,0,deepseek-v4-pro,pilot_fractions,early,frustrated,0
2b24c41786a09c5cea47,glm-5.3,glm-5.3,affect_acknowledgement,1,deepseek-v4-pro,pilot_fractions,early,frustrated,0
2b24c41786a09c5cea47,glm-5.3,glm-5.3,epistemic_qualification,0,deepseek-v4-pro,pilot_fractions,early,frustrated,0
2b24c41786a09c5cea47,glm-5.3,glm-5.3,information_request,0,deepseek-v4-pro,pilot_fractions,early,frustrated,0
2b24c41786a09c5cea47,glm-5.3,glm-5.3,unsupported_ability_claim,0,deepseek-v4-pro,pilot_fractions,early,frustrated,0
bbd4f65980994079e41a,MiniMax-M3,MiniMax-M3,answer_reveal,1,MiniMax-M2.7,pilot_density,late,calm,0
bbd4f65980994079e41a,MiniMax-M3,MiniMax-M3,worked_explanation,1,MiniMax-M2.7,pilot_density,late,calm,0
bbd4f65980994079e41a,MiniMax-M3,MiniMax-M3,reasoning_elicitation,0,MiniMax-M2.7,pilot_density,late,calm,0
bbd4f65980994079e41a,MiniMax-M3,MiniMax-M3,learner_choice,0,MiniMax-M2.7,pilot_density,late,calm,0
bbd4f65980994079e41a,MiniMax-M3,MiniMax-M3,affect_acknowledgement,0,MiniMax-M2.7,pilot_density,late,calm,0
bbd4f65980994079e41a,MiniMax-M3,MiniMax-M3,epistemic_qualification,0,MiniMax-M2.7,pilot_density,late,calm,0
bbd4f65980994079e41a,MiniMax-M3,MiniMax-M3,information_request,0,MiniMax-M2.7,pilot_density,late,calm,0
bbd4f65980994079e41a,MiniMax-M3,MiniMax-M3,unsupported_ability_claim,0,MiniMax-M2.7,pilot_density,late,calm,0
a28b45359ce905ff2907,glm-5.3,glm-5.3,answer_reveal,1,deepseek-v4-pro,pilot_equation,late,frustrated,0
a28b45359ce905ff2907,glm-5.3,glm-5.3,worked_explanation,1,deepseek-v4-pro,pilot_equation,late,frustrated,0
a28b45359ce905ff2907,glm-5.3,glm-5.3,reasoning_elicitation,0,deepseek-v4-pro,pilot_equation,late,frustrated,0
a28b45359ce905ff2907,glm-5.3,glm-5.3,learner_choice,0,deepseek-v4-pro,pilot_equation,late,frustrated,0
a28b45359ce905ff2907,glm-5.3,glm-5.3,affect_acknowledgement,1,deepseek-v4-pro,pilot_equation,late,frustrated,0
a28b45359ce905ff2907,glm-5.3,glm-5.3,epistemic_qualification,0,deepseek-v4-pro,pilot_equation,late,frustrated,0
a28b45359ce905ff2907,glm-5.3,glm-5.3,information_request,0,deepseek-v4-pro,pilot_equation,late,frustrated,0
a28b45359ce905ff2907,glm-5.3,glm-5.3,unsupported_ability_claim,0,deepseek-v4-pro,pilot_equation,late,frustrated,0
c6dd1411cb6a597ce52d,glm-5.3,glm-5.3,answer_reveal,1,MiniMax-M2.7,pilot_equation,early,calm,1
c6dd1411cb6a597ce52d,glm-5.3,glm-5.3,worked_explanation,1,MiniMax-M2.7,pilot_equation,early,calm,1
c6dd1411cb6a597ce52d,glm-5.3,glm-5.3,reasoning_elicitation,0,MiniMax-M2.7,pilot_equation,early,calm,1
c6dd1411cb6a597ce52d,glm-5.3,glm-5.3,learner_choice,0,MiniMax-M2.7,pilot_equation,early,calm,1
c6dd1411cb6a597ce52d,glm-5.3,glm-5.3,affect_acknowledgement,0,MiniMax-M2.7,pilot_equation,early,calm,1
c6dd1411cb6a597ce52d,glm-5.3,glm-5.3,epistemic_qualification,0,MiniMax-M2.7,pilot_equation,early,calm,1
c6dd1411cb6a597ce52d,glm-5.3,glm-5.3,information_request,0,MiniMax-M2.7,pilot_equation,early,calm,1
c6dd1411cb6a597ce52d,glm-5.3,glm-5.3,unsupported_ability_claim,0,MiniMax-M2.7,pilot_equation,early,calm,1
52eef16d6a654ea51571,MiniMax-M3,MiniMax-M3,answer_reveal,1,MiniMax-M3,pilot_density,early,calm,0
52eef16d6a654ea51571,MiniMax-M3,MiniMax-M3,worked_explanation,1,MiniMax-M3,pilot_density,early,calm,0
52eef16d6a654ea51571,MiniMax-M3,MiniMax-M3,reasoning_elicitation,0,MiniMax-M3,pilot_density,early,calm,0
52eef16d6a654ea51571,MiniMax-M3,MiniMax-M3,learner_choice,0,MiniMax-M3,pilot_density,early,calm,0
52eef16d6a654ea51571,MiniMax-M3,MiniMax-M3,affect_acknowledgement,1,MiniMax-M3,pilot_density,early,calm,0
52eef16d6a654ea51571,MiniMax-M3,MiniMax-M3,epistemic_qualification,0,MiniMax-M3,pilot_density,early,calm,0
52eef16d6a654ea51571,MiniMax-M3,MiniMax-M3,information_request,0,MiniMax-M3,pilot_density,early,calm,0
52eef16d6a654ea51571,MiniMax-M3,MiniMax-M3,unsupported_ability_claim,0,MiniMax-M3,pilot_density,early,calm,0
ca991fb2ace20052ab18,glm-5.3,glm-5.3,answer_reveal,1,MiniMax-M2.7,pilot_causal_claim,late,calm,1
ca991fb2ace20052ab18,glm-5.3,glm-5.3,worked_explanation,1,MiniMax-M2.7,pilot_causal_claim,late,calm,1
ca991fb2ace20052ab18,glm-5.3,glm-5.3,reasoning_elicitation,1,MiniMax-M2.7,pilot_causal_claim,late,calm,1
ca991fb2ace20052ab18,glm-5.3,glm-5.3,learner_choice,1,MiniMax-M2.7,pilot_causal_claim,late,calm,1
ca991fb2ace20052ab18,glm-5.3,glm-5.3,affect_acknowledgement,0,MiniMax-M2.7,pilot_causal_claim,late,calm,1
ca991fb2ace20052ab18,glm-5.3,glm-5.3,epistemic_qualification,1,MiniMax-M2.7,pilot_causal_claim,late,calm,1
ca991fb2ace20052ab18,glm-5.3,glm-5.3,information_request,0,MiniMax-M2.7,pilot_causal_claim,late,calm,1
ca991fb2ace20052ab18,glm-5.3,glm-5.3,unsupported_ability_claim,0,MiniMax-M2.7,pilot_causal_claim,late,calm,1
7766143ed2b2f724bf45,MiniMax-M3,MiniMax-M3,answer_reveal,1,deepseek-v4-pro,pilot_causal_claim,early,calm,0
7766143ed2b2f724bf45,MiniMax-M3,MiniMax-M3,worked_explanation,1,deepseek-v4-pro,pilot_causal_claim,early,calm,0
7766143ed2b2f724bf45,MiniMax-M3,MiniMax-M3,reasoning_elicitation,1,deepseek-v4-pro,pilot_causal_claim,early,calm,0
7766143ed2b2f724bf45,MiniMax-M3,MiniMax-M3,learner_choice,0,deepseek-v4-pro,pilot_causal_claim,early,calm,0
7766143ed2b2f724bf45,MiniMax-M3,MiniMax-M3,affect_acknowledgement,0,deepseek-v4-pro,pilot_causal_claim,early,calm,0
7766143ed2b2f724bf45,MiniMax-M3,MiniMax-M3,epistemic_qualification,0,deepseek-v4-pro,pilot_causal_claim,early,calm,0
7766143ed2b2f724bf45,MiniMax-M3,MiniMax-M3,information_request,0,deepseek-v4-pro,pilot_causal_claim,early,calm,0
7766143ed2b2f724bf45,MiniMax-M3,MiniMax-M3,unsupported_ability_claim,0,deepseek-v4-pro,pilot_causal_claim,early,calm,0
71fc550d202d11884918,MiniMax-M3,MiniMax-M3,answer_reveal,1,doubao-seed-2.0-lite,pilot_causal_claim,early,calm,1
71fc550d202d11884918,MiniMax-M3,MiniMax-M3,worked_explanation,1,doubao-seed-2.0-lite,pilot_causal_claim,early,calm,1
71fc550d202d11884918,MiniMax-M3,MiniMax-M3,reasoning_elicitation,0,doubao-seed-2.0-lite,pilot_causal_claim,early,calm,1
71fc550d202d11884918,MiniMax-M3,MiniMax-M3,learner_choice,0,doubao-seed-2.0-lite,pilot_causal_claim,early,calm,1
71fc550d202d11884918,MiniMax-M3,MiniMax-M3,affect_acknowledgement,0,doubao-seed-2.0-lite,pilot_causal_claim,early,calm,1
71fc550d202d11884918,MiniMax-M3,MiniMax-M3,epistemic_qualification,1,doubao-seed-2.0-lite,pilot_causal_claim,early,calm,1
71fc550d202d11884918,MiniMax-M3,MiniMax-M3,information_request,0,doubao-seed-2.0-lite,pilot_causal_claim,early,calm,1
71fc550d202d11884918,MiniMax-M3,MiniMax-M3,unsupported_ability_claim,0,doubao-seed-2.0-lite,pilot_causal_claim,early,calm,1
3c650b339867eebbd7ff,MiniMax-M3,MiniMax-M3,answer_reveal,1,doubao-seed-2.0-lite,pilot_density,late,calm,0
3c650b339867eebbd7ff,MiniMax-M3,MiniMax-M3,worked_explanation,1,doubao-seed-2.0-lite,pilot_density,late,calm,0
3c650b339867eebbd7ff,MiniMax-M3,MiniMax-M3,reasoning_elicitation,0,doubao-seed-2.0-lite,pilot_density,late,calm,0
3c650b339867eebbd7ff,MiniMax-M3,MiniMax-M3,learner_choice,0,doubao-seed-2.0-lite,pilot_density,late,calm,0
3c650b339867eebbd7ff,MiniMax-M3,MiniMax-M3,affect_acknowledgement,0,doubao-seed-2.0-lite,pilot_density,late,calm,0
3c650b339867eebbd7ff,MiniMax-M3,MiniMax-M3,epistemic_qualification,0,doubao-seed-2.0-lite,pilot_density,late,calm,0
3c650b339867eebbd7ff,MiniMax-M3,MiniMax-M3,information_request,0,doubao-seed-2.0-lite,pilot_density,late,calm,0
3c650b339867eebbd7ff,MiniMax-M3,MiniMax-M3,unsupported_ability_claim,0,doubao-seed-2.0-lite,pilot_density,late,calm,0
bf1b2727e4aaff632915,deepseek-v4-pro,deepseek-v4-pro,answer_reveal,1,MiniMax-M3,pilot_density,early,frustrated,1
bf1b2727e4aaff632915,deepseek-v4-pro,deepseek-v4-pro,worked_explanation,1,MiniMax-M3,pilot_density,early,frustrated,1
bf1b2727e4aaff632915,deepseek-v4-pro,deepseek-v4-pro,reasoning_elicitation,0,MiniMax-M3,pilot_density,early,frustrated,1
bf1b2727e4aaff632915,deepseek-v4-pro,deepseek-v4-pro,learner_choice,1,MiniMax-M3,pilot_density,early,frustrated,1
bf1b2727e4aaff632915,deepseek-v4-pro,deepseek-v4-pro,affect_acknowledgement,1,MiniMax-M3,pilot_density,early,frustrated,1
bf1b2727e4aaff632915,deepseek-v4-pro,deepseek-v4-pro,epistemic_qualification,0,MiniMax-M3,pilot_density,early,frustrated,1
bf1b2727e4aaff632915,deepseek-v4-pro,deepseek-v4-pro,information_request,0,MiniMax-M3,pilot_density,early,frustrated,1
bf1b2727e4aaff632915,deepseek-v4-pro,deepseek-v4-pro,unsupported_ability_claim,0,MiniMax-M3,pilot_density,early,frustrated,1
b511da945dccae8deb68,MiniMax-M3,MiniMax-M3,answer_reveal,1,deepseek-v4-pro,pilot_density,late,calm,1
b511da945dccae8deb68,MiniMax-M3,MiniMax-M3,worked_explanation,1,deepseek-v4-pro,pilot_density,late,calm,1
b511da945dccae8deb68,MiniMax-M3,MiniMax-M3,reasoning_elicitation,0,deepseek-v4-pro,pilot_density,late,calm,1
b511da945dccae8deb68,MiniMax-M3,MiniMax-M3,learner_choice,0,deepseek-v4-pro,pilot_density,late,calm,1
b511da945dccae8deb68,MiniMax-M3,MiniMax-M3,affect_acknowledgement,0,deepseek-v4-pro,pilot_density,late,calm,1
b511da945dccae8deb68,MiniMax-M3,MiniMax-M3,epistemic_qualification,0,deepseek-v4-pro,pilot_density,late,calm,1
b511da945dccae8deb68,MiniMax-M3,MiniMax-M3,information_request,0,deepseek-v4-pro,pilot_density,late,calm,1
b511da945dccae8deb68,MiniMax-M3,MiniMax-M3,unsupported_ability_claim,0,deepseek-v4-pro,pilot_density,late,calm,1
bab594a9a88e35c85159,deepseek-v4-pro,deepseek-v4-pro,answer_reveal,1,doubao-seed-2.0-lite,pilot_fractions,early,frustrated,1
bab594a9a88e35c85159,deepseek-v4-pro,deepseek-v4-pro,worked_explanation,1,doubao-seed-2.0-lite,pilot_fractions,early,frustrated,1
bab594a9a88e35c85159,deepseek-v4-pro,deepseek-v4-pro,reasoning_elicitation,0,doubao-seed-2.0-lite,pilot_fractions,early,frustrated,1
bab594a9a88e35c85159,deepseek-v4-pro,deepseek-v4-pro,learner_choice,1,doubao-seed-2.0-lite,pilot_fractions,early,frustrated,1
bab594a9a88e35c85159,deepseek-v4-pro,deepseek-v4-pro,affect_acknowledgement,1,doubao-seed-2.0-lite,pilot_fractions,early,frustrated,1
bab594a9a88e35c85159,deepseek-v4-pro,deepseek-v4-pro,epistemic_qualification,0,doubao-seed-2.0-lite,pilot_fractions,early,frustrated,1
bab594a9a88e35c85159,deepseek-v4-pro,deepseek-v4-pro,information_request,0,doubao-seed-2.0-lite,pilot_fractions,early,frustrated,1
bab594a9a88e35c85159,deepseek-v4-pro,deepseek-v4-pro,unsupported_ability_claim,0,doubao-seed-2.0-lite,pilot_fractions,early,frustrated,1
45a0c066f4c769f45668,glm-5.3,glm-5.3,answer_reveal,0,glm-5.2,pilot_equation,late,frustrated,0
45a0c066f4c769f45668,glm-5.3,glm-5.3,worked_explanation,0,glm-5.2,pilot_equation,late,frustrated,0
45a0c066f4c769f45668,glm-5.3,glm-5.3,reasoning_elicitation,1,glm-5.2,pilot_equation,late,frustrated,0
45a0c066f4c769f45668,glm-5.3,glm-5.3,learner_choice,0,glm-5.2,pilot_equation,late,frustrated,0
45a0c066f4c769f45668,glm-5.3,glm-5.3,affect_acknowledgement,1,glm-5.2,pilot_equation,late,frustrated,0
45a0c066f4c769f45668,glm-5.3,glm-5.3,epistemic_qualification,0,glm-5.2,pilot_equation,late,frustrated,0
45a0c066f4c769f45668,glm-5.3,glm-5.3,information_request,0,glm-5.2,pilot_equation,late,frustrated,0
45a0c066f4c769f45668,glm-5.3,glm-5.3,unsupported_ability_claim,0,glm-5.2,pilot_equation,late,frustrated,0
c9c385feb42fe3c24a0f,MiniMax-M3,MiniMax-M3,answer_reveal,1,deepseek-v4-pro,pilot_density,early,calm,0
c9c385feb42fe3c24a0f,MiniMax-M3,MiniMax-M3,worked_explanation,1,deepseek-v4-pro,pilot_density,early,calm,0
c9c385feb42fe3c24a0f,MiniMax-M3,MiniMax-M3,reasoning_elicitation,0,deepseek-v4-pro,pilot_density,early,calm,0
c9c385feb42fe3c24a0f,MiniMax-M3,MiniMax-M3,learner_choice,0,deepseek-v4-pro,pilot_density,early,calm,0
c9c385feb42fe3c24a0f,MiniMax-M3,MiniMax-M3,affect_acknowledgement,1,deepseek-v4-pro,pilot_density,early,calm,0
c9c385feb42fe3c24a0f,MiniMax-M3,MiniMax-M3,epistemic_qualification,0,deepseek-v4-pro,pilot_density,early,calm,0
c9c385feb42fe3c24a0f,MiniMax-M3,MiniMax-M3,information_request,0,deepseek-v4-pro,pilot_density,early,calm,0
c9c385feb42fe3c24a0f,MiniMax-M3,MiniMax-M3,unsupported_ability_claim,0,deepseek-v4-pro,pilot_density,early,calm,0
b00941e99620b639ddbb,deepseek-v4-pro,deepseek-v4-pro,answer_reveal,1,deepseek-v4-pro,pilot_equation,early,calm,0
b00941e99620b639ddbb,deepseek-v4-pro,deepseek-v4-pro,worked_explanation,1,deepseek-v4-pro,pilot_equation,early,calm,0
b00941e99620b639ddbb,deepseek-v4-pro,deepseek-v4-pro,reasoning_elicitation,0,deepseek-v4-pro,pilot_equation,early,calm,0
b00941e99620b639ddbb,deepseek-v4-pro,deepseek-v4-pro,learner_choice,0,deepseek-v4-pro,pilot_equation,early,calm,0
b00941e99620b639ddbb,deepseek-v4-pro,deepseek-v4-pro,affect_acknowledgement,1,deepseek-v4-pro,pilot_equation,early,calm,0
b00941e99620b639ddbb,deepseek-v4-pro,deepseek-v4-pro,epistemic_qualification,0,deepseek-v4-pro,pilot_equation,early,calm,0
b00941e99620b639ddbb,deepseek-v4-pro,deepseek-v4-pro,information_request,0,deepseek-v4-pro,pilot_equation,early,calm,0
b00941e99620b639ddbb,deepseek-v4-pro,deepseek-v4-pro,unsupported_ability_claim,0,deepseek-v4-pro,pilot_equation,early,calm,0
aada043522087ca17462,MiniMax-M3,MiniMax-M3,answer_reveal,1,doubao-seed-2.0-lite,pilot_causal_claim,late,frustrated,1
aada043522087ca17462,MiniMax-M3,MiniMax-M3,worked_explanation,1,doubao-seed-2.0-lite,pilot_causal_claim,late,frustrated,1
aada043522087ca17462,MiniMax-M3,MiniMax-M3,reasoning_elicitation,0,doubao-seed-2.0-lite,pilot_causal_claim,late,frustrated,1
aada043522087ca17462,MiniMax-M3,MiniMax-M3,learner_choice,0,doubao-seed-2.0-lite,pilot_causal_claim,late,frustrated,1
aada043522087ca17462,MiniMax-M3,MiniMax-M3,affect_acknowledgement,1,doubao-seed-2.0-lite,pilot_causal_claim,late,frustrated,1
aada043522087ca17462,MiniMax-M3,MiniMax-M3,epistemic_qualification,1,doubao-seed-2.0-lite,pilot_causal_claim,late,frustrated,1
aada043522087ca17462,MiniMax-M3,MiniMax-M3,information_request,0,doubao-seed-2.0-lite,pilot_causal_claim,late,frustrated,1
aada043522087ca17462,MiniMax-M3,MiniMax-M3,unsupported_ability_claim,1,doubao-seed-2.0-lite,pilot_causal_claim,late,frustrated,1
d5e5c310ef2bbf353fb4,deepseek-v4-pro,deepseek-v4-pro,answer_reveal,1,deepseek-v4-pro,pilot_causal_claim,early,calm,1
d5e5c310ef2bbf353fb4,deepseek-v4-pro,deepseek-v4-pro,worked_explanation,1,deepseek-v4-pro,pilot_causal_claim,early,calm,1
d5e5c310ef2bbf353fb4,deepseek-v4-pro,deepseek-v4-pro,reasoning_elicitation,1,deepseek-v4-pro,pilot_causal_claim,early,calm,1
d5e5c310ef2bbf353fb4,deepseek-v4-pro,deepseek-v4-pro,learner_choice,0,deepseek-v4-pro,pilot_causal_claim,early,calm,1
d5e5c310ef2bbf353fb4,deepseek-v4-pro,deepseek-v4-pro,affect_acknowledgement,1,deepseek-v4-pro,pilot_causal_claim,early,calm,1
d5e5c310ef2bbf353fb4,deepseek-v4-pro,deepseek-v4-pro,epistemic_qualification,1,deepseek-v4-pro,pilot_causal_claim,early,calm,1
d5e5c310ef2bbf353fb4,deepseek-v4-pro,deepseek-v4-pro,information_request,0,deepseek-v4-pro,pilot_causal_claim,early,calm,1
d5e5c310ef2bbf353fb4,deepseek-v4-pro,deepseek-v4-pro,unsupported_ability_claim,0,deepseek-v4-pro,pilot_causal_claim,early,calm,1
fa3a15141f6ccec1bbd4,deepseek-v4-pro,deepseek-v4-pro,answer_reveal,1,MiniMax-M3,pilot_causal_claim,late,frustrated,1
fa3a15141f6ccec1bbd4,deepseek-v4-pro,deepseek-v4-pro,worked_explanation,1,MiniMax-M3,pilot_causal_claim,late,frustrated,1
fa3a15141f6ccec1bbd4,deepseek-v4-pro,deepseek-v4-pro,reasoning_elicitation,0,MiniMax-M3,pilot_causal_claim,late,frustrated,1
fa3a15141f6ccec1bbd4,deepseek-v4-pro,deepseek-v4-pro,learner_choice,0,MiniMax-M3,pilot_causal_claim,late,frustrated,1
fa3a15141f6ccec1bbd4,deepseek-v4-pro,deepseek-v4-pro,affect_acknowledgement,1,MiniMax-M3,pilot_causal_claim,late,frustrated,1
fa3a15141f6ccec1bbd4,deepseek-v4-pro,deepseek-v4-pro,epistemic_qualification,1,MiniMax-M3,pilot_causal_claim,late,frustrated,1
fa3a15141f6ccec1bbd4,deepseek-v4-pro,deepseek-v4-pro,information_request,0,MiniMax-M3,pilot_causal_claim,late,frustrated,1
fa3a15141f6ccec1bbd4,deepseek-v4-pro,deepseek-v4-pro,unsupported_ability_claim,0,MiniMax-M3,pilot_causal_claim,late,frustrated,1
e8ab1769195ab0d9e5a7,glm-5.3,glm-5.3,answer_reveal,1,MiniMax-M2.7,pilot_equation,late,frustrated,1
e8ab1769195ab0d9e5a7,glm-5.3,glm-5.3,worked_explanation,1,MiniMax-M2.7,pilot_equation,late,frustrated,1
e8ab1769195ab0d9e5a7,glm-5.3,glm-5.3,reasoning_elicitation,0,MiniMax-M2.7,pilot_equation,late,frustrated,1
e8ab1769195ab0d9e5a7,glm-5.3,glm-5.3,learner_choice,0,MiniMax-M2.7,pilot_equation,late,frustrated,1
e8ab1769195ab0d9e5a7,glm-5.3,glm-5.3,affect_acknowledgement,1,MiniMax-M2.7,pilot_equation,late,frustrated,1
e8ab1769195ab0d9e5a7,glm-5.3,glm-5.3,epistemic_qualification,0,MiniMax-M2.7,pilot_equation,late,frustrated,1
e8ab1769195ab0d9e5a7,glm-5.3,glm-5.3,information_request,0,MiniMax-M2.7,pilot_equation,late,frustrated,1
e8ab1769195ab0d9e5a7,glm-5.3,glm-5.3,unsupported_ability_claim,0,MiniMax-M2.7,pilot_equation,late,frustrated,1
ba3ed78b338e9a13fa17,MiniMax-M3,MiniMax-M3,answer_reveal,1,doubao-seed-2.0-lite,pilot_equation,late,calm,1
ba3ed78b338e9a13fa17,MiniMax-M3,MiniMax-M3,worked_explanation,1,doubao-seed-2.0-lite,pilot_equation,late,calm,1
ba3ed78b338e9a13fa17,MiniMax-M3,MiniMax-M3,reasoning_elicitation,0,doubao-seed-2.0-lite,pilot_equation,late,calm,1
ba3ed78b338e9a13fa17,MiniMax-M3,MiniMax-M3,learner_choice,0,doubao-seed-2.0-lite,pilot_equation,late,calm,1
ba3ed78b338e9a13fa17,MiniMax-M3,MiniMax-M3,affect_acknowledgement,1,doubao-seed-2.0-lite,pilot_equation,late,calm,1
ba3ed78b338e9a13fa17,MiniMax-M3,MiniMax-M3,epistemic_qualification,0,doubao-seed-2.0-lite,pilot_equation,late,calm,1
ba3ed78b338e9a13fa17,MiniMax-M3,MiniMax-M3,information_request,0,doubao-seed-2.0-lite,pilot_equation,late,calm,1
ba3ed78b338e9a13fa17,MiniMax-M3,MiniMax-M3,unsupported_ability_claim,0,doubao-seed-2.0-lite,pilot_equation,late,calm,1
742cd01cf7b40fa991be,glm-5.3,glm-5.3,answer_reveal,0,glm-5.2,pilot_density,early,calm,0
742cd01cf7b40fa991be,glm-5.3,glm-5.3,worked_explanation,1,glm-5.2,pilot_density,early,calm,0
742cd01cf7b40fa991be,glm-5.3,glm-5.3,reasoning_elicitation,1,glm-5.2,pilot_density,early,calm,0
742cd01cf7b40fa991be,glm-5.3,glm-5.3,learner_choice,0,glm-5.2,pilot_density,early,calm,0
742cd01cf7b40fa991be,glm-5.3,glm-5.3,affect_acknowledgement,1,glm-5.2,pilot_density,early,calm,0
742cd01cf7b40fa991be,glm-5.3,glm-5.3,epistemic_qualification,1,glm-5.2,pilot_density,early,calm,0
742cd01cf7b40fa991be,glm-5.3,glm-5.3,information_request,0,glm-5.2,pilot_density,early,calm,0
742cd01cf7b40fa991be,glm-5.3,glm-5.3,unsupported_ability_claim,0,glm-5.2,pilot_density,early,calm,0
f0de4f52720a351b46d0,glm-5.3,glm-5.3,answer_reveal,1,MiniMax-M3,pilot_fractions,late,calm,1
f0de4f52720a351b46d0,glm-5.3,glm-5.3,worked_explanation,1,MiniMax-M3,pilot_fractions,late,calm,1
f0de4f52720a351b46d0,glm-5.3,glm-5.3,reasoning_elicitation,0,MiniMax-M3,pilot_fractions,late,calm,1
f0de4f52720a351b46d0,glm-5.3,glm-5.3,learner_choice,0,MiniMax-M3,pilot_fractions,late,calm,1
f0de4f52720a351b46d0,glm-5.3,glm-5.3,affect_acknowledgement,1,MiniMax-M3,pilot_fractions,late,calm,1
f0de4f52720a351b46d0,glm-5.3,glm-5.3,epistemic_qualification,0,MiniMax-M3,pilot_fractions,late,calm,1
f0de4f52720a351b46d0,glm-5.3,glm-5.3,information_request,0,MiniMax-M3,pilot_fractions,late,calm,1
f0de4f52720a351b46d0,glm-5.3,glm-5.3,unsupported_ability_claim,0,MiniMax-M3,pilot_fractions,late,calm,1
847834d66b1c19d75c4a,glm-5.3,glm-5.3,answer_reveal,1,deepseek-v4-pro,pilot_equation,early,frustrated,1
847834d66b1c19d75c4a,glm-5.3,glm-5.3,worked_explanation,1,deepseek-v4-pro,pilot_equation,early,frustrated,1
847834d66b1c19d75c4a,glm-5.3,glm-5.3,reasoning_elicitation,0,deepseek-v4-pro,pilot_equation,early,frustrated,1
847834d66b1c19d75c4a,glm-5.3,glm-5.3,learner_choice,0,deepseek-v4-pro,pilot_equation,early,frustrated,1
847834d66b1c19d75c4a,glm-5.3,glm-5.3,affect_acknowledgement,1,deepseek-v4-pro,pilot_equation,early,frustrated,1
847834d66b1c19d75c4a,glm-5.3,glm-5.3,epistemic_qualification,0,deepseek-v4-pro,pilot_equation,early,frustrated,1
847834d66b1c19d75c4a,glm-5.3,glm-5.3,information_request,0,deepseek-v4-pro,pilot_equation,early,frustrated,1
847834d66b1c19d75c4a,glm-5.3,glm-5.3,unsupported_ability_claim,0,deepseek-v4-pro,pilot_equation,early,frustrated,1
dcfe63aa0331e4775ff3,deepseek-v4-pro,deepseek-v4-pro,answer_reveal,0,MiniMax-M3,pilot_fractions,late,calm,0
dcfe63aa0331e4775ff3,deepseek-v4-pro,deepseek-v4-pro,worked_explanation,1,MiniMax-M3,pilot_fractions,late,calm,0
dcfe63aa0331e4775ff3,deepseek-v4-pro,deepseek-v4-pro,reasoning_elicitation,1,MiniMax-M3,pilot_fractions,late,calm,0
dcfe63aa0331e4775ff3,deepseek-v4-pro,deepseek-v4-pro,learner_choice,0,MiniMax-M3,pilot_fractions,late,calm,0
dcfe63aa0331e4775ff3,deepseek-v4-pro,deepseek-v4-pro,affect_acknowledgement,1,MiniMax-M3,pilot_fractions,late,calm,0
dcfe63aa0331e4775ff3,deepseek-v4-pro,deepseek-v4-pro,epistemic_qualification,0,MiniMax-M3,pilot_fractions,late,calm,0
dcfe63aa0331e4775ff3,deepseek-v4-pro,deepseek-v4-pro,information_request,0,MiniMax-M3,pilot_fractions,late,calm,0
dcfe63aa0331e4775ff3,deepseek-v4-pro,deepseek-v4-pro,unsupported_ability_claim,1,MiniMax-M3,pilot_fractions,late,calm,0
d20f03487a8dba323632,MiniMax-M3,MiniMax-M3,answer_reveal,1,doubao-seed-2.0-lite,pilot_equation,early,calm,0
d20f03487a8dba323632,MiniMax-M3,MiniMax-M3,worked_explanation,1,doubao-seed-2.0-lite,pilot_equation,early,calm,0
d20f03487a8dba323632,MiniMax-M3,MiniMax-M3,reasoning_elicitation,0,doubao-seed-2.0-lite,pilot_equation,early,calm,0
d20f03487a8dba323632,MiniMax-M3,MiniMax-M3,learner_choice,0,doubao-seed-2.0-lite,pilot_equation,early,calm,0
d20f03487a8dba323632,MiniMax-M3,MiniMax-M3,affect_acknowledgement,1,doubao-seed-2.0-lite,pilot_equation,early,calm,0
d20f03487a8dba323632,MiniMax-M3,MiniMax-M3,epistemic_qualification,0,doubao-seed-2.0-lite,pilot_equation,early,calm,0
d20f03487a8dba323632,MiniMax-M3,MiniMax-M3,information_request,0,doubao-seed-2.0-lite,pilot_equation,early,calm,0
d20f03487a8dba323632,MiniMax-M3,MiniMax-M3,unsupported_ability_claim,0,doubao-seed-2.0-lite,pilot_equation,early,calm,0
a28b45359ce905ff2907,MiniMax-M3,MiniMax-M3,answer_reveal,1,deepseek-v4-pro,pilot_equation,late,frustrated,0
a28b45359ce905ff2907,MiniMax-M3,MiniMax-M3,worked_explanation,1,deepseek-v4-pro,pilot_equation,late,frustrated,0
a28b45359ce905ff2907,MiniMax-M3,MiniMax-M3,reasoning_elicitation,0,deepseek-v4-pro,pilot_equation,late,frustrated,0
a28b45359ce905ff2907,MiniMax-M3,MiniMax-M3,learner_choice,0,deepseek-v4-pro,pilot_equation,late,frustrated,0
a28b45359ce905ff2907,MiniMax-M3,MiniMax-M3,affect_acknowledgement,1,deepseek-v4-pro,pilot_equation,late,frustrated,0
a28b45359ce905ff2907,MiniMax-M3,MiniMax-M3,epistemic_qualification,0,deepseek-v4-pro,pilot_equation,late,frustrated,0
a28b45359ce905ff2907,MiniMax-M3,MiniMax-M3,information_request,0,deepseek-v4-pro,pilot_equation,late,frustrated,0
a28b45359ce905ff2907,MiniMax-M3,MiniMax-M3,unsupported_ability_claim,0,deepseek-v4-pro,pilot_equation,late,frustrated,0
b52890c67ad0a03aee42,deepseek-v4-pro,deepseek-v4-pro,answer_reveal,1,doubao-seed-2.0-lite,pilot_density,late,calm,1
b52890c67ad0a03aee42,deepseek-v4-pro,deepseek-v4-pro,worked_explanation,1,doubao-seed-2.0-lite,pilot_density,late,calm,1
b52890c67ad0a03aee42,deepseek-v4-pro,deepseek-v4-pro,reasoning_elicitation,0,doubao-seed-2.0-lite,pilot_density,late,calm,1
b52890c67ad0a03aee42,deepseek-v4-pro,deepseek-v4-pro,learner_choice,0,doubao-seed-2.0-lite,pilot_density,late,calm,1
b52890c67ad0a03aee42,deepseek-v4-pro,deepseek-v4-pro,affect_acknowledgement,0,doubao-seed-2.0-lite,pilot_density,late,calm,1
b52890c67ad0a03aee42,deepseek-v4-pro,deepseek-v4-pro,epistemic_qualification,1,doubao-seed-2.0-lite,pilot_density,late,calm,1
b52890c67ad0a03aee42,deepseek-v4-pro,deepseek-v4-pro,information_request,0,doubao-seed-2.0-lite,pilot_density,late,calm,1
b52890c67ad0a03aee42,deepseek-v4-pro,deepseek-v4-pro,unsupported_ability_claim,0,doubao-seed-2.0-lite,pilot_density,late,calm,1
8481669b3fd975f9c8f7,glm-5.3,glm-5.3,answer_reveal,0,glm-5.2,pilot_fractions,late,frustrated,1
8481669b3fd975f9c8f7,glm-5.3,glm-5.3,worked_explanation,0,glm-5.2,pilot_fractions,late,frustrated,1
8481669b3fd975f9c8f7,glm-5.3,glm-5.3,reasoning_elicitation,1,glm-5.2,pilot_fractions,late,frustrated,1
8481669b3fd975f9c8f7,glm-5.3,glm-5.3,learner_choice,0,glm-5.2,pilot_fractions,late,frustrated,1
8481669b3fd975f9c8f7,glm-5.3,glm-5.3,affect_acknowledgement,1,glm-5.2,pilot_fractions,late,frustrated,1
8481669b3fd975f9c8f7,glm-5.3,glm-5.3,epistemic_qualification,0,glm-5.2,pilot_fractions,late,frustrated,1
8481669b3fd975f9c8f7,glm-5.3,glm-5.3,information_request,0,glm-5.2,pilot_fractions,late,frustrated,1
8481669b3fd975f9c8f7,glm-5.3,glm-5.3,unsupported_ability_claim,0,glm-5.2,pilot_fractions,late,frustrated,1
54dc8e523fd1dc34a1bf,MiniMax-M3,MiniMax-M3,answer_reveal,0,glm-5.2,pilot_fractions,late,calm,0
54dc8e523fd1dc34a1bf,MiniMax-M3,MiniMax-M3,worked_explanation,0,glm-5.2,pilot_fractions,late,calm,0
54dc8e523fd1dc34a1bf,MiniMax-M3,MiniMax-M3,reasoning_elicitation,1,glm-5.2,pilot_fractions,late,calm,0
54dc8e523fd1dc34a1bf,MiniMax-M3,MiniMax-M3,learner_choice,0,glm-5.2,pilot_fractions,late,calm,0
54dc8e523fd1dc34a1bf,MiniMax-M3,MiniMax-M3,affect_acknowledgement,0,glm-5.2,pilot_fractions,late,calm,0
54dc8e523fd1dc34a1bf,MiniMax-M3,MiniMax-M3,epistemic_qualification,0,glm-5.2,pilot_fractions,late,calm,0
54dc8e523fd1dc34a1bf,MiniMax-M3,MiniMax-M3,information_request,0,glm-5.2,pilot_fractions,late,calm,0
54dc8e523fd1dc34a1bf,MiniMax-M3,MiniMax-M3,unsupported_ability_claim,0,glm-5.2,pilot_fractions,late,calm,0
6b967cdfbda0a7700cf3,glm-5.3,glm-5.3,answer_reveal,1,MiniMax-M2.7,pilot_fractions,late,calm,0
6b967cdfbda0a7700cf3,glm-5.3,glm-5.3,worked_explanation,1,MiniMax-M2.7,pilot_fractions,late,calm,0
6b967cdfbda0a7700cf3,glm-5.3,glm-5.3,reasoning_elicitation,0,MiniMax-M2.7,pilot_fractions,late,calm,0
6b967cdfbda0a7700cf3,glm-5.3,glm-5.3,learner_choice,0,MiniMax-M2.7,pilot_fractions,late,calm,0
6b967cdfbda0a7700cf3,glm-5.3,glm-5.3,affect_acknowledgement,0,MiniMax-M2.7,pilot_fractions,late,calm,0
6b967cdfbda0a7700cf3,glm-5.3,glm-5.3,epistemic_qualification,0,MiniMax-M2.7,pilot_fractions,late,calm,0
6b967cdfbda0a7700cf3,glm-5.3,glm-5.3,information_request,0,MiniMax-M2.7,pilot_fractions,late,calm,0
6b967cdfbda0a7700cf3,glm-5.3,glm-5.3,unsupported_ability_claim,0,MiniMax-M2.7,pilot_fractions,late,calm,0
54dc8e523fd1dc34a1bf,glm-5.3,glm-5.3,answer_reveal,0,glm-5.2,pilot_fractions,late,calm,0
54dc8e523fd1dc34a1bf,glm-5.3,glm-5.3,worked_explanation,0,glm-5.2,pilot_fractions,late,calm,0
54dc8e523fd1dc34a1bf,glm-5.3,glm-5.3,reasoning_elicitation,1,glm-5.2,pilot_fractions,late,calm,0
54dc8e523fd1dc34a1bf,glm-5.3,glm-5.3,learner_choice,0,glm-5.2,pilot_fractions,late,calm,0
54dc8e523fd1dc34a1bf,glm-5.3,glm-5.3,affect_acknowledgement,0,glm-5.2,pilot_fractions,late,calm,0
54dc8e523fd1dc34a1bf,glm-5.3,glm-5.3,epistemic_qualification,0,glm-5.2,pilot_fractions,late,calm,0
54dc8e523fd1dc34a1bf,glm-5.3,glm-5.3,information_request,0,glm-5.2,pilot_fractions,late,calm,0
54dc8e523fd1dc34a1bf,glm-5.3,glm-5.3,unsupported_ability_claim,0,glm-5.2,pilot_fractions,late,calm,0
ef4d84d7f09f98e7ea02,MiniMax-M3,MiniMax-M3,answer_reveal,1,MiniMax-M2.7,pilot_density,early,frustrated,0
ef4d84d7f09f98e7ea02,MiniMax-M3,MiniMax-M3,worked_explanation,1,MiniMax-M2.7,pilot_density,early,frustrated,0
ef4d84d7f09f98e7ea02,MiniMax-M3,MiniMax-M3,reasoning_elicitation,0,MiniMax-M2.7,pilot_density,early,frustrated,0
ef4d84d7f09f98e7ea02,MiniMax-M3,MiniMax-M3,learner_choice,0,MiniMax-M2.7,pilot_density,early,frustrated,0
ef4d84d7f09f98e7ea02,MiniMax-M3,MiniMax-M3,affect_acknowledgement,0,MiniMax-M2.7,pilot_density,early,frustrated,0
ef4d84d7f09f98e7ea02,MiniMax-M3,MiniMax-M3,epistemic_qualification,0,MiniMax-M2.7,pilot_density,early,frustrated,0
ef4d84d7f09f98e7ea02,MiniMax-M3,MiniMax-M3,information_request,0,MiniMax-M2.7,pilot_density,early,frustrated,0
ef4d84d7f09f98e7ea02,MiniMax-M3,MiniMax-M3,unsupported_ability_claim,0,MiniMax-M2.7,pilot_density,early,frustrated,0
8be4a2fe48d21a92768e,glm-5.3,glm-5.3,answer_reveal,1,glm-5.2,pilot_density,late,frustrated,0
8be4a2fe48d21a92768e,glm-5.3,glm-5.3,worked_explanation,1,glm-5.2,pilot_density,late,frustrated,0
8be4a2fe48d21a92768e,glm-5.3,glm-5.3,reasoning_elicitation,1,glm-5.2,pilot_density,late,frustrated,0
8be4a2fe48d21a92768e,glm-5.3,glm-5.3,learner_choice,0,glm-5.2,pilot_density,late,frustrated,0
8be4a2fe48d21a92768e,glm-5.3,glm-5.3,affect_acknowledgement,1,glm-5.2,pilot_density,late,frustrated,0
8be4a2fe48d21a92768e,glm-5.3,glm-5.3,epistemic_qualification,0,glm-5.2,pilot_density,late,frustrated,0
8be4a2fe48d21a92768e,glm-5.3,glm-5.3,information_request,0,glm-5.2,pilot_density,late,frustrated,0
8be4a2fe48d21a92768e,glm-5.3,glm-5.3,unsupported_ability_claim,0,glm-5.2,pilot_density,late,frustrated,0
c02c8b15d60601787343,deepseek-v4-pro,deepseek-v4-pro,answer_reveal,1,doubao-seed-2.0-lite,pilot_causal_claim,late,calm,1
c02c8b15d60601787343,deepseek-v4-pro,deepseek-v4-pro,worked_explanation,1,doubao-seed-2.0-lite,pilot_causal_claim,late,calm,1
c02c8b15d60601787343,deepseek-v4-pro,deepseek-v4-pro,reasoning_elicitation,0,doubao-seed-2.0-lite,pilot_causal_claim,late,calm,1
c02c8b15d60601787343,deepseek-v4-pro,deepseek-v4-pro,learner_choice,0,doubao-seed-2.0-lite,pilot_causal_claim,late,calm,1
c02c8b15d60601787343,deepseek-v4-pro,deepseek-v4-pro,affect_acknowledgement,0,doubao-seed-2.0-lite,pilot_causal_claim,late,calm,1
c02c8b15d60601787343,deepseek-v4-pro,deepseek-v4-pro,epistemic_qualification,1,doubao-seed-2.0-lite,pilot_causal_claim,late,calm,1
c02c8b15d60601787343,deepseek-v4-pro,deepseek-v4-pro,information_request,0,doubao-seed-2.0-lite,pilot_causal_claim,late,calm,1
c02c8b15d60601787343,deepseek-v4-pro,deepseek-v4-pro,unsupported_ability_claim,0,doubao-seed-2.0-lite,pilot_causal_claim,late,calm,1
d6ac481b1ea780369c17,glm-5.3,glm-5.3,answer_reveal,1,MiniMax-M2.7,pilot_fractions,early,frustrated,1
d6ac481b1ea780369c17,glm-5.3,glm-5.3,worked_explanation,1,MiniMax-M2.7,pilot_fractions,early,frustrated,1
d6ac481b1ea780369c17,glm-5.3,glm-5.3,reasoning_elicitation,1,MiniMax-M2.7,pilot_fractions,early,frustrated,1
d6ac481b1ea780369c17,glm-5.3,glm-5.3,learner_choice,0,MiniMax-M2.7,pilot_fractions,early,frustrated,1
d6ac481b1ea780369c17,glm-5.3,glm-5.3,affect_acknowledgement,1,MiniMax-M2.7,pilot_fractions,early,frustrated,1
d6ac481b1ea780369c17,glm-5.3,glm-5.3,epistemic_qualification,0,MiniMax-M2.7,pilot_fractions,early,frustrated,1
d6ac481b1ea780369c17,glm-5.3,glm-5.3,information_request,0,MiniMax-M2.7,pilot_fractions,early,frustrated,1
d6ac481b1ea780369c17,glm-5.3,glm-5.3,unsupported_ability_claim,0,MiniMax-M2.7,pilot_fractions,early,frustrated,1
a335b4e6eb8637555cf9,deepseek-v4-pro,deepseek-v4-pro,answer_reveal,1,doubao-seed-2.0-lite,pilot_fractions,early,calm,1
a335b4e6eb8637555cf9,deepseek-v4-pro,deepseek-v4-pro,worked_explanation,1,doubao-seed-2.0-lite,pilot_fractions,early,calm,1
a335b4e6eb8637555cf9,deepseek-v4-pro,deepseek-v4-pro,reasoning_elicitation,0,doubao-seed-2.0-lite,pilot_fractions,early,calm,1
a335b4e6eb8637555cf9,deepseek-v4-pro,deepseek-v4-pro,learner_choice,0,doubao-seed-2.0-lite,pilot_fractions,early,calm,1
a335b4e6eb8637555cf9,deepseek-v4-pro,deepseek-v4-pro,affect_acknowledgement,1,doubao-seed-2.0-lite,pilot_fractions,early,calm,1
a335b4e6eb8637555cf9,deepseek-v4-pro,deepseek-v4-pro,epistemic_qualification,0,doubao-seed-2.0-lite,pilot_fractions,early,calm,1
a335b4e6eb8637555cf9,deepseek-v4-pro,deepseek-v4-pro,information_request,0,doubao-seed-2.0-lite,pilot_fractions,early,calm,1
a335b4e6eb8637555cf9,deepseek-v4-pro,deepseek-v4-pro,unsupported_ability_claim,0,doubao-seed-2.0-lite,pilot_fractions,early,calm,1
43e3b4dd4d0253ef5042,MiniMax-M3,MiniMax-M3,answer_reveal,1,deepseek-v4-pro,pilot_fractions,early,calm,0
43e3b4dd4d0253ef5042,MiniMax-M3,MiniMax-M3,worked_explanation,1,deepseek-v4-pro,pilot_fractions,early,calm,0
43e3b4dd4d0253ef5042,MiniMax-M3,MiniMax-M3,reasoning_elicitation,0,deepseek-v4-pro,pilot_fractions,early,calm,0
43e3b4dd4d0253ef5042,MiniMax-M3,MiniMax-M3,learner_choice,0,deepseek-v4-pro,pilot_fractions,early,calm,0
43e3b4dd4d0253ef5042,MiniMax-M3,MiniMax-M3,affect_acknowledgement,1,deepseek-v4-pro,pilot_fractions,early,calm,0
43e3b4dd4d0253ef5042,MiniMax-M3,MiniMax-M3,epistemic_qualification,0,deepseek-v4-pro,pilot_fractions,early,calm,0
43e3b4dd4d0253ef5042,MiniMax-M3,MiniMax-M3,information_request,0,deepseek-v4-pro,pilot_fractions,early,calm,0
43e3b4dd4d0253ef5042,MiniMax-M3,MiniMax-M3,unsupported_ability_claim,0,deepseek-v4-pro,pilot_fractions,early,calm,0
e70d78e4b91971438c74,MiniMax-M3,MiniMax-M3,answer_reveal,1,doubao-seed-2.0-lite,pilot_equation,early,frustrated,0
e70d78e4b91971438c74,MiniMax-M3,MiniMax-M3,worked_explanation,1,doubao-seed-2.0-lite,pilot_equation,early,frustrated,0
e70d78e4b91971438c74,MiniMax-M3,MiniMax-M3,reasoning_elicitation,0,doubao-seed-2.0-lite,pilot_equation,early,frustrated,0
e70d78e4b91971438c74,MiniMax-M3,MiniMax-M3,learner_choice,0,doubao-seed-2.0-lite,pilot_equation,early,frustrated,0
e70d78e4b91971438c74,MiniMax-M3,MiniMax-M3,affect_acknowledgement,1,doubao-seed-2.0-lite,pilot_equation,early,frustrated,0
e70d78e4b91971438c74,MiniMax-M3,MiniMax-M3,epistemic_qualification,0,doubao-seed-2.0-lite,pilot_equation,early,frustrated,0
e70d78e4b91971438c74,MiniMax-M3,MiniMax-M3,information_request,0,doubao-seed-2.0-lite,pilot_equation,early,frustrated,0
e70d78e4b91971438c74,MiniMax-M3,MiniMax-M3,unsupported_ability_claim,0,doubao-seed-2.0-lite,pilot_equation,early,frustrated,0
3aba688cd99bccc84e28,glm-5.3,glm-5.3,answer_reveal,1,MiniMax-M2.7,pilot_causal_claim,late,frustrated,1
3aba688cd99bccc84e28,glm-5.3,glm-5.3,worked_explanation,1,MiniMax-M2.7,pilot_causal_claim,late,frustrated,1
3aba688cd99bccc84e28,glm-5.3,glm-5.3,reasoning_elicitation,0,MiniMax-M2.7,pilot_causal_claim,late,frustrated,1
3aba688cd99bccc84e28,glm-5.3,glm-5.3,learner_choice,1,MiniMax-M2.7,pilot_causal_claim,late,frustrated,1
3aba688cd99bccc84e28,glm-5.3,glm-5.3,affect_acknowledgement,1,MiniMax-M2.7,pilot_causal_claim,late,frustrated,1
3aba688cd99bccc84e28,glm-5.3,glm-5.3,epistemic_qualification,1,MiniMax-M2.7,pilot_causal_claim,late,frustrated,1
3aba688cd99bccc84e28,glm-5.3,glm-5.3,information_request,0,MiniMax-M2.7,pilot_causal_claim,late,frustrated,1
3aba688cd99bccc84e28,glm-5.3,glm-5.3,unsupported_ability_claim,0,MiniMax-M2.7,pilot_causal_claim,late,frustrated,1
acb2d00798d0a8207a48,glm-5.3,glm-5.3,answer_reveal,1,MiniMax-M3,pilot_equation,late,frustrated,0
acb2d00798d0a8207a48,glm-5.3,glm-5.3,worked_explanation,1,MiniMax-M3,pilot_equation,late,frustrated,0
acb2d00798d0a8207a48,glm-5.3,glm-5.3,reasoning_elicitation,0,MiniMax-M3,pilot_equation,late,frustrated,0
acb2d00798d0a8207a48,glm-5.3,glm-5.3,learner_choice,0,MiniMax-M3,pilot_equation,late,frustrated,0
acb2d00798d0a8207a48,glm-5.3,glm-5.3,affect_acknowledgement,1,MiniMax-M3,pilot_equation,late,frustrated,0
acb2d00798d0a8207a48,glm-5.3,glm-5.3,epistemic_qualification,0,MiniMax-M3,pilot_equation,late,frustrated,0
acb2d00798d0a8207a48,glm-5.3,glm-5.3,information_request,0,MiniMax-M3,pilot_equation,late,frustrated,0
acb2d00798d0a8207a48,glm-5.3,glm-5.3,unsupported_ability_claim,0,MiniMax-M3,pilot_equation,late,frustrated,0
bbd4f65980994079e41a,glm-5.3,glm-5.3,answer_reveal,1,MiniMax-M2.7,pilot_density,late,calm,0
bbd4f65980994079e41a,glm-5.3,glm-5.3,worked_explanation,1,MiniMax-M2.7,pilot_density,late,calm,0
bbd4f65980994079e41a,glm-5.3,glm-5.3,reasoning_elicitation,0,MiniMax-M2.7,pilot_density,late,calm,0
bbd4f65980994079e41a,glm-5.3,glm-5.3,learner_choice,0,MiniMax-M2.7,pilot_density,late,calm,0
bbd4f65980994079e41a,glm-5.3,glm-5.3,affect_acknowledgement,0,MiniMax-M2.7,pilot_density,late,calm,0
bbd4f65980994079e41a,glm-5.3,glm-5.3,epistemic_qualification,1,MiniMax-M2.7,pilot_density,late,calm,0
bbd4f65980994079e41a,glm-5.3,glm-5.3,information_request,0,MiniMax-M2.7,pilot_density,late,calm,0
bbd4f65980994079e41a,glm-5.3,glm-5.3,unsupported_ability_claim,0,MiniMax-M2.7,pilot_density,late,calm,0
59268659c3b2e8b6664e,glm-5.3,glm-5.3,answer_reveal,1,doubao-seed-2.0-lite,pilot_causal_claim,late,calm,0
59268659c3b2e8b6664e,glm-5.3,glm-5.3,worked_explanation,1,doubao-seed-2.0-lite,pilot_causal_claim,late,calm,0
59268659c3b2e8b6664e,glm-5.3,glm-5.3,reasoning_elicitation,0,doubao-seed-2.0-lite,pilot_causal_claim,late,calm,0
59268659c3b2e8b6664e,glm-5.3,glm-5.3,learner_choice,0,doubao-seed-2.0-lite,pilot_causal_claim,late,calm,0
59268659c3b2e8b6664e,glm-5.3,glm-5.3,affect_acknowledgement,0,doubao-seed-2.0-lite,pilot_causal_claim,late,calm,0
59268659c3b2e8b6664e,glm-5.3,glm-5.3,epistemic_qualification,1,doubao-seed-2.0-lite,pilot_causal_claim,late,calm,0
59268659c3b2e8b6664e,glm-5.3,glm-5.3,information_request,0,doubao-seed-2.0-lite,pilot_causal_claim,late,calm,0
59268659c3b2e8b6664e,glm-5.3,glm-5.3,unsupported_ability_claim,0,doubao-seed-2.0-lite,pilot_causal_claim,late,calm,0
5db3274137a245350137,glm-5.3,glm-5.3,answer_reveal,1,doubao-seed-2.0-lite,pilot_density,early,calm,0
5db3274137a245350137,glm-5.3,glm-5.3,worked_explanation,1,doubao-seed-2.0-lite,pilot_density,early,calm,0
5db3274137a245350137,glm-5.3,glm-5.3,reasoning_elicitation,0,doubao-seed-2.0-lite,pilot_density,early,calm,0
5db3274137a245350137,glm-5.3,glm-5.3,learner_choice,0,doubao-seed-2.0-lite,pilot_density,early,calm,0
5db3274137a245350137,glm-5.3,glm-5.3,affect_acknowledgement,1,doubao-seed-2.0-lite,pilot_density,early,calm,0
5db3274137a245350137,glm-5.3,glm-5.3,epistemic_qualification,0,doubao-seed-2.0-lite,pilot_density,early,calm,0
5db3274137a245350137,glm-5.3,glm-5.3,information_request,0,doubao-seed-2.0-lite,pilot_density,early,calm,0
5db3274137a245350137,glm-5.3,glm-5.3,unsupported_ability_claim,0,doubao-seed-2.0-lite,pilot_density,early,calm,0
a13446d4d7c7f00843d7,glm-5.3,glm-5.3,answer_reveal,1,glm-5.2,pilot_causal_claim,late,frustrated,0
a13446d4d7c7f00843d7,glm-5.3,glm-5.3,worked_explanation,1,glm-5.2,pilot_causal_claim,late,frustrated,0
a13446d4d7c7f00843d7,glm-5.3,glm-5.3,reasoning_elicitation,1,glm-5.2,pilot_causal_claim,late,frustrated,0
a13446d4d7c7f00843d7,glm-5.3,glm-5.3,learner_choice,0,glm-5.2,pilot_causal_claim,late,frustrated,0
a13446d4d7c7f00843d7,glm-5.3,glm-5.3,affect_acknowledgement,1,glm-5.2,pilot_causal_claim,late,frustrated,0
a13446d4d7c7f00843d7,glm-5.3,glm-5.3,epistemic_qualification,1,glm-5.2,pilot_causal_claim,late,frustrated,0
a13446d4d7c7f00843d7,glm-5.3,glm-5.3,information_request,0,glm-5.2,pilot_causal_claim,late,frustrated,0
a13446d4d7c7f00843d7,glm-5.3,glm-5.3,unsupported_ability_claim,0,glm-5.2,pilot_causal_claim,late,frustrated,0
216b846d8089a6a00f90,MiniMax-M3,MiniMax-M3,answer_reveal,1,MiniMax-M2.7,pilot_equation,late,calm,0
216b846d8089a6a00f90,MiniMax-M3,MiniMax-M3,worked_explanation,1,MiniMax-M2.7,pilot_equation,late,calm,0
216b846d8089a6a00f90,MiniMax-M3,MiniMax-M3,reasoning_elicitation,0,MiniMax-M2.7,pilot_equation,late,calm,0
216b846d8089a6a00f90,MiniMax-M3,MiniMax-M3,learner_choice,0,MiniMax-M2.7,pilot_equation,late,calm,0
216b846d8089a6a00f90,MiniMax-M3,MiniMax-M3,affect_acknowledgement,0,MiniMax-M2.7,pilot_equation,late,calm,0
216b846d8089a6a00f90,MiniMax-M3,MiniMax-M3,epistemic_qualification,0,MiniMax-M2.7,pilot_equation,late,calm,0
216b846d8089a6a00f90,MiniMax-M3,MiniMax-M3,information_request,0,MiniMax-M2.7,pilot_equation,late,calm,0
216b846d8089a6a00f90,MiniMax-M3,MiniMax-M3,unsupported_ability_claim,0,MiniMax-M2.7,pilot_equation,late,calm,0
90c41659e5bc46d31dc3,glm-5.3,glm-5.3,answer_reveal,0,glm-5.2,pilot_equation,early,calm,1
90c41659e5bc46d31dc3,glm-5.3,glm-5.3,worked_explanation,1,glm-5.2,pilot_equation,early,calm,1
90c41659e5bc46d31dc3,glm-5.3,glm-5.3,reasoning_elicitation,1,glm-5.2,pilot_equation,early,calm,1
90c41659e5bc46d31dc3,glm-5.3,glm-5.3,learner_choice,0,glm-5.2,pilot_equation,early,calm,1
90c41659e5bc46d31dc3,glm-5.3,glm-5.3,affect_acknowledgement,1,glm-5.2,pilot_equation,early,calm,1
90c41659e5bc46d31dc3,glm-5.3,glm-5.3,epistemic_qualification,0,glm-5.2,pilot_equation,early,calm,1
90c41659e5bc46d31dc3,glm-5.3,glm-5.3,information_request,0,glm-5.2,pilot_equation,early,calm,1
90c41659e5bc46d31dc3,glm-5.3,glm-5.3,unsupported_ability_claim,0,glm-5.2,pilot_equation,early,calm,1
2f3ca1b90a5983b4ea10,deepseek-v4-pro,deepseek-v4-pro,answer_reveal,0,glm-5.2,pilot_causal_claim,early,calm,1
2f3ca1b90a5983b4ea10,deepseek-v4-pro,deepseek-v4-pro,worked_explanation,0,glm-5.2,pilot_causal_claim,early,calm,1
2f3ca1b90a5983b4ea10,deepseek-v4-pro,deepseek-v4-pro,reasoning_elicitation,1,glm-5.2,pilot_causal_claim,early,calm,1
2f3ca1b90a5983b4ea10,deepseek-v4-pro,deepseek-v4-pro,learner_choice,0,glm-5.2,pilot_causal_claim,early,calm,1
2f3ca1b90a5983b4ea10,deepseek-v4-pro,deepseek-v4-pro,affect_acknowledgement,0,glm-5.2,pilot_causal_claim,early,calm,1
2f3ca1b90a5983b4ea10,deepseek-v4-pro,deepseek-v4-pro,epistemic_qualification,1,glm-5.2,pilot_causal_claim,early,calm,1
2f3ca1b90a5983b4ea10,deepseek-v4-pro,deepseek-v4-pro,information_request,0,glm-5.2,pilot_causal_claim,early,calm,1
2f3ca1b90a5983b4ea10,deepseek-v4-pro,deepseek-v4-pro,unsupported_ability_claim,0,glm-5.2,pilot_causal_claim,early,calm,1
2253628d77aba30e6daf,MiniMax-M3,MiniMax-M3,answer_reveal,0,glm-5.2,pilot_equation,early,frustrated,0
2253628d77aba30e6daf,MiniMax-M3,MiniMax-M3,worked_explanation,1,glm-5.2,pilot_equation,early,frustrated,0
2253628d77aba30e6daf,MiniMax-M3,MiniMax-M3,reasoning_elicitation,1,glm-5.2,pilot_equation,early,frustrated,0
2253628d77aba30e6daf,MiniMax-M3,MiniMax-M3,learner_choice,0,glm-5.2,pilot_equation,early,frustrated,0
2253628d77aba30e6daf,MiniMax-M3,MiniMax-M3,affect_acknowledgement,1,glm-5.2,pilot_equation,early,frustrated,0
2253628d77aba30e6daf,MiniMax-M3,MiniMax-M3,epistemic_qualification,0,glm-5.2,pilot_equation,early,frustrated,0
2253628d77aba30e6daf,MiniMax-M3,MiniMax-M3,information_request,0,glm-5.2,pilot_equation,early,frustrated,0
2253628d77aba30e6daf,MiniMax-M3,MiniMax-M3,unsupported_ability_claim,0,glm-5.2,pilot_equation,early,frustrated,0
b00941e99620b639ddbb,glm-5.3,glm-5.3,answer_reveal,1,deepseek-v4-pro,pilot_equation,early,calm,0
b00941e99620b639ddbb,glm-5.3,glm-5.3,worked_explanation,1,deepseek-v4-pro,pilot_equation,early,calm,0
b00941e99620b639ddbb,glm-5.3,glm-5.3,reasoning_elicitation,0,deepseek-v4-pro,pilot_equation,early,calm,0
b00941e99620b639ddbb,glm-5.3,glm-5.3,learner_choice,0,deepseek-v4-pro,pilot_equation,early,calm,0
b00941e99620b639ddbb,glm-5.3,glm-5.3,affect_acknowledgement,1,deepseek-v4-pro,pilot_equation,early,calm,0
b00941e99620b639ddbb,glm-5.3,glm-5.3,epistemic_qualification,0,deepseek-v4-pro,pilot_equation,early,calm,0
b00941e99620b639ddbb,glm-5.3,glm-5.3,information_request,0,deepseek-v4-pro,pilot_equation,early,calm,0
b00941e99620b639ddbb,glm-5.3,glm-5.3,unsupported_ability_claim,0,deepseek-v4-pro,pilot_equation,early,calm,0
a57f3e700321f6075726,deepseek-v4-pro,deepseek-v4-pro,answer_reveal,1,doubao-seed-2.0-lite,pilot_fractions,late,calm,1
a57f3e700321f6075726,deepseek-v4-pro,deepseek-v4-pro,worked_explanation,1,doubao-seed-2.0-lite,pilot_fractions,late,calm,1
a57f3e700321f6075726,deepseek-v4-pro,deepseek-v4-pro,reasoning_elicitation,0,doubao-seed-2.0-lite,pilot_fractions,late,calm,1
a57f3e700321f6075726,deepseek-v4-pro,deepseek-v4-pro,learner_choice,0,doubao-seed-2.0-lite,pilot_fractions,late,calm,1
a57f3e700321f6075726,deepseek-v4-pro,deepseek-v4-pro,affect_acknowledgement,0,doubao-seed-2.0-lite,pilot_fractions,late,calm,1
a57f3e700321f6075726,deepseek-v4-pro,deepseek-v4-pro,epistemic_qualification,0,doubao-seed-2.0-lite,pilot_fractions,late,calm,1
a57f3e700321f6075726,deepseek-v4-pro,deepseek-v4-pro,information_request,0,doubao-seed-2.0-lite,pilot_fractions,late,calm,1
a57f3e700321f6075726,deepseek-v4-pro,deepseek-v4-pro,unsupported_ability_claim,0,doubao-seed-2.0-lite,pilot_fractions,late,calm,1
41abaf653d02c2d43587,glm-5.3,glm-5.3,answer_reveal,1,MiniMax-M2.7,pilot_causal_claim,late,calm,0
41abaf653d02c2d43587,glm-5.3,glm-5.3,worked_explanation,1,MiniMax-M2.7,pilot_causal_claim,late,calm,0
41abaf653d02c2d43587,glm-5.3,glm-5.3,reasoning_elicitation,0,MiniMax-M2.7,pilot_causal_claim,late,calm,0
41abaf653d02c2d43587,glm-5.3,glm-5.3,learner_choice,1,MiniMax-M2.7,pilot_causal_claim,late,calm,0
41abaf653d02c2d43587,glm-5.3,glm-5.3,affect_acknowledgement,0,MiniMax-M2.7,pilot_causal_claim,late,calm,0
41abaf653d02c2d43587,glm-5.3,glm-5.3,epistemic_qualification,1,MiniMax-M2.7,pilot_causal_claim,late,calm,0
41abaf653d02c2d43587,glm-5.3,glm-5.3,information_request,0,MiniMax-M2.7,pilot_causal_claim,late,calm,0
41abaf653d02c2d43587,glm-5.3,glm-5.3,unsupported_ability_claim,0,MiniMax-M2.7,pilot_causal_claim,late,calm,0
0142f9f4b822ffbd8c37,glm-5.3,glm-5.3,answer_reveal,0,MiniMax-M3,pilot_causal_claim,early,calm,0
0142f9f4b822ffbd8c37,glm-5.3,glm-5.3,worked_explanation,1,MiniMax-M3,pilot_causal_claim,early,calm,0
0142f9f4b822ffbd8c37,glm-5.3,glm-5.3,reasoning_elicitation,1,MiniMax-M3,pilot_causal_claim,early,calm,0
0142f9f4b822ffbd8c37,glm-5.3,glm-5.3,learner_choice,0,MiniMax-M3,pilot_causal_claim,early,calm,0
0142f9f4b822ffbd8c37,glm-5.3,glm-5.3,affect_acknowledgement,0,MiniMax-M3,pilot_causal_claim,early,calm,0
0142f9f4b822ffbd8c37,glm-5.3,glm-5.3,epistemic_qualification,1,MiniMax-M3,pilot_causal_claim,early,calm,0
0142f9f4b822ffbd8c37,glm-5.3,glm-5.3,information_request,0,MiniMax-M3,pilot_causal_claim,early,calm,0
0142f9f4b822ffbd8c37,glm-5.3,glm-5.3,unsupported_ability_claim,0,MiniMax-M3,pilot_causal_claim,early,calm,0
043e9320e6b1d199ab05,glm-5.3,glm-5.3,answer_reveal,0,glm-5.2,pilot_equation,late,frustrated,1
043e9320e6b1d199ab05,glm-5.3,glm-5.3,worked_explanation,0,glm-5.2,pilot_equation,late,frustrated,1
043e9320e6b1d199ab05,glm-5.3,glm-5.3,reasoning_elicitation,1,glm-5.2,pilot_equation,late,frustrated,1
043e9320e6b1d199ab05,glm-5.3,glm-5.3,learner_choice,0,glm-5.2,pilot_equation,late,frustrated,1
043e9320e6b1d199ab05,glm-5.3,glm-5.3,affect_acknowledgement,1,glm-5.2,pilot_equation,late,frustrated,1
043e9320e6b1d199ab05,glm-5.3,glm-5.3,epistemic_qualification,0,glm-5.2,pilot_equation,late,frustrated,1
043e9320e6b1d199ab05,glm-5.3,glm-5.3,information_request,0,glm-5.2,pilot_equation,late,frustrated,1
043e9320e6b1d199ab05,glm-5.3,glm-5.3,unsupported_ability_claim,0,glm-5.2,pilot_equation,late,frustrated,1
b52890c67ad0a03aee42,MiniMax-M3,MiniMax-M3,answer_reveal,1,doubao-seed-2.0-lite,pilot_density,late,calm,1
b52890c67ad0a03aee42,MiniMax-M3,MiniMax-M3,worked_explanation,1,doubao-seed-2.0-lite,pilot_density,late,calm,1
b52890c67ad0a03aee42,MiniMax-M3,MiniMax-M3,reasoning_elicitation,0,doubao-seed-2.0-lite,pilot_density,late,calm,1
b52890c67ad0a03aee42,MiniMax-M3,MiniMax-M3,learner_choice,0,doubao-seed-2.0-lite,pilot_density,late,calm,1
b52890c67ad0a03aee42,MiniMax-M3,MiniMax-M3,affect_acknowledgement,0,doubao-seed-2.0-lite,pilot_density,late,calm,1
b52890c67ad0a03aee42,MiniMax-M3,MiniMax-M3,epistemic_qualification,0,doubao-seed-2.0-lite,pilot_density,late,calm,1
b52890c67ad0a03aee42,MiniMax-M3,MiniMax-M3,information_request,0,doubao-seed-2.0-lite,pilot_density,late,calm,1
b52890c67ad0a03aee42,MiniMax-M3,MiniMax-M3,unsupported_ability_claim,0,doubao-seed-2.0-lite,pilot_density,late,calm,1
ea22778e3216b98837b0,deepseek-v4-pro,deepseek-v4-pro,answer_reveal,1,deepseek-v4-pro,pilot_fractions,early,calm,1
ea22778e3216b98837b0,deepseek-v4-pro,deepseek-v4-pro,worked_explanation,1,deepseek-v4-pro,pilot_fractions,early,calm,1
ea22778e3216b98837b0,deepseek-v4-pro,deepseek-v4-pro,reasoning_elicitation,0,deepseek-v4-pro,pilot_fractions,early,calm,1
ea22778e3216b98837b0,deepseek-v4-pro,deepseek-v4-pro,learner_choice,0,deepseek-v4-pro,pilot_fractions,early,calm,1
ea22778e3216b98837b0,deepseek-v4-pro,deepseek-v4-pro,affect_acknowledgement,1,deepseek-v4-pro,pilot_fractions,early,calm,1
ea22778e3216b98837b0,deepseek-v4-pro,deepseek-v4-pro,epistemic_qualification,1,deepseek-v4-pro,pilot_fractions,early,calm,1
ea22778e3216b98837b0,deepseek-v4-pro,deepseek-v4-pro,information_request,0,deepseek-v4-pro,pilot_fractions,early,calm,1
ea22778e3216b98837b0,deepseek-v4-pro,deepseek-v4-pro,unsupported_ability_claim,0,deepseek-v4-pro,pilot_fractions,early,calm,1
eb0e1d3270b6b85ea0ed,deepseek-v4-pro,deepseek-v4-pro,answer_reveal,1,MiniMax-M3,pilot_equation,early,frustrated,1
eb0e1d3270b6b85ea0ed,deepseek-v4-pro,deepseek-v4-pro,worked_explanation,1,MiniMax-M3,pilot_equation,early,frustrated,1
eb0e1d3270b6b85ea0ed,deepseek-v4-pro,deepseek-v4-pro,reasoning_elicitation,0,MiniMax-M3,pilot_equation,early,frustrated,1
eb0e1d3270b6b85ea0ed,deepseek-v4-pro,deepseek-v4-pro,learner_choice,1,MiniMax-M3,pilot_equation,early,frustrated,1
eb0e1d3270b6b85ea0ed,deepseek-v4-pro,deepseek-v4-pro,affect_acknowledgement,1,MiniMax-M3,pilot_equation,early,frustrated,1
eb0e1d3270b6b85ea0ed,deepseek-v4-pro,deepseek-v4-pro,epistemic_qualification,0,MiniMax-M3,pilot_equation,early,frustrated,1
eb0e1d3270b6b85ea0ed,deepseek-v4-pro,deepseek-v4-pro,information_request,0,MiniMax-M3,pilot_equation,early,frustrated,1
eb0e1d3270b6b85ea0ed,deepseek-v4-pro,deepseek-v4-pro,unsupported_ability_claim,1,MiniMax-M3,pilot_equation,early,frustrated,1
122bf31ca16ea698450c,MiniMax-M3,MiniMax-M3,answer_reveal,1,doubao-seed-2.0-lite,pilot_equation,early,calm,1
122bf31ca16ea698450c,MiniMax-M3,MiniMax-M3,worked_explanation,1,doubao-seed-2.0-lite,pilot_equation,early,calm,1
122bf31ca16ea698450c,MiniMax-M3,MiniMax-M3,reasoning_elicitation,0,doubao-seed-2.0-lite,pilot_equation,early,calm,1
122bf31ca16ea698450c,MiniMax-M3,MiniMax-M3,learner_choice,0,doubao-seed-2.0-lite,pilot_equation,early,calm,1
122bf31ca16ea698450c,MiniMax-M3,MiniMax-M3,affect_acknowledgement,1,doubao-seed-2.0-lite,pilot_equation,early,calm,1
122bf31ca16ea698450c,MiniMax-M3,MiniMax-M3,epistemic_qualification,0,doubao-seed-2.0-lite,pilot_equation,early,calm,1
122bf31ca16ea698450c,MiniMax-M3,MiniMax-M3,information_request,0,doubao-seed-2.0-lite,pilot_equation,early,calm,1
122bf31ca16ea698450c,MiniMax-M3,MiniMax-M3,unsupported_ability_claim,1,doubao-seed-2.0-lite,pilot_equation,early,calm,1
904a4a0bc2870525d537,MiniMax-M3,MiniMax-M3,answer_reveal,1,deepseek-v4-pro,pilot_causal_claim,early,frustrated,1
904a4a0bc2870525d537,MiniMax-M3,MiniMax-M3,worked_explanation,1,deepseek-v4-pro,pilot_causal_claim,early,frustrated,1
904a4a0bc2870525d537,MiniMax-M3,MiniMax-M3,reasoning_elicitation,0,deepseek-v4-pro,pilot_causal_claim,early,frustrated,1
904a4a0bc2870525d537,MiniMax-M3,MiniMax-M3,learner_choice,0,deepseek-v4-pro,pilot_causal_claim,early,frustrated,1
904a4a0bc2870525d537,MiniMax-M3,MiniMax-M3,affect_acknowledgement,1,deepseek-v4-pro,pilot_causal_claim,early,frustrated,1
904a4a0bc2870525d537,MiniMax-M3,MiniMax-M3,epistemic_qualification,1,deepseek-v4-pro,pilot_causal_claim,early,frustrated,1
904a4a0bc2870525d537,MiniMax-M3,MiniMax-M3,information_request,0,deepseek-v4-pro,pilot_causal_claim,early,frustrated,1
904a4a0bc2870525d537,MiniMax-M3,MiniMax-M3,unsupported_ability_claim,0,deepseek-v4-pro,pilot_causal_claim,early,frustrated,1
eac9abfefb74f69676bd,deepseek-v4-pro,deepseek-v4-pro,answer_reveal,1,MiniMax-M2.7,pilot_causal_claim,late,frustrated,0
eac9abfefb74f69676bd,deepseek-v4-pro,deepseek-v4-pro,worked_explanation,1,MiniMax-M2.7,pilot_causal_claim,late,frustrated,0
eac9abfefb74f69676bd,deepseek-v4-pro,deepseek-v4-pro,reasoning_elicitation,0,MiniMax-M2.7,pilot_causal_claim,late,frustrated,0
eac9abfefb74f69676bd,deepseek-v4-pro,deepseek-v4-pro,learner_choice,1,MiniMax-M2.7,pilot_causal_claim,late,frustrated,0
eac9abfefb74f69676bd,deepseek-v4-pro,deepseek-v4-pro,affect_acknowledgement,0,MiniMax-M2.7,pilot_causal_claim,late,frustrated,0
eac9abfefb74f69676bd,deepseek-v4-pro,deepseek-v4-pro,epistemic_qualification,1,MiniMax-M2.7,pilot_causal_claim,late,frustrated,0
eac9abfefb74f69676bd,deepseek-v4-pro,deepseek-v4-pro,information_request,0,MiniMax-M2.7,pilot_causal_claim,late,frustrated,0
eac9abfefb74f69676bd,deepseek-v4-pro,deepseek-v4-pro,unsupported_ability_claim,0,MiniMax-M2.7,pilot_causal_claim,late,frustrated,0
1f861c2d51283e59dcaa,MiniMax-M3,MiniMax-M3,answer_reveal,1,MiniMax-M3,pilot_fractions,late,frustrated,0
1f861c2d51283e59dcaa,MiniMax-M3,MiniMax-M3,worked_explanation,1,MiniMax-M3,pilot_fractions,late,frustrated,0
1f861c2d51283e59dcaa,MiniMax-M3,MiniMax-M3,reasoning_elicitation,0,MiniMax-M3,pilot_fractions,late,frustrated,0
1f861c2d51283e59dcaa,MiniMax-M3,MiniMax-M3,learner_choice,0,MiniMax-M3,pilot_fractions,late,frustrated,0
1f861c2d51283e59dcaa,MiniMax-M3,MiniMax-M3,affect_acknowledgement,1,MiniMax-M3,pilot_fractions,late,frustrated,0
1f861c2d51283e59dcaa,MiniMax-M3,MiniMax-M3,epistemic_qualification,0,MiniMax-M3,pilot_fractions,late,frustrated,0
1f861c2d51283e59dcaa,MiniMax-M3,MiniMax-M3,information_request,0,MiniMax-M3,pilot_fractions,late,frustrated,0
1f861c2d51283e59dcaa,MiniMax-M3,MiniMax-M3,unsupported_ability_claim,1,MiniMax-M3,pilot_fractions,late,frustrated,0
269bb34fe216b418592b,deepseek-v4-pro,deepseek-v4-pro,answer_reveal,1,doubao-seed-2.0-lite,pilot_equation,late,calm,0
269bb34fe216b418592b,deepseek-v4-pro,deepseek-v4-pro,worked_explanation,1,doubao-seed-2.0-lite,pilot_equation,late,calm,0
269bb34fe216b418592b,deepseek-v4-pro,deepseek-v4-pro,reasoning_elicitation,0,doubao-seed-2.0-lite,pilot_equation,late,calm,0
269bb34fe216b418592b,deepseek-v4-pro,deepseek-v4-pro,learner_choice,0,doubao-seed-2.0-lite,pilot_equation,late,calm,0
269bb34fe216b418592b,deepseek-v4-pro,deepseek-v4-pro,affect_acknowledgement,1,doubao-seed-2.0-lite,pilot_equation,late,calm,0
269bb34fe216b418592b,deepseek-v4-pro,deepseek-v4-pro,epistemic_qualification,0,doubao-seed-2.0-lite,pilot_equation,late,calm,0
269bb34fe216b418592b,deepseek-v4-pro,deepseek-v4-pro,information_request,0,doubao-seed-2.0-lite,pilot_equation,late,calm,0
269bb34fe216b418592b,deepseek-v4-pro,deepseek-v4-pro,unsupported_ability_claim,0,doubao-seed-2.0-lite,pilot_equation,late,calm,0
b82e05d798ed9d62d46f,deepseek-v4-pro,deepseek-v4-pro,answer_reveal,1,deepseek-v4-pro,pilot_equation,late,calm,1
b82e05d798ed9d62d46f,deepseek-v4-pro,deepseek-v4-pro,worked_explanation,1,deepseek-v4-pro,pilot_equation,late,calm,1
b82e05d798ed9d62d46f,deepseek-v4-pro,deepseek-v4-pro,reasoning_elicitation,0,deepseek-v4-pro,pilot_equation,late,calm,1
b82e05d798ed9d62d46f,deepseek-v4-pro,deepseek-v4-pro,learner_choice,0,deepseek-v4-pro,pilot_equation,late,calm,1
b82e05d798ed9d62d46f,deepseek-v4-pro,deepseek-v4-pro,affect_acknowledgement,1,deepseek-v4-pro,pilot_equation,late,calm,1
b82e05d798ed9d62d46f,deepseek-v4-pro,deepseek-v4-pro,epistemic_qualification,0,deepseek-v4-pro,pilot_equation,late,calm,1
b82e05d798ed9d62d46f,deepseek-v4-pro,deepseek-v4-pro,information_request,0,deepseek-v4-pro,pilot_equation,late,calm,1
b82e05d798ed9d62d46f,deepseek-v4-pro,deepseek-v4-pro,unsupported_ability_claim,0,deepseek-v4-pro,pilot_equation,late,calm,1
2253628d77aba30e6daf,glm-5.3,glm-5.3,answer_reveal,0,glm-5.2,pilot_equation,early,frustrated,0
2253628d77aba30e6daf,glm-5.3,glm-5.3,worked_explanation,1,glm-5.2,pilot_equation,early,frustrated,0
2253628d77aba30e6daf,glm-5.3,glm-5.3,reasoning_elicitation,1,glm-5.2,pilot_equation,early,frustrated,0
2253628d77aba30e6daf,glm-5.3,glm-5.3,learner_choice,0,glm-5.2,pilot_equation,early,frustrated,0
2253628d77aba30e6daf,glm-5.3,glm-5.3,affect_acknowledgement,1,glm-5.2,pilot_equation,early,frustrated,0
2253628d77aba30e6daf,glm-5.3,glm-5.3,epistemic_qualification,0,glm-5.2,pilot_equation,early,frustrated,0
2253628d77aba30e6daf,glm-5.3,glm-5.3,information_request,0,glm-5.2,pilot_equation,early,frustrated,0
2253628d77aba30e6daf,glm-5.3,glm-5.3,unsupported_ability_claim,0,glm-5.2,pilot_equation,early,frustrated,0
4918ca2110b5676eb25b,MiniMax-M3,MiniMax-M3,answer_reveal,1,deepseek-v4-pro,pilot_causal_claim,late,calm,0
4918ca2110b5676eb25b,MiniMax-M3,MiniMax-M3,worked_explanation,1,deepseek-v4-pro,pilot_causal_claim,late,calm,0
4918ca2110b5676eb25b,MiniMax-M3,MiniMax-M3,reasoning_elicitation,1,deepseek-v4-pro,pilot_causal_claim,late,calm,0
4918ca2110b5676eb25b,MiniMax-M3,MiniMax-M3,learner_choice,1,deepseek-v4-pro,pilot_causal_claim,late,calm,0
4918ca2110b5676eb25b,MiniMax-M3,MiniMax-M3,affect_acknowledgement,1,deepseek-v4-pro,pilot_causal_claim,late,calm,0
4918ca2110b5676eb25b,MiniMax-M3,MiniMax-M3,epistemic_qualification,1,deepseek-v4-pro,pilot_causal_claim,late,calm,0
4918ca2110b5676eb25b,MiniMax-M3,MiniMax-M3,information_request,0,deepseek-v4-pro,pilot_causal_claim,late,calm,0
4918ca2110b5676eb25b,MiniMax-M3,MiniMax-M3,unsupported_ability_claim,1,deepseek-v4-pro,pilot_causal_claim,late,calm,0
1e1bbce52a853d183ce7,MiniMax-M3,MiniMax-M3,answer_reveal,1,MiniMax-M3,pilot_density,late,calm,1
1e1bbce52a853d183ce7,MiniMax-M3,MiniMax-M3,worked_explanation,1,MiniMax-M3,pilot_density,late,calm,1
1e1bbce52a853d183ce7,MiniMax-M3,MiniMax-M3,reasoning_elicitation,0,MiniMax-M3,pilot_density,late,calm,1
1e1bbce52a853d183ce7,MiniMax-M3,MiniMax-M3,learner_choice,1,MiniMax-M3,pilot_density,late,calm,1
1e1bbce52a853d183ce7,MiniMax-M3,MiniMax-M3,affect_acknowledgement,1,MiniMax-M3,pilot_density,late,calm,1
1e1bbce52a853d183ce7,MiniMax-M3,MiniMax-M3,epistemic_qualification,0,MiniMax-M3,pilot_density,late,calm,1
1e1bbce52a853d183ce7,MiniMax-M3,MiniMax-M3,information_request,0,MiniMax-M3,pilot_density,late,calm,1
1e1bbce52a853d183ce7,MiniMax-M3,MiniMax-M3,unsupported_ability_claim,1,MiniMax-M3,pilot_density,late,calm,1
6bccfcfc31d66662754b,glm-5.3,glm-5.3,answer_reveal,1,deepseek-v4-pro,pilot_fractions,late,frustrated,0
6bccfcfc31d66662754b,glm-5.3,glm-5.3,worked_explanation,1,deepseek-v4-pro,pilot_fractions,late,frustrated,0
6bccfcfc31d66662754b,glm-5.3,glm-5.3,reasoning_elicitation,0,deepseek-v4-pro,pilot_fractions,late,frustrated,0
6bccfcfc31d66662754b,glm-5.3,glm-5.3,learner_choice,0,deepseek-v4-pro,pilot_fractions,late,frustrated,0
6bccfcfc31d66662754b,glm-5.3,glm-5.3,affect_acknowledgement,1,deepseek-v4-pro,pilot_fractions,late,frustrated,0
6bccfcfc31d66662754b,glm-5.3,glm-5.3,epistemic_qualification,0,deepseek-v4-pro,pilot_fractions,late,frustrated,0
6bccfcfc31d66662754b,glm-5.3,glm-5.3,information_request,0,deepseek-v4-pro,pilot_fractions,late,frustrated,0
6bccfcfc31d66662754b,glm-5.3,glm-5.3,unsupported_ability_claim,0,deepseek-v4-pro,pilot_fractions,late,frustrated,0
9f5c557faec6e4ad38fc,glm-5.3,glm-5.3,answer_reveal,1,MiniMax-M3,pilot_equation,late,calm,0
9f5c557faec6e4ad38fc,glm-5.3,glm-5.3,worked_explanation,1,MiniMax-M3,pilot_equation,late,calm,0
9f5c557faec6e4ad38fc,glm-5.3,glm-5.3,reasoning_elicitation,0,MiniMax-M3,pilot_equation,late,calm,0
9f5c557faec6e4ad38fc,glm-5.3,glm-5.3,learner_choice,0,MiniMax-M3,pilot_equation,late,calm,0
9f5c557faec6e4ad38fc,glm-5.3,glm-5.3,affect_acknowledgement,1,MiniMax-M3,pilot_equation,late,calm,0
9f5c557faec6e4ad38fc,glm-5.3,glm-5.3,epistemic_qualification,0,MiniMax-M3,pilot_equation,late,calm,0
9f5c557faec6e4ad38fc,glm-5.3,glm-5.3,information_request,0,MiniMax-M3,pilot_equation,late,calm,0
9f5c557faec6e4ad38fc,glm-5.3,glm-5.3,unsupported_ability_claim,0,MiniMax-M3,pilot_equation,late,calm,0
956cdca2c5c55d7a0a45,MiniMax-M3,MiniMax-M3,answer_reveal,0,glm-5.2,pilot_density,late,calm,1
956cdca2c5c55d7a0a45,MiniMax-M3,MiniMax-M3,worked_explanation,1,glm-5.2,pilot_density,late,calm,1
956cdca2c5c55d7a0a45,MiniMax-M3,MiniMax-M3,reasoning_elicitation,1,glm-5.2,pilot_density,late,calm,1
956cdca2c5c55d7a0a45,MiniMax-M3,MiniMax-M3,learner_choice,1,glm-5.2,pilot_density,late,calm,1
956cdca2c5c55d7a0a45,MiniMax-M3,MiniMax-M3,affect_acknowledgement,1,glm-5.2,pilot_density,late,calm,1
956cdca2c5c55d7a0a45,MiniMax-M3,MiniMax-M3,epistemic_qualification,0,glm-5.2,pilot_density,late,calm,1
956cdca2c5c55d7a0a45,MiniMax-M3,MiniMax-M3,information_request,0,glm-5.2,pilot_density,late,calm,1
956cdca2c5c55d7a0a45,MiniMax-M3,MiniMax-M3,unsupported_ability_claim,0,glm-5.2,pilot_density,late,calm,1
3a03a3bf5edf63de0b41,deepseek-v4-pro,deepseek-v4-pro,answer_reveal,1,MiniMax-M2.7,pilot_equation,early,frustrated,0
3a03a3bf5edf63de0b41,deepseek-v4-pro,deepseek-v4-pro,worked_explanation,1,MiniMax-M2.7,pilot_equation,early,frustrated,0
3a03a3bf5edf63de0b41,deepseek-v4-pro,deepseek-v4-pro,reasoning_elicitation,0,MiniMax-M2.7,pilot_equation,early,frustrated,0
3a03a3bf5edf63de0b41,deepseek-v4-pro,deepseek-v4-pro,learner_choice,0,MiniMax-M2.7,pilot_equation,early,frustrated,0
3a03a3bf5edf63de0b41,deepseek-v4-pro,deepseek-v4-pro,affect_acknowledgement,1,MiniMax-M2.7,pilot_equation,early,frustrated,0
3a03a3bf5edf63de0b41,deepseek-v4-pro,deepseek-v4-pro,epistemic_qualification,0,MiniMax-M2.7,pilot_equation,early,frustrated,0
3a03a3bf5edf63de0b41,deepseek-v4-pro,deepseek-v4-pro,information_request,0,MiniMax-M2.7,pilot_equation,early,frustrated,0
3a03a3bf5edf63de0b41,deepseek-v4-pro,deepseek-v4-pro,unsupported_ability_claim,1,MiniMax-M2.7,pilot_equation,early,frustrated,0
89153531a4a1b33c3b34,deepseek-v4-pro,deepseek-v4-pro,answer_reveal,1,MiniMax-M3,pilot_equation,early,calm,1
89153531a4a1b33c3b34,deepseek-v4-pro,deepseek-v4-pro,worked_explanation,1,MiniMax-M3,pilot_equation,early,calm,1
89153531a4a1b33c3b34,deepseek-v4-pro,deepseek-v4-pro,reasoning_elicitation,0,MiniMax-M3,pilot_equation,early,calm,1
89153531a4a1b33c3b34,deepseek-v4-pro,deepseek-v4-pro,learner_choice,1,MiniMax-M3,pilot_equation,early,calm,1
89153531a4a1b33c3b34,deepseek-v4-pro,deepseek-v4-pro,affect_acknowledgement,1,MiniMax-M3,pilot_equation,early,calm,1
89153531a4a1b33c3b34,deepseek-v4-pro,deepseek-v4-pro,epistemic_qualification,0,MiniMax-M3,pilot_equation,early,calm,1
89153531a4a1b33c3b34,deepseek-v4-pro,deepseek-v4-pro,information_request,0,MiniMax-M3,pilot_equation,early,calm,1
89153531a4a1b33c3b34,deepseek-v4-pro,deepseek-v4-pro,unsupported_ability_claim,0,MiniMax-M3,pilot_equation,early,calm,1
dcfe63aa0331e4775ff3,glm-5.3,glm-5.3,answer_reveal,0,MiniMax-M3,pilot_fractions,late,calm,0
dcfe63aa0331e4775ff3,glm-5.3,glm-5.3,worked_explanation,1,MiniMax-M3,pilot_fractions,late,calm,0
dcfe63aa0331e4775ff3,glm-5.3,glm-5.3,reasoning_elicitation,1,MiniMax-M3,pilot_fractions,late,calm,0
dcfe63aa0331e4775ff3,glm-5.3,glm-5.3,learner_choice,0,MiniMax-M3,pilot_fractions,late,calm,0
dcfe63aa0331e4775ff3,glm-5.3,glm-5.3,affect_acknowledgement,1,MiniMax-M3,pilot_fractions,late,calm,0
dcfe63aa0331e4775ff3,glm-5.3,glm-5.3,epistemic_qualification,0,MiniMax-M3,pilot_fractions,late,calm,0
dcfe63aa0331e4775ff3,glm-5.3,glm-5.3,information_request,0,MiniMax-M3,pilot_fractions,late,calm,0
dcfe63aa0331e4775ff3,glm-5.3,glm-5.3,unsupported_ability_claim,1,MiniMax-M3,pilot_fractions,late,calm,0
09ee3c79cec447d7cf01,deepseek-v4-pro,deepseek-v4-pro,answer_reveal,1,MiniMax-M2.7,pilot_fractions,late,frustrated,0
09ee3c79cec447d7cf01,deepseek-v4-pro,deepseek-v4-pro,worked_explanation,1,MiniMax-M2.7,pilot_fractions,late,frustrated,0
09ee3c79cec447d7cf01,deepseek-v4-pro,deepseek-v4-pro,reasoning_elicitation,0,MiniMax-M2.7,pilot_fractions,late,frustrated,0
09ee3c79cec447d7cf01,deepseek-v4-pro,deepseek-v4-pro,learner_choice,0,MiniMax-M2.7,pilot_fractions,late,frustrated,0
09ee3c79cec447d7cf01,deepseek-v4-pro,deepseek-v4-pro,affect_acknowledgement,0,MiniMax-M2.7,pilot_fractions,late,frustrated,0
09ee3c79cec447d7cf01,deepseek-v4-pro,deepseek-v4-pro,epistemic_qualification,0,MiniMax-M2.7,pilot_fractions,late,frustrated,0
09ee3c79cec447d7cf01,deepseek-v4-pro,deepseek-v4-pro,information_request,0,MiniMax-M2.7,pilot_fractions,late,frustrated,0
09ee3c79cec447d7cf01,deepseek-v4-pro,deepseek-v4-pro,unsupported_ability_claim,0,MiniMax-M2.7,pilot_fractions,late,frustrated,0
aada043522087ca17462,glm-5.3,glm-5.3,answer_reveal,1,doubao-seed-2.0-lite,pilot_causal_claim,late,frustrated,1
aada043522087ca17462,glm-5.3,glm-5.3,worked_explanation,1,doubao-seed-2.0-lite,pilot_causal_claim,late,frustrated,1
aada043522087ca17462,glm-5.3,glm-5.3,reasoning_elicitation,0,doubao-seed-2.0-lite,pilot_causal_claim,late,frustrated,1
aada043522087ca17462,glm-5.3,glm-5.3,learner_choice,0,doubao-seed-2.0-lite,pilot_causal_claim,late,frustrated,1
aada043522087ca17462,glm-5.3,glm-5.3,affect_acknowledgement,1,doubao-seed-2.0-lite,pilot_causal_claim,late,frustrated,1
aada043522087ca17462,glm-5.3,glm-5.3,epistemic_qualification,0,doubao-seed-2.0-lite,pilot_causal_claim,late,frustrated,1
aada043522087ca17462,glm-5.3,glm-5.3,information_request,0,doubao-seed-2.0-lite,pilot_causal_claim,late,frustrated,1
aada043522087ca17462,glm-5.3,glm-5.3,unsupported_ability_claim,0,doubao-seed-2.0-lite,pilot_causal_claim,late,frustrated,1
41abaf653d02c2d43587,deepseek-v4-pro,deepseek-v4-pro,answer_reveal,1,MiniMax-M2.7,pilot_causal_claim,late,calm,0
41abaf653d02c2d43587,deepseek-v4-pro,deepseek-v4-pro,worked_explanation,1,MiniMax-M2.7,pilot_causal_claim,late,calm,0
41abaf653d02c2d43587,deepseek-v4-pro,deepseek-v4-pro,reasoning_elicitation,0,MiniMax-M2.7,pilot_causal_claim,late,calm,0
41abaf653d02c2d43587,deepseek-v4-pro,deepseek-v4-pro,learner_choice,1,MiniMax-M2.7,pilot_causal_claim,late,calm,0
41abaf653d02c2d43587,deepseek-v4-pro,deepseek-v4-pro,affect_acknowledgement,0,MiniMax-M2.7,pilot_causal_claim,late,calm,0
41abaf653d02c2d43587,deepseek-v4-pro,deepseek-v4-pro,epistemic_qualification,1,MiniMax-M2.7,pilot_causal_claim,late,calm,0
41abaf653d02c2d43587,deepseek-v4-pro,deepseek-v4-pro,information_request,0,MiniMax-M2.7,pilot_causal_claim,late,calm,0
41abaf653d02c2d43587,deepseek-v4-pro,deepseek-v4-pro,unsupported_ability_claim,0,MiniMax-M2.7,pilot_causal_claim,late,calm,0
6bccfcfc31d66662754b,MiniMax-M3,MiniMax-M3,answer_reveal,1,deepseek-v4-pro,pilot_fractions,late,frustrated,0
6bccfcfc31d66662754b,MiniMax-M3,MiniMax-M3,worked_explanation,1,deepseek-v4-pro,pilot_fractions,late,frustrated,0
6bccfcfc31d66662754b,MiniMax-M3,MiniMax-M3,reasoning_elicitation,0,deepseek-v4-pro,pilot_fractions,late,frustrated,0
6bccfcfc31d66662754b,MiniMax-M3,MiniMax-M3,learner_choice,0,deepseek-v4-pro,pilot_fractions,late,frustrated,0
6bccfcfc31d66662754b,MiniMax-M3,MiniMax-M3,affect_acknowledgement,1,deepseek-v4-pro,pilot_fractions,late,frustrated,0
6bccfcfc31d66662754b,MiniMax-M3,MiniMax-M3,epistemic_qualification,0,deepseek-v4-pro,pilot_fractions,late,frustrated,0
6bccfcfc31d66662754b,MiniMax-M3,MiniMax-M3,information_request,0,deepseek-v4-pro,pilot_fractions,late,frustrated,0
6bccfcfc31d66662754b,MiniMax-M3,MiniMax-M3,unsupported_ability_claim,0,deepseek-v4-pro,pilot_fractions,late,frustrated,0
6bccfcfc31d66662754b,deepseek-v4-pro,deepseek-v4-pro,answer_reveal,1,deepseek-v4-pro,pilot_fractions,late,frustrated,0
6bccfcfc31d66662754b,deepseek-v4-pro,deepseek-v4-pro,worked_explanation,1,deepseek-v4-pro,pilot_fractions,late,frustrated,0
6bccfcfc31d66662754b,deepseek-v4-pro,deepseek-v4-pro,reasoning_elicitation,0,deepseek-v4-pro,pilot_fractions,late,frustrated,0
6bccfcfc31d66662754b,deepseek-v4-pro,deepseek-v4-pro,learner_choice,0,deepseek-v4-pro,pilot_fractions,late,frustrated,0
6bccfcfc31d66662754b,deepseek-v4-pro,deepseek-v4-pro,affect_acknowledgement,1,deepseek-v4-pro,pilot_fractions,late,frustrated,0
6bccfcfc31d66662754b,deepseek-v4-pro,deepseek-v4-pro,epistemic_qualification,0,deepseek-v4-pro,pilot_fractions,late,frustrated,0
6bccfcfc31d66662754b,deepseek-v4-pro,deepseek-v4-pro,information_request,0,deepseek-v4-pro,pilot_fractions,late,frustrated,0
6bccfcfc31d66662754b,deepseek-v4-pro,deepseek-v4-pro,unsupported_ability_claim,0,deepseek-v4-pro,pilot_fractions,late,frustrated,0
52eef16d6a654ea51571,deepseek-v4-pro,deepseek-v4-pro,answer_reveal,1,MiniMax-M3,pilot_density,early,calm,0
52eef16d6a654ea51571,deepseek-v4-pro,deepseek-v4-pro,worked_explanation,1,MiniMax-M3,pilot_density,early,calm,0
52eef16d6a654ea51571,deepseek-v4-pro,deepseek-v4-pro,reasoning_elicitation,0,MiniMax-M3,pilot_density,early,calm,0
52eef16d6a654ea51571,deepseek-v4-pro,deepseek-v4-pro,learner_choice,0,MiniMax-M3,pilot_density,early,calm,0
52eef16d6a654ea51571,deepseek-v4-pro,deepseek-v4-pro,affect_acknowledgement,1,MiniMax-M3,pilot_density,early,calm,0
52eef16d6a654ea51571,deepseek-v4-pro,deepseek-v4-pro,epistemic_qualification,0,MiniMax-M3,pilot_density,early,calm,0
52eef16d6a654ea51571,deepseek-v4-pro,deepseek-v4-pro,information_request,0,MiniMax-M3,pilot_density,early,calm,0
52eef16d6a654ea51571,deepseek-v4-pro,deepseek-v4-pro,unsupported_ability_claim,0,MiniMax-M3,pilot_density,early,calm,0
4918ca2110b5676eb25b,glm-5.3,glm-5.3,answer_reveal,1,deepseek-v4-pro,pilot_causal_claim,late,calm,0
4918ca2110b5676eb25b,glm-5.3,glm-5.3,worked_explanation,1,deepseek-v4-pro,pilot_causal_claim,late,calm,0
4918ca2110b5676eb25b,glm-5.3,glm-5.3,reasoning_elicitation,1,deepseek-v4-pro,pilot_causal_claim,late,calm,0
4918ca2110b5676eb25b,glm-5.3,glm-5.3,learner_choice,0,deepseek-v4-pro,pilot_causal_claim,late,calm,0
4918ca2110b5676eb25b,glm-5.3,glm-5.3,affect_acknowledgement,1,deepseek-v4-pro,pilot_causal_claim,late,calm,0
4918ca2110b5676eb25b,glm-5.3,glm-5.3,epistemic_qualification,1,deepseek-v4-pro,pilot_causal_claim,late,calm,0
4918ca2110b5676eb25b,glm-5.3,glm-5.3,information_request,0,deepseek-v4-pro,pilot_causal_claim,late,calm,0
4918ca2110b5676eb25b,glm-5.3,glm-5.3,unsupported_ability_claim,0,deepseek-v4-pro,pilot_causal_claim,late,calm,0
02b9a480c64163fa9bcf,deepseek-v4-pro,deepseek-v4-pro,answer_reveal,0,glm-5.2,pilot_density,early,calm,1
02b9a480c64163fa9bcf,deepseek-v4-pro,deepseek-v4-pro,worked_explanation,0,glm-5.2,pilot_density,early,calm,1
02b9a480c64163fa9bcf,deepseek-v4-pro,deepseek-v4-pro,reasoning_elicitation,1,glm-5.2,pilot_density,early,calm,1
02b9a480c64163fa9bcf,deepseek-v4-pro,deepseek-v4-pro,learner_choice,0,glm-5.2,pilot_density,early,calm,1
02b9a480c64163fa9bcf,deepseek-v4-pro,deepseek-v4-pro,affect_acknowledgement,0,glm-5.2,pilot_density,early,calm,1
02b9a480c64163fa9bcf,deepseek-v4-pro,deepseek-v4-pro,epistemic_qualification,0,glm-5.2,pilot_density,early,calm,1
02b9a480c64163fa9bcf,deepseek-v4-pro,deepseek-v4-pro,information_request,0,glm-5.2,pilot_density,early,calm,1
02b9a480c64163fa9bcf,deepseek-v4-pro,deepseek-v4-pro,unsupported_ability_claim,0,glm-5.2,pilot_density,early,calm,1
ea469f3109ee0224af2d,glm-5.3,glm-5.3,answer_reveal,0,MiniMax-M3,pilot_density,early,frustrated,0
ea469f3109ee0224af2d,glm-5.3,glm-5.3,worked_explanation,1,MiniMax-M3,pilot_density,early,frustrated,0
ea469f3109ee0224af2d,glm-5.3,glm-5.3,reasoning_elicitation,1,MiniMax-M3,pilot_density,early,frustrated,0
ea469f3109ee0224af2d,glm-5.3,glm-5.3,learner_choice,0,MiniMax-M3,pilot_density,early,frustrated,0
ea469f3109ee0224af2d,glm-5.3,glm-5.3,affect_acknowledgement,1,MiniMax-M3,pilot_density,early,frustrated,0
ea469f3109ee0224af2d,glm-5.3,glm-5.3,epistemic_qualification,0,MiniMax-M3,pilot_density,early,frustrated,0
ea469f3109ee0224af2d,glm-5.3,glm-5.3,information_request,0,MiniMax-M3,pilot_density,early,frustrated,0
ea469f3109ee0224af2d,glm-5.3,glm-5.3,unsupported_ability_claim,0,MiniMax-M3,pilot_density,early,frustrated,0
f8892b6ce9c17bfe4903,deepseek-v4-pro,deepseek-v4-pro,answer_reveal,0,glm-5.2,pilot_equation,early,calm,0
f8892b6ce9c17bfe4903,deepseek-v4-pro,deepseek-v4-pro,worked_explanation,1,glm-5.2,pilot_equation,early,calm,0
f8892b6ce9c17bfe4903,deepseek-v4-pro,deepseek-v4-pro,reasoning_elicitation,1,glm-5.2,pilot_equation,early,calm,0
f8892b6ce9c17bfe4903,deepseek-v4-pro,deepseek-v4-pro,learner_choice,0,glm-5.2,pilot_equation,early,calm,0
f8892b6ce9c17bfe4903,deepseek-v4-pro,deepseek-v4-pro,affect_acknowledgement,1,glm-5.2,pilot_equation,early,calm,0
f8892b6ce9c17bfe4903,deepseek-v4-pro,deepseek-v4-pro,epistemic_qualification,0,glm-5.2,pilot_equation,early,calm,0
f8892b6ce9c17bfe4903,deepseek-v4-pro,deepseek-v4-pro,information_request,0,glm-5.2,pilot_equation,early,calm,0
f8892b6ce9c17bfe4903,deepseek-v4-pro,deepseek-v4-pro,unsupported_ability_claim,0,glm-5.2,pilot_equation,early,calm,0
21bac1cc58db3be4664f,glm-5.3,glm-5.3,answer_reveal,1,deepseek-v4-pro,pilot_density,early,calm,1
21bac1cc58db3be4664f,glm-5.3,glm-5.3,worked_explanation,1,deepseek-v4-pro,pilot_density,early,calm,1
21bac1cc58db3be4664f,glm-5.3,glm-5.3,reasoning_elicitation,0,deepseek-v4-pro,pilot_density,early,calm,1
21bac1cc58db3be4664f,glm-5.3,glm-5.3,learner_choice,0,deepseek-v4-pro,pilot_density,early,calm,1
21bac1cc58db3be4664f,glm-5.3,glm-5.3,affect_acknowledgement,0,deepseek-v4-pro,pilot_density,early,calm,1
21bac1cc58db3be4664f,glm-5.3,glm-5.3,epistemic_qualification,0,deepseek-v4-pro,pilot_density,early,calm,1
21bac1cc58db3be4664f,glm-5.3,glm-5.3,information_request,0,deepseek-v4-pro,pilot_density,early,calm,1
21bac1cc58db3be4664f,glm-5.3,glm-5.3,unsupported_ability_claim,0,deepseek-v4-pro,pilot_density,early,calm,1
9b38451e3f725056f428,MiniMax-M3,MiniMax-M3,answer_reveal,1,doubao-seed-2.0-lite,pilot_density,early,frustrated,1
9b38451e3f725056f428,MiniMax-M3,MiniMax-M3,worked_explanation,1,doubao-seed-2.0-lite,pilot_density,early,frustrated,1
9b38451e3f725056f428,MiniMax-M3,MiniMax-M3,reasoning_elicitation,0,doubao-seed-2.0-lite,pilot_density,early,frustrated,1
9b38451e3f725056f428,MiniMax-M3,MiniMax-M3,learner_choice,0,doubao-seed-2.0-lite,pilot_density,early,frustrated,1
9b38451e3f725056f428,MiniMax-M3,MiniMax-M3,affect_acknowledgement,1,doubao-seed-2.0-lite,pilot_density,early,frustrated,1
9b38451e3f725056f428,MiniMax-M3,MiniMax-M3,epistemic_qualification,0,doubao-seed-2.0-lite,pilot_density,early,frustrated,1
9b38451e3f725056f428,MiniMax-M3,MiniMax-M3,information_request,0,doubao-seed-2.0-lite,pilot_density,early,frustrated,1
9b38451e3f725056f428,MiniMax-M3,MiniMax-M3,unsupported_ability_claim,0,doubao-seed-2.0-lite,pilot_density,early,frustrated,1
fb5c24ccf9b9f5345ac0,MiniMax-M3,MiniMax-M3,answer_reveal,1,MiniMax-M2.7,pilot_fractions,early,calm,1
fb5c24ccf9b9f5345ac0,MiniMax-M3,MiniMax-M3,worked_explanation,1,MiniMax-M2.7,pilot_fractions,early,calm,1
fb5c24ccf9b9f5345ac0,MiniMax-M3,MiniMax-M3,reasoning_elicitation,0,MiniMax-M2.7,pilot_fractions,early,calm,1
fb5c24ccf9b9f5345ac0,MiniMax-M3,MiniMax-M3,learner_choice,0,MiniMax-M2.7,pilot_fractions,early,calm,1
fb5c24ccf9b9f5345ac0,MiniMax-M3,MiniMax-M3,affect_acknowledgement,1,MiniMax-M2.7,pilot_fractions,early,calm,1
fb5c24ccf9b9f5345ac0,MiniMax-M3,MiniMax-M3,epistemic_qualification,0,MiniMax-M2.7,pilot_fractions,early,calm,1
fb5c24ccf9b9f5345ac0,MiniMax-M3,MiniMax-M3,information_request,0,MiniMax-M2.7,pilot_fractions,early,calm,1
fb5c24ccf9b9f5345ac0,MiniMax-M3,MiniMax-M3,unsupported_ability_claim,0,MiniMax-M2.7,pilot_fractions,early,calm,1
c059643c8d1af68e5367,glm-5.3,glm-5.3,answer_reveal,1,MiniMax-M2.7,pilot_equation,late,calm,1
c059643c8d1af68e5367,glm-5.3,glm-5.3,worked_explanation,1,MiniMax-M2.7,pilot_equation,late,calm,1
c059643c8d1af68e5367,glm-5.3,glm-5.3,reasoning_elicitation,0,MiniMax-M2.7,pilot_equation,late,calm,1
c059643c8d1af68e5367,glm-5.3,glm-5.3,learner_choice,0,MiniMax-M2.7,pilot_equation,late,calm,1
c059643c8d1af68e5367,glm-5.3,glm-5.3,affect_acknowledgement,0,MiniMax-M2.7,pilot_equation,late,calm,1
c059643c8d1af68e5367,glm-5.3,glm-5.3,epistemic_qualification,0,MiniMax-M2.7,pilot_equation,late,calm,1
c059643c8d1af68e5367,glm-5.3,glm-5.3,information_request,0,MiniMax-M2.7,pilot_equation,late,calm,1
c059643c8d1af68e5367,glm-5.3,glm-5.3,unsupported_ability_claim,0,MiniMax-M2.7,pilot_equation,late,calm,1
f2997c14e3c817a0bd4b,deepseek-v4-pro,deepseek-v4-pro,answer_reveal,1,doubao-seed-2.0-lite,pilot_fractions,late,frustrated,0
f2997c14e3c817a0bd4b,deepseek-v4-pro,deepseek-v4-pro,worked_explanation,1,doubao-seed-2.0-lite,pilot_fractions,late,frustrated,0
f2997c14e3c817a0bd4b,deepseek-v4-pro,deepseek-v4-pro,reasoning_elicitation,0,doubao-seed-2.0-lite,pilot_fractions,late,frustrated,0
f2997c14e3c817a0bd4b,deepseek-v4-pro,deepseek-v4-pro,learner_choice,0,doubao-seed-2.0-lite,pilot_fractions,late,frustrated,0
f2997c14e3c817a0bd4b,deepseek-v4-pro,deepseek-v4-pro,affect_acknowledgement,1,doubao-seed-2.0-lite,pilot_fractions,late,frustrated,0
f2997c14e3c817a0bd4b,deepseek-v4-pro,deepseek-v4-pro,epistemic_qualification,0,doubao-seed-2.0-lite,pilot_fractions,late,frustrated,0
f2997c14e3c817a0bd4b,deepseek-v4-pro,deepseek-v4-pro,information_request,0,doubao-seed-2.0-lite,pilot_fractions,late,frustrated,0
f2997c14e3c817a0bd4b,deepseek-v4-pro,deepseek-v4-pro,unsupported_ability_claim,0,doubao-seed-2.0-lite,pilot_fractions,late,frustrated,0
9027d323285b11851755,MiniMax-M3,MiniMax-M3,answer_reveal,0,glm-5.2,pilot_fractions,early,calm,1
9027d323285b11851755,MiniMax-M3,MiniMax-M3,worked_explanation,1,glm-5.2,pilot_fractions,early,calm,1
9027d323285b11851755,MiniMax-M3,MiniMax-M3,reasoning_elicitation,1,glm-5.2,pilot_fractions,early,calm,1
9027d323285b11851755,MiniMax-M3,MiniMax-M3,learner_choice,0,glm-5.2,pilot_fractions,early,calm,1
9027d323285b11851755,MiniMax-M3,MiniMax-M3,affect_acknowledgement,1,glm-5.2,pilot_fractions,early,calm,1
9027d323285b11851755,MiniMax-M3,MiniMax-M3,epistemic_qualification,0,glm-5.2,pilot_fractions,early,calm,1
9027d323285b11851755,MiniMax-M3,MiniMax-M3,information_request,0,glm-5.2,pilot_fractions,early,calm,1
9027d323285b11851755,MiniMax-M3,MiniMax-M3,unsupported_ability_claim,0,glm-5.2,pilot_fractions,early,calm,1
c8f60d6c3a941c46464a,glm-5.3,glm-5.3,answer_reveal,1,glm-5.2,pilot_causal_claim,early,calm,0
c8f60d6c3a941c46464a,glm-5.3,glm-5.3,worked_explanation,1,glm-5.2,pilot_causal_claim,early,calm,0
c8f60d6c3a941c46464a,glm-5.3,glm-5.3,reasoning_elicitation,1,glm-5.2,pilot_causal_claim,early,calm,0
c8f60d6c3a941c46464a,glm-5.3,glm-5.3,learner_choice,0,glm-5.2,pilot_causal_claim,early,calm,0
c8f60d6c3a941c46464a,glm-5.3,glm-5.3,affect_acknowledgement,1,glm-5.2,pilot_causal_claim,early,calm,0
c8f60d6c3a941c46464a,glm-5.3,glm-5.3,epistemic_qualification,0,glm-5.2,pilot_causal_claim,early,calm,0
c8f60d6c3a941c46464a,glm-5.3,glm-5.3,information_request,0,glm-5.2,pilot_causal_claim,early,calm,0
c8f60d6c3a941c46464a,glm-5.3,glm-5.3,unsupported_ability_claim,0,glm-5.2,pilot_causal_claim,early,calm,0
a0f21ba54b32aef55de9,deepseek-v4-pro,deepseek-v4-pro,answer_reveal,1,deepseek-v4-pro,pilot_causal_claim,late,frustrated,1
a0f21ba54b32aef55de9,deepseek-v4-pro,deepseek-v4-pro,worked_explanation,1,deepseek-v4-pro,pilot_causal_claim,late,frustrated,1
a0f21ba54b32aef55de9,deepseek-v4-pro,deepseek-v4-pro,reasoning_elicitation,1,deepseek-v4-pro,pilot_causal_claim,late,frustrated,1
a0f21ba54b32aef55de9,deepseek-v4-pro,deepseek-v4-pro,learner_choice,0,deepseek-v4-pro,pilot_causal_claim,late,frustrated,1
a0f21ba54b32aef55de9,deepseek-v4-pro,deepseek-v4-pro,affect_acknowledgement,1,deepseek-v4-pro,pilot_causal_claim,late,frustrated,1
a0f21ba54b32aef55de9,deepseek-v4-pro,deepseek-v4-pro,epistemic_qualification,1,deepseek-v4-pro,pilot_causal_claim,late,frustrated,1
a0f21ba54b32aef55de9,deepseek-v4-pro,deepseek-v4-pro,information_request,0,deepseek-v4-pro,pilot_causal_claim,late,frustrated,1
a0f21ba54b32aef55de9,deepseek-v4-pro,deepseek-v4-pro,unsupported_ability_claim,0,deepseek-v4-pro,pilot_causal_claim,late,frustrated,1
fa3a15141f6ccec1bbd4,glm-5.3,glm-5.3,answer_reveal,1,MiniMax-M3,pilot_causal_claim,late,frustrated,1
fa3a15141f6ccec1bbd4,glm-5.3,glm-5.3,worked_explanation,1,MiniMax-M3,pilot_causal_claim,late,frustrated,1
fa3a15141f6ccec1bbd4,glm-5.3,glm-5.3,reasoning_elicitation,0,MiniMax-M3,pilot_causal_claim,late,frustrated,1
fa3a15141f6ccec1bbd4,glm-5.3,glm-5.3,learner_choice,0,MiniMax-M3,pilot_causal_claim,late,frustrated,1
fa3a15141f6ccec1bbd4,glm-5.3,glm-5.3,affect_acknowledgement,1,MiniMax-M3,pilot_causal_claim,late,frustrated,1
fa3a15141f6ccec1bbd4,glm-5.3,glm-5.3,epistemic_qualification,1,MiniMax-M3,pilot_causal_claim,late,frustrated,1
fa3a15141f6ccec1bbd4,glm-5.3,glm-5.3,information_request,0,MiniMax-M3,pilot_causal_claim,late,frustrated,1
fa3a15141f6ccec1bbd4,glm-5.3,glm-5.3,unsupported_ability_claim,0,MiniMax-M3,pilot_causal_claim,late,frustrated,1
7e733f9b26a3f73077b1,glm-5.3,glm-5.3,answer_reveal,1,deepseek-v4-pro,pilot_density,early,frustrated,1
7e733f9b26a3f73077b1,glm-5.3,glm-5.3,worked_explanation,1,deepseek-v4-pro,pilot_density,early,frustrated,1
7e733f9b26a3f73077b1,glm-5.3,glm-5.3,reasoning_elicitation,0,deepseek-v4-pro,pilot_density,early,frustrated,1
7e733f9b26a3f73077b1,glm-5.3,glm-5.3,learner_choice,0,deepseek-v4-pro,pilot_density,early,frustrated,1
7e733f9b26a3f73077b1,glm-5.3,glm-5.3,affect_acknowledgement,1,deepseek-v4-pro,pilot_density,early,frustrated,1
7e733f9b26a3f73077b1,glm-5.3,glm-5.3,epistemic_qualification,0,deepseek-v4-pro,pilot_density,early,frustrated,1
7e733f9b26a3f73077b1,glm-5.3,glm-5.3,information_request,0,deepseek-v4-pro,pilot_density,early,frustrated,1
7e733f9b26a3f73077b1,glm-5.3,glm-5.3,unsupported_ability_claim,0,deepseek-v4-pro,pilot_density,early,frustrated,1
c9c385feb42fe3c24a0f,deepseek-v4-pro,deepseek-v4-pro,answer_reveal,1,deepseek-v4-pro,pilot_density,early,calm,0
c9c385feb42fe3c24a0f,deepseek-v4-pro,deepseek-v4-pro,worked_explanation,1,deepseek-v4-pro,pilot_density,early,calm,0
c9c385feb42fe3c24a0f,deepseek-v4-pro,deepseek-v4-pro,reasoning_elicitation,0,deepseek-v4-pro,pilot_density,early,calm,0
c9c385feb42fe3c24a0f,deepseek-v4-pro,deepseek-v4-pro,learner_choice,0,deepseek-v4-pro,pilot_density,early,calm,0
c9c385feb42fe3c24a0f,deepseek-v4-pro,deepseek-v4-pro,affect_acknowledgement,1,deepseek-v4-pro,pilot_density,early,calm,0
c9c385feb42fe3c24a0f,deepseek-v4-pro,deepseek-v4-pro,epistemic_qualification,0,deepseek-v4-pro,pilot_density,early,calm,0
c9c385feb42fe3c24a0f,deepseek-v4-pro,deepseek-v4-pro,information_request,0,deepseek-v4-pro,pilot_density,early,calm,0
c9c385feb42fe3c24a0f,deepseek-v4-pro,deepseek-v4-pro,unsupported_ability_claim,0,deepseek-v4-pro,pilot_density,early,calm,0
3a03a3bf5edf63de0b41,glm-5.3,glm-5.3,answer_reveal,1,MiniMax-M2.7,pilot_equation,early,frustrated,0
3a03a3bf5edf63de0b41,glm-5.3,glm-5.3,worked_explanation,1,MiniMax-M2.7,pilot_equation,early,frustrated,0
3a03a3bf5edf63de0b41,glm-5.3,glm-5.3,reasoning_elicitation,1,MiniMax-M2.7,pilot_equation,early,frustrated,0
3a03a3bf5edf63de0b41,glm-5.3,glm-5.3,learner_choice,0,MiniMax-M2.7,pilot_equation,early,frustrated,0
3a03a3bf5edf63de0b41,glm-5.3,glm-5.3,affect_acknowledgement,1,MiniMax-M2.7,pilot_equation,early,frustrated,0
3a03a3bf5edf63de0b41,glm-5.3,glm-5.3,epistemic_qualification,0,MiniMax-M2.7,pilot_equation,early,frustrated,0
3a03a3bf5edf63de0b41,glm-5.3,glm-5.3,information_request,0,MiniMax-M2.7,pilot_equation,early,frustrated,0
3a03a3bf5edf63de0b41,glm-5.3,glm-5.3,unsupported_ability_claim,0,MiniMax-M2.7,pilot_equation,early,frustrated,0
fdf2146565e8f20d9b47,deepseek-v4-pro,deepseek-v4-pro,answer_reveal,1,MiniMax-M2.7,pilot_density,early,frustrated,1
fdf2146565e8f20d9b47,deepseek-v4-pro,deepseek-v4-pro,worked_explanation,1,MiniMax-M2.7,pilot_density,early,frustrated,1
fdf2146565e8f20d9b47,deepseek-v4-pro,deepseek-v4-pro,reasoning_elicitation,0,MiniMax-M2.7,pilot_density,early,frustrated,1
fdf2146565e8f20d9b47,deepseek-v4-pro,deepseek-v4-pro,learner_choice,0,MiniMax-M2.7,pilot_density,early,frustrated,1
fdf2146565e8f20d9b47,deepseek-v4-pro,deepseek-v4-pro,affect_acknowledgement,1,MiniMax-M2.7,pilot_density,early,frustrated,1
fdf2146565e8f20d9b47,deepseek-v4-pro,deepseek-v4-pro,epistemic_qualification,0,MiniMax-M2.7,pilot_density,early,frustrated,1
fdf2146565e8f20d9b47,deepseek-v4-pro,deepseek-v4-pro,information_request,0,MiniMax-M2.7,pilot_density,early,frustrated,1
fdf2146565e8f20d9b47,deepseek-v4-pro,deepseek-v4-pro,unsupported_ability_claim,0,MiniMax-M2.7,pilot_density,early,frustrated,1
a28b45359ce905ff2907,deepseek-v4-pro,deepseek-v4-pro,answer_reveal,1,deepseek-v4-pro,pilot_equation,late,frustrated,0
a28b45359ce905ff2907,deepseek-v4-pro,deepseek-v4-pro,worked_explanation,1,deepseek-v4-pro,pilot_equation,late,frustrated,0
a28b45359ce905ff2907,deepseek-v4-pro,deepseek-v4-pro,reasoning_elicitation,0,deepseek-v4-pro,pilot_equation,late,frustrated,0
a28b45359ce905ff2907,deepseek-v4-pro,deepseek-v4-pro,learner_choice,0,deepseek-v4-pro,pilot_equation,late,frustrated,0
a28b45359ce905ff2907,deepseek-v4-pro,deepseek-v4-pro,affect_acknowledgement,1,deepseek-v4-pro,pilot_equation,late,frustrated,0
a28b45359ce905ff2907,deepseek-v4-pro,deepseek-v4-pro,epistemic_qualification,0,deepseek-v4-pro,pilot_equation,late,frustrated,0
a28b45359ce905ff2907,deepseek-v4-pro,deepseek-v4-pro,information_request,0,deepseek-v4-pro,pilot_equation,late,frustrated,0
a28b45359ce905ff2907,deepseek-v4-pro,deepseek-v4-pro,unsupported_ability_claim,0,deepseek-v4-pro,pilot_equation,late,frustrated,0
3aba688cd99bccc84e28,MiniMax-M3,MiniMax-M3,answer_reveal,1,MiniMax-M2.7,pilot_causal_claim,late,frustrated,1
3aba688cd99bccc84e28,MiniMax-M3,MiniMax-M3,worked_explanation,1,MiniMax-M2.7,pilot_causal_claim,late,frustrated,1
3aba688cd99bccc84e28,MiniMax-M3,MiniMax-M3,reasoning_elicitation,0,MiniMax-M2.7,pilot_causal_claim,late,frustrated,1
3aba688cd99bccc84e28,MiniMax-M3,MiniMax-M3,learner_choice,1,MiniMax-M2.7,pilot_causal_claim,late,frustrated,1
3aba688cd99bccc84e28,MiniMax-M3,MiniMax-M3,affect_acknowledgement,1,MiniMax-M2.7,pilot_causal_claim,late,frustrated,1
3aba688cd99bccc84e28,MiniMax-M3,MiniMax-M3,epistemic_qualification,1,MiniMax-M2.7,pilot_causal_claim,late,frustrated,1
3aba688cd99bccc84e28,MiniMax-M3,MiniMax-M3,information_request,0,MiniMax-M2.7,pilot_causal_claim,late,frustrated,1
3aba688cd99bccc84e28,MiniMax-M3,MiniMax-M3,unsupported_ability_claim,0,MiniMax-M2.7,pilot_causal_claim,late,frustrated,1
90c41659e5bc46d31dc3,deepseek-v4-pro,deepseek-v4-pro,answer_reveal,0,glm-5.2,pilot_equation,early,calm,1
90c41659e5bc46d31dc3,deepseek-v4-pro,deepseek-v4-pro,worked_explanation,1,glm-5.2,pilot_equation,early,calm,1
90c41659e5bc46d31dc3,deepseek-v4-pro,deepseek-v4-pro,reasoning_elicitation,1,glm-5.2,pilot_equation,early,calm,1
90c41659e5bc46d31dc3,deepseek-v4-pro,deepseek-v4-pro,learner_choice,0,glm-5.2,pilot_equation,early,calm,1
90c41659e5bc46d31dc3,deepseek-v4-pro,deepseek-v4-pro,affect_acknowledgement,1,glm-5.2,pilot_equation,early,calm,1
90c41659e5bc46d31dc3,deepseek-v4-pro,deepseek-v4-pro,epistemic_qualification,0,glm-5.2,pilot_equation,early,calm,1
90c41659e5bc46d31dc3,deepseek-v4-pro,deepseek-v4-pro,information_request,0,glm-5.2,pilot_equation,early,calm,1
90c41659e5bc46d31dc3,deepseek-v4-pro,deepseek-v4-pro,unsupported_ability_claim,0,glm-5.2,pilot_equation,early,calm,1
0010b5a166668babdfc2,MiniMax-M3,MiniMax-M3,answer_reveal,1,deepseek-v4-pro,pilot_fractions,late,calm,1
0010b5a166668babdfc2,MiniMax-M3,MiniMax-M3,worked_explanation,1,deepseek-v4-pro,pilot_fractions,late,calm,1
0010b5a166668babdfc2,MiniMax-M3,MiniMax-M3,reasoning_elicitation,0,deepseek-v4-pro,pilot_fractions,late,calm,1
0010b5a166668babdfc2,MiniMax-M3,MiniMax-M3,learner_choice,0,deepseek-v4-pro,pilot_fractions,late,calm,1
0010b5a166668babdfc2,MiniMax-M3,MiniMax-M3,affect_acknowledgement,1,deepseek-v4-pro,pilot_fractions,late,calm,1
0010b5a166668babdfc2,MiniMax-M3,MiniMax-M3,epistemic_qualification,0,deepseek-v4-pro,pilot_fractions,late,calm,1
0010b5a166668babdfc2,MiniMax-M3,MiniMax-M3,information_request,0,deepseek-v4-pro,pilot_fractions,late,calm,1
0010b5a166668babdfc2,MiniMax-M3,MiniMax-M3,unsupported_ability_claim,0,deepseek-v4-pro,pilot_fractions,late,calm,1
a3cd2bff7780acd7ef74,MiniMax-M3,MiniMax-M3,answer_reveal,1,deepseek-v4-pro,pilot_causal_claim,late,frustrated,0
a3cd2bff7780acd7ef74,MiniMax-M3,MiniMax-M3,worked_explanation,1,deepseek-v4-pro,pilot_causal_claim,late,frustrated,0
a3cd2bff7780acd7ef74,MiniMax-M3,MiniMax-M3,reasoning_elicitation,1,deepseek-v4-pro,pilot_causal_claim,late,frustrated,0
a3cd2bff7780acd7ef74,MiniMax-M3,MiniMax-M3,learner_choice,0,deepseek-v4-pro,pilot_causal_claim,late,frustrated,0
a3cd2bff7780acd7ef74,MiniMax-M3,MiniMax-M3,affect_acknowledgement,1,deepseek-v4-pro,pilot_causal_claim,late,frustrated,0
a3cd2bff7780acd7ef74,MiniMax-M3,MiniMax-M3,epistemic_qualification,1,deepseek-v4-pro,pilot_causal_claim,late,frustrated,0
a3cd2bff7780acd7ef74,MiniMax-M3,MiniMax-M3,information_request,0,deepseek-v4-pro,pilot_causal_claim,late,frustrated,0
a3cd2bff7780acd7ef74,MiniMax-M3,MiniMax-M3,unsupported_ability_claim,0,deepseek-v4-pro,pilot_causal_claim,late,frustrated,0
0142f9f4b822ffbd8c37,deepseek-v4-pro,deepseek-v4-pro,answer_reveal,1,MiniMax-M3,pilot_causal_claim,early,calm,0
0142f9f4b822ffbd8c37,deepseek-v4-pro,deepseek-v4-pro,worked_explanation,1,MiniMax-M3,pilot_causal_claim,early,calm,0
0142f9f4b822ffbd8c37,deepseek-v4-pro,deepseek-v4-pro,reasoning_elicitation,1,MiniMax-M3,pilot_causal_claim,early,calm,0
0142f9f4b822ffbd8c37,deepseek-v4-pro,deepseek-v4-pro,learner_choice,0,MiniMax-M3,pilot_causal_claim,early,calm,0
0142f9f4b822ffbd8c37,deepseek-v4-pro,deepseek-v4-pro,affect_acknowledgement,0,MiniMax-M3,pilot_causal_claim,early,calm,0
0142f9f4b822ffbd8c37,deepseek-v4-pro,deepseek-v4-pro,epistemic_qualification,1,MiniMax-M3,pilot_causal_claim,early,calm,0
0142f9f4b822ffbd8c37,deepseek-v4-pro,deepseek-v4-pro,information_request,0,MiniMax-M3,pilot_causal_claim,early,calm,0
0142f9f4b822ffbd8c37,deepseek-v4-pro,deepseek-v4-pro,unsupported_ability_claim,0,MiniMax-M3,pilot_causal_claim,early,calm,0
f2997c14e3c817a0bd4b,glm-5.3,glm-5.3,answer_reveal,1,doubao-seed-2.0-lite,pilot_fractions,late,frustrated,0
f2997c14e3c817a0bd4b,glm-5.3,glm-5.3,worked_explanation,1,doubao-seed-2.0-lite,pilot_fractions,late,frustrated,0
f2997c14e3c817a0bd4b,glm-5.3,glm-5.3,reasoning_elicitation,0,doubao-seed-2.0-lite,pilot_fractions,late,frustrated,0
f2997c14e3c817a0bd4b,glm-5.3,glm-5.3,learner_choice,0,doubao-seed-2.0-lite,pilot_fractions,late,frustrated,0
f2997c14e3c817a0bd4b,glm-5.3,glm-5.3,affect_acknowledgement,1,doubao-seed-2.0-lite,pilot_fractions,late,frustrated,0
f2997c14e3c817a0bd4b,glm-5.3,glm-5.3,epistemic_qualification,0,doubao-seed-2.0-lite,pilot_fractions,late,frustrated,0
f2997c14e3c817a0bd4b,glm-5.3,glm-5.3,information_request,0,doubao-seed-2.0-lite,pilot_fractions,late,frustrated,0
f2997c14e3c817a0bd4b,glm-5.3,glm-5.3,unsupported_ability_claim,0,doubao-seed-2.0-lite,pilot_fractions,late,frustrated,0
1e1bbce52a853d183ce7,glm-5.3,glm-5.3,answer_reveal,1,MiniMax-M3,pilot_density,late,calm,1
1e1bbce52a853d183ce7,glm-5.3,glm-5.3,worked_explanation,1,MiniMax-M3,pilot_density,late,calm,1
1e1bbce52a853d183ce7,glm-5.3,glm-5.3,reasoning_elicitation,0,MiniMax-M3,pilot_density,late,calm,1
1e1bbce52a853d183ce7,glm-5.3,glm-5.3,learner_choice,1,MiniMax-M3,pilot_density,late,calm,1
1e1bbce52a853d183ce7,glm-5.3,glm-5.3,affect_acknowledgement,1,MiniMax-M3,pilot_density,late,calm,1
1e1bbce52a853d183ce7,glm-5.3,glm-5.3,epistemic_qualification,0,MiniMax-M3,pilot_density,late,calm,1
1e1bbce52a853d183ce7,glm-5.3,glm-5.3,information_request,0,MiniMax-M3,pilot_density,late,calm,1
1e1bbce52a853d183ce7,glm-5.3,glm-5.3,unsupported_ability_claim,0,MiniMax-M3,pilot_density,late,calm,1
8d56c805baeb0943efac,deepseek-v4-pro,deepseek-v4-pro,answer_reveal,1,doubao-seed-2.0-lite,pilot_fractions,late,frustrated,1
8d56c805baeb0943efac,deepseek-v4-pro,deepseek-v4-pro,worked_explanation,1,doubao-seed-2.0-lite,pilot_fractions,late,frustrated,1
8d56c805baeb0943efac,deepseek-v4-pro,deepseek-v4-pro,reasoning_elicitation,0,doubao-seed-2.0-lite,pilot_fractions,late,frustrated,1
8d56c805baeb0943efac,deepseek-v4-pro,deepseek-v4-pro,learner_choice,0,doubao-seed-2.0-lite,pilot_fractions,late,frustrated,1
8d56c805baeb0943efac,deepseek-v4-pro,deepseek-v4-pro,affect_acknowledgement,1,doubao-seed-2.0-lite,pilot_fractions,late,frustrated,1
8d56c805baeb0943efac,deepseek-v4-pro,deepseek-v4-pro,epistemic_qualification,0,doubao-seed-2.0-lite,pilot_fractions,late,frustrated,1
8d56c805baeb0943efac,deepseek-v4-pro,deepseek-v4-pro,information_request,0,doubao-seed-2.0-lite,pilot_fractions,late,frustrated,1
8d56c805baeb0943efac,deepseek-v4-pro,deepseek-v4-pro,unsupported_ability_claim,0,doubao-seed-2.0-lite,pilot_fractions,late,frustrated,1
904a4a0bc2870525d537,deepseek-v4-pro,deepseek-v4-pro,answer_reveal,1,deepseek-v4-pro,pilot_causal_claim,early,frustrated,1
904a4a0bc2870525d537,deepseek-v4-pro,deepseek-v4-pro,worked_explanation,1,deepseek-v4-pro,pilot_causal_claim,early,frustrated,1
904a4a0bc2870525d537,deepseek-v4-pro,deepseek-v4-pro,reasoning_elicitation,1,deepseek-v4-pro,pilot_causal_claim,early,frustrated,1
904a4a0bc2870525d537,deepseek-v4-pro,deepseek-v4-pro,learner_choice,0,deepseek-v4-pro,pilot_causal_claim,early,frustrated,1
904a4a0bc2870525d537,deepseek-v4-pro,deepseek-v4-pro,affect_acknowledgement,1,deepseek-v4-pro,pilot_causal_claim,early,frustrated,1
904a4a0bc2870525d537,deepseek-v4-pro,deepseek-v4-pro,epistemic_qualification,1,deepseek-v4-pro,pilot_causal_claim,early,frustrated,1
904a4a0bc2870525d537,deepseek-v4-pro,deepseek-v4-pro,information_request,1,deepseek-v4-pro,pilot_causal_claim,early,frustrated,1
904a4a0bc2870525d537,deepseek-v4-pro,deepseek-v4-pro,unsupported_ability_claim,0,deepseek-v4-pro,pilot_causal_claim,early,frustrated,1
acc1e0deceec8a18076e,deepseek-v4-pro,deepseek-v4-pro,answer_reveal,1,MiniMax-M2.7,pilot_fractions,late,frustrated,1
acc1e0deceec8a18076e,deepseek-v4-pro,deepseek-v4-pro,worked_explanation,1,MiniMax-M2.7,pilot_fractions,late,frustrated,1
acc1e0deceec8a18076e,deepseek-v4-pro,deepseek-v4-pro,reasoning_elicitation,0,MiniMax-M2.7,pilot_fractions,late,frustrated,1
acc1e0deceec8a18076e,deepseek-v4-pro,deepseek-v4-pro,learner_choice,1,MiniMax-M2.7,pilot_fractions,late,frustrated,1
acc1e0deceec8a18076e,deepseek-v4-pro,deepseek-v4-pro,affect_acknowledgement,0,MiniMax-M2.7,pilot_fractions,late,frustrated,1
acc1e0deceec8a18076e,deepseek-v4-pro,deepseek-v4-pro,epistemic_qualification,0,MiniMax-M2.7,pilot_fractions,late,frustrated,1
acc1e0deceec8a18076e,deepseek-v4-pro,deepseek-v4-pro,information_request,0,MiniMax-M2.7,pilot_fractions,late,frustrated,1
acc1e0deceec8a18076e,deepseek-v4-pro,deepseek-v4-pro,unsupported_ability_claim,0,MiniMax-M2.7,pilot_fractions,late,frustrated,1
670b9bfae749d15ddf4a,deepseek-v4-pro,deepseek-v4-pro,answer_reveal,0,glm-5.2,pilot_fractions,late,frustrated,0
670b9bfae749d15ddf4a,deepseek-v4-pro,deepseek-v4-pro,worked_explanation,1,glm-5.2,pilot_fractions,late,frustrated,0
670b9bfae749d15ddf4a,deepseek-v4-pro,deepseek-v4-pro,reasoning_elicitation,1,glm-5.2,pilot_fractions,late,frustrated,0
670b9bfae749d15ddf4a,deepseek-v4-pro,deepseek-v4-pro,learner_choice,0,glm-5.2,pilot_fractions,late,frustrated,0
670b9bfae749d15ddf4a,deepseek-v4-pro,deepseek-v4-pro,affect_acknowledgement,0,glm-5.2,pilot_fractions,late,frustrated,0
670b9bfae749d15ddf4a,deepseek-v4-pro,deepseek-v4-pro,epistemic_qualification,0,glm-5.2,pilot_fractions,late,frustrated,0
670b9bfae749d15ddf4a,deepseek-v4-pro,deepseek-v4-pro,information_request,0,glm-5.2,pilot_fractions,late,frustrated,0
670b9bfae749d15ddf4a,deepseek-v4-pro,deepseek-v4-pro,unsupported_ability_claim,0,glm-5.2,pilot_fractions,late,frustrated,0
ea469f3109ee0224af2d,deepseek-v4-pro,deepseek-v4-pro,answer_reveal,0,MiniMax-M3,pilot_density,early,frustrated,0
ea469f3109ee0224af2d,deepseek-v4-pro,deepseek-v4-pro,worked_explanation,1,MiniMax-M3,pilot_density,early,frustrated,0
ea469f3109ee0224af2d,deepseek-v4-pro,deepseek-v4-pro,reasoning_elicitation,1,MiniMax-M3,pilot_density,early,frustrated,0
ea469f3109ee0224af2d,deepseek-v4-pro,deepseek-v4-pro,learner_choice,0,MiniMax-M3,pilot_density,early,frustrated,0
ea469f3109ee0224af2d,deepseek-v4-pro,deepseek-v4-pro,affect_acknowledgement,1,MiniMax-M3,pilot_density,early,frustrated,0
ea469f3109ee0224af2d,deepseek-v4-pro,deepseek-v4-pro,epistemic_qualification,0,MiniMax-M3,pilot_density,early,frustrated,0
ea469f3109ee0224af2d,deepseek-v4-pro,deepseek-v4-pro,information_request,0,MiniMax-M3,pilot_density,early,frustrated,0
ea469f3109ee0224af2d,deepseek-v4-pro,deepseek-v4-pro,unsupported_ability_claim,0,MiniMax-M3,pilot_density,early,frustrated,0
330f04660e19950af8bf,glm-5.3,glm-5.3,answer_reveal,1,glm-5.2,pilot_causal_claim,late,frustrated,1
330f04660e19950af8bf,glm-5.3,glm-5.3,worked_explanation,1,glm-5.2,pilot_causal_claim,late,frustrated,1
330f04660e19950af8bf,glm-5.3,glm-5.3,reasoning_elicitation,1,glm-5.2,pilot_causal_claim,late,frustrated,1
330f04660e19950af8bf,glm-5.3,glm-5.3,learner_choice,1,glm-5.2,pilot_causal_claim,late,frustrated,1
330f04660e19950af8bf,glm-5.3,glm-5.3,affect_acknowledgement,1,glm-5.2,pilot_causal_claim,late,frustrated,1
330f04660e19950af8bf,glm-5.3,glm-5.3,epistemic_qualification,1,glm-5.2,pilot_causal_claim,late,frustrated,1
330f04660e19950af8bf,glm-5.3,glm-5.3,information_request,0,glm-5.2,pilot_causal_claim,late,frustrated,1
330f04660e19950af8bf,glm-5.3,glm-5.3,unsupported_ability_claim,0,glm-5.2,pilot_causal_claim,late,frustrated,1
3b96bd4e791a39f2196e,glm-5.3,glm-5.3,answer_reveal,1,MiniMax-M3,pilot_fractions,early,frustrated,1
3b96bd4e791a39f2196e,glm-5.3,glm-5.3,worked_explanation,1,MiniMax-M3,pilot_fractions,early,frustrated,1
3b96bd4e791a39f2196e,glm-5.3,glm-5.3,reasoning_elicitation,1,MiniMax-M3,pilot_fractions,early,frustrated,1
3b96bd4e791a39f2196e,glm-5.3,glm-5.3,learner_choice,0,MiniMax-M3,pilot_fractions,early,frustrated,1
3b96bd4e791a39f2196e,glm-5.3,glm-5.3,affect_acknowledgement,1,MiniMax-M3,pilot_fractions,early,frustrated,1
3b96bd4e791a39f2196e,glm-5.3,glm-5.3,epistemic_qualification,0,MiniMax-M3,pilot_fractions,early,frustrated,1
3b96bd4e791a39f2196e,glm-5.3,glm-5.3,information_request,0,MiniMax-M3,pilot_fractions,early,frustrated,1
3b96bd4e791a39f2196e,glm-5.3,glm-5.3,unsupported_ability_claim,0,MiniMax-M3,pilot_fractions,early,frustrated,1
d8b091158b8145387f55,deepseek-v4-pro,deepseek-v4-pro,answer_reveal,1,MiniMax-M3,pilot_causal_claim,late,calm,0
d8b091158b8145387f55,deepseek-v4-pro,deepseek-v4-pro,worked_explanation,1,MiniMax-M3,pilot_causal_claim,late,calm,0
d8b091158b8145387f55,deepseek-v4-pro,deepseek-v4-pro,reasoning_elicitation,1,MiniMax-M3,pilot_causal_claim,late,calm,0
d8b091158b8145387f55,deepseek-v4-pro,deepseek-v4-pro,learner_choice,0,MiniMax-M3,pilot_causal_claim,late,calm,0
d8b091158b8145387f55,deepseek-v4-pro,deepseek-v4-pro,affect_acknowledgement,0,MiniMax-M3,pilot_causal_claim,late,calm,0
d8b091158b8145387f55,deepseek-v4-pro,deepseek-v4-pro,epistemic_qualification,1,MiniMax-M3,pilot_causal_claim,late,calm,0
d8b091158b8145387f55,deepseek-v4-pro,deepseek-v4-pro,information_request,0,MiniMax-M3,pilot_causal_claim,late,calm,0
d8b091158b8145387f55,deepseek-v4-pro,deepseek-v4-pro,unsupported_ability_claim,0,MiniMax-M3,pilot_causal_claim,late,calm,0
956cdca2c5c55d7a0a45,glm-5.3,glm-5.3,answer_reveal,0,glm-5.2,pilot_density,late,calm,1
956cdca2c5c55d7a0a45,glm-5.3,glm-5.3,worked_explanation,1,glm-5.2,pilot_density,late,calm,1
956cdca2c5c55d7a0a45,glm-5.3,glm-5.3,reasoning_elicitation,1,glm-5.2,pilot_density,late,calm,1
956cdca2c5c55d7a0a45,glm-5.3,glm-5.3,learner_choice,1,glm-5.2,pilot_density,late,calm,1
956cdca2c5c55d7a0a45,glm-5.3,glm-5.3,affect_acknowledgement,1,glm-5.2,pilot_density,late,calm,1
956cdca2c5c55d7a0a45,glm-5.3,glm-5.3,epistemic_qualification,0,glm-5.2,pilot_density,late,calm,1
956cdca2c5c55d7a0a45,glm-5.3,glm-5.3,information_request,0,glm-5.2,pilot_density,late,calm,1
956cdca2c5c55d7a0a45,glm-5.3,glm-5.3,unsupported_ability_claim,0,glm-5.2,pilot_density,late,calm,1
62c1cf1ab9b223b87f11,glm-5.3,glm-5.3,answer_reveal,1,deepseek-v4-pro,pilot_causal_claim,early,frustrated,0
62c1cf1ab9b223b87f11,glm-5.3,glm-5.3,worked_explanation,1,deepseek-v4-pro,pilot_causal_claim,early,frustrated,0
62c1cf1ab9b223b87f11,glm-5.3,glm-5.3,reasoning_elicitation,1,deepseek-v4-pro,pilot_causal_claim,early,frustrated,0
62c1cf1ab9b223b87f11,glm-5.3,glm-5.3,learner_choice,1,deepseek-v4-pro,pilot_causal_claim,early,frustrated,0
62c1cf1ab9b223b87f11,glm-5.3,glm-5.3,affect_acknowledgement,1,deepseek-v4-pro,pilot_causal_claim,early,frustrated,0
62c1cf1ab9b223b87f11,glm-5.3,glm-5.3,epistemic_qualification,1,deepseek-v4-pro,pilot_causal_claim,early,frustrated,0
62c1cf1ab9b223b87f11,glm-5.3,glm-5.3,information_request,0,deepseek-v4-pro,pilot_causal_claim,early,frustrated,0
62c1cf1ab9b223b87f11,glm-5.3,glm-5.3,unsupported_ability_claim,0,deepseek-v4-pro,pilot_causal_claim,early,frustrated,0
f16f2db2acabffb8bcc4,deepseek-v4-pro,deepseek-v4-pro,answer_reveal,1,deepseek-v4-pro,pilot_equation,early,frustrated,0
f16f2db2acabffb8bcc4,deepseek-v4-pro,deepseek-v4-pro,worked_explanation,1,deepseek-v4-pro,pilot_equation,early,frustrated,0
f16f2db2acabffb8bcc4,deepseek-v4-pro,deepseek-v4-pro,reasoning_elicitation,0,deepseek-v4-pro,pilot_equation,early,frustrated,0
f16f2db2acabffb8bcc4,deepseek-v4-pro,deepseek-v4-pro,learner_choice,0,deepseek-v4-pro,pilot_equation,early,frustrated,0
f16f2db2acabffb8bcc4,deepseek-v4-pro,deepseek-v4-pro,affect_acknowledgement,1,deepseek-v4-pro,pilot_equation,early,frustrated,0
f16f2db2acabffb8bcc4,deepseek-v4-pro,deepseek-v4-pro,epistemic_qualification,0,deepseek-v4-pro,pilot_equation,early,frustrated,0
f16f2db2acabffb8bcc4,deepseek-v4-pro,deepseek-v4-pro,information_request,0,deepseek-v4-pro,pilot_equation,early,frustrated,0
f16f2db2acabffb8bcc4,deepseek-v4-pro,deepseek-v4-pro,unsupported_ability_claim,1,deepseek-v4-pro,pilot_equation,early,frustrated,0
cb2fd096898a69c81e72,deepseek-v4-pro,deepseek-v4-pro,answer_reveal,1,MiniMax-M3,pilot_causal_claim,early,frustrated,1
cb2fd096898a69c81e72,deepseek-v4-pro,deepseek-v4-pro,worked_explanation,1,MiniMax-M3,pilot_causal_claim,early,frustrated,1
cb2fd096898a69c81e72,deepseek-v4-pro,deepseek-v4-pro,reasoning_elicitation,1,MiniMax-M3,pilot_causal_claim,early,frustrated,1
cb2fd096898a69c81e72,deepseek-v4-pro,deepseek-v4-pro,learner_choice,0,MiniMax-M3,pilot_causal_claim,early,frustrated,1
cb2fd096898a69c81e72,deepseek-v4-pro,deepseek-v4-pro,affect_acknowledgement,1,MiniMax-M3,pilot_causal_claim,early,frustrated,1
cb2fd096898a69c81e72,deepseek-v4-pro,deepseek-v4-pro,epistemic_qualification,1,MiniMax-M3,pilot_causal_claim,early,frustrated,1
cb2fd096898a69c81e72,deepseek-v4-pro,deepseek-v4-pro,information_request,0,MiniMax-M3,pilot_causal_claim,early,frustrated,1
cb2fd096898a69c81e72,deepseek-v4-pro,deepseek-v4-pro,unsupported_ability_claim,0,MiniMax-M3,pilot_causal_claim,early,frustrated,1
7639743dbdef3f531cd5,glm-5.3,glm-5.3,answer_reveal,1,deepseek-v4-pro,pilot_fractions,late,calm,0
7639743dbdef3f531cd5,glm-5.3,glm-5.3,worked_explanation,1,deepseek-v4-pro,pilot_fractions,late,calm,0
7639743dbdef3f531cd5,glm-5.3,glm-5.3,reasoning_elicitation,0,deepseek-v4-pro,pilot_fractions,late,calm,0
7639743dbdef3f531cd5,glm-5.3,glm-5.3,learner_choice,0,deepseek-v4-pro,pilot_fractions,late,calm,0
7639743dbdef3f531cd5,glm-5.3,glm-5.3,affect_acknowledgement,1,deepseek-v4-pro,pilot_fractions,late,calm,0
7639743dbdef3f531cd5,glm-5.3,glm-5.3,epistemic_qualification,0,deepseek-v4-pro,pilot_fractions,late,calm,0
7639743dbdef3f531cd5,glm-5.3,glm-5.3,information_request,0,deepseek-v4-pro,pilot_fractions,late,calm,0
7639743dbdef3f531cd5,glm-5.3,glm-5.3,unsupported_ability_claim,0,deepseek-v4-pro,pilot_fractions,late,calm,0
fc38c588ab5e0ec71131,glm-5.3,glm-5.3,answer_reveal,1,MiniMax-M3,pilot_equation,late,calm,1
fc38c588ab5e0ec71131,glm-5.3,glm-5.3,worked_explanation,1,MiniMax-M3,pilot_equation,late,calm,1
fc38c588ab5e0ec71131,glm-5.3,glm-5.3,reasoning_elicitation,0,MiniMax-M3,pilot_equation,late,calm,1
fc38c588ab5e0ec71131,glm-5.3,glm-5.3,learner_choice,0,MiniMax-M3,pilot_equation,late,calm,1
fc38c588ab5e0ec71131,glm-5.3,glm-5.3,affect_acknowledgement,1,MiniMax-M3,pilot_equation,late,calm,1
fc38c588ab5e0ec71131,glm-5.3,glm-5.3,epistemic_qualification,1,MiniMax-M3,pilot_equation,late,calm,1
fc38c588ab5e0ec71131,glm-5.3,glm-5.3,information_request,0,MiniMax-M3,pilot_equation,late,calm,1
fc38c588ab5e0ec71131,glm-5.3,glm-5.3,unsupported_ability_claim,0,MiniMax-M3,pilot_equation,late,calm,1
e1fbb38b46691f32b309,deepseek-v4-pro,deepseek-v4-pro,answer_reveal,1,MiniMax-M3,pilot_fractions,late,frustrated,1
e1fbb38b46691f32b309,deepseek-v4-pro,deepseek-v4-pro,worked_explanation,1,MiniMax-M3,pilot_fractions,late,frustrated,1
e1fbb38b46691f32b309,deepseek-v4-pro,deepseek-v4-pro,reasoning_elicitation,0,MiniMax-M3,pilot_fractions,late,frustrated,1
e1fbb38b46691f32b309,deepseek-v4-pro,deepseek-v4-pro,learner_choice,0,MiniMax-M3,pilot_fractions,late,frustrated,1
e1fbb38b46691f32b309,deepseek-v4-pro,deepseek-v4-pro,affect_acknowledgement,1,MiniMax-M3,pilot_fractions,late,frustrated,1
e1fbb38b46691f32b309,deepseek-v4-pro,deepseek-v4-pro,epistemic_qualification,0,MiniMax-M3,pilot_fractions,late,frustrated,1
e1fbb38b46691f32b309,deepseek-v4-pro,deepseek-v4-pro,information_request,0,MiniMax-M3,pilot_fractions,late,frustrated,1
e1fbb38b46691f32b309,deepseek-v4-pro,deepseek-v4-pro,unsupported_ability_claim,1,MiniMax-M3,pilot_fractions,late,frustrated,1
122bf31ca16ea698450c,deepseek-v4-pro,deepseek-v4-pro,answer_reveal,1,doubao-seed-2.0-lite,pilot_equation,early,calm,1
122bf31ca16ea698450c,deepseek-v4-pro,deepseek-v4-pro,worked_explanation,1,doubao-seed-2.0-lite,pilot_equation,early,calm,1
122bf31ca16ea698450c,deepseek-v4-pro,deepseek-v4-pro,reasoning_elicitation,0,doubao-seed-2.0-lite,pilot_equation,early,calm,1
122bf31ca16ea698450c,deepseek-v4-pro,deepseek-v4-pro,learner_choice,0,doubao-seed-2.0-lite,pilot_equation,early,calm,1
122bf31ca16ea698450c,deepseek-v4-pro,deepseek-v4-pro,affect_acknowledgement,1,doubao-seed-2.0-lite,pilot_equation,early,calm,1
122bf31ca16ea698450c,deepseek-v4-pro,deepseek-v4-pro,epistemic_qualification,0,doubao-seed-2.0-lite,pilot_equation,early,calm,1
122bf31ca16ea698450c,deepseek-v4-pro,deepseek-v4-pro,information_request,0,doubao-seed-2.0-lite,pilot_equation,early,calm,1
122bf31ca16ea698450c,deepseek-v4-pro,deepseek-v4-pro,unsupported_ability_claim,0,doubao-seed-2.0-lite,pilot_equation,early,calm,1
f8892b6ce9c17bfe4903,MiniMax-M3,MiniMax-M3,answer_reveal,0,glm-5.2,pilot_equation,early,calm,0
f8892b6ce9c17bfe4903,MiniMax-M3,MiniMax-M3,worked_explanation,1,glm-5.2,pilot_equation,early,calm,0
f8892b6ce9c17bfe4903,MiniMax-M3,MiniMax-M3,reasoning_elicitation,1,glm-5.2,pilot_equation,early,calm,0
f8892b6ce9c17bfe4903,MiniMax-M3,MiniMax-M3,learner_choice,0,glm-5.2,pilot_equation,early,calm,0
f8892b6ce9c17bfe4903,MiniMax-M3,MiniMax-M3,affect_acknowledgement,1,glm-5.2,pilot_equation,early,calm,0
f8892b6ce9c17bfe4903,MiniMax-M3,MiniMax-M3,epistemic_qualification,0,glm-5.2,pilot_equation,early,calm,0
f8892b6ce9c17bfe4903,MiniMax-M3,MiniMax-M3,information_request,0,glm-5.2,pilot_equation,early,calm,0
f8892b6ce9c17bfe4903,MiniMax-M3,MiniMax-M3,unsupported_ability_claim,0,glm-5.2,pilot_equation,early,calm,0
8fb01410b4257208ee79,deepseek-v4-pro,deepseek-v4-pro,answer_reveal,0,MiniMax-M2.7,pilot_causal_claim,early,calm,1
8fb01410b4257208ee79,deepseek-v4-pro,deepseek-v4-pro,worked_explanation,1,MiniMax-M2.7,pilot_causal_claim,early,calm,1
8fb01410b4257208ee79,deepseek-v4-pro,deepseek-v4-pro,reasoning_elicitation,1,MiniMax-M2.7,pilot_causal_claim,early,calm,1
8fb01410b4257208ee79,deepseek-v4-pro,deepseek-v4-pro,learner_choice,0,MiniMax-M2.7,pilot_causal_claim,early,calm,1
8fb01410b4257208ee79,deepseek-v4-pro,deepseek-v4-pro,affect_acknowledgement,0,MiniMax-M2.7,pilot_causal_claim,early,calm,1
8fb01410b4257208ee79,deepseek-v4-pro,deepseek-v4-pro,epistemic_qualification,1,MiniMax-M2.7,pilot_causal_claim,early,calm,1
8fb01410b4257208ee79,deepseek-v4-pro,deepseek-v4-pro,information_request,0,MiniMax-M2.7,pilot_causal_claim,early,calm,1
8fb01410b4257208ee79,deepseek-v4-pro,deepseek-v4-pro,unsupported_ability_claim,0,MiniMax-M2.7,pilot_causal_claim,early,calm,1
e1fbb38b46691f32b309,MiniMax-M3,MiniMax-M3,answer_reveal,1,MiniMax-M3,pilot_fractions,late,frustrated,1
e1fbb38b46691f32b309,MiniMax-M3,MiniMax-M3,worked_explanation,1,MiniMax-M3,pilot_fractions,late,frustrated,1
e1fbb38b46691f32b309,MiniMax-M3,MiniMax-M3,reasoning_elicitation,0,MiniMax-M3,pilot_fractions,late,frustrated,1
e1fbb38b46691f32b309,MiniMax-M3,MiniMax-M3,learner_choice,0,MiniMax-M3,pilot_fractions,late,frustrated,1
e1fbb38b46691f32b309,MiniMax-M3,MiniMax-M3,affect_acknowledgement,1,MiniMax-M3,pilot_fractions,late,frustrated,1
e1fbb38b46691f32b309,MiniMax-M3,MiniMax-M3,epistemic_qualification,0,MiniMax-M3,pilot_fractions,late,frustrated,1
e1fbb38b46691f32b309,MiniMax-M3,MiniMax-M3,information_request,0,MiniMax-M3,pilot_fractions,late,frustrated,1
e1fbb38b46691f32b309,MiniMax-M3,MiniMax-M3,unsupported_ability_claim,1,MiniMax-M3,pilot_fractions,late,frustrated,1
e673dacf6616de7e5fb3,MiniMax-M3,MiniMax-M3,answer_reveal,1,MiniMax-M2.7,pilot_density,late,frustrated,1
e673dacf6616de7e5fb3,MiniMax-M3,MiniMax-M3,worked_explanation,1,MiniMax-M2.7,pilot_density,late,frustrated,1
e673dacf6616de7e5fb3,MiniMax-M3,MiniMax-M3,reasoning_elicitation,0,MiniMax-M2.7,pilot_density,late,frustrated,1
e673dacf6616de7e5fb3,MiniMax-M3,MiniMax-M3,learner_choice,1,MiniMax-M2.7,pilot_density,late,frustrated,1
e673dacf6616de7e5fb3,MiniMax-M3,MiniMax-M3,affect_acknowledgement,0,MiniMax-M2.7,pilot_density,late,frustrated,1
e673dacf6616de7e5fb3,MiniMax-M3,MiniMax-M3,epistemic_qualification,0,MiniMax-M2.7,pilot_density,late,frustrated,1
e673dacf6616de7e5fb3,MiniMax-M3,MiniMax-M3,information_request,0,MiniMax-M2.7,pilot_density,late,frustrated,1
e673dacf6616de7e5fb3,MiniMax-M3,MiniMax-M3,unsupported_ability_claim,0,MiniMax-M2.7,pilot_density,late,frustrated,1
f5b40a54ac559bee52c2,deepseek-v4-pro,deepseek-v4-pro,answer_reveal,1,doubao-seed-2.0-lite,pilot_density,early,frustrated,0
f5b40a54ac559bee52c2,deepseek-v4-pro,deepseek-v4-pro,worked_explanation,1,doubao-seed-2.0-lite,pilot_density,early,frustrated,0
f5b40a54ac559bee52c2,deepseek-v4-pro,deepseek-v4-pro,reasoning_elicitation,0,doubao-seed-2.0-lite,pilot_density,early,frustrated,0
f5b40a54ac559bee52c2,deepseek-v4-pro,deepseek-v4-pro,learner_choice,0,doubao-seed-2.0-lite,pilot_density,early,frustrated,0
f5b40a54ac559bee52c2,deepseek-v4-pro,deepseek-v4-pro,affect_acknowledgement,1,doubao-seed-2.0-lite,pilot_density,early,frustrated,0
f5b40a54ac559bee52c2,deepseek-v4-pro,deepseek-v4-pro,epistemic_qualification,0,doubao-seed-2.0-lite,pilot_density,early,frustrated,0
f5b40a54ac559bee52c2,deepseek-v4-pro,deepseek-v4-pro,information_request,0,doubao-seed-2.0-lite,pilot_density,early,frustrated,0
f5b40a54ac559bee52c2,deepseek-v4-pro,deepseek-v4-pro,unsupported_ability_claim,0,doubao-seed-2.0-lite,pilot_density,early,frustrated,0
e40f8ff81d570ca2390a,MiniMax-M3,MiniMax-M3,answer_reveal,1,MiniMax-M3,pilot_fractions,early,frustrated,0
e40f8ff81d570ca2390a,MiniMax-M3,MiniMax-M3,worked_explanation,1,MiniMax-M3,pilot_fractions,early,frustrated,0
e40f8ff81d570ca2390a,MiniMax-M3,MiniMax-M3,reasoning_elicitation,0,MiniMax-M3,pilot_fractions,early,frustrated,0
e40f8ff81d570ca2390a,MiniMax-M3,MiniMax-M3,learner_choice,1,MiniMax-M3,pilot_fractions,early,frustrated,0
e40f8ff81d570ca2390a,MiniMax-M3,MiniMax-M3,affect_acknowledgement,1,MiniMax-M3,pilot_fractions,early,frustrated,0
e40f8ff81d570ca2390a,MiniMax-M3,MiniMax-M3,epistemic_qualification,0,MiniMax-M3,pilot_fractions,early,frustrated,0
e40f8ff81d570ca2390a,MiniMax-M3,MiniMax-M3,information_request,0,MiniMax-M3,pilot_fractions,early,frustrated,0
e40f8ff81d570ca2390a,MiniMax-M3,MiniMax-M3,unsupported_ability_claim,0,MiniMax-M3,pilot_fractions,early,frustrated,0
d20f03487a8dba323632,deepseek-v4-pro,deepseek-v4-pro,answer_reveal,1,doubao-seed-2.0-lite,pilot_equation,early,calm,0
d20f03487a8dba323632,deepseek-v4-pro,deepseek-v4-pro,worked_explanation,1,doubao-seed-2.0-lite,pilot_equation,early,calm,0
d20f03487a8dba323632,deepseek-v4-pro,deepseek-v4-pro,reasoning_elicitation,0,doubao-seed-2.0-lite,pilot_equation,early,calm,0
d20f03487a8dba323632,deepseek-v4-pro,deepseek-v4-pro,learner_choice,0,doubao-seed-2.0-lite,pilot_equation,early,calm,0
d20f03487a8dba323632,deepseek-v4-pro,deepseek-v4-pro,affect_acknowledgement,1,doubao-seed-2.0-lite,pilot_equation,early,calm,0
d20f03487a8dba323632,deepseek-v4-pro,deepseek-v4-pro,epistemic_qualification,0,doubao-seed-2.0-lite,pilot_equation,early,calm,0
d20f03487a8dba323632,deepseek-v4-pro,deepseek-v4-pro,information_request,0,doubao-seed-2.0-lite,pilot_equation,early,calm,0
d20f03487a8dba323632,deepseek-v4-pro,deepseek-v4-pro,unsupported_ability_claim,0,doubao-seed-2.0-lite,pilot_equation,early,calm,0
a57f3e700321f6075726,MiniMax-M3,MiniMax-M3,answer_reveal,1,doubao-seed-2.0-lite,pilot_fractions,late,calm,1
a57f3e700321f6075726,MiniMax-M3,MiniMax-M3,worked_explanation,1,doubao-seed-2.0-lite,pilot_fractions,late,calm,1
a57f3e700321f6075726,MiniMax-M3,MiniMax-M3,reasoning_elicitation,0,doubao-seed-2.0-lite,pilot_fractions,late,calm,1
a57f3e700321f6075726,MiniMax-M3,MiniMax-M3,learner_choice,0,doubao-seed-2.0-lite,pilot_fractions,late,calm,1
a57f3e700321f6075726,MiniMax-M3,MiniMax-M3,affect_acknowledgement,0,doubao-seed-2.0-lite,pilot_fractions,late,calm,1
a57f3e700321f6075726,MiniMax-M3,MiniMax-M3,epistemic_qualification,0,doubao-seed-2.0-lite,pilot_fractions,late,calm,1
a57f3e700321f6075726,MiniMax-M3,MiniMax-M3,information_request,0,doubao-seed-2.0-lite,pilot_fractions,late,calm,1
a57f3e700321f6075726,MiniMax-M3,MiniMax-M3,unsupported_ability_claim,0,doubao-seed-2.0-lite,pilot_fractions,late,calm,1
eb0e1d3270b6b85ea0ed,MiniMax-M3,MiniMax-M3,answer_reveal,1,MiniMax-M3,pilot_equation,early,frustrated,1
eb0e1d3270b6b85ea0ed,MiniMax-M3,MiniMax-M3,worked_explanation,1,MiniMax-M3,pilot_equation,early,frustrated,1
eb0e1d3270b6b85ea0ed,MiniMax-M3,MiniMax-M3,reasoning_elicitation,0,MiniMax-M3,pilot_equation,early,frustrated,1
eb0e1d3270b6b85ea0ed,MiniMax-M3,MiniMax-M3,learner_choice,0,MiniMax-M3,pilot_equation,early,frustrated,1
eb0e1d3270b6b85ea0ed,MiniMax-M3,MiniMax-M3,affect_acknowledgement,1,MiniMax-M3,pilot_equation,early,frustrated,1
eb0e1d3270b6b85ea0ed,MiniMax-M3,MiniMax-M3,epistemic_qualification,0,MiniMax-M3,pilot_equation,early,frustrated,1
eb0e1d3270b6b85ea0ed,MiniMax-M3,MiniMax-M3,information_request,0,MiniMax-M3,pilot_equation,early,frustrated,1
eb0e1d3270b6b85ea0ed,MiniMax-M3,MiniMax-M3,unsupported_ability_claim,0,MiniMax-M3,pilot_equation,early,frustrated,1
07b147af9ee3e40c35f4,glm-5.3,glm-5.3,answer_reveal,1,MiniMax-M2.7,pilot_causal_claim,early,frustrated,0
07b147af9ee3e40c35f4,glm-5.3,glm-5.3,worked_explanation,1,MiniMax-M2.7,pilot_causal_claim,early,frustrated,0
07b147af9ee3e40c35f4,glm-5.3,glm-5.3,reasoning_elicitation,1,MiniMax-M2.7,pilot_causal_claim,early,frustrated,0
07b147af9ee3e40c35f4,glm-5.3,glm-5.3,learner_choice,0,MiniMax-M2.7,pilot_causal_claim,early,frustrated,0
07b147af9ee3e40c35f4,glm-5.3,glm-5.3,affect_acknowledgement,1,MiniMax-M2.7,pilot_causal_claim,early,frustrated,0
07b147af9ee3e40c35f4,glm-5.3,glm-5.3,epistemic_qualification,1,MiniMax-M2.7,pilot_causal_claim,early,frustrated,0
07b147af9ee3e40c35f4,glm-5.3,glm-5.3,information_request,0,MiniMax-M2.7,pilot_causal_claim,early,frustrated,0
07b147af9ee3e40c35f4,glm-5.3,glm-5.3,unsupported_ability_claim,0,MiniMax-M2.7,pilot_causal_claim,early,frustrated,0
5db3274137a245350137,MiniMax-M3,MiniMax-M3,answer_reveal,1,doubao-seed-2.0-lite,pilot_density,early,calm,0
5db3274137a245350137,MiniMax-M3,MiniMax-M3,worked_explanation,1,doubao-seed-2.0-lite,pilot_density,early,calm,0
5db3274137a245350137,MiniMax-M3,MiniMax-M3,reasoning_elicitation,0,doubao-seed-2.0-lite,pilot_density,early,calm,0
5db3274137a245350137,MiniMax-M3,MiniMax-M3,learner_choice,0,doubao-seed-2.0-lite,pilot_density,early,calm,0
5db3274137a245350137,MiniMax-M3,MiniMax-M3,affect_acknowledgement,0,doubao-seed-2.0-lite,pilot_density,early,calm,0
5db3274137a245350137,MiniMax-M3,MiniMax-M3,epistemic_qualification,0,doubao-seed-2.0-lite,pilot_density,early,calm,0
5db3274137a245350137,MiniMax-M3,MiniMax-M3,information_request,0,doubao-seed-2.0-lite,pilot_density,early,calm,0
5db3274137a245350137,MiniMax-M3,MiniMax-M3,unsupported_ability_claim,0,doubao-seed-2.0-lite,pilot_density,early,calm,0
9b38451e3f725056f428,deepseek-v4-pro,deepseek-v4-pro,answer_reveal,1,doubao-seed-2.0-lite,pilot_density,early,frustrated,1
9b38451e3f725056f428,deepseek-v4-pro,deepseek-v4-pro,worked_explanation,1,doubao-seed-2.0-lite,pilot_density,early,frustrated,1
9b38451e3f725056f428,deepseek-v4-pro,deepseek-v4-pro,reasoning_elicitation,0,doubao-seed-2.0-lite,pilot_density,early,frustrated,1
9b38451e3f725056f428,deepseek-v4-pro,deepseek-v4-pro,learner_choice,0,doubao-seed-2.0-lite,pilot_density,early,frustrated,1
9b38451e3f725056f428,deepseek-v4-pro,deepseek-v4-pro,affect_acknowledgement,1,doubao-seed-2.0-lite,pilot_density,early,frustrated,1
9b38451e3f725056f428,deepseek-v4-pro,deepseek-v4-pro,epistemic_qualification,0,doubao-seed-2.0-lite,pilot_density,early,frustrated,1
9b38451e3f725056f428,deepseek-v4-pro,deepseek-v4-pro,information_request,0,doubao-seed-2.0-lite,pilot_density,early,frustrated,1
9b38451e3f725056f428,deepseek-v4-pro,deepseek-v4-pro,unsupported_ability_claim,0,doubao-seed-2.0-lite,pilot_density,early,frustrated,1
2b24c41786a09c5cea47,MiniMax-M3,MiniMax-M3,answer_reveal,1,deepseek-v4-pro,pilot_fractions,early,frustrated,0
2b24c41786a09c5cea47,MiniMax-M3,MiniMax-M3,worked_explanation,1,deepseek-v4-pro,pilot_fractions,early,frustrated,0
2b24c41786a09c5cea47,MiniMax-M3,MiniMax-M3,reasoning_elicitation,0,deepseek-v4-pro,pilot_fractions,early,frustrated,0
2b24c41786a09c5cea47,MiniMax-M3,MiniMax-M3,learner_choice,0,deepseek-v4-pro,pilot_fractions,early,frustrated,0
2b24c41786a09c5cea47,MiniMax-M3,MiniMax-M3,affect_acknowledgement,1,deepseek-v4-pro,pilot_fractions,early,frustrated,0
2b24c41786a09c5cea47,MiniMax-M3,MiniMax-M3,epistemic_qualification,0,deepseek-v4-pro,pilot_fractions,early,frustrated,0
2b24c41786a09c5cea47,MiniMax-M3,MiniMax-M3,information_request,0,deepseek-v4-pro,pilot_fractions,early,frustrated,0
2b24c41786a09c5cea47,MiniMax-M3,MiniMax-M3,unsupported_ability_claim,0,deepseek-v4-pro,pilot_fractions,early,frustrated,0
8be4a2fe48d21a92768e,deepseek-v4-pro,deepseek-v4-pro,answer_reveal,1,glm-5.2,pilot_density,late,frustrated,0
8be4a2fe48d21a92768e,deepseek-v4-pro,deepseek-v4-pro,worked_explanation,1,glm-5.2,pilot_density,late,frustrated,0
8be4a2fe48d21a92768e,deepseek-v4-pro,deepseek-v4-pro,reasoning_elicitation,1,glm-5.2,pilot_density,late,frustrated,0
8be4a2fe48d21a92768e,deepseek-v4-pro,deepseek-v4-pro,learner_choice,0,glm-5.2,pilot_density,late,frustrated,0
8be4a2fe48d21a92768e,deepseek-v4-pro,deepseek-v4-pro,affect_acknowledgement,1,glm-5.2,pilot_density,late,frustrated,0
8be4a2fe48d21a92768e,deepseek-v4-pro,deepseek-v4-pro,epistemic_qualification,0,glm-5.2,pilot_density,late,frustrated,0
8be4a2fe48d21a92768e,deepseek-v4-pro,deepseek-v4-pro,information_request,0,glm-5.2,pilot_density,late,frustrated,0
8be4a2fe48d21a92768e,deepseek-v4-pro,deepseek-v4-pro,unsupported_ability_claim,0,glm-5.2,pilot_density,late,frustrated,0
3a56c500a46c715f68ca,deepseek-v4-pro,deepseek-v4-pro,answer_reveal,1,MiniMax-M2.7,pilot_equation,early,frustrated,1
3a56c500a46c715f68ca,deepseek-v4-pro,deepseek-v4-pro,worked_explanation,1,MiniMax-M2.7,pilot_equation,early,frustrated,1
3a56c500a46c715f68ca,deepseek-v4-pro,deepseek-v4-pro,reasoning_elicitation,0,MiniMax-M2.7,pilot_equation,early,frustrated,1
3a56c500a46c715f68ca,deepseek-v4-pro,deepseek-v4-pro,learner_choice,1,MiniMax-M2.7,pilot_equation,early,frustrated,1
3a56c500a46c715f68ca,deepseek-v4-pro,deepseek-v4-pro,affect_acknowledgement,1,MiniMax-M2.7,pilot_equation,early,frustrated,1
3a56c500a46c715f68ca,deepseek-v4-pro,deepseek-v4-pro,epistemic_qualification,0,MiniMax-M2.7,pilot_equation,early,frustrated,1
3a56c500a46c715f68ca,deepseek-v4-pro,deepseek-v4-pro,information_request,0,MiniMax-M2.7,pilot_equation,early,frustrated,1
3a56c500a46c715f68ca,deepseek-v4-pro,deepseek-v4-pro,unsupported_ability_claim,1,MiniMax-M2.7,pilot_equation,early,frustrated,1
4d32c7535150f80f34b5,deepseek-v4-pro,deepseek-v4-pro,answer_reveal,1,MiniMax-M3,pilot_equation,late,frustrated,1
4d32c7535150f80f34b5,deepseek-v4-pro,deepseek-v4-pro,worked_explanation,1,MiniMax-M3,pilot_equation,late,frustrated,1
4d32c7535150f80f34b5,deepseek-v4-pro,deepseek-v4-pro,reasoning_elicitation,1,MiniMax-M3,pilot_equation,late,frustrated,1
4d32c7535150f80f34b5,deepseek-v4-pro,deepseek-v4-pro,learner_choice,1,MiniMax-M3,pilot_equation,late,frustrated,1
4d32c7535150f80f34b5,deepseek-v4-pro,deepseek-v4-pro,affect_acknowledgement,1,MiniMax-M3,pilot_equation,late,frustrated,1
4d32c7535150f80f34b5,deepseek-v4-pro,deepseek-v4-pro,epistemic_qualification,1,MiniMax-M3,pilot_equation,late,frustrated,1
4d32c7535150f80f34b5,deepseek-v4-pro,deepseek-v4-pro,information_request,0,MiniMax-M3,pilot_equation,late,frustrated,1
4d32c7535150f80f34b5,deepseek-v4-pro,deepseek-v4-pro,unsupported_ability_claim,1,MiniMax-M3,pilot_equation,late,frustrated,1
d6140f7c8d1585300972,glm-5.3,glm-5.3,answer_reveal,1,MiniMax-M2.7,pilot_equation,early,calm,0
d6140f7c8d1585300972,glm-5.3,glm-5.3,worked_explanation,1,MiniMax-M2.7,pilot_equation,early,calm,0
d6140f7c8d1585300972,glm-5.3,glm-5.3,reasoning_elicitation,0,MiniMax-M2.7,pilot_equation,early,calm,0
d6140f7c8d1585300972,glm-5.3,glm-5.3,learner_choice,0,MiniMax-M2.7,pilot_equation,early,calm,0
d6140f7c8d1585300972,glm-5.3,glm-5.3,affect_acknowledgement,0,MiniMax-M2.7,pilot_equation,early,calm,0
d6140f7c8d1585300972,glm-5.3,glm-5.3,epistemic_qualification,0,MiniMax-M2.7,pilot_equation,early,calm,0
d6140f7c8d1585300972,glm-5.3,glm-5.3,information_request,0,MiniMax-M2.7,pilot_equation,early,calm,0
d6140f7c8d1585300972,glm-5.3,glm-5.3,unsupported_ability_claim,0,MiniMax-M2.7,pilot_equation,early,calm,0
1b2a52778d56eacdf3c0,deepseek-v4-pro,deepseek-v4-pro,answer_reveal,1,doubao-seed-2.0-lite,pilot_causal_claim,early,frustrated,0
1b2a52778d56eacdf3c0,deepseek-v4-pro,deepseek-v4-pro,worked_explanation,1,doubao-seed-2.0-lite,pilot_causal_claim,early,frustrated,0
1b2a52778d56eacdf3c0,deepseek-v4-pro,deepseek-v4-pro,reasoning_elicitation,0,doubao-seed-2.0-lite,pilot_causal_claim,early,frustrated,0
1b2a52778d56eacdf3c0,deepseek-v4-pro,deepseek-v4-pro,learner_choice,0,doubao-seed-2.0-lite,pilot_causal_claim,early,frustrated,0
1b2a52778d56eacdf3c0,deepseek-v4-pro,deepseek-v4-pro,affect_acknowledgement,1,doubao-seed-2.0-lite,pilot_causal_claim,early,frustrated,0
1b2a52778d56eacdf3c0,deepseek-v4-pro,deepseek-v4-pro,epistemic_qualification,1,doubao-seed-2.0-lite,pilot_causal_claim,early,frustrated,0
1b2a52778d56eacdf3c0,deepseek-v4-pro,deepseek-v4-pro,information_request,0,doubao-seed-2.0-lite,pilot_causal_claim,early,frustrated,0
1b2a52778d56eacdf3c0,deepseek-v4-pro,deepseek-v4-pro,unsupported_ability_claim,0,doubao-seed-2.0-lite,pilot_causal_claim,early,frustrated,0
cbb96650f2c667a0099f,MiniMax-M3,MiniMax-M3,answer_reveal,0,glm-5.2,pilot_causal_claim,late,calm,0
cbb96650f2c667a0099f,MiniMax-M3,MiniMax-M3,worked_explanation,1,glm-5.2,pilot_causal_claim,late,calm,0
cbb96650f2c667a0099f,MiniMax-M3,MiniMax-M3,reasoning_elicitation,1,glm-5.2,pilot_causal_claim,late,calm,0
cbb96650f2c667a0099f,MiniMax-M3,MiniMax-M3,learner_choice,0,glm-5.2,pilot_causal_claim,late,calm,0
cbb96650f2c667a0099f,MiniMax-M3,MiniMax-M3,affect_acknowledgement,0,glm-5.2,pilot_causal_claim,late,calm,0
cbb96650f2c667a0099f,MiniMax-M3,MiniMax-M3,epistemic_qualification,1,glm-5.2,pilot_causal_claim,late,calm,0
cbb96650f2c667a0099f,MiniMax-M3,MiniMax-M3,information_request,0,glm-5.2,pilot_causal_claim,late,calm,0
cbb96650f2c667a0099f,MiniMax-M3,MiniMax-M3,unsupported_ability_claim,0,glm-5.2,pilot_causal_claim,late,calm,0
8efd5cd3ea1c2d6b0059,glm-5.3,glm-5.3,answer_reveal,1,MiniMax-M3,pilot_equation,early,calm,0
8efd5cd3ea1c2d6b0059,glm-5.3,glm-5.3,worked_explanation,1,MiniMax-M3,pilot_equation,early,calm,0
8efd5cd3ea1c2d6b0059,glm-5.3,glm-5.3,reasoning_elicitation,0,MiniMax-M3,pilot_equation,early,calm,0
8efd5cd3ea1c2d6b0059,glm-5.3,glm-5.3,learner_choice,0,MiniMax-M3,pilot_equation,early,calm,0
8efd5cd3ea1c2d6b0059,glm-5.3,glm-5.3,affect_acknowledgement,1,MiniMax-M3,pilot_equation,early,calm,0
8efd5cd3ea1c2d6b0059,glm-5.3,glm-5.3,epistemic_qualification,0,MiniMax-M3,pilot_equation,early,calm,0
8efd5cd3ea1c2d6b0059,glm-5.3,glm-5.3,information_request,0,MiniMax-M3,pilot_equation,early,calm,0
8efd5cd3ea1c2d6b0059,glm-5.3,glm-5.3,unsupported_ability_claim,0,MiniMax-M3,pilot_equation,early,calm,0
37a41187fe8703f43f63,deepseek-v4-pro,deepseek-v4-pro,answer_reveal,1,doubao-seed-2.0-lite,pilot_density,late,frustrated,0
37a41187fe8703f43f63,deepseek-v4-pro,deepseek-v4-pro,worked_explanation,1,doubao-seed-2.0-lite,pilot_density,late,frustrated,0
37a41187fe8703f43f63,deepseek-v4-pro,deepseek-v4-pro,reasoning_elicitation,0,doubao-seed-2.0-lite,pilot_density,late,frustrated,0
37a41187fe8703f43f63,deepseek-v4-pro,deepseek-v4-pro,learner_choice,0,doubao-seed-2.0-lite,pilot_density,late,frustrated,0
37a41187fe8703f43f63,deepseek-v4-pro,deepseek-v4-pro,affect_acknowledgement,1,doubao-seed-2.0-lite,pilot_density,late,frustrated,0
37a41187fe8703f43f63,deepseek-v4-pro,deepseek-v4-pro,epistemic_qualification,0,doubao-seed-2.0-lite,pilot_density,late,frustrated,0
37a41187fe8703f43f63,deepseek-v4-pro,deepseek-v4-pro,information_request,0,doubao-seed-2.0-lite,pilot_density,late,frustrated,0
37a41187fe8703f43f63,deepseek-v4-pro,deepseek-v4-pro,unsupported_ability_claim,1,doubao-seed-2.0-lite,pilot_density,late,frustrated,0
eb0e1d3270b6b85ea0ed,glm-5.3,glm-5.3,answer_reveal,1,MiniMax-M3,pilot_equation,early,frustrated,1
eb0e1d3270b6b85ea0ed,glm-5.3,glm-5.3,worked_explanation,1,MiniMax-M3,pilot_equation,early,frustrated,1
eb0e1d3270b6b85ea0ed,glm-5.3,glm-5.3,reasoning_elicitation,1,MiniMax-M3,pilot_equation,early,frustrated,1
eb0e1d3270b6b85ea0ed,glm-5.3,glm-5.3,learner_choice,0,MiniMax-M3,pilot_equation,early,frustrated,1
eb0e1d3270b6b85ea0ed,glm-5.3,glm-5.3,affect_acknowledgement,1,MiniMax-M3,pilot_equation,early,frustrated,1
eb0e1d3270b6b85ea0ed,glm-5.3,glm-5.3,epistemic_qualification,0,MiniMax-M3,pilot_equation,early,frustrated,1
eb0e1d3270b6b85ea0ed,glm-5.3,glm-5.3,information_request,0,MiniMax-M3,pilot_equation,early,frustrated,1
eb0e1d3270b6b85ea0ed,glm-5.3,glm-5.3,unsupported_ability_claim,0,MiniMax-M3,pilot_equation,early,frustrated,1
e741484691388821e7a1,MiniMax-M3,MiniMax-M3,answer_reveal,1,MiniMax-M3,pilot_causal_claim,early,frustrated,0
e741484691388821e7a1,MiniMax-M3,MiniMax-M3,worked_explanation,1,MiniMax-M3,pilot_causal_claim,early,frustrated,0
e741484691388821e7a1,MiniMax-M3,MiniMax-M3,reasoning_elicitation,1,MiniMax-M3,pilot_causal_claim,early,frustrated,0
e741484691388821e7a1,MiniMax-M3,MiniMax-M3,learner_choice,0,MiniMax-M3,pilot_causal_claim,early,frustrated,0
e741484691388821e7a1,MiniMax-M3,MiniMax-M3,affect_acknowledgement,0,MiniMax-M3,pilot_causal_claim,early,frustrated,0
e741484691388821e7a1,MiniMax-M3,MiniMax-M3,epistemic_qualification,1,MiniMax-M3,pilot_causal_claim,early,frustrated,0
e741484691388821e7a1,MiniMax-M3,MiniMax-M3,information_request,0,MiniMax-M3,pilot_causal_claim,early,frustrated,0
e741484691388821e7a1,MiniMax-M3,MiniMax-M3,unsupported_ability_claim,1,MiniMax-M3,pilot_causal_claim,early,frustrated,0
847834d66b1c19d75c4a,MiniMax-M3,MiniMax-M3,answer_reveal,1,deepseek-v4-pro,pilot_equation,early,frustrated,1
847834d66b1c19d75c4a,MiniMax-M3,MiniMax-M3,worked_explanation,1,deepseek-v4-pro,pilot_equation,early,frustrated,1
847834d66b1c19d75c4a,MiniMax-M3,MiniMax-M3,reasoning_elicitation,0,deepseek-v4-pro,pilot_equation,early,frustrated,1
847834d66b1c19d75c4a,MiniMax-M3,MiniMax-M3,learner_choice,0,deepseek-v4-pro,pilot_equation,early,frustrated,1
847834d66b1c19d75c4a,MiniMax-M3,MiniMax-M3,affect_acknowledgement,1,deepseek-v4-pro,pilot_equation,early,frustrated,1
847834d66b1c19d75c4a,MiniMax-M3,MiniMax-M3,epistemic_qualification,0,deepseek-v4-pro,pilot_equation,early,frustrated,1
847834d66b1c19d75c4a,MiniMax-M3,MiniMax-M3,information_request,0,deepseek-v4-pro,pilot_equation,early,frustrated,1
847834d66b1c19d75c4a,MiniMax-M3,MiniMax-M3,unsupported_ability_claim,1,deepseek-v4-pro,pilot_equation,early,frustrated,1
09ee3c79cec447d7cf01,MiniMax-M3,MiniMax-M3,answer_reveal,1,MiniMax-M2.7,pilot_fractions,late,frustrated,0
09ee3c79cec447d7cf01,MiniMax-M3,MiniMax-M3,worked_explanation,1,MiniMax-M2.7,pilot_fractions,late,frustrated,0
09ee3c79cec447d7cf01,MiniMax-M3,MiniMax-M3,reasoning_elicitation,0,MiniMax-M2.7,pilot_fractions,late,frustrated,0
09ee3c79cec447d7cf01,MiniMax-M3,MiniMax-M3,learner_choice,0,MiniMax-M2.7,pilot_fractions,late,frustrated,0
09ee3c79cec447d7cf01,MiniMax-M3,MiniMax-M3,affect_acknowledgement,0,MiniMax-M2.7,pilot_fractions,late,frustrated,0
09ee3c79cec447d7cf01,MiniMax-M3,MiniMax-M3,epistemic_qualification,0,MiniMax-M2.7,pilot_fractions,late,frustrated,0
09ee3c79cec447d7cf01,MiniMax-M3,MiniMax-M3,information_request,0,MiniMax-M2.7,pilot_fractions,late,frustrated,0
09ee3c79cec447d7cf01,MiniMax-M3,MiniMax-M3,unsupported_ability_claim,0,MiniMax-M2.7,pilot_fractions,late,frustrated,0
e70d78e4b91971438c74,deepseek-v4-pro,deepseek-v4-pro,answer_reveal,1,doubao-seed-2.0-lite,pilot_equation,early,frustrated,0
e70d78e4b91971438c74,deepseek-v4-pro,deepseek-v4-pro,worked_explanation,1,doubao-seed-2.0-lite,pilot_equation,early,frustrated,0
e70d78e4b91971438c74,deepseek-v4-pro,deepseek-v4-pro,reasoning_elicitation,0,doubao-seed-2.0-lite,pilot_equation,early,frustrated,0
e70d78e4b91971438c74,deepseek-v4-pro,deepseek-v4-pro,learner_choice,0,doubao-seed-2.0-lite,pilot_equation,early,frustrated,0
e70d78e4b91971438c74,deepseek-v4-pro,deepseek-v4-pro,affect_acknowledgement,1,doubao-seed-2.0-lite,pilot_equation,early,frustrated,0
e70d78e4b91971438c74,deepseek-v4-pro,deepseek-v4-pro,epistemic_qualification,0,doubao-seed-2.0-lite,pilot_equation,early,frustrated,0
e70d78e4b91971438c74,deepseek-v4-pro,deepseek-v4-pro,information_request,0,doubao-seed-2.0-lite,pilot_equation,early,frustrated,0
e70d78e4b91971438c74,deepseek-v4-pro,deepseek-v4-pro,unsupported_ability_claim,0,doubao-seed-2.0-lite,pilot_equation,early,frustrated,0
8fb01410b4257208ee79,MiniMax-M3,MiniMax-M3,answer_reveal,0,MiniMax-M2.7,pilot_causal_claim,early,calm,1
8fb01410b4257208ee79,MiniMax-M3,MiniMax-M3,worked_explanation,1,MiniMax-M2.7,pilot_causal_claim,early,calm,1
8fb01410b4257208ee79,MiniMax-M3,MiniMax-M3,reasoning_elicitation,1,MiniMax-M2.7,pilot_causal_claim,early,calm,1
8fb01410b4257208ee79,MiniMax-M3,MiniMax-M3,learner_choice,0,MiniMax-M2.7,pilot_causal_claim,early,calm,1
8fb01410b4257208ee79,MiniMax-M3,MiniMax-M3,affect_acknowledgement,0,MiniMax-M2.7,pilot_causal_claim,early,calm,1
8fb01410b4257208ee79,MiniMax-M3,MiniMax-M3,epistemic_qualification,0,MiniMax-M2.7,pilot_causal_claim,early,calm,1
8fb01410b4257208ee79,MiniMax-M3,MiniMax-M3,information_request,0,MiniMax-M2.7,pilot_causal_claim,early,calm,1
8fb01410b4257208ee79,MiniMax-M3,MiniMax-M3,unsupported_ability_claim,0,MiniMax-M2.7,pilot_causal_claim,early,calm,1
80e89e351d401ddac677,deepseek-v4-pro,deepseek-v4-pro,answer_reveal,1,deepseek-v4-pro,pilot_equation,early,calm,1
80e89e351d401ddac677,deepseek-v4-pro,deepseek-v4-pro,worked_explanation,1,deepseek-v4-pro,pilot_equation,early,calm,1
80e89e351d401ddac677,deepseek-v4-pro,deepseek-v4-pro,reasoning_elicitation,0,deepseek-v4-pro,pilot_equation,early,calm,1
80e89e351d401ddac677,deepseek-v4-pro,deepseek-v4-pro,learner_choice,0,deepseek-v4-pro,pilot_equation,early,calm,1
80e89e351d401ddac677,deepseek-v4-pro,deepseek-v4-pro,affect_acknowledgement,1,deepseek-v4-pro,pilot_equation,early,calm,1
80e89e351d401ddac677,deepseek-v4-pro,deepseek-v4-pro,epistemic_qualification,0,deepseek-v4-pro,pilot_equation,early,calm,1
80e89e351d401ddac677,deepseek-v4-pro,deepseek-v4-pro,information_request,0,deepseek-v4-pro,pilot_equation,early,calm,1
80e89e351d401ddac677,deepseek-v4-pro,deepseek-v4-pro,unsupported_ability_claim,0,deepseek-v4-pro,pilot_equation,early,calm,1
8a8d9288be211adc801e,MiniMax-M3,MiniMax-M3,answer_reveal,1,doubao-seed-2.0-lite,pilot_fractions,early,frustrated,0
8a8d9288be211adc801e,MiniMax-M3,MiniMax-M3,worked_explanation,1,doubao-seed-2.0-lite,pilot_fractions,early,frustrated,0
8a8d9288be211adc801e,MiniMax-M3,MiniMax-M3,reasoning_elicitation,0,doubao-seed-2.0-lite,pilot_fractions,early,frustrated,0
8a8d9288be211adc801e,MiniMax-M3,MiniMax-M3,learner_choice,0,doubao-seed-2.0-lite,pilot_fractions,early,frustrated,0
8a8d9288be211adc801e,MiniMax-M3,MiniMax-M3,affect_acknowledgement,1,doubao-seed-2.0-lite,pilot_fractions,early,frustrated,0
8a8d9288be211adc801e,MiniMax-M3,MiniMax-M3,epistemic_qualification,0,doubao-seed-2.0-lite,pilot_fractions,early,frustrated,0
8a8d9288be211adc801e,MiniMax-M3,MiniMax-M3,information_request,0,doubao-seed-2.0-lite,pilot_fractions,early,frustrated,0
8a8d9288be211adc801e,MiniMax-M3,MiniMax-M3,unsupported_ability_claim,0,doubao-seed-2.0-lite,pilot_fractions,early,frustrated,0
4918ca2110b5676eb25b,deepseek-v4-pro,deepseek-v4-pro,answer_reveal,1,deepseek-v4-pro,pilot_causal_claim,late,calm,0
4918ca2110b5676eb25b,deepseek-v4-pro,deepseek-v4-pro,worked_explanation,1,deepseek-v4-pro,pilot_causal_claim,late,calm,0
4918ca2110b5676eb25b,deepseek-v4-pro,deepseek-v4-pro,reasoning_elicitation,1,deepseek-v4-pro,pilot_causal_claim,late,calm,0
4918ca2110b5676eb25b,deepseek-v4-pro,deepseek-v4-pro,learner_choice,0,deepseek-v4-pro,pilot_causal_claim,late,calm,0
4918ca2110b5676eb25b,deepseek-v4-pro,deepseek-v4-pro,affect_acknowledgement,1,deepseek-v4-pro,pilot_causal_claim,late,calm,0
4918ca2110b5676eb25b,deepseek-v4-pro,deepseek-v4-pro,epistemic_qualification,1,deepseek-v4-pro,pilot_causal_claim,late,calm,0
4918ca2110b5676eb25b,deepseek-v4-pro,deepseek-v4-pro,information_request,0,deepseek-v4-pro,pilot_causal_claim,late,calm,0
4918ca2110b5676eb25b,deepseek-v4-pro,deepseek-v4-pro,unsupported_ability_claim,0,deepseek-v4-pro,pilot_causal_claim,late,calm,0
fa3a15141f6ccec1bbd4,MiniMax-M3,MiniMax-M3,answer_reveal,1,MiniMax-M3,pilot_causal_claim,late,frustrated,1
fa3a15141f6ccec1bbd4,MiniMax-M3,MiniMax-M3,worked_explanation,1,MiniMax-M3,pilot_causal_claim,late,frustrated,1
fa3a15141f6ccec1bbd4,MiniMax-M3,MiniMax-M3,reasoning_elicitation,0,MiniMax-M3,pilot_causal_claim,late,frustrated,1
fa3a15141f6ccec1bbd4,MiniMax-M3,MiniMax-M3,learner_choice,0,MiniMax-M3,pilot_causal_claim,late,frustrated,1
fa3a15141f6ccec1bbd4,MiniMax-M3,MiniMax-M3,affect_acknowledgement,1,MiniMax-M3,pilot_causal_claim,late,frustrated,1
fa3a15141f6ccec1bbd4,MiniMax-M3,MiniMax-M3,epistemic_qualification,1,MiniMax-M3,pilot_causal_claim,late,frustrated,1
fa3a15141f6ccec1bbd4,MiniMax-M3,MiniMax-M3,information_request,0,MiniMax-M3,pilot_causal_claim,late,frustrated,1
fa3a15141f6ccec1bbd4,MiniMax-M3,MiniMax-M3,unsupported_ability_claim,1,MiniMax-M3,pilot_causal_claim,late,frustrated,1
71fc550d202d11884918,glm-5.3,glm-5.3,answer_reveal,1,doubao-seed-2.0-lite,pilot_causal_claim,early,calm,1
71fc550d202d11884918,glm-5.3,glm-5.3,worked_explanation,1,doubao-seed-2.0-lite,pilot_causal_claim,early,calm,1
71fc550d202d11884918,glm-5.3,glm-5.3,reasoning_elicitation,0,doubao-seed-2.0-lite,pilot_causal_claim,early,calm,1
71fc550d202d11884918,glm-5.3,glm-5.3,learner_choice,0,doubao-seed-2.0-lite,pilot_causal_claim,early,calm,1
71fc550d202d11884918,glm-5.3,glm-5.3,affect_acknowledgement,0,doubao-seed-2.0-lite,pilot_causal_claim,early,calm,1
71fc550d202d11884918,glm-5.3,glm-5.3,epistemic_qualification,1,doubao-seed-2.0-lite,pilot_causal_claim,early,calm,1
71fc550d202d11884918,glm-5.3,glm-5.3,information_request,0,doubao-seed-2.0-lite,pilot_causal_claim,early,calm,1
71fc550d202d11884918,glm-5.3,glm-5.3,unsupported_ability_claim,0,doubao-seed-2.0-lite,pilot_causal_claim,early,calm,1
2dd614f61c7e8b71ee56,deepseek-v4-pro,deepseek-v4-pro,answer_reveal,1,doubao-seed-2.0-lite,pilot_fractions,early,calm,0
2dd614f61c7e8b71ee56,deepseek-v4-pro,deepseek-v4-pro,worked_explanation,1,doubao-seed-2.0-lite,pilot_fractions,early,calm,0
2dd614f61c7e8b71ee56,deepseek-v4-pro,deepseek-v4-pro,reasoning_elicitation,0,doubao-seed-2.0-lite,pilot_fractions,early,calm,0
2dd614f61c7e8b71ee56,deepseek-v4-pro,deepseek-v4-pro,learner_choice,0,doubao-seed-2.0-lite,pilot_fractions,early,calm,0
2dd614f61c7e8b71ee56,deepseek-v4-pro,deepseek-v4-pro,affect_acknowledgement,0,doubao-seed-2.0-lite,pilot_fractions,early,calm,0
2dd614f61c7e8b71ee56,deepseek-v4-pro,deepseek-v4-pro,epistemic_qualification,0,doubao-seed-2.0-lite,pilot_fractions,early,calm,0
2dd614f61c7e8b71ee56,deepseek-v4-pro,deepseek-v4-pro,information_request,0,doubao-seed-2.0-lite,pilot_fractions,early,calm,0
2dd614f61c7e8b71ee56,deepseek-v4-pro,deepseek-v4-pro,unsupported_ability_claim,0,doubao-seed-2.0-lite,pilot_fractions,early,calm,0
e741484691388821e7a1,deepseek-v4-pro,deepseek-v4-pro,answer_reveal,1,MiniMax-M3,pilot_causal_claim,early,frustrated,0
e741484691388821e7a1,deepseek-v4-pro,deepseek-v4-pro,worked_explanation,1,MiniMax-M3,pilot_causal_claim,early,frustrated,0
e741484691388821e7a1,deepseek-v4-pro,deepseek-v4-pro,reasoning_elicitation,1,MiniMax-M3,pilot_causal_claim,early,frustrated,0
e741484691388821e7a1,deepseek-v4-pro,deepseek-v4-pro,learner_choice,0,MiniMax-M3,pilot_causal_claim,early,frustrated,0
e741484691388821e7a1,deepseek-v4-pro,deepseek-v4-pro,affect_acknowledgement,1,MiniMax-M3,pilot_causal_claim,early,frustrated,0
e741484691388821e7a1,deepseek-v4-pro,deepseek-v4-pro,epistemic_qualification,1,MiniMax-M3,pilot_causal_claim,early,frustrated,0
e741484691388821e7a1,deepseek-v4-pro,deepseek-v4-pro,information_request,0,MiniMax-M3,pilot_causal_claim,early,frustrated,0
e741484691388821e7a1,deepseek-v4-pro,deepseek-v4-pro,unsupported_ability_claim,1,MiniMax-M3,pilot_causal_claim,early,frustrated,0
886f4bcfddee77744a83,glm-5.3,glm-5.3,answer_reveal,1,MiniMax-M3,pilot_causal_claim,late,frustrated,0
886f4bcfddee77744a83,glm-5.3,glm-5.3,worked_explanation,1,MiniMax-M3,pilot_causal_claim,late,frustrated,0
886f4bcfddee77744a83,glm-5.3,glm-5.3,reasoning_elicitation,1,MiniMax-M3,pilot_causal_claim,late,frustrated,0
886f4bcfddee77744a83,glm-5.3,glm-5.3,learner_choice,0,MiniMax-M3,pilot_causal_claim,late,frustrated,0
886f4bcfddee77744a83,glm-5.3,glm-5.3,affect_acknowledgement,1,MiniMax-M3,pilot_causal_claim,late,frustrated,0
886f4bcfddee77744a83,glm-5.3,glm-5.3,epistemic_qualification,1,MiniMax-M3,pilot_causal_claim,late,frustrated,0
886f4bcfddee77744a83,glm-5.3,glm-5.3,information_request,0,MiniMax-M3,pilot_causal_claim,late,frustrated,0
886f4bcfddee77744a83,glm-5.3,glm-5.3,unsupported_ability_claim,1,MiniMax-M3,pilot_causal_claim,late,frustrated,0
216b846d8089a6a00f90,deepseek-v4-pro,deepseek-v4-pro,answer_reveal,1,MiniMax-M2.7,pilot_equation,late,calm,0
216b846d8089a6a00f90,deepseek-v4-pro,deepseek-v4-pro,worked_explanation,1,MiniMax-M2.7,pilot_equation,late,calm,0
216b846d8089a6a00f90,deepseek-v4-pro,deepseek-v4-pro,reasoning_elicitation,0,MiniMax-M2.7,pilot_equation,late,calm,0
216b846d8089a6a00f90,deepseek-v4-pro,deepseek-v4-pro,learner_choice,0,MiniMax-M2.7,pilot_equation,late,calm,0
216b846d8089a6a00f90,deepseek-v4-pro,deepseek-v4-pro,affect_acknowledgement,0,MiniMax-M2.7,pilot_equation,late,calm,0
216b846d8089a6a00f90,deepseek-v4-pro,deepseek-v4-pro,epistemic_qualification,0,MiniMax-M2.7,pilot_equation,late,calm,0
216b846d8089a6a00f90,deepseek-v4-pro,deepseek-v4-pro,information_request,0,MiniMax-M2.7,pilot_equation,late,calm,0
216b846d8089a6a00f90,deepseek-v4-pro,deepseek-v4-pro,unsupported_ability_claim,0,MiniMax-M2.7,pilot_equation,late,calm,0
fc38c588ab5e0ec71131,MiniMax-M3,MiniMax-M3,answer_reveal,1,MiniMax-M3,pilot_equation,late,calm,1
fc38c588ab5e0ec71131,MiniMax-M3,MiniMax-M3,worked_explanation,1,MiniMax-M3,pilot_equation,late,calm,1
fc38c588ab5e0ec71131,MiniMax-M3,MiniMax-M3,reasoning_elicitation,0,MiniMax-M3,pilot_equation,late,calm,1
fc38c588ab5e0ec71131,MiniMax-M3,MiniMax-M3,learner_choice,0,MiniMax-M3,pilot_equation,late,calm,1
fc38c588ab5e0ec71131,MiniMax-M3,MiniMax-M3,affect_acknowledgement,1,MiniMax-M3,pilot_equation,late,calm,1
fc38c588ab5e0ec71131,MiniMax-M3,MiniMax-M3,epistemic_qualification,0,MiniMax-M3,pilot_equation,late,calm,1
fc38c588ab5e0ec71131,MiniMax-M3,MiniMax-M3,information_request,0,MiniMax-M3,pilot_equation,late,calm,1
fc38c588ab5e0ec71131,MiniMax-M3,MiniMax-M3,unsupported_ability_claim,1,MiniMax-M3,pilot_equation,late,calm,1
4d32c7535150f80f34b5,glm-5.3,glm-5.3,answer_reveal,1,MiniMax-M3,pilot_equation,late,frustrated,1
4d32c7535150f80f34b5,glm-5.3,glm-5.3,worked_explanation,1,MiniMax-M3,pilot_equation,late,frustrated,1
4d32c7535150f80f34b5,glm-5.3,glm-5.3,reasoning_elicitation,1,MiniMax-M3,pilot_equation,late,frustrated,1
4d32c7535150f80f34b5,glm-5.3,glm-5.3,learner_choice,0,MiniMax-M3,pilot_equation,late,frustrated,1
4d32c7535150f80f34b5,glm-5.3,glm-5.3,affect_acknowledgement,1,MiniMax-M3,pilot_equation,late,frustrated,1
4d32c7535150f80f34b5,glm-5.3,glm-5.3,epistemic_qualification,0,MiniMax-M3,pilot_equation,late,frustrated,1
4d32c7535150f80f34b5,glm-5.3,glm-5.3,information_request,0,MiniMax-M3,pilot_equation,late,frustrated,1
4d32c7535150f80f34b5,glm-5.3,glm-5.3,unsupported_ability_claim,1,MiniMax-M3,pilot_equation,late,frustrated,1
340ffcee3d9af24c5cb2,MiniMax-M3,MiniMax-M3,answer_reveal,1,doubao-seed-2.0-lite,pilot_causal_claim,early,calm,0
340ffcee3d9af24c5cb2,MiniMax-M3,MiniMax-M3,worked_explanation,1,doubao-seed-2.0-lite,pilot_causal_claim,early,calm,0
340ffcee3d9af24c5cb2,MiniMax-M3,MiniMax-M3,reasoning_elicitation,0,doubao-seed-2.0-lite,pilot_causal_claim,early,calm,0
340ffcee3d9af24c5cb2,MiniMax-M3,MiniMax-M3,learner_choice,0,doubao-seed-2.0-lite,pilot_causal_claim,early,calm,0
340ffcee3d9af24c5cb2,MiniMax-M3,MiniMax-M3,affect_acknowledgement,0,doubao-seed-2.0-lite,pilot_causal_claim,early,calm,0
340ffcee3d9af24c5cb2,MiniMax-M3,MiniMax-M3,epistemic_qualification,1,doubao-seed-2.0-lite,pilot_causal_claim,early,calm,0
340ffcee3d9af24c5cb2,MiniMax-M3,MiniMax-M3,information_request,0,doubao-seed-2.0-lite,pilot_causal_claim,early,calm,0
340ffcee3d9af24c5cb2,MiniMax-M3,MiniMax-M3,unsupported_ability_claim,0,doubao-seed-2.0-lite,pilot_causal_claim,early,calm,0
bf1b2727e4aaff632915,glm-5.3,glm-5.3,answer_reveal,1,MiniMax-M3,pilot_density,early,frustrated,1
bf1b2727e4aaff632915,glm-5.3,glm-5.3,worked_explanation,1,MiniMax-M3,pilot_density,early,frustrated,1
bf1b2727e4aaff632915,glm-5.3,glm-5.3,reasoning_elicitation,0,MiniMax-M3,pilot_density,early,frustrated,1
bf1b2727e4aaff632915,glm-5.3,glm-5.3,learner_choice,1,MiniMax-M3,pilot_density,early,frustrated,1
bf1b2727e4aaff632915,glm-5.3,glm-5.3,affect_acknowledgement,1,MiniMax-M3,pilot_density,early,frustrated,1
bf1b2727e4aaff632915,glm-5.3,glm-5.3,epistemic_qualification,0,MiniMax-M3,pilot_density,early,frustrated,1
bf1b2727e4aaff632915,glm-5.3,glm-5.3,information_request,0,MiniMax-M3,pilot_density,early,frustrated,1
bf1b2727e4aaff632915,glm-5.3,glm-5.3,unsupported_ability_claim,0,MiniMax-M3,pilot_density,early,frustrated,1
b67251afc7065a31ed92,glm-5.3,glm-5.3,answer_reveal,1,doubao-seed-2.0-lite,pilot_density,early,calm,1
b67251afc7065a31ed92,glm-5.3,glm-5.3,worked_explanation,1,doubao-seed-2.0-lite,pilot_density,early,calm,1
b67251afc7065a31ed92,glm-5.3,glm-5.3,reasoning_elicitation,0,doubao-seed-2.0-lite,pilot_density,early,calm,1
b67251afc7065a31ed92,glm-5.3,glm-5.3,learner_choice,0,doubao-seed-2.0-lite,pilot_density,early,calm,1
b67251afc7065a31ed92,glm-5.3,glm-5.3,affect_acknowledgement,1,doubao-seed-2.0-lite,pilot_density,early,calm,1
b67251afc7065a31ed92,glm-5.3,glm-5.3,epistemic_qualification,0,doubao-seed-2.0-lite,pilot_density,early,calm,1
b67251afc7065a31ed92,glm-5.3,glm-5.3,information_request,0,doubao-seed-2.0-lite,pilot_density,early,calm,1
b67251afc7065a31ed92,glm-5.3,glm-5.3,unsupported_ability_claim,0,doubao-seed-2.0-lite,pilot_density,early,calm,1
f7081f4656021d7ff9e8,deepseek-v4-pro,deepseek-v4-pro,answer_reveal,0,glm-5.2,pilot_fractions,late,calm,1
f7081f4656021d7ff9e8,deepseek-v4-pro,deepseek-v4-pro,worked_explanation,0,glm-5.2,pilot_fractions,late,calm,1
f7081f4656021d7ff9e8,deepseek-v4-pro,deepseek-v4-pro,reasoning_elicitation,1,glm-5.2,pilot_fractions,late,calm,1
f7081f4656021d7ff9e8,deepseek-v4-pro,deepseek-v4-pro,learner_choice,0,glm-5.2,pilot_fractions,late,calm,1
f7081f4656021d7ff9e8,deepseek-v4-pro,deepseek-v4-pro,affect_acknowledgement,1,glm-5.2,pilot_fractions,late,calm,1
f7081f4656021d7ff9e8,deepseek-v4-pro,deepseek-v4-pro,epistemic_qualification,0,glm-5.2,pilot_fractions,late,calm,1
f7081f4656021d7ff9e8,deepseek-v4-pro,deepseek-v4-pro,information_request,0,glm-5.2,pilot_fractions,late,calm,1
f7081f4656021d7ff9e8,deepseek-v4-pro,deepseek-v4-pro,unsupported_ability_claim,0,glm-5.2,pilot_fractions,late,calm,1
957a84204cfcdf2fb8ad,MiniMax-M3,MiniMax-M3,answer_reveal,1,MiniMax-M3,pilot_causal_claim,late,calm,1
957a84204cfcdf2fb8ad,MiniMax-M3,MiniMax-M3,worked_explanation,1,MiniMax-M3,pilot_causal_claim,late,calm,1
957a84204cfcdf2fb8ad,MiniMax-M3,MiniMax-M3,reasoning_elicitation,1,MiniMax-M3,pilot_causal_claim,late,calm,1
957a84204cfcdf2fb8ad,MiniMax-M3,MiniMax-M3,learner_choice,0,MiniMax-M3,pilot_causal_claim,late,calm,1
957a84204cfcdf2fb8ad,MiniMax-M3,MiniMax-M3,affect_acknowledgement,1,MiniMax-M3,pilot_causal_claim,late,calm,1
957a84204cfcdf2fb8ad,MiniMax-M3,MiniMax-M3,epistemic_qualification,1,MiniMax-M3,pilot_causal_claim,late,calm,1
957a84204cfcdf2fb8ad,MiniMax-M3,MiniMax-M3,information_request,0,MiniMax-M3,pilot_causal_claim,late,calm,1
957a84204cfcdf2fb8ad,MiniMax-M3,MiniMax-M3,unsupported_ability_claim,0,MiniMax-M3,pilot_causal_claim,late,calm,1
45a0c066f4c769f45668,deepseek-v4-pro,deepseek-v4-pro,answer_reveal,0,glm-5.2,pilot_equation,late,frustrated,0
45a0c066f4c769f45668,deepseek-v4-pro,deepseek-v4-pro,worked_explanation,0,glm-5.2,pilot_equation,late,frustrated,0
45a0c066f4c769f45668,deepseek-v4-pro,deepseek-v4-pro,reasoning_elicitation,1,glm-5.2,pilot_equation,late,frustrated,0
45a0c066f4c769f45668,deepseek-v4-pro,deepseek-v4-pro,learner_choice,0,glm-5.2,pilot_equation,late,frustrated,0
45a0c066f4c769f45668,deepseek-v4-pro,deepseek-v4-pro,affect_acknowledgement,1,glm-5.2,pilot_equation,late,frustrated,0
45a0c066f4c769f45668,deepseek-v4-pro,deepseek-v4-pro,epistemic_qualification,0,glm-5.2,pilot_equation,late,frustrated,0
45a0c066f4c769f45668,deepseek-v4-pro,deepseek-v4-pro,information_request,0,glm-5.2,pilot_equation,late,frustrated,0
45a0c066f4c769f45668,deepseek-v4-pro,deepseek-v4-pro,unsupported_ability_claim,0,glm-5.2,pilot_equation,late,frustrated,0
d5e5c310ef2bbf353fb4,glm-5.3,glm-5.3,answer_reveal,1,deepseek-v4-pro,pilot_causal_claim,early,calm,1
d5e5c310ef2bbf353fb4,glm-5.3,glm-5.3,worked_explanation,1,deepseek-v4-pro,pilot_causal_claim,early,calm,1
d5e5c310ef2bbf353fb4,glm-5.3,glm-5.3,reasoning_elicitation,1,deepseek-v4-pro,pilot_causal_claim,early,calm,1
d5e5c310ef2bbf353fb4,glm-5.3,glm-5.3,learner_choice,0,deepseek-v4-pro,pilot_causal_claim,early,calm,1
d5e5c310ef2bbf353fb4,glm-5.3,glm-5.3,affect_acknowledgement,1,deepseek-v4-pro,pilot_causal_claim,early,calm,1
d5e5c310ef2bbf353fb4,glm-5.3,glm-5.3,epistemic_qualification,1,deepseek-v4-pro,pilot_causal_claim,early,calm,1
d5e5c310ef2bbf353fb4,glm-5.3,glm-5.3,information_request,0,deepseek-v4-pro,pilot_causal_claim,early,calm,1
d5e5c310ef2bbf353fb4,glm-5.3,glm-5.3,unsupported_ability_claim,0,deepseek-v4-pro,pilot_causal_claim,early,calm,1
b52890c67ad0a03aee42,glm-5.3,glm-5.3,answer_reveal,1,doubao-seed-2.0-lite,pilot_density,late,calm,1
b52890c67ad0a03aee42,glm-5.3,glm-5.3,worked_explanation,1,doubao-seed-2.0-lite,pilot_density,late,calm,1
b52890c67ad0a03aee42,glm-5.3,glm-5.3,reasoning_elicitation,0,doubao-seed-2.0-lite,pilot_density,late,calm,1
b52890c67ad0a03aee42,glm-5.3,glm-5.3,learner_choice,0,doubao-seed-2.0-lite,pilot_density,late,calm,1
b52890c67ad0a03aee42,glm-5.3,glm-5.3,affect_acknowledgement,0,doubao-seed-2.0-lite,pilot_density,late,calm,1
b52890c67ad0a03aee42,glm-5.3,glm-5.3,epistemic_qualification,1,doubao-seed-2.0-lite,pilot_density,late,calm,1
b52890c67ad0a03aee42,glm-5.3,glm-5.3,information_request,0,doubao-seed-2.0-lite,pilot_density,late,calm,1
b52890c67ad0a03aee42,glm-5.3,glm-5.3,unsupported_ability_claim,0,doubao-seed-2.0-lite,pilot_density,late,calm,1
c6dd1411cb6a597ce52d,deepseek-v4-pro,deepseek-v4-pro,answer_reveal,1,MiniMax-M2.7,pilot_equation,early,calm,1
c6dd1411cb6a597ce52d,deepseek-v4-pro,deepseek-v4-pro,worked_explanation,1,MiniMax-M2.7,pilot_equation,early,calm,1
c6dd1411cb6a597ce52d,deepseek-v4-pro,deepseek-v4-pro,reasoning_elicitation,0,MiniMax-M2.7,pilot_equation,early,calm,1
c6dd1411cb6a597ce52d,deepseek-v4-pro,deepseek-v4-pro,learner_choice,0,MiniMax-M2.7,pilot_equation,early,calm,1
c6dd1411cb6a597ce52d,deepseek-v4-pro,deepseek-v4-pro,affect_acknowledgement,0,MiniMax-M2.7,pilot_equation,early,calm,1
c6dd1411cb6a597ce52d,deepseek-v4-pro,deepseek-v4-pro,epistemic_qualification,0,MiniMax-M2.7,pilot_equation,early,calm,1
c6dd1411cb6a597ce52d,deepseek-v4-pro,deepseek-v4-pro,information_request,0,MiniMax-M2.7,pilot_equation,early,calm,1
c6dd1411cb6a597ce52d,deepseek-v4-pro,deepseek-v4-pro,unsupported_ability_claim,0,MiniMax-M2.7,pilot_equation,early,calm,1
6f57b456cbe8dac3d2be,MiniMax-M3,MiniMax-M3,answer_reveal,1,doubao-seed-2.0-lite,pilot_equation,early,frustrated,1
6f57b456cbe8dac3d2be,MiniMax-M3,MiniMax-M3,worked_explanation,1,doubao-seed-2.0-lite,pilot_equation,early,frustrated,1
6f57b456cbe8dac3d2be,MiniMax-M3,MiniMax-M3,reasoning_elicitation,0,doubao-seed-2.0-lite,pilot_equation,early,frustrated,1
6f57b456cbe8dac3d2be,MiniMax-M3,MiniMax-M3,learner_choice,0,doubao-seed-2.0-lite,pilot_equation,early,frustrated,1
6f57b456cbe8dac3d2be,MiniMax-M3,MiniMax-M3,affect_acknowledgement,1,doubao-seed-2.0-lite,pilot_equation,early,frustrated,1
6f57b456cbe8dac3d2be,MiniMax-M3,MiniMax-M3,epistemic_qualification,0,doubao-seed-2.0-lite,pilot_equation,early,frustrated,1
6f57b456cbe8dac3d2be,MiniMax-M3,MiniMax-M3,information_request,0,doubao-seed-2.0-lite,pilot_equation,early,frustrated,1
6f57b456cbe8dac3d2be,MiniMax-M3,MiniMax-M3,unsupported_ability_claim,0,doubao-seed-2.0-lite,pilot_equation,early,frustrated,1
d6140f7c8d1585300972,MiniMax-M3,MiniMax-M3,answer_reveal,1,MiniMax-M2.7,pilot_equation,early,calm,0
d6140f7c8d1585300972,MiniMax-M3,MiniMax-M3,worked_explanation,1,MiniMax-M2.7,pilot_equation,early,calm,0
d6140f7c8d1585300972,MiniMax-M3,MiniMax-M3,reasoning_elicitation,0,MiniMax-M2.7,pilot_equation,early,calm,0
d6140f7c8d1585300972,MiniMax-M3,MiniMax-M3,learner_choice,0,MiniMax-M2.7,pilot_equation,early,calm,0
d6140f7c8d1585300972,MiniMax-M3,MiniMax-M3,affect_acknowledgement,0,MiniMax-M2.7,pilot_equation,early,calm,0
d6140f7c8d1585300972,MiniMax-M3,MiniMax-M3,epistemic_qualification,0,MiniMax-M2.7,pilot_equation,early,calm,0
d6140f7c8d1585300972,MiniMax-M3,MiniMax-M3,information_request,0,MiniMax-M2.7,pilot_equation,early,calm,0
d6140f7c8d1585300972,MiniMax-M3,MiniMax-M3,unsupported_ability_claim,0,MiniMax-M2.7,pilot_equation,early,calm,0
ba39d0fdc40f9b2ab6b4,glm-5.3,glm-5.3,answer_reveal,1,MiniMax-M2.7,pilot_fractions,early,frustrated,0
ba39d0fdc40f9b2ab6b4,glm-5.3,glm-5.3,worked_explanation,1,MiniMax-M2.7,pilot_fractions,early,frustrated,0
ba39d0fdc40f9b2ab6b4,glm-5.3,glm-5.3,reasoning_elicitation,0,MiniMax-M2.7,pilot_fractions,early,frustrated,0
ba39d0fdc40f9b2ab6b4,glm-5.3,glm-5.3,learner_choice,1,MiniMax-M2.7,pilot_fractions,early,frustrated,0
ba39d0fdc40f9b2ab6b4,glm-5.3,glm-5.3,affect_acknowledgement,1,MiniMax-M2.7,pilot_fractions,early,frustrated,0
ba39d0fdc40f9b2ab6b4,glm-5.3,glm-5.3,epistemic_qualification,0,MiniMax-M2.7,pilot_fractions,early,frustrated,0
ba39d0fdc40f9b2ab6b4,glm-5.3,glm-5.3,information_request,0,MiniMax-M2.7,pilot_fractions,early,frustrated,0
ba39d0fdc40f9b2ab6b4,glm-5.3,glm-5.3,unsupported_ability_claim,0,MiniMax-M2.7,pilot_fractions,early,frustrated,0
3a03a3bf5edf63de0b41,MiniMax-M3,MiniMax-M3,answer_reveal,1,MiniMax-M2.7,pilot_equation,early,frustrated,0
3a03a3bf5edf63de0b41,MiniMax-M3,MiniMax-M3,worked_explanation,1,MiniMax-M2.7,pilot_equation,early,frustrated,0
3a03a3bf5edf63de0b41,MiniMax-M3,MiniMax-M3,reasoning_elicitation,0,MiniMax-M2.7,pilot_equation,early,frustrated,0
3a03a3bf5edf63de0b41,MiniMax-M3,MiniMax-M3,learner_choice,0,MiniMax-M2.7,pilot_equation,early,frustrated,0
3a03a3bf5edf63de0b41,MiniMax-M3,MiniMax-M3,affect_acknowledgement,1,MiniMax-M2.7,pilot_equation,early,frustrated,0
3a03a3bf5edf63de0b41,MiniMax-M3,MiniMax-M3,epistemic_qualification,0,MiniMax-M2.7,pilot_equation,early,frustrated,0
3a03a3bf5edf63de0b41,MiniMax-M3,MiniMax-M3,information_request,0,MiniMax-M2.7,pilot_equation,early,frustrated,0
3a03a3bf5edf63de0b41,MiniMax-M3,MiniMax-M3,unsupported_ability_claim,1,MiniMax-M2.7,pilot_equation,early,frustrated,0
122bf31ca16ea698450c,glm-5.3,glm-5.3,answer_reveal,1,doubao-seed-2.0-lite,pilot_equation,early,calm,1
122bf31ca16ea698450c,glm-5.3,glm-5.3,worked_explanation,1,doubao-seed-2.0-lite,pilot_equation,early,calm,1
122bf31ca16ea698450c,glm-5.3,glm-5.3,reasoning_elicitation,0,doubao-seed-2.0-lite,pilot_equation,early,calm,1
122bf31ca16ea698450c,glm-5.3,glm-5.3,learner_choice,0,doubao-seed-2.0-lite,pilot_equation,early,calm,1
122bf31ca16ea698450c,glm-5.3,glm-5.3,affect_acknowledgement,1,doubao-seed-2.0-lite,pilot_equation,early,calm,1
122bf31ca16ea698450c,glm-5.3,glm-5.3,epistemic_qualification,0,doubao-seed-2.0-lite,pilot_equation,early,calm,1
122bf31ca16ea698450c,glm-5.3,glm-5.3,information_request,0,doubao-seed-2.0-lite,pilot_equation,early,calm,1
122bf31ca16ea698450c,glm-5.3,glm-5.3,unsupported_ability_claim,0,doubao-seed-2.0-lite,pilot_equation,early,calm,1
340ffcee3d9af24c5cb2,glm-5.3,glm-5.3,answer_reveal,1,doubao-seed-2.0-lite,pilot_causal_claim,early,calm,0
340ffcee3d9af24c5cb2,glm-5.3,glm-5.3,worked_explanation,1,doubao-seed-2.0-lite,pilot_causal_claim,early,calm,0
340ffcee3d9af24c5cb2,glm-5.3,glm-5.3,reasoning_elicitation,0,doubao-seed-2.0-lite,pilot_causal_claim,early,calm,0
340ffcee3d9af24c5cb2,glm-5.3,glm-5.3,learner_choice,0,doubao-seed-2.0-lite,pilot_causal_claim,early,calm,0
340ffcee3d9af24c5cb2,glm-5.3,glm-5.3,affect_acknowledgement,0,doubao-seed-2.0-lite,pilot_causal_claim,early,calm,0
340ffcee3d9af24c5cb2,glm-5.3,glm-5.3,epistemic_qualification,1,doubao-seed-2.0-lite,pilot_causal_claim,early,calm,0
340ffcee3d9af24c5cb2,glm-5.3,glm-5.3,information_request,0,doubao-seed-2.0-lite,pilot_causal_claim,early,calm,0
340ffcee3d9af24c5cb2,glm-5.3,glm-5.3,unsupported_ability_claim,0,doubao-seed-2.0-lite,pilot_causal_claim,early,calm,0
0010b5a166668babdfc2,glm-5.3,glm-5.3,answer_reveal,1,deepseek-v4-pro,pilot_fractions,late,calm,1
0010b5a166668babdfc2,glm-5.3,glm-5.3,worked_explanation,1,deepseek-v4-pro,pilot_fractions,late,calm,1
0010b5a166668babdfc2,glm-5.3,glm-5.3,reasoning_elicitation,0,deepseek-v4-pro,pilot_fractions,late,calm,1
0010b5a166668babdfc2,glm-5.3,glm-5.3,learner_choice,0,deepseek-v4-pro,pilot_fractions,late,calm,1
0010b5a166668babdfc2,glm-5.3,glm-5.3,affect_acknowledgement,1,deepseek-v4-pro,pilot_fractions,late,calm,1
0010b5a166668babdfc2,glm-5.3,glm-5.3,epistemic_qualification,0,deepseek-v4-pro,pilot_fractions,late,calm,1
0010b5a166668babdfc2,glm-5.3,glm-5.3,information_request,0,deepseek-v4-pro,pilot_fractions,late,calm,1
0010b5a166668babdfc2,glm-5.3,glm-5.3,unsupported_ability_claim,0,deepseek-v4-pro,pilot_fractions,late,calm,1
7d1c6c28017d7ac3b845,MiniMax-M3,MiniMax-M3,answer_reveal,0,glm-5.2,pilot_fractions,early,frustrated,0
7d1c6c28017d7ac3b845,MiniMax-M3,MiniMax-M3,worked_explanation,1,glm-5.2,pilot_fractions,early,frustrated,0
7d1c6c28017d7ac3b845,MiniMax-M3,MiniMax-M3,reasoning_elicitation,1,glm-5.2,pilot_fractions,early,frustrated,0
7d1c6c28017d7ac3b845,MiniMax-M3,MiniMax-M3,learner_choice,0,glm-5.2,pilot_fractions,early,frustrated,0
7d1c6c28017d7ac3b845,MiniMax-M3,MiniMax-M3,affect_acknowledgement,1,glm-5.2,pilot_fractions,early,frustrated,0
7d1c6c28017d7ac3b845,MiniMax-M3,MiniMax-M3,epistemic_qualification,0,glm-5.2,pilot_fractions,early,frustrated,0
7d1c6c28017d7ac3b845,MiniMax-M3,MiniMax-M3,information_request,0,glm-5.2,pilot_fractions,early,frustrated,0
7d1c6c28017d7ac3b845,MiniMax-M3,MiniMax-M3,unsupported_ability_claim,0,glm-5.2,pilot_fractions,early,frustrated,0
59268659c3b2e8b6664e,MiniMax-M3,MiniMax-M3,answer_reveal,1,doubao-seed-2.0-lite,pilot_causal_claim,late,calm,0
59268659c3b2e8b6664e,MiniMax-M3,MiniMax-M3,worked_explanation,1,doubao-seed-2.0-lite,pilot_causal_claim,late,calm,0
59268659c3b2e8b6664e,MiniMax-M3,MiniMax-M3,reasoning_elicitation,0,doubao-seed-2.0-lite,pilot_causal_claim,late,calm,0
59268659c3b2e8b6664e,MiniMax-M3,MiniMax-M3,learner_choice,0,doubao-seed-2.0-lite,pilot_causal_claim,late,calm,0
59268659c3b2e8b6664e,MiniMax-M3,MiniMax-M3,affect_acknowledgement,0,doubao-seed-2.0-lite,pilot_causal_claim,late,calm,0
59268659c3b2e8b6664e,MiniMax-M3,MiniMax-M3,epistemic_qualification,1,doubao-seed-2.0-lite,pilot_causal_claim,late,calm,0
59268659c3b2e8b6664e,MiniMax-M3,MiniMax-M3,information_request,0,doubao-seed-2.0-lite,pilot_causal_claim,late,calm,0
59268659c3b2e8b6664e,MiniMax-M3,MiniMax-M3,unsupported_ability_claim,0,doubao-seed-2.0-lite,pilot_causal_claim,late,calm,0
330f04660e19950af8bf,MiniMax-M3,MiniMax-M3,answer_reveal,1,glm-5.2,pilot_causal_claim,late,frustrated,1
330f04660e19950af8bf,MiniMax-M3,MiniMax-M3,worked_explanation,1,glm-5.2,pilot_causal_claim,late,frustrated,1
330f04660e19950af8bf,MiniMax-M3,MiniMax-M3,reasoning_elicitation,1,glm-5.2,pilot_causal_claim,late,frustrated,1
330f04660e19950af8bf,MiniMax-M3,MiniMax-M3,learner_choice,1,glm-5.2,pilot_causal_claim,late,frustrated,1
330f04660e19950af8bf,MiniMax-M3,MiniMax-M3,affect_acknowledgement,1,glm-5.2,pilot_causal_claim,late,frustrated,1
330f04660e19950af8bf,MiniMax-M3,MiniMax-M3,epistemic_qualification,1,glm-5.2,pilot_causal_claim,late,frustrated,1
330f04660e19950af8bf,MiniMax-M3,MiniMax-M3,information_request,0,glm-5.2,pilot_causal_claim,late,frustrated,1
330f04660e19950af8bf,MiniMax-M3,MiniMax-M3,unsupported_ability_claim,0,glm-5.2,pilot_causal_claim,late,frustrated,1
21bac1cc58db3be4664f,MiniMax-M3,MiniMax-M3,answer_reveal,1,deepseek-v4-pro,pilot_density,early,calm,1
21bac1cc58db3be4664f,MiniMax-M3,MiniMax-M3,worked_explanation,1,deepseek-v4-pro,pilot_density,early,calm,1
21bac1cc58db3be4664f,MiniMax-M3,MiniMax-M3,reasoning_elicitation,0,deepseek-v4-pro,pilot_density,early,calm,1
21bac1cc58db3be4664f,MiniMax-M3,MiniMax-M3,learner_choice,0,deepseek-v4-pro,pilot_density,early,calm,1
21bac1cc58db3be4664f,MiniMax-M3,MiniMax-M3,affect_acknowledgement,0,deepseek-v4-pro,pilot_density,early,calm,1
21bac1cc58db3be4664f,MiniMax-M3,MiniMax-M3,epistemic_qualification,0,deepseek-v4-pro,pilot_density,early,calm,1
21bac1cc58db3be4664f,MiniMax-M3,MiniMax-M3,information_request,0,deepseek-v4-pro,pilot_density,early,calm,1
21bac1cc58db3be4664f,MiniMax-M3,MiniMax-M3,unsupported_ability_claim,0,deepseek-v4-pro,pilot_density,early,calm,1
f7081f4656021d7ff9e8,MiniMax-M3,MiniMax-M3,answer_reveal,0,glm-5.2,pilot_fractions,late,calm,1
f7081f4656021d7ff9e8,MiniMax-M3,MiniMax-M3,worked_explanation,1,glm-5.2,pilot_fractions,late,calm,1
f7081f4656021d7ff9e8,MiniMax-M3,MiniMax-M3,reasoning_elicitation,1,glm-5.2,pilot_fractions,late,calm,1
f7081f4656021d7ff9e8,MiniMax-M3,MiniMax-M3,learner_choice,0,glm-5.2,pilot_fractions,late,calm,1
f7081f4656021d7ff9e8,MiniMax-M3,MiniMax-M3,affect_acknowledgement,1,glm-5.2,pilot_fractions,late,calm,1
f7081f4656021d7ff9e8,MiniMax-M3,MiniMax-M3,epistemic_qualification,0,glm-5.2,pilot_fractions,late,calm,1
f7081f4656021d7ff9e8,MiniMax-M3,MiniMax-M3,information_request,0,glm-5.2,pilot_fractions,late,calm,1
f7081f4656021d7ff9e8,MiniMax-M3,MiniMax-M3,unsupported_ability_claim,0,glm-5.2,pilot_fractions,late,calm,1
8d56c805baeb0943efac,glm-5.3,glm-5.3,answer_reveal,1,doubao-seed-2.0-lite,pilot_fractions,late,frustrated,1
8d56c805baeb0943efac,glm-5.3,glm-5.3,worked_explanation,1,doubao-seed-2.0-lite,pilot_fractions,late,frustrated,1
8d56c805baeb0943efac,glm-5.3,glm-5.3,reasoning_elicitation,0,doubao-seed-2.0-lite,pilot_fractions,late,frustrated,1
8d56c805baeb0943efac,glm-5.3,glm-5.3,learner_choice,0,doubao-seed-2.0-lite,pilot_fractions,late,frustrated,1
8d56c805baeb0943efac,glm-5.3,glm-5.3,affect_acknowledgement,1,doubao-seed-2.0-lite,pilot_fractions,late,frustrated,1
8d56c805baeb0943efac,glm-5.3,glm-5.3,epistemic_qualification,0,doubao-seed-2.0-lite,pilot_fractions,late,frustrated,1
8d56c805baeb0943efac,glm-5.3,glm-5.3,information_request,0,doubao-seed-2.0-lite,pilot_fractions,late,frustrated,1
8d56c805baeb0943efac,glm-5.3,glm-5.3,unsupported_ability_claim,0,doubao-seed-2.0-lite,pilot_fractions,late,frustrated,1
