request_id,judge_requested,judge_returned,valid,error
fc820c11fa1c663621ba:deepseek-v4-pro,deepseek-v4-pro,deepseek-v4-pro,True,
14e1ef957c0f6daac21e:deepseek-v4-pro,deepseek-v4-pro,deepseek-v4-pro,True,
e2228c138ed945a05240:glm-5.3,glm-5.3,glm-5.3,True,
6b91cb308b6c34ead1a8:MiniMax-M3,MiniMax-M3,MiniMax-M3,True,
4d5e70246f4fee788e41:deepseek-v4-pro,deepseek-v4-pro,deepseek-v4-pro,True,
ea5e8ae881ea968a1fb1:deepseek-v4-pro,deepseek-v4-pro,deepseek-v4-pro,True,
d45752e5cdf3ccaa55f5:glm-5.3,glm-5.3,glm-5.3,True,
ed8397f6a67bff369c24:deepseek-v4-pro,deepseek-v4-pro,deepseek-v4-pro,True,
7b48b8341b45ab4400d7:MiniMax-M3,MiniMax-M3,MiniMax-M3,True,
ff809ab7f97c213dad2c:glm-5.3,glm-5.3,glm-5.3,True,
26c3d590aad03f70a27b:MiniMax-M3,MiniMax-M3,MiniMax-M3,True,
06fded11864a412d307e:glm-5.3,glm-5.3,glm-5.3,True,
dc81b028d978160d8e21:deepseek-v4-pro,deepseek-v4-pro,deepseek-v4-pro,True,
7964e8712a903259008b:MiniMax-M3,MiniMax-M3,MiniMax-M3,True,
876fa475344c2455dde0:deepseek-v4-pro,deepseek-v4-pro,deepseek-v4-pro,True,
b8fdb864dc97a996a48b:MiniMax-M3,MiniMax-M3,MiniMax-M3,True,
2bb0f6f8bf02abfc32ed:MiniMax-M3,MiniMax-M3,MiniMax-M3,True,
98c2996d9a66cdec8328:deepseek-v4-pro,deepseek-v4-pro,deepseek-v4-pro,True,
24822662a2c616760071:deepseek-v4-pro,deepseek-v4-pro,deepseek-v4-pro,True,
98807dbd123314dad4b3:deepseek-v4-pro,deepseek-v4-pro,deepseek-v4-pro,True,
3de9d2ec065032b4633d:MiniMax-M3,MiniMax-M3,MiniMax-M3,True,
12d2ae3ff52168998a58:MiniMax-M3,MiniMax-M3,MiniMax-M3,True,
d0333c83491743a57d50:deepseek-v4-pro,deepseek-v4-pro,deepseek-v4-pro,True,
4a504dd7629865e98b06:glm-5.3,glm-5.3,glm-5.3,True,
335c445af0558b6829f4:MiniMax-M3,MiniMax-M3,MiniMax-M3,True,
ca894ff205a8684a66be:deepseek-v4-pro,deepseek-v4-pro,deepseek-v4-pro,True,
1ff53b80c21397f7fcdc:deepseek-v4-pro,deepseek-v4-pro,deepseek-v4-pro,True,
38380290adee4904d55a:deepseek-v4-pro,deepseek-v4-pro,deepseek-v4-pro,True,
cd252a86fb9b79698d2f:glm-5.3,glm-5.3,glm-5.3,True,
54cd011e50dbf2d0f78e:glm-5.3,glm-5.3,glm-5.3,True,
ed951dfcb5b9b91c49ba:deepseek-v4-pro,deepseek-v4-pro,deepseek-v4-pro,True,
da0ae8d080a33cf3d8f8:MiniMax-M3,MiniMax-M3,MiniMax-M3,True,
ef959a131581af84250e:glm-5.3,glm-5.3,glm-5.3,True,
db227da31ee04ea45ff2:MiniMax-M3,MiniMax-M3,MiniMax-M3,True,
3bb44276bbea9d77e325:MiniMax-M3,MiniMax-M3,MiniMax-M3,True,
1bbdc2fd7aa76fa0a651:MiniMax-M3,MiniMax-M3,MiniMax-M3,True,
5ae2f1a2d2fa45f85011:MiniMax-M3,MiniMax-M3,MiniMax-M3,True,
4ce27619edf7cdc46f4d:glm-5.3,glm-5.3,glm-5.3,True,
5ea1bc510cea626d99c3:glm-5.3,glm-5.3,glm-5.3,True,
77243df565523511a12a:MiniMax-M3,MiniMax-M3,MiniMax-M3,True,
d27a2451a0aac6a86404:glm-5.3,glm-5.3,glm-5.3,True,
3e56a35ecfacfe0ee1fa:MiniMax-M3,MiniMax-M3,MiniMax-M3,True,
45141b249dfea6bdd74b:glm-5.3,glm-5.3,glm-5.3,True,
6a3098d537ba43cec495:MiniMax-M3,MiniMax-M3,MiniMax-M3,True,
f4977e62b2c894f87fa7:deepseek-v4-pro,deepseek-v4-pro,deepseek-v4-pro,True,
5277366e4d5b6c8e0980:glm-5.3,glm-5.3,glm-5.3,True,
b3df7a3cc1d35386c3b8:deepseek-v4-pro,deepseek-v4-pro,deepseek-v4-pro,True,
5f85091c4b128bc58d85:deepseek-v4-pro,deepseek-v4-pro,deepseek-v4-pro,True,
cc1cbcac3e1789781556:deepseek-v4-pro,deepseek-v4-pro,deepseek-v4-pro,True,
3a64fe3f6b90f8be184a:MiniMax-M3,MiniMax-M3,MiniMax-M3,True,
eb53102c9093f402304b:MiniMax-M3,MiniMax-M3,MiniMax-M3,True,
315290c4c096041b5935:deepseek-v4-pro,deepseek-v4-pro,deepseek-v4-pro,True,
9153ece2b0020abdfaf7:MiniMax-M3,MiniMax-M3,MiniMax-M3,True,
d07f051660baa6b2c557:MiniMax-M3,MiniMax-M3,MiniMax-M3,True,
cdd5808a1efafad6a774:MiniMax-M3,MiniMax-M3,MiniMax-M3,True,
887faa1177442b33c133:MiniMax-M3,MiniMax-M3,MiniMax-M3,True,
eeee562ed1cccd533c4e:MiniMax-M3,MiniMax-M3,MiniMax-M3,True,
b2760d830348ca425e78:glm-5.3,glm-5.3,glm-5.3,True,
971e8c306735484b8154:MiniMax-M3,MiniMax-M3,MiniMax-M3,True,
dfb37f2636976898a5c2:glm-5.3,glm-5.3,glm-5.3,True,
ca8f8c2004444a3aaded:MiniMax-M3,MiniMax-M3,MiniMax-M3,True,
06cf6860e0bbe1d99f94:glm-5.3,glm-5.3,glm-5.3,True,
350cbce12291faf5fe9c:deepseek-v4-pro,deepseek-v4-pro,deepseek-v4-pro,True,
c729fa50e3bb3dc93bcf:MiniMax-M3,MiniMax-M3,MiniMax-M3,True,
26192a143fb2b323570e:deepseek-v4-pro,deepseek-v4-pro,deepseek-v4-pro,True,
86ea0f66dda26fa13152:deepseek-v4-pro,deepseek-v4-pro,deepseek-v4-pro,True,
6276278909aa2eb86d60:deepseek-v4-pro,deepseek-v4-pro,deepseek-v4-pro,True,
8f5a90022b7313c8db53:deepseek-v4-pro,deepseek-v4-pro,deepseek-v4-pro,True,
8970fd5edd343f3e3fc3:deepseek-v4-pro,deepseek-v4-pro,deepseek-v4-pro,True,
8e51f540bdef5e2cd107:MiniMax-M3,MiniMax-M3,MiniMax-M3,True,
4607c188376b57948d20:deepseek-v4-pro,deepseek-v4-pro,deepseek-v4-pro,True,
0e5ddf2a3366d3f67feb:MiniMax-M3,MiniMax-M3,MiniMax-M3,True,
1ff7fb5c38824e0db23d:MiniMax-M3,MiniMax-M3,MiniMax-M3,True,
270e42c3de3b6c804c0c:MiniMax-M3,MiniMax-M3,MiniMax-M3,True,
460030313e6251622545:glm-5.3,glm-5.3,glm-5.3,True,
5084fb3f923018d12f6a:MiniMax-M3,MiniMax-M3,MiniMax-M3,True,
a2e43b88502e38f76e19:deepseek-v4-pro,deepseek-v4-pro,deepseek-v4-pro,True,
0a72dd9340eac3cfa7fc:glm-5.3,glm-5.3,glm-5.3,True,
17b2a42ad77b65e8ef12:glm-5.3,glm-5.3,glm-5.3,True,
8badb206004898e3a954:deepseek-v4-pro,deepseek-v4-pro,deepseek-v4-pro,True,
dbd989b426f39c09e313:MiniMax-M3,MiniMax-M3,MiniMax-M3,True,
1f0b3cb89d29eeb7ca63:MiniMax-M3,MiniMax-M3,MiniMax-M3,True,
04068484d175177ee50f:deepseek-v4-pro,deepseek-v4-pro,deepseek-v4-pro,True,
bc016e375ecddbfc171c:MiniMax-M3,MiniMax-M3,MiniMax-M3,True,
6cefe55e674788d49ed1:glm-5.3,glm-5.3,glm-5.3,True,
f804f2035b6990947d24:deepseek-v4-pro,deepseek-v4-pro,deepseek-v4-pro,True,
cf57e4882e715cd4d76e:deepseek-v4-pro,deepseek-v4-pro,deepseek-v4-pro,True,
93a0582bc5d4d4dbac43:MiniMax-M3,MiniMax-M3,MiniMax-M3,True,
6aac22cc283e09a771c3:deepseek-v4-pro,deepseek-v4-pro,deepseek-v4-pro,True,
0b8e951659f5dd70b07a:deepseek-v4-pro,deepseek-v4-pro,deepseek-v4-pro,True,
b82a89029a1fb27bde70:deepseek-v4-pro,deepseek-v4-pro,deepseek-v4-pro,True,
55e4c27428ce9304070a:deepseek-v4-pro,deepseek-v4-pro,deepseek-v4-pro,True,
afba543f3ec6b3612ccb:glm-5.3,glm-5.3,glm-5.3,True,
aa8f2ffb7435ccdac82d:glm-5.3,glm-5.3,glm-5.3,True,
ca7a75e30b02b6c00000:MiniMax-M3,MiniMax-M3,MiniMax-M3,True,
ddcf1463024d78ffeb89:glm-5.3,glm-5.3,glm-5.3,True,
86122eb45bdc5ddf60b7:glm-5.3,glm-5.3,glm-5.3,True,
1527ac1f72042dd60fe0:deepseek-v4-pro,deepseek-v4-pro,deepseek-v4-pro,True,
d66f98c21f80e987c40f:MiniMax-M3,MiniMax-M3,MiniMax-M3,True,
d71e9969d1a3ac716274:MiniMax-M3,MiniMax-M3,MiniMax-M3,True,
3cc73b53f30ea0153a2e:deepseek-v4-pro,deepseek-v4-pro,deepseek-v4-pro,True,
923bb1207bd391c70abc:MiniMax-M3,MiniMax-M3,MiniMax-M3,True,
b5c9baba023004344ed7:MiniMax-M3,MiniMax-M3,MiniMax-M3,True,
70195e883c9e6d6b8ad1:MiniMax-M3,MiniMax-M3,MiniMax-M3,True,
20e69caaab30a9c81003:MiniMax-M3,MiniMax-M3,MiniMax-M3,True,
277d3b94aea3188a6bb9:MiniMax-M3,MiniMax-M3,MiniMax-M3,True,
34ee562585ee44f46483:MiniMax-M3,MiniMax-M3,MiniMax-M3,True,
a993ca3bc38bbd9554a1:MiniMax-M3,MiniMax-M3,MiniMax-M3,True,
e2d5d4ad483a3cc3a1ce:deepseek-v4-pro,deepseek-v4-pro,deepseek-v4-pro,True,
52b455ac53324c7cda41:deepseek-v4-pro,deepseek-v4-pro,deepseek-v4-pro,True,
f1df72b97e0b0766bdeb:glm-5.3,glm-5.3,glm-5.3,True,
2bd1a015a9d88c74ea35:glm-5.3,glm-5.3,glm-5.3,True,
a2d042fb395613461955:glm-5.3,glm-5.3,glm-5.3,True,
da36e16b05f9aaad140d:MiniMax-M3,MiniMax-M3,MiniMax-M3,True,
fda35c53b0ecab65acae:glm-5.3,glm-5.3,glm-5.3,True,
637ae0bbfa3cb6e88079:glm-5.3,glm-5.3,glm-5.3,True,
d0333c83491743a57d50:MiniMax-M3,MiniMax-M3,MiniMax-M3,True,
ca9d9d68a0e7f32e1312:deepseek-v4-pro,deepseek-v4-pro,deepseek-v4-pro,True,
3452f837d6e34968abbe:glm-5.3,glm-5.3,glm-5.3,True,
38b1bfcfe2290c606e37:glm-5.3,glm-5.3,glm-5.3,True,
22fb974fb28522a11ea3:deepseek-v4-pro,deepseek-v4-pro,deepseek-v4-pro,True,
5a2dc9439b892ce5b3d4:MiniMax-M3,MiniMax-M3,MiniMax-M3,True,
39fde0f3de3505d9760c:MiniMax-M3,MiniMax-M3,MiniMax-M3,True,
f1a4ac5cd4b7015d5d69:MiniMax-M3,MiniMax-M3,MiniMax-M3,True,
6c2af119424693acf1b8:glm-5.3,glm-5.3,glm-5.3,True,
c94d157b1de98c8267cf:glm-5.3,glm-5.3,glm-5.3,True,
5b44fd2f679d67aeb4d9:MiniMax-M3,MiniMax-M3,MiniMax-M3,True,
75320f50ed8982b6c363:glm-5.3,glm-5.3,glm-5.3,True,
92fa4b08600d090ea4e0:glm-5.3,glm-5.3,glm-5.3,True,
8704bf85330650c289f7:MiniMax-M3,MiniMax-M3,MiniMax-M3,True,
ebf5c3f353fd7337527d:glm-5.3,glm-5.3,glm-5.3,True,
ab28c133b32a4bfba6be:glm-5.3,glm-5.3,glm-5.3,True,
08217525d03e715cb3ba:deepseek-v4-pro,deepseek-v4-pro,deepseek-v4-pro,True,
e734d95c0d5b36876664:deepseek-v4-pro,deepseek-v4-pro,deepseek-v4-pro,True,
e75ae3654ee10a328c50:glm-5.3,glm-5.3,glm-5.3,True,
b607e25e2bf4ebc16764:deepseek-v4-pro,deepseek-v4-pro,deepseek-v4-pro,True,
72f01a54d0c660cc0465:glm-5.3,glm-5.3,glm-5.3,True,
a5f4c9ea5a726bd2fcf2:deepseek-v4-pro,deepseek-v4-pro,deepseek-v4-pro,True,
b9ca195f592f1c6aa3de:glm-5.3,glm-5.3,glm-5.3,True,
f817c943c210d9bef8b1:MiniMax-M3,MiniMax-M3,MiniMax-M3,True,
033ff5b8e948c5411be9:MiniMax-M3,MiniMax-M3,MiniMax-M3,True,
d88f206b833eaffaa71c:deepseek-v4-pro,deepseek-v4-pro,deepseek-v4-pro,True,
1f278df1380896e2b40d:deepseek-v4-pro,deepseek-v4-pro,deepseek-v4-pro,True,
b2d87087e2033f751641:glm-5.3,glm-5.3,glm-5.3,True,
77f68f6304a370548332:deepseek-v4-pro,deepseek-v4-pro,deepseek-v4-pro,True,
fefa9a1a490506d02c07:glm-5.3,glm-5.3,glm-5.3,True,
c7cc08ef6dd4dadfdcb9:deepseek-v4-pro,deepseek-v4-pro,deepseek-v4-pro,True,
c2b297a1c5acdf22f05a:glm-5.3,glm-5.3,glm-5.3,True,
2386089112e16615c49a:MiniMax-M3,MiniMax-M3,MiniMax-M3,True,
2508255ab3483e070e1b:deepseek-v4-pro,deepseek-v4-pro,deepseek-v4-pro,True,
9444205ca53890bb0710:deepseek-v4-pro,deepseek-v4-pro,deepseek-v4-pro,True,
496a4c5a14f40efe6984:glm-5.3,glm-5.3,glm-5.3,True,
1cdcd9909d9ed52324e1:MiniMax-M3,MiniMax-M3,MiniMax-M3,True,
44fe699aeac4cc2c9a94:glm-5.3,glm-5.3,glm-5.3,True,
7f75cab6a0a7ab8bee96:deepseek-v4-pro,deepseek-v4-pro,deepseek-v4-pro,True,
44dcfbc866d4e6c4df15:MiniMax-M3,MiniMax-M3,MiniMax-M3,True,
ec441b0097ccf298fc10:glm-5.3,glm-5.3,glm-5.3,True,
f90d9cf31d52992d5a83:deepseek-v4-pro,deepseek-v4-pro,deepseek-v4-pro,True,
791e7ee62a734769d114:MiniMax-M3,MiniMax-M3,MiniMax-M3,True,
0f1dbef76acfb2174630:glm-5.3,glm-5.3,glm-5.3,True,
efd0601c193a8a79fd65:deepseek-v4-pro,deepseek-v4-pro,deepseek-v4-pro,True,
fd3469fae16971c590a8:deepseek-v4-pro,deepseek-v4-pro,deepseek-v4-pro,True,
aa5c30b2dfdb6a72c429:deepseek-v4-pro,deepseek-v4-pro,deepseek-v4-pro,True,
253f98031027d9e1a75e:glm-5.3,glm-5.3,glm-5.3,True,
163b301b7129ad2fa41d:MiniMax-M3,MiniMax-M3,MiniMax-M3,True,
4d30734ba7828b65a2f2:glm-5.3,glm-5.3,glm-5.3,True,
41e20ab685b4bb5e406a:glm-5.3,glm-5.3,glm-5.3,True,
dcaa96a726ceda40ef52:MiniMax-M3,MiniMax-M3,MiniMax-M3,True,
d8581347febf9c7fc855:MiniMax-M3,MiniMax-M3,MiniMax-M3,True,
caa4145199a6c7305a90:deepseek-v4-pro,deepseek-v4-pro,deepseek-v4-pro,True,
2f1cded5d23573392a9a:glm-5.3,glm-5.3,glm-5.3,True,
9117948bc635965b824a:glm-5.3,glm-5.3,glm-5.3,True,
fca78091ddbf591db8dc:MiniMax-M3,MiniMax-M3,MiniMax-M3,True,
df710490297974bcca2d:glm-5.3,glm-5.3,glm-5.3,True,
61fd4d123b32abe7786a:glm-5.3,glm-5.3,glm-5.3,True,
31715072cb111b2bd9e3:deepseek-v4-pro,deepseek-v4-pro,deepseek-v4-pro,True,
fa6badf5190d063e4d26:MiniMax-M3,MiniMax-M3,MiniMax-M3,True,
3e2c871223bb03b3d513:deepseek-v4-pro,deepseek-v4-pro,deepseek-v4-pro,True,
010a72cf72f45bb70d4b:MiniMax-M3,MiniMax-M3,MiniMax-M3,True,
7390a408cc82aaa7016f:glm-5.3,glm-5.3,glm-5.3,True,
f70a272c567ee13db0cf:glm-5.3,glm-5.3,glm-5.3,True,
92b2f4e4963d196110bb:glm-5.3,glm-5.3,glm-5.3,True,
2f8825194228672e23fa:deepseek-v4-pro,deepseek-v4-pro,deepseek-v4-pro,True,
d4cc6d03cfba8ed0d6f6:deepseek-v4-pro,deepseek-v4-pro,deepseek-v4-pro,True,
58c25ae9a47ebc5350bf:glm-5.3,glm-5.3,glm-5.3,True,
e54416e947f3e844a29e:deepseek-v4-pro,deepseek-v4-pro,deepseek-v4-pro,True,
6e94b7fcbeb00bf2e13a:MiniMax-M3,MiniMax-M3,MiniMax-M3,True,
65a3595ee8dc56b2372c:glm-5.3,glm-5.3,glm-5.3,True,
f3b47f7d1883e7816cd3:glm-5.3,glm-5.3,glm-5.3,True,
880ecfaac3c639f85909:glm-5.3,glm-5.3,glm-5.3,True,
b8b57b8b537aa656ef31:glm-5.3,glm-5.3,glm-5.3,True,
df597a80d9d8e465c674:deepseek-v4-pro,deepseek-v4-pro,deepseek-v4-pro,True,
21a2a4656e611d9958e1:MiniMax-M3,MiniMax-M3,MiniMax-M3,True,
8da06d126c81a5cb8e0e:MiniMax-M3,MiniMax-M3,MiniMax-M3,True,
b1742bd0c88ef6d70339:MiniMax-M3,MiniMax-M3,MiniMax-M3,True,
a25fc462625ab53a1315:glm-5.3,glm-5.3,glm-5.3,True,
3c9e3bf462e33ae21c3e:deepseek-v4-pro,deepseek-v4-pro,deepseek-v4-pro,True,
40861e2d7eba3559194c:MiniMax-M3,MiniMax-M3,MiniMax-M3,True,
384617d2745ea3056882:deepseek-v4-pro,deepseek-v4-pro,deepseek-v4-pro,True,
6b01ee8fe273885b9561:deepseek-v4-pro,deepseek-v4-pro,deepseek-v4-pro,True,
726b01086e8cb2fcf814:deepseek-v4-pro,deepseek-v4-pro,deepseek-v4-pro,True,
55e84697b0c4e36cc37f:deepseek-v4-pro,deepseek-v4-pro,deepseek-v4-pro,True,
3d9653da0cc5e5197c16:MiniMax-M3,MiniMax-M3,MiniMax-M3,True,
f6fcdda74141c0f86228:glm-5.3,glm-5.3,glm-5.3,True,
9f9f87bb887fe712ab66:deepseek-v4-pro,deepseek-v4-pro,deepseek-v4-pro,True,
96c8b7f518e1ea0684d8:glm-5.3,glm-5.3,glm-5.3,True,
b20991024e18f79adf48:glm-5.3,glm-5.3,glm-5.3,True,
7fb13df4f5bf0d853b76:MiniMax-M3,MiniMax-M3,MiniMax-M3,True,
a9dabe679ecb5d7cacb1:MiniMax-M3,MiniMax-M3,MiniMax-M3,True,
33204b9d1c418329bf9c:glm-5.3,glm-5.3,glm-5.3,True,
15d045261474a2042985:deepseek-v4-pro,deepseek-v4-pro,deepseek-v4-pro,True,
469413981b7397e49203:glm-5.3,glm-5.3,glm-5.3,True,
e4ba265ffc34b7483c0d:deepseek-v4-pro,deepseek-v4-pro,deepseek-v4-pro,True,
1cada606eee6d06ac6e5:deepseek-v4-pro,deepseek-v4-pro,deepseek-v4-pro,True,
9e6392221dadd14c940d:deepseek-v4-pro,deepseek-v4-pro,deepseek-v4-pro,True,
747e557ec0f97541c722:deepseek-v4-pro,deepseek-v4-pro,deepseek-v4-pro,True,
aa50e42ec640769c3cfa:glm-5.3,glm-5.3,glm-5.3,True,
7b5ae63d4ac8f6a12e1f:deepseek-v4-pro,deepseek-v4-pro,deepseek-v4-pro,True,
114ca238486ef087fe12:deepseek-v4-pro,deepseek-v4-pro,deepseek-v4-pro,True,
2c1a196491dc3a567185:MiniMax-M3,MiniMax-M3,MiniMax-M3,True,
02f91e57b87588e25ac5:deepseek-v4-pro,deepseek-v4-pro,deepseek-v4-pro,True,
9f649e991ae111040a29:glm-5.3,glm-5.3,glm-5.3,True,
2c334a0173af4d7305bf:MiniMax-M3,MiniMax-M3,MiniMax-M3,True,
b47557d8ec2c4d8f1951:MiniMax-M3,MiniMax-M3,MiniMax-M3,True,
c30f9ff6e872eb2841b7:deepseek-v4-pro,deepseek-v4-pro,deepseek-v4-pro,True,
e5209484a0a439495086:glm-5.3,glm-5.3,glm-5.3,True,
9d0478228c36c0d36ea6:MiniMax-M3,MiniMax-M3,MiniMax-M3,True,
18e889644a6275d6964a:MiniMax-M3,MiniMax-M3,MiniMax-M3,True,
3d678207375ff7a734b7:deepseek-v4-pro,deepseek-v4-pro,deepseek-v4-pro,True,
8ac3ebdf81e65be23533:deepseek-v4-pro,deepseek-v4-pro,deepseek-v4-pro,True,
aadd6df4f5a0a7ab9566:deepseek-v4-pro,deepseek-v4-pro,deepseek-v4-pro,True,
1779128c87269161e85f:deepseek-v4-pro,deepseek-v4-pro,deepseek-v4-pro,True,
e4f6b539c13ffaf422f4:MiniMax-M3,MiniMax-M3,MiniMax-M3,True,
cf57e4882e715cd4d76e:MiniMax-M3,MiniMax-M3,MiniMax-M3,True,
fd17836fdb2d5e75cba9:deepseek-v4-pro,deepseek-v4-pro,deepseek-v4-pro,True,
14268e3e15d381f2e511:glm-5.3,glm-5.3,glm-5.3,True,
9add02a3a9fc455c194e:glm-5.3,glm-5.3,glm-5.3,True,
629109d71c8420d153bc:MiniMax-M3,MiniMax-M3,MiniMax-M3,True,
b046bda139a873ef117c:MiniMax-M3,MiniMax-M3,MiniMax-M3,True,
91e08e73f19fd1c694b3:MiniMax-M3,MiniMax-M3,MiniMax-M3,True,
81cfaecd9c49b176da56:glm-5.3,glm-5.3,glm-5.3,True,
4a84d5866ee163b84446:deepseek-v4-pro,deepseek-v4-pro,deepseek-v4-pro,True,
69e8c73c1a4000acc359:deepseek-v4-pro,deepseek-v4-pro,deepseek-v4-pro,True,
1166cfadb4d57e70b3a7:glm-5.3,glm-5.3,glm-5.3,True,
0af892f4ada94842df38:glm-5.3,glm-5.3,glm-5.3,True,
db4ddf85142bf3fcff49:MiniMax-M3,MiniMax-M3,MiniMax-M3,True,
df3e4e10ac5051a72a4d:deepseek-v4-pro,deepseek-v4-pro,deepseek-v4-pro,True,
1166cfadb4d57e70b3a7:MiniMax-M3,MiniMax-M3,MiniMax-M3,True,
6aaf1d5704f90a720f87:glm-5.3,glm-5.3,glm-5.3,True,
add9dbfd2383b17a563e:glm-5.3,glm-5.3,glm-5.3,True,
407aa6917d3409ab2ca2:glm-5.3,glm-5.3,glm-5.3,True,
d5d1f9021d5f818d5dcd:deepseek-v4-pro,deepseek-v4-pro,deepseek-v4-pro,True,
da63b9770e53f436e2c9:MiniMax-M3,MiniMax-M3,MiniMax-M3,True,
b04962e58216a588a7ae:deepseek-v4-pro,deepseek-v4-pro,deepseek-v4-pro,True,
e6f88a9df806a31156a5:deepseek-v4-pro,deepseek-v4-pro,deepseek-v4-pro,True,
67fa8c7e44cf69deb623:MiniMax-M3,MiniMax-M3,MiniMax-M3,True,
448d32ba664c4b0b076b:glm-5.3,glm-5.3,glm-5.3,True,
654bcdb1a278ff8e3116:glm-5.3,glm-5.3,glm-5.3,True,
db7c01ca1cf7b6377412:deepseek-v4-pro,deepseek-v4-pro,deepseek-v4-pro,True,
cd4d3d677be5a5a755df:MiniMax-M3,MiniMax-M3,MiniMax-M3,True,
49fed5d6aa43e7dc2fff:MiniMax-M3,MiniMax-M3,MiniMax-M3,True,
b2f965cec7534c506b5c:MiniMax-M3,MiniMax-M3,MiniMax-M3,True,
8ac3ebdf81e65be23533:MiniMax-M3,MiniMax-M3,MiniMax-M3,True,
0dfbe56b88edb9857ee0:deepseek-v4-pro,deepseek-v4-pro,deepseek-v4-pro,True,
cac89668a81fda3e393b:MiniMax-M3,MiniMax-M3,MiniMax-M3,True,
690662400fc704b2c6fa:glm-5.3,glm-5.3,glm-5.3,True,
c1eb3bbf2f6b23f9d634:glm-5.3,glm-5.3,glm-5.3,True,
c85cf076585d0a9b0bbb:MiniMax-M3,MiniMax-M3,MiniMax-M3,True,
484e17beef9164c0983a:MiniMax-M3,MiniMax-M3,MiniMax-M3,True,
4f8e296fd308b362b7c5:MiniMax-M3,MiniMax-M3,MiniMax-M3,True,
324aef10c0dc8e38fa51:MiniMax-M3,MiniMax-M3,MiniMax-M3,True,
cb68567d7b62a5f1d8fc:MiniMax-M3,MiniMax-M3,MiniMax-M3,True,
ed93b913a51ee9979cf8:glm-5.3,glm-5.3,glm-5.3,True,
7856103e95efe3378c33:glm-5.3,glm-5.3,glm-5.3,True,
67fe68c1557d96aabe55:MiniMax-M3,MiniMax-M3,MiniMax-M3,True,
3dc3dc722049e0652eb1:MiniMax-M3,MiniMax-M3,MiniMax-M3,True,
e02db5504016f0be0c7e:glm-5.3,glm-5.3,glm-5.3,True,
212dd7e2d061c94fb704:deepseek-v4-pro,deepseek-v4-pro,deepseek-v4-pro,True,
4d56ebeb2dd292a30f8d:MiniMax-M3,MiniMax-M3,MiniMax-M3,True,
e07033bb957f85482a43:MiniMax-M3,MiniMax-M3,MiniMax-M3,True,
16ef1df83be9b483d779:MiniMax-M3,MiniMax-M3,MiniMax-M3,True,
d51917ae7e88a36a08ce:glm-5.3,glm-5.3,glm-5.3,True,
af1206cf7e985cc8118c:MiniMax-M3,MiniMax-M3,MiniMax-M3,True,
6250c386f308ddd8b69b:glm-5.3,glm-5.3,glm-5.3,True,
c6d3b0737abe9ca16646:deepseek-v4-pro,deepseek-v4-pro,deepseek-v4-pro,True,
35dfb6464b63743c1048:glm-5.3,glm-5.3,glm-5.3,True,
09e81cebfdea4e58c9b7:deepseek-v4-pro,deepseek-v4-pro,deepseek-v4-pro,True,
9a155c401e31b403d41d:glm-5.3,glm-5.3,glm-5.3,True,
de62724f25a53c75cd84:MiniMax-M3,MiniMax-M3,MiniMax-M3,True,
02fe0f669dd89fe6a6c1:MiniMax-M3,MiniMax-M3,MiniMax-M3,True,
b701b7bdc78e9c890361:deepseek-v4-pro,deepseek-v4-pro,deepseek-v4-pro,True,
6a1df0a936908bb16eff:glm-5.3,glm-5.3,glm-5.3,True,
a92473c77feca3627e2e:deepseek-v4-pro,deepseek-v4-pro,deepseek-v4-pro,True,
79aacc833966c567816a:deepseek-v4-pro,deepseek-v4-pro,deepseek-v4-pro,True,
5db8e36992e22cca3ee2:glm-5.3,glm-5.3,glm-5.3,True,
1bc169a7f15a43d497c4:MiniMax-M3,MiniMax-M3,MiniMax-M3,True,
15b4c01035655ea04ea8:MiniMax-M3,MiniMax-M3,MiniMax-M3,True,
363a13545cbd81c02341:MiniMax-M3,MiniMax-M3,MiniMax-M3,True,
9880ee1065c7dae5f11c:glm-5.3,glm-5.3,glm-5.3,True,
34dcd0f0cb308d31a945:deepseek-v4-pro,deepseek-v4-pro,deepseek-v4-pro,True,
04e8d3aba4b56b9bbbc0:deepseek-v4-pro,deepseek-v4-pro,deepseek-v4-pro,True,
be4f7c1f5db04bbb77dc:MiniMax-M3,MiniMax-M3,MiniMax-M3,True,
0a825bdf74db2a03bcef:glm-5.3,glm-5.3,glm-5.3,True,
9b563c42ad4301a111a7:deepseek-v4-pro,deepseek-v4-pro,deepseek-v4-pro,True,
cf9aab52022872c32767:glm-5.3,glm-5.3,glm-5.3,True,
a83db18dc42a748c75b1:glm-5.3,glm-5.3,glm-5.3,True,
0564e9f55f5f3c54b169:MiniMax-M3,MiniMax-M3,MiniMax-M3,True,
42fc8f0df4646059fb32:MiniMax-M3,MiniMax-M3,MiniMax-M3,True,
05106543c5c9c97468cc:glm-5.3,glm-5.3,glm-5.3,True,
8972a54554159be889f0:glm-5.3,glm-5.3,glm-5.3,True,
83c7184b5cc55aae9c16:MiniMax-M3,MiniMax-M3,MiniMax-M3,True,
b54461265267758dcbb0:deepseek-v4-pro,deepseek-v4-pro,deepseek-v4-pro,True,
1eeea34606e8f471e97f:glm-5.3,glm-5.3,glm-5.3,True,
f009a9e768e51fd18c4f:MiniMax-M3,MiniMax-M3,MiniMax-M3,True,
94fa8adf3c58e900f608:MiniMax-M3,MiniMax-M3,MiniMax-M3,True,
e351149db666a835e368:glm-5.3,glm-5.3,glm-5.3,True,
6c1dada8fd091fd015de:glm-5.3,glm-5.3,glm-5.3,True,
6a97c9ffc8d519021aee:MiniMax-M3,MiniMax-M3,MiniMax-M3,True,
a9626361d0efdc3c248a:glm-5.3,glm-5.3,glm-5.3,True,
20b41bae4bc5e4228116:deepseek-v4-pro,deepseek-v4-pro,deepseek-v4-pro,True,
24f9ee70a92d5ab6b2e2:glm-5.3,glm-5.3,glm-5.3,True,
9d6dcb6e3bc8f747e212:glm-5.3,glm-5.3,glm-5.3,True,
96dffda5c3b94f0a1d51:deepseek-v4-pro,deepseek-v4-pro,deepseek-v4-pro,True,
85809d5165243145238f:deepseek-v4-pro,deepseek-v4-pro,deepseek-v4-pro,True,
ec1626a36bc800fc35dc:deepseek-v4-pro,deepseek-v4-pro,deepseek-v4-pro,True,
9be9a8ac2c77cacef81e:glm-5.3,glm-5.3,glm-5.3,True,
8da8758419d6b0b737a8:MiniMax-M3,MiniMax-M3,MiniMax-M3,True,
1047c913c401c19e2ff8:MiniMax-M3,MiniMax-M3,MiniMax-M3,True,
3b8dbb1eec348db39cfa:MiniMax-M3,MiniMax-M3,MiniMax-M3,True,
9ee8ec5977156b80db74:glm-5.3,glm-5.3,glm-5.3,True,
ffc6e1d6defd4220b8db:deepseek-v4-pro,deepseek-v4-pro,deepseek-v4-pro,True,
fa9e3c29f396250ee3cf:deepseek-v4-pro,deepseek-v4-pro,deepseek-v4-pro,True,
37d0faf41ce1e29c9cba:glm-5.3,glm-5.3,glm-5.3,True,
a87809fed6aa0fe71707:deepseek-v4-pro,deepseek-v4-pro,deepseek-v4-pro,True,
01e42534ea1135e10476:glm-5.3,glm-5.3,glm-5.3,True,
26b02a6f378faae7314a:glm-5.3,glm-5.3,glm-5.3,True,
7ddc157cf9444ff18712:glm-5.3,glm-5.3,glm-5.3,True,
5c43e34948d977819b60:deepseek-v4-pro,deepseek-v4-pro,deepseek-v4-pro,True,
97c4f15604c9b4793cc2:deepseek-v4-pro,deepseek-v4-pro,deepseek-v4-pro,True,
3a44acc09d2095a6f584:MiniMax-M3,MiniMax-M3,MiniMax-M3,True,
e0ad60d62da126cbdada:deepseek-v4-pro,deepseek-v4-pro,deepseek-v4-pro,True,
99746a50d4e9bd9598fa:glm-5.3,glm-5.3,glm-5.3,True,
b29ad329d9aaf55df53b:deepseek-v4-pro,deepseek-v4-pro,deepseek-v4-pro,True,
6a59428a5aa5daeaf263:MiniMax-M3,MiniMax-M3,MiniMax-M3,True,
d711826e4b9ad69162ca:MiniMax-M3,MiniMax-M3,MiniMax-M3,True,
2508255ab3483e070e1b:MiniMax-M3,MiniMax-M3,MiniMax-M3,True,
7ffe5390ffd96850f056:glm-5.3,glm-5.3,glm-5.3,True,
2f2b6a5072334a80463d:glm-5.3,glm-5.3,glm-5.3,True,
cd252a86fb9b79698d2f:deepseek-v4-pro,deepseek-v4-pro,deepseek-v4-pro,True,
d71e9969d1a3ac716274:deepseek-v4-pro,deepseek-v4-pro,deepseek-v4-pro,True,
67d9ccfb87d82cc9afe3:MiniMax-M3,MiniMax-M3,MiniMax-M3,True,
c8d5983eccee14f70319:glm-5.3,glm-5.3,glm-5.3,True,
33038cd7ffbd3eef91d4:glm-5.3,glm-5.3,glm-5.3,True,
92fa4b08600d090ea4e0:MiniMax-M3,MiniMax-M3,MiniMax-M3,True,
9f5bb57461c10b2d4076:MiniMax-M3,MiniMax-M3,MiniMax-M3,True,
1d68b6d93e54701bab9d:glm-5.3,glm-5.3,glm-5.3,True,
b474fc7cddfa6b51f560:MiniMax-M3,MiniMax-M3,MiniMax-M3,True,
315af5cc50175c3660e4:glm-5.3,glm-5.3,glm-5.3,True,
ab2b36b18defa17d46b2:MiniMax-M3,MiniMax-M3,MiniMax-M3,True,
ad16d198cbcdcaad6d2c:MiniMax-M3,MiniMax-M3,MiniMax-M3,True,
a7a910b5eb0c7a6295c0:MiniMax-M3,MiniMax-M3,MiniMax-M3,True,
a985f1ddf205951ed84b:deepseek-v4-pro,deepseek-v4-pro,deepseek-v4-pro,True,
543a3f2b9e3964c1cba4:deepseek-v4-pro,deepseek-v4-pro,deepseek-v4-pro,True,
52007591a0d67886eb49:deepseek-v4-pro,deepseek-v4-pro,deepseek-v4-pro,True,
d9fc805b6063df6e2ac7:glm-5.3,glm-5.3,glm-5.3,True,
b1742bd0c88ef6d70339:deepseek-v4-pro,deepseek-v4-pro,deepseek-v4-pro,True,
0c41bdfb9af84ea74f06:deepseek-v4-pro,deepseek-v4-pro,deepseek-v4-pro,True,
46262fb447020255194e:glm-5.3,glm-5.3,glm-5.3,True,
200d9d93db739b745577:MiniMax-M3,MiniMax-M3,MiniMax-M3,True,
d8dc9feb2acc4b9ecf8d:deepseek-v4-pro,deepseek-v4-pro,deepseek-v4-pro,True,
c8d1d19514db5e97c11c:MiniMax-M3,MiniMax-M3,MiniMax-M3,True,
f917d3d6c75eaf47f124:MiniMax-M3,MiniMax-M3,MiniMax-M3,True,
7c585bbbe372fd61753c:glm-5.3,glm-5.3,glm-5.3,True,
0340f0c3ea1918784028:glm-5.3,glm-5.3,glm-5.3,True,
f4181e7f32c3c32cf13b:deepseek-v4-pro,deepseek-v4-pro,deepseek-v4-pro,True,
de949ef0dcc7e43b8eaa:deepseek-v4-pro,deepseek-v4-pro,deepseek-v4-pro,True,
b681375e28b28869095b:glm-5.3,glm-5.3,glm-5.3,True,
c57675ca23ed2ff9d4a2:deepseek-v4-pro,deepseek-v4-pro,deepseek-v4-pro,True,
f86a8ecb7861899660da:MiniMax-M3,MiniMax-M3,MiniMax-M3,True,
7d3cf9a40968cb55984b:glm-5.3,glm-5.3,glm-5.3,True,
1e5d9fcc718422d24cfd:MiniMax-M3,MiniMax-M3,MiniMax-M3,True,
d3f080944c837db0ba8c:glm-5.3,glm-5.3,glm-5.3,True,
e41fa24d61440635b480:deepseek-v4-pro,deepseek-v4-pro,deepseek-v4-pro,True,
6360978169b1ea56f2ae:MiniMax-M3,MiniMax-M3,MiniMax-M3,True,
f1182a7bb432d649bb45:deepseek-v4-pro,deepseek-v4-pro,deepseek-v4-pro,True,
169d6c8aceee9c89b8ae:MiniMax-M3,MiniMax-M3,MiniMax-M3,True,
07a064354f324d3d10f3:MiniMax-M3,MiniMax-M3,MiniMax-M3,True,
2a3e57e68cadf9e74292:deepseek-v4-pro,deepseek-v4-pro,deepseek-v4-pro,True,
02b54581945a812fd72b:glm-5.3,glm-5.3,glm-5.3,True,
21f1188d26096093e604:deepseek-v4-pro,deepseek-v4-pro,deepseek-v4-pro,True,
57f1b54e2b6ab9608d89:MiniMax-M3,MiniMax-M3,MiniMax-M3,True,
a26c375197474ef8e11b:glm-5.3,glm-5.3,glm-5.3,True,
ab620b4ec465d00828ed:deepseek-v4-pro,deepseek-v4-pro,deepseek-v4-pro,True,
51b6179a71184453d501:MiniMax-M3,MiniMax-M3,MiniMax-M3,True,
0fb28bfe24edd36fc524:glm-5.3,glm-5.3,glm-5.3,True,
99db126618ba76a1bc9c:glm-5.3,glm-5.3,glm-5.3,True,
95c4fd7bdd45e2c1e017:glm-5.3,glm-5.3,glm-5.3,True,
d4fbb514b9a56c36142e:MiniMax-M3,MiniMax-M3,MiniMax-M3,True,
862afb33e80df0fc2de9:deepseek-v4-pro,deepseek-v4-pro,deepseek-v4-pro,True,
308b7fb6945cfae563f2:deepseek-v4-pro,deepseek-v4-pro,deepseek-v4-pro,True,
6f8b4b68e070272782be:glm-5.3,glm-5.3,glm-5.3,True,
a2646c1cfcb6a6d2bb29:MiniMax-M3,MiniMax-M3,MiniMax-M3,True,
270e42c3de3b6c804c0c:glm-5.3,glm-5.3,glm-5.3,True,
96c8b7f518e1ea0684d8:MiniMax-M3,MiniMax-M3,MiniMax-M3,True,
2673daf4c7439466636a:glm-5.3,glm-5.3,glm-5.3,True,
fa4afab100201d5965f1:MiniMax-M3,MiniMax-M3,MiniMax-M3,True,
6a8feecf3736c838aeae:glm-5.3,glm-5.3,glm-5.3,True,
8562b899c1dd044424a5:glm-5.3,glm-5.3,glm-5.3,True,
e3bc90a4587155fef262:glm-5.3,glm-5.3,glm-5.3,True,
372f350958a23d84a006:MiniMax-M3,MiniMax-M3,MiniMax-M3,True,
616a6650d585ddff6ed5:MiniMax-M3,MiniMax-M3,MiniMax-M3,True,
65f038e062c27f676c94:MiniMax-M3,MiniMax-M3,MiniMax-M3,True,
8f2daf3d37cf7be88f69:MiniMax-M3,MiniMax-M3,MiniMax-M3,True,
b85536e9048fcf6beead:MiniMax-M3,MiniMax-M3,MiniMax-M3,True,
b7bbdd9ada1576b0de24:glm-5.3,glm-5.3,glm-5.3,True,
02fe0f669dd89fe6a6c1:glm-5.3,glm-5.3,glm-5.3,True,
de916f31bc012d9b71d9:MiniMax-M3,MiniMax-M3,MiniMax-M3,True,
bc881c564e3409c2f554:glm-5.3,glm-5.3,glm-5.3,True,
cbb57fb8854e183b63b7:deepseek-v4-pro,deepseek-v4-pro,deepseek-v4-pro,True,
68f8e623330cbb906e98:deepseek-v4-pro,deepseek-v4-pro,deepseek-v4-pro,True,
c9ad4c670b8beeb5bd44:deepseek-v4-pro,deepseek-v4-pro,deepseek-v4-pro,True,
1c2bda3a3a021ffe9d81:glm-5.3,glm-5.3,glm-5.3,True,
b7350eb3cfd897d663fb:MiniMax-M3,MiniMax-M3,MiniMax-M3,True,
a51a2805a85272a6d2a1:glm-5.3,glm-5.3,glm-5.3,True,
caa4145199a6c7305a90:glm-5.3,glm-5.3,glm-5.3,True,
563b26900bd46833dfb5:deepseek-v4-pro,deepseek-v4-pro,deepseek-v4-pro,True,
30ce6f42ff571f94772e:glm-5.3,glm-5.3,glm-5.3,True,
e5ac5673bb6d50e5217c:deepseek-v4-pro,deepseek-v4-pro,deepseek-v4-pro,True,
94bfc2d29dcd8366f417:glm-5.3,glm-5.3,glm-5.3,True,
ae5c9ebfccb7176220c2:deepseek-v4-pro,deepseek-v4-pro,deepseek-v4-pro,True,
740ccbe2a57b9682895e:deepseek-v4-pro,deepseek-v4-pro,deepseek-v4-pro,True,
6dd9d46d2ac1b0d2753b:MiniMax-M3,MiniMax-M3,MiniMax-M3,True,
666f60a713cb273a1a5c:deepseek-v4-pro,deepseek-v4-pro,deepseek-v4-pro,True,
505f0986066f8b68af29:MiniMax-M3,MiniMax-M3,MiniMax-M3,True,
28721a367092400d6f66:glm-5.3,glm-5.3,glm-5.3,True,
d2f95cae761f8893d10b:glm-5.3,glm-5.3,glm-5.3,True,
4aba9618d5e46a0296a4:glm-5.3,glm-5.3,glm-5.3,True,
31e679c403565e91be27:glm-5.3,glm-5.3,glm-5.3,True,
cd252a86fb9b79698d2f:MiniMax-M3,MiniMax-M3,MiniMax-M3,True,
f8d6b0443932c81dd071:deepseek-v4-pro,deepseek-v4-pro,deepseek-v4-pro,True,
bb917accb6df17c44f5f:MiniMax-M3,MiniMax-M3,MiniMax-M3,True,
bd1e6cfb886923de3584:glm-5.3,glm-5.3,glm-5.3,True,
557f44394e1e4373e55d:MiniMax-M3,MiniMax-M3,MiniMax-M3,True,
af208600c9e823c4b0a3:glm-5.3,glm-5.3,glm-5.3,True,
b363121c4c9685c9705c:MiniMax-M3,MiniMax-M3,MiniMax-M3,True,
8417e6de7a1435edac3b:glm-5.3,glm-5.3,glm-5.3,True,
8d247f44929c2fd8d353:deepseek-v4-pro,deepseek-v4-pro,deepseek-v4-pro,True,
672694de038f7eed1590:MiniMax-M3,MiniMax-M3,MiniMax-M3,True,
37fc92e82a47be9bf2d8:deepseek-v4-pro,deepseek-v4-pro,deepseek-v4-pro,True,
eeb7af1f1f98d7e4c1a9:glm-5.3,glm-5.3,glm-5.3,True,
c082acec44a4a74e9530:MiniMax-M3,MiniMax-M3,MiniMax-M3,True,
50fa1fafedbb2961beab:deepseek-v4-pro,deepseek-v4-pro,deepseek-v4-pro,True,
3462a5aa3d056f5f1af6:deepseek-v4-pro,deepseek-v4-pro,deepseek-v4-pro,True,
35430e8b5808c0353561:MiniMax-M3,MiniMax-M3,MiniMax-M3,True,
39602f1fb646e40fc50d:deepseek-v4-pro,deepseek-v4-pro,deepseek-v4-pro,True,
a38777bd44b0b09d814c:glm-5.3,glm-5.3,glm-5.3,True,
eef5f24dcf168e46d8db:glm-5.3,glm-5.3,glm-5.3,True,
957f3d0268700b17ec32:glm-5.3,glm-5.3,glm-5.3,True,
b2aeb785d34df53f2427:MiniMax-M3,MiniMax-M3,MiniMax-M3,True,
db39689d55f33d581b70:deepseek-v4-pro,deepseek-v4-pro,deepseek-v4-pro,True,
d8411a9de8b7b79fa4ca:glm-5.3,glm-5.3,glm-5.3,True,
85106f8ae879017e7118:deepseek-v4-pro,deepseek-v4-pro,deepseek-v4-pro,True,
cddfa6311c647761da07:deepseek-v4-pro,deepseek-v4-pro,deepseek-v4-pro,True,
fb5b96f97d01200c4e0b:glm-5.3,glm-5.3,glm-5.3,True,
283572a85dc7f260c823:MiniMax-M3,MiniMax-M3,MiniMax-M3,True,
6528f424c94038903fed:MiniMax-M3,MiniMax-M3,MiniMax-M3,True,
ecf5c72704e0fadb0731:deepseek-v4-pro,deepseek-v4-pro,deepseek-v4-pro,True,
7f75cab6a0a7ab8bee96:glm-5.3,glm-5.3,glm-5.3,True,
b704fcd378fa5a5ae2d7:MiniMax-M3,MiniMax-M3,MiniMax-M3,True,
e930c57c6b6f21b96aba:MiniMax-M3,MiniMax-M3,MiniMax-M3,True,
269d0792fac105ba9b5b:glm-5.3,glm-5.3,glm-5.3,True,
ef1dde6cc0c590f280f0:deepseek-v4-pro,deepseek-v4-pro,deepseek-v4-pro,True,
a8691b7d732de57e1143:glm-5.3,glm-5.3,glm-5.3,True,
d3f243f8c2c45f453a6e:MiniMax-M3,MiniMax-M3,MiniMax-M3,True,
dfbc133fe0a26a0c5e09:glm-5.3,glm-5.3,glm-5.3,True,
c1f4a640d2161297ea80:deepseek-v4-pro,deepseek-v4-pro,deepseek-v4-pro,True,
4f6de318c3f03c51ba4c:glm-5.3,glm-5.3,glm-5.3,True,
ca1d79f61926188f3b2d:MiniMax-M3,MiniMax-M3,MiniMax-M3,True,
c7cab80e4ba42b85aa7d:deepseek-v4-pro,deepseek-v4-pro,deepseek-v4-pro,True,
f318df4dc13d96431fa4:MiniMax-M3,MiniMax-M3,MiniMax-M3,True,
48f2f3b49296011160d7:deepseek-v4-pro,deepseek-v4-pro,deepseek-v4-pro,True,
6e03a91bed3ed4fc3610:deepseek-v4-pro,deepseek-v4-pro,deepseek-v4-pro,True,
3f6a9270a9f67ff49187:deepseek-v4-pro,deepseek-v4-pro,deepseek-v4-pro,True,
a6fa2879db247b32b018:deepseek-v4-pro,deepseek-v4-pro,deepseek-v4-pro,True,
4b8944d5ff8298cf0424:deepseek-v4-pro,deepseek-v4-pro,deepseek-v4-pro,True,
db0bb4c849b4759e57c8:glm-5.3,glm-5.3,glm-5.3,True,
67eb08e4981663223a8d:glm-5.3,glm-5.3,glm-5.3,True,
169d6c8aceee9c89b8ae:glm-5.3,glm-5.3,glm-5.3,True,
6b6597ae4b7ad2ca9cb9:glm-5.3,glm-5.3,glm-5.3,True,
09dc80fe40f8dc102f5e:deepseek-v4-pro,deepseek-v4-pro,deepseek-v4-pro,True,
4a812f86094340916daa:glm-5.3,glm-5.3,glm-5.3,True,
a4dd53503699ec75648b:MiniMax-M3,MiniMax-M3,MiniMax-M3,True,
898033f7c39ea8d038f0:glm-5.3,glm-5.3,glm-5.3,True,
7fbb2f1500a195487c94:deepseek-v4-pro,deepseek-v4-pro,deepseek-v4-pro,True,
f655da98f53f49d14f00:glm-5.3,glm-5.3,glm-5.3,True,
1f0b3cb89d29eeb7ca63:deepseek-v4-pro,deepseek-v4-pro,deepseek-v4-pro,True,
deb5567a25a0ef4a7262:deepseek-v4-pro,deepseek-v4-pro,deepseek-v4-pro,True,
c1b85c481a5c96016ec3:MiniMax-M3,MiniMax-M3,MiniMax-M3,True,
b232423da6277b276850:deepseek-v4-pro,deepseek-v4-pro,deepseek-v4-pro,True,
fdb19fb33456e36e4159:glm-5.3,glm-5.3,glm-5.3,True,
e339fe1cc79c4e00ea43:deepseek-v4-pro,deepseek-v4-pro,deepseek-v4-pro,True,
5cbbe43020d4919e144f:glm-5.3,glm-5.3,glm-5.3,True,
1b1cb04cd550e9114510:glm-5.3,glm-5.3,glm-5.3,True,
20be1cdbdd0f9d82ccd5:MiniMax-M3,MiniMax-M3,MiniMax-M3,True,
d2c69c7908454e034209:glm-5.3,glm-5.3,glm-5.3,True,
5caa385fcd7594b09ef2:deepseek-v4-pro,deepseek-v4-pro,deepseek-v4-pro,True,
dd5532c5e414d683e46f:deepseek-v4-pro,deepseek-v4-pro,deepseek-v4-pro,True,
13125c99fada688d1b20:deepseek-v4-pro,deepseek-v4-pro,deepseek-v4-pro,True,
df407455885369527241:MiniMax-M3,MiniMax-M3,MiniMax-M3,True,
d001a203570d49eb3656:MiniMax-M3,MiniMax-M3,MiniMax-M3,True,
3fbe74a8c5ed91b41e75:MiniMax-M3,MiniMax-M3,MiniMax-M3,True,
200d9d93db739b745577:glm-5.3,glm-5.3,glm-5.3,True,
ae06185c7669ab02155c:deepseek-v4-pro,deepseek-v4-pro,deepseek-v4-pro,True,
eff5e04a5a042a91c33d:deepseek-v4-pro,deepseek-v4-pro,deepseek-v4-pro,True,
81cfaecd9c49b176da56:MiniMax-M3,MiniMax-M3,MiniMax-M3,True,
3e2c871223bb03b3d513:MiniMax-M3,MiniMax-M3,MiniMax-M3,True,
a9b1fcf01646df80276a:MiniMax-M3,MiniMax-M3,MiniMax-M3,True,
6e5e241d6cc8ae6994d5:glm-5.3,glm-5.3,glm-5.3,True,
dc874b72b390c76ea059:deepseek-v4-pro,deepseek-v4-pro,deepseek-v4-pro,True,
ae81ab5887b2c8377560:glm-5.3,glm-5.3,glm-5.3,True,
9fd77f917173fdeaee24:deepseek-v4-pro,deepseek-v4-pro,deepseek-v4-pro,True,
32dcc5236e717688767c:glm-5.3,glm-5.3,glm-5.3,True,
fc84ff058366358d9499:MiniMax-M3,MiniMax-M3,MiniMax-M3,True,
234361d15c8c986de1a5:glm-5.3,glm-5.3,glm-5.3,True,
95d66772db8e6acaea9b:glm-5.3,glm-5.3,glm-5.3,True,
2929d575cff66693320a:MiniMax-M3,MiniMax-M3,MiniMax-M3,True,
1d97006bb8e740f9c93b:glm-5.3,glm-5.3,glm-5.3,True,
c9624ad1007b45c6fd3a:deepseek-v4-pro,deepseek-v4-pro,deepseek-v4-pro,True,
3fa7cbbc3d771420cc75:deepseek-v4-pro,deepseek-v4-pro,deepseek-v4-pro,True,
c8ac262cf4a797661f89:deepseek-v4-pro,deepseek-v4-pro,deepseek-v4-pro,True,
51e73266375dbefc8d8f:MiniMax-M3,MiniMax-M3,MiniMax-M3,True,
af208600c9e823c4b0a3:deepseek-v4-pro,deepseek-v4-pro,deepseek-v4-pro,True,
95be34a19564a721b446:MiniMax-M3,MiniMax-M3,MiniMax-M3,True,
c8d1d19514db5e97c11c:deepseek-v4-pro,deepseek-v4-pro,deepseek-v4-pro,True,
dfc7f76012af2b75c4e1:deepseek-v4-pro,deepseek-v4-pro,deepseek-v4-pro,True,
3960baafd25932d0c7fc:glm-5.3,glm-5.3,glm-5.3,True,
010746765be3882ee78a:deepseek-v4-pro,deepseek-v4-pro,deepseek-v4-pro,True,
7ff95c8a986026c8ccd3:glm-5.3,glm-5.3,glm-5.3,True,
63e21d08b1eccefcde58:MiniMax-M3,MiniMax-M3,MiniMax-M3,True,
947cca3e791d22a93acd:MiniMax-M3,MiniMax-M3,MiniMax-M3,True,
c239ed602cb7956439a4:glm-5.3,glm-5.3,glm-5.3,True,
eb3902b87a1e8857c5ba:deepseek-v4-pro,deepseek-v4-pro,deepseek-v4-pro,True,
146ecb35205a1cce914f:MiniMax-M3,MiniMax-M3,MiniMax-M3,True,
5dd5135d86da1f5e25ab:MiniMax-M3,MiniMax-M3,MiniMax-M3,True,
65657df546b9aed5e6d7:deepseek-v4-pro,deepseek-v4-pro,deepseek-v4-pro,True,
aa8b8eced0437c6a4f3b:MiniMax-M3,MiniMax-M3,MiniMax-M3,True,
c617d7d40aee980a3534:deepseek-v4-pro,deepseek-v4-pro,deepseek-v4-pro,True,
11a761f13c480ff2726f:MiniMax-M3,MiniMax-M3,MiniMax-M3,True,
7a123790547e7a1075e5:glm-5.3,glm-5.3,glm-5.3,True,
ff056babef562d1100cf:glm-5.3,glm-5.3,glm-5.3,True,
26f8812fd0eabfd65821:deepseek-v4-pro,deepseek-v4-pro,deepseek-v4-pro,True,
e1b95f930a551b1a1259:MiniMax-M3,MiniMax-M3,MiniMax-M3,True,
e87f0b79c9ec22fc5a4a:deepseek-v4-pro,deepseek-v4-pro,deepseek-v4-pro,True,
0f9a727ad7defba6c278:MiniMax-M3,MiniMax-M3,MiniMax-M3,True,
ca3a4c69a01ef1db499b:glm-5.3,glm-5.3,glm-5.3,True,
762b9c988fc921b07a2b:MiniMax-M3,MiniMax-M3,MiniMax-M3,True,
e62aefcd1a35e599a086:deepseek-v4-pro,deepseek-v4-pro,deepseek-v4-pro,True,
38dc9e0ef9cb97ea838b:deepseek-v4-pro,deepseek-v4-pro,deepseek-v4-pro,True,
1bfdbd3abf322ca35efd:MiniMax-M3,MiniMax-M3,MiniMax-M3,True,
a8853b75edc4cd836d29:MiniMax-M3,MiniMax-M3,MiniMax-M3,True,
1bfdbd3abf322ca35efd:glm-5.3,glm-5.3,glm-5.3,True,
73d464af9629b84ebfb1:glm-5.3,glm-5.3,glm-5.3,True,
b3a39b5f5d6dbfecd2ae:MiniMax-M3,MiniMax-M3,MiniMax-M3,True,
8f5f6dd84b76ef7ac98a:glm-5.3,glm-5.3,glm-5.3,True,
172852bac21f74a8128b:MiniMax-M3,MiniMax-M3,MiniMax-M3,True,
790ab931cab107968a9d:deepseek-v4-pro,deepseek-v4-pro,deepseek-v4-pro,True,
276ed2ee0bdc98310c04:deepseek-v4-pro,deepseek-v4-pro,deepseek-v4-pro,True,
bdfe7a91e93de0ef0911:glm-5.3,glm-5.3,glm-5.3,True,
6bf6a97a83fc7124d3f3:MiniMax-M3,MiniMax-M3,MiniMax-M3,True,
02fac08621aca63b911b:deepseek-v4-pro,deepseek-v4-pro,deepseek-v4-pro,True,
5e2ffe7fa1dff0b4882a:MiniMax-M3,MiniMax-M3,MiniMax-M3,True,
196c96eab5aeb4053aa4:glm-5.3,glm-5.3,glm-5.3,True,
5219f4563ed51806b39e:glm-5.3,glm-5.3,glm-5.3,True,
9d46f92a9e197d5f9b5e:MiniMax-M3,MiniMax-M3,MiniMax-M3,True,
ea097e55e41dd3ded837:MiniMax-M3,MiniMax-M3,MiniMax-M3,True,
0ca45684e5f81cc7bebc:deepseek-v4-pro,deepseek-v4-pro,deepseek-v4-pro,True,
111dc8c6ec9b73ab2aa1:MiniMax-M3,MiniMax-M3,MiniMax-M3,True,
65b10d1fe021cc7c8a9e:glm-5.3,glm-5.3,glm-5.3,True,
3cd594743c9e5c7da954:glm-5.3,glm-5.3,glm-5.3,True,
75407792a72382fadbb0:MiniMax-M3,MiniMax-M3,MiniMax-M3,True,
5aedd656841a007b3a73:MiniMax-M3,MiniMax-M3,MiniMax-M3,True,
eed307449d8d09e05c81:deepseek-v4-pro,deepseek-v4-pro,deepseek-v4-pro,True,
35430e8b5808c0353561:glm-5.3,glm-5.3,glm-5.3,True,
e81b20cd676ae6b4dce3:glm-5.3,glm-5.3,glm-5.3,True,
ee9d3ed02c15693ce806:glm-5.3,glm-5.3,glm-5.3,True,
7549ea7368129c31da54:deepseek-v4-pro,deepseek-v4-pro,deepseek-v4-pro,True,
8783e1783ae5cd72f217:deepseek-v4-pro,deepseek-v4-pro,deepseek-v4-pro,True,
d2fd20e6ae20032f16b5:MiniMax-M3,MiniMax-M3,MiniMax-M3,True,
ae8dd4822768ef713305:MiniMax-M3,MiniMax-M3,MiniMax-M3,True,
434f7f88f374b318c6f4:MiniMax-M3,MiniMax-M3,MiniMax-M3,True,
ae07b7a5e1ffd4c56975:MiniMax-M3,MiniMax-M3,MiniMax-M3,True,
d9a3ce0095dcc1e42bf4:glm-5.3,glm-5.3,glm-5.3,True,
3f4033cab4f92dea5f2c:MiniMax-M3,MiniMax-M3,MiniMax-M3,True,
24b527312b26fe2d4214:MiniMax-M3,MiniMax-M3,MiniMax-M3,True,
1fd6522627bc054e0c9e:deepseek-v4-pro,deepseek-v4-pro,deepseek-v4-pro,True,
011e1aab08d00d78abe7:glm-5.3,glm-5.3,glm-5.3,True,
8e3c5014583670f85202:MiniMax-M3,MiniMax-M3,MiniMax-M3,True,
a06fd909033090a9e2e6:MiniMax-M3,MiniMax-M3,MiniMax-M3,True,
ee298982657f502c37c4:deepseek-v4-pro,deepseek-v4-pro,deepseek-v4-pro,True,
72d2f9f56b49a420a1eb:glm-5.3,glm-5.3,glm-5.3,True,
1f278df1380896e2b40d:MiniMax-M3,MiniMax-M3,MiniMax-M3,True,
3bdadefa0a921a30d093:glm-5.3,glm-5.3,glm-5.3,True,
d61f56ec2f1826f2b78e:MiniMax-M3,MiniMax-M3,MiniMax-M3,True,
dba457719706abe343e3:MiniMax-M3,MiniMax-M3,MiniMax-M3,True,
423bf46b6b9bd5d93d55:glm-5.3,glm-5.3,glm-5.3,True,
b62f77e499eb11e27950:glm-5.3,glm-5.3,glm-5.3,True,
281080cc76ac469a488e:deepseek-v4-pro,deepseek-v4-pro,deepseek-v4-pro,True,
3e28db980343ea803311:glm-5.3,glm-5.3,glm-5.3,True,
a76dd3041a87654d75df:deepseek-v4-pro,deepseek-v4-pro,deepseek-v4-pro,True,
2ea9a607e920aaa77f1e:deepseek-v4-pro,deepseek-v4-pro,deepseek-v4-pro,True,
28721a367092400d6f66:MiniMax-M3,MiniMax-M3,MiniMax-M3,True,
a42ffe68d16a3ec67874:MiniMax-M3,MiniMax-M3,MiniMax-M3,True,
65dae24ba9fd349cc501:deepseek-v4-pro,deepseek-v4-pro,deepseek-v4-pro,True,
3057f313fc8ffb578c30:glm-5.3,glm-5.3,glm-5.3,True,
519d2bbc9279d4d50e9e:MiniMax-M3,MiniMax-M3,MiniMax-M3,True,
de33e20340937f206f91:deepseek-v4-pro,deepseek-v4-pro,deepseek-v4-pro,True,
05aed63625d7b0214138:glm-5.3,glm-5.3,glm-5.3,True,
4c66b13b9b108f984f5d:glm-5.3,glm-5.3,glm-5.3,True,
30c0f9c7c9d1bc000a35:MiniMax-M3,MiniMax-M3,MiniMax-M3,True,
82ef205ab6e2f6b14651:MiniMax-M3,MiniMax-M3,MiniMax-M3,True,
a7ec5b5a328b914fd559:MiniMax-M3,MiniMax-M3,MiniMax-M3,True,
53971d2b3a40a05e90f6:MiniMax-M3,MiniMax-M3,MiniMax-M3,True,
44fe699aeac4cc2c9a94:MiniMax-M3,MiniMax-M3,MiniMax-M3,True,
7a2886f621682822d044:MiniMax-M3,MiniMax-M3,MiniMax-M3,True,
9abc7274495f64b2abd9:glm-5.3,glm-5.3,glm-5.3,True,
9d8d2bb946b23a01971c:deepseek-v4-pro,deepseek-v4-pro,deepseek-v4-pro,True,
bb79fb47c7afd0f59688:deepseek-v4-pro,deepseek-v4-pro,deepseek-v4-pro,True,
eb535e14bf83401089da:MiniMax-M3,MiniMax-M3,MiniMax-M3,True,
7176efe1d92c3e461e9e:deepseek-v4-pro,deepseek-v4-pro,deepseek-v4-pro,True,
8d2c865860caf97b16ff:MiniMax-M3,MiniMax-M3,MiniMax-M3,True,
022b79b62039cb85ac21:glm-5.3,glm-5.3,glm-5.3,True,
7aa6d63182f55872d507:MiniMax-M3,MiniMax-M3,MiniMax-M3,True,
aeb91b707affb070c115:MiniMax-M3,MiniMax-M3,MiniMax-M3,True,
9c63bc136873cb51e619:MiniMax-M3,MiniMax-M3,MiniMax-M3,True,
88266475d1974f2e95b9:deepseek-v4-pro,deepseek-v4-pro,deepseek-v4-pro,True,
923bb1207bd391c70abc:deepseek-v4-pro,deepseek-v4-pro,deepseek-v4-pro,True,
b1b9c35e73cdd3285d6c:deepseek-v4-pro,deepseek-v4-pro,deepseek-v4-pro,True,
659ac2a16d89f8f6266c:MiniMax-M3,MiniMax-M3,MiniMax-M3,True,
61c1388aa3c4ce19098c:deepseek-v4-pro,deepseek-v4-pro,deepseek-v4-pro,True,
403d61bec9d34a595f18:MiniMax-M3,MiniMax-M3,MiniMax-M3,True,
121adf46d4add112778c:glm-5.3,glm-5.3,glm-5.3,True,
120d12d596cf96788829:MiniMax-M3,MiniMax-M3,MiniMax-M3,True,
1c812feb16b8720ce3e1:MiniMax-M3,MiniMax-M3,MiniMax-M3,True,
9940bdb4841ce758ed1d:deepseek-v4-pro,deepseek-v4-pro,deepseek-v4-pro,True,
380b89f803cf6ae2def9:deepseek-v4-pro,deepseek-v4-pro,deepseek-v4-pro,True,
9d68ed7e4e88a8daf5cf:glm-5.3,glm-5.3,glm-5.3,True,
a1b65beed0ad7ca83bf7:glm-5.3,glm-5.3,glm-5.3,True,
b5a97b552d0d9121562c:deepseek-v4-pro,deepseek-v4-pro,deepseek-v4-pro,True,
ff5da605f33988bdea87:deepseek-v4-pro,deepseek-v4-pro,deepseek-v4-pro,True,
bf9d6f9ffe83404529dd:MiniMax-M3,MiniMax-M3,MiniMax-M3,True,
e9ce9ad372aec6e6dd09:glm-5.3,glm-5.3,glm-5.3,True,
9c90bc4922657722eabb:deepseek-v4-pro,deepseek-v4-pro,deepseek-v4-pro,True,
55ee77cb3eee52bb2001:MiniMax-M3,MiniMax-M3,MiniMax-M3,True,
a4105329912ec26b9dbb:MiniMax-M3,MiniMax-M3,MiniMax-M3,True,
6e24611e66608fcf3821:MiniMax-M3,MiniMax-M3,MiniMax-M3,True,
13a5b51c0a9e9602bb14:MiniMax-M3,MiniMax-M3,MiniMax-M3,True,
5b1278309b5d652c0215:glm-5.3,glm-5.3,glm-5.3,True,
092c66316260ed94277c:glm-5.3,glm-5.3,glm-5.3,True,
2f2b6a5072334a80463d:deepseek-v4-pro,deepseek-v4-pro,deepseek-v4-pro,True,
c00b12ebbca169129b51:glm-5.3,glm-5.3,glm-5.3,True,
b892d5510cd7f9c798f2:MiniMax-M3,MiniMax-M3,MiniMax-M3,True,
458efa1884e72bbb3b04:glm-5.3,glm-5.3,glm-5.3,True,
3ae8c2eac3d49d44b28b:deepseek-v4-pro,deepseek-v4-pro,deepseek-v4-pro,True,
69c800826b8ff705ccda:glm-5.3,glm-5.3,glm-5.3,True,
bd5f931e87957fa86202:MiniMax-M3,MiniMax-M3,MiniMax-M3,True,
c8880593e8d1182b2ec9:glm-5.3,glm-5.3,glm-5.3,True,
a222d912570e6a1a070f:deepseek-v4-pro,deepseek-v4-pro,deepseek-v4-pro,True,
166f65e8c36f46aba3b1:MiniMax-M3,MiniMax-M3,MiniMax-M3,True,
fe517f9d968c88a5441c:deepseek-v4-pro,deepseek-v4-pro,deepseek-v4-pro,True,
e38f2e6feda47962c818:MiniMax-M3,MiniMax-M3,MiniMax-M3,True,
17417ba7e1fe65a3af54:glm-5.3,glm-5.3,glm-5.3,True,
ddab60dc254c840d7a6f:deepseek-v4-pro,deepseek-v4-pro,deepseek-v4-pro,True,
6d3400431fc197c031a0:glm-5.3,glm-5.3,glm-5.3,True,
33038cd7ffbd3eef91d4:deepseek-v4-pro,deepseek-v4-pro,deepseek-v4-pro,True,
1caf975783eb8d3b8ffb:glm-5.3,glm-5.3,glm-5.3,True,
0980485208e6983029f7:MiniMax-M3,MiniMax-M3,MiniMax-M3,True,
255417ea57024a85ec7c:deepseek-v4-pro,deepseek-v4-pro,deepseek-v4-pro,True,
4374f8176d7a9a830087:MiniMax-M3,MiniMax-M3,MiniMax-M3,True,
a38777bd44b0b09d814c:deepseek-v4-pro,deepseek-v4-pro,deepseek-v4-pro,True,
d8176357965df10e121a:deepseek-v4-pro,deepseek-v4-pro,deepseek-v4-pro,True,
fdd5ce9fc0bd30f0634d:glm-5.3,glm-5.3,glm-5.3,True,
3889693b021323649b63:MiniMax-M3,MiniMax-M3,MiniMax-M3,True,
ad2b1bc01f065ec8a5a7:MiniMax-M3,MiniMax-M3,MiniMax-M3,True,
55f32256d309a5c7ef41:glm-5.3,glm-5.3,glm-5.3,True,
77dabe87394aeb8356c3:deepseek-v4-pro,deepseek-v4-pro,deepseek-v4-pro,True,
af65094612673a02d6a2:deepseek-v4-pro,deepseek-v4-pro,deepseek-v4-pro,True,
e26f81cdab0205c6f4f4:MiniMax-M3,MiniMax-M3,MiniMax-M3,True,
9dd7d2177c1997dcb004:deepseek-v4-pro,deepseek-v4-pro,deepseek-v4-pro,True,
40347447d9f8b3f6b530:deepseek-v4-pro,deepseek-v4-pro,deepseek-v4-pro,True,
3e9a7f3aaaee239fcfdd:glm-5.3,glm-5.3,glm-5.3,True,
ee6710e54bb98b52130d:deepseek-v4-pro,deepseek-v4-pro,deepseek-v4-pro,True,
a0435d845a8237bd21a9:MiniMax-M3,MiniMax-M3,MiniMax-M3,True,
86df79f97329a4589c81:deepseek-v4-pro,deepseek-v4-pro,deepseek-v4-pro,True,
bda9e846279790b842ec:deepseek-v4-pro,deepseek-v4-pro,deepseek-v4-pro,True,
15ed46959207d4638181:MiniMax-M3,MiniMax-M3,MiniMax-M3,True,
621db77bd3dd48084a27:glm-5.3,glm-5.3,glm-5.3,True,
bed02ff3ada5b7d43104:MiniMax-M3,MiniMax-M3,MiniMax-M3,True,
48f2e65abdcd73b3323c:deepseek-v4-pro,deepseek-v4-pro,deepseek-v4-pro,True,
844e1f673c6d6c331805:glm-5.3,glm-5.3,glm-5.3,True,
5caa385fcd7594b09ef2:MiniMax-M3,MiniMax-M3,MiniMax-M3,True,
8db536728cff86148c3b:deepseek-v4-pro,deepseek-v4-pro,deepseek-v4-pro,True,
8c55270b8cab09dda828:deepseek-v4-pro,deepseek-v4-pro,deepseek-v4-pro,True,
acbcd8a3fea51882b813:MiniMax-M3,MiniMax-M3,MiniMax-M3,True,
513a87a1c117987b86a2:glm-5.3,glm-5.3,glm-5.3,True,
ebc24c31df6de28773ef:deepseek-v4-pro,deepseek-v4-pro,deepseek-v4-pro,True,
9f07757a1ecd8169d29e:glm-5.3,glm-5.3,glm-5.3,True,
6b3c90a51f5273f2d85c:MiniMax-M3,MiniMax-M3,MiniMax-M3,True,
f8953333976b8b747a76:glm-5.3,glm-5.3,glm-5.3,True,
05f79035868e6c90f634:MiniMax-M3,MiniMax-M3,MiniMax-M3,True,
740ccbe2a57b9682895e:MiniMax-M3,MiniMax-M3,MiniMax-M3,True,
713cd87bd5897114a93d:glm-5.3,glm-5.3,glm-5.3,True,
c89bba4bdb8633fe78ab:deepseek-v4-pro,deepseek-v4-pro,deepseek-v4-pro,True,
343af7f6fbf284969638:glm-5.3,glm-5.3,glm-5.3,True,
37cf8af549ed4a5d3c60:deepseek-v4-pro,deepseek-v4-pro,deepseek-v4-pro,True,
55e4c27428ce9304070a:glm-5.3,glm-5.3,glm-5.3,True,
6d2f76eee2eed05c2318:deepseek-v4-pro,deepseek-v4-pro,deepseek-v4-pro,True,
a39ae1dc6cf96e3dd39f:glm-5.3,glm-5.3,glm-5.3,True,
269d0792fac105ba9b5b:MiniMax-M3,MiniMax-M3,MiniMax-M3,True,
a2026dec2c61542346d1:deepseek-v4-pro,deepseek-v4-pro,deepseek-v4-pro,True,
94d663d5f9b41540419f:MiniMax-M3,MiniMax-M3,MiniMax-M3,True,
3e108c8cbeed4ab0d97a:MiniMax-M3,MiniMax-M3,MiniMax-M3,True,
208f5e320084283e2d26:deepseek-v4-pro,deepseek-v4-pro,deepseek-v4-pro,True,
e3e7dfd9a3d40257605c:glm-5.3,glm-5.3,glm-5.3,True,
01b7a85a73c1f63467f0:MiniMax-M3,MiniMax-M3,MiniMax-M3,True,
e2084abaa198409ec490:glm-5.3,glm-5.3,glm-5.3,True,
31852d2bf5b2a2a69c19:deepseek-v4-pro,deepseek-v4-pro,deepseek-v4-pro,True,
c3a10dca1b2ced3075b2:deepseek-v4-pro,deepseek-v4-pro,deepseek-v4-pro,True,
aab4a0b358712bc7c54d:deepseek-v4-pro,deepseek-v4-pro,deepseek-v4-pro,True,
7074d724fb09812ecd64:deepseek-v4-pro,deepseek-v4-pro,deepseek-v4-pro,True,
be90d4e1ccadf2f11df4:deepseek-v4-pro,deepseek-v4-pro,deepseek-v4-pro,True,
41eacc7a559d1e5d896c:deepseek-v4-pro,deepseek-v4-pro,deepseek-v4-pro,True,
ad7b0ee906668e94eebe:MiniMax-M3,MiniMax-M3,MiniMax-M3,True,
f6efccbeee0e71dd2aa2:glm-5.3,glm-5.3,glm-5.3,True,
6e5e241d6cc8ae6994d5:deepseek-v4-pro,deepseek-v4-pro,deepseek-v4-pro,True,
2d5563067c3be4f10a30:glm-5.3,glm-5.3,glm-5.3,True,
25131df7d0b7164f221e:MiniMax-M3,MiniMax-M3,MiniMax-M3,True,
73c514a7efe20e8793e7:MiniMax-M3,MiniMax-M3,MiniMax-M3,True,
722dd36bc635e4bb6cd9:glm-5.3,glm-5.3,glm-5.3,True,
e57e3004daeabece75c4:glm-5.3,glm-5.3,glm-5.3,True,
96777925232dc2fb87d0:deepseek-v4-pro,deepseek-v4-pro,deepseek-v4-pro,True,
3372c55e3c394b04ce6a:MiniMax-M3,MiniMax-M3,MiniMax-M3,True,
5f34abfdc337e4077989:glm-5.3,glm-5.3,glm-5.3,True,
1597bc467426358e0e2b:glm-5.3,glm-5.3,glm-5.3,True,
d252623ebe5036df68cc:deepseek-v4-pro,deepseek-v4-pro,deepseek-v4-pro,True,
5e4c3c2a78bea798fab0:glm-5.3,glm-5.3,glm-5.3,True,
f37f98369cca1ea51236:glm-5.3,glm-5.3,glm-5.3,True,
cc53759ee91a92c7ca44:MiniMax-M3,MiniMax-M3,MiniMax-M3,True,
120a692a5f99795f990b:MiniMax-M3,MiniMax-M3,MiniMax-M3,True,
4a84937d79a816b5d14d:deepseek-v4-pro,deepseek-v4-pro,deepseek-v4-pro,True,
9de5f3ad9db5d0afa757:deepseek-v4-pro,deepseek-v4-pro,deepseek-v4-pro,True,
bc23e3844f208c481951:glm-5.3,glm-5.3,glm-5.3,True,
5a949d4bea30ee884e75:glm-5.3,glm-5.3,glm-5.3,True,
d784eae1df41d5f376c4:deepseek-v4-pro,deepseek-v4-pro,deepseek-v4-pro,True,
6a319667499168e5e9d8:deepseek-v4-pro,deepseek-v4-pro,deepseek-v4-pro,True,
94fa8adf3c58e900f608:deepseek-v4-pro,deepseek-v4-pro,deepseek-v4-pro,True,
9b03257d0bae39740757:MiniMax-M3,MiniMax-M3,MiniMax-M3,True,
bc9073fe29575570b1d9:deepseek-v4-pro,deepseek-v4-pro,deepseek-v4-pro,True,
e26f81cdab0205c6f4f4:glm-5.3,glm-5.3,glm-5.3,True,
f438413d0f6c8a07dff7:MiniMax-M3,MiniMax-M3,MiniMax-M3,True,
a4c196f2db5116a5a1ac:deepseek-v4-pro,deepseek-v4-pro,deepseek-v4-pro,True,
dc4eb6241b5374f73fbd:MiniMax-M3,MiniMax-M3,MiniMax-M3,True,
311284f993516ba068c8:deepseek-v4-pro,deepseek-v4-pro,deepseek-v4-pro,True,
bbc32676950b0ce305e2:glm-5.3,glm-5.3,glm-5.3,True,
538cdefa137a7b7134ad:deepseek-v4-pro,deepseek-v4-pro,deepseek-v4-pro,True,
a7c3d51a565cbb7ba6a0:MiniMax-M3,MiniMax-M3,MiniMax-M3,True,
4db798dbb33c9bd23688:MiniMax-M3,MiniMax-M3,MiniMax-M3,True,
537568a0d7b010e6aca6:MiniMax-M3,MiniMax-M3,MiniMax-M3,True,
28be7df381fe2e87794f:glm-5.3,glm-5.3,glm-5.3,True,
c3a10dca1b2ced3075b2:MiniMax-M3,MiniMax-M3,MiniMax-M3,True,
42be73305b3c5d17d4e8:deepseek-v4-pro,deepseek-v4-pro,deepseek-v4-pro,True,
c85f86c721ce0250ce47:deepseek-v4-pro,deepseek-v4-pro,deepseek-v4-pro,True,
99486c34f729a6fbb54a:deepseek-v4-pro,deepseek-v4-pro,deepseek-v4-pro,True,
ee9d3ed02c15693ce806:MiniMax-M3,MiniMax-M3,MiniMax-M3,True,
5f5761510704e7db7b79:glm-5.3,glm-5.3,glm-5.3,True,
67916b43d004f9434d02:deepseek-v4-pro,deepseek-v4-pro,deepseek-v4-pro,True,
91e981a1add211a254e8:MiniMax-M3,MiniMax-M3,MiniMax-M3,True,
6557a8ad9e461ac38a10:glm-5.3,glm-5.3,glm-5.3,True,
3114cdb9321972629085:glm-5.3,glm-5.3,glm-5.3,True,
8164e2524e02560bfb5f:deepseek-v4-pro,deepseek-v4-pro,deepseek-v4-pro,True,
411300ed4a42b2960283:deepseek-v4-pro,deepseek-v4-pro,deepseek-v4-pro,True,
21fedc7527ee196f8e93:deepseek-v4-pro,deepseek-v4-pro,deepseek-v4-pro,True,
3fcdc903efd6ec4b1d28:deepseek-v4-pro,deepseek-v4-pro,deepseek-v4-pro,True,
aa8b8eced0437c6a4f3b:deepseek-v4-pro,deepseek-v4-pro,deepseek-v4-pro,True,
0f947e5d5aa8e74d83f9:deepseek-v4-pro,deepseek-v4-pro,deepseek-v4-pro,True,
6072dffa835fc4f14a9b:deepseek-v4-pro,deepseek-v4-pro,deepseek-v4-pro,True,
0add3aae53e810626390:MiniMax-M3,MiniMax-M3,MiniMax-M3,True,
344289d95038b38620c0:MiniMax-M3,MiniMax-M3,MiniMax-M3,True,
4eb375830354f951101b:deepseek-v4-pro,deepseek-v4-pro,deepseek-v4-pro,True,
08567618f09f76928532:deepseek-v4-pro,deepseek-v4-pro,deepseek-v4-pro,True,
7f4f20a04a17a1ec2a11:glm-5.3,glm-5.3,glm-5.3,True,
55e91c45f1264acb25b5:MiniMax-M3,MiniMax-M3,MiniMax-M3,True,
b2760d830348ca425e78:deepseek-v4-pro,deepseek-v4-pro,deepseek-v4-pro,True,
17a80f1075d5d31a5b2c:MiniMax-M3,MiniMax-M3,MiniMax-M3,True,
fc4b9ffa62a08210118c:MiniMax-M3,MiniMax-M3,MiniMax-M3,True,
f8cbf088868352352103:MiniMax-M3,MiniMax-M3,MiniMax-M3,True,
f399ff081c96b45e451b:deepseek-v4-pro,deepseek-v4-pro,deepseek-v4-pro,True,
3e86be35acb1d0d7b878:MiniMax-M3,MiniMax-M3,MiniMax-M3,True,
f86a8ecb7861899660da:deepseek-v4-pro,deepseek-v4-pro,deepseek-v4-pro,True,
bd5f931e87957fa86202:glm-5.3,glm-5.3,glm-5.3,True,
a00175ba4eee824b18c7:glm-5.3,glm-5.3,glm-5.3,True,
15d045261474a2042985:MiniMax-M3,MiniMax-M3,MiniMax-M3,True,
a6902b4650c8e2461857:deepseek-v4-pro,deepseek-v4-pro,deepseek-v4-pro,True,
b232423da6277b276850:glm-5.3,glm-5.3,glm-5.3,True,
adfaa44479598ac50f81:glm-5.3,glm-5.3,glm-5.3,True,
c2b297a1c5acdf22f05a:deepseek-v4-pro,deepseek-v4-pro,deepseek-v4-pro,True,
e78701ee9362f75ccc83:MiniMax-M3,MiniMax-M3,MiniMax-M3,True,
471323a111e247b49871:deepseek-v4-pro,deepseek-v4-pro,deepseek-v4-pro,True,
6052e419ec8a8446f084:MiniMax-M3,MiniMax-M3,MiniMax-M3,True,
637b4e2b82764774dbe1:deepseek-v4-pro,deepseek-v4-pro,deepseek-v4-pro,True,
84f7a287315ab8ee76cc:deepseek-v4-pro,deepseek-v4-pro,deepseek-v4-pro,True,
fbf284d9199824ba6ac8:MiniMax-M3,MiniMax-M3,MiniMax-M3,True,
06825c727687319493dc:MiniMax-M3,MiniMax-M3,MiniMax-M3,True,
4cb4ff71e2990dac51bf:glm-5.3,glm-5.3,glm-5.3,True,
20e69caaab30a9c81003:deepseek-v4-pro,deepseek-v4-pro,deepseek-v4-pro,True,
bd3ed2258008b653276b:MiniMax-M3,MiniMax-M3,MiniMax-M3,True,
fd211b21f40b1edb682f:deepseek-v4-pro,deepseek-v4-pro,deepseek-v4-pro,True,
a4c5097308f716221484:deepseek-v4-pro,deepseek-v4-pro,deepseek-v4-pro,True,
b2da9f9314944bd0f5d1:MiniMax-M3,MiniMax-M3,MiniMax-M3,True,
e068364837bcb2530c42:MiniMax-M3,MiniMax-M3,MiniMax-M3,True,
dda729e68b19348a783c:MiniMax-M3,MiniMax-M3,MiniMax-M3,True,
2981bc1834415a2bcf51:glm-5.3,glm-5.3,glm-5.3,True,
8164e2524e02560bfb5f:glm-5.3,glm-5.3,glm-5.3,True,
c0c69dcfb5fad3ef7d20:glm-5.3,glm-5.3,glm-5.3,True,
d23b56e17254c7e8754b:deepseek-v4-pro,deepseek-v4-pro,deepseek-v4-pro,True,
dba343ef8de49d52e040:MiniMax-M3,MiniMax-M3,MiniMax-M3,True,
00244f7b9ae65abcde7b:glm-5.3,glm-5.3,glm-5.3,True,
aa410e8978b97c68d37d:glm-5.3,glm-5.3,glm-5.3,True,
34a98e5c3f510370e52b:MiniMax-M3,MiniMax-M3,MiniMax-M3,True,
9d876432fc2af5babd97:deepseek-v4-pro,deepseek-v4-pro,deepseek-v4-pro,True,
1c00ba6639feeb93782f:deepseek-v4-pro,deepseek-v4-pro,deepseek-v4-pro,True,
497f30d85f80d893eeaf:glm-5.3,glm-5.3,glm-5.3,True,
767a2be8a97fd2ae357d:glm-5.3,glm-5.3,glm-5.3,True,
1fc5af9a90454387222b:glm-5.3,glm-5.3,glm-5.3,True,
4988937a516260c8b175:deepseek-v4-pro,deepseek-v4-pro,deepseek-v4-pro,True,
32dcc5236e717688767c:MiniMax-M3,MiniMax-M3,MiniMax-M3,True,
4ba7d482ab6e2d8274c2:deepseek-v4-pro,deepseek-v4-pro,deepseek-v4-pro,True,
34eac6616c6d983ffd76:MiniMax-M3,MiniMax-M3,MiniMax-M3,True,
2b13348bd694a33236bd:MiniMax-M3,MiniMax-M3,MiniMax-M3,True,
907011cc08aa9fb8f1c8:MiniMax-M3,MiniMax-M3,MiniMax-M3,True,
502a631c3c7ebb0ba6b6:MiniMax-M3,MiniMax-M3,MiniMax-M3,True,
698ac78764fa5a6ac9bb:deepseek-v4-pro,deepseek-v4-pro,deepseek-v4-pro,True,
cc8d14a2997a67532aba:MiniMax-M3,MiniMax-M3,MiniMax-M3,True,
6360978169b1ea56f2ae:deepseek-v4-pro,deepseek-v4-pro,deepseek-v4-pro,True,
1e73ad65ca26c069f3e8:glm-5.3,glm-5.3,glm-5.3,True,
81a15806ba3b7ab2855d:deepseek-v4-pro,deepseek-v4-pro,deepseek-v4-pro,True,
930465ac8351785f3372:glm-5.3,glm-5.3,glm-5.3,True,
07cb4f5104044ed8b55f:MiniMax-M3,MiniMax-M3,MiniMax-M3,True,
9511afe45114f97dbe1b:glm-5.3,glm-5.3,glm-5.3,True,
939f3798ce7b064b1d17:glm-5.3,glm-5.3,glm-5.3,True,
fcf318c3fb1fe6f73c5d:MiniMax-M3,MiniMax-M3,MiniMax-M3,True,
be945a8bc7a1d180e2fe:MiniMax-M3,MiniMax-M3,MiniMax-M3,True,
0af892f4ada94842df38:deepseek-v4-pro,deepseek-v4-pro,deepseek-v4-pro,True,
f22fa469963e945055dc:deepseek-v4-pro,deepseek-v4-pro,deepseek-v4-pro,True,
6217a5ab29572e15f31f:glm-5.3,glm-5.3,glm-5.3,True,
7839e0b5baa2a1b40bc3:MiniMax-M3,MiniMax-M3,MiniMax-M3,True,
d2f78496d3b48b0a6c3a:glm-5.3,glm-5.3,glm-5.3,True,
80345213869d5a52c089:glm-5.3,glm-5.3,glm-5.3,True,
536c3f2e9cccd2375b7f:MiniMax-M3,MiniMax-M3,MiniMax-M3,True,
faebeed9fefffe334eea:glm-5.3,glm-5.3,glm-5.3,True,
e78701ee9362f75ccc83:glm-5.3,glm-5.3,glm-5.3,True,
9ee8ec5977156b80db74:deepseek-v4-pro,deepseek-v4-pro,deepseek-v4-pro,True,
bb9977fee48bc91bec2c:deepseek-v4-pro,deepseek-v4-pro,deepseek-v4-pro,True,
2fdfc1dae1eba7f94f52:deepseek-v4-pro,deepseek-v4-pro,deepseek-v4-pro,True,
3932bc28165e3d2184de:MiniMax-M3,MiniMax-M3,MiniMax-M3,True,
8d46c78ca9929746457f:MiniMax-M3,MiniMax-M3,MiniMax-M3,True,
3fcdc903efd6ec4b1d28:MiniMax-M3,MiniMax-M3,MiniMax-M3,True,
ec0629b5133124ce97b6:glm-5.3,glm-5.3,glm-5.3,True,
3ae8c2eac3d49d44b28b:MiniMax-M3,MiniMax-M3,MiniMax-M3,True,
c56046c8e12437547b98:MiniMax-M3,MiniMax-M3,MiniMax-M3,True,
43bdd81809e19ff188bf:glm-5.3,glm-5.3,glm-5.3,True,
6cbf4d27257191b18b58:glm-5.3,glm-5.3,glm-5.3,True,
6adeb86587431e51928e:glm-5.3,glm-5.3,glm-5.3,True,
74d2f89815234e66f48e:deepseek-v4-pro,deepseek-v4-pro,deepseek-v4-pro,True,
87db1679526360ff93f1:MiniMax-M3,MiniMax-M3,MiniMax-M3,True,
4d60a3c68baa6fd0f381:glm-5.3,glm-5.3,glm-5.3,True,
d444d32fcfc2aa98fa79:glm-5.3,glm-5.3,glm-5.3,True,
f807064fc8965523e3d4:glm-5.3,glm-5.3,glm-5.3,True,
f8fac30166eab41ed8fa:glm-5.3,glm-5.3,glm-5.3,True,
8134d603b83cae2d101b:glm-5.3,glm-5.3,glm-5.3,True,
cdf5af42bac527079897:glm-5.3,glm-5.3,glm-5.3,True,
ba948f4c00731514f365:MiniMax-M3,MiniMax-M3,MiniMax-M3,True,
4f640c1066c80e6bdfb8:MiniMax-M3,MiniMax-M3,MiniMax-M3,True,
3372c55e3c394b04ce6a:deepseek-v4-pro,deepseek-v4-pro,deepseek-v4-pro,True,
7f38afaa1dcede9484c5:MiniMax-M3,MiniMax-M3,MiniMax-M3,True,
322aabe94a587278b435:MiniMax-M3,MiniMax-M3,MiniMax-M3,True,
bf9d6f9ffe83404529dd:glm-5.3,glm-5.3,glm-5.3,True,
60f8524dc98d6bcb55d4:glm-5.3,glm-5.3,glm-5.3,True,
f7fd863e93de79aab88b:deepseek-v4-pro,deepseek-v4-pro,deepseek-v4-pro,True,
4ddcd31601c74396002e:MiniMax-M3,MiniMax-M3,MiniMax-M3,True,
67c98c3216e4f90f7922:MiniMax-M3,MiniMax-M3,MiniMax-M3,True,
2986753766225c3f4be5:MiniMax-M3,MiniMax-M3,MiniMax-M3,True,
0764569c6793698ce5e8:deepseek-v4-pro,deepseek-v4-pro,deepseek-v4-pro,True,
8174357ff3baf26b42dc:deepseek-v4-pro,deepseek-v4-pro,deepseek-v4-pro,True,
944fdc7e67bf520bda75:glm-5.3,glm-5.3,glm-5.3,True,
b9001273725bd22d74be:glm-5.3,glm-5.3,glm-5.3,True,
72c029920aa70cb08c07:glm-5.3,glm-5.3,glm-5.3,True,
341c382c25952012c82b:deepseek-v4-pro,deepseek-v4-pro,deepseek-v4-pro,True,
bc881c564e3409c2f554:MiniMax-M3,MiniMax-M3,MiniMax-M3,True,
91e08e73f19fd1c694b3:deepseek-v4-pro,deepseek-v4-pro,deepseek-v4-pro,True,
8174357ff3baf26b42dc:MiniMax-M3,MiniMax-M3,MiniMax-M3,True,
9cb5999c66467a43b651:glm-5.3,glm-5.3,glm-5.3,True,
dcbea5b4092b7cce00f6:MiniMax-M3,MiniMax-M3,MiniMax-M3,True,
76d6e1d52add131bcc35:deepseek-v4-pro,deepseek-v4-pro,deepseek-v4-pro,True,
c94d157b1de98c8267cf:MiniMax-M3,MiniMax-M3,MiniMax-M3,True,
8c55270b8cab09dda828:MiniMax-M3,MiniMax-M3,MiniMax-M3,True,
146ecb35205a1cce914f:glm-5.3,glm-5.3,glm-5.3,True,
4308db60c847c60505af:MiniMax-M3,MiniMax-M3,MiniMax-M3,True,
7312b003555308ec0d22:deepseek-v4-pro,deepseek-v4-pro,deepseek-v4-pro,True,
bb9d0d6b0ad44adde203:glm-5.3,glm-5.3,glm-5.3,True,
9df6a1605c7bb1e2489d:MiniMax-M3,MiniMax-M3,MiniMax-M3,True,
223108f6c9c99239f9ea:MiniMax-M3,MiniMax-M3,MiniMax-M3,True,
afa8aaffbfba86c72e06:deepseek-v4-pro,deepseek-v4-pro,deepseek-v4-pro,True,
854a17f56536c3c2fcd9:MiniMax-M3,MiniMax-M3,MiniMax-M3,True,
27156e2d6c3336b03933:deepseek-v4-pro,deepseek-v4-pro,deepseek-v4-pro,True,
90f3f1c40b54dddd1f12:deepseek-v4-pro,deepseek-v4-pro,deepseek-v4-pro,True,
87ed51af3ca63dc01a75:glm-5.3,glm-5.3,glm-5.3,True,
2dc1f139a70191118ae3:glm-5.3,glm-5.3,glm-5.3,True,
77d595292f41c9f4a1ea:MiniMax-M3,MiniMax-M3,MiniMax-M3,True,
fec2208f4b4172c697f4:glm-5.3,glm-5.3,glm-5.3,True,
8a20121412e418b9e12b:glm-5.3,glm-5.3,glm-5.3,True,
f4a2a11cc09aa78b83ee:deepseek-v4-pro,deepseek-v4-pro,deepseek-v4-pro,True,
b7ead0754a897271cc42:MiniMax-M3,MiniMax-M3,MiniMax-M3,True,
01458299fb3d9a114c58:MiniMax-M3,MiniMax-M3,MiniMax-M3,True,
bb11d089d130d8910a98:MiniMax-M3,MiniMax-M3,MiniMax-M3,True,
e07593b55c0b9a18678e:glm-5.3,glm-5.3,glm-5.3,True,
2263ad3dfc476f18ed6f:deepseek-v4-pro,deepseek-v4-pro,deepseek-v4-pro,True,
1a6038d6101c79a89b04:deepseek-v4-pro,deepseek-v4-pro,deepseek-v4-pro,True,
ee298982657f502c37c4:MiniMax-M3,MiniMax-M3,MiniMax-M3,True,
d3cf5e5a34febbf65a9b:glm-5.3,glm-5.3,glm-5.3,True,
1bd5c5c44acf64c6a1dc:glm-5.3,glm-5.3,glm-5.3,True,
944fdc7e67bf520bda75:deepseek-v4-pro,deepseek-v4-pro,deepseek-v4-pro,True,
96ac8fd4fa60fbdec3ed:deepseek-v4-pro,deepseek-v4-pro,deepseek-v4-pro,True,
8a75bf99a5548f08374d:deepseek-v4-pro,deepseek-v4-pro,deepseek-v4-pro,True,
baada89965db193a0d82:MiniMax-M3,MiniMax-M3,MiniMax-M3,True,
326b3b546ee0c9bb8c20:MiniMax-M3,MiniMax-M3,MiniMax-M3,True,
babc0985382f390608f6:MiniMax-M3,MiniMax-M3,MiniMax-M3,True,
30c0f9c7c9d1bc000a35:deepseek-v4-pro,deepseek-v4-pro,deepseek-v4-pro,True,
c17dc7864135b17573df:glm-5.3,glm-5.3,glm-5.3,True,
7d6cbb289d0788881bf4:MiniMax-M3,MiniMax-M3,MiniMax-M3,True,
d6e8b9c36f578a520464:deepseek-v4-pro,deepseek-v4-pro,deepseek-v4-pro,True,
08567618f09f76928532:glm-5.3,glm-5.3,glm-5.3,True,
62439d0a842a86a2795d:deepseek-v4-pro,deepseek-v4-pro,deepseek-v4-pro,True,
347b319927bac7fcfb4f:MiniMax-M3,MiniMax-M3,MiniMax-M3,True,
8f6d9172d8b8b8062edd:glm-5.3,glm-5.3,glm-5.3,True,
dd27a15ba0c273075134:MiniMax-M3,MiniMax-M3,MiniMax-M3,True,
4fb6dc8b7e3c96018c1c:MiniMax-M3,MiniMax-M3,MiniMax-M3,True,
f285e728b6174253cdc7:deepseek-v4-pro,deepseek-v4-pro,deepseek-v4-pro,True,
95d66772db8e6acaea9b:MiniMax-M3,MiniMax-M3,MiniMax-M3,True,
21b20e0f87e1ffd97f4a:MiniMax-M3,MiniMax-M3,MiniMax-M3,True,
1b9596adb586c5ff2357:deepseek-v4-pro,deepseek-v4-pro,deepseek-v4-pro,True,
d64a407cbf8cb1f09ffb:glm-5.3,glm-5.3,glm-5.3,True,
4ee3d1e94992fcd417af:deepseek-v4-pro,deepseek-v4-pro,deepseek-v4-pro,True,
ce0d7fc2ab00afd3dc47:MiniMax-M3,MiniMax-M3,MiniMax-M3,True,
e6109a42db5824fa0c74:MiniMax-M3,MiniMax-M3,MiniMax-M3,True,
34822b844fff09cbcfc2:MiniMax-M3,MiniMax-M3,MiniMax-M3,True,
8255420cdd21f3cf16dc:MiniMax-M3,MiniMax-M3,MiniMax-M3,True,
7a5bfb7a9f56c7eeaeda:glm-5.3,glm-5.3,glm-5.3,True,
4b9daca683016e147462:glm-5.3,glm-5.3,glm-5.3,True,
2a7d2002f0b2aba27d85:MiniMax-M3,MiniMax-M3,MiniMax-M3,True,
1fb95a98d2d19de3c739:MiniMax-M3,MiniMax-M3,MiniMax-M3,True,
72c029920aa70cb08c07:MiniMax-M3,MiniMax-M3,MiniMax-M3,True,
e930c57c6b6f21b96aba:deepseek-v4-pro,deepseek-v4-pro,deepseek-v4-pro,True,
d4fe3b025d62b5901d64:deepseek-v4-pro,deepseek-v4-pro,deepseek-v4-pro,True,
4308db60c847c60505af:glm-5.3,glm-5.3,glm-5.3,True,
9e6392221dadd14c940d:MiniMax-M3,MiniMax-M3,MiniMax-M3,True,
9e073bff46544f27dff1:MiniMax-M3,MiniMax-M3,MiniMax-M3,True,
fb5b96f97d01200c4e0b:deepseek-v4-pro,deepseek-v4-pro,deepseek-v4-pro,True,
b771ed3e3fadd500213d:glm-5.3,glm-5.3,glm-5.3,True,
59a3b8464da0a5a690ac:deepseek-v4-pro,deepseek-v4-pro,deepseek-v4-pro,True,
e7e3e94f2081f48f60c1:glm-5.3,glm-5.3,glm-5.3,True,
71372af67e658fbf6629:glm-5.3,glm-5.3,glm-5.3,True,
68a6d509754c38c7390a:glm-5.3,glm-5.3,glm-5.3,True,
86122eb45bdc5ddf60b7:deepseek-v4-pro,deepseek-v4-pro,deepseek-v4-pro,True,
e90bbe8f794e4c4e0236:glm-5.3,glm-5.3,glm-5.3,True,
b2760d830348ca425e78:MiniMax-M3,MiniMax-M3,MiniMax-M3,True,
ea0221a8b037a72dd877:glm-5.3,glm-5.3,glm-5.3,True,
3c8d1b80e39cb13f3dc4:deepseek-v4-pro,deepseek-v4-pro,deepseek-v4-pro,True,
fd4b0b6ea92540c5802c:deepseek-v4-pro,deepseek-v4-pro,deepseek-v4-pro,True,
0e92ecb0523ffe51f3dc:MiniMax-M3,MiniMax-M3,MiniMax-M3,True,
ed8c920981450cf943a9:glm-5.3,glm-5.3,glm-5.3,True,
6a7a32765661d896ad39:MiniMax-M3,MiniMax-M3,MiniMax-M3,True,
7faa22062b21c2e22c85:deepseek-v4-pro,deepseek-v4-pro,deepseek-v4-pro,True,
0c90318822e7cc81ec5a:MiniMax-M3,MiniMax-M3,MiniMax-M3,True,
7fc602856e3b99385834:deepseek-v4-pro,deepseek-v4-pro,deepseek-v4-pro,True,
982307adde37b0afc863:glm-5.3,glm-5.3,glm-5.3,True,
5e2f9f9743ef15b9d91a:deepseek-v4-pro,deepseek-v4-pro,deepseek-v4-pro,True,
ccd820b218c77708cd7b:MiniMax-M3,MiniMax-M3,MiniMax-M3,True,
a9a381aeaf23870bee89:glm-5.3,glm-5.3,glm-5.3,True,
52b1c0c575e67f7d89d4:deepseek-v4-pro,deepseek-v4-pro,deepseek-v4-pro,True,
dc9ea55516af2e1350c8:MiniMax-M3,MiniMax-M3,MiniMax-M3,True,
536c3f2e9cccd2375b7f:deepseek-v4-pro,deepseek-v4-pro,deepseek-v4-pro,True,
bd66956e28892d04dd64:deepseek-v4-pro,deepseek-v4-pro,deepseek-v4-pro,True,
a7bcd6ce4be2720f9862:MiniMax-M3,MiniMax-M3,MiniMax-M3,True,
0db6e25404a22a973662:glm-5.3,glm-5.3,glm-5.3,True,
38c330af89f4792f89bd:glm-5.3,glm-5.3,glm-5.3,True,
e4e10c75843fac05e235:deepseek-v4-pro,deepseek-v4-pro,deepseek-v4-pro,True,
98484f9e686475462879:deepseek-v4-pro,deepseek-v4-pro,deepseek-v4-pro,True,
de949ef0dcc7e43b8eaa:glm-5.3,glm-5.3,glm-5.3,True,
1138735117df1d816c75:deepseek-v4-pro,deepseek-v4-pro,deepseek-v4-pro,True,
fb1fc1225cb08dc499c4:MiniMax-M3,MiniMax-M3,MiniMax-M3,True,
280e3434387c18fd853b:MiniMax-M3,MiniMax-M3,MiniMax-M3,True,
ff81d12814ea66cb8897:deepseek-v4-pro,deepseek-v4-pro,deepseek-v4-pro,True,
2b856c56976c69d36fe0:glm-5.3,glm-5.3,glm-5.3,True,
a18fd822071c238c7085:MiniMax-M3,MiniMax-M3,MiniMax-M3,True,
eecede7623334011e236:deepseek-v4-pro,deepseek-v4-pro,deepseek-v4-pro,True,
ce8d83e42ccee8ce48a2:deepseek-v4-pro,deepseek-v4-pro,deepseek-v4-pro,True,
15619976baa2597509b2:glm-5.3,glm-5.3,glm-5.3,True,
6052e419ec8a8446f084:deepseek-v4-pro,deepseek-v4-pro,deepseek-v4-pro,True,
b414a340aa47efce52bd:glm-5.3,glm-5.3,glm-5.3,True,
2156329fb4c3c606b152:glm-5.3,glm-5.3,glm-5.3,True,
26d630ad5188f6a1f323:MiniMax-M3,MiniMax-M3,MiniMax-M3,True,
7082aa9d32c242c78557:deepseek-v4-pro,deepseek-v4-pro,deepseek-v4-pro,True,
61fd4d123b32abe7786a:MiniMax-M3,MiniMax-M3,MiniMax-M3,True,
f28fbc5e283d83c36928:deepseek-v4-pro,deepseek-v4-pro,deepseek-v4-pro,True,
4dc7d69345ca3c45ffdb:MiniMax-M3,MiniMax-M3,MiniMax-M3,True,
f7eade04f2bcf45d23bb:deepseek-v4-pro,deepseek-v4-pro,deepseek-v4-pro,True,
eb061bf5c97e7a1101ec:MiniMax-M3,MiniMax-M3,MiniMax-M3,True,
7f0166dc73f65042fc74:glm-5.3,glm-5.3,glm-5.3,True,
acbcd8a3fea51882b813:glm-5.3,glm-5.3,glm-5.3,True,
0258129d0be97449d053:glm-5.3,glm-5.3,glm-5.3,True,
974fa79fcb562e1cfc2f:deepseek-v4-pro,deepseek-v4-pro,deepseek-v4-pro,True,
fa98a7a3c1d2f4d3dfc6:MiniMax-M3,MiniMax-M3,MiniMax-M3,True,
2150159ea1a9103d8621:deepseek-v4-pro,deepseek-v4-pro,deepseek-v4-pro,True,
8562b899c1dd044424a5:deepseek-v4-pro,deepseek-v4-pro,deepseek-v4-pro,True,
3372c55e3c394b04ce6a:glm-5.3,glm-5.3,glm-5.3,True,
2f24d129d1ef946d0290:glm-5.3,glm-5.3,glm-5.3,True,
abe6a115c44ada56c169:deepseek-v4-pro,deepseek-v4-pro,deepseek-v4-pro,True,
acd6bd6a87449395f8f5:glm-5.3,glm-5.3,glm-5.3,True,
f3752a7eca5e637e7e54:deepseek-v4-pro,deepseek-v4-pro,deepseek-v4-pro,True,
9e306122fcd22712f924:deepseek-v4-pro,deepseek-v4-pro,deepseek-v4-pro,True,
389edb5348dc0d60a11a:glm-5.3,glm-5.3,glm-5.3,True,
281465c430065a661542:deepseek-v4-pro,deepseek-v4-pro,deepseek-v4-pro,True,
47827ce989baa26c6e29:glm-5.3,glm-5.3,glm-5.3,True,
bd3ed2258008b653276b:deepseek-v4-pro,deepseek-v4-pro,deepseek-v4-pro,True,
27546ca07255d23223ef:deepseek-v4-pro,deepseek-v4-pro,deepseek-v4-pro,True,
218157c88a653760463b:MiniMax-M3,MiniMax-M3,MiniMax-M3,True,
9c9369dacbd623951880:MiniMax-M3,MiniMax-M3,MiniMax-M3,True,
bed836de703afc07c8a9:glm-5.3,glm-5.3,glm-5.3,True,
e2084abaa198409ec490:MiniMax-M3,MiniMax-M3,MiniMax-M3,True,
cb2824f39c948e6825de:MiniMax-M3,MiniMax-M3,MiniMax-M3,True,
1abdd2be84ef0cc8843a:MiniMax-M3,MiniMax-M3,MiniMax-M3,True,
c6337fecc65b403b1629:glm-5.3,glm-5.3,glm-5.3,True,
be959dae12f35158f775:glm-5.3,glm-5.3,glm-5.3,True,
7b4276333b6be9f23c24:deepseek-v4-pro,deepseek-v4-pro,deepseek-v4-pro,True,
ac12fdd9486c7f05359c:glm-5.3,glm-5.3,glm-5.3,True,
9f9f87bb887fe712ab66:MiniMax-M3,MiniMax-M3,MiniMax-M3,True,
68953f4bb050d4468db0:deepseek-v4-pro,deepseek-v4-pro,deepseek-v4-pro,True,
cb52fadfe0abc60c965a:glm-5.3,glm-5.3,glm-5.3,True,
0ca03e5df5985140d3c7:glm-5.3,glm-5.3,glm-5.3,True,
b05a0df6320ab0083ab3:deepseek-v4-pro,deepseek-v4-pro,deepseek-v4-pro,True,
372ea5251c291f667c4b:deepseek-v4-pro,deepseek-v4-pro,deepseek-v4-pro,True,
18d4109970522922f235:glm-5.3,glm-5.3,glm-5.3,True,
ba07883211045daf8f40:MiniMax-M3,MiniMax-M3,MiniMax-M3,True,
aa38abfef94a8758889b:deepseek-v4-pro,deepseek-v4-pro,deepseek-v4-pro,True,
3e86be35acb1d0d7b878:deepseek-v4-pro,deepseek-v4-pro,deepseek-v4-pro,True,
bc4f623017c134224cdb:MiniMax-M3,MiniMax-M3,MiniMax-M3,True,
2f1124db9ca843382c13:MiniMax-M3,MiniMax-M3,MiniMax-M3,True,
e40c6f9ec1357fc6966b:deepseek-v4-pro,deepseek-v4-pro,deepseek-v4-pro,True,
c646ea0c5764bbaf70fa:MiniMax-M3,MiniMax-M3,MiniMax-M3,True,
646c5287c6945c7cd00c:MiniMax-M3,MiniMax-M3,MiniMax-M3,True,
74ea34d4afe89154d48a:deepseek-v4-pro,deepseek-v4-pro,deepseek-v4-pro,True,
f0ada1564d7e1510feaa:MiniMax-M3,MiniMax-M3,MiniMax-M3,True,
cbad3e034f035cc0bf33:deepseek-v4-pro,deepseek-v4-pro,deepseek-v4-pro,True,
87ed51af3ca63dc01a75:MiniMax-M3,MiniMax-M3,MiniMax-M3,True,
a21efae9a71c2ec3e874:glm-5.3,glm-5.3,glm-5.3,True,
c473d5167202bfd8bc87:glm-5.3,glm-5.3,glm-5.3,True,
bc016e375ecddbfc171c:deepseek-v4-pro,deepseek-v4-pro,deepseek-v4-pro,True,
124dd25dda15f3c9ed5c:MiniMax-M3,MiniMax-M3,MiniMax-M3,True,
1e5d9fcc718422d24cfd:glm-5.3,glm-5.3,glm-5.3,True,
7cf857606b0a2132b222:deepseek-v4-pro,deepseek-v4-pro,deepseek-v4-pro,True,
de949ef0dcc7e43b8eaa:MiniMax-M3,MiniMax-M3,MiniMax-M3,True,
7cf857606b0a2132b222:glm-5.3,glm-5.3,glm-5.3,True,
35544d12860f385f3609:glm-5.3,glm-5.3,glm-5.3,True,
7365d6aacb412a7b51d6:MiniMax-M3,MiniMax-M3,MiniMax-M3,True,
4825ad350a32bf99fe27:glm-5.3,glm-5.3,glm-5.3,True,
b1fbb9252bac5cb5fbdb:glm-5.3,glm-5.3,glm-5.3,True,
c315b5a923ba245f043b:deepseek-v4-pro,deepseek-v4-pro,deepseek-v4-pro,True,
632561620bd17dcfd763:deepseek-v4-pro,deepseek-v4-pro,deepseek-v4-pro,True,
abbeae58600b1db4056d:MiniMax-M3,MiniMax-M3,MiniMax-M3,True,
a2430438bfa3848bc9c1:MiniMax-M3,MiniMax-M3,MiniMax-M3,True,
4e9df7d4a0de07625284:deepseek-v4-pro,deepseek-v4-pro,deepseek-v4-pro,True,
72d4e6a8f34400eb3e94:MiniMax-M3,MiniMax-M3,MiniMax-M3,True,
cb2f9c34fa4a27f6560c:deepseek-v4-pro,deepseek-v4-pro,deepseek-v4-pro,True,
ec9d94d8cf87704deb66:MiniMax-M3,MiniMax-M3,MiniMax-M3,True,
1280f1204c03f32cbe6d:MiniMax-M3,MiniMax-M3,MiniMax-M3,True,
c082acec44a4a74e9530:glm-5.3,glm-5.3,glm-5.3,True,
f5b7b49dff1270b29b01:glm-5.3,glm-5.3,glm-5.3,True,
9a155c401e31b403d41d:MiniMax-M3,MiniMax-M3,MiniMax-M3,True,
1b53b51151290eb0327f:glm-5.3,glm-5.3,glm-5.3,True,
60beb202951dcdd19661:MiniMax-M3,MiniMax-M3,MiniMax-M3,True,
73f545322ee6f5f93602:deepseek-v4-pro,deepseek-v4-pro,deepseek-v4-pro,True,
5af23e59962723feca77:deepseek-v4-pro,deepseek-v4-pro,deepseek-v4-pro,True,
2c3b7266bfcf5770119c:deepseek-v4-pro,deepseek-v4-pro,deepseek-v4-pro,True,
0e92ecb0523ffe51f3dc:glm-5.3,glm-5.3,glm-5.3,True,
b5438f75a126aaee892c:deepseek-v4-pro,deepseek-v4-pro,deepseek-v4-pro,True,
d45752e5cdf3ccaa55f5:deepseek-v4-pro,deepseek-v4-pro,deepseek-v4-pro,True,
2d84d9956ec8badf1f9d:MiniMax-M3,MiniMax-M3,MiniMax-M3,True,
88704cbd0945d467c121:MiniMax-M3,MiniMax-M3,MiniMax-M3,True,
02a1bd3735e4f987bf6d:glm-5.3,glm-5.3,glm-5.3,True,
63f2a3d2596371d5d0b9:MiniMax-M3,MiniMax-M3,MiniMax-M3,True,
1cdcd9909d9ed52324e1:deepseek-v4-pro,deepseek-v4-pro,deepseek-v4-pro,True,
180cd2a70ae6fcdf2ac5:MiniMax-M3,MiniMax-M3,MiniMax-M3,True,
8e7881488feacbe3db19:glm-5.3,glm-5.3,glm-5.3,True,
33a437aebe5c692c1b78:glm-5.3,glm-5.3,glm-5.3,True,
cb52fadfe0abc60c965a:MiniMax-M3,MiniMax-M3,MiniMax-M3,True,
e48a9650e67c4f9bdede:MiniMax-M3,MiniMax-M3,MiniMax-M3,True,
b3a15830e3b79591e2f5:MiniMax-M3,MiniMax-M3,MiniMax-M3,True,
930465ac8351785f3372:deepseek-v4-pro,deepseek-v4-pro,deepseek-v4-pro,True,
0f83fd5bef1e7e0ca652:deepseek-v4-pro,deepseek-v4-pro,deepseek-v4-pro,True,
93ba0db4f22d51767e2e:glm-5.3,glm-5.3,glm-5.3,True,
b9df606fc411fc2fc127:glm-5.3,glm-5.3,glm-5.3,True,
9a1e1cbb2cf1a0d50d2c:MiniMax-M3,MiniMax-M3,MiniMax-M3,True,
e62803d393d1e9df9e8d:deepseek-v4-pro,deepseek-v4-pro,deepseek-v4-pro,True,
9935bf9a8b436bc59dfd:MiniMax-M3,MiniMax-M3,MiniMax-M3,True,
325f4896c4525b6e48ff:MiniMax-M3,MiniMax-M3,MiniMax-M3,True,
333885bf3bae93664171:MiniMax-M3,MiniMax-M3,MiniMax-M3,True,
291eda12dc7ea9bb59fd:MiniMax-M3,MiniMax-M3,MiniMax-M3,True,
4fdaec94a39a293622a2:glm-5.3,glm-5.3,glm-5.3,True,
ad16d198cbcdcaad6d2c:glm-5.3,glm-5.3,glm-5.3,True,
b4815e2850bfb37a6d4f:glm-5.3,glm-5.3,glm-5.3,True,
a29a095933f5ce9219ee:MiniMax-M3,MiniMax-M3,MiniMax-M3,True,
14268e3e15d381f2e511:MiniMax-M3,MiniMax-M3,MiniMax-M3,True,
6c13be19941fc79538ca:MiniMax-M3,MiniMax-M3,MiniMax-M3,True,
7edbfd1d7922420efb01:deepseek-v4-pro,deepseek-v4-pro,deepseek-v4-pro,True,
120680bc5df54f5ebd0e:MiniMax-M3,MiniMax-M3,MiniMax-M3,True,
76baefabdf2f3f7a45b8:MiniMax-M3,MiniMax-M3,MiniMax-M3,True,
f85b9df90784f808ab7b:glm-5.3,glm-5.3,glm-5.3,True,
c8d93d9fd200c3b1db3d:MiniMax-M3,MiniMax-M3,MiniMax-M3,True,
96ac8fd4fa60fbdec3ed:MiniMax-M3,MiniMax-M3,MiniMax-M3,True,
5293dd4079519a8e00ae:glm-5.3,glm-5.3,glm-5.3,True,
3758545c0a53e107d9a0:deepseek-v4-pro,deepseek-v4-pro,deepseek-v4-pro,True,
294f6178e3254a34fd25:glm-5.3,glm-5.3,glm-5.3,True,
c0025f7a4e43989bda77:deepseek-v4-pro,deepseek-v4-pro,deepseek-v4-pro,True,
e27009817f85319238ec:glm-5.3,glm-5.3,glm-5.3,True,
c20b1ea7f9b532f14e97:MiniMax-M3,MiniMax-M3,MiniMax-M3,True,
05116be1a8fe6d922926:deepseek-v4-pro,deepseek-v4-pro,deepseek-v4-pro,True,
6ba852db68f6078ae6b3:deepseek-v4-pro,deepseek-v4-pro,deepseek-v4-pro,True,
0ef4692cbc926d665048:MiniMax-M3,MiniMax-M3,MiniMax-M3,True,
beb4ada391c540d68088:MiniMax-M3,MiniMax-M3,MiniMax-M3,True,
0bd574e85c8bdda4869f:MiniMax-M3,MiniMax-M3,MiniMax-M3,True,
e80022a4245244702040:MiniMax-M3,MiniMax-M3,MiniMax-M3,True,
1c4e1b1517b9a194236a:glm-5.3,glm-5.3,glm-5.3,True,
58c399640d7632c3bb25:glm-5.3,glm-5.3,glm-5.3,True,
0a073f3f0656771c7e20:glm-5.3,glm-5.3,glm-5.3,True,
d9a3ce0095dcc1e42bf4:deepseek-v4-pro,deepseek-v4-pro,deepseek-v4-pro,True,
972d9057f9fb36f17103:glm-5.3,glm-5.3,glm-5.3,True,
31715072cb111b2bd9e3:glm-5.3,glm-5.3,glm-5.3,True,
e3bf392700031993ea84:MiniMax-M3,MiniMax-M3,MiniMax-M3,True,
33204b9d1c418329bf9c:deepseek-v4-pro,deepseek-v4-pro,deepseek-v4-pro,True,
39092a765482f794155e:MiniMax-M3,MiniMax-M3,MiniMax-M3,True,
0f0597adeeb09b72ffaa:deepseek-v4-pro,deepseek-v4-pro,deepseek-v4-pro,True,
977c555f53624d81e256:deepseek-v4-pro,deepseek-v4-pro,deepseek-v4-pro,True,
baada89965db193a0d82:deepseek-v4-pro,deepseek-v4-pro,deepseek-v4-pro,True,
debae64cb7dce38e84f2:deepseek-v4-pro,deepseek-v4-pro,deepseek-v4-pro,True,
aaf0ff43b904c9b758d0:deepseek-v4-pro,deepseek-v4-pro,deepseek-v4-pro,True,
91690b45b955bfbf278d:glm-5.3,glm-5.3,glm-5.3,True,
d51917ae7e88a36a08ce:MiniMax-M3,MiniMax-M3,MiniMax-M3,True,
ac5199eb1bf44465fc7e:deepseek-v4-pro,deepseek-v4-pro,deepseek-v4-pro,True,
ee7b5a589659b271b927:MiniMax-M3,MiniMax-M3,MiniMax-M3,True,
4a4c733733c5c5269700:deepseek-v4-pro,deepseek-v4-pro,deepseek-v4-pro,True,
90374829228d034a98f1:MiniMax-M3,MiniMax-M3,MiniMax-M3,True,
de89024d02e205d9e130:deepseek-v4-pro,deepseek-v4-pro,deepseek-v4-pro,True,
accbeae5328c0967e19f:deepseek-v4-pro,deepseek-v4-pro,deepseek-v4-pro,True,
3c8bddb278bfb0eabbab:deepseek-v4-pro,deepseek-v4-pro,deepseek-v4-pro,True,
1b95757e2efca40be3aa:glm-5.3,glm-5.3,glm-5.3,True,
be5a7c65b1ff2db51b43:MiniMax-M3,MiniMax-M3,MiniMax-M3,True,
ccccf06b13cb468458bc:MiniMax-M3,MiniMax-M3,MiniMax-M3,True,
2a401e8b52fbcdc37670:deepseek-v4-pro,deepseek-v4-pro,deepseek-v4-pro,True,
df32baabe66d6b5183ec:deepseek-v4-pro,deepseek-v4-pro,deepseek-v4-pro,True,
35dfb6464b63743c1048:MiniMax-M3,MiniMax-M3,MiniMax-M3,True,
bda9e846279790b842ec:MiniMax-M3,MiniMax-M3,MiniMax-M3,True,
4cf8ca78479e7e522ec4:MiniMax-M3,MiniMax-M3,MiniMax-M3,True,
5150e826770bc96bbe99:deepseek-v4-pro,deepseek-v4-pro,deepseek-v4-pro,True,
0ce0a765e3c009e5a3db:MiniMax-M3,MiniMax-M3,MiniMax-M3,True,
6763a7816e52a70fb254:glm-5.3,glm-5.3,glm-5.3,True,
3b481ab79efd13fbe579:glm-5.3,glm-5.3,glm-5.3,True,
8104189a9a8cc6aca06a:deepseek-v4-pro,deepseek-v4-pro,deepseek-v4-pro,True,
ab37f0381ca2641b4c80:glm-5.3,glm-5.3,glm-5.3,True,
5f801344642467214ae0:deepseek-v4-pro,deepseek-v4-pro,deepseek-v4-pro,True,
6a1edd9c115cbd21fc03:MiniMax-M3,MiniMax-M3,MiniMax-M3,True,
bfc5976bc75a15f48d64:MiniMax-M3,MiniMax-M3,MiniMax-M3,True,
57f1b54e2b6ab9608d89:glm-5.3,glm-5.3,glm-5.3,True,
367d22cc2d29e403c545:glm-5.3,glm-5.3,glm-5.3,True,
1280f1204c03f32cbe6d:deepseek-v4-pro,deepseek-v4-pro,deepseek-v4-pro,True,
4e77994bb985363cc822:MiniMax-M3,MiniMax-M3,MiniMax-M3,True,
5cf95b0f5d2adb8ba905:deepseek-v4-pro,deepseek-v4-pro,deepseek-v4-pro,True,
9153ece2b0020abdfaf7:deepseek-v4-pro,deepseek-v4-pro,deepseek-v4-pro,True,
783c159e66f5094c5bd1:deepseek-v4-pro,deepseek-v4-pro,deepseek-v4-pro,True,
701e0651dd14c9b895b5:MiniMax-M3,MiniMax-M3,MiniMax-M3,True,
634681f6698222a85db2:deepseek-v4-pro,deepseek-v4-pro,deepseek-v4-pro,True,
1ab50951544f1016231a:glm-5.3,glm-5.3,glm-5.3,True,
7a19275e8c2e8f2a4865:MiniMax-M3,MiniMax-M3,MiniMax-M3,True,
0f11628d7bc6dea90e9d:glm-5.3,glm-5.3,glm-5.3,True,
bccad17babc5951774f1:deepseek-v4-pro,deepseek-v4-pro,deepseek-v4-pro,True,
712872333c9f95898a83:glm-5.3,glm-5.3,glm-5.3,True,
1394bb249b34d0306985:MiniMax-M3,MiniMax-M3,MiniMax-M3,True,
60c531d7f4e1ae94de54:MiniMax-M3,MiniMax-M3,MiniMax-M3,True,
8e8fbd83245f27b5c92e:MiniMax-M3,MiniMax-M3,MiniMax-M3,True,
990c75579c21e856f3ae:glm-5.3,glm-5.3,glm-5.3,True,
0f0597adeeb09b72ffaa:glm-5.3,glm-5.3,glm-5.3,True,
9437cfcc21f0b8d74c6f:MiniMax-M3,MiniMax-M3,MiniMax-M3,True,
8f03ba7a6fa177e5e625:MiniMax-M3,MiniMax-M3,MiniMax-M3,True,
117632364c6114eb8406:MiniMax-M3,MiniMax-M3,MiniMax-M3,True,
3f9c4c5f513e24a15dd2:MiniMax-M3,MiniMax-M3,MiniMax-M3,True,
b64772fa883455075f7e:MiniMax-M3,MiniMax-M3,MiniMax-M3,True,
4bfc921faa51df2fbcb4:deepseek-v4-pro,deepseek-v4-pro,deepseek-v4-pro,True,
2495c887772ccf1f927f:deepseek-v4-pro,deepseek-v4-pro,deepseek-v4-pro,True,
a01a5a8b0adb10458a8a:deepseek-v4-pro,deepseek-v4-pro,deepseek-v4-pro,True,
e7810c7bc426d9d9f998:deepseek-v4-pro,deepseek-v4-pro,deepseek-v4-pro,True,
42b7704e66c7ba831e83:MiniMax-M3,MiniMax-M3,MiniMax-M3,True,
39a88045134ea1f46e2b:deepseek-v4-pro,deepseek-v4-pro,deepseek-v4-pro,True,
6af934ab5cca8e7f30ce:MiniMax-M3,MiniMax-M3,MiniMax-M3,True,
111e6ad03e43f3056a38:MiniMax-M3,MiniMax-M3,MiniMax-M3,True,
7a52ad3752c8bee3dd1c:glm-5.3,glm-5.3,glm-5.3,True,
81b133e587f788e812fc:MiniMax-M3,MiniMax-M3,MiniMax-M3,True,
5987190e87e1cf118243:MiniMax-M3,MiniMax-M3,MiniMax-M3,True,
d64a407cbf8cb1f09ffb:MiniMax-M3,MiniMax-M3,MiniMax-M3,True,
e008157036bd8a81ae7c:MiniMax-M3,MiniMax-M3,MiniMax-M3,True,
336d7dea42e66fdc6c4c:MiniMax-M3,MiniMax-M3,MiniMax-M3,True,
a89678d2f5fd02bd1a0d:glm-5.3,glm-5.3,glm-5.3,True,
ba2521fd4994cdb11866:MiniMax-M3,MiniMax-M3,MiniMax-M3,True,
342fc6ea2ae526d1ce9f:glm-5.3,glm-5.3,glm-5.3,True,
f708226da9c27cecc841:deepseek-v4-pro,deepseek-v4-pro,deepseek-v4-pro,True,
1c984ced1b9eca4b1b23:glm-5.3,glm-5.3,glm-5.3,True,
035f8611f4ebdd54e58e:glm-5.3,glm-5.3,glm-5.3,True,
f111041af676e6a7a9e9:MiniMax-M3,MiniMax-M3,MiniMax-M3,True,
18e5d6b70baff762c010:glm-5.3,glm-5.3,glm-5.3,True,
637b4e2b82764774dbe1:MiniMax-M3,MiniMax-M3,MiniMax-M3,True,
5a949d4bea30ee884e75:MiniMax-M3,MiniMax-M3,MiniMax-M3,True,
c85cf076585d0a9b0bbb:deepseek-v4-pro,deepseek-v4-pro,deepseek-v4-pro,True,
8f5f6dd84b76ef7ac98a:MiniMax-M3,MiniMax-M3,MiniMax-M3,True,
3e86be35acb1d0d7b878:glm-5.3,glm-5.3,glm-5.3,True,
eecede7623334011e236:glm-5.3,glm-5.3,glm-5.3,True,
0106c7923338e6df933f:deepseek-v4-pro,deepseek-v4-pro,deepseek-v4-pro,True,
e23c0898c2a7958baeed:glm-5.3,glm-5.3,glm-5.3,True,
8bde527d4ce18eb2d949:glm-5.3,glm-5.3,glm-5.3,True,
c547a4e64e85e7ac6db9:MiniMax-M3,MiniMax-M3,MiniMax-M3,True,
6b6ac7f94ceafafaf5b6:deepseek-v4-pro,deepseek-v4-pro,deepseek-v4-pro,True,
90b88d8058e355396f3d:glm-5.3,glm-5.3,glm-5.3,True,
ca1d79f61926188f3b2d:glm-5.3,glm-5.3,glm-5.3,True,
d6525c9a9c5c975d53b7:glm-5.3,glm-5.3,glm-5.3,True,
a3edcc988daef91b34ec:MiniMax-M3,MiniMax-M3,MiniMax-M3,True,
2f8825194228672e23fa:MiniMax-M3,MiniMax-M3,MiniMax-M3,True,
fc320b6ae1b47fa0857f:glm-5.3,glm-5.3,glm-5.3,True,
276ed2ee0bdc98310c04:glm-5.3,glm-5.3,glm-5.3,True,
6c1dada8fd091fd015de:deepseek-v4-pro,deepseek-v4-pro,deepseek-v4-pro,True,
a85e4897e316198ce2c2:MiniMax-M3,MiniMax-M3,MiniMax-M3,True,
ead5c0a3e59dd5e686e4:MiniMax-M3,MiniMax-M3,MiniMax-M3,True,
1ab68716594e6d6f548b:glm-5.3,glm-5.3,glm-5.3,True,
a4a78a1a9958da320461:glm-5.3,glm-5.3,glm-5.3,True,
e7c89d80800e28e9c009:deepseek-v4-pro,deepseek-v4-pro,deepseek-v4-pro,True,
62cfd7f74dd95cd2a3b0:MiniMax-M3,MiniMax-M3,MiniMax-M3,True,
ee9d3ed02c15693ce806:deepseek-v4-pro,deepseek-v4-pro,deepseek-v4-pro,True,
460030313e6251622545:MiniMax-M3,MiniMax-M3,MiniMax-M3,True,
4607c188376b57948d20:MiniMax-M3,MiniMax-M3,MiniMax-M3,True,
042847a98870e9f5131a:deepseek-v4-pro,deepseek-v4-pro,deepseek-v4-pro,True,
fd17836fdb2d5e75cba9:MiniMax-M3,MiniMax-M3,MiniMax-M3,True,
a8afd9283079a4546f36:glm-5.3,glm-5.3,glm-5.3,True,
4162cadf69ae5c6afbd2:glm-5.3,glm-5.3,glm-5.3,True,
4f24f3e495600eb81916:deepseek-v4-pro,deepseek-v4-pro,deepseek-v4-pro,True,
18d4109970522922f235:deepseek-v4-pro,deepseek-v4-pro,deepseek-v4-pro,True,
930465ac8351785f3372:MiniMax-M3,MiniMax-M3,MiniMax-M3,True,
de77f8ffbd3a12f1c22e:deepseek-v4-pro,deepseek-v4-pro,deepseek-v4-pro,True,
60a3e40876b24f3b475f:MiniMax-M3,MiniMax-M3,MiniMax-M3,True,
bb758d07c66be9a0c004:deepseek-v4-pro,deepseek-v4-pro,deepseek-v4-pro,True,
b14a2fe4b7b5b30a35ed:glm-5.3,glm-5.3,glm-5.3,True,
e0813ce9567b34e62c97:glm-5.3,glm-5.3,glm-5.3,True,
a9cbf2f42d279add506e:deepseek-v4-pro,deepseek-v4-pro,deepseek-v4-pro,True,
ff8ad575736e11d331d4:MiniMax-M3,MiniMax-M3,MiniMax-M3,True,
0826a92ae87229102f70:deepseek-v4-pro,deepseek-v4-pro,deepseek-v4-pro,True,
beb4ada391c540d68088:deepseek-v4-pro,deepseek-v4-pro,deepseek-v4-pro,True,
e371fd29f51d46583714:MiniMax-M3,MiniMax-M3,MiniMax-M3,True,
0764569c6793698ce5e8:MiniMax-M3,MiniMax-M3,MiniMax-M3,True,
c6b7f78f57a96584beb3:MiniMax-M3,MiniMax-M3,MiniMax-M3,True,
1f0b78d1d4f157c83d2b:MiniMax-M3,MiniMax-M3,MiniMax-M3,True,
34c893a542087d9bd022:deepseek-v4-pro,deepseek-v4-pro,deepseek-v4-pro,True,
b8699d47b60baa1400c9:MiniMax-M3,MiniMax-M3,MiniMax-M3,True,
3534a95cffb481a92103:glm-5.3,glm-5.3,glm-5.3,True,
f855aae1ed6edea3643a:glm-5.3,glm-5.3,glm-5.3,True,
f4a4e1c319e2b29e0323:glm-5.3,glm-5.3,glm-5.3,True,
28d8761f46470549198c:MiniMax-M3,MiniMax-M3,MiniMax-M3,True,
12473b28be4b4000940f:deepseek-v4-pro,deepseek-v4-pro,deepseek-v4-pro,True,
f2a9c7246d5eb27214a0:deepseek-v4-pro,deepseek-v4-pro,deepseek-v4-pro,True,
d8a7c8faaea2e3473715:deepseek-v4-pro,deepseek-v4-pro,deepseek-v4-pro,True,
64ceef2ebf198c6b7037:deepseek-v4-pro,deepseek-v4-pro,deepseek-v4-pro,True,
a7c7f0e300efca4731f9:deepseek-v4-pro,deepseek-v4-pro,deepseek-v4-pro,True,
8c30f7d0bb421c20ad90:glm-5.3,glm-5.3,glm-5.3,True,
fbb0741a74183e0855d4:MiniMax-M3,MiniMax-M3,MiniMax-M3,True,
92245ef650e76fd86ce8:deepseek-v4-pro,deepseek-v4-pro,deepseek-v4-pro,True,
8783e1783ae5cd72f217:MiniMax-M3,MiniMax-M3,MiniMax-M3,True,
9ddd81e34704f3447934:MiniMax-M3,MiniMax-M3,MiniMax-M3,True,
85106f8ae879017e7118:glm-5.3,glm-5.3,glm-5.3,True,
537c229bc5ccbb48601b:glm-5.3,glm-5.3,glm-5.3,True,
d8176357965df10e121a:MiniMax-M3,MiniMax-M3,MiniMax-M3,True,
efccedb119768759d5aa:MiniMax-M3,MiniMax-M3,MiniMax-M3,True,
548da3dfc9a9f56c53a7:glm-5.3,glm-5.3,glm-5.3,True,
319a167f7955dc2a7f56:glm-5.3,glm-5.3,glm-5.3,True,
3bb92ccf09e8b7f13412:MiniMax-M3,MiniMax-M3,MiniMax-M3,True,
b38da05d2d597c2309c8:glm-5.3,glm-5.3,glm-5.3,True,
569560a1386c8156a3a6:MiniMax-M3,MiniMax-M3,MiniMax-M3,True,
d9f1df61119b17d70fd9:glm-5.3,glm-5.3,glm-5.3,True,
2322f6f788a0e01b784b:deepseek-v4-pro,deepseek-v4-pro,deepseek-v4-pro,True,
b8fca7cbb49794dfbacc:MiniMax-M3,MiniMax-M3,MiniMax-M3,True,
72d4e6a8f34400eb3e94:deepseek-v4-pro,deepseek-v4-pro,deepseek-v4-pro,True,
3c8d6b2d3d3096f11e78:deepseek-v4-pro,deepseek-v4-pro,deepseek-v4-pro,True,
b6947fa5a6aa5f72e1d3:deepseek-v4-pro,deepseek-v4-pro,deepseek-v4-pro,True,
560c98782d4fb24cb17a:MiniMax-M3,MiniMax-M3,MiniMax-M3,True,
56ac4395a8f677f117bd:glm-5.3,glm-5.3,glm-5.3,True,
49c0a0ede7b4d3c92b55:MiniMax-M3,MiniMax-M3,MiniMax-M3,True,
74a101aef9bad9f43214:glm-5.3,glm-5.3,glm-5.3,True,
76697af11a5ccb6b5b70:glm-5.3,glm-5.3,glm-5.3,True,
cf4794672f97cfdcf2c4:glm-5.3,glm-5.3,glm-5.3,True,
e3522c58498ac13bd7f5:glm-5.3,glm-5.3,glm-5.3,True,
fa62dd1085f6452dc80e:deepseek-v4-pro,deepseek-v4-pro,deepseek-v4-pro,True,
2d54c6af399b598385aa:glm-5.3,glm-5.3,glm-5.3,True,
4a639dbea925203b56b9:MiniMax-M3,MiniMax-M3,MiniMax-M3,True,
9cf036aa6594ed932b8d:deepseek-v4-pro,deepseek-v4-pro,deepseek-v4-pro,True,
e1a5270c2fea8a7669d3:MiniMax-M3,MiniMax-M3,MiniMax-M3,True,
8c2507a64801f6c2a0c0:MiniMax-M3,MiniMax-M3,MiniMax-M3,True,
add9dbfd2383b17a563e:MiniMax-M3,MiniMax-M3,MiniMax-M3,True,
77d595292f41c9f4a1ea:deepseek-v4-pro,deepseek-v4-pro,deepseek-v4-pro,True,
c082acec44a4a74e9530:deepseek-v4-pro,deepseek-v4-pro,deepseek-v4-pro,True,
f4857bd4f552d1891218:glm-5.3,glm-5.3,glm-5.3,True,
c092671a6ffe267184eb:deepseek-v4-pro,deepseek-v4-pro,deepseek-v4-pro,True,
049f540c0e7895896a0a:MiniMax-M3,MiniMax-M3,MiniMax-M3,True,
85d59b62af7d5e4ce2d9:MiniMax-M3,MiniMax-M3,MiniMax-M3,True,
6bbc4fdf0395bcdc1187:deepseek-v4-pro,deepseek-v4-pro,deepseek-v4-pro,True,
80533ba7932b7f2f70d0:glm-5.3,glm-5.3,glm-5.3,True,
b1a4e01629d1498d0437:MiniMax-M3,MiniMax-M3,MiniMax-M3,True,
8fa09223aa7368ca398d:deepseek-v4-pro,deepseek-v4-pro,deepseek-v4-pro,True,
8317c8aaea39adf80baa:deepseek-v4-pro,deepseek-v4-pro,deepseek-v4-pro,True,
0293393aa558c6f6cd6d:glm-5.3,glm-5.3,glm-5.3,True,
5e2b697cc6654fa24ee2:glm-5.3,glm-5.3,glm-5.3,True,
906d7b29fab4d422f6b3:MiniMax-M3,MiniMax-M3,MiniMax-M3,True,
8be4cb76fd636613ea25:glm-5.3,glm-5.3,glm-5.3,True,
31316e372b7e1e8385f8:deepseek-v4-pro,deepseek-v4-pro,deepseek-v4-pro,True,
6e9b478f88f020b69058:glm-5.3,glm-5.3,glm-5.3,True,
6a168db716ba66c8c9e2:glm-5.3,glm-5.3,glm-5.3,True,
8fd5482809ed50c5ede3:glm-5.3,glm-5.3,glm-5.3,True,
c016460d49db5b592fdc:MiniMax-M3,MiniMax-M3,MiniMax-M3,True,
46aba8c7384900e38be8:glm-5.3,glm-5.3,glm-5.3,True,
bdfe7a91e93de0ef0911:MiniMax-M3,MiniMax-M3,MiniMax-M3,True,
affba9cab28d820941a5:deepseek-v4-pro,deepseek-v4-pro,deepseek-v4-pro,True,
3114cdb9321972629085:MiniMax-M3,MiniMax-M3,MiniMax-M3,True,
9a7117579ef634b66497:glm-5.3,glm-5.3,glm-5.3,True,
203a8bc8da525f59e4da:glm-5.3,glm-5.3,glm-5.3,True,
88b17af4e32b9adfd9fb:deepseek-v4-pro,deepseek-v4-pro,deepseek-v4-pro,True,
0494eea260a933823a4e:deepseek-v4-pro,deepseek-v4-pro,deepseek-v4-pro,True,
5018dedcce51a6c1de06:glm-5.3,glm-5.3,glm-5.3,True,
e120ea5a9f8e20a7d8a7:deepseek-v4-pro,deepseek-v4-pro,deepseek-v4-pro,True,
844e1f673c6d6c331805:MiniMax-M3,MiniMax-M3,MiniMax-M3,True,
d6525c9a9c5c975d53b7:MiniMax-M3,MiniMax-M3,MiniMax-M3,True,
a1450496fd16d9f5edb9:MiniMax-M3,MiniMax-M3,MiniMax-M3,True,
c82069d47ad6c8e71ec0:glm-5.3,glm-5.3,glm-5.3,True,
1f50aa11ad05e7b56caa:deepseek-v4-pro,deepseek-v4-pro,deepseek-v4-pro,True,
ce85968f9ce7767cccf1:deepseek-v4-pro,deepseek-v4-pro,deepseek-v4-pro,True,
a51a2805a85272a6d2a1:deepseek-v4-pro,deepseek-v4-pro,deepseek-v4-pro,True,
67c98c3216e4f90f7922:glm-5.3,glm-5.3,glm-5.3,True,
a2026dec2c61542346d1:glm-5.3,glm-5.3,glm-5.3,True,
98cc3611b1b7968fc5c9:deepseek-v4-pro,deepseek-v4-pro,deepseek-v4-pro,True,
582440bae7b89af17d66:MiniMax-M3,MiniMax-M3,MiniMax-M3,True,
ed8c920981450cf943a9:deepseek-v4-pro,deepseek-v4-pro,deepseek-v4-pro,True,
22b893b6857c3d654d7a:MiniMax-M3,MiniMax-M3,MiniMax-M3,True,
1f7651a3435a2cfa4093:glm-5.3,glm-5.3,glm-5.3,True,
93a0582bc5d4d4dbac43:deepseek-v4-pro,deepseek-v4-pro,deepseek-v4-pro,True,
50aafe2704e32942598b:MiniMax-M3,MiniMax-M3,MiniMax-M3,True,
37540fcbc506f35f7359:deepseek-v4-pro,deepseek-v4-pro,deepseek-v4-pro,True,
859893be49e39d4cc2d7:glm-5.3,glm-5.3,glm-5.3,True,
1d22876f9587e2b9b61a:MiniMax-M3,MiniMax-M3,MiniMax-M3,True,
b194d0b7ff9ff5aae89e:deepseek-v4-pro,deepseek-v4-pro,deepseek-v4-pro,True,
de13fae58abaa9108b36:deepseek-v4-pro,deepseek-v4-pro,deepseek-v4-pro,True,
acd6bd6a87449395f8f5:deepseek-v4-pro,deepseek-v4-pro,deepseek-v4-pro,True,
dfd92680f5eaf1a180fa:glm-5.3,glm-5.3,glm-5.3,True,
2005c0822f324f12b545:MiniMax-M3,MiniMax-M3,MiniMax-M3,True,
2d62973893bbdb3414dd:deepseek-v4-pro,deepseek-v4-pro,deepseek-v4-pro,True,
ce9fd6511d606c800eff:MiniMax-M3,MiniMax-M3,MiniMax-M3,True,
662137d6f690f66615be:deepseek-v4-pro,deepseek-v4-pro,deepseek-v4-pro,True,
fed63b59ed8117a9ecf9:deepseek-v4-pro,deepseek-v4-pro,deepseek-v4-pro,True,
b5438f75a126aaee892c:glm-5.3,glm-5.3,glm-5.3,True,
7ecff15ba335f8f0ebdc:deepseek-v4-pro,deepseek-v4-pro,deepseek-v4-pro,True,
9ac73c18dbc9a1d0cdfe:deepseek-v4-pro,deepseek-v4-pro,deepseek-v4-pro,True,
996ae00cc6227a6a708d:glm-5.3,glm-5.3,glm-5.3,True,
77301b3952751a11e9c8:MiniMax-M3,MiniMax-M3,MiniMax-M3,True,
71d730545fef19bde341:MiniMax-M3,MiniMax-M3,MiniMax-M3,True,
0e0f806218a987257cad:glm-5.3,glm-5.3,glm-5.3,True,
3fbe74a8c5ed91b41e75:glm-5.3,glm-5.3,glm-5.3,True,
d588fee18418063eec66:MiniMax-M3,MiniMax-M3,MiniMax-M3,True,
930428a00b594d920bf8:MiniMax-M3,MiniMax-M3,MiniMax-M3,True,
5b1278309b5d652c0215:deepseek-v4-pro,deepseek-v4-pro,deepseek-v4-pro,True,
25a73f1d6c754cf199c8:MiniMax-M3,MiniMax-M3,MiniMax-M3,True,
15619976baa2597509b2:MiniMax-M3,MiniMax-M3,MiniMax-M3,True,
85732979b0557095c93a:glm-5.3,glm-5.3,glm-5.3,True,
372ea5251c291f667c4b:glm-5.3,glm-5.3,glm-5.3,True,
11ee66296524b9c33c70:glm-5.3,glm-5.3,glm-5.3,True,
4d4b87077c81da32b97e:deepseek-v4-pro,deepseek-v4-pro,deepseek-v4-pro,True,
b46fd7f75cf9628d4123:glm-5.3,glm-5.3,glm-5.3,True,
c926afb8c0593625155f:MiniMax-M3,MiniMax-M3,MiniMax-M3,True,
69d740e6ec3ebf78e7ee:glm-5.3,glm-5.3,glm-5.3,True,
089ab3596012d3662ab1:MiniMax-M3,MiniMax-M3,MiniMax-M3,True,
41a9408336cea2891984:deepseek-v4-pro,deepseek-v4-pro,deepseek-v4-pro,True,
62749a6b1d48d3719fec:deepseek-v4-pro,deepseek-v4-pro,deepseek-v4-pro,True,
69fa2748690a5a7f0298:MiniMax-M3,MiniMax-M3,MiniMax-M3,True,
30cbfcdd5e91135e02c8:deepseek-v4-pro,deepseek-v4-pro,deepseek-v4-pro,True,
3a05edab229fedc15015:deepseek-v4-pro,deepseek-v4-pro,deepseek-v4-pro,True,
ad74e8e53608e63f0822:MiniMax-M3,MiniMax-M3,MiniMax-M3,True,
3bb92ccf09e8b7f13412:glm-5.3,glm-5.3,glm-5.3,True,
8752d40525f359468477:MiniMax-M3,MiniMax-M3,MiniMax-M3,True,
1ff7fb5c38824e0db23d:deepseek-v4-pro,deepseek-v4-pro,deepseek-v4-pro,True,
1ec759ea78bf87ca0aa0:MiniMax-M3,MiniMax-M3,MiniMax-M3,True,
a00175ba4eee824b18c7:deepseek-v4-pro,deepseek-v4-pro,deepseek-v4-pro,True,
9fd77f917173fdeaee24:glm-5.3,glm-5.3,glm-5.3,True,
8783e1783ae5cd72f217:glm-5.3,glm-5.3,glm-5.3,True,
ac39334bbcd4012d528a:MiniMax-M3,MiniMax-M3,MiniMax-M3,True,
ae39d70bd3830d9da610:deepseek-v4-pro,deepseek-v4-pro,deepseek-v4-pro,True,
8a15786cf8f939e3560f:MiniMax-M3,MiniMax-M3,MiniMax-M3,True,
b13671c79eedd7689fc6:deepseek-v4-pro,deepseek-v4-pro,deepseek-v4-pro,True,
fbb1488706d571ef5352:glm-5.3,glm-5.3,glm-5.3,True,
14268e3e15d381f2e511:deepseek-v4-pro,deepseek-v4-pro,deepseek-v4-pro,True,
fca1fcdade36b5b5d25f:deepseek-v4-pro,deepseek-v4-pro,deepseek-v4-pro,True,
ae8dd4822768ef713305:glm-5.3,glm-5.3,glm-5.3,True,
bd50bb098b352c2d65c4:glm-5.3,glm-5.3,glm-5.3,True,
44562ea982318e295196:deepseek-v4-pro,deepseek-v4-pro,deepseek-v4-pro,True,
0e2c80014e8545c03df0:glm-5.3,glm-5.3,glm-5.3,True,
62e82b78d3f591b8d959:MiniMax-M3,MiniMax-M3,MiniMax-M3,True,
9ed9c222dbbd55c692b6:glm-5.3,glm-5.3,glm-5.3,True,
77f68f6304a370548332:glm-5.3,glm-5.3,glm-5.3,True,
a494fd8c2752adac0c57:glm-5.3,glm-5.3,glm-5.3,True,
2d219a6396bef8e9dc60:deepseek-v4-pro,deepseek-v4-pro,deepseek-v4-pro,True,
7549ea7368129c31da54:MiniMax-M3,MiniMax-M3,MiniMax-M3,True,
1282c2f4f30d851f5717:MiniMax-M3,MiniMax-M3,MiniMax-M3,True,
c88a95f9290c5b2280f8:MiniMax-M3,MiniMax-M3,MiniMax-M3,True,
ff7b158ce02134446aef:MiniMax-M3,MiniMax-M3,MiniMax-M3,True,
20616b30322b9742eff7:deepseek-v4-pro,deepseek-v4-pro,deepseek-v4-pro,True,
573666d973aa3a7a85ed:deepseek-v4-pro,deepseek-v4-pro,deepseek-v4-pro,True,
201e1195d48a4f3c1f7a:MiniMax-M3,MiniMax-M3,MiniMax-M3,True,
a2d52eca726bab20c17d:MiniMax-M3,MiniMax-M3,MiniMax-M3,True,
4df0b0b6bcde257746f0:deepseek-v4-pro,deepseek-v4-pro,deepseek-v4-pro,True,
b2ad05ee71e88b39b43f:MiniMax-M3,MiniMax-M3,MiniMax-M3,True,
ce776efe1ee46653d2d5:MiniMax-M3,MiniMax-M3,MiniMax-M3,True,
ad4ef1f99148bcf68dc5:deepseek-v4-pro,deepseek-v4-pro,deepseek-v4-pro,True,
4fbef6ab74c20d09f0bf:deepseek-v4-pro,deepseek-v4-pro,deepseek-v4-pro,True,
dcd085e74af5d1233cf1:glm-5.3,glm-5.3,glm-5.3,True,
07757bc20a3d196c5d07:MiniMax-M3,MiniMax-M3,MiniMax-M3,True,
2cd84fe102fae85d5c64:glm-5.3,glm-5.3,glm-5.3,True,
b4815e2850bfb37a6d4f:deepseek-v4-pro,deepseek-v4-pro,deepseek-v4-pro,True,
b277a8a77c8ed4f9a520:glm-5.3,glm-5.3,glm-5.3,True,
dbd989b426f39c09e313:glm-5.3,glm-5.3,glm-5.3,True,
4d398276ea8563550767:MiniMax-M3,MiniMax-M3,MiniMax-M3,True,
e54f75808b8113071460:MiniMax-M3,MiniMax-M3,MiniMax-M3,True,
98b27c174cb05de41635:MiniMax-M3,MiniMax-M3,MiniMax-M3,True,
be4f7c1f5db04bbb77dc:deepseek-v4-pro,deepseek-v4-pro,deepseek-v4-pro,True,
b1d7f00ed1e6ba48f4a6:glm-5.3,glm-5.3,glm-5.3,True,
512d232249b62e19b556:MiniMax-M3,MiniMax-M3,MiniMax-M3,True,
6276278909aa2eb86d60:glm-5.3,glm-5.3,glm-5.3,True,
b9d43269bc51bec4cdee:deepseek-v4-pro,deepseek-v4-pro,deepseek-v4-pro,True,
e8589a0a8fa240f8a02d:deepseek-v4-pro,deepseek-v4-pro,deepseek-v4-pro,True,
31f52123aafcb1d0518d:deepseek-v4-pro,deepseek-v4-pro,deepseek-v4-pro,True,
417ba0ed813eb40f4147:deepseek-v4-pro,deepseek-v4-pro,deepseek-v4-pro,True,
0cbc88cdf557baa663a3:deepseek-v4-pro,deepseek-v4-pro,deepseek-v4-pro,True,
0ae04a2537417ba17c23:deepseek-v4-pro,deepseek-v4-pro,deepseek-v4-pro,True,
d37fb60b2b9acd57b3d1:deepseek-v4-pro,deepseek-v4-pro,deepseek-v4-pro,True,
0f7e79636865f99414dc:MiniMax-M3,MiniMax-M3,MiniMax-M3,True,
08fc917732e051f434d7:deepseek-v4-pro,deepseek-v4-pro,deepseek-v4-pro,True,
65c2b2283233bd64f544:MiniMax-M3,MiniMax-M3,MiniMax-M3,True,
d3e31dc6f46e6dcab779:deepseek-v4-pro,deepseek-v4-pro,deepseek-v4-pro,True,
0ea762e698bb10f5da32:glm-5.3,glm-5.3,glm-5.3,True,
f399ff081c96b45e451b:MiniMax-M3,MiniMax-M3,MiniMax-M3,True,
4219385512c1fdbc2e34:deepseek-v4-pro,deepseek-v4-pro,deepseek-v4-pro,True,
ed43b4891b55c713d0dc:deepseek-v4-pro,deepseek-v4-pro,deepseek-v4-pro,True,
c1f4a640d2161297ea80:glm-5.3,glm-5.3,glm-5.3,True,
4807ab570951224a57f3:deepseek-v4-pro,deepseek-v4-pro,deepseek-v4-pro,True,
e07593b55c0b9a18678e:deepseek-v4-pro,deepseek-v4-pro,deepseek-v4-pro,True,
3932bc28165e3d2184de:glm-5.3,glm-5.3,glm-5.3,True,
b29c120159da593306ed:MiniMax-M3,MiniMax-M3,MiniMax-M3,True,
37540fcbc506f35f7359:MiniMax-M3,MiniMax-M3,MiniMax-M3,True,
2e90f65baa06f7021e4f:glm-5.3,glm-5.3,glm-5.3,True,
1f9bd5793ebc87dcbe41:MiniMax-M3,MiniMax-M3,MiniMax-M3,True,
89c91425331f68e0bf81:deepseek-v4-pro,deepseek-v4-pro,deepseek-v4-pro,True,
6aac22cc283e09a771c3:MiniMax-M3,MiniMax-M3,MiniMax-M3,True,
c64533bd4e40c68cd211:deepseek-v4-pro,deepseek-v4-pro,deepseek-v4-pro,True,
da36e16b05f9aaad140d:glm-5.3,glm-5.3,glm-5.3,True,
3e565776d021bd5c88ba:deepseek-v4-pro,deepseek-v4-pro,deepseek-v4-pro,True,
ee0bb71f4382f048ee2a:deepseek-v4-pro,deepseek-v4-pro,deepseek-v4-pro,True,
688e8e8dd257a32e3b97:deepseek-v4-pro,deepseek-v4-pro,deepseek-v4-pro,True,
f3e6de3faaba0a335177:deepseek-v4-pro,deepseek-v4-pro,deepseek-v4-pro,True,
69aeeb480517e4216545:deepseek-v4-pro,deepseek-v4-pro,deepseek-v4-pro,True,
f2b487e67224e3ea3f4d:MiniMax-M3,MiniMax-M3,MiniMax-M3,True,
55f0f33b0d4063bfa893:MiniMax-M3,MiniMax-M3,MiniMax-M3,True,
ee5c35244a6e4b2fbfcc:glm-5.3,glm-5.3,glm-5.3,True,
b06a123cc05421689124:deepseek-v4-pro,deepseek-v4-pro,deepseek-v4-pro,True,
5b4d94eb71a3ab2d9ee9:glm-5.3,glm-5.3,glm-5.3,True,
e79e9ab1aba48e998318:MiniMax-M3,MiniMax-M3,MiniMax-M3,True,
ac2ead4a938e527715cf:MiniMax-M3,MiniMax-M3,MiniMax-M3,True,
e02db5504016f0be0c7e:deepseek-v4-pro,deepseek-v4-pro,deepseek-v4-pro,True,
f4a4e1c319e2b29e0323:MiniMax-M3,MiniMax-M3,MiniMax-M3,True,
965a1bae1f778db5ff56:glm-5.3,glm-5.3,glm-5.3,True,
4c9727098f7042d248bf:deepseek-v4-pro,deepseek-v4-pro,deepseek-v4-pro,True,
c8ea3f667b0a46cfda6e:deepseek-v4-pro,deepseek-v4-pro,deepseek-v4-pro,True,
995c24f87e5924c44d1a:glm-5.3,glm-5.3,glm-5.3,True,
d5a1cb6d82de0793d236:glm-5.3,glm-5.3,glm-5.3,True,
200d9d93db739b745577:deepseek-v4-pro,deepseek-v4-pro,deepseek-v4-pro,True,
b640af714261683da83b:glm-5.3,glm-5.3,glm-5.3,True,
66ce3a926fc82c4e1c83:glm-5.3,glm-5.3,glm-5.3,True,
2673daf4c7439466636a:deepseek-v4-pro,deepseek-v4-pro,deepseek-v4-pro,True,
e271d38186362da65f2f:deepseek-v4-pro,deepseek-v4-pro,deepseek-v4-pro,True,
2d7649eda8fa520cc8ed:glm-5.3,glm-5.3,glm-5.3,True,
85e4e7e97a2fb55cf30f:deepseek-v4-pro,deepseek-v4-pro,deepseek-v4-pro,True,
7ad7e09038cadca90f2c:MiniMax-M3,MiniMax-M3,MiniMax-M3,True,
f9a45d74959a76b5fab8:MiniMax-M3,MiniMax-M3,MiniMax-M3,True,
58c01737030d676c8e25:MiniMax-M3,MiniMax-M3,MiniMax-M3,True,
da8f00c9fbcb64a4c9f9:MiniMax-M3,MiniMax-M3,MiniMax-M3,True,
62f932f83a13c9aa5b11:deepseek-v4-pro,deepseek-v4-pro,deepseek-v4-pro,True,
bb30f10429d8f4f139e2:glm-5.3,glm-5.3,glm-5.3,True,
1d97006bb8e740f9c93b:MiniMax-M3,MiniMax-M3,MiniMax-M3,True,
7953570a8fd1f2195c08:MiniMax-M3,MiniMax-M3,MiniMax-M3,True,
325b4691c8206ef1efb0:MiniMax-M3,MiniMax-M3,MiniMax-M3,True,
62de3135e4211b414647:glm-5.3,glm-5.3,glm-5.3,True,
b8fca7cbb49794dfbacc:deepseek-v4-pro,deepseek-v4-pro,deepseek-v4-pro,True,
a42ffe68d16a3ec67874:glm-5.3,glm-5.3,glm-5.3,True,
e62803d393d1e9df9e8d:MiniMax-M3,MiniMax-M3,MiniMax-M3,True,
96ac8fd4fa60fbdec3ed:glm-5.3,glm-5.3,glm-5.3,True,
1df895d7de098a6ee8b0:MiniMax-M3,MiniMax-M3,MiniMax-M3,True,
15d3f3374dad17bcecc8:glm-5.3,glm-5.3,glm-5.3,True,
120680bc5df54f5ebd0e:glm-5.3,glm-5.3,glm-5.3,True,
07c401a13a59e87c3b7b:MiniMax-M3,MiniMax-M3,MiniMax-M3,True,
3abccd41d236ab28c6d2:deepseek-v4-pro,deepseek-v4-pro,deepseek-v4-pro,True,
696f17ad2eb8131711b7:deepseek-v4-pro,deepseek-v4-pro,deepseek-v4-pro,True,
539a7bd41eabf1da7066:glm-5.3,glm-5.3,glm-5.3,True,
62749a6b1d48d3719fec:glm-5.3,glm-5.3,glm-5.3,True,
ca8f704338c060a46c81:glm-5.3,glm-5.3,glm-5.3,True,
1341096630c2ce26bde5:MiniMax-M3,MiniMax-M3,MiniMax-M3,True,
e734d95c0d5b36876664:glm-5.3,glm-5.3,glm-5.3,True,
c89bba4bdb8633fe78ab:MiniMax-M3,MiniMax-M3,MiniMax-M3,True,
daeb9c063af9baf1244f:glm-5.3,glm-5.3,glm-5.3,True,
9a432df45b7deabd458c:MiniMax-M3,MiniMax-M3,MiniMax-M3,True,
ba4d37c6f6c3e96563c3:deepseek-v4-pro,deepseek-v4-pro,deepseek-v4-pro,True,
be8e663b54a84f68b46c:glm-5.3,glm-5.3,glm-5.3,True,
7b697802b4260787fa65:deepseek-v4-pro,deepseek-v4-pro,deepseek-v4-pro,True,
a5f4c9ea5a726bd2fcf2:MiniMax-M3,MiniMax-M3,MiniMax-M3,True,
da8f00c9fbcb64a4c9f9:glm-5.3,glm-5.3,glm-5.3,True,
2d1b45ab1ab7f2bd6211:glm-5.3,glm-5.3,glm-5.3,True,
33d44c8d3e76b3f07a4f:glm-5.3,glm-5.3,glm-5.3,True,
50fc1b5af621c8e0f110:MiniMax-M3,MiniMax-M3,MiniMax-M3,True,
7fc662d460faacd1a849:deepseek-v4-pro,deepseek-v4-pro,deepseek-v4-pro,True,
08185994f35c0be8c475:deepseek-v4-pro,deepseek-v4-pro,deepseek-v4-pro,True,
57eb43d6e75a8b1fd805:glm-5.3,glm-5.3,glm-5.3,True,
5e254760125eb18acded:deepseek-v4-pro,deepseek-v4-pro,deepseek-v4-pro,True,
7486026bd506fc86fcde:glm-5.3,glm-5.3,glm-5.3,True,
b589e11c01cfb691f0a4:deepseek-v4-pro,deepseek-v4-pro,deepseek-v4-pro,True,
659ac2a16d89f8f6266c:deepseek-v4-pro,deepseek-v4-pro,deepseek-v4-pro,True,
7bf5b70f5b5195e3ac0d:MiniMax-M3,MiniMax-M3,MiniMax-M3,True,
e79dc446c07a546e971e:glm-5.3,glm-5.3,glm-5.3,True,
28d8761f46470549198c:glm-5.3,glm-5.3,glm-5.3,True,
ed9e3f89a5a52c418c5f:MiniMax-M3,MiniMax-M3,MiniMax-M3,True,
589122e3e75bbf0a2cbc:deepseek-v4-pro,deepseek-v4-pro,deepseek-v4-pro,True,
f4cc409bf9b26a4de4d8:MiniMax-M3,MiniMax-M3,MiniMax-M3,True,
0c6b9b3a79751c333c82:MiniMax-M3,MiniMax-M3,MiniMax-M3,True,
e5255e40ac7d57502d28:glm-5.3,glm-5.3,glm-5.3,True,
76582076f10d7bc14b93:glm-5.3,glm-5.3,glm-5.3,True,
e5c98052e83e03de854e:deepseek-v4-pro,deepseek-v4-pro,deepseek-v4-pro,True,
f8b2ac9cc05145a90f52:MiniMax-M3,MiniMax-M3,MiniMax-M3,True,
7efbbc478a76093b354b:glm-5.3,glm-5.3,glm-5.3,True,
c2c78e502d75c678b3cb:MiniMax-M3,MiniMax-M3,MiniMax-M3,True,
cac86a655095b567de7e:MiniMax-M3,MiniMax-M3,MiniMax-M3,True,
e43fd0d35d1d34b9e89b:deepseek-v4-pro,deepseek-v4-pro,deepseek-v4-pro,True,
a784cf50dbc6468ad1ad:deepseek-v4-pro,deepseek-v4-pro,deepseek-v4-pro,True,
993c69c0576f275c43ea:MiniMax-M3,MiniMax-M3,MiniMax-M3,True,
e13c5ba00c264b3c073a:glm-5.3,glm-5.3,glm-5.3,True,
6f728b70c5c49fc8dae7:glm-5.3,glm-5.3,glm-5.3,True,
826bf8cf7af339b1332d:MiniMax-M3,MiniMax-M3,MiniMax-M3,True,
04068484d175177ee50f:glm-5.3,glm-5.3,glm-5.3,True,
1aa5e84b04ac541ca6e3:glm-5.3,glm-5.3,glm-5.3,True,
5f9addea07874bbef32d:deepseek-v4-pro,deepseek-v4-pro,deepseek-v4-pro,True,
a1450496fd16d9f5edb9:glm-5.3,glm-5.3,glm-5.3,True,
e81b20cd676ae6b4dce3:deepseek-v4-pro,deepseek-v4-pro,deepseek-v4-pro,True,
05da452f8685f3c6f006:glm-5.3,glm-5.3,glm-5.3,True,
0e91c10c0c0d6d28ab7c:deepseek-v4-pro,deepseek-v4-pro,deepseek-v4-pro,True,
d711826e4b9ad69162ca:deepseek-v4-pro,deepseek-v4-pro,deepseek-v4-pro,True,
8b0f7894d68f1a56cc1a:glm-5.3,glm-5.3,glm-5.3,True,
06d03de2c9d40efa759c:deepseek-v4-pro,deepseek-v4-pro,deepseek-v4-pro,True,
692363317a821bef45ee:MiniMax-M3,MiniMax-M3,MiniMax-M3,True,
b704fcd378fa5a5ae2d7:glm-5.3,glm-5.3,glm-5.3,True,
1282c2f4f30d851f5717:deepseek-v4-pro,deepseek-v4-pro,deepseek-v4-pro,True,
336d7dea42e66fdc6c4c:deepseek-v4-pro,deepseek-v4-pro,deepseek-v4-pro,True,
c3402e0eb0668a9bd5ce:deepseek-v4-pro,deepseek-v4-pro,deepseek-v4-pro,True,
aed15cd24ca3696969e2:deepseek-v4-pro,deepseek-v4-pro,deepseek-v4-pro,True,
14a9bd038538d9aba95e:glm-5.3,glm-5.3,glm-5.3,True,
8c58cac4a6f2e4ace152:deepseek-v4-pro,deepseek-v4-pro,deepseek-v4-pro,True,
41cf7dbe7593311e1eaf:deepseek-v4-pro,deepseek-v4-pro,deepseek-v4-pro,True,
3d8b93cc987309e9e5e0:glm-5.3,glm-5.3,glm-5.3,True,
5ece9abe526a52752809:deepseek-v4-pro,deepseek-v4-pro,deepseek-v4-pro,True,
f807064fc8965523e3d4:MiniMax-M3,MiniMax-M3,MiniMax-M3,True,
b14a2fe4b7b5b30a35ed:deepseek-v4-pro,deepseek-v4-pro,deepseek-v4-pro,True,
150d93a0900954e861a8:deepseek-v4-pro,deepseek-v4-pro,deepseek-v4-pro,True,
0b986588d1da42d6a40f:glm-5.3,glm-5.3,glm-5.3,True,
903b9800a22cef0ca05c:MiniMax-M3,MiniMax-M3,MiniMax-M3,True,
5b8bf8421387245c35e9:deepseek-v4-pro,deepseek-v4-pro,deepseek-v4-pro,True,
ef62e000fcb18f9faab3:MiniMax-M3,MiniMax-M3,MiniMax-M3,True,
115e7dcfb3c1a95eeb3d:deepseek-v4-pro,deepseek-v4-pro,deepseek-v4-pro,True,
b3115e073087725ac06a:MiniMax-M3,MiniMax-M3,MiniMax-M3,True,
76c539432f2a426cada0:deepseek-v4-pro,deepseek-v4-pro,deepseek-v4-pro,True,
8ae6f265890ffc4d8a40:glm-5.3,glm-5.3,glm-5.3,True,
ea968b2b054b544b865e:deepseek-v4-pro,deepseek-v4-pro,deepseek-v4-pro,True,
9ed9c222dbbd55c692b6:deepseek-v4-pro,deepseek-v4-pro,deepseek-v4-pro,True,
f81916da24cdd6baddfc:deepseek-v4-pro,deepseek-v4-pro,deepseek-v4-pro,True,
f2dd1995f32fafa1aac6:deepseek-v4-pro,deepseek-v4-pro,deepseek-v4-pro,True,
3247fe8fdd240f2af8ce:MiniMax-M3,MiniMax-M3,MiniMax-M3,True,
c22f393cb37596cb3e3f:MiniMax-M3,MiniMax-M3,MiniMax-M3,True,
71372af67e658fbf6629:deepseek-v4-pro,deepseek-v4-pro,deepseek-v4-pro,True,
69e8c73c1a4000acc359:glm-5.3,glm-5.3,glm-5.3,True,
291eda12dc7ea9bb59fd:glm-5.3,glm-5.3,glm-5.3,True,
8fd5482809ed50c5ede3:MiniMax-M3,MiniMax-M3,MiniMax-M3,True,
985543675719150b391a:MiniMax-M3,MiniMax-M3,MiniMax-M3,True,
1822e74155becb36560d:MiniMax-M3,MiniMax-M3,MiniMax-M3,True,
ca1d79f61926188f3b2d:deepseek-v4-pro,deepseek-v4-pro,deepseek-v4-pro,True,
badbc1fd04e355b81618:glm-5.3,glm-5.3,glm-5.3,True,
3a69f2535dae749329b4:MiniMax-M3,MiniMax-M3,MiniMax-M3,True,
1de8beb388da15aec78e:MiniMax-M3,MiniMax-M3,MiniMax-M3,True,
174de4cc9d1126513b34:glm-5.3,glm-5.3,glm-5.3,True,
0494eea260a933823a4e:glm-5.3,glm-5.3,glm-5.3,True,
2c1a196491dc3a567185:glm-5.3,glm-5.3,glm-5.3,True,
bc058bed3518559b9130:glm-5.3,glm-5.3,glm-5.3,True,
8f68cda9c4806ea926e3:deepseek-v4-pro,deepseek-v4-pro,deepseek-v4-pro,True,
0af892f4ada94842df38:MiniMax-M3,MiniMax-M3,MiniMax-M3,True,
7bb682907be3546436ee:MiniMax-M3,MiniMax-M3,MiniMax-M3,True,
5b2e773d27d0b10ebff3:MiniMax-M3,MiniMax-M3,MiniMax-M3,True,
ab9fa2f4817c0f18666e:deepseek-v4-pro,deepseek-v4-pro,deepseek-v4-pro,True,
64649859abe8908c5066:MiniMax-M3,MiniMax-M3,MiniMax-M3,True,
be5a7c65b1ff2db51b43:deepseek-v4-pro,deepseek-v4-pro,deepseek-v4-pro,True,
05c4734971c7c8115f33:deepseek-v4-pro,deepseek-v4-pro,deepseek-v4-pro,True,
d61f56ec2f1826f2b78e:deepseek-v4-pro,deepseek-v4-pro,deepseek-v4-pro,True,
0c38fec181fc078f22dc:MiniMax-M3,MiniMax-M3,MiniMax-M3,True,
5fa987bba8e20af31a70:deepseek-v4-pro,deepseek-v4-pro,deepseek-v4-pro,True,
1961af067559885c50ff:glm-5.3,glm-5.3,glm-5.3,True,
819fdf636fe8bf658294:MiniMax-M3,MiniMax-M3,MiniMax-M3,True,
862afb33e80df0fc2de9:glm-5.3,glm-5.3,glm-5.3,True,
2a020521ff5ba0bb5727:MiniMax-M3,MiniMax-M3,MiniMax-M3,True,
7392b20ba5ec65476439:MiniMax-M3,MiniMax-M3,MiniMax-M3,True,
9c509420b47e4ce8a545:glm-5.3,glm-5.3,glm-5.3,True,
5fc6d9e3486261cf59c7:MiniMax-M3,MiniMax-M3,MiniMax-M3,True,
a7039187392d7ce77298:MiniMax-M3,MiniMax-M3,MiniMax-M3,True,
d250e42dec0596a5fb2f:glm-5.3,glm-5.3,glm-5.3,True,
c806db8e63f85991e993:deepseek-v4-pro,deepseek-v4-pro,deepseek-v4-pro,True,
b9bcf66e6153d6c6906b:deepseek-v4-pro,deepseek-v4-pro,deepseek-v4-pro,True,
5e32e9226745ab6f5966:glm-5.3,glm-5.3,glm-5.3,True,
df710490297974bcca2d:MiniMax-M3,MiniMax-M3,MiniMax-M3,True,
dbbfb44e35a065f86d7b:glm-5.3,glm-5.3,glm-5.3,True,
61f592226733616541e3:deepseek-v4-pro,deepseek-v4-pro,deepseek-v4-pro,True,
6482d305ffd7d43c86d4:deepseek-v4-pro,deepseek-v4-pro,deepseek-v4-pro,True,
58c35bc3f580146a730b:MiniMax-M3,MiniMax-M3,MiniMax-M3,True,
778e5186ce80f74b3c19:deepseek-v4-pro,deepseek-v4-pro,deepseek-v4-pro,True,
9bfa97b29747b4324a91:glm-5.3,glm-5.3,glm-5.3,True,
55f32256d309a5c7ef41:MiniMax-M3,MiniMax-M3,MiniMax-M3,True,
3d8a1dafdd01a60bd097:MiniMax-M3,MiniMax-M3,MiniMax-M3,True,
b8b57b8b537aa656ef31:deepseek-v4-pro,deepseek-v4-pro,deepseek-v4-pro,True,
a44b73d1b54b4bda3cd5:glm-5.3,glm-5.3,glm-5.3,True,
ca49db6185c285d9d1fa:MiniMax-M3,MiniMax-M3,MiniMax-M3,True,
8c2507a64801f6c2a0c0:deepseek-v4-pro,deepseek-v4-pro,deepseek-v4-pro,True,
82b11e3e5410f31806ac:MiniMax-M3,MiniMax-M3,MiniMax-M3,True,
a58a2922b0d5017a81cb:MiniMax-M3,MiniMax-M3,MiniMax-M3,True,
5f9d68903079fc3735d5:glm-5.3,glm-5.3,glm-5.3,True,
fe41b450fe027f57ae52:glm-5.3,glm-5.3,glm-5.3,True,
866beeee45483fc03f33:deepseek-v4-pro,deepseek-v4-pro,deepseek-v4-pro,True,
4de1f2a9499286aaac6e:glm-5.3,glm-5.3,glm-5.3,True,
dd8a74260eee0babe157:MiniMax-M3,MiniMax-M3,MiniMax-M3,True,
c617d7d40aee980a3534:glm-5.3,glm-5.3,glm-5.3,True,
2a6e919481a01bfd499a:MiniMax-M3,MiniMax-M3,MiniMax-M3,True,
688e8e8dd257a32e3b97:glm-5.3,glm-5.3,glm-5.3,True,
ca23932819b9594b07f3:deepseek-v4-pro,deepseek-v4-pro,deepseek-v4-pro,True,
aa25bd0c84525483768c:deepseek-v4-pro,deepseek-v4-pro,deepseek-v4-pro,True,
78e86e647259378e6671:glm-5.3,glm-5.3,glm-5.3,True,
4c4cc57f0ae8f5d69a0c:deepseek-v4-pro,deepseek-v4-pro,deepseek-v4-pro,True,
4bbcb8f114fcf9c13652:glm-5.3,glm-5.3,glm-5.3,True,
e1a5270c2fea8a7669d3:glm-5.3,glm-5.3,glm-5.3,True,
9dd7d2177c1997dcb004:MiniMax-M3,MiniMax-M3,MiniMax-M3,True,
b9ea1906bab2b39d34b7:glm-5.3,glm-5.3,glm-5.3,True,
aa8f2ffb7435ccdac82d:MiniMax-M3,MiniMax-M3,MiniMax-M3,True,
06a3ded2a4ff4eb3f95d:glm-5.3,glm-5.3,glm-5.3,True,
7def35e2595f5136b26f:deepseek-v4-pro,deepseek-v4-pro,deepseek-v4-pro,True,
5ad8c83b1d11da4e9aad:MiniMax-M3,MiniMax-M3,MiniMax-M3,True,
06a3ded2a4ff4eb3f95d:deepseek-v4-pro,deepseek-v4-pro,deepseek-v4-pro,True,
9d876432fc2af5babd97:MiniMax-M3,MiniMax-M3,MiniMax-M3,True,
957f3d0268700b17ec32:deepseek-v4-pro,deepseek-v4-pro,deepseek-v4-pro,True,
a88f4913b57bcdb48525:glm-5.3,glm-5.3,glm-5.3,True,
75cb28f8df0acd439abd:deepseek-v4-pro,deepseek-v4-pro,deepseek-v4-pro,True,
76e07096375fb8df6f52:deepseek-v4-pro,deepseek-v4-pro,deepseek-v4-pro,True,
be1f8bb6867f8b5c665f:deepseek-v4-pro,deepseek-v4-pro,deepseek-v4-pro,True,
6948bb3d884e7b49fd10:glm-5.3,glm-5.3,glm-5.3,True,
c3c448504186842ec751:MiniMax-M3,MiniMax-M3,MiniMax-M3,True,
3c9e3bf462e33ae21c3e:MiniMax-M3,MiniMax-M3,MiniMax-M3,True,
9d0e0371a8ed923e3489:MiniMax-M3,MiniMax-M3,MiniMax-M3,True,
35544d12860f385f3609:deepseek-v4-pro,deepseek-v4-pro,deepseek-v4-pro,True,
5122e088070fec6e3fe2:MiniMax-M3,MiniMax-M3,MiniMax-M3,True,
1d803d1fd9ece9a17cb3:deepseek-v4-pro,deepseek-v4-pro,deepseek-v4-pro,True,
dc874b72b390c76ea059:glm-5.3,glm-5.3,glm-5.3,True,
660d0bdd84c288d64b95:MiniMax-M3,MiniMax-M3,MiniMax-M3,True,
7c2558e3772173d63bfb:deepseek-v4-pro,deepseek-v4-pro,deepseek-v4-pro,True,
3d8a1dafdd01a60bd097:glm-5.3,glm-5.3,glm-5.3,True,
aea70eb4a5a977186757:MiniMax-M3,MiniMax-M3,MiniMax-M3,True,
97573483a2ab62c2e40f:deepseek-v4-pro,deepseek-v4-pro,deepseek-v4-pro,True,
72d38006832d4556655a:deepseek-v4-pro,deepseek-v4-pro,deepseek-v4-pro,True,
b8fac33d9c45f1c8d3b8:glm-5.3,glm-5.3,glm-5.3,True,
0e9c19d9f95d039d267d:glm-5.3,glm-5.3,glm-5.3,True,
ddddb4312272f290a40f:glm-5.3,glm-5.3,glm-5.3,True,
a5f4994990e0659c1c54:glm-5.3,glm-5.3,glm-5.3,True,
5e3e3013b338ded58c75:deepseek-v4-pro,deepseek-v4-pro,deepseek-v4-pro,True,
a29a095933f5ce9219ee:glm-5.3,glm-5.3,glm-5.3,True,
43b5c588c6857a4da5d2:glm-5.3,glm-5.3,glm-5.3,True,
45976e8099344233b441:MiniMax-M3,MiniMax-M3,MiniMax-M3,True,
6f56fc2ce833c9ab6491:deepseek-v4-pro,deepseek-v4-pro,deepseek-v4-pro,True,
86ad2cb0f826eaa549de:glm-5.3,glm-5.3,glm-5.3,True,
50d8635a6678e2b51f55:deepseek-v4-pro,deepseek-v4-pro,deepseek-v4-pro,True,
488e22bfe167f4e41af7:deepseek-v4-pro,deepseek-v4-pro,deepseek-v4-pro,True,
a5f21cacf0dfcadbe2e0:glm-5.3,glm-5.3,glm-5.3,True,
199f383880f777717047:glm-5.3,glm-5.3,glm-5.3,True,
5e4c3c2a78bea798fab0:deepseek-v4-pro,deepseek-v4-pro,deepseek-v4-pro,True,
e6f91ae87e30707a82c0:glm-5.3,glm-5.3,glm-5.3,True,
599c77964dba14d15128:MiniMax-M3,MiniMax-M3,MiniMax-M3,True,
3d69800f39f4dba21af4:MiniMax-M3,MiniMax-M3,MiniMax-M3,True,
1cba96c9111bbd415536:glm-5.3,glm-5.3,glm-5.3,False,"Expecting ',' delimiter: line 11 column 2 (char 565)"
943b5f57df1a81f3cc9c:glm-5.3,glm-5.3,glm-5.3,True,
375b32cb6ca6b4db5f6a:deepseek-v4-pro,deepseek-v4-pro,deepseek-v4-pro,True,
5cc8ad1339366ad4585a:glm-5.3,glm-5.3,glm-5.3,True,
3f31df6e9ea60e299bc9:MiniMax-M3,MiniMax-M3,MiniMax-M3,True,
6a7a32765661d896ad39:deepseek-v4-pro,deepseek-v4-pro,deepseek-v4-pro,True,
f0fe4425d1f8f7a420b9:MiniMax-M3,MiniMax-M3,MiniMax-M3,True,
2bb27a83568c2f432d27:deepseek-v4-pro,deepseek-v4-pro,deepseek-v4-pro,True,
b1957d0fd8f95d519b7d:deepseek-v4-pro,deepseek-v4-pro,deepseek-v4-pro,True,
201c14bd37a035af6089:deepseek-v4-pro,deepseek-v4-pro,deepseek-v4-pro,True,
8068df839e38c1ca7966:MiniMax-M3,MiniMax-M3,MiniMax-M3,True,
f76276dd6e7ad30f4678:MiniMax-M3,MiniMax-M3,MiniMax-M3,True,
b3c5fa6f92cfd8a0054f:MiniMax-M3,MiniMax-M3,MiniMax-M3,True,
6aaf1d5704f90a720f87:MiniMax-M3,MiniMax-M3,MiniMax-M3,True,
9ee694ee392504f2e2a8:MiniMax-M3,MiniMax-M3,MiniMax-M3,True,
35430e8b5808c0353561:deepseek-v4-pro,deepseek-v4-pro,deepseek-v4-pro,True,
191ca59260eb789738be:MiniMax-M3,MiniMax-M3,MiniMax-M3,True,
67d451ac0ca5faf6042a:glm-5.3,glm-5.3,glm-5.3,True,
a7c7f0e300efca4731f9:MiniMax-M3,MiniMax-M3,MiniMax-M3,True,
f8cbf088868352352103:deepseek-v4-pro,deepseek-v4-pro,deepseek-v4-pro,True,
f7611802e11f6c755959:deepseek-v4-pro,deepseek-v4-pro,deepseek-v4-pro,True,
8f37b31f45d00e2804ac:MiniMax-M3,MiniMax-M3,MiniMax-M3,True,
5c091eaccc8d9ea764c5:glm-5.3,glm-5.3,glm-5.3,True,
264296f99e7bcca54c18:glm-5.3,glm-5.3,glm-5.3,True,
c7a730e9f9825670cf3e:MiniMax-M3,MiniMax-M3,MiniMax-M3,True,
99a7212303e0d4fc5cd0:glm-5.3,glm-5.3,glm-5.3,True,
2dafd181aa021f8a3f8e:deepseek-v4-pro,deepseek-v4-pro,deepseek-v4-pro,True,
abf900b54c25da3dfa61:deepseek-v4-pro,deepseek-v4-pro,deepseek-v4-pro,True,
9effb3a33544fb8eb2f6:deepseek-v4-pro,deepseek-v4-pro,deepseek-v4-pro,True,
0b9dfed90360c1cfdb2c:MiniMax-M3,MiniMax-M3,MiniMax-M3,True,
06cf6860e0bbe1d99f94:deepseek-v4-pro,deepseek-v4-pro,deepseek-v4-pro,True,
0a28e870600e6a3abff6:glm-5.3,glm-5.3,glm-5.3,True,
c7a0872e89084d8ceeeb:MiniMax-M3,MiniMax-M3,MiniMax-M3,True,
6b91cb308b6c34ead1a8:glm-5.3,glm-5.3,glm-5.3,True,
b3b7cbff70e0c4218930:deepseek-v4-pro,deepseek-v4-pro,deepseek-v4-pro,True,
fb099ffe3c8337463194:deepseek-v4-pro,deepseek-v4-pro,deepseek-v4-pro,True,
6bfbe252b2d355057469:MiniMax-M3,MiniMax-M3,MiniMax-M3,True,
e271c6e089077057aa10:MiniMax-M3,MiniMax-M3,MiniMax-M3,True,
2f8825194228672e23fa:glm-5.3,glm-5.3,glm-5.3,True,
5bef8f084abbbee1eaab:MiniMax-M3,MiniMax-M3,MiniMax-M3,True,
73714128a9a60de40058:MiniMax-M3,MiniMax-M3,MiniMax-M3,True,
548da3dfc9a9f56c53a7:deepseek-v4-pro,deepseek-v4-pro,deepseek-v4-pro,True,
6a59428a5aa5daeaf263:deepseek-v4-pro,deepseek-v4-pro,deepseek-v4-pro,True,
ce25f3cdb08a1ba6736a:deepseek-v4-pro,deepseek-v4-pro,deepseek-v4-pro,True,
fa99e1c9a5e005a511a0:MiniMax-M3,MiniMax-M3,MiniMax-M3,True,
77a83dd87b568c9b414a:glm-5.3,glm-5.3,glm-5.3,True,
2f56c589d36201898b24:MiniMax-M3,MiniMax-M3,MiniMax-M3,True,
c431bfc2e55c578f4444:deepseek-v4-pro,deepseek-v4-pro,deepseek-v4-pro,True,
c12ba79f96947807cea8:glm-5.3,glm-5.3,glm-5.3,True,
78ab6d8bc30314224d20:MiniMax-M3,MiniMax-M3,MiniMax-M3,True,
40f1eea527e1c30eb6bc:deepseek-v4-pro,deepseek-v4-pro,deepseek-v4-pro,True,
6f56fc2ce833c9ab6491:glm-5.3,glm-5.3,glm-5.3,True,
905b88d7a038679bcfeb:glm-5.3,glm-5.3,glm-5.3,True,
78d6356c647525e14f8f:glm-5.3,glm-5.3,glm-5.3,True,
e41fa24d61440635b480:MiniMax-M3,MiniMax-M3,MiniMax-M3,True,
51b6ff14057215cf61d5:glm-5.3,glm-5.3,glm-5.3,True,
e961b7892e8466718723:glm-5.3,glm-5.3,glm-5.3,True,
7839e0b5baa2a1b40bc3:deepseek-v4-pro,deepseek-v4-pro,deepseek-v4-pro,True,
418b5584180f0dc7624a:deepseek-v4-pro,deepseek-v4-pro,deepseek-v4-pro,True,
168d771dd08b81b5c7bb:MiniMax-M3,MiniMax-M3,MiniMax-M3,True,
6eda635cb967cdbdcc60:MiniMax-M3,MiniMax-M3,MiniMax-M3,True,
4c19c32ca6b59c09a45f:glm-5.3,glm-5.3,glm-5.3,True,
e4935740f1b6b934e834:deepseek-v4-pro,deepseek-v4-pro,deepseek-v4-pro,True,
25b9d3390a841a29706d:MiniMax-M3,MiniMax-M3,MiniMax-M3,True,
f29955adcae5c6ce4934:MiniMax-M3,MiniMax-M3,MiniMax-M3,True,
1de8beb388da15aec78e:glm-5.3,glm-5.3,glm-5.3,True,
795da41192f813753311:deepseek-v4-pro,deepseek-v4-pro,deepseek-v4-pro,True,
5afb5fead8214f2b993a:deepseek-v4-pro,deepseek-v4-pro,deepseek-v4-pro,True,
2bb27a83568c2f432d27:MiniMax-M3,MiniMax-M3,MiniMax-M3,True,
2162477effe5707063bb:glm-5.3,glm-5.3,glm-5.3,True,
cf4794672f97cfdcf2c4:deepseek-v4-pro,deepseek-v4-pro,deepseek-v4-pro,True,
276ed2ee0bdc98310c04:MiniMax-M3,MiniMax-M3,MiniMax-M3,True,
ab06baba0af7eed05fc7:deepseek-v4-pro,deepseek-v4-pro,deepseek-v4-pro,True,
5b1c867de53d30a08b0f:MiniMax-M3,MiniMax-M3,MiniMax-M3,True,
a6174d0361c5fd8f9ca6:glm-5.3,glm-5.3,glm-5.3,True,
d49597d4547b11ef2a65:deepseek-v4-pro,deepseek-v4-pro,deepseek-v4-pro,True,
88088728a6a163aa8dba:glm-5.3,glm-5.3,glm-5.3,True,
06e5069fe787aa4ed042:deepseek-v4-pro,deepseek-v4-pro,deepseek-v4-pro,True,
0540ad8b2c99a1ffd797:glm-5.3,glm-5.3,glm-5.3,True,
0847d72e0681903f269a:deepseek-v4-pro,deepseek-v4-pro,deepseek-v4-pro,True,
56e5b592f078a5052580:glm-5.3,glm-5.3,glm-5.3,True,
bdfaedc17a6c5a661bb1:MiniMax-M3,MiniMax-M3,MiniMax-M3,True,
30e88a3f2e94692af394:glm-5.3,glm-5.3,glm-5.3,True,
fc950436b9f52bc7df62:MiniMax-M3,MiniMax-M3,MiniMax-M3,True,
7839e0b5baa2a1b40bc3:glm-5.3,glm-5.3,glm-5.3,True,
629109d71c8420d153bc:glm-5.3,glm-5.3,glm-5.3,True,
5937771a4c1111bf1492:glm-5.3,glm-5.3,glm-5.3,True,
9d7988a503bbf6cc7e03:glm-5.3,glm-5.3,glm-5.3,True,
f7f21b82e0aa04a6e556:deepseek-v4-pro,deepseek-v4-pro,deepseek-v4-pro,True,
38c330af89f4792f89bd:deepseek-v4-pro,deepseek-v4-pro,deepseek-v4-pro,True,
0ccea6345713bf2c4347:glm-5.3,glm-5.3,glm-5.3,True,
433b3f97f654eaba97d3:MiniMax-M3,MiniMax-M3,MiniMax-M3,True,
66f031eecb333b3fd1e8:deepseek-v4-pro,deepseek-v4-pro,deepseek-v4-pro,True,
080795a5244cc35e1574:deepseek-v4-pro,deepseek-v4-pro,deepseek-v4-pro,True,
97952b7cc4bee6aa9f08:glm-5.3,glm-5.3,glm-5.3,True,
b6cf436c2f77fe8e6c62:deepseek-v4-pro,deepseek-v4-pro,deepseek-v4-pro,True,
40f33c8e2c16e9617184:MiniMax-M3,MiniMax-M3,MiniMax-M3,True,
8ef06526ba928114704e:glm-5.3,glm-5.3,glm-5.3,True,
928d97254d509b1893bd:deepseek-v4-pro,deepseek-v4-pro,deepseek-v4-pro,True,
03449a01187644d4ea09:MiniMax-M3,MiniMax-M3,MiniMax-M3,True,
88b17af4e32b9adfd9fb:glm-5.3,glm-5.3,glm-5.3,True,
b18bf469d2a62343531e:deepseek-v4-pro,deepseek-v4-pro,deepseek-v4-pro,True,
81952d856823dd5ec6e7:MiniMax-M3,MiniMax-M3,MiniMax-M3,True,
60693ecbd16ceaf70789:glm-5.3,glm-5.3,glm-5.3,True,
b157d4affaebb2620de1:deepseek-v4-pro,deepseek-v4-pro,deepseek-v4-pro,True,
03ba46cd9016c34a6d5e:MiniMax-M3,MiniMax-M3,MiniMax-M3,True,
3452f837d6e34968abbe:deepseek-v4-pro,deepseek-v4-pro,deepseek-v4-pro,True,
8da06d126c81a5cb8e0e:deepseek-v4-pro,deepseek-v4-pro,deepseek-v4-pro,True,
cc459c016e2178efaea5:MiniMax-M3,MiniMax-M3,MiniMax-M3,True,
c9624ad1007b45c6fd3a:MiniMax-M3,MiniMax-M3,MiniMax-M3,True,
fdb19fb33456e36e4159:deepseek-v4-pro,deepseek-v4-pro,deepseek-v4-pro,True,
df407455885369527241:glm-5.3,glm-5.3,glm-5.3,True,
d2fd20e6ae20032f16b5:deepseek-v4-pro,deepseek-v4-pro,deepseek-v4-pro,True,
1d22876f9587e2b9b61a:glm-5.3,glm-5.3,glm-5.3,True,
a022b3d5a0d7e99a707d:deepseek-v4-pro,deepseek-v4-pro,deepseek-v4-pro,True,
daeb9c063af9baf1244f:MiniMax-M3,MiniMax-M3,MiniMax-M3,True,
d12000b004b49817a675:MiniMax-M3,MiniMax-M3,MiniMax-M3,True,
b6b7479e5cd77e6e680c:glm-5.3,glm-5.3,glm-5.3,True,
fb8672422378daee78c2:glm-5.3,glm-5.3,glm-5.3,True,
13208c95b2db237ae576:glm-5.3,glm-5.3,glm-5.3,True,
7a16ab02bfbd8e8d7110:MiniMax-M3,MiniMax-M3,MiniMax-M3,True,
7fc602856e3b99385834:MiniMax-M3,MiniMax-M3,MiniMax-M3,True,
1990dd90faa4807558f2:glm-5.3,glm-5.3,glm-5.3,True,
2fc7a8493de0e8871ff4:glm-5.3,glm-5.3,glm-5.3,True,
19c61a1183889288923c:glm-5.3,glm-5.3,glm-5.3,True,
dff062919830eab74c98:deepseek-v4-pro,deepseek-v4-pro,deepseek-v4-pro,True,
b241772df9fd22e63702:glm-5.3,glm-5.3,glm-5.3,True,
016ea0ef46d351d52c72:glm-5.3,glm-5.3,glm-5.3,True,
a8afd9283079a4546f36:MiniMax-M3,MiniMax-M3,MiniMax-M3,True,
e0c8af39b7d68fce0341:deepseek-v4-pro,deepseek-v4-pro,deepseek-v4-pro,True,
1bc6ee75f561fd805100:glm-5.3,glm-5.3,glm-5.3,True,
04633db2456596223d25:deepseek-v4-pro,deepseek-v4-pro,deepseek-v4-pro,True,
d108fbb2503ee3091767:glm-5.3,glm-5.3,glm-5.3,True,
5016b4473c2f21b004f9:MiniMax-M3,MiniMax-M3,MiniMax-M3,True,
46a494267196e441ae66:MiniMax-M3,MiniMax-M3,MiniMax-M3,True,
c9b68c2b2ece5178cd06:MiniMax-M3,MiniMax-M3,MiniMax-M3,True,
802ac6045036ed7ec9d3:MiniMax-M3,MiniMax-M3,MiniMax-M3,True,
31cda5cc60794fcbfbcd:deepseek-v4-pro,deepseek-v4-pro,deepseek-v4-pro,True,
6b905cd69865e7c42469:glm-5.3,glm-5.3,glm-5.3,True,
e04b2a122fff28a4bb78:deepseek-v4-pro,deepseek-v4-pro,deepseek-v4-pro,True,
50d9217b41b94ed86565:deepseek-v4-pro,deepseek-v4-pro,deepseek-v4-pro,True,
21077e7096bea93ed431:glm-5.3,glm-5.3,glm-5.3,True,
9e5cb5ebbdc06d3d7673:MiniMax-M3,MiniMax-M3,MiniMax-M3,True,
76c539432f2a426cada0:glm-5.3,glm-5.3,glm-5.3,True,
ed9b534774ffe0cc3092:deepseek-v4-pro,deepseek-v4-pro,deepseek-v4-pro,True,
aa1eb6824f9b5a9e951d:deepseek-v4-pro,deepseek-v4-pro,deepseek-v4-pro,True,
1c084fd2218974c778d0:MiniMax-M3,MiniMax-M3,MiniMax-M3,True,
db779a77bc9633b2b42f:MiniMax-M3,MiniMax-M3,MiniMax-M3,True,
e8a3fcd7ccda21d68554:MiniMax-M3,MiniMax-M3,MiniMax-M3,True,
c9b68c2b2ece5178cd06:glm-5.3,glm-5.3,glm-5.3,True,
6b91cb308b6c34ead1a8:deepseek-v4-pro,deepseek-v4-pro,deepseek-v4-pro,True,
fb1412269580a8299974:MiniMax-M3,MiniMax-M3,MiniMax-M3,True,
a9f2220f9a3c010c7121:deepseek-v4-pro,deepseek-v4-pro,deepseek-v4-pro,True,
6217a5ab29572e15f31f:MiniMax-M3,MiniMax-M3,MiniMax-M3,True,
eb83d8d940d552c86233:MiniMax-M3,MiniMax-M3,MiniMax-M3,True,
65bfa3b3c2bebf0b520a:MiniMax-M3,MiniMax-M3,MiniMax-M3,True,
55ee77cb3eee52bb2001:glm-5.3,glm-5.3,glm-5.3,True,
22b893b6857c3d654d7a:deepseek-v4-pro,deepseek-v4-pro,deepseek-v4-pro,True,
3e8c8c29c68f1c608842:glm-5.3,glm-5.3,glm-5.3,True,
1fbc0a4e7cefe65d939c:glm-5.3,glm-5.3,glm-5.3,True,
e2c0c8ee6d3180fef04e:MiniMax-M3,MiniMax-M3,MiniMax-M3,True,
c48fd94db1c0170c6f2b:MiniMax-M3,MiniMax-M3,MiniMax-M3,True,
33d44c8d3e76b3f07a4f:deepseek-v4-pro,deepseek-v4-pro,deepseek-v4-pro,True,
8dce4853c6ddbf1b9a7b:MiniMax-M3,MiniMax-M3,MiniMax-M3,True,
ddab60dc254c840d7a6f:MiniMax-M3,MiniMax-M3,MiniMax-M3,True,
03449a01187644d4ea09:glm-5.3,glm-5.3,glm-5.3,True,
fa6badf5190d063e4d26:glm-5.3,glm-5.3,glm-5.3,True,
a1d7af0dfea241b3102c:glm-5.3,glm-5.3,glm-5.3,True,
cd15fbe3f5a6d5ea487f:MiniMax-M3,MiniMax-M3,MiniMax-M3,True,
9940bdb4841ce758ed1d:glm-5.3,glm-5.3,glm-5.3,True,
4415f247fb99a31960ab:glm-5.3,glm-5.3,glm-5.3,True,
7ad7e09038cadca90f2c:deepseek-v4-pro,deepseek-v4-pro,deepseek-v4-pro,True,
ba32ad3742e54e733b4b:MiniMax-M3,MiniMax-M3,MiniMax-M3,True,
edd59ef23ef9c7b3c7ed:glm-5.3,glm-5.3,glm-5.3,True,
d12000b004b49817a675:glm-5.3,glm-5.3,glm-5.3,True,
2987eafba4c451b70c5b:deepseek-v4-pro,deepseek-v4-pro,deepseek-v4-pro,True,
b1a54ef3b6332576eccf:deepseek-v4-pro,deepseek-v4-pro,deepseek-v4-pro,True,
0cb63689cdaafc3f4875:MiniMax-M3,MiniMax-M3,MiniMax-M3,True,
f14b87a4b4c318f1dad0:deepseek-v4-pro,deepseek-v4-pro,deepseek-v4-pro,True,
ee1253f3621f2d75b397:deepseek-v4-pro,deepseek-v4-pro,deepseek-v4-pro,True,
d12ea5e37282dadd6e17:glm-5.3,glm-5.3,glm-5.3,True,
0f825da9d6f1b87eb56b:deepseek-v4-pro,deepseek-v4-pro,deepseek-v4-pro,True,
0f825da9d6f1b87eb56b:MiniMax-M3,MiniMax-M3,MiniMax-M3,True,
894c89304ed3da0bc912:deepseek-v4-pro,deepseek-v4-pro,deepseek-v4-pro,True,
971a227af1df170df549:deepseek-v4-pro,deepseek-v4-pro,deepseek-v4-pro,True,
5f9addea07874bbef32d:MiniMax-M3,MiniMax-M3,MiniMax-M3,True,
2c3b7266bfcf5770119c:MiniMax-M3,MiniMax-M3,MiniMax-M3,True,
3a91e0923ee16e7d0256:MiniMax-M3,MiniMax-M3,MiniMax-M3,True,
512d232249b62e19b556:glm-5.3,glm-5.3,glm-5.3,True,
e4ba265ffc34b7483c0d:glm-5.3,glm-5.3,glm-5.3,True,
5a3be6382f84547879e4:glm-5.3,glm-5.3,glm-5.3,True,
155f61c3c3abb503e31b:glm-5.3,glm-5.3,glm-5.3,True,
88704cbd0945d467c121:deepseek-v4-pro,deepseek-v4-pro,deepseek-v4-pro,True,
85dde229e4b6eab3fc59:MiniMax-M3,MiniMax-M3,MiniMax-M3,True,
cecb28fac91cd6b33eba:MiniMax-M3,MiniMax-M3,MiniMax-M3,True,
0cea2552b2e5f192530a:MiniMax-M3,MiniMax-M3,MiniMax-M3,True,
71e765a601974afe9cf5:MiniMax-M3,MiniMax-M3,MiniMax-M3,True,
bcecde76ce2744f44240:glm-5.3,glm-5.3,glm-5.3,True,
e6174d8a52b93e97248b:deepseek-v4-pro,deepseek-v4-pro,deepseek-v4-pro,True,
b414a340aa47efce52bd:MiniMax-M3,MiniMax-M3,MiniMax-M3,True,
713cd87bd5897114a93d:MiniMax-M3,MiniMax-M3,MiniMax-M3,True,
9906f87e664a309de107:MiniMax-M3,MiniMax-M3,MiniMax-M3,True,
947cca3e791d22a93acd:deepseek-v4-pro,deepseek-v4-pro,deepseek-v4-pro,True,
b9d43269bc51bec4cdee:MiniMax-M3,MiniMax-M3,MiniMax-M3,True,
b640af714261683da83b:MiniMax-M3,MiniMax-M3,MiniMax-M3,True,
bc900fb176b0cd11be0e:glm-5.3,glm-5.3,glm-5.3,True,
c0c45f656f361d675dcd:MiniMax-M3,MiniMax-M3,MiniMax-M3,True,
c56046c8e12437547b98:deepseek-v4-pro,deepseek-v4-pro,deepseek-v4-pro,True,
ea968b2b054b544b865e:MiniMax-M3,MiniMax-M3,MiniMax-M3,True,
75f14db88970c62cb94c:deepseek-v4-pro,deepseek-v4-pro,deepseek-v4-pro,True,
10634e85e373e855f720:MiniMax-M3,MiniMax-M3,MiniMax-M3,True,
589af96ed8d60b0d49a7:deepseek-v4-pro,deepseek-v4-pro,deepseek-v4-pro,True,
a6dd442f05a9a099217d:MiniMax-M3,MiniMax-M3,MiniMax-M3,True,
83e54c0cec5319b2e1a9:deepseek-v4-pro,deepseek-v4-pro,deepseek-v4-pro,True,
b2aeb785d34df53f2427:deepseek-v4-pro,deepseek-v4-pro,deepseek-v4-pro,True,
1c5d864fb4f7b6f8301e:glm-5.3,glm-5.3,glm-5.3,True,
1fa527c1df87241921a1:glm-5.3,glm-5.3,glm-5.3,True,
e7816522cba3512ab21d:deepseek-v4-pro,deepseek-v4-pro,deepseek-v4-pro,True,
abb2e619a6fc26175e40:MiniMax-M3,MiniMax-M3,MiniMax-M3,True,
646c5287c6945c7cd00c:deepseek-v4-pro,deepseek-v4-pro,deepseek-v4-pro,True,
0c98199808f1c18ac05a:MiniMax-M3,MiniMax-M3,MiniMax-M3,True,
db5c73dbe3965a68ed48:deepseek-v4-pro,deepseek-v4-pro,deepseek-v4-pro,True,
abdf95744d26dacbe25d:glm-5.3,glm-5.3,glm-5.3,True,
277d3b94aea3188a6bb9:deepseek-v4-pro,deepseek-v4-pro,deepseek-v4-pro,True,
9d68ed7e4e88a8daf5cf:MiniMax-M3,MiniMax-M3,MiniMax-M3,True,
20dd696b08d60be82b9b:deepseek-v4-pro,deepseek-v4-pro,deepseek-v4-pro,True,
511c5284bd769d479269:glm-5.3,glm-5.3,glm-5.3,True,
e7e76860402ea31dd318:deepseek-v4-pro,deepseek-v4-pro,deepseek-v4-pro,True,
606d45dee6b43281c932:MiniMax-M3,MiniMax-M3,MiniMax-M3,True,
5b4e23c5829f7b927602:glm-5.3,glm-5.3,glm-5.3,True,
98ca20f518d877c0dd50:glm-5.3,glm-5.3,glm-5.3,True,
aadd6df4f5a0a7ab9566:MiniMax-M3,MiniMax-M3,MiniMax-M3,True,
51992c2b7acdf8bd0f45:glm-5.3,glm-5.3,glm-5.3,True,
abb2e619a6fc26175e40:deepseek-v4-pro,deepseek-v4-pro,deepseek-v4-pro,True,
a3bc018534ade488cecd:glm-5.3,glm-5.3,glm-5.3,True,
ecf7e22fd0c680a47cc1:deepseek-v4-pro,deepseek-v4-pro,deepseek-v4-pro,True,
d0569ba0c03eccea98ca:MiniMax-M3,MiniMax-M3,MiniMax-M3,True,
3bb17c6c3694b8c773e0:deepseek-v4-pro,deepseek-v4-pro,deepseek-v4-pro,True,
85abdad836e1e8abee13:MiniMax-M3,MiniMax-M3,MiniMax-M3,True,
6e94b7fcbeb00bf2e13a:glm-5.3,glm-5.3,glm-5.3,True,
abaeaa537d98816df662:glm-5.3,glm-5.3,glm-5.3,True,
375b32cb6ca6b4db5f6a:MiniMax-M3,MiniMax-M3,MiniMax-M3,True,
52905d9e5a70e82160c6:MiniMax-M3,MiniMax-M3,MiniMax-M3,True,
14e393efce3081ed0920:MiniMax-M3,MiniMax-M3,MiniMax-M3,True,
b78a01dfae6962f3005f:deepseek-v4-pro,deepseek-v4-pro,deepseek-v4-pro,True,
6cbf4d27257191b18b58:MiniMax-M3,MiniMax-M3,MiniMax-M3,True,
fea7bb073a4251d06294:MiniMax-M3,MiniMax-M3,MiniMax-M3,True,
8a75bf99a5548f08374d:MiniMax-M3,MiniMax-M3,MiniMax-M3,True,
d5a8df3d49a8ccdd2ea7:deepseek-v4-pro,deepseek-v4-pro,deepseek-v4-pro,True,
117632364c6114eb8406:glm-5.3,glm-5.3,glm-5.3,True,
b4d90fb1aed83546aa37:glm-5.3,glm-5.3,glm-5.3,True,
d9d3cd5f07cfcc2c2be1:deepseek-v4-pro,deepseek-v4-pro,deepseek-v4-pro,True,
fc4b9ffa62a08210118c:glm-5.3,glm-5.3,glm-5.3,True,
e82bf04a06dea6d77c72:MiniMax-M3,MiniMax-M3,MiniMax-M3,True,
9e6990e26396244c8970:deepseek-v4-pro,deepseek-v4-pro,deepseek-v4-pro,True,
fc8b5484e9ad80438d40:MiniMax-M3,MiniMax-M3,MiniMax-M3,True,
cac2de9e5d8870121dec:MiniMax-M3,MiniMax-M3,MiniMax-M3,True,
5b9510ce0ed0ea4f8f62:glm-5.3,glm-5.3,glm-5.3,True,
2003fcd67e989b385d42:deepseek-v4-pro,deepseek-v4-pro,deepseek-v4-pro,True,
fa028dca8e7134bfc81f:deepseek-v4-pro,deepseek-v4-pro,deepseek-v4-pro,True,
8bbbd5ca5ebaf6316a92:glm-5.3,glm-5.3,glm-5.3,True,
355bf94b73a5366bf8df:glm-5.3,glm-5.3,glm-5.3,True,
bdc70d672d93fd31241a:glm-5.3,glm-5.3,glm-5.3,True,
64b0caab7bcf1f36d8d5:deepseek-v4-pro,deepseek-v4-pro,deepseek-v4-pro,True,
a7c3d51a565cbb7ba6a0:deepseek-v4-pro,deepseek-v4-pro,deepseek-v4-pro,True,
121adf46d4add112778c:deepseek-v4-pro,deepseek-v4-pro,deepseek-v4-pro,True,
a08fac2c5954db7628a4:MiniMax-M3,MiniMax-M3,MiniMax-M3,True,
e8deffd089732d3f3adf:glm-5.3,glm-5.3,glm-5.3,True,
9c318e6023e9f8cef09a:MiniMax-M3,MiniMax-M3,MiniMax-M3,True,
13949044fec39e87f0c0:deepseek-v4-pro,deepseek-v4-pro,deepseek-v4-pro,True,
9f649e991ae111040a29:deepseek-v4-pro,deepseek-v4-pro,deepseek-v4-pro,True,
e79dc446c07a546e971e:MiniMax-M3,MiniMax-M3,MiniMax-M3,True,
fb1a443c9a074bf77b34:MiniMax-M3,MiniMax-M3,MiniMax-M3,True,
9d0478228c36c0d36ea6:glm-5.3,glm-5.3,glm-5.3,True,
29949c5fb2ade66fa19c:MiniMax-M3,MiniMax-M3,MiniMax-M3,True,
17631ea8f5f209aeeae8:glm-5.3,glm-5.3,glm-5.3,True,
0a32063185e5887ffcc1:MiniMax-M3,MiniMax-M3,MiniMax-M3,True,
dcd085e74af5d1233cf1:MiniMax-M3,MiniMax-M3,MiniMax-M3,True,
cefd483d07a9d4afcb4d:deepseek-v4-pro,deepseek-v4-pro,deepseek-v4-pro,True,
2d62973893bbdb3414dd:MiniMax-M3,MiniMax-M3,MiniMax-M3,True,
2ee712d9bdfab5694017:deepseek-v4-pro,deepseek-v4-pro,deepseek-v4-pro,True,
2fc7a8493de0e8871ff4:MiniMax-M3,MiniMax-M3,MiniMax-M3,True,
b29f675a2bc01457c4cb:glm-5.3,glm-5.3,glm-5.3,True,
d05074dad6071d764bd9:glm-5.3,glm-5.3,glm-5.3,True,
88b17af4e32b9adfd9fb:MiniMax-M3,MiniMax-M3,MiniMax-M3,True,
ff312196fcaab333d602:glm-5.3,glm-5.3,glm-5.3,True,
e54f75808b8113071460:deepseek-v4-pro,deepseek-v4-pro,deepseek-v4-pro,True,
ce776efe1ee46653d2d5:glm-5.3,glm-5.3,glm-5.3,True,
d26718f8029574e99cd8:MiniMax-M3,MiniMax-M3,MiniMax-M3,True,
a7228a6fd60e79efabb6:glm-5.3,glm-5.3,glm-5.3,True,
e141900481170104d394:deepseek-v4-pro,deepseek-v4-pro,deepseek-v4-pro,True,
7f4f20a04a17a1ec2a11:deepseek-v4-pro,deepseek-v4-pro,deepseek-v4-pro,True,
3bb355893de118d115f4:deepseek-v4-pro,deepseek-v4-pro,deepseek-v4-pro,True,
dd17a07ac3a09770d3a6:MiniMax-M3,MiniMax-M3,MiniMax-M3,True,
e3bc90a4587155fef262:deepseek-v4-pro,deepseek-v4-pro,deepseek-v4-pro,True,
8a75bf99a5548f08374d:glm-5.3,glm-5.3,glm-5.3,True,
84f7a287315ab8ee76cc:MiniMax-M3,MiniMax-M3,MiniMax-M3,True,
f721bebeba3739934b5c:MiniMax-M3,MiniMax-M3,MiniMax-M3,True,
066107229f1a93a9c4ba:glm-5.3,glm-5.3,glm-5.3,True,
8186191cb3ee3cf7a311:deepseek-v4-pro,deepseek-v4-pro,deepseek-v4-pro,True,
5c43e34948d977819b60:glm-5.3,glm-5.3,glm-5.3,True,
557f44394e1e4373e55d:deepseek-v4-pro,deepseek-v4-pro,deepseek-v4-pro,True,
de9af0fa1238f13a5d20:MiniMax-M3,MiniMax-M3,MiniMax-M3,True,
4cb6ed7940e6fff3d855:glm-5.3,glm-5.3,glm-5.3,True,
b1fbb9252bac5cb5fbdb:MiniMax-M3,MiniMax-M3,MiniMax-M3,True,
8d3f3f2429c4b07c78e1:MiniMax-M3,MiniMax-M3,MiniMax-M3,True,
95e96948cf2f976e0c68:deepseek-v4-pro,deepseek-v4-pro,deepseek-v4-pro,True,
83f210a1bcf75a223aac:MiniMax-M3,MiniMax-M3,MiniMax-M3,True,
21e96fa8065b27840d0e:deepseek-v4-pro,deepseek-v4-pro,deepseek-v4-pro,True,
d7edd82bd93b7e6f1f77:MiniMax-M3,MiniMax-M3,MiniMax-M3,True,
b85c17c10bab65d55805:glm-5.3,glm-5.3,glm-5.3,True,
a4105329912ec26b9dbb:deepseek-v4-pro,deepseek-v4-pro,deepseek-v4-pro,True,
a1ea451b83fea7dda36e:deepseek-v4-pro,deepseek-v4-pro,deepseek-v4-pro,True,
02a32080950166176ed4:deepseek-v4-pro,deepseek-v4-pro,deepseek-v4-pro,True,
50d8635a6678e2b51f55:glm-5.3,glm-5.3,glm-5.3,True,
9fd77f917173fdeaee24:MiniMax-M3,MiniMax-M3,MiniMax-M3,True,
d6f3ffd67e817e698a2e:MiniMax-M3,MiniMax-M3,MiniMax-M3,True,
af7455d188a90fd51e86:deepseek-v4-pro,deepseek-v4-pro,deepseek-v4-pro,True,
67d9ccfb87d82cc9afe3:deepseek-v4-pro,deepseek-v4-pro,deepseek-v4-pro,True,
8a7de7a8d3ccf32a9b0d:MiniMax-M3,MiniMax-M3,MiniMax-M3,True,
cb6b303810f8eb382485:MiniMax-M3,MiniMax-M3,MiniMax-M3,True,
a39ae1dc6cf96e3dd39f:MiniMax-M3,MiniMax-M3,MiniMax-M3,True,
132b47b907b545c52d41:deepseek-v4-pro,deepseek-v4-pro,deepseek-v4-pro,True,
e8deffd089732d3f3adf:deepseek-v4-pro,deepseek-v4-pro,deepseek-v4-pro,True,
f1ec1ad99ff3ee6daa19:deepseek-v4-pro,deepseek-v4-pro,deepseek-v4-pro,True,
bbbdafc02c4a8d5b8210:glm-5.3,glm-5.3,glm-5.3,True,
47827ce989baa26c6e29:deepseek-v4-pro,deepseek-v4-pro,deepseek-v4-pro,True,
8704bf85330650c289f7:deepseek-v4-pro,deepseek-v4-pro,deepseek-v4-pro,True,
6ae5b43724738794abc5:MiniMax-M3,MiniMax-M3,MiniMax-M3,True,
5018dedcce51a6c1de06:deepseek-v4-pro,deepseek-v4-pro,deepseek-v4-pro,True,
3666d8100322032128a1:deepseek-v4-pro,deepseek-v4-pro,deepseek-v4-pro,True,
ce3e3425c13a5a0bac55:glm-5.3,glm-5.3,glm-5.3,True,
78b4980a9fcd20399e42:MiniMax-M3,MiniMax-M3,MiniMax-M3,True,
c7a22b377418d1832e8e:MiniMax-M3,MiniMax-M3,MiniMax-M3,True,
1a9211b5eec3260990e2:glm-5.3,glm-5.3,glm-5.3,True,
30d6dcde1ac464ff564d:deepseek-v4-pro,deepseek-v4-pro,deepseek-v4-pro,True,
80f2422a50b183c638fe:MiniMax-M3,MiniMax-M3,MiniMax-M3,True,
8ac3ebdf81e65be23533:glm-5.3,glm-5.3,glm-5.3,True,
09ec2206eff72458797c:MiniMax-M3,MiniMax-M3,MiniMax-M3,True,
450b5c99a419add7d2de:glm-5.3,glm-5.3,glm-5.3,True,
cf9aab52022872c32767:deepseek-v4-pro,deepseek-v4-pro,deepseek-v4-pro,True,
5e3e3013b338ded58c75:glm-5.3,glm-5.3,glm-5.3,True,
090b1187cb6c8f658085:glm-5.3,glm-5.3,glm-5.3,True,
497f30d85f80d893eeaf:MiniMax-M3,MiniMax-M3,MiniMax-M3,True,
835fc0e6cf4ecdca3c34:MiniMax-M3,MiniMax-M3,MiniMax-M3,True,
f2e56414d0a3b8c1421a:deepseek-v4-pro,deepseek-v4-pro,deepseek-v4-pro,True,
55e91c45f1264acb25b5:deepseek-v4-pro,deepseek-v4-pro,deepseek-v4-pro,True,
61fadabf455d2800a59f:MiniMax-M3,MiniMax-M3,MiniMax-M3,True,
5b2f67bb492ac61ad604:glm-5.3,glm-5.3,glm-5.3,True,
662137d6f690f66615be:glm-5.3,glm-5.3,glm-5.3,True,
92b2f4e4963d196110bb:deepseek-v4-pro,deepseek-v4-pro,deepseek-v4-pro,True,
832b4e9e0a231b3ba15f:MiniMax-M3,MiniMax-M3,MiniMax-M3,True,
8cb293ff1a24c3ab2790:deepseek-v4-pro,deepseek-v4-pro,deepseek-v4-pro,True,
121adf46d4add112778c:MiniMax-M3,MiniMax-M3,MiniMax-M3,True,
5b44fd2f679d67aeb4d9:glm-5.3,glm-5.3,glm-5.3,True,
c30f9ff6e872eb2841b7:glm-5.3,glm-5.3,glm-5.3,True,
281039adc38507584e39:deepseek-v4-pro,deepseek-v4-pro,deepseek-v4-pro,True,
bc4f623017c134224cdb:glm-5.3,glm-5.3,glm-5.3,True,
cf581f8ac53ac750a834:glm-5.3,glm-5.3,glm-5.3,True,
36c418ad6774f58b7a33:MiniMax-M3,MiniMax-M3,MiniMax-M3,True,
e7dbb6da0db2e855fe93:glm-5.3,glm-5.3,glm-5.3,True,
d34408646bb4a2aab21f:deepseek-v4-pro,deepseek-v4-pro,deepseek-v4-pro,True,
440372bae3cc3c9c661d:MiniMax-M3,MiniMax-M3,MiniMax-M3,True,
2cd84fe102fae85d5c64:MiniMax-M3,MiniMax-M3,MiniMax-M3,True,
268033a7079bcc328dbf:deepseek-v4-pro,deepseek-v4-pro,deepseek-v4-pro,True,
596192c92e00fa334196:glm-5.3,glm-5.3,glm-5.3,True,
992978e19680d9930eb8:MiniMax-M3,MiniMax-M3,MiniMax-M3,True,
eeb7af1f1f98d7e4c1a9:deepseek-v4-pro,deepseek-v4-pro,deepseek-v4-pro,True,
ba5bc21407df20b5f183:MiniMax-M3,MiniMax-M3,MiniMax-M3,True,
e271c6e089077057aa10:glm-5.3,glm-5.3,glm-5.3,True,
2a401e8b52fbcdc37670:glm-5.3,glm-5.3,glm-5.3,True,
2673daf4c7439466636a:MiniMax-M3,MiniMax-M3,MiniMax-M3,True,
bdcd073ec579d8941e36:glm-5.3,glm-5.3,glm-5.3,True,
48f85fcb30c2964e345e:deepseek-v4-pro,deepseek-v4-pro,deepseek-v4-pro,True,
9abc7274495f64b2abd9:MiniMax-M3,MiniMax-M3,MiniMax-M3,True,
2263ad3dfc476f18ed6f:glm-5.3,glm-5.3,glm-5.3,True,
5a2dc9439b892ce5b3d4:glm-5.3,glm-5.3,glm-5.3,True,
5395658533c270997618:MiniMax-M3,MiniMax-M3,MiniMax-M3,True,
335563a5703a039b9025:MiniMax-M3,MiniMax-M3,MiniMax-M3,True,
cac86a655095b567de7e:deepseek-v4-pro,deepseek-v4-pro,deepseek-v4-pro,True,
18651ea66b832596fd08:deepseek-v4-pro,deepseek-v4-pro,deepseek-v4-pro,True,
57e4c7523f8164bbda39:glm-5.3,glm-5.3,glm-5.3,True,
0ce0a765e3c009e5a3db:deepseek-v4-pro,deepseek-v4-pro,deepseek-v4-pro,True,
bc9073fe29575570b1d9:glm-5.3,glm-5.3,glm-5.3,True,
55f0f33b0d4063bfa893:glm-5.3,glm-5.3,glm-5.3,True,
7b723532fc032a241e86:MiniMax-M3,MiniMax-M3,MiniMax-M3,True,
4fdaec94a39a293622a2:deepseek-v4-pro,deepseek-v4-pro,deepseek-v4-pro,True,
5e3e3013b338ded58c75:MiniMax-M3,MiniMax-M3,MiniMax-M3,True,
27546ca07255d23223ef:MiniMax-M3,MiniMax-M3,MiniMax-M3,True,
3f31df6e9ea60e299bc9:glm-5.3,glm-5.3,glm-5.3,True,
cd4d3d677be5a5a755df:deepseek-v4-pro,deepseek-v4-pro,deepseek-v4-pro,True,
f224e258d43952296969:deepseek-v4-pro,deepseek-v4-pro,deepseek-v4-pro,True,
67ed605d328ef88cd39f:glm-5.3,glm-5.3,glm-5.3,True,
efccedb119768759d5aa:glm-5.3,glm-5.3,glm-5.3,True,
3bc84e43540a17ca358d:deepseek-v4-pro,deepseek-v4-pro,deepseek-v4-pro,True,
109d2b54026de50a3db2:deepseek-v4-pro,deepseek-v4-pro,deepseek-v4-pro,True,
023688084a38ec5d9412:deepseek-v4-pro,deepseek-v4-pro,deepseek-v4-pro,True,
a181469029d67d5a0ada:glm-5.3,glm-5.3,glm-5.3,True,
3dba9b275a8ab157bc52:glm-5.3,glm-5.3,glm-5.3,True,
f590641f4e8e17ce14f4:MiniMax-M3,MiniMax-M3,MiniMax-M3,True,
2009bf19f1e89899bce0:deepseek-v4-pro,deepseek-v4-pro,deepseek-v4-pro,True,
4d5e70246f4fee788e41:MiniMax-M3,MiniMax-M3,MiniMax-M3,True,
d9fc805b6063df6e2ac7:deepseek-v4-pro,deepseek-v4-pro,deepseek-v4-pro,True,
51992c2b7acdf8bd0f45:MiniMax-M3,MiniMax-M3,MiniMax-M3,True,
87d82a47bb9bb64cceae:MiniMax-M3,MiniMax-M3,MiniMax-M3,True,
0847d72e0681903f269a:glm-5.3,glm-5.3,glm-5.3,True,
ddeb9bd412d1f5962d7a:glm-5.3,glm-5.3,glm-5.3,True,
9fa96bcb83eb6a13dd5f:MiniMax-M3,MiniMax-M3,MiniMax-M3,True,
b6154c2c6a6dda116b59:glm-5.3,glm-5.3,glm-5.3,True,
b04a517eacf25e1a83dd:deepseek-v4-pro,deepseek-v4-pro,deepseek-v4-pro,True,
97952b7cc4bee6aa9f08:MiniMax-M3,MiniMax-M3,MiniMax-M3,True,
b6154c2c6a6dda116b59:MiniMax-M3,MiniMax-M3,MiniMax-M3,True,
c13326700cd3a5767a5c:glm-5.3,glm-5.3,glm-5.3,True,
342c750f4f921015790d:deepseek-v4-pro,deepseek-v4-pro,deepseek-v4-pro,True,
07e4153bba51ee3b24bd:deepseek-v4-pro,deepseek-v4-pro,deepseek-v4-pro,True,
86a5cbbc8ce64ffeebfe:MiniMax-M3,MiniMax-M3,MiniMax-M3,True,
33dd91a6fbb9e5b826f7:glm-5.3,glm-5.3,glm-5.3,True,
cdf9451e4ebbbac0f978:deepseek-v4-pro,deepseek-v4-pro,deepseek-v4-pro,True,
12473b28be4b4000940f:MiniMax-M3,MiniMax-M3,MiniMax-M3,True,
b29c120159da593306ed:glm-5.3,glm-5.3,glm-5.3,True,
4d00d5b2f903d24eb9c9:glm-5.3,glm-5.3,glm-5.3,True,
3a91e0923ee16e7d0256:deepseek-v4-pro,deepseek-v4-pro,deepseek-v4-pro,True,
ee5c35244a6e4b2fbfcc:MiniMax-M3,MiniMax-M3,MiniMax-M3,True,
4f33c4b518f968d8e1f3:glm-5.3,glm-5.3,glm-5.3,True,
ccbebd5f5180a038b7fd:deepseek-v4-pro,deepseek-v4-pro,deepseek-v4-pro,True,
3785f8189f8130629e52:deepseek-v4-pro,deepseek-v4-pro,deepseek-v4-pro,True,
7721ba12109adaaea45e:deepseek-v4-pro,deepseek-v4-pro,deepseek-v4-pro,True,
4b0a0b8f9022a63b1bf4:deepseek-v4-pro,deepseek-v4-pro,deepseek-v4-pro,True,
6195f92c459c2531fcd4:glm-5.3,glm-5.3,glm-5.3,True,
e82a77c8ba97639f4845:MiniMax-M3,MiniMax-M3,MiniMax-M3,True,
0b04092a46bafcd792f9:MiniMax-M3,MiniMax-M3,MiniMax-M3,True,
ed6ab662ff6b830833a5:glm-5.3,glm-5.3,glm-5.3,True,
48ccb7f93de59f5c57ec:MiniMax-M3,MiniMax-M3,MiniMax-M3,True,
350cbce12291faf5fe9c:MiniMax-M3,MiniMax-M3,MiniMax-M3,True,
7a16ab02bfbd8e8d7110:deepseek-v4-pro,deepseek-v4-pro,deepseek-v4-pro,True,
e34f909fd75fac117b56:deepseek-v4-pro,deepseek-v4-pro,deepseek-v4-pro,True,
0e955f7e3a55701a102a:deepseek-v4-pro,deepseek-v4-pro,deepseek-v4-pro,True,
65f038e062c27f676c94:deepseek-v4-pro,deepseek-v4-pro,deepseek-v4-pro,True,
014af497dd514736dcc9:MiniMax-M3,MiniMax-M3,MiniMax-M3,True,
608be601db4924d36bc1:MiniMax-M3,MiniMax-M3,MiniMax-M3,True,
842da69b02be6465ae03:glm-5.3,glm-5.3,glm-5.3,True,
1f5005e931388ec0631c:MiniMax-M3,MiniMax-M3,MiniMax-M3,True,
3e8566e49ab1c334c7f8:MiniMax-M3,MiniMax-M3,MiniMax-M3,True,
85d59b62af7d5e4ce2d9:glm-5.3,glm-5.3,glm-5.3,True,
103888dcc67b248ed21c:MiniMax-M3,MiniMax-M3,MiniMax-M3,True,
eed307449d8d09e05c81:MiniMax-M3,MiniMax-M3,MiniMax-M3,True,
357b6fe64cd5463b893f:glm-5.3,glm-5.3,glm-5.3,False,invalid_completion_Empty visible completion
1341096630c2ce26bde5:glm-5.3,glm-5.3,glm-5.3,True,
5a2855f27e9c9acd941d:deepseek-v4-pro,deepseek-v4-pro,deepseek-v4-pro,True,
b0d585f87245d11ca6b2:deepseek-v4-pro,deepseek-v4-pro,deepseek-v4-pro,True,
fbbb71d33c19ff9f804a:MiniMax-M3,MiniMax-M3,MiniMax-M3,True,
fe2cff827bfd6f1d7cd1:deepseek-v4-pro,deepseek-v4-pro,deepseek-v4-pro,True,
a3bc018534ade488cecd:MiniMax-M3,MiniMax-M3,MiniMax-M3,True,
cb68567d7b62a5f1d8fc:glm-5.3,glm-5.3,glm-5.3,True,
76e07096375fb8df6f52:glm-5.3,glm-5.3,glm-5.3,True,
d25459c00cd026481b12:deepseek-v4-pro,deepseek-v4-pro,deepseek-v4-pro,True,
03e9ab10aff027ac4add:MiniMax-M3,MiniMax-M3,MiniMax-M3,True,
bf13a0217409dd988f2e:glm-5.3,glm-5.3,glm-5.3,True,
2b5c7e9e48dbffa5e6eb:deepseek-v4-pro,deepseek-v4-pro,deepseek-v4-pro,True,
4269effce97b1b4a6e37:deepseek-v4-pro,deepseek-v4-pro,deepseek-v4-pro,True,
228c7a3eaf88000d22d5:MiniMax-M3,MiniMax-M3,MiniMax-M3,True,
fa7e6700812ca2f1adb4:glm-5.3,glm-5.3,glm-5.3,True,
57e4c7523f8164bbda39:MiniMax-M3,MiniMax-M3,MiniMax-M3,True,
59ddb59d365adfc5b384:MiniMax-M3,MiniMax-M3,MiniMax-M3,True,
e170c8fa53ee2d1ac98b:deepseek-v4-pro,deepseek-v4-pro,deepseek-v4-pro,True,
6179452af39cabe09471:deepseek-v4-pro,deepseek-v4-pro,deepseek-v4-pro,True,
cac89668a81fda3e393b:deepseek-v4-pro,deepseek-v4-pro,deepseek-v4-pro,True,
a518806dfaf41ad7e70a:glm-5.3,glm-5.3,glm-5.3,True,
47b76a4b4fab1320ae37:deepseek-v4-pro,deepseek-v4-pro,deepseek-v4-pro,True,
c007372977104b2765bf:glm-5.3,glm-5.3,glm-5.3,True,
00d365bc69056c29191a:deepseek-v4-pro,deepseek-v4-pro,deepseek-v4-pro,True,
0d8b6b69f657239ea323:glm-5.3,glm-5.3,glm-5.3,True,
d042f6e54753b9c91ef6:deepseek-v4-pro,deepseek-v4-pro,deepseek-v4-pro,True,
4631a73e95aa8b3e1861:deepseek-v4-pro,deepseek-v4-pro,deepseek-v4-pro,True,
f917d3d6c75eaf47f124:glm-5.3,glm-5.3,glm-5.3,True,
b7b644bb28ee6c669cc5:MiniMax-M3,MiniMax-M3,MiniMax-M3,True,
f9775d407b98ef98036c:deepseek-v4-pro,deepseek-v4-pro,deepseek-v4-pro,True,
4de42aaa4b672e40451f:MiniMax-M3,MiniMax-M3,MiniMax-M3,True,
ca01b91b4d578d8d4e4c:deepseek-v4-pro,deepseek-v4-pro,deepseek-v4-pro,True,
3d0f3f3c30dc6306860f:deepseek-v4-pro,deepseek-v4-pro,deepseek-v4-pro,True,
24ee95c588c82c56d8f9:deepseek-v4-pro,deepseek-v4-pro,deepseek-v4-pro,True,
22c0297c4c0c2655a3e3:MiniMax-M3,MiniMax-M3,MiniMax-M3,True,
3abccd41d236ab28c6d2:MiniMax-M3,MiniMax-M3,MiniMax-M3,True,
8174357ff3baf26b42dc:glm-5.3,glm-5.3,glm-5.3,True,
264296f99e7bcca54c18:deepseek-v4-pro,deepseek-v4-pro,deepseek-v4-pro,True,
d5669c79f4f16919a44b:glm-5.3,glm-5.3,glm-5.3,True,
9ee8ec5977156b80db74:MiniMax-M3,MiniMax-M3,MiniMax-M3,True,
b72c0aca94956eebd9dc:deepseek-v4-pro,deepseek-v4-pro,deepseek-v4-pro,True,
ceeb2923359982b6df15:deepseek-v4-pro,deepseek-v4-pro,deepseek-v4-pro,True,
e371fd29f51d46583714:deepseek-v4-pro,deepseek-v4-pro,deepseek-v4-pro,True,
09e507b805a73e036f69:deepseek-v4-pro,deepseek-v4-pro,deepseek-v4-pro,True,
8f79837dfd4763581742:MiniMax-M3,MiniMax-M3,MiniMax-M3,True,
526961f89ef7b6d7e55e:glm-5.3,glm-5.3,glm-5.3,True,
bc689156fc6d7df58612:deepseek-v4-pro,deepseek-v4-pro,deepseek-v4-pro,True,
61fd4d123b32abe7786a:deepseek-v4-pro,deepseek-v4-pro,deepseek-v4-pro,True,
27f27ed48e1c10387878:glm-5.3,glm-5.3,glm-5.3,True,
4bd1c85a03b1c872de8b:glm-5.3,glm-5.3,glm-5.3,True,
f90d9cf31d52992d5a83:MiniMax-M3,MiniMax-M3,MiniMax-M3,True,
077b1193cf2faf57cdcc:glm-5.3,glm-5.3,glm-5.3,True,
b26cc8f62c9194ccf22c:deepseek-v4-pro,deepseek-v4-pro,deepseek-v4-pro,True,
731e6d0b3a945829c43f:deepseek-v4-pro,deepseek-v4-pro,deepseek-v4-pro,True,
bdc70d672d93fd31241a:deepseek-v4-pro,deepseek-v4-pro,deepseek-v4-pro,True,
ca5fa76da21d97000bcf:MiniMax-M3,MiniMax-M3,MiniMax-M3,True,
a8dc28dd67e792d29b81:deepseek-v4-pro,deepseek-v4-pro,deepseek-v4-pro,True,
c092671a6ffe267184eb:glm-5.3,glm-5.3,glm-5.3,True,
ba32ad3742e54e733b4b:deepseek-v4-pro,deepseek-v4-pro,deepseek-v4-pro,True,
79fd7b4537760b6b6ad9:deepseek-v4-pro,deepseek-v4-pro,deepseek-v4-pro,True,
91f1a3be059f224f5d93:MiniMax-M3,MiniMax-M3,MiniMax-M3,True,
ef1dde6cc0c590f280f0:glm-5.3,glm-5.3,glm-5.3,True,
41a9408336cea2891984:glm-5.3,glm-5.3,glm-5.3,True,
7faa22062b21c2e22c85:glm-5.3,glm-5.3,glm-5.3,True,
eb4a2e88b41ef0b74f2e:MiniMax-M3,MiniMax-M3,MiniMax-M3,True,
c239ed602cb7956439a4:MiniMax-M3,MiniMax-M3,MiniMax-M3,True,
d6ed13648b7182d019a6:glm-5.3,glm-5.3,glm-5.3,True,
387430da0d9fe84a6c3f:glm-5.3,glm-5.3,glm-5.3,True,
6887ac5807ffa25b4f93:glm-5.3,glm-5.3,glm-5.3,True,
c3402e0eb0668a9bd5ce:MiniMax-M3,MiniMax-M3,MiniMax-M3,True,
da2733abe726a5f6b920:deepseek-v4-pro,deepseek-v4-pro,deepseek-v4-pro,True,
3f8aca67f1ecad948316:deepseek-v4-pro,deepseek-v4-pro,deepseek-v4-pro,True,
850da6b2cc9c2c93e3fc:deepseek-v4-pro,deepseek-v4-pro,deepseek-v4-pro,True,
5f34abfdc337e4077989:deepseek-v4-pro,deepseek-v4-pro,deepseek-v4-pro,True,
0279ee7574cc1e4a3cc4:MiniMax-M3,MiniMax-M3,MiniMax-M3,True,
f1a4ac5cd4b7015d5d69:glm-5.3,glm-5.3,glm-5.3,True,
d079950f2fcf87445294:MiniMax-M3,MiniMax-M3,MiniMax-M3,True,
f872c1f2c05347efcb50:deepseek-v4-pro,deepseek-v4-pro,deepseek-v4-pro,True,
76582076f10d7bc14b93:deepseek-v4-pro,deepseek-v4-pro,deepseek-v4-pro,True,
d23b56e17254c7e8754b:glm-5.3,glm-5.3,glm-5.3,True,
ac02e10555296273383a:deepseek-v4-pro,deepseek-v4-pro,deepseek-v4-pro,True,
72f2de08ac46472ee6d7:deepseek-v4-pro,deepseek-v4-pro,deepseek-v4-pro,True,
9496ab4cee17faceeaf7:glm-5.3,glm-5.3,glm-5.3,True,
6123775d18fba33ee55b:glm-5.3,glm-5.3,glm-5.3,True,
498993fa64be250dca06:glm-5.3,glm-5.3,glm-5.3,True,
659ac2a16d89f8f6266c:glm-5.3,glm-5.3,glm-5.3,True,
ca8b068cebffd4b4e51a:deepseek-v4-pro,deepseek-v4-pro,deepseek-v4-pro,True,
8585d86b20e689580324:glm-5.3,glm-5.3,glm-5.3,True,
06f6f07be3df00e866d3:MiniMax-M3,MiniMax-M3,MiniMax-M3,True,
4c66b13b9b108f984f5d:deepseek-v4-pro,deepseek-v4-pro,deepseek-v4-pro,True,
14dd791943426fdf1f94:glm-5.3,glm-5.3,glm-5.3,True,
98b27c174cb05de41635:deepseek-v4-pro,deepseek-v4-pro,deepseek-v4-pro,True,
b7eb7c0126429ece350b:deepseek-v4-pro,deepseek-v4-pro,deepseek-v4-pro,True,
b32074207e254f8e5f2b:MiniMax-M3,MiniMax-M3,MiniMax-M3,True,
8be4cb76fd636613ea25:deepseek-v4-pro,deepseek-v4-pro,deepseek-v4-pro,True,
5fa987bba8e20af31a70:glm-5.3,glm-5.3,glm-5.3,True,
50abfd7a594c5baa8326:MiniMax-M3,MiniMax-M3,MiniMax-M3,True,
63c92d9376c65a464597:deepseek-v4-pro,deepseek-v4-pro,deepseek-v4-pro,True,
8cdeced389e4f3c10a95:MiniMax-M3,MiniMax-M3,MiniMax-M3,True,
bb3b82bf60565a15b03f:deepseek-v4-pro,deepseek-v4-pro,deepseek-v4-pro,True,
1223e1ada4fb45f03046:deepseek-v4-pro,deepseek-v4-pro,deepseek-v4-pro,True,
bd654cf2cc58655228be:deepseek-v4-pro,deepseek-v4-pro,deepseek-v4-pro,True,
a024abfaad7ca1588c0a:glm-5.3,glm-5.3,glm-5.3,True,
fa6335892d6aca9425a7:glm-5.3,glm-5.3,glm-5.3,True,
81b133e587f788e812fc:glm-5.3,glm-5.3,glm-5.3,True,
0293393aa558c6f6cd6d:deepseek-v4-pro,deepseek-v4-pro,deepseek-v4-pro,True,
647c27a6e83ace1b4204:deepseek-v4-pro,deepseek-v4-pro,deepseek-v4-pro,True,
daabec108789a8e86137:deepseek-v4-pro,deepseek-v4-pro,deepseek-v4-pro,True,
b8699d47b60baa1400c9:glm-5.3,glm-5.3,glm-5.3,True,
95a5a4c0c2108b4fd1d8:deepseek-v4-pro,deepseek-v4-pro,deepseek-v4-pro,True,
cac86a655095b567de7e:glm-5.3,glm-5.3,glm-5.3,True,
dd5532c5e414d683e46f:MiniMax-M3,MiniMax-M3,MiniMax-M3,True,
4a4100b54c6fa3a7cb67:glm-5.3,glm-5.3,glm-5.3,True,
e29e59c22ead94eaad4e:deepseek-v4-pro,deepseek-v4-pro,deepseek-v4-pro,True,
e7c89d80800e28e9c009:glm-5.3,glm-5.3,glm-5.3,True,
42b7704e66c7ba831e83:glm-5.3,glm-5.3,glm-5.3,True,
3cbbe3a0b9d3a8847153:glm-5.3,glm-5.3,glm-5.3,True,
a23cacf92172414d1212:glm-5.3,glm-5.3,glm-5.3,True,
7486026bd506fc86fcde:MiniMax-M3,MiniMax-M3,MiniMax-M3,True,
fa33a93102eec72e1493:MiniMax-M3,MiniMax-M3,MiniMax-M3,True,
269344b1643c2aa48858:MiniMax-M3,MiniMax-M3,MiniMax-M3,True,
18f621d9130f672c44dc:MiniMax-M3,MiniMax-M3,MiniMax-M3,True,
c473d5167202bfd8bc87:deepseek-v4-pro,deepseek-v4-pro,deepseek-v4-pro,True,
1c7fd907eeadeb03be9c:deepseek-v4-pro,deepseek-v4-pro,deepseek-v4-pro,True,
a1a9395b19355dad106e:MiniMax-M3,MiniMax-M3,MiniMax-M3,True,
c1eb3bbf2f6b23f9d634:deepseek-v4-pro,deepseek-v4-pro,deepseek-v4-pro,True,
1527ac1f72042dd60fe0:glm-5.3,glm-5.3,glm-5.3,True,
e170c8fa53ee2d1ac98b:glm-5.3,glm-5.3,glm-5.3,True,
dc3dd569dabf5e1ff41a:deepseek-v4-pro,deepseek-v4-pro,deepseek-v4-pro,True,
353a579440f8780c05b4:glm-5.3,glm-5.3,glm-5.3,True,
eb5accfa677bf9723b30:deepseek-v4-pro,deepseek-v4-pro,deepseek-v4-pro,True,
95d66772db8e6acaea9b:deepseek-v4-pro,deepseek-v4-pro,deepseek-v4-pro,True,
a7b039b04db42bd66abe:glm-5.3,glm-5.3,glm-5.3,True,
76697af11a5ccb6b5b70:MiniMax-M3,MiniMax-M3,MiniMax-M3,True,
aab7f48dd454cd22ff6f:deepseek-v4-pro,deepseek-v4-pro,deepseek-v4-pro,True,
c65cc60a57e42986832a:deepseek-v4-pro,deepseek-v4-pro,deepseek-v4-pro,True,
e7e3e94f2081f48f60c1:MiniMax-M3,MiniMax-M3,MiniMax-M3,True,
e6f88a9df806a31156a5:MiniMax-M3,MiniMax-M3,MiniMax-M3,True,
17ebf3b572f2ec9cea9f:glm-5.3,glm-5.3,glm-5.3,True,
2d8254a860a1c803a67b:glm-5.3,glm-5.3,glm-5.3,True,
0c87fb91b896c2c38446:deepseek-v4-pro,deepseek-v4-pro,deepseek-v4-pro,True,
10c1eca0308c03131d1a:MiniMax-M3,MiniMax-M3,MiniMax-M3,True,
e92661e1ced45035f130:glm-5.3,glm-5.3,glm-5.3,True,
2e2db04496e07eacf2b7:MiniMax-M3,MiniMax-M3,MiniMax-M3,True,
6b6ac7f94ceafafaf5b6:MiniMax-M3,MiniMax-M3,MiniMax-M3,True,
d05074dad6071d764bd9:deepseek-v4-pro,deepseek-v4-pro,deepseek-v4-pro,True,
4608bae3d45e2fe312e2:deepseek-v4-pro,deepseek-v4-pro,deepseek-v4-pro,True,
798634c019d78ded0601:glm-5.3,glm-5.3,glm-5.3,True,
7ca0d952015e34baee68:glm-5.3,glm-5.3,glm-5.3,True,
8a7d64200957b9e9a6c6:deepseek-v4-pro,deepseek-v4-pro,deepseek-v4-pro,True,
fc796270ec103510a6cb:deepseek-v4-pro,deepseek-v4-pro,deepseek-v4-pro,True,
9582ff3892a407ab2665:MiniMax-M3,MiniMax-M3,MiniMax-M3,True,
3df3ee84fc4925c93634:glm-5.3,glm-5.3,glm-5.3,True,
3608311fad94eba78a51:deepseek-v4-pro,deepseek-v4-pro,deepseek-v4-pro,True,
62e82b78d3f591b8d959:glm-5.3,glm-5.3,glm-5.3,True,
c4b343de197601402bfe:glm-5.3,glm-5.3,glm-5.3,True,
6a8feecf3736c838aeae:deepseek-v4-pro,deepseek-v4-pro,deepseek-v4-pro,True,
aec0d9ad8ecf32e0ee25:MiniMax-M3,MiniMax-M3,MiniMax-M3,True,
b98c827fd16d6d93c373:glm-5.3,glm-5.3,glm-5.3,True,
b589e11c01cfb691f0a4:glm-5.3,glm-5.3,glm-5.3,True,
8f37b31f45d00e2804ac:glm-5.3,glm-5.3,glm-5.3,True,
f2f9d332f1d7a126c3b9:deepseek-v4-pro,deepseek-v4-pro,deepseek-v4-pro,True,
977a8a4173d9d0052b7b:MiniMax-M3,MiniMax-M3,MiniMax-M3,True,
96742e610544974a8a92:MiniMax-M3,MiniMax-M3,MiniMax-M3,True,
8e7a9e9ca4fd45509d72:glm-5.3,glm-5.3,glm-5.3,True,
62f932f83a13c9aa5b11:MiniMax-M3,MiniMax-M3,MiniMax-M3,True,
b2aeb785d34df53f2427:glm-5.3,glm-5.3,glm-5.3,True,
fe2e22fba828b7bd34b2:glm-5.3,glm-5.3,glm-5.3,True,
bc1da53811ad10ec2e8d:glm-5.3,glm-5.3,glm-5.3,True,
0744c5f6314f8086404e:MiniMax-M3,MiniMax-M3,MiniMax-M3,True,
7339771078f266884a84:glm-5.3,glm-5.3,glm-5.3,True,
495aada10418cd756581:deepseek-v4-pro,deepseek-v4-pro,deepseek-v4-pro,True,
6dd9d46d2ac1b0d2753b:glm-5.3,glm-5.3,glm-5.3,True,
1a18f49cbee671f3c996:MiniMax-M3,MiniMax-M3,MiniMax-M3,True,
d4fbb514b9a56c36142e:deepseek-v4-pro,deepseek-v4-pro,deepseek-v4-pro,True,
aed15cd24ca3696969e2:MiniMax-M3,MiniMax-M3,MiniMax-M3,True,
fa6335892d6aca9425a7:deepseek-v4-pro,deepseek-v4-pro,deepseek-v4-pro,True,
9581d2c23b8f63977620:MiniMax-M3,MiniMax-M3,MiniMax-M3,True,
5e32e9226745ab6f5966:MiniMax-M3,MiniMax-M3,MiniMax-M3,True,
2a46c01be68cc4914a83:MiniMax-M3,MiniMax-M3,MiniMax-M3,True,
5fc6d9e3486261cf59c7:deepseek-v4-pro,deepseek-v4-pro,deepseek-v4-pro,True,
c2fcaea87c6162e3c334:deepseek-v4-pro,deepseek-v4-pro,deepseek-v4-pro,True,
7bdae372d9cce08a9f63:glm-5.3,glm-5.3,glm-5.3,True,
d636230d198d14c015b8:MiniMax-M3,MiniMax-M3,MiniMax-M3,True,
4a5756113da876c8e938:glm-5.3,glm-5.3,glm-5.3,True,
ff5a883370a9064522cd:glm-5.3,glm-5.3,glm-5.3,True,
d6a3cae4e81ceef52ce8:deepseek-v4-pro,deepseek-v4-pro,deepseek-v4-pro,True,
46aba8c7384900e38be8:deepseek-v4-pro,deepseek-v4-pro,deepseek-v4-pro,True,
c9a5de14e41327369c11:deepseek-v4-pro,deepseek-v4-pro,deepseek-v4-pro,True,
20b41bae4bc5e4228116:MiniMax-M3,MiniMax-M3,MiniMax-M3,True,
a372bdbe130186035251:MiniMax-M3,MiniMax-M3,MiniMax-M3,True,
ca8b068cebffd4b4e51a:MiniMax-M3,MiniMax-M3,MiniMax-M3,True,
db9bb5826da69bf2cd78:MiniMax-M3,MiniMax-M3,MiniMax-M3,True,
c9ad4c670b8beeb5bd44:glm-5.3,glm-5.3,glm-5.3,True,
85fe3490c2add2b126f8:MiniMax-M3,MiniMax-M3,MiniMax-M3,True,
d3bb25cb955338f56780:glm-5.3,glm-5.3,glm-5.3,True,
ed43b4891b55c713d0dc:MiniMax-M3,MiniMax-M3,MiniMax-M3,True,
f4f20c6e33d753ad1c18:deepseek-v4-pro,deepseek-v4-pro,deepseek-v4-pro,True,
78e86e647259378e6671:deepseek-v4-pro,deepseek-v4-pro,deepseek-v4-pro,True,
bc1128543c89087032ff:deepseek-v4-pro,deepseek-v4-pro,deepseek-v4-pro,True,
13208c95b2db237ae576:MiniMax-M3,MiniMax-M3,MiniMax-M3,True,
28dc63cb78fcd2b61c6c:MiniMax-M3,MiniMax-M3,MiniMax-M3,True,
f0a9503616c498c50c17:deepseek-v4-pro,deepseek-v4-pro,deepseek-v4-pro,True,
1aa5e84b04ac541ca6e3:deepseek-v4-pro,deepseek-v4-pro,deepseek-v4-pro,True,
d12000b004b49817a675:deepseek-v4-pro,deepseek-v4-pro,deepseek-v4-pro,True,
9cc93c7f274239ab1873:glm-5.3,glm-5.3,glm-5.3,True,
e29e59c22ead94eaad4e:glm-5.3,glm-5.3,glm-5.3,True,
7a2886f621682822d044:deepseek-v4-pro,deepseek-v4-pro,deepseek-v4-pro,True,
e74565ba49a81d3981c4:glm-5.3,glm-5.3,glm-5.3,True,
1961af067559885c50ff:deepseek-v4-pro,deepseek-v4-pro,deepseek-v4-pro,True,
44562ea982318e295196:glm-5.3,glm-5.3,glm-5.3,True,
103ef95d03dec6f885e6:MiniMax-M3,MiniMax-M3,MiniMax-M3,True,
1945be523714d4d23cdb:glm-5.3,glm-5.3,glm-5.3,True,
88964ec728f71c7825ec:MiniMax-M3,MiniMax-M3,MiniMax-M3,True,
1c984ced1b9eca4b1b23:deepseek-v4-pro,deepseek-v4-pro,deepseek-v4-pro,True,
3f9f0c26d598c9e80a1e:glm-5.3,glm-5.3,glm-5.3,True,
4e24c726dc8a1ddf4f3c:deepseek-v4-pro,deepseek-v4-pro,deepseek-v4-pro,True,
702e90e8774faaef6ae4:glm-5.3,glm-5.3,glm-5.3,True,
ed6f345af1d81540d658:deepseek-v4-pro,deepseek-v4-pro,deepseek-v4-pro,True,
763f6e1627a263173730:glm-5.3,glm-5.3,glm-5.3,True,
aa057afa724e290d672a:deepseek-v4-pro,deepseek-v4-pro,deepseek-v4-pro,True,
537c229bc5ccbb48601b:MiniMax-M3,MiniMax-M3,MiniMax-M3,True,
60f8dd80b230f72714c1:deepseek-v4-pro,deepseek-v4-pro,deepseek-v4-pro,True,
f5e6a7d6c83fcc953ad6:MiniMax-M3,MiniMax-M3,MiniMax-M3,True,
035f8611f4ebdd54e58e:MiniMax-M3,MiniMax-M3,MiniMax-M3,True,
084858d8dbfce742690e:MiniMax-M3,MiniMax-M3,MiniMax-M3,True,
e82a77c8ba97639f4845:glm-5.3,glm-5.3,glm-5.3,True,
30cbfcdd5e91135e02c8:MiniMax-M3,MiniMax-M3,MiniMax-M3,True,
f590641f4e8e17ce14f4:glm-5.3,glm-5.3,glm-5.3,True,
25a73f1d6c754cf199c8:deepseek-v4-pro,deepseek-v4-pro,deepseek-v4-pro,True,
47ba4003a64b30405081:deepseek-v4-pro,deepseek-v4-pro,deepseek-v4-pro,True,
f2f9d332f1d7a126c3b9:MiniMax-M3,MiniMax-M3,MiniMax-M3,True,
e184924764a70e4b3086:glm-5.3,glm-5.3,glm-5.3,True,
daa74d642c159b38ba88:deepseek-v4-pro,deepseek-v4-pro,deepseek-v4-pro,True,
da36e16b05f9aaad140d:deepseek-v4-pro,deepseek-v4-pro,deepseek-v4-pro,True,
d51d7b5b56e4d147c9fa:deepseek-v4-pro,deepseek-v4-pro,deepseek-v4-pro,True,
2f401bcdb0f93fef8a6d:glm-5.3,glm-5.3,glm-5.3,True,
505f0986066f8b68af29:glm-5.3,glm-5.3,glm-5.3,True,
e1b95f930a551b1a1259:deepseek-v4-pro,deepseek-v4-pro,deepseek-v4-pro,True,
ea4e6f48635fe36c44c5:MiniMax-M3,MiniMax-M3,MiniMax-M3,True,
02b54581945a812fd72b:deepseek-v4-pro,deepseek-v4-pro,deepseek-v4-pro,True,
600182dff2dc656cab24:MiniMax-M3,MiniMax-M3,MiniMax-M3,True,
12b17d0fa3c7bf913b84:deepseek-v4-pro,deepseek-v4-pro,deepseek-v4-pro,True,
a84c32363cacf08f70c5:MiniMax-M3,MiniMax-M3,MiniMax-M3,True,
9ac91fab1a5ef87c31af:glm-5.3,glm-5.3,glm-5.3,True,
4eebee5d8867cdac05c6:deepseek-v4-pro,deepseek-v4-pro,deepseek-v4-pro,True,
5629860214cd263c5456:MiniMax-M3,MiniMax-M3,MiniMax-M3,True,
9849734664fa49ac69cb:glm-5.3,glm-5.3,glm-5.3,True,
d2ee1b3550849ebdc4e0:glm-5.3,glm-5.3,glm-5.3,True,
800f47944dd0f14b00a3:MiniMax-M3,MiniMax-M3,MiniMax-M3,True,
cd63caca41e6ccd04e6f:MiniMax-M3,MiniMax-M3,MiniMax-M3,True,
85e4e7e97a2fb55cf30f:MiniMax-M3,MiniMax-M3,MiniMax-M3,True,
75af56f19a9021f54dc0:deepseek-v4-pro,deepseek-v4-pro,deepseek-v4-pro,True,
5b86883f68e908c8e7a1:MiniMax-M3,MiniMax-M3,MiniMax-M3,True,
9a5902b5a91c66450c3e:deepseek-v4-pro,deepseek-v4-pro,deepseek-v4-pro,True,
1280f1204c03f32cbe6d:glm-5.3,glm-5.3,glm-5.3,True,
81b133e587f788e812fc:deepseek-v4-pro,deepseek-v4-pro,deepseek-v4-pro,True,
85106f8ae879017e7118:MiniMax-M3,MiniMax-M3,MiniMax-M3,True,
33dd91a6fbb9e5b826f7:MiniMax-M3,MiniMax-M3,MiniMax-M3,True,
36ca7bed829f9afbb309:glm-5.3,glm-5.3,glm-5.3,True,
b4ba9ca92ebded9363e7:MiniMax-M3,MiniMax-M3,MiniMax-M3,True,
e1e4bae48fa2a41cd99a:glm-5.3,glm-5.3,glm-5.3,True,
2e2132a8ab35f7bc08fa:MiniMax-M3,MiniMax-M3,MiniMax-M3,True,
a7bcd6ce4be2720f9862:glm-5.3,glm-5.3,glm-5.3,True,
6fab3abc429313ea4de9:MiniMax-M3,MiniMax-M3,MiniMax-M3,True,
497517aa4f40eb2ecf71:glm-5.3,glm-5.3,glm-5.3,True,
baa843269c071d5850be:deepseek-v4-pro,deepseek-v4-pro,deepseek-v4-pro,True,
04206aed0a085a94dfba:deepseek-v4-pro,deepseek-v4-pro,deepseek-v4-pro,True,
42d90f3c5ff1599d75d6:glm-5.3,glm-5.3,glm-5.3,True,
c82069d47ad6c8e71ec0:MiniMax-M3,MiniMax-M3,MiniMax-M3,True,
94d9e33d1a8d7f54ce35:MiniMax-M3,MiniMax-M3,MiniMax-M3,True,
65a3595ee8dc56b2372c:MiniMax-M3,MiniMax-M3,MiniMax-M3,True,
a0a8cf0b57d319092de1:deepseek-v4-pro,deepseek-v4-pro,deepseek-v4-pro,True,
b7e30416c74a1c46e81f:MiniMax-M3,MiniMax-M3,MiniMax-M3,True,
754ed3fa8226807ef26f:deepseek-v4-pro,deepseek-v4-pro,deepseek-v4-pro,True,
3916b390239e76b853fc:glm-5.3,glm-5.3,glm-5.3,True,
38864c4abb4f3a6e2e94:glm-5.3,glm-5.3,glm-5.3,True,
70568ddeea05e8503dce:glm-5.3,glm-5.3,glm-5.3,True,
aa90980e79180541a86c:deepseek-v4-pro,deepseek-v4-pro,deepseek-v4-pro,True,
6cff78571b75146a0ab2:deepseek-v4-pro,deepseek-v4-pro,deepseek-v4-pro,True,
2596cb1104098e4cedd3:glm-5.3,glm-5.3,glm-5.3,True,
c0025f7a4e43989bda77:MiniMax-M3,MiniMax-M3,MiniMax-M3,True,
6c584f1dfd509f5bbe82:deepseek-v4-pro,deepseek-v4-pro,deepseek-v4-pro,True,
8a766360dc9b265af31e:deepseek-v4-pro,deepseek-v4-pro,deepseek-v4-pro,True,
fa98a7a3c1d2f4d3dfc6:glm-5.3,glm-5.3,glm-5.3,True,
616a6650d585ddff6ed5:deepseek-v4-pro,deepseek-v4-pro,deepseek-v4-pro,True,
bffdb25cab3c0679aa01:glm-5.3,glm-5.3,glm-5.3,True,
548da3dfc9a9f56c53a7:MiniMax-M3,MiniMax-M3,MiniMax-M3,True,
ca0c1a8619905361f05b:deepseek-v4-pro,deepseek-v4-pro,deepseek-v4-pro,True,
214fa8d04c36d24d3185:deepseek-v4-pro,deepseek-v4-pro,deepseek-v4-pro,True,
c75f66d1d602a6bead74:MiniMax-M3,MiniMax-M3,MiniMax-M3,True,
25b9d3390a841a29706d:deepseek-v4-pro,deepseek-v4-pro,deepseek-v4-pro,True,
5b86883f68e908c8e7a1:glm-5.3,glm-5.3,glm-5.3,True,
c86335c43117dd47ef06:MiniMax-M3,MiniMax-M3,MiniMax-M3,True,
de9af0fa1238f13a5d20:glm-5.3,glm-5.3,glm-5.3,True,
8e135c87922b4ab4b7c2:glm-5.3,glm-5.3,glm-5.3,True,
8e7a9e9ca4fd45509d72:deepseek-v4-pro,deepseek-v4-pro,deepseek-v4-pro,True,
31be803def202abfa802:MiniMax-M3,MiniMax-M3,MiniMax-M3,True,
c936f2ff18d35ff58458:glm-5.3,glm-5.3,glm-5.3,True,
8d77000d3388b260f2cc:deepseek-v4-pro,deepseek-v4-pro,deepseek-v4-pro,True,
49c0a0ede7b4d3c92b55:deepseek-v4-pro,deepseek-v4-pro,deepseek-v4-pro,True,
115336a6f1e06ab29f4b:MiniMax-M3,MiniMax-M3,MiniMax-M3,True,
cbc8ef3d9a5e661502d8:glm-5.3,glm-5.3,glm-5.3,True,
fd3469fae16971c590a8:MiniMax-M3,MiniMax-M3,MiniMax-M3,True,
3d8b93cc987309e9e5e0:MiniMax-M3,MiniMax-M3,MiniMax-M3,True,
3bb17c6c3694b8c773e0:glm-5.3,glm-5.3,glm-5.3,True,
64a21d5c9b03447a16a0:deepseek-v4-pro,deepseek-v4-pro,deepseek-v4-pro,True,
a8d31c515356c820f288:glm-5.3,glm-5.3,glm-5.3,True,
018c413067a94723342a:MiniMax-M3,MiniMax-M3,MiniMax-M3,True,
08c597939a7d597ad3b4:glm-5.3,glm-5.3,glm-5.3,True,
98f8940a3821d3baf7df:deepseek-v4-pro,deepseek-v4-pro,deepseek-v4-pro,True,
269d0792fac105ba9b5b:deepseek-v4-pro,deepseek-v4-pro,deepseek-v4-pro,True,
5293dd4079519a8e00ae:deepseek-v4-pro,deepseek-v4-pro,deepseek-v4-pro,True,
24223fa1c82cacb31615:deepseek-v4-pro,deepseek-v4-pro,deepseek-v4-pro,True,
208553c8f7a27efb19d2:deepseek-v4-pro,deepseek-v4-pro,deepseek-v4-pro,True,
a5403a59b355ecbc8a59:MiniMax-M3,MiniMax-M3,MiniMax-M3,True,
40d119ab8c86cd4ee34c:glm-5.3,glm-5.3,glm-5.3,True,
dff062919830eab74c98:MiniMax-M3,MiniMax-M3,MiniMax-M3,True,
aa46ea0de7eeaec2feda:glm-5.3,glm-5.3,glm-5.3,True,
0d82dd0464ca24b48820:deepseek-v4-pro,deepseek-v4-pro,deepseek-v4-pro,True,
efff7b26d78aa427ee3f:glm-5.3,glm-5.3,glm-5.3,True,
a862191dfe255decfd1b:glm-5.3,glm-5.3,glm-5.3,True,
9f5900bea29f4112388b:deepseek-v4-pro,deepseek-v4-pro,deepseek-v4-pro,True,
418b5584180f0dc7624a:MiniMax-M3,MiniMax-M3,MiniMax-M3,True,
e47cca2e790a6e3ea544:deepseek-v4-pro,deepseek-v4-pro,deepseek-v4-pro,True,
2e24bd46aeb28b866dd5:deepseek-v4-pro,deepseek-v4-pro,deepseek-v4-pro,True,
7712ca9da2885944d451:glm-5.3,glm-5.3,glm-5.3,True,
dbdfbfb6f0de77249dd0:deepseek-v4-pro,deepseek-v4-pro,deepseek-v4-pro,True,
effd6f2cb2f489278009:MiniMax-M3,MiniMax-M3,MiniMax-M3,True,
0e73c678b2f0b420f5ea:deepseek-v4-pro,deepseek-v4-pro,deepseek-v4-pro,True,
e5c249f64d23089dde6a:deepseek-v4-pro,deepseek-v4-pro,deepseek-v4-pro,True,
a88f4913b57bcdb48525:deepseek-v4-pro,deepseek-v4-pro,deepseek-v4-pro,True,
7d35d8207b07ab74e6d6:glm-5.3,glm-5.3,glm-5.3,True,
6a1df0a936908bb16eff:deepseek-v4-pro,deepseek-v4-pro,deepseek-v4-pro,True,
b3ca6963603a0892eed0:MiniMax-M3,MiniMax-M3,MiniMax-M3,True,
a1ea451b83fea7dda36e:glm-5.3,glm-5.3,glm-5.3,True,
f804f2035b6990947d24:MiniMax-M3,MiniMax-M3,MiniMax-M3,True,
716c17fb6e069aa99a78:MiniMax-M3,MiniMax-M3,MiniMax-M3,True,
971e8c306735484b8154:deepseek-v4-pro,deepseek-v4-pro,deepseek-v4-pro,True,
8cc5e733c9b9ea1499ae:glm-5.3,glm-5.3,glm-5.3,True,
b29c120159da593306ed:deepseek-v4-pro,deepseek-v4-pro,deepseek-v4-pro,True,
9f16b38d231ab95e899a:MiniMax-M3,MiniMax-M3,MiniMax-M3,True,
8972a54554159be889f0:MiniMax-M3,MiniMax-M3,MiniMax-M3,True,
0add3aae53e810626390:glm-5.3,glm-5.3,glm-5.3,True,
cfafd000cfc3b0fbb2b1:glm-5.3,glm-5.3,glm-5.3,True,
b2c865efba6e9e0133df:MiniMax-M3,MiniMax-M3,MiniMax-M3,True,
4faeade74cd6bdc9ec53:glm-5.3,glm-5.3,glm-5.3,True,
d16e809026b42669c655:glm-5.3,glm-5.3,glm-5.3,True,
ce92abd31c0bb0c9bb8e:MiniMax-M3,MiniMax-M3,MiniMax-M3,True,
b0363a30c1d006d193ea:deepseek-v4-pro,deepseek-v4-pro,deepseek-v4-pro,True,
282760bc0e6ef1c6e115:glm-5.3,glm-5.3,glm-5.3,True,
308b7fb6945cfae563f2:glm-5.3,glm-5.3,glm-5.3,True,
1d224d6992aed0c55963:glm-5.3,glm-5.3,glm-5.3,True,
72f2de08ac46472ee6d7:glm-5.3,glm-5.3,glm-5.3,True,
39fde0f3de3505d9760c:deepseek-v4-pro,deepseek-v4-pro,deepseek-v4-pro,True,
595df09ff3d819d7fa25:glm-5.3,glm-5.3,glm-5.3,True,
412d12b29d9cbc09b475:glm-5.3,glm-5.3,glm-5.3,True,
985543675719150b391a:glm-5.3,glm-5.3,glm-5.3,True,
b0762f8e41472016f857:deepseek-v4-pro,deepseek-v4-pro,deepseek-v4-pro,True,
b0622aabdf060a55a4e3:MiniMax-M3,MiniMax-M3,MiniMax-M3,True,
fe7eb511eb379848ce65:glm-5.3,glm-5.3,glm-5.3,True,
eea32364f964b2cc64e2:glm-5.3,glm-5.3,glm-5.3,True,
07bd0e7b34e7e2950f36:MiniMax-M3,MiniMax-M3,MiniMax-M3,True,
ce25f3cdb08a1ba6736a:glm-5.3,glm-5.3,glm-5.3,True,
5c55a3003579dcaef74a:glm-5.3,glm-5.3,glm-5.3,True,
d8a7c8faaea2e3473715:glm-5.3,glm-5.3,glm-5.3,True,
cf9aab52022872c32767:MiniMax-M3,MiniMax-M3,MiniMax-M3,True,
a48723d020382b51af6c:deepseek-v4-pro,deepseek-v4-pro,deepseek-v4-pro,True,
993c69c0576f275c43ea:deepseek-v4-pro,deepseek-v4-pro,deepseek-v4-pro,True,
c1eb3bbf2f6b23f9d634:MiniMax-M3,MiniMax-M3,MiniMax-M3,True,
504c9bf2e4de9f4faf77:MiniMax-M3,MiniMax-M3,MiniMax-M3,True,
eea32364f964b2cc64e2:MiniMax-M3,MiniMax-M3,MiniMax-M3,True,
773993a0813ea4be2f46:MiniMax-M3,MiniMax-M3,MiniMax-M3,True,
36255102020a7f860fae:glm-5.3,glm-5.3,glm-5.3,True,
9609c38bb5a03381c7e5:glm-5.3,glm-5.3,glm-5.3,True,
9116b2043c926cda919c:glm-5.3,glm-5.3,glm-5.3,True,
ee7fd6a3626e963aa668:MiniMax-M3,MiniMax-M3,MiniMax-M3,True,
36ca7bed829f9afbb309:MiniMax-M3,MiniMax-M3,MiniMax-M3,True,
a38b5e49e3339105fec6:glm-5.3,glm-5.3,glm-5.3,True,
cf08b7e9e6b799ceea6b:glm-5.3,glm-5.3,glm-5.3,True,
15619976baa2597509b2:deepseek-v4-pro,deepseek-v4-pro,deepseek-v4-pro,True,
0b49c616edea9ca193ce:glm-5.3,glm-5.3,glm-5.3,True,
3c87152bc07429a98979:deepseek-v4-pro,deepseek-v4-pro,deepseek-v4-pro,True,
a25afbfb93fb1242e65f:deepseek-v4-pro,deepseek-v4-pro,deepseek-v4-pro,True,
ba55b1c7ae49e7b10124:MiniMax-M3,MiniMax-M3,MiniMax-M3,True,
8273c0d1b20a591c1206:MiniMax-M3,MiniMax-M3,MiniMax-M3,True,
3ae537d603b746025443:glm-5.3,glm-5.3,glm-5.3,True,
536c3f2e9cccd2375b7f:glm-5.3,glm-5.3,glm-5.3,True,
c609a0dc527f90a89cad:MiniMax-M3,MiniMax-M3,MiniMax-M3,True,
009f5ee1dd4f541a99e6:MiniMax-M3,MiniMax-M3,MiniMax-M3,True,
60c8039c0ca32de5a366:deepseek-v4-pro,deepseek-v4-pro,deepseek-v4-pro,True,
c861e923173a886548d6:deepseek-v4-pro,deepseek-v4-pro,deepseek-v4-pro,True,
5e649c70b9eedf555dd9:MiniMax-M3,MiniMax-M3,MiniMax-M3,True,
042847a98870e9f5131a:glm-5.3,glm-5.3,glm-5.3,True,
6ef80ed2d98bb6b154d3:deepseek-v4-pro,deepseek-v4-pro,deepseek-v4-pro,True,
090b1187cb6c8f658085:MiniMax-M3,MiniMax-M3,MiniMax-M3,True,
31cda5cc60794fcbfbcd:glm-5.3,glm-5.3,glm-5.3,True,
c8d93d9fd200c3b1db3d:glm-5.3,glm-5.3,glm-5.3,True,
d507f228ed78e795bd38:glm-5.3,glm-5.3,glm-5.3,True,
79fd7b4537760b6b6ad9:MiniMax-M3,MiniMax-M3,MiniMax-M3,True,
5a3be6382f84547879e4:deepseek-v4-pro,deepseek-v4-pro,deepseek-v4-pro,True,
a024abfaad7ca1588c0a:MiniMax-M3,MiniMax-M3,MiniMax-M3,True,
b29f675a2bc01457c4cb:deepseek-v4-pro,deepseek-v4-pro,deepseek-v4-pro,True,
3eebba5d5f33bfdf4fd5:glm-5.3,glm-5.3,glm-5.3,True,
b9ca195f592f1c6aa3de:deepseek-v4-pro,deepseek-v4-pro,deepseek-v4-pro,True,
f5b7b49dff1270b29b01:MiniMax-M3,MiniMax-M3,MiniMax-M3,True,
e72bd0d1bff24dcae89d:MiniMax-M3,MiniMax-M3,MiniMax-M3,True,
55111445bc9620a0774a:deepseek-v4-pro,deepseek-v4-pro,deepseek-v4-pro,True,
688ae0539a008c166cfc:MiniMax-M3,MiniMax-M3,MiniMax-M3,True,
57857000e47a7deb532e:deepseek-v4-pro,deepseek-v4-pro,deepseek-v4-pro,True,
30cbd11f8b55e3b925f6:glm-5.3,glm-5.3,glm-5.3,True,
21f532c0ca146ff817a4:deepseek-v4-pro,deepseek-v4-pro,deepseek-v4-pro,True,
82ef205ab6e2f6b14651:glm-5.3,glm-5.3,glm-5.3,True,
a638a9d91dbe7e035251:deepseek-v4-pro,deepseek-v4-pro,deepseek-v4-pro,True,
1dd16d3995275a7e5e72:glm-5.3,glm-5.3,glm-5.3,True,
e5a4cbf6f596f9f52366:deepseek-v4-pro,deepseek-v4-pro,deepseek-v4-pro,True,
87ad058cd61affc28a09:glm-5.3,glm-5.3,glm-5.3,True,
cd4d3d677be5a5a755df:glm-5.3,glm-5.3,glm-5.3,True,
1cada606eee6d06ac6e5:MiniMax-M3,MiniMax-M3,MiniMax-M3,True,
974fa79fcb562e1cfc2f:MiniMax-M3,MiniMax-M3,MiniMax-M3,True,
f95f4f5e702239b58679:glm-5.3,glm-5.3,glm-5.3,True,
bb345582489c0327fdee:deepseek-v4-pro,deepseek-v4-pro,deepseek-v4-pro,True,
690662400fc704b2c6fa:deepseek-v4-pro,deepseek-v4-pro,deepseek-v4-pro,True,
dbd989b426f39c09e313:deepseek-v4-pro,deepseek-v4-pro,deepseek-v4-pro,True,
eda27a21b79ea55083d8:MiniMax-M3,MiniMax-M3,MiniMax-M3,True,
9ac7aab595aaeb9a25a8:deepseek-v4-pro,deepseek-v4-pro,deepseek-v4-pro,True,
a51a2805a85272a6d2a1:MiniMax-M3,MiniMax-M3,MiniMax-M3,True,
ea41511dbe7e90d26f29:glm-5.3,glm-5.3,glm-5.3,True,
61066c0e7258ab513b85:glm-5.3,glm-5.3,glm-5.3,True,
74a101aef9bad9f43214:deepseek-v4-pro,deepseek-v4-pro,deepseek-v4-pro,True,
b2d0ba319667562d1590:glm-5.3,glm-5.3,glm-5.3,True,
9724a1d41adacf9c0e8f:deepseek-v4-pro,deepseek-v4-pro,deepseek-v4-pro,True,
ecf7e22fd0c680a47cc1:glm-5.3,glm-5.3,glm-5.3,True,
0319e602cc8650dc0bba:deepseek-v4-pro,deepseek-v4-pro,deepseek-v4-pro,True,
74b8ac712d62861a2e07:deepseek-v4-pro,deepseek-v4-pro,deepseek-v4-pro,True,
e71e6fea9da88aa27f0c:MiniMax-M3,MiniMax-M3,MiniMax-M3,True,
23d4d3e679f49baccaf0:MiniMax-M3,MiniMax-M3,MiniMax-M3,True,
9ac73c18dbc9a1d0cdfe:MiniMax-M3,MiniMax-M3,MiniMax-M3,True,
d55abe4097b2b24332c2:deepseek-v4-pro,deepseek-v4-pro,deepseek-v4-pro,True,
8b0f7894d68f1a56cc1a:deepseek-v4-pro,deepseek-v4-pro,deepseek-v4-pro,True,
840471ae10385485135b:deepseek-v4-pro,deepseek-v4-pro,deepseek-v4-pro,True,
4faeade74cd6bdc9ec53:deepseek-v4-pro,deepseek-v4-pro,deepseek-v4-pro,True,
77a4a70f4f80c24d288c:deepseek-v4-pro,deepseek-v4-pro,deepseek-v4-pro,True,
b4476594a1e7091efcc7:glm-5.3,glm-5.3,glm-5.3,True,
87b0d1f2ff9de6e9630b:deepseek-v4-pro,deepseek-v4-pro,deepseek-v4-pro,True,
a76dd3041a87654d75df:MiniMax-M3,MiniMax-M3,MiniMax-M3,True,
31b708101a7da49c79c2:deepseek-v4-pro,deepseek-v4-pro,deepseek-v4-pro,True,
35c0c60377aaa846f2d7:deepseek-v4-pro,deepseek-v4-pro,deepseek-v4-pro,True,
424746c23708fe2e23f4:deepseek-v4-pro,deepseek-v4-pro,deepseek-v4-pro,True,
090961c80cca2d6a180e:glm-5.3,glm-5.3,glm-5.3,True,
6bc30de7079267920722:glm-5.3,glm-5.3,glm-5.3,True,
ea96f66c8874c19b8c18:deepseek-v4-pro,deepseek-v4-pro,deepseek-v4-pro,True,
0c98199808f1c18ac05a:deepseek-v4-pro,deepseek-v4-pro,deepseek-v4-pro,True,
92fc4f8158df15d41c74:glm-5.3,glm-5.3,glm-5.3,False,"Expecting ',' delimiter: line 11 column 2 (char 558)"
4631a73e95aa8b3e1861:MiniMax-M3,MiniMax-M3,MiniMax-M3,True,
ccccf06b13cb468458bc:glm-5.3,glm-5.3,glm-5.3,True,
78c7f9bd85eaf03ceecc:deepseek-v4-pro,deepseek-v4-pro,deepseek-v4-pro,True,
4fd34fc9d38ab79d04b2:MiniMax-M3,MiniMax-M3,MiniMax-M3,True,
773993a0813ea4be2f46:deepseek-v4-pro,deepseek-v4-pro,deepseek-v4-pro,True,
2e09a7b877bf48864284:MiniMax-M3,MiniMax-M3,MiniMax-M3,True,
1ff7fb5c38824e0db23d:glm-5.3,glm-5.3,glm-5.3,True,
980266722826e4d9c780:glm-5.3,glm-5.3,glm-5.3,True,
11d28c8257368c00eedb:MiniMax-M3,MiniMax-M3,MiniMax-M3,True,
0620f4a04fe007140579:glm-5.3,glm-5.3,glm-5.3,True,
e6f8987fac96ccc05ecd:deepseek-v4-pro,deepseek-v4-pro,deepseek-v4-pro,True,
1a57ed12c1e7811e8306:MiniMax-M3,MiniMax-M3,MiniMax-M3,True,
f924f44182c5670856be:MiniMax-M3,MiniMax-M3,MiniMax-M3,True,
66a4effd2acc68a80dee:glm-5.3,glm-5.3,glm-5.3,True,
6bf4a3e4b9335052de7d:glm-5.3,glm-5.3,glm-5.3,True,
3107a93ab5716a3b2bb1:deepseek-v4-pro,deepseek-v4-pro,deepseek-v4-pro,True,
a85e4897e316198ce2c2:deepseek-v4-pro,deepseek-v4-pro,deepseek-v4-pro,True,
1b1cb04cd550e9114510:MiniMax-M3,MiniMax-M3,MiniMax-M3,True,
55dd924ffbc4a3441c0a:glm-5.3,glm-5.3,glm-5.3,True,
e29e59c22ead94eaad4e:MiniMax-M3,MiniMax-M3,MiniMax-M3,True,
4314045aab079c31fbfc:MiniMax-M3,MiniMax-M3,MiniMax-M3,True,
420abfc66a19d2324c49:MiniMax-M3,MiniMax-M3,MiniMax-M3,True,
977a8a4173d9d0052b7b:deepseek-v4-pro,deepseek-v4-pro,deepseek-v4-pro,True,
ef0649d623ce49332913:glm-5.3,glm-5.3,glm-5.3,True,
6bdd0e7483c679583b40:glm-5.3,glm-5.3,glm-5.3,True,
0ae04a2537417ba17c23:glm-5.3,glm-5.3,glm-5.3,True,
a97d12ebfc98b902c630:MiniMax-M3,MiniMax-M3,MiniMax-M3,True,
199ef1b18ff46a0b938d:deepseek-v4-pro,deepseek-v4-pro,deepseek-v4-pro,True,
4b4aeac2771f620babe7:MiniMax-M3,MiniMax-M3,MiniMax-M3,True,
8dbdb03ff9f13f271da0:deepseek-v4-pro,deepseek-v4-pro,deepseek-v4-pro,True,
ba1c71b07b00ce38ac25:deepseek-v4-pro,deepseek-v4-pro,deepseek-v4-pro,True,
839b101a30a66eca84bb:deepseek-v4-pro,deepseek-v4-pro,deepseek-v4-pro,True,
10173d3c703fd3bad603:MiniMax-M3,MiniMax-M3,MiniMax-M3,True,
477ff87604bd07284c5c:deepseek-v4-pro,deepseek-v4-pro,deepseek-v4-pro,True,
f47b3b39dfffad364d36:glm-5.3,glm-5.3,glm-5.3,False,invalid_completion_Empty visible completion
bed02ff3ada5b7d43104:glm-5.3,glm-5.3,glm-5.3,True,
3b957d56a0d78901c962:glm-5.3,glm-5.3,glm-5.3,True,
23bb19b3b8e9ee7caa13:glm-5.3,glm-5.3,glm-5.3,True,
fd3162bd97894db85bb8:glm-5.3,glm-5.3,glm-5.3,True,
0bc2a1758545988c8317:deepseek-v4-pro,deepseek-v4-pro,deepseek-v4-pro,True,
aaf0ff43b904c9b758d0:MiniMax-M3,MiniMax-M3,MiniMax-M3,True,
502a631c3c7ebb0ba6b6:deepseek-v4-pro,deepseek-v4-pro,deepseek-v4-pro,True,
c2f0823dd21eb58d0179:deepseek-v4-pro,deepseek-v4-pro,deepseek-v4-pro,True,
babc0985382f390608f6:deepseek-v4-pro,deepseek-v4-pro,deepseek-v4-pro,True,
f6b43f06fe0b0de61b43:deepseek-v4-pro,deepseek-v4-pro,deepseek-v4-pro,True,
00f031820ec962074171:deepseek-v4-pro,deepseek-v4-pro,deepseek-v4-pro,True,
00abb341bce937788554:MiniMax-M3,MiniMax-M3,MiniMax-M3,True,
2bbb626adad46b8c0021:glm-5.3,glm-5.3,glm-5.3,True,
182bea875b1f9fbcbfa5:glm-5.3,glm-5.3,glm-5.3,True,
312dd5c2e04f2d816648:deepseek-v4-pro,deepseek-v4-pro,deepseek-v4-pro,True,
7b5ae63d4ac8f6a12e1f:glm-5.3,glm-5.3,glm-5.3,True,
fa7e6700812ca2f1adb4:MiniMax-M3,MiniMax-M3,MiniMax-M3,True,
29dccc99edb7883f30ee:glm-5.3,glm-5.3,glm-5.3,True,
b05a0df6320ab0083ab3:glm-5.3,glm-5.3,glm-5.3,True,
06825c727687319493dc:deepseek-v4-pro,deepseek-v4-pro,deepseek-v4-pro,True,
3e2ef4b1b49389736454:MiniMax-M3,MiniMax-M3,MiniMax-M3,True,
0e91c10c0c0d6d28ab7c:glm-5.3,glm-5.3,glm-5.3,True,
32dcb6ffdeaaf9d43dd5:MiniMax-M3,MiniMax-M3,MiniMax-M3,True,
469413981b7397e49203:deepseek-v4-pro,deepseek-v4-pro,deepseek-v4-pro,True,
335e4d89971aa1b9448d:glm-5.3,glm-5.3,glm-5.3,True,
979b67133d2ba537c232:deepseek-v4-pro,deepseek-v4-pro,deepseek-v4-pro,True,
a7ce5945394211606b4c:glm-5.3,glm-5.3,glm-5.3,True,
4cc28f7999cdf6e96fe8:glm-5.3,glm-5.3,glm-5.3,True,
fb4401994f7e7faea92c:MiniMax-M3,MiniMax-M3,MiniMax-M3,True,
07bc2b6c0d6b02d46cfb:glm-5.3,glm-5.3,glm-5.3,True,
8bde527d4ce18eb2d949:deepseek-v4-pro,deepseek-v4-pro,deepseek-v4-pro,True,
c3402e0eb0668a9bd5ce:glm-5.3,glm-5.3,glm-5.3,True,
de54fd193f71ab7d2195:deepseek-v4-pro,deepseek-v4-pro,deepseek-v4-pro,True,
90b88d8058e355396f3d:deepseek-v4-pro,deepseek-v4-pro,deepseek-v4-pro,True,
06d03de2c9d40efa759c:glm-5.3,glm-5.3,glm-5.3,True,
dbc5363bcee0e144f697:deepseek-v4-pro,deepseek-v4-pro,deepseek-v4-pro,True,
7ef2082eeb97afef79b9:glm-5.3,glm-5.3,glm-5.3,True,
7b697802b4260787fa65:MiniMax-M3,MiniMax-M3,MiniMax-M3,True,
ba1c4192056fa80865d7:MiniMax-M3,MiniMax-M3,MiniMax-M3,True,
387ecc41aa57c10a9de9:deepseek-v4-pro,deepseek-v4-pro,deepseek-v4-pro,True,
84a718566de3b3cd26e7:deepseek-v4-pro,deepseek-v4-pro,deepseek-v4-pro,True,
1b172c4a0abd5fdc9b00:MiniMax-M3,MiniMax-M3,MiniMax-M3,True,
24ca84d46e65b14613e9:MiniMax-M3,MiniMax-M3,MiniMax-M3,True,
4fdaec94a39a293622a2:MiniMax-M3,MiniMax-M3,MiniMax-M3,True,
afba543f3ec6b3612ccb:deepseek-v4-pro,deepseek-v4-pro,deepseek-v4-pro,True,
46a494267196e441ae66:deepseek-v4-pro,deepseek-v4-pro,deepseek-v4-pro,True,
7392cc78c4159e5a5042:MiniMax-M3,MiniMax-M3,MiniMax-M3,True,
971e8c306735484b8154:glm-5.3,glm-5.3,glm-5.3,True,
0dee873fac6f84c6b83f:glm-5.3,glm-5.3,glm-5.3,True,
ee6710e54bb98b52130d:MiniMax-M3,MiniMax-M3,MiniMax-M3,True,
f6ba1da08b0f9ecbad60:deepseek-v4-pro,deepseek-v4-pro,deepseek-v4-pro,True,
4ab472148d6bb77a8ca3:deepseek-v4-pro,deepseek-v4-pro,deepseek-v4-pro,True,
763f6e1627a263173730:MiniMax-M3,MiniMax-M3,MiniMax-M3,True,
216546e8275f08f6d884:glm-5.3,glm-5.3,glm-5.3,True,
77dabe87394aeb8356c3:MiniMax-M3,MiniMax-M3,MiniMax-M3,True,
419d7d3907391bb34c89:glm-5.3,glm-5.3,glm-5.3,True,
ca8c586982038af03ec4:deepseek-v4-pro,deepseek-v4-pro,deepseek-v4-pro,True,
0826a92ae87229102f70:MiniMax-M3,MiniMax-M3,MiniMax-M3,True,
adf8d386b32f7d655ac2:deepseek-v4-pro,deepseek-v4-pro,deepseek-v4-pro,True,
f5a6e8b4f6d99d7d90b1:glm-5.3,glm-5.3,glm-5.3,True,
115336a6f1e06ab29f4b:glm-5.3,glm-5.3,glm-5.3,True,
848e2aecdb88ee6ef386:glm-5.3,glm-5.3,glm-5.3,True,
8d77000d3388b260f2cc:MiniMax-M3,MiniMax-M3,MiniMax-M3,True,
d2f95cae761f8893d10b:MiniMax-M3,MiniMax-M3,MiniMax-M3,True,
e0b130dbd25b4a2e6a71:MiniMax-M3,MiniMax-M3,MiniMax-M3,True,
2900c9c732d762316c71:deepseek-v4-pro,deepseek-v4-pro,deepseek-v4-pro,True,
d27a2451a0aac6a86404:deepseek-v4-pro,deepseek-v4-pro,deepseek-v4-pro,True,
2fd9bd59d2fd58664667:glm-5.3,glm-5.3,glm-5.3,True,
de9af0fa1238f13a5d20:deepseek-v4-pro,deepseek-v4-pro,deepseek-v4-pro,True,
41892f898af64d3de71d:deepseek-v4-pro,deepseek-v4-pro,deepseek-v4-pro,True,
44578ddc22edc30c0042:MiniMax-M3,MiniMax-M3,MiniMax-M3,True,
032ef8f298d6322870e9:glm-5.3,glm-5.3,glm-5.3,True,
a7b039b04db42bd66abe:MiniMax-M3,MiniMax-M3,MiniMax-M3,True,
4374f8176d7a9a830087:glm-5.3,glm-5.3,glm-5.3,True,
01e7a6ef07903ca67941:glm-5.3,glm-5.3,glm-5.3,False,invalid_completion_Empty visible completion
21fedc7527ee196f8e93:MiniMax-M3,MiniMax-M3,MiniMax-M3,True,
1084000a021912220747:MiniMax-M3,MiniMax-M3,MiniMax-M3,True,
188e53bb0f734fa62b2b:MiniMax-M3,MiniMax-M3,MiniMax-M3,True,
472168e18e96ca7eded3:deepseek-v4-pro,deepseek-v4-pro,deepseek-v4-pro,True,
6ac47dc1ee4805792f42:MiniMax-M3,MiniMax-M3,MiniMax-M3,True,
1109214565a2742d60e0:MiniMax-M3,MiniMax-M3,MiniMax-M3,True,
b29a601d0deb02843159:deepseek-v4-pro,deepseek-v4-pro,deepseek-v4-pro,True,
46bba378839dd9b4b543:glm-5.3,glm-5.3,glm-5.3,True,
326b3b546ee0c9bb8c20:glm-5.3,glm-5.3,glm-5.3,True,
e523676794cb9b4828b6:glm-5.3,glm-5.3,glm-5.3,True,
923ab1ad127e5c84beba:deepseek-v4-pro,deepseek-v4-pro,deepseek-v4-pro,True,
3916b390239e76b853fc:MiniMax-M3,MiniMax-M3,MiniMax-M3,True,
db671659ebca310dd6fe:glm-5.3,glm-5.3,glm-5.3,True,
315af5cc50175c3660e4:MiniMax-M3,MiniMax-M3,MiniMax-M3,True,
0ea762e698bb10f5da32:deepseek-v4-pro,deepseek-v4-pro,deepseek-v4-pro,True,
9cfd25c18f4d5e96b3ea:glm-5.3,glm-5.3,glm-5.3,True,
84272827fdb63c23d7da:deepseek-v4-pro,deepseek-v4-pro,deepseek-v4-pro,True,
40861e2d7eba3559194c:deepseek-v4-pro,deepseek-v4-pro,deepseek-v4-pro,True,
fe1cf148bebf9c4f8d9e:MiniMax-M3,MiniMax-M3,MiniMax-M3,True,
6be76afc0fb6f5963c7f:glm-5.3,glm-5.3,glm-5.3,True,
17417ba7e1fe65a3af54:deepseek-v4-pro,deepseek-v4-pro,deepseek-v4-pro,True,
911190cb2ba3ced110ed:MiniMax-M3,MiniMax-M3,MiniMax-M3,True,
ea0d636edc39cdbeaa3d:glm-5.3,glm-5.3,glm-5.3,True,
0e81ef2e3fcc25e040c2:glm-5.3,glm-5.3,glm-5.3,True,
9066376254fd5968cf39:MiniMax-M3,MiniMax-M3,MiniMax-M3,True,
57981314704f967556f3:deepseek-v4-pro,deepseek-v4-pro,deepseek-v4-pro,True,
4c5a3a35507db8de5af7:deepseek-v4-pro,deepseek-v4-pro,deepseek-v4-pro,True,
05377772070c3235df69:glm-5.3,glm-5.3,glm-5.3,True,
07824e10deba91fe14fb:glm-5.3,glm-5.3,glm-5.3,True,
acb5a46b883c89c1ad4f:glm-5.3,glm-5.3,glm-5.3,True,
165d3aa0b73156bb238d:MiniMax-M3,MiniMax-M3,MiniMax-M3,True,
bb917accb6df17c44f5f:deepseek-v4-pro,deepseek-v4-pro,deepseek-v4-pro,True,
3d678207375ff7a734b7:MiniMax-M3,MiniMax-M3,MiniMax-M3,True,
d16e809026b42669c655:MiniMax-M3,MiniMax-M3,MiniMax-M3,True,
0ae04a2537417ba17c23:MiniMax-M3,MiniMax-M3,MiniMax-M3,True,
62c9d0e60e632b78df4a:glm-5.3,glm-5.3,glm-5.3,True,
685dd27593770aa1468d:MiniMax-M3,MiniMax-M3,MiniMax-M3,True,
b3243e6279f73480332c:glm-5.3,glm-5.3,glm-5.3,True,
910f53ac6d7247cbd031:glm-5.3,glm-5.3,glm-5.3,True,
022cf8164e1749f08c4b:deepseek-v4-pro,deepseek-v4-pro,deepseek-v4-pro,True,
f0ada1564d7e1510feaa:deepseek-v4-pro,deepseek-v4-pro,deepseek-v4-pro,True,
db0bb4c849b4759e57c8:deepseek-v4-pro,deepseek-v4-pro,deepseek-v4-pro,True,
dc4eb6241b5374f73fbd:glm-5.3,glm-5.3,glm-5.3,True,
dc81b028d978160d8e21:MiniMax-M3,MiniMax-M3,MiniMax-M3,True,
6bf4a3e4b9335052de7d:deepseek-v4-pro,deepseek-v4-pro,deepseek-v4-pro,True,
4007067a1c2179f32ff0:MiniMax-M3,MiniMax-M3,MiniMax-M3,True,
1aefcd0379d9fca726ce:MiniMax-M3,MiniMax-M3,MiniMax-M3,True,
82fd1342959843f01222:MiniMax-M3,MiniMax-M3,MiniMax-M3,True,
4608bae3d45e2fe312e2:glm-5.3,glm-5.3,glm-5.3,True,
21fcc6c5bd5cb3b3d4f0:glm-5.3,glm-5.3,glm-5.3,True,
8d247f44929c2fd8d353:glm-5.3,glm-5.3,glm-5.3,True,
5bef8f084abbbee1eaab:deepseek-v4-pro,deepseek-v4-pro,deepseek-v4-pro,True,
893bab054b355ba5f7ef:deepseek-v4-pro,deepseek-v4-pro,deepseek-v4-pro,True,
8cdeced389e4f3c10a95:glm-5.3,glm-5.3,glm-5.3,True,
3b085a968b1fc62a8d3f:MiniMax-M3,MiniMax-M3,MiniMax-M3,True,
797ed733e7c10aac6256:glm-5.3,glm-5.3,glm-5.3,True,
37540fcbc506f35f7359:glm-5.3,glm-5.3,glm-5.3,False,invalid_completion_Empty visible completion
d215cd811e46af30d0d0:deepseek-v4-pro,deepseek-v4-pro,deepseek-v4-pro,True,
970ae375bda469a261a7:MiniMax-M3,MiniMax-M3,MiniMax-M3,True,
fec967bdc09a6c30c01b:deepseek-v4-pro,deepseek-v4-pro,deepseek-v4-pro,True,
419d7d3907391bb34c89:MiniMax-M3,MiniMax-M3,MiniMax-M3,True,
3fbe7e7e6b9c7d3b49cf:glm-5.3,glm-5.3,glm-5.3,True,
64c52924830f3e32643c:MiniMax-M3,MiniMax-M3,MiniMax-M3,True,
4988937a516260c8b175:MiniMax-M3,MiniMax-M3,MiniMax-M3,True,
0eea423e2173c355df97:MiniMax-M3,MiniMax-M3,MiniMax-M3,True,
21a2a4656e611d9958e1:deepseek-v4-pro,deepseek-v4-pro,deepseek-v4-pro,True,
d001a203570d49eb3656:glm-5.3,glm-5.3,glm-5.3,True,
b3a39b5f5d6dbfecd2ae:glm-5.3,glm-5.3,glm-5.3,True,
999cfa658ba9fee83153:glm-5.3,glm-5.3,glm-5.3,True,
d55abe4097b2b24332c2:MiniMax-M3,MiniMax-M3,MiniMax-M3,True,
74d2ef86050ee056df98:MiniMax-M3,MiniMax-M3,MiniMax-M3,True,
86a5cbbc8ce64ffeebfe:glm-5.3,glm-5.3,glm-5.3,True,
d23250f844cb3f25765e:MiniMax-M3,MiniMax-M3,MiniMax-M3,True,
b7dec6bd2821e388934f:glm-5.3,glm-5.3,glm-5.3,True,
28962a8a221a213a1a39:MiniMax-M3,MiniMax-M3,MiniMax-M3,True,
2d62973893bbdb3414dd:glm-5.3,glm-5.3,glm-5.3,False,"Expecting ',' delimiter: line 11 column 2 (char 562)"
04e8d3aba4b56b9bbbc0:glm-5.3,glm-5.3,glm-5.3,True,
61fadabf455d2800a59f:glm-5.3,glm-5.3,glm-5.3,True,
a21e96dd9ee780bf8d86:MiniMax-M3,MiniMax-M3,MiniMax-M3,True,
049f540c0e7895896a0a:glm-5.3,glm-5.3,glm-5.3,True,
fb0e4ea93f22030686af:MiniMax-M3,MiniMax-M3,MiniMax-M3,True,
d318909daad8e476caa9:MiniMax-M3,MiniMax-M3,MiniMax-M3,True,
4d3010e71833ff9c28f4:glm-5.3,glm-5.3,glm-5.3,True,
fc84ff058366358d9499:deepseek-v4-pro,deepseek-v4-pro,deepseek-v4-pro,True,
b4476594a1e7091efcc7:deepseek-v4-pro,deepseek-v4-pro,deepseek-v4-pro,True,
ee13822fc3833a289767:MiniMax-M3,MiniMax-M3,MiniMax-M3,True,
a5403a59b355ecbc8a59:glm-5.3,glm-5.3,glm-5.3,True,
9813f96811f292870fea:deepseek-v4-pro,deepseek-v4-pro,deepseek-v4-pro,True,
477f0505cc6312050899:deepseek-v4-pro,deepseek-v4-pro,deepseek-v4-pro,True,
e8e1ecb6a216cef94844:glm-5.3,glm-5.3,glm-5.3,True,
a5e0753de4910f5a412c:deepseek-v4-pro,deepseek-v4-pro,deepseek-v4-pro,True,
7ca0d952015e34baee68:deepseek-v4-pro,deepseek-v4-pro,deepseek-v4-pro,True,
6b077595780ce54d09fd:MiniMax-M3,MiniMax-M3,MiniMax-M3,True,
c7cc08ef6dd4dadfdcb9:MiniMax-M3,MiniMax-M3,MiniMax-M3,True,
04633db2456596223d25:glm-5.3,glm-5.3,glm-5.3,True,
1e9079370615239321fd:deepseek-v4-pro,deepseek-v4-pro,deepseek-v4-pro,True,
ec1626a36bc800fc35dc:glm-5.3,glm-5.3,glm-5.3,True,
ff7b158ce02134446aef:deepseek-v4-pro,deepseek-v4-pro,deepseek-v4-pro,True,
2b1aa9f6aecd6313de5f:deepseek-v4-pro,deepseek-v4-pro,deepseek-v4-pro,True,
6469221bae835158164d:deepseek-v4-pro,deepseek-v4-pro,deepseek-v4-pro,True,
e853f9e123c1a3329b25:MiniMax-M3,MiniMax-M3,MiniMax-M3,True,
c5dde7fee0ffc1799f86:MiniMax-M3,MiniMax-M3,MiniMax-M3,True,
67fe68c1557d96aabe55:glm-5.3,glm-5.3,glm-5.3,False,invalid_completion_Empty visible completion
bc689156fc6d7df58612:MiniMax-M3,MiniMax-M3,MiniMax-M3,True,
3860a5bbd4a1b5bc63c0:glm-5.3,glm-5.3,glm-5.3,True,
0814334901fccafe7329:deepseek-v4-pro,deepseek-v4-pro,deepseek-v4-pro,True,
0ab55aa8fe6a956451cc:deepseek-v4-pro,deepseek-v4-pro,deepseek-v4-pro,True,
5a393309360ea08015da:glm-5.3,glm-5.3,glm-5.3,True,
3f8aca67f1ecad948316:glm-5.3,glm-5.3,glm-5.3,True,
fc7524752d04928fe3d7:MiniMax-M3,MiniMax-M3,MiniMax-M3,True,
cd4210d3937217e0ea69:deepseek-v4-pro,deepseek-v4-pro,deepseek-v4-pro,True,
5ae2f1a2d2fa45f85011:glm-5.3,glm-5.3,glm-5.3,True,
de77f8ffbd3a12f1c22e:glm-5.3,glm-5.3,glm-5.3,True,
cb48dc8fd3bc3a685ca9:MiniMax-M3,MiniMax-M3,MiniMax-M3,True,
0744c5f6314f8086404e:glm-5.3,glm-5.3,glm-5.3,True,
a1f82869238f39f621e5:MiniMax-M3,MiniMax-M3,MiniMax-M3,True,
405a1f679f9e91890801:deepseek-v4-pro,deepseek-v4-pro,deepseek-v4-pro,True,
a024abfaad7ca1588c0a:deepseek-v4-pro,deepseek-v4-pro,deepseek-v4-pro,True,
f35cf469e01ca7404391:glm-5.3,glm-5.3,glm-5.3,True,
c8dda0e639d639fe41ee:deepseek-v4-pro,deepseek-v4-pro,deepseek-v4-pro,True,
84b67d683d7c1b3fcd79:MiniMax-M3,MiniMax-M3,MiniMax-M3,True,
c57675ca23ed2ff9d4a2:glm-5.3,glm-5.3,glm-5.3,True,
a23cacf92172414d1212:deepseek-v4-pro,deepseek-v4-pro,deepseek-v4-pro,True,
34822b844fff09cbcfc2:glm-5.3,glm-5.3,glm-5.3,True,
b39f5c0e741912c2bf9e:MiniMax-M3,MiniMax-M3,MiniMax-M3,True,
4a5461a1e6be9451c6e2:deepseek-v4-pro,deepseek-v4-pro,deepseek-v4-pro,True,
91a0f490f1f62764ee90:MiniMax-M3,MiniMax-M3,MiniMax-M3,True,
6179452af39cabe09471:glm-5.3,glm-5.3,glm-5.3,True,
e47cca2e790a6e3ea544:MiniMax-M3,MiniMax-M3,MiniMax-M3,True,
c8a9d82d854919646414:glm-5.3,glm-5.3,glm-5.3,True,
616a6650d585ddff6ed5:glm-5.3,glm-5.3,glm-5.3,True,
726b01086e8cb2fcf814:glm-5.3,glm-5.3,glm-5.3,True,
cf771ea2d6966de40b06:MiniMax-M3,MiniMax-M3,MiniMax-M3,True,
bbf86e1064bff5b6b944:deepseek-v4-pro,deepseek-v4-pro,deepseek-v4-pro,True,
50326a2b80a40bbc4b8e:deepseek-v4-pro,deepseek-v4-pro,deepseek-v4-pro,True,
bd6cd2a50737508c1a88:deepseek-v4-pro,deepseek-v4-pro,deepseek-v4-pro,True,
2a020521ff5ba0bb5727:deepseek-v4-pro,deepseek-v4-pro,deepseek-v4-pro,True,
acc95eb37c87eccd89b3:glm-5.3,glm-5.3,glm-5.3,True,
f6ba1da08b0f9ecbad60:MiniMax-M3,MiniMax-M3,MiniMax-M3,True,
31924cbc025858918f01:glm-5.3,glm-5.3,glm-5.3,True,
4136b3e9e1502e25e98f:MiniMax-M3,MiniMax-M3,MiniMax-M3,True,
c32c2a53c26ba85b984c:MiniMax-M3,MiniMax-M3,MiniMax-M3,True,
c5e4492eccc8bd69957e:glm-5.3,glm-5.3,glm-5.3,True,
cc2815f74efb6e93b079:MiniMax-M3,MiniMax-M3,MiniMax-M3,True,
4f889af228c10557fae8:glm-5.3,glm-5.3,glm-5.3,True,
a2646c1cfcb6a6d2bb29:deepseek-v4-pro,deepseek-v4-pro,deepseek-v4-pro,True,
ba3cc64e6371e70a26c0:deepseek-v4-pro,deepseek-v4-pro,deepseek-v4-pro,True,
6e48d41c83551fb7931d:glm-5.3,glm-5.3,glm-5.3,True,
7ddc157cf9444ff18712:MiniMax-M3,MiniMax-M3,MiniMax-M3,True,
41a7c98ef34d39cb89a7:deepseek-v4-pro,deepseek-v4-pro,deepseek-v4-pro,True,
c85cf076585d0a9b0bbb:glm-5.3,glm-5.3,glm-5.3,True,
95fe58b5e23cf8db3def:glm-5.3,glm-5.3,glm-5.3,True,
d8692efad0dc1bbc29e0:glm-5.3,glm-5.3,glm-5.3,True,
5d860567c074477a33b0:MiniMax-M3,MiniMax-M3,MiniMax-M3,True,
8109d66cee1dd3167bc7:glm-5.3,glm-5.3,glm-5.3,True,
2b5c37e3111b84034f86:MiniMax-M3,MiniMax-M3,MiniMax-M3,True,
d16e809026b42669c655:deepseek-v4-pro,deepseek-v4-pro,deepseek-v4-pro,True,
fce2c71c2b29bb1098ce:deepseek-v4-pro,deepseek-v4-pro,deepseek-v4-pro,True,
e008157036bd8a81ae7c:glm-5.3,glm-5.3,glm-5.3,True,
6d3400431fc197c031a0:MiniMax-M3,MiniMax-M3,MiniMax-M3,True,
a1ea451b83fea7dda36e:MiniMax-M3,MiniMax-M3,MiniMax-M3,True,
49c0a0ede7b4d3c92b55:glm-5.3,glm-5.3,glm-5.3,True,
966f4dc735343999e98c:deepseek-v4-pro,deepseek-v4-pro,deepseek-v4-pro,True,
12d2ae3ff52168998a58:glm-5.3,glm-5.3,glm-5.3,True,
835fc0e6cf4ecdca3c34:deepseek-v4-pro,deepseek-v4-pro,deepseek-v4-pro,True,
aa79fe2a1d069023e5ac:MiniMax-M3,MiniMax-M3,MiniMax-M3,True,
af571cf17821ab133975:deepseek-v4-pro,deepseek-v4-pro,deepseek-v4-pro,True,
9cb5999c66467a43b651:deepseek-v4-pro,deepseek-v4-pro,deepseek-v4-pro,True,
37fc92e82a47be9bf2d8:MiniMax-M3,MiniMax-M3,MiniMax-M3,True,
f817c943c210d9bef8b1:glm-5.3,glm-5.3,glm-5.3,True,
80de726c712f1ce11676:MiniMax-M3,MiniMax-M3,MiniMax-M3,True,
0241c3f4eed07c6e0b94:MiniMax-M3,MiniMax-M3,MiniMax-M3,True,
8255420cdd21f3cf16dc:deepseek-v4-pro,deepseek-v4-pro,deepseek-v4-pro,True,
689090e7cbd765287389:glm-5.3,glm-5.3,glm-5.3,True,
9f1f7c7645d86cc95c03:glm-5.3,glm-5.3,glm-5.3,True,
34c893a542087d9bd022:glm-5.3,glm-5.3,glm-5.3,True,
29160f3e81b5d5fe9523:glm-5.3,glm-5.3,glm-5.3,True,
47ba4003a64b30405081:MiniMax-M3,MiniMax-M3,MiniMax-M3,True,
4dfc26775593a85a709b:deepseek-v4-pro,deepseek-v4-pro,deepseek-v4-pro,True,
14e393efce3081ed0920:glm-5.3,glm-5.3,glm-5.3,True,
6808a18e0986fdf832d7:MiniMax-M3,MiniMax-M3,MiniMax-M3,True,
d2f609a43e57581a0393:glm-5.3,glm-5.3,glm-5.3,True,
517a45c6d9c38f01ad62:deepseek-v4-pro,deepseek-v4-pro,deepseek-v4-pro,True,
05c4734971c7c8115f33:MiniMax-M3,MiniMax-M3,MiniMax-M3,True,
b98c827fd16d6d93c373:deepseek-v4-pro,deepseek-v4-pro,deepseek-v4-pro,True,
0bcefd317f7679de4474:deepseek-v4-pro,deepseek-v4-pro,deepseek-v4-pro,True,
a97d6f74fb05de067366:deepseek-v4-pro,deepseek-v4-pro,deepseek-v4-pro,True,
717ccb9495e03eeae2bc:glm-5.3,glm-5.3,glm-5.3,True,
930428a00b594d920bf8:glm-5.3,glm-5.3,glm-5.3,True,
5fe3ea1948175da0160d:MiniMax-M3,MiniMax-M3,MiniMax-M3,True,
6c1dada8fd091fd015de:MiniMax-M3,MiniMax-M3,MiniMax-M3,True,
ece79a8835795b74c1ac:glm-5.3,glm-5.3,glm-5.3,True,
57e1062a6a60a02e63eb:glm-5.3,glm-5.3,glm-5.3,True,
d61f56ec2f1826f2b78e:glm-5.3,glm-5.3,glm-5.3,True,
837cddcb341627831a45:glm-5.3,glm-5.3,glm-5.3,True,
d97bf002754d9f73cf44:deepseek-v4-pro,deepseek-v4-pro,deepseek-v4-pro,True,
df864a51149d4fc7041a:MiniMax-M3,MiniMax-M3,MiniMax-M3,True,
ab7b8f6e158817516094:deepseek-v4-pro,deepseek-v4-pro,deepseek-v4-pro,True,
c3e009464e4316692caf:deepseek-v4-pro,deepseek-v4-pro,deepseek-v4-pro,True,
c3f66b7d1eb9836ca3e1:MiniMax-M3,MiniMax-M3,MiniMax-M3,True,
93a0582bc5d4d4dbac43:glm-5.3,glm-5.3,glm-5.3,True,
dc3dd569dabf5e1ff41a:MiniMax-M3,MiniMax-M3,MiniMax-M3,True,
b477b10ecd376b3d6fca:glm-5.3,glm-5.3,glm-5.3,True,
38d87fe508cec59aa023:deepseek-v4-pro,deepseek-v4-pro,deepseek-v4-pro,True,
56b413298b08d776f4c7:deepseek-v4-pro,deepseek-v4-pro,deepseek-v4-pro,True,
1e49125084dbe7060667:glm-5.3,glm-5.3,glm-5.3,True,
337dc4fcde3a373fdfdf:glm-5.3,glm-5.3,glm-5.3,True,
18d1f546748da5afc9c1:glm-5.3,glm-5.3,glm-5.3,True,
d9fc805b6063df6e2ac7:MiniMax-M3,MiniMax-M3,MiniMax-M3,True,
3057f313fc8ffb578c30:MiniMax-M3,MiniMax-M3,MiniMax-M3,True,
9d59f0b458c43f5becbd:glm-5.3,glm-5.3,glm-5.3,True,
4c1a55c367b1ddddd1bb:MiniMax-M3,MiniMax-M3,MiniMax-M3,True,
79b567d3ea46f474f185:deepseek-v4-pro,deepseek-v4-pro,deepseek-v4-pro,True,
ed9b534774ffe0cc3092:MiniMax-M3,MiniMax-M3,MiniMax-M3,True,
d1a5ee01a1682b2e8838:deepseek-v4-pro,deepseek-v4-pro,deepseek-v4-pro,True,
38025acda07f9cfc0522:glm-5.3,glm-5.3,glm-5.3,True,
0f462c0fa4f3574074eb:deepseek-v4-pro,deepseek-v4-pro,deepseek-v4-pro,True,
2a40582b4f4c46c2e3c4:glm-5.3,glm-5.3,glm-5.3,True,
8a298139559199721ad3:glm-5.3,glm-5.3,glm-5.3,True,
61d67f99df4613fb52cf:MiniMax-M3,MiniMax-M3,MiniMax-M3,True,
9d191896b84a86dfbced:deepseek-v4-pro,deepseek-v4-pro,deepseek-v4-pro,True,
2d8254a860a1c803a67b:MiniMax-M3,MiniMax-M3,MiniMax-M3,True,
8588793828fa513d74e1:glm-5.3,glm-5.3,glm-5.3,True,
0ecebd632a66fc139c12:MiniMax-M3,MiniMax-M3,MiniMax-M3,True,
4f3034a1bb9736498f05:deepseek-v4-pro,deepseek-v4-pro,deepseek-v4-pro,True,
28c61a68f5c1219a86ec:deepseek-v4-pro,deepseek-v4-pro,deepseek-v4-pro,True,
eca408bc4f1d16a0618a:MiniMax-M3,MiniMax-M3,MiniMax-M3,True,
8807b5cb9194d4712c47:deepseek-v4-pro,deepseek-v4-pro,deepseek-v4-pro,True,
0241c3f4eed07c6e0b94:glm-5.3,glm-5.3,glm-5.3,True,
e40c6f9ec1357fc6966b:MiniMax-M3,MiniMax-M3,MiniMax-M3,True,
2b5710b8a23778e44ea9:glm-5.3,glm-5.3,glm-5.3,True,
6b077595780ce54d09fd:deepseek-v4-pro,deepseek-v4-pro,deepseek-v4-pro,True,
519d2bbc9279d4d50e9e:deepseek-v4-pro,deepseek-v4-pro,deepseek-v4-pro,True,
24efbc5aa8febf40a92b:MiniMax-M3,MiniMax-M3,MiniMax-M3,True,
07cb4f5104044ed8b55f:glm-5.3,glm-5.3,glm-5.3,True,
eed307449d8d09e05c81:glm-5.3,glm-5.3,glm-5.3,True,
75320f50ed8982b6c363:deepseek-v4-pro,deepseek-v4-pro,deepseek-v4-pro,True,
db7bd943499c11a75122:glm-5.3,glm-5.3,glm-5.3,True,
92c4d15b5c47db2e0be1:MiniMax-M3,MiniMax-M3,MiniMax-M3,True,
5293dd4079519a8e00ae:MiniMax-M3,MiniMax-M3,MiniMax-M3,True,
09c22fe93edf6c3f6591:glm-5.3,glm-5.3,glm-5.3,True,
588f3f791e1f0718ebd0:MiniMax-M3,MiniMax-M3,MiniMax-M3,True,
edf986b54cf247bf8eb9:MiniMax-M3,MiniMax-M3,MiniMax-M3,True,
62439d0a842a86a2795d:MiniMax-M3,MiniMax-M3,MiniMax-M3,True,
344371ef4752e662516a:deepseek-v4-pro,deepseek-v4-pro,deepseek-v4-pro,True,
9246c28eb430919b8a98:deepseek-v4-pro,deepseek-v4-pro,deepseek-v4-pro,True,
8f7292e68610f1f4d068:MiniMax-M3,MiniMax-M3,MiniMax-M3,True,
f590641f4e8e17ce14f4:deepseek-v4-pro,deepseek-v4-pro,deepseek-v4-pro,True,
7695d860ac985bc42920:deepseek-v4-pro,deepseek-v4-pro,deepseek-v4-pro,True,
ad276fa3610553758bd9:glm-5.3,glm-5.3,glm-5.3,True,
b66cae01bba82e8761fd:deepseek-v4-pro,deepseek-v4-pro,deepseek-v4-pro,True,
c20b1ea7f9b532f14e97:deepseek-v4-pro,deepseek-v4-pro,deepseek-v4-pro,True,
3c38298078884c46f9f0:glm-5.3,glm-5.3,glm-5.3,True,
5c34610743ffb4e0c635:MiniMax-M3,MiniMax-M3,MiniMax-M3,True,
a38b5e49e3339105fec6:MiniMax-M3,MiniMax-M3,MiniMax-M3,True,
486b3cebfb61e1b51291:glm-5.3,glm-5.3,glm-5.3,True,
cc137343d8ec5fc28174:deepseek-v4-pro,deepseek-v4-pro,deepseek-v4-pro,True,
f2b5f3ed5c0e4f903269:deepseek-v4-pro,deepseek-v4-pro,deepseek-v4-pro,True,
5e649c70b9eedf555dd9:deepseek-v4-pro,deepseek-v4-pro,deepseek-v4-pro,True,
9581d2c23b8f63977620:glm-5.3,glm-5.3,glm-5.3,True,
0ab98ad9a9515544a88b:MiniMax-M3,MiniMax-M3,MiniMax-M3,True,
e5cbb1aca2d160b60cbb:glm-5.3,glm-5.3,glm-5.3,True,
124dd25dda15f3c9ed5c:deepseek-v4-pro,deepseek-v4-pro,deepseek-v4-pro,True,
b06a123cc05421689124:glm-5.3,glm-5.3,glm-5.3,True,
4988937a516260c8b175:glm-5.3,glm-5.3,glm-5.3,True,
108d659381872a705f71:MiniMax-M3,MiniMax-M3,MiniMax-M3,True,
459326469a838e26d2a1:glm-5.3,glm-5.3,glm-5.3,True,
5c55a3003579dcaef74a:deepseek-v4-pro,deepseek-v4-pro,deepseek-v4-pro,True,
512c332e00d29d48a5b7:glm-5.3,glm-5.3,glm-5.3,True,
016ea0ef46d351d52c72:deepseek-v4-pro,deepseek-v4-pro,deepseek-v4-pro,True,
66b3c3d66c7bcbd20c2d:deepseek-v4-pro,deepseek-v4-pro,deepseek-v4-pro,True,
6ae5b43724738794abc5:deepseek-v4-pro,deepseek-v4-pro,deepseek-v4-pro,True,
17b2a42ad77b65e8ef12:deepseek-v4-pro,deepseek-v4-pro,deepseek-v4-pro,True,
1109239761497b0e6afc:glm-5.3,glm-5.3,glm-5.3,True,
2d2ed43f3e2ced0e3fe9:deepseek-v4-pro,deepseek-v4-pro,deepseek-v4-pro,True,
9fcd21bf2fcb28e01cca:deepseek-v4-pro,deepseek-v4-pro,deepseek-v4-pro,True,
bbbdafc02c4a8d5b8210:deepseek-v4-pro,deepseek-v4-pro,deepseek-v4-pro,True,
a4dd53503699ec75648b:deepseek-v4-pro,deepseek-v4-pro,deepseek-v4-pro,True,
59cbb6961b8ec0eeb352:glm-5.3,glm-5.3,glm-5.3,True,
4269effce97b1b4a6e37:glm-5.3,glm-5.3,glm-5.3,True,
c51ce8779645a65fbbbc:MiniMax-M3,MiniMax-M3,MiniMax-M3,True,
3fbe7e7e6b9c7d3b49cf:MiniMax-M3,MiniMax-M3,MiniMax-M3,True,
a16eaa5adcf20db97939:MiniMax-M3,MiniMax-M3,MiniMax-M3,True,
4fdcfe3c281c746e81f4:glm-5.3,glm-5.3,glm-5.3,True,
b34a915c50afdedddd7a:glm-5.3,glm-5.3,glm-5.3,True,
2d9e1c62ef64eb523b52:deepseek-v4-pro,deepseek-v4-pro,deepseek-v4-pro,True,
ea0d636edc39cdbeaa3d:deepseek-v4-pro,deepseek-v4-pro,deepseek-v4-pro,True,
8b6e3533c56fd6daab0e:glm-5.3,glm-5.3,glm-5.3,True,
2c55295b66b1f1074d9f:MiniMax-M3,MiniMax-M3,MiniMax-M3,True,
a9c1a0089d7a037903fc:deepseek-v4-pro,deepseek-v4-pro,deepseek-v4-pro,True,
22a17c82ffd7e6d3cb24:deepseek-v4-pro,deepseek-v4-pro,deepseek-v4-pro,True,
1084000a021912220747:deepseek-v4-pro,deepseek-v4-pro,deepseek-v4-pro,True,
0a5056061cf4a1b510c0:deepseek-v4-pro,deepseek-v4-pro,deepseek-v4-pro,True,
4fe839476600752a8774:deepseek-v4-pro,deepseek-v4-pro,deepseek-v4-pro,True,
e339fe1cc79c4e00ea43:MiniMax-M3,MiniMax-M3,MiniMax-M3,True,
1ca0e0ff0c40ded76776:glm-5.3,glm-5.3,glm-5.3,True,
f32cf3ed1dcbf9579c2a:MiniMax-M3,MiniMax-M3,MiniMax-M3,True,
56e8054a6f44eee623dd:glm-5.3,glm-5.3,glm-5.3,True,
c992706ace0c5854747d:MiniMax-M3,MiniMax-M3,MiniMax-M3,True,
0c90318822e7cc81ec5a:glm-5.3,glm-5.3,glm-5.3,True,
7d2f28e0bdbc0365b96a:glm-5.3,glm-5.3,glm-5.3,True,
bb30f10429d8f4f139e2:MiniMax-M3,MiniMax-M3,MiniMax-M3,True,
9f1d7a7a8bdf60bb60e5:glm-5.3,glm-5.3,glm-5.3,True,
ce25f3cdb08a1ba6736a:MiniMax-M3,MiniMax-M3,MiniMax-M3,True,
59687f4313e139e06658:glm-5.3,glm-5.3,glm-5.3,True,
65e94b82ba31c3195111:MiniMax-M3,MiniMax-M3,MiniMax-M3,True,
9ba2f385165d70a6c073:MiniMax-M3,MiniMax-M3,MiniMax-M3,True,
50e403adaa097a48f1c1:MiniMax-M3,MiniMax-M3,MiniMax-M3,True,
21a2a4656e611d9958e1:glm-5.3,glm-5.3,glm-5.3,True,
36f9e12cc6e789c710c7:MiniMax-M3,MiniMax-M3,MiniMax-M3,True,
2053c152971b7064701f:glm-5.3,glm-5.3,glm-5.3,True,
5b1c867de53d30a08b0f:deepseek-v4-pro,deepseek-v4-pro,deepseek-v4-pro,True,
9582ff3892a407ab2665:glm-5.3,glm-5.3,glm-5.3,True,
c96c3ee7af7e601f6798:MiniMax-M3,MiniMax-M3,MiniMax-M3,True,
4b0a0b8f9022a63b1bf4:MiniMax-M3,MiniMax-M3,MiniMax-M3,True,
b3df7a3cc1d35386c3b8:glm-5.3,glm-5.3,glm-5.3,True,
1007dfc97870bd1cf9f4:glm-5.3,glm-5.3,glm-5.3,True,
5c821e5e0cc384202ec7:deepseek-v4-pro,deepseek-v4-pro,deepseek-v4-pro,True,
76c539432f2a426cada0:MiniMax-M3,MiniMax-M3,MiniMax-M3,True,
a17656a416c2ce29e686:MiniMax-M3,MiniMax-M3,MiniMax-M3,True,
a0068936210f0bd200e4:MiniMax-M3,MiniMax-M3,MiniMax-M3,True,
fc22ed2a50cd63ac6900:glm-5.3,glm-5.3,glm-5.3,True,
850da6b2cc9c2c93e3fc:glm-5.3,glm-5.3,glm-5.3,True,
8f1471f2f65b1700d47e:MiniMax-M3,MiniMax-M3,MiniMax-M3,True,
08185994f35c0be8c475:glm-5.3,glm-5.3,glm-5.3,True,
a2430438bfa3848bc9c1:deepseek-v4-pro,deepseek-v4-pro,deepseek-v4-pro,True,
219832ae9b07e2c686a8:deepseek-v4-pro,deepseek-v4-pro,deepseek-v4-pro,True,
0764569c6793698ce5e8:glm-5.3,glm-5.3,glm-5.3,True,
a0a8cf0b57d319092de1:MiniMax-M3,MiniMax-M3,MiniMax-M3,True,
ceb43f52580305bd2fba:glm-5.3,glm-5.3,glm-5.3,True,
0f0597adeeb09b72ffaa:MiniMax-M3,MiniMax-M3,MiniMax-M3,True,
df1bf05a019d67a80a64:MiniMax-M3,MiniMax-M3,MiniMax-M3,True,
22e6dc0fb31081ab23e5:deepseek-v4-pro,deepseek-v4-pro,deepseek-v4-pro,True,
193c336d578da6d3a247:glm-5.3,glm-5.3,glm-5.3,True,
94cafadafa318cd5fb56:deepseek-v4-pro,deepseek-v4-pro,deepseek-v4-pro,True,
1310e91d4cf14c848594:MiniMax-M3,MiniMax-M3,MiniMax-M3,True,
c600b2bccc60c7d0a209:deepseek-v4-pro,deepseek-v4-pro,deepseek-v4-pro,True,
109d2b54026de50a3db2:MiniMax-M3,MiniMax-M3,MiniMax-M3,True,
0d407ae38b301d6c4810:deepseek-v4-pro,deepseek-v4-pro,deepseek-v4-pro,True,
a5403a59b355ecbc8a59:deepseek-v4-pro,deepseek-v4-pro,deepseek-v4-pro,True,
7635375993749d7f21ae:glm-5.3,glm-5.3,glm-5.3,True,
389edb5348dc0d60a11a:deepseek-v4-pro,deepseek-v4-pro,deepseek-v4-pro,True,
ed09b40b677ccca9d6a6:deepseek-v4-pro,deepseek-v4-pro,deepseek-v4-pro,True,
0419ea7bb8d85db8dd20:glm-5.3,glm-5.3,glm-5.3,True,
d6aec96008ddf37ea1bd:deepseek-v4-pro,deepseek-v4-pro,deepseek-v4-pro,True,
6eb81d9fa710699c5b70:MiniMax-M3,MiniMax-M3,MiniMax-M3,True,
a8809267d9ad469d4fec:MiniMax-M3,MiniMax-M3,MiniMax-M3,True,
f2d411617a3ca58a3198:glm-5.3,glm-5.3,glm-5.3,True,
92420e13926b8c13bef0:MiniMax-M3,MiniMax-M3,MiniMax-M3,True,
6d2f76eee2eed05c2318:MiniMax-M3,MiniMax-M3,MiniMax-M3,True,
38025acda07f9cfc0522:deepseek-v4-pro,deepseek-v4-pro,deepseek-v4-pro,True,
246b6ae9ed8eefb7e966:MiniMax-M3,MiniMax-M3,MiniMax-M3,True,
7b99e981d0306aa7a503:MiniMax-M3,MiniMax-M3,MiniMax-M3,True,
f95f4f5e702239b58679:deepseek-v4-pro,deepseek-v4-pro,deepseek-v4-pro,True,
7d46408ca8d5f86af405:deepseek-v4-pro,deepseek-v4-pro,deepseek-v4-pro,True,
397f79dc687ceae1e2f9:deepseek-v4-pro,deepseek-v4-pro,deepseek-v4-pro,True,
1310e91d4cf14c848594:glm-5.3,glm-5.3,glm-5.3,True,
12473b28be4b4000940f:glm-5.3,glm-5.3,glm-5.3,True,
342fc6ea2ae526d1ce9f:deepseek-v4-pro,deepseek-v4-pro,deepseek-v4-pro,True,
2929d575cff66693320a:glm-5.3,glm-5.3,glm-5.3,True,
d6f3ffd67e817e698a2e:deepseek-v4-pro,deepseek-v4-pro,deepseek-v4-pro,True,
dae8801f5d75cc3693f9:MiniMax-M3,MiniMax-M3,MiniMax-M3,True,
3be04e39bffaf16d76e6:MiniMax-M3,MiniMax-M3,MiniMax-M3,True,
544da7d9d7aa5d583f76:glm-5.3,glm-5.3,glm-5.3,True,
d676dca20e52607a56f6:glm-5.3,glm-5.3,glm-5.3,True,
4a5461a1e6be9451c6e2:MiniMax-M3,MiniMax-M3,MiniMax-M3,True,
92323b0381c8da9942bd:glm-5.3,glm-5.3,glm-5.3,True,
417ba0ed813eb40f4147:MiniMax-M3,MiniMax-M3,MiniMax-M3,True,
1a9211b5eec3260990e2:MiniMax-M3,MiniMax-M3,MiniMax-M3,True,
c8347cf0845bd7fd0d8d:MiniMax-M3,MiniMax-M3,MiniMax-M3,True,
5e94811e696d114fc3f5:glm-5.3,glm-5.3,glm-5.3,True,
68a6d509754c38c7390a:deepseek-v4-pro,deepseek-v4-pro,deepseek-v4-pro,True,
d0700214a40a094613c4:deepseek-v4-pro,deepseek-v4-pro,deepseek-v4-pro,True,
3869a1b11b0a35e16549:glm-5.3,glm-5.3,glm-5.3,True,
a218f1efd5a2db1b766c:MiniMax-M3,MiniMax-M3,MiniMax-M3,True,
1fd1cbe14848b8a74c70:MiniMax-M3,MiniMax-M3,MiniMax-M3,True,
ad8c4e068c796f8896dc:MiniMax-M3,MiniMax-M3,MiniMax-M3,True,
fcf4f68fc206eec81367:MiniMax-M3,MiniMax-M3,MiniMax-M3,True,
a98ff1a4ee7ac4c831ae:deepseek-v4-pro,deepseek-v4-pro,deepseek-v4-pro,True,
9d08222e55ee6ac2db5f:glm-5.3,glm-5.3,glm-5.3,True,
f1a4ac5cd4b7015d5d69:deepseek-v4-pro,deepseek-v4-pro,deepseek-v4-pro,True,
092c66316260ed94277c:MiniMax-M3,MiniMax-M3,MiniMax-M3,True,
9813f96811f292870fea:MiniMax-M3,MiniMax-M3,MiniMax-M3,True,
55dd924ffbc4a3441c0a:MiniMax-M3,MiniMax-M3,MiniMax-M3,True,
fda35c53b0ecab65acae:deepseek-v4-pro,deepseek-v4-pro,deepseek-v4-pro,True,
78670ac2f9cd94a0e34b:glm-5.3,glm-5.3,glm-5.3,True,
cc749db9f5e83cb3560e:deepseek-v4-pro,deepseek-v4-pro,deepseek-v4-pro,True,
fdece46fd8fa39cbb8bb:MiniMax-M3,MiniMax-M3,MiniMax-M3,True,
f5bde4e02791e11f0986:glm-5.3,glm-5.3,glm-5.3,True,
f6efccbeee0e71dd2aa2:MiniMax-M3,MiniMax-M3,MiniMax-M3,True,
14b64ebf0f2c52b8a04b:deepseek-v4-pro,deepseek-v4-pro,deepseek-v4-pro,True,
bb9d0d6b0ad44adde203:deepseek-v4-pro,deepseek-v4-pro,deepseek-v4-pro,True,
bd1e6cfb886923de3584:deepseek-v4-pro,deepseek-v4-pro,deepseek-v4-pro,True,
2aebd8dbecd5347da52d:MiniMax-M3,MiniMax-M3,MiniMax-M3,True,
8884c9fd63e759bb6f4d:glm-5.3,glm-5.3,glm-5.3,True,
a14a2ddf45528afde784:glm-5.3,glm-5.3,glm-5.3,True,
50f17485c80f055a8d5b:deepseek-v4-pro,deepseek-v4-pro,deepseek-v4-pro,True,
85d120f7787dd6cd7dcf:deepseek-v4-pro,deepseek-v4-pro,deepseek-v4-pro,True,
d12f8ad4c8d78b416508:glm-5.3,glm-5.3,glm-5.3,True,
f77bc27d2d2897473cb5:MiniMax-M3,MiniMax-M3,MiniMax-M3,True,
80e4780cf86fd616a538:glm-5.3,glm-5.3,glm-5.3,True,
999cfa658ba9fee83153:MiniMax-M3,MiniMax-M3,MiniMax-M3,True,
1c42ad75bba731cb51fb:MiniMax-M3,MiniMax-M3,MiniMax-M3,True,
c1b85c481a5c96016ec3:glm-5.3,glm-5.3,glm-5.3,True,
21f532c0ca146ff817a4:glm-5.3,glm-5.3,glm-5.3,True,
d81ed52ac6c5b2955d44:MiniMax-M3,MiniMax-M3,MiniMax-M3,True,
6195f92c459c2531fcd4:deepseek-v4-pro,deepseek-v4-pro,deepseek-v4-pro,True,
8f37b31f45d00e2804ac:deepseek-v4-pro,deepseek-v4-pro,deepseek-v4-pro,True,
ded4442302adcfeb70e9:MiniMax-M3,MiniMax-M3,MiniMax-M3,True,
25b9d3390a841a29706d:glm-5.3,glm-5.3,glm-5.3,True,
b1fd7ba129d3d65895d3:glm-5.3,glm-5.3,glm-5.3,True,
1d3262570509fcb03c55:deepseek-v4-pro,deepseek-v4-pro,deepseek-v4-pro,True,
212dd7e2d061c94fb704:MiniMax-M3,MiniMax-M3,MiniMax-M3,True,
49fcfe22fcf5934ad62c:glm-5.3,glm-5.3,glm-5.3,True,
2053c152971b7064701f:MiniMax-M3,MiniMax-M3,MiniMax-M3,True,
0d407ae38b301d6c4810:MiniMax-M3,MiniMax-M3,MiniMax-M3,True,
1df91c9e22e2f32c70c3:glm-5.3,glm-5.3,glm-5.3,True,
ab06baba0af7eed05fc7:glm-5.3,glm-5.3,glm-5.3,True,
dba457719706abe343e3:glm-5.3,glm-5.3,glm-5.3,True,
7721ba12109adaaea45e:MiniMax-M3,MiniMax-M3,MiniMax-M3,True,
3bda99086c07b5866c3f:MiniMax-M3,MiniMax-M3,MiniMax-M3,True,
4d079a4367cae9df8ef6:MiniMax-M3,MiniMax-M3,MiniMax-M3,True,
608be601db4924d36bc1:deepseek-v4-pro,deepseek-v4-pro,deepseek-v4-pro,True,
8f2912b89beebeae43d3:deepseek-v4-pro,deepseek-v4-pro,deepseek-v4-pro,True,
e560d695abf21a542f72:MiniMax-M3,MiniMax-M3,MiniMax-M3,True,
d0addc530b1a7b671abe:MiniMax-M3,MiniMax-M3,MiniMax-M3,True,
9bbeade64291d835217f:glm-5.3,glm-5.3,glm-5.3,True,
d45621f16d588d774c6b:deepseek-v4-pro,deepseek-v4-pro,deepseek-v4-pro,True,
443048ef21001020c1d5:deepseek-v4-pro,deepseek-v4-pro,deepseek-v4-pro,True,
eb5accfa677bf9723b30:MiniMax-M3,MiniMax-M3,MiniMax-M3,True,
165629c0e410a11f8c38:glm-5.3,glm-5.3,glm-5.3,True,
2a828bb9eabde47b011e:glm-5.3,glm-5.3,glm-5.3,True,
b157d4affaebb2620de1:MiniMax-M3,MiniMax-M3,MiniMax-M3,True,
c431bfc2e55c578f4444:glm-5.3,glm-5.3,glm-5.3,True,
5db8e36992e22cca3ee2:deepseek-v4-pro,deepseek-v4-pro,deepseek-v4-pro,True,
cc1cbcac3e1789781556:glm-5.3,glm-5.3,glm-5.3,True,
3527ea057e2f8ae72e03:deepseek-v4-pro,deepseek-v4-pro,deepseek-v4-pro,True,
6ac36688538cd7ae0d3c:MiniMax-M3,MiniMax-M3,MiniMax-M3,True,
2009bf19f1e89899bce0:glm-5.3,glm-5.3,glm-5.3,True,
d1ed23f4eebb83523883:glm-5.3,glm-5.3,glm-5.3,True,
edd59ef23ef9c7b3c7ed:MiniMax-M3,MiniMax-M3,MiniMax-M3,True,
38468c835201a9c55165:deepseek-v4-pro,deepseek-v4-pro,deepseek-v4-pro,True,
9e8d8722d39d31d365cf:MiniMax-M3,MiniMax-M3,MiniMax-M3,True,
6a1edd9c115cbd21fc03:deepseek-v4-pro,deepseek-v4-pro,deepseek-v4-pro,True,
8a6216c96e20f90494b4:glm-5.3,glm-5.3,glm-5.3,True,
2a3e57e68cadf9e74292:MiniMax-M3,MiniMax-M3,MiniMax-M3,True,
d780841b117c5c7f7106:MiniMax-M3,MiniMax-M3,MiniMax-M3,True,
9940bdb4841ce758ed1d:MiniMax-M3,MiniMax-M3,MiniMax-M3,True,
204247cb8f87b5f5360a:deepseek-v4-pro,deepseek-v4-pro,deepseek-v4-pro,True,
6d5c0d8375b2448f3135:deepseek-v4-pro,deepseek-v4-pro,deepseek-v4-pro,True,
11f4d30810b3bcf04846:MiniMax-M3,MiniMax-M3,MiniMax-M3,True,
705906ce91157fa03329:glm-5.3,glm-5.3,glm-5.3,True,
692363317a821bef45ee:deepseek-v4-pro,deepseek-v4-pro,deepseek-v4-pro,True,
5231eff0ffe2237272a7:glm-5.3,glm-5.3,glm-5.3,True,
f32cf3ed1dcbf9579c2a:deepseek-v4-pro,deepseek-v4-pro,deepseek-v4-pro,True,
c9cbef1a76631b82694a:deepseek-v4-pro,deepseek-v4-pro,deepseek-v4-pro,True,
adc6dec278142cd0b012:deepseek-v4-pro,deepseek-v4-pro,deepseek-v4-pro,True,
ad7a34a48111aab696e7:deepseek-v4-pro,deepseek-v4-pro,deepseek-v4-pro,True,
1b7c08c3804dc81d4424:MiniMax-M3,MiniMax-M3,MiniMax-M3,True,
9426de751d4660ebdd65:deepseek-v4-pro,deepseek-v4-pro,deepseek-v4-pro,True,
d215cd811e46af30d0d0:glm-5.3,glm-5.3,glm-5.3,True,
6fc7cc8771828f6f3e3d:glm-5.3,glm-5.3,glm-5.3,True,
d6078fdb7a0d3d024019:deepseek-v4-pro,deepseek-v4-pro,deepseek-v4-pro,True,
9a1e1cbb2cf1a0d50d2c:glm-5.3,glm-5.3,glm-5.3,True,
34ee562585ee44f46483:glm-5.3,glm-5.3,glm-5.3,True,
c72e78ac8168d074f6b6:deepseek-v4-pro,deepseek-v4-pro,deepseek-v4-pro,True,
c6d6f4bf751133a6384d:glm-5.3,glm-5.3,glm-5.3,True,
6b1f2e402753821bc553:MiniMax-M3,MiniMax-M3,MiniMax-M3,True,
a9f2220f9a3c010c7121:glm-5.3,glm-5.3,glm-5.3,True,
d507f228ed78e795bd38:deepseek-v4-pro,deepseek-v4-pro,deepseek-v4-pro,True,
b640af714261683da83b:deepseek-v4-pro,deepseek-v4-pro,deepseek-v4-pro,True,
daeb9c063af9baf1244f:deepseek-v4-pro,deepseek-v4-pro,deepseek-v4-pro,True,
d23b56e17254c7e8754b:MiniMax-M3,MiniMax-M3,MiniMax-M3,True,
e0b130dbd25b4a2e6a71:deepseek-v4-pro,deepseek-v4-pro,deepseek-v4-pro,True,
995c24f87e5924c44d1a:MiniMax-M3,MiniMax-M3,MiniMax-M3,True,
ffbe6f1b6f67e67729f8:MiniMax-M3,MiniMax-M3,MiniMax-M3,True,
10c1eca0308c03131d1a:glm-5.3,glm-5.3,glm-5.3,True,
0ab98ad9a9515544a88b:deepseek-v4-pro,deepseek-v4-pro,deepseek-v4-pro,True,
78bd10f0627fcdb2fbba:glm-5.3,glm-5.3,glm-5.3,True,
d2f78496d3b48b0a6c3a:deepseek-v4-pro,deepseek-v4-pro,deepseek-v4-pro,True,
77301b3952751a11e9c8:deepseek-v4-pro,deepseek-v4-pro,deepseek-v4-pro,True,
48f7c665e738fdbb9788:deepseek-v4-pro,deepseek-v4-pro,deepseek-v4-pro,True,
e4ba265ffc34b7483c0d:MiniMax-M3,MiniMax-M3,MiniMax-M3,True,
69c800826b8ff705ccda:deepseek-v4-pro,deepseek-v4-pro,deepseek-v4-pro,True,
430b6c6f5556f5831e0c:MiniMax-M3,MiniMax-M3,MiniMax-M3,True,
5c8ce526fc0661e182c5:MiniMax-M3,MiniMax-M3,MiniMax-M3,True,
14a9bd038538d9aba95e:MiniMax-M3,MiniMax-M3,MiniMax-M3,True,
3d4a6ca39bc8cf65727b:glm-5.3,glm-5.3,glm-5.3,True,
fde77fabc4f9afc43698:MiniMax-M3,MiniMax-M3,MiniMax-M3,True,
0071a71b9fc493c119d8:glm-5.3,glm-5.3,glm-5.3,True,
8cbe24a7a0a1da150944:MiniMax-M3,MiniMax-M3,MiniMax-M3,True,
0db6e25404a22a973662:deepseek-v4-pro,deepseek-v4-pro,deepseek-v4-pro,True,
85d120f7787dd6cd7dcf:glm-5.3,glm-5.3,glm-5.3,True,
7964e8712a903259008b:deepseek-v4-pro,deepseek-v4-pro,deepseek-v4-pro,True,
d4a495e93d746278951b:MiniMax-M3,MiniMax-M3,MiniMax-M3,True,
634681f6698222a85db2:glm-5.3,glm-5.3,glm-5.3,True,
85dfdbadb89bc4bfcb3a:glm-5.3,glm-5.3,glm-5.3,True,
81184bb59469bfe58cea:MiniMax-M3,MiniMax-M3,MiniMax-M3,True,
201e1195d48a4f3c1f7a:deepseek-v4-pro,deepseek-v4-pro,deepseek-v4-pro,True,
c9a5de14e41327369c11:MiniMax-M3,MiniMax-M3,MiniMax-M3,True,
911190cb2ba3ced110ed:glm-5.3,glm-5.3,glm-5.3,True,
1f9bd5793ebc87dcbe41:glm-5.3,glm-5.3,glm-5.3,True,
c524392ffd00a5277fb7:deepseek-v4-pro,deepseek-v4-pro,deepseek-v4-pro,True,
b04962e58216a588a7ae:MiniMax-M3,MiniMax-M3,MiniMax-M3,True,
7608a489f9318c1ecb6f:glm-5.3,glm-5.3,glm-5.3,True,
ac12fdd9486c7f05359c:deepseek-v4-pro,deepseek-v4-pro,deepseek-v4-pro,True,
42fc8f0df4646059fb32:glm-5.3,glm-5.3,glm-5.3,True,
53ed89e038eb87289cd1:deepseek-v4-pro,deepseek-v4-pro,deepseek-v4-pro,True,
71429cf1451363e94cc1:deepseek-v4-pro,deepseek-v4-pro,deepseek-v4-pro,True,
a25fc462625ab53a1315:MiniMax-M3,MiniMax-M3,MiniMax-M3,True,
6c4efd237de7c22cf5f9:glm-5.3,glm-5.3,glm-5.3,True,
36db4f2970489a7020de:MiniMax-M3,MiniMax-M3,MiniMax-M3,True,
57cc00706f0fcfc5a8e9:glm-5.3,glm-5.3,glm-5.3,True,
05da452f8685f3c6f006:MiniMax-M3,MiniMax-M3,MiniMax-M3,True,
3dba9b275a8ab157bc52:deepseek-v4-pro,deepseek-v4-pro,deepseek-v4-pro,True,
ff5da605f33988bdea87:glm-5.3,glm-5.3,glm-5.3,True,
ab30d694e6536891a6f1:glm-5.3,glm-5.3,glm-5.3,True,
1c2bda3a3a021ffe9d81:MiniMax-M3,MiniMax-M3,MiniMax-M3,True,
8c1e50955f403214dfa2:glm-5.3,glm-5.3,glm-5.3,True,
7549ea7368129c31da54:glm-5.3,glm-5.3,glm-5.3,True,
61bb220c42fc96c5c944:deepseek-v4-pro,deepseek-v4-pro,deepseek-v4-pro,True,
bf440b8a2271cba0dd14:deepseek-v4-pro,deepseek-v4-pro,deepseek-v4-pro,True,
a6af278335bcda3cae44:glm-5.3,glm-5.3,glm-5.3,True,
d66a128008c321136ad3:deepseek-v4-pro,deepseek-v4-pro,deepseek-v4-pro,True,
84d9c6af3964a4c6ad67:glm-5.3,glm-5.3,glm-5.3,True,
165629c0e410a11f8c38:MiniMax-M3,MiniMax-M3,MiniMax-M3,True,
58c399640d7632c3bb25:deepseek-v4-pro,deepseek-v4-pro,deepseek-v4-pro,True,
4d1582953b5f321b1fed:MiniMax-M3,MiniMax-M3,MiniMax-M3,True,
d87bca45812e3530f7a0:MiniMax-M3,MiniMax-M3,MiniMax-M3,True,
9f649e991ae111040a29:MiniMax-M3,MiniMax-M3,MiniMax-M3,True,
1b2277855c6c85753b88:MiniMax-M3,MiniMax-M3,MiniMax-M3,True,
f9747936ce7061944c23:deepseek-v4-pro,deepseek-v4-pro,deepseek-v4-pro,True,
e173062d007a1eb15fbd:glm-5.3,glm-5.3,glm-5.3,True,
9b563c42ad4301a111a7:MiniMax-M3,MiniMax-M3,MiniMax-M3,True,
c9f8ffe3a6cb80a56e1c:MiniMax-M3,MiniMax-M3,MiniMax-M3,True,
e7dbb6da0db2e855fe93:MiniMax-M3,MiniMax-M3,MiniMax-M3,True,
08185994f35c0be8c475:MiniMax-M3,MiniMax-M3,MiniMax-M3,True,
132b47b907b545c52d41:MiniMax-M3,MiniMax-M3,MiniMax-M3,True,
e71e6fea9da88aa27f0c:glm-5.3,glm-5.3,glm-5.3,True,
484e17beef9164c0983a:glm-5.3,glm-5.3,glm-5.3,True,
c9cbef1a76631b82694a:glm-5.3,glm-5.3,glm-5.3,True,
5c218b8c5d5afe6ccb16:deepseek-v4-pro,deepseek-v4-pro,deepseek-v4-pro,True,
85d690c25739fc9b2188:glm-5.3,glm-5.3,glm-5.3,True,
71429cf1451363e94cc1:glm-5.3,glm-5.3,glm-5.3,True,
d9d3cd5f07cfcc2c2be1:glm-5.3,glm-5.3,glm-5.3,True,
94b67478c7e1a64dffba:deepseek-v4-pro,deepseek-v4-pro,deepseek-v4-pro,True,
fd4b0b6ea92540c5802c:glm-5.3,glm-5.3,glm-5.3,True,
5b9510ce0ed0ea4f8f62:deepseek-v4-pro,deepseek-v4-pro,deepseek-v4-pro,True,
888104c7f94ac25c7926:glm-5.3,glm-5.3,glm-5.3,True,
c6b7f78f57a96584beb3:glm-5.3,glm-5.3,glm-5.3,True,
ed9e3f89a5a52c418c5f:deepseek-v4-pro,deepseek-v4-pro,deepseek-v4-pro,True,
17631ea8f5f209aeeae8:deepseek-v4-pro,deepseek-v4-pro,deepseek-v4-pro,True,
a9e650fbe27a8131d91e:glm-5.3,glm-5.3,glm-5.3,True,
bdbcb77539d7ff651567:deepseek-v4-pro,deepseek-v4-pro,deepseek-v4-pro,True,
f81916da24cdd6baddfc:glm-5.3,glm-5.3,glm-5.3,True,
a6fa2879db247b32b018:glm-5.3,glm-5.3,glm-5.3,True,
1df91c9e22e2f32c70c3:deepseek-v4-pro,deepseek-v4-pro,deepseek-v4-pro,True,
58d76d0f079498a73d6b:glm-5.3,glm-5.3,glm-5.3,True,
b589e11c01cfb691f0a4:MiniMax-M3,MiniMax-M3,MiniMax-M3,True,
b4241ccf4b552d1df834:MiniMax-M3,MiniMax-M3,MiniMax-M3,True,
9d89b37fb93d657c7a9a:deepseek-v4-pro,deepseek-v4-pro,deepseek-v4-pro,True,
ca5fa76da21d97000bcf:deepseek-v4-pro,deepseek-v4-pro,deepseek-v4-pro,True,
d4a03a1d998e5154bc03:MiniMax-M3,MiniMax-M3,MiniMax-M3,True,
5ece9abe526a52752809:MiniMax-M3,MiniMax-M3,MiniMax-M3,True,
9765f2e820e62b8e5660:MiniMax-M3,MiniMax-M3,MiniMax-M3,True,
4cf8ca78479e7e522ec4:deepseek-v4-pro,deepseek-v4-pro,deepseek-v4-pro,True,
26b02a6f378faae7314a:MiniMax-M3,MiniMax-M3,MiniMax-M3,True,
4a504dd7629865e98b06:deepseek-v4-pro,deepseek-v4-pro,deepseek-v4-pro,True,
dabf81a0fbcb4f47ebab:deepseek-v4-pro,deepseek-v4-pro,deepseek-v4-pro,True,
846b80a32ab1326a5803:MiniMax-M3,MiniMax-M3,MiniMax-M3,True,
ce3e3425c13a5a0bac55:MiniMax-M3,MiniMax-M3,MiniMax-M3,True,
27f27ed48e1c10387878:MiniMax-M3,MiniMax-M3,MiniMax-M3,True,
9a7117579ef634b66497:deepseek-v4-pro,deepseek-v4-pro,deepseek-v4-pro,True,
f32cf3ed1dcbf9579c2a:glm-5.3,glm-5.3,glm-5.3,True,
ddaacf0466c361e9a17a:deepseek-v4-pro,deepseek-v4-pro,deepseek-v4-pro,True,
7b254a8ec2c8c6b8fb8f:MiniMax-M3,MiniMax-M3,MiniMax-M3,True,
4dc7d69345ca3c45ffdb:glm-5.3,glm-5.3,glm-5.3,True,
0ed858ec7566ef739204:glm-5.3,glm-5.3,glm-5.3,True,
c8d93d9fd200c3b1db3d:deepseek-v4-pro,deepseek-v4-pro,deepseek-v4-pro,True,
08c8c2abb07a78e5b0ef:deepseek-v4-pro,deepseek-v4-pro,deepseek-v4-pro,True,
234361d15c8c986de1a5:deepseek-v4-pro,deepseek-v4-pro,deepseek-v4-pro,True,
c64533bd4e40c68cd211:MiniMax-M3,MiniMax-M3,MiniMax-M3,True,
7a52ad3752c8bee3dd1c:MiniMax-M3,MiniMax-M3,MiniMax-M3,True,
35dfb6464b63743c1048:deepseek-v4-pro,deepseek-v4-pro,deepseek-v4-pro,True,
a1c94ab0449f0fdea759:MiniMax-M3,MiniMax-M3,MiniMax-M3,True,
d9cefa70f0a114955f1d:glm-5.3,glm-5.3,glm-5.3,True,
3c0ee63981c26c67aa8b:glm-5.3,glm-5.3,glm-5.3,True,
c0f0e2c14207f79fb5e3:MiniMax-M3,MiniMax-M3,MiniMax-M3,True,
ce83d0ef0ef6d611da2f:MiniMax-M3,MiniMax-M3,MiniMax-M3,True,
0c38fec181fc078f22dc:glm-5.3,glm-5.3,glm-5.3,True,
ec441b0097ccf298fc10:MiniMax-M3,MiniMax-M3,MiniMax-M3,True,
3e9a7f3aaaee239fcfdd:deepseek-v4-pro,deepseek-v4-pro,deepseek-v4-pro,True,
57552ab07e4c1dd8d98d:deepseek-v4-pro,deepseek-v4-pro,deepseek-v4-pro,True,
d042f6e54753b9c91ef6:MiniMax-M3,MiniMax-M3,MiniMax-M3,True,
9c509420b47e4ce8a545:MiniMax-M3,MiniMax-M3,MiniMax-M3,True,
50fe72c77c5d9f7d356e:deepseek-v4-pro,deepseek-v4-pro,deepseek-v4-pro,True,
165d3aa0b73156bb238d:deepseek-v4-pro,deepseek-v4-pro,deepseek-v4-pro,True,
fbbb71d33c19ff9f804a:glm-5.3,glm-5.3,glm-5.3,True,
d60f13cf10caecf7ea9e:MiniMax-M3,MiniMax-M3,MiniMax-M3,True,
8c58cac4a6f2e4ace152:glm-5.3,glm-5.3,glm-5.3,True,
cd8e40d8fe329e2e3238:glm-5.3,glm-5.3,glm-5.3,True,
228c7a3eaf88000d22d5:glm-5.3,glm-5.3,glm-5.3,True,
2dc1f139a70191118ae3:MiniMax-M3,MiniMax-M3,MiniMax-M3,True,
3e9a7f3aaaee239fcfdd:MiniMax-M3,MiniMax-M3,MiniMax-M3,True,
65441cf5c9543991f048:deepseek-v4-pro,deepseek-v4-pro,deepseek-v4-pro,True,
b5195142781132424e56:MiniMax-M3,MiniMax-M3,MiniMax-M3,True,
d9f1df61119b17d70fd9:MiniMax-M3,MiniMax-M3,MiniMax-M3,True,
7392cc78c4159e5a5042:glm-5.3,glm-5.3,glm-5.3,True,
f27542cd7b06f5b5f387:MiniMax-M3,MiniMax-M3,MiniMax-M3,True,
4ecae5d9e218fae5d3c2:MiniMax-M3,MiniMax-M3,MiniMax-M3,True,
f009a9e768e51fd18c4f:deepseek-v4-pro,deepseek-v4-pro,deepseek-v4-pro,True,
f37f98369cca1ea51236:MiniMax-M3,MiniMax-M3,MiniMax-M3,True,
67d9ccfb87d82cc9afe3:glm-5.3,glm-5.3,glm-5.3,True,
7ccbf2b21723dd82f1d3:MiniMax-M3,MiniMax-M3,MiniMax-M3,True,
d8452114bf6103be42a6:MiniMax-M3,MiniMax-M3,MiniMax-M3,True,
bfe68f8f17283e867f99:deepseek-v4-pro,deepseek-v4-pro,deepseek-v4-pro,True,
1caf975783eb8d3b8ffb:deepseek-v4-pro,deepseek-v4-pro,deepseek-v4-pro,True,
df597a80d9d8e465c674:glm-5.3,glm-5.3,glm-5.3,True,
f975bcfb89816bdde669:MiniMax-M3,MiniMax-M3,MiniMax-M3,True,
abe6a115c44ada56c169:MiniMax-M3,MiniMax-M3,MiniMax-M3,True,
dfe2c8f977c9b1ff1339:glm-5.3,glm-5.3,glm-5.3,True,
662137d6f690f66615be:MiniMax-M3,MiniMax-M3,MiniMax-M3,True,
e4e10c75843fac05e235:MiniMax-M3,MiniMax-M3,MiniMax-M3,True,
8a0a5c2ec10e9394e7fe:glm-5.3,glm-5.3,glm-5.3,True,
7e917926fae1ee94c704:glm-5.3,glm-5.3,glm-5.3,True,
43d019638f24050608df:deepseek-v4-pro,deepseek-v4-pro,deepseek-v4-pro,True,
92b2f4e4963d196110bb:MiniMax-M3,MiniMax-M3,MiniMax-M3,True,
65dae24ba9fd349cc501:MiniMax-M3,MiniMax-M3,MiniMax-M3,True,
cac89668a81fda3e393b:glm-5.3,glm-5.3,glm-5.3,True,
e07033bb957f85482a43:deepseek-v4-pro,deepseek-v4-pro,deepseek-v4-pro,True,
c2fcaea87c6162e3c334:MiniMax-M3,MiniMax-M3,MiniMax-M3,True,
ca8c586982038af03ec4:MiniMax-M3,MiniMax-M3,MiniMax-M3,True,
e57e3004daeabece75c4:MiniMax-M3,MiniMax-M3,MiniMax-M3,True,
6e726b22411d8e66a5e4:deepseek-v4-pro,deepseek-v4-pro,deepseek-v4-pro,True,
72d38006832d4556655a:MiniMax-M3,MiniMax-M3,MiniMax-M3,True,
784ef414fe82e5b14839:MiniMax-M3,MiniMax-M3,MiniMax-M3,True,
3edb5bae11db8a0956d9:deepseek-v4-pro,deepseek-v4-pro,deepseek-v4-pro,True,
c2f14148f4bdcdd3805c:deepseek-v4-pro,deepseek-v4-pro,deepseek-v4-pro,True,
322aabe94a587278b435:glm-5.3,glm-5.3,glm-5.3,True,
1de8beb388da15aec78e:deepseek-v4-pro,deepseek-v4-pro,deepseek-v4-pro,True,
c34cd2666944418de745:deepseek-v4-pro,deepseek-v4-pro,deepseek-v4-pro,True,
f27cfd5b904db4d7b8e4:MiniMax-M3,MiniMax-M3,MiniMax-M3,True,
1448284dadd44bb35397:glm-5.3,glm-5.3,glm-5.3,True,
debae64cb7dce38e84f2:glm-5.3,glm-5.3,glm-5.3,True,
7392cc78c4159e5a5042:deepseek-v4-pro,deepseek-v4-pro,deepseek-v4-pro,True,
f8cbf088868352352103:glm-5.3,glm-5.3,glm-5.3,True,
17ebf3b572f2ec9cea9f:deepseek-v4-pro,deepseek-v4-pro,deepseek-v4-pro,True,
2508255ab3483e070e1b:glm-5.3,glm-5.3,glm-5.3,True,
cc2815f74efb6e93b079:glm-5.3,glm-5.3,glm-5.3,True,
b001755f2530a52c2b17:MiniMax-M3,MiniMax-M3,MiniMax-M3,True,
d44def6d0ff4eb4c4646:MiniMax-M3,MiniMax-M3,MiniMax-M3,True,
92c4d15b5c47db2e0be1:deepseek-v4-pro,deepseek-v4-pro,deepseek-v4-pro,True,
8588793828fa513d74e1:MiniMax-M3,MiniMax-M3,MiniMax-M3,True,
e5df8564f81e1cf0bdcc:deepseek-v4-pro,deepseek-v4-pro,deepseek-v4-pro,True,
619c8926fd5717a998cd:MiniMax-M3,MiniMax-M3,MiniMax-M3,True,
b474fc7cddfa6b51f560:glm-5.3,glm-5.3,glm-5.3,True,
bb1a4192b213e1016e04:MiniMax-M3,MiniMax-M3,MiniMax-M3,True,
e9146080320341341f9d:glm-5.3,glm-5.3,glm-5.3,True,
74d2ef86050ee056df98:glm-5.3,glm-5.3,glm-5.3,True,
905b88d7a038679bcfeb:deepseek-v4-pro,deepseek-v4-pro,deepseek-v4-pro,True,
38025acda07f9cfc0522:MiniMax-M3,MiniMax-M3,MiniMax-M3,True,
4d3010e71833ff9c28f4:deepseek-v4-pro,deepseek-v4-pro,deepseek-v4-pro,True,
67ac2d8524791d575341:deepseek-v4-pro,deepseek-v4-pro,deepseek-v4-pro,True,
afa8aaffbfba86c72e06:glm-5.3,glm-5.3,glm-5.3,True,
1f50aa11ad05e7b56caa:MiniMax-M3,MiniMax-M3,MiniMax-M3,True,
19d9ff5c0c47d220bf11:deepseek-v4-pro,deepseek-v4-pro,deepseek-v4-pro,True,
d8581347febf9c7fc855:deepseek-v4-pro,deepseek-v4-pro,deepseek-v4-pro,True,
9d7988a503bbf6cc7e03:MiniMax-M3,MiniMax-M3,MiniMax-M3,True,
dd5532c5e414d683e46f:glm-5.3,glm-5.3,glm-5.3,True,
2b5c7e9e48dbffa5e6eb:MiniMax-M3,MiniMax-M3,MiniMax-M3,True,
5bef8f084abbbee1eaab:glm-5.3,glm-5.3,glm-5.3,True,
a36e31fd0175e0b629bc:deepseek-v4-pro,deepseek-v4-pro,deepseek-v4-pro,True,
d073c5aa6056b2a42eed:MiniMax-M3,MiniMax-M3,MiniMax-M3,True,
a23cacf92172414d1212:MiniMax-M3,MiniMax-M3,MiniMax-M3,True,
308ccd1999ce9f832820:deepseek-v4-pro,deepseek-v4-pro,deepseek-v4-pro,True,
ed6f345af1d81540d658:MiniMax-M3,MiniMax-M3,MiniMax-M3,True,
c22f393cb37596cb3e3f:deepseek-v4-pro,deepseek-v4-pro,deepseek-v4-pro,True,
b7654e512f789c0dbfa8:deepseek-v4-pro,deepseek-v4-pro,deepseek-v4-pro,True,
ed060997944876c6e9d2:MiniMax-M3,MiniMax-M3,MiniMax-M3,True,
24822662a2c616760071:glm-5.3,glm-5.3,glm-5.3,True,
7fc662d460faacd1a849:MiniMax-M3,MiniMax-M3,MiniMax-M3,True,
7100737a0e8012f78a78:deepseek-v4-pro,deepseek-v4-pro,deepseek-v4-pro,True,
5a163c3e61b886e31d07:MiniMax-M3,MiniMax-M3,MiniMax-M3,True,
442607c71dd08e134af6:deepseek-v4-pro,deepseek-v4-pro,deepseek-v4-pro,True,
e0d32793abe04298e74f:glm-5.3,glm-5.3,glm-5.3,True,
010a72cf72f45bb70d4b:glm-5.3,glm-5.3,glm-5.3,True,
e5255e40ac7d57502d28:MiniMax-M3,MiniMax-M3,MiniMax-M3,True,
c435fa03442128f9c8c0:glm-5.3,glm-5.3,glm-5.3,True,
87428643b6a16ce1ae74:glm-5.3,glm-5.3,glm-5.3,True,
21736dd2585940a6aef3:MiniMax-M3,MiniMax-M3,MiniMax-M3,True,
dd8a74260eee0babe157:glm-5.3,glm-5.3,glm-5.3,True,
f09bb5cb88483cf34f4a:glm-5.3,glm-5.3,glm-5.3,True,
e3fb1c94299bf03e7a68:deepseek-v4-pro,deepseek-v4-pro,deepseek-v4-pro,True,
be8e663b54a84f68b46c:MiniMax-M3,MiniMax-M3,MiniMax-M3,True,
7fa61ee13acc9b8d4d94:deepseek-v4-pro,deepseek-v4-pro,deepseek-v4-pro,True,
dace5384070b25aedb6e:glm-5.3,glm-5.3,glm-5.3,True,
3d02f103204c37dc9ba6:glm-5.3,glm-5.3,glm-5.3,True,
894c89304ed3da0bc912:MiniMax-M3,MiniMax-M3,MiniMax-M3,True,
e523676794cb9b4828b6:deepseek-v4-pro,deepseek-v4-pro,deepseek-v4-pro,True,
488d9744a846d75963c3:deepseek-v4-pro,deepseek-v4-pro,deepseek-v4-pro,True,
db7b30765780b71ab539:MiniMax-M3,MiniMax-M3,MiniMax-M3,True,
7dd986276d89b4b5e8a1:glm-5.3,glm-5.3,glm-5.3,True,
a8280c4073ddc27fee22:MiniMax-M3,MiniMax-M3,MiniMax-M3,True,
e4f6b539c13ffaf422f4:deepseek-v4-pro,deepseek-v4-pro,deepseek-v4-pro,True,
fa9eb65ddbe8d10f7059:glm-5.3,glm-5.3,glm-5.3,True,
d2be4582f037c421121f:deepseek-v4-pro,deepseek-v4-pro,deepseek-v4-pro,True,
384617d2745ea3056882:glm-5.3,glm-5.3,glm-5.3,True,
9abc7274495f64b2abd9:deepseek-v4-pro,deepseek-v4-pro,deepseek-v4-pro,True,
d97bf002754d9f73cf44:MiniMax-M3,MiniMax-M3,MiniMax-M3,True,
351cf616867077658d3d:glm-5.3,glm-5.3,glm-5.3,True,
3fd3a9794188322e0973:deepseek-v4-pro,deepseek-v4-pro,deepseek-v4-pro,True,
0814334901fccafe7329:glm-5.3,glm-5.3,glm-5.3,True,
6ae5b43724738794abc5:glm-5.3,glm-5.3,glm-5.3,True,
99746a50d4e9bd9598fa:MiniMax-M3,MiniMax-M3,MiniMax-M3,True,
b3b7cbff70e0c4218930:MiniMax-M3,MiniMax-M3,MiniMax-M3,True,
7468c3f6b72b128ab6bc:deepseek-v4-pro,deepseek-v4-pro,deepseek-v4-pro,True,
ab9fa2f4817c0f18666e:glm-5.3,glm-5.3,glm-5.3,True,
8e3c5014583670f85202:deepseek-v4-pro,deepseek-v4-pro,deepseek-v4-pro,True,
5f9d68903079fc3735d5:MiniMax-M3,MiniMax-M3,MiniMax-M3,True,
c74735f46acb19f767f5:MiniMax-M3,MiniMax-M3,MiniMax-M3,True,
e068364837bcb2530c42:glm-5.3,glm-5.3,glm-5.3,True,
6482d305ffd7d43c86d4:MiniMax-M3,MiniMax-M3,MiniMax-M3,True,
8d3f3f2429c4b07c78e1:glm-5.3,glm-5.3,glm-5.3,True,
40861e2d7eba3559194c:glm-5.3,glm-5.3,glm-5.3,True,
93dab07901b2bae0b962:glm-5.3,glm-5.3,glm-5.3,True,
0c87fb91b896c2c38446:MiniMax-M3,MiniMax-M3,MiniMax-M3,True,
8f6d9172d8b8b8062edd:deepseek-v4-pro,deepseek-v4-pro,deepseek-v4-pro,True,
66aeadb4d3db868e5822:glm-5.3,glm-5.3,glm-5.3,True,
04a0920a5822a758fd64:MiniMax-M3,MiniMax-M3,MiniMax-M3,True,
51e73266375dbefc8d8f:deepseek-v4-pro,deepseek-v4-pro,deepseek-v4-pro,True,
8a726d4b6685e9131307:MiniMax-M3,MiniMax-M3,MiniMax-M3,True,
97cad51116dced2e2b42:glm-5.3,glm-5.3,glm-5.3,True,
f9ea3323f40e1aceac5a:glm-5.3,glm-5.3,glm-5.3,True,
87acd2510a737155430b:deepseek-v4-pro,deepseek-v4-pro,deepseek-v4-pro,True,
0c90318822e7cc81ec5a:deepseek-v4-pro,deepseek-v4-pro,deepseek-v4-pro,True,
38864c4abb4f3a6e2e94:deepseek-v4-pro,deepseek-v4-pro,deepseek-v4-pro,True,
088abec08dd3c15b4130:deepseek-v4-pro,deepseek-v4-pro,deepseek-v4-pro,True,
b4daba35ba7ad81f8cbc:MiniMax-M3,MiniMax-M3,MiniMax-M3,True,
4a4c733733c5c5269700:MiniMax-M3,MiniMax-M3,MiniMax-M3,True,
2fdfc1dae1eba7f94f52:MiniMax-M3,MiniMax-M3,MiniMax-M3,True,
1223e1ada4fb45f03046:MiniMax-M3,MiniMax-M3,MiniMax-M3,True,
299b573e42de2de669c1:MiniMax-M3,MiniMax-M3,MiniMax-M3,True,
bbf0d9372d2e3861089f:MiniMax-M3,MiniMax-M3,MiniMax-M3,True,
a82d36e921e2e9fd6159:deepseek-v4-pro,deepseek-v4-pro,deepseek-v4-pro,True,
2db27923cbd10c3f4338:glm-5.3,glm-5.3,glm-5.3,True,
4d4b87077c81da32b97e:glm-5.3,glm-5.3,glm-5.3,True,
71b892600e41c6897930:deepseek-v4-pro,deepseek-v4-pro,deepseek-v4-pro,True,
3889693b021323649b63:glm-5.3,glm-5.3,glm-5.3,True,
86df79f97329a4589c81:glm-5.3,glm-5.3,glm-5.3,True,
463556aa8c32ef77e488:MiniMax-M3,MiniMax-M3,MiniMax-M3,True,
b701b7bdc78e9c890361:glm-5.3,glm-5.3,glm-5.3,True,
d99fd1377a065fb345c2:MiniMax-M3,MiniMax-M3,MiniMax-M3,True,
1998325a8d3ba6481b1b:glm-5.3,glm-5.3,glm-5.3,True,
63f4384aeebf1992aeef:glm-5.3,glm-5.3,glm-5.3,True,
eef5f24dcf168e46d8db:MiniMax-M3,MiniMax-M3,MiniMax-M3,True,
cdecc446bdbbbcc2e59c:deepseek-v4-pro,deepseek-v4-pro,deepseek-v4-pro,True,
03ba46cd9016c34a6d5e:deepseek-v4-pro,deepseek-v4-pro,deepseek-v4-pro,True,
e8ff7e5a43968094654f:MiniMax-M3,MiniMax-M3,MiniMax-M3,True,
408944e1d5fc05f3229d:glm-5.3,glm-5.3,glm-5.3,True,
3247fe8fdd240f2af8ce:deepseek-v4-pro,deepseek-v4-pro,deepseek-v4-pro,True,
faebeed9fefffe334eea:MiniMax-M3,MiniMax-M3,MiniMax-M3,True,
bc176325f60324dde7b4:glm-5.3,glm-5.3,glm-5.3,True,
8591248cc0c02acdcb1b:deepseek-v4-pro,deepseek-v4-pro,deepseek-v4-pro,True,
d3cf5e5a34febbf65a9b:deepseek-v4-pro,deepseek-v4-pro,deepseek-v4-pro,True,
23d3a0630153d06b9b52:deepseek-v4-pro,deepseek-v4-pro,deepseek-v4-pro,True,
b6b7479e5cd77e6e680c:deepseek-v4-pro,deepseek-v4-pro,deepseek-v4-pro,True,
6528f424c94038903fed:glm-5.3,glm-5.3,glm-5.3,True,
592cfed439aee356afa4:MiniMax-M3,MiniMax-M3,MiniMax-M3,True,
cf56f2fdb55c58732e94:glm-5.3,glm-5.3,glm-5.3,True,
f5e6a7d6c83fcc953ad6:glm-5.3,glm-5.3,glm-5.3,True,
ffc6e1d6defd4220b8db:MiniMax-M3,MiniMax-M3,MiniMax-M3,True,
033ff5b8e948c5411be9:glm-5.3,glm-5.3,glm-5.3,True,
d1ca26d76050412c5b4c:MiniMax-M3,MiniMax-M3,MiniMax-M3,True,
25131df7d0b7164f221e:glm-5.3,glm-5.3,glm-5.3,True,
b018f1c9128f7f711c12:deepseek-v4-pro,deepseek-v4-pro,deepseek-v4-pro,True,
c926afb8c0593625155f:glm-5.3,glm-5.3,glm-5.3,True,
58c399640d7632c3bb25:MiniMax-M3,MiniMax-M3,MiniMax-M3,True,
c34cd2666944418de745:glm-5.3,glm-5.3,glm-5.3,True,
062c248e0b7e2b00e9b7:deepseek-v4-pro,deepseek-v4-pro,deepseek-v4-pro,True,
6c6d78ea7f25313b289f:glm-5.3,glm-5.3,glm-5.3,True,
14c70cf76c45b88d4fd0:deepseek-v4-pro,deepseek-v4-pro,deepseek-v4-pro,True,
0620f4a04fe007140579:deepseek-v4-pro,deepseek-v4-pro,deepseek-v4-pro,True,
cb68567d7b62a5f1d8fc:deepseek-v4-pro,deepseek-v4-pro,deepseek-v4-pro,True,
7c2558e3772173d63bfb:MiniMax-M3,MiniMax-M3,MiniMax-M3,True,
160bfdb76c84e0705d72:glm-5.3,glm-5.3,glm-5.3,True,
d079950f2fcf87445294:glm-5.3,glm-5.3,glm-5.3,True,
7fa61ee13acc9b8d4d94:glm-5.3,glm-5.3,glm-5.3,True,
1abdcded02de75d56d9e:glm-5.3,glm-5.3,glm-5.3,True,
38380290adee4904d55a:glm-5.3,glm-5.3,glm-5.3,True,
ae39d70bd3830d9da610:glm-5.3,glm-5.3,glm-5.3,True,
873e0088e834b4ac3a2f:MiniMax-M3,MiniMax-M3,MiniMax-M3,True,
a75099ad69f53b82a705:glm-5.3,glm-5.3,glm-5.3,True,
c1e46a3f80660ffbc029:deepseek-v4-pro,deepseek-v4-pro,deepseek-v4-pro,True,
17b2a42ad77b65e8ef12:MiniMax-M3,MiniMax-M3,MiniMax-M3,True,
55f0f33b0d4063bfa893:deepseek-v4-pro,deepseek-v4-pro,deepseek-v4-pro,True,
b1a54ef3b6332576eccf:glm-5.3,glm-5.3,glm-5.3,True,
a9e650fbe27a8131d91e:MiniMax-M3,MiniMax-M3,MiniMax-M3,True,
d1a5ee01a1682b2e8838:glm-5.3,glm-5.3,glm-5.3,True,
5987190e87e1cf118243:glm-5.3,glm-5.3,glm-5.3,True,
e853f9e123c1a3329b25:glm-5.3,glm-5.3,glm-5.3,True,
20616b30322b9742eff7:glm-5.3,glm-5.3,glm-5.3,True,
754db63212abf59e75c8:glm-5.3,glm-5.3,glm-5.3,True,
5cf95b0f5d2adb8ba905:glm-5.3,glm-5.3,glm-5.3,True,
18f327491e1db5de1f9c:glm-5.3,glm-5.3,glm-5.3,True,
66a77ade98c346549626:MiniMax-M3,MiniMax-M3,MiniMax-M3,True,
6ac41fff0141380d5c94:glm-5.3,glm-5.3,glm-5.3,True,
38dc9e0ef9cb97ea838b:glm-5.3,glm-5.3,glm-5.3,True,
0c98199808f1c18ac05a:glm-5.3,glm-5.3,glm-5.3,True,
5ce14050045f7f44b32f:deepseek-v4-pro,deepseek-v4-pro,deepseek-v4-pro,True,
c7a730e9f9825670cf3e:glm-5.3,glm-5.3,glm-5.3,True,
12023b68f7daf8205bb2:MiniMax-M3,MiniMax-M3,MiniMax-M3,True,
0c3ac9eb99b0b55b25fa:glm-5.3,glm-5.3,glm-5.3,True,
e3e7dfd9a3d40257605c:deepseek-v4-pro,deepseek-v4-pro,deepseek-v4-pro,True,
f29955adcae5c6ce4934:glm-5.3,glm-5.3,glm-5.3,True,
5ece9abe526a52752809:glm-5.3,glm-5.3,glm-5.3,True,
43bf4e4ab5ba98d1c4b0:glm-5.3,glm-5.3,glm-5.3,True,
58f287d3684b681585bc:MiniMax-M3,MiniMax-M3,MiniMax-M3,True,
38a724e921cfc0bb16dc:deepseek-v4-pro,deepseek-v4-pro,deepseek-v4-pro,True,
df597a80d9d8e465c674:MiniMax-M3,MiniMax-M3,MiniMax-M3,True,
2d6d215cb7930c9964ac:MiniMax-M3,MiniMax-M3,MiniMax-M3,True,
6c2af119424693acf1b8:deepseek-v4-pro,deepseek-v4-pro,deepseek-v4-pro,True,
4f24f3e495600eb81916:MiniMax-M3,MiniMax-M3,MiniMax-M3,True,
8a20121412e418b9e12b:deepseek-v4-pro,deepseek-v4-pro,deepseek-v4-pro,True,
9c4d99cf1690a3e7b30f:deepseek-v4-pro,deepseek-v4-pro,deepseek-v4-pro,True,
85abdad836e1e8abee13:deepseek-v4-pro,deepseek-v4-pro,deepseek-v4-pro,True,
46a494267196e441ae66:glm-5.3,glm-5.3,glm-5.3,True,
a2d042fb395613461955:MiniMax-M3,MiniMax-M3,MiniMax-M3,True,
d3b6900dd7c56cb53f21:MiniMax-M3,MiniMax-M3,MiniMax-M3,True,
0c2fb6f8c16c540afc39:deepseek-v4-pro,deepseek-v4-pro,deepseek-v4-pro,True,
adfe8801ac54de8e1e68:deepseek-v4-pro,deepseek-v4-pro,deepseek-v4-pro,True,
a9a5616918ea9dd967a5:glm-5.3,glm-5.3,glm-5.3,True,
aec0d9ad8ecf32e0ee25:glm-5.3,glm-5.3,glm-5.3,True,
7712ca9da2885944d451:deepseek-v4-pro,deepseek-v4-pro,deepseek-v4-pro,True,
a36e31fd0175e0b629bc:glm-5.3,glm-5.3,glm-5.3,True,
17631ea8f5f209aeeae8:MiniMax-M3,MiniMax-M3,MiniMax-M3,True,
9c63bc136873cb51e619:glm-5.3,glm-5.3,glm-5.3,True,
14e21113a27517d3fdca:MiniMax-M3,MiniMax-M3,MiniMax-M3,True,
904d1a8099614abdf5bb:glm-5.3,glm-5.3,glm-5.3,True,
df32baabe66d6b5183ec:glm-5.3,glm-5.3,glm-5.3,True,
c7cdb59788478d4bcb16:deepseek-v4-pro,deepseek-v4-pro,deepseek-v4-pro,True,
db7bd943499c11a75122:deepseek-v4-pro,deepseek-v4-pro,deepseek-v4-pro,True,
f0822b36bfa0470567a9:MiniMax-M3,MiniMax-M3,MiniMax-M3,True,
a07b877689d0e744ba55:MiniMax-M3,MiniMax-M3,MiniMax-M3,True,
1692de46489896e791e8:MiniMax-M3,MiniMax-M3,MiniMax-M3,True,
3348fea3664325ab6365:glm-5.3,glm-5.3,glm-5.3,True,
e120ea5a9f8e20a7d8a7:glm-5.3,glm-5.3,glm-5.3,True,
638cafe319d8b114d740:MiniMax-M3,MiniMax-M3,MiniMax-M3,True,
e63d3d637248c1a308b7:deepseek-v4-pro,deepseek-v4-pro,deepseek-v4-pro,True,
9d46f92a9e197d5f9b5e:deepseek-v4-pro,deepseek-v4-pro,deepseek-v4-pro,True,
79aacc833966c567816a:glm-5.3,glm-5.3,glm-5.3,True,
0e91c10c0c0d6d28ab7c:MiniMax-M3,MiniMax-M3,MiniMax-M3,True,
ceeb2923359982b6df15:MiniMax-M3,MiniMax-M3,MiniMax-M3,True,
42d53773b2fc2decbf4d:deepseek-v4-pro,deepseek-v4-pro,deepseek-v4-pro,True,
28be7df381fe2e87794f:deepseek-v4-pro,deepseek-v4-pro,deepseek-v4-pro,True,
28962a8a221a213a1a39:glm-5.3,glm-5.3,glm-5.3,True,
7865a3d71dc45f812b71:MiniMax-M3,MiniMax-M3,MiniMax-M3,True,
430b6c6f5556f5831e0c:deepseek-v4-pro,deepseek-v4-pro,deepseek-v4-pro,True,
407aa6917d3409ab2ca2:deepseek-v4-pro,deepseek-v4-pro,deepseek-v4-pro,True,
75d72da59fc1aeb2263d:deepseek-v4-pro,deepseek-v4-pro,deepseek-v4-pro,True,
b27d171f7a274a677bb9:MiniMax-M3,MiniMax-M3,MiniMax-M3,True,
f09bb5cb88483cf34f4a:MiniMax-M3,MiniMax-M3,MiniMax-M3,True,
c7de7816872b17230e76:MiniMax-M3,MiniMax-M3,MiniMax-M3,True,
e6794b12f30a026011ac:glm-5.3,glm-5.3,glm-5.3,True,
e3fb1c94299bf03e7a68:glm-5.3,glm-5.3,glm-5.3,True,
d87bca45812e3530f7a0:glm-5.3,glm-5.3,glm-5.3,True,
c37f6c902d0b57f2cdf8:deepseek-v4-pro,deepseek-v4-pro,deepseek-v4-pro,True,
60f8dd80b230f72714c1:MiniMax-M3,MiniMax-M3,MiniMax-M3,True,
78ab6d8bc30314224d20:deepseek-v4-pro,deepseek-v4-pro,deepseek-v4-pro,True,
d3ce104051b95d9c04d5:deepseek-v4-pro,deepseek-v4-pro,deepseek-v4-pro,True,
7a2886f621682822d044:glm-5.3,glm-5.3,glm-5.3,True,
7143b5146a4b950d7b3d:MiniMax-M3,MiniMax-M3,MiniMax-M3,True,
65b10d1fe021cc7c8a9e:deepseek-v4-pro,deepseek-v4-pro,deepseek-v4-pro,True,
16ccfb78a9765e317164:deepseek-v4-pro,deepseek-v4-pro,deepseek-v4-pro,True,
8b2237695c533f7eac28:MiniMax-M3,MiniMax-M3,MiniMax-M3,True,
a9e650fbe27a8131d91e:deepseek-v4-pro,deepseek-v4-pro,deepseek-v4-pro,True,
82fd1342959843f01222:deepseek-v4-pro,deepseek-v4-pro,deepseek-v4-pro,True,
9af72a3b131be1e9a9a2:deepseek-v4-pro,deepseek-v4-pro,deepseek-v4-pro,True,
2bcc549f8b9f5d9cfdea:MiniMax-M3,MiniMax-M3,MiniMax-M3,True,
d3ce104051b95d9c04d5:glm-5.3,glm-5.3,glm-5.3,True,
dff062919830eab74c98:glm-5.3,glm-5.3,glm-5.3,True,
bc9073fe29575570b1d9:MiniMax-M3,MiniMax-M3,MiniMax-M3,True,
132b47b907b545c52d41:glm-5.3,glm-5.3,glm-5.3,True,
e2b57b9a9bd61181dd7b:deepseek-v4-pro,deepseek-v4-pro,deepseek-v4-pro,True,
9dcad66daba3b7ef39fb:deepseek-v4-pro,deepseek-v4-pro,deepseek-v4-pro,True,
cef72856df175dea68cb:glm-5.3,glm-5.3,glm-5.3,True,
8ae6f265890ffc4d8a40:deepseek-v4-pro,deepseek-v4-pro,deepseek-v4-pro,True,
5b38cd3238d03588fbc4:deepseek-v4-pro,deepseek-v4-pro,deepseek-v4-pro,True,
9813f96811f292870fea:glm-5.3,glm-5.3,glm-5.3,True,
f6b43f06fe0b0de61b43:glm-5.3,glm-5.3,glm-5.3,True,
c2d953b939d8f00b8dd8:deepseek-v4-pro,deepseek-v4-pro,deepseek-v4-pro,True,
0cb63689cdaafc3f4875:glm-5.3,glm-5.3,glm-5.3,True,
ba1c71b07b00ce38ac25:MiniMax-M3,MiniMax-M3,MiniMax-M3,True,
1fdd965bb185f51e4d11:deepseek-v4-pro,deepseek-v4-pro,deepseek-v4-pro,True,
8f68cda9c4806ea926e3:glm-5.3,glm-5.3,glm-5.3,True,
b18bf469d2a62343531e:MiniMax-M3,MiniMax-M3,MiniMax-M3,True,
ead5c0a3e59dd5e686e4:deepseek-v4-pro,deepseek-v4-pro,deepseek-v4-pro,True,
965698ba80caf66f0f64:MiniMax-M3,MiniMax-M3,MiniMax-M3,True,
029d413ef2cb2604062c:glm-5.3,glm-5.3,glm-5.3,True,
85e97ca8305d47c2de79:glm-5.3,glm-5.3,glm-5.3,True,
31924cbc025858918f01:deepseek-v4-pro,deepseek-v4-pro,deepseek-v4-pro,True,
0f7d67775def2479df07:deepseek-v4-pro,deepseek-v4-pro,deepseek-v4-pro,True,
7392b20ba5ec65476439:glm-5.3,glm-5.3,glm-5.3,True,
0e9c19d9f95d039d267d:MiniMax-M3,MiniMax-M3,MiniMax-M3,True,
61206db617fd285ff7df:MiniMax-M3,MiniMax-M3,MiniMax-M3,True,
d97bf002754d9f73cf44:glm-5.3,glm-5.3,glm-5.3,True,
72a83ddfba70074d3c9c:glm-5.3,glm-5.3,glm-5.3,True,
fcf4f68fc206eec81367:deepseek-v4-pro,deepseek-v4-pro,deepseek-v4-pro,True,
d87bca45812e3530f7a0:deepseek-v4-pro,deepseek-v4-pro,deepseek-v4-pro,True,
72d2f9f56b49a420a1eb:deepseek-v4-pro,deepseek-v4-pro,deepseek-v4-pro,True,
5742f80af9616f36c22e:deepseek-v4-pro,deepseek-v4-pro,deepseek-v4-pro,True,
9c90bc4922657722eabb:MiniMax-M3,MiniMax-M3,MiniMax-M3,True,
775397cab0962ea6ac4d:glm-5.3,glm-5.3,glm-5.3,True,
b47b89419eed07d11dac:deepseek-v4-pro,deepseek-v4-pro,deepseek-v4-pro,True,
692263380512b038986b:deepseek-v4-pro,deepseek-v4-pro,deepseek-v4-pro,True,
50f17485c80f055a8d5b:MiniMax-M3,MiniMax-M3,MiniMax-M3,True,
118cd4275d6c9276f54d:MiniMax-M3,MiniMax-M3,MiniMax-M3,True,
b05c11d7fc1070323aa1:MiniMax-M3,MiniMax-M3,MiniMax-M3,True,
3b1e48c817bada0b1c0c:MiniMax-M3,MiniMax-M3,MiniMax-M3,True,
30cbd11f8b55e3b925f6:deepseek-v4-pro,deepseek-v4-pro,deepseek-v4-pro,True,
326b8806a05baa8fef23:glm-5.3,glm-5.3,glm-5.3,True,
5af23e59962723feca77:MiniMax-M3,MiniMax-M3,MiniMax-M3,True,
02fac08621aca63b911b:MiniMax-M3,MiniMax-M3,MiniMax-M3,True,
a17656a416c2ce29e686:glm-5.3,glm-5.3,glm-5.3,True,
4fbef6ab74c20d09f0bf:MiniMax-M3,MiniMax-M3,MiniMax-M3,True,
72d9eced3c769da4b5f5:MiniMax-M3,MiniMax-M3,MiniMax-M3,True,
f206620ff57e74a31e88:glm-5.3,glm-5.3,glm-5.3,True,
34c89f35f6603175951e:glm-5.3,glm-5.3,glm-5.3,True,
4cc8e4ecc6cfb1ae2742:deepseek-v4-pro,deepseek-v4-pro,deepseek-v4-pro,True,
0e56f325ef27d08a471d:glm-5.3,glm-5.3,glm-5.3,True,
6d522aaf6bb4f09b1a27:glm-5.3,glm-5.3,glm-5.3,True,
3c0ee63981c26c67aa8b:MiniMax-M3,MiniMax-M3,MiniMax-M3,True,
b3c5fa6f92cfd8a0054f:deepseek-v4-pro,deepseek-v4-pro,deepseek-v4-pro,True,
355bf94b73a5366bf8df:MiniMax-M3,MiniMax-M3,MiniMax-M3,True,
3ab8cad771061ce33dd1:glm-5.3,glm-5.3,glm-5.3,True,
2b5710b8a23778e44ea9:deepseek-v4-pro,deepseek-v4-pro,deepseek-v4-pro,True,
3a0d9c7dc408eadd8616:MiniMax-M3,MiniMax-M3,MiniMax-M3,True,
a181469029d67d5a0ada:MiniMax-M3,MiniMax-M3,MiniMax-M3,True,
d66f98c21f80e987c40f:deepseek-v4-pro,deepseek-v4-pro,deepseek-v4-pro,True,
3960baafd25932d0c7fc:MiniMax-M3,MiniMax-M3,MiniMax-M3,True,
5dd5135d86da1f5e25ab:glm-5.3,glm-5.3,glm-5.3,True,
015ff612bd7ceeb20255:glm-5.3,glm-5.3,glm-5.3,True,
d4486989e82821f64ecb:glm-5.3,glm-5.3,glm-5.3,True,
4ab43525cadf4af0663a:MiniMax-M3,MiniMax-M3,MiniMax-M3,True,
ddbb8353012c56d2eda8:MiniMax-M3,MiniMax-M3,MiniMax-M3,True,
7712ca9da2885944d451:MiniMax-M3,MiniMax-M3,MiniMax-M3,True,
a659483722d56ed58ae2:deepseek-v4-pro,deepseek-v4-pro,deepseek-v4-pro,True,
5b8bf8421387245c35e9:MiniMax-M3,MiniMax-M3,MiniMax-M3,True,
1bc6ee75f561fd805100:MiniMax-M3,MiniMax-M3,MiniMax-M3,True,
1caf975783eb8d3b8ffb:MiniMax-M3,MiniMax-M3,MiniMax-M3,True,
c96c3ee7af7e601f6798:glm-5.3,glm-5.3,glm-5.3,True,
f79ffe0ffdb98873ec4f:deepseek-v4-pro,deepseek-v4-pro,deepseek-v4-pro,True,
1b3ff02f50b3ff29acb1:MiniMax-M3,MiniMax-M3,MiniMax-M3,True,
103ef95d03dec6f885e6:deepseek-v4-pro,deepseek-v4-pro,deepseek-v4-pro,True,
a372bdbe130186035251:deepseek-v4-pro,deepseek-v4-pro,deepseek-v4-pro,True,
08952495a44c1cd116a4:MiniMax-M3,MiniMax-M3,MiniMax-M3,True,
bc1128543c89087032ff:MiniMax-M3,MiniMax-M3,MiniMax-M3,True,
a518806dfaf41ad7e70a:MiniMax-M3,MiniMax-M3,MiniMax-M3,True,
355bf94b73a5366bf8df:deepseek-v4-pro,deepseek-v4-pro,deepseek-v4-pro,True,
a04e71a731ad6d26c190:deepseek-v4-pro,deepseek-v4-pro,deepseek-v4-pro,True,
7143b5146a4b950d7b3d:glm-5.3,glm-5.3,glm-5.3,True,
b6947fa5a6aa5f72e1d3:glm-5.3,glm-5.3,glm-5.3,True,
72d9eced3c769da4b5f5:deepseek-v4-pro,deepseek-v4-pro,deepseek-v4-pro,True,
76e86f867547948d7884:MiniMax-M3,MiniMax-M3,MiniMax-M3,True,
f7bd3467f87bcf48da4d:deepseek-v4-pro,deepseek-v4-pro,deepseek-v4-pro,True,
0329115846f7bd50a452:deepseek-v4-pro,deepseek-v4-pro,deepseek-v4-pro,True,
137d503e6a2b4b4b6940:MiniMax-M3,MiniMax-M3,MiniMax-M3,True,
6a59428a5aa5daeaf263:glm-5.3,glm-5.3,glm-5.3,True,
0b4a6b7bebb087660a11:MiniMax-M3,MiniMax-M3,MiniMax-M3,True,
d83358ddefacc28a81e7:MiniMax-M3,MiniMax-M3,MiniMax-M3,True,
9c7409a66b480aea3a14:glm-5.3,glm-5.3,glm-5.3,True,
f9ea3323f40e1aceac5a:deepseek-v4-pro,deepseek-v4-pro,deepseek-v4-pro,True,
3c5673204e5525daeca3:MiniMax-M3,MiniMax-M3,MiniMax-M3,True,
debc2c66dceaf544a2a3:glm-5.3,glm-5.3,glm-5.3,True,
9192efbc911e663c4368:glm-5.3,glm-5.3,glm-5.3,True,
e1afa48305ed5b704fbf:deepseek-v4-pro,deepseek-v4-pro,deepseek-v4-pro,True,
4d3010e71833ff9c28f4:MiniMax-M3,MiniMax-M3,MiniMax-M3,True,
60a3e40876b24f3b475f:deepseek-v4-pro,deepseek-v4-pro,deepseek-v4-pro,True,
f7c3659112cd9bba7e1c:MiniMax-M3,MiniMax-M3,MiniMax-M3,True,
4cc28f7999cdf6e96fe8:deepseek-v4-pro,deepseek-v4-pro,deepseek-v4-pro,True,
674dfe0c396ba3257a7d:glm-5.3,glm-5.3,glm-5.3,True,
e46d0d432d5f86f5a0c5:glm-5.3,glm-5.3,glm-5.3,True,
9bd98a30eea7a721f591:deepseek-v4-pro,deepseek-v4-pro,deepseek-v4-pro,True,
fde77fabc4f9afc43698:glm-5.3,glm-5.3,glm-5.3,True,
fa9e3c29f396250ee3cf:MiniMax-M3,MiniMax-M3,MiniMax-M3,True,
4fbef6ab74c20d09f0bf:glm-5.3,glm-5.3,glm-5.3,True,
8b3c1010aee4fc34fea6:MiniMax-M3,MiniMax-M3,MiniMax-M3,True,
214fa8d04c36d24d3185:glm-5.3,glm-5.3,glm-5.3,True,
adfaa44479598ac50f81:MiniMax-M3,MiniMax-M3,MiniMax-M3,True,
bdbe45e22c335da5d5ee:MiniMax-M3,MiniMax-M3,MiniMax-M3,True,
8704bf85330650c289f7:glm-5.3,glm-5.3,glm-5.3,True,
458ffd189b4c0243a000:MiniMax-M3,MiniMax-M3,MiniMax-M3,True,
a8afd9283079a4546f36:deepseek-v4-pro,deepseek-v4-pro,deepseek-v4-pro,True,
4d82ca161e779b2d646c:deepseek-v4-pro,deepseek-v4-pro,deepseek-v4-pro,True,
6c584f1dfd509f5bbe82:MiniMax-M3,MiniMax-M3,MiniMax-M3,True,
caed52b05bf86ad778e2:deepseek-v4-pro,deepseek-v4-pro,deepseek-v4-pro,True,
e98daaaef70d3bc9daa1:glm-5.3,glm-5.3,glm-5.3,True,
8e7881488feacbe3db19:deepseek-v4-pro,deepseek-v4-pro,deepseek-v4-pro,True,
560c98782d4fb24cb17a:deepseek-v4-pro,deepseek-v4-pro,deepseek-v4-pro,True,
38c330af89f4792f89bd:MiniMax-M3,MiniMax-M3,MiniMax-M3,True,
972fbbd463f2793d5c9f:glm-5.3,glm-5.3,glm-5.3,True,
b2d87087e2033f751641:deepseek-v4-pro,deepseek-v4-pro,deepseek-v4-pro,True,
03d676cce4c87b905fdd:deepseek-v4-pro,deepseek-v4-pro,deepseek-v4-pro,True,
a26c375197474ef8e11b:deepseek-v4-pro,deepseek-v4-pro,deepseek-v4-pro,True,
e23c0898c2a7958baeed:MiniMax-M3,MiniMax-M3,MiniMax-M3,True,
c1b6e986ec0f9f60a39b:MiniMax-M3,MiniMax-M3,MiniMax-M3,True,
839d8e235cb31673648b:MiniMax-M3,MiniMax-M3,MiniMax-M3,True,
ccec56b415f027821fe8:MiniMax-M3,MiniMax-M3,MiniMax-M3,True,
dfc7f76012af2b75c4e1:MiniMax-M3,MiniMax-M3,MiniMax-M3,True,
010f1023a999843e9e4f:MiniMax-M3,MiniMax-M3,MiniMax-M3,True,
b34a915c50afdedddd7a:MiniMax-M3,MiniMax-M3,MiniMax-M3,True,
204247cb8f87b5f5360a:MiniMax-M3,MiniMax-M3,MiniMax-M3,True,
89454fe80ee90b506c69:glm-5.3,glm-5.3,glm-5.3,True,
02a32080950166176ed4:glm-5.3,glm-5.3,glm-5.3,True,
2082636c6b58e935b4d8:MiniMax-M3,MiniMax-M3,MiniMax-M3,True,
013874c8c9476bc4020b:deepseek-v4-pro,deepseek-v4-pro,deepseek-v4-pro,True,
4febfb9a309ba05c1a9b:glm-5.3,glm-5.3,glm-5.3,True,
5f5761510704e7db7b79:deepseek-v4-pro,deepseek-v4-pro,deepseek-v4-pro,True,
3b16497c197a636ddd51:deepseek-v4-pro,deepseek-v4-pro,deepseek-v4-pro,True,
b792f9d8acf1256ab7d5:glm-5.3,glm-5.3,glm-5.3,True,
eeee562ed1cccd533c4e:glm-5.3,glm-5.3,glm-5.3,True,
90374829228d034a98f1:glm-5.3,glm-5.3,glm-5.3,True,
c86335c43117dd47ef06:deepseek-v4-pro,deepseek-v4-pro,deepseek-v4-pro,True,
f0ada1564d7e1510feaa:glm-5.3,glm-5.3,glm-5.3,True,
bce0b9abc4de62e8c0fe:glm-5.3,glm-5.3,glm-5.3,True,
e9146080320341341f9d:deepseek-v4-pro,deepseek-v4-pro,deepseek-v4-pro,True,
eb11ee0a8a2a56a975cf:glm-5.3,glm-5.3,glm-5.3,True,
037e45a09e5076133ea8:deepseek-v4-pro,deepseek-v4-pro,deepseek-v4-pro,True,
bfdcb61c5dd37e10ecce:deepseek-v4-pro,deepseek-v4-pro,deepseek-v4-pro,True,
10c1eca0308c03131d1a:deepseek-v4-pro,deepseek-v4-pro,deepseek-v4-pro,True,
d4e78f95f61626954378:glm-5.3,glm-5.3,glm-5.3,True,
a3bc018534ade488cecd:deepseek-v4-pro,deepseek-v4-pro,deepseek-v4-pro,True,
c59af5f1822631da7c58:MiniMax-M3,MiniMax-M3,MiniMax-M3,True,
c378db193b747f5f97dc:deepseek-v4-pro,deepseek-v4-pro,deepseek-v4-pro,True,
9d6dcb6e3bc8f747e212:deepseek-v4-pro,deepseek-v4-pro,deepseek-v4-pro,True,
be9227ceaf446b11cc5b:deepseek-v4-pro,deepseek-v4-pro,deepseek-v4-pro,True,
dd103da38be9a6966ef4:deepseek-v4-pro,deepseek-v4-pro,deepseek-v4-pro,True,
86a5cbbc8ce64ffeebfe:deepseek-v4-pro,deepseek-v4-pro,deepseek-v4-pro,True,
83c7184b5cc55aae9c16:deepseek-v4-pro,deepseek-v4-pro,deepseek-v4-pro,True,
0ad6f2c335a9da629ec6:MiniMax-M3,MiniMax-M3,MiniMax-M3,True,
ab28c40ceef998641805:deepseek-v4-pro,deepseek-v4-pro,deepseek-v4-pro,True,
bfb2456f7512c2a5f59f:deepseek-v4-pro,deepseek-v4-pro,deepseek-v4-pro,True,
ee5e77381f1224734514:MiniMax-M3,MiniMax-M3,MiniMax-M3,True,
8c7cc8522a3a9811d97b:deepseek-v4-pro,deepseek-v4-pro,deepseek-v4-pro,True,
a5900b3ae1571eced4ba:deepseek-v4-pro,deepseek-v4-pro,deepseek-v4-pro,True,
829f578582cd2cbb2f24:glm-5.3,glm-5.3,glm-5.3,True,
829f578582cd2cbb2f24:deepseek-v4-pro,deepseek-v4-pro,deepseek-v4-pro,True,
84e822842a35f4660a91:deepseek-v4-pro,deepseek-v4-pro,deepseek-v4-pro,True,
10bfd6baa6a171607919:MiniMax-M3,MiniMax-M3,MiniMax-M3,True,
b18bf469d2a62343531e:glm-5.3,glm-5.3,glm-5.3,True,
f399ff081c96b45e451b:glm-5.3,glm-5.3,glm-5.3,True,
82b11e3e5410f31806ac:deepseek-v4-pro,deepseek-v4-pro,deepseek-v4-pro,True,
8745c51cd1702626eb85:MiniMax-M3,MiniMax-M3,MiniMax-M3,True,
aa38abfef94a8758889b:glm-5.3,glm-5.3,glm-5.3,True,
dad8a1b10d6e29478480:glm-5.3,glm-5.3,glm-5.3,True,
dc3dd569dabf5e1ff41a:glm-5.3,glm-5.3,glm-5.3,True,
0708241fe563a18ac31c:glm-5.3,glm-5.3,glm-5.3,True,
41a7c98ef34d39cb89a7:glm-5.3,glm-5.3,glm-5.3,True,
9ac7aab595aaeb9a25a8:glm-5.3,glm-5.3,glm-5.3,True,
802ac6045036ed7ec9d3:deepseek-v4-pro,deepseek-v4-pro,deepseek-v4-pro,True,
3fbe74a8c5ed91b41e75:deepseek-v4-pro,deepseek-v4-pro,deepseek-v4-pro,True,
ccd8254b5da1ebf26825:glm-5.3,glm-5.3,glm-5.3,True,
3f343806f620b75e5199:glm-5.3,glm-5.3,glm-5.3,True,
89454fe80ee90b506c69:MiniMax-M3,MiniMax-M3,MiniMax-M3,True,
74717182973b69fde508:deepseek-v4-pro,deepseek-v4-pro,deepseek-v4-pro,True,
ec376da02683650c2dd3:glm-5.3,glm-5.3,glm-5.3,True,
ee298982657f502c37c4:glm-5.3,glm-5.3,glm-5.3,True,
24b527312b26fe2d4214:deepseek-v4-pro,deepseek-v4-pro,deepseek-v4-pro,True,
281080cc76ac469a488e:glm-5.3,glm-5.3,glm-5.3,True,
05f79035868e6c90f634:glm-5.3,glm-5.3,glm-5.3,True,
442607c71dd08e134af6:glm-5.3,glm-5.3,glm-5.3,True,
7faa22062b21c2e22c85:MiniMax-M3,MiniMax-M3,MiniMax-M3,True,
010746765be3882ee78a:MiniMax-M3,MiniMax-M3,MiniMax-M3,True,
0b61173d81c277c71f2f:glm-5.3,glm-5.3,glm-5.3,True,
360796d708c045de8921:glm-5.3,glm-5.3,glm-5.3,True,
86ad2cb0f826eaa549de:MiniMax-M3,MiniMax-M3,MiniMax-M3,True,
adf8d386b32f7d655ac2:MiniMax-M3,MiniMax-M3,MiniMax-M3,True,
3bda99086c07b5866c3f:deepseek-v4-pro,deepseek-v4-pro,deepseek-v4-pro,True,
62df265732701a20305c:MiniMax-M3,MiniMax-M3,MiniMax-M3,True,
ef0649d623ce49332913:MiniMax-M3,MiniMax-M3,MiniMax-M3,True,
a62a81b3efffcb7011d0:glm-5.3,glm-5.3,glm-5.3,True,
fe30929fd87d91881962:deepseek-v4-pro,deepseek-v4-pro,deepseek-v4-pro,True,
c51ce8779645a65fbbbc:glm-5.3,glm-5.3,glm-5.3,True,
cbc592ea283155e30fab:glm-5.3,glm-5.3,glm-5.3,True,
9dd744af53e2e27252b3:glm-5.3,glm-5.3,glm-5.3,True,
01e42534ea1135e10476:MiniMax-M3,MiniMax-M3,MiniMax-M3,True,
b2d9fb0eed7d1d35bf98:deepseek-v4-pro,deepseek-v4-pro,deepseek-v4-pro,True,
f6935036de90357ed818:glm-5.3,glm-5.3,glm-5.3,True,
342cb50f29979ea5855a:MiniMax-M3,MiniMax-M3,MiniMax-M3,True,
6ec653bc885fa68d209c:deepseek-v4-pro,deepseek-v4-pro,deepseek-v4-pro,True,
52f928a23b722a1bf2f9:MiniMax-M3,MiniMax-M3,MiniMax-M3,True,
5395658533c270997618:deepseek-v4-pro,deepseek-v4-pro,deepseek-v4-pro,True,
3be04e39bffaf16d76e6:deepseek-v4-pro,deepseek-v4-pro,deepseek-v4-pro,True,
3d4a6ca39bc8cf65727b:deepseek-v4-pro,deepseek-v4-pro,deepseek-v4-pro,True,
22b893b6857c3d654d7a:glm-5.3,glm-5.3,glm-5.3,True,
a6b4e8e0cbedde315c48:MiniMax-M3,MiniMax-M3,MiniMax-M3,True,
ff81d12814ea66cb8897:MiniMax-M3,MiniMax-M3,MiniMax-M3,True,
363a13545cbd81c02341:glm-5.3,glm-5.3,glm-5.3,True,
c8f0ca7c33efff096479:deepseek-v4-pro,deepseek-v4-pro,deepseek-v4-pro,True,
eb4a2e88b41ef0b74f2e:deepseek-v4-pro,deepseek-v4-pro,deepseek-v4-pro,True,
404a73b86d07210a7828:MiniMax-M3,MiniMax-M3,MiniMax-M3,True,
58fef0d7250f9fbbd6e6:MiniMax-M3,MiniMax-M3,MiniMax-M3,True,
a07b877689d0e744ba55:deepseek-v4-pro,deepseek-v4-pro,deepseek-v4-pro,True,
991088396d04db7c08f0:MiniMax-M3,MiniMax-M3,MiniMax-M3,True,
291001f780bf49c191e0:glm-5.3,glm-5.3,glm-5.3,True,
72a83ddfba70074d3c9c:deepseek-v4-pro,deepseek-v4-pro,deepseek-v4-pro,True,
06d03de2c9d40efa759c:MiniMax-M3,MiniMax-M3,MiniMax-M3,True,
6f577fa458f07e034c8c:glm-5.3,glm-5.3,glm-5.3,True,
d75eaab9ea9710fd80bd:deepseek-v4-pro,deepseek-v4-pro,deepseek-v4-pro,True,
35c0c60377aaa846f2d7:MiniMax-M3,MiniMax-M3,MiniMax-M3,True,
0e01b7727d0a6b1515f1:glm-5.3,glm-5.3,glm-5.3,True,
70196ea61e422164470f:MiniMax-M3,MiniMax-M3,MiniMax-M3,True,
da826208988189322319:MiniMax-M3,MiniMax-M3,MiniMax-M3,True,
06959d9ff355337d9593:deepseek-v4-pro,deepseek-v4-pro,deepseek-v4-pro,True,
77a9908c9e2c31c35820:deepseek-v4-pro,deepseek-v4-pro,deepseek-v4-pro,True,
8a029f57a956ef7b0717:deepseek-v4-pro,deepseek-v4-pro,deepseek-v4-pro,True,
bb79fb47c7afd0f59688:glm-5.3,glm-5.3,glm-5.3,True,
d93395f42befe16621a5:glm-5.3,glm-5.3,glm-5.3,True,
04633db2456596223d25:MiniMax-M3,MiniMax-M3,MiniMax-M3,True,
50bccb81bee532379bd3:MiniMax-M3,MiniMax-M3,MiniMax-M3,True,
d1e5da24f9642a3a5049:MiniMax-M3,MiniMax-M3,MiniMax-M3,True,
8f4bbeccfaa916feb434:MiniMax-M3,MiniMax-M3,MiniMax-M3,True,
b05912f6b9dc3c5a1439:glm-5.3,glm-5.3,glm-5.3,True,
6eadcb66584bc8b2191b:MiniMax-M3,MiniMax-M3,MiniMax-M3,True,
d8452114bf6103be42a6:deepseek-v4-pro,deepseek-v4-pro,deepseek-v4-pro,True,
8bfa439c35f778bc785a:deepseek-v4-pro,deepseek-v4-pro,deepseek-v4-pro,True,
7edceed12f5e3917a0b3:glm-5.3,glm-5.3,glm-5.3,True,
52b455ac53324c7cda41:glm-5.3,glm-5.3,glm-5.3,True,
84272827fdb63c23d7da:MiniMax-M3,MiniMax-M3,MiniMax-M3,True,
9d08222e55ee6ac2db5f:deepseek-v4-pro,deepseek-v4-pro,deepseek-v4-pro,True,
fc320b6ae1b47fa0857f:deepseek-v4-pro,deepseek-v4-pro,deepseek-v4-pro,True,
e1afa48305ed5b704fbf:glm-5.3,glm-5.3,glm-5.3,True,
23991efb065b9350e348:MiniMax-M3,MiniMax-M3,MiniMax-M3,True,
57857000e47a7deb532e:glm-5.3,glm-5.3,glm-5.3,True,
dc4ee310257d103f0e6e:glm-5.3,glm-5.3,glm-5.3,True,
b6ae1800589ab6be1c08:deepseek-v4-pro,deepseek-v4-pro,deepseek-v4-pro,True,
6072a6afba3b95cef443:glm-5.3,glm-5.3,glm-5.3,True,
191ca59260eb789738be:deepseek-v4-pro,deepseek-v4-pro,deepseek-v4-pro,True,
9e43de887431e4f58bf0:MiniMax-M3,MiniMax-M3,MiniMax-M3,True,
3577b253a7e9660a3233:glm-5.3,glm-5.3,glm-5.3,True,
00abb341bce937788554:glm-5.3,glm-5.3,glm-5.3,True,
2bd7d49df4da21544ee3:MiniMax-M3,MiniMax-M3,MiniMax-M3,True,
cefd483d07a9d4afcb4d:glm-5.3,glm-5.3,glm-5.3,True,
253d085d4534ef621b1b:MiniMax-M3,MiniMax-M3,MiniMax-M3,True,
e5418fcaf13742cb39d0:MiniMax-M3,MiniMax-M3,MiniMax-M3,True,
01e7a6ef07903ca67941:MiniMax-M3,MiniMax-M3,MiniMax-M3,True,
1744f16508e547daf474:glm-5.3,glm-5.3,glm-5.3,True,
e3457816aee7ce9e6a98:MiniMax-M3,MiniMax-M3,MiniMax-M3,True,
ca8634b829be3111b4b5:MiniMax-M3,MiniMax-M3,MiniMax-M3,True,
472c8a93dafd15659931:glm-5.3,glm-5.3,glm-5.3,True,
5fa987bba8e20af31a70:MiniMax-M3,MiniMax-M3,MiniMax-M3,True,
7868e46f58a6eda14e54:glm-5.3,glm-5.3,glm-5.3,True,
340cd00b743d7dac2d9c:glm-5.3,glm-5.3,glm-5.3,True,
1b95757e2efca40be3aa:MiniMax-M3,MiniMax-M3,MiniMax-M3,True,
458ffd189b4c0243a000:deepseek-v4-pro,deepseek-v4-pro,deepseek-v4-pro,True,
ffba3ba0e4f25ac0b0a5:glm-5.3,glm-5.3,glm-5.3,True,
619c8926fd5717a998cd:deepseek-v4-pro,deepseek-v4-pro,deepseek-v4-pro,True,
281039adc38507584e39:glm-5.3,glm-5.3,glm-5.3,True,
af0280b13ccdf9dde4ea:MiniMax-M3,MiniMax-M3,MiniMax-M3,True,
32dcb6ffdeaaf9d43dd5:glm-5.3,glm-5.3,glm-5.3,True,
74b8ac712d62861a2e07:MiniMax-M3,MiniMax-M3,MiniMax-M3,True,
d1d5175f299a3f351995:deepseek-v4-pro,deepseek-v4-pro,deepseek-v4-pro,True,
38dda243df43bfde2469:MiniMax-M3,MiniMax-M3,MiniMax-M3,True,
51b6ff14057215cf61d5:deepseek-v4-pro,deepseek-v4-pro,deepseek-v4-pro,True,
b65adee365ac3393773d:MiniMax-M3,MiniMax-M3,MiniMax-M3,True,
10634e85e373e855f720:deepseek-v4-pro,deepseek-v4-pro,deepseek-v4-pro,True,
c8ac262cf4a797661f89:MiniMax-M3,MiniMax-M3,MiniMax-M3,True,
9c1dea184c7b7703c83b:MiniMax-M3,MiniMax-M3,MiniMax-M3,True,
2d9e1c62ef64eb523b52:MiniMax-M3,MiniMax-M3,MiniMax-M3,True,
3edb5bae11db8a0956d9:MiniMax-M3,MiniMax-M3,MiniMax-M3,True,
1992bf9c059e58c6cfaa:deepseek-v4-pro,deepseek-v4-pro,deepseek-v4-pro,True,
126bad5105d49e6ddacb:deepseek-v4-pro,deepseek-v4-pro,deepseek-v4-pro,True,
196c96eab5aeb4053aa4:deepseek-v4-pro,deepseek-v4-pro,deepseek-v4-pro,True,
1ca0e0ff0c40ded76776:MiniMax-M3,MiniMax-M3,MiniMax-M3,True,
6a5ca59cef75045c7038:glm-5.3,glm-5.3,glm-5.3,True,
3baf609a1e4cf3241ba4:MiniMax-M3,MiniMax-M3,MiniMax-M3,True,
2cd84fe102fae85d5c64:deepseek-v4-pro,deepseek-v4-pro,deepseek-v4-pro,True,
ea06957a1549d3b3619f:deepseek-v4-pro,deepseek-v4-pro,deepseek-v4-pro,True,
962ea4f6bf27dc6c7648:MiniMax-M3,MiniMax-M3,MiniMax-M3,True,
04368ffa2f61968b9e0c:glm-5.3,glm-5.3,glm-5.3,True,
877bb842d0a68cfdba0d:deepseek-v4-pro,deepseek-v4-pro,deepseek-v4-pro,True,
07c8a5a6997d1b11e1d3:glm-5.3,glm-5.3,glm-5.3,True,
53ed89e038eb87289cd1:MiniMax-M3,MiniMax-M3,MiniMax-M3,True,
c547a4e64e85e7ac6db9:deepseek-v4-pro,deepseek-v4-pro,deepseek-v4-pro,True,
09046a65bff5df9fc8fb:deepseek-v4-pro,deepseek-v4-pro,deepseek-v4-pro,True,
86381c4c4308813a21ce:MiniMax-M3,MiniMax-M3,MiniMax-M3,True,
d0504f3f3697633b4ee1:MiniMax-M3,MiniMax-M3,MiniMax-M3,True,
cdf63008a4eae1a76dde:MiniMax-M3,MiniMax-M3,MiniMax-M3,True,
832b5ad84b244f679f53:MiniMax-M3,MiniMax-M3,MiniMax-M3,True,
962ea4f6bf27dc6c7648:deepseek-v4-pro,deepseek-v4-pro,deepseek-v4-pro,True,
1534994431b541cd882f:deepseek-v4-pro,deepseek-v4-pro,deepseek-v4-pro,True,
5a163c3e61b886e31d07:deepseek-v4-pro,deepseek-v4-pro,deepseek-v4-pro,True,
299b573e42de2de669c1:glm-5.3,glm-5.3,glm-5.3,True,
80e4780cf86fd616a538:deepseek-v4-pro,deepseek-v4-pro,deepseek-v4-pro,True,
8a766360dc9b265af31e:glm-5.3,glm-5.3,glm-5.3,True,
569b902ca9e9c266b6fd:MiniMax-M3,MiniMax-M3,MiniMax-M3,True,
5a163c3e61b886e31d07:glm-5.3,glm-5.3,glm-5.3,True,
4db798dbb33c9bd23688:deepseek-v4-pro,deepseek-v4-pro,deepseek-v4-pro,True,
4c68886e22702f57107e:glm-5.3,glm-5.3,glm-5.3,True,
d463323e07d9a005eeb1:deepseek-v4-pro,deepseek-v4-pro,deepseek-v4-pro,True,
af0280b13ccdf9dde4ea:glm-5.3,glm-5.3,glm-5.3,True,
72a83ddfba70074d3c9c:MiniMax-M3,MiniMax-M3,MiniMax-M3,True,
b3df7a3cc1d35386c3b8:MiniMax-M3,MiniMax-M3,MiniMax-M3,True,
52e4b06b83c07efc319b:MiniMax-M3,MiniMax-M3,MiniMax-M3,True,
798634c019d78ded0601:deepseek-v4-pro,deepseek-v4-pro,deepseek-v4-pro,True,
adc6dec278142cd0b012:MiniMax-M3,MiniMax-M3,MiniMax-M3,True,
b1fbb9252bac5cb5fbdb:deepseek-v4-pro,deepseek-v4-pro,deepseek-v4-pro,True,
28b63a65a405f40e4ddd:glm-5.3,glm-5.3,glm-5.3,True,
3bb355893de118d115f4:glm-5.3,glm-5.3,glm-5.3,True,
65762b8e52c7f3782b38:MiniMax-M3,MiniMax-M3,MiniMax-M3,True,
90b88d8058e355396f3d:MiniMax-M3,MiniMax-M3,MiniMax-M3,True,
ea06957a1549d3b3619f:glm-5.3,glm-5.3,glm-5.3,True,
2b5c37e3111b84034f86:deepseek-v4-pro,deepseek-v4-pro,deepseek-v4-pro,True,
57e7587c3b6287f655d2:deepseek-v4-pro,deepseek-v4-pro,deepseek-v4-pro,True,
76b0aa9faa261a76a4b9:MiniMax-M3,MiniMax-M3,MiniMax-M3,True,
4ebc0639a2f5efcc9b64:deepseek-v4-pro,deepseek-v4-pro,deepseek-v4-pro,True,
10e34f2b843ac56250bf:glm-5.3,glm-5.3,glm-5.3,True,
85d690c25739fc9b2188:MiniMax-M3,MiniMax-M3,MiniMax-M3,True,
ea0221a8b037a72dd877:deepseek-v4-pro,deepseek-v4-pro,deepseek-v4-pro,True,
1109214565a2742d60e0:deepseek-v4-pro,deepseek-v4-pro,deepseek-v4-pro,True,
40c255bb901e13eb2f41:glm-5.3,glm-5.3,glm-5.3,True,
1a57ed12c1e7811e8306:deepseek-v4-pro,deepseek-v4-pro,deepseek-v4-pro,True,
3eaa90f36645c6d826fe:glm-5.3,glm-5.3,glm-5.3,True,
b9d43269bc51bec4cdee:glm-5.3,glm-5.3,glm-5.3,True,
be536591413a814664fc:MiniMax-M3,MiniMax-M3,MiniMax-M3,True,
5ba555606c11f22da28d:deepseek-v4-pro,deepseek-v4-pro,deepseek-v4-pro,True,
6074755dd70d66bde927:deepseek-v4-pro,deepseek-v4-pro,deepseek-v4-pro,True,
b7bbdd9ada1576b0de24:MiniMax-M3,MiniMax-M3,MiniMax-M3,True,
109e064de69e02d09861:deepseek-v4-pro,deepseek-v4-pro,deepseek-v4-pro,True,
c7704f7456e917fabf46:deepseek-v4-pro,deepseek-v4-pro,deepseek-v4-pro,True,
2c1a196491dc3a567185:deepseek-v4-pro,deepseek-v4-pro,deepseek-v4-pro,True,
1e9079370615239321fd:MiniMax-M3,MiniMax-M3,MiniMax-M3,True,
4dc7d69345ca3c45ffdb:deepseek-v4-pro,deepseek-v4-pro,deepseek-v4-pro,True,
7b723532fc032a241e86:deepseek-v4-pro,deepseek-v4-pro,deepseek-v4-pro,True,
db867c22b9b4ccb8ee16:deepseek-v4-pro,deepseek-v4-pro,deepseek-v4-pro,True,
e5209484a0a439495086:MiniMax-M3,MiniMax-M3,MiniMax-M3,True,
d0cf5e2b2f16006d76d5:MiniMax-M3,MiniMax-M3,MiniMax-M3,True,
c524392ffd00a5277fb7:glm-5.3,glm-5.3,glm-5.3,True,
402acacaefcac1171e02:glm-5.3,glm-5.3,glm-5.3,True,
c65cc60a57e42986832a:glm-5.3,glm-5.3,glm-5.3,True,
754ed3fa8226807ef26f:glm-5.3,glm-5.3,glm-5.3,True,
f4767a8282f1a5e84125:glm-5.3,glm-5.3,glm-5.3,True,
b29a601d0deb02843159:glm-5.3,glm-5.3,glm-5.3,True,
e5df8564f81e1cf0bdcc:MiniMax-M3,MiniMax-M3,MiniMax-M3,True,
ab620b4ec465d00828ed:glm-5.3,glm-5.3,glm-5.3,True,
3d023eed949b217cb35a:glm-5.3,glm-5.3,glm-5.3,True,
2f764bca8dd72a0953c3:deepseek-v4-pro,deepseek-v4-pro,deepseek-v4-pro,True,
7062c9118169ae3ac096:deepseek-v4-pro,deepseek-v4-pro,deepseek-v4-pro,True,
01507ffd202a6815f36b:deepseek-v4-pro,deepseek-v4-pro,deepseek-v4-pro,True,
1f278df1380896e2b40d:glm-5.3,glm-5.3,glm-5.3,True,
bda9e846279790b842ec:glm-5.3,glm-5.3,glm-5.3,True,
cac2de9e5d8870121dec:glm-5.3,glm-5.3,glm-5.3,True,
563b26900bd46833dfb5:glm-5.3,glm-5.3,glm-5.3,True,
f016d8e1fd338ce29886:MiniMax-M3,MiniMax-M3,MiniMax-M3,True,
988363f02b5513dd83fa:deepseek-v4-pro,deepseek-v4-pro,deepseek-v4-pro,True,
3794af68090ddf1b9c67:MiniMax-M3,MiniMax-M3,MiniMax-M3,True,
56b413298b08d776f4c7:glm-5.3,glm-5.3,glm-5.3,True,
c8d0f0080b24f28f84fe:MiniMax-M3,MiniMax-M3,MiniMax-M3,True,
2386089112e16615c49a:deepseek-v4-pro,deepseek-v4-pro,deepseek-v4-pro,True,
ac4d065f2fa332b2055b:MiniMax-M3,MiniMax-M3,MiniMax-M3,True,
2795794a33e7dca89e26:deepseek-v4-pro,deepseek-v4-pro,deepseek-v4-pro,True,
d12f8ad4c8d78b416508:deepseek-v4-pro,deepseek-v4-pro,deepseek-v4-pro,True,
80e4780cf86fd616a538:MiniMax-M3,MiniMax-M3,MiniMax-M3,True,
7f5c27c5a0adefe1879b:MiniMax-M3,MiniMax-M3,MiniMax-M3,True,
e9c67a7cb02a524eeed4:deepseek-v4-pro,deepseek-v4-pro,deepseek-v4-pro,True,
ee0bb71f4382f048ee2a:glm-5.3,glm-5.3,glm-5.3,True,
1fdd965bb185f51e4d11:glm-5.3,glm-5.3,glm-5.3,True,
996ae00cc6227a6a708d:MiniMax-M3,MiniMax-M3,MiniMax-M3,True,
e5209484a0a439495086:deepseek-v4-pro,deepseek-v4-pro,deepseek-v4-pro,True,
29160f3e81b5d5fe9523:deepseek-v4-pro,deepseek-v4-pro,deepseek-v4-pro,True,
e87707c4d71b105b89b4:deepseek-v4-pro,deepseek-v4-pro,deepseek-v4-pro,True,
d351715b6556c5395eb6:MiniMax-M3,MiniMax-M3,MiniMax-M3,True,
bdcd073ec579d8941e36:deepseek-v4-pro,deepseek-v4-pro,deepseek-v4-pro,True,
ce9fd6511d606c800eff:deepseek-v4-pro,deepseek-v4-pro,deepseek-v4-pro,True,
dba2c16f3e9046fa68ec:deepseek-v4-pro,deepseek-v4-pro,deepseek-v4-pro,True,
c8a9d82d854919646414:deepseek-v4-pro,deepseek-v4-pro,deepseek-v4-pro,True,
599c77964dba14d15128:glm-5.3,glm-5.3,glm-5.3,True,
c7afa4777b5026c9c810:MiniMax-M3,MiniMax-M3,MiniMax-M3,True,
3a64fe3f6b90f8be184a:deepseek-v4-pro,deepseek-v4-pro,deepseek-v4-pro,True,
b1a1001110bc9edc7605:glm-5.3,glm-5.3,glm-5.3,True,
32dcb6ffdeaaf9d43dd5:deepseek-v4-pro,deepseek-v4-pro,deepseek-v4-pro,True,
aea70eb4a5a977186757:glm-5.3,glm-5.3,glm-5.3,True,
8cbe24a7a0a1da150944:glm-5.3,glm-5.3,glm-5.3,True,
bf9d6f9ffe83404529dd:deepseek-v4-pro,deepseek-v4-pro,deepseek-v4-pro,True,
a8853b75edc4cd836d29:glm-5.3,glm-5.3,glm-5.3,True,
fd211b21f40b1edb682f:glm-5.3,glm-5.3,glm-5.3,True,
1fd6522627bc054e0c9e:MiniMax-M3,MiniMax-M3,MiniMax-M3,True,
aa25bd0c84525483768c:MiniMax-M3,MiniMax-M3,MiniMax-M3,True,
c6631157cc7af23824cc:deepseek-v4-pro,deepseek-v4-pro,deepseek-v4-pro,True,
bc176325f60324dde7b4:deepseek-v4-pro,deepseek-v4-pro,deepseek-v4-pro,True,
34b51f71ee3caa12458e:deepseek-v4-pro,deepseek-v4-pro,deepseek-v4-pro,True,
f4f20c6e33d753ad1c18:MiniMax-M3,MiniMax-M3,MiniMax-M3,True,
a84c32363cacf08f70c5:deepseek-v4-pro,deepseek-v4-pro,deepseek-v4-pro,True,
a638a9d91dbe7e035251:glm-5.3,glm-5.3,glm-5.3,True,
e5cd4fbb07cff0c417ec:glm-5.3,glm-5.3,glm-5.3,True,
1945be523714d4d23cdb:MiniMax-M3,MiniMax-M3,MiniMax-M3,True,
8a726d4b6685e9131307:deepseek-v4-pro,deepseek-v4-pro,deepseek-v4-pro,True,
faebeed9fefffe334eea:deepseek-v4-pro,deepseek-v4-pro,deepseek-v4-pro,True,
4946aaf631ec936dc189:MiniMax-M3,MiniMax-M3,MiniMax-M3,True,
08115bf8509c51b4010a:glm-5.3,glm-5.3,glm-5.3,True,
27e00c089930d20625ec:MiniMax-M3,MiniMax-M3,MiniMax-M3,True,
4bdd7e07eef54a06059e:MiniMax-M3,MiniMax-M3,MiniMax-M3,True,
d092359d2f17e1e5798d:deepseek-v4-pro,deepseek-v4-pro,deepseek-v4-pro,True,
a16eaa5adcf20db97939:deepseek-v4-pro,deepseek-v4-pro,deepseek-v4-pro,True,
fbbb71d33c19ff9f804a:deepseek-v4-pro,deepseek-v4-pro,deepseek-v4-pro,True,
33d44c8d3e76b3f07a4f:MiniMax-M3,MiniMax-M3,MiniMax-M3,True,
fe41b450fe027f57ae52:MiniMax-M3,MiniMax-M3,MiniMax-M3,True,
eb4a2e88b41ef0b74f2e:glm-5.3,glm-5.3,glm-5.3,True,
1de4c8354054556b3cf1:deepseek-v4-pro,deepseek-v4-pro,deepseek-v4-pro,True,
335e4d89971aa1b9448d:deepseek-v4-pro,deepseek-v4-pro,deepseek-v4-pro,True,
d9d223cd5fcc9ef2839c:glm-5.3,glm-5.3,glm-5.3,True,
8cb293ff1a24c3ab2790:glm-5.3,glm-5.3,glm-5.3,True,
ca921ad6676c91c0f8be:MiniMax-M3,MiniMax-M3,MiniMax-M3,True,
db87b5dadcc74ec7260b:MiniMax-M3,MiniMax-M3,MiniMax-M3,True,
57981314704f967556f3:glm-5.3,glm-5.3,glm-5.3,True,
8d0e76a02740d02aa4c8:deepseek-v4-pro,deepseek-v4-pro,deepseek-v4-pro,True,
d351715b6556c5395eb6:glm-5.3,glm-5.3,glm-5.3,True,
5b31cd1b9984e49f03e0:glm-5.3,glm-5.3,glm-5.3,True,
39092a765482f794155e:deepseek-v4-pro,deepseek-v4-pro,deepseek-v4-pro,True,
0950ef0158530cd20925:MiniMax-M3,MiniMax-M3,MiniMax-M3,True,
2f6fbfb1ca5d3966459f:MiniMax-M3,MiniMax-M3,MiniMax-M3,True,
9a1e1cbb2cf1a0d50d2c:deepseek-v4-pro,deepseek-v4-pro,deepseek-v4-pro,True,
800f47944dd0f14b00a3:deepseek-v4-pro,deepseek-v4-pro,deepseek-v4-pro,True,
27b8fabf5decdb7ab560:MiniMax-M3,MiniMax-M3,MiniMax-M3,True,
654bcdb1a278ff8e3116:MiniMax-M3,MiniMax-M3,MiniMax-M3,True,
113b447450c840b30687:glm-5.3,glm-5.3,glm-5.3,True,
4250fa01ed5e0d0b564e:deepseek-v4-pro,deepseek-v4-pro,deepseek-v4-pro,True,
0c3487106de16358eade:deepseek-v4-pro,deepseek-v4-pro,deepseek-v4-pro,True,
f2b5f3ed5c0e4f903269:glm-5.3,glm-5.3,glm-5.3,True,
3a05edab229fedc15015:MiniMax-M3,MiniMax-M3,MiniMax-M3,True,
7e6acb16bd1ca9f34abf:glm-5.3,glm-5.3,glm-5.3,True,
cb490f16529738735beb:deepseek-v4-pro,deepseek-v4-pro,deepseek-v4-pro,True,
affba9cab28d820941a5:glm-5.3,glm-5.3,glm-5.3,True,
9aa55811e8ea34129a85:glm-5.3,glm-5.3,glm-5.3,True,
8e8fbd83245f27b5c92e:deepseek-v4-pro,deepseek-v4-pro,deepseek-v4-pro,True,
a06cdf457e1828b1d18a:glm-5.3,glm-5.3,glm-5.3,True,
d073c5aa6056b2a42eed:glm-5.3,glm-5.3,glm-5.3,True,
1b7c08c3804dc81d4424:glm-5.3,glm-5.3,glm-5.3,True,
6a97c9ffc8d519021aee:glm-5.3,glm-5.3,glm-5.3,True,
e0ad60d62da126cbdada:glm-5.3,glm-5.3,glm-5.3,True,
3619b95f993119460ba2:glm-5.3,glm-5.3,glm-5.3,True,
eeee562ed1cccd533c4e:deepseek-v4-pro,deepseek-v4-pro,deepseek-v4-pro,True,
aa5c30b2dfdb6a72c429:MiniMax-M3,MiniMax-M3,MiniMax-M3,True,
1109239761497b0e6afc:MiniMax-M3,MiniMax-M3,MiniMax-M3,True,
10bfd6baa6a171607919:deepseek-v4-pro,deepseek-v4-pro,deepseek-v4-pro,True,
38d87fe508cec59aa023:MiniMax-M3,MiniMax-M3,MiniMax-M3,True,
f27542cd7b06f5b5f387:deepseek-v4-pro,deepseek-v4-pro,deepseek-v4-pro,True,
e3bf392700031993ea84:deepseek-v4-pro,deepseek-v4-pro,deepseek-v4-pro,True,
96c8b7f518e1ea0684d8:deepseek-v4-pro,deepseek-v4-pro,deepseek-v4-pro,True,
ff5a883370a9064522cd:MiniMax-M3,MiniMax-M3,MiniMax-M3,True,
9582ff3892a407ab2665:deepseek-v4-pro,deepseek-v4-pro,deepseek-v4-pro,True,
04a0920a5822a758fd64:deepseek-v4-pro,deepseek-v4-pro,deepseek-v4-pro,True,
1b172c4a0abd5fdc9b00:glm-5.3,glm-5.3,glm-5.3,True,
9f63baadd98964de9dd0:glm-5.3,glm-5.3,glm-5.3,True,
4fb6dc8b7e3c96018c1c:glm-5.3,glm-5.3,glm-5.3,True,
c7a0872e89084d8ceeeb:glm-5.3,glm-5.3,glm-5.3,True,
06b787b0effbddf63c8d:glm-5.3,glm-5.3,glm-5.3,True,
3656ca2c8a77e800b0a1:deepseek-v4-pro,deepseek-v4-pro,deepseek-v4-pro,True,
edf986b54cf247bf8eb9:glm-5.3,glm-5.3,glm-5.3,True,
aaeb0f615de7447639bc:deepseek-v4-pro,deepseek-v4-pro,deepseek-v4-pro,True,
59687f4313e139e06658:MiniMax-M3,MiniMax-M3,MiniMax-M3,True,
8562cf36ac8da8b9ab05:MiniMax-M3,MiniMax-M3,MiniMax-M3,True,
be9227ceaf446b11cc5b:glm-5.3,glm-5.3,glm-5.3,True,
62df265732701a20305c:glm-5.3,glm-5.3,glm-5.3,True,
e2228c138ed945a05240:MiniMax-M3,MiniMax-M3,MiniMax-M3,True,
955d058dd28876c674d4:MiniMax-M3,MiniMax-M3,MiniMax-M3,True,
6e726b22411d8e66a5e4:glm-5.3,glm-5.3,glm-5.3,True,
d962bd7e96a856864ebb:MiniMax-M3,MiniMax-M3,MiniMax-M3,True,
50fc1b5af621c8e0f110:glm-5.3,glm-5.3,glm-5.3,True,
bb917accb6df17c44f5f:glm-5.3,glm-5.3,glm-5.3,True,
129b2eb7595132400a0d:MiniMax-M3,MiniMax-M3,MiniMax-M3,True,
4b8944d5ff8298cf0424:glm-5.3,glm-5.3,glm-5.3,True,
1c4e1b1517b9a194236a:deepseek-v4-pro,deepseek-v4-pro,deepseek-v4-pro,True,
4f889af228c10557fae8:deepseek-v4-pro,deepseek-v4-pro,deepseek-v4-pro,True,
5cbc06d5ad4d7736062e:glm-5.3,glm-5.3,glm-5.3,True,
a62a81b3efffcb7011d0:deepseek-v4-pro,deepseek-v4-pro,deepseek-v4-pro,True,
ecf7e22fd0c680a47cc1:MiniMax-M3,MiniMax-M3,MiniMax-M3,True,
4a644bedc5f5133f2ee9:MiniMax-M3,MiniMax-M3,MiniMax-M3,True,
e271c6e089077057aa10:deepseek-v4-pro,deepseek-v4-pro,deepseek-v4-pro,True,
24ff8ea050dd2f7487c3:deepseek-v4-pro,deepseek-v4-pro,deepseek-v4-pro,True,
defdd704f5dadf804e41:glm-5.3,glm-5.3,glm-5.3,True,
797ed733e7c10aac6256:MiniMax-M3,MiniMax-M3,MiniMax-M3,True,
e54f75808b8113071460:glm-5.3,glm-5.3,glm-5.3,True,
cfafd000cfc3b0fbb2b1:MiniMax-M3,MiniMax-M3,MiniMax-M3,True,
9a5902b5a91c66450c3e:MiniMax-M3,MiniMax-M3,MiniMax-M3,True,
5ada4639bd440422935d:deepseek-v4-pro,deepseek-v4-pro,deepseek-v4-pro,True,
d0569ba0c03eccea98ca:deepseek-v4-pro,deepseek-v4-pro,deepseek-v4-pro,True,
06ab574c2d7c2c5d073c:MiniMax-M3,MiniMax-M3,MiniMax-M3,True,
afba543f3ec6b3612ccb:MiniMax-M3,MiniMax-M3,MiniMax-M3,True,
e48a9650e67c4f9bdede:glm-5.3,glm-5.3,glm-5.3,True,
00d365bc69056c29191a:glm-5.3,glm-5.3,glm-5.3,True,
59cbb6961b8ec0eeb352:MiniMax-M3,MiniMax-M3,MiniMax-M3,True,
07e4153bba51ee3b24bd:MiniMax-M3,MiniMax-M3,MiniMax-M3,True,
a77c9ced6b7ec7510183:MiniMax-M3,MiniMax-M3,MiniMax-M3,True,
0ce0a765e3c009e5a3db:glm-5.3,glm-5.3,glm-5.3,True,
b45d93d192055f4340bb:MiniMax-M3,MiniMax-M3,MiniMax-M3,True,
7608a489f9318c1ecb6f:MiniMax-M3,MiniMax-M3,MiniMax-M3,True,
cdecc446bdbbbcc2e59c:MiniMax-M3,MiniMax-M3,MiniMax-M3,True,
2923eef95689014c51e9:deepseek-v4-pro,deepseek-v4-pro,deepseek-v4-pro,True,
47454a291154e5884cfc:deepseek-v4-pro,deepseek-v4-pro,deepseek-v4-pro,True,
c5e0a4fa83808484339a:MiniMax-M3,MiniMax-M3,MiniMax-M3,True,
6bbc4fdf0395bcdc1187:MiniMax-M3,MiniMax-M3,MiniMax-M3,True,
341c382c25952012c82b:MiniMax-M3,MiniMax-M3,MiniMax-M3,True,
701f7eb43a976e5947ed:glm-5.3,glm-5.3,glm-5.3,True,
21f1188d26096093e604:MiniMax-M3,MiniMax-M3,MiniMax-M3,True,
ad2b1bc01f065ec8a5a7:glm-5.3,glm-5.3,glm-5.3,True,
ff809ab7f97c213dad2c:deepseek-v4-pro,deepseek-v4-pro,deepseek-v4-pro,True,
380b89f803cf6ae2def9:glm-5.3,glm-5.3,glm-5.3,True,
d7ddbc2075cc7e3c2e54:deepseek-v4-pro,deepseek-v4-pro,deepseek-v4-pro,True,
3c2516a549a93ab495fc:deepseek-v4-pro,deepseek-v4-pro,deepseek-v4-pro,True,
f2eee33ae308ac8a9902:deepseek-v4-pro,deepseek-v4-pro,deepseek-v4-pro,True,
86d5dc543bc945eb419a:glm-5.3,glm-5.3,glm-5.3,True,
e3ee344e23d397fdb94d:deepseek-v4-pro,deepseek-v4-pro,deepseek-v4-pro,True,
347b319927bac7fcfb4f:deepseek-v4-pro,deepseek-v4-pro,deepseek-v4-pro,True,
24ca84d46e65b14613e9:glm-5.3,glm-5.3,glm-5.3,True,
a019cc01e556bf389fef:deepseek-v4-pro,deepseek-v4-pro,deepseek-v4-pro,True,
160a4649d646ad24643c:glm-5.3,glm-5.3,glm-5.3,True,
9d68ed7e4e88a8daf5cf:deepseek-v4-pro,deepseek-v4-pro,deepseek-v4-pro,True,
56d8f89f3eef799d8686:MiniMax-M3,MiniMax-M3,MiniMax-M3,True,
67d6df61a3dcdacea8ae:deepseek-v4-pro,deepseek-v4-pro,deepseek-v4-pro,True,
cdae390be2a7519d27df:MiniMax-M3,MiniMax-M3,MiniMax-M3,True,
0c38fec181fc078f22dc:deepseek-v4-pro,deepseek-v4-pro,deepseek-v4-pro,True,
597899a7a83ac4454ac3:glm-5.3,glm-5.3,glm-5.3,True,
5ba555606c11f22da28d:glm-5.3,glm-5.3,glm-5.3,True,
0c2fb6f8c16c540afc39:MiniMax-M3,MiniMax-M3,MiniMax-M3,True,
63679a0fc318bab66c30:deepseek-v4-pro,deepseek-v4-pro,deepseek-v4-pro,True,
712872333c9f95898a83:MiniMax-M3,MiniMax-M3,MiniMax-M3,True,
ab2b36b18defa17d46b2:deepseek-v4-pro,deepseek-v4-pro,deepseek-v4-pro,True,
201e1195d48a4f3c1f7a:glm-5.3,glm-5.3,glm-5.3,True,
6436d09f1b6464dfa415:MiniMax-M3,MiniMax-M3,MiniMax-M3,True,
701e0651dd14c9b895b5:deepseek-v4-pro,deepseek-v4-pro,deepseek-v4-pro,True,
3a619b66cb4a07ea0d7c:MiniMax-M3,MiniMax-M3,MiniMax-M3,True,
d1e5da24f9642a3a5049:deepseek-v4-pro,deepseek-v4-pro,deepseek-v4-pro,True,
9278fc86a7d05a7598cd:glm-5.3,glm-5.3,glm-5.3,True,
4e0b3c607804cd1ed819:glm-5.3,glm-5.3,glm-5.3,True,
d444d32fcfc2aa98fa79:deepseek-v4-pro,deepseek-v4-pro,deepseek-v4-pro,True,
9444205ca53890bb0710:MiniMax-M3,MiniMax-M3,MiniMax-M3,True,
503032635f5d62c5fd5f:deepseek-v4-pro,deepseek-v4-pro,deepseek-v4-pro,True,
c7de7816872b17230e76:glm-5.3,glm-5.3,glm-5.3,True,
0a9a58dd93ee7390fb10:deepseek-v4-pro,deepseek-v4-pro,deepseek-v4-pro,True,
bc23e3844f208c481951:deepseek-v4-pro,deepseek-v4-pro,deepseek-v4-pro,True,
efff7b26d78aa427ee3f:deepseek-v4-pro,deepseek-v4-pro,deepseek-v4-pro,True,
87372e16c978ae484a3e:MiniMax-M3,MiniMax-M3,MiniMax-M3,True,
73bdffc02c2b62a55e53:MiniMax-M3,MiniMax-M3,MiniMax-M3,True,
bcdb02b80fcbdad21dfe:deepseek-v4-pro,deepseek-v4-pro,deepseek-v4-pro,True,
56ccf81231ae3efd63c4:MiniMax-M3,MiniMax-M3,MiniMax-M3,True,
d3471ebf02e3be3cea28:deepseek-v4-pro,deepseek-v4-pro,deepseek-v4-pro,True,
4eebee5d8867cdac05c6:glm-5.3,glm-5.3,glm-5.3,True,
dbc2702eaa1bea1e133d:MiniMax-M3,MiniMax-M3,MiniMax-M3,True,
40347447d9f8b3f6b530:MiniMax-M3,MiniMax-M3,MiniMax-M3,True,
1c4aa066dcac86217bc6:glm-5.3,glm-5.3,glm-5.3,True,
c1f4a640d2161297ea80:MiniMax-M3,MiniMax-M3,MiniMax-M3,True,
089d6afceb0650087758:deepseek-v4-pro,deepseek-v4-pro,deepseek-v4-pro,True,
a8d31c515356c820f288:deepseek-v4-pro,deepseek-v4-pro,deepseek-v4-pro,True,
0708241fe563a18ac31c:MiniMax-M3,MiniMax-M3,MiniMax-M3,True,
24c41fc393f835171b5e:glm-5.3,glm-5.3,glm-5.3,True,
b57889f1d19dd5bc52d3:MiniMax-M3,MiniMax-M3,MiniMax-M3,True,
82e4470cecd1c5797e12:MiniMax-M3,MiniMax-M3,MiniMax-M3,True,
539a7bd41eabf1da7066:MiniMax-M3,MiniMax-M3,MiniMax-M3,True,
ba07883211045daf8f40:glm-5.3,glm-5.3,glm-5.3,True,
a838b108df9169864db4:deepseek-v4-pro,deepseek-v4-pro,deepseek-v4-pro,True,
92fa4b08600d090ea4e0:deepseek-v4-pro,deepseek-v4-pro,deepseek-v4-pro,True,
fb167974b24668728295:glm-5.3,glm-5.3,glm-5.3,True,
77f68f6304a370548332:MiniMax-M3,MiniMax-M3,MiniMax-M3,True,
0b49c616edea9ca193ce:deepseek-v4-pro,deepseek-v4-pro,deepseek-v4-pro,True,
618ef08fbdfbd90e4cbd:deepseek-v4-pro,deepseek-v4-pro,deepseek-v4-pro,True,
bdfe7a91e93de0ef0911:deepseek-v4-pro,deepseek-v4-pro,deepseek-v4-pro,True,
032ef8f298d6322870e9:deepseek-v4-pro,deepseek-v4-pro,deepseek-v4-pro,True,
8562b899c1dd044424a5:MiniMax-M3,MiniMax-M3,MiniMax-M3,True,
92206fc5f24c2eaf031c:MiniMax-M3,MiniMax-M3,MiniMax-M3,True,
d6aec96008ddf37ea1bd:glm-5.3,glm-5.3,glm-5.3,True,
702e90e8774faaef6ae4:deepseek-v4-pro,deepseek-v4-pro,deepseek-v4-pro,True,
dfd92680f5eaf1a180fa:deepseek-v4-pro,deepseek-v4-pro,deepseek-v4-pro,True,
9094388993655a5d8cf5:glm-5.3,glm-5.3,glm-5.3,True,
1b9596adb586c5ff2357:glm-5.3,glm-5.3,glm-5.3,True,
b477b10ecd376b3d6fca:deepseek-v4-pro,deepseek-v4-pro,deepseek-v4-pro,True,
5ba555606c11f22da28d:MiniMax-M3,MiniMax-M3,MiniMax-M3,True,
f721bebeba3739934b5c:glm-5.3,glm-5.3,glm-5.3,True,
c20b1ea7f9b532f14e97:glm-5.3,glm-5.3,glm-5.3,True,
cddf5989e9838a25db37:glm-5.3,glm-5.3,glm-5.3,True,
3c5949407bd4d6f6f51f:MiniMax-M3,MiniMax-M3,MiniMax-M3,True,
9f16b38d231ab95e899a:glm-5.3,glm-5.3,glm-5.3,True,
5f415bf613bece0bb407:MiniMax-M3,MiniMax-M3,MiniMax-M3,True,
342fc6ea2ae526d1ce9f:MiniMax-M3,MiniMax-M3,MiniMax-M3,True,
ae76e8bec8e8a74c8e6d:glm-5.3,glm-5.3,glm-5.3,True,
fde77fabc4f9afc43698:deepseek-v4-pro,deepseek-v4-pro,deepseek-v4-pro,True,
a94dc3dcc713dda2c2c9:MiniMax-M3,MiniMax-M3,MiniMax-M3,True,
ef953334dafadf6a532d:deepseek-v4-pro,deepseek-v4-pro,deepseek-v4-pro,True,
842da69b02be6465ae03:deepseek-v4-pro,deepseek-v4-pro,deepseek-v4-pro,True,
aa5c30b2dfdb6a72c429:glm-5.3,glm-5.3,glm-5.3,True,
01458299fb3d9a114c58:glm-5.3,glm-5.3,glm-5.3,True,
e0dca0296219bac58da9:deepseek-v4-pro,deepseek-v4-pro,deepseek-v4-pro,True,
5277366e4d5b6c8e0980:deepseek-v4-pro,deepseek-v4-pro,deepseek-v4-pro,True,
9c90bc4922657722eabb:glm-5.3,glm-5.3,glm-5.3,True,
b98c827fd16d6d93c373:MiniMax-M3,MiniMax-M3,MiniMax-M3,True,
3d69800f39f4dba21af4:glm-5.3,glm-5.3,glm-5.3,True,
7a82ca318f244a54fe72:glm-5.3,glm-5.3,glm-5.3,True,
94d5d26bfac3705db7c8:MiniMax-M3,MiniMax-M3,MiniMax-M3,True,
4a848248f95d93f14450:MiniMax-M3,MiniMax-M3,MiniMax-M3,True,
3baf609a1e4cf3241ba4:deepseek-v4-pro,deepseek-v4-pro,deepseek-v4-pro,True,
307b619e11e248e809be:deepseek-v4-pro,deepseek-v4-pro,deepseek-v4-pro,True,
24ca84d46e65b14613e9:deepseek-v4-pro,deepseek-v4-pro,deepseek-v4-pro,True,
df1bf05a019d67a80a64:deepseek-v4-pro,deepseek-v4-pro,deepseek-v4-pro,True,
3e108c8cbeed4ab0d97a:glm-5.3,glm-5.3,glm-5.3,True,
e3457816aee7ce9e6a98:deepseek-v4-pro,deepseek-v4-pro,deepseek-v4-pro,True,
3e565776d021bd5c88ba:glm-5.3,glm-5.3,glm-5.3,True,
18cf5337e4bcc46d2805:deepseek-v4-pro,deepseek-v4-pro,deepseek-v4-pro,True,
280e3434387c18fd853b:deepseek-v4-pro,deepseek-v4-pro,deepseek-v4-pro,True,
ceec9042b78bfd16fb8f:deepseek-v4-pro,deepseek-v4-pro,deepseek-v4-pro,True,
e6f8987fac96ccc05ecd:MiniMax-M3,MiniMax-M3,MiniMax-M3,True,
ad5744f069e576918d68:deepseek-v4-pro,deepseek-v4-pro,deepseek-v4-pro,True,
722dd36bc635e4bb6cd9:MiniMax-M3,MiniMax-M3,MiniMax-M3,True,
9dd744af53e2e27252b3:deepseek-v4-pro,deepseek-v4-pro,deepseek-v4-pro,True,
244fd3eb022046b4a652:MiniMax-M3,MiniMax-M3,MiniMax-M3,True,
c239ed602cb7956439a4:deepseek-v4-pro,deepseek-v4-pro,deepseek-v4-pro,True,
3ec7b9adb39e46341911:glm-5.3,glm-5.3,glm-5.3,True,
0cb63689cdaafc3f4875:deepseek-v4-pro,deepseek-v4-pro,deepseek-v4-pro,True,
bcecde76ce2744f44240:MiniMax-M3,MiniMax-M3,MiniMax-M3,True,
03d676cce4c87b905fdd:MiniMax-M3,MiniMax-M3,MiniMax-M3,True,
b1a54ef3b6332576eccf:MiniMax-M3,MiniMax-M3,MiniMax-M3,True,
5c821e5e0cc384202ec7:MiniMax-M3,MiniMax-M3,MiniMax-M3,True,
b05c11d7fc1070323aa1:glm-5.3,glm-5.3,glm-5.3,True,
c8ff6c9dea51c637eba9:MiniMax-M3,MiniMax-M3,MiniMax-M3,True,
4e77994bb985363cc822:deepseek-v4-pro,deepseek-v4-pro,deepseek-v4-pro,True,
07cb4f5104044ed8b55f:deepseek-v4-pro,deepseek-v4-pro,deepseek-v4-pro,True,
512d232249b62e19b556:deepseek-v4-pro,deepseek-v4-pro,deepseek-v4-pro,True,
944fdc7e67bf520bda75:MiniMax-M3,MiniMax-M3,MiniMax-M3,True,
4adec775c7008c8153c3:MiniMax-M3,MiniMax-M3,MiniMax-M3,True,
56b413298b08d776f4c7:MiniMax-M3,MiniMax-M3,MiniMax-M3,True,
1fdd965bb185f51e4d11:MiniMax-M3,MiniMax-M3,MiniMax-M3,True,
7287d128db133dcf7683:glm-5.3,glm-5.3,glm-5.3,True,
55e84697b0c4e36cc37f:glm-5.3,glm-5.3,glm-5.3,True,
9d85b6e2ec90e9d36f6c:deepseek-v4-pro,deepseek-v4-pro,deepseek-v4-pro,True,
c4b343de197601402bfe:MiniMax-M3,MiniMax-M3,MiniMax-M3,True,
1961af067559885c50ff:MiniMax-M3,MiniMax-M3,MiniMax-M3,True,
0f61886a63fff3aca73a:MiniMax-M3,MiniMax-M3,MiniMax-M3,True,
bc5283c1db7d0e1c98f9:glm-5.3,glm-5.3,glm-5.3,True,
d54c7465866a5194e56a:MiniMax-M3,MiniMax-M3,MiniMax-M3,True,
218157c88a653760463b:glm-5.3,glm-5.3,glm-5.3,True,
c8ac262cf4a797661f89:glm-5.3,glm-5.3,glm-5.3,True,
8547e9351fec9c11e0c4:MiniMax-M3,MiniMax-M3,MiniMax-M3,True,
7f0870b5bc8077270b47:deepseek-v4-pro,deepseek-v4-pro,deepseek-v4-pro,True,
6aaf1d5704f90a720f87:deepseek-v4-pro,deepseek-v4-pro,deepseek-v4-pro,True,
8f1471f2f65b1700d47e:deepseek-v4-pro,deepseek-v4-pro,deepseek-v4-pro,True,
9effb3a33544fb8eb2f6:glm-5.3,glm-5.3,glm-5.3,True,
018eb93425ff7172b6a2:MiniMax-M3,MiniMax-M3,MiniMax-M3,True,
18f327491e1db5de1f9c:MiniMax-M3,MiniMax-M3,MiniMax-M3,True,
2c334a0173af4d7305bf:deepseek-v4-pro,deepseek-v4-pro,deepseek-v4-pro,True,
5bf8a0775c5e91c12105:MiniMax-M3,MiniMax-M3,MiniMax-M3,True,
67ac2d8524791d575341:glm-5.3,glm-5.3,glm-5.3,True,
25ac6ec01438ec82a101:glm-5.3,glm-5.3,glm-5.3,True,
588b81ef33b1b0ccf498:MiniMax-M3,MiniMax-M3,MiniMax-M3,True,
af44ac5b2f8b47769713:MiniMax-M3,MiniMax-M3,MiniMax-M3,True,
e7e3e94f2081f48f60c1:deepseek-v4-pro,deepseek-v4-pro,deepseek-v4-pro,True,
a58a2922b0d5017a81cb:glm-5.3,glm-5.3,glm-5.3,True,
36a455d33a0fe917fa75:deepseek-v4-pro,deepseek-v4-pro,deepseek-v4-pro,True,
f81916da24cdd6baddfc:MiniMax-M3,MiniMax-M3,MiniMax-M3,True,
639e2e3a217eefc5fd57:MiniMax-M3,MiniMax-M3,MiniMax-M3,True,
dd27a15ba0c273075134:glm-5.3,glm-5.3,glm-5.3,True,
60beb202951dcdd19661:glm-5.3,glm-5.3,glm-5.3,True,
0d82dd0464ca24b48820:glm-5.3,glm-5.3,glm-5.3,True,
8b08ed44d7ad77e40b0a:deepseek-v4-pro,deepseek-v4-pro,deepseek-v4-pro,True,
1a18f49cbee671f3c996:glm-5.3,glm-5.3,glm-5.3,True,
5150e826770bc96bbe99:MiniMax-M3,MiniMax-M3,MiniMax-M3,True,
0bcc813c6c85dd40928c:deepseek-v4-pro,deepseek-v4-pro,deepseek-v4-pro,True,
52007591a0d67886eb49:glm-5.3,glm-5.3,glm-5.3,True,
68f8e623330cbb906e98:glm-5.3,glm-5.3,glm-5.3,True,
3bd624c413aae561ee44:deepseek-v4-pro,deepseek-v4-pro,deepseek-v4-pro,True,
44772811a93a3f476028:MiniMax-M3,MiniMax-M3,MiniMax-M3,True,
41eacc7a559d1e5d896c:glm-5.3,glm-5.3,glm-5.3,True,
5de9d571e6a9ee47ac87:deepseek-v4-pro,deepseek-v4-pro,deepseek-v4-pro,True,
9f5900bea29f4112388b:glm-5.3,glm-5.3,glm-5.3,True,
1bd5c5c44acf64c6a1dc:deepseek-v4-pro,deepseek-v4-pro,deepseek-v4-pro,True,
fc6c69dcfa3efc27a4d8:deepseek-v4-pro,deepseek-v4-pro,deepseek-v4-pro,True,
6fab3abc429313ea4de9:glm-5.3,glm-5.3,glm-5.3,True,
31e679c403565e91be27:MiniMax-M3,MiniMax-M3,MiniMax-M3,True,
87ad058cd61affc28a09:deepseek-v4-pro,deepseek-v4-pro,deepseek-v4-pro,True,
b2d9fb0eed7d1d35bf98:MiniMax-M3,MiniMax-M3,MiniMax-M3,True,
06825c727687319493dc:glm-5.3,glm-5.3,glm-5.3,True,
d2f609a43e57581a0393:MiniMax-M3,MiniMax-M3,MiniMax-M3,True,
6af934ab5cca8e7f30ce:deepseek-v4-pro,deepseek-v4-pro,deepseek-v4-pro,True,
54cd011e50dbf2d0f78e:deepseek-v4-pro,deepseek-v4-pro,deepseek-v4-pro,True,
16b8d907400ab736b53a:MiniMax-M3,MiniMax-M3,MiniMax-M3,True,
86381c4c4308813a21ce:deepseek-v4-pro,deepseek-v4-pro,deepseek-v4-pro,True,
79aacc833966c567816a:MiniMax-M3,MiniMax-M3,MiniMax-M3,True,
74b35bd351acfbc51bfd:glm-5.3,glm-5.3,glm-5.3,True,
aa057afa724e290d672a:MiniMax-M3,MiniMax-M3,MiniMax-M3,True,
e8589a0a8fa240f8a02d:MiniMax-M3,MiniMax-M3,MiniMax-M3,True,
5e059ee1c4d0f0fe921e:MiniMax-M3,MiniMax-M3,MiniMax-M3,True,
9370ebe6365b789c8b27:MiniMax-M3,MiniMax-M3,MiniMax-M3,True,
e8d1a2b736e8bf2e358d:glm-5.3,glm-5.3,glm-5.3,True,
58f287d3684b681585bc:deepseek-v4-pro,deepseek-v4-pro,deepseek-v4-pro,True,
40c255bb901e13eb2f41:MiniMax-M3,MiniMax-M3,MiniMax-M3,True,
e8e1ecb6a216cef94844:MiniMax-M3,MiniMax-M3,MiniMax-M3,True,
df1bf05a019d67a80a64:glm-5.3,glm-5.3,glm-5.3,True,
798634c019d78ded0601:MiniMax-M3,MiniMax-M3,MiniMax-M3,True,
4eb375830354f951101b:glm-5.3,glm-5.3,glm-5.3,True,
705906ce91157fa03329:deepseek-v4-pro,deepseek-v4-pro,deepseek-v4-pro,True,
f4676c06d2a10c5c9381:MiniMax-M3,MiniMax-M3,MiniMax-M3,True,
4f889af228c10557fae8:MiniMax-M3,MiniMax-M3,MiniMax-M3,True,
163b301b7129ad2fa41d:glm-5.3,glm-5.3,glm-5.3,True,
b2b40436936895732880:glm-5.3,glm-5.3,glm-5.3,True,
3c8d1b80e39cb13f3dc4:glm-5.3,glm-5.3,glm-5.3,True,
588b81ef33b1b0ccf498:glm-5.3,glm-5.3,glm-5.3,True,
4cb4ff71e2990dac51bf:deepseek-v4-pro,deepseek-v4-pro,deepseek-v4-pro,True,
dda729e68b19348a783c:glm-5.3,glm-5.3,glm-5.3,True,
e2228c138ed945a05240:deepseek-v4-pro,deepseek-v4-pro,deepseek-v4-pro,True,
1534994431b541cd882f:MiniMax-M3,MiniMax-M3,MiniMax-M3,True,
ff9b4e9fb7ded929a232:deepseek-v4-pro,deepseek-v4-pro,deepseek-v4-pro,True,
a235553f45b15a6314f9:deepseek-v4-pro,deepseek-v4-pro,deepseek-v4-pro,True,
9d6dcb6e3bc8f747e212:MiniMax-M3,MiniMax-M3,MiniMax-M3,True,
5d860567c074477a33b0:glm-5.3,glm-5.3,glm-5.3,True,
9dcad66daba3b7ef39fb:MiniMax-M3,MiniMax-M3,MiniMax-M3,True,
186c9fd6b9f504f07650:deepseek-v4-pro,deepseek-v4-pro,deepseek-v4-pro,True,
f2b487e67224e3ea3f4d:glm-5.3,glm-5.3,glm-5.3,True,
63f2a3d2596371d5d0b9:glm-5.3,glm-5.3,glm-5.3,True,
880ecfaac3c639f85909:deepseek-v4-pro,deepseek-v4-pro,deepseek-v4-pro,True,
0e2c80014e8545c03df0:MiniMax-M3,MiniMax-M3,MiniMax-M3,True,
6e055cdf213b21be83aa:glm-5.3,glm-5.3,glm-5.3,True,
dc2e633a960d8e238ec3:MiniMax-M3,MiniMax-M3,MiniMax-M3,True,
1692de46489896e791e8:glm-5.3,glm-5.3,glm-5.3,True,
75407792a72382fadbb0:glm-5.3,glm-5.3,glm-5.3,True,
f35cf469e01ca7404391:deepseek-v4-pro,deepseek-v4-pro,deepseek-v4-pro,True,
52e387754d41a9a95c07:deepseek-v4-pro,deepseek-v4-pro,deepseek-v4-pro,True,
f6fa02a08d56d8864feb:MiniMax-M3,MiniMax-M3,MiniMax-M3,True,
bb9a1bf9ba0af3d26e23:MiniMax-M3,MiniMax-M3,MiniMax-M3,True,
876fa475344c2455dde0:glm-5.3,glm-5.3,glm-5.3,True,
22bd10febcaf1a20d86a:deepseek-v4-pro,deepseek-v4-pro,deepseek-v4-pro,True,
eda27a21b79ea55083d8:glm-5.3,glm-5.3,glm-5.3,True,
6557a8ad9e461ac38a10:MiniMax-M3,MiniMax-M3,MiniMax-M3,True,
f917d3d6c75eaf47f124:deepseek-v4-pro,deepseek-v4-pro,deepseek-v4-pro,True,
0e0f806218a987257cad:MiniMax-M3,MiniMax-M3,MiniMax-M3,True,
357b6fe64cd5463b893f:deepseek-v4-pro,deepseek-v4-pro,deepseek-v4-pro,True,
aa1eb6824f9b5a9e951d:MiniMax-M3,MiniMax-M3,MiniMax-M3,True,
80533ba7932b7f2f70d0:MiniMax-M3,MiniMax-M3,MiniMax-M3,True,
c7cdb59788478d4bcb16:glm-5.3,glm-5.3,glm-5.3,True,
b7dec6bd2821e388934f:deepseek-v4-pro,deepseek-v4-pro,deepseek-v4-pro,True,
ba5bc21407df20b5f183:deepseek-v4-pro,deepseek-v4-pro,deepseek-v4-pro,True,
b2fe78f890036101917c:glm-5.3,glm-5.3,glm-5.3,True,
b5910f52101bc1783d9a:glm-5.3,glm-5.3,glm-5.3,True,
38dda243df43bfde2469:glm-5.3,glm-5.3,glm-5.3,True,
1cb97690ed488dff584b:glm-5.3,glm-5.3,glm-5.3,True,
9fa96bcb83eb6a13dd5f:deepseek-v4-pro,deepseek-v4-pro,deepseek-v4-pro,True,
7dd986276d89b4b5e8a1:deepseek-v4-pro,deepseek-v4-pro,deepseek-v4-pro,True,
1d803d1fd9ece9a17cb3:MiniMax-M3,MiniMax-M3,MiniMax-M3,True,
342c750f4f921015790d:glm-5.3,glm-5.3,glm-5.3,True,
ed09b40b677ccca9d6a6:MiniMax-M3,MiniMax-M3,MiniMax-M3,True,
8136dba972df62da195f:glm-5.3,glm-5.3,glm-5.3,True,
f9fc79b49dd6f33a9584:deepseek-v4-pro,deepseek-v4-pro,deepseek-v4-pro,True,
e38f2e6feda47962c818:glm-5.3,glm-5.3,glm-5.3,True,
debe3647795410f7f537:glm-5.3,glm-5.3,glm-5.3,True,
d2ee1b3550849ebdc4e0:deepseek-v4-pro,deepseek-v4-pro,deepseek-v4-pro,True,
43d019638f24050608df:glm-5.3,glm-5.3,glm-5.3,True,
03e41b9604867a9ab06f:MiniMax-M3,MiniMax-M3,MiniMax-M3,True,
0ca03e5df5985140d3c7:MiniMax-M3,MiniMax-M3,MiniMax-M3,True,
a494fd8c2752adac0c57:deepseek-v4-pro,deepseek-v4-pro,deepseek-v4-pro,True,
8e51f540bdef5e2cd107:deepseek-v4-pro,deepseek-v4-pro,deepseek-v4-pro,True,
a97d12ebfc98b902c630:deepseek-v4-pro,deepseek-v4-pro,deepseek-v4-pro,True,
16ccfb78a9765e317164:MiniMax-M3,MiniMax-M3,MiniMax-M3,True,
d2be4582f037c421121f:MiniMax-M3,MiniMax-M3,MiniMax-M3,True,
e6794b12f30a026011ac:deepseek-v4-pro,deepseek-v4-pro,deepseek-v4-pro,True,
3f9c4c5f513e24a15dd2:deepseek-v4-pro,deepseek-v4-pro,deepseek-v4-pro,True,
a1fd64921569de8fd297:MiniMax-M3,MiniMax-M3,MiniMax-M3,True,
4a5461a1e6be9451c6e2:glm-5.3,glm-5.3,glm-5.3,True,
0a7b636542cc8b85e3fc:deepseek-v4-pro,deepseek-v4-pro,deepseek-v4-pro,True,
327de3778209f60c92b6:MiniMax-M3,MiniMax-M3,MiniMax-M3,True,
39602f1fb646e40fc50d:glm-5.3,glm-5.3,glm-5.3,True,
c9660f654b511f8d4343:glm-5.3,glm-5.3,glm-5.3,True,
26479ae72f83e6454895:deepseek-v4-pro,deepseek-v4-pro,deepseek-v4-pro,True,
23378f15b1ae7296c346:glm-5.3,glm-5.3,glm-5.3,True,
54180d401ae2b4b7724f:deepseek-v4-pro,deepseek-v4-pro,deepseek-v4-pro,True,
839b101a30a66eca84bb:glm-5.3,glm-5.3,glm-5.3,True,
9e073bff46544f27dff1:deepseek-v4-pro,deepseek-v4-pro,deepseek-v4-pro,True,
b80e977c2523f1ed3ed0:deepseek-v4-pro,deepseek-v4-pro,deepseek-v4-pro,True,
4a55d7cb0e07084e76d3:MiniMax-M3,MiniMax-M3,MiniMax-M3,True,
4d7a2032eaa82de5aeb2:MiniMax-M3,MiniMax-M3,MiniMax-M3,True,
5ae2f1a2d2fa45f85011:deepseek-v4-pro,deepseek-v4-pro,deepseek-v4-pro,True,
30cba13c698e98fe2a07:glm-5.3,glm-5.3,glm-5.3,True,
486b3cebfb61e1b51291:deepseek-v4-pro,deepseek-v4-pro,deepseek-v4-pro,True,
56c8204a20f990d51856:glm-5.3,glm-5.3,glm-5.3,True,
3c5673204e5525daeca3:glm-5.3,glm-5.3,glm-5.3,True,
3a44acc09d2095a6f584:glm-5.3,glm-5.3,glm-5.3,True,
bfd4c2c02f816f08fbde:MiniMax-M3,MiniMax-M3,MiniMax-M3,True,
19d9ff5c0c47d220bf11:MiniMax-M3,MiniMax-M3,MiniMax-M3,True,
955feb605ed622f839e1:MiniMax-M3,MiniMax-M3,MiniMax-M3,True,
a7449c697b29cd338dc8:deepseek-v4-pro,deepseek-v4-pro,deepseek-v4-pro,True,
6f577fa458f07e034c8c:MiniMax-M3,MiniMax-M3,MiniMax-M3,True,
85d59b62af7d5e4ce2d9:deepseek-v4-pro,deepseek-v4-pro,deepseek-v4-pro,True,
1eeea34606e8f471e97f:MiniMax-M3,MiniMax-M3,MiniMax-M3,True,
6072a6afba3b95cef443:MiniMax-M3,MiniMax-M3,MiniMax-M3,True,
50bccb81bee532379bd3:glm-5.3,glm-5.3,glm-5.3,True,
b39790145efd6c4149ee:glm-5.3,glm-5.3,glm-5.3,True,
a04e71a731ad6d26c190:MiniMax-M3,MiniMax-M3,MiniMax-M3,True,
d636230d198d14c015b8:glm-5.3,glm-5.3,glm-5.3,True,
4e46d3a35fb9eefcb3fa:deepseek-v4-pro,deepseek-v4-pro,deepseek-v4-pro,True,
dc52535185d6c1dfb4c3:glm-5.3,glm-5.3,glm-5.3,True,
45fd13ac9c127f52164b:deepseek-v4-pro,deepseek-v4-pro,deepseek-v4-pro,True,
a9c1a0089d7a037903fc:MiniMax-M3,MiniMax-M3,MiniMax-M3,True,
0ca45684e5f81cc7bebc:glm-5.3,glm-5.3,glm-5.3,True,
792c9b28b688bfc82bf5:deepseek-v4-pro,deepseek-v4-pro,deepseek-v4-pro,True,
7dc38b0ddf96a633e840:MiniMax-M3,MiniMax-M3,MiniMax-M3,True,
9ca8816bca696e06d5dd:MiniMax-M3,MiniMax-M3,MiniMax-M3,True,
c8cb8818cdd1d0163cff:MiniMax-M3,MiniMax-M3,MiniMax-M3,True,
5ec96e268e2a156d69c6:glm-5.3,glm-5.3,glm-5.3,True,
eedce7d34f08d08314fc:deepseek-v4-pro,deepseek-v4-pro,deepseek-v4-pro,True,
7bdae372d9cce08a9f63:MiniMax-M3,MiniMax-M3,MiniMax-M3,True,
597899a7a83ac4454ac3:MiniMax-M3,MiniMax-M3,MiniMax-M3,True,
dfeece166d03a26cb090:MiniMax-M3,MiniMax-M3,MiniMax-M3,True,
a0ce202ff3e36fa1e06e:glm-5.3,glm-5.3,glm-5.3,True,
b4ab2c0277f015a2ad18:MiniMax-M3,MiniMax-M3,MiniMax-M3,True,
344913d2cbb934d41567:deepseek-v4-pro,deepseek-v4-pro,deepseek-v4-pro,True,
eb53102c9093f402304b:deepseek-v4-pro,deepseek-v4-pro,deepseek-v4-pro,True,
bffdb25cab3c0679aa01:MiniMax-M3,MiniMax-M3,MiniMax-M3,True,
86b233a17a047167cab6:MiniMax-M3,MiniMax-M3,MiniMax-M3,True,
94e807d1313e1cb1b9dc:glm-5.3,glm-5.3,glm-5.3,True,
fe7eb511eb379848ce65:deepseek-v4-pro,deepseek-v4-pro,deepseek-v4-pro,True,
c4b343de197601402bfe:deepseek-v4-pro,deepseek-v4-pro,deepseek-v4-pro,True,
69f54c725ef029571f9b:glm-5.3,glm-5.3,glm-5.3,True,
1fb95a98d2d19de3c739:glm-5.3,glm-5.3,glm-5.3,True,
8bbbd5ca5ebaf6316a92:deepseek-v4-pro,deepseek-v4-pro,deepseek-v4-pro,True,
a218f1efd5a2db1b766c:deepseek-v4-pro,deepseek-v4-pro,deepseek-v4-pro,True,
daa74d642c159b38ba88:MiniMax-M3,MiniMax-M3,MiniMax-M3,True,
a595161d6a0406870355:glm-5.3,glm-5.3,glm-5.3,True,
fda216cef67cec8df18c:glm-5.3,glm-5.3,glm-5.3,True,
120a692a5f99795f990b:glm-5.3,glm-5.3,glm-5.3,True,
fa4afab100201d5965f1:deepseek-v4-pro,deepseek-v4-pro,deepseek-v4-pro,True,
9c4d99cf1690a3e7b30f:glm-5.3,glm-5.3,glm-5.3,True,
98f8940a3821d3baf7df:MiniMax-M3,MiniMax-M3,MiniMax-M3,True,
5c34610743ffb4e0c635:deepseek-v4-pro,deepseek-v4-pro,deepseek-v4-pro,True,
0e7bce6f19d3f96e712f:deepseek-v4-pro,deepseek-v4-pro,deepseek-v4-pro,True,
f0822b36bfa0470567a9:glm-5.3,glm-5.3,glm-5.3,True,
8ab1e27718120b0ab5bd:MiniMax-M3,MiniMax-M3,MiniMax-M3,True,
3edb5bae11db8a0956d9:glm-5.3,glm-5.3,glm-5.3,True,
bdbe45e22c335da5d5ee:deepseek-v4-pro,deepseek-v4-pro,deepseek-v4-pro,True,
340cd00b743d7dac2d9c:deepseek-v4-pro,deepseek-v4-pro,deepseek-v4-pro,True,
0b9dfed90360c1cfdb2c:glm-5.3,glm-5.3,glm-5.3,True,
565287f6423b5ae2f412:deepseek-v4-pro,deepseek-v4-pro,deepseek-v4-pro,True,
79b22afeb80792421716:MiniMax-M3,MiniMax-M3,MiniMax-M3,True,
c4a1e68f9ef45ade4963:deepseek-v4-pro,deepseek-v4-pro,deepseek-v4-pro,True,
2e2db04496e07eacf2b7:glm-5.3,glm-5.3,glm-5.3,True,
4997f9dce1a0cf8b95c0:glm-5.3,glm-5.3,glm-5.3,True,
1fa527c1df87241921a1:MiniMax-M3,MiniMax-M3,MiniMax-M3,True,
0bc538e1693a03d3c816:MiniMax-M3,MiniMax-M3,MiniMax-M3,True,
ca894ff205a8684a66be:glm-5.3,glm-5.3,glm-5.3,True,
aa90980e79180541a86c:glm-5.3,glm-5.3,glm-5.3,True,
077b1193cf2faf57cdcc:deepseek-v4-pro,deepseek-v4-pro,deepseek-v4-pro,True,
3027b2562d81021a9f48:MiniMax-M3,MiniMax-M3,MiniMax-M3,True,
1047c913c401c19e2ff8:deepseek-v4-pro,deepseek-v4-pro,deepseek-v4-pro,True,
aa2a331e36a3c8ff1a04:deepseek-v4-pro,deepseek-v4-pro,deepseek-v4-pro,True,
63679a0fc318bab66c30:glm-5.3,glm-5.3,glm-5.3,True,
04e8d3aba4b56b9bbbc0:MiniMax-M3,MiniMax-M3,MiniMax-M3,True,
f5b7b49dff1270b29b01:deepseek-v4-pro,deepseek-v4-pro,deepseek-v4-pro,True,
0199a5ae8c48879d97db:deepseek-v4-pro,deepseek-v4-pro,deepseek-v4-pro,True,
f2cf31592e80885fc585:deepseek-v4-pro,deepseek-v4-pro,deepseek-v4-pro,True,
ed951dfcb5b9b91c49ba:MiniMax-M3,MiniMax-M3,MiniMax-M3,True,
1f97c59fbb182e84fbc0:deepseek-v4-pro,deepseek-v4-pro,deepseek-v4-pro,True,
fe517f9d968c88a5441c:MiniMax-M3,MiniMax-M3,MiniMax-M3,True,
d001a203570d49eb3656:deepseek-v4-pro,deepseek-v4-pro,deepseek-v4-pro,True,
0ba42f6741d03d675a2c:glm-5.3,glm-5.3,glm-5.3,True,
97573483a2ab62c2e40f:MiniMax-M3,MiniMax-M3,MiniMax-M3,True,
04e97ee5941f3004267a:deepseek-v4-pro,deepseek-v4-pro,deepseek-v4-pro,True,
e5418fcaf13742cb39d0:glm-5.3,glm-5.3,glm-5.3,True,
848e2aecdb88ee6ef386:deepseek-v4-pro,deepseek-v4-pro,deepseek-v4-pro,True,
0da59b67d29ce0707d58:glm-5.3,glm-5.3,glm-5.3,True,
9bbeade64291d835217f:MiniMax-M3,MiniMax-M3,MiniMax-M3,True,
98377e25ae553b4f0504:glm-5.3,glm-5.3,glm-5.3,True,
3c8d6b2d3d3096f11e78:glm-5.3,glm-5.3,glm-5.3,True,
f652066e1c24bfc323d7:MiniMax-M3,MiniMax-M3,MiniMax-M3,True,
cad6e43effd5396fe434:MiniMax-M3,MiniMax-M3,MiniMax-M3,True,
340ac2c16e7a01f7ffc9:deepseek-v4-pro,deepseek-v4-pro,deepseek-v4-pro,True,
eca408bc4f1d16a0618a:deepseek-v4-pro,deepseek-v4-pro,deepseek-v4-pro,True,
d51d7b5b56e4d147c9fa:glm-5.3,glm-5.3,glm-5.3,True,
740ec206827e1aff6ed2:deepseek-v4-pro,deepseek-v4-pro,deepseek-v4-pro,True,
07757bc20a3d196c5d07:glm-5.3,glm-5.3,glm-5.3,True,
9add02a3a9fc455c194e:MiniMax-M3,MiniMax-M3,MiniMax-M3,True,
db7abf0b05e2d5a666cc:deepseek-v4-pro,deepseek-v4-pro,deepseek-v4-pro,True,
cd4210d3937217e0ea69:MiniMax-M3,MiniMax-M3,MiniMax-M3,True,
f9cf9b2044fa90cfc026:glm-5.3,glm-5.3,glm-5.3,True,
b79a0336305352dd83d3:glm-5.3,glm-5.3,glm-5.3,True,
569560a1386c8156a3a6:deepseek-v4-pro,deepseek-v4-pro,deepseek-v4-pro,True,
111e6ad03e43f3056a38:glm-5.3,glm-5.3,glm-5.3,True,
1a18f49cbee671f3c996:deepseek-v4-pro,deepseek-v4-pro,deepseek-v4-pro,True,
ed9e3f89a5a52c418c5f:glm-5.3,glm-5.3,glm-5.3,True,
1dd16d3995275a7e5e72:deepseek-v4-pro,deepseek-v4-pro,deepseek-v4-pro,True,
ab06baba0af7eed05fc7:MiniMax-M3,MiniMax-M3,MiniMax-M3,True,
adb8324692f01eadf642:glm-5.3,glm-5.3,glm-5.3,True,
6b3c90a51f5273f2d85c:deepseek-v4-pro,deepseek-v4-pro,deepseek-v4-pro,True,
27f27ed48e1c10387878:deepseek-v4-pro,deepseek-v4-pro,deepseek-v4-pro,True,
35ac28e272d8de94b71d:deepseek-v4-pro,deepseek-v4-pro,deepseek-v4-pro,True,
67dac0bd7e83a2b7a168:glm-5.3,glm-5.3,glm-5.3,True,
b85c17c10bab65d55805:MiniMax-M3,MiniMax-M3,MiniMax-M3,True,
563b26900bd46833dfb5:MiniMax-M3,MiniMax-M3,MiniMax-M3,True,
1c2937c00b00d488e6b8:deepseek-v4-pro,deepseek-v4-pro,deepseek-v4-pro,True,
6d5c0d8375b2448f3135:MiniMax-M3,MiniMax-M3,MiniMax-M3,True,
6d2f76eee2eed05c2318:glm-5.3,glm-5.3,glm-5.3,True,
2044a4eac61e6e3acdd6:MiniMax-M3,MiniMax-M3,MiniMax-M3,True,
b1fd7ba129d3d65895d3:deepseek-v4-pro,deepseek-v4-pro,deepseek-v4-pro,True,
8a1516689df87cd8aa9f:deepseek-v4-pro,deepseek-v4-pro,deepseek-v4-pro,True,
e8490e6f49fb51144984:deepseek-v4-pro,deepseek-v4-pro,deepseek-v4-pro,True,
00abb341bce937788554:deepseek-v4-pro,deepseek-v4-pro,deepseek-v4-pro,True,
3666d8100322032128a1:glm-5.3,glm-5.3,glm-5.3,True,
45141b249dfea6bdd74b:MiniMax-M3,MiniMax-M3,MiniMax-M3,True,
33adc9dff7a90e13cc33:MiniMax-M3,MiniMax-M3,MiniMax-M3,True,
b1a1001110bc9edc7605:deepseek-v4-pro,deepseek-v4-pro,deepseek-v4-pro,True,
d4a495e93d746278951b:glm-5.3,glm-5.3,glm-5.3,True,
b1b9c35e73cdd3285d6c:MiniMax-M3,MiniMax-M3,MiniMax-M3,True,
e0d32793abe04298e74f:deepseek-v4-pro,deepseek-v4-pro,deepseek-v4-pro,True,
326b3b546ee0c9bb8c20:deepseek-v4-pro,deepseek-v4-pro,deepseek-v4-pro,True,
1fc5af9a90454387222b:MiniMax-M3,MiniMax-M3,MiniMax-M3,True,
6c0adecefe805b7329fc:deepseek-v4-pro,deepseek-v4-pro,deepseek-v4-pro,True,
b2305b752a5ab5d3b6a6:deepseek-v4-pro,deepseek-v4-pro,deepseek-v4-pro,True,
ac741504db798b66d5b2:glm-5.3,glm-5.3,glm-5.3,True,
ff056babef562d1100cf:deepseek-v4-pro,deepseek-v4-pro,deepseek-v4-pro,True,
ff312196fcaab333d602:deepseek-v4-pro,deepseek-v4-pro,deepseek-v4-pro,True,
982307adde37b0afc863:MiniMax-M3,MiniMax-M3,MiniMax-M3,True,
a9626361d0efdc3c248a:MiniMax-M3,MiniMax-M3,MiniMax-M3,True,
0744c5f6314f8086404e:deepseek-v4-pro,deepseek-v4-pro,deepseek-v4-pro,True,
d6a3cae4e81ceef52ce8:MiniMax-M3,MiniMax-M3,MiniMax-M3,True,
26f86362588508ee7884:MiniMax-M3,MiniMax-M3,MiniMax-M3,True,
b7dec6bd2821e388934f:MiniMax-M3,MiniMax-M3,MiniMax-M3,True,
bd66324a8a28706b971f:deepseek-v4-pro,deepseek-v4-pro,deepseek-v4-pro,True,
84a718566de3b3cd26e7:MiniMax-M3,MiniMax-M3,MiniMax-M3,True,
ed09b40b677ccca9d6a6:glm-5.3,glm-5.3,glm-5.3,True,
c39934c4edf638ea41a0:glm-5.3,glm-5.3,glm-5.3,True,
a18fd822071c238c7085:glm-5.3,glm-5.3,glm-5.3,True,
7c585bbbe372fd61753c:MiniMax-M3,MiniMax-M3,MiniMax-M3,True,
732be463a186cee07646:glm-5.3,glm-5.3,glm-5.3,True,
e6f8987fac96ccc05ecd:glm-5.3,glm-5.3,glm-5.3,True,
ceb43f52580305bd2fba:MiniMax-M3,MiniMax-M3,MiniMax-M3,True,
c315b5a923ba245f043b:MiniMax-M3,MiniMax-M3,MiniMax-M3,True,
9d8d2bb946b23a01971c:glm-5.3,glm-5.3,glm-5.3,True,
83f210a1bcf75a223aac:glm-5.3,glm-5.3,glm-5.3,True,
252f7cc90a7e53723316:MiniMax-M3,MiniMax-M3,MiniMax-M3,True,
f1182a7bb432d649bb45:MiniMax-M3,MiniMax-M3,MiniMax-M3,True,
bfdcb61c5dd37e10ecce:MiniMax-M3,MiniMax-M3,MiniMax-M3,True,
b5195142781132424e56:deepseek-v4-pro,deepseek-v4-pro,deepseek-v4-pro,True,
82fc4a1526bbd8a46805:deepseek-v4-pro,deepseek-v4-pro,deepseek-v4-pro,True,
cfc24a5476a9909c5aa5:MiniMax-M3,MiniMax-M3,MiniMax-M3,True,
6c81273771c7bfb7e8f3:glm-5.3,glm-5.3,glm-5.3,True,
da63b9770e53f436e2c9:glm-5.3,glm-5.3,glm-5.3,True,
dfaf25636699f9694bef:MiniMax-M3,MiniMax-M3,MiniMax-M3,True,
10bcaa91f69f54f23d3a:deepseek-v4-pro,deepseek-v4-pro,deepseek-v4-pro,True,
b72518f0387123a8536e:MiniMax-M3,MiniMax-M3,MiniMax-M3,True,
8ab1e27718120b0ab5bd:glm-5.3,glm-5.3,glm-5.3,True,
666f60a713cb273a1a5c:glm-5.3,glm-5.3,glm-5.3,True,
75f14db88970c62cb94c:glm-5.3,glm-5.3,glm-5.3,True,
8d46c78ca9929746457f:glm-5.3,glm-5.3,glm-5.3,True,
b4815e2850bfb37a6d4f:MiniMax-M3,MiniMax-M3,MiniMax-M3,True,
832b5ad84b244f679f53:glm-5.3,glm-5.3,glm-5.3,True,
6f8b4b68e070272782be:deepseek-v4-pro,deepseek-v4-pro,deepseek-v4-pro,True,
3aa0bba8e3ecf4648037:glm-5.3,glm-5.3,glm-5.3,True,
8d46c78ca9929746457f:deepseek-v4-pro,deepseek-v4-pro,deepseek-v4-pro,True,
19f26d128e4f1ab3e512:deepseek-v4-pro,deepseek-v4-pro,deepseek-v4-pro,True,
3867065eabcaab444f92:deepseek-v4-pro,deepseek-v4-pro,deepseek-v4-pro,True,
8582d4f42fbdc7037240:deepseek-v4-pro,deepseek-v4-pro,deepseek-v4-pro,True,
cb2824f39c948e6825de:deepseek-v4-pro,deepseek-v4-pro,deepseek-v4-pro,True,
e120ea5a9f8e20a7d8a7:MiniMax-M3,MiniMax-M3,MiniMax-M3,True,
48f2f3b49296011160d7:glm-5.3,glm-5.3,glm-5.3,True,
d45621f16d588d774c6b:glm-5.3,glm-5.3,glm-5.3,True,
d66fd18f080460014dec:glm-5.3,glm-5.3,glm-5.3,True,
f0eb014da3dba6ff9cb7:MiniMax-M3,MiniMax-M3,MiniMax-M3,True,
ae444430ac4a463a5114:glm-5.3,glm-5.3,glm-5.3,True,
d40ddc4327aa8fdbc866:deepseek-v4-pro,deepseek-v4-pro,deepseek-v4-pro,True,
a00175ba4eee824b18c7:MiniMax-M3,MiniMax-M3,MiniMax-M3,True,
979b67133d2ba537c232:MiniMax-M3,MiniMax-M3,MiniMax-M3,True,
dff536111d1beef969a7:glm-5.3,glm-5.3,glm-5.3,True,
b85c17c10bab65d55805:deepseek-v4-pro,deepseek-v4-pro,deepseek-v4-pro,True,
71b892600e41c6897930:glm-5.3,glm-5.3,glm-5.3,True,
14fd596d822bae0c42e1:glm-5.3,glm-5.3,glm-5.3,True,
46bd9f98f34090fe4c24:glm-5.3,glm-5.3,glm-5.3,True,
a7ec5b5a328b914fd559:glm-5.3,glm-5.3,glm-5.3,True,
58c01737030d676c8e25:deepseek-v4-pro,deepseek-v4-pro,deepseek-v4-pro,True,
887faa1177442b33c133:glm-5.3,glm-5.3,glm-5.3,True,
9ed9c222dbbd55c692b6:MiniMax-M3,MiniMax-M3,MiniMax-M3,True,
672f8f0c5bc14185710c:glm-5.3,glm-5.3,glm-5.3,True,
f111041af676e6a7a9e9:glm-5.3,glm-5.3,glm-5.3,True,
9117db894432249ce177:glm-5.3,glm-5.3,glm-5.3,True,
3869a1b11b0a35e16549:deepseek-v4-pro,deepseek-v4-pro,deepseek-v4-pro,True,
b5b9d9aa8135bbdf7bc9:deepseek-v4-pro,deepseek-v4-pro,deepseek-v4-pro,True,
99db126618ba76a1bc9c:deepseek-v4-pro,deepseek-v4-pro,deepseek-v4-pro,True,
a87809fed6aa0fe71707:glm-5.3,glm-5.3,glm-5.3,True,
420abfc66a19d2324c49:glm-5.3,glm-5.3,glm-5.3,True,
f708226da9c27cecc841:glm-5.3,glm-5.3,glm-5.3,True,
ae9ef0a68b9030c44031:MiniMax-M3,MiniMax-M3,MiniMax-M3,True,
75cb28f8df0acd439abd:MiniMax-M3,MiniMax-M3,MiniMax-M3,True,
1827df9d80816ddfac7e:MiniMax-M3,MiniMax-M3,MiniMax-M3,True,
3a78df636927bbc52cfd:deepseek-v4-pro,deepseek-v4-pro,deepseek-v4-pro,True,
569b902ca9e9c266b6fd:glm-5.3,glm-5.3,glm-5.3,True,
5bf8a0775c5e91c12105:deepseek-v4-pro,deepseek-v4-pro,deepseek-v4-pro,True,
d009850fc823a1e461a7:glm-5.3,glm-5.3,glm-5.3,True,
089d6afceb0650087758:glm-5.3,glm-5.3,glm-5.3,True,
55e84697b0c4e36cc37f:MiniMax-M3,MiniMax-M3,MiniMax-M3,True,
999f00f32f55f989502f:glm-5.3,glm-5.3,glm-5.3,True,
fb1412269580a8299974:deepseek-v4-pro,deepseek-v4-pro,deepseek-v4-pro,True,
aed15cd24ca3696969e2:glm-5.3,glm-5.3,glm-5.3,True,
545090a5130849ae980f:glm-5.3,glm-5.3,glm-5.3,True,
b22ab5e5c90b792e12a8:MiniMax-M3,MiniMax-M3,MiniMax-M3,True,
c1dba597dbc8cae3d1ba:MiniMax-M3,MiniMax-M3,MiniMax-M3,True,
07e8b058c92db34ed77a:deepseek-v4-pro,deepseek-v4-pro,deepseek-v4-pro,True,
fe7eb511eb379848ce65:MiniMax-M3,MiniMax-M3,MiniMax-M3,True,
67916b43d004f9434d02:MiniMax-M3,MiniMax-M3,MiniMax-M3,True,
d93395f42befe16621a5:MiniMax-M3,MiniMax-M3,MiniMax-M3,True,
eb3902b87a1e8857c5ba:glm-5.3,glm-5.3,glm-5.3,True,
e3e7dfd9a3d40257605c:MiniMax-M3,MiniMax-M3,MiniMax-M3,True,
2ba984dc7a8d64d80395:deepseek-v4-pro,deepseek-v4-pro,deepseek-v4-pro,True,
bb30f10429d8f4f139e2:deepseek-v4-pro,deepseek-v4-pro,deepseek-v4-pro,True,
dd17a07ac3a09770d3a6:glm-5.3,glm-5.3,glm-5.3,True,
558ad8ae303cc0ea3999:deepseek-v4-pro,deepseek-v4-pro,deepseek-v4-pro,True,
a7ce5945394211606b4c:MiniMax-M3,MiniMax-M3,MiniMax-M3,True,
bbc33fb58190f1300256:deepseek-v4-pro,deepseek-v4-pro,deepseek-v4-pro,True,
96b712ad7e4a25a79396:glm-5.3,glm-5.3,glm-5.3,True,
05aed63625d7b0214138:MiniMax-M3,MiniMax-M3,MiniMax-M3,True,
d0504f3f3697633b4ee1:glm-5.3,glm-5.3,glm-5.3,True,
de916f31bc012d9b71d9:deepseek-v4-pro,deepseek-v4-pro,deepseek-v4-pro,True,
b2b40436936895732880:deepseek-v4-pro,deepseek-v4-pro,deepseek-v4-pro,True,
0c95ccba1b937d352cbb:deepseek-v4-pro,deepseek-v4-pro,deepseek-v4-pro,True,
7d35d8207b07ab74e6d6:MiniMax-M3,MiniMax-M3,MiniMax-M3,True,
58fef0d7250f9fbbd6e6:glm-5.3,glm-5.3,glm-5.3,True,
7312b003555308ec0d22:glm-5.3,glm-5.3,glm-5.3,True,
a25afbfb93fb1242e65f:MiniMax-M3,MiniMax-M3,MiniMax-M3,True,
4007067a1c2179f32ff0:deepseek-v4-pro,deepseek-v4-pro,deepseek-v4-pro,True,
e8d02027892c061c24d4:MiniMax-M3,MiniMax-M3,MiniMax-M3,True,
e34f909fd75fac117b56:glm-5.3,glm-5.3,glm-5.3,True,
69e8c73c1a4000acc359:MiniMax-M3,MiniMax-M3,MiniMax-M3,True,
a954db7e96aec4d8dbef:deepseek-v4-pro,deepseek-v4-pro,deepseek-v4-pro,True,
17949b5331e64ee56590:glm-5.3,glm-5.3,glm-5.3,True,
312dd5c2e04f2d816648:glm-5.3,glm-5.3,glm-5.3,True,
96dffda5c3b94f0a1d51:MiniMax-M3,MiniMax-M3,MiniMax-M3,True,
6513077c0e2165cb1e09:glm-5.3,glm-5.3,glm-5.3,True,
412d12b29d9cbc09b475:MiniMax-M3,MiniMax-M3,MiniMax-M3,True,
300dbb73573d2d442e93:deepseek-v4-pro,deepseek-v4-pro,deepseek-v4-pro,True,
3ab8cad771061ce33dd1:deepseek-v4-pro,deepseek-v4-pro,deepseek-v4-pro,True,
379bd5e9cc8a31ea692b:glm-5.3,glm-5.3,glm-5.3,True,
28bdaa4e8b49adb8b4e1:deepseek-v4-pro,deepseek-v4-pro,deepseek-v4-pro,True,
6af934ab5cca8e7f30ce:glm-5.3,glm-5.3,glm-5.3,True,
a02accc148d35d9137e6:glm-5.3,glm-5.3,glm-5.3,True,
bdbcdde53dc929262e6a:MiniMax-M3,MiniMax-M3,MiniMax-M3,True,
ded4442302adcfeb70e9:glm-5.3,glm-5.3,glm-5.3,True,
b962cf9b7c54baebc44e:deepseek-v4-pro,deepseek-v4-pro,deepseek-v4-pro,True,
3960baafd25932d0c7fc:deepseek-v4-pro,deepseek-v4-pro,deepseek-v4-pro,True,
0329115846f7bd50a452:glm-5.3,glm-5.3,glm-5.3,True,
e0dca0296219bac58da9:glm-5.3,glm-5.3,glm-5.3,True,
f5e20b73f87439ccd408:deepseek-v4-pro,deepseek-v4-pro,deepseek-v4-pro,True,
ef5e075c18d3ee2aa1c2:MiniMax-M3,MiniMax-M3,MiniMax-M3,True,
f4977e62b2c894f87fa7:glm-5.3,glm-5.3,glm-5.3,True,
ae76e8bec8e8a74c8e6d:MiniMax-M3,MiniMax-M3,MiniMax-M3,True,
c7a22b377418d1832e8e:glm-5.3,glm-5.3,glm-5.3,True,
f275d84eacde0311d2b7:glm-5.3,glm-5.3,glm-5.3,True,
8be4cb76fd636613ea25:MiniMax-M3,MiniMax-M3,MiniMax-M3,True,
3c8d1b80e39cb13f3dc4:MiniMax-M3,MiniMax-M3,MiniMax-M3,True,
4b4aeac2771f620babe7:glm-5.3,glm-5.3,glm-5.3,True,
38864c4abb4f3a6e2e94:MiniMax-M3,MiniMax-M3,MiniMax-M3,True,
7a2f75cc9818f2cf9636:MiniMax-M3,MiniMax-M3,MiniMax-M3,True,
d4061f55b75711e42e84:MiniMax-M3,MiniMax-M3,MiniMax-M3,True,
a154fbcb3eb85bd354ea:MiniMax-M3,MiniMax-M3,MiniMax-M3,True,
9dd7da54276c7c959242:glm-5.3,glm-5.3,glm-5.3,True,
bc1128543c89087032ff:glm-5.3,glm-5.3,glm-5.3,True,
f2505565a3a513b28171:glm-5.3,glm-5.3,glm-5.3,True,
6e48d41c83551fb7931d:deepseek-v4-pro,deepseek-v4-pro,deepseek-v4-pro,True,
8c55270b8cab09dda828:glm-5.3,glm-5.3,glm-5.3,True,
2258638b2a76453ee31f:glm-5.3,glm-5.3,glm-5.3,True,
96abd2efa4493d118e4f:deepseek-v4-pro,deepseek-v4-pro,deepseek-v4-pro,True,
2a7d2002f0b2aba27d85:glm-5.3,glm-5.3,glm-5.3,True,
c018d41d626eb20e2d24:deepseek-v4-pro,deepseek-v4-pro,deepseek-v4-pro,True,
488e22bfe167f4e41af7:MiniMax-M3,MiniMax-M3,MiniMax-M3,True,
0d792794711451fd0812:deepseek-v4-pro,deepseek-v4-pro,deepseek-v4-pro,True,
fddc15713d9544eb2fd0:glm-5.3,glm-5.3,glm-5.3,False,invalid_completion_Empty visible completion
48f2e65abdcd73b3323c:MiniMax-M3,MiniMax-M3,MiniMax-M3,True,
335563a5703a039b9025:glm-5.3,glm-5.3,glm-5.3,True,
2e77ee3c88400ec56c06:glm-5.3,glm-5.3,glm-5.3,True,
1b9596adb586c5ff2357:MiniMax-M3,MiniMax-M3,MiniMax-M3,True,
db227da31ee04ea45ff2:deepseek-v4-pro,deepseek-v4-pro,deepseek-v4-pro,True,
a21efae9a71c2ec3e874:MiniMax-M3,MiniMax-M3,MiniMax-M3,True,
8a0a5c2ec10e9394e7fe:deepseek-v4-pro,deepseek-v4-pro,deepseek-v4-pro,True,
bc5283c1db7d0e1c98f9:deepseek-v4-pro,deepseek-v4-pro,deepseek-v4-pro,True,
51ac951f4fea6a214065:MiniMax-M3,MiniMax-M3,MiniMax-M3,True,
d2792c582f24fca24e47:MiniMax-M3,MiniMax-M3,MiniMax-M3,True,
7ff95c8a986026c8ccd3:MiniMax-M3,MiniMax-M3,MiniMax-M3,True,
6b905cd69865e7c42469:deepseek-v4-pro,deepseek-v4-pro,deepseek-v4-pro,True,
52f0eb13e2ef02f46e16:deepseek-v4-pro,deepseek-v4-pro,deepseek-v4-pro,True,
effd6f2cb2f489278009:glm-5.3,glm-5.3,glm-5.3,True,
6dd9d46d2ac1b0d2753b:deepseek-v4-pro,deepseek-v4-pro,deepseek-v4-pro,True,
d780841b117c5c7f7106:glm-5.3,glm-5.3,glm-5.3,True,
a89678d2f5fd02bd1a0d:MiniMax-M3,MiniMax-M3,MiniMax-M3,True,
f0fe4425d1f8f7a420b9:deepseek-v4-pro,deepseek-v4-pro,deepseek-v4-pro,True,
a5f4994990e0659c1c54:MiniMax-M3,MiniMax-M3,MiniMax-M3,True,
3794af68090ddf1b9c67:deepseek-v4-pro,deepseek-v4-pro,deepseek-v4-pro,True,
c96c3ee7af7e601f6798:deepseek-v4-pro,deepseek-v4-pro,deepseek-v4-pro,True,
873e0088e834b4ac3a2f:deepseek-v4-pro,deepseek-v4-pro,deepseek-v4-pro,True,
b54461265267758dcbb0:MiniMax-M3,MiniMax-M3,MiniMax-M3,True,
db4ddf85142bf3fcff49:deepseek-v4-pro,deepseek-v4-pro,deepseek-v4-pro,True,
08866a26c342b947beac:deepseek-v4-pro,deepseek-v4-pro,deepseek-v4-pro,True,
99cfa2197f2030ec2cfb:MiniMax-M3,MiniMax-M3,MiniMax-M3,True,
65b5f3e63fd296ce68a3:glm-5.3,glm-5.3,glm-5.3,True,
79200fe8cdc009263747:deepseek-v4-pro,deepseek-v4-pro,deepseek-v4-pro,True,
a455d77c9eb32168f297:glm-5.3,glm-5.3,glm-5.3,True,
6360978169b1ea56f2ae:glm-5.3,glm-5.3,glm-5.3,True,
f3b47f7d1883e7816cd3:MiniMax-M3,MiniMax-M3,MiniMax-M3,True,
eac266799d66b8f8925e:MiniMax-M3,MiniMax-M3,MiniMax-M3,True,
ae5c9ebfccb7176220c2:MiniMax-M3,MiniMax-M3,MiniMax-M3,True,
a38031c77b36afacbcdb:MiniMax-M3,MiniMax-M3,MiniMax-M3,True,
efd0601c193a8a79fd65:MiniMax-M3,MiniMax-M3,MiniMax-M3,True,
05cd68b61c782dac39c2:deepseek-v4-pro,deepseek-v4-pro,deepseek-v4-pro,True,
6d3f48b9d0e5ac11de97:glm-5.3,glm-5.3,glm-5.3,True,
bf13a0217409dd988f2e:deepseek-v4-pro,deepseek-v4-pro,deepseek-v4-pro,True,
03e41b9604867a9ab06f:glm-5.3,glm-5.3,glm-5.3,True,
343af7f6fbf284969638:MiniMax-M3,MiniMax-M3,MiniMax-M3,True,
0eea423e2173c355df97:deepseek-v4-pro,deepseek-v4-pro,deepseek-v4-pro,True,
a5e0753de4910f5a412c:MiniMax-M3,MiniMax-M3,MiniMax-M3,True,
6ec653bc885fa68d209c:MiniMax-M3,MiniMax-M3,MiniMax-M3,True,
9cc7cd5007d1b5f28315:MiniMax-M3,MiniMax-M3,MiniMax-M3,True,
c8ea3f667b0a46cfda6e:glm-5.3,glm-5.3,glm-5.3,True,
018c413067a94723342a:deepseek-v4-pro,deepseek-v4-pro,deepseek-v4-pro,True,
990c75579c21e856f3ae:deepseek-v4-pro,deepseek-v4-pro,deepseek-v4-pro,True,
185195e3016914102645:glm-5.3,glm-5.3,glm-5.3,True,
427d62c22af912b1444e:deepseek-v4-pro,deepseek-v4-pro,deepseek-v4-pro,True,
6c6d78ea7f25313b289f:deepseek-v4-pro,deepseek-v4-pro,deepseek-v4-pro,True,
2bd1a015a9d88c74ea35:deepseek-v4-pro,deepseek-v4-pro,deepseek-v4-pro,True,
7fd44eb3f286afbd051a:glm-5.3,glm-5.3,glm-5.3,True,
5acaa266866f8f01d974:glm-5.3,glm-5.3,glm-5.3,True,
a6b4e8e0cbedde315c48:deepseek-v4-pro,deepseek-v4-pro,deepseek-v4-pro,True,
e7806321f0e3bf74d349:deepseek-v4-pro,deepseek-v4-pro,deepseek-v4-pro,True,
5ad8c83b1d11da4e9aad:deepseek-v4-pro,deepseek-v4-pro,deepseek-v4-pro,True,
8807b5cb9194d4712c47:MiniMax-M3,MiniMax-M3,MiniMax-M3,True,
d972a3fc270532a11136:MiniMax-M3,MiniMax-M3,MiniMax-M3,True,
fa93284827e718af3339:glm-5.3,glm-5.3,glm-5.3,True,
7339771078f266884a84:deepseek-v4-pro,deepseek-v4-pro,deepseek-v4-pro,True,
56e5b592f078a5052580:MiniMax-M3,MiniMax-M3,MiniMax-M3,True,
61d67f99df4613fb52cf:deepseek-v4-pro,deepseek-v4-pro,deepseek-v4-pro,True,
dbbfb44e35a065f86d7b:deepseek-v4-pro,deepseek-v4-pro,deepseek-v4-pro,True,
b6947fa5a6aa5f72e1d3:MiniMax-M3,MiniMax-M3,MiniMax-M3,True,
23991efb065b9350e348:glm-5.3,glm-5.3,glm-5.3,True,
d512f1a3a54c09ece4a8:glm-5.3,glm-5.3,glm-5.3,True,
71762a1c0e33003d1021:glm-5.3,glm-5.3,glm-5.3,True,
2009bf19f1e89899bce0:MiniMax-M3,MiniMax-M3,MiniMax-M3,True,
7e1d57a5fa21d5e8e568:deepseek-v4-pro,deepseek-v4-pro,deepseek-v4-pro,True,
32637cea64d51cf391f1:deepseek-v4-pro,deepseek-v4-pro,deepseek-v4-pro,True,
1fd1cbe14848b8a74c70:deepseek-v4-pro,deepseek-v4-pro,deepseek-v4-pro,True,
a4a108a209e567b2d4eb:MiniMax-M3,MiniMax-M3,MiniMax-M3,True,
20616b30322b9742eff7:MiniMax-M3,MiniMax-M3,MiniMax-M3,True,
9081f20e5ac8fe28127e:MiniMax-M3,MiniMax-M3,MiniMax-M3,True,
3d8a1dafdd01a60bd097:deepseek-v4-pro,deepseek-v4-pro,deepseek-v4-pro,True,
ca8b068cebffd4b4e51a:glm-5.3,glm-5.3,glm-5.3,True,
bfe68f8f17283e867f99:glm-5.3,glm-5.3,glm-5.3,True,
160bfdb76c84e0705d72:deepseek-v4-pro,deepseek-v4-pro,deepseek-v4-pro,True,
45861c3139500b35c5fc:glm-5.3,glm-5.3,glm-5.3,True,
d190d2d256cf4dd3f5c0:deepseek-v4-pro,deepseek-v4-pro,deepseek-v4-pro,True,
3f8aca67f1ecad948316:MiniMax-M3,MiniMax-M3,MiniMax-M3,True,
502a631c3c7ebb0ba6b6:glm-5.3,glm-5.3,glm-5.3,True,
caa4145199a6c7305a90:MiniMax-M3,MiniMax-M3,MiniMax-M3,True,
e8490e6f49fb51144984:glm-5.3,glm-5.3,glm-5.3,True,
8644e8edb7e4a278c4d5:MiniMax-M3,MiniMax-M3,MiniMax-M3,True,
92c4d15b5c47db2e0be1:glm-5.3,glm-5.3,glm-5.3,True,
79b22afeb80792421716:deepseek-v4-pro,deepseek-v4-pro,deepseek-v4-pro,True,
9e6392221dadd14c940d:glm-5.3,glm-5.3,glm-5.3,True,
ae06185c7669ab02155c:glm-5.3,glm-5.3,glm-5.3,True,
217c752ca85ae9fc357f:glm-5.3,glm-5.3,glm-5.3,True,
35c1e10e9621027b04c0:MiniMax-M3,MiniMax-M3,MiniMax-M3,True,
9e91f664245b535fd4f3:glm-5.3,glm-5.3,glm-5.3,True,
2c3b1dfe62686b540442:deepseek-v4-pro,deepseek-v4-pro,deepseek-v4-pro,True,
27e00c089930d20625ec:deepseek-v4-pro,deepseek-v4-pro,deepseek-v4-pro,True,
4bee4d377a099e20a733:MiniMax-M3,MiniMax-M3,MiniMax-M3,True,
f49278b7cfd5f8a1619e:glm-5.3,glm-5.3,glm-5.3,True,
9acd01cc9f99ee313aea:glm-5.3,glm-5.3,glm-5.3,True,
767a2be8a97fd2ae357d:deepseek-v4-pro,deepseek-v4-pro,deepseek-v4-pro,True,
d6ed13648b7182d019a6:deepseek-v4-pro,deepseek-v4-pro,deepseek-v4-pro,True,
a5f4994990e0659c1c54:deepseek-v4-pro,deepseek-v4-pro,deepseek-v4-pro,True,
712872333c9f95898a83:deepseek-v4-pro,deepseek-v4-pro,deepseek-v4-pro,True,
7ec10bc739f7f6100a21:deepseek-v4-pro,deepseek-v4-pro,deepseek-v4-pro,True,
a76dd3041a87654d75df:glm-5.3,glm-5.3,glm-5.3,True,
46f1cd376af73530a034:deepseek-v4-pro,deepseek-v4-pro,deepseek-v4-pro,True,
aab7f48dd454cd22ff6f:glm-5.3,glm-5.3,glm-5.3,True,
f0e8b2d7de8768972992:MiniMax-M3,MiniMax-M3,MiniMax-M3,True,
b8fca7cbb49794dfbacc:glm-5.3,glm-5.3,glm-5.3,True,
f77bc27d2d2897473cb5:deepseek-v4-pro,deepseek-v4-pro,deepseek-v4-pro,True,
b5d6b96a7b8fe5910576:glm-5.3,glm-5.3,glm-5.3,True,
abaeaa537d98816df662:MiniMax-M3,MiniMax-M3,MiniMax-M3,True,
30ef6b3c563a74af3a09:glm-5.3,glm-5.3,glm-5.3,True,
62e5af674f7d17e81c8d:deepseek-v4-pro,deepseek-v4-pro,deepseek-v4-pro,True,
06e5069fe787aa4ed042:glm-5.3,glm-5.3,glm-5.3,True,
971a227af1df170df549:glm-5.3,glm-5.3,glm-5.3,True,
6e94b7fcbeb00bf2e13a:deepseek-v4-pro,deepseek-v4-pro,deepseek-v4-pro,True,
a985f1ddf205951ed84b:MiniMax-M3,MiniMax-M3,MiniMax-M3,True,
ccc131e047d38035be1f:deepseek-v4-pro,deepseek-v4-pro,deepseek-v4-pro,True,
b0e2a1fd106f1b3b4765:deepseek-v4-pro,deepseek-v4-pro,deepseek-v4-pro,True,
cdae390be2a7519d27df:glm-5.3,glm-5.3,glm-5.3,True,
1aefcd0379d9fca726ce:glm-5.3,glm-5.3,glm-5.3,True,
acc95eb37c87eccd89b3:MiniMax-M3,MiniMax-M3,MiniMax-M3,True,
9cf036aa6594ed932b8d:MiniMax-M3,MiniMax-M3,MiniMax-M3,True,
f1182a7bb432d649bb45:glm-5.3,glm-5.3,glm-5.3,True,
36f9e12cc6e789c710c7:glm-5.3,glm-5.3,glm-5.3,True,
5c3f317306fda3710b90:deepseek-v4-pro,deepseek-v4-pro,deepseek-v4-pro,True,
a9cc5883cd6159dd0841:MiniMax-M3,MiniMax-M3,MiniMax-M3,True,
4df0b0b6bcde257746f0:MiniMax-M3,MiniMax-M3,MiniMax-M3,True,
b5bb6d41eb5f51188962:MiniMax-M3,MiniMax-M3,MiniMax-M3,True,
77a83dd87b568c9b414a:deepseek-v4-pro,deepseek-v4-pro,deepseek-v4-pro,True,
5ec96e268e2a156d69c6:MiniMax-M3,MiniMax-M3,MiniMax-M3,True,
6b30726ac76f579e4a43:MiniMax-M3,MiniMax-M3,MiniMax-M3,True,
450dd60774547ce3e53c:glm-5.3,glm-5.3,glm-5.3,True,
81952d856823dd5ec6e7:deepseek-v4-pro,deepseek-v4-pro,deepseek-v4-pro,True,
66a4effd2acc68a80dee:deepseek-v4-pro,deepseek-v4-pro,deepseek-v4-pro,True,
0e955f7e3a55701a102a:MiniMax-M3,MiniMax-M3,MiniMax-M3,True,
94b67478c7e1a64dffba:glm-5.3,glm-5.3,glm-5.3,True,
c93d0c06aaa7f2037b43:glm-5.3,glm-5.3,glm-5.3,True,
d8a7cf97fd4adde3775c:glm-5.3,glm-5.3,glm-5.3,True,
65a3595ee8dc56b2372c:deepseek-v4-pro,deepseek-v4-pro,deepseek-v4-pro,True,
fc796270ec103510a6cb:glm-5.3,glm-5.3,glm-5.3,True,
aafbe489e629759c239e:glm-5.3,glm-5.3,glm-5.3,True,
3dba9b275a8ab157bc52:MiniMax-M3,MiniMax-M3,MiniMax-M3,True,
4d82ca161e779b2d646c:MiniMax-M3,MiniMax-M3,MiniMax-M3,True,
07bc2b6c0d6b02d46cfb:MiniMax-M3,MiniMax-M3,MiniMax-M3,True,
5afb5fead8214f2b993a:MiniMax-M3,MiniMax-M3,MiniMax-M3,True,
28f65b7d5df74e7dc0d0:glm-5.3,glm-5.3,glm-5.3,True,
f1df72b97e0b0766bdeb:deepseek-v4-pro,deepseek-v4-pro,deepseek-v4-pro,True,
98ada89e598c2806a77e:glm-5.3,glm-5.3,glm-5.3,True,
31f52123aafcb1d0518d:MiniMax-M3,MiniMax-M3,MiniMax-M3,True,
ac4d065f2fa332b2055b:glm-5.3,glm-5.3,glm-5.3,True,
a82d36e921e2e9fd6159:MiniMax-M3,MiniMax-M3,MiniMax-M3,True,
b8ac37be740a4f592275:glm-5.3,glm-5.3,glm-5.3,True,
ae8dd4822768ef713305:deepseek-v4-pro,deepseek-v4-pro,deepseek-v4-pro,True,
66a470f320aaadbd13f3:deepseek-v4-pro,deepseek-v4-pro,deepseek-v4-pro,True,
1f8fb7fb6fd4a8ac3705:deepseek-v4-pro,deepseek-v4-pro,deepseek-v4-pro,True,
c8347cf0845bd7fd0d8d:glm-5.3,glm-5.3,glm-5.3,True,
aef2fac49ee122bd9371:glm-5.3,glm-5.3,glm-5.3,True,
d97b5c3481c3a5fcbd8b:MiniMax-M3,MiniMax-M3,MiniMax-M3,True,
190236444b5764d6b5df:deepseek-v4-pro,deepseek-v4-pro,deepseek-v4-pro,True,
a0068936210f0bd200e4:deepseek-v4-pro,deepseek-v4-pro,deepseek-v4-pro,True,
2914cb0f0af4708f8f50:deepseek-v4-pro,deepseek-v4-pro,deepseek-v4-pro,True,
5f34abfdc337e4077989:MiniMax-M3,MiniMax-M3,MiniMax-M3,True,
eef5f24dcf168e46d8db:deepseek-v4-pro,deepseek-v4-pro,deepseek-v4-pro,True,
7d8490fc25aeeb7912ea:MiniMax-M3,MiniMax-M3,MiniMax-M3,True,
0d407ae38b301d6c4810:glm-5.3,glm-5.3,glm-5.3,True,
2a020521ff5ba0bb5727:glm-5.3,glm-5.3,glm-5.3,True,
c609a0dc527f90a89cad:deepseek-v4-pro,deepseek-v4-pro,deepseek-v4-pro,True,
62c9d0e60e632b78df4a:deepseek-v4-pro,deepseek-v4-pro,deepseek-v4-pro,True,
4f71de2f8943b2feaca7:glm-5.3,glm-5.3,glm-5.3,True,
3e8c8c29c68f1c608842:MiniMax-M3,MiniMax-M3,MiniMax-M3,True,
22c7aca89fb8aac36190:glm-5.3,glm-5.3,glm-5.3,True,
ca659ddcf44a26532a79:deepseek-v4-pro,deepseek-v4-pro,deepseek-v4-pro,True,
6072dffa835fc4f14a9b:MiniMax-M3,MiniMax-M3,MiniMax-M3,True,
f7fd863e93de79aab88b:glm-5.3,glm-5.3,glm-5.3,True,
0d792794711451fd0812:MiniMax-M3,MiniMax-M3,MiniMax-M3,True,
923ab1ad127e5c84beba:MiniMax-M3,MiniMax-M3,MiniMax-M3,True,
601a118cf8a408e76d7d:glm-5.3,glm-5.3,glm-5.3,True,
022cf8164e1749f08c4b:MiniMax-M3,MiniMax-M3,MiniMax-M3,True,
8752d40525f359468477:glm-5.3,glm-5.3,glm-5.3,True,
d81ed52ac6c5b2955d44:deepseek-v4-pro,deepseek-v4-pro,deepseek-v4-pro,True,
f804f2035b6990947d24:glm-5.3,glm-5.3,glm-5.3,True,
2945f3185124821ca2d5:MiniMax-M3,MiniMax-M3,MiniMax-M3,True,
fd2eca55bf5123c5c0e6:MiniMax-M3,MiniMax-M3,MiniMax-M3,True,
c1387bca2ca3727cbada:MiniMax-M3,MiniMax-M3,MiniMax-M3,True,
6e282d584fee13eab7e3:MiniMax-M3,MiniMax-M3,MiniMax-M3,True,
d784eae1df41d5f376c4:glm-5.3,glm-5.3,glm-5.3,True,
ef62e000fcb18f9faab3:deepseek-v4-pro,deepseek-v4-pro,deepseek-v4-pro,True,
557f44394e1e4373e55d:glm-5.3,glm-5.3,glm-5.3,True,
dfb37f2636976898a5c2:MiniMax-M3,MiniMax-M3,MiniMax-M3,True,
4c19c32ca6b59c09a45f:MiniMax-M3,MiniMax-M3,MiniMax-M3,True,
3c9e3bf462e33ae21c3e:glm-5.3,glm-5.3,glm-5.3,True,
9b6333cb6b65ff2508f7:glm-5.3,glm-5.3,glm-5.3,True,
8f05fec859b8cdd239bb:deepseek-v4-pro,deepseek-v4-pro,deepseek-v4-pro,True,
9ee77eb466b02583f159:glm-5.3,glm-5.3,glm-5.3,True,
b45d93d192055f4340bb:deepseek-v4-pro,deepseek-v4-pro,deepseek-v4-pro,True,
0abfbbe7c71ef29cb324:MiniMax-M3,MiniMax-M3,MiniMax-M3,True,
3577b253a7e9660a3233:deepseek-v4-pro,deepseek-v4-pro,deepseek-v4-pro,True,
aef3c77e7f46616e8ceb:deepseek-v4-pro,deepseek-v4-pro,deepseek-v4-pro,True,
bf195603ae195669e23e:glm-5.3,glm-5.3,glm-5.3,True,
87428643b6a16ce1ae74:MiniMax-M3,MiniMax-M3,MiniMax-M3,True,
5c43e34948d977819b60:MiniMax-M3,MiniMax-M3,MiniMax-M3,True,
fd628ba6effbd2ba0cad:glm-5.3,glm-5.3,glm-5.3,True,
8c1e50955f403214dfa2:deepseek-v4-pro,deepseek-v4-pro,deepseek-v4-pro,True,
e4328dcf8182b74eead5:deepseek-v4-pro,deepseek-v4-pro,deepseek-v4-pro,True,
243d069fe1421cc03ac8:MiniMax-M3,MiniMax-M3,MiniMax-M3,True,
bdfaedc17a6c5a661bb1:deepseek-v4-pro,deepseek-v4-pro,deepseek-v4-pro,True,
b6cf436c2f77fe8e6c62:MiniMax-M3,MiniMax-M3,MiniMax-M3,True,
0a825bdf74db2a03bcef:deepseek-v4-pro,deepseek-v4-pro,deepseek-v4-pro,True,
325b4691c8206ef1efb0:deepseek-v4-pro,deepseek-v4-pro,deepseek-v4-pro,True,
23d3a0630153d06b9b52:MiniMax-M3,MiniMax-M3,MiniMax-M3,True,
fc22ed2a50cd63ac6900:deepseek-v4-pro,deepseek-v4-pro,deepseek-v4-pro,True,
da0ae8d080a33cf3d8f8:deepseek-v4-pro,deepseek-v4-pro,deepseek-v4-pro,True,
aea70eb4a5a977186757:deepseek-v4-pro,deepseek-v4-pro,deepseek-v4-pro,True,
6c05b6b6728a10b6198d:glm-5.3,glm-5.3,glm-5.3,True,
bfd4c2c02f816f08fbde:deepseek-v4-pro,deepseek-v4-pro,deepseek-v4-pro,True,
93848d2d7194af0c0540:deepseek-v4-pro,deepseek-v4-pro,deepseek-v4-pro,True,
ff6c0de6510ab8b900c8:deepseek-v4-pro,deepseek-v4-pro,deepseek-v4-pro,True,
a91352696ba9c06a436a:glm-5.3,glm-5.3,glm-5.3,True,
37b94ce633cce444f2dd:glm-5.3,glm-5.3,glm-5.3,True,
5f85091c4b128bc58d85:MiniMax-M3,MiniMax-M3,MiniMax-M3,True,
50aafe2704e32942598b:glm-5.3,glm-5.3,glm-5.3,True,
51ac951f4fea6a214065:deepseek-v4-pro,deepseek-v4-pro,deepseek-v4-pro,True,
c378db193b747f5f97dc:glm-5.3,glm-5.3,glm-5.3,True,
5b1db6a2d50bf28d8df7:glm-5.3,glm-5.3,glm-5.3,True,
8884c9fd63e759bb6f4d:MiniMax-M3,MiniMax-M3,MiniMax-M3,True,
442b394a87a91281a734:MiniMax-M3,MiniMax-M3,MiniMax-M3,True,
e62aefcd1a35e599a086:glm-5.3,glm-5.3,glm-5.3,True,
b57889f1d19dd5bc52d3:glm-5.3,glm-5.3,glm-5.3,True,
d2a2e6c646f6fcb9d357:glm-5.3,glm-5.3,glm-5.3,True,
f86a8ecb7861899660da:glm-5.3,glm-5.3,glm-5.3,True,
af65094612673a02d6a2:glm-5.3,glm-5.3,glm-5.3,True,
2d31f2347337d696c13f:MiniMax-M3,MiniMax-M3,MiniMax-M3,True,
4b0a0b8f9022a63b1bf4:glm-5.3,glm-5.3,glm-5.3,True,
cc137343d8ec5fc28174:MiniMax-M3,MiniMax-M3,MiniMax-M3,True,
597a48fc5700148cb705:glm-5.3,glm-5.3,glm-5.3,True,
74717182973b69fde508:MiniMax-M3,MiniMax-M3,MiniMax-M3,True,
7b408f0c3f4fcc10e367:glm-5.3,glm-5.3,glm-5.3,True,
fdece46fd8fa39cbb8bb:glm-5.3,glm-5.3,glm-5.3,True,
120a692a5f99795f990b:deepseek-v4-pro,deepseek-v4-pro,deepseek-v4-pro,True,
f2b487e67224e3ea3f4d:deepseek-v4-pro,deepseek-v4-pro,deepseek-v4-pro,True,
638f864c3f32fc6095a0:deepseek-v4-pro,deepseek-v4-pro,deepseek-v4-pro,True,
65762b8e52c7f3782b38:glm-5.3,glm-5.3,glm-5.3,True,
9511afe45114f97dbe1b:MiniMax-M3,MiniMax-M3,MiniMax-M3,True,
aaeb0f615de7447639bc:glm-5.3,glm-5.3,glm-5.3,True,
0340f0c3ea1918784028:deepseek-v4-pro,deepseek-v4-pro,deepseek-v4-pro,True,
397f79dc687ceae1e2f9:MiniMax-M3,MiniMax-M3,MiniMax-M3,True,
2ea9a607e920aaa77f1e:glm-5.3,glm-5.3,glm-5.3,True,
064d7768f48e06bffd0e:glm-5.3,glm-5.3,glm-5.3,True,
966f4dc735343999e98c:MiniMax-M3,MiniMax-M3,MiniMax-M3,True,
3f2208e87a3e7ad245cf:MiniMax-M3,MiniMax-M3,MiniMax-M3,True,
a1560b969a98a2107d44:MiniMax-M3,MiniMax-M3,MiniMax-M3,True,
1ff9b9b3658c2b4d9e96:glm-5.3,glm-5.3,glm-5.3,True,
1ff9b9b3658c2b4d9e96:MiniMax-M3,MiniMax-M3,MiniMax-M3,True,
4ab3ec8b5ce6ffeca48d:glm-5.3,glm-5.3,glm-5.3,True,
48f7c665e738fdbb9788:glm-5.3,glm-5.3,glm-5.3,True,
6a3098d537ba43cec495:deepseek-v4-pro,deepseek-v4-pro,deepseek-v4-pro,True,
aa79fe2a1d069023e5ac:glm-5.3,glm-5.3,glm-5.3,True,
d47a455b63e110fe1e76:MiniMax-M3,MiniMax-M3,MiniMax-M3,True,
6161aab8bc6cda87a2c3:MiniMax-M3,MiniMax-M3,MiniMax-M3,True,
60c531d7f4e1ae94de54:glm-5.3,glm-5.3,glm-5.3,True,
5cb4b6ab4b1eec2742fc:glm-5.3,glm-5.3,glm-5.3,True,
a7449c697b29cd338dc8:glm-5.3,glm-5.3,glm-5.3,True,
92d78f13a662d0f9d7d3:MiniMax-M3,MiniMax-M3,MiniMax-M3,True,
8c41847a47db6eaa7079:glm-5.3,glm-5.3,glm-5.3,True,
98ca20f518d877c0dd50:deepseek-v4-pro,deepseek-v4-pro,deepseek-v4-pro,True,
c6c13f1d108eef1abfdf:glm-5.3,glm-5.3,glm-5.3,True,
062c248e0b7e2b00e9b7:MiniMax-M3,MiniMax-M3,MiniMax-M3,True,
f224e258d43952296969:MiniMax-M3,MiniMax-M3,MiniMax-M3,True,
dc874b72b390c76ea059:MiniMax-M3,MiniMax-M3,MiniMax-M3,True,
32bb50a6fce43f3b5adc:MiniMax-M3,MiniMax-M3,MiniMax-M3,True,
898033f7c39ea8d038f0:deepseek-v4-pro,deepseek-v4-pro,deepseek-v4-pro,True,
592cfed439aee356afa4:glm-5.3,glm-5.3,glm-5.3,True,
67dfcb01f8a8a2042389:glm-5.3,glm-5.3,glm-5.3,True,
adb8324692f01eadf642:MiniMax-M3,MiniMax-M3,MiniMax-M3,True,
0a825bdf74db2a03bcef:MiniMax-M3,MiniMax-M3,MiniMax-M3,True,
70196ea61e422164470f:glm-5.3,glm-5.3,glm-5.3,True,
edcd8463fd069c7a1366:MiniMax-M3,MiniMax-M3,MiniMax-M3,True,
88964ec728f71c7825ec:deepseek-v4-pro,deepseek-v4-pro,deepseek-v4-pro,True,
037e45a09e5076133ea8:MiniMax-M3,MiniMax-M3,MiniMax-M3,True,
ee5c35244a6e4b2fbfcc:deepseek-v4-pro,deepseek-v4-pro,deepseek-v4-pro,True,
dfe2c8f977c9b1ff1339:deepseek-v4-pro,deepseek-v4-pro,deepseek-v4-pro,True,
85dfdbadb89bc4bfcb3a:deepseek-v4-pro,deepseek-v4-pro,deepseek-v4-pro,True,
5629860214cd263c5456:glm-5.3,glm-5.3,glm-5.3,True,
e188c35f61101b856c36:MiniMax-M3,MiniMax-M3,MiniMax-M3,True,
d5a1cb6d82de0793d236:MiniMax-M3,MiniMax-M3,MiniMax-M3,True,
8970fd5edd343f3e3fc3:glm-5.3,glm-5.3,glm-5.3,True,
4b8944d5ff8298cf0424:MiniMax-M3,MiniMax-M3,MiniMax-M3,True,
b6114995c3b4382d5ec6:MiniMax-M3,MiniMax-M3,MiniMax-M3,True,
bad49f6b61d587f507a6:MiniMax-M3,MiniMax-M3,MiniMax-M3,True,
214fa8d04c36d24d3185:MiniMax-M3,MiniMax-M3,MiniMax-M3,True,
26c3d590aad03f70a27b:glm-5.3,glm-5.3,glm-5.3,True,
9935bf9a8b436bc59dfd:glm-5.3,glm-5.3,glm-5.3,True,
5b44fd2f679d67aeb4d9:deepseek-v4-pro,deepseek-v4-pro,deepseek-v4-pro,True,
a9d273c0dd2419d66c38:MiniMax-M3,MiniMax-M3,MiniMax-M3,True,
fa18260d5f485cb75662:deepseek-v4-pro,deepseek-v4-pro,deepseek-v4-pro,True,
1a7b766d12eb209c4e94:deepseek-v4-pro,deepseek-v4-pro,deepseek-v4-pro,True,
1224ccfe52e3b26cc12d:MiniMax-M3,MiniMax-M3,MiniMax-M3,True,
c7cc08ef6dd4dadfdcb9:glm-5.3,glm-5.3,glm-5.3,True,
51b6179a71184453d501:deepseek-v4-pro,deepseek-v4-pro,deepseek-v4-pro,True,
e2084abaa198409ec490:deepseek-v4-pro,deepseek-v4-pro,deepseek-v4-pro,True,
deef6bb9f7f29f0b434e:deepseek-v4-pro,deepseek-v4-pro,deepseek-v4-pro,True,
29943e6cf4c3fb516b50:deepseek-v4-pro,deepseek-v4-pro,deepseek-v4-pro,True,
b7b644bb28ee6c669cc5:glm-5.3,glm-5.3,glm-5.3,True,
4f2ee6a379e179b3dc1e:MiniMax-M3,MiniMax-M3,MiniMax-M3,True,
b72518f0387123a8536e:glm-5.3,glm-5.3,glm-5.3,True,
d8502d390fbd7ab7fe77:glm-5.3,glm-5.3,glm-5.3,True,
5bec2a1f434f600c1643:deepseek-v4-pro,deepseek-v4-pro,deepseek-v4-pro,True,
3be04e39bffaf16d76e6:glm-5.3,glm-5.3,glm-5.3,True,
8816da84dd985b13d14f:MiniMax-M3,MiniMax-M3,MiniMax-M3,True,
6948bb3d884e7b49fd10:MiniMax-M3,MiniMax-M3,MiniMax-M3,True,
f0e8b2d7de8768972992:glm-5.3,glm-5.3,glm-5.3,True,
5eb2b02d155846ff6a13:glm-5.3,glm-5.3,glm-5.3,True,
a044318998ba917aa490:deepseek-v4-pro,deepseek-v4-pro,deepseek-v4-pro,True,
9ac91fab1a5ef87c31af:deepseek-v4-pro,deepseek-v4-pro,deepseek-v4-pro,True,
d3ce104051b95d9c04d5:MiniMax-M3,MiniMax-M3,MiniMax-M3,True,
3b957d56a0d78901c962:deepseek-v4-pro,deepseek-v4-pro,deepseek-v4-pro,True,
9cc93c7f274239ab1873:MiniMax-M3,MiniMax-M3,MiniMax-M3,True,
73d464af9629b84ebfb1:MiniMax-M3,MiniMax-M3,MiniMax-M3,True,
0b61173d81c277c71f2f:deepseek-v4-pro,deepseek-v4-pro,deepseek-v4-pro,True,
7f7b2d98718050d2d5c6:glm-5.3,glm-5.3,glm-5.3,True,
c75f66d1d602a6bead74:glm-5.3,glm-5.3,glm-5.3,True,
0b4a6b7bebb087660a11:glm-5.3,glm-5.3,glm-5.3,True,
dba2c16f3e9046fa68ec:MiniMax-M3,MiniMax-M3,MiniMax-M3,True,
0dfbe56b88edb9857ee0:MiniMax-M3,MiniMax-M3,MiniMax-M3,True,
9f9250c404d245f05e94:MiniMax-M3,MiniMax-M3,MiniMax-M3,True,
1c084fd2218974c778d0:glm-5.3,glm-5.3,glm-5.3,True,
45fd13ac9c127f52164b:glm-5.3,glm-5.3,glm-5.3,True,
ec984080d25a4ec9b619:MiniMax-M3,MiniMax-M3,MiniMax-M3,True,
7aac3f3e708e10aa3dc9:glm-5.3,glm-5.3,glm-5.3,True,
f7bd3467f87bcf48da4d:glm-5.3,glm-5.3,glm-5.3,True,
a92473c77feca3627e2e:glm-5.3,glm-5.3,glm-5.3,True,
e300066e21d90cb20e77:MiniMax-M3,MiniMax-M3,MiniMax-M3,True,
6a97c9ffc8d519021aee:deepseek-v4-pro,deepseek-v4-pro,deepseek-v4-pro,True,
85732979b0557095c93a:MiniMax-M3,MiniMax-M3,MiniMax-M3,True,
037e45a09e5076133ea8:glm-5.3,glm-5.3,glm-5.3,True,
87752c46068a28d5ce43:deepseek-v4-pro,deepseek-v4-pro,deepseek-v4-pro,True,
66b3c3d66c7bcbd20c2d:glm-5.3,glm-5.3,glm-5.3,True,
97cad51116dced2e2b42:deepseek-v4-pro,deepseek-v4-pro,deepseek-v4-pro,True,
aa6613e5c028ffda8aba:deepseek-v4-pro,deepseek-v4-pro,deepseek-v4-pro,True,
ad7b0ee906668e94eebe:deepseek-v4-pro,deepseek-v4-pro,deepseek-v4-pro,True,
31b8a5304eb698314f14:MiniMax-M3,MiniMax-M3,MiniMax-M3,True,
60f8524dc98d6bcb55d4:deepseek-v4-pro,deepseek-v4-pro,deepseek-v4-pro,True,
c236c974bd7de0650664:MiniMax-M3,MiniMax-M3,MiniMax-M3,True,
9e6990e26396244c8970:MiniMax-M3,MiniMax-M3,MiniMax-M3,True,
adf8d386b32f7d655ac2:glm-5.3,glm-5.3,glm-5.3,True,
1f8e5f6cd14a68b48df2:deepseek-v4-pro,deepseek-v4-pro,deepseek-v4-pro,True,
929f83f64ded7ecc5e84:MiniMax-M3,MiniMax-M3,MiniMax-M3,True,
30c0f9c7c9d1bc000a35:glm-5.3,glm-5.3,glm-5.3,True,
d588fee18418063eec66:glm-5.3,glm-5.3,glm-5.3,True,
837cddcb341627831a45:MiniMax-M3,MiniMax-M3,MiniMax-M3,True,
819fdf636fe8bf658294:glm-5.3,glm-5.3,glm-5.3,True,
146ecb35205a1cce914f:deepseek-v4-pro,deepseek-v4-pro,deepseek-v4-pro,True,
badbc1fd04e355b81618:MiniMax-M3,MiniMax-M3,MiniMax-M3,True,
37d0faf41ce1e29c9cba:deepseek-v4-pro,deepseek-v4-pro,deepseek-v4-pro,True,
1492e4c888ac3db193c0:MiniMax-M3,MiniMax-M3,MiniMax-M3,True,
eecede7623334011e236:MiniMax-M3,MiniMax-M3,MiniMax-M3,True,
a88f4913b57bcdb48525:MiniMax-M3,MiniMax-M3,MiniMax-M3,True,
f8119a66a6a7fb3de080:MiniMax-M3,MiniMax-M3,MiniMax-M3,True,
c7ce95273609688ceb3a:deepseek-v4-pro,deepseek-v4-pro,deepseek-v4-pro,True,
52b455ac53324c7cda41:MiniMax-M3,MiniMax-M3,MiniMax-M3,True,
9b03257d0bae39740757:glm-5.3,glm-5.3,glm-5.3,True,
310dec674b7198a40a13:deepseek-v4-pro,deepseek-v4-pro,deepseek-v4-pro,True,
1992bf9c059e58c6cfaa:MiniMax-M3,MiniMax-M3,MiniMax-M3,True,
a58a2922b0d5017a81cb:deepseek-v4-pro,deepseek-v4-pro,deepseek-v4-pro,True,
d6d6b993d1f1d6c21eb5:deepseek-v4-pro,deepseek-v4-pro,deepseek-v4-pro,True,
463556aa8c32ef77e488:glm-5.3,glm-5.3,glm-5.3,True,
1ab68716594e6d6f548b:deepseek-v4-pro,deepseek-v4-pro,deepseek-v4-pro,True,
7865a3d71dc45f812b71:glm-5.3,glm-5.3,glm-5.3,True,
ee0bb71f4382f048ee2a:MiniMax-M3,MiniMax-M3,MiniMax-M3,True,
c236c974bd7de0650664:deepseek-v4-pro,deepseek-v4-pro,deepseek-v4-pro,True,
ed36e502c0e36d90b708:MiniMax-M3,MiniMax-M3,MiniMax-M3,True,
93953488e691644b6d82:deepseek-v4-pro,deepseek-v4-pro,deepseek-v4-pro,True,
ffba3ba0e4f25ac0b0a5:MiniMax-M3,MiniMax-M3,MiniMax-M3,True,
ca8c586982038af03ec4:glm-5.3,glm-5.3,glm-5.3,True,
54180d401ae2b4b7724f:glm-5.3,glm-5.3,glm-5.3,True,
77d595292f41c9f4a1ea:glm-5.3,glm-5.3,glm-5.3,True,
f6ba1da08b0f9ecbad60:glm-5.3,glm-5.3,glm-5.3,True,
8aaf44a51c51b522d3fe:deepseek-v4-pro,deepseek-v4-pro,deepseek-v4-pro,True,
7c62ba08b0ebc55a7420:MiniMax-M3,MiniMax-M3,MiniMax-M3,True,
4adec775c7008c8153c3:deepseek-v4-pro,deepseek-v4-pro,deepseek-v4-pro,True,
b473ad76188890264a30:MiniMax-M3,MiniMax-M3,MiniMax-M3,True,
e7e900e03ba8f96dc200:MiniMax-M3,MiniMax-M3,MiniMax-M3,True,
ba3cc64e6371e70a26c0:glm-5.3,glm-5.3,glm-5.3,True,
a638a9d91dbe7e035251:MiniMax-M3,MiniMax-M3,MiniMax-M3,True,
7f7b2d98718050d2d5c6:deepseek-v4-pro,deepseek-v4-pro,deepseek-v4-pro,True,
94d5d26bfac3705db7c8:glm-5.3,glm-5.3,glm-5.3,True,
2987eafba4c451b70c5b:glm-5.3,glm-5.3,glm-5.3,True,
3b1e48c817bada0b1c0c:deepseek-v4-pro,deepseek-v4-pro,deepseek-v4-pro,True,
582440bae7b89af17d66:glm-5.3,glm-5.3,glm-5.3,True,
163b301b7129ad2fa41d:deepseek-v4-pro,deepseek-v4-pro,deepseek-v4-pro,True,
997528b269f22d1c4e94:deepseek-v4-pro,deepseek-v4-pro,deepseek-v4-pro,True,
56d6e90b5feeb9da6ead:deepseek-v4-pro,deepseek-v4-pro,deepseek-v4-pro,True,
2783ef46118972db9215:glm-5.3,glm-5.3,glm-5.3,True,
f7eade04f2bcf45d23bb:MiniMax-M3,MiniMax-M3,MiniMax-M3,True,
e902c95c9b04d5ec0dfc:deepseek-v4-pro,deepseek-v4-pro,deepseek-v4-pro,True,
aa38abfef94a8758889b:MiniMax-M3,MiniMax-M3,MiniMax-M3,True,
4ecae5d9e218fae5d3c2:deepseek-v4-pro,deepseek-v4-pro,deepseek-v4-pro,True,
10bcaa91f69f54f23d3a:MiniMax-M3,MiniMax-M3,MiniMax-M3,True,
db7b30765780b71ab539:deepseek-v4-pro,deepseek-v4-pro,deepseek-v4-pro,True,
4eb375830354f951101b:MiniMax-M3,MiniMax-M3,MiniMax-M3,True,
e3522c58498ac13bd7f5:MiniMax-M3,MiniMax-M3,MiniMax-M3,True,
bfdcb61c5dd37e10ecce:glm-5.3,glm-5.3,glm-5.3,True,
ce776efe1ee46653d2d5:deepseek-v4-pro,deepseek-v4-pro,deepseek-v4-pro,True,
5e2b697cc6654fa24ee2:deepseek-v4-pro,deepseek-v4-pro,deepseek-v4-pro,True,
42d90f3c5ff1599d75d6:deepseek-v4-pro,deepseek-v4-pro,deepseek-v4-pro,True,
504c9bf2e4de9f4faf77:glm-5.3,glm-5.3,glm-5.3,True,
b7876ed73321a54b07d7:deepseek-v4-pro,deepseek-v4-pro,deepseek-v4-pro,True,
db867c22b9b4ccb8ee16:MiniMax-M3,MiniMax-M3,MiniMax-M3,True,
955d058dd28876c674d4:glm-5.3,glm-5.3,glm-5.3,True,
0f83fd5bef1e7e0ca652:MiniMax-M3,MiniMax-M3,MiniMax-M3,True,
ade2a39cc6833721c024:MiniMax-M3,MiniMax-M3,MiniMax-M3,True,
50b7c27b8fd79e395e90:MiniMax-M3,MiniMax-M3,MiniMax-M3,True,
c72e78ac8168d074f6b6:MiniMax-M3,MiniMax-M3,MiniMax-M3,True,
badfd12e6258368193a9:deepseek-v4-pro,deepseek-v4-pro,deepseek-v4-pro,True,
1dc6f1eb54fe2aea1511:glm-5.3,glm-5.3,glm-5.3,True,
1b7a4ccd4bfb8ff7101e:glm-5.3,glm-5.3,glm-5.3,True,
5e059ee1c4d0f0fe921e:glm-5.3,glm-5.3,glm-5.3,True,
e13c5ba00c264b3c073a:MiniMax-M3,MiniMax-M3,MiniMax-M3,True,
87d82a47bb9bb64cceae:deepseek-v4-pro,deepseek-v4-pro,deepseek-v4-pro,True,
8e8fbd83245f27b5c92e:glm-5.3,glm-5.3,glm-5.3,True,
bd5f931e87957fa86202:deepseek-v4-pro,deepseek-v4-pro,deepseek-v4-pro,True,
052fefe8bd501f8bfc20:deepseek-v4-pro,deepseek-v4-pro,deepseek-v4-pro,True,
f6fa02a08d56d8864feb:deepseek-v4-pro,deepseek-v4-pro,deepseek-v4-pro,True,
f9775d407b98ef98036c:MiniMax-M3,MiniMax-M3,MiniMax-M3,True,
eb91da860bf48d176be2:glm-5.3,glm-5.3,glm-5.3,True,
1f0b78d1d4f157c83d2b:glm-5.3,glm-5.3,glm-5.3,True,
b2c3b7bf73247d62d9e3:MiniMax-M3,MiniMax-M3,MiniMax-M3,True,
2c8e05011e0821a23417:glm-5.3,glm-5.3,glm-5.3,True,
1d68b6d93e54701bab9d:deepseek-v4-pro,deepseek-v4-pro,deepseek-v4-pro,True,
60f8524dc98d6bcb55d4:MiniMax-M3,MiniMax-M3,MiniMax-M3,True,
72f8a9fe29c12d52a092:MiniMax-M3,MiniMax-M3,MiniMax-M3,True,
1990dd90faa4807558f2:MiniMax-M3,MiniMax-M3,MiniMax-M3,True,
15de21561c64735a7a46:MiniMax-M3,MiniMax-M3,MiniMax-M3,True,
67ed605d328ef88cd39f:MiniMax-M3,MiniMax-M3,MiniMax-M3,True,
91f1a3be059f224f5d93:glm-5.3,glm-5.3,glm-5.3,True,
ccb23367eb7e4c4a7044:glm-5.3,glm-5.3,glm-5.3,True,
4c4cc57f0ae8f5d69a0c:glm-5.3,glm-5.3,glm-5.3,True,
903b9800a22cef0ca05c:glm-5.3,glm-5.3,glm-5.3,True,
aab4a0b358712bc7c54d:glm-5.3,glm-5.3,glm-5.3,True,
4c667c52b65c413aa71e:glm-5.3,glm-5.3,glm-5.3,True,
28dc63cb78fcd2b61c6c:deepseek-v4-pro,deepseek-v4-pro,deepseek-v4-pro,True,
ca6710aa51430f33836b:deepseek-v4-pro,deepseek-v4-pro,deepseek-v4-pro,True,
190ec47377502d411ab7:deepseek-v4-pro,deepseek-v4-pro,deepseek-v4-pro,True,
a92473c77feca3627e2e:MiniMax-M3,MiniMax-M3,MiniMax-M3,True,
e5a4cbf6f596f9f52366:glm-5.3,glm-5.3,glm-5.3,True,
ab28c133b32a4bfba6be:deepseek-v4-pro,deepseek-v4-pro,deepseek-v4-pro,True,
2c79b17eaecf03eab324:glm-5.3,glm-5.3,glm-5.3,True,
74b35bd351acfbc51bfd:deepseek-v4-pro,deepseek-v4-pro,deepseek-v4-pro,True,
3e8c8c29c68f1c608842:deepseek-v4-pro,deepseek-v4-pro,deepseek-v4-pro,True,
a16888628715f9580c64:deepseek-v4-pro,deepseek-v4-pro,deepseek-v4-pro,True,
1915a9867f024e182220:deepseek-v4-pro,deepseek-v4-pro,deepseek-v4-pro,True,
1b172c4a0abd5fdc9b00:deepseek-v4-pro,deepseek-v4-pro,deepseek-v4-pro,True,
dfd92680f5eaf1a180fa:MiniMax-M3,MiniMax-M3,MiniMax-M3,True,
aeb91b707affb070c115:glm-5.3,glm-5.3,glm-5.3,True,
9508dc4f853d62ae4eb9:MiniMax-M3,MiniMax-M3,MiniMax-M3,True,
4b83bef07492968a7fff:glm-5.3,glm-5.3,glm-5.3,True,
175271000c892b1bbbf6:deepseek-v4-pro,deepseek-v4-pro,deepseek-v4-pro,True,
6bc30de7079267920722:MiniMax-M3,MiniMax-M3,MiniMax-M3,True,
bc3b448553944b7e03d2:MiniMax-M3,MiniMax-M3,MiniMax-M3,True,
fe2cff827bfd6f1d7cd1:MiniMax-M3,MiniMax-M3,MiniMax-M3,True,
4e81f3b83c9b93fd324c:MiniMax-M3,MiniMax-M3,MiniMax-M3,True,
80de726c712f1ce11676:deepseek-v4-pro,deepseek-v4-pro,deepseek-v4-pro,True,
cb490f16529738735beb:glm-5.3,glm-5.3,glm-5.3,True,
015ff612bd7ceeb20255:MiniMax-M3,MiniMax-M3,MiniMax-M3,True,
de916f31bc012d9b71d9:glm-5.3,glm-5.3,glm-5.3,True,
939f3798ce7b064b1d17:deepseek-v4-pro,deepseek-v4-pro,deepseek-v4-pro,True,
a8dc28dd67e792d29b81:glm-5.3,glm-5.3,glm-5.3,True,
7ef2082eeb97afef79b9:MiniMax-M3,MiniMax-M3,MiniMax-M3,True,
a9b1fcf01646df80276a:deepseek-v4-pro,deepseek-v4-pro,deepseek-v4-pro,True,
d25a8cbe7e394434cb22:MiniMax-M3,MiniMax-M3,MiniMax-M3,True,
9cf036aa6594ed932b8d:glm-5.3,glm-5.3,glm-5.3,True,
70195e883c9e6d6b8ad1:glm-5.3,glm-5.3,glm-5.3,True,
ec376da02683650c2dd3:deepseek-v4-pro,deepseek-v4-pro,deepseek-v4-pro,True,
5d37c3f45f7683601f07:MiniMax-M3,MiniMax-M3,MiniMax-M3,True,
4d079a4367cae9df8ef6:deepseek-v4-pro,deepseek-v4-pro,deepseek-v4-pro,True,
4de42aaa4b672e40451f:glm-5.3,glm-5.3,glm-5.3,True,
78670ac2f9cd94a0e34b:MiniMax-M3,MiniMax-M3,MiniMax-M3,True,
44396a2c0baea0461d7c:glm-5.3,glm-5.3,glm-5.3,True,
e4328dcf8182b74eead5:MiniMax-M3,MiniMax-M3,MiniMax-M3,True,
eb11ee0a8a2a56a975cf:deepseek-v4-pro,deepseek-v4-pro,deepseek-v4-pro,True,
5e70c5cf2ac92f46b760:deepseek-v4-pro,deepseek-v4-pro,deepseek-v4-pro,True,
10634e85e373e855f720:glm-5.3,glm-5.3,glm-5.3,True,
89c91425331f68e0bf81:glm-5.3,glm-5.3,glm-5.3,True,
9df6a1605c7bb1e2489d:deepseek-v4-pro,deepseek-v4-pro,deepseek-v4-pro,True,
68bf70b1cb36515b60fd:glm-5.3,glm-5.3,glm-5.3,True,
5b8bf8421387245c35e9:glm-5.3,glm-5.3,glm-5.3,True,
52f928a23b722a1bf2f9:glm-5.3,glm-5.3,glm-5.3,True,
87acd2510a737155430b:MiniMax-M3,MiniMax-M3,MiniMax-M3,True,
28e83f137ef44e0170dc:MiniMax-M3,MiniMax-M3,MiniMax-M3,True,
639e2e3a217eefc5fd57:deepseek-v4-pro,deepseek-v4-pro,deepseek-v4-pro,True,
f8b2ac9cc05145a90f52:glm-5.3,glm-5.3,glm-5.3,True,
8586aafc8d9d3e92721c:glm-5.3,glm-5.3,glm-5.3,True,
d351715b6556c5395eb6:deepseek-v4-pro,deepseek-v4-pro,deepseek-v4-pro,True,
160a4649d646ad24643c:MiniMax-M3,MiniMax-M3,MiniMax-M3,True,
a9b1fcf01646df80276a:glm-5.3,glm-5.3,glm-5.3,True,
bff3d552c24720f2ae24:glm-5.3,glm-5.3,glm-5.3,True,
94bfc2d29dcd8366f417:MiniMax-M3,MiniMax-M3,MiniMax-M3,True,
6bdd0e7483c679583b40:deepseek-v4-pro,deepseek-v4-pro,deepseek-v4-pro,True,
07824e10deba91fe14fb:MiniMax-M3,MiniMax-M3,MiniMax-M3,True,
81cfaecd9c49b176da56:deepseek-v4-pro,deepseek-v4-pro,deepseek-v4-pro,True,
06ab574c2d7c2c5d073c:deepseek-v4-pro,deepseek-v4-pro,deepseek-v4-pro,True,
a8809267d9ad469d4fec:deepseek-v4-pro,deepseek-v4-pro,deepseek-v4-pro,True,
b001755f2530a52c2b17:glm-5.3,glm-5.3,glm-5.3,True,
d084e4d6fb57826f61e6:deepseek-v4-pro,deepseek-v4-pro,deepseek-v4-pro,True,
0ecebd632a66fc139c12:deepseek-v4-pro,deepseek-v4-pro,deepseek-v4-pro,True,
a5900b3ae1571eced4ba:glm-5.3,glm-5.3,glm-5.3,True,
7ccbf2b21723dd82f1d3:deepseek-v4-pro,deepseek-v4-pro,deepseek-v4-pro,True,
ba948f4c00731514f365:glm-5.3,glm-5.3,glm-5.3,True,
70195e883c9e6d6b8ad1:deepseek-v4-pro,deepseek-v4-pro,deepseek-v4-pro,True,
2001153a8c79c59d26b1:deepseek-v4-pro,deepseek-v4-pro,deepseek-v4-pro,True,
94e6dbca36433221cf31:glm-5.3,glm-5.3,glm-5.3,True,
36e63544ef64ce010ea2:deepseek-v4-pro,deepseek-v4-pro,deepseek-v4-pro,True,
22fbfc4b723ab3bd4736:deepseek-v4-pro,deepseek-v4-pro,deepseek-v4-pro,True,
fcb6e243c6367dd18a91:glm-5.3,glm-5.3,glm-5.3,True,
9f5900bea29f4112388b:MiniMax-M3,MiniMax-M3,MiniMax-M3,True,
d49597d4547b11ef2a65:glm-5.3,glm-5.3,glm-5.3,True,
2db27923cbd10c3f4338:MiniMax-M3,MiniMax-M3,MiniMax-M3,True,
8096f8882b9b47269e11:glm-5.3,glm-5.3,glm-5.3,True,
56d6e90b5feeb9da6ead:glm-5.3,glm-5.3,glm-5.3,True,
6def5043eb8f45309e64:MiniMax-M3,MiniMax-M3,MiniMax-M3,True,
b464f61fdffe3cd51464:MiniMax-M3,MiniMax-M3,MiniMax-M3,True,
471323a111e247b49871:glm-5.3,glm-5.3,glm-5.3,True,
ae444430ac4a463a5114:deepseek-v4-pro,deepseek-v4-pro,deepseek-v4-pro,True,
91690b45b955bfbf278d:MiniMax-M3,MiniMax-M3,MiniMax-M3,True,
5c821e5e0cc384202ec7:glm-5.3,glm-5.3,glm-5.3,True,
688ce8251efdd77e02fd:deepseek-v4-pro,deepseek-v4-pro,deepseek-v4-pro,True,
2da0f24ca9947676c398:MiniMax-M3,MiniMax-M3,MiniMax-M3,True,
840471ae10385485135b:MiniMax-M3,MiniMax-M3,MiniMax-M3,True,
4a639dbea925203b56b9:glm-5.3,glm-5.3,glm-5.3,True,
98c0f93a07f4ea9fffc0:deepseek-v4-pro,deepseek-v4-pro,deepseek-v4-pro,True,
d44def6d0ff4eb4c4646:glm-5.3,glm-5.3,glm-5.3,True,
7fc662d460faacd1a849:glm-5.3,glm-5.3,glm-5.3,True,
c936f2ff18d35ff58458:MiniMax-M3,MiniMax-M3,MiniMax-M3,True,
993c69c0576f275c43ea:glm-5.3,glm-5.3,glm-5.3,True,
7468c3f6b72b128ab6bc:glm-5.3,glm-5.3,glm-5.3,True,
050f9e8f1a7421921f64:deepseek-v4-pro,deepseek-v4-pro,deepseek-v4-pro,True,
52f0eb13e2ef02f46e16:glm-5.3,glm-5.3,glm-5.3,True,
ccec56b415f027821fe8:deepseek-v4-pro,deepseek-v4-pro,deepseek-v4-pro,True,
d338e9ae18f2da75fb0c:MiniMax-M3,MiniMax-M3,MiniMax-M3,True,
424b9977d2fb7bc9f6cf:deepseek-v4-pro,deepseek-v4-pro,deepseek-v4-pro,True,
bc5edb60637d5f51d869:deepseek-v4-pro,deepseek-v4-pro,deepseek-v4-pro,True,
d5a1cb6d82de0793d236:deepseek-v4-pro,deepseek-v4-pro,deepseek-v4-pro,True,
2fd9bd59d2fd58664667:deepseek-v4-pro,deepseek-v4-pro,deepseek-v4-pro,True,
5b38cd3238d03588fbc4:MiniMax-M3,MiniMax-M3,MiniMax-M3,True,
92dea92e08675ce8b627:deepseek-v4-pro,deepseek-v4-pro,deepseek-v4-pro,True,
21e96fa8065b27840d0e:MiniMax-M3,MiniMax-M3,MiniMax-M3,True,
21077e7096bea93ed431:MiniMax-M3,MiniMax-M3,MiniMax-M3,True,
436e7269058af4bbb15b:glm-5.3,glm-5.3,glm-5.3,True,
2322f6f788a0e01b784b:MiniMax-M3,MiniMax-M3,MiniMax-M3,True,
76d6e1d52add131bcc35:MiniMax-M3,MiniMax-M3,MiniMax-M3,True,
391a781afcbcec3c87ff:deepseek-v4-pro,deepseek-v4-pro,deepseek-v4-pro,True,
795da41192f813753311:glm-5.3,glm-5.3,glm-5.3,True,
b64772fa883455075f7e:deepseek-v4-pro,deepseek-v4-pro,deepseek-v4-pro,True,
f5483bd7b56ecb3ffe8c:deepseek-v4-pro,deepseek-v4-pro,deepseek-v4-pro,True,
2095fa89a3aabfe5bfd3:MiniMax-M3,MiniMax-M3,MiniMax-M3,True,
a9cc5883cd6159dd0841:deepseek-v4-pro,deepseek-v4-pro,deepseek-v4-pro,True,
b0ae84824e8ef5ec411d:MiniMax-M3,MiniMax-M3,MiniMax-M3,True,
c7afa4777b5026c9c810:deepseek-v4-pro,deepseek-v4-pro,deepseek-v4-pro,True,
9fbf8e4231cdf0bf8a57:MiniMax-M3,MiniMax-M3,MiniMax-M3,True,
4007067a1c2179f32ff0:glm-5.3,glm-5.3,glm-5.3,True,
bc5edb60637d5f51d869:MiniMax-M3,MiniMax-M3,MiniMax-M3,True,
a0068936210f0bd200e4:glm-5.3,glm-5.3,glm-5.3,True,
7ddc157cf9444ff18712:deepseek-v4-pro,deepseek-v4-pro,deepseek-v4-pro,True,
372ea5251c291f667c4b:MiniMax-M3,MiniMax-M3,MiniMax-M3,True,
3f31df6e9ea60e299bc9:deepseek-v4-pro,deepseek-v4-pro,deepseek-v4-pro,True,
c26c99e05a72a62f5ea0:deepseek-v4-pro,deepseek-v4-pro,deepseek-v4-pro,True,
bb3b82bf60565a15b03f:MiniMax-M3,MiniMax-M3,MiniMax-M3,True,
e5a4cbf6f596f9f52366:MiniMax-M3,MiniMax-M3,MiniMax-M3,True,
9d3a6b4e7db6d253d7ee:MiniMax-M3,MiniMax-M3,MiniMax-M3,True,
44562ea982318e295196:MiniMax-M3,MiniMax-M3,MiniMax-M3,True,
9e63c3fc481c41826971:glm-5.3,glm-5.3,glm-5.3,True,
86122eb45bdc5ddf60b7:MiniMax-M3,MiniMax-M3,MiniMax-M3,True,
44dcfbc866d4e6c4df15:glm-5.3,glm-5.3,glm-5.3,True,
5fed21a152401055a2dd:glm-5.3,glm-5.3,glm-5.3,True,
29edeec2782af2ef4b1d:MiniMax-M3,MiniMax-M3,MiniMax-M3,True,
792c9b28b688bfc82bf5:glm-5.3,glm-5.3,glm-5.3,True,
4f2ee6a379e179b3dc1e:deepseek-v4-pro,deepseek-v4-pro,deepseek-v4-pro,True,
09c22fe93edf6c3f6591:deepseek-v4-pro,deepseek-v4-pro,deepseek-v4-pro,True,
d2981b7fc6f068194ac7:MiniMax-M3,MiniMax-M3,MiniMax-M3,True,
68ff5a84c8780bb69ffa:deepseek-v4-pro,deepseek-v4-pro,deepseek-v4-pro,True,
b1f7fa69305bba7b6afe:deepseek-v4-pro,deepseek-v4-pro,deepseek-v4-pro,True,
bba9e47cbf3d747f9ac1:deepseek-v4-pro,deepseek-v4-pro,deepseek-v4-pro,True,
44578ddc22edc30c0042:glm-5.3,glm-5.3,glm-5.3,True,
6a168db716ba66c8c9e2:MiniMax-M3,MiniMax-M3,MiniMax-M3,True,
9880ee1065c7dae5f11c:MiniMax-M3,MiniMax-M3,MiniMax-M3,True,
1c00ba6639feeb93782f:glm-5.3,glm-5.3,glm-5.3,True,
b2c3b7bf73247d62d9e3:deepseek-v4-pro,deepseek-v4-pro,deepseek-v4-pro,True,
61c1388aa3c4ce19098c:MiniMax-M3,MiniMax-M3,MiniMax-M3,True,
052fefe8bd501f8bfc20:glm-5.3,glm-5.3,glm-5.3,True,
886b92b45b75eef82038:glm-5.3,glm-5.3,glm-5.3,True,
da826208988189322319:glm-5.3,glm-5.3,glm-5.3,True,
470dcf7bc571afaa0d34:MiniMax-M3,MiniMax-M3,MiniMax-M3,True,
b302ca1863fac179ff29:deepseek-v4-pro,deepseek-v4-pro,deepseek-v4-pro,True,
28721a367092400d6f66:deepseek-v4-pro,deepseek-v4-pro,deepseek-v4-pro,True,
a7f64d0665b93daa0e8c:MiniMax-M3,MiniMax-M3,MiniMax-M3,True,
1d3262570509fcb03c55:MiniMax-M3,MiniMax-M3,MiniMax-M3,True,
5c091eaccc8d9ea764c5:deepseek-v4-pro,deepseek-v4-pro,deepseek-v4-pro,True,
8f1471f2f65b1700d47e:glm-5.3,glm-5.3,glm-5.3,True,
e417f47104b435c97f92:deepseek-v4-pro,deepseek-v4-pro,deepseek-v4-pro,True,
1992bf9c059e58c6cfaa:glm-5.3,glm-5.3,glm-5.3,True,
4de42aaa4b672e40451f:deepseek-v4-pro,deepseek-v4-pro,deepseek-v4-pro,True,
3107a93ab5716a3b2bb1:MiniMax-M3,MiniMax-M3,MiniMax-M3,True,
3b82ff7eeeb4f9eb9bb9:deepseek-v4-pro,deepseek-v4-pro,deepseek-v4-pro,True,
1506639cc683595ac578:deepseek-v4-pro,deepseek-v4-pro,deepseek-v4-pro,True,
c0e98a10cf21fd670b5c:MiniMax-M3,MiniMax-M3,MiniMax-M3,True,
b626d4beb62d25ae7c99:glm-5.3,glm-5.3,glm-5.3,True,
de030b699b11088b2e44:deepseek-v4-pro,deepseek-v4-pro,deepseek-v4-pro,True,
1fbc0a4e7cefe65d939c:deepseek-v4-pro,deepseek-v4-pro,deepseek-v4-pro,True,
16245322f09f3e7084c5:MiniMax-M3,MiniMax-M3,MiniMax-M3,True,
cc2815f74efb6e93b079:deepseek-v4-pro,deepseek-v4-pro,deepseek-v4-pro,True,
1109239761497b0e6afc:deepseek-v4-pro,deepseek-v4-pro,deepseek-v4-pro,True,
07c8a5a6997d1b11e1d3:deepseek-v4-pro,deepseek-v4-pro,deepseek-v4-pro,True,
61d67f99df4613fb52cf:glm-5.3,glm-5.3,glm-5.3,True,
08c8c2abb07a78e5b0ef:glm-5.3,glm-5.3,glm-5.3,True,
fb0e4ea93f22030686af:deepseek-v4-pro,deepseek-v4-pro,deepseek-v4-pro,True,
ee7b5a589659b271b927:deepseek-v4-pro,deepseek-v4-pro,deepseek-v4-pro,True,
5231eff0ffe2237272a7:MiniMax-M3,MiniMax-M3,MiniMax-M3,True,
b04a517eacf25e1a83dd:glm-5.3,glm-5.3,glm-5.3,True,
f86cf1324e3a848f9bb3:MiniMax-M3,MiniMax-M3,MiniMax-M3,True,
11a761f13c480ff2726f:deepseek-v4-pro,deepseek-v4-pro,deepseek-v4-pro,True,
64c52924830f3e32643c:deepseek-v4-pro,deepseek-v4-pro,deepseek-v4-pro,True,
a218f1efd5a2db1b766c:glm-5.3,glm-5.3,glm-5.3,True,
b302ca1863fac179ff29:glm-5.3,glm-5.3,glm-5.3,True,
0e74d9f5aedcf6af9e2e:MiniMax-M3,MiniMax-M3,MiniMax-M3,True,
8b2313b3e3f32de8650b:glm-5.3,glm-5.3,glm-5.3,True,
baac12a730393998279f:deepseek-v4-pro,deepseek-v4-pro,deepseek-v4-pro,True,
2462fcef103c7f2d61a3:deepseek-v4-pro,deepseek-v4-pro,deepseek-v4-pro,True,
92a425813764f7ff5ca0:glm-5.3,glm-5.3,glm-5.3,True,
72c7f803dc77d3b35145:MiniMax-M3,MiniMax-M3,MiniMax-M3,True,
bc016e375ecddbfc171c:glm-5.3,glm-5.3,glm-5.3,True,
bc3b448553944b7e03d2:deepseek-v4-pro,deepseek-v4-pro,deepseek-v4-pro,True,
f2b5f3ed5c0e4f903269:MiniMax-M3,MiniMax-M3,MiniMax-M3,True,
8096f8882b9b47269e11:MiniMax-M3,MiniMax-M3,MiniMax-M3,True,
ed951dfcb5b9b91c49ba:glm-5.3,glm-5.3,glm-5.3,True,
cb241f793453747c300d:deepseek-v4-pro,deepseek-v4-pro,deepseek-v4-pro,True,
9066376254fd5968cf39:glm-5.3,glm-5.3,glm-5.3,True,
e188c35f61101b856c36:glm-5.3,glm-5.3,glm-5.3,True,
bb02efc7b68cee9aa52c:MiniMax-M3,MiniMax-M3,MiniMax-M3,True,
ab70c9f3ed5efabb0a26:deepseek-v4-pro,deepseek-v4-pro,deepseek-v4-pro,True,
67d451ac0ca5faf6042a:MiniMax-M3,MiniMax-M3,MiniMax-M3,True,
0241c3f4eed07c6e0b94:deepseek-v4-pro,deepseek-v4-pro,deepseek-v4-pro,True,
5f9bef0dc6598cdde7b0:MiniMax-M3,MiniMax-M3,MiniMax-M3,True,
c6fb6d710dbfb83696b1:glm-5.3,glm-5.3,glm-5.3,True,
dae8801f5d75cc3693f9:glm-5.3,glm-5.3,glm-5.3,True,
146e43c94499448e4d27:deepseek-v4-pro,deepseek-v4-pro,deepseek-v4-pro,True,
27156e2d6c3336b03933:glm-5.3,glm-5.3,glm-5.3,True,
54df391579d4be8d52cd:MiniMax-M3,MiniMax-M3,MiniMax-M3,True,
25ac6ec01438ec82a101:MiniMax-M3,MiniMax-M3,MiniMax-M3,True,
1444bef604aef31f46d4:MiniMax-M3,MiniMax-M3,MiniMax-M3,True,
6d2fe43f396a03570778:deepseek-v4-pro,deepseek-v4-pro,deepseek-v4-pro,True,
b777db7176b728db684e:MiniMax-M3,MiniMax-M3,MiniMax-M3,True,
06218a8489b41247cc2c:glm-5.3,glm-5.3,glm-5.3,True,
203a8bc8da525f59e4da:deepseek-v4-pro,deepseek-v4-pro,deepseek-v4-pro,True,
04f472a04f08b89f9008:MiniMax-M3,MiniMax-M3,MiniMax-M3,True,
9b900726a1f9afd27ab3:glm-5.3,glm-5.3,glm-5.3,True,
46bba378839dd9b4b543:deepseek-v4-pro,deepseek-v4-pro,deepseek-v4-pro,True,
eb3902b87a1e8857c5ba:MiniMax-M3,MiniMax-M3,MiniMax-M3,True,
b5438f75a126aaee892c:MiniMax-M3,MiniMax-M3,MiniMax-M3,True,
d3815736c4e094117b1d:MiniMax-M3,MiniMax-M3,MiniMax-M3,True,
fc4b9ffa62a08210118c:deepseek-v4-pro,deepseek-v4-pro,deepseek-v4-pro,True,
75407792a72382fadbb0:deepseek-v4-pro,deepseek-v4-pro,deepseek-v4-pro,True,
c00b12ebbca169129b51:MiniMax-M3,MiniMax-M3,MiniMax-M3,True,
990d2bdc51d3eae4fe63:MiniMax-M3,MiniMax-M3,MiniMax-M3,True,
d78857f06fb5b171a4a4:glm-5.3,glm-5.3,glm-5.3,True,
f0e8b2d7de8768972992:deepseek-v4-pro,deepseek-v4-pro,deepseek-v4-pro,True,
ff809ab7f97c213dad2c:MiniMax-M3,MiniMax-M3,MiniMax-M3,True,
eb83d8d940d552c86233:deepseek-v4-pro,deepseek-v4-pro,deepseek-v4-pro,True,
26fc78f89b3afc94390a:MiniMax-M3,MiniMax-M3,MiniMax-M3,True,
7e6acb16bd1ca9f34abf:MiniMax-M3,MiniMax-M3,MiniMax-M3,True,
14a0ce234acc8fddf806:deepseek-v4-pro,deepseek-v4-pro,deepseek-v4-pro,True,
92a425813764f7ff5ca0:deepseek-v4-pro,deepseek-v4-pro,deepseek-v4-pro,True,
a1fd64921569de8fd297:glm-5.3,glm-5.3,glm-5.3,True,
eb535e14bf83401089da:glm-5.3,glm-5.3,glm-5.3,True,
731e6d0b3a945829c43f:glm-5.3,glm-5.3,glm-5.3,True,
477f13e4095c6a1882cd:MiniMax-M3,MiniMax-M3,MiniMax-M3,True,
b49f0ab036c7cf2fe292:glm-5.3,glm-5.3,glm-5.3,True,
8d247f44929c2fd8d353:MiniMax-M3,MiniMax-M3,MiniMax-M3,True,
0f1dbef76acfb2174630:MiniMax-M3,MiniMax-M3,MiniMax-M3,True,
a7449c697b29cd338dc8:MiniMax-M3,MiniMax-M3,MiniMax-M3,True,
debae64cb7dce38e84f2:MiniMax-M3,MiniMax-M3,MiniMax-M3,True,
79200fe8cdc009263747:glm-5.3,glm-5.3,glm-5.3,True,
ed6ab662ff6b830833a5:deepseek-v4-pro,deepseek-v4-pro,deepseek-v4-pro,True,
619c8926fd5717a998cd:glm-5.3,glm-5.3,glm-5.3,True,
62e5af674f7d17e81c8d:glm-5.3,glm-5.3,glm-5.3,True,
07c8a5a6997d1b11e1d3:MiniMax-M3,MiniMax-M3,MiniMax-M3,True,
4ad2d09e46e6eca6ffa0:glm-5.3,glm-5.3,glm-5.3,True,
433b3f97f654eaba97d3:glm-5.3,glm-5.3,glm-5.3,True,
f45f585a5416bfdcb137:glm-5.3,glm-5.3,glm-5.3,True,
873394264441dfdee55b:MiniMax-M3,MiniMax-M3,MiniMax-M3,True,
113b447450c840b30687:deepseek-v4-pro,deepseek-v4-pro,deepseek-v4-pro,True,
56d8f89f3eef799d8686:glm-5.3,glm-5.3,glm-5.3,True,
ef421cff542ff05240a6:MiniMax-M3,MiniMax-M3,MiniMax-M3,True,
166f65e8c36f46aba3b1:deepseek-v4-pro,deepseek-v4-pro,deepseek-v4-pro,True,
1ab50951544f1016231a:MiniMax-M3,MiniMax-M3,MiniMax-M3,True,
bcd8fd9bf76db340164f:MiniMax-M3,MiniMax-M3,MiniMax-M3,True,
832b5ad84b244f679f53:deepseek-v4-pro,deepseek-v4-pro,deepseek-v4-pro,True,
b85536e9048fcf6beead:deepseek-v4-pro,deepseek-v4-pro,deepseek-v4-pro,True,
65f038e062c27f676c94:glm-5.3,glm-5.3,glm-5.3,True,
191ca59260eb789738be:glm-5.3,glm-5.3,glm-5.3,True,
488d9744a846d75963c3:glm-5.3,glm-5.3,glm-5.3,True,
ef959a131581af84250e:MiniMax-M3,MiniMax-M3,MiniMax-M3,True,
61bb220c42fc96c5c944:glm-5.3,glm-5.3,glm-5.3,True,
9e6990e26396244c8970:glm-5.3,glm-5.3,glm-5.3,True,
7e917926fae1ee94c704:deepseek-v4-pro,deepseek-v4-pro,deepseek-v4-pro,True,
11f4d30810b3bcf04846:deepseek-v4-pro,deepseek-v4-pro,deepseek-v4-pro,True,
41892f898af64d3de71d:MiniMax-M3,MiniMax-M3,MiniMax-M3,True,
1998325a8d3ba6481b1b:deepseek-v4-pro,deepseek-v4-pro,deepseek-v4-pro,True,
9add02a3a9fc455c194e:deepseek-v4-pro,deepseek-v4-pro,deepseek-v4-pro,True,
e6f88a9df806a31156a5:glm-5.3,glm-5.3,glm-5.3,True,
858b4f2eb1ea19452f3f:glm-5.3,glm-5.3,glm-5.3,True,
ec0629b5133124ce97b6:deepseek-v4-pro,deepseek-v4-pro,deepseek-v4-pro,True,
f85b9df90784f808ab7b:MiniMax-M3,MiniMax-M3,MiniMax-M3,True,
3b42c3673212ac402213:deepseek-v4-pro,deepseek-v4-pro,deepseek-v4-pro,True,
b9817493a5b382c8f268:deepseek-v4-pro,deepseek-v4-pro,deepseek-v4-pro,True,
33038cd7ffbd3eef91d4:MiniMax-M3,MiniMax-M3,MiniMax-M3,True,
dfbc133fe0a26a0c5e09:deepseek-v4-pro,deepseek-v4-pro,deepseek-v4-pro,True,
73b173362cd25823f039:MiniMax-M3,MiniMax-M3,MiniMax-M3,True,
df407455885369527241:deepseek-v4-pro,deepseek-v4-pro,deepseek-v4-pro,True,
b9df606fc411fc2fc127:MiniMax-M3,MiniMax-M3,MiniMax-M3,True,
db671659ebca310dd6fe:MiniMax-M3,MiniMax-M3,MiniMax-M3,True,
b39790145efd6c4149ee:deepseek-v4-pro,deepseek-v4-pro,deepseek-v4-pro,True,
9e63c3fc481c41826971:MiniMax-M3,MiniMax-M3,MiniMax-M3,True,
477f13e4095c6a1882cd:glm-5.3,glm-5.3,glm-5.3,True,
17e0ff383662c99d8f86:glm-5.3,glm-5.3,glm-5.3,True,
8f05fec859b8cdd239bb:glm-5.3,glm-5.3,glm-5.3,True,
e95770a879c22a94460a:glm-5.3,glm-5.3,glm-5.3,True,
335c445af0558b6829f4:deepseek-v4-pro,deepseek-v4-pro,deepseek-v4-pro,True,
04e97ee5941f3004267a:MiniMax-M3,MiniMax-M3,MiniMax-M3,True,
1337d84a44a358e320c7:deepseek-v4-pro,deepseek-v4-pro,deepseek-v4-pro,True,
c8880593e8d1182b2ec9:MiniMax-M3,MiniMax-M3,MiniMax-M3,True,
0980485208e6983029f7:deepseek-v4-pro,deepseek-v4-pro,deepseek-v4-pro,True,
4ab3ec8b5ce6ffeca48d:MiniMax-M3,MiniMax-M3,MiniMax-M3,True,
29eac96df40098f16e73:glm-5.3,glm-5.3,glm-5.3,True,
f2dd1995f32fafa1aac6:MiniMax-M3,MiniMax-M3,MiniMax-M3,True,
8a7de7a8d3ccf32a9b0d:deepseek-v4-pro,deepseek-v4-pro,deepseek-v4-pro,True,
28e83f137ef44e0170dc:deepseek-v4-pro,deepseek-v4-pro,deepseek-v4-pro,True,
0847d72e0681903f269a:MiniMax-M3,MiniMax-M3,MiniMax-M3,True,
64a21d5c9b03447a16a0:MiniMax-M3,MiniMax-M3,MiniMax-M3,True,
c0ad248f5ea4c67d8b23:deepseek-v4-pro,deepseek-v4-pro,deepseek-v4-pro,True,
409480036132ff9e5e56:deepseek-v4-pro,deepseek-v4-pro,deepseek-v4-pro,True,
3c2516a549a93ab495fc:glm-5.3,glm-5.3,glm-5.3,True,
fea7bb073a4251d06294:deepseek-v4-pro,deepseek-v4-pro,deepseek-v4-pro,True,
043bdec282eab12226be:MiniMax-M3,MiniMax-M3,MiniMax-M3,True,
832b4e9e0a231b3ba15f:deepseek-v4-pro,deepseek-v4-pro,deepseek-v4-pro,True,
846b80a32ab1326a5803:deepseek-v4-pro,deepseek-v4-pro,deepseek-v4-pro,True,
dbc2702eaa1bea1e133d:glm-5.3,glm-5.3,glm-5.3,True,
effd6f2cb2f489278009:deepseek-v4-pro,deepseek-v4-pro,deepseek-v4-pro,True,
537568a0d7b010e6aca6:glm-5.3,glm-5.3,glm-5.3,True,
41892f898af64d3de71d:glm-5.3,glm-5.3,glm-5.3,True,
12023b68f7daf8205bb2:deepseek-v4-pro,deepseek-v4-pro,deepseek-v4-pro,True,
a50679cea145e0b435aa:deepseek-v4-pro,deepseek-v4-pro,deepseek-v4-pro,True,
e0e5122c70041abe73a7:glm-5.3,glm-5.3,glm-5.3,True,
b1f57c9c5f6f01e6e3b1:MiniMax-M3,MiniMax-M3,MiniMax-M3,True,
ce9fd6511d606c800eff:glm-5.3,glm-5.3,glm-5.3,True,
b7654e512f789c0dbfa8:MiniMax-M3,MiniMax-M3,MiniMax-M3,True,
e1d7b0cd7d567f19b979:MiniMax-M3,MiniMax-M3,MiniMax-M3,True,
85e97ca8305d47c2de79:MiniMax-M3,MiniMax-M3,MiniMax-M3,True,
84272827fdb63c23d7da:glm-5.3,glm-5.3,glm-5.3,True,
014af497dd514736dcc9:deepseek-v4-pro,deepseek-v4-pro,deepseek-v4-pro,True,
2044a4eac61e6e3acdd6:deepseek-v4-pro,deepseek-v4-pro,deepseek-v4-pro,True,
c9b68c2b2ece5178cd06:deepseek-v4-pro,deepseek-v4-pro,deepseek-v4-pro,True,
2c1d226b175f91611411:MiniMax-M3,MiniMax-M3,MiniMax-M3,True,
eda27a21b79ea55083d8:deepseek-v4-pro,deepseek-v4-pro,deepseek-v4-pro,True,
404a73b86d07210a7828:deepseek-v4-pro,deepseek-v4-pro,deepseek-v4-pro,True,
0f7d67775def2479df07:glm-5.3,glm-5.3,glm-5.3,True,
537c229bc5ccbb48601b:deepseek-v4-pro,deepseek-v4-pro,deepseek-v4-pro,True,
9426de751d4660ebdd65:MiniMax-M3,MiniMax-M3,MiniMax-M3,True,
3d0f3f3c30dc6306860f:glm-5.3,glm-5.3,glm-5.3,True,
0ed858ec7566ef739204:deepseek-v4-pro,deepseek-v4-pro,deepseek-v4-pro,True,
6eda635cb967cdbdcc60:glm-5.3,glm-5.3,glm-5.3,True,
ed060997944876c6e9d2:glm-5.3,glm-5.3,glm-5.3,True,
eff5e04a5a042a91c33d:glm-5.3,glm-5.3,glm-5.3,True,
77a4a70f4f80c24d288c:glm-5.3,glm-5.3,glm-5.3,True,
d2f609a43e57581a0393:deepseek-v4-pro,deepseek-v4-pro,deepseek-v4-pro,True,
f30bbd97fc63171f8cbd:MiniMax-M3,MiniMax-M3,MiniMax-M3,True,
740ec206827e1aff6ed2:MiniMax-M3,MiniMax-M3,MiniMax-M3,True,
ac5199eb1bf44465fc7e:glm-5.3,glm-5.3,glm-5.3,True,
928d97254d509b1893bd:glm-5.3,glm-5.3,glm-5.3,True,
4fdcfe3c281c746e81f4:deepseek-v4-pro,deepseek-v4-pro,deepseek-v4-pro,True,
28b63a65a405f40e4ddd:MiniMax-M3,MiniMax-M3,MiniMax-M3,True,
21b20e0f87e1ffd97f4a:glm-5.3,glm-5.3,glm-5.3,True,
b564ffc12d03258057ac:deepseek-v4-pro,deepseek-v4-pro,deepseek-v4-pro,True,
6bb392ce0b815a01d06d:MiniMax-M3,MiniMax-M3,MiniMax-M3,True,
b626d4beb62d25ae7c99:MiniMax-M3,MiniMax-M3,MiniMax-M3,True,
6ac36688538cd7ae0d3c:glm-5.3,glm-5.3,glm-5.3,True,
443048ef21001020c1d5:MiniMax-M3,MiniMax-M3,MiniMax-M3,True,
22a17c82ffd7e6d3cb24:MiniMax-M3,MiniMax-M3,MiniMax-M3,True,
37872e184a4cb201b4e3:glm-5.3,glm-5.3,glm-5.3,True,
018eb93425ff7172b6a2:deepseek-v4-pro,deepseek-v4-pro,deepseek-v4-pro,True,
a9a5616918ea9dd967a5:deepseek-v4-pro,deepseek-v4-pro,deepseek-v4-pro,True,
dbb7b6afcb54aaaebafa:deepseek-v4-pro,deepseek-v4-pro,deepseek-v4-pro,True,
1394bb249b34d0306985:glm-5.3,glm-5.3,glm-5.3,True,
ae444430ac4a463a5114:MiniMax-M3,MiniMax-M3,MiniMax-M3,True,
1099764fbefaab78e987:MiniMax-M3,MiniMax-M3,MiniMax-M3,True,
ce92abd31c0bb0c9bb8e:glm-5.3,glm-5.3,glm-5.3,True,
b2305b752a5ab5d3b6a6:glm-5.3,glm-5.3,glm-5.3,True,
7365d6aacb412a7b51d6:glm-5.3,glm-5.3,glm-5.3,True,
49fcfe22fcf5934ad62c:deepseek-v4-pro,deepseek-v4-pro,deepseek-v4-pro,True,
6daec0b6e80d74582df4:MiniMax-M3,MiniMax-M3,MiniMax-M3,True,
e42a9731356331f0c279:deepseek-v4-pro,deepseek-v4-pro,deepseek-v4-pro,True,
c007372977104b2765bf:deepseek-v4-pro,deepseek-v4-pro,deepseek-v4-pro,True,
fb8672422378daee78c2:deepseek-v4-pro,deepseek-v4-pro,deepseek-v4-pro,True,
4d7a2032eaa82de5aeb2:deepseek-v4-pro,deepseek-v4-pro,deepseek-v4-pro,True,
c018d41d626eb20e2d24:MiniMax-M3,MiniMax-M3,MiniMax-M3,True,
c236c974bd7de0650664:glm-5.3,glm-5.3,glm-5.3,True,
e75ae3654ee10a328c50:deepseek-v4-pro,deepseek-v4-pro,deepseek-v4-pro,True,
b9d1080ae62ce5b07b99:deepseek-v4-pro,deepseek-v4-pro,deepseek-v4-pro,True,
9ee694ee392504f2e2a8:deepseek-v4-pro,deepseek-v4-pro,deepseek-v4-pro,True,
2b13348bd694a33236bd:glm-5.3,glm-5.3,glm-5.3,True,
0319e602cc8650dc0bba:MiniMax-M3,MiniMax-M3,MiniMax-M3,True,
76ea32ef6c4d4d1ffd77:MiniMax-M3,MiniMax-M3,MiniMax-M3,True,
a50679cea145e0b435aa:MiniMax-M3,MiniMax-M3,MiniMax-M3,True,
86ad2cb0f826eaa549de:deepseek-v4-pro,deepseek-v4-pro,deepseek-v4-pro,True,
152062c9b5cdb6cbaac4:glm-5.3,glm-5.3,glm-5.3,True,
6e24611e66608fcf3821:glm-5.3,glm-5.3,glm-5.3,True,
7608a489f9318c1ecb6f:deepseek-v4-pro,deepseek-v4-pro,deepseek-v4-pro,True,
e3863a71d6797fd84f9e:MiniMax-M3,MiniMax-M3,MiniMax-M3,True,
06b787b0effbddf63c8d:MiniMax-M3,MiniMax-M3,MiniMax-M3,True,
2b5c7e9e48dbffa5e6eb:glm-5.3,glm-5.3,glm-5.3,True,
fd4759999365719dbc01:deepseek-v4-pro,deepseek-v4-pro,deepseek-v4-pro,True,
823c860f82f073a4d31d:glm-5.3,glm-5.3,glm-5.3,True,
2e77ee3c88400ec56c06:deepseek-v4-pro,deepseek-v4-pro,deepseek-v4-pro,True,
5395658533c270997618:glm-5.3,glm-5.3,glm-5.3,True,
212dd7e2d061c94fb704:glm-5.3,glm-5.3,glm-5.3,True,
148c56dc2d88ce1d44b8:deepseek-v4-pro,deepseek-v4-pro,deepseek-v4-pro,True,
7f0393f6fb532b62021f:MiniMax-M3,MiniMax-M3,MiniMax-M3,True,
d9cefa70f0a114955f1d:MiniMax-M3,MiniMax-M3,MiniMax-M3,True,
b2c865efba6e9e0133df:deepseek-v4-pro,deepseek-v4-pro,deepseek-v4-pro,True,
d0569ba0c03eccea98ca:glm-5.3,glm-5.3,glm-5.3,True,
cbc592ea283155e30fab:deepseek-v4-pro,deepseek-v4-pro,deepseek-v4-pro,True,
26192a143fb2b323570e:MiniMax-M3,MiniMax-M3,MiniMax-M3,True,
69aeeb480517e4216545:glm-5.3,glm-5.3,glm-5.3,True,
86b233a17a047167cab6:deepseek-v4-pro,deepseek-v4-pro,deepseek-v4-pro,True,
8e7881488feacbe3db19:MiniMax-M3,MiniMax-M3,MiniMax-M3,True,
8273c0d1b20a591c1206:deepseek-v4-pro,deepseek-v4-pro,deepseek-v4-pro,True,
9af72a3b131be1e9a9a2:glm-5.3,glm-5.3,glm-5.3,True,
9f7fe2e85a6a9a606bf3:glm-5.3,glm-5.3,glm-5.3,True,
badfd12e6258368193a9:MiniMax-M3,MiniMax-M3,MiniMax-M3,True,
9c7409a66b480aea3a14:MiniMax-M3,MiniMax-M3,MiniMax-M3,True,
31852d2bf5b2a2a69c19:MiniMax-M3,MiniMax-M3,MiniMax-M3,True,
94ba96f84b19e70764ee:MiniMax-M3,MiniMax-M3,MiniMax-M3,True,
7f0870b5bc8077270b47:glm-5.3,glm-5.3,glm-5.3,True,
b82a89029a1fb27bde70:MiniMax-M3,MiniMax-M3,MiniMax-M3,True,
da2733abe726a5f6b920:MiniMax-M3,MiniMax-M3,MiniMax-M3,True,
bb758d07c66be9a0c004:MiniMax-M3,MiniMax-M3,MiniMax-M3,True,
3fd3a9794188322e0973:glm-5.3,glm-5.3,glm-5.3,True,
cd07184fdb34d09d82e0:glm-5.3,glm-5.3,glm-5.3,True,
2986753766225c3f4be5:deepseek-v4-pro,deepseek-v4-pro,deepseek-v4-pro,True,
408944e1d5fc05f3229d:MiniMax-M3,MiniMax-M3,MiniMax-M3,True,
340153553f5d4d0b5ec6:MiniMax-M3,MiniMax-M3,MiniMax-M3,True,
9b6333cb6b65ff2508f7:deepseek-v4-pro,deepseek-v4-pro,deepseek-v4-pro,True,
0c95ccba1b937d352cbb:MiniMax-M3,MiniMax-M3,MiniMax-M3,True,
a9dabe679ecb5d7cacb1:glm-5.3,glm-5.3,glm-5.3,True,
1915a9867f024e182220:MiniMax-M3,MiniMax-M3,MiniMax-M3,True,
5c3f317306fda3710b90:glm-5.3,glm-5.3,glm-5.3,True,
59687f4313e139e06658:deepseek-v4-pro,deepseek-v4-pro,deepseek-v4-pro,True,
d4cc6d03cfba8ed0d6f6:MiniMax-M3,MiniMax-M3,MiniMax-M3,True,
3bd624c413aae561ee44:MiniMax-M3,MiniMax-M3,MiniMax-M3,True,
ea0d636edc39cdbeaa3d:MiniMax-M3,MiniMax-M3,MiniMax-M3,True,
e8489023abc2f2c21bb1:MiniMax-M3,MiniMax-M3,MiniMax-M3,True,
30cbfcdd5e91135e02c8:glm-5.3,glm-5.3,glm-5.3,True,
f652066e1c24bfc323d7:glm-5.3,glm-5.3,glm-5.3,True,
2427ec2ea83daf0faa4b:glm-5.3,glm-5.3,glm-5.3,True,
7b723532fc032a241e86:glm-5.3,glm-5.3,glm-5.3,True,
64c52924830f3e32643c:glm-5.3,glm-5.3,glm-5.3,True,
472c8a93dafd15659931:MiniMax-M3,MiniMax-M3,MiniMax-M3,True,
96b712ad7e4a25a79396:deepseek-v4-pro,deepseek-v4-pro,deepseek-v4-pro,True,
1744f16508e547daf474:MiniMax-M3,MiniMax-M3,MiniMax-M3,True,
ac741504db798b66d5b2:deepseek-v4-pro,deepseek-v4-pro,deepseek-v4-pro,True,
d009850fc823a1e461a7:deepseek-v4-pro,deepseek-v4-pro,deepseek-v4-pro,True,
85cc4ce6c7320e9b78ce:deepseek-v4-pro,deepseek-v4-pro,deepseek-v4-pro,True,
740ec206827e1aff6ed2:glm-5.3,glm-5.3,glm-5.3,True,
5f47ea85547146d039c5:glm-5.3,glm-5.3,glm-5.3,True,
638f864c3f32fc6095a0:glm-5.3,glm-5.3,glm-5.3,True,
bccad17babc5951774f1:glm-5.3,glm-5.3,glm-5.3,True,
2b5c37e3111b84034f86:glm-5.3,glm-5.3,glm-5.3,True,
48efa675f24be3fc60e1:deepseek-v4-pro,deepseek-v4-pro,deepseek-v4-pro,True,
e2008ad06fa5a8cdeebc:deepseek-v4-pro,deepseek-v4-pro,deepseek-v4-pro,True,
4ad366b18298f020ee3d:glm-5.3,glm-5.3,glm-5.3,True,
3fdddf009b7da67091c4:MiniMax-M3,MiniMax-M3,MiniMax-M3,True,
0e9aba35d9a041ef92db:deepseek-v4-pro,deepseek-v4-pro,deepseek-v4-pro,True,
c6631157cc7af23824cc:glm-5.3,glm-5.3,glm-5.3,True,
0329115846f7bd50a452:MiniMax-M3,MiniMax-M3,MiniMax-M3,True,
cf771ea2d6966de40b06:deepseek-v4-pro,deepseek-v4-pro,deepseek-v4-pro,True,
64aadb6131d4a9fc9642:MiniMax-M3,MiniMax-M3,MiniMax-M3,True,
fbb1488706d571ef5352:deepseek-v4-pro,deepseek-v4-pro,deepseek-v4-pro,True,
92323b0381c8da9942bd:MiniMax-M3,MiniMax-M3,MiniMax-M3,True,
a38b5e49e3339105fec6:deepseek-v4-pro,deepseek-v4-pro,deepseek-v4-pro,True,
b46bdf167aff7e6d6196:glm-5.3,glm-5.3,glm-5.3,True,
af1206cf7e985cc8118c:glm-5.3,glm-5.3,glm-5.3,True,
966f4dc735343999e98c:glm-5.3,glm-5.3,glm-5.3,True,
37cf8af549ed4a5d3c60:glm-5.3,glm-5.3,glm-5.3,True,
58e7bd0f0d62a82a5dc4:MiniMax-M3,MiniMax-M3,MiniMax-M3,True,
3d02f103204c37dc9ba6:MiniMax-M3,MiniMax-M3,MiniMax-M3,True,
b22ab5e5c90b792e12a8:glm-5.3,glm-5.3,glm-5.3,True,
3ae537d603b746025443:MiniMax-M3,MiniMax-M3,MiniMax-M3,True,
325f4896c4525b6e48ff:glm-5.3,glm-5.3,glm-5.3,True,
3608311fad94eba78a51:MiniMax-M3,MiniMax-M3,MiniMax-M3,True,
b1742bd0c88ef6d70339:glm-5.3,glm-5.3,glm-5.3,True,
38380290adee4904d55a:MiniMax-M3,MiniMax-M3,MiniMax-M3,True,
54815c1f28f8d402e4e1:glm-5.3,glm-5.3,glm-5.3,True,
7a82dafb2ebddad00445:MiniMax-M3,MiniMax-M3,MiniMax-M3,True,
b320fc6b9d8581d318ed:MiniMax-M3,MiniMax-M3,MiniMax-M3,True,
26b02a6f378faae7314a:deepseek-v4-pro,deepseek-v4-pro,deepseek-v4-pro,True,
816e2c0dd36d12b54b49:glm-5.3,glm-5.3,glm-5.3,True,
85abdad836e1e8abee13:glm-5.3,glm-5.3,glm-5.3,True,
846b80a32ab1326a5803:glm-5.3,glm-5.3,glm-5.3,True,
e5bef8c66673f7caefcc:MiniMax-M3,MiniMax-M3,MiniMax-M3,True,
2fc7a8493de0e8871ff4:deepseek-v4-pro,deepseek-v4-pro,deepseek-v4-pro,True,
b5814c4b3993d11ecc15:glm-5.3,glm-5.3,glm-5.3,True,
6305b64050d2bff6377e:MiniMax-M3,MiniMax-M3,MiniMax-M3,True,
15a40570f257683d057a:glm-5.3,glm-5.3,glm-5.3,True,
7fc602856e3b99385834:glm-5.3,glm-5.3,glm-5.3,True,
ba3aa650ecc52367e185:deepseek-v4-pro,deepseek-v4-pro,deepseek-v4-pro,True,
0a28e870600e6a3abff6:MiniMax-M3,MiniMax-M3,MiniMax-M3,True,
eb83d8d940d552c86233:glm-5.3,glm-5.3,glm-5.3,True,
0b04092a46bafcd792f9:deepseek-v4-pro,deepseek-v4-pro,deepseek-v4-pro,True,
a44b73d1b54b4bda3cd5:deepseek-v4-pro,deepseek-v4-pro,deepseek-v4-pro,True,
d27a2451a0aac6a86404:MiniMax-M3,MiniMax-M3,MiniMax-M3,True,
ca740c36c9c2e46ea9fc:glm-5.3,glm-5.3,glm-5.3,True,
e4f6b539c13ffaf422f4:glm-5.3,glm-5.3,glm-5.3,True,
7efbbc478a76093b354b:deepseek-v4-pro,deepseek-v4-pro,deepseek-v4-pro,True,
5a9f201635b2b5f00fd4:glm-5.3,glm-5.3,glm-5.3,True,
d22294cc82e0c0467e56:MiniMax-M3,MiniMax-M3,MiniMax-M3,True,
24ff8ea050dd2f7487c3:glm-5.3,glm-5.3,glm-5.3,True,
b0e2a1fd106f1b3b4765:glm-5.3,glm-5.3,glm-5.3,True,
56c8204a20f990d51856:MiniMax-M3,MiniMax-M3,MiniMax-M3,True,
160a4649d646ad24643c:deepseek-v4-pro,deepseek-v4-pro,deepseek-v4-pro,True,
d1ed23f4eebb83523883:deepseek-v4-pro,deepseek-v4-pro,deepseek-v4-pro,True,
42e2cab3488258dae27e:glm-5.3,glm-5.3,glm-5.3,True,
3696d1fdd49ddfe97bb1:deepseek-v4-pro,deepseek-v4-pro,deepseek-v4-pro,True,
c7fdf3b9c7277a37043a:deepseek-v4-pro,deepseek-v4-pro,deepseek-v4-pro,True,
1ab34558fa95ad3ccae4:glm-5.3,glm-5.3,glm-5.3,True,
15a40570f257683d057a:MiniMax-M3,MiniMax-M3,MiniMax-M3,True,
ad8c4e068c796f8896dc:glm-5.3,glm-5.3,glm-5.3,True,
fc6c69dcfa3efc27a4d8:MiniMax-M3,MiniMax-M3,MiniMax-M3,True,
c6c13f1d108eef1abfdf:deepseek-v4-pro,deepseek-v4-pro,deepseek-v4-pro,True,
69d740e6ec3ebf78e7ee:deepseek-v4-pro,deepseek-v4-pro,deepseek-v4-pro,True,
3527ea057e2f8ae72e03:glm-5.3,glm-5.3,glm-5.3,True,
bed02ff3ada5b7d43104:deepseek-v4-pro,deepseek-v4-pro,deepseek-v4-pro,True,
884a6d68261c0334b772:deepseek-v4-pro,deepseek-v4-pro,deepseek-v4-pro,True,
984cfeb293f7a9cf787d:deepseek-v4-pro,deepseek-v4-pro,deepseek-v4-pro,True,
405a1f679f9e91890801:MiniMax-M3,MiniMax-M3,MiniMax-M3,True,
4bd1c85a03b1c872de8b:deepseek-v4-pro,deepseek-v4-pro,deepseek-v4-pro,True,
5122e088070fec6e3fe2:glm-5.3,glm-5.3,glm-5.3,True,
6def5043eb8f45309e64:deepseek-v4-pro,deepseek-v4-pro,deepseek-v4-pro,True,
9444205ca53890bb0710:glm-5.3,glm-5.3,glm-5.3,True,
94cafadafa318cd5fb56:glm-5.3,glm-5.3,glm-5.3,True,
e6913ba61f6e869f2078:MiniMax-M3,MiniMax-M3,MiniMax-M3,True,
6adeb86587431e51928e:deepseek-v4-pro,deepseek-v4-pro,deepseek-v4-pro,True,
b9d1b942328505163f20:deepseek-v4-pro,deepseek-v4-pro,deepseek-v4-pro,True,
85e4e7e97a2fb55cf30f:glm-5.3,glm-5.3,glm-5.3,True,
cf08b7e9e6b799ceea6b:MiniMax-M3,MiniMax-M3,MiniMax-M3,True,
b157d4affaebb2620de1:glm-5.3,glm-5.3,glm-5.3,True,
6ac41fff0141380d5c94:deepseek-v4-pro,deepseek-v4-pro,deepseek-v4-pro,True,
92d78f13a662d0f9d7d3:deepseek-v4-pro,deepseek-v4-pro,deepseek-v4-pro,True,
3c0ee63981c26c67aa8b:deepseek-v4-pro,deepseek-v4-pro,deepseek-v4-pro,True,
6a5ca59cef75045c7038:deepseek-v4-pro,deepseek-v4-pro,deepseek-v4-pro,True,
6fc7cc8771828f6f3e3d:deepseek-v4-pro,deepseek-v4-pro,deepseek-v4-pro,True,
db9bb5826da69bf2cd78:glm-5.3,glm-5.3,glm-5.3,True,
d2b203a0a68062c9cea3:deepseek-v4-pro,deepseek-v4-pro,deepseek-v4-pro,True,
589122e3e75bbf0a2cbc:glm-5.3,glm-5.3,glm-5.3,True,
09fff505e3575162b5dc:glm-5.3,glm-5.3,glm-5.3,True,
db58642d97b030b1fc3d:deepseek-v4-pro,deepseek-v4-pro,deepseek-v4-pro,True,
2082636c6b58e935b4d8:deepseek-v4-pro,deepseek-v4-pro,deepseek-v4-pro,True,
fe30929fd87d91881962:glm-5.3,glm-5.3,glm-5.3,True,
9f5bb57461c10b2d4076:glm-5.3,glm-5.3,glm-5.3,True,
5274d6d8b2f0c056c790:deepseek-v4-pro,deepseek-v4-pro,deepseek-v4-pro,True,
7a2f75cc9818f2cf9636:deepseek-v4-pro,deepseek-v4-pro,deepseek-v4-pro,True,
e8deffd089732d3f3adf:MiniMax-M3,MiniMax-M3,MiniMax-M3,True,
a01a5a8b0adb10458a8a:glm-5.3,glm-5.3,glm-5.3,True,
7868e46f58a6eda14e54:deepseek-v4-pro,deepseek-v4-pro,deepseek-v4-pro,True,
5db8e36992e22cca3ee2:MiniMax-M3,MiniMax-M3,MiniMax-M3,True,
db58642d97b030b1fc3d:glm-5.3,glm-5.3,glm-5.3,True,
f4857bd4f552d1891218:MiniMax-M3,MiniMax-M3,MiniMax-M3,True,
68dfd12928cab7377f5a:glm-5.3,glm-5.3,glm-5.3,True,
fd4759999365719dbc01:MiniMax-M3,MiniMax-M3,MiniMax-M3,True,
b3f77c4f5a76bbb8c387:deepseek-v4-pro,deepseek-v4-pro,deepseek-v4-pro,True,
2dc1f139a70191118ae3:deepseek-v4-pro,deepseek-v4-pro,deepseek-v4-pro,True,
6cbf4d27257191b18b58:deepseek-v4-pro,deepseek-v4-pro,deepseek-v4-pro,True,
7c7a596970c815a9cc14:glm-5.3,glm-5.3,glm-5.3,True,
d5ffa0129329c1a81341:deepseek-v4-pro,deepseek-v4-pro,deepseek-v4-pro,True,
1c084fd2218974c778d0:deepseek-v4-pro,deepseek-v4-pro,deepseek-v4-pro,True,
a97d6f74fb05de067366:MiniMax-M3,MiniMax-M3,MiniMax-M3,True,
4136b3e9e1502e25e98f:glm-5.3,glm-5.3,glm-5.3,True,
d6078fdb7a0d3d024019:MiniMax-M3,MiniMax-M3,MiniMax-M3,True,
1f97c59fbb182e84fbc0:glm-5.3,glm-5.3,glm-5.3,True,
37fc92e82a47be9bf2d8:glm-5.3,glm-5.3,glm-5.3,True,
88314c34fa3c82ec9036:deepseek-v4-pro,deepseek-v4-pro,deepseek-v4-pro,True,
9c4d99cf1690a3e7b30f:MiniMax-M3,MiniMax-M3,MiniMax-M3,True,
a4c196f2db5116a5a1ac:glm-5.3,glm-5.3,glm-5.3,True,
37718fc97a2376d1ca5b:deepseek-v4-pro,deepseek-v4-pro,deepseek-v4-pro,True,
93848d2d7194af0c0540:glm-5.3,glm-5.3,glm-5.3,True,
773993a0813ea4be2f46:glm-5.3,glm-5.3,glm-5.3,True,
ffba3ba0e4f25ac0b0a5:deepseek-v4-pro,deepseek-v4-pro,deepseek-v4-pro,True,
dace5384070b25aedb6e:deepseek-v4-pro,deepseek-v4-pro,deepseek-v4-pro,True,
48f2f3b49296011160d7:MiniMax-M3,MiniMax-M3,MiniMax-M3,True,
472168e18e96ca7eded3:glm-5.3,glm-5.3,glm-5.3,True,
baada89965db193a0d82:glm-5.3,glm-5.3,glm-5.3,True,
dfbc133fe0a26a0c5e09:MiniMax-M3,MiniMax-M3,MiniMax-M3,True,
9effb3a33544fb8eb2f6:MiniMax-M3,MiniMax-M3,MiniMax-M3,True,
4997f9dce1a0cf8b95c0:MiniMax-M3,MiniMax-M3,MiniMax-M3,True,
81184bb59469bfe58cea:glm-5.3,glm-5.3,glm-5.3,True,
7aa6d63182f55872d507:glm-5.3,glm-5.3,glm-5.3,True,
4825ad350a32bf99fe27:deepseek-v4-pro,deepseek-v4-pro,deepseek-v4-pro,True,
e3863a71d6797fd84f9e:deepseek-v4-pro,deepseek-v4-pro,deepseek-v4-pro,True,
8273c0d1b20a591c1206:glm-5.3,glm-5.3,glm-5.3,True,
6def5043eb8f45309e64:glm-5.3,glm-5.3,glm-5.3,True,
690662400fc704b2c6fa:MiniMax-M3,MiniMax-M3,MiniMax-M3,True,
fa6448c7a33c9c6992a1:glm-5.3,glm-5.3,glm-5.3,True,
a34e2ffacad8be2892da:MiniMax-M3,MiniMax-M3,MiniMax-M3,True,
b194d0b7ff9ff5aae89e:glm-5.3,glm-5.3,glm-5.3,True,
99a7212303e0d4fc5cd0:MiniMax-M3,MiniMax-M3,MiniMax-M3,True,
bc689156fc6d7df58612:glm-5.3,glm-5.3,glm-5.3,True,
d3b6900dd7c56cb53f21:deepseek-v4-pro,deepseek-v4-pro,deepseek-v4-pro,True,
fa93284827e718af3339:deepseek-v4-pro,deepseek-v4-pro,deepseek-v4-pro,True,
bbf86e1064bff5b6b944:MiniMax-M3,MiniMax-M3,MiniMax-M3,True,
d465ef9f5ad9088793ce:glm-5.3,glm-5.3,glm-5.3,True,
9849734664fa49ac69cb:deepseek-v4-pro,deepseek-v4-pro,deepseek-v4-pro,True,
ff69542394909f23ab99:deepseek-v4-pro,deepseek-v4-pro,deepseek-v4-pro,True,
e173062d007a1eb15fbd:MiniMax-M3,MiniMax-M3,MiniMax-M3,True,
d05074dad6071d764bd9:MiniMax-M3,MiniMax-M3,MiniMax-M3,True,
a500d162a6b41e1e56d6:glm-5.3,glm-5.3,glm-5.3,True,
0319e602cc8650dc0bba:glm-5.3,glm-5.3,glm-5.3,True,
8a7314127c775913bf2b:MiniMax-M3,MiniMax-M3,MiniMax-M3,True,
cb053b567cc2b721f937:MiniMax-M3,MiniMax-M3,MiniMax-M3,True,
511c5284bd769d479269:deepseek-v4-pro,deepseek-v4-pro,deepseek-v4-pro,True,
a3626ebf204ffa69a3a1:MiniMax-M3,MiniMax-M3,MiniMax-M3,True,
2f764bca8dd72a0953c3:MiniMax-M3,MiniMax-M3,MiniMax-M3,True,
7f37c51d5dfb3210b022:MiniMax-M3,MiniMax-M3,MiniMax-M3,True,
a235553f45b15a6314f9:glm-5.3,glm-5.3,glm-5.3,True,
234361d15c8c986de1a5:MiniMax-M3,MiniMax-M3,MiniMax-M3,True,
9192efbc911e663c4368:MiniMax-M3,MiniMax-M3,MiniMax-M3,True,
1084000a021912220747:glm-5.3,glm-5.3,glm-5.3,True,
be959dae12f35158f775:deepseek-v4-pro,deepseek-v4-pro,deepseek-v4-pro,True,
b2b30228a390395d6778:MiniMax-M3,MiniMax-M3,MiniMax-M3,True,
ba1d02025ff8f88903c3:deepseek-v4-pro,deepseek-v4-pro,deepseek-v4-pro,True,
8547e9351fec9c11e0c4:glm-5.3,glm-5.3,glm-5.3,True,
c74735f46acb19f767f5:glm-5.3,glm-5.3,glm-5.3,True,
87372e16c978ae484a3e:deepseek-v4-pro,deepseek-v4-pro,deepseek-v4-pro,True,
5eaed916bbe1a1daf029:deepseek-v4-pro,deepseek-v4-pro,deepseek-v4-pro,True,
86ea0f66dda26fa13152:glm-5.3,glm-5.3,glm-5.3,True,
4c48b02bcb289dfd7504:deepseek-v4-pro,deepseek-v4-pro,deepseek-v4-pro,True,
37718fc97a2376d1ca5b:MiniMax-M3,MiniMax-M3,MiniMax-M3,True,
b9f98c2f5fbf66c542b8:deepseek-v4-pro,deepseek-v4-pro,deepseek-v4-pro,True,
2c25ca75a68cc63edd7c:deepseek-v4-pro,deepseek-v4-pro,deepseek-v4-pro,True,
7d3cf9a40968cb55984b:deepseek-v4-pro,deepseek-v4-pro,deepseek-v4-pro,True,
8e1d4088b6f2854c529e:deepseek-v4-pro,deepseek-v4-pro,deepseek-v4-pro,True,
ad276fa3610553758bd9:deepseek-v4-pro,deepseek-v4-pro,deepseek-v4-pro,True,
96b712ad7e4a25a79396:MiniMax-M3,MiniMax-M3,MiniMax-M3,True,
ea0221a8b037a72dd877:MiniMax-M3,MiniMax-M3,MiniMax-M3,True,
281039adc38507584e39:MiniMax-M3,MiniMax-M3,MiniMax-M3,True,
73d464af9629b84ebfb1:deepseek-v4-pro,deepseek-v4-pro,deepseek-v4-pro,True,
565287f6423b5ae2f412:MiniMax-M3,MiniMax-M3,MiniMax-M3,True,
8591248cc0c02acdcb1b:glm-5.3,glm-5.3,glm-5.3,True,
66b3c3d66c7bcbd20c2d:MiniMax-M3,MiniMax-M3,MiniMax-M3,True,
c77344eb67d963757e36:MiniMax-M3,MiniMax-M3,MiniMax-M3,True,
f23436d0587ca623d799:glm-5.3,glm-5.3,glm-5.3,True,
41eacc7a559d1e5d896c:MiniMax-M3,MiniMax-M3,MiniMax-M3,True,
8a7d64200957b9e9a6c6:glm-5.3,glm-5.3,glm-5.3,True,
a21e96dd9ee780bf8d86:glm-5.3,glm-5.3,glm-5.3,True,
4e81f3b83c9b93fd324c:deepseek-v4-pro,deepseek-v4-pro,deepseek-v4-pro,True,
04d8fa454838d491a471:deepseek-v4-pro,deepseek-v4-pro,deepseek-v4-pro,True,
a372bdbe130186035251:glm-5.3,glm-5.3,glm-5.3,True,
8e3c5014583670f85202:glm-5.3,glm-5.3,glm-5.3,True,
344289d95038b38620c0:deepseek-v4-pro,deepseek-v4-pro,deepseek-v4-pro,True,
29943e6cf4c3fb516b50:glm-5.3,glm-5.3,glm-5.3,True,
87752c46068a28d5ce43:MiniMax-M3,MiniMax-M3,MiniMax-M3,True,
b5dacb9c5bc8d89e04d2:glm-5.3,glm-5.3,glm-5.3,True,
0419ea7bb8d85db8dd20:MiniMax-M3,MiniMax-M3,MiniMax-M3,True,
c2c78e502d75c678b3cb:glm-5.3,glm-5.3,glm-5.3,True,
6b30726ac76f579e4a43:deepseek-v4-pro,deepseek-v4-pro,deepseek-v4-pro,True,
dc52535185d6c1dfb4c3:deepseek-v4-pro,deepseek-v4-pro,deepseek-v4-pro,True,
762b9c988fc921b07a2b:deepseek-v4-pro,deepseek-v4-pro,deepseek-v4-pro,True,
a5a1b350f9d7e755f172:deepseek-v4-pro,deepseek-v4-pro,deepseek-v4-pro,True,
2c25ca75a68cc63edd7c:glm-5.3,glm-5.3,glm-5.3,True,
404a73b86d07210a7828:glm-5.3,glm-5.3,glm-5.3,True,
a4a90845fbd974c74f7c:deepseek-v4-pro,deepseek-v4-pro,deepseek-v4-pro,True,
2fdfc1dae1eba7f94f52:glm-5.3,glm-5.3,glm-5.3,True,
f85b9df90784f808ab7b:deepseek-v4-pro,deepseek-v4-pro,deepseek-v4-pro,True,
b32074207e254f8e5f2b:deepseek-v4-pro,deepseek-v4-pro,deepseek-v4-pro,True,
8134d603b83cae2d101b:MiniMax-M3,MiniMax-M3,MiniMax-M3,True,
dfe38b158392c3fa6be2:glm-5.3,glm-5.3,glm-5.3,True,
f234712ae6d53cc3e3cd:deepseek-v4-pro,deepseek-v4-pro,deepseek-v4-pro,True,
de62724f25a53c75cd84:deepseek-v4-pro,deepseek-v4-pro,deepseek-v4-pro,True,
ac39334bbcd4012d528a:deepseek-v4-pro,deepseek-v4-pro,deepseek-v4-pro,True,
bea07a97cbb3ef25980c:glm-5.3,glm-5.3,glm-5.3,True,
31e679c403565e91be27:deepseek-v4-pro,deepseek-v4-pro,deepseek-v4-pro,True,
3fdddf009b7da67091c4:glm-5.3,glm-5.3,glm-5.3,True,
9dd7da54276c7c959242:MiniMax-M3,MiniMax-M3,MiniMax-M3,True,
f9fc79b49dd6f33a9584:glm-5.3,glm-5.3,glm-5.3,True,
c7fdf3b9c7277a37043a:glm-5.3,glm-5.3,glm-5.3,True,
2b354bf001afec641d02:deepseek-v4-pro,deepseek-v4-pro,deepseek-v4-pro,True,
15b4c01035655ea04ea8:deepseek-v4-pro,deepseek-v4-pro,deepseek-v4-pro,True,
84624c9b408ab96a859e:MiniMax-M3,MiniMax-M3,MiniMax-M3,True,
ccc131e047d38035be1f:MiniMax-M3,MiniMax-M3,MiniMax-M3,True,
8eacc0a0e45e754763a6:MiniMax-M3,MiniMax-M3,MiniMax-M3,True,
517a45c6d9c38f01ad62:MiniMax-M3,MiniMax-M3,MiniMax-M3,True,
dae8801f5d75cc3693f9:deepseek-v4-pro,deepseek-v4-pro,deepseek-v4-pro,True,
a06fd909033090a9e2e6:deepseek-v4-pro,deepseek-v4-pro,deepseek-v4-pro,True,
1d224d6992aed0c55963:deepseek-v4-pro,deepseek-v4-pro,deepseek-v4-pro,True,
6c0adecefe805b7329fc:glm-5.3,glm-5.3,glm-5.3,True,
2ad0e20c74433461b663:deepseek-v4-pro,deepseek-v4-pro,deepseek-v4-pro,True,
9ee77eb466b02583f159:MiniMax-M3,MiniMax-M3,MiniMax-M3,True,
0ba42f6741d03d675a2c:deepseek-v4-pro,deepseek-v4-pro,deepseek-v4-pro,True,
4a4100b54c6fa3a7cb67:deepseek-v4-pro,deepseek-v4-pro,deepseek-v4-pro,True,
188e53bb0f734fa62b2b:deepseek-v4-pro,deepseek-v4-pro,deepseek-v4-pro,True,
b464f61fdffe3cd51464:glm-5.3,glm-5.3,glm-5.3,True,
c27694297b47c8256f98:glm-5.3,glm-5.3,glm-5.3,True,
8b3c1010aee4fc34fea6:deepseek-v4-pro,deepseek-v4-pro,deepseek-v4-pro,True,
1945be523714d4d23cdb:deepseek-v4-pro,deepseek-v4-pro,deepseek-v4-pro,True,
5e4b2698d6c333b7e4b9:glm-5.3,glm-5.3,glm-5.3,True,
26d87787012577281362:glm-5.3,glm-5.3,glm-5.3,True,
7f37c51d5dfb3210b022:glm-5.3,glm-5.3,glm-5.3,True,
2923eef95689014c51e9:glm-5.3,glm-5.3,glm-5.3,True,
4ab472148d6bb77a8ca3:glm-5.3,glm-5.3,glm-5.3,True,
8f6d9172d8b8b8062edd:MiniMax-M3,MiniMax-M3,MiniMax-M3,True,
4bfc921faa51df2fbcb4:glm-5.3,glm-5.3,glm-5.3,True,
46f1cd376af73530a034:glm-5.3,glm-5.3,glm-5.3,True,
3eaa90f36645c6d826fe:MiniMax-M3,MiniMax-M3,MiniMax-M3,True,
3916b390239e76b853fc:deepseek-v4-pro,deepseek-v4-pro,deepseek-v4-pro,True,
d6aec96008ddf37ea1bd:MiniMax-M3,MiniMax-M3,MiniMax-M3,True,
a4c196f2db5116a5a1ac:MiniMax-M3,MiniMax-M3,MiniMax-M3,True,
d676dca20e52607a56f6:deepseek-v4-pro,deepseek-v4-pro,deepseek-v4-pro,True,
ce07a745ca06e02b8463:deepseek-v4-pro,deepseek-v4-pro,deepseek-v4-pro,True,
6ef80ed2d98bb6b154d3:glm-5.3,glm-5.3,glm-5.3,True,
36255102020a7f860fae:deepseek-v4-pro,deepseek-v4-pro,deepseek-v4-pro,True,
4cc28f7999cdf6e96fe8:MiniMax-M3,MiniMax-M3,MiniMax-M3,True,
08255953667528730f03:deepseek-v4-pro,deepseek-v4-pro,deepseek-v4-pro,True,
277d3b94aea3188a6bb9:glm-5.3,glm-5.3,glm-5.3,True,
7a5bfb7a9f56c7eeaeda:MiniMax-M3,MiniMax-M3,MiniMax-M3,True,
44dcfbc866d4e6c4df15:deepseek-v4-pro,deepseek-v4-pro,deepseek-v4-pro,True,
f7bd3467f87bcf48da4d:MiniMax-M3,MiniMax-M3,MiniMax-M3,True,
170e72e93619e2fb8d08:glm-5.3,glm-5.3,glm-5.3,True,
05106543c5c9c97468cc:deepseek-v4-pro,deepseek-v4-pro,deepseek-v4-pro,True,
7082aa9d32c242c78557:MiniMax-M3,MiniMax-M3,MiniMax-M3,True,
c12ba79f96947807cea8:MiniMax-M3,MiniMax-M3,MiniMax-M3,True,
6a1df0a936908bb16eff:MiniMax-M3,MiniMax-M3,MiniMax-M3,True,
547d89f904478bc266db:MiniMax-M3,MiniMax-M3,MiniMax-M3,True,
0a5056061cf4a1b510c0:MiniMax-M3,MiniMax-M3,MiniMax-M3,True,
ad4ef1f99148bcf68dc5:MiniMax-M3,MiniMax-M3,MiniMax-M3,True,
eac266799d66b8f8925e:glm-5.3,glm-5.3,glm-5.3,True,
bea07a97cbb3ef25980c:MiniMax-M3,MiniMax-M3,MiniMax-M3,True,
d53c8ac432ee4aa9571c:deepseek-v4-pro,deepseek-v4-pro,deepseek-v4-pro,True,
42d90f3c5ff1599d75d6:MiniMax-M3,MiniMax-M3,MiniMax-M3,True,
18d1f546748da5afc9c1:MiniMax-M3,MiniMax-M3,MiniMax-M3,True,
bcc9817590ba98d8b6e7:MiniMax-M3,MiniMax-M3,MiniMax-M3,True,
dc9ea55516af2e1350c8:deepseek-v4-pro,deepseek-v4-pro,deepseek-v4-pro,True,
f9ea3323f40e1aceac5a:MiniMax-M3,MiniMax-M3,MiniMax-M3,True,
b320fc6b9d8581d318ed:deepseek-v4-pro,deepseek-v4-pro,deepseek-v4-pro,True,
395e16d4c90bc9d28a8a:MiniMax-M3,MiniMax-M3,MiniMax-M3,True,
dba343ef8de49d52e040:glm-5.3,glm-5.3,glm-5.3,True,
592cfed439aee356afa4:deepseek-v4-pro,deepseek-v4-pro,deepseek-v4-pro,True,
6c13be19941fc79538ca:glm-5.3,glm-5.3,glm-5.3,True,
b4241ccf4b552d1df834:glm-5.3,glm-5.3,glm-5.3,True,
a0e7fddaf04455f09380:glm-5.3,glm-5.3,glm-5.3,True,
b6ae1800589ab6be1c08:MiniMax-M3,MiniMax-M3,MiniMax-M3,True,
6b3fc06a813c14046911:MiniMax-M3,MiniMax-M3,MiniMax-M3,True,
14dd791943426fdf1f94:deepseek-v4-pro,deepseek-v4-pro,deepseek-v4-pro,True,
28c838e91db8cde4780a:deepseek-v4-pro,deepseek-v4-pro,deepseek-v4-pro,True,
7f0393f6fb532b62021f:deepseek-v4-pro,deepseek-v4-pro,deepseek-v4-pro,True,
8317c8aaea39adf80baa:glm-5.3,glm-5.3,glm-5.3,True,
217c752ca85ae9fc357f:MiniMax-M3,MiniMax-M3,MiniMax-M3,True,
bfc5976bc75a15f48d64:glm-5.3,glm-5.3,glm-5.3,True,
9f1f7c7645d86cc95c03:MiniMax-M3,MiniMax-M3,MiniMax-M3,True,
995c24f87e5924c44d1a:deepseek-v4-pro,deepseek-v4-pro,deepseek-v4-pro,True,
58c25ae9a47ebc5350bf:MiniMax-M3,MiniMax-M3,MiniMax-M3,True,
dbb46bba68f5cdddd3b4:glm-5.3,glm-5.3,glm-5.3,True,
50aba147c04056b36631:deepseek-v4-pro,deepseek-v4-pro,deepseek-v4-pro,True,
14dd791943426fdf1f94:MiniMax-M3,MiniMax-M3,MiniMax-M3,True,
3de9d2ec065032b4633d:glm-5.3,glm-5.3,glm-5.3,True,
470dcf7bc571afaa0d34:glm-5.3,glm-5.3,glm-5.3,True,
b0622aabdf060a55a4e3:deepseek-v4-pro,deepseek-v4-pro,deepseek-v4-pro,True,
4314045aab079c31fbfc:glm-5.3,glm-5.3,glm-5.3,True,
2b9c141fcb38cd88eabd:glm-5.3,glm-5.3,glm-5.3,True,
1abdd2be84ef0cc8843a:glm-5.3,glm-5.3,glm-5.3,True,
d54c7465866a5194e56a:glm-5.3,glm-5.3,glm-5.3,True,
92206fc5f24c2eaf031c:deepseek-v4-pro,deepseek-v4-pro,deepseek-v4-pro,True,
2e09a7b877bf48864284:glm-5.3,glm-5.3,glm-5.3,True,
1692de46489896e791e8:deepseek-v4-pro,deepseek-v4-pro,deepseek-v4-pro,True,
7b5f44833f6d23231594:glm-5.3,glm-5.3,glm-5.3,True,
36255102020a7f860fae:MiniMax-M3,MiniMax-M3,MiniMax-M3,True,
62bb38f81b7187ba4ab9:deepseek-v4-pro,deepseek-v4-pro,deepseek-v4-pro,True,
3a1b5d16fdd19e4eafdd:deepseek-v4-pro,deepseek-v4-pro,deepseek-v4-pro,True,
2c79b17eaecf03eab324:deepseek-v4-pro,deepseek-v4-pro,deepseek-v4-pro,True,
4df70f2d61fe98d0d41b:MiniMax-M3,MiniMax-M3,MiniMax-M3,True,
407aa6917d3409ab2ca2:MiniMax-M3,MiniMax-M3,MiniMax-M3,True,
b473ad76188890264a30:deepseek-v4-pro,deepseek-v4-pro,deepseek-v4-pro,True,
e8ff7e5a43968094654f:deepseek-v4-pro,deepseek-v4-pro,deepseek-v4-pro,True,
ed473e11a44bf611d63c:MiniMax-M3,MiniMax-M3,MiniMax-M3,True,
68f8e623330cbb906e98:MiniMax-M3,MiniMax-M3,MiniMax-M3,True,
7c2c39675c11f6acef01:deepseek-v4-pro,deepseek-v4-pro,deepseek-v4-pro,True,
3619b95f993119460ba2:deepseek-v4-pro,deepseek-v4-pro,deepseek-v4-pro,True,
17e0ff383662c99d8f86:MiniMax-M3,MiniMax-M3,MiniMax-M3,True,
2c8e05011e0821a23417:MiniMax-M3,MiniMax-M3,MiniMax-M3,True,
c74735f46acb19f767f5:deepseek-v4-pro,deepseek-v4-pro,deepseek-v4-pro,True,
2929d575cff66693320a:deepseek-v4-pro,deepseek-v4-pro,deepseek-v4-pro,True,
9dd744af53e2e27252b3:MiniMax-M3,MiniMax-M3,MiniMax-M3,True,
4a639dbea925203b56b9:deepseek-v4-pro,deepseek-v4-pro,deepseek-v4-pro,True,
9be9a8ac2c77cacef81e:deepseek-v4-pro,deepseek-v4-pro,deepseek-v4-pro,True,
cbc3989538d1618f8c05:glm-5.3,glm-5.3,glm-5.3,True,
0a7b636542cc8b85e3fc:glm-5.3,glm-5.3,glm-5.3,True,
1dd16d3995275a7e5e72:MiniMax-M3,MiniMax-M3,MiniMax-M3,True,
b9d1080ae62ce5b07b99:MiniMax-M3,MiniMax-M3,MiniMax-M3,True,
02fe0f669dd89fe6a6c1:deepseek-v4-pro,deepseek-v4-pro,deepseek-v4-pro,True,
ae9ef0a68b9030c44031:glm-5.3,glm-5.3,glm-5.3,True,
0f9a727ad7defba6c278:glm-5.3,glm-5.3,glm-5.3,True,
f8b2ac9cc05145a90f52:deepseek-v4-pro,deepseek-v4-pro,deepseek-v4-pro,True,
60a3e40876b24f3b475f:glm-5.3,glm-5.3,glm-5.3,True,
06fded11864a412d307e:MiniMax-M3,MiniMax-M3,MiniMax-M3,True,
155f61c3c3abb503e31b:MiniMax-M3,MiniMax-M3,MiniMax-M3,True,
55e91c45f1264acb25b5:glm-5.3,glm-5.3,glm-5.3,True,
0ea762e698bb10f5da32:MiniMax-M3,MiniMax-M3,MiniMax-M3,True,
5bb11be87d9261ad33b0:glm-5.3,glm-5.3,glm-5.3,True,
050f9e8f1a7421921f64:MiniMax-M3,MiniMax-M3,MiniMax-M3,True,
a16888628715f9580c64:MiniMax-M3,MiniMax-M3,MiniMax-M3,True,
96abd2efa4493d118e4f:MiniMax-M3,MiniMax-M3,MiniMax-M3,True,
fb1a443c9a074bf77b34:glm-5.3,glm-5.3,glm-5.3,True,
496a4c5a14f40efe6984:deepseek-v4-pro,deepseek-v4-pro,deepseek-v4-pro,True,
e41fa24d61440635b480:glm-5.3,glm-5.3,glm-5.3,True,
02a1bd3735e4f987bf6d:MiniMax-M3,MiniMax-M3,MiniMax-M3,True,
8bfa439c35f778bc785a:glm-5.3,glm-5.3,glm-5.3,True,
7813269a78433a4faca7:deepseek-v4-pro,deepseek-v4-pro,deepseek-v4-pro,True,
7f0166dc73f65042fc74:MiniMax-M3,MiniMax-M3,MiniMax-M3,True,
3bc84e43540a17ca358d:glm-5.3,glm-5.3,glm-5.3,True,
4fd34fc9d38ab79d04b2:deepseek-v4-pro,deepseek-v4-pro,deepseek-v4-pro,True,
e63d3d637248c1a308b7:glm-5.3,glm-5.3,glm-5.3,True,
83d2769bf474756a6651:deepseek-v4-pro,deepseek-v4-pro,deepseek-v4-pro,True,
56b764df74798c79cf3b:deepseek-v4-pro,deepseek-v4-pro,deepseek-v4-pro,True,
7b254a8ec2c8c6b8fb8f:glm-5.3,glm-5.3,glm-5.3,True,
15b4c01035655ea04ea8:glm-5.3,glm-5.3,glm-5.3,True,
65441cf5c9543991f048:MiniMax-M3,MiniMax-M3,MiniMax-M3,True,
3c8bddb278bfb0eabbab:glm-5.3,glm-5.3,glm-5.3,True,
aa2a331e36a3c8ff1a04:MiniMax-M3,MiniMax-M3,MiniMax-M3,True,
b20991024e18f79adf48:deepseek-v4-pro,deepseek-v4-pro,deepseek-v4-pro,True,
7fb20153bbdd0ce23587:glm-5.3,glm-5.3,glm-5.3,True,
74b35bd351acfbc51bfd:MiniMax-M3,MiniMax-M3,MiniMax-M3,True,
ca07308e8c4f39628355:MiniMax-M3,MiniMax-M3,MiniMax-M3,True,
50b7c27b8fd79e395e90:deepseek-v4-pro,deepseek-v4-pro,deepseek-v4-pro,True,
450dd60774547ce3e53c:deepseek-v4-pro,deepseek-v4-pro,deepseek-v4-pro,True,
c8c182a048078948e5b3:deepseek-v4-pro,deepseek-v4-pro,deepseek-v4-pro,True,
97c8d0e900328ed9e210:glm-5.3,glm-5.3,glm-5.3,True,
a77c9ced6b7ec7510183:deepseek-v4-pro,deepseek-v4-pro,deepseek-v4-pro,True,
d4061f55b75711e42e84:glm-5.3,glm-5.3,glm-5.3,True,
066107229f1a93a9c4ba:MiniMax-M3,MiniMax-M3,MiniMax-M3,True,
35ac28e272d8de94b71d:MiniMax-M3,MiniMax-M3,MiniMax-M3,True,
cdb965db4458a1894598:deepseek-v4-pro,deepseek-v4-pro,deepseek-v4-pro,True,
27b8fabf5decdb7ab560:deepseek-v4-pro,deepseek-v4-pro,deepseek-v4-pro,True,
8068df839e38c1ca7966:glm-5.3,glm-5.3,glm-5.3,True,
29af62245da2426bc4ae:MiniMax-M3,MiniMax-M3,MiniMax-M3,True,
de33e20340937f206f91:MiniMax-M3,MiniMax-M3,MiniMax-M3,True,
c65cc60a57e42986832a:MiniMax-M3,MiniMax-M3,MiniMax-M3,True,
f3e6de3faaba0a335177:glm-5.3,glm-5.3,glm-5.3,True,
4f3d1998a254b2c54bde:MiniMax-M3,MiniMax-M3,MiniMax-M3,True,
9d1d93aeab38e485a3f8:deepseek-v4-pro,deepseek-v4-pro,deepseek-v4-pro,True,
61d741bb38089cd2617a:glm-5.3,glm-5.3,glm-5.3,True,
281080cc76ac469a488e:MiniMax-M3,MiniMax-M3,MiniMax-M3,True,
342cb50f29979ea5855a:glm-5.3,glm-5.3,glm-5.3,True,
1a6038d6101c79a89b04:MiniMax-M3,MiniMax-M3,MiniMax-M3,True,
9724a1d41adacf9c0e8f:MiniMax-M3,MiniMax-M3,MiniMax-M3,True,
28d8761f46470549198c:deepseek-v4-pro,deepseek-v4-pro,deepseek-v4-pro,True,
8b277372c1054a706c25:glm-5.3,glm-5.3,glm-5.3,True,
ca3a4c69a01ef1db499b:MiniMax-M3,MiniMax-M3,MiniMax-M3,True,
03b2afa211e8ad7b34ec:deepseek-v4-pro,deepseek-v4-pro,deepseek-v4-pro,True,
289c04c7e47a86410173:deepseek-v4-pro,deepseek-v4-pro,deepseek-v4-pro,True,
7edbfd1d7922420efb01:MiniMax-M3,MiniMax-M3,MiniMax-M3,True,
9dd7da54276c7c959242:deepseek-v4-pro,deepseek-v4-pro,deepseek-v4-pro,True,
21736dd2585940a6aef3:glm-5.3,glm-5.3,glm-5.3,True,
7b5f44833f6d23231594:deepseek-v4-pro,deepseek-v4-pro,deepseek-v4-pro,True,
6dacfb664595e33a72e5:glm-5.3,glm-5.3,glm-5.3,True,
a3cc44c82fca88345ded:MiniMax-M3,MiniMax-M3,MiniMax-M3,True,
0faa2f4278c0e4afda21:glm-5.3,glm-5.3,glm-5.3,True,
c435fa03442128f9c8c0:MiniMax-M3,MiniMax-M3,MiniMax-M3,True,
8b2313b3e3f32de8650b:MiniMax-M3,MiniMax-M3,MiniMax-M3,True,
495aada10418cd756581:glm-5.3,glm-5.3,glm-5.3,True,
991088396d04db7c08f0:glm-5.3,glm-5.3,glm-5.3,True,
72d38006832d4556655a:glm-5.3,glm-5.3,glm-5.3,True,
69c800826b8ff705ccda:MiniMax-M3,MiniMax-M3,MiniMax-M3,True,
3b82ff7eeeb4f9eb9bb9:MiniMax-M3,MiniMax-M3,MiniMax-M3,True,
589b8e560ca47a137c0c:glm-5.3,glm-5.3,glm-5.3,True,
2156329fb4c3c606b152:deepseek-v4-pro,deepseek-v4-pro,deepseek-v4-pro,True,
39a88045134ea1f46e2b:glm-5.3,glm-5.3,glm-5.3,True,
7e553cd3d3839aa91363:deepseek-v4-pro,deepseek-v4-pro,deepseek-v4-pro,True,
307b619e11e248e809be:glm-5.3,glm-5.3,glm-5.3,True,
11f4d30810b3bcf04846:glm-5.3,glm-5.3,glm-5.3,True,
5274d6d8b2f0c056c790:MiniMax-M3,MiniMax-M3,MiniMax-M3,True,
6e282d584fee13eab7e3:deepseek-v4-pro,deepseek-v4-pro,deepseek-v4-pro,True,
637ae0bbfa3cb6e88079:deepseek-v4-pro,deepseek-v4-pro,deepseek-v4-pro,True,
61bb220c42fc96c5c944:MiniMax-M3,MiniMax-M3,MiniMax-M3,True,
ab7b8f6e158817516094:MiniMax-M3,MiniMax-M3,MiniMax-M3,True,
92fc4f8158df15d41c74:deepseek-v4-pro,deepseek-v4-pro,deepseek-v4-pro,True,
e6109a42db5824fa0c74:deepseek-v4-pro,deepseek-v4-pro,deepseek-v4-pro,True,
57552ab07e4c1dd8d98d:MiniMax-M3,MiniMax-M3,MiniMax-M3,True,
c8347cf0845bd7fd0d8d:deepseek-v4-pro,deepseek-v4-pro,deepseek-v4-pro,True,
99968e13ae2871384fa8:MiniMax-M3,MiniMax-M3,MiniMax-M3,True,
95e96948cf2f976e0c68:glm-5.3,glm-5.3,glm-5.3,True,
e43ad69ae4f115529f55:deepseek-v4-pro,deepseek-v4-pro,deepseek-v4-pro,True,
cd4210d3937217e0ea69:glm-5.3,glm-5.3,glm-5.3,True,
58fef0d7250f9fbbd6e6:deepseek-v4-pro,deepseek-v4-pro,deepseek-v4-pro,True,
fdbee0c5f0c2bc6534dd:MiniMax-M3,MiniMax-M3,MiniMax-M3,True,
37b94ce633cce444f2dd:MiniMax-M3,MiniMax-M3,MiniMax-M3,True,
41ea84ecfed06ed733e1:glm-5.3,glm-5.3,glm-5.3,True,
d8a7cf97fd4adde3775c:deepseek-v4-pro,deepseek-v4-pro,deepseek-v4-pro,True,
bdfaedc17a6c5a661bb1:glm-5.3,glm-5.3,glm-5.3,True,
a7a910b5eb0c7a6295c0:glm-5.3,glm-5.3,glm-5.3,True,
337dc4fcde3a373fdfdf:deepseek-v4-pro,deepseek-v4-pro,deepseek-v4-pro,True,
3f9fe63e18d77f7f1506:glm-5.3,glm-5.3,glm-5.3,True,
408944e1d5fc05f3229d:deepseek-v4-pro,deepseek-v4-pro,deepseek-v4-pro,True,
33540afba512be8fe1e1:MiniMax-M3,MiniMax-M3,MiniMax-M3,True,
0e5ddf2a3366d3f67feb:deepseek-v4-pro,deepseek-v4-pro,deepseek-v4-pro,True,
9ac91fab1a5ef87c31af:MiniMax-M3,MiniMax-M3,MiniMax-M3,True,
c3c448504186842ec751:deepseek-v4-pro,deepseek-v4-pro,deepseek-v4-pro,True,
b4d4ab0eb0914794c865:deepseek-v4-pro,deepseek-v4-pro,deepseek-v4-pro,True,
b46fd7f75cf9628d4123:deepseek-v4-pro,deepseek-v4-pro,deepseek-v4-pro,True,
00a604478d443c820852:glm-5.3,glm-5.3,glm-5.3,True,
bffdb25cab3c0679aa01:deepseek-v4-pro,deepseek-v4-pro,deepseek-v4-pro,True,
a7c7f0e300efca4731f9:glm-5.3,glm-5.3,glm-5.3,True,
e6dde8b8456b7be4b941:deepseek-v4-pro,deepseek-v4-pro,deepseek-v4-pro,True,
011e1aab08d00d78abe7:MiniMax-M3,MiniMax-M3,MiniMax-M3,True,
1aa5e84b04ac541ca6e3:MiniMax-M3,MiniMax-M3,MiniMax-M3,True,
7a82ca318f244a54fe72:MiniMax-M3,MiniMax-M3,MiniMax-M3,True,
d7edd82bd93b7e6f1f77:glm-5.3,glm-5.3,glm-5.3,True,
b626d4beb62d25ae7c99:deepseek-v4-pro,deepseek-v4-pro,deepseek-v4-pro,True,
05ed67829ed16c22b672:glm-5.3,glm-5.3,glm-5.3,True,
72c7f803dc77d3b35145:deepseek-v4-pro,deepseek-v4-pro,deepseek-v4-pro,True,
edf986b54cf247bf8eb9:deepseek-v4-pro,deepseek-v4-pro,deepseek-v4-pro,True,
2a6e919481a01bfd499a:deepseek-v4-pro,deepseek-v4-pro,deepseek-v4-pro,True,
edcd8463fd069c7a1366:glm-5.3,glm-5.3,glm-5.3,True,
114ca238486ef087fe12:MiniMax-M3,MiniMax-M3,MiniMax-M3,True,
e0e61b687bd9c97e0c5e:MiniMax-M3,MiniMax-M3,MiniMax-M3,True,
717ccb9495e03eeae2bc:deepseek-v4-pro,deepseek-v4-pro,deepseek-v4-pro,True,
e63d3d637248c1a308b7:MiniMax-M3,MiniMax-M3,MiniMax-M3,True,
a0e7fddaf04455f09380:MiniMax-M3,MiniMax-M3,MiniMax-M3,True,
f885ff5937b7d9a46edf:MiniMax-M3,MiniMax-M3,MiniMax-M3,True,
4a90b832f5e5a5979e84:glm-5.3,glm-5.3,glm-5.3,True,
e300066e21d90cb20e77:glm-5.3,glm-5.3,glm-5.3,True,
1fd1cbe14848b8a74c70:glm-5.3,glm-5.3,glm-5.3,True,
a862191dfe255decfd1b:MiniMax-M3,MiniMax-M3,MiniMax-M3,True,
b607e25e2bf4ebc16764:glm-5.3,glm-5.3,glm-5.3,True,
b1fd7ba129d3d65895d3:MiniMax-M3,MiniMax-M3,MiniMax-M3,True,
dcd085e74af5d1233cf1:deepseek-v4-pro,deepseek-v4-pro,deepseek-v4-pro,True,
325f4896c4525b6e48ff:deepseek-v4-pro,deepseek-v4-pro,deepseek-v4-pro,True,
0f7e79636865f99414dc:deepseek-v4-pro,deepseek-v4-pro,deepseek-v4-pro,True,
6a75fc7dba50f9083bf8:glm-5.3,glm-5.3,glm-5.3,True,
b2fe78f890036101917c:deepseek-v4-pro,deepseek-v4-pro,deepseek-v4-pro,True,
9e468dd45c2e3f9ad765:glm-5.3,glm-5.3,glm-5.3,True,
b9cd60aa8e353c59106b:MiniMax-M3,MiniMax-M3,MiniMax-M3,True,
b3a15830e3b79591e2f5:glm-5.3,glm-5.3,glm-5.3,True,
9a5902b5a91c66450c3e:glm-5.3,glm-5.3,glm-5.3,True,
170e72e93619e2fb8d08:MiniMax-M3,MiniMax-M3,MiniMax-M3,True,
62439d0a842a86a2795d:glm-5.3,glm-5.3,glm-5.3,True,
ab30d694e6536891a6f1:MiniMax-M3,MiniMax-M3,MiniMax-M3,True,
13a5b51c0a9e9602bb14:glm-5.3,glm-5.3,glm-5.3,True,
5b38cd3238d03588fbc4:glm-5.3,glm-5.3,glm-5.3,True,
cb2f9c34fa4a27f6560c:glm-5.3,glm-5.3,glm-5.3,True,
477ff87604bd07284c5c:MiniMax-M3,MiniMax-M3,MiniMax-M3,True,
c992706ace0c5854747d:deepseek-v4-pro,deepseek-v4-pro,deepseek-v4-pro,True,
b4ba9ca92ebded9363e7:deepseek-v4-pro,deepseek-v4-pro,deepseek-v4-pro,True,
8a442bb67e24c4c25b43:glm-5.3,glm-5.3,glm-5.3,True,
57f1b54e2b6ab9608d89:deepseek-v4-pro,deepseek-v4-pro,deepseek-v4-pro,True,
f76276dd6e7ad30f4678:glm-5.3,glm-5.3,glm-5.3,True,
4ab9a0a54bc6bbcbce4a:MiniMax-M3,MiniMax-M3,MiniMax-M3,True,
eebe7236ce44f4a03437:MiniMax-M3,MiniMax-M3,MiniMax-M3,True,
24c41fc393f835171b5e:deepseek-v4-pro,deepseek-v4-pro,deepseek-v4-pro,True,
8deb874641294d3b23db:glm-5.3,glm-5.3,glm-5.3,True,
1d22876f9587e2b9b61a:deepseek-v4-pro,deepseek-v4-pro,deepseek-v4-pro,True,
72f8a9fe29c12d52a092:glm-5.3,glm-5.3,glm-5.3,True,
61d741bb38089cd2617a:deepseek-v4-pro,deepseek-v4-pro,deepseek-v4-pro,True,
86dd6550652f89e618eb:MiniMax-M3,MiniMax-M3,MiniMax-M3,True,
0f1a1162976b8797a201:MiniMax-M3,MiniMax-M3,MiniMax-M3,True,
75d72da59fc1aeb2263d:glm-5.3,glm-5.3,glm-5.3,True,
db2cb39519ae281bfdba:MiniMax-M3,MiniMax-M3,MiniMax-M3,True,
1f8fb7fb6fd4a8ac3705:glm-5.3,glm-5.3,glm-5.3,True,
ef1dde6cc0c590f280f0:MiniMax-M3,MiniMax-M3,MiniMax-M3,True,
440372bae3cc3c9c661d:deepseek-v4-pro,deepseek-v4-pro,deepseek-v4-pro,True,
9c63bc136873cb51e619:deepseek-v4-pro,deepseek-v4-pro,deepseek-v4-pro,True,
98807dbd123314dad4b3:glm-5.3,glm-5.3,glm-5.3,True,
d54c7465866a5194e56a:deepseek-v4-pro,deepseek-v4-pro,deepseek-v4-pro,True,
c0ad248f5ea4c67d8b23:MiniMax-M3,MiniMax-M3,MiniMax-M3,True,
a222d912570e6a1a070f:MiniMax-M3,MiniMax-M3,MiniMax-M3,True,
06fded11864a412d307e:deepseek-v4-pro,deepseek-v4-pro,deepseek-v4-pro,True,
0abfbbe7c71ef29cb324:glm-5.3,glm-5.3,glm-5.3,True,
68dfd12928cab7377f5a:deepseek-v4-pro,deepseek-v4-pro,deepseek-v4-pro,True,
24223fa1c82cacb31615:glm-5.3,glm-5.3,glm-5.3,True,
fdd5ce9fc0bd30f0634d:deepseek-v4-pro,deepseek-v4-pro,deepseek-v4-pro,True,
5018dedcce51a6c1de06:MiniMax-M3,MiniMax-M3,MiniMax-M3,True,
53971d2b3a40a05e90f6:deepseek-v4-pro,deepseek-v4-pro,deepseek-v4-pro,True,
a5f21cacf0dfcadbe2e0:deepseek-v4-pro,deepseek-v4-pro,deepseek-v4-pro,True,
4a90b832f5e5a5979e84:deepseek-v4-pro,deepseek-v4-pro,deepseek-v4-pro,True,
58c35bc3f580146a730b:deepseek-v4-pro,deepseek-v4-pro,deepseek-v4-pro,True,
4c1a55c367b1ddddd1bb:glm-5.3,glm-5.3,glm-5.3,True,
4b9daca683016e147462:MiniMax-M3,MiniMax-M3,MiniMax-M3,True,
786a2da17ba89b150076:MiniMax-M3,MiniMax-M3,MiniMax-M3,True,
fa6badf5190d063e4d26:deepseek-v4-pro,deepseek-v4-pro,deepseek-v4-pro,True,
2bcc549f8b9f5d9cfdea:glm-5.3,glm-5.3,glm-5.3,True,
248c2fb5a0396198888c:glm-5.3,glm-5.3,glm-5.3,True,
a21e96dd9ee780bf8d86:deepseek-v4-pro,deepseek-v4-pro,deepseek-v4-pro,True,
96777925232dc2fb87d0:glm-5.3,glm-5.3,glm-5.3,True,
319a167f7955dc2a7f56:MiniMax-M3,MiniMax-M3,MiniMax-M3,True,
7964e8712a903259008b:glm-5.3,glm-5.3,glm-5.3,True,
010f1023a999843e9e4f:glm-5.3,glm-5.3,glm-5.3,True,
9c1dea184c7b7703c83b:glm-5.3,glm-5.3,glm-5.3,True,
32cf358aed381a9a9261:glm-5.3,glm-5.3,glm-5.3,True,
fbf284d9199824ba6ac8:glm-5.3,glm-5.3,glm-5.3,True,
46262fb447020255194e:MiniMax-M3,MiniMax-M3,MiniMax-M3,True,
c56046c8e12437547b98:glm-5.3,glm-5.3,glm-5.3,True,
6ac47dc1ee4805792f42:deepseek-v4-pro,deepseek-v4-pro,deepseek-v4-pro,True,
40c255bb901e13eb2f41:deepseek-v4-pro,deepseek-v4-pro,deepseek-v4-pro,True,
82fc4a1526bbd8a46805:MiniMax-M3,MiniMax-M3,MiniMax-M3,True,
debc2c66dceaf544a2a3:deepseek-v4-pro,deepseek-v4-pro,deepseek-v4-pro,True,
f234712ae6d53cc3e3cd:MiniMax-M3,MiniMax-M3,MiniMax-M3,True,
f49278b7cfd5f8a1619e:MiniMax-M3,MiniMax-M3,MiniMax-M3,True,
8a1516689df87cd8aa9f:glm-5.3,glm-5.3,glm-5.3,True,
1b7c08c3804dc81d4424:deepseek-v4-pro,deepseek-v4-pro,deepseek-v4-pro,True,
672f8f0c5bc14185710c:MiniMax-M3,MiniMax-M3,MiniMax-M3,True,
fec2208f4b4172c697f4:deepseek-v4-pro,deepseek-v4-pro,deepseek-v4-pro,True,
38dc9e0ef9cb97ea838b:MiniMax-M3,MiniMax-M3,MiniMax-M3,True,
c3f66b7d1eb9836ca3e1:glm-5.3,glm-5.3,glm-5.3,True,
39a88045134ea1f46e2b:MiniMax-M3,MiniMax-M3,MiniMax-M3,True,
710ae09e46cb7268f02c:MiniMax-M3,MiniMax-M3,MiniMax-M3,True,
de54fd193f71ab7d2195:MiniMax-M3,MiniMax-M3,MiniMax-M3,True,
fdbee0c5f0c2bc6534dd:deepseek-v4-pro,deepseek-v4-pro,deepseek-v4-pro,True,
6dacfb664595e33a72e5:MiniMax-M3,MiniMax-M3,MiniMax-M3,True,
21fcc6c5bd5cb3b3d4f0:deepseek-v4-pro,deepseek-v4-pro,deepseek-v4-pro,True,
85809d5165243145238f:glm-5.3,glm-5.3,glm-5.3,True,
3ddccee4059e3f2b10ab:deepseek-v4-pro,deepseek-v4-pro,deepseek-v4-pro,True,
f27542cd7b06f5b5f387:glm-5.3,glm-5.3,glm-5.3,True,
1ba2ed462104a2e1246c:MiniMax-M3,MiniMax-M3,MiniMax-M3,True,
113b447450c840b30687:MiniMax-M3,MiniMax-M3,MiniMax-M3,True,
7bb682907be3546436ee:deepseek-v4-pro,deepseek-v4-pro,deepseek-v4-pro,True,
c6d6f4bf751133a6384d:MiniMax-M3,MiniMax-M3,MiniMax-M3,True,
4de1f2a9499286aaac6e:deepseek-v4-pro,deepseek-v4-pro,deepseek-v4-pro,True,
87db1679526360ff93f1:glm-5.3,glm-5.3,glm-5.3,True,
e90f238f02ddb976d0e6:MiniMax-M3,MiniMax-M3,MiniMax-M3,True,
b450eb8aae4dc50b8160:deepseek-v4-pro,deepseek-v4-pro,deepseek-v4-pro,True,
f2f08bb3479f4c3e4d9a:glm-5.3,glm-5.3,glm-5.3,True,
ed93b913a51ee9979cf8:deepseek-v4-pro,deepseek-v4-pro,deepseek-v4-pro,True,
7f0166dc73f65042fc74:deepseek-v4-pro,deepseek-v4-pro,deepseek-v4-pro,True,
59db139e24f17bb53801:deepseek-v4-pro,deepseek-v4-pro,deepseek-v4-pro,True,
e6794b12f30a026011ac:MiniMax-M3,MiniMax-M3,MiniMax-M3,True,
b1ca394ddbca33286a8b:glm-5.3,glm-5.3,glm-5.3,True,
d4a03a1d998e5154bc03:deepseek-v4-pro,deepseek-v4-pro,deepseek-v4-pro,True,
aafbe489e629759c239e:MiniMax-M3,MiniMax-M3,MiniMax-M3,True,
ced6c005da3a62ce45e1:glm-5.3,glm-5.3,glm-5.3,True,
a6174d0361c5fd8f9ca6:deepseek-v4-pro,deepseek-v4-pro,deepseek-v4-pro,True,
51d42a80c6bce2eba00c:glm-5.3,glm-5.3,glm-5.3,True,
1bbdc2fd7aa76fa0a651:deepseek-v4-pro,deepseek-v4-pro,deepseek-v4-pro,True,
e300066e21d90cb20e77:deepseek-v4-pro,deepseek-v4-pro,deepseek-v4-pro,True,
904d1a8099614abdf5bb:deepseek-v4-pro,deepseek-v4-pro,deepseek-v4-pro,True,
199f383880f777717047:MiniMax-M3,MiniMax-M3,MiniMax-M3,True,
319a167f7955dc2a7f56:deepseek-v4-pro,deepseek-v4-pro,deepseek-v4-pro,True,
05377772070c3235df69:deepseek-v4-pro,deepseek-v4-pro,deepseek-v4-pro,True,
3d0f3f3c30dc6306860f:MiniMax-M3,MiniMax-M3,MiniMax-M3,True,
0564e9f55f5f3c54b169:glm-5.3,glm-5.3,glm-5.3,True,
acd6bd6a87449395f8f5:MiniMax-M3,MiniMax-M3,MiniMax-M3,True,
c6fb6d710dbfb83696b1:MiniMax-M3,MiniMax-M3,MiniMax-M3,True,
be536591413a814664fc:deepseek-v4-pro,deepseek-v4-pro,deepseek-v4-pro,True,
255417ea57024a85ec7c:MiniMax-M3,MiniMax-M3,MiniMax-M3,True,
96dffda5c3b94f0a1d51:glm-5.3,glm-5.3,glm-5.3,True,
1656484696f64a3791ab:MiniMax-M3,MiniMax-M3,MiniMax-M3,True,
129b2eb7595132400a0d:glm-5.3,glm-5.3,glm-5.3,True,
7d3cf9a40968cb55984b:MiniMax-M3,MiniMax-M3,MiniMax-M3,True,
06218a8489b41247cc2c:deepseek-v4-pro,deepseek-v4-pro,deepseek-v4-pro,True,
d3f243f8c2c45f453a6e:deepseek-v4-pro,deepseek-v4-pro,deepseek-v4-pro,True,
1eef03456d1e2a7fcaac:MiniMax-M3,MiniMax-M3,MiniMax-M3,True,
403d61bec9d34a595f18:glm-5.3,glm-5.3,glm-5.3,True,
98377e25ae553b4f0504:deepseek-v4-pro,deepseek-v4-pro,deepseek-v4-pro,True,
8588793828fa513d74e1:deepseek-v4-pro,deepseek-v4-pro,deepseek-v4-pro,True,
412c08706930e348afdd:MiniMax-M3,MiniMax-M3,MiniMax-M3,True,
d78857f06fb5b171a4a4:deepseek-v4-pro,deepseek-v4-pro,deepseek-v4-pro,True,
d26718f8029574e99cd8:glm-5.3,glm-5.3,glm-5.3,True,
11ee66296524b9c33c70:MiniMax-M3,MiniMax-M3,MiniMax-M3,True,
a83db18dc42a748c75b1:MiniMax-M3,MiniMax-M3,MiniMax-M3,True,
bb47b5ad48d42ce4b83f:MiniMax-M3,MiniMax-M3,MiniMax-M3,True,
c8f0ca7c33efff096479:glm-5.3,glm-5.3,glm-5.3,True,
5f8843087e40b27677f8:MiniMax-M3,MiniMax-M3,MiniMax-M3,True,
34dcd0f0cb308d31a945:MiniMax-M3,MiniMax-M3,MiniMax-M3,True,
ce8a983e2ee43fff586e:glm-5.3,glm-5.3,glm-5.3,True,
9ee694ee392504f2e2a8:glm-5.3,glm-5.3,glm-5.3,True,
e42a9731356331f0c279:MiniMax-M3,MiniMax-M3,MiniMax-M3,True,
308ccd1999ce9f832820:glm-5.3,glm-5.3,glm-5.3,True,
3b481ab79efd13fbe579:MiniMax-M3,MiniMax-M3,MiniMax-M3,True,
14fd596d822bae0c42e1:deepseek-v4-pro,deepseek-v4-pro,deepseek-v4-pro,True,
1310e91d4cf14c848594:deepseek-v4-pro,deepseek-v4-pro,deepseek-v4-pro,True,
0e29323e45f9e1d82e03:MiniMax-M3,MiniMax-M3,MiniMax-M3,True,
ea96f66c8874c19b8c18:glm-5.3,glm-5.3,glm-5.3,True,
3e8566e49ab1c334c7f8:glm-5.3,glm-5.3,glm-5.3,True,
8752d40525f359468477:deepseek-v4-pro,deepseek-v4-pro,deepseek-v4-pro,True,
9de5f3ad9db5d0afa757:MiniMax-M3,MiniMax-M3,MiniMax-M3,True,
052fefe8bd501f8bfc20:MiniMax-M3,MiniMax-M3,MiniMax-M3,True,
1fd6522627bc054e0c9e:glm-5.3,glm-5.3,glm-5.3,True,
906d7b29fab4d422f6b3:deepseek-v4-pro,deepseek-v4-pro,deepseek-v4-pro,True,
50326a2b80a40bbc4b8e:glm-5.3,glm-5.3,glm-5.3,True,
4a4634f3ee12efa5de81:glm-5.3,glm-5.3,glm-5.3,True,
8b277372c1054a706c25:MiniMax-M3,MiniMax-M3,MiniMax-M3,True,
ae39d70bd3830d9da610:MiniMax-M3,MiniMax-M3,MiniMax-M3,True,
436073c37478da77c134:MiniMax-M3,MiniMax-M3,MiniMax-M3,True,
26479ae72f83e6454895:MiniMax-M3,MiniMax-M3,MiniMax-M3,True,
4a4634f3ee12efa5de81:deepseek-v4-pro,deepseek-v4-pro,deepseek-v4-pro,True,
91690b45b955bfbf278d:deepseek-v4-pro,deepseek-v4-pro,deepseek-v4-pro,True,
79fd7b4537760b6b6ad9:glm-5.3,glm-5.3,glm-5.3,True,
126bad5105d49e6ddacb:glm-5.3,glm-5.3,glm-5.3,True,
0c6b9b3a79751c333c82:deepseek-v4-pro,deepseek-v4-pro,deepseek-v4-pro,True,
ca8f704338c060a46c81:MiniMax-M3,MiniMax-M3,MiniMax-M3,True,
67dac0bd7e83a2b7a168:deepseek-v4-pro,deepseek-v4-pro,deepseek-v4-pro,True,
2b856c56976c69d36fe0:MiniMax-M3,MiniMax-M3,MiniMax-M3,True,
e1d7b0cd7d567f19b979:deepseek-v4-pro,deepseek-v4-pro,deepseek-v4-pro,True,
7fb20153bbdd0ce23587:MiniMax-M3,MiniMax-M3,MiniMax-M3,True,
b05a0df6320ab0083ab3:MiniMax-M3,MiniMax-M3,MiniMax-M3,True,
e5cd4b902f3527769530:glm-5.3,glm-5.3,glm-5.3,True,
b962cf9b7c54baebc44e:glm-5.3,glm-5.3,glm-5.3,True,
dccf78b751af29cc0d38:deepseek-v4-pro,deepseek-v4-pro,deepseek-v4-pro,True,
5b31cd1b9984e49f03e0:MiniMax-M3,MiniMax-M3,MiniMax-M3,True,
75cb28f8df0acd439abd:glm-5.3,glm-5.3,glm-5.3,True,
14e1ef957c0f6daac21e:MiniMax-M3,MiniMax-M3,MiniMax-M3,True,
f0a9503616c498c50c17:MiniMax-M3,MiniMax-M3,MiniMax-M3,True,
f14b87a4b4c318f1dad0:MiniMax-M3,MiniMax-M3,MiniMax-M3,True,
09e507b805a73e036f69:glm-5.3,glm-5.3,glm-5.3,True,
12023b68f7daf8205bb2:glm-5.3,glm-5.3,glm-5.3,True,
47454a291154e5884cfc:MiniMax-M3,MiniMax-M3,MiniMax-M3,True,
02f91e57b87588e25ac5:glm-5.3,glm-5.3,glm-5.3,True,
26d630ad5188f6a1f323:deepseek-v4-pro,deepseek-v4-pro,deepseek-v4-pro,True,
44396a2c0baea0461d7c:MiniMax-M3,MiniMax-M3,MiniMax-M3,True,
c73cbba7cde93cadef1c:glm-5.3,glm-5.3,glm-5.3,True,
0980485208e6983029f7:glm-5.3,glm-5.3,glm-5.3,True,
6513077c0e2165cb1e09:MiniMax-M3,MiniMax-M3,MiniMax-M3,True,
c7ce95273609688ceb3a:MiniMax-M3,MiniMax-M3,MiniMax-M3,True,
9cf81057b15f1bd15c6d:MiniMax-M3,MiniMax-M3,MiniMax-M3,True,
72d9eced3c769da4b5f5:glm-5.3,glm-5.3,glm-5.3,True,
b4daba35ba7ad81f8cbc:glm-5.3,glm-5.3,glm-5.3,True,
57a901c1cbef70b8051e:deepseek-v4-pro,deepseek-v4-pro,deepseek-v4-pro,True,
bd3ed2258008b653276b:glm-5.3,glm-5.3,glm-5.3,True,
2bb27a83568c2f432d27:glm-5.3,glm-5.3,glm-5.3,True,
6bc30de7079267920722:deepseek-v4-pro,deepseek-v4-pro,deepseek-v4-pro,True,
cbc3989538d1618f8c05:MiniMax-M3,MiniMax-M3,MiniMax-M3,True,
8deb874641294d3b23db:deepseek-v4-pro,deepseek-v4-pro,deepseek-v4-pro,True,
44772811a93a3f476028:deepseek-v4-pro,deepseek-v4-pro,deepseek-v4-pro,True,
1ab640a69ff695476451:glm-5.3,glm-5.3,glm-5.3,True,
8c2507a64801f6c2a0c0:glm-5.3,glm-5.3,glm-5.3,True,
4c4cc57f0ae8f5d69a0c:MiniMax-M3,MiniMax-M3,MiniMax-M3,True,
4ecae5d9e218fae5d3c2:glm-5.3,glm-5.3,glm-5.3,True,
28b63a65a405f40e4ddd:deepseek-v4-pro,deepseek-v4-pro,deepseek-v4-pro,True,
d3815736c4e094117b1d:glm-5.3,glm-5.3,glm-5.3,True,
43d019638f24050608df:MiniMax-M3,MiniMax-M3,MiniMax-M3,True,
faa3db8056354b0212d4:deepseek-v4-pro,deepseek-v4-pro,deepseek-v4-pro,True,
77b7e40a77a157cccd75:MiniMax-M3,MiniMax-M3,MiniMax-M3,True,
ec984080d25a4ec9b619:glm-5.3,glm-5.3,glm-5.3,True,
78bd10f0627fcdb2fbba:deepseek-v4-pro,deepseek-v4-pro,deepseek-v4-pro,True,
9b03257d0bae39740757:deepseek-v4-pro,deepseek-v4-pro,deepseek-v4-pro,True,
0faa2f4278c0e4afda21:MiniMax-M3,MiniMax-M3,MiniMax-M3,True,
c8f6b36325f6ceff1f5c:deepseek-v4-pro,deepseek-v4-pro,deepseek-v4-pro,True,
4f3d1998a254b2c54bde:glm-5.3,glm-5.3,glm-5.3,True,
754db63212abf59e75c8:MiniMax-M3,MiniMax-M3,MiniMax-M3,True,
afa8aaffbfba86c72e06:MiniMax-M3,MiniMax-M3,MiniMax-M3,True,
69fa2748690a5a7f0298:deepseek-v4-pro,deepseek-v4-pro,deepseek-v4-pro,True,
7721ba12109adaaea45e:glm-5.3,glm-5.3,glm-5.3,True,
3cc73b53f30ea0153a2e:glm-5.3,glm-5.3,glm-5.3,True,
2d29d6c39981ca3e7ca0:MiniMax-M3,MiniMax-M3,MiniMax-M3,True,
3bd624c413aae561ee44:glm-5.3,glm-5.3,glm-5.3,True,
8aaf44a51c51b522d3fe:MiniMax-M3,MiniMax-M3,MiniMax-M3,True,
db87b5dadcc74ec7260b:glm-5.3,glm-5.3,glm-5.3,True,
2c3b7266bfcf5770119c:glm-5.3,glm-5.3,glm-5.3,True,
94d5d26bfac3705db7c8:deepseek-v4-pro,deepseek-v4-pro,deepseek-v4-pro,True,
c2db3e917bbab5263af3:deepseek-v4-pro,deepseek-v4-pro,deepseek-v4-pro,True,
2053c152971b7064701f:deepseek-v4-pro,deepseek-v4-pro,deepseek-v4-pro,True,
3cbbe3a0b9d3a8847153:deepseek-v4-pro,deepseek-v4-pro,deepseek-v4-pro,True,
064d7768f48e06bffd0e:deepseek-v4-pro,deepseek-v4-pro,deepseek-v4-pro,True,
dbc5363bcee0e144f697:MiniMax-M3,MiniMax-M3,MiniMax-M3,True,
7dd986276d89b4b5e8a1:MiniMax-M3,MiniMax-M3,MiniMax-M3,True,
98c2996d9a66cdec8328:MiniMax-M3,MiniMax-M3,MiniMax-M3,True,
f30bbd97fc63171f8cbd:deepseek-v4-pro,deepseek-v4-pro,deepseek-v4-pro,True,
0106c7923338e6df933f:MiniMax-M3,MiniMax-M3,MiniMax-M3,True,
877bb842d0a68cfdba0d:glm-5.3,glm-5.3,glm-5.3,True,
5742f80af9616f36c22e:glm-5.3,glm-5.3,glm-5.3,True,
4608bae3d45e2fe312e2:MiniMax-M3,MiniMax-M3,MiniMax-M3,True,
8a15786cf8f939e3560f:deepseek-v4-pro,deepseek-v4-pro,deepseek-v4-pro,True,
1c984ced1b9eca4b1b23:MiniMax-M3,MiniMax-M3,MiniMax-M3,True,
259367ebf531db1f7e5a:glm-5.3,glm-5.3,glm-5.3,True,
5609e019facf9e3f7f4a:MiniMax-M3,MiniMax-M3,MiniMax-M3,True,
1c42ad75bba731cb51fb:glm-5.3,glm-5.3,glm-5.3,True,
00244f7b9ae65abcde7b:deepseek-v4-pro,deepseek-v4-pro,deepseek-v4-pro,True,
9e8d8722d39d31d365cf:glm-5.3,glm-5.3,glm-5.3,True,
545ab744581d0fe573be:glm-5.3,glm-5.3,glm-5.3,True,
e734d95c0d5b36876664:MiniMax-M3,MiniMax-M3,MiniMax-M3,True,
ca07308e8c4f39628355:deepseek-v4-pro,deepseek-v4-pro,deepseek-v4-pro,True,
8f2912b89beebeae43d3:MiniMax-M3,MiniMax-M3,MiniMax-M3,True,
d2ad67c080aca8ed4068:deepseek-v4-pro,deepseek-v4-pro,deepseek-v4-pro,True,
294f6178e3254a34fd25:deepseek-v4-pro,deepseek-v4-pro,deepseek-v4-pro,True,
fb1fc1225cb08dc499c4:deepseek-v4-pro,deepseek-v4-pro,deepseek-v4-pro,True,
a34e2ffacad8be2892da:glm-5.3,glm-5.3,glm-5.3,True,
4cb6ed7940e6fff3d855:deepseek-v4-pro,deepseek-v4-pro,deepseek-v4-pro,True,
26aa809cc4e4167cfcb1:MiniMax-M3,MiniMax-M3,MiniMax-M3,True,
246b6ae9ed8eefb7e966:deepseek-v4-pro,deepseek-v4-pro,deepseek-v4-pro,True,
0b8e951659f5dd70b07a:glm-5.3,glm-5.3,glm-5.3,True,
7d6f5432570a6fc04716:MiniMax-M3,MiniMax-M3,MiniMax-M3,True,
545090a5130849ae980f:deepseek-v4-pro,deepseek-v4-pro,deepseek-v4-pro,True,
02a1bd3735e4f987bf6d:deepseek-v4-pro,deepseek-v4-pro,deepseek-v4-pro,True,
6a0bdb5a8d214c90e80c:glm-5.3,glm-5.3,glm-5.3,True,
2005c0822f324f12b545:deepseek-v4-pro,deepseek-v4-pro,deepseek-v4-pro,True,
d2792c582f24fca24e47:deepseek-v4-pro,deepseek-v4-pro,deepseek-v4-pro,True,
f6b43f06fe0b0de61b43:MiniMax-M3,MiniMax-M3,MiniMax-M3,True,
886b594d6983354764ec:deepseek-v4-pro,deepseek-v4-pro,deepseek-v4-pro,True,
434585360053bc23904c:deepseek-v4-pro,deepseek-v4-pro,deepseek-v4-pro,True,
c34cd2666944418de745:MiniMax-M3,MiniMax-M3,MiniMax-M3,True,
e8ff7e5a43968094654f:glm-5.3,glm-5.3,glm-5.3,True,
ba3cc64e6371e70a26c0:MiniMax-M3,MiniMax-M3,MiniMax-M3,True,
8c0d20cad1ee5f82b601:glm-5.3,glm-5.3,glm-5.3,True,
089d6afceb0650087758:MiniMax-M3,MiniMax-M3,MiniMax-M3,True,
e371fd29f51d46583714:glm-5.3,glm-5.3,glm-5.3,True,
77a9908c9e2c31c35820:MiniMax-M3,MiniMax-M3,MiniMax-M3,True,
94b67478c7e1a64dffba:MiniMax-M3,MiniMax-M3,MiniMax-M3,True,
329157e23adec2693750:deepseek-v4-pro,deepseek-v4-pro,deepseek-v4-pro,True,
7e1d57a5fa21d5e8e568:MiniMax-M3,MiniMax-M3,MiniMax-M3,True,
0e5b51561e62399fc0d1:MiniMax-M3,MiniMax-M3,MiniMax-M3,True,
59a3b8464da0a5a690ac:glm-5.3,glm-5.3,glm-5.3,True,
a921e070478f1b46f617:MiniMax-M3,MiniMax-M3,MiniMax-M3,True,
6305b64050d2bff6377e:glm-5.3,glm-5.3,glm-5.3,True,
94119359e8099066fd3f:MiniMax-M3,MiniMax-M3,MiniMax-M3,True,
6eadcb66584bc8b2191b:glm-5.3,glm-5.3,glm-5.3,True,
6763a7816e52a70fb254:deepseek-v4-pro,deepseek-v4-pro,deepseek-v4-pro,True,
b2f965cec7534c506b5c:glm-5.3,glm-5.3,glm-5.3,True,
018c413067a94723342a:glm-5.3,glm-5.3,glm-5.3,True,
b1a1001110bc9edc7605:MiniMax-M3,MiniMax-M3,MiniMax-M3,True,
e04b2a122fff28a4bb78:glm-5.3,glm-5.3,glm-5.3,True,
70568ddeea05e8503dce:deepseek-v4-pro,deepseek-v4-pro,deepseek-v4-pro,True,
71e765a601974afe9cf5:deepseek-v4-pro,deepseek-v4-pro,deepseek-v4-pro,True,
248b41f2b47cf10b66f5:MiniMax-M3,MiniMax-M3,MiniMax-M3,True,
d33ea79c81c33d2899fd:MiniMax-M3,MiniMax-M3,MiniMax-M3,True,
09f83ae9f75f8765d1e1:deepseek-v4-pro,deepseek-v4-pro,deepseek-v4-pro,True,
e2d5d4ad483a3cc3a1ce:MiniMax-M3,MiniMax-M3,MiniMax-M3,True,
d3cf5e5a34febbf65a9b:MiniMax-M3,MiniMax-M3,MiniMax-M3,True,
5f9d68903079fc3735d5:deepseek-v4-pro,deepseek-v4-pro,deepseek-v4-pro,True,
f79ffe0ffdb98873ec4f:MiniMax-M3,MiniMax-M3,MiniMax-M3,True,
5e649c70b9eedf555dd9:glm-5.3,glm-5.3,glm-5.3,True,
9c99e16917a604be5d51:MiniMax-M3,MiniMax-M3,MiniMax-M3,True,
ef953334dafadf6a532d:glm-5.3,glm-5.3,glm-5.3,True,
abaeaa537d98816df662:deepseek-v4-pro,deepseek-v4-pro,deepseek-v4-pro,True,
135da7463019f908c01e:MiniMax-M3,MiniMax-M3,MiniMax-M3,True,
903c0fe89ad4917f68ea:deepseek-v4-pro,deepseek-v4-pro,deepseek-v4-pro,True,
c5dde7fee0ffc1799f86:deepseek-v4-pro,deepseek-v4-pro,deepseek-v4-pro,True,
4fb6dc8b7e3c96018c1c:deepseek-v4-pro,deepseek-v4-pro,deepseek-v4-pro,True,
7aecc402a93257921fdc:deepseek-v4-pro,deepseek-v4-pro,deepseek-v4-pro,True,
8f68cda9c4806ea926e3:MiniMax-M3,MiniMax-M3,MiniMax-M3,True,
61f592226733616541e3:glm-5.3,glm-5.3,glm-5.3,True,
eb03fd0322e94d8a666f:glm-5.3,glm-5.3,glm-5.3,True,
f016d8e1fd338ce29886:glm-5.3,glm-5.3,glm-5.3,True,
8db536728cff86148c3b:glm-5.3,glm-5.3,glm-5.3,True,
be945a8bc7a1d180e2fe:glm-5.3,glm-5.3,glm-5.3,True,
66aeadb4d3db868e5822:deepseek-v4-pro,deepseek-v4-pro,deepseek-v4-pro,True,
6a476d17e0adf092f32d:glm-5.3,glm-5.3,glm-5.3,True,
95fe58b5e23cf8db3def:deepseek-v4-pro,deepseek-v4-pro,deepseek-v4-pro,True,
f275d84eacde0311d2b7:MiniMax-M3,MiniMax-M3,MiniMax-M3,True,
6b01ee8fe273885b9561:glm-5.3,glm-5.3,glm-5.3,True,
436a4ccdf9e516fb0bed:MiniMax-M3,MiniMax-M3,MiniMax-M3,True,
e48a9650e67c4f9bdede:deepseek-v4-pro,deepseek-v4-pro,deepseek-v4-pro,True,
ddeb9bd412d1f5962d7a:deepseek-v4-pro,deepseek-v4-pro,deepseek-v4-pro,True,
784ef414fe82e5b14839:glm-5.3,glm-5.3,glm-5.3,True,
6217a5ab29572e15f31f:deepseek-v4-pro,deepseek-v4-pro,deepseek-v4-pro,True,
688ce8251efdd77e02fd:MiniMax-M3,MiniMax-M3,MiniMax-M3,True,
427d62c22af912b1444e:MiniMax-M3,MiniMax-M3,MiniMax-M3,True,
fa98a7a3c1d2f4d3dfc6:deepseek-v4-pro,deepseek-v4-pro,deepseek-v4-pro,True,
c965c0d5c58f01688739:glm-5.3,glm-5.3,glm-5.3,True,
705906ce91157fa03329:MiniMax-M3,MiniMax-M3,MiniMax-M3,True,
b9cd60aa8e353c59106b:glm-5.3,glm-5.3,glm-5.3,True,
2e77ee3c88400ec56c06:MiniMax-M3,MiniMax-M3,MiniMax-M3,True,
11ee66296524b9c33c70:deepseek-v4-pro,deepseek-v4-pro,deepseek-v4-pro,True,
fd628ba6effbd2ba0cad:MiniMax-M3,MiniMax-M3,MiniMax-M3,True,
70d777e5709a12cd7f86:MiniMax-M3,MiniMax-M3,MiniMax-M3,True,
dbdfbfb6f0de77249dd0:MiniMax-M3,MiniMax-M3,MiniMax-M3,True,
ab2b36b18defa17d46b2:glm-5.3,glm-5.3,glm-5.3,True,
d4fe3b025d62b5901d64:MiniMax-M3,MiniMax-M3,MiniMax-M3,True,
d5d1f9021d5f818d5dcd:glm-5.3,glm-5.3,glm-5.3,True,
b65adee365ac3393773d:deepseek-v4-pro,deepseek-v4-pro,deepseek-v4-pro,True,
8cc5e733c9b9ea1499ae:MiniMax-M3,MiniMax-M3,MiniMax-M3,True,
791e7ee62a734769d114:deepseek-v4-pro,deepseek-v4-pro,deepseek-v4-pro,True,
30cbd11f8b55e3b925f6:MiniMax-M3,MiniMax-M3,MiniMax-M3,True,
61066c0e7258ab513b85:deepseek-v4-pro,deepseek-v4-pro,deepseek-v4-pro,True,
1c4aa066dcac86217bc6:deepseek-v4-pro,deepseek-v4-pro,deepseek-v4-pro,True,
53b753378403d109f883:MiniMax-M3,MiniMax-M3,MiniMax-M3,True,
8d0e76a02740d02aa4c8:glm-5.3,glm-5.3,glm-5.3,True,
bfb2456f7512c2a5f59f:MiniMax-M3,MiniMax-M3,MiniMax-M3,True,
c431bfc2e55c578f4444:MiniMax-M3,MiniMax-M3,MiniMax-M3,True,
5c218b8c5d5afe6ccb16:glm-5.3,glm-5.3,glm-5.3,True,
f3080bf065bb94d9843f:deepseek-v4-pro,deepseek-v4-pro,deepseek-v4-pro,True,
36e63544ef64ce010ea2:glm-5.3,glm-5.3,glm-5.3,True,
340ac2c16e7a01f7ffc9:glm-5.3,glm-5.3,glm-5.3,True,
0a7b636542cc8b85e3fc:MiniMax-M3,MiniMax-M3,MiniMax-M3,True,
98672ea0e1bdd88cc87a:deepseek-v4-pro,deepseek-v4-pro,deepseek-v4-pro,True,
0ef4692cbc926d665048:deepseek-v4-pro,deepseek-v4-pro,deepseek-v4-pro,True,
c27694297b47c8256f98:MiniMax-M3,MiniMax-M3,MiniMax-M3,True,
3df3ee84fc4925c93634:deepseek-v4-pro,deepseek-v4-pro,deepseek-v4-pro,True,
282760bc0e6ef1c6e115:deepseek-v4-pro,deepseek-v4-pro,deepseek-v4-pro,True,
dd27a15ba0c273075134:deepseek-v4-pro,deepseek-v4-pro,deepseek-v4-pro,True,
9fcd21bf2fcb28e01cca:glm-5.3,glm-5.3,glm-5.3,True,
e501006630fc153e90a8:glm-5.3,glm-5.3,glm-5.3,True,
01e42534ea1135e10476:deepseek-v4-pro,deepseek-v4-pro,deepseek-v4-pro,True,
c3e1b1731cd2d3a387a6:deepseek-v4-pro,deepseek-v4-pro,deepseek-v4-pro,True,
4f3d1998a254b2c54bde:deepseek-v4-pro,deepseek-v4-pro,deepseek-v4-pro,True,
8e1d4088b6f2854c529e:glm-5.3,glm-5.3,glm-5.3,True,
79b567d3ea46f474f185:glm-5.3,glm-5.3,glm-5.3,True,
6f0367506e9b9786401b:deepseek-v4-pro,deepseek-v4-pro,deepseek-v4-pro,True,
a1f82869238f39f621e5:deepseek-v4-pro,deepseek-v4-pro,deepseek-v4-pro,True,
3aa0bba8e3ecf4648037:MiniMax-M3,MiniMax-M3,MiniMax-M3,True,
f22fa469963e945055dc:MiniMax-M3,MiniMax-M3,MiniMax-M3,True,
18651ea66b832596fd08:MiniMax-M3,MiniMax-M3,MiniMax-M3,True,
31b708101a7da49c79c2:glm-5.3,glm-5.3,glm-5.3,True,
eb03fd0322e94d8a666f:MiniMax-M3,MiniMax-M3,MiniMax-M3,True,
0b049f650e141f01c7db:MiniMax-M3,MiniMax-M3,MiniMax-M3,True,
18e586ef630d13742c7e:deepseek-v4-pro,deepseek-v4-pro,deepseek-v4-pro,True,
e1d945e77242253d56e3:glm-5.3,glm-5.3,glm-5.3,True,
aeb91b707affb070c115:deepseek-v4-pro,deepseek-v4-pro,deepseek-v4-pro,True,
7062c9118169ae3ac096:MiniMax-M3,MiniMax-M3,MiniMax-M3,True,
4a84d5866ee163b84446:glm-5.3,glm-5.3,glm-5.3,True,
084858d8dbfce742690e:deepseek-v4-pro,deepseek-v4-pro,deepseek-v4-pro,True,
98b27c174cb05de41635:glm-5.3,glm-5.3,glm-5.3,True,
4ba7d482ab6e2d8274c2:MiniMax-M3,MiniMax-M3,MiniMax-M3,True,
f5bde4e02791e11f0986:deepseek-v4-pro,deepseek-v4-pro,deepseek-v4-pro,True,
0f61886a63fff3aca73a:deepseek-v4-pro,deepseek-v4-pro,deepseek-v4-pro,True,
67fa8c7e44cf69deb623:deepseek-v4-pro,deepseek-v4-pro,deepseek-v4-pro,True,
6072dffa835fc4f14a9b:glm-5.3,glm-5.3,glm-5.3,True,
b2b30228a390395d6778:glm-5.3,glm-5.3,glm-5.3,True,
1cba96c9111bbd415536:MiniMax-M3,MiniMax-M3,MiniMax-M3,True,
2e2132a8ab35f7bc08fa:glm-5.3,glm-5.3,glm-5.3,True,
308b7fb6945cfae563f2:MiniMax-M3,MiniMax-M3,MiniMax-M3,True,
f0a9503616c498c50c17:glm-5.3,glm-5.3,glm-5.3,True,
022b79b62039cb85ac21:MiniMax-M3,MiniMax-M3,MiniMax-M3,True,
4b9daca683016e147462:deepseek-v4-pro,deepseek-v4-pro,deepseek-v4-pro,True,
a1d7af0dfea241b3102c:MiniMax-M3,MiniMax-M3,MiniMax-M3,True,
a4c5097308f716221484:glm-5.3,glm-5.3,glm-5.3,True,
135da7463019f908c01e:glm-5.3,glm-5.3,glm-5.3,True,
acbcd8a3fea51882b813:deepseek-v4-pro,deepseek-v4-pro,deepseek-v4-pro,True,
7856103e95efe3378c33:deepseek-v4-pro,deepseek-v4-pro,deepseek-v4-pro,True,
4d866fcecf4da3d733c6:deepseek-v4-pro,deepseek-v4-pro,deepseek-v4-pro,True,
50f17485c80f055a8d5b:glm-5.3,glm-5.3,glm-5.3,True,
9eba1e38db699f2caa1c:deepseek-v4-pro,deepseek-v4-pro,deepseek-v4-pro,True,
58e7bd0f0d62a82a5dc4:deepseek-v4-pro,deepseek-v4-pro,deepseek-v4-pro,True,
0071a71b9fc493c119d8:deepseek-v4-pro,deepseek-v4-pro,deepseek-v4-pro,True,
5a9f201635b2b5f00fd4:deepseek-v4-pro,deepseek-v4-pro,deepseek-v4-pro,True,
972fbbd463f2793d5c9f:deepseek-v4-pro,deepseek-v4-pro,deepseek-v4-pro,True,
54bfed2c25cae35fd308:deepseek-v4-pro,deepseek-v4-pro,deepseek-v4-pro,True,
043bdec282eab12226be:glm-5.3,glm-5.3,glm-5.3,True,
866beeee45483fc03f33:glm-5.3,glm-5.3,glm-5.3,True,
1d68b6d93e54701bab9d:MiniMax-M3,MiniMax-M3,MiniMax-M3,True,
312dd5c2e04f2d816648:MiniMax-M3,MiniMax-M3,MiniMax-M3,True,
9c9369dacbd623951880:deepseek-v4-pro,deepseek-v4-pro,deepseek-v4-pro,True,
a7f64d0665b93daa0e8c:glm-5.3,glm-5.3,glm-5.3,True,
5fed21a152401055a2dd:deepseek-v4-pro,deepseek-v4-pro,deepseek-v4-pro,True,
2f6fbfb1ca5d3966459f:glm-5.3,glm-5.3,glm-5.3,True,
1f75013c75c3d1a30400:deepseek-v4-pro,deepseek-v4-pro,deepseek-v4-pro,True,
92420e13926b8c13bef0:glm-5.3,glm-5.3,glm-5.3,True,
0b18fe92dc4784eea0cf:deepseek-v4-pro,deepseek-v4-pro,deepseek-v4-pro,True,
26fc78f89b3afc94390a:deepseek-v4-pro,deepseek-v4-pro,deepseek-v4-pro,True,
b0e2a1fd106f1b3b4765:MiniMax-M3,MiniMax-M3,MiniMax-M3,True,
a59d0536d12b24b221b2:glm-5.3,glm-5.3,glm-5.3,True,
84624c9b408ab96a859e:deepseek-v4-pro,deepseek-v4-pro,deepseek-v4-pro,True,
3cd594743c9e5c7da954:deepseek-v4-pro,deepseek-v4-pro,deepseek-v4-pro,True,
a85e4897e316198ce2c2:glm-5.3,glm-5.3,glm-5.3,True,
3c87152bc07429a98979:MiniMax-M3,MiniMax-M3,MiniMax-M3,True,
34c893a542087d9bd022:MiniMax-M3,MiniMax-M3,MiniMax-M3,True,
63c92d9376c65a464597:glm-5.3,glm-5.3,glm-5.3,True,
9278fc86a7d05a7598cd:deepseek-v4-pro,deepseek-v4-pro,deepseek-v4-pro,True,
61206db617fd285ff7df:deepseek-v4-pro,deepseek-v4-pro,deepseek-v4-pro,True,
2d2ed43f3e2ced0e3fe9:glm-5.3,glm-5.3,glm-5.3,True,
e43fd0d35d1d34b9e89b:glm-5.3,glm-5.3,glm-5.3,True,
858b4f2eb1ea19452f3f:deepseek-v4-pro,deepseek-v4-pro,deepseek-v4-pro,True,
65b5f3e63fd296ce68a3:MiniMax-M3,MiniMax-M3,MiniMax-M3,True,
31b708101a7da49c79c2:MiniMax-M3,MiniMax-M3,MiniMax-M3,True,
b2b30228a390395d6778:deepseek-v4-pro,deepseek-v4-pro,deepseek-v4-pro,True,
343af7f6fbf284969638:deepseek-v4-pro,deepseek-v4-pro,deepseek-v4-pro,True,
2d6d215cb7930c9964ac:glm-5.3,glm-5.3,glm-5.3,True,
d5ffa0129329c1a81341:glm-5.3,glm-5.3,glm-5.3,True,
65e94b82ba31c3195111:deepseek-v4-pro,deepseek-v4-pro,deepseek-v4-pro,True,
d636230d198d14c015b8:deepseek-v4-pro,deepseek-v4-pro,deepseek-v4-pro,True,
dbb46bba68f5cdddd3b4:deepseek-v4-pro,deepseek-v4-pro,deepseek-v4-pro,True,
873394264441dfdee55b:deepseek-v4-pro,deepseek-v4-pro,deepseek-v4-pro,True,
a3f140e2053bb135c084:deepseek-v4-pro,deepseek-v4-pro,deepseek-v4-pro,True,
b1586101baae05b06641:deepseek-v4-pro,deepseek-v4-pro,deepseek-v4-pro,True,
3dbcdd39ca0290e4f756:glm-5.3,glm-5.3,glm-5.3,True,
09fff505e3575162b5dc:MiniMax-M3,MiniMax-M3,MiniMax-M3,True,
2c3b1dfe62686b540442:MiniMax-M3,MiniMax-M3,MiniMax-M3,True,
223108f6c9c99239f9ea:glm-5.3,glm-5.3,glm-5.3,True,
c9ad4c670b8beeb5bd44:MiniMax-M3,MiniMax-M3,MiniMax-M3,True,
0494eea260a933823a4e:MiniMax-M3,MiniMax-M3,MiniMax-M3,True,
fec2208f4b4172c697f4:MiniMax-M3,MiniMax-M3,MiniMax-M3,True,
458ffd189b4c0243a000:glm-5.3,glm-5.3,glm-5.3,True,
be945a8bc7a1d180e2fe:deepseek-v4-pro,deepseek-v4-pro,deepseek-v4-pro,True,
c64533bd4e40c68cd211:glm-5.3,glm-5.3,glm-5.3,True,
977c555f53624d81e256:MiniMax-M3,MiniMax-M3,MiniMax-M3,True,
c8d0f0080b24f28f84fe:deepseek-v4-pro,deepseek-v4-pro,deepseek-v4-pro,True,
0a72dd9340eac3cfa7fc:deepseek-v4-pro,deepseek-v4-pro,deepseek-v4-pro,True,
d512f1a3a54c09ece4a8:MiniMax-M3,MiniMax-M3,MiniMax-M3,True,
d3f243f8c2c45f453a6e:glm-5.3,glm-5.3,glm-5.3,True,
d924bbcaaa9c30f17e31:MiniMax-M3,MiniMax-M3,MiniMax-M3,True,
4d866fcecf4da3d733c6:glm-5.3,glm-5.3,glm-5.3,True,
26915b5edbb9dd0ef52a:deepseek-v4-pro,deepseek-v4-pro,deepseek-v4-pro,True,
9935bf9a8b436bc59dfd:deepseek-v4-pro,deepseek-v4-pro,deepseek-v4-pro,True,
786a2da17ba89b150076:deepseek-v4-pro,deepseek-v4-pro,deepseek-v4-pro,True,
a84c32363cacf08f70c5:glm-5.3,glm-5.3,glm-5.3,True,
29af62245da2426bc4ae:glm-5.3,glm-5.3,glm-5.3,True,
448d32ba664c4b0b076b:deepseek-v4-pro,deepseek-v4-pro,deepseek-v4-pro,True,
7d6f5432570a6fc04716:deepseek-v4-pro,deepseek-v4-pro,deepseek-v4-pro,True,
af656d38bf21a78f0923:MiniMax-M3,MiniMax-M3,MiniMax-M3,True,
0b61173d81c277c71f2f:MiniMax-M3,MiniMax-M3,MiniMax-M3,True,
37dd609557b34d052050:MiniMax-M3,MiniMax-M3,MiniMax-M3,True,
6436d09f1b6464dfa415:deepseek-v4-pro,deepseek-v4-pro,deepseek-v4-pro,True,
115336a6f1e06ab29f4b:deepseek-v4-pro,deepseek-v4-pro,deepseek-v4-pro,True,
7ecff15ba335f8f0ebdc:glm-5.3,glm-5.3,glm-5.3,True,
3656ca2c8a77e800b0a1:MiniMax-M3,MiniMax-M3,MiniMax-M3,True,
2c54be5f0b836cca8472:deepseek-v4-pro,deepseek-v4-pro,deepseek-v4-pro,True,
9765f2e820e62b8e5660:deepseek-v4-pro,deepseek-v4-pro,deepseek-v4-pro,True,
fa18260d5f485cb75662:MiniMax-M3,MiniMax-M3,MiniMax-M3,True,
c5e0a4fa83808484339a:deepseek-v4-pro,deepseek-v4-pro,deepseek-v4-pro,True,
21e96fa8065b27840d0e:glm-5.3,glm-5.3,glm-5.3,True,
b2d0ba319667562d1590:MiniMax-M3,MiniMax-M3,MiniMax-M3,True,
dc4ee310257d103f0e6e:deepseek-v4-pro,deepseek-v4-pro,deepseek-v4-pro,True,
a06fd909033090a9e2e6:glm-5.3,glm-5.3,glm-5.3,True,
e6174d8a52b93e97248b:glm-5.3,glm-5.3,glm-5.3,True,
845dc052b0ea397a7255:MiniMax-M3,MiniMax-M3,MiniMax-M3,True,
236e02bc9f470c2cfae3:MiniMax-M3,MiniMax-M3,MiniMax-M3,True,
c1dba597dbc8cae3d1ba:deepseek-v4-pro,deepseek-v4-pro,deepseek-v4-pro,True,
58f287d3684b681585bc:glm-5.3,glm-5.3,glm-5.3,True,
90f3f1c40b54dddd1f12:MiniMax-M3,MiniMax-M3,MiniMax-M3,True,
a0d82f26d42771fed363:deepseek-v4-pro,deepseek-v4-pro,deepseek-v4-pro,True,
e902c95c9b04d5ec0dfc:glm-5.3,glm-5.3,glm-5.3,True,
86dd6550652f89e618eb:glm-5.3,glm-5.3,glm-5.3,True,
d78857f06fb5b171a4a4:MiniMax-M3,MiniMax-M3,MiniMax-M3,True,
6f8b4b68e070272782be:MiniMax-M3,MiniMax-M3,MiniMax-M3,True,
312fad8220530cc2f6db:deepseek-v4-pro,deepseek-v4-pro,deepseek-v4-pro,True,
f4857bd4f552d1891218:deepseek-v4-pro,deepseek-v4-pro,deepseek-v4-pro,True,
85d690c25739fc9b2188:deepseek-v4-pro,deepseek-v4-pro,deepseek-v4-pro,True,
769915485e04230ccffc:glm-5.3,glm-5.3,glm-5.3,True,
eac266799d66b8f8925e:deepseek-v4-pro,deepseek-v4-pro,deepseek-v4-pro,True,
77a9908c9e2c31c35820:glm-5.3,glm-5.3,glm-5.3,True,
80503a50d38fa8c906db:MiniMax-M3,MiniMax-M3,MiniMax-M3,True,
3a0d9c7dc408eadd8616:glm-5.3,glm-5.3,glm-5.3,True,
135da7463019f908c01e:deepseek-v4-pro,deepseek-v4-pro,deepseek-v4-pro,True,
6c4efd237de7c22cf5f9:deepseek-v4-pro,deepseek-v4-pro,deepseek-v4-pro,True,
fb099ffe3c8337463194:glm-5.3,glm-5.3,glm-5.3,True,
8bde527d4ce18eb2d949:MiniMax-M3,MiniMax-M3,MiniMax-M3,True,
3baf609a1e4cf3241ba4:glm-5.3,glm-5.3,glm-5.3,True,
8996bbbe9c5e1832f6c4:deepseek-v4-pro,deepseek-v4-pro,deepseek-v4-pro,True,
30ef6b3c563a74af3a09:deepseek-v4-pro,deepseek-v4-pro,deepseek-v4-pro,True,
1138735117df1d816c75:MiniMax-M3,MiniMax-M3,MiniMax-M3,True,
94d663d5f9b41540419f:glm-5.3,glm-5.3,glm-5.3,True,
05377772070c3235df69:MiniMax-M3,MiniMax-M3,MiniMax-M3,True,
b0762f8e41472016f857:glm-5.3,glm-5.3,glm-5.3,True,
4fdead024e9291c74a3b:glm-5.3,glm-5.3,glm-5.3,True,
ba2521fd4994cdb11866:deepseek-v4-pro,deepseek-v4-pro,deepseek-v4-pro,True,
b45d93d192055f4340bb:glm-5.3,glm-5.3,glm-5.3,True,
3c5673204e5525daeca3:deepseek-v4-pro,deepseek-v4-pro,deepseek-v4-pro,True,
ced6c005da3a62ce45e1:MiniMax-M3,MiniMax-M3,MiniMax-M3,True,
5d860567c074477a33b0:deepseek-v4-pro,deepseek-v4-pro,deepseek-v4-pro,True,
a921e070478f1b46f617:deepseek-v4-pro,deepseek-v4-pro,deepseek-v4-pro,True,
3608311fad94eba78a51:glm-5.3,glm-5.3,glm-5.3,True,
b046bda139a873ef117c:deepseek-v4-pro,deepseek-v4-pro,deepseek-v4-pro,True,
24ee95c588c82c56d8f9:glm-5.3,glm-5.3,glm-5.3,True,
b80e977c2523f1ed3ed0:MiniMax-M3,MiniMax-M3,MiniMax-M3,True,
51b6ff14057215cf61d5:MiniMax-M3,MiniMax-M3,MiniMax-M3,True,
904d1a8099614abdf5bb:MiniMax-M3,MiniMax-M3,MiniMax-M3,True,
dbb7b6afcb54aaaebafa:MiniMax-M3,MiniMax-M3,MiniMax-M3,True,
4fdcfe3c281c746e81f4:MiniMax-M3,MiniMax-M3,MiniMax-M3,True,
68d97fd363ce2a08d57f:glm-5.3,glm-5.3,glm-5.3,True,
bc881c564e3409c2f554:deepseek-v4-pro,deepseek-v4-pro,deepseek-v4-pro,True,
54815c1f28f8d402e4e1:deepseek-v4-pro,deepseek-v4-pro,deepseek-v4-pro,True,
7acf312c857faa8405c5:MiniMax-M3,MiniMax-M3,MiniMax-M3,True,
26192a143fb2b323570e:glm-5.3,glm-5.3,glm-5.3,True,
7176efe1d92c3e461e9e:MiniMax-M3,MiniMax-M3,MiniMax-M3,True,
e8489023abc2f2c21bb1:deepseek-v4-pro,deepseek-v4-pro,deepseek-v4-pro,True,
9d0e0371a8ed923e3489:glm-5.3,glm-5.3,glm-5.3,True,
bb345582489c0327fdee:glm-5.3,glm-5.3,glm-5.3,True,
aa79fe2a1d069023e5ac:deepseek-v4-pro,deepseek-v4-pro,deepseek-v4-pro,True,
f2d411617a3ca58a3198:MiniMax-M3,MiniMax-M3,MiniMax-M3,True,
0f11628d7bc6dea90e9d:MiniMax-M3,MiniMax-M3,MiniMax-M3,True,
91e08e73f19fd1c694b3:glm-5.3,glm-5.3,glm-5.3,True,
f206620ff57e74a31e88:deepseek-v4-pro,deepseek-v4-pro,deepseek-v4-pro,True,
7082aa9d32c242c78557:glm-5.3,glm-5.3,glm-5.3,True,
b1957d0fd8f95d519b7d:MiniMax-M3,MiniMax-M3,MiniMax-M3,True,
e417f47104b435c97f92:MiniMax-M3,MiniMax-M3,MiniMax-M3,True,
0dee873fac6f84c6b83f:MiniMax-M3,MiniMax-M3,MiniMax-M3,True,
fc820c11fa1c663621ba:MiniMax-M3,MiniMax-M3,MiniMax-M3,True,
6858089fcbd83caf4a3c:MiniMax-M3,MiniMax-M3,MiniMax-M3,True,
b66377c9baa75a19b95d:MiniMax-M3,MiniMax-M3,MiniMax-M3,True,
596192c92e00fa334196:MiniMax-M3,MiniMax-M3,MiniMax-M3,True,
4c917a2f84ae8f0aed26:deepseek-v4-pro,deepseek-v4-pro,deepseek-v4-pro,True,
8996bbbe9c5e1832f6c4:glm-5.3,glm-5.3,glm-5.3,True,
e74565ba49a81d3981c4:deepseek-v4-pro,deepseek-v4-pro,deepseek-v4-pro,True,
92a425813764f7ff5ca0:MiniMax-M3,MiniMax-M3,MiniMax-M3,True,
1d224d6992aed0c55963:MiniMax-M3,MiniMax-M3,MiniMax-M3,True,
9a432df45b7deabd458c:glm-5.3,glm-5.3,glm-5.3,True,
9d89b37fb93d657c7a9a:MiniMax-M3,MiniMax-M3,MiniMax-M3,True,
e87707c4d71b105b89b4:glm-5.3,glm-5.3,glm-5.3,True,
8c7cc8522a3a9811d97b:MiniMax-M3,MiniMax-M3,MiniMax-M3,True,
18d1f546748da5afc9c1:deepseek-v4-pro,deepseek-v4-pro,deepseek-v4-pro,True,
2c213f12e71a8f69d49a:MiniMax-M3,MiniMax-M3,MiniMax-M3,True,
3c38298078884c46f9f0:MiniMax-M3,MiniMax-M3,MiniMax-M3,True,
a985f1ddf205951ed84b:glm-5.3,glm-5.3,glm-5.3,True,
2f56c589d36201898b24:glm-5.3,glm-5.3,glm-5.3,True,
9e91f664245b535fd4f3:MiniMax-M3,MiniMax-M3,MiniMax-M3,True,
5150e826770bc96bbe99:glm-5.3,glm-5.3,glm-5.3,True,
bf3b2ee280c0e75e57d5:glm-5.3,glm-5.3,glm-5.3,True,
ca01b91b4d578d8d4e4c:MiniMax-M3,MiniMax-M3,MiniMax-M3,True,
e7e76860402ea31dd318:glm-5.3,glm-5.3,glm-5.3,True,
efef6189b7551fb5ce8f:MiniMax-M3,MiniMax-M3,MiniMax-M3,True,
bbf0d9372d2e3861089f:glm-5.3,glm-5.3,glm-5.3,True,
71762a1c0e33003d1021:deepseek-v4-pro,deepseek-v4-pro,deepseek-v4-pro,True,
e184924764a70e4b3086:deepseek-v4-pro,deepseek-v4-pro,deepseek-v4-pro,True,
b0ae84824e8ef5ec411d:glm-5.3,glm-5.3,glm-5.3,True,
080795a5244cc35e1574:MiniMax-M3,MiniMax-M3,MiniMax-M3,True,
5e70c5cf2ac92f46b760:MiniMax-M3,MiniMax-M3,MiniMax-M3,True,
6469221bae835158164d:glm-5.3,glm-5.3,glm-5.3,True,
64d10e890cc422398131:MiniMax-M3,MiniMax-M3,MiniMax-M3,True,
9eb98c3ea8607d413a0d:deepseek-v4-pro,deepseek-v4-pro,deepseek-v4-pro,True,
ccd820b218c77708cd7b:deepseek-v4-pro,deepseek-v4-pro,deepseek-v4-pro,True,
37cf8af549ed4a5d3c60:MiniMax-M3,MiniMax-M3,MiniMax-M3,True,
bed836de703afc07c8a9:deepseek-v4-pro,deepseek-v4-pro,deepseek-v4-pro,True,
ad0ef8804e1e3205d5db:MiniMax-M3,MiniMax-M3,MiniMax-M3,True,
216546e8275f08f6d884:MiniMax-M3,MiniMax-M3,MiniMax-M3,True,
b892d5510cd7f9c798f2:deepseek-v4-pro,deepseek-v4-pro,deepseek-v4-pro,True,
04e97ee5941f3004267a:glm-5.3,glm-5.3,glm-5.3,True,
6e5e241d6cc8ae6994d5:MiniMax-M3,MiniMax-M3,MiniMax-M3,True,
07824e10deba91fe14fb:deepseek-v4-pro,deepseek-v4-pro,deepseek-v4-pro,True,
ca8f8c2004444a3aaded:deepseek-v4-pro,deepseek-v4-pro,deepseek-v4-pro,True,
c17dc7864135b17573df:MiniMax-M3,MiniMax-M3,MiniMax-M3,True,
1822e74155becb36560d:glm-5.3,glm-5.3,glm-5.3,True,
5e2f9f9743ef15b9d91a:MiniMax-M3,MiniMax-M3,MiniMax-M3,True,
d5a8df3d49a8ccdd2ea7:MiniMax-M3,MiniMax-M3,MiniMax-M3,True,
4b1dec86b7f3accb0bb2:deepseek-v4-pro,deepseek-v4-pro,deepseek-v4-pro,True,
c3f0c798e24b4f445627:MiniMax-M3,MiniMax-M3,MiniMax-M3,True,
a7039187392d7ce77298:deepseek-v4-pro,deepseek-v4-pro,deepseek-v4-pro,True,
65104380be05e41a4b32:glm-5.3,glm-5.3,glm-5.3,True,
8f03ba7a6fa177e5e625:deepseek-v4-pro,deepseek-v4-pro,deepseek-v4-pro,True,
884a6d68261c0334b772:MiniMax-M3,MiniMax-M3,MiniMax-M3,True,
28b2a7c1b2e461ef4384:glm-5.3,glm-5.3,glm-5.3,True,
120680bc5df54f5ebd0e:deepseek-v4-pro,deepseek-v4-pro,deepseek-v4-pro,True,
a4dd53503699ec75648b:glm-5.3,glm-5.3,glm-5.3,True,
1a57ed12c1e7811e8306:glm-5.3,glm-5.3,glm-5.3,True,
58c25ae9a47ebc5350bf:deepseek-v4-pro,deepseek-v4-pro,deepseek-v4-pro,True,
1aeb414eedde4ec378b7:deepseek-v4-pro,deepseek-v4-pro,deepseek-v4-pro,True,
9acd01cc9f99ee313aea:deepseek-v4-pro,deepseek-v4-pro,deepseek-v4-pro,True,
c600b2bccc60c7d0a209:glm-5.3,glm-5.3,glm-5.3,True,
4374f8176d7a9a830087:deepseek-v4-pro,deepseek-v4-pro,deepseek-v4-pro,True,
685dd27593770aa1468d:glm-5.3,glm-5.3,glm-5.3,True,
32d8c7d509d3e4233439:glm-5.3,glm-5.3,glm-5.3,True,
7100737a0e8012f78a78:MiniMax-M3,MiniMax-M3,MiniMax-M3,True,
94e6dbca36433221cf31:deepseek-v4-pro,deepseek-v4-pro,deepseek-v4-pro,True,
c9cbef1a76631b82694a:MiniMax-M3,MiniMax-M3,MiniMax-M3,True,
535b406f4a46a3eeb394:MiniMax-M3,MiniMax-M3,MiniMax-M3,True,
d4cc666732be3cb2f2bc:glm-5.3,glm-5.3,glm-5.3,True,
977c555f53624d81e256:glm-5.3,glm-5.3,glm-5.3,True,
81952d856823dd5ec6e7:glm-5.3,glm-5.3,glm-5.3,True,
76697af11a5ccb6b5b70:deepseek-v4-pro,deepseek-v4-pro,deepseek-v4-pro,True,
6305b64050d2bff6377e:deepseek-v4-pro,deepseek-v4-pro,deepseek-v4-pro,True,
9d191896b84a86dfbced:MiniMax-M3,MiniMax-M3,MiniMax-M3,True,
bdbcdde53dc929262e6a:glm-5.3,glm-5.3,glm-5.3,True,
4e81f3b83c9b93fd324c:glm-5.3,glm-5.3,glm-5.3,True,
5c4b11ea16ac1d1b0f84:MiniMax-M3,MiniMax-M3,MiniMax-M3,True,
30d6dcde1ac464ff564d:glm-5.3,glm-5.3,glm-5.3,True,
b2c29c99261e49480293:MiniMax-M3,MiniMax-M3,MiniMax-M3,True,
50fe72c77c5d9f7d356e:MiniMax-M3,MiniMax-M3,MiniMax-M3,True,
862afb33e80df0fc2de9:MiniMax-M3,MiniMax-M3,MiniMax-M3,True,
fda216cef67cec8df18c:deepseek-v4-pro,deepseek-v4-pro,deepseek-v4-pro,True,
1448284dadd44bb35397:deepseek-v4-pro,deepseek-v4-pro,deepseek-v4-pro,True,
efccedb119768759d5aa:deepseek-v4-pro,deepseek-v4-pro,deepseek-v4-pro,True,
8a726d4b6685e9131307:glm-5.3,glm-5.3,glm-5.3,True,
5fb6886391c32078ad40:glm-5.3,glm-5.3,glm-5.3,True,
606d45dee6b43281c932:glm-5.3,glm-5.3,glm-5.3,True,
621db77bd3dd48084a27:MiniMax-M3,MiniMax-M3,MiniMax-M3,True,
cef72856df175dea68cb:MiniMax-M3,MiniMax-M3,MiniMax-M3,True,
4dfc26775593a85a709b:glm-5.3,glm-5.3,glm-5.3,True,
ee13822fc3833a289767:deepseek-v4-pro,deepseek-v4-pro,deepseek-v4-pro,True,
21f1188d26096093e604:glm-5.3,glm-5.3,glm-5.3,True,
411300ed4a42b2960283:glm-5.3,glm-5.3,glm-5.3,True,
b5814c4b3993d11ecc15:deepseek-v4-pro,deepseek-v4-pro,deepseek-v4-pro,True,
0e2c80014e8545c03df0:deepseek-v4-pro,deepseek-v4-pro,deepseek-v4-pro,True,
b2c29c99261e49480293:glm-5.3,glm-5.3,glm-5.3,True,
4f3034a1bb9736498f05:MiniMax-M3,MiniMax-M3,MiniMax-M3,True,
e3457816aee7ce9e6a98:glm-5.3,glm-5.3,glm-5.3,True,
1bc169a7f15a43d497c4:deepseek-v4-pro,deepseek-v4-pro,deepseek-v4-pro,True,
3bc8e0faada2270791a6:glm-5.3,glm-5.3,glm-5.3,True,
05cd68b61c782dac39c2:glm-5.3,glm-5.3,glm-5.3,True,
103888dcc67b248ed21c:deepseek-v4-pro,deepseek-v4-pro,deepseek-v4-pro,True,
4efab93fb05946e92384:MiniMax-M3,MiniMax-M3,MiniMax-M3,True,
7e0bd5fccf2b7ceafd5d:deepseek-v4-pro,deepseek-v4-pro,deepseek-v4-pro,True,
a5d4da66abd74b97acf4:glm-5.3,glm-5.3,glm-5.3,True,
92420e13926b8c13bef0:deepseek-v4-pro,deepseek-v4-pro,deepseek-v4-pro,True,
b261e9a4b53ba14d8c07:deepseek-v4-pro,deepseek-v4-pro,deepseek-v4-pro,True,
d361650cb59c37b390e5:MiniMax-M3,MiniMax-M3,MiniMax-M3,True,
a21557535ed48a17c942:glm-5.3,glm-5.3,glm-5.3,True,
2fd9dfd05313630da17a:glm-5.3,glm-5.3,glm-5.3,True,
9d85b6e2ec90e9d36f6c:MiniMax-M3,MiniMax-M3,MiniMax-M3,True,
abb2e619a6fc26175e40:glm-5.3,glm-5.3,glm-5.3,True,
5a16eab3d63b2a589867:glm-5.3,glm-5.3,glm-5.3,True,
81cf71952cb03775195d:glm-5.3,glm-5.3,glm-5.3,True,
504c9bf2e4de9f4faf77:deepseek-v4-pro,deepseek-v4-pro,deepseek-v4-pro,True,
4d398276ea8563550767:glm-5.3,glm-5.3,glm-5.3,True,
fffc3a7d26768a7c44ad:glm-5.3,glm-5.3,glm-5.3,True,
d2a2e6c646f6fcb9d357:MiniMax-M3,MiniMax-M3,MiniMax-M3,True,
7635375993749d7f21ae:MiniMax-M3,MiniMax-M3,MiniMax-M3,True,
0ba42f6741d03d675a2c:MiniMax-M3,MiniMax-M3,MiniMax-M3,True,
5f8843087e40b27677f8:deepseek-v4-pro,deepseek-v4-pro,deepseek-v4-pro,True,
6fa99c5d54192bc6bbbc:MiniMax-M3,MiniMax-M3,MiniMax-M3,True,
115e7dcfb3c1a95eeb3d:glm-5.3,glm-5.3,glm-5.3,True,
7c585bbbe372fd61753c:deepseek-v4-pro,deepseek-v4-pro,deepseek-v4-pro,True,
0279ee7574cc1e4a3cc4:deepseek-v4-pro,deepseek-v4-pro,deepseek-v4-pro,True,
0a32063185e5887ffcc1:deepseek-v4-pro,deepseek-v4-pro,deepseek-v4-pro,True,
50a507796b7280ce8b1a:glm-5.3,glm-5.3,glm-5.3,True,
73c99d8b65d23367588e:MiniMax-M3,MiniMax-M3,MiniMax-M3,True,
8f410e91c0e17a47000b:deepseek-v4-pro,deepseek-v4-pro,deepseek-v4-pro,True,
90f3f1c40b54dddd1f12:glm-5.3,glm-5.3,glm-5.3,True,
f2e56414d0a3b8c1421a:MiniMax-M3,MiniMax-M3,MiniMax-M3,True,
e2008ad06fa5a8cdeebc:MiniMax-M3,MiniMax-M3,MiniMax-M3,True,
46bd9f98f34090fe4c24:deepseek-v4-pro,deepseek-v4-pro,deepseek-v4-pro,True,
b4d4ab0eb0914794c865:glm-5.3,glm-5.3,glm-5.3,True,
7f7b2d98718050d2d5c6:MiniMax-M3,MiniMax-M3,MiniMax-M3,True,
2c3ed94e8c854305f361:MiniMax-M3,MiniMax-M3,MiniMax-M3,True,
e5ac5673bb6d50e5217c:MiniMax-M3,MiniMax-M3,MiniMax-M3,True,
5609e019facf9e3f7f4a:deepseek-v4-pro,deepseek-v4-pro,deepseek-v4-pro,True,
17f80631c1406f4b2d59:deepseek-v4-pro,deepseek-v4-pro,deepseek-v4-pro,True,
71bea58325e14903437c:MiniMax-M3,MiniMax-M3,MiniMax-M3,True,
67916b43d004f9434d02:glm-5.3,glm-5.3,glm-5.3,True,
36f9e12cc6e789c710c7:deepseek-v4-pro,deepseek-v4-pro,deepseek-v4-pro,True,
2c79b17eaecf03eab324:MiniMax-M3,MiniMax-M3,MiniMax-M3,True,
bb3b82bf60565a15b03f:glm-5.3,glm-5.3,glm-5.3,True,
965a1bae1f778db5ff56:MiniMax-M3,MiniMax-M3,MiniMax-M3,True,
a42ffe68d16a3ec67874:deepseek-v4-pro,deepseek-v4-pro,deepseek-v4-pro,True,
89bb3ff8173d327f94ac:deepseek-v4-pro,deepseek-v4-pro,deepseek-v4-pro,True,
09c8869f1178ffef1561:deepseek-v4-pro,deepseek-v4-pro,deepseek-v4-pro,True,
05da452f8685f3c6f006:deepseek-v4-pro,deepseek-v4-pro,deepseek-v4-pro,True,
f2f08bb3479f4c3e4d9a:deepseek-v4-pro,deepseek-v4-pro,deepseek-v4-pro,True,
1aeb414eedde4ec378b7:glm-5.3,glm-5.3,glm-5.3,True,
30e88a3f2e94692af394:MiniMax-M3,MiniMax-M3,MiniMax-M3,True,
f9cf9b2044fa90cfc026:deepseek-v4-pro,deepseek-v4-pro,deepseek-v4-pro,True,
3f9f0c26d598c9e80a1e:MiniMax-M3,MiniMax-M3,MiniMax-M3,True,
39602f1fb646e40fc50d:MiniMax-M3,MiniMax-M3,MiniMax-M3,True,
a4dde0b8194974b743c3:glm-5.3,glm-5.3,glm-5.3,True,
8ca631166a3def2ce9bb:MiniMax-M3,MiniMax-M3,MiniMax-M3,True,
ca8634b829be3111b4b5:glm-5.3,glm-5.3,glm-5.3,True,
d22294cc82e0c0467e56:glm-5.3,glm-5.3,glm-5.3,True,
dccf78b751af29cc0d38:glm-5.3,glm-5.3,glm-5.3,True,
fcf4f68fc206eec81367:glm-5.3,glm-5.3,glm-5.3,True,
b27d171f7a274a677bb9:deepseek-v4-pro,deepseek-v4-pro,deepseek-v4-pro,True,
d2981b7fc6f068194ac7:glm-5.3,glm-5.3,glm-5.3,True,
409480036132ff9e5e56:glm-5.3,glm-5.3,glm-5.3,True,
3551603dbd21792cc463:MiniMax-M3,MiniMax-M3,MiniMax-M3,True,
7bcc80026bdd9d264e53:MiniMax-M3,MiniMax-M3,MiniMax-M3,True,
4eebee5d8867cdac05c6:MiniMax-M3,MiniMax-M3,MiniMax-M3,True,
0e0f806218a987257cad:deepseek-v4-pro,deepseek-v4-pro,deepseek-v4-pro,True,
1578c74575c1951b0003:glm-5.3,glm-5.3,glm-5.3,True,
c7afa4777b5026c9c810:glm-5.3,glm-5.3,glm-5.3,True,
3348fea3664325ab6365:MiniMax-M3,MiniMax-M3,MiniMax-M3,True,
dd990ef0a8ea67e7ad7a:deepseek-v4-pro,deepseek-v4-pro,deepseek-v4-pro,True,
2535252092b5a8a92ee9:deepseek-v4-pro,deepseek-v4-pro,deepseek-v4-pro,True,
114ca238486ef087fe12:glm-5.3,glm-5.3,glm-5.3,True,
c6d3b0737abe9ca16646:glm-5.3,glm-5.3,glm-5.3,True,
7f7607ca18a5a3a0f1dd:glm-5.3,glm-5.3,glm-5.3,True,
486b3cebfb61e1b51291:MiniMax-M3,MiniMax-M3,MiniMax-M3,True,
14e393efce3081ed0920:deepseek-v4-pro,deepseek-v4-pro,deepseek-v4-pro,True,
cb0d5668c677d9d6f954:glm-5.3,glm-5.3,glm-5.3,True,
9bbeade64291d835217f:deepseek-v4-pro,deepseek-v4-pro,deepseek-v4-pro,True,
f4f20c6e33d753ad1c18:glm-5.3,glm-5.3,glm-5.3,True,
94cafadafa318cd5fb56:MiniMax-M3,MiniMax-M3,MiniMax-M3,True,
2c1d226b175f91611411:glm-5.3,glm-5.3,glm-5.3,True,
f47b3b39dfffad364d36:MiniMax-M3,MiniMax-M3,MiniMax-M3,True,
b66cae01bba82e8761fd:glm-5.3,glm-5.3,glm-5.3,True,
d2be4582f037c421121f:glm-5.3,glm-5.3,glm-5.3,True,
70bcde50d3d2d1e7bd7c:deepseek-v4-pro,deepseek-v4-pro,deepseek-v4-pro,True,
1ab68716594e6d6f548b:MiniMax-M3,MiniMax-M3,MiniMax-M3,True,
7edceed12f5e3917a0b3:MiniMax-M3,MiniMax-M3,MiniMax-M3,True,
74a101aef9bad9f43214:MiniMax-M3,MiniMax-M3,MiniMax-M3,True,
f1a9faa1a466d8d8e866:MiniMax-M3,MiniMax-M3,MiniMax-M3,True,
e98daaaef70d3bc9daa1:MiniMax-M3,MiniMax-M3,MiniMax-M3,True,
ce83d0ef0ef6d611da2f:glm-5.3,glm-5.3,glm-5.3,True,
ccb23367eb7e4c4a7044:deepseek-v4-pro,deepseek-v4-pro,deepseek-v4-pro,True,
53b753378403d109f883:deepseek-v4-pro,deepseek-v4-pro,deepseek-v4-pro,True,
0d09e636be3dd4eccdf7:MiniMax-M3,MiniMax-M3,MiniMax-M3,True,
17a80f1075d5d31a5b2c:deepseek-v4-pro,deepseek-v4-pro,deepseek-v4-pro,True,
7d8490fc25aeeb7912ea:deepseek-v4-pro,deepseek-v4-pro,deepseek-v4-pro,True,
470ddf73ee48fd59fb5d:deepseek-v4-pro,deepseek-v4-pro,deepseek-v4-pro,True,
9d0e0371a8ed923e3489:deepseek-v4-pro,deepseek-v4-pro,deepseek-v4-pro,True,
c729fa50e3bb3dc93bcf:deepseek-v4-pro,deepseek-v4-pro,deepseek-v4-pro,True,
0e9aba35d9a041ef92db:MiniMax-M3,MiniMax-M3,MiniMax-M3,True,
4825ad350a32bf99fe27:MiniMax-M3,MiniMax-M3,MiniMax-M3,True,
a4e51b6df2b7a55386ea:deepseek-v4-pro,deepseek-v4-pro,deepseek-v4-pro,True,
7d6cbb289d0788881bf4:deepseek-v4-pro,deepseek-v4-pro,deepseek-v4-pro,True,
96777925232dc2fb87d0:MiniMax-M3,MiniMax-M3,MiniMax-M3,True,
fe517f9d968c88a5441c:glm-5.3,glm-5.3,glm-5.3,True,
089ab3596012d3662ab1:deepseek-v4-pro,deepseek-v4-pro,deepseek-v4-pro,True,
419d7d3907391bb34c89:deepseek-v4-pro,deepseek-v4-pro,deepseek-v4-pro,True,
03d676cce4c87b905fdd:glm-5.3,glm-5.3,glm-5.3,True,
517a45c6d9c38f01ad62:glm-5.3,glm-5.3,glm-5.3,True,
b64772fa883455075f7e:glm-5.3,glm-5.3,glm-5.3,True,
b9001273725bd22d74be:MiniMax-M3,MiniMax-M3,MiniMax-M3,True,
2f24d129d1ef946d0290:deepseek-v4-pro,deepseek-v4-pro,deepseek-v4-pro,True,
a3626ebf204ffa69a3a1:deepseek-v4-pro,deepseek-v4-pro,deepseek-v4-pro,True,
df3e4e10ac5051a72a4d:glm-5.3,glm-5.3,glm-5.3,True,
f2505565a3a513b28171:MiniMax-M3,MiniMax-M3,MiniMax-M3,True,
4415f247fb99a31960ab:MiniMax-M3,MiniMax-M3,MiniMax-M3,True,
1d803d1fd9ece9a17cb3:glm-5.3,glm-5.3,glm-5.3,True,
ad55168451d255b28454:deepseek-v4-pro,deepseek-v4-pro,deepseek-v4-pro,True,
6532c7e2cc3f635732f5:glm-5.3,glm-5.3,glm-5.3,True,
4a4634f3ee12efa5de81:MiniMax-M3,MiniMax-M3,MiniMax-M3,True,
61ea44cdb302832c5180:glm-5.3,glm-5.3,glm-5.3,True,
4fa85796f7182b79ee53:deepseek-v4-pro,deepseek-v4-pro,deepseek-v4-pro,True,
f0a24012e4b6b83711cd:deepseek-v4-pro,deepseek-v4-pro,deepseek-v4-pro,True,
dbb46bba68f5cdddd3b4:MiniMax-M3,MiniMax-M3,MiniMax-M3,True,
f885ff5937b7d9a46edf:glm-5.3,glm-5.3,glm-5.3,True,
7287d128db133dcf7683:MiniMax-M3,MiniMax-M3,MiniMax-M3,True,
ffbe6f1b6f67e67729f8:glm-5.3,glm-5.3,glm-5.3,True,
8096f8882b9b47269e11:deepseek-v4-pro,deepseek-v4-pro,deepseek-v4-pro,True,
910f53ac6d7247cbd031:deepseek-v4-pro,deepseek-v4-pro,deepseek-v4-pro,True,
24c41fc393f835171b5e:MiniMax-M3,MiniMax-M3,MiniMax-M3,True,
cfafd000cfc3b0fbb2b1:deepseek-v4-pro,deepseek-v4-pro,deepseek-v4-pro,True,
626366fd5fa898cf6805:deepseek-v4-pro,deepseek-v4-pro,deepseek-v4-pro,True,
380b89f803cf6ae2def9:MiniMax-M3,MiniMax-M3,MiniMax-M3,True,
b4ab2c0277f015a2ad18:glm-5.3,glm-5.3,glm-5.3,True,
0e7bce6f19d3f96e712f:glm-5.3,glm-5.3,glm-5.3,True,
d44def6d0ff4eb4c4646:deepseek-v4-pro,deepseek-v4-pro,deepseek-v4-pro,True,
19c7f3c0d4ecdb30e9e7:MiniMax-M3,MiniMax-M3,MiniMax-M3,True,
1ab34558fa95ad3ccae4:deepseek-v4-pro,deepseek-v4-pro,deepseek-v4-pro,True,
9508dc4f853d62ae4eb9:glm-5.3,glm-5.3,glm-5.3,True,
5acaa266866f8f01d974:MiniMax-M3,MiniMax-M3,MiniMax-M3,True,
08115bf8509c51b4010a:MiniMax-M3,MiniMax-M3,MiniMax-M3,True,
4a644bedc5f5133f2ee9:glm-5.3,glm-5.3,glm-5.3,True,
84e822842a35f4660a91:MiniMax-M3,MiniMax-M3,MiniMax-M3,True,
41e20ab685b4bb5e406a:MiniMax-M3,MiniMax-M3,MiniMax-M3,True,
f3080bf065bb94d9843f:glm-5.3,glm-5.3,glm-5.3,True,
d3846f2ac6732bc9eb16:MiniMax-M3,MiniMax-M3,MiniMax-M3,True,
3857845fc8287aa8aea3:MiniMax-M3,MiniMax-M3,MiniMax-M3,True,
2dafd181aa021f8a3f8e:glm-5.3,glm-5.3,glm-5.3,True,
5c091eaccc8d9ea764c5:MiniMax-M3,MiniMax-M3,MiniMax-M3,True,
dc4ee310257d103f0e6e:MiniMax-M3,MiniMax-M3,MiniMax-M3,True,
e46d0d432d5f86f5a0c5:deepseek-v4-pro,deepseek-v4-pro,deepseek-v4-pro,True,
118cd4275d6c9276f54d:deepseek-v4-pro,deepseek-v4-pro,deepseek-v4-pro,True,
da8f00c9fbcb64a4c9f9:deepseek-v4-pro,deepseek-v4-pro,deepseek-v4-pro,True,
d3471ebf02e3be3cea28:glm-5.3,glm-5.3,glm-5.3,True,
2a10fc7ecf680d0c7069:MiniMax-M3,MiniMax-M3,MiniMax-M3,True,
04d8fa454838d491a471:MiniMax-M3,MiniMax-M3,MiniMax-M3,True,
5a9f201635b2b5f00fd4:MiniMax-M3,MiniMax-M3,MiniMax-M3,True,
35c0c60377aaa846f2d7:glm-5.3,glm-5.3,glm-5.3,True,
23bb19b3b8e9ee7caa13:deepseek-v4-pro,deepseek-v4-pro,deepseek-v4-pro,True,
337dc4fcde3a373fdfdf:MiniMax-M3,MiniMax-M3,MiniMax-M3,True,
111e6ad03e43f3056a38:deepseek-v4-pro,deepseek-v4-pro,deepseek-v4-pro,True,
363a13545cbd81c02341:deepseek-v4-pro,deepseek-v4-pro,deepseek-v4-pro,True,
a48723d020382b51af6c:glm-5.3,glm-5.3,glm-5.3,True,
9be9a8ac2c77cacef81e:MiniMax-M3,MiniMax-M3,MiniMax-M3,True,
4bbcb8f114fcf9c13652:MiniMax-M3,MiniMax-M3,MiniMax-M3,True,
cefd483d07a9d4afcb4d:MiniMax-M3,MiniMax-M3,MiniMax-M3,True,
1223e1ada4fb45f03046:glm-5.3,glm-5.3,glm-5.3,True,
1f9bd5793ebc87dcbe41:deepseek-v4-pro,deepseek-v4-pro,deepseek-v4-pro,True,
ad74e8e53608e63f0822:deepseek-v4-pro,deepseek-v4-pro,deepseek-v4-pro,True,
bafeba21d2909161aee3:glm-5.3,glm-5.3,glm-5.3,True,
6b905cd69865e7c42469:MiniMax-M3,MiniMax-M3,MiniMax-M3,True,
a0ce202ff3e36fa1e06e:MiniMax-M3,MiniMax-M3,MiniMax-M3,True,
011e1aab08d00d78abe7:deepseek-v4-pro,deepseek-v4-pro,deepseek-v4-pro,True,
c729fa50e3bb3dc93bcf:glm-5.3,glm-5.3,glm-5.3,True,
244fd3eb022046b4a652:glm-5.3,glm-5.3,glm-5.3,True,
a0a8cf0b57d319092de1:glm-5.3,glm-5.3,glm-5.3,True,
dd4c4a164b3b59383e47:glm-5.3,glm-5.3,glm-5.3,True,
20be1cdbdd0f9d82ccd5:deepseek-v4-pro,deepseek-v4-pro,deepseek-v4-pro,True,
597a48fc5700148cb705:deepseek-v4-pro,deepseek-v4-pro,deepseek-v4-pro,True,
1de4c8354054556b3cf1:glm-5.3,glm-5.3,glm-5.3,True,
335563a5703a039b9025:deepseek-v4-pro,deepseek-v4-pro,deepseek-v4-pro,True,
9cb5999c66467a43b651:MiniMax-M3,MiniMax-M3,MiniMax-M3,True,
353e88e98341ceb78bbe:MiniMax-M3,MiniMax-M3,MiniMax-M3,True,
0bee7af772e2de7970b3:deepseek-v4-pro,deepseek-v4-pro,deepseek-v4-pro,True,
1f75013c75c3d1a30400:MiniMax-M3,MiniMax-M3,MiniMax-M3,True,
185195e3016914102645:MiniMax-M3,MiniMax-M3,MiniMax-M3,True,
c8cb8818cdd1d0163cff:deepseek-v4-pro,deepseek-v4-pro,deepseek-v4-pro,True,
0a5aac4ae99e3e4f9040:MiniMax-M3,MiniMax-M3,MiniMax-M3,True,
7813269a78433a4faca7:glm-5.3,glm-5.3,glm-5.3,True,
01507ffd202a6815f36b:glm-5.3,glm-5.3,glm-5.3,True,
cdae390be2a7519d27df:deepseek-v4-pro,deepseek-v4-pro,deepseek-v4-pro,True,
236e02bc9f470c2cfae3:glm-5.3,glm-5.3,glm-5.3,True,
4ab3ec8b5ce6ffeca48d:deepseek-v4-pro,deepseek-v4-pro,deepseek-v4-pro,True,
62cfd7f74dd95cd2a3b0:deepseek-v4-pro,deepseek-v4-pro,deepseek-v4-pro,True,
4d2aaac999330385e855:deepseek-v4-pro,deepseek-v4-pro,deepseek-v4-pro,True,
d5ffa0129329c1a81341:MiniMax-M3,MiniMax-M3,MiniMax-M3,True,
589af96ed8d60b0d49a7:MiniMax-M3,MiniMax-M3,MiniMax-M3,True,
0e81ef2e3fcc25e040c2:deepseek-v4-pro,deepseek-v4-pro,deepseek-v4-pro,True,
894c89304ed3da0bc912:glm-5.3,glm-5.3,glm-5.3,True,
e853f9e123c1a3329b25:deepseek-v4-pro,deepseek-v4-pro,deepseek-v4-pro,True,
412c08706930e348afdd:deepseek-v4-pro,deepseek-v4-pro,deepseek-v4-pro,True,
f8953333976b8b747a76:deepseek-v4-pro,deepseek-v4-pro,deepseek-v4-pro,True,
b47b89419eed07d11dac:MiniMax-M3,MiniMax-M3,MiniMax-M3,True,
14b64ebf0f2c52b8a04b:glm-5.3,glm-5.3,glm-5.3,True,
4ebc0639a2f5efcc9b64:MiniMax-M3,MiniMax-M3,MiniMax-M3,True,
b6cf436c2f77fe8e6c62:glm-5.3,glm-5.3,glm-5.3,True,
3fe1ad865c1ed0884d2b:glm-5.3,glm-5.3,glm-5.3,True,
716c17fb6e069aa99a78:glm-5.3,glm-5.3,glm-5.3,True,
09e81cebfdea4e58c9b7:MiniMax-M3,MiniMax-M3,MiniMax-M3,True,
09c8869f1178ffef1561:glm-5.3,glm-5.3,glm-5.3,True,
d2a2e6c646f6fcb9d357:deepseek-v4-pro,deepseek-v4-pro,deepseek-v4-pro,True,
984cfeb293f7a9cf787d:glm-5.3,glm-5.3,glm-5.3,True,
e5418fcaf13742cb39d0:deepseek-v4-pro,deepseek-v4-pro,deepseek-v4-pro,True,
14c70cf76c45b88d4fd0:MiniMax-M3,MiniMax-M3,MiniMax-M3,True,
3eaa90f36645c6d826fe:deepseek-v4-pro,deepseek-v4-pro,deepseek-v4-pro,True,
5231eff0ffe2237272a7:deepseek-v4-pro,deepseek-v4-pro,deepseek-v4-pro,True,
f14906cc629dac83bca1:deepseek-v4-pro,deepseek-v4-pro,deepseek-v4-pro,True,
30ce6f42ff571f94772e:MiniMax-M3,MiniMax-M3,MiniMax-M3,True,
5b2f67bb492ac61ad604:MiniMax-M3,MiniMax-M3,MiniMax-M3,True,
9cc7cd5007d1b5f28315:glm-5.3,glm-5.3,glm-5.3,True,
9849734664fa49ac69cb:MiniMax-M3,MiniMax-M3,MiniMax-M3,True,
f234712ae6d53cc3e3cd:glm-5.3,glm-5.3,glm-5.3,True,
0a073f3f0656771c7e20:deepseek-v4-pro,deepseek-v4-pro,deepseek-v4-pro,True,
351cf616867077658d3d:deepseek-v4-pro,deepseek-v4-pro,deepseek-v4-pro,True,
ca659ddcf44a26532a79:MiniMax-M3,MiniMax-M3,MiniMax-M3,True,
3a0d9c7dc408eadd8616:deepseek-v4-pro,deepseek-v4-pro,deepseek-v4-pro,True,
769915485e04230ccffc:deepseek-v4-pro,deepseek-v4-pro,deepseek-v4-pro,True,
6250c386f308ddd8b69b:deepseek-v4-pro,deepseek-v4-pro,deepseek-v4-pro,True,
f855aae1ed6edea3643a:deepseek-v4-pro,deepseek-v4-pro,deepseek-v4-pro,True,
f807064fc8965523e3d4:deepseek-v4-pro,deepseek-v4-pro,deepseek-v4-pro,True,
9f9250c404d245f05e94:glm-5.3,glm-5.3,glm-5.3,True,
6123775d18fba33ee55b:MiniMax-M3,MiniMax-M3,MiniMax-M3,True,
54815c1f28f8d402e4e1:MiniMax-M3,MiniMax-M3,MiniMax-M3,True,
78bd10f0627fcdb2fbba:MiniMax-M3,MiniMax-M3,MiniMax-M3,True,
b8fdb864dc97a996a48b:glm-5.3,glm-5.3,glm-5.3,True,
6fa99c5d54192bc6bbbc:glm-5.3,glm-5.3,glm-5.3,True,
4d3c63d1406691f68556:glm-5.3,glm-5.3,glm-5.3,True,
34822b844fff09cbcfc2:deepseek-v4-pro,deepseek-v4-pro,deepseek-v4-pro,True,
efeb89efed30e70a059b:deepseek-v4-pro,deepseek-v4-pro,deepseek-v4-pro,True,
26c3d590aad03f70a27b:deepseek-v4-pro,deepseek-v4-pro,deepseek-v4-pro,True,
23cab94cf708dd240a69:glm-5.3,glm-5.3,glm-5.3,True,
310dec674b7198a40a13:glm-5.3,glm-5.3,glm-5.3,True,
db2cb39519ae281bfdba:deepseek-v4-pro,deepseek-v4-pro,deepseek-v4-pro,True,
7216e0da74eed1534cd2:MiniMax-M3,MiniMax-M3,MiniMax-M3,True,
65657df546b9aed5e6d7:glm-5.3,glm-5.3,glm-5.3,True,
9e91f664245b535fd4f3:deepseek-v4-pro,deepseek-v4-pro,deepseek-v4-pro,True,
42d53773b2fc2decbf4d:MiniMax-M3,MiniMax-M3,MiniMax-M3,True,
c0154c62502d4b90790a:MiniMax-M3,MiniMax-M3,MiniMax-M3,True,
fa028dca8e7134bfc81f:glm-5.3,glm-5.3,glm-5.3,True,
539a7bd41eabf1da7066:deepseek-v4-pro,deepseek-v4-pro,deepseek-v4-pro,True,
eb03fd0322e94d8a666f:deepseek-v4-pro,deepseek-v4-pro,deepseek-v4-pro,True,
50aba147c04056b36631:glm-5.3,glm-5.3,glm-5.3,True,
52e186c6f90b42386819:glm-5.3,glm-5.3,glm-5.3,True,
6f577fa458f07e034c8c:deepseek-v4-pro,deepseek-v4-pro,deepseek-v4-pro,True,
1c2bda3a3a021ffe9d81:deepseek-v4-pro,deepseek-v4-pro,deepseek-v4-pro,True,
8dbdb03ff9f13f271da0:MiniMax-M3,MiniMax-M3,MiniMax-M3,True,
252f7cc90a7e53723316:glm-5.3,glm-5.3,glm-5.3,True,
239e5a284453c0420ab7:MiniMax-M3,MiniMax-M3,MiniMax-M3,True,
fb0e4ea93f22030686af:glm-5.3,glm-5.3,glm-5.3,True,
903b9800a22cef0ca05c:deepseek-v4-pro,deepseek-v4-pro,deepseek-v4-pro,True,
c13326700cd3a5767a5c:MiniMax-M3,MiniMax-M3,MiniMax-M3,True,
be1f8bb6867f8b5c665f:glm-5.3,glm-5.3,glm-5.3,True,
7d35d8207b07ab74e6d6:deepseek-v4-pro,deepseek-v4-pro,deepseek-v4-pro,True,
a7ec5b5a328b914fd559:deepseek-v4-pro,deepseek-v4-pro,deepseek-v4-pro,True,
010746765be3882ee78a:glm-5.3,glm-5.3,glm-5.3,True,
13125c99fada688d1b20:glm-5.3,glm-5.3,glm-5.3,True,
66f031eecb333b3fd1e8:MiniMax-M3,MiniMax-M3,MiniMax-M3,True,
a455d77c9eb32168f297:MiniMax-M3,MiniMax-M3,MiniMax-M3,True,
ff81d12814ea66cb8897:glm-5.3,glm-5.3,glm-5.3,True,
6adeb86587431e51928e:MiniMax-M3,MiniMax-M3,MiniMax-M3,True,
424b9977d2fb7bc9f6cf:MiniMax-M3,MiniMax-M3,MiniMax-M3,True,
943b5f57df1a81f3cc9c:deepseek-v4-pro,deepseek-v4-pro,deepseek-v4-pro,True,
78d6356c647525e14f8f:MiniMax-M3,MiniMax-M3,MiniMax-M3,True,
73b173362cd25823f039:deepseek-v4-pro,deepseek-v4-pro,deepseek-v4-pro,True,
a38031c77b36afacbcdb:glm-5.3,glm-5.3,glm-5.3,True,
5bec2a1f434f600c1643:glm-5.3,glm-5.3,glm-5.3,True,
e5cd4b902f3527769530:MiniMax-M3,MiniMax-M3,MiniMax-M3,True,
ca921ad6676c91c0f8be:deepseek-v4-pro,deepseek-v4-pro,deepseek-v4-pro,True,
f7eade04f2bcf45d23bb:glm-5.3,glm-5.3,glm-5.3,True,
65441cf5c9543991f048:glm-5.3,glm-5.3,glm-5.3,True,
9d89b37fb93d657c7a9a:glm-5.3,glm-5.3,glm-5.3,True,
dd4c4a164b3b59383e47:MiniMax-M3,MiniMax-M3,MiniMax-M3,True,
8a298139559199721ad3:deepseek-v4-pro,deepseek-v4-pro,deepseek-v4-pro,True,
e902c95c9b04d5ec0dfc:MiniMax-M3,MiniMax-M3,MiniMax-M3,True,
57eb43d6e75a8b1fd805:MiniMax-M3,MiniMax-M3,MiniMax-M3,True,
2c8e05011e0821a23417:deepseek-v4-pro,deepseek-v4-pro,deepseek-v4-pro,True,
201cad739b02a5870085:deepseek-v4-pro,deepseek-v4-pro,deepseek-v4-pro,True,
71b892600e41c6897930:MiniMax-M3,MiniMax-M3,MiniMax-M3,True,
a8691b7d732de57e1143:deepseek-v4-pro,deepseek-v4-pro,deepseek-v4-pro,True,
b414a340aa47efce52bd:deepseek-v4-pro,deepseek-v4-pro,deepseek-v4-pro,True,
bd66956e28892d04dd64:MiniMax-M3,MiniMax-M3,MiniMax-M3,True,
e46d0d432d5f86f5a0c5:MiniMax-M3,MiniMax-M3,MiniMax-M3,True,
3bb17c6c3694b8c773e0:MiniMax-M3,MiniMax-M3,MiniMax-M3,True,
b302ca1863fac179ff29:MiniMax-M3,MiniMax-M3,MiniMax-M3,True,
2c1d226b175f91611411:deepseek-v4-pro,deepseek-v4-pro,deepseek-v4-pro,True,
ccec56b415f027821fe8:glm-5.3,glm-5.3,glm-5.3,True,
124dd25dda15f3c9ed5c:glm-5.3,glm-5.3,glm-5.3,True,
48efa675f24be3fc60e1:glm-5.3,glm-5.3,glm-5.3,True,
ca6710aa51430f33836b:MiniMax-M3,MiniMax-M3,MiniMax-M3,True,
bfb2456f7512c2a5f59f:glm-5.3,glm-5.3,glm-5.3,True,
372f350958a23d84a006:glm-5.3,glm-5.3,glm-5.3,True,
ff056babef562d1100cf:MiniMax-M3,MiniMax-M3,MiniMax-M3,True,
1b3ff02f50b3ff29acb1:glm-5.3,glm-5.3,glm-5.3,True,
09f8289b3980620f1f08:MiniMax-M3,MiniMax-M3,MiniMax-M3,True,
d1e5da24f9642a3a5049:glm-5.3,glm-5.3,glm-5.3,True,
d108fbb2503ee3091767:deepseek-v4-pro,deepseek-v4-pro,deepseek-v4-pro,True,
778e5186ce80f74b3c19:MiniMax-M3,MiniMax-M3,MiniMax-M3,True,
e4935740f1b6b934e834:glm-5.3,glm-5.3,glm-5.3,True,
5742f80af9616f36c22e:MiniMax-M3,MiniMax-M3,MiniMax-M3,True,
692263380512b038986b:glm-5.3,glm-5.3,glm-5.3,True,
13949044fec39e87f0c0:MiniMax-M3,MiniMax-M3,MiniMax-M3,True,
cad6e43effd5396fe434:deepseek-v4-pro,deepseek-v4-pro,deepseek-v4-pro,True,
f5a6e8b4f6d99d7d90b1:deepseek-v4-pro,deepseek-v4-pro,deepseek-v4-pro,True,
9f07757a1ecd8169d29e:MiniMax-M3,MiniMax-M3,MiniMax-M3,True,
fa33a93102eec72e1493:glm-5.3,glm-5.3,glm-5.3,True,
ea097e55e41dd3ded837:glm-5.3,glm-5.3,glm-5.3,True,
322aabe94a587278b435:deepseek-v4-pro,deepseek-v4-pro,deepseek-v4-pro,True,
1174e03ed1350ce96d01:glm-5.3,glm-5.3,glm-5.3,True,
0279ee7574cc1e4a3cc4:glm-5.3,glm-5.3,glm-5.3,True,
e0c8af39b7d68fce0341:MiniMax-M3,MiniMax-M3,MiniMax-M3,True,
b13671c79eedd7689fc6:glm-5.3,glm-5.3,glm-5.3,True,
9d59f0b458c43f5becbd:MiniMax-M3,MiniMax-M3,MiniMax-M3,True,
85dde229e4b6eab3fc59:deepseek-v4-pro,deepseek-v4-pro,deepseek-v4-pro,True,
a4105329912ec26b9dbb:glm-5.3,glm-5.3,glm-5.3,True,
5b8a54082a984650927b:deepseek-v4-pro,deepseek-v4-pro,deepseek-v4-pro,True,
1641981f1e69cee47aa1:glm-5.3,glm-5.3,glm-5.3,True,
50aafe2704e32942598b:deepseek-v4-pro,deepseek-v4-pro,deepseek-v4-pro,True,
137d503e6a2b4b4b6940:deepseek-v4-pro,deepseek-v4-pro,deepseek-v4-pro,True,
3ec7b9adb39e46341911:deepseek-v4-pro,deepseek-v4-pro,deepseek-v4-pro,True,
fc7524752d04928fe3d7:glm-5.3,glm-5.3,glm-5.3,True,
cc137343d8ec5fc28174:glm-5.3,glm-5.3,glm-5.3,True,
e72bd0d1bff24dcae89d:deepseek-v4-pro,deepseek-v4-pro,deepseek-v4-pro,True,
0620f4a04fe007140579:MiniMax-M3,MiniMax-M3,MiniMax-M3,True,
618ef08fbdfbd90e4cbd:glm-5.3,glm-5.3,glm-5.3,True,
fb1fc1225cb08dc499c4:glm-5.3,glm-5.3,glm-5.3,True,
4e24c726dc8a1ddf4f3c:glm-5.3,glm-5.3,glm-5.3,True,
ff6c0de6510ab8b900c8:MiniMax-M3,MiniMax-M3,MiniMax-M3,True,
050f9e8f1a7421921f64:glm-5.3,glm-5.3,glm-5.3,True,
2e24bd46aeb28b866dd5:glm-5.3,glm-5.3,glm-5.3,True,
efd0601c193a8a79fd65:glm-5.3,glm-5.3,glm-5.3,True,
14e21113a27517d3fdca:deepseek-v4-pro,deepseek-v4-pro,deepseek-v4-pro,True,
d01da258d383ed5b8023:MiniMax-M3,MiniMax-M3,MiniMax-M3,True,
d7ed2862c0753c25e2e4:glm-5.3,glm-5.3,glm-5.3,True,
d2a814b82092eca36634:deepseek-v4-pro,deepseek-v4-pro,deepseek-v4-pro,True,
411300ed4a42b2960283:MiniMax-M3,MiniMax-M3,MiniMax-M3,True,
2001153a8c79c59d26b1:glm-5.3,glm-5.3,glm-5.3,True,
2986753766225c3f4be5:glm-5.3,glm-5.3,glm-5.3,True,
fcb6e243c6367dd18a91:MiniMax-M3,MiniMax-M3,MiniMax-M3,True,
bd50bb098b352c2d65c4:MiniMax-M3,MiniMax-M3,MiniMax-M3,True,
d8692efad0dc1bbc29e0:MiniMax-M3,MiniMax-M3,MiniMax-M3,True,
760b34839849f292a465:deepseek-v4-pro,deepseek-v4-pro,deepseek-v4-pro,True,
716c17fb6e069aa99a78:deepseek-v4-pro,deepseek-v4-pro,deepseek-v4-pro,True,
e141900481170104d394:MiniMax-M3,MiniMax-M3,MiniMax-M3,True,
b018f1c9128f7f711c12:MiniMax-M3,MiniMax-M3,MiniMax-M3,True,
87428643b6a16ce1ae74:deepseek-v4-pro,deepseek-v4-pro,deepseek-v4-pro,True,
bb758d07c66be9a0c004:glm-5.3,glm-5.3,glm-5.3,True,
ea4df5f42a48bb736f7b:MiniMax-M3,MiniMax-M3,MiniMax-M3,True,
98484f9e686475462879:glm-5.3,glm-5.3,glm-5.3,True,
add9dbfd2383b17a563e:deepseek-v4-pro,deepseek-v4-pro,deepseek-v4-pro,True,
aa6613e5c028ffda8aba:MiniMax-M3,MiniMax-M3,MiniMax-M3,True,
1007dfc97870bd1cf9f4:deepseek-v4-pro,deepseek-v4-pro,deepseek-v4-pro,True,
f8d6b0443932c81dd071:MiniMax-M3,MiniMax-M3,MiniMax-M3,True,
e7e76860402ea31dd318:MiniMax-M3,MiniMax-M3,MiniMax-M3,True,
6ac47dc1ee4805792f42:glm-5.3,glm-5.3,glm-5.3,True,
ff7b158ce02134446aef:glm-5.3,glm-5.3,glm-5.3,True,
82fd1342959843f01222:glm-5.3,glm-5.3,glm-5.3,True,
1007dfc97870bd1cf9f4:MiniMax-M3,MiniMax-M3,MiniMax-M3,True,
ba3aa650ecc52367e185:MiniMax-M3,MiniMax-M3,MiniMax-M3,True,
c2f14148f4bdcdd3805c:glm-5.3,glm-5.3,glm-5.3,True,
7ec10bc739f7f6100a21:MiniMax-M3,MiniMax-M3,MiniMax-M3,True,
6c10348dd76dd372b383:deepseek-v4-pro,deepseek-v4-pro,deepseek-v4-pro,True,
c1bbe003f38577247e8e:glm-5.3,glm-5.3,glm-5.3,True,
6123775d18fba33ee55b:deepseek-v4-pro,deepseek-v4-pro,deepseek-v4-pro,True,
6ac36688538cd7ae0d3c:deepseek-v4-pro,deepseek-v4-pro,deepseek-v4-pro,True,
03449a01187644d4ea09:deepseek-v4-pro,deepseek-v4-pro,deepseek-v4-pro,True,
eca408bc4f1d16a0618a:glm-5.3,glm-5.3,glm-5.3,True,
2f8083a3036b6b618df7:deepseek-v4-pro,deepseek-v4-pro,deepseek-v4-pro,True,
8537339836a79b0a44d5:glm-5.3,glm-5.3,glm-5.3,True,
b0363a30c1d006d193ea:glm-5.3,glm-5.3,glm-5.3,True,
9f1d7a7a8bdf60bb60e5:deepseek-v4-pro,deepseek-v4-pro,deepseek-v4-pro,True,
391a781afcbcec3c87ff:MiniMax-M3,MiniMax-M3,MiniMax-M3,True,
d7ed2862c0753c25e2e4:deepseek-v4-pro,deepseek-v4-pro,deepseek-v4-pro,True,
3a619b66cb4a07ea0d7c:glm-5.3,glm-5.3,glm-5.3,True,
b32074207e254f8e5f2b:glm-5.3,glm-5.3,glm-5.3,True,
bf3b2ee280c0e75e57d5:MiniMax-M3,MiniMax-M3,MiniMax-M3,True,
cd63caca41e6ccd04e6f:deepseek-v4-pro,deepseek-v4-pro,deepseek-v4-pro,True,
a022b3d5a0d7e99a707d:glm-5.3,glm-5.3,glm-5.3,True,
9773dafebb6443525bbc:MiniMax-M3,MiniMax-M3,MiniMax-M3,True,
2dc611bb747dada033ba:glm-5.3,glm-5.3,glm-5.3,True,
7b48b8341b45ab4400d7:glm-5.3,glm-5.3,glm-5.3,True,
6528f424c94038903fed:deepseek-v4-pro,deepseek-v4-pro,deepseek-v4-pro,True,
40347447d9f8b3f6b530:glm-5.3,glm-5.3,glm-5.3,True,
62bb38f81b7187ba4ab9:glm-5.3,glm-5.3,glm-5.3,True,
022b79b62039cb85ac21:deepseek-v4-pro,deepseek-v4-pro,deepseek-v4-pro,True,
bd1e6cfb886923de3584:MiniMax-M3,MiniMax-M3,MiniMax-M3,True,
d2f95cae761f8893d10b:deepseek-v4-pro,deepseek-v4-pro,deepseek-v4-pro,True,
ccdf0f2548e8f10fcad9:deepseek-v4-pro,deepseek-v4-pro,deepseek-v4-pro,True,
3527ea057e2f8ae72e03:MiniMax-M3,MiniMax-M3,MiniMax-M3,True,
a1560b969a98a2107d44:deepseek-v4-pro,deepseek-v4-pro,deepseek-v4-pro,True,
3beadf05e80f10f4f706:glm-5.3,glm-5.3,glm-5.3,True,
72d4e6a8f34400eb3e94:glm-5.3,glm-5.3,glm-5.3,True,
5e70c5cf2ac92f46b760:glm-5.3,glm-5.3,glm-5.3,True,
df864a51149d4fc7041a:deepseek-v4-pro,deepseek-v4-pro,deepseek-v4-pro,True,
52e387754d41a9a95c07:MiniMax-M3,MiniMax-M3,MiniMax-M3,True,
18cf5337e4bcc46d2805:glm-5.3,glm-5.3,glm-5.3,True,
f4181e7f32c3c32cf13b:MiniMax-M3,MiniMax-M3,MiniMax-M3,True,
497517aa4f40eb2ecf71:MiniMax-M3,MiniMax-M3,MiniMax-M3,True,
0b49c616edea9ca193ce:MiniMax-M3,MiniMax-M3,MiniMax-M3,True,
ccccf06b13cb468458bc:deepseek-v4-pro,deepseek-v4-pro,deepseek-v4-pro,True,
660d0bdd84c288d64b95:glm-5.3,glm-5.3,glm-5.3,True,
91f1a3be059f224f5d93:deepseek-v4-pro,deepseek-v4-pro,deepseek-v4-pro,True,
4807ab570951224a57f3:MiniMax-M3,MiniMax-M3,MiniMax-M3,True,
dedba43b9a93942e2bd8:deepseek-v4-pro,deepseek-v4-pro,deepseek-v4-pro,True,
9f1f7c7645d86cc95c03:deepseek-v4-pro,deepseek-v4-pro,deepseek-v4-pro,True,
b2d87087e2033f751641:MiniMax-M3,MiniMax-M3,MiniMax-M3,True,
1c5d864fb4f7b6f8301e:MiniMax-M3,MiniMax-M3,MiniMax-M3,True,
0e5b51561e62399fc0d1:glm-5.3,glm-5.3,glm-5.3,True,
93dab07901b2bae0b962:deepseek-v4-pro,deepseek-v4-pro,deepseek-v4-pro,True,
49fed5d6aa43e7dc2fff:glm-5.3,glm-5.3,glm-5.3,True,
e9146080320341341f9d:MiniMax-M3,MiniMax-M3,MiniMax-M3,True,
4d5e70246f4fee788e41:glm-5.3,glm-5.3,glm-5.3,True,
92e5d408768d892d3dd6:deepseek-v4-pro,deepseek-v4-pro,deepseek-v4-pro,True,
58d76d0f079498a73d6b:MiniMax-M3,MiniMax-M3,MiniMax-M3,True,
406658f54c91ab380efe:MiniMax-M3,MiniMax-M3,MiniMax-M3,True,
0e9c19d9f95d039d267d:deepseek-v4-pro,deepseek-v4-pro,deepseek-v4-pro,True,
1cada606eee6d06ac6e5:glm-5.3,glm-5.3,glm-5.3,True,
0c41bdfb9af84ea74f06:glm-5.3,glm-5.3,glm-5.3,True,
fffc3a7d26768a7c44ad:deepseek-v4-pro,deepseek-v4-pro,deepseek-v4-pro,True,
76b0aa9faa261a76a4b9:deepseek-v4-pro,deepseek-v4-pro,deepseek-v4-pro,True,
77a83dd87b568c9b414a:MiniMax-M3,MiniMax-M3,MiniMax-M3,True,
a2d042fb395613461955:deepseek-v4-pro,deepseek-v4-pro,deepseek-v4-pro,True,
b1d7f00ed1e6ba48f4a6:MiniMax-M3,MiniMax-M3,MiniMax-M3,True,
0abfbbe7c71ef29cb324:deepseek-v4-pro,deepseek-v4-pro,deepseek-v4-pro,True,
69d740e6ec3ebf78e7ee:MiniMax-M3,MiniMax-M3,MiniMax-M3,True,
da2733abe726a5f6b920:glm-5.3,glm-5.3,glm-5.3,True,
b5dacb9c5bc8d89e04d2:MiniMax-M3,MiniMax-M3,MiniMax-M3,True,
e978c422a9be17ac9897:MiniMax-M3,MiniMax-M3,MiniMax-M3,True,
93c5c3ebc0f7f8a23809:glm-5.3,glm-5.3,glm-5.3,True,
701e0651dd14c9b895b5:glm-5.3,glm-5.3,glm-5.3,True,
ab28c40ceef998641805:glm-5.3,glm-5.3,glm-5.3,True,
23cab94cf708dd240a69:deepseek-v4-pro,deepseek-v4-pro,deepseek-v4-pro,True,
a61a1c0513fa518352ef:MiniMax-M3,MiniMax-M3,MiniMax-M3,True,
84ce054eb7d50b216d7c:deepseek-v4-pro,deepseek-v4-pro,deepseek-v4-pro,True,
5eaed916bbe1a1daf029:MiniMax-M3,MiniMax-M3,MiniMax-M3,True,
a17fe5d319a58169f93e:MiniMax-M3,MiniMax-M3,MiniMax-M3,True,
cdb965db4458a1894598:glm-5.3,glm-5.3,glm-5.3,True,
2bb0f6f8bf02abfc32ed:deepseek-v4-pro,deepseek-v4-pro,deepseek-v4-pro,True,
f721bebeba3739934b5c:deepseek-v4-pro,deepseek-v4-pro,deepseek-v4-pro,True,
d784eae1df41d5f376c4:MiniMax-M3,MiniMax-M3,MiniMax-M3,True,
0e5ddf2a3366d3f67feb:glm-5.3,glm-5.3,glm-5.3,True,
8f03ba7a6fa177e5e625:glm-5.3,glm-5.3,glm-5.3,True,
46ec2cf62b9ffa3114df:MiniMax-M3,MiniMax-M3,MiniMax-M3,True,
5c218b8c5d5afe6ccb16:MiniMax-M3,MiniMax-M3,MiniMax-M3,True,
1a45c477bdbabb09037a:deepseek-v4-pro,deepseek-v4-pro,deepseek-v4-pro,True,
ea96f66c8874c19b8c18:MiniMax-M3,MiniMax-M3,MiniMax-M3,True,
cd07184fdb34d09d82e0:MiniMax-M3,MiniMax-M3,MiniMax-M3,True,
8db536728cff86148c3b:MiniMax-M3,MiniMax-M3,MiniMax-M3,True,
ab620b4ec465d00828ed:MiniMax-M3,MiniMax-M3,MiniMax-M3,True,
c4aec91eca8095a29708:MiniMax-M3,MiniMax-M3,MiniMax-M3,True,
8eacc0a0e45e754763a6:glm-5.3,glm-5.3,glm-5.3,True,
95c4fd7bdd45e2c1e017:deepseek-v4-pro,deepseek-v4-pro,deepseek-v4-pro,True,
6482d305ffd7d43c86d4:glm-5.3,glm-5.3,glm-5.3,True,
1f0b78d1d4f157c83d2b:deepseek-v4-pro,deepseek-v4-pro,deepseek-v4-pro,True,
7d2f28e0bdbc0365b96a:deepseek-v4-pro,deepseek-v4-pro,deepseek-v4-pro,True,
3e2ef4b1b49389736454:glm-5.3,glm-5.3,glm-5.3,True,
a19b0cff0ec19f628122:deepseek-v4-pro,deepseek-v4-pro,deepseek-v4-pro,True,
c8ff6c9dea51c637eba9:deepseek-v4-pro,deepseek-v4-pro,deepseek-v4-pro,True,
246b6ae9ed8eefb7e966:glm-5.3,glm-5.3,glm-5.3,True,
d71e9969d1a3ac716274:glm-5.3,glm-5.3,glm-5.3,True,
c39934c4edf638ea41a0:deepseek-v4-pro,deepseek-v4-pro,deepseek-v4-pro,True,
e3ee344e23d397fdb94d:glm-5.3,glm-5.3,glm-5.3,True,
67fa8c7e44cf69deb623:glm-5.3,glm-5.3,glm-5.3,True,
a02accc148d35d9137e6:MiniMax-M3,MiniMax-M3,MiniMax-M3,True,
6be76afc0fb6f5963c7f:MiniMax-M3,MiniMax-M3,MiniMax-M3,True,
9906f87e664a309de107:deepseek-v4-pro,deepseek-v4-pro,deepseek-v4-pro,True,
1abdd2be84ef0cc8843a:deepseek-v4-pro,deepseek-v4-pro,deepseek-v4-pro,True,
3de9d2ec065032b4633d:deepseek-v4-pro,deepseek-v4-pro,deepseek-v4-pro,True,
4d30734ba7828b65a2f2:MiniMax-M3,MiniMax-M3,MiniMax-M3,True,
598c457a3f3df2c50a50:MiniMax-M3,MiniMax-M3,MiniMax-M3,True,
71bea58325e14903437c:deepseek-v4-pro,deepseek-v4-pro,deepseek-v4-pro,True,
e271d38186362da65f2f:MiniMax-M3,MiniMax-M3,MiniMax-M3,True,
65c2b2283233bd64f544:deepseek-v4-pro,deepseek-v4-pro,deepseek-v4-pro,True,
2987eafba4c451b70c5b:MiniMax-M3,MiniMax-M3,MiniMax-M3,True,
bb11d089d130d8910a98:glm-5.3,glm-5.3,glm-5.3,True,
59ddb59d365adfc5b384:glm-5.3,glm-5.3,glm-5.3,True,
201c14bd37a035af6089:MiniMax-M3,MiniMax-M3,MiniMax-M3,True,
10bcaa91f69f54f23d3a:glm-5.3,glm-5.3,glm-5.3,True,
d463323e07d9a005eeb1:glm-5.3,glm-5.3,glm-5.3,True,
de030b699b11088b2e44:glm-5.3,glm-5.3,glm-5.3,True,
c3e1b1731cd2d3a387a6:glm-5.3,glm-5.3,glm-5.3,True,
4997f9dce1a0cf8b95c0:deepseek-v4-pro,deepseek-v4-pro,deepseek-v4-pro,True,
9cc7cd5007d1b5f28315:deepseek-v4-pro,deepseek-v4-pro,deepseek-v4-pro,True,
577d428239bb878dab7e:MiniMax-M3,MiniMax-M3,MiniMax-M3,True,
07e4153bba51ee3b24bd:glm-5.3,glm-5.3,glm-5.3,True,
f86cf1324e3a848f9bb3:deepseek-v4-pro,deepseek-v4-pro,deepseek-v4-pro,True,
eff5e04a5a042a91c33d:MiniMax-M3,MiniMax-M3,MiniMax-M3,True,
9c318e6023e9f8cef09a:glm-5.3,glm-5.3,glm-5.3,True,
353e88e98341ceb78bbe:deepseek-v4-pro,deepseek-v4-pro,deepseek-v4-pro,True,
32bb50a6fce43f3b5adc:glm-5.3,glm-5.3,glm-5.3,True,
1099764fbefaab78e987:deepseek-v4-pro,deepseek-v4-pro,deepseek-v4-pro,True,
182bea875b1f9fbcbfa5:MiniMax-M3,MiniMax-M3,MiniMax-M3,True,
4f8e296fd308b362b7c5:deepseek-v4-pro,deepseek-v4-pro,deepseek-v4-pro,True,
299b573e42de2de669c1:deepseek-v4-pro,deepseek-v4-pro,deepseek-v4-pro,True,
6fcc26a6a2214d36bb94:deepseek-v4-pro,deepseek-v4-pro,deepseek-v4-pro,True,
947cca3e791d22a93acd:glm-5.3,glm-5.3,glm-5.3,True,
2dafd181aa021f8a3f8e:MiniMax-M3,MiniMax-M3,MiniMax-M3,True,
84ce054eb7d50b216d7c:MiniMax-M3,MiniMax-M3,MiniMax-M3,True,
0f1a1162976b8797a201:glm-5.3,glm-5.3,glm-5.3,True,
8f2daf3d37cf7be88f69:deepseek-v4-pro,deepseek-v4-pro,deepseek-v4-pro,True,
ef62e000fcb18f9faab3:glm-5.3,glm-5.3,glm-5.3,True,
f0a24012e4b6b83711cd:MiniMax-M3,MiniMax-M3,MiniMax-M3,True,
3867065eabcaab444f92:MiniMax-M3,MiniMax-M3,MiniMax-M3,True,
4ad366b18298f020ee3d:deepseek-v4-pro,deepseek-v4-pro,deepseek-v4-pro,True,
4fbe1cf7242ec016a100:MiniMax-M3,MiniMax-M3,MiniMax-M3,True,
c1bbe003f38577247e8e:MiniMax-M3,MiniMax-M3,MiniMax-M3,True,
b9ca195f592f1c6aa3de:MiniMax-M3,MiniMax-M3,MiniMax-M3,True,
bbde2de63077593f869b:MiniMax-M3,MiniMax-M3,MiniMax-M3,True,
7f4f20a04a17a1ec2a11:MiniMax-M3,MiniMax-M3,MiniMax-M3,True,
7fb13df4f5bf0d853b76:deepseek-v4-pro,deepseek-v4-pro,deepseek-v4-pro,True,
21f532c0ca146ff817a4:MiniMax-M3,MiniMax-M3,MiniMax-M3,True,
b702adbcf9ba4a41ba95:glm-5.3,glm-5.3,glm-5.3,True,
15de21561c64735a7a46:deepseek-v4-pro,deepseek-v4-pro,deepseek-v4-pro,True,
7adc61d48e5e61626374:glm-5.3,glm-5.3,glm-5.3,True,
358dd1e5aa2bc85d2f61:glm-5.3,glm-5.3,glm-5.3,True,
ca7a75e30b02b6c00000:glm-5.3,glm-5.3,glm-5.3,True,
5d37c3f45f7683601f07:glm-5.3,glm-5.3,glm-5.3,True,
b4f4f6314621dbedadac:MiniMax-M3,MiniMax-M3,MiniMax-M3,True,
2d29d6c39981ca3e7ca0:deepseek-v4-pro,deepseek-v4-pro,deepseek-v4-pro,True,
088abec08dd3c15b4130:MiniMax-M3,MiniMax-M3,MiniMax-M3,True,
b241772df9fd22e63702:deepseek-v4-pro,deepseek-v4-pro,deepseek-v4-pro,True,
9e5cb5ebbdc06d3d7673:deepseek-v4-pro,deepseek-v4-pro,deepseek-v4-pro,True,
b1f57c9c5f6f01e6e3b1:glm-5.3,glm-5.3,glm-5.3,True,
d707a0e42b545df8ca11:deepseek-v4-pro,deepseek-v4-pro,deepseek-v4-pro,True,
5fda2f1d61f35b4db666:glm-5.3,glm-5.3,glm-5.3,True,
8d3f3f2429c4b07c78e1:deepseek-v4-pro,deepseek-v4-pro,deepseek-v4-pro,True,
8586aafc8d9d3e92721c:MiniMax-M3,MiniMax-M3,MiniMax-M3,True,
f9747936ce7061944c23:glm-5.3,glm-5.3,glm-5.3,True,
3619b95f993119460ba2:MiniMax-M3,MiniMax-M3,MiniMax-M3,True,
3bb44276bbea9d77e325:glm-5.3,glm-5.3,glm-5.3,True,
23bb19b3b8e9ee7caa13:MiniMax-M3,MiniMax-M3,MiniMax-M3,True,
698ac78764fa5a6ac9bb:glm-5.3,glm-5.3,glm-5.3,True,
f6fcdda74141c0f86228:MiniMax-M3,MiniMax-M3,MiniMax-M3,True,
ca8f8c2004444a3aaded:glm-5.3,glm-5.3,glm-5.3,True,
aa6613e5c028ffda8aba:glm-5.3,glm-5.3,glm-5.3,True,
c75f66d1d602a6bead74:deepseek-v4-pro,deepseek-v4-pro,deepseek-v4-pro,True,
b1957d0fd8f95d519b7d:glm-5.3,glm-5.3,glm-5.3,True,
63f4384aeebf1992aeef:deepseek-v4-pro,deepseek-v4-pro,deepseek-v4-pro,True,
72f01a54d0c660cc0465:deepseek-v4-pro,deepseek-v4-pro,deepseek-v4-pro,True,
22a7d02bb98a0e37b716:glm-5.3,glm-5.3,glm-5.3,True,
0f825da9d6f1b87eb56b:glm-5.3,glm-5.3,glm-5.3,True,
e1b95f930a551b1a1259:glm-5.3,glm-5.3,glm-5.3,True,
69f54c725ef029571f9b:MiniMax-M3,MiniMax-M3,MiniMax-M3,True,
7865a3d71dc45f812b71:deepseek-v4-pro,deepseek-v4-pro,deepseek-v4-pro,True,
498993fa64be250dca06:deepseek-v4-pro,deepseek-v4-pro,deepseek-v4-pro,True,
5e32e9226745ab6f5966:deepseek-v4-pro,deepseek-v4-pro,deepseek-v4-pro,True,
3577b253a7e9660a3233:MiniMax-M3,MiniMax-M3,MiniMax-M3,True,
9ba2f385165d70a6c073:glm-5.3,glm-5.3,glm-5.3,True,
c4a1e68f9ef45ade4963:glm-5.3,glm-5.3,glm-5.3,True,
6d3f48b9d0e5ac11de97:MiniMax-M3,MiniMax-M3,MiniMax-M3,True,
6ec653bc885fa68d209c:glm-5.3,glm-5.3,glm-5.3,True,
4162cadf69ae5c6afbd2:deepseek-v4-pro,deepseek-v4-pro,deepseek-v4-pro,True,
c6d6f4bf751133a6384d:deepseek-v4-pro,deepseek-v4-pro,deepseek-v4-pro,True,
05ed67829ed16c22b672:deepseek-v4-pro,deepseek-v4-pro,deepseek-v4-pro,True,
f30bbd97fc63171f8cbd:glm-5.3,glm-5.3,glm-5.3,True,
64d1195ea4699bc393db:deepseek-v4-pro,deepseek-v4-pro,deepseek-v4-pro,True,
b2c865efba6e9e0133df:glm-5.3,glm-5.3,glm-5.3,True,
9eb98c3ea8607d413a0d:MiniMax-M3,MiniMax-M3,MiniMax-M3,True,
a44b73d1b54b4bda3cd5:MiniMax-M3,MiniMax-M3,MiniMax-M3,True,
5e2f9f9743ef15b9d91a:glm-5.3,glm-5.3,glm-5.3,True,
835561b1f60c5bb1a2d5:MiniMax-M3,MiniMax-M3,MiniMax-M3,True,
014af497dd514736dcc9:glm-5.3,glm-5.3,glm-5.3,True,
fa028dca8e7134bfc81f:MiniMax-M3,MiniMax-M3,MiniMax-M3,True,
5cbbe43020d4919e144f:MiniMax-M3,MiniMax-M3,MiniMax-M3,True,
f163ae68a86afcee0c8a:MiniMax-M3,MiniMax-M3,MiniMax-M3,True,
2783ef46118972db9215:deepseek-v4-pro,deepseek-v4-pro,deepseek-v4-pro,True,
85cc4ce6c7320e9b78ce:MiniMax-M3,MiniMax-M3,MiniMax-M3,True,
832b4e9e0a231b3ba15f:glm-5.3,glm-5.3,glm-5.3,True,
de89024d02e205d9e130:glm-5.3,glm-5.3,glm-5.3,True,
18e889644a6275d6964a:glm-5.3,glm-5.3,glm-5.3,True,
b1f57c9c5f6f01e6e3b1:deepseek-v4-pro,deepseek-v4-pro,deepseek-v4-pro,True,
6fcc26a6a2214d36bb94:MiniMax-M3,MiniMax-M3,MiniMax-M3,True,
27b8048ba7547b74e4d2:glm-5.3,glm-5.3,glm-5.3,True,
903c0fe89ad4917f68ea:glm-5.3,glm-5.3,glm-5.3,True,
7a746e327162d3ed7f12:glm-5.3,glm-5.3,glm-5.3,True,
6b6ac7f94ceafafaf5b6:glm-5.3,glm-5.3,glm-5.3,True,
98672ea0e1bdd88cc87a:glm-5.3,glm-5.3,glm-5.3,True,
965a1bae1f778db5ff56:deepseek-v4-pro,deepseek-v4-pro,deepseek-v4-pro,True,
a6902b4650c8e2461857:glm-5.3,glm-5.3,glm-5.3,True,
589b8e560ca47a137c0c:deepseek-v4-pro,deepseek-v4-pro,deepseek-v4-pro,True,
fc950436b9f52bc7df62:deepseek-v4-pro,deepseek-v4-pro,deepseek-v4-pro,True,
8a20121412e418b9e12b:MiniMax-M3,MiniMax-M3,MiniMax-M3,True,
9aa55811e8ea34129a85:deepseek-v4-pro,deepseek-v4-pro,deepseek-v4-pro,True,
5bf3b819fe2385d9dc36:deepseek-v4-pro,deepseek-v4-pro,deepseek-v4-pro,True,
eb7464930397d9dd8850:MiniMax-M3,MiniMax-M3,MiniMax-M3,True,
6179452af39cabe09471:MiniMax-M3,MiniMax-M3,MiniMax-M3,True,
c21eaffebb0020f7dd72:deepseek-v4-pro,deepseek-v4-pro,deepseek-v4-pro,True,
b9817493a5b382c8f268:glm-5.3,glm-5.3,glm-5.3,True,
5cb4b6ab4b1eec2742fc:MiniMax-M3,MiniMax-M3,MiniMax-M3,True,
6858089fcbd83caf4a3c:glm-5.3,glm-5.3,glm-5.3,True,
049f540c0e7895896a0a:deepseek-v4-pro,deepseek-v4-pro,deepseek-v4-pro,True,
7a746e327162d3ed7f12:MiniMax-M3,MiniMax-M3,MiniMax-M3,True,
a4340058b8a0c2d85888:MiniMax-M3,MiniMax-M3,MiniMax-M3,True,
732be463a186cee07646:MiniMax-M3,MiniMax-M3,MiniMax-M3,True,
a18fd822071c238c7085:deepseek-v4-pro,deepseek-v4-pro,deepseek-v4-pro,True,
b777db7176b728db684e:glm-5.3,glm-5.3,glm-5.3,True,
fef98ea338a45bb165b9:deepseek-v4-pro,deepseek-v4-pro,deepseek-v4-pro,True,
6bf4a3e4b9335052de7d:MiniMax-M3,MiniMax-M3,MiniMax-M3,True,
496a4c5a14f40efe6984:MiniMax-M3,MiniMax-M3,MiniMax-M3,True,
5b4d94eb71a3ab2d9ee9:MiniMax-M3,MiniMax-M3,MiniMax-M3,True,
86d5dc543bc945eb419a:deepseek-v4-pro,deepseek-v4-pro,deepseek-v4-pro,True,
b5ccdcdd79c21d8112a4:deepseek-v4-pro,deepseek-v4-pro,deepseek-v4-pro,True,
ee7b5a589659b271b927:glm-5.3,glm-5.3,glm-5.3,True,
573666d973aa3a7a85ed:glm-5.3,glm-5.3,glm-5.3,True,
50abfd7a594c5baa8326:deepseek-v4-pro,deepseek-v4-pro,deepseek-v4-pro,True,
7ff95c8a986026c8ccd3:deepseek-v4-pro,deepseek-v4-pro,deepseek-v4-pro,True,
76b0aa9faa261a76a4b9:glm-5.3,glm-5.3,glm-5.3,True,
50e403adaa097a48f1c1:deepseek-v4-pro,deepseek-v4-pro,deepseek-v4-pro,True,
c0025f7a4e43989bda77:glm-5.3,glm-5.3,glm-5.3,True,
923bb1207bd391c70abc:glm-5.3,glm-5.3,glm-5.3,True,
f438413d0f6c8a07dff7:glm-5.3,glm-5.3,glm-5.3,True,
692363317a821bef45ee:glm-5.3,glm-5.3,glm-5.3,True,
a2430438bfa3848bc9c1:glm-5.3,glm-5.3,glm-5.3,True,
e5cd4b902f3527769530:deepseek-v4-pro,deepseek-v4-pro,deepseek-v4-pro,True,
3dc3dc722049e0652eb1:deepseek-v4-pro,deepseek-v4-pro,deepseek-v4-pro,True,
73f545322ee6f5f93602:glm-5.3,glm-5.3,glm-5.3,True,
c9f8ffe3a6cb80a56e1c:deepseek-v4-pro,deepseek-v4-pro,deepseek-v4-pro,True,
c600b2bccc60c7d0a209:MiniMax-M3,MiniMax-M3,MiniMax-M3,True,
1f8fb7fb6fd4a8ac3705:MiniMax-M3,MiniMax-M3,MiniMax-M3,True,
4d00d5b2f903d24eb9c9:deepseek-v4-pro,deepseek-v4-pro,deepseek-v4-pro,True,
1df91c9e22e2f32c70c3:MiniMax-M3,MiniMax-M3,MiniMax-M3,True,
4d30734ba7828b65a2f2:deepseek-v4-pro,deepseek-v4-pro,deepseek-v4-pro,True,
1df895d7de098a6ee8b0:glm-5.3,glm-5.3,glm-5.3,True,
3c22fd3a8ece21c4454d:glm-5.3,glm-5.3,glm-5.3,True,
37d0faf41ce1e29c9cba:MiniMax-M3,MiniMax-M3,MiniMax-M3,True,
80de726c712f1ce11676:glm-5.3,glm-5.3,glm-5.3,True,
672f8f0c5bc14185710c:deepseek-v4-pro,deepseek-v4-pro,deepseek-v4-pro,True,
7c7a596970c815a9cc14:deepseek-v4-pro,deepseek-v4-pro,deepseek-v4-pro,True,
74fb03763452775cb99c:deepseek-v4-pro,deepseek-v4-pro,deepseek-v4-pro,True,
17417ba7e1fe65a3af54:MiniMax-M3,MiniMax-M3,MiniMax-M3,True,
43b5c588c6857a4da5d2:deepseek-v4-pro,deepseek-v4-pro,deepseek-v4-pro,True,
4807ab570951224a57f3:glm-5.3,glm-5.3,glm-5.3,True,
16245322f09f3e7084c5:glm-5.3,glm-5.3,glm-5.3,True,
4df0b0b6bcde257746f0:glm-5.3,glm-5.3,glm-5.3,True,
2d54c6af399b598385aa:deepseek-v4-pro,deepseek-v4-pro,deepseek-v4-pro,True,
be9227ceaf446b11cc5b:MiniMax-M3,MiniMax-M3,MiniMax-M3,True,
c1a7c77bd2ab8fa67276:MiniMax-M3,MiniMax-M3,MiniMax-M3,True,
152062c9b5cdb6cbaac4:deepseek-v4-pro,deepseek-v4-pro,deepseek-v4-pro,True,
9f2c37dc0b0b1319fef7:glm-5.3,glm-5.3,glm-5.3,True,
ecd05e2083153ab15a1c:deepseek-v4-pro,deepseek-v4-pro,deepseek-v4-pro,True,
d12ea5e37282dadd6e17:deepseek-v4-pro,deepseek-v4-pro,deepseek-v4-pro,True,
911190cb2ba3ced110ed:deepseek-v4-pro,deepseek-v4-pro,deepseek-v4-pro,True,
5a393309360ea08015da:MiniMax-M3,MiniMax-M3,MiniMax-M3,True,
daabb7950b49f5fc7d72:deepseek-v4-pro,deepseek-v4-pro,deepseek-v4-pro,True,
3426352ec5dd3132544a:glm-5.3,glm-5.3,glm-5.3,True,
de653c877f7b3e90b2a1:glm-5.3,glm-5.3,glm-5.3,True,
ca921ad6676c91c0f8be:glm-5.3,glm-5.3,glm-5.3,True,
c7a0872e89084d8ceeeb:deepseek-v4-pro,deepseek-v4-pro,deepseek-v4-pro,True,
d252623ebe5036df68cc:MiniMax-M3,MiniMax-M3,MiniMax-M3,True,
d53c8ac432ee4aa9571c:glm-5.3,glm-5.3,glm-5.3,True,
00a604478d443c820852:MiniMax-M3,MiniMax-M3,MiniMax-M3,True,
3cd594743c9e5c7da954:MiniMax-M3,MiniMax-M3,MiniMax-M3,True,
f35cf469e01ca7404391:MiniMax-M3,MiniMax-M3,MiniMax-M3,True,
3e565776d021bd5c88ba:MiniMax-M3,MiniMax-M3,MiniMax-M3,True,
033cba11699a6343ae65:deepseek-v4-pro,deepseek-v4-pro,deepseek-v4-pro,True,
ae9ef0a68b9030c44031:deepseek-v4-pro,deepseek-v4-pro,deepseek-v4-pro,True,
dd990ef0a8ea67e7ad7a:glm-5.3,glm-5.3,glm-5.3,True,
17f80631c1406f4b2d59:glm-5.3,glm-5.3,glm-5.3,True,
7b99e981d0306aa7a503:glm-5.3,glm-5.3,glm-5.3,True,
77301b3952751a11e9c8:glm-5.3,glm-5.3,glm-5.3,True,
fd3469fae16971c590a8:glm-5.3,glm-5.3,glm-5.3,True,
a8d31c515356c820f288:MiniMax-M3,MiniMax-M3,MiniMax-M3,True,
333885bf3bae93664171:deepseek-v4-pro,deepseek-v4-pro,deepseek-v4-pro,True,
bd6cd2a50737508c1a88:glm-5.3,glm-5.3,glm-5.3,True,
e3863a71d6797fd84f9e:glm-5.3,glm-5.3,glm-5.3,True,
6bf6a97a83fc7124d3f3:glm-5.3,glm-5.3,glm-5.3,True,
b1ca394ddbca33286a8b:deepseek-v4-pro,deepseek-v4-pro,deepseek-v4-pro,True,
80f2422a50b183c638fe:deepseek-v4-pro,deepseek-v4-pro,deepseek-v4-pro,True,
43bdd81809e19ff188bf:deepseek-v4-pro,deepseek-v4-pro,deepseek-v4-pro,True,
65762b8e52c7f3782b38:deepseek-v4-pro,deepseek-v4-pro,deepseek-v4-pro,True,
0a72dd9340eac3cfa7fc:MiniMax-M3,MiniMax-M3,MiniMax-M3,True,
d3f080944c837db0ba8c:deepseek-v4-pro,deepseek-v4-pro,deepseek-v4-pro,True,
02f91e57b87588e25ac5:MiniMax-M3,MiniMax-M3,MiniMax-M3,True,
427d62c22af912b1444e:glm-5.3,glm-5.3,glm-5.3,True,
9c318e6023e9f8cef09a:deepseek-v4-pro,deepseek-v4-pro,deepseek-v4-pro,True,
fb8672422378daee78c2:MiniMax-M3,MiniMax-M3,MiniMax-M3,True,
8a766360dc9b265af31e:MiniMax-M3,MiniMax-M3,MiniMax-M3,True,
784ef414fe82e5b14839:deepseek-v4-pro,deepseek-v4-pro,deepseek-v4-pro,True,
88266475d1974f2e95b9:MiniMax-M3,MiniMax-M3,MiniMax-M3,True,
d64a407cbf8cb1f09ffb:deepseek-v4-pro,deepseek-v4-pro,deepseek-v4-pro,True,
172852bac21f74a8128b:deepseek-v4-pro,deepseek-v4-pro,deepseek-v4-pro,True,
c26c99e05a72a62f5ea0:MiniMax-M3,MiniMax-M3,MiniMax-M3,True,
459326469a838e26d2a1:MiniMax-M3,MiniMax-M3,MiniMax-M3,True,
1850fe0ed7ddbd952921:glm-5.3,glm-5.3,glm-5.3,True,
6eb81d9fa710699c5b70:glm-5.3,glm-5.3,glm-5.3,True,
d07f051660baa6b2c557:deepseek-v4-pro,deepseek-v4-pro,deepseek-v4-pro,True,
0ff5cd2fe2eb12c4de90:MiniMax-M3,MiniMax-M3,MiniMax-M3,True,
0e73c678b2f0b420f5ea:glm-5.3,glm-5.3,glm-5.3,True,
80345213869d5a52c089:deepseek-v4-pro,deepseek-v4-pro,deepseek-v4-pro,True,
e1a5270c2fea8a7669d3:deepseek-v4-pro,deepseek-v4-pro,deepseek-v4-pro,True,
997528b269f22d1c4e94:MiniMax-M3,MiniMax-M3,MiniMax-M3,True,
73714128a9a60de40058:glm-5.3,glm-5.3,glm-5.3,True,
5de9d571e6a9ee47ac87:glm-5.3,glm-5.3,glm-5.3,True,
190236444b5764d6b5df:MiniMax-M3,MiniMax-M3,MiniMax-M3,True,
28c61a68f5c1219a86ec:MiniMax-M3,MiniMax-M3,MiniMax-M3,True,
873394264441dfdee55b:glm-5.3,glm-5.3,glm-5.3,True,
09f8289b3980620f1f08:glm-5.3,glm-5.3,glm-5.3,True,
36c418ad6774f58b7a33:glm-5.3,glm-5.3,glm-5.3,True,
8fd5482809ed50c5ede3:deepseek-v4-pro,deepseek-v4-pro,deepseek-v4-pro,True,
66a4effd2acc68a80dee:MiniMax-M3,MiniMax-M3,MiniMax-M3,True,
aef3c77e7f46616e8ceb:MiniMax-M3,MiniMax-M3,MiniMax-M3,True,
682559558ef5641846df:MiniMax-M3,MiniMax-M3,MiniMax-M3,True,
e3bc90a4587155fef262:MiniMax-M3,MiniMax-M3,MiniMax-M3,True,
ba1d02025ff8f88903c3:glm-5.3,glm-5.3,glm-5.3,True,
20a145c7a9d2269edac2:MiniMax-M3,MiniMax-M3,MiniMax-M3,True,
5eb2b02d155846ff6a13:deepseek-v4-pro,deepseek-v4-pro,deepseek-v4-pro,True,
b4241ccf4b552d1df834:deepseek-v4-pro,deepseek-v4-pro,deepseek-v4-pro,True,
dca5402983a5278fdf9f:MiniMax-M3,MiniMax-M3,MiniMax-M3,True,
def631c59bb283f49e72:glm-5.3,glm-5.3,glm-5.3,True,
ddddb4312272f290a40f:deepseek-v4-pro,deepseek-v4-pro,deepseek-v4-pro,True,
219832ae9b07e2c686a8:MiniMax-M3,MiniMax-M3,MiniMax-M3,True,
94fa8adf3c58e900f608:glm-5.3,glm-5.3,glm-5.3,True,
7a1a82818271a86c4865:deepseek-v4-pro,deepseek-v4-pro,deepseek-v4-pro,True,
a6dd442f05a9a099217d:deepseek-v4-pro,deepseek-v4-pro,deepseek-v4-pro,True,
39942d5917d1bd4daadc:MiniMax-M3,MiniMax-M3,MiniMax-M3,True,
e8a3fcd7ccda21d68554:glm-5.3,glm-5.3,glm-5.3,True,
76baefabdf2f3f7a45b8:deepseek-v4-pro,deepseek-v4-pro,deepseek-v4-pro,True,
f0eb014da3dba6ff9cb7:glm-5.3,glm-5.3,glm-5.3,True,
0bcc813c6c85dd40928c:glm-5.3,glm-5.3,glm-5.3,True,
faa20939cbae72b794ce:glm-5.3,glm-5.3,glm-5.3,True,
3b42c3673212ac402213:MiniMax-M3,MiniMax-M3,MiniMax-M3,True,
e7806321f0e3bf74d349:MiniMax-M3,MiniMax-M3,MiniMax-M3,True,
1df895d7de098a6ee8b0:deepseek-v4-pro,deepseek-v4-pro,deepseek-v4-pro,True,
e3522c58498ac13bd7f5:deepseek-v4-pro,deepseek-v4-pro,deepseek-v4-pro,True,
3a619b66cb4a07ea0d7c:deepseek-v4-pro,deepseek-v4-pro,deepseek-v4-pro,True,
e2c0c8ee6d3180fef04e:glm-5.3,glm-5.3,glm-5.3,True,
5ad8c83b1d11da4e9aad:glm-5.3,glm-5.3,glm-5.3,True,
6c05b6b6728a10b6198d:deepseek-v4-pro,deepseek-v4-pro,deepseek-v4-pro,True,
a4340058b8a0c2d85888:glm-5.3,glm-5.3,glm-5.3,True,
10e6d79588a47c2bcb88:glm-5.3,glm-5.3,glm-5.3,True,
a34e2ffacad8be2892da:deepseek-v4-pro,deepseek-v4-pro,deepseek-v4-pro,True,
d8cac0621f40bb184de0:MiniMax-M3,MiniMax-M3,MiniMax-M3,True,
76b9efbc18115ab61ebc:deepseek-v4-pro,deepseek-v4-pro,deepseek-v4-pro,True,
fc15492740dbbf06843f:deepseek-v4-pro,deepseek-v4-pro,deepseek-v4-pro,True,
8591248cc0c02acdcb1b:MiniMax-M3,MiniMax-M3,MiniMax-M3,True,
3f9fe63e18d77f7f1506:deepseek-v4-pro,deepseek-v4-pro,deepseek-v4-pro,True,
845dc052b0ea397a7255:glm-5.3,glm-5.3,glm-5.3,True,
a5a1b350f9d7e755f172:glm-5.3,glm-5.3,glm-5.3,True,
a3f140e2053bb135c084:glm-5.3,glm-5.3,glm-5.3,True,
db7abf0b05e2d5a666cc:MiniMax-M3,MiniMax-M3,MiniMax-M3,True,
1174e03ed1350ce96d01:deepseek-v4-pro,deepseek-v4-pro,deepseek-v4-pro,True,
c9a5de14e41327369c11:glm-5.3,glm-5.3,glm-5.3,True,
ad4ef1f99148bcf68dc5:glm-5.3,glm-5.3,glm-5.3,True,
1c2937c00b00d488e6b8:MiniMax-M3,MiniMax-M3,MiniMax-M3,True,
be536591413a814664fc:glm-5.3,glm-5.3,glm-5.3,True,
c8ff6c9dea51c637eba9:glm-5.3,glm-5.3,glm-5.3,True,
589af96ed8d60b0d49a7:glm-5.3,glm-5.3,glm-5.3,True,
5dd5135d86da1f5e25ab:deepseek-v4-pro,deepseek-v4-pro,deepseek-v4-pro,True,
6858089fcbd83caf4a3c:deepseek-v4-pro,deepseek-v4-pro,deepseek-v4-pro,True,
190ec47377502d411ab7:glm-5.3,glm-5.3,glm-5.3,True,
1af792a4b666503717d1:deepseek-v4-pro,deepseek-v4-pro,deepseek-v4-pro,True,
1527ac1f72042dd60fe0:MiniMax-M3,MiniMax-M3,MiniMax-M3,True,
d1ca26d76050412c5b4c:deepseek-v4-pro,deepseek-v4-pro,deepseek-v4-pro,True,
9bfa97b29747b4324a91:deepseek-v4-pro,deepseek-v4-pro,deepseek-v4-pro,True,
f7f21b82e0aa04a6e556:MiniMax-M3,MiniMax-M3,MiniMax-M3,True,
310dec674b7198a40a13:MiniMax-M3,MiniMax-M3,MiniMax-M3,True,
6c6d78ea7f25313b289f:MiniMax-M3,MiniMax-M3,MiniMax-M3,True,
990d2bdc51d3eae4fe63:glm-5.3,glm-5.3,glm-5.3,True,
17949b5331e64ee56590:deepseek-v4-pro,deepseek-v4-pro,deepseek-v4-pro,True,
b7350eb3cfd897d663fb:glm-5.3,glm-5.3,glm-5.3,True,
81a15806ba3b7ab2855d:glm-5.3,glm-5.3,glm-5.3,True,
7b5f44833f6d23231594:MiniMax-M3,MiniMax-M3,MiniMax-M3,True,
2945f3185124821ca2d5:glm-5.3,glm-5.3,glm-5.3,True,
709b1f704091636758b6:deepseek-v4-pro,deepseek-v4-pro,deepseek-v4-pro,True,
c5dde7fee0ffc1799f86:glm-5.3,glm-5.3,glm-5.3,True,
a659483722d56ed58ae2:MiniMax-M3,MiniMax-M3,MiniMax-M3,True,
e2008ad06fa5a8cdeebc:glm-5.3,glm-5.3,glm-5.3,True,
739cb9c76fdcfeea3313:MiniMax-M3,MiniMax-M3,MiniMax-M3,True,
b29ad329d9aaf55df53b:glm-5.3,glm-5.3,glm-5.3,True,
8136dba972df62da195f:deepseek-v4-pro,deepseek-v4-pro,deepseek-v4-pro,True,
c17dc7864135b17573df:deepseek-v4-pro,deepseek-v4-pro,deepseek-v4-pro,True,
0b986588d1da42d6a40f:deepseek-v4-pro,deepseek-v4-pro,deepseek-v4-pro,True,
ccdf0f2548e8f10fcad9:MiniMax-M3,MiniMax-M3,MiniMax-M3,True,
f350053e6c60c084558c:deepseek-v4-pro,deepseek-v4-pro,deepseek-v4-pro,True,
589b8e560ca47a137c0c:MiniMax-M3,MiniMax-M3,MiniMax-M3,True,
3247fe8fdd240f2af8ce:glm-5.3,glm-5.3,glm-5.3,True,
7f88a5d63ff2d6e4ab55:glm-5.3,glm-5.3,glm-5.3,True,
088abec08dd3c15b4130:glm-5.3,glm-5.3,glm-5.3,True,
efef6189b7551fb5ce8f:glm-5.3,glm-5.3,glm-5.3,True,
1ba2ed462104a2e1246c:glm-5.3,glm-5.3,glm-5.3,True,
ebe4a0e26f1aa86d3a8c:glm-5.3,glm-5.3,glm-5.3,True,
60dea4c072b1ebb658df:deepseek-v4-pro,deepseek-v4-pro,deepseek-v4-pro,True,
26f8812fd0eabfd65821:glm-5.3,glm-5.3,glm-5.3,True,
c0154c62502d4b90790a:glm-5.3,glm-5.3,glm-5.3,True,
64d10e890cc422398131:glm-5.3,glm-5.3,glm-5.3,True,
1f8468d6ce67abd49c7b:glm-5.3,glm-5.3,glm-5.3,True,
763f6e1627a263173730:deepseek-v4-pro,deepseek-v4-pro,deepseek-v4-pro,True,
e7dbb6da0db2e855fe93:deepseek-v4-pro,deepseek-v4-pro,deepseek-v4-pro,True,
c6fb6d710dbfb83696b1:deepseek-v4-pro,deepseek-v4-pro,deepseek-v4-pro,True,
1394bb249b34d0306985:deepseek-v4-pro,deepseek-v4-pro,deepseek-v4-pro,True,
6532c7e2cc3f635732f5:deepseek-v4-pro,deepseek-v4-pro,deepseek-v4-pro,True,
bccad17babc5951774f1:MiniMax-M3,MiniMax-M3,MiniMax-M3,True,
1a45c477bdbabb09037a:MiniMax-M3,MiniMax-M3,MiniMax-M3,True,
9508dc4f853d62ae4eb9:deepseek-v4-pro,deepseek-v4-pro,deepseek-v4-pro,True,
fc15492740dbbf06843f:MiniMax-M3,MiniMax-M3,MiniMax-M3,True,
999f00f32f55f989502f:deepseek-v4-pro,deepseek-v4-pro,deepseek-v4-pro,True,
6e03a91bed3ed4fc3610:MiniMax-M3,MiniMax-M3,MiniMax-M3,True,
c806db8e63f85991e993:MiniMax-M3,MiniMax-M3,MiniMax-M3,True,
688ce8251efdd77e02fd:glm-5.3,glm-5.3,glm-5.3,True,
188e53bb0f734fa62b2b:glm-5.3,glm-5.3,glm-5.3,True,
abba0b9849d0cb0f76e8:MiniMax-M3,MiniMax-M3,MiniMax-M3,True,
493164651a26dd8c45b9:MiniMax-M3,MiniMax-M3,MiniMax-M3,True,
c7f9d81a2b8c236b6083:MiniMax-M3,MiniMax-M3,MiniMax-M3,True,
62cfd7f74dd95cd2a3b0:glm-5.3,glm-5.3,glm-5.3,True,
0199a5ae8c48879d97db:MiniMax-M3,MiniMax-M3,MiniMax-M3,True,
090961c80cca2d6a180e:deepseek-v4-pro,deepseek-v4-pro,deepseek-v4-pro,True,
b7876ed73321a54b07d7:MiniMax-M3,MiniMax-M3,MiniMax-M3,True,
b08f4919fbc95e85556a:MiniMax-M3,MiniMax-M3,MiniMax-M3,True,
ab70c9f3ed5efabb0a26:glm-5.3,glm-5.3,glm-5.3,True,
dbc2702eaa1bea1e133d:deepseek-v4-pro,deepseek-v4-pro,deepseek-v4-pro,True,
67dfcb01f8a8a2042389:MiniMax-M3,MiniMax-M3,MiniMax-M3,True,
c4aec91eca8095a29708:deepseek-v4-pro,deepseek-v4-pro,deepseek-v4-pro,True,
f5bde4e02791e11f0986:MiniMax-M3,MiniMax-M3,MiniMax-M3,True,
09e507b805a73e036f69:MiniMax-M3,MiniMax-M3,MiniMax-M3,True,
353a579440f8780c05b4:MiniMax-M3,MiniMax-M3,MiniMax-M3,True,
57a901c1cbef70b8051e:glm-5.3,glm-5.3,glm-5.3,True,
259367ebf531db1f7e5a:MiniMax-M3,MiniMax-M3,MiniMax-M3,True,
4cf8ca78479e7e522ec4:glm-5.3,glm-5.3,glm-5.3,True,
19f26d128e4f1ab3e512:MiniMax-M3,MiniMax-M3,MiniMax-M3,True,
9d3a6b4e7db6d253d7ee:glm-5.3,glm-5.3,glm-5.3,True,
7def35e2595f5136b26f:glm-5.3,glm-5.3,glm-5.3,True,
914bc4de9d85f9cd4c9e:deepseek-v4-pro,deepseek-v4-pro,deepseek-v4-pro,True,
9c9369dacbd623951880:glm-5.3,glm-5.3,glm-5.3,True,
802ac6045036ed7ec9d3:glm-5.3,glm-5.3,glm-5.3,True,
0c3ac9eb99b0b55b25fa:MiniMax-M3,MiniMax-M3,MiniMax-M3,True,
893bab054b355ba5f7ef:glm-5.3,glm-5.3,glm-5.3,True,
db2cb39519ae281bfdba:glm-5.3,glm-5.3,glm-5.3,True,
2900c9c732d762316c71:glm-5.3,glm-5.3,glm-5.3,True,
5b1db6a2d50bf28d8df7:deepseek-v4-pro,deepseek-v4-pro,deepseek-v4-pro,True,
3b085a968b1fc62a8d3f:deepseek-v4-pro,deepseek-v4-pro,deepseek-v4-pro,True,
86b233a17a047167cab6:glm-5.3,glm-5.3,glm-5.3,True,
996276b10620abf75ea5:glm-5.3,glm-5.3,glm-5.3,True,
2bbc18bb1f94ad88ba33:glm-5.3,glm-5.3,glm-5.3,True,
09dc80fe40f8dc102f5e:glm-5.3,glm-5.3,glm-5.3,True,
75d72da59fc1aeb2263d:MiniMax-M3,MiniMax-M3,MiniMax-M3,True,
eefc9bd37e9af78dca7b:MiniMax-M3,MiniMax-M3,MiniMax-M3,True,
b38da05d2d597c2309c8:deepseek-v4-pro,deepseek-v4-pro,deepseek-v4-pro,True,
22c0297c4c0c2655a3e3:deepseek-v4-pro,deepseek-v4-pro,deepseek-v4-pro,True,
da826208988189322319:deepseek-v4-pro,deepseek-v4-pro,deepseek-v4-pro,True,
c3e1b1731cd2d3a387a6:MiniMax-M3,MiniMax-M3,MiniMax-M3,True,
b892d5510cd7f9c798f2:glm-5.3,glm-5.3,glm-5.3,True,
9d46f92a9e197d5f9b5e:glm-5.3,glm-5.3,glm-5.3,True,
17949b5331e64ee56590:MiniMax-M3,MiniMax-M3,MiniMax-M3,True,
92bf196930f17c2dcbbb:MiniMax-M3,MiniMax-M3,MiniMax-M3,True,
1bd5c5c44acf64c6a1dc:MiniMax-M3,MiniMax-M3,MiniMax-M3,True,
5084fb3f923018d12f6a:glm-5.3,glm-5.3,glm-5.3,True,
a01a5a8b0adb10458a8a:MiniMax-M3,MiniMax-M3,MiniMax-M3,True,
e5965ce56bd3bc0d4b28:glm-5.3,glm-5.3,glm-5.3,True,
d4ba73f52d95518169ff:MiniMax-M3,MiniMax-M3,MiniMax-M3,True,
c0c45f656f361d675dcd:glm-5.3,glm-5.3,glm-5.3,True,
0950ef0158530cd20925:glm-5.3,glm-5.3,glm-5.3,True,
db10935098febbe44d0f:MiniMax-M3,MiniMax-M3,MiniMax-M3,True,
3a44acc09d2095a6f584:deepseek-v4-pro,deepseek-v4-pro,deepseek-v4-pro,True,
57552ab07e4c1dd8d98d:glm-5.3,glm-5.3,glm-5.3,True,
888104c7f94ac25c7926:deepseek-v4-pro,deepseek-v4-pro,deepseek-v4-pro,True,
23378f15b1ae7296c346:deepseek-v4-pro,deepseek-v4-pro,deepseek-v4-pro,True,
7f0870b5bc8077270b47:MiniMax-M3,MiniMax-M3,MiniMax-M3,True,
5b9510ce0ed0ea4f8f62:MiniMax-M3,MiniMax-M3,MiniMax-M3,True,
2f56c589d36201898b24:deepseek-v4-pro,deepseek-v4-pro,deepseek-v4-pro,True,
0814334901fccafe7329:MiniMax-M3,MiniMax-M3,MiniMax-M3,True,
e188c35f61101b856c36:deepseek-v4-pro,deepseek-v4-pro,deepseek-v4-pro,True,
75f14db88970c62cb94c:MiniMax-M3,MiniMax-M3,MiniMax-M3,True,
2f2b6a5072334a80463d:MiniMax-M3,MiniMax-M3,MiniMax-M3,True,
3bb92ccf09e8b7f13412:deepseek-v4-pro,deepseek-v4-pro,deepseek-v4-pro,True,
f6fa02a08d56d8864feb:glm-5.3,glm-5.3,glm-5.3,True,
600182dff2dc656cab24:glm-5.3,glm-5.3,glm-5.3,True,
a1560b969a98a2107d44:glm-5.3,glm-5.3,glm-5.3,True,
3d6d6bfa7465c42834a3:deepseek-v4-pro,deepseek-v4-pro,deepseek-v4-pro,True,
1578c74575c1951b0003:MiniMax-M3,MiniMax-M3,MiniMax-M3,True,
4a4c733733c5c5269700:glm-5.3,glm-5.3,glm-5.3,True,
deef6bb9f7f29f0b434e:MiniMax-M3,MiniMax-M3,MiniMax-M3,True,
4d866fcecf4da3d733c6:MiniMax-M3,MiniMax-M3,MiniMax-M3,True,
89c91425331f68e0bf81:MiniMax-M3,MiniMax-M3,MiniMax-M3,True,
ddbb8353012c56d2eda8:glm-5.3,glm-5.3,glm-5.3,True,
1ec759ea78bf87ca0aa0:deepseek-v4-pro,deepseek-v4-pro,deepseek-v4-pro,True,
d0cf5e2b2f16006d76d5:glm-5.3,glm-5.3,glm-5.3,True,
436e7269058af4bbb15b:deepseek-v4-pro,deepseek-v4-pro,deepseek-v4-pro,True,
42a6e5a2231afc61b8e9:deepseek-v4-pro,deepseek-v4-pro,deepseek-v4-pro,True,
b001755f2530a52c2b17:deepseek-v4-pro,deepseek-v4-pro,deepseek-v4-pro,True,
ffbe6f1b6f67e67729f8:deepseek-v4-pro,deepseek-v4-pro,deepseek-v4-pro,True,
995cbc989a33da6b2b02:MiniMax-M3,MiniMax-M3,MiniMax-M3,True,
b702adbcf9ba4a41ba95:deepseek-v4-pro,deepseek-v4-pro,deepseek-v4-pro,True,
67dfcb01f8a8a2042389:deepseek-v4-pro,deepseek-v4-pro,deepseek-v4-pro,True,
5cbc06d5ad4d7736062e:deepseek-v4-pro,deepseek-v4-pro,deepseek-v4-pro,True,
70568ddeea05e8503dce:MiniMax-M3,MiniMax-M3,MiniMax-M3,True,
b7e30416c74a1c46e81f:glm-5.3,glm-5.3,glm-5.3,True,
312fad8220530cc2f6db:MiniMax-M3,MiniMax-M3,MiniMax-M3,True,
65bfa3b3c2bebf0b520a:glm-5.3,glm-5.3,glm-5.3,True,
db7bd943499c11a75122:MiniMax-M3,MiniMax-M3,MiniMax-M3,True,
efff7b26d78aa427ee3f:MiniMax-M3,MiniMax-M3,MiniMax-M3,True,
a9d273c0dd2419d66c38:glm-5.3,glm-5.3,glm-5.3,True,
4e0b2837864381fb9770:MiniMax-M3,MiniMax-M3,MiniMax-M3,True,
46196ff8cfa828491f45:glm-5.3,glm-5.3,glm-5.3,True,
4adbdb80fc718e52094c:deepseek-v4-pro,deepseek-v4-pro,deepseek-v4-pro,True,
f45f585a5416bfdcb137:MiniMax-M3,MiniMax-M3,MiniMax-M3,True,
193c336d578da6d3a247:deepseek-v4-pro,deepseek-v4-pro,deepseek-v4-pro,True,
ba1d02025ff8f88903c3:MiniMax-M3,MiniMax-M3,MiniMax-M3,True,
14b64ebf0f2c52b8a04b:MiniMax-M3,MiniMax-M3,MiniMax-M3,True,
a59ab7c0ff796efbcab0:glm-5.3,glm-5.3,glm-5.3,True,
b72c0aca94956eebd9dc:glm-5.3,glm-5.3,glm-5.3,True,
783c159e66f5094c5bd1:glm-5.3,glm-5.3,glm-5.3,True,
18e586ef630d13742c7e:MiniMax-M3,MiniMax-M3,MiniMax-M3,True,
2dc611bb747dada033ba:MiniMax-M3,MiniMax-M3,MiniMax-M3,True,
d8dc9feb2acc4b9ecf8d:glm-5.3,glm-5.3,glm-5.3,True,
2e2db04496e07eacf2b7:deepseek-v4-pro,deepseek-v4-pro,deepseek-v4-pro,True,
5e1ad06bbd7cc71e1e76:MiniMax-M3,MiniMax-M3,MiniMax-M3,True,
46bba378839dd9b4b543:MiniMax-M3,MiniMax-M3,MiniMax-M3,True,
e79dc446c07a546e971e:deepseek-v4-pro,deepseek-v4-pro,deepseek-v4-pro,True,
8f9b76aed51d7bb37e5a:deepseek-v4-pro,deepseek-v4-pro,deepseek-v4-pro,True,
395e16d4c90bc9d28a8a:deepseek-v4-pro,deepseek-v4-pro,deepseek-v4-pro,True,
59e5d02f0cdf4e9e4bc0:deepseek-v4-pro,deepseek-v4-pro,deepseek-v4-pro,True,
1fc5af9a90454387222b:deepseek-v4-pro,deepseek-v4-pro,deepseek-v4-pro,True,
629109d71c8420d153bc:deepseek-v4-pro,deepseek-v4-pro,deepseek-v4-pro,True,
9f1d7a7a8bdf60bb60e5:MiniMax-M3,MiniMax-M3,MiniMax-M3,True,
77b7e40a77a157cccd75:deepseek-v4-pro,deepseek-v4-pro,deepseek-v4-pro,True,
654bcdb1a278ff8e3116:deepseek-v4-pro,deepseek-v4-pro,deepseek-v4-pro,True,
85dde229e4b6eab3fc59:glm-5.3,glm-5.3,glm-5.3,True,
8da06d126c81a5cb8e0e:glm-5.3,glm-5.3,glm-5.3,True,
b093ed36d2b83839b01d:MiniMax-M3,MiniMax-M3,MiniMax-M3,True,
ee5e77381f1224734514:glm-5.3,glm-5.3,glm-5.3,True,
9f2c37dc0b0b1319fef7:MiniMax-M3,MiniMax-M3,MiniMax-M3,True,
b5d6b96a7b8fe5910576:deepseek-v4-pro,deepseek-v4-pro,deepseek-v4-pro,True,
a9c1a0089d7a037903fc:glm-5.3,glm-5.3,glm-5.3,True,
391a781afcbcec3c87ff:glm-5.3,glm-5.3,glm-5.3,True,
1c5d864fb4f7b6f8301e:deepseek-v4-pro,deepseek-v4-pro,deepseek-v4-pro,True,
dc4eb6241b5374f73fbd:deepseek-v4-pro,deepseek-v4-pro,deepseek-v4-pro,True,
0293393aa558c6f6cd6d:MiniMax-M3,MiniMax-M3,MiniMax-M3,True,
4d60a3c68baa6fd0f381:deepseek-v4-pro,deepseek-v4-pro,deepseek-v4-pro,True,
8812ba8421a04677026f:glm-5.3,glm-5.3,glm-5.3,True,
4a812f86094340916daa:deepseek-v4-pro,deepseek-v4-pro,deepseek-v4-pro,True,
a4dde0b8194974b743c3:MiniMax-M3,MiniMax-M3,MiniMax-M3,True,
9724a1d41adacf9c0e8f:glm-5.3,glm-5.3,glm-5.3,True,
d2c69c7908454e034209:deepseek-v4-pro,deepseek-v4-pro,deepseek-v4-pro,True,
22c7aca89fb8aac36190:deepseek-v4-pro,deepseek-v4-pro,deepseek-v4-pro,True,
fc820c11fa1c663621ba:glm-5.3,glm-5.3,glm-5.3,True,
b14a2fe4b7b5b30a35ed:MiniMax-M3,MiniMax-M3,MiniMax-M3,True,
1a667979d980deb4aaad:glm-5.3,glm-5.3,glm-5.3,True,
588f3f791e1f0718ebd0:glm-5.3,glm-5.3,glm-5.3,True,
a25fc462625ab53a1315:deepseek-v4-pro,deepseek-v4-pro,deepseek-v4-pro,True,
c3e009464e4316692caf:glm-5.3,glm-5.3,glm-5.3,True,
aa25bd0c84525483768c:glm-5.3,glm-5.3,glm-5.3,True,
5f9bef0dc6598cdde7b0:deepseek-v4-pro,deepseek-v4-pro,deepseek-v4-pro,True,
2263ad3dfc476f18ed6f:MiniMax-M3,MiniMax-M3,MiniMax-M3,True,
c3c448504186842ec751:glm-5.3,glm-5.3,glm-5.3,True,
34056686195eeb320a9b:MiniMax-M3,MiniMax-M3,MiniMax-M3,True,
850da6b2cc9c2c93e3fc:MiniMax-M3,MiniMax-M3,MiniMax-M3,True,
ce85968f9ce7767cccf1:MiniMax-M3,MiniMax-M3,MiniMax-M3,True,
dd17a07ac3a09770d3a6:deepseek-v4-pro,deepseek-v4-pro,deepseek-v4-pro,True,
57e7587c3b6287f655d2:MiniMax-M3,MiniMax-M3,MiniMax-M3,True,
674dfe0c396ba3257a7d:deepseek-v4-pro,deepseek-v4-pro,deepseek-v4-pro,True,
6ec573b1dddcc3fafaab:MiniMax-M3,MiniMax-M3,MiniMax-M3,True,
dba2c16f3e9046fa68ec:glm-5.3,glm-5.3,glm-5.3,True,
94e6dbca36433221cf31:MiniMax-M3,MiniMax-M3,MiniMax-M3,True,
4c20750f98fac76291b0:deepseek-v4-pro,deepseek-v4-pro,deepseek-v4-pro,True,
0f9a727ad7defba6c278:deepseek-v4-pro,deepseek-v4-pro,deepseek-v4-pro,True,
a1fd64921569de8fd297:deepseek-v4-pro,deepseek-v4-pro,deepseek-v4-pro,True,
f615ac679ebf2f3c6d18:MiniMax-M3,MiniMax-M3,MiniMax-M3,True,
a1c94ab0449f0fdea759:glm-5.3,glm-5.3,glm-5.3,True,
ab70c9f3ed5efabb0a26:MiniMax-M3,MiniMax-M3,MiniMax-M3,True,
b7ead0754a897271cc42:deepseek-v4-pro,deepseek-v4-pro,deepseek-v4-pro,True,
f70a272c567ee13db0cf:deepseek-v4-pro,deepseek-v4-pro,deepseek-v4-pro,True,
888104c7f94ac25c7926:MiniMax-M3,MiniMax-M3,MiniMax-M3,True,
5e059ee1c4d0f0fe921e:deepseek-v4-pro,deepseek-v4-pro,deepseek-v4-pro,True,
efef6189b7551fb5ce8f:deepseek-v4-pro,deepseek-v4-pro,deepseek-v4-pro,True,
76e86f867547948d7884:glm-5.3,glm-5.3,glm-5.3,True,
6a75fc7dba50f9083bf8:MiniMax-M3,MiniMax-M3,MiniMax-M3,True,
2c199f946200794ef01b:glm-5.3,glm-5.3,glm-5.3,True,
7dc38b0ddf96a633e840:deepseek-v4-pro,deepseek-v4-pro,deepseek-v4-pro,True,
4c917a2f84ae8f0aed26:glm-5.3,glm-5.3,glm-5.3,True,
239e5a284453c0420ab7:glm-5.3,glm-5.3,glm-5.3,True,
c2d953b939d8f00b8dd8:MiniMax-M3,MiniMax-M3,MiniMax-M3,True,
d2b203a0a68062c9cea3:glm-5.3,glm-5.3,glm-5.3,True,
f5483bd7b56ecb3ffe8c:MiniMax-M3,MiniMax-M3,MiniMax-M3,True,
e5965ce56bd3bc0d4b28:MiniMax-M3,MiniMax-M3,MiniMax-M3,True,
b65adee365ac3393773d:glm-5.3,glm-5.3,glm-5.3,True,
0b18fe92dc4784eea0cf:glm-5.3,glm-5.3,glm-5.3,True,
9d876432fc2af5babd97:glm-5.3,glm-5.3,glm-5.3,True,
198533b832a175dfa6ae:MiniMax-M3,MiniMax-M3,MiniMax-M3,True,
8c30f7d0bb421c20ad90:deepseek-v4-pro,deepseek-v4-pro,deepseek-v4-pro,True,
7365d6aacb412a7b51d6:deepseek-v4-pro,deepseek-v4-pro,deepseek-v4-pro,True,
4c667c52b65c413aa71e:MiniMax-M3,MiniMax-M3,MiniMax-M3,True,
893bab054b355ba5f7ef:MiniMax-M3,MiniMax-M3,MiniMax-M3,True,
42e2cab3488258dae27e:deepseek-v4-pro,deepseek-v4-pro,deepseek-v4-pro,True,
8fa09223aa7368ca398d:MiniMax-M3,MiniMax-M3,MiniMax-M3,True,
cddf5989e9838a25db37:deepseek-v4-pro,deepseek-v4-pro,deepseek-v4-pro,True,
8a7314127c775913bf2b:deepseek-v4-pro,deepseek-v4-pro,deepseek-v4-pro,True,
0da59b67d29ce0707d58:deepseek-v4-pro,deepseek-v4-pro,deepseek-v4-pro,True,
aab4a0b358712bc7c54d:MiniMax-M3,MiniMax-M3,MiniMax-M3,True,
ac5199eb1bf44465fc7e:MiniMax-M3,MiniMax-M3,MiniMax-M3,True,
c8c182a048078948e5b3:MiniMax-M3,MiniMax-M3,MiniMax-M3,True,
203a8bc8da525f59e4da:MiniMax-M3,MiniMax-M3,MiniMax-M3,True,
46bd9f98f34090fe4c24:MiniMax-M3,MiniMax-M3,MiniMax-M3,True,
e47cca2e790a6e3ea544:glm-5.3,glm-5.3,glm-5.3,True,
cb490f16529738735beb:MiniMax-M3,MiniMax-M3,MiniMax-M3,True,
5c8ce526fc0661e182c5:deepseek-v4-pro,deepseek-v4-pro,deepseek-v4-pro,True,
d972a3fc270532a11136:glm-5.3,glm-5.3,glm-5.3,True,
c00b12ebbca169129b51:deepseek-v4-pro,deepseek-v4-pro,deepseek-v4-pro,True,
f6fcdda74141c0f86228:deepseek-v4-pro,deepseek-v4-pro,deepseek-v4-pro,True,
d8cac0621f40bb184de0:deepseek-v4-pro,deepseek-v4-pro,deepseek-v4-pro,True,
4df70f2d61fe98d0d41b:glm-5.3,glm-5.3,glm-5.3,True,
d85d12af477021846e27:glm-5.3,glm-5.3,glm-5.3,True,
2d31f2347337d696c13f:deepseek-v4-pro,deepseek-v4-pro,deepseek-v4-pro,True,
50d9217b41b94ed86565:MiniMax-M3,MiniMax-M3,MiniMax-M3,True,
d5669c79f4f16919a44b:MiniMax-M3,MiniMax-M3,MiniMax-M3,True,
45976e8099344233b441:deepseek-v4-pro,deepseek-v4-pro,deepseek-v4-pro,True,
0708241fe563a18ac31c:deepseek-v4-pro,deepseek-v4-pro,deepseek-v4-pro,True,
2d8254a860a1c803a67b:deepseek-v4-pro,deepseek-v4-pro,deepseek-v4-pro,True,
2795794a33e7dca89e26:MiniMax-M3,MiniMax-M3,MiniMax-M3,True,
ddaacf0466c361e9a17a:glm-5.3,glm-5.3,glm-5.3,True,
a954db7e96aec4d8dbef:glm-5.3,glm-5.3,glm-5.3,True,
ce07a745ca06e02b8463:MiniMax-M3,MiniMax-M3,MiniMax-M3,True,
ab37f0381ca2641b4c80:MiniMax-M3,MiniMax-M3,MiniMax-M3,True,
2b523141c4fa7769ae2b:deepseek-v4-pro,deepseek-v4-pro,deepseek-v4-pro,True,
e0e5122c70041abe73a7:MiniMax-M3,MiniMax-M3,MiniMax-M3,True,
b4daba35ba7ad81f8cbc:deepseek-v4-pro,deepseek-v4-pro,deepseek-v4-pro,True,
2a6e919481a01bfd499a:glm-5.3,glm-5.3,glm-5.3,True,
7c3aec33f89ac39d3ea9:glm-5.3,glm-5.3,glm-5.3,True,
e8490e6f49fb51144984:MiniMax-M3,MiniMax-M3,MiniMax-M3,True,
ee1253f3621f2d75b397:glm-5.3,glm-5.3,glm-5.3,True,
badbc1fd04e355b81618:deepseek-v4-pro,deepseek-v4-pro,deepseek-v4-pro,True,
eefc9bd37e9af78dca7b:glm-5.3,glm-5.3,glm-5.3,True,
1656484696f64a3791ab:glm-5.3,glm-5.3,glm-5.3,True,
775397cab0962ea6ac4d:deepseek-v4-pro,deepseek-v4-pro,deepseek-v4-pro,True,
5eb2b02d155846ff6a13:MiniMax-M3,MiniMax-M3,MiniMax-M3,True,
de62724f25a53c75cd84:glm-5.3,glm-5.3,glm-5.3,True,
a98ff1a4ee7ac4c831ae:MiniMax-M3,MiniMax-M3,MiniMax-M3,True,
e7e900e03ba8f96dc200:deepseek-v4-pro,deepseek-v4-pro,deepseek-v4-pro,True,
55111445bc9620a0774a:glm-5.3,glm-5.3,glm-5.3,True,
172852bac21f74a8128b:glm-5.3,glm-5.3,glm-5.3,True,
1fbc0a4e7cefe65d939c:MiniMax-M3,MiniMax-M3,MiniMax-M3,True,
c016460d49db5b592fdc:deepseek-v4-pro,deepseek-v4-pro,deepseek-v4-pro,True,
1641981f1e69cee47aa1:deepseek-v4-pro,deepseek-v4-pro,deepseek-v4-pro,True,
ee7fd6a3626e963aa668:glm-5.3,glm-5.3,glm-5.3,True,
bd103190663f8c2acc7c:MiniMax-M3,MiniMax-M3,MiniMax-M3,True,
fb167974b24668728295:MiniMax-M3,MiniMax-M3,MiniMax-M3,True,
84ce054eb7d50b216d7c:glm-5.3,glm-5.3,glm-5.3,True,
db0bb4c849b4759e57c8:MiniMax-M3,MiniMax-M3,MiniMax-M3,True,
8812ba8421a04677026f:deepseek-v4-pro,deepseek-v4-pro,deepseek-v4-pro,True,
48f2e65abdcd73b3323c:glm-5.3,glm-5.3,glm-5.3,True,
327de7a17d8abb4407f3:deepseek-v4-pro,deepseek-v4-pro,deepseek-v4-pro,True,
ca9d9d68a0e7f32e1312:glm-5.3,glm-5.3,glm-5.3,True,
08567618f09f76928532:MiniMax-M3,MiniMax-M3,MiniMax-M3,True,
0ad6f2c335a9da629ec6:glm-5.3,glm-5.3,glm-5.3,True,
577d428239bb878dab7e:deepseek-v4-pro,deepseek-v4-pro,deepseek-v4-pro,True,
4a848248f95d93f14450:glm-5.3,glm-5.3,glm-5.3,True,
b1b9c35e73cdd3285d6c:glm-5.3,glm-5.3,glm-5.3,True,
a19b0cff0ec19f628122:glm-5.3,glm-5.3,glm-5.3,True,
cfc24a5476a9909c5aa5:glm-5.3,glm-5.3,glm-5.3,True,
7d46408ca8d5f86af405:MiniMax-M3,MiniMax-M3,MiniMax-M3,True,
b27d171f7a274a677bb9:glm-5.3,glm-5.3,glm-5.3,True,
033cba11699a6343ae65:MiniMax-M3,MiniMax-M3,MiniMax-M3,True,
7339771078f266884a84:MiniMax-M3,MiniMax-M3,MiniMax-M3,True,
498993fa64be250dca06:MiniMax-M3,MiniMax-M3,MiniMax-M3,True,
11d28c8257368c00eedb:glm-5.3,glm-5.3,glm-5.3,True,
2462fcef103c7f2d61a3:glm-5.3,glm-5.3,glm-5.3,True,
1ab640a69ff695476451:MiniMax-M3,MiniMax-M3,MiniMax-M3,True,
e62803d393d1e9df9e8d:glm-5.3,glm-5.3,glm-5.3,True,
b777db7176b728db684e:deepseek-v4-pro,deepseek-v4-pro,deepseek-v4-pro,True,
91e981a1add211a254e8:glm-5.3,glm-5.3,glm-5.3,True,
f82c2789c73f26e45d3b:MiniMax-M3,MiniMax-M3,MiniMax-M3,True,
fa4afab100201d5965f1:glm-5.3,glm-5.3,glm-5.3,True,
618ef08fbdfbd90e4cbd:MiniMax-M3,MiniMax-M3,MiniMax-M3,True,
b82a89029a1fb27bde70:glm-5.3,glm-5.3,glm-5.3,True,
cddf5989e9838a25db37:MiniMax-M3,MiniMax-M3,MiniMax-M3,True,
b16dc7e07444281e679d:MiniMax-M3,MiniMax-M3,MiniMax-M3,True,
35ac9dfc16b604050ff5:deepseek-v4-pro,deepseek-v4-pro,deepseek-v4-pro,True,
3ec7b9adb39e46341911:MiniMax-M3,MiniMax-M3,MiniMax-M3,True,
6a319667499168e5e9d8:MiniMax-M3,MiniMax-M3,MiniMax-M3,True,
a21557535ed48a17c942:deepseek-v4-pro,deepseek-v4-pro,deepseek-v4-pro,True,
6a8feecf3736c838aeae:MiniMax-M3,MiniMax-M3,MiniMax-M3,True,
ae61244473108302b5dd:deepseek-v4-pro,deepseek-v4-pro,deepseek-v4-pro,True,
2f1124db9ca843382c13:deepseek-v4-pro,deepseek-v4-pro,deepseek-v4-pro,True,
ea5e8ae881ea968a1fb1:glm-5.3,glm-5.3,glm-5.3,True,
1448284dadd44bb35397:MiniMax-M3,MiniMax-M3,MiniMax-M3,True,
1e73ad65ca26c069f3e8:MiniMax-M3,MiniMax-M3,MiniMax-M3,True,
56d8f89f3eef799d8686:deepseek-v4-pro,deepseek-v4-pro,deepseek-v4-pro,True,
97c8d0e900328ed9e210:deepseek-v4-pro,deepseek-v4-pro,deepseek-v4-pro,True,
ced6c005da3a62ce45e1:deepseek-v4-pro,deepseek-v4-pro,deepseek-v4-pro,True,
4250fa01ed5e0d0b564e:glm-5.3,glm-5.3,glm-5.3,True,
82ef205ab6e2f6b14651:deepseek-v4-pro,deepseek-v4-pro,deepseek-v4-pro,True,
9e073bff46544f27dff1:glm-5.3,glm-5.3,glm-5.3,True,
98ada89e598c2806a77e:deepseek-v4-pro,deepseek-v4-pro,deepseek-v4-pro,True,
2981bc1834415a2bcf51:deepseek-v4-pro,deepseek-v4-pro,deepseek-v4-pro,True,
1abdcded02de75d56d9e:deepseek-v4-pro,deepseek-v4-pro,deepseek-v4-pro,True,
b9f3a32119a7123ab345:MiniMax-M3,MiniMax-M3,MiniMax-M3,True,
0ecebd632a66fc139c12:glm-5.3,glm-5.3,glm-5.3,True,
f49278b7cfd5f8a1619e:deepseek-v4-pro,deepseek-v4-pro,deepseek-v4-pro,True,
68bf70b1cb36515b60fd:deepseek-v4-pro,deepseek-v4-pro,deepseek-v4-pro,True,
c8d4313b79b65065839b:deepseek-v4-pro,deepseek-v4-pro,deepseek-v4-pro,True,
42a6e5a2231afc61b8e9:glm-5.3,glm-5.3,glm-5.3,True,
0f947e5d5aa8e74d83f9:MiniMax-M3,MiniMax-M3,MiniMax-M3,True,
00d365bc69056c29191a:MiniMax-M3,MiniMax-M3,MiniMax-M3,True,
512c332e00d29d48a5b7:deepseek-v4-pro,deepseek-v4-pro,deepseek-v4-pro,True,
7aecc402a93257921fdc:glm-5.3,glm-5.3,glm-5.3,True,
18f621d9130f672c44dc:deepseek-v4-pro,deepseek-v4-pro,deepseek-v4-pro,True,
b8b57b8b537aa656ef31:MiniMax-M3,MiniMax-M3,MiniMax-M3,True,
53d0ba813b253e4ce1e2:MiniMax-M3,MiniMax-M3,MiniMax-M3,True,
71bea58325e14903437c:glm-5.3,glm-5.3,glm-5.3,True,
5ea1bc510cea626d99c3:MiniMax-M3,MiniMax-M3,MiniMax-M3,True,
95fe58b5e23cf8db3def:MiniMax-M3,MiniMax-M3,MiniMax-M3,True,
d338e9ae18f2da75fb0c:glm-5.3,glm-5.3,glm-5.3,True,
3e801343f31c98509c08:glm-5.3,glm-5.3,glm-5.3,True,
d60f13cf10caecf7ea9e:deepseek-v4-pro,deepseek-v4-pro,deepseek-v4-pro,True,
8f5a90022b7313c8db53:glm-5.3,glm-5.3,glm-5.3,True,
dfaf25636699f9694bef:deepseek-v4-pro,deepseek-v4-pro,deepseek-v4-pro,True,
f9775d407b98ef98036c:glm-5.3,glm-5.3,glm-5.3,True,
ca49db6185c285d9d1fa:deepseek-v4-pro,deepseek-v4-pro,deepseek-v4-pro,True,
7e5318b865b4ce0bf9f2:MiniMax-M3,MiniMax-M3,MiniMax-M3,True,
03ba46cd9016c34a6d5e:glm-5.3,glm-5.3,glm-5.3,True,
8a15786cf8f939e3560f:glm-5.3,glm-5.3,glm-5.3,True,
11e68479c59882cccf42:deepseek-v4-pro,deepseek-v4-pro,deepseek-v4-pro,True,
8104189a9a8cc6aca06a:glm-5.3,glm-5.3,glm-5.3,True,
53b753378403d109f883:glm-5.3,glm-5.3,glm-5.3,True,
791e7ee62a734769d114:glm-5.3,glm-5.3,glm-5.3,True,
8f410e91c0e17a47000b:glm-5.3,glm-5.3,glm-5.3,True,
e0f95562f47af677329a:MiniMax-M3,MiniMax-M3,MiniMax-M3,True,
af1206cf7e985cc8118c:deepseek-v4-pro,deepseek-v4-pro,deepseek-v4-pro,True,
33dd91a6fbb9e5b826f7:deepseek-v4-pro,deepseek-v4-pro,deepseek-v4-pro,True,
cbb57fb8854e183b63b7:MiniMax-M3,MiniMax-M3,MiniMax-M3,True,
8e7a9e9ca4fd45509d72:MiniMax-M3,MiniMax-M3,MiniMax-M3,True,
e80022a4245244702040:glm-5.3,glm-5.3,glm-5.3,True,
0540ad8b2c99a1ffd797:MiniMax-M3,MiniMax-M3,MiniMax-M3,True,
790ab931cab107968a9d:MiniMax-M3,MiniMax-M3,MiniMax-M3,True,
335c445af0558b6829f4:glm-5.3,glm-5.3,glm-5.3,True,
9e468dd45c2e3f9ad765:deepseek-v4-pro,deepseek-v4-pro,deepseek-v4-pro,True,
1578c74575c1951b0003:deepseek-v4-pro,deepseek-v4-pro,deepseek-v4-pro,True,
205bac4f8a94fbbb20a5:deepseek-v4-pro,deepseek-v4-pro,deepseek-v4-pro,True,
6cefe55e674788d49ed1:MiniMax-M3,MiniMax-M3,MiniMax-M3,True,
e1e4bae48fa2a41cd99a:MiniMax-M3,MiniMax-M3,MiniMax-M3,True,
20a145c7a9d2269edac2:glm-5.3,glm-5.3,glm-5.3,True,
a08fac2c5954db7628a4:glm-5.3,glm-5.3,glm-5.3,True,
f22fa469963e945055dc:glm-5.3,glm-5.3,glm-5.3,True,
de13fae58abaa9108b36:glm-5.3,glm-5.3,glm-5.3,True,
8850a71d55d4f1447abe:MiniMax-M3,MiniMax-M3,MiniMax-M3,True,
92206fc5f24c2eaf031c:glm-5.3,glm-5.3,glm-5.3,True,
6ce8c1ce33096d4ef8e3:glm-5.3,glm-5.3,glm-5.3,True,
cb053b567cc2b721f937:deepseek-v4-pro,deepseek-v4-pro,deepseek-v4-pro,True,
99cfa2197f2030ec2cfb:deepseek-v4-pro,deepseek-v4-pro,deepseek-v4-pro,True,
e04b2a122fff28a4bb78:MiniMax-M3,MiniMax-M3,MiniMax-M3,True,
2b1aa9f6aecd6313de5f:glm-5.3,glm-5.3,glm-5.3,True,
c86335c43117dd47ef06:glm-5.3,glm-5.3,glm-5.3,True,
208f5e320084283e2d26:MiniMax-M3,MiniMax-M3,MiniMax-M3,True,
fb167974b24668728295:deepseek-v4-pro,deepseek-v4-pro,deepseek-v4-pro,True,
04368ffa2f61968b9e0c:deepseek-v4-pro,deepseek-v4-pro,deepseek-v4-pro,True,
74fb03763452775cb99c:glm-5.3,glm-5.3,glm-5.3,True,
81cb6d368b4b79e9f986:glm-5.3,glm-5.3,glm-5.3,True,
fd628ba6effbd2ba0cad:deepseek-v4-pro,deepseek-v4-pro,deepseek-v4-pro,True,
34c89f35f6603175951e:MiniMax-M3,MiniMax-M3,MiniMax-M3,True,
e5c98052e83e03de854e:glm-5.3,glm-5.3,glm-5.3,True,
921dc7d9301bacdfc75f:glm-5.3,glm-5.3,glm-5.3,True,
51d00bf1805dd9204538:glm-5.3,glm-5.3,glm-5.3,True,
3114cdb9321972629085:deepseek-v4-pro,deepseek-v4-pro,deepseek-v4-pro,True,
7e0bd5fccf2b7ceafd5d:glm-5.3,glm-5.3,glm-5.3,True,
9a28bea9740d9ba358ae:MiniMax-M3,MiniMax-M3,MiniMax-M3,True,
a17fe5d319a58169f93e:glm-5.3,glm-5.3,glm-5.3,True,
5fe3ea1948175da0160d:deepseek-v4-pro,deepseek-v4-pro,deepseek-v4-pro,True,
9be5e0ca00bf8a39f0b0:glm-5.3,glm-5.3,glm-5.3,True,
6e726b22411d8e66a5e4:MiniMax-M3,MiniMax-M3,MiniMax-M3,True,
a39ae1dc6cf96e3dd39f:deepseek-v4-pro,deepseek-v4-pro,deepseek-v4-pro,True,
b5910f52101bc1783d9a:MiniMax-M3,MiniMax-M3,MiniMax-M3,True,
9bfa97b29747b4324a91:MiniMax-M3,MiniMax-M3,MiniMax-M3,True,
47454a291154e5884cfc:glm-5.3,glm-5.3,glm-5.3,True,
9370ebe6365b789c8b27:deepseek-v4-pro,deepseek-v4-pro,deepseek-v4-pro,True,
ab28c40ceef998641805:MiniMax-M3,MiniMax-M3,MiniMax-M3,True,
754db63212abf59e75c8:deepseek-v4-pro,deepseek-v4-pro,deepseek-v4-pro,True,
3d6d6bfa7465c42834a3:glm-5.3,glm-5.3,glm-5.3,True,
99c1a795b5af0daf5ea5:deepseek-v4-pro,deepseek-v4-pro,deepseek-v4-pro,True,
ac12fdd9486c7f05359c:MiniMax-M3,MiniMax-M3,MiniMax-M3,True,
b12fbf0f837c687db484:glm-5.3,glm-5.3,glm-5.3,True,
1850fe0ed7ddbd952921:deepseek-v4-pro,deepseek-v4-pro,deepseek-v4-pro,True,
350cbce12291faf5fe9c:glm-5.3,glm-5.3,glm-5.3,True,
d6e8b9c36f578a520464:MiniMax-M3,MiniMax-M3,MiniMax-M3,True,
ad55168451d255b28454:MiniMax-M3,MiniMax-M3,MiniMax-M3,True,
795da41192f813753311:MiniMax-M3,MiniMax-M3,MiniMax-M3,True,
a62a81b3efffcb7011d0:MiniMax-M3,MiniMax-M3,MiniMax-M3,True,
d99fd1377a065fb345c2:deepseek-v4-pro,deepseek-v4-pro,deepseek-v4-pro,True,
24f9ee70a92d5ab6b2e2:MiniMax-M3,MiniMax-M3,MiniMax-M3,True,
65b10d1fe021cc7c8a9e:MiniMax-M3,MiniMax-M3,MiniMax-M3,True,
3d8b93cc987309e9e5e0:deepseek-v4-pro,deepseek-v4-pro,deepseek-v4-pro,True,
d95101e70bf8fa6d3a20:glm-5.3,glm-5.3,glm-5.3,True,
b1d7f00ed1e6ba48f4a6:deepseek-v4-pro,deepseek-v4-pro,deepseek-v4-pro,True,
d364ea5a297150be2ff7:deepseek-v4-pro,deepseek-v4-pro,deepseek-v4-pro,True,
b4afddad15b4c13bc3c1:glm-5.3,glm-5.3,glm-5.3,True,
9cfd25c18f4d5e96b3ea:MiniMax-M3,MiniMax-M3,MiniMax-M3,True,
7390a408cc82aaa7016f:deepseek-v4-pro,deepseek-v4-pro,deepseek-v4-pro,True,
aa410e8978b97c68d37d:MiniMax-M3,MiniMax-M3,MiniMax-M3,True,
30d233cd77c53586e676:deepseek-v4-pro,deepseek-v4-pro,deepseek-v4-pro,True,
fe2e22fba828b7bd34b2:MiniMax-M3,MiniMax-M3,MiniMax-M3,True,
8068df839e38c1ca7966:deepseek-v4-pro,deepseek-v4-pro,deepseek-v4-pro,True,
e5255e40ac7d57502d28:deepseek-v4-pro,deepseek-v4-pro,deepseek-v4-pro,True,
b792f9d8acf1256ab7d5:MiniMax-M3,MiniMax-M3,MiniMax-M3,True,
9fcd21bf2fcb28e01cca:MiniMax-M3,MiniMax-M3,MiniMax-M3,True,
ba2521fd4994cdb11866:glm-5.3,glm-5.3,glm-5.3,True,
95e96948cf2f976e0c68:MiniMax-M3,MiniMax-M3,MiniMax-M3,True,
ecf5c72704e0fadb0731:MiniMax-M3,MiniMax-M3,MiniMax-M3,True,
ef0649d623ce49332913:deepseek-v4-pro,deepseek-v4-pro,deepseek-v4-pro,True,
bb11d089d130d8910a98:deepseek-v4-pro,deepseek-v4-pro,deepseek-v4-pro,True,
e0c8af39b7d68fce0341:glm-5.3,glm-5.3,glm-5.3,True,
8417e6de7a1435edac3b:MiniMax-M3,MiniMax-M3,MiniMax-M3,True,
6daec0b6e80d74582df4:glm-5.3,glm-5.3,glm-5.3,True,
81cb6d368b4b79e9f986:deepseek-v4-pro,deepseek-v4-pro,deepseek-v4-pro,True,
3534a95cffb481a92103:MiniMax-M3,MiniMax-M3,MiniMax-M3,True,
67fe68c1557d96aabe55:deepseek-v4-pro,deepseek-v4-pro,deepseek-v4-pro,True,
7868e46f58a6eda14e54:MiniMax-M3,MiniMax-M3,MiniMax-M3,True,
99486c34f729a6fbb54a:MiniMax-M3,MiniMax-M3,MiniMax-M3,True,
8f9b76aed51d7bb37e5a:MiniMax-M3,MiniMax-M3,MiniMax-M3,True,
bcc9817590ba98d8b6e7:deepseek-v4-pro,deepseek-v4-pro,deepseek-v4-pro,True,
ff5a883370a9064522cd:deepseek-v4-pro,deepseek-v4-pro,deepseek-v4-pro,True,
e6913ba61f6e869f2078:deepseek-v4-pro,deepseek-v4-pro,deepseek-v4-pro,True,
168d771dd08b81b5c7bb:deepseek-v4-pro,deepseek-v4-pro,deepseek-v4-pro,True,
60c8039c0ca32de5a366:glm-5.3,glm-5.3,glm-5.3,True,
74b8ac712d62861a2e07:glm-5.3,glm-5.3,glm-5.3,True,
c8d5983eccee14f70319:MiniMax-M3,MiniMax-M3,MiniMax-M3,True,
f8119a66a6a7fb3de080:deepseek-v4-pro,deepseek-v4-pro,deepseek-v4-pro,True,
ff5da605f33988bdea87:MiniMax-M3,MiniMax-M3,MiniMax-M3,True,
a222d912570e6a1a070f:glm-5.3,glm-5.3,glm-5.3,True,
01b7a85a73c1f63467f0:glm-5.3,glm-5.3,glm-5.3,True,
36ca7bed829f9afbb309:deepseek-v4-pro,deepseek-v4-pro,deepseek-v4-pro,True,
434f7f88f374b318c6f4:deepseek-v4-pro,deepseek-v4-pro,deepseek-v4-pro,True,
aa50e42ec640769c3cfa:deepseek-v4-pro,deepseek-v4-pro,deepseek-v4-pro,True,
4a84d5866ee163b84446:MiniMax-M3,MiniMax-M3,MiniMax-M3,True,
c9660f654b511f8d4343:MiniMax-M3,MiniMax-M3,MiniMax-M3,True,
4e77994bb985363cc822:glm-5.3,glm-5.3,glm-5.3,True,
8582d4f42fbdc7037240:MiniMax-M3,MiniMax-M3,MiniMax-M3,True,
984cfeb293f7a9cf787d:MiniMax-M3,MiniMax-M3,MiniMax-M3,True,
fc22ed2a50cd63ac6900:MiniMax-M3,MiniMax-M3,MiniMax-M3,True,
4d079a4367cae9df8ef6:glm-5.3,glm-5.3,glm-5.3,True,
cc749db9f5e83cb3560e:glm-5.3,glm-5.3,glm-5.3,True,
31924cbc025858918f01:MiniMax-M3,MiniMax-M3,MiniMax-M3,True,
bd654cf2cc58655228be:MiniMax-M3,MiniMax-M3,MiniMax-M3,True,
e90bbe8f794e4c4e0236:MiniMax-M3,MiniMax-M3,MiniMax-M3,True,
f3080bf065bb94d9843f:MiniMax-M3,MiniMax-M3,MiniMax-M3,True,
7062c9118169ae3ac096:glm-5.3,glm-5.3,glm-5.3,True,
cfc24a5476a9909c5aa5:deepseek-v4-pro,deepseek-v4-pro,deepseek-v4-pro,True,
c2fcaea87c6162e3c334:glm-5.3,glm-5.3,glm-5.3,True,
084858d8dbfce742690e:glm-5.3,glm-5.3,glm-5.3,True,
de33e20340937f206f91:glm-5.3,glm-5.3,glm-5.3,True,
cad6e43effd5396fe434:glm-5.3,glm-5.3,glm-5.3,True,
63679a0fc318bab66c30:MiniMax-M3,MiniMax-M3,MiniMax-M3,True,
3b8dbb1eec348db39cfa:deepseek-v4-pro,deepseek-v4-pro,deepseek-v4-pro,True,
ff312196fcaab333d602:MiniMax-M3,MiniMax-M3,MiniMax-M3,True,
99a7212303e0d4fc5cd0:deepseek-v4-pro,deepseek-v4-pro,deepseek-v4-pro,True,
2a10fc7ecf680d0c7069:deepseek-v4-pro,deepseek-v4-pro,deepseek-v4-pro,True,
19f8dc847e5dc16e269d:glm-5.3,glm-5.3,glm-5.3,True,
3b085a968b1fc62a8d3f:glm-5.3,glm-5.3,glm-5.3,True,
4d82ca161e779b2d646c:glm-5.3,glm-5.3,glm-5.3,True,
28b2a7c1b2e461ef4384:MiniMax-M3,MiniMax-M3,MiniMax-M3,True,
d8452114bf6103be42a6:glm-5.3,glm-5.3,glm-5.3,True,
e38f2e6feda47962c818:deepseek-v4-pro,deepseek-v4-pro,deepseek-v4-pro,True,
9a432df45b7deabd458c:deepseek-v4-pro,deepseek-v4-pro,deepseek-v4-pro,True,
f4ee20ce62fb3307241f:MiniMax-M3,MiniMax-M3,MiniMax-M3,True,
86d5dc543bc945eb419a:MiniMax-M3,MiniMax-M3,MiniMax-M3,True,
12d0e098744940906d15:glm-5.3,glm-5.3,glm-5.3,True,
a5d4da66abd74b97acf4:deepseek-v4-pro,deepseek-v4-pro,deepseek-v4-pro,True,
329157e23adec2693750:glm-5.3,glm-5.3,glm-5.3,True,
20a145c7a9d2269edac2:deepseek-v4-pro,deepseek-v4-pro,deepseek-v4-pro,True,
5fda2f1d61f35b4db666:MiniMax-M3,MiniMax-M3,MiniMax-M3,True,
28c61a68f5c1219a86ec:glm-5.3,glm-5.3,glm-5.3,True,
26aa809cc4e4167cfcb1:glm-5.3,glm-5.3,glm-5.3,True,
e2b57b9a9bd61181dd7b:MiniMax-M3,MiniMax-M3,MiniMax-M3,True,
13f547938b68c9d63a18:deepseek-v4-pro,deepseek-v4-pro,deepseek-v4-pro,True,
cf581f8ac53ac750a834:MiniMax-M3,MiniMax-M3,MiniMax-M3,True,
3f9c4c5f513e24a15dd2:glm-5.3,glm-5.3,glm-5.3,True,
d4fbb514b9a56c36142e:glm-5.3,glm-5.3,glm-5.3,True,
fcf318c3fb1fe6f73c5d:deepseek-v4-pro,deepseek-v4-pro,deepseek-v4-pro,True,
3d678207375ff7a734b7:glm-5.3,glm-5.3,glm-5.3,True,
7e5318b865b4ce0bf9f2:glm-5.3,glm-5.3,glm-5.3,True,
e5bef8c66673f7caefcc:glm-5.3,glm-5.3,glm-5.3,True,
ff8ad575736e11d331d4:deepseek-v4-pro,deepseek-v4-pro,deepseek-v4-pro,True,
ddbb8353012c56d2eda8:deepseek-v4-pro,deepseek-v4-pro,deepseek-v4-pro,True,
6f0367506e9b9786401b:glm-5.3,glm-5.3,glm-5.3,True,
3a69f2535dae749329b4:deepseek-v4-pro,deepseek-v4-pro,deepseek-v4-pro,True,
79b22afeb80792421716:glm-5.3,glm-5.3,glm-5.3,True,
ce0d7fc2ab00afd3dc47:glm-5.3,glm-5.3,glm-5.3,True,
3027b2562d81021a9f48:deepseek-v4-pro,deepseek-v4-pro,deepseek-v4-pro,True,
b3ca6963603a0892eed0:deepseek-v4-pro,deepseek-v4-pro,deepseek-v4-pro,True,
5f415bf613bece0bb407:glm-5.3,glm-5.3,glm-5.3,True,
86381c4c4308813a21ce:glm-5.3,glm-5.3,glm-5.3,True,
5b31cd1b9984e49f03e0:deepseek-v4-pro,deepseek-v4-pro,deepseek-v4-pro,True,
3fe1ad865c1ed0884d2b:MiniMax-M3,MiniMax-M3,MiniMax-M3,True,
2c55295b66b1f1074d9f:glm-5.3,glm-5.3,glm-5.3,True,
b3243e6279f73480332c:MiniMax-M3,MiniMax-M3,MiniMax-M3,True,
30d233cd77c53586e676:MiniMax-M3,MiniMax-M3,MiniMax-M3,True,
0dfbe56b88edb9857ee0:glm-5.3,glm-5.3,glm-5.3,True,
6b6597ae4b7ad2ca9cb9:deepseek-v4-pro,deepseek-v4-pro,deepseek-v4-pro,True,
c8f6b36325f6ceff1f5c:MiniMax-M3,MiniMax-M3,MiniMax-M3,True,
92323b0381c8da9942bd:deepseek-v4-pro,deepseek-v4-pro,deepseek-v4-pro,True,
ca01b91b4d578d8d4e4c:glm-5.3,glm-5.3,glm-5.3,True,
4c5a3a35507db8de5af7:glm-5.3,glm-5.3,glm-5.3,True,
15d3f3374dad17bcecc8:deepseek-v4-pro,deepseek-v4-pro,deepseek-v4-pro,True,
ed93b913a51ee9979cf8:MiniMax-M3,MiniMax-M3,MiniMax-M3,True,
f224e258d43952296969:glm-5.3,glm-5.3,glm-5.3,True,
8b6e3533c56fd6daab0e:deepseek-v4-pro,deepseek-v4-pro,deepseek-v4-pro,True,
634681f6698222a85db2:MiniMax-M3,MiniMax-M3,MiniMax-M3,True,
4269effce97b1b4a6e37:MiniMax-M3,MiniMax-M3,MiniMax-M3,True,
e6f91ae87e30707a82c0:MiniMax-M3,MiniMax-M3,MiniMax-M3,True,
6bb392ce0b815a01d06d:deepseek-v4-pro,deepseek-v4-pro,deepseek-v4-pro,True,
b4ba9ca92ebded9363e7:glm-5.3,glm-5.3,glm-5.3,True,
5609e019facf9e3f7f4a:glm-5.3,glm-5.3,glm-5.3,True,
e1d945e77242253d56e3:deepseek-v4-pro,deepseek-v4-pro,deepseek-v4-pro,True,
15d045261474a2042985:glm-5.3,glm-5.3,glm-5.3,True,
6a5ca59cef75045c7038:MiniMax-M3,MiniMax-M3,MiniMax-M3,True,
3bb355893de118d115f4:MiniMax-M3,MiniMax-M3,MiniMax-M3,True,
f53857ed7179dd015126:MiniMax-M3,MiniMax-M3,MiniMax-M3,True,
38468c835201a9c55165:glm-5.3,glm-5.3,glm-5.3,True,
d22294cc82e0c0467e56:deepseek-v4-pro,deepseek-v4-pro,deepseek-v4-pro,True,
5a43fc044590275c6602:deepseek-v4-pro,deepseek-v4-pro,deepseek-v4-pro,True,
359d769009305c080a42:deepseek-v4-pro,deepseek-v4-pro,deepseek-v4-pro,True,
36db4f2970489a7020de:deepseek-v4-pro,deepseek-v4-pro,deepseek-v4-pro,True,
6c2af119424693acf1b8:MiniMax-M3,MiniMax-M3,MiniMax-M3,True,
06ab574c2d7c2c5d073c:glm-5.3,glm-5.3,glm-5.3,True,
dfb37f2636976898a5c2:deepseek-v4-pro,deepseek-v4-pro,deepseek-v4-pro,True,
2258638b2a76453ee31f:deepseek-v4-pro,deepseek-v4-pro,deepseek-v4-pro,True,
09928e0a9450acf92598:MiniMax-M3,MiniMax-M3,MiniMax-M3,True,
497f30d85f80d893eeaf:deepseek-v4-pro,deepseek-v4-pro,deepseek-v4-pro,True,
d463323e07d9a005eeb1:MiniMax-M3,MiniMax-M3,MiniMax-M3,True,
2b856c56976c69d36fe0:deepseek-v4-pro,deepseek-v4-pro,deepseek-v4-pro,True,
c6631157cc7af23824cc:MiniMax-M3,MiniMax-M3,MiniMax-M3,True,
9581d2c23b8f63977620:deepseek-v4-pro,deepseek-v4-pro,deepseek-v4-pro,True,
c0c45f656f361d675dcd:deepseek-v4-pro,deepseek-v4-pro,deepseek-v4-pro,True,
7d46408ca8d5f86af405:glm-5.3,glm-5.3,glm-5.3,True,
1f50aa11ad05e7b56caa:glm-5.3,glm-5.3,glm-5.3,True,
289c04c7e47a86410173:glm-5.3,glm-5.3,glm-5.3,True,
9246c28eb430919b8a98:glm-5.3,glm-5.3,glm-5.3,True,
0ed858ec7566ef739204:MiniMax-M3,MiniMax-M3,MiniMax-M3,True,
fb7440bbd8abd659e808:MiniMax-M3,MiniMax-M3,MiniMax-M3,True,
a36e31fd0175e0b629bc:MiniMax-M3,MiniMax-M3,MiniMax-M3,True,
0e01b7727d0a6b1515f1:MiniMax-M3,MiniMax-M3,MiniMax-M3,True,
3fe1ad865c1ed0884d2b:deepseek-v4-pro,deepseek-v4-pro,deepseek-v4-pro,True,
754ed3fa8226807ef26f:MiniMax-M3,MiniMax-M3,MiniMax-M3,True,
66f031eecb333b3fd1e8:glm-5.3,glm-5.3,glm-5.3,True,
6b01ee8fe273885b9561:MiniMax-M3,MiniMax-M3,MiniMax-M3,True,
9ee77eb466b02583f159:deepseek-v4-pro,deepseek-v4-pro,deepseek-v4-pro,True,
caed52b05bf86ad778e2:MiniMax-M3,MiniMax-M3,MiniMax-M3,True,
a9dabe679ecb5d7cacb1:deepseek-v4-pro,deepseek-v4-pro,deepseek-v4-pro,True,
f121445b4caf3c017bc9:glm-5.3,glm-5.3,glm-5.3,True,
f68285cb9a6239c3d670:MiniMax-M3,MiniMax-M3,MiniMax-M3,True,
1ab34558fa95ad3ccae4:MiniMax-M3,MiniMax-M3,MiniMax-M3,True,
933a37b4e7e0e70eb617:MiniMax-M3,MiniMax-M3,MiniMax-M3,True,
1a667979d980deb4aaad:MiniMax-M3,MiniMax-M3,MiniMax-M3,True,
deef6bb9f7f29f0b434e:glm-5.3,glm-5.3,glm-5.3,True,
0e01b7727d0a6b1515f1:deepseek-v4-pro,deepseek-v4-pro,deepseek-v4-pro,True,
248b41f2b47cf10b66f5:glm-5.3,glm-5.3,glm-5.3,True,
c5e4492eccc8bd69957e:MiniMax-M3,MiniMax-M3,MiniMax-M3,True,
6fc7cc8771828f6f3e3d:MiniMax-M3,MiniMax-M3,MiniMax-M3,True,
abcc742bfd01f1e23024:MiniMax-M3,MiniMax-M3,MiniMax-M3,True,
0d82dd0464ca24b48820:MiniMax-M3,MiniMax-M3,MiniMax-M3,True,
8deb874641294d3b23db:MiniMax-M3,MiniMax-M3,MiniMax-M3,True,
f0a24012e4b6b83711cd:glm-5.3,glm-5.3,glm-5.3,True,
544da7d9d7aa5d583f76:deepseek-v4-pro,deepseek-v4-pro,deepseek-v4-pro,True,
fda35c53b0ecab65acae:MiniMax-M3,MiniMax-M3,MiniMax-M3,True,
5b2e773d27d0b10ebff3:deepseek-v4-pro,deepseek-v4-pro,deepseek-v4-pro,True,
c6337fecc65b403b1629:deepseek-v4-pro,deepseek-v4-pro,deepseek-v4-pro,True,
abba0b9849d0cb0f76e8:deepseek-v4-pro,deepseek-v4-pro,deepseek-v4-pro,True,
2d219a6396bef8e9dc60:MiniMax-M3,MiniMax-M3,MiniMax-M3,True,
fbb1488706d571ef5352:MiniMax-M3,MiniMax-M3,MiniMax-M3,True,
148c56dc2d88ce1d44b8:glm-5.3,glm-5.3,glm-5.3,True,
88266475d1974f2e95b9:glm-5.3,glm-5.3,glm-5.3,True,
312fad8220530cc2f6db:glm-5.3,glm-5.3,glm-5.3,True,
6bdea3b91cd98de7710e:deepseek-v4-pro,deepseek-v4-pro,deepseek-v4-pro,True,
67c98c3216e4f90f7922:deepseek-v4-pro,deepseek-v4-pro,deepseek-v4-pro,True,
13f547938b68c9d63a18:MiniMax-M3,MiniMax-M3,MiniMax-M3,True,
9a28bea9740d9ba358ae:glm-5.3,glm-5.3,glm-5.3,True,
2162477effe5707063bb:MiniMax-M3,MiniMax-M3,MiniMax-M3,True,
109e064de69e02d09861:MiniMax-M3,MiniMax-M3,MiniMax-M3,True,
7953570a8fd1f2195c08:glm-5.3,glm-5.3,glm-5.3,True,
118cd4275d6c9276f54d:glm-5.3,glm-5.3,glm-5.3,True,
b8699d47b60baa1400c9:deepseek-v4-pro,deepseek-v4-pro,deepseek-v4-pro,True,
68ff5a84c8780bb69ffa:MiniMax-M3,MiniMax-M3,MiniMax-M3,True,
1506639cc683595ac578:glm-5.3,glm-5.3,glm-5.3,True,
d8411a9de8b7b79fa4ca:MiniMax-M3,MiniMax-M3,MiniMax-M3,True,
6d522aaf6bb4f09b1a27:MiniMax-M3,MiniMax-M3,MiniMax-M3,True,
1f97c59fbb182e84fbc0:MiniMax-M3,MiniMax-M3,MiniMax-M3,True,
6e055cdf213b21be83aa:deepseek-v4-pro,deepseek-v4-pro,deepseek-v4-pro,True,
c85f86c721ce0250ce47:glm-5.3,glm-5.3,glm-5.3,True,
b06a123cc05421689124:MiniMax-M3,MiniMax-M3,MiniMax-M3,True,
1c812feb16b8720ce3e1:glm-5.3,glm-5.3,glm-5.3,True,
d361650cb59c37b390e5:deepseek-v4-pro,deepseek-v4-pro,deepseek-v4-pro,True,
e92661e1ced45035f130:deepseek-v4-pro,deepseek-v4-pro,deepseek-v4-pro,True,
bafeba21d2909161aee3:MiniMax-M3,MiniMax-M3,MiniMax-M3,True,
d85d12af477021846e27:MiniMax-M3,MiniMax-M3,MiniMax-M3,True,
2ba984dc7a8d64d80395:MiniMax-M3,MiniMax-M3,MiniMax-M3,True,
e5c98052e83e03de854e:MiniMax-M3,MiniMax-M3,MiniMax-M3,True,
b7654e512f789c0dbfa8:glm-5.3,glm-5.3,glm-5.3,True,
db7c01ca1cf7b6377412:glm-5.3,glm-5.3,glm-5.3,True,
5a9f3b5ea5a7585daf8a:MiniMax-M3,MiniMax-M3,MiniMax-M3,True,
169d6c8aceee9c89b8ae:deepseek-v4-pro,deepseek-v4-pro,deepseek-v4-pro,True,
b5c9baba023004344ed7:glm-5.3,glm-5.3,glm-5.3,True,
9a28bea9740d9ba358ae:deepseek-v4-pro,deepseek-v4-pro,deepseek-v4-pro,True,
7e553cd3d3839aa91363:glm-5.3,glm-5.3,glm-5.3,True,
2bbb626adad46b8c0021:MiniMax-M3,MiniMax-M3,MiniMax-M3,True,
2b9c141fcb38cd88eabd:deepseek-v4-pro,deepseek-v4-pro,deepseek-v4-pro,True,
87b0d1f2ff9de6e9630b:MiniMax-M3,MiniMax-M3,MiniMax-M3,True,
30d233cd77c53586e676:glm-5.3,glm-5.3,glm-5.3,True,
513a87a1c117987b86a2:MiniMax-M3,MiniMax-M3,MiniMax-M3,True,
dfe7b239eb9573d33634:MiniMax-M3,MiniMax-M3,MiniMax-M3,True,
10bfd6baa6a171607919:glm-5.3,glm-5.3,glm-5.3,True,
5e254760125eb18acded:glm-5.3,glm-5.3,glm-5.3,True,
debe3647795410f7f537:deepseek-v4-pro,deepseek-v4-pro,deepseek-v4-pro,True,
488d9744a846d75963c3:MiniMax-M3,MiniMax-M3,MiniMax-M3,True,
ab30d694e6536891a6f1:deepseek-v4-pro,deepseek-v4-pro,deepseek-v4-pro,True,
99f9ba8153dd370eb1d7:glm-5.3,glm-5.3,glm-5.3,True,
deb5567a25a0ef4a7262:glm-5.3,glm-5.3,glm-5.3,True,
6d3f48b9d0e5ac11de97:deepseek-v4-pro,deepseek-v4-pro,deepseek-v4-pro,True,
5e4b2698d6c333b7e4b9:MiniMax-M3,MiniMax-M3,MiniMax-M3,True,
e42a9731356331f0c279:glm-5.3,glm-5.3,glm-5.3,True,
68bf70b1cb36515b60fd:MiniMax-M3,MiniMax-M3,MiniMax-M3,True,
fe1cf148bebf9c4f8d9e:deepseek-v4-pro,deepseek-v4-pro,deepseek-v4-pro,True,
1dc6f1eb54fe2aea1511:MiniMax-M3,MiniMax-M3,MiniMax-M3,True,
29949c5fb2ade66fa19c:glm-5.3,glm-5.3,glm-5.3,True,
e5965ce56bd3bc0d4b28:deepseek-v4-pro,deepseek-v4-pro,deepseek-v4-pro,True,
c473d5167202bfd8bc87:MiniMax-M3,MiniMax-M3,MiniMax-M3,True,
08952495a44c1cd116a4:glm-5.3,glm-5.3,glm-5.3,True,
f0822b36bfa0470567a9:deepseek-v4-pro,deepseek-v4-pro,deepseek-v4-pro,True,
07bc2b6c0d6b02d46cfb:deepseek-v4-pro,deepseek-v4-pro,deepseek-v4-pro,True,
8ca631166a3def2ce9bb:glm-5.3,glm-5.3,glm-5.3,True,
ddab60dc254c840d7a6f:glm-5.3,glm-5.3,glm-5.3,True,
20073ab5b79e09a550f5:deepseek-v4-pro,deepseek-v4-pro,deepseek-v4-pro,True,
edd8cc3be1d92d789391:deepseek-v4-pro,deepseek-v4-pro,deepseek-v4-pro,True,
1f75013c75c3d1a30400:glm-5.3,glm-5.3,glm-5.3,True,
24b527312b26fe2d4214:glm-5.3,glm-5.3,glm-5.3,True,
432aee4a3a16b2d1e770:deepseek-v4-pro,deepseek-v4-pro,deepseek-v4-pro,True,
75af56f19a9021f54dc0:glm-5.3,glm-5.3,glm-5.3,True,
59e5d02f0cdf4e9e4bc0:glm-5.3,glm-5.3,glm-5.3,True,
e8d1a2b736e8bf2e358d:deepseek-v4-pro,deepseek-v4-pro,deepseek-v4-pro,True,
61fadabf455d2800a59f:deepseek-v4-pro,deepseek-v4-pro,deepseek-v4-pro,True,
ba948f4c00731514f365:deepseek-v4-pro,deepseek-v4-pro,deepseek-v4-pro,True,
1f8e5f6cd14a68b48df2:glm-5.3,glm-5.3,glm-5.3,True,
4d00d5b2f903d24eb9c9:MiniMax-M3,MiniMax-M3,MiniMax-M3,True,
88088728a6a163aa8dba:MiniMax-M3,MiniMax-M3,MiniMax-M3,True,
6a319667499168e5e9d8:glm-5.3,glm-5.3,glm-5.3,True,
111dc8c6ec9b73ab2aa1:glm-5.3,glm-5.3,glm-5.3,True,
898033f7c39ea8d038f0:MiniMax-M3,MiniMax-M3,MiniMax-M3,True,
6dd0411ad1020edbf66f:deepseek-v4-pro,deepseek-v4-pro,deepseek-v4-pro,True,
0f947e5d5aa8e74d83f9:glm-5.3,glm-5.3,glm-5.3,True,
403d61bec9d34a595f18:deepseek-v4-pro,deepseek-v4-pro,deepseek-v4-pro,True,
ae5c9ebfccb7176220c2:glm-5.3,glm-5.3,glm-5.3,True,
02b54581945a812fd72b:MiniMax-M3,MiniMax-M3,MiniMax-M3,True,
f163ae68a86afcee0c8a:glm-5.3,glm-5.3,glm-5.3,True,
93953488e691644b6d82:glm-5.3,glm-5.3,glm-5.3,True,
f350053e6c60c084558c:glm-5.3,glm-5.3,glm-5.3,True,
792c9b28b688bfc82bf5:MiniMax-M3,MiniMax-M3,MiniMax-M3,True,
d4fe3b025d62b5901d64:glm-5.3,glm-5.3,glm-5.3,True,
e523676794cb9b4828b6:MiniMax-M3,MiniMax-M3,MiniMax-M3,True,
f29955adcae5c6ce4934:deepseek-v4-pro,deepseek-v4-pro,deepseek-v4-pro,True,
d34408646bb4a2aab21f:MiniMax-M3,MiniMax-M3,MiniMax-M3,True,
e03e9095e3e6dd51dfa2:MiniMax-M3,MiniMax-M3,MiniMax-M3,True,
4fdead024e9291c74a3b:deepseek-v4-pro,deepseek-v4-pro,deepseek-v4-pro,True,
8109d66cee1dd3167bc7:deepseek-v4-pro,deepseek-v4-pro,deepseek-v4-pro,True,
73b173362cd25823f039:glm-5.3,glm-5.3,glm-5.3,True,
93c5c3ebc0f7f8a23809:deepseek-v4-pro,deepseek-v4-pro,deepseek-v4-pro,True,
15330e57d5d98143ed0d:glm-5.3,glm-5.3,glm-5.3,True,
4415f247fb99a31960ab:deepseek-v4-pro,deepseek-v4-pro,deepseek-v4-pro,True,
ccd8254b5da1ebf26825:deepseek-v4-pro,deepseek-v4-pro,deepseek-v4-pro,True,
e3bf392700031993ea84:glm-5.3,glm-5.3,glm-5.3,True,
3ae8c2eac3d49d44b28b:glm-5.3,glm-5.3,glm-5.3,True,
89429c91db139423d103:glm-5.3,glm-5.3,glm-5.3,True,
0419ea7bb8d85db8dd20:deepseek-v4-pro,deepseek-v4-pro,deepseek-v4-pro,True,
9d0478228c36c0d36ea6:deepseek-v4-pro,deepseek-v4-pro,deepseek-v4-pro,True,
ed060997944876c6e9d2:deepseek-v4-pro,deepseek-v4-pro,deepseek-v4-pro,True,
8f5f6dd84b76ef7ac98a:deepseek-v4-pro,deepseek-v4-pro,deepseek-v4-pro,True,
4adec775c7008c8153c3:glm-5.3,glm-5.3,glm-5.3,True,
988363f02b5513dd83fa:glm-5.3,glm-5.3,glm-5.3,True,
38468c835201a9c55165:MiniMax-M3,MiniMax-M3,MiniMax-M3,True,
fa6335892d6aca9425a7:MiniMax-M3,MiniMax-M3,MiniMax-M3,True,
51992c2b7acdf8bd0f45:deepseek-v4-pro,deepseek-v4-pro,deepseek-v4-pro,True,
424746c23708fe2e23f4:glm-5.3,glm-5.3,glm-5.3,True,
2da0f24ca9947676c398:deepseek-v4-pro,deepseek-v4-pro,deepseek-v4-pro,True,
50abfd7a594c5baa8326:glm-5.3,glm-5.3,glm-5.3,True,
3a05edab229fedc15015:glm-5.3,glm-5.3,glm-5.3,True,
82fbcacb7677c14ad89c:glm-5.3,glm-5.3,glm-5.3,True,
8f79837dfd4763581742:glm-5.3,glm-5.3,glm-5.3,True,
b2da9f9314944bd0f5d1:glm-5.3,glm-5.3,glm-5.3,True,
0e73c678b2f0b420f5ea:MiniMax-M3,MiniMax-M3,MiniMax-M3,True,
859893be49e39d4cc2d7:deepseek-v4-pro,deepseek-v4-pro,deepseek-v4-pro,True,
fa6448c7a33c9c6992a1:deepseek-v4-pro,deepseek-v4-pro,deepseek-v4-pro,True,
2b13348bd694a33236bd:deepseek-v4-pro,deepseek-v4-pro,deepseek-v4-pro,True,
d37fb60b2b9acd57b3d1:MiniMax-M3,MiniMax-M3,MiniMax-M3,True,
109e064de69e02d09861:glm-5.3,glm-5.3,glm-5.3,True,
4dfc26775593a85a709b:MiniMax-M3,MiniMax-M3,MiniMax-M3,True,
884351707ad21f05cfe4:glm-5.3,glm-5.3,glm-5.3,True,
bbf86e1064bff5b6b944:glm-5.3,glm-5.3,glm-5.3,True,
e72bd0d1bff24dcae89d:glm-5.3,glm-5.3,glm-5.3,True,
87372e16c978ae484a3e:glm-5.3,glm-5.3,glm-5.3,True,
ade2a39cc6833721c024:deepseek-v4-pro,deepseek-v4-pro,deepseek-v4-pro,True,
b4d90fb1aed83546aa37:deepseek-v4-pro,deepseek-v4-pro,deepseek-v4-pro,True,
56d6e90b5feeb9da6ead:MiniMax-M3,MiniMax-M3,MiniMax-M3,True,
a154fbcb3eb85bd354ea:deepseek-v4-pro,deepseek-v4-pro,deepseek-v4-pro,True,
4f5e62b80310ef69f839:deepseek-v4-pro,deepseek-v4-pro,deepseek-v4-pro,True,
98484f9e686475462879:MiniMax-M3,MiniMax-M3,MiniMax-M3,True,
88765c466b2b69a9fc4f:deepseek-v4-pro,deepseek-v4-pro,deepseek-v4-pro,True,
2376e1dc35086f5305b0:glm-5.3,glm-5.3,glm-5.3,True,
4631a73e95aa8b3e1861:glm-5.3,glm-5.3,glm-5.3,True,
27b8048ba7547b74e4d2:MiniMax-M3,MiniMax-M3,MiniMax-M3,True,
e34f909fd75fac117b56:MiniMax-M3,MiniMax-M3,MiniMax-M3,True,
1d97006bb8e740f9c93b:deepseek-v4-pro,deepseek-v4-pro,deepseek-v4-pro,True,
d042f6e54753b9c91ef6:glm-5.3,glm-5.3,glm-5.3,True,
4bee4d377a099e20a733:deepseek-v4-pro,deepseek-v4-pro,deepseek-v4-pro,True,
6e03a91bed3ed4fc3610:glm-5.3,glm-5.3,glm-5.3,True,
22a17c82ffd7e6d3cb24:glm-5.3,glm-5.3,glm-5.3,True,
4bdd7e07eef54a06059e:deepseek-v4-pro,deepseek-v4-pro,deepseek-v4-pro,True,
71b4b47f72de13446088:deepseek-v4-pro,deepseek-v4-pro,deepseek-v4-pro,True,
aa46ea0de7eeaec2feda:MiniMax-M3,MiniMax-M3,MiniMax-M3,True,
dee8ca2d6e112da7b8ab:deepseek-v4-pro,deepseek-v4-pro,deepseek-v4-pro,True,
58d76d0f079498a73d6b:deepseek-v4-pro,deepseek-v4-pro,deepseek-v4-pro,True,
3b82ff7eeeb4f9eb9bb9:glm-5.3,glm-5.3,glm-5.3,True,
99746a50d4e9bd9598fa:deepseek-v4-pro,deepseek-v4-pro,deepseek-v4-pro,True,
ca0c1a8619905361f05b:glm-5.3,glm-5.3,glm-5.3,True,
db7c01ca1cf7b6377412:MiniMax-M3,MiniMax-M3,MiniMax-M3,True,
2ad4da84c9553b203b7e:MiniMax-M3,MiniMax-M3,MiniMax-M3,True,
a87809fed6aa0fe71707:MiniMax-M3,MiniMax-M3,MiniMax-M3,True,
38d87fe508cec59aa023:glm-5.3,glm-5.3,glm-5.3,True,
8585d86b20e689580324:MiniMax-M3,MiniMax-M3,MiniMax-M3,True,
0421ef051430fe378049:glm-5.3,glm-5.3,glm-5.3,True,
2a3e57e68cadf9e74292:glm-5.3,glm-5.3,glm-5.3,True,
e7810c7bc426d9d9f998:MiniMax-M3,MiniMax-M3,MiniMax-M3,True,
cd8e40d8fe329e2e3238:deepseek-v4-pro,deepseek-v4-pro,deepseek-v4-pro,True,
79b567d3ea46f474f185:MiniMax-M3,MiniMax-M3,MiniMax-M3,True,
0ef4692cbc926d665048:glm-5.3,glm-5.3,glm-5.3,True,
74fb03763452775cb99c:MiniMax-M3,MiniMax-M3,MiniMax-M3,True,
db779a77bc9633b2b42f:deepseek-v4-pro,deepseek-v4-pro,deepseek-v4-pro,True,
c1dba597dbc8cae3d1ba:glm-5.3,glm-5.3,glm-5.3,True,
0e81ef2e3fcc25e040c2:MiniMax-M3,MiniMax-M3,MiniMax-M3,True,
64d10e890cc422398131:deepseek-v4-pro,deepseek-v4-pro,deepseek-v4-pro,True,
bbc32676950b0ce305e2:deepseek-v4-pro,deepseek-v4-pro,deepseek-v4-pro,True,
63cc0dd6d8d8ab3d7128:MiniMax-M3,MiniMax-M3,MiniMax-M3,True,
19f8dc847e5dc16e269d:MiniMax-M3,MiniMax-M3,MiniMax-M3,True,
b7e30416c74a1c46e81f:deepseek-v4-pro,deepseek-v4-pro,deepseek-v4-pro,True,
412c08706930e348afdd:glm-5.3,glm-5.3,glm-5.3,True,
bc5edb60637d5f51d869:glm-5.3,glm-5.3,glm-5.3,True,
d092359d2f17e1e5798d:MiniMax-M3,MiniMax-M3,MiniMax-M3,True,
442b394a87a91281a734:glm-5.3,glm-5.3,glm-5.3,True,
a83db18dc42a748c75b1:deepseek-v4-pro,deepseek-v4-pro,deepseek-v4-pro,True,
647c27a6e83ace1b4204:MiniMax-M3,MiniMax-M3,MiniMax-M3,True,
b2ad05ee71e88b39b43f:deepseek-v4-pro,deepseek-v4-pro,deepseek-v4-pro,True,
0a5056061cf4a1b510c0:glm-5.3,glm-5.3,glm-5.3,True,
b093ed36d2b83839b01d:deepseek-v4-pro,deepseek-v4-pro,deepseek-v4-pro,True,
a0565a7dcdb17940f259:glm-5.3,glm-5.3,glm-5.3,True,
9609c38bb5a03381c7e5:MiniMax-M3,MiniMax-M3,MiniMax-M3,True,
e4328dcf8182b74eead5:glm-5.3,glm-5.3,glm-5.3,True,
e84e2aa10296955524f1:deepseek-v4-pro,deepseek-v4-pro,deepseek-v4-pro,True,
26479ae72f83e6454895:glm-5.3,glm-5.3,glm-5.3,True,
ecf5c72704e0fadb0731:glm-5.3,glm-5.3,glm-5.3,True,
2bbb626adad46b8c0021:deepseek-v4-pro,deepseek-v4-pro,deepseek-v4-pro,True,
090961c80cca2d6a180e:MiniMax-M3,MiniMax-M3,MiniMax-M3,True,
7aac3f3e708e10aa3dc9:MiniMax-M3,MiniMax-M3,MiniMax-M3,True,
7e5318b865b4ce0bf9f2:deepseek-v4-pro,deepseek-v4-pro,deepseek-v4-pro,True,
e7e900e03ba8f96dc200:glm-5.3,glm-5.3,glm-5.3,True,
15ed46959207d4638181:deepseek-v4-pro,deepseek-v4-pro,deepseek-v4-pro,True,
829f578582cd2cbb2f24:MiniMax-M3,MiniMax-M3,MiniMax-M3,True,
d8502d390fbd7ab7fe77:MiniMax-M3,MiniMax-M3,MiniMax-M3,True,
aef3c77e7f46616e8ceb:glm-5.3,glm-5.3,glm-5.3,True,
20e69caaab30a9c81003:glm-5.3,glm-5.3,glm-5.3,True,
972fbbd463f2793d5c9f:MiniMax-M3,MiniMax-M3,MiniMax-M3,True,
ba1c71b07b00ce38ac25:glm-5.3,glm-5.3,glm-5.3,True,
9cf81057b15f1bd15c6d:glm-5.3,glm-5.3,glm-5.3,True,
5cf95b0f5d2adb8ba905:MiniMax-M3,MiniMax-M3,MiniMax-M3,True,
6195f92c459c2531fcd4:MiniMax-M3,MiniMax-M3,MiniMax-M3,True,
42d53773b2fc2decbf4d:glm-5.3,glm-5.3,glm-5.3,True,
69e467a3a298f777c4af:deepseek-v4-pro,deepseek-v4-pro,deepseek-v4-pro,True,
38b1bfcfe2290c606e37:deepseek-v4-pro,deepseek-v4-pro,deepseek-v4-pro,True,
1822e74155becb36560d:deepseek-v4-pro,deepseek-v4-pro,deepseek-v4-pro,True,
ac02e10555296273383a:MiniMax-M3,MiniMax-M3,MiniMax-M3,True,
a9a381aeaf23870bee89:deepseek-v4-pro,deepseek-v4-pro,deepseek-v4-pro,True,
7aac3f3e708e10aa3dc9:deepseek-v4-pro,deepseek-v4-pro,deepseek-v4-pro,True,
e81b20cd676ae6b4dce3:MiniMax-M3,MiniMax-M3,MiniMax-M3,True,
c992706ace0c5854747d:glm-5.3,glm-5.3,glm-5.3,True,
0bcefd317f7679de4474:glm-5.3,glm-5.3,glm-5.3,True,
2082636c6b58e935b4d8:glm-5.3,glm-5.3,glm-5.3,True,
4f33c4b518f968d8e1f3:deepseek-v4-pro,deepseek-v4-pro,deepseek-v4-pro,True,
d9d223cd5fcc9ef2839c:MiniMax-M3,MiniMax-M3,MiniMax-M3,True,
d3846f2ac6732bc9eb16:glm-5.3,glm-5.3,glm-5.3,True,
27adaf80a4d23323a9ff:MiniMax-M3,MiniMax-M3,MiniMax-M3,True,
6f56fc2ce833c9ab6491:MiniMax-M3,MiniMax-M3,MiniMax-M3,True,
e82a77c8ba97639f4845:deepseek-v4-pro,deepseek-v4-pro,deepseek-v4-pro,True,
3e8566e49ab1c334c7f8:deepseek-v4-pro,deepseek-v4-pro,deepseek-v4-pro,True,
29949c5fb2ade66fa19c:deepseek-v4-pro,deepseek-v4-pro,deepseek-v4-pro,True,
3c51f88eb445506c57b1:MiniMax-M3,MiniMax-M3,MiniMax-M3,True,
7176efe1d92c3e461e9e:glm-5.3,glm-5.3,glm-5.3,True,
5937771a4c1111bf1492:deepseek-v4-pro,deepseek-v4-pro,deepseek-v4-pro,True,
7c3aec33f89ac39d3ea9:deepseek-v4-pro,deepseek-v4-pro,deepseek-v4-pro,True,
1e49125084dbe7060667:deepseek-v4-pro,deepseek-v4-pro,deepseek-v4-pro,True,
477f0505cc6312050899:glm-5.3,glm-5.3,glm-5.3,True,
ce8d83e42ccee8ce48a2:MiniMax-M3,MiniMax-M3,MiniMax-M3,True,
ed36e502c0e36d90b708:glm-5.3,glm-5.3,glm-5.3,True,
41ca299818f02da09028:MiniMax-M3,MiniMax-M3,MiniMax-M3,True,
2fd9bd59d2fd58664667:MiniMax-M3,MiniMax-M3,MiniMax-M3,True,
b9817493a5b382c8f268:MiniMax-M3,MiniMax-M3,MiniMax-M3,True,
bd66956e28892d04dd64:glm-5.3,glm-5.3,glm-5.3,True,
c861e923173a886548d6:glm-5.3,glm-5.3,glm-5.3,True,
ad0ef8804e1e3205d5db:deepseek-v4-pro,deepseek-v4-pro,deepseek-v4-pro,True,
0f7d67775def2479df07:MiniMax-M3,MiniMax-M3,MiniMax-M3,True,
ad7a34a48111aab696e7:MiniMax-M3,MiniMax-M3,MiniMax-M3,True,
76d6e1d52add131bcc35:glm-5.3,glm-5.3,glm-5.3,True,
c3410352f80ae7db5e8c:MiniMax-M3,MiniMax-M3,MiniMax-M3,True,
327de3778209f60c92b6:glm-5.3,glm-5.3,glm-5.3,True,
68953f4bb050d4468db0:MiniMax-M3,MiniMax-M3,MiniMax-M3,True,
56ac4395a8f677f117bd:MiniMax-M3,MiniMax-M3,MiniMax-M3,True,
4ee3d1e94992fcd417af:glm-5.3,glm-5.3,glm-5.3,True,
fd4b0b6ea92540c5802c:MiniMax-M3,MiniMax-M3,MiniMax-M3,True,
1166cfadb4d57e70b3a7:deepseek-v4-pro,deepseek-v4-pro,deepseek-v4-pro,True,
d3f080944c837db0ba8c:MiniMax-M3,MiniMax-M3,MiniMax-M3,True,
c8ea3f667b0a46cfda6e:MiniMax-M3,MiniMax-M3,MiniMax-M3,True,
ae07b7a5e1ffd4c56975:deepseek-v4-pro,deepseek-v4-pro,deepseek-v4-pro,True,
a784cf50dbc6468ad1ad:MiniMax-M3,MiniMax-M3,MiniMax-M3,True,
b2ad05ee71e88b39b43f:glm-5.3,glm-5.3,glm-5.3,True,
f1ec1ad99ff3ee6daa19:glm-5.3,glm-5.3,glm-5.3,True,
87d82a47bb9bb64cceae:glm-5.3,glm-5.3,glm-5.3,True,
6dd0411ad1020edbf66f:glm-5.3,glm-5.3,glm-5.3,True,
26d87787012577281362:MiniMax-M3,MiniMax-M3,MiniMax-M3,True,
7635375993749d7f21ae:deepseek-v4-pro,deepseek-v4-pro,deepseek-v4-pro,True,
4c48b02bcb289dfd7504:MiniMax-M3,MiniMax-M3,MiniMax-M3,True,
93ba0db4f22d51767e2e:MiniMax-M3,MiniMax-M3,MiniMax-M3,True,
85496ebc8f003bf91cad:deepseek-v4-pro,deepseek-v4-pro,deepseek-v4-pro,True,
638cafe319d8b114d740:deepseek-v4-pro,deepseek-v4-pro,deepseek-v4-pro,True,
50a507796b7280ce8b1a:MiniMax-M3,MiniMax-M3,MiniMax-M3,True,
8badb206004898e3a954:MiniMax-M3,MiniMax-M3,MiniMax-M3,True,
56b764df74798c79cf3b:glm-5.3,glm-5.3,glm-5.3,True,
bcdb02b80fcbdad21dfe:glm-5.3,glm-5.3,glm-5.3,True,
7f38afaa1dcede9484c5:deepseek-v4-pro,deepseek-v4-pro,deepseek-v4-pro,True,
3feaf1771ee8f1a28aa6:glm-5.3,glm-5.3,glm-5.3,True,
c4aec91eca8095a29708:glm-5.3,glm-5.3,glm-5.3,True,
5a4754d66f247f59dd94:MiniMax-M3,MiniMax-M3,MiniMax-M3,True,
929f83f64ded7ecc5e84:deepseek-v4-pro,deepseek-v4-pro,deepseek-v4-pro,True,
0fb28bfe24edd36fc524:MiniMax-M3,MiniMax-M3,MiniMax-M3,True,
fa9eb65ddbe8d10f7059:deepseek-v4-pro,deepseek-v4-pro,deepseek-v4-pro,True,
ad5744f069e576918d68:glm-5.3,glm-5.3,glm-5.3,True,
ac39334bbcd4012d528a:glm-5.3,glm-5.3,glm-5.3,True,
5b4d94eb71a3ab2d9ee9:deepseek-v4-pro,deepseek-v4-pro,deepseek-v4-pro,True,
103ef95d03dec6f885e6:glm-5.3,glm-5.3,glm-5.3,True,
d2211b77a18a0e97ef31:glm-5.3,glm-5.3,glm-5.3,True,
34eac6616c6d983ffd76:deepseek-v4-pro,deepseek-v4-pro,deepseek-v4-pro,True,
34056686195eeb320a9b:glm-5.3,glm-5.3,glm-5.3,True,
88314c34fa3c82ec9036:MiniMax-M3,MiniMax-M3,MiniMax-M3,True,
2ec6babc4f676ddf9e17:deepseek-v4-pro,deepseek-v4-pro,deepseek-v4-pro,True,
4308db60c847c60505af:deepseek-v4-pro,deepseek-v4-pro,deepseek-v4-pro,True,
bb1a4192b213e1016e04:deepseek-v4-pro,deepseek-v4-pro,deepseek-v4-pro,True,
c50049fcde1292ad4b53:glm-5.3,glm-5.3,glm-5.3,True,
f4a4e1c319e2b29e0323:deepseek-v4-pro,deepseek-v4-pro,deepseek-v4-pro,True,
3eebba5d5f33bfdf4fd5:MiniMax-M3,MiniMax-M3,MiniMax-M3,True,
8e51f540bdef5e2cd107:glm-5.3,glm-5.3,glm-5.3,True,
01e7a6ef07903ca67941:deepseek-v4-pro,deepseek-v4-pro,deepseek-v4-pro,True,
0a32063185e5887ffcc1:glm-5.3,glm-5.3,glm-5.3,True,
3551603dbd21792cc463:glm-5.3,glm-5.3,glm-5.3,True,
5a4754d66f247f59dd94:deepseek-v4-pro,deepseek-v4-pro,deepseek-v4-pro,True,
353a579440f8780c05b4:deepseek-v4-pro,deepseek-v4-pro,deepseek-v4-pro,True,
ca23932819b9594b07f3:glm-5.3,glm-5.3,glm-5.3,True,
b13671c79eedd7689fc6:MiniMax-M3,MiniMax-M3,MiniMax-M3,True,
67eb08e4981663223a8d:deepseek-v4-pro,deepseek-v4-pro,deepseek-v4-pro,True,
7e553cd3d3839aa91363:MiniMax-M3,MiniMax-M3,MiniMax-M3,True,
ae8d415f4d0235c9548d:MiniMax-M3,MiniMax-M3,MiniMax-M3,True,
ff9b4e9fb7ded929a232:MiniMax-M3,MiniMax-M3,MiniMax-M3,True,
ec984080d25a4ec9b619:deepseek-v4-pro,deepseek-v4-pro,deepseek-v4-pro,True,
9370ebe6365b789c8b27:glm-5.3,glm-5.3,glm-5.3,True,
b363121c4c9685c9705c:glm-5.3,glm-5.3,glm-5.3,True,
4c20750f98fac76291b0:glm-5.3,glm-5.3,glm-5.3,True,
b7b644bb28ee6c669cc5:deepseek-v4-pro,deepseek-v4-pro,deepseek-v4-pro,True,
688e8e8dd257a32e3b97:MiniMax-M3,MiniMax-M3,MiniMax-M3,True,
70d777e5709a12cd7f86:deepseek-v4-pro,deepseek-v4-pro,deepseek-v4-pro,True,
6b3fc06a813c14046911:glm-5.3,glm-5.3,glm-5.3,True,
87ed51af3ca63dc01a75:deepseek-v4-pro,deepseek-v4-pro,deepseek-v4-pro,True,
b5d6b96a7b8fe5910576:MiniMax-M3,MiniMax-M3,MiniMax-M3,True,
3abccd41d236ab28c6d2:glm-5.3,glm-5.3,glm-5.3,True,
cbc3989538d1618f8c05:deepseek-v4-pro,deepseek-v4-pro,deepseek-v4-pro,True,
3fcdc903efd6ec4b1d28:glm-5.3,glm-5.3,glm-5.3,True,
2914cb0f0af4708f8f50:MiniMax-M3,MiniMax-M3,MiniMax-M3,True,
412d12b29d9cbc09b475:deepseek-v4-pro,deepseek-v4-pro,deepseek-v4-pro,True,
72aea2607452e56e0c80:glm-5.3,glm-5.3,glm-5.3,True,
985543675719150b391a:deepseek-v4-pro,deepseek-v4-pro,deepseek-v4-pro,True,
2ec6babc4f676ddf9e17:glm-5.3,glm-5.3,glm-5.3,True,
379bd5e9cc8a31ea692b:MiniMax-M3,MiniMax-M3,MiniMax-M3,True,
dbbfb44e35a065f86d7b:MiniMax-M3,MiniMax-M3,MiniMax-M3,True,
ce1d97eeca1f6e7efa8e:deepseek-v4-pro,deepseek-v4-pro,deepseek-v4-pro,True,
ff9b4e9fb7ded929a232:glm-5.3,glm-5.3,glm-5.3,True,
237236c6ea287ad3cfe6:deepseek-v4-pro,deepseek-v4-pro,deepseek-v4-pro,True,
0bc538e1693a03d3c816:glm-5.3,glm-5.3,glm-5.3,True,
518083a7e07771773ae8:deepseek-v4-pro,deepseek-v4-pro,deepseek-v4-pro,True,
fe41b450fe027f57ae52:deepseek-v4-pro,deepseek-v4-pro,deepseek-v4-pro,True,
faa20939cbae72b794ce:MiniMax-M3,MiniMax-M3,MiniMax-M3,True,
d83358ddefacc28a81e7:glm-5.3,glm-5.3,glm-5.3,True,
4f33c4b518f968d8e1f3:MiniMax-M3,MiniMax-M3,MiniMax-M3,True,
e9c67a7cb02a524eeed4:glm-5.3,glm-5.3,glm-5.3,True,
6763a7816e52a70fb254:MiniMax-M3,MiniMax-M3,MiniMax-M3,True,
3c8d6b2d3d3096f11e78:MiniMax-M3,MiniMax-M3,MiniMax-M3,True,
e8589a0a8fa240f8a02d:glm-5.3,glm-5.3,glm-5.3,True,
3beadf05e80f10f4f706:deepseek-v4-pro,deepseek-v4-pro,deepseek-v4-pro,True,
147c488441480ee24119:MiniMax-M3,MiniMax-M3,MiniMax-M3,True,
f481488f06a1451e58a3:deepseek-v4-pro,deepseek-v4-pro,deepseek-v4-pro,True,
c31185cc743496491755:MiniMax-M3,MiniMax-M3,MiniMax-M3,True,
bd10617f231231ba63f9:glm-5.3,glm-5.3,glm-5.3,True,
062c248e0b7e2b00e9b7:glm-5.3,glm-5.3,glm-5.3,True,
115e7dcfb3c1a95eeb3d:MiniMax-M3,MiniMax-M3,MiniMax-M3,True,
8b08ed44d7ad77e40b0a:MiniMax-M3,MiniMax-M3,MiniMax-M3,True,
939f3798ce7b064b1d17:MiniMax-M3,MiniMax-M3,MiniMax-M3,True,
433b3f97f654eaba97d3:deepseek-v4-pro,deepseek-v4-pro,deepseek-v4-pro,True,
db87b5dadcc74ec7260b:deepseek-v4-pro,deepseek-v4-pro,deepseek-v4-pro,True,
e253b5683ae6ba51b787:MiniMax-M3,MiniMax-M3,MiniMax-M3,True,
c3f0c798e24b4f445627:deepseek-v4-pro,deepseek-v4-pro,deepseek-v4-pro,True,
1ff53b80c21397f7fcdc:MiniMax-M3,MiniMax-M3,MiniMax-M3,True,
a048064fe21c55290bba:glm-5.3,glm-5.3,glm-5.3,True,
f5e20b73f87439ccd408:glm-5.3,glm-5.3,glm-5.3,True,
545ab744581d0fe573be:MiniMax-M3,MiniMax-M3,MiniMax-M3,True,
1b2277855c6c85753b88:glm-5.3,glm-5.3,glm-5.3,True,
740ccbe2a57b9682895e:glm-5.3,glm-5.3,glm-5.3,True,
a17656a416c2ce29e686:deepseek-v4-pro,deepseek-v4-pro,deepseek-v4-pro,True,
837cddcb341627831a45:deepseek-v4-pro,deepseek-v4-pro,deepseek-v4-pro,True,
b5195142781132424e56:glm-5.3,glm-5.3,glm-5.3,True,
436e7269058af4bbb15b:MiniMax-M3,MiniMax-M3,MiniMax-M3,True,
6b30726ac76f579e4a43:glm-5.3,glm-5.3,glm-5.3,True,
928d97254d509b1893bd:MiniMax-M3,MiniMax-M3,MiniMax-M3,True,
94119359e8099066fd3f:deepseek-v4-pro,deepseek-v4-pro,deepseek-v4-pro,True,
4d2aaac999330385e855:glm-5.3,glm-5.3,glm-5.3,True,
14cfcf504d8f0a19fa1e:MiniMax-M3,MiniMax-M3,MiniMax-M3,True,
6c584f1dfd509f5bbe82:glm-5.3,glm-5.3,glm-5.3,True,
dfeece166d03a26cb090:glm-5.3,glm-5.3,glm-5.3,True,
ad0ef8804e1e3205d5db:glm-5.3,glm-5.3,glm-5.3,True,
c6c13f1d108eef1abfdf:MiniMax-M3,MiniMax-M3,MiniMax-M3,True,
d1d5175f299a3f351995:MiniMax-M3,MiniMax-M3,MiniMax-M3,True,
ebe4a0e26f1aa86d3a8c:MiniMax-M3,MiniMax-M3,MiniMax-M3,True,
92dea92e08675ce8b627:glm-5.3,glm-5.3,glm-5.3,True,
93c5c3ebc0f7f8a23809:MiniMax-M3,MiniMax-M3,MiniMax-M3,True,
21077e7096bea93ed431:deepseek-v4-pro,deepseek-v4-pro,deepseek-v4-pro,True,
a1f82869238f39f621e5:glm-5.3,glm-5.3,glm-5.3,True,
595df09ff3d819d7fa25:MiniMax-M3,MiniMax-M3,MiniMax-M3,True,
ccbebd5f5180a038b7fd:MiniMax-M3,MiniMax-M3,MiniMax-M3,True,
470ddf73ee48fd59fb5d:glm-5.3,glm-5.3,glm-5.3,True,
d507f228ed78e795bd38:MiniMax-M3,MiniMax-M3,MiniMax-M3,True,
e9ce9ad372aec6e6dd09:deepseek-v4-pro,deepseek-v4-pro,deepseek-v4-pro,True,
f14906cc629dac83bca1:MiniMax-M3,MiniMax-M3,MiniMax-M3,True,
7b4276333b6be9f23c24:MiniMax-M3,MiniMax-M3,MiniMax-M3,True,
199ef1b18ff46a0b938d:glm-5.3,glm-5.3,glm-5.3,True,
ddaacf0466c361e9a17a:MiniMax-M3,MiniMax-M3,MiniMax-M3,True,
f285e728b6174253cdc7:MiniMax-M3,MiniMax-M3,MiniMax-M3,True,
739cb9c76fdcfeea3313:glm-5.3,glm-5.3,glm-5.3,True,
09ec2206eff72458797c:deepseek-v4-pro,deepseek-v4-pro,deepseek-v4-pro,True,
e0e61b687bd9c97e0c5e:glm-5.3,glm-5.3,glm-5.3,True,
a94dc3dcc713dda2c2c9:deepseek-v4-pro,deepseek-v4-pro,deepseek-v4-pro,True,
f68285cb9a6239c3d670:glm-5.3,glm-5.3,glm-5.3,True,
b450eb8aae4dc50b8160:MiniMax-M3,MiniMax-M3,MiniMax-M3,True,
dee8ca2d6e112da7b8ab:MiniMax-M3,MiniMax-M3,MiniMax-M3,True,
150d93a0900954e861a8:glm-5.3,glm-5.3,glm-5.3,True,
f4977e62b2c894f87fa7:MiniMax-M3,MiniMax-M3,MiniMax-M3,True,
44772811a93a3f476028:glm-5.3,glm-5.3,glm-5.3,True,
debe3647795410f7f537:MiniMax-M3,MiniMax-M3,MiniMax-M3,True,
8e135c87922b4ab4b7c2:MiniMax-M3,MiniMax-M3,MiniMax-M3,True,
429d6de82b3d812d0715:MiniMax-M3,MiniMax-M3,MiniMax-M3,True,
f1ec1ad99ff3ee6daa19:MiniMax-M3,MiniMax-M3,MiniMax-M3,True,
848e2aecdb88ee6ef386:MiniMax-M3,MiniMax-M3,MiniMax-M3,True,
512c332e00d29d48a5b7:MiniMax-M3,MiniMax-M3,MiniMax-M3,True,
99c1a795b5af0daf5ea5:MiniMax-M3,MiniMax-M3,MiniMax-M3,True,
63cc0dd6d8d8ab3d7128:glm-5.3,glm-5.3,glm-5.3,True,
bd50bb098b352c2d65c4:deepseek-v4-pro,deepseek-v4-pro,deepseek-v4-pro,True,
ec0629b5133124ce97b6:MiniMax-M3,MiniMax-M3,MiniMax-M3,True,
7f88a5d63ff2d6e4ab55:deepseek-v4-pro,deepseek-v4-pro,deepseek-v4-pro,True,
e0813ce9567b34e62c97:MiniMax-M3,MiniMax-M3,MiniMax-M3,True,
965698ba80caf66f0f64:deepseek-v4-pro,deepseek-v4-pro,deepseek-v4-pro,True,
b3c5fa6f92cfd8a0054f:glm-5.3,glm-5.3,glm-5.3,True,
22a7d02bb98a0e37b716:MiniMax-M3,MiniMax-M3,MiniMax-M3,True,
59ddb59d365adfc5b384:deepseek-v4-pro,deepseek-v4-pro,deepseek-v4-pro,True,
09f83ae9f75f8765d1e1:glm-5.3,glm-5.3,glm-5.3,True,
b22ab5e5c90b792e12a8:deepseek-v4-pro,deepseek-v4-pro,deepseek-v4-pro,True,
d2c69c7908454e034209:MiniMax-M3,MiniMax-M3,MiniMax-M3,True,
0c3487106de16358eade:glm-5.3,glm-5.3,glm-5.3,True,
54cd011e50dbf2d0f78e:MiniMax-M3,MiniMax-M3,MiniMax-M3,True,
4d3c63d1406691f68556:deepseek-v4-pro,deepseek-v4-pro,deepseek-v4-pro,True,
76e86f867547948d7884:deepseek-v4-pro,deepseek-v4-pro,deepseek-v4-pro,True,
f14b87a4b4c318f1dad0:glm-5.3,glm-5.3,glm-5.3,True,
4a5756113da876c8e938:deepseek-v4-pro,deepseek-v4-pro,deepseek-v4-pro,True,
bb67f7baaf6ce997014e:glm-5.3,glm-5.3,glm-5.3,True,
ded077dcfe1c8bd7cae2:glm-5.3,glm-5.3,glm-5.3,True,
d4486989e82821f64ecb:deepseek-v4-pro,deepseek-v4-pro,deepseek-v4-pro,True,
03b2afa211e8ad7b34ec:MiniMax-M3,MiniMax-M3,MiniMax-M3,True,
c1b6e986ec0f9f60a39b:glm-5.3,glm-5.3,glm-5.3,True,
eebe7236ce44f4a03437:deepseek-v4-pro,deepseek-v4-pro,deepseek-v4-pro,True,
02fac08621aca63b911b:glm-5.3,glm-5.3,glm-5.3,True,
7b408f0c3f4fcc10e367:deepseek-v4-pro,deepseek-v4-pro,deepseek-v4-pro,True,
56ccf81231ae3efd63c4:glm-5.3,glm-5.3,glm-5.3,True,
844e1f673c6d6c331805:deepseek-v4-pro,deepseek-v4-pro,deepseek-v4-pro,True,
722dd36bc635e4bb6cd9:deepseek-v4-pro,deepseek-v4-pro,deepseek-v4-pro,True,
72d2f9f56b49a420a1eb:MiniMax-M3,MiniMax-M3,MiniMax-M3,True,
e7f6afea32f80117aed6:deepseek-v4-pro,deepseek-v4-pro,deepseek-v4-pro,True,
af0280b13ccdf9dde4ea:deepseek-v4-pro,deepseek-v4-pro,deepseek-v4-pro,True,
0a28e870600e6a3abff6:deepseek-v4-pro,deepseek-v4-pro,deepseek-v4-pro,True,
e43fd0d35d1d34b9e89b:MiniMax-M3,MiniMax-M3,MiniMax-M3,True,
06959d9ff355337d9593:glm-5.3,glm-5.3,glm-5.3,True,
5e2b697cc6654fa24ee2:MiniMax-M3,MiniMax-M3,MiniMax-M3,True,
c8d4313b79b65065839b:glm-5.3,glm-5.3,glm-5.3,True,
c1387bca2ca3727cbada:deepseek-v4-pro,deepseek-v4-pro,deepseek-v4-pro,True,
42b7704e66c7ba831e83:deepseek-v4-pro,deepseek-v4-pro,deepseek-v4-pro,True,
ebc24c31df6de28773ef:MiniMax-M3,MiniMax-M3,MiniMax-M3,True,
c1b6e986ec0f9f60a39b:deepseek-v4-pro,deepseek-v4-pro,deepseek-v4-pro,True,
621db77bd3dd48084a27:deepseek-v4-pro,deepseek-v4-pro,deepseek-v4-pro,True,
b39790145efd6c4149ee:MiniMax-M3,MiniMax-M3,MiniMax-M3,True,
cc459c016e2178efaea5:deepseek-v4-pro,deepseek-v4-pro,deepseek-v4-pro,True,
b47557d8ec2c4d8f1951:glm-5.3,glm-5.3,glm-5.3,True,
980266722826e4d9c780:deepseek-v4-pro,deepseek-v4-pro,deepseek-v4-pro,True,
a332c50ec8b87d3749a0:deepseek-v4-pro,deepseek-v4-pro,deepseek-v4-pro,True,
854a17f56536c3c2fcd9:glm-5.3,glm-5.3,glm-5.3,True,
1744f16508e547daf474:deepseek-v4-pro,deepseek-v4-pro,deepseek-v4-pro,True,
14a9bd038538d9aba95e:deepseek-v4-pro,deepseek-v4-pro,deepseek-v4-pro,True,
c50049fcde1292ad4b53:MiniMax-M3,MiniMax-M3,MiniMax-M3,True,
78ab6d8bc30314224d20:glm-5.3,glm-5.3,glm-5.3,True,
38a724e921cfc0bb16dc:glm-5.3,glm-5.3,glm-5.3,True,
71d730545fef19bde341:glm-5.3,glm-5.3,glm-5.3,True,
4f6de318c3f03c51ba4c:MiniMax-M3,MiniMax-M3,MiniMax-M3,True,
6e9b478f88f020b69058:MiniMax-M3,MiniMax-M3,MiniMax-M3,True,
f5e20b73f87439ccd408:MiniMax-M3,MiniMax-M3,MiniMax-M3,True,
8b2237695c533f7eac28:deepseek-v4-pro,deepseek-v4-pro,deepseek-v4-pro,True,
d3bb25cb955338f56780:MiniMax-M3,MiniMax-M3,MiniMax-M3,True,
2aebd8dbecd5347da52d:glm-5.3,glm-5.3,glm-5.3,True,
4f6de318c3f03c51ba4c:deepseek-v4-pro,deepseek-v4-pro,deepseek-v4-pro,True,
b564ffc12d03258057ac:MiniMax-M3,MiniMax-M3,MiniMax-M3,True,
97cad51116dced2e2b42:MiniMax-M3,MiniMax-M3,MiniMax-M3,True,
903c0fe89ad4917f68ea:MiniMax-M3,MiniMax-M3,MiniMax-M3,True,
7adc61d48e5e61626374:deepseek-v4-pro,deepseek-v4-pro,deepseek-v4-pro,True,
180cd2a70ae6fcdf2ac5:deepseek-v4-pro,deepseek-v4-pro,deepseek-v4-pro,True,
c2d953b939d8f00b8dd8:glm-5.3,glm-5.3,glm-5.3,True,
bafeba21d2909161aee3:deepseek-v4-pro,deepseek-v4-pro,deepseek-v4-pro,True,
b66cae01bba82e8761fd:MiniMax-M3,MiniMax-M3,MiniMax-M3,True,
4fbe1cf7242ec016a100:glm-5.3,glm-5.3,glm-5.3,True,
4ab9a0a54bc6bbcbce4a:deepseek-v4-pro,deepseek-v4-pro,deepseek-v4-pro,True,
a21557535ed48a17c942:MiniMax-M3,MiniMax-M3,MiniMax-M3,True,
77dabe87394aeb8356c3:glm-5.3,glm-5.3,glm-5.3,True,
c5cf2624c0b0327be450:deepseek-v4-pro,deepseek-v4-pro,deepseek-v4-pro,True,
6c05b6b6728a10b6198d:MiniMax-M3,MiniMax-M3,MiniMax-M3,True,
a94dc3dcc713dda2c2c9:glm-5.3,glm-5.3,glm-5.3,True,
9e43de887431e4f58bf0:deepseek-v4-pro,deepseek-v4-pro,deepseek-v4-pro,True,
daabb7950b49f5fc7d72:MiniMax-M3,MiniMax-M3,MiniMax-M3,True,
a75099ad69f53b82a705:deepseek-v4-pro,deepseek-v4-pro,deepseek-v4-pro,True,
1bfdbd3abf322ca35efd:deepseek-v4-pro,deepseek-v4-pro,deepseek-v4-pro,True,
6ce8c1ce33096d4ef8e3:deepseek-v4-pro,deepseek-v4-pro,deepseek-v4-pro,True,
8884c9fd63e759bb6f4d:deepseek-v4-pro,deepseek-v4-pro,deepseek-v4-pro,True,
a5a1b350f9d7e755f172:MiniMax-M3,MiniMax-M3,MiniMax-M3,True,
e961b7892e8466718723:MiniMax-M3,MiniMax-M3,MiniMax-M3,True,
3c5949407bd4d6f6f51f:glm-5.3,glm-5.3,glm-5.3,True,
d66a128008c321136ad3:glm-5.3,glm-5.3,glm-5.3,True,
72aea2607452e56e0c80:deepseek-v4-pro,deepseek-v4-pro,deepseek-v4-pro,True,
ece79a8835795b74c1ac:deepseek-v4-pro,deepseek-v4-pro,deepseek-v4-pro,True,
f79ffe0ffdb98873ec4f:glm-5.3,glm-5.3,glm-5.3,True,
7c34eae3eef73a97b2aa:glm-5.3,glm-5.3,glm-5.3,True,
b3a15830e3b79591e2f5:deepseek-v4-pro,deepseek-v4-pro,deepseek-v4-pro,True,
80533ba7932b7f2f70d0:deepseek-v4-pro,deepseek-v4-pro,deepseek-v4-pro,True,
0cea2552b2e5f192530a:deepseek-v4-pro,deepseek-v4-pro,deepseek-v4-pro,True,
89429c91db139423d103:MiniMax-M3,MiniMax-M3,MiniMax-M3,True,
e54416e947f3e844a29e:MiniMax-M3,MiniMax-M3,MiniMax-M3,True,
e71e6fea9da88aa27f0c:deepseek-v4-pro,deepseek-v4-pro,deepseek-v4-pro,True,
269344b1643c2aa48858:glm-5.3,glm-5.3,glm-5.3,True,
9eba1e38db699f2caa1c:glm-5.3,glm-5.3,glm-5.3,True,
26d630ad5188f6a1f323:glm-5.3,glm-5.3,glm-5.3,True,
f652066e1c24bfc323d7:deepseek-v4-pro,deepseek-v4-pro,deepseek-v4-pro,True,
85496ebc8f003bf91cad:MiniMax-M3,MiniMax-M3,MiniMax-M3,True,
545ab744581d0fe573be:deepseek-v4-pro,deepseek-v4-pro,deepseek-v4-pro,True,
e35df9d75d8ecc39bb13:deepseek-v4-pro,deepseek-v4-pro,deepseek-v4-pro,True,
a2646c1cfcb6a6d2bb29:glm-5.3,glm-5.3,glm-5.3,True,
aa50e42ec640769c3cfa:MiniMax-M3,MiniMax-M3,MiniMax-M3,True,
606d45dee6b43281c932:deepseek-v4-pro,deepseek-v4-pro,deepseek-v4-pro,True,
632561620bd17dcfd763:MiniMax-M3,MiniMax-M3,MiniMax-M3,True,
5b1c867de53d30a08b0f:glm-5.3,glm-5.3,glm-5.3,True,
a203adcd90ff247c75e1:deepseek-v4-pro,deepseek-v4-pro,deepseek-v4-pro,True,
47bc5924638ecff97104:MiniMax-M3,MiniMax-M3,MiniMax-M3,True,
76b9efbc18115ab61ebc:glm-5.3,glm-5.3,glm-5.3,True,
62f932f83a13c9aa5b11:glm-5.3,glm-5.3,glm-5.3,True,
184983f58a8210a0539a:deepseek-v4-pro,deepseek-v4-pro,deepseek-v4-pro,True,
ef5e075c18d3ee2aa1c2:glm-5.3,glm-5.3,glm-5.3,True,
835561b1f60c5bb1a2d5:glm-5.3,glm-5.3,glm-5.3,True,
b924ef3c58e776cbfdab:glm-5.3,glm-5.3,glm-5.3,True,
8417e6de7a1435edac3b:deepseek-v4-pro,deepseek-v4-pro,deepseek-v4-pro,True,
f43ee33756ce02dad809:deepseek-v4-pro,deepseek-v4-pro,deepseek-v4-pro,True,
8dbdb03ff9f13f271da0:glm-5.3,glm-5.3,glm-5.3,True,
f8fac30166eab41ed8fa:deepseek-v4-pro,deepseek-v4-pro,deepseek-v4-pro,True,
b607e25e2bf4ebc16764:MiniMax-M3,MiniMax-M3,MiniMax-M3,True,
46262fb447020255194e:deepseek-v4-pro,deepseek-v4-pro,deepseek-v4-pro,True,
fef98ea338a45bb165b9:MiniMax-M3,MiniMax-M3,MiniMax-M3,True,
a16888628715f9580c64:glm-5.3,glm-5.3,glm-5.3,True,
a6af278335bcda3cae44:MiniMax-M3,MiniMax-M3,MiniMax-M3,True,
160bfdb76c84e0705d72:MiniMax-M3,MiniMax-M3,MiniMax-M3,True,
8585d86b20e689580324:deepseek-v4-pro,deepseek-v4-pro,deepseek-v4-pro,True,
9e468dd45c2e3f9ad765:MiniMax-M3,MiniMax-M3,MiniMax-M3,True,
cdb965db4458a1894598:MiniMax-M3,MiniMax-M3,MiniMax-M3,True,
e0dca0296219bac58da9:MiniMax-M3,MiniMax-M3,MiniMax-M3,True,
b36fcd9f2966254c0531:glm-5.3,glm-5.3,glm-5.3,True,
9906f87e664a309de107:glm-5.3,glm-5.3,glm-5.3,True,
2c3ed94e8c854305f361:deepseek-v4-pro,deepseek-v4-pro,deepseek-v4-pro,True,
922a30788dc6ee419f3a:MiniMax-M3,MiniMax-M3,MiniMax-M3,True,
2c213f12e71a8f69d49a:glm-5.3,glm-5.3,glm-5.3,True,
63cc0dd6d8d8ab3d7128:deepseek-v4-pro,deepseek-v4-pro,deepseek-v4-pro,True,
fd3162bd97894db85bb8:deepseek-v4-pro,deepseek-v4-pro,deepseek-v4-pro,True,
4b02b02c5b96a941ed72:deepseek-v4-pro,deepseek-v4-pro,deepseek-v4-pro,True,
f26f6a6b013d3d068126:glm-5.3,glm-5.3,glm-5.3,True,
c3f0c798e24b4f445627:glm-5.3,glm-5.3,glm-5.3,True,
ec376da02683650c2dd3:MiniMax-M3,MiniMax-M3,MiniMax-M3,True,
08952495a44c1cd116a4:deepseek-v4-pro,deepseek-v4-pro,deepseek-v4-pro,True,
f2e56414d0a3b8c1421a:glm-5.3,glm-5.3,glm-5.3,True,
c59ec1f4c53e4ad9bc5b:deepseek-v4-pro,deepseek-v4-pro,deepseek-v4-pro,True,
5b1db6a2d50bf28d8df7:MiniMax-M3,MiniMax-M3,MiniMax-M3,True,
997528b269f22d1c4e94:glm-5.3,glm-5.3,glm-5.3,True,
ce07a745ca06e02b8463:glm-5.3,glm-5.3,glm-5.3,True,
07a064354f324d3d10f3:deepseek-v4-pro,deepseek-v4-pro,deepseek-v4-pro,True,
8dce4853c6ddbf1b9a7b:glm-5.3,glm-5.3,glm-5.3,True,
2bb0f6f8bf02abfc32ed:glm-5.3,glm-5.3,glm-5.3,True,
598c457a3f3df2c50a50:glm-5.3,glm-5.3,glm-5.3,True,
0ab98ad9a9515544a88b:glm-5.3,glm-5.3,glm-5.3,True,
351cf616867077658d3d:MiniMax-M3,MiniMax-M3,MiniMax-M3,True,
1f0b3cb89d29eeb7ca63:glm-5.3,glm-5.3,glm-5.3,True,
d3b6900dd7c56cb53f21:glm-5.3,glm-5.3,glm-5.3,True,
d7a30b344bb9336ffa60:glm-5.3,glm-5.3,glm-5.3,True,
93953488e691644b6d82:MiniMax-M3,MiniMax-M3,MiniMax-M3,True,
f86cf1324e3a848f9bb3:glm-5.3,glm-5.3,glm-5.3,True,
d25459c00cd026481b12:MiniMax-M3,MiniMax-M3,MiniMax-M3,True,
922a30788dc6ee419f3a:deepseek-v4-pro,deepseek-v4-pro,deepseek-v4-pro,True,
5f8843087e40b27677f8:glm-5.3,glm-5.3,glm-5.3,True,
08866a26c342b947beac:MiniMax-M3,MiniMax-M3,MiniMax-M3,True,
8f7292e68610f1f4d068:deepseek-v4-pro,deepseek-v4-pro,deepseek-v4-pro,True,
9d3a6b4e7db6d253d7ee:deepseek-v4-pro,deepseek-v4-pro,deepseek-v4-pro,True,
018eb93425ff7172b6a2:glm-5.3,glm-5.3,glm-5.3,True,
65b88573ccc0b4dce9ef:glm-5.3,glm-5.3,glm-5.3,True,
35ac28e272d8de94b71d:glm-5.3,glm-5.3,glm-5.3,True,
1a7b766d12eb209c4e94:glm-5.3,glm-5.3,glm-5.3,True,
601a118cf8a408e76d7d:MiniMax-M3,MiniMax-M3,MiniMax-M3,True,
5274d6d8b2f0c056c790:glm-5.3,glm-5.3,glm-5.3,True,
d512f1a3a54c09ece4a8:deepseek-v4-pro,deepseek-v4-pro,deepseek-v4-pro,True,
f7fd863e93de79aab88b:MiniMax-M3,MiniMax-M3,MiniMax-M3,True,
4219385512c1fdbc2e34:MiniMax-M3,MiniMax-M3,MiniMax-M3,True,
91cd472c3ba2e4c9a603:deepseek-v4-pro,deepseek-v4-pro,deepseek-v4-pro,True,
15330e57d5d98143ed0d:deepseek-v4-pro,deepseek-v4-pro,deepseek-v4-pro,True,
49fcfe22fcf5934ad62c:MiniMax-M3,MiniMax-M3,MiniMax-M3,True,
34b51f71ee3caa12458e:glm-5.3,glm-5.3,glm-5.3,True,
d465ef9f5ad9088793ce:MiniMax-M3,MiniMax-M3,MiniMax-M3,True,
9bd98a30eea7a721f591:MiniMax-M3,MiniMax-M3,MiniMax-M3,True,
384617d2745ea3056882:MiniMax-M3,MiniMax-M3,MiniMax-M3,True,
25131df7d0b7164f221e:deepseek-v4-pro,deepseek-v4-pro,deepseek-v4-pro,True,
98cc3611b1b7968fc5c9:glm-5.3,glm-5.3,glm-5.3,True,
8812ba8421a04677026f:MiniMax-M3,MiniMax-M3,MiniMax-M3,True,
493164651a26dd8c45b9:glm-5.3,glm-5.3,glm-5.3,True,
ef953334dafadf6a532d:MiniMax-M3,MiniMax-M3,MiniMax-M3,True,
fb5b96f97d01200c4e0b:MiniMax-M3,MiniMax-M3,MiniMax-M3,True,
204247cb8f87b5f5360a:glm-5.3,glm-5.3,glm-5.3,True,
fffc3a7d26768a7c44ad:MiniMax-M3,MiniMax-M3,MiniMax-M3,True,
eb061bf5c97e7a1101ec:deepseek-v4-pro,deepseek-v4-pro,deepseek-v4-pro,True,
626366fd5fa898cf6805:glm-5.3,glm-5.3,glm-5.3,True,
977a8a4173d9d0052b7b:glm-5.3,glm-5.3,glm-5.3,True,
a998ded4b2412d79b123:deepseek-v4-pro,deepseek-v4-pro,deepseek-v4-pro,True,
75320f50ed8982b6c363:MiniMax-M3,MiniMax-M3,MiniMax-M3,True,
c1bbe003f38577247e8e:deepseek-v4-pro,deepseek-v4-pro,deepseek-v4-pro,True,
a0435d845a8237bd21a9:glm-5.3,glm-5.3,glm-5.3,True,
27bfe46f295670b91b6e:MiniMax-M3,MiniMax-M3,MiniMax-M3,True,
980266722826e4d9c780:MiniMax-M3,MiniMax-M3,MiniMax-M3,True,
4d4b87077c81da32b97e:MiniMax-M3,MiniMax-M3,MiniMax-M3,True,
7f5c27c5a0adefe1879b:deepseek-v4-pro,deepseek-v4-pro,deepseek-v4-pro,True,
d45621f16d588d774c6b:MiniMax-M3,MiniMax-M3,MiniMax-M3,True,
884351707ad21f05cfe4:MiniMax-M3,MiniMax-M3,MiniMax-M3,True,
50bccb81bee532379bd3:deepseek-v4-pro,deepseek-v4-pro,deepseek-v4-pro,True,
84624c9b408ab96a859e:glm-5.3,glm-5.3,glm-5.3,True,
26d87787012577281362:deepseek-v4-pro,deepseek-v4-pro,deepseek-v4-pro,True,
477ff87604bd07284c5c:glm-5.3,glm-5.3,glm-5.3,True,
470dcf7bc571afaa0d34:deepseek-v4-pro,deepseek-v4-pro,deepseek-v4-pro,True,
150d93a0900954e861a8:MiniMax-M3,MiniMax-M3,MiniMax-M3,True,
1c7fd907eeadeb03be9c:glm-5.3,glm-5.3,glm-5.3,True,
bad49f6b61d587f507a6:glm-5.3,glm-5.3,glm-5.3,True,
c3e009464e4316692caf:MiniMax-M3,MiniMax-M3,MiniMax-M3,True,
6cff78571b75146a0ab2:MiniMax-M3,MiniMax-M3,MiniMax-M3,True,
dfe38b158392c3fa6be2:MiniMax-M3,MiniMax-M3,MiniMax-M3,True,
607402601cee68915812:deepseek-v4-pro,deepseek-v4-pro,deepseek-v4-pro,True,
be5a7c65b1ff2db51b43:glm-5.3,glm-5.3,glm-5.3,True,
248c2fb5a0396198888c:MiniMax-M3,MiniMax-M3,MiniMax-M3,True,
73c514a7efe20e8793e7:deepseek-v4-pro,deepseek-v4-pro,deepseek-v4-pro,True,
d190d2d256cf4dd3f5c0:glm-5.3,glm-5.3,glm-5.3,True,
198533b832a175dfa6ae:glm-5.3,glm-5.3,glm-5.3,True,
a1d7af0dfea241b3102c:deepseek-v4-pro,deepseek-v4-pro,deepseek-v4-pro,True,
a1e2226eac46f7d25afe:deepseek-v4-pro,deepseek-v4-pro,deepseek-v4-pro,True,
2a46c01be68cc4914a83:glm-5.3,glm-5.3,glm-5.3,True,
d40ddc4327aa8fdbc866:MiniMax-M3,MiniMax-M3,MiniMax-M3,True,
450b5c99a419add7d2de:MiniMax-M3,MiniMax-M3,MiniMax-M3,True,
de13fae58abaa9108b36:MiniMax-M3,MiniMax-M3,MiniMax-M3,True,
505f0986066f8b68af29:deepseek-v4-pro,deepseek-v4-pro,deepseek-v4-pro,True,
790ab931cab107968a9d:glm-5.3,glm-5.3,glm-5.3,True,
13208c95b2db237ae576:deepseek-v4-pro,deepseek-v4-pro,deepseek-v4-pro,True,
2a46c01be68cc4914a83:deepseek-v4-pro,deepseek-v4-pro,deepseek-v4-pro,True,
3ddccee4059e3f2b10ab:glm-5.3,glm-5.3,glm-5.3,True,
2aacbe83b2736e1d0f90:glm-5.3,glm-5.3,glm-5.3,True,
d0addc530b1a7b671abe:glm-5.3,glm-5.3,glm-5.3,True,
7f7607ca18a5a3a0f1dd:deepseek-v4-pro,deepseek-v4-pro,deepseek-v4-pro,True,
06959d9ff355337d9593:MiniMax-M3,MiniMax-M3,MiniMax-M3,True,
1a7b766d12eb209c4e94:MiniMax-M3,MiniMax-M3,MiniMax-M3,True,
2c213f12e71a8f69d49a:deepseek-v4-pro,deepseek-v4-pro,deepseek-v4-pro,True,
1b2277855c6c85753b88:deepseek-v4-pro,deepseek-v4-pro,deepseek-v4-pro,True,
06f6f07be3df00e866d3:glm-5.3,glm-5.3,glm-5.3,True,
2d7649eda8fa520cc8ed:MiniMax-M3,MiniMax-M3,MiniMax-M3,True,
08255953667528730f03:MiniMax-M3,MiniMax-M3,MiniMax-M3,True,
d190d2d256cf4dd3f5c0:MiniMax-M3,MiniMax-M3,MiniMax-M3,True,
1850fe0ed7ddbd952921:MiniMax-M3,MiniMax-M3,MiniMax-M3,True,
696f17ad2eb8131711b7:MiniMax-M3,MiniMax-M3,MiniMax-M3,True,
bc176325f60324dde7b4:MiniMax-M3,MiniMax-M3,MiniMax-M3,True,
ceec9042b78bfd16fb8f:MiniMax-M3,MiniMax-M3,MiniMax-M3,True,
c6b7f78f57a96584beb3:deepseek-v4-pro,deepseek-v4-pro,deepseek-v4-pro,True,
c2a6ea96d77735cd57a4:deepseek-v4-pro,deepseek-v4-pro,deepseek-v4-pro,True,
7c62ba08b0ebc55a7420:deepseek-v4-pro,deepseek-v4-pro,deepseek-v4-pro,True,
bd96288599a37f80cf09:glm-5.3,glm-5.3,glm-5.3,True,
3a64fe3f6b90f8be184a:glm-5.3,glm-5.3,glm-5.3,True,
41ca299818f02da09028:glm-5.3,glm-5.3,glm-5.3,True,
2c54be5f0b836cca8472:glm-5.3,glm-5.3,glm-5.3,True,
59db139e24f17bb53801:MiniMax-M3,MiniMax-M3,MiniMax-M3,True,
67ed605d328ef88cd39f:deepseek-v4-pro,deepseek-v4-pro,deepseek-v4-pro,True,
29edeec2782af2ef4b1d:deepseek-v4-pro,deepseek-v4-pro,deepseek-v4-pro,True,
9117db894432249ce177:MiniMax-M3,MiniMax-M3,MiniMax-M3,True,
c8d0f0080b24f28f84fe:glm-5.3,glm-5.3,glm-5.3,True,
2e2132a8ab35f7bc08fa:deepseek-v4-pro,deepseek-v4-pro,deepseek-v4-pro,True,
fa33a93102eec72e1493:deepseek-v4-pro,deepseek-v4-pro,deepseek-v4-pro,True,
f28fbc5e283d83c36928:glm-5.3,glm-5.3,glm-5.3,True,
81cb6d368b4b79e9f986:MiniMax-M3,MiniMax-M3,MiniMax-M3,True,
bbde2de63077593f869b:glm-5.3,glm-5.3,glm-5.3,True,
a1a9395b19355dad106e:deepseek-v4-pro,deepseek-v4-pro,deepseek-v4-pro,True,
9e8d8722d39d31d365cf:deepseek-v4-pro,deepseek-v4-pro,deepseek-v4-pro,True,
0bcc813c6c85dd40928c:MiniMax-M3,MiniMax-M3,MiniMax-M3,True,
ed473e11a44bf611d63c:deepseek-v4-pro,deepseek-v4-pro,deepseek-v4-pro,True,
c77344eb67d963757e36:glm-5.3,glm-5.3,glm-5.3,True,
abdf95744d26dacbe25d:deepseek-v4-pro,deepseek-v4-pro,deepseek-v4-pro,True,
1534994431b541cd882f:glm-5.3,glm-5.3,glm-5.3,True,
14cfcf504d8f0a19fa1e:glm-5.3,glm-5.3,glm-5.3,True,
80503a50d38fa8c906db:deepseek-v4-pro,deepseek-v4-pro,deepseek-v4-pro,True,
6bdd0e7483c679583b40:MiniMax-M3,MiniMax-M3,MiniMax-M3,True,
324aef10c0dc8e38fa51:deepseek-v4-pro,deepseek-v4-pro,deepseek-v4-pro,True,
4c48b02bcb289dfd7504:glm-5.3,glm-5.3,glm-5.3,True,
253f98031027d9e1a75e:deepseek-v4-pro,deepseek-v4-pro,deepseek-v4-pro,True,
01458299fb3d9a114c58:deepseek-v4-pro,deepseek-v4-pro,deepseek-v4-pro,True,
c12ba79f96947807cea8:deepseek-v4-pro,deepseek-v4-pro,deepseek-v4-pro,True,
b8fac33d9c45f1c8d3b8:MiniMax-M3,MiniMax-M3,MiniMax-M3,True,
1a667979d980deb4aaad:deepseek-v4-pro,deepseek-v4-pro,deepseek-v4-pro,True,
b2c29c99261e49480293:deepseek-v4-pro,deepseek-v4-pro,deepseek-v4-pro,True,
8562cf36ac8da8b9ab05:deepseek-v4-pro,deepseek-v4-pro,deepseek-v4-pro,True,
5cc8ad1339366ad4585a:MiniMax-M3,MiniMax-M3,MiniMax-M3,True,
f47b3b39dfffad364d36:deepseek-v4-pro,deepseek-v4-pro,deepseek-v4-pro,True,
6a0bdb5a8d214c90e80c:MiniMax-M3,MiniMax-M3,MiniMax-M3,True,
2150159ea1a9103d8621:glm-5.3,glm-5.3,glm-5.3,True,
18e5d6b70baff762c010:deepseek-v4-pro,deepseek-v4-pro,deepseek-v4-pro,True,
d53c8ac432ee4aa9571c:MiniMax-M3,MiniMax-M3,MiniMax-M3,True,
8850a71d55d4f1447abe:deepseek-v4-pro,deepseek-v4-pro,deepseek-v4-pro,True,
0199a5ae8c48879d97db:glm-5.3,glm-5.3,glm-5.3,True,
bd66324a8a28706b971f:glm-5.3,glm-5.3,glm-5.3,True,
e43ad69ae4f115529f55:MiniMax-M3,MiniMax-M3,MiniMax-M3,True,
a6af278335bcda3cae44:deepseek-v4-pro,deepseek-v4-pro,deepseek-v4-pro,True,
2db27923cbd10c3f4338:deepseek-v4-pro,deepseek-v4-pro,deepseek-v4-pro,True,
61ea44cdb302832c5180:deepseek-v4-pro,deepseek-v4-pro,deepseek-v4-pro,True,
6ac41fff0141380d5c94:MiniMax-M3,MiniMax-M3,MiniMax-M3,True,
b9cd60aa8e353c59106b:deepseek-v4-pro,deepseek-v4-pro,deepseek-v4-pro,True,
8317c8aaea39adf80baa:MiniMax-M3,MiniMax-M3,MiniMax-M3,True,
af44ac5b2f8b47769713:glm-5.3,glm-5.3,glm-5.3,True,
f26f6a6b013d3d068126:deepseek-v4-pro,deepseek-v4-pro,deepseek-v4-pro,True,
4ddcd31601c74396002e:deepseek-v4-pro,deepseek-v4-pro,deepseek-v4-pro,True,
11d28c8257368c00eedb:deepseek-v4-pro,deepseek-v4-pro,deepseek-v4-pro,True,
7a746e327162d3ed7f12:deepseek-v4-pro,deepseek-v4-pro,deepseek-v4-pro,True,
fb7440bbd8abd659e808:deepseek-v4-pro,deepseek-v4-pro,deepseek-v4-pro,True,
a77c9ced6b7ec7510183:glm-5.3,glm-5.3,glm-5.3,True,
7074d724fb09812ecd64:MiniMax-M3,MiniMax-M3,MiniMax-M3,True,
2162477effe5707063bb:deepseek-v4-pro,deepseek-v4-pro,deepseek-v4-pro,True,
6e282d584fee13eab7e3:glm-5.3,glm-5.3,glm-5.3,True,
d4061f55b75711e42e84:deepseek-v4-pro,deepseek-v4-pro,deepseek-v4-pro,True,
aa8b8eced0437c6a4f3b:glm-5.3,glm-5.3,glm-5.3,True,
f64aee3e38c1c214a588:deepseek-v4-pro,deepseek-v4-pro,deepseek-v4-pro,True,
033ff5b8e948c5411be9:deepseek-v4-pro,deepseek-v4-pro,deepseek-v4-pro,True,
198533b832a175dfa6ae:deepseek-v4-pro,deepseek-v4-pro,deepseek-v4-pro,True,
5c702e91d3ef30773499:MiniMax-M3,MiniMax-M3,MiniMax-M3,True,
109d2b54026de50a3db2:glm-5.3,glm-5.3,glm-5.3,True,
2535252092b5a8a92ee9:glm-5.3,glm-5.3,glm-5.3,True,
dbb7b6afcb54aaaebafa:glm-5.3,glm-5.3,glm-5.3,True,
d23250f844cb3f25765e:glm-5.3,glm-5.3,glm-5.3,True,
bd6cd2a50737508c1a88:MiniMax-M3,MiniMax-M3,MiniMax-M3,True,
9dcad66daba3b7ef39fb:glm-5.3,glm-5.3,glm-5.3,True,
d073c5aa6056b2a42eed:deepseek-v4-pro,deepseek-v4-pro,deepseek-v4-pro,True,
d0cf5e2b2f16006d76d5:deepseek-v4-pro,deepseek-v4-pro,deepseek-v4-pro,True,
d465ef9f5ad9088793ce:deepseek-v4-pro,deepseek-v4-pro,deepseek-v4-pro,True,
c926afb8c0593625155f:deepseek-v4-pro,deepseek-v4-pro,deepseek-v4-pro,True,
dcbea5b4092b7cce00f6:deepseek-v4-pro,deepseek-v4-pro,deepseek-v4-pro,True,
253f98031027d9e1a75e:MiniMax-M3,MiniMax-M3,MiniMax-M3,True,
8c0d20cad1ee5f82b601:deepseek-v4-pro,deepseek-v4-pro,deepseek-v4-pro,True,
8f410e91c0e17a47000b:MiniMax-M3,MiniMax-M3,MiniMax-M3,True,
74f726152eb7c073e80f:MiniMax-M3,MiniMax-M3,MiniMax-M3,True,
28bdaa4e8b49adb8b4e1:MiniMax-M3,MiniMax-M3,MiniMax-M3,True,
137d503e6a2b4b4b6940:glm-5.3,glm-5.3,glm-5.3,True,
e79e9ab1aba48e998318:deepseek-v4-pro,deepseek-v4-pro,deepseek-v4-pro,True,
326b8806a05baa8fef23:deepseek-v4-pro,deepseek-v4-pro,deepseek-v4-pro,True,
88765c466b2b69a9fc4f:glm-5.3,glm-5.3,glm-5.3,True,
23991efb065b9350e348:deepseek-v4-pro,deepseek-v4-pro,deepseek-v4-pro,True,
a0e7fddaf04455f09380:deepseek-v4-pro,deepseek-v4-pro,deepseek-v4-pro,True,
64ceef2ebf198c6b7037:glm-5.3,glm-5.3,glm-5.3,True,
52f0eb13e2ef02f46e16:MiniMax-M3,MiniMax-M3,MiniMax-M3,True,
69e467a3a298f777c4af:glm-5.3,glm-5.3,glm-5.3,True,
b3a39b5f5d6dbfecd2ae:deepseek-v4-pro,deepseek-v4-pro,deepseek-v4-pro,True,
72f8a9fe29c12d52a092:deepseek-v4-pro,deepseek-v4-pro,deepseek-v4-pro,True,
12b17d0fa3c7bf913b84:MiniMax-M3,MiniMax-M3,MiniMax-M3,True,
d8692efad0dc1bbc29e0:deepseek-v4-pro,deepseek-v4-pro,deepseek-v4-pro,True,
63f2a3d2596371d5d0b9:deepseek-v4-pro,deepseek-v4-pro,deepseek-v4-pro,True,
ae81ab5887b2c8377560:MiniMax-M3,MiniMax-M3,MiniMax-M3,True,
0e955f7e3a55701a102a:glm-5.3,glm-5.3,glm-5.3,True,
1f1c0fdb9ccc648ffb9b:MiniMax-M3,MiniMax-M3,MiniMax-M3,True,
a81a1c4d3ef1d5d0ba9e:glm-5.3,glm-5.3,glm-5.3,True,
739cb9c76fdcfeea3313:deepseek-v4-pro,deepseek-v4-pro,deepseek-v4-pro,True,
823c860f82f073a4d31d:MiniMax-M3,MiniMax-M3,MiniMax-M3,True,
27156e2d6c3336b03933:MiniMax-M3,MiniMax-M3,MiniMax-M3,True,
10da6f36f068c33a0462:glm-5.3,glm-5.3,glm-5.3,True,
dff536111d1beef969a7:deepseek-v4-pro,deepseek-v4-pro,deepseek-v4-pro,True,
c7cab80e4ba42b85aa7d:MiniMax-M3,MiniMax-M3,MiniMax-M3,True,
7a123790547e7a1075e5:deepseek-v4-pro,deepseek-v4-pro,deepseek-v4-pro,True,
a2e43b88502e38f76e19:glm-5.3,glm-5.3,glm-5.3,True,
5e4b2698d6c333b7e4b9:deepseek-v4-pro,deepseek-v4-pro,deepseek-v4-pro,True,
8d2c865860caf97b16ff:glm-5.3,glm-5.3,glm-5.3,True,
74ea34d4afe89154d48a:MiniMax-M3,MiniMax-M3,MiniMax-M3,True,
ee13822fc3833a289767:glm-5.3,glm-5.3,glm-5.3,True,
cb52fadfe0abc60c965a:deepseek-v4-pro,deepseek-v4-pro,deepseek-v4-pro,True,
5fb6886391c32078ad40:MiniMax-M3,MiniMax-M3,MiniMax-M3,True,
429d6de82b3d812d0715:deepseek-v4-pro,deepseek-v4-pro,deepseek-v4-pro,True,
07e8b058c92db34ed77a:MiniMax-M3,MiniMax-M3,MiniMax-M3,True,
70196ea61e422164470f:deepseek-v4-pro,deepseek-v4-pro,deepseek-v4-pro,True,
588f3f791e1f0718ebd0:deepseek-v4-pro,deepseek-v4-pro,deepseek-v4-pro,True,
689090e7cbd765287389:deepseek-v4-pro,deepseek-v4-pro,deepseek-v4-pro,True,
ba5387692ec25af57868:glm-5.3,glm-5.3,glm-5.3,True,
4d56ebeb2dd292a30f8d:deepseek-v4-pro,deepseek-v4-pro,deepseek-v4-pro,True,
a048064fe21c55290bba:deepseek-v4-pro,deepseek-v4-pro,deepseek-v4-pro,True,
ccd8254b5da1ebf26825:MiniMax-M3,MiniMax-M3,MiniMax-M3,True,
3f343806f620b75e5199:MiniMax-M3,MiniMax-M3,MiniMax-M3,True,
6f728b70c5c49fc8dae7:deepseek-v4-pro,deepseek-v4-pro,deepseek-v4-pro,True,
52c79e2267dc457c08f4:MiniMax-M3,MiniMax-M3,MiniMax-M3,True,
da8dd16da063feb8fb71:glm-5.3,glm-5.3,glm-5.3,True,
6a168db716ba66c8c9e2:deepseek-v4-pro,deepseek-v4-pro,deepseek-v4-pro,True,
826bf8cf7af339b1332d:glm-5.3,glm-5.3,glm-5.3,True,
ea4e6f48635fe36c44c5:glm-5.3,glm-5.3,glm-5.3,True,
d8cac0621f40bb184de0:glm-5.3,glm-5.3,glm-5.3,True,
6bfbe252b2d355057469:deepseek-v4-pro,deepseek-v4-pro,deepseek-v4-pro,True,
199f383880f777717047:deepseek-v4-pro,deepseek-v4-pro,deepseek-v4-pro,True,
4d1582953b5f321b1fed:deepseek-v4-pro,deepseek-v4-pro,deepseek-v4-pro,True,
64aadb6131d4a9fc9642:glm-5.3,glm-5.3,glm-5.3,True,
68953f4bb050d4468db0:glm-5.3,glm-5.3,glm-5.3,True,
bc1da53811ad10ec2e8d:MiniMax-M3,MiniMax-M3,MiniMax-M3,True,
52c79e2267dc457c08f4:deepseek-v4-pro,deepseek-v4-pro,deepseek-v4-pro,True,
41e20ab685b4bb5e406a:deepseek-v4-pro,deepseek-v4-pro,deepseek-v4-pro,True,
589122e3e75bbf0a2cbc:MiniMax-M3,MiniMax-M3,MiniMax-M3,True,
b66377c9baa75a19b95d:glm-5.3,glm-5.3,glm-5.3,True,
2bd1a015a9d88c74ea35:MiniMax-M3,MiniMax-M3,MiniMax-M3,True,
d40ddc4327aa8fdbc866:glm-5.3,glm-5.3,glm-5.3,True,
2258638b2a76453ee31f:MiniMax-M3,MiniMax-M3,MiniMax-M3,True,
0b18fe92dc4784eea0cf:MiniMax-M3,MiniMax-M3,MiniMax-M3,True,
775397cab0962ea6ac4d:MiniMax-M3,MiniMax-M3,MiniMax-M3,True,
b9001273725bd22d74be:deepseek-v4-pro,deepseek-v4-pro,deepseek-v4-pro,True,
30cba13c698e98fe2a07:deepseek-v4-pro,deepseek-v4-pro,deepseek-v4-pro,True,
b4f4f6314621dbedadac:deepseek-v4-pro,deepseek-v4-pro,deepseek-v4-pro,True,
599c77964dba14d15128:deepseek-v4-pro,deepseek-v4-pro,deepseek-v4-pro,True,
2f1124db9ca843382c13:glm-5.3,glm-5.3,glm-5.3,True,
76ea32ef6c4d4d1ffd77:deepseek-v4-pro,deepseek-v4-pro,deepseek-v4-pro,True,
04206aed0a085a94dfba:MiniMax-M3,MiniMax-M3,MiniMax-M3,True,
35c1e10e9621027b04c0:deepseek-v4-pro,deepseek-v4-pro,deepseek-v4-pro,True,
bdbcdde53dc929262e6a:deepseek-v4-pro,deepseek-v4-pro,deepseek-v4-pro,True,
8b2313b3e3f32de8650b:deepseek-v4-pro,deepseek-v4-pro,deepseek-v4-pro,True,
688ae0539a008c166cfc:deepseek-v4-pro,deepseek-v4-pro,deepseek-v4-pro,True,
5ada4639bd440422935d:glm-5.3,glm-5.3,glm-5.3,True,
595df09ff3d819d7fa25:deepseek-v4-pro,deepseek-v4-pro,deepseek-v4-pro,True,
c315b5a923ba245f043b:glm-5.3,glm-5.3,glm-5.3,True,
baa843269c071d5850be:MiniMax-M3,MiniMax-M3,MiniMax-M3,True,
da0ae8d080a33cf3d8f8:glm-5.3,glm-5.3,glm-5.3,True,
85732979b0557095c93a:deepseek-v4-pro,deepseek-v4-pro,deepseek-v4-pro,True,
d3471ebf02e3be3cea28:MiniMax-M3,MiniMax-M3,MiniMax-M3,True,
22bd10febcaf1a20d86a:glm-5.3,glm-5.3,glm-5.3,True,
8b3c1010aee4fc34fea6:glm-5.3,glm-5.3,glm-5.3,True,
b7bbdd9ada1576b0de24:deepseek-v4-pro,deepseek-v4-pro,deepseek-v4-pro,True,
37718fc97a2376d1ca5b:glm-5.3,glm-5.3,glm-5.3,True,
886b92b45b75eef82038:deepseek-v4-pro,deepseek-v4-pro,deepseek-v4-pro,True,
fc950436b9f52bc7df62:glm-5.3,glm-5.3,glm-5.3,True,
682559558ef5641846df:deepseek-v4-pro,deepseek-v4-pro,deepseek-v4-pro,True,
47827ce989baa26c6e29:MiniMax-M3,MiniMax-M3,MiniMax-M3,True,
68d97fd363ce2a08d57f:deepseek-v4-pro,deepseek-v4-pro,deepseek-v4-pro,True,
b78a01dfae6962f3005f:glm-5.3,glm-5.3,glm-5.3,True,
010a72cf72f45bb70d4b:deepseek-v4-pro,deepseek-v4-pro,deepseek-v4-pro,True,
4b83bef07492968a7fff:MiniMax-M3,MiniMax-M3,MiniMax-M3,True,
0c6b9b3a79751c333c82:glm-5.3,glm-5.3,glm-5.3,True,
3c51f88eb445506c57b1:glm-5.3,glm-5.3,glm-5.3,True,
f999c031dd3fd4359ff7:glm-5.3,glm-5.3,glm-5.3,True,
6ec573b1dddcc3fafaab:deepseek-v4-pro,deepseek-v4-pro,deepseek-v4-pro,True,
00244f7b9ae65abcde7b:MiniMax-M3,MiniMax-M3,MiniMax-M3,True,
34ee562585ee44f46483:deepseek-v4-pro,deepseek-v4-pro,deepseek-v4-pro,True,
8644e8edb7e4a278c4d5:deepseek-v4-pro,deepseek-v4-pro,deepseek-v4-pro,True,
2c55295b66b1f1074d9f:deepseek-v4-pro,deepseek-v4-pro,deepseek-v4-pro,True,
50a16c31d64cbc962eec:glm-5.3,glm-5.3,glm-5.3,True,
ccc131e047d38035be1f:glm-5.3,glm-5.3,glm-5.3,True,
3a78df636927bbc52cfd:glm-5.3,glm-5.3,glm-5.3,True,
2427ec2ea83daf0faa4b:deepseek-v4-pro,deepseek-v4-pro,deepseek-v4-pro,True,
e170c8fa53ee2d1ac98b:MiniMax-M3,MiniMax-M3,MiniMax-M3,True,
6fab3abc429313ea4de9:deepseek-v4-pro,deepseek-v4-pro,deepseek-v4-pro,True,
a7deb4f753e98e5683ed:glm-5.3,glm-5.3,glm-5.3,True,
0f462c0fa4f3574074eb:glm-5.3,glm-5.3,glm-5.3,True,
cb48dc8fd3bc3a685ca9:glm-5.3,glm-5.3,glm-5.3,True,
208553c8f7a27efb19d2:MiniMax-M3,MiniMax-M3,MiniMax-M3,True,
52905d9e5a70e82160c6:glm-5.3,glm-5.3,glm-5.3,True,
5b4e23c5829f7b927602:MiniMax-M3,MiniMax-M3,MiniMax-M3,True,
a4340058b8a0c2d85888:deepseek-v4-pro,deepseek-v4-pro,deepseek-v4-pro,True,
52e4b06b83c07efc319b:glm-5.3,glm-5.3,glm-5.3,True,
387ecc41aa57c10a9de9:glm-5.3,glm-5.3,glm-5.3,True,
c7cab80e4ba42b85aa7d:glm-5.3,glm-5.3,glm-5.3,True,
7e917926fae1ee94c704:MiniMax-M3,MiniMax-M3,MiniMax-M3,True,
99db126618ba76a1bc9c:MiniMax-M3,MiniMax-M3,MiniMax-M3,True,
31715072cb111b2bd9e3:MiniMax-M3,MiniMax-M3,MiniMax-M3,True,
cdf9451e4ebbbac0f978:glm-5.3,glm-5.3,glm-5.3,True,
477f0505cc6312050899:MiniMax-M3,MiniMax-M3,MiniMax-M3,True,
573666d973aa3a7a85ed:MiniMax-M3,MiniMax-M3,MiniMax-M3,True,
f27cfd5b904db4d7b8e4:deepseek-v4-pro,deepseek-v4-pro,deepseek-v4-pro,True,
3785f8189f8130629e52:MiniMax-M3,MiniMax-M3,MiniMax-M3,True,
94ba96f84b19e70764ee:glm-5.3,glm-5.3,glm-5.3,True,
48efa675f24be3fc60e1:MiniMax-M3,MiniMax-M3,MiniMax-M3,True,
7d8490fc25aeeb7912ea:glm-5.3,glm-5.3,glm-5.3,True,
2376e1dc35086f5305b0:MiniMax-M3,MiniMax-M3,MiniMax-M3,True,
b54461265267758dcbb0:glm-5.3,glm-5.3,glm-5.3,True,
4efab93fb05946e92384:glm-5.3,glm-5.3,glm-5.3,True,
86df79f97329a4589c81:MiniMax-M3,MiniMax-M3,MiniMax-M3,True,
a1736ef79549d00fa865:MiniMax-M3,MiniMax-M3,MiniMax-M3,True,
82fc4a1526bbd8a46805:glm-5.3,glm-5.3,glm-5.3,True,
f872c1f2c05347efcb50:MiniMax-M3,MiniMax-M3,MiniMax-M3,True,
d49597d4547b11ef2a65:MiniMax-M3,MiniMax-M3,MiniMax-M3,True,
7fbb2f1500a195487c94:glm-5.3,glm-5.3,glm-5.3,True,
a4c5097308f716221484:MiniMax-M3,MiniMax-M3,MiniMax-M3,True,
b452b47f9ae7679dcef5:glm-5.3,glm-5.3,glm-5.3,True,
72aea2607452e56e0c80:MiniMax-M3,MiniMax-M3,MiniMax-M3,True,
e0b130dbd25b4a2e6a71:glm-5.3,glm-5.3,glm-5.3,True,
9c7409a66b480aea3a14:deepseek-v4-pro,deepseek-v4-pro,deepseek-v4-pro,True,
965698ba80caf66f0f64:glm-5.3,glm-5.3,glm-5.3,True,
d924bbcaaa9c30f17e31:deepseek-v4-pro,deepseek-v4-pro,deepseek-v4-pro,True,
1fb95a98d2d19de3c739:deepseek-v4-pro,deepseek-v4-pro,deepseek-v4-pro,True,
20dd696b08d60be82b9b:MiniMax-M3,MiniMax-M3,MiniMax-M3,True,
31316e372b7e1e8385f8:glm-5.3,glm-5.3,glm-5.3,True,
3b957d56a0d78901c962:MiniMax-M3,MiniMax-M3,MiniMax-M3,True,
710ae09e46cb7268f02c:deepseek-v4-pro,deepseek-v4-pro,deepseek-v4-pro,True,
38b1bfcfe2290c606e37:MiniMax-M3,MiniMax-M3,MiniMax-M3,True,
cdf5af42bac527079897:MiniMax-M3,MiniMax-M3,MiniMax-M3,True,
995cbc989a33da6b2b02:deepseek-v4-pro,deepseek-v4-pro,deepseek-v4-pro,True,
f318df4dc13d96431fa4:deepseek-v4-pro,deepseek-v4-pro,deepseek-v4-pro,True,
389edb5348dc0d60a11a:MiniMax-M3,MiniMax-M3,MiniMax-M3,True,
05106543c5c9c97468cc:MiniMax-M3,MiniMax-M3,MiniMax-M3,True,
b5391ff5d5a8226070c6:MiniMax-M3,MiniMax-M3,MiniMax-M3,True,
d2ee1b3550849ebdc4e0:MiniMax-M3,MiniMax-M3,MiniMax-M3,True,
72366ede190bb003b3d7:glm-5.3,glm-5.3,glm-5.3,True,
387430da0d9fe84a6c3f:MiniMax-M3,MiniMax-M3,MiniMax-M3,True,
608be601db4924d36bc1:glm-5.3,glm-5.3,glm-5.3,True,
b7876ed73321a54b07d7:glm-5.3,glm-5.3,glm-5.3,True,
59db139e24f17bb53801:glm-5.3,glm-5.3,glm-5.3,True,
f8541ec1d4378d148802:MiniMax-M3,MiniMax-M3,MiniMax-M3,True,
ad8c4e068c796f8896dc:deepseek-v4-pro,deepseek-v4-pro,deepseek-v4-pro,True,
e6dde8b8456b7be4b941:glm-5.3,glm-5.3,glm-5.3,True,
61c1388aa3c4ce19098c:glm-5.3,glm-5.3,glm-5.3,True,
82e4470cecd1c5797e12:deepseek-v4-pro,deepseek-v4-pro,deepseek-v4-pro,True,
1a6038d6101c79a89b04:glm-5.3,glm-5.3,glm-5.3,True,
089ab3596012d3662ab1:glm-5.3,glm-5.3,glm-5.3,True,
d250e42dec0596a5fb2f:MiniMax-M3,MiniMax-M3,MiniMax-M3,True,
19c61a1183889288923c:MiniMax-M3,MiniMax-M3,MiniMax-M3,True,
54df391579d4be8d52cd:deepseek-v4-pro,deepseek-v4-pro,deepseek-v4-pro,True,
49fed5d6aa43e7dc2fff:deepseek-v4-pro,deepseek-v4-pro,deepseek-v4-pro,True,
16ef1df83be9b483d779:deepseek-v4-pro,deepseek-v4-pro,deepseek-v4-pro,True,
7d6cbb289d0788881bf4:glm-5.3,glm-5.3,glm-5.3,True,
27bfe46f295670b91b6e:glm-5.3,glm-5.3,glm-5.3,True,
34b51f71ee3caa12458e:MiniMax-M3,MiniMax-M3,MiniMax-M3,True,
7e45ebecf57ad4c212f6:deepseek-v4-pro,deepseek-v4-pro,deepseek-v4-pro,True,
f2f08bb3479f4c3e4d9a:MiniMax-M3,MiniMax-M3,MiniMax-M3,True,
201cad739b02a5870085:glm-5.3,glm-5.3,glm-5.3,True,
2f1cded5d23573392a9a:deepseek-v4-pro,deepseek-v4-pro,deepseek-v4-pro,True,
c27694297b47c8256f98:deepseek-v4-pro,deepseek-v4-pro,deepseek-v4-pro,True,
ad74e8e53608e63f0822:glm-5.3,glm-5.3,glm-5.3,True,
05ed67829ed16c22b672:MiniMax-M3,MiniMax-M3,MiniMax-M3,True,
b477b10ecd376b3d6fca:MiniMax-M3,MiniMax-M3,MiniMax-M3,True,
196c96eab5aeb4053aa4:MiniMax-M3,MiniMax-M3,MiniMax-M3,True,
b79a0336305352dd83d3:MiniMax-M3,MiniMax-M3,MiniMax-M3,True,
2e90f65baa06f7021e4f:deepseek-v4-pro,deepseek-v4-pro,deepseek-v4-pro,True,
0a073f3f0656771c7e20:MiniMax-M3,MiniMax-M3,MiniMax-M3,True,
a48723d020382b51af6c:MiniMax-M3,MiniMax-M3,MiniMax-M3,True,
d0333c83491743a57d50:glm-5.3,glm-5.3,glm-5.3,True,
ca34b4376bbeb5b09b5d:glm-5.3,glm-5.3,glm-5.3,True,
2f401bcdb0f93fef8a6d:MiniMax-M3,MiniMax-M3,MiniMax-M3,True,
ff8ad575736e11d331d4:glm-5.3,glm-5.3,glm-5.3,True,
0e29323e45f9e1d82e03:glm-5.3,glm-5.3,glm-5.3,True,
e29b4d80c7266fede92b:deepseek-v4-pro,deepseek-v4-pro,deepseek-v4-pro,True,
dedba43b9a93942e2bd8:MiniMax-M3,MiniMax-M3,MiniMax-M3,True,
ff69542394909f23ab99:glm-5.3,glm-5.3,glm-5.3,True,
b0622aabdf060a55a4e3:glm-5.3,glm-5.3,glm-5.3,True,
a8dc28dd67e792d29b81:MiniMax-M3,MiniMax-M3,MiniMax-M3,True,
2d1b45ab1ab7f2bd6211:MiniMax-M3,MiniMax-M3,MiniMax-M3,True,
9fa96bcb83eb6a13dd5f:glm-5.3,glm-5.3,glm-5.3,True,
71b4b47f72de13446088:glm-5.3,glm-5.3,glm-5.3,True,
0cea2552b2e5f192530a:glm-5.3,glm-5.3,glm-5.3,True,
05116be1a8fe6d922926:glm-5.3,glm-5.3,glm-5.3,True,
ec441b0097ccf298fc10:deepseek-v4-pro,deepseek-v4-pro,deepseek-v4-pro,True,
819fdf636fe8bf658294:deepseek-v4-pro,deepseek-v4-pro,deepseek-v4-pro,True,
d0addc530b1a7b671abe:deepseek-v4-pro,deepseek-v4-pro,deepseek-v4-pro,True,
fb1a443c9a074bf77b34:deepseek-v4-pro,deepseek-v4-pro,deepseek-v4-pro,True,
9d1d93aeab38e485a3f8:MiniMax-M3,MiniMax-M3,MiniMax-M3,True,
abcc742bfd01f1e23024:deepseek-v4-pro,deepseek-v4-pro,deepseek-v4-pro,True,
c88a95f9290c5b2280f8:deepseek-v4-pro,deepseek-v4-pro,deepseek-v4-pro,True,
b16dc7e07444281e679d:deepseek-v4-pro,deepseek-v4-pro,deepseek-v4-pro,True,
67eb08e4981663223a8d:MiniMax-M3,MiniMax-M3,MiniMax-M3,True,
800f47944dd0f14b00a3:glm-5.3,glm-5.3,glm-5.3,True,
8537339836a79b0a44d5:deepseek-v4-pro,deepseek-v4-pro,deepseek-v4-pro,True,
bdbe45e22c335da5d5ee:glm-5.3,glm-5.3,glm-5.3,True,
a5f4c9ea5a726bd2fcf2:glm-5.3,glm-5.3,glm-5.3,True,
5bec2a1f434f600c1643:MiniMax-M3,MiniMax-M3,MiniMax-M3,True,
b046bda139a873ef117c:glm-5.3,glm-5.3,glm-5.3,True,
ae81ab5887b2c8377560:deepseek-v4-pro,deepseek-v4-pro,deepseek-v4-pro,True,
3534a95cffb481a92103:deepseek-v4-pro,deepseek-v4-pro,deepseek-v4-pro,True,
7dd3b5e984990a79e610:MiniMax-M3,MiniMax-M3,MiniMax-M3,True,
a9cbf2f42d279add506e:glm-5.3,glm-5.3,glm-5.3,True,
b464f61fdffe3cd51464:deepseek-v4-pro,deepseek-v4-pro,deepseek-v4-pro,True,
d0700214a40a094613c4:glm-5.3,glm-5.3,glm-5.3,True,
ec9d94d8cf87704deb66:glm-5.3,glm-5.3,glm-5.3,True,
b05912f6b9dc3c5a1439:deepseek-v4-pro,deepseek-v4-pro,deepseek-v4-pro,True,
db7abf0b05e2d5a666cc:glm-5.3,glm-5.3,glm-5.3,True,
a7e1425d675df5169a55:MiniMax-M3,MiniMax-M3,MiniMax-M3,True,
a4a90845fbd974c74f7c:glm-5.3,glm-5.3,glm-5.3,True,
0bd574e85c8bdda4869f:glm-5.3,glm-5.3,glm-5.3,True,
d2792c582f24fca24e47:glm-5.3,glm-5.3,glm-5.3,True,
c5cf2624c0b0327be450:MiniMax-M3,MiniMax-M3,MiniMax-M3,True,
2d2ed43f3e2ced0e3fe9:MiniMax-M3,MiniMax-M3,MiniMax-M3,True,
a89678d2f5fd02bd1a0d:deepseek-v4-pro,deepseek-v4-pro,deepseek-v4-pro,True,
934323a0cee800747c7c:MiniMax-M3,MiniMax-M3,MiniMax-M3,True,
95a5a4c0c2108b4fd1d8:glm-5.3,glm-5.3,glm-5.3,True,
9eb98c3ea8607d413a0d:glm-5.3,glm-5.3,glm-5.3,True,
6b3fc06a813c14046911:deepseek-v4-pro,deepseek-v4-pro,deepseek-v4-pro,True,
0f462c0fa4f3574074eb:MiniMax-M3,MiniMax-M3,MiniMax-M3,True,
c0f0e2c14207f79fb5e3:glm-5.3,glm-5.3,glm-5.3,True,
20dd696b08d60be82b9b:glm-5.3,glm-5.3,glm-5.3,True,
0e9aba35d9a041ef92db:glm-5.3,glm-5.3,glm-5.3,True,
04f472a04f08b89f9008:glm-5.3,glm-5.3,glm-5.3,True,
24985cb3543de3853080:MiniMax-M3,MiniMax-M3,MiniMax-M3,True,
03e41b9604867a9ab06f:deepseek-v4-pro,deepseek-v4-pro,deepseek-v4-pro,True,
00f031820ec962074171:glm-5.3,glm-5.3,glm-5.3,True,
760b34839849f292a465:glm-5.3,glm-5.3,glm-5.3,True,
4b02b02c5b96a941ed72:glm-5.3,glm-5.3,glm-5.3,True,
08217525d03e715cb3ba:MiniMax-M3,MiniMax-M3,MiniMax-M3,True,
8b08ed44d7ad77e40b0a:glm-5.3,glm-5.3,glm-5.3,True,
bb02efc7b68cee9aa52c:glm-5.3,glm-5.3,glm-5.3,True,
8f79837dfd4763581742:deepseek-v4-pro,deepseek-v4-pro,deepseek-v4-pro,True,
caed52b05bf86ad778e2:glm-5.3,glm-5.3,glm-5.3,True,
538cdefa137a7b7134ad:glm-5.3,glm-5.3,glm-5.3,True,
32d8c7d509d3e4233439:deepseek-v4-pro,deepseek-v4-pro,deepseek-v4-pro,True,
61d741bb38089cd2617a:MiniMax-M3,MiniMax-M3,MiniMax-M3,True,
6edd9bd315f4d6961e44:glm-5.3,glm-5.3,glm-5.3,True,
d6f3ffd67e817e698a2e:glm-5.3,glm-5.3,glm-5.3,True,
2aacbe83b2736e1d0f90:MiniMax-M3,MiniMax-M3,MiniMax-M3,True,
07e8b058c92db34ed77a:glm-5.3,glm-5.3,glm-5.3,True,
7fa61ee13acc9b8d4d94:MiniMax-M3,MiniMax-M3,MiniMax-M3,True,
72366ede190bb003b3d7:deepseek-v4-pro,deepseek-v4-pro,deepseek-v4-pro,True,
33a437aebe5c692c1b78:MiniMax-M3,MiniMax-M3,MiniMax-M3,True,
95be34a19564a721b446:deepseek-v4-pro,deepseek-v4-pro,deepseek-v4-pro,True,
bd96288599a37f80cf09:deepseek-v4-pro,deepseek-v4-pro,deepseek-v4-pro,True,
a21efae9a71c2ec3e874:deepseek-v4-pro,deepseek-v4-pro,deepseek-v4-pro,True,
b4afddad15b4c13bc3c1:deepseek-v4-pro,deepseek-v4-pro,deepseek-v4-pro,True,
50fa1fafedbb2961beab:MiniMax-M3,MiniMax-M3,MiniMax-M3,True,
073dc8d41e8dc7d1ede4:glm-5.3,glm-5.3,glm-5.3,True,
d7a30b344bb9336ffa60:deepseek-v4-pro,deepseek-v4-pro,deepseek-v4-pro,True,
e78701ee9362f75ccc83:deepseek-v4-pro,deepseek-v4-pro,deepseek-v4-pro,True,
a7228a6fd60e79efabb6:deepseek-v4-pro,deepseek-v4-pro,deepseek-v4-pro,True,
65657df546b9aed5e6d7:MiniMax-M3,MiniMax-M3,MiniMax-M3,True,
77243df565523511a12a:glm-5.3,glm-5.3,glm-5.3,True,
3ae537d603b746025443:deepseek-v4-pro,deepseek-v4-pro,deepseek-v4-pro,True,
b4d4ab0eb0914794c865:MiniMax-M3,MiniMax-M3,MiniMax-M3,True,
8a6216c96e20f90494b4:deepseek-v4-pro,deepseek-v4-pro,deepseek-v4-pro,True,
1b53b51151290eb0327f:deepseek-v4-pro,deepseek-v4-pro,deepseek-v4-pro,True,
c4e287f3d2c1efedd59a:deepseek-v4-pro,deepseek-v4-pro,deepseek-v4-pro,True,
ae8d415f4d0235c9548d:deepseek-v4-pro,deepseek-v4-pro,deepseek-v4-pro,True,
ee5e77381f1224734514:deepseek-v4-pro,deepseek-v4-pro,deepseek-v4-pro,True,
f59715d938122c9790b4:deepseek-v4-pro,deepseek-v4-pro,deepseek-v4-pro,True,
37dd609557b34d052050:deepseek-v4-pro,deepseek-v4-pro,deepseek-v4-pro,True,
9acd01cc9f99ee313aea:MiniMax-M3,MiniMax-M3,MiniMax-M3,True,
e1e4bae48fa2a41cd99a:deepseek-v4-pro,deepseek-v4-pro,deepseek-v4-pro,True,
f90d9cf31d52992d5a83:glm-5.3,glm-5.3,glm-5.3,True,
a81a1c4d3ef1d5d0ba9e:deepseek-v4-pro,deepseek-v4-pro,deepseek-v4-pro,True,
50a16c31d64cbc962eec:deepseek-v4-pro,deepseek-v4-pro,deepseek-v4-pro,True,
bfe68f8f17283e867f99:MiniMax-M3,MiniMax-M3,MiniMax-M3,True,
5219f4563ed51806b39e:deepseek-v4-pro,deepseek-v4-pro,deepseek-v4-pro,True,
e26f81cdab0205c6f4f4:deepseek-v4-pro,deepseek-v4-pro,deepseek-v4-pro,True,
495aada10418cd756581:MiniMax-M3,MiniMax-M3,MiniMax-M3,True,
c4a1e68f9ef45ade4963:MiniMax-M3,MiniMax-M3,MiniMax-M3,True,
7ffe5390ffd96850f056:deepseek-v4-pro,deepseek-v4-pro,deepseek-v4-pro,True,
675d63328b775100fc4c:deepseek-v4-pro,deepseek-v4-pro,deepseek-v4-pro,True,
db4ddf85142bf3fcff49:glm-5.3,glm-5.3,glm-5.3,True,
94d9e33d1a8d7f54ce35:glm-5.3,glm-5.3,glm-5.3,True,
daabec108789a8e86137:MiniMax-M3,MiniMax-M3,MiniMax-M3,True,
0c3ac9eb99b0b55b25fa:deepseek-v4-pro,deepseek-v4-pro,deepseek-v4-pro,True,
219832ae9b07e2c686a8:glm-5.3,glm-5.3,glm-5.3,True,
990d2bdc51d3eae4fe63:deepseek-v4-pro,deepseek-v4-pro,deepseek-v4-pro,True,
472168e18e96ca7eded3:MiniMax-M3,MiniMax-M3,MiniMax-M3,True,
013874c8c9476bc4020b:glm-5.3,glm-5.3,glm-5.3,True,
b47b89419eed07d11dac:glm-5.3,glm-5.3,glm-5.3,True,
f43ee33756ce02dad809:glm-5.3,glm-5.3,glm-5.3,True,
5cb4b6ab4b1eec2742fc:deepseek-v4-pro,deepseek-v4-pro,deepseek-v4-pro,True,
d01da258d383ed5b8023:deepseek-v4-pro,deepseek-v4-pro,deepseek-v4-pro,True,
56ccf81231ae3efd63c4:deepseek-v4-pro,deepseek-v4-pro,deepseek-v4-pro,True,
957f3d0268700b17ec32:MiniMax-M3,MiniMax-M3,MiniMax-M3,True,
9d7988a503bbf6cc7e03:deepseek-v4-pro,deepseek-v4-pro,deepseek-v4-pro,True,
23cab94cf708dd240a69:MiniMax-M3,MiniMax-M3,MiniMax-M3,True,
7efbbc478a76093b354b:MiniMax-M3,MiniMax-M3,MiniMax-M3,True,
a1450496fd16d9f5edb9:deepseek-v4-pro,deepseek-v4-pro,deepseek-v4-pro,True,
2ea9a607e920aaa77f1e:MiniMax-M3,MiniMax-M3,MiniMax-M3,True,
a4e51b6df2b7a55386ea:glm-5.3,glm-5.3,glm-5.3,True,
84b67d683d7c1b3fcd79:glm-5.3,glm-5.3,glm-5.3,True,
dbc5363bcee0e144f697:glm-5.3,glm-5.3,glm-5.3,True,
fefa9a1a490506d02c07:MiniMax-M3,MiniMax-M3,MiniMax-M3,True,
1341096630c2ce26bde5:deepseek-v4-pro,deepseek-v4-pro,deepseek-v4-pro,True,
8807b5cb9194d4712c47:glm-5.3,glm-5.3,glm-5.3,True,
3656ca2c8a77e800b0a1:glm-5.3,glm-5.3,glm-5.3,True,
9496ab4cee17faceeaf7:deepseek-v4-pro,deepseek-v4-pro,deepseek-v4-pro,True,
0d09e636be3dd4eccdf7:glm-5.3,glm-5.3,glm-5.3,True,
5f85091c4b128bc58d85:glm-5.3,glm-5.3,glm-5.3,True,
e90f238f02ddb976d0e6:glm-5.3,glm-5.3,glm-5.3,True,
eb535e14bf83401089da:deepseek-v4-pro,deepseek-v4-pro,deepseek-v4-pro,True,
f2cf31592e80885fc585:MiniMax-M3,MiniMax-M3,MiniMax-M3,True,
962ea4f6bf27dc6c7648:glm-5.3,glm-5.3,glm-5.3,True,
95be34a19564a721b446:glm-5.3,glm-5.3,glm-5.3,True,
0a8e8bfb2651ca4e8f69:glm-5.3,glm-5.3,glm-5.3,True,
8fa09223aa7368ca398d:glm-5.3,glm-5.3,glm-5.3,True,
0a846aaf393f70e3a8ad:MiniMax-M3,MiniMax-M3,MiniMax-M3,True,
75a34b8b3a9c9eb297f4:glm-5.3,glm-5.3,glm-5.3,True,
7695d860ac985bc42920:MiniMax-M3,MiniMax-M3,MiniMax-M3,True,
22a7d02bb98a0e37b716:deepseek-v4-pro,deepseek-v4-pro,deepseek-v4-pro,True,
4219385512c1fdbc2e34:glm-5.3,glm-5.3,glm-5.3,True,
28e83f137ef44e0170dc:glm-5.3,glm-5.3,glm-5.3,True,
29eac96df40098f16e73:MiniMax-M3,MiniMax-M3,MiniMax-M3,True,
8562cf36ac8da8b9ab05:glm-5.3,glm-5.3,glm-5.3,True,
57cc00706f0fcfc5a8e9:MiniMax-M3,MiniMax-M3,MiniMax-M3,True,
9116b2043c926cda919c:deepseek-v4-pro,deepseek-v4-pro,deepseek-v4-pro,True,
208553c8f7a27efb19d2:glm-5.3,glm-5.3,glm-5.3,True,
baa843269c071d5850be:glm-5.3,glm-5.3,glm-5.3,True,
0bc2a1758545988c8317:glm-5.3,glm-5.3,glm-5.3,True,
354594e11531d5bc2cfc:MiniMax-M3,MiniMax-M3,MiniMax-M3,True,
45141b249dfea6bdd74b:deepseek-v4-pro,deepseek-v4-pro,deepseek-v4-pro,True,
e0e5122c70041abe73a7:deepseek-v4-pro,deepseek-v4-pro,deepseek-v4-pro,True,
cd4165d66dd4caa4f8d3:glm-5.3,glm-5.3,glm-5.3,True,
f7c3659112cd9bba7e1c:glm-5.3,glm-5.3,glm-5.3,True,
747e557ec0f97541c722:glm-5.3,glm-5.3,glm-5.3,True,
a518806dfaf41ad7e70a:deepseek-v4-pro,deepseek-v4-pro,deepseek-v4-pro,True,
33adc9dff7a90e13cc33:deepseek-v4-pro,deepseek-v4-pro,deepseek-v4-pro,True,
6b6597ae4b7ad2ca9cb9:MiniMax-M3,MiniMax-M3,MiniMax-M3,True,
b4d90fb1aed83546aa37:MiniMax-M3,MiniMax-M3,MiniMax-M3,True,
b79a0336305352dd83d3:deepseek-v4-pro,deepseek-v4-pro,deepseek-v4-pro,True,
974fa79fcb562e1cfc2f:glm-5.3,glm-5.3,glm-5.3,True,
e978c422a9be17ac9897:glm-5.3,glm-5.3,glm-5.3,True,
5629860214cd263c5456:deepseek-v4-pro,deepseek-v4-pro,deepseek-v4-pro,True,
bfd4c2c02f816f08fbde:glm-5.3,glm-5.3,glm-5.3,True,
b9bcf66e6153d6c6906b:glm-5.3,glm-5.3,glm-5.3,True,
dccf78b751af29cc0d38:MiniMax-M3,MiniMax-M3,MiniMax-M3,True,
3f6a9270a9f67ff49187:glm-5.3,glm-5.3,glm-5.3,True,
d1ed23f4eebb83523883:MiniMax-M3,MiniMax-M3,MiniMax-M3,True,
c4e287f3d2c1efedd59a:MiniMax-M3,MiniMax-M3,MiniMax-M3,True,
a9a381aeaf23870bee89:MiniMax-M3,MiniMax-M3,MiniMax-M3,True,
d361650cb59c37b390e5:glm-5.3,glm-5.3,glm-5.3,True,
a3cc44c82fca88345ded:glm-5.3,glm-5.3,glm-5.3,True,
c8d1d19514db5e97c11c:glm-5.3,glm-5.3,glm-5.3,True,
a0565a7dcdb17940f259:MiniMax-M3,MiniMax-M3,MiniMax-M3,True,
c0c69dcfb5fad3ef7d20:deepseek-v4-pro,deepseek-v4-pro,deepseek-v4-pro,True,
4e0b3c607804cd1ed819:deepseek-v4-pro,deepseek-v4-pro,deepseek-v4-pro,True,
fce2c71c2b29bb1098ce:glm-5.3,glm-5.3,glm-5.3,True,
535b406f4a46a3eeb394:deepseek-v4-pro,deepseek-v4-pro,deepseek-v4-pro,True,
2c199f946200794ef01b:MiniMax-M3,MiniMax-M3,MiniMax-M3,True,
0bee7af772e2de7970b3:glm-5.3,glm-5.3,glm-5.3,True,
a19b0cff0ec19f628122:MiniMax-M3,MiniMax-M3,MiniMax-M3,True,
51d00bf1805dd9204538:MiniMax-M3,MiniMax-M3,MiniMax-M3,True,
637ae0bbfa3cb6e88079:MiniMax-M3,MiniMax-M3,MiniMax-M3,True,
2f8083a3036b6b618df7:glm-5.3,glm-5.3,glm-5.3,True,
abf900b54c25da3dfa61:glm-5.3,glm-5.3,glm-5.3,True,
8c1e50955f403214dfa2:MiniMax-M3,MiniMax-M3,MiniMax-M3,True,
9f7fe2e85a6a9a606bf3:deepseek-v4-pro,deepseek-v4-pro,deepseek-v4-pro,True,
b9df606fc411fc2fc127:deepseek-v4-pro,deepseek-v4-pro,deepseek-v4-pro,True,
dd103da38be9a6966ef4:MiniMax-M3,MiniMax-M3,MiniMax-M3,True,
e4e10c75843fac05e235:glm-5.3,glm-5.3,glm-5.3,True,
2b1aa9f6aecd6313de5f:MiniMax-M3,MiniMax-M3,MiniMax-M3,True,
20073ab5b79e09a550f5:MiniMax-M3,MiniMax-M3,MiniMax-M3,True,
701f7eb43a976e5947ed:deepseek-v4-pro,deepseek-v4-pro,deepseek-v4-pro,True,
ded077dcfe1c8bd7cae2:MiniMax-M3,MiniMax-M3,MiniMax-M3,True,
74d2f89815234e66f48e:MiniMax-M3,MiniMax-M3,MiniMax-M3,True,
b12fbf0f837c687db484:MiniMax-M3,MiniMax-M3,MiniMax-M3,True,
340cd00b743d7dac2d9c:MiniMax-M3,MiniMax-M3,MiniMax-M3,True,
b701cf3dbecf8228b0eb:deepseek-v4-pro,deepseek-v4-pro,deepseek-v4-pro,True,
2f6fbfb1ca5d3966459f:deepseek-v4-pro,deepseek-v4-pro,deepseek-v4-pro,True,
9880ee1065c7dae5f11c:deepseek-v4-pro,deepseek-v4-pro,deepseek-v4-pro,True,
af571cf17821ab133975:glm-5.3,glm-5.3,glm-5.3,True,
ca740c36c9c2e46ea9fc:MiniMax-M3,MiniMax-M3,MiniMax-M3,True,
f872c1f2c05347efcb50:glm-5.3,glm-5.3,glm-5.3,True,
7c2558e3772173d63bfb:glm-5.3,glm-5.3,glm-5.3,True,
04368ffa2f61968b9e0c:MiniMax-M3,MiniMax-M3,MiniMax-M3,True,
472c8a93dafd15659931:deepseek-v4-pro,deepseek-v4-pro,deepseek-v4-pro,True,
4f5e62b80310ef69f839:MiniMax-M3,MiniMax-M3,MiniMax-M3,True,
e27009817f85319238ec:deepseek-v4-pro,deepseek-v4-pro,deepseek-v4-pro,True,
c524392ffd00a5277fb7:MiniMax-M3,MiniMax-M3,MiniMax-M3,True,
253d085d4534ef621b1b:deepseek-v4-pro,deepseek-v4-pro,deepseek-v4-pro,True,
cb2824f39c948e6825de:glm-5.3,glm-5.3,glm-5.3,True,
955feb605ed622f839e1:glm-5.3,glm-5.3,glm-5.3,True,
3540c2d927aaa4038058:glm-5.3,glm-5.3,glm-5.3,True,
ed8397f6a67bff369c24:glm-5.3,glm-5.3,glm-5.3,True,
ba972e45cbc861ef7be9:MiniMax-M3,MiniMax-M3,MiniMax-M3,True,
d1a5ee01a1682b2e8838:MiniMax-M3,MiniMax-M3,MiniMax-M3,True,
2b523141c4fa7769ae2b:MiniMax-M3,MiniMax-M3,MiniMax-M3,True,
cf56f2fdb55c58732e94:MiniMax-M3,MiniMax-M3,MiniMax-M3,True,
1f5005e931388ec0631c:glm-5.3,glm-5.3,glm-5.3,True,
b1586101baae05b06641:MiniMax-M3,MiniMax-M3,MiniMax-M3,True,
3f6a9270a9f67ff49187:MiniMax-M3,MiniMax-M3,MiniMax-M3,True,
b5c9baba023004344ed7:deepseek-v4-pro,deepseek-v4-pro,deepseek-v4-pro,True,
cb6b303810f8eb382485:glm-5.3,glm-5.3,glm-5.3,True,
eaf3e98ada0adfd48bfa:glm-5.3,glm-5.3,glm-5.3,True,
8dce4853c6ddbf1b9a7b:deepseek-v4-pro,deepseek-v4-pro,deepseek-v4-pro,True,
dee8ca2d6e112da7b8ab:glm-5.3,glm-5.3,glm-5.3,True,
3b1e48c817bada0b1c0c:glm-5.3,glm-5.3,glm-5.3,True,
8cc5e733c9b9ea1499ae:deepseek-v4-pro,deepseek-v4-pro,deepseek-v4-pro,True,
068799e8ede518ccca66:glm-5.3,glm-5.3,glm-5.3,True,
a0ce202ff3e36fa1e06e:deepseek-v4-pro,deepseek-v4-pro,deepseek-v4-pro,True,
e9ce9ad372aec6e6dd09:MiniMax-M3,MiniMax-M3,MiniMax-M3,True,
324aef10c0dc8e38fa51:glm-5.3,glm-5.3,glm-5.3,True,
b681375e28b28869095b:deepseek-v4-pro,deepseek-v4-pro,deepseek-v4-pro,True,
ba5387692ec25af57868:MiniMax-M3,MiniMax-M3,MiniMax-M3,True,
e351149db666a835e368:MiniMax-M3,MiniMax-M3,MiniMax-M3,True,
9c99e16917a604be5d51:glm-5.3,glm-5.3,glm-5.3,True,
2e7b265e44c866d6a435:MiniMax-M3,MiniMax-M3,MiniMax-M3,True,
4d1582953b5f321b1fed:glm-5.3,glm-5.3,glm-5.3,True,
a59d0536d12b24b221b2:deepseek-v4-pro,deepseek-v4-pro,deepseek-v4-pro,True,
010f1023a999843e9e4f:deepseek-v4-pro,deepseek-v4-pro,deepseek-v4-pro,True,
146e43c94499448e4d27:glm-5.3,glm-5.3,glm-5.3,True,
b57889f1d19dd5bc52d3:deepseek-v4-pro,deepseek-v4-pro,deepseek-v4-pro,True,
d97b5c3481c3a5fcbd8b:deepseek-v4-pro,deepseek-v4-pro,deepseek-v4-pro,True,
09ec2206eff72458797c:glm-5.3,glm-5.3,glm-5.3,True,
b0d585f87245d11ca6b2:glm-5.3,glm-5.3,glm-5.3,True,
84e822842a35f4660a91:glm-5.3,glm-5.3,glm-5.3,True,
783c159e66f5094c5bd1:MiniMax-M3,MiniMax-M3,MiniMax-M3,True,
de030b699b11088b2e44:MiniMax-M3,MiniMax-M3,MiniMax-M3,True,
c50049fcde1292ad4b53:deepseek-v4-pro,deepseek-v4-pro,deepseek-v4-pro,True,
544da7d9d7aa5d583f76:MiniMax-M3,MiniMax-M3,MiniMax-M3,True,
e2b57b9a9bd61181dd7b:glm-5.3,glm-5.3,glm-5.3,True,
b66377c9baa75a19b95d:deepseek-v4-pro,deepseek-v4-pro,deepseek-v4-pro,True,
b962cf9b7c54baebc44e:MiniMax-M3,MiniMax-M3,MiniMax-M3,True,
a50679cea145e0b435aa:glm-5.3,glm-5.3,glm-5.3,True,
2f8083a3036b6b618df7:MiniMax-M3,MiniMax-M3,MiniMax-M3,True,
a17fe5d319a58169f93e:deepseek-v4-pro,deepseek-v4-pro,deepseek-v4-pro,True,
7edceed12f5e3917a0b3:deepseek-v4-pro,deepseek-v4-pro,deepseek-v4-pro,True,
5c3f317306fda3710b90:MiniMax-M3,MiniMax-M3,MiniMax-M3,True,
af571cf17821ab133975:MiniMax-M3,MiniMax-M3,MiniMax-M3,True,
7486026bd506fc86fcde:deepseek-v4-pro,deepseek-v4-pro,deepseek-v4-pro,True,
e44f97e77e8781ac5080:MiniMax-M3,MiniMax-M3,MiniMax-M3,True,
09928e0a9450acf92598:glm-5.3,glm-5.3,glm-5.3,True,
a5d4da66abd74b97acf4:MiniMax-M3,MiniMax-M3,MiniMax-M3,True,
7468c3f6b72b128ab6bc:MiniMax-M3,MiniMax-M3,MiniMax-M3,True,
886b92b45b75eef82038:MiniMax-M3,MiniMax-M3,MiniMax-M3,True,
b2c3b7bf73247d62d9e3:glm-5.3,glm-5.3,glm-5.3,True,
97c8d0e900328ed9e210:MiniMax-M3,MiniMax-M3,MiniMax-M3,True,
92dea92e08675ce8b627:MiniMax-M3,MiniMax-M3,MiniMax-M3,True,
28f65b7d5df74e7dc0d0:deepseek-v4-pro,deepseek-v4-pro,deepseek-v4-pro,True,
13f547938b68c9d63a18:glm-5.3,glm-5.3,glm-5.3,True,
9aa55811e8ea34129a85:MiniMax-M3,MiniMax-M3,MiniMax-M3,True,
88964ec728f71c7825ec:glm-5.3,glm-5.3,glm-5.3,True,
e75ae3654ee10a328c50:MiniMax-M3,MiniMax-M3,MiniMax-M3,True,
fcb6e243c6367dd18a91:deepseek-v4-pro,deepseek-v4-pro,deepseek-v4-pro,True,
7fb20153bbdd0ce23587:deepseek-v4-pro,deepseek-v4-pro,deepseek-v4-pro,True,
1f8e5f6cd14a68b48df2:MiniMax-M3,MiniMax-M3,MiniMax-M3,True,
b46bdf167aff7e6d6196:MiniMax-M3,MiniMax-M3,MiniMax-M3,True,
402acacaefcac1171e02:deepseek-v4-pro,deepseek-v4-pro,deepseek-v4-pro,True,
6a0bdb5a8d214c90e80c:deepseek-v4-pro,deepseek-v4-pro,deepseek-v4-pro,True,
fea7bb073a4251d06294:glm-5.3,glm-5.3,glm-5.3,True,
2e90f65baa06f7021e4f:MiniMax-M3,MiniMax-M3,MiniMax-M3,True,
a08fac2c5954db7628a4:deepseek-v4-pro,deepseek-v4-pro,deepseek-v4-pro,True,
840471ae10385485135b:glm-5.3,glm-5.3,glm-5.3,True,
243d069fe1421cc03ac8:glm-5.3,glm-5.3,glm-5.3,True,
87752c46068a28d5ce43:glm-5.3,glm-5.3,glm-5.3,True,
cf4794672f97cfdcf2c4:MiniMax-M3,MiniMax-M3,MiniMax-M3,True,
5b4e23c5829f7b927602:deepseek-v4-pro,deepseek-v4-pro,deepseek-v4-pro,True,
f4676c06d2a10c5c9381:deepseek-v4-pro,deepseek-v4-pro,deepseek-v4-pro,True,
269344b1643c2aa48858:deepseek-v4-pro,deepseek-v4-pro,deepseek-v4-pro,True,
b9d1b942328505163f20:glm-5.3,glm-5.3,glm-5.3,True,
1444bef604aef31f46d4:deepseek-v4-pro,deepseek-v4-pro,deepseek-v4-pro,True,
bc8818e06c441c7e9627:glm-5.3,glm-5.3,glm-5.3,True,
62de3135e4211b414647:deepseek-v4-pro,deepseek-v4-pro,deepseek-v4-pro,True,
de653c877f7b3e90b2a1:MiniMax-M3,MiniMax-M3,MiniMax-M3,True,
a59d0536d12b24b221b2:MiniMax-M3,MiniMax-M3,MiniMax-M3,True,
10173d3c703fd3bad603:deepseek-v4-pro,deepseek-v4-pro,deepseek-v4-pro,True,
fbb0741a74183e0855d4:glm-5.3,glm-5.3,glm-5.3,True,
5b8a54082a984650927b:MiniMax-M3,MiniMax-M3,MiniMax-M3,True,
d25a8cbe7e394434cb22:glm-5.3,glm-5.3,glm-5.3,True,
3e2ef4b1b49389736454:deepseek-v4-pro,deepseek-v4-pro,deepseek-v4-pro,True,
d4cc666732be3cb2f2bc:MiniMax-M3,MiniMax-M3,MiniMax-M3,True,
d7edd82bd93b7e6f1f77:deepseek-v4-pro,deepseek-v4-pro,deepseek-v4-pro,True,
fdcc17249313d2bfa246:glm-5.3,glm-5.3,glm-5.3,True,
7ffe5390ffd96850f056:MiniMax-M3,MiniMax-M3,MiniMax-M3,True,
3540c2d927aaa4038058:deepseek-v4-pro,deepseek-v4-pro,deepseek-v4-pro,True,
05c4734971c7c8115f33:glm-5.3,glm-5.3,glm-5.3,True,
82fbcacb7677c14ad89c:deepseek-v4-pro,deepseek-v4-pro,deepseek-v4-pro,True,
dba343ef8de49d52e040:deepseek-v4-pro,deepseek-v4-pro,deepseek-v4-pro,True,
9908e28f3a2c61db9d5b:deepseek-v4-pro,deepseek-v4-pro,deepseek-v4-pro,True,
477f13e4095c6a1882cd:deepseek-v4-pro,deepseek-v4-pro,deepseek-v4-pro,True,
babc0985382f390608f6:glm-5.3,glm-5.3,glm-5.3,True,
b38da05d2d597c2309c8:MiniMax-M3,MiniMax-M3,MiniMax-M3,True,
b6114995c3b4382d5ec6:deepseek-v4-pro,deepseek-v4-pro,deepseek-v4-pro,True,
a181469029d67d5a0ada:deepseek-v4-pro,deepseek-v4-pro,deepseek-v4-pro,True,
537568a0d7b010e6aca6:deepseek-v4-pro,deepseek-v4-pro,deepseek-v4-pro,True,
c57675ca23ed2ff9d4a2:MiniMax-M3,MiniMax-M3,MiniMax-M3,True,
7ccbf2b21723dd82f1d3:glm-5.3,glm-5.3,glm-5.3,True,
b8fdb864dc97a996a48b:deepseek-v4-pro,deepseek-v4-pro,deepseek-v4-pro,True,
10da6f36f068c33a0462:deepseek-v4-pro,deepseek-v4-pro,deepseek-v4-pro,True,
96abd2efa4493d118e4f:glm-5.3,glm-5.3,glm-5.3,True,
0ccea6345713bf2c4347:MiniMax-M3,MiniMax-M3,MiniMax-M3,True,
7f37c51d5dfb3210b022:deepseek-v4-pro,deepseek-v4-pro,deepseek-v4-pro,True,
c4e287f3d2c1efedd59a:glm-5.3,glm-5.3,glm-5.3,True,
73bdffc02c2b62a55e53:glm-5.3,glm-5.3,glm-5.3,True,
9ac7aab595aaeb9a25a8:MiniMax-M3,MiniMax-M3,MiniMax-M3,True,
0b8e951659f5dd70b07a:MiniMax-M3,MiniMax-M3,MiniMax-M3,True,
dcaa96a726ceda40ef52:deepseek-v4-pro,deepseek-v4-pro,deepseek-v4-pro,True,
2a40582b4f4c46c2e3c4:MiniMax-M3,MiniMax-M3,MiniMax-M3,True,
4a812f86094340916daa:MiniMax-M3,MiniMax-M3,MiniMax-M3,True,
ec9d94d8cf87704deb66:deepseek-v4-pro,deepseek-v4-pro,deepseek-v4-pro,True,
294f6178e3254a34fd25:MiniMax-M3,MiniMax-M3,MiniMax-M3,True,
defdd704f5dadf804e41:deepseek-v4-pro,deepseek-v4-pro,deepseek-v4-pro,True,
8f9b76aed51d7bb37e5a:glm-5.3,glm-5.3,glm-5.3,True,
54df391579d4be8d52cd:glm-5.3,glm-5.3,glm-5.3,True,
547d89f904478bc266db:deepseek-v4-pro,deepseek-v4-pro,deepseek-v4-pro,True,
ecbadba7c47eb94c9714:MiniMax-M3,MiniMax-M3,MiniMax-M3,True,
7143b5146a4b950d7b3d:deepseek-v4-pro,deepseek-v4-pro,deepseek-v4-pro,True,
9192efbc911e663c4368:deepseek-v4-pro,deepseek-v4-pro,deepseek-v4-pro,True,
d51917ae7e88a36a08ce:deepseek-v4-pro,deepseek-v4-pro,deepseek-v4-pro,True,
83c7184b5cc55aae9c16:glm-5.3,glm-5.3,glm-5.3,True,
325b4691c8206ef1efb0:glm-5.3,glm-5.3,glm-5.3,True,
333885bf3bae93664171:glm-5.3,glm-5.3,glm-5.3,True,
48f7c665e738fdbb9788:MiniMax-M3,MiniMax-M3,MiniMax-M3,True,
f26f6a6b013d3d068126:MiniMax-M3,MiniMax-M3,MiniMax-M3,True,
23d3a0630153d06b9b52:glm-5.3,glm-5.3,glm-5.3,True,
0f61886a63fff3aca73a:glm-5.3,glm-5.3,glm-5.3,True,
4c9727098f7042d248bf:MiniMax-M3,MiniMax-M3,MiniMax-M3,True,
0b986588d1da42d6a40f:MiniMax-M3,MiniMax-M3,MiniMax-M3,True,
aef2fac49ee122bd9371:deepseek-v4-pro,deepseek-v4-pro,deepseek-v4-pro,True,
042847a98870e9f5131a:MiniMax-M3,MiniMax-M3,MiniMax-M3,True,
6b1f2e402753821bc553:glm-5.3,glm-5.3,glm-5.3,True,
26915b5edbb9dd0ef52a:glm-5.3,glm-5.3,glm-5.3,True,
6993af4044461dd783cd:MiniMax-M3,MiniMax-M3,MiniMax-M3,True,
97952b7cc4bee6aa9f08:deepseek-v4-pro,deepseek-v4-pro,deepseek-v4-pro,True,
2945f3185124821ca2d5:deepseek-v4-pro,deepseek-v4-pro,deepseek-v4-pro,True,
a7b039b04db42bd66abe:deepseek-v4-pro,deepseek-v4-pro,deepseek-v4-pro,True,
8b6e3533c56fd6daab0e:MiniMax-M3,MiniMax-M3,MiniMax-M3,True,
a16eaa5adcf20db97939:glm-5.3,glm-5.3,glm-5.3,True,
c1e46a3f80660ffbc029:glm-5.3,glm-5.3,glm-5.3,True,
06a3ded2a4ff4eb3f95d:MiniMax-M3,MiniMax-M3,MiniMax-M3,True,
92e5d408768d892d3dd6:glm-5.3,glm-5.3,glm-5.3,True,
8586aafc8d9d3e92721c:deepseek-v4-pro,deepseek-v4-pro,deepseek-v4-pro,True,
3f391ef5f654e1174144:MiniMax-M3,MiniMax-M3,MiniMax-M3,True,
e8d02027892c061c24d4:glm-5.3,glm-5.3,glm-5.3,True,
88765c466b2b69a9fc4f:MiniMax-M3,MiniMax-M3,MiniMax-M3,True,
2923eef95689014c51e9:MiniMax-M3,MiniMax-M3,MiniMax-M3,True,
710ae09e46cb7268f02c:glm-5.3,glm-5.3,glm-5.3,True,
1827df9d80816ddfac7e:glm-5.3,glm-5.3,glm-5.3,True,
3426352ec5dd3132544a:MiniMax-M3,MiniMax-M3,MiniMax-M3,True,
a8280c4073ddc27fee22:deepseek-v4-pro,deepseek-v4-pro,deepseek-v4-pro,True,
b3115e073087725ac06a:glm-5.3,glm-5.3,glm-5.3,True,
fed63b59ed8117a9ecf9:MiniMax-M3,MiniMax-M3,MiniMax-M3,True,
63c92d9376c65a464597:MiniMax-M3,MiniMax-M3,MiniMax-M3,True,
6c81273771c7bfb7e8f3:deepseek-v4-pro,deepseek-v4-pro,deepseek-v4-pro,True,
19c7f3c0d4ecdb30e9e7:glm-5.3,glm-5.3,glm-5.3,True,
f318df4dc13d96431fa4:glm-5.3,glm-5.3,glm-5.3,True,
ce92abd31c0bb0c9bb8e:deepseek-v4-pro,deepseek-v4-pro,deepseek-v4-pro,True,
64649859abe8908c5066:deepseek-v4-pro,deepseek-v4-pro,deepseek-v4-pro,True,
190ec47377502d411ab7:MiniMax-M3,MiniMax-M3,MiniMax-M3,True,
43b5c588c6857a4da5d2:MiniMax-M3,MiniMax-M3,MiniMax-M3,True,
6edd9bd315f4d6961e44:MiniMax-M3,MiniMax-M3,MiniMax-M3,True,
23d4d3e679f49baccaf0:glm-5.3,glm-5.3,glm-5.3,True,
d37fb60b2b9acd57b3d1:glm-5.3,glm-5.3,glm-5.3,True,
e8d1a2b736e8bf2e358d:MiniMax-M3,MiniMax-M3,MiniMax-M3,True,
bb47b5ad48d42ce4b83f:glm-5.3,glm-5.3,glm-5.3,True,
8a7314127c775913bf2b:glm-5.3,glm-5.3,glm-5.3,True,
459326469a838e26d2a1:deepseek-v4-pro,deepseek-v4-pro,deepseek-v4-pro,True,
3fa7cbbc3d771420cc75:glm-5.3,glm-5.3,glm-5.3,True,
9117db894432249ce177:deepseek-v4-pro,deepseek-v4-pro,deepseek-v4-pro,True,
a595161d6a0406870355:MiniMax-M3,MiniMax-M3,MiniMax-M3,True,
21fedc7527ee196f8e93:glm-5.3,glm-5.3,glm-5.3,True,
bc8818e06c441c7e9627:MiniMax-M3,MiniMax-M3,MiniMax-M3,True,
6fa99c5d54192bc6bbbc:deepseek-v4-pro,deepseek-v4-pro,deepseek-v4-pro,True,
85fe3490c2add2b126f8:deepseek-v4-pro,deepseek-v4-pro,deepseek-v4-pro,True,
60f8dd80b230f72714c1:glm-5.3,glm-5.3,glm-5.3,True,
b5b9d9aa8135bbdf7bc9:MiniMax-M3,MiniMax-M3,MiniMax-M3,True,
cddfa6311c647761da07:MiniMax-M3,MiniMax-M3,MiniMax-M3,True,
ecabbb2522bf3424a154:glm-5.3,glm-5.3,glm-5.3,True,
155f61c3c3abb503e31b:deepseek-v4-pro,deepseek-v4-pro,deepseek-v4-pro,True,
fc8b5484e9ad80438d40:glm-5.3,glm-5.3,glm-5.3,True,
78670ac2f9cd94a0e34b:deepseek-v4-pro,deepseek-v4-pro,deepseek-v4-pro,True,
2462fcef103c7f2d61a3:MiniMax-M3,MiniMax-M3,MiniMax-M3,True,
560c98782d4fb24cb17a:glm-5.3,glm-5.3,glm-5.3,True,
5f9bef0dc6598cdde7b0:glm-5.3,glm-5.3,glm-5.3,True,
4cc8e4ecc6cfb1ae2742:glm-5.3,glm-5.3,glm-5.3,True,
aa1eb6824f9b5a9e951d:glm-5.3,glm-5.3,glm-5.3,True,
8970fd5edd343f3e3fc3:MiniMax-M3,MiniMax-M3,MiniMax-M3,True,
db779a77bc9633b2b42f:glm-5.3,glm-5.3,glm-5.3,True,
13949044fec39e87f0c0:glm-5.3,glm-5.3,glm-5.3,True,
17ebf3b572f2ec9cea9f:MiniMax-M3,MiniMax-M3,MiniMax-M3,True,
60c8039c0ca32de5a366:MiniMax-M3,MiniMax-M3,MiniMax-M3,True,
b4f4f6314621dbedadac:glm-5.3,glm-5.3,glm-5.3,True,
8619067da9929eced948:glm-5.3,glm-5.3,glm-5.3,True,
1c812feb16b8720ce3e1:deepseek-v4-pro,deepseek-v4-pro,deepseek-v4-pro,True,
e90bbe8f794e4c4e0236:deepseek-v4-pro,deepseek-v4-pro,deepseek-v4-pro,True,
a1736ef79549d00fa865:glm-5.3,glm-5.3,glm-5.3,True,
e173062d007a1eb15fbd:deepseek-v4-pro,deepseek-v4-pro,deepseek-v4-pro,True,
1827df9d80816ddfac7e:deepseek-v4-pro,deepseek-v4-pro,deepseek-v4-pro,True,
2343e5620a46feb0d56d:MiniMax-M3,MiniMax-M3,MiniMax-M3,True,
ea968b2b054b544b865e:glm-5.3,glm-5.3,glm-5.3,True,
98c2996d9a66cdec8328:glm-5.3,glm-5.3,glm-5.3,True,
a38031c77b36afacbcdb:deepseek-v4-pro,deepseek-v4-pro,deepseek-v4-pro,True,
09dc80fe40f8dc102f5e:MiniMax-M3,MiniMax-M3,MiniMax-M3,True,
ece79a8835795b74c1ac:MiniMax-M3,MiniMax-M3,MiniMax-M3,True,
03e9ab10aff027ac4add:glm-5.3,glm-5.3,glm-5.3,True,
a332c50ec8b87d3749a0:MiniMax-M3,MiniMax-M3,MiniMax-M3,True,
b474fc7cddfa6b51f560:deepseek-v4-pro,deepseek-v4-pro,deepseek-v4-pro,True,
995cbc989a33da6b2b02:glm-5.3,glm-5.3,glm-5.3,True,
24ff8ea050dd2f7487c3:MiniMax-M3,MiniMax-M3,MiniMax-M3,True,
5af23e59962723feca77:glm-5.3,glm-5.3,glm-5.3,True,
a3cc44c82fca88345ded:deepseek-v4-pro,deepseek-v4-pro,deepseek-v4-pro,True,
b1a4e01629d1498d0437:glm-5.3,glm-5.3,glm-5.3,True,
e253b5683ae6ba51b787:glm-5.3,glm-5.3,glm-5.3,True,
db39689d55f33d581b70:MiniMax-M3,MiniMax-M3,MiniMax-M3,True,
cbc592ea283155e30fab:MiniMax-M3,MiniMax-M3,MiniMax-M3,True,
4f71de2f8943b2feaca7:MiniMax-M3,MiniMax-M3,MiniMax-M3,True,
b363121c4c9685c9705c:deepseek-v4-pro,deepseek-v4-pro,deepseek-v4-pro,True,
2d84d9956ec8badf1f9d:glm-5.3,glm-5.3,glm-5.3,True,
dfaf25636699f9694bef:glm-5.3,glm-5.3,glm-5.3,True,
b8ac37be740a4f592275:deepseek-v4-pro,deepseek-v4-pro,deepseek-v4-pro,True,
57981314704f967556f3:MiniMax-M3,MiniMax-M3,MiniMax-M3,True,
54180d401ae2b4b7724f:MiniMax-M3,MiniMax-M3,MiniMax-M3,True,
259367ebf531db1f7e5a:deepseek-v4-pro,deepseek-v4-pro,deepseek-v4-pro,True,
98cc3611b1b7968fc5c9:MiniMax-M3,MiniMax-M3,MiniMax-M3,True,
a38777bd44b0b09d814c:MiniMax-M3,MiniMax-M3,MiniMax-M3,True,
a98ff1a4ee7ac4c831ae:glm-5.3,glm-5.3,glm-5.3,True,
184983f58a8210a0539a:MiniMax-M3,MiniMax-M3,MiniMax-M3,True,
fdbee0c5f0c2bc6534dd:glm-5.3,glm-5.3,glm-5.3,True,
baac12a730393998279f:MiniMax-M3,MiniMax-M3,MiniMax-M3,True,
f009a9e768e51fd18c4f:glm-5.3,glm-5.3,glm-5.3,True,
f438413d0f6c8a07dff7:deepseek-v4-pro,deepseek-v4-pro,deepseek-v4-pro,True,
ddcf1463024d78ffeb89:deepseek-v4-pro,deepseek-v4-pro,deepseek-v4-pro,True,
1aefcd0379d9fca726ce:deepseek-v4-pro,deepseek-v4-pro,deepseek-v4-pro,True,
c646ea0c5764bbaf70fa:glm-5.3,glm-5.3,glm-5.3,True,
185195e3016914102645:deepseek-v4-pro,deepseek-v4-pro,deepseek-v4-pro,True,
b3243e6279f73480332c:deepseek-v4-pro,deepseek-v4-pro,deepseek-v4-pro,True,
c94d157b1de98c8267cf:deepseek-v4-pro,deepseek-v4-pro,deepseek-v4-pro,True,
bc058bed3518559b9130:deepseek-v4-pro,deepseek-v4-pro,deepseek-v4-pro,True,
9d8d2bb946b23a01971c:MiniMax-M3,MiniMax-M3,MiniMax-M3,True,
2d9e1c62ef64eb523b52:glm-5.3,glm-5.3,glm-5.3,True,
237236c6ea287ad3cfe6:MiniMax-M3,MiniMax-M3,MiniMax-M3,True,
e0f95562f47af677329a:deepseek-v4-pro,deepseek-v4-pro,deepseek-v4-pro,True,
3426352ec5dd3132544a:deepseek-v4-pro,deepseek-v4-pro,deepseek-v4-pro,True,
cdd5808a1efafad6a774:glm-5.3,glm-5.3,glm-5.3,True,
af656d38bf21a78f0923:glm-5.3,glm-5.3,glm-5.3,True,
3889693b021323649b63:deepseek-v4-pro,deepseek-v4-pro,deepseek-v4-pro,True,
c37f6c902d0b57f2cdf8:MiniMax-M3,MiniMax-M3,MiniMax-M3,True,
cdf63008a4eae1a76dde:deepseek-v4-pro,deepseek-v4-pro,deepseek-v4-pro,True,
ad55168451d255b28454:glm-5.3,glm-5.3,glm-5.3,True,
ed8c920981450cf943a9:MiniMax-M3,MiniMax-M3,MiniMax-M3,True,
cbc8ef3d9a5e661502d8:deepseek-v4-pro,deepseek-v4-pro,deepseek-v4-pro,True,
fc796270ec103510a6cb:MiniMax-M3,MiniMax-M3,MiniMax-M3,True,
d9d223cd5fcc9ef2839c:deepseek-v4-pro,deepseek-v4-pro,deepseek-v4-pro,True,
c0c69dcfb5fad3ef7d20:MiniMax-M3,MiniMax-M3,MiniMax-M3,True,
3f2208e87a3e7ad245cf:glm-5.3,glm-5.3,glm-5.3,True,
7b5ae63d4ac8f6a12e1f:MiniMax-M3,MiniMax-M3,MiniMax-M3,True,
f7f21b82e0aa04a6e556:glm-5.3,glm-5.3,glm-5.3,True,
b9f98c2f5fbf66c542b8:MiniMax-M3,MiniMax-M3,MiniMax-M3,True,
3d4a6ca39bc8cf65727b:MiniMax-M3,MiniMax-M3,MiniMax-M3,True,
270e42c3de3b6c804c0c:deepseek-v4-pro,deepseek-v4-pro,deepseek-v4-pro,True,
57e1062a6a60a02e63eb:deepseek-v4-pro,deepseek-v4-pro,deepseek-v4-pro,True,
40f33c8e2c16e9617184:glm-5.3,glm-5.3,glm-5.3,True,
4adbdb80fc718e52094c:MiniMax-M3,MiniMax-M3,MiniMax-M3,True,
ba1c4192056fa80865d7:deepseek-v4-pro,deepseek-v4-pro,deepseek-v4-pro,True,
3c38298078884c46f9f0:deepseek-v4-pro,deepseek-v4-pro,deepseek-v4-pro,True,
b6ae1800589ab6be1c08:glm-5.3,glm-5.3,glm-5.3,True,
fa62dd1085f6452dc80e:MiniMax-M3,MiniMax-M3,MiniMax-M3,True,
423bf46b6b9bd5d93d55:MiniMax-M3,MiniMax-M3,MiniMax-M3,True,
1c4e1b1517b9a194236a:MiniMax-M3,MiniMax-M3,MiniMax-M3,True,
fa62dd1085f6452dc80e:glm-5.3,glm-5.3,glm-5.3,True,
09fff505e3575162b5dc:deepseek-v4-pro,deepseek-v4-pro,deepseek-v4-pro,True,
0c41bdfb9af84ea74f06:MiniMax-M3,MiniMax-M3,MiniMax-M3,True,
933a37b4e7e0e70eb617:glm-5.3,glm-5.3,glm-5.3,True,
db10935098febbe44d0f:deepseek-v4-pro,deepseek-v4-pro,deepseek-v4-pro,True,
9e93f137f340bb830f2f:glm-5.3,glm-5.3,glm-5.3,True,
f4a2a11cc09aa78b83ee:glm-5.3,glm-5.3,glm-5.3,True,
b8fac33d9c45f1c8d3b8:deepseek-v4-pro,deepseek-v4-pro,deepseek-v4-pro,True,
a019cc01e556bf389fef:MiniMax-M3,MiniMax-M3,MiniMax-M3,True,
de54fd193f71ab7d2195:glm-5.3,glm-5.3,glm-5.3,True,
9c1dea184c7b7703c83b:deepseek-v4-pro,deepseek-v4-pro,deepseek-v4-pro,True,
f924f44182c5670856be:deepseek-v4-pro,deepseek-v4-pro,deepseek-v4-pro,True,
57857000e47a7deb532e:MiniMax-M3,MiniMax-M3,MiniMax-M3,True,
ae61244473108302b5dd:glm-5.3,glm-5.3,glm-5.3,True,
dd4c4a164b3b59383e47:deepseek-v4-pro,deepseek-v4-pro,deepseek-v4-pro,True,
991088396d04db7c08f0:deepseek-v4-pro,deepseek-v4-pro,deepseek-v4-pro,True,
7dc38b0ddf96a633e840:glm-5.3,glm-5.3,glm-5.3,True,
6c81273771c7bfb7e8f3:MiniMax-M3,MiniMax-M3,MiniMax-M3,True,
0340f0c3ea1918784028:MiniMax-M3,MiniMax-M3,MiniMax-M3,True,
10173d3c703fd3bad603:glm-5.3,glm-5.3,glm-5.3,True,
20b41bae4bc5e4228116:glm-5.3,glm-5.3,glm-5.3,True,
7bb682907be3546436ee:glm-5.3,glm-5.3,glm-5.3,True,
72c029920aa70cb08c07:deepseek-v4-pro,deepseek-v4-pro,deepseek-v4-pro,True,
15de21561c64735a7a46:glm-5.3,glm-5.3,glm-5.3,True,
08115bf8509c51b4010a:deepseek-v4-pro,deepseek-v4-pro,deepseek-v4-pro,True,
80345213869d5a52c089:MiniMax-M3,MiniMax-M3,MiniMax-M3,True,
ab28c133b32a4bfba6be:MiniMax-M3,MiniMax-M3,MiniMax-M3,True,
0421ef051430fe378049:MiniMax-M3,MiniMax-M3,MiniMax-M3,True,
175271000c892b1bbbf6:glm-5.3,glm-5.3,glm-5.3,True,
0a9a58dd93ee7390fb10:MiniMax-M3,MiniMax-M3,MiniMax-M3,True,
f285e728b6174253cdc7:glm-5.3,glm-5.3,glm-5.3,True,
eea32364f964b2cc64e2:deepseek-v4-pro,deepseek-v4-pro,deepseek-v4-pro,True,
253d085d4534ef621b1b:glm-5.3,glm-5.3,glm-5.3,True,
5277366e4d5b6c8e0980:MiniMax-M3,MiniMax-M3,MiniMax-M3,True,
1abdcded02de75d56d9e:MiniMax-M3,MiniMax-M3,MiniMax-M3,True,
a4a108a209e567b2d4eb:deepseek-v4-pro,deepseek-v4-pro,deepseek-v4-pro,True,
a0565a7dcdb17940f259:deepseek-v4-pro,deepseek-v4-pro,deepseek-v4-pro,True,
e5cd4fbb07cff0c417ec:deepseek-v4-pro,deepseek-v4-pro,deepseek-v4-pro,True,
ea4e6f48635fe36c44c5:deepseek-v4-pro,deepseek-v4-pro,deepseek-v4-pro,True,
2b354bf001afec641d02:glm-5.3,glm-5.3,glm-5.3,True,
406658f54c91ab380efe:glm-5.3,glm-5.3,glm-5.3,True,
12b17d0fa3c7bf913b84:glm-5.3,glm-5.3,glm-5.3,True,
18e586ef630d13742c7e:glm-5.3,glm-5.3,glm-5.3,True,
463556aa8c32ef77e488:deepseek-v4-pro,deepseek-v4-pro,deepseek-v4-pro,True,
f28fbc5e283d83c36928:MiniMax-M3,MiniMax-M3,MiniMax-M3,True,
3fdddf009b7da67091c4:deepseek-v4-pro,deepseek-v4-pro,deepseek-v4-pro,True,
4c1a55c367b1ddddd1bb:deepseek-v4-pro,deepseek-v4-pro,deepseek-v4-pro,True,
18cf5337e4bcc46d2805:MiniMax-M3,MiniMax-M3,MiniMax-M3,True,
f4cc409bf9b26a4de4d8:deepseek-v4-pro,deepseek-v4-pro,deepseek-v4-pro,True,
8a442bb67e24c4c25b43:deepseek-v4-pro,deepseek-v4-pro,deepseek-v4-pro,True,
4f2ee6a379e179b3dc1e:glm-5.3,glm-5.3,glm-5.3,True,
b9f3a32119a7123ab345:glm-5.3,glm-5.3,glm-5.3,True,
ecabbb2522bf3424a154:deepseek-v4-pro,deepseek-v4-pro,deepseek-v4-pro,True,
c88a95f9290c5b2280f8:glm-5.3,glm-5.3,glm-5.3,True,
e6174d8a52b93e97248b:MiniMax-M3,MiniMax-M3,MiniMax-M3,True,
e35df9d75d8ecc39bb13:MiniMax-M3,MiniMax-M3,MiniMax-M3,True,
75af56f19a9021f54dc0:MiniMax-M3,MiniMax-M3,MiniMax-M3,True,
c2db3e917bbab5263af3:glm-5.3,glm-5.3,glm-5.3,True,
717ccb9495e03eeae2bc:MiniMax-M3,MiniMax-M3,MiniMax-M3,True,
f9747936ce7061944c23:MiniMax-M3,MiniMax-M3,MiniMax-M3,True,
aa90980e79180541a86c:MiniMax-M3,MiniMax-M3,MiniMax-M3,True,
68dfd12928cab7377f5a:MiniMax-M3,MiniMax-M3,MiniMax-M3,True,
af208600c9e823c4b0a3:MiniMax-M3,MiniMax-M3,MiniMax-M3,True,
3bc8e0faada2270791a6:MiniMax-M3,MiniMax-M3,MiniMax-M3,True,
65e94b82ba31c3195111:glm-5.3,glm-5.3,glm-5.3,True,
50e403adaa097a48f1c1:glm-5.3,glm-5.3,glm-5.3,True,
1506639cc683595ac578:MiniMax-M3,MiniMax-M3,MiniMax-M3,True,
ce8a983e2ee43fff586e:deepseek-v4-pro,deepseek-v4-pro,deepseek-v4-pro,True,
9f9250c404d245f05e94:deepseek-v4-pro,deepseek-v4-pro,deepseek-v4-pro,True,
8f05fec859b8cdd239bb:MiniMax-M3,MiniMax-M3,MiniMax-M3,True,
440372bae3cc3c9c661d:glm-5.3,glm-5.3,glm-5.3,True,
76baefabdf2f3f7a45b8:glm-5.3,glm-5.3,glm-5.3,True,
d1ca26d76050412c5b4c:glm-5.3,glm-5.3,glm-5.3,True,
59e5d02f0cdf4e9e4bc0:MiniMax-M3,MiniMax-M3,MiniMax-M3,True,
fd83fe65a8ac110885e0:glm-5.3,glm-5.3,glm-5.3,True,
6e055cdf213b21be83aa:MiniMax-M3,MiniMax-M3,MiniMax-M3,True,
bf13a0217409dd988f2e:MiniMax-M3,MiniMax-M3,MiniMax-M3,True,
4efab93fb05946e92384:deepseek-v4-pro,deepseek-v4-pro,deepseek-v4-pro,True,
1492e4c888ac3db193c0:deepseek-v4-pro,deepseek-v4-pro,deepseek-v4-pro,True,
bd10617f231231ba63f9:MiniMax-M3,MiniMax-M3,MiniMax-M3,True,
ca3a4c69a01ef1db499b:deepseek-v4-pro,deepseek-v4-pro,deepseek-v4-pro,True,
45861c3139500b35c5fc:MiniMax-M3,MiniMax-M3,MiniMax-M3,True,
1492e4c888ac3db193c0:glm-5.3,glm-5.3,glm-5.3,True,
7ad7e09038cadca90f2c:glm-5.3,glm-5.3,glm-5.3,True,
50fe72c77c5d9f7d356e:glm-5.3,glm-5.3,glm-5.3,True,
2001153a8c79c59d26b1:MiniMax-M3,MiniMax-M3,MiniMax-M3,True,
7def35e2595f5136b26f:MiniMax-M3,MiniMax-M3,MiniMax-M3,True,
009f5ee1dd4f541a99e6:deepseek-v4-pro,deepseek-v4-pro,deepseek-v4-pro,True,
bf3b2ee280c0e75e57d5:deepseek-v4-pro,deepseek-v4-pro,deepseek-v4-pro,True,
3f6719795d64f7057a9b:deepseek-v4-pro,deepseek-v4-pro,deepseek-v4-pro,True,
d9cefa70f0a114955f1d:deepseek-v4-pro,deepseek-v4-pro,deepseek-v4-pro,True,
8f4bbeccfaa916feb434:glm-5.3,glm-5.3,glm-5.3,True,
08217525d03e715cb3ba:glm-5.3,glm-5.3,glm-5.3,True,
146e43c94499448e4d27:MiniMax-M3,MiniMax-M3,MiniMax-M3,True,
df3e4e10ac5051a72a4d:MiniMax-M3,MiniMax-M3,MiniMax-M3,True,
c3a10dca1b2ced3075b2:glm-5.3,glm-5.3,glm-5.3,True,
19f8dc847e5dc16e269d:deepseek-v4-pro,deepseek-v4-pro,deepseek-v4-pro,True,
bfc5976bc75a15f48d64:deepseek-v4-pro,deepseek-v4-pro,deepseek-v4-pro,True,
0a63ea3c5f9efaa1cac2:glm-5.3,glm-5.3,glm-5.3,True,
f6935036de90357ed818:deepseek-v4-pro,deepseek-v4-pro,deepseek-v4-pro,True,
46aba8c7384900e38be8:MiniMax-M3,MiniMax-M3,MiniMax-M3,True,
5a9f3b5ea5a7585daf8a:deepseek-v4-pro,deepseek-v4-pro,deepseek-v4-pro,True,
d972a3fc270532a11136:deepseek-v4-pro,deepseek-v4-pro,deepseek-v4-pro,True,
458efa1884e72bbb3b04:deepseek-v4-pro,deepseek-v4-pro,deepseek-v4-pro,True,
a9a5616918ea9dd967a5:MiniMax-M3,MiniMax-M3,MiniMax-M3,True,
d5d1f9021d5f818d5dcd:MiniMax-M3,MiniMax-M3,MiniMax-M3,True,
66a77ade98c346549626:deepseek-v4-pro,deepseek-v4-pro,deepseek-v4-pro,True,
1cb97690ed488dff584b:MiniMax-M3,MiniMax-M3,MiniMax-M3,True,
f45f585a5416bfdcb137:deepseek-v4-pro,deepseek-v4-pro,deepseek-v4-pro,True,
1ab50951544f1016231a:deepseek-v4-pro,deepseek-v4-pro,deepseek-v4-pro,True,
3a78df636927bbc52cfd:MiniMax-M3,MiniMax-M3,MiniMax-M3,True,
77a4a70f4f80c24d288c:MiniMax-M3,MiniMax-M3,MiniMax-M3,True,
4bee4d377a099e20a733:glm-5.3,glm-5.3,glm-5.3,True,
c926f767d3d14614bd80:deepseek-v4-pro,deepseek-v4-pro,deepseek-v4-pro,True,
f8541ec1d4378d148802:glm-5.3,glm-5.3,glm-5.3,True,
e62aefcd1a35e599a086:MiniMax-M3,MiniMax-M3,MiniMax-M3,True,
4e9df7d4a0de07625284:glm-5.3,glm-5.3,glm-5.3,True,
8a0a5c2ec10e9394e7fe:MiniMax-M3,MiniMax-M3,MiniMax-M3,True,
eb53102c9093f402304b:glm-5.3,glm-5.3,glm-5.3,True,
685dd27593770aa1468d:deepseek-v4-pro,deepseek-v4-pro,deepseek-v4-pro,True,
21fcc6c5bd5cb3b3d4f0:MiniMax-M3,MiniMax-M3,MiniMax-M3,True,
e253b5683ae6ba51b787:deepseek-v4-pro,deepseek-v4-pro,deepseek-v4-pro,True,
b2da9f9314944bd0f5d1:deepseek-v4-pro,deepseek-v4-pro,deepseek-v4-pro,True,
b702adbcf9ba4a41ba95:MiniMax-M3,MiniMax-M3,MiniMax-M3,True,
f4a2a11cc09aa78b83ee:MiniMax-M3,MiniMax-M3,MiniMax-M3,True,
7a1a82818271a86c4865:glm-5.3,glm-5.3,glm-5.3,True,
359d769009305c080a42:glm-5.3,glm-5.3,glm-5.3,True,
2095fa89a3aabfe5bfd3:deepseek-v4-pro,deepseek-v4-pro,deepseek-v4-pro,True,
8134d603b83cae2d101b:deepseek-v4-pro,deepseek-v4-pro,deepseek-v4-pro,True,
af44ac5b2f8b47769713:deepseek-v4-pro,deepseek-v4-pro,deepseek-v4-pro,True,
29dccc99edb7883f30ee:deepseek-v4-pro,deepseek-v4-pro,deepseek-v4-pro,True,
dd103da38be9a6966ef4:glm-5.3,glm-5.3,glm-5.3,True,
1dc6f1eb54fe2aea1511:deepseek-v4-pro,deepseek-v4-pro,deepseek-v4-pro,True,
ef5e075c18d3ee2aa1c2:deepseek-v4-pro,deepseek-v4-pro,deepseek-v4-pro,True,
07bd0e7b34e7e2950f36:deepseek-v4-pro,deepseek-v4-pro,deepseek-v4-pro,True,
2a10fc7ecf680d0c7069:glm-5.3,glm-5.3,glm-5.3,True,
0d8b6b69f657239ea323:deepseek-v4-pro,deepseek-v4-pro,deepseek-v4-pro,True,
36a455d33a0fe917fa75:glm-5.3,glm-5.3,glm-5.3,True,
b093ed36d2b83839b01d:glm-5.3,glm-5.3,glm-5.3,True,
4a504dd7629865e98b06:MiniMax-M3,MiniMax-M3,MiniMax-M3,True,
f2d411617a3ca58a3198:deepseek-v4-pro,deepseek-v4-pro,deepseek-v4-pro,True,
f59715d938122c9790b4:MiniMax-M3,MiniMax-M3,MiniMax-M3,True,
66ce3a926fc82c4e1c83:deepseek-v4-pro,deepseek-v4-pro,deepseek-v4-pro,True,
2ad4da84c9553b203b7e:deepseek-v4-pro,deepseek-v4-pro,deepseek-v4-pro,True,
e6109a42db5824fa0c74:glm-5.3,glm-5.3,glm-5.3,True,
423bf46b6b9bd5d93d55:deepseek-v4-pro,deepseek-v4-pro,deepseek-v4-pro,True,
4bd1c85a03b1c872de8b:MiniMax-M3,MiniMax-M3,MiniMax-M3,True,
e0813ce9567b34e62c97:deepseek-v4-pro,deepseek-v4-pro,deepseek-v4-pro,True,
1eef03456d1e2a7fcaac:deepseek-v4-pro,deepseek-v4-pro,deepseek-v4-pro,True,
22fb974fb28522a11ea3:MiniMax-M3,MiniMax-M3,MiniMax-M3,True,
89454fe80ee90b506c69:deepseek-v4-pro,deepseek-v4-pro,deepseek-v4-pro,True,
9a5d64fcb9751ed2e193:glm-5.3,glm-5.3,glm-5.3,True,
a4a78a1a9958da320461:deepseek-v4-pro,deepseek-v4-pro,deepseek-v4-pro,True,
b08f4919fbc95e85556a:glm-5.3,glm-5.3,glm-5.3,True,
406658f54c91ab380efe:deepseek-v4-pro,deepseek-v4-pro,deepseek-v4-pro,True,
955feb605ed622f839e1:deepseek-v4-pro,deepseek-v4-pro,deepseek-v4-pro,True,
4df70f2d61fe98d0d41b:deepseek-v4-pro,deepseek-v4-pro,deepseek-v4-pro,True,
9094388993655a5d8cf5:deepseek-v4-pro,deepseek-v4-pro,deepseek-v4-pro,True,
3f9fe63e18d77f7f1506:MiniMax-M3,MiniMax-M3,MiniMax-M3,True,
6808a18e0986fdf832d7:deepseek-v4-pro,deepseek-v4-pro,deepseek-v4-pro,True,
5ce14050045f7f44b32f:MiniMax-M3,MiniMax-M3,MiniMax-M3,True,
6c0adecefe805b7329fc:MiniMax-M3,MiniMax-M3,MiniMax-M3,True,
1e9079370615239321fd:glm-5.3,glm-5.3,glm-5.3,True,
12d0e098744940906d15:MiniMax-M3,MiniMax-M3,MiniMax-M3,True,
b277a8a77c8ed4f9a520:MiniMax-M3,MiniMax-M3,MiniMax-M3,True,
aec0d9ad8ecf32e0ee25:deepseek-v4-pro,deepseek-v4-pro,deepseek-v4-pro,True,
2ae89cd8b592995a9ebe:MiniMax-M3,MiniMax-M3,MiniMax-M3,True,
4adbdb80fc718e52094c:glm-5.3,glm-5.3,glm-5.3,True,
a954db7e96aec4d8dbef:MiniMax-M3,MiniMax-M3,MiniMax-M3,True,
b5b9d9aa8135bbdf7bc9:glm-5.3,glm-5.3,glm-5.3,True,
a9cc5883cd6159dd0841:glm-5.3,glm-5.3,glm-5.3,True,
b7eb7c0126429ece350b:MiniMax-M3,MiniMax-M3,MiniMax-M3,True,
21736dd2585940a6aef3:deepseek-v4-pro,deepseek-v4-pro,deepseek-v4-pro,True,
702e90e8774faaef6ae4:MiniMax-M3,MiniMax-M3,MiniMax-M3,True,
17f80631c1406f4b2d59:MiniMax-M3,MiniMax-M3,MiniMax-M3,True,
6dacfb664595e33a72e5:deepseek-v4-pro,deepseek-v4-pro,deepseek-v4-pro,True,
f708226da9c27cecc841:MiniMax-M3,MiniMax-M3,MiniMax-M3,True,
5e2ffe7fa1dff0b4882a:deepseek-v4-pro,deepseek-v4-pro,deepseek-v4-pro,True,
60693ecbd16ceaf70789:deepseek-v4-pro,deepseek-v4-pro,deepseek-v4-pro,True,
4db798dbb33c9bd23688:glm-5.3,glm-5.3,glm-5.3,True,
2a7d2002f0b2aba27d85:deepseek-v4-pro,deepseek-v4-pro,deepseek-v4-pro,True,
e13c5ba00c264b3c073a:deepseek-v4-pro,deepseek-v4-pro,deepseek-v4-pro,True,
a4a108a209e567b2d4eb:glm-5.3,glm-5.3,glm-5.3,True,
8619067da9929eced948:MiniMax-M3,MiniMax-M3,MiniMax-M3,True,
6f0367506e9b9786401b:MiniMax-M3,MiniMax-M3,MiniMax-M3,True,
f1a9faa1a466d8d8e866:deepseek-v4-pro,deepseek-v4-pro,deepseek-v4-pro,True,
ea06957a1549d3b3619f:MiniMax-M3,MiniMax-M3,MiniMax-M3,True,
a6902b4650c8e2461857:MiniMax-M3,MiniMax-M3,MiniMax-M3,True,
4f8e296fd308b362b7c5:glm-5.3,glm-5.3,glm-5.3,True,
c48fd94db1c0170c6f2b:glm-5.3,glm-5.3,glm-5.3,True,
340ac2c16e7a01f7ffc9:MiniMax-M3,MiniMax-M3,MiniMax-M3,True,
38dda243df43bfde2469:deepseek-v4-pro,deepseek-v4-pro,deepseek-v4-pro,True,
8972a54554159be889f0:deepseek-v4-pro,deepseek-v4-pro,deepseek-v4-pro,True,
9116b2043c926cda919c:MiniMax-M3,MiniMax-M3,MiniMax-M3,True,
7856103e95efe3378c33:MiniMax-M3,MiniMax-M3,MiniMax-M3,True,
252f7cc90a7e53723316:deepseek-v4-pro,deepseek-v4-pro,deepseek-v4-pro,True,
8ae6f265890ffc4d8a40:MiniMax-M3,MiniMax-M3,MiniMax-M3,True,
4fa85796f7182b79ee53:MiniMax-M3,MiniMax-M3,MiniMax-M3,True,
f76276dd6e7ad30f4678:deepseek-v4-pro,deepseek-v4-pro,deepseek-v4-pro,True,
d60f13cf10caecf7ea9e:glm-5.3,glm-5.3,glm-5.3,True,
358dd1e5aa2bc85d2f61:deepseek-v4-pro,deepseek-v4-pro,deepseek-v4-pro,True,
0f1a1162976b8797a201:deepseek-v4-pro,deepseek-v4-pro,deepseek-v4-pro,True,
bf440b8a2271cba0dd14:MiniMax-M3,MiniMax-M3,MiniMax-M3,True,
2322f6f788a0e01b784b:glm-5.3,glm-5.3,glm-5.3,True,
f275d84eacde0311d2b7:deepseek-v4-pro,deepseek-v4-pro,deepseek-v4-pro,True,
cecb28fac91cd6b33eba:deepseek-v4-pro,deepseek-v4-pro,deepseek-v4-pro,True,
0ff5cd2fe2eb12c4de90:deepseek-v4-pro,deepseek-v4-pro,deepseek-v4-pro,True,
85496ebc8f003bf91cad:glm-5.3,glm-5.3,glm-5.3,True,
a019cc01e556bf389fef:glm-5.3,glm-5.3,glm-5.3,True,
a81a1c4d3ef1d5d0ba9e:MiniMax-M3,MiniMax-M3,MiniMax-M3,True,
354594e11531d5bc2cfc:deepseek-v4-pro,deepseek-v4-pro,deepseek-v4-pro,True,
30ce6f42ff571f94772e:deepseek-v4-pro,deepseek-v4-pro,deepseek-v4-pro,True,
da63b9770e53f436e2c9:deepseek-v4-pro,deepseek-v4-pro,deepseek-v4-pro,True,
4ab472148d6bb77a8ca3:MiniMax-M3,MiniMax-M3,MiniMax-M3,True,
cf581f8ac53ac750a834:deepseek-v4-pro,deepseek-v4-pro,deepseek-v4-pro,True,
20073ab5b79e09a550f5:glm-5.3,glm-5.3,glm-5.3,True,
8619067da9929eced948:deepseek-v4-pro,deepseek-v4-pro,deepseek-v4-pro,True,
588b81ef33b1b0ccf498:deepseek-v4-pro,deepseek-v4-pro,deepseek-v4-pro,True,
4f24f3e495600eb81916:glm-5.3,glm-5.3,glm-5.3,True,
d6078fdb7a0d3d024019:glm-5.3,glm-5.3,glm-5.3,True,
10e6d79588a47c2bcb88:MiniMax-M3,MiniMax-M3,MiniMax-M3,True,
8a7de7a8d3ccf32a9b0d:glm-5.3,glm-5.3,glm-5.3,True,
a7a910b5eb0c7a6295c0:deepseek-v4-pro,deepseek-v4-pro,deepseek-v4-pro,True,
92bf196930f17c2dcbbb:deepseek-v4-pro,deepseek-v4-pro,deepseek-v4-pro,True,
4f5e62b80310ef69f839:glm-5.3,glm-5.3,glm-5.3,True,
3dbcdd39ca0290e4f756:MiniMax-M3,MiniMax-M3,MiniMax-M3,True,
9e5cb5ebbdc06d3d7673:glm-5.3,glm-5.3,glm-5.3,True,
edd8cc3be1d92d789391:MiniMax-M3,MiniMax-M3,MiniMax-M3,True,
39092a765482f794155e:glm-5.3,glm-5.3,glm-5.3,True,
b08f4919fbc95e85556a:deepseek-v4-pro,deepseek-v4-pro,deepseek-v4-pro,True,
a8853b75edc4cd836d29:deepseek-v4-pro,deepseek-v4-pro,deepseek-v4-pro,True,
d8dc9feb2acc4b9ecf8d:MiniMax-M3,MiniMax-M3,MiniMax-M3,True,
934323a0cee800747c7c:glm-5.3,glm-5.3,glm-5.3,True,
91a0f490f1f62764ee90:deepseek-v4-pro,deepseek-v4-pro,deepseek-v4-pro,True,
07757bc20a3d196c5d07:deepseek-v4-pro,deepseek-v4-pro,deepseek-v4-pro,True,
51d42a80c6bce2eba00c:deepseek-v4-pro,deepseek-v4-pro,deepseek-v4-pro,True,
dfc7f76012af2b75c4e1:glm-5.3,glm-5.3,glm-5.3,True,
22fbfc4b723ab3bd4736:glm-5.3,glm-5.3,glm-5.3,True,
3fbe7e7e6b9c7d3b49cf:deepseek-v4-pro,deepseek-v4-pro,deepseek-v4-pro,True,
972d9057f9fb36f17103:MiniMax-M3,MiniMax-M3,MiniMax-M3,True,
d26718f8029574e99cd8:deepseek-v4-pro,deepseek-v4-pro,deepseek-v4-pro,True,
f2cf31592e80885fc585:glm-5.3,glm-5.3,glm-5.3,True,
751e43aadc830420e394:MiniMax-M3,MiniMax-M3,MiniMax-M3,True,
d01da258d383ed5b8023:glm-5.3,glm-5.3,glm-5.3,True,
ecbadba7c47eb94c9714:glm-5.3,glm-5.3,glm-5.3,True,
2c54be5f0b836cca8472:MiniMax-M3,MiniMax-M3,MiniMax-M3,True,
077b1193cf2faf57cdcc:MiniMax-M3,MiniMax-M3,MiniMax-M3,True,
bcc9817590ba98d8b6e7:glm-5.3,glm-5.3,glm-5.3,True,
d2ad67c080aca8ed4068:MiniMax-M3,MiniMax-M3,MiniMax-M3,True,
56ac4395a8f677f117bd:deepseek-v4-pro,deepseek-v4-pro,deepseek-v4-pro,True,
24822662a2c616760071:MiniMax-M3,MiniMax-M3,MiniMax-M3,True,
04206aed0a085a94dfba:glm-5.3,glm-5.3,glm-5.3,True,
39942d5917d1bd4daadc:deepseek-v4-pro,deepseek-v4-pro,deepseek-v4-pro,True,
cb0d5668c677d9d6f954:deepseek-v4-pro,deepseek-v4-pro,deepseek-v4-pro,True,
08c8c2abb07a78e5b0ef:MiniMax-M3,MiniMax-M3,MiniMax-M3,True,
f975bcfb89816bdde669:glm-5.3,glm-5.3,glm-5.3,True,
c0e98a10cf21fd670b5c:deepseek-v4-pro,deepseek-v4-pro,deepseek-v4-pro,True,
218157c88a653760463b:deepseek-v4-pro,deepseek-v4-pro,deepseek-v4-pro,True,
5ddb5c81ae6282e475d3:MiniMax-M3,MiniMax-M3,MiniMax-M3,True,
c7f9d81a2b8c236b6083:deepseek-v4-pro,deepseek-v4-pro,deepseek-v4-pro,True,
0c2fb6f8c16c540afc39:glm-5.3,glm-5.3,glm-5.3,True,
ccbebd5f5180a038b7fd:glm-5.3,glm-5.3,glm-5.3,True,
921dc7d9301bacdfc75f:MiniMax-M3,MiniMax-M3,MiniMax-M3,True,
75a34b8b3a9c9eb297f4:deepseek-v4-pro,deepseek-v4-pro,deepseek-v4-pro,True,
854a17f56536c3c2fcd9:deepseek-v4-pro,deepseek-v4-pro,deepseek-v4-pro,True,
c936f2ff18d35ff58458:deepseek-v4-pro,deepseek-v4-pro,deepseek-v4-pro,True,
c7de7816872b17230e76:deepseek-v4-pro,deepseek-v4-pro,deepseek-v4-pro,True,
d93395f42befe16621a5:deepseek-v4-pro,deepseek-v4-pro,deepseek-v4-pro,True,
24985cb3543de3853080:deepseek-v4-pro,deepseek-v4-pro,deepseek-v4-pro,True,
1f7651a3435a2cfa4093:deepseek-v4-pro,deepseek-v4-pro,deepseek-v4-pro,True,
c7f9d81a2b8c236b6083:glm-5.3,glm-5.3,glm-5.3,True,
1ba2ed462104a2e1246c:deepseek-v4-pro,deepseek-v4-pro,deepseek-v4-pro,True,
c8a9d82d854919646414:MiniMax-M3,MiniMax-M3,MiniMax-M3,True,
dfe7b239eb9573d33634:glm-5.3,glm-5.3,glm-5.3,True,
57a901c1cbef70b8051e:MiniMax-M3,MiniMax-M3,MiniMax-M3,True,
201cad739b02a5870085:MiniMax-M3,MiniMax-M3,MiniMax-M3,True,
ca7a75e30b02b6c00000:deepseek-v4-pro,deepseek-v4-pro,deepseek-v4-pro,True,
281465c430065a661542:glm-5.3,glm-5.3,glm-5.3,True,
3b8dbb1eec348db39cfa:glm-5.3,glm-5.3,glm-5.3,True,
5219f4563ed51806b39e:MiniMax-M3,MiniMax-M3,MiniMax-M3,True,
f2eee33ae308ac8a9902:glm-5.3,glm-5.3,glm-5.3,True,
10da6f36f068c33a0462:MiniMax-M3,MiniMax-M3,MiniMax-M3,True,
b7c75e267274dbad3ee0:deepseek-v4-pro,deepseek-v4-pro,deepseek-v4-pro,True,
f8fac30166eab41ed8fa:MiniMax-M3,MiniMax-M3,MiniMax-M3,True,
adfaa44479598ac50f81:deepseek-v4-pro,deepseek-v4-pro,deepseek-v4-pro,True,
ead5c0a3e59dd5e686e4:glm-5.3,glm-5.3,glm-5.3,True,
3eebba5d5f33bfdf4fd5:deepseek-v4-pro,deepseek-v4-pro,deepseek-v4-pro,True,
424746c23708fe2e23f4:MiniMax-M3,MiniMax-M3,MiniMax-M3,True,
ca8634b829be3111b4b5:deepseek-v4-pro,deepseek-v4-pro,deepseek-v4-pro,True,
98ca20f518d877c0dd50:MiniMax-M3,MiniMax-M3,MiniMax-M3,True,
b05912f6b9dc3c5a1439:MiniMax-M3,MiniMax-M3,MiniMax-M3,True,
4ab43525cadf4af0663a:glm-5.3,glm-5.3,glm-5.3,True,
6161aab8bc6cda87a2c3:deepseek-v4-pro,deepseek-v4-pro,deepseek-v4-pro,True,
ba1c4192056fa80865d7:glm-5.3,glm-5.3,glm-5.3,True,
cbad3e034f035cc0bf33:MiniMax-M3,MiniMax-M3,MiniMax-M3,True,
8ab1e27718120b0ab5bd:deepseek-v4-pro,deepseek-v4-pro,deepseek-v4-pro,True,
d8176357965df10e121a:glm-5.3,glm-5.3,glm-5.3,True,
14e1ef957c0f6daac21e:glm-5.3,glm-5.3,glm-5.3,True,
a9d273c0dd2419d66c38:deepseek-v4-pro,deepseek-v4-pro,deepseek-v4-pro,True,
92fc4f8158df15d41c74:MiniMax-M3,MiniMax-M3,MiniMax-M3,True,
8f2912b89beebeae43d3:glm-5.3,glm-5.3,glm-5.3,True,
1f5005e931388ec0631c:deepseek-v4-pro,deepseek-v4-pro,deepseek-v4-pro,True,
00a604478d443c820852:deepseek-v4-pro,deepseek-v4-pro,deepseek-v4-pro,True,
842da69b02be6465ae03:MiniMax-M3,MiniMax-M3,MiniMax-M3,True,
42e2cab3488258dae27e:MiniMax-M3,MiniMax-M3,MiniMax-M3,True,
696f17ad2eb8131711b7:glm-5.3,glm-5.3,glm-5.3,True,
5cbbe43020d4919e144f:deepseek-v4-pro,deepseek-v4-pro,deepseek-v4-pro,True,
5e356ed2a8ca853353c7:deepseek-v4-pro,deepseek-v4-pro,deepseek-v4-pro,True,
2d84d9956ec8badf1f9d:deepseek-v4-pro,deepseek-v4-pro,deepseek-v4-pro,True,
c2a6ea96d77735cd57a4:glm-5.3,glm-5.3,glm-5.3,True,
8e135c87922b4ab4b7c2:deepseek-v4-pro,deepseek-v4-pro,deepseek-v4-pro,True,
64b0caab7bcf1f36d8d5:MiniMax-M3,MiniMax-M3,MiniMax-M3,True,
c3410352f80ae7db5e8c:deepseek-v4-pro,deepseek-v4-pro,deepseek-v4-pro,True,
48ccb7f93de59f5c57ec:glm-5.3,glm-5.3,glm-5.3,True,
aa2a331e36a3c8ff1a04:glm-5.3,glm-5.3,glm-5.3,True,
4bbcb8f114fcf9c13652:deepseek-v4-pro,deepseek-v4-pro,deepseek-v4-pro,True,
d85d12af477021846e27:deepseek-v4-pro,deepseek-v4-pro,deepseek-v4-pro,True,
6f47b7dfa0967430dafe:deepseek-v4-pro,deepseek-v4-pro,deepseek-v4-pro,True,
638cafe319d8b114d740:glm-5.3,glm-5.3,glm-5.3,True,
db9bb5826da69bf2cd78:deepseek-v4-pro,deepseek-v4-pro,deepseek-v4-pro,True,
e2c0c8ee6d3180fef04e:deepseek-v4-pro,deepseek-v4-pro,deepseek-v4-pro,True,
d66a128008c321136ad3:MiniMax-M3,MiniMax-M3,MiniMax-M3,True,
ca5fa76da21d97000bcf:glm-5.3,glm-5.3,glm-5.3,True,
7f7607ca18a5a3a0f1dd:MiniMax-M3,MiniMax-M3,MiniMax-M3,True,
9de5f3ad9db5d0afa757:glm-5.3,glm-5.3,glm-5.3,True,
d3846f2ac6732bc9eb16:deepseek-v4-pro,deepseek-v4-pro,deepseek-v4-pro,True,
21b20e0f87e1ffd97f4a:deepseek-v4-pro,deepseek-v4-pro,deepseek-v4-pro,True,
64ceef2ebf198c6b7037:MiniMax-M3,MiniMax-M3,MiniMax-M3,True,
d4a03a1d998e5154bc03:glm-5.3,glm-5.3,glm-5.3,True,
03b2afa211e8ad7b34ec:glm-5.3,glm-5.3,glm-5.3,True,
72c7f803dc77d3b35145:glm-5.3,glm-5.3,glm-5.3,True,
fbb0741a74183e0855d4:deepseek-v4-pro,deepseek-v4-pro,deepseek-v4-pro,True,
5937771a4c1111bf1492:MiniMax-M3,MiniMax-M3,MiniMax-M3,True,
b39f5c0e741912c2bf9e:deepseek-v4-pro,deepseek-v4-pro,deepseek-v4-pro,True,
c016460d49db5b592fdc:glm-5.3,glm-5.3,glm-5.3,True,
8850a71d55d4f1447abe:glm-5.3,glm-5.3,glm-5.3,True,
ceec9042b78bfd16fb8f:glm-5.3,glm-5.3,glm-5.3,True,
83f210a1bcf75a223aac:deepseek-v4-pro,deepseek-v4-pro,deepseek-v4-pro,True,
4e610010a51299b84a38:MiniMax-M3,MiniMax-M3,MiniMax-M3,True,
fef98ea338a45bb165b9:glm-5.3,glm-5.3,glm-5.3,True,
29af62245da2426bc4ae:deepseek-v4-pro,deepseek-v4-pro,deepseek-v4-pro,True,
6c4efd237de7c22cf5f9:MiniMax-M3,MiniMax-M3,MiniMax-M3,True,
9d85b6e2ec90e9d36f6c:glm-5.3,glm-5.3,glm-5.3,True,
ad7b0ee906668e94eebe:glm-5.3,glm-5.3,glm-5.3,True,
19c7f3c0d4ecdb30e9e7:deepseek-v4-pro,deepseek-v4-pro,deepseek-v4-pro,True,
1597bc467426358e0e2b:deepseek-v4-pro,deepseek-v4-pro,deepseek-v4-pro,True,
75a34b8b3a9c9eb297f4:MiniMax-M3,MiniMax-M3,MiniMax-M3,True,
632561620bd17dcfd763:glm-5.3,glm-5.3,glm-5.3,True,
9609c38bb5a03381c7e5:deepseek-v4-pro,deepseek-v4-pro,deepseek-v4-pro,True,
5016b4473c2f21b004f9:glm-5.3,glm-5.3,glm-5.3,True,
5ada4639bd440422935d:MiniMax-M3,MiniMax-M3,MiniMax-M3,True,
05116be1a8fe6d922926:MiniMax-M3,MiniMax-M3,MiniMax-M3,True,
62e82b78d3f591b8d959:deepseek-v4-pro,deepseek-v4-pro,deepseek-v4-pro,True,
e978c422a9be17ac9897:deepseek-v4-pro,deepseek-v4-pro,deepseek-v4-pro,True,
971a227af1df170df549:MiniMax-M3,MiniMax-M3,MiniMax-M3,True,
d364ea5a297150be2ff7:MiniMax-M3,MiniMax-M3,MiniMax-M3,True,
ba47ef267962c08e1c99:glm-5.3,glm-5.3,glm-5.3,True,
a2026dec2c61542346d1:MiniMax-M3,MiniMax-M3,MiniMax-M3,True,
597899a7a83ac4454ac3:deepseek-v4-pro,deepseek-v4-pro,deepseek-v4-pro,True,
b701cf3dbecf8228b0eb:MiniMax-M3,MiniMax-M3,MiniMax-M3,True,
f615ac679ebf2f3c6d18:deepseek-v4-pro,deepseek-v4-pro,deepseek-v4-pro,True,
637b4e2b82764774dbe1:glm-5.3,glm-5.3,glm-5.3,True,
8537339836a79b0a44d5:MiniMax-M3,MiniMax-M3,MiniMax-M3,True,
174de4cc9d1126513b34:deepseek-v4-pro,deepseek-v4-pro,deepseek-v4-pro,True,
9765f2e820e62b8e5660:glm-5.3,glm-5.3,glm-5.3,True,
434585360053bc23904c:MiniMax-M3,MiniMax-M3,MiniMax-M3,True,
94119359e8099066fd3f:glm-5.3,glm-5.3,glm-5.3,True,
b771ed3e3fadd500213d:MiniMax-M3,MiniMax-M3,MiniMax-M3,True,
52c79e2267dc457c08f4:glm-5.3,glm-5.3,glm-5.3,True,
543a3f2b9e3964c1cba4:MiniMax-M3,MiniMax-M3,MiniMax-M3,True,
43bf4e4ab5ba98d1c4b0:deepseek-v4-pro,deepseek-v4-pro,deepseek-v4-pro,True,
4946aaf631ec936dc189:deepseek-v4-pro,deepseek-v4-pro,deepseek-v4-pro,True,
d97b5c3481c3a5fcbd8b:glm-5.3,glm-5.3,glm-5.3,True,
eb91da860bf48d176be2:MiniMax-M3,MiniMax-M3,MiniMax-M3,True,
ded4442302adcfeb70e9:deepseek-v4-pro,deepseek-v4-pro,deepseek-v4-pro,True,
57e1062a6a60a02e63eb:MiniMax-M3,MiniMax-M3,MiniMax-M3,True,
e501006630fc153e90a8:deepseek-v4-pro,deepseek-v4-pro,deepseek-v4-pro,True,
27e00c089930d20625ec:glm-5.3,glm-5.3,glm-5.3,True,
8547e9351fec9c11e0c4:deepseek-v4-pro,deepseek-v4-pro,deepseek-v4-pro,True,
0a63ea3c5f9efaa1cac2:MiniMax-M3,MiniMax-M3,MiniMax-M3,True,
826bf8cf7af339b1332d:deepseek-v4-pro,deepseek-v4-pro,deepseek-v4-pro,True,
822239ceb002ba9e306e:MiniMax-M3,MiniMax-M3,MiniMax-M3,True,
2ba984dc7a8d64d80395:glm-5.3,glm-5.3,glm-5.3,True,
13a5b51c0a9e9602bb14:deepseek-v4-pro,deepseek-v4-pro,deepseek-v4-pro,True,
f111041af676e6a7a9e9:deepseek-v4-pro,deepseek-v4-pro,deepseek-v4-pro,True,
b924ef3c58e776cbfdab:MiniMax-M3,MiniMax-M3,MiniMax-M3,True,
6808a18e0986fdf832d7:glm-5.3,glm-5.3,glm-5.3,True,
c22f393cb37596cb3e3f:glm-5.3,glm-5.3,glm-5.3,True,
71762a1c0e33003d1021:MiniMax-M3,MiniMax-M3,MiniMax-M3,True,
3107a93ab5716a3b2bb1:glm-5.3,glm-5.3,glm-5.3,True,
e90f238f02ddb976d0e6:deepseek-v4-pro,deepseek-v4-pro,deepseek-v4-pro,True,
375b32cb6ca6b4db5f6a:glm-5.3,glm-5.3,glm-5.3,True,
03e9ab10aff027ac4add:deepseek-v4-pro,deepseek-v4-pro,deepseek-v4-pro,True,
71e765a601974afe9cf5:glm-5.3,glm-5.3,glm-5.3,True,
31be803def202abfa802:glm-5.3,glm-5.3,glm-5.3,True,
6f47b7dfa0967430dafe:glm-5.3,glm-5.3,glm-5.3,True,
217c752ca85ae9fc357f:deepseek-v4-pro,deepseek-v4-pro,deepseek-v4-pro,True,
bbc33fb58190f1300256:MiniMax-M3,MiniMax-M3,MiniMax-M3,True,
f37f98369cca1ea51236:deepseek-v4-pro,deepseek-v4-pro,deepseek-v4-pro,True,
661b77a03c553f7ef7d4:MiniMax-M3,MiniMax-M3,MiniMax-M3,True,
88088728a6a163aa8dba:deepseek-v4-pro,deepseek-v4-pro,deepseek-v4-pro,True,
f82c2789c73f26e45d3b:glm-5.3,glm-5.3,glm-5.3,True,
db39689d55f33d581b70:glm-5.3,glm-5.3,glm-5.3,True,
8cb293ff1a24c3ab2790:MiniMax-M3,MiniMax-M3,MiniMax-M3,True,
eaf3e98ada0adfd48bfa:deepseek-v4-pro,deepseek-v4-pro,deepseek-v4-pro,True,
bb47b5ad48d42ce4b83f:deepseek-v4-pro,deepseek-v4-pro,deepseek-v4-pro,True,
af656d38bf21a78f0923:deepseek-v4-pro,deepseek-v4-pro,deepseek-v4-pro,True,
4a90b832f5e5a5979e84:MiniMax-M3,MiniMax-M3,MiniMax-M3,True,
7e1d57a5fa21d5e8e568:glm-5.3,glm-5.3,glm-5.3,True,
1a45c477bdbabb09037a:glm-5.3,glm-5.3,glm-5.3,True,
a02accc148d35d9137e6:deepseek-v4-pro,deepseek-v4-pro,deepseek-v4-pro,True,
09c8869f1178ffef1561:MiniMax-M3,MiniMax-M3,MiniMax-M3,True,
450dd60774547ce3e53c:MiniMax-M3,MiniMax-M3,MiniMax-M3,True,
b5391ff5d5a8226070c6:deepseek-v4-pro,deepseek-v4-pro,deepseek-v4-pro,True,
c7704f7456e917fabf46:glm-5.3,glm-5.3,glm-5.3,True,
5a43fc044590275c6602:MiniMax-M3,MiniMax-M3,MiniMax-M3,True,
46ec2cf62b9ffa3114df:deepseek-v4-pro,deepseek-v4-pro,deepseek-v4-pro,True,
7e43cd3d8b8ac1cbe76b:MiniMax-M3,MiniMax-M3,MiniMax-M3,True,
c7a082d6e7763e2b0820:MiniMax-M3,MiniMax-M3,MiniMax-M3,True,
86ea0f66dda26fa13152:MiniMax-M3,MiniMax-M3,MiniMax-M3,True,
28bdaa4e8b49adb8b4e1:glm-5.3,glm-5.3,glm-5.3,True,
c8f0ca7c33efff096479:MiniMax-M3,MiniMax-M3,MiniMax-M3,True,
0da59b67d29ce0707d58:MiniMax-M3,MiniMax-M3,MiniMax-M3,True,
3452f837d6e34968abbe:MiniMax-M3,MiniMax-M3,MiniMax-M3,True,
cc53759ee91a92c7ca44:deepseek-v4-pro,deepseek-v4-pro,deepseek-v4-pro,True,
5e2ffe7fa1dff0b4882a:glm-5.3,glm-5.3,glm-5.3,True,
538cdefa137a7b7134ad:MiniMax-M3,MiniMax-M3,MiniMax-M3,True,
5ec96e268e2a156d69c6:deepseek-v4-pro,deepseek-v4-pro,deepseek-v4-pro,True,
cb2f9c34fa4a27f6560c:MiniMax-M3,MiniMax-M3,MiniMax-M3,True,
bdcd073ec579d8941e36:MiniMax-M3,MiniMax-M3,MiniMax-M3,True,
b3115e073087725ac06a:deepseek-v4-pro,deepseek-v4-pro,deepseek-v4-pro,True,
78d6356c647525e14f8f:deepseek-v4-pro,deepseek-v4-pro,deepseek-v4-pro,True,
daa74d642c159b38ba88:glm-5.3,glm-5.3,glm-5.3,True,
184983f58a8210a0539a:glm-5.3,glm-5.3,glm-5.3,True,
71b4b47f72de13446088:MiniMax-M3,MiniMax-M3,MiniMax-M3,True,
d99fd1377a065fb345c2:glm-5.3,glm-5.3,glm-5.3,True,
c2f0823dd21eb58d0179:MiniMax-M3,MiniMax-M3,MiniMax-M3,True,
94d663d5f9b41540419f:deepseek-v4-pro,deepseek-v4-pro,deepseek-v4-pro,True,
009f5ee1dd4f541a99e6:glm-5.3,glm-5.3,glm-5.3,True,
dbdfbfb6f0de77249dd0:glm-5.3,glm-5.3,glm-5.3,True,
3b16497c197a636ddd51:MiniMax-M3,MiniMax-M3,MiniMax-M3,True,
0950ef0158530cd20925:deepseek-v4-pro,deepseek-v4-pro,deepseek-v4-pro,True,
fd2eca55bf5123c5c0e6:deepseek-v4-pro,deepseek-v4-pro,deepseek-v4-pro,True,
acb5a46b883c89c1ad4f:MiniMax-M3,MiniMax-M3,MiniMax-M3,True,
b1f7fa69305bba7b6afe:MiniMax-M3,MiniMax-M3,MiniMax-M3,True,
5b86a8cfd3909bd00d7c:MiniMax-M3,MiniMax-M3,MiniMax-M3,True,
42be73305b3c5d17d4e8:glm-5.3,glm-5.3,glm-5.3,True,
64649859abe8908c5066:glm-5.3,glm-5.3,glm-5.3,True,
760b34839849f292a465:MiniMax-M3,MiniMax-M3,MiniMax-M3,True,
09f8289b3980620f1f08:deepseek-v4-pro,deepseek-v4-pro,deepseek-v4-pro,True,
f70a272c567ee13db0cf:MiniMax-M3,MiniMax-M3,MiniMax-M3,True,
2095fa89a3aabfe5bfd3:glm-5.3,glm-5.3,glm-5.3,True,
d318909daad8e476caa9:deepseek-v4-pro,deepseek-v4-pro,deepseek-v4-pro,True,
315290c4c096041b5935:MiniMax-M3,MiniMax-M3,MiniMax-M3,True,
64b0caab7bcf1f36d8d5:glm-5.3,glm-5.3,glm-5.3,True,
62c9d0e60e632b78df4a:MiniMax-M3,MiniMax-M3,MiniMax-M3,True,
5a393309360ea08015da:deepseek-v4-pro,deepseek-v4-pro,deepseek-v4-pro,True,
52e4b06b83c07efc319b:deepseek-v4-pro,deepseek-v4-pro,deepseek-v4-pro,True,
a97d12ebfc98b902c630:glm-5.3,glm-5.3,glm-5.3,True,
e8e1ecb6a216cef94844:deepseek-v4-pro,deepseek-v4-pro,deepseek-v4-pro,True,
7ef2082eeb97afef79b9:deepseek-v4-pro,deepseek-v4-pro,deepseek-v4-pro,True,
40f1eea527e1c30eb6bc:MiniMax-M3,MiniMax-M3,MiniMax-M3,True,
0a846aaf393f70e3a8ad:glm-5.3,glm-5.3,glm-5.3,True,
2343e5620a46feb0d56d:deepseek-v4-pro,deepseek-v4-pro,deepseek-v4-pro,True,
a1a9395b19355dad106e:glm-5.3,glm-5.3,glm-5.3,True,
cbad3e034f035cc0bf33:glm-5.3,glm-5.3,glm-5.3,True,
032ef8f298d6322870e9:MiniMax-M3,MiniMax-M3,MiniMax-M3,True,
4b83bef07492968a7fff:deepseek-v4-pro,deepseek-v4-pro,deepseek-v4-pro,True,
066107229f1a93a9c4ba:deepseek-v4-pro,deepseek-v4-pro,deepseek-v4-pro,True,
190236444b5764d6b5df:glm-5.3,glm-5.3,glm-5.3,True,
1b1cb04cd550e9114510:deepseek-v4-pro,deepseek-v4-pro,deepseek-v4-pro,True,
2fd9dfd05313630da17a:MiniMax-M3,MiniMax-M3,MiniMax-M3,True,
28f65b7d5df74e7dc0d0:MiniMax-M3,MiniMax-M3,MiniMax-M3,True,
488e22bfe167f4e41af7:glm-5.3,glm-5.3,glm-5.3,True,
0ad6f2c335a9da629ec6:deepseek-v4-pro,deepseek-v4-pro,deepseek-v4-pro,True,
be90d4e1ccadf2f11df4:glm-5.3,glm-5.3,glm-5.3,True,
34c89f35f6603175951e:deepseek-v4-pro,deepseek-v4-pro,deepseek-v4-pro,True,
d23250f844cb3f25765e:deepseek-v4-pro,deepseek-v4-pro,deepseek-v4-pro,True,
4a4100b54c6fa3a7cb67:MiniMax-M3,MiniMax-M3,MiniMax-M3,True,
91cd472c3ba2e4c9a603:MiniMax-M3,MiniMax-M3,MiniMax-M3,True,
01b7a85a73c1f63467f0:deepseek-v4-pro,deepseek-v4-pro,deepseek-v4-pro,True,
e7810c7bc426d9d9f998:glm-5.3,glm-5.3,glm-5.3,True,
bc5283c1db7d0e1c98f9:MiniMax-M3,MiniMax-M3,MiniMax-M3,True,
526961f89ef7b6d7e55e:MiniMax-M3,MiniMax-M3,MiniMax-M3,True,
74ea34d4afe89154d48a:glm-5.3,glm-5.3,glm-5.3,True,
60693ecbd16ceaf70789:MiniMax-M3,MiniMax-M3,MiniMax-M3,True,
24ee95c588c82c56d8f9:MiniMax-M3,MiniMax-M3,MiniMax-M3,True,
6fcc26a6a2214d36bb94:glm-5.3,glm-5.3,glm-5.3,True,
367d22cc2d29e403c545:deepseek-v4-pro,deepseek-v4-pro,deepseek-v4-pro,True,
6b3c90a51f5273f2d85c:glm-5.3,glm-5.3,glm-5.3,True,
78c7f9bd85eaf03ceecc:MiniMax-M3,MiniMax-M3,MiniMax-M3,True,
46196ff8cfa828491f45:deepseek-v4-pro,deepseek-v4-pro,deepseek-v4-pro,True,
340153553f5d4d0b5ec6:glm-5.3,glm-5.3,glm-5.3,True,
503032635f5d62c5fd5f:MiniMax-M3,MiniMax-M3,MiniMax-M3,True,
d962bd7e96a856864ebb:glm-5.3,glm-5.3,glm-5.3,True,
7ecff15ba335f8f0ebdc:MiniMax-M3,MiniMax-M3,MiniMax-M3,True,
f885ff5937b7d9a46edf:deepseek-v4-pro,deepseek-v4-pro,deepseek-v4-pro,True,
adc6dec278142cd0b012:glm-5.3,glm-5.3,glm-5.3,True,
2596cb1104098e4cedd3:MiniMax-M3,MiniMax-M3,MiniMax-M3,True,
7eda824ccf8311507d17:glm-5.3,glm-5.3,glm-5.3,True,
cc1cbcac3e1789781556:MiniMax-M3,MiniMax-M3,MiniMax-M3,True,
e87f0b79c9ec22fc5a4a:glm-5.3,glm-5.3,glm-5.3,True,
4ebc0639a2f5efcc9b64:glm-5.3,glm-5.3,glm-5.3,True,
a97d6f74fb05de067366:glm-5.3,glm-5.3,glm-5.3,True,
26f86362588508ee7884:glm-5.3,glm-5.3,glm-5.3,True,
6d2fe43f396a03570778:glm-5.3,glm-5.3,glm-5.3,True,
fed63b59ed8117a9ecf9:glm-5.3,glm-5.3,glm-5.3,True,
9e80e5747f0e8c861889:MiniMax-M3,MiniMax-M3,MiniMax-M3,True,
e068364837bcb2530c42:deepseek-v4-pro,deepseek-v4-pro,deepseek-v4-pro,True,
98c0f93a07f4ea9fffc0:glm-5.3,glm-5.3,glm-5.3,True,
c0154c62502d4b90790a:deepseek-v4-pro,deepseek-v4-pro,deepseek-v4-pro,True,
6fa8f9fdd29995c6862e:glm-5.3,glm-5.3,glm-5.3,True,
3cc73b53f30ea0153a2e:MiniMax-M3,MiniMax-M3,MiniMax-M3,True,
fe2cff827bfd6f1d7cd1:glm-5.3,glm-5.3,glm-5.3,True,
d2211b77a18a0e97ef31:deepseek-v4-pro,deepseek-v4-pro,deepseek-v4-pro,True,
884351707ad21f05cfe4:deepseek-v4-pro,deepseek-v4-pro,deepseek-v4-pro,True,
c5e0a4fa83808484339a:glm-5.3,glm-5.3,glm-5.3,True,
6eadcb66584bc8b2191b:deepseek-v4-pro,deepseek-v4-pro,deepseek-v4-pro,True,
3f2208e87a3e7ad245cf:deepseek-v4-pro,deepseek-v4-pro,deepseek-v4-pro,True,
22bd10febcaf1a20d86a:MiniMax-M3,MiniMax-M3,MiniMax-M3,True,
2da0f24ca9947676c398:glm-5.3,glm-5.3,glm-5.3,True,
15d3f3374dad17bcecc8:MiniMax-M3,MiniMax-M3,MiniMax-M3,True,
e560d695abf21a542f72:deepseek-v4-pro,deepseek-v4-pro,deepseek-v4-pro,True,
50b7c27b8fd79e395e90:glm-5.3,glm-5.3,glm-5.3,True,
b04962e58216a588a7ae:glm-5.3,glm-5.3,glm-5.3,True,
18d4109970522922f235:MiniMax-M3,MiniMax-M3,MiniMax-M3,True,
b72c0aca94956eebd9dc:MiniMax-M3,MiniMax-M3,MiniMax-M3,True,
24efbc5aa8febf40a92b:deepseek-v4-pro,deepseek-v4-pro,deepseek-v4-pro,True,
c5e4492eccc8bd69957e:deepseek-v4-pro,deepseek-v4-pro,deepseek-v4-pro,True,
ddcf1463024d78ffeb89:MiniMax-M3,MiniMax-M3,MiniMax-M3,True,
fa99e1c9a5e005a511a0:glm-5.3,glm-5.3,glm-5.3,True,
315290c4c096041b5935:glm-5.3,glm-5.3,glm-5.3,True,
a921e070478f1b46f617:glm-5.3,glm-5.3,glm-5.3,True,
9c692ea477af7130f341:deepseek-v4-pro,deepseek-v4-pro,deepseek-v4-pro,True,
c0ad248f5ea4c67d8b23:glm-5.3,glm-5.3,glm-5.3,True,
a500d162a6b41e1e56d6:MiniMax-M3,MiniMax-M3,MiniMax-M3,True,
778e5186ce80f74b3c19:glm-5.3,glm-5.3,glm-5.3,True,
54bfed2c25cae35fd308:MiniMax-M3,MiniMax-M3,MiniMax-M3,True,
0bee7af772e2de7970b3:MiniMax-M3,MiniMax-M3,MiniMax-M3,True,
69aeeb480517e4216545:MiniMax-M3,MiniMax-M3,MiniMax-M3,True,
4607c188376b57948d20:glm-5.3,glm-5.3,glm-5.3,True,
b7ead0754a897271cc42:glm-5.3,glm-5.3,glm-5.3,True,
9fbf8e4231cdf0bf8a57:glm-5.3,glm-5.3,glm-5.3,True,
3aa0bba8e3ecf4648037:deepseek-v4-pro,deepseek-v4-pro,deepseek-v4-pro,True,
767a2be8a97fd2ae357d:MiniMax-M3,MiniMax-M3,MiniMax-M3,True,
32cf358aed381a9a9261:deepseek-v4-pro,deepseek-v4-pro,deepseek-v4-pro,True,
6d3400431fc197c031a0:deepseek-v4-pro,deepseek-v4-pro,deepseek-v4-pro,True,
16245322f09f3e7084c5:deepseek-v4-pro,deepseek-v4-pro,deepseek-v4-pro,True,
3e56a35ecfacfe0ee1fa:deepseek-v4-pro,deepseek-v4-pro,deepseek-v4-pro,True,
359d769009305c080a42:MiniMax-M3,MiniMax-M3,MiniMax-M3,True,
e29b4d80c7266fede92b:MiniMax-M3,MiniMax-M3,MiniMax-M3,True,
53d0ba813b253e4ce1e2:glm-5.3,glm-5.3,glm-5.3,True,
c59ec1f4c53e4ad9bc5b:glm-5.3,glm-5.3,glm-5.3,True,
d3e31dc6f46e6dcab779:glm-5.3,glm-5.3,glm-5.3,True,
c617d7d40aee980a3534:MiniMax-M3,MiniMax-M3,MiniMax-M3,True,
74f726152eb7c073e80f:deepseek-v4-pro,deepseek-v4-pro,deepseek-v4-pro,True,
9cfd25c18f4d5e96b3ea:deepseek-v4-pro,deepseek-v4-pro,deepseek-v4-pro,True,
aaf0ff43b904c9b758d0:glm-5.3,glm-5.3,glm-5.3,True,
daabb7950b49f5fc7d72:glm-5.3,glm-5.3,glm-5.3,True,
6f47b7dfa0967430dafe:MiniMax-M3,MiniMax-M3,MiniMax-M3,True,
2d219a6396bef8e9dc60:glm-5.3,glm-5.3,glm-5.3,True,
3c5949407bd4d6f6f51f:deepseek-v4-pro,deepseek-v4-pro,deepseek-v4-pro,True,
be1f8bb6867f8b5c665f:MiniMax-M3,MiniMax-M3,MiniMax-M3,True,
6d522aaf6bb4f09b1a27:deepseek-v4-pro,deepseek-v4-pro,deepseek-v4-pro,True,
436a4ccdf9e516fb0bed:glm-5.3,glm-5.3,glm-5.3,True,
fe2e22fba828b7bd34b2:deepseek-v4-pro,deepseek-v4-pro,deepseek-v4-pro,True,
a7e1425d675df5169a55:deepseek-v4-pro,deepseek-v4-pro,deepseek-v4-pro,True,
66a470f320aaadbd13f3:glm-5.3,glm-5.3,glm-5.3,True,
37872e184a4cb201b4e3:deepseek-v4-pro,deepseek-v4-pro,deepseek-v4-pro,True,
94e807d1313e1cb1b9dc:deepseek-v4-pro,deepseek-v4-pro,deepseek-v4-pro,True,
41cf7dbe7593311e1eaf:MiniMax-M3,MiniMax-M3,MiniMax-M3,True,
769915485e04230ccffc:MiniMax-M3,MiniMax-M3,MiniMax-M3,True,
5cc8ad1339366ad4585a:deepseek-v4-pro,deepseek-v4-pro,deepseek-v4-pro,True,
0fb28bfe24edd36fc524:deepseek-v4-pro,deepseek-v4-pro,deepseek-v4-pro,True,
bba9e47cbf3d747f9ac1:glm-5.3,glm-5.3,glm-5.3,True,
51e73266375dbefc8d8f:glm-5.3,glm-5.3,glm-5.3,True,
a595161d6a0406870355:deepseek-v4-pro,deepseek-v4-pro,deepseek-v4-pro,True,
e07593b55c0b9a18678e:MiniMax-M3,MiniMax-M3,MiniMax-M3,True,
d66fd18f080460014dec:deepseek-v4-pro,deepseek-v4-pro,deepseek-v4-pro,True,
d318909daad8e476caa9:glm-5.3,glm-5.3,glm-5.3,True,
1a9211b5eec3260990e2:deepseek-v4-pro,deepseek-v4-pro,deepseek-v4-pro,True,
9ca8816bca696e06d5dd:glm-5.3,glm-5.3,glm-5.3,True,
fe30929fd87d91881962:MiniMax-M3,MiniMax-M3,MiniMax-M3,True,
7a82dafb2ebddad00445:deepseek-v4-pro,deepseek-v4-pro,deepseek-v4-pro,True,
d25a8cbe7e394434cb22:deepseek-v4-pro,deepseek-v4-pro,deepseek-v4-pro,True,
92bf196930f17c2dcbbb:glm-5.3,glm-5.3,glm-5.3,True,
e87707c4d71b105b89b4:MiniMax-M3,MiniMax-M3,MiniMax-M3,True,
709b1f704091636758b6:glm-5.3,glm-5.3,glm-5.3,True,
de77f8ffbd3a12f1c22e:MiniMax-M3,MiniMax-M3,MiniMax-M3,True,
f4767a8282f1a5e84125:MiniMax-M3,MiniMax-M3,MiniMax-M3,True,
2bcc549f8b9f5d9cfdea:deepseek-v4-pro,deepseek-v4-pro,deepseek-v4-pro,True,
1779128c87269161e85f:glm-5.3,glm-5.3,glm-5.3,True,
8f7292e68610f1f4d068:glm-5.3,glm-5.3,glm-5.3,True,
6daec0b6e80d74582df4:deepseek-v4-pro,deepseek-v4-pro,deepseek-v4-pro,True,
52f928a23b722a1bf2f9:deepseek-v4-pro,deepseek-v4-pro,deepseek-v4-pro,True,
0540ad8b2c99a1ffd797:deepseek-v4-pro,deepseek-v4-pro,deepseek-v4-pro,True,
9df6a1605c7bb1e2489d:glm-5.3,glm-5.3,glm-5.3,True,
ca6710aa51430f33836b:glm-5.3,glm-5.3,glm-5.3,True,
999f00f32f55f989502f:MiniMax-M3,MiniMax-M3,MiniMax-M3,True,
11e68479c59882cccf42:glm-5.3,glm-5.3,glm-5.3,True,
76ea32ef6c4d4d1ffd77:glm-5.3,glm-5.3,glm-5.3,True,
8a029f57a956ef7b0717:MiniMax-M3,MiniMax-M3,MiniMax-M3,True,
8da8758419d6b0b737a8:glm-5.3,glm-5.3,glm-5.3,True,
816e2c0dd36d12b54b49:deepseek-v4-pro,deepseek-v4-pro,deepseek-v4-pro,True,
f6935036de90357ed818:MiniMax-M3,MiniMax-M3,MiniMax-M3,True,
fc84ff058366358d9499:glm-5.3,glm-5.3,glm-5.3,True,
442b394a87a91281a734:deepseek-v4-pro,deepseek-v4-pro,deepseek-v4-pro,True,
d6d6b993d1f1d6c21eb5:MiniMax-M3,MiniMax-M3,MiniMax-M3,True,
9117948bc635965b824a:deepseek-v4-pro,deepseek-v4-pro,deepseek-v4-pro,True,
b9d1080ae62ce5b07b99:glm-5.3,glm-5.3,glm-5.3,True,
d33ea79c81c33d2899fd:glm-5.3,glm-5.3,glm-5.3,True,
8badb206004898e3a954:glm-5.3,glm-5.3,glm-5.3,True,
7813269a78433a4faca7:MiniMax-M3,MiniMax-M3,MiniMax-M3,True,
d7a30b344bb9336ffa60:MiniMax-M3,MiniMax-M3,MiniMax-M3,True,
c5cf2624c0b0327be450:glm-5.3,glm-5.3,glm-5.3,True,
e57e3004daeabece75c4:deepseek-v4-pro,deepseek-v4-pro,deepseek-v4-pro,True,
b194d0b7ff9ff5aae89e:MiniMax-M3,MiniMax-M3,MiniMax-M3,True,
d2a814b82092eca36634:glm-5.3,glm-5.3,glm-5.3,True,
596192c92e00fa334196:deepseek-v4-pro,deepseek-v4-pro,deepseek-v4-pro,True,
0e5b51561e62399fc0d1:deepseek-v4-pro,deepseek-v4-pro,deepseek-v4-pro,True,
a838b108df9169864db4:MiniMax-M3,MiniMax-M3,MiniMax-M3,True,
182bea875b1f9fbcbfa5:deepseek-v4-pro,deepseek-v4-pro,deepseek-v4-pro,True,
126bad5105d49e6ddacb:MiniMax-M3,MiniMax-M3,MiniMax-M3,True,
35ac9dfc16b604050ff5:glm-5.3,glm-5.3,glm-5.3,True,
e1d945e77242253d56e3:MiniMax-M3,MiniMax-M3,MiniMax-M3,True,
6072a6afba3b95cef443:deepseek-v4-pro,deepseek-v4-pro,deepseek-v4-pro,True,
fa7e6700812ca2f1adb4:deepseek-v4-pro,deepseek-v4-pro,deepseek-v4-pro,True,
ee9b6b0cc8d5d660dedc:glm-5.3,glm-5.3,glm-5.3,True,
b0363a30c1d006d193ea:MiniMax-M3,MiniMax-M3,MiniMax-M3,True,
07c401a13a59e87c3b7b:deepseek-v4-pro,deepseek-v4-pro,deepseek-v4-pro,True,
547d89f904478bc266db:glm-5.3,glm-5.3,glm-5.3,True,
2003fcd67e989b385d42:MiniMax-M3,MiniMax-M3,MiniMax-M3,True,
28be7df381fe2e87794f:MiniMax-M3,MiniMax-M3,MiniMax-M3,True,
cc8d14a2997a67532aba:deepseek-v4-pro,deepseek-v4-pro,deepseek-v4-pro,True,
d588fee18418063eec66:deepseek-v4-pro,deepseek-v4-pro,deepseek-v4-pro,True,
354594e11531d5bc2cfc:glm-5.3,glm-5.3,glm-5.3,True,
c965c0d5c58f01688739:deepseek-v4-pro,deepseek-v4-pro,deepseek-v4-pro,True,
6a7a32765661d896ad39:glm-5.3,glm-5.3,glm-5.3,True,
faa20939cbae72b794ce:deepseek-v4-pro,deepseek-v4-pro,deepseek-v4-pro,True,
70d777e5709a12cd7f86:glm-5.3,glm-5.3,glm-5.3,True,
268033a7079bcc328dbf:glm-5.3,glm-5.3,glm-5.3,True,
6d2fe43f396a03570778:MiniMax-M3,MiniMax-M3,MiniMax-M3,True,
344371ef4752e662516a:MiniMax-M3,MiniMax-M3,MiniMax-M3,True,
a4a90845fbd974c74f7c:MiniMax-M3,MiniMax-M3,MiniMax-M3,True,
66a77ade98c346549626:glm-5.3,glm-5.3,glm-5.3,True,
5084fb3f923018d12f6a:deepseek-v4-pro,deepseek-v4-pro,deepseek-v4-pro,True,
558ad8ae303cc0ea3999:glm-5.3,glm-5.3,glm-5.3,True,
5c34610743ffb4e0c635:glm-5.3,glm-5.3,glm-5.3,True,
6dd0411ad1020edbf66f:MiniMax-M3,MiniMax-M3,MiniMax-M3,True,
4de1f2a9499286aaac6e:MiniMax-M3,MiniMax-M3,MiniMax-M3,True,
b2f965cec7534c506b5c:deepseek-v4-pro,deepseek-v4-pro,deepseek-v4-pro,True,
df710490297974bcca2d:deepseek-v4-pro,deepseek-v4-pro,deepseek-v4-pro,True,
cb241f793453747c300d:MiniMax-M3,MiniMax-M3,MiniMax-M3,True,
9c692ea477af7130f341:MiniMax-M3,MiniMax-M3,MiniMax-M3,True,
6469221bae835158164d:MiniMax-M3,MiniMax-M3,MiniMax-M3,True,
08866a26c342b947beac:glm-5.3,glm-5.3,glm-5.3,True,
6bb392ce0b815a01d06d:glm-5.3,glm-5.3,glm-5.3,True,
9a5d64fcb9751ed2e193:MiniMax-M3,MiniMax-M3,MiniMax-M3,True,
59a3b8464da0a5a690ac:MiniMax-M3,MiniMax-M3,MiniMax-M3,True,
7a19275e8c2e8f2a4865:deepseek-v4-pro,deepseek-v4-pro,deepseek-v4-pro,True,
2f764bca8dd72a0953c3:glm-5.3,glm-5.3,glm-5.3,True,
31be803def202abfa802:deepseek-v4-pro,deepseek-v4-pro,deepseek-v4-pro,True,
3dc3dc722049e0652eb1:glm-5.3,glm-5.3,glm-5.3,True,
0c95ccba1b937d352cbb:glm-5.3,glm-5.3,glm-5.3,True,
ebf5c3f353fd7337527d:deepseek-v4-pro,deepseek-v4-pro,deepseek-v4-pro,True,
99f9ba8153dd370eb1d7:deepseek-v4-pro,deepseek-v4-pro,deepseek-v4-pro,True,
94bfc2d29dcd8366f417:deepseek-v4-pro,deepseek-v4-pro,deepseek-v4-pro,True,
5e356ed2a8ca853353c7:MiniMax-M3,MiniMax-M3,MiniMax-M3,True,
a203adcd90ff247c75e1:MiniMax-M3,MiniMax-M3,MiniMax-M3,True,
8136dba972df62da195f:MiniMax-M3,MiniMax-M3,MiniMax-M3,True,
bc23e3844f208c481951:MiniMax-M3,MiniMax-M3,MiniMax-M3,True,
9c2831be66040c8aee80:MiniMax-M3,MiniMax-M3,MiniMax-M3,True,
2914cb0f0af4708f8f50:glm-5.3,glm-5.3,glm-5.3,True,
1de4c8354054556b3cf1:MiniMax-M3,MiniMax-M3,MiniMax-M3,True,
e1d7b0cd7d567f19b979:glm-5.3,glm-5.3,glm-5.3,True,
ba47ef267962c08e1c99:deepseek-v4-pro,deepseek-v4-pro,deepseek-v4-pro,True,
1eeea34606e8f471e97f:deepseek-v4-pro,deepseek-v4-pro,deepseek-v4-pro,True,
b701b7bdc78e9c890361:MiniMax-M3,MiniMax-M3,MiniMax-M3,True,
5122e088070fec6e3fe2:deepseek-v4-pro,deepseek-v4-pro,deepseek-v4-pro,True,
7fd44eb3f286afbd051a:deepseek-v4-pro,deepseek-v4-pro,deepseek-v4-pro,True,
2003fcd67e989b385d42:glm-5.3,glm-5.3,glm-5.3,True,
526961f89ef7b6d7e55e:deepseek-v4-pro,deepseek-v4-pro,deepseek-v4-pro,True,
ee6710e54bb98b52130d:glm-5.3,glm-5.3,glm-5.3,True,
fa6448c7a33c9c6992a1:MiniMax-M3,MiniMax-M3,MiniMax-M3,True,
11a761f13c480ff2726f:glm-5.3,glm-5.3,glm-5.3,True,
53ed89e038eb87289cd1:glm-5.3,glm-5.3,glm-5.3,True,
71d730545fef19bde341:deepseek-v4-pro,deepseek-v4-pro,deepseek-v4-pro,True,
3c51f88eb445506c57b1:deepseek-v4-pro,deepseek-v4-pro,deepseek-v4-pro,True,
990c75579c21e856f3ae:MiniMax-M3,MiniMax-M3,MiniMax-M3,True,
0b049f650e141f01c7db:glm-5.3,glm-5.3,glm-5.3,True,
28c838e91db8cde4780a:MiniMax-M3,MiniMax-M3,MiniMax-M3,True,
884a6d68261c0334b772:glm-5.3,glm-5.3,glm-5.3,True,
1ff9b9b3658c2b4d9e96:deepseek-v4-pro,deepseek-v4-pro,deepseek-v4-pro,True,
bed836de703afc07c8a9:MiniMax-M3,MiniMax-M3,MiniMax-M3,True,
77243df565523511a12a:deepseek-v4-pro,deepseek-v4-pro,deepseek-v4-pro,True,
c2c78e502d75c678b3cb:deepseek-v4-pro,deepseek-v4-pro,deepseek-v4-pro,True,
f350053e6c60c084558c:MiniMax-M3,MiniMax-M3,MiniMax-M3,True,
4d56ebeb2dd292a30f8d:glm-5.3,glm-5.3,glm-5.3,True,
9f9f87bb887fe712ab66:glm-5.3,glm-5.3,glm-5.3,True,
e82bf04a06dea6d77c72:glm-5.3,glm-5.3,glm-5.3,True,
291001f780bf49c191e0:deepseek-v4-pro,deepseek-v4-pro,deepseek-v4-pro,True,
f3752a7eca5e637e7e54:MiniMax-M3,MiniMax-M3,MiniMax-M3,True,
dd361e9a02792dc2c5f3:glm-5.3,glm-5.3,glm-5.3,True,
ba4d37c6f6c3e96563c3:MiniMax-M3,MiniMax-M3,MiniMax-M3,True,
a4e51b6df2b7a55386ea:MiniMax-M3,MiniMax-M3,MiniMax-M3,True,
ce85968f9ce7767cccf1:glm-5.3,glm-5.3,glm-5.3,True,
4f71de2f8943b2feaca7:deepseek-v4-pro,deepseek-v4-pro,deepseek-v4-pro,True,
6e48d41c83551fb7931d:MiniMax-M3,MiniMax-M3,MiniMax-M3,True,
1cba96c9111bbd415536:deepseek-v4-pro,deepseek-v4-pro,deepseek-v4-pro,True,
24efbc5aa8febf40a92b:glm-5.3,glm-5.3,glm-5.3,True,
ed6f345af1d81540d658:glm-5.3,glm-5.3,glm-5.3,True,
4f3034a1bb9736498f05:glm-5.3,glm-5.3,glm-5.3,True,
9ddd81e34704f3447934:glm-5.3,glm-5.3,glm-5.3,True,
3ddccee4059e3f2b10ab:MiniMax-M3,MiniMax-M3,MiniMax-M3,True,
88314c34fa3c82ec9036:glm-5.3,glm-5.3,glm-5.3,True,
a2d52eca726bab20c17d:glm-5.3,glm-5.3,glm-5.3,True,
1915a9867f024e182220:glm-5.3,glm-5.3,glm-5.3,True,
9d1d93aeab38e485a3f8:glm-5.3,glm-5.3,glm-5.3,True,
7eda824ccf8311507d17:deepseek-v4-pro,deepseek-v4-pro,deepseek-v4-pro,True,
9fbf8e4231cdf0bf8a57:deepseek-v4-pro,deepseek-v4-pro,deepseek-v4-pro,True,
4febfb9a309ba05c1a9b:MiniMax-M3,MiniMax-M3,MiniMax-M3,True,
341371d5fe2042de990a:MiniMax-M3,MiniMax-M3,MiniMax-M3,True,
7a19275e8c2e8f2a4865:glm-5.3,glm-5.3,glm-5.3,True,
ba55b1c7ae49e7b10124:glm-5.3,glm-5.3,glm-5.3,True,
ae76e8bec8e8a74c8e6d:deepseek-v4-pro,deepseek-v4-pro,deepseek-v4-pro,True,
6bf6a97a83fc7124d3f3:deepseek-v4-pro,deepseek-v4-pro,deepseek-v4-pro,True,
174de4cc9d1126513b34:MiniMax-M3,MiniMax-M3,MiniMax-M3,True,
015ff612bd7ceeb20255:deepseek-v4-pro,deepseek-v4-pro,deepseek-v4-pro,True,
c926f767d3d14614bd80:MiniMax-M3,MiniMax-M3,MiniMax-M3,True,
6bbc4fdf0395bcdc1187:glm-5.3,glm-5.3,glm-5.3,True,
83d2769bf474756a6651:MiniMax-M3,MiniMax-M3,MiniMax-M3,True,
36a455d33a0fe917fa75:MiniMax-M3,MiniMax-M3,MiniMax-M3,True,
291eda12dc7ea9bb59fd:deepseek-v4-pro,deepseek-v4-pro,deepseek-v4-pro,True,
236e02bc9f470c2cfae3:deepseek-v4-pro,deepseek-v4-pro,deepseek-v4-pro,True,
69f54c725ef029571f9b:deepseek-v4-pro,deepseek-v4-pro,deepseek-v4-pro,True,
99c1a795b5af0daf5ea5:glm-5.3,glm-5.3,glm-5.3,True,
d676dca20e52607a56f6:MiniMax-M3,MiniMax-M3,MiniMax-M3,True,
933a37b4e7e0e70eb617:deepseek-v4-pro,deepseek-v4-pro,deepseek-v4-pro,True,
4a5756113da876c8e938:MiniMax-M3,MiniMax-M3,MiniMax-M3,True,
27bfe46f295670b91b6e:deepseek-v4-pro,deepseek-v4-pro,deepseek-v4-pro,True,
709b1f704091636758b6:MiniMax-M3,MiniMax-M3,MiniMax-M3,True,
8c0d20cad1ee5f82b601:MiniMax-M3,MiniMax-M3,MiniMax-M3,True,
2d5563067c3be4f10a30:MiniMax-M3,MiniMax-M3,MiniMax-M3,True,
c77344eb67d963757e36:deepseek-v4-pro,deepseek-v4-pro,deepseek-v4-pro,True,
36c418ad6774f58b7a33:deepseek-v4-pro,deepseek-v4-pro,deepseek-v4-pro,True,
28dc63cb78fcd2b61c6c:glm-5.3,glm-5.3,glm-5.3,True,
3f9f0c26d598c9e80a1e:deepseek-v4-pro,deepseek-v4-pro,deepseek-v4-pro,True,
518083a7e07771773ae8:glm-5.3,glm-5.3,glm-5.3,True,
63e21d08b1eccefcde58:deepseek-v4-pro,deepseek-v4-pro,deepseek-v4-pro,True,
22fb974fb28522a11ea3:glm-5.3,glm-5.3,glm-5.3,True,
405a1f679f9e91890801:glm-5.3,glm-5.3,glm-5.3,True,
108d659381872a705f71:glm-5.3,glm-5.3,glm-5.3,True,
713cd87bd5897114a93d:deepseek-v4-pro,deepseek-v4-pro,deepseek-v4-pro,True,
acb5a46b883c89c1ad4f:deepseek-v4-pro,deepseek-v4-pro,deepseek-v4-pro,True,
b5ccdcdd79c21d8112a4:glm-5.3,glm-5.3,glm-5.3,True,
14cfcf504d8f0a19fa1e:deepseek-v4-pro,deepseek-v4-pro,deepseek-v4-pro,True,
73bdffc02c2b62a55e53:deepseek-v4-pro,deepseek-v4-pro,deepseek-v4-pro,True,
ac4d065f2fa332b2055b:deepseek-v4-pro,deepseek-v4-pro,deepseek-v4-pro,True,
4e46d3a35fb9eefcb3fa:glm-5.3,glm-5.3,glm-5.3,True,
360796d708c045de8921:MiniMax-M3,MiniMax-M3,MiniMax-M3,True,
9ac73c18dbc9a1d0cdfe:glm-5.3,glm-5.3,glm-5.3,True,
fa93284827e718af3339:MiniMax-M3,MiniMax-M3,MiniMax-M3,True,
c51ce8779645a65fbbbc:deepseek-v4-pro,deepseek-v4-pro,deepseek-v4-pro,True,
e5ac5673bb6d50e5217c:glm-5.3,glm-5.3,glm-5.3,True,
2bd7d49df4da21544ee3:deepseek-v4-pro,deepseek-v4-pro,deepseek-v4-pro,True,
5caa385fcd7594b09ef2:glm-5.3,glm-5.3,glm-5.3,True,
f4767a8282f1a5e84125:deepseek-v4-pro,deepseek-v4-pro,deepseek-v4-pro,True,
cdd5808a1efafad6a774:deepseek-v4-pro,deepseek-v4-pro,deepseek-v4-pro,True,
5fed21a152401055a2dd:MiniMax-M3,MiniMax-M3,MiniMax-M3,True,
7bcc80026bdd9d264e53:deepseek-v4-pro,deepseek-v4-pro,deepseek-v4-pro,True,
28b2a7c1b2e461ef4384:deepseek-v4-pro,deepseek-v4-pro,deepseek-v4-pro,True,
7c34eae3eef73a97b2aa:MiniMax-M3,MiniMax-M3,MiniMax-M3,True,
a8809267d9ad469d4fec:glm-5.3,glm-5.3,glm-5.3,True,
1337d84a44a358e320c7:MiniMax-M3,MiniMax-M3,MiniMax-M3,True,
27adaf80a4d23323a9ff:glm-5.3,glm-5.3,glm-5.3,True,
436073c37478da77c134:deepseek-v4-pro,deepseek-v4-pro,deepseek-v4-pro,True,
208f5e320084283e2d26:glm-5.3,glm-5.3,glm-5.3,True,
e0f95562f47af677329a:glm-5.3,glm-5.3,glm-5.3,True,
d2b203a0a68062c9cea3:MiniMax-M3,MiniMax-M3,MiniMax-M3,True,
223108f6c9c99239f9ea:deepseek-v4-pro,deepseek-v4-pro,deepseek-v4-pro,True,
0da86d896699049bfcd1:glm-5.3,glm-5.3,glm-5.3,True,
64d1195ea4699bc393db:MiniMax-M3,MiniMax-M3,MiniMax-M3,True,
682559558ef5641846df:glm-5.3,glm-5.3,glm-5.3,True,
336d7dea42e66fdc6c4c:glm-5.3,glm-5.3,glm-5.3,True,
e5c249f64d23089dde6a:MiniMax-M3,MiniMax-M3,MiniMax-M3,True,
ab37f0381ca2641b4c80:deepseek-v4-pro,deepseek-v4-pro,deepseek-v4-pro,True,
029d413ef2cb2604062c:deepseek-v4-pro,deepseek-v4-pro,deepseek-v4-pro,True,
72f2de08ac46472ee6d7:MiniMax-M3,MiniMax-M3,MiniMax-M3,True,
ce1d97eeca1f6e7efa8e:MiniMax-M3,MiniMax-M3,MiniMax-M3,True,
f8119a66a6a7fb3de080:glm-5.3,glm-5.3,glm-5.3,True,
9613cd7b7096de762a6c:MiniMax-M3,MiniMax-M3,MiniMax-M3,True,
5a949d4bea30ee884e75:deepseek-v4-pro,deepseek-v4-pro,deepseek-v4-pro,True,
72f01a54d0c660cc0465:MiniMax-M3,MiniMax-M3,MiniMax-M3,True,
62de3135e4211b414647:MiniMax-M3,MiniMax-M3,MiniMax-M3,True,
244fd3eb022046b4a652:deepseek-v4-pro,deepseek-v4-pro,deepseek-v4-pro,True,
545090a5130849ae980f:MiniMax-M3,MiniMax-M3,MiniMax-M3,True,
175271000c892b1bbbf6:MiniMax-M3,MiniMax-M3,MiniMax-M3,True,
6f728b70c5c49fc8dae7:MiniMax-M3,MiniMax-M3,MiniMax-M3,True,
89bb3ff8173d327f94ac:MiniMax-M3,MiniMax-M3,MiniMax-M3,True,
a1e2226eac46f7d25afe:glm-5.3,glm-5.3,glm-5.3,True,
d079950f2fcf87445294:deepseek-v4-pro,deepseek-v4-pro,deepseek-v4-pro,True,
f1df72b97e0b0766bdeb:MiniMax-M3,MiniMax-M3,MiniMax-M3,True,
6c10348dd76dd372b383:MiniMax-M3,MiniMax-M3,MiniMax-M3,True,
dc9ea55516af2e1350c8:glm-5.3,glm-5.3,glm-5.3,True,
120d12d596cf96788829:deepseek-v4-pro,deepseek-v4-pro,deepseek-v4-pro,True,
b20991024e18f79adf48:MiniMax-M3,MiniMax-M3,MiniMax-M3,True,
148c56dc2d88ce1d44b8:MiniMax-M3,MiniMax-M3,MiniMax-M3,True,
af7def8cc41abca45307:MiniMax-M3,MiniMax-M3,MiniMax-M3,True,
41a9408336cea2891984:MiniMax-M3,MiniMax-M3,MiniMax-M3,True,
8b0f7894d68f1a56cc1a:MiniMax-M3,MiniMax-M3,MiniMax-M3,True,
3e801343f31c98509c08:MiniMax-M3,MiniMax-M3,MiniMax-M3,True,
f8953333976b8b747a76:MiniMax-M3,MiniMax-M3,MiniMax-M3,True,
66ce3a926fc82c4e1c83:MiniMax-M3,MiniMax-M3,MiniMax-M3,True,
ea5e8ae881ea968a1fb1:MiniMax-M3,MiniMax-M3,MiniMax-M3,True,
af7455d188a90fd51e86:MiniMax-M3,MiniMax-M3,MiniMax-M3,True,
70bcde50d3d2d1e7bd7c:MiniMax-M3,MiniMax-M3,MiniMax-M3,True,
a022b3d5a0d7e99a707d:MiniMax-M3,MiniMax-M3,MiniMax-M3,True,
3df3ee84fc4925c93634:MiniMax-M3,MiniMax-M3,MiniMax-M3,True,
c72e78ac8168d074f6b6:glm-5.3,glm-5.3,glm-5.3,True,
a0435d845a8237bd21a9:deepseek-v4-pro,deepseek-v4-pro,deepseek-v4-pro,True,
7aecc402a93257921fdc:MiniMax-M3,MiniMax-M3,MiniMax-M3,True,
822239ceb002ba9e306e:glm-5.3,glm-5.3,glm-5.3,True,
57cc00706f0fcfc5a8e9:deepseek-v4-pro,deepseek-v4-pro,deepseek-v4-pro,True,
f4181e7f32c3c32cf13b:glm-5.3,glm-5.3,glm-5.3,True,
d2211b77a18a0e97ef31:MiniMax-M3,MiniMax-M3,MiniMax-M3,True,
fcf318c3fb1fe6f73c5d:glm-5.3,glm-5.3,glm-5.3,True,
7f0393f6fb532b62021f:glm-5.3,glm-5.3,glm-5.3,True,
23378f15b1ae7296c346:MiniMax-M3,MiniMax-M3,MiniMax-M3,True,
f7611802e11f6c755959:MiniMax-M3,MiniMax-M3,MiniMax-M3,True,
8164e2524e02560bfb5f:MiniMax-M3,MiniMax-M3,MiniMax-M3,True,
1bc6ee75f561fd805100:deepseek-v4-pro,deepseek-v4-pro,deepseek-v4-pro,True,
e008157036bd8a81ae7c:deepseek-v4-pro,deepseek-v4-pro,deepseek-v4-pro,True,
60beb202951dcdd19661:deepseek-v4-pro,deepseek-v4-pro,deepseek-v4-pro,True,
5c4b11ea16ac1d1b0f84:deepseek-v4-pro,deepseek-v4-pro,deepseek-v4-pro,True,
43bdd81809e19ff188bf:MiniMax-M3,MiniMax-M3,MiniMax-M3,True,
cdecc446bdbbbcc2e59c:glm-5.3,glm-5.3,glm-5.3,True,
5bf8a0775c5e91c12105:glm-5.3,glm-5.3,glm-5.3,True,
e80022a4245244702040:deepseek-v4-pro,deepseek-v4-pro,deepseek-v4-pro,True,
65b5f3e63fd296ce68a3:deepseek-v4-pro,deepseek-v4-pro,deepseek-v4-pro,True,
c73cbba7cde93cadef1c:MiniMax-M3,MiniMax-M3,MiniMax-M3,True,
b5910f52101bc1783d9a:deepseek-v4-pro,deepseek-v4-pro,deepseek-v4-pro,True,
73c99d8b65d23367588e:glm-5.3,glm-5.3,glm-5.3,True,
abbeae58600b1db4056d:glm-5.3,glm-5.3,glm-5.3,True,
417ba0ed813eb40f4147:glm-5.3,glm-5.3,glm-5.3,True,
dd990ef0a8ea67e7ad7a:MiniMax-M3,MiniMax-M3,MiniMax-M3,True,
4e24c726dc8a1ddf4f3c:MiniMax-M3,MiniMax-M3,MiniMax-M3,True,
fd3162bd97894db85bb8:MiniMax-M3,MiniMax-M3,MiniMax-M3,True,
79200fe8cdc009263747:MiniMax-M3,MiniMax-M3,MiniMax-M3,True,
74717182973b69fde508:glm-5.3,glm-5.3,glm-5.3,True,
a2d52eca726bab20c17d:deepseek-v4-pro,deepseek-v4-pro,deepseek-v4-pro,True,
565287f6423b5ae2f412:glm-5.3,glm-5.3,glm-5.3,True,
05cd68b61c782dac39c2:MiniMax-M3,MiniMax-M3,MiniMax-M3,True,
ed36e502c0e36d90b708:deepseek-v4-pro,deepseek-v4-pro,deepseek-v4-pro,True,
147c488441480ee24119:glm-5.3,glm-5.3,glm-5.3,True,
fce2c71c2b29bb1098ce:MiniMax-M3,MiniMax-M3,MiniMax-M3,True,
0ca03e5df5985140d3c7:deepseek-v4-pro,deepseek-v4-pro,deepseek-v4-pro,True,
8b2237695c533f7eac28:glm-5.3,glm-5.3,glm-5.3,True,
e7c89d80800e28e9c009:MiniMax-M3,MiniMax-M3,MiniMax-M3,True,
d7ddbc2075cc7e3c2e54:MiniMax-M3,MiniMax-M3,MiniMax-M3,True,
73714128a9a60de40058:deepseek-v4-pro,deepseek-v4-pro,deepseek-v4-pro,True,
fb4401994f7e7faea92c:glm-5.3,glm-5.3,glm-5.3,True,
f8d6b0443932c81dd071:glm-5.3,glm-5.3,glm-5.3,True,
7acf312c857faa8405c5:glm-5.3,glm-5.3,glm-5.3,True,
1174e03ed1350ce96d01:MiniMax-M3,MiniMax-M3,MiniMax-M3,True,
4ad2d09e46e6eca6ffa0:MiniMax-M3,MiniMax-M3,MiniMax-M3,True,
b4476594a1e7091efcc7:MiniMax-M3,MiniMax-M3,MiniMax-M3,True,
51b6179a71184453d501:glm-5.3,glm-5.3,glm-5.3,True,
db58642d97b030b1fc3d:MiniMax-M3,MiniMax-M3,MiniMax-M3,True,
4136b3e9e1502e25e98f:deepseek-v4-pro,deepseek-v4-pro,deepseek-v4-pro,True,
2a401e8b52fbcdc37670:MiniMax-M3,MiniMax-M3,MiniMax-M3,True,
0f83fd5bef1e7e0ca652:glm-5.3,glm-5.3,glm-5.3,True,
25ac6ec01438ec82a101:deepseek-v4-pro,deepseek-v4-pro,deepseek-v4-pro,True,
ba47ef267962c08e1c99:MiniMax-M3,MiniMax-M3,MiniMax-M3,True,
0258129d0be97449d053:deepseek-v4-pro,deepseek-v4-pro,deepseek-v4-pro,True,
a1b65beed0ad7ca83bf7:deepseek-v4-pro,deepseek-v4-pro,deepseek-v4-pro,True,
ab9fa2f4817c0f18666e:MiniMax-M3,MiniMax-M3,MiniMax-M3,True,
37dd609557b34d052050:glm-5.3,glm-5.3,glm-5.3,True,
1b3ff02f50b3ff29acb1:deepseek-v4-pro,deepseek-v4-pro,deepseek-v4-pro,True,
2e7b265e44c866d6a435:deepseek-v4-pro,deepseek-v4-pro,deepseek-v4-pro,True,
12d2ae3ff52168998a58:deepseek-v4-pro,deepseek-v4-pro,deepseek-v4-pro,True,
4e0b2837864381fb9770:deepseek-v4-pro,deepseek-v4-pro,deepseek-v4-pro,True,
bb345582489c0327fdee:MiniMax-M3,MiniMax-M3,MiniMax-M3,True,
120d12d596cf96788829:glm-5.3,glm-5.3,glm-5.3,True,
14fd596d822bae0c42e1:MiniMax-M3,MiniMax-M3,MiniMax-M3,True,
6e24611e66608fcf3821:deepseek-v4-pro,deepseek-v4-pro,deepseek-v4-pro,True,
dd361e9a02792dc2c5f3:deepseek-v4-pro,deepseek-v4-pro,deepseek-v4-pro,True,
e92661e1ced45035f130:MiniMax-M3,MiniMax-M3,MiniMax-M3,True,
518083a7e07771773ae8:MiniMax-M3,MiniMax-M3,MiniMax-M3,True,
9c509420b47e4ce8a545:deepseek-v4-pro,deepseek-v4-pro,deepseek-v4-pro,True,
c926f767d3d14614bd80:glm-5.3,glm-5.3,glm-5.3,True,
16ccfb78a9765e317164:glm-5.3,glm-5.3,glm-5.3,True,
7953570a8fd1f2195c08:deepseek-v4-pro,deepseek-v4-pro,deepseek-v4-pro,True,
b7c75e267274dbad3ee0:glm-5.3,glm-5.3,glm-5.3,True,
3c22fd3a8ece21c4454d:deepseek-v4-pro,deepseek-v4-pro,deepseek-v4-pro,True,
90374829228d034a98f1:deepseek-v4-pro,deepseek-v4-pro,deepseek-v4-pro,True,
0b9dfed90360c1cfdb2c:deepseek-v4-pro,deepseek-v4-pro,deepseek-v4-pro,True,
c646ea0c5764bbaf70fa:deepseek-v4-pro,deepseek-v4-pro,deepseek-v4-pro,True,
b12fbf0f837c687db484:deepseek-v4-pro,deepseek-v4-pro,deepseek-v4-pro,True,
98377e25ae553b4f0504:MiniMax-M3,MiniMax-M3,MiniMax-M3,True,
2a828bb9eabde47b011e:deepseek-v4-pro,deepseek-v4-pro,deepseek-v4-pro,True,
a06cdf457e1828b1d18a:deepseek-v4-pro,deepseek-v4-pro,deepseek-v4-pro,True,
0564e9f55f5f3c54b169:deepseek-v4-pro,deepseek-v4-pro,deepseek-v4-pro,True,
3bdadefa0a921a30d093:deepseek-v4-pro,deepseek-v4-pro,deepseek-v4-pro,True,
f615ac679ebf2f3c6d18:glm-5.3,glm-5.3,glm-5.3,True,
3d6d6bfa7465c42834a3:MiniMax-M3,MiniMax-M3,MiniMax-M3,True,
e0d32793abe04298e74f:MiniMax-M3,MiniMax-M3,MiniMax-M3,True,
689090e7cbd765287389:MiniMax-M3,MiniMax-M3,MiniMax-M3,True,
0faa2f4278c0e4afda21:deepseek-v4-pro,deepseek-v4-pro,deepseek-v4-pro,True,
a044318998ba917aa490:glm-5.3,glm-5.3,glm-5.3,True,
6532c7e2cc3f635732f5:MiniMax-M3,MiniMax-M3,MiniMax-M3,True,
73c99d8b65d23367588e:deepseek-v4-pro,deepseek-v4-pro,deepseek-v4-pro,True,
4cb4ff71e2990dac51bf:MiniMax-M3,MiniMax-M3,MiniMax-M3,True,
cecb28fac91cd6b33eba:glm-5.3,glm-5.3,glm-5.3,True,
432aee4a3a16b2d1e770:MiniMax-M3,MiniMax-M3,MiniMax-M3,True,
e27009817f85319238ec:MiniMax-M3,MiniMax-M3,MiniMax-M3,True,
76e07096375fb8df6f52:MiniMax-M3,MiniMax-M3,MiniMax-M3,True,
f43ee33756ce02dad809:MiniMax-M3,MiniMax-M3,MiniMax-M3,True,
b2305b752a5ab5d3b6a6:MiniMax-M3,MiniMax-M3,MiniMax-M3,True,
b771ed3e3fadd500213d:deepseek-v4-pro,deepseek-v4-pro,deepseek-v4-pro,True,
cdf63008a4eae1a76dde:glm-5.3,glm-5.3,glm-5.3,True,
b8ac37be740a4f592275:MiniMax-M3,MiniMax-M3,MiniMax-M3,True,
5b86a8cfd3909bd00d7c:glm-5.3,glm-5.3,glm-5.3,True,
558ad8ae303cc0ea3999:MiniMax-M3,MiniMax-M3,MiniMax-M3,True,
f4ee20ce62fb3307241f:deepseek-v4-pro,deepseek-v4-pro,deepseek-v4-pro,True,
cf57e4882e715cd4d76e:glm-5.3,glm-5.3,glm-5.3,True,
7b99e981d0306aa7a503:deepseek-v4-pro,deepseek-v4-pro,deepseek-v4-pro,True,
c59af5f1822631da7c58:deepseek-v4-pro,deepseek-v4-pro,deepseek-v4-pro,True,
bb9a1bf9ba0af3d26e23:glm-5.3,glm-5.3,glm-5.3,True,
7100737a0e8012f78a78:glm-5.3,glm-5.3,glm-5.3,True,
1657eb309188e7e1db26:MiniMax-M3,MiniMax-M3,MiniMax-M3,True,
2e09a7b877bf48864284:deepseek-v4-pro,deepseek-v4-pro,deepseek-v4-pro,True,
8da8758419d6b0b737a8:deepseek-v4-pro,deepseek-v4-pro,deepseek-v4-pro,True,
ee7fd6a3626e963aa668:deepseek-v4-pro,deepseek-v4-pro,deepseek-v4-pro,True,
fda216cef67cec8df18c:MiniMax-M3,MiniMax-M3,MiniMax-M3,True,
3785f8189f8130629e52:glm-5.3,glm-5.3,glm-5.3,True,
2aacbe83b2736e1d0f90:deepseek-v4-pro,deepseek-v4-pro,deepseek-v4-pro,True,
1337d84a44a358e320c7:glm-5.3,glm-5.3,glm-5.3,True,
81cf71952cb03775195d:MiniMax-M3,MiniMax-M3,MiniMax-M3,True,
ddddb4312272f290a40f:MiniMax-M3,MiniMax-M3,MiniMax-M3,True,
b2b40436936895732880:MiniMax-M3,MiniMax-M3,MiniMax-M3,True,
6887ac5807ffa25b4f93:deepseek-v4-pro,deepseek-v4-pro,deepseek-v4-pro,True,
5e356ed2a8ca853353c7:glm-5.3,glm-5.3,glm-5.3,True,
a7228a6fd60e79efabb6:MiniMax-M3,MiniMax-M3,MiniMax-M3,True,
3bdadefa0a921a30d093:MiniMax-M3,MiniMax-M3,MiniMax-M3,True,
99f9ba8153dd370eb1d7:MiniMax-M3,MiniMax-M3,MiniMax-M3,True,
4ea52342707da6c81a7c:deepseek-v4-pro,deepseek-v4-pro,deepseek-v4-pro,True,
d51d7b5b56e4d147c9fa:MiniMax-M3,MiniMax-M3,MiniMax-M3,True,
f2505565a3a513b28171:deepseek-v4-pro,deepseek-v4-pro,deepseek-v4-pro,True,
cddfa6311c647761da07:glm-5.3,glm-5.3,glm-5.3,True,
5b86a8cfd3909bd00d7c:deepseek-v4-pro,deepseek-v4-pro,deepseek-v4-pro,True,
1e5d9fcc718422d24cfd:deepseek-v4-pro,deepseek-v4-pro,deepseek-v4-pro,True,
8745c51cd1702626eb85:deepseek-v4-pro,deepseek-v4-pro,deepseek-v4-pro,True,
c37f6c902d0b57f2cdf8:glm-5.3,glm-5.3,glm-5.3,True,
043bdec282eab12226be:deepseek-v4-pro,deepseek-v4-pro,deepseek-v4-pro,True,
41ea84ecfed06ed733e1:MiniMax-M3,MiniMax-M3,MiniMax-M3,True,
2e24bd46aeb28b866dd5:MiniMax-M3,MiniMax-M3,MiniMax-M3,True,
a04e71a731ad6d26c190:glm-5.3,glm-5.3,glm-5.3,True,
a0d82f26d42771fed363:MiniMax-M3,MiniMax-M3,MiniMax-M3,True,
fd4759999365719dbc01:glm-5.3,glm-5.3,glm-5.3,True,
858b4f2eb1ea19452f3f:MiniMax-M3,MiniMax-M3,MiniMax-M3,True,
ae06185c7669ab02155c:MiniMax-M3,MiniMax-M3,MiniMax-M3,True,
54bfed2c25cae35fd308:glm-5.3,glm-5.3,glm-5.3,True,
ee9b6b0cc8d5d660dedc:deepseek-v4-pro,deepseek-v4-pro,deepseek-v4-pro,True,
74d2ef86050ee056df98:deepseek-v4-pro,deepseek-v4-pro,deepseek-v4-pro,True,
94e807d1313e1cb1b9dc:MiniMax-M3,MiniMax-M3,MiniMax-M3,True,
48ccb7f93de59f5c57ec:deepseek-v4-pro,deepseek-v4-pro,deepseek-v4-pro,True,
341c382c25952012c82b:glm-5.3,glm-5.3,glm-5.3,True,
3bb44276bbea9d77e325:deepseek-v4-pro,deepseek-v4-pro,deepseek-v4-pro,True,
bb9977fee48bc91bec2c:glm-5.3,glm-5.3,glm-5.3,True,
4faeade74cd6bdc9ec53:MiniMax-M3,MiniMax-M3,MiniMax-M3,True,
c32c2a53c26ba85b984c:deepseek-v4-pro,deepseek-v4-pro,deepseek-v4-pro,True,
56c8204a20f990d51856:deepseek-v4-pro,deepseek-v4-pro,deepseek-v4-pro,True,
85fe3490c2add2b126f8:glm-5.3,glm-5.3,glm-5.3,True,
9e93f137f340bb830f2f:deepseek-v4-pro,deepseek-v4-pro,deepseek-v4-pro,True,
46ec2cf62b9ffa3114df:glm-5.3,glm-5.3,glm-5.3,True,
8c58cac4a6f2e4ace152:MiniMax-M3,MiniMax-M3,MiniMax-M3,True,
fb1412269580a8299974:glm-5.3,glm-5.3,glm-5.3,True,
24223fa1c82cacb31615:MiniMax-M3,MiniMax-M3,MiniMax-M3,True,
fa9e3c29f396250ee3cf:glm-5.3,glm-5.3,glm-5.3,True,
f206620ff57e74a31e88:MiniMax-M3,MiniMax-M3,MiniMax-M3,True,
69e467a3a298f777c4af:MiniMax-M3,MiniMax-M3,MiniMax-M3,True,
111dc8c6ec9b73ab2aa1:deepseek-v4-pro,deepseek-v4-pro,deepseek-v4-pro,True,
701f7eb43a976e5947ed:MiniMax-M3,MiniMax-M3,MiniMax-M3,True,
4250fa01ed5e0d0b564e:MiniMax-M3,MiniMax-M3,MiniMax-M3,True,
327de7a17d8abb4407f3:glm-5.3,glm-5.3,glm-5.3,True,
30d6dcde1ac464ff564d:MiniMax-M3,MiniMax-M3,MiniMax-M3,True,
f95f4f5e702239b58679:MiniMax-M3,MiniMax-M3,MiniMax-M3,True,
0ab55aa8fe6a956451cc:glm-5.3,glm-5.3,glm-5.3,True,
8c41847a47db6eaa7079:deepseek-v4-pro,deepseek-v4-pro,deepseek-v4-pro,True,
e5c249f64d23089dde6a:glm-5.3,glm-5.3,glm-5.3,True,
d0504f3f3697633b4ee1:deepseek-v4-pro,deepseek-v4-pro,deepseek-v4-pro,True,
b018f1c9128f7f711c12:glm-5.3,glm-5.3,glm-5.3,True,
55e4c27428ce9304070a:MiniMax-M3,MiniMax-M3,MiniMax-M3,True,
dedba43b9a93942e2bd8:glm-5.3,glm-5.3,glm-5.3,True,
c7a730e9f9825670cf3e:deepseek-v4-pro,deepseek-v4-pro,deepseek-v4-pro,True,
0e74d9f5aedcf6af9e2e:deepseek-v4-pro,deepseek-v4-pro,deepseek-v4-pro,True,
9f7fe2e85a6a9a606bf3:MiniMax-M3,MiniMax-M3,MiniMax-M3,True,
bdc70d672d93fd31241a:MiniMax-M3,MiniMax-M3,MiniMax-M3,True,
8816da84dd985b13d14f:glm-5.3,glm-5.3,glm-5.3,True,
f9fc79b49dd6f33a9584:MiniMax-M3,MiniMax-M3,MiniMax-M3,True,
4ad2d09e46e6eca6ffa0:deepseek-v4-pro,deepseek-v4-pro,deepseek-v4-pro,True,
37b94ce633cce444f2dd:deepseek-v4-pro,deepseek-v4-pro,deepseek-v4-pro,True,
5aedd656841a007b3a73:glm-5.3,glm-5.3,glm-5.3,True,
40d119ab8c86cd4ee34c:deepseek-v4-pro,deepseek-v4-pro,deepseek-v4-pro,True,
10e34f2b843ac56250bf:deepseek-v4-pro,deepseek-v4-pro,deepseek-v4-pro,True,
8ef06526ba928114704e:MiniMax-M3,MiniMax-M3,MiniMax-M3,True,
4b741e6fc0692f43320a:deepseek-v4-pro,deepseek-v4-pro,deepseek-v4-pro,True,
2c334a0173af4d7305bf:glm-5.3,glm-5.3,glm-5.3,True,
e8489023abc2f2c21bb1:glm-5.3,glm-5.3,glm-5.3,True,
0106c7923338e6df933f:glm-5.3,glm-5.3,glm-5.3,True,
448d32ba664c4b0b076b:MiniMax-M3,MiniMax-M3,MiniMax-M3,True,
16ef1df83be9b483d779:glm-5.3,glm-5.3,glm-5.3,True,
9437cfcc21f0b8d74c6f:deepseek-v4-pro,deepseek-v4-pro,deepseek-v4-pro,True,
5b2e773d27d0b10ebff3:glm-5.3,glm-5.3,glm-5.3,True,
1e73ad65ca26c069f3e8:deepseek-v4-pro,deepseek-v4-pro,deepseek-v4-pro,True,
646c5287c6945c7cd00c:glm-5.3,glm-5.3,glm-5.3,True,
b85536e9048fcf6beead:glm-5.3,glm-5.3,glm-5.3,True,
72366ede190bb003b3d7:MiniMax-M3,MiniMax-M3,MiniMax-M3,True,
8a1516689df87cd8aa9f:MiniMax-M3,MiniMax-M3,MiniMax-M3,True,
e9c67a7cb02a524eeed4:MiniMax-M3,MiniMax-M3,MiniMax-M3,True,
e35df9d75d8ecc39bb13:glm-5.3,glm-5.3,glm-5.3,True,
0421ef051430fe378049:deepseek-v4-pro,deepseek-v4-pro,deepseek-v4-pro,True,
d2981b7fc6f068194ac7:deepseek-v4-pro,deepseek-v4-pro,deepseek-v4-pro,True,
8ca631166a3def2ce9bb:deepseek-v4-pro,deepseek-v4-pro,deepseek-v4-pro,True,
c378db193b747f5f97dc:MiniMax-M3,MiniMax-M3,MiniMax-M3,True,
a3edcc988daef91b34ec:deepseek-v4-pro,deepseek-v4-pro,deepseek-v4-pro,True,
c8dda0e639d639fe41ee:glm-5.3,glm-5.3,glm-5.3,True,
42872b971f4b90afca90:deepseek-v4-pro,deepseek-v4-pro,deepseek-v4-pro,True,
982307adde37b0afc863:deepseek-v4-pro,deepseek-v4-pro,deepseek-v4-pro,True,
a07b877689d0e744ba55:glm-5.3,glm-5.3,glm-5.3,True,
f163ae68a86afcee0c8a:deepseek-v4-pro,deepseek-v4-pro,deepseek-v4-pro,True,
60c531d7f4e1ae94de54:deepseek-v4-pro,deepseek-v4-pro,deepseek-v4-pro,True,
943b5f57df1a81f3cc9c:MiniMax-M3,MiniMax-M3,MiniMax-M3,True,
e6dde8b8456b7be4b941:MiniMax-M3,MiniMax-M3,MiniMax-M3,True,
af65094612673a02d6a2:MiniMax-M3,MiniMax-M3,MiniMax-M3,True,
193c336d578da6d3a247:MiniMax-M3,MiniMax-M3,MiniMax-M3,True,
7287d128db133dcf7683:deepseek-v4-pro,deepseek-v4-pro,deepseek-v4-pro,True,
4a65bf4b239f1bb8afdc:MiniMax-M3,MiniMax-M3,MiniMax-M3,True,
fb099ffe3c8337463194:MiniMax-M3,MiniMax-M3,MiniMax-M3,True,
ba55b1c7ae49e7b10124:deepseek-v4-pro,deepseek-v4-pro,deepseek-v4-pro,True,
7ca0d952015e34baee68:MiniMax-M3,MiniMax-M3,MiniMax-M3,True,
8e1d4088b6f2854c529e:MiniMax-M3,MiniMax-M3,MiniMax-M3,True,
95c4fd7bdd45e2c1e017:MiniMax-M3,MiniMax-M3,MiniMax-M3,True,
a7c3d51a565cbb7ba6a0:glm-5.3,glm-5.3,glm-5.3,True,
b26cc8f62c9194ccf22c:glm-5.3,glm-5.3,glm-5.3,True,
1aeb414eedde4ec378b7:MiniMax-M3,MiniMax-M3,MiniMax-M3,True,
3f391ef5f654e1174144:glm-5.3,glm-5.3,glm-5.3,True,
4ce27619edf7cdc46f4d:MiniMax-M3,MiniMax-M3,MiniMax-M3,True,
41cf7dbe7593311e1eaf:glm-5.3,glm-5.3,glm-5.3,False,invalid_completion_Empty visible completion
adfe8801ac54de8e1e68:glm-5.3,glm-5.3,glm-5.3,True,
8186191cb3ee3cf7a311:MiniMax-M3,MiniMax-M3,MiniMax-M3,True,
5f47ea85547146d039c5:deepseek-v4-pro,deepseek-v4-pro,deepseek-v4-pro,True,
205bac4f8a94fbbb20a5:MiniMax-M3,MiniMax-M3,MiniMax-M3,True,
f2a9c7246d5eb27214a0:glm-5.3,glm-5.3,glm-5.3,True,
65b88573ccc0b4dce9ef:deepseek-v4-pro,deepseek-v4-pro,deepseek-v4-pro,True,
44fe699aeac4cc2c9a94:deepseek-v4-pro,deepseek-v4-pro,deepseek-v4-pro,True,
5c4b11ea16ac1d1b0f84:glm-5.3,glm-5.3,glm-5.3,True,
988363f02b5513dd83fa:MiniMax-M3,MiniMax-M3,MiniMax-M3,True,
ed43b4891b55c713d0dc:glm-5.3,glm-5.3,glm-5.3,True,
7aa6d63182f55872d507:deepseek-v4-pro,deepseek-v4-pro,deepseek-v4-pro,True,
ded077dcfe1c8bd7cae2:deepseek-v4-pro,deepseek-v4-pro,deepseek-v4-pro,True,
335e4d89971aa1b9448d:MiniMax-M3,MiniMax-M3,MiniMax-M3,True,
06b787b0effbddf63c8d:deepseek-v4-pro,deepseek-v4-pro,deepseek-v4-pro,True,
f481488f06a1451e58a3:glm-5.3,glm-5.3,glm-5.3,True,
b95d1509184f2e6d3e53:glm-5.3,glm-5.3,glm-5.3,True,
d8502d390fbd7ab7fe77:deepseek-v4-pro,deepseek-v4-pro,deepseek-v4-pro,True,
a1736ef79549d00fa865:deepseek-v4-pro,deepseek-v4-pro,deepseek-v4-pro,True,
e23c0898c2a7958baeed:deepseek-v4-pro,deepseek-v4-pro,deepseek-v4-pro,True,
22fbfc4b723ab3bd4736:MiniMax-M3,MiniMax-M3,MiniMax-M3,True,
eb7464930397d9dd8850:glm-5.3,glm-5.3,glm-5.3,True,
0258129d0be97449d053:MiniMax-M3,MiniMax-M3,MiniMax-M3,True,
94ba96f84b19e70764ee:deepseek-v4-pro,deepseek-v4-pro,deepseek-v4-pro,True,
aa057afa724e290d672a:glm-5.3,glm-5.3,glm-5.3,True,
def631c59bb283f49e72:deepseek-v4-pro,deepseek-v4-pro,deepseek-v4-pro,True,
2376e1dc35086f5305b0:deepseek-v4-pro,deepseek-v4-pro,deepseek-v4-pro,True,
8bbbd5ca5ebaf6316a92:MiniMax-M3,MiniMax-M3,MiniMax-M3,True,
7f75cab6a0a7ab8bee96:MiniMax-M3,MiniMax-M3,MiniMax-M3,True,
a998ded4b2412d79b123:glm-5.3,glm-5.3,glm-5.3,True,
2d1b45ab1ab7f2bd6211:deepseek-v4-pro,deepseek-v4-pro,deepseek-v4-pro,True,
a7deb4f753e98e5683ed:deepseek-v4-pro,deepseek-v4-pro,deepseek-v4-pro,True,
1138735117df1d816c75:glm-5.3,glm-5.3,glm-5.3,True,
b5a97b552d0d9121562c:glm-5.3,glm-5.3,glm-5.3,True,
f68285cb9a6239c3d670:deepseek-v4-pro,deepseek-v4-pro,deepseek-v4-pro,True,
22e6dc0fb31081ab23e5:MiniMax-M3,MiniMax-M3,MiniMax-M3,True,
b7c75e267274dbad3ee0:MiniMax-M3,MiniMax-M3,MiniMax-M3,True,
5bf3b819fe2385d9dc36:glm-5.3,glm-5.3,glm-5.3,True,
93dab07901b2bae0b962:MiniMax-M3,MiniMax-M3,MiniMax-M3,True,
f121445b4caf3c017bc9:MiniMax-M3,MiniMax-M3,MiniMax-M3,True,
201c14bd37a035af6089:glm-5.3,glm-5.3,glm-5.3,True,
4a65bf4b239f1bb8afdc:glm-5.3,glm-5.3,glm-5.3,True,
dd8a74260eee0babe157:deepseek-v4-pro,deepseek-v4-pro,deepseek-v4-pro,True,
bb9a1bf9ba0af3d26e23:deepseek-v4-pro,deepseek-v4-pro,deepseek-v4-pro,True,
61ea44cdb302832c5180:MiniMax-M3,MiniMax-M3,MiniMax-M3,True,
9dd7d2177c1997dcb004:glm-5.3,glm-5.3,glm-5.3,True,
08c597939a7d597ad3b4:deepseek-v4-pro,deepseek-v4-pro,deepseek-v4-pro,True,
5c702e91d3ef30773499:deepseek-v4-pro,deepseek-v4-pro,deepseek-v4-pro,True,
1af792a4b666503717d1:MiniMax-M3,MiniMax-M3,MiniMax-M3,True,
ea41511dbe7e90d26f29:MiniMax-M3,MiniMax-M3,MiniMax-M3,True,
5b8a54082a984650927b:glm-5.3,glm-5.3,glm-5.3,True,
b36fcd9f2966254c0531:MiniMax-M3,MiniMax-M3,MiniMax-M3,True,
e271d38186362da65f2f:glm-5.3,glm-5.3,glm-5.3,True,
cb0d5668c677d9d6f954:MiniMax-M3,MiniMax-M3,MiniMax-M3,True,
c092671a6ffe267184eb:MiniMax-M3,MiniMax-M3,MiniMax-M3,True,
6887ac5807ffa25b4f93:MiniMax-M3,MiniMax-M3,MiniMax-M3,True,
de89024d02e205d9e130:MiniMax-M3,MiniMax-M3,MiniMax-M3,True,
80503a50d38fa8c906db:glm-5.3,glm-5.3,glm-5.3,True,
430b6c6f5556f5831e0c:glm-5.3,glm-5.3,glm-5.3,True,
9b900726a1f9afd27ab3:MiniMax-M3,MiniMax-M3,MiniMax-M3,True,
e84e2aa10296955524f1:MiniMax-M3,MiniMax-M3,MiniMax-M3,True,
921dc7d9301bacdfc75f:deepseek-v4-pro,deepseek-v4-pro,deepseek-v4-pro,True,
7a82dafb2ebddad00445:glm-5.3,glm-5.3,glm-5.3,True,
013874c8c9476bc4020b:MiniMax-M3,MiniMax-M3,MiniMax-M3,True,
6ec573b1dddcc3fafaab:glm-5.3,glm-5.3,glm-5.3,True,
eb7464930397d9dd8850:deepseek-v4-pro,deepseek-v4-pro,deepseek-v4-pro,True,
8a298139559199721ad3:MiniMax-M3,MiniMax-M3,MiniMax-M3,True,
6a75fc7dba50f9083bf8:deepseek-v4-pro,deepseek-v4-pro,deepseek-v4-pro,True,
029d413ef2cb2604062c:MiniMax-M3,MiniMax-M3,MiniMax-M3,True,
2dc611bb747dada033ba:deepseek-v4-pro,deepseek-v4-pro,deepseek-v4-pro,True,
a7e1425d675df5169a55:glm-5.3,glm-5.3,glm-5.3,True,
debc2c66dceaf544a2a3:MiniMax-M3,MiniMax-M3,MiniMax-M3,True,
93ba0db4f22d51767e2e:deepseek-v4-pro,deepseek-v4-pro,deepseek-v4-pro,True,
f09bb5cb88483cf34f4a:deepseek-v4-pro,deepseek-v4-pro,deepseek-v4-pro,True,
329157e23adec2693750:MiniMax-M3,MiniMax-M3,MiniMax-M3,True,
5c8ce526fc0661e182c5:glm-5.3,glm-5.3,glm-5.3,True,
cb053b567cc2b721f937:glm-5.3,glm-5.3,glm-5.3,True,
3dbcdd39ca0290e4f756:deepseek-v4-pro,deepseek-v4-pro,deepseek-v4-pro,True,
09c22fe93edf6c3f6591:MiniMax-M3,MiniMax-M3,MiniMax-M3,True,
1b53b51151290eb0327f:MiniMax-M3,MiniMax-M3,MiniMax-M3,True,
63e21d08b1eccefcde58:glm-5.3,glm-5.3,glm-5.3,True,
e03e9095e3e6dd51dfa2:deepseek-v4-pro,deepseek-v4-pro,deepseek-v4-pro,True,
fc7524752d04928fe3d7:deepseek-v4-pro,deepseek-v4-pro,deepseek-v4-pro,True,
0a9a58dd93ee7390fb10:glm-5.3,glm-5.3,glm-5.3,True,
51d00bf1805dd9204538:deepseek-v4-pro,deepseek-v4-pro,deepseek-v4-pro,True,
ea4df5f42a48bb736f7b:glm-5.3,glm-5.3,glm-5.3,True,
7392b20ba5ec65476439:deepseek-v4-pro,deepseek-v4-pro,deepseek-v4-pro,True,
a2e43b88502e38f76e19:MiniMax-M3,MiniMax-M3,MiniMax-M3,True,
470ddf73ee48fd59fb5d:MiniMax-M3,MiniMax-M3,MiniMax-M3,True,
81184bb59469bfe58cea:deepseek-v4-pro,deepseek-v4-pro,deepseek-v4-pro,True,
2f1cded5d23573392a9a:MiniMax-M3,MiniMax-M3,MiniMax-M3,True,
d9d3cd5f07cfcc2c2be1:MiniMax-M3,MiniMax-M3,MiniMax-M3,True,
886b594d6983354764ec:MiniMax-M3,MiniMax-M3,MiniMax-M3,True,
33a437aebe5c692c1b78:deepseek-v4-pro,deepseek-v4-pro,deepseek-v4-pro,True,
85cc4ce6c7320e9b78ce:glm-5.3,glm-5.3,glm-5.3,True,
914bc4de9d85f9cd4c9e:MiniMax-M3,MiniMax-M3,MiniMax-M3,True,
92e5d408768d892d3dd6:MiniMax-M3,MiniMax-M3,MiniMax-M3,True,
06218a8489b41247cc2c:MiniMax-M3,MiniMax-M3,MiniMax-M3,True,
82fbcacb7677c14ad89c:MiniMax-M3,MiniMax-M3,MiniMax-M3,True,
ceeb2923359982b6df15:glm-5.3,glm-5.3,glm-5.3,True,
98672ea0e1bdd88cc87a:MiniMax-M3,MiniMax-M3,MiniMax-M3,True,
1cdcd9909d9ed52324e1:glm-5.3,glm-5.3,glm-5.3,True,
83d2769bf474756a6651:glm-5.3,glm-5.3,glm-5.3,True,
b2fe78f890036101917c:MiniMax-M3,MiniMax-M3,MiniMax-M3,True,
4a55d7cb0e07084e76d3:glm-5.3,glm-5.3,glm-5.3,True,
7bcc80026bdd9d264e53:glm-5.3,glm-5.3,glm-5.3,True,
fd2eca55bf5123c5c0e6:glm-5.3,glm-5.3,glm-5.3,True,
2c3ed94e8c854305f361:glm-5.3,glm-5.3,glm-5.3,True,
4b1dec86b7f3accb0bb2:MiniMax-M3,MiniMax-M3,MiniMax-M3,True,
c6337fecc65b403b1629:MiniMax-M3,MiniMax-M3,MiniMax-M3,True,
ee9b6b0cc8d5d660dedc:MiniMax-M3,MiniMax-M3,MiniMax-M3,True,
6a3098d537ba43cec495:glm-5.3,glm-5.3,glm-5.3,True,
9bd98a30eea7a721f591:glm-5.3,glm-5.3,glm-5.3,True,
dace5384070b25aedb6e:MiniMax-M3,MiniMax-M3,MiniMax-M3,True,
d6e8b9c36f578a520464:glm-5.3,glm-5.3,glm-5.3,True,
4fbe1cf7242ec016a100:deepseek-v4-pro,deepseek-v4-pro,deepseek-v4-pro,True,
4bfc921faa51df2fbcb4:MiniMax-M3,MiniMax-M3,MiniMax-M3,True,
11e68479c59882cccf42:MiniMax-M3,MiniMax-M3,MiniMax-M3,True,
d4cc666732be3cb2f2bc:deepseek-v4-pro,deepseek-v4-pro,deepseek-v4-pro,True,
f23436d0587ca623d799:MiniMax-M3,MiniMax-M3,MiniMax-M3,True,
cf56f2fdb55c58732e94:deepseek-v4-pro,deepseek-v4-pro,deepseek-v4-pro,True,
4b741e6fc0692f43320a:MiniMax-M3,MiniMax-M3,MiniMax-M3,True,
ebe4a0e26f1aa86d3a8c:deepseek-v4-pro,deepseek-v4-pro,deepseek-v4-pro,True,
25a73f1d6c754cf199c8:glm-5.3,glm-5.3,glm-5.3,True,
b5391ff5d5a8226070c6:glm-5.3,glm-5.3,glm-5.3,True,
b05c11d7fc1070323aa1:deepseek-v4-pro,deepseek-v4-pro,deepseek-v4-pro,True,
7c2c39675c11f6acef01:glm-5.3,glm-5.3,glm-5.3,True,
929f83f64ded7ecc5e84:glm-5.3,glm-5.3,glm-5.3,True,
ef421cff542ff05240a6:glm-5.3,glm-5.3,glm-5.3,True,
3f6719795d64f7057a9b:MiniMax-M3,MiniMax-M3,MiniMax-M3,True,
ebf5c3f353fd7337527d:MiniMax-M3,MiniMax-M3,MiniMax-M3,True,
41ea84ecfed06ed733e1:deepseek-v4-pro,deepseek-v4-pro,deepseek-v4-pro,True,
dfe2c8f977c9b1ff1339:MiniMax-M3,MiniMax-M3,MiniMax-M3,True,
4c917a2f84ae8f0aed26:MiniMax-M3,MiniMax-M3,MiniMax-M3,True,
d924bbcaaa9c30f17e31:glm-5.3,glm-5.3,glm-5.3,True,
e7f6afea32f80117aed6:glm-5.3,glm-5.3,glm-5.3,True,
0a8e8bfb2651ca4e8f69:MiniMax-M3,MiniMax-M3,MiniMax-M3,True,
ed6ab662ff6b830833a5:MiniMax-M3,MiniMax-M3,MiniMax-M3,True,
cc8d14a2997a67532aba:glm-5.3,glm-5.3,glm-5.3,True,
99968e13ae2871384fa8:glm-5.3,glm-5.3,glm-5.3,True,
1224ccfe52e3b26cc12d:glm-5.3,glm-5.3,glm-5.3,True,
d25459c00cd026481b12:glm-5.3,glm-5.3,glm-5.3,True,
5acaa266866f8f01d974:deepseek-v4-pro,deepseek-v4-pro,deepseek-v4-pro,True,
eebe7236ce44f4a03437:glm-5.3,glm-5.3,glm-5.3,True,
d252623ebe5036df68cc:glm-5.3,glm-5.3,glm-5.3,True,
7c7a596970c815a9cc14:MiniMax-M3,MiniMax-M3,MiniMax-M3,True,
1597bc467426358e0e2b:MiniMax-M3,MiniMax-M3,MiniMax-M3,True,
3f343806f620b75e5199:deepseek-v4-pro,deepseek-v4-pro,deepseek-v4-pro,True,
1444bef604aef31f46d4:glm-5.3,glm-5.3,glm-5.3,True,
8255420cdd21f3cf16dc:glm-5.3,glm-5.3,glm-5.3,True,
23d4d3e679f49baccaf0:deepseek-v4-pro,deepseek-v4-pro,deepseek-v4-pro,True,
9f07757a1ecd8169d29e:deepseek-v4-pro,deepseek-v4-pro,deepseek-v4-pro,True,
73f545322ee6f5f93602:MiniMax-M3,MiniMax-M3,MiniMax-M3,True,
ba07883211045daf8f40:deepseek-v4-pro,deepseek-v4-pro,deepseek-v4-pro,True,
c39934c4edf638ea41a0:MiniMax-M3,MiniMax-M3,MiniMax-M3,True,
b701cf3dbecf8228b0eb:glm-5.3,glm-5.3,glm-5.3,True,
16b8d907400ab736b53a:glm-5.3,glm-5.3,glm-5.3,True,
c31185cc743496491755:glm-5.3,glm-5.3,glm-5.3,True,
d83358ddefacc28a81e7:deepseek-v4-pro,deepseek-v4-pro,deepseek-v4-pro,True,
0f2d0fe3fbed6151798f:deepseek-v4-pro,deepseek-v4-pro,deepseek-v4-pro,True,
6bdea3b91cd98de7710e:glm-5.3,glm-5.3,glm-5.3,True,
77b7e40a77a157cccd75:glm-5.3,glm-5.3,glm-5.3,True,
27b8048ba7547b74e4d2:deepseek-v4-pro,deepseek-v4-pro,deepseek-v4-pro,True,
fefa9a1a490506d02c07:deepseek-v4-pro,deepseek-v4-pro,deepseek-v4-pro,True,
2e7b265e44c866d6a435:glm-5.3,glm-5.3,glm-5.3,True,
e5bef8c66673f7caefcc:deepseek-v4-pro,deepseek-v4-pro,deepseek-v4-pro,True,
64aadb6131d4a9fc9642:deepseek-v4-pro,deepseek-v4-pro,deepseek-v4-pro,True,
8eacc0a0e45e754763a6:deepseek-v4-pro,deepseek-v4-pro,deepseek-v4-pro,True,
07a064354f324d3d10f3:glm-5.3,glm-5.3,glm-5.3,True,
d009850fc823a1e461a7:MiniMax-M3,MiniMax-M3,MiniMax-M3,True,
fca1fcdade36b5b5d25f:glm-5.3,glm-5.3,glm-5.3,True,
09e81cebfdea4e58c9b7:glm-5.3,glm-5.3,glm-5.3,True,
accbeae5328c0967e19f:MiniMax-M3,MiniMax-M3,MiniMax-M3,True,
6aac22cc283e09a771c3:glm-5.3,glm-5.3,glm-5.3,True,
e351149db666a835e368:deepseek-v4-pro,deepseek-v4-pro,deepseek-v4-pro,True,
732be463a186cee07646:deepseek-v4-pro,deepseek-v4-pro,deepseek-v4-pro,True,
31f52123aafcb1d0518d:glm-5.3,glm-5.3,glm-5.3,True,
b29f675a2bc01457c4cb:MiniMax-M3,MiniMax-M3,MiniMax-M3,True,
165d3aa0b73156bb238d:glm-5.3,glm-5.3,glm-5.3,False,invalid_completion_Empty visible completion
922a30788dc6ee419f3a:glm-5.3,glm-5.3,glm-5.3,True,
f2eee33ae308ac8a9902:MiniMax-M3,MiniMax-M3,MiniMax-M3,True,
c8d5983eccee14f70319:deepseek-v4-pro,deepseek-v4-pro,deepseek-v4-pro,True,
b5814c4b3993d11ecc15:MiniMax-M3,MiniMax-M3,MiniMax-M3,True,
07c401a13a59e87c3b7b:glm-5.3,glm-5.3,glm-5.3,True,
a1c94ab0449f0fdea759:deepseek-v4-pro,deepseek-v4-pro,deepseek-v4-pro,True,
50326a2b80a40bbc4b8e:MiniMax-M3,MiniMax-M3,MiniMax-M3,True,
17e0ff383662c99d8f86:deepseek-v4-pro,deepseek-v4-pro,deepseek-v4-pro,True,
4a55d7cb0e07084e76d3:deepseek-v4-pro,deepseek-v4-pro,deepseek-v4-pro,True,
55ee77cb3eee52bb2001:deepseek-v4-pro,deepseek-v4-pro,deepseek-v4-pro,True,
e44f97e77e8781ac5080:deepseek-v4-pro,deepseek-v4-pro,deepseek-v4-pro,True,
0ff5cd2fe2eb12c4de90:glm-5.3,glm-5.3,glm-5.3,True,
839d8e235cb31673648b:deepseek-v4-pro,deepseek-v4-pro,deepseek-v4-pro,True,
6d5c0d8375b2448f3135:glm-5.3,glm-5.3,glm-5.3,True,
c73cbba7cde93cadef1c:deepseek-v4-pro,deepseek-v4-pro,deepseek-v4-pro,True,
efeb89efed30e70a059b:glm-5.3,glm-5.3,glm-5.3,True,
af7455d188a90fd51e86:glm-5.3,glm-5.3,glm-5.3,True,
e930c57c6b6f21b96aba:glm-5.3,glm-5.3,glm-5.3,True,
577d428239bb878dab7e:glm-5.3,glm-5.3,glm-5.3,True,
b46fd7f75cf9628d4123:MiniMax-M3,MiniMax-M3,MiniMax-M3,True,
3c8bddb278bfb0eabbab:MiniMax-M3,MiniMax-M3,MiniMax-M3,True,
b261e9a4b53ba14d8c07:glm-5.3,glm-5.3,glm-5.3,True,
65104380be05e41a4b32:MiniMax-M3,MiniMax-M3,MiniMax-M3,True,
bbbdafc02c4a8d5b8210:MiniMax-M3,MiniMax-M3,MiniMax-M3,True,
26aa809cc4e4167cfcb1:deepseek-v4-pro,deepseek-v4-pro,deepseek-v4-pro,True,
b16dc7e07444281e679d:glm-5.3,glm-5.3,glm-5.3,True,
9b563c42ad4301a111a7:glm-5.3,glm-5.3,glm-5.3,True,
7fb13df4f5bf0d853b76:glm-5.3,glm-5.3,glm-5.3,True,
4a65bf4b239f1bb8afdc:deepseek-v4-pro,deepseek-v4-pro,deepseek-v4-pro,True,
9be5e0ca00bf8a39f0b0:deepseek-v4-pro,deepseek-v4-pro,deepseek-v4-pro,True,
fca1fcdade36b5b5d25f:MiniMax-M3,MiniMax-M3,MiniMax-M3,True,
4bdd7e07eef54a06059e:glm-5.3,glm-5.3,glm-5.3,True,
a4a78a1a9958da320461:MiniMax-M3,MiniMax-M3,MiniMax-M3,True,
89bb3ff8173d327f94ac:glm-5.3,glm-5.3,glm-5.3,True,
82e4470cecd1c5797e12:glm-5.3,glm-5.3,glm-5.3,True,
ce0d7fc2ab00afd3dc47:deepseek-v4-pro,deepseek-v4-pro,deepseek-v4-pro,True,
9511afe45114f97dbe1b:deepseek-v4-pro,deepseek-v4-pro,deepseek-v4-pro,True,
4a644bedc5f5133f2ee9:deepseek-v4-pro,deepseek-v4-pro,deepseek-v4-pro,True,
e84e2aa10296955524f1:glm-5.3,glm-5.3,glm-5.3,True,
fec967bdc09a6c30c01b:MiniMax-M3,MiniMax-M3,MiniMax-M3,True,
9e80e5747f0e8c861889:deepseek-v4-pro,deepseek-v4-pro,deepseek-v4-pro,True,
d4486989e82821f64ecb:MiniMax-M3,MiniMax-M3,MiniMax-M3,True,
42a6e5a2231afc61b8e9:MiniMax-M3,MiniMax-M3,MiniMax-M3,True,
bf440b8a2271cba0dd14:glm-5.3,glm-5.3,glm-5.3,True,
353e88e98341ceb78bbe:glm-5.3,glm-5.3,glm-5.3,True,
907011cc08aa9fb8f1c8:deepseek-v4-pro,deepseek-v4-pro,deepseek-v4-pro,True,
e1afa48305ed5b704fbf:MiniMax-M3,MiniMax-M3,MiniMax-M3,True,
affba9cab28d820941a5:MiniMax-M3,MiniMax-M3,MiniMax-M3,True,
a7f64d0665b93daa0e8c:deepseek-v4-pro,deepseek-v4-pro,deepseek-v4-pro,True,
8f5a90022b7313c8db53:MiniMax-M3,MiniMax-M3,MiniMax-M3,True,
8cbe24a7a0a1da150944:deepseek-v4-pro,deepseek-v4-pro,deepseek-v4-pro,True,
b1a4e01629d1498d0437:deepseek-v4-pro,deepseek-v4-pro,deepseek-v4-pro,True,
b95d1509184f2e6d3e53:deepseek-v4-pro,deepseek-v4-pro,deepseek-v4-pro,True,
3cbbe3a0b9d3a8847153:MiniMax-M3,MiniMax-M3,MiniMax-M3,True,
c59ec1f4c53e4ad9bc5b:MiniMax-M3,MiniMax-M3,MiniMax-M3,True,
7a82ca318f244a54fe72:deepseek-v4-pro,deepseek-v4-pro,deepseek-v4-pro,True,
661b77a03c553f7ef7d4:glm-5.3,glm-5.3,glm-5.3,True,
bff3d552c24720f2ae24:deepseek-v4-pro,deepseek-v4-pro,deepseek-v4-pro,True,
bce0b9abc4de62e8c0fe:deepseek-v4-pro,deepseek-v4-pro,deepseek-v4-pro,True,
47ba4003a64b30405081:glm-5.3,glm-5.3,glm-5.3,True,
839b101a30a66eca84bb:MiniMax-M3,MiniMax-M3,MiniMax-M3,True,
3c22fd3a8ece21c4454d:MiniMax-M3,MiniMax-M3,MiniMax-M3,True,
aab7f48dd454cd22ff6f:MiniMax-M3,MiniMax-M3,MiniMax-M3,True,
f924f44182c5670856be:glm-5.3,glm-5.3,glm-5.3,True,
f016d8e1fd338ce29886:deepseek-v4-pro,deepseek-v4-pro,deepseek-v4-pro,True,
2386089112e16615c49a:glm-5.3,glm-5.3,glm-5.3,True,
d707a0e42b545df8ca11:glm-5.3,glm-5.3,glm-5.3,True,
6074755dd70d66bde927:MiniMax-M3,MiniMax-M3,MiniMax-M3,True,
8a029f57a956ef7b0717:glm-5.3,glm-5.3,glm-5.3,True,
2fd9dfd05313630da17a:deepseek-v4-pro,deepseek-v4-pro,deepseek-v4-pro,True,
6513077c0e2165cb1e09:deepseek-v4-pro,deepseek-v4-pro,deepseek-v4-pro,True,
62df265732701a20305c:deepseek-v4-pro,deepseek-v4-pro,deepseek-v4-pro,True,
abcc742bfd01f1e23024:glm-5.3,glm-5.3,glm-5.3,True,
c1b85c481a5c96016ec3:deepseek-v4-pro,deepseek-v4-pro,deepseek-v4-pro,True,
55dd924ffbc4a3441c0a:deepseek-v4-pro,deepseek-v4-pro,deepseek-v4-pro,True,
af7def8cc41abca45307:deepseek-v4-pro,deepseek-v4-pro,deepseek-v4-pro,True,
ad16d198cbcdcaad6d2c:deepseek-v4-pro,deepseek-v4-pro,deepseek-v4-pro,True,
300dbb73573d2d442e93:glm-5.3,glm-5.3,glm-5.3,True,
eedce7d34f08d08314fc:glm-5.3,glm-5.3,glm-5.3,True,
f0eb014da3dba6ff9cb7:deepseek-v4-pro,deepseek-v4-pro,deepseek-v4-pro,True,
675d63328b775100fc4c:glm-5.3,glm-5.3,glm-5.3,True,
c3410352f80ae7db5e8c:glm-5.3,glm-5.3,glm-5.3,True,
47b76a4b4fab1320ae37:MiniMax-M3,MiniMax-M3,MiniMax-M3,True,
b2d0ba319667562d1590:deepseek-v4-pro,deepseek-v4-pro,deepseek-v4-pro,True,
7e45ebecf57ad4c212f6:MiniMax-M3,MiniMax-M3,MiniMax-M3,True,
12d0e098744940906d15:deepseek-v4-pro,deepseek-v4-pro,deepseek-v4-pro,True,
33204b9d1c418329bf9c:MiniMax-M3,MiniMax-M3,MiniMax-M3,True,
cbc8ef3d9a5e661502d8:MiniMax-M3,MiniMax-M3,MiniMax-M3,True,
db10935098febbe44d0f:glm-5.3,glm-5.3,glm-5.3,True,
69fa2748690a5a7f0298:glm-5.3,glm-5.3,glm-5.3,True,
bb79fb47c7afd0f59688:MiniMax-M3,MiniMax-M3,MiniMax-M3,True,
dff536111d1beef969a7:MiniMax-M3,MiniMax-M3,MiniMax-M3,True,
d47a455b63e110fe1e76:glm-5.3,glm-5.3,glm-5.3,True,
bff3d552c24720f2ae24:MiniMax-M3,MiniMax-M3,MiniMax-M3,True,
e6913ba61f6e869f2078:glm-5.3,glm-5.3,glm-5.3,True,
f4676c06d2a10c5c9381:glm-5.3,glm-5.3,glm-5.3,True,
ebc24c31df6de28773ef:glm-5.3,glm-5.3,glm-5.3,True,
2ee712d9bdfab5694017:MiniMax-M3,MiniMax-M3,MiniMax-M3,True,
ba5387692ec25af57868:deepseek-v4-pro,deepseek-v4-pro,deepseek-v4-pro,True,
35544d12860f385f3609:MiniMax-M3,MiniMax-M3,MiniMax-M3,True,
18f621d9130f672c44dc:glm-5.3,glm-5.3,glm-5.3,True,
5a2855f27e9c9acd941d:MiniMax-M3,MiniMax-M3,MiniMax-M3,True,
7cf857606b0a2132b222:MiniMax-M3,MiniMax-M3,MiniMax-M3,True,
7a2f75cc9818f2cf9636:glm-5.3,glm-5.3,glm-5.3,True,
a048064fe21c55290bba:MiniMax-M3,MiniMax-M3,MiniMax-M3,True,
68d97fd363ce2a08d57f:MiniMax-M3,MiniMax-M3,MiniMax-M3,True,
6cbb1a9d1d8eb8723c01:deepseek-v4-pro,deepseek-v4-pro,deepseek-v4-pro,True,
a993ca3bc38bbd9554a1:deepseek-v4-pro,deepseek-v4-pro,deepseek-v4-pro,True,
b473ad76188890264a30:glm-5.3,glm-5.3,glm-5.3,True,
420abfc66a19d2324c49:deepseek-v4-pro,deepseek-v4-pro,deepseek-v4-pro,True,
3beadf05e80f10f4f706:MiniMax-M3,MiniMax-M3,MiniMax-M3,True,
429d6de82b3d812d0715:glm-5.3,glm-5.3,glm-5.3,True,
b6154c2c6a6dda116b59:deepseek-v4-pro,deepseek-v4-pro,deepseek-v4-pro,True,
c9660f654b511f8d4343:deepseek-v4-pro,deepseek-v4-pro,deepseek-v4-pro,True,
f655da98f53f49d14f00:deepseek-v4-pro,deepseek-v4-pro,deepseek-v4-pro,True,
268033a7079bcc328dbf:MiniMax-M3,MiniMax-M3,MiniMax-M3,True,
751e43aadc830420e394:deepseek-v4-pro,deepseek-v4-pro,deepseek-v4-pro,True,
640af06701a585563c45:MiniMax-M3,MiniMax-M3,MiniMax-M3,True,
186c9fd6b9f504f07650:glm-5.3,glm-5.3,glm-5.3,True,
93848d2d7194af0c0540:MiniMax-M3,MiniMax-M3,MiniMax-M3,True,
639e2e3a217eefc5fd57:glm-5.3,glm-5.3,glm-5.3,True,
ca9d9d68a0e7f32e1312:MiniMax-M3,MiniMax-M3,MiniMax-M3,True,
e184924764a70e4b3086:MiniMax-M3,MiniMax-M3,MiniMax-M3,True,
b36fcd9f2966254c0531:deepseek-v4-pro,deepseek-v4-pro,deepseek-v4-pro,True,
be90d4e1ccadf2f11df4:MiniMax-M3,MiniMax-M3,MiniMax-M3,True,
0d09e636be3dd4eccdf7:deepseek-v4-pro,deepseek-v4-pro,deepseek-v4-pro,True,
ddeb9bd412d1f5962d7a:MiniMax-M3,MiniMax-M3,MiniMax-M3,True,
0bc2a1758545988c8317:MiniMax-M3,MiniMax-M3,MiniMax-M3,True,
2150159ea1a9103d8621:MiniMax-M3,MiniMax-M3,MiniMax-M3,True,
ae61244473108302b5dd:MiniMax-M3,MiniMax-M3,MiniMax-M3,True,
b792f9d8acf1256ab7d5:deepseek-v4-pro,deepseek-v4-pro,deepseek-v4-pro,True,
7b48b8341b45ab4400d7:deepseek-v4-pro,deepseek-v4-pro,deepseek-v4-pro,True,
358dd1e5aa2bc85d2f61:MiniMax-M3,MiniMax-M3,MiniMax-M3,True,
607402601cee68915812:glm-5.3,glm-5.3,glm-5.3,True,
e7816522cba3512ab21d:MiniMax-M3,MiniMax-M3,MiniMax-M3,True,
9a155c401e31b403d41d:deepseek-v4-pro,deepseek-v4-pro,deepseek-v4-pro,True,
600182dff2dc656cab24:deepseek-v4-pro,deepseek-v4-pro,deepseek-v4-pro,True,
b6b7479e5cd77e6e680c:MiniMax-M3,MiniMax-M3,MiniMax-M3,True,
29943e6cf4c3fb516b50:MiniMax-M3,MiniMax-M3,MiniMax-M3,True,
b29a601d0deb02843159:MiniMax-M3,MiniMax-M3,MiniMax-M3,True,
6eb81d9fa710699c5b70:deepseek-v4-pro,deepseek-v4-pro,deepseek-v4-pro,True,
abdf95744d26dacbe25d:MiniMax-M3,MiniMax-M3,MiniMax-M3,True,
0da86d896699049bfcd1:deepseek-v4-pro,deepseek-v4-pro,deepseek-v4-pro,True,
67d6df61a3dcdacea8ae:glm-5.3,glm-5.3,glm-5.3,True,
87b0d1f2ff9de6e9630b:glm-5.3,glm-5.3,glm-5.3,True,
264296f99e7bcca54c18:MiniMax-M3,MiniMax-M3,MiniMax-M3,True,
d084e4d6fb57826f61e6:glm-5.3,glm-5.3,glm-5.3,True,
c3f66b7d1eb9836ca3e1:deepseek-v4-pro,deepseek-v4-pro,deepseek-v4-pro,True,
910f53ac6d7247cbd031:MiniMax-M3,MiniMax-M3,MiniMax-M3,True,
6b1f2e402753821bc553:deepseek-v4-pro,deepseek-v4-pro,deepseek-v4-pro,True,
f2dd1995f32fafa1aac6:glm-5.3,glm-5.3,glm-5.3,True,
fd17836fdb2d5e75cba9:glm-5.3,glm-5.3,glm-5.3,True,
eb11ee0a8a2a56a975cf:MiniMax-M3,MiniMax-M3,MiniMax-M3,True,
84b67d683d7c1b3fcd79:deepseek-v4-pro,deepseek-v4-pro,deepseek-v4-pro,True,
395e16d4c90bc9d28a8a:glm-5.3,glm-5.3,glm-5.3,True,
640af06701a585563c45:glm-5.3,glm-5.3,glm-5.3,True,
4e610010a51299b84a38:glm-5.3,glm-5.3,glm-5.3,True,
0b04092a46bafcd792f9:glm-5.3,glm-5.3,glm-5.3,True,
3f4033cab4f92dea5f2c:glm-5.3,glm-5.3,glm-5.3,True,
092c66316260ed94277c:deepseek-v4-pro,deepseek-v4-pro,deepseek-v4-pro,True,
ba3aa650ecc52367e185:glm-5.3,glm-5.3,glm-5.3,True,
adb8324692f01eadf642:deepseek-v4-pro,deepseek-v4-pro,deepseek-v4-pro,True,
e40c6f9ec1357fc6966b:glm-5.3,glm-5.3,glm-5.3,True,
de653c877f7b3e90b2a1:deepseek-v4-pro,deepseek-v4-pro,deepseek-v4-pro,True,
8aaf44a51c51b522d3fe:glm-5.3,glm-5.3,glm-5.3,True,
bc900fb176b0cd11be0e:MiniMax-M3,MiniMax-M3,MiniMax-M3,True,
61066c0e7258ab513b85:MiniMax-M3,MiniMax-M3,MiniMax-M3,True,
822239ceb002ba9e306e:deepseek-v4-pro,deepseek-v4-pro,deepseek-v4-pro,True,
b452b47f9ae7679dcef5:MiniMax-M3,MiniMax-M3,MiniMax-M3,True,
9ddd81e34704f3447934:deepseek-v4-pro,deepseek-v4-pro,deepseek-v4-pro,True,
eb5accfa677bf9723b30:glm-5.3,glm-5.3,glm-5.3,True,
d1d5175f299a3f351995:glm-5.3,glm-5.3,glm-5.3,True,
15ed46959207d4638181:glm-5.3,glm-5.3,glm-5.3,True,
327de3778209f60c92b6:deepseek-v4-pro,deepseek-v4-pro,deepseek-v4-pro,True,
c7a082d6e7763e2b0820:glm-5.3,glm-5.3,glm-5.3,True,
1657eb309188e7e1db26:deepseek-v4-pro,deepseek-v4-pro,deepseek-v4-pro,True,
327de7a17d8abb4407f3:MiniMax-M3,MiniMax-M3,MiniMax-M3,True,
0bc538e1693a03d3c816:deepseek-v4-pro,deepseek-v4-pro,deepseek-v4-pro,True,
32d8c7d509d3e4233439:MiniMax-M3,MiniMax-M3,MiniMax-M3,True,
9081f20e5ac8fe28127e:deepseek-v4-pro,deepseek-v4-pro,deepseek-v4-pro,True,
78e86e647259378e6671:MiniMax-M3,MiniMax-M3,MiniMax-M3,True,
5de9d571e6a9ee47ac87:MiniMax-M3,MiniMax-M3,MiniMax-M3,True,
ab7b8f6e158817516094:glm-5.3,glm-5.3,glm-5.3,True,
ca740c36c9c2e46ea9fc:deepseek-v4-pro,deepseek-v4-pro,deepseek-v4-pro,True,
bbf0d9372d2e3861089f:deepseek-v4-pro,deepseek-v4-pro,deepseek-v4-pro,True,
3ab8cad771061ce33dd1:MiniMax-M3,MiniMax-M3,MiniMax-M3,True,
8c7cc8522a3a9811d97b:glm-5.3,glm-5.3,glm-5.3,True,
f3b47f7d1883e7816cd3:deepseek-v4-pro,deepseek-v4-pro,deepseek-v4-pro,True,
8d77000d3388b260f2cc:glm-5.3,glm-5.3,glm-5.3,True,
29160f3e81b5d5fe9523:MiniMax-M3,MiniMax-M3,MiniMax-M3,True,
ac2ead4a938e527715cf:glm-5.3,glm-5.3,glm-5.3,True,
372f350958a23d84a006:deepseek-v4-pro,deepseek-v4-pro,deepseek-v4-pro,True,
acc95eb37c87eccd89b3:deepseek-v4-pro,deepseek-v4-pro,deepseek-v4-pro,True,
9278fc86a7d05a7598cd:MiniMax-M3,MiniMax-M3,MiniMax-M3,True,
3d69800f39f4dba21af4:deepseek-v4-pro,deepseek-v4-pro,deepseek-v4-pro,True,
ea097e55e41dd3ded837:deepseek-v4-pro,deepseek-v4-pro,deepseek-v4-pro,True,
15330e57d5d98143ed0d:MiniMax-M3,MiniMax-M3,MiniMax-M3,True,
da8dd16da063feb8fb71:MiniMax-M3,MiniMax-M3,MiniMax-M3,True,
597a48fc5700148cb705:MiniMax-M3,MiniMax-M3,MiniMax-M3,True,
2783ef46118972db9215:MiniMax-M3,MiniMax-M3,MiniMax-M3,True,
d45752e5cdf3ccaa55f5:MiniMax-M3,MiniMax-M3,MiniMax-M3,True,
cd63caca41e6ccd04e6f:glm-5.3,glm-5.3,glm-5.3,True,
344289d95038b38620c0:glm-5.3,glm-5.3,glm-5.3,True,
7b254a8ec2c8c6b8fb8f:deepseek-v4-pro,deepseek-v4-pro,deepseek-v4-pro,True,
4ddcd31601c74396002e:glm-5.3,glm-5.3,glm-5.3,True,
78c7f9bd85eaf03ceecc:glm-5.3,glm-5.3,glm-5.3,True,
090b1187cb6c8f658085:deepseek-v4-pro,deepseek-v4-pro,deepseek-v4-pro,True,
291001f780bf49c191e0:MiniMax-M3,MiniMax-M3,MiniMax-M3,True,
a7ce5945394211606b4c:deepseek-v4-pro,deepseek-v4-pro,deepseek-v4-pro,True,
dcaa96a726ceda40ef52:glm-5.3,glm-5.3,glm-5.3,True,
569560a1386c8156a3a6:glm-5.3,glm-5.3,glm-5.3,True,
876fa475344c2455dde0:MiniMax-M3,MiniMax-M3,MiniMax-M3,True,
f4ee20ce62fb3307241f:glm-5.3,glm-5.3,glm-5.3,True,
97c4f15604c9b4793cc2:MiniMax-M3,MiniMax-M3,MiniMax-M3,True,
064d7768f48e06bffd0e:MiniMax-M3,MiniMax-M3,MiniMax-M3,True,
660d0bdd84c288d64b95:deepseek-v4-pro,deepseek-v4-pro,deepseek-v4-pro,True,
b4ab2c0277f015a2ad18:deepseek-v4-pro,deepseek-v4-pro,deepseek-v4-pro,True,
ccdf0f2548e8f10fcad9:glm-5.3,glm-5.3,glm-5.3,True,
2d7649eda8fa520cc8ed:deepseek-v4-pro,deepseek-v4-pro,deepseek-v4-pro,True,
3bc8e0faada2270791a6:deepseek-v4-pro,deepseek-v4-pro,deepseek-v4-pro,True,
080795a5244cc35e1574:glm-5.3,glm-5.3,glm-5.3,True,
e7806321f0e3bf74d349:glm-5.3,glm-5.3,glm-5.3,True,
7bf5b70f5b5195e3ac0d:glm-5.3,glm-5.3,glm-5.3,True,
6a1edd9c115cbd21fc03:glm-5.3,glm-5.3,glm-5.3,True,
326b8806a05baa8fef23:MiniMax-M3,MiniMax-M3,MiniMax-M3,True,
0c3487106de16358eade:MiniMax-M3,MiniMax-M3,MiniMax-M3,True,
08255953667528730f03:glm-5.3,glm-5.3,glm-5.3,True,
ca894ff205a8684a66be:MiniMax-M3,MiniMax-M3,MiniMax-M3,True,
af7def8cc41abca45307:glm-5.3,glm-5.3,glm-5.3,True,
ed8397f6a67bff369c24:MiniMax-M3,MiniMax-M3,MiniMax-M3,True,
3860a5bbd4a1b5bc63c0:deepseek-v4-pro,deepseek-v4-pro,deepseek-v4-pro,True,
886b594d6983354764ec:glm-5.3,glm-5.3,glm-5.3,True,
5b86883f68e908c8e7a1:deepseek-v4-pro,deepseek-v4-pro,deepseek-v4-pro,True,
65b88573ccc0b4dce9ef:MiniMax-M3,MiniMax-M3,MiniMax-M3,True,
443048ef21001020c1d5:glm-5.3,glm-5.3,glm-5.3,True,
c2f14148f4bdcdd3805c:MiniMax-M3,MiniMax-M3,MiniMax-M3,True,
81a15806ba3b7ab2855d:MiniMax-M3,MiniMax-M3,MiniMax-M3,True,
2bbc18bb1f94ad88ba33:MiniMax-M3,MiniMax-M3,MiniMax-M3,True,
1c00ba6639feeb93782f:MiniMax-M3,MiniMax-M3,MiniMax-M3,True,
6cbb1a9d1d8eb8723c01:MiniMax-M3,MiniMax-M3,MiniMax-M3,True,
daabec108789a8e86137:glm-5.3,glm-5.3,glm-5.3,True,
e8d02027892c061c24d4:deepseek-v4-pro,deepseek-v4-pro,deepseek-v4-pro,True,
5cbc06d5ad4d7736062e:MiniMax-M3,MiniMax-M3,MiniMax-M3,True,
8996bbbe9c5e1832f6c4:MiniMax-M3,MiniMax-M3,MiniMax-M3,True,
31cda5cc60794fcbfbcd:MiniMax-M3,MiniMax-M3,MiniMax-M3,True,
9e63c3fc481c41826971:deepseek-v4-pro,deepseek-v4-pro,deepseek-v4-pro,True,
866beeee45483fc03f33:MiniMax-M3,MiniMax-M3,MiniMax-M3,True,
d55abe4097b2b24332c2:glm-5.3,glm-5.3,glm-5.3,True,
7a52ad3752c8bee3dd1c:deepseek-v4-pro,deepseek-v4-pro,deepseek-v4-pro,True,
bbc32676950b0ce305e2:MiniMax-M3,MiniMax-M3,MiniMax-M3,True,
1990dd90faa4807558f2:deepseek-v4-pro,deepseek-v4-pro,deepseek-v4-pro,True,
280e3434387c18fd853b:glm-5.3,glm-5.3,glm-5.3,True,
d3bb25cb955338f56780:deepseek-v4-pro,deepseek-v4-pro,deepseek-v4-pro,True,
3e801343f31c98509c08:deepseek-v4-pro,deepseek-v4-pro,deepseek-v4-pro,True,
cd4165d66dd4caa4f8d3:MiniMax-M3,MiniMax-M3,MiniMax-M3,True,
955d058dd28876c674d4:deepseek-v4-pro,deepseek-v4-pro,deepseek-v4-pro,True,
859893be49e39d4cc2d7:MiniMax-M3,MiniMax-M3,MiniMax-M3,True,
31852d2bf5b2a2a69c19:glm-5.3,glm-5.3,glm-5.3,True,
0f1dbef76acfb2174630:deepseek-v4-pro,deepseek-v4-pro,deepseek-v4-pro,True,
84a718566de3b3cd26e7:glm-5.3,glm-5.3,glm-5.3,True,
ccb23367eb7e4c4a7044:MiniMax-M3,MiniMax-M3,MiniMax-M3,True,
4e0b2837864381fb9770:glm-5.3,glm-5.3,glm-5.3,True,
9c2831be66040c8aee80:glm-5.3,glm-5.3,glm-5.3,True,
26f8812fd0eabfd65821:MiniMax-M3,MiniMax-M3,MiniMax-M3,True,
b5a97b552d0d9121562c:MiniMax-M3,MiniMax-M3,MiniMax-M3,True,
c007372977104b2765bf:MiniMax-M3,MiniMax-M3,MiniMax-M3,True,
1f517b8e67e33e659e46:glm-5.3,glm-5.3,glm-5.3,True,
cc749db9f5e83cb3560e:MiniMax-M3,MiniMax-M3,MiniMax-M3,True,
36db4f2970489a7020de:glm-5.3,glm-5.3,glm-5.3,True,
31abbb2187b22228c550:MiniMax-M3,MiniMax-M3,MiniMax-M3,True,
dabf81a0fbcb4f47ebab:glm-5.3,glm-5.3,glm-5.3,True,
640af06701a585563c45:deepseek-v4-pro,deepseek-v4-pro,deepseek-v4-pro,True,
ca49db6185c285d9d1fa:glm-5.3,glm-5.3,glm-5.3,True,
471323a111e247b49871:MiniMax-M3,MiniMax-M3,MiniMax-M3,True,
9e93f137f340bb830f2f:MiniMax-M3,MiniMax-M3,MiniMax-M3,True,
4ab43525cadf4af0663a:deepseek-v4-pro,deepseek-v4-pro,deepseek-v4-pro,True,
129b2eb7595132400a0d:deepseek-v4-pro,deepseek-v4-pro,deepseek-v4-pro,True,
34a98e5c3f510370e52b:glm-5.3,glm-5.3,glm-5.3,True,
6ef80ed2d98bb6b154d3:MiniMax-M3,MiniMax-M3,MiniMax-M3,True,
d8581347febf9c7fc855:glm-5.3,glm-5.3,glm-5.3,True,
d084e4d6fb57826f61e6:MiniMax-M3,MiniMax-M3,MiniMax-M3,True,
6cbb1a9d1d8eb8723c01:glm-5.3,glm-5.3,glm-5.3,True,
2ad0e20c74433461b663:MiniMax-M3,MiniMax-M3,MiniMax-M3,True,
c7a082d6e7763e2b0820:deepseek-v4-pro,deepseek-v4-pro,deepseek-v4-pro,True,
c21eaffebb0020f7dd72:MiniMax-M3,MiniMax-M3,MiniMax-M3,True,
98f8940a3821d3baf7df:glm-5.3,glm-5.3,glm-5.3,True,
a9626361d0efdc3c248a:deepseek-v4-pro,deepseek-v4-pro,deepseek-v4-pro,True,
a75099ad69f53b82a705:MiniMax-M3,MiniMax-M3,MiniMax-M3,True,
1fa527c1df87241921a1:deepseek-v4-pro,deepseek-v4-pro,deepseek-v4-pro,True,
340153553f5d4d0b5ec6:deepseek-v4-pro,deepseek-v4-pro,deepseek-v4-pro,True,
38a724e921cfc0bb16dc:MiniMax-M3,MiniMax-M3,MiniMax-M3,True,
6fa8f9fdd29995c6862e:deepseek-v4-pro,deepseek-v4-pro,deepseek-v4-pro,True,
b47557d8ec2c4d8f1951:deepseek-v4-pro,deepseek-v4-pro,deepseek-v4-pro,True,
99cfa2197f2030ec2cfb:glm-5.3,glm-5.3,glm-5.3,True,
8582d4f42fbdc7037240:glm-5.3,glm-5.3,glm-5.3,True,
04a0920a5822a758fd64:glm-5.3,glm-5.3,glm-5.3,True,
dad8a1b10d6e29478480:deepseek-v4-pro,deepseek-v4-pro,deepseek-v4-pro,True,
2495c887772ccf1f927f:glm-5.3,glm-5.3,glm-5.3,True,
18e5d6b70baff762c010:MiniMax-M3,MiniMax-M3,MiniMax-M3,True,
bd96288599a37f80cf09:MiniMax-M3,MiniMax-M3,MiniMax-M3,True,
6bfbe252b2d355057469:glm-5.3,glm-5.3,glm-5.3,True,
7b408f0c3f4fcc10e367:MiniMax-M3,MiniMax-M3,MiniMax-M3,True,
41a7c98ef34d39cb89a7:MiniMax-M3,MiniMax-M3,MiniMax-M3,True,
165629c0e410a11f8c38:deepseek-v4-pro,deepseek-v4-pro,deepseek-v4-pro,True,
5016b4473c2f21b004f9:deepseek-v4-pro,deepseek-v4-pro,deepseek-v4-pro,True,
7bf5b70f5b5195e3ac0d:deepseek-v4-pro,deepseek-v4-pro,deepseek-v4-pro,True,
99968e13ae2871384fa8:deepseek-v4-pro,deepseek-v4-pro,deepseek-v4-pro,True,
1b7a4ccd4bfb8ff7101e:MiniMax-M3,MiniMax-M3,MiniMax-M3,True,
a235553f45b15a6314f9:MiniMax-M3,MiniMax-M3,MiniMax-M3,True,
2a40582b4f4c46c2e3c4:deepseek-v4-pro,deepseek-v4-pro,deepseek-v4-pro,True,
4c667c52b65c413aa71e:deepseek-v4-pro,deepseek-v4-pro,deepseek-v4-pro,True,
47bc5924638ecff97104:glm-5.3,glm-5.3,glm-5.3,True,
845dc052b0ea397a7255:deepseek-v4-pro,deepseek-v4-pro,deepseek-v4-pro,True,
e501006630fc153e90a8:MiniMax-M3,MiniMax-M3,MiniMax-M3,True,
32637cea64d51cf391f1:MiniMax-M3,MiniMax-M3,MiniMax-M3,True,
1f517b8e67e33e659e46:MiniMax-M3,MiniMax-M3,MiniMax-M3,True,
992978e19680d9930eb8:glm-5.3,glm-5.3,glm-5.3,True,
0bd574e85c8bdda4869f:deepseek-v4-pro,deepseek-v4-pro,deepseek-v4-pro,True,
2d6d215cb7930c9964ac:deepseek-v4-pro,deepseek-v4-pro,deepseek-v4-pro,True,
5ea1bc510cea626d99c3:deepseek-v4-pro,deepseek-v4-pro,deepseek-v4-pro,True,
6557a8ad9e461ac38a10:deepseek-v4-pro,deepseek-v4-pro,deepseek-v4-pro,True,
bc8818e06c441c7e9627:deepseek-v4-pro,deepseek-v4-pro,deepseek-v4-pro,True,
786a2da17ba89b150076:glm-5.3,glm-5.3,glm-5.3,True,
4b24d1d1c7399208ca65:MiniMax-M3,MiniMax-M3,MiniMax-M3,True,
c609a0dc527f90a89cad:glm-5.3,glm-5.3,glm-5.3,True,
bce0b9abc4de62e8c0fe:MiniMax-M3,MiniMax-M3,MiniMax-M3,True,
bc3b448553944b7e03d2:glm-5.3,glm-5.3,glm-5.3,True,
9f5bb57461c10b2d4076:deepseek-v4-pro,deepseek-v4-pro,deepseek-v4-pro,True,
42872b971f4b90afca90:MiniMax-M3,MiniMax-M3,MiniMax-M3,True,
7a16ab02bfbd8e8d7110:glm-5.3,glm-5.3,glm-5.3,True,
5e1ad06bbd7cc71e1e76:deepseek-v4-pro,deepseek-v4-pro,deepseek-v4-pro,True,
64d1195ea4699bc393db:glm-5.3,glm-5.3,glm-5.3,True,
a6b4e8e0cbedde315c48:glm-5.3,glm-5.3,glm-5.3,True,
b2d9fb0eed7d1d35bf98:glm-5.3,glm-5.3,glm-5.3,True,
09046a65bff5df9fc8fb:glm-5.3,glm-5.3,glm-5.3,True,
5afb5fead8214f2b993a:glm-5.3,glm-5.3,glm-5.3,True,
e961b7892e8466718723:deepseek-v4-pro,deepseek-v4-pro,deepseek-v4-pro,True,
cef72856df175dea68cb:deepseek-v4-pro,deepseek-v4-pro,deepseek-v4-pro,True,
65104380be05e41a4b32:deepseek-v4-pro,deepseek-v4-pro,deepseek-v4-pro,True,
b0ae84824e8ef5ec411d:deepseek-v4-pro,deepseek-v4-pro,deepseek-v4-pro,True,
a9cbf2f42d279add506e:MiniMax-M3,MiniMax-M3,MiniMax-M3,True,
78b4980a9fcd20399e42:glm-5.3,glm-5.3,glm-5.3,True,
22e6dc0fb31081ab23e5:glm-5.3,glm-5.3,glm-5.3,True,
5a2dc9439b892ce5b3d4:deepseek-v4-pro,deepseek-v4-pro,deepseek-v4-pro,True,
2ec6babc4f676ddf9e17:MiniMax-M3,MiniMax-M3,MiniMax-M3,True,
b320fc6b9d8581d318ed:glm-5.3,glm-5.3,glm-5.3,True,
27b8fabf5decdb7ab560:glm-5.3,glm-5.3,glm-5.3,True,
930428a00b594d920bf8:deepseek-v4-pro,deepseek-v4-pro,deepseek-v4-pro,True,
497517aa4f40eb2ecf71:deepseek-v4-pro,deepseek-v4-pro,deepseek-v4-pro,True,
248b41f2b47cf10b66f5:deepseek-v4-pro,deepseek-v4-pro,deepseek-v4-pro,True,
1c4aa066dcac86217bc6:MiniMax-M3,MiniMax-M3,MiniMax-M3,True,
e4935740f1b6b934e834:MiniMax-M3,MiniMax-M3,MiniMax-M3,True,
c547a4e64e85e7ac6db9:glm-5.3,glm-5.3,glm-5.3,True,
535b406f4a46a3eeb394:glm-5.3,glm-5.3,glm-5.3,True,
d81ed52ac6c5b2955d44:glm-5.3,glm-5.3,glm-5.3,True,
b3f77c4f5a76bbb8c387:glm-5.3,glm-5.3,glm-5.3,True,
67d451ac0ca5faf6042a:deepseek-v4-pro,deepseek-v4-pro,deepseek-v4-pro,True,
d66f98c21f80e987c40f:glm-5.3,glm-5.3,glm-5.3,True,
839d8e235cb31673648b:glm-5.3,glm-5.3,glm-5.3,True,
7216e0da74eed1534cd2:glm-5.3,glm-5.3,glm-5.3,True,
dcbea5b4092b7cce00f6:glm-5.3,glm-5.3,glm-5.3,True,
db5c73dbe3965a68ed48:MiniMax-M3,MiniMax-M3,MiniMax-M3,True,
9f16b38d231ab95e899a:deepseek-v4-pro,deepseek-v4-pro,deepseek-v4-pro,True,
17a80f1075d5d31a5b2c:glm-5.3,glm-5.3,glm-5.3,True,
e43ad69ae4f115529f55:glm-5.3,glm-5.3,glm-5.3,True,
b9d1b942328505163f20:MiniMax-M3,MiniMax-M3,MiniMax-M3,True,
022cf8164e1749f08c4b:glm-5.3,glm-5.3,glm-5.3,True,
4febfb9a309ba05c1a9b:deepseek-v4-pro,deepseek-v4-pro,deepseek-v4-pro,True,
56e5b592f078a5052580:deepseek-v4-pro,deepseek-v4-pro,deepseek-v4-pro,True,
511c5284bd769d479269:MiniMax-M3,MiniMax-M3,MiniMax-M3,True,
3932bc28165e3d2184de:deepseek-v4-pro,deepseek-v4-pro,deepseek-v4-pro,True,
6edd9bd315f4d6961e44:deepseek-v4-pro,deepseek-v4-pro,deepseek-v4-pro,True,
7c34eae3eef73a97b2aa:deepseek-v4-pro,deepseek-v4-pro,deepseek-v4-pro,True,
fa9eb65ddbe8d10f7059:MiniMax-M3,MiniMax-M3,MiniMax-M3,True,
71429cf1451363e94cc1:MiniMax-M3,MiniMax-M3,MiniMax-M3,True,
4fdead024e9291c74a3b:MiniMax-M3,MiniMax-M3,MiniMax-M3,True,
aef2fac49ee122bd9371:MiniMax-M3,MiniMax-M3,MiniMax-M3,True,
98807dbd123314dad4b3:MiniMax-M3,MiniMax-M3,MiniMax-M3,True,
0a5aac4ae99e3e4f9040:deepseek-v4-pro,deepseek-v4-pro,deepseek-v4-pro,True,
f77bc27d2d2897473cb5:glm-5.3,glm-5.3,glm-5.3,True,
b95d1509184f2e6d3e53:MiniMax-M3,MiniMax-M3,MiniMax-M3,True,
b62f77e499eb11e27950:deepseek-v4-pro,deepseek-v4-pro,deepseek-v4-pro,True,
ff6c0de6510ab8b900c8:glm-5.3,glm-5.3,glm-5.3,True,
18651ea66b832596fd08:glm-5.3,glm-5.3,glm-5.3,True,
19c61a1183889288923c:deepseek-v4-pro,deepseek-v4-pro,deepseek-v4-pro,True,
e07033bb957f85482a43:glm-5.3,glm-5.3,glm-5.3,True,
bb02efc7b68cee9aa52c:deepseek-v4-pro,deepseek-v4-pro,deepseek-v4-pro,True,
def631c59bb283f49e72:MiniMax-M3,MiniMax-M3,MiniMax-M3,True,
cd15fbe3f5a6d5ea487f:deepseek-v4-pro,deepseek-v4-pro,deepseek-v4-pro,True,
abbeae58600b1db4056d:deepseek-v4-pro,deepseek-v4-pro,deepseek-v4-pro,True,
5d37c3f45f7683601f07:deepseek-v4-pro,deepseek-v4-pro,deepseek-v4-pro,True,
1641981f1e69cee47aa1:MiniMax-M3,MiniMax-M3,MiniMax-M3,True,
e5cd4fbb07cff0c417ec:MiniMax-M3,MiniMax-M3,MiniMax-M3,True,
2d5563067c3be4f10a30:deepseek-v4-pro,deepseek-v4-pro,deepseek-v4-pro,True,
91cd472c3ba2e4c9a603:glm-5.3,glm-5.3,glm-5.3,True,
06f6f07be3df00e866d3:deepseek-v4-pro,deepseek-v4-pro,deepseek-v4-pro,True,
c8f6b36325f6ceff1f5c:glm-5.3,glm-5.3,glm-5.3,True,
6074755dd70d66bde927:glm-5.3,glm-5.3,glm-5.3,True,
30e88a3f2e94692af394:deepseek-v4-pro,deepseek-v4-pro,deepseek-v4-pro,True,
f59715d938122c9790b4:glm-5.3,glm-5.3,glm-5.3,True,
b704fcd378fa5a5ae2d7:deepseek-v4-pro,deepseek-v4-pro,deepseek-v4-pro,True,
32cf358aed381a9a9261:MiniMax-M3,MiniMax-M3,MiniMax-M3,True,
edd8cc3be1d92d789391:glm-5.3,glm-5.3,glm-5.3,True,
e2d5d4ad483a3cc3a1ce:glm-5.3,glm-5.3,glm-5.3,True,
a7bcd6ce4be2720f9862:deepseek-v4-pro,deepseek-v4-pro,deepseek-v4-pro,True,
5f801344642467214ae0:MiniMax-M3,MiniMax-M3,MiniMax-M3,True,
14c70cf76c45b88d4fd0:glm-5.3,glm-5.3,glm-5.3,True,
e95770a879c22a94460a:MiniMax-M3,MiniMax-M3,MiniMax-M3,True,
56e8054a6f44eee623dd:deepseek-v4-pro,deepseek-v4-pro,deepseek-v4-pro,True,
df32baabe66d6b5183ec:MiniMax-M3,MiniMax-M3,MiniMax-M3,True,
9f2c37dc0b0b1319fef7:deepseek-v4-pro,deepseek-v4-pro,deepseek-v4-pro,True,
24f9ee70a92d5ab6b2e2:deepseek-v4-pro,deepseek-v4-pro,deepseek-v4-pro,True,
7edbfd1d7922420efb01:glm-5.3,glm-5.3,glm-5.3,False,invalid_completion_Empty visible completion
7b4276333b6be9f23c24:glm-5.3,glm-5.3,glm-5.3,True,
6e9b478f88f020b69058:deepseek-v4-pro,deepseek-v4-pro,deepseek-v4-pro,True,
9246c28eb430919b8a98:MiniMax-M3,MiniMax-M3,MiniMax-M3,True,
fc15492740dbbf06843f:glm-5.3,glm-5.3,glm-5.3,True,
e6f91ae87e30707a82c0:deepseek-v4-pro,deepseek-v4-pro,deepseek-v4-pro,True,
436a4ccdf9e516fb0bed:deepseek-v4-pro,deepseek-v4-pro,deepseek-v4-pro,True,
999cfa658ba9fee83153:deepseek-v4-pro,deepseek-v4-pro,deepseek-v4-pro,True,
2c3b1dfe62686b540442:glm-5.3,glm-5.3,glm-5.3,True,
4fd34fc9d38ab79d04b2:glm-5.3,glm-5.3,glm-5.3,True,
a29a095933f5ce9219ee:deepseek-v4-pro,deepseek-v4-pro,deepseek-v4-pro,True,
4aba9618d5e46a0296a4:MiniMax-M3,MiniMax-M3,MiniMax-M3,True,
eb061bf5c97e7a1101ec:glm-5.3,glm-5.3,glm-5.3,True,
300dbb73573d2d442e93:MiniMax-M3,MiniMax-M3,MiniMax-M3,True,
4b4aeac2771f620babe7:deepseek-v4-pro,deepseek-v4-pro,deepseek-v4-pro,True,
c7704f7456e917fabf46:MiniMax-M3,MiniMax-M3,MiniMax-M3,True,
4e9df7d4a0de07625284:MiniMax-M3,MiniMax-M3,MiniMax-M3,True,
da8dd16da063feb8fb71:deepseek-v4-pro,deepseek-v4-pro,deepseek-v4-pro,True,
fb4401994f7e7faea92c:deepseek-v4-pro,deepseek-v4-pro,deepseek-v4-pro,True,
10e6d79588a47c2bcb88:deepseek-v4-pro,deepseek-v4-pro,deepseek-v4-pro,True,
47b76a4b4fab1320ae37:glm-5.3,glm-5.3,glm-5.3,True,
c26c99e05a72a62f5ea0:glm-5.3,glm-5.3,glm-5.3,True,
5bb11be87d9261ad33b0:MiniMax-M3,MiniMax-M3,MiniMax-M3,True,
569b902ca9e9c266b6fd:deepseek-v4-pro,deepseek-v4-pro,deepseek-v4-pro,True,
503032635f5d62c5fd5f:glm-5.3,glm-5.3,glm-5.3,True,
311284f993516ba068c8:glm-5.3,glm-5.3,glm-5.3,True,
efeb89efed30e70a059b:MiniMax-M3,MiniMax-M3,MiniMax-M3,True,
9a5d64fcb9751ed2e193:deepseek-v4-pro,deepseek-v4-pro,deepseek-v4-pro,True,
9d08222e55ee6ac2db5f:MiniMax-M3,MiniMax-M3,MiniMax-M3,True,
02a32080950166176ed4:MiniMax-M3,MiniMax-M3,MiniMax-M3,True,
bad49f6b61d587f507a6:deepseek-v4-pro,deepseek-v4-pro,deepseek-v4-pro,True,
d4a495e93d746278951b:deepseek-v4-pro,deepseek-v4-pro,deepseek-v4-pro,True,
8f2daf3d37cf7be88f69:glm-5.3,glm-5.3,glm-5.3,True,
2ae89cd8b592995a9ebe:glm-5.3,glm-5.3,glm-5.3,True,
469413981b7397e49203:MiniMax-M3,MiniMax-M3,MiniMax-M3,True,
4c68886e22702f57107e:deepseek-v4-pro,deepseek-v4-pro,deepseek-v4-pro,True,
74f726152eb7c073e80f:glm-5.3,glm-5.3,glm-5.3,True,
57eb43d6e75a8b1fd805:deepseek-v4-pro,deepseek-v4-pro,deepseek-v4-pro,True,
674dfe0c396ba3257a7d:MiniMax-M3,MiniMax-M3,MiniMax-M3,True,
1b7a4ccd4bfb8ff7101e:deepseek-v4-pro,deepseek-v4-pro,deepseek-v4-pro,True,
18f327491e1db5de1f9c:deepseek-v4-pro,deepseek-v4-pro,deepseek-v4-pro,True,
2f24d129d1ef946d0290:MiniMax-M3,MiniMax-M3,MiniMax-M3,True,
3e2c871223bb03b3d513:glm-5.3,glm-5.3,glm-5.3,True,
83e54c0cec5319b2e1a9:glm-5.3,glm-5.3,glm-5.3,True,
996276b10620abf75ea5:MiniMax-M3,MiniMax-M3,MiniMax-M3,True,
397f79dc687ceae1e2f9:glm-5.3,glm-5.3,glm-5.3,True,
f3752a7eca5e637e7e54:glm-5.3,glm-5.3,glm-5.3,True,
d707a0e42b545df8ca11:MiniMax-M3,MiniMax-M3,MiniMax-M3,True,
0e56f325ef27d08a471d:MiniMax-M3,MiniMax-M3,MiniMax-M3,True,
d4ba73f52d95518169ff:glm-5.3,glm-5.3,glm-5.3,True,
0cbc88cdf557baa663a3:glm-5.3,glm-5.3,glm-5.3,True,
8bfa439c35f778bc785a:MiniMax-M3,MiniMax-M3,MiniMax-M3,True,
c2db3e917bbab5263af3:MiniMax-M3,MiniMax-M3,MiniMax-M3,True,
1779128c87269161e85f:MiniMax-M3,MiniMax-M3,MiniMax-M3,True,
3c2516a549a93ab495fc:MiniMax-M3,MiniMax-M3,MiniMax-M3,True,
a455d77c9eb32168f297:deepseek-v4-pro,deepseek-v4-pro,deepseek-v4-pro,True,
5c702e91d3ef30773499:glm-5.3,glm-5.3,glm-5.3,True,
fdcc17249313d2bfa246:MiniMax-M3,MiniMax-M3,MiniMax-M3,True,
40f33c8e2c16e9617184:deepseek-v4-pro,deepseek-v4-pro,deepseek-v4-pro,True,
ecabbb2522bf3424a154:MiniMax-M3,MiniMax-M3,MiniMax-M3,True,
35ac9dfc16b604050ff5:MiniMax-M3,MiniMax-M3,MiniMax-M3,True,
dd361e9a02792dc2c5f3:MiniMax-M3,MiniMax-M3,MiniMax-M3,True,
8109d66cee1dd3167bc7:MiniMax-M3,MiniMax-M3,MiniMax-M3,True,
a659483722d56ed58ae2:glm-5.3,glm-5.3,glm-5.3,True,
5a16eab3d63b2a589867:deepseek-v4-pro,deepseek-v4-pro,deepseek-v4-pro,True,
2427ec2ea83daf0faa4b:MiniMax-M3,MiniMax-M3,MiniMax-M3,True,
ba5bc21407df20b5f183:glm-5.3,glm-5.3,glm-5.3,True,
9c99e16917a604be5d51:deepseek-v4-pro,deepseek-v4-pro,deepseek-v4-pro,True,
1e49125084dbe7060667:MiniMax-M3,MiniMax-M3,MiniMax-M3,True,
b277a8a77c8ed4f9a520:deepseek-v4-pro,deepseek-v4-pro,deepseek-v4-pro,True,
28962a8a221a213a1a39:deepseek-v4-pro,deepseek-v4-pro,deepseek-v4-pro,True,
3d023eed949b217cb35a:deepseek-v4-pro,deepseek-v4-pro,deepseek-v4-pro,True,
1282c2f4f30d851f5717:glm-5.3,glm-5.3,glm-5.3,True,
67d6df61a3dcdacea8ae:MiniMax-M3,MiniMax-M3,MiniMax-M3,True,
3fd3a9794188322e0973:MiniMax-M3,MiniMax-M3,MiniMax-M3,True,
c7ce95273609688ceb3a:glm-5.3,glm-5.3,glm-5.3,True,
4c68886e22702f57107e:MiniMax-M3,MiniMax-M3,MiniMax-M3,True,
0f11628d7bc6dea90e9d:deepseek-v4-pro,deepseek-v4-pro,deepseek-v4-pro,True,
5bb11be87d9261ad33b0:deepseek-v4-pro,deepseek-v4-pro,deepseek-v4-pro,True,
7cd4dc70c4f91cf3f54a:glm-5.3,glm-5.3,glm-5.3,True,
4c20750f98fac76291b0:MiniMax-M3,MiniMax-M3,MiniMax-M3,True,
67ac2d8524791d575341:MiniMax-M3,MiniMax-M3,MiniMax-M3,True,
ad7a34a48111aab696e7:glm-5.3,glm-5.3,glm-5.3,True,
1f1c0fdb9ccc648ffb9b:deepseek-v4-pro,deepseek-v4-pro,deepseek-v4-pro,True,
83e54c0cec5319b2e1a9:MiniMax-M3,MiniMax-M3,MiniMax-M3,True,
409480036132ff9e5e56:MiniMax-M3,MiniMax-M3,MiniMax-M3,True,
a7039187392d7ce77298:glm-5.3,glm-5.3,glm-5.3,True,
4162cadf69ae5c6afbd2:MiniMax-M3,MiniMax-M3,MiniMax-M3,True,
eedce7d34f08d08314fc:MiniMax-M3,MiniMax-M3,MiniMax-M3,True,
1bbdc2fd7aa76fa0a651:glm-5.3,glm-5.3,glm-5.3,True,
cac2de9e5d8870121dec:deepseek-v4-pro,deepseek-v4-pro,deepseek-v4-pro,True,
b3f77c4f5a76bbb8c387:MiniMax-M3,MiniMax-M3,MiniMax-M3,True,
460030313e6251622545:deepseek-v4-pro,deepseek-v4-pro,deepseek-v4-pro,True,
108d659381872a705f71:deepseek-v4-pro,deepseek-v4-pro,deepseek-v4-pro,True,
aa410e8978b97c68d37d:deepseek-v4-pro,deepseek-v4-pro,deepseek-v4-pro,True,
4ba7d482ab6e2d8274c2:glm-5.3,glm-5.3,glm-5.3,True,
3551603dbd21792cc463:deepseek-v4-pro,deepseek-v4-pro,deepseek-v4-pro,True,
5fc6d9e3486261cf59c7:glm-5.3,glm-5.3,glm-5.3,True,
ad5744f069e576918d68:MiniMax-M3,MiniMax-M3,MiniMax-M3,True,
8a6216c96e20f90494b4:MiniMax-M3,MiniMax-M3,MiniMax-M3,True,
31b8a5304eb698314f14:glm-5.3,glm-5.3,glm-5.3,True,
dabf81a0fbcb4f47ebab:MiniMax-M3,MiniMax-M3,MiniMax-M3,True,
4ad366b18298f020ee3d:MiniMax-M3,MiniMax-M3,MiniMax-M3,True,
f9cf9b2044fa90cfc026:MiniMax-M3,MiniMax-M3,MiniMax-M3,True,
068799e8ede518ccca66:MiniMax-M3,MiniMax-M3,MiniMax-M3,True,
cd8e40d8fe329e2e3238:MiniMax-M3,MiniMax-M3,MiniMax-M3,True,
9613cd7b7096de762a6c:glm-5.3,glm-5.3,glm-5.3,True,
96742e610544974a8a92:glm-5.3,glm-5.3,glm-5.3,True,
14a0ce234acc8fddf806:MiniMax-M3,MiniMax-M3,MiniMax-M3,True,
32bb50a6fce43f3b5adc:deepseek-v4-pro,deepseek-v4-pro,deepseek-v4-pro,True,
d8a7cf97fd4adde3775c:MiniMax-M3,MiniMax-M3,MiniMax-M3,True,
57e7587c3b6287f655d2:glm-5.3,glm-5.3,glm-5.3,True,
fec967bdc09a6c30c01b:glm-5.3,glm-5.3,glm-5.3,True,
344371ef4752e662516a:glm-5.3,glm-5.3,glm-5.3,True,
e3fb1c94299bf03e7a68:MiniMax-M3,MiniMax-M3,MiniMax-M3,True,
edd59ef23ef9c7b3c7ed:deepseek-v4-pro,deepseek-v4-pro,deepseek-v4-pro,True,
8f4bbeccfaa916feb434:deepseek-v4-pro,deepseek-v4-pro,deepseek-v4-pro,True,
bdbcb77539d7ff651567:glm-5.3,glm-5.3,glm-5.3,True,
281465c430065a661542:MiniMax-M3,MiniMax-M3,MiniMax-M3,True,
ce83d0ef0ef6d611da2f:deepseek-v4-pro,deepseek-v4-pro,deepseek-v4-pro,True,
bb67f7baaf6ce997014e:MiniMax-M3,MiniMax-M3,MiniMax-M3,True,
abf900b54c25da3dfa61:MiniMax-M3,MiniMax-M3,MiniMax-M3,True,
64a21d5c9b03447a16a0:glm-5.3,glm-5.3,glm-5.3,True,
450b5c99a419add7d2de:deepseek-v4-pro,deepseek-v4-pro,deepseek-v4-pro,True,
06e5069fe787aa4ed042:MiniMax-M3,MiniMax-M3,MiniMax-M3,True,
2bbc18bb1f94ad88ba33:deepseek-v4-pro,deepseek-v4-pro,deepseek-v4-pro,True,
06cf6860e0bbe1d99f94:MiniMax-M3,MiniMax-M3,MiniMax-M3,True,
ac741504db798b66d5b2:MiniMax-M3,MiniMax-M3,MiniMax-M3,True,
a0d82f26d42771fed363:glm-5.3,glm-5.3,glm-5.3,True,
67dac0bd7e83a2b7a168:MiniMax-M3,MiniMax-M3,MiniMax-M3,True,
1f8468d6ce67abd49c7b:deepseek-v4-pro,deepseek-v4-pro,deepseek-v4-pro,True,
33540afba512be8fe1e1:deepseek-v4-pro,deepseek-v4-pro,deepseek-v4-pro,True,
688ae0539a008c166cfc:glm-5.3,glm-5.3,glm-5.3,True,
bcdb02b80fcbdad21dfe:MiniMax-M3,MiniMax-M3,MiniMax-M3,True,
accbeae5328c0967e19f:glm-5.3,glm-5.3,glm-5.3,True,
d2ad67c080aca8ed4068:glm-5.3,glm-5.3,glm-5.3,True,
b241772df9fd22e63702:MiniMax-M3,MiniMax-M3,MiniMax-M3,True,
1099764fbefaab78e987:glm-5.3,glm-5.3,glm-5.3,True,
905b88d7a038679bcfeb:MiniMax-M3,MiniMax-M3,MiniMax-M3,True,
c8880593e8d1182b2ec9:deepseek-v4-pro,deepseek-v4-pro,deepseek-v4-pro,True,
d8411a9de8b7b79fa4ca:deepseek-v4-pro,deepseek-v4-pro,deepseek-v4-pro,True,
c31185cc743496491755:deepseek-v4-pro,deepseek-v4-pro,deepseek-v4-pro,True,
2ad4da84c9553b203b7e:glm-5.3,glm-5.3,glm-5.3,True,
7e6acb16bd1ca9f34abf:deepseek-v4-pro,deepseek-v4-pro,deepseek-v4-pro,True,
418b5584180f0dc7624a:glm-5.3,glm-5.3,glm-5.3,True,
ee6131a1e9664cefed3c:glm-5.3,glm-5.3,glm-5.3,True,
d338e9ae18f2da75fb0c:deepseek-v4-pro,deepseek-v4-pro,deepseek-v4-pro,True,
2d54c6af399b598385aa:MiniMax-M3,MiniMax-M3,MiniMax-M3,True,
fca78091ddbf591db8dc:glm-5.3,glm-5.3,glm-5.3,True,
50fc1b5af621c8e0f110:deepseek-v4-pro,deepseek-v4-pro,deepseek-v4-pro,True,
31abbb2187b22228c550:glm-5.3,glm-5.3,glm-5.3,True,
b49f0ab036c7cf2fe292:MiniMax-M3,MiniMax-M3,MiniMax-M3,True,
db867c22b9b4ccb8ee16:glm-5.3,glm-5.3,glm-5.3,True,
f5a6e8b4f6d99d7d90b1:MiniMax-M3,MiniMax-M3,MiniMax-M3,True,
f64aee3e38c1c214a588:MiniMax-M3,MiniMax-M3,MiniMax-M3,True,
3a1b5d16fdd19e4eafdd:glm-5.3,glm-5.3,glm-5.3,True,
a044318998ba917aa490:MiniMax-M3,MiniMax-M3,MiniMax-M3,True,
a6174d0361c5fd8f9ca6:MiniMax-M3,MiniMax-M3,MiniMax-M3,True,
a59ab7c0ff796efbcab0:deepseek-v4-pro,deepseek-v4-pro,deepseek-v4-pro,True,
d5669c79f4f16919a44b:deepseek-v4-pro,deepseek-v4-pro,deepseek-v4-pro,True,
6b077595780ce54d09fd:glm-5.3,glm-5.3,glm-5.3,True,
b924ef3c58e776cbfdab:deepseek-v4-pro,deepseek-v4-pro,deepseek-v4-pro,True,
fa18260d5f485cb75662:glm-5.3,glm-5.3,glm-5.3,True,
73c514a7efe20e8793e7:glm-5.3,glm-5.3,glm-5.3,True,
cb48dc8fd3bc3a685ca9:deepseek-v4-pro,deepseek-v4-pro,deepseek-v4-pro,True,
61f592226733616541e3:MiniMax-M3,MiniMax-M3,MiniMax-M3,True,
03d54308abcca6306c21:glm-5.3,glm-5.3,glm-5.3,True,
7dd3b5e984990a79e610:glm-5.3,glm-5.3,glm-5.3,True,
baac12a730393998279f:glm-5.3,glm-5.3,glm-5.3,True,
666f60a713cb273a1a5c:MiniMax-M3,MiniMax-M3,MiniMax-M3,True,
ad276fa3610553758bd9:MiniMax-M3,MiniMax-M3,MiniMax-M3,True,
b3b7cbff70e0c4218930:glm-5.3,glm-5.3,glm-5.3,True,
91e981a1add211a254e8:deepseek-v4-pro,deepseek-v4-pro,deepseek-v4-pro,True,
9af72a3b131be1e9a9a2:MiniMax-M3,MiniMax-M3,MiniMax-M3,True,
a784cf50dbc6468ad1ad:glm-5.3,glm-5.3,glm-5.3,True,
9908e28f3a2c61db9d5b:MiniMax-M3,MiniMax-M3,MiniMax-M3,True,
347b319927bac7fcfb4f:glm-5.3,glm-5.3,glm-5.3,True,
7a123790547e7a1075e5:MiniMax-M3,MiniMax-M3,MiniMax-M3,True,
05f79035868e6c90f634:deepseek-v4-pro,deepseek-v4-pro,deepseek-v4-pro,True,
c2b297a1c5acdf22f05a:MiniMax-M3,MiniMax-M3,MiniMax-M3,True,
e79e9ab1aba48e998318:glm-5.3,glm-5.3,glm-5.3,True,
db5c73dbe3965a68ed48:glm-5.3,glm-5.3,glm-5.3,True,
0d8b6b69f657239ea323:MiniMax-M3,MiniMax-M3,MiniMax-M3,True,
ac2ead4a938e527715cf:deepseek-v4-pro,deepseek-v4-pro,deepseek-v4-pro,True,
434f7f88f374b318c6f4:glm-5.3,glm-5.3,glm-5.3,True,
2d29d6c39981ca3e7ca0:glm-5.3,glm-5.3,glm-5.3,True,
dca5402983a5278fdf9f:glm-5.3,glm-5.3,glm-5.3,True,
1657eb309188e7e1db26:glm-5.3,glm-5.3,glm-5.3,True,
a4dde0b8194974b743c3:deepseek-v4-pro,deepseek-v4-pro,deepseek-v4-pro,True,
4d3c63d1406691f68556:MiniMax-M3,MiniMax-M3,MiniMax-M3,True,
7f88a5d63ff2d6e4ab55:MiniMax-M3,MiniMax-M3,MiniMax-M3,True,
342c750f4f921015790d:MiniMax-M3,MiniMax-M3,MiniMax-M3,True,
ce8a983e2ee43fff586e:MiniMax-M3,MiniMax-M3,MiniMax-M3,True,
996ae00cc6227a6a708d:deepseek-v4-pro,deepseek-v4-pro,deepseek-v4-pro,True,
a862191dfe255decfd1b:deepseek-v4-pro,deepseek-v4-pro,deepseek-v4-pro,True,
81cf71952cb03775195d:deepseek-v4-pro,deepseek-v4-pro,deepseek-v4-pro,True,
dca5402983a5278fdf9f:deepseek-v4-pro,deepseek-v4-pro,deepseek-v4-pro,True,
8816da84dd985b13d14f:deepseek-v4-pro,deepseek-v4-pro,deepseek-v4-pro,True,
9ba2f385165d70a6c073:deepseek-v4-pro,deepseek-v4-pro,deepseek-v4-pro,True,
8c30f7d0bb421c20ad90:MiniMax-M3,MiniMax-M3,MiniMax-M3,True,
03d54308abcca6306c21:deepseek-v4-pro,deepseek-v4-pro,deepseek-v4-pro,True,
a7deb4f753e98e5683ed:MiniMax-M3,MiniMax-M3,MiniMax-M3,True,
d3815736c4e094117b1d:deepseek-v4-pro,deepseek-v4-pro,deepseek-v4-pro,True,
c93d0c06aaa7f2037b43:deepseek-v4-pro,deepseek-v4-pro,deepseek-v4-pro,True,
dfeece166d03a26cb090:deepseek-v4-pro,deepseek-v4-pro,deepseek-v4-pro,True,
c861e923173a886548d6:MiniMax-M3,MiniMax-M3,MiniMax-M3,True,
f5483bd7b56ecb3ffe8c:glm-5.3,glm-5.3,glm-5.3,True,
41ca299818f02da09028:deepseek-v4-pro,deepseek-v4-pro,deepseek-v4-pro,True,
ef959a131581af84250e:deepseek-v4-pro,deepseek-v4-pro,deepseek-v4-pro,True,
5a2855f27e9c9acd941d:glm-5.3,glm-5.3,glm-5.3,True,
8d2c865860caf97b16ff:deepseek-v4-pro,deepseek-v4-pro,deepseek-v4-pro,True,
a203adcd90ff247c75e1:glm-5.3,glm-5.3,glm-5.3,True,
c13326700cd3a5767a5c:deepseek-v4-pro,deepseek-v4-pro,deepseek-v4-pro,True,
9081f20e5ac8fe28127e:glm-5.3,glm-5.3,glm-5.3,True,
15a40570f257683d057a:deepseek-v4-pro,deepseek-v4-pro,deepseek-v4-pro,True,
80f2422a50b183c638fe:glm-5.3,glm-5.3,glm-5.3,True,
4d2aaac999330385e855:MiniMax-M3,MiniMax-M3,MiniMax-M3,True,
c0f0e2c14207f79fb5e3:deepseek-v4-pro,deepseek-v4-pro,deepseek-v4-pro,True,
bd66324a8a28706b971f:MiniMax-M3,MiniMax-M3,MiniMax-M3,True,
f817c943c210d9bef8b1:deepseek-v4-pro,deepseek-v4-pro,deepseek-v4-pro,True,
9b6333cb6b65ff2508f7:MiniMax-M3,MiniMax-M3,MiniMax-M3,True,
99486c34f729a6fbb54a:glm-5.3,glm-5.3,glm-5.3,True,
0ab55aa8fe6a956451cc:MiniMax-M3,MiniMax-M3,MiniMax-M3,True,
2005c0822f324f12b545:glm-5.3,glm-5.3,glm-5.3,True,
2f401bcdb0f93fef8a6d:deepseek-v4-pro,deepseek-v4-pro,deepseek-v4-pro,True,
ef421cff542ff05240a6:deepseek-v4-pro,deepseek-v4-pro,deepseek-v4-pro,True,
b62f77e499eb11e27950:MiniMax-M3,MiniMax-M3,MiniMax-M3,True,
29dccc99edb7883f30ee:MiniMax-M3,MiniMax-M3,MiniMax-M3,True,
bd10617f231231ba63f9:deepseek-v4-pro,deepseek-v4-pro,deepseek-v4-pro,True,
6436d09f1b6464dfa415:glm-5.3,glm-5.3,glm-5.3,True,
bbde2de63077593f869b:deepseek-v4-pro,deepseek-v4-pro,deepseek-v4-pro,True,
fc8b5484e9ad80438d40:deepseek-v4-pro,deepseek-v4-pro,deepseek-v4-pro,True,
46f1cd376af73530a034:MiniMax-M3,MiniMax-M3,MiniMax-M3,True,
d7ddbc2075cc7e3c2e54:glm-5.3,glm-5.3,glm-5.3,True,
a59ab7c0ff796efbcab0:MiniMax-M3,MiniMax-M3,MiniMax-M3,True,
b29ad329d9aaf55df53b:MiniMax-M3,MiniMax-M3,MiniMax-M3,True,
3462a5aa3d056f5f1af6:glm-5.3,glm-5.3,glm-5.3,True,
1c42ad75bba731cb51fb:deepseek-v4-pro,deepseek-v4-pro,deepseek-v4-pro,True,
ff69542394909f23ab99:MiniMax-M3,MiniMax-M3,MiniMax-M3,True,
76582076f10d7bc14b93:MiniMax-M3,MiniMax-M3,MiniMax-M3,True,
073dc8d41e8dc7d1ede4:MiniMax-M3,MiniMax-M3,MiniMax-M3,True,
7312b003555308ec0d22:MiniMax-M3,MiniMax-M3,MiniMax-M3,True,
341371d5fe2042de990a:glm-5.3,glm-5.3,glm-5.3,True,
a06cdf457e1828b1d18a:MiniMax-M3,MiniMax-M3,MiniMax-M3,True,
39fde0f3de3505d9760c:glm-5.3,glm-5.3,glm-5.3,True,
2b523141c4fa7769ae2b:glm-5.3,glm-5.3,glm-5.3,True,
09928e0a9450acf92598:deepseek-v4-pro,deepseek-v4-pro,deepseek-v4-pro,True,
7e0bd5fccf2b7ceafd5d:MiniMax-M3,MiniMax-M3,MiniMax-M3,True,
cdf9451e4ebbbac0f978:MiniMax-M3,MiniMax-M3,MiniMax-M3,True,
7a1a82818271a86c4865:MiniMax-M3,MiniMax-M3,MiniMax-M3,True,
5bf3b819fe2385d9dc36:MiniMax-M3,MiniMax-M3,MiniMax-M3,True,
103888dcc67b248ed21c:glm-5.3,glm-5.3,glm-5.3,True,
3bda99086c07b5866c3f:glm-5.3,glm-5.3,glm-5.3,True,
ce3e3425c13a5a0bac55:deepseek-v4-pro,deepseek-v4-pro,deepseek-v4-pro,True,
39942d5917d1bd4daadc:glm-5.3,glm-5.3,glm-5.3,True,
fa99e1c9a5e005a511a0:deepseek-v4-pro,deepseek-v4-pro,deepseek-v4-pro,True,
53971d2b3a40a05e90f6:glm-5.3,glm-5.3,glm-5.3,True,
8c41847a47db6eaa7079:MiniMax-M3,MiniMax-M3,MiniMax-M3,True,
20be1cdbdd0f9d82ccd5:glm-5.3,glm-5.3,glm-5.3,True,
fdd5ce9fc0bd30f0634d:MiniMax-M3,MiniMax-M3,MiniMax-M3,True,
29edeec2782af2ef4b1d:glm-5.3,glm-5.3,glm-5.3,True,
f64aee3e38c1c214a588:glm-5.3,glm-5.3,glm-5.3,True,
b5ccdcdd79c21d8112a4:MiniMax-M3,MiniMax-M3,MiniMax-M3,True,
87acd2510a737155430b:glm-5.3,glm-5.3,glm-5.3,True,
2156329fb4c3c606b152:MiniMax-M3,MiniMax-M3,MiniMax-M3,True,
248c2fb5a0396198888c:deepseek-v4-pro,deepseek-v4-pro,deepseek-v4-pro,True,
34dcd0f0cb308d31a945:glm-5.3,glm-5.3,glm-5.3,True,
199ef1b18ff46a0b938d:MiniMax-M3,MiniMax-M3,MiniMax-M3,True,
7c62ba08b0ebc55a7420:glm-5.3,glm-5.3,glm-5.3,True,
5a4754d66f247f59dd94:glm-5.3,glm-5.3,glm-5.3,True,
b3ca6963603a0892eed0:glm-5.3,glm-5.3,glm-5.3,True,
fdece46fd8fa39cbb8bb:deepseek-v4-pro,deepseek-v4-pro,deepseek-v4-pro,True,
ee6131a1e9664cefed3c:deepseek-v4-pro,deepseek-v4-pro,deepseek-v4-pro,True,
5b2f67bb492ac61ad604:deepseek-v4-pro,deepseek-v4-pro,deepseek-v4-pro,True,
e5df8564f81e1cf0bdcc:glm-5.3,glm-5.3,glm-5.3,True,
5ddb5c81ae6282e475d3:deepseek-v4-pro,deepseek-v4-pro,deepseek-v4-pro,True,
543a3f2b9e3964c1cba4:glm-5.3,glm-5.3,glm-5.3,True,
762b9c988fc921b07a2b:glm-5.3,glm-5.3,glm-5.3,True,
3860a5bbd4a1b5bc63c0:MiniMax-M3,MiniMax-M3,MiniMax-M3,True,
bcd8fd9bf76db340164f:deepseek-v4-pro,deepseek-v4-pro,deepseek-v4-pro,True,
a332c50ec8b87d3749a0:glm-5.3,glm-5.3,glm-5.3,True,
a154fbcb3eb85bd354ea:glm-5.3,glm-5.3,glm-5.3,True,
be8e663b54a84f68b46c:deepseek-v4-pro,deepseek-v4-pro,deepseek-v4-pro,True,
387430da0d9fe84a6c3f:deepseek-v4-pro,deepseek-v4-pro,deepseek-v4-pro,True,
52b1c0c575e67f7d89d4:MiniMax-M3,MiniMax-M3,MiniMax-M3,True,
0c87fb91b896c2c38446:glm-5.3,glm-5.3,glm-5.3,True,
3b42c3673212ac402213:glm-5.3,glm-5.3,glm-5.3,True,
ca0c1a8619905361f05b:MiniMax-M3,MiniMax-M3,MiniMax-M3,True,
7cd4dc70c4f91cf3f54a:deepseek-v4-pro,deepseek-v4-pro,deepseek-v4-pro,True,
c435fa03442128f9c8c0:deepseek-v4-pro,deepseek-v4-pro,deepseek-v4-pro,True,
ca34b4376bbeb5b09b5d:deepseek-v4-pro,deepseek-v4-pro,deepseek-v4-pro,True,
147c488441480ee24119:deepseek-v4-pro,deepseek-v4-pro,deepseek-v4-pro,True,
87db1679526360ff93f1:deepseek-v4-pro,deepseek-v4-pro,deepseek-v4-pro,True,
a8691b7d732de57e1143:MiniMax-M3,MiniMax-M3,MiniMax-M3,True,
a1e2226eac46f7d25afe:MiniMax-M3,MiniMax-M3,MiniMax-M3,True,
58c01737030d676c8e25:glm-5.3,glm-5.3,glm-5.3,True,
d092359d2f17e1e5798d:glm-5.3,glm-5.3,glm-5.3,True,
2d31f2347337d696c13f:glm-5.3,glm-5.3,glm-5.3,True,
598c457a3f3df2c50a50:deepseek-v4-pro,deepseek-v4-pro,deepseek-v4-pro,True,
9437cfcc21f0b8d74c6f:glm-5.3,glm-5.3,glm-5.3,True,
436073c37478da77c134:glm-5.3,glm-5.3,glm-5.3,True,
cb6b303810f8eb382485:deepseek-v4-pro,deepseek-v4-pro,deepseek-v4-pro,True,
ccd820b218c77708cd7b:glm-5.3,glm-5.3,glm-5.3,True,
0d792794711451fd0812:glm-5.3,glm-5.3,glm-5.3,True,
48f85fcb30c2964e345e:MiniMax-M3,MiniMax-M3,MiniMax-M3,True,
4c5a3a35507db8de5af7:MiniMax-M3,MiniMax-M3,MiniMax-M3,True,
b232423da6277b276850:MiniMax-M3,MiniMax-M3,MiniMax-M3,True,
970ae375bda469a261a7:glm-5.3,glm-5.3,glm-5.3,True,
65bfa3b3c2bebf0b520a:deepseek-v4-pro,deepseek-v4-pro,deepseek-v4-pro,True,
65dae24ba9fd349cc501:glm-5.3,glm-5.3,glm-5.3,True,
308ccd1999ce9f832820:MiniMax-M3,MiniMax-M3,MiniMax-M3,True,
0ca45684e5f81cc7bebc:MiniMax-M3,MiniMax-M3,MiniMax-M3,True,
cd07184fdb34d09d82e0:deepseek-v4-pro,deepseek-v4-pro,deepseek-v4-pro,True,
5a3be6382f84547879e4:MiniMax-M3,MiniMax-M3,MiniMax-M3,True,
fbf284d9199824ba6ac8:deepseek-v4-pro,deepseek-v4-pro,deepseek-v4-pro,True,
5f415bf613bece0bb407:deepseek-v4-pro,deepseek-v4-pro,deepseek-v4-pro,True,
6948bb3d884e7b49fd10:deepseek-v4-pro,deepseek-v4-pro,deepseek-v4-pro,True,
9a7117579ef634b66497:MiniMax-M3,MiniMax-M3,MiniMax-M3,True,
a25afbfb93fb1242e65f:glm-5.3,glm-5.3,glm-5.3,True,
85d120f7787dd6cd7dcf:MiniMax-M3,MiniMax-M3,MiniMax-M3,True,
ee6131a1e9664cefed3c:MiniMax-M3,MiniMax-M3,MiniMax-M3,True,
237236c6ea287ad3cfe6:glm-5.3,glm-5.3,glm-5.3,True,
5f47ea85547146d039c5:MiniMax-M3,MiniMax-M3,MiniMax-M3,True,
5e254760125eb18acded:MiniMax-M3,MiniMax-M3,MiniMax-M3,True,
b9bcf66e6153d6c6906b:MiniMax-M3,MiniMax-M3,MiniMax-M3,True,
9773dafebb6443525bbc:deepseek-v4-pro,deepseek-v4-pro,deepseek-v4-pro,True,
bcecde76ce2744f44240:deepseek-v4-pro,deepseek-v4-pro,deepseek-v4-pro,True,
c8c182a048078948e5b3:glm-5.3,glm-5.3,glm-5.3,True,
0a5aac4ae99e3e4f9040:glm-5.3,glm-5.3,glm-5.3,True,
f7611802e11f6c755959:glm-5.3,glm-5.3,glm-5.3,True,
c7fdf3b9c7277a37043a:MiniMax-M3,MiniMax-M3,MiniMax-M3,True,
402acacaefcac1171e02:MiniMax-M3,MiniMax-M3,MiniMax-M3,True,
a500d162a6b41e1e56d6:deepseek-v4-pro,deepseek-v4-pro,deepseek-v4-pro,True,
5ddb5c81ae6282e475d3:glm-5.3,glm-5.3,glm-5.3,True,
e54416e947f3e844a29e:glm-5.3,glm-5.3,glm-5.3,True,
bcd8fd9bf76db340164f:glm-5.3,glm-5.3,glm-5.3,True,
9f63baadd98964de9dd0:deepseek-v4-pro,deepseek-v4-pro,deepseek-v4-pro,True,
3540c2d927aaa4038058:MiniMax-M3,MiniMax-M3,MiniMax-M3,True,
a3626ebf204ffa69a3a1:glm-5.3,glm-5.3,glm-5.3,True,
31b8a5304eb698314f14:deepseek-v4-pro,deepseek-v4-pro,deepseek-v4-pro,True,
9ca8816bca696e06d5dd:deepseek-v4-pro,deepseek-v4-pro,deepseek-v4-pro,True,
7eda824ccf8311507d17:MiniMax-M3,MiniMax-M3,MiniMax-M3,True,
fb7440bbd8abd659e808:glm-5.3,glm-5.3,glm-5.3,True,
e3ee344e23d397fdb94d:MiniMax-M3,MiniMax-M3,MiniMax-M3,True,
0b4a6b7bebb087660a11:deepseek-v4-pro,deepseek-v4-pro,deepseek-v4-pro,True,
c32c2a53c26ba85b984c:glm-5.3,glm-5.3,glm-5.3,True,
b7350eb3cfd897d663fb:deepseek-v4-pro,deepseek-v4-pro,deepseek-v4-pro,True,
b0d585f87245d11ca6b2:MiniMax-M3,MiniMax-M3,MiniMax-M3,True,
97573483a2ab62c2e40f:glm-5.3,glm-5.3,glm-5.3,True,
4946aaf631ec936dc189:glm-5.3,glm-5.3,glm-5.3,True,
9908e28f3a2c61db9d5b:glm-5.3,glm-5.3,glm-5.3,True,
eaf3e98ada0adfd48bfa:MiniMax-M3,MiniMax-M3,MiniMax-M3,True,
fe1cf148bebf9c4f8d9e:glm-5.3,glm-5.3,glm-5.3,True,
7acf312c857faa8405c5:deepseek-v4-pro,deepseek-v4-pro,deepseek-v4-pro,True,
bf195603ae195669e23e:deepseek-v4-pro,deepseek-v4-pro,deepseek-v4-pro,True,
344913d2cbb934d41567:glm-5.3,glm-5.3,glm-5.3,True,
311284f993516ba068c8:MiniMax-M3,MiniMax-M3,MiniMax-M3,True,
9496ab4cee17faceeaf7:MiniMax-M3,MiniMax-M3,MiniMax-M3,True,
ca659ddcf44a26532a79:glm-5.3,glm-5.3,glm-5.3,True,
a91352696ba9c06a436a:MiniMax-M3,MiniMax-M3,MiniMax-M3,True,
424b9977d2fb7bc9f6cf:glm-5.3,glm-5.3,glm-5.3,True,
3f391ef5f654e1174144:deepseek-v4-pro,deepseek-v4-pro,deepseek-v4-pro,True,
e44f97e77e8781ac5080:glm-5.3,glm-5.3,glm-5.3,True,
672694de038f7eed1590:deepseek-v4-pro,deepseek-v4-pro,deepseek-v4-pro,True,
52007591a0d67886eb49:MiniMax-M3,MiniMax-M3,MiniMax-M3,True,
342cb50f29979ea5855a:deepseek-v4-pro,deepseek-v4-pro,deepseek-v4-pro,True,
e0ad60d62da126cbdada:MiniMax-M3,MiniMax-M3,MiniMax-M3,True,
2aebd8dbecd5347da52d:deepseek-v4-pro,deepseek-v4-pro,deepseek-v4-pro,True,
2ee712d9bdfab5694017:glm-5.3,glm-5.3,glm-5.3,True,
2ad0e20c74433461b663:glm-5.3,glm-5.3,glm-5.3,True,
7074d724fb09812ecd64:glm-5.3,glm-5.3,glm-5.3,True,
d07f051660baa6b2c557:glm-5.3,glm-5.3,glm-5.3,True,
cd15fbe3f5a6d5ea487f:glm-5.3,glm-5.3,glm-5.3,True,
40f1eea527e1c30eb6bc:glm-5.3,glm-5.3,glm-5.3,True,
698ac78764fa5a6ac9bb:MiniMax-M3,MiniMax-M3,MiniMax-M3,True,
0eea423e2173c355df97:glm-5.3,glm-5.3,glm-5.3,True,
5f801344642467214ae0:glm-5.3,glm-5.3,glm-5.3,True,
4ee3d1e94992fcd417af:MiniMax-M3,MiniMax-M3,MiniMax-M3,True,
ba4d37c6f6c3e96563c3:glm-5.3,glm-5.3,glm-5.3,True,
45976e8099344233b441:glm-5.3,glm-5.3,glm-5.3,True,
9be5e0ca00bf8a39f0b0:MiniMax-M3,MiniMax-M3,MiniMax-M3,True,
b5bb6d41eb5f51188962:glm-5.3,glm-5.3,glm-5.3,True,
cc53759ee91a92c7ca44:glm-5.3,glm-5.3,glm-5.3,True,
0e92ecb0523ffe51f3dc:deepseek-v4-pro,deepseek-v4-pro,deepseek-v4-pro,True,
c9624ad1007b45c6fd3a:glm-5.3,glm-5.3,glm-5.3,True,
f53857ed7179dd015126:glm-5.3,glm-5.3,glm-5.3,True,
4e0b3c607804cd1ed819:MiniMax-M3,MiniMax-M3,MiniMax-M3,True,
d2a814b82092eca36634:MiniMax-M3,MiniMax-M3,MiniMax-M3,True,
5e4c3c2a78bea798fab0:MiniMax-M3,MiniMax-M3,MiniMax-M3,True,
4aba9618d5e46a0296a4:deepseek-v4-pro,deepseek-v4-pro,deepseek-v4-pro,True,
493164651a26dd8c45b9:deepseek-v4-pro,deepseek-v4-pro,deepseek-v4-pro,True,
c2a6ea96d77735cd57a4:MiniMax-M3,MiniMax-M3,MiniMax-M3,True,
c0e98a10cf21fd670b5c:glm-5.3,glm-5.3,glm-5.3,True,
3a1b5d16fdd19e4eafdd:MiniMax-M3,MiniMax-M3,MiniMax-M3,True,
2a828bb9eabde47b011e:MiniMax-M3,MiniMax-M3,MiniMax-M3,True,
ac02e10555296273383a:glm-5.3,glm-5.3,glm-5.3,True,
9f63baadd98964de9dd0:MiniMax-M3,MiniMax-M3,MiniMax-M3,True,
7d6f5432570a6fc04716:glm-5.3,glm-5.3,glm-5.3,True,
3a91e0923ee16e7d0256:glm-5.3,glm-5.3,glm-5.3,True,
e560d695abf21a542f72:glm-5.3,glm-5.3,glm-5.3,True,
5f5761510704e7db7b79:MiniMax-M3,MiniMax-M3,MiniMax-M3,True,
4b24d1d1c7399208ca65:glm-5.3,glm-5.3,glm-5.3,True,
1c7fd907eeadeb03be9c:MiniMax-M3,MiniMax-M3,MiniMax-M3,True,
86dd6550652f89e618eb:deepseek-v4-pro,deepseek-v4-pro,deepseek-v4-pro,True,
906d7b29fab4d422f6b3:glm-5.3,glm-5.3,glm-5.3,True,
5a43fc044590275c6602:glm-5.3,glm-5.3,glm-5.3,True,
cc459c016e2178efaea5:glm-5.3,glm-5.3,glm-5.3,True,
b1f7fa69305bba7b6afe:glm-5.3,glm-5.3,glm-5.3,True,
f1a9faa1a466d8d8e866:glm-5.3,glm-5.3,glm-5.3,True,
46196ff8cfa828491f45:MiniMax-M3,MiniMax-M3,MiniMax-M3,True,
1656484696f64a3791ab:deepseek-v4-pro,deepseek-v4-pro,deepseek-v4-pro,True,
357b6fe64cd5463b893f:MiniMax-M3,MiniMax-M3,MiniMax-M3,True,
d95101e70bf8fa6d3a20:deepseek-v4-pro,deepseek-v4-pro,deepseek-v4-pro,True,
d6a3cae4e81ceef52ce8:glm-5.3,glm-5.3,glm-5.3,True,
6ba852db68f6078ae6b3:MiniMax-M3,MiniMax-M3,MiniMax-M3,True,
fd211b21f40b1edb682f:MiniMax-M3,MiniMax-M3,MiniMax-M3,True,
dda729e68b19348a783c:deepseek-v4-pro,deepseek-v4-pro,deepseek-v4-pro,True,
6993af4044461dd783cd:glm-5.3,glm-5.3,glm-5.3,True,
cb241f793453747c300d:glm-5.3,glm-5.3,glm-5.3,True,
f8541ec1d4378d148802:deepseek-v4-pro,deepseek-v4-pro,deepseek-v4-pro,True,
a993ca3bc38bbd9554a1:glm-5.3,glm-5.3,glm-5.3,True,
432aee4a3a16b2d1e770:glm-5.3,glm-5.3,glm-5.3,True,
a14a2ddf45528afde784:MiniMax-M3,MiniMax-M3,MiniMax-M3,True,
33540afba512be8fe1e1:glm-5.3,glm-5.3,glm-5.3,True,
62bb38f81b7187ba4ab9:MiniMax-M3,MiniMax-M3,MiniMax-M3,True,
1f517b8e67e33e659e46:deepseek-v4-pro,deepseek-v4-pro,deepseek-v4-pro,True,
a1b65beed0ad7ca83bf7:MiniMax-M3,MiniMax-M3,MiniMax-M3,True,
3f4033cab4f92dea5f2c:deepseek-v4-pro,deepseek-v4-pro,deepseek-v4-pro,True,
228c7a3eaf88000d22d5:deepseek-v4-pro,deepseek-v4-pro,deepseek-v4-pro,True,
5a9f3b5ea5a7585daf8a:glm-5.3,glm-5.3,glm-5.3,True,
31316e372b7e1e8385f8:MiniMax-M3,MiniMax-M3,MiniMax-M3,True,
513a87a1c117987b86a2:deepseek-v4-pro,deepseek-v4-pro,deepseek-v4-pro,True,
13125c99fada688d1b20:MiniMax-M3,MiniMax-M3,MiniMax-M3,True,
71372af67e658fbf6629:MiniMax-M3,MiniMax-M3,MiniMax-M3,True,
341371d5fe2042de990a:deepseek-v4-pro,deepseek-v4-pro,deepseek-v4-pro,True,
52e387754d41a9a95c07:glm-5.3,glm-5.3,glm-5.3,True,
1eef03456d1e2a7fcaac:glm-5.3,glm-5.3,glm-5.3,True,
a61a1c0513fa518352ef:glm-5.3,glm-5.3,glm-5.3,True,
68ff5a84c8780bb69ffa:glm-5.3,glm-5.3,glm-5.3,True,
e95770a879c22a94460a:deepseek-v4-pro,deepseek-v4-pro,deepseek-v4-pro,True,
a5900b3ae1571eced4ba:MiniMax-M3,MiniMax-M3,MiniMax-M3,True,
2bd7d49df4da21544ee3:glm-5.3,glm-5.3,glm-5.3,True,
c1a7c77bd2ab8fa67276:glm-5.3,glm-5.3,glm-5.3,True,
6993af4044461dd783cd:deepseek-v4-pro,deepseek-v4-pro,deepseek-v4-pro,True,
cf771ea2d6966de40b06:glm-5.3,glm-5.3,glm-5.3,True,
ae8d415f4d0235c9548d:glm-5.3,glm-5.3,glm-5.3,True,
2495c887772ccf1f927f:MiniMax-M3,MiniMax-M3,MiniMax-M3,True,
907011cc08aa9fb8f1c8:glm-5.3,glm-5.3,glm-5.3,True,
35c1e10e9621027b04c0:glm-5.3,glm-5.3,glm-5.3,True,
4b741e6fc0692f43320a:glm-5.3,glm-5.3,glm-5.3,True,
4314045aab079c31fbfc:deepseek-v4-pro,deepseek-v4-pro,deepseek-v4-pro,True,
186c9fd6b9f504f07650:MiniMax-M3,MiniMax-M3,MiniMax-M3,True,
74d2f89815234e66f48e:glm-5.3,glm-5.3,glm-5.3,True,
3867065eabcaab444f92:glm-5.3,glm-5.3,glm-5.3,True,
dc2e633a960d8e238ec3:glm-5.3,glm-5.3,glm-5.3,True,
ec1626a36bc800fc35dc:MiniMax-M3,MiniMax-M3,MiniMax-M3,True,
9066376254fd5968cf39:deepseek-v4-pro,deepseek-v4-pro,deepseek-v4-pro,True,
db671659ebca310dd6fe:deepseek-v4-pro,deepseek-v4-pro,deepseek-v4-pro,True,
4ab9a0a54bc6bbcbce4a:glm-5.3,glm-5.3,glm-5.3,True,
b72518f0387123a8536e:deepseek-v4-pro,deepseek-v4-pro,deepseek-v4-pro,True,
d4ba73f52d95518169ff:deepseek-v4-pro,deepseek-v4-pro,deepseek-v4-pro,True,
85dfdbadb89bc4bfcb3a:MiniMax-M3,MiniMax-M3,MiniMax-M3,True,
b9f98c2f5fbf66c542b8:glm-5.3,glm-5.3,glm-5.3,True,
b46bdf167aff7e6d6196:deepseek-v4-pro,deepseek-v4-pro,deepseek-v4-pro,True,
bba9e47cbf3d747f9ac1:MiniMax-M3,MiniMax-M3,MiniMax-M3,True,
f5e6a7d6c83fcc953ad6:deepseek-v4-pro,deepseek-v4-pro,deepseek-v4-pro,True,
0a8e8bfb2651ca4e8f69:deepseek-v4-pro,deepseek-v4-pro,deepseek-v4-pro,True,
5987190e87e1cf118243:deepseek-v4-pro,deepseek-v4-pro,deepseek-v4-pro,True,
ed473e11a44bf611d63c:glm-5.3,glm-5.3,glm-5.3,True,
3696d1fdd49ddfe97bb1:MiniMax-M3,MiniMax-M3,MiniMax-M3,True,
3feaf1771ee8f1a28aa6:MiniMax-M3,MiniMax-M3,MiniMax-M3,True,
04068484d175177ee50f:MiniMax-M3,MiniMax-M3,MiniMax-M3,True,
62e5af674f7d17e81c8d:MiniMax-M3,MiniMax-M3,MiniMax-M3,True,
3857845fc8287aa8aea3:deepseek-v4-pro,deepseek-v4-pro,deepseek-v4-pro,True,
bd103190663f8c2acc7c:deepseek-v4-pro,deepseek-v4-pro,deepseek-v4-pro,True,
42872b971f4b90afca90:glm-5.3,glm-5.3,glm-5.3,True,
58c35bc3f580146a730b:glm-5.3,glm-5.3,glm-5.3,True,
1cb97690ed488dff584b:deepseek-v4-pro,deepseek-v4-pro,deepseek-v4-pro,True,
ade2a39cc6833721c024:glm-5.3,glm-5.3,glm-5.3,True,
484e17beef9164c0983a:deepseek-v4-pro,deepseek-v4-pro,deepseek-v4-pro,True,
7b697802b4260787fa65:glm-5.3,glm-5.3,glm-5.3,True,
d0700214a40a094613c4:MiniMax-M3,MiniMax-M3,MiniMax-M3,True,
0e56f325ef27d08a471d:deepseek-v4-pro,deepseek-v4-pro,deepseek-v4-pro,True,
ea4df5f42a48bb736f7b:deepseek-v4-pro,deepseek-v4-pro,deepseek-v4-pro,True,
458efa1884e72bbb3b04:MiniMax-M3,MiniMax-M3,MiniMax-M3,True,
defdd704f5dadf804e41:MiniMax-M3,MiniMax-M3,MiniMax-M3,True,
abe6a115c44ada56c169:glm-5.3,glm-5.3,glm-5.3,True,
b4afddad15b4c13bc3c1:MiniMax-M3,MiniMax-M3,MiniMax-M3,True,
7e43cd3d8b8ac1cbe76b:glm-5.3,glm-5.3,glm-5.3,True,
84d9c6af3964a4c6ad67:deepseek-v4-pro,deepseek-v4-pro,deepseek-v4-pro,True,
96742e610544974a8a92:deepseek-v4-pro,deepseek-v4-pro,deepseek-v4-pro,True,
e5cbb1aca2d160b60cbb:MiniMax-M3,MiniMax-M3,MiniMax-M3,True,
0ccea6345713bf2c4347:deepseek-v4-pro,deepseek-v4-pro,deepseek-v4-pro,True,
747e557ec0f97541c722:MiniMax-M3,MiniMax-M3,MiniMax-M3,True,
d4e78f95f61626954378:MiniMax-M3,MiniMax-M3,MiniMax-M3,True,
c1e46a3f80660ffbc029:MiniMax-M3,MiniMax-M3,MiniMax-M3,True,
b450eb8aae4dc50b8160:glm-5.3,glm-5.3,glm-5.3,True,
6052e419ec8a8446f084:glm-5.3,glm-5.3,glm-5.3,True,
d364ea5a297150be2ff7:glm-5.3,glm-5.3,glm-5.3,True,
a9f2220f9a3c010c7121:MiniMax-M3,MiniMax-M3,MiniMax-M3,True,
1109214565a2742d60e0:glm-5.3,glm-5.3,glm-5.3,True,
934323a0cee800747c7c:deepseek-v4-pro,deepseek-v4-pro,deepseek-v4-pro,True,
07bd0e7b34e7e2950f36:glm-5.3,glm-5.3,glm-5.3,True,
073dc8d41e8dc7d1ede4:deepseek-v4-pro,deepseek-v4-pro,deepseek-v4-pro,True,
7390a408cc82aaa7016f:MiniMax-M3,MiniMax-M3,MiniMax-M3,True,
b452b47f9ae7679dcef5:deepseek-v4-pro,deepseek-v4-pro,deepseek-v4-pro,True,
51d42a80c6bce2eba00c:MiniMax-M3,MiniMax-M3,MiniMax-M3,True,
ba972e45cbc861ef7be9:deepseek-v4-pro,deepseek-v4-pro,deepseek-v4-pro,True,
60dea4c072b1ebb658df:glm-5.3,glm-5.3,glm-5.3,True,
023688084a38ec5d9412:MiniMax-M3,MiniMax-M3,MiniMax-M3,True,
22c0297c4c0c2655a3e3:glm-5.3,glm-5.3,glm-5.3,True,
0e29323e45f9e1d82e03:deepseek-v4-pro,deepseek-v4-pro,deepseek-v4-pro,True,
27546ca07255d23223ef:glm-5.3,glm-5.3,glm-5.3,True,
34056686195eeb320a9b:deepseek-v4-pro,deepseek-v4-pro,deepseek-v4-pro,True,
0add3aae53e810626390:deepseek-v4-pro,deepseek-v4-pro,deepseek-v4-pro,True,
dc2e633a960d8e238ec3:deepseek-v4-pro,deepseek-v4-pro,deepseek-v4-pro,True,
1d3262570509fcb03c55:glm-5.3,glm-5.3,glm-5.3,True,
bdbcb77539d7ff651567:MiniMax-M3,MiniMax-M3,MiniMax-M3,True,
ce8d83e42ccee8ce48a2:glm-5.3,glm-5.3,glm-5.3,True,
255417ea57024a85ec7c:glm-5.3,glm-5.3,glm-5.3,True,
672694de038f7eed1590:glm-5.3,glm-5.3,glm-5.3,True,
170e72e93619e2fb8d08:deepseek-v4-pro,deepseek-v4-pro,deepseek-v4-pro,True,
4a84937d79a816b5d14d:MiniMax-M3,MiniMax-M3,MiniMax-M3,True,
996276b10620abf75ea5:deepseek-v4-pro,deepseek-v4-pro,deepseek-v4-pro,True,
00f031820ec962074171:MiniMax-M3,MiniMax-M3,MiniMax-M3,True,
4c19c32ca6b59c09a45f:deepseek-v4-pro,deepseek-v4-pro,deepseek-v4-pro,True,
4b02b02c5b96a941ed72:MiniMax-M3,MiniMax-M3,MiniMax-M3,True,
e98daaaef70d3bc9daa1:deepseek-v4-pro,deepseek-v4-pro,deepseek-v4-pro,True,
fdcc17249313d2bfa246:deepseek-v4-pro,deepseek-v4-pro,deepseek-v4-pro,True,
216546e8275f08f6d884:deepseek-v4-pro,deepseek-v4-pro,deepseek-v4-pro,True,
be4f7c1f5db04bbb77dc:glm-5.3,glm-5.3,glm-5.3,True,
ae07b7a5e1ffd4c56975:glm-5.3,glm-5.3,glm-5.3,True,
b5dacb9c5bc8d89e04d2:deepseek-v4-pro,deepseek-v4-pro,deepseek-v4-pro,True,
2b5710b8a23778e44ea9:MiniMax-M3,MiniMax-M3,MiniMax-M3,True,
bc900fb176b0cd11be0e:deepseek-v4-pro,deepseek-v4-pro,deepseek-v4-pro,True,
1224ccfe52e3b26cc12d:deepseek-v4-pro,deepseek-v4-pro,deepseek-v4-pro,True,
4a848248f95d93f14450:deepseek-v4-pro,deepseek-v4-pro,deepseek-v4-pro,True,
9e306122fcd22712f924:MiniMax-M3,MiniMax-M3,MiniMax-M3,True,
7695d860ac985bc42920:glm-5.3,glm-5.3,glm-5.3,True,
84d9c6af3964a4c6ad67:MiniMax-M3,MiniMax-M3,MiniMax-M3,True,
7adc61d48e5e61626374:MiniMax-M3,MiniMax-M3,MiniMax-M3,True,
d4cc6d03cfba8ed0d6f6:glm-5.3,glm-5.3,glm-5.3,True,
d75eaab9ea9710fd80bd:glm-5.3,glm-5.3,glm-5.3,True,
979b67133d2ba537c232:glm-5.3,glm-5.3,glm-5.3,True,
3f6719795d64f7057a9b:glm-5.3,glm-5.3,glm-5.3,True,
4d60a3c68baa6fd0f381:MiniMax-M3,MiniMax-M3,MiniMax-M3,True,
b49f0ab036c7cf2fe292:deepseek-v4-pro,deepseek-v4-pro,deepseek-v4-pro,True,
c8d4313b79b65065839b:MiniMax-M3,MiniMax-M3,MiniMax-M3,True,
d75eaab9ea9710fd80bd:MiniMax-M3,MiniMax-M3,MiniMax-M3,True,
e0e61b687bd9c97e0c5e:deepseek-v4-pro,deepseek-v4-pro,deepseek-v4-pro,True,
2343e5620a46feb0d56d:glm-5.3,glm-5.3,glm-5.3,True,
1f7651a3435a2cfa4093:MiniMax-M3,MiniMax-M3,MiniMax-M3,True,
97c4f15604c9b4793cc2:glm-5.3,glm-5.3,glm-5.3,True,
c1387bca2ca3727cbada:glm-5.3,glm-5.3,glm-5.3,True,
992978e19680d9930eb8:deepseek-v4-pro,deepseek-v4-pro,deepseek-v4-pro,True,
d6ed13648b7182d019a6:MiniMax-M3,MiniMax-M3,MiniMax-M3,True,
2c25ca75a68cc63edd7c:MiniMax-M3,MiniMax-M3,MiniMax-M3,True,
84f7a287315ab8ee76cc:glm-5.3,glm-5.3,glm-5.3,True,
0f2d0fe3fbed6151798f:glm-5.3,glm-5.3,glm-5.3,True,
d6d6b993d1f1d6c21eb5:glm-5.3,glm-5.3,glm-5.3,True,
70bcde50d3d2d1e7bd7c:glm-5.3,glm-5.3,glm-5.3,True,
d962bd7e96a856864ebb:deepseek-v4-pro,deepseek-v4-pro,deepseek-v4-pro,True,
52e186c6f90b42386819:deepseek-v4-pro,deepseek-v4-pro,deepseek-v4-pro,True,
d33ea79c81c33d2899fd:deepseek-v4-pro,deepseek-v4-pro,deepseek-v4-pro,True,
8ef06526ba928114704e:deepseek-v4-pro,deepseek-v4-pro,deepseek-v4-pro,True,
2b354bf001afec641d02:MiniMax-M3,MiniMax-M3,MiniMax-M3,True,
eeb7af1f1f98d7e4c1a9:MiniMax-M3,MiniMax-M3,MiniMax-M3,True,
9613cd7b7096de762a6c:deepseek-v4-pro,deepseek-v4-pro,deepseek-v4-pro,True,
283572a85dc7f260c823:deepseek-v4-pro,deepseek-v4-pro,deepseek-v4-pro,True,
ecd05e2083153ab15a1c:glm-5.3,glm-5.3,glm-5.3,True,
a838b108df9169864db4:glm-5.3,glm-5.3,glm-5.3,True,
30ef6b3c563a74af3a09:MiniMax-M3,MiniMax-M3,MiniMax-M3,True,
2c199f946200794ef01b:deepseek-v4-pro,deepseek-v4-pro,deepseek-v4-pro,True,
fca78091ddbf591db8dc:deepseek-v4-pro,deepseek-v4-pro,deepseek-v4-pro,True,
24985cb3543de3853080:glm-5.3,glm-5.3,glm-5.3,True,
8104189a9a8cc6aca06a:MiniMax-M3,MiniMax-M3,MiniMax-M3,True,
85809d5165243145238f:MiniMax-M3,MiniMax-M3,MiniMax-M3,True,
7cd4dc70c4f91cf3f54a:MiniMax-M3,MiniMax-M3,MiniMax-M3,True,
ecd05e2083153ab15a1c:MiniMax-M3,MiniMax-M3,MiniMax-M3,True,
ed9b534774ffe0cc3092:glm-5.3,glm-5.3,glm-5.3,True,
94d9e33d1a8d7f54ce35:deepseek-v4-pro,deepseek-v4-pro,deepseek-v4-pro,True,
f999c031dd3fd4359ff7:deepseek-v4-pro,deepseek-v4-pro,deepseek-v4-pro,True,
c806db8e63f85991e993:glm-5.3,glm-5.3,glm-5.3,True,
035f8611f4ebdd54e58e:deepseek-v4-pro,deepseek-v4-pro,deepseek-v4-pro,True,
a91352696ba9c06a436a:deepseek-v4-pro,deepseek-v4-pro,deepseek-v4-pro,True,
47bc5924638ecff97104:deepseek-v4-pro,deepseek-v4-pro,deepseek-v4-pro,True,
b80e977c2523f1ed3ed0:glm-5.3,glm-5.3,glm-5.3,True,
f2a9c7246d5eb27214a0:MiniMax-M3,MiniMax-M3,MiniMax-M3,True,
c6d3b0737abe9ca16646:MiniMax-M3,MiniMax-M3,MiniMax-M3,True,
8a7d64200957b9e9a6c6:MiniMax-M3,MiniMax-M3,MiniMax-M3,True,
0826a92ae87229102f70:glm-5.3,glm-5.3,glm-5.3,True,
92d78f13a662d0f9d7d3:glm-5.3,glm-5.3,glm-5.3,True,
2b9c141fcb38cd88eabd:MiniMax-M3,MiniMax-M3,MiniMax-M3,True,
18e889644a6275d6964a:deepseek-v4-pro,deepseek-v4-pro,deepseek-v4-pro,True,
3e56a35ecfacfe0ee1fa:glm-5.3,glm-5.3,glm-5.3,True,
e87f0b79c9ec22fc5a4a:MiniMax-M3,MiniMax-M3,MiniMax-M3,True,
2044a4eac61e6e3acdd6:glm-5.3,glm-5.3,glm-5.3,True,
5a16eab3d63b2a589867:MiniMax-M3,MiniMax-M3,MiniMax-M3,True,
c93d0c06aaa7f2037b43:MiniMax-M3,MiniMax-M3,MiniMax-M3,True,
626366fd5fa898cf6805:MiniMax-M3,MiniMax-M3,MiniMax-M3,True,
9c692ea477af7130f341:glm-5.3,glm-5.3,glm-5.3,True,
82b11e3e5410f31806ac:glm-5.3,glm-5.3,glm-5.3,True,
88704cbd0945d467c121:glm-5.3,glm-5.3,glm-5.3,True,
44396a2c0baea0461d7c:deepseek-v4-pro,deepseek-v4-pro,deepseek-v4-pro,True,
ca23932819b9594b07f3:MiniMax-M3,MiniMax-M3,MiniMax-M3,True,
e7816522cba3512ab21d:glm-5.3,glm-5.3,glm-5.3,True,
7e45ebecf57ad4c212f6:glm-5.3,glm-5.3,glm-5.3,True,
48f85fcb30c2964e345e:glm-5.3,glm-5.3,glm-5.3,True,
1bc169a7f15a43d497c4:glm-5.3,glm-5.3,glm-5.3,True,
bea07a97cbb3ef25980c:deepseek-v4-pro,deepseek-v4-pro,deepseek-v4-pro,True,
f7c3659112cd9bba7e1c:deepseek-v4-pro,deepseek-v4-pro,deepseek-v4-pro,True,
a494fd8c2752adac0c57:MiniMax-M3,MiniMax-M3,MiniMax-M3,True,
6a476d17e0adf092f32d:MiniMax-M3,MiniMax-M3,MiniMax-M3,True,
638f864c3f32fc6095a0:MiniMax-M3,MiniMax-M3,MiniMax-M3,True,
f82c2789c73f26e45d3b:deepseek-v4-pro,deepseek-v4-pro,deepseek-v4-pro,True,
6eda635cb967cdbdcc60:deepseek-v4-pro,deepseek-v4-pro,deepseek-v4-pro,True,
1f8468d6ce67abd49c7b:MiniMax-M3,MiniMax-M3,MiniMax-M3,True,
b1ca394ddbca33286a8b:MiniMax-M3,MiniMax-M3,MiniMax-M3,True,
c59af5f1822631da7c58:glm-5.3,glm-5.3,glm-5.3,True,
c965c0d5c58f01688739:MiniMax-M3,MiniMax-M3,MiniMax-M3,True,
661b77a03c553f7ef7d4:deepseek-v4-pro,deepseek-v4-pro,deepseek-v4-pro,True,
bc058bed3518559b9130:MiniMax-M3,MiniMax-M3,MiniMax-M3,True,
65c2b2283233bd64f544:glm-5.3,glm-5.3,glm-5.3,True,
923ab1ad127e5c84beba:glm-5.3,glm-5.3,glm-5.3,True,
4b1dec86b7f3accb0bb2:glm-5.3,glm-5.3,glm-5.3,True,
e74565ba49a81d3981c4:MiniMax-M3,MiniMax-M3,MiniMax-M3,True,
cd4165d66dd4caa4f8d3:deepseek-v4-pro,deepseek-v4-pro,deepseek-v4-pro,True,
92245ef650e76fd86ce8:glm-5.3,glm-5.3,glm-5.3,True,
434585360053bc23904c:glm-5.3,glm-5.3,glm-5.3,True,
c8cb8818cdd1d0163cff:glm-5.3,glm-5.3,glm-5.3,True,
387ecc41aa57c10a9de9:MiniMax-M3,MiniMax-M3,MiniMax-M3,True,
9cc93c7f274239ab1873:deepseek-v4-pro,deepseek-v4-pro,deepseek-v4-pro,True,
5fda2f1d61f35b4db666:deepseek-v4-pro,deepseek-v4-pro,deepseek-v4-pro,True,
3758545c0a53e107d9a0:glm-5.3,glm-5.3,glm-5.3,True,
c85f86c721ce0250ce47:MiniMax-M3,MiniMax-M3,MiniMax-M3,True,
6cefe55e674788d49ed1:deepseek-v4-pro,deepseek-v4-pro,deepseek-v4-pro,True,
bd103190663f8c2acc7c:glm-5.3,glm-5.3,glm-5.3,True,
dba457719706abe343e3:deepseek-v4-pro,deepseek-v4-pro,deepseek-v4-pro,True,
379bd5e9cc8a31ea692b:deepseek-v4-pro,deepseek-v4-pro,deepseek-v4-pro,True,
3c87152bc07429a98979:glm-5.3,glm-5.3,glm-5.3,True,
87ad058cd61affc28a09:MiniMax-M3,MiniMax-M3,MiniMax-M3,True,
fd83fe65a8ac110885e0:deepseek-v4-pro,deepseek-v4-pro,deepseek-v4-pro,True,
cdf5af42bac527079897:deepseek-v4-pro,deepseek-v4-pro,deepseek-v4-pro,True,
36e63544ef64ce010ea2:MiniMax-M3,MiniMax-M3,MiniMax-M3,True,
8cdeced389e4f3c10a95:deepseek-v4-pro,deepseek-v4-pro,deepseek-v4-pro,True,
f121445b4caf3c017bc9:deepseek-v4-pro,deepseek-v4-pro,deepseek-v4-pro,True,
a5f21cacf0dfcadbe2e0:MiniMax-M3,MiniMax-M3,MiniMax-M3,True,
289c04c7e47a86410173:MiniMax-M3,MiniMax-M3,MiniMax-M3,True,
3d9653da0cc5e5197c16:deepseek-v4-pro,deepseek-v4-pro,deepseek-v4-pro,True,
fd83fe65a8ac110885e0:MiniMax-M3,MiniMax-M3,MiniMax-M3,True,
1ca0e0ff0c40ded76776:deepseek-v4-pro,deepseek-v4-pro,deepseek-v4-pro,True,
6a476d17e0adf092f32d:deepseek-v4-pro,deepseek-v4-pro,deepseek-v4-pro,True,
880ecfaac3c639f85909:MiniMax-M3,MiniMax-M3,MiniMax-M3,True,
aa8f2ffb7435ccdac82d:deepseek-v4-pro,deepseek-v4-pro,deepseek-v4-pro,True,
0b049f650e141f01c7db:deepseek-v4-pro,deepseek-v4-pro,deepseek-v4-pro,True,
19d9ff5c0c47d220bf11:glm-5.3,glm-5.3,glm-5.3,True,
3666d8100322032128a1:MiniMax-M3,MiniMax-M3,MiniMax-M3,True,
45861c3139500b35c5fc:deepseek-v4-pro,deepseek-v4-pro,deepseek-v4-pro,True,
6cff78571b75146a0ab2:glm-5.3,glm-5.3,glm-5.3,True,
e29b4d80c7266fede92b:glm-5.3,glm-5.3,glm-5.3,True,
bb9d0d6b0ad44adde203:MiniMax-M3,MiniMax-M3,MiniMax-M3,True,
f14906cc629dac83bca1:glm-5.3,glm-5.3,glm-5.3,True,
9b900726a1f9afd27ab3:deepseek-v4-pro,deepseek-v4-pro,deepseek-v4-pro,True,
db7b30765780b71ab539:glm-5.3,glm-5.3,glm-5.3,True,
b39f5c0e741912c2bf9e:glm-5.3,glm-5.3,glm-5.3,True,
cf08b7e9e6b799ceea6b:deepseek-v4-pro,deepseek-v4-pro,deepseek-v4-pro,True,
3bc84e43540a17ca358d:MiniMax-M3,MiniMax-M3,MiniMax-M3,True,
56b764df74798c79cf3b:MiniMax-M3,MiniMax-M3,MiniMax-M3,True,
9117948bc635965b824a:MiniMax-M3,MiniMax-M3,MiniMax-M3,True,
e02db5504016f0be0c7e:MiniMax-M3,MiniMax-M3,MiniMax-M3,True,
d9f1df61119b17d70fd9:deepseek-v4-pro,deepseek-v4-pro,deepseek-v4-pro,True,
ceb43f52580305bd2fba:deepseek-v4-pro,deepseek-v4-pro,deepseek-v4-pro,True,
ffc6e1d6defd4220b8db:glm-5.3,glm-5.3,glm-5.3,True,
6c13be19941fc79538ca:deepseek-v4-pro,deepseek-v4-pro,deepseek-v4-pro,True,
5eaed916bbe1a1daf029:glm-5.3,glm-5.3,glm-5.3,True,
19f26d128e4f1ab3e512:glm-5.3,glm-5.3,glm-5.3,True,
d7ed2862c0753c25e2e4:MiniMax-M3,MiniMax-M3,MiniMax-M3,True,
85e97ca8305d47c2de79:deepseek-v4-pro,deepseek-v4-pro,deepseek-v4-pro,True,
ad2b1bc01f065ec8a5a7:deepseek-v4-pro,deepseek-v4-pro,deepseek-v4-pro,True,
05aed63625d7b0214138:deepseek-v4-pro,deepseek-v4-pro,deepseek-v4-pro,True,
f4cc409bf9b26a4de4d8:glm-5.3,glm-5.3,glm-5.3,True,
b0762f8e41472016f857:MiniMax-M3,MiniMax-M3,MiniMax-M3,True,
9e43de887431e4f58bf0:glm-5.3,glm-5.3,glm-5.3,True,
68a6d509754c38c7390a:MiniMax-M3,MiniMax-M3,MiniMax-M3,True,
797ed733e7c10aac6256:deepseek-v4-pro,deepseek-v4-pro,deepseek-v4-pro,True,
eb91da860bf48d176be2:deepseek-v4-pro,deepseek-v4-pro,deepseek-v4-pro,True,
26fc78f89b3afc94390a:glm-5.3,glm-5.3,glm-5.3,True,
0a63ea3c5f9efaa1cac2:deepseek-v4-pro,deepseek-v4-pro,deepseek-v4-pro,True,
50aba147c04056b36631:MiniMax-M3,MiniMax-M3,MiniMax-M3,True,
4d7a2032eaa82de5aeb2:glm-5.3,glm-5.3,glm-5.3,True,
ca07308e8c4f39628355:glm-5.3,glm-5.3,glm-5.3,True,
bd654cf2cc58655228be:glm-5.3,glm-5.3,glm-5.3,True,
df864a51149d4fc7041a:glm-5.3,glm-5.3,glm-5.3,True,
53d0ba813b253e4ce1e2:deepseek-v4-pro,deepseek-v4-pro,deepseek-v4-pro,True,
a998ded4b2412d79b123:MiniMax-M3,MiniMax-M3,MiniMax-M3,True,
9e306122fcd22712f924:glm-5.3,glm-5.3,glm-5.3,True,
6ba852db68f6078ae6b3:glm-5.3,glm-5.3,glm-5.3,True,
d47a455b63e110fe1e76:deepseek-v4-pro,deepseek-v4-pro,deepseek-v4-pro,True,
282760bc0e6ef1c6e115:MiniMax-M3,MiniMax-M3,MiniMax-M3,True,
9426de751d4660ebdd65:glm-5.3,glm-5.3,glm-5.3,True,
ea41511dbe7e90d26f29:deepseek-v4-pro,deepseek-v4-pro,deepseek-v4-pro,True,
40d119ab8c86cd4ee34c:MiniMax-M3,MiniMax-M3,MiniMax-M3,True,
3d023eed949b217cb35a:MiniMax-M3,MiniMax-M3,MiniMax-M3,True,
66aeadb4d3db868e5822:MiniMax-M3,MiniMax-M3,MiniMax-M3,True,
dad8a1b10d6e29478480:MiniMax-M3,MiniMax-M3,MiniMax-M3,True,
c48fd94db1c0170c6f2b:deepseek-v4-pro,deepseek-v4-pro,deepseek-v4-pro,True,
edcd8463fd069c7a1366:deepseek-v4-pro,deepseek-v4-pro,deepseek-v4-pro,True,
7a5bfb7a9f56c7eeaeda:deepseek-v4-pro,deepseek-v4-pro,deepseek-v4-pro,True,
4ce27619edf7cdc46f4d:deepseek-v4-pro,deepseek-v4-pro,deepseek-v4-pro,True,
f9a45d74959a76b5fab8:glm-5.3,glm-5.3,glm-5.3,True,
0071a71b9fc493c119d8:MiniMax-M3,MiniMax-M3,MiniMax-M3,True,
4ea52342707da6c81a7c:MiniMax-M3,MiniMax-M3,MiniMax-M3,True,
3057f313fc8ffb578c30:deepseek-v4-pro,deepseek-v4-pro,deepseek-v4-pro,True,
bc1da53811ad10ec2e8d:deepseek-v4-pro,deepseek-v4-pro,deepseek-v4-pro,True,
fddc15713d9544eb2fd0:MiniMax-M3,MiniMax-M3,MiniMax-M3,True,
34a98e5c3f510370e52b:deepseek-v4-pro,deepseek-v4-pro,deepseek-v4-pro,True,
f975bcfb89816bdde669:deepseek-v4-pro,deepseek-v4-pro,deepseek-v4-pro,True,
09f83ae9f75f8765d1e1:MiniMax-M3,MiniMax-M3,MiniMax-M3,True,
d6525c9a9c5c975d53b7:deepseek-v4-pro,deepseek-v4-pro,deepseek-v4-pro,True,
b261e9a4b53ba14d8c07:MiniMax-M3,MiniMax-M3,MiniMax-M3,True,
2900c9c732d762316c71:MiniMax-M3,MiniMax-M3,MiniMax-M3,True,
f855aae1ed6edea3643a:MiniMax-M3,MiniMax-M3,MiniMax-M3,True,
2ae89cd8b592995a9ebe:deepseek-v4-pro,deepseek-v4-pro,deepseek-v4-pro,True,
7d2f28e0bdbc0365b96a:MiniMax-M3,MiniMax-M3,MiniMax-M3,True,
d34408646bb4a2aab21f:glm-5.3,glm-5.3,glm-5.3,True,
4e610010a51299b84a38:deepseek-v4-pro,deepseek-v4-pro,deepseek-v4-pro,True,
8a442bb67e24c4c25b43:MiniMax-M3,MiniMax-M3,MiniMax-M3,True,
14e21113a27517d3fdca:glm-5.3,glm-5.3,glm-5.3,True,
3857845fc8287aa8aea3:glm-5.3,glm-5.3,glm-5.3,True,
e82bf04a06dea6d77c72:deepseek-v4-pro,deepseek-v4-pro,deepseek-v4-pro,True,
d66fd18f080460014dec:MiniMax-M3,MiniMax-M3,MiniMax-M3,True,
4ea52342707da6c81a7c:glm-5.3,glm-5.3,glm-5.3,True,
3794af68090ddf1b9c67:glm-5.3,glm-5.3,glm-5.3,True,
a6dd442f05a9a099217d:glm-5.3,glm-5.3,glm-5.3,True,
44578ddc22edc30c0042:deepseek-v4-pro,deepseek-v4-pro,deepseek-v4-pro,True,
16b8d907400ab736b53a:deepseek-v4-pro,deepseek-v4-pro,deepseek-v4-pro,True,
0da86d896699049bfcd1:MiniMax-M3,MiniMax-M3,MiniMax-M3,True,
b26cc8f62c9194ccf22c:MiniMax-M3,MiniMax-M3,MiniMax-M3,True,
d5a8df3d49a8ccdd2ea7:glm-5.3,glm-5.3,glm-5.3,True,
42be73305b3c5d17d4e8:MiniMax-M3,MiniMax-M3,MiniMax-M3,True,
166f65e8c36f46aba3b1:glm-5.3,glm-5.3,glm-5.3,True,
a26c375197474ef8e11b:MiniMax-M3,MiniMax-M3,MiniMax-M3,True,
63f4384aeebf1992aeef:MiniMax-M3,MiniMax-M3,MiniMax-M3,True,
5fb6886391c32078ad40:deepseek-v4-pro,deepseek-v4-pro,deepseek-v4-pro,True,
aa46ea0de7eeaec2feda:deepseek-v4-pro,deepseek-v4-pro,deepseek-v4-pro,True,
0dee873fac6f84c6b83f:deepseek-v4-pro,deepseek-v4-pro,deepseek-v4-pro,True,
442607c71dd08e134af6:MiniMax-M3,MiniMax-M3,MiniMax-M3,True,
f3e6de3faaba0a335177:MiniMax-M3,MiniMax-M3,MiniMax-M3,True,
3869a1b11b0a35e16549:MiniMax-M3,MiniMax-M3,MiniMax-M3,True,
726b01086e8cb2fcf814:MiniMax-M3,MiniMax-M3,MiniMax-M3,True,
9cf81057b15f1bd15c6d:deepseek-v4-pro,deepseek-v4-pro,deepseek-v4-pro,True,
bbc33fb58190f1300256:glm-5.3,glm-5.3,glm-5.3,True,
3e28db980343ea803311:deepseek-v4-pro,deepseek-v4-pro,deepseek-v4-pro,True,
b9ea1906bab2b39d34b7:MiniMax-M3,MiniMax-M3,MiniMax-M3,True,
51ac951f4fea6a214065:glm-5.3,glm-5.3,glm-5.3,True,
55f32256d309a5c7ef41:deepseek-v4-pro,deepseek-v4-pro,deepseek-v4-pro,True,
deb5567a25a0ef4a7262:MiniMax-M3,MiniMax-M3,MiniMax-M3,True,
344913d2cbb934d41567:MiniMax-M3,MiniMax-M3,MiniMax-M3,True,
fc320b6ae1b47fa0857f:MiniMax-M3,MiniMax-M3,MiniMax-M3,True,
c30f9ff6e872eb2841b7:MiniMax-M3,MiniMax-M3,MiniMax-M3,True,
ca8f704338c060a46c81:deepseek-v4-pro,deepseek-v4-pro,deepseek-v4-pro,True,
c89bba4bdb8633fe78ab:glm-5.3,glm-5.3,glm-5.3,True,
57e4c7523f8164bbda39:deepseek-v4-pro,deepseek-v4-pro,deepseek-v4-pro,True,
970ae375bda469a261a7:deepseek-v4-pro,deepseek-v4-pro,deepseek-v4-pro,True,
d711826e4b9ad69162ca:glm-5.3,glm-5.3,glm-5.3,True,
3b481ab79efd13fbe579:deepseek-v4-pro,deepseek-v4-pro,deepseek-v4-pro,True,
fdb19fb33456e36e4159:MiniMax-M3,MiniMax-M3,MiniMax-M3,True,
a3edcc988daef91b34ec:glm-5.3,glm-5.3,glm-5.3,True,
a82d36e921e2e9fd6159:glm-5.3,glm-5.3,glm-5.3,True,
692263380512b038986b:MiniMax-M3,MiniMax-M3,MiniMax-M3,True,
d3e31dc6f46e6dcab779:MiniMax-M3,MiniMax-M3,MiniMax-M3,True,
dfe38b158392c3fa6be2:deepseek-v4-pro,deepseek-v4-pro,deepseek-v4-pro,True,
601a118cf8a408e76d7d:deepseek-v4-pro,deepseek-v4-pro,deepseek-v4-pro,True,
14a0ce234acc8fddf806:glm-5.3,glm-5.3,glm-5.3,True,
5aedd656841a007b3a73:deepseek-v4-pro,deepseek-v4-pro,deepseek-v4-pro,True,
3fa7cbbc3d771420cc75:MiniMax-M3,MiniMax-M3,MiniMax-M3,True,
43bf4e4ab5ba98d1c4b0:MiniMax-M3,MiniMax-M3,MiniMax-M3,True,
5fe3ea1948175da0160d:glm-5.3,glm-5.3,glm-5.3,True,
b78a01dfae6962f3005f:MiniMax-M3,MiniMax-M3,MiniMax-M3,True,
5b1278309b5d652c0215:MiniMax-M3,MiniMax-M3,MiniMax-M3,True,
95a5a4c0c2108b4fd1d8:MiniMax-M3,MiniMax-M3,MiniMax-M3,True,
0a846aaf393f70e3a8ad:deepseek-v4-pro,deepseek-v4-pro,deepseek-v4-pro,True,
3feaf1771ee8f1a28aa6:deepseek-v4-pro,deepseek-v4-pro,deepseek-v4-pro,True,
367d22cc2d29e403c545:MiniMax-M3,MiniMax-M3,MiniMax-M3,True,
0f7e79636865f99414dc:glm-5.3,glm-5.3,glm-5.3,True,
9e80e5747f0e8c861889:glm-5.3,glm-5.3,glm-5.3,True,
22c7aca89fb8aac36190:MiniMax-M3,MiniMax-M3,MiniMax-M3,True,
78b4980a9fcd20399e42:deepseek-v4-pro,deepseek-v4-pro,deepseek-v4-pro,True,
117632364c6114eb8406:deepseek-v4-pro,deepseek-v4-pro,deepseek-v4-pro,True,
d12ea5e37282dadd6e17:MiniMax-M3,MiniMax-M3,MiniMax-M3,True,
1b95757e2efca40be3aa:deepseek-v4-pro,deepseek-v4-pro,deepseek-v4-pro,True,
4fe839476600752a8774:MiniMax-M3,MiniMax-M3,MiniMax-M3,True,
dfe7b239eb9573d33634:deepseek-v4-pro,deepseek-v4-pro,deepseek-v4-pro,True,
7f5c27c5a0adefe1879b:glm-5.3,glm-5.3,glm-5.3,True,
ee1253f3621f2d75b397:MiniMax-M3,MiniMax-M3,MiniMax-M3,True,
068799e8ede518ccca66:deepseek-v4-pro,deepseek-v4-pro,deepseek-v4-pro,True,
835fc0e6cf4ecdca3c34:glm-5.3,glm-5.3,glm-5.3,True,
675d63328b775100fc4c:MiniMax-M3,MiniMax-M3,MiniMax-M3,True,
10e34f2b843ac56250bf:MiniMax-M3,MiniMax-M3,MiniMax-M3,True,
50a507796b7280ce8b1a:deepseek-v4-pro,deepseek-v4-pro,deepseek-v4-pro,True,
7dd3b5e984990a79e610:deepseek-v4-pro,deepseek-v4-pro,deepseek-v4-pro,True,
6c10348dd76dd372b383:glm-5.3,glm-5.3,glm-5.3,True,
eefc9bd37e9af78dca7b:deepseek-v4-pro,deepseek-v4-pro,deepseek-v4-pro,True,
08fc917732e051f434d7:MiniMax-M3,MiniMax-M3,MiniMax-M3,True,
4c9727098f7042d248bf:glm-5.3,glm-5.3,glm-5.3,True,
f53857ed7179dd015126:deepseek-v4-pro,deepseek-v4-pro,deepseek-v4-pro,True,
aadd6df4f5a0a7ab9566:glm-5.3,glm-5.3,glm-5.3,True,
8745c51cd1702626eb85:glm-5.3,glm-5.3,glm-5.3,True,
60dea4c072b1ebb658df:MiniMax-M3,MiniMax-M3,MiniMax-M3,True,
3758545c0a53e107d9a0:MiniMax-M3,MiniMax-M3,MiniMax-M3,True,
c7a22b377418d1832e8e:deepseek-v4-pro,deepseek-v4-pro,deepseek-v4-pro,True,
2795794a33e7dca89e26:glm-5.3,glm-5.3,glm-5.3,True,
badfd12e6258368193a9:glm-5.3,glm-5.3,glm-5.3,True,
08c597939a7d597ad3b4:MiniMax-M3,MiniMax-M3,MiniMax-M3,True,
9d191896b84a86dfbced:glm-5.3,glm-5.3,glm-5.3,True,
d8a7c8faaea2e3473715:MiniMax-M3,MiniMax-M3,MiniMax-M3,True,
5ce14050045f7f44b32f:glm-5.3,glm-5.3,glm-5.3,True,
7bdae372d9cce08a9f63:deepseek-v4-pro,deepseek-v4-pro,deepseek-v4-pro,True,
4e46d3a35fb9eefcb3fa:MiniMax-M3,MiniMax-M3,MiniMax-M3,True,
30cba13c698e98fe2a07:MiniMax-M3,MiniMax-M3,MiniMax-M3,True,
877bb842d0a68cfdba0d:MiniMax-M3,MiniMax-M3,MiniMax-M3,True,
dc81b028d978160d8e21:glm-5.3,glm-5.3,glm-5.3,True,
2535252092b5a8a92ee9:MiniMax-M3,MiniMax-M3,MiniMax-M3,True,
e339fe1cc79c4e00ea43:glm-5.3,glm-5.3,glm-5.3,True,
26f86362588508ee7884:deepseek-v4-pro,deepseek-v4-pro,deepseek-v4-pro,True,
9eba1e38db699f2caa1c:MiniMax-M3,MiniMax-M3,MiniMax-M3,True,
34eac6616c6d983ffd76:glm-5.3,glm-5.3,glm-5.3,True,
d12f8ad4c8d78b416508:MiniMax-M3,MiniMax-M3,MiniMax-M3,True,
a8280c4073ddc27fee22:glm-5.3,glm-5.3,glm-5.3,True,
03d54308abcca6306c21:MiniMax-M3,MiniMax-M3,MiniMax-M3,True,
1f1c0fdb9ccc648ffb9b:glm-5.3,glm-5.3,glm-5.3,True,
04d8fa454838d491a471:glm-5.3,glm-5.3,glm-5.3,True,
647c27a6e83ace1b4204:glm-5.3,glm-5.3,glm-5.3,True,
45fd13ac9c127f52164b:MiniMax-M3,MiniMax-M3,MiniMax-M3,True,
26915b5edbb9dd0ef52a:MiniMax-M3,MiniMax-M3,MiniMax-M3,True,
0e74d9f5aedcf6af9e2e:glm-5.3,glm-5.3,glm-5.3,True,
98ada89e598c2806a77e:MiniMax-M3,MiniMax-M3,MiniMax-M3,True,
d88f206b833eaffaa71c:glm-5.3,glm-5.3,glm-5.3,True,
76b9efbc18115ab61ebc:MiniMax-M3,MiniMax-M3,MiniMax-M3,True,
7c2c39675c11f6acef01:MiniMax-M3,MiniMax-M3,MiniMax-M3,True,
faa3db8056354b0212d4:glm-5.3,glm-5.3,glm-5.3,True,
ca34b4376bbeb5b09b5d:MiniMax-M3,MiniMax-M3,MiniMax-M3,True,
adfe8801ac54de8e1e68:MiniMax-M3,MiniMax-M3,MiniMax-M3,True,
9773dafebb6443525bbc:glm-5.3,glm-5.3,glm-5.3,True,
bb1a4192b213e1016e04:glm-5.3,glm-5.3,glm-5.3,True,
b5bb6d41eb5f51188962:deepseek-v4-pro,deepseek-v4-pro,deepseek-v4-pro,True,
62749a6b1d48d3719fec:MiniMax-M3,MiniMax-M3,MiniMax-M3,True,
1af792a4b666503717d1:glm-5.3,glm-5.3,glm-5.3,True,
32dcc5236e717688767c:deepseek-v4-pro,deepseek-v4-pro,deepseek-v4-pro,True,
f0fe4425d1f8f7a420b9:glm-5.3,glm-5.3,glm-5.3,True,
a61a1c0513fa518352ef:deepseek-v4-pro,deepseek-v4-pro,deepseek-v4-pro,True,
e417f47104b435c97f92:glm-5.3,glm-5.3,glm-5.3,True,
bf195603ae195669e23e:MiniMax-M3,MiniMax-M3,MiniMax-M3,True,
2596cb1104098e4cedd3:deepseek-v4-pro,deepseek-v4-pro,deepseek-v4-pro,True,
283572a85dc7f260c823:glm-5.3,glm-5.3,glm-5.3,True,
61206db617fd285ff7df:glm-5.3,glm-5.3,glm-5.3,True,
b9f3a32119a7123ab345:deepseek-v4-pro,deepseek-v4-pro,deepseek-v4-pro,True,
3348fea3664325ab6365:deepseek-v4-pro,deepseek-v4-pro,deepseek-v4-pro,True,
50a16c31d64cbc962eec:MiniMax-M3,MiniMax-M3,MiniMax-M3,True,
5e94811e696d114fc3f5:MiniMax-M3,MiniMax-M3,MiniMax-M3,True,
bc4f623017c134224cdb:deepseek-v4-pro,deepseek-v4-pro,deepseek-v4-pro,True,
b9ea1906bab2b39d34b7:deepseek-v4-pro,deepseek-v4-pro,deepseek-v4-pro,True,
c82069d47ad6c8e71ec0:deepseek-v4-pro,deepseek-v4-pro,deepseek-v4-pro,True,
e7f6afea32f80117aed6:MiniMax-M3,MiniMax-M3,MiniMax-M3,True,
c1a7c77bd2ab8fa67276:deepseek-v4-pro,deepseek-v4-pro,deepseek-v4-pro,True,
55111445bc9620a0774a:MiniMax-M3,MiniMax-M3,MiniMax-M3,True,
6276278909aa2eb86d60:MiniMax-M3,MiniMax-M3,MiniMax-M3,True,
d444d32fcfc2aa98fa79:MiniMax-M3,MiniMax-M3,MiniMax-M3,True,
b7eb7c0126429ece350b:glm-5.3,glm-5.3,glm-5.3,True,
d780841b117c5c7f7106:deepseek-v4-pro,deepseek-v4-pro,deepseek-v4-pro,True,
1ab640a69ff695476451:deepseek-v4-pro,deepseek-v4-pro,deepseek-v4-pro,True,
5e1ad06bbd7cc71e1e76:glm-5.3,glm-5.3,glm-5.3,True,
32637cea64d51cf391f1:glm-5.3,glm-5.3,glm-5.3,True,
c8dda0e639d639fe41ee:MiniMax-M3,MiniMax-M3,MiniMax-M3,True,
c21eaffebb0020f7dd72:glm-5.3,glm-5.3,glm-5.3,True,
f481488f06a1451e58a3:MiniMax-M3,MiniMax-M3,MiniMax-M3,True,
5e94811e696d114fc3f5:deepseek-v4-pro,deepseek-v4-pro,deepseek-v4-pro,True,
6ce8c1ce33096d4ef8e3:MiniMax-M3,MiniMax-M3,MiniMax-M3,True,
52b1c0c575e67f7d89d4:glm-5.3,glm-5.3,glm-5.3,True,
1c2937c00b00d488e6b8:glm-5.3,glm-5.3,glm-5.3,True,
c9f8ffe3a6cb80a56e1c:glm-5.3,glm-5.3,glm-5.3,True,
d2fd20e6ae20032f16b5:glm-5.3,glm-5.3,glm-5.3,True,
b681375e28b28869095b:MiniMax-M3,MiniMax-M3,MiniMax-M3,True,
243d069fe1421cc03ac8:deepseek-v4-pro,deepseek-v4-pro,deepseek-v4-pro,True,
b6114995c3b4382d5ec6:glm-5.3,glm-5.3,glm-5.3,True,
dc52535185d6c1dfb4c3:MiniMax-M3,MiniMax-M3,MiniMax-M3,True,
5c55a3003579dcaef74a:MiniMax-M3,MiniMax-M3,MiniMax-M3,True,
823c860f82f073a4d31d:deepseek-v4-pro,deepseek-v4-pro,deepseek-v4-pro,True,
98c0f93a07f4ea9fffc0:MiniMax-M3,MiniMax-M3,MiniMax-M3,True,
50d9217b41b94ed86565:glm-5.3,glm-5.3,glm-5.3,True,
9d59f0b458c43f5becbd:deepseek-v4-pro,deepseek-v4-pro,deepseek-v4-pro,True,
01507ffd202a6815f36b:MiniMax-M3,MiniMax-M3,MiniMax-M3,True,
aaeb0f615de7447639bc:MiniMax-M3,MiniMax-M3,MiniMax-M3,True,
8b277372c1054a706c25:deepseek-v4-pro,deepseek-v4-pro,deepseek-v4-pro,True,
731e6d0b3a945829c43f:MiniMax-M3,MiniMax-M3,MiniMax-M3,True,
0f2d0fe3fbed6151798f:MiniMax-M3,MiniMax-M3,MiniMax-M3,True,
f999c031dd3fd4359ff7:MiniMax-M3,MiniMax-M3,MiniMax-M3,True,
27adaf80a4d23323a9ff:deepseek-v4-pro,deepseek-v4-pro,deepseek-v4-pro,True,
3d9653da0cc5e5197c16:glm-5.3,glm-5.3,glm-5.3,True,
816e2c0dd36d12b54b49:MiniMax-M3,MiniMax-M3,MiniMax-M3,True,
29eac96df40098f16e73:deepseek-v4-pro,deepseek-v4-pro,deepseek-v4-pro,True,
7216e0da74eed1534cd2:deepseek-v4-pro,deepseek-v4-pro,deepseek-v4-pro,True,
d2f78496d3b48b0a6c3a:MiniMax-M3,MiniMax-M3,MiniMax-M3,True,
4cb6ed7940e6fff3d855:MiniMax-M3,MiniMax-M3,MiniMax-M3,True,
f9a45d74959a76b5fab8:deepseek-v4-pro,deepseek-v4-pro,deepseek-v4-pro,True,
f27cfd5b904db4d7b8e4:glm-5.3,glm-5.3,glm-5.3,True,
ecbadba7c47eb94c9714:deepseek-v4-pro,deepseek-v4-pro,deepseek-v4-pro,True,
89429c91db139423d103:deepseek-v4-pro,deepseek-v4-pro,deepseek-v4-pro,True,
8d0e76a02740d02aa4c8:MiniMax-M3,MiniMax-M3,MiniMax-M3,True,
7ec10bc739f7f6100a21:glm-5.3,glm-5.3,glm-5.3,True,
fddc15713d9544eb2fd0:deepseek-v4-pro,deepseek-v4-pro,deepseek-v4-pro,True,
7e43cd3d8b8ac1cbe76b:deepseek-v4-pro,deepseek-v4-pro,deepseek-v4-pro,True,
e5cbb1aca2d160b60cbb:deepseek-v4-pro,deepseek-v4-pro,deepseek-v4-pro,True,
8644e8edb7e4a278c4d5:glm-5.3,glm-5.3,glm-5.3,True,
0bcefd317f7679de4474:MiniMax-M3,MiniMax-M3,MiniMax-M3,True,
3e108c8cbeed4ab0d97a:deepseek-v4-pro,deepseek-v4-pro,deepseek-v4-pro,True,
d108fbb2503ee3091767:MiniMax-M3,MiniMax-M3,MiniMax-M3,True,
607402601cee68915812:MiniMax-M3,MiniMax-M3,MiniMax-M3,True,
ba32ad3742e54e733b4b:glm-5.3,glm-5.3,glm-5.3,True,
faa3db8056354b0212d4:MiniMax-M3,MiniMax-M3,MiniMax-M3,True,
1047c913c401c19e2ff8:glm-5.3,glm-5.3,glm-5.3,True,
1ff53b80c21397f7fcdc:glm-5.3,glm-5.3,glm-5.3,True,
205bac4f8a94fbbb20a5:glm-5.3,glm-5.3,glm-5.3,True,
582440bae7b89af17d66:deepseek-v4-pro,deepseek-v4-pro,deepseek-v4-pro,True,
f2f9d332f1d7a126c3b9:glm-5.3,glm-5.3,glm-5.3,True,
d250e42dec0596a5fb2f:deepseek-v4-pro,deepseek-v4-pro,deepseek-v4-pro,True,
0db6e25404a22a973662:MiniMax-M3,MiniMax-M3,MiniMax-M3,True,
887faa1177442b33c133:deepseek-v4-pro,deepseek-v4-pro,deepseek-v4-pro,True,
56e8054a6f44eee623dd:MiniMax-M3,MiniMax-M3,MiniMax-M3,True,
bb67f7baaf6ce997014e:deepseek-v4-pro,deepseek-v4-pro,deepseek-v4-pro,True,
db227da31ee04ea45ff2:glm-5.3,glm-5.3,glm-5.3,True,
0e7bce6f19d3f96e712f:MiniMax-M3,MiniMax-M3,MiniMax-M3,True,
abba0b9849d0cb0f76e8:glm-5.3,glm-5.3,glm-5.3,True,
6be76afc0fb6f5963c7f:deepseek-v4-pro,deepseek-v4-pro,deepseek-v4-pro,True,
4b24d1d1c7399208ca65:deepseek-v4-pro,deepseek-v4-pro,deepseek-v4-pro,True,
7f38afaa1dcede9484c5:glm-5.3,glm-5.3,glm-5.3,True,
e8a3fcd7ccda21d68554:deepseek-v4-pro,deepseek-v4-pro,deepseek-v4-pro,True,
3d02f103204c37dc9ba6:deepseek-v4-pro,deepseek-v4-pro,deepseek-v4-pro,True,
beb4ada391c540d68088:glm-5.3,glm-5.3,glm-5.3,True,
f23436d0587ca623d799:deepseek-v4-pro,deepseek-v4-pro,deepseek-v4-pro,True,
a14a2ddf45528afde784:deepseek-v4-pro,deepseek-v4-pro,deepseek-v4-pro,True,
58e7bd0f0d62a82a5dc4:glm-5.3,glm-5.3,glm-5.3,True,
152062c9b5cdb6cbaac4:MiniMax-M3,MiniMax-M3,MiniMax-M3,True,
04f472a04f08b89f9008:deepseek-v4-pro,deepseek-v4-pro,deepseek-v4-pro,True,
4c66b13b9b108f984f5d:MiniMax-M3,MiniMax-M3,MiniMax-M3,True,
180cd2a70ae6fcdf2ac5:glm-5.3,glm-5.3,glm-5.3,True,
be959dae12f35158f775:MiniMax-M3,MiniMax-M3,MiniMax-M3,True,
8186191cb3ee3cf7a311:glm-5.3,glm-5.3,glm-5.3,True,
5f9addea07874bbef32d:glm-5.3,glm-5.3,glm-5.3,True,
4f640c1066c80e6bdfb8:deepseek-v4-pro,deepseek-v4-pro,deepseek-v4-pro,True,
3696d1fdd49ddfe97bb1:glm-5.3,glm-5.3,glm-5.3,True,
3e28db980343ea803311:MiniMax-M3,MiniMax-M3,MiniMax-M3,True,
6161aab8bc6cda87a2c3:glm-5.3,glm-5.3,glm-5.3,True,
59cbb6961b8ec0eeb352:deepseek-v4-pro,deepseek-v4-pro,deepseek-v4-pro,True,
a3f140e2053bb135c084:MiniMax-M3,MiniMax-M3,MiniMax-M3,True,
d88f206b833eaffaa71c:MiniMax-M3,MiniMax-M3,MiniMax-M3,True,
cbb57fb8854e183b63b7:glm-5.3,glm-5.3,glm-5.3,True,
92245ef650e76fd86ce8:MiniMax-M3,MiniMax-M3,MiniMax-M3,True,
835561b1f60c5bb1a2d5:deepseek-v4-pro,deepseek-v4-pro,deepseek-v4-pro,True,
307b619e11e248e809be:MiniMax-M3,MiniMax-M3,MiniMax-M3,True,
6bdea3b91cd98de7710e:MiniMax-M3,MiniMax-M3,MiniMax-M3,True,
bb9977fee48bc91bec2c:MiniMax-M3,MiniMax-M3,MiniMax-M3,True,
42fc8f0df4646059fb32:deepseek-v4-pro,deepseek-v4-pro,deepseek-v4-pro,True,
1998325a8d3ba6481b1b:MiniMax-M3,MiniMax-M3,MiniMax-M3,True,
914bc4de9d85f9cd4c9e:glm-5.3,glm-5.3,glm-5.3,True,
3027b2562d81021a9f48:glm-5.3,glm-5.3,glm-5.3,True,
2981bc1834415a2bcf51:MiniMax-M3,MiniMax-M3,MiniMax-M3,True,
1ec759ea78bf87ca0aa0:glm-5.3,glm-5.3,glm-5.3,True,
7c3aec33f89ac39d3ea9:MiniMax-M3,MiniMax-M3,MiniMax-M3,True,
a6fa2879db247b32b018:MiniMax-M3,MiniMax-M3,MiniMax-M3,True,
033cba11699a6343ae65:glm-5.3,glm-5.3,glm-5.3,True,
aafbe489e629759c239e:deepseek-v4-pro,deepseek-v4-pro,deepseek-v4-pro,True,
873e0088e834b4ac3a2f:glm-5.3,glm-5.3,glm-5.3,True,
972d9057f9fb36f17103:deepseek-v4-pro,deepseek-v4-pro,deepseek-v4-pro,True,
3b16497c197a636ddd51:glm-5.3,glm-5.3,glm-5.3,True,
6250c386f308ddd8b69b:MiniMax-M3,MiniMax-M3,MiniMax-M3,True,
023688084a38ec5d9412:glm-5.3,glm-5.3,glm-5.3,True,
9153ece2b0020abdfaf7:glm-5.3,glm-5.3,glm-5.3,True,
751e43aadc830420e394:glm-5.3,glm-5.3,glm-5.3,True,
c2f0823dd21eb58d0179:glm-5.3,glm-5.3,glm-5.3,True,
9c2831be66040c8aee80:deepseek-v4-pro,deepseek-v4-pro,deepseek-v4-pro,True,
a5e0753de4910f5a412c:glm-5.3,glm-5.3,glm-5.3,True,
d4e78f95f61626954378:deepseek-v4-pro,deepseek-v4-pro,deepseek-v4-pro,True,
09046a65bff5df9fc8fb:MiniMax-M3,MiniMax-M3,MiniMax-M3,True,
d215cd811e46af30d0d0:MiniMax-M3,MiniMax-M3,MiniMax-M3,True,
360796d708c045de8921:deepseek-v4-pro,deepseek-v4-pro,deepseek-v4-pro,True,
239e5a284453c0420ab7:deepseek-v4-pro,deepseek-v4-pro,deepseek-v4-pro,True,
b564ffc12d03258057ac:glm-5.3,glm-5.3,glm-5.3,True,
e141900481170104d394:glm-5.3,glm-5.3,glm-5.3,True,
4d398276ea8563550767:deepseek-v4-pro,deepseek-v4-pro,deepseek-v4-pro,True,
f6efccbeee0e71dd2aa2:deepseek-v4-pro,deepseek-v4-pro,deepseek-v4-pro,True,
28c838e91db8cde4780a:glm-5.3,glm-5.3,glm-5.3,True,
ce1d97eeca1f6e7efa8e:glm-5.3,glm-5.3,glm-5.3,True,
08fc917732e051f434d7:glm-5.3,glm-5.3,glm-5.3,True,
4fa85796f7182b79ee53:glm-5.3,glm-5.3,glm-5.3,True,
50d8635a6678e2b51f55:MiniMax-M3,MiniMax-M3,MiniMax-M3,True,
6fa8f9fdd29995c6862e:MiniMax-M3,MiniMax-M3,MiniMax-M3,True,
4a84937d79a816b5d14d:glm-5.3,glm-5.3,glm-5.3,True,
d9a3ce0095dcc1e42bf4:MiniMax-M3,MiniMax-M3,MiniMax-M3,True,
b1586101baae05b06641:glm-5.3,glm-5.3,glm-5.3,True,
fc6c69dcfa3efc27a4d8:glm-5.3,glm-5.3,glm-5.3,True,
b04a517eacf25e1a83dd:MiniMax-M3,MiniMax-M3,MiniMax-M3,True,
33adc9dff7a90e13cc33:glm-5.3,glm-5.3,glm-5.3,True,
f655da98f53f49d14f00:MiniMax-M3,MiniMax-M3,MiniMax-M3,True,
3462a5aa3d056f5f1af6:MiniMax-M3,MiniMax-M3,MiniMax-M3,True,
31abbb2187b22228c550:deepseek-v4-pro,deepseek-v4-pro,deepseek-v4-pro,True,
c7cdb59788478d4bcb16:MiniMax-M3,MiniMax-M3,MiniMax-M3,True,
315af5cc50175c3660e4:deepseek-v4-pro,deepseek-v4-pro,deepseek-v4-pro,True,
519d2bbc9279d4d50e9e:glm-5.3,glm-5.3,glm-5.3,True,
d95101e70bf8fa6d3a20:MiniMax-M3,MiniMax-M3,MiniMax-M3,True,
3a69f2535dae749329b4:glm-5.3,glm-5.3,glm-5.3,True,
50fa1fafedbb2961beab:glm-5.3,glm-5.3,glm-5.3,True,
66a470f320aaadbd13f3:MiniMax-M3,MiniMax-M3,MiniMax-M3,True,
b34a915c50afdedddd7a:deepseek-v4-pro,deepseek-v4-pro,deepseek-v4-pro,True,
016ea0ef46d351d52c72:MiniMax-M3,MiniMax-M3,MiniMax-M3,True,
ba972e45cbc861ef7be9:glm-5.3,glm-5.3,glm-5.3,True,
c018d41d626eb20e2d24:glm-5.3,glm-5.3,glm-5.3,True,
52905d9e5a70e82160c6:deepseek-v4-pro,deepseek-v4-pro,deepseek-v4-pro,True,
4f640c1066c80e6bdfb8:glm-5.3,glm-5.3,glm-5.3,True,
0cbc88cdf557baa663a3:MiniMax-M3,MiniMax-M3,MiniMax-M3,True,
7fd44eb3f286afbd051a:MiniMax-M3,MiniMax-M3,MiniMax-M3,True,
4fe839476600752a8774:glm-5.3,glm-5.3,glm-5.3,True,
91a0f490f1f62764ee90:glm-5.3,glm-5.3,glm-5.3,True,
168d771dd08b81b5c7bb:glm-5.3,glm-5.3,glm-5.3,True,
52e186c6f90b42386819:MiniMax-M3,MiniMax-M3,MiniMax-M3,True,
7fbb2f1500a195487c94:MiniMax-M3,MiniMax-M3,MiniMax-M3,True,
4cc8e4ecc6cfb1ae2742:MiniMax-M3,MiniMax-M3,MiniMax-M3,True,
e03e9095e3e6dd51dfa2:glm-5.3,glm-5.3,glm-5.3,True,
9094388993655a5d8cf5:MiniMax-M3,MiniMax-M3,MiniMax-M3,True,
37872e184a4cb201b4e3:MiniMax-M3,MiniMax-M3,MiniMax-M3,True,
